pen,subtype,rssi,snr,ipat,seq,heap,minheap,uptime,reconn,qpeak,udpfail,backlog,dropped,host_mac,pred_attack,pred_raw,calib,calib_thr,deauth_tgt,seq_jump,ap_bssid,channel,win_pkts,win_dens,gw_mac,gw_flip,label,attack_type,timestamp
45917,,-62,35,0,3307,63388,42708,7959473,0,99,8,0,0,14:33:5C:6D:AF:58,0,1,ARMED,112.0,0,1,80:02:9C:61:97:4B,11,5,947.9,80:02:9C:61:97:4A,0,0,NONE,2026-08-25T23:53:59.364434
45917,BEACON,-88,9,0,370,65172,42708,7960239,0,99,8,0,0,14:33:5C:6D:AF:58,0,0,ARMED,112.0,0,1,80:02:9C:61:97:4B,11,1,20.0,80:02:9C:61:97:4A,0,0,NONE,2026-08-25T23:54:00.130434
45917,,46,46,0,0,65172,42708,7960651,0,99,8,0,0,14:33:5C:6D:AF:58,0,0,ARMED,112.0,0,0,80:02:9C:61:97:4B,11,14,263.7,80:02:9C:61:97:4A,0,0,NONE,2026-08-25T23:54:00.542434
45917,,46,46,0,0,65172,42708,7960878,0,99,8,0,0,14:33:5C:6D:AF:58,0,0,ARMED,112.0,0,1,80:02:9C:61:97:4B,11,26,348.4,80:02:9C:61:97:4A,0,0,NONE,2026-08-25T23:54:00.766985
45917,,46,46,0,0,65172,42708,7961537,0,99,8,0,0,14:33:5C:6D:AF:58,0,0,ARMED,112.0,0,1,80:02:9C:61:97:4B,11,3,145.5,80:02:9C:61:97:4A,0,0,NONE,2026-08-25T23:54:01.425985
45917,BEACON,-61,36,0,3332,65172,42708,7961827,0,99,8,0,0,14:33:5C:6D:AF:58,0,0,ARMED,112.0,0,1,80:02:9C:61:97:4B,11,1,273.6,80:02:9C:61:97:4A,0,0,NONE,2026-08-25T23:54:01.715985
45917,,-62,35,554,2614,65172,42708,7962384,0,99,8,0,0,14:33:5C:6D:AF:58,0,0,ARMED,112.0,0,0,80:02:9C:61:97:4B,11,6,119.3,80:02:9C:61:97:4A,0,0,NONE,2026-08-25T23:54:02.272985
45917,BEACON,-62,35,0,3344,65172,42708,7962953,0,99,8,0,0,14:33:5C:6D:AF:58,0,0,ARMED,112.0,0,1,80:02:9C:61:97:4B,11,9,87.9,80:02:9C:61:97:4A,0,0,NONE,2026-08-25T23:54:02.841985
45917,BEACON,-63,34,0,3346,65172,42708,7963158,0,99,8,0,0,14:33:5C:6D:AF:58,0,1,ARMED,112.0,0,1,80:02:9C:61:97:4B,11,1,273.7,80:02:9C:61:97:4A,0,0,NONE,2026-08-25T23:54:03.046985
45917,,-61,36,292,2651,65172,42708,7963780,0,99,8,0,0,14:33:5C:6D:AF:58,0,0,ARMED,112.0,0,0,80:02:9C:61:97:4B,11,7,954.2,80:02:9C:61:97:4A,0,0,NONE,2026-08-25T23:54:03.668985
45917,,47,47,0,0,65172,42708,7964198,0,99,8,0,0,14:33:5C:6D:AF:58,0,0,ARMED,112.0,0,0,80:02:9C:61:97:4B,11,13,802.2,80:02:9C:61:97:4A,0,0,NONE,2026-08-25T23:54:04.086985
45917,,-61,36,89133,2657,65172,42708,7964526,0,99,8,0,0,14:33:5C:6D:AF:58,0,0,ARMED,112.0,0,1,80:02:9C:61:97:4B,11,2,54.4,80:02:9C:61:97:4A,0,0,NONE,2026-08-25T23:54:04.414985
45917,,50,50,0,0,65172,42708,7965071,0,99,8,0,0,14:33:5C:6D:AF:58,0,0,ARMED,112.0,0,1,80:02:9C:61:97:4B,11,3,43.3,80:02:9C:61:97:4A,0,0,NONE,2026-08-25T23:54:04.959985
45917,BEACON,-93,4,0,575,65172,42708,7965476,0,99,8,0,0,14:33:5C:6D:AF:58,0,1,ARMED,112.0,0,1,80:02:9C:61:97:4B,11,1,15.4,80:02:9C:61:97:4A,0,0,NONE,2026-08-25T23:54:05.364985
45917,,-59,38,292,2721,65172,42708,7965669,0,99,8,0,0,14:33:5C:6D:AF:58,0,0,ARMED,112.0,0,0,80:02:9C:61:97:4B,11,23,418.2,80:02:9C:61:97:4A,0,0,NONE,2026-08-25T23:54:05.557985
45917,BEACON,-86,11,0,2083,65172,42708,7966250,0,99,8,0,0,14:33:5C:6D:AF:58,0,0,ARMED,112.0,0,1,80:02:9C:61:97:4B,11,1,49.7,80:02:9C:61:97:4A,0,0,NONE,2026-08-25T23:54:06.138985
45917,BEACON,-96,1,0,2358,65172,42708,7967148,0,99,8,0,0,14:33:5C:6D:AF:58,0,0,ARMED,112.0,0,1,80:02:9C:61:97:4B,11,6,60.7,80:02:9C:61:97:4A,0,0,NONE,2026-08-25T23:54:07.036985
45917,,-64,33,292,2742,65172,42708,7967736,0,99,8,0,0,14:33:5C:6D:AF:58,0,0,ARMED,112.0,0,0,80:02:9C:61:97:4B,11,14,192.9,80:02:9C:61:97:4A,0,0,NONE,2026-08-25T23:54:07.624985
45917,BEACON,-66,31,465511,3400,65172,42708,7968381,0,99,8,0,0,14:33:5C:6D:AF:58,0,0,ARMED,112.0,0,1,80:02:9C:61:97:4B,11,7,68.4,80:02:9C:61:97:4A,0,0,NONE,2026-08-25T23:54:08.269985
45917,,-63,34,292,2754,65172,42708,7968924,0,99,8,0,0,14:33:5C:6D:AF:58,0,0,ARMED,112.0,0,0,80:02:9C:61:97:4B,11,12,383.6,80:02:9C:61:97:4A,0,0,NONE,2026-08-25T23:54:08.812985
45917,,-60,37,525,874,65172,42708,7968976,0,99,8,0,0,14:33:5C:6D:AF:58,0,0,ARMED,112.0,0,0,80:02:9C:61:97:4B,11,62,746.0,80:02:9C:61:97:4A,0,0,NONE,2026-08-25T23:54:08.864985
45917,BEACON,-85,12,77950,2506,65172,42708,7969646,0,99,8,0,0,14:33:5C:6D:AF:58,0,0,ARMED,112.0,0,1,80:02:9C:61:97:4B,11,1,27.4,80:02:9C:61:97:4A,0,0,NONE,2026-08-25T23:54:09.534985
45917,,50,50,0,0,65172,42708,7970365,0,99,8,0,0,14:33:5C:6D:AF:58,0,0,ARMED,112.0,0,0,80:02:9C:61:97:4B,11,3,78.0,80:02:9C:61:97:4A,0,0,NONE,2026-08-25T23:54:10.253985
45917,,51,51,0,0,65172,42708,7970767,0,99,8,0,0,14:33:5C:6D:AF:58,0,0,ARMED,112.0,0,0,80:02:9C:61:97:4B,11,18,568.4,80:02:9C:61:97:4A,0,0,NONE,2026-08-25T23:54:10.655985
45917,,36,36,0,0,65172,42708,7970980,0,99,8,0,0,14:33:5C:6D:AF:58,0,0,ARMED,112.0,0,0,80:02:9C:61:97:4B,11,9,228.2,80:02:9C:61:97:4A,0,0,NONE,2026-08-25T23:54:10.868985
45917,BEACON,-95,2,0,632,65172,42708,7971312,0,99,8,0,0,14:33:5C:6D:AF:58,0,0,ARMED,112.0,0,1,80:02:9C:61:97:4B,11,5,77.2,80:02:9C:61:97:4A,0,0,NONE,2026-08-25T23:54:11.200985
45917,BEACON,-96,1,0,636,65172,42708,7971732,0,99,8,0,0,14:33:5C:6D:AF:58,0,0,ARMED,112.0,0,1,80:02:9C:61:97:4B,11,27,363.6,80:02:9C:61:97:4A,0,0,NONE,2026-08-25T23:54:11.620985
45917,PROBE_RESP,-89,8,0,1739,65172,42708,7972383,0,99,8,0,0,14:33:5C:6D:AF:58,0,0,ARMED,112.0,0,1,80:02:9C:61:97:4B,11,1,117.9,80:02:9C:61:97:4A,0,0,NONE,2026-08-25T23:54:12.271985
45917,BEACON,-72,25,64,3443,65172,42708,7972477,0,99,8,0,0,14:33:5C:6D:AF:58,0,1,ARMED,112.0,0,1,80:02:9C:61:97:4B,11,51,498.0,80:02:9C:61:97:4A,0,0,NONE,2026-08-25T23:54:12.365985
45917,BEACON,-95,2,0,712,65172,42708,7973057,0,99,8,0,0,14:33:5C:6D:AF:58,0,0,ARMED,112.0,0,0,80:02:9C:61:97:4B,11,4,58.0,80:02:9C:61:97:4A,0,0,NONE,2026-08-25T23:54:12.945985
45917,BEACON,-96,1,0,653,65172,42708,7973463,0,99,8,0,0,14:33:5C:6D:AF:58,0,0,ARMED,112.0,0,1,80:02:9C:61:97:4B,11,3,46.3,80:02:9C:61:97:4A,0,0,NONE,2026-08-25T23:54:13.351985
45917,,36,36,0,0,65172,42708,7974095,0,99,8,0,0,14:33:5C:6D:AF:58,0,0,ARMED,112.0,0,0,80:02:9C:61:97:4B,11,10,120.9,80:02:9C:61:97:4A,0,0,NONE,2026-08-25T23:54:13.983985
45917,,50,50,0,0,65172,42708,7974201,0,99,8,0,0,14:33:5C:6D:AF:58,0,0,ARMED,112.0,0,0,80:02:9C:61:97:4B,11,37,438.8,80:02:9C:61:97:4A,0,0,NONE,2026-08-25T23:54:14.089985
45917,BEACON,-92,5,0,727,65172,42708,7974593,0,99,8,0,0,14:33:5C:6D:AF:58,0,0,ARMED,112.0,0,0,80:02:9C:61:97:4B,11,4,58.0,80:02:9C:61:97:4A,0,0,NONE,2026-08-25T23:54:14.481985
45917,BEACON,-90,7,0,515,65172,42708,7975087,0,99,8,0,0,14:33:5C:6D:AF:58,0,0,ARMED,112.0,0,1,80:02:9C:61:97:4B,11,3,60.0,80:02:9C:61:97:4A,0,0,NONE,2026-08-25T23:54:14.975985
45917,BEACON,-92,5,0,676,65172,42708,7975818,0,99,8,0,0,14:33:5C:6D:AF:58,0,0,ARMED,112.0,0,1,80:02:9C:61:97:4B,11,4,61.8,80:02:9C:61:97:4A,0,0,NONE,2026-08-25T23:54:15.706985
45917,,-62,35,292,2896,65172,42708,7975953,0,99,8,0,0,14:33:5C:6D:AF:58,0,1,ARMED,112.0,0,0,80:02:9C:61:97:4B,11,24,247.5,80:02:9C:61:97:4A,0,0,NONE,2026-08-25T23:54:15.841985
45917,MGMT_OTHER,-95,2,0,2950,65172,42708,7976729,0,99,8,0,0,14:33:5C:6D:AF:58,0,0,ARMED,112.0,0,1,80:02:9C:61:97:4B,11,8,147.3,80:02:9C:61:97:4A,0,0,NONE,2026-08-25T23:54:16.617985
45917,BEACON,-94,3,0,693,65172,42708,7977559,0,99,8,0,0,14:33:5C:6D:AF:58,0,0,ARMED,112.0,0,1,80:02:9C:61:97:4B,11,3,46.3,80:02:9C:61:97:4A,0,0,NONE,2026-08-25T23:54:17.447985
45917,BEACON,-93,4,0,699,65172,42708,7978173,0,99,8,0,0,14:33:5C:6D:AF:58,0,0,ARMED,112.0,0,1,80:02:9C:61:97:4B,11,4,61.8,80:02:9C:61:97:4A,0,0,NONE,2026-08-25T23:54:18.061985
45917,BEACON,-91,6,141009,551,65172,42708,7978773,0,99,8,0,0,14:33:5C:6D:AF:58,0,0,ARMED,112.0,0,1,80:02:9C:61:97:4B,11,4,80.0,80:02:9C:61:97:4A,0,0,NONE,2026-08-25T23:54:18.661985
45917,,49,49,0,0,65172,42708,7979183,0,99,8,0,0,14:33:5C:6D:AF:58,0,0,ARMED,112.0,0,1,80:02:9C:61:97:4B,11,6,119.3,80:02:9C:61:97:4A,0,0,NONE,2026-08-25T23:54:19.071985
45917,,-60,37,677,992,65172,42708,7979359,0,99,8,0,0,14:33:5C:6D:AF:58,0,0,ARMED,112.0,0,0,80:02:9C:61:97:4B,11,17,792.3,80:02:9C:61:97:4A,0,0,NONE,2026-08-25T23:54:19.247985
45917,,37,37,0,0,65172,42708,7979664,0,99,8,0,0,14:33:5C:6D:AF:58,0,1,ARMED,112.0,0,0,80:02:9C:61:97:4B,11,4,207.8,80:02:9C:61:97:4A,0,0,NONE,2026-08-25T23:54:19.552985
45917,BEACON,-75,22,62583,3527,65172,42708,7980361,0,99,8,0,0,14:33:5C:6D:AF:58,0,0,ARMED,112.0,0,1,80:02:9C:61:97:4B,11,5,48.8,80:02:9C:61:97:4A,0,0,NONE,2026-08-25T23:54:20.249985
45917,BEACON,-86,11,54,2618,65172,42708,7981123,0,99,8,0,0,14:33:5C:6D:AF:58,0,0,ARMED,112.0,0,1,80:02:9C:61:97:4B,11,4,89.8,80:02:9C:61:97:4A,0,0,NONE,2026-08-25T23:54:21.011985
45917,,-60,37,0,2961,62076,42708,7981763,0,99,8,0,0,14:33:5C:6D:AF:58,0,0,ARMED,112.0,0,0,80:02:9C:61:97:4B,11,8,114.0,80:02:9C:61:97:4A,0,0,NONE,2026-08-25T23:54:21.651985
45917,BEACON,-87,10,0,2630,65172,42708,7982343,0,99,8,0,0,14:33:5C:6D:AF:58,0,0,ARMED,112.0,0,1,80:02:9C:61:97:4B,11,3,82.4,80:02:9C:61:97:4A,0,0,NONE,2026-08-25T23:54:22.231985
45917,BEACON,-90,7,0,592,65172,42708,7982971,0,99,8,0,0,14:33:5C:6D:AF:58,0,0,ARMED,112.0,0,1,80:02:9C:61:97:4B,11,17,339.9,80:02:9C:61:97:4A,0,0,NONE,2026-08-25T23:54:22.859985
45917,BEACON,-83,14,0,2638,65172,42708,7983162,0,99,8,0,0,14:33:5C:6D:AF:58,0,0,ARMED,112.0,0,1,80:02:9C:61:97:4B,11,2,54.8,80:02:9C:61:97:4A,0,0,NONE,2026-08-25T23:54:23.050985
45917,BEACON,-83,14,56961,2646,65172,42708,7983982,0,99,8,0,0,14:33:5C:6D:AF:58,0,0,ARMED,112.0,0,1,80:02:9C:61:97:4B,11,1,27.4,80:02:9C:61:97:4A,0,0,NONE,2026-08-25T23:54:23.870985
45917,,34,34,0,0,65172,42708,7984438,0,99,8,0,0,14:33:5C:6D:AF:58,0,0,ARMED,112.0,0,1,80:02:9C:61:97:4B,11,10,119.8,80:02:9C:61:97:4A,0,0,NONE,2026-08-25T23:54:24.326985
45917,BEACON,-95,2,0,2172,65172,42708,7984850,0,99,8,0,0,14:33:5C:6D:AF:58,0,0,ARMED,112.0,0,1,80:02:9C:61:97:4B,11,10,112.0,80:02:9C:61:97:4A,0,0,NONE,2026-08-25T23:54:24.738985
45917,,-49,48,0,774,65172,42708,7985167,0,99,8,0,0,14:33:5C:6D:AF:58,0,0,ARMED,112.0,0,1,80:02:9C:61:97:4B,11,23,233.9,80:02:9C:61:97:4A,0,0,NONE,2026-08-25T23:54:25.055985
45917,,35,35,0,0,65172,42708,7985746,0,99,8,0,0,14:33:5C:6D:AF:58,0,0,ARMED,112.0,0,0,80:02:9C:61:97:4B,11,4,168.2,80:02:9C:61:97:4A,0,0,NONE,2026-08-25T23:54:25.634985
45917,BEACON,-95,2,0,2184,65172,42708,7986076,0,99,8,0,0,14:33:5C:6D:AF:58,0,0,ARMED,112.0,0,1,80:02:9C:61:97:4B,11,4,85.5,80:02:9C:61:97:4A,0,0,NONE,2026-08-25T23:54:25.964985
45917,,-61,36,292,3053,65172,42708,7986332,0,99,8,0,0,14:33:5C:6D:AF:58,0,0,ARMED,112.0,0,0,80:02:9C:61:97:4B,11,34,347.3,80:02:9C:61:97:4A,0,0,NONE,2026-08-25T23:54:26.220985
45917,BEACON,-92,5,0,848,65172,42708,7986984,0,99,8,0,0,14:33:5C:6D:AF:58,0,0,ARMED,112.0,0,0,80:02:9C:61:97:4B,11,1,232.8,80:02:9C:61:97:4A,0,0,NONE,2026-08-25T23:54:26.872985
45917,,-61,36,291,3066,65172,42708,7987401,0,99,8,0,0,14:33:5C:6D:AF:58,0,0,ARMED,112.0,0,0,80:02:9C:61:97:4B,11,9,118.2,80:02:9C:61:97:4A,0,0,NONE,2026-08-25T23:54:27.289985
45917,BEACON,-66,31,0,3608,65172,42708,7987837,0,99,8,0,0,14:33:5C:6D:AF:58,0,0,ARMED,112.0,0,1,80:02:9C:61:97:4B,11,7,68.4,80:02:9C:61:97:4A,0,0,NONE,2026-08-25T23:54:27.725985
45917,BEACON,-67,30,0,3616,65172,42708,7988349,0,99,8,0,0,14:33:5C:6D:AF:58,0,0,ARMED,112.0,0,1,80:02:9C:61:97:4B,11,10,97.3,80:02:9C:61:97:4A,0,0,NONE,2026-08-25T23:54:28.237985
45917,BEACON,-94,3,0,867,65172,42708,7988929,0,99,8,0,0,14:33:5C:6D:AF:58,0,0,ARMED,112.0,0,0,80:02:9C:61:97:4B,11,6,86.9,80:02:9C:61:97:4A,0,0,NONE,2026-08-25T23:54:28.817985
45917,,33,33,0,0,65172,42708,7989438,0,99,8,0,0,14:33:5C:6D:AF:58,0,0,ARMED,112.0,0,0,80:02:9C:61:97:4B,11,20,306.2,80:02:9C:61:97:4A,0,0,NONE,2026-08-25T23:54:29.326985
45917,,-63,34,0,1094,65172,42708,7989771,0,99,8,0,0,14:33:5C:6D:AF:58,0,0,ARMED,112.0,0,0,80:02:9C:61:97:4B,11,24,261.6,80:02:9C:61:97:4A,0,0,NONE,2026-08-25T23:54:29.659985
45917,BEACON,-86,11,0,2705,65172,42708,7990023,0,99,8,0,0,14:33:5C:6D:AF:58,0,1,ARMED,112.0,0,1,80:02:9C:61:97:4B,11,29,214.3,80:02:9C:61:97:4A,0,0,NONE,2026-08-25T23:54:29.911985
45917,,33,33,0,0,65172,42708,7990734,0,99,8,0,0,14:33:5C:6D:AF:58,0,0,ARMED,112.0,0,0,80:02:9C:61:97:4B,11,8,84.1,80:02:9C:61:97:4A,0,0,NONE,2026-08-25T23:54:30.622985
45917,BEACON,-96,1,0,2235,65172,42708,7991299,0,99,8,0,0,14:33:5C:6D:AF:58,0,0,ARMED,112.0,0,1,80:02:9C:61:97:4B,11,7,57.9,80:02:9C:61:97:4A,0,0,NONE,2026-08-25T23:54:31.187985
45917,,-64,33,1037,1115,65172,42708,7991951,0,99,8,0,0,14:33:5C:6D:AF:58,0,0,ARMED,112.0,0,1,80:02:9C:61:97:4B,11,18,993.7,80:02:9C:61:97:4A,0,0,NONE,2026-08-25T23:54:31.839985
45917,BEACON,-87,10,0,2730,65172,42708,7992583,0,99,8,0,0,14:33:5C:6D:AF:58,0,0,ARMED,112.0,0,1,80:02:9C:61:97:4B,11,1,27.4,80:02:9C:61:97:4A,0,0,NONE,2026-08-25T23:54:32.471985
45917,BEACON,-95,2,0,907,65172,42708,7993025,0,99,8,0,0,14:33:5C:6D:AF:58,0,0,ARMED,112.0,0,0,80:02:9C:61:97:4B,11,25,344.8,80:02:9C:61:97:4A,0,0,NONE,2026-08-25T23:54:32.913985
45917,,-59,38,454,1136,65172,42708,7993355,0,99,8,0,0,14:33:5C:6D:AF:58,0,0,ARMED,112.0,0,0,80:02:9C:61:97:4B,11,33,362.6,80:02:9C:61:97:4A,0,0,NONE,2026-08-25T23:54:33.243985
45917,BEACON,-86,11,0,2743,65172,42708,7993915,0,99,8,0,0,14:33:5C:6D:AF:58,0,0,ARMED,112.0,0,1,80:02:9C:61:97:4B,11,1,27.4,80:02:9C:61:97:4A,0,0,NONE,2026-08-25T23:54:33.803985
45917,BEACON,-94,3,0,921,65172,42708,7994459,0,99,8,0,0,14:33:5C:6D:AF:58,0,0,ARMED,112.0,0,0,80:02:9C:61:97:4B,11,4,57.9,80:02:9C:61:97:4A,0,0,NONE,2026-08-25T23:54:34.347985
45917,,47,47,0,0,65172,42708,7995288,0,99,8,0,0,14:33:5C:6D:AF:58,0,0,ARMED,112.0,0,0,80:02:9C:61:97:4B,11,7,88.6,80:02:9C:61:97:4A,0,0,NONE,2026-08-25T23:54:35.176985
45917,BEACON,-91,6,0,718,65172,42708,7995874,0,99,8,0,0,14:33:5C:6D:AF:58,0,0,ARMED,112.0,0,1,80:02:9C:61:97:4B,11,1,20.0,80:02:9C:61:97:4A,0,0,NONE,2026-08-25T23:54:35.762985
45917,,-59,38,419,1167,65172,42708,7996662,0,99,8,0,0,14:33:5C:6D:AF:58,0,0,ARMED,112.0,0,1,80:02:9C:61:97:4B,11,16,814.2,80:02:9C:61:97:4A,0,0,NONE,2026-08-25T23:54:36.550985
45917,,-59,38,894,1182,65172,42708,7996718,0,99,8,0,0,14:33:5C:6D:AF:58,0,0,ARMED,112.0,0,0,80:02:9C:61:97:4B,11,66,875.6,80:02:9C:61:97:4A,0,0,NONE,2026-08-25T23:54:36.606985
45917,,37,37,0,0,65172,42708,7997009,0,99,8,0,0,14:33:5C:6D:AF:58,0,0,ARMED,112.0,0,0,80:02:9C:61:97:4B,11,28,476.4,80:02:9C:61:97:4A,0,0,NONE,2026-08-25T23:54:36.897985
45917,,45,45,0,0,65172,42708,7997296,0,99,8,0,0,14:33:5C:6D:AF:58,0,0,ARMED,112.0,0,1,80:02:9C:61:97:4B,11,1,25.8,80:02:9C:61:97:4A,0,0,NONE,2026-08-25T23:54:37.184985
45917,BEACON,-84,13,0,2783,65172,42708,7998011,0,99,8,0,0,14:33:5C:6D:AF:58,0,0,ARMED,112.0,0,1,80:02:9C:61:97:4B,11,1,27.4,80:02:9C:61:97:4A,0,0,NONE,2026-08-25T23:54:37.899985
45917,BEACON,-95,2,0,899,65172,42708,7998653,0,99,8,0,0,14:33:5C:6D:AF:58,0,0,ARMED,112.0,0,1,80:02:9C:61:97:4B,11,3,46.3,80:02:9C:61:97:4A,0,0,NONE,2026-08-25T23:54:38.541985
45917,,36,36,0,0,65172,42708,7999096,0,99,8,0,0,14:33:5C:6D:AF:58,0,0,ARMED,112.0,0,1,80:02:9C:61:97:4B,11,7,71.5,80:02:9C:61:97:4A,0,0,NONE,2026-08-25T23:54:38.984985
45917,BEACON,-94,3,0,972,65172,42708,7999681,0,99,8,0,0,14:33:5C:6D:AF:58,0,0,ARMED,112.0,0,1,80:02:9C:61:97:4B,11,3,29.3,80:02:9C:61:97:4A,0,0,NONE,2026-08-25T23:54:39.569985
45917,BEACON,-98,-1,0,2680,65172,42708,8000121,0,99,8,0,0,14:33:5C:6D:AF:58,0,0,ARMED,112.0,0,1,80:02:9C:61:97:4B,11,11,111.1,80:02:9C:61:97:4A,0,0,NONE,2026-08-25T23:54:40.009985
45917,BEACON,-96,1,0,2323,65172,42708,8000313,0,99,8,0,0,14:33:5C:6D:AF:58,0,1,ARMED,112.0,0,1,80:02:9C:61:97:4B,11,3,60.7,80:02:9C:61:97:4A,0,0,NONE,2026-08-25T23:54:40.201985
45917,BEACON,-89,8,0,2810,65172,42708,8000775,0,99,8,0,0,14:33:5C:6D:AF:58,0,0,ARMED,112.0,0,1,80:02:9C:61:97:4B,11,7,94.4,80:02:9C:61:97:4A,0,0,NONE,2026-08-25T23:54:40.663985
45917,BEACON,-65,32,0,3754,65172,42708,8001251,0,99,8,0,0,14:33:5C:6D:AF:58,0,0,ARMED,112.0,0,1,80:02:9C:61:97:4B,11,2,104.0,80:02:9C:61:97:4A,0,0,NONE,2026-08-25T23:54:41.139985
45917,BEACON,-93,4,0,993,65172,42708,8001832,0,99,8,0,0,14:33:5C:6D:AF:58,0,0,ARMED,112.0,0,0,80:02:9C:61:97:4B,11,5,72.4,80:02:9C:61:97:4A,0,0,NONE,2026-08-25T23:54:41.720985
45917,,45,45,0,0,65172,42708,8002281,0,99,8,0,0,14:33:5C:6D:AF:58,0,0,ARMED,112.0,0,0,80:02:9C:61:97:4B,11,5,563.8,80:02:9C:61:97:4A,0,0,NONE,2026-08-25T23:54:42.169985
45917,,-58,39,3355,3307,65172,42708,8002355,0,99,8,0,0,14:33:5C:6D:AF:58,0,0,ARMED,112.0,0,1,80:02:9C:61:97:4B,11,55,669.9,80:02:9C:61:97:4A,0,0,NONE,2026-08-25T23:54:42.243985
45917,BEACON,-94,3,0,3212,65172,42708,8002528,0,99,8,0,0,14:33:5C:6D:AF:58,0,1,ARMED,112.0,0,1,80:02:9C:61:97:4B,11,13,246.2,80:02:9C:61:97:4A,0,0,NONE,2026-08-25T23:54:42.416985
45917,BEACON,-96,1,82,2346,65172,42708,8002665,0,99,8,0,0,14:33:5C:6D:AF:58,0,0,ARMED,112.0,0,1,80:02:9C:61:97:4B,11,37,426.8,80:02:9C:61:97:4A,0,0,NONE,2026-08-25T23:54:42.553985
45917,,43,43,0,0,65172,42708,8002746,0,99,8,0,0,14:33:5C:6D:AF:58,0,1,ARMED,112.0,0,0,80:02:9C:61:97:4B,11,49,758.2,80:02:9C:61:97:4A,0,0,NONE,2026-08-25T23:54:42.634985
45917,,37,37,0,0,65172,42708,8002916,0,99,8,0,0,14:33:5C:6D:AF:58,0,1,ARMED,112.0,0,1,80:02:9C:61:97:4B,11,3,113.1,80:02:9C:61:97:4A,0,0,NONE,2026-08-25T23:54:42.804985
45917,,37,37,0,0,65172,42708,8003068,0,99,8,0,0,14:33:5C:6D:AF:58,0,1,ARMED,112.0,0,0,80:02:9C:61:97:4B,11,22,287.1,80:02:9C:61:97:4A,0,0,NONE,2026-08-25T23:54:42.956985
45917,,40,40,0,0,65172,42708,8003372,0,99,8,0,0,14:33:5C:6D:AF:58,0,0,ARMED,112.0,0,0,80:02:9C:61:97:4B,11,16,218.1,80:02:9C:61:97:4A,0,0,NONE,2026-08-25T23:54:43.260985
45917,,-53,44,12047,735,65172,42708,8003575,0,99,8,0,0,14:33:5C:6D:AF:58,0,0,ARMED,112.0,0,1,80:02:9C:61:97:4B,11,29,404.1,80:02:9C:61:97:4A,0,0,NONE,2026-08-25T23:54:43.463985
45917,,43,43,0,0,65172,42708,8003660,0,99,8,0,0,14:33:5C:6D:AF:58,0,1,ARMED,112.0,0,0,80:02:9C:61:97:4B,11,30,551.2,80:02:9C:61:97:4A,0,0,NONE,2026-08-25T23:54:43.548985
45917,BEACON,-70,27,0,3780,65172,42708,8003710,0,99,8,0,0,14:33:5C:6D:AF:58,0,1,ARMED,112.0,0,1,80:02:9C:61:97:4B,11,80,773.4,80:02:9C:61:97:4A,0,0,NONE,2026-08-25T23:54:43.598985
45917,,-60,37,0,3354,65172,42708,8003749,0,99,8,0,0,14:33:5C:6D:AF:58,0,1,ARMED,112.0,0,0,80:02:9C:61:97:4B,11,50,1267.8,80:02:9C:61:97:4A,0,0,NONE,2026-08-25T23:54:43.637985
45917,BEACON,-95,2,82,1013,65172,42708,8003880,0,99,8,0,0,14:33:5C:6D:AF:58,0,1,ARMED,112.0,0,1,80:02:9C:61:97:4B,11,15,217.0,80:02:9C:61:97:4A,0,0,NONE,2026-08-25T23:54:43.768985
45917,,37,37,0,0,65172,42708,8004193,0,99,8,0,0,14:33:5C:6D:AF:58,0,0,ARMED,112.0,0,0,80:02:9C:61:97:4B,11,24,320.4,80:02:9C:61:97:4A,0,0,NONE,2026-08-25T23:54:44.081985
45917,BEACON,-95,2,0,2723,65172,42708,8004524,0,99,8,0,0,14:33:5C:6D:AF:58,0,0,ARMED,112.0,0,1,80:02:9C:61:97:4B,11,5,50.5,80:02:9C:61:97:4A,0,0,NONE,2026-08-25T23:54:44.412985
45917,,42,42,0,0,65172,42708,8005107,0,99,8,0,0,14:33:5C:6D:AF:58,0,0,ARMED,112.0,0,0,80:02:9C:61:97:4B,11,11,162.5,80:02:9C:61:97:4A,0,0,NONE,2026-08-25T23:54:44.995985
45917,BEACON,-93,4,0,965,65156,42708,8005412,0,99,8,0,0,14:33:5C:6D:AF:58,0,0,ARMED,112.0,0,1,80:02:9C:61:97:4B,11,5,77.0,80:02:9C:61:97:4A,0,0,NONE,2026-08-25T23:54:45.300985
45917,,-53,44,1399,786,65172,42708,8005778,0,99,8,0,0,14:33:5C:6D:AF:58,0,0,ARMED,112.0,0,1,80:02:9C:61:97:4B,11,22,923.3,80:02:9C:61:97:4A,0,0,NONE,2026-08-25T23:54:45.666985
45917,,43,43,0,0,65172,42708,8005856,0,99,8,0,0,14:33:5C:6D:AF:58,0,1,ARMED,112.0,0,0,80:02:9C:61:97:4B,11,3,3000.0,80:02:9C:61:97:4A,0,0,NONE,2026-08-25T23:54:45.744985
45917,,37,37,0,0,65172,42708,8005938,0,99,8,0,0,14:33:5C:6D:AF:58,0,1,ARMED,112.0,0,0,80:02:9C:61:97:4B,11,53,644.8,80:02:9C:61:97:4A,0,0,NONE,2026-08-25T23:54:45.826985
45917,BEACON,-95,2,82,971,65172,42708,8006026,0,99,8,0,0,14:33:5C:6D:AF:58,0,1,ARMED,112.0,0,1,80:02:9C:61:97:4B,11,49,776.5,80:02:9C:61:97:4A,0,0,NONE,2026-08-25T23:54:45.914985
45917,BEACON,-89,8,82,2096,65172,42708,8006387,0,99,8,0,0,14:33:5C:6D:AF:58,0,0,ARMED,112.0,0,1,80:02:9C:61:97:4B,11,2,121.6,80:02:9C:61:97:4A,0,0,NONE,2026-08-25T23:54:46.275985
45917,PROBE_RESP,-67,30,0,3812,65172,42708,8006671,0,99,8,0,0,14:33:5C:6D:AF:58,0,0,ARMED,112.0,0,1,80:02:9C:61:97:4B,11,11,111.0,80:02:9C:61:97:4A,0,0,NONE,2026-08-25T23:54:46.559985
45917,BEACON,-67,30,226,3817,65172,42708,8007089,0,99,8,0,0,14:33:5C:6D:AF:58,0,0,ARMED,112.0,0,1,80:02:9C:61:97:4B,11,11,2341.4,80:02:9C:61:97:4A,0,0,NONE,2026-08-25T23:54:46.977985
45917,,47,47,0,0,65172,42708,8007362,0,99,8,0,0,14:33:5C:6D:AF:58,0,0,ARMED,112.0,0,1,80:02:9C:61:97:4B,11,11,158.0,80:02:9C:61:97:4A,0,0,NONE,2026-08-25T23:54:47.250985
45917,,39,39,0,0,65172,42708,8007781,0,99,8,0,0,14:33:5C:6D:AF:58,0,0,ARMED,112.0,0,0,80:02:9C:61:97:4B,11,24,302.9,80:02:9C:61:97:4A,0,0,NONE,2026-08-25T23:54:47.669985
45917,,43,43,0,0,65172,42708,8007925,0,99,8,0,0,14:33:5C:6D:AF:58,0,1,ARMED,112.0,0,0,80:02:9C:61:97:4B,11,8,430.4,80:02:9C:61:97:4A,0,0,NONE,2026-08-25T23:54:47.813985
45917,BEACON,-91,6,0,2883,65172,42708,8008250,0,99,8,0,0,14:33:5C:6D:AF:58,0,0,ARMED,112.0,0,1,80:02:9C:61:97:4B,11,6,155.4,80:02:9C:61:97:4A,0,0,NONE,2026-08-25T23:54:48.138985
45917,BEACON,-94,3,0,3271,65172,42708,8008575,0,99,8,0,0,14:33:5C:6D:AF:58,0,0,ARMED,112.0,0,1,80:02:9C:61:97:4B,11,3,55.1,80:02:9C:61:97:4A,0,0,NONE,2026-08-25T23:54:48.463985
45917,BEACON,-93,4,0,2408,65172,42708,8009014,0,99,8,0,0,14:33:5C:6D:AF:58,0,0,ARMED,112.0,0,1,80:02:9C:61:97:4B,11,18,215.8,80:02:9C:61:97:4A,0,0,NONE,2026-08-25T23:54:48.902985
45917,,-60,37,708,3423,65172,42708,8009675,0,99,8,0,0,14:33:5C:6D:AF:58,0,0,ARMED,112.0,0,0,80:02:9C:61:97:4B,11,7,74.7,80:02:9C:61:97:4A,0,0,NONE,2026-08-25T23:54:49.563985
45917,BEACON,-93,4,0,1012,65172,42708,8010225,0,99,8,0,0,14:33:5C:6D:AF:58,0,0,ARMED,112.0,0,1,80:02:9C:61:97:4B,11,5,50.8,80:02:9C:61:97:4A,0,0,NONE,2026-08-25T23:54:50.113985
45917,,-60,37,292,3448,65172,42708,8010590,0,99,8,0,0,14:33:5C:6D:AF:58,0,0,ARMED,112.0,0,0,80:02:9C:61:97:4B,11,11,494.3,80:02:9C:61:97:4A,0,0,NONE,2026-08-25T23:54:50.478985
45917,,36,36,0,0,65172,42708,8010819,0,99,8,0,0,14:33:5C:6D:AF:58,0,0,ARMED,112.0,0,1,80:02:9C:61:97:4B,11,6,131.8,80:02:9C:61:97:4A,0,0,NONE,2026-08-25T23:54:50.707985
45917,BEACON,-94,3,0,1024,65172,42708,8011453,0,99,8,0,0,14:33:5C:6D:AF:58,0,0,ARMED,112.0,0,1,80:02:9C:61:97:4B,11,4,61.7,80:02:9C:61:97:4A,0,0,NONE,2026-08-25T23:54:51.341985
45917,,46,46,0,0,65172,42708,8012239,0,99,8,0,0,14:33:5C:6D:AF:58,0,0,ARMED,112.0,0,1,80:02:9C:61:97:4B,11,1,31.6,80:02:9C:61:97:4A,0,0,NONE,2026-08-25T23:54:52.127985
45917,,36,36,0,0,65172,42708,8012313,0,99,8,0,0,14:33:5C:6D:AF:58,0,1,ARMED,112.0,0,0,80:02:9C:61:97:4B,11,5,1671.7,80:02:9C:61:97:4A,0,0,NONE,2026-08-25T23:54:52.201985
45917,,-60,37,0,1352,65172,42708,8012590,0,99,8,0,0,14:33:5C:6D:AF:58,0,0,ARMED,112.0,0,0,80:02:9C:61:97:4B,11,23,305.2,80:02:9C:61:97:4A,0,0,NONE,2026-08-25T23:54:52.478985
45917,BEACON,-69,28,0,3880,65172,42708,8013129,0,99,8,0,0,14:33:5C:6D:AF:58,0,0,ARMED,112.0,0,1,80:02:9C:61:97:4B,11,7,68.3,80:02:9C:61:97:4A,0,0,NONE,2026-08-25T23:54:53.017985
45917,BEACON,-66,31,16218,3884,65172,42708,8013539,0,99,8,0,0,14:33:5C:6D:AF:58,0,1,ARMED,112.0,0,1,80:02:9C:61:97:4B,11,30,293.1,80:02:9C:61:97:4A,0,0,NONE,2026-08-25T23:54:53.427985
45917,,-60,37,2962,1366,65172,42708,8014088,0,99,8,0,0,14:33:5C:6D:AF:58,0,0,ARMED,112.0,0,1,80:02:9C:61:97:4B,11,15,406.3,80:02:9C:61:97:4A,0,0,NONE,2026-08-25T23:54:53.976985
45917,,36,36,0,0,65172,42708,8014190,0,99,8,0,0,14:33:5C:6D:AF:58,0,1,ARMED,112.0,0,1,80:02:9C:61:97:4B,11,36,977.3,80:02:9C:61:97:4A,0,0,NONE,2026-08-25T23:54:54.078985
45917,,-60,37,292,3511,65172,42708,8014295,0,99,8,0,0,14:33:5C:6D:AF:58,0,1,ARMED,112.0,0,0,80:02:9C:61:97:4B,11,24,577.1,80:02:9C:61:97:4A,0,0,NONE,2026-08-25T23:54:54.183985
45917,BEACON,-96,1,0,3332,65172,42708,8014611,0,99,8,0,0,14:33:5C:6D:AF:58,0,0,ARMED,112.0,0,1,80:02:9C:61:97:4B,11,2,41.6,80:02:9C:61:97:4A,0,0,NONE,2026-08-25T23:54:54.499985
45917,,-60,37,301,3531,65172,42708,8015108,0,99,8,0,0,14:33:5C:6D:AF:58,0,0,ARMED,112.0,0,0,80:02:9C:61:97:4B,11,18,534.4,80:02:9C:61:97:4A,0,0,NONE,2026-08-25T23:54:54.996985
45917,BEACON,-67,30,0,3907,65172,42708,8015689,0,99,8,0,0,14:33:5C:6D:AF:58,0,0,ARMED,112.0,0,1,80:02:9C:61:97:4B,11,4,39.1,80:02:9C:61:97:4A,0,0,NONE,2026-08-25T23:54:55.577985
45917,BEACON,-96,1,0,1135,65172,42708,8016373,0,99,8,0,0,14:33:5C:6D:AF:58,0,0,ARMED,112.0,0,1,80:02:9C:61:97:4B,11,2,61.4,80:02:9C:61:97:4A,0,0,NONE,2026-08-25T23:54:56.261985
45917,BEACON,-94,3,0,1077,65172,42708,8016880,0,99,8,0,0,14:33:5C:6D:AF:58,0,0,ARMED,112.0,0,1,80:02:9C:61:97:4B,11,2,70.3,80:02:9C:61:97:4A,0,0,NONE,2026-08-25T23:54:56.768985
45917,,-61,36,0,3554,63488,42708,8017482,0,99,8,0,0,14:33:5C:6D:AF:58,0,0,ARMED,112.0,0,0,80:02:9C:61:97:4B,11,8,2947.7,80:02:9C:61:97:4A,0,0,NONE,2026-08-25T23:54:57.370985
45917,BEACON,-87,10,53,2974,65172,42708,8017569,0,99,8,0,0,14:33:5C:6D:AF:58,0,0,ARMED,112.0,0,1,80:02:9C:61:97:4B,11,58,649.6,80:02:9C:61:97:4A,0,0,NONE,2026-08-25T23:54:57.457985
45917,,47,47,0,0,65172,42708,8018193,0,99,8,0,0,14:33:5C:6D:AF:58,0,0,ARMED,112.0,0,0,80:02:9C:61:97:4B,11,8,100.4,80:02:9C:61:97:4A,0,0,NONE,2026-08-25T23:54:58.081985
45917,BEACON,-88,9,0,2627,65172,42708,8018474,0,99,8,0,0,14:33:5C:6D:AF:58,0,0,ARMED,112.0,0,1,80:02:9C:61:97:4B,11,3,55.9,80:02:9C:61:97:4A,0,0,NONE,2026-08-25T23:54:58.362985
45917,,-56,41,166,855,65172,42708,8018934,0,99,8,0,0,14:33:5C:6D:AF:58,0,0,ARMED,112.0,0,0,80:02:9C:61:97:4B,11,13,186.2,80:02:9C:61:97:4A,0,0,NONE,2026-08-25T23:54:58.822985
45917,BEACON,-94,3,0,1102,65172,42708,8019440,0,99,8,0,0,14:33:5C:6D:AF:58,0,0,ARMED,112.0,0,1,80:02:9C:61:97:4B,11,8,123.1,80:02:9C:61:97:4A,0,0,NONE,2026-08-25T23:54:59.328985
45917,,46,46,0,0,65172,42708,8019701,0,99,8,0,0,14:33:5C:6D:AF:58,0,1,ARMED,112.0,0,0,80:02:9C:61:97:4B,11,11,705.0,80:02:9C:61:97:4A,0,0,NONE,2026-08-25T23:54:59.589985
45917,,35,35,0,0,65172,42708,8019744,0,99,8,0,0,14:33:5C:6D:AF:58,0,1,ARMED,112.0,0,0,80:02:9C:61:97:4B,11,61,1043.5,80:02:9C:61:97:4A,0,0,NONE,2026-08-25T23:54:59.632985
45917,BEACON,-66,31,0,3951,65172,42708,8019888,0,99,8,0,0,14:33:5C:6D:AF:58,0,1,ARMED,112.0,0,1,80:02:9C:61:97:4B,11,41,407.0,80:02:9C:61:97:4A,0,0,NONE,2026-08-25T23:54:59.776985
45917,PROBE_REQ,-97,0,0,20,65172,42708,8020338,0,99,8,0,0,14:33:5C:6D:AF:58,0,0,ARMED,112.0,0,1,80:02:9C:61:97:4B,11,2,48.3,80:02:9C:61:97:4A,0,0,NONE,2026-08-25T23:55:00.226985
45917,BEACON,-87,10,0,1791,65172,42708,8020833,0,99,8,0,0,14:33:5C:6D:AF:58,0,0,ARMED,112.0,0,1,80:02:9C:61:97:4B,11,1,41.1,80:02:9C:61:97:4A,0,0,NONE,2026-08-25T23:55:00.721985
45917,,-60,37,2812,1444,65172,42708,8020984,0,99,8,0,0,14:33:5C:6D:AF:58,0,0,ARMED,112.0,0,1,80:02:9C:61:97:4B,11,26,359.2,80:02:9C:61:97:4A,0,0,NONE,2026-08-25T23:55:00.872985
45917,BEACON,-96,1,222391,2530,65172,42708,8021507,0,99,8,0,0,14:33:5C:6D:AF:58,0,0,ARMED,112.0,0,1,80:02:9C:61:97:4B,11,5,60.0,80:02:9C:61:97:4A,0,0,NONE,2026-08-25T23:55:01.395985
45917,BEACON,-96,1,0,2897,65172,42708,8022342,0,99,8,0,0,14:33:5C:6D:AF:58,0,0,ARMED,112.0,0,1,80:02:9C:61:97:4B,11,5,50.4,80:02:9C:61:97:4A,0,0,NONE,2026-08-25T23:55:02.230985
45917,,-88,9,5305,1504,65172,42708,8022787,0,99,8,0,0,14:33:5C:6D:AF:58,0,0,ARMED,112.0,0,1,80:02:9C:61:97:4B,11,10,102.0,80:02:9C:61:97:4A,0,0,NONE,2026-08-25T23:55:02.675985
45917,BEACON,-66,31,0,3989,65172,42708,8023471,0,99,8,0,0,14:33:5C:6D:AF:58,0,0,ARMED,112.0,0,1,80:02:9C:61:97:4B,11,6,113.9,80:02:9C:61:97:4A,0,0,NONE,2026-08-25T23:55:03.359985
45917,BEACON,-89,8,0,992,65172,42708,8023931,0,99,8,0,0,14:33:5C:6D:AF:58,0,0,ARMED,112.0,0,1,80:02:9C:61:97:4B,11,5,48.8,80:02:9C:61:97:4A,0,0,NONE,2026-08-25T23:55:03.819985
45917,BEACON,-96,1,0,1151,65172,42708,8024458,0,99,8,0,0,14:33:5C:6D:AF:58,0,0,ARMED,112.0,0,1,80:02:9C:61:97:4B,11,1,65.6,80:02:9C:61:97:4A,0,0,NONE,2026-08-25T23:55:04.346985
45917,,-62,35,1076,1485,65172,42708,8024572,0,99,8,0,0,14:33:5C:6D:AF:58,0,1,ARMED,112.0,0,0,80:02:9C:61:97:4B,11,21,785.9,80:02:9C:61:97:4A,0,0,NONE,2026-08-25T23:55:04.460985
45917,,43,43,0,0,65172,42708,8024804,0,99,8,0,0,14:33:5C:6D:AF:58,0,0,ARMED,112.0,0,1,80:02:9C:61:97:4B,11,9,162.8,80:02:9C:61:97:4A,0,0,NONE,2026-08-25T23:55:04.692985
45917,BEACON,-95,2,0,1225,65172,42708,8025589,0,99,8,0,0,14:33:5C:6D:AF:58,0,0,ARMED,112.0,0,0,80:02:9C:61:97:4B,11,1,234.5,80:02:9C:61:97:4A,0,0,NONE,2026-08-25T23:55:05.477985
45917,BEACON,-94,3,0,1230,65172,42708,8026101,0,99,8,0,0,14:33:5C:6D:AF:58,0,0,ARMED,112.0,0,0,80:02:9C:61:97:4B,11,1,234.1,80:02:9C:61:97:4A,0,0,NONE,2026-08-25T23:55:05.989985
45917,,-58,39,301,3705,65156,42708,8026651,0,99,8,0,0,14:33:5C:6D:AF:58,0,0,ARMED,112.0,0,0,80:02:9C:61:97:4B,11,14,328.6,80:02:9C:61:97:4A,0,0,NONE,2026-08-25T23:55:06.539985
45917,,36,36,0,0,65172,42708,8027202,0,99,8,0,0,14:33:5C:6D:AF:58,0,0,ARMED,112.0,0,0,80:02:9C:61:97:4B,11,6,73.8,80:02:9C:61:97:4A,0,0,NONE,2026-08-25T23:55:07.090985
45917,BEACON,-87,10,0,3074,65172,42708,8027809,0,99,8,0,0,14:33:5C:6D:AF:58,0,0,ARMED,112.0,0,1,80:02:9C:61:97:4B,11,6,81.0,80:02:9C:61:97:4A,0,0,NONE,2026-08-25T23:55:07.697985
45917,,-60,37,0,1512,65172,42708,8028007,0,99,8,0,0,14:33:5C:6D:AF:58,0,0,ARMED,112.0,0,0,80:02:9C:61:97:4B,11,20,295.2,80:02:9C:61:97:4A,0,0,NONE,2026-08-25T23:55:07.895985
45917,,35,35,0,0,65172,42708,8028267,0,99,8,0,0,14:33:5C:6D:AF:58,0,0,ARMED,112.0,0,1,80:02:9C:61:97:4B,11,2,96.3,80:02:9C:61:97:4A,0,0,NONE,2026-08-25T23:55:08.155985
45917,,-58,39,296,3748,65172,42708,8028807,0,99,8,0,0,14:33:5C:6D:AF:58,0,0,ARMED,112.0,0,0,80:02:9C:61:97:4B,11,9,185.7,80:02:9C:61:97:4A,0,0,NONE,2026-08-25T23:55:08.695985
45917,BEACON,-87,10,82,3086,65172,42708,8029038,0,99,8,0,0,14:33:5C:6D:AF:58,0,0,ARMED,112.0,0,1,80:02:9C:61:97:4B,11,8,108.0,80:02:9C:61:97:4A,0,0,NONE,2026-08-25T23:55:08.926985
45917,BEACON,-96,1,0,2966,65172,42708,8029407,0,99,8,0,0,14:33:5C:6D:AF:58,0,0,ARMED,112.0,0,1,80:02:9C:61:97:4B,11,3,87.6,80:02:9C:61:97:4A,0,0,NONE,2026-08-25T23:55:09.295985
45917,BEACON,-87,10,0,3094,65172,42708,8029857,0,99,8,0,0,14:33:5C:6D:AF:58,0,0,ARMED,112.0,0,1,80:02:9C:61:97:4B,11,11,148.5,80:02:9C:61:97:4A,0,0,NONE,2026-08-25T23:55:09.745985
45917,,36,36,0,489,64936,42708,8030333,0,99,8,0,0,14:33:5C:6D:AF:58,0,0,ARMED,112.0,0,1,80:02:9C:61:97:4B,11,9,234.2,80:02:9C:61:97:4A,0,0,NONE,2026-08-25T23:55:10.221985
45917,BEACON,-89,8,0,1059,65172,42708,8030792,0,99,8,0,0,14:33:5C:6D:AF:58,0,0,ARMED,112.0,0,1,80:02:9C:61:97:4B,11,7,80.3,80:02:9C:61:97:4A,0,0,NONE,2026-08-25T23:55:10.680985
45917,,-58,39,292,3802,65168,42708,8031367,0,99,8,0,0,14:33:5C:6D:AF:58,0,0,ARMED,112.0,0,0,80:02:9C:61:97:4B,11,13,268.6,80:02:9C:61:97:4A,0,0,NONE,2026-08-25T23:55:11.255985
45917,BEACON,-94,3,0,2987,65172,42708,8031558,0,99,8,0,0,14:33:5C:6D:AF:58,0,0,ARMED,112.0,0,1,80:02:9C:61:97:4B,11,2,58.4,80:02:9C:61:97:4A,0,0,NONE,2026-08-25T23:55:11.446985
45917,PROBE_RESP,-66,31,0,4080,65172,42708,8032028,0,99,8,0,0,14:33:5C:6D:AF:58,0,0,ARMED,112.0,0,0,80:02:9C:61:97:4B,11,23,243.0,80:02:9C:61:97:4A,0,0,NONE,2026-08-25T23:55:11.916985
45917,,-87,10,0,2474,65172,42708,8032728,0,99,8,0,0,14:33:5C:6D:AF:58,0,0,ARMED,112.0,0,0,80:02:9C:61:97:4B,11,3,74.5,80:02:9C:61:97:4A,0,0,NONE,2026-08-25T23:55:12.616985
45917,PROBE_RESP,-85,12,0,2477,65172,42708,8033359,0,99,8,0,0,14:33:5C:6D:AF:58,0,0,ARMED,112.0,0,1,80:02:9C:61:97:4B,11,7,121.6,80:02:9C:61:97:4A,0,0,NONE,2026-08-25T23:55:13.247985
45917,BEACON,-64,33,0,2,65172,42708,8033711,0,99,8,0,0,14:33:5C:6D:AF:58,0,1,ARMED,112.0,0,1,80:02:9C:61:97:4B,11,1,300.1,80:02:9C:61:97:4A,0,0,NONE,2026-08-25T23:55:13.599985
45917,BEACON,-89,8,0,1093,65172,42708,8034273,0,99,8,0,0,14:33:5C:6D:AF:58,0,0,ARMED,112.0,0,1,80:02:9C:61:97:4B,11,2,40.2,80:02:9C:61:97:4A,0,0,NONE,2026-08-25T23:55:14.161985
45917,,50,50,0,0,65172,42708,8034620,0,99,8,0,0,14:33:5C:6D:AF:58,0,0,ARMED,112.0,0,0,80:02:9C:61:97:4B,11,29,323.5,80:02:9C:61:97:4A,0,0,NONE,2026-08-25T23:55:14.508985
45917,,-58,39,501,3858,65172,42708,8034865,0,99,8,0,0,14:33:5C:6D:AF:58,0,0,ARMED,112.0,0,0,80:02:9C:61:97:4B,11,25,921.3,80:02:9C:61:97:4A,0,0,NONE,2026-08-25T23:55:14.753985
45917,BEACON,-90,7,52,2376,65172,42708,8035059,0,99,8,0,0,14:33:5C:6D:AF:58,0,0,ARMED,112.0,0,1,80:02:9C:61:97:4B,11,3,180.8,80:02:9C:61:97:4A,0,0,NONE,2026-08-25T23:55:14.947985
45917,BEACON,-93,4,0,2669,65172,42708,8035740,0,99,8,0,0,14:33:5C:6D:AF:58,0,0,ARMED,112.0,0,1,80:02:9C:61:97:4B,11,6,71.9,80:02:9C:61:97:4A,0,0,NONE,2026-08-25T23:55:15.628985
45917,,-51,46,97742,872,65172,42708,8036182,0,99,8,0,0,14:33:5C:6D:AF:58,0,1,ARMED,112.0,0,1,80:02:9C:61:97:4B,11,29,262.6,80:02:9C:61:97:4A,0,0,NONE,2026-08-25T23:55:16.070985
45917,BEACON,-90,7,0,1334,65172,42708,8036751,0,99,8,0,0,14:33:5C:6D:AF:58,0,0,ARMED,112.0,0,0,80:02:9C:61:97:4B,11,4,120.6,80:02:9C:61:97:4A,0,0,NONE,2026-08-25T23:55:16.639985
45917,PROBE_RESP,-93,4,0,171,65172,42708,8037293,0,99,8,0,0,14:33:5C:6D:AF:58,0,0,ARMED,112.0,0,1,80:02:9C:61:97:4B,11,7,111.1,80:02:9C:61:97:4A,0,0,NONE,2026-08-25T23:55:17.181985
45917,PROBE_RESP,-89,8,0,1769,65172,42708,8037667,0,99,8,0,0,14:33:5C:6D:AF:58,0,0,ARMED,112.0,0,1,80:02:9C:61:97:4B,11,4,145.7,80:02:9C:61:97:4A,0,0,NONE,2026-08-25T23:55:17.555985
45917,BEACON,-68,29,0,50,65172,42708,8038116,0,99,8,0,0,14:33:5C:6D:AF:58,0,0,ARMED,112.0,0,1,80:02:9C:61:97:4B,11,18,265.8,80:02:9C:61:97:4A,0,0,NONE,2026-08-25T23:55:18.004985
45917,,-58,39,0,3926,65172,42708,8038370,0,99,8,0,0,14:33:5C:6D:AF:58,0,0,ARMED,112.0,0,0,80:02:9C:61:97:4B,11,13,897.5,80:02:9C:61:97:4A,0,0,NONE,2026-08-25T23:55:18.258985
45917,,36,36,0,0,65172,42708,8038620,0,99,8,0,0,14:33:5C:6D:AF:58,0,0,ARMED,112.0,0,0,80:02:9C:61:97:4B,11,8,134.6,80:02:9C:61:97:4A,0,0,NONE,2026-08-25T23:55:18.508985
45917,,51,51,0,0,65172,42708,8039067,0,99,8,0,0,14:33:5C:6D:AF:58,0,0,ARMED,112.0,0,0,80:02:9C:61:97:4B,11,8,82.4,80:02:9C:61:97:4A,0,0,NONE,2026-08-25T23:55:18.955985
45917,BEACON,-65,32,0,66,65172,42708,8039651,0,99,8,0,0,14:33:5C:6D:AF:58,0,0,ARMED,112.0,0,1,80:02:9C:61:97:4B,11,3,80.0,80:02:9C:61:97:4A,0,0,NONE,2026-08-25T23:55:19.539985
45917,,36,36,0,0,65172,42708,8040084,0,99,8,0,0,14:33:5C:6D:AF:58,0,0,ARMED,112.0,0,1,80:02:9C:61:97:4B,11,9,147.3,80:02:9C:61:97:4A,0,0,NONE,2026-08-25T23:55:19.972985
45917,,-58,39,0,3946,65172,42708,8040555,0,99,8,0,0,14:33:5C:6D:AF:58,0,0,ARMED,112.0,0,0,80:02:9C:61:97:4B,11,5,252.5,80:02:9C:61:97:4A,0,0,NONE,2026-08-25T23:55:20.443985
45917,BEACON,-95,2,0,1314,65172,42708,8041149,0,99,8,0,0,14:33:5C:6D:AF:58,0,0,ARMED,112.0,0,1,80:02:9C:61:97:4B,11,6,59.1,80:02:9C:61:97:4A,0,0,NONE,2026-08-25T23:55:21.037985
45917,BEACON,-86,11,0,3209,65172,42708,8041633,0,99,8,0,0,14:33:5C:6D:AF:58,0,0,ARMED,112.0,0,1,80:02:9C:61:97:4B,11,5,72.7,80:02:9C:61:97:4A,0,0,NONE,2026-08-25T23:55:21.521985
45917,,-58,39,292,3991,65172,42708,8041755,0,99,8,0,0,14:33:5C:6D:AF:58,0,0,ARMED,112.0,0,0,80:02:9C:61:97:4B,11,46,510.9,80:02:9C:61:97:4A,0,0,NONE,2026-08-25T23:55:21.643985
45917,BEACON,-95,2,0,3091,65172,42708,8042207,0,99,8,0,0,14:33:5C:6D:AF:58,0,0,ARMED,112.0,0,1,80:02:9C:61:97:4B,11,12,117.2,80:02:9C:61:97:4A,0,0,NONE,2026-08-25T23:55:22.095985
45917,BEACON,-96,1,0,1330,65172,42708,8042788,0,99,8,0,0,14:33:5C:6D:AF:58,0,0,ARMED,112.0,0,1,80:02:9C:61:97:4B,11,6,87.9,80:02:9C:61:97:4A,0,0,NONE,2026-08-25T23:55:22.676985
45917,BEACON,-95,2,0,1400,65172,42708,8043509,0,99,8,0,0,14:33:5C:6D:AF:58,0,0,ARMED,112.0,0,0,80:02:9C:61:97:4B,11,4,57.7,80:02:9C:61:97:4A,0,0,NONE,2026-08-25T23:55:23.397985
45917,BEACON,-65,32,0,113,65172,42708,8044054,0,99,8,0,0,14:33:5C:6D:AF:58,0,0,ARMED,112.0,0,1,80:02:9C:61:97:4B,11,8,78.1,80:02:9C:61:97:4A,0,0,NONE,2026-08-25T23:55:23.942985
45917,,-58,39,428,4012,65172,42708,8044586,0,99,8,0,0,14:33:5C:6D:AF:58,0,0,ARMED,112.0,0,0,80:02:9C:61:97:4B,11,6,299.8,80:02:9C:61:97:4A,0,0,NONE,2026-08-25T23:55:24.474985
45917,,36,36,0,0,65172,42708,8045012,0,99,8,0,0,14:33:5C:6D:AF:58,0,0,ARMED,112.0,0,1,80:02:9C:61:97:4B,11,6,162.3,80:02:9C:61:97:4A,0,0,NONE,2026-08-25T23:55:24.900985
45917,,-58,39,292,4034,65172,42708,8045360,0,99,8,0,0,14:33:5C:6D:AF:58,0,0,ARMED,112.0,0,0,80:02:9C:61:97:4B,11,28,360.0,80:02:9C:61:97:4A,0,0,NONE,2026-08-25T23:55:25.248985
45917,,-58,39,0,4053,65172,42708,8045744,0,99,8,0,0,14:33:5C:6D:AF:58,0,0,ARMED,112.0,0,0,80:02:9C:61:97:4B,11,7,134.7,80:02:9C:61:97:4A,0,0,NONE,2026-08-25T23:55:25.632985
45917,BEACON,-68,29,0,135,65172,42708,8046204,0,99,8,0,0,14:33:5C:6D:AF:58,0,0,ARMED,112.0,0,1,80:02:9C:61:97:4B,11,7,68.3,80:02:9C:61:97:4A,0,0,NONE,2026-08-25T23:55:26.092985
45917,BEACON,-64,33,0,143,65172,42708,8046921,0,99,8,0,0,14:33:5C:6D:AF:58,0,0,ARMED,112.0,0,1,80:02:9C:61:97:4B,11,7,66.3,80:02:9C:61:97:4A,0,0,NONE,2026-08-25T23:55:26.809985
45917,BEACON,-67,30,0,147,65172,42708,8047331,0,99,8,0,0,14:33:5C:6D:AF:58,0,0,ARMED,112.0,0,1,80:02:9C:61:97:4B,11,6,58.6,80:02:9C:61:97:4A,0,0,NONE,2026-08-25T23:55:27.219985
45917,BEACON,-96,1,0,3663,65172,42708,8047789,0,99,8,0,0,14:33:5C:6D:AF:58,0,0,ARMED,112.0,0,1,80:02:9C:61:97:4B,11,2,41.0,80:02:9C:61:97:4A,0,0,NONE,2026-08-25T23:55:27.677985
45917,BEACON,-89,8,0,1231,65172,42708,8048404,0,99,8,0,0,14:33:5C:6D:AF:58,0,0,ARMED,112.0,0,1,80:02:9C:61:97:4B,11,2,40.3,80:02:9C:61:97:4A,0,0,NONE,2026-08-25T23:55:28.292985
45917,,-59,38,1224,4075,65172,42708,8048733,0,99,8,0,0,14:33:5C:6D:AF:58,0,0,ARMED,112.0,0,0,80:02:9C:61:97:4B,11,16,217.3,80:02:9C:61:97:4A,0,0,NONE,2026-08-25T23:55:28.621985
45917,BEACON,-89,8,64,1235,65172,42708,8048814,0,99,8,0,0,14:33:5C:6D:AF:58,0,0,ARMED,112.0,0,1,80:02:9C:61:97:4B,11,49,954.0,80:02:9C:61:97:4A,0,0,NONE,2026-08-25T23:55:28.702985
45917,BEACON,-90,7,0,1241,65172,42708,8049428,0,99,8,0,0,14:33:5C:6D:AF:58,0,0,ARMED,112.0,0,1,80:02:9C:61:97:4B,11,3,56.8,80:02:9C:61:97:4A,0,0,NONE,2026-08-25T23:55:29.316985
45917,BEACON,-67,30,0,174,65172,42708,8049686,0,99,8,0,0,14:33:5C:6D:AF:58,0,0,ARMED,112.0,0,1,80:02:9C:61:97:4B,11,9,87.9,80:02:9C:61:97:4A,0,0,NONE,2026-08-25T23:55:29.574985
45917,BEACON,-96,1,0,1402,65172,42708,8050160,0,99,8,0,0,14:33:5C:6D:AF:58,0,0,ARMED,112.0,0,1,80:02:9C:61:97:4B,11,6,92.2,80:02:9C:61:97:4A,0,0,NONE,2026-08-25T23:55:30.048985
45917,,-58,39,0,19,65172,42708,8050689,0,99,8,0,0,14:33:5C:6D:AF:58,0,0,ARMED,112.0,0,0,80:02:9C:61:97:4B,11,15,177.0,80:02:9C:61:97:4A,0,0,NONE,2026-08-25T23:55:30.577985
45917,BEACON,-66,31,0,188,65172,42708,8051119,0,99,8,0,0,14:33:5C:6D:AF:58,0,0,ARMED,112.0,0,1,80:02:9C:61:97:4B,11,1,310.1,80:02:9C:61:97:4A,0,0,NONE,2026-08-25T23:55:31.007985
45917,,-58,39,0,31,65172,42708,8051633,0,99,8,0,0,14:33:5C:6D:AF:58,0,0,ARMED,112.0,0,0,80:02:9C:61:97:4B,11,7,1340.5,80:02:9C:61:97:4A,0,0,NONE,2026-08-25T23:55:31.521985
45917,BEACON,-90,7,0,1269,65172,42708,8052295,0,99,8,0,0,14:33:5C:6D:AF:58,0,0,ARMED,112.0,0,1,80:02:9C:61:97:4B,11,2,40.3,80:02:9C:61:97:4A,0,0,NONE,2026-08-25T23:55:32.183985
45917,,-58,39,292,68,65172,42708,8052450,0,99,8,0,0,14:33:5C:6D:AF:58,0,0,ARMED,112.0,0,0,80:02:9C:61:97:4B,11,7,3325.4,80:02:9C:61:97:4A,0,0,NONE,2026-08-25T23:55:32.338985
45917,BEACON,-96,1,0,3196,65172,42708,8052959,0,99,8,0,0,14:33:5C:6D:AF:58,0,0,ARMED,112.0,0,1,80:02:9C:61:97:4B,11,7,70.5,80:02:9C:61:97:4A,0,0,NONE,2026-08-25T23:55:32.847985
45917,BEACON,-95,2,0,1435,65172,42708,8053540,0,99,8,0,0,14:33:5C:6D:AF:58,0,0,ARMED,112.0,0,1,80:02:9C:61:97:4B,11,2,70.3,80:02:9C:61:97:4A,0,0,NONE,2026-08-25T23:55:33.428985
45917,BEACON,-95,2,0,2849,65172,42708,8054176,0,99,8,0,0,14:33:5C:6D:AF:58,0,0,ARMED,112.0,0,1,80:02:9C:61:97:4B,11,5,95.7,80:02:9C:61:97:4A,0,0,NONE,2026-08-25T23:55:34.064985
45917,,-58,39,0,84,63764,42708,8054638,0,99,8,0,0,14:33:5C:6D:AF:58,0,0,ARMED,112.0,0,0,80:02:9C:61:97:4B,11,2,1958.9,80:02:9C:61:97:4A,0,0,NONE,2026-08-25T23:55:34.526985
45917,BEACON,-96,1,0,1451,65172,42708,8055178,0,99,8,0,0,14:33:5C:6D:AF:58,0,0,ARMED,112.0,0,1,80:02:9C:61:97:4B,11,2,70.3,80:02:9C:61:97:4A,0,0,NONE,2026-08-25T23:55:35.066985
45917,,36,36,0,0,65172,42708,8055715,0,99,8,0,0,14:33:5C:6D:AF:58,0,0,ARMED,112.0,0,1,80:02:9C:61:97:4B,11,5,92.7,80:02:9C:61:97:4A,0,0,NONE,2026-08-25T23:55:35.603985
45917,,-58,39,300,111,65172,42708,8055811,0,99,8,0,0,14:33:5C:6D:AF:58,0,0,ARMED,112.0,0,1,80:02:9C:61:97:4B,11,41,871.5,80:02:9C:61:97:4A,0,0,NONE,2026-08-25T23:55:35.699985
45917,BEACON,-85,12,0,3353,65172,42708,8056378,0,99,8,0,0,14:33:5C:6D:AF:58,0,0,ARMED,112.0,0,1,80:02:9C:61:97:4B,11,5,48.8,80:02:9C:61:97:4A,0,0,NONE,2026-08-25T23:55:36.266985
45917,BEACON,-94,3,0,1470,65172,42708,8057124,0,99,8,0,0,14:33:5C:6D:AF:58,0,0,ARMED,112.0,0,1,80:02:9C:61:97:4B,11,2,70.5,80:02:9C:61:97:4A,0,0,NONE,2026-08-25T23:55:37.012985
45917,,-58,39,292,131,65172,42708,8057589,0,99,8,0,0,14:33:5C:6D:AF:58,0,0,ARMED,112.0,0,0,80:02:9C:61:97:4B,11,14,165.7,80:02:9C:61:97:4A,0,0,NONE,2026-08-25T23:55:37.477985
45917,BEACON,-89,8,0,1326,65172,42708,8058132,0,99,8,0,0,14:33:5C:6D:AF:58,0,0,ARMED,112.0,0,1,80:02:9C:61:97:4B,11,1,77.2,80:02:9C:61:97:4A,0,0,NONE,2026-08-25T23:55:38.020985
45917,BEACON,-95,2,0,3250,65172,42708,8058489,0,99,8,0,0,14:33:5C:6D:AF:58,0,0,ARMED,112.0,0,1,80:02:9C:61:97:4B,11,7,111.8,80:02:9C:61:97:4A,0,0,NONE,2026-08-25T23:55:38.377985
45917,BEACON,-95,2,0,2897,65172,42708,8059088,0,99,8,0,0,14:33:5C:6D:AF:58,0,0,ARMED,112.0,0,1,80:02:9C:61:97:4B,11,3,88.2,80:02:9C:61:97:4A,0,0,NONE,2026-08-25T23:55:38.976985
45917,,-59,38,0,171,63488,42708,8059335,0,99,8,0,0,14:33:5C:6D:AF:58,0,0,ARMED,112.0,0,0,80:02:9C:61:97:4B,11,12,156.6,80:02:9C:61:97:4A,0,0,NONE,2026-08-25T23:55:39.223985
45917,BEACON,-95,2,0,1495,65172,42708,8059684,0,99,8,0,0,14:33:5C:6D:AF:58,0,0,ARMED,112.0,0,1,80:02:9C:61:97:4B,11,1,64.3,80:02:9C:61:97:4A,0,0,NONE,2026-08-25T23:55:39.572985
45917,BEACON,-94,3,0,1564,65172,42708,8060302,0,99,8,0,0,14:33:5C:6D:AF:58,0,0,ARMED,112.0,0,0,80:02:9C:61:97:4B,11,7,68.4,80:02:9C:61:97:4A,0,0,NONE,2026-08-25T23:55:40.190985
45917,BEACON,-71,26,0,293,65172,42708,8060847,0,99,8,0,0,14:33:5C:6D:AF:58,0,0,ARMED,112.0,0,1,80:02:9C:61:97:4B,11,3,90.5,80:02:9C:61:97:4A,0,0,NONE,2026-08-25T23:55:40.735985
45917,,36,36,0,0,65172,42708,8061375,0,99,8,0,0,14:33:5C:6D:AF:58,0,0,ARMED,112.0,0,0,80:02:9C:61:97:4B,11,11,314.1,80:02:9C:61:97:4A,0,0,NONE,2026-08-25T23:55:41.263985
45917,BEACON,-94,3,35870,1514,65172,42708,8061629,0,99,8,0,0,14:33:5C:6D:AF:58,0,1,ARMED,112.0,0,1,80:02:9C:61:97:4B,11,5,59.5,80:02:9C:61:97:4A,0,0,NONE,2026-08-25T23:55:41.517985
45917,BEACON,-87,10,0,3411,65172,42708,8062319,0,99,8,0,0,14:33:5C:6D:AF:58,0,0,ARMED,112.0,0,1,80:02:9C:61:97:4B,11,4,70.2,80:02:9C:61:97:4A,0,0,NONE,2026-08-25T23:55:42.207985
45917,,-58,39,292,221,65172,42708,8062561,0,99,8,0,0,14:33:5C:6D:AF:58,0,0,ARMED,112.0,0,0,80:02:9C:61:97:4B,11,34,359.5,80:02:9C:61:97:4A,0,0,NONE,2026-08-25T23:55:42.449985
45917,BEACON,-90,7,0,1371,65172,42708,8062740,0,99,8,0,0,14:33:5C:6D:AF:58,0,1,ARMED,112.0,0,1,80:02:9C:61:97:4B,11,10,189.6,80:02:9C:61:97:4A,0,0,NONE,2026-08-25T23:55:42.628985
45917,BEACON,-87,10,0,3422,65172,42708,8063444,0,99,8,0,0,14:33:5C:6D:AF:58,0,0,ARMED,112.0,0,1,80:02:9C:61:97:4B,11,1,27.2,80:02:9C:61:97:4A,0,0,NONE,2026-08-25T23:55:43.332985
45917,PROBE_REQ,-94,3,0,21,65172,42708,8063991,0,99,8,0,0,14:33:5C:6D:AF:58,0,0,ARMED,112.0,0,0,80:02:9C:61:97:4B,11,7,93.2,80:02:9C:61:97:4A,0,0,NONE,2026-08-25T23:55:43.879985
45917,,-59,38,0,247,65172,42708,8064586,0,99,8,0,0,14:33:5C:6D:AF:58,0,0,ARMED,112.0,0,0,80:02:9C:61:97:4B,11,9,172.7,80:02:9C:61:97:4A,0,0,NONE,2026-08-25T23:55:44.474985
45917,BEACON,-89,8,0,2222,65172,42708,8065070,0,99,8,0,0,14:33:5C:6D:AF:58,0,0,ARMED,112.0,0,1,80:02:9C:61:97:4B,11,1,40.7,80:02:9C:61:97:4A,0,0,NONE,2026-08-25T23:55:44.958985
45917,,36,36,0,0,65172,42708,8065343,0,99,8,0,0,14:33:5C:6D:AF:58,0,0,ARMED,112.0,0,1,80:02:9C:61:97:4B,11,28,302.0,80:02:9C:61:97:4A,0,0,NONE,2026-08-25T23:55:45.231985
45917,PROBE_RESP,-71,26,0,347,65172,42708,8065990,0,99,8,0,0,14:33:5C:6D:AF:58,0,0,ARMED,112.0,0,0,80:02:9C:61:97:4B,11,9,102.0,80:02:9C:61:97:4A,0,0,NONE,2026-08-25T23:55:45.878985
45917,,-60,37,0,1932,65172,42708,8066054,0,99,8,0,0,14:33:5C:6D:AF:58,0,0,ARMED,112.0,0,0,80:02:9C:61:97:4B,11,45,890.5,80:02:9C:61:97:4A,0,0,NONE,2026-08-25T23:55:45.942985
45917,BEACON,-97,0,0,3329,65172,42708,8066579,0,99,8,0,0,14:33:5C:6D:AF:58,0,0,ARMED,112.0,0,1,80:02:9C:61:97:4B,11,5,79.2,80:02:9C:61:97:4A,0,0,NONE,2026-08-25T23:55:46.467985
45917,,-59,38,116932,293,65172,42708,8066817,0,99,8,0,0,14:33:5C:6D:AF:58,0,1,ARMED,112.0,0,0,80:02:9C:61:97:4B,11,8,83.1,80:02:9C:61:97:4A,0,0,NONE,2026-08-25T23:55:46.705985
45917,BEACON,-93,4,0,1632,65172,42708,8067265,0,99,8,0,0,14:33:5C:6D:AF:58,0,0,ARMED,112.0,0,0,80:02:9C:61:97:4B,11,1,233.4,80:02:9C:61:97:4A,0,0,NONE,2026-08-25T23:55:47.153985
45917,BEACON,-95,2,0,1639,65172,42708,8067982,0,99,8,0,0,14:33:5C:6D:AF:58,0,0,ARMED,112.0,0,0,80:02:9C:61:97:4B,11,1,233.6,80:02:9C:61:97:4A,0,0,NONE,2026-08-25T23:55:47.870985
45917,,-58,39,0,314,64852,42708,8068428,0,99,8,0,0,14:33:5C:6D:AF:58,0,0,ARMED,112.0,0,0,80:02:9C:61:97:4B,11,13,360.1,80:02:9C:61:97:4A,0,0,NONE,2026-08-25T23:55:48.316985
45917,,47,47,0,0,65172,42708,8068924,0,99,8,0,0,14:33:5C:6D:AF:58,0,0,ARMED,112.0,0,0,80:02:9C:61:97:4B,11,13,145.0,80:02:9C:61:97:4A,0,0,NONE,2026-08-25T23:55:48.812985
45917,,-59,38,292,321,65172,42708,8069475,0,99,8,0,0,14:33:5C:6D:AF:58,0,0,ARMED,112.0,0,0,80:02:9C:61:97:4B,11,9,102.7,80:02:9C:61:97:4A,0,0,NONE,2026-08-25T23:55:49.363985
45917,,-59,38,292,350,65172,42708,8069531,0,99,8,0,0,14:33:5C:6D:AF:58,0,1,ARMED,112.0,0,0,80:02:9C:61:97:4B,11,29,879.0,80:02:9C:61:97:4A,0,0,NONE,2026-08-25T23:55:49.419985
45917,BEACON,-85,12,82,3487,65172,42708,8070100,0,99,8,0,0,14:33:5C:6D:AF:58,0,0,ARMED,112.0,0,1,80:02:9C:61:97:4B,11,4,57.3,80:02:9C:61:97:4A,0,0,NONE,2026-08-25T23:55:49.988985
45917,BEACON,-93,4,0,1450,65172,42708,8070830,0,99,8,0,0,14:33:5C:6D:AF:58,0,0,ARMED,112.0,0,1,80:02:9C:61:97:4B,11,4,59.3,80:02:9C:61:97:4A,0,0,NONE,2026-08-25T23:55:50.718985
45917,BEACON,-98,-1,0,1673,65172,42708,8071464,0,99,8,0,0,14:33:5C:6D:AF:58,0,0,ARMED,112.0,0,0,80:02:9C:61:97:4B,11,7,79.4,80:02:9C:61:97:4A,0,0,NONE,2026-08-25T23:55:51.352985
45917,BEACON,-95,2,0,3381,65172,42708,8071903,0,99,8,0,0,14:33:5C:6D:AF:58,0,0,ARMED,112.0,0,1,80:02:9C:61:97:4B,11,6,51.6,80:02:9C:61:97:4A,0,0,NONE,2026-08-25T23:55:51.791985
45917,BEACON,-95,2,0,3028,65172,42708,8072502,0,99,8,0,0,14:33:5C:6D:AF:58,0,0,ARMED,112.0,0,1,80:02:9C:61:97:4B,11,5,57.7,80:02:9C:61:97:4A,0,0,NONE,2026-08-25T23:55:52.390985
45917,BEACON,-70,27,0,419,65172,42708,8072828,0,99,8,0,0,14:33:5C:6D:AF:58,0,0,ARMED,112.0,0,1,80:02:9C:61:97:4B,11,1,318.9,80:02:9C:61:97:4A,0,0,NONE,2026-08-25T23:55:52.716985
45917,,-58,39,0,402,65172,42708,8073005,0,99,8,0,0,14:33:5C:6D:AF:58,0,0,ARMED,112.0,0,0,80:02:9C:61:97:4B,11,41,527.3,80:02:9C:61:97:4A,0,0,NONE,2026-08-25T23:55:52.893985
45917,,-58,39,0,409,65172,42708,8073517,0,99,8,0,0,14:33:5C:6D:AF:58,0,0,ARMED,112.0,0,0,80:02:9C:61:97:4B,11,12,161.8,80:02:9C:61:97:4A,0,0,NONE,2026-08-25T23:55:53.405985
45917,BEACON,-91,6,0,1480,65172,42708,8073902,0,99,8,0,0,14:33:5C:6D:AF:58,0,0,ARMED,112.0,0,1,80:02:9C:61:97:4B,11,3,58.1,80:02:9C:61:97:4A,0,0,NONE,2026-08-25T23:55:53.790985
45917,BEACON,-94,3,0,1702,65172,42708,8074433,0,99,8,0,0,14:33:5C:6D:AF:58,0,0,ARMED,112.0,0,0,80:02:9C:61:97:4B,11,7,100.8,80:02:9C:61:97:4A,0,0,NONE,2026-08-25T23:55:54.321985
45917,BEACON,-73,24,0,444,65172,42708,8074978,0,99,8,0,0,14:33:5C:6D:AF:58,0,0,ARMED,112.0,0,1,80:02:9C:61:97:4B,11,1,421.6,80:02:9C:61:97:4A,0,0,NONE,2026-08-25T23:55:54.866985
45917,,-61,36,507,2023,65172,42708,8075462,0,99,8,0,0,14:33:5C:6D:AF:58,0,0,ARMED,112.0,0,0,80:02:9C:61:97:4B,11,16,215.2,80:02:9C:61:97:4A,0,0,NONE,2026-08-25T23:55:55.350985
45917,BEACON,-97,0,0,1654,65172,42708,8075965,0,99,8,0,0,14:33:5C:6D:AF:58,0,0,ARMED,112.0,0,1,80:02:9C:61:97:4B,11,4,58.9,80:02:9C:61:97:4A,0,0,NONE,2026-08-25T23:55:55.853985
45917,,-58,39,0,435,65172,42708,8076411,0,99,8,0,0,14:33:5C:6D:AF:58,0,0,ARMED,112.0,0,0,80:02:9C:61:97:4B,11,2,1818.2,80:02:9C:61:97:4A,0,0,NONE,2026-08-25T23:55:56.299985
45917,,-58,39,0,462,65172,42708,8076465,0,99,8,0,0,14:33:5C:6D:AF:58,0,0,ARMED,112.0,0,0,80:02:9C:61:97:4B,11,52,941.1,80:02:9C:61:97:4A,0,0,NONE,2026-08-25T23:55:56.353985
45917,BEACON,-94,3,0,3073,65172,42708,8077110,0,99,8,0,0,14:33:5C:6D:AF:58,0,0,ARMED,112.0,0,1,80:02:9C:61:97:4B,11,5,59.8,80:02:9C:61:97:4A,0,0,NONE,2026-08-25T23:55:56.998985
45917,BEACON,-93,4,0,1735,65172,42708,8077813,0,99,8,0,0,14:33:5C:6D:AF:58,0,0,ARMED,112.0,0,0,80:02:9C:61:97:4B,11,4,57.6,80:02:9C:61:97:4A,0,0,NONE,2026-08-25T23:55:57.701985
45917,,-59,38,292,468,65172,42708,8078453,0,99,8,0,0,14:33:5C:6D:AF:58,0,0,ARMED,112.0,0,0,80:02:9C:61:97:4B,11,8,83.4,80:02:9C:61:97:4A,0,0,NONE,2026-08-25T23:55:58.341985
45917,BEACON,-97,0,0,3448,65172,42708,8078765,0,99,8,0,0,14:33:5C:6D:AF:58,0,0,ARMED,112.0,0,1,80:02:9C:61:97:4B,11,5,78.6,80:02:9C:61:97:4A,0,0,NONE,2026-08-25T23:55:58.653985
45917,BEACON,-94,3,0,2580,65172,42708,8079056,0,99,8,0,0,14:33:5C:6D:AF:58,0,1,ARMED,112.0,0,1,80:02:9C:61:97:4B,11,4,85.2,80:02:9C:61:97:4A,0,0,NONE,2026-08-25T23:55:58.944985
45917,,35,35,0,0,65172,42708,8079531,0,99,8,0,0,14:33:5C:6D:AF:58,0,0,ARMED,112.0,0,1,80:02:9C:61:97:4B,11,1,99.7,80:02:9C:61:97:4A,0,0,NONE,2026-08-25T23:55:59.419985
45917,BEACON,-72,25,0,500,65172,42708,8079894,0,99,8,0,0,14:33:5C:6D:AF:58,0,0,ARMED,112.0,0,1,80:02:9C:61:97:4B,11,7,106.5,80:02:9C:61:97:4A,0,0,NONE,2026-08-25T23:55:59.782985
45917,,-58,39,329,513,65172,42708,8080050,0,99,8,0,0,14:33:5C:6D:AF:58,1,1,ARMED,112.0,0,1,80:02:9C:61:97:4B,11,19,1125.4,80:02:9C:61:97:4A,0,0,NONE,2026-08-25T23:55:59.938985
45917,BEACON,-95,2,0,1762,65172,42708,8080577,0,99,8,0,0,14:33:5C:6D:AF:58,0,0,ARMED,112.0,0,0,80:02:9C:61:97:4B,11,4,122.2,80:02:9C:61:97:4A,0,0,NONE,2026-08-25T23:56:00.465985
45917,BEACON,-95,2,0,3113,65172,42708,8081207,0,99,8,0,0,14:33:5C:6D:AF:58,0,0,ARMED,112.0,0,1,80:02:9C:61:97:4B,11,3,86.2,80:02:9C:61:97:4A,0,0,NONE,2026-08-25T23:56:01.095985
45917,BEACON,-88,9,0,3600,65172,42708,8081671,0,99,8,0,0,14:33:5C:6D:AF:58,0,0,ARMED,112.0,0,1,80:02:9C:61:97:4B,11,5,55.7,80:02:9C:61:97:4A,0,0,NONE,2026-08-25T23:56:01.559985
45917,BEACON,-86,11,0,3605,65172,42708,8082186,0,99,8,0,0,14:33:5C:6D:AF:58,0,0,ARMED,112.0,0,1,80:02:9C:61:97:4B,11,12,156.8,80:02:9C:61:97:4A,0,0,NONE,2026-08-25T23:56:02.074985
45917,BEACON,-96,1,0,1718,65172,42708,8082519,0,99,8,0,0,14:33:5C:6D:AF:58,0,0,ARMED,112.0,0,1,80:02:9C:61:97:4B,11,26,264.7,80:02:9C:61:97:4A,0,0,NONE,2026-08-25T23:56:02.407985
45917,BEACON,-67,30,0,534,65172,42708,8083170,0,99,8,0,0,14:33:5C:6D:AF:58,0,0,ARMED,112.0,0,1,80:02:9C:61:97:4B,11,6,58.6,80:02:9C:61:97:4A,0,0,NONE,2026-08-25T23:56:03.058985
45917,,36,36,0,0,65172,42708,8083552,0,99,8,0,0,14:33:5C:6D:AF:58,0,0,ARMED,112.0,0,0,80:02:9C:61:97:4B,11,12,160.9,80:02:9C:61:97:4A,0,0,NONE,2026-08-25T23:56:03.440985
45917,,-59,38,946,563,65172,42708,8084021,0,99,8,0,0,14:33:5C:6D:AF:58,0,0,ARMED,112.0,0,1,80:02:9C:61:97:4B,11,3,94.7,80:02:9C:61:97:4A,0,0,NONE,2026-08-25T23:56:03.909985
45917,BEACON,-90,7,0,1580,65172,42708,8084141,0,99,8,0,0,14:33:5C:6D:AF:58,0,1,ARMED,112.0,0,1,80:02:9C:61:97:4B,11,22,428.4,80:02:9C:61:97:4A,0,0,NONE,2026-08-25T23:56:04.029985
45917,BEACON,-96,1,0,1740,65172,42708,8084772,0,99,8,0,0,14:33:5C:6D:AF:58,0,0,ARMED,112.0,0,1,80:02:9C:61:97:4B,11,4,61.3,80:02:9C:61:97:4A,0,0,NONE,2026-08-25T23:56:04.660985
45917,BEACON,-88,9,161115,2418,65172,42708,8085243,0,99,8,0,0,14:33:5C:6D:AF:58,0,0,ARMED,112.0,0,1,80:02:9C:61:97:4B,11,1,41.1,80:02:9C:61:97:4A,0,0,NONE,2026-08-25T23:56:05.131985
45917,PROBE_RESP,-96,1,0,205,65172,42708,8085825,0,99,8,0,0,14:33:5C:6D:AF:58,0,0,ARMED,112.0,0,1,80:02:9C:61:97:4B,11,6,63.4,80:02:9C:61:97:4A,0,0,NONE,2026-08-25T23:56:05.713985
45917,,36,36,0,0,65172,42708,8085926,0,99,8,0,0,14:33:5C:6D:AF:58,0,0,ARMED,112.0,0,0,80:02:9C:61:97:4B,11,49,533.3,80:02:9C:61:97:4A,0,0,NONE,2026-08-25T23:56:05.814985
45917,BEACON,-69,28,0,565,65172,42708,8086140,0,99,8,0,0,14:33:5C:6D:AF:58,0,1,ARMED,112.0,0,1,80:02:9C:61:97:4B,11,9,115.5,80:02:9C:61:97:4A,0,0,NONE,2026-08-25T23:56:06.028985
45917,,-59,38,295,617,65172,42708,8086798,0,99,8,0,0,14:33:5C:6D:AF:58,0,0,ARMED,112.0,0,0,80:02:9C:61:97:4B,11,4,595.1,80:02:9C:61:97:4A,0,0,NONE,2026-08-25T23:56:06.686985
45917,,-60,37,0,2170,65172,42708,8086844,0,99,8,0,0,14:33:5C:6D:AF:58,0,0,ARMED,112.0,0,0,80:02:9C:61:97:4B,11,54,1016.8,80:02:9C:61:97:4A,0,0,NONE,2026-08-25T23:56:06.732985
45917,,-59,38,0,671,65172,42708,8087045,0,99,8,0,0,14:33:5C:6D:AF:58,0,0,ARMED,112.0,0,0,80:02:9C:61:97:4B,11,12,242.6,80:02:9C:61:97:4A,0,0,NONE,2026-08-25T23:56:06.933985
45917,BEACON,-94,3,0,3535,65172,42708,8087673,0,99,8,0,0,14:33:5C:6D:AF:58,0,0,ARMED,112.0,0,1,80:02:9C:61:97:4B,11,5,79.7,80:02:9C:61:97:4A,0,0,NONE,2026-08-25T23:56:07.561985
45917,BEACON,-92,5,0,1621,65172,42708,8088340,0,99,8,0,0,14:33:5C:6D:AF:58,0,0,ARMED,112.0,0,1,80:02:9C:61:97:4B,11,2,192.8,80:02:9C:61:97:4A,0,0,NONE,2026-08-25T23:56:08.228985
45917,BEACON,-87,10,0,2454,65172,42708,8088929,0,99,8,0,0,14:33:5C:6D:AF:58,0,0,ARMED,112.0,0,1,80:02:9C:61:97:4B,11,7,77.5,80:02:9C:61:97:4A,0,0,NONE,2026-08-25T23:56:08.817985
45917,,-59,38,0,2192,65172,42708,8089186,0,99,8,0,0,14:33:5C:6D:AF:58,0,0,ARMED,112.0,0,0,80:02:9C:61:97:4B,11,17,427.9,80:02:9C:61:97:4A,0,0,NONE,2026-08-25T23:56:09.074985
45917,,50,50,0,0,65172,42708,8089619,0,99,8,0,0,14:33:5C:6D:AF:58,0,0,ARMED,112.0,0,0,80:02:9C:61:97:4B,11,15,236.7,80:02:9C:61:97:4A,0,0,NONE,2026-08-25T23:56:09.507985
45917,BEACON,-96,1,0,3200,65172,42708,8090115,0,99,8,0,0,14:33:5C:6D:AF:58,0,0,ARMED,112.0,0,1,80:02:9C:61:97:4B,11,3,63.9,80:02:9C:61:97:4A,0,0,NONE,2026-08-25T23:56:10.003985
45917,,36,36,0,0,65172,42708,8090400,0,99,8,0,0,14:33:5C:6D:AF:58,0,0,ARMED,112.0,0,1,80:02:9C:61:97:4B,11,9,357.5,80:02:9C:61:97:4A,0,0,NONE,2026-08-25T23:56:10.288985
45917,BEACON,-91,6,0,1644,65172,42708,8090695,0,99,8,0,0,14:33:5C:6D:AF:58,0,0,ARMED,112.0,0,1,80:02:9C:61:97:4B,11,1,78.8,80:02:9C:61:97:4A,0,0,NONE,2026-08-25T23:56:10.583985
45917,,-88,9,27504,1048,65172,42708,8091384,0,99,8,0,0,14:33:5C:6D:AF:58,0,0,ARMED,112.0,0,1,80:02:9C:61:97:4B,11,6,68.3,80:02:9C:61:97:4A,0,0,NONE,2026-08-25T23:56:11.272985
45917,,-89,8,0,3971,65172,42708,8091996,0,99,8,0,0,14:33:5C:6D:AF:58,0,0,ARMED,112.0,0,1,80:02:9C:61:97:4B,11,7,82.4,80:02:9C:61:97:4A,0,0,NONE,2026-08-25T23:56:11.884985
45917,PROBE_RESP,-90,7,0,1805,65172,42708,8092395,0,99,8,0,0,14:33:5C:6D:AF:58,0,0,ARMED,112.0,0,0,80:02:9C:61:97:4B,11,6,80.6,80:02:9C:61:97:4A,0,0,NONE,2026-08-25T23:56:12.283985
45917,,-59,38,121285,738,65172,42708,8092983,0,99,8,0,0,14:33:5C:6D:AF:58,0,0,ARMED,112.0,0,1,80:02:9C:61:97:4B,11,5,103.2,80:02:9C:61:97:4A,0,0,NONE,2026-08-25T23:56:12.871985
45917,BEACON,-83,14,0,3715,65172,42708,8093447,0,99,8,0,0,14:33:5C:6D:AF:58,0,0,ARMED,112.0,0,1,80:02:9C:61:97:4B,11,7,68.3,80:02:9C:61:97:4A,0,0,NONE,2026-08-25T23:56:13.335985
45917,,-59,38,292,766,65172,42708,8093816,0,99,8,0,0,14:33:5C:6D:AF:58,0,0,ARMED,112.0,0,0,80:02:9C:61:97:4B,11,30,483.9,80:02:9C:61:97:4A,0,0,NONE,2026-08-25T23:56:13.704985
45917,,-59,38,546,780,65172,42708,8094205,0,99,8,0,0,14:33:5C:6D:AF:58,0,0,ARMED,112.0,0,0,80:02:9C:61:97:4B,11,13,317.8,80:02:9C:61:97:4A,0,0,NONE,2026-08-25T23:56:14.093985
45917,,50,50,0,0,65172,42708,8094714,0,99,8,0,0,14:33:5C:6D:AF:58,0,0,ARMED,112.0,0,0,80:02:9C:61:97:4B,11,4,105.6,80:02:9C:61:97:4A,0,0,NONE,2026-08-25T23:56:14.602985
45917,BEACON,-70,27,0,664,65172,42708,8095356,0,99,8,0,0,14:33:5C:6D:AF:58,0,0,ARMED,112.0,0,1,80:02:9C:61:97:4B,11,5,76.1,80:02:9C:61:97:4A,0,0,NONE,2026-08-25T23:56:15.244985
45917,PROBE_RESP,-66,30,0,671,65172,42708,8095951,0,99,8,0,0,14:33:5C:6D:AF:58,0,0,ARMED,112.0,0,0,80:02:9C:61:97:4B,11,15,320.9,80:02:9C:61:97:4A,0,0,NONE,2026-08-25T23:56:15.839985
45917,BEACON,-88,9,0,2524,65172,42708,8096097,0,99,8,0,0,14:33:5C:6D:AF:58,0,1,ARMED,112.0,0,1,80:02:9C:61:97:4B,11,24,268.8,80:02:9C:61:97:4A,0,0,NONE,2026-08-25T23:56:15.985985
45917,BEACON,-94,3,0,1858,65172,42708,8096855,0,99,8,0,0,14:33:5C:6D:AF:58,0,0,ARMED,112.0,0,1,80:02:9C:61:97:4B,11,3,124.4,80:02:9C:61:97:4A,0,0,NONE,2026-08-25T23:56:16.743985
45917,,-59,38,0,815,65172,42708,8097267,0,99,8,0,0,14:33:5C:6D:AF:58,0,0,ARMED,112.0,0,0,80:02:9C:61:97:4B,11,8,265.5,80:02:9C:61:97:4A,0,0,NONE,2026-08-25T23:56:17.155985
45917,,36,36,0,0,65172,42708,8097504,0,99,8,0,0,14:33:5C:6D:AF:58,0,0,ARMED,112.0,0,0,80:02:9C:61:97:4B,11,12,182.7,80:02:9C:61:97:4A,0,0,NONE,2026-08-25T23:56:17.392985
45917,BEACON,-93,4,3922,1928,65172,42708,8097576,0,99,8,0,0,14:33:5C:6D:AF:58,0,1,ARMED,112.0,0,0,80:02:9C:61:97:4B,11,18,500.4,80:02:9C:61:97:4A,0,0,NONE,2026-08-25T23:56:17.464985
45917,BEACON,-96,1,0,1869,65172,42708,8097981,0,99,8,0,0,14:33:5C:6D:AF:58,0,0,ARMED,112.0,0,1,80:02:9C:61:97:4B,11,2,70.1,80:02:9C:61:97:4A,0,0,NONE,2026-08-25T23:56:17.869985
45917,BEACON,-84,13,53,3765,65172,42708,8098567,0,99,8,0,0,14:33:5C:6D:AF:58,0,0,ARMED,112.0,0,1,80:02:9C:61:97:4B,11,15,146.5,80:02:9C:61:97:4A,0,0,NONE,2026-08-25T23:56:18.455985
45917,BEACON,-65,32,0,707,65172,42708,8099145,0,99,8,0,0,14:33:5C:6D:AF:58,0,0,ARMED,112.0,0,1,80:02:9C:61:97:4B,11,3,45.7,80:02:9C:61:97:4A,0,0,NONE,2026-08-25T23:56:19.033985
45917,,50,50,0,0,65172,42708,8099502,0,99,8,0,0,14:33:5C:6D:AF:58,0,0,ARMED,112.0,0,1,80:02:9C:61:97:4B,11,9,700.0,80:02:9C:61:97:4A,0,0,NONE,2026-08-25T23:56:19.390985
45917,,50,50,0,0,65172,42708,8099650,0,99,8,0,0,14:33:5C:6D:AF:58,0,1,ARMED,112.0,0,0,80:02:9C:61:97:4B,11,21,355.9,80:02:9C:61:97:4A,0,0,NONE,2026-08-25T23:56:19.538985
45917,,50,50,0,0,65172,42708,8099707,0,99,8,0,0,14:33:5C:6D:AF:58,0,1,ARMED,112.0,0,0,80:02:9C:61:97:4B,11,14,1012.2,80:02:9C:61:97:4A,0,0,NONE,2026-08-25T23:56:19.595985
45917,,50,50,0,0,65172,42708,8099868,0,99,8,0,0,14:33:5C:6D:AF:58,0,1,ARMED,112.0,0,0,80:02:9C:61:97:4B,11,24,333.9,80:02:9C:61:97:4A,0,0,NONE,2026-08-25T23:56:19.756985
45917,,50,50,0,0,65172,42708,8100155,0,99,8,0,0,14:33:5C:6D:AF:58,0,0,ARMED,112.0,0,0,80:02:9C:61:97:4B,11,13,248.5,80:02:9C:61:97:4A,0,0,NONE,2026-08-25T23:56:20.043985
45917,,35,35,0,0,65172,42708,8100257,0,99,8,0,0,14:33:5C:6D:AF:58,0,1,ARMED,112.0,0,0,80:02:9C:61:97:4B,11,12,234.6,80:02:9C:61:97:4A,0,0,NONE,2026-08-25T23:56:20.145985
45917,,50,50,0,0,65172,42708,8100558,0,99,8,0,0,14:33:5C:6D:AF:58,0,0,ARMED,112.0,0,0,80:02:9C:61:97:4B,11,4,88.1,80:02:9C:61:97:4A,0,0,NONE,2026-08-25T23:56:20.446985
45917,BEACON,-82,15,16408,3786,65172,42708,8100718,0,99,8,0,0,14:33:5C:6D:AF:58,0,1,ARMED,112.0,0,1,80:02:9C:61:97:4B,11,44,429.5,80:02:9C:61:97:4A,0,0,NONE,2026-08-25T23:56:20.606985
45917,BEACON,-95,2,0,1965,65172,42708,8101365,0,99,8,0,0,14:33:5C:6D:AF:58,0,0,ARMED,112.0,0,0,80:02:9C:61:97:4B,11,3,91.8,80:02:9C:61:97:4A,0,0,NONE,2026-08-25T23:56:21.253985
45917,,-59,38,291,898,65172,42708,8101840,0,99,8,0,0,14:33:5C:6D:AF:58,0,0,ARMED,112.0,0,0,80:02:9C:61:97:4B,11,20,209.5,80:02:9C:61:97:4A,0,0,NONE,2026-08-25T23:56:21.728985
45917,BEACON,-91,6,0,1758,65172,42708,8102368,0,99,8,0,0,14:33:5C:6D:AF:58,0,0,ARMED,112.0,0,1,80:02:9C:61:97:4B,11,9,87.9,80:02:9C:61:97:4A,0,0,NONE,2026-08-25T23:56:22.256985
45917,PROBE_REQ,-87,10,0,3484,65172,42708,8103051,0,99,8,0,0,14:33:5C:6D:AF:58,0,0,ARMED,112.0,0,1,80:02:9C:61:97:4B,11,5,73.3,80:02:9C:61:97:4A,0,0,NONE,2026-08-25T23:56:22.939985
45917,BEACON,-69,28,0,754,65172,42708,8103343,0,99,8,0,0,14:33:5C:6D:AF:58,0,1,ARMED,112.0,0,1,80:02:9C:61:97:4B,11,5,94.2,80:02:9C:61:97:4A,0,0,NONE,2026-08-25T23:56:23.231985
45917,,51,51,0,0,65172,42708,8104012,0,99,8,0,0,14:33:5C:6D:AF:58,0,0,ARMED,112.0,0,0,80:02:9C:61:97:4B,11,4,846.7,80:02:9C:61:97:4A,0,0,NONE,2026-08-25T23:56:23.900985
45917,,-59,38,2587,926,65156,42708,8104237,0,99,8,0,0,14:33:5C:6D:AF:58,0,0,ARMED,112.0,0,0,80:02:9C:61:97:4B,11,24,926.4,80:02:9C:61:97:4A,0,0,NONE,2026-08-25T23:56:24.125985
45917,,-59,38,292,947,65172,42708,8104412,0,99,8,0,0,14:33:5C:6D:AF:58,0,1,ARMED,112.0,0,0,80:02:9C:61:97:4B,11,30,308.4,80:02:9C:61:97:4A,0,0,NONE,2026-08-25T23:56:24.300985
45917,BEACON,-92,5,0,1784,65172,42708,8105031,0,99,8,0,0,14:33:5C:6D:AF:58,0,0,ARMED,112.0,0,1,80:02:9C:61:97:4B,11,2,42.2,80:02:9C:61:97:4A,0,0,NONE,2026-08-25T23:56:24.919985
45917,BEACON,-91,6,0,1791,65172,42708,8105748,0,99,8,0,0,14:33:5C:6D:AF:58,0,0,ARMED,112.0,0,1,80:02:9C:61:97:4B,11,2,40.4,80:02:9C:61:97:4A,0,0,NONE,2026-08-25T23:56:25.636985
45917,BEACON,-95,2,0,3716,65172,42708,8106207,0,99,8,0,0,14:33:5C:6D:AF:58,0,0,ARMED,112.0,0,1,80:02:9C:61:97:4B,11,6,60.3,80:02:9C:61:97:4A,0,0,NONE,2026-08-25T23:56:26.095985
45917,BEACON,-92,5,0,1800,65172,42708,8106669,0,99,8,0,0,14:33:5C:6D:AF:58,0,0,ARMED,112.0,0,1,80:02:9C:61:97:4B,11,3,60.7,80:02:9C:61:97:4A,0,0,NONE,2026-08-25T23:56:26.557985
45917,,49,49,0,0,65172,42708,8107145,0,99,8,0,0,14:33:5C:6D:AF:58,0,0,ARMED,112.0,0,0,80:02:9C:61:97:4B,11,8,598.5,80:02:9C:61:97:4A,0,0,NONE,2026-08-25T23:56:27.033985
45917,BEACON,-88,9,0,2636,65172,42708,8107566,0,99,8,0,0,14:33:5C:6D:AF:58,0,0,ARMED,112.0,0,1,80:02:9C:61:97:4B,11,1,40.4,80:02:9C:61:97:4A,0,0,NONE,2026-08-25T23:56:27.454985
45917,BEACON,-96,1,0,1965,65172,42708,8107812,0,99,8,0,0,14:33:5C:6D:AF:58,0,0,ARMED,112.0,0,1,80:02:9C:61:97:4B,11,3,45.9,80:02:9C:61:97:4A,0,0,NONE,2026-08-25T23:56:27.700985
45917,,-59,38,0,1006,65172,42708,8108340,0,99,8,0,0,14:33:5C:6D:AF:58,0,0,ARMED,112.0,0,0,80:02:9C:61:97:4B,11,21,255.4,80:02:9C:61:97:4A,0,0,NONE,2026-08-25T23:56:28.228985
45917,,45,45,0,0,65172,42708,8108927,0,99,8,0,0,14:33:5C:6D:AF:58,0,0,ARMED,112.0,0,1,80:02:9C:61:97:4B,11,4,73.8,80:02:9C:61:97:4A,0,0,NONE,2026-08-25T23:56:28.815985
45917,BEACON,-66,31,0,823,65172,42708,8109385,0,99,8,0,0,14:33:5C:6D:AF:58,0,0,ARMED,112.0,0,1,80:02:9C:61:97:4B,11,7,68.4,80:02:9C:61:97:4A,0,0,NONE,2026-08-25T23:56:29.273985
45917,BEACON,-97,0,0,3751,65172,42708,8109791,0,99,8,0,0,14:33:5C:6D:AF:58,0,0,ARMED,112.0,0,1,80:02:9C:61:97:4B,11,11,110.5,80:02:9C:61:97:4A,0,0,NONE,2026-08-25T23:56:29.679985
45917,,-60,37,622,2423,65172,42708,8110140,0,99,8,0,0,14:33:5C:6D:AF:58,0,0,ARMED,112.0,0,1,80:02:9C:61:97:4B,11,28,739.6,80:02:9C:61:97:4A,0,0,NONE,2026-08-25T23:56:30.028985
45917,,50,50,0,0,65172,42708,8110208,0,99,8,0,0,14:33:5C:6D:AF:58,0,1,ARMED,112.0,0,0,80:02:9C:61:97:4B,11,6,1547.2,80:02:9C:61:97:4A,0,0,NONE,2026-08-25T23:56:30.096985
45917,,36,36,0,0,65172,42708,8110383,0,99,8,0,0,14:33:5C:6D:AF:58,0,0,ARMED,112.0,0,0,80:02:9C:61:97:4B,11,33,414.9,80:02:9C:61:97:4A,0,0,NONE,2026-08-25T23:56:30.271985
45917,,36,36,0,0,65172,42708,8110471,0,99,8,0,0,14:33:5C:6D:AF:58,0,1,ARMED,112.0,0,0,80:02:9C:61:97:4B,11,34,519.2,80:02:9C:61:97:4A,0,0,NONE,2026-08-25T23:56:30.359985
45917,,36,36,0,0,65172,42708,8110825,0,99,8,0,0,14:33:5C:6D:AF:58,0,0,ARMED,112.0,0,0,80:02:9C:61:97:4B,11,2,313.8,80:02:9C:61:97:4A,0,0,NONE,2026-08-25T23:56:30.713985
45917,,-59,38,292,1048,64852,42708,8111102,0,99,8,0,0,14:33:5C:6D:AF:58,0,0,ARMED,112.0,0,0,80:02:9C:61:97:4B,11,38,479.7,80:02:9C:61:97:4A,0,0,NONE,2026-08-25T23:56:30.990985
45917,BEACON,-89,8,0,2675,65172,42708,8111560,0,99,8,0,0,14:33:5C:6D:AF:58,0,0,ARMED,112.0,0,1,80:02:9C:61:97:4B,11,1,40.4,80:02:9C:61:97:4A,0,0,NONE,2026-08-25T23:56:31.448985
45917,BEACON,-95,2,0,2008,65172,42708,8112215,0,99,8,0,0,14:33:5C:6D:AF:58,0,0,ARMED,112.0,0,1,80:02:9C:61:97:4B,11,4,61.2,80:02:9C:61:97:4A,0,0,NONE,2026-08-25T23:56:32.103985
45917,PROBE_REQ,-92,5,0,380,65172,42708,8112860,0,99,8,0,0,14:33:5C:6D:AF:58,0,0,ARMED,112.0,0,1,80:02:9C:61:97:4B,11,13,135.3,80:02:9C:61:97:4A,0,0,NONE,2026-08-25T23:56:32.748985
45917,,-60,37,0,2451,65172,42708,8113282,0,99,8,0,0,14:33:5C:6D:AF:58,0,0,ARMED,112.0,0,1,80:02:9C:61:97:4B,11,7,98.4,80:02:9C:61:97:4A,0,0,NONE,2026-08-25T23:56:33.170985
45917,BEACON,-89,8,0,1869,65172,42708,8113735,0,99,8,0,0,14:33:5C:6D:AF:58,0,0,ARMED,112.0,0,1,80:02:9C:61:97:4B,11,1,79.9,80:02:9C:61:97:4A,0,0,NONE,2026-08-25T23:56:33.623985
45917,,36,36,0,0,65172,42708,8114177,0,99,8,0,0,14:33:5C:6D:AF:58,0,0,ARMED,112.0,0,0,80:02:9C:61:97:4B,11,27,599.9,80:02:9C:61:97:4A,0,0,NONE,2026-08-25T23:56:34.065985
45917,,49,49,0,0,65172,42708,8114370,0,99,8,0,0,14:33:5C:6D:AF:58,0,1,ARMED,112.0,0,0,80:02:9C:61:97:4B,11,6,180.4,80:02:9C:61:97:4A,0,0,NONE,2026-08-25T23:56:34.258985
45917,,-60,37,292,1112,65172,42708,8114559,0,99,8,0,0,14:33:5C:6D:AF:58,0,0,ARMED,112.0,0,0,80:02:9C:61:97:4B,11,13,735.7,80:02:9C:61:97:4A,0,0,NONE,2026-08-25T23:56:34.447985
45917,BEACON,-83,14,0,3925,65172,42708,8114951,0,99,8,0,0,14:33:5C:6D:AF:58,0,0,ARMED,112.0,0,1,80:02:9C:61:97:4B,11,7,68.3,80:02:9C:61:97:4A,0,0,NONE,2026-08-25T23:56:34.839985
45917,BEACON,-87,10,0,2713,65172,42708,8115451,0,99,8,0,0,14:33:5C:6D:AF:58,0,0,ARMED,112.0,0,1,80:02:9C:61:97:4B,11,11,129.8,80:02:9C:61:97:4A,0,0,NONE,2026-08-25T23:56:35.339985
45917,BEACON,-84,13,0,3938,65172,42708,8116282,0,99,8,0,0,14:33:5C:6D:AF:58,0,0,ARMED,112.0,0,1,80:02:9C:61:97:4B,11,7,77.8,80:02:9C:61:97:4A,0,0,NONE,2026-08-25T23:56:36.170985
45917,,-60,37,292,1128,65172,42708,8116972,0,99,8,0,0,14:33:5C:6D:AF:58,0,0,ARMED,112.0,0,0,80:02:9C:61:97:4B,11,2,209.7,80:02:9C:61:97:4A,0,0,NONE,2026-08-25T23:56:36.860985
45917,BEACON,-95,2,0,2124,65172,42708,8117646,0,99,8,0,0,14:33:5C:6D:AF:58,0,0,ARMED,112.0,0,0,80:02:9C:61:97:4B,11,5,71.8,80:02:9C:61:97:4A,0,0,NONE,2026-08-25T23:56:37.534985
45917,,-60,37,292,1152,65172,42708,8118086,0,99,8,0,0,14:33:5C:6D:AF:58,0,0,ARMED,112.0,0,0,80:02:9C:61:97:4B,11,23,231.3,80:02:9C:61:97:4A,0,0,NONE,2026-08-25T23:56:37.974985
45917,,-60,37,5532,2526,65172,42708,8118434,0,99,8,0,0,14:33:5C:6D:AF:58,0,0,ARMED,112.0,0,1,80:02:9C:61:97:4B,11,5,131.7,80:02:9C:61:97:4A,0,0,NONE,2026-08-25T23:56:38.322985
45917,,42,42,0,0,65172,42708,8118960,0,99,8,0,0,14:33:5C:6D:AF:58,0,0,ARMED,112.0,0,1,80:02:9C:61:97:4B,11,11,202.3,80:02:9C:61:97:4A,0,0,NONE,2026-08-25T23:56:38.848985
45917,BEACON,-96,1,0,2079,65172,42708,8119485,0,99,8,0,0,14:33:5C:6D:AF:58,0,0,ARMED,112.0,0,1,80:02:9C:61:97:4B,11,4,61.0,80:02:9C:61:97:4A,0,0,NONE,2026-08-25T23:56:39.373985
45917,BEACON,-97,0,0,3491,65172,42708,8119913,0,99,8,0,0,14:33:5C:6D:AF:58,0,0,ARMED,112.0,0,1,80:02:9C:61:97:4B,11,5,59.6,80:02:9C:61:97:4A,0,0,NONE,2026-08-25T23:56:39.801985
45917,BEACON,-95,2,0,2089,65172,42708,8120509,0,99,8,0,0,14:33:5C:6D:AF:58,0,0,ARMED,112.0,0,1,80:02:9C:61:97:4B,11,3,45.9,80:02:9C:61:97:4A,0,0,NONE,2026-08-25T23:56:40.397985
45917,BEACON,-86,11,0,3984,65172,42708,8120993,0,99,8,0,0,14:33:5C:6D:AF:58,0,0,ARMED,112.0,0,1,80:02:9C:61:97:4B,11,11,281.3,80:02:9C:61:97:4A,0,0,NONE,2026-08-25T23:56:40.881985
45917,,-61,36,0,2553,65172,42708,8121479,0,99,8,0,0,14:33:5C:6D:AF:58,0,0,ARMED,112.0,0,0,80:02:9C:61:97:4B,11,19,1727.0,80:02:9C:61:97:4A,0,0,NONE,2026-08-25T23:56:41.367985
45917,BEACON,-72,25,0,961,65172,42708,8121673,0,99,8,0,0,14:33:5C:6D:AF:58,0,0,ARMED,112.0,0,1,80:02:9C:61:97:4B,11,5,48.8,80:02:9C:61:97:4A,0,0,NONE,2026-08-25T23:56:41.561985
45917,,35,35,0,0,65172,42708,8122156,0,99,8,0,0,14:33:5C:6D:AF:58,0,0,ARMED,112.0,0,0,80:02:9C:61:97:4B,11,26,352.5,80:02:9C:61:97:4A,0,0,NONE,2026-08-25T23:56:42.044985
45917,BEACON,-94,3,0,3517,65172,42708,8122576,0,99,8,0,0,14:33:5C:6D:AF:58,0,0,ARMED,112.0,0,1,80:02:9C:61:97:4B,11,5,59.6,80:02:9C:61:97:4A,0,0,NONE,2026-08-25T23:56:42.464985
45917,BEACON,-94,3,0,2115,65172,42708,8123171,0,99,8,0,0,14:33:5C:6D:AF:58,0,0,ARMED,112.0,0,1,80:02:9C:61:97:4B,11,5,76.5,80:02:9C:61:97:4A,0,0,NONE,2026-08-25T23:56:43.059985
45917,BEACON,-84,13,0,4013,65172,42708,8123962,0,99,8,0,0,14:33:5C:6D:AF:58,0,0,ARMED,112.0,0,1,80:02:9C:61:97:4B,11,4,101.8,80:02:9C:61:97:4A,0,0,NONE,2026-08-25T23:56:43.850985
45917,BEACON,-91,6,0,1970,65172,42708,8124077,0,99,8,0,0,14:33:5C:6D:AF:58,0,1,ARMED,112.0,0,1,80:02:9C:61:97:4B,11,5,95.9,80:02:9C:61:97:4A,0,0,NONE,2026-08-25T23:56:43.965985
45917,BEACON,-74,23,0,995,65172,42708,8124745,0,99,8,0,0,14:33:5C:6D:AF:58,0,0,ARMED,112.0,0,1,80:02:9C:61:97:4B,11,10,97.6,80:02:9C:61:97:4A,0,0,NONE,2026-08-25T23:56:44.633985
45917,,-60,37,0,2592,65172,42708,8124955,0,99,8,0,0,14:33:5C:6D:AF:58,0,0,ARMED,112.0,0,0,80:02:9C:61:97:4B,11,15,2449.4,80:02:9C:61:97:4A,0,0,NONE,2026-08-25T23:56:44.843985
45917,BEACON,-68,29,0,1002,65172,42708,8125461,0,99,8,0,0,14:33:5C:6D:AF:58,0,0,ARMED,112.0,0,1,80:02:9C:61:97:4B,11,3,29.3,80:02:9C:61:97:4A,0,0,NONE,2026-08-25T23:56:45.349985
45917,,50,50,0,0,65172,42708,8125890,0,99,8,0,0,14:33:5C:6D:AF:58,0,0,ARMED,112.0,0,0,80:02:9C:61:97:4B,11,27,319.1,80:02:9C:61:97:4A,0,0,NONE,2026-08-25T23:56:45.778985
45917,,36,36,0,0,65172,42708,8126091,0,99,8,0,0,14:33:5C:6D:AF:58,0,1,ARMED,112.0,0,1,80:02:9C:61:97:4B,11,6,74.1,80:02:9C:61:97:4A,0,0,NONE,2026-08-25T23:56:45.979985
45917,,35,35,0,0,65172,42708,8126402,0,99,8,0,0,14:33:5C:6D:AF:58,0,0,ARMED,112.0,0,0,80:02:9C:61:97:4B,11,28,331.4,80:02:9C:61:97:4A,0,0,NONE,2026-08-25T23:56:46.290985
45917,BEACON,-95,2,0,2212,65172,42708,8126657,0,99,8,0,0,14:33:5C:6D:AF:58,0,0,ARMED,112.0,0,1,80:02:9C:61:97:4B,11,7,213.8,80:02:9C:61:97:4A,0,0,NONE,2026-08-25T23:56:46.545985
45917,,-60,37,292,1298,65172,42708,8126886,0,99,8,0,0,14:33:5C:6D:AF:58,0,1,ARMED,112.0,0,0,80:02:9C:61:97:4B,11,13,227.9,80:02:9C:61:97:4A,0,0,NONE,2026-08-25T23:56:46.774985
45917,BEACON,-67,30,0,1020,65172,42708,8127305,0,99,8,0,0,14:33:5C:6D:AF:58,0,0,ARMED,112.0,0,1,80:02:9C:61:97:4B,11,7,106.8,80:02:9C:61:97:4A,0,0,NONE,2026-08-25T23:56:47.193985
45917,BEACON,-71,26,64,1024,65172,42708,8127612,0,99,8,0,0,14:33:5C:6D:AF:58,0,0,ARMED,112.0,0,1,80:02:9C:61:97:4B,11,25,381.3,80:02:9C:61:97:4A,0,0,NONE,2026-08-25T23:56:47.500985
45917,PROBE_RESP,-85,12,0,2673,65172,42708,8128310,0,99,8,0,0,14:33:5C:6D:AF:58,0,0,ARMED,112.0,0,0,80:02:9C:61:97:4B,11,4,114.3,80:02:9C:61:97:4A,0,0,NONE,2026-08-25T23:56:48.198985
45917,,-62,35,0,2635,65172,42708,8128484,0,99,8,0,0,14:33:5C:6D:AF:58,0,1,ARMED,112.0,0,0,80:02:9C:61:97:4B,11,13,3078.4,80:02:9C:61:97:4A,0,0,NONE,2026-08-25T23:56:48.372985
45917,,50,50,0,0,65172,42708,8128878,0,99,8,0,0,14:33:5C:6D:AF:58,0,0,ARMED,112.0,0,0,80:02:9C:61:97:4B,11,10,110.2,80:02:9C:61:97:4A,0,0,NONE,2026-08-25T23:56:48.766985
45917,,35,35,0,0,65172,42708,8129504,0,99,8,0,0,14:33:5C:6D:AF:58,0,0,ARMED,112.0,0,1,80:02:9C:61:97:4B,11,1,1000.0,80:02:9C:61:97:4A,0,0,NONE,2026-08-25T23:56:49.392985
45917,,35,35,0,0,65172,42708,8129922,0,99,8,0,0,14:33:5C:6D:AF:58,0,0,ARMED,112.0,0,0,80:02:9C:61:97:4B,11,6,717.2,80:02:9C:61:97:4A,0,0,NONE,2026-08-25T23:56:49.810985
45917,BEACON,-95,2,0,2248,65172,42708,8130344,0,99,8,0,0,14:33:5C:6D:AF:58,0,0,ARMED,112.0,0,0,80:02:9C:61:97:4B,11,3,147.3,80:02:9C:61:97:4A,0,0,NONE,2026-08-25T23:56:50.232985
45917,BEACON,-88,9,0,3793,65172,42708,8130807,0,99,8,0,0,14:33:5C:6D:AF:58,0,0,ARMED,112.0,0,1,80:02:9C:61:97:4B,11,5,67.5,80:02:9C:61:97:4A,0,0,NONE,2026-08-25T23:56:50.695985
45917,,35,35,0,0,65172,42708,8131223,0,99,8,0,0,14:33:5C:6D:AF:58,0,0,ARMED,112.0,0,1,80:02:9C:61:97:4B,11,7,87.1,80:02:9C:61:97:4A,0,0,NONE,2026-08-25T23:56:51.111985
45917,,35,35,0,0,65172,42708,8131847,0,99,8,0,0,14:33:5C:6D:AF:58,0,0,ARMED,112.0,0,0,80:02:9C:61:97:4B,11,6,107.5,80:02:9C:61:97:4A,0,0,NONE,2026-08-25T23:56:51.735985
45917,,-61,36,606,2666,65172,42708,8131916,0,99,8,0,0,14:33:5C:6D:AF:58,0,1,ARMED,112.0,0,0,80:02:9C:61:97:4B,11,22,1006.8,80:02:9C:61:97:4A,0,0,NONE,2026-08-25T23:56:51.804985
45917,BEACON,-90,7,0,2048,65172,42708,8132064,0,99,8,0,0,14:33:5C:6D:AF:58,0,1,ARMED,112.0,0,1,80:02:9C:61:97:4B,11,6,88.4,80:02:9C:61:97:4A,0,0,NONE,2026-08-25T23:56:51.952985
45917,PROBE_RESP,-85,12,0,2689,65172,42708,8132266,0,99,8,0,0,14:33:5C:6D:AF:58,0,1,ARMED,112.0,0,1,80:02:9C:61:97:4B,11,10,192.6,80:02:9C:61:97:4A,0,0,NONE,2026-08-25T23:56:52.154985
45917,BEACON,-71,26,0,1081,65172,42708,8132937,0,99,8,0,0,14:33:5C:6D:AF:58,0,0,ARMED,112.0,0,1,80:02:9C:61:97:4B,11,14,136.7,80:02:9C:61:97:4A,0,0,NONE,2026-08-25T23:56:52.825985
45917,,-71,26,0,1089,63440,42708,8133654,0,99,8,0,0,14:33:5C:6D:AF:58,0,0,ARMED,112.0,0,0,80:02:9C:61:97:4B,11,1,792.4,80:02:9C:61:97:4A,0,0,NONE,2026-08-25T23:56:53.542985
45917,BEACON,-97,0,0,2284,65172,42708,8134030,0,99,8,0,0,14:33:5C:6D:AF:58,0,0,ARMED,112.0,0,0,80:02:9C:61:97:4B,11,9,129.3,80:02:9C:61:97:4A,0,0,NONE,2026-08-25T23:56:53.918985
45917,,49,49,0,0,65172,42708,8134242,0,99,8,0,0,14:33:5C:6D:AF:58,0,0,ARMED,112.0,0,0,80:02:9C:61:97:4B,11,33,466.5,80:02:9C:61:97:4A,0,0,NONE,2026-08-25T23:56:54.130985
45917,,-62,35,354,2688,65172,42708,8134527,0,99,8,0,0,14:33:5C:6D:AF:58,0,0,ARMED,112.0,0,0,80:02:9C:61:97:4B,11,13,752.9,80:02:9C:61:97:4A,0,0,NONE,2026-08-25T23:56:54.415985
45917,BEACON,-95,2,0,2232,65172,42708,8135152,0,99,8,0,0,14:33:5C:6D:AF:58,0,0,ARMED,112.0,0,1,80:02:9C:61:97:4B,11,1,61.7,80:02:9C:61:97:4A,0,0,NONE,2026-08-25T23:56:55.040985
45917,,-60,37,292,1449,65172,42708,8135531,0,99,8,0,0,14:33:5C:6D:AF:58,0,1,ARMED,112.0,0,0,80:02:9C:61:97:4B,11,6,68.5,80:02:9C:61:97:4A,0,0,NONE,2026-08-25T23:56:55.419985
45917,,-60,37,292,1449,65172,42708,8135531,0,99,8,0,0,14:33:5C:6D:AF:58,0,1,ARMED,112.0,0,0,80:02:9C:61:97:4B,11,6,68.5,80:02:9C:61:97:4A,0,0,NONE,2026-08-25T23:56:55.419985
45917,BEACON,-96,1,0,2301,65172,42708,8135771,0,99,8,0,0,14:33:5C:6D:AF:58,0,0,ARMED,112.0,0,1,80:02:9C:61:97:4B,11,1,49.0,80:02:9C:61:97:4A,0,0,NONE,2026-08-25T23:56:55.659985
45917,BEACON,-89,8,0,2090,65172,42708,8136365,0,99,8,0,0,14:33:5C:6D:AF:58,0,0,ARMED,112.0,0,1,80:02:9C:61:97:4B,11,9,109.6,80:02:9C:61:97:4A,0,0,NONE,2026-08-25T23:56:56.253985
45917,BEACON,-84,13,0,44,65172,42708,8136967,0,99,8,0,0,14:33:5C:6D:AF:58,0,0,ARMED,112.0,0,1,80:02:9C:61:97:4B,11,4,57.3,80:02:9C:61:97:4A,0,0,NONE,2026-08-25T23:56:56.855985
45917,,-61,36,787,2722,65172,42708,8137527,0,99,8,0,0,14:33:5C:6D:AF:58,0,0,ARMED,112.0,0,0,80:02:9C:61:97:4B,11,12,799.8,80:02:9C:61:97:4A,0,0,NONE,2026-08-25T23:56:57.415985
45917,BEACON,-76,21,0,1136,65172,42708,8138159,0,99,8,0,0,14:33:5C:6D:AF:58,0,0,ARMED,112.0,0,1,80:02:9C:61:97:4B,11,6,58.6,80:02:9C:61:97:4A,0,0,NONE,2026-08-25T23:56:58.047985
45917,,-60,37,292,1495,65172,42708,8138804,0,99,8,0,0,14:33:5C:6D:AF:58,0,0,ARMED,112.0,0,0,80:02:9C:61:97:4B,11,12,391.1,80:02:9C:61:97:4A,0,0,NONE,2026-08-25T23:56:58.692985
45917,BEACON,-86,11,82,63,65172,42708,8138913,0,99,8,0,0,14:33:5C:6D:AF:58,0,1,ARMED,112.0,0,1,80:02:9C:61:97:4B,11,3,76.4,80:02:9C:61:97:4A,0,0,NONE,2026-08-25T23:56:58.801985
45917,,49,49,0,0,65172,42708,8139620,0,99,8,0,0,14:33:5C:6D:AF:58,0,0,ARMED,112.0,0,1,80:02:9C:61:97:4B,11,1,35.8,80:02:9C:61:97:4A,0,0,NONE,2026-08-25T23:56:59.508985
45917,BEACON,-73,24,0,1160,65172,42708,8140002,0,99,8,0,0,14:33:5C:6D:AF:58,0,0,ARMED,112.0,0,1,80:02:9C:61:97:4B,11,8,78.1,80:02:9C:61:97:4A,0,0,NONE,2026-08-25T23:56:59.890985
45917,BEACON,-73,24,0,1165,65172,42708,8140514,0,99,8,0,0,14:33:5C:6D:AF:58,0,0,ARMED,112.0,0,1,80:02:9C:61:97:4B,11,7,68.4,80:02:9C:61:97:4A,0,0,NONE,2026-08-25T23:57:00.402985
45917,BEACON,-89,8,0,2963,65172,42708,8141051,0,99,8,0,0,14:33:5C:6D:AF:58,0,0,ARMED,112.0,0,1,80:02:9C:61:97:4B,11,1,40.1,80:02:9C:61:97:4A,0,0,NONE,2026-08-25T23:57:00.939985
45917,,-60,37,354,1544,65172,42708,8141531,0,99,8,0,0,14:33:5C:6D:AF:58,0,0,ARMED,112.0,0,1,80:02:9C:61:97:4B,11,21,220.1,80:02:9C:61:97:4A,0,0,NONE,2026-08-25T23:57:01.419985
45917,PROBE_RESP,-85,12,0,2709,65172,42708,8142244,0,99,8,0,0,14:33:5C:6D:AF:58,0,0,ARMED,112.0,0,0,80:02:9C:61:97:4B,11,7,76.2,80:02:9C:61:97:4A,0,0,NONE,2026-08-25T23:57:02.132985
45917,,-60,37,0,1572,65172,42708,8142326,0,99,8,0,0,14:33:5C:6D:AF:58,0,0,ARMED,112.0,0,0,80:02:9C:61:97:4B,11,49,751.0,80:02:9C:61:97:4A,0,0,NONE,2026-08-25T23:57:02.214985
45917,BEACON,-95,2,0,2369,65172,42708,8142734,0,99,8,0,0,14:33:5C:6D:AF:58,0,0,ARMED,112.0,0,0,80:02:9C:61:97:4B,11,3,91.6,80:02:9C:61:97:4A,0,0,NONE,2026-08-25T23:57:02.622985
45917,,-61,36,0,2803,65172,42708,8142876,0,99,8,0,0,14:33:5C:6D:AF:58,0,0,ARMED,112.0,0,0,80:02:9C:61:97:4B,11,46,636.6,80:02:9C:61:97:4A,0,0,NONE,2026-08-25T23:57:02.764985
45917,,35,35,0,0,65172,42708,8143488,0,99,8,0,0,14:33:5C:6D:AF:58,0,0,ARMED,112.0,0,1,80:02:9C:61:97:4B,11,9,129.1,80:02:9C:61:97:4A,0,0,NONE,2026-08-25T23:57:03.376985
45917,BEACON,-69,28,0,1205,65172,42708,8143996,0,99,8,0,0,14:33:5C:6D:AF:58,0,0,ARMED,112.0,0,1,80:02:9C:61:97:4B,11,8,122.2,80:02:9C:61:97:4A,0,0,NONE,2026-08-25T23:57:03.884985
45917,,-60,37,291,1611,65172,42708,8144597,0,99,8,0,0,14:33:5C:6D:AF:58,0,0,ARMED,112.0,0,0,80:02:9C:61:97:4B,11,6,113.5,80:02:9C:61:97:4A,0,0,NONE,2026-08-25T23:57:04.485985
45917,BEACON,-93,4,0,2329,65172,42708,8145085,0,99,8,0,0,14:33:5C:6D:AF:58,0,0,ARMED,112.0,0,1,80:02:9C:61:97:4B,11,2,70.1,80:02:9C:61:97:4A,0,0,NONE,2026-08-25T23:57:04.973985
45917,,-60,37,292,1633,65172,42708,8145641,0,99,8,0,0,14:33:5C:6D:AF:58,0,0,ARMED,112.0,0,0,80:02:9C:61:97:4B,11,14,246.7,80:02:9C:61:97:4A,0,0,NONE,2026-08-25T23:57:05.529985
45917,,-60,37,291,1645,65172,42708,8145766,0,99,8,0,0,14:33:5C:6D:AF:58,0,1,ARMED,112.0,0,0,80:02:9C:61:97:4B,11,31,379.1,80:02:9C:61:97:4A,0,0,NONE,2026-08-25T23:57:05.654985
45917,BEACON,-88,9,0,3951,65172,42708,8145962,0,99,8,0,0,14:33:5C:6D:AF:58,0,1,ARMED,112.0,0,1,80:02:9C:61:97:4B,11,10,134.7,80:02:9C:61:97:4A,0,0,NONE,2026-08-25T23:57:05.850985
45917,BEACON,-94,3,0,3750,65172,42708,8146435,0,99,8,0,0,14:33:5C:6D:AF:58,0,0,ARMED,112.0,0,1,80:02:9C:61:97:4B,11,1,28.7,80:02:9C:61:97:4A,0,0,NONE,2026-08-25T23:57:06.323985
45917,,35,35,0,0,65172,42708,8146858,0,99,8,0,0,14:33:5C:6D:AF:58,0,0,ARMED,112.0,0,0,80:02:9C:61:97:4B,11,5,104.2,80:02:9C:61:97:4A,0,0,NONE,2026-08-25T23:57:06.746985
45917,BEACON,-89,8,0,3027,65172,42708,8147604,0,99,8,0,0,14:33:5C:6D:AF:58,0,0,ARMED,112.0,0,1,80:02:9C:61:97:4B,11,8,102.5,80:02:9C:61:97:4A,0,0,NONE,2026-08-25T23:57:07.492985
45917,,-59,38,636,1674,65172,42708,8148284,0,99,8,0,0,14:33:5C:6D:AF:58,0,0,ARMED,112.0,0,0,80:02:9C:61:97:4B,11,4,97.0,80:02:9C:61:97:4A,0,0,NONE,2026-08-25T23:57:08.172985
45917,,36,36,0,0,65172,42708,8148427,0,99,8,0,0,14:33:5C:6D:AF:58,0,0,ARMED,112.0,0,0,80:02:9C:61:97:4B,11,32,395.6,80:02:9C:61:97:4A,0,0,NONE,2026-08-25T23:57:08.315985
45917,BEACON,-95,2,0,3772,65172,42708,8148688,0,99,8,0,0,14:33:5C:6D:AF:58,0,0,ARMED,112.0,0,1,80:02:9C:61:97:4B,11,3,85.7,80:02:9C:61:97:4A,0,0,NONE,2026-08-25T23:57:08.576985
45917,,50,50,0,0,65172,42708,8149156,0,99,8,0,0,14:33:5C:6D:AF:58,0,0,ARMED,112.0,0,0,80:02:9C:61:97:4B,11,18,192.0,80:02:9C:61:97:4A,0,0,NONE,2026-08-25T23:57:09.044985
45917,,36,36,0,0,65172,42708,8149308,0,99,8,0,0,14:33:5C:6D:AF:58,0,0,ARMED,112.0,0,1,80:02:9C:61:97:4B,11,22,539.0,80:02:9C:61:97:4A,0,0,NONE,2026-08-25T23:57:09.196985
45917,BEACON,-96,1,0,45,65172,42708,8149625,0,99,8,0,0,14:33:5C:6D:AF:58,0,0,ARMED,112.0,0,1,80:02:9C:61:97:4B,11,3,59.3,80:02:9C:61:97:4A,0,0,NONE,2026-08-25T23:57:09.513985
45917,PROBE_RESP,-90,7,0,2736,65172,42708,8150303,0,99,8,0,0,14:33:5C:6D:AF:58,0,0,ARMED,112.0,0,1,80:02:9C:61:97:4B,11,3,260.7,80:02:9C:61:97:4A,0,0,NONE,2026-08-25T23:57:10.191985
45917,BEACON,-97,0,0,2449,65172,42708,8150926,0,99,8,0,0,14:33:5C:6D:AF:58,0,0,ARMED,112.0,0,0,80:02:9C:61:97:4B,11,2,97.3,80:02:9C:61:97:4A,0,0,NONE,2026-08-25T23:57:10.814985
45917,,-61,36,0,2882,65172,42708,8151511,0,99,8,0,0,14:33:5C:6D:AF:58,0,0,ARMED,112.0,0,0,80:02:9C:61:97:4B,11,18,192.1,80:02:9C:61:97:4A,0,0,NONE,2026-08-25T23:57:11.399985
45917,BEACON,-83,14,0,193,65172,42708,8152225,0,99,8,0,0,14:33:5C:6D:AF:58,0,0,ARMED,112.0,0,1,80:02:9C:61:97:4B,11,1,27.0,80:02:9C:61:97:4A,0,0,NONE,2026-08-25T23:57:12.113985
45917,BEACON,-69,28,0,1302,65172,42708,8152597,0,99,8,0,0,14:33:5C:6D:AF:58,0,0,ARMED,112.0,0,1,80:02:9C:61:97:4B,11,5,48.8,80:02:9C:61:97:4A,0,0,NONE,2026-08-25T23:57:12.485985
45917,,-61,36,0,2912,65172,42708,8152794,0,99,8,0,0,14:33:5C:6D:AF:58,0,0,ARMED,112.0,0,0,80:02:9C:61:97:4B,11,44,464.8,80:02:9C:61:97:4A,0,0,NONE,2026-08-25T23:57:12.682985
45917,,-60,37,852,1781,65172,42708,8153386,0,99,8,0,0,14:33:5C:6D:AF:58,0,0,ARMED,112.0,0,0,80:02:9C:61:97:4B,11,13,179.4,80:02:9C:61:97:4A,0,0,NONE,2026-08-25T23:57:13.274985
45917,BEACON,-85,12,0,210,65172,42708,8153965,0,99,8,0,0,14:33:5C:6D:AF:58,0,0,ARMED,112.0,0,1,80:02:9C:61:97:4B,11,2,54.0,80:02:9C:61:97:4A,0,0,NONE,2026-08-25T23:57:13.853985
45917,BEACON,-95,2,0,91,65172,42708,8154438,0,99,8,0,0,14:33:5C:6D:AF:58,0,0,ARMED,112.0,0,1,80:02:9C:61:97:4B,11,17,163.0,80:02:9C:61:97:4A,0,0,NONE,2026-08-25T23:57:14.326985
45917,BEACON,-70,27,0,1329,65172,42708,8154850,0,99,8,0,0,14:33:5C:6D:AF:58,0,0,ARMED,112.0,0,1,80:02:9C:61:97:4B,11,24,234.4,80:02:9C:61:97:4A,0,0,NONE,2026-08-25T23:57:14.738985
45917,,-61,36,1130,2930,65172,42708,8155235,0,99,8,0,0,14:33:5C:6D:AF:58,0,0,ARMED,112.0,0,0,80:02:9C:61:97:4B,11,26,334.1,80:02:9C:61:97:4A,0,0,NONE,2026-08-25T23:57:15.123985
45917,BEACON,-89,8,0,2282,65172,42708,8156026,0,99,8,0,0,14:33:5C:6D:AF:58,0,0,ARMED,112.0,0,1,80:02:9C:61:97:4B,11,5,102.5,80:02:9C:61:97:4A,0,0,NONE,2026-08-25T23:57:15.914985
45917,BEACON,-91,6,64,2284,65172,42708,8156230,0,99,8,0,0,14:33:5C:6D:AF:58,0,0,ARMED,112.0,0,1,80:02:9C:61:97:4B,11,29,589.5,80:02:9C:61:97:4A,0,0,NONE,2026-08-25T23:57:16.118985
45917,,-61,36,0,2951,65172,42708,8156325,0,99,8,0,0,14:33:5C:6D:AF:58,0,1,ARMED,112.0,0,1,80:02:9C:61:97:4B,11,23,555.9,80:02:9C:61:97:4A,0,0,NONE,2026-08-25T23:57:16.213985
45917,BEACON,-96,1,0,3850,65172,42708,8156676,0,99,8,0,0,14:33:5C:6D:AF:58,0,0,ARMED,112.0,0,1,80:02:9C:61:97:4B,11,8,93.3,80:02:9C:61:97:4A,0,0,NONE,2026-08-25T23:57:16.564985
45917,,35,35,0,0,65172,42708,8157198,0,99,8,0,0,14:33:5C:6D:AF:58,0,0,ARMED,112.0,0,0,80:02:9C:61:97:4B,11,8,83.9,80:02:9C:61:97:4A,0,0,NONE,2026-08-25T23:57:17.086985
45917,,49,49,0,0,65172,42708,8157267,0,99,8,0,0,14:33:5C:6D:AF:58,0,0,ARMED,112.0,0,0,80:02:9C:61:97:4B,11,44,684.8,80:02:9C:61:97:4A,0,0,NONE,2026-08-25T23:57:17.155985
45917,BEACON,-94,3,0,2452,65172,42708,8157680,0,99,8,0,0,14:33:5C:6D:AF:58,0,0,ARMED,112.0,0,1,80:02:9C:61:97:4B,11,5,74.3,80:02:9C:61:97:4A,0,0,NONE,2026-08-25T23:57:17.568985
45917,BEACON,-75,22,0,1364,65172,42708,8158229,0,99,8,0,0,14:33:5C:6D:AF:58,0,0,ARMED,112.0,0,1,80:02:9C:61:97:4B,11,10,95.2,80:02:9C:61:97:4A,0,0,NONE,2026-08-25T23:57:18.117985
45917,BEACON,-94,3,0,2541,65172,42708,8158504,0,99,8,0,0,14:33:5C:6D:AF:58,0,0,ARMED,112.0,0,1,80:02:9C:61:97:4B,11,28,401.4,80:02:9C:61:97:4A,0,0,NONE,2026-08-25T23:57:18.392985
45917,BEACON,-96,1,0,2528,65172,42708,8159016,0,99,8,0,0,14:33:5C:6D:AF:58,0,0,ARMED,112.0,0,0,80:02:9C:61:97:4B,11,7,100.3,80:02:9C:61:97:4A,0,0,NONE,2026-08-25T23:57:18.904985
45917,BEACON,-95,2,0,2531,65172,42708,8159323,0,99,8,0,0,14:33:5C:6D:AF:58,0,1,ARMED,112.0,0,0,80:02:9C:61:97:4B,11,5,68.9,80:02:9C:61:97:4A,0,0,NONE,2026-08-25T23:57:19.211985
45917,,-59,38,292,1876,65172,42708,8159671,0,99,8,0,0,14:33:5C:6D:AF:58,0,0,ARMED,112.0,0,0,80:02:9C:61:97:4B,11,5,580.0,80:02:9C:61:97:4A,0,0,NONE,2026-08-25T23:57:19.559985
45917,,-60,37,292,1885,65172,42708,8160053,0,99,8,0,0,14:33:5C:6D:AF:58,0,0,ARMED,112.0,0,0,80:02:9C:61:97:4B,11,7,84.6,80:02:9C:61:97:4A,0,0,NONE,2026-08-25T23:57:19.941985
45917,BEACON,-72,25,0,1391,65172,42708,8160482,0,99,8,0,0,14:33:5C:6D:AF:58,0,0,ARMED,112.0,0,1,80:02:9C:61:97:4B,11,6,58.6,80:02:9C:61:97:4A,0,0,NONE,2026-08-25T23:57:20.370985
45917,BEACON,-74,23,0,1398,65172,42708,8161199,0,99,8,0,0,14:33:5C:6D:AF:58,0,0,ARMED,112.0,0,1,80:02:9C:61:97:4B,11,9,87.9,80:02:9C:61:97:4A,0,0,NONE,2026-08-25T23:57:21.087985
45917,BEACON,-68,29,0,1405,65172,42708,8161813,0,99,8,0,0,14:33:5C:6D:AF:58,0,0,ARMED,112.0,0,1,80:02:9C:61:97:4B,11,8,78.1,80:02:9C:61:97:4A,0,0,NONE,2026-08-25T23:57:21.701985
45917,,-61,36,885,3018,65172,42708,8162178,0,99,8,0,0,14:33:5C:6D:AF:58,0,0,ARMED,112.0,0,0,80:02:9C:61:97:4B,11,23,400.0,80:02:9C:61:97:4A,0,0,NONE,2026-08-25T23:57:22.066985
45917,BEACON,-96,1,0,173,65172,42708,8162835,0,99,8,0,0,14:33:5C:6D:AF:58,0,0,ARMED,112.0,0,1,80:02:9C:61:97:4B,11,5,79.6,80:02:9C:61:97:4A,0,0,NONE,2026-08-25T23:57:22.723985
45917,,-59,38,40414,1925,65172,42708,8163290,0,99,8,0,0,14:33:5C:6D:AF:58,0,0,ARMED,112.0,0,1,80:02:9C:61:97:4B,11,1,168.7,80:02:9C:61:97:4A,0,0,NONE,2026-08-25T23:57:23.178985
45917,BEACON,-72,25,0,1425,65172,42708,8163554,0,99,8,0,0,14:33:5C:6D:AF:58,0,0,ARMED,112.0,0,1,80:02:9C:61:97:4B,11,5,76.4,80:02:9C:61:97:4A,0,0,NONE,2026-08-25T23:57:23.442985
45917,BEACON,-98,-1,0,186,65172,42708,8164166,0,99,8,0,0,14:33:5C:6D:AF:58,0,0,ARMED,112.0,0,1,80:02:9C:61:97:4B,11,4,63.7,80:02:9C:61:97:4A,0,0,NONE,2026-08-25T23:57:24.054985
45917,,50,50,0,0,65172,42708,8164856,0,99,8,0,0,14:33:5C:6D:AF:58,0,0,ARMED,112.0,0,1,80:02:9C:61:97:4B,11,8,222.7,80:02:9C:61:97:4A,0,0,NONE,2026-08-25T23:57:24.744985
45917,BEACON,-95,2,0,3933,65172,42708,8165176,0,99,8,0,0,14:33:5C:6D:AF:58,0,0,ARMED,112.0,0,1,80:02:9C:61:97:4B,11,4,80.9,80:02:9C:61:97:4A,0,0,NONE,2026-08-25T23:57:25.064985
45917,,-86,11,0,2774,65172,42708,8165848,0,99,8,0,0,14:33:5C:6D:AF:58,0,0,ARMED,112.0,0,0,80:02:9C:61:97:4B,11,2,478.2,80:02:9C:61:97:4A,0,1,AUTH_FLOOD,2026-08-25T23:57:25.736985
45917,,50,50,0,0,65172,42708,8165931,0,99,8,0,0,14:33:5C:6D:AF:58,0,0,ARMED,112.0,0,0,80:02:9C:61:97:4B,11,52,593.4,80:02:9C:61:97:4A,0,1,AUTH_FLOOD,2026-08-25T23:57:25.819985
45917,,36,36,0,0,65172,42708,8166124,0,99,8,0,0,14:33:5C:6D:AF:58,0,0,ARMED,112.0,0,0,80:02:9C:61:97:4B,11,8,106.6,80:02:9C:61:97:4A,0,0,NONE,2026-08-25T23:57:26.012985
45917,,-60,37,292,1978,65172,42708,8166512,0,99,8,0,0,14:33:5C:6D:AF:58,0,0,ARMED,112.0,0,0,80:02:9C:61:97:4B,11,5,92.8,80:02:9C:61:97:4A,0,1,AUTH_FLOOD,2026-08-25T23:57:26.400985
45917,BEACON,-85,12,0,335,65172,42708,8166765,0,99,8,0,0,14:33:5C:6D:AF:58,0,0,ARMED,112.0,0,1,80:02:9C:61:97:4B,11,5,50.9,80:02:9C:61:97:4A,0,1,AUTH_FLOOD,2026-08-25T23:57:26.653985
45917,DEAUTH,-70,27,0,1469,65172,42708,8166954,0,99,8,0,0,14:33:5C:6D:AF:58,0,0,ARMED,112.0,0,1,80:02:9C:61:97:4B,11,34,590.6,80:02:9C:61:97:4A,0,1,AUTH_FLOOD,2026-08-25T23:57:26.842985
45917,AUTH,-72,25,0,1472,65172,42708,8167000,0,99,8,0,0,14:33:5C:6D:AF:58,1,1,ARMED,112.0,0,0,80:02:9C:61:97:4B,11,2,716.1,80:02:9C:61:97:4A,0,1,AUTH_FLOOD,2026-08-25T23:57:26.888985
45917,DEAUTH,-73,24,0,1480,65172,42708,8167042,0,99,8,0,0,14:33:5C:6D:AF:58,1,1,ARMED,112.0,0,0,80:02:9C:61:97:4B,11,52,1149.9,80:02:9C:61:97:4A,0,1,AUTH_FLOOD,2026-08-25T23:57:26.930985
45917,DEAUTH,-71,26,0,1486,65172,42708,8167090,0,99,8,0,0,14:33:5C:6D:AF:58,1,1,ARMED,112.0,0,0,80:02:9C:61:97:4B,11,102,1097.7,80:02:9C:61:97:4A,0,1,AUTH_FLOOD,2026-08-25T23:57:26.978985
45917,AUTH,-71,26,0,1493,65172,42708,8167132,0,99,8,0,0,14:33:5C:6D:AF:58,1,1,ARMED,112.0,0,0,80:02:9C:61:97:4B,11,49,1884.9,80:02:9C:61:97:4A,0,1,AUTH_FLOOD,2026-08-25T23:57:27.020985
45917,,46,46,0,0,65172,42708,8167559,0,99,8,0,0,14:33:5C:6D:AF:58,0,0,ARMED,112.0,0,1,80:02:9C:61:97:4B,11,1,88.1,80:02:9C:61:97:4A,0,1,AUTH_FLOOD,2026-08-25T23:57:27.447985
45917,BEACON,-85,12,64,346,65172,42708,8167892,0,99,8,0,0,14:33:5C:6D:AF:58,1,0,ARMED,112.0,0,1,80:02:9C:61:97:4B,11,19,489.4,80:02:9C:61:97:4A,0,1,AUTH_FLOOD,2026-08-25T23:57:27.780985
45917,AUTH,-93,4,0,2158,65172,42708,8167941,0,99,8,0,0,14:33:5C:6D:AF:58,1,0,ARMED,112.0,0,0,80:02:9C:61:97:4B,11,69,783.9,80:02:9C:61:97:4A,0,1,AUTH_FLOOD,2026-08-25T23:57:27.829985
45917,AUTH,-93,4,0,2159,65172,42708,8167988,0,99,8,0,0,14:33:5C:6D:AF:58,0,1,ARMED,112.0,0,0,80:02:9C:61:97:4B,11,49,2210.7,80:02:9C:61:97:4A,0,1,AUTH_FLOOD,2026-08-25T23:57:27.876985
45917,AUTH,-97,0,0,2161,65172,42708,8168047,0,99,8,0,0,14:33:5C:6D:AF:58,0,1,ARMED,112.0,0,0,80:02:9C:61:97:4B,11,99,1221.7,80:02:9C:61:97:4A,0,1,AUTH_FLOOD,2026-08-25T23:57:27.935985
45917,AUTH,-97,0,0,2161,65172,42708,8168047,0,99,8,0,0,14:33:5C:6D:AF:58,0,1,ARMED,112.0,0,0,80:02:9C:61:97:4B,11,99,1221.7,80:02:9C:61:97:4A,0,1,AUTH_FLOOD,2026-08-25T23:57:27.935985
45917,AUTH,-92,5,0,2163,65172,42708,8168104,0,99,8,0,0,14:33:5C:6D:AF:58,0,1,ARMED,112.0,0,0,80:02:9C:61:97:4B,11,34,891.5,80:02:9C:61:97:4A,0,1,AUTH_FLOOD,2026-08-25T23:57:27.992985
45917,AUTH,-96,1,0,2165,65172,42708,8168163,0,99,8,0,0,14:33:5C:6D:AF:58,0,1,ARMED,112.0,0,0,80:02:9C:61:97:4B,11,84,865.1,80:02:9C:61:97:4A,0,1,AUTH_FLOOD,2026-08-25T23:57:28.051985
45917,AUTH,-91,6,0,2168,65172,42708,8168307,0,99,8,0,0,14:33:5C:6D:AF:58,0,1,ARMED,112.0,0,0,80:02:9C:61:97:4B,11,6,347.8,80:02:9C:61:97:4A,0,1,AUTH_FLOOD,2026-08-25T23:57:28.195985
45917,AUTH,-86,11,0,2170,65172,42708,8168354,0,99,8,0,0,14:33:5C:6D:AF:58,0,1,ARMED,112.0,0,0,80:02:9C:61:97:4B,11,56,868.6,80:02:9C:61:97:4A,0,1,AUTH_FLOOD,2026-08-25T23:57:28.242985
45917,AUTH,-87,10,0,2171,65172,42708,8168410,0,99,8,0,0,14:33:5C:6D:AF:58,0,1,ARMED,112.0,0,0,80:02:9C:61:97:4B,11,27,1341.0,80:02:9C:61:97:4A,0,1,AUTH_FLOOD,2026-08-25T23:57:28.298985
45917,AUTH,-85,12,0,2173,65172,42708,8168448,0,99,8,0,0,14:33:5C:6D:AF:58,0,1,ARMED,112.0,0,0,80:02:9C:61:97:4B,11,77,1326.9,80:02:9C:61:97:4A,0,1,AUTH_FLOOD,2026-08-25T23:57:28.336985
45917,AUTH,-87,10,0,2174,65172,42708,8168482,0,99,8,0,0,14:33:5C:6D:AF:58,0,1,ARMED,112.0,0,0,80:02:9C:61:97:4B,11,127,1379.1,80:02:9C:61:97:4A,0,1,AUTH_FLOOD,2026-08-25T23:57:28.370985
45917,AUTH,-87,10,0,2175,65172,42708,8168519,0,99,8,0,0,14:33:5C:6D:AF:58,0,1,ARMED,112.0,0,0,80:02:9C:61:97:4B,11,37,1285.3,80:02:9C:61:97:4A,0,1,AUTH_FLOOD,2026-08-25T23:57:28.407985
45917,AUTH,-87,10,0,2176,65172,42708,8168553,0,99,8,0,0,14:33:5C:6D:AF:58,0,1,ARMED,112.0,0,0,80:02:9C:61:97:4B,11,87,1389.5,80:02:9C:61:97:4A,0,1,AUTH_FLOOD,2026-08-25T23:57:28.441985
45917,AUTH,-85,12,0,2177,65172,42708,8168588,0,99,8,0,0,14:33:5C:6D:AF:58,0,1,ARMED,112.0,0,0,80:02:9C:61:97:4B,11,137,1401.8,80:02:9C:61:97:4A,0,1,AUTH_FLOOD,2026-08-25T23:57:28.476985
45917,AUTH,-88,9,0,2178,65172,42708,8168626,0,99,8,0,0,14:33:5C:6D:AF:58,0,1,ARMED,112.0,0,0,80:02:9C:61:97:4B,11,49,2258.7,80:02:9C:61:97:4A,0,1,AUTH_FLOOD,2026-08-25T23:57:28.514985
45917,AUTH,-72,25,0,1521,65172,42708,8168748,0,99,8,0,0,14:33:5C:6D:AF:58,1,1,ARMED,112.0,0,1,80:02:9C:61:97:4B,11,38,882.0,80:02:9C:61:97:4A,0,1,AUTH_FLOOD,2026-08-25T23:57:28.636985
45917,AUTH,-71,26,0,1527,65172,42708,8168805,0,99,8,0,0,14:33:5C:6D:AF:58,1,1,ARMED,112.0,0,0,80:02:9C:61:97:4B,11,88,882.0,80:02:9C:61:97:4A,0,1,AUTH_FLOOD,2026-08-25T23:57:28.693985
45917,DEAUTH,-70,27,0,1530,65172,42708,8168862,0,99,8,0,0,14:33:5C:6D:AF:58,1,1,ARMED,112.0,0,1,80:02:9C:61:97:4B,11,49,910.7,80:02:9C:61:97:4A,0,1,AUTH_FLOOD,2026-08-25T23:57:28.750985
45917,DEAUTH,-71,26,0,1535,65172,42708,8168917,0,99,8,0,0,14:33:5C:6D:AF:58,1,1,ARMED,112.0,0,1,80:02:9C:61:97:4B,11,8,993.4,80:02:9C:61:97:4A,0,1,AUTH_FLOOD,2026-08-25T23:57:28.805985
45917,AUTH,-47,50,0,2299,65172,42708,8168971,0,99,8,0,0,14:33:5C:6D:AF:58,1,1,ARMED,112.0,0,0,80:02:9C:61:97:4B,11,58,937.6,80:02:9C:61:97:4A,0,1,AUTH_FLOOD,2026-08-25T23:57:28.859985
45917,DEAUTH,-71,26,0,1545,65172,42708,8169035,0,99,8,0,0,14:33:5C:6D:AF:58,1,1,ARMED,112.0,0,0,80:02:9C:61:97:4B,11,16,647.6,80:02:9C:61:97:4A,0,1,AUTH_FLOOD,2026-08-25T23:57:28.923985
45917,AUTH,-69,28,0,1550,65172,42708,8169072,0,99,8,0,0,14:33:5C:6D:AF:58,1,1,ARMED,112.0,0,0,80:02:9C:61:97:4B,11,66,1071.4,80:02:9C:61:97:4A,0,1,AUTH_FLOOD,2026-08-25T23:57:28.960985
45917,DEAUTH,-70,27,0,1558,65172,42708,8169116,0,99,8,0,0,14:33:5C:6D:AF:58,1,1,ARMED,112.0,0,0,80:02:9C:61:97:4B,11,7,1227.2,80:02:9C:61:97:4A,0,1,AUTH_FLOOD,2026-08-25T23:57:29.004985
45917,AUTH,-71,26,0,1565,65172,42708,8169162,0,99,8,0,0,14:33:5C:6D:AF:58,1,1,ARMED,112.0,0,0,80:02:9C:61:97:4B,11,57,1105.0,80:02:9C:61:97:4A,0,1,AUTH_FLOOD,2026-08-25T23:57:29.050985
45917,DEAUTH,-71,26,0,1573,65172,42708,8169206,0,99,8,0,0,14:33:5C:6D:AF:58,1,1,ARMED,112.0,0,0,80:02:9C:61:97:4B,11,107,1117.5,80:02:9C:61:97:4A,0,1,AUTH_FLOOD,2026-08-25T23:57:29.094985
45917,DEAUTH,-70,27,0,1580,65172,42708,8169251,0,99,8,0,0,14:33:5C:6D:AF:58,1,1,ARMED,112.0,0,0,80:02:9C:61:97:4B,11,45,1109.5,80:02:9C:61:97:4A,0,1,AUTH_FLOOD,2026-08-25T23:57:29.139985
45917,DEAUTH,-70,27,0,1595,65172,42708,8169340,0,99,8,0,0,14:33:5C:6D:AF:58,1,1,ARMED,112.0,0,0,80:02:9C:61:97:4B,11,32,1101.7,80:02:9C:61:97:4A,0,1,AUTH_FLOOD,2026-08-25T23:57:29.228985
45917,AUTH,-69,28,0,1602,65172,42708,8169383,0,99,8,0,0,14:33:5C:6D:AF:58,1,1,ARMED,112.0,0,0,80:02:9C:61:97:4B,11,82,1140.2,80:02:9C:61:97:4A,0,1,AUTH_FLOOD,2026-08-25T23:57:29.271985
45917,DEAUTH,-71,26,0,1610,65172,42708,8169430,0,99,8,0,0,14:33:5C:6D:AF:58,1,1,ARMED,112.0,0,0,80:02:9C:61:97:4B,11,20,1058.8,80:02:9C:61:97:4A,0,1,AUTH_FLOOD,2026-08-25T23:57:29.318985
45917,AUTH,-69,28,0,1617,65172,42708,8169473,0,99,8,0,0,14:33:5C:6D:AF:58,1,1,ARMED,112.0,0,0,80:02:9C:61:97:4B,11,70,1132.5,80:02:9C:61:97:4A,0,1,AUTH_FLOOD,2026-08-25T23:57:29.361985
45917,DEAUTH,-68,29,0,1625,65172,42708,8169517,0,99,8,0,0,14:33:5C:6D:AF:58,1,1,ARMED,112.0,0,0,80:02:9C:61:97:4B,11,6,1196.6,80:02:9C:61:97:4A,0,1,AUTH_FLOOD,2026-08-25T23:57:29.405985
45917,AUTH,-71,26,0,1629,65172,42708,8169556,0,99,8,0,0,14:33:5C:6D:AF:58,1,1,ARMED,112.0,0,1,80:02:9C:61:97:4B,11,56,1249.9,80:02:9C:61:97:4A,0,1,AUTH_FLOOD,2026-08-25T23:57:29.444985
45917,AUTH,-38,59,0,2393,64528,42708,8169632,0,99,8,0,0,14:33:5C:6D:AF:58,1,1,ARMED,112.0,0,0,80:02:9C:61:97:4B,11,26,1280.8,80:02:9C:61:97:4A,0,1,AUTH_FLOOD,2026-08-25T23:57:29.520985
45917,AUTH,-70,27,0,1588,65172,42708,8169296,0,99,8,0,0,14:33:5C:6D:AF:58,1,1,ARMED,112.0,0,0,80:02:9C:61:97:4B,11,95,1118.4,80:02:9C:61:97:4A,0,1,AUTH_FLOOD,2026-08-25T23:57:29.184985
45917,AUTH,-42,55,0,2378,64528,42708,8169591,0,99,8,0,0,14:33:5C:6D:AF:58,1,1,ARMED,112.0,0,0,80:02:9C:61:97:4B,11,106,1339.6,80:02:9C:61:97:4A,0,1,AUTH_FLOOD,2026-08-25T23:57:29.479985
45917,AUTH,-37,60,0,2412,63884,42708,8169672,0,99,8,0,0,14:33:5C:6D:AF:58,1,1,ARMED,112.0,0,0,80:02:9C:61:97:4B,11,76,1267.1,80:02:9C:61:97:4A,0,1,AUTH_FLOOD,2026-08-25T23:57:29.560985
45917,DEAUTH,-71,26,1593,1648,63240,42708,8169755,0,99,8,0,0,14:33:5C:6D:AF:58,1,1,ARMED,112.0,0,0,80:02:9C:61:97:4B,11,49,1185.4,80:02:9C:61:97:4A,0,1,AUTH_FLOOD,2026-08-25T23:57:29.643985
45917,DEAUTH,-72,25,0,1654,65172,42708,8169799,0,99,8,0,0,14:33:5C:6D:AF:58,1,1,ARMED,112.0,0,0,80:02:9C:61:97:4B,11,99,1162.8,80:02:9C:61:97:4A,0,1,AUTH_FLOOD,2026-08-25T23:57:29.687985
45917,AUTH,-73,24,0,1662,65172,42708,8169844,0,99,8,0,0,14:33:5C:6D:AF:58,1,1,ARMED,112.0,0,0,80:02:9C:61:97:4B,11,33,1088.9,80:02:9C:61:97:4A,0,1,AUTH_FLOOD,2026-08-25T23:57:29.732985
45917,DEAUTH,-72,25,0,1669,65172,42708,8169890,0,99,8,0,0,14:33:5C:6D:AF:58,1,1,ARMED,112.0,0,0,80:02:9C:61:97:4B,11,83,1089.2,80:02:9C:61:97:4A,0,1,AUTH_FLOOD,2026-08-25T23:57:29.778985
45917,AUTH,-72,25,0,1677,65172,42708,8169933,0,99,8,0,0,14:33:5C:6D:AF:58,1,1,ARMED,112.0,0,0,80:02:9C:61:97:4B,11,23,1223.7,80:02:9C:61:97:4A,0,1,AUTH_FLOOD,2026-08-25T23:57:29.821985
45917,AUTH,-72,25,139,1682,65172,42708,8169971,0,99,8,0,0,14:33:5C:6D:AF:58,1,1,ARMED,112.0,0,1,80:02:9C:61:97:4B,11,73,1289.0,80:02:9C:61:97:4A,0,1,AUTH_FLOOD,2026-08-25T23:57:29.859985
45917,AUTH,-41,56,0,2437,63240,42708,8169711,0,99,8,0,0,14:33:5C:6D:AF:58,1,1,ARMED,112.0,0,0,80:02:9C:61:97:4B,11,126,1270.4,80:02:9C:61:97:4A,0,1,AUTH_FLOOD,2026-08-25T23:57:29.599985
45917,,35,35,0,0,65172,42708,8170013,0,99,8,0,0,14:33:5C:6D:AF:58,1,1,ARMED,112.0,0,1,80:02:9C:61:97:4B,11,123,1246.3,80:02:9C:61:97:4A,0,1,AUTH_FLOOD,2026-08-25T23:57:29.901985
45917,AUTH,-74,23,0,1695,65172,42708,8170052,0,99,8,0,0,14:33:5C:6D:AF:58,1,1,ARMED,112.0,0,0,80:02:9C:61:97:4B,11,49,2211.3,80:02:9C:61:97:4A,0,1,AUTH_FLOOD,2026-08-25T23:57:29.940985
45917,,-61,36,1121,3110,65172,42708,8170087,0,99,8,0,0,14:33:5C:6D:AF:58,1,1,ARMED,112.0,0,1,80:02:9C:61:97:4B,11,99,1748.8,80:02:9C:61:97:4A,0,1,AUTH_FLOOD,2026-08-25T23:57:29.975985
45917,AUTH,-72,25,0,1705,65172,42708,8170120,0,99,8,0,0,14:33:5C:6D:AF:58,1,1,ARMED,112.0,0,0,80:02:9C:61:97:4B,11,149,1648.4,80:02:9C:61:97:4A,0,1,AUTH_FLOOD,2026-08-25T23:57:30.008985
45917,AUTH,-71,26,226,1709,65172,42708,8170154,0,99,8,0,0,14:33:5C:6D:AF:58,1,1,ARMED,112.0,0,1,80:02:9C:61:97:4B,11,35,1463.1,80:02:9C:61:97:4A,0,1,AUTH_FLOOD,2026-08-25T23:57:30.042985
45917,AUTH,-71,26,0,1715,65172,42708,8170195,0,99,8,0,0,14:33:5C:6D:AF:58,1,1,ARMED,112.0,0,0,80:02:9C:61:97:4B,11,85,1325.5,80:02:9C:61:97:4A,0,1,AUTH_FLOOD,2026-08-25T23:57:30.083985
45917,AUTH,-71,26,0,1722,65172,42708,8170238,0,99,8,0,0,14:33:5C:6D:AF:58,1,1,ARMED,112.0,0,0,80:02:9C:61:97:4B,11,7,1073.5,80:02:9C:61:97:4A,0,1,AUTH_FLOOD,2026-08-25T23:57:30.126985
45917,BEACON,-84,13,0,373,65172,42708,8170657,0,99,8,0,0,14:33:5C:6D:AF:58,0,0,ARMED,112.0,0,1,80:02:9C:61:97:4B,11,8,77.8,80:02:9C:61:97:4A,0,1,AUTH_FLOOD,2026-08-25T23:57:30.545985
45917,,-59,38,172436,2065,65172,42708,8171314,0,99,8,0,0,14:33:5C:6D:AF:58,0,0,ARMED,112.0,0,1,80:02:9C:61:97:4B,11,4,92.9,80:02:9C:61:97:4A,0,1,AUTH_FLOOD,2026-08-25T23:57:31.202985
45917,,-56,41,0,3923,65172,42708,8172123,0,99,8,0,0,14:33:5C:6D:AF:58,0,0,ARMED,112.0,0,1,80:02:9C:61:97:4B,11,1,30.8,80:02:9C:61:97:4A,0,1,AUTH_FLOOD,2026-08-25T23:57:32.011985
45917,BEACON,-94,3,0,264,65172,42708,8172460,0,99,8,0,0,14:33:5C:6D:AF:58,0,0,ARMED,112.0,0,1,80:02:9C:61:97:4B,11,4,63.6,80:02:9C:61:97:4A,0,1,AUTH_FLOOD,2026-08-25T23:57:32.348985
45917,BEACON,-95,2,0,2665,65172,42708,8173044,0,99,8,0,0,14:33:5C:6D:AF:58,0,0,ARMED,112.0,0,0,80:02:9C:61:97:4B,11,4,122.2,80:02:9C:61:97:4A,0,1,AUTH_FLOOD,2026-08-25T23:57:32.932985
45917,,-59,38,0,2094,65172,42708,8173538,0,99,8,0,0,14:33:5C:6D:AF:58,0,0,ARMED,112.0,0,0,80:02:9C:61:97:4B,11,5,1848.4,80:02:9C:61:97:4A,0,1,AUTH_FLOOD,2026-08-25T23:57:33.426985
45917,AUTH,-92,5,0,2482,65172,42708,8173681,0,99,8,0,0,14:33:5C:6D:AF:58,0,1,ARMED,112.0,0,0,80:02:9C:61:97:4B,11,12,277.6,80:02:9C:61:97:4A,0,1,AUTH_FLOOD,2026-08-25T23:57:33.569985
45917,AUTH,-95,2,0,2483,65172,42708,8173769,0,99,8,0,0,14:33:5C:6D:AF:58,0,1,ARMED,112.0,0,0,80:02:9C:61:97:4B,11,19,668.2,80:02:9C:61:97:4A,0,1,AUTH_FLOOD,2026-08-25T23:57:33.657985
45917,BEACON,-94,3,0,283,65172,42708,8174099,0,99,8,0,0,14:33:5C:6D:AF:58,0,0,ARMED,112.0,0,1,80:02:9C:61:97:4B,11,4,78.1,80:02:9C:61:97:4A,0,1,AUTH_FLOOD,2026-08-25T23:57:33.987985
45917,BEACON,-73,24,0,1770,65172,42708,8174408,0,99,8,0,0,14:33:5C:6D:AF:58,0,0,ARMED,112.0,0,1,80:02:9C:61:97:4B,11,13,236.8,80:02:9C:61:97:4A,0,1,AUTH_FLOOD,2026-08-25T23:57:34.296985
45917,PROBE_RESP,-90,7,0,1860,65172,42708,8175168,0,99,8,0,0,14:33:5C:6D:AF:58,0,0,ARMED,112.0,0,1,80:02:9C:61:97:4B,11,7,73.0,80:02:9C:61:97:4A,0,1,AUTH_FLOOD,2026-08-25T23:57:35.056985
45917,PROBE_RESP,-84,13,0,2806,65172,42708,8175377,0,99,8,0,0,14:33:5C:6D:AF:58,0,1,ARMED,112.0,0,1,80:02:9C:61:97:4B,11,40,397.3,80:02:9C:61:97:4A,0,1,AUTH_FLOOD,2026-08-25T23:57:35.265985
45917,PROBE_RESP,-84,13,0,2806,65172,42708,8175377,0,99,8,0,0,14:33:5C:6D:AF:58,0,1,ARMED,112.0,0,1,80:02:9C:61:97:4B,11,40,397.3,80:02:9C:61:97:4A,0,1,AUTH_FLOOD,2026-08-25T23:57:35.265985
45917,BEACON,-89,8,0,2477,65172,42708,8175993,0,99,8,0,0,14:33:5C:6D:AF:58,0,0,ARMED,112.0,0,1,80:02:9C:61:97:4B,11,9,87.9,80:02:9C:61:97:4A,0,1,AUTH_FLOOD,2026-08-25T23:57:35.881985
45917,BEACON,-100,-3,0,2698,65172,42708,8176424,0,99,8,0,0,14:33:5C:6D:AF:58,0,0,ARMED,112.0,0,0,80:02:9C:61:97:4B,11,2,96.2,80:02:9C:61:97:4A,0,1,AUTH_FLOOD,2026-08-25T23:57:36.312985
45917,,-60,37,292,2146,65172,42708,8176985,0,99,8,0,0,14:33:5C:6D:AF:58,0,0,ARMED,112.0,0,0,80:02:9C:61:97:4B,11,7,140.2,80:02:9C:61:97:4A,0,1,AUTH_FLOOD,2026-08-25T23:57:36.873985
45917,,-60,37,371,3202,65172,42708,8177063,0,99,8,0,0,14:33:5C:6D:AF:58,0,1,ARMED,112.0,0,1,80:02:9C:61:97:4B,11,14,558.4,80:02:9C:61:97:4A,0,1,AUTH_FLOOD,2026-08-25T23:57:36.951985
45917,,35,35,0,0,65172,42708,8177436,0,99,8,0,0,14:33:5C:6D:AF:58,0,0,ARMED,112.0,0,0,80:02:9C:61:97:4B,11,12,132.5,80:02:9C:61:97:4A,0,1,AUTH_FLOOD,2026-08-25T23:57:37.324985
45917,AUTH,-46,51,0,2600,64528,42708,8178184,0,99,8,0,0,14:33:5C:6D:AF:58,0,0,ARMED,112.0,0,0,80:02:9C:61:97:4B,11,65,730.1,80:02:9C:61:97:4A,0,1,AUTH_FLOOD,2026-08-25T23:57:38.072985
45917,AUTH,-47,50,0,2637,64528,42708,8178242,0,99,8,0,0,14:33:5C:6D:AF:58,0,1,ARMED,112.0,0,0,80:02:9C:61:97:4B,11,39,822.4,80:02:9C:61:97:4A,0,1,AUTH_FLOOD,2026-08-25T23:57:38.130985
45917,AUTH,-46,51,1349,2666,64536,42708,8178304,0,99,8,0,0,14:33:5C:6D:AF:58,0,1,ARMED,112.0,0,0,80:02:9C:61:97:4B,11,6,713.2,80:02:9C:61:97:4A,0,1,AUTH_FLOOD,2026-08-25T23:57:38.192985
45917,AUTH,-46,51,0,2681,63892,42708,8178348,0,99,8,0,0,14:33:5C:6D:AF:58,0,1,ARMED,112.0,0,0,80:02:9C:61:97:4B,11,56,1065.6,80:02:9C:61:97:4A,0,1,AUTH_FLOOD,2026-08-25T23:57:38.236985
45917,,52,52,0,0,65180,42708,8178630,0,99,8,0,0,14:33:5C:6D:AF:58,0,0,ARMED,112.0,0,0,80:02:9C:61:97:4B,11,11,85.7,80:02:9C:61:97:4A,0,1,AUTH_FLOOD,2026-08-25T23:57:38.518985
45917,AUTH,-45,52,0,2725,65180,42708,8178930,0,99,8,0,0,14:33:5C:6D:AF:58,0,0,ARMED,112.0,0,0,80:02:9C:61:97:4B,11,22,364.1,80:02:9C:61:97:4A,0,1,AUTH_FLOOD,2026-08-25T23:57:38.818985
45917,AUTH,-45,52,0,2773,64536,42708,8178999,0,99,8,0,0,14:33:5C:6D:AF:58,0,1,ARMED,112.0,0,0,80:02:9C:61:97:4B,11,19,637.8,80:02:9C:61:97:4A,0,1,AUTH_FLOOD,2026-08-25T23:57:38.887985
45917,AUTH,-44,53,0,2807,65180,42708,8179055,0,99,8,0,0,14:33:5C:6D:AF:58,0,1,ARMED,112.0,0,1,80:02:9C:61:97:4B,11,69,802.2,80:02:9C:61:97:4A,0,1,AUTH_FLOOD,2026-08-25T23:57:38.943985
45917,AUTH,-44,53,0,2859,64536,42708,8179122,0,99,8,0,0,14:33:5C:6D:AF:58,0,1,ARMED,112.0,0,0,80:02:9C:61:97:4B,11,35,666.6,80:02:9C:61:97:4A,0,1,AUTH_FLOOD,2026-08-25T23:57:39.010985
45917,BEACON,-71,26,0,775,65180,42708,8179300,0,99,8,0,0,14:33:5C:6D:AF:58,0,0,ARMED,112.0,0,1,80:02:9C:61:97:4B,11,3,144.8,80:02:9C:61:97:4A,0,1,AUTH_FLOOD,2026-08-25T23:57:39.188985
45917,,51,51,0,0,65180,42708,8179956,0,99,8,0,0,14:33:5C:6D:AF:58,0,0,ARMED,112.0,0,0,80:02:9C:61:97:4B,11,7,191.3,80:02:9C:61:97:4A,0,1,AUTH_FLOOD,2026-08-25T23:57:39.844985
45917,BEACON,-88,9,0,122,65180,42708,8180430,0,99,8,0,0,14:33:5C:6D:AF:58,0,0,ARMED,112.0,0,1,80:02:9C:61:97:4B,11,6,63.2,80:02:9C:61:97:4A,0,1,AUTH_FLOOD,2026-08-25T23:57:40.318985
45917,MGMT_OTHER,-86,11,2551,2628,65180,42708,8180650,0,99,8,0,0,14:33:5C:6D:AF:58,1,1,ARMED,112.0,0,0,80:02:9C:61:97:4B,11,5,635.8,80:02:9C:61:97:4A,0,1,AUTH_FLOOD,2026-08-25T23:57:40.538985
45917,,-91,6,402,1394,65180,42708,8180925,0,99,8,0,0,14:33:5C:6D:AF:58,1,0,ARMED,112.0,0,1,80:02:9C:61:97:4B,11,19,239.6,80:02:9C:61:97:4A,0,1,AUTH_FLOOD,2026-08-25T23:57:40.813985
45917,BEACON,-92,5,40576,300,65180,42708,8181310,0,99,8,0,0,14:33:5C:6D:AF:58,0,0,ARMED,112.0,0,1,80:02:9C:61:97:4B,11,11,182.3,80:02:9C:61:97:4A,0,1,AUTH_FLOOD,2026-08-25T23:57:41.198985
45917,BEACON,-71,26,15809,798,65180,42708,8181552,0,99,8,0,0,14:33:5C:6D:AF:58,0,0,ARMED,112.0,0,1,80:02:9C:61:97:4B,11,25,253.3,80:02:9C:61:97:4A,0,1,AUTH_FLOOD,2026-08-25T23:57:41.440985
45917,,-53,44,0,1885,65180,42708,8181920,0,99,8,0,0,14:33:5C:6D:AF:58,0,0,ARMED,112.0,0,0,80:02:9C:61:97:4B,11,11,182.2,80:02:9C:61:97:4A,0,1,AUTH_FLOOD,2026-08-25T23:57:41.808985
45917,,-53,44,0,1892,65180,42708,8181998,0,99,8,0,0,14:33:5C:6D:AF:58,0,1,ARMED,112.0,0,0,80:02:9C:61:97:4B,11,24,665.0,80:02:9C:61:97:4A,0,1,AUTH_FLOOD,2026-08-25T23:57:41.886985
45917,BEACON,-70,27,0,803,65180,42708,8182065,0,99,8,0,0,14:33:5C:6D:AF:58,0,1,ARMED,112.0,0,1,80:02:9C:61:97:4B,11,74,724.2,80:02:9C:61:97:4A,0,1,AUTH_FLOOD,2026-08-25T23:57:41.953985
45917,,-53,44,0,1903,65180,42708,8182155,0,99,8,0,0,14:33:5C:6D:AF:58,0,1,ARMED,112.0,0,1,80:02:9C:61:97:4B,11,50,548.6,80:02:9C:61:97:4A,0,1,AUTH_FLOOD,2026-08-25T23:57:42.043985
45917,BEACON,-87,10,0,140,65180,42708,8182273,0,99,8,0,0,14:33:5C:6D:AF:58,0,1,ARMED,112.0,0,1,80:02:9C:61:97:4B,11,46,448.5,80:02:9C:61:97:4A,0,1,AUTH_FLOOD,2026-08-25T23:57:42.161985
45917,BEACON,-88,9,0,1093,65180,42708,8182588,0,99,8,0,0,14:33:5C:6D:AF:58,0,0,ARMED,112.0,0,1,80:02:9C:61:97:4B,11,1,256.7,80:02:9C:61:97:4A,0,1,AUTH_FLOOD,2026-08-25T23:57:42.476985
45917,MGMT_OTHER,20,20,0,0,65180,42708,8182821,0,99,8,0,0,14:33:5C:6D:AF:58,0,0,ARMED,112.0,0,0,80:02:9C:61:97:4B,11,8,251.0,80:02:9C:61:97:4A,0,1,AUTH_FLOOD,2026-08-25T23:57:42.709985
45917,AUTH,-92,5,0,2945,65180,42708,8183069,0,99,8,0,0,14:33:5C:6D:AF:58,0,0,ARMED,112.0,0,1,80:02:9C:61:97:4B,11,7,97.4,80:02:9C:61:97:4A,0,1,AUTH_FLOOD,2026-08-25T23:57:42.957985
45917,AUTH,-89,8,0,2952,65180,42708,8183331,0,99,8,0,0,14:33:5C:6D:AF:58,0,0,ARMED,112.0,0,0,80:02:9C:61:97:4B,11,11,416.6,80:02:9C:61:97:4A,0,1,AUTH_FLOOD,2026-08-25T23:57:43.219985
45917,AUTH,-36,61,15106,2988,65180,42708,8183421,0,99,8,0,0,14:33:5C:6D:AF:58,0,1,ARMED,112.0,0,0,80:02:9C:61:97:4B,11,17,1062.4,80:02:9C:61:97:4A,0,1,AUTH_FLOOD,2026-08-25T23:57:43.309985
45917,AUTH,-36,61,15106,2988,65180,42708,8183421,0,99,8,0,0,14:33:5C:6D:AF:58,0,1,ARMED,112.0,0,0,80:02:9C:61:97:4B,11,17,1062.4,80:02:9C:61:97:4A,0,1,AUTH_FLOOD,2026-08-25T23:57:43.309985
45917,AUTH,-34,63,0,3018,64536,42708,8183468,0,99,8,0,0,14:33:5C:6D:AF:58,0,1,ARMED,112.0,0,0,80:02:9C:61:97:4B,11,67,1069.8,80:02:9C:61:97:4A,0,1,AUTH_FLOOD,2026-08-25T23:57:43.356985
45917,AUTH,-34,63,0,3018,64536,42708,8183468,0,99,8,0,0,14:33:5C:6D:AF:58,0,1,ARMED,112.0,0,0,80:02:9C:61:97:4B,11,67,1069.8,80:02:9C:61:97:4A,0,1,AUTH_FLOOD,2026-08-25T23:57:43.356985
45917,AUTH,-34,63,1628,3046,64536,42708,8183518,0,99,8,0,0,14:33:5C:6D:AF:58,0,1,ARMED,112.0,0,0,80:02:9C:61:97:4B,11,15,1210.3,80:02:9C:61:97:4A,0,1,AUTH_FLOOD,2026-08-25T23:57:43.406985
45917,AUTH,-34,63,0,3074,63892,42708,8183564,0,99,8,0,0,14:33:5C:6D:AF:58,0,1,ARMED,112.0,0,0,80:02:9C:61:97:4B,11,65,1111.2,80:02:9C:61:97:4A,0,1,AUTH_FLOOD,2026-08-25T23:57:43.452985
45917,AUTH,-38,59,0,3104,63892,42708,8183608,0,99,8,0,0,14:33:5C:6D:AF:58,0,1,ARMED,112.0,0,0,80:02:9C:61:97:4B,11,1,1000.0,80:02:9C:61:97:4A,0,1,AUTH_FLOOD,2026-08-25T23:57:43.496985
45917,AUTH,-35,62,0,3137,63248,42708,8183653,0,99,8,0,0,14:33:5C:6D:AF:58,0,1,ARMED,112.0,0,0,80:02:9C:61:97:4B,11,51,1113.7,80:02:9C:61:97:4A,0,1,AUTH_FLOOD,2026-08-25T23:57:43.541985
45917,AUTH,-89,8,0,3156,65180,42708,8183760,0,99,8,0,0,14:33:5C:6D:AF:58,0,1,ARMED,112.0,0,0,80:02:9C:61:97:4B,11,9,179.9,80:02:9C:61:97:4A,0,1,AUTH_FLOOD,2026-08-25T23:57:43.648985
45917,AUTH,-90,7,0,3159,65180,42708,8183855,0,99,8,0,0,14:33:5C:6D:AF:58,0,1,ARMED,112.0,0,0,80:02:9C:61:97:4B,11,21,501.7,80:02:9C:61:97:4A,0,1,AUTH_FLOOD,2026-08-25T23:57:43.743985
45917,AUTH,-90,7,0,3162,65180,42708,8183952,0,99,8,0,0,14:33:5C:6D:AF:58,0,1,ARMED,112.0,0,0,80:02:9C:61:97:4B,11,12,321.0,80:02:9C:61:97:4A,0,1,AUTH_FLOOD,2026-08-25T23:57:43.840985
45917,AUTH,-89,8,0,3165,65180,42708,8184056,0,99,8,0,0,14:33:5C:6D:AF:58,0,1,ARMED,112.0,0,0,80:02:9C:61:97:4B,11,21,539.2,80:02:9C:61:97:4A,0,1,AUTH_FLOOD,2026-08-25T23:57:43.944985
45917,BEACON,-52,45,26899,1940,65180,42708,8184341,0,99,8,0,0,14:33:5C:6D:AF:58,0,0,ARMED,112.0,0,1,80:02:9C:61:97:4B,11,2,121.7,80:02:9C:61:97:4A,0,1,AUTH_FLOOD,2026-08-25T23:57:44.229985
45917,AUTH,-44,53,0,3200,65180,42708,8184629,0,99,8,0,0,14:33:5C:6D:AF:58,0,0,ARMED,112.0,0,0,80:02:9C:61:97:4B,11,28,282.5,80:02:9C:61:97:4A,0,1,AUTH_FLOOD,2026-08-25T23:57:44.517985
45917,AUTH,-44,53,0,3244,64536,42708,8184696,0,99,8,0,0,14:33:5C:6D:AF:58,0,1,ARMED,112.0,0,0,80:02:9C:61:97:4B,11,49,957.1,80:02:9C:61:97:4A,0,1,AUTH_FLOOD,2026-08-25T23:57:44.584985
45917,,-45,52,1436,1043,65180,42708,8184770,0,99,8,0,0,14:33:5C:6D:AF:58,0,1,ARMED,112.0,0,1,80:02:9C:61:97:4B,11,18,746.5,80:02:9C:61:97:4A,0,1,AUTH_FLOOD,2026-08-25T23:57:44.658985
45917,AUTH,-45,52,0,3334,65180,42708,8184821,0,99,8,0,0,14:33:5C:6D:AF:58,0,1,ARMED,112.0,0,0,80:02:9C:61:97:4B,11,68,897.3,80:02:9C:61:97:4A,0,1,AUTH_FLOOD,2026-08-25T23:57:44.709985
45917,BEACON,-71,26,11739,837,65180,42708,8185446,0,99,8,0,0,14:33:5C:6D:AF:58,0,0,ARMED,112.0,0,1,80:02:9C:61:97:4B,11,7,86.4,80:02:9C:61:97:4A,0,1,AUTH_FLOOD,2026-08-25T23:57:45.334985
45917,PROBE_RESP,-86,11,0,611,65180,42708,8185813,0,99,8,0,0,14:33:5C:6D:AF:58,0,0,ARMED,112.0,0,1,80:02:9C:61:97:4B,11,16,193.6,80:02:9C:61:97:4A,0,1,AUTH_FLOOD,2026-08-25T23:57:45.701985
45917,BEACON,-71,26,0,3994,65180,42708,8186475,0,99,8,0,0,14:33:5C:6D:AF:58,0,0,ARMED,112.0,0,1,80:02:9C:61:97:4B,11,1,258.4,80:02:9C:61:97:4A,0,1,AUTH_FLOOD,2026-08-25T23:57:46.363985
45917,BEACON,-52,45,621,1970,65180,42708,8187107,0,99,8,0,0,14:33:5C:6D:AF:58,0,0,ARMED,112.0,0,0,80:02:9C:61:97:4B,11,4,189.3,80:02:9C:61:97:4A,0,1,AUTH_FLOOD,2026-08-25T23:57:46.995985
45917,BEACON,-53,44,48655,1973,65180,42708,8187413,0,99,8,0,0,14:33:5C:6D:AF:58,0,0,ARMED,112.0,0,1,80:02:9C:61:97:4B,11,5,209.0,80:02:9C:61:97:4A,0,1,AUTH_FLOOD,2026-08-25T23:57:47.301985
45917,BEACON,-94,3,0,1870,65180,42708,8187885,0,99,8,0,0,14:33:5C:6D:AF:58,0,0,ARMED,112.0,0,0,80:02:9C:61:97:4B,11,12,139.4,80:02:9C:61:97:4A,0,1,AUTH_FLOOD,2026-08-25T23:57:47.773985
45917,,-86,11,5058,1057,65180,42708,8188030,0,99,8,0,0,14:33:5C:6D:AF:58,0,1,ARMED,112.0,0,1,80:02:9C:61:97:4B,11,5,192.3,80:02:9C:61:97:4A,0,1,AUTH_FLOOD,2026-08-25T23:57:47.918985
45917,BEACON,-95,2,0,1098,65180,42708,8188495,0,99,8,0,0,14:33:5C:6D:AF:58,0,0,ARMED,112.0,0,1,80:02:9C:61:97:4B,11,8,108.0,80:02:9C:61:97:4A,0,1,AUTH_FLOOD,2026-08-25T23:57:48.383985
45917,BEACON,-72,25,82,4018,65180,42708,8188933,0,99,8,0,0,14:33:5C:6D:AF:58,0,0,ARMED,112.0,0,1,80:02:9C:61:97:4B,11,12,117.0,80:02:9C:61:97:4A,0,1,AUTH_FLOOD,2026-08-25T23:57:48.821985
45917,BEACON,-72,25,5669,877,65180,42708,8189335,0,99,8,0,0,14:33:5C:6D:AF:58,0,0,ARMED,112.0,0,1,80:02:9C:61:97:4B,11,10,105.4,80:02:9C:61:97:4A,0,1,AUTH_FLOOD,2026-08-25T23:57:49.223985
45917,,-44,53,29610,1053,65180,42708,8189751,0,99,8,0,0,14:33:5C:6D:AF:58,0,0,ARMED,112.0,0,1,80:02:9C:61:97:4B,11,1,1000.0,80:02:9C:61:97:4A,0,1,AUTH_FLOOD,2026-08-25T23:57:49.639985
45917,,-85,12,3970,4082,65180,42708,8190076,0,99,8,0,0,14:33:5C:6D:AF:58,0,0,ARMED,112.0,0,1,80:02:9C:61:97:4B,11,4,216.7,80:02:9C:61:97:4A,0,1,AUTH_FLOOD,2026-08-25T23:57:49.964985
45917,BEACON,-71,26,0,889,65180,42708,8190564,0,99,8,0,0,14:33:5C:6D:AF:58,0,0,ARMED,112.0,0,1,80:02:9C:61:97:4B,11,6,60.8,80:02:9C:61:97:4A,0,1,AUTH_FLOOD,2026-08-25T23:57:50.452985
45917,BEACON,-71,26,0,4039,65180,42708,8191083,0,99,8,0,0,14:33:5C:6D:AF:58,0,0,ARMED,112.0,0,1,80:02:9C:61:97:4B,11,7,81.3,80:02:9C:61:97:4A,0,1,AUTH_FLOOD,2026-08-25T23:57:50.971985
45917,BEACON,-71,26,0,4044,65180,42708,8191595,0,99,8,0,0,14:33:5C:6D:AF:58,0,0,ARMED,112.0,0,1,80:02:9C:61:97:4B,11,6,69.7,80:02:9C:61:97:4A,0,1,AUTH_FLOOD,2026-08-25T23:57:51.483985
45917,BEACON,-53,44,1223,2023,65180,42708,8192228,0,99,8,0,0,14:33:5C:6D:AF:58,0,0,ARMED,112.0,0,1,80:02:9C:61:97:4B,11,4,38.4,80:02:9C:61:97:4A,0,1,AUTH_FLOOD,2026-08-25T23:57:52.116985
45917,BEACON,-71,26,15007,911,65180,42708,8192816,0,99,8,0,0,14:33:5C:6D:AF:58,0,0,ARMED,112.0,0,1,80:02:9C:61:97:4B,11,6,76.3,80:02:9C:61:97:4A,0,1,AUTH_FLOOD,2026-08-25T23:57:52.704985
45917,BEACON,-87,10,0,249,65180,42708,8193230,0,99,8,0,0,14:33:5C:6D:AF:58,0,0,ARMED,112.0,0,1,80:02:9C:61:97:4B,11,7,85.1,80:02:9C:61:97:4A,0,1,AUTH_FLOOD,2026-08-25T23:57:53.118985
45917,BEACON,-53,44,11545,2038,65180,42708,8193557,0,99,8,0,0,14:33:5C:6D:AF:58,0,0,ARMED,112.0,0,1,80:02:9C:61:97:4B,11,7,70.4,80:02:9C:61:97:4A,0,1,AUTH_FLOOD,2026-08-25T23:57:53.445985
45917,BEACON,-93,4,17478,1889,65180,42708,8193922,0,99,8,0,0,14:33:5C:6D:AF:58,0,0,ARMED,112.0,0,1,80:02:9C:61:97:4B,11,16,148.2,80:02:9C:61:97:4A,0,1,AUTH_FLOOD,2026-08-25T23:57:53.810985
45917,,45,45,0,0,65180,42708,8194182,0,99,8,0,0,14:33:5C:6D:AF:58,0,0,ARMED,112.0,0,0,80:02:9C:61:97:4B,11,12,213.6,80:02:9C:61:97:4A,0,1,AUTH_FLOOD,2026-08-25T23:57:54.070985
45917,AUTH,-87,10,6476,3481,65180,42708,8194485,0,99,8,0,0,14:33:5C:6D:AF:58,0,0,ARMED,112.0,0,1,80:02:9C:61:97:4B,11,9,174.4,80:02:9C:61:97:4A,0,1,AUTH_FLOOD,2026-08-25T23:57:54.373985
45917,BEACON,-53,44,0,2058,65180,42708,8194786,0,99,8,0,0,14:33:5C:6D:AF:58,0,0,ARMED,112.0,0,1,80:02:9C:61:97:4B,11,12,269.4,80:02:9C:61:97:4A,0,1,AUTH_FLOOD,2026-08-25T23:57:54.674985
45917,AUTH,-34,63,0,3495,65180,42708,8194914,0,99,8,0,0,14:33:5C:6D:AF:58,0,0,ARMED,112.0,0,0,80:02:9C:61:97:4B,11,37,593.8,80:02:9C:61:97:4A,0,1,AUTH_FLOOD,2026-08-25T23:57:54.802985
45917,AUTH,-34,63,0,3495,65180,42708,8194914,0,99,8,0,0,14:33:5C:6D:AF:58,0,0,ARMED,112.0,0,0,80:02:9C:61:97:4B,11,37,593.8,80:02:9C:61:97:4A,0,1,AUTH_FLOOD,2026-08-25T23:57:54.802985
45917,AUTH,-35,62,0,3499,65180,42708,8194954,0,99,8,0,0,14:33:5C:6D:AF:58,0,1,ARMED,112.0,0,0,80:02:9C:61:97:4B,11,4,1506.0,80:02:9C:61:97:4A,0,1,AUTH_FLOOD,2026-08-25T23:57:54.842985
45917,AUTH,-35,62,0,3504,64536,42708,8195003,0,99,8,0,0,14:33:5C:6D:AF:58,0,1,ARMED,112.0,0,0,80:02:9C:61:97:4B,11,54,1055.7,80:02:9C:61:97:4A,0,1,AUTH_FLOOD,2026-08-25T23:57:54.891985
45917,AUTH,-35,62,0,3510,65180,42708,8195048,0,99,8,0,0,14:33:5C:6D:AF:58,0,1,ARMED,112.0,0,0,80:02:9C:61:97:4B,11,104,1083.2,80:02:9C:61:97:4A,0,1,AUTH_FLOOD,2026-08-25T23:57:54.936985
45917,AUTH,-35,62,0,3510,65180,42708,8195048,0,99,8,0,0,14:33:5C:6D:AF:58,0,1,ARMED,112.0,0,0,80:02:9C:61:97:4B,11,104,1083.2,80:02:9C:61:97:4A,0,1,AUTH_FLOOD,2026-08-25T23:57:54.936985
45917,AUTH,-35,62,0,3510,65180,42708,8195048,0,99,8,0,0,14:33:5C:6D:AF:58,0,1,ARMED,112.0,0,0,80:02:9C:61:97:4B,11,104,1083.2,80:02:9C:61:97:4A,0,1,AUTH_FLOOD,2026-08-25T23:57:54.936985
45917,AUTH,-34,63,0,3530,64536,42708,8195096,0,99,8,0,0,14:33:5C:6D:AF:58,0,1,ARMED,112.0,0,0,80:02:9C:61:97:4B,11,49,1506.3,80:02:9C:61:97:4A,0,1,AUTH_FLOOD,2026-08-25T23:57:54.984985
45917,AUTH,-34,63,0,3558,63892,42708,8195143,0,99,8,0,0,14:33:5C:6D:AF:58,0,1,ARMED,112.0,0,0,80:02:9C:61:97:4B,11,99,1249.1,80:02:9C:61:97:4A,0,1,AUTH_FLOOD,2026-08-25T23:57:55.031985
45917,AUTH,-35,62,0,3575,63892,42708,8195195,0,99,8,0,0,14:33:5C:6D:AF:58,0,1,ARMED,112.0,0,0,80:02:9C:61:97:4B,11,29,922.1,80:02:9C:61:97:4A,0,1,AUTH_FLOOD,2026-08-25T23:57:55.083985
45917,AUTH,-89,8,0,3579,65180,42708,8195328,0,99,8,0,0,14:33:5C:6D:AF:58,0,1,ARMED,112.0,0,0,80:02:9C:61:97:4B,11,33,515.4,80:02:9C:61:97:4A,0,1,AUTH_FLOOD,2026-08-25T23:57:55.216985
45917,AUTH,-88,9,0,3582,65180,42708,8195417,0,99,8,0,0,14:33:5C:6D:AF:58,0,1,ARMED,112.0,0,0,80:02:9C:61:97:4B,11,20,420.3,80:02:9C:61:97:4A,0,1,AUTH_FLOOD,2026-08-25T23:57:55.305985
45917,AUTH,-91,6,4778,3585,65180,42708,8195512,0,99,8,0,0,14:33:5C:6D:AF:58,0,1,ARMED,112.0,0,1,80:02:9C:61:97:4B,11,11,265.5,80:02:9C:61:97:4A,0,1,AUTH_FLOOD,2026-08-25T23:57:55.400985
45917,,-88,9,5459,495,65180,42708,8195608,0,99,8,0,0,14:33:5C:6D:AF:58,0,1,ARMED,112.0,0,1,80:02:9C:61:97:4B,11,14,382.1,80:02:9C:61:97:4A,0,1,AUTH_FLOOD,2026-08-25T23:57:55.496985
45917,,-86,11,5294,3250,65180,42708,8196017,0,99,8,0,0,14:33:5C:6D:AF:58,0,0,ARMED,112.0,0,1,80:02:9C:61:97:4B,11,3,121.8,80:02:9C:61:97:4A,0,1,AUTH_FLOOD,2026-08-25T23:57:55.905985
45917,AUTH,-45,52,0,3634,65180,42708,8196151,0,99,8,0,0,14:33:5C:6D:AF:58,0,0,ARMED,112.0,0,0,80:02:9C:61:97:4B,11,40,696.7,80:02:9C:61:97:4A,0,1,AUTH_FLOOD,2026-08-25T23:57:56.039985
45917,AUTH,-46,51,0,3666,65180,42708,8196209,0,99,8,0,0,14:33:5C:6D:AF:58,0,1,ARMED,112.0,0,0,80:02:9C:61:97:4B,11,13,971.7,80:02:9C:61:97:4A,0,1,AUTH_FLOOD,2026-08-25T23:57:56.097985
45917,AUTH,-45,52,0,3718,65180,42708,8196275,0,99,8,0,0,14:33:5C:6D:AF:58,0,1,ARMED,112.0,0,0,80:02:9C:61:97:4B,11,63,792.8,80:02:9C:61:97:4A,0,1,AUTH_FLOOD,2026-08-25T23:57:56.163985
45917,,45,45,0,0,64536,42708,8196331,0,99,8,0,0,14:33:5C:6D:AF:58,0,1,ARMED,112.0,0,1,80:02:9C:61:97:4B,11,31,927.3,80:02:9C:61:97:4A,0,1,AUTH_FLOOD,2026-08-25T23:57:56.219985
45917,AUTH,-45,52,0,3800,65180,42708,8196404,0,99,8,0,0,14:33:5C:6D:AF:58,0,1,ARMED,112.0,0,0,80:02:9C:61:97:4B,11,3,983.3,80:02:9C:61:97:4A,0,1,AUTH_FLOOD,2026-08-25T23:57:56.292985
45917,BEACON,-87,10,0,287,65180,42708,8197018,0,99,8,0,0,14:33:5C:6D:AF:58,0,0,ARMED,112.0,0,1,80:02:9C:61:97:4B,11,16,194.3,80:02:9C:61:97:4A,0,1,AUTH_FLOOD,2026-08-25T23:57:56.906985
45917,AUTH,-84,13,0,3825,65180,42708,8197258,0,99,8,0,0,14:33:5C:6D:AF:58,0,0,ARMED,112.0,0,0,80:02:9C:61:97:4B,11,4,278.0,80:02:9C:61:97:4A,0,1,AUTH_FLOOD,2026-08-25T23:57:57.146985
45917,AUTH,-47,50,0,3845,65180,42708,8197752,0,99,8,0,0,14:33:5C:6D:AF:58,0,0,ARMED,112.0,0,0,80:02:9C:61:97:4B,11,19,192.2,80:02:9C:61:97:4A,0,1,AUTH_FLOOD,2026-08-25T23:57:57.640985
45917,AUTH,-46,51,73076,3913,65180,42708,8197860,0,99,8,0,0,14:33:5C:6D:AF:58,0,0,ARMED,112.0,0,1,80:02:9C:61:97:4B,11,49,598.0,80:02:9C:61:97:4A,0,1,AUTH_FLOOD,2026-08-25T23:57:57.748985
45917,BEACON,-96,1,0,3875,65180,42708,8198157,0,99,8,0,0,14:33:5C:6D:AF:58,0,0,ARMED,112.0,0,1,80:02:9C:61:97:4B,11,9,281.3,80:02:9C:61:97:4A,0,1,AUTH_FLOOD,2026-08-25T23:57:58.045985
45917,AUTH,-41,56,0,3957,65180,42708,8198612,0,99,8,0,0,14:33:5C:6D:AF:58,0,0,ARMED,112.0,0,0,80:02:9C:61:97:4B,11,18,291.7,80:02:9C:61:97:4A,0,1,AUTH_FLOOD,2026-08-25T23:57:58.500985
45917,AUTH,-40,57,0,3971,65180,42708,8198845,0,99,8,0,0,14:33:5C:6D:AF:58,0,0,ARMED,112.0,0,0,80:02:9C:61:97:4B,11,24,287.8,80:02:9C:61:97:4A,0,1,AUTH_FLOOD,2026-08-25T23:57:58.733985
45917,,-91,6,4906,3857,65180,42708,8199192,0,99,8,0,0,14:33:5C:6D:AF:58,0,0,ARMED,112.0,0,1,80:02:9C:61:97:4B,11,4,172.1,80:02:9C:61:97:4A,0,1,AUTH_FLOOD,2026-08-25T23:57:59.080985
45917,BEACON,-86,11,0,313,65180,42708,8199578,0,99,8,0,0,14:33:5C:6D:AF:58,0,0,ARMED,112.0,0,1,80:02:9C:61:97:4B,11,12,119.7,80:02:9C:61:97:4A,0,1,AUTH_FLOOD,2026-08-25T23:57:59.466985
45917,,47,47,0,0,65180,42708,8199867,0,99,8,0,0,14:33:5C:6D:AF:58,0,0,ARMED,112.0,0,0,80:02:9C:61:97:4B,11,26,310.4,80:02:9C:61:97:4A,0,1,AUTH_FLOOD,2026-08-25T23:57:59.755985
45917,,-93,4,3749,1505,65180,42708,8200111,0,99,8,0,0,14:33:5C:6D:AF:58,0,0,ARMED,112.0,0,1,80:02:9C:61:97:4B,11,6,290.6,80:02:9C:61:97:4A,0,1,AUTH_FLOOD,2026-08-25T23:57:59.999985
45917,,45,45,0,0,65180,42708,8200414,0,99,8,0,0,14:33:5C:6D:AF:58,0,0,ARMED,112.0,0,1,80:02:9C:61:97:4B,11,5,312.7,80:02:9C:61:97:4A,0,1,AUTH_FLOOD,2026-08-25T23:58:00.302985
45917,,-89,8,1272,3053,65180,42708,8200721,0,99,8,0,0,14:33:5C:6D:AF:58,0,0,ARMED,112.0,0,1,80:02:9C:61:97:4B,11,4,263.2,80:02:9C:61:97:4A,0,1,AUTH_FLOOD,2026-08-25T23:58:00.609985
45917,BEACON,-91,6,23410,2266,65180,42708,8201020,0,99,8,0,0,14:33:5C:6D:AF:58,0,0,ARMED,112.0,0,1,80:02:9C:61:97:4B,11,3,354.2,80:02:9C:61:97:4A,0,1,AUTH_FLOOD,2026-08-25T23:58:00.908985
45917,BEACON,-73,24,63290,999,65180,42708,8201520,0,99,8,0,0,14:33:5C:6D:AF:58,0,0,ARMED,112.0,0,1,80:02:9C:61:97:4B,11,6,60.8,80:02:9C:61:97:4A,0,1,AUTH_FLOOD,2026-08-25T23:58:01.408985
45917,AUTH,-44,53,12670,4012,65180,42708,8201980,0,99,8,0,0,14:33:5C:6D:AF:58,0,0,ARMED,112.0,0,1,80:02:9C:61:97:4B,11,3,97.4,80:02:9C:61:97:4A,0,1,AUTH_FLOOD,2026-08-25T23:58:01.868985
45917,AUTH,-45,52,0,4013,65180,42708,8202097,0,99,8,0,0,14:33:5C:6D:AF:58,0,1,ARMED,112.0,0,0,80:02:9C:61:97:4B,11,23,527.0,80:02:9C:61:97:4A,0,1,AUTH_FLOOD,2026-08-25T23:58:01.985985
45917,BEACON,-92,5,0,2014,65180,42708,8202631,0,99,8,0,0,14:33:5C:6D:AF:58,0,0,ARMED,112.0,0,0,80:02:9C:61:97:4B,11,6,101.5,80:02:9C:61:97:4A,0,1,AUTH_FLOOD,2026-08-25T23:58:02.519985
45917,AUTH,-83,14,0,4016,65180,42708,8202983,0,99,8,0,0,14:33:5C:6D:AF:58,0,0,ARMED,112.0,0,0,80:02:9C:61:97:4B,11,1,679.8,80:02:9C:61:97:4A,0,1,AUTH_FLOOD,2026-08-25T23:58:02.871985
45917,AUTH,-47,50,0,4047,65180,42708,8203483,0,99,8,0,0,14:33:5C:6D:AF:58,0,0,ARMED,112.0,0,0,80:02:9C:61:97:4B,11,4,598.0,80:02:9C:61:97:4A,0,1,AUTH_FLOOD,2026-08-25T23:58:03.371985
45917,AUTH,-46,51,5657,4093,65180,42708,8203593,0,99,8,0,0,14:33:5C:6D:AF:58,0,1,ARMED,112.0,0,0,80:02:9C:61:97:4B,11,11,683.0,80:02:9C:61:97:4A,0,1,AUTH_FLOOD,2026-08-25T23:58:03.481985
45917,AUTH,-46,51,0,52,65180,42708,8203715,0,99,8,0,0,14:33:5C:6D:AF:58,0,1,ARMED,112.0,0,0,80:02:9C:61:97:4B,11,15,412.7,80:02:9C:61:97:4A,0,1,AUTH_FLOOD,2026-08-25T23:58:03.603985
45917,BEACON,-72,25,41805,1024,65180,42708,8204080,0,99,8,0,0,14:33:5C:6D:AF:58,0,0,ARMED,112.0,0,1,80:02:9C:61:97:4B,11,7,73.7,80:02:9C:61:97:4A,0,1,AUTH_FLOOD,2026-08-25T23:58:03.968985
45917,AUTH,-37,60,0,87,65180,42708,8204269,0,99,8,0,0,14:33:5C:6D:AF:58,1,1,ARMED,112.0,0,0,80:02:9C:61:97:4B,11,27,431.5,80:02:9C:61:97:4A,0,1,AUTH_FLOOD,2026-08-25T23:58:04.157985
45917,AUTH,-41,56,0,100,64536,42708,8204317,0,99,8,0,0,14:33:5C:6D:AF:58,1,1,ARMED,112.0,0,0,80:02:9C:61:97:4B,11,11,1096.5,80:02:9C:61:97:4A,0,1,AUTH_FLOOD,2026-08-25T23:58:04.205985
45917,AUTH,-37,60,0,109,63892,42708,8204368,0,99,8,0,0,14:33:5C:6D:AF:58,1,1,ARMED,112.0,0,0,80:02:9C:61:97:4B,11,61,991.2,80:02:9C:61:97:4A,0,1,AUTH_FLOOD,2026-08-25T23:58:04.256985
45917,AUTH,-41,56,0,121,63248,42708,8204416,0,99,8,0,0,14:33:5C:6D:AF:58,0,1,ARMED,112.0,0,0,80:02:9C:61:97:4B,11,12,1348.9,80:02:9C:61:97:4A,0,1,AUTH_FLOOD,2026-08-25T23:58:04.304985
45917,AUTH,-36,61,0,123,63248,42708,8204462,0,99,8,0,0,14:33:5C:6D:AF:58,0,1,ARMED,112.0,0,0,80:02:9C:61:97:4B,11,62,1129.4,80:02:9C:61:97:4A,0,1,AUTH_FLOOD,2026-08-25T23:58:04.350985
45917,AUTH,-36,61,0,133,63248,42708,8204520,0,99,8,0,0,14:33:5C:6D:AF:58,0,1,ARMED,112.0,0,0,80:02:9C:61:97:4B,11,12,963.2,80:02:9C:61:97:4A,0,1,AUTH_FLOOD,2026-08-25T23:58:04.408985
45917,BEACON,-71,26,0,75,65180,42708,8204600,0,99,8,0,0,14:33:5C:6D:AF:58,0,1,ARMED,112.0,0,1,80:02:9C:61:97:4B,11,62,670.7,80:02:9C:61:97:4A,0,1,AUTH_FLOOD,2026-08-25T23:58:04.488985
45917,BEACON,-72,25,8447,1033,65180,42708,8205002,0,99,8,0,0,14:33:5C:6D:AF:58,0,0,ARMED,112.0,0,1,80:02:9C:61:97:4B,11,7,88.9,80:02:9C:61:97:4A,0,1,AUTH_FLOOD,2026-08-25T23:58:04.890985
45917,AUTH,-39,58,0,184,65180,42708,8205152,0,99,8,0,0,14:33:5C:6D:AF:58,0,0,ARMED,112.0,0,0,80:02:9C:61:97:4B,11,29,1132.9,80:02:9C:61:97:4A,0,1,AUTH_FLOOD,2026-08-25T23:58:05.040985
45917,AUTH,-39,58,0,229,65180,42708,8205194,0,99,8,0,0,14:33:5C:6D:AF:58,0,0,ARMED,112.0,0,0,80:02:9C:61:97:4B,11,79,1171.4,80:02:9C:61:97:4A,0,1,AUTH_FLOOD,2026-08-25T23:58:05.082985
45917,AUTH,-38,59,0,276,65180,42708,8205244,0,99,8,0,0,14:33:5C:6D:AF:58,0,1,ARMED,112.0,0,0,80:02:9C:61:97:4B,11,20,1110.4,80:02:9C:61:97:4A,0,1,AUTH_FLOOD,2026-08-25T23:58:05.132985
45917,AUTH,-34,63,0,323,65180,42708,8205286,0,99,8,0,0,14:33:5C:6D:AF:58,0,1,ARMED,112.0,0,0,80:02:9C:61:97:4B,11,70,1174.1,80:02:9C:61:97:4A,0,1,AUTH_FLOOD,2026-08-25T23:58:05.174985
45917,BEACON,-94,3,1863,2004,65180,42708,8205698,0,99,8,0,0,14:33:5C:6D:AF:58,0,0,ARMED,112.0,0,1,80:02:9C:61:97:4B,11,3,51.8,80:02:9C:61:97:4A,0,1,AUTH_FLOOD,2026-08-25T23:58:05.586985
45917,,-51,46,11585,30,65180,42708,8206062,0,99,8,0,0,14:33:5C:6D:AF:58,0,0,ARMED,112.0,0,1,80:02:9C:61:97:4B,11,3,210.2,80:02:9C:61:97:4A,0,1,AUTH_FLOOD,2026-08-25T23:58:05.950985
45917,,-56,41,0,50,65180,42708,8206322,0,99,8,0,0,14:33:5C:6D:AF:58,0,0,ARMED,112.0,0,0,80:02:9C:61:97:4B,11,19,281.5,80:02:9C:61:97:4A,0,1,AUTH_FLOOD,2026-08-25T23:58:06.210985
45917,AUTH,-39,58,0,375,64536,42708,8206369,0,99,8,0,0,14:33:5C:6D:AF:58,0,1,ARMED,112.0,0,0,80:02:9C:61:97:4B,11,15,1053.8,80:02:9C:61:97:4A,0,1,AUTH_FLOOD,2026-08-25T23:58:06.257985
45917,AUTH,-35,62,0,403,63892,42708,8206415,0,99,8,0,0,14:33:5C:6D:AF:58,0,1,ARMED,112.0,0,0,80:02:9C:61:97:4B,11,65,1088.8,80:02:9C:61:97:4A,0,1,AUTH_FLOOD,2026-08-25T23:58:06.303985
45917,AUTH,-40,57,61,436,63248,42708,8206462,0,99,8,0,0,14:33:5C:6D:AF:58,0,1,ARMED,112.0,0,1,80:02:9C:61:97:4B,11,8,1241.1,80:02:9C:61:97:4A,0,1,AUTH_FLOOD,2026-08-25T23:58:06.350985
45917,AUTH,-35,62,0,452,62604,42708,8206503,0,99,8,0,0,14:33:5C:6D:AF:58,0,1,ARMED,112.0,0,0,80:02:9C:61:97:4B,11,58,1225.6,80:02:9C:61:97:4A,0,1,AUTH_FLOOD,2026-08-25T23:58:06.391985
45917,AUTH,-39,58,0,486,61960,42708,8206549,0,99,8,0,0,14:33:5C:6D:AF:58,0,1,ARMED,112.0,0,0,80:02:9C:61:97:4B,11,108,1151.6,80:02:9C:61:97:4A,0,1,AUTH_FLOOD,2026-08-25T23:58:06.437985
45917,AUTH,-35,62,0,510,61316,42708,8206592,0,99,8,0,0,14:33:5C:6D:AF:58,0,1,ARMED,112.0,0,0,80:02:9C:61:97:4B,11,49,2860.8,80:02:9C:61:97:4A,0,1,AUTH_FLOOD,2026-08-25T23:58:06.480985
45917,,-51,46,741,51,60672,42708,8206632,0,99,8,0,0,14:33:5C:6D:AF:58,0,1,ARMED,112.0,0,0,80:02:9C:61:97:4B,11,99,1715.2,80:02:9C:61:97:4A,0,1,AUTH_FLOOD,2026-08-25T23:58:06.520985
45917,AUTH,-90,7,0,531,65180,42708,8206721,0,99,8,0,0,14:33:5C:6D:AF:58,0,1,ARMED,112.0,0,0,80:02:9C:61:97:4B,11,16,678.6,80:02:9C:61:97:4A,0,1,AUTH_FLOOD,2026-08-25T23:58:06.609985
45917,AUTH,-92,5,0,535,65180,42708,8206840,0,99,8,0,0,14:33:5C:6D:AF:58,1,1,ARMED,112.0,0,0,80:02:9C:61:97:4B,11,20,473.1,80:02:9C:61:97:4A,0,1,AUTH_FLOOD,2026-08-25T23:58:06.728985
45917,AUTH,-89,8,0,538,65180,42708,8206940,0,99,8,0,0,14:33:5C:6D:AF:58,1,1,ARMED,112.0,0,0,80:02:9C:61:97:4B,11,18,522.1,80:02:9C:61:97:4A,0,1,AUTH_FLOOD,2026-08-25T23:58:06.828985
45917,,-56,41,28095,93,65180,42708,8207062,0,99,8,0,0,14:33:5C:6D:AF:58,0,1,ARMED,112.0,0,1,80:02:9C:61:97:4B,11,21,378.9,80:02:9C:61:97:4A,0,1,AUTH_FLOOD,2026-08-25T23:58:06.950985
45917,,-44,53,5201,1088,65180,42708,8207489,0,99,8,0,0,14:33:5C:6D:AF:58,0,0,ARMED,112.0,0,1,80:02:9C:61:97:4B,11,8,274.4,80:02:9C:61:97:4A,0,1,AUTH_FLOOD,2026-08-25T23:58:07.377985
45917,AUTH,-44,53,0,588,65180,42708,8207563,0,99,8,0,0,14:33:5C:6D:AF:58,0,1,ARMED,112.0,0,0,80:02:9C:61:97:4B,11,58,562.0,80:02:9C:61:97:4A,0,1,AUTH_FLOOD,2026-08-25T23:58:07.451985
45917,AUTH,-44,53,0,635,64536,42708,8207634,0,99,8,0,0,14:33:5C:6D:AF:58,0,1,ARMED,112.0,0,0,80:02:9C:61:97:4B,11,50,705.4,80:02:9C:61:97:4A,0,1,AUTH_FLOOD,2026-08-25T23:58:07.522985
45917,AUTH,-44,53,0,674,64536,42708,8207696,0,99,8,0,0,14:33:5C:6D:AF:58,0,1,ARMED,112.0,0,0,80:02:9C:61:97:4B,11,23,729.1,80:02:9C:61:97:4A,0,1,AUTH_FLOOD,2026-08-25T23:58:07.584985
45917,AUTH,-44,53,0,709,65180,42708,8207764,0,99,8,0,0,14:33:5C:6D:AF:58,0,1,ARMED,112.0,0,0,80:02:9C:61:97:4B,11,73,738.2,80:02:9C:61:97:4A,0,1,AUTH_FLOOD,2026-08-25T23:58:07.652985
45917,AUTH,-44,53,0,738,64536,42708,8207821,0,99,8,0,0,14:33:5C:6D:AF:58,0,1,ARMED,112.0,0,0,80:02:9C:61:97:4B,11,49,902.9,80:02:9C:61:97:4A,0,1,AUTH_FLOOD,2026-08-25T23:58:07.709985
45917,,44,44,0,0,65180,42708,8208313,0,99,8,0,0,14:33:5C:6D:AF:58,0,0,ARMED,112.0,0,1,80:02:9C:61:97:4B,11,9,333.8,80:02:9C:61:97:4A,0,1,AUTH_FLOOD,2026-08-25T23:58:08.201985
45917,BEACON,-73,23,0,1069,65180,42708,8208586,0,99,8,0,0,14:33:5C:6D:AF:58,0,0,ARMED,112.0,0,1,80:02:9C:61:97:4B,11,13,137.0,80:02:9C:61:97:4A,0,1,AUTH_FLOOD,2026-08-25T23:58:08.474985
45917,,44,44,0,0,65180,42708,8208950,0,99,8,0,0,14:33:5C:6D:AF:58,0,0,ARMED,112.0,0,1,80:02:9C:61:97:4B,11,13,398.0,80:02:9C:61:97:4A,0,1,AUTH_FLOOD,2026-08-25T23:58:08.838985
45917,AUTH,-46,50,0,786,65180,42708,8209149,0,99,8,0,0,14:33:5C:6D:AF:58,0,0,ARMED,112.0,0,1,80:02:9C:61:97:4B,11,23,796.5,80:02:9C:61:97:4A,0,1,AUTH_FLOOD,2026-08-25T23:58:09.037985
45917,AUTH,-46,50,0,802,64536,42708,8209246,0,99,8,0,0,14:33:5C:6D:AF:58,0,1,ARMED,112.0,0,0,80:02:9C:61:97:4B,11,13,543.2,80:02:9C:61:97:4A,0,1,AUTH_FLOOD,2026-08-25T23:58:09.134985
45917,,44,44,0,0,65180,42708,8209324,0,99,8,0,0,14:33:5C:6D:AF:58,0,1,ARMED,112.0,0,1,80:02:9C:61:97:4B,11,1,404.0,80:02:9C:61:97:4A,0,1,AUTH_FLOOD,2026-08-25T23:58:09.212985
45917,AUTH,-46,50,0,839,64568,42708,8209417,0,99,8,0,0,14:33:5C:6D:AF:58,0,1,ARMED,112.0,0,0,80:02:9C:61:97:4B,11,51,537.6,80:02:9C:61:97:4A,0,1,AUTH_FLOOD,2026-08-25T23:58:09.305985
45917,BEACON,-54,42,30353,2232,65180,42708,8209736,0,99,8,0,0,14:33:5C:6D:AF:58,0,0,ARMED,112.0,0,1,80:02:9C:61:97:4B,11,13,127.0,80:02:9C:61:97:4A,0,1,AUTH_FLOOD,2026-08-25T23:58:09.624985
45917,AUTH,-40,56,0,881,65180,42708,8209969,0,99,8,0,0,14:33:5C:6D:AF:58,0,0,ARMED,112.0,0,0,80:02:9C:61:97:4B,11,24,875.0,80:02:9C:61:97:4A,0,1,AUTH_FLOOD,2026-08-25T23:58:09.857985
45917,AUTH,-40,56,0,916,64536,42708,8210012,0,99,8,0,0,14:33:5C:6D:AF:58,0,0,ARMED,112.0,0,0,80:02:9C:61:97:4B,11,74,1048.2,80:02:9C:61:97:4A,0,1,AUTH_FLOOD,2026-08-25T23:58:09.900985
45917,AUTH,-40,56,0,916,64536,42708,8210012,0,99,8,0,0,14:33:5C:6D:AF:58,0,0,ARMED,112.0,0,0,80:02:9C:61:97:4B,11,74,1048.2,80:02:9C:61:97:4A,0,1,AUTH_FLOOD,2026-08-25T23:58:09.900985
45917,AUTH,-38,58,0,943,64536,42708,8210068,0,99,8,0,0,14:33:5C:6D:AF:58,0,1,ARMED,112.0,0,0,80:02:9C:61:97:4B,11,25,968.1,80:02:9C:61:97:4A,0,1,AUTH_FLOOD,2026-08-25T23:58:09.956985
45917,,-87,9,3884,3669,65180,42708,8210249,0,99,8,0,0,14:33:5C:6D:AF:58,0,0,ARMED,112.0,0,1,80:02:9C:61:97:4B,11,1,1000.0,80:02:9C:61:97:4A,0,1,AUTH_FLOOD,2026-08-25T23:58:10.137985
45917,BEACON,-54,42,0,2242,65180,42708,8210760,0,99,8,0,0,14:33:5C:6D:AF:58,0,0,ARMED,112.0,0,1,80:02:9C:61:97:4B,11,8,78.1,80:02:9C:61:97:4A,0,1,AUTH_FLOOD,2026-08-25T23:58:10.648985
45917,AUTH,-36,60,28517,997,65180,42708,8211031,0,99,8,0,0,14:33:5C:6D:AF:58,0,0,ARMED,112.0,0,0,80:02:9C:61:97:4B,11,7,106.1,80:02:9C:61:97:4A,0,1,AUTH_FLOOD,2026-08-25T23:58:10.919985
45917,BEACON,-93,3,23353,645,65180,42708,8211195,0,99,8,0,0,14:33:5C:6D:AF:58,0,1,ARMED,112.0,0,1,80:02:9C:61:97:4B,11,4,145.4,80:02:9C:61:97:4A,0,1,AUTH_FLOOD,2026-08-25T23:58:11.083985
45917,BEACON,-90,6,0,1376,65180,42708,8211567,0,99,8,0,0,14:33:5C:6D:AF:58,0,0,ARMED,112.0,0,1,80:02:9C:61:97:4B,11,17,188.7,80:02:9C:61:97:4A,0,1,AUTH_FLOOD,2026-08-25T23:58:11.455985
45917,,35,35,0,0,65180,42708,8211891,0,99,8,0,0,14:33:5C:6D:AF:58,0,0,ARMED,112.0,0,1,80:02:9C:61:97:4B,11,7,162.4,80:02:9C:61:97:4A,0,1,AUTH_FLOOD,2026-08-25T23:58:11.779985
45917,AUTH,-46,50,0,1028,65180,42708,8212068,0,99,8,0,0,14:33:5C:6D:AF:58,0,1,ARMED,112.0,0,0,80:02:9C:61:97:4B,11,14,926.7,80:02:9C:61:97:4A,0,1,AUTH_FLOOD,2026-08-25T23:58:11.956985
45917,AUTH,-47,49,0,1043,65180,42708,8212166,0,99,8,0,0,14:33:5C:6D:AF:58,0,1,ARMED,112.0,0,0,80:02:9C:61:97:4B,11,17,1341.9,80:02:9C:61:97:4A,0,1,AUTH_FLOOD,2026-08-25T23:58:12.054985
45917,,63,63,0,0,65180,42708,8212637,0,99,8,0,0,14:33:5C:6D:AF:58,0,0,ARMED,112.0,0,0,80:02:9C:61:97:4B,11,6,104.1,80:02:9C:61:97:4A,0,1,AUTH_FLOOD,2026-08-25T23:58:12.525985
45917,MGMT_OTHER,-57,39,0,229,65180,42708,8212852,0,99,8,0,0,14:33:5C:6D:AF:58,0,0,ARMED,112.0,0,0,80:02:9C:61:97:4B,11,9,133.2,80:02:9C:61:97:4A,0,1,AUTH_FLOOD,2026-08-25T23:58:12.740985
45917,AUTH,-53,43,0,1068,65180,42708,8213280,0,99,8,0,0,14:33:5C:6D:AF:58,0,0,ARMED,112.0,0,0,80:02:9C:61:97:4B,11,19,219.5,80:02:9C:61:97:4A,0,1,AUTH_FLOOD,2026-08-25T23:58:13.168985
45917,BEACON,-93,3,0,1396,65180,42708,8213615,0,99,8,0,0,14:33:5C:6D:AF:58,0,0,ARMED,112.0,0,1,80:02:9C:61:97:4B,11,3,263.2,80:02:9C:61:97:4A,0,1,AUTH_FLOOD,2026-08-25T23:58:13.503985
45917,,61,61,0,0,65180,42708,8214180,0,99,8,0,0,14:33:5C:6D:AF:58,0,0,ARMED,112.0,0,0,80:02:9C:61:97:4B,11,12,185.6,80:02:9C:61:97:4A,0,1,AUTH_FLOOD,2026-08-25T23:58:14.068985
45917,BEACON,-95,1,0,1407,65180,42708,8214741,0,99,8,0,0,14:33:5C:6D:AF:58,0,0,ARMED,112.0,0,1,80:02:9C:61:97:4B,11,1,257.3,80:02:9C:61:97:4A,0,1,AUTH_FLOOD,2026-08-25T23:58:14.629985
45917,AUTH,-53,43,0,1128,65180,42708,8214988,0,99,8,0,0,14:33:5C:6D:AF:58,0,1,ARMED,112.0,0,0,80:02:9C:61:97:4B,11,9,182.9,80:02:9C:61:97:4A,0,1,AUTH_FLOOD,2026-08-25T23:58:14.876985
45917,BEACON,-96,0,0,2136,65180,42708,8215125,0,99,8,0,0,14:33:5C:6D:AF:58,0,1,ARMED,112.0,0,0,80:02:9C:61:97:4B,11,17,196.4,80:02:9C:61:97:4A,0,1,AUTH_FLOOD,2026-08-25T23:58:15.013985
45917,,-62,34,23219,146,65180,42708,8215597,0,99,8,0,0,14:33:5C:6D:AF:58,0,0,ARMED,112.0,0,1,80:02:9C:61:97:4B,11,8,168.5,80:02:9C:61:97:4A,0,1,AUTH_FLOOD,2026-08-25T23:58:15.485985
45917,MGMT_OTHER,-87,9,1338,2243,63364,42708,8215780,0,99,8,0,0,14:33:5C:6D:AF:58,0,1,ARMED,112.0,0,0,80:02:9C:61:97:4B,11,7,272.3,80:02:9C:61:97:4A,0,1,AUTH_FLOOD,2026-08-25T23:58:15.668985
45917,PROBE_RESP,-94,2,0,631,65180,42708,8216160,0,99,8,0,0,14:33:5C:6D:AF:58,0,0,ARMED,112.0,0,1,80:02:9C:61:97:4B,11,12,120.7,80:02:9C:61:97:4A,0,1,AUTH_FLOOD,2026-08-25T23:58:16.048985
45917,AUTH,-46,50,0,1220,65180,42708,8216559,0,99,8,0,0,14:33:5C:6D:AF:58,0,0,ARMED,112.0,0,0,80:02:9C:61:97:4B,11,18,292.7,80:02:9C:61:97:4A,0,1,AUTH_FLOOD,2026-08-25T23:58:16.447985
45917,BEACON,-75,21,0,1155,65180,42708,8216984,0,99,8,0,0,14:33:5C:6D:AF:58,0,0,ARMED,112.0,0,1,80:02:9C:61:97:4B,11,4,50.2,80:02:9C:61:97:4A,0,1,AUTH_FLOOD,2026-08-25T23:58:16.872985
45917,BEACON,-73,23,0,200,65180,42708,8217400,0,99,8,0,0,14:33:5C:6D:AF:58,0,0,ARMED,112.0,0,1,80:02:9C:61:97:4B,11,4,141.3,80:02:9C:61:97:4A,0,1,AUTH_FLOOD,2026-08-25T23:58:17.288985
45917,AUTH,-48,48,0,1245,65180,42708,8217773,0,99,8,0,0,14:33:5C:6D:AF:58,0,0,ARMED,112.0,0,0,80:02:9C:61:97:4B,11,23,257.0,80:02:9C:61:97:4A,0,1,AUTH_FLOOD,2026-08-25T23:58:17.661985
45917,BEACON,-74,22,0,1165,65180,42708,8218007,0,99,8,0,0,14:33:5C:6D:AF:58,0,0,ARMED,112.0,0,1,80:02:9C:61:97:4B,11,14,136.7,80:02:9C:61:97:4A,0,1,AUTH_FLOOD,2026-08-25T23:58:17.895985
45917,BEACON,-94,2,0,4073,65180,42708,8218432,0,99,8,0,0,14:33:5C:6D:AF:58,0,0,ARMED,112.0,0,1,80:02:9C:61:97:4B,11,3,191.2,80:02:9C:61:97:4A,0,1,AUTH_FLOOD,2026-08-25T23:58:18.320985
45917,,41,41,0,0,65180,42708,8218853,0,99,8,0,0,14:33:5C:6D:AF:58,0,0,ARMED,112.0,0,0,80:02:9C:61:97:4B,11,9,337.2,80:02:9C:61:97:4A,0,1,AUTH_FLOOD,2026-08-25T23:58:18.741985
45917,BEACON,-74,22,27193,1179,65180,42708,8219341,0,99,8,0,0,14:33:5C:6D:AF:58,0,0,ARMED,112.0,0,1,80:02:9C:61:97:4B,11,8,75.8,80:02:9C:61:97:4A,0,1,AUTH_FLOOD,2026-08-25T23:58:19.229985
45917,,-61,35,42168,152,65180,42708,8219916,0,99,8,0,0,14:33:5C:6D:AF:58,0,0,ARMED,112.0,0,1,80:02:9C:61:97:4B,11,2,46.8,80:02:9C:61:97:4A,0,1,AUTH_FLOOD,2026-08-25T23:58:19.804985
45917,BEACON,-95,1,0,4090,65180,42708,8220173,0,99,8,0,0,14:33:5C:6D:AF:58,1,1,ARMED,112.0,0,1,80:02:9C:61:97:4B,11,8,82.2,80:02:9C:61:97:4A,0,1,AUTH_FLOOD,2026-08-25T23:58:20.061985
45917,BEACON,-95,1,0,0,65180,42708,8220787,0,99,8,0,0,14:33:5C:6D:AF:58,0,0,ARMED,112.0,0,1,80:02:9C:61:97:4B,11,5,137.1,80:02:9C:61:97:4A,0,1,AUTH_FLOOD,2026-08-25T23:58:20.675985
45917,MGMT_OTHER,-94,2,0,2329,65180,42708,8221209,0,99,8,0,0,14:33:5C:6D:AF:58,0,0,ARMED,112.0,0,1,80:02:9C:61:97:4B,11,18,370.7,80:02:9C:61:97:4A,0,1,AUTH_FLOOD,2026-08-25T23:58:21.097985
45917,,41,41,0,0,65180,42708,8221271,0,99,8,0,0,14:33:5C:6D:AF:58,1,1,ARMED,112.0,0,0,80:02:9C:61:97:4B,11,9,922.7,80:02:9C:61:97:4A,0,1,AUTH_FLOOD,2026-08-25T23:58:21.159985
45917,MGMT_OTHER,-96,0,564,3182,65180,42708,8221513,0,99,8,0,0,14:33:5C:6D:AF:58,0,0,ARMED,112.0,0,1,80:02:9C:61:97:4B,11,9,295.5,80:02:9C:61:97:4A,0,1,AUTH_FLOOD,2026-08-25T23:58:21.401985
45917,BEACON,-57,39,11152,2361,65180,42708,8221922,0,99,8,0,0,14:33:5C:6D:AF:58,0,0,ARMED,112.0,0,1,80:02:9C:61:97:4B,11,6,252.4,80:02:9C:61:97:4A,0,1,AUTH_FLOOD,2026-08-25T23:58:21.810985
45917,AUTH,-47,49,0,1308,65180,42708,8222326,0,99,8,0,0,14:33:5C:6D:AF:58,0,0,ARMED,112.0,0,1,80:02:9C:61:97:4B,11,5,264.5,80:02:9C:61:97:4A,0,1,AUTH_FLOOD,2026-08-25T23:58:22.214985
45917,,-89,7,5206,706,65180,42708,8222743,0,99,8,0,0,14:33:5C:6D:AF:58,0,0,ARMED,112.0,0,1,80:02:9C:61:97:4B,11,7,270.4,80:02:9C:61:97:4A,0,1,AUTH_FLOOD,2026-08-25T23:58:22.631985
45917,AUTH,-49,47,0,1325,65180,42708,8223382,0,99,8,0,0,14:33:5C:6D:AF:58,0,0,ARMED,112.0,0,0,80:02:9C:61:97:4B,11,10,196.8,80:02:9C:61:97:4A,0,1,AUTH_FLOOD,2026-08-25T23:58:23.270985
45917,AUTH,-48,48,0,1367,65180,42708,8223423,0,99,8,0,0,14:33:5C:6D:AF:58,0,0,ARMED,112.0,0,0,80:02:9C:61:97:4B,11,60,653.2,80:02:9C:61:97:4A,0,1,AUTH_FLOOD,2026-08-25T23:58:23.311985
45917,AUTH,-48,48,0,1404,64536,42708,8223469,0,99,8,0,0,14:33:5C:6D:AF:58,0,1,ARMED,112.0,0,0,80:02:9C:61:97:4B,11,41,1136.1,80:02:9C:61:97:4A,0,1,AUTH_FLOOD,2026-08-25T23:58:23.357985
45917,AUTH,-48,48,0,1451,63892,42708,8223515,0,99,8,0,0,14:33:5C:6D:AF:58,0,1,ARMED,112.0,0,0,80:02:9C:61:97:4B,11,91,1110.8,80:02:9C:61:97:4A,0,1,AUTH_FLOOD,2026-08-25T23:58:23.403985
45917,AUTH,-57,39,0,1492,63248,42708,8223559,0,99,8,0,0,14:33:5C:6D:AF:58,0,1,ARMED,112.0,0,0,80:02:9C:61:97:4B,11,28,1094.4,80:02:9C:61:97:4A,0,1,AUTH_FLOOD,2026-08-25T23:58:23.447985
45917,AUTH,-48,48,0,1532,62604,42708,8223602,0,99,8,0,0,14:33:5C:6D:AF:58,0,1,ARMED,112.0,0,0,80:02:9C:61:97:4B,11,78,1143.2,80:02:9C:61:97:4A,0,1,AUTH_FLOOD,2026-08-25T23:58:23.490985
45917,AUTH,-48,48,0,1576,61960,42708,8223652,0,99,8,0,0,14:33:5C:6D:AF:58,0,1,ARMED,112.0,0,0,80:02:9C:61:97:4B,11,15,799.1,80:02:9C:61:97:4A,0,1,AUTH_FLOOD,2026-08-25T23:58:23.540985
45917,AUTH,-48,48,0,1623,61316,42708,8223698,0,99,8,0,0,14:33:5C:6D:AF:58,0,1,ARMED,112.0,0,0,80:02:9C:61:97:4B,11,65,1006.6,80:02:9C:61:97:4A,0,1,AUTH_FLOOD,2026-08-25T23:58:23.586985
45917,AUTH,-90,6,0,1626,65180,42708,8223800,0,99,8,0,0,14:33:5C:6D:AF:58,0,1,ARMED,112.0,0,0,80:02:9C:61:97:4B,11,36,615.3,80:02:9C:61:97:4A,0,1,AUTH_FLOOD,2026-08-25T23:58:23.688985
45917,AUTH,-89,7,0,1628,65180,42708,8223862,0,99,8,0,0,14:33:5C:6D:AF:58,0,1,ARMED,112.0,0,0,80:02:9C:61:97:4B,11,10,501.6,80:02:9C:61:97:4A,0,1,AUTH_FLOOD,2026-08-25T23:58:23.750985
45917,AUTH,-90,6,0,1630,65180,42708,8223906,0,99,8,0,0,14:33:5C:6D:AF:58,0,1,ARMED,112.0,0,0,80:02:9C:61:97:4B,11,60,932.9,80:02:9C:61:97:4A,0,1,AUTH_FLOOD,2026-08-25T23:58:23.794985
45917,AUTH,-90,6,0,1632,65180,42708,8223975,0,99,8,0,0,14:33:5C:6D:AF:58,0,1,ARMED,112.0,0,1,80:02:9C:61:97:4B,11,12,369.8,80:02:9C:61:97:4A,0,1,AUTH_FLOOD,2026-08-25T23:58:23.863985
45917,AUTH,-89,7,0,1633,65180,42708,8224016,0,99,8,0,0,14:33:5C:6D:AF:58,0,1,ARMED,112.0,0,0,80:02:9C:61:97:4B,11,62,838.0,80:02:9C:61:97:4A,0,1,AUTH_FLOOD,2026-08-25T23:58:23.904985
45917,AUTH,-90,6,0,1634,65180,42708,8224105,0,99,8,0,0,14:33:5C:6D:AF:58,1,1,ARMED,112.0,0,0,80:02:9C:61:97:4B,11,33,577.9,80:02:9C:61:97:4A,0,1,AUTH_FLOOD,2026-08-25T23:58:23.993985
45917,AUTH,-53,43,0,1655,65180,42708,8224602,0,99,8,0,0,14:33:5C:6D:AF:58,0,0,ARMED,112.0,0,0,80:02:9C:61:97:4B,11,17,406.0,80:02:9C:61:97:4A,0,1,AUTH_FLOOD,2026-08-25T23:58:24.490985
45917,AUTH,-53,43,0,1692,65180,42708,8224695,0,99,8,0,0,14:33:5C:6D:AF:58,0,1,ARMED,112.0,0,0,80:02:9C:61:97:4B,11,23,750.3,80:02:9C:61:97:4A,0,1,AUTH_FLOOD,2026-08-25T23:58:24.583985
45917,BEACON,-74,22,0,274,65180,42708,8224975,0,99,8,0,0,14:33:5C:6D:AF:58,0,0,ARMED,112.0,0,1,80:02:9C:61:97:4B,11,1,258.1,80:02:9C:61:97:4A,0,1,AUTH_FLOOD,2026-08-25T23:58:24.863985
45917,BEACON,-74,22,0,274,65180,42708,8224975,0,99,8,0,0,14:33:5C:6D:AF:58,0,0,ARMED,112.0,0,1,80:02:9C:61:97:4B,11,1,258.1,80:02:9C:61:97:4A,0,1,AUTH_FLOOD,2026-08-25T23:58:24.863985
45917,BEACON,-73,23,0,280,65180,42708,8225597,0,99,8,0,0,14:33:5C:6D:AF:58,0,0,ARMED,112.0,0,1,80:02:9C:61:97:4B,11,7,76.6,80:02:9C:61:97:4A,0,1,AUTH_FLOOD,2026-08-25T23:58:25.485985
45917,BEACON,-94,2,0,1519,65180,42708,8226210,0,99,8,0,0,14:33:5C:6D:AF:58,0,0,ARMED,112.0,0,1,80:02:9C:61:97:4B,11,6,66.6,80:02:9C:61:97:4A,0,1,AUTH_FLOOD,2026-08-25T23:58:26.098985
45917,BEACON,-58,38,0,2411,65180,42708,8226530,0,99,8,0,0,14:33:5C:6D:AF:58,0,0,ARMED,112.0,0,1,80:02:9C:61:97:4B,11,8,337.0,80:02:9C:61:97:4A,0,1,AUTH_FLOOD,2026-08-25T23:58:26.418985
45917,BEACON,-73,23,0,295,65180,42708,8227128,0,99,8,0,0,14:33:5C:6D:AF:58,0,0,ARMED,112.0,0,1,80:02:9C:61:97:4B,11,2,264.0,80:02:9C:61:97:4A,0,1,AUTH_FLOOD,2026-08-25T23:58:27.016985
45917,AUTH,-50,46,0,1763,65180,42708,8227235,0,99,8,0,0,14:33:5C:6D:AF:58,1,1,ARMED,112.0,0,1,80:02:9C:61:97:4B,11,12,1174.6,80:02:9C:61:97:4A,0,1,AUTH_FLOOD,2026-08-25T23:58:27.123985
45917,BEACON,-75,21,0,1261,65180,42708,8227530,0,99,8,0,0,14:33:5C:6D:AF:58,0,0,ARMED,112.0,0,1,80:02:9C:61:97:4B,11,8,78.1,80:02:9C:61:97:4A,0,1,AUTH_FLOOD,2026-08-25T23:58:27.418985
45917,AUTH,-45,52,837,1770,65180,42708,8227973,0,99,8,0,0,14:33:5C:6D:AF:58,0,0,ARMED,112.0,0,0,80:02:9C:61:97:4B,11,7,210.6,80:02:9C:61:97:4A,0,1,AUTH_FLOOD,2026-08-25T23:58:27.861985
45917,BEACON,-93,4,0,1538,65180,42708,8228156,0,99,8,0,0,14:33:5C:6D:AF:58,1,1,ARMED,112.0,0,1,80:02:9C:61:97:4B,11,2,175.6,80:02:9C:61:97:4A,0,1,AUTH_FLOOD,2026-08-25T23:58:28.044985
45917,BEACON,-93,4,0,76,65180,42708,8228570,0,99,8,0,0,14:33:5C:6D:AF:58,0,0,ARMED,112.0,0,1,80:02:9C:61:97:4B,11,3,248.8,80:02:9C:61:97:4A,0,1,AUTH_FLOOD,2026-08-25T23:58:28.458985
45917,,46,46,0,0,65180,42708,8228970,0,99,8,0,0,14:33:5C:6D:AF:58,0,0,ARMED,112.0,0,0,80:02:9C:61:97:4B,11,4,826.1,80:02:9C:61:97:4A,0,1,AUTH_FLOOD,2026-08-25T23:58:28.858985
45917,AUTH,-47,50,0,1798,65180,42708,8229189,0,99,8,0,0,14:33:5C:6D:AF:58,0,0,ARMED,112.0,0,1,80:02:9C:61:97:4B,11,22,1125.4,80:02:9C:61:97:4A,0,1,AUTH_FLOOD,2026-08-25T23:58:29.077985
45917,AUTH,-47,50,0,1822,64536,42708,8229227,0,99,8,0,0,14:33:5C:6D:AF:58,0,0,ARMED,112.0,0,0,80:02:9C:61:97:4B,11,72,1245.5,80:02:9C:61:97:4A,0,1,AUTH_FLOOD,2026-08-25T23:58:29.115985
45917,AUTH,-55,42,0,2455,63892,42708,8229265,0,99,8,0,0,14:33:5C:6D:AF:58,0,0,ARMED,112.0,0,1,80:02:9C:61:97:4B,11,122,1278.0,80:02:9C:61:97:4A,0,1,AUTH_FLOOD,2026-08-25T23:58:29.153985
45917,AUTH,-47,50,0,1871,63248,42708,8229307,0,99,8,0,0,14:33:5C:6D:AF:58,1,1,ARMED,112.0,0,0,80:02:9C:61:97:4B,11,44,1179.8,80:02:9C:61:97:4A,0,1,AUTH_FLOOD,2026-08-25T23:58:29.195985
45917,AUTH,-54,43,0,1895,63248,42708,8229345,0,99,8,0,0,14:33:5C:6D:AF:58,1,1,ARMED,112.0,0,0,80:02:9C:61:97:4B,11,94,1250.2,80:02:9C:61:97:4A,0,1,AUTH_FLOOD,2026-08-25T23:58:29.233985
45917,AUTH,-50,47,0,1920,62604,42708,8229386,0,99,8,0,0,14:33:5C:6D:AF:58,1,1,ARMED,112.0,0,0,80:02:9C:61:97:4B,11,16,1161.7,80:02:9C:61:97:4A,0,1,AUTH_FLOOD,2026-08-25T23:58:29.274985
45917,AUTH,-55,42,0,2469,61960,42708,8229424,0,99,8,0,0,14:33:5C:6D:AF:58,1,1,ARMED,112.0,0,0,80:02:9C:61:97:4B,11,66,1267.0,80:02:9C:61:97:4A,0,1,AUTH_FLOOD,2026-08-25T23:58:29.312985
45917,AUTH,-47,50,0,1966,61960,42708,8229464,0,99,8,0,0,14:33:5C:6D:AF:58,1,1,ARMED,112.0,0,1,80:02:9C:61:97:4B,11,116,1259.2,80:02:9C:61:97:4A,0,1,AUTH_FLOOD,2026-08-25T23:58:29.352985
45917,DEAUTH,-54,43,0,2477,65180,42708,8229508,0,99,8,0,0,14:33:5C:6D:AF:58,1,1,ARMED,112.0,0,0,80:02:9C:61:97:4B,11,49,1769.9,80:02:9C:61:97:4A,0,1,AUTH_FLOOD,2026-08-25T23:58:29.396985
45917,AUTH,-55,42,0,2484,65180,42708,8229565,0,99,8,0,0,14:33:5C:6D:AF:58,1,1,ARMED,112.0,0,0,80:02:9C:61:97:4B,11,99,1167.5,80:02:9C:61:97:4A,0,1,AUTH_FLOOD,2026-08-25T23:58:29.453985
45917,AUTH,-55,42,0,2490,65180,42708,8229622,0,99,8,0,0,14:33:5C:6D:AF:58,1,1,ARMED,112.0,0,0,80:02:9C:61:97:4B,11,49,1201.8,80:02:9C:61:97:4A,0,1,AUTH_FLOOD,2026-08-25T23:58:29.510985
45917,AUTH,-54,43,0,2496,65180,42708,8229665,0,99,8,0,0,14:33:5C:6D:AF:58,1,1,ARMED,112.0,0,0,80:02:9C:61:97:4B,11,99,1187.9,80:02:9C:61:97:4A,0,1,AUTH_FLOOD,2026-08-25T23:58:29.553985
45917,DEAUTH,-54,43,0,2504,65180,42708,8229714,0,99,8,0,0,14:33:5C:6D:AF:58,1,1,ARMED,112.0,0,0,80:02:9C:61:97:4B,11,40,1208.5,80:02:9C:61:97:4A,0,1,AUTH_FLOOD,2026-08-25T23:58:29.602985
45917,DEAUTH,-55,42,0,2510,65180,42708,8229759,0,99,8,0,0,14:33:5C:6D:AF:58,1,1,ARMED,112.0,0,0,80:02:9C:61:97:4B,11,90,1166.0,80:02:9C:61:97:4A,0,1,AUTH_FLOOD,2026-08-25T23:58:29.647985
45917,BEACON,-56,41,0,2518,65180,42708,8229808,0,99,8,0,0,14:33:5C:6D:AF:58,1,1,ARMED,112.0,0,0,80:02:9C:61:97:4B,11,49,2063.2,80:02:9C:61:97:4A,0,1,AUTH_FLOOD,2026-08-25T23:58:29.696985
45917,DEAUTH,-56,41,0,2523,65180,42708,8229847,0,99,8,0,0,14:33:5C:6D:AF:58,1,1,ARMED,112.0,0,1,80:02:9C:61:97:4B,11,99,1561.3,80:02:9C:61:97:4A,0,1,AUTH_FLOOD,2026-08-25T23:58:29.735985
45917,AUTH,-55,42,0,2528,65180,42708,8229897,0,99,8,0,0,14:33:5C:6D:AF:58,1,1,ARMED,112.0,0,0,80:02:9C:61:97:4B,11,9,843.9,80:02:9C:61:97:4A,0,1,AUTH_FLOOD,2026-08-25T23:58:29.785985
45917,AUTH,-56,41,0,2536,65180,42708,8229951,0,99,8,0,0,14:33:5C:6D:AF:58,1,1,ARMED,112.0,0,0,80:02:9C:61:97:4B,11,59,903.1,80:02:9C:61:97:4A,0,1,AUTH_FLOOD,2026-08-25T23:58:29.839985
45917,DEAUTH,-56,41,0,2543,65180,42708,8230003,0,99,8,0,0,14:33:5C:6D:AF:58,1,1,ARMED,112.0,0,0,80:02:9C:61:97:4B,11,15,978.3,80:02:9C:61:97:4A,0,1,AUTH_FLOOD,2026-08-25T23:58:29.891985
45917,DEAUTH,-56,41,0,2550,65180,42708,8230045,0,99,8,0,0,14:33:5C:6D:AF:58,1,1,ARMED,112.0,0,0,80:02:9C:61:97:4B,11,65,1142.9,80:02:9C:61:97:4A,0,1,AUTH_FLOOD,2026-08-25T23:58:29.933985
45917,AUTH,-56,41,0,2557,65180,42708,8230094,0,99,8,0,0,14:33:5C:6D:AF:58,1,1,ARMED,112.0,0,0,80:02:9C:61:97:4B,11,4,1187.6,80:02:9C:61:97:4A,0,1,AUTH_FLOOD,2026-08-25T23:58:29.982985
45917,DEAUTH,-55,42,0,2565,65180,42708,8230140,0,99,8,0,0,14:33:5C:6D:AF:58,1,1,ARMED,112.0,0,0,80:02:9C:61:97:4B,11,54,1089.7,80:02:9C:61:97:4A,0,1,AUTH_FLOOD,2026-08-25T23:58:30.028985
45917,AUTH,-55,42,0,2572,65180,42708,8230205,0,99,8,0,0,14:33:5C:6D:AF:58,1,1,ARMED,112.0,0,0,80:02:9C:61:97:4B,11,7,570.1,80:02:9C:61:97:4A,0,1,AUTH_FLOOD,2026-08-25T23:58:30.093985
45917,DEAUTH,-54,43,0,2580,65180,42708,8230253,0,99,8,0,0,14:33:5C:6D:AF:58,1,1,ARMED,112.0,0,0,80:02:9C:61:97:4B,11,57,944.8,80:02:9C:61:97:4A,0,1,AUTH_FLOOD,2026-08-25T23:58:30.141985
45917,DEAUTH,-54,43,0,2586,65180,42708,8230310,0,99,8,0,0,14:33:5C:6D:AF:58,1,1,ARMED,112.0,0,0,80:02:9C:61:97:4B,11,9,596.1,80:02:9C:61:97:4A,0,1,AUTH_FLOOD,2026-08-25T23:58:30.198985
45917,AUTH,-54,43,0,2594,65180,42708,8230364,0,99,8,0,0,14:33:5C:6D:AF:58,1,1,ARMED,112.0,0,0,80:02:9C:61:97:4B,11,59,855.9,80:02:9C:61:97:4A,0,1,AUTH_FLOOD,2026-08-25T23:58:30.252985
45917,AUTH,-52,45,0,2011,65180,42708,8230409,0,99,8,0,0,14:33:5C:6D:AF:58,1,1,ARMED,112.0,0,1,80:02:9C:61:97:4B,11,16,1132.7,80:02:9C:61:97:4A,0,1,AUTH_FLOOD,2026-08-25T23:58:30.297985
45917,AUTH,-55,42,0,2603,65180,42708,8230458,0,99,8,0,0,14:33:5C:6D:AF:58,1,1,ARMED,112.0,0,0,80:02:9C:61:97:4B,11,66,1045.6,80:02:9C:61:97:4A,0,1,AUTH_FLOOD,2026-08-25T23:58:30.346985
45917,AUTH,-52,45,0,2030,64536,42708,8230498,0,99,8,0,0,14:33:5C:6D:AF:58,1,1,ARMED,112.0,0,1,80:02:9C:61:97:4B,11,116,1155.6,80:02:9C:61:97:4A,0,1,AUTH_FLOOD,2026-08-25T23:58:30.386985
45917,DEAUTH,-55,42,0,2611,63892,42708,8230539,0,99,8,0,0,14:33:5C:6D:AF:58,1,1,ARMED,112.0,0,0,80:02:9C:61:97:4B,11,50,1139.9,80:02:9C:61:97:4A,0,1,AUTH_FLOOD,2026-08-25T23:58:30.427985
45917,DEAUTH,-54,43,0,2615,63892,42708,8230582,0,99,8,0,0,14:33:5C:6D:AF:58,1,1,ARMED,112.0,0,0,80:02:9C:61:97:4B,11,100,1162.1,80:02:9C:61:97:4A,0,1,AUTH_FLOOD,2026-08-25T23:58:30.470985
45917,AUTH,-52,45,0,2053,63248,42708,8230629,0,99,8,0,0,14:33:5C:6D:AF:58,1,1,ARMED,112.0,0,1,80:02:9C:61:97:4B,11,32,969.7,80:02:9C:61:97:4A,0,1,AUTH_FLOOD,2026-08-25T23:58:30.517985
45917,DEAUTH,-56,41,0,2624,62604,42708,8230671,0,99,8,0,0,14:33:5C:6D:AF:58,1,1,ARMED,112.0,0,1,80:02:9C:61:97:4B,11,82,1093.9,80:02:9C:61:97:4A,0,1,AUTH_FLOOD,2026-08-25T23:58:30.559985
45917,AUTH,-55,42,0,2629,62604,42708,8230720,0,99,8,0,0,14:33:5C:6D:AF:58,1,1,ARMED,112.0,0,0,80:02:9C:61:97:4B,11,18,766.7,80:02:9C:61:97:4A,0,1,AUTH_FLOOD,2026-08-25T23:58:30.608985
45917,AUTH,-56,41,0,2636,65180,42708,8230768,0,99,8,0,0,14:33:5C:6D:AF:58,1,1,ARMED,112.0,0,0,80:02:9C:61:97:4B,11,68,954.9,80:02:9C:61:97:4A,0,1,AUTH_FLOOD,2026-08-25T23:58:30.656985
45917,AUTH,-57,40,1949,2645,65180,42708,8230846,0,99,8,0,0,14:33:5C:6D:AF:58,1,1,ARMED,112.0,0,0,80:02:9C:61:97:4B,11,27,551.0,80:02:9C:61:97:4A,0,1,AUTH_FLOOD,2026-08-25T23:58:30.734985
45917,AUTH,-57,40,0,2651,65180,42708,8230905,0,99,8,0,0,14:33:5C:6D:AF:58,1,1,ARMED,112.0,0,0,80:02:9C:61:97:4B,11,8,1003.1,80:02:9C:61:97:4A,0,1,AUTH_FLOOD,2026-08-25T23:58:30.793985
45917,AUTH,-57,40,0,2659,65180,42708,8230978,0,99,8,0,0,14:33:5C:6D:AF:58,1,1,ARMED,112.0,0,0,80:02:9C:61:97:4B,11,58,715.8,80:02:9C:61:97:4A,0,1,AUTH_FLOOD,2026-08-25T23:58:30.866985
45917,AUTH,-58,39,0,2667,65180,42708,8231055,0,99,8,0,0,14:33:5C:6D:AF:58,0,1,ARMED,112.0,0,0,80:02:9C:61:97:4B,11,34,601.1,80:02:9C:61:97:4A,0,1,AUTH_FLOOD,2026-08-25T23:58:30.943985
45917,AUTH,-58,39,0,2674,65180,42708,8231126,0,99,8,0,0,14:33:5C:6D:AF:58,0,1,ARMED,112.0,0,0,80:02:9C:61:97:4B,11,16,600.0,80:02:9C:61:97:4A,0,1,AUTH_FLOOD,2026-08-25T23:58:31.014985
45917,AUTH,-90,6,0,2085,65180,42708,8231360,0,99,8,0,0,14:33:5C:6D:AF:58,0,0,ARMED,112.0,0,0,80:02:9C:61:97:4B,11,11,263.1,80:02:9C:61:97:4A,0,1,AUTH_FLOOD,2026-08-25T23:58:31.248985
45917,,-59,37,0,2681,65180,42708,8231646,0,99,8,0,0,14:33:5C:6D:AF:58,0,0,ARMED,112.0,0,1,80:02:9C:61:97:4B,11,4,257.9,80:02:9C:61:97:4A,0,1,AUTH_FLOOD,2026-08-25T23:58:31.534985
45917,AUTH,-53,43,0,2121,65180,42708,8232069,0,99,8,0,0,14:33:5C:6D:AF:58,0,0,ARMED,112.0,0,0,80:02:9C:61:97:4B,11,12,1018.8,80:02:9C:61:97:4A,0,1,AUTH_FLOOD,2026-08-25T23:58:31.957985
45917,AUTH,-53,43,0,2121,65180,42708,8232069,0,99,8,0,0,14:33:5C:6D:AF:58,0,0,ARMED,112.0,0,0,80:02:9C:61:97:4B,11,12,1018.8,80:02:9C:61:97:4A,0,1,AUTH_FLOOD,2026-08-25T23:58:31.957985
45917,AUTH,-53,43,0,2141,65180,42708,8232125,0,99,8,0,0,14:33:5C:6D:AF:58,0,0,ARMED,112.0,0,1,80:02:9C:61:97:4B,11,62,919.7,80:02:9C:61:97:4A,0,1,AUTH_FLOOD,2026-08-25T23:58:32.013985
45917,AUTH,-53,43,0,2171,64536,42708,8232189,0,99,8,0,0,14:33:5C:6D:AF:58,0,1,ARMED,112.0,0,0,80:02:9C:61:97:4B,11,24,763.6,80:02:9C:61:97:4A,0,1,AUTH_FLOOD,2026-08-25T23:58:32.077985
45917,AUTH,-54,42,0,2196,64536,42708,8232255,0,99,8,0,0,14:33:5C:6D:AF:58,0,1,ARMED,112.0,0,0,80:02:9C:61:97:4B,11,74,760.5,80:02:9C:61:97:4A,0,1,AUTH_FLOOD,2026-08-25T23:58:32.143985
45917,AUTH,-53,43,0,2221,65180,42708,8232321,0,99,8,0,0,14:33:5C:6D:AF:58,1,1,ARMED,112.0,0,0,80:02:9C:61:97:4B,11,49,986.6,80:02:9C:61:97:4A,0,1,AUTH_FLOOD,2026-08-25T23:58:32.209985
45917,,-86,10,5372,992,65180,42708,8232675,0,99,8,0,0,14:33:5C:6D:AF:58,0,0,ARMED,112.0,0,1,80:02:9C:61:97:4B,11,5,202.3,80:02:9C:61:97:4A,0,1,AUTH_FLOOD,2026-08-25T23:58:32.563985
45917,AUTH,-48,48,0,2265,65180,42708,8232852,0,99,8,0,0,14:33:5C:6D:AF:58,0,0,ARMED,112.0,0,0,80:02:9C:61:97:4B,11,42,424.0,80:02:9C:61:97:4A,0,1,AUTH_FLOOD,2026-08-25T23:58:32.740985
45917,AUTH,-48,48,3758,2294,64536,42708,8232907,0,99,8,0,0,14:33:5C:6D:AF:58,0,1,ARMED,112.0,0,0,80:02:9C:61:97:4B,11,49,941.7,80:02:9C:61:97:4A,0,1,AUTH_FLOOD,2026-08-25T23:58:32.795985
45917,AUTH,-48,48,0,2331,64536,42708,8232948,0,99,8,0,0,14:33:5C:6D:AF:58,0,1,ARMED,112.0,0,0,80:02:9C:61:97:4B,11,99,1055.4,80:02:9C:61:97:4A,0,1,AUTH_FLOOD,2026-08-25T23:58:32.836985
45917,AUTH,-48,48,0,2367,63892,42708,8232998,0,99,8,0,0,14:33:5C:6D:AF:58,0,1,ARMED,112.0,0,0,80:02:9C:61:97:4B,11,40,968.3,80:02:9C:61:97:4A,0,1,AUTH_FLOOD,2026-08-25T23:58:32.886985
45917,AUTH,-47,49,0,2408,63248,42708,8233041,0,99,8,0,0,14:33:5C:6D:AF:58,0,1,ARMED,112.0,0,0,80:02:9C:61:97:4B,11,90,1061.3,80:02:9C:61:97:4A,0,1,AUTH_FLOOD,2026-08-25T23:58:32.929985
45917,AUTH,-49,47,0,2441,62604,42708,8233089,0,99,8,0,0,14:33:5C:6D:AF:58,0,1,ARMED,112.0,0,0,80:02:9C:61:97:4B,11,31,1065.8,80:02:9C:61:97:4A,0,1,AUTH_FLOOD,2026-08-25T23:58:32.977985
45917,AUTH,-49,47,0,2479,61960,42708,8233134,0,99,8,0,0,14:33:5C:6D:AF:58,0,1,ARMED,112.0,0,0,80:02:9C:61:97:4B,11,81,1101.7,80:02:9C:61:97:4A,0,1,AUTH_FLOOD,2026-08-25T23:58:33.022985
45917,MGMT_OTHER,-87,9,3866,4004,65180,42708,8233289,0,99,8,0,0,14:33:5C:6D:AF:58,0,0,ARMED,112.0,0,1,80:02:9C:61:97:4B,11,5,235.9,80:02:9C:61:97:4A,0,1,AUTH_FLOOD,2026-08-25T23:58:33.177985
45917,AUTH,-47,49,0,2528,65180,42708,8233664,0,99,8,0,0,14:33:5C:6D:AF:58,0,0,ARMED,112.0,0,0,80:02:9C:61:97:4B,11,24,270.3,80:02:9C:61:97:4A,0,1,AUTH_FLOOD,2026-08-25T23:58:33.552985
45917,AUTH,-47,49,0,2573,65180,42708,8233716,0,99,8,0,0,14:33:5C:6D:AF:58,0,1,ARMED,112.0,0,0,80:02:9C:61:97:4B,11,40,1072.8,80:02:9C:61:97:4A,0,1,AUTH_FLOOD,2026-08-25T23:58:33.604985
45917,AUTH,-47,49,0,2624,64536,42708,8233759,0,99,8,0,0,14:33:5C:6D:AF:58,0,1,ARMED,112.0,0,0,80:02:9C:61:97:4B,11,90,1123.0,80:02:9C:61:97:4A,0,1,AUTH_FLOOD,2026-08-25T23:58:33.647985
45917,AUTH,-46,50,0,2669,65180,42708,8233807,0,99,8,0,0,14:33:5C:6D:AF:58,0,1,ARMED,112.0,0,0,80:02:9C:61:97:4B,11,29,1014.2,80:02:9C:61:97:4A,0,1,AUTH_FLOOD,2026-08-25T23:58:33.695985
45917,BEACON,-71,25,0,1337,65180,42708,8234289,0,99,8,0,0,14:33:5C:6D:AF:58,0,0,ARMED,112.0,0,1,80:02:9C:61:97:4B,11,10,100.1,80:02:9C:61:97:4A,0,1,AUTH_FLOOD,2026-08-25T23:58:34.177985
45917,BEACON,-74,22,0,1344,65180,42708,8234903,0,99,8,0,0,14:33:5C:6D:AF:58,0,0,ARMED,112.0,0,1,80:02:9C:61:97:4B,11,6,63.3,80:02:9C:61:97:4A,0,1,AUTH_FLOOD,2026-08-25T23:58:34.791985
45917,,-85,12,5381,4034,65180,42708,8235440,0,99,8,0,0,14:33:5C:6D:AF:58,0,0,ARMED,112.0,0,1,80:02:9C:61:97:4B,11,1,462.1,80:02:9C:61:97:4A,0,1,AUTH_FLOOD,2026-08-25T23:58:35.328985
45917,BEACON,-71,26,0,380,65180,42708,8235832,0,99,8,0,0,14:33:5C:6D:AF:58,1,0,ARMED,112.0,0,1,80:02:9C:61:97:4B,11,8,92.7,80:02:9C:61:97:4A,0,1,AUTH_FLOOD,2026-08-25T23:58:35.720985
45917,AUTH,-51,46,0,2706,65180,42708,8236308,0,99,8,0,0,14:33:5C:6D:AF:58,0,0,ARMED,112.0,0,0,80:02:9C:61:97:4B,11,11,156.2,80:02:9C:61:97:4A,0,1,AUTH_FLOOD,2026-08-25T23:58:36.196985
45917,,43,43,0,0,65180,42708,8236460,0,99,8,0,0,14:33:5C:6D:AF:58,0,1,ARMED,112.0,0,0,80:02:9C:61:97:4B,11,6,412.0,80:02:9C:61:97:4A,0,1,AUTH_FLOOD,2026-08-25T23:58:36.348985
45917,,45,45,0,0,65180,42708,8236561,0,99,8,0,0,14:33:5C:6D:AF:58,0,1,ARMED,112.0,0,1,80:02:9C:61:97:4B,11,2,157.5,80:02:9C:61:97:4A,0,1,AUTH_FLOOD,2026-08-25T23:58:36.449985
45917,,44,44,0,0,65180,42708,8236911,0,99,8,0,0,14:33:5C:6D:AF:58,0,0,ARMED,112.0,0,0,80:02:9C:61:97:4B,11,12,217.0,80:02:9C:61:97:4A,0,1,AUTH_FLOOD,2026-08-25T23:58:36.799985
45917,,46,46,0,0,65180,42708,8237082,0,99,8,0,0,14:33:5C:6D:AF:58,0,0,ARMED,112.0,0,0,80:02:9C:61:97:4B,11,11,507.1,80:02:9C:61:97:4A,0,1,AUTH_FLOOD,2026-08-25T23:58:36.970985
45917,,40,40,0,0,65180,42708,8237292,0,99,8,0,0,14:33:5C:6D:AF:58,0,0,ARMED,112.0,0,1,80:02:9C:61:97:4B,11,12,435.5,80:02:9C:61:97:4A,0,1,AUTH_FLOOD,2026-08-25T23:58:37.180985
45917,,41,41,0,0,65180,42708,8237475,0,99,8,0,0,14:33:5C:6D:AF:58,0,1,ARMED,112.0,0,0,80:02:9C:61:97:4B,11,2,400.6,80:02:9C:61:97:4A,0,1,AUTH_FLOOD,2026-08-25T23:58:37.363985
45917,,43,43,0,0,65180,42708,8237607,0,99,8,0,0,14:33:5C:6D:AF:58,0,1,ARMED,112.0,0,0,80:02:9C:61:97:4B,11,7,216.6,80:02:9C:61:97:4A,0,1,AUTH_FLOOD,2026-08-25T23:58:37.495985
45917,,-86,11,0,4084,65180,42708,8237795,0,99,8,0,0,14:33:5C:6D:AF:58,0,1,ARMED,112.0,0,0,80:02:9C:61:97:4B,11,2,1572.3,80:02:9C:61:97:4A,0,1,AUTH_FLOOD,2026-08-25T23:58:37.683985
45917,,43,43,0,0,65180,42708,8237934,0,99,8,0,0,14:33:5C:6D:AF:58,0,1,ARMED,112.0,0,0,80:02:9C:61:97:4B,11,17,451.4,80:02:9C:61:97:4A,0,1,AUTH_FLOOD,2026-08-25T23:58:37.822985
45917,,41,41,0,0,65180,42708,8238088,0,99,8,0,0,14:33:5C:6D:AF:58,0,1,ARMED,112.0,0,0,80:02:9C:61:97:4B,11,33,369.9,80:02:9C:61:97:4A,0,1,AUTH_FLOOD,2026-08-25T23:58:37.976985
45917,,43,43,0,0,65180,42708,8238297,0,99,8,0,0,14:33:5C:6D:AF:58,0,1,ARMED,112.0,0,0,80:02:9C:61:97:4B,11,11,117.4,80:02:9C:61:97:4A,0,1,AUTH_FLOOD,2026-08-25T23:58:38.185985
45917,BEACON,-60,36,30135,2757,65180,42708,8238613,0,99,8,0,0,14:33:5C:6D:AF:58,0,0,ARMED,112.0,0,1,80:02:9C:61:97:4B,11,6,107.8,80:02:9C:61:97:4A,0,1,AUTH_FLOOD,2026-08-25T23:58:38.501985
45917,BEACON,-91,5,0,1643,65180,42708,8238908,0,99,8,0,0,14:33:5C:6D:AF:58,0,0,ARMED,112.0,0,1,80:02:9C:61:97:4B,11,10,224.4,80:02:9C:61:97:4A,0,1,AUTH_FLOOD,2026-08-25T23:58:38.796985
45917,,46,46,0,0,65180,42708,8239211,0,99,8,0,0,14:33:5C:6D:AF:58,0,0,ARMED,112.0,0,1,80:02:9C:61:97:4B,11,5,186.0,80:02:9C:61:97:4A,0,1,AUTH_FLOOD,2026-08-25T23:58:39.099985
45917,,-92,4,50489,967,65180,42708,8239522,0,99,8,0,0,14:33:5C:6D:AF:58,0,0,ARMED,112.0,0,1,80:02:9C:61:97:4B,11,4,337.4,80:02:9C:61:97:4A,0,1,AUTH_FLOOD,2026-08-25T23:58:39.410985
45917,,-92,4,1948,1459,65180,42708,8239946,0,99,8,0,0,14:33:5C:6D:AF:58,0,0,ARMED,112.0,0,1,80:02:9C:61:97:4B,11,6,228.6,80:02:9C:61:97:4A,0,1,AUTH_FLOOD,2026-08-25T23:58:39.834985
45917,,46,46,0,0,65180,42708,8240274,0,99,8,0,0,14:33:5C:6D:AF:58,0,0,ARMED,112.0,0,0,80:02:9C:61:97:4B,11,18,368.4,80:02:9C:61:97:4A,0,1,AUTH_FLOOD,2026-08-25T23:58:40.162985
45917,AUTH,-93,3,0,2774,65180,42708,8240458,0,99,8,0,0,14:33:5C:6D:AF:58,0,0,ARMED,112.0,0,1,80:02:9C:61:97:4B,11,13,594.7,80:02:9C:61:97:4A,0,1,AUTH_FLOOD,2026-08-25T23:58:40.346985
45917,BEACON,-71,25,0,427,65180,42708,8240645,0,99,8,0,0,14:33:5C:6D:AF:58,0,1,ARMED,112.0,0,1,80:02:9C:61:97:4B,11,2,396.0,80:02:9C:61:97:4A,0,1,AUTH_FLOOD,2026-08-25T23:58:40.533985
45917,AUTH,-37,59,0,2830,64536,42708,8240684,0,99,8,0,0,14:33:5C:6D:AF:58,0,1,ARMED,112.0,0,0,80:02:9C:61:97:4B,11,52,1181.3,80:02:9C:61:97:4A,0,1,AUTH_FLOOD,2026-08-25T23:58:40.572985
45917,AUTH,-37,59,0,2871,63892,42708,8240725,0,99,8,0,0,14:33:5C:6D:AF:58,0,1,ARMED,112.0,0,0,80:02:9C:61:97:4B,11,102,1198.6,80:02:9C:61:97:4A,0,1,AUTH_FLOOD,2026-08-25T23:58:40.613985
45917,AUTH,-41,55,0,2904,63248,42708,8240772,0,99,8,0,0,14:33:5C:6D:AF:58,0,1,ARMED,112.0,0,0,80:02:9C:61:97:4B,11,49,1573.2,80:02:9C:61:97:4A,0,1,AUTH_FLOOD,2026-08-25T23:58:40.660985
45917,AUTH,-37,59,0,2943,62604,42708,8240813,0,99,8,0,0,14:33:5C:6D:AF:58,0,1,ARMED,112.0,0,0,80:02:9C:61:97:4B,11,99,1373.0,80:02:9C:61:97:4A,0,1,AUTH_FLOOD,2026-08-25T23:58:40.701985
45917,AUTH,-38,58,0,2978,61960,42708,8240863,0,99,8,0,0,14:33:5C:6D:AF:58,0,1,ARMED,112.0,0,0,80:02:9C:61:97:4B,11,19,946.5,80:02:9C:61:97:4A,0,1,AUTH_FLOOD,2026-08-25T23:58:40.751985
45917,AUTH,-38,58,0,3008,61960,42708,8240905,0,99,8,0,0,14:33:5C:6D:AF:58,0,1,ARMED,112.0,0,0,80:02:9C:61:97:4B,11,69,1102.9,80:02:9C:61:97:4A,0,1,AUTH_FLOOD,2026-08-25T23:58:40.793985
45917,AUTH,-91,5,0,3010,65180,42708,8241012,0,99,8,0,0,14:33:5C:6D:AF:58,0,1,ARMED,112.0,0,0,80:02:9C:61:97:4B,11,38,617.9,80:02:9C:61:97:4A,0,1,AUTH_FLOOD,2026-08-25T23:58:40.900985
45917,AUTH,-89,7,0,3012,65180,42708,8241071,0,99,8,0,0,14:33:5C:6D:AF:58,0,1,ARMED,112.0,0,1,80:02:9C:61:97:4B,11,14,819.2,80:02:9C:61:97:4A,0,1,AUTH_FLOOD,2026-08-25T23:58:40.959985
45917,AUTH,-90,6,0,3013,65180,42708,8241113,0,99,8,0,0,14:33:5C:6D:AF:58,0,1,ARMED,112.0,0,0,80:02:9C:61:97:4B,11,64,1079.1,80:02:9C:61:97:4A,0,1,AUTH_FLOOD,2026-08-25T23:58:41.001985
45917,AUTH,-90,6,1227,3015,65180,42708,8241170,0,99,8,0,0,14:33:5C:6D:AF:58,0,1,ARMED,112.0,0,0,80:02:9C:61:97:4B,11,10,748.1,80:02:9C:61:97:4A,0,1,AUTH_FLOOD,2026-08-25T23:58:41.058985
45917,AUTH,-90,6,0,3016,65180,42708,8241209,0,99,8,0,0,14:33:5C:6D:AF:58,0,1,ARMED,112.0,0,0,80:02:9C:61:97:4B,11,60,1138.1,80:02:9C:61:97:4A,0,1,AUTH_FLOOD,2026-08-25T23:58:41.097985
45917,AUTH,-89,7,0,3018,65180,42708,8241266,0,99,8,0,0,14:33:5C:6D:AF:58,0,1,ARMED,112.0,0,1,80:02:9C:61:97:4B,11,3,346.6,80:02:9C:61:97:4A,0,1,AUTH_FLOOD,2026-08-25T23:58:41.154985
45917,AUTH,-90,6,0,3019,65180,42708,8241309,0,99,8,0,0,14:33:5C:6D:AF:58,0,1,ARMED,112.0,0,0,80:02:9C:61:97:4B,11,53,1028.2,80:02:9C:61:97:4A,0,1,AUTH_FLOOD,2026-08-25T23:58:41.197985
45917,AUTH,-46,50,0,3035,65180,42708,8241823,0,99,8,0,0,14:33:5C:6D:AF:58,0,0,ARMED,112.0,0,0,80:02:9C:61:97:4B,11,16,445.7,80:02:9C:61:97:4A,0,1,AUTH_FLOOD,2026-08-25T23:58:41.711985
45917,MGMT_OTHER,-92,4,25489,0,65180,42708,8241917,0,99,8,0,0,14:33:5C:6D:AF:58,0,1,ARMED,112.0,0,0,80:02:9C:61:97:4B,11,16,546.1,80:02:9C:61:97:4A,0,1,AUTH_FLOOD,2026-08-25T23:58:41.805985
45917,MGMT_OTHER,43,43,0,0,65120,42708,8242000,0,99,8,0,0,14:33:5C:6D:AF:58,1,1,ARMED,112.0,0,1,80:02:9C:61:97:4B,11,9,762.9,80:02:9C:61:97:4A,0,1,AUTH_FLOOD,2026-08-25T23:58:41.888985
45917,AUTH,-47,49,0,3104,65180,42708,8242066,0,99,8,0,0,14:33:5C:6D:AF:58,1,1,ARMED,112.0,0,0,80:02:9C:61:97:4B,11,59,761.4,80:02:9C:61:97:4A,0,1,AUTH_FLOOD,2026-08-25T23:58:41.954985
45917,AUTH,-76,20,0,3120,65180,42708,8242284,0,99,8,0,0,14:33:5C:6D:AF:58,0,0,ARMED,112.0,0,1,80:02:9C:61:97:4B,11,7,80.5,80:02:9C:61:97:4A,0,1,AUTH_FLOOD,2026-08-25T23:58:42.172985
45917,AUTH,-88,8,0,3131,65180,42708,8242679,0,99,8,0,0,14:33:5C:6D:AF:58,0,0,ARMED,112.0,0,0,80:02:9C:61:97:4B,11,27,369.6,80:02:9C:61:97:4A,0,1,AUTH_FLOOD,2026-08-25T23:58:42.567985
45917,AUTH,-89,7,3122,3136,65180,42708,8242818,0,99,8,0,0,14:33:5C:6D:AF:58,0,1,ARMED,112.0,0,0,80:02:9C:61:97:4B,11,3,271.5,80:02:9C:61:97:4A,0,1,AUTH_FLOOD,2026-08-25T23:58:42.706985
45917,AUTH,-87,9,0,3139,65180,42708,8242948,0,99,8,0,0,14:33:5C:6D:AF:58,0,1,ARMED,112.0,0,0,80:02:9C:61:97:4B,11,13,318.9,80:02:9C:61:97:4A,0,1,AUTH_FLOOD,2026-08-25T23:58:42.836985
45917,AUTH,-48,48,0,3160,65180,42708,8243423,0,99,8,0,0,14:33:5C:6D:AF:58,0,0,ARMED,112.0,0,0,80:02:9C:61:97:4B,11,20,202.5,80:02:9C:61:97:4A,0,1,AUTH_FLOOD,2026-08-25T23:58:43.311985
45917,AUTH,-47,49,0,3243,65180,42708,8243538,0,99,8,0,0,14:33:5C:6D:AF:58,0,0,ARMED,112.0,0,0,80:02:9C:61:97:4B,11,49,496.9,80:02:9C:61:97:4A,0,1,AUTH_FLOOD,2026-08-25T23:58:43.426985
45917,AUTH,-48,48,1116,3328,62720,42708,8243633,0,99,8,0,0,14:33:5C:6D:AF:58,0,1,ARMED,112.0,0,1,80:02:9C:61:97:4B,11,49,529.1,80:02:9C:61:97:4A,0,1,AUTH_FLOOD,2026-08-25T23:58:43.521985
45917,,59,59,0,0,65180,42708,8244102,0,99,8,0,0,14:33:5C:6D:AF:58,0,0,ARMED,112.0,0,0,80:02:9C:61:97:4B,11,14,162.5,80:02:9C:61:97:4A,0,1,AUTH_FLOOD,2026-08-25T23:58:43.990985
45917,BEACON,-89,7,0,765,65180,42708,8244327,0,99,8,0,0,14:33:5C:6D:AF:58,0,0,ARMED,112.0,0,1,80:02:9C:61:97:4B,11,27,254.3,80:02:9C:61:97:4A,0,1,AUTH_FLOOD,2026-08-25T23:58:44.215985
45917,BEACON,-70,26,0,1448,65180,42708,8244835,0,99,8,0,0,14:33:5C:6D:AF:58,0,0,ARMED,112.0,0,1,80:02:9C:61:97:4B,11,8,81.0,80:02:9C:61:97:4A,0,1,AUTH_FLOOD,2026-08-25T23:58:44.723985
45917,AUTH,-36,60,17757,3387,65180,42708,8245257,0,99,8,0,0,14:33:5C:6D:AF:58,0,0,ARMED,112.0,0,1,80:02:9C:61:97:4B,11,3,362.2,80:02:9C:61:97:4A,0,1,AUTH_FLOOD,2026-08-25T23:58:45.145985
45917,MGMT_OTHER,-93,3,4221,860,65180,42708,8245782,0,99,8,0,0,14:33:5C:6D:AF:58,0,0,ARMED,112.0,0,1,80:02:9C:61:97:4B,11,5,249.5,80:02:9C:61:97:4A,0,1,AUTH_FLOOD,2026-08-25T23:58:45.670985
45917,AUTH,-92,4,4652,3399,65180,42708,8246208,0,99,8,0,0,14:33:5C:6D:AF:58,0,0,ARMED,112.0,0,1,80:02:9C:61:97:4B,11,4,115.6,80:02:9C:61:97:4A,0,1,AUTH_FLOOD,2026-08-25T23:58:46.096985
45917,BEACON,-72,24,0,1465,65180,42708,8246474,0,99,8,0,0,14:33:5C:6D:AF:58,0,1,ARMED,112.0,0,1,80:02:9C:61:97:4B,11,8,84.3,80:02:9C:61:97:4A,0,1,AUTH_FLOOD,2026-08-25T23:58:46.362985
45917,AUTH,-90,6,0,3423,65180,42708,8246998,0,99,8,0,0,14:33:5C:6D:AF:58,0,0,ARMED,112.0,0,1,80:02:9C:61:97:4B,11,2,461.4,80:02:9C:61:97:4A,0,1,AUTH_FLOOD,2026-08-25T23:58:46.886985
45917,AUTH,-91,5,0,3424,65180,42708,8247041,0,99,8,0,0,14:33:5C:6D:AF:58,0,0,ARMED,112.0,0,0,80:02:9C:61:97:4B,11,52,1096.1,80:02:9C:61:97:4A,0,1,AUTH_FLOOD,2026-08-25T23:58:46.929985
45917,BEACON,-71,25,0,1476,65180,42708,8247600,0,99,8,0,0,14:33:5C:6D:AF:58,0,0,ARMED,112.0,0,1,80:02:9C:61:97:4B,11,12,126.4,80:02:9C:61:97:4A,0,1,AUTH_FLOOD,2026-08-25T23:58:47.488985
45917,,42,42,0,0,65180,42708,8248143,0,99,8,0,0,14:33:5C:6D:AF:58,0,0,ARMED,112.0,0,0,80:02:9C:61:97:4B,11,4,596.5,80:02:9C:61:97:4A,0,1,AUTH_FLOOD,2026-08-25T23:58:48.031985
45917,AUTH,-86,10,0,3439,65180,42708,8248670,0,99,8,0,0,14:33:5C:6D:AF:58,0,0,ARMED,112.0,0,0,80:02:9C:61:97:4B,11,4,183.7,80:02:9C:61:97:4A,0,1,AUTH_FLOOD,2026-08-25T23:58:48.558985
45917,,-47,49,526,1204,65180,42708,8248938,0,99,8,0,0,14:33:5C:6D:AF:58,0,0,ARMED,112.0,0,0,80:02:9C:61:97:4B,11,11,128.4,80:02:9C:61:97:4A,0,1,AUTH_FLOOD,2026-08-25T23:58:48.826985
45917,,42,42,0,0,65180,42708,8249468,0,99,8,0,0,14:33:5C:6D:AF:58,0,0,ARMED,112.0,0,1,80:02:9C:61:97:4B,11,1,1000.0,80:02:9C:61:97:4A,0,1,AUTH_FLOOD,2026-08-25T23:58:49.356985
45917,BEACON,-73,23,0,517,65180,42708,8249858,0,99,8,0,0,14:33:5C:6D:AF:58,0,0,ARMED,112.0,0,1,80:02:9C:61:97:4B,11,19,220.8,80:02:9C:61:97:4A,0,1,AUTH_FLOOD,2026-08-25T23:58:49.746985
45917,BEACON,-89,7,0,824,65180,42708,8250164,0,99,8,0,0,14:33:5C:6D:AF:58,0,0,ARMED,112.0,0,1,80:02:9C:61:97:4B,11,8,97.0,80:02:9C:61:97:4A,0,1,AUTH_FLOOD,2026-08-25T23:58:50.052985
45917,,-88,8,18616,1021,65180,42708,8250691,0,99,8,0,0,14:33:5C:6D:AF:58,0,0,ARMED,112.0,0,1,80:02:9C:61:97:4B,11,4,210.6,80:02:9C:61:97:4A,0,1,AUTH_FLOOD,2026-08-25T23:58:50.579985
45917,,-62,34,6189,255,65180,42708,8251107,0,99,8,0,0,14:33:5C:6D:AF:58,0,0,ARMED,112.0,0,1,80:02:9C:61:97:4B,11,5,198.1,80:02:9C:61:97:4A,0,1,AUTH_FLOOD,2026-08-25T23:58:50.995985
45917,,-87,9,43453,1041,65180,42708,8251510,0,99,8,0,0,14:33:5C:6D:AF:58,0,0,ARMED,112.0,0,1,80:02:9C:61:97:4B,11,4,212.3,80:02:9C:61:97:4A,0,1,AUTH_FLOOD,2026-08-25T23:58:51.398985
45917,BEACON,-90,6,0,1770,65180,42708,8251912,0,99,8,0,0,14:33:5C:6D:AF:58,0,0,ARMED,112.0,0,1,80:02:9C:61:97:4B,11,3,263.3,80:02:9C:61:97:4A,0,1,AUTH_FLOOD,2026-08-25T23:58:51.800985
45917,PROBE_RESP,-72,24,0,1977,65180,42708,8252409,0,99,8,0,0,14:33:5C:6D:AF:58,0,0,ARMED,112.0,0,1,80:02:9C:61:97:4B,11,6,61.1,80:02:9C:61:97:4A,0,1,AUTH_FLOOD,2026-08-25T23:58:52.297985
45917,,42,42,0,0,65180,42708,8252851,0,99,8,0,0,14:33:5C:6D:AF:58,0,0,ARMED,112.0,0,1,80:02:9C:61:97:4B,11,10,347.8,80:02:9C:61:97:4A,0,1,AUTH_FLOOD,2026-08-25T23:58:52.739985
45917,,42,42,0,0,65180,42708,8252905,0,99,8,0,0,14:33:5C:6D:AF:58,0,0,ARMED,112.0,0,0,80:02:9C:61:97:4B,11,60,730.9,80:02:9C:61:97:4A,0,1,AUTH_FLOOD,2026-08-25T23:58:52.793985
45917,BEACON,-72,24,0,549,65180,42708,8253137,0,99,8,0,0,14:33:5C:6D:AF:58,0,0,ARMED,112.0,0,1,80:02:9C:61:97:4B,11,2,264.4,80:02:9C:61:97:4A,0,1,AUTH_FLOOD,2026-08-25T23:58:53.025985
45917,AUTH,-45,51,0,3525,65180,42708,8253355,0,99,8,0,0,14:33:5C:6D:AF:58,0,0,ARMED,112.0,0,0,80:02:9C:61:97:4B,11,16,775.9,80:02:9C:61:97:4A,0,1,AUTH_FLOOD,2026-08-25T23:58:53.243985
45917,AUTH,-45,51,5695,3562,65180,42708,8253462,0,99,8,0,0,14:33:5C:6D:AF:58,0,1,ARMED,112.0,0,1,80:02:9C:61:97:4B,11,9,370.6,80:02:9C:61:97:4A,0,1,AUTH_FLOOD,2026-08-25T23:58:53.350985
45917,AUTH,-45,51,0,3578,65180,42708,8253535,0,99,8,0,0,14:33:5C:6D:AF:58,0,1,ARMED,112.0,0,0,80:02:9C:61:97:4B,11,59,605.3,80:02:9C:61:97:4A,0,1,AUTH_FLOOD,2026-08-25T23:58:53.423985
45917,AUTH,-90,6,0,3588,65180,42708,8253631,0,99,8,0,0,14:33:5C:6D:AF:58,0,1,ARMED,112.0,0,0,80:02:9C:61:97:4B,11,49,528.1,80:02:9C:61:97:4A,0,1,AUTH_FLOOD,2026-08-25T23:58:53.519985
45917,,60,60,0,0,65180,42708,8254146,0,99,8,0,0,14:33:5C:6D:AF:58,0,0,ARMED,112.0,0,0,80:02:9C:61:97:4B,11,16,223.9,80:02:9C:61:97:4A,0,1,AUTH_FLOOD,2026-08-25T23:58:54.034985
45917,,42,42,0,0,65180,42708,8254225,0,99,8,0,0,14:33:5C:6D:AF:58,1,1,ARMED,112.0,0,1,80:02:9C:61:97:4B,11,29,581.1,80:02:9C:61:97:4A,0,1,AUTH_FLOOD,2026-08-25T23:58:54.113985
45917,AUTH,-94,2,0,3608,65180,42708,8254335,0,99,8,0,0,14:33:5C:6D:AF:58,1,1,ARMED,112.0,0,0,80:02:9C:61:97:4B,11,21,355.5,80:02:9C:61:97:4A,0,1,AUTH_FLOOD,2026-08-25T23:58:54.223985
45917,,-55,41,2841,2927,63448,42708,8254486,0,99,8,0,0,14:33:5C:6D:AF:58,1,1,ARMED,112.0,0,0,80:02:9C:61:97:4B,11,2,326.3,80:02:9C:61:97:4A,0,1,AUTH_FLOOD,2026-08-25T23:58:54.374985
45917,AUTH,-50,46,0,3639,65180,42708,8254924,0,99,8,0,0,14:33:5C:6D:AF:58,0,0,ARMED,112.0,0,0,80:02:9C:61:97:4B,11,12,408.8,80:02:9C:61:97:4A,0,1,AUTH_FLOOD,2026-08-25T23:58:54.812985
45917,AUTH,-47,49,0,3709,65180,42708,8255026,0,99,8,0,0,14:33:5C:6D:AF:58,0,1,ARMED,112.0,0,0,80:02:9C:61:97:4B,11,13,452.7,80:02:9C:61:97:4A,0,1,AUTH_FLOOD,2026-08-25T23:58:54.914985
45917,AUTH,-47,49,2829,3804,64536,42708,8255133,0,99,8,0,0,14:33:5C:6D:AF:58,0,1,ARMED,112.0,0,0,80:02:9C:61:97:4B,11,18,541.4,80:02:9C:61:97:4A,0,1,AUTH_FLOOD,2026-08-25T23:58:55.021985
45917,BEACON,-57,39,64008,2936,65180,42708,8255304,0,99,8,0,0,14:33:5C:6D:AF:58,0,0,ARMED,112.0,0,1,80:02:9C:61:97:4B,11,19,187.4,80:02:9C:61:97:4A,0,1,AUTH_FLOOD,2026-08-25T23:58:55.192985
45917,AUTH,-37,59,0,3876,65180,42708,8255703,0,99,8,0,0,14:33:5C:6D:AF:58,0,0,ARMED,112.0,0,0,80:02:9C:61:97:4B,11,25,271.2,80:02:9C:61:97:4A,0,1,AUTH_FLOOD,2026-08-25T23:58:55.591985
45917,AUTH,-37,59,0,3904,64536,42708,8255750,0,99,8,0,0,14:33:5C:6D:AF:58,0,1,ARMED,112.0,0,0,80:02:9C:61:97:4B,11,40,1040.3,80:02:9C:61:97:4A,0,1,AUTH_FLOOD,2026-08-25T23:58:55.638985
45917,AUTH,-36,60,0,3943,63892,42708,8255794,0,99,8,0,0,14:33:5C:6D:AF:58,0,1,ARMED,112.0,0,0,80:02:9C:61:97:4B,11,90,1079.2,80:02:9C:61:97:4A,0,1,AUTH_FLOOD,2026-08-25T23:58:55.682985
45917,AUTH,-37,59,0,3973,63248,42708,8255837,0,99,8,0,0,14:33:5C:6D:AF:58,0,1,ARMED,112.0,0,0,80:02:9C:61:97:4B,11,32,1267.3,80:02:9C:61:97:4A,0,1,AUTH_FLOOD,2026-08-25T23:58:55.725985
45917,BEACON,-90,6,0,881,65180,42708,8255898,0,99,8,0,0,14:33:5C:6D:AF:58,0,1,ARMED,112.0,0,1,80:02:9C:61:97:4B,11,82,945.9,80:02:9C:61:97:4A,0,1,AUTH_FLOOD,2026-08-25T23:58:55.786985
45917,AUTH,-91,5,5691,4008,65180,42708,8256235,0,99,8,0,0,14:33:5C:6D:AF:58,0,0,ARMED,112.0,0,1,80:02:9C:61:97:4B,11,2,162.7,80:02:9C:61:97:4A,0,1,AUTH_FLOOD,2026-08-25T23:58:56.123985
45917,AUTH,-34,62,0,4018,65180,42708,8256583,0,99,8,0,0,14:33:5C:6D:AF:58,0,0,ARMED,112.0,0,0,80:02:9C:61:97:4B,11,8,158.4,80:02:9C:61:97:4A,0,1,AUTH_FLOOD,2026-08-25T23:58:56.471985
45917,MGMT_OTHER,-86,11,1067,225,65180,42708,8256974,0,99,8,0,0,14:33:5C:6D:AF:58,0,0,ARMED,112.0,0,1,80:02:9C:61:97:4B,11,2,62.0,80:02:9C:61:97:4A,0,1,AUTH_FLOOD,2026-08-25T23:58:56.862985
45917,AUTH,-90,7,0,4032,65180,42708,8257371,0,99,8,0,0,14:33:5C:6D:AF:58,0,0,ARMED,112.0,0,0,80:02:9C:61:97:4B,11,4,205.3,80:02:9C:61:97:4A,0,1,AUTH_FLOOD,2026-08-25T23:58:57.259985
45917,AUTH,-35,62,0,4041,65180,42708,8257704,0,99,8,0,0,14:33:5C:6D:AF:58,0,0,ARMED,112.0,0,0,80:02:9C:61:97:4B,11,6,131.9,80:02:9C:61:97:4A,0,1,AUTH_FLOOD,2026-08-25T23:58:57.592985
45917,AUTH,-35,62,0,4041,65180,42708,8257704,0,99,8,0,0,14:33:5C:6D:AF:58,0,0,ARMED,112.0,0,0,80:02:9C:61:97:4B,11,6,131.9,80:02:9C:61:97:4A,0,1,AUTH_FLOOD,2026-08-25T23:58:57.592985
45917,AUTH,-38,59,0,4070,65180,42708,8257768,0,99,8,0,0,14:33:5C:6D:AF:58,0,1,ARMED,112.0,0,0,80:02:9C:61:97:4B,11,10,1136.6,80:02:9C:61:97:4A,0,1,AUTH_FLOOD,2026-08-25T23:58:57.656985
45917,AUTH,-35,62,0,13,65180,42708,8257820,0,99,8,0,0,14:33:5C:6D:AF:58,0,1,ARMED,112.0,0,0,80:02:9C:61:97:4B,11,60,993.5,80:02:9C:61:97:4A,0,1,AUTH_FLOOD,2026-08-25T23:58:57.708985
45917,AUTH,-39,58,0,47,65180,42708,8257873,0,99,8,0,0,14:33:5C:6D:AF:58,0,1,ARMED,112.0,0,0,80:02:9C:61:97:4B,11,15,1133.1,80:02:9C:61:97:4A,0,1,AUTH_FLOOD,2026-08-25T23:58:57.761985
45917,AUTH,-34,63,0,87,65180,42708,8257923,0,99,8,0,0,14:33:5C:6D:AF:58,0,1,ARMED,112.0,0,0,80:02:9C:61:97:4B,11,65,1031.0,80:02:9C:61:97:4A,0,1,AUTH_FLOOD,2026-08-25T23:58:57.811985
45917,AUTH,-34,63,0,119,64536,42708,8257972,0,99,8,0,0,14:33:5C:6D:AF:58,0,1,ARMED,112.0,0,0,80:02:9C:61:97:4B,11,11,974.6,80:02:9C:61:97:4A,0,1,AUTH_FLOOD,2026-08-25T23:58:57.860985
45917,AUTH,-34,63,0,148,65180,42708,8258017,0,99,8,0,0,14:33:5C:6D:AF:58,0,1,ARMED,112.0,0,0,80:02:9C:61:97:4B,11,61,1082.0,80:02:9C:61:97:4A,0,1,AUTH_FLOOD,2026-08-25T23:58:57.905985
45917,AUTH,-87,10,0,152,65180,42708,8258113,0,99,8,0,0,14:33:5C:6D:AF:58,1,1,ARMED,112.0,0,0,80:02:9C:61:97:4B,11,36,728.0,80:02:9C:61:97:4A,0,1,AUTH_FLOOD,2026-08-25T23:58:58.001985
45917,AUTH,-88,9,0,154,65180,42708,8258181,0,99,8,0,0,14:33:5C:6D:AF:58,1,1,ARMED,112.0,0,0,80:02:9C:61:97:4B,11,14,805.8,80:02:9C:61:97:4A,0,1,AUTH_FLOOD,2026-08-25T23:58:58.069985
45917,AUTH,-87,10,0,155,65180,42708,8258227,0,99,8,0,0,14:33:5C:6D:AF:58,1,1,ARMED,112.0,0,0,80:02:9C:61:97:4B,11,64,1016.8,80:02:9C:61:97:4A,0,1,AUTH_FLOOD,2026-08-25T23:58:58.115985
45917,AUTH,-88,9,0,157,65180,42708,8258284,0,99,8,0,0,14:33:5C:6D:AF:58,1,1,ARMED,112.0,0,0,80:02:9C:61:97:4B,11,21,1070.6,80:02:9C:61:97:4A,0,1,AUTH_FLOOD,2026-08-25T23:58:58.172985
45917,AUTH,-88,9,0,158,65180,42708,8258326,0,99,8,0,0,14:33:5C:6D:AF:58,1,1,ARMED,112.0,0,0,80:02:9C:61:97:4B,11,71,1143.7,80:02:9C:61:97:4A,0,1,AUTH_FLOOD,2026-08-25T23:58:58.214985
45917,AUTH,-86,11,0,160,65180,42708,8258382,0,99,8,0,0,14:33:5C:6D:AF:58,0,1,ARMED,112.0,0,0,80:02:9C:61:97:4B,11,15,847.0,80:02:9C:61:97:4A,0,1,AUTH_FLOOD,2026-08-25T23:58:58.270985
45917,BEACON,-71,26,72428,1587,65180,42708,8258559,0,99,8,0,0,14:33:5C:6D:AF:58,0,1,ARMED,112.0,0,1,80:02:9C:61:97:4B,11,8,85.5,80:02:9C:61:97:4A,0,1,AUTH_FLOOD,2026-08-25T23:58:58.447985
45917,AUTH,-44,53,0,180,65180,42708,8258928,0,99,8,0,0,14:33:5C:6D:AF:58,0,0,ARMED,112.0,0,1,80:02:9C:61:97:4B,11,24,427.4,80:02:9C:61:97:4A,0,1,AUTH_FLOOD,2026-08-25T23:58:58.816985
45917,AUTH,-44,53,0,193,65180,42708,8258997,0,99,8,0,0,14:33:5C:6D:AF:58,1,1,ARMED,112.0,0,0,80:02:9C:61:97:4B,11,25,1103.6,80:02:9C:61:97:4A,0,1,AUTH_FLOOD,2026-08-25T23:58:58.885985
45917,,61,61,0,0,65180,42708,8259055,0,99,8,0,0,14:33:5C:6D:AF:58,1,1,ARMED,112.0,0,0,80:02:9C:61:97:4B,11,75,930.3,80:02:9C:61:97:4A,0,1,AUTH_FLOOD,2026-08-25T23:58:58.943985
45917,MGMT_OTHER,-54,43,4119,2984,64536,42708,8259119,0,99,8,0,0,14:33:5C:6D:AF:58,1,1,ARMED,112.0,0,0,80:02:9C:61:97:4B,11,34,873.7,80:02:9C:61:97:4A,0,1,AUTH_FLOOD,2026-08-25T23:58:59.007985
45917,AUTH,-43,54,0,264,64536,42708,8259179,0,99,8,0,0,14:33:5C:6D:AF:58,1,1,ARMED,112.0,0,0,80:02:9C:61:97:4B,11,84,846.7,80:02:9C:61:97:4A,0,1,AUTH_FLOOD,2026-08-25T23:58:59.067985
45917,,43,43,0,0,65180,42708,8259229,0,99,8,0,0,14:33:5C:6D:AF:58,0,1,ARMED,112.0,0,0,80:02:9C:61:97:4B,11,49,1461.6,80:02:9C:61:97:4A,0,1,AUTH_FLOOD,2026-08-25T23:58:59.117985
45917,AUTH,-91,6,0,287,65172,42708,8259412,0,99,8,0,0,14:33:5C:6D:AF:58,0,0,ARMED,112.0,0,0,80:02:9C:61:97:4B,11,14,1532.9,80:02:9C:61:97:4A,0,1,AUTH_FLOOD,2026-08-25T23:58:59.300985
45917,AUTH,-87,10,0,288,65172,42708,8259456,0,99,8,0,0,14:33:5C:6D:AF:58,0,0,ARMED,112.0,0,0,80:02:9C:61:97:4B,11,64,1183.6,80:02:9C:61:97:4A,0,1,AUTH_FLOOD,2026-08-25T23:58:59.344985
45917,AUTH,-91,6,0,289,65172,42708,8259493,0,99,8,0,0,14:33:5C:6D:AF:58,0,0,ARMED,112.0,0,0,80:02:9C:61:97:4B,11,114,1256.1,80:02:9C:61:97:4A,0,1,AUTH_FLOOD,2026-08-25T23:58:59.381985
45917,AUTH,-91,6,0,291,65172,42708,8259543,0,99,8,0,0,14:33:5C:6D:AF:58,0,1,ARMED,112.0,0,1,80:02:9C:61:97:4B,11,49,1468.4,80:02:9C:61:97:4A,0,1,AUTH_FLOOD,2026-08-25T23:58:59.431985
45917,,58,58,0,0,64528,42708,8259594,0,99,8,0,0,14:33:5C:6D:AF:58,0,1,ARMED,112.0,0,1,80:02:9C:61:97:4B,11,99,1173.0,80:02:9C:61:97:4A,0,1,AUTH_FLOOD,2026-08-25T23:58:59.482985
45917,BEACON,-67,30,0,3008,65172,42708,8259707,0,99,8,0,0,14:33:5C:6D:AF:58,0,1,ARMED,112.0,0,1,80:02:9C:61:97:4B,11,49,503.4,80:02:9C:61:97:4A,0,1,AUTH_FLOOD,2026-08-25T23:58:59.595985
45917,AUTH,-88,9,2530,298,65172,42708,8259805,0,99,8,0,0,14:33:5C:6D:AF:58,0,1,ARMED,112.0,0,0,80:02:9C:61:97:4B,11,49,522.5,80:02:9C:61:97:4A,0,1,AUTH_FLOOD,2026-08-25T23:58:59.693985
45917,AUTH,-88,9,2530,298,65172,42708,8259805,0,99,8,0,0,14:33:5C:6D:AF:58,0,1,ARMED,112.0,0,0,80:02:9C:61:97:4B,11,49,522.5,80:02:9C:61:97:4A,0,1,AUTH_FLOOD,2026-08-25T23:58:59.693985
45917,AUTH,-89,8,6966,301,65172,42708,8259898,0,99,8,0,0,14:33:5C:6D:AF:58,0,1,ARMED,112.0,0,0,80:02:9C:61:97:4B,11,49,646.3,80:02:9C:61:97:4A,0,1,AUTH_FLOOD,2026-08-25T23:58:59.786985
45917,AUTH,-89,8,3035,304,65172,42708,8259992,0,99,8,0,0,14:33:5C:6D:AF:58,0,1,ARMED,112.0,0,0,80:02:9C:61:97:4B,11,31,459.4,80:02:9C:61:97:4A,0,1,AUTH_FLOOD,2026-08-25T23:58:59.880985
45917,AUTH,-46,51,0,343,65172,42708,8260159,0,99,8,0,0,14:33:5C:6D:AF:58,0,0,ARMED,112.0,0,0,80:02:9C:61:97:4B,11,16,520.0,80:02:9C:61:97:4A,0,1,AUTH_FLOOD,2026-08-25T23:59:00.047985
45917,AUTH,-46,51,0,386,64528,42708,8260222,0,99,8,0,0,14:33:5C:6D:AF:58,0,0,ARMED,112.0,0,0,80:02:9C:61:97:4B,11,66,702.5,80:02:9C:61:97:4A,0,1,AUTH_FLOOD,2026-08-25T23:59:00.110985
45917,AUTH,-45,52,0,440,65172,42708,8260292,0,99,8,0,0,14:33:5C:6D:AF:58,0,1,ARMED,112.0,0,0,80:02:9C:61:97:4B,11,49,1107.3,80:02:9C:61:97:4A,0,1,AUTH_FLOOD,2026-08-25T23:59:00.180985
45917,AUTH,-45,52,0,516,65172,42708,8260394,0,99,8,0,0,14:33:5C:6D:AF:58,0,1,ARMED,112.0,0,0,80:02:9C:61:97:4B,11,25,568.4,80:02:9C:61:97:4A,0,1,AUTH_FLOOD,2026-08-25T23:59:00.282985
45917,AUTH,-91,6,0,534,65172,42708,8260606,0,99,8,0,0,14:33:5C:6D:AF:58,0,0,ARMED,112.0,0,0,80:02:9C:61:97:4B,11,17,396.4,80:02:9C:61:97:4A,0,1,AUTH_FLOOD,2026-08-25T23:59:00.494985
45917,AUTH,-90,7,0,536,65172,42708,8260671,0,99,8,0,0,14:33:5C:6D:AF:58,0,1,ARMED,112.0,0,0,80:02:9C:61:97:4B,11,6,1162.1,80:02:9C:61:97:4A,0,1,AUTH_FLOOD,2026-08-25T23:59:00.559985
45917,AUTH,-90,7,0,539,65172,42708,8260762,0,99,8,0,0,14:33:5C:6D:AF:58,0,1,ARMED,112.0,0,0,80:02:9C:61:97:4B,11,56,584.7,80:02:9C:61:97:4A,0,1,AUTH_FLOOD,2026-08-25T23:59:00.650985
45917,AUTH,-93,4,0,541,65172,42708,8260838,0,99,8,0,0,14:33:5C:6D:AF:58,0,1,ARMED,112.0,0,0,80:02:9C:61:97:4B,11,46,658.7,80:02:9C:61:97:4A,0,1,AUTH_FLOOD,2026-08-25T23:59:00.726985
45917,AUTH,-37,60,0,553,65172,42708,8261221,0,99,8,0,0,14:33:5C:6D:AF:58,0,0,ARMED,112.0,0,1,80:02:9C:61:97:4B,11,5,115.9,80:02:9C:61:97:4A,0,1,AUTH_FLOOD,2026-08-25T23:59:01.109985
45917,BEACON,-80,17,0,1261,65172,42708,8261588,0,99,8,0,0,14:33:5C:6D:AF:58,0,0,ARMED,112.0,0,1,80:02:9C:61:97:4B,11,10,97.7,80:02:9C:61:97:4A,0,1,AUTH_FLOOD,2026-08-25T23:59:01.476985
45917,PROBE_RESP,-65,32,0,3041,65172,42708,8261905,0,99,8,0,0,14:33:5C:6D:AF:58,0,0,ARMED,112.0,0,0,80:02:9C:61:97:4B,11,6,405.4,80:02:9C:61:97:4A,0,1,AUTH_FLOOD,2026-08-25T23:59:01.793985
45917,BEACON,-88,9,0,3319,65172,42708,8262213,0,99,8,0,0,14:33:5C:6D:AF:58,0,0,ARMED,112.0,0,1,80:02:9C:61:97:4B,11,3,262.1,80:02:9C:61:97:4A,0,1,AUTH_FLOOD,2026-08-25T23:59:02.101985
45917,BEACON,-83,14,0,1273,65172,42708,8262816,0,99,8,0,0,14:33:5C:6D:AF:58,0,0,ARMED,112.0,0,1,80:02:9C:61:97:4B,11,6,58.6,80:02:9C:61:97:4A,0,1,AUTH_FLOOD,2026-08-25T23:59:02.704985
45917,AUTH,-92,5,0,577,65172,42708,8263254,0,99,8,0,0,14:33:5C:6D:AF:58,0,0,ARMED,112.0,0,1,80:02:9C:61:97:4B,11,6,214.6,80:02:9C:61:97:4A,0,1,AUTH_FLOOD,2026-08-25T23:59:03.142985
45917,AUTH,-47,50,0,608,65172,42708,8263785,0,99,8,0,0,14:33:5C:6D:AF:58,0,0,ARMED,112.0,0,0,80:02:9C:61:97:4B,11,22,464.6,80:02:9C:61:97:4A,0,1,AUTH_FLOOD,2026-08-25T23:59:03.673985
45917,AUTH,-48,49,0,650,65172,42708,8263854,0,99,8,0,0,14:33:5C:6D:AF:58,0,1,ARMED,112.0,0,0,80:02:9C:61:97:4B,11,16,1087.1,80:02:9C:61:97:4A,0,1,AUTH_FLOOD,2026-08-25T23:59:03.742985
45917,AUTH,-49,48,0,698,64528,42708,8263922,0,99,8,0,0,14:33:5C:6D:AF:58,0,1,ARMED,112.0,0,0,80:02:9C:61:97:4B,11,66,800.4,80:02:9C:61:97:4A,0,1,AUTH_FLOOD,2026-08-25T23:59:03.810985
45917,AUTH,-47,50,0,731,64528,42708,8263983,0,99,8,0,0,14:33:5C:6D:AF:58,1,1,ARMED,112.0,0,0,80:02:9C:61:97:4B,11,34,794.4,80:02:9C:61:97:4A,0,1,AUTH_FLOOD,2026-08-25T23:59:03.871985
45917,AUTH,-47,50,0,731,64528,42708,8263983,0,99,8,0,0,14:33:5C:6D:AF:58,1,1,ARMED,112.0,0,0,80:02:9C:61:97:4B,11,34,794.4,80:02:9C:61:97:4A,0,1,AUTH_FLOOD,2026-08-25T23:59:03.871985
45917,AUTH,-47,50,0,771,65172,42708,8264048,0,99,8,0,0,14:33:5C:6D:AF:58,1,1,ARMED,112.0,0,0,80:02:9C:61:97:4B,11,7,1004.7,80:02:9C:61:97:4A,0,1,AUTH_FLOOD,2026-08-25T23:59:03.936985
45917,PROBE_RESP,-88,9,0,1927,65172,42708,8264244,0,99,8,0,0,14:33:5C:6D:AF:58,0,1,ARMED,112.0,0,0,80:02:9C:61:97:4B,11,14,144.3,80:02:9C:61:97:4A,0,1,AUTH_FLOOD,2026-08-25T23:59:04.132985
45917,BEACON,-62,35,0,3071,65172,42708,8264417,0,99,8,0,0,14:33:5C:6D:AF:58,0,1,ARMED,112.0,0,1,80:02:9C:61:97:4B,11,14,260.1,80:02:9C:61:97:4A,0,1,AUTH_FLOOD,2026-08-25T23:59:04.305985
45917,PROBE_RESP,-65,32,0,3077,65172,42708,8264649,0,99,8,0,0,14:33:5C:6D:AF:58,0,0,ARMED,112.0,0,0,80:02:9C:61:97:4B,11,13,161.8,80:02:9C:61:97:4A,0,1,AUTH_FLOOD,2026-08-25T23:59:04.537985
45917,AUTH,-92,5,0,835,65172,42708,8265010,0,99,8,0,0,14:33:5C:6D:AF:58,0,0,ARMED,112.0,0,0,80:02:9C:61:97:4B,11,28,337.9,80:02:9C:61:97:4A,0,1,AUTH_FLOOD,2026-08-25T23:59:04.898985
45917,AUTH,-90,7,0,836,65172,42708,8265046,0,99,8,0,0,14:33:5C:6D:AF:58,0,1,ARMED,112.0,0,0,80:02:9C:61:97:4B,11,24,1315.1,80:02:9C:61:97:4A,0,1,AUTH_FLOOD,2026-08-25T23:59:04.934985
45917,AUTH,-87,10,0,837,65172,42708,8265089,0,99,8,0,0,14:33:5C:6D:AF:58,0,1,ARMED,112.0,0,0,80:02:9C:61:97:4B,11,74,1211.5,80:02:9C:61:97:4A,0,1,AUTH_FLOOD,2026-08-25T23:59:04.977985
45917,AUTH,-90,7,0,838,65172,42708,8265126,0,99,8,0,0,14:33:5C:6D:AF:58,0,1,ARMED,112.0,0,0,80:02:9C:61:97:4B,11,124,1264.5,80:02:9C:61:97:4A,0,1,AUTH_FLOOD,2026-08-25T23:59:05.014985
45917,AUTH,-93,4,0,839,65172,42708,8265161,0,99,8,0,0,14:33:5C:6D:AF:58,0,1,ARMED,112.0,0,0,80:02:9C:61:97:4B,11,49,2569.1,80:02:9C:61:97:4A,0,1,AUTH_FLOOD,2026-08-25T23:59:05.049985
45917,AUTH,-90,7,0,840,65172,42708,8265200,0,99,8,0,0,14:33:5C:6D:AF:58,0,1,ARMED,112.0,0,0,80:02:9C:61:97:4B,11,99,1705.9,80:02:9C:61:97:4A,0,1,AUTH_FLOOD,2026-08-25T23:59:05.088985
45917,AUTH,-93,4,0,841,65172,42708,8265239,0,99,8,0,0,14:33:5C:6D:AF:58,0,1,ARMED,112.0,0,0,80:02:9C:61:97:4B,11,149,1536.1,80:02:9C:61:97:4A,0,1,AUTH_FLOOD,2026-08-25T23:59:05.127985
45917,AUTH,-91,6,0,842,65172,42708,8265276,0,99,8,0,0,14:33:5C:6D:AF:58,0,1,ARMED,112.0,0,0,80:02:9C:61:97:4B,11,48,1404.8,80:02:9C:61:97:4A,0,1,AUTH_FLOOD,2026-08-25T23:59:05.164985
45917,PROBE_REQ,-49,48,0,189,65172,42708,8265358,0,99,8,0,0,14:33:5C:6D:AF:58,0,1,ARMED,112.0,0,1,80:02:9C:61:97:4B,11,1,516.3,80:02:9C:61:97:4A,0,1,AUTH_FLOOD,2026-08-25T23:59:05.246985
45917,BEACON,-66,31,0,3086,65172,42708,8265441,0,99,8,0,0,14:33:5C:6D:AF:58,0,1,ARMED,112.0,0,1,80:02:9C:61:97:4B,11,51,597.8,80:02:9C:61:97:4A,0,1,AUTH_FLOOD,2026-08-25T23:59:05.329985
45917,AUTH,-88,9,0,849,65172,42708,8265503,0,99,8,0,0,14:33:5C:6D:AF:58,0,1,ARMED,112.0,0,0,80:02:9C:61:97:4B,11,49,1358.4,80:02:9C:61:97:4A,0,1,AUTH_FLOOD,2026-08-25T23:59:05.391985
45917,AUTH,-88,9,0,850,65172,42708,8265546,0,99,8,0,0,14:33:5C:6D:AF:58,0,1,ARMED,112.0,0,0,80:02:9C:61:97:4B,11,99,1255.1,80:02:9C:61:97:4A,0,1,AUTH_FLOOD,2026-08-25T23:59:05.434985
45917,AUTH,-89,8,0,851,65172,42708,8265727,0,99,8,0,0,14:33:5C:6D:AF:58,0,0,ARMED,112.0,0,0,80:02:9C:61:97:4B,11,20,441.7,80:02:9C:61:97:4A,0,1,AUTH_FLOOD,2026-08-25T23:59:05.615985
45917,PROBE_RESP,-63,34,0,3095,65172,42708,8265921,0,99,8,0,0,14:33:5C:6D:AF:58,0,1,ARMED,112.0,0,0,80:02:9C:61:97:4B,11,12,386.5,80:02:9C:61:97:4A,0,1,AUTH_FLOOD,2026-08-25T23:59:05.809985
45917,BEACON,-94,3,0,3576,65172,42708,8266331,0,99,8,0,0,14:33:5C:6D:AF:58,0,0,ARMED,112.0,0,0,80:02:9C:61:97:4B,11,2,92.7,80:02:9C:61:97:4A,0,1,AUTH_FLOOD,2026-08-25T23:59:06.219985
45917,,-62,35,0,3106,65172,42708,8266665,0,99,8,0,0,14:33:5C:6D:AF:58,0,0,ARMED,112.0,0,0,80:02:9C:61:97:4B,11,11,225.3,80:02:9C:61:97:4A,0,1,AUTH_FLOOD,2026-08-25T23:59:06.553985
45917,,-64,33,0,3113,65172,42708,8266732,0,99,8,0,0,14:33:5C:6D:AF:58,0,1,ARMED,112.0,0,0,80:02:9C:61:97:4B,11,10,740.9,80:02:9C:61:97:4A,0,1,AUTH_FLOOD,2026-08-25T23:59:06.620985
45917,,-64,33,0,3120,65172,42708,8266800,0,99,8,0,0,14:33:5C:6D:AF:58,0,1,ARMED,112.0,0,0,80:02:9C:61:97:4B,11,60,733.7,80:02:9C:61:97:4A,0,1,AUTH_FLOOD,2026-08-25T23:59:06.688985
45917,,-62,35,0,3128,65172,42708,8266910,0,99,8,0,0,14:33:5C:6D:AF:58,0,1,ARMED,112.0,0,0,80:02:9C:61:97:4B,11,35,383.1,80:02:9C:61:97:4A,0,1,AUTH_FLOOD,2026-08-25T23:59:06.798985
45917,AUTH,-40,57,266909,880,65172,42708,8267561,0,99,8,0,0,14:33:5C:6D:AF:58,0,0,ARMED,112.0,0,1,80:02:9C:61:97:4B,11,1,44.2,80:02:9C:61:97:4A,0,1,AUTH_FLOOD,2026-08-25T23:59:07.449985
45917,,-62,35,82,3153,65172,42708,8267905,0,99,8,0,0,14:33:5C:6D:AF:58,0,0,ARMED,112.0,0,1,80:02:9C:61:97:4B,11,16,266.1,80:02:9C:61:97:4A,0,1,AUTH_FLOOD,2026-08-25T23:59:07.793985
45917,,-53,44,0,1293,65172,42708,8268084,0,99,8,0,0,14:33:5C:6D:AF:58,0,0,ARMED,112.0,0,1,80:02:9C:61:97:4B,11,16,468.5,80:02:9C:61:97:4A,0,1,AUTH_FLOOD,2026-08-25T23:59:07.972985
45917,,37,37,0,0,65172,42708,8268351,0,99,8,0,0,14:33:5C:6D:AF:58,0,0,ARMED,112.0,0,0,80:02:9C:61:97:4B,11,34,354.9,80:02:9C:61:97:4A,0,1,AUTH_FLOOD,2026-08-25T23:59:08.239985
45917,,42,42,0,0,65172,42708,8268449,0,99,8,0,0,14:33:5C:6D:AF:58,0,1,ARMED,112.0,0,0,80:02:9C:61:97:4B,11,47,568.8,80:02:9C:61:97:4A,0,1,AUTH_FLOOD,2026-08-25T23:59:08.337985
45917,,37,37,0,0,65172,42708,8268626,0,99,8,0,0,14:33:5C:6D:AF:58,0,0,ARMED,112.0,0,0,80:02:9C:61:97:4B,11,34,846.4,80:02:9C:61:97:4A,0,1,AUTH_FLOOD,2026-08-25T23:59:08.514985
45917,,-57,40,0,1312,65172,42708,8268751,0,99,8,0,0,14:33:5C:6D:AF:58,0,1,ARMED,112.0,0,1,80:02:9C:61:97:4B,11,14,215.0,80:02:9C:61:97:4A,0,1,AUTH_FLOOD,2026-08-25T23:59:08.639985
45917,,38,38,0,0,65172,42708,8268931,0,99,8,0,0,14:33:5C:6D:AF:58,0,1,ARMED,112.0,0,1,80:02:9C:61:97:4B,11,7,175.7,80:02:9C:61:97:4A,0,1,AUTH_FLOOD,2026-08-25T23:59:08.819985
45917,,33,33,0,0,65172,42708,8269031,0,99,8,0,0,14:33:5C:6D:AF:58,0,1,ARMED,112.0,0,0,80:02:9C:61:97:4B,11,20,506.7,80:02:9C:61:97:4A,0,1,AUTH_FLOOD,2026-08-25T23:59:08.919985
45917,,38,38,0,0,65172,42708,8269139,0,99,8,0,0,14:33:5C:6D:AF:58,0,1,ARMED,112.0,0,0,80:02:9C:61:97:4B,11,8,184.1,80:02:9C:61:97:4A,0,1,AUTH_FLOOD,2026-08-25T23:59:09.027985
45917,,39,39,0,0,65172,42708,8269272,0,99,8,0,0,14:33:5C:6D:AF:58,0,0,ARMED,112.0,0,1,80:02:9C:61:97:4B,11,37,487.3,80:02:9C:61:97:4A,0,1,AUTH_FLOOD,2026-08-25T23:59:09.160985
45917,,42,42,0,0,65172,42708,8269438,0,99,8,0,0,14:33:5C:6D:AF:58,0,1,ARMED,112.0,0,0,80:02:9C:61:97:4B,11,14,419.3,80:02:9C:61:97:4A,0,1,AUTH_FLOOD,2026-08-25T23:59:09.326985
45917,,39,39,0,0,65172,42708,8269536,0,99,8,0,0,14:33:5C:6D:AF:58,0,1,ARMED,112.0,0,0,80:02:9C:61:97:4B,11,20,669.4,80:02:9C:61:97:4A,0,1,AUTH_FLOOD,2026-08-25T23:59:09.424985
45917,,42,42,0,0,65172,42708,8269647,0,99,8,0,0,14:33:5C:6D:AF:58,0,1,ARMED,112.0,0,0,80:02:9C:61:97:4B,11,10,328.0,80:02:9C:61:97:4A,0,1,AUTH_FLOOD,2026-08-25T23:59:09.535985
45917,,43,43,0,0,65172,42708,8269755,0,99,8,0,0,14:33:5C:6D:AF:58,0,1,ARMED,112.0,0,0,80:02:9C:61:97:4B,11,21,545.1,80:02:9C:61:97:4A,0,1,AUTH_FLOOD,2026-08-25T23:59:09.643985
45917,,36,36,0,0,65172,42708,8269829,0,99,8,0,0,14:33:5C:6D:AF:58,0,1,ARMED,112.0,0,0,80:02:9C:61:97:4B,11,10,787.8,80:02:9C:61:97:4A,0,1,AUTH_FLOOD,2026-08-25T23:59:09.717985
45917,,43,43,0,0,65172,42708,8269997,0,99,8,0,0,14:33:5C:6D:AF:58,0,1,ARMED,112.0,0,0,80:02:9C:61:97:4B,11,21,262.7,80:02:9C:61:97:4A,0,1,AUTH_FLOOD,2026-08-25T23:59:09.885985
45917,BEACON,-87,10,83,577,65172,42708,8270272,0,99,8,0,0,14:33:5C:6D:AF:58,0,0,ARMED,112.0,0,1,80:02:9C:61:97:4B,11,3,72.3,80:02:9C:61:97:4A,0,1,AUTH_FLOOD,2026-08-25T23:59:10.160985
45917,,33,33,0,0,65172,42708,8270697,0,99,8,0,0,14:33:5C:6D:AF:58,0,0,ARMED,112.0,0,1,80:02:9C:61:97:4B,11,6,182.3,80:02:9C:61:97:4A,0,1,AUTH_FLOOD,2026-08-25T23:59:10.585985
45917,AUTH,-95,2,0,901,65172,42708,8270818,0,99,8,0,0,14:33:5C:6D:AF:58,0,0,ARMED,112.0,0,1,80:02:9C:61:97:4B,11,39,752.1,80:02:9C:61:97:4A,0,1,AUTH_FLOOD,2026-08-25T23:59:10.706985
45917,AUTH,-93,4,0,902,65172,42708,8270864,0,99,8,0,0,14:33:5C:6D:AF:58,0,0,ARMED,112.0,0,0,80:02:9C:61:97:4B,11,89,904.6,80:02:9C:61:97:4A,0,1,AUTH_FLOOD,2026-08-25T23:59:10.752985
45917,AUTH,-92,5,0,903,65172,42708,8270963,0,99,8,0,0,14:33:5C:6D:AF:58,0,1,ARMED,112.0,0,0,80:02:9C:61:97:4B,11,49,673.1,80:02:9C:61:97:4A,0,1,AUTH_FLOOD,2026-08-25T23:59:10.851985
45917,AUTH,-93,4,0,904,65172,42708,8271046,0,99,8,0,0,14:33:5C:6D:AF:58,0,1,ARMED,112.0,0,0,80:02:9C:61:97:4B,11,39,734.6,80:02:9C:61:97:4A,0,1,AUTH_FLOOD,2026-08-25T23:59:10.934985
45917,AUTH,-89,8,0,905,65172,42708,8271451,0,99,8,0,0,14:33:5C:6D:AF:58,0,0,ARMED,112.0,0,0,80:02:9C:61:97:4B,11,7,214.3,80:02:9C:61:97:4A,0,1,AUTH_FLOOD,2026-08-25T23:59:11.339985
45917,,-96,1,0,1945,65172,42708,8271965,0,99,8,0,0,14:33:5C:6D:AF:58,0,0,ARMED,112.0,0,1,80:02:9C:61:97:4B,11,2,57.2,80:02:9C:61:97:4A,0,1,AUTH_FLOOD,2026-08-25T23:59:11.853985
45917,AUTH,-89,8,0,910,65172,42708,8272192,0,99,8,0,0,14:33:5C:6D:AF:58,0,0,ARMED,112.0,0,0,80:02:9C:61:97:4B,11,8,139.3,80:02:9C:61:97:4A,0,1,AUTH_FLOOD,2026-08-25T23:59:12.080985
45917,,-47,50,265,1399,65172,42708,8272851,0,99,8,0,0,14:33:5C:6D:AF:58,0,0,ARMED,112.0,0,0,80:02:9C:61:97:4B,11,2,2000.0,80:02:9C:61:97:4A,0,1,AUTH_FLOOD,2026-08-25T23:59:12.739985
45917,PROBE_RESP,-85,12,0,2989,65156,42708,8273257,0,99,8,0,0,14:33:5C:6D:AF:58,0,0,ARMED,112.0,0,0,80:02:9C:61:97:4B,11,11,111.8,80:02:9C:61:97:4A,0,1,AUTH_FLOOD,2026-08-25T23:59:13.145985
45917,BEACON,-88,9,0,3433,65172,42708,8273887,0,99,8,0,0,14:33:5C:6D:AF:58,0,0,ARMED,112.0,0,1,80:02:9C:61:97:4B,11,1,88.9,80:02:9C:61:97:4A,0,1,AUTH_FLOOD,2026-08-25T23:59:13.775985
45917,BEACON,-82,15,0,1388,65172,42708,8274592,0,99,8,0,0,14:33:5C:6D:AF:58,0,0,ARMED,112.0,0,1,80:02:9C:61:97:4B,11,6,58.6,80:02:9C:61:97:4A,0,1,AUTH_FLOOD,2026-08-25T23:59:14.480985
45917,,39,39,0,0,65172,42708,8274757,0,99,8,0,0,14:33:5C:6D:AF:58,0,0,ARMED,112.0,0,0,80:02:9C:61:97:4B,11,36,575.6,80:02:9C:61:97:4A,0,1,AUTH_FLOOD,2026-08-25T23:59:14.645985
45917,,38,38,0,0,65172,42708,8274814,0,99,8,0,0,14:33:5C:6D:AF:58,0,1,ARMED,112.0,0,0,80:02:9C:61:97:4B,11,9,529.7,80:02:9C:61:97:4A,0,1,AUTH_FLOOD,2026-08-25T23:59:14.702985
45917,,43,43,0,0,65172,42708,8274953,0,99,8,0,0,14:33:5C:6D:AF:58,0,1,ARMED,112.0,0,0,80:02:9C:61:97:4B,11,23,427.7,80:02:9C:61:97:4A,0,1,AUTH_FLOOD,2026-08-25T23:59:14.841985
45917,,39,39,0,0,65172,42708,8275111,0,99,8,0,0,14:33:5C:6D:AF:58,0,1,ARMED,112.0,0,1,80:02:9C:61:97:4B,11,2,288.8,80:02:9C:61:97:4A,0,1,AUTH_FLOOD,2026-08-25T23:59:14.999985
45917,AUTH,-48,49,0,971,65172,42708,8275220,0,99,8,0,0,14:33:5C:6D:AF:58,0,1,ARMED,112.0,0,0,80:02:9C:61:97:4B,11,15,948.6,80:02:9C:61:97:4A,0,1,AUTH_FLOOD,2026-08-25T23:59:15.108985
45917,AUTH,-48,49,5736,992,64528,42708,8275264,0,99,8,0,0,14:33:5C:6D:AF:58,0,1,ARMED,112.0,0,0,80:02:9C:61:97:4B,11,65,1090.0,80:02:9C:61:97:4A,0,1,AUTH_FLOOD,2026-08-25T23:59:15.152985
45917,AUTH,-48,49,0,1018,63884,42708,8275305,0,99,8,0,0,14:33:5C:6D:AF:58,0,1,ARMED,112.0,0,0,80:02:9C:61:97:4B,11,115,1148.5,80:02:9C:61:97:4A,0,1,AUTH_FLOOD,2026-08-25T23:59:15.193985
45917,AUTH,-49,48,0,1039,63240,42708,8275349,0,99,8,0,0,14:33:5C:6D:AF:58,0,1,ARMED,112.0,0,0,80:02:9C:61:97:4B,11,50,1129.6,80:02:9C:61:97:4A,0,1,AUTH_FLOOD,2026-08-25T23:59:15.237985
45917,,-61,36,82,3262,63240,42708,8275396,0,99,8,0,0,14:33:5C:6D:AF:58,0,1,ARMED,112.0,0,1,80:02:9C:61:97:4B,11,100,1095.5,80:02:9C:61:97:4A,0,1,AUTH_FLOOD,2026-08-25T23:59:15.284985
45917,AUTH,-48,49,0,1084,63240,42708,8275443,0,99,8,0,0,14:33:5C:6D:AF:58,0,1,ARMED,112.0,0,0,80:02:9C:61:97:4B,11,49,1543.3,80:02:9C:61:97:4A,0,1,AUTH_FLOOD,2026-08-25T23:59:15.331985
45917,AUTH,-49,48,0,1103,62596,42708,8275492,0,99,8,0,0,14:33:5C:6D:AF:58,0,1,ARMED,112.0,0,1,80:02:9C:61:97:4B,11,99,1226.3,80:02:9C:61:97:4A,0,1,AUTH_FLOOD,2026-08-25T23:59:15.380985
45917,BEACON,-95,2,0,3666,65172,42708,8275547,0,99,8,0,0,14:33:5C:6D:AF:58,0,1,ARMED,112.0,0,0,80:02:9C:61:97:4B,11,49,1693.2,80:02:9C:61:97:4A,0,1,AUTH_FLOOD,2026-08-25T23:59:15.435985
45917,,-51,46,0,181,63060,42708,8275785,0,99,8,0,0,14:33:5C:6D:AF:58,0,0,ARMED,112.0,0,0,80:02:9C:61:97:4B,11,14,251.7,80:02:9C:61:97:4A,0,1,AUTH_FLOOD,2026-08-25T23:59:15.673985
45917,BEACON,-59,38,82,3273,65172,42708,8276092,0,99,8,0,0,14:33:5C:6D:AF:58,0,0,ARMED,112.0,0,1,80:02:9C:61:97:4B,11,8,187.5,80:02:9C:61:97:4A,0,1,AUTH_FLOOD,2026-08-25T23:59:15.980985
45917,,-48,49,0,211,65000,42708,8276290,0,99,8,0,0,14:33:5C:6D:AF:58,0,1,ARMED,112.0,0,0,80:02:9C:61:97:4B,11,11,786.5,80:02:9C:61:97:4A,0,1,AUTH_FLOOD,2026-08-25T23:59:16.178985
45917,,-50,47,0,209,64528,42708,8276332,0,99,8,0,0,14:33:5C:6D:AF:58,0,1,ARMED,112.0,0,0,80:02:9C:61:97:4B,11,61,1103.6,80:02:9C:61:97:4A,0,1,AUTH_FLOOD,2026-08-25T23:59:16.220985
45917,BEACON,-60,37,0,3277,65172,42708,8276398,0,99,8,0,0,14:33:5C:6D:AF:58,0,1,ARMED,112.0,0,1,80:02:9C:61:97:4B,11,3,161.8,80:02:9C:61:97:4A,0,1,AUTH_FLOOD,2026-08-25T23:59:16.286985
45917,AUTH,-94,3,0,1148,65172,42708,8276470,0,99,8,0,0,14:33:5C:6D:AF:58,0,1,ARMED,112.0,0,0,80:02:9C:61:97:4B,11,53,584.1,80:02:9C:61:97:4A,0,1,AUTH_FLOOD,2026-08-25T23:59:16.358985
45917,AUTH,-95,2,0,1150,65172,42708,8276515,0,99,8,0,0,14:33:5C:6D:AF:58,0,1,ARMED,112.0,0,0,80:02:9C:61:97:4B,11,37,1294.2,80:02:9C:61:97:4A,0,1,AUTH_FLOOD,2026-08-25T23:59:16.403985
45917,AUTH,-93,4,0,1152,65172,42708,8276591,0,99,8,0,0,14:33:5C:6D:AF:58,0,1,ARMED,112.0,0,0,80:02:9C:61:97:4B,11,2,511.1,80:02:9C:61:97:4A,0,1,AUTH_FLOOD,2026-08-25T23:59:16.479985
45917,BEACON,-81,16,0,1408,65172,42708,8276641,0,99,8,0,0,14:33:5C:6D:AF:58,0,1,ARMED,112.0,0,1,80:02:9C:61:97:4B,11,52,956.9,80:02:9C:61:97:4A,0,1,AUTH_FLOOD,2026-08-25T23:59:16.529985
45917,AUTH,-95,2,0,1155,65172,42708,8276696,0,99,8,0,0,14:33:5C:6D:AF:58,0,1,ARMED,112.0,0,0,80:02:9C:61:97:4B,11,7,770.7,80:02:9C:61:97:4A,0,1,AUTH_FLOOD,2026-08-25T23:59:16.584985
45917,,48,48,0,0,65172,42708,8276805,0,99,8,0,0,14:33:5C:6D:AF:58,0,1,ARMED,112.0,0,0,80:02:9C:61:97:4B,11,13,979.1,80:02:9C:61:97:4A,0,1,AUTH_FLOOD,2026-08-25T23:59:16.693985
45917,AUTH,-92,5,0,1159,65172,42708,8276842,0,99,8,0,0,14:33:5C:6D:AF:58,0,1,ARMED,112.0,0,0,80:02:9C:61:97:4B,11,63,1258.7,80:02:9C:61:97:4A,0,1,AUTH_FLOOD,2026-08-25T23:59:16.730985
45917,AUTH,-89,8,0,1161,65172,42708,8276895,0,99,8,0,0,14:33:5C:6D:AF:58,0,1,ARMED,112.0,0,0,80:02:9C:61:97:4B,11,6,2032.5,80:02:9C:61:97:4A,0,1,AUTH_FLOOD,2026-08-25T23:59:16.783985
45917,,37,37,0,0,65172,42708,8276952,0,99,8,0,0,14:33:5C:6D:AF:58,0,1,ARMED,112.0,0,0,80:02:9C:61:97:4B,11,56,933.9,80:02:9C:61:97:4A,0,1,AUTH_FLOOD,2026-08-25T23:59:16.840985
45917,,-69,28,0,1541,65172,42708,8276993,0,99,8,0,0,14:33:5C:6D:AF:58,0,1,ARMED,112.0,0,1,80:02:9C:61:97:4B,11,2,2000.0,80:02:9C:61:97:4A,0,1,AUTH_FLOOD,2026-08-25T23:59:16.881985
45917,,37,37,0,0,65172,42708,8277037,0,99,8,0,0,14:33:5C:6D:AF:58,0,1,ARMED,112.0,0,0,80:02:9C:61:97:4B,11,52,1171.3,80:02:9C:61:97:4A,0,1,AUTH_FLOOD,2026-08-25T23:59:16.925985
45917,,-50,47,0,1498,65172,42708,8277074,0,99,8,0,0,14:33:5C:6D:AF:58,0,1,ARMED,112.0,0,1,80:02:9C:61:97:4B,11,102,1258.2,80:02:9C:61:97:4A,0,1,AUTH_FLOOD,2026-08-25T23:59:16.962985
45917,,48,48,0,0,65176,42708,8277116,0,99,8,0,0,14:33:5C:6D:AF:58,0,1,ARMED,112.0,0,0,80:02:9C:61:97:4B,11,25,1062.4,80:02:9C:61:97:4A,0,1,AUTH_FLOOD,2026-08-25T23:59:17.004985
45917,,37,37,0,0,65176,42708,8277225,0,99,8,0,0,14:33:5C:6D:AF:58,0,1,ARMED,112.0,0,0,80:02:9C:61:97:4B,11,5,157.8,80:02:9C:61:97:4A,0,1,AUTH_FLOOD,2026-08-25T23:59:17.113985
45917,MGMT_OTHER,-44,53,2950,0,65176,42708,8277413,0,99,8,0,0,14:33:5C:6D:AF:58,0,1,ARMED,112.0,0,0,80:02:9C:61:97:4B,11,13,781.8,80:02:9C:61:97:4A,0,1,AUTH_FLOOD,2026-08-25T23:59:17.301985
45917,AUTH,-48,49,0,1260,65176,42708,8277505,0,99,8,0,0,14:33:5C:6D:AF:58,0,1,ARMED,112.0,0,0,80:02:9C:61:97:4B,11,3,411.4,80:02:9C:61:97:4A,0,1,AUTH_FLOOD,2026-08-25T23:59:17.393985
45917,AUTH,-92,5,0,1278,65176,42708,8277724,0,99,8,0,0,14:33:5C:6D:AF:58,0,0,ARMED,112.0,0,0,80:02:9C:61:97:4B,11,7,723.1,80:02:9C:61:97:4A,0,1,AUTH_FLOOD,2026-08-25T23:59:17.612985
45917,AUTH,-91,6,82,1281,65176,42708,8277843,0,99,8,0,0,14:33:5C:6D:AF:58,0,1,ARMED,112.0,0,1,80:02:9C:61:97:4B,11,24,831.6,80:02:9C:61:97:4A,0,1,AUTH_FLOOD,2026-08-25T23:59:17.731985
45917,BEACON,-60,37,462,3299,65176,42708,8278037,0,99,8,0,0,14:33:5C:6D:AF:58,0,0,ARMED,112.0,0,1,80:02:9C:61:97:4B,11,2,181.8,80:02:9C:61:97:4A,0,1,AUTH_FLOOD,2026-08-25T23:59:17.925985
45917,AUTH,-41,56,82,1317,65172,42708,8278104,0,99,8,0,0,14:33:5C:6D:AF:58,0,0,ARMED,112.0,0,1,80:02:9C:61:97:4B,11,52,665.1,80:02:9C:61:97:4A,0,1,AUTH_FLOOD,2026-08-25T23:59:17.992985
45917,AUTH,-41,56,82,1317,65172,42708,8278104,0,99,8,0,0,14:33:5C:6D:AF:58,0,0,ARMED,112.0,0,1,80:02:9C:61:97:4B,11,52,665.1,80:02:9C:61:97:4A,0,1,AUTH_FLOOD,2026-08-25T23:59:17.992985
45917,AUTH,-41,56,0,1346,65172,42708,8278157,0,99,8,0,0,14:33:5C:6D:AF:58,0,1,ARMED,112.0,0,0,80:02:9C:61:97:4B,11,19,610.5,80:02:9C:61:97:4A,0,1,AUTH_FLOOD,2026-08-25T23:59:18.045985
45917,AUTH,-37,60,0,1370,65172,42708,8278336,0,99,8,0,0,14:33:5C:6D:AF:58,0,1,ARMED,112.0,0,0,80:02:9C:61:97:4B,11,5,725.1,80:02:9C:61:97:4A,0,1,AUTH_FLOOD,2026-08-25T23:59:18.224985
45917,,37,37,0,0,65172,42708,8278511,0,99,8,0,0,14:33:5C:6D:AF:58,0,1,ARMED,112.0,0,0,80:02:9C:61:97:4B,11,14,193.9,80:02:9C:61:97:4A,0,1,AUTH_FLOOD,2026-08-25T23:59:18.399985
45917,,-62,35,3537,275,65172,42708,8278755,0,99,8,0,0,14:33:5C:6D:AF:58,0,0,ARMED,112.0,0,1,80:02:9C:61:97:4B,11,1,606.4,80:02:9C:61:97:4A,0,1,AUTH_FLOOD,2026-08-25T23:59:18.643985
45917,,-56,41,0,970,65172,42708,8278898,0,99,8,0,0,14:33:5C:6D:AF:58,0,1,ARMED,112.0,0,1,80:02:9C:61:97:4B,11,17,402.3,80:02:9C:61:97:4A,0,1,AUTH_FLOOD,2026-08-25T23:59:18.786985
45917,,36,36,0,0,65172,42708,8279037,0,99,8,0,0,14:33:5C:6D:AF:58,0,1,ARMED,112.0,0,1,80:02:9C:61:97:4B,11,25,315.1,80:02:9C:61:97:4A,0,1,AUTH_FLOOD,2026-08-25T23:59:18.925985
45917,,-58,39,0,1572,65172,42708,8279258,0,99,8,0,0,14:33:5C:6D:AF:58,0,1,ARMED,112.0,0,1,80:02:9C:61:97:4B,11,16,167.5,80:02:9C:61:97:4A,0,1,AUTH_FLOOD,2026-08-25T23:59:19.146985
45917,,-61,36,157,1581,65172,42708,8279519,0,99,8,0,0,14:33:5C:6D:AF:58,0,0,ARMED,112.0,0,0,80:02:9C:61:97:4B,11,13,450.5,80:02:9C:61:97:4A,0,1,AUTH_FLOOD,2026-08-25T23:59:19.407985
45917,,37,37,0,0,65172,42708,8279817,0,99,8,0,0,14:33:5C:6D:AF:58,0,0,ARMED,112.0,0,1,80:02:9C:61:97:4B,11,2,729.9,80:02:9C:61:97:4A,0,1,AUTH_FLOOD,2026-08-25T23:59:19.705985
45917,BEACON,-60,37,0,3321,65172,42708,8280085,0,99,8,0,0,14:33:5C:6D:AF:58,0,0,ARMED,112.0,0,1,80:02:9C:61:97:4B,11,9,138.5,80:02:9C:61:97:4A,0,1,AUTH_FLOOD,2026-08-25T23:59:19.973985
45917,BEACON,-90,7,5354,3497,65172,42708,8280440,0,99,8,0,0,14:33:5C:6D:AF:58,0,0,ARMED,112.0,0,1,80:02:9C:61:97:4B,11,1,88.8,80:02:9C:61:97:4A,0,1,AUTH_FLOOD,2026-08-25T23:59:20.328985
45917,,38,38,0,0,65172,42708,8280657,0,99,8,0,0,14:33:5C:6D:AF:58,0,0,ARMED,112.0,0,0,80:02:9C:61:97:4B,11,14,616.7,80:02:9C:61:97:4A,0,1,AUTH_FLOOD,2026-08-25T23:59:20.545985
45917,,38,38,0,0,65172,42708,8280891,0,99,8,0,0,14:33:5C:6D:AF:58,0,0,ARMED,112.0,0,1,80:02:9C:61:97:4B,11,11,209.2,80:02:9C:61:97:4A,0,1,AUTH_FLOOD,2026-08-25T23:59:20.779985
45917,,42,42,0,0,65172,42708,8281051,0,99,8,0,0,14:33:5C:6D:AF:58,0,0,ARMED,112.0,0,0,80:02:9C:61:97:4B,11,6,838.3,80:02:9C:61:97:4A,0,1,AUTH_FLOOD,2026-08-25T23:59:20.939985
45917,,38,38,0,0,65172,42708,8281285,0,99,8,0,0,14:33:5C:6D:AF:58,0,0,ARMED,112.0,0,0,80:02:9C:61:97:4B,11,10,275.0,80:02:9C:61:97:4A,0,1,AUTH_FLOOD,2026-08-25T23:59:21.173985
45917,,37,37,0,0,65172,42708,8281808,0,99,8,0,0,14:33:5C:6D:AF:58,0,0,ARMED,112.0,0,0,80:02:9C:61:97:4B,11,6,125.8,80:02:9C:61:97:4A,0,1,AUTH_FLOOD,2026-08-25T23:59:21.696985
45917,BEACON,-97,0,82,3668,65172,42708,8282198,0,99,8,0,0,14:33:5C:6D:AF:58,0,0,ARMED,112.0,0,1,80:02:9C:61:97:4B,11,3,104.5,80:02:9C:61:97:4A,0,1,AUTH_FLOOD,2026-08-25T23:59:22.086985
45917,BEACON,-61,36,0,3348,65172,42708,8282235,0,99,8,0,0,14:33:5C:6D:AF:58,0,0,ARMED,112.0,0,1,80:02:9C:61:97:4B,11,53,813.8,80:02:9C:61:97:4A,0,1,AUTH_FLOOD,2026-08-25T23:59:22.123985
45917,AUTH,-93,4,0,1412,65172,42708,8282324,0,99,8,0,0,14:33:5C:6D:AF:58,0,1,ARMED,112.0,0,0,80:02:9C:61:97:4B,11,46,897.4,80:02:9C:61:97:4A,0,1,AUTH_FLOOD,2026-08-25T23:59:22.212985
45917,AUTH,-92,5,0,1413,65172,42708,8282448,0,99,8,0,0,14:33:5C:6D:AF:58,0,1,ARMED,112.0,0,0,80:02:9C:61:97:4B,11,39,528.2,80:02:9C:61:97:4A,0,1,AUTH_FLOOD,2026-08-25T23:59:22.336985
45917,,-54,43,18407,1685,65172,42708,8282871,0,99,8,0,0,14:33:5C:6D:AF:58,0,0,ARMED,112.0,0,1,80:02:9C:61:97:4B,11,18,208.8,80:02:9C:61:97:4A,0,1,AUTH_FLOOD,2026-08-25T23:59:22.759985
45917,,-56,41,18385,1697,65172,42708,8283171,0,99,8,0,0,14:33:5C:6D:AF:58,0,0,ARMED,112.0,0,1,80:02:9C:61:97:4B,11,13,163.7,80:02:9C:61:97:4A,0,1,AUTH_FLOOD,2026-08-25T23:59:23.059985
45917,AUTH,-92,5,0,1421,65172,42708,8283677,0,99,8,0,0,14:33:5C:6D:AF:58,0,0,ARMED,112.0,0,0,80:02:9C:61:97:4B,11,4,54.6,80:02:9C:61:97:4A,0,1,AUTH_FLOOD,2026-08-25T23:59:23.565985
45917,BEACON,-90,7,82,3533,65172,42708,8284127,0,99,8,0,0,14:33:5C:6D:AF:58,0,0,ARMED,112.0,0,1,80:02:9C:61:97:4B,11,2,178.4,80:02:9C:61:97:4A,0,1,AUTH_FLOOD,2026-08-25T23:59:24.015985
45917,,37,37,0,0,65172,42708,8284615,0,99,8,0,0,14:33:5C:6D:AF:58,0,0,ARMED,112.0,0,0,80:02:9C:61:97:4B,11,11,122.9,80:02:9C:61:97:4A,0,1,AUTH_FLOOD,2026-08-25T23:59:24.503985
45917,BEACON,-89,8,0,3543,65172,42708,8285151,0,99,8,0,0,14:33:5C:6D:AF:58,0,0,ARMED,112.0,0,1,80:02:9C:61:97:4B,11,8,78.1,80:02:9C:61:97:4A,0,1,AUTH_FLOOD,2026-08-25T23:59:25.039985
45917,,37,37,0,0,65172,42708,8285878,0,99,8,0,0,14:33:5C:6D:AF:58,0,0,ARMED,112.0,0,0,80:02:9C:61:97:4B,11,11,1135.4,80:02:9C:61:97:4A,0,1,AUTH_FLOOD,2026-08-25T23:59:25.766985
45917,BEACON,-90,7,0,3554,65172,42708,8286278,0,99,8,0,0,14:33:5C:6D:AF:58,0,0,ARMED,112.0,0,1,80:02:9C:61:97:4B,11,10,97.1,80:02:9C:61:97:4A,0,1,AUTH_FLOOD,2026-08-25T23:59:26.166985
45917,,43,43,0,0,65172,42708,8287087,0,99,8,0,0,14:33:5C:6D:AF:58,0,0,ARMED,112.0,0,0,80:02:9C:61:97:4B,11,7,74.7,80:02:9C:61:97:4A,0,0,NONE,2026-08-25T23:59:26.975985
45917,BEACON,-89,8,0,3566,65172,42708,8287506,0,99,8,0,0,14:33:5C:6D:AF:58,0,0,ARMED,112.0,0,1,80:02:9C:61:97:4B,11,3,61.8,80:02:9C:61:97:4A,0,0,NONE,2026-08-25T23:59:27.394985
45917,BEACON,-80,17,6577,1520,65172,42708,8288109,0,99,8,0,0,14:33:5C:6D:AF:58,0,0,ARMED,112.0,0,1,80:02:9C:61:97:4B,11,4,106.9,80:02:9C:61:97:4A,0,0,NONE,2026-08-25T23:59:27.997985
45917,,57,57,0,0,65172,42708,8288509,0,99,8,0,0,14:33:5C:6D:AF:58,0,0,ARMED,112.0,0,0,80:02:9C:61:97:4B,11,9,327.7,80:02:9C:61:97:4A,0,0,NONE,2026-08-25T23:59:28.397985
45917,BEACON,-87,10,0,1349,65172,42708,8289117,0,99,8,0,0,14:33:5C:6D:AF:58,0,0,ARMED,112.0,0,1,80:02:9C:61:97:4B,11,1,46.0,80:02:9C:61:97:4A,0,0,NONE,2026-08-25T23:59:29.005985
45917,,34,34,0,0,65172,42708,8289653,0,99,8,0,0,14:33:5C:6D:AF:58,0,0,ARMED,112.0,0,1,80:02:9C:61:97:4B,11,3,66.5,80:02:9C:61:97:4A,0,0,NONE,2026-08-25T23:59:29.541985
45917,,35,35,0,0,65172,42708,8289939,0,99,8,0,0,14:33:5C:6D:AF:58,0,0,ARMED,112.0,0,0,80:02:9C:61:97:4B,11,4,163.7,80:02:9C:61:97:4A,0,0,NONE,2026-08-25T23:59:29.827985
45917,,42,42,0,0,65172,42708,8290330,0,99,8,0,0,14:33:5C:6D:AF:58,0,0,ARMED,112.0,0,0,80:02:9C:61:97:4B,11,5,944.1,80:02:9C:61:97:4A,0,0,NONE,2026-08-25T23:59:30.218985
45917,BEACON,-95,2,0,3815,65172,42708,8290804,0,99,8,0,0,14:33:5C:6D:AF:58,0,0,ARMED,112.0,0,0,80:02:9C:61:97:4B,11,7,99.6,80:02:9C:61:97:4A,0,0,NONE,2026-08-25T23:59:30.692985
45917,BEACON,-80,17,0,1551,65172,42708,8291283,0,99,8,0,0,14:33:5C:6D:AF:58,0,0,ARMED,112.0,0,1,80:02:9C:61:97:4B,11,2,53.5,80:02:9C:61:97:4A,0,0,NONE,2026-08-25T23:59:31.171985
45917,BEACON,-62,35,50,3466,65172,42708,8291656,0,99,8,0,0,14:33:5C:6D:AF:58,0,0,ARMED,112.0,0,1,80:02:9C:61:97:4B,11,16,156.2,80:02:9C:61:97:4A,0,0,NONE,2026-08-25T23:59:31.544985
45917,BEACON,-94,3,0,3830,65172,42708,8292340,0,99,8,0,0,14:33:5C:6D:AF:58,0,0,ARMED,112.0,0,0,80:02:9C:61:97:4B,11,5,71.1,80:02:9C:61:97:4A,0,0,NONE,2026-08-25T23:59:32.228985
45917,,58,58,0,0,65172,42708,8292831,0,99,8,0,0,14:33:5C:6D:AF:58,0,0,ARMED,112.0,0,0,80:02:9C:61:97:4B,11,6,122.3,80:02:9C:61:97:4A,0,0,NONE,2026-08-25T23:59:32.719985
45917,BEACON,-93,4,0,3778,65172,42708,8293462,0,99,8,0,0,14:33:5C:6D:AF:58,0,0,ARMED,112.0,0,1,80:02:9C:61:97:4B,11,6,91.4,80:02:9C:61:97:4A,0,0,NONE,2026-08-25T23:59:33.350985
45917,BEACON,-80,17,0,1581,65172,42708,8294355,0,99,8,0,0,14:33:5C:6D:AF:58,0,0,ARMED,112.0,0,1,80:02:9C:61:97:4B,11,1,26.7,80:02:9C:61:97:4A,0,0,NONE,2026-08-25T23:59:34.243985
45917,BEACON,-88,9,0,3638,65172,42708,8294879,0,99,8,0,0,14:33:5C:6D:AF:58,0,0,ARMED,112.0,0,1,80:02:9C:61:97:4B,11,3,61.8,80:02:9C:61:97:4A,0,0,NONE,2026-08-25T23:59:34.767985
45917,PROBE_RESP,-63,34,0,3509,65172,42708,8295412,0,99,8,0,0,14:33:5C:6D:AF:58,0,0,ARMED,112.0,0,1,80:02:9C:61:97:4B,11,12,170.9,80:02:9C:61:97:4A,0,0,NONE,2026-08-25T23:59:35.300985
45917,BEACON,-89,8,0,3650,65172,42708,8296107,0,99,8,0,0,14:33:5C:6D:AF:58,0,0,ARMED,112.0,0,1,80:02:9C:61:97:4B,11,4,82.4,80:02:9C:61:97:4A,0,0,NONE,2026-08-25T23:59:35.995985
45917,BEACON,-96,1,0,3871,65172,42708,8296539,0,99,8,0,0,14:33:5C:6D:AF:58,0,0,ARMED,112.0,0,0,80:02:9C:61:97:4B,11,5,71.1,80:02:9C:61:97:4A,0,0,NONE,2026-08-25T23:59:36.427985
45917,,-56,41,60571,1760,65172,42708,8297203,0,99,8,0,0,14:33:5C:6D:AF:58,0,0,ARMED,112.0,0,1,80:02:9C:61:97:4B,11,1,55.5,80:02:9C:61:97:4A,0,0,NONE,2026-08-25T23:59:37.091985
45917,,53,53,0,0,65172,42708,8297752,0,99,8,0,0,14:33:5C:6D:AF:58,0,0,ARMED,112.0,0,0,80:02:9C:61:97:4B,11,4,75.6,80:02:9C:61:97:4A,0,0,NONE,2026-08-25T23:59:37.640985
45917,,36,36,0,0,65172,42708,8298332,0,99,8,0,0,14:33:5C:6D:AF:58,0,0,ARMED,112.0,0,0,80:02:9C:61:97:4B,11,4,1314.9,80:02:9C:61:97:4A,0,0,NONE,2026-08-25T23:59:38.220985
45917,BEACON,-81,16,0,1622,65172,42708,8298554,0,99,8,0,0,14:33:5C:6D:AF:58,0,0,ARMED,112.0,0,1,80:02:9C:61:97:4B,11,5,862.1,80:02:9C:61:97:4A,0,0,NONE,2026-08-25T23:59:38.442985
45917,,37,37,0,0,65172,42708,8299070,0,99,8,0,0,14:33:5C:6D:AF:58,0,0,ARMED,112.0,0,0,80:02:9C:61:97:4B,11,10,2199.3,80:02:9C:61:97:4A,0,0,NONE,2026-08-25T23:59:38.958985
45917,,53,53,0,0,65172,42708,8299104,0,99,8,0,0,14:33:5C:6D:AF:58,0,0,ARMED,112.0,0,0,80:02:9C:61:97:4B,11,60,1577.6,80:02:9C:61:97:4A,0,0,NONE,2026-08-25T23:59:38.992985
45917,,36,36,0,0,65172,42708,8299149,0,99,8,0,0,14:33:5C:6D:AF:58,0,0,ARMED,112.0,0,0,80:02:9C:61:97:4B,11,110,1315.7,80:02:9C:61:97:4A,0,0,NONE,2026-08-25T23:59:39.037985
45917,BEACON,-89,8,0,3682,65172,42708,8299384,0,99,8,0,0,14:33:5C:6D:AF:58,0,0,ARMED,112.0,0,1,80:02:9C:61:97:4B,11,3,269.9,80:02:9C:61:97:4A,0,0,NONE,2026-08-25T23:59:39.272985
45917,,58,58,0,0,65172,42708,8299483,0,99,8,0,0,14:33:5C:6D:AF:58,0,1,ARMED,112.0,0,0,80:02:9C:61:97:4B,11,11,1599.5,80:02:9C:61:97:4A,0,0,NONE,2026-08-25T23:59:39.371985
45917,,37,37,0,0,65172,42708,8299598,0,99,8,0,0,14:33:5C:6D:AF:58,0,1,ARMED,112.0,0,0,80:02:9C:61:97:4B,11,9,452.5,80:02:9C:61:97:4A,0,0,NONE,2026-08-25T23:59:39.486985
45917,,57,57,0,0,65172,42708,8299709,0,99,8,0,0,14:33:5C:6D:AF:58,0,1,ARMED,112.0,0,0,80:02:9C:61:97:4B,11,21,763.3,80:02:9C:61:97:4A,0,0,NONE,2026-08-25T23:59:39.597985
45917,BEACON,-90,7,0,3689,65172,42708,8300101,0,99,8,0,0,14:33:5C:6D:AF:58,0,0,ARMED,112.0,0,1,80:02:9C:61:97:4B,11,1,90.1,80:02:9C:61:97:4A,0,0,NONE,2026-08-25T23:59:39.989985
45917,BEACON,-88,9,0,3692,65172,42708,8300408,0,99,8,0,0,14:33:5C:6D:AF:58,0,0,ARMED,112.0,0,1,80:02:9C:61:97:4B,11,1,90.0,80:02:9C:61:97:4A,0,0,NONE,2026-08-25T23:59:40.296985
45917,BEACON,-88,9,0,428,65172,42708,8300897,0,99,8,0,0,14:33:5C:6D:AF:58,0,0,ARMED,112.0,0,1,80:02:9C:61:97:4B,11,12,132.4,80:02:9C:61:97:4A,0,0,NONE,2026-08-25T23:59:40.785985
45917,BEACON,-80,17,0,1651,65172,42708,8301523,0,99,8,0,0,14:33:5C:6D:AF:58,0,0,ARMED,112.0,0,1,80:02:9C:61:97:4B,11,4,43.8,80:02:9C:61:97:4A,0,0,NONE,2026-08-25T23:59:41.411985
45917,BEACON,-88,9,0,3709,65172,42708,8302149,0,99,8,0,0,14:33:5C:6D:AF:58,0,0,ARMED,112.0,0,1,80:02:9C:61:97:4B,11,5,48.8,80:02:9C:61:97:4A,0,0,NONE,2026-08-25T23:59:42.037985
45917,,36,36,0,0,65172,42708,8302722,0,99,8,0,0,14:33:5C:6D:AF:58,0,0,ARMED,112.0,0,0,80:02:9C:61:97:4B,11,8,130.0,80:02:9C:61:97:4A,0,0,NONE,2026-08-25T23:59:42.610985
45917,BEACON,-89,8,0,3720,65172,42708,8303275,0,99,8,0,0,14:33:5C:6D:AF:58,0,0,ARMED,112.0,0,1,80:02:9C:61:97:4B,11,4,49.6,80:02:9C:61:97:4A,0,0,NONE,2026-08-25T23:59:43.163985
45917,,53,53,0,0,65172,42708,8304000,0,99,8,0,0,14:33:5C:6D:AF:58,0,0,ARMED,112.0,0,0,80:02:9C:61:97:4B,11,7,123.8,80:02:9C:61:97:4A,0,0,NONE,2026-08-25T23:59:43.888985
45917,BEACON,-79,18,0,1682,65172,42708,8304698,0,99,8,0,0,14:33:5C:6D:AF:58,0,0,ARMED,112.0,0,1,80:02:9C:61:97:4B,11,1,26.6,80:02:9C:61:97:4A,0,0,NONE,2026-08-25T23:59:44.586985
45917,,37,37,0,0,65172,42708,8305234,0,99,8,0,0,14:33:5C:6D:AF:58,0,0,ARMED,112.0,0,1,80:02:9C:61:97:4B,11,7,114.4,80:02:9C:61:97:4A,0,0,NONE,2026-08-25T23:59:45.122985
45917,BEACON,-86,11,0,478,65172,42708,8306017,0,99,8,0,0,14:33:5C:6D:AF:58,0,0,ARMED,112.0,0,1,80:02:9C:61:97:4B,11,1,38.9,80:02:9C:61:97:4A,0,0,NONE,2026-08-25T23:59:45.905985
45917,BEACON,-89,8,0,3753,65172,42708,8306654,0,99,8,0,0,14:33:5C:6D:AF:58,0,0,ARMED,112.0,0,1,80:02:9C:61:97:4B,11,4,82.5,80:02:9C:61:97:4A,0,0,NONE,2026-08-25T23:59:46.542985
45917,BEACON,-89,8,0,3758,65172,42708,8307166,0,99,8,0,0,14:33:5C:6D:AF:58,0,0,ARMED,112.0,0,1,80:02:9C:61:97:4B,11,13,268.0,80:02:9C:61:97:4A,0,0,NONE,2026-08-25T23:59:47.054985
45917,,53,53,0,0,65172,42708,8307297,0,99,8,0,0,14:33:5C:6D:AF:58,0,0,ARMED,112.0,0,0,80:02:9C:61:97:4B,11,44,572.7,80:02:9C:61:97:4A,0,0,NONE,2026-08-25T23:59:47.185985
45917,BEACON,-87,10,0,1542,65172,42708,8307652,0,99,8,0,0,14:33:5C:6D:AF:58,0,0,ARMED,112.0,0,1,80:02:9C:61:97:4B,11,1,45.9,80:02:9C:61:97:4A,0,0,NONE,2026-08-25T23:59:47.540985
45917,BEACON,-96,1,0,3922,65172,42708,8308208,0,99,8,0,0,14:33:5C:6D:AF:58,0,0,ARMED,112.0,0,1,80:02:9C:61:97:4B,11,7,105.8,80:02:9C:61:97:4A,0,0,NONE,2026-08-25T23:59:48.096985
45917,,-61,36,0,3651,63440,42708,8308758,0,99,8,0,0,14:33:5C:6D:AF:58,0,0,ARMED,112.0,0,0,80:02:9C:61:97:4B,11,1,836.8,80:02:9C:61:97:4A,0,0,NONE,2026-08-25T23:59:48.646985
45917,BEACON,-94,3,0,3995,65172,42708,8309236,0,99,8,0,0,14:33:5C:6D:AF:58,0,0,ARMED,112.0,0,0,80:02:9C:61:97:4B,11,7,99.6,80:02:9C:61:97:4A,0,0,NONE,2026-08-25T23:59:49.124985
45917,,-57,40,126457,1811,65172,42708,8309843,0,99,8,0,0,14:33:5C:6D:AF:58,0,0,ARMED,112.0,0,1,80:02:9C:61:97:4B,11,4,63.9,80:02:9C:61:97:4A,0,0,NONE,2026-08-25T23:59:49.731985
45917,BEACON,-88,9,0,1569,65172,42708,8310212,0,99,8,0,0,14:33:5C:6D:AF:58,0,0,ARMED,112.0,0,1,80:02:9C:61:97:4B,11,1,46.1,80:02:9C:61:97:4A,0,0,NONE,2026-08-25T23:59:50.100985
45917,BEACON,-93,4,0,4012,65172,42708,8310977,0,99,8,0,0,14:33:5C:6D:AF:58,0,0,ARMED,112.0,0,0,80:02:9C:61:97:4B,11,5,71.5,80:02:9C:61:97:4A,0,0,NONE,2026-08-25T23:59:50.865985
45917,BEACON,-61,36,0,3682,65172,42708,8311828,0,99,8,0,0,14:33:5C:6D:AF:58,0,0,ARMED,112.0,0,1,80:02:9C:61:97:4B,11,6,58.6,80:02:9C:61:97:4A,0,0,NONE,2026-08-25T23:59:51.716985
45917,PROBE_RESP,-81,16,0,3061,65172,42708,8312280,0,99,8,0,0,14:33:5C:6D:AF:58,0,0,ARMED,112.0,0,1,80:02:9C:61:97:4B,11,5,119.8,80:02:9C:61:97:4A,0,0,NONE,2026-08-25T23:59:52.168985
45917,BEACON,-95,2,0,3965,65172,42708,8312611,0,99,8,0,0,14:33:5C:6D:AF:58,0,0,ARMED,112.0,0,1,80:02:9C:61:97:4B,11,4,60.4,80:02:9C:61:97:4A,0,0,NONE,2026-08-25T23:59:52.499985
45917,,-61,36,535,30,65172,42708,8313135,0,99,8,0,0,14:33:5C:6D:AF:58,0,0,ARMED,112.0,0,0,80:02:9C:61:97:4B,11,17,218.0,80:02:9C:61:97:4A,0,0,NONE,2026-08-25T23:59:53.023985
45917,BEACON,-86,11,0,1001,65172,42708,8313689,0,99,8,0,0,14:33:5C:6D:AF:58,0,0,ARMED,112.0,0,1,80:02:9C:61:97:4B,11,1,55.6,80:02:9C:61:97:4A,0,0,NONE,2026-08-25T23:59:53.577985
45917,,36,36,0,0,65172,42708,8314095,0,99,8,0,0,14:33:5C:6D:AF:58,0,0,ARMED,112.0,0,0,80:02:9C:61:97:4B,11,17,1226.7,80:02:9C:61:97:4A,0,0,NONE,2026-08-25T23:59:53.983985
45917,,-59,38,0,1162,65104,42708,8314181,0,99,8,0,0,14:33:5C:6D:AF:58,0,0,ARMED,112.0,0,0,80:02:9C:61:97:4B,11,67,671.5,80:02:9C:61:97:4A,0,0,NONE,2026-08-25T23:59:54.069985
45917,,58,58,0,0,65172,42708,8314216,0,99,8,0,0,14:33:5C:6D:AF:58,0,1,ARMED,112.0,0,0,80:02:9C:61:97:4B,11,49,1512.0,80:02:9C:61:97:4A,0,0,NONE,2026-08-25T23:59:54.104985
45917,,37,37,0,0,65172,42708,8314264,0,99,8,0,0,14:33:5C:6D:AF:58,0,1,ARMED,112.0,0,0,80:02:9C:61:97:4B,11,99,1234.3,80:02:9C:61:97:4A,0,0,NONE,2026-08-25T23:59:54.152985
45917,,37,37,0,0,65172,42708,8314430,0,99,8,0,0,14:33:5C:6D:AF:58,0,0,ARMED,112.0,0,1,80:02:9C:61:97:4B,11,13,286.4,80:02:9C:61:97:4A,0,0,NONE,2026-08-25T23:59:54.318985
45917,BEACON,-93,4,0,3986,65172,42708,8314762,0,99,8,0,0,14:33:5C:6D:AF:58,0,0,ARMED,112.0,0,1,80:02:9C:61:97:4B,11,5,75.5,80:02:9C:61:97:4A,0,0,NONE,2026-08-25T23:59:54.650985
45917,BEACON,-82,15,0,1785,65172,42708,8315245,0,99,8,0,0,14:33:5C:6D:AF:58,0,0,ARMED,112.0,0,1,80:02:9C:61:97:4B,11,2,53.3,80:02:9C:61:97:4A,0,0,NONE,2026-08-25T23:59:55.133985
45917,,-54,43,60568,1824,65172,42708,8315900,0,99,8,0,0,14:33:5C:6D:AF:58,0,0,ARMED,112.0,0,1,80:02:9C:61:97:4B,11,8,102.8,80:02:9C:61:97:4A,0,0,NONE,2026-08-25T23:59:55.788985
45917,,58,58,0,0,65172,42708,8316437,0,99,8,0,0,14:33:5C:6D:AF:58,0,0,ARMED,112.0,0,0,80:02:9C:61:97:4B,11,2,2000.0,80:02:9C:61:97:4A,0,0,NONE,2026-08-25T23:59:56.325985
45917,,-54,43,22723,1829,65172,42708,8317055,0,99,8,0,0,14:33:5C:6D:AF:58,0,0,ARMED,112.0,0,1,80:02:9C:61:97:4B,11,1,220.0,80:02:9C:61:97:4A,0,0,NONE,2026-08-25T23:59:56.943985
45917,BEACON,-80,17,0,1804,65172,42708,8317191,0,99,8,0,0,14:33:5C:6D:AF:58,0,0,ARMED,112.0,0,1,80:02:9C:61:97:4B,11,37,986.2,80:02:9C:61:97:4A,0,0,NONE,2026-08-25T23:59:57.079985
45917,BEACON,-93,4,58,4076,65172,42708,8317531,0,99,8,0,0,14:33:5C:6D:AF:58,0,0,ARMED,112.0,0,1,80:02:9C:61:97:4B,11,11,156.2,80:02:9C:61:97:4A,0,0,NONE,2026-08-25T23:59:57.419985
45917,BEACON,-86,11,0,1041,65172,42708,8317785,0,99,8,0,0,14:33:5C:6D:AF:58,0,0,ARMED,112.0,0,1,80:02:9C:61:97:4B,11,1,55.6,80:02:9C:61:97:4A,0,0,NONE,2026-08-25T23:59:57.673985
45917,BEACON,-94,3,0,4080,65172,42708,8317941,0,99,8,0,0,14:33:5C:6D:AF:58,0,0,ARMED,112.0,0,0,80:02:9C:61:97:4B,11,35,494.8,80:02:9C:61:97:4A,0,0,NONE,2026-08-25T23:59:57.829985
45917,,57,57,0,0,65172,42708,8318026,0,99,8,0,0,14:33:5C:6D:AF:58,0,1,ARMED,112.0,0,0,80:02:9C:61:97:4B,11,23,458.3,80:02:9C:61:97:4A,0,0,NONE,2026-08-25T23:59:57.914985
45917,,36,36,0,0,65172,42708,8318210,0,99,8,0,0,14:33:5C:6D:AF:58,0,0,ARMED,112.0,0,0,80:02:9C:61:97:4B,11,15,456.1,80:02:9C:61:97:4A,0,0,NONE,2026-08-25T23:59:58.098985
45917,BEACON,-81,16,0,1817,65172,42708,8318522,0,99,8,0,0,14:33:5C:6D:AF:58,0,0,ARMED,112.0,0,1,80:02:9C:61:97:4B,11,2,53.2,80:02:9C:61:97:4A,0,0,NONE,2026-08-25T23:59:58.410985
45917,,58,58,0,0,65172,42708,8318786,0,99,8,0,0,14:33:5C:6D:AF:58,0,0,ARMED,112.0,0,0,80:02:9C:61:97:4B,11,18,186.4,80:02:9C:61:97:4A,0,0,NONE,2026-08-25T23:59:58.674985
45917,BEACON,-63,34,58,3762,65172,42708,8319201,0,99,8,0,0,14:33:5C:6D:AF:58,0,0,ARMED,112.0,0,1,80:02:9C:61:97:4B,11,16,156.3,80:02:9C:61:97:4A,0,0,NONE,2026-08-25T23:59:59.089985
45917,,-55,42,102516,1850,65172,42708,8319655,0,99,8,0,0,14:33:5C:6D:AF:58,0,0,ARMED,112.0,0,0,80:02:9C:61:97:4B,11,4,89.6,80:02:9C:61:97:4A,0,0,NONE,2026-08-25T23:59:59.543985
45917,BEACON,-63,34,0,3773,65172,42708,8320123,0,99,8,0,0,14:33:5C:6D:AF:58,0,0,ARMED,112.0,0,0,80:02:9C:61:97:4B,11,16,156.3,80:02:9C:61:97:4A,0,0,NONE,2026-08-26T00:00:00.011985
45917,BEACON,-96,1,0,10,65172,42708,8320603,0,99,8,0,0,14:33:5C:6D:AF:58,0,0,ARMED,112.0,0,0,80:02:9C:61:97:4B,11,5,95.2,80:02:9C:61:97:4A,0,0,NONE,2026-08-26T00:00:00.491985
45917,BEACON,-85,12,0,625,65172,42708,8321070,0,99,8,0,0,14:33:5C:6D:AF:58,0,0,ARMED,112.0,0,1,80:02:9C:61:97:4B,11,8,87.8,80:02:9C:61:97:4A,0,0,NONE,2026-08-26T00:00:00.958985
45917,BEACON,-94,3,0,4053,65156,42708,8321622,0,99,8,0,0,14:33:5C:6D:AF:58,0,0,ARMED,112.0,0,1,80:02:9C:61:97:4B,11,1,56.0,80:02:9C:61:97:4A,0,0,NONE,2026-08-26T00:00:01.510985
45917,BEACON,-89,8,0,654,65172,42708,8322024,0,99,8,0,0,14:33:5C:6D:AF:58,0,0,ARMED,112.0,0,1,80:02:9C:61:97:4B,11,1,102.3,80:02:9C:61:97:4A,0,0,NONE,2026-08-26T00:00:01.912985
45917,,-54,43,28120,1866,65172,42708,8322452,0,99,8,0,0,14:33:5C:6D:AF:58,0,0,ARMED,112.0,0,1,80:02:9C:61:97:4B,11,4,140.6,80:02:9C:61:97:4A,0,0,NONE,2026-08-26T00:00:02.340985
45917,,-61,36,994,620,64816,42708,8323046,0,99,8,0,0,14:33:5C:6D:AF:58,0,0,ARMED,112.0,0,1,80:02:9C:61:97:4B,11,2,245.0,80:02:9C:61:97:4A,0,0,NONE,2026-08-26T00:00:02.934985
45917,,-60,37,10401,2518,65172,42708,8323452,0,99,8,0,0,14:33:5C:6D:AF:58,0,0,ARMED,112.0,0,1,80:02:9C:61:97:4B,11,19,178.8,80:02:9C:61:97:4A,0,0,NONE,2026-08-26T00:00:03.340985
45917,,35,35,0,0,65172,42708,8323839,0,99,8,0,0,14:33:5C:6D:AF:58,0,0,ARMED,112.0,0,1,80:02:9C:61:97:4B,11,13,197.5,80:02:9C:61:97:4A,0,0,NONE,2026-08-26T00:00:03.727985
45917,,-61,36,934,135,65172,42708,8323967,0,99,8,0,0,14:33:5C:6D:AF:58,0,0,ARMED,112.0,0,0,80:02:9C:61:97:4B,11,37,392.9,80:02:9C:61:97:4A,0,0,NONE,2026-08-26T00:00:03.855985
45917,BEACON,-63,34,0,3823,65100,42708,8324424,0,99,8,0,0,14:33:5C:6D:AF:58,0,0,ARMED,112.0,0,1,80:02:9C:61:97:4B,11,2,55.0,80:02:9C:61:97:4A,0,0,NONE,2026-08-26T00:00:04.312985
45917,,-61,36,509,157,65172,42708,8324825,0,99,8,0,0,14:33:5C:6D:AF:58,0,0,ARMED,112.0,0,0,80:02:9C:61:97:4B,11,9,321.4,80:02:9C:61:97:4A,0,0,NONE,2026-08-26T00:00:04.713985
45917,BEACON,-80,17,0,1883,65172,42708,8325280,0,99,8,0,0,14:33:5C:6D:AF:58,0,0,ARMED,112.0,0,1,80:02:9C:61:97:4B,11,12,162.7,80:02:9C:61:97:4A,0,0,NONE,2026-08-26T00:00:05.168985
45917,BEACON,-61,36,0,3840,65172,42708,8325857,0,99,8,0,0,14:33:5C:6D:AF:58,0,0,ARMED,112.0,0,1,80:02:9C:61:97:4B,11,4,110.3,80:02:9C:61:97:4A,0,0,NONE,2026-08-26T00:00:05.745985
45917,BEACON,-81,16,0,1891,65172,42708,8326099,0,99,8,0,0,14:33:5C:6D:AF:58,0,0,ARMED,112.0,0,1,80:02:9C:61:97:4B,11,11,149.1,80:02:9C:61:97:4A,0,0,NONE,2026-08-26T00:00:05.987985
45917,,-61,36,291,190,65172,42708,8326521,0,99,8,0,0,14:33:5C:6D:AF:58,0,0,ARMED,112.0,0,0,80:02:9C:61:97:4B,11,21,243.9,80:02:9C:61:97:4A,0,0,NONE,2026-08-26T00:00:06.409985
45917,,-64,33,48035,311,65172,42708,8326780,0,99,8,0,0,14:33:5C:6D:AF:58,0,0,ARMED,112.0,0,1,80:02:9C:61:97:4B,11,3,79.5,80:02:9C:61:97:4A,0,0,NONE,2026-08-26T00:00:06.668985
45917,,44,44,0,0,65172,42708,8327147,0,99,8,0,0,14:33:5C:6D:AF:58,0,0,ARMED,112.0,0,1,80:02:9C:61:97:4B,11,10,102.6,80:02:9C:61:97:4A,0,0,NONE,2026-08-26T00:00:07.035985
45917,,-60,37,0,626,64816,42708,8327465,0,99,8,0,0,14:33:5C:6D:AF:58,0,0,ARMED,112.0,0,1,80:02:9C:61:97:4B,11,5,856.8,80:02:9C:61:97:4A,0,0,NONE,2026-08-26T00:00:07.353985
45917,,37,37,0,0,65172,42708,8328161,0,99,8,0,0,14:33:5C:6D:AF:58,0,0,ARMED,112.0,0,0,80:02:9C:61:97:4B,11,7,83.9,80:02:9C:61:97:4A,0,0,NONE,2026-08-26T00:00:08.049985
45917,,-59,38,0,2502,65172,42708,8328196,0,99,8,0,0,14:33:5C:6D:AF:58,0,1,ARMED,112.0,0,1,80:02:9C:61:97:4B,11,23,1481.9,80:02:9C:61:97:4A,0,0,NONE,2026-08-26T00:00:08.084985
45917,BEACON,-60,37,54,3871,65172,42708,8328519,0,99,8,0,0,14:33:5C:6D:AF:58,0,0,ARMED,112.0,0,1,80:02:9C:61:97:4B,11,2,62.6,80:02:9C:61:97:4A,0,0,NONE,2026-08-26T00:00:08.407985
45917,,44,44,0,0,65172,42708,8328836,0,99,8,0,0,14:33:5C:6D:AF:58,0,0,ARMED,112.0,0,0,80:02:9C:61:97:4B,11,6,144.3,80:02:9C:61:97:4A,0,0,NONE,2026-08-26T00:00:08.724985
45917,,37,37,0,0,65172,42708,8328959,0,99,8,0,0,14:33:5C:6D:AF:58,0,0,ARMED,112.0,0,1,80:02:9C:61:97:4B,11,41,657.4,80:02:9C:61:97:4A,0,0,NONE,2026-08-26T00:00:08.847985
45917,BEACON,-62,35,0,3880,65172,42708,8329339,0,99,8,0,0,14:33:5C:6D:AF:58,0,0,ARMED,112.0,0,1,80:02:9C:61:97:4B,11,2,62.4,80:02:9C:61:97:4A,0,0,NONE,2026-08-26T00:00:09.227985
45917,BEACON,-93,4,0,36,65172,42708,8329712,0,99,8,0,0,14:33:5C:6D:AF:58,0,0,ARMED,112.0,0,1,80:02:9C:61:97:4B,11,12,122.2,80:02:9C:61:97:4A,0,0,NONE,2026-08-26T00:00:09.600985
45917,,-59,38,419,2102,65172,42708,8330046,0,99,8,0,0,14:33:5C:6D:AF:58,0,0,ARMED,112.0,0,1,80:02:9C:61:97:4B,11,7,305.7,80:02:9C:61:97:4A,0,0,NONE,2026-08-26T00:00:09.934985
45917,,-56,41,4237,1902,65172,42708,8330122,0,99,8,0,0,14:33:5C:6D:AF:58,0,0,ARMED,112.0,0,1,80:02:9C:61:97:4B,11,57,579.1,80:02:9C:61:97:4A,0,0,NONE,2026-08-26T00:00:10.010985
45917,BEACON,-94,3,0,108,65172,42708,8330642,0,99,8,0,0,14:33:5C:6D:AF:58,0,0,ARMED,112.0,0,0,80:02:9C:61:97:4B,11,1,258.3,80:02:9C:61:97:4A,0,0,NONE,2026-08-26T00:00:10.530985
45917,,-62,35,295,270,65172,42708,8331188,0,99,8,0,0,14:33:5C:6D:AF:58,0,0,ARMED,112.0,0,0,80:02:9C:61:97:4B,11,9,235.1,80:02:9C:61:97:4A,0,0,NONE,2026-08-26T00:00:11.076985
45917,PROBE_RESP,-85,12,0,1963,65172,42708,8331547,0,99,8,0,0,14:33:5C:6D:AF:58,0,0,ARMED,112.0,0,0,80:02:9C:61:97:4B,11,4,69.4,80:02:9C:61:97:4A,0,0,NONE,2026-08-26T00:00:11.435985
45917,BEACON,-95,2,0,58,65172,42708,8331965,0,99,8,0,0,14:33:5C:6D:AF:58,0,0,ARMED,112.0,0,1,80:02:9C:61:97:4B,11,6,93.6,80:02:9C:61:97:4A,0,0,NONE,2026-08-26T00:00:11.853985
45917,BEACON,-60,37,0,3913,65172,42708,8332513,0,99,8,0,0,14:33:5C:6D:AF:58,0,0,ARMED,112.0,0,1,80:02:9C:61:97:4B,11,13,127.0,80:02:9C:61:97:4A,0,0,NONE,2026-08-26T00:00:12.401985
45917,,38,38,0,0,65172,42708,8332808,0,99,8,0,0,14:33:5C:6D:AF:58,0,0,ARMED,112.0,0,0,80:02:9C:61:97:4B,11,26,287.7,80:02:9C:61:97:4A,0,0,NONE,2026-08-26T00:00:12.696985
45917,,-59,38,0,2260,65172,42708,8332851,0,99,8,0,0,14:33:5C:6D:AF:58,0,1,ARMED,112.0,0,0,80:02:9C:61:97:4B,11,40,1340.4,80:02:9C:61:97:4A,0,0,NONE,2026-08-26T00:00:12.739985
45917,,-82,15,0,3083,65172,42708,8332964,0,99,8,0,0,14:33:5C:6D:AF:58,0,1,ARMED,112.0,0,1,80:02:9C:61:97:4B,11,3,73.1,80:02:9C:61:97:4A,0,0,NONE,2026-08-26T00:00:12.852985
45917,,43,43,0,0,65172,42708,8333291,0,99,8,0,0,14:33:5C:6D:AF:58,0,0,ARMED,112.0,0,0,80:02:9C:61:97:4B,11,18,294.4,80:02:9C:61:97:4A,0,0,NONE,2026-08-26T00:00:13.179985
45917,,-61,36,292,331,65156,42708,8333592,0,99,8,0,0,14:33:5C:6D:AF:58,0,0,ARMED,112.0,0,0,80:02:9C:61:97:4B,11,17,306.4,80:02:9C:61:97:4A,0,0,NONE,2026-08-26T00:00:13.480985
45917,BEACON,-94,3,0,76,65172,42708,8333808,0,99,8,0,0,14:33:5C:6D:AF:58,0,1,ARMED,112.0,0,1,80:02:9C:61:97:4B,11,7,106.3,80:02:9C:61:97:4A,0,0,NONE,2026-08-26T00:00:13.696985
45917,,42,42,0,0,65172,42708,8334570,0,99,8,0,0,14:33:5C:6D:AF:58,0,0,ARMED,112.0,0,0,80:02:9C:61:97:4B,11,3,431.7,80:02:9C:61:97:4A,0,0,NONE,2026-08-26T00:00:14.458985
45917,BEACON,-97,0,0,90,65172,42708,8335242,0,99,8,0,0,14:33:5C:6D:AF:58,0,0,ARMED,112.0,0,1,80:02:9C:61:97:4B,11,3,45.7,80:02:9C:61:97:4A,0,0,NONE,2026-08-26T00:00:15.130985
45917,BEACON,-89,8,0,4036,65172,42708,8335633,0,99,8,0,0,14:33:5C:6D:AF:58,0,0,ARMED,112.0,0,1,80:02:9C:61:97:4B,11,6,170.9,80:02:9C:61:97:4A,0,0,NONE,2026-08-26T00:00:15.521985
45917,,37,37,0,0,65172,42708,8335999,0,99,8,0,0,14:33:5C:6D:AF:58,0,0,ARMED,112.0,0,1,80:02:9C:61:97:4B,11,12,140.9,80:02:9C:61:97:4A,0,0,NONE,2026-08-26T00:00:15.887985
45917,BEACON,-97,0,0,165,65172,42708,8336477,0,99,8,0,0,14:33:5C:6D:AF:58,0,0,ARMED,112.0,0,0,80:02:9C:61:97:4B,11,3,95.3,80:02:9C:61:97:4A,0,0,NONE,2026-08-26T00:00:16.365985
45917,,-59,38,383,1659,65172,42708,8336930,0,99,8,0,0,14:33:5C:6D:AF:58,0,0,ARMED,112.0,0,1,80:02:9C:61:97:4B,11,16,233.9,80:02:9C:61:97:4A,0,0,NONE,2026-08-26T00:00:16.818985
45917,BEACON,-60,37,0,3962,65172,42708,8337121,0,99,8,0,0,14:33:5C:6D:AF:58,0,1,ARMED,112.0,0,1,80:02:9C:61:97:4B,11,4,73.8,80:02:9C:61:97:4A,0,0,NONE,2026-08-26T00:00:17.009985
45917,,42,42,0,0,65172,42708,8337453,0,99,8,0,0,14:33:5C:6D:AF:58,0,0,ARMED,112.0,0,0,80:02:9C:61:97:4B,11,9,113.7,80:02:9C:61:97:4A,0,0,NONE,2026-08-26T00:00:17.341985
45917,,-60,37,5275,2736,65172,42708,8337949,0,99,8,0,0,14:33:5C:6D:AF:58,0,0,ARMED,112.0,0,1,80:02:9C:61:97:4B,11,5,111.2,80:02:9C:61:97:4A,0,0,NONE,2026-08-26T00:00:17.837985
45917,BEACON,-86,11,0,1861,65172,42708,8338269,0,99,8,0,0,14:33:5C:6D:AF:58,0,0,ARMED,112.0,0,1,80:02:9C:61:97:4B,11,22,378.6,80:02:9C:61:97:4A,0,0,NONE,2026-08-26T00:00:18.157985
45917,,42,42,0,0,65172,42708,8338769,0,99,8,0,0,14:33:5C:6D:AF:58,0,0,ARMED,112.0,0,0,80:02:9C:61:97:4B,11,7,152.5,80:02:9C:61:97:4A,0,0,NONE,2026-08-26T00:00:18.657985
45917,,37,37,0,1023,65172,42708,8339170,0,99,8,0,0,14:33:5C:6D:AF:58,0,0,ARMED,112.0,0,1,80:02:9C:61:97:4B,11,19,512.9,80:02:9C:61:97:4A,0,0,NONE,2026-08-26T00:00:19.058985
45917,,-61,36,292,425,65172,42708,8339665,0,99,8,0,0,14:33:5C:6D:AF:58,0,0,ARMED,112.0,0,0,80:02:9C:61:97:4B,11,5,244.7,80:02:9C:61:97:4A,0,0,NONE,2026-08-26T00:00:19.553985
45917,BEACON,-81,16,0,2027,65172,42708,8340028,0,99,8,0,0,14:33:5C:6D:AF:58,0,0,ARMED,112.0,0,1,80:02:9C:61:97:4B,11,6,79.3,80:02:9C:61:97:4A,0,0,NONE,2026-08-26T00:00:19.916985
45917,,-59,38,607,1125,65172,42708,8340371,0,99,8,0,0,14:33:5C:6D:AF:58,0,0,ARMED,112.0,0,1,80:02:9C:61:97:4B,11,13,1386.4,80:02:9C:61:97:4A,0,0,NONE,2026-08-26T00:00:20.259985
45917,BEACON,-96,1,0,145,65172,42708,8340874,0,99,8,0,0,14:33:5C:6D:AF:58,0,0,ARMED,112.0,0,1,80:02:9C:61:97:4B,11,5,48.8,80:02:9C:61:97:4A,0,0,NONE,2026-08-26T00:00:20.762985
45917,BEACON,-95,2,0,214,65172,42708,8341492,0,99,8,0,0,14:33:5C:6D:AF:58,0,0,ARMED,112.0,0,0,80:02:9C:61:97:4B,11,1,231.5,80:02:9C:61:97:4A,0,0,NONE,2026-08-26T00:00:21.380985
45917,,57,57,0,0,65172,42708,8342152,0,99,8,0,0,14:33:5C:6D:AF:58,0,0,ARMED,112.0,0,0,80:02:9C:61:97:4B,11,12,243.7,80:02:9C:61:97:4A,0,0,NONE,2026-08-26T00:00:22.040985
45917,,42,42,0,0,65172,42708,8342352,0,99,8,0,0,14:33:5C:6D:AF:58,0,0,ARMED,112.0,0,0,80:02:9C:61:97:4B,11,9,199.4,80:02:9C:61:97:4A,0,0,NONE,2026-08-26T00:00:22.240985
45917,PROBE_REQ,-89,8,0,2909,65172,42708,8342739,0,99,8,0,0,14:33:5C:6D:AF:58,0,0,ARMED,112.0,0,1,80:02:9C:61:97:4B,11,2,114.7,80:02:9C:61:97:4A,0,0,NONE,2026-08-26T00:00:22.627985
45917,,-55,42,106525,1962,65172,42708,8343167,0,99,8,0,0,14:33:5C:6D:AF:58,0,0,ARMED,112.0,0,0,80:02:9C:61:97:4B,11,4,107.7,80:02:9C:61:97:4A,0,0,NONE,2026-08-26T00:00:23.055985
45917,BEACON,-81,16,0,2062,65172,42708,8343610,0,99,8,0,0,14:33:5C:6D:AF:58,0,0,ARMED,112.0,0,1,80:02:9C:61:97:4B,11,5,133.0,80:02:9C:61:97:4A,0,0,NONE,2026-08-26T00:00:23.498985
45917,,-61,36,292,506,65172,42708,8343895,0,99,8,0,0,14:33:5C:6D:AF:58,0,0,ARMED,112.0,0,0,80:02:9C:61:97:4B,11,15,958.3,80:02:9C:61:97:4A,0,0,NONE,2026-08-26T00:00:23.783985
45917,,57,57,0,0,65172,42708,8344258,0,99,8,0,0,14:33:5C:6D:AF:58,0,0,ARMED,112.0,0,0,80:02:9C:61:97:4B,11,10,139.8,80:02:9C:61:97:4A,0,0,NONE,2026-08-26T00:00:24.146985
45917,BEACON,-59,38,0,4044,65172,42708,8344596,0,99,8,0,0,14:33:5C:6D:AF:58,0,0,ARMED,112.0,0,0,80:02:9C:61:97:4B,11,10,97.7,80:02:9C:61:97:4A,0,0,NONE,2026-08-26T00:00:24.484985
45917,,38,38,0,0,65172,42708,8345064,0,99,8,0,0,14:33:5C:6D:AF:58,0,0,ARMED,112.0,0,0,80:02:9C:61:97:4B,11,12,206.1,80:02:9C:61:97:4A,0,0,NONE,2026-08-26T00:00:24.952985
45917,,37,37,0,0,65172,42708,8345842,0,99,8,0,0,14:33:5C:6D:AF:58,0,0,ARMED,112.0,0,0,80:02:9C:61:97:4B,11,2,114.9,80:02:9C:61:97:4A,0,0,NONE,2026-08-26T00:00:25.730985
45917,BEACON,-80,17,0,2087,65172,42708,8346170,0,99,8,0,0,14:33:5C:6D:AF:58,0,0,ARMED,112.0,0,1,80:02:9C:61:97:4B,11,2,53.2,80:02:9C:61:97:4A,0,0,NONE,2026-08-26T00:00:26.058985
45917,,-61,36,1223,537,65172,42708,8346717,0,99,8,0,0,14:33:5C:6D:AF:58,0,0,ARMED,112.0,0,0,80:02:9C:61:97:4B,11,12,165.3,80:02:9C:61:97:4A,0,0,NONE,2026-08-26T00:00:26.605985
45917,,53,53,0,0,65172,42708,8347270,0,99,8,0,0,14:33:5C:6D:AF:58,0,0,ARMED,112.0,0,0,80:02:9C:61:97:4B,11,2,170.9,80:02:9C:61:97:4A,0,0,NONE,2026-08-26T00:00:27.158985
45917,,53,53,0,0,65172,42708,8347364,0,99,8,0,0,14:33:5C:6D:AF:58,0,1,ARMED,112.0,0,1,80:02:9C:61:97:4B,11,11,2018.7,80:02:9C:61:97:4A,0,0,NONE,2026-08-26T00:00:27.252985
45917,BEACON,-89,8,0,56,65172,42708,8347512,0,99,8,0,0,14:33:5C:6D:AF:58,0,1,ARMED,112.0,0,0,80:02:9C:61:97:4B,11,6,124.1,80:02:9C:61:97:4A,0,0,NONE,2026-08-26T00:00:27.400985
45917,,53,53,0,0,65172,42708,8347819,0,99,8,0,0,14:33:5C:6D:AF:58,0,0,ARMED,112.0,0,0,80:02:9C:61:97:4B,11,17,350.2,80:02:9C:61:97:4A,0,0,NONE,2026-08-26T00:00:27.707985
45917,,37,37,0,0,65172,42708,8347850,0,99,8,0,0,14:33:5C:6D:AF:58,0,0,ARMED,112.0,0,0,80:02:9C:61:97:4B,11,67,842.4,80:02:9C:61:97:4A,0,0,NONE,2026-08-26T00:00:27.738985
45917,BEACON,-59,38,0,4085,65172,42708,8348180,0,99,8,0,0,14:33:5C:6D:AF:58,0,0,ARMED,112.0,0,1,80:02:9C:61:97:4B,11,5,48.8,80:02:9C:61:97:4A,0,0,NONE,2026-08-26T00:00:28.068985
45917,,-53,44,19317,1977,65172,42708,8348661,0,99,8,0,0,14:33:5C:6D:AF:58,0,0,ARMED,112.0,0,1,80:02:9C:61:97:4B,11,11,155.3,80:02:9C:61:97:4A,0,0,NONE,2026-08-26T00:00:28.549985
45917,,-55,42,25727,1980,65172,42708,8349311,0,99,8,0,0,14:33:5C:6D:AF:58,0,0,ARMED,112.0,0,1,80:02:9C:61:97:4B,11,9,86.5,80:02:9C:61:97:4A,0,0,NONE,2026-08-26T00:00:29.199985
45917,BEACON,-60,37,0,8,65172,42708,8349716,0,99,8,0,0,14:33:5C:6D:AF:58,0,0,ARMED,112.0,0,0,80:02:9C:61:97:4B,11,14,196.8,80:02:9C:61:97:4A,0,0,NONE,2026-08-26T00:00:29.604985
45917,BEACON,-86,11,0,1357,65172,42708,8350144,0,99,8,0,0,14:33:5C:6D:AF:58,0,0,ARMED,112.0,0,1,80:02:9C:61:97:4B,11,5,60.2,80:02:9C:61:97:4A,0,0,NONE,2026-08-26T00:00:30.032985
45917,,-62,35,292,596,65172,42708,8350782,0,99,8,0,0,14:33:5C:6D:AF:58,0,0,ARMED,112.0,0,0,80:02:9C:61:97:4B,11,3,665.2,80:02:9C:61:97:4A,0,0,NONE,2026-08-26T00:00:30.670985
45917,,-59,38,2419,1225,65172,42708,8350846,0,99,8,0,0,14:33:5C:6D:AF:58,0,0,ARMED,112.0,0,1,80:02:9C:61:97:4B,11,53,781.6,80:02:9C:61:97:4A,0,0,NONE,2026-08-26T00:00:30.734985
45917,,53,53,0,0,65172,42708,8351478,0,99,8,0,0,14:33:5C:6D:AF:58,0,0,ARMED,112.0,0,0,80:02:9C:61:97:4B,11,6,69.9,80:02:9C:61:97:4A,0,0,NONE,2026-08-26T00:00:31.366985
45917,,57,57,0,0,65172,42708,8352098,0,99,8,0,0,14:33:5C:6D:AF:58,0,0,ARMED,112.0,0,0,80:02:9C:61:97:4B,11,14,152.8,80:02:9C:61:97:4A,0,0,NONE,2026-08-26T00:00:31.986985
45917,BEACON,-94,3,0,260,65172,42708,8352650,0,99,8,0,0,14:33:5C:6D:AF:58,0,0,ARMED,112.0,0,1,80:02:9C:61:97:4B,11,2,69.5,80:02:9C:61:97:4A,0,0,NONE,2026-08-26T00:00:32.538985
45917,,-81,16,0,3117,65172,42708,8353137,0,99,8,0,0,14:33:5C:6D:AF:58,0,0,ARMED,112.0,0,0,80:02:9C:61:97:4B,11,2,947.0,80:02:9C:61:97:4A,0,0,NONE,2026-08-26T00:00:33.025985
45917,,-60,37,5133,931,65172,42708,8353668,0,99,8,0,0,14:33:5C:6D:AF:58,0,0,ARMED,112.0,0,1,80:02:9C:61:97:4B,11,6,256.1,80:02:9C:61:97:4A,0,0,NONE,2026-08-26T00:00:33.556985
45917,BEACON,-96,1,0,337,65172,42708,8354087,0,99,8,0,0,14:33:5C:6D:AF:58,0,1,ARMED,112.0,0,0,80:02:9C:61:97:4B,11,3,91.0,80:02:9C:61:97:4A,0,0,NONE,2026-08-26T00:00:33.975985
45917,,-61,36,292,681,65172,42708,8354305,0,99,8,0,0,14:33:5C:6D:AF:58,0,1,ARMED,112.0,0,0,80:02:9C:61:97:4B,11,13,286.1,80:02:9C:61:97:4A,0,0,NONE,2026-08-26T00:00:34.193985
45917,,-61,36,1215,696,65172,42708,8354831,0,99,8,0,0,14:33:5C:6D:AF:58,0,0,ARMED,112.0,0,0,80:02:9C:61:97:4B,11,14,234.9,80:02:9C:61:97:4A,0,0,NONE,2026-08-26T00:00:34.719985
45917,BEACON,-63,34,0,71,65172,42708,8355451,0,99,8,0,0,14:33:5C:6D:AF:58,0,0,ARMED,112.0,0,1,80:02:9C:61:97:4B,11,4,61.7,80:02:9C:61:97:4A,0,0,NONE,2026-08-26T00:00:35.339985
45917,BEACON,-95,2,0,295,65172,42708,8356234,0,99,8,0,0,14:33:5C:6D:AF:58,0,0,ARMED,112.0,0,1,80:02:9C:61:97:4B,11,2,69.6,80:02:9C:61:97:4A,0,0,NONE,2026-08-26T00:00:36.122985
45917,BEACON,-81,16,0,2191,65172,42708,8356819,0,99,8,0,0,14:33:5C:6D:AF:58,0,0,ARMED,112.0,0,1,80:02:9C:61:97:4B,11,14,136.7,80:02:9C:61:97:4A,0,0,NONE,2026-08-26T00:00:36.707985
45917,,-55,42,88897,2000,65172,42708,8357155,0,99,8,0,0,14:33:5C:6D:AF:58,0,0,ARMED,112.0,0,1,80:02:9C:61:97:4B,11,2,70.5,80:02:9C:61:97:4A,0,0,NONE,2026-08-26T00:00:37.043985
45917,,-61,36,27727,709,65172,42708,8357633,0,99,8,0,0,14:33:5C:6D:AF:58,0,0,ARMED,112.0,0,1,80:02:9C:61:97:4B,11,10,102.6,80:02:9C:61:97:4A,0,0,NONE,2026-08-26T00:00:37.521985
45917,BEACON,-62,35,53,94,65172,42708,8357703,0,99,8,0,0,14:33:5C:6D:AF:58,0,0,ARMED,112.0,0,1,80:02:9C:61:97:4B,11,49,915.4,80:02:9C:61:97:4A,0,0,NONE,2026-08-26T00:00:37.591985
45917,,-62,35,0,101,63440,42708,8358319,0,99,8,0,0,14:33:5C:6D:AF:58,0,0,ARMED,112.0,0,0,80:02:9C:61:97:4B,11,6,108.3,80:02:9C:61:97:4A,0,0,NONE,2026-08-26T00:00:38.207985
45917,BEACON,-81,16,0,2212,65172,42708,8358970,0,99,8,0,0,14:33:5C:6D:AF:58,0,0,ARMED,112.0,0,1,80:02:9C:61:97:4B,11,7,76.2,80:02:9C:61:97:4A,0,0,NONE,2026-08-26T00:00:38.858985
45917,BEACON,-94,3,0,326,65172,42708,8359408,0,99,8,0,0,14:33:5C:6D:AF:58,0,0,ARMED,112.0,0,1,80:02:9C:61:97:4B,11,3,163.8,80:02:9C:61:97:4A,0,0,NONE,2026-08-26T00:00:39.296985
45917,,35,35,0,0,65172,42708,8359973,0,99,8,0,0,14:33:5C:6D:AF:58,0,0,ARMED,112.0,0,1,80:02:9C:61:97:4B,11,5,69.9,80:02:9C:61:97:4A,0,0,NONE,2026-08-26T00:00:39.861985
45917,,53,53,0,0,65172,42708,8360472,0,99,8,0,0,14:33:5C:6D:AF:58,0,0,ARMED,112.0,0,1,80:02:9C:61:97:4B,11,5,86.1,80:02:9C:61:97:4A,0,0,NONE,2026-08-26T00:00:40.360985
45917,,-80,17,0,3136,65172,42708,8361020,0,99,8,0,0,14:33:5C:6D:AF:58,0,0,ARMED,112.0,0,1,80:02:9C:61:97:4B,11,5,53.0,80:02:9C:61:97:4A,0,0,NONE,2026-08-26T00:00:40.908985
45917,,-88,9,53,50,65172,42708,8361301,0,99,8,0,0,14:33:5C:6D:AF:58,0,0,ARMED,112.0,0,1,80:02:9C:61:97:4B,11,19,279.5,80:02:9C:61:97:4A,0,0,NONE,2026-08-26T00:00:41.189985
45917,,-59,38,371,513,65172,42708,8361715,0,99,8,0,0,14:33:5C:6D:AF:58,0,0,ARMED,112.0,0,1,80:02:9C:61:97:4B,11,18,249.8,80:02:9C:61:97:4A,0,0,NONE,2026-08-26T00:00:41.603985
45917,,33,33,0,0,65172,42708,8362440,0,99,8,0,0,14:33:5C:6D:AF:58,0,0,ARMED,112.0,0,0,80:02:9C:61:97:4B,11,10,124.8,80:02:9C:61:97:4A,0,0,NONE,2026-08-26T00:00:42.328985
45917,,-59,38,0,3547,65172,42708,8362714,0,99,8,0,0,14:33:5C:6D:AF:58,0,0,ARMED,112.0,0,0,80:02:9C:61:97:4B,11,18,617.2,80:02:9C:61:97:4A,0,0,NONE,2026-08-26T00:00:42.602985
45917,,37,37,0,0,65172,42708,8362797,0,99,8,0,0,14:33:5C:6D:AF:58,0,1,ARMED,112.0,0,1,80:02:9C:61:97:4B,11,12,1274.7,80:02:9C:61:97:4A,0,0,NONE,2026-08-26T00:00:42.685985
45917,,-97,0,0,1236,65172,42708,8363071,0,99,8,0,0,14:33:5C:6D:AF:58,0,0,ARMED,112.0,0,1,80:02:9C:61:97:4B,11,15,190.8,80:02:9C:61:97:4A,0,0,NONE,2026-08-26T00:00:42.959985
45917,,-61,36,292,816,65172,42708,8363521,0,99,8,0,0,14:33:5C:6D:AF:58,0,0,ARMED,112.0,0,0,80:02:9C:61:97:4B,11,9,539.0,80:02:9C:61:97:4A,0,0,NONE,2026-08-26T00:00:43.409985
45917,BEACON,-86,11,0,2131,65172,42708,8364176,0,99,8,0,0,14:33:5C:6D:AF:58,0,0,ARMED,112.0,0,1,80:02:9C:61:97:4B,11,2,37.1,80:02:9C:61:97:4A,0,0,NONE,2026-08-26T00:00:44.064985
45917,,-59,38,472,1876,65172,42708,8364649,0,99,8,0,0,14:33:5C:6D:AF:58,0,0,ARMED,112.0,0,1,80:02:9C:61:97:4B,11,17,1202.3,80:02:9C:61:97:4A,0,0,NONE,2026-08-26T00:00:44.537985
45917,,37,37,0,0,65172,42708,8364709,0,99,8,0,0,14:33:5C:6D:AF:58,0,0,ARMED,112.0,0,0,80:02:9C:61:97:4B,11,67,897.2,80:02:9C:61:97:4A,0,0,NONE,2026-08-26T00:00:44.597985
45917,BEACON,-87,10,0,1056,65172,42708,8365204,0,99,8,0,0,14:33:5C:6D:AF:58,0,0,ARMED,112.0,0,1,80:02:9C:61:97:4B,11,8,139.1,80:02:9C:61:97:4A,0,0,NONE,2026-08-26T00:00:45.092985
45917,,-96,1,0,2019,65172,42708,8365890,0,99,8,0,0,14:33:5C:6D:AF:58,0,0,ARMED,112.0,0,0,80:02:9C:61:97:4B,11,3,115.1,80:02:9C:61:97:4A,0,0,NONE,2026-08-26T00:00:45.778985
45917,BEACON,-87,10,63,242,65172,42708,8366558,0,99,8,0,0,14:33:5C:6D:AF:58,0,0,ARMED,112.0,0,1,80:02:9C:61:97:4B,11,11,136.6,80:02:9C:61:97:4A,0,0,NONE,2026-08-26T00:00:46.446985
45917,,42,42,0,0,65172,42708,8367154,0,99,8,0,0,14:33:5C:6D:AF:58,0,0,ARMED,112.0,0,1,80:02:9C:61:97:4B,11,5,82.2,80:02:9C:61:97:4A,0,0,NONE,2026-08-26T00:00:47.042985
45917,BEACON,-88,9,0,1099,65172,42708,8367592,0,99,8,0,0,14:33:5C:6D:AF:58,0,0,ARMED,112.0,0,1,80:02:9C:61:97:4B,11,5,55.3,80:02:9C:61:97:4A,0,0,NONE,2026-08-26T00:00:47.480985
45917,BEACON,-95,2,0,410,65172,42708,8368010,0,99,8,0,0,14:33:5C:6D:AF:58,0,0,ARMED,112.0,0,1,80:02:9C:61:97:4B,11,3,45.2,80:02:9C:61:97:4A,0,0,NONE,2026-08-26T00:00:47.898985
45917,,54,54,0,0,65172,42708,8368149,0,99,8,0,0,14:33:5C:6D:AF:58,0,1,ARMED,112.0,0,1,80:02:9C:61:97:4B,11,1,1000.0,80:02:9C:61:97:4A,0,0,NONE,2026-08-26T00:00:48.037985
45917,,-61,36,292,914,65172,42708,8368771,0,99,8,0,0,14:33:5C:6D:AF:58,0,0,ARMED,112.0,0,0,80:02:9C:61:97:4B,11,9,1040.2,80:02:9C:61:97:4A,0,0,NONE,2026-08-26T00:00:48.659985
45917,,58,58,0,0,65172,42708,8369146,0,99,8,0,0,14:33:5C:6D:AF:58,0,0,ARMED,112.0,0,0,80:02:9C:61:97:4B,11,12,156.1,80:02:9C:61:97:4A,0,0,NONE,2026-08-26T00:00:49.034985
45917,BEACON,-96,1,0,487,65172,42708,8369447,0,99,8,0,0,14:33:5C:6D:AF:58,0,0,ARMED,112.0,0,0,80:02:9C:61:97:4B,11,6,84.9,80:02:9C:61:97:4A,0,0,NONE,2026-08-26T00:00:49.335985
45917,BEACON,-89,8,0,1122,65172,42708,8369950,0,99,8,0,0,14:33:5C:6D:AF:58,0,0,ARMED,112.0,0,1,80:02:9C:61:97:4B,11,6,97.4,80:02:9C:61:97:4A,0,0,NONE,2026-08-26T00:00:49.838985
45917,,-61,36,1500,933,65172,42708,8370456,0,99,8,0,0,14:33:5C:6D:AF:58,0,0,ARMED,112.0,0,0,80:02:9C:61:97:4B,11,19,345.2,80:02:9C:61:97:4A,0,0,NONE,2026-08-26T00:00:50.344985
45917,BEACON,-60,37,0,235,65172,42708,8371015,0,99,8,0,0,14:33:5C:6D:AF:58,0,0,ARMED,112.0,0,1,80:02:9C:61:97:4B,11,7,68.4,80:02:9C:61:97:4A,0,0,NONE,2026-08-26T00:00:50.903985
45917,,-60,37,292,937,65172,42708,8371552,0,99,8,0,0,14:33:5C:6D:AF:58,0,0,ARMED,112.0,0,0,80:02:9C:61:97:4B,11,4,163.1,80:02:9C:61:97:4A,0,0,NONE,2026-08-26T00:00:51.440985
45917,,-58,39,735,1085,65172,42708,8371609,0,99,8,0,0,14:33:5C:6D:AF:58,0,0,ARMED,112.0,0,1,80:02:9C:61:97:4B,11,54,655.9,80:02:9C:61:97:4A,0,0,NONE,2026-08-26T00:00:51.497985
45917,,58,58,0,0,65172,42708,8372151,0,99,8,0,0,14:33:5C:6D:AF:58,0,0,ARMED,112.0,0,1,80:02:9C:61:97:4B,11,1,131.8,80:02:9C:61:97:4A,0,0,NONE,2026-08-26T00:00:52.039985
45917,BEACON,-95,2,0,518,65172,42708,8372622,0,99,8,0,0,14:33:5C:6D:AF:58,0,0,ARMED,112.0,0,0,80:02:9C:61:97:4B,11,7,99.1,80:02:9C:61:97:4A,0,0,NONE,2026-08-26T00:00:52.510985
45917,,58,58,0,0,65172,42708,8373143,0,99,8,0,0,14:33:5C:6D:AF:58,0,0,ARMED,112.0,0,0,80:02:9C:61:97:4B,11,10,125.4,80:02:9C:61:97:4A,0,0,NONE,2026-08-26T00:00:53.031985
45917,,-61,36,509,978,65172,42708,8373764,0,99,8,0,0,14:33:5C:6D:AF:58,0,0,ARMED,112.0,0,0,80:02:9C:61:97:4B,11,15,173.9,80:02:9C:61:97:4A,0,0,NONE,2026-08-26T00:00:53.652985
45917,BEACON,-63,34,0,270,65172,42708,8374190,0,99,8,0,0,14:33:5C:6D:AF:58,0,0,ARMED,112.0,0,1,80:02:9C:61:97:4B,11,12,187.9,80:02:9C:61:97:4A,0,0,NONE,2026-08-26T00:00:54.078985
45917,,36,36,0,0,65172,42708,8374285,0,99,8,0,0,14:33:5C:6D:AF:58,0,0,ARMED,112.0,0,0,80:02:9C:61:97:4B,11,42,746.5,80:02:9C:61:97:4A,0,0,NONE,2026-08-26T00:00:54.173985
45917,,36,36,0,0,65172,42708,8374498,0,99,8,0,0,14:33:5C:6D:AF:58,0,0,ARMED,112.0,0,0,80:02:9C:61:97:4B,11,7,127.9,80:02:9C:61:97:4A,0,0,NONE,2026-08-26T00:00:54.386985
45917,BEACON,-89,8,0,324,65172,42708,8374955,0,99,8,0,0,14:33:5C:6D:AF:58,0,0,ARMED,112.0,0,1,80:02:9C:61:97:4B,11,5,48.8,80:02:9C:61:97:4A,0,0,NONE,2026-08-26T00:00:54.843985
45917,BEACON,-94,3,109679,480,65172,42708,8375178,0,99,8,0,0,14:33:5C:6D:AF:58,0,0,ARMED,112.0,0,1,80:02:9C:61:97:4B,11,1,54.6,80:02:9C:61:97:4A,0,0,NONE,2026-08-26T00:00:55.066985
45917,BEACON,-94,3,0,485,65172,42708,8375691,0,99,8,0,0,14:33:5C:6D:AF:58,0,0,ARMED,112.0,0,1,80:02:9C:61:97:4B,11,1,76.4,80:02:9C:61:97:4A,0,0,NONE,2026-08-26T00:00:55.579985
45917,BEACON,-82,15,0,2381,65172,42708,8376275,0,99,8,0,0,14:33:5C:6D:AF:58,0,0,ARMED,112.0,0,1,80:02:9C:61:97:4B,11,4,54.2,80:02:9C:61:97:4A,0,0,NONE,2026-08-26T00:00:56.163985
45917,BEACON,-89,8,0,344,65172,42708,8377003,0,99,8,0,0,14:33:5C:6D:AF:58,0,0,ARMED,112.0,0,1,80:02:9C:61:97:4B,11,5,59.4,80:02:9C:61:97:4A,0,0,NONE,2026-08-26T00:00:56.891985
45917,BEACON,-97,0,0,565,65172,42708,8377435,0,99,8,0,0,14:33:5C:6D:AF:58,0,0,ARMED,112.0,0,0,80:02:9C:61:97:4B,11,1,227.4,80:02:9C:61:97:4A,0,0,NONE,2026-08-26T00:00:57.323985
45917,,58,58,0,0,65172,42708,8377613,0,99,8,0,0,14:33:5C:6D:AF:58,0,0,ARMED,112.0,0,0,80:02:9C:61:97:4B,11,38,470.5,80:02:9C:61:97:4A,0,0,NONE,2026-08-26T00:00:57.501985
45917,,-60,37,3414,2637,65172,42708,8377958,0,99,8,0,0,14:33:5C:6D:AF:58,0,0,ARMED,112.0,0,1,80:02:9C:61:97:4B,11,5,432.6,80:02:9C:61:97:4A,0,0,NONE,2026-08-26T00:00:57.846985
45917,,-60,37,1329,1051,65172,42708,8378551,0,99,8,0,0,14:33:5C:6D:AF:58,0,0,ARMED,112.0,0,0,80:02:9C:61:97:4B,11,8,82.5,80:02:9C:61:97:4A,0,0,NONE,2026-08-26T00:00:58.439985
45917,BEACON,-88,9,52,360,65172,42708,8378641,0,99,8,0,0,14:33:5C:6D:AF:58,0,0,ARMED,112.0,0,1,80:02:9C:61:97:4B,11,49,670.4,80:02:9C:61:97:4A,0,0,NONE,2026-08-26T00:00:58.529985
45917,,-87,10,0,162,65172,42708,8379124,0,99,8,0,0,14:33:5C:6D:AF:58,0,0,ARMED,112.0,0,1,80:02:9C:61:97:4B,11,2,104.4,80:02:9C:61:97:4A,0,0,NONE,2026-08-26T00:00:59.012985
45917,BEACON,-81,16,88870,2414,65172,42708,8379655,0,99,8,0,0,14:33:5C:6D:AF:58,0,0,ARMED,112.0,0,1,80:02:9C:61:97:4B,11,3,79.4,80:02:9C:61:97:4A,0,0,NONE,2026-08-26T00:00:59.543985
45917,BEACON,-85,12,82,1201,65172,42708,8380052,0,99,8,0,0,14:33:5C:6D:AF:58,0,0,ARMED,112.0,0,1,80:02:9C:61:97:4B,11,2,76.8,80:02:9C:61:97:4A,0,0,NONE,2026-08-26T00:00:59.940985
45917,BEACON,-81,16,0,2423,65172,42708,8380576,0,99,8,0,0,14:33:5C:6D:AF:58,0,0,ARMED,112.0,0,1,80:02:9C:61:97:4B,11,2,52.6,80:02:9C:61:97:4A,0,0,NONE,2026-08-26T00:01:00.464985
45917,BEACON,-88,9,0,384,65172,42708,8381098,0,99,8,0,0,14:33:5C:6D:AF:58,0,0,ARMED,112.0,0,1,80:02:9C:61:97:4B,11,3,62.3,80:02:9C:61:97:4A,0,0,NONE,2026-08-26T00:01:00.986985
45917,,-60,37,676,1317,65172,42708,8381500,0,99,8,0,0,14:33:5C:6D:AF:58,0,0,ARMED,112.0,0,1,80:02:9C:61:97:4B,11,16,402.6,80:02:9C:61:97:4A,0,0,NONE,2026-08-26T00:01:01.388985
45917,MGMT_OTHER,58,58,0,352,63364,42708,8381872,0,99,8,0,0,14:33:5C:6D:AF:58,0,0,ARMED,112.0,0,1,80:02:9C:61:97:4B,11,3,1308.3,80:02:9C:61:97:4A,0,0,NONE,2026-08-26T00:01:01.760985
45917,BEACON,-95,2,0,548,65172,42708,8382141,0,99,8,0,0,14:33:5C:6D:AF:58,0,1,ARMED,112.0,0,1,80:02:9C:61:97:4B,11,8,117.0,80:02:9C:61:97:4A,0,0,NONE,2026-08-26T00:01:02.029985
45917,,-56,41,13611,2086,65172,42708,8382693,0,99,8,0,0,14:33:5C:6D:AF:58,0,0,ARMED,112.0,0,1,80:02:9C:61:97:4B,11,1,238.2,80:02:9C:61:97:4A,0,0,NONE,2026-08-26T00:01:02.581985
45917,BEACON,-61,36,0,365,65172,42708,8383201,0,99,8,0,0,14:33:5C:6D:AF:58,0,0,ARMED,112.0,0,1,80:02:9C:61:97:4B,11,7,68.4,80:02:9C:61:97:4A,0,0,NONE,2026-08-26T00:01:03.089985
45917,,-87,10,29142,70,65172,42708,8383811,0,99,8,0,0,14:33:5C:6D:AF:58,0,0,ARMED,112.0,0,1,80:02:9C:61:97:4B,11,9,91.8,80:02:9C:61:97:4A,0,0,NONE,2026-08-26T00:01:03.699985
45917,,-61,36,292,1154,65172,42708,8384458,0,99,8,0,0,14:33:5C:6D:AF:58,0,0,ARMED,112.0,0,0,80:02:9C:61:97:4B,11,10,107.7,80:02:9C:61:97:4A,0,0,NONE,2026-08-26T00:01:04.346985
45917,BEACON,-81,16,54,2466,65016,42708,8384979,0,99,8,0,0,14:33:5C:6D:AF:58,0,0,ARMED,112.0,0,1,80:02:9C:61:97:4B,11,16,156.3,80:02:9C:61:97:4A,0,0,NONE,2026-08-26T00:01:04.867985
45917,,-61,36,292,1171,65172,42708,8385443,0,99,8,0,0,14:33:5C:6D:AF:58,0,0,ARMED,112.0,0,0,80:02:9C:61:97:4B,11,12,221.7,80:02:9C:61:97:4A,0,0,NONE,2026-08-26T00:01:05.331985
45917,,-61,36,292,1196,65172,42708,8385600,0,99,8,0,0,14:33:5C:6D:AF:58,0,1,ARMED,112.0,0,0,80:02:9C:61:97:4B,11,8,1253.3,80:02:9C:61:97:4A,0,0,NONE,2026-08-26T00:01:05.488985
45917,BEACON,-82,15,0,2478,65172,42708,8386208,0,99,8,0,0,14:33:5C:6D:AF:58,0,0,ARMED,112.0,0,1,80:02:9C:61:97:4B,11,6,58.6,80:02:9C:61:97:4A,0,0,NONE,2026-08-26T00:01:06.096985
45917,BEACON,-88,9,0,440,65172,42708,8386833,0,99,8,0,0,14:33:5C:6D:AF:58,0,0,ARMED,112.0,0,1,80:02:9C:61:97:4B,11,2,191.2,80:02:9C:61:97:4A,0,0,NONE,2026-08-26T00:01:06.721985
45917,,45,45,0,0,65172,42708,8387402,0,99,8,0,0,14:33:5C:6D:AF:58,0,0,ARMED,112.0,0,0,80:02:9C:61:97:4B,11,9,134.3,80:02:9C:61:97:4A,0,0,NONE,2026-08-26T00:01:07.290985
45917,,-63,34,292,1206,65172,42708,8387713,0,99,8,0,0,14:33:5C:6D:AF:58,0,0,ARMED,112.0,0,0,80:02:9C:61:97:4B,11,18,251.4,80:02:9C:61:97:4A,0,0,NONE,2026-08-26T00:01:07.601985
45917,,36,36,0,0,65172,42708,8387970,0,99,8,0,0,14:33:5C:6D:AF:58,0,0,ARMED,112.0,0,0,80:02:9C:61:97:4B,11,19,896.9,80:02:9C:61:97:4A,0,0,NONE,2026-08-26T00:01:07.858985
45917,BEACON,-88,9,0,1730,65172,42708,8388339,0,99,8,0,0,14:33:5C:6D:AF:58,0,0,ARMED,112.0,0,1,80:02:9C:61:97:4B,11,7,86.3,80:02:9C:61:97:4A,0,0,NONE,2026-08-26T00:01:08.227985
45917,,37,37,0,0,65172,42708,8388639,0,99,8,0,0,14:33:5C:6D:AF:58,0,0,ARMED,112.0,0,0,80:02:9C:61:97:4B,11,24,318.3,80:02:9C:61:97:4A,0,0,NONE,2026-08-26T00:01:08.527985
45917,,-59,38,296,1245,65172,42708,8388940,0,99,8,0,0,14:33:5C:6D:AF:58,0,0,ARMED,112.0,0,0,80:02:9C:61:97:4B,11,29,416.8,80:02:9C:61:97:4A,0,0,NONE,2026-08-26T00:01:08.828985
45917,,-58,39,1022,814,65172,42708,8388979,0,99,8,0,0,14:33:5C:6D:AF:58,0,1,ARMED,112.0,0,1,80:02:9C:61:97:4B,11,4,652.5,80:02:9C:61:97:4A,0,0,NONE,2026-08-26T00:01:08.867985
45917,BEACON,-86,11,0,466,65172,42708,8389495,0,99,8,0,0,14:33:5C:6D:AF:58,0,0,ARMED,112.0,0,1,80:02:9C:61:97:4B,11,1,95.3,80:02:9C:61:97:4A,0,0,NONE,2026-08-26T00:01:09.383985
45917,,-50,47,166,2114,65172,42708,8389821,0,99,8,0,0,14:33:5C:6D:AF:58,0,0,ARMED,112.0,0,0,80:02:9C:61:97:4B,11,22,777.3,80:02:9C:61:97:4A,0,0,NONE,2026-08-26T00:01:09.709985
45917,,-50,47,166,2114,65172,42708,8389821,0,99,8,0,0,14:33:5C:6D:AF:58,0,0,ARMED,112.0,0,0,80:02:9C:61:97:4B,11,22,777.3,80:02:9C:61:97:4A,0,0,NONE,2026-08-26T00:01:09.709985
45917,,-58,39,2168,815,65172,42708,8390151,0,99,8,0,0,14:33:5C:6D:AF:58,0,0,ARMED,112.0,0,1,80:02:9C:61:97:4B,11,17,333.3,80:02:9C:61:97:4A,0,0,NONE,2026-08-26T00:01:10.039985
45917,BEACON,-59,38,0,441,65172,42708,8390472,0,99,8,0,0,14:33:5C:6D:AF:58,0,0,ARMED,112.0,0,1,80:02:9C:61:97:4B,11,3,46.0,80:02:9C:61:97:4A,0,0,NONE,2026-08-26T00:01:10.360985
45917,,-53,44,221,2133,65172,42708,8391050,0,99,8,0,0,14:33:5C:6D:AF:58,0,0,ARMED,112.0,0,0,80:02:9C:61:97:4B,11,17,587.4,80:02:9C:61:97:4A,0,0,NONE,2026-08-26T00:01:10.938985
45917,,-58,39,986,98,65172,42708,8391482,0,99,8,0,0,14:33:5C:6D:AF:58,0,0,ARMED,112.0,0,1,80:02:9C:61:97:4B,11,21,403.9,80:02:9C:61:97:4A,0,0,NONE,2026-08-26T00:01:11.370985
45917,,38,38,0,0,65172,42708,8392169,0,99,8,0,0,14:33:5C:6D:AF:58,0,0,ARMED,112.0,0,1,80:02:9C:61:97:4B,11,6,293.9,80:02:9C:61:97:4A,0,0,NONE,2026-08-26T00:01:12.057985
45917,,-54,43,29451,2145,65172,42708,8392366,0,99,8,0,0,14:33:5C:6D:AF:58,0,0,ARMED,112.0,0,1,80:02:9C:61:97:4B,11,2,144.2,80:02:9C:61:97:4A,0,0,NONE,2026-08-26T00:01:12.254985
45917,,38,38,0,0,65172,42708,8392423,0,99,8,0,0,14:33:5C:6D:AF:58,0,0,ARMED,112.0,0,0,80:02:9C:61:97:4B,11,52,740.1,80:02:9C:61:97:4A,0,0,NONE,2026-08-26T00:01:12.311985
45917,,38,38,0,0,65172,42708,8392652,0,99,8,0,0,14:33:5C:6D:AF:58,0,0,ARMED,112.0,0,1,80:02:9C:61:97:4B,11,25,262.8,80:02:9C:61:97:4A,0,0,NONE,2026-08-26T00:01:12.540985
45917,,46,46,0,0,65172,42708,8392951,0,99,8,0,0,14:33:5C:6D:AF:58,0,0,ARMED,112.0,0,0,80:02:9C:61:97:4B,11,18,206.9,80:02:9C:61:97:4A,0,0,NONE,2026-08-26T00:01:12.839985
45917,,38,38,0,0,65172,42708,8393218,0,99,8,0,0,14:33:5C:6D:AF:58,0,0,ARMED,112.0,0,1,80:02:9C:61:97:4B,11,2,42.9,80:02:9C:61:97:4A,0,0,NONE,2026-08-26T00:01:13.106985
45917,,45,45,0,0,65172,42708,8393347,0,99,8,0,0,14:33:5C:6D:AF:58,0,1,ARMED,112.0,0,0,80:02:9C:61:97:4B,11,22,299.0,80:02:9C:61:97:4A,0,0,NONE,2026-08-26T00:01:13.235985
45917,,38,38,0,0,65172,42708,8393553,0,99,8,0,0,14:33:5C:6D:AF:58,0,0,ARMED,112.0,0,0,80:02:9C:61:97:4B,11,14,187.0,80:02:9C:61:97:4A,0,0,NONE,2026-08-26T00:01:13.441985
45917,PROBE_RESP,-58,39,0,477,65172,42708,8393717,0,99,8,0,0,14:33:5C:6D:AF:58,0,0,ARMED,112.0,0,0,80:02:9C:61:97:4B,11,18,535.5,80:02:9C:61:97:4A,0,0,NONE,2026-08-26T00:01:13.605985
45917,,-48,49,0,2205,65172,42708,8394232,0,99,8,0,0,14:33:5C:6D:AF:58,0,0,ARMED,112.0,0,1,80:02:9C:61:97:4B,11,4,107.7,80:02:9C:61:97:4A,0,0,NONE,2026-08-26T00:01:14.120985
45917,,-59,38,292,1344,65172,42708,8394624,0,99,8,0,0,14:33:5C:6D:AF:58,0,0,ARMED,112.0,0,0,80:02:9C:61:97:4B,11,11,561.7,80:02:9C:61:97:4A,0,0,NONE,2026-08-26T00:01:14.512985
45917,,-88,9,22667,1174,65172,42708,8395317,0,99,8,0,0,14:33:5C:6D:AF:58,0,0,ARMED,112.0,0,1,80:02:9C:61:97:4B,11,8,81.4,80:02:9C:61:97:4A,0,0,NONE,2026-08-26T00:01:15.205985
45917,,-59,38,35351,1360,63364,42708,8395900,0,99,8,0,0,14:33:5C:6D:AF:58,0,0,ARMED,112.0,0,1,80:02:9C:61:97:4B,11,5,74.9,80:02:9C:61:97:4A,0,0,NONE,2026-08-26T00:01:15.788985
45917,BEACON,-86,11,0,1807,65172,42708,8396224,0,99,8,0,0,14:33:5C:6D:AF:58,1,0,ARMED,112.0,0,1,80:02:9C:61:97:4B,11,5,60.2,80:02:9C:61:97:4A,0,0,NONE,2026-08-26T00:01:16.112985
45917,BEACON,-86,11,0,2581,65172,42708,8396755,0,99,8,0,0,14:33:5C:6D:AF:58,0,0,ARMED,112.0,0,1,80:02:9C:61:97:4B,11,9,87.9,80:02:9C:61:97:4A,0,0,NONE,2026-08-26T00:01:16.643985
45917,BEACON,-89,8,0,1390,65172,42708,8397394,0,99,8,0,0,14:33:5C:6D:AF:58,0,0,ARMED,112.0,0,1,80:02:9C:61:97:4B,11,2,83.3,80:02:9C:61:97:4A,0,0,NONE,2026-08-26T00:01:17.282985
45917,,53,53,0,0,65172,42708,8397886,0,99,8,0,0,14:33:5C:6D:AF:58,0,0,ARMED,112.0,0,1,80:02:9C:61:97:4B,11,1,239.8,80:02:9C:61:97:4A,0,0,NONE,2026-08-26T00:01:17.774985
45917,BEACON,-58,39,82,529,65172,42708,8398356,0,99,8,0,0,14:33:5C:6D:AF:58,0,0,ARMED,112.0,0,1,80:02:9C:61:97:4B,11,5,78.8,80:02:9C:61:97:4A,0,0,NONE,2026-08-26T00:01:18.244985
45917,,-61,36,14120,335,65172,42708,8398767,0,99,8,0,0,14:33:5C:6D:AF:58,0,0,ARMED,112.0,0,1,80:02:9C:61:97:4B,11,6,90.5,80:02:9C:61:97:4A,0,0,NONE,2026-08-26T00:01:18.655985
45917,,-60,37,292,1412,65172,42708,8399260,0,99,8,0,0,14:33:5C:6D:AF:58,0,0,ARMED,112.0,0,0,80:02:9C:61:97:4B,11,7,147.4,80:02:9C:61:97:4A,0,0,NONE,2026-08-26T00:01:19.148985
45917,,-43,54,57944,2245,65172,42708,8399384,0,99,8,0,0,14:33:5C:6D:AF:58,0,1,ARMED,112.0,0,1,80:02:9C:61:97:4B,11,19,274.4,80:02:9C:61:97:4A,0,0,NONE,2026-08-26T00:01:19.272985
45917,,38,38,0,0,65172,42708,8399653,0,99,8,0,0,14:33:5C:6D:AF:58,0,0,ARMED,112.0,0,0,80:02:9C:61:97:4B,11,29,932.7,80:02:9C:61:97:4A,0,0,NONE,2026-08-26T00:01:19.541985
45917,,-61,36,17514,2253,65172,42708,8400255,0,99,8,0,0,14:33:5C:6D:AF:58,0,0,ARMED,112.0,0,1,80:02:9C:61:97:4B,11,3,169.0,80:02:9C:61:97:4A,0,0,NONE,2026-08-26T00:01:20.143985
45917,,-49,48,4433,2255,65172,42708,8400968,0,99,8,0,0,14:33:5C:6D:AF:58,0,0,ARMED,112.0,0,1,80:02:9C:61:97:4B,11,8,646.8,80:02:9C:61:97:4A,0,0,NONE,2026-08-26T00:01:20.856985
45917,,40,40,0,0,65172,42708,8401118,0,99,8,0,0,14:33:5C:6D:AF:58,0,1,ARMED,112.0,0,0,80:02:9C:61:97:4B,11,25,400.9,80:02:9C:61:97:4A,0,0,NONE,2026-08-26T00:01:21.006985
45917,,40,40,0,0,65172,42708,8401253,0,99,8,0,0,14:33:5C:6D:AF:58,0,1,ARMED,112.0,0,0,80:02:9C:61:97:4B,11,28,296.0,80:02:9C:61:97:4A,0,0,NONE,2026-08-26T00:01:21.141985
45917,,-50,47,0,2268,65172,42708,8401335,0,99,8,0,0,14:33:5C:6D:AF:58,0,1,ARMED,112.0,0,1,80:02:9C:61:97:4B,11,44,589.2,80:02:9C:61:97:4A,0,0,NONE,2026-08-26T00:01:21.223985
45917,,-50,47,20637,2273,65172,42708,8401476,0,99,8,0,0,14:33:5C:6D:AF:58,0,1,ARMED,112.0,0,1,80:02:9C:61:97:4B,11,2,223.4,80:02:9C:61:97:4A,0,0,NONE,2026-08-26T00:01:21.364985
45917,,45,45,0,0,65172,42708,8401552,0,99,8,0,0,14:33:5C:6D:AF:58,0,1,ARMED,112.0,0,0,80:02:9C:61:97:4B,11,52,610.5,80:02:9C:61:97:4A,0,0,NONE,2026-08-26T00:01:21.440985
45917,,-51,46,18175,2279,65172,42708,8401653,0,99,8,0,0,14:33:5C:6D:AF:58,0,1,ARMED,112.0,0,0,80:02:9C:61:97:4B,11,49,576.7,80:02:9C:61:97:4A,0,0,NONE,2026-08-26T00:01:21.541985
45917,,-51,46,0,2288,65172,42708,8401935,0,99,8,0,0,14:33:5C:6D:AF:58,0,0,ARMED,112.0,0,1,80:02:9C:61:97:4B,11,13,216.2,80:02:9C:61:97:4A,0,0,NONE,2026-08-26T00:01:21.823985
45917,,45,45,0,0,65172,42708,8402379,0,99,8,0,0,14:33:5C:6D:AF:58,0,0,ARMED,112.0,0,0,80:02:9C:61:97:4B,11,19,200.5,80:02:9C:61:97:4A,0,0,NONE,2026-08-26T00:01:22.267985
45917,,39,39,0,0,65172,42708,8402441,0,99,8,0,0,14:33:5C:6D:AF:58,0,0,ARMED,112.0,0,0,80:02:9C:61:97:4B,11,47,874.5,80:02:9C:61:97:4A,0,0,NONE,2026-08-26T00:01:22.329985
45917,,39,39,0,0,65172,42708,8402535,0,99,8,0,0,14:33:5C:6D:AF:58,0,1,ARMED,112.0,0,0,80:02:9C:61:97:4B,11,31,683.5,80:02:9C:61:97:4A,0,0,NONE,2026-08-26T00:01:22.423985
45917,,46,46,0,0,65172,42708,8402660,0,99,8,0,0,14:33:5C:6D:AF:58,0,1,ARMED,112.0,0,0,80:02:9C:61:97:4B,11,35,511.0,80:02:9C:61:97:4A,0,0,NONE,2026-08-26T00:01:22.548985
45917,,45,45,0,0,65172,42708,8402718,0,99,8,0,0,14:33:5C:6D:AF:58,0,1,ARMED,112.0,0,0,80:02:9C:61:97:4B,11,12,513.5,80:02:9C:61:97:4A,0,0,NONE,2026-08-26T00:01:22.606985
45917,,37,37,0,0,65172,42708,8402866,0,99,8,0,0,14:33:5C:6D:AF:58,0,1,ARMED,112.0,0,0,80:02:9C:61:97:4B,11,24,346.7,80:02:9C:61:97:4A,0,0,NONE,2026-08-26T00:01:22.754985
45917,,-59,38,1075,1474,65172,42708,8402935,0,99,8,0,0,14:33:5C:6D:AF:58,0,1,ARMED,112.0,0,1,80:02:9C:61:97:4B,11,30,839.4,80:02:9C:61:97:4A,0,0,NONE,2026-08-26T00:01:22.823985
45917,,-59,38,292,1490,65172,42708,8403014,0,99,8,0,0,14:33:5C:6D:AF:58,0,1,ARMED,112.0,0,0,80:02:9C:61:97:4B,11,8,642.2,80:02:9C:61:97:4A,0,0,NONE,2026-08-26T00:01:22.902985
45917,,37,37,0,0,65172,42708,8403164,0,99,8,0,0,14:33:5C:6D:AF:58,0,1,ARMED,112.0,0,0,80:02:9C:61:97:4B,11,17,282.8,80:02:9C:61:97:4A,0,0,NONE,2026-08-26T00:01:23.052985
45917,,38,38,0,0,65172,42708,8403404,0,99,8,0,0,14:33:5C:6D:AF:58,0,0,ARMED,112.0,0,0,80:02:9C:61:97:4B,11,23,245.5,80:02:9C:61:97:4A,0,0,NONE,2026-08-26T00:01:23.292985
45917,,38,38,0,0,65172,42708,8403551,0,99,8,0,0,14:33:5C:6D:AF:58,0,1,ARMED,112.0,0,1,80:02:9C:61:97:4B,11,3,109.7,80:02:9C:61:97:4A,0,0,NONE,2026-08-26T00:01:23.439985
45917,,39,39,0,0,65172,42708,8403754,0,99,8,0,0,14:33:5C:6D:AF:58,0,0,ARMED,112.0,0,0,80:02:9C:61:97:4B,11,8,311.8,80:02:9C:61:97:4A,0,0,NONE,2026-08-26T00:01:23.642985
45917,,43,43,0,0,65172,42708,8403887,0,99,8,0,0,14:33:5C:6D:AF:58,0,1,ARMED,112.0,0,1,80:02:9C:61:97:4B,11,20,355.5,80:02:9C:61:97:4A,0,0,NONE,2026-08-26T00:01:23.775985
45917,,42,42,0,0,65172,42708,8404012,0,99,8,0,0,14:33:5C:6D:AF:58,0,1,ARMED,112.0,0,0,80:02:9C:61:97:4B,11,32,398.5,80:02:9C:61:97:4A,0,0,NONE,2026-08-26T00:01:23.900985
45917,,39,39,0,0,65172,42708,8404148,0,99,8,0,0,14:33:5C:6D:AF:58,0,1,ARMED,112.0,0,0,80:02:9C:61:97:4B,11,10,1000.0,80:02:9C:61:97:4A,0,0,NONE,2026-08-26T00:01:24.036985
45917,,39,39,0,0,65172,42708,8404328,0,99,8,0,0,14:33:5C:6D:AF:58,0,1,ARMED,112.0,0,0,80:02:9C:61:97:4B,11,23,263.7,80:02:9C:61:97:4A,0,0,NONE,2026-08-26T00:01:24.216985
45917,BEACON,-86,11,0,612,65172,42708,8404445,0,99,8,0,0,14:33:5C:6D:AF:58,0,0,ARMED,112.0,0,1,80:02:9C:61:97:4B,11,49,532.4,80:02:9C:61:97:4A,0,0,NONE,2026-08-26T00:01:24.333985
45917,,42,42,0,0,65172,42708,8404506,0,99,8,0,0,14:33:5C:6D:AF:58,0,1,ARMED,112.0,0,0,80:02:9C:61:97:4B,11,35,680.1,80:02:9C:61:97:4A,0,0,NONE,2026-08-26T00:01:24.394985
45917,,-53,44,0,2376,65172,42708,8404606,0,99,8,0,0,14:33:5C:6D:AF:58,0,1,ARMED,112.0,0,1,80:02:9C:61:97:4B,11,21,537.8,80:02:9C:61:97:4A,0,0,NONE,2026-08-26T00:01:24.494985
45917,,-59,38,0,3,65172,42708,8404713,0,99,8,0,0,14:33:5C:6D:AF:58,0,1,ARMED,112.0,0,0,80:02:9C:61:97:4B,11,6,135.6,80:02:9C:61:97:4A,0,0,NONE,2026-08-26T00:01:24.601985
45917,BEACON,-87,10,82,2558,65172,42708,8405034,0,99,8,0,0,14:33:5C:6D:AF:58,0,0,ARMED,112.0,0,1,80:02:9C:61:97:4B,11,11,495.0,80:02:9C:61:97:4A,0,0,NONE,2026-08-26T00:01:24.922985
45917,,38,38,0,0,65172,42708,8405230,0,99,8,0,0,14:33:5C:6D:AF:58,0,0,ARMED,112.0,0,0,80:02:9C:61:97:4B,11,6,451.5,80:02:9C:61:97:4A,0,0,NONE,2026-08-26T00:01:25.118985
45917,,38,38,0,0,65172,42708,8405230,0,99,8,0,0,14:33:5C:6D:AF:58,0,0,ARMED,112.0,0,0,80:02:9C:61:97:4B,11,6,451.5,80:02:9C:61:97:4A,0,0,NONE,2026-08-26T00:01:25.118985
45917,,43,43,0,0,65172,42708,8405359,0,99,8,0,0,14:33:5C:6D:AF:58,0,1,ARMED,112.0,0,1,80:02:9C:61:97:4B,11,7,174.0,80:02:9C:61:97:4A,0,0,NONE,2026-08-26T00:01:25.247985
45917,,-55,42,18268,2411,65172,42708,8405645,0,99,8,0,0,14:33:5C:6D:AF:58,0,1,ARMED,112.0,0,0,80:02:9C:61:97:4B,11,2,108.7,80:02:9C:61:97:4A,0,0,NONE,2026-08-26T00:01:25.533985
45917,BEACON,-88,9,82,1901,65172,42708,8405849,0,99,8,0,0,14:33:5C:6D:AF:58,0,1,ARMED,112.0,0,1,80:02:9C:61:97:4B,11,2,108.9,80:02:9C:61:97:4A,0,0,NONE,2026-08-26T00:01:25.737985
45917,,44,44,0,0,65172,42708,8406019,0,99,8,0,0,14:33:5C:6D:AF:58,0,1,ARMED,112.0,0,0,80:02:9C:61:97:4B,11,22,258.3,80:02:9C:61:97:4A,0,0,NONE,2026-08-26T00:01:25.907985
45917,,-59,38,1803,1415,65172,42708,8406374,0,99,8,0,0,14:33:5C:6D:AF:58,0,0,ARMED,112.0,0,1,80:02:9C:61:97:4B,11,29,301.8,80:02:9C:61:97:4A,0,0,NONE,2026-08-26T00:01:26.262985
45917,,-59,38,292,1555,65172,42708,8406500,0,99,8,0,0,14:33:5C:6D:AF:58,0,1,ARMED,112.0,0,0,80:02:9C:61:97:4B,11,10,1517.5,80:02:9C:61:97:4A,0,0,NONE,2026-08-26T00:01:26.388985
45917,BEACON,-87,10,0,1464,65172,42708,8406984,0,99,8,0,0,14:33:5C:6D:AF:58,0,0,ARMED,112.0,0,1,80:02:9C:61:97:4B,11,4,49.6,80:02:9C:61:97:4A,0,0,NONE,2026-08-26T00:01:26.872985
45917,,37,37,0,0,65172,42708,8407316,0,99,8,0,0,14:33:5C:6D:AF:58,0,0,ARMED,112.0,0,0,80:02:9C:61:97:4B,11,2,552.6,80:02:9C:61:97:4A,0,0,NONE,2026-08-26T00:01:27.204985
45917,,37,37,0,0,65172,42708,8407683,0,99,8,0,0,14:33:5C:6D:AF:58,0,0,ARMED,112.0,0,0,80:02:9C:61:97:4B,11,14,221.4,80:02:9C:61:97:4A,0,0,NONE,2026-08-26T00:01:27.571985
45917,,43,43,0,0,65172,42708,8407904,0,99,8,0,0,14:33:5C:6D:AF:58,0,0,ARMED,112.0,0,0,80:02:9C:61:97:4B,11,28,354.5,80:02:9C:61:97:4A,0,0,NONE,2026-08-26T00:01:27.792985
45917,,43,43,0,0,65172,42708,8408011,0,99,8,0,0,14:33:5C:6D:AF:58,0,1,ARMED,112.0,0,0,80:02:9C:61:97:4B,11,43,529.7,80:02:9C:61:97:4A,0,0,NONE,2026-08-26T00:01:27.899985
45917,,43,43,0,0,65172,42708,8408129,0,99,8,0,0,14:33:5C:6D:AF:58,0,1,ARMED,112.0,0,1,80:02:9C:61:97:4B,11,37,458.1,80:02:9C:61:97:4A,0,0,NONE,2026-08-26T00:01:28.017985
45917,BEACON,-62,35,0,646,65172,42708,8408187,0,99,8,0,0,14:33:5C:6D:AF:58,0,1,ARMED,112.0,0,1,80:02:9C:61:97:4B,11,38,973.2,80:02:9C:61:97:4A,0,0,NONE,2026-08-26T00:01:28.075985
45917,,42,42,0,0,65172,42708,8408316,0,99,8,0,0,14:33:5C:6D:AF:58,0,1,ARMED,112.0,0,0,80:02:9C:61:97:4B,11,29,474.9,80:02:9C:61:97:4A,0,0,NONE,2026-08-26T00:01:28.204985
45917,BEACON,-62,35,0,648,65172,42708,8408393,0,99,8,0,0,14:33:5C:6D:AF:58,0,1,ARMED,112.0,0,1,80:02:9C:61:97:4B,11,8,349.2,80:02:9C:61:97:4A,0,0,NONE,2026-08-26T00:01:28.281985
45917,,36,36,0,0,65172,42708,8408536,0,99,8,0,0,14:33:5C:6D:AF:58,0,1,ARMED,112.0,0,0,80:02:9C:61:97:4B,11,30,515.0,80:02:9C:61:97:4A,0,0,NONE,2026-08-26T00:01:28.424985
45917,BEACON,-88,9,54,653,65172,42708,8408644,0,99,8,0,0,14:33:5C:6D:AF:58,0,1,ARMED,112.0,0,1,80:02:9C:61:97:4B,11,32,619.4,80:02:9C:61:97:4A,0,0,NONE,2026-08-26T00:01:28.532985
45917,,36,36,0,0,65172,42708,8408664,0,99,8,0,0,14:33:5C:6D:AF:58,0,1,ARMED,112.0,0,0,80:02:9C:61:97:4B,11,82,1148.8,80:02:9C:61:97:4A,0,0,NONE,2026-08-26T00:01:28.552985
45917,,-61,36,17898,2495,65172,42708,8408892,0,99,8,0,0,14:33:5C:6D:AF:58,0,0,ARMED,112.0,0,0,80:02:9C:61:97:4B,11,13,135.0,80:02:9C:61:97:4A,0,0,NONE,2026-08-26T00:01:28.780985
45917,,37,37,0,0,65172,42708,8409016,0,99,8,0,0,14:33:5C:6D:AF:58,0,1,ARMED,112.0,0,0,80:02:9C:61:97:4B,11,16,1548.3,80:02:9C:61:97:4A,0,0,NONE,2026-08-26T00:01:28.904985
45917,,36,36,0,0,65172,42708,8409077,0,99,8,0,0,14:33:5C:6D:AF:58,0,1,ARMED,112.0,0,0,80:02:9C:61:97:4B,11,66,924.5,80:02:9C:61:97:4A,0,0,NONE,2026-08-26T00:01:28.965985
45917,,57,57,0,0,65172,42708,8409142,0,99,8,0,0,14:33:5C:6D:AF:58,0,1,ARMED,112.0,0,0,80:02:9C:61:97:4B,11,26,798.7,80:02:9C:61:97:4A,0,0,NONE,2026-08-26T00:01:29.030985
45917,BEACON,-61,36,33889,660,65100,42708,8409415,0,99,8,0,0,14:33:5C:6D:AF:58,0,0,ARMED,112.0,0,1,80:02:9C:61:97:4B,11,9,87.9,80:02:9C:61:97:4A,0,0,NONE,2026-08-26T00:01:29.303985
45917,,-59,38,371,338,65172,42708,8409752,0,99,8,0,0,14:33:5C:6D:AF:58,0,0,ARMED,112.0,0,1,80:02:9C:61:97:4B,11,14,471.9,80:02:9C:61:97:4A,0,0,NONE,2026-08-26T00:01:29.640985
45917,,37,37,0,0,65172,42708,8410044,0,99,8,0,0,14:33:5C:6D:AF:58,0,0,ARMED,112.0,0,1,80:02:9C:61:97:4B,11,2,140.6,80:02:9C:61:97:4A,0,0,NONE,2026-08-26T00:01:29.932985
45917,,37,37,0,0,65172,42708,8410164,0,99,8,0,0,14:33:5C:6D:AF:58,0,1,ARMED,112.0,0,1,80:02:9C:61:97:4B,11,7,206.3,80:02:9C:61:97:4A,0,0,NONE,2026-08-26T00:01:30.052985
45917,BEACON,-87,10,0,671,65172,42708,8410487,0,99,8,0,0,14:33:5C:6D:AF:58,0,0,ARMED,112.0,0,1,80:02:9C:61:97:4B,11,8,166.4,80:02:9C:61:97:4A,0,0,NONE,2026-08-26T00:01:30.375985
45917,BEACON,-94,3,0,2235,65172,42708,8410934,0,99,8,0,0,14:33:5C:6D:AF:58,0,0,ARMED,112.0,0,1,80:02:9C:61:97:4B,11,9,105.5,80:02:9C:61:97:4A,0,0,NONE,2026-08-26T00:01:30.822985
45917,,57,57,0,0,65172,42708,8411127,0,99,8,0,0,14:33:5C:6D:AF:58,0,0,ARMED,112.0,0,0,80:02:9C:61:97:4B,11,36,490.4,80:02:9C:61:97:4A,0,0,NONE,2026-08-26T00:01:31.015985
45917,,38,38,0,0,65172,42708,8411220,0,99,8,0,0,14:33:5C:6D:AF:58,0,1,ARMED,112.0,0,0,80:02:9C:61:97:4B,11,30,469.9,80:02:9C:61:97:4A,0,0,NONE,2026-08-26T00:01:31.108985
45917,,38,38,0,0,65172,42708,8411284,0,99,8,0,0,14:33:5C:6D:AF:58,0,1,ARMED,112.0,0,0,80:02:9C:61:97:4B,11,25,948.7,80:02:9C:61:97:4A,0,0,NONE,2026-08-26T00:01:31.172985
45917,,44,44,0,0,65172,42708,8411473,0,99,8,0,0,14:33:5C:6D:AF:58,0,0,ARMED,112.0,0,0,80:02:9C:61:97:4B,11,5,506.2,80:02:9C:61:97:4A,0,0,NONE,2026-08-26T00:01:31.361985
45917,BEACON,-82,15,0,2727,65172,42708,8411706,0,99,8,0,0,14:33:5C:6D:AF:58,0,0,ARMED,112.0,0,1,80:02:9C:61:97:4B,11,5,132.4,80:02:9C:61:97:4A,0,0,NONE,2026-08-26T00:01:31.594985
45917,,41,41,0,0,65172,42708,8412072,0,99,8,0,0,14:33:5C:6D:AF:58,0,0,ARMED,112.0,0,0,80:02:9C:61:97:4B,11,28,289.0,80:02:9C:61:97:4A,0,0,NONE,2026-08-26T00:01:31.960985
45917,,42,42,0,0,65172,42708,8412155,0,99,8,0,0,14:33:5C:6D:AF:58,0,1,ARMED,112.0,0,0,80:02:9C:61:97:4B,11,49,853.8,80:02:9C:61:97:4A,0,0,NONE,2026-08-26T00:01:32.043985
45917,BEACON,-87,10,82,1966,65172,42708,8412505,0,99,8,0,0,14:33:5C:6D:AF:58,0,0,ARMED,112.0,0,1,80:02:9C:61:97:4B,11,8,96.4,80:02:9C:61:97:4A,0,0,NONE,2026-08-26T00:01:32.393985
45917,BEACON,-57,40,179,695,65172,42708,8412794,0,99,8,0,0,14:33:5C:6D:AF:58,0,0,ARMED,112.0,0,1,80:02:9C:61:97:4B,11,8,123.3,80:02:9C:61:97:4A,0,0,NONE,2026-08-26T00:01:32.682985
45917,,-57,40,380,1041,65172,42708,8413156,0,99,8,0,0,14:33:5C:6D:AF:58,0,0,ARMED,112.0,0,1,80:02:9C:61:97:4B,11,15,891.3,80:02:9C:61:97:4A,0,0,NONE,2026-08-26T00:01:33.044985
45917,BEACON,-84,13,0,2743,65172,42708,8413345,0,99,8,0,0,14:33:5C:6D:AF:58,0,0,ARMED,112.0,0,1,80:02:9C:61:97:4B,11,23,221.4,80:02:9C:61:97:4A,0,0,NONE,2026-08-26T00:01:33.233985
45917,,-52,45,5399,2621,65172,42708,8413838,0,99,8,0,0,14:33:5C:6D:AF:58,0,0,ARMED,112.0,0,0,80:02:9C:61:97:4B,11,8,94.3,80:02:9C:61:97:4A,0,0,NONE,2026-08-26T00:01:33.726985
45917,,37,37,0,0,65172,42708,8414251,0,99,8,0,0,14:33:5C:6D:AF:58,0,0,ARMED,112.0,0,0,80:02:9C:61:97:4B,11,21,238.4,80:02:9C:61:97:4A,0,0,NONE,2026-08-26T00:01:34.139985
45917,,44,44,0,0,65172,42708,8414336,0,99,8,0,0,14:33:5C:6D:AF:58,0,1,ARMED,112.0,0,0,80:02:9C:61:97:4B,11,32,463.1,80:02:9C:61:97:4A,0,0,NONE,2026-08-26T00:01:34.224985
45917,,38,38,0,0,65172,42708,8415009,0,99,8,0,0,14:33:5C:6D:AF:58,0,0,ARMED,112.0,0,1,80:02:9C:61:97:4B,11,3,114.4,80:02:9C:61:97:4A,0,0,NONE,2026-08-26T00:01:34.897985
45917,,42,42,0,0,65172,42708,8415185,0,99,8,0,0,14:33:5C:6D:AF:58,0,1,ARMED,112.0,0,0,80:02:9C:61:97:4B,11,42,419.4,80:02:9C:61:97:4A,0,0,NONE,2026-08-26T00:01:35.073985
45917,,42,42,0,0,65172,42708,8415291,0,99,8,0,0,14:33:5C:6D:AF:58,0,1,ARMED,112.0,0,0,80:02:9C:61:97:4B,11,3,516.3,80:02:9C:61:97:4A,0,0,NONE,2026-08-26T00:01:35.179985
45917,,-60,37,292,1676,65172,42708,8415562,0,99,8,0,0,14:33:5C:6D:AF:58,0,0,ARMED,112.0,0,0,80:02:9C:61:97:4B,11,11,162.2,80:02:9C:61:97:4A,0,0,NONE,2026-08-26T00:01:35.450985
45917,,38,38,0,0,65172,42708,8415954,0,99,8,0,0,14:33:5C:6D:AF:58,0,0,ARMED,112.0,0,0,80:02:9C:61:97:4B,11,5,99.8,80:02:9C:61:97:4A,0,0,NONE,2026-08-26T00:01:35.842985
45917,,-87,10,0,3212,65172,42708,8416117,0,99,8,0,0,14:33:5C:6D:AF:58,0,0,ARMED,112.0,0,0,80:02:9C:61:97:4B,11,4,481.4,80:02:9C:61:97:4A,0,0,NONE,2026-08-26T00:01:36.005985
45917,PROBE_RESP,-96,1,82,390,65172,42708,8416416,0,99,8,0,0,14:33:5C:6D:AF:58,0,0,ARMED,112.0,0,1,80:02:9C:61:97:4B,11,9,88.2,80:02:9C:61:97:4A,0,0,NONE,2026-08-26T00:01:36.304985
45917,,-58,39,292,1717,65172,42708,8416624,0,99,8,0,0,14:33:5C:6D:AF:58,0,1,ARMED,112.0,0,0,80:02:9C:61:97:4B,11,5,1507.4,80:02:9C:61:97:4A,0,0,NONE,2026-08-26T00:01:36.512985
