pen,subtype,rssi,snr,ipat,seq,heap,minheap,uptime,reconn,qpeak,udpfail,backlog,dropped,host_mac,pred_attack,pred_raw,calib,calib_thr,deauth_tgt,seq_jump,ap_bssid,channel,win_pkts,win_dens,win_deauth,win_probe,win_beacon,win_auth,gw_mac,gw_flip,label,attack_type,timestamp
45917,BEACON,-93,4,0,480,65288,37148,11468727,0,100,163767,0,0,14:33:5C:6D:AF:58,0,0,ARMED,72.0,0,1,80:02:9C:61:97:4B,11,2,73.8,,,,,80:02:9C:61:97:4A,0,0,NONE,2026-08-26T16:59:30.809385
45917,,-61,36,2579,1625,65288,37148,11469052,0,100,163767,0,0,14:33:5C:6D:AF:58,0,0,ARMED,72.0,0,0,80:02:9C:61:97:4B,11,17,380.8,,,,,80:02:9C:61:97:4A,0,0,NONE,2026-08-26T16:59:31.134385
45917,,-91,6,16174,0,65288,37148,11469224,0,100,163767,0,0,14:33:5C:6D:AF:58,0,0,ARMED,72.0,0,0,80:02:9C:61:97:4B,11,1,86.0,,,,,80:02:9C:61:97:4A,0,0,NONE,2026-08-26T16:59:31.305228
45917,BEACON,-57,40,3864,1211,65288,37148,11469622,0,100,163767,0,0,14:33:5C:6D:AF:58,0,0,ARMED,72.0,0,1,80:02:9C:61:97:4B,11,11,107.4,,,,,80:02:9C:61:97:4A,0,0,NONE,2026-08-26T16:59:31.703228
45917,BEACON,-90,7,0,2856,65288,37148,11470101,0,100,163767,0,0,14:33:5C:6D:AF:58,0,0,ARMED,72.0,0,1,80:02:9C:61:97:4B,11,7,96.9,,,,,80:02:9C:61:97:4A,0,0,NONE,2026-08-26T16:59:32.181329
45917,BEACON,-90,7,0,3574,65288,37148,11470527,0,100,163767,0,0,14:33:5C:6D:AF:58,0,0,ARMED,72.0,0,1,80:02:9C:61:97:4B,11,8,92.7,,,,,80:02:9C:61:97:4A,0,0,NONE,2026-08-26T16:59:32.607329
45917,,-91,6,1712,0,65288,37148,11470974,0,100,163767,0,0,14:33:5C:6D:AF:58,0,0,ARMED,72.0,0,0,80:02:9C:61:97:4B,11,3,126.3,,,,,80:02:9C:61:97:4A,0,0,NONE,2026-08-26T16:59:33.054329
45917,,-53,44,419,802,65288,37148,11471347,0,100,163767,0,0,14:33:5C:6D:AF:58,0,0,ARMED,72.0,0,1,80:02:9C:61:97:4B,11,18,206.0,,,,,80:02:9C:61:97:4A,0,0,NONE,2026-08-26T16:59:33.427329
45917,BEACON,-85,12,42841,65,65288,37148,11471727,0,100,163767,0,0,14:33:5C:6D:AF:58,0,0,ARMED,72.0,0,1,80:02:9C:61:97:4B,11,2,34.6,,,,,80:02:9C:61:97:4A,0,0,NONE,2026-08-26T16:59:33.807329
45917,BEACON,-96,1,0,567,65288,37148,11471970,0,100,163767,0,0,14:33:5C:6D:AF:58,0,0,ARMED,72.0,0,1,80:02:9C:61:97:4B,11,29,297.0,,,,,80:02:9C:61:97:4A,0,0,NONE,2026-08-26T16:59:34.050329
45917,,4,4,0,0,65288,37148,11472465,0,100,163767,0,0,14:33:5C:6D:AF:58,0,0,ARMED,72.0,0,1,80:02:9C:61:97:4B,11,5,301.8,,,,,80:02:9C:61:97:4A,0,0,NONE,2026-08-26T16:59:34.545329
45917,,-52,45,2830,842,65288,37148,11472643,0,100,163767,0,0,14:33:5C:6D:AF:58,0,0,ARMED,72.0,0,1,80:02:9C:61:97:4B,11,39,419.4,,,,,80:02:9C:61:97:4A,0,0,NONE,2026-08-26T16:59:34.723329
45917,,-92,5,22130,3309,65288,37148,11472973,0,100,163767,0,0,14:33:5C:6D:AF:58,0,0,ARMED,72.0,0,1,80:02:9C:61:97:4B,11,16,168.2,,,,,80:02:9C:61:97:4A,0,0,NONE,2026-08-26T16:59:35.053329
45917,,-91,6,8289,0,65288,37148,11473318,0,100,163767,0,0,14:33:5C:6D:AF:58,0,0,ARMED,72.0,0,0,80:02:9C:61:97:4B,11,4,155.6,,,,,80:02:9C:61:97:4A,0,0,NONE,2026-08-26T16:59:35.398329
45917,,-91,6,6107,2226,65288,37148,11473759,0,100,163767,0,0,14:33:5C:6D:AF:58,0,0,ARMED,72.0,0,1,80:02:9C:61:97:4B,11,7,121.1,,,,,80:02:9C:61:97:4A,0,0,NONE,2026-08-26T16:59:35.839329
45917,MGMT_OTHER,-94,3,819,0,65288,37148,11474123,0,100,163767,0,0,14:33:5C:6D:AF:58,0,0,ARMED,72.0,0,0,80:02:9C:61:97:4B,11,3,255.0,,,,,80:02:9C:61:97:4A,0,0,NONE,2026-08-26T16:59:36.203329
45917,BEACON,-84,13,32421,92,65288,37148,11474492,0,100,163767,0,0,14:33:5C:6D:AF:58,0,0,ARMED,72.0,0,1,80:02:9C:61:97:4B,11,8,108.3,,,,,80:02:9C:61:97:4A,0,0,NONE,2026-08-26T16:59:36.572329
45917,,-92,5,624,0,65288,37148,11474716,0,100,163767,0,0,14:33:5C:6D:AF:58,0,0,ARMED,72.0,0,0,80:02:9C:61:97:4B,11,19,204.4,,,,,80:02:9C:61:97:4A,0,0,NONE,2026-08-26T16:59:36.796329
45917,BEACON,-57,40,0,1269,65288,37148,11475049,0,100,163767,0,0,14:33:5C:6D:AF:58,0,0,ARMED,72.0,0,1,80:02:9C:61:97:4B,11,1,482.6,,,,,80:02:9C:61:97:4A,0,0,NONE,2026-08-26T16:59:37.129329
45917,BEACON,-90,7,0,2908,65288,37148,11475426,0,100,163767,0,0,14:33:5C:6D:AF:58,0,0,ARMED,72.0,0,1,80:02:9C:61:97:4B,11,13,185.3,,,,,80:02:9C:61:97:4A,0,0,NONE,2026-08-26T16:59:37.506329
45917,MGMT_OTHER,-90,7,10023,0,65288,37148,11475593,0,100,163767,0,0,14:33:5C:6D:AF:58,0,1,ARMED,72.0,0,0,80:02:9C:61:97:4B,11,5,157.7,,,,,80:02:9C:61:97:4A,0,0,NONE,2026-08-26T16:59:37.673329
45917,BEACON,-57,40,259,1278,65288,37148,11475868,0,100,163767,0,0,14:33:5C:6D:AF:58,0,0,ARMED,72.0,0,1,80:02:9C:61:97:4B,11,18,175.8,,,,,80:02:9C:61:97:4A,0,0,NONE,2026-08-26T16:59:37.948329
45917,,-52,45,759,865,65288,37148,11476083,0,100,163767,0,0,14:33:5C:6D:AF:58,0,0,ARMED,72.0,0,0,80:02:9C:61:97:4B,11,15,1438.0,,,,,80:02:9C:61:97:4A,0,0,NONE,2026-08-26T16:59:38.163329
45917,BEACON,-95,2,0,555,65288,37148,11476252,0,100,163767,0,0,14:33:5C:6D:AF:58,1,1,ARMED,72.0,0,1,80:02:9C:61:97:4B,11,7,91.6,,,,,80:02:9C:61:97:4A,0,0,NONE,2026-08-26T16:59:38.331793
45917,BEACON,-89,8,0,3633,65288,37148,11476569,0,100,163767,0,0,14:33:5C:6D:AF:58,0,0,ARMED,72.0,0,1,80:02:9C:61:97:4B,11,10,115.8,,,,,80:02:9C:61:97:4A,0,0,NONE,2026-08-26T16:59:38.648793
45917,,-49,48,4972,1975,65288,37148,11476738,0,100,163767,0,0,14:33:5C:6D:AF:58,0,1,ARMED,72.0,0,1,80:02:9C:61:97:4B,11,12,238.3,,,,,80:02:9C:61:97:4A,0,0,NONE,2026-08-26T16:59:38.817486
45917,,-51,46,4782,1980,65288,37148,11476881,0,100,163767,0,0,14:33:5C:6D:AF:58,0,0,ARMED,72.0,0,1,80:02:9C:61:97:4B,11,38,415.5,,,,,80:02:9C:61:97:4A,0,0,NONE,2026-08-26T16:59:38.960486
45917,,-53,44,0,2850,65288,37148,11477016,0,100,163767,0,0,14:33:5C:6D:AF:58,0,0,ARMED,72.0,0,1,80:02:9C:61:97:4B,11,20,928.4,,,,,80:02:9C:61:97:4A,0,0,NONE,2026-08-26T16:59:39.095486
45917,BEACON,-90,7,0,2925,65288,37148,11477171,0,100,163767,0,0,14:33:5C:6D:AF:58,0,1,ARMED,72.0,0,1,80:02:9C:61:97:4B,11,17,221.9,,,,,80:02:9C:61:97:4A,0,0,NONE,2026-08-26T16:59:39.250486
45917,,-50,47,9630,939,65288,37148,11477348,0,100,163767,0,0,14:33:5C:6D:AF:58,1,1,ARMED,72.0,0,0,80:02:9C:61:97:4B,11,11,215.3,,,,,80:02:9C:61:97:4A,0,0,NONE,2026-08-26T16:59:39.427486
45917,,-51,46,0,2886,65288,37148,11477454,0,100,163767,0,0,14:33:5C:6D:AF:58,1,1,ARMED,72.0,0,0,80:02:9C:61:97:4B,11,33,597.6,,,,,80:02:9C:61:97:4A,0,0,NONE,2026-08-26T16:59:39.533486
45917,,-90,7,692,0,65288,37148,11477557,0,100,163767,0,0,14:33:5C:6D:AF:58,0,1,ARMED,72.0,0,0,80:02:9C:61:97:4B,11,31,551.0,,,,,80:02:9C:61:97:4A,0,0,NONE,2026-08-26T16:59:39.636486
45917,BEACON,-88,9,81,2930,65288,37148,11477679,0,100,163767,0,0,14:33:5C:6D:AF:58,1,1,ARMED,72.0,0,1,80:02:9C:61:97:4B,11,35,470.2,,,,,80:02:9C:61:97:4A,0,0,NONE,2026-08-26T16:59:39.758486
45917,,-58,39,0,951,65288,37148,11477818,0,100,163767,0,0,14:33:5C:6D:AF:58,1,1,ARMED,72.0,0,1,80:02:9C:61:97:4B,11,7,695.3,,,,,80:02:9C:61:97:4A,0,0,NONE,2026-08-26T16:59:39.897486
45917,BEACON,-87,10,0,3249,65288,37148,11477990,0,100,163767,0,0,14:33:5C:6D:AF:58,0,1,ARMED,72.0,0,1,80:02:9C:61:97:4B,11,25,316.2,,,,,80:02:9C:61:97:4A,0,0,NONE,2026-08-26T16:59:40.069486
45917,,-58,39,565,2023,65288,37148,11478154,0,100,163767,0,0,14:33:5C:6D:AF:58,0,0,ARMED,72.0,0,1,80:02:9C:61:97:4B,11,9,227.7,,,,,80:02:9C:61:97:4A,0,0,NONE,2026-08-26T16:59:40.233486
45917,,-51,46,9349,2033,65288,37148,11478422,0,100,163767,0,0,14:33:5C:6D:AF:58,0,0,ARMED,72.0,0,1,80:02:9C:61:97:4B,11,1,1000.0,,,,,80:02:9C:61:97:4A,0,0,NONE,2026-08-26T16:59:40.501486
45917,,-50,47,5431,2037,65288,37148,11478634,0,100,163767,0,0,14:33:5C:6D:AF:58,0,1,ARMED,72.0,0,1,80:02:9C:61:97:4B,11,3,443.3,,,,,80:02:9C:61:97:4A,0,0,NONE,2026-08-26T16:59:40.713486
45917,,43,43,0,0,65288,37148,11478778,0,100,163767,0,0,14:33:5C:6D:AF:58,0,1,ARMED,72.0,0,0,80:02:9C:61:97:4B,11,10,231.3,,,,,80:02:9C:61:97:4A,0,0,NONE,2026-08-26T16:59:40.857486
45917,,7,7,0,0,65288,37148,11478930,0,100,163767,0,0,14:33:5C:6D:AF:58,1,1,ARMED,72.0,0,0,80:02:9C:61:97:4B,11,28,302.0,,,,,80:02:9C:61:97:4A,0,0,NONE,2026-08-26T16:59:41.009486
45917,,-84,13,0,2497,65288,37148,11479126,0,100,163767,0,0,14:33:5C:6D:AF:58,1,1,ARMED,72.0,0,0,80:02:9C:61:97:4B,11,13,179.4,,,,,80:02:9C:61:97:4A,0,0,NONE,2026-08-26T16:59:41.205486
45917,BEACON,-87,10,0,3263,65288,37148,11479427,0,100,163767,0,0,14:33:5C:6D:AF:58,0,0,ARMED,72.0,0,1,80:02:9C:61:97:4B,11,13,200.7,,,,,80:02:9C:61:97:4A,0,0,NONE,2026-08-26T16:59:41.506486
45917,,-62,35,584,1808,65288,37148,11479532,0,100,163767,0,0,14:33:5C:6D:AF:58,0,0,ARMED,72.0,0,0,80:02:9C:61:97:4B,11,36,513.2,,,,,80:02:9C:61:97:4A,0,0,NONE,2026-08-26T16:59:41.611486
45917,,43,43,0,0,65288,37148,11479640,0,100,163767,0,0,14:33:5C:6D:AF:58,0,1,ARMED,72.0,0,0,80:02:9C:61:97:4B,11,22,285.7,,,,,80:02:9C:61:97:4A,0,0,NONE,2026-08-26T16:59:41.719486
45917,,-89,8,15431,0,65288,37148,11479852,0,100,163767,0,0,14:33:5C:6D:AF:58,0,1,ARMED,72.0,0,0,80:02:9C:61:97:4B,11,10,131.9,,,,,80:02:9C:61:97:4A,0,0,NONE,2026-08-26T16:59:41.931486
45917,,-86,11,0,3093,65288,37148,11480142,0,100,163767,0,0,14:33:5C:6D:AF:58,0,0,ARMED,72.0,0,0,80:02:9C:61:97:4B,11,6,425.3,,,,,80:02:9C:61:97:4A,0,0,NONE,2026-08-26T16:59:42.221486
45917,,43,43,0,0,65288,37148,11480369,0,100,163767,0,0,14:33:5C:6D:AF:58,1,1,ARMED,72.0,0,1,80:02:9C:61:97:4B,11,6,165.7,,,,,80:02:9C:61:97:4A,0,0,NONE,2026-08-26T16:59:42.448486
45917,BEACON,-86,11,82,152,65288,37148,11480638,0,100,163767,0,0,14:33:5C:6D:AF:58,1,1,ARMED,72.0,0,1,80:02:9C:61:97:4B,11,30,298.3,,,,,80:02:9C:61:97:4A,0,0,NONE,2026-08-26T16:59:42.717486
45917,BEACON,-95,2,0,2359,65288,37148,11480982,0,100,163767,0,0,14:33:5C:6D:AF:58,0,0,ARMED,72.0,0,1,80:02:9C:61:97:4B,11,6,171.6,,,,,80:02:9C:61:97:4A,0,0,NONE,2026-08-26T16:59:43.061486
45917,PROBE_REQ,-89,8,0,346,65288,37148,11481344,0,100,163767,0,0,14:33:5C:6D:AF:58,0,0,ARMED,72.0,0,1,80:02:9C:61:97:4B,11,24,314.3,,,,,80:02:9C:61:97:4A,0,0,NONE,2026-08-26T16:59:43.423486
45917,BEACON,-85,12,0,1857,65288,37148,11481562,0,100,163767,0,0,14:33:5C:6D:AF:58,1,1,ARMED,72.0,0,1,80:02:9C:61:97:4B,11,17,196.6,,,,,80:02:9C:61:97:4A,0,0,NONE,2026-08-26T16:59:43.641486
45917,,-53,44,1047,931,65288,37148,11481727,0,100,163767,0,0,14:33:5C:6D:AF:58,1,0,ARMED,72.0,0,0,80:02:9C:61:97:4B,11,20,397.5,,,,,80:02:9C:61:97:4A,0,0,NONE,2026-08-26T16:59:43.806486
45917,BEACON,-87,10,11236,2973,65288,37148,11482082,0,100,163767,0,0,14:33:5C:6D:AF:58,0,0,ARMED,72.0,0,1,80:02:9C:61:97:4B,11,13,127.2,,,,,80:02:9C:61:97:4A,0,0,NONE,2026-08-26T16:59:44.161486
45917,BEACON,-84,13,0,1826,65288,37148,11482385,0,100,163767,0,0,14:33:5C:6D:AF:58,0,0,ARMED,72.0,0,1,80:02:9C:61:97:4B,11,15,153.5,,,,,80:02:9C:61:97:4A,0,0,NONE,2026-08-26T16:59:44.464486
45917,,-89,8,1033,0,65288,37148,11482622,0,100,163767,0,0,14:33:5C:6D:AF:58,1,1,ARMED,72.0,0,0,80:02:9C:61:97:4B,11,4,338.5,,,,,80:02:9C:61:97:4A,0,0,NONE,2026-08-26T16:59:44.701486
45917,,35,35,0,0,65288,37148,11482800,0,100,163767,0,0,14:33:5C:6D:AF:58,1,1,ARMED,72.0,0,0,80:02:9C:61:97:4B,11,27,317.7,,,,,80:02:9C:61:97:4A,0,0,NONE,2026-08-26T16:59:44.879486
45917,,-60,37,16675,1847,65288,37148,11483026,0,100,163767,0,0,14:33:5C:6D:AF:58,0,1,ARMED,72.0,0,1,80:02:9C:61:97:4B,11,9,91.2,,,,,80:02:9C:61:97:4A,0,0,NONE,2026-08-26T16:59:45.105486
45917,BEACON,-86,11,0,1873,65288,37148,11483098,0,100,163767,0,0,14:33:5C:6D:AF:58,0,0,ARMED,72.0,0,1,80:02:9C:61:97:4B,11,49,717.2,,,,,80:02:9C:61:97:4A,0,0,NONE,2026-08-26T16:59:45.177486
45917,BEACON,-57,40,1408,1365,65288,37148,11483446,0,100,163767,0,0,14:33:5C:6D:AF:58,0,0,ARMED,72.0,0,1,80:02:9C:61:97:4B,11,2,335.7,,,,,80:02:9C:61:97:4A,0,0,NONE,2026-08-26T16:59:45.525486
45917,,39,39,0,0,65288,37148,11483595,0,100,163767,0,0,14:33:5C:6D:AF:58,0,1,ARMED,72.0,0,0,80:02:9C:61:97:4B,11,14,262.5,,,,,80:02:9C:61:97:4A,0,0,NONE,2026-08-26T16:59:45.674486
45917,,39,39,0,0,65288,37148,11483714,0,100,163767,0,0,14:33:5C:6D:AF:58,0,1,ARMED,72.0,0,0,80:02:9C:61:97:4B,11,25,360.7,,,,,80:02:9C:61:97:4A,0,0,NONE,2026-08-26T16:59:45.793486
45917,BEACON,-89,8,0,3704,65288,37148,11483839,0,100,163767,0,0,14:33:5C:6D:AF:58,0,1,ARMED,72.0,0,1,80:02:9C:61:97:4B,11,31,336.1,,,,,80:02:9C:61:97:4A,0,0,NONE,2026-08-26T16:59:45.918486
45917,BEACON,-91,6,0,2394,65288,37148,11483952,0,100,163767,0,0,14:33:5C:6D:AF:58,0,1,ARMED,72.0,0,1,80:02:9C:61:97:4B,11,49,568.9,,,,,80:02:9C:61:97:4A,0,0,NONE,2026-08-26T16:59:46.031486
45917,,36,36,0,0,65288,37148,11484126,0,100,163767,0,0,14:33:5C:6D:AF:58,0,1,ARMED,72.0,0,0,80:02:9C:61:97:4B,11,18,313.9,,,,,80:02:9C:61:97:4A,0,0,NONE,2026-08-26T16:59:46.205486
45917,BEACON,-94,3,82,1244,65288,37148,11484346,0,100,163767,0,0,14:33:5C:6D:AF:58,0,1,ARMED,72.0,0,1,80:02:9C:61:97:4B,11,9,133.9,,,,,80:02:9C:61:97:4A,0,0,NONE,2026-08-26T16:59:46.425486
45917,BEACON,-90,7,0,3203,65288,37148,11484534,0,100,163767,0,0,14:33:5C:6D:AF:58,0,1,ARMED,72.0,0,1,80:02:9C:61:97:4B,11,11,202.0,,,,,80:02:9C:61:97:4A,0,0,NONE,2026-08-26T16:59:46.613486
45917,,-53,44,6067,971,65288,37148,11484892,0,100,163767,0,0,14:33:5C:6D:AF:58,0,0,ARMED,72.0,0,1,80:02:9C:61:97:4B,11,12,115.5,,,,,80:02:9C:61:97:4A,0,0,NONE,2026-08-26T16:59:46.971486
45917,BEACON,-57,40,20186,1385,65288,37148,11485391,0,100,163767,0,0,14:33:5C:6D:AF:58,0,0,ARMED,72.0,0,1,80:02:9C:61:97:4B,11,7,132.4,,,,,80:02:9C:61:97:4A,0,0,NONE,2026-08-26T16:59:47.470486
45917,BEACON,-84,13,0,1910,65288,37148,11485658,0,100,163767,0,0,14:33:5C:6D:AF:58,0,1,ARMED,72.0,0,1,80:02:9C:61:97:4B,11,1,255.1,,,,,80:02:9C:61:97:4A,0,0,NONE,2026-08-26T16:59:47.737486
45917,,-57,40,0,1391,63556,37148,11485904,0,100,163767,0,0,14:33:5C:6D:AF:58,0,0,ARMED,72.0,0,0,80:02:9C:61:97:4B,11,17,370.2,,,,,80:02:9C:61:97:4A,0,0,NONE,2026-08-26T16:59:47.983486
45917,,31,31,0,0,65288,37148,11486136,0,100,163767,0,0,14:33:5C:6D:AF:58,0,0,ARMED,72.0,0,0,80:02:9C:61:97:4B,11,20,274.8,,,,,80:02:9C:61:97:4A,0,0,NONE,2026-08-26T16:59:48.215486
45917,BEACON,-88,9,0,3728,65288,37148,11486297,0,100,163767,0,0,14:33:5C:6D:AF:58,0,0,ARMED,72.0,0,1,80:02:9C:61:97:4B,11,7,238.9,,,,,80:02:9C:61:97:4A,0,0,NONE,2026-08-26T16:59:48.376486
45917,,-53,44,3225,991,65288,37148,11486427,0,100,163767,0,0,14:33:5C:6D:AF:58,0,0,ARMED,72.0,0,1,80:02:9C:61:97:4B,11,41,725.4,,,,,80:02:9C:61:97:4A,0,0,NONE,2026-08-26T16:59:48.506486
45917,BEACON,-89,8,0,2420,65288,37148,11486614,0,100,163767,0,0,14:33:5C:6D:AF:58,0,0,ARMED,72.0,0,1,80:02:9C:61:97:4B,11,16,420.1,,,,,80:02:9C:61:97:4A,0,0,NONE,2026-08-26T16:59:48.693486
45917,,-88,9,12532,0,65288,37148,11486915,0,100,163767,0,0,14:33:5C:6D:AF:58,0,0,ARMED,72.0,0,0,80:02:9C:61:97:4B,11,8,246.1,,,,,80:02:9C:61:97:4A,0,0,NONE,2026-08-26T16:59:48.994486
45917,,-89,8,46226,0,65288,37148,11487331,0,100,163767,0,0,14:33:5C:6D:AF:58,0,0,ARMED,72.0,0,0,80:02:9C:61:97:4B,11,8,203.6,,,,,80:02:9C:61:97:4A,0,0,NONE,2026-08-26T16:59:49.410486
45917,MGMT_OTHER,-89,8,282,0,65288,37148,11487570,0,100,163767,0,0,14:33:5C:6D:AF:58,0,0,ARMED,72.0,0,0,80:02:9C:61:97:4B,11,30,414.3,,,,,80:02:9C:61:97:4A,0,0,NONE,2026-08-26T16:59:49.649486
45917,BEACON,-88,9,0,3742,65288,37148,11487730,0,100,163767,0,0,14:33:5C:6D:AF:58,1,1,ARMED,72.0,0,1,80:02:9C:61:97:4B,11,6,275.4,,,,,80:02:9C:61:97:4A,0,0,NONE,2026-08-26T16:59:49.809486
45917,,67,67,0,0,65288,37148,11488024,0,100,163767,0,0,14:33:5C:6D:AF:58,0,0,ARMED,72.0,0,0,80:02:9C:61:97:4B,11,5,457.6,,,,,80:02:9C:61:97:4A,0,0,NONE,2026-08-26T16:59:50.103486
45917,,-59,38,21233,2221,65288,37148,11488329,0,100,163767,0,0,14:33:5C:6D:AF:58,0,0,ARMED,72.0,0,1,80:02:9C:61:97:4B,11,2,340.5,,,,,80:02:9C:61:97:4A,0,0,NONE,2026-08-26T16:59:50.408486
45917,MGMT_OTHER,-90,7,0,0,65288,37148,11488486,0,100,163767,0,0,14:33:5C:6D:AF:58,0,0,ARMED,72.0,0,0,80:02:9C:61:97:4B,11,30,493.6,,,,,80:02:9C:61:97:4A,0,0,NONE,2026-08-26T16:59:50.565486
45917,,43,43,0,0,65288,37148,11488589,0,100,163767,0,0,14:33:5C:6D:AF:58,0,1,ARMED,72.0,0,0,80:02:9C:61:97:4B,11,30,488.5,,,,,80:02:9C:61:97:4A,0,0,NONE,2026-08-26T16:59:50.668486
45917,,43,43,0,0,65288,37148,11488688,0,100,163767,0,0,14:33:5C:6D:AF:58,0,1,ARMED,72.0,0,0,80:02:9C:61:97:4B,11,28,472.0,,,,,80:02:9C:61:97:4A,0,0,NONE,2026-08-26T16:59:50.767486
45917,,44,44,0,0,65288,37148,11488747,0,100,163767,0,0,14:33:5C:6D:AF:58,0,1,ARMED,72.0,0,0,80:02:9C:61:97:4B,11,8,564.1,,,,,80:02:9C:61:97:4A,0,0,NONE,2026-08-26T16:59:50.826486
45917,,-89,8,0,645,65288,37148,11488812,0,100,163767,0,0,14:33:5C:6D:AF:58,0,1,ARMED,72.0,0,1,80:02:9C:61:97:4B,11,58,727.0,,,,,80:02:9C:61:97:4A,0,0,NONE,2026-08-26T16:59:50.891486
45917,,-91,6,0,0,65288,37148,11488900,0,100,163767,0,0,14:33:5C:6D:AF:58,0,1,ARMED,72.0,0,0,80:02:9C:61:97:4B,11,37,552.9,,,,,80:02:9C:61:97:4A,0,0,NONE,2026-08-26T16:59:50.979486
45917,,43,43,0,0,65288,37148,11488986,0,100,163767,0,0,14:33:5C:6D:AF:58,0,1,ARMED,72.0,0,1,80:02:9C:61:97:4B,11,42,812.6,,,,,80:02:9C:61:97:4A,0,0,NONE,2026-08-26T16:59:51.065486
45917,,38,38,0,0,65288,37148,11489052,0,100,163767,0,0,14:33:5C:6D:AF:58,0,1,ARMED,72.0,0,0,80:02:9C:61:97:4B,11,10,656.9,,,,,80:02:9C:61:97:4A,0,0,NONE,2026-08-26T16:59:51.131486
45917,BEACON,-93,4,0,2445,65288,37148,11489175,0,100,163767,0,0,14:33:5C:6D:AF:58,0,1,ARMED,72.0,0,1,80:02:9C:61:97:4B,11,9,242.1,,,,,80:02:9C:61:97:4A,0,0,NONE,2026-08-26T16:59:51.254486
45917,,43,43,0,0,65288,37148,11489287,0,100,163767,0,0,14:33:5C:6D:AF:58,0,1,ARMED,72.0,0,0,80:02:9C:61:97:4B,11,22,448.2,,,,,80:02:9C:61:97:4A,0,0,NONE,2026-08-26T16:59:51.366486
45917,,38,38,0,0,65288,37148,11489375,0,100,163767,0,0,14:33:5C:6D:AF:58,0,1,ARMED,72.0,0,0,80:02:9C:61:97:4B,11,25,719.2,,,,,80:02:9C:61:97:4A,0,0,NONE,2026-08-26T16:59:51.454486
45917,,36,36,0,0,65288,37148,11489553,0,100,163767,0,0,14:33:5C:6D:AF:58,0,0,ARMED,72.0,0,1,80:02:9C:61:97:4B,11,2,256.1,,,,,80:02:9C:61:97:4A,0,0,NONE,2026-08-26T16:59:51.632486
45917,,-89,8,205,0,65288,37148,11489707,0,100,163767,0,0,14:33:5C:6D:AF:58,0,0,ARMED,72.0,0,0,80:02:9C:61:97:4B,11,26,424.9,,,,,80:02:9C:61:97:4A,0,0,NONE,2026-08-26T16:59:51.786486
45917,,3,3,0,0,65288,37148,11489800,0,100,163767,0,0,14:33:5C:6D:AF:58,1,1,ARMED,72.0,0,1,80:02:9C:61:97:4B,11,18,355.6,,,,,80:02:9C:61:97:4A,0,0,NONE,2026-08-26T16:59:51.879486
45917,,-54,43,439,1022,65288,37148,11489853,0,100,163767,0,0,14:33:5C:6D:AF:58,1,1,ARMED,72.0,0,1,80:02:9C:61:97:4B,11,10,3127.9,,,,,80:02:9C:61:97:4A,0,0,NONE,2026-08-26T16:59:51.932486
45917,BEACON,-91,6,2070,0,65288,37148,11489996,0,100,163767,0,0,14:33:5C:6D:AF:58,0,1,ARMED,72.0,0,0,80:02:9C:61:97:4B,11,11,265.9,,,,,80:02:9C:61:97:4A,0,0,NONE,2026-08-26T16:59:52.075486
45917,,-89,8,1573,3107,65288,37148,11490304,0,100,163767,0,0,14:33:5C:6D:AF:58,0,0,ARMED,72.0,0,1,80:02:9C:61:97:4B,11,10,236.2,,,,,80:02:9C:61:97:4A,0,0,NONE,2026-08-26T16:59:52.383486
45917,,41,41,0,0,65288,37148,11490458,0,100,163767,0,0,14:33:5C:6D:AF:58,1,1,ARMED,72.0,0,0,80:02:9C:61:97:4B,11,27,286.3,,,,,80:02:9C:61:97:4A,0,0,NONE,2026-08-26T16:59:52.537486
45917,,43,43,0,0,65240,37148,11490615,0,100,163767,0,0,14:33:5C:6D:AF:58,0,1,ARMED,72.0,0,0,80:02:9C:61:97:4B,11,16,548.4,,,,,80:02:9C:61:97:4A,0,0,NONE,2026-08-26T16:59:52.694486
45917,BEACON,-91,6,0,2463,65288,37148,11490710,0,100,163767,0,0,14:33:5C:6D:AF:58,0,1,ARMED,72.0,0,1,80:02:9C:61:97:4B,11,11,523.0,,,,,80:02:9C:61:97:4A,0,0,NONE,2026-08-26T16:59:52.789486
45917,,-89,8,0,0,65288,37148,11490942,0,100,163767,0,0,14:33:5C:6D:AF:58,0,0,ARMED,72.0,0,0,80:02:9C:61:97:4B,11,18,367.1,,,,,80:02:9C:61:97:4A,0,0,NONE,2026-08-26T16:59:53.021486
45917,,44,44,0,0,65288,37148,11491101,0,100,163767,0,0,14:33:5C:6D:AF:58,0,1,ARMED,72.0,0,0,80:02:9C:61:97:4B,11,24,243.6,,,,,80:02:9C:61:97:4A,0,0,NONE,2026-08-26T16:59:53.180486
45917,,44,44,0,0,65288,37148,11491162,0,100,163767,0,0,14:33:5C:6D:AF:58,0,0,ARMED,72.0,0,0,80:02:9C:61:97:4B,11,49,1409.1,,,,,80:02:9C:61:97:4A,0,0,NONE,2026-08-26T16:59:53.241486
45917,,42,42,0,0,65288,37148,11491222,0,100,163767,0,0,14:33:5C:6D:AF:58,0,0,ARMED,72.0,0,0,80:02:9C:61:97:4B,11,99,1050.8,,,,,80:02:9C:61:97:4A,0,0,NONE,2026-08-26T16:59:53.301486
45917,MGMT_OTHER,-89,8,0,0,65288,37148,11491343,0,100,163767,0,0,14:33:5C:6D:AF:58,0,1,ARMED,72.0,0,0,80:02:9C:61:97:4B,11,49,467.8,,,,,80:02:9C:61:97:4A,0,0,NONE,2026-08-26T16:59:53.422486
45917,,43,43,0,0,65288,37148,11491424,0,100,163767,0,0,14:33:5C:6D:AF:58,0,1,ARMED,72.0,0,0,80:02:9C:61:97:4B,11,50,614.8,,,,,80:02:9C:61:97:4A,0,0,NONE,2026-08-26T16:59:53.503486
45917,,44,44,0,0,65288,37148,11491531,0,100,163767,0,0,14:33:5C:6D:AF:58,0,1,ARMED,72.0,0,0,80:02:9C:61:97:4B,11,44,521.7,,,,,80:02:9C:61:97:4A,0,0,NONE,2026-08-26T16:59:53.610486
45917,,-89,8,16660,0,65288,37148,11491632,0,100,163767,0,0,14:33:5C:6D:AF:58,0,1,ARMED,72.0,0,0,80:02:9C:61:97:4B,11,40,470.0,,,,,80:02:9C:61:97:4A,0,0,NONE,2026-08-26T16:59:53.711486
45917,,-60,37,292,1998,65288,37148,11491687,0,100,163767,0,0,14:33:5C:6D:AF:58,0,1,ARMED,72.0,0,0,80:02:9C:61:97:4B,11,49,1297.7,,,,,80:02:9C:61:97:4A,0,0,NONE,2026-08-26T16:59:53.766486
45917,,43,43,0,0,65288,37148,11491777,0,100,163767,0,0,14:33:5C:6D:AF:58,1,1,ARMED,72.0,0,0,80:02:9C:61:97:4B,11,19,797.3,,,,,80:02:9C:61:97:4A,0,0,NONE,2026-08-26T16:59:53.856486
45917,,-89,8,0,0,65288,37148,11491880,0,100,163767,0,0,14:33:5C:6D:AF:58,1,1,ARMED,72.0,0,0,80:02:9C:61:97:4B,11,13,486.1,,,,,80:02:9C:61:97:4A,0,0,NONE,2026-08-26T16:59:53.959486
45917,,43,43,0,0,65288,37148,11491957,0,100,163767,0,0,14:33:5C:6D:AF:58,0,1,ARMED,72.0,0,0,80:02:9C:61:97:4B,11,1,569.5,,,,,80:02:9C:61:97:4A,0,0,NONE,2026-08-26T16:59:54.036486
45917,BEACON,-89,8,82,2476,65288,37148,11492041,0,100,163767,0,0,14:33:5C:6D:AF:58,0,1,ARMED,72.0,0,1,80:02:9C:61:97:4B,11,51,592.8,,,,,80:02:9C:61:97:4A,0,0,NONE,2026-08-26T16:59:54.120486
45917,,42,42,0,0,65288,37148,11492131,0,100,163767,0,0,14:33:5C:6D:AF:58,0,1,ARMED,72.0,0,0,80:02:9C:61:97:4B,11,44,598.9,,,,,80:02:9C:61:97:4A,0,0,NONE,2026-08-26T16:59:54.210486
45917,,43,43,0,0,65288,37148,11492202,0,100,163767,0,0,14:33:5C:6D:AF:58,0,1,ARMED,72.0,0,0,80:02:9C:61:97:4B,11,20,734.3,,,,,80:02:9C:61:97:4A,0,0,NONE,2026-08-26T16:59:54.281486
45917,,42,42,0,0,65288,37148,11492269,0,100,163767,0,0,14:33:5C:6D:AF:58,0,1,ARMED,72.0,0,0,80:02:9C:61:97:4B,11,70,741.7,,,,,80:02:9C:61:97:4A,0,0,NONE,2026-08-26T16:59:54.348486
45917,,45,45,0,0,65288,37148,11492444,0,100,163767,0,0,14:33:5C:6D:AF:58,0,0,ARMED,72.0,0,1,80:02:9C:61:97:4B,11,23,405.2,,,,,80:02:9C:61:97:4A,0,0,NONE,2026-08-26T16:59:54.523486
45917,,-63,34,291,2004,65288,37148,11492590,0,100,163767,0,0,14:33:5C:6D:AF:58,0,1,ARMED,72.0,0,0,80:02:9C:61:97:4B,11,35,424.6,,,,,80:02:9C:61:97:4A,0,0,NONE,2026-08-26T16:59:54.669486
45917,,44,44,0,0,65288,37148,11492671,0,100,163767,0,0,14:33:5C:6D:AF:58,1,1,ARMED,72.0,0,1,80:02:9C:61:97:4B,11,43,684.6,,,,,80:02:9C:61:97:4A,0,0,NONE,2026-08-26T16:59:54.750486
45917,,43,43,0,0,65288,37148,11492787,0,100,163767,0,0,14:33:5C:6D:AF:58,1,1,ARMED,72.0,0,0,80:02:9C:61:97:4B,11,31,394.4,,,,,80:02:9C:61:97:4A,0,0,NONE,2026-08-26T16:59:54.866486
45917,BEACON,-57,40,108,1466,65288,37148,11492867,0,100,163767,0,0,14:33:5C:6D:AF:58,1,1,ARMED,72.0,0,1,80:02:9C:61:97:4B,11,34,595.5,,,,,80:02:9C:61:97:4A,0,0,NONE,2026-08-26T16:59:54.946486
45917,,42,42,0,0,65288,37148,11492933,0,100,163767,0,0,14:33:5C:6D:AF:58,1,1,ARMED,72.0,0,0,80:02:9C:61:97:4B,11,24,1030.4,,,,,80:02:9C:61:97:4A,0,0,NONE,2026-08-26T16:59:55.012486
45917,,-51,46,0,424,65288,37148,11492991,0,100,163767,0,0,14:33:5C:6D:AF:58,1,1,ARMED,72.0,0,1,80:02:9C:61:97:4B,11,74,912.2,,,,,80:02:9C:61:97:4A,0,0,NONE,2026-08-26T16:59:55.070486
45917,,46,46,0,0,65288,37148,11493075,0,100,163767,0,0,14:33:5C:6D:AF:58,1,1,ARMED,72.0,0,1,80:02:9C:61:97:4B,11,42,654.9,,,,,80:02:9C:61:97:4A,0,0,NONE,2026-08-26T16:59:55.154486
45917,,-49,48,17041,2379,65288,37148,11493255,0,100,163767,0,0,14:33:5C:6D:AF:58,0,1,ARMED,72.0,0,1,80:02:9C:61:97:4B,11,8,249.0,,,,,80:02:9C:61:97:4A,0,0,NONE,2026-08-26T16:59:55.334486
45917,,43,43,0,0,65288,37148,11493376,0,100,163767,0,0,14:33:5C:6D:AF:58,1,1,ARMED,72.0,0,0,80:02:9C:61:97:4B,11,21,407.7,,,,,80:02:9C:61:97:4A,0,0,NONE,2026-08-26T16:59:55.455486
45917,,7,7,0,0,65288,37148,11493469,0,100,163767,0,0,14:33:5C:6D:AF:58,1,1,ARMED,72.0,0,0,80:02:9C:61:97:4B,11,9,269.7,,,,,80:02:9C:61:97:4A,0,0,NONE,2026-08-26T16:59:55.548486
45917,BEACON,-92,5,0,730,65288,37148,11493712,0,100,163767,0,0,14:33:5C:6D:AF:58,0,0,ARMED,72.0,0,1,80:02:9C:61:97:4B,11,15,209.7,,,,,80:02:9C:61:97:4A,0,0,NONE,2026-08-26T16:59:55.791486
45917,BEACON,-95,2,0,2495,65288,37148,11493987,0,100,163767,0,0,14:33:5C:6D:AF:58,0,0,ARMED,72.0,0,1,80:02:9C:61:97:4B,11,6,154.9,,,,,80:02:9C:61:97:4A,0,0,NONE,2026-08-26T16:59:56.066486
45917,BEACON,-90,7,0,3807,65288,37148,11494386,0,100,163767,0,0,14:33:5C:6D:AF:58,0,0,ARMED,72.0,0,1,80:02:9C:61:97:4B,11,3,105.4,,,,,80:02:9C:61:97:4A,0,0,NONE,2026-08-26T16:59:56.465486
45917,BEACON,-85,12,0,2010,65288,37148,11494771,0,100,163767,0,0,14:33:5C:6D:AF:58,0,0,ARMED,72.0,0,1,80:02:9C:61:97:4B,11,1,258.5,,,,,80:02:9C:61:97:4A,0,0,NONE,2026-08-26T16:59:56.850486
45917,,47,47,0,0,65288,37148,11494935,0,100,163767,0,0,14:33:5C:6D:AF:58,0,0,ARMED,72.0,0,0,80:02:9C:61:97:4B,11,35,539.5,,,,,80:02:9C:61:97:4A,0,0,NONE,2026-08-26T16:59:57.014486
45917,,43,43,0,0,65288,37148,11494991,0,100,163767,0,0,14:33:5C:6D:AF:58,0,1,ARMED,72.0,0,0,80:02:9C:61:97:4B,11,9,486.7,,,,,80:02:9C:61:97:4A,0,0,NONE,2026-08-26T16:59:57.070486
45917,,44,44,0,0,65288,37148,11495063,0,100,163767,0,0,14:33:5C:6D:AF:58,0,1,ARMED,72.0,0,0,80:02:9C:61:97:4B,11,59,651.8,,,,,80:02:9C:61:97:4A,0,0,NONE,2026-08-26T16:59:57.142486
45917,,43,43,0,0,65288,37148,11495123,0,100,163767,0,0,14:33:5C:6D:AF:58,1,1,ARMED,72.0,0,0,80:02:9C:61:97:4B,11,49,1119.3,,,,,80:02:9C:61:97:4A,0,0,NONE,2026-08-26T16:59:57.202486
45917,,44,44,0,0,65288,37148,11495177,0,100,163767,0,0,14:33:5C:6D:AF:58,1,1,ARMED,72.0,0,0,80:02:9C:61:97:4B,11,99,1016.6,,,,,80:02:9C:61:97:4A,0,0,NONE,2026-08-26T16:59:57.256486
45917,,-53,44,0,885,65288,37148,11495244,0,100,163767,0,0,14:33:5C:6D:AF:58,1,1,ARMED,72.0,0,1,80:02:9C:61:97:4B,11,49,972.6,,,,,80:02:9C:61:97:4A,0,0,NONE,2026-08-26T16:59:57.323486
45917,BEACON,-95,2,0,1608,65288,37148,11495405,0,100,163767,0,0,14:33:5C:6D:AF:58,0,1,ARMED,72.0,0,1,80:02:9C:61:97:4B,11,3,267.5,,,,,80:02:9C:61:97:4A,0,0,NONE,2026-08-26T16:59:57.484486
45917,,-53,44,0,911,65288,37148,11495607,0,100,163767,0,0,14:33:5C:6D:AF:58,0,0,ARMED,72.0,0,0,80:02:9C:61:97:4B,11,11,1144.0,,,,,80:02:9C:61:97:4A,0,0,NONE,2026-08-26T16:59:57.686486
45917,,43,43,0,0,65288,37148,11495650,0,100,163767,0,0,14:33:5C:6D:AF:58,0,0,ARMED,72.0,0,1,80:02:9C:61:97:4B,11,61,1164.0,,,,,80:02:9C:61:97:4A,0,0,NONE,2026-08-26T16:59:57.729486
45917,,-52,45,0,977,65288,37148,11495738,0,100,163767,0,0,14:33:5C:6D:AF:58,0,1,ARMED,72.0,0,0,80:02:9C:61:97:4B,11,21,572.8,,,,,80:02:9C:61:97:4A,0,0,NONE,2026-08-26T16:59:57.817486
45917,,43,43,0,0,65288,37148,11495830,0,100,163767,0,0,14:33:5C:6D:AF:58,1,1,ARMED,72.0,0,0,80:02:9C:61:97:4B,11,19,847.9,,,,,80:02:9C:61:97:4A,0,0,NONE,2026-08-26T16:59:57.909486
45917,,-64,33,0,2054,62048,37148,11495867,0,100,163767,0,0,14:33:5C:6D:AF:58,1,1,ARMED,72.0,0,0,80:02:9C:61:97:4B,11,69,1159.4,,,,,80:02:9C:61:97:4A,0,0,NONE,2026-08-26T16:59:57.946486
45917,,-52,45,1240,570,65288,37148,11495895,0,100,163767,0,0,14:33:5C:6D:AF:58,1,1,ARMED,72.0,0,1,80:02:9C:61:97:4B,11,119,1350.5,,,,,80:02:9C:61:97:4A,0,0,NONE,2026-08-26T16:59:57.974486
45917,,43,43,0,0,65288,37148,11495949,0,100,163767,0,0,14:33:5C:6D:AF:58,1,1,ARMED,72.0,0,0,80:02:9C:61:97:4B,11,49,1325.6,,,,,80:02:9C:61:97:4A,0,0,NONE,2026-08-26T16:59:58.028486
45917,,-51,46,144,1119,65288,37148,11496023,0,100,163767,0,0,14:33:5C:6D:AF:58,1,1,ARMED,72.0,0,0,80:02:9C:61:97:4B,11,4,412.9,,,,,80:02:9C:61:97:4A,0,0,NONE,2026-08-26T16:59:58.102486
45917,,-52,45,0,1171,48620,37148,11496103,0,100,163767,0,0,14:33:5C:6D:AF:58,1,1,ARMED,72.0,0,0,80:02:9C:61:97:4B,11,54,602.1,,,,,80:02:9C:61:97:4A,0,0,NONE,2026-08-26T16:59:58.182486
45917,,-51,46,7964,2451,64720,37148,11496123,0,100,163767,0,0,14:33:5C:6D:AF:58,1,1,ARMED,72.0,0,1,80:02:9C:61:97:4B,11,1,374.7,,,,,80:02:9C:61:97:4A,0,0,NONE,2026-08-26T16:59:58.202486
45917,MGMT_OTHER,-57,40,2902,1509,65300,37148,11496265,0,100,163767,0,0,14:33:5C:6D:AF:58,1,0,ARMED,72.0,0,0,80:02:9C:61:97:4B,11,26,647.5,,,,,80:02:9C:61:97:4A,0,0,NONE,2026-08-26T16:59:58.344486
45917,,-53,44,0,1246,65300,37148,11496336,0,100,163767,0,0,14:33:5C:6D:AF:58,0,1,ARMED,72.0,0,0,80:02:9C:61:97:4B,11,7,3521.1,,,,,80:02:9C:61:97:4A,0,0,NONE,2026-08-26T16:59:58.415486
45917,,-39,58,0,2462,65300,37148,11496425,0,100,163767,0,0,14:33:5C:6D:AF:58,0,1,ARMED,72.0,0,0,80:02:9C:61:97:4B,11,57,630.1,,,,,80:02:9C:61:97:4A,0,0,NONE,2026-08-26T16:59:58.504486
45917,,39,39,0,1023,65300,37148,11496727,0,100,163767,0,0,14:33:5C:6D:AF:58,0,0,ARMED,72.0,0,0,80:02:9C:61:97:4B,11,16,206.8,,,,,80:02:9C:61:97:4A,0,0,NONE,2026-08-26T16:59:58.806486
45917,,40,40,0,1023,65204,37148,11496793,0,100,163767,0,0,14:33:5C:6D:AF:58,0,0,ARMED,72.0,0,1,80:02:9C:61:97:4B,11,49,1234.3,,,,,80:02:9C:61:97:4A,0,0,NONE,2026-08-26T16:59:58.872486
45917,,40,40,0,1023,65300,37148,11496848,0,100,163767,0,0,14:33:5C:6D:AF:58,0,0,ARMED,72.0,0,0,80:02:9C:61:97:4B,11,99,1045.9,,,,,80:02:9C:61:97:4A,0,0,NONE,2026-08-26T16:59:58.927486
45917,,40,40,0,1023,65300,37148,11496922,0,100,163767,0,0,14:33:5C:6D:AF:58,0,1,ARMED,72.0,0,0,80:02:9C:61:97:4B,11,49,847.8,,,,,80:02:9C:61:97:4A,0,0,NONE,2026-08-26T16:59:59.001486
45917,,50,50,0,1023,65300,37148,11496999,0,100,163767,0,0,14:33:5C:6D:AF:58,0,1,ARMED,72.0,0,0,80:02:9C:61:97:4B,11,41,1281.6,,,,,80:02:9C:61:97:4A,0,0,NONE,2026-08-26T16:59:59.078486
45917,,39,39,0,1023,65300,37148,11497114,0,100,163767,0,0,14:33:5C:6D:AF:58,0,1,ARMED,72.0,0,0,80:02:9C:61:97:4B,11,44,930.8,,,,,80:02:9C:61:97:4A,0,0,NONE,2026-08-26T16:59:59.193486
45917,,39,39,0,1023,65300,37148,11497225,0,100,163767,0,0,14:33:5C:6D:AF:58,0,1,ARMED,72.0,0,0,80:02:9C:61:97:4B,11,29,504.0,,,,,80:02:9C:61:97:4A,0,0,NONE,2026-08-26T16:59:59.304486
45917,BEACON,-92,5,0,2292,65300,37148,11497299,0,100,163767,0,0,14:33:5C:6D:AF:58,0,1,ARMED,72.0,0,1,80:02:9C:61:97:4B,11,22,707.2,,,,,80:02:9C:61:97:4A,0,0,NONE,2026-08-26T16:59:59.378486
45917,,-48,49,0,1876,65300,37148,11497401,0,100,163767,0,0,14:33:5C:6D:AF:58,0,1,ARMED,72.0,0,1,80:02:9C:61:97:4B,11,10,341.2,,,,,80:02:9C:61:97:4A,0,0,NONE,2026-08-26T16:59:59.480486
45917,,48,48,0,1023,65300,37148,11497480,0,100,163767,0,0,14:33:5C:6D:AF:58,0,1,ARMED,72.0,0,0,80:02:9C:61:97:4B,11,6,1278.5,,,,,80:02:9C:61:97:4A,0,0,NONE,2026-08-26T16:59:59.559486
45917,,47,47,0,1023,65300,37148,11497541,0,100,163767,0,0,14:33:5C:6D:AF:58,0,1,ARMED,72.0,0,0,80:02:9C:61:97:4B,11,56,856.7,,,,,80:02:9C:61:97:4A,0,0,NONE,2026-08-26T16:59:59.620486
45917,,-55,42,175,2502,65300,37148,11497605,0,100,163767,0,0,14:33:5C:6D:AF:58,0,1,ARMED,72.0,0,0,80:02:9C:61:97:4B,11,34,1244.9,,,,,80:02:9C:61:97:4A,0,0,NONE,2026-08-26T16:59:59.684486
45917,,-52,45,0,2504,65300,37148,11497664,0,100,163767,0,0,14:33:5C:6D:AF:58,0,1,ARMED,72.0,0,1,80:02:9C:61:97:4B,11,84,973.5,,,,,80:02:9C:61:97:4A,0,0,NONE,2026-08-26T16:59:59.743486
45917,,39,39,0,1023,65300,37148,11497840,0,100,163767,0,0,14:33:5C:6D:AF:58,0,1,ARMED,72.0,0,0,80:02:9C:61:97:4B,11,15,264.3,,,,,80:02:9C:61:97:4A,0,0,NONE,2026-08-26T16:59:59.919486
45917,,-49,48,89675,2523,65300,37148,11498196,0,100,163767,0,0,14:33:5C:6D:AF:58,0,0,ARMED,72.0,0,1,80:02:9C:61:97:4B,11,1,235.7,,,,,80:02:9C:61:97:4A,0,0,NONE,2026-08-26T17:00:00.275486
45917,,-67,30,82,1551,65300,37148,11498342,0,100,163767,0,0,14:33:5C:6D:AF:58,0,0,ARMED,72.0,0,1,80:02:9C:61:97:4B,11,31,646.7,,,,,80:02:9C:61:97:4A,0,0,NONE,2026-08-26T17:00:00.421486
45917,,-67,30,0,1558,65300,37148,11498419,0,100,163767,0,0,14:33:5C:6D:AF:58,0,1,ARMED,72.0,0,1,80:02:9C:61:97:4B,11,14,595.7,,,,,80:02:9C:61:97:4A,0,0,NONE,2026-08-26T17:00:00.498486
45917,,-66,31,0,1565,65300,37148,11498500,0,100,163767,0,0,14:33:5C:6D:AF:58,0,1,ARMED,72.0,0,0,80:02:9C:61:97:4B,11,1,952.4,,,,,80:02:9C:61:97:4A,0,0,NONE,2026-08-26T17:00:00.579486
45917,,-68,29,0,1570,65300,37148,11498599,0,100,163767,0,0,14:33:5C:6D:AF:58,0,1,ARMED,72.0,0,0,80:02:9C:61:97:4B,11,51,509.8,,,,,80:02:9C:61:97:4A,0,0,NONE,2026-08-26T17:00:00.678486
45917,BEACON,-86,11,0,3526,65300,37148,11498854,0,100,163767,0,0,14:33:5C:6D:AF:58,0,0,ARMED,72.0,0,1,80:02:9C:61:97:4B,11,8,261.8,,,,,80:02:9C:61:97:4A,0,0,NONE,2026-08-26T17:00:00.933486
45917,BEACON,-95,2,0,3564,65300,37148,11499237,0,100,163767,0,0,14:33:5C:6D:AF:58,0,0,ARMED,72.0,0,0,80:02:9C:61:97:4B,11,1,235.8,,,,,80:02:9C:61:97:4A,0,0,NONE,2026-08-26T17:00:01.316486
45917,BEACON,-95,2,0,3568,65300,37148,11499647,0,100,163767,0,0,14:33:5C:6D:AF:58,0,0,ARMED,72.0,0,0,80:02:9C:61:97:4B,11,1,235.4,,,,,80:02:9C:61:97:4A,0,0,NONE,2026-08-26T17:00:01.726486
45917,BEACON,-94,3,7499,762,65300,37148,11499977,0,100,163767,0,0,14:33:5C:6D:AF:58,0,0,ARMED,72.0,0,1,80:02:9C:61:97:4B,11,3,128.2,,,,,80:02:9C:61:97:4A,0,0,NONE,2026-08-26T17:00:02.056486
45917,,-42,55,40996,2580,65300,37148,11500302,0,100,163767,0,0,14:33:5C:6D:AF:58,0,0,ARMED,72.0,0,1,80:02:9C:61:97:4B,11,2,59.5,,,,,80:02:9C:61:97:4A,0,0,NONE,2026-08-26T17:00:02.381486
45917,,39,39,0,1023,65300,37148,11500504,0,100,163767,0,0,14:33:5C:6D:AF:58,0,0,ARMED,72.0,0,0,80:02:9C:61:97:4B,11,14,444.0,,,,,80:02:9C:61:97:4A,0,0,NONE,2026-08-26T17:00:02.583486
45917,,-47,50,1147,2145,65300,37148,11500633,0,100,163767,0,0,14:33:5C:6D:AF:58,0,1,ARMED,72.0,0,0,80:02:9C:61:97:4B,11,22,374.3,,,,,80:02:9C:61:97:4A,0,0,NONE,2026-08-26T17:00:02.712486
45917,,-43,54,0,2166,65300,37148,11500809,0,100,163767,0,0,14:33:5C:6D:AF:58,1,0,ARMED,72.0,0,1,80:02:9C:61:97:4B,11,12,450.6,,,,,80:02:9C:61:97:4A,0,0,NONE,2026-08-26T17:00:02.888486
45917,BEACON,-66,31,0,1605,65300,37148,11501264,0,100,163767,0,0,14:33:5C:6D:AF:58,0,0,ARMED,72.0,0,1,80:02:9C:61:97:4B,11,4,54.0,,,,,80:02:9C:61:97:4A,0,0,NONE,2026-08-26T17:00:03.343486
45917,BEACON,-92,5,0,2335,65300,37148,11501600,0,100,163767,0,0,14:33:5C:6D:AF:58,0,0,ARMED,72.0,0,1,80:02:9C:61:97:4B,11,11,107.4,,,,,80:02:9C:61:97:4A,0,0,NONE,2026-08-26T17:00:03.679486
45917,,-47,50,1645,2638,65300,37148,11501996,0,100,163767,0,0,14:33:5C:6D:AF:58,0,0,ARMED,72.0,0,0,80:02:9C:61:97:4B,11,8,109.8,,,,,80:02:9C:61:97:4A,0,0,NONE,2026-08-26T17:00:04.075486
45917,,-46,51,13891,2649,65300,37148,11502440,0,100,163767,0,0,14:33:5C:6D:AF:58,0,0,ARMED,72.0,0,1,80:02:9C:61:97:4B,11,1,182.1,,,,,80:02:9C:61:97:4A,0,0,NONE,2026-08-26T17:00:04.519486
45917,,-47,50,19086,2652,65300,37148,11502906,0,100,163767,0,0,14:33:5C:6D:AF:58,0,0,ARMED,72.0,0,1,80:02:9C:61:97:4B,11,5,81.6,,,,,80:02:9C:61:97:4A,0,0,NONE,2026-08-26T17:00:04.985486
45917,,65,65,0,1023,65300,37148,11503351,0,100,163767,0,0,14:33:5C:6D:AF:58,0,0,ARMED,72.0,0,1,80:02:9C:61:97:4B,11,10,102.9,,,,,80:02:9C:61:97:4A,0,0,NONE,2026-08-26T17:00:05.430486
45917,PROBE_RESP,-86,11,0,158,65300,37148,11503959,0,100,163767,0,0,14:33:5C:6D:AF:58,0,0,ARMED,72.0,0,1,80:02:9C:61:97:4B,11,6,150.3,,,,,80:02:9C:61:97:4A,0,0,NONE,2026-08-26T17:00:06.038486
45917,,-42,55,8816,2667,65300,37148,11504535,0,100,163767,0,0,14:33:5C:6D:AF:58,0,0,ARMED,72.0,0,1,80:02:9C:61:97:4B,11,1,750.2,,,,,80:02:9C:61:97:4A,0,0,NONE,2026-08-26T17:00:06.614486
45917,MGMT_OTHER,-93,4,87344,2973,65300,37148,11505136,0,100,163767,0,0,14:33:5C:6D:AF:58,0,0,ARMED,72.0,0,1,80:02:9C:61:97:4B,11,7,77.4,,,,,80:02:9C:61:97:4A,0,0,NONE,2026-08-26T17:00:07.215486
45917,MGMT_OTHER,-92,5,109659,694,65300,37148,11505599,0,100,163767,0,0,14:33:5C:6D:AF:58,0,0,ARMED,72.0,0,1,80:02:9C:61:97:4B,11,10,247.2,,,,,80:02:9C:61:97:4A,0,0,NONE,2026-08-26T17:00:07.678486
45917,,39,39,0,1023,65300,37148,11506041,0,100,163767,0,0,14:33:5C:6D:AF:58,0,0,ARMED,72.0,0,1,80:02:9C:61:97:4B,11,11,150.4,,,,,80:02:9C:61:97:4A,0,0,NONE,2026-08-26T17:00:08.120486
45917,BEACON,-64,33,0,1663,65300,37148,11506589,0,100,163767,0,0,14:33:5C:6D:AF:58,0,0,ARMED,72.0,0,1,80:02:9C:61:97:4B,11,1,141.9,,,,,80:02:9C:61:97:4A,0,0,NONE,2026-08-26T17:00:08.668486
45917,BEACON,-94,3,0,3640,65300,37148,11507019,0,100,163767,0,0,14:33:5C:6D:AF:58,0,0,ARMED,72.0,0,0,80:02:9C:61:97:4B,11,3,107.4,,,,,80:02:9C:61:97:4A,0,0,NONE,2026-08-26T17:00:09.098486
45917,BEACON,-90,7,0,836,65300,37148,11507555,0,100,163767,0,0,14:33:5C:6D:AF:58,0,0,ARMED,72.0,0,1,80:02:9C:61:97:4B,11,9,175.3,,,,,80:02:9C:61:97:4A,0,0,NONE,2026-08-26T17:00:09.634486
45917,,39,39,0,1023,65300,37148,11507966,0,100,163767,0,0,14:33:5C:6D:AF:58,0,0,ARMED,72.0,0,0,80:02:9C:61:97:4B,11,22,415.8,,,,,80:02:9C:61:97:4A,0,0,NONE,2026-08-26T17:00:10.045486
45917,,-46,51,9798,2699,65300,37148,11508119,0,100,163767,0,0,14:33:5C:6D:AF:58,0,1,ARMED,72.0,0,1,80:02:9C:61:97:4B,11,1,1000.0,,,,,80:02:9C:61:97:4A,0,0,NONE,2026-08-26T17:00:10.198486
45917,BEACON,-86,11,19485,3621,65300,37148,11508582,0,100,163767,0,0,14:33:5C:6D:AF:58,0,0,ARMED,72.0,0,1,80:02:9C:61:97:4B,11,5,92.4,,,,,80:02:9C:61:97:4A,0,0,NONE,2026-08-26T17:00:10.661486
45917,,49,49,0,1023,65300,37148,11509260,0,100,163767,0,0,14:33:5C:6D:AF:58,0,0,ARMED,72.0,0,0,80:02:9C:61:97:4B,11,7,411.0,,,,,80:02:9C:61:97:4A,0,0,NONE,2026-08-26T17:00:11.339486
45917,BEACON,-79,18,39329,1579,65300,37148,11509961,0,100,163767,0,0,14:33:5C:6D:AF:58,0,0,ARMED,72.0,0,1,80:02:9C:61:97:4B,11,6,58.6,,,,,80:02:9C:61:97:4A,0,0,NONE,2026-08-26T17:00:12.040486
45917,BEACON,-92,5,0,2422,65300,37148,11510509,0,100,163767,0,0,14:33:5C:6D:AF:58,0,0,ARMED,72.0,0,1,80:02:9C:61:97:4B,11,4,112.4,,,,,80:02:9C:61:97:4A,0,0,NONE,2026-08-26T17:00:12.588486
45917,BEACON,-87,10,0,3642,65300,37148,11510732,0,100,163767,0,0,14:33:5C:6D:AF:58,0,0,ARMED,72.0,0,1,80:02:9C:61:97:4B,11,7,128.9,,,,,80:02:9C:61:97:4A,0,0,NONE,2026-08-26T17:00:12.811486
45917,BEACON,-93,4,0,874,65300,37148,11511446,0,100,163767,0,0,14:33:5C:6D:AF:58,0,0,ARMED,72.0,0,1,80:02:9C:61:97:4B,11,5,97.4,,,,,80:02:9C:61:97:4A,0,0,NONE,2026-08-26T17:00:13.525486
45917,,-47,50,52481,2727,65300,37148,11512020,0,100,163767,0,0,14:33:5C:6D:AF:58,0,0,ARMED,72.0,0,1,80:02:9C:61:97:4B,11,3,335.3,,,,,80:02:9C:61:97:4A,0,0,NONE,2026-08-26T17:00:14.099486
45917,BEACON,-94,3,0,2442,65300,37148,11512557,0,100,163767,0,0,14:33:5C:6D:AF:58,0,0,ARMED,72.0,0,1,80:02:9C:61:97:4B,11,4,112.4,,,,,80:02:9C:61:97:4A,0,0,NONE,2026-08-26T17:00:14.636486
45917,,-66,31,0,0,65300,37148,11513133,0,100,163767,0,0,14:33:5C:6D:AF:58,0,0,ARMED,72.0,0,1,80:02:9C:61:97:4B,11,10,107.4,,,,,80:02:9C:61:97:4A,0,0,NONE,2026-08-26T17:00:15.212486
45917,BEACON,-97,0,110079,3650,65300,37148,11513671,0,100,163767,0,0,14:33:5C:6D:AF:58,0,0,ARMED,72.0,0,1,80:02:9C:61:97:4B,11,2,119.4,,,,,80:02:9C:61:97:4A,0,0,NONE,2026-08-26T17:00:15.750486
45917,BEACON,-95,2,0,3656,65300,37148,11514286,0,100,163767,0,0,14:33:5C:6D:AF:58,0,0,ARMED,72.0,0,1,80:02:9C:61:97:4B,11,7,418.1,,,,,80:02:9C:61:97:4A,0,0,NONE,2026-08-26T17:00:16.365486
45917,BEACON,-66,31,0,1764,65300,37148,11514883,0,100,163767,0,0,14:33:5C:6D:AF:58,0,0,ARMED,72.0,0,1,80:02:9C:61:97:4B,11,10,97.7,,,,,80:02:9C:61:97:4A,0,0,NONE,2026-08-26T17:00:16.962486
45917,,-48,49,229,2741,65300,37148,11515387,0,100,163767,0,0,14:33:5C:6D:AF:58,0,0,ARMED,72.0,0,0,80:02:9C:61:97:4B,11,6,63.5,,,,,80:02:9C:61:97:4A,0,0,NONE,2026-08-26T17:00:17.466486
45917,BEACON,-86,11,0,3691,65300,37148,11515750,0,100,163767,0,0,14:33:5C:6D:AF:58,0,0,ARMED,72.0,0,1,80:02:9C:61:97:4B,11,5,106.2,,,,,80:02:9C:61:97:4A,0,0,NONE,2026-08-26T17:00:17.829486
45917,,-65,32,0,1781,63360,37148,11516218,0,100,163767,0,0,14:33:5C:6D:AF:58,0,0,ARMED,72.0,0,0,80:02:9C:61:97:4B,11,2,612.0,,,,,80:02:9C:61:97:4A,0,0,NONE,2026-08-26T17:00:18.297486
45917,BEACON,-65,32,10101,1787,65300,37148,11516829,0,100,163767,0,0,14:33:5C:6D:AF:58,0,0,ARMED,72.0,0,1,80:02:9C:61:97:4B,11,7,68.4,,,,,80:02:9C:61:97:4A,0,0,NONE,2026-08-26T17:00:18.908486
45917,,46,46,0,1023,65300,37148,11517261,0,100,163767,0,0,14:33:5C:6D:AF:58,0,0,ARMED,72.0,0,0,80:02:9C:61:97:4B,11,12,501.3,,,,,80:02:9C:61:97:4A,0,0,NONE,2026-08-26T17:00:19.340486
45917,BEACON,-66,31,0,1796,65300,37148,11517648,0,100,163767,0,0,14:33:5C:6D:AF:58,0,0,ARMED,72.0,0,1,80:02:9C:61:97:4B,11,7,68.3,,,,,80:02:9C:61:97:4A,0,0,NONE,2026-08-26T17:00:19.727486
45917,BEACON,-67,30,0,1799,65300,37148,11517955,0,100,163767,0,0,14:33:5C:6D:AF:58,0,0,ARMED,72.0,0,1,80:02:9C:61:97:4B,11,14,136.7,,,,,80:02:9C:61:97:4A,0,0,NONE,2026-08-26T17:00:20.034486
45917,BEACON,-66,31,82,1802,65300,37148,11518263,0,100,163767,0,0,14:33:5C:6D:AF:58,0,1,ARMED,72.0,0,1,80:02:9C:61:97:4B,11,1,308.8,,,,,80:02:9C:61:97:4A,0,0,NONE,2026-08-26T17:00:20.342486
45917,,39,39,0,1023,65300,37148,11518461,0,100,163767,0,0,14:33:5C:6D:AF:58,0,0,ARMED,72.0,0,0,80:02:9C:61:97:4B,11,33,342.1,,,,,80:02:9C:61:97:4A,0,0,NONE,2026-08-26T17:00:20.540486
45917,,41,41,0,1023,65300,37148,11518603,0,100,163767,0,0,14:33:5C:6D:AF:58,0,0,ARMED,72.0,0,0,80:02:9C:61:97:4B,11,21,640.8,,,,,80:02:9C:61:97:4A,0,0,NONE,2026-08-26T17:00:20.682486
45917,,-70,27,446,28,65300,37148,11518703,0,100,163767,0,0,14:33:5C:6D:AF:58,0,1,ARMED,72.0,0,0,80:02:9C:61:97:4B,11,13,415.5,,,,,80:02:9C:61:97:4A,0,0,NONE,2026-08-26T17:00:20.782486
45917,BEACON,-70,27,0,1808,65300,37148,11518877,0,100,163767,0,0,14:33:5C:6D:AF:58,0,1,ARMED,72.0,0,1,80:02:9C:61:97:4B,11,31,302.8,,,,,80:02:9C:61:97:4A,0,0,NONE,2026-08-26T17:00:20.956486
45917,,40,40,0,1023,65300,37148,11518960,0,100,163767,0,0,14:33:5C:6D:AF:58,0,1,ARMED,72.0,0,0,80:02:9C:61:97:4B,11,50,600.4,,,,,80:02:9C:61:97:4A,0,0,NONE,2026-08-26T17:00:21.039486
45917,,39,39,0,1023,65300,37148,11519029,0,100,163767,0,0,14:33:5C:6D:AF:58,0,1,ARMED,72.0,0,0,80:02:9C:61:97:4B,11,37,717.3,,,,,80:02:9C:61:97:4A,0,0,NONE,2026-08-26T17:00:21.108486
45917,,39,39,0,1023,65300,37148,11519192,0,100,163767,0,0,14:33:5C:6D:AF:58,0,1,ARMED,72.0,0,0,80:02:9C:61:97:4B,11,4,592.7,,,,,80:02:9C:61:97:4A,0,0,NONE,2026-08-26T17:00:21.271486
45917,,41,41,0,1023,65300,37148,11519422,0,100,163767,0,0,14:33:5C:6D:AF:58,0,0,ARMED,72.0,0,0,80:02:9C:61:97:4B,11,8,244.8,,,,,80:02:9C:61:97:4A,0,0,NONE,2026-08-26T17:00:21.501486
45917,,-55,42,17444,2825,65300,37148,11519597,0,100,163767,0,0,14:33:5C:6D:AF:58,0,1,ARMED,72.0,0,1,80:02:9C:61:97:4B,11,1,322.0,,,,,80:02:9C:61:97:4A,0,0,NONE,2026-08-26T17:00:21.676486
45917,,-58,39,0,2612,65300,37148,11519680,0,100,163767,0,0,14:33:5C:6D:AF:58,0,1,ARMED,72.0,0,1,80:02:9C:61:97:4B,11,51,593.7,,,,,80:02:9C:61:97:4A,0,0,NONE,2026-08-26T17:00:21.759486
45917,,39,39,0,1023,65300,37148,11519838,0,100,163767,0,0,14:33:5C:6D:AF:58,0,1,ARMED,72.0,0,1,80:02:9C:61:97:4B,11,11,281.7,,,,,80:02:9C:61:97:4A,0,0,NONE,2026-08-26T17:00:21.917486
45917,PROBE_RESP,-67,30,0,1821,65300,37148,11519958,0,100,163767,0,0,14:33:5C:6D:AF:58,0,1,ARMED,72.0,0,1,80:02:9C:61:97:4B,11,29,491.4,,,,,80:02:9C:61:97:4A,0,0,NONE,2026-08-26T17:00:22.037486
45917,,-56,41,888,2654,65300,37148,11520052,0,100,163767,0,0,14:33:5C:6D:AF:58,0,1,ARMED,72.0,0,0,80:02:9C:61:97:4B,11,27,509.8,,,,,80:02:9C:61:97:4A,0,0,NONE,2026-08-26T17:00:22.131486
45917,,39,39,0,1023,65300,37148,11520164,0,100,163767,0,0,14:33:5C:6D:AF:58,0,1,ARMED,72.0,0,0,80:02:9C:61:97:4B,11,40,682.7,,,,,80:02:9C:61:97:4A,0,0,NONE,2026-08-26T17:00:22.243486
45917,,39,39,0,1023,65300,37148,11520275,0,100,163767,0,0,14:33:5C:6D:AF:58,0,1,ARMED,72.0,0,0,80:02:9C:61:97:4B,11,26,390.6,,,,,80:02:9C:61:97:4A,0,0,NONE,2026-08-26T17:00:22.354486
45917,,40,40,0,1023,65300,37148,11520327,0,100,163767,0,0,14:33:5C:6D:AF:58,0,1,ARMED,72.0,0,0,80:02:9C:61:97:4B,11,12,733.9,,,,,80:02:9C:61:97:4A,0,0,NONE,2026-08-26T17:00:22.406486
45917,,-56,41,18629,2856,65300,37148,11520498,0,100,163767,0,0,14:33:5C:6D:AF:58,0,1,ARMED,72.0,0,0,80:02:9C:61:97:4B,11,14,165.3,,,,,80:02:9C:61:97:4A,0,0,NONE,2026-08-26T17:00:22.577486
45917,,40,40,0,1023,65300,37148,11520826,0,100,163767,0,0,14:33:5C:6D:AF:58,0,0,ARMED,72.0,0,1,80:02:9C:61:97:4B,11,3,856.2,,,,,80:02:9C:61:97:4A,0,0,NONE,2026-08-26T17:00:22.905486
45917,BEACON,-91,6,26949,969,65300,37148,11521174,0,100,163767,0,0,14:33:5C:6D:AF:58,0,0,ARMED,72.0,0,1,80:02:9C:61:97:4B,11,7,158.0,,,,,80:02:9C:61:97:4A,0,0,NONE,2026-08-26T17:00:23.253486
45917,,40,40,0,1023,65300,37148,11521401,0,100,163767,0,0,14:33:5C:6D:AF:58,0,0,ARMED,72.0,0,0,80:02:9C:61:97:4B,11,40,599.0,,,,,80:02:9C:61:97:4A,0,0,NONE,2026-08-26T17:00:23.480486
45917,,39,39,0,1023,65300,37148,11521463,0,100,163767,0,0,14:33:5C:6D:AF:58,1,1,ARMED,72.0,0,0,80:02:9C:61:97:4B,11,18,721.0,,,,,80:02:9C:61:97:4A,0,0,NONE,2026-08-26T17:00:23.542486
45917,,40,40,0,1023,65300,37148,11521587,0,100,163767,0,0,14:33:5C:6D:AF:58,1,1,ARMED,72.0,0,0,80:02:9C:61:97:4B,11,14,307.6,,,,,80:02:9C:61:97:4A,0,0,NONE,2026-08-26T17:00:23.666486
45917,,39,39,0,1023,65300,37148,11521650,0,100,163767,0,0,14:33:5C:6D:AF:58,0,1,ARMED,72.0,0,0,80:02:9C:61:97:4B,11,34,3926.6,,,,,80:02:9C:61:97:4A,0,0,NONE,2026-08-26T17:00:23.729486
45917,,39,39,0,1023,65300,37148,11521704,0,100,163767,0,0,14:33:5C:6D:AF:58,0,1,ARMED,72.0,0,0,80:02:9C:61:97:4B,11,84,1357.5,,,,,80:02:9C:61:97:4A,0,0,NONE,2026-08-26T17:00:23.783486
45917,,38,38,0,1023,65300,37148,11521765,0,100,163767,0,0,14:33:5C:6D:AF:58,0,1,ARMED,72.0,0,0,80:02:9C:61:97:4B,11,33,1507.1,,,,,80:02:9C:61:97:4A,0,0,NONE,2026-08-26T17:00:23.844486
45917,,39,39,0,1023,65300,37148,11521837,0,100,163767,0,0,14:33:5C:6D:AF:58,0,1,ARMED,72.0,0,0,80:02:9C:61:97:4B,11,83,887.3,,,,,80:02:9C:61:97:4A,0,0,NONE,2026-08-26T17:00:23.916486
45917,,39,39,0,1023,65300,37148,11521921,0,100,163767,0,0,14:33:5C:6D:AF:58,0,1,ARMED,72.0,0,0,80:02:9C:61:97:4B,11,49,726.8,,,,,80:02:9C:61:97:4A,0,0,NONE,2026-08-26T17:00:24.000486
45917,,40,40,0,1023,65300,37148,11521982,0,100,163767,0,0,14:33:5C:6D:AF:58,0,1,ARMED,72.0,0,0,80:02:9C:61:97:4B,11,28,1738.6,,,,,80:02:9C:61:97:4A,0,0,NONE,2026-08-26T17:00:24.061486
45917,,40,40,0,1023,65300,37148,11522040,0,100,163767,0,0,14:33:5C:6D:AF:58,0,1,ARMED,72.0,0,0,80:02:9C:61:97:4B,11,78,1047.4,,,,,80:02:9C:61:97:4A,0,0,NONE,2026-08-26T17:00:24.119486
45917,,39,39,0,1023,65300,37148,11522166,0,100,163767,0,0,14:33:5C:6D:AF:58,0,1,ARMED,72.0,0,0,80:02:9C:61:97:4B,11,31,312.0,,,,,80:02:9C:61:97:4A,0,0,NONE,2026-08-26T17:00:24.245486
45917,,-52,45,21469,2910,65300,37148,11522273,0,100,163767,0,0,14:33:5C:6D:AF:58,0,1,ARMED,72.0,0,1,80:02:9C:61:97:4B,11,49,544.6,,,,,80:02:9C:61:97:4A,0,0,NONE,2026-08-26T17:00:24.352486
45917,,39,39,0,1023,65300,37148,11522412,0,100,163767,0,0,14:33:5C:6D:AF:58,0,1,ARMED,72.0,0,0,80:02:9C:61:97:4B,11,6,237.7,,,,,80:02:9C:61:97:4A,0,0,NONE,2026-08-26T17:00:24.491486
45917,BEACON,-97,0,0,3793,65300,37148,11522687,0,100,163767,0,0,14:33:5C:6D:AF:58,0,0,ARMED,72.0,0,0,80:02:9C:61:97:4B,11,14,147.0,,,,,80:02:9C:61:97:4A,0,0,NONE,2026-08-26T17:00:24.766486
45917,BEACON,-93,4,81,3741,65300,37148,11522990,0,100,163767,0,0,14:33:5C:6D:AF:58,0,0,ARMED,72.0,0,1,80:02:9C:61:97:4B,11,12,166.8,,,,,80:02:9C:61:97:4A,0,0,NONE,2026-08-26T17:00:25.069486
45917,,39,39,0,1023,65300,37148,11523200,0,100,163767,0,0,14:33:5C:6D:AF:58,0,0,ARMED,72.0,0,0,80:02:9C:61:97:4B,11,26,388.1,,,,,80:02:9C:61:97:4A,0,0,NONE,2026-08-26T17:00:25.279486
45917,,39,39,0,1023,65300,37148,11523324,0,100,163767,0,0,14:33:5C:6D:AF:58,0,1,ARMED,72.0,0,0,80:02:9C:61:97:4B,11,36,405.4,,,,,80:02:9C:61:97:4A,0,0,NONE,2026-08-26T17:00:25.403486
45917,,39,39,0,1023,65300,37148,11523413,0,100,163767,0,0,14:33:5C:6D:AF:58,0,1,ARMED,72.0,0,0,80:02:9C:61:97:4B,11,49,676.6,,,,,80:02:9C:61:97:4A,0,0,NONE,2026-08-26T17:00:25.492486
45917,,39,39,0,1023,65300,37148,11523470,0,100,163767,0,0,14:33:5C:6D:AF:58,0,1,ARMED,72.0,0,0,80:02:9C:61:97:4B,11,21,719.8,,,,,80:02:9C:61:97:4A,0,0,NONE,2026-08-26T17:00:25.549486
45917,BEACON,-90,7,0,2552,65300,37148,11523616,0,100,163767,0,0,14:33:5C:6D:AF:58,0,1,ARMED,72.0,0,1,80:02:9C:61:97:4B,11,12,176.5,,,,,80:02:9C:61:97:4A,0,0,NONE,2026-08-26T17:00:25.695486
45917,,39,39,0,1023,65300,37148,11523774,0,100,163767,0,0,14:33:5C:6D:AF:58,0,0,ARMED,72.0,0,0,80:02:9C:61:97:4B,11,27,1055.5,,,,,80:02:9C:61:97:4A,0,0,NONE,2026-08-26T17:00:25.853486
45917,BEACON,-79,18,0,1716,65300,37148,11523990,0,100,163767,0,0,14:33:5C:6D:AF:58,0,0,ARMED,72.0,0,1,80:02:9C:61:97:4B,11,5,450.6,,,,,80:02:9C:61:97:4A,0,0,NONE,2026-08-26T17:00:26.069486
45917,,-53,44,175,2977,65300,37148,11524232,0,100,163767,0,0,14:33:5C:6D:AF:58,0,0,ARMED,72.0,0,0,80:02:9C:61:97:4B,11,9,210.0,,,,,80:02:9C:61:97:4A,0,0,NONE,2026-08-26T17:00:26.311486
45917,BEACON,-80,17,82,1720,65300,37148,11524400,0,100,163767,0,0,14:33:5C:6D:AF:58,0,0,ARMED,72.0,0,1,80:02:9C:61:97:4B,11,14,129.2,,,,,80:02:9C:61:97:4A,0,0,NONE,2026-08-26T17:00:26.479486
45917,,-68,29,6201,35,65300,37148,11524661,0,100,163767,0,0,14:33:5C:6D:AF:58,0,0,ARMED,72.0,0,1,80:02:9C:61:97:4B,11,18,304.3,,,,,80:02:9C:61:97:4A,0,0,NONE,2026-08-26T17:00:26.740486
45917,,-53,44,12853,2996,65300,37148,11524789,0,100,163767,0,0,14:33:5C:6D:AF:58,1,1,ARMED,72.0,0,1,80:02:9C:61:97:4B,11,46,557.7,,,,,80:02:9C:61:97:4A,0,0,NONE,2026-08-26T17:00:26.868486
45917,BEACON,-91,6,0,2567,65300,37148,11525152,0,100,163767,0,0,14:33:5C:6D:AF:58,0,0,ARMED,72.0,0,1,80:02:9C:61:97:4B,11,8,224.7,,,,,80:02:9C:61:97:4A,0,0,NONE,2026-08-26T17:00:27.231486
45917,,39,39,0,1023,65300,37148,11525590,0,100,163767,0,0,14:33:5C:6D:AF:58,0,0,ARMED,72.0,0,1,80:02:9C:61:97:4B,11,8,124.0,,,,,80:02:9C:61:97:4A,0,0,NONE,2026-08-26T17:00:27.669486
45917,BEACON,-92,5,0,2576,65300,37148,11526073,0,100,163767,0,0,14:33:5C:6D:AF:58,0,0,ARMED,72.0,0,1,80:02:9C:61:97:4B,11,4,112.4,,,,,80:02:9C:61:97:4A,0,0,NONE,2026-08-26T17:00:28.152486
45917,,42,42,0,1023,65300,37148,11526302,0,100,163767,0,0,14:33:5C:6D:AF:58,0,0,ARMED,72.0,0,0,80:02:9C:61:97:4B,11,21,355.1,,,,,80:02:9C:61:97:4A,0,0,NONE,2026-08-26T17:00:28.381486
45917,,39,39,0,1023,65300,37148,11526568,0,100,163767,0,0,14:33:5C:6D:AF:58,0,0,ARMED,72.0,0,0,80:02:9C:61:97:4B,11,6,324.6,,,,,80:02:9C:61:97:4A,0,0,NONE,2026-08-26T17:00:28.647486
45917,BEACON,-66,31,0,1893,65300,37148,11526762,0,100,163767,0,0,14:33:5C:6D:AF:58,0,0,ARMED,72.0,0,1,80:02:9C:61:97:4B,11,1,141.1,,,,,80:02:9C:61:97:4A,0,0,NONE,2026-08-26T17:00:28.841486
45917,PROBE_RESP,-80,17,0,2419,65300,37148,11526978,0,100,163767,0,0,14:33:5C:6D:AF:58,0,0,ARMED,72.0,0,1,80:02:9C:61:97:4B,11,7,380.2,,,,,80:02:9C:61:97:4A,0,0,NONE,2026-08-26T17:00:29.057486
45917,,39,39,0,1023,65300,37148,11527228,0,100,163767,0,0,14:33:5C:6D:AF:58,0,0,ARMED,72.0,0,1,80:02:9C:61:97:4B,11,17,268.9,,,,,80:02:9C:61:97:4A,0,0,NONE,2026-08-26T17:00:29.307486
45917,,39,39,0,1023,65300,37148,11527476,0,100,163767,0,0,14:33:5C:6D:AF:58,0,0,ARMED,72.0,0,0,80:02:9C:61:97:4B,11,5,1091.5,,,,,80:02:9C:61:97:4A,0,0,NONE,2026-08-26T17:00:29.555486
45917,,39,39,0,1023,65300,37148,11527610,0,100,163767,0,0,14:33:5C:6D:AF:58,0,1,ARMED,72.0,0,0,80:02:9C:61:97:4B,11,12,333.1,,,,,80:02:9C:61:97:4A,0,0,NONE,2026-08-26T17:00:29.689486
45917,,-45,52,18133,3071,65300,37148,11527761,0,100,163767,0,0,14:33:5C:6D:AF:58,0,1,ARMED,72.0,0,0,80:02:9C:61:97:4B,11,31,365.1,,,,,80:02:9C:61:97:4A,0,0,NONE,2026-08-26T17:00:29.840486
45917,,-46,51,6659,3078,65300,37148,11527984,0,100,163767,0,0,14:33:5C:6D:AF:58,0,0,ARMED,72.0,0,1,80:02:9C:61:97:4B,11,1,1000.0,,,,,80:02:9C:61:97:4A,0,0,NONE,2026-08-26T17:00:30.063486
45917,BEACON,-79,18,0,1757,65300,37148,11528188,0,100,163767,0,0,14:33:5C:6D:AF:58,0,0,ARMED,72.0,0,1,80:02:9C:61:97:4B,11,26,254.3,,,,,80:02:9C:61:97:4A,0,0,NONE,2026-08-26T17:00:30.267486
45917,,39,39,0,1023,65300,37148,11528329,0,100,163767,0,0,14:33:5C:6D:AF:58,0,1,ARMED,72.0,0,1,80:02:9C:61:97:4B,11,20,526.4,,,,,80:02:9C:61:97:4A,0,0,NONE,2026-08-26T17:00:30.408486
45917,,-68,29,0,136,65300,37148,11528395,0,100,163767,0,0,14:33:5C:6D:AF:58,0,1,ARMED,72.0,0,0,80:02:9C:61:97:4B,11,4,2261.2,,,,,80:02:9C:61:97:4A,0,0,NONE,2026-08-26T17:00:30.474486
45917,BEACON,-92,5,3865,2600,65300,37148,11528531,0,100,163767,0,0,14:33:5C:6D:AF:58,0,1,ARMED,72.0,0,1,80:02:9C:61:97:4B,11,23,646.4,,,,,80:02:9C:61:97:4A,0,0,NONE,2026-08-26T17:00:30.610486
45917,,48,48,0,1023,65300,37148,11528736,0,100,163767,0,0,14:33:5C:6D:AF:58,0,0,ARMED,72.0,0,1,80:02:9C:61:97:4B,11,9,273.1,,,,,80:02:9C:61:97:4A,0,0,NONE,2026-08-26T17:00:30.815486
45917,,48,48,0,1023,65300,37148,11528879,0,100,163767,0,0,14:33:5C:6D:AF:58,0,1,ARMED,72.0,0,1,80:02:9C:61:97:4B,11,27,361.2,,,,,80:02:9C:61:97:4A,0,0,NONE,2026-08-26T17:00:30.958486
45917,,-42,55,17682,3115,65300,37148,11529084,0,100,163767,0,0,14:33:5C:6D:AF:58,0,1,ARMED,72.0,0,0,80:02:9C:61:97:4B,11,9,120.1,,,,,80:02:9C:61:97:4A,0,0,NONE,2026-08-26T17:00:31.163486
45917,BEACON,-94,3,0,3859,65300,37148,11529445,0,100,163767,0,0,14:33:5C:6D:AF:58,0,0,ARMED,72.0,0,1,80:02:9C:61:97:4B,11,5,168.5,,,,,80:02:9C:61:97:4A,0,0,NONE,2026-08-26T17:00:31.524486
45917,,-57,40,394,143,65300,37148,11529807,0,100,163767,0,0,14:33:5C:6D:AF:58,0,0,ARMED,72.0,0,0,80:02:9C:61:97:4B,11,7,84.4,,,,,80:02:9C:61:97:4A,0,0,NONE,2026-08-26T17:00:31.886486
45917,,-47,50,5798,3134,65300,37148,11530046,0,100,163767,0,0,14:33:5C:6D:AF:58,0,0,ARMED,72.0,0,1,80:02:9C:61:97:4B,11,4,271.9,,,,,80:02:9C:61:97:4A,0,0,NONE,2026-08-26T17:00:32.125486
45917,,48,48,0,1023,65300,37148,11530467,0,100,163767,0,0,14:33:5C:6D:AF:58,0,0,ARMED,72.0,0,0,80:02:9C:61:97:4B,11,11,421.3,,,,,80:02:9C:61:97:4A,0,0,NONE,2026-08-26T17:00:32.546486
45917,,-48,49,16947,3151,65300,37148,11530670,0,100,163767,0,0,14:33:5C:6D:AF:58,0,0,ARMED,72.0,0,1,80:02:9C:61:97:4B,11,4,165.6,,,,,80:02:9C:61:97:4A,0,0,NONE,2026-08-26T17:00:32.749486
45917,,39,39,0,1023,65300,37148,11530864,0,100,163767,0,0,14:33:5C:6D:AF:58,0,1,ARMED,72.0,0,0,80:02:9C:61:97:4B,11,6,455.1,,,,,80:02:9C:61:97:4A,0,0,NONE,2026-08-26T17:00:32.943486
45917,,-91,6,6891,1833,65300,37148,11531068,0,100,163767,0,0,14:33:5C:6D:AF:58,0,0,ARMED,72.0,0,1,80:02:9C:61:97:4B,11,3,239.9,,,,,80:02:9C:61:97:4A,0,0,NONE,2026-08-26T17:00:33.147486
45917,BEACON,-90,7,0,2630,65300,37148,11531399,0,100,163767,0,0,14:33:5C:6D:AF:58,0,0,ARMED,72.0,0,1,80:02:9C:61:97:4B,11,5,139.0,,,,,80:02:9C:61:97:4A,0,0,NONE,2026-08-26T17:00:33.478486
45917,,-58,39,0,175,65300,37148,11531523,0,100,163767,0,0,14:33:5C:6D:AF:58,0,0,ARMED,72.0,0,0,80:02:9C:61:97:4B,11,43,742.6,,,,,80:02:9C:61:97:4A,0,0,NONE,2026-08-26T17:00:33.602486
45917,,-51,46,2924,3182,65300,37148,11531862,0,100,163767,0,0,14:33:5C:6D:AF:58,0,0,ARMED,72.0,0,0,80:02:9C:61:97:4B,11,14,156.3,,,,,80:02:9C:61:97:4A,0,0,NONE,2026-08-26T17:00:33.941486
45917,BEACON,-67,30,0,1951,65300,37148,11532291,0,100,163767,0,0,14:33:5C:6D:AF:58,0,0,ARMED,72.0,0,1,80:02:9C:61:97:4B,11,7,68.3,,,,,80:02:9C:61:97:4A,0,0,NONE,2026-08-26T17:00:34.370486
45917,,39,39,0,1023,65300,37148,11532808,0,100,163767,0,0,14:33:5C:6D:AF:58,0,0,ARMED,72.0,0,1,80:02:9C:61:97:4B,11,5,1120.3,,,,,80:02:9C:61:97:4A,0,0,NONE,2026-08-26T17:00:34.887486
45917,,-92,5,279496,2474,65300,37148,11533458,0,100,163767,0,0,14:33:5C:6D:AF:58,0,0,ARMED,72.0,0,1,80:02:9C:61:97:4B,11,4,100.2,,,,,80:02:9C:61:97:4A,0,0,NONE,2026-08-26T17:00:35.537486
45917,,-68,29,0,240,65300,37148,11534054,0,100,163767,0,0,14:33:5C:6D:AF:58,0,0,ARMED,72.0,0,0,80:02:9C:61:97:4B,11,4,179.2,,,,,80:02:9C:61:97:4A,0,0,NONE,2026-08-26T17:00:36.133486
45917,,39,39,0,1023,65300,37148,11534344,0,100,163767,0,0,14:33:5C:6D:AF:58,0,0,ARMED,72.0,0,1,80:02:9C:61:97:4B,11,2,444.9,,,,,80:02:9C:61:97:4A,0,0,NONE,2026-08-26T17:00:36.423486
45917,,47,47,0,1023,65300,37148,11534710,0,100,163767,0,0,14:33:5C:6D:AF:58,0,0,ARMED,72.0,0,0,80:02:9C:61:97:4B,11,22,348.0,,,,,80:02:9C:61:97:4A,0,0,NONE,2026-08-26T17:00:36.789486
45917,,-68,29,6992,251,65300,37148,11534983,0,100,163767,0,0,14:33:5C:6D:AF:58,0,0,ARMED,72.0,0,1,80:02:9C:61:97:4B,11,8,268.5,,,,,80:02:9C:61:97:4A,0,0,NONE,2026-08-26T17:00:37.062486
45917,,-67,30,1041,271,65300,37148,11535005,0,100,163767,0,0,14:33:5C:6D:AF:58,0,0,ARMED,72.0,0,0,80:02:9C:61:97:4B,11,58,1121.7,,,,,80:02:9C:61:97:4A,0,0,NONE,2026-08-26T17:00:37.084486
45917,BEACON,-79,18,29282,1828,65300,37148,11535459,0,100,163767,0,0,14:33:5C:6D:AF:58,0,0,ARMED,72.0,0,1,80:02:9C:61:97:4B,11,6,62.9,,,,,80:02:9C:61:97:4A,0,0,NONE,2026-08-26T17:00:37.538486
45917,BEACON,-93,4,0,1112,65300,37148,11535817,0,100,163767,0,0,14:33:5C:6D:AF:58,0,0,ARMED,72.0,0,1,80:02:9C:61:97:4B,11,8,180.4,,,,,80:02:9C:61:97:4A,0,0,NONE,2026-08-26T17:00:37.896486
45917,BEACON,-79,18,0,1838,65300,37148,11536483,0,100,163767,0,0,14:33:5C:6D:AF:58,0,0,ARMED,72.0,0,0,80:02:9C:61:97:4B,11,9,94.3,,,,,80:02:9C:61:97:4A,0,0,NONE,2026-08-26T17:00:38.562486
45917,,65,65,0,1023,65300,37148,11536690,0,100,163767,0,0,14:33:5C:6D:AF:58,0,0,ARMED,72.0,0,0,80:02:9C:61:97:4B,11,30,306.6,,,,,80:02:9C:61:97:4A,0,0,NONE,2026-08-26T17:00:38.769486
45917,,-57,40,1162,235,65300,37148,11536905,0,100,163767,0,0,14:33:5C:6D:AF:58,0,0,ARMED,72.0,0,0,80:02:9C:61:97:4B,11,29,317.4,,,,,80:02:9C:61:97:4A,0,0,NONE,2026-08-26T17:00:38.984486
45917,,-43,54,29075,3245,65300,37148,11537347,0,100,163767,0,0,14:33:5C:6D:AF:58,0,0,ARMED,72.0,0,1,80:02:9C:61:97:4B,11,1,108.5,,,,,80:02:9C:61:97:4A,0,0,NONE,2026-08-26T17:00:39.426486
45917,,-68,29,292,312,65300,37148,11537703,0,100,163767,0,0,14:33:5C:6D:AF:58,0,0,ARMED,72.0,0,0,80:02:9C:61:97:4B,11,12,215.3,,,,,80:02:9C:61:97:4A,0,0,NONE,2026-08-26T17:00:39.782486
45917,BEACON,-95,2,0,3889,65300,37148,11538145,0,100,163767,0,0,14:33:5C:6D:AF:58,0,0,ARMED,72.0,0,1,80:02:9C:61:97:4B,11,4,168.5,,,,,80:02:9C:61:97:4A,0,0,NONE,2026-08-26T17:00:40.224486
45917,,-57,40,1119,259,65300,37148,11538389,0,100,163767,0,0,14:33:5C:6D:AF:58,0,0,ARMED,72.0,0,0,80:02:9C:61:97:4B,11,31,491.2,,,,,80:02:9C:61:97:4A,0,0,NONE,2026-08-26T17:00:40.468486
45917,,-57,40,0,275,65300,37148,11538681,0,100,163767,0,0,14:33:5C:6D:AF:58,0,0,ARMED,72.0,0,0,80:02:9C:61:97:4B,11,23,485.5,,,,,80:02:9C:61:97:4A,0,0,NONE,2026-08-26T17:00:40.760486
45917,MGMT_OTHER,-91,6,2281,736,65300,37148,11539155,0,100,163767,0,0,14:33:5C:6D:AF:58,0,0,ARMED,72.0,0,1,80:02:9C:61:97:4B,11,3,301.9,,,,,80:02:9C:61:97:4A,0,0,NONE,2026-08-26T17:00:41.234486
45917,,39,39,0,1023,65300,37148,11539650,0,100,163767,0,0,14:33:5C:6D:AF:58,0,0,ARMED,72.0,0,0,80:02:9C:61:97:4B,11,9,94.8,,,,,80:02:9C:61:97:4A,0,0,NONE,2026-08-26T17:00:41.729486
45917,,39,39,0,1023,65300,37148,11540181,0,100,163767,0,0,14:33:5C:6D:AF:58,0,0,ARMED,72.0,0,1,80:02:9C:61:97:4B,11,17,188.0,,,,,80:02:9C:61:97:4A,0,0,NONE,2026-08-26T17:00:42.260486
45917,BEACON,-79,18,82,1878,65300,37148,11540579,0,100,163767,0,0,14:33:5C:6D:AF:58,0,0,ARMED,72.0,0,1,80:02:9C:61:97:4B,11,9,117.4,,,,,80:02:9C:61:97:4A,0,0,NONE,2026-08-26T17:00:42.658486
45917,,-68,29,292,360,65300,37148,11540924,0,100,163767,0,0,14:33:5C:6D:AF:58,0,0,ARMED,72.0,0,0,80:02:9C:61:97:4B,11,5,532.7,,,,,80:02:9C:61:97:4A,0,0,NONE,2026-08-26T17:00:43.003486
45917,BEACON,-67,30,0,2045,65300,37148,11541303,0,100,163767,0,0,14:33:5C:6D:AF:58,0,0,ARMED,72.0,0,1,80:02:9C:61:97:4B,11,7,86.7,,,,,80:02:9C:61:97:4A,0,0,NONE,2026-08-26T17:00:43.382486
45917,BEACON,-94,3,0,3979,65300,37148,11541733,0,100,163767,0,0,14:33:5C:6D:AF:58,0,0,ARMED,72.0,0,0,80:02:9C:61:97:4B,11,7,73.8,,,,,80:02:9C:61:97:4A,0,0,NONE,2026-08-26T17:00:43.812486
45917,,-69,28,292,395,65300,37148,11541915,0,100,163767,0,0,14:33:5C:6D:AF:58,0,0,ARMED,72.0,0,0,80:02:9C:61:97:4B,11,37,510.8,,,,,80:02:9C:61:97:4A,0,0,NONE,2026-08-26T17:00:43.994486
45917,BEACON,-79,18,77544,1894,65300,37148,11542217,0,100,163767,0,0,14:33:5C:6D:AF:58,0,0,ARMED,72.0,0,1,80:02:9C:61:97:4B,11,3,44.9,,,,,80:02:9C:61:97:4A,0,0,NONE,2026-08-26T17:00:44.296486
45917,,39,39,0,1023,65300,37148,11542798,0,100,163767,0,0,14:33:5C:6D:AF:58,0,0,ARMED,72.0,0,1,80:02:9C:61:97:4B,11,3,97.4,,,,,80:02:9C:61:97:4A,0,0,NONE,2026-08-26T17:00:44.877486
45917,BEACON,-93,4,0,1187,65300,37148,11543497,0,100,163767,0,0,14:33:5C:6D:AF:58,0,0,ARMED,72.0,0,1,80:02:9C:61:97:4B,11,7,68.4,,,,,80:02:9C:61:97:4A,0,0,NONE,2026-08-26T17:00:45.576486
45917,,-57,40,4037,318,65300,37148,11544055,0,100,163767,0,0,14:33:5C:6D:AF:58,0,0,ARMED,72.0,0,1,80:02:9C:61:97:4B,11,14,306.3,,,,,80:02:9C:61:97:4A,0,0,NONE,2026-08-26T17:00:46.134486
45917,DISASSOC,-92,5,99157,2441,65300,37148,11544567,0,100,163767,0,0,14:33:5C:6D:AF:58,0,0,ARMED,72.0,0,1,80:02:9C:61:97:4B,11,1,21.9,,,,,80:02:9C:61:97:4A,0,0,NONE,2026-08-26T17:00:46.646486
45917,BEACON,-79,18,98051,1921,65300,37148,11544982,0,100,163767,0,0,14:33:5C:6D:AF:58,0,1,ARMED,72.0,0,1,80:02:9C:61:97:4B,11,1,19.6,,,,,80:02:9C:61:97:4A,0,0,NONE,2026-08-26T17:00:47.061486
45917,,-57,40,0,340,65300,37148,11545401,0,100,163767,0,0,14:33:5C:6D:AF:58,0,0,ARMED,72.0,0,0,80:02:9C:61:97:4B,11,20,327.2,,,,,80:02:9C:61:97:4A,0,0,NONE,2026-08-26T17:00:47.480486
45917,,-57,40,2998,352,65300,37148,11545749,0,100,163767,0,0,14:33:5C:6D:AF:58,0,0,ARMED,72.0,0,1,80:02:9C:61:97:4B,11,2,1584.8,,,,,80:02:9C:61:97:4A,0,0,NONE,2026-08-26T17:00:47.828486
45917,BEACON,-93,4,0,1213,65300,37148,11546160,0,100,163767,0,0,14:33:5C:6D:AF:58,0,0,ARMED,72.0,0,1,80:02:9C:61:97:4B,11,7,68.4,,,,,80:02:9C:61:97:4A,0,0,NONE,2026-08-26T17:00:48.239486
45917,BEACON,-93,4,28959,1219,65300,37148,11546776,0,100,163767,0,0,14:33:5C:6D:AF:58,0,0,ARMED,72.0,0,1,80:02:9C:61:97:4B,11,11,105.6,,,,,80:02:9C:61:97:4A,0,0,NONE,2026-08-26T17:00:48.855486
45917,BEACON,-95,2,0,3978,65300,37148,11547258,0,100,163767,0,0,14:33:5C:6D:AF:58,0,0,ARMED,72.0,0,1,80:02:9C:61:97:4B,11,5,68.9,,,,,80:02:9C:61:97:4A,0,0,NONE,2026-08-26T17:00:49.337486
45917,BEACON,-93,4,0,3983,65300,37148,11547770,0,100,163767,0,0,14:33:5C:6D:AF:58,0,0,ARMED,72.0,0,1,80:02:9C:61:97:4B,11,6,81.6,,,,,80:02:9C:61:97:4A,0,0,NONE,2026-08-26T17:00:49.849486
45917,BEACON,-96,1,0,4041,65300,37148,11548082,0,100,163767,0,0,14:33:5C:6D:AF:58,0,1,ARMED,72.0,0,0,80:02:9C:61:97:4B,11,5,63.2,,,,,80:02:9C:61:97:4A,0,0,NONE,2026-08-26T17:00:50.161486
45917,BEACON,-96,1,0,4047,65300,37148,11548696,0,100,163767,0,0,14:33:5C:6D:AF:58,0,0,ARMED,72.0,0,0,80:02:9C:61:97:4B,11,11,139.1,,,,,80:02:9C:61:97:4A,0,0,NONE,2026-08-26T17:00:50.775486
45917,,-69,28,292,507,65300,37148,11548998,0,100,163767,0,0,14:33:5C:6D:AF:58,0,0,ARMED,72.0,0,0,80:02:9C:61:97:4B,11,30,405.8,,,,,80:02:9C:61:97:4A,0,0,NONE,2026-08-26T17:00:51.077486
45917,BEACON,-86,11,0,4018,65300,37148,11549235,0,100,163767,0,0,14:33:5C:6D:AF:58,0,0,ARMED,72.0,0,1,80:02:9C:61:97:4B,11,1,332.1,,,,,80:02:9C:61:97:4A,0,0,NONE,2026-08-26T17:00:51.314486
45917,,-41,56,60591,3366,65300,37148,11549773,0,100,163767,0,0,14:33:5C:6D:AF:58,0,0,ARMED,72.0,0,1,80:02:9C:61:97:4B,11,1,38.2,,,,,80:02:9C:61:97:4A,0,0,NONE,2026-08-26T17:00:51.852486
45917,BEACON,-86,11,0,4030,65300,37148,11550464,0,100,163767,0,0,14:33:5C:6D:AF:58,0,0,ARMED,72.0,0,1,80:02:9C:61:97:4B,11,5,90.8,,,,,80:02:9C:61:97:4A,0,0,NONE,2026-08-26T17:00:52.543486
45917,BEACON,-95,2,9961,4015,65300,37148,11551047,0,100,163767,0,0,14:33:5C:6D:AF:58,0,0,ARMED,72.0,0,1,80:02:9C:61:97:4B,11,2,84.1,,,,,80:02:9C:61:97:4A,0,0,NONE,2026-08-26T17:00:53.126486
45917,BEACON,-93,4,0,2832,65300,37148,11551469,0,100,163767,0,0,14:33:5C:6D:AF:58,0,0,ARMED,72.0,0,1,80:02:9C:61:97:4B,11,3,84.2,,,,,80:02:9C:61:97:4A,0,0,NONE,2026-08-26T17:00:53.548486
45917,BEACON,-91,6,0,1271,65300,37148,11552099,0,100,163767,0,0,14:33:5C:6D:AF:58,0,0,ARMED,72.0,0,1,80:02:9C:61:97:4B,11,11,214.1,,,,,80:02:9C:61:97:4A,0,0,NONE,2026-08-26T17:00:54.178486
45917,,-69,28,291,558,65300,37148,11552313,0,100,163767,0,0,14:33:5C:6D:AF:58,0,1,ARMED,72.0,0,0,80:02:9C:61:97:4B,11,16,261.5,,,,,80:02:9C:61:97:4A,0,0,NONE,2026-08-26T17:00:54.392486
45917,,49,49,0,1023,65300,37148,11552505,0,100,163767,0,0,14:33:5C:6D:AF:58,0,0,ARMED,72.0,0,0,80:02:9C:61:97:4B,11,6,124.2,,,,,80:02:9C:61:97:4A,0,0,NONE,2026-08-26T17:00:54.584486
45917,BEACON,-66,31,0,2167,65300,37148,11552976,0,100,163767,0,0,14:33:5C:6D:AF:58,0,0,ARMED,72.0,0,1,80:02:9C:61:97:4B,11,1,141.4,,,,,80:02:9C:61:97:4A,0,0,NONE,2026-08-26T17:00:55.055486
45917,BEACON,-95,2,0,4038,65300,37148,11553409,0,100,163767,0,0,14:33:5C:6D:AF:58,0,0,ARMED,72.0,0,1,80:02:9C:61:97:4B,11,3,99.5,,,,,80:02:9C:61:97:4A,0,0,NONE,2026-08-26T17:00:55.488486
45917,,-42,55,60593,3394,65300,37148,11553703,0,100,163767,0,0,14:33:5C:6D:AF:58,0,0,ARMED,72.0,0,1,80:02:9C:61:97:4B,11,2,137.1,,,,,80:02:9C:61:97:4A,0,0,NONE,2026-08-26T17:00:55.782486
45917,BEACON,-86,11,0,4068,65300,37148,11554355,0,100,163767,0,0,14:33:5C:6D:AF:58,0,0,ARMED,72.0,0,1,80:02:9C:61:97:4B,11,8,169.2,,,,,80:02:9C:61:97:4A,0,0,NONE,2026-08-26T17:00:56.434486
45917,,-68,29,664,594,65300,37148,11554923,0,100,163767,0,0,14:33:5C:6D:AF:58,0,0,ARMED,72.0,0,0,80:02:9C:61:97:4B,11,5,1280.4,,,,,80:02:9C:61:97:4A,0,0,NONE,2026-08-26T17:00:57.002486
45917,,-49,48,20941,3409,65300,37148,11555438,0,100,163767,0,0,14:33:5C:6D:AF:58,0,0,ARMED,72.0,0,1,80:02:9C:61:97:4B,11,1,241.1,,,,,80:02:9C:61:97:4A,0,0,NONE,2026-08-26T17:00:57.517486
45917,,-69,28,852,2290,65300,37148,11555723,0,100,163767,0,0,14:33:5C:6D:AF:58,0,0,ARMED,72.0,0,1,80:02:9C:61:97:4B,11,30,355.3,,,,,80:02:9C:61:97:4A,0,0,NONE,2026-08-26T17:00:57.802486
45917,,-58,39,0,480,65300,37148,11555993,0,100,163767,0,0,14:33:5C:6D:AF:58,0,0,ARMED,72.0,0,0,80:02:9C:61:97:4B,11,24,510.7,,,,,80:02:9C:61:97:4A,0,0,NONE,2026-08-26T17:00:58.072486
45917,,38,38,0,1023,65300,37148,11556351,0,100,163767,0,0,14:33:5C:6D:AF:58,0,0,ARMED,72.0,0,0,80:02:9C:61:97:4B,11,23,230.7,,,,,80:02:9C:61:97:4A,0,0,NONE,2026-08-26T17:00:58.430486
45917,,39,39,0,1023,65300,37148,11556673,0,100,163767,0,0,14:33:5C:6D:AF:58,0,0,ARMED,72.0,0,0,80:02:9C:61:97:4B,11,9,106.0,,,,,80:02:9C:61:97:4A,0,0,NONE,2026-08-26T17:00:58.752486
45917,,43,43,0,1023,65300,37148,11556905,0,100,163767,0,0,14:33:5C:6D:AF:58,0,0,ARMED,72.0,0,0,80:02:9C:61:97:4B,11,3,324.3,,,,,80:02:9C:61:97:4A,0,0,NONE,2026-08-26T17:00:58.984486
45917,BEACON,-93,4,0,1323,65300,37148,11557424,0,100,163767,0,0,14:33:5C:6D:AF:58,0,0,ARMED,72.0,0,1,80:02:9C:61:97:4B,11,1,63.4,,,,,80:02:9C:61:97:4A,0,0,NONE,2026-08-26T17:00:59.503486
45917,,38,38,0,1023,65300,37148,11557997,0,100,163767,0,0,14:33:5C:6D:AF:58,0,0,ARMED,72.0,0,1,80:02:9C:61:97:4B,11,8,103.7,,,,,80:02:9C:61:97:4A,0,0,NONE,2026-08-26T17:01:00.076486
45917,BEACON,-66,31,0,2225,65300,37148,11558403,0,100,163767,0,0,14:33:5C:6D:AF:58,0,0,ARMED,72.0,0,1,80:02:9C:61:97:4B,11,3,40.6,,,,,80:02:9C:61:97:4A,0,0,NONE,2026-08-26T17:01:00.482486
45917,,-92,5,40801,3090,65300,37148,11559028,0,100,163767,0,0,14:33:5C:6D:AF:58,0,0,ARMED,72.0,0,1,80:02:9C:61:97:4B,11,4,59.4,,,,,80:02:9C:61:97:4A,0,0,NONE,2026-08-26T17:01:01.107486
45917,,-57,40,489,501,64832,37148,11559264,0,100,163767,0,0,14:33:5C:6D:AF:58,0,0,ARMED,72.0,0,0,80:02:9C:61:97:4B,11,40,412.3,,,,,80:02:9C:61:97:4A,0,0,NONE,2026-08-26T17:01:01.343486
45917,BEACON,-89,8,0,56,65300,37148,11559451,0,100,163767,0,0,14:33:5C:6D:AF:58,1,1,ARMED,72.0,0,0,80:02:9C:61:97:4B,11,5,63.0,,,,,80:02:9C:61:97:4A,0,0,NONE,2026-08-26T17:01:01.530486
45917,,39,39,0,1023,65300,37148,11559947,0,100,163767,0,0,14:33:5C:6D:AF:58,0,0,ARMED,72.0,0,1,80:02:9C:61:97:4B,11,4,60.4,,,,,80:02:9C:61:97:4A,0,0,NONE,2026-08-26T17:01:02.026486
45917,BEACON,-93,4,0,11,65300,37148,11560468,0,100,163767,0,0,14:33:5C:6D:AF:58,0,0,ARMED,72.0,0,1,80:02:9C:61:97:4B,11,4,53.4,,,,,80:02:9C:61:97:4A,0,0,NONE,2026-08-26T17:01:02.547486
45917,BEACON,-79,18,29973,2078,65300,37148,11561059,0,100,163767,0,0,14:33:5C:6D:AF:58,0,0,ARMED,72.0,0,1,80:02:9C:61:97:4B,11,1,19.6,,,,,80:02:9C:61:97:4A,0,0,NONE,2026-08-26T17:01:03.138486
45917,,-48,49,25879,3430,65300,37148,11561412,0,100,163767,0,0,14:33:5C:6D:AF:58,0,0,ARMED,72.0,0,1,80:02:9C:61:97:4B,11,7,73.2,,,,,80:02:9C:61:97:4A,0,0,NONE,2026-08-26T17:01:03.491486
45917,BEACON,-92,5,42765,2932,65300,37148,11561606,0,100,163767,0,0,14:33:5C:6D:AF:58,0,1,ARMED,72.0,0,1,80:02:9C:61:97:4B,11,18,235.5,,,,,80:02:9C:61:97:4A,0,0,NONE,2026-08-26T17:01:03.685486
45917,BEACON,-94,3,15061,1369,65300,37148,11562134,0,100,163767,0,0,14:33:5C:6D:AF:58,0,0,ARMED,72.0,0,1,80:02:9C:61:97:4B,11,10,194.6,,,,,80:02:9C:61:97:4A,0,0,NONE,2026-08-26T17:01:04.213486
45917,,-68,29,0,710,65300,37148,11562448,0,100,163767,0,0,14:33:5C:6D:AF:58,0,0,ARMED,72.0,0,0,80:02:9C:61:97:4B,11,31,533.4,,,,,80:02:9C:61:97:4A,0,0,NONE,2026-08-26T17:01:04.527486
45917,,-68,29,292,728,65300,37148,11562740,0,100,163767,0,0,14:33:5C:6D:AF:58,0,0,ARMED,72.0,0,0,80:02:9C:61:97:4B,11,11,256.9,,,,,80:02:9C:61:97:4A,0,0,NONE,2026-08-26T17:01:04.819486
45917,BEACON,-96,1,0,2948,65300,37148,11563245,0,100,163767,0,0,14:33:5C:6D:AF:58,0,0,ARMED,72.0,0,1,80:02:9C:61:97:4B,11,5,140.4,,,,,80:02:9C:61:97:4A,0,0,NONE,2026-08-26T17:01:05.324486
45917,BEACON,-92,5,0,2955,65300,37148,11563962,0,100,163767,0,0,14:33:5C:6D:AF:58,0,0,ARMED,72.0,0,1,80:02:9C:61:97:4B,11,4,111.2,,,,,80:02:9C:61:97:4A,0,0,NONE,2026-08-26T17:01:06.041486
45917,BEACON,-91,6,0,1391,65300,37148,11564387,0,100,163767,0,0,14:33:5C:6D:AF:58,0,1,ARMED,72.0,0,1,80:02:9C:61:97:4B,11,6,116.8,,,,,80:02:9C:61:97:4A,0,0,NONE,2026-08-26T17:01:06.466486
45917,BEACON,-94,3,37380,109,65300,37148,11564875,0,100,163767,0,0,14:33:5C:6D:AF:58,0,0,ARMED,72.0,0,1,80:02:9C:61:97:4B,11,2,71.3,,,,,80:02:9C:61:97:4A,0,0,NONE,2026-08-26T17:01:06.954486
45917,,-57,40,0,571,65300,37148,11565319,0,100,163767,0,0,14:33:5C:6D:AF:58,0,0,ARMED,72.0,0,0,80:02:9C:61:97:4B,11,20,324.6,,,,,80:02:9C:61:97:4A,0,0,NONE,2026-08-26T17:01:07.398486
45917,,-46,51,31697,3454,65300,37148,11565769,0,100,163767,0,0,14:33:5C:6D:AF:58,0,0,ARMED,72.0,0,1,80:02:9C:61:97:4B,11,1,1000.0,,,,,80:02:9C:61:97:4A,0,0,NONE,2026-08-26T17:01:07.848486
45917,,-57,40,921,578,65300,37148,11566103,0,100,163767,0,0,14:33:5C:6D:AF:58,0,0,ARMED,72.0,0,0,80:02:9C:61:97:4B,11,19,695.8,,,,,80:02:9C:61:97:4A,0,0,NONE,2026-08-26T17:01:08.182486
45917,,49,49,0,1023,65300,37148,11566304,0,100,163767,0,0,14:33:5C:6D:AF:58,0,0,ARMED,72.0,0,0,80:02:9C:61:97:4B,11,12,518.1,,,,,80:02:9C:61:97:4A,0,0,NONE,2026-08-26T17:01:08.383486
45917,,49,49,0,1023,65300,37148,11566695,0,100,163767,0,0,14:33:5C:6D:AF:58,0,0,ARMED,72.0,0,1,80:02:9C:61:97:4B,11,3,439.6,,,,,80:02:9C:61:97:4A,0,0,NONE,2026-08-26T17:01:08.774486
45917,,39,39,0,1023,65300,37148,11567351,0,100,163767,0,0,14:33:5C:6D:AF:58,0,0,ARMED,72.0,0,1,80:02:9C:61:97:4B,11,4,86.1,,,,,80:02:9C:61:97:4A,0,0,NONE,2026-08-26T17:01:09.430486
45917,,40,40,0,1023,65300,37148,11567827,0,100,163767,0,0,14:33:5C:6D:AF:58,0,0,ARMED,72.0,0,1,80:02:9C:61:97:4B,11,4,412.9,,,,,80:02:9C:61:97:4A,0,0,NONE,2026-08-26T17:01:09.906486
45917,,-68,29,295,807,65300,37148,11568412,0,100,163767,0,0,14:33:5C:6D:AF:58,0,0,ARMED,72.0,0,0,80:02:9C:61:97:4B,11,15,181.4,,,,,80:02:9C:61:97:4A,0,0,NONE,2026-08-26T17:01:10.491486
45917,BEACON,-92,5,0,1433,65300,37148,11568688,0,100,163767,0,0,14:33:5C:6D:AF:58,0,0,ARMED,72.0,0,1,80:02:9C:61:97:4B,11,5,97.3,,,,,80:02:9C:61:97:4A,0,0,NONE,2026-08-26T17:01:10.767486
45917,MGMT_OTHER,-92,5,31275,3608,65300,37148,11569037,0,100,163767,0,0,14:33:5C:6D:AF:58,0,0,ARMED,72.0,0,1,80:02:9C:61:97:4B,11,10,107.0,,,,,80:02:9C:61:97:4A,0,0,NONE,2026-08-26T17:01:11.116486
45917,BEACON,-78,19,0,2163,65300,37148,11569763,0,100,163767,0,0,14:33:5C:6D:AF:58,0,0,ARMED,72.0,0,1,80:02:9C:61:97:4B,11,7,73.4,,,,,80:02:9C:61:97:4A,0,0,NONE,2026-08-26T17:01:11.842486
45917,,-56,41,0,644,65300,37148,11569812,0,100,163767,0,0,14:33:5C:6D:AF:58,0,0,ARMED,72.0,0,0,80:02:9C:61:97:4B,11,48,1140.4,,,,,80:02:9C:61:97:4A,0,0,NONE,2026-08-26T17:01:11.891486
45917,BEACON,-79,18,82,2168,65300,37148,11570275,0,100,163767,0,0,14:33:5C:6D:AF:58,0,0,ARMED,72.0,0,1,80:02:9C:61:97:4B,11,8,83.8,,,,,80:02:9C:61:97:4A,0,0,NONE,2026-08-26T17:01:12.354486
45917,BEACON,-79,18,30838,2174,65300,37148,11570889,0,100,163767,0,0,14:33:5C:6D:AF:58,0,0,ARMED,72.0,0,1,80:02:9C:61:97:4B,11,5,52.4,,,,,80:02:9C:61:97:4A,0,0,NONE,2026-08-26T17:01:12.968486
45917,,-65,32,97043,1312,65300,37148,11571513,0,100,163767,0,0,14:33:5C:6D:AF:58,0,0,ARMED,72.0,0,1,80:02:9C:61:97:4B,11,6,68.0,,,,,80:02:9C:61:97:4A,0,0,NONE,2026-08-26T17:01:13.592486
45917,PROBE_RESP,-69,28,0,2371,65300,37148,11571850,0,100,163767,0,0,14:33:5C:6D:AF:58,0,0,ARMED,72.0,0,1,80:02:9C:61:97:4B,11,6,377.2,,,,,80:02:9C:61:97:4A,0,0,NONE,2026-08-26T17:01:13.929486
45917,BEACON,-94,3,0,126,65300,37148,11572244,0,100,163767,0,0,14:33:5C:6D:AF:58,0,0,ARMED,72.0,0,1,80:02:9C:61:97:4B,11,12,117.2,,,,,80:02:9C:61:97:4A,0,0,NONE,2026-08-26T17:01:14.323486
45917,MGMT_OTHER,-91,6,50919,357,65300,37148,11572678,0,100,163767,0,0,14:33:5C:6D:AF:58,0,0,ARMED,72.0,0,1,80:02:9C:61:97:4B,11,1,77.0,,,,,80:02:9C:61:97:4A,0,0,NONE,2026-08-26T17:01:14.757486
45917,,-71,26,0,915,65300,37148,11573054,0,100,163767,0,0,14:33:5C:6D:AF:58,0,0,ARMED,72.0,0,0,80:02:9C:61:97:4B,11,28,352.4,,,,,80:02:9C:61:97:4A,0,0,NONE,2026-08-26T17:01:15.133486
45917,,-72,25,292,922,65300,37148,11573420,0,100,163767,0,0,14:33:5C:6D:AF:58,0,0,ARMED,72.0,0,0,80:02:9C:61:97:4B,11,5,132.4,,,,,80:02:9C:61:97:4A,0,0,NONE,2026-08-26T17:01:15.499486
45917,BEACON,-67,30,0,2394,65300,37148,11573866,0,100,163767,0,0,14:33:5C:6D:AF:58,0,0,ARMED,72.0,0,1,80:02:9C:61:97:4B,11,5,67.7,,,,,80:02:9C:61:97:4A,0,0,NONE,2026-08-26T17:01:15.945486
45917,BEACON,-86,11,0,170,65300,37148,11574630,0,100,163767,0,0,14:33:5C:6D:AF:58,0,0,ARMED,72.0,0,1,80:02:9C:61:97:4B,11,2,107.5,,,,,80:02:9C:61:97:4A,0,0,NONE,2026-08-26T17:01:16.709486
45917,,-53,44,0,3518,65300,37148,11575264,0,100,163767,0,0,14:33:5C:6D:AF:58,0,0,ARMED,72.0,0,1,80:02:9C:61:97:4B,11,3,80.0,,,,,80:02:9C:61:97:4A,0,0,NONE,2026-08-26T17:01:17.343486
45917,BEACON,-91,6,0,1504,65300,37148,11575958,0,100,163767,0,0,14:33:5C:6D:AF:58,0,0,ARMED,72.0,0,1,80:02:9C:61:97:4B,11,1,63.3,,,,,80:02:9C:61:97:4A,0,0,NONE,2026-08-26T17:01:18.037486
45917,,-56,41,419,709,65300,37148,11576588,0,100,163767,0,0,14:33:5C:6D:AF:58,0,0,ARMED,72.0,0,1,80:02:9C:61:97:4B,11,11,1047.1,,,,,80:02:9C:61:97:4A,0,0,NONE,2026-08-26T17:01:18.667486
45917,,-57,40,40732,3525,65300,37148,11576863,0,100,163767,0,0,14:33:5C:6D:AF:58,0,0,ARMED,72.0,0,1,80:02:9C:61:97:4B,11,4,115.3,,,,,80:02:9C:61:97:4A,0,0,NONE,2026-08-26T17:01:18.942486
45917,BEACON,-96,1,0,231,65300,37148,11577368,0,100,163767,0,0,14:33:5C:6D:AF:58,0,0,ARMED,72.0,0,0,80:02:9C:61:97:4B,11,4,142.6,,,,,80:02:9C:61:97:4A,0,0,NONE,2026-08-26T17:01:19.447486
45917,,40,40,0,1023,65300,37148,11577473,0,100,163767,0,0,14:33:5C:6D:AF:58,0,1,ARMED,72.0,0,1,80:02:9C:61:97:4B,11,17,564.5,,,,,80:02:9C:61:97:4A,0,0,NONE,2026-08-26T17:01:19.552486
45917,DEAUTH,-94,3,99246,1184,65300,37148,11578027,0,100,163767,0,0,14:33:5C:6D:AF:58,0,0,ARMED,72.0,0,1,80:02:9C:61:97:4B,11,5,69.3,,,,,80:02:9C:61:97:4A,0,0,NONE,2026-08-26T17:01:20.106486
45917,DISASSOC,-73,24,1062,0,65300,37148,11578703,0,100,163767,0,0,14:33:5C:6D:AF:58,0,0,ARMED,72.0,0,0,80:02:9C:61:97:4B,11,4,125.7,,,,,80:02:9C:61:97:4A,0,0,NONE,2026-08-26T17:01:20.782486
45917,,-74,23,9594,997,65300,37148,11579056,0,100,163767,0,0,14:33:5C:6D:AF:58,0,0,ARMED,72.0,0,1,80:02:9C:61:97:4B,11,6,77.2,,,,,80:02:9C:61:97:4A,0,0,NONE,2026-08-26T17:01:21.135486
45917,,-74,23,292,1007,65300,37148,11579794,0,100,163767,0,0,14:33:5C:6D:AF:58,0,0,ARMED,72.0,0,0,80:02:9C:61:97:4B,11,10,101.1,,,,,80:02:9C:61:97:4A,0,0,NONE,2026-08-26T17:01:21.873486
45917,,-74,23,3686,1025,65300,37148,11580057,0,100,163767,0,0,14:33:5C:6D:AF:58,0,0,ARMED,72.0,0,1,80:02:9C:61:97:4B,11,18,586.1,,,,,80:02:9C:61:97:4A,0,0,NONE,2026-08-26T17:01:22.136486
45917,,-57,40,15561,3548,65300,37148,11580412,0,100,163767,0,0,14:33:5C:6D:AF:58,0,0,ARMED,72.0,0,1,80:02:9C:61:97:4B,11,7,88.8,,,,,80:02:9C:61:97:4A,0,0,NONE,2026-08-26T17:01:22.491486
45917,,-56,41,0,777,65300,37148,11580994,0,100,163767,0,0,14:33:5C:6D:AF:58,0,0,ARMED,72.0,0,0,80:02:9C:61:97:4B,11,12,347.6,,,,,80:02:9C:61:97:4A,0,0,NONE,2026-08-26T17:01:23.073486
45917,BEACON,-78,19,0,2279,65300,37148,11581644,0,100,163767,0,0,14:33:5C:6D:AF:58,0,0,ARMED,72.0,0,1,80:02:9C:61:97:4B,11,2,37.2,,,,,80:02:9C:61:97:4A,0,0,NONE,2026-08-26T17:01:23.723486
45917,,36,36,0,1023,65300,37148,11582067,0,100,163767,0,0,14:33:5C:6D:AF:58,0,0,ARMED,72.0,0,0,80:02:9C:61:97:4B,11,6,89.5,,,,,80:02:9C:61:97:4A,0,0,NONE,2026-08-26T17:01:24.146486
45917,BEACON,-94,3,1308,1570,65300,37148,11582716,0,100,163767,0,0,14:33:5C:6D:AF:58,0,0,ARMED,72.0,0,1,80:02:9C:61:97:4B,11,19,185.5,,,,,80:02:9C:61:97:4A,0,0,NONE,2026-08-26T17:01:24.795486
45917,,-56,41,0,796,65300,37148,11583509,0,100,163767,0,0,14:33:5C:6D:AF:58,0,0,ARMED,72.0,0,0,80:02:9C:61:97:4B,11,8,105.4,,,,,80:02:9C:61:97:4A,0,0,NONE,2026-08-26T17:01:25.588486
45917,BEACON,-90,7,0,1583,65300,37148,11584048,0,100,163767,0,0,14:33:5C:6D:AF:58,0,0,ARMED,72.0,0,1,80:02:9C:61:97:4B,11,7,69.8,,,,,80:02:9C:61:97:4A,0,0,NONE,2026-08-26T17:01:26.127486
45917,PROBE_RESP,-67,30,53032,2507,65300,37148,11584488,0,100,163767,0,0,14:33:5C:6D:AF:58,0,0,ARMED,72.0,0,1,80:02:9C:61:97:4B,11,2,65.3,,,,,80:02:9C:61:97:4A,0,0,NONE,2026-08-26T17:01:26.567486
45917,BEACON,-64,33,0,2517,65300,37148,11585130,0,100,163767,0,0,14:33:5C:6D:AF:58,0,0,ARMED,72.0,0,1,80:02:9C:61:97:4B,11,6,99.3,,,,,80:02:9C:61:97:4A,0,0,NONE,2026-08-26T17:01:27.209486
45917,,-56,41,543,824,65300,37148,11585775,0,100,163767,0,0,14:33:5C:6D:AF:58,0,0,ARMED,72.0,0,0,80:02:9C:61:97:4B,11,15,167.3,,,,,80:02:9C:61:97:4A,0,0,NONE,2026-08-26T17:01:27.854486
45917,BEACON,-78,19,149004,2329,65300,37148,11586761,0,100,163767,0,0,14:33:5C:6D:AF:58,0,0,ARMED,72.0,0,1,80:02:9C:61:97:4B,11,1,19.6,,,,,80:02:9C:61:97:4A,0,0,NONE,2026-08-26T17:01:28.840486
45917,,-69,28,479,1131,65300,37148,11587133,0,100,163767,0,0,14:33:5C:6D:AF:58,0,0,ARMED,72.0,0,0,80:02:9C:61:97:4B,11,23,1671.0,,,,,80:02:9C:61:97:4A,0,0,NONE,2026-08-26T17:01:29.212486
45917,,-61,36,43659,3576,65300,37148,11587359,0,100,163767,0,0,14:33:5C:6D:AF:58,0,0,ARMED,72.0,0,1,80:02:9C:61:97:4B,11,2,56.9,,,,,80:02:9C:61:97:4A,0,0,NONE,2026-08-26T17:01:29.438486
45917,BEACON,-80,17,53,2341,65300,37148,11587990,0,100,163767,0,0,14:33:5C:6D:AF:58,0,0,ARMED,72.0,0,1,80:02:9C:61:97:4B,11,8,156.6,,,,,80:02:9C:61:97:4A,0,0,NONE,2026-08-26T17:01:30.069486
45917,PROBE_RESP,-81,16,0,2482,65300,37148,11588741,0,100,163767,0,0,14:33:5C:6D:AF:58,0,0,ARMED,72.0,0,0,80:02:9C:61:97:4B,11,7,83.5,,,,,80:02:9C:61:97:4A,0,0,NONE,2026-08-26T17:01:30.820486
45917,BEACON,-93,4,0,1633,65300,37148,11589168,0,100,163767,0,0,14:33:5C:6D:AF:58,0,0,ARMED,72.0,0,1,80:02:9C:61:97:4B,11,7,130.8,,,,,80:02:9C:61:97:4A,0,0,NONE,2026-08-26T17:01:31.247486
45917,,-71,26,0,1176,65300,37148,11589684,0,100,163767,0,0,14:33:5C:6D:AF:58,0,0,ARMED,72.0,0,0,80:02:9C:61:97:4B,11,8,144.1,,,,,80:02:9C:61:97:4A,0,0,NONE,2026-08-26T17:01:31.763486
45917,BEACON,-69,28,0,2573,65300,37148,11590147,0,100,163767,0,0,14:33:5C:6D:AF:58,0,0,ARMED,72.0,0,1,80:02:9C:61:97:4B,11,1,141.2,,,,,80:02:9C:61:97:4A,0,0,NONE,2026-08-26T17:01:32.226486
45917,,-71,26,0,1204,65300,37148,11590616,0,100,163767,0,0,14:33:5C:6D:AF:58,0,0,ARMED,72.0,0,0,80:02:9C:61:97:4B,11,30,452.8,,,,,80:02:9C:61:97:4A,0,0,NONE,2026-08-26T17:01:32.695486
45917,BEACON,-91,6,0,1650,65300,37148,11590909,0,100,163767,0,0,14:33:5C:6D:AF:58,0,0,ARMED,72.0,0,1,80:02:9C:61:97:4B,11,13,247.9,,,,,80:02:9C:61:97:4A,0,0,NONE,2026-08-26T17:01:32.988486
45917,,-56,41,3014,3590,65300,37148,11591569,0,100,163767,0,0,14:33:5C:6D:AF:58,0,0,ARMED,72.0,0,1,80:02:9C:61:97:4B,11,20,203.9,,,,,80:02:9C:61:97:4A,0,0,NONE,2026-08-26T17:01:33.648486
45917,,-57,40,0,295,65300,37148,11592143,0,100,163767,0,0,14:33:5C:6D:AF:58,0,0,ARMED,72.0,0,1,80:02:9C:61:97:4B,11,4,134.1,,,,,80:02:9C:61:97:4A,0,0,NONE,2026-08-26T17:01:34.222486
45917,BEACON,-80,17,102,2388,65300,37148,11592803,0,100,163767,0,0,14:33:5C:6D:AF:58,0,0,ARMED,72.0,0,1,80:02:9C:61:97:4B,11,4,59.9,,,,,80:02:9C:61:97:4A,0,0,NONE,2026-08-26T17:01:34.882486
45917,PROBE_RESP,-80,17,0,2491,65300,37148,11593146,0,100,163767,0,0,14:33:5C:6D:AF:58,0,0,ARMED,72.0,0,0,80:02:9C:61:97:4B,11,1,333.3,,,,,80:02:9C:61:97:4A,0,0,NONE,2026-08-26T17:01:35.225486
45917,BEACON,-94,3,0,1677,65300,37148,11593674,0,100,163767,0,0,14:33:5C:6D:AF:58,0,0,ARMED,72.0,0,1,80:02:9C:61:97:4B,11,7,69.3,,,,,80:02:9C:61:97:4A,0,0,NONE,2026-08-26T17:01:35.753486
45917,,-57,40,995,921,65300,37148,11593918,0,100,163767,0,0,14:33:5C:6D:AF:58,0,0,ARMED,72.0,0,0,80:02:9C:61:97:4B,11,32,792.5,,,,,80:02:9C:61:97:4A,0,0,NONE,2026-08-26T17:01:35.997486
45917,,65,65,0,1023,65300,37148,11594163,0,100,163767,0,0,14:33:5C:6D:AF:58,0,0,ARMED,72.0,0,0,80:02:9C:61:97:4B,11,7,86.9,,,,,80:02:9C:61:97:4A,0,0,NONE,2026-08-26T17:01:36.242486
45917,,65,65,0,1023,65300,37148,11594530,0,100,163767,0,0,14:33:5C:6D:AF:58,0,0,ARMED,72.0,0,0,80:02:9C:61:97:4B,11,5,130.8,,,,,80:02:9C:61:97:4A,0,0,NONE,2026-08-26T17:01:36.609486
45917,BEACON,-66,31,0,2625,65300,37148,11595062,0,100,163767,0,0,14:33:5C:6D:AF:58,0,0,ARMED,72.0,0,1,80:02:9C:61:97:4B,11,2,34.4,,,,,80:02:9C:61:97:4A,0,0,NONE,2026-08-26T17:01:37.141486
45917,BEACON,-94,3,0,356,65300,37148,11595796,0,100,163767,0,0,14:33:5C:6D:AF:58,0,0,ARMED,72.0,0,1,80:02:9C:61:97:4B,11,4,53.4,,,,,80:02:9C:61:97:4A,0,0,NONE,2026-08-26T17:01:37.875486
45917,BEACON,-88,9,0,380,65300,37148,11596133,0,100,163767,0,0,14:33:5C:6D:AF:58,0,0,ARMED,72.0,0,1,80:02:9C:61:97:4B,11,8,77.0,,,,,80:02:9C:61:97:4A,0,0,NONE,2026-08-26T17:01:38.212486
45917,,39,39,0,1023,65300,37148,11596654,0,100,163767,0,0,14:33:5C:6D:AF:58,0,0,ARMED,72.0,0,0,80:02:9C:61:97:4B,11,5,421.5,,,,,80:02:9C:61:97:4A,0,0,NONE,2026-08-26T17:01:38.733486
45917,,-57,40,1186,309,65300,37148,11596814,0,100,163767,0,0,14:33:5C:6D:AF:58,0,1,ARMED,72.0,0,0,80:02:9C:61:97:4B,11,12,179.2,,,,,80:02:9C:61:97:4A,0,0,NONE,2026-08-26T17:01:38.893486
45917,BEACON,-96,1,0,425,65300,37148,11597234,0,100,163767,0,0,14:33:5C:6D:AF:58,0,0,ARMED,72.0,0,0,80:02:9C:61:97:4B,11,16,202.3,,,,,80:02:9C:61:97:4A,0,0,NONE,2026-08-26T17:01:39.313486
45917,,-69,28,292,1319,65300,37148,11597409,0,100,163767,0,0,14:33:5C:6D:AF:58,0,0,ARMED,72.0,0,0,80:02:9C:61:97:4B,11,31,628.6,,,,,80:02:9C:61:97:4A,0,0,NONE,2026-08-26T17:01:39.488486
45917,BEACON,-95,2,0,3294,65300,37148,11597753,0,100,163767,0,0,14:33:5C:6D:AF:58,0,0,ARMED,72.0,0,1,80:02:9C:61:97:4B,11,10,280.6,,,,,80:02:9C:61:97:4A,0,0,NONE,2026-08-26T17:01:39.832486
45917,DEAUTH,-91,6,8907,3606,65300,37148,11598425,0,100,163767,0,0,14:33:5C:6D:AF:58,0,0,ARMED,72.0,0,1,80:02:9C:61:97:4B,11,6,64.2,,,,,80:02:9C:61:97:4A,0,0,NONE,2026-08-26T17:01:40.504486
45917,BEACON,-71,26,0,2671,65300,37148,11599056,0,100,163767,0,0,14:33:5C:6D:AF:58,0,0,ARMED,72.0,0,1,80:02:9C:61:97:4B,11,10,97.7,,,,,80:02:9C:61:97:4A,0,0,NONE,2026-08-26T17:01:41.135486
45917,BEACON,-80,17,0,2455,65300,37148,11599663,0,100,163767,0,0,14:33:5C:6D:AF:58,0,0,ARMED,72.0,0,1,80:02:9C:61:97:4B,11,19,199.2,,,,,80:02:9C:61:97:4A,0,0,NONE,2026-08-26T17:01:41.742486
45917,BEACON,-79,18,0,2459,65300,37148,11600073,0,100,163767,0,0,14:33:5C:6D:AF:58,0,0,ARMED,72.0,0,1,80:02:9C:61:97:4B,11,4,60.2,,,,,80:02:9C:61:97:4A,0,0,NONE,2026-08-26T17:01:42.152486
45917,,-75,22,291,1345,65300,37148,11600754,0,100,163767,0,0,14:33:5C:6D:AF:58,0,0,ARMED,72.0,0,0,80:02:9C:61:97:4B,11,4,131.9,,,,,80:02:9C:61:97:4A,0,0,NONE,2026-08-26T17:01:42.833486
45917,AUTH,-93,4,8345,1584,65300,37148,11600897,0,100,163767,0,0,14:33:5C:6D:AF:58,0,1,ARMED,72.0,0,1,80:02:9C:61:97:4B,11,4,56.0,,,,,80:02:9C:61:97:4A,0,0,NONE,2026-08-26T17:01:42.976486
45917,,39,39,0,1023,65300,37148,11601433,0,100,163767,0,0,14:33:5C:6D:AF:58,0,0,ARMED,72.0,0,0,80:02:9C:61:97:4B,11,11,137.1,,,,,80:02:9C:61:97:4A,0,0,NONE,2026-08-26T17:01:43.512486
45917,,40,40,0,1023,65300,37148,11601768,0,100,163767,0,0,14:33:5C:6D:AF:58,0,0,ARMED,72.0,0,0,80:02:9C:61:97:4B,11,22,360.0,,,,,80:02:9C:61:97:4A,0,0,NONE,2026-08-26T17:01:43.847486
45917,BEACON,-80,17,0,2479,65300,37148,11602121,0,100,163767,0,0,14:33:5C:6D:AF:58,0,0,ARMED,72.0,0,1,80:02:9C:61:97:4B,11,14,136.7,,,,,80:02:9C:61:97:4A,0,0,NONE,2026-08-26T17:01:44.200486
45917,,65,65,0,1023,65300,37148,11602548,0,100,163767,0,0,14:33:5C:6D:AF:58,0,0,ARMED,72.0,0,0,80:02:9C:61:97:4B,11,6,349.2,,,,,80:02:9C:61:97:4A,0,0,NONE,2026-08-26T17:01:44.627486
45917,,-56,41,0,3667,65300,37148,11602798,0,100,163767,0,0,14:33:5C:6D:AF:58,0,0,ARMED,72.0,0,1,80:02:9C:61:97:4B,11,7,111.2,,,,,80:02:9C:61:97:4A,0,0,NONE,2026-08-26T17:01:44.877486
45917,BEACON,-65,32,0,2716,65300,37148,11603254,0,100,163767,0,0,14:33:5C:6D:AF:58,0,0,ARMED,72.0,0,1,80:02:9C:61:97:4B,11,2,283.2,,,,,80:02:9C:61:97:4A,0,0,NONE,2026-08-26T17:01:45.333486
45917,,-56,41,0,1035,65300,37148,11603686,0,100,163767,0,0,14:33:5C:6D:AF:58,0,0,ARMED,72.0,0,0,80:02:9C:61:97:4B,11,17,574.3,,,,,80:02:9C:61:97:4A,0,0,NONE,2026-08-26T17:01:45.765486
45917,,-72,25,291,1416,65300,37148,11604390,0,100,163767,0,0,14:33:5C:6D:AF:58,0,0,ARMED,72.0,0,0,80:02:9C:61:97:4B,11,8,495.3,,,,,80:02:9C:61:97:4A,0,0,NONE,2026-08-26T17:01:46.469486
45917,,-57,40,786,1058,65300,37148,11604552,0,100,163767,0,0,14:33:5C:6D:AF:58,0,1,ARMED,72.0,0,0,80:02:9C:61:97:4B,11,25,329.4,,,,,80:02:9C:61:97:4A,0,0,NONE,2026-08-26T17:01:46.631486
45917,,39,39,0,1023,65300,37148,11604974,0,100,163767,0,0,14:33:5C:6D:AF:58,0,0,ARMED,72.0,0,0,80:02:9C:61:97:4B,11,14,157.9,,,,,80:02:9C:61:97:4A,0,0,NONE,2026-08-26T17:01:47.053486
45917,,-58,39,326,3708,65300,37148,11605239,0,100,163767,0,0,14:33:5C:6D:AF:58,0,0,ARMED,72.0,0,0,80:02:9C:61:97:4B,11,13,278.9,,,,,80:02:9C:61:97:4A,0,0,NONE,2026-08-26T17:01:47.318486
45917,,-55,42,0,3714,65300,37148,11605577,0,100,163767,0,0,14:33:5C:6D:AF:58,0,0,ARMED,72.0,0,1,80:02:9C:61:97:4B,11,14,181.3,,,,,80:02:9C:61:97:4A,0,0,NONE,2026-08-26T17:01:47.656486
45917,,39,39,0,1023,65300,37148,11605846,0,100,163767,0,0,14:33:5C:6D:AF:58,0,0,ARMED,72.0,0,1,80:02:9C:61:97:4B,11,5,129.2,,,,,80:02:9C:61:97:4A,0,0,NONE,2026-08-26T17:01:47.925486
45917,,-56,41,10032,3737,65300,37148,11606266,0,100,163767,0,0,14:33:5C:6D:AF:58,0,0,ARMED,72.0,0,1,80:02:9C:61:97:4B,11,7,143.0,,,,,80:02:9C:61:97:4A,0,0,NONE,2026-08-26T17:01:48.345486
45917,BEACON,-91,6,0,3386,65300,37148,11606767,0,100,163767,0,0,14:33:5C:6D:AF:58,0,0,ARMED,72.0,0,1,80:02:9C:61:97:4B,11,4,106.1,,,,,80:02:9C:61:97:4A,0,0,NONE,2026-08-26T17:01:48.846486
45917,BEACON,-70,27,0,2760,65300,37148,11607248,0,100,163767,0,0,14:33:5C:6D:AF:58,0,0,ARMED,72.0,0,1,80:02:9C:61:97:4B,11,1,141.5,,,,,80:02:9C:61:97:4A,0,0,NONE,2026-08-26T17:01:49.327486
45917,,-75,22,292,1459,65300,37148,11607728,0,100,163767,0,0,14:33:5C:6D:AF:58,0,0,ARMED,72.0,0,0,80:02:9C:61:97:4B,11,11,142.0,,,,,80:02:9C:61:97:4A,0,0,NONE,2026-08-26T17:01:49.807486
45917,BEACON,-71,26,82,2767,65300,37148,11607965,0,100,163767,0,0,14:33:5C:6D:AF:58,0,0,ARMED,72.0,0,1,80:02:9C:61:97:4B,11,2,283.7,,,,,80:02:9C:61:97:4A,0,0,NONE,2026-08-26T17:01:50.044486
45917,,40,40,0,1023,65300,37148,11608457,0,100,163767,0,0,14:33:5C:6D:AF:58,0,0,ARMED,72.0,0,0,80:02:9C:61:97:4B,11,6,66.8,,,,,80:02:9C:61:97:4A,0,0,NONE,2026-08-26T17:01:50.536486
45917,,40,40,0,1023,65300,37148,11609178,0,100,163767,0,0,14:33:5C:6D:AF:58,0,0,ARMED,72.0,0,1,80:02:9C:61:97:4B,11,6,69.3,,,,,80:02:9C:61:97:4A,0,0,NONE,2026-08-26T17:01:51.257486
45917,,40,40,0,1023,65300,37148,11609477,0,100,163767,0,0,14:33:5C:6D:AF:58,0,0,ARMED,72.0,0,0,80:02:9C:61:97:4B,11,11,138.7,,,,,80:02:9C:61:97:4A,0,0,NONE,2026-08-26T17:01:51.556486
45917,,40,40,0,1023,65300,37148,11609977,0,100,163767,0,0,14:33:5C:6D:AF:58,0,0,ARMED,72.0,0,1,80:02:9C:61:97:4B,11,3,59.5,,,,,80:02:9C:61:97:4A,0,0,NONE,2026-08-26T17:01:52.056486
45917,BEACON,-78,19,0,2559,65300,37148,11610313,0,100,163767,0,0,14:33:5C:6D:AF:58,0,0,ARMED,72.0,0,1,80:02:9C:61:97:4B,11,5,67.2,,,,,80:02:9C:61:97:4A,0,0,NONE,2026-08-26T17:01:52.392486
45917,,40,40,0,1023,65300,37148,11610777,0,100,163767,0,0,14:33:5C:6D:AF:58,0,0,ARMED,72.0,0,1,80:02:9C:61:97:4B,11,4,150.3,,,,,80:02:9C:61:97:4A,0,0,NONE,2026-08-26T17:01:52.856486
45917,,-55,42,367,1114,65300,37148,11611170,0,100,163767,0,0,14:33:5C:6D:AF:58,0,0,ARMED,72.0,0,1,80:02:9C:61:97:4B,11,13,1656.3,,,,,80:02:9C:61:97:4A,0,0,NONE,2026-08-26T17:01:53.249486
45917,BEACON,-94,3,0,3433,65300,37148,11611373,0,100,163767,0,0,14:33:5C:6D:AF:58,0,0,ARMED,72.0,0,1,80:02:9C:61:97:4B,11,7,68.3,,,,,80:02:9C:61:97:4A,0,0,NONE,2026-08-26T17:01:53.452486
45917,,-63,34,0,2614,65300,37148,11611980,0,100,163767,0,0,14:33:5C:6D:AF:58,0,0,ARMED,72.0,0,1,80:02:9C:61:97:4B,11,5,63.9,,,,,80:02:9C:61:97:4A,0,0,NONE,2026-08-26T17:01:54.059486
45917,BEACON,-78,19,0,2580,65300,37148,11612463,0,100,163767,0,0,14:33:5C:6D:AF:58,0,0,ARMED,72.0,0,1,80:02:9C:61:97:4B,11,3,58.8,,,,,80:02:9C:61:97:4A,0,0,NONE,2026-08-26T17:01:54.542486
45917,BEACON,-67,30,0,2823,65300,37148,11612778,0,100,163767,0,0,14:33:5C:6D:AF:58,0,0,ARMED,72.0,0,1,80:02:9C:61:97:4B,11,3,51.7,,,,,80:02:9C:61:97:4A,0,0,NONE,2026-08-26T17:01:54.857486
45917,PROBE_REQ,-66,31,0,2829,65300,37148,11613393,0,100,163767,0,0,14:33:5C:6D:AF:58,0,0,ARMED,72.0,0,0,80:02:9C:61:97:4B,11,3,50.6,,,,,80:02:9C:61:97:4A,0,0,NONE,2026-08-26T17:01:55.472486
45917,BEACON,-79,18,0,2593,65300,37148,11613794,0,100,163767,0,0,14:33:5C:6D:AF:58,0,0,ARMED,72.0,0,1,80:02:9C:61:97:4B,11,4,78.3,,,,,80:02:9C:61:97:4A,0,0,NONE,2026-08-26T17:01:55.873486
45917,BEACON,-79,18,0,2596,65300,37148,11614102,0,100,163767,0,0,14:33:5C:6D:AF:58,0,0,ARMED,72.0,0,1,80:02:9C:61:97:4B,11,1,41.2,,,,,80:02:9C:61:97:4A,0,0,NONE,2026-08-26T17:01:56.181486
45917,,39,39,0,1023,65300,37148,11614528,0,100,163767,0,0,14:33:5C:6D:AF:58,0,0,ARMED,72.0,0,0,80:02:9C:61:97:4B,11,5,303.6,,,,,80:02:9C:61:97:4A,0,0,NONE,2026-08-26T17:01:56.607486
45917,,-57,40,1247,1166,65300,37148,11614794,0,100,163767,0,0,14:33:5C:6D:AF:58,0,0,ARMED,72.0,0,1,80:02:9C:61:97:4B,11,35,446.4,,,,,80:02:9C:61:97:4A,0,0,NONE,2026-08-26T17:01:56.873486
45917,,45,45,0,1023,65300,37148,11615092,0,100,163767,0,0,14:33:5C:6D:AF:58,0,0,ARMED,72.0,0,0,80:02:9C:61:97:4B,11,9,130.5,,,,,80:02:9C:61:97:4A,0,0,NONE,2026-08-26T17:01:57.171486
45917,BEACON,-64,33,82,2853,65300,37148,11615645,0,100,163767,0,0,14:33:5C:6D:AF:58,0,0,ARMED,72.0,0,1,80:02:9C:61:97:4B,11,2,282.1,,,,,80:02:9C:61:97:4A,0,0,NONE,2026-08-26T17:01:57.724486
45917,BEACON,-88,9,8997,576,65300,37148,11616203,0,100,163767,0,0,14:33:5C:6D:AF:58,0,0,ARMED,72.0,0,1,80:02:9C:61:97:4B,11,4,75.2,,,,,80:02:9C:61:97:4A,0,0,NONE,2026-08-26T17:01:58.282486
45917,,39,39,0,1023,65300,37148,11616777,0,100,163767,0,0,14:33:5C:6D:AF:58,0,0,ARMED,72.0,0,1,80:02:9C:61:97:4B,11,2,155.9,,,,,80:02:9C:61:97:4A,0,0,NONE,2026-08-26T17:01:58.856486
45917,,-92,5,0,3268,65300,37148,11617040,0,100,163767,0,0,14:33:5C:6D:AF:58,0,0,ARMED,72.0,0,1,80:02:9C:61:97:4B,11,28,395.8,,,,,80:02:9C:61:97:4A,0,0,NONE,2026-08-26T17:01:59.119486
45917,,45,45,0,1023,65300,37148,11617442,0,100,163767,0,0,14:33:5C:6D:AF:58,0,0,ARMED,72.0,0,1,80:02:9C:61:97:4B,11,8,124.9,,,,,80:02:9C:61:97:4A,0,0,NONE,2026-08-26T17:01:59.521486
45917,,39,39,0,1023,65300,37148,11617928,0,100,163767,0,0,14:33:5C:6D:AF:58,0,0,ARMED,72.0,0,1,80:02:9C:61:97:4B,11,6,161.4,,,,,80:02:9C:61:97:4A,0,0,NONE,2026-08-26T17:02:00.007486
45917,,-58,39,1107,1195,65300,37148,11618212,0,100,163767,0,0,14:33:5C:6D:AF:58,0,0,ARMED,72.0,0,0,80:02:9C:61:97:4B,11,21,1497.8,,,,,80:02:9C:61:97:4A,0,0,NONE,2026-08-26T17:02:00.291486
45917,,46,46,0,1023,65300,37148,11618536,0,100,163767,0,0,14:33:5C:6D:AF:58,0,0,ARMED,72.0,0,0,80:02:9C:61:97:4B,11,7,228.0,,,,,80:02:9C:61:97:4A,0,0,NONE,2026-08-26T17:02:00.615486
45917,BEACON,-95,2,0,636,65300,37148,11618841,0,100,163767,0,0,14:33:5C:6D:AF:58,0,0,ARMED,72.0,0,0,80:02:9C:61:97:4B,11,5,173.3,,,,,80:02:9C:61:97:4A,0,0,NONE,2026-08-26T17:02:00.920486
45917,PROBE_RESP,-65,32,0,2894,65300,37148,11619323,0,100,163767,0,0,14:33:5C:6D:AF:58,0,0,ARMED,72.0,0,1,80:02:9C:61:97:4B,11,16,158.3,,,,,80:02:9C:61:97:4A,0,0,NONE,2026-08-26T17:02:01.402486
45917,BEACON,-79,18,0,2651,65300,37148,11619734,0,100,163767,0,0,14:33:5C:6D:AF:58,0,0,ARMED,72.0,0,1,80:02:9C:61:97:4B,11,12,117.2,,,,,80:02:9C:61:97:4A,0,0,NONE,2026-08-26T17:02:01.813486
45917,,-72,25,0,1657,65300,37148,11620145,0,100,163767,0,0,14:33:5C:6D:AF:58,0,0,ARMED,72.0,0,0,80:02:9C:61:97:4B,11,1,1000.0,,,,,80:02:9C:61:97:4A,0,0,NONE,2026-08-26T17:02:02.224486
45917,,45,45,0,1023,65300,37148,11620604,0,100,163767,0,0,14:33:5C:6D:AF:58,0,0,ARMED,72.0,0,1,80:02:9C:61:97:4B,11,5,96.8,,,,,80:02:9C:61:97:4A,0,0,NONE,2026-08-26T17:02:02.683486
45917,BEACON,-93,4,0,3530,65300,37148,11621100,0,100,163767,0,0,14:33:5C:6D:AF:58,0,0,ARMED,72.0,0,1,80:02:9C:61:97:4B,11,5,140.1,,,,,80:02:9C:61:97:4A,0,0,NONE,2026-08-26T17:02:03.179486
45917,PROBE_REQ,-66,31,0,2917,65300,37148,11621352,0,100,163767,0,0,14:33:5C:6D:AF:58,0,0,ARMED,72.0,0,1,80:02:9C:61:97:4B,11,37,447.1,,,,,80:02:9C:61:97:4A,0,0,NONE,2026-08-26T17:02:03.431486
45917,,39,39,0,1023,65300,37148,11621679,0,100,163767,0,0,14:33:5C:6D:AF:58,0,0,ARMED,72.0,0,1,80:02:9C:61:97:4B,11,13,135.9,,,,,80:02:9C:61:97:4A,0,0,NONE,2026-08-26T17:02:03.758486
45917,,-71,26,480,1690,65300,37148,11621939,0,100,163767,0,0,14:33:5C:6D:AF:58,0,0,ARMED,72.0,0,0,80:02:9C:61:97:4B,11,10,378.5,,,,,80:02:9C:61:97:4A,0,0,NONE,2026-08-26T17:02:04.018486
45917,,-48,49,27323,3771,65300,37148,11622055,0,100,163767,0,0,14:33:5C:6D:AF:58,0,1,ARMED,72.0,0,1,80:02:9C:61:97:4B,11,7,174.0,,,,,80:02:9C:61:97:4A,0,0,NONE,2026-08-26T17:02:04.134486
45917,BEACON,-93,4,0,1959,65300,37148,11622551,0,100,163767,0,0,14:33:5C:6D:AF:58,0,0,ARMED,72.0,0,1,80:02:9C:61:97:4B,11,2,87.9,,,,,80:02:9C:61:97:4A,0,0,NONE,2026-08-26T17:02:04.630486
45917,BEACON,-97,0,0,678,65300,37148,11623141,0,100,163767,0,0,14:33:5C:6D:AF:58,0,0,ARMED,72.0,0,1,80:02:9C:61:97:4B,11,6,75.9,,,,,80:02:9C:61:97:4A,0,0,NONE,2026-08-26T17:02:05.220486
45917,BEACON,-79,18,0,2689,65300,37148,11623625,0,100,163767,0,0,14:33:5C:6D:AF:58,0,0,ARMED,72.0,0,1,80:02:9C:61:97:4B,11,3,58.8,,,,,80:02:9C:61:97:4A,0,0,NONE,2026-08-26T17:02:05.704486
45917,,-89,8,0,2927,65300,37148,11624014,0,100,163767,0,0,14:33:5C:6D:AF:58,0,0,ARMED,72.0,0,1,80:02:9C:61:97:4B,11,1,32.8,,,,,80:02:9C:61:97:4A,0,0,NONE,2026-08-26T17:02:06.093486
45917,,39,39,0,1023,65300,37148,11624577,0,100,163767,0,0,14:33:5C:6D:AF:58,0,0,ARMED,72.0,0,0,80:02:9C:61:97:4B,11,6,73.1,,,,,80:02:9C:61:97:4A,0,0,NONE,2026-08-26T17:02:06.656486
45917,BEACON,-78,19,174,2702,65300,37148,11624956,0,100,163767,0,0,14:33:5C:6D:AF:58,0,0,ARMED,72.0,0,1,80:02:9C:61:97:4B,11,22,430.7,,,,,80:02:9C:61:97:4A,0,0,NONE,2026-08-26T17:02:07.035486
45917,,-71,26,480,1761,65300,37148,11625138,0,100,163767,0,0,14:33:5C:6D:AF:58,0,0,ARMED,72.0,0,0,80:02:9C:61:97:4B,11,32,1038.3,,,,,80:02:9C:61:97:4A,0,0,NONE,2026-08-26T17:02:07.217486
45917,,-88,9,0,4079,65300,37148,11625534,0,100,163767,0,0,14:33:5C:6D:AF:58,0,0,ARMED,72.0,0,1,80:02:9C:61:97:4B,11,2,139.4,,,,,80:02:9C:61:97:4A,0,0,NONE,2026-08-26T17:02:07.613486
45917,BEACON,-92,5,0,3575,65300,37148,11625709,0,100,163767,0,0,14:33:5C:6D:AF:58,0,0,ARMED,72.0,0,1,80:02:9C:61:97:4B,11,39,449.7,,,,,80:02:9C:61:97:4A,0,0,NONE,2026-08-26T17:02:07.788486
45917,BEACON,-93,4,0,1995,65300,37148,11626236,0,100,163767,0,0,14:33:5C:6D:AF:58,0,0,ARMED,72.0,0,1,80:02:9C:61:97:4B,11,12,117.2,,,,,80:02:9C:61:97:4A,0,0,NONE,2026-08-26T17:02:08.315486
45917,,-89,8,0,4094,65300,37148,11626583,0,100,163767,0,0,14:33:5C:6D:AF:58,0,0,ARMED,72.0,0,1,80:02:9C:61:97:4B,11,11,276.5,,,,,80:02:9C:61:97:4A,0,0,NONE,2026-08-26T17:02:08.662486
45917,,-90,7,10062,4025,65300,37148,11627076,0,100,163767,0,0,14:33:5C:6D:AF:58,0,0,ARMED,72.0,0,1,80:02:9C:61:97:4B,11,2,97.3,,,,,80:02:9C:61:97:4A,0,0,NONE,2026-08-26T17:02:09.155486
45917,BEACON,-80,17,0,2725,65300,37148,11627311,0,100,163767,0,0,14:33:5C:6D:AF:58,0,0,ARMED,72.0,0,1,80:02:9C:61:97:4B,11,2,39.2,,,,,80:02:9C:61:97:4A,0,0,NONE,2026-08-26T17:02:09.390486
45917,BEACON,-96,1,0,724,65300,37148,11627851,0,100,163767,0,0,14:33:5C:6D:AF:58,0,0,ARMED,72.0,0,0,80:02:9C:61:97:4B,11,4,142.5,,,,,80:02:9C:61:97:4A,0,0,NONE,2026-08-26T17:02:09.930486
45917,BEACON,-77,20,0,2734,65300,37148,11628233,0,100,163767,0,0,14:33:5C:6D:AF:58,0,0,ARMED,72.0,0,1,80:02:9C:61:97:4B,11,9,88.0,,,,,80:02:9C:61:97:4A,0,0,NONE,2026-08-26T17:02:10.312486
45917,,-56,41,62,1339,65128,37148,11628575,0,100,163767,0,0,14:33:5C:6D:AF:58,0,0,ARMED,72.0,0,1,80:02:9C:61:97:4B,11,15,428.3,,,,,80:02:9C:61:97:4A,0,0,NONE,2026-08-26T17:02:10.654486
45917,BEACON,-98,-1,0,680,65300,37148,11628973,0,100,163767,0,0,14:33:5C:6D:AF:58,0,0,ARMED,72.0,0,1,80:02:9C:61:97:4B,11,2,83.7,,,,,80:02:9C:61:97:4A,0,0,NONE,2026-08-26T17:02:11.052486
45917,,-56,41,1006,1365,65300,37148,11629312,0,100,163767,0,0,14:33:5C:6D:AF:58,0,0,ARMED,72.0,0,1,80:02:9C:61:97:4B,11,20,365.1,,,,,80:02:9C:61:97:4A,0,0,NONE,2026-08-26T17:02:11.391486
45917,BEACON,-87,10,0,709,65300,37148,11629823,0,100,163767,0,0,14:33:5C:6D:AF:58,0,0,ARMED,72.0,0,1,80:02:9C:61:97:4B,11,8,147.0,,,,,80:02:9C:61:97:4A,0,0,NONE,2026-08-26T17:02:11.902486
45917,,47,47,0,1023,65300,37148,11630344,0,100,163767,0,0,14:33:5C:6D:AF:58,0,0,ARMED,72.0,0,1,80:02:9C:61:97:4B,11,6,94.3,,,,,80:02:9C:61:97:4A,0,0,NONE,2026-08-26T17:02:12.423486
45917,,40,40,0,1023,65300,37148,11630927,0,100,163767,0,0,14:33:5C:6D:AF:58,0,0,ARMED,72.0,0,1,80:02:9C:61:97:4B,11,3,94.2,,,,,80:02:9C:61:97:4A,0,0,NONE,2026-08-26T17:02:13.006486
45917,BEACON,-91,6,0,2044,65300,37148,11631254,0,100,163767,0,0,14:33:5C:6D:AF:58,0,1,ARMED,72.0,0,1,80:02:9C:61:97:4B,11,7,136.0,,,,,80:02:9C:61:97:4A,0,0,NONE,2026-08-26T17:02:13.333486
45917,BEACON,-93,4,0,763,65300,37148,11631845,0,100,163767,0,0,14:33:5C:6D:AF:58,0,0,ARMED,72.0,0,0,80:02:9C:61:97:4B,11,4,142.5,,,,,80:02:9C:61:97:4A,0,0,NONE,2026-08-26T17:02:13.924486
45917,,-70,27,292,1899,64496,37148,11632041,0,100,163767,0,0,14:33:5C:6D:AF:58,0,0,ARMED,72.0,0,0,80:02:9C:61:97:4B,11,34,1709.1,,,,,80:02:9C:61:97:4A,0,0,NONE,2026-08-26T17:02:14.120486
45917,,-45,52,665,3788,65300,37148,11632278,0,100,163767,0,0,14:33:5C:6D:AF:58,0,0,ARMED,72.0,0,1,80:02:9C:61:97:4B,11,5,97.6,,,,,80:02:9C:61:97:4A,0,0,NONE,2026-08-26T17:02:14.357486
45917,,39,39,0,1023,65300,37148,11632617,0,100,163767,0,0,14:33:5C:6D:AF:58,0,0,ARMED,72.0,0,0,80:02:9C:61:97:4B,11,23,274.1,,,,,80:02:9C:61:97:4A,0,0,NONE,2026-08-26T17:02:14.696486
45917,,39,39,0,1023,65300,37148,11633077,0,100,163767,0,0,14:33:5C:6D:AF:58,0,0,ARMED,72.0,0,1,80:02:9C:61:97:4B,11,2,62.9,,,,,80:02:9C:61:97:4A,0,0,NONE,2026-08-26T17:02:15.156486
45917,BEACON,-66,31,82,3048,65300,37148,11633565,0,100,163767,0,0,14:33:5C:6D:AF:58,0,0,ARMED,72.0,0,1,80:02:9C:61:97:4B,11,2,282.6,,,,,80:02:9C:61:97:4A,0,0,NONE,2026-08-26T17:02:15.644486
45917,BEACON,-78,19,0,2791,65300,37148,11634070,0,100,163767,0,0,14:33:5C:6D:AF:58,0,0,ARMED,72.0,0,1,80:02:9C:61:97:4B,11,8,78.1,,,,,80:02:9C:61:97:4A,0,0,NONE,2026-08-26T17:02:16.149486
45917,BEACON,-65,32,0,3056,65300,37148,11634384,0,100,163767,0,0,14:33:5C:6D:AF:58,0,0,ARMED,72.0,0,1,80:02:9C:61:97:4B,11,2,283.4,,,,,80:02:9C:61:97:4A,0,0,NONE,2026-08-26T17:02:16.463486
45917,,40,40,0,1023,65300,37148,11634877,0,100,163767,0,0,14:33:5C:6D:AF:58,0,0,ARMED,72.0,0,0,80:02:9C:61:97:4B,11,15,164.8,,,,,80:02:9C:61:97:4A,0,0,NONE,2026-08-26T17:02:16.956486
45917,DEAUTH,-72,25,3347,0,65252,37148,11635331,0,100,163767,0,0,14:33:5C:6D:AF:58,0,0,ARMED,72.0,0,0,80:02:9C:61:97:4B,11,10,302.2,,,,,80:02:9C:61:97:4A,0,0,NONE,2026-08-26T17:02:17.410486
45917,,-71,26,292,1950,65300,37148,11635485,0,100,163767,0,0,14:33:5C:6D:AF:58,1,1,ARMED,72.0,0,0,80:02:9C:61:97:4B,11,20,236.9,,,,,80:02:9C:61:97:4A,0,0,NONE,2026-08-26T17:02:17.564486
45917,,47,47,0,1023,65300,37148,11635662,0,100,163767,0,0,14:33:5C:6D:AF:58,0,0,ARMED,72.0,0,1,80:02:9C:61:97:4B,11,9,158.6,,,,,80:02:9C:61:97:4A,0,0,NONE,2026-08-26T17:02:17.741486
45917,BEACON,-94,3,0,750,65300,37148,11636141,0,100,163767,0,0,14:33:5C:6D:AF:58,0,0,ARMED,72.0,0,1,80:02:9C:61:97:4B,11,5,209.8,,,,,80:02:9C:61:97:4A,0,0,NONE,2026-08-26T17:02:18.220486
45917,,64,64,0,1023,65300,37148,11636441,0,100,163767,0,0,14:33:5C:6D:AF:58,0,0,ARMED,72.0,0,0,80:02:9C:61:97:4B,11,6,377.5,,,,,80:02:9C:61:97:4A,0,0,NONE,2026-08-26T17:02:18.520486
45917,,40,40,0,1023,65300,37148,11636926,0,100,163767,0,0,14:33:5C:6D:AF:58,0,0,ARMED,72.0,0,0,80:02:9C:61:97:4B,11,10,108.5,,,,,80:02:9C:61:97:4A,0,0,NONE,2026-08-26T17:02:19.005486
45917,,39,39,0,1023,65300,37148,11637427,0,100,163767,0,0,14:33:5C:6D:AF:58,0,0,ARMED,72.0,0,1,80:02:9C:61:97:4B,11,7,86.5,,,,,80:02:9C:61:97:4A,0,0,NONE,2026-08-26T17:02:19.506486
45917,,39,39,0,1023,65300,37148,11637717,0,100,163767,0,0,14:33:5C:6D:AF:58,0,0,ARMED,72.0,0,1,80:02:9C:61:97:4B,11,6,105.8,,,,,80:02:9C:61:97:4A,0,0,NONE,2026-08-26T17:02:19.796486
45917,,47,47,0,1023,65300,37148,11638237,0,100,163767,0,0,14:33:5C:6D:AF:58,0,0,ARMED,72.0,0,0,80:02:9C:61:97:4B,11,7,107.9,,,,,80:02:9C:61:97:4A,0,0,NONE,2026-08-26T17:02:20.316486
45917,,39,39,0,1023,65300,37148,11638527,0,100,163767,0,0,14:33:5C:6D:AF:58,0,0,ARMED,72.0,0,1,80:02:9C:61:97:4B,11,6,117.9,,,,,80:02:9C:61:97:4A,0,0,NONE,2026-08-26T17:02:20.606486
45917,,-72,25,292,1996,65300,37148,11638982,0,100,163767,0,0,14:33:5C:6D:AF:58,0,0,ARMED,72.0,0,0,80:02:9C:61:97:4B,11,15,150.8,,,,,80:02:9C:61:97:4A,0,0,NONE,2026-08-26T17:02:21.061486
45917,,47,47,0,1023,65300,37148,11639131,0,100,163767,0,0,14:33:5C:6D:AF:58,0,1,ARMED,72.0,0,0,80:02:9C:61:97:4B,11,11,410.8,,,,,80:02:9C:61:97:4A,0,0,NONE,2026-08-26T17:02:21.210486
45917,,39,39,0,1023,65300,37148,11639527,0,100,163767,0,0,14:33:5C:6D:AF:58,0,0,ARMED,72.0,0,1,80:02:9C:61:97:4B,11,4,36.8,,,,,80:02:9C:61:97:4A,0,0,NONE,2026-08-26T17:02:21.606486
45917,,48,48,0,1023,65300,37148,11640146,0,100,163767,0,0,14:33:5C:6D:AF:58,0,0,ARMED,72.0,0,1,80:02:9C:61:97:4B,11,8,78.7,,,,,80:02:9C:61:97:4A,0,0,NONE,2026-08-26T17:02:22.225486
45917,,47,47,0,1023,65300,37148,11640550,0,100,163767,0,0,14:33:5C:6D:AF:58,0,0,ARMED,72.0,0,0,80:02:9C:61:97:4B,11,9,112.5,,,,,80:02:9C:61:97:4A,0,0,NONE,2026-08-26T17:02:22.629486
45917,MGMT_OTHER,-92,5,0,2344,65300,37148,11640876,0,100,163767,0,0,14:33:5C:6D:AF:58,0,0,ARMED,72.0,0,1,80:02:9C:61:97:4B,11,12,121.5,,,,,80:02:9C:61:97:4A,0,0,NONE,2026-08-26T17:02:22.955486
45917,,39,39,0,1023,65300,37148,11641377,0,100,163767,0,0,14:33:5C:6D:AF:58,0,0,ARMED,72.0,0,1,80:02:9C:61:97:4B,11,4,109.1,,,,,80:02:9C:61:97:4A,0,0,NONE,2026-08-26T17:02:23.456486
45917,,46,46,0,1023,65300,37148,11641538,0,100,163767,0,0,14:33:5C:6D:AF:58,0,0,ARMED,72.0,0,0,80:02:9C:61:97:4B,11,44,464.1,,,,,80:02:9C:61:97:4A,0,0,NONE,2026-08-26T17:02:23.617486
45917,BEACON,-88,9,19274,2193,65300,37148,11642099,0,100,163767,0,0,14:33:5C:6D:AF:58,0,0,ARMED,72.0,0,1,80:02:9C:61:97:4B,11,6,142.7,,,,,80:02:9C:61:97:4A,0,0,NONE,2026-08-26T17:02:24.178486
45917,,-71,26,292,2052,65300,37148,11642433,0,100,163767,0,0,14:33:5C:6D:AF:58,0,0,ARMED,72.0,0,0,80:02:9C:61:97:4B,11,19,273.4,,,,,80:02:9C:61:97:4A,0,0,NONE,2026-08-26T17:02:24.512486
45917,,-48,49,40087,3805,65300,37148,11642518,0,100,163767,0,0,14:33:5C:6D:AF:58,0,1,ARMED,72.0,0,1,80:02:9C:61:97:4B,11,13,251.7,,,,,80:02:9C:61:97:4A,0,0,NONE,2026-08-26T17:02:24.597486
45917,,46,46,0,1023,65300,37148,11642980,0,100,163767,0,0,14:33:5C:6D:AF:58,0,0,ARMED,72.0,0,0,80:02:9C:61:97:4B,11,2,1336.9,,,,,80:02:9C:61:97:4A,0,0,NONE,2026-08-26T17:02:25.059486
45917,BEACON,-66,31,0,3152,65300,37148,11643497,0,100,163767,0,0,14:33:5C:6D:AF:58,0,0,ARMED,72.0,0,1,80:02:9C:61:97:4B,11,1,141.4,,,,,80:02:9C:61:97:4A,0,0,NONE,2026-08-26T17:02:25.576486
45917,,46,46,0,1023,65300,37148,11643909,0,100,163767,0,0,14:33:5C:6D:AF:58,0,0,ARMED,72.0,0,1,80:02:9C:61:97:4B,11,3,322.5,,,,,80:02:9C:61:97:4A,0,0,NONE,2026-08-26T17:02:25.988486
45917,,39,39,0,1023,65300,37148,11644427,0,100,163767,0,0,14:33:5C:6D:AF:58,0,0,ARMED,72.0,0,1,80:02:9C:61:97:4B,11,2,135.2,,,,,80:02:9C:61:97:4A,0,0,NONE,2026-08-26T17:02:26.506486
45917,BEACON,-94,3,0,3763,65300,37148,11644755,0,100,163767,0,0,14:33:5C:6D:AF:58,0,0,ARMED,72.0,0,1,80:02:9C:61:97:4B,11,5,139.1,,,,,80:02:9C:61:97:4A,0,0,NONE,2026-08-26T17:02:26.834486
45917,,65,65,0,1023,65300,37148,11645336,0,100,163767,0,0,14:33:5C:6D:AF:58,0,0,ARMED,72.0,0,1,80:02:9C:61:97:4B,11,1,348.3,,,,,80:02:9C:61:97:4A,0,0,NONE,2026-08-26T17:02:27.415486
45917,BEACON,-67,30,0,3176,65300,37148,11645750,0,100,163767,0,0,14:33:5C:6D:AF:58,0,0,ARMED,72.0,0,1,80:02:9C:61:97:4B,11,1,141.6,,,,,80:02:9C:61:97:4A,0,0,NONE,2026-08-26T17:02:27.829486
45917,BEACON,-77,20,63,2907,65300,37148,11645948,0,100,163767,0,0,14:33:5C:6D:AF:58,0,1,ARMED,72.0,0,1,80:02:9C:61:97:4B,11,44,429.6,,,,,80:02:9C:61:97:4A,0,0,NONE,2026-08-26T17:02:28.027486
45917,BEACON,-77,20,0,2911,65228,37148,11646358,0,100,163767,0,0,14:33:5C:6D:AF:58,0,0,ARMED,72.0,0,1,80:02:9C:61:97:4B,11,21,205.1,,,,,80:02:9C:61:97:4A,0,0,NONE,2026-08-26T17:02:28.437486
45917,BEACON,-96,1,0,855,65300,37148,11646893,0,100,163767,0,0,14:33:5C:6D:AF:58,0,0,ARMED,72.0,0,1,80:02:9C:61:97:4B,11,4,167.6,,,,,80:02:9C:61:97:4A,0,0,NONE,2026-08-26T17:02:28.972486
45917,BEACON,-78,19,0,2921,65300,37148,11647382,0,100,163767,0,0,14:33:5C:6D:AF:58,0,0,ARMED,72.0,0,1,80:02:9C:61:97:4B,11,11,107.4,,,,,80:02:9C:61:97:4A,0,0,NONE,2026-08-26T17:02:29.461486
45917,BEACON,-93,4,0,3792,65300,37148,11647724,0,100,163767,0,0,14:33:5C:6D:AF:58,0,0,ARMED,72.0,0,1,80:02:9C:61:97:4B,11,8,223.8,,,,,80:02:9C:61:97:4A,0,0,NONE,2026-08-26T17:02:29.803486
45917,,40,40,0,1023,65300,37148,11648326,0,100,163767,0,0,14:33:5C:6D:AF:58,0,0,ARMED,72.0,0,1,80:02:9C:61:97:4B,11,2,85.6,,,,,80:02:9C:61:97:4A,0,0,NONE,2026-08-26T17:02:30.405486
45917,BEACON,-96,1,0,871,65300,37148,11648532,0,100,163767,0,0,14:33:5C:6D:AF:58,0,0,ARMED,72.0,0,1,80:02:9C:61:97:4B,11,10,418.6,,,,,80:02:9C:61:97:4A,0,0,NONE,2026-08-26T17:02:30.611486
45917,,40,40,0,1023,65300,37148,11649077,0,100,163767,0,0,14:33:5C:6D:AF:58,0,0,ARMED,72.0,0,1,80:02:9C:61:97:4B,11,7,123.3,,,,,80:02:9C:61:97:4A,0,0,NONE,2026-08-26T17:02:31.156486
45917,,-72,25,852,2179,65300,37148,11649391,0,100,163767,0,0,14:33:5C:6D:AF:58,0,0,ARMED,72.0,0,0,80:02:9C:61:97:4B,11,30,470.5,,,,,80:02:9C:61:97:4A,0,0,NONE,2026-08-26T17:02:31.470486
45917,BEACON,-68,29,0,3216,65300,37148,11649641,0,100,163767,0,0,14:33:5C:6D:AF:58,0,0,ARMED,72.0,0,1,80:02:9C:61:97:4B,11,1,141.2,,,,,80:02:9C:61:97:4A,0,0,NONE,2026-08-26T17:02:31.720486
45917,BEACON,-94,3,359,942,65300,37148,11650176,0,100,163767,0,0,14:33:5C:6D:AF:58,0,0,ARMED,72.0,0,1,80:02:9C:61:97:4B,11,3,110.9,,,,,80:02:9C:61:97:4A,0,0,NONE,2026-08-26T17:02:32.255486
45917,BEACON,-95,2,0,947,65300,37148,11650686,0,100,163767,0,0,14:33:5C:6D:AF:58,0,0,ARMED,72.0,0,0,80:02:9C:61:97:4B,11,3,142.5,,,,,80:02:9C:61:97:4A,0,0,NONE,2026-08-26T17:02:32.765486
45917,BEACON,-88,9,0,918,65300,37148,11651225,0,100,163767,0,0,14:33:5C:6D:AF:58,0,0,ARMED,72.0,0,1,80:02:9C:61:97:4B,11,6,126.7,,,,,80:02:9C:61:97:4A,0,0,NONE,2026-08-26T17:02:33.304486
45917,BEACON,-95,2,0,955,65300,37148,11651507,0,100,163767,0,0,14:33:5C:6D:AF:58,0,1,ARMED,72.0,0,1,80:02:9C:61:97:4B,11,5,226.5,,,,,80:02:9C:61:97:4A,0,0,NONE,2026-08-26T17:02:33.586486
45917,,-94,3,0,1774,65300,37148,11651985,0,100,163767,0,0,14:33:5C:6D:AF:58,0,0,ARMED,72.0,0,1,80:02:9C:61:97:4B,11,9,98.5,,,,,80:02:9C:61:97:4A,0,0,NONE,2026-08-26T17:02:34.064486
45917,,-56,41,0,1635,65300,37148,11652388,0,100,163767,0,0,14:33:5C:6D:AF:58,0,0,ARMED,72.0,0,0,80:02:9C:61:97:4B,11,18,265.1,,,,,80:02:9C:61:97:4A,0,0,NONE,2026-08-26T17:02:34.467486
45917,BEACON,-67,30,0,3249,65300,37148,11652816,0,100,163767,0,0,14:33:5C:6D:AF:58,0,0,ARMED,72.0,0,1,80:02:9C:61:97:4B,11,9,105.1,,,,,80:02:9C:61:97:4A,0,0,NONE,2026-08-26T17:02:34.895486
45917,BEACON,-94,3,0,915,65300,37148,11653037,0,100,163767,0,0,14:33:5C:6D:AF:58,0,0,ARMED,72.0,0,1,80:02:9C:61:97:4B,11,10,97.7,,,,,80:02:9C:61:97:4A,0,0,NONE,2026-08-26T17:02:35.116486
45917,,40,40,0,1023,63496,37148,11653330,0,100,163767,0,0,14:33:5C:6D:AF:58,0,1,ARMED,72.0,0,1,80:02:9C:61:97:4B,11,8,91.2,,,,,80:02:9C:61:97:4A,0,0,NONE,2026-08-26T17:02:35.409486
45917,BEACON,-78,19,0,2984,65300,37148,11653833,0,100,163767,0,0,14:33:5C:6D:AF:58,0,0,ARMED,72.0,0,1,80:02:9C:61:97:4B,11,5,74.9,,,,,80:02:9C:61:97:4A,0,1,AUTH_FLOOD,2026-08-26T17:02:35.912486
45917,BEACON,-97,0,0,983,65300,37148,11654373,0,100,163767,0,0,14:33:5C:6D:AF:58,0,0,ARMED,72.0,0,1,80:02:9C:61:97:4B,11,6,62.6,,,,,80:02:9C:61:97:4A,0,1,AUTH_FLOOD,2026-08-26T17:02:36.452486
45917,DEAUTH,-64,33,0,3270,65300,37148,11654794,0,100,163767,0,0,14:33:5C:6D:AF:58,0,0,ARMED,72.0,0,0,80:02:9C:61:97:4B,11,12,132.0,,,,,80:02:9C:61:97:4A,0,1,AUTH_FLOOD,2026-08-26T17:02:36.873486
45917,AUTH,-66,31,0,3273,65300,37148,11654832,0,100,163767,0,0,14:33:5C:6D:AF:58,1,1,ARMED,72.0,0,1,80:02:9C:61:97:4B,11,37,1294.5,,,,,80:02:9C:61:97:4A,0,1,AUTH_FLOOD,2026-08-26T17:02:36.911486
45917,AUTH,-40,57,0,1370,65300,37148,11654874,0,100,163767,0,0,14:33:5C:6D:AF:58,1,1,ARMED,72.0,0,0,80:02:9C:61:97:4B,11,87,1236.0,,,,,80:02:9C:61:97:4A,0,1,AUTH_FLOOD,2026-08-26T17:02:36.953486
45917,AUTH,-41,56,0,1391,65300,37148,11654917,0,100,163767,0,0,14:33:5C:6D:AF:58,1,1,ARMED,72.0,0,1,80:02:9C:61:97:4B,11,15,1121.0,,,,,80:02:9C:61:97:4A,0,1,AUTH_FLOOD,2026-08-26T17:02:36.996486
45917,AUTH,-65,32,0,3285,65300,37148,11654958,0,100,163767,0,0,14:33:5C:6D:AF:58,1,1,ARMED,72.0,0,1,80:02:9C:61:97:4B,11,65,1206.5,,,,,80:02:9C:61:97:4A,0,1,AUTH_FLOOD,2026-08-26T17:02:37.037486
45917,AUTH,-41,56,0,1439,65300,37148,11655000,0,100,163767,0,0,14:33:5C:6D:AF:58,1,1,ARMED,72.0,0,1,80:02:9C:61:97:4B,11,115,1193.9,,,,,80:02:9C:61:97:4A,0,1,AUTH_FLOOD,2026-08-26T17:02:37.079486
45917,AUTH,-37,60,0,1466,65300,37148,11655039,0,100,163767,0,0,14:33:5C:6D:AF:58,1,1,ARMED,72.0,0,0,80:02:9C:61:97:4B,11,49,2227.2,,,,,80:02:9C:61:97:4A,0,1,AUTH_FLOOD,2026-08-26T17:02:37.118486
45917,AUTH,-66,31,0,3297,65300,37148,11655079,0,100,163767,0,0,14:33:5C:6D:AF:58,1,1,ARMED,72.0,0,1,80:02:9C:61:97:4B,11,99,1602.4,,,,,80:02:9C:61:97:4A,0,1,AUTH_FLOOD,2026-08-26T17:02:37.158486
45917,AUTH,-37,60,0,1516,65300,37148,11655123,0,100,163767,0,0,14:33:5C:6D:AF:58,1,1,ARMED,72.0,0,0,80:02:9C:61:97:4B,11,9,1445.6,,,,,80:02:9C:61:97:4A,0,1,AUTH_FLOOD,2026-08-26T17:02:37.202486
45917,BEACON,-77,20,0,2997,65300,37148,11655165,0,100,163767,0,0,14:33:5C:6D:AF:58,1,1,ARMED,72.0,0,1,80:02:9C:61:97:4B,11,59,1238.5,,,,,80:02:9C:61:97:4A,0,1,AUTH_FLOOD,2026-08-26T17:02:37.244486
45917,AUTH,-66,31,0,3311,65300,37148,11655221,0,100,163767,0,0,14:33:5C:6D:AF:58,1,1,ARMED,72.0,0,0,80:02:9C:61:97:4B,11,1,386.8,,,,,80:02:9C:61:97:4A,0,1,AUTH_FLOOD,2026-08-26T17:02:37.300486
45917,BEACON,-78,19,0,2998,65300,37148,11655267,0,100,163767,0,0,14:33:5C:6D:AF:58,1,1,ARMED,72.0,0,1,80:02:9C:61:97:4B,11,51,1050.5,,,,,80:02:9C:61:97:4A,0,1,AUTH_FLOOD,2026-08-26T17:02:37.346486
45917,AUTH,-64,33,0,3325,65300,37148,11655323,0,100,163767,0,0,14:33:5C:6D:AF:58,1,1,ARMED,72.0,0,1,80:02:9C:61:97:4B,11,1,417.2,,,,,80:02:9C:61:97:4A,0,1,AUTH_FLOOD,2026-08-26T17:02:37.402486
45917,,-69,28,1983,2257,65300,37148,11655363,0,100,163767,0,0,14:33:5C:6D:AF:58,1,1,ARMED,72.0,0,1,80:02:9C:61:97:4B,11,51,1212.3,,,,,80:02:9C:61:97:4A,0,1,AUTH_FLOOD,2026-08-26T17:02:37.442486
45917,AUTH,-65,32,0,3336,65300,37148,11655402,0,100,163767,0,0,14:33:5C:6D:AF:58,1,1,ARMED,72.0,0,0,80:02:9C:61:97:4B,11,101,1246.5,,,,,80:02:9C:61:97:4A,0,1,AUTH_FLOOD,2026-08-26T17:02:37.481486
45917,AUTH,-66,31,0,3342,65300,37148,11655445,0,100,163767,0,0,14:33:5C:6D:AF:58,1,1,ARMED,72.0,0,0,80:02:9C:61:97:4B,11,25,1124.2,,,,,80:02:9C:61:97:4A,0,1,AUTH_FLOOD,2026-08-26T17:02:37.524486
45917,AUTH,-66,31,0,3349,65300,37148,11655493,0,100,163767,0,0,14:33:5C:6D:AF:58,1,1,ARMED,72.0,0,0,80:02:9C:61:97:4B,11,75,1073.9,,,,,80:02:9C:61:97:4A,0,1,AUTH_FLOOD,2026-08-26T17:02:37.572486
45917,AUTH,-64,33,0,3356,65300,37148,11655550,0,100,163767,0,0,14:33:5C:6D:AF:58,1,1,ARMED,72.0,0,0,80:02:9C:61:97:4B,11,28,1117.7,,,,,80:02:9C:61:97:4A,0,1,AUTH_FLOOD,2026-08-26T17:02:37.629486
45917,AUTH,-67,30,0,3363,65300,37148,11655595,0,100,163767,0,0,14:33:5C:6D:AF:58,1,1,ARMED,72.0,0,0,80:02:9C:61:97:4B,11,78,1114.4,,,,,80:02:9C:61:97:4A,0,1,AUTH_FLOOD,2026-08-26T17:02:37.674486
45917,AUTH,-65,32,0,3369,65300,37148,11655639,0,100,163767,0,0,14:33:5C:6D:AF:58,1,1,ARMED,72.0,0,0,80:02:9C:61:97:4B,11,15,1172.4,,,,,80:02:9C:61:97:4A,0,1,AUTH_FLOOD,2026-08-26T17:02:37.718486
45917,AUTH,-66,31,0,3377,65300,37148,11655686,0,100,163767,0,0,14:33:5C:6D:AF:58,1,1,ARMED,72.0,0,0,80:02:9C:61:97:4B,11,65,1088.6,,,,,80:02:9C:61:97:4A,0,1,AUTH_FLOOD,2026-08-26T17:02:37.765486
45917,AUTH,-65,32,0,3383,65300,37148,11655735,0,100,163767,0,0,14:33:5C:6D:AF:58,1,1,ARMED,72.0,0,0,80:02:9C:61:97:4B,11,8,1340.9,,,,,80:02:9C:61:97:4A,0,1,AUTH_FLOOD,2026-08-26T17:02:37.814486
45917,AUTH,-65,32,0,3390,65300,37148,11655781,0,100,163767,0,0,14:33:5C:6D:AF:58,1,1,ARMED,72.0,0,0,80:02:9C:61:97:4B,11,58,1119.0,,,,,80:02:9C:61:97:4A,0,1,AUTH_FLOOD,2026-08-26T17:02:37.860486
45917,AUTH,-65,32,0,3397,65300,37148,11655838,0,100,163767,0,0,14:33:5C:6D:AF:58,1,1,ARMED,72.0,0,0,80:02:9C:61:97:4B,11,9,1056.5,,,,,80:02:9C:61:97:4A,0,1,AUTH_FLOOD,2026-08-26T17:02:37.917486
45917,AUTH,-64,33,0,3404,65300,37148,11655884,0,100,163767,0,0,14:33:5C:6D:AF:58,1,1,ARMED,72.0,0,0,80:02:9C:61:97:4B,11,59,1094.8,,,,,80:02:9C:61:97:4A,0,1,AUTH_FLOOD,2026-08-26T17:02:37.963486
45917,,48,48,0,1023,65300,37148,11656017,0,100,163767,0,0,14:33:5C:6D:AF:58,1,1,ARMED,72.0,0,0,80:02:9C:61:97:4B,11,10,118.2,,,,,80:02:9C:61:97:4A,0,1,AUTH_FLOOD,2026-08-26T17:02:38.096486
45917,AUTH,-67,30,0,3416,65300,37148,11656203,0,100,163767,0,0,14:33:5C:6D:AF:58,1,1,ARMED,72.0,0,0,80:02:9C:61:97:4B,11,23,346.4,,,,,80:02:9C:61:97:4A,0,1,AUTH_FLOOD,2026-08-26T17:02:38.282486
45917,,-56,41,246,1691,65300,37148,11656396,0,100,163767,0,0,14:33:5C:6D:AF:58,1,0,ARMED,72.0,0,1,80:02:9C:61:97:4B,11,34,625.7,,,,,80:02:9C:61:97:4A,0,1,AUTH_FLOOD,2026-08-26T17:02:38.475486
45917,,65,65,0,1023,65300,37148,11656626,0,100,163767,0,0,14:33:5C:6D:AF:58,0,0,ARMED,72.0,0,0,80:02:9C:61:97:4B,11,10,125.7,,,,,80:02:9C:61:97:4A,0,1,AUTH_FLOOD,2026-08-26T17:02:38.705486
45917,BEACON,-88,9,0,973,65300,37148,11656857,0,100,163767,0,0,14:33:5C:6D:AF:58,0,0,ARMED,72.0,0,1,80:02:9C:61:97:4B,11,13,126.8,,,,,80:02:9C:61:97:4A,0,1,AUTH_FLOOD,2026-08-26T17:02:38.936486
45917,AUTH,-42,55,0,1557,65300,37148,11657180,0,100,163767,0,0,14:33:5C:6D:AF:58,1,1,ARMED,72.0,0,1,80:02:9C:61:97:4B,11,10,142.0,,,,,80:02:9C:61:97:4A,0,1,AUTH_FLOOD,2026-08-26T17:02:39.259486
45917,,39,39,0,1023,65300,37148,11657479,0,100,163767,0,0,14:33:5C:6D:AF:58,0,0,ARMED,72.0,0,0,80:02:9C:61:97:4B,11,7,113.2,,,,,80:02:9C:61:97:4A,0,1,AUTH_FLOOD,2026-08-26T17:02:39.558486
45917,BEACON,-77,20,28732,3023,65300,37148,11657826,0,100,163767,0,0,14:33:5C:6D:AF:58,0,0,ARMED,72.0,0,1,80:02:9C:61:97:4B,11,9,87.9,,,,,80:02:9C:61:97:4A,0,1,AUTH_FLOOD,2026-08-26T17:02:39.905486
45917,AUTH,-66,31,0,3444,65300,37148,11658028,0,100,163767,0,0,14:33:5C:6D:AF:58,1,1,ARMED,72.0,0,1,80:02:9C:61:97:4B,11,20,201.0,,,,,80:02:9C:61:97:4A,0,1,AUTH_FLOOD,2026-08-26T17:02:40.107486
45917,AUTH,-42,55,0,1565,65300,37148,11658351,0,100,163767,0,0,14:33:5C:6D:AF:58,0,0,ARMED,72.0,0,1,80:02:9C:61:97:4B,11,26,286.3,,,,,80:02:9C:61:97:4A,0,1,AUTH_FLOOD,2026-08-26T17:02:40.430486
45917,BEACON,-94,3,0,2312,65300,37148,11658697,0,100,163767,0,0,14:33:5C:6D:AF:58,0,0,ARMED,72.0,0,1,80:02:9C:61:97:4B,11,4,144.6,,,,,80:02:9C:61:97:4A,0,1,AUTH_FLOOD,2026-08-26T17:02:40.776486
45917,AUTH,-67,30,0,3461,65300,37148,11659032,0,100,163767,0,0,14:33:5C:6D:AF:58,1,0,ARMED,72.0,0,0,80:02:9C:61:97:4B,11,12,273.3,,,,,80:02:9C:61:97:4A,0,1,AUTH_FLOOD,2026-08-26T17:02:41.111486
45917,DEAUTH,-67,30,0,3464,65300,37148,11659222,0,100,163767,0,0,14:33:5C:6D:AF:58,1,1,ARMED,72.0,0,0,80:02:9C:61:97:4B,11,6,209.1,,,,,80:02:9C:61:97:4A,0,1,AUTH_FLOOD,2026-08-26T17:02:41.301486
45917,BEACON,-95,2,0,1033,65300,37148,11659493,0,100,163767,0,0,14:33:5C:6D:AF:58,1,1,ARMED,72.0,0,0,80:02:9C:61:97:4B,11,7,73.8,,,,,80:02:9C:61:97:4A,0,1,AUTH_FLOOD,2026-08-26T17:02:41.572486
45917,,-56,41,444,1732,65300,37148,11659837,0,100,163767,0,0,14:33:5C:6D:AF:58,0,0,ARMED,72.0,0,0,80:02:9C:61:97:4B,11,14,470.5,,,,,80:02:9C:61:97:4A,0,1,AUTH_FLOOD,2026-08-26T17:02:41.916486
45917,BEACON,-78,19,0,3045,65300,37148,11660079,0,100,163767,0,0,14:33:5C:6D:AF:58,0,0,ARMED,72.0,0,1,80:02:9C:61:97:4B,11,8,119.4,,,,,80:02:9C:61:97:4A,0,1,AUTH_FLOOD,2026-08-26T17:02:42.158486
45917,BEACON,-92,5,0,3917,65300,37148,11660321,0,100,163767,0,0,14:33:5C:6D:AF:58,0,0,ARMED,72.0,0,1,80:02:9C:61:97:4B,11,13,124.8,,,,,80:02:9C:61:97:4A,0,1,AUTH_FLOOD,2026-08-26T17:02:42.400486
45917,DEAUTH,-67,30,0,3485,65300,37148,11660641,0,100,163767,0,0,14:33:5C:6D:AF:58,0,0,ARMED,72.0,0,0,80:02:9C:61:97:4B,11,2,1258.7,,,,,80:02:9C:61:97:4A,0,1,AUTH_FLOOD,2026-08-26T17:02:42.720486
45917,DEAUTH,-65,32,0,3490,65300,37148,11660953,0,100,163767,0,0,14:33:5C:6D:AF:58,0,0,ARMED,72.0,0,0,80:02:9C:61:97:4B,11,4,704.3,,,,,80:02:9C:61:97:4A,0,1,AUTH_FLOOD,2026-08-26T17:02:43.032486
45917,BEACON,-95,2,0,3926,65300,37148,11661241,0,100,163767,0,0,14:33:5C:6D:AF:58,1,0,ARMED,72.0,0,1,80:02:9C:61:97:4B,11,17,190.7,,,,,80:02:9C:61:97:4A,0,1,AUTH_FLOOD,2026-08-26T17:02:43.320486
45917,,47,47,0,1023,65300,37148,11661609,0,100,163767,0,0,14:33:5C:6D:AF:58,1,0,ARMED,72.0,0,0,80:02:9C:61:97:4B,11,2,45.0,,,,,80:02:9C:61:97:4A,0,1,AUTH_FLOOD,2026-08-26T17:02:43.688486
45917,BEACON,-95,2,0,2344,65300,37148,11661989,0,100,163767,0,0,14:33:5C:6D:AF:58,0,0,ARMED,72.0,0,1,80:02:9C:61:97:4B,11,3,212.0,,,,,80:02:9C:61:97:4A,0,1,AUTH_FLOOD,2026-08-26T17:02:44.068486
45917,,47,47,0,1023,65300,37148,11662290,0,100,163767,0,0,14:33:5C:6D:AF:58,0,0,ARMED,72.0,0,0,80:02:9C:61:97:4B,11,4,672.6,,,,,80:02:9C:61:97:4A,0,1,AUTH_FLOOD,2026-08-26T17:02:44.369486
45917,BEACON,-92,5,0,2349,65300,37148,11662488,0,100,163767,0,0,14:33:5C:6D:AF:58,1,1,ARMED,72.0,0,1,80:02:9C:61:97:4B,11,31,306.6,,,,,80:02:9C:61:97:4A,0,1,AUTH_FLOOD,2026-08-26T17:02:44.567486
45917,PROBE_RESP,-67,30,0,3517,65300,37148,11662767,0,100,163767,0,0,14:33:5C:6D:AF:58,0,0,ARMED,72.0,0,0,80:02:9C:61:97:4B,11,21,277.3,,,,,80:02:9C:61:97:4A,0,1,AUTH_FLOOD,2026-08-26T17:02:44.846486
45917,BEACON,-93,4,0,2356,65300,37148,11663203,0,100,163767,0,0,14:33:5C:6D:AF:58,0,0,ARMED,72.0,0,1,80:02:9C:61:97:4B,11,8,78.1,,,,,80:02:9C:61:97:4A,0,1,AUTH_FLOOD,2026-08-26T17:02:45.282486
45917,,-71,26,292,2415,65300,37148,11663258,0,100,163767,0,0,14:33:5C:6D:AF:58,0,0,ARMED,72.0,0,0,80:02:9C:61:97:4B,11,50,905.1,,,,,80:02:9C:61:97:4A,0,1,AUTH_FLOOD,2026-08-26T17:02:45.337486
45917,,47,47,0,1023,65300,37148,11663710,0,100,163767,0,0,14:33:5C:6D:AF:58,0,0,ARMED,72.0,0,1,80:02:9C:61:97:4B,11,10,102.4,,,,,80:02:9C:61:97:4A,0,1,AUTH_FLOOD,2026-08-26T17:02:45.789486
45917,AUTH,-90,7,39902,2809,65300,37148,11664117,0,100,163767,0,0,14:33:5C:6D:AF:58,0,0,ARMED,72.0,0,1,80:02:9C:61:97:4B,11,8,85.1,,,,,80:02:9C:61:97:4A,0,1,AUTH_FLOOD,2026-08-26T17:02:46.196486
45917,,46,46,0,1023,65300,37148,11664443,0,100,163767,0,0,14:33:5C:6D:AF:58,0,0,ARMED,72.0,0,1,80:02:9C:61:97:4B,11,8,127.2,,,,,80:02:9C:61:97:4A,0,1,AUTH_FLOOD,2026-08-26T17:02:46.522486
45917,BEACON,-95,2,0,2373,65300,37148,11664943,0,100,163767,0,0,14:33:5C:6D:AF:58,0,0,ARMED,72.0,0,1,80:02:9C:61:97:4B,11,6,116.5,,,,,80:02:9C:61:97:4A,0,1,AUTH_FLOOD,2026-08-26T17:02:47.022486
45917,BEACON,-97,0,12843,1035,65300,37148,11665325,0,100,163767,0,0,14:33:5C:6D:AF:58,0,0,ARMED,72.0,0,1,80:02:9C:61:97:4B,11,4,167.3,,,,,80:02:9C:61:97:4A,0,1,AUTH_FLOOD,2026-08-26T17:02:47.404486
45917,,39,39,0,1023,65300,37148,11665777,0,100,163767,0,0,14:33:5C:6D:AF:58,0,0,ARMED,72.0,0,1,80:02:9C:61:97:4B,11,9,136.9,,,,,80:02:9C:61:97:4A,0,1,AUTH_FLOOD,2026-08-26T17:02:47.856486
45917,,39,39,0,1023,65300,37148,11665946,0,100,163767,0,0,14:33:5C:6D:AF:58,0,1,ARMED,72.0,0,0,80:02:9C:61:97:4B,11,15,501.5,,,,,80:02:9C:61:97:4A,0,1,AUTH_FLOOD,2026-08-26T17:02:48.025486
45917,,39,39,0,1023,65300,37148,11666226,0,100,163767,0,0,14:33:5C:6D:AF:58,0,1,ARMED,72.0,0,1,80:02:9C:61:97:4B,11,1,357.4,,,,,80:02:9C:61:97:4A,0,1,AUTH_FLOOD,2026-08-26T17:02:48.305486
45917,,47,47,0,1023,65300,37148,11666609,0,100,163767,0,0,14:33:5C:6D:AF:58,0,0,ARMED,72.0,0,0,80:02:9C:61:97:4B,11,16,203.7,,,,,80:02:9C:61:97:4A,0,1,AUTH_FLOOD,2026-08-26T17:02:48.688486
45917,,-71,26,292,2461,65300,37148,11666834,0,100,163767,0,0,14:33:5C:6D:AF:58,0,0,ARMED,72.0,0,0,80:02:9C:61:97:4B,11,33,333.5,,,,,80:02:9C:61:97:4A,0,1,AUTH_FLOOD,2026-08-26T17:02:48.913486
45917,BEACON,-67,30,0,3562,65300,37148,11667153,0,100,163767,0,0,14:33:5C:6D:AF:58,0,0,ARMED,72.0,0,1,80:02:9C:61:97:4B,11,7,80.9,,,,,80:02:9C:61:97:4A,0,1,AUTH_FLOOD,2026-08-26T17:02:49.232486
45917,,47,47,0,1023,65300,37148,11667488,0,100,163767,0,0,14:33:5C:6D:AF:58,0,0,ARMED,72.0,0,0,80:02:9C:61:97:4B,11,7,891.3,,,,,80:02:9C:61:97:4A,0,1,AUTH_FLOOD,2026-08-26T17:02:49.567486
45917,,40,40,0,1023,65300,37148,11668026,0,100,163767,0,0,14:33:5C:6D:AF:58,0,0,ARMED,72.0,0,1,80:02:9C:61:97:4B,11,2,75.1,,,,,80:02:9C:61:97:4A,0,1,AUTH_FLOOD,2026-08-26T17:02:50.105486
45917,BEACON,-96,1,0,1121,65300,37148,11668504,0,100,163767,0,0,14:33:5C:6D:AF:58,0,0,ARMED,72.0,0,0,80:02:9C:61:97:4B,11,6,75.9,,,,,80:02:9C:61:97:4A,0,1,AUTH_FLOOD,2026-08-26T17:02:50.583486
45917,AUTH,-37,60,0,1644,65300,37148,11669014,0,100,163767,0,0,14:33:5C:6D:AF:58,0,0,ARMED,72.0,0,1,80:02:9C:61:97:4B,11,6,79.2,,,,,80:02:9C:61:97:4A,0,1,AUTH_FLOOD,2026-08-26T17:02:51.093486
45917,,-77,20,352,4019,65300,37148,11669368,0,100,163767,0,0,14:33:5C:6D:AF:58,0,0,ARMED,72.0,0,1,80:02:9C:61:97:4B,11,11,523.5,,,,,80:02:9C:61:97:4A,0,1,AUTH_FLOOD,2026-08-26T17:02:51.447486
45917,BEACON,-92,5,0,4016,65300,37148,11669843,0,100,163767,0,0,14:33:5C:6D:AF:58,0,0,ARMED,72.0,0,1,80:02:9C:61:97:4B,11,8,92.3,,,,,80:02:9C:61:97:4A,0,1,AUTH_FLOOD,2026-08-26T17:02:51.922486
45917,,-74,23,291,2511,65300,37148,11670199,0,100,163767,0,0,14:33:5C:6D:AF:58,0,0,ARMED,72.0,0,0,80:02:9C:61:97:4B,11,31,365.6,,,,,80:02:9C:61:97:4A,0,1,AUTH_FLOOD,2026-08-26T17:02:52.278486
45917,BEACON,-93,4,0,2427,65300,37148,11670474,0,100,163767,0,0,14:33:5C:6D:AF:58,0,0,ARMED,72.0,0,1,80:02:9C:61:97:4B,11,5,95.8,,,,,80:02:9C:61:97:4A,0,1,AUTH_FLOOD,2026-08-26T17:02:52.553486
45917,BEACON,-78,19,0,3151,65300,37148,11670934,0,100,163767,0,0,14:33:5C:6D:AF:58,0,0,ARMED,72.0,0,1,80:02:9C:61:97:4B,11,14,136.7,,,,,80:02:9C:61:97:4A,0,1,AUTH_FLOOD,2026-08-26T17:02:53.013486
45917,BEACON,-91,6,0,4032,65300,37148,11671481,0,100,163767,0,0,14:33:5C:6D:AF:58,0,0,ARMED,72.0,0,1,80:02:9C:61:97:4B,11,5,139.3,,,,,80:02:9C:61:97:4A,0,1,AUTH_FLOOD,2026-08-26T17:02:53.560486
45917,BEACON,-93,4,0,2442,65300,37148,11672009,0,100,163767,0,0,14:33:5C:6D:AF:58,0,0,ARMED,72.0,0,1,80:02:9C:61:97:4B,11,7,135.6,,,,,80:02:9C:61:97:4A,0,1,AUTH_FLOOD,2026-08-26T17:02:54.088486
45917,,-56,41,0,1884,65300,37148,11672362,0,100,163767,0,0,14:33:5C:6D:AF:58,0,0,ARMED,72.0,0,0,80:02:9C:61:97:4B,11,23,242.3,,,,,80:02:9C:61:97:4A,0,1,AUTH_FLOOD,2026-08-26T17:02:54.441486
45917,BEACON,-93,4,0,4045,65300,37148,11672812,0,100,163767,0,0,14:33:5C:6D:AF:58,0,0,ARMED,72.0,0,1,80:02:9C:61:97:4B,11,4,111.9,,,,,80:02:9C:61:97:4A,0,1,AUTH_FLOOD,2026-08-26T17:02:54.891486
45917,BEACON,-94,3,32864,4050,65300,37148,11673324,0,100,163767,0,0,14:33:5C:6D:AF:58,0,0,ARMED,72.0,0,1,80:02:9C:61:97:4B,11,5,139.8,,,,,80:02:9C:61:97:4A,0,1,AUTH_FLOOD,2026-08-26T17:02:55.403486
45917,,-71,26,447,2567,65300,37148,11673615,0,100,163767,0,0,14:33:5C:6D:AF:58,0,0,ARMED,72.0,0,0,80:02:9C:61:97:4B,11,10,516.7,,,,,80:02:9C:61:97:4A,0,1,AUTH_FLOOD,2026-08-26T17:02:55.694486
45917,BEACON,-93,4,0,2460,65300,37148,11673852,0,100,163767,0,0,14:33:5C:6D:AF:58,0,0,ARMED,72.0,0,1,80:02:9C:61:97:4B,11,5,97.1,,,,,80:02:9C:61:97:4A,0,1,AUTH_FLOOD,2026-08-26T17:02:55.931486
45917,,39,39,0,1023,65300,37148,11674476,0,100,163767,0,0,14:33:5C:6D:AF:58,0,0,ARMED,72.0,0,1,80:02:9C:61:97:4B,11,7,114.4,,,,,80:02:9C:61:97:4A,0,1,AUTH_FLOOD,2026-08-26T17:02:56.555486
45917,,46,46,0,1023,65300,37148,11674801,0,100,163767,0,0,14:33:5C:6D:AF:58,0,0,ARMED,72.0,0,1,80:02:9C:61:97:4B,11,10,126.3,,,,,80:02:9C:61:97:4A,0,1,AUTH_FLOOD,2026-08-26T17:02:56.880486
45917,,-89,8,0,2489,65300,37148,11675387,0,100,163767,0,0,14:33:5C:6D:AF:58,0,0,ARMED,72.0,0,1,80:02:9C:61:97:4B,11,6,118.8,,,,,80:02:9C:61:97:4A,0,1,AUTH_FLOOD,2026-08-26T17:02:57.466486
45917,,39,39,0,1023,65300,37148,11675927,0,100,163767,0,0,14:33:5C:6D:AF:58,0,0,ARMED,72.0,0,0,80:02:9C:61:97:4B,11,8,101.8,,,,,80:02:9C:61:97:4A,0,1,AUTH_FLOOD,2026-08-26T17:02:58.006486
45917,,-71,26,292,2600,65300,37148,11676313,0,100,163767,0,0,14:33:5C:6D:AF:58,0,0,ARMED,72.0,0,0,80:02:9C:61:97:4B,11,14,258.6,,,,,80:02:9C:61:97:4A,0,1,AUTH_FLOOD,2026-08-26T17:02:58.392486
45917,,39,39,0,1023,65300,37148,11676677,0,100,163767,0,0,14:33:5C:6D:AF:58,0,0,ARMED,72.0,0,1,80:02:9C:61:97:4B,11,3,325.5,,,,,80:02:9C:61:97:4A,0,1,AUTH_FLOOD,2026-08-26T17:02:58.756486
45917,,39,39,0,1023,65300,37148,11677093,0,100,163767,0,0,14:33:5C:6D:AF:58,0,0,ARMED,72.0,0,1,80:02:9C:61:97:4B,11,4,251.8,,,,,80:02:9C:61:97:4A,0,1,AUTH_FLOOD,2026-08-26T17:02:59.172486
45917,,-71,26,292,2637,65300,37148,11677255,0,100,163767,0,0,14:33:5C:6D:AF:58,0,0,ARMED,72.0,0,0,80:02:9C:61:97:4B,11,42,559.0,,,,,80:02:9C:61:97:4A,0,1,AUTH_FLOOD,2026-08-26T17:02:59.334486
45917,BEACON,-94,3,0,2496,65300,37148,11677539,0,100,163767,0,0,14:33:5C:6D:AF:58,0,0,ARMED,72.0,0,1,80:02:9C:61:97:4B,11,11,213.6,,,,,80:02:9C:61:97:4A,0,1,AUTH_FLOOD,2026-08-26T17:02:59.618486
45917,,39,39,0,1023,65300,37148,11677977,0,100,163767,0,0,14:33:5C:6D:AF:58,0,0,ARMED,72.0,0,1,80:02:9C:61:97:4B,11,8,99.8,,,,,80:02:9C:61:97:4A,0,1,AUTH_FLOOD,2026-08-26T17:03:00.056486
45917,MGMT_OTHER,-93,4,0,991,65300,37148,11678394,0,100,163767,0,0,14:33:5C:6D:AF:58,0,0,ARMED,72.0,0,0,80:02:9C:61:97:4B,11,12,136.5,,,,,80:02:9C:61:97:4A,0,1,AUTH_FLOOD,2026-08-26T17:03:00.473486
45917,BEACON,-93,4,0,2508,65300,37148,11678767,0,100,163767,0,0,14:33:5C:6D:AF:58,0,0,ARMED,72.0,0,1,80:02:9C:61:97:4B,11,7,135.6,,,,,80:02:9C:61:97:4A,0,1,AUTH_FLOOD,2026-08-26T17:03:00.846486
45917,,-70,27,292,2654,65300,37148,11679211,0,100,163767,0,0,14:33:5C:6D:AF:58,0,0,ARMED,72.0,0,0,80:02:9C:61:97:4B,11,15,175.1,,,,,80:02:9C:61:97:4A,0,1,AUTH_FLOOD,2026-08-26T17:03:01.290486
45917,BEACON,-95,2,0,1228,65300,37148,11679461,0,100,163767,0,0,14:33:5C:6D:AF:58,0,0,ARMED,72.0,0,1,80:02:9C:61:97:4B,11,2,71.0,,,,,80:02:9C:61:97:4A,0,1,AUTH_FLOOD,2026-08-26T17:03:01.540486
45917,,65,65,0,1023,65300,37148,11679907,0,100,163767,0,0,14:33:5C:6D:AF:58,0,0,ARMED,72.0,0,0,80:02:9C:61:97:4B,11,8,128.3,,,,,80:02:9C:61:97:4A,0,1,AUTH_FLOOD,2026-08-26T17:03:01.986486
45917,BEACON,-68,29,0,3704,65300,37148,11680361,0,100,163767,0,0,14:33:5C:6D:AF:58,0,0,ARMED,72.0,0,1,80:02:9C:61:97:4B,11,2,282.9,,,,,80:02:9C:61:97:4A,0,1,AUTH_FLOOD,2026-08-26T17:03:02.440486
45917,BEACON,-66,31,173,3706,65300,37148,11680567,0,100,163767,0,0,14:33:5C:6D:AF:58,0,0,ARMED,72.0,0,1,80:02:9C:61:97:4B,11,13,1829.7,,,,,80:02:9C:61:97:4A,0,1,AUTH_FLOOD,2026-08-26T17:03:02.646486
45917,BEACON,-78,19,0,3248,65300,37148,11680866,0,100,163767,0,0,14:33:5C:6D:AF:58,0,0,ARMED,72.0,0,1,80:02:9C:61:97:4B,11,9,94.3,,,,,80:02:9C:61:97:4A,0,1,AUTH_FLOOD,2026-08-26T17:03:02.945486
45917,,-49,48,0,1171,65300,37148,11681320,0,100,163767,0,0,14:33:5C:6D:AF:58,0,0,ARMED,72.0,0,1,80:02:9C:61:97:4B,11,6,160.1,,,,,80:02:9C:61:97:4A,0,1,AUTH_FLOOD,2026-08-26T17:03:03.399486
45917,BEACON,-96,1,0,1251,65300,37148,11681816,0,100,163767,0,0,14:33:5C:6D:AF:58,0,0,ARMED,72.0,0,0,80:02:9C:61:97:4B,11,2,94.2,,,,,80:02:9C:61:97:4A,0,1,AUTH_FLOOD,2026-08-26T17:03:03.895486
45917,BEACON,-94,3,0,1201,65300,37148,11682324,0,100,163767,0,0,14:33:5C:6D:AF:58,0,0,ARMED,72.0,0,1,80:02:9C:61:97:4B,11,2,118.3,,,,,80:02:9C:61:97:4A,0,1,AUTH_FLOOD,2026-08-26T17:03:04.403486
45917,BEACON,-87,10,18181,1224,65300,37148,11682557,0,100,163767,0,0,14:33:5C:6D:AF:58,1,1,ARMED,72.0,0,1,80:02:9C:61:97:4B,11,9,198.3,,,,,80:02:9C:61:97:4A,0,1,AUTH_FLOOD,2026-08-26T17:03:04.636486
45917,,39,39,0,1023,65300,37148,11682977,0,100,163767,0,0,14:33:5C:6D:AF:58,0,0,ARMED,72.0,0,0,80:02:9C:61:97:4B,11,10,180.8,,,,,80:02:9C:61:97:4A,0,1,AUTH_FLOOD,2026-08-26T17:03:05.056486
45917,,-56,41,2760,2010,65300,37148,11683346,0,100,163767,0,0,14:33:5C:6D:AF:58,0,0,ARMED,72.0,0,1,80:02:9C:61:97:4B,11,11,737.3,,,,,80:02:9C:61:97:4A,0,1,AUTH_FLOOD,2026-08-26T17:03:05.425486
45917,BEACON,-93,4,0,2557,65300,37148,11683785,0,100,163767,0,0,14:33:5C:6D:AF:58,0,0,ARMED,72.0,0,1,80:02:9C:61:97:4B,11,7,157.2,,,,,80:02:9C:61:97:4A,0,1,AUTH_FLOOD,2026-08-26T17:03:05.864486
45917,,-71,26,0,2739,65300,37148,11684043,0,100,163767,0,0,14:33:5C:6D:AF:58,0,0,ARMED,72.0,0,0,80:02:9C:61:97:4B,11,34,347.3,,,,,80:02:9C:61:97:4A,0,1,AUTH_FLOOD,2026-08-26T17:03:06.122486
45917,,-56,41,1002,2041,65300,37148,11684249,0,100,163767,0,0,14:33:5C:6D:AF:58,0,0,ARMED,72.0,0,0,80:02:9C:61:97:4B,11,24,246.3,,,,,80:02:9C:61:97:4A,0,1,AUTH_FLOOD,2026-08-26T17:03:06.328486
45917,,48,48,0,1023,65300,37148,11684679,0,100,163767,0,0,14:33:5C:6D:AF:58,0,0,ARMED,72.0,0,0,80:02:9C:61:97:4B,11,1,1000.0,,,,,80:02:9C:61:97:4A,0,1,AUTH_FLOOD,2026-08-26T17:03:06.758486
45917,AUTH,-38,59,0,1781,65300,37148,11685182,0,100,163767,0,0,14:33:5C:6D:AF:58,0,0,ARMED,72.0,0,1,80:02:9C:61:97:4B,11,8,97.9,,,,,80:02:9C:61:97:4A,0,1,AUTH_FLOOD,2026-08-26T17:03:07.261486
45917,,40,40,0,1023,65300,37148,11685676,0,100,163767,0,0,14:33:5C:6D:AF:58,0,0,ARMED,72.0,0,0,80:02:9C:61:97:4B,11,6,125.3,,,,,80:02:9C:61:97:4A,0,1,AUTH_FLOOD,2026-08-26T17:03:07.755486
45917,,-72,25,915,2773,65300,37148,11685968,0,100,163767,0,0,14:33:5C:6D:AF:58,0,0,ARMED,72.0,0,0,80:02:9C:61:97:4B,11,23,700.4,,,,,80:02:9C:61:97:4A,0,1,AUTH_FLOOD,2026-08-26T17:03:08.047486
45917,,47,47,0,1023,65300,37148,11686255,0,100,163767,0,0,14:33:5C:6D:AF:58,0,0,ARMED,72.0,0,1,80:02:9C:61:97:4B,11,1,82.0,,,,,80:02:9C:61:97:4A,0,1,AUTH_FLOOD,2026-08-26T17:03:08.334486
45917,,-72,25,376,2793,65300,37148,11686588,0,100,163767,0,0,14:33:5C:6D:AF:58,0,0,ARMED,72.0,0,1,80:02:9C:61:97:4B,11,19,494.1,,,,,80:02:9C:61:97:4A,0,1,AUTH_FLOOD,2026-08-26T17:03:08.667486
45917,,46,46,0,1023,65300,37148,11687039,0,100,163767,0,0,14:33:5C:6D:AF:58,0,0,ARMED,72.0,0,1,80:02:9C:61:97:4B,11,9,113.5,,,,,80:02:9C:61:97:4A,0,1,AUTH_FLOOD,2026-08-26T17:03:09.118486
45917,,-71,26,291,3014,65300,37148,11687500,0,100,163767,0,0,14:33:5C:6D:AF:58,0,0,ARMED,72.0,0,1,80:02:9C:61:97:4B,11,9,309.1,,,,,80:02:9C:61:97:4A,0,1,AUTH_FLOOD,2026-08-26T17:03:09.579486
45917,,-56,41,2371,3348,65300,37148,11687529,0,100,163767,0,0,14:33:5C:6D:AF:58,0,0,ARMED,72.0,0,1,80:02:9C:61:97:4B,11,59,1017.3,,,,,80:02:9C:61:97:4A,0,1,AUTH_FLOOD,2026-08-26T17:03:09.608486
45917,,49,49,0,1023,65300,37148,11687896,0,100,163767,0,0,14:33:5C:6D:AF:58,0,0,ARMED,72.0,0,0,80:02:9C:61:97:4B,11,4,260.5,,,,,80:02:9C:61:97:4A,0,1,AUTH_FLOOD,2026-08-26T17:03:09.975486
45917,,49,49,0,1023,65300,37148,11688365,0,100,163767,0,0,14:33:5C:6D:AF:58,0,0,ARMED,72.0,0,1,80:02:9C:61:97:4B,11,8,106.7,,,,,80:02:9C:61:97:4A,0,1,AUTH_FLOOD,2026-08-26T17:03:10.444486
45917,,40,40,0,1023,65300,37148,11688776,0,100,163767,0,0,14:33:5C:6D:AF:58,0,0,ARMED,72.0,0,1,80:02:9C:61:97:4B,11,8,105.1,,,,,80:02:9C:61:97:4A,0,1,AUTH_FLOOD,2026-08-26T17:03:10.855486
45917,BEACON,-88,9,18485,1290,65300,37148,11689317,0,100,163767,0,0,14:33:5C:6D:AF:58,0,0,ARMED,72.0,0,1,80:02:9C:61:97:4B,11,1,335.5,,,,,80:02:9C:61:97:4A,0,1,AUTH_FLOOD,2026-08-26T17:03:11.396486
45917,BEACON,-95,2,0,2615,65300,37148,11689724,0,100,163767,0,0,14:33:5C:6D:AF:58,0,0,ARMED,72.0,0,1,80:02:9C:61:97:4B,11,7,69.1,,,,,80:02:9C:61:97:4A,0,1,AUTH_FLOOD,2026-08-26T17:03:11.803486
45917,BEACON,-92,5,0,1333,65300,37148,11690215,0,100,163767,0,0,14:33:5C:6D:AF:58,0,0,ARMED,72.0,0,0,80:02:9C:61:97:4B,11,7,85.8,,,,,80:02:9C:61:97:4A,0,1,AUTH_FLOOD,2026-08-26T17:03:12.294486
45917,MGMT_OTHER,-90,7,29628,3083,65300,37148,11690507,0,100,163767,0,0,14:33:5C:6D:AF:58,0,1,ARMED,72.0,0,1,80:02:9C:61:97:4B,11,4,61.1,,,,,80:02:9C:61:97:4A,0,1,AUTH_FLOOD,2026-08-26T17:03:12.586486
45917,,-74,23,292,2862,65300,37148,11690942,0,100,163767,0,0,14:33:5C:6D:AF:58,0,0,ARMED,72.0,0,1,80:02:9C:61:97:4B,11,12,131.0,,,,,80:02:9C:61:97:4A,0,1,AUTH_FLOOD,2026-08-26T17:03:13.021486
45917,,-55,42,10605,3896,65300,37148,11691157,0,100,163767,0,0,14:33:5C:6D:AF:58,0,0,ARMED,72.0,0,1,80:02:9C:61:97:4B,11,10,98.6,,,,,80:02:9C:61:97:4A,0,1,AUTH_FLOOD,2026-08-26T17:03:13.236486
45917,BEACON,-93,4,29734,2632,65300,37148,11691465,0,100,163767,0,0,14:33:5C:6D:AF:58,0,0,ARMED,72.0,0,1,80:02:9C:61:97:4B,11,10,97.7,,,,,80:02:9C:61:97:4A,0,1,AUTH_FLOOD,2026-08-26T17:03:13.544486
45917,,40,40,0,1023,65300,37148,11691973,0,100,163767,0,0,14:33:5C:6D:AF:58,0,0,ARMED,72.0,0,1,80:02:9C:61:97:4B,11,12,121.3,,,,,80:02:9C:61:97:4A,0,1,AUTH_FLOOD,2026-08-26T17:03:14.052486
45917,BEACON,-94,3,0,1355,65300,37148,11692466,0,100,163767,0,0,14:33:5C:6D:AF:58,0,0,ARMED,72.0,0,0,80:02:9C:61:97:4B,11,5,177.7,,,,,80:02:9C:61:97:4A,0,1,AUTH_FLOOD,2026-08-26T17:03:14.545486
45917,,-93,4,9896,1418,65300,37148,11692925,0,100,163767,0,0,14:33:5C:6D:AF:58,0,0,ARMED,72.0,0,1,80:02:9C:61:97:4B,11,7,89.7,,,,,80:02:9C:61:97:4A,0,1,AUTH_FLOOD,2026-08-26T17:03:15.004486
45917,,-72,25,292,2901,65300,37148,11693402,0,100,163767,0,0,14:33:5C:6D:AF:58,0,0,ARMED,72.0,0,0,80:02:9C:61:97:4B,11,10,235.2,,,,,80:02:9C:61:97:4A,0,1,AUTH_FLOOD,2026-08-26T17:03:15.481486
45917,BEACON,-94,3,37659,2655,65300,37148,11693820,0,100,163767,0,0,14:33:5C:6D:AF:58,0,0,ARMED,72.0,0,1,80:02:9C:61:97:4B,11,7,135.9,,,,,80:02:9C:61:97:4A,0,1,AUTH_FLOOD,2026-08-26T17:03:15.899486
45917,MGMT_OTHER,-91,6,48630,146,65300,37148,11694275,0,100,163767,0,0,14:33:5C:6D:AF:58,0,0,ARMED,72.0,0,1,80:02:9C:61:97:4B,11,9,93.1,,,,,80:02:9C:61:97:4A,0,1,AUTH_FLOOD,2026-08-26T17:03:16.354486
45917,,-71,26,292,2926,65300,37148,11694442,0,100,163767,0,0,14:33:5C:6D:AF:58,0,0,ARMED,72.0,0,0,80:02:9C:61:97:4B,11,36,614.8,,,,,80:02:9C:61:97:4A,0,1,AUTH_FLOOD,2026-08-26T17:03:16.521486
45917,,-88,9,21437,681,65300,37148,11694757,0,100,163767,0,0,14:33:5C:6D:AF:58,0,0,ARMED,72.0,0,1,80:02:9C:61:97:4B,11,4,59.7,,,,,80:02:9C:61:97:4A,0,1,AUTH_FLOOD,2026-08-26T17:03:16.836486
45917,AUTH,-38,59,0,1865,65300,37148,11695195,0,100,163767,0,0,14:33:5C:6D:AF:58,0,0,ARMED,72.0,0,1,80:02:9C:61:97:4B,11,9,94.7,,,,,80:02:9C:61:97:4A,0,1,AUTH_FLOOD,2026-08-26T17:03:17.274486
45917,BEACON,-94,3,0,1331,65300,37148,11695636,0,100,163767,0,0,14:33:5C:6D:AF:58,0,0,ARMED,72.0,0,1,80:02:9C:61:97:4B,11,12,117.2,,,,,80:02:9C:61:97:4A,0,1,AUTH_FLOOD,2026-08-26T17:03:17.715486
45917,AUTH,-41,56,0,1873,65300,37148,11696075,0,100,163767,0,0,14:33:5C:6D:AF:58,0,0,ARMED,72.0,0,0,80:02:9C:61:97:4B,11,8,271.2,,,,,80:02:9C:61:97:4A,0,1,AUTH_FLOOD,2026-08-26T17:03:18.154486
45917,,-67,30,0,2957,65300,37148,11696480,0,100,163767,0,0,14:33:5C:6D:AF:58,0,0,ARMED,72.0,0,0,80:02:9C:61:97:4B,11,6,439.8,,,,,80:02:9C:61:97:4A,0,1,AUTH_FLOOD,2026-08-26T17:03:18.559486
45917,BEACON,-92,5,0,186,65300,37148,11696775,0,100,163767,0,0,14:33:5C:6D:AF:58,0,0,ARMED,72.0,0,1,80:02:9C:61:97:4B,11,9,87.0,,,,,80:02:9C:61:97:4A,0,1,AUTH_FLOOD,2026-08-26T17:03:18.854486
45917,BEACON,-65,32,82,3881,65300,37148,11697257,0,100,163767,0,0,14:33:5C:6D:AF:58,0,0,ARMED,72.0,0,0,80:02:9C:61:97:4B,11,5,68.0,,,,,80:02:9C:61:97:4A,0,1,AUTH_FLOOD,2026-08-26T17:03:19.336486
45917,BEACON,-95,2,0,194,65300,37148,11697593,0,100,163767,0,0,14:33:5C:6D:AF:58,0,0,ARMED,72.0,0,1,80:02:9C:61:97:4B,11,15,146.5,,,,,80:02:9C:61:97:4A,0,1,AUTH_FLOOD,2026-08-26T17:03:19.672486
45917,,-69,28,0,2999,65300,37148,11697898,0,100,163767,0,0,14:33:5C:6D:AF:58,0,0,ARMED,72.0,0,0,80:02:9C:61:97:4B,11,34,342.3,,,,,80:02:9C:61:97:4A,0,1,AUTH_FLOOD,2026-08-26T17:03:19.977486
45917,,-56,41,913,2233,65300,37148,11698147,0,100,163767,0,0,14:33:5C:6D:AF:58,0,0,ARMED,72.0,0,0,80:02:9C:61:97:4B,11,14,330.6,,,,,80:02:9C:61:97:4A,0,1,AUTH_FLOOD,2026-08-26T17:03:20.226486
45917,AUTH,-38,59,0,1893,65300,37148,11698527,0,100,163767,0,0,14:33:5C:6D:AF:58,0,0,ARMED,72.0,0,1,80:02:9C:61:97:4B,11,2,164.2,,,,,80:02:9C:61:97:4A,0,1,AUTH_FLOOD,2026-08-26T17:03:20.606486
45917,,-46,51,0,3921,65300,37148,11698854,0,100,163767,0,0,14:33:5C:6D:AF:58,0,1,ARMED,72.0,0,1,80:02:9C:61:97:4B,11,3,95.2,,,,,80:02:9C:61:97:4A,0,1,AUTH_FLOOD,2026-08-26T17:03:20.933486
45917,BEACON,-94,3,0,1421,65300,37148,11699224,0,100,163767,0,0,14:33:5C:6D:AF:58,0,0,ARMED,72.0,0,0,80:02:9C:61:97:4B,11,6,63.3,,,,,80:02:9C:61:97:4A,0,1,AUTH_FLOOD,2026-08-26T17:03:21.303486
45917,AUTH,-38,59,0,1904,65300,37148,11699751,0,100,163767,0,0,14:33:5C:6D:AF:58,0,0,ARMED,72.0,0,1,80:02:9C:61:97:4B,11,6,63.7,,,,,80:02:9C:61:97:4A,0,1,AUTH_FLOOD,2026-08-26T17:03:21.830486
45917,BEACON,-78,19,82,3438,65300,37148,11700322,0,100,163767,0,0,14:33:5C:6D:AF:58,0,0,ARMED,72.0,0,1,80:02:9C:61:97:4B,11,13,126.9,,,,,80:02:9C:61:97:4A,0,1,AUTH_FLOOD,2026-08-26T17:03:22.401486
45917,BEACON,-78,19,81,3443,65300,37148,11700834,0,100,163767,0,0,14:33:5C:6D:AF:58,0,0,ARMED,72.0,0,1,80:02:9C:61:97:4B,11,9,87.9,,,,,80:02:9C:61:97:4A,0,1,AUTH_FLOOD,2026-08-26T17:03:22.913486
45917,,-57,40,3733,2255,65300,37148,11701297,0,100,163767,0,0,14:33:5C:6D:AF:58,0,0,ARMED,72.0,0,1,80:02:9C:61:97:4B,11,12,226.1,,,,,80:02:9C:61:97:4A,0,1,AUTH_FLOOD,2026-08-26T17:03:23.376486
45917,BEACON,-70,27,0,3926,65300,37148,11701558,0,100,163767,0,0,14:33:5C:6D:AF:58,0,0,ARMED,72.0,0,1,80:02:9C:61:97:4B,11,1,141.1,,,,,80:02:9C:61:97:4A,0,1,AUTH_FLOOD,2026-08-26T17:03:23.637486
45917,BEACON,-97,0,0,1448,65300,37148,11701989,0,100,163767,0,0,14:33:5C:6D:AF:58,0,0,ARMED,72.0,0,0,80:02:9C:61:97:4B,11,3,106.6,,,,,80:02:9C:61:97:4A,0,1,AUTH_FLOOD,2026-08-26T17:03:24.068486
45917,AUTH,-41,56,0,1926,65300,37148,11702478,0,100,163767,0,0,14:33:5C:6D:AF:58,0,0,ARMED,72.0,0,0,80:02:9C:61:97:4B,11,5,1511.0,,,,,80:02:9C:61:97:4A,0,1,AUTH_FLOOD,2026-08-26T17:03:24.557486
45917,,40,40,0,1023,65300,37148,11702864,0,100,163767,0,0,14:33:5C:6D:AF:58,0,0,ARMED,72.0,0,0,80:02:9C:61:97:4B,11,16,189.5,,,,,80:02:9C:61:97:4A,0,1,AUTH_FLOOD,2026-08-26T17:03:24.943486
45917,PROBE_RESP,-77,20,0,2577,65300,37148,11703171,0,100,163767,0,0,14:33:5C:6D:AF:58,0,0,ARMED,72.0,0,1,80:02:9C:61:97:4B,11,10,118.7,,,,,80:02:9C:61:97:4A,0,1,AUTH_FLOOD,2026-08-26T17:03:25.250486
45917,,47,47,0,1023,65300,37148,11703599,0,100,163767,0,0,14:33:5C:6D:AF:58,0,0,ARMED,72.0,0,1,80:02:9C:61:97:4B,11,1,1000.0,,,,,80:02:9C:61:97:4A,0,1,AUTH_FLOOD,2026-08-26T17:03:25.678486
45917,,-67,30,46103,1338,65300,37148,11704081,0,100,163767,0,0,14:33:5C:6D:AF:58,0,0,ARMED,72.0,0,1,80:02:9C:61:97:4B,11,8,110.9,,,,,80:02:9C:61:97:4A,0,1,AUTH_FLOOD,2026-08-26T17:03:26.160486
45917,MGMT_OTHER,-92,5,24954,3841,65300,37148,11704516,0,100,163767,0,0,14:33:5C:6D:AF:58,0,0,ARMED,72.0,0,1,80:02:9C:61:97:4B,11,8,81.5,,,,,80:02:9C:61:97:4A,0,1,AUTH_FLOOD,2026-08-26T17:03:26.595486
45917,PROBE_RESP,-87,10,0,233,65300,37148,11704816,0,100,163767,0,0,14:33:5C:6D:AF:58,0,0,ARMED,72.0,0,0,80:02:9C:61:97:4B,11,32,351.5,,,,,80:02:9C:61:97:4A,0,1,AUTH_FLOOD,2026-08-26T17:03:26.895486
45917,BEACON,-78,19,0,3487,65300,37148,11705340,0,100,163767,0,0,14:33:5C:6D:AF:58,0,0,ARMED,72.0,0,1,80:02:9C:61:97:4B,11,4,53.8,,,,,80:02:9C:61:97:4A,0,1,AUTH_FLOOD,2026-08-26T17:03:27.419486
45917,BEACON,-91,6,0,275,65300,37148,11705888,0,100,163767,0,0,14:33:5C:6D:AF:58,0,0,ARMED,72.0,0,1,80:02:9C:61:97:4B,11,6,58.6,,,,,80:02:9C:61:97:4A,0,1,AUTH_FLOOD,2026-08-26T17:03:27.967486
45917,BEACON,-79,18,73814,3499,65300,37148,11706569,0,100,163767,0,0,14:33:5C:6D:AF:58,0,0,ARMED,72.0,0,1,80:02:9C:61:97:4B,11,3,45.0,,,,,80:02:9C:61:97:4A,0,1,AUTH_FLOOD,2026-08-26T17:03:28.648486
45917,BEACON,-95,2,0,3818,65300,37148,11707109,0,100,163767,0,0,14:33:5C:6D:AF:58,0,0,ARMED,72.0,0,1,80:02:9C:61:97:4B,11,8,84.4,,,,,80:02:9C:61:97:4A,0,1,AUTH_FLOOD,2026-08-26T17:03:29.188486
45917,BEACON,-89,8,0,1467,65300,37148,11707443,0,100,163767,0,0,14:33:5C:6D:AF:58,0,0,ARMED,72.0,0,1,80:02:9C:61:97:4B,11,1,295.0,,,,,80:02:9C:61:97:4A,0,1,AUTH_FLOOD,2026-08-26T17:03:29.522486
45917,BEACON,-95,2,0,303,65300,37148,11708038,0,100,163767,0,0,14:33:5C:6D:AF:58,0,0,ARMED,72.0,0,1,80:02:9C:61:97:4B,11,9,103.8,,,,,80:02:9C:61:97:4A,0,1,AUTH_FLOOD,2026-08-26T17:03:30.117486
45917,,-56,41,1855,2358,65300,37148,11708371,0,100,163767,0,0,14:33:5C:6D:AF:58,0,0,ARMED,72.0,0,0,80:02:9C:61:97:4B,11,8,656.3,,,,,80:02:9C:61:97:4A,0,1,AUTH_FLOOD,2026-08-26T17:03:30.450486
45917,,-55,42,2981,2369,65300,37148,11708789,0,100,163767,0,0,14:33:5C:6D:AF:58,0,0,ARMED,72.0,0,0,80:02:9C:61:97:4B,11,11,157.1,,,,,80:02:9C:61:97:4A,0,1,AUTH_FLOOD,2026-08-26T17:03:30.868486
45917,BEACON,-92,5,0,2807,65300,37148,11709385,0,100,163767,0,0,14:33:5C:6D:AF:58,0,0,ARMED,72.0,0,1,80:02:9C:61:97:4B,11,4,77.6,,,,,80:02:9C:61:97:4A,0,1,AUTH_FLOOD,2026-08-26T17:03:31.464486
45917,BEACON,-68,29,0,4023,65300,37148,11710160,0,100,163767,0,0,14:33:5C:6D:AF:58,0,0,ARMED,72.0,0,1,80:02:9C:61:97:4B,11,1,140.8,,,,,80:02:9C:61:97:4A,0,1,AUTH_FLOOD,2026-08-26T17:03:32.239486
45917,AUTH,-37,60,0,1992,65300,37148,11710649,0,100,163767,0,0,14:33:5C:6D:AF:58,0,0,ARMED,72.0,0,1,80:02:9C:61:97:4B,11,7,80.6,,,,,80:02:9C:61:97:4A,0,1,AUTH_FLOOD,2026-08-26T17:03:32.728486
45917,,-56,41,3997,2390,65300,37148,11711220,0,100,163767,0,0,14:33:5C:6D:AF:58,0,0,ARMED,72.0,0,0,80:02:9C:61:97:4B,11,16,365.4,,,,,80:02:9C:61:97:4A,0,1,AUTH_FLOOD,2026-08-26T17:03:33.299486
45917,,-73,24,292,3215,65300,37148,11711780,0,100,163767,0,0,14:33:5C:6D:AF:58,0,0,ARMED,72.0,0,0,80:02:9C:61:97:4B,11,14,152.7,,,,,80:02:9C:61:97:4A,0,1,AUTH_FLOOD,2026-08-26T17:03:33.859486
45917,BEACON,-78,19,0,4043,65300,37148,11712105,0,100,163767,0,0,14:33:5C:6D:AF:58,0,0,ARMED,72.0,0,1,80:02:9C:61:97:4B,11,1,141.8,,,,,80:02:9C:61:97:4A,0,1,AUTH_FLOOD,2026-08-26T17:03:34.184486
45917,AUTH,-37,60,0,2006,65300,37148,11712490,0,100,163767,0,0,14:33:5C:6D:AF:58,1,0,ARMED,72.0,0,1,80:02:9C:61:97:4B,11,5,59.2,,,,,80:02:9C:61:97:4A,0,1,AUTH_FLOOD,2026-08-26T17:03:34.569486
45917,,-91,6,2537,2075,65300,37148,11712929,0,100,163767,0,0,14:33:5C:6D:AF:58,0,0,ARMED,72.0,0,1,80:02:9C:61:97:4B,11,4,332.8,,,,,80:02:9C:61:97:4A,0,1,AUTH_FLOOD,2026-08-26T17:03:35.008486
45917,BEACON,-80,17,19612,3565,65300,37148,11713327,0,100,163767,0,0,14:33:5C:6D:AF:58,0,0,ARMED,72.0,0,1,80:02:9C:61:97:4B,11,12,117.2,,,,,80:02:9C:61:97:4A,0,1,AUTH_FLOOD,2026-08-26T17:03:35.406486
45917,BEACON,-76,21,11364,4060,65300,37148,11713744,0,100,163767,0,0,14:33:5C:6D:AF:58,0,0,ARMED,72.0,0,1,80:02:9C:61:97:4B,11,1,141.0,,,,,80:02:9C:61:97:4A,0,1,AUTH_FLOOD,2026-08-26T17:03:35.823486
45917,,39,39,0,1023,65252,37148,11714363,0,100,163767,0,0,14:33:5C:6D:AF:58,0,0,ARMED,72.0,0,1,80:02:9C:61:97:4B,11,4,344.7,,,,,80:02:9C:61:97:4A,0,1,AUTH_FLOOD,2026-08-26T17:03:36.442486
45917,AUTH,-37,60,0,2022,65300,37148,11714582,0,100,163767,0,0,14:33:5C:6D:AF:58,0,0,ARMED,72.0,0,1,80:02:9C:61:97:4B,11,2,76.8,,,,,80:02:9C:61:97:4A,0,1,AUTH_FLOOD,2026-08-26T17:03:36.661486
45917,,-56,41,932,2437,65144,37148,11715189,0,100,163767,0,0,14:33:5C:6D:AF:58,0,0,ARMED,72.0,0,0,80:02:9C:61:97:4B,11,7,364.3,,,,,80:02:9C:61:97:4A,0,0,NONE,2026-08-26T17:03:37.268486
45917,,-93,4,0,0,65300,37148,11715677,0,100,163767,0,0,14:33:5C:6D:AF:58,0,0,ARMED,72.0,0,0,80:02:9C:61:97:4B,11,4,41.1,,,,,80:02:9C:61:97:4A,0,0,NONE,2026-08-26T17:03:37.756486
45917,BEACON,-93,4,0,1532,65300,37148,11716320,0,100,163767,0,0,14:33:5C:6D:AF:58,0,0,ARMED,72.0,0,1,80:02:9C:61:97:4B,11,6,66.2,,,,,80:02:9C:61:97:4A,0,0,NONE,2026-08-26T17:03:38.399486
45917,,65,65,0,1023,65300,37148,11716647,0,100,163767,0,0,14:33:5C:6D:AF:58,0,0,ARMED,72.0,0,0,80:02:9C:61:97:4B,11,6,650.1,,,,,80:02:9C:61:97:4A,0,0,NONE,2026-08-26T17:03:38.726486
45917,,65,65,0,1023,65300,37148,11716796,0,100,163767,0,0,14:33:5C:6D:AF:58,0,1,ARMED,72.0,0,0,80:02:9C:61:97:4B,11,22,404.5,,,,,80:02:9C:61:97:4A,0,0,NONE,2026-08-26T17:03:38.875486
45917,,65,65,0,1023,65300,37148,11716863,0,100,163767,0,0,14:33:5C:6D:AF:58,0,1,ARMED,72.0,0,0,80:02:9C:61:97:4B,11,15,873.1,,,,,80:02:9C:61:97:4A,0,0,NONE,2026-08-26T17:03:38.942486
45917,,-67,30,0,3301,65300,37148,11717453,0,100,163767,0,0,14:33:5C:6D:AF:58,0,0,ARMED,72.0,0,0,80:02:9C:61:97:4B,11,13,134.6,,,,,80:02:9C:61:97:4A,0,0,NONE,2026-08-26T17:03:39.532486
45917,BEACON,-95,2,0,1548,65300,37148,11717959,0,100,163767,0,0,14:33:5C:6D:AF:58,0,0,ARMED,72.0,0,1,80:02:9C:61:97:4B,11,5,55.2,,,,,80:02:9C:61:97:4A,0,0,NONE,2026-08-26T17:03:40.038486
45917,,-55,42,482,2470,65300,37148,11718525,0,100,163767,0,0,14:33:5C:6D:AF:58,0,0,ARMED,72.0,0,1,80:02:9C:61:97:4B,11,15,563.0,,,,,80:02:9C:61:97:4A,0,0,NONE,2026-08-26T17:03:40.604486
45917,,-70,27,291,3334,65300,37148,11718684,0,100,163767,0,0,14:33:5C:6D:AF:58,0,1,ARMED,72.0,0,0,80:02:9C:61:97:4B,11,26,311.4,,,,,80:02:9C:61:97:4A,0,0,NONE,2026-08-26T17:03:40.763486
45917,BEACON,-78,19,0,3622,65300,37148,11719164,0,100,163767,0,0,14:33:5C:6D:AF:58,0,0,ARMED,72.0,0,1,80:02:9C:61:97:4B,11,10,97.7,,,,,80:02:9C:61:97:4A,0,0,NONE,2026-08-26T17:03:41.243486
45917,,39,39,0,1023,65300,37148,11719629,0,100,163767,0,0,14:33:5C:6D:AF:58,0,0,ARMED,72.0,0,1,80:02:9C:61:97:4B,11,26,468.4,,,,,80:02:9C:61:97:4A,0,0,NONE,2026-08-26T17:03:41.708486
45917,BEACON,-80,17,118376,3634,65300,37148,11720393,0,100,163767,0,0,14:33:5C:6D:AF:58,0,0,ARMED,72.0,0,1,80:02:9C:61:97:4B,11,6,58.6,,,,,80:02:9C:61:97:4A,0,0,NONE,2026-08-26T17:03:42.472486
45917,BEACON,-93,4,52,449,65300,37148,11721145,0,100,163767,0,0,14:33:5C:6D:AF:58,0,0,ARMED,72.0,0,1,80:02:9C:61:97:4B,11,5,173.7,,,,,80:02:9C:61:97:4A,0,0,NONE,2026-08-26T17:03:43.224486
45917,PROBE_RESP,-88,9,0,237,65300,37148,11721530,0,100,163767,0,0,14:33:5C:6D:AF:58,0,0,ARMED,72.0,0,1,80:02:9C:61:97:4B,11,2,351.1,,,,,80:02:9C:61:97:4A,0,0,NONE,2026-08-26T17:03:43.609486
45917,,-23,74,0,149,65300,37148,11721986,0,100,163767,0,0,14:33:5C:6D:AF:58,0,0,ARMED,72.0,0,0,80:02:9C:61:97:4B,11,7,139.3,,,,,80:02:9C:61:97:4A,0,0,NONE,2026-08-26T17:03:44.065486
45917,,-30,67,414,155,65300,37148,11722173,0,100,163767,0,0,14:33:5C:6D:AF:58,0,0,ARMED,72.0,0,1,80:02:9C:61:97:4B,11,23,693.5,,,,,80:02:9C:61:97:4A,0,0,NONE,2026-08-26T17:03:44.252486
45917,,-32,65,47805,157,65300,37148,11722251,0,100,163767,0,0,14:33:5C:6D:AF:58,0,1,ARMED,72.0,0,1,80:02:9C:61:97:4B,11,1,127.0,,,,,80:02:9C:61:97:4A,0,0,NONE,2026-08-26T17:03:44.330486
45917,,39,39,0,1023,65300,37148,11722553,0,100,163767,0,0,14:33:5C:6D:AF:58,0,0,ARMED,72.0,0,1,80:02:9C:61:97:4B,11,2,725.2,,,,,80:02:9C:61:97:4A,0,0,NONE,2026-08-26T17:03:44.632486
45917,MGMT_OTHER,-91,6,68255,1051,65300,37148,11723064,0,100,163767,0,0,14:33:5C:6D:AF:58,0,0,ARMED,72.0,0,1,80:02:9C:61:97:4B,11,1,261.3,,,,,80:02:9C:61:97:4A,0,0,NONE,2026-08-26T17:03:45.143486
45917,BEACON,-93,4,0,1603,65300,37148,11723591,0,100,163767,0,0,14:33:5C:6D:AF:58,0,0,ARMED,72.0,0,1,80:02:9C:61:97:4B,11,7,383.8,,,,,80:02:9C:61:97:4A,0,0,NONE,2026-08-26T17:03:45.670486
45917,,-24,73,0,212,65300,37148,11724044,0,100,163767,0,0,14:33:5C:6D:AF:58,0,0,ARMED,72.0,0,0,80:02:9C:61:97:4B,11,7,114.8,,,,,80:02:9C:61:97:4A,0,0,NONE,2026-08-26T17:03:46.123486
45917,,-69,28,249,3419,65300,37148,11724485,0,100,163767,0,0,14:33:5C:6D:AF:58,0,0,ARMED,72.0,0,1,80:02:9C:61:97:4B,11,19,207.3,,,,,80:02:9C:61:97:4A,0,0,NONE,2026-08-26T17:03:46.564486
45917,BEACON,-97,0,0,1674,65300,37148,11725131,0,100,163767,0,0,14:33:5C:6D:AF:58,0,0,ARMED,72.0,0,0,80:02:9C:61:97:4B,11,3,141.7,,,,,80:02:9C:61:97:4A,0,0,NONE,2026-08-26T17:03:47.210486
45917,BEACON,-80,17,22197,3684,65300,37148,11725513,0,100,163767,0,0,14:33:5C:6D:AF:58,0,0,ARMED,72.0,0,1,80:02:9C:61:97:4B,11,28,293.4,,,,,80:02:9C:61:97:4A,0,0,NONE,2026-08-26T17:03:47.592486
45917,BEACON,-79,18,0,3686,65300,37148,11725717,0,100,163767,0,0,14:33:5C:6D:AF:58,0,1,ARMED,72.0,0,1,80:02:9C:61:97:4B,11,7,73.3,,,,,80:02:9C:61:97:4A,0,0,NONE,2026-08-26T17:03:47.796486
45917,BEACON,-86,11,0,1651,65300,37148,11726284,0,100,163767,0,0,14:33:5C:6D:AF:58,0,0,ARMED,72.0,0,1,80:02:9C:61:97:4B,11,3,98.1,,,,,80:02:9C:61:97:4A,0,0,NONE,2026-08-26T17:03:48.363486
45917,,-69,28,292,3466,65300,37148,11726770,0,100,163767,0,0,14:33:5C:6D:AF:58,0,0,ARMED,72.0,0,0,80:02:9C:61:97:4B,11,5,989.3,,,,,80:02:9C:61:97:4A,0,0,NONE,2026-08-26T17:03:48.849486
45917,BEACON,-66,31,0,120,65300,37148,11727158,0,100,163767,0,0,14:33:5C:6D:AF:58,0,0,ARMED,72.0,0,1,80:02:9C:61:97:4B,11,10,116.8,,,,,80:02:9C:61:97:4A,0,0,NONE,2026-08-26T17:03:49.237486
45917,BEACON,-94,3,0,1698,65300,37148,11727589,0,100,163767,0,0,14:33:5C:6D:AF:58,0,0,ARMED,72.0,0,0,80:02:9C:61:97:4B,11,1,235.5,,,,,80:02:9C:61:97:4A,0,0,NONE,2026-08-26T17:03:49.668486
45917,,-69,28,0,131,63412,37148,11728183,0,100,163767,0,0,14:33:5C:6D:AF:58,0,0,ARMED,72.0,0,0,80:02:9C:61:97:4B,11,6,80.0,,,,,80:02:9C:61:97:4A,0,0,NONE,2026-08-26T17:03:50.262486
45917,,48,48,0,1023,65300,37148,11728498,0,100,163767,0,0,14:33:5C:6D:AF:58,0,0,ARMED,72.0,0,0,80:02:9C:61:97:4B,11,8,96.5,,,,,80:02:9C:61:97:4A,0,0,NONE,2026-08-26T17:03:50.577486
45917,,-68,29,41952,3487,65300,37148,11729150,0,100,163767,0,0,14:33:5C:6D:AF:58,0,0,ARMED,72.0,0,1,80:02:9C:61:97:4B,11,8,148.7,,,,,80:02:9C:61:97:4A,0,0,NONE,2026-08-26T17:03:51.229486
45917,,-69,28,528,3519,65300,37148,11729194,0,100,163767,0,0,14:33:5C:6D:AF:58,0,0,ARMED,72.0,0,0,80:02:9C:61:97:4B,11,58,595.5,,,,,80:02:9C:61:97:4A,0,0,NONE,2026-08-26T17:03:51.273486
45917,BEACON,-94,3,0,534,65300,37148,11729644,0,100,163767,0,0,14:33:5C:6D:AF:58,0,0,ARMED,72.0,0,1,80:02:9C:61:97:4B,11,2,168.4,,,,,80:02:9C:61:97:4A,0,0,NONE,2026-08-26T17:03:51.723486
45917,BEACON,-95,2,0,1670,65300,37148,11730452,0,100,163767,0,0,14:33:5C:6D:AF:58,0,0,ARMED,72.0,0,1,80:02:9C:61:97:4B,11,6,58.6,,,,,80:02:9C:61:97:4A,0,0,NONE,2026-08-26T17:03:52.531486
45917,BEACON,-79,18,0,3740,65300,37148,11731247,0,100,163767,0,0,14:33:5C:6D:AF:58,0,0,ARMED,72.0,0,1,80:02:9C:61:97:4B,11,3,45.0,,,,,80:02:9C:61:97:4A,0,0,NONE,2026-08-26T17:03:53.326486
45917,BEACON,-95,2,0,555,65300,37148,11731590,0,100,163767,0,0,14:33:5C:6D:AF:58,0,0,ARMED,72.0,0,1,80:02:9C:61:97:4B,11,5,48.8,,,,,80:02:9C:61:97:4A,0,0,NONE,2026-08-26T17:03:53.669486
45917,BEACON,-64,33,0,174,65300,37148,11732176,0,100,163767,0,0,14:33:5C:6D:AF:58,0,0,ARMED,72.0,0,1,80:02:9C:61:97:4B,11,1,141.3,,,,,80:02:9C:61:97:4A,0,0,NONE,2026-08-26T17:03:54.255486
45917,,-56,41,1698,2640,65300,37148,11732536,0,100,163767,0,0,14:33:5C:6D:AF:58,0,0,ARMED,72.0,0,1,80:02:9C:61:97:4B,11,29,480.3,,,,,80:02:9C:61:97:4A,0,0,NONE,2026-08-26T17:03:54.615486
45917,,-57,40,993,2656,65300,37148,11732696,0,100,163767,0,0,14:33:5C:6D:AF:58,0,0,ARMED,72.0,0,0,80:02:9C:61:97:4B,11,27,1730.2,,,,,80:02:9C:61:97:4A,0,0,NONE,2026-08-26T17:03:54.775486
45917,BEACON,-94,3,0,3042,65300,37148,11733449,0,100,163767,0,0,14:33:5C:6D:AF:58,0,0,ARMED,72.0,0,1,80:02:9C:61:97:4B,11,5,96.8,,,,,80:02:9C:61:97:4A,0,0,NONE,2026-08-26T17:03:55.528486
45917,BEACON,-66,31,0,191,65300,37148,11733814,0,100,163767,0,0,14:33:5C:6D:AF:58,0,1,ARMED,72.0,0,1,80:02:9C:61:97:4B,11,1,141.4,,,,,80:02:9C:61:97:4A,0,0,NONE,2026-08-26T17:03:55.893486
45917,BEACON,-95,2,0,1766,65300,37148,11734552,0,100,163767,0,0,14:33:5C:6D:AF:58,0,0,ARMED,72.0,0,0,80:02:9C:61:97:4B,11,3,106.6,,,,,80:02:9C:61:97:4A,0,0,NONE,2026-08-26T17:03:56.631486
45917,,-70,27,290,3594,65300,37148,11735167,0,100,163767,0,0,14:33:5C:6D:AF:58,0,0,ARMED,72.0,0,1,80:02:9C:61:97:4B,11,17,593.7,,,,,80:02:9C:61:97:4A,0,0,NONE,2026-08-26T17:03:57.246486
45917,BEACON,-95,2,52,3065,65300,37148,11735804,0,100,163767,0,0,14:33:5C:6D:AF:58,0,0,ARMED,72.0,0,1,80:02:9C:61:97:4B,11,6,116.4,,,,,80:02:9C:61:97:4A,0,0,NONE,2026-08-26T17:03:57.883486
45917,,-56,41,1439,2688,65300,37148,11736016,0,100,163767,0,0,14:33:5C:6D:AF:58,0,0,ARMED,72.0,0,1,80:02:9C:61:97:4B,11,40,675.9,,,,,80:02:9C:61:97:4A,0,0,NONE,2026-08-26T17:03:58.095486
45917,BEACON,-97,0,0,1784,65300,37148,11736395,0,100,163767,0,0,14:33:5C:6D:AF:58,0,0,ARMED,72.0,0,0,80:02:9C:61:97:4B,11,4,141.9,,,,,80:02:9C:61:97:4A,0,0,NONE,2026-08-26T17:03:58.474486
45917,BEACON,-65,32,0,226,65300,37148,11737193,0,100,163767,0,0,14:33:5C:6D:AF:58,0,0,ARMED,72.0,0,1,80:02:9C:61:97:4B,11,1,141.5,,,,,80:02:9C:61:97:4A,0,0,NONE,2026-08-26T17:03:59.272486
45917,BEACON,-90,7,0,3083,65300,37148,11737647,0,100,163767,0,0,14:33:5C:6D:AF:58,0,0,ARMED,72.0,0,1,80:02:9C:61:97:4B,11,7,135.1,,,,,80:02:9C:61:97:4A,0,0,NONE,2026-08-26T17:03:59.726486
45917,BEACON,-79,18,0,3809,65300,37148,11738313,0,100,163767,0,0,14:33:5C:6D:AF:58,0,0,ARMED,72.0,0,1,80:02:9C:61:97:4B,11,12,117.2,,,,,80:02:9C:61:97:4A,0,0,NONE,2026-08-26T17:04:00.392486
45917,BEACON,-92,5,0,636,65300,37148,11738860,0,100,163767,0,0,14:33:5C:6D:AF:58,0,0,ARMED,72.0,0,1,80:02:9C:61:97:4B,11,2,55.7,,,,,80:02:9C:61:97:4A,0,0,NONE,2026-08-26T17:04:00.939486
45917,,-46,51,25767,4069,65300,37148,11739450,0,100,163767,0,0,14:33:5C:6D:AF:58,0,0,ARMED,72.0,0,1,80:02:9C:61:97:4B,11,2,179.1,,,,,80:02:9C:61:97:4A,0,0,NONE,2026-08-26T17:04:01.529486
45917,,-69,28,292,3675,65300,37148,11739524,0,100,163767,0,0,14:33:5C:6D:AF:58,0,0,ARMED,72.0,0,0,80:02:9C:61:97:4B,11,52,607.1,,,,,80:02:9C:61:97:4A,0,0,NONE,2026-08-26T17:04:01.603486
45917,,-69,28,91943,3685,65300,37148,11740126,0,100,163767,0,0,14:33:5C:6D:AF:58,0,0,ARMED,72.0,0,1,80:02:9C:61:97:4B,11,6,82.1,,,,,80:02:9C:61:97:4A,0,0,NONE,2026-08-26T17:04:02.205486
45917,BEACON,-91,6,95397,659,65300,37148,11740908,0,100,163767,0,0,14:33:5C:6D:AF:58,0,0,ARMED,72.0,0,1,80:02:9C:61:97:4B,11,1,34.6,,,,,80:02:9C:61:97:4A,0,0,NONE,2026-08-26T17:04:02.987486
45917,,-69,28,296,3708,65300,37148,11741150,0,100,163767,0,0,14:33:5C:6D:AF:58,0,0,ARMED,72.0,0,0,80:02:9C:61:97:4B,11,36,549.7,,,,,80:02:9C:61:97:4A,0,0,NONE,2026-08-26T17:04:03.229486
45917,BEACON,-95,2,0,664,65300,37148,11741420,0,100,163767,0,0,14:33:5C:6D:AF:58,0,0,ARMED,72.0,0,1,80:02:9C:61:97:4B,11,2,69.4,,,,,80:02:9C:61:97:4A,0,0,NONE,2026-08-26T17:04:03.499486
45917,,64,64,0,1023,65300,37148,11742157,0,100,163767,0,0,14:33:5C:6D:AF:58,0,0,ARMED,72.0,0,1,80:02:9C:61:97:4B,11,7,143.5,,,,,80:02:9C:61:97:4A,0,0,NONE,2026-08-26T17:04:04.236486
45917,BEACON,-91,6,0,681,65300,37148,11742652,0,100,163767,0,0,14:33:5C:6D:AF:58,0,0,ARMED,72.0,0,1,80:02:9C:61:97:4B,11,5,47.6,,,,,80:02:9C:61:97:4A,0,0,NONE,2026-08-26T17:04:04.731486
45917,BEACON,-67,30,0,292,65300,37148,11743132,0,100,163767,0,0,14:33:5C:6D:AF:58,0,0,ARMED,72.0,0,1,80:02:9C:61:97:4B,11,4,69.8,,,,,80:02:9C:61:97:4A,0,0,NONE,2026-08-26T17:04:05.211486
45917,,-57,40,489,2798,65300,37148,11743298,0,100,163767,0,0,14:33:5C:6D:AF:58,0,0,ARMED,72.0,0,0,80:02:9C:61:97:4B,11,27,1475.8,,,,,80:02:9C:61:97:4A,0,0,NONE,2026-08-26T17:04:05.377486
45917,BEACON,-78,19,0,3863,65300,37148,11743842,0,100,163767,0,0,14:33:5C:6D:AF:58,0,0,ARMED,72.0,0,1,80:02:9C:61:97:4B,11,1,19.6,,,,,80:02:9C:61:97:4A,0,0,NONE,2026-08-26T17:04:05.921486
45917,,-69,28,292,3777,65300,37148,11744439,0,100,163767,0,0,14:33:5C:6D:AF:58,0,0,ARMED,72.0,0,0,80:02:9C:61:97:4B,11,7,206.6,,,,,80:02:9C:61:97:4A,0,0,NONE,2026-08-26T17:04:06.518486
45917,BEACON,-95,2,58168,1812,65300,37148,11744992,0,100,163767,0,0,14:33:5C:6D:AF:58,0,0,ARMED,72.0,0,1,80:02:9C:61:97:4B,11,2,83.2,,,,,80:02:9C:61:97:4A,0,0,NONE,2026-08-26T17:04:07.071486
45917,BEACON,-93,4,0,710,65300,37148,11745619,0,100,163767,0,0,14:33:5C:6D:AF:58,0,0,ARMED,72.0,0,1,80:02:9C:61:97:4B,11,14,373.7,,,,,80:02:9C:61:97:4A,0,0,NONE,2026-08-26T17:04:07.698486
45917,BEACON,-92,5,0,3167,65300,37148,11746249,0,100,163767,0,0,14:33:5C:6D:AF:58,0,0,ARMED,72.0,0,1,80:02:9C:61:97:4B,11,4,77.6,,,,,80:02:9C:61:97:4A,0,0,NONE,2026-08-26T17:04:08.328486
45917,,-56,41,1067,2839,65300,37148,11746460,0,100,163767,0,0,14:33:5C:6D:AF:58,0,0,ARMED,72.0,0,0,80:02:9C:61:97:4B,11,40,688.4,,,,,80:02:9C:61:97:4A,0,0,NONE,2026-08-26T17:04:08.539486
45917,,-90,7,9981,2334,65300,37148,11747075,0,100,163767,0,0,14:33:5C:6D:AF:58,0,0,ARMED,72.0,0,1,80:02:9C:61:97:4B,11,7,120.1,,,,,80:02:9C:61:97:4A,0,0,NONE,2026-08-26T17:04:09.154486
45917,,-92,5,62961,1820,65300,37148,11747817,0,100,163767,0,0,14:33:5C:6D:AF:58,0,0,ARMED,72.0,0,1,80:02:9C:61:97:4B,11,7,83.1,,,,,80:02:9C:61:97:4A,0,0,NONE,2026-08-26T17:04:09.896486
45917,,-91,6,48526,3723,65300,37148,11748417,0,100,163767,0,0,14:33:5C:6D:AF:58,0,0,ARMED,72.0,0,1,80:02:9C:61:97:4B,11,7,120.5,,,,,80:02:9C:61:97:4A,0,0,NONE,2026-08-26T17:04:10.496486
45917,,-46,51,57077,4,65300,37148,11748954,0,100,163767,0,0,14:33:5C:6D:AF:58,0,0,ARMED,72.0,0,1,80:02:9C:61:97:4B,11,2,47.0,,,,,80:02:9C:61:97:4A,0,0,NONE,2026-08-26T17:04:11.033486
45917,BEACON,-93,4,0,3201,65300,37148,11749730,0,100,163767,0,0,14:33:5C:6D:AF:58,0,0,ARMED,72.0,0,1,80:02:9C:61:97:4B,11,4,77.5,,,,,80:02:9C:61:97:4A,0,0,NONE,2026-08-26T17:04:11.809486
45917,,-70,27,347,3875,62076,37148,11749945,0,100,163767,0,0,14:33:5C:6D:AF:58,0,0,ARMED,72.0,0,1,80:02:9C:61:97:4B,11,43,700.3,,,,,80:02:9C:61:97:4A,0,0,NONE,2026-08-26T17:04:12.024486
45917,BEACON,-88,9,0,1888,65300,37148,11750550,0,100,163767,0,0,14:33:5C:6D:AF:58,0,0,ARMED,72.0,0,1,80:02:9C:61:97:4B,11,4,76.7,,,,,80:02:9C:61:97:4A,0,0,NONE,2026-08-26T17:04:12.629486
45917,BEACON,-95,2,0,1875,65300,37148,11751444,0,100,163767,0,0,14:33:5C:6D:AF:58,0,0,ARMED,72.0,0,1,80:02:9C:61:97:4B,11,2,81.5,,,,,80:02:9C:61:97:4A,0,0,NONE,2026-08-26T17:04:13.523486
45917,BEACON,-65,32,0,385,65300,37148,11751836,0,100,163767,0,0,14:33:5C:6D:AF:58,0,0,ARMED,72.0,0,1,80:02:9C:61:97:4B,11,1,141.6,,,,,80:02:9C:61:97:4A,0,0,NONE,2026-08-26T17:04:13.915486
45917,,-56,41,814,2885,65300,37148,11752573,0,100,163767,0,0,14:33:5C:6D:AF:58,0,0,ARMED,72.0,0,1,80:02:9C:61:97:4B,11,7,259.3,,,,,80:02:9C:61:97:4A,0,0,NONE,2026-08-26T17:04:14.652486
45917,BEACON,-94,3,0,3234,65300,37148,11753110,0,100,163767,0,0,14:33:5C:6D:AF:58,0,0,ARMED,72.0,0,1,80:02:9C:61:97:4B,11,6,120.5,,,,,80:02:9C:61:97:4A,0,0,NONE,2026-08-26T17:04:15.189486
45917,,-73,24,291,3932,65300,37148,11753375,0,100,163767,0,0,14:33:5C:6D:AF:58,0,0,ARMED,72.0,0,0,80:02:9C:61:97:4B,11,22,1877.5,,,,,80:02:9C:61:97:4A,0,0,NONE,2026-08-26T17:04:15.454486
45917,,-56,41,0,2916,65300,37148,11753736,0,100,163767,0,0,14:33:5C:6D:AF:58,0,0,ARMED,72.0,0,0,80:02:9C:61:97:4B,11,19,297.7,,,,,80:02:9C:61:97:4A,0,0,NONE,2026-08-26T17:04:15.815486
45917,BEACON,-78,19,21945,3968,65300,37148,11754594,0,100,163767,0,0,14:33:5C:6D:AF:58,0,0,ARMED,72.0,0,1,80:02:9C:61:97:4B,11,5,48.8,,,,,80:02:9C:61:97:4A,0,0,NONE,2026-08-26T17:04:16.673486
45917,BEACON,-67,30,0,422,65300,37148,11755420,0,100,163767,0,0,14:33:5C:6D:AF:58,0,0,ARMED,72.0,0,1,80:02:9C:61:97:4B,11,4,39.1,,,,,80:02:9C:61:97:4A,0,0,NONE,2026-08-26T17:04:17.499486
45917,,-75,22,292,3957,65300,37148,11755848,0,100,163767,0,0,14:33:5C:6D:AF:58,0,0,ARMED,72.0,0,0,80:02:9C:61:97:4B,11,4,218.6,,,,,80:02:9C:61:97:4A,0,0,NONE,2026-08-26T17:04:17.927486
45917,,40,40,0,1023,65300,37148,11756528,0,100,163767,0,0,14:33:5C:6D:AF:58,0,0,ARMED,72.0,0,0,80:02:9C:61:97:4B,11,6,71.8,,,,,80:02:9C:61:97:4A,0,0,NONE,2026-08-26T17:04:18.607486
45917,,-72,25,292,3983,65300,37148,11756961,0,100,163767,0,0,14:33:5C:6D:AF:58,0,0,ARMED,72.0,0,0,80:02:9C:61:97:4B,11,12,1653.6,,,,,80:02:9C:61:97:4A,0,0,NONE,2026-08-26T17:04:19.040486
45917,BEACON,-95,2,0,831,65300,37148,11757395,0,100,163767,0,0,14:33:5C:6D:AF:58,0,0,ARMED,72.0,0,1,80:02:9C:61:97:4B,11,2,69.3,,,,,80:02:9C:61:97:4A,0,0,NONE,2026-08-26T17:04:19.474486
45917,BEACON,-93,4,0,837,65300,37148,11758009,0,100,163767,0,0,14:33:5C:6D:AF:58,0,0,ARMED,72.0,0,1,80:02:9C:61:97:4B,11,2,69.4,,,,,80:02:9C:61:97:4A,0,0,NONE,2026-08-26T17:04:20.088486
45917,BEACON,-79,18,0,4007,65300,37148,11758588,0,100,163767,0,0,14:33:5C:6D:AF:58,0,0,ARMED,72.0,0,1,80:02:9C:61:97:4B,11,8,83.8,,,,,80:02:9C:61:97:4A,0,0,NONE,2026-08-26T17:04:20.667486
45917,,-74,23,292,280,65300,37148,11759011,0,100,163767,0,0,14:33:5C:6D:AF:58,0,0,ARMED,72.0,0,1,80:02:9C:61:97:4B,11,8,1110.0,,,,,80:02:9C:61:97:4A,0,0,NONE,2026-08-26T17:04:21.090486
45917,BEACON,-68,29,0,468,65300,37148,11759619,0,100,163767,0,0,14:33:5C:6D:AF:58,0,0,ARMED,72.0,0,1,80:02:9C:61:97:4B,11,11,107.4,,,,,80:02:9C:61:97:4A,0,0,NONE,2026-08-26T17:04:21.698486
45917,BEACON,-86,11,2573,1980,65300,37148,11759971,0,100,163767,0,0,14:33:5C:6D:AF:58,0,0,ARMED,72.0,0,1,80:02:9C:61:97:4B,11,21,465.8,,,,,80:02:9C:61:97:4A,0,0,NONE,2026-08-26T17:04:22.050486
45917,BEACON,-92,5,63,1962,65300,37148,11760352,0,100,163767,0,0,14:33:5C:6D:AF:58,0,0,ARMED,72.0,0,1,80:02:9C:61:97:4B,11,23,1355.8,,,,,80:02:9C:61:97:4A,0,0,NONE,2026-08-26T17:04:22.431486
45917,,-49,48,24994,57,65300,37148,11760749,0,100,163767,0,0,14:33:5C:6D:AF:58,0,0,ARMED,72.0,0,1,80:02:9C:61:97:4B,11,1,243.0,,,,,80:02:9C:61:97:4A,0,0,NONE,2026-08-26T17:04:22.828486
45917,BEACON,-96,1,0,1972,65300,37148,11761381,0,100,163767,0,0,14:33:5C:6D:AF:58,0,0,ARMED,72.0,0,1,80:02:9C:61:97:4B,11,4,192.3,,,,,80:02:9C:61:97:4A,0,0,NONE,2026-08-26T17:04:23.460486
45917,BEACON,-91,6,0,884,65300,37148,11761901,0,100,163767,0,0,14:33:5C:6D:AF:58,0,0,ARMED,72.0,0,1,80:02:9C:61:97:4B,11,3,102.0,,,,,80:02:9C:61:97:4A,0,0,NONE,2026-08-26T17:04:23.980486
45917,,40,40,0,1023,65300,37148,11762366,0,100,163767,0,0,14:33:5C:6D:AF:58,0,0,ARMED,72.0,0,1,80:02:9C:61:97:4B,11,6,70.5,,,,,80:02:9C:61:97:4A,0,0,NONE,2026-08-26T17:04:24.445486
45917,,40,40,0,1023,65300,37148,11762917,0,100,163767,0,0,14:33:5C:6D:AF:58,0,0,ARMED,72.0,0,1,80:02:9C:61:97:4B,11,2,93.6,,,,,80:02:9C:61:97:4A,0,0,NONE,2026-08-26T17:04:24.996486
45917,BEACON,-96,1,0,2046,65300,37148,11763224,0,100,163767,0,0,14:33:5C:6D:AF:58,0,0,ARMED,72.0,0,1,80:02:9C:61:97:4B,11,3,141.6,,,,,80:02:9C:61:97:4A,0,0,NONE,2026-08-26T17:04:25.303486
45917,,39,39,0,1023,65300,37148,11763695,0,100,163767,0,0,14:33:5C:6D:AF:58,0,0,ARMED,72.0,0,0,80:02:9C:61:97:4B,11,16,193.5,,,,,80:02:9C:61:97:4A,0,0,NONE,2026-08-26T17:04:25.774486
45917,BEACON,-78,19,11141,4058,65300,37148,11763810,0,100,163767,0,0,14:33:5C:6D:AF:58,0,0,ARMED,72.0,0,1,80:02:9C:61:97:4B,11,49,553.0,,,,,80:02:9C:61:97:4A,0,0,NONE,2026-08-26T17:04:25.889486
45917,,39,39,0,1023,65300,37148,11764070,0,100,163767,0,0,14:33:5C:6D:AF:58,0,1,ARMED,72.0,0,1,80:02:9C:61:97:4B,11,3,179.1,,,,,80:02:9C:61:97:4A,0,0,NONE,2026-08-26T17:04:26.149486
45917,MGMT_OTHER,39,39,0,0,65300,37148,11764631,0,100,163767,0,0,14:33:5C:6D:AF:58,0,0,ARMED,72.0,0,1,80:02:9C:61:97:4B,11,9,136.1,,,,,80:02:9C:61:97:4A,0,0,NONE,2026-08-26T17:04:26.710486
45917,BEACON,-79,18,0,4073,65300,37148,11765346,0,100,163767,0,0,14:33:5C:6D:AF:58,0,0,ARMED,72.0,0,1,80:02:9C:61:97:4B,11,2,40.3,,,,,80:02:9C:61:97:4A,0,0,NONE,2026-08-26T17:04:27.425486
45917,BEACON,-63,34,0,534,65300,37148,11765865,0,100,163767,0,0,14:33:5C:6D:AF:58,0,0,ARMED,72.0,0,1,80:02:9C:61:97:4B,11,4,69.0,,,,,80:02:9C:61:97:4A,0,0,NONE,2026-08-26T17:04:27.944486
45917,,-56,41,0,3036,65300,37148,11766297,0,100,163767,0,0,14:33:5C:6D:AF:58,0,0,ARMED,72.0,0,0,80:02:9C:61:97:4B,11,19,238.2,,,,,80:02:9C:61:97:4A,0,0,NONE,2026-08-26T17:04:28.376486
45917,,-64,33,21370,1360,65300,37148,11766788,0,100,163767,0,0,14:33:5C:6D:AF:58,0,0,ARMED,72.0,0,1,80:02:9C:61:97:4B,11,5,84.0,,,,,80:02:9C:61:97:4A,0,0,NONE,2026-08-26T17:04:28.867486
45917,BEACON,-92,5,0,940,65300,37148,11767225,0,100,163767,0,0,14:33:5C:6D:AF:58,0,0,ARMED,72.0,0,1,80:02:9C:61:97:4B,11,7,80.7,,,,,80:02:9C:61:97:4A,0,0,NONE,2026-08-26T17:04:29.304486
45917,BEACON,-79,18,0,4092,65300,37148,11767292,0,100,163767,0,0,14:33:5C:6D:AF:58,0,0,ARMED,72.0,0,1,80:02:9C:61:97:4B,11,49,992.4,,,,,80:02:9C:61:97:4A,0,0,NONE,2026-08-26T17:04:29.371486
45917,,39,39,0,1023,65300,37148,11767616,0,100,163767,0,0,14:33:5C:6D:AF:58,0,0,ARMED,72.0,0,1,80:02:9C:61:97:4B,11,5,74.0,,,,,80:02:9C:61:97:4A,0,0,NONE,2026-08-26T17:04:29.695486
45917,BEACON,-97,0,20004,949,65300,37148,11768249,0,100,163767,0,0,14:33:5C:6D:AF:58,0,0,ARMED,72.0,0,1,80:02:9C:61:97:4B,11,5,57.5,,,,,80:02:9C:61:97:4A,0,0,NONE,2026-08-26T17:04:30.328486
45917,,-92,5,42906,2611,65300,37148,11768814,0,100,163767,0,0,14:33:5C:6D:AF:58,0,0,ARMED,72.0,0,1,80:02:9C:61:97:4B,11,2,53.7,,,,,80:02:9C:61:97:4A,0,0,NONE,2026-08-26T17:04:30.893486
45917,,-69,28,564,74,65300,37148,11769341,0,100,163767,0,0,14:33:5C:6D:AF:58,0,0,ARMED,72.0,0,0,80:02:9C:61:97:4B,11,6,115.2,,,,,80:02:9C:61:97:4A,0,0,NONE,2026-08-26T17:04:31.420486
45917,,39,39,0,1023,65300,37148,11769817,0,100,163767,0,0,14:33:5C:6D:AF:58,0,0,ARMED,72.0,0,1,80:02:9C:61:97:4B,11,1,62.2,,,,,80:02:9C:61:97:4A,0,0,NONE,2026-08-26T17:04:31.896486
45917,,-70,27,14753,83,65300,37148,11770407,0,100,163767,0,0,14:33:5C:6D:AF:58,0,0,ARMED,72.0,0,1,80:02:9C:61:97:4B,11,8,86.5,,,,,80:02:9C:61:97:4A,0,0,NONE,2026-08-26T17:04:32.486486
45917,,39,39,0,1023,65300,37148,11770666,0,100,163767,0,0,14:33:5C:6D:AF:58,0,0,ARMED,72.0,0,0,80:02:9C:61:97:4B,11,2,43.0,,,,,80:02:9C:61:97:4A,0,0,NONE,2026-08-26T17:04:32.745486
45917,,39,39,0,1023,65300,37148,11770767,0,100,163767,0,0,14:33:5C:6D:AF:58,0,0,ARMED,72.0,0,1,80:02:9C:61:97:4B,11,43,968.4,,,,,80:02:9C:61:97:4A,0,0,NONE,2026-08-26T17:04:32.846486
45917,BEACON,-78,19,0,36,65300,37148,11771388,0,100,163767,0,0,14:33:5C:6D:AF:58,0,0,ARMED,72.0,0,1,80:02:9C:61:97:4B,11,6,58.6,,,,,80:02:9C:61:97:4A,0,0,NONE,2026-08-26T17:04:33.467486
45917,BEACON,-94,3,0,986,65300,37148,11771833,0,100,163767,0,0,14:33:5C:6D:AF:58,0,0,ARMED,72.0,0,0,80:02:9C:61:97:4B,11,9,250.1,,,,,80:02:9C:61:97:4A,0,0,NONE,2026-08-26T17:04:33.912486
45917,BEACON,-92,5,0,990,65300,37148,11772243,0,100,163767,0,0,14:33:5C:6D:AF:58,0,0,ARMED,72.0,0,1,80:02:9C:61:97:4B,11,4,111.3,,,,,80:02:9C:61:97:4A,0,0,NONE,2026-08-26T17:04:34.322486
45917,,39,39,0,1023,65300,37148,11772866,0,100,163767,0,0,14:33:5C:6D:AF:58,0,0,ARMED,72.0,0,0,80:02:9C:61:97:4B,11,4,88.3,,,,,80:02:9C:61:97:4A,0,0,NONE,2026-08-26T17:04:34.945486
45917,,-70,27,2253,134,65300,37148,11773358,0,100,163767,0,0,14:33:5C:6D:AF:58,0,0,ARMED,72.0,0,1,80:02:9C:61:97:4B,11,4,158.6,,,,,80:02:9C:61:97:4A,0,0,NONE,2026-08-26T17:04:35.437486
45917,BEACON,-79,18,0,58,65300,37148,11773640,0,100,163767,0,0,14:33:5C:6D:AF:58,0,0,ARMED,72.0,0,1,80:02:9C:61:97:4B,11,9,87.9,,,,,80:02:9C:61:97:4A,0,0,NONE,2026-08-26T17:04:35.719486
45917,,-70,27,292,153,65300,37148,11774143,0,100,163767,0,0,14:33:5C:6D:AF:58,0,0,ARMED,72.0,0,0,80:02:9C:61:97:4B,11,15,160.7,,,,,80:02:9C:61:97:4A,0,0,NONE,2026-08-26T17:04:36.222486
45917,,-56,41,0,3144,65300,37148,11774173,0,100,163767,0,0,14:33:5C:6D:AF:58,0,0,ARMED,72.0,0,0,80:02:9C:61:97:4B,11,49,3826.3,,,,,80:02:9C:61:97:4A,0,0,NONE,2026-08-26T17:04:36.252486
45917,,40,40,0,1023,65300,37148,11774717,0,100,163767,0,0,14:33:5C:6D:AF:58,0,0,ARMED,72.0,0,1,80:02:9C:61:97:4B,11,4,87.3,,,,,80:02:9C:61:97:4A,0,0,NONE,2026-08-26T17:04:36.796486
45917,,40,40,0,1023,65300,37148,11775418,0,100,163767,0,0,14:33:5C:6D:AF:58,0,0,ARMED,72.0,0,0,80:02:9C:61:97:4B,11,3,101.9,,,,,80:02:9C:61:97:4A,0,0,NONE,2026-08-26T17:04:37.497486
45917,,-47,50,157,86,65300,37148,11775780,0,100,163767,0,0,14:33:5C:6D:AF:58,0,0,ARMED,72.0,0,0,80:02:9C:61:97:4B,11,18,213.7,,,,,80:02:9C:61:97:4A,0,0,NONE,2026-08-26T17:04:37.859486
45917,,47,47,0,1023,65300,37148,11776120,0,100,163767,0,0,14:33:5C:6D:AF:58,0,0,ARMED,72.0,0,0,80:02:9C:61:97:4B,11,4,269.1,,,,,80:02:9C:61:97:4A,0,0,NONE,2026-08-26T17:04:38.199486
45917,BEACON,-92,5,0,3462,65300,37148,11776457,0,100,163767,0,0,14:33:5C:6D:AF:58,0,1,ARMED,72.0,0,1,80:02:9C:61:97:4B,11,4,89.6,,,,,80:02:9C:61:97:4A,0,0,NONE,2026-08-26T17:04:38.536486
45917,,40,40,0,1023,65300,37148,11776716,0,100,163767,0,0,14:33:5C:6D:AF:58,0,0,ARMED,72.0,0,1,80:02:9C:61:97:4B,11,29,292.0,,,,,80:02:9C:61:97:4A,0,0,NONE,2026-08-26T17:04:38.795486
45917,,36,36,0,1023,65300,37148,11777287,0,100,163767,0,0,14:33:5C:6D:AF:58,0,0,ARMED,72.0,0,1,80:02:9C:61:97:4B,11,5,89.1,,,,,80:02:9C:61:97:4A,0,0,NONE,2026-08-26T17:04:39.366486
45917,BEACON,-92,5,0,3473,65300,37148,11777583,0,100,163767,0,0,14:33:5C:6D:AF:58,0,1,ARMED,72.0,0,1,80:02:9C:61:97:4B,11,2,44.8,,,,,80:02:9C:61:97:4A,0,0,NONE,2026-08-26T17:04:39.662486
45917,BEACON,-78,19,0,98,65300,37148,11777736,0,100,163767,0,0,14:33:5C:6D:AF:58,0,0,ARMED,72.0,0,1,80:02:9C:61:97:4B,11,46,481.9,,,,,80:02:9C:61:97:4A,0,0,NONE,2026-08-26T17:04:39.815486
45917,BEACON,-67,30,0,664,65300,37148,11778358,0,100,163767,0,0,14:33:5C:6D:AF:58,0,0,ARMED,72.0,0,1,80:02:9C:61:97:4B,11,4,54.3,,,,,80:02:9C:61:97:4A,0,0,NONE,2026-08-26T17:04:40.437486
45917,BEACON,-88,9,0,2162,65300,37148,11778610,0,100,163767,0,0,14:33:5C:6D:AF:58,0,0,ARMED,72.0,0,1,80:02:9C:61:97:4B,11,20,1067.3,,,,,80:02:9C:61:97:4A,0,0,NONE,2026-08-26T17:04:40.689486
45917,,40,40,0,1023,65300,37148,11779267,0,100,163767,0,0,14:33:5C:6D:AF:58,0,0,ARMED,72.0,0,1,80:02:9C:61:97:4B,11,3,48.9,,,,,80:02:9C:61:97:4A,0,0,NONE,2026-08-26T17:04:41.346486
45917,,47,47,0,1023,65300,37148,11779813,0,100,163767,0,0,14:33:5C:6D:AF:58,0,0,ARMED,72.0,0,1,80:02:9C:61:97:4B,11,6,62.8,,,,,80:02:9C:61:97:4A,0,0,NONE,2026-08-26T17:04:41.892486
45917,,-69,28,0,246,65300,37148,11780325,0,100,163767,0,0,14:33:5C:6D:AF:58,0,0,ARMED,72.0,0,0,80:02:9C:61:97:4B,11,14,176.4,,,,,80:02:9C:61:97:4A,0,0,NONE,2026-08-26T17:04:42.404486
45917,,40,40,0,1023,65300,37148,11780817,0,100,163767,0,0,14:33:5C:6D:AF:58,0,0,ARMED,72.0,0,1,80:02:9C:61:97:4B,11,7,118.5,,,,,80:02:9C:61:97:4A,0,0,NONE,2026-08-26T17:04:42.896486
45917,,-70,27,0,275,65300,37148,11781107,0,100,163767,0,0,14:33:5C:6D:AF:58,0,0,ARMED,72.0,0,0,80:02:9C:61:97:4B,11,30,739.9,,,,,80:02:9C:61:97:4A,0,0,NONE,2026-08-26T17:04:43.186486
45917,BEACON,-78,19,0,133,65300,37148,11781320,0,100,163767,0,0,14:33:5C:6D:AF:58,0,0,ARMED,72.0,0,1,80:02:9C:61:97:4B,11,3,65.6,,,,,80:02:9C:61:97:4A,0,0,NONE,2026-08-26T17:04:43.399486
45917,,40,40,0,1023,65300,37148,11782016,0,100,163767,0,0,14:33:5C:6D:AF:58,0,0,ARMED,72.0,0,1,80:02:9C:61:97:4B,11,3,37.0,,,,,80:02:9C:61:97:4A,0,0,NONE,2026-08-26T17:04:44.095486
45917,,-57,40,5622,3219,65300,37148,11782486,0,100,163767,0,0,14:33:5C:6D:AF:58,0,0,ARMED,72.0,0,1,80:02:9C:61:97:4B,11,7,179.7,,,,,80:02:9C:61:97:4A,0,0,NONE,2026-08-26T17:04:44.565486
45917,,-69,28,943,297,65300,37148,11782771,0,100,163767,0,0,14:33:5C:6D:AF:58,0,0,ARMED,72.0,0,1,80:02:9C:61:97:4B,11,6,359.5,,,,,80:02:9C:61:97:4A,0,0,NONE,2026-08-26T17:04:44.850486
45917,,49,49,0,1023,65300,37148,11783196,0,100,163767,0,0,14:33:5C:6D:AF:58,0,0,ARMED,72.0,0,1,80:02:9C:61:97:4B,11,8,229.4,,,,,80:02:9C:61:97:4A,0,0,NONE,2026-08-26T17:04:45.275486
45917,,64,64,0,1023,65300,37148,11783349,0,100,163767,0,0,14:33:5C:6D:AF:58,0,0,ARMED,72.0,0,0,80:02:9C:61:97:4B,11,36,439.1,,,,,80:02:9C:61:97:4A,0,0,NONE,2026-08-26T17:04:45.428486
45917,,49,49,0,1023,65300,37148,11783811,0,100,163767,0,0,14:33:5C:6D:AF:58,0,0,ARMED,72.0,0,1,80:02:9C:61:97:4B,11,2,61.2,,,,,80:02:9C:61:97:4A,0,0,NONE,2026-08-26T17:04:45.890486
45917,,39,39,0,1023,65300,37148,11784327,0,100,163767,0,0,14:33:5C:6D:AF:58,0,0,ARMED,72.0,0,1,80:02:9C:61:97:4B,11,5,133.3,,,,,80:02:9C:61:97:4A,0,0,NONE,2026-08-26T17:04:46.406486
45917,,-69,28,291,332,65300,37148,11784554,0,100,163767,0,0,14:33:5C:6D:AF:58,0,0,ARMED,72.0,0,0,80:02:9C:61:97:4B,11,35,592.6,,,,,80:02:9C:61:97:4A,0,0,NONE,2026-08-26T17:04:46.633486
45917,BEACON,-95,2,0,2200,65300,37148,11784724,0,100,163767,0,0,14:33:5C:6D:AF:58,0,0,ARMED,72.0,0,1,80:02:9C:61:97:4B,11,3,124.9,,,,,80:02:9C:61:97:4A,0,0,NONE,2026-08-26T17:04:46.803486
45917,,40,40,0,1023,65300,37148,11785066,0,100,163767,0,0,14:33:5C:6D:AF:58,0,0,ARMED,72.0,0,1,80:02:9C:61:97:4B,11,15,250.1,,,,,80:02:9C:61:97:4A,0,0,NONE,2026-08-26T17:04:47.145486
45917,,40,40,0,1023,65300,37148,11785617,0,100,163767,0,0,14:33:5C:6D:AF:58,0,0,ARMED,72.0,0,1,80:02:9C:61:97:4B,11,7,71.6,,,,,80:02:9C:61:97:4A,0,0,NONE,2026-08-26T17:04:47.696486
45917,,-69,28,292,358,65300,37148,11786041,0,100,163767,0,0,14:33:5C:6D:AF:58,0,0,ARMED,72.0,0,0,80:02:9C:61:97:4B,11,10,990.5,,,,,80:02:9C:61:97:4A,0,0,NONE,2026-08-26T17:04:48.120486
45917,,49,49,0,1023,65300,37148,11786390,0,100,163767,0,0,14:33:5C:6D:AF:58,0,0,ARMED,72.0,0,1,80:02:9C:61:97:4B,11,8,152.2,,,,,80:02:9C:61:97:4A,0,0,NONE,2026-08-26T17:04:48.469486
45917,BEACON,-85,12,0,2242,65300,37148,11786802,0,100,163767,0,0,14:33:5C:6D:AF:58,0,0,ARMED,72.0,0,1,80:02:9C:61:97:4B,11,7,128.2,,,,,80:02:9C:61:97:4A,0,0,NONE,2026-08-26T17:04:48.881486
45917,,-56,41,0,3264,65300,37148,11787202,0,100,163767,0,0,14:33:5C:6D:AF:58,0,0,ARMED,72.0,0,0,80:02:9C:61:97:4B,11,21,465.5,,,,,80:02:9C:61:97:4A,0,0,NONE,2026-08-26T17:04:49.281486
45917,,40,40,0,1023,65300,37148,11787517,0,100,163767,0,0,14:33:5C:6D:AF:58,0,0,ARMED,72.0,0,1,80:02:9C:61:97:4B,11,10,189.7,,,,,80:02:9C:61:97:4A,0,0,NONE,2026-08-26T17:04:49.596486
45917,,64,64,0,1023,65300,37148,11787964,0,100,163767,0,0,14:33:5C:6D:AF:58,0,0,ARMED,72.0,0,0,80:02:9C:61:97:4B,11,20,222.4,,,,,80:02:9C:61:97:4A,0,0,NONE,2026-08-26T17:04:50.043486
45917,,-56,41,0,3282,65300,37148,11788016,0,100,163767,0,0,14:33:5C:6D:AF:58,0,1,ARMED,72.0,0,0,80:02:9C:61:97:4B,11,39,985.0,,,,,80:02:9C:61:97:4A,0,0,NONE,2026-08-26T17:04:50.095486
45917,BEACON,-95,2,0,3578,65300,37148,11788335,0,100,163767,0,0,14:33:5C:6D:AF:58,0,0,ARMED,72.0,0,1,80:02:9C:61:97:4B,11,6,116.1,,,,,80:02:9C:61:97:4A,0,0,NONE,2026-08-26T17:04:50.414486
45917,,64,64,0,1023,65300,37148,11788836,0,100,163767,0,0,14:33:5C:6D:AF:58,0,0,ARMED,72.0,0,1,80:02:9C:61:97:4B,11,5,122.0,,,,,80:02:9C:61:97:4A,0,0,NONE,2026-08-26T17:04:50.915486
45917,,40,40,0,1023,65300,37148,11789466,0,100,163767,0,0,14:33:5C:6D:AF:58,0,0,ARMED,72.0,0,1,80:02:9C:61:97:4B,11,7,123.8,,,,,80:02:9C:61:97:4A,0,0,NONE,2026-08-26T17:04:51.545486
45917,BEACON,-92,5,0,3595,65300,37148,11790076,0,100,163767,0,0,14:33:5C:6D:AF:58,0,0,ARMED,72.0,0,1,80:02:9C:61:97:4B,11,4,77.4,,,,,80:02:9C:61:97:4A,0,0,NONE,2026-08-26T17:04:52.155486
45917,BEACON,-77,20,0,222,65300,37148,11790434,0,100,163767,0,0,14:33:5C:6D:AF:58,0,0,ARMED,72.0,0,1,80:02:9C:61:97:4B,11,9,87.9,,,,,80:02:9C:61:97:4A,0,0,NONE,2026-08-26T17:04:52.513486
45917,,-93,4,0,1016,65300,37148,11791025,0,100,163767,0,0,14:33:5C:6D:AF:58,0,0,ARMED,72.0,0,0,80:02:9C:61:97:4B,11,8,101.7,,,,,80:02:9C:61:97:4A,0,0,NONE,2026-08-26T17:04:53.104486
45917,,-56,41,0,3301,65300,37148,11791430,0,100,163767,0,0,14:33:5C:6D:AF:58,0,0,ARMED,72.0,0,0,80:02:9C:61:97:4B,11,18,242.2,,,,,80:02:9C:61:97:4A,0,0,NONE,2026-08-26T17:04:53.509486
45917,,47,47,0,1023,65300,37148,11791580,0,100,163767,0,0,14:33:5C:6D:AF:58,0,1,ARMED,72.0,0,0,80:02:9C:61:97:4B,11,10,417.5,,,,,80:02:9C:61:97:4A,0,0,NONE,2026-08-26T17:04:53.659486
45917,,47,47,0,1023,65300,37148,11792112,0,100,163767,0,0,14:33:5C:6D:AF:58,0,0,ARMED,72.0,0,0,80:02:9C:61:97:4B,11,6,150.6,,,,,80:02:9C:61:97:4A,0,0,NONE,2026-08-26T17:04:54.191486
45917,BEACON,-95,2,0,2333,65300,37148,11792613,0,100,163767,0,0,14:33:5C:6D:AF:58,0,0,ARMED,72.0,0,1,80:02:9C:61:97:4B,11,1,47.0,,,,,80:02:9C:61:97:4A,0,0,NONE,2026-08-26T17:04:54.692486
45917,BEACON,-77,20,63,247,65300,37148,11792994,0,100,163767,0,0,14:33:5C:6D:AF:58,0,0,ARMED,72.0,0,1,80:02:9C:61:97:4B,11,26,272.5,,,,,80:02:9C:61:97:4A,0,0,NONE,2026-08-26T17:04:55.073486
45917,BEACON,-95,2,0,2342,65300,37148,11793534,0,100,163767,0,0,14:33:5C:6D:AF:58,0,0,ARMED,72.0,0,0,80:02:9C:61:97:4B,11,4,188.6,,,,,80:02:9C:61:97:4A,0,0,NONE,2026-08-26T17:04:55.613486
45917,BEACON,-78,19,10296,257,65300,37148,11794018,0,100,163767,0,0,14:33:5C:6D:AF:58,0,0,ARMED,72.0,0,1,80:02:9C:61:97:4B,11,7,73.4,,,,,80:02:9C:61:97:4A,0,0,NONE,2026-08-26T17:04:56.097486
45917,BEACON,-95,2,0,2350,65300,37148,11794353,0,100,163767,0,0,14:33:5C:6D:AF:58,0,0,ARMED,72.0,0,1,80:02:9C:61:97:4B,11,1,47.1,,,,,80:02:9C:61:97:4A,0,0,NONE,2026-08-26T17:04:56.432486
45917,,48,48,0,1023,65300,37148,11794889,0,100,163767,0,0,14:33:5C:6D:AF:58,0,0,ARMED,72.0,0,0,80:02:9C:61:97:4B,11,8,179.2,,,,,80:02:9C:61:97:4A,0,0,NONE,2026-08-26T17:04:56.968486
45917,,40,40,0,1023,65300,37148,11794968,0,100,163767,0,0,14:33:5C:6D:AF:58,0,1,ARMED,72.0,0,1,80:02:9C:61:97:4B,11,23,1072.4,,,,,80:02:9C:61:97:4A,0,0,NONE,2026-08-26T17:04:57.047486
45917,,-45,52,193,119,65300,37148,11795279,0,100,163767,0,0,14:33:5C:6D:AF:58,0,0,ARMED,72.0,0,0,80:02:9C:61:97:4B,11,12,477.6,,,,,80:02:9C:61:97:4A,0,0,NONE,2026-08-26T17:04:57.358486
45917,BEACON,-78,19,58,275,65300,37148,11795861,0,100,163767,0,0,14:33:5C:6D:AF:58,0,0,ARMED,72.0,0,1,80:02:9C:61:97:4B,11,6,62.9,,,,,80:02:9C:61:97:4A,0,0,NONE,2026-08-26T17:04:57.940486
45917,,40,40,0,1023,65300,37148,11796466,0,100,163767,0,0,14:33:5C:6D:AF:58,0,0,ARMED,72.0,0,1,80:02:9C:61:97:4B,11,2,39.9,,,,,80:02:9C:61:97:4A,0,0,NONE,2026-08-26T17:04:58.545486
45917,BEACON,-95,2,0,2376,65300,37148,11797016,0,100,163767,0,0,14:33:5C:6D:AF:58,0,0,ARMED,72.0,0,1,80:02:9C:61:97:4B,11,6,75.9,,,,,80:02:9C:61:97:4A,0,0,NONE,2026-08-26T17:04:59.095486
45917,MGMT_OTHER,-92,5,868,2694,65300,37148,11797222,0,100,163767,0,0,14:33:5C:6D:AF:58,0,0,ARMED,72.0,0,1,80:02:9C:61:97:4B,11,37,481.6,,,,,80:02:9C:61:97:4A,0,0,NONE,2026-08-26T17:04:59.301486
45917,BEACON,-65,32,34621,867,65300,37148,11797711,0,100,163767,0,0,14:33:5C:6D:AF:58,0,0,ARMED,72.0,0,1,80:02:9C:61:97:4B,11,1,141.1,,,,,80:02:9C:61:97:4A,0,0,NONE,2026-08-26T17:04:59.790486
45917,BEACON,-89,8,28865,1250,65300,37148,11798252,0,100,163767,0,0,14:33:5C:6D:AF:58,0,0,ARMED,72.0,0,1,80:02:9C:61:97:4B,11,4,111.3,,,,,80:02:9C:61:97:4A,0,0,NONE,2026-08-26T17:05:00.331486
45917,,-56,41,555,3380,65300,37148,11798463,0,100,163767,0,0,14:33:5C:6D:AF:58,1,1,ARMED,72.0,0,1,80:02:9C:61:97:4B,11,16,378.4,,,,,80:02:9C:61:97:4A,0,0,NONE,2026-08-26T17:05:00.542486
45917,,-68,29,0,574,65300,37148,11798715,0,100,163767,0,0,14:33:5C:6D:AF:58,0,0,ARMED,72.0,0,1,80:02:9C:61:97:4B,11,9,100.7,,,,,80:02:9C:61:97:4A,0,0,NONE,2026-08-26T17:05:00.794486
45917,,40,40,0,1023,65300,37148,11799316,0,100,163767,0,0,14:33:5C:6D:AF:58,0,0,ARMED,72.0,0,0,80:02:9C:61:97:4B,11,7,95.6,,,,,80:02:9C:61:97:4A,0,0,NONE,2026-08-26T17:05:01.395486
45917,,64,64,0,1023,65300,37148,11799760,0,100,163767,0,0,14:33:5C:6D:AF:58,0,0,ARMED,72.0,0,1,80:02:9C:61:97:4B,11,1,1000.0,,,,,80:02:9C:61:97:4A,0,0,NONE,2026-08-26T17:05:01.839486
45917,,48,48,0,1023,65300,37148,11800055,0,100,163767,0,0,14:33:5C:6D:AF:58,0,0,ARMED,72.0,0,1,80:02:9C:61:97:4B,11,11,120.4,,,,,80:02:9C:61:97:4A,0,0,NONE,2026-08-26T17:05:02.134486
45917,BEACON,-91,6,0,3699,65300,37148,11800727,0,100,163767,0,0,14:33:5C:6D:AF:58,0,0,ARMED,72.0,0,1,80:02:9C:61:97:4B,11,2,112.7,,,,,80:02:9C:61:97:4A,0,0,NONE,2026-08-26T17:05:02.806486
45917,BEACON,-92,5,0,3703,65300,37148,11801135,0,100,163767,0,0,14:33:5C:6D:AF:58,0,0,ARMED,72.0,0,1,80:02:9C:61:97:4B,11,24,211.0,,,,,80:02:9C:61:97:4A,0,0,NONE,2026-08-26T17:05:03.214486
45917,BEACON,-90,7,0,1285,65300,37148,11801631,0,100,163767,0,0,14:33:5C:6D:AF:58,0,0,ARMED,72.0,0,1,80:02:9C:61:97:4B,11,9,103.8,,,,,80:02:9C:61:97:4A,0,0,NONE,2026-08-26T17:05:03.710486
45917,,-69,28,0,627,65300,37148,11801842,0,100,163767,0,0,14:33:5C:6D:AF:58,0,0,ARMED,72.0,0,0,80:02:9C:61:97:4B,11,40,432.5,,,,,80:02:9C:61:97:4A,0,0,NONE,2026-08-26T17:05:03.921486
45917,,-97,0,0,142,65300,37148,11802263,0,100,163767,0,0,14:33:5C:6D:AF:58,0,0,ARMED,72.0,0,1,80:02:9C:61:97:4B,11,5,94.0,,,,,80:02:9C:61:97:4A,0,0,NONE,2026-08-26T17:05:04.342486
45917,,47,47,0,1023,65300,37148,11802797,0,100,163767,0,0,14:33:5C:6D:AF:58,0,0,ARMED,72.0,0,0,80:02:9C:61:97:4B,11,5,66.8,,,,,80:02:9C:61:97:4A,0,0,NONE,2026-08-26T17:05:04.876486
45917,,47,47,0,1023,65300,37148,11803405,0,100,163767,0,0,14:33:5C:6D:AF:58,0,0,ARMED,72.0,0,1,80:02:9C:61:97:4B,11,7,101.4,,,,,80:02:9C:61:97:4A,0,0,NONE,2026-08-26T17:05:05.484486
45917,,46,46,0,1023,65300,37148,11803890,0,100,163767,0,0,14:33:5C:6D:AF:58,0,0,ARMED,72.0,0,1,80:02:9C:61:97:4B,11,5,120.3,,,,,80:02:9C:61:97:4A,0,0,NONE,2026-08-26T17:05:05.969486
45917,BEACON,-93,4,0,3733,65300,37148,11804207,0,100,163767,0,0,14:33:5C:6D:AF:58,0,1,ARMED,72.0,0,1,80:02:9C:61:97:4B,11,5,96.8,,,,,80:02:9C:61:97:4A,0,0,NONE,2026-08-26T17:05:06.286486
45917,BEACON,-77,20,0,361,65252,37148,11804668,0,100,163767,0,0,14:33:5C:6D:AF:58,0,0,ARMED,72.0,0,1,80:02:9C:61:97:4B,11,9,87.9,,,,,80:02:9C:61:97:4A,0,0,NONE,2026-08-26T17:05:06.747486
45917,BEACON,-97,0,0,2400,65300,37148,11805203,0,100,163767,0,0,14:33:5C:6D:AF:58,0,0,ARMED,72.0,0,1,80:02:9C:61:97:4B,11,3,124.9,,,,,80:02:9C:61:97:4A,0,0,NONE,2026-08-26T17:05:07.282486
45917,,-69,28,291,670,65300,37148,11805400,0,100,163767,0,0,14:33:5C:6D:AF:58,0,1,ARMED,72.0,0,0,80:02:9C:61:97:4B,11,10,632.8,,,,,80:02:9C:61:97:4A,0,0,NONE,2026-08-26T17:05:07.479486
45917,,-69,28,0,699,65300,37148,11805578,0,100,163767,0,0,14:33:5C:6D:AF:58,0,1,ARMED,72.0,0,0,80:02:9C:61:97:4B,11,21,230.3,,,,,80:02:9C:61:97:4A,0,0,NONE,2026-08-26T17:05:07.657486
45917,BEACON,-85,12,0,2429,65300,37148,11805951,0,100,163767,0,0,14:33:5C:6D:AF:58,0,0,ARMED,72.0,0,1,80:02:9C:61:97:4B,11,9,163.7,,,,,80:02:9C:61:97:4A,0,0,NONE,2026-08-26T17:05:08.030486
45917,BEACON,-94,3,0,1332,65300,37148,11806444,0,100,163767,0,0,14:33:5C:6D:AF:58,0,0,ARMED,72.0,0,1,80:02:9C:61:97:4B,11,7,194.6,,,,,80:02:9C:61:97:4A,0,0,NONE,2026-08-26T17:05:08.523486
45917,,47,47,0,1023,65300,37148,11806956,0,100,163767,0,0,14:33:5C:6D:AF:58,0,0,ARMED,72.0,0,0,80:02:9C:61:97:4B,11,5,138.3,,,,,80:02:9C:61:97:4A,0,0,NONE,2026-08-26T17:05:09.035486
45917,BEACON,-77,20,0,387,65300,37148,11807330,0,100,163767,0,0,14:33:5C:6D:AF:58,0,0,ARMED,72.0,0,1,80:02:9C:61:97:4B,11,11,107.4,,,,,80:02:9C:61:97:4A,0,0,NONE,2026-08-26T17:05:09.409486
45917,BEACON,-94,3,0,3769,65300,37148,11807894,0,100,163767,0,0,14:33:5C:6D:AF:58,0,0,ARMED,72.0,0,1,80:02:9C:61:97:4B,11,4,77.3,,,,,80:02:9C:61:97:4A,0,0,NONE,2026-08-26T17:05:09.973486
45917,,40,40,0,1023,65300,37148,11808316,0,100,163767,0,0,14:33:5C:6D:AF:58,0,0,ARMED,72.0,0,1,80:02:9C:61:97:4B,11,9,140.3,,,,,80:02:9C:61:97:4A,0,0,NONE,2026-08-26T17:05:10.395486
45917,,-56,41,419,3496,65300,37148,11808756,0,100,163767,0,0,14:33:5C:6D:AF:58,0,0,ARMED,72.0,0,1,80:02:9C:61:97:4B,11,26,273.2,,,,,80:02:9C:61:97:4A,0,0,NONE,2026-08-26T17:05:10.835486
45917,,-91,6,16999,2238,65300,37148,11808806,0,100,163767,0,0,14:33:5C:6D:AF:58,0,0,ARMED,72.0,0,1,80:02:9C:61:97:4B,11,49,1484.3,,,,,80:02:9C:61:97:4A,0,0,NONE,2026-08-26T17:05:10.885486
45917,,40,40,0,1023,65300,37148,11809416,0,100,163767,0,0,14:33:5C:6D:AF:58,0,0,ARMED,72.0,0,1,80:02:9C:61:97:4B,11,8,80.6,,,,,80:02:9C:61:97:4A,0,0,NONE,2026-08-26T17:05:11.495486
45917,BEACON,-95,2,0,1367,65300,37148,11810028,0,100,163767,0,0,14:33:5C:6D:AF:58,0,0,ARMED,72.0,0,1,80:02:9C:61:97:4B,11,4,111.2,,,,,80:02:9C:61:97:4A,0,0,NONE,2026-08-26T17:05:12.107486
45917,BEACON,-92,5,0,1370,65300,37148,11810335,0,100,163767,0,0,14:33:5C:6D:AF:58,0,1,ARMED,72.0,0,1,80:02:9C:61:97:4B,11,4,111.2,,,,,80:02:9C:61:97:4A,0,0,NONE,2026-08-26T17:05:12.414486
45917,AUTH,-93,4,7723,3718,65300,37148,11810827,0,100,163767,0,0,14:33:5C:6D:AF:58,0,0,ARMED,72.0,0,1,80:02:9C:61:97:4B,11,3,193.4,,,,,80:02:9C:61:97:4A,0,0,NONE,2026-08-26T17:05:12.906486
45917,,-70,27,292,779,65300,37148,11811289,0,100,163767,0,0,14:33:5C:6D:AF:58,0,0,ARMED,72.0,0,0,80:02:9C:61:97:4B,11,13,193.4,,,,,80:02:9C:61:97:4A,0,0,NONE,2026-08-26T17:05:13.368486
45917,BEACON,-92,5,9975,3808,65300,37148,11811887,0,100,163767,0,0,14:33:5C:6D:AF:58,0,0,ARMED,72.0,0,1,80:02:9C:61:97:4B,11,5,96.7,,,,,80:02:9C:61:97:4A,0,0,NONE,2026-08-26T17:05:13.966486
45917,,-56,41,0,3521,65300,37148,11812302,0,100,163767,0,0,14:33:5C:6D:AF:58,0,0,ARMED,72.0,0,0,80:02:9C:61:97:4B,11,19,336.1,,,,,80:02:9C:61:97:4A,0,0,NONE,2026-08-26T17:05:14.381486
45917,,45,45,0,1023,65300,37148,11812408,0,100,163767,0,0,14:33:5C:6D:AF:58,0,1,ARMED,72.0,0,1,80:02:9C:61:97:4B,11,7,116.0,,,,,80:02:9C:61:97:4A,0,0,NONE,2026-08-26T17:05:14.487486
45917,BEACON,-95,2,0,2476,65300,37148,11812986,0,100,163767,0,0,14:33:5C:6D:AF:58,0,0,ARMED,72.0,0,1,80:02:9C:61:97:4B,11,3,124.5,,,,,80:02:9C:61:97:4A,0,0,NONE,2026-08-26T17:05:15.065486
45917,,40,40,0,1023,65300,37148,11813615,0,100,163767,0,0,14:33:5C:6D:AF:58,0,0,ARMED,72.0,0,1,80:02:9C:61:97:4B,11,4,103.2,,,,,80:02:9C:61:97:4A,0,0,NONE,2026-08-26T17:05:15.694486
45917,BEACON,-97,0,0,2542,65300,37148,11814014,0,100,163767,0,0,14:33:5C:6D:AF:58,0,0,ARMED,72.0,0,0,80:02:9C:61:97:4B,11,3,106.1,,,,,80:02:9C:61:97:4A,0,0,NONE,2026-08-26T17:05:16.093486
45917,,-91,6,0,365,65300,37148,11814134,0,100,163767,0,0,14:33:5C:6D:AF:58,0,1,ARMED,72.0,0,1,80:02:9C:61:97:4B,11,12,265.1,,,,,80:02:9C:61:97:4A,0,0,NONE,2026-08-26T17:05:16.213486
45917,,45,45,0,1023,65300,37148,11814690,0,100,163767,0,0,14:33:5C:6D:AF:58,0,0,ARMED,72.0,0,0,80:02:9C:61:97:4B,11,6,72.3,,,,,80:02:9C:61:97:4A,0,0,NONE,2026-08-26T17:05:16.769486
45917,,-56,41,419,3562,65300,37148,11815054,0,100,163767,0,0,14:33:5C:6D:AF:58,0,0,ARMED,72.0,0,1,80:02:9C:61:97:4B,11,21,563.6,,,,,80:02:9C:61:97:4A,0,0,NONE,2026-08-26T17:05:17.133486
45917,BEACON,-94,3,19696,2501,65300,37148,11815546,0,100,163767,0,0,14:33:5C:6D:AF:58,0,0,ARMED,72.0,0,1,80:02:9C:61:97:4B,11,1,58.6,,,,,80:02:9C:61:97:4A,0,0,NONE,2026-08-26T17:05:17.625486
45917,,-69,28,1780,870,65300,37148,11815781,0,100,163767,0,0,14:33:5C:6D:AF:58,0,0,ARMED,72.0,0,0,80:02:9C:61:97:4B,11,29,614.0,,,,,80:02:9C:61:97:4A,0,0,NONE,2026-08-26T17:05:17.860486
45917,BEACON,-93,4,0,3849,65300,37148,11816086,0,100,163767,0,0,14:33:5C:6D:AF:58,0,0,ARMED,72.0,0,1,80:02:9C:61:97:4B,11,4,89.3,,,,,80:02:9C:61:97:4A,0,0,NONE,2026-08-26T17:05:18.165486
45917,,-70,27,11845,885,65300,37148,11816395,0,100,163767,0,0,14:33:5C:6D:AF:58,0,0,ARMED,72.0,0,1,80:02:9C:61:97:4B,11,8,168.5,,,,,80:02:9C:61:97:4A,0,0,NONE,2026-08-26T17:05:18.474486
45917,,46,46,0,1023,65300,37148,11816738,0,100,163767,0,0,14:33:5C:6D:AF:58,0,0,ARMED,72.0,0,1,80:02:9C:61:97:4B,11,14,169.2,,,,,80:02:9C:61:97:4A,0,0,NONE,2026-08-26T17:05:18.817486
45917,,43,43,0,1023,65300,37148,11817291,0,100,163767,0,0,14:33:5C:6D:AF:58,0,0,ARMED,72.0,0,0,80:02:9C:61:97:4B,11,6,286.2,,,,,80:02:9C:61:97:4A,0,0,NONE,2026-08-26T17:05:19.370486
45917,,-93,4,1133,308,65300,37148,11817599,0,100,163767,0,0,14:33:5C:6D:AF:58,0,0,ARMED,72.0,0,1,80:02:9C:61:97:4B,11,15,628.7,,,,,80:02:9C:61:97:4A,0,0,NONE,2026-08-26T17:05:19.678486
45917,,-70,27,292,893,65300,37148,11818022,0,100,163767,0,0,14:33:5C:6D:AF:58,0,0,ARMED,72.0,0,0,80:02:9C:61:97:4B,11,8,225.3,,,,,80:02:9C:61:97:4A,0,0,NONE,2026-08-26T17:05:20.101486
45917,,40,40,0,1023,65300,37148,11818366,0,100,163767,0,0,14:33:5C:6D:AF:58,0,0,ARMED,72.0,0,0,80:02:9C:61:97:4B,11,8,110.6,,,,,80:02:9C:61:97:4A,0,0,NONE,2026-08-26T17:05:20.445486
45917,PROBE_RESP,-86,11,0,262,65300,37148,11818853,0,100,163767,0,0,14:33:5C:6D:AF:58,0,0,ARMED,72.0,0,1,80:02:9C:61:97:4B,11,8,170.2,,,,,80:02:9C:61:97:4A,0,0,NONE,2026-08-26T17:05:20.932486
45917,,-56,41,0,3604,65300,37148,11819273,0,100,163767,0,0,14:33:5C:6D:AF:58,0,0,ARMED,72.0,0,0,80:02:9C:61:97:4B,11,19,322.5,,,,,80:02:9C:61:97:4A,0,0,NONE,2026-08-26T17:05:21.352486
45917,,39,39,0,1023,65300,37148,11819466,0,100,163767,0,0,14:33:5C:6D:AF:58,0,0,ARMED,72.0,0,1,80:02:9C:61:97:4B,11,4,86.1,,,,,80:02:9C:61:97:4A,0,0,NONE,2026-08-26T17:05:21.545486
45917,BEACON,-93,4,16340,2544,65300,37148,11819949,0,100,163767,0,0,14:33:5C:6D:AF:58,0,0,ARMED,72.0,0,1,80:02:9C:61:97:4B,11,1,58.7,,,,,80:02:9C:61:97:4A,0,0,NONE,2026-08-26T17:05:22.028486
45917,,-50,47,13734,158,65284,37148,11820437,0,100,163767,0,0,14:33:5C:6D:AF:58,0,0,ARMED,72.0,0,1,80:02:9C:61:97:4B,11,8,83.7,,,,,80:02:9C:61:97:4A,0,0,NONE,2026-08-26T17:05:22.516486
45917,BEACON,-94,3,0,3896,65300,37148,11820898,0,100,163767,0,0,14:33:5C:6D:AF:58,0,0,ARMED,72.0,0,1,80:02:9C:61:97:4B,11,6,134.2,,,,,80:02:9C:61:97:4A,0,0,NONE,2026-08-26T17:05:22.977486
45917,BEACON,-64,33,13597,1121,65300,37148,11821263,0,100,163767,0,0,14:33:5C:6D:AF:58,0,1,ARMED,72.0,0,1,80:02:9C:61:97:4B,11,30,292.9,,,,,80:02:9C:61:97:4A,0,0,NONE,2026-08-26T17:05:23.342486
45917,BEACON,-66,31,0,1126,65300,37148,11821673,0,100,163767,0,0,14:33:5C:6D:AF:58,0,0,ARMED,72.0,0,1,80:02:9C:61:97:4B,11,15,146.5,,,,,80:02:9C:61:97:4A,0,0,NONE,2026-08-26T17:05:23.752486
45917,,-70,27,411,960,65300,37148,11822041,0,100,163767,0,0,14:33:5C:6D:AF:58,0,0,ARMED,72.0,0,0,80:02:9C:61:97:4B,11,14,231.1,,,,,80:02:9C:61:97:4A,0,0,NONE,2026-08-26T17:05:24.120486
45917,BEACON,-89,8,9999,3912,65300,37148,11822537,0,100,163767,0,0,14:33:5C:6D:AF:58,0,0,ARMED,72.0,0,1,80:02:9C:61:97:4B,11,5,107.9,,,,,80:02:9C:61:97:4A,0,0,NONE,2026-08-26T17:05:24.616486
45917,,-70,27,0,985,65300,37148,11822760,0,100,163767,0,0,14:33:5C:6D:AF:58,0,0,ARMED,72.0,0,0,80:02:9C:61:97:4B,11,34,532.3,,,,,80:02:9C:61:97:4A,0,0,NONE,2026-08-26T17:05:24.839486
45917,BEACON,-94,3,0,1501,65300,37148,11823033,0,100,163767,0,0,14:33:5C:6D:AF:58,0,0,ARMED,72.0,0,1,80:02:9C:61:97:4B,11,6,210.1,,,,,80:02:9C:61:97:4A,0,0,NONE,2026-08-26T17:05:25.112486
45917,BEACON,-86,11,26626,2601,65300,37148,11823561,0,100,163767,0,0,14:33:5C:6D:AF:58,0,0,ARMED,72.0,0,1,80:02:9C:61:97:4B,11,5,112.4,,,,,80:02:9C:61:97:4A,0,0,NONE,2026-08-26T17:05:25.640486
45917,BEACON,-92,5,0,1510,65300,37148,11823956,0,100,163767,0,0,14:33:5C:6D:AF:58,0,0,ARMED,72.0,0,1,80:02:9C:61:97:4B,11,2,89.0,,,,,80:02:9C:61:97:4A,0,0,NONE,2026-08-26T17:05:26.035486
45917,,-94,3,0,148,65300,37148,11824290,0,100,163767,0,0,14:33:5C:6D:AF:58,0,0,ARMED,72.0,0,0,80:02:9C:61:97:4B,11,20,468.6,,,,,80:02:9C:61:97:4A,0,0,NONE,2026-08-26T17:05:26.369486
45917,,64,64,0,1023,65300,37148,11824655,0,100,163767,0,0,14:33:5C:6D:AF:58,0,0,ARMED,72.0,0,1,80:02:9C:61:97:4B,11,7,72.5,,,,,80:02:9C:61:97:4A,0,0,NONE,2026-08-26T17:05:26.734486
45917,BEACON,-91,6,0,3937,65300,37148,11825097,0,100,163767,0,0,14:33:5C:6D:AF:58,0,0,ARMED,72.0,0,1,80:02:9C:61:97:4B,11,1,63.2,,,,,80:02:9C:61:97:4A,0,0,NONE,2026-08-26T17:05:27.176486
45917,BEACON,-94,3,0,2653,65300,37148,11825380,0,100,163767,0,0,14:33:5C:6D:AF:58,0,0,ARMED,72.0,0,0,80:02:9C:61:97:4B,11,31,327.2,,,,,80:02:9C:61:97:4A,0,0,NONE,2026-08-26T17:05:27.459486
45917,BEACON,-69,28,0,1169,65300,37148,11825871,0,100,163767,0,0,14:33:5C:6D:AF:58,0,0,ARMED,72.0,0,1,80:02:9C:61:97:4B,11,2,282.5,,,,,80:02:9C:61:97:4A,0,0,NONE,2026-08-26T17:05:27.950486
45917,,48,48,0,1023,65300,37148,11826243,0,100,163767,0,0,14:33:5C:6D:AF:58,0,0,ARMED,72.0,0,1,80:02:9C:61:97:4B,11,22,305.2,,,,,80:02:9C:61:97:4A,0,0,NONE,2026-08-26T17:05:28.322486
45917,BEACON,-95,2,10105,2606,65300,37148,11826298,0,100,163767,0,0,14:33:5C:6D:AF:58,0,1,ARMED,72.0,0,1,80:02:9C:61:97:4B,11,5,213.0,,,,,80:02:9C:61:97:4A,0,0,NONE,2026-08-26T17:05:28.377486
45917,BEACON,-94,3,0,1538,65300,37148,11826822,0,100,163767,0,0,14:33:5C:6D:AF:58,0,0,ARMED,72.0,0,1,80:02:9C:61:97:4B,11,5,139.0,,,,,80:02:9C:61:97:4A,0,0,NONE,2026-08-26T17:05:28.901486
45917,BEACON,-68,29,0,1184,65300,37148,11827305,0,100,163767,0,0,14:33:5C:6D:AF:58,0,0,ARMED,72.0,0,1,80:02:9C:61:97:4B,11,1,141.0,,,,,80:02:9C:61:97:4A,0,0,NONE,2026-08-26T17:05:29.384486
45917,,40,40,0,1023,65300,37148,11827616,0,100,163767,0,0,14:33:5C:6D:AF:58,0,0,ARMED,72.0,0,1,80:02:9C:61:97:4B,11,2,185.4,,,,,80:02:9C:61:97:4A,0,0,NONE,2026-08-26T17:05:29.695486
45917,BEACON,-67,30,82,1193,65300,37148,11828124,0,100,163767,0,0,14:33:5C:6D:AF:58,0,0,ARMED,72.0,0,1,80:02:9C:61:97:4B,11,2,284.1,,,,,80:02:9C:61:97:4A,0,0,NONE,2026-08-26T17:05:30.203486
45917,,47,47,0,1023,65300,37148,11828439,0,100,163767,0,0,14:33:5C:6D:AF:58,0,0,ARMED,72.0,0,0,80:02:9C:61:97:4B,11,3,198.0,,,,,80:02:9C:61:97:4A,0,0,NONE,2026-08-26T17:05:30.518486
45917,,40,40,0,1023,65300,37148,11828915,0,100,163767,0,0,14:33:5C:6D:AF:58,0,0,ARMED,72.0,0,0,80:02:9C:61:97:4B,11,9,110.4,,,,,80:02:9C:61:97:4A,0,0,NONE,2026-08-26T17:05:30.994486
45917,BEACON,-94,3,0,1562,65300,37148,11829177,0,100,163767,0,0,14:33:5C:6D:AF:58,0,1,ARMED,72.0,0,1,80:02:9C:61:97:4B,11,6,166.8,,,,,80:02:9C:61:97:4A,0,0,NONE,2026-08-26T17:05:31.256486
45917,,-56,41,367,3711,65300,37148,11829556,0,100,163767,0,0,14:33:5C:6D:AF:58,0,0,ARMED,72.0,0,1,80:02:9C:61:97:4B,11,14,2608.5,,,,,80:02:9C:61:97:4A,0,0,NONE,2026-08-26T17:05:31.635486
45917,,40,40,0,1023,65300,37148,11829765,0,100,163767,0,0,14:33:5C:6D:AF:58,0,0,ARMED,72.0,0,1,80:02:9C:61:97:4B,11,3,312.2,,,,,80:02:9C:61:97:4A,0,0,NONE,2026-08-26T17:05:31.844486
45917,,-66,31,0,1116,65300,37148,11830045,0,100,163767,0,0,14:33:5C:6D:AF:58,0,1,ARMED,72.0,0,1,80:02:9C:61:97:4B,11,13,153.0,,,,,80:02:9C:61:97:4A,0,0,NONE,2026-08-26T17:05:32.124486
45917,,49,49,0,1023,65300,37148,11830496,0,100,163767,0,0,14:33:5C:6D:AF:58,0,0,ARMED,72.0,0,1,80:02:9C:61:97:4B,11,2,82.9,,,,,80:02:9C:61:97:4A,0,0,NONE,2026-08-26T17:05:32.575486
45917,BEACON,-77,20,0,618,65284,37148,11830984,0,100,163767,0,0,14:33:5C:6D:AF:58,0,0,ARMED,72.0,0,1,80:02:9C:61:97:4B,11,8,78.1,,,,,80:02:9C:61:97:4A,0,0,NONE,2026-08-26T17:05:33.063486
45917,,40,40,0,1023,65300,37148,11831515,0,100,163767,0,0,14:33:5C:6D:AF:58,0,0,ARMED,72.0,0,0,80:02:9C:61:97:4B,11,3,155.2,,,,,80:02:9C:61:97:4A,0,0,NONE,2026-08-26T17:05:33.594486
45917,,-34,63,0,2308,65300,37148,11832017,0,100,163767,0,0,14:33:5C:6D:AF:58,0,0,ARMED,72.0,0,1,80:02:9C:61:97:4B,11,3,333.0,,,,,80:02:9C:61:97:4A,0,0,NONE,2026-08-26T17:05:34.096486
45917,BEACON,-92,5,0,2665,65300,37148,11832339,0,100,163767,0,0,14:33:5C:6D:AF:58,0,0,ARMED,72.0,0,1,80:02:9C:61:97:4B,11,3,124.5,,,,,80:02:9C:61:97:4A,0,0,NONE,2026-08-26T17:05:34.418486
45917,BEACON,-67,30,0,1241,65300,37148,11832732,0,100,163767,0,0,14:33:5C:6D:AF:58,0,0,ARMED,72.0,0,1,80:02:9C:61:97:4B,11,1,141.2,,,,,80:02:9C:61:97:4A,0,0,NONE,2026-08-26T17:05:34.811486
45917,,-56,41,346,3747,65300,37148,11833152,0,100,163767,0,0,14:33:5C:6D:AF:58,0,0,ARMED,72.0,0,0,80:02:9C:61:97:4B,11,13,736.7,,,,,80:02:9C:61:97:4A,0,0,NONE,2026-08-26T17:05:35.231486
45917,,-67,30,481,1168,65300,37148,11833181,0,100,163767,0,0,14:33:5C:6D:AF:58,0,0,ARMED,72.0,0,1,80:02:9C:61:97:4B,11,63,1350.0,,,,,80:02:9C:61:97:4A,0,0,NONE,2026-08-26T17:05:35.260486
45917,,38,38,0,1023,65300,37148,11833629,0,100,163767,0,0,14:33:5C:6D:AF:58,0,0,ARMED,72.0,0,0,80:02:9C:61:97:4B,11,14,165.1,,,,,80:02:9C:61:97:4A,0,0,NONE,2026-08-26T17:05:35.708486
45917,BEACON,-77,20,0,649,65284,37148,11834159,0,100,163767,0,0,14:33:5C:6D:AF:58,0,0,ARMED,72.0,0,1,80:02:9C:61:97:4B,11,8,78.1,,,,,80:02:9C:61:97:4A,0,0,NONE,2026-08-26T17:05:36.238486
45917,,40,40,0,1023,65300,37148,11834667,0,100,163767,0,0,14:33:5C:6D:AF:58,0,0,ARMED,72.0,0,1,80:02:9C:61:97:4B,11,7,71.0,,,,,80:02:9C:61:97:4A,0,0,NONE,2026-08-26T17:05:36.746486
45917,,-56,41,579,3772,65300,37148,11835093,0,100,163767,0,0,14:33:5C:6D:AF:58,0,0,ARMED,72.0,0,0,80:02:9C:61:97:4B,11,17,213.2,,,,,80:02:9C:61:97:4A,0,0,NONE,2026-08-26T17:05:37.172486
45917,BEACON,-77,20,0,664,65300,37148,11835698,0,100,163767,0,0,14:33:5C:6D:AF:58,0,0,ARMED,72.0,0,1,80:02:9C:61:97:4B,11,2,36.7,,,,,80:02:9C:61:97:4A,0,0,NONE,2026-08-26T17:05:37.777486
45917,BEACON,-95,2,0,4043,65300,37148,11835951,0,100,163767,0,0,14:33:5C:6D:AF:58,0,0,ARMED,72.0,0,1,80:02:9C:61:97:4B,11,28,329.7,,,,,80:02:9C:61:97:4A,0,0,NONE,2026-08-26T17:05:38.030486
45917,,50,50,0,1023,65300,37148,11836470,0,100,163767,0,0,14:33:5C:6D:AF:58,0,0,ARMED,72.0,0,0,80:02:9C:61:97:4B,11,8,135.9,,,,,80:02:9C:61:97:4A,0,0,NONE,2026-08-26T17:05:38.549486
45917,,-56,41,1022,3802,65300,37148,11836589,0,100,163767,0,0,14:33:5C:6D:AF:58,0,0,ARMED,72.0,0,0,80:02:9C:61:97:4B,11,47,624.6,,,,,80:02:9C:61:97:4A,0,0,NONE,2026-08-26T17:05:38.668486
45917,,40,40,0,1023,65300,37148,11836916,0,100,163767,0,0,14:33:5C:6D:AF:58,0,0,ARMED,72.0,0,1,80:02:9C:61:97:4B,11,5,52.3,,,,,80:02:9C:61:97:4A,0,0,NONE,2026-08-26T17:05:38.995486
45917,BEACON,-95,2,0,2770,65300,37148,11837361,0,100,163767,0,0,14:33:5C:6D:AF:58,0,0,ARMED,72.0,0,0,80:02:9C:61:97:4B,11,9,94.4,,,,,80:02:9C:61:97:4A,0,0,NONE,2026-08-26T17:05:39.440486
45917,BEACON,-78,19,0,684,65300,37148,11837743,0,100,163767,0,0,14:33:5C:6D:AF:58,0,0,ARMED,72.0,0,1,80:02:9C:61:97:4B,11,3,45.1,,,,,80:02:9C:61:97:4A,0,0,NONE,2026-08-26T17:05:39.822486
45917,,40,40,0,1023,65300,37148,11838373,0,100,163767,0,0,14:33:5C:6D:AF:58,0,0,ARMED,72.0,0,1,80:02:9C:61:97:4B,11,4,245.2,,,,,80:02:9C:61:97:4A,0,0,NONE,2026-08-26T17:05:40.452486
45917,,49,49,0,1023,65300,37148,11838781,0,100,163767,0,0,14:33:5C:6D:AF:58,0,0,ARMED,72.0,0,0,80:02:9C:61:97:4B,11,6,411.6,,,,,80:02:9C:61:97:4A,0,0,NONE,2026-08-26T17:05:40.860486
45917,,-69,28,292,1245,65300,37148,11839152,0,100,163767,0,0,14:33:5C:6D:AF:58,0,0,ARMED,72.0,0,0,80:02:9C:61:97:4B,11,21,267.0,,,,,80:02:9C:61:97:4A,0,0,NONE,2026-08-26T17:05:41.231486
45917,,-91,6,29571,2545,65300,37148,11839746,0,100,163767,0,0,14:33:5C:6D:AF:58,0,0,ARMED,72.0,0,1,80:02:9C:61:97:4B,11,5,87.0,,,,,80:02:9C:61:97:4A,0,0,NONE,2026-08-26T17:05:41.825486
45917,,-73,24,0,1262,65300,37148,11840157,0,100,163767,0,0,14:33:5C:6D:AF:58,0,0,ARMED,72.0,0,0,80:02:9C:61:97:4B,11,24,404.8,,,,,80:02:9C:61:97:4A,0,0,NONE,2026-08-26T17:05:42.236486
45917,,40,40,0,1023,65300,37148,11840518,0,100,163767,0,0,14:33:5C:6D:AF:58,0,0,ARMED,72.0,0,0,80:02:9C:61:97:4B,11,3,278.1,,,,,80:02:9C:61:97:4A,0,0,NONE,2026-08-26T17:05:42.597486
45917,BEACON,-65,32,9869,1328,65300,37148,11841129,0,100,163767,0,0,14:33:5C:6D:AF:58,0,0,ARMED,72.0,0,1,80:02:9C:61:97:4B,11,1,141.3,,,,,80:02:9C:61:97:4A,0,0,NONE,2026-08-26T17:05:43.208486
45917,,-49,48,0,2870,65300,37148,11841679,0,100,163767,0,0,14:33:5C:6D:AF:58,0,0,ARMED,72.0,0,1,80:02:9C:61:97:4B,11,5,111.4,,,,,80:02:9C:61:97:4A,0,0,NONE,2026-08-26T17:05:43.758486
45917,BEACON,-96,1,0,2760,65300,37148,11842067,0,100,163767,0,0,14:33:5C:6D:AF:58,0,0,ARMED,72.0,0,1,80:02:9C:61:97:4B,11,5,207.6,,,,,80:02:9C:61:97:4A,0,0,NONE,2026-08-26T17:05:44.146486
45917,,-43,54,106529,203,65300,37148,11842464,0,100,163767,0,0,14:33:5C:6D:AF:58,0,0,ARMED,72.0,0,1,80:02:9C:61:97:4B,11,1,228.9,,,,,80:02:9C:61:97:4A,0,0,NONE,2026-08-26T17:05:44.543486
45917,BEACON,-97,0,0,2826,65300,37148,11843096,0,100,163767,0,0,14:33:5C:6D:AF:58,0,0,ARMED,72.0,0,1,80:02:9C:61:97:4B,11,2,94.0,,,,,80:02:9C:61:97:4A,0,0,NONE,2026-08-26T17:05:45.175486
45917,,-70,27,248,1306,65300,37148,11843542,0,100,163767,0,0,14:33:5C:6D:AF:58,0,0,ARMED,72.0,0,1,80:02:9C:61:97:4B,11,20,343.4,,,,,80:02:9C:61:97:4A,0,0,NONE,2026-08-26T17:05:45.621486
45917,BEACON,-95,2,82,2776,65300,37148,11843706,0,100,163767,0,0,14:33:5C:6D:AF:58,0,0,ARMED,72.0,0,1,80:02:9C:61:97:4B,11,2,117.5,,,,,80:02:9C:61:97:4A,0,0,NONE,2026-08-26T17:05:45.785486
45917,BEACON,-94,3,0,2838,65300,37148,11844324,0,100,163767,0,0,14:33:5C:6D:AF:58,0,0,ARMED,72.0,0,0,80:02:9C:61:97:4B,11,2,94.0,,,,,80:02:9C:61:97:4A,0,0,NONE,2026-08-26T17:05:46.403486
45917,MGMT_OTHER,-93,4,0,3581,65300,37148,11844873,0,100,163767,0,0,14:33:5C:6D:AF:58,0,0,ARMED,72.0,0,1,80:02:9C:61:97:4B,11,8,137.6,,,,,80:02:9C:61:97:4A,0,0,NONE,2026-08-26T17:05:46.952486
45917,,-70,27,292,1336,65300,37148,11845489,0,100,163767,0,0,14:33:5C:6D:AF:58,0,0,ARMED,72.0,0,0,80:02:9C:61:97:4B,11,11,186.0,,,,,80:02:9C:61:97:4A,0,0,NONE,2026-08-26T17:05:47.568486
45917,BEACON,-78,19,0,763,65300,37148,11845832,0,100,163767,0,0,14:33:5C:6D:AF:58,0,0,ARMED,72.0,0,1,80:02:9C:61:97:4B,11,8,83.8,,,,,80:02:9C:61:97:4A,0,0,NONE,2026-08-26T17:05:47.911486
45917,,-56,41,0,3882,65284,37148,11846334,0,100,163767,0,0,14:33:5C:6D:AF:58,0,0,ARMED,72.0,0,0,80:02:9C:61:97:4B,11,17,198.8,,,,,80:02:9C:61:97:4A,0,0,NONE,2026-08-26T17:05:48.413486
45917,,48,48,0,1023,65300,37148,11846618,0,100,163767,0,0,14:33:5C:6D:AF:58,0,0,ARMED,72.0,0,0,80:02:9C:61:97:4B,11,11,242.5,,,,,80:02:9C:61:97:4A,0,0,NONE,2026-08-26T17:05:48.697486
45917,,-67,30,1833,1374,65300,37148,11846934,0,100,163767,0,0,14:33:5C:6D:AF:58,0,0,ARMED,72.0,0,0,80:02:9C:61:97:4B,11,30,560.6,,,,,80:02:9C:61:97:4A,0,0,NONE,2026-08-26T17:05:49.013486
45917,,44,44,0,1023,65300,37148,11847178,0,100,163767,0,0,14:33:5C:6D:AF:58,0,0,ARMED,72.0,0,0,80:02:9C:61:97:4B,11,11,117.7,,,,,80:02:9C:61:97:4A,0,0,NONE,2026-08-26T17:05:49.257486
45917,,40,40,0,1023,65252,37148,11847478,0,100,163767,0,0,14:33:5C:6D:AF:58,0,0,ARMED,72.0,0,1,80:02:9C:61:97:4B,11,6,81.0,,,,,80:02:9C:61:97:4A,0,0,NONE,2026-08-26T17:05:49.557486
45917,BEACON,-72,25,0,1401,65300,37148,11848092,0,100,163767,0,0,14:33:5C:6D:AF:58,0,0,ARMED,72.0,0,1,80:02:9C:61:97:4B,11,4,55.4,,,,,80:02:9C:61:97:4A,0,0,NONE,2026-08-26T17:05:50.171486
45917,BEACON,-70,27,0,1408,65300,37148,11848809,0,100,163767,0,0,14:33:5C:6D:AF:58,0,0,ARMED,72.0,0,1,80:02:9C:61:97:4B,11,4,68.8,,,,,80:02:9C:61:97:4A,0,0,NONE,2026-08-26T17:05:50.888486
45917,BEACON,-71,26,0,1414,65300,37148,11849423,0,100,163767,0,0,14:33:5C:6D:AF:58,0,0,ARMED,72.0,0,1,80:02:9C:61:97:4B,11,4,69.2,,,,,80:02:9C:61:97:4A,0,0,NONE,2026-08-26T17:05:51.502486
45917,BEACON,-72,25,0,1420,65300,37148,11849935,0,100,163767,0,0,14:33:5C:6D:AF:58,0,0,ARMED,72.0,0,1,80:02:9C:61:97:4B,11,3,51.9,,,,,80:02:9C:61:97:4A,0,0,NONE,2026-08-26T17:05:52.014486
45917,,-70,27,356,1422,65300,37148,11850405,0,100,163767,0,0,14:33:5C:6D:AF:58,0,0,ARMED,72.0,0,1,80:02:9C:61:97:4B,11,18,1097.6,,,,,80:02:9C:61:97:4A,0,0,NONE,2026-08-26T17:05:52.484486
45917,BEACON,-86,11,0,2864,65300,37148,11850492,0,100,163767,0,0,14:33:5C:6D:AF:58,0,1,ARMED,72.0,0,1,80:02:9C:61:97:4B,11,68,663.4,,,,,80:02:9C:61:97:4A,0,0,NONE,2026-08-26T17:05:52.571486
45917,BEACON,-95,2,0,2906,65300,37148,11851288,0,100,163767,0,0,14:33:5C:6D:AF:58,0,0,ARMED,72.0,0,0,80:02:9C:61:97:4B,11,4,50.4,,,,,80:02:9C:61:97:4A,0,0,NONE,2026-08-26T17:05:53.367486
45917,BEACON,-79,18,0,824,65300,37148,11852079,0,100,163767,0,0,14:33:5C:6D:AF:58,0,0,ARMED,72.0,0,1,80:02:9C:61:97:4B,11,3,59.1,,,,,80:02:9C:61:97:4A,0,0,NONE,2026-08-26T17:05:54.158486
45917,,-72,25,410,1459,65300,37148,11852493,0,100,163767,0,0,14:33:5C:6D:AF:58,0,0,ARMED,72.0,0,0,80:02:9C:61:97:4B,11,14,2774.5,,,,,80:02:9C:61:97:4A,0,0,NONE,2026-08-26T17:05:54.572486
45917,BEACON,-66,31,0,1453,65300,37148,11853110,0,100,163767,0,0,14:33:5C:6D:AF:58,0,0,ARMED,72.0,0,1,80:02:9C:61:97:4B,11,1,141.3,,,,,80:02:9C:61:97:4A,0,0,NONE,2026-08-26T17:05:55.189486
45917,BEACON,-79,18,0,838,65284,37148,11853512,0,100,163767,0,0,14:33:5C:6D:AF:58,0,0,ARMED,72.0,0,1,80:02:9C:61:97:4B,11,6,58.6,,,,,80:02:9C:61:97:4A,0,0,NONE,2026-08-26T17:05:55.591486
45917,,-70,27,292,1492,65300,37148,11853913,0,100,163767,0,0,14:33:5C:6D:AF:58,0,0,ARMED,72.0,0,1,80:02:9C:61:97:4B,11,36,385.5,,,,,80:02:9C:61:97:4A,0,0,NONE,2026-08-26T17:05:55.992486
45917,BEACON,-93,4,0,1814,65300,37148,11854265,0,100,163767,0,0,14:33:5C:6D:AF:58,0,0,ARMED,72.0,0,1,80:02:9C:61:97:4B,11,4,138.0,,,,,80:02:9C:61:97:4A,0,0,NONE,2026-08-26T17:05:56.344486
45917,BEACON,-65,32,0,1471,65300,37148,11854850,0,100,163767,0,0,14:33:5C:6D:AF:58,0,0,ARMED,72.0,0,1,80:02:9C:61:97:4B,11,6,58.6,,,,,80:02:9C:61:97:4A,0,0,NONE,2026-08-26T17:05:56.929486
45917,BEACON,-78,19,277665,858,65300,37148,11855560,0,100,163767,0,0,14:33:5C:6D:AF:58,0,0,ARMED,72.0,0,1,80:02:9C:61:97:4B,11,4,41.9,,,,,80:02:9C:61:97:4A,0,0,NONE,2026-08-26T17:05:57.639486
45917,BEACON,-95,2,0,2955,65300,37148,11856305,0,100,163767,0,0,14:33:5C:6D:AF:58,0,0,ARMED,72.0,0,0,80:02:9C:61:97:4B,11,2,94.0,,,,,80:02:9C:61:97:4A,0,0,NONE,2026-08-26T17:05:58.384486
45917,,-42,55,38344,283,65300,37148,11856761,0,100,163767,0,0,14:33:5C:6D:AF:58,0,0,ARMED,72.0,0,1,80:02:9C:61:97:4B,11,8,117.6,,,,,80:02:9C:61:97:4A,0,0,NONE,2026-08-26T17:05:58.840486
45917,,49,49,0,1023,65300,37148,11857284,0,100,163767,0,0,14:33:5C:6D:AF:58,0,0,ARMED,72.0,0,1,80:02:9C:61:97:4B,11,10,128.2,,,,,80:02:9C:61:97:4A,0,0,NONE,2026-08-26T17:05:59.363486
45917,,-71,26,0,1553,65300,37148,11857364,0,100,163767,0,0,14:33:5C:6D:AF:58,0,0,ARMED,72.0,0,0,80:02:9C:61:97:4B,11,44,784.6,,,,,80:02:9C:61:97:4A,0,0,NONE,2026-08-26T17:05:59.443486
45917,BEACON,-93,4,52,2914,65300,37148,11857837,0,100,163767,0,0,14:33:5C:6D:AF:58,0,0,ARMED,72.0,0,1,80:02:9C:61:97:4B,11,2,118.8,,,,,80:02:9C:61:97:4A,0,0,NONE,2026-08-26T17:05:59.916486
45917,,-66,31,26120,1374,65300,37148,11858559,0,100,163767,0,0,14:33:5C:6D:AF:58,0,0,ARMED,72.0,0,1,80:02:9C:61:97:4B,11,4,176.9,,,,,80:02:9C:61:97:4A,0,0,NONE,2026-08-26T17:06:00.638486
45917,BEACON,-67,30,0,1519,65300,37148,11859151,0,100,163767,0,0,14:33:5C:6D:AF:58,0,0,ARMED,72.0,0,1,80:02:9C:61:97:4B,11,5,48.8,,,,,80:02:9C:61:97:4A,0,0,NONE,2026-08-26T17:06:01.230486
45917,BEACON,-88,9,0,2952,65300,37148,11859503,0,100,163767,0,0,14:33:5C:6D:AF:58,0,1,ARMED,72.0,0,1,80:02:9C:61:97:4B,11,5,111.7,,,,,80:02:9C:61:97:4A,0,0,NONE,2026-08-26T17:06:01.582486
45917,,-47,50,0,2505,65300,37148,11860067,0,100,163767,0,0,14:33:5C:6D:AF:58,0,0,ARMED,72.0,0,1,80:02:9C:61:97:4B,11,14,145.5,,,,,80:02:9C:61:97:4A,0,0,NONE,2026-08-26T17:06:02.146486
45917,,39,39,0,1023,65300,37148,11860126,0,100,163767,0,0,14:33:5C:6D:AF:58,0,0,ARMED,72.0,0,1,80:02:9C:61:97:4B,11,49,1131.9,,,,,80:02:9C:61:97:4A,0,0,NONE,2026-08-26T17:06:02.205486
45917,BEACON,-93,4,0,1881,65300,37148,11860511,0,100,163767,0,0,14:33:5C:6D:AF:58,0,0,ARMED,72.0,0,1,80:02:9C:61:97:4B,11,11,96.3,,,,,80:02:9C:61:97:4A,0,0,NONE,2026-08-26T17:06:02.590486
45917,BEACON,-78,19,186,909,65300,37148,11860783,0,100,163767,0,0,14:33:5C:6D:AF:58,0,0,ARMED,72.0,0,1,80:02:9C:61:97:4B,11,19,282.9,,,,,80:02:9C:61:97:4A,0,0,NONE,2026-08-26T17:06:02.862486
45917,,-56,41,3570,4044,65300,37148,11860995,0,100,163767,0,0,14:33:5C:6D:AF:58,0,0,ARMED,72.0,0,1,80:02:9C:61:97:4B,11,24,321.9,,,,,80:02:9C:61:97:4A,0,0,NONE,2026-08-26T17:06:03.074486
45917,,-56,41,993,4058,65300,37148,11861078,0,100,163767,0,0,14:33:5C:6D:AF:58,0,1,ARMED,72.0,0,0,80:02:9C:61:97:4B,11,44,809.6,,,,,80:02:9C:61:97:4A,0,0,NONE,2026-08-26T17:06:03.157486
45917,,48,48,0,1023,65300,37148,11861372,0,100,163767,0,0,14:33:5C:6D:AF:58,0,0,ARMED,72.0,0,0,80:02:9C:61:97:4B,11,5,121.1,,,,,80:02:9C:61:97:4A,0,0,NONE,2026-08-26T17:06:03.451486
45917,,48,48,0,1023,65300,37148,11861555,0,100,163767,0,0,14:33:5C:6D:AF:58,0,1,ARMED,72.0,0,0,80:02:9C:61:97:4B,11,3,167.8,,,,,80:02:9C:61:97:4A,0,0,NONE,2026-08-26T17:06:03.634486
45917,BEACON,-78,19,54,919,65284,37148,11861807,0,100,163767,0,0,14:33:5C:6D:AF:58,0,0,ARMED,72.0,0,1,80:02:9C:61:97:4B,11,11,165.4,,,,,80:02:9C:61:97:4A,0,0,NONE,2026-08-26T17:06:03.886486
45917,,-45,52,18266,370,65300,37148,11862004,0,100,163767,0,0,14:33:5C:6D:AF:58,0,0,ARMED,72.0,0,0,80:02:9C:61:97:4B,11,8,144.0,,,,,80:02:9C:61:97:4A,0,0,NONE,2026-08-26T17:06:04.083486
45917,,-56,41,562,4063,65300,37148,11862257,0,100,163767,0,0,14:33:5C:6D:AF:58,0,0,ARMED,72.0,0,1,80:02:9C:61:97:4B,11,20,217.6,,,,,80:02:9C:61:97:4A,0,0,NONE,2026-08-26T17:06:04.336486
45917,MGMT_OTHER,-90,7,0,530,65300,37148,11862497,0,100,163767,0,0,14:33:5C:6D:AF:58,0,0,ARMED,72.0,0,1,80:02:9C:61:97:4B,11,20,187.4,,,,,80:02:9C:61:97:4A,0,0,NONE,2026-08-26T17:06:04.576486
