pen,subtype,rssi,snr,ipat,seq,heap,minheap,uptime,reconn,qpeak,udpfail,backlog,dropped,host_mac,pred_attack,pred_raw,calib,calib_thr,deauth_tgt,seq_jump,ap_bssid,channel,win_pkts,win_dens,win_deauth,win_probe,win_beacon,win_auth,gw_mac,gw_flip,label,attack_type,timestamp
45917,,-68,29,479,820,65296,42840,3202298,0,99,9,0,0,14:33:5C:6D:AF:58,0,0,ARMED,72.0,0,0,80:02:9C:61:97:4B,11,6,263.8,,,,,80:02:9C:61:97:4A,0,0,NONE,2026-08-26T14:41:44.265184
45917,BEACON,-92,5,0,1262,65296,42840,3202711,0,99,9,0,0,14:33:5C:6D:AF:58,0,0,ARMED,72.0,0,1,80:02:9C:61:97:4B,11,5,195.5,,,,,80:02:9C:61:97:4A,0,0,NONE,2026-08-26T14:41:44.676354
45917,,-55,42,651,554,65296,42840,3203273,0,99,9,0,0,14:33:5C:6D:AF:58,0,0,ARMED,72.0,0,0,80:02:9C:61:97:4B,11,17,223.0,,,,,80:02:9C:61:97:4A,0,0,NONE,2026-08-26T14:41:45.238354
45917,BEACON,-95,2,0,1720,65296,42840,3203648,0,99,9,0,0,14:33:5C:6D:AF:58,0,0,ARMED,72.0,0,1,80:02:9C:61:97:4B,11,4,96.9,,,,,80:02:9C:61:97:4A,0,0,NONE,2026-08-26T14:41:45.613354
45917,BEACON,-94,3,0,1724,65296,42840,3204057,0,99,9,0,0,14:33:5C:6D:AF:58,0,0,ARMED,72.0,0,1,80:02:9C:61:97:4B,11,5,121.1,,,,,80:02:9C:61:97:4A,0,0,NONE,2026-08-26T14:41:46.022354
45917,BEACON,-62,35,0,3346,65296,42840,3204643,0,99,9,0,0,14:33:5C:6D:AF:58,0,0,ARMED,72.0,0,1,80:02:9C:61:97:4B,11,1,77.5,,,,,80:02:9C:61:97:4A,0,0,NONE,2026-08-26T14:41:46.608354
45917,BEACON,-93,4,0,399,65296,42840,3205470,0,99,9,0,0,14:33:5C:6D:AF:58,0,0,ARMED,72.0,0,0,80:02:9C:61:97:4B,11,3,147.2,,,,,80:02:9C:61:97:4A,0,0,NONE,2026-08-26T14:41:47.435354
45917,BEACON,-63,34,0,3360,65296,42840,3205975,0,99,9,0,0,14:33:5C:6D:AF:58,0,0,ARMED,72.0,0,1,80:02:9C:61:97:4B,11,1,78.6,,,,,80:02:9C:61:97:4A,0,0,NONE,2026-08-26T14:41:47.940354
45917,BEACON,-90,7,53,1300,65296,42840,3206602,0,99,9,0,0,14:33:5C:6D:AF:58,0,0,ARMED,72.0,0,1,80:02:9C:61:97:4B,11,7,273.6,,,,,80:02:9C:61:97:4A,0,0,NONE,2026-08-26T14:41:48.567354
45917,,-45,52,4571,3697,65296,42840,3206965,0,99,9,0,0,14:33:5C:6D:AF:58,0,0,ARMED,72.0,0,0,80:02:9C:61:97:4B,11,12,146.6,,,,,80:02:9C:61:97:4A,0,0,NONE,2026-08-26T14:41:48.930354
45917,,-66,31,292,914,65296,42840,3207658,0,99,9,0,0,14:33:5C:6D:AF:58,0,0,ARMED,72.0,0,0,80:02:9C:61:97:4B,11,14,240.7,,,,,80:02:9C:61:97:4A,0,0,NONE,2026-08-26T14:41:49.623354
45917,BEACON,-72,25,0,3383,65296,42840,3208227,0,99,9,0,0,14:33:5C:6D:AF:58,0,0,ARMED,72.0,0,1,80:02:9C:61:97:4B,11,1,77.7,,,,,80:02:9C:61:97:4A,0,0,NONE,2026-08-26T14:41:50.192354
45917,BEACON,-93,4,117650,4057,65296,42840,3208687,0,99,9,0,0,14:33:5C:6D:AF:58,0,0,ARMED,72.0,0,1,80:02:9C:61:97:4B,11,5,79.6,,,,,80:02:9C:61:97:4A,0,0,NONE,2026-08-26T14:41:50.652354
45917,BEACON,-62,35,53,3394,65296,42840,3209251,0,99,9,0,0,14:33:5C:6D:AF:58,0,0,ARMED,72.0,0,1,80:02:9C:61:97:4B,11,18,1178.2,,,,,80:02:9C:61:97:4A,0,0,NONE,2026-08-26T14:41:51.216354
45917,BEACON,-79,18,0,2446,65296,42840,3210160,0,99,9,0,0,14:33:5C:6D:AF:58,0,0,ARMED,72.0,0,1,80:02:9C:61:97:4B,11,6,58.6,,,,,80:02:9C:61:97:4A,0,0,NONE,2026-08-26T14:41:52.125354
45917,BEACON,-91,6,0,1340,65296,42840,3210288,0,99,9,0,0,14:33:5C:6D:AF:58,0,1,ARMED,72.0,0,1,80:02:9C:61:97:4B,11,3,117.4,,,,,80:02:9C:61:97:4A,0,0,NONE,2026-08-26T14:41:52.253354
45917,,-63,34,292,961,65296,42840,3210963,0,99,9,0,0,14:33:5C:6D:AF:58,0,0,ARMED,72.0,0,0,80:02:9C:61:97:4B,11,16,186.7,,,,,80:02:9C:61:97:4A,0,0,NONE,2026-08-26T14:41:52.928354
45917,,-90,7,19955,1896,65296,42840,3211547,0,99,9,0,0,14:33:5C:6D:AF:58,0,0,ARMED,72.0,0,1,80:02:9C:61:97:4B,11,7,125.9,,,,,80:02:9C:61:97:4A,0,0,NONE,2026-08-26T14:41:53.512354
45917,BEACON,-78,19,0,2468,65296,42840,3212413,0,99,9,0,0,14:33:5C:6D:AF:58,0,0,ARMED,72.0,0,1,80:02:9C:61:97:4B,11,6,58.6,,,,,80:02:9C:61:97:4A,0,0,NONE,2026-08-26T14:41:54.378354
45917,,-56,41,0,655,65296,42840,3212895,0,99,9,0,0,14:33:5C:6D:AF:58,0,0,ARMED,72.0,0,0,80:02:9C:61:97:4B,11,21,288.5,,,,,80:02:9C:61:97:4A,0,0,NONE,2026-08-26T14:41:54.860354
45917,,-56,41,10876,660,65296,42840,3213543,0,99,9,0,0,14:33:5C:6D:AF:58,0,0,ARMED,72.0,0,1,80:02:9C:61:97:4B,11,1,264.3,,,,,80:02:9C:61:97:4A,0,0,NONE,2026-08-26T14:41:55.508354
45917,,-56,41,923,676,65296,42840,3213747,0,99,9,0,0,14:33:5C:6D:AF:58,0,1,ARMED,72.0,0,0,80:02:9C:61:97:4B,11,11,3376.3,,,,,80:02:9C:61:97:4A,0,0,NONE,2026-08-26T14:41:55.712354
45917,BEACON,-90,7,0,1381,65296,42840,3214486,0,99,9,0,0,14:33:5C:6D:AF:58,0,0,ARMED,72.0,0,1,80:02:9C:61:97:4B,11,3,117.3,,,,,80:02:9C:61:97:4A,0,0,NONE,2026-08-26T14:41:56.451354
45917,BEACON,-90,7,0,1386,65296,42840,3214999,0,99,9,0,0,14:33:5C:6D:AF:58,0,0,ARMED,72.0,0,1,80:02:9C:61:97:4B,11,2,78.1,,,,,80:02:9C:61:97:4A,0,0,NONE,2026-08-26T14:41:56.964354
45917,,64,64,0,0,65296,42840,3215766,0,99,9,0,0,14:33:5C:6D:AF:58,0,0,ARMED,72.0,0,1,80:02:9C:61:97:4B,11,6,78.4,,,,,80:02:9C:61:97:4A,0,0,NONE,2026-08-26T14:41:57.731354
45917,MGMT_OTHER,-92,5,53499,359,65296,42840,3216358,0,99,9,0,0,14:33:5C:6D:AF:58,0,0,ARMED,72.0,0,1,80:02:9C:61:97:4B,11,5,92.2,,,,,80:02:9C:61:97:4A,0,0,NONE,2026-08-26T14:41:58.323354
45917,BEACON,-68,29,0,3477,65296,42840,3216931,0,99,9,0,0,14:33:5C:6D:AF:58,0,0,ARMED,72.0,0,1,80:02:9C:61:97:4B,11,1,77.6,,,,,80:02:9C:61:97:4A,0,0,NONE,2026-08-26T14:41:58.896354
45917,,-63,34,292,1052,65296,42840,3217232,0,99,9,0,0,14:33:5C:6D:AF:58,0,0,ARMED,72.0,0,0,80:02:9C:61:97:4B,11,6,1012.5,,,,,80:02:9C:61:97:4A,0,0,NONE,2026-08-26T14:41:59.197354
45917,BEACON,-80,17,50,2521,65296,42840,3217840,0,99,9,0,0,14:33:5C:6D:AF:58,0,0,ARMED,72.0,0,1,80:02:9C:61:97:4B,11,11,107.4,,,,,80:02:9C:61:97:4A,0,0,NONE,2026-08-26T14:41:59.805354
45917,,-56,41,0,725,65296,42840,3218355,0,99,9,0,0,14:33:5C:6D:AF:58,0,0,ARMED,72.0,0,0,80:02:9C:61:97:4B,11,8,3173.3,,,,,80:02:9C:61:97:4A,0,0,NONE,2026-08-26T14:42:00.320354
45917,,-56,41,24970,729,65296,42840,3219111,0,99,9,0,0,14:33:5C:6D:AF:58,0,0,ARMED,72.0,0,1,80:02:9C:61:97:4B,11,4,95.6,,,,,80:02:9C:61:97:4A,0,0,NONE,2026-08-26T14:42:01.076354
45917,BEACON,-91,6,0,1877,65296,42840,3219725,0,99,9,0,0,14:33:5C:6D:AF:58,0,0,ARMED,72.0,0,1,80:02:9C:61:97:4B,11,4,96.9,,,,,80:02:9C:61:97:4A,0,0,NONE,2026-08-26T14:42:01.690354
45917,MGMT_OTHER,-92,5,39946,719,65296,42840,3220307,0,99,9,0,0,14:33:5C:6D:AF:58,0,0,ARMED,72.0,0,1,80:02:9C:61:97:4B,11,1,108.9,,,,,80:02:9C:61:97:4A,0,0,NONE,2026-08-26T14:42:02.272354
45917,,-63,34,0,1091,65296,42840,3220632,0,99,9,0,0,14:33:5C:6D:AF:58,0,0,ARMED,72.0,0,0,80:02:9C:61:97:4B,11,13,487.5,,,,,80:02:9C:61:97:4A,0,0,NONE,2026-08-26T14:42:02.597354
45917,,-66,31,0,3521,63244,42840,3220827,0,99,9,0,0,14:33:5C:6D:AF:58,0,0,ARMED,72.0,0,0,80:02:9C:61:97:4B,11,4,237.3,,,,,80:02:9C:61:97:4A,0,0,NONE,2026-08-26T14:42:02.792354
45917,,40,40,0,0,65296,42840,3221302,0,99,9,0,0,14:33:5C:6D:AF:58,0,0,ARMED,72.0,0,0,80:02:9C:61:97:4B,11,10,143.6,,,,,80:02:9C:61:97:4A,0,0,NONE,2026-08-26T14:42:03.267354
45917,,-61,36,292,1114,65296,42840,3221549,0,99,9,0,0,14:33:5C:6D:AF:58,0,0,ARMED,72.0,0,0,80:02:9C:61:97:4B,11,5,416.0,,,,,80:02:9C:61:97:4A,0,0,NONE,2026-08-26T14:42:03.514354
45917,BEACON,-95,2,0,1899,65296,42840,3221977,0,99,9,0,0,14:33:5C:6D:AF:58,0,0,ARMED,72.0,0,1,80:02:9C:61:97:4B,11,3,105.2,,,,,80:02:9C:61:97:4A,0,0,NONE,2026-08-26T14:42:03.942354
45917,PROBE_RESP,-65,32,0,3539,65296,42840,3222416,0,99,9,0,0,14:33:5C:6D:AF:58,0,0,ARMED,72.0,0,0,80:02:9C:61:97:4B,11,9,157.4,,,,,80:02:9C:61:97:4A,0,0,NONE,2026-08-26T14:42:04.381354
45917,PROBE_REQ,-68,29,0,1247,65296,42840,3222610,0,99,9,0,0,14:33:5C:6D:AF:58,0,1,ARMED,72.0,0,1,80:02:9C:61:97:4B,11,9,178.1,,,,,80:02:9C:61:97:4A,0,0,NONE,2026-08-26T14:42:04.575354
45917,,-26,71,90045,1150,65296,42840,3222847,0,99,9,0,0,14:33:5C:6D:AF:58,0,0,ARMED,72.0,0,1,80:02:9C:61:97:4B,11,13,163.4,,,,,80:02:9C:61:97:4A,0,0,NONE,2026-08-26T14:42:04.812354
45917,,-30,67,0,1157,65296,42840,3223092,0,99,9,0,0,14:33:5C:6D:AF:58,0,0,ARMED,72.0,0,1,80:02:9C:61:97:4B,11,3,176.1,,,,,80:02:9C:61:97:4A,0,0,NONE,2026-08-26T14:42:05.057354
45917,,-30,67,0,1173,65296,42840,3223602,0,99,9,0,0,14:33:5C:6D:AF:58,0,0,ARMED,72.0,0,1,80:02:9C:61:97:4B,11,4,276.5,,,,,80:02:9C:61:97:4A,0,0,NONE,2026-08-26T14:42:05.567354
45917,,-62,35,761,1152,65296,42840,3224121,0,99,9,0,0,14:33:5C:6D:AF:58,0,0,ARMED,72.0,0,0,80:02:9C:61:97:4B,11,7,324.1,,,,,80:02:9C:61:97:4A,0,0,NONE,2026-08-26T14:42:06.086354
45917,BEACON,-91,6,22314,1479,65296,42840,3224317,0,99,9,0,0,14:33:5C:6D:AF:58,0,0,ARMED,72.0,0,1,80:02:9C:61:97:4B,11,2,156.5,,,,,80:02:9C:61:97:4A,0,0,NONE,2026-08-26T14:42:06.282354
45917,,-62,35,295,1188,65296,42840,3224705,0,99,9,0,0,14:33:5C:6D:AF:58,0,0,ARMED,72.0,0,0,80:02:9C:61:97:4B,11,10,107.1,,,,,80:02:9C:61:97:4A,0,0,NONE,2026-08-26T14:42:06.670354
45917,BEACON,-92,5,0,1930,65296,42840,3225152,0,99,9,0,0,14:33:5C:6D:AF:58,0,0,ARMED,72.0,0,1,80:02:9C:61:97:4B,11,1,68.0,,,,,80:02:9C:61:97:4A,0,0,NONE,2026-08-26T14:42:07.117354
45917,BEACON,-67,30,0,3586,65296,42840,3225635,0,99,9,0,0,14:33:5C:6D:AF:58,0,0,ARMED,72.0,0,1,80:02:9C:61:97:4B,11,3,33.5,,,,,80:02:9C:61:97:4A,0,0,NONE,2026-08-26T14:42:07.600354
45917,,40,40,0,0,65296,42840,3226206,0,99,9,0,0,14:33:5C:6D:AF:58,0,0,ARMED,72.0,0,0,80:02:9C:61:97:4B,11,4,125.7,,,,,80:02:9C:61:97:4A,0,0,NONE,2026-08-26T14:42:08.171354
45917,,64,64,0,0,65296,42840,3226447,0,99,9,0,0,14:33:5C:6D:AF:58,0,0,ARMED,72.0,0,0,80:02:9C:61:97:4B,11,10,150.6,,,,,80:02:9C:61:97:4A,0,0,NONE,2026-08-26T14:42:08.412354
45917,BEACON,-67,30,0,3599,65296,42840,3226967,0,99,9,0,0,14:33:5C:6D:AF:58,0,0,ARMED,72.0,0,1,80:02:9C:61:97:4B,11,3,40.5,,,,,80:02:9C:61:97:4A,0,0,NONE,2026-08-26T14:42:08.932354
45917,,-56,41,0,815,65296,42840,3227469,0,99,9,0,0,14:33:5C:6D:AF:58,0,0,ARMED,72.0,0,0,80:02:9C:61:97:4B,11,20,311.3,,,,,80:02:9C:61:97:4A,0,0,NONE,2026-08-26T14:42:09.434354
45917,,40,40,0,0,65296,42840,3227512,0,99,9,0,0,14:33:5C:6D:AF:58,0,1,ARMED,72.0,0,0,80:02:9C:61:97:4B,11,8,1222.1,,,,,80:02:9C:61:97:4A,0,0,NONE,2026-08-26T14:42:09.477354
45917,,40,40,0,0,65296,42840,3227672,0,99,9,0,0,14:33:5C:6D:AF:58,0,1,ARMED,72.0,0,0,80:02:9C:61:97:4B,11,15,241.5,,,,,80:02:9C:61:97:4A,0,0,NONE,2026-08-26T14:42:09.637354
45917,BEACON,-95,2,0,1960,65296,42840,3228224,0,99,9,0,0,14:33:5C:6D:AF:58,0,0,ARMED,72.0,0,1,80:02:9C:61:97:4B,11,6,59.7,,,,,80:02:9C:61:97:4A,0,0,NONE,2026-08-26T14:42:10.189354
45917,BEACON,-94,3,0,1966,65296,42840,3228838,0,99,9,0,0,14:33:5C:6D:AF:58,0,0,ARMED,72.0,0,1,80:02:9C:61:97:4B,11,5,48.8,,,,,80:02:9C:61:97:4A,0,0,NONE,2026-08-26T14:42:10.803354
45917,,-93,4,62257,2805,65296,42840,3229711,0,99,9,0,0,14:33:5C:6D:AF:58,0,0,ARMED,72.0,0,1,80:02:9C:61:97:4B,11,8,53.0,,,,,80:02:9C:61:97:4A,0,0,NONE,2026-08-26T14:42:11.676354
45917,,64,64,0,0,65296,42840,3230159,0,99,9,0,0,14:33:5C:6D:AF:58,0,0,ARMED,72.0,0,1,80:02:9C:61:97:4B,11,4,129.4,,,,,80:02:9C:61:97:4A,0,0,NONE,2026-08-26T14:42:12.124354
45917,,-56,41,986,847,65296,42840,3230699,0,99,9,0,0,14:33:5C:6D:AF:58,0,0,ARMED,72.0,0,0,80:02:9C:61:97:4B,11,23,390.5,,,,,80:02:9C:61:97:4A,0,0,NONE,2026-08-26T14:42:12.664354
45917,,-63,34,292,1301,65296,42840,3231003,0,99,9,0,0,14:33:5C:6D:AF:58,0,0,ARMED,72.0,0,0,80:02:9C:61:97:4B,11,33,589.5,,,,,80:02:9C:61:97:4A,0,0,NONE,2026-08-26T14:42:12.968354
45917,BEACON,-89,8,0,1550,65296,42840,3231589,0,99,9,0,0,14:33:5C:6D:AF:58,0,0,ARMED,72.0,0,1,80:02:9C:61:97:4B,11,5,184.8,,,,,80:02:9C:61:97:4A,0,0,NONE,2026-08-26T14:42:13.554354
45917,,-56,41,141168,874,65296,42840,3232109,0,99,9,0,0,14:33:5C:6D:AF:58,0,0,ARMED,72.0,0,1,80:02:9C:61:97:4B,11,3,84.6,,,,,80:02:9C:61:97:4A,0,0,NONE,2026-08-26T14:42:14.074354
45917,,40,40,0,0,65296,42840,3232637,0,99,9,0,0,14:33:5C:6D:AF:58,0,0,ARMED,72.0,0,0,80:02:9C:61:97:4B,11,11,214.8,,,,,80:02:9C:61:97:4A,0,0,NONE,2026-08-26T14:42:14.602354
45917,BEACON,-93,4,0,2011,65296,42840,3233446,0,99,9,0,0,14:33:5C:6D:AF:58,0,0,ARMED,72.0,0,1,80:02:9C:61:97:4B,11,4,96.5,,,,,80:02:9C:61:97:4A,0,0,NONE,2026-08-26T14:42:15.411354
45917,BEACON,-65,32,0,3675,65296,42840,3234032,0,99,9,0,0,14:33:5C:6D:AF:58,0,0,ARMED,72.0,0,1,80:02:9C:61:97:4B,11,1,77.9,,,,,80:02:9C:61:97:4A,0,0,NONE,2026-08-26T14:42:15.997354
45917,BEACON,-88,9,0,642,65296,42840,3234445,0,99,9,0,0,14:33:5C:6D:AF:58,0,1,ARMED,72.0,0,1,80:02:9C:61:97:4B,11,2,126.6,,,,,80:02:9C:61:97:4A,0,0,NONE,2026-08-26T14:42:16.410354
45917,,-63,34,0,3684,63564,42840,3234856,0,99,9,0,0,14:33:5C:6D:AF:58,0,0,ARMED,72.0,0,1,80:02:9C:61:97:4B,11,4,234.2,,,,,80:02:9C:61:97:4A,0,0,NONE,2026-08-26T14:42:16.821354
45917,BEACON,-93,4,0,2034,65296,42840,3235801,0,99,9,0,0,14:33:5C:6D:AF:58,0,0,ARMED,72.0,0,1,80:02:9C:61:97:4B,11,3,104.8,,,,,80:02:9C:61:97:4A,0,0,NONE,2026-08-26T14:42:17.766354
45917,,-63,34,23674,1369,65296,42840,3236632,0,99,9,0,0,14:33:5C:6D:AF:58,0,0,ARMED,72.0,0,1,80:02:9C:61:97:4B,11,5,126.4,,,,,80:02:9C:61:97:4A,0,0,NONE,2026-08-26T14:42:18.597354
45917,,-65,32,445,1383,65296,42840,3236952,0,99,9,0,0,14:33:5C:6D:AF:58,0,1,ARMED,72.0,0,0,80:02:9C:61:97:4B,11,8,149.3,,,,,80:02:9C:61:97:4A,0,0,NONE,2026-08-26T14:42:18.917354
45917,BEACON,-94,3,0,2052,65296,42840,3237645,0,99,9,0,0,14:33:5C:6D:AF:58,0,0,ARMED,72.0,0,1,80:02:9C:61:97:4B,11,5,174.3,,,,,80:02:9C:61:97:4A,0,0,NONE,2026-08-26T14:42:19.610354
45917,,-63,34,906,1406,65296,42840,3237986,0,99,9,0,0,14:33:5C:6D:AF:58,0,0,ARMED,72.0,0,0,80:02:9C:61:97:4B,11,34,545.6,,,,,80:02:9C:61:97:4A,0,0,NONE,2026-08-26T14:42:19.951354
45917,BEACON,-83,14,113642,2722,65296,42840,3238423,0,99,9,0,0,14:33:5C:6D:AF:58,0,0,ARMED,72.0,0,1,80:02:9C:61:97:4B,11,6,66.9,,,,,80:02:9C:61:97:4A,0,0,NONE,2026-08-26T14:42:20.388354
45917,BEACON,-79,18,0,2730,65296,42840,3239242,0,99,9,0,0,14:33:5C:6D:AF:58,0,0,ARMED,72.0,0,1,80:02:9C:61:97:4B,11,5,55.7,,,,,80:02:9C:61:97:4A,0,0,NONE,2026-08-26T14:42:21.207354
45917,,41,41,0,0,65296,42840,3239642,0,99,9,0,0,14:33:5C:6D:AF:58,0,0,ARMED,72.0,0,0,80:02:9C:61:97:4B,11,18,265.0,,,,,80:02:9C:61:97:4A,0,0,NONE,2026-08-26T14:42:21.607354
45917,,-63,34,1252,1426,65296,42840,3240119,0,99,9,0,0,14:33:5C:6D:AF:58,0,0,ARMED,72.0,0,1,80:02:9C:61:97:4B,11,10,311.3,,,,,80:02:9C:61:97:4A,0,0,NONE,2026-08-26T14:42:22.084354
45917,,-72,25,53,3616,65296,42840,3240494,0,99,9,0,0,14:33:5C:6D:AF:58,0,0,ARMED,72.0,0,1,80:02:9C:61:97:4B,11,1,1000.0,,,,,80:02:9C:61:97:4A,0,0,NONE,2026-08-26T14:42:22.459354
45917,BEACON,-88,9,0,709,65296,42840,3241305,0,99,9,0,0,14:33:5C:6D:AF:58,0,0,ARMED,72.0,0,1,80:02:9C:61:97:4B,11,5,54.0,,,,,80:02:9C:61:97:4A,0,0,NONE,2026-08-26T14:42:23.270354
45917,,-63,34,292,1475,65296,42840,3241453,0,99,9,0,0,14:33:5C:6D:AF:58,0,0,ARMED,72.0,0,0,80:02:9C:61:97:4B,11,23,950.4,,,,,80:02:9C:61:97:4A,0,0,NONE,2026-08-26T14:42:23.418354
45917,BEACON,-93,4,40028,2096,65296,42840,3242150,0,99,9,0,0,14:33:5C:6D:AF:58,0,0,ARMED,72.0,0,1,80:02:9C:61:97:4B,11,5,48.8,,,,,80:02:9C:61:97:4A,0,0,NONE,2026-08-26T14:42:24.115354
45917,,-89,8,0,2515,65296,42840,3242899,0,99,9,0,0,14:33:5C:6D:AF:58,0,0,ARMED,72.0,0,1,80:02:9C:61:97:4B,11,2,66.7,,,,,80:02:9C:61:97:4A,0,0,NONE,2026-08-26T14:42:24.864354
45917,BEACON,-88,9,0,731,65296,42840,3243558,0,99,9,0,0,14:33:5C:6D:AF:58,0,0,ARMED,72.0,0,1,80:02:9C:61:97:4B,11,12,760.5,,,,,80:02:9C:61:97:4A,0,0,NONE,2026-08-26T14:42:25.523354
45917,,-92,5,137802,940,65296,42840,3244106,0,99,9,0,0,14:33:5C:6D:AF:58,0,0,ARMED,72.0,0,1,80:02:9C:61:97:4B,11,5,97.6,,,,,80:02:9C:61:97:4A,0,0,NONE,2026-08-26T14:42:26.071354
45917,BEACON,-89,8,0,1683,65296,42840,3244694,0,99,9,0,0,14:33:5C:6D:AF:58,0,0,ARMED,72.0,0,1,80:02:9C:61:97:4B,11,3,116.9,,,,,80:02:9C:61:97:4A,0,0,NONE,2026-08-26T14:42:26.659354
45917,,-63,34,0,1522,65296,42840,3244896,0,99,9,0,0,14:33:5C:6D:AF:58,0,0,ARMED,72.0,0,0,80:02:9C:61:97:4B,11,20,895.0,,,,,80:02:9C:61:97:4A,0,0,NONE,2026-08-26T14:42:26.861354
45917,BEACON,-95,2,0,1691,65296,42840,3245523,0,99,9,0,0,14:33:5C:6D:AF:58,0,0,ARMED,72.0,0,1,80:02:9C:61:97:4B,11,3,86.0,,,,,80:02:9C:61:97:4A,0,0,NONE,2026-08-26T14:42:27.488354
45917,BEACON,-89,8,0,1699,65296,42840,3246333,0,99,9,0,0,14:33:5C:6D:AF:58,0,0,ARMED,72.0,0,1,80:02:9C:61:97:4B,11,3,117.2,,,,,80:02:9C:61:97:4A,0,0,NONE,2026-08-26T14:42:28.298354
45917,BEACON,-89,8,0,1708,65296,42840,3247152,0,99,9,0,0,14:33:5C:6D:AF:58,0,0,ARMED,72.0,0,1,80:02:9C:61:97:4B,11,5,200.6,,,,,80:02:9C:61:97:4A,0,0,NONE,2026-08-26T14:42:29.117354
45917,PROBE_REQ,-62,35,0,3057,65296,42840,3247684,0,99,9,0,0,14:33:5C:6D:AF:58,0,0,ARMED,72.0,0,1,80:02:9C:61:97:4B,11,5,110.3,,,,,80:02:9C:61:97:4A,0,0,NONE,2026-08-26T14:42:29.649354
45917,,40,40,0,0,65236,42840,3247878,0,99,9,0,0,14:33:5C:6D:AF:58,0,0,ARMED,72.0,0,0,80:02:9C:61:97:4B,11,22,627.1,,,,,80:02:9C:61:97:4A,0,0,NONE,2026-08-26T14:42:29.843354
45917,,40,40,0,0,65296,42840,3248010,0,99,9,0,0,14:33:5C:6D:AF:58,0,1,ARMED,72.0,0,0,80:02:9C:61:97:4B,11,21,328.1,,,,,80:02:9C:61:97:4A,0,0,NONE,2026-08-26T14:42:29.975354
45917,,40,40,0,0,65296,42840,3248126,0,99,9,0,0,14:33:5C:6D:AF:58,0,1,ARMED,72.0,0,0,80:02:9C:61:97:4B,11,24,308.3,,,,,80:02:9C:61:97:4A,0,0,NONE,2026-08-26T14:42:30.091354
45917,,40,40,0,0,65296,42840,3248230,0,99,9,0,0,14:33:5C:6D:AF:58,0,1,ARMED,72.0,0,0,80:02:9C:61:97:4B,11,45,568.9,,,,,80:02:9C:61:97:4A,0,0,NONE,2026-08-26T14:42:30.195354
45917,,-55,42,0,1036,65296,42840,3248287,0,99,9,0,0,14:33:5C:6D:AF:58,0,1,ARMED,72.0,0,1,80:02:9C:61:97:4B,11,39,1080.1,,,,,80:02:9C:61:97:4A,0,0,NONE,2026-08-26T14:42:30.252354
45917,BEACON,-68,29,82,3826,65296,42840,3248368,0,99,9,0,0,14:33:5C:6D:AF:58,0,1,ARMED,72.0,0,0,80:02:9C:61:97:4B,11,5,298.7,,,,,80:02:9C:61:97:4A,0,0,NONE,2026-08-26T14:42:30.333354
45917,,40,40,0,0,65296,42840,3248461,0,99,9,0,0,14:33:5C:6D:AF:58,0,1,ARMED,72.0,0,0,80:02:9C:61:97:4B,11,15,2393.1,,,,,80:02:9C:61:97:4A,0,0,NONE,2026-08-26T14:42:30.426354
45917,BEACON,-89,8,0,1724,65296,42840,3248688,0,99,9,0,0,14:33:5C:6D:AF:58,0,0,ARMED,72.0,0,1,80:02:9C:61:97:4B,11,6,202.3,,,,,80:02:9C:61:97:4A,0,0,NONE,2026-08-26T14:42:30.653354
45917,AUTH,40,40,0,0,65296,42840,3248822,0,99,9,0,0,14:33:5C:6D:AF:58,0,1,ARMED,72.0,0,0,80:02:9C:61:97:4B,11,25,393.1,,,,,80:02:9C:61:97:4A,0,0,NONE,2026-08-26T14:42:30.787354
45917,,40,40,0,0,65296,42840,3248842,0,99,9,0,0,14:33:5C:6D:AF:58,0,1,ARMED,72.0,0,0,80:02:9C:61:97:4B,11,75,902.5,,,,,80:02:9C:61:97:4A,0,0,NONE,2026-08-26T14:42:30.807354
45917,,29,29,0,0,65296,42840,3248962,0,99,9,0,0,14:33:5C:6D:AF:58,0,1,ARMED,72.0,0,0,80:02:9C:61:97:4B,11,32,338.4,,,,,80:02:9C:61:97:4A,0,0,NONE,2026-08-26T14:42:30.927354
45917,,-69,28,23841,3795,65296,42840,3249318,0,99,9,0,0,14:33:5C:6D:AF:58,0,0,ARMED,72.0,0,1,80:02:9C:61:97:4B,11,5,173.8,,,,,80:02:9C:61:97:4A,0,0,NONE,2026-08-26T14:42:31.283354
45917,PROBE_RESP,-82,15,0,3503,65296,42840,3249879,0,99,9,0,0,14:33:5C:6D:AF:58,0,0,ARMED,72.0,0,0,80:02:9C:61:97:4B,11,6,77.7,,,,,80:02:9C:61:97:4A,0,0,NONE,2026-08-26T14:42:31.844354
45917,,-62,35,0,1600,65296,42840,3250730,0,99,9,0,0,14:33:5C:6D:AF:58,0,0,ARMED,72.0,0,0,80:02:9C:61:97:4B,11,7,779.4,,,,,80:02:9C:61:97:4A,0,0,NONE,2026-08-26T14:42:32.695354
45917,BEACON,-95,2,0,2186,65296,42840,3251366,0,99,9,0,0,14:33:5C:6D:AF:58,0,0,ARMED,72.0,0,1,80:02:9C:61:97:4B,11,3,104.8,,,,,80:02:9C:61:97:4A,0,0,NONE,2026-08-26T14:42:33.331354
45917,,-63,34,338,1625,65296,42840,3251803,0,99,9,0,0,14:33:5C:6D:AF:58,0,0,ARMED,72.0,0,1,80:02:9C:61:97:4B,11,28,486.6,,,,,80:02:9C:61:97:4A,0,0,NONE,2026-08-26T14:42:33.768354
45917,BEACON,-94,3,54,2195,65296,42840,3252288,0,99,9,0,0,14:33:5C:6D:AF:58,0,0,ARMED,72.0,0,1,80:02:9C:61:97:4B,11,3,104.6,,,,,80:02:9C:61:97:4A,0,0,NONE,2026-08-26T14:42:34.253354
45917,PROBE_REQ,-73,24,94101,2613,65296,42840,3253029,0,99,9,0,0,14:33:5C:6D:AF:58,0,0,ARMED,72.0,0,1,80:02:9C:61:97:4B,11,4,74.9,,,,,80:02:9C:61:97:4A,0,0,NONE,2026-08-26T14:42:34.994354
45917,,-81,16,18137,3815,65296,42840,3253601,0,99,9,0,0,14:33:5C:6D:AF:58,0,0,ARMED,72.0,0,1,80:02:9C:61:97:4B,11,2,184.6,,,,,80:02:9C:61:97:4A,0,0,NONE,2026-08-26T14:42:35.566354
45917,,-73,24,8820,3827,65296,42840,3254010,0,99,9,0,0,14:33:5C:6D:AF:58,0,0,ARMED,72.0,0,0,80:02:9C:61:97:4B,11,2,684.2,,,,,80:02:9C:61:97:4A,0,0,NONE,2026-08-26T14:42:35.975354
45917,PROBE_REQ,40,40,0,0,65296,42840,3254208,0,99,9,0,0,14:33:5C:6D:AF:58,0,0,ARMED,72.0,0,1,80:02:9C:61:97:4B,11,30,322.6,,,,,80:02:9C:61:97:4A,0,0,NONE,2026-08-26T14:42:36.173354
45917,,-70,27,0,3843,65296,42840,3254489,0,99,9,0,0,14:33:5C:6D:AF:58,0,0,ARMED,72.0,0,1,80:02:9C:61:97:4B,11,9,177.9,,,,,80:02:9C:61:97:4A,0,0,NONE,2026-08-26T14:42:36.454354
45917,BEACON,-91,6,0,1783,65292,42840,3254730,0,99,9,0,0,14:33:5C:6D:AF:58,0,1,ARMED,72.0,0,1,80:02:9C:61:97:4B,11,5,79.5,,,,,80:02:9C:61:97:4A,0,0,NONE,2026-08-26T14:42:36.695354
45917,,-85,12,0,3859,64648,42840,3254822,0,99,9,0,0,14:33:5C:6D:AF:58,0,1,ARMED,72.0,0,0,80:02:9C:61:97:4B,11,25,544.2,,,,,80:02:9C:61:97:4A,0,0,NONE,2026-08-26T14:42:36.787354
45917,,-78,19,229,3864,65292,42840,3254929,0,99,9,0,0,14:33:5C:6D:AF:58,1,1,ARMED,72.0,0,0,80:02:9C:61:97:4B,11,24,478.0,,,,,80:02:9C:61:97:4A,0,0,NONE,2026-08-26T14:42:36.894354
45917,,-74,23,166,3867,65292,42840,3255028,0,99,9,0,0,14:33:5C:6D:AF:58,1,1,ARMED,72.0,0,0,80:02:9C:61:97:4B,11,24,606.2,,,,,80:02:9C:61:97:4A,0,0,NONE,2026-08-26T14:42:36.993354
45917,BEACON,-57,40,11069,3922,65292,42840,3255126,0,99,9,0,0,14:33:5C:6D:AF:58,1,1,ARMED,72.0,0,1,80:02:9C:61:97:4B,11,11,290.7,,,,,80:02:9C:61:97:4A,0,0,NONE,2026-08-26T14:42:37.091354
45917,,-91,6,785,84,65292,42840,3255233,0,99,9,0,0,14:33:5C:6D:AF:58,1,1,ARMED,72.0,0,1,80:02:9C:61:97:4B,11,22,556.7,,,,,80:02:9C:61:97:4A,0,0,NONE,2026-08-26T14:42:37.198354
45917,BEACON,-84,13,322,3424,65292,42840,3255372,0,99,9,0,0,14:33:5C:6D:AF:58,1,1,ARMED,72.0,0,1,80:02:9C:61:97:4B,11,35,448.1,,,,,80:02:9C:61:97:4A,0,0,NONE,2026-08-26T14:42:37.337354
45917,MGMT_OTHER,-92,5,7789,0,65292,42840,3255498,0,99,9,0,0,14:33:5C:6D:AF:58,1,1,ARMED,72.0,0,0,80:02:9C:61:97:4B,11,40,415.3,,,,,80:02:9C:61:97:4A,0,0,NONE,2026-08-26T14:42:37.463354
45917,BEACON,-58,39,0,3931,65292,42840,3255639,0,99,9,0,0,14:33:5C:6D:AF:58,1,1,ARMED,72.0,0,1,80:02:9C:61:97:4B,11,12,521.6,,,,,80:02:9C:61:97:4A,0,0,NONE,2026-08-26T14:42:37.604354
45917,,44,44,0,0,65220,42840,3255827,0,99,9,0,0,14:33:5C:6D:AF:58,0,1,ARMED,72.0,0,0,80:02:9C:61:97:4B,11,34,328.3,,,,,80:02:9C:61:97:4A,0,0,NONE,2026-08-26T14:42:37.792354
45917,,-91,6,0,472,65292,42840,3255910,0,99,9,0,0,14:33:5C:6D:AF:58,0,1,ARMED,72.0,0,1,80:02:9C:61:97:4B,11,50,596.4,,,,,80:02:9C:61:97:4A,0,0,NONE,2026-08-26T14:42:37.875354
45917,,-91,6,0,0,65292,42840,3255993,0,99,9,0,0,14:33:5C:6D:AF:58,1,1,ARMED,72.0,0,0,80:02:9C:61:97:4B,11,49,739.5,,,,,80:02:9C:61:97:4A,0,0,NONE,2026-08-26T14:42:37.958354
45917,,-52,45,1472,2342,65292,42840,3256062,0,99,9,0,0,14:33:5C:6D:AF:58,1,1,ARMED,72.0,0,1,80:02:9C:61:97:4B,11,25,712.1,,,,,80:02:9C:61:97:4A,0,0,NONE,2026-08-26T14:42:38.027354
45917,MGMT_OTHER,-91,6,1843,0,65292,42840,3256131,0,99,9,0,0,14:33:5C:6D:AF:58,1,1,ARMED,72.0,0,0,80:02:9C:61:97:4B,11,75,737.8,,,,,80:02:9C:61:97:4A,0,0,NONE,2026-08-26T14:42:38.096354
45917,BEACON,-92,5,548,4011,65292,42840,3256322,0,99,9,0,0,14:33:5C:6D:AF:58,1,1,ARMED,72.0,0,1,80:02:9C:61:97:4B,11,14,187.8,,,,,80:02:9C:61:97:4A,0,0,NONE,2026-08-26T14:42:38.287354
45917,BEACON,-86,11,0,1364,65292,42840,3256494,0,99,9,0,0,14:33:5C:6D:AF:58,1,1,ARMED,72.0,0,1,80:02:9C:61:97:4B,11,5,138.4,,,,,80:02:9C:61:97:4A,0,0,NONE,2026-08-26T14:42:38.459354
45917,BEACON,-94,3,0,2449,65292,42840,3256624,0,99,9,0,0,14:33:5C:6D:AF:58,1,0,ARMED,72.0,0,1,80:02:9C:61:97:4B,11,29,452.8,,,,,80:02:9C:61:97:4A,0,0,NONE,2026-08-26T14:42:38.589354
45917,,6,6,0,0,65292,42840,3256787,0,99,9,0,0,14:33:5C:6D:AF:58,0,0,ARMED,72.0,0,1,80:02:9C:61:97:4B,11,5,222.7,,,,,80:02:9C:61:97:4A,0,0,NONE,2026-08-26T14:42:38.752354
45917,BEACON,-93,4,0,3928,65292,42840,3256931,0,99,9,0,0,14:33:5C:6D:AF:58,1,1,ARMED,72.0,0,1,80:02:9C:61:97:4B,11,20,310.0,,,,,80:02:9C:61:97:4A,0,0,NONE,2026-08-26T14:42:38.896354
45917,,-90,7,767,0,65292,42840,3257051,0,99,9,0,0,14:33:5C:6D:AF:58,1,1,ARMED,72.0,0,0,80:02:9C:61:97:4B,11,36,432.9,,,,,80:02:9C:61:97:4A,0,0,NONE,2026-08-26T14:42:39.016354
45917,MGMT_OTHER,-91,6,2742,0,65292,42840,3257161,0,99,9,0,0,14:33:5C:6D:AF:58,1,1,ARMED,72.0,0,0,80:02:9C:61:97:4B,11,46,532.1,,,,,80:02:9C:61:97:4A,0,0,NONE,2026-08-26T14:42:39.126354
45917,,-90,7,755,3920,65292,42840,3257294,0,99,9,0,0,14:33:5C:6D:AF:58,0,1,ARMED,72.0,0,0,80:02:9C:61:97:4B,11,6,519.9,,,,,80:02:9C:61:97:4A,0,0,NONE,2026-08-26T14:42:39.259354
45917,MGMT_OTHER,-90,7,148,3635,65292,42840,3257458,0,99,9,0,0,14:33:5C:6D:AF:58,0,1,ARMED,72.0,0,1,80:02:9C:61:97:4B,11,26,360.8,,,,,80:02:9C:61:97:4A,0,0,NONE,2026-08-26T14:42:39.423354
45917,,-72,25,184,3935,65292,42840,3257619,0,99,9,0,0,14:33:5C:6D:AF:58,1,1,ARMED,72.0,0,0,80:02:9C:61:97:4B,11,8,262.1,,,,,80:02:9C:61:97:4A,0,0,NONE,2026-08-26T14:42:39.584354
45917,BEACON,-88,9,0,1206,65292,42840,3257902,0,99,9,0,0,14:33:5C:6D:AF:58,0,0,ARMED,72.0,0,1,80:02:9C:61:97:4B,11,1,169.8,,,,,80:02:9C:61:97:4A,0,0,NONE,2026-08-26T14:42:39.867354
45917,BEACON,-86,11,11309,3452,65292,42840,3258239,0,99,9,0,0,14:33:5C:6D:AF:58,0,0,ARMED,72.0,0,1,80:02:9C:61:97:4B,11,5,139.4,,,,,80:02:9C:61:97:4A,0,0,NONE,2026-08-26T14:42:40.204354
45917,BEACON,-85,12,0,1385,65292,42840,3258542,0,99,9,0,0,14:33:5C:6D:AF:58,0,0,ARMED,72.0,0,1,80:02:9C:61:97:4B,11,7,220.6,,,,,80:02:9C:61:97:4A,0,0,NONE,2026-08-26T14:42:40.507354
45917,,7,7,0,0,65292,42840,3258773,0,99,9,0,0,14:33:5C:6D:AF:58,1,1,ARMED,72.0,0,1,80:02:9C:61:97:4B,11,6,104.3,,,,,80:02:9C:61:97:4A,0,0,NONE,2026-08-26T14:42:40.738354
45917,,-52,45,0,2821,65292,42840,3259047,0,99,9,0,0,14:33:5C:6D:AF:58,0,0,ARMED,72.0,0,0,80:02:9C:61:97:4B,11,11,444.2,,,,,80:02:9C:61:97:4A,0,0,NONE,2026-08-26T14:42:41.012354
45917,,-52,45,0,2874,65292,42840,3259150,0,99,9,0,0,14:33:5C:6D:AF:58,0,1,ARMED,72.0,0,0,80:02:9C:61:97:4B,11,13,501.9,,,,,80:02:9C:61:97:4A,0,0,NONE,2026-08-26T14:42:41.115354
45917,BEACON,-86,11,82,3867,65292,42840,3259255,0,99,9,0,0,14:33:5C:6D:AF:58,0,1,ARMED,72.0,0,1,80:02:9C:61:97:4B,11,21,680.1,,,,,80:02:9C:61:97:4A,0,0,NONE,2026-08-26T14:42:41.220354
45917,,-86,11,0,3801,65292,42840,3259321,0,99,9,0,0,14:33:5C:6D:AF:58,0,1,ARMED,72.0,0,1,80:02:9C:61:97:4B,11,71,736.8,,,,,80:02:9C:61:97:4A,0,0,NONE,2026-08-26T14:42:41.286354
45917,BEACON,-57,40,82,3972,65292,42840,3259430,0,99,9,0,0,14:33:5C:6D:AF:58,1,1,ARMED,72.0,0,0,80:02:9C:61:97:4B,11,49,482.9,,,,,80:02:9C:61:97:4A,0,0,NONE,2026-08-26T14:42:41.395354
45917,,-72,25,27091,3966,65292,42840,3259653,0,99,9,0,0,14:33:5C:6D:AF:58,0,1,ARMED,72.0,0,1,80:02:9C:61:97:4B,11,3,144.8,,,,,80:02:9C:61:97:4A,0,0,NONE,2026-08-26T14:42:41.618354
45917,BEACON,-96,1,0,1241,65292,42840,3259897,0,99,9,0,0,14:33:5C:6D:AF:58,0,0,ARMED,72.0,0,1,80:02:9C:61:97:4B,11,19,317.1,,,,,80:02:9C:61:97:4A,0,0,NONE,2026-08-26T14:42:41.862354
45917,BEACON,-89,8,12165,1193,65292,42840,3260160,0,99,9,0,0,14:33:5C:6D:AF:58,0,0,ARMED,72.0,0,0,80:02:9C:61:97:4B,11,4,230.4,,,,,80:02:9C:61:97:4A,0,0,NONE,2026-08-26T14:42:42.125354
45917,,-71,26,166,3975,65292,42840,3260464,0,99,9,0,0,14:33:5C:6D:AF:58,0,0,ARMED,72.0,0,0,80:02:9C:61:97:4B,11,6,470.4,,,,,80:02:9C:61:97:4A,0,0,NONE,2026-08-26T14:42:42.429354
45917,,-71,26,62,3979,65292,42840,3260569,0,99,9,0,0,14:33:5C:6D:AF:58,1,1,ARMED,72.0,0,0,80:02:9C:61:97:4B,11,22,1389.8,,,,,80:02:9C:61:97:4A,0,0,NONE,2026-08-26T14:42:42.534354
45917,BEACON,-57,40,1490,3988,65292,42840,3260760,0,99,9,0,0,14:33:5C:6D:AF:58,1,0,ARMED,72.0,0,0,80:02:9C:61:97:4B,11,22,211.3,,,,,80:02:9C:61:97:4A,0,0,NONE,2026-08-26T14:42:42.725354
45917,,-73,24,283,3990,65292,42840,3261079,0,99,9,0,0,14:33:5C:6D:AF:58,0,0,ARMED,72.0,0,0,80:02:9C:61:97:4B,11,7,521.8,,,,,80:02:9C:61:97:4A,0,0,NONE,2026-08-26T14:42:43.044354
45917,,44,44,0,0,65292,42840,3261345,0,99,9,0,0,14:33:5C:6D:AF:58,0,0,ARMED,72.0,0,1,80:02:9C:61:97:4B,11,15,200.9,,,,,80:02:9C:61:97:4A,0,0,NONE,2026-08-26T14:42:43.310354
45917,,-71,26,247,3996,65292,42840,3261592,0,99,9,0,0,14:33:5C:6D:AF:58,0,0,ARMED,72.0,0,0,80:02:9C:61:97:4B,11,14,943.9,,,,,80:02:9C:61:97:4A,0,0,NONE,2026-08-26T14:42:43.557354
45917,PROBE_REQ,-92,5,0,1590,65292,42840,3261858,0,99,9,0,0,14:33:5C:6D:AF:58,1,0,ARMED,72.0,0,1,80:02:9C:61:97:4B,11,18,238.0,,,,,80:02:9C:61:97:4A,0,0,NONE,2026-08-26T14:42:43.823354
45917,BEACON,-83,14,0,1426,65292,42840,3262126,0,99,9,0,0,14:33:5C:6D:AF:58,0,0,ARMED,72.0,0,1,80:02:9C:61:97:4B,11,6,163.7,,,,,80:02:9C:61:97:4A,0,0,NONE,2026-08-26T14:42:44.091354
45917,BEACON,-87,10,0,1216,65292,42840,3262515,0,99,9,0,0,14:33:5C:6D:AF:58,0,0,ARMED,72.0,0,0,80:02:9C:61:97:4B,11,3,185.1,,,,,80:02:9C:61:97:4A,0,0,NONE,2026-08-26T14:42:44.480354
45917,,-68,29,0,1785,65292,42840,3262893,0,99,9,0,0,14:33:5C:6D:AF:58,0,0,ARMED,72.0,0,0,80:02:9C:61:97:4B,11,17,196.5,,,,,80:02:9C:61:97:4A,0,0,NONE,2026-08-26T14:42:44.858354
45917,,-52,45,8297,3612,65292,42840,3263138,0,99,9,0,0,14:33:5C:6D:AF:58,0,0,ARMED,72.0,0,1,80:02:9C:61:97:4B,11,4,202.9,,,,,80:02:9C:61:97:4A,0,0,NONE,2026-08-26T14:42:45.103354
45917,BEACON,-83,14,0,1439,65292,42840,3263355,0,99,9,0,0,14:33:5C:6D:AF:58,1,0,ARMED,72.0,0,1,80:02:9C:61:97:4B,11,6,189.1,,,,,80:02:9C:61:97:4A,0,0,NONE,2026-08-26T14:42:45.320354
45917,BEACON,-93,4,0,743,65292,42840,3263535,0,99,9,0,0,14:33:5C:6D:AF:58,0,1,ARMED,72.0,0,1,80:02:9C:61:97:4B,11,2,285.3,,,,,80:02:9C:61:97:4A,0,0,NONE,2026-08-26T14:42:45.500354
45917,BEACON,-87,10,0,2937,65292,42840,3263824,0,99,9,0,0,14:33:5C:6D:AF:58,0,0,ARMED,72.0,0,1,80:02:9C:61:97:4B,11,19,206.8,,,,,80:02:9C:61:97:4A,0,0,NONE,2026-08-26T14:42:45.789354
45917,BEACON,-86,11,0,1231,65292,42840,3264051,0,99,9,0,0,14:33:5C:6D:AF:58,0,0,ARMED,72.0,0,0,80:02:9C:61:97:4B,11,1,242.6,,,,,80:02:9C:61:97:4A,0,0,NONE,2026-08-26T14:42:46.016354
45917,,-83,14,0,3598,65292,42840,3264382,0,99,9,0,0,14:33:5C:6D:AF:58,0,0,ARMED,72.0,0,0,80:02:9C:61:97:4B,11,4,138.7,,,,,80:02:9C:61:97:4A,0,0,NONE,2026-08-26T14:42:46.347354
45917,,-59,38,1434,4041,65292,42840,3264563,0,99,9,0,0,14:33:5C:6D:AF:58,0,0,ARMED,72.0,0,0,80:02:9C:61:97:4B,11,5,569.9,,,,,80:02:9C:61:97:4A,0,0,NONE,2026-08-26T14:42:46.528354
45917,,-59,38,0,4048,65292,42840,3264678,0,99,9,0,0,14:33:5C:6D:AF:58,0,1,ARMED,72.0,0,0,80:02:9C:61:97:4B,11,11,468.5,,,,,80:02:9C:61:97:4A,0,0,NONE,2026-08-26T14:42:46.643354
45917,,-90,7,162,0,65292,42840,3264901,0,99,9,0,0,14:33:5C:6D:AF:58,0,0,ARMED,72.0,0,0,80:02:9C:61:97:4B,11,8,193.3,,,,,80:02:9C:61:97:4A,0,0,NONE,2026-08-26T14:42:46.866354
45917,,-84,13,0,3535,65292,42840,3265209,0,99,9,0,0,14:33:5C:6D:AF:58,0,0,ARMED,72.0,0,1,80:02:9C:61:97:4B,11,9,209.7,,,,,80:02:9C:61:97:4A,0,0,NONE,2026-08-26T14:42:47.174354
45917,BEACON,-96,1,0,2536,65292,42840,3265533,0,99,9,0,0,14:33:5C:6D:AF:58,0,0,ARMED,72.0,0,1,80:02:9C:61:97:4B,11,14,236.0,,,,,80:02:9C:61:97:4A,0,0,NONE,2026-08-26T14:42:47.498354
45917,BEACON,-58,39,0,4061,65292,42840,3265776,0,99,9,0,0,14:33:5C:6D:AF:58,1,0,ARMED,72.0,0,0,80:02:9C:61:97:4B,11,13,134.5,,,,,80:02:9C:61:97:4A,0,0,NONE,2026-08-26T14:42:47.741354
45917,,18,18,0,0,65292,42840,3266125,0,99,9,0,0,14:33:5C:6D:AF:58,0,0,ARMED,72.0,0,1,80:02:9C:61:97:4B,11,8,218.0,,,,,80:02:9C:61:97:4A,0,0,NONE,2026-08-26T14:42:48.090354
45917,,-83,14,16014,2705,65292,42840,3266462,0,99,9,0,0,14:33:5C:6D:AF:58,0,0,ARMED,72.0,0,1,80:02:9C:61:97:4B,11,9,135.6,,,,,80:02:9C:61:97:4A,0,0,NONE,2026-08-26T14:42:48.427354
45917,BEACON,-89,8,0,1258,65292,42840,3266816,0,99,9,0,0,14:33:5C:6D:AF:58,0,0,ARMED,72.0,0,0,80:02:9C:61:97:4B,11,2,176.8,,,,,80:02:9C:61:97:4A,0,0,NONE,2026-08-26T14:42:48.781354
45917,,8,8,0,0,65292,42840,3267176,0,99,9,0,0,14:33:5C:6D:AF:58,0,0,ARMED,72.0,0,0,80:02:9C:61:97:4B,11,10,155.3,,,,,80:02:9C:61:97:4A,0,0,NONE,2026-08-26T14:42:49.141354
45917,BEACON,-89,8,0,2973,65292,42840,3267509,0,99,9,0,0,14:33:5C:6D:AF:58,0,0,ARMED,72.0,0,1,80:02:9C:61:97:4B,11,10,111.2,,,,,80:02:9C:61:97:4A,0,0,NONE,2026-08-26T14:42:49.474354
45917,BEACON,-85,12,13459,3950,65292,42840,3267754,0,99,9,0,0,14:33:5C:6D:AF:58,1,0,ARMED,72.0,0,1,80:02:9C:61:97:4B,11,1,60.0,,,,,80:02:9C:61:97:4A,0,0,NONE,2026-08-26T14:42:49.719354
45917,,44,44,0,0,65292,42840,3267911,0,99,9,0,0,14:33:5C:6D:AF:58,0,0,ARMED,72.0,0,0,80:02:9C:61:97:4B,11,37,525.2,,,,,80:02:9C:61:97:4A,0,0,NONE,2026-08-26T14:42:49.876354
45917,,-52,45,0,1735,65292,42840,3268119,0,99,9,0,0,14:33:5C:6D:AF:58,0,1,ARMED,72.0,0,1,80:02:9C:61:97:4B,11,16,216.6,,,,,80:02:9C:61:97:4A,0,0,NONE,2026-08-26T14:42:50.084354
45917,DEAUTH,-90,7,9431,0,65292,42840,3268333,0,99,9,0,0,14:33:5C:6D:AF:58,0,0,ARMED,72.0,0,0,80:02:9C:61:97:4B,11,11,193.7,,,,,80:02:9C:61:97:4A,0,0,NONE,2026-08-26T14:42:50.298354
45917,BEACON,-84,13,0,3959,65292,42840,3268676,0,99,9,0,0,14:33:5C:6D:AF:58,0,0,ARMED,72.0,0,1,80:02:9C:61:97:4B,11,17,235.5,,,,,80:02:9C:61:97:4A,0,0,NONE,2026-08-26T14:42:50.641354
45917,BEACON,-57,40,23057,4095,65292,42840,3268848,0,99,9,0,0,14:33:5C:6D:AF:58,0,1,ARMED,72.0,0,1,80:02:9C:61:97:4B,11,5,129.7,,,,,80:02:9C:61:97:4A,0,0,NONE,2026-08-26T14:42:50.813354
45917,,-88,9,7181,0,65292,42840,3269000,0,99,9,0,0,14:33:5C:6D:AF:58,0,1,ARMED,72.0,0,0,80:02:9C:61:97:4B,11,20,225.6,,,,,80:02:9C:61:97:4A,0,0,NONE,2026-08-26T14:42:50.965354
45917,,-52,45,2743,4055,65292,42840,3269129,0,99,9,0,0,14:33:5C:6D:AF:58,0,0,ARMED,72.0,0,0,80:02:9C:61:97:4B,11,22,1297.9,,,,,80:02:9C:61:97:4A,0,0,NONE,2026-08-26T14:42:51.094354
45917,,-75,22,1759,1845,64648,42840,3269160,0,99,9,0,0,14:33:5C:6D:AF:58,0,0,ARMED,72.0,0,1,80:02:9C:61:97:4B,11,72,1517.3,,,,,80:02:9C:61:97:4A,0,0,NONE,2026-08-26T14:42:51.125354
45917,,-52,45,0,154,65292,42840,3269210,0,99,9,0,0,14:33:5C:6D:AF:58,0,0,ARMED,72.0,0,0,80:02:9C:61:97:4B,11,122,1251.7,,,,,80:02:9C:61:97:4A,0,0,NONE,2026-08-26T14:42:51.175354
45917,,-75,22,0,1855,65292,42840,3269239,0,99,9,0,0,14:33:5C:6D:AF:58,0,1,ARMED,72.0,0,0,80:02:9C:61:97:4B,11,49,13702.5,,,,,80:02:9C:61:97:4A,0,0,NONE,2026-08-26T14:42:51.204354
45917,,-52,45,0,265,64648,42840,3269254,0,99,9,0,0,14:33:5C:6D:AF:58,0,1,ARMED,72.0,0,0,80:02:9C:61:97:4B,11,99,5274.4,,,,,80:02:9C:61:97:4A,0,0,NONE,2026-08-26T14:42:51.219354
45917,,-52,45,0,297,65292,42840,3269303,0,99,9,0,0,14:33:5C:6D:AF:58,0,1,ARMED,72.0,0,0,80:02:9C:61:97:4B,11,149,2183.5,,,,,80:02:9C:61:97:4A,0,0,NONE,2026-08-26T14:42:51.268354
45917,,-52,45,127,387,65292,42840,3269353,0,99,9,0,0,14:33:5C:6D:AF:58,0,1,ARMED,72.0,0,0,80:02:9C:61:97:4B,11,1,1000.0,,,,,80:02:9C:61:97:4A,0,0,NONE,2026-08-26T14:42:51.318354
45917,,-75,22,0,1873,64648,42840,3269383,0,99,9,0,0,14:33:5C:6D:AF:58,0,1,ARMED,72.0,0,1,80:02:9C:61:97:4B,11,51,1695.0,,,,,80:02:9C:61:97:4A,0,0,NONE,2026-08-26T14:42:51.348354
45917,,-52,45,0,500,65292,42840,3269412,0,99,9,0,0,14:33:5C:6D:AF:58,0,1,ARMED,72.0,0,0,80:02:9C:61:97:4B,11,101,1692.5,,,,,80:02:9C:61:97:4A,0,0,NONE,2026-08-26T14:42:51.377354
45917,,-53,44,0,546,64648,42840,3269434,0,99,9,0,0,14:33:5C:6D:AF:58,0,1,ARMED,72.0,0,0,80:02:9C:61:97:4B,11,151,1846.2,,,,,80:02:9C:61:97:4A,0,0,NONE,2026-08-26T14:42:51.399354
45917,,-52,45,0,615,65292,42840,3269466,0,99,9,0,0,14:33:5C:6D:AF:58,1,1,ARMED,72.0,0,0,80:02:9C:61:97:4B,11,20,1849.5,,,,,80:02:9C:61:97:4A,0,0,NONE,2026-08-26T14:42:51.431354
45917,,-52,45,0,675,65292,42840,3269498,0,99,9,0,0,14:33:5C:6D:AF:58,1,1,ARMED,72.0,0,0,80:02:9C:61:97:4B,11,70,1646.9,,,,,80:02:9C:61:97:4A,0,0,NONE,2026-08-26T14:42:51.463354
45917,,-52,45,0,674,65292,42840,3269522,0,99,9,0,0,14:33:5C:6D:AF:58,1,1,ARMED,72.0,0,0,80:02:9C:61:97:4B,11,120,1808.8,,,,,80:02:9C:61:97:4A,0,0,NONE,2026-08-26T14:42:51.487354
45917,BEACON,-85,12,8476,3564,65292,42840,3269708,0,99,9,0,0,14:33:5C:6D:AF:58,1,0,ARMED,72.0,0,1,80:02:9C:61:97:4B,11,7,145.0,,,,,80:02:9C:61:97:4A,0,0,NONE,2026-08-26T14:42:51.673354
45917,,6,6,0,0,65292,42840,3269926,0,99,9,0,0,14:33:5C:6D:AF:58,0,1,ARMED,72.0,0,1,80:02:9C:61:97:4B,11,8,130.6,,,,,80:02:9C:61:97:4A,0,0,NONE,2026-08-26T14:42:51.891354
45917,,-89,8,8466,0,65292,42840,3270128,0,99,9,0,0,14:33:5C:6D:AF:58,0,0,ARMED,72.0,0,0,80:02:9C:61:97:4B,11,22,373.0,,,,,80:02:9C:61:97:4A,0,0,NONE,2026-08-26T14:42:52.093354
45917,,-83,14,3587,164,65292,42840,3270410,0,99,9,0,0,14:33:5C:6D:AF:58,0,0,ARMED,72.0,0,0,80:02:9C:61:97:4B,11,10,413.7,,,,,80:02:9C:61:97:4A,0,0,NONE,2026-08-26T14:42:52.375354
45917,,-83,14,0,3639,65292,42840,3270645,0,99,9,0,0,14:33:5C:6D:AF:58,0,0,ARMED,72.0,0,0,80:02:9C:61:97:4B,11,12,220.9,,,,,80:02:9C:61:97:4A,0,0,NONE,2026-08-26T14:42:52.610354
45917,,-92,5,0,157,65292,42840,3270893,0,99,9,0,0,14:33:5C:6D:AF:58,1,0,ARMED,72.0,0,0,80:02:9C:61:97:4B,11,19,197.1,,,,,80:02:9C:61:97:4A,0,0,NONE,2026-08-26T14:42:52.858354
45917,BEACON,-85,12,14423,3578,65292,42840,3271147,0,99,9,0,0,14:33:5C:6D:AF:58,0,0,ARMED,72.0,0,1,80:02:9C:61:97:4B,11,6,197.7,,,,,80:02:9C:61:97:4A,0,0,NONE,2026-08-26T14:42:53.112354
45917,,-84,13,0,3583,65292,42840,3271449,0,99,9,0,0,14:33:5C:6D:AF:58,0,0,ARMED,72.0,0,1,80:02:9C:61:97:4B,11,5,232.5,,,,,80:02:9C:61:97:4A,0,0,NONE,2026-08-26T14:42:53.414354
45917,BEACON,-85,12,0,3584,65292,42840,3271761,0,99,9,0,0,14:33:5C:6D:AF:58,0,0,ARMED,72.0,0,0,80:02:9C:61:97:4B,11,7,234.6,,,,,80:02:9C:61:97:4A,0,0,NONE,2026-08-26T14:42:53.726354
45917,,-83,14,0,1226,65292,42840,3271982,0,99,9,0,0,14:33:5C:6D:AF:58,0,0,ARMED,72.0,0,0,80:02:9C:61:97:4B,11,7,154.0,,,,,80:02:9C:61:97:4A,0,0,NONE,2026-08-26T14:42:53.947354
45917,,-83,14,0,3593,65292,42840,3272285,0,99,9,0,0,14:33:5C:6D:AF:58,0,0,ARMED,72.0,0,0,80:02:9C:61:97:4B,11,9,212.8,,,,,80:02:9C:61:97:4A,0,0,NONE,2026-08-26T14:42:54.250354
45917,,-57,40,0,52,63560,42840,3272664,0,99,9,0,0,14:33:5C:6D:AF:58,0,0,ARMED,72.0,0,0,80:02:9C:61:97:4B,11,1,1000.0,,,,,80:02:9C:61:97:4A,0,0,NONE,2026-08-26T14:42:54.629354
45917,,-84,13,0,3669,65292,42840,3273080,0,99,9,0,0,14:33:5C:6D:AF:58,0,0,ARMED,72.0,0,1,80:02:9C:61:97:4B,11,1,706.2,,,,,80:02:9C:61:97:4A,0,0,NONE,2026-08-26T14:42:55.045354
45917,,-83,14,0,1229,65292,42840,3273225,0,99,9,0,0,14:33:5C:6D:AF:58,0,1,ARMED,72.0,0,1,80:02:9C:61:97:4B,11,6,136.7,,,,,80:02:9C:61:97:4A,0,0,NONE,2026-08-26T14:42:55.190354
45917,,-52,45,4132,5,65292,42840,3273483,0,99,9,0,0,14:33:5C:6D:AF:58,0,0,ARMED,72.0,0,1,80:02:9C:61:97:4B,11,17,175.8,,,,,80:02:9C:61:97:4A,0,0,NONE,2026-08-26T14:42:55.448354
45917,,-52,45,2285,6,65292,42840,3273866,0,99,9,0,0,14:33:5C:6D:AF:58,0,0,ARMED,72.0,0,0,80:02:9C:61:97:4B,11,2,135.8,,,,,80:02:9C:61:97:4A,0,0,NONE,2026-08-26T14:42:55.831354
45917,,-52,45,563,724,65292,42840,3273995,0,99,9,0,0,14:33:5C:6D:AF:58,0,0,ARMED,72.0,0,1,80:02:9C:61:97:4B,11,34,921.0,,,,,80:02:9C:61:97:4A,0,0,NONE,2026-08-26T14:42:55.960354
45917,BEACON,-94,3,0,93,65292,42840,3274186,0,99,9,0,0,14:33:5C:6D:AF:58,1,1,ARMED,72.0,0,1,80:02:9C:61:97:4B,11,3,146.0,,,,,80:02:9C:61:97:4A,0,0,NONE,2026-08-26T14:42:56.151354
45917,,-71,26,0,4056,65292,42840,3274409,0,99,9,0,0,14:33:5C:6D:AF:58,0,0,ARMED,72.0,0,0,80:02:9C:61:97:4B,11,12,353.8,,,,,80:02:9C:61:97:4A,0,0,NONE,2026-08-26T14:42:56.374354
45917,,-52,45,10796,735,65292,42840,3274647,0,99,9,0,0,14:33:5C:6D:AF:58,0,0,ARMED,72.0,0,1,80:02:9C:61:97:4B,11,13,187.5,,,,,80:02:9C:61:97:4A,0,0,NONE,2026-08-26T14:42:56.612354
45917,,-52,45,0,760,65292,42840,3274772,0,99,9,0,0,14:33:5C:6D:AF:58,0,0,ARMED,72.0,0,0,80:02:9C:61:97:4B,11,47,505.3,,,,,80:02:9C:61:97:4A,0,0,NONE,2026-08-26T14:42:56.737354
45917,,-52,45,6241,14,65292,42840,3274839,0,99,9,0,0,14:33:5C:6D:AF:58,0,1,ARMED,72.0,0,0,80:02:9C:61:97:4B,11,24,409.7,,,,,80:02:9C:61:97:4A,0,0,NONE,2026-08-26T14:42:56.804354
45917,,-76,21,1355,1925,65292,42840,3275171,0,99,9,0,0,14:33:5C:6D:AF:58,0,0,ARMED,72.0,0,1,80:02:9C:61:97:4B,11,12,173.2,,,,,80:02:9C:61:97:4A,0,0,NONE,2026-08-26T14:42:57.136354
45917,,-52,45,1548,792,65292,42840,3275209,0,99,9,0,0,14:33:5C:6D:AF:58,1,1,ARMED,72.0,0,1,80:02:9C:61:97:4B,11,4,583.7,,,,,80:02:9C:61:97:4A,0,0,NONE,2026-08-26T14:42:57.174354
45917,,-52,45,0,888,65292,42840,3275261,0,99,9,0,0,14:33:5C:6D:AF:58,1,1,ARMED,72.0,0,0,80:02:9C:61:97:4B,11,54,912.6,,,,,80:02:9C:61:97:4A,0,0,NONE,2026-08-26T14:42:57.226354
45917,,-52,45,0,891,65292,42840,3275282,0,99,9,0,0,14:33:5C:6D:AF:58,1,1,ARMED,72.0,0,0,80:02:9C:61:97:4B,11,104,1294.3,,,,,80:02:9C:61:97:4A,0,0,NONE,2026-08-26T14:42:57.247354
45917,,44,44,0,0,65292,42840,3275343,0,99,9,0,0,14:33:5C:6D:AF:58,1,1,ARMED,72.0,0,1,80:02:9C:61:97:4B,11,33,851.8,,,,,80:02:9C:61:97:4A,0,0,NONE,2026-08-26T14:42:57.308354
45917,,-52,45,379,910,64680,42840,3275427,0,99,9,0,0,14:33:5C:6D:AF:58,1,1,ARMED,72.0,0,0,80:02:9C:61:97:4B,11,5,238.1,,,,,80:02:9C:61:97:4A,0,0,NONE,2026-08-26T14:42:57.392354
45917,,-79,18,922,3082,65292,42840,3275595,0,99,9,0,0,14:33:5C:6D:AF:58,1,1,ARMED,72.0,0,1,80:02:9C:61:97:4B,11,15,226.0,,,,,80:02:9C:61:97:4A,0,0,NONE,2026-08-26T14:42:57.560354
45917,,-54,43,0,958,65292,42840,3275676,0,99,9,0,0,14:33:5C:6D:AF:58,0,0,ARMED,72.0,0,0,80:02:9C:61:97:4B,11,38,803.9,,,,,80:02:9C:61:97:4A,0,0,NONE,2026-08-26T14:42:57.641354
45917,,-52,45,0,948,65292,42840,3275752,0,99,9,0,0,14:33:5C:6D:AF:58,0,1,ARMED,72.0,0,0,80:02:9C:61:97:4B,11,31,1419.8,,,,,80:02:9C:61:97:4A,0,0,NONE,2026-08-26T14:42:57.717354
45917,,-84,13,20980,576,65292,42840,3276001,0,99,9,0,0,14:33:5C:6D:AF:58,0,0,ARMED,72.0,0,1,80:02:9C:61:97:4B,11,17,274.5,,,,,80:02:9C:61:97:4A,0,0,NONE,2026-08-26T14:42:57.966354
45917,,-52,45,667,970,65292,42840,3276189,0,99,9,0,0,14:33:5C:6D:AF:58,0,0,ARMED,72.0,0,0,80:02:9C:61:97:4B,11,23,556.2,,,,,80:02:9C:61:97:4A,0,0,NONE,2026-08-26T14:42:58.154354
45917,,-52,45,0,990,65292,42840,3276275,0,99,9,0,0,14:33:5C:6D:AF:58,0,1,ARMED,72.0,0,0,80:02:9C:61:97:4B,11,23,829.2,,,,,80:02:9C:61:97:4A,0,0,NONE,2026-08-26T14:42:58.240354
45917,,-72,25,14017,1954,65292,42840,3276340,0,99,9,0,0,14:33:5C:6D:AF:58,0,1,ARMED,72.0,0,1,80:02:9C:61:97:4B,11,73,793.5,,,,,80:02:9C:61:97:4A,0,0,NONE,2026-08-26T14:42:58.305354
45917,BEACON,-96,1,0,2645,65292,42840,3276694,0,99,9,0,0,14:33:5C:6D:AF:58,0,0,ARMED,72.0,0,1,80:02:9C:61:97:4B,11,5,161.2,,,,,80:02:9C:61:97:4A,0,0,NONE,2026-08-26T14:42:58.659354
45917,BEACON,-87,10,0,2230,65292,42840,3277045,0,99,9,0,0,14:33:5C:6D:AF:58,0,0,ARMED,72.0,0,1,80:02:9C:61:97:4B,11,12,160.9,,,,,80:02:9C:61:97:4A,0,0,NONE,2026-08-26T14:42:59.010354
45917,BEACON,-87,10,361,3074,65292,42840,3277340,0,99,9,0,0,14:33:5C:6D:AF:58,0,0,ARMED,72.0,0,1,80:02:9C:61:97:4B,11,10,161.1,,,,,80:02:9C:61:97:4A,0,0,NONE,2026-08-26T14:42:59.305354
45917,BEACON,-57,40,43373,116,65292,42840,3277655,0,99,9,0,0,14:33:5C:6D:AF:58,0,0,ARMED,72.0,0,1,80:02:9C:61:97:4B,11,8,116.3,,,,,80:02:9C:61:97:4A,0,0,NONE,2026-08-26T14:42:59.620354
45917,,-88,9,1234,2703,65292,42840,3277833,0,99,9,0,0,14:33:5C:6D:AF:58,0,0,ARMED,72.0,0,1,80:02:9C:61:97:4B,11,19,454.6,,,,,80:02:9C:61:97:4A,0,0,NONE,2026-08-26T14:42:59.798354
45917,,-71,26,157,4071,65292,42840,3278170,0,99,9,0,0,14:33:5C:6D:AF:58,0,0,ARMED,72.0,0,0,80:02:9C:61:97:4B,11,8,108.7,,,,,80:02:9C:61:97:4A,0,0,NONE,2026-08-26T14:43:00.135354
45917,BEACON,-86,11,0,1406,65292,42840,3278484,0,99,9,0,0,14:33:5C:6D:AF:58,0,0,ARMED,72.0,0,1,80:02:9C:61:97:4B,11,11,136.9,,,,,80:02:9C:61:97:4A,0,0,NONE,2026-08-26T14:43:00.449354
45917,BEACON,-84,13,0,3653,65292,42840,3278821,0,99,9,0,0,14:33:5C:6D:AF:58,0,0,ARMED,72.0,0,1,80:02:9C:61:97:4B,11,1,127.7,,,,,80:02:9C:61:97:4A,0,0,NONE,2026-08-26T14:43:00.786354
45917,BEACON,-88,9,0,1412,65292,42840,3279097,0,99,9,0,0,14:33:5C:6D:AF:58,0,0,ARMED,72.0,0,1,80:02:9C:61:97:4B,11,16,203.8,,,,,80:02:9C:61:97:4A,0,0,NONE,2026-08-26T14:43:01.062354
45917,BEACON,-95,2,0,2672,65292,42840,3279459,0,99,9,0,0,14:33:5C:6D:AF:58,0,0,ARMED,72.0,0,1,80:02:9C:61:97:4B,11,2,74.3,,,,,80:02:9C:61:97:4A,0,0,NONE,2026-08-26T14:43:01.424354
45917,BEACON,-89,8,0,1419,65292,42840,3279816,0,99,9,0,0,14:33:5C:6D:AF:58,0,0,ARMED,72.0,0,1,80:02:9C:61:97:4B,11,8,113.6,,,,,80:02:9C:61:97:4A,0,0,NONE,2026-08-26T14:43:01.781354
45917,BEACON,-87,10,0,2260,65220,42840,3280117,0,99,9,0,0,14:33:5C:6D:AF:58,0,0,ARMED,72.0,0,1,80:02:9C:61:97:4B,11,16,239.4,,,,,80:02:9C:61:97:4A,0,0,NONE,2026-08-26T14:43:02.082354
45917,,-59,38,1475,32,65292,42840,3280381,0,99,9,0,0,14:33:5C:6D:AF:58,0,0,ARMED,72.0,0,0,80:02:9C:61:97:4B,11,2,82.7,,,,,80:02:9C:61:97:4A,0,0,NONE,2026-08-26T14:43:02.346354
45917,BEACON,-58,39,0,147,65292,42840,3280624,0,99,9,0,0,14:33:5C:6D:AF:58,0,0,ARMED,72.0,0,1,80:02:9C:61:97:4B,11,8,121.9,,,,,80:02:9C:61:97:4A,0,0,NONE,2026-08-26T14:43:02.589354
45917,BEACON,-84,13,0,3674,65292,42840,3280972,0,99,9,0,0,14:33:5C:6D:AF:58,0,0,ARMED,72.0,0,1,80:02:9C:61:97:4B,11,1,250.7,,,,,80:02:9C:61:97:4A,0,0,NONE,2026-08-26T14:43:02.937354
45917,PROBE_RESP,-84,13,0,308,65292,42840,3281202,0,99,9,0,0,14:33:5C:6D:AF:58,0,0,ARMED,72.0,0,1,80:02:9C:61:97:4B,11,3,100.4,,,,,80:02:9C:61:97:4A,0,0,NONE,2026-08-26T14:43:03.167354
45917,,5,5,0,0,65292,42840,3281407,0,99,9,0,0,14:33:5C:6D:AF:58,0,1,ARMED,72.0,0,0,80:02:9C:61:97:4B,11,9,298.8,,,,,80:02:9C:61:97:4A,0,0,NONE,2026-08-26T14:43:03.372354
45917,BEACON,-83,14,351,4087,65292,42840,3281783,0,99,9,0,0,14:33:5C:6D:AF:58,0,0,ARMED,72.0,0,1,80:02:9C:61:97:4B,11,12,126.8,,,,,80:02:9C:61:97:4A,0,0,NONE,2026-08-26T14:43:03.748354
45917,BEACON,-84,13,0,3686,65292,42840,3282201,0,99,9,0,0,14:33:5C:6D:AF:58,0,0,ARMED,72.0,0,1,80:02:9C:61:97:4B,11,7,171.7,,,,,80:02:9C:61:97:4A,0,0,NONE,2026-08-26T14:43:04.166354
45917,BEACON,-57,40,0,167,65292,42840,3282570,0,99,9,0,0,14:33:5C:6D:AF:58,0,0,ARMED,72.0,0,1,80:02:9C:61:97:4B,11,17,166.0,,,,,80:02:9C:61:97:4A,0,0,NONE,2026-08-26T14:43:04.535354
45917,BEACON,-58,39,0,171,65292,42840,3282979,0,99,9,0,0,14:33:5C:6D:AF:58,0,0,ARMED,72.0,0,1,80:02:9C:61:97:4B,11,12,117.5,,,,,80:02:9C:61:97:4A,0,0,NONE,2026-08-26T14:43:04.944354
45917,,-72,25,3395,4079,65292,42840,3283092,0,99,9,0,0,14:33:5C:6D:AF:58,0,1,ARMED,72.0,0,1,80:02:9C:61:97:4B,11,4,367.8,,,,,80:02:9C:61:97:4A,0,0,NONE,2026-08-26T14:43:05.057354
45917,,-96,1,0,3826,65292,42840,3283385,0,99,9,0,0,14:33:5C:6D:AF:58,0,0,ARMED,72.0,0,1,80:02:9C:61:97:4B,11,14,142.2,,,,,80:02:9C:61:97:4A,0,0,NONE,2026-08-26T14:43:05.350354
45917,,-59,38,149,80,65292,42840,3283579,0,99,9,0,0,14:33:5C:6D:AF:58,1,1,ARMED,72.0,0,0,80:02:9C:61:97:4B,11,23,298.7,,,,,80:02:9C:61:97:4A,0,0,NONE,2026-08-26T14:43:05.544354
45917,BEACON,-94,3,2221,1474,65292,42840,3283756,0,99,9,0,0,14:33:5C:6D:AF:58,0,0,ARMED,72.0,0,1,80:02:9C:61:97:4B,11,16,326.7,,,,,80:02:9C:61:97:4A,0,0,NONE,2026-08-26T14:43:05.721354
45917,,-77,20,0,1960,63864,42840,3283967,0,99,9,0,0,14:33:5C:6D:AF:58,0,0,ARMED,72.0,0,0,80:02:9C:61:97:4B,11,17,310.6,,,,,80:02:9C:61:97:4A,0,0,NONE,2026-08-26T14:43:05.932354
45917,,-59,38,10056,116,65292,42840,3284102,0,99,9,0,0,14:33:5C:6D:AF:58,0,1,ARMED,72.0,0,1,80:02:9C:61:97:4B,11,30,344.6,,,,,80:02:9C:61:97:4A,0,0,NONE,2026-08-26T14:43:06.067354
45917,,-71,26,1336,4085,65292,42840,3284353,0,99,9,0,0,14:33:5C:6D:AF:58,0,0,ARMED,72.0,0,1,80:02:9C:61:97:4B,11,8,262.4,,,,,80:02:9C:61:97:4A,0,0,NONE,2026-08-26T14:43:06.318354
45917,,-90,7,2749,2679,65292,42840,3284515,0,99,9,0,0,14:33:5C:6D:AF:58,0,1,ARMED,72.0,0,1,80:02:9C:61:97:4B,11,20,219.8,,,,,80:02:9C:61:97:4A,0,0,NONE,2026-08-26T14:43:06.480354
45917,,67,67,0,0,65292,42840,3284776,0,99,9,0,0,14:33:5C:6D:AF:58,0,0,ARMED,72.0,0,1,80:02:9C:61:97:4B,11,6,245.3,,,,,80:02:9C:61:97:4A,0,0,NONE,2026-08-26T14:43:06.741354
45917,,-89,8,5687,3834,65292,42840,3285051,0,99,9,0,0,14:33:5C:6D:AF:58,1,0,ARMED,72.0,0,1,80:02:9C:61:97:4B,11,17,197.0,,,,,80:02:9C:61:97:4A,0,0,NONE,2026-08-26T14:43:07.016354
45917,,44,44,0,4,65292,42840,3285229,0,99,9,0,0,14:33:5C:6D:AF:58,0,1,ARMED,72.0,0,1,80:02:9C:61:97:4B,11,10,169.5,,,,,80:02:9C:61:97:4A,0,0,NONE,2026-08-26T14:43:07.194354
45917,,-83,14,0,3641,65292,42840,3285593,0,99,9,0,0,14:33:5C:6D:AF:58,0,0,ARMED,72.0,0,0,80:02:9C:61:97:4B,11,3,243.5,,,,,80:02:9C:61:97:4A,0,0,NONE,2026-08-26T14:43:07.558354
45917,BEACON,-83,14,0,3722,65292,42840,3285888,0,99,9,0,0,14:33:5C:6D:AF:58,0,0,ARMED,72.0,0,1,80:02:9C:61:97:4B,11,18,174.7,,,,,80:02:9C:61:97:4A,0,0,NONE,2026-08-26T14:43:07.853354
45917,,6,6,0,0,65292,42840,3286104,0,99,9,0,0,14:33:5C:6D:AF:58,0,0,ARMED,72.0,0,1,80:02:9C:61:97:4B,11,3,250.8,,,,,80:02:9C:61:97:4A,0,0,NONE,2026-08-26T14:43:08.069354
45917,BEACON,-88,9,0,1450,65292,42840,3286477,0,99,9,0,0,14:33:5C:6D:AF:58,0,0,ARMED,72.0,0,1,80:02:9C:61:97:4B,11,10,127.9,,,,,80:02:9C:61:97:4A,0,0,NONE,2026-08-26T14:43:08.442354
45917,BEACON,-92,5,0,1487,65292,42840,3286778,0,99,9,0,0,14:33:5C:6D:AF:58,0,0,ARMED,72.0,0,1,80:02:9C:61:97:4B,11,7,96.5,,,,,80:02:9C:61:97:4A,0,0,NONE,2026-08-26T14:43:08.743354
45917,BEACON,-88,9,0,2331,65292,42840,3287080,0,99,9,0,0,14:33:5C:6D:AF:58,0,0,ARMED,72.0,0,1,80:02:9C:61:97:4B,11,6,89.9,,,,,80:02:9C:61:97:4A,0,0,NONE,2026-08-26T14:43:09.045354
45917,,-52,45,5818,130,65292,42840,3287257,0,99,9,0,0,14:33:5C:6D:AF:58,0,0,ARMED,72.0,0,0,80:02:9C:61:97:4B,11,17,411.3,,,,,80:02:9C:61:97:4A,0,0,NONE,2026-08-26T14:43:09.222354
45917,BEACON,-57,40,0,218,65292,42840,3287485,0,99,9,0,0,14:33:5C:6D:AF:58,0,0,ARMED,72.0,0,1,80:02:9C:61:97:4B,11,6,118.3,,,,,80:02:9C:61:97:4A,0,0,NONE,2026-08-26T14:43:09.450354
45917,,6,6,0,0,65292,42840,3287744,0,99,9,0,0,14:33:5C:6D:AF:58,0,0,ARMED,72.0,0,1,80:02:9C:61:97:4B,11,25,243.0,,,,,80:02:9C:61:97:4A,0,0,NONE,2026-08-26T14:43:09.709354
45917,BEACON,-88,9,0,1465,65292,42840,3288013,0,99,9,0,0,14:33:5C:6D:AF:58,0,0,ARMED,72.0,0,0,80:02:9C:61:97:4B,11,10,339.2,,,,,80:02:9C:61:97:4A,0,0,NONE,2026-08-26T14:43:09.978354
45917,,-83,14,0,3649,65292,42840,3288361,0,99,9,0,0,14:33:5C:6D:AF:58,0,0,ARMED,72.0,0,0,80:02:9C:61:97:4B,11,16,245.5,,,,,80:02:9C:61:97:4A,0,0,NONE,2026-08-26T14:43:10.326354
45917,BEACON,-85,12,0,3749,65292,42840,3288652,0,99,9,0,0,14:33:5C:6D:AF:58,0,0,ARMED,72.0,0,1,80:02:9C:61:97:4B,11,8,165.7,,,,,80:02:9C:61:97:4A,0,0,NONE,2026-08-26T14:43:10.617354
45917,MGMT_OTHER,-92,5,18886,3911,65292,42840,3288859,0,99,9,0,0,14:33:5C:6D:AF:58,0,0,ARMED,72.0,0,1,80:02:9C:61:97:4B,11,10,197.7,,,,,80:02:9C:61:97:4A,0,0,NONE,2026-08-26T14:43:10.824354
45917,,-59,38,0,199,63560,42840,3289035,0,99,9,0,0,14:33:5C:6D:AF:58,0,1,ARMED,72.0,0,0,80:02:9C:61:97:4B,11,14,663.0,,,,,80:02:9C:61:97:4A,0,0,NONE,2026-08-26T14:43:11.000354
45917,,-84,13,0,3731,65292,42840,3289260,0,99,9,0,0,14:33:5C:6D:AF:58,1,0,ARMED,72.0,0,1,80:02:9C:61:97:4B,11,11,261.5,,,,,80:02:9C:61:97:4A,0,0,NONE,2026-08-26T14:43:11.225354
45917,,-88,9,6190,3906,65292,42840,3289520,0,99,9,0,0,14:33:5C:6D:AF:58,0,0,ARMED,72.0,0,1,80:02:9C:61:97:4B,11,19,195.5,,,,,80:02:9C:61:97:4A,0,0,NONE,2026-08-26T14:43:11.485354
45917,,-88,9,13730,1552,65292,42840,3289738,0,99,9,0,0,14:33:5C:6D:AF:58,0,0,ARMED,72.0,0,1,80:02:9C:61:97:4B,11,2,243.4,,,,,80:02:9C:61:97:4A,0,0,NONE,2026-08-26T14:43:11.703354
45917,,-59,38,292,227,65292,42840,3289995,0,99,9,0,0,14:33:5C:6D:AF:58,0,0,ARMED,72.0,0,0,80:02:9C:61:97:4B,11,16,264.8,,,,,80:02:9C:61:97:4A,0,0,NONE,2026-08-26T14:43:11.960354
45917,,-86,11,0,3742,65292,42840,3290182,0,99,9,0,0,14:33:5C:6D:AF:58,1,1,ARMED,72.0,0,1,80:02:9C:61:97:4B,11,11,259.6,,,,,80:02:9C:61:97:4A,0,0,NONE,2026-08-26T14:43:12.147354
45917,PROBE_REQ,-90,7,7889,0,65292,42840,3290474,0,99,9,0,0,14:33:5C:6D:AF:58,0,0,ARMED,72.0,0,0,80:02:9C:61:97:4B,11,5,184.2,,,,,80:02:9C:61:97:4A,0,0,NONE,2026-08-26T14:43:12.439354
45917,BEACON,-91,6,0,1526,65292,42840,3290772,0,99,9,0,0,14:33:5C:6D:AF:58,1,1,ARMED,72.0,0,1,80:02:9C:61:97:4B,11,3,162.8,,,,,80:02:9C:61:97:4A,0,0,NONE,2026-08-26T14:43:12.737354
45917,BEACON,-57,40,0,256,65292,42840,3291069,0,99,9,0,0,14:33:5C:6D:AF:58,0,0,ARMED,72.0,0,1,80:02:9C:61:97:4B,11,1,130.9,,,,,80:02:9C:61:97:4A,0,0,NONE,2026-08-26T14:43:13.034354
45917,,-73,24,958,6,65292,42840,3291313,0,99,9,0,0,14:33:5C:6D:AF:58,0,0,ARMED,72.0,0,0,80:02:9C:61:97:4B,11,19,404.1,,,,,80:02:9C:61:97:4A,0,0,NONE,2026-08-26T14:43:13.278354
45917,BEACON,-87,10,0,3217,65292,42840,3291675,0,99,9,0,0,14:33:5C:6D:AF:58,0,0,ARMED,72.0,0,1,80:02:9C:61:97:4B,11,13,127.0,,,,,80:02:9C:61:97:4A,0,0,NONE,2026-08-26T14:43:13.640354
45917,BEACON,-83,14,0,3781,65292,42840,3291929,0,99,9,0,0,14:33:5C:6D:AF:58,0,1,ARMED,72.0,0,1,80:02:9C:61:97:4B,11,7,144.5,,,,,80:02:9C:61:97:4A,0,0,NONE,2026-08-26T14:43:13.894354
45917,,-74,23,4459,8,65292,42840,3292202,0,99,9,0,0,14:33:5C:6D:AF:58,0,0,ARMED,72.0,0,1,80:02:9C:61:97:4B,11,17,1133.7,,,,,80:02:9C:61:97:4A,0,0,NONE,2026-08-26T14:43:14.167354
45917,BEACON,-85,12,0,101,65292,42840,3292535,0,99,9,0,0,14:33:5C:6D:AF:58,0,0,ARMED,72.0,0,1,80:02:9C:61:97:4B,11,6,148.0,,,,,80:02:9C:61:97:4A,0,0,NONE,2026-08-26T14:43:14.500354
45917,,-52,45,326,1062,65292,42840,3292783,0,99,9,0,0,14:33:5C:6D:AF:58,0,0,ARMED,72.0,0,1,80:02:9C:61:97:4B,11,25,300.5,,,,,80:02:9C:61:97:4A,0,0,NONE,2026-08-26T14:43:14.748354
45917,BEACON,-86,11,0,2392,65292,42840,3293019,0,99,9,0,0,14:33:5C:6D:AF:58,0,0,ARMED,72.0,0,1,80:02:9C:61:97:4B,11,3,237.6,,,,,80:02:9C:61:97:4A,0,0,NONE,2026-08-26T14:43:14.984354
45917,BEACON,-94,3,0,2807,65292,42840,3293284,0,99,9,0,0,14:33:5C:6D:AF:58,0,0,ARMED,72.0,0,1,80:02:9C:61:97:4B,11,10,138.2,,,,,80:02:9C:61:97:4A,0,0,NONE,2026-08-26T14:43:15.249354
45917,,-59,38,0,284,65292,42840,3293455,0,99,9,0,0,14:33:5C:6D:AF:58,0,0,ARMED,72.0,0,0,80:02:9C:61:97:4B,11,30,763.6,,,,,80:02:9C:61:97:4A,0,0,NONE,2026-08-26T14:43:15.420354
45917,,-88,9,14405,0,65292,42840,3293719,0,99,9,0,0,14:33:5C:6D:AF:58,0,0,ARMED,72.0,0,0,80:02:9C:61:97:4B,11,11,111.7,,,,,80:02:9C:61:97:4A,0,0,NONE,2026-08-26T14:43:15.684354
45917,,-75,22,18753,14,65292,42840,3293978,0,99,9,0,0,14:33:5C:6D:AF:58,0,0,ARMED,72.0,0,1,80:02:9C:61:97:4B,11,11,220.5,,,,,80:02:9C:61:97:4A,0,0,NONE,2026-08-26T14:43:15.943354
45917,,-52,45,3635,288,64936,42840,3294182,0,99,9,0,0,14:33:5C:6D:AF:58,0,0,ARMED,72.0,0,1,80:02:9C:61:97:4B,11,18,369.2,,,,,80:02:9C:61:97:4A,0,0,NONE,2026-08-26T14:43:16.147354
45917,,-52,45,0,1074,65292,42840,3294426,0,99,9,0,0,14:33:5C:6D:AF:58,1,0,ARMED,72.0,0,1,80:02:9C:61:97:4B,11,14,158.1,,,,,80:02:9C:61:97:4A,0,0,NONE,2026-08-26T14:43:16.391354
45917,BEACON,-88,9,0,1531,65292,42840,3294771,0,99,9,0,0,14:33:5C:6D:AF:58,0,0,ARMED,72.0,0,1,80:02:9C:61:97:4B,11,3,181.8,,,,,80:02:9C:61:97:4A,0,0,NONE,2026-08-26T14:43:16.736354
45917,,-84,13,0,3687,65292,42840,3295103,0,99,9,0,0,14:33:5C:6D:AF:58,0,0,ARMED,72.0,0,1,80:02:9C:61:97:4B,11,7,170.3,,,,,80:02:9C:61:97:4A,0,0,NONE,2026-08-26T14:43:17.068354
45917,,-53,44,674,1078,65292,42840,3295381,0,99,9,0,0,14:33:5C:6D:AF:58,0,0,ARMED,72.0,0,0,80:02:9C:61:97:4B,11,6,532.5,,,,,80:02:9C:61:97:4A,0,0,NONE,2026-08-26T14:43:17.346354
45917,,-84,13,0,3772,65292,42840,3295614,0,99,9,0,0,14:33:5C:6D:AF:58,0,0,ARMED,72.0,0,0,80:02:9C:61:97:4B,11,8,202.2,,,,,80:02:9C:61:97:4A,0,0,NONE,2026-08-26T14:43:17.579354
45917,BEACON,-99,-2,0,1591,65220,42840,3295736,0,99,9,0,0,14:33:5C:6D:AF:58,0,0,ARMED,72.0,0,1,80:02:9C:61:97:4B,11,35,588.2,,,,,80:02:9C:61:97:4A,0,0,NONE,2026-08-26T14:43:17.701354
45917,,-91,6,353,0,65292,42840,3296084,0,99,9,0,0,14:33:5C:6D:AF:58,0,0,ARMED,72.0,0,0,80:02:9C:61:97:4B,11,10,105.2,,,,,80:02:9C:61:97:4A,0,0,NONE,2026-08-26T14:43:18.049354
45917,,-52,45,403,231,65292,42840,3296387,0,99,9,0,0,14:33:5C:6D:AF:58,0,0,ARMED,72.0,0,1,80:02:9C:61:97:4B,11,11,142.2,,,,,80:02:9C:61:97:4A,0,0,NONE,2026-08-26T14:43:18.352354
45917,,4,4,0,0,65292,42840,3296632,0,99,9,0,0,14:33:5C:6D:AF:58,1,1,ARMED,72.0,0,1,80:02:9C:61:97:4B,11,5,322.2,,,,,80:02:9C:61:97:4A,0,0,NONE,2026-08-26T14:43:18.597354
45917,,-52,45,759,238,65292,42840,3296850,0,99,9,0,0,14:33:5C:6D:AF:58,0,0,ARMED,72.0,0,0,80:02:9C:61:97:4B,11,21,833.6,,,,,80:02:9C:61:97:4A,0,0,NONE,2026-08-26T14:43:18.815354
45917,,-58,39,138,793,65292,42840,3297019,0,99,9,0,0,14:33:5C:6D:AF:58,0,1,ARMED,72.0,0,0,80:02:9C:61:97:4B,11,23,262.0,,,,,80:02:9C:61:97:4A,0,0,NONE,2026-08-26T14:43:18.984354
45917,BEACON,-92,5,122,323,65292,42840,3297265,0,99,9,0,0,14:33:5C:6D:AF:58,0,0,ARMED,72.0,0,1,80:02:9C:61:97:4B,11,5,249.2,,,,,80:02:9C:61:97:4A,0,0,NONE,2026-08-26T14:43:19.230354
45917,,-90,7,57248,1541,65292,42840,3297599,0,99,9,0,0,14:33:5C:6D:AF:58,0,0,ARMED,72.0,0,1,80:02:9C:61:97:4B,11,5,108.3,,,,,80:02:9C:61:97:4A,0,0,NONE,2026-08-26T14:43:19.564354
45917,BEACON,-89,8,0,1561,65292,42840,3297843,0,99,9,0,0,14:33:5C:6D:AF:58,0,0,ARMED,72.0,0,0,80:02:9C:61:97:4B,11,16,186.1,,,,,80:02:9C:61:97:4A,0,0,NONE,2026-08-26T14:43:19.808354
45917,,-52,45,392,1090,65292,42840,3297983,0,99,9,0,0,14:33:5C:6D:AF:58,0,1,ARMED,72.0,0,0,80:02:9C:61:97:4B,11,12,586.1,,,,,80:02:9C:61:97:4A,0,0,NONE,2026-08-26T14:43:19.948354
45917,,-74,23,265,34,65292,42840,3298141,0,99,9,0,0,14:33:5C:6D:AF:58,0,1,ARMED,72.0,0,0,80:02:9C:61:97:4B,11,22,281.8,,,,,80:02:9C:61:97:4A,0,0,NONE,2026-08-26T14:43:20.106354
45917,,-89,8,12202,0,65292,42840,3298273,0,99,9,0,0,14:33:5C:6D:AF:58,0,0,ARMED,72.0,0,0,80:02:9C:61:97:4B,11,2,492.0,,,,,80:02:9C:61:97:4A,0,0,NONE,2026-08-26T14:43:20.238354
45917,,-52,45,0,1107,65292,42840,3298455,0,99,9,0,0,14:33:5C:6D:AF:58,0,0,ARMED,72.0,0,0,80:02:9C:61:97:4B,11,28,335.3,,,,,80:02:9C:61:97:4A,0,0,NONE,2026-08-26T14:43:20.420354
45917,,-75,22,2312,2017,65292,42840,3298543,0,99,9,0,0,14:33:5C:6D:AF:58,0,1,ARMED,72.0,0,0,80:02:9C:61:97:4B,11,43,627.0,,,,,80:02:9C:61:97:4A,0,0,NONE,2026-08-26T14:43:20.508354
45917,,-76,21,0,2036,65292,42840,3298571,0,99,9,0,0,14:33:5C:6D:AF:58,0,1,ARMED,72.0,0,0,80:02:9C:61:97:4B,11,93,960.2,,,,,80:02:9C:61:97:4A,0,0,NONE,2026-08-26T14:43:20.536354
45917,,-75,22,2532,52,65292,42840,3298608,0,99,9,0,0,14:33:5C:6D:AF:58,0,1,ARMED,72.0,0,1,80:02:9C:61:97:4B,11,43,1274.8,,,,,80:02:9C:61:97:4A,0,0,NONE,2026-08-26T14:43:20.573354
45917,,-77,20,0,2053,56828,42840,3298649,0,99,9,0,0,14:33:5C:6D:AF:58,0,1,ARMED,72.0,0,0,80:02:9C:61:97:4B,11,93,1249.4,,,,,80:02:9C:61:97:4A,0,0,NONE,2026-08-26T14:43:20.614354
45917,,-82,15,496,0,64588,42840,3298655,0,99,9,0,0,14:33:5C:6D:AF:58,0,1,ARMED,72.0,0,0,80:02:9C:61:97:4B,11,143,1760.2,,,,,80:02:9C:61:97:4A,0,0,NONE,2026-08-26T14:43:20.620354
45917,BEACON,-84,13,0,3848,65292,42840,3298789,0,99,9,0,0,14:33:5C:6D:AF:58,0,0,ARMED,72.0,0,1,80:02:9C:61:97:4B,11,3,381.5,,,,,80:02:9C:61:97:4A,0,0,NONE,2026-08-26T14:43:20.754354
45917,,-91,6,38341,3156,65292,42840,3299038,0,99,9,0,0,14:33:5C:6D:AF:58,1,1,ARMED,72.0,0,1,80:02:9C:61:97:4B,11,10,194.1,,,,,80:02:9C:61:97:4A,0,0,NONE,2026-08-26T14:43:21.003354
45917,,-76,21,220,68,65292,42840,3299146,0,99,9,0,0,14:33:5C:6D:AF:58,1,1,ARMED,72.0,0,0,80:02:9C:61:97:4B,11,30,524.3,,,,,80:02:9C:61:97:4A,0,0,NONE,2026-08-26T14:43:21.111354
45917,,-59,38,292,360,65292,42840,3299250,0,99,9,0,0,14:33:5C:6D:AF:58,1,1,ARMED,72.0,0,0,80:02:9C:61:97:4B,11,21,422.2,,,,,80:02:9C:61:97:4A,0,0,NONE,2026-08-26T14:43:21.215354
45917,,-52,45,224,1195,65220,42840,3299331,0,99,9,0,0,14:33:5C:6D:AF:58,1,1,ARMED,72.0,0,1,80:02:9C:61:97:4B,11,15,519.8,,,,,80:02:9C:61:97:4A,0,0,NONE,2026-08-26T14:43:21.296354
45917,,-74,23,220,78,65292,42840,3299410,0,99,9,0,0,14:33:5C:6D:AF:58,1,1,ARMED,72.0,0,0,80:02:9C:61:97:4B,11,6,907.9,,,,,80:02:9C:61:97:4A,0,0,NONE,2026-08-26T14:43:21.375354
45917,,-75,22,202,80,65292,42840,3299481,0,99,9,0,0,14:33:5C:6D:AF:58,1,1,ARMED,72.0,0,0,80:02:9C:61:97:4B,11,56,720.5,,,,,80:02:9C:61:97:4A,0,0,NONE,2026-08-26T14:43:21.446354
45917,BEACON,-90,7,0,1095,65292,42840,3299579,0,99,9,0,0,14:33:5C:6D:AF:58,1,1,ARMED,72.0,0,1,80:02:9C:61:97:4B,11,32,437.9,,,,,80:02:9C:61:97:4A,0,0,NONE,2026-08-26T14:43:21.544354
45917,,-89,8,8498,0,65292,42840,3299741,0,99,9,0,0,14:33:5C:6D:AF:58,1,1,ARMED,72.0,0,0,80:02:9C:61:97:4B,11,8,239.7,,,,,80:02:9C:61:97:4A,0,0,NONE,2026-08-26T14:43:21.706354
45917,,-75,22,4629,93,65292,42840,3299862,0,99,9,0,0,14:33:5C:6D:AF:58,0,1,ARMED,72.0,0,1,80:02:9C:61:97:4B,11,11,210.0,,,,,80:02:9C:61:97:4A,0,0,NONE,2026-08-26T14:43:21.827354
45917,BEACON,-57,40,0,348,65292,42840,3299980,0,99,9,0,0,14:33:5C:6D:AF:58,0,1,ARMED,72.0,0,1,80:02:9C:61:97:4B,11,8,116.7,,,,,80:02:9C:61:97:4A,0,0,NONE,2026-08-26T14:43:21.945354
45917,,-90,7,131,0,65292,42840,3300259,0,99,9,0,0,14:33:5C:6D:AF:58,0,0,ARMED,72.0,0,0,80:02:9C:61:97:4B,11,6,151.2,,,,,80:02:9C:61:97:4A,0,0,NONE,2026-08-26T14:43:22.224354
45917,,-59,38,0,388,65292,42840,3300406,0,99,9,0,0,14:33:5C:6D:AF:58,0,0,ARMED,72.0,0,0,80:02:9C:61:97:4B,11,41,484.8,,,,,80:02:9C:61:97:4A,0,0,NONE,2026-08-26T14:43:22.371354
45917,BEACON,-57,40,0,355,65292,42840,3300592,0,99,9,0,0,14:33:5C:6D:AF:58,0,0,ARMED,72.0,0,0,80:02:9C:61:97:4B,11,27,411.1,,,,,80:02:9C:61:97:4A,0,0,NONE,2026-08-26T14:43:22.557354
45917,,-75,22,175,100,65292,42840,3300904,0,99,9,0,0,14:33:5C:6D:AF:58,0,0,ARMED,72.0,0,0,80:02:9C:61:97:4B,11,12,253.3,,,,,80:02:9C:61:97:4A,0,0,NONE,2026-08-26T14:43:22.869354
45917,BEACON,-89,8,29197,3310,65292,42840,3301199,0,99,9,0,0,14:33:5C:6D:AF:58,0,0,ARMED,72.0,0,1,80:02:9C:61:97:4B,11,3,81.1,,,,,80:02:9C:61:97:4A,0,0,NONE,2026-08-26T14:43:23.164354
45917,,-85,12,18299,3795,65292,42840,3301578,0,99,9,0,0,14:33:5C:6D:AF:58,0,0,ARMED,72.0,0,1,80:02:9C:61:97:4B,11,14,139.3,,,,,80:02:9C:61:97:4A,0,0,NONE,2026-08-26T14:43:23.543354
45917,PROBE_RESP,-58,39,0,369,65292,42840,3301841,0,99,9,0,0,14:33:5C:6D:AF:58,0,0,ARMED,72.0,0,0,80:02:9C:61:97:4B,11,10,215.6,,,,,80:02:9C:61:97:4A,0,0,NONE,2026-08-26T14:43:23.806354
45917,,-91,6,629,0,65292,42840,3301977,0,99,9,0,0,14:33:5C:6D:AF:58,0,1,ARMED,72.0,0,0,80:02:9C:61:97:4B,11,31,402.6,,,,,80:02:9C:61:97:4A,0,0,NONE,2026-08-26T14:43:23.942354
45917,,-76,21,0,113,65292,42840,3302045,0,99,9,0,0,14:33:5C:6D:AF:58,1,1,ARMED,72.0,0,0,80:02:9C:61:97:4B,11,27,613.5,,,,,80:02:9C:61:97:4A,0,0,NONE,2026-08-26T14:43:24.010354
45917,,-74,23,0,118,65292,42840,3302104,0,99,9,0,0,14:33:5C:6D:AF:58,1,1,ARMED,72.0,0,0,80:02:9C:61:97:4B,11,2,898.1,,,,,80:02:9C:61:97:4A,0,0,NONE,2026-08-26T14:43:24.069354
45917,,-74,23,0,64,65292,42840,3302178,0,99,9,0,0,14:33:5C:6D:AF:58,1,1,ARMED,72.0,0,0,80:02:9C:61:97:4B,11,52,677.7,,,,,80:02:9C:61:97:4A,0,0,NONE,2026-08-26T14:43:24.143354
45917,,-74,23,0,124,65292,42840,3302285,0,99,9,0,0,14:33:5C:6D:AF:58,1,1,ARMED,72.0,0,0,80:02:9C:61:97:4B,11,25,307.2,,,,,80:02:9C:61:97:4A,0,0,NONE,2026-08-26T14:43:24.250354
45917,,-73,24,0,125,65292,42840,3302326,0,99,9,0,0,14:33:5C:6D:AF:58,1,1,ARMED,72.0,0,0,80:02:9C:61:97:4B,11,25,1122.8,,,,,80:02:9C:61:97:4A,0,0,NONE,2026-08-26T14:43:24.291354
45917,,-73,24,0,66,65292,42840,3302417,0,99,9,0,0,14:33:5C:6D:AF:58,0,1,ARMED,72.0,0,0,80:02:9C:61:97:4B,11,14,1137.9,,,,,80:02:9C:61:97:4A,0,0,NONE,2026-08-26T14:43:24.382354
45917,,-85,12,0,3736,65292,42840,3302682,0,99,9,0,0,14:33:5C:6D:AF:58,0,0,ARMED,72.0,0,0,80:02:9C:61:97:4B,11,11,189.1,,,,,80:02:9C:61:97:4A,0,0,NONE,2026-08-26T14:43:24.647354
45917,,-59,38,698,418,65292,42840,3302917,0,99,9,0,0,14:33:5C:6D:AF:58,0,0,ARMED,72.0,0,1,80:02:9C:61:97:4B,11,25,313.8,,,,,80:02:9C:61:97:4A,0,0,NONE,2026-08-26T14:43:24.882354
45917,BEACON,-90,7,0,1614,65292,42840,3303271,0,99,9,0,0,14:33:5C:6D:AF:58,0,0,ARMED,72.0,0,0,80:02:9C:61:97:4B,11,4,165.2,,,,,80:02:9C:61:97:4A,0,0,NONE,2026-08-26T14:43:25.236354
45917,BEACON,-95,2,0,2908,65292,42840,3303625,0,99,9,0,0,14:33:5C:6D:AF:58,0,0,ARMED,72.0,0,1,80:02:9C:61:97:4B,11,14,196.1,,,,,80:02:9C:61:97:4A,0,0,NONE,2026-08-26T14:43:25.590354
45917,,-59,38,292,438,65292,42840,3303813,0,99,9,0,0,14:33:5C:6D:AF:58,0,0,ARMED,72.0,0,0,80:02:9C:61:97:4B,11,29,530.5,,,,,80:02:9C:61:97:4A,0,0,NONE,2026-08-26T14:43:25.778354
45917,,-74,23,202,130,65292,42840,3303910,0,99,9,0,0,14:33:5C:6D:AF:58,1,1,ARMED,72.0,0,0,80:02:9C:61:97:4B,11,20,403.1,,,,,80:02:9C:61:97:4A,0,0,NONE,2026-08-26T14:43:25.875354
45917,,-74,23,1448,135,65292,42840,3304003,0,99,9,0,0,14:33:5C:6D:AF:58,1,1,ARMED,72.0,0,1,80:02:9C:61:97:4B,11,14,349.4,,,,,80:02:9C:61:97:4A,0,0,NONE,2026-08-26T14:43:25.968354
45917,,5,5,0,0,65292,42840,3304204,0,99,9,0,0,14:33:5C:6D:AF:58,1,0,ARMED,72.0,0,1,80:02:9C:61:97:4B,11,7,192.5,,,,,80:02:9C:61:97:4A,0,0,NONE,2026-08-26T14:43:26.169354
45917,,-88,9,0,0,65292,42840,3304557,0,99,9,0,0,14:33:5C:6D:AF:58,0,0,ARMED,72.0,0,0,80:02:9C:61:97:4B,11,12,146.0,,,,,80:02:9C:61:97:4A,0,0,NONE,2026-08-26T14:43:26.522354
45917,MGMT_OTHER,-90,7,2666,0,65292,42840,3304918,0,99,9,0,0,14:33:5C:6D:AF:58,0,0,ARMED,72.0,0,0,80:02:9C:61:97:4B,11,5,196.2,,,,,80:02:9C:61:97:4A,0,0,NONE,2026-08-26T14:43:26.883354
45917,,3,3,0,0,65292,42840,3305211,0,99,9,0,0,14:33:5C:6D:AF:58,0,0,ARMED,72.0,0,1,80:02:9C:61:97:4B,11,7,593.3,,,,,80:02:9C:61:97:4A,0,0,NONE,2026-08-26T14:43:27.176354
45917,BEACON,-94,3,633,405,65292,42840,3305594,0,99,9,0,0,14:33:5C:6D:AF:58,0,0,ARMED,72.0,0,1,80:02:9C:61:97:4B,11,12,136.9,,,,,80:02:9C:61:97:4A,0,0,NONE,2026-08-26T14:43:27.559354
45917,BEACON,-95,2,0,1691,65292,42840,3305977,0,99,9,0,0,14:33:5C:6D:AF:58,0,0,ARMED,72.0,0,1,80:02:9C:61:97:4B,11,7,126.9,,,,,80:02:9C:61:97:4A,0,0,NONE,2026-08-26T14:43:27.942354
45917,BEACON,-56,41,6448,420,65292,42840,3306224,0,99,9,0,0,14:33:5C:6D:AF:58,0,0,ARMED,72.0,0,1,80:02:9C:61:97:4B,11,27,277.0,,,,,80:02:9C:61:97:4A,0,0,NONE,2026-08-26T14:43:28.189354
45917,BEACON,-90,7,0,3366,65292,42840,3306626,0,99,9,0,0,14:33:5C:6D:AF:58,0,0,ARMED,72.0,0,1,80:02:9C:61:97:4B,11,10,111.3,,,,,80:02:9C:61:97:4A,0,0,NONE,2026-08-26T14:43:28.591354
45917,BEACON,-83,14,1096,241,65292,42840,3306871,0,99,9,0,0,14:33:5C:6D:AF:58,1,0,ARMED,72.0,0,1,80:02:9C:61:97:4B,11,4,178.2,,,,,80:02:9C:61:97:4A,0,0,NONE,2026-08-26T14:43:28.836354
45917,,-83,14,0,474,65292,42840,3307090,0,99,9,0,0,14:33:5C:6D:AF:58,0,0,ARMED,72.0,0,0,80:02:9C:61:97:4B,11,10,274.0,,,,,80:02:9C:61:97:4A,0,0,NONE,2026-08-26T14:43:29.055354
45917,,-59,38,292,487,65292,42840,3307278,0,99,9,0,0,14:33:5C:6D:AF:58,1,0,ARMED,72.0,0,0,80:02:9C:61:97:4B,11,11,833.8,,,,,80:02:9C:61:97:4A,0,0,NONE,2026-08-26T14:43:29.243354
45917,,-91,6,20663,0,65292,42840,3307499,0,99,9,0,0,14:33:5C:6D:AF:58,0,0,ARMED,72.0,0,0,80:02:9C:61:97:4B,11,4,133.2,,,,,80:02:9C:61:97:4A,0,0,NONE,2026-08-26T14:43:29.464354
45917,BEACON,-84,13,0,250,65292,42840,3307793,0,99,9,0,0,14:33:5C:6D:AF:58,0,0,ARMED,72.0,0,1,80:02:9C:61:97:4B,11,2,120.9,,,,,80:02:9C:61:97:4A,0,0,NONE,2026-08-26T14:43:29.758354
45917,BEACON,-85,12,134,1995,65292,42840,3308001,0,99,9,0,0,14:33:5C:6D:AF:58,0,0,ARMED,72.0,0,1,80:02:9C:61:97:4B,11,5,245.4,,,,,80:02:9C:61:97:4A,0,0,NONE,2026-08-26T14:43:29.966354
45917,,-83,14,0,3828,65292,42840,3308308,0,99,9,0,0,14:33:5C:6D:AF:58,0,0,ARMED,72.0,0,0,80:02:9C:61:97:4B,11,3,312.8,,,,,80:02:9C:61:97:4A,0,0,NONE,2026-08-26T14:43:30.273354
45917,BEACON,-91,6,13165,435,65292,42840,3308605,0,99,9,0,0,14:33:5C:6D:AF:58,0,0,ARMED,72.0,0,1,80:02:9C:61:97:4B,11,13,129.4,,,,,80:02:9C:61:97:4A,0,0,NONE,2026-08-26T14:43:30.570354
45917,BEACON,-84,13,0,261,65292,42840,3308919,0,99,9,0,0,14:33:5C:6D:AF:58,0,0,ARMED,72.0,0,1,80:02:9C:61:97:4B,11,1,96.0,,,,,80:02:9C:61:97:4A,0,0,NONE,2026-08-26T14:43:30.884354
45917,BEACON,-88,9,0,3391,65292,42840,3309186,0,99,9,0,0,14:33:5C:6D:AF:58,0,0,ARMED,72.0,0,1,80:02:9C:61:97:4B,11,14,226.3,,,,,80:02:9C:61:97:4A,0,0,NONE,2026-08-26T14:43:31.151354
45917,BEACON,-87,10,0,1708,65292,42840,3309409,0,99,9,0,0,14:33:5C:6D:AF:58,1,0,ARMED,72.0,0,1,80:02:9C:61:97:4B,11,13,162.4,,,,,80:02:9C:61:97:4A,0,0,NONE,2026-08-26T14:43:31.374354
45917,BEACON,-95,2,7368,2967,65292,42840,3309673,0,99,9,0,0,14:33:5C:6D:AF:58,0,0,ARMED,72.0,0,1,80:02:9C:61:97:4B,11,4,118.2,,,,,80:02:9C:61:97:4A,0,0,NONE,2026-08-26T14:43:31.638354
45917,,-75,22,18072,165,65276,42840,3309921,0,99,9,0,0,14:33:5C:6D:AF:58,0,0,ARMED,72.0,0,1,80:02:9C:61:97:4B,11,23,301.4,,,,,80:02:9C:61:97:4A,0,0,NONE,2026-08-26T14:43:31.886354
45917,,-52,45,0,1220,65292,42840,3309999,0,99,9,0,0,14:33:5C:6D:AF:58,0,1,ARMED,72.0,0,0,80:02:9C:61:97:4B,11,26,506.0,,,,,80:02:9C:61:97:4A,0,0,NONE,2026-08-26T14:43:31.964354
45917,,-73,24,369,169,65292,42840,3310046,0,99,9,0,0,14:33:5C:6D:AF:58,0,1,ARMED,72.0,0,0,80:02:9C:61:97:4B,11,76,771.3,,,,,80:02:9C:61:97:4A,0,0,NONE,2026-08-26T14:43:32.011354
45917,,-52,45,0,1288,65236,42840,3310087,0,99,9,0,0,14:33:5C:6D:AF:58,0,1,ARMED,72.0,0,0,80:02:9C:61:97:4B,11,49,1269.8,,,,,80:02:9C:61:97:4A,0,0,NONE,2026-08-26T14:43:32.052354
45917,MGMT_OTHER,-92,5,1029,0,65292,42840,3310138,0,99,9,0,0,14:33:5C:6D:AF:58,0,1,ARMED,72.0,0,0,80:02:9C:61:97:4B,11,99,1104.2,,,,,80:02:9C:61:97:4A,0,0,NONE,2026-08-26T14:43:32.103354
45917,,-52,45,0,1321,65292,42840,3310190,0,99,9,0,0,14:33:5C:6D:AF:58,0,1,ARMED,72.0,0,0,80:02:9C:61:97:4B,11,41,1057.1,,,,,80:02:9C:61:97:4A,0,0,NONE,2026-08-26T14:43:32.155354
45917,,-75,22,229,69,65292,42840,3310223,0,99,9,0,0,14:33:5C:6D:AF:58,0,1,ARMED,72.0,0,1,80:02:9C:61:97:4B,11,91,1279.9,,,,,80:02:9C:61:97:4A,0,0,NONE,2026-08-26T14:43:32.188354
45917,,-52,45,311,1368,65292,42840,3310293,0,99,9,0,0,14:33:5C:6D:AF:58,1,1,ARMED,72.0,0,0,80:02:9C:61:97:4B,11,25,670.7,,,,,80:02:9C:61:97:4A,0,0,NONE,2026-08-26T14:43:32.258354
45917,,-52,45,0,1436,65292,42840,3310313,0,99,9,0,0,14:33:5C:6D:AF:58,1,1,ARMED,72.0,0,0,80:02:9C:61:97:4B,11,75,1313.8,,,,,80:02:9C:61:97:4A,0,0,NONE,2026-08-26T14:43:32.278354
45917,,-53,44,379,1461,65292,42840,3310342,0,99,9,0,0,14:33:5C:6D:AF:58,1,1,ARMED,72.0,0,0,80:02:9C:61:97:4B,11,125,1449.2,,,,,80:02:9C:61:97:4A,0,0,NONE,2026-08-26T14:43:32.307354
45917,BEACON,-91,6,4173,453,65292,42840,3310411,0,99,9,0,0,14:33:5C:6D:AF:58,1,1,ARMED,72.0,0,1,80:02:9C:61:97:4B,11,49,923.3,,,,,80:02:9C:61:97:4A,0,0,NONE,2026-08-26T14:43:32.376354
45917,,-76,21,1408,2166,65276,42840,3310519,0,99,9,0,0,14:33:5C:6D:AF:58,1,1,ARMED,72.0,0,1,80:02:9C:61:97:4B,11,32,530.5,,,,,80:02:9C:61:97:4A,0,0,NONE,2026-08-26T14:43:32.484354
45917,BEACON,-84,13,0,2023,65292,42840,3310664,0,99,9,0,0,14:33:5C:6D:AF:58,0,1,ARMED,72.0,0,1,80:02:9C:61:97:4B,11,1,252.8,,,,,80:02:9C:61:97:4A,0,0,NONE,2026-08-26T14:43:32.629354
45917,,-59,38,292,548,65292,42840,3310758,0,99,9,0,0,14:33:5C:6D:AF:58,0,1,ARMED,72.0,0,0,80:02:9C:61:97:4B,11,51,517.7,,,,,80:02:9C:61:97:4A,0,0,NONE,2026-08-26T14:43:32.723354
45917,BEACON,-87,10,0,1723,65292,42840,3310945,0,99,9,0,0,14:33:5C:6D:AF:58,0,1,ARMED,72.0,0,1,80:02:9C:61:97:4B,11,10,187.8,,,,,80:02:9C:61:97:4A,0,0,NONE,2026-08-26T14:43:32.910354
45917,BEACON,-93,4,0,460,65292,42840,3311114,0,99,9,0,0,14:33:5C:6D:AF:58,0,1,ARMED,72.0,0,1,80:02:9C:61:97:4B,11,2,119.3,,,,,80:02:9C:61:97:4A,0,0,NONE,2026-08-26T14:43:33.079354
45917,,-73,24,804,204,65292,42840,3311277,0,99,9,0,0,14:33:5C:6D:AF:58,0,1,ARMED,72.0,0,0,80:02:9C:61:97:4B,11,20,279.5,,,,,80:02:9C:61:97:4A,0,0,NONE,2026-08-26T14:43:33.242354
45917,BEACON,-97,0,0,2986,65292,42840,3311612,0,99,9,0,0,14:33:5C:6D:AF:58,0,0,ARMED,72.0,0,1,80:02:9C:61:97:4B,11,10,114.8,,,,,80:02:9C:61:97:4A,0,0,NONE,2026-08-26T14:43:33.577354
45917,,4,4,0,0,65292,42840,3311939,0,99,9,0,0,14:33:5C:6D:AF:58,0,0,ARMED,72.0,0,1,80:02:9C:61:97:4B,11,20,219.2,,,,,80:02:9C:61:97:4A,0,0,NONE,2026-08-26T14:43:33.904354
45917,,-52,45,887,1527,65292,42840,3312036,0,99,9,0,0,14:33:5C:6D:AF:58,0,0,ARMED,72.0,0,0,80:02:9C:61:97:4B,11,48,560.8,,,,,80:02:9C:61:97:4A,0,0,NONE,2026-08-26T14:43:34.001354
45917,,-52,45,0,1545,65292,42840,3312083,0,99,9,0,0,14:33:5C:6D:AF:58,0,1,ARMED,72.0,0,0,80:02:9C:61:97:4B,11,49,1617.5,,,,,80:02:9C:61:97:4A,0,0,NONE,2026-08-26T14:43:34.048354
45917,,-52,45,379,1553,65292,42840,3312142,0,99,9,0,0,14:33:5C:6D:AF:58,0,1,ARMED,72.0,0,0,80:02:9C:61:97:4B,11,99,1104.4,,,,,80:02:9C:61:97:4A,0,0,NONE,2026-08-26T14:43:34.107354
45917,BEACON,-94,3,81,472,65292,42840,3312318,0,99,9,0,0,14:33:5C:6D:AF:58,1,1,ARMED,72.0,0,1,80:02:9C:61:97:4B,11,11,187.7,,,,,80:02:9C:61:97:4A,0,0,NONE,2026-08-26T14:43:34.283354
45917,,-90,7,16189,0,65292,42840,3312614,0,99,9,0,0,14:33:5C:6D:AF:58,0,0,ARMED,72.0,0,0,80:02:9C:61:97:4B,11,9,182.7,,,,,80:02:9C:61:97:4A,0,0,NONE,2026-08-26T14:43:34.579354
45917,BEACON,-90,7,0,3428,65292,42840,3312975,0,99,9,0,0,14:33:5C:6D:AF:58,0,0,ARMED,72.0,0,1,80:02:9C:61:97:4B,11,14,136.7,,,,,80:02:9C:61:97:4A,0,0,NONE,2026-08-26T14:43:34.940354
45917,,4,4,0,0,65292,42840,3313171,0,99,9,0,0,14:33:5C:6D:AF:58,0,1,ARMED,72.0,0,1,80:02:9C:61:97:4B,11,14,148.7,,,,,80:02:9C:61:97:4A,0,0,NONE,2026-08-26T14:43:35.136354
45917,,5,5,0,0,65292,42840,3313489,0,99,9,0,0,14:33:5C:6D:AF:58,0,0,ARMED,72.0,0,0,80:02:9C:61:97:4B,11,17,173.8,,,,,80:02:9C:61:97:4A,0,0,NONE,2026-08-26T14:43:35.454354
45917,,-52,45,2579,1591,65292,42840,3313617,0,99,9,0,0,14:33:5C:6D:AF:58,0,0,ARMED,72.0,0,0,80:02:9C:61:97:4B,11,32,1565.2,,,,,80:02:9C:61:97:4A,0,0,NONE,2026-08-26T14:43:35.582354
45917,,-54,43,0,1600,65292,42840,3313667,0,99,9,0,0,14:33:5C:6D:AF:58,0,0,ARMED,72.0,0,0,80:02:9C:61:97:4B,11,82,1160.6,,,,,80:02:9C:61:97:4A,0,0,NONE,2026-08-26T14:43:35.632354
45917,,-52,45,0,1635,65292,42840,3313728,0,99,9,0,0,14:33:5C:6D:AF:58,0,1,ARMED,72.0,0,0,80:02:9C:61:97:4B,11,28,881.8,,,,,80:02:9C:61:97:4A,0,0,NONE,2026-08-26T14:43:35.693354
45917,,-52,45,0,1654,65292,42840,3313769,0,99,9,0,0,14:33:5C:6D:AF:58,0,1,ARMED,72.0,0,0,80:02:9C:61:97:4B,11,78,1082.6,,,,,80:02:9C:61:97:4A,0,0,NONE,2026-08-26T14:43:35.734354
45917,,-52,45,0,1690,63848,42840,3313785,0,99,9,0,0,14:33:5C:6D:AF:58,0,1,ARMED,72.0,0,0,80:02:9C:61:97:4B,11,128,1444.4,,,,,80:02:9C:61:97:4A,0,0,NONE,2026-08-26T14:43:35.750354
45917,,-52,45,0,1726,65292,42840,3313817,0,99,9,0,0,14:33:5C:6D:AF:58,1,1,ARMED,72.0,0,0,80:02:9C:61:97:4B,11,49,3044.0,,,,,80:02:9C:61:97:4A,0,0,NONE,2026-08-26T14:43:35.782354
45917,,-74,23,0,2200,64648,42840,3313834,0,99,9,0,0,14:33:5C:6D:AF:58,1,1,ARMED,72.0,0,0,80:02:9C:61:97:4B,11,99,2970.3,,,,,80:02:9C:61:97:4A,0,0,NONE,2026-08-26T14:43:35.799354
45917,,-52,45,0,1797,65292,42840,3313879,0,99,9,0,0,14:33:5C:6D:AF:58,1,1,ARMED,72.0,0,0,80:02:9C:61:97:4B,11,149,1922.4,,,,,80:02:9C:61:97:4A,0,0,NONE,2026-08-26T14:43:35.844354
45917,,-77,20,247,241,65292,42840,3313910,0,99,9,0,0,14:33:5C:6D:AF:58,1,1,ARMED,72.0,0,0,80:02:9C:61:97:4B,11,23,2628.3,,,,,80:02:9C:61:97:4A,0,0,NONE,2026-08-26T14:43:35.875354
45917,,-54,43,0,1866,65292,42840,3313933,0,99,9,0,0,14:33:5C:6D:AF:58,1,1,ARMED,72.0,0,0,80:02:9C:61:97:4B,11,73,2325.7,,,,,80:02:9C:61:97:4A,0,0,NONE,2026-08-26T14:43:35.898354
45917,,-52,45,0,1904,65292,42840,3313968,0,99,9,0,0,14:33:5C:6D:AF:58,1,1,ARMED,72.0,0,0,80:02:9C:61:97:4B,11,123,1855.5,,,,,80:02:9C:61:97:4A,0,0,NONE,2026-08-26T14:43:35.933354
45917,,-77,20,3418,76,65292,42840,3314011,0,99,9,0,0,14:33:5C:6D:AF:58,1,1,ARMED,72.0,0,1,80:02:9C:61:97:4B,11,22,2428.5,,,,,80:02:9C:61:97:4A,0,0,NONE,2026-08-26T14:43:35.976354
45917,,4,4,0,0,65292,42840,3314076,0,99,9,0,0,14:33:5C:6D:AF:58,1,1,ARMED,72.0,0,1,80:02:9C:61:97:4B,11,72,981.1,,,,,80:02:9C:61:97:4A,0,0,NONE,2026-08-26T14:43:36.041354
45917,BEACON,-87,10,0,1721,65292,42840,3314228,0,99,9,0,0,14:33:5C:6D:AF:58,1,1,ARMED,72.0,0,0,80:02:9C:61:97:4B,11,5,251.5,,,,,80:02:9C:61:97:4A,0,0,NONE,2026-08-26T14:43:36.193354
45917,,-59,38,292,599,65292,42840,3314413,0,99,9,0,0,14:33:5C:6D:AF:58,0,1,ARMED,72.0,0,0,80:02:9C:61:97:4B,11,18,179.9,,,,,80:02:9C:61:97:4A,0,0,NONE,2026-08-26T14:43:36.378354
45917,,-76,21,5887,260,65276,42840,3314624,0,99,9,0,0,14:33:5C:6D:AF:58,1,1,ARMED,72.0,0,1,80:02:9C:61:97:4B,11,16,177.9,,,,,80:02:9C:61:97:4A,0,0,NONE,2026-08-26T14:43:36.589354
45917,BEACON,-57,40,138,513,65292,42840,3314723,0,99,9,0,0,14:33:5C:6D:AF:58,1,0,ARMED,72.0,0,1,80:02:9C:61:97:4B,11,46,536.7,,,,,80:02:9C:61:97:4A,0,0,NONE,2026-08-26T14:43:36.688354
45917,,-75,22,36635,269,65292,42840,3314904,0,99,9,0,0,14:33:5C:6D:AF:58,1,1,ARMED,72.0,0,1,80:02:9C:61:97:4B,11,17,374.7,,,,,80:02:9C:61:97:4A,0,0,NONE,2026-08-26T14:43:36.869354
45917,,-52,45,0,2037,65292,42840,3314963,0,99,9,0,0,14:33:5C:6D:AF:58,0,1,ARMED,72.0,0,0,80:02:9C:61:97:4B,11,4,1015.2,,,,,80:02:9C:61:97:4A,0,0,NONE,2026-08-26T14:43:36.928354
45917,,-52,45,667,2048,65292,42840,3315013,0,99,9,0,0,14:33:5C:6D:AF:58,0,1,ARMED,72.0,0,0,80:02:9C:61:97:4B,11,54,993.0,,,,,80:02:9C:61:97:4A,0,0,NONE,2026-08-26T14:43:36.978354
45917,,-52,45,0,2097,65292,42840,3315058,0,99,9,0,0,14:33:5C:6D:AF:58,0,1,ARMED,72.0,0,0,80:02:9C:61:97:4B,11,104,1046.6,,,,,80:02:9C:61:97:4A,0,0,NONE,2026-08-26T14:43:37.023354
45917,,-52,45,667,2140,65292,42840,3315108,0,99,9,0,0,14:33:5C:6D:AF:58,0,1,ARMED,72.0,0,0,80:02:9C:61:97:4B,11,49,1435.0,,,,,80:02:9C:61:97:4A,0,0,NONE,2026-08-26T14:43:37.073354
45917,,-70,27,0,77,65292,42840,3315172,0,99,9,0,0,14:33:5C:6D:AF:58,0,1,ARMED,72.0,0,1,80:02:9C:61:97:4B,11,99,1011.0,,,,,80:02:9C:61:97:4A,0,0,NONE,2026-08-26T14:43:37.137354
45917,BEACON,-90,7,8283,0,65292,42840,3315258,0,99,9,0,0,14:33:5C:6D:AF:58,0,1,ARMED,72.0,0,0,80:02:9C:61:97:4B,11,49,708.4,,,,,80:02:9C:61:97:4A,0,0,NONE,2026-08-26T14:43:37.223354
45917,BEACON,-84,13,0,2078,65292,42840,3315477,0,99,9,0,0,14:33:5C:6D:AF:58,0,0,ARMED,72.0,0,1,80:02:9C:61:97:4B,11,12,159.5,,,,,80:02:9C:61:97:4A,0,0,NONE,2026-08-26T14:43:37.442354
45917,,-72,25,0,292,65292,42840,3315604,0,99,9,0,0,14:33:5C:6D:AF:58,0,1,ARMED,72.0,0,0,80:02:9C:61:97:4B,11,45,446.4,,,,,80:02:9C:61:97:4A,0,0,NONE,2026-08-26T14:43:37.569354
45917,MGMT_OTHER,-91,6,607,0,65292,42840,3315843,0,99,9,0,0,14:33:5C:6D:AF:58,0,0,ARMED,72.0,0,0,80:02:9C:61:97:4B,11,7,194.9,,,,,80:02:9C:61:97:4A,0,0,NONE,2026-08-26T14:43:37.808354
45917,,-52,45,0,2213,63848,42840,3315977,0,99,9,0,0,14:33:5C:6D:AF:58,0,0,ARMED,72.0,0,0,80:02:9C:61:97:4B,11,39,585.9,,,,,80:02:9C:61:97:4A,0,0,NONE,2026-08-26T14:43:37.942354
45917,,-52,45,0,2240,64648,42840,3316004,0,99,9,0,0,14:33:5C:6D:AF:58,0,0,ARMED,72.0,0,0,80:02:9C:61:97:4B,11,89,950.2,,,,,80:02:9C:61:97:4A,0,0,NONE,2026-08-26T14:43:37.969354
45917,,-52,45,0,2270,65292,42840,3316066,0,99,9,0,0,14:33:5C:6D:AF:58,0,1,ARMED,72.0,0,0,80:02:9C:61:97:4B,11,49,1073.1,,,,,80:02:9C:61:97:4A,0,0,NONE,2026-08-26T14:43:38.031354
45917,,-52,45,311,2303,65292,42840,3316098,0,99,9,0,0,14:33:5C:6D:AF:58,0,1,ARMED,72.0,0,0,80:02:9C:61:97:4B,11,99,1279.9,,,,,80:02:9C:61:97:4A,0,0,NONE,2026-08-26T14:43:38.063354
45917,,-52,45,0,2344,65292,42840,3316119,0,99,9,0,0,14:33:5C:6D:AF:58,0,1,ARMED,72.0,0,0,80:02:9C:61:97:4B,11,149,1505.0,,,,,80:02:9C:61:97:4A,0,0,NONE,2026-08-26T14:43:38.084354
45917,,-52,45,0,2393,65292,42840,3316178,0,99,9,0,0,14:33:5C:6D:AF:58,0,1,ARMED,72.0,0,0,80:02:9C:61:97:4B,11,49,873.5,,,,,80:02:9C:61:97:4A,0,0,NONE,2026-08-26T14:43:38.143354
45917,,-52,45,0,2428,65292,42840,3316230,0,99,9,0,0,14:33:5C:6D:AF:58,1,1,ARMED,72.0,0,0,80:02:9C:61:97:4B,11,16,2035.6,,,,,80:02:9C:61:97:4A,0,0,NONE,2026-08-26T14:43:38.195354
45917,,-89,8,8830,0,65292,42840,3316418,0,99,9,0,0,14:33:5C:6D:AF:58,1,1,ARMED,72.0,0,0,80:02:9C:61:97:4B,11,21,233.1,,,,,80:02:9C:61:97:4A,0,0,NONE,2026-08-26T14:43:38.383354
45917,,-74,23,14198,320,65292,42840,3316593,0,99,9,0,0,14:33:5C:6D:AF:58,0,0,ARMED,72.0,0,1,80:02:9C:61:97:4B,11,26,500.3,,,,,80:02:9C:61:97:4A,0,0,NONE,2026-08-26T14:43:38.558354
45917,,-52,45,4606,2438,65292,42840,3316804,0,99,9,0,0,14:33:5C:6D:AF:58,0,1,ARMED,72.0,0,1,80:02:9C:61:97:4B,11,11,267.5,,,,,80:02:9C:61:97:4A,0,0,NONE,2026-08-26T14:43:38.769354
45917,,-52,45,519,2482,65292,42840,3316847,0,99,9,0,0,14:33:5C:6D:AF:58,0,1,ARMED,72.0,0,0,80:02:9C:61:97:4B,11,61,728.2,,,,,80:02:9C:61:97:4A,0,0,NONE,2026-08-26T14:43:38.812354
45917,,-52,45,0,2529,65292,42840,3316862,0,99,9,0,0,14:33:5C:6D:AF:58,0,1,ARMED,72.0,0,0,80:02:9C:61:97:4B,11,111,1127.1,,,,,80:02:9C:61:97:4A,0,0,NONE,2026-08-26T14:43:38.827354
45917,,-52,45,943,2571,65292,42840,3316920,0,99,9,0,0,14:33:5C:6D:AF:58,0,1,ARMED,72.0,0,0,80:02:9C:61:97:4B,11,49,1146.3,,,,,80:02:9C:61:97:4A,0,0,NONE,2026-08-26T14:43:38.885354
45917,,-52,45,0,2626,65292,42840,3316988,0,99,9,0,0,14:33:5C:6D:AF:58,0,1,ARMED,72.0,0,0,80:02:9C:61:97:4B,11,12,1212.1,,,,,80:02:9C:61:97:4A,0,0,NONE,2026-08-26T14:43:38.953354
45917,,-72,25,1521,331,64648,42840,3317010,0,99,9,0,0,14:33:5C:6D:AF:58,0,1,ARMED,72.0,0,1,80:02:9C:61:97:4B,11,62,1887.1,,,,,80:02:9C:61:97:4A,0,0,NONE,2026-08-26T14:43:38.975354
45917,,-52,45,0,2687,65292,42840,3317040,0,99,9,0,0,14:33:5C:6D:AF:58,0,1,ARMED,72.0,0,0,80:02:9C:61:97:4B,11,112,1804.4,,,,,80:02:9C:61:97:4A,0,0,NONE,2026-08-26T14:43:39.005354
45917,,-52,45,380,2760,65292,42840,3317087,0,99,9,0,0,14:33:5C:6D:AF:58,1,1,ARMED,72.0,0,0,80:02:9C:61:97:4B,11,6,627.3,,,,,80:02:9C:61:97:4A,0,0,NONE,2026-08-26T14:43:39.052354
45917,BEACON,-95,2,82,520,65292,42840,3317135,0,99,9,0,0,14:33:5C:6D:AF:58,1,1,ARMED,72.0,0,1,80:02:9C:61:97:4B,11,56,981.7,,,,,80:02:9C:61:97:4A,0,0,NONE,2026-08-26T14:43:39.100354
45917,,5,5,0,0,65292,42840,3317285,0,99,9,0,0,14:33:5C:6D:AF:58,1,0,ARMED,72.0,0,1,80:02:9C:61:97:4B,11,1,513.6,,,,,80:02:9C:61:97:4A,0,0,NONE,2026-08-26T14:43:39.250354
45917,,-74,23,175,346,65292,42840,3317504,0,99,9,0,0,14:33:5C:6D:AF:58,0,0,ARMED,72.0,0,0,80:02:9C:61:97:4B,11,13,794.6,,,,,80:02:9C:61:97:4A,0,0,NONE,2026-08-26T14:43:39.469354
45917,,-59,38,291,622,65292,42840,3317639,0,99,9,0,0,14:33:5C:6D:AF:58,0,1,ARMED,72.0,0,0,80:02:9C:61:97:4B,11,34,691.6,,,,,80:02:9C:61:97:4A,0,0,NONE,2026-08-26T14:43:39.604354
45917,BEACON,-96,1,0,3755,65292,42840,3317740,0,99,9,0,0,14:33:5C:6D:AF:58,0,1,ARMED,72.0,0,1,80:02:9C:61:97:4B,11,16,334.1,,,,,80:02:9C:61:97:4A,0,0,NONE,2026-08-26T14:43:39.705354
45917,BEACON,-83,14,0,4035,65292,42840,3317938,0,99,9,0,0,14:33:5C:6D:AF:58,0,1,ARMED,72.0,0,1,80:02:9C:61:97:4B,11,9,219.7,,,,,80:02:9C:61:97:4A,0,0,NONE,2026-08-26T14:43:39.903354
45917,BEACON,-89,8,0,1795,65292,42840,3318317,0,99,9,0,0,14:33:5C:6D:AF:58,0,0,ARMED,72.0,0,1,80:02:9C:61:97:4B,11,2,186.0,,,,,80:02:9C:61:97:4A,0,0,NONE,2026-08-26T14:43:40.282354
45917,BEACON,-88,9,0,3483,65292,42840,3318606,0,99,9,0,0,14:33:5C:6D:AF:58,0,0,ARMED,72.0,0,1,80:02:9C:61:97:4B,11,22,231.9,,,,,80:02:9C:61:97:4A,0,0,NONE,2026-08-26T14:43:40.571354
45917,,2,2,0,0,65292,42840,3318846,0,99,9,0,0,14:33:5C:6D:AF:58,0,0,ARMED,72.0,0,1,80:02:9C:61:97:4B,11,12,402.5,,,,,80:02:9C:61:97:4A,0,0,NONE,2026-08-26T14:43:40.811354
45917,BEACON,-85,12,9284,366,65292,42840,3319159,0,99,9,0,0,14:33:5C:6D:AF:58,0,0,ARMED,72.0,0,1,80:02:9C:61:97:4B,11,10,302.0,,,,,80:02:9C:61:97:4A,0,0,NONE,2026-08-26T14:43:41.124354
45917,MGMT_OTHER,-85,12,0,484,65292,42840,3319372,0,99,9,0,0,14:33:5C:6D:AF:58,0,0,ARMED,72.0,0,1,80:02:9C:61:97:4B,11,16,385.6,,,,,80:02:9C:61:97:4A,0,0,NONE,2026-08-26T14:43:41.337354
45917,DISASSOC,-92,5,6689,921,65292,42840,3319726,0,99,9,0,0,14:33:5C:6D:AF:58,0,0,ARMED,72.0,0,1,80:02:9C:61:97:4B,11,19,205.7,,,,,80:02:9C:61:97:4A,0,0,NONE,2026-08-26T14:43:41.691354
45917,,-90,7,20797,0,65292,42840,3320135,0,99,9,0,0,14:33:5C:6D:AF:58,0,0,ARMED,72.0,0,0,80:02:9C:61:97:4B,11,11,115.8,,,,,80:02:9C:61:97:4A,0,0,NONE,2026-08-26T14:43:42.100354
45917,BEACON,-84,13,3097,378,65292,42840,3320388,0,99,9,0,0,14:33:5C:6D:AF:58,0,0,ARMED,72.0,0,1,80:02:9C:61:97:4B,11,3,133.8,,,,,80:02:9C:61:97:4A,0,0,NONE,2026-08-26T14:43:42.353354
45917,BEACON,-88,9,0,1819,65292,42840,3320776,0,99,9,0,0,14:33:5C:6D:AF:58,0,0,ARMED,72.0,0,1,80:02:9C:61:97:4B,11,11,106.6,,,,,80:02:9C:61:97:4A,0,0,NONE,2026-08-26T14:43:42.741354
45917,BEACON,-94,3,20285,1839,65292,42840,3321132,0,99,9,0,0,14:33:5C:6D:AF:58,0,0,ARMED,72.0,0,1,80:02:9C:61:97:4B,11,4,80.0,,,,,80:02:9C:61:97:4A,0,0,NONE,2026-08-26T14:43:43.097354
45917,,-59,38,292,692,65292,42840,3321326,0,99,9,0,0,14:33:5C:6D:AF:58,0,0,ARMED,72.0,0,0,80:02:9C:61:97:4B,11,20,518.4,,,,,80:02:9C:61:97:4A,0,0,NONE,2026-08-26T14:43:43.291354
45917,BEACON,-86,11,0,2680,65292,42840,3321589,0,99,9,0,0,14:33:5C:6D:AF:58,0,0,ARMED,72.0,0,1,80:02:9C:61:97:4B,11,17,175.4,,,,,80:02:9C:61:97:4A,0,0,NONE,2026-08-26T14:43:43.554354
45917,BEACON,-57,40,5529,593,65292,42840,3321891,0,99,9,0,0,14:33:5C:6D:AF:58,0,0,ARMED,72.0,0,1,80:02:9C:61:97:4B,11,10,118.3,,,,,80:02:9C:61:97:4A,0,0,NONE,2026-08-26T14:43:43.856354
45917,BEACON,-86,11,0,2686,65292,42840,3322203,0,99,9,0,0,14:33:5C:6D:AF:58,0,0,ARMED,72.0,0,1,80:02:9C:61:97:4B,11,13,143.5,,,,,80:02:9C:61:97:4A,0,0,NONE,2026-08-26T14:43:44.168354
45917,,4,4,0,0,65292,42840,3322554,0,99,9,0,0,14:33:5C:6D:AF:58,0,0,ARMED,72.0,0,0,80:02:9C:61:97:4B,11,3,186.4,,,,,80:02:9C:61:97:4A,0,0,NONE,2026-08-26T14:43:44.519354
45917,BEACON,-58,39,0,604,65292,42840,3322915,0,99,9,0,0,14:33:5C:6D:AF:58,0,0,ARMED,72.0,0,1,80:02:9C:61:97:4B,11,7,106.8,,,,,80:02:9C:61:97:4A,0,0,NONE,2026-08-26T14:43:44.880354
45917,BEACON,-85,12,0,4087,65292,42840,3323263,0,99,9,0,0,14:33:5C:6D:AF:58,0,0,ARMED,72.0,0,1,80:02:9C:61:97:4B,11,1,252.1,,,,,80:02:9C:61:97:4A,0,0,NONE,2026-08-26T14:43:45.228354
45917,AUTH,-89,8,3016,3773,65292,42840,3323581,0,99,9,0,0,14:33:5C:6D:AF:58,0,0,ARMED,72.0,0,1,80:02:9C:61:97:4B,11,3,201.9,,,,,80:02:9C:61:97:4A,0,0,NONE,2026-08-26T14:43:45.546354
45917,BEACON,-90,7,82,3536,65292,42840,3323829,0,99,9,0,0,14:33:5C:6D:AF:58,0,0,ARMED,72.0,0,1,80:02:9C:61:97:4B,11,10,172.7,,,,,80:02:9C:61:97:4A,0,0,NONE,2026-08-26T14:43:45.794354
45917,BEACON,-88,9,0,2191,65220,42840,3323976,0,99,9,0,0,14:33:5C:6D:AF:58,0,0,ARMED,72.0,0,1,80:02:9C:61:97:4B,11,41,412.3,,,,,80:02:9C:61:97:4A,0,0,NONE,2026-08-26T14:43:45.941354
45917,MGMT_OTHER,-90,7,118,381,65292,42840,3324113,0,99,9,0,0,14:33:5C:6D:AF:58,1,1,ARMED,72.0,0,1,80:02:9C:61:97:4B,11,12,380.6,,,,,80:02:9C:61:97:4A,0,0,NONE,2026-08-26T14:43:46.078354
45917,BEACON,-57,40,9202,619,65292,42840,3324348,0,99,9,0,0,14:33:5C:6D:AF:58,0,0,ARMED,72.0,0,1,80:02:9C:61:97:4B,11,7,113.5,,,,,80:02:9C:61:97:4A,0,0,NONE,2026-08-26T14:43:46.313354
45917,BEACON,-88,9,40248,3544,65292,42840,3324648,0,99,9,0,0,14:33:5C:6D:AF:58,0,0,ARMED,72.0,0,1,80:02:9C:61:97:4B,11,5,92.7,,,,,80:02:9C:61:97:4A,0,0,NONE,2026-08-26T14:43:46.613354
45917,,-74,23,11332,408,65292,42840,3324734,0,99,9,0,0,14:33:5C:6D:AF:58,0,1,ARMED,72.0,0,1,80:02:9C:61:97:4B,11,18,470.6,,,,,80:02:9C:61:97:4A,0,0,NONE,2026-08-26T14:43:46.699354
45917,,6,6,0,0,65292,42840,3324931,0,99,9,0,0,14:33:5C:6D:AF:58,0,0,ARMED,72.0,0,1,80:02:9C:61:97:4B,11,3,89.7,,,,,80:02:9C:61:97:4A,0,0,NONE,2026-08-26T14:43:46.896354
45917,,-89,8,16616,0,65292,42840,3325244,0,99,9,0,0,14:33:5C:6D:AF:58,0,0,ARMED,72.0,0,0,80:02:9C:61:97:4B,11,4,101.5,,,,,80:02:9C:61:97:4A,0,0,NONE,2026-08-26T14:43:47.209354
45917,BEACON,-57,40,7909,630,65292,42840,3325475,0,99,9,0,0,14:33:5C:6D:AF:58,0,0,ARMED,72.0,0,1,80:02:9C:61:97:4B,11,12,183.2,,,,,80:02:9C:61:97:4A,0,0,NONE,2026-08-26T14:43:47.440354
45917,BEACON,-94,3,0,606,65292,42840,3325765,0,99,9,0,0,14:33:5C:6D:AF:58,0,0,ARMED,72.0,0,1,80:02:9C:61:97:4B,11,8,163.8,,,,,80:02:9C:61:97:4A,0,0,NONE,2026-08-26T14:43:47.730354
45917,PROBE_RESP,-87,10,364,0,65292,42840,3326084,0,99,9,0,0,14:33:5C:6D:AF:58,0,0,ARMED,72.0,0,0,80:02:9C:61:97:4B,11,16,284.3,,,,,80:02:9C:61:97:4A,0,0,NONE,2026-08-26T14:43:48.049354
45917,,-52,45,8338,2859,65292,42840,3326336,0,99,9,0,0,14:33:5C:6D:AF:58,0,0,ARMED,72.0,0,1,80:02:9C:61:97:4B,11,21,203.4,,,,,80:02:9C:61:97:4A,0,0,NONE,2026-08-26T14:43:48.301354
45917,,-59,38,378,755,65120,42840,3326518,0,99,9,0,0,14:33:5C:6D:AF:58,0,0,ARMED,72.0,0,0,80:02:9C:61:97:4B,11,23,285.4,,,,,80:02:9C:61:97:4A,0,0,NONE,2026-08-26T14:43:48.483354
45917,,-52,45,3651,2866,65292,42840,3326745,0,99,9,0,0,14:33:5C:6D:AF:58,0,0,ARMED,72.0,0,1,80:02:9C:61:97:4B,11,1,1000.0,,,,,80:02:9C:61:97:4A,0,0,NONE,2026-08-26T14:43:48.710354
45917,,-74,23,0,452,65292,42840,3326996,0,99,9,0,0,14:33:5C:6D:AF:58,1,0,ARMED,72.0,0,1,80:02:9C:61:97:4B,11,6,128.3,,,,,80:02:9C:61:97:4A,0,0,NONE,2026-08-26T14:43:48.961354
45917,BEACON,-86,11,0,30,65292,42840,3327257,0,99,9,0,0,14:33:5C:6D:AF:58,0,0,ARMED,72.0,0,1,80:02:9C:61:97:4B,11,19,185.4,,,,,80:02:9C:61:97:4A,0,0,NONE,2026-08-26T14:43:49.222354
45917,,-74,23,16243,460,65276,42840,3327454,0,99,9,0,0,14:33:5C:6D:AF:58,0,1,ARMED,72.0,0,0,80:02:9C:61:97:4B,11,19,200.3,,,,,80:02:9C:61:97:4A,0,0,NONE,2026-08-26T14:43:49.419354
45917,BEACON,-90,7,0,1887,65292,42840,3327738,0,99,9,0,0,14:33:5C:6D:AF:58,0,0,ARMED,72.0,0,1,80:02:9C:61:97:4B,11,7,132.4,,,,,80:02:9C:61:97:4A,0,0,NONE,2026-08-26T14:43:49.703354
45917,BEACON,-90,7,0,1373,65292,42840,3328043,0,99,9,0,0,14:33:5C:6D:AF:58,0,0,ARMED,72.0,0,1,80:02:9C:61:97:4B,11,6,119.9,,,,,80:02:9C:61:97:4A,0,0,NONE,2026-08-26T14:43:50.008354
45917,BEACON,-88,9,0,1857,65232,42840,3328154,0,99,9,0,0,14:33:5C:6D:AF:58,0,0,ARMED,72.0,0,0,80:02:9C:61:97:4B,11,42,700.9,,,,,80:02:9C:61:97:4A,0,0,NONE,2026-08-26T14:43:50.119354
45917,,-59,38,404,795,65292,42840,3328493,0,99,9,0,0,14:33:5C:6D:AF:58,0,0,ARMED,72.0,0,1,80:02:9C:61:97:4B,11,17,195.3,,,,,80:02:9C:61:97:4A,0,0,NONE,2026-08-26T14:43:50.458354
45917,,-57,40,0,666,63560,42840,3328753,0,99,9,0,0,14:33:5C:6D:AF:58,0,0,ARMED,72.0,0,0,80:02:9C:61:97:4B,11,3,75.2,,,,,80:02:9C:61:97:4A,0,0,NONE,2026-08-26T14:43:50.718354
45917,BEACON,-95,2,22322,1917,65292,42840,3329119,0,99,9,0,0,14:33:5C:6D:AF:58,0,0,ARMED,72.0,0,1,80:02:9C:61:97:4B,11,14,139.6,,,,,80:02:9C:61:97:4A,0,0,NONE,2026-08-26T14:43:51.084354
45917,,4,4,0,0,65292,42840,3329385,0,99,9,0,0,14:33:5C:6D:AF:58,1,0,ARMED,72.0,0,1,80:02:9C:61:97:4B,11,10,162.0,,,,,80:02:9C:61:97:4A,0,0,NONE,2026-08-26T14:43:51.350354
45917,,-52,45,16208,2882,65292,42840,3329620,0,99,9,0,0,14:33:5C:6D:AF:58,0,0,ARMED,72.0,0,1,80:02:9C:61:97:4B,11,26,279.5,,,,,80:02:9C:61:97:4A,0,0,NONE,2026-08-26T14:43:51.585354
45917,BEACON,-57,40,82,676,65292,42840,3329776,0,99,9,0,0,14:33:5C:6D:AF:58,0,1,ARMED,72.0,0,1,80:02:9C:61:97:4B,11,18,485.4,,,,,80:02:9C:61:97:4A,0,0,NONE,2026-08-26T14:43:51.741354
45917,,-59,38,0,804,65292,42840,3330043,0,99,9,0,0,14:33:5C:6D:AF:58,0,0,ARMED,72.0,0,0,80:02:9C:61:97:4B,11,5,4163.2,,,,,80:02:9C:61:97:4A,0,0,NONE,2026-08-26T14:43:52.008354
45917,BEACON,-88,9,7874,3598,65292,42840,3330178,0,99,9,0,0,14:33:5C:6D:AF:58,0,1,ARMED,72.0,0,1,80:02:9C:61:97:4B,11,2,57.0,,,,,80:02:9C:61:97:4A,0,0,NONE,2026-08-26T14:43:52.143354
45917,BEACON,-87,10,0,3601,65292,42840,3330486,0,99,9,0,0,14:33:5C:6D:AF:58,0,0,ARMED,72.0,0,1,80:02:9C:61:97:4B,11,7,195.3,,,,,80:02:9C:61:97:4A,0,0,NONE,2026-08-26T14:43:52.451354
45917,,-52,45,5767,2890,65292,42840,3330747,0,99,9,0,0,14:33:5C:6D:AF:58,0,0,ARMED,72.0,0,1,80:02:9C:61:97:4B,11,18,203.4,,,,,80:02:9C:61:97:4A,0,0,NONE,2026-08-26T14:43:52.712354
45917,,-75,22,158,510,65292,42840,3330990,0,99,9,0,0,14:33:5C:6D:AF:58,0,0,ARMED,72.0,0,0,80:02:9C:61:97:4B,11,5,201.9,,,,,80:02:9C:61:97:4A,0,0,NONE,2026-08-26T14:43:52.955354
45917,BEACON,-84,13,0,2283,65292,42840,3331144,0,99,9,0,0,14:33:5C:6D:AF:58,0,1,ARMED,72.0,0,1,80:02:9C:61:97:4B,11,17,248.5,,,,,80:02:9C:61:97:4A,0,0,NONE,2026-08-26T14:43:53.109354
45917,BEACON,-89,8,0,2780,65292,42840,3331521,0,99,9,0,0,14:33:5C:6D:AF:58,0,0,ARMED,72.0,0,1,80:02:9C:61:97:4B,11,7,194.6,,,,,80:02:9C:61:97:4A,0,0,NONE,2026-08-26T14:43:53.486354
45917,MGMT_OTHER,-85,12,0,493,65292,42840,3331660,0,99,9,0,0,14:33:5C:6D:AF:58,0,1,ARMED,72.0,0,1,80:02:9C:61:97:4B,11,9,120.6,,,,,80:02:9C:61:97:4A,0,0,NONE,2026-08-26T14:43:53.625354
45917,BEACON,-89,8,0,1929,65292,42840,3332039,0,99,9,0,0,14:33:5C:6D:AF:58,0,0,ARMED,72.0,0,1,80:02:9C:61:97:4B,11,5,115.4,,,,,80:02:9C:61:97:4A,0,0,NONE,2026-08-26T14:43:54.004354
45917,,-90,7,345,0,65292,42840,3332382,0,99,9,0,0,14:33:5C:6D:AF:58,0,0,ARMED,72.0,0,0,80:02:9C:61:97:4B,11,13,201.9,,,,,80:02:9C:61:97:4A,0,0,NONE,2026-08-26T14:43:54.347354
45917,,-74,23,3960,516,65276,42840,3332684,0,99,9,0,0,14:33:5C:6D:AF:58,0,0,ARMED,72.0,0,1,80:02:9C:61:97:4B,11,16,266.7,,,,,80:02:9C:61:97:4A,0,0,NONE,2026-08-26T14:43:54.649354
45917,,-76,21,3298,518,65292,42840,3332987,0,99,9,0,0,14:33:5C:6D:AF:58,0,0,ARMED,72.0,0,1,80:02:9C:61:97:4B,11,6,133.1,,,,,80:02:9C:61:97:4A,0,0,NONE,2026-08-26T14:43:54.952354
45917,,-75,22,834,527,65292,42840,3333225,0,99,9,0,0,14:33:5C:6D:AF:58,0,0,ARMED,72.0,0,1,80:02:9C:61:97:4B,11,21,299.0,,,,,80:02:9C:61:97:4A,0,0,NONE,2026-08-26T14:43:55.190354
45917,PROBE_REQ,-74,23,0,997,65292,42840,3333535,0,99,9,0,0,14:33:5C:6D:AF:58,0,0,ARMED,72.0,0,1,80:02:9C:61:97:4B,11,11,151.2,,,,,80:02:9C:61:97:4A,0,0,NONE,2026-08-26T14:43:55.500354
45917,,-59,38,292,848,65292,42840,3333729,0,99,9,0,0,14:33:5C:6D:AF:58,0,1,ARMED,72.0,0,0,80:02:9C:61:97:4B,11,10,163.3,,,,,80:02:9C:61:97:4A,0,0,NONE,2026-08-26T14:43:55.694354
45917,,-88,9,19559,0,65292,42840,3333957,0,99,9,0,0,14:33:5C:6D:AF:58,0,0,ARMED,72.0,0,0,80:02:9C:61:97:4B,11,15,174.8,,,,,80:02:9C:61:97:4A,0,0,NONE,2026-08-26T14:43:55.922354
45917,,-75,22,7083,538,65292,42840,3334144,0,99,9,0,0,14:33:5C:6D:AF:58,0,1,ARMED,72.0,0,0,80:02:9C:61:97:4B,11,17,251.5,,,,,80:02:9C:61:97:4A,0,0,NONE,2026-08-26T14:43:56.109354
45917,BEACON,-96,1,0,1968,65292,42840,3334341,0,99,9,0,0,14:33:5C:6D:AF:58,0,0,ARMED,72.0,0,1,80:02:9C:61:97:4B,11,10,165.6,,,,,80:02:9C:61:97:4A,0,0,NONE,2026-08-26T14:43:56.306354
45917,BEACON,-87,10,0,2822,65292,42840,3334593,0,99,9,0,0,14:33:5C:6D:AF:58,0,1,ARMED,72.0,0,1,80:02:9C:61:97:4B,11,1,196.5,,,,,80:02:9C:61:97:4A,0,0,NONE,2026-08-26T14:43:56.558354
45917,,-90,7,0,2799,65292,42840,3334891,0,99,9,0,0,14:33:5C:6D:AF:58,0,0,ARMED,72.0,0,1,80:02:9C:61:97:4B,11,21,214.1,,,,,80:02:9C:61:97:4A,0,0,NONE,2026-08-26T14:43:56.856354
45917,BEACON,-96,1,8812,3215,65292,42840,3335063,0,99,9,0,0,14:33:5C:6D:AF:58,1,1,ARMED,72.0,0,1,80:02:9C:61:97:4B,11,13,203.2,,,,,80:02:9C:61:97:4A,0,0,NONE,2026-08-26T14:43:57.028354
45917,,7,7,0,0,65292,42840,3335149,0,99,9,0,0,14:33:5C:6D:AF:58,1,1,ARMED,72.0,0,0,80:02:9C:61:97:4B,11,32,653.1,,,,,80:02:9C:61:97:4A,0,0,NONE,2026-08-26T14:43:57.114354
45917,,-76,21,2614,85,65292,42840,3335421,0,99,9,0,0,14:33:5C:6D:AF:58,0,0,ARMED,72.0,0,1,80:02:9C:61:97:4B,11,8,595.6,,,,,80:02:9C:61:97:4A,0,0,NONE,2026-08-26T14:43:57.386354
45917,,-52,45,0,2908,65292,42840,3335538,0,99,9,0,0,14:33:5C:6D:AF:58,0,1,ARMED,72.0,0,0,80:02:9C:61:97:4B,11,28,993.4,,,,,80:02:9C:61:97:4A,0,0,NONE,2026-08-26T14:43:57.503354
45917,,-52,45,379,2935,65292,42840,3335578,0,99,9,0,0,14:33:5C:6D:AF:58,0,1,ARMED,72.0,0,0,80:02:9C:61:97:4B,11,78,1140.2,,,,,80:02:9C:61:97:4A,0,0,NONE,2026-08-26T14:43:57.543354
45917,,-75,22,157,556,65296,42840,3335727,0,99,9,0,0,14:33:5C:6D:AF:58,1,1,ARMED,72.0,0,0,80:02:9C:61:97:4B,11,5,403.3,,,,,80:02:9C:61:97:4A,0,0,NONE,2026-08-26T14:43:57.692354
45917,,-75,22,211,559,64652,42840,3335788,0,99,9,0,0,14:33:5C:6D:AF:58,1,1,ARMED,72.0,0,0,80:02:9C:61:97:4B,11,55,754.8,,,,,80:02:9C:61:97:4A,0,0,NONE,2026-08-26T14:43:57.753354
45917,,-65,32,0,768,65296,42840,3335896,0,99,9,0,0,14:33:5C:6D:AF:58,1,1,ARMED,72.0,0,0,80:02:9C:61:97:4B,11,19,233.3,,,,,80:02:9C:61:97:4A,0,0,NONE,2026-08-26T14:43:57.861354
45917,,-66,31,0,775,65296,42840,3335992,0,99,9,0,0,14:33:5C:6D:AF:58,1,1,ARMED,72.0,0,0,80:02:9C:61:97:4B,11,39,551.4,,,,,80:02:9C:61:97:4A,0,0,NONE,2026-08-26T14:43:57.957354
45917,PROBE_REQ,-92,5,2254,993,65296,42840,3336119,0,99,9,0,0,14:33:5C:6D:AF:58,0,1,ARMED,72.0,0,0,80:02:9C:61:97:4B,11,29,306.6,,,,,80:02:9C:61:97:4A,0,0,NONE,2026-08-26T14:43:58.084354
45917,,-56,41,0,2959,65296,42840,3336190,0,99,9,0,0,14:33:5C:6D:AF:58,0,1,ARMED,72.0,0,0,80:02:9C:61:97:4B,11,46,705.7,,,,,80:02:9C:61:97:4A,0,0,NONE,2026-08-26T14:43:58.155354
45917,,-56,41,0,3007,65296,42840,3336209,0,99,9,0,0,14:33:5C:6D:AF:58,0,1,ARMED,72.0,0,0,80:02:9C:61:97:4B,11,96,1133.7,,,,,80:02:9C:61:97:4A,0,0,NONE,2026-08-26T14:43:58.174354
45917,,-56,41,0,3036,62392,42840,3336220,0,99,9,0,0,14:33:5C:6D:AF:58,0,1,ARMED,72.0,0,0,80:02:9C:61:97:4B,11,146,1536.0,,,,,80:02:9C:61:97:4A,0,0,NONE,2026-08-26T14:43:58.185354
45917,,-56,41,4064,3055,65296,42840,3336250,0,99,9,0,0,14:33:5C:6D:AF:58,0,1,ARMED,72.0,0,0,80:02:9C:61:97:4B,11,49,11083.5,,,,,80:02:9C:61:97:4A,0,0,NONE,2026-08-26T14:43:58.215354
45917,,-56,41,0,3117,62392,42840,3336276,0,99,9,0,0,14:33:5C:6D:AF:58,0,1,ARMED,72.0,0,0,80:02:9C:61:97:4B,11,99,3185.7,,,,,80:02:9C:61:97:4A,0,0,NONE,2026-08-26T14:43:58.241354
45917,,-56,41,0,3166,63868,42840,3336312,0,99,9,0,0,14:33:5C:6D:AF:58,0,1,ARMED,72.0,0,0,80:02:9C:61:97:4B,11,149,2234.8,,,,,80:02:9C:61:97:4A,0,0,NONE,2026-08-26T14:43:58.277354
45917,,-93,4,5938,2341,65296,42840,3336367,0,99,9,0,0,14:33:5C:6D:AF:58,0,1,ARMED,72.0,0,1,80:02:9C:61:97:4B,11,2,221.7,,,,,80:02:9C:61:97:4A,0,0,NONE,2026-08-26T14:43:58.332354
45917,,-56,41,0,3281,65236,42840,3336387,0,99,9,0,0,14:33:5C:6D:AF:58,0,1,ARMED,72.0,0,0,80:02:9C:61:97:4B,11,52,1780.6,,,,,80:02:9C:61:97:4A,0,0,NONE,2026-08-26T14:43:58.352354
45917,,-56,41,0,3338,63868,42840,3336398,0,99,9,0,0,14:33:5C:6D:AF:58,0,1,ARMED,72.0,0,0,80:02:9C:61:97:4B,11,102,2520.8,,,,,80:02:9C:61:97:4A,0,0,NONE,2026-08-26T14:43:58.363354
45917,,-56,41,255,3372,65296,42840,3336430,0,99,9,0,0,14:33:5C:6D:AF:58,0,1,ARMED,72.0,0,0,80:02:9C:61:97:4B,11,152,2115.1,,,,,80:02:9C:61:97:4A,0,0,NONE,2026-08-26T14:43:58.395354
45917,,-56,41,0,3396,65296,42840,3336461,0,99,9,0,0,14:33:5C:6D:AF:58,1,1,ARMED,72.0,0,0,80:02:9C:61:97:4B,11,6,2148.2,,,,,80:02:9C:61:97:4A,0,0,NONE,2026-08-26T14:43:58.426354
45917,,-56,41,0,3534,65296,42840,3336511,0,99,9,0,0,14:33:5C:6D:AF:58,1,1,ARMED,72.0,0,0,80:02:9C:61:97:4B,11,56,1054.0,,,,,80:02:9C:61:97:4A,0,0,NONE,2026-08-26T14:43:58.476354
45917,,40,40,0,0,65296,42840,3336574,0,99,9,0,0,14:33:5C:6D:AF:58,1,1,ARMED,72.0,0,0,80:02:9C:61:97:4B,11,7,921.4,,,,,80:02:9C:61:97:4A,0,0,NONE,2026-08-26T14:43:58.539354
45917,BEACON,-88,9,0,1643,65296,42840,3336947,0,99,9,0,0,14:33:5C:6D:AF:58,0,0,ARMED,72.0,0,1,80:02:9C:61:97:4B,11,3,156.4,,,,,80:02:9C:61:97:4A,0,0,NONE,2026-08-26T14:43:58.912354
45917,,40,40,0,0,65296,42840,3337509,0,99,9,0,0,14:33:5C:6D:AF:58,0,0,ARMED,72.0,0,0,80:02:9C:61:97:4B,11,19,288.2,,,,,80:02:9C:61:97:4A,0,0,NONE,2026-08-26T14:43:59.474354
45917,,-71,26,8536,598,65296,42840,3337587,0,99,9,0,0,14:33:5C:6D:AF:58,0,1,ARMED,72.0,0,1,80:02:9C:61:97:4B,11,38,913.2,,,,,80:02:9C:61:97:4A,0,0,NONE,2026-08-26T14:43:59.552354
45917,BEACON,-88,9,0,1653,65296,42840,3337970,0,99,9,0,0,14:33:5C:6D:AF:58,0,0,ARMED,72.0,0,1,80:02:9C:61:97:4B,11,2,129.0,,,,,80:02:9C:61:97:4A,0,0,NONE,2026-08-26T14:43:59.935354
45917,,-71,26,17549,623,65296,42840,3338682,0,99,9,0,0,14:33:5C:6D:AF:58,0,0,ARMED,72.0,0,1,80:02:9C:61:97:4B,11,1,97.1,,,,,80:02:9C:61:97:4A,0,0,NONE,2026-08-26T14:44:00.647354
45917,BEACON,-91,6,0,1668,65296,42840,3339506,0,99,9,0,0,14:33:5C:6D:AF:58,0,0,ARMED,72.0,0,1,80:02:9C:61:97:4B,11,2,128.9,,,,,80:02:9C:61:97:4A,0,0,NONE,2026-08-26T14:44:01.471354
45917,BEACON,-92,5,0,3055,65296,42840,3340352,0,99,9,0,0,14:33:5C:6D:AF:58,0,0,ARMED,72.0,0,1,80:02:9C:61:97:4B,11,4,96.5,,,,,80:02:9C:61:97:4A,0,0,NONE,2026-08-26T14:44:02.317354
45917,,-71,26,202,637,65296,42840,3340624,0,99,9,0,0,14:33:5C:6D:AF:58,0,0,ARMED,72.0,0,0,80:02:9C:61:97:4B,11,7,1132.5,,,,,80:02:9C:61:97:4A,0,0,NONE,2026-08-26T14:44:02.589354
45917,BEACON,-91,6,0,2646,65296,42840,3341053,0,99,9,0,0,14:33:5C:6D:AF:58,0,0,ARMED,72.0,0,1,80:02:9C:61:97:4B,11,3,116.3,,,,,80:02:9C:61:97:4A,0,0,NONE,2026-08-26T14:44:03.018354
45917,,40,40,0,0,65296,42840,3341398,0,99,9,0,0,14:33:5C:6D:AF:58,0,0,ARMED,72.0,0,0,80:02:9C:61:97:4B,11,24,378.0,,,,,80:02:9C:61:97:4A,0,0,NONE,2026-08-26T14:44:03.363354
45917,BEACON,-88,9,0,1694,65296,42840,3342169,0,99,9,0,0,14:33:5C:6D:AF:58,0,0,ARMED,72.0,0,1,80:02:9C:61:97:4B,11,2,128.8,,,,,80:02:9C:61:97:4A,0,0,NONE,2026-08-26T14:44:04.134354
45917,MGMT_OTHER,-94,3,111632,1041,65296,42840,3342957,0,99,9,0,0,14:33:5C:6D:AF:58,0,0,ARMED,72.0,0,1,80:02:9C:61:97:4B,11,6,68.9,,,,,80:02:9C:61:97:4A,0,0,NONE,2026-08-26T14:44:04.922354
45917,,-71,26,0,664,65296,42840,3343478,0,99,9,0,0,14:33:5C:6D:AF:58,0,0,ARMED,72.0,0,1,80:02:9C:61:97:4B,11,16,166.2,,,,,80:02:9C:61:97:4A,0,0,NONE,2026-08-26T14:44:05.443354
45917,BEACON,-88,9,0,1710,65296,42840,3343807,0,99,9,0,0,14:33:5C:6D:AF:58,0,0,ARMED,72.0,0,1,80:02:9C:61:97:4B,11,3,193.5,,,,,80:02:9C:61:97:4A,0,0,NONE,2026-08-26T14:44:05.772354
45917,BEACON,-93,4,82,3094,65296,42840,3344345,0,99,9,0,0,14:33:5C:6D:AF:58,0,0,ARMED,72.0,0,1,80:02:9C:61:97:4B,11,10,241.6,,,,,80:02:9C:61:97:4A,0,0,NONE,2026-08-26T14:44:06.310354
45917,,40,40,0,0,65296,42840,3344662,0,99,9,0,0,14:33:5C:6D:AF:58,0,0,ARMED,72.0,0,0,80:02:9C:61:97:4B,11,11,219.4,,,,,80:02:9C:61:97:4A,0,0,NONE,2026-08-26T14:44:06.627354
45917,,40,40,0,0,65296,42840,3344718,0,99,9,0,0,14:33:5C:6D:AF:58,0,1,ARMED,72.0,0,0,80:02:9C:61:97:4B,11,16,3808.6,,,,,80:02:9C:61:97:4A,0,0,NONE,2026-08-26T14:44:06.683354
45917,,40,40,0,0,65296,42840,3344807,0,99,9,0,0,14:33:5C:6D:AF:58,0,1,ARMED,72.0,0,0,80:02:9C:61:97:4B,11,66,708.0,,,,,80:02:9C:61:97:4A,0,0,NONE,2026-08-26T14:44:06.772354
45917,,-71,26,229,708,65296,42840,3344933,0,99,9,0,0,14:33:5C:6D:AF:58,0,1,ARMED,72.0,0,0,80:02:9C:61:97:4B,11,9,3213.1,,,,,80:02:9C:61:97:4A,0,0,NONE,2026-08-26T14:44:06.898354
45917,BEACON,-91,6,0,2689,65296,42840,3345558,0,99,9,0,0,14:33:5C:6D:AF:58,0,0,ARMED,72.0,0,1,80:02:9C:61:97:4B,11,3,225.8,,,,,80:02:9C:61:97:4A,0,0,NONE,2026-08-26T14:44:07.523354
45917,MGMT_OTHER,-90,7,66112,743,65296,42840,3346313,0,99,9,0,0,14:33:5C:6D:AF:58,0,0,ARMED,72.0,0,1,80:02:9C:61:97:4B,11,4,78.3,,,,,80:02:9C:61:97:4A,0,0,NONE,2026-08-26T14:44:08.278354
45917,BEACON,-81,16,78339,3785,65296,42840,3347273,0,99,9,0,0,14:33:5C:6D:AF:58,0,0,ARMED,72.0,0,1,80:02:9C:61:97:4B,11,5,55.6,,,,,80:02:9C:61:97:4A,0,0,NONE,2026-08-26T14:44:09.238354
45917,BEACON,-67,30,0,908,65296,42840,3348003,0,99,9,0,0,14:33:5C:6D:AF:58,0,0,ARMED,72.0,0,1,80:02:9C:61:97:4B,11,2,27.2,,,,,80:02:9C:61:97:4A,0,0,NONE,2026-08-26T14:44:09.968354
45917,,40,40,0,0,65296,42840,3348825,0,99,9,0,0,14:33:5C:6D:AF:58,0,0,ARMED,72.0,0,1,80:02:9C:61:97:4B,11,5,64.9,,,,,80:02:9C:61:97:4A,0,0,NONE,2026-08-26T14:44:10.790354
45917,MGMT_OTHER,-92,5,8591,2939,65296,42840,3349400,0,99,9,0,0,14:33:5C:6D:AF:58,0,0,ARMED,72.0,0,1,80:02:9C:61:97:4B,11,7,89.1,,,,,80:02:9C:61:97:4A,0,0,NONE,2026-08-26T14:44:11.365354
45917,BEACON,-91,6,0,2732,65296,42840,3349961,0,99,9,0,0,14:33:5C:6D:AF:58,0,0,ARMED,72.0,0,1,80:02:9C:61:97:4B,11,3,116.5,,,,,80:02:9C:61:97:4A,0,0,NONE,2026-08-26T14:44:11.926354
45917,,40,40,0,0,65296,42840,3350626,0,99,9,0,0,14:33:5C:6D:AF:58,0,0,ARMED,72.0,0,0,80:02:9C:61:97:4B,11,11,144.9,,,,,80:02:9C:61:97:4A,0,0,NONE,2026-08-26T14:44:12.591354
45917,,40,40,0,0,65296,42840,3351116,0,99,9,0,0,14:33:5C:6D:AF:58,0,0,ARMED,72.0,0,0,80:02:9C:61:97:4B,11,9,177.8,,,,,80:02:9C:61:97:4A,0,0,NONE,2026-08-26T14:44:13.081354
45917,BEACON,-66,31,0,944,65296,42840,3351484,0,99,9,0,0,14:33:5C:6D:AF:58,0,0,ARMED,72.0,0,1,80:02:9C:61:97:4B,11,5,48.8,,,,,80:02:9C:61:97:4A,0,0,NONE,2026-08-26T14:44:13.449354
45917,PROBE_RESP,-80,17,0,3584,65296,42840,3352056,0,99,9,0,0,14:33:5C:6D:AF:58,0,0,ARMED,72.0,0,0,80:02:9C:61:97:4B,11,9,194.7,,,,,80:02:9C:61:97:4A,0,0,NONE,2026-08-26T14:44:14.021354
45917,MGMT_OTHER,-68,29,0,962,65296,42840,3352584,0,99,9,0,0,14:33:5C:6D:AF:58,0,0,ARMED,72.0,0,0,80:02:9C:61:97:4B,11,7,148.4,,,,,80:02:9C:61:97:4A,0,0,NONE,2026-08-26T14:44:14.549354
45917,BEACON,-96,1,0,1842,65296,42840,3353232,0,99,9,0,0,14:33:5C:6D:AF:58,0,0,ARMED,72.0,0,0,80:02:9C:61:97:4B,11,5,62.0,,,,,80:02:9C:61:97:4A,0,0,NONE,2026-08-26T14:44:15.197354
45917,PROBE_RESP,-80,17,0,3588,65296,42840,3353795,0,99,9,0,0,14:33:5C:6D:AF:58,0,0,ARMED,72.0,0,0,80:02:9C:61:97:4B,11,6,200.5,,,,,80:02:9C:61:97:4A,0,0,NONE,2026-08-26T14:44:15.760354
45917,BEACON,-67,30,0,982,65296,42840,3354351,0,99,9,0,0,14:33:5C:6D:AF:58,0,0,ARMED,72.0,0,1,80:02:9C:61:97:4B,11,3,40.8,,,,,80:02:9C:61:97:4A,0,0,NONE,2026-08-26T14:44:16.316354
45917,BEACON,-95,2,0,1858,65296,42840,3354871,0,99,9,0,0,14:33:5C:6D:AF:58,0,0,ARMED,72.0,0,0,80:02:9C:61:97:4B,11,5,62.1,,,,,80:02:9C:61:97:4A,0,0,NONE,2026-08-26T14:44:16.836354
45917,,-56,41,30312,2,65296,42840,3355476,0,99,9,0,0,14:33:5C:6D:AF:58,0,0,ARMED,72.0,0,0,80:02:9C:61:97:4B,11,3,42.2,,,,,80:02:9C:61:97:4A,0,0,NONE,2026-08-26T14:44:17.441354
45917,,-71,26,328,752,65296,42840,3355993,0,99,9,0,0,14:33:5C:6D:AF:58,0,0,ARMED,72.0,0,0,80:02:9C:61:97:4B,11,12,158.3,,,,,80:02:9C:61:97:4A,0,0,NONE,2026-08-26T14:44:17.958354
45917,,40,40,0,0,65296,42840,3356649,0,99,9,0,0,14:33:5C:6D:AF:58,0,0,ARMED,72.0,0,0,80:02:9C:61:97:4B,11,9,76.2,,,,,80:02:9C:61:97:4A,0,0,NONE,2026-08-26T14:44:18.614354
45917,,40,40,0,0,65296,42840,3356793,0,99,9,0,0,14:33:5C:6D:AF:58,0,1,ARMED,72.0,0,0,80:02:9C:61:97:4B,11,16,451.2,,,,,80:02:9C:61:97:4A,0,0,NONE,2026-08-26T14:44:18.758354
45917,BEACON,-93,4,54,2805,65296,42840,3357232,0,99,9,0,0,14:33:5C:6D:AF:58,0,0,ARMED,72.0,0,1,80:02:9C:61:97:4B,11,12,466.3,,,,,80:02:9C:61:97:4A,0,0,NONE,2026-08-26T14:44:19.197354
45917,,-71,26,0,759,65296,42840,3357701,0,99,9,0,0,14:33:5C:6D:AF:58,0,0,ARMED,72.0,0,1,80:02:9C:61:97:4B,11,20,233.3,,,,,80:02:9C:61:97:4A,0,0,NONE,2026-08-26T14:44:19.666354
45917,,64,64,0,0,65296,42840,3358319,0,99,9,0,0,14:33:5C:6D:AF:58,0,0,ARMED,72.0,0,0,80:02:9C:61:97:4B,11,7,78.8,,,,,80:02:9C:61:97:4A,0,0,NONE,2026-08-26T14:44:20.284354
45917,BEACON,-90,7,216298,2822,65296,42840,3358973,0,99,9,0,0,14:33:5C:6D:AF:58,0,0,ARMED,72.0,0,1,80:02:9C:61:97:4B,11,2,149.3,,,,,80:02:9C:61:97:4A,0,0,NONE,2026-08-26T14:44:20.938354
45917,BEACON,-91,6,0,2830,65296,42840,3359792,0,99,9,0,0,14:33:5C:6D:AF:58,0,0,ARMED,72.0,0,1,80:02:9C:61:97:4B,11,2,150.0,,,,,80:02:9C:61:97:4A,0,0,NONE,2026-08-26T14:44:21.757354
45917,BEACON,-64,33,0,1064,65296,42840,3360700,0,99,9,0,0,14:33:5C:6D:AF:58,0,0,ARMED,72.0,0,1,80:02:9C:61:97:4B,11,5,48.8,,,,,80:02:9C:61:97:4A,0,0,NONE,2026-08-26T14:44:22.665354
45917,PROBE_RESP,-80,17,10079,3591,65296,42840,3361412,0,99,9,0,0,14:33:5C:6D:AF:58,0,0,ARMED,72.0,0,1,80:02:9C:61:97:4B,11,6,61.3,,,,,80:02:9C:61:97:4A,0,0,NONE,2026-08-26T14:44:23.377354
45917,BEACON,-89,8,0,1886,65296,42840,3361830,0,99,9,0,0,14:33:5C:6D:AF:58,0,0,ARMED,72.0,0,1,80:02:9C:61:97:4B,11,4,52.3,,,,,80:02:9C:61:97:4A,0,0,NONE,2026-08-26T14:44:23.795354
45917,BEACON,-88,9,0,1893,65296,42840,3362546,0,99,9,0,0,14:33:5C:6D:AF:58,0,0,ARMED,72.0,0,1,80:02:9C:61:97:4B,11,3,41.2,,,,,80:02:9C:61:97:4A,0,0,NONE,2026-08-26T14:44:24.511354
45917,,-63,34,2384,27,65296,42840,3363295,0,99,9,0,0,14:33:5C:6D:AF:58,0,0,ARMED,72.0,0,0,80:02:9C:61:97:4B,11,8,170.4,,,,,80:02:9C:61:97:4A,0,0,NONE,2026-08-26T14:44:25.260354
45917,,-63,34,40395,36,65296,42840,3363583,0,99,9,0,0,14:33:5C:6D:AF:58,0,0,ARMED,72.0,0,1,80:02:9C:61:97:4B,11,4,142.7,,,,,80:02:9C:61:97:4A,0,0,NONE,2026-08-26T14:44:25.548354
45917,,65,65,0,0,65296,42840,3363904,0,99,9,0,0,14:33:5C:6D:AF:58,0,0,ARMED,72.0,0,0,80:02:9C:61:97:4B,11,12,287.1,,,,,80:02:9C:61:97:4A,0,0,NONE,2026-08-26T14:44:25.869354
45917,BEACON,-80,17,131640,3954,65296,42840,3364579,0,99,9,0,0,14:33:5C:6D:AF:58,0,0,ARMED,72.0,0,1,80:02:9C:61:97:4B,11,6,58.6,,,,,80:02:9C:61:97:4A,0,0,NONE,2026-08-26T14:44:26.544354
45917,,-56,41,419,37,65296,42840,3365023,0,99,9,0,0,14:33:5C:6D:AF:58,0,0,ARMED,72.0,0,0,80:02:9C:61:97:4B,11,22,639.4,,,,,80:02:9C:61:97:4A,0,0,NONE,2026-08-26T14:44:26.988354
45917,BEACON,-92,5,82,3300,65296,42840,3365440,0,99,9,0,0,14:33:5C:6D:AF:58,0,0,ARMED,72.0,0,1,80:02:9C:61:97:4B,11,5,171.6,,,,,80:02:9C:61:97:4A,0,0,NONE,2026-08-26T14:44:27.405354
45917,,-79,18,10494,788,65296,42840,3365916,0,99,9,0,0,14:33:5C:6D:AF:58,0,0,ARMED,72.0,0,1,80:02:9C:61:97:4B,11,17,178.0,,,,,80:02:9C:61:97:4A,0,0,NONE,2026-08-26T14:44:27.881354
45917,,-56,41,403,50,65296,42840,3366455,0,99,9,0,0,14:33:5C:6D:AF:58,0,0,ARMED,72.0,0,0,80:02:9C:61:97:4B,11,5,247.0,,,,,80:02:9C:61:97:4A,0,0,NONE,2026-08-26T14:44:28.420354
45917,,40,40,0,0,65296,42840,3366559,0,99,9,0,0,14:33:5C:6D:AF:58,0,0,ARMED,72.0,0,0,80:02:9C:61:97:4B,11,34,1571.8,,,,,80:02:9C:61:97:4A,0,0,NONE,2026-08-26T14:44:28.524354
45917,,40,40,0,0,65296,42840,3366610,0,99,9,0,0,14:33:5C:6D:AF:58,0,0,ARMED,72.0,0,0,80:02:9C:61:97:4B,11,84,1148.8,,,,,80:02:9C:61:97:4A,0,0,NONE,2026-08-26T14:44:28.575354
45917,,40,40,0,0,65296,42840,3366672,0,99,9,0,0,14:33:5C:6D:AF:58,1,1,ARMED,72.0,0,0,80:02:9C:61:97:4B,11,24,764.2,,,,,80:02:9C:61:97:4A,0,0,NONE,2026-08-26T14:44:28.637354
45917,,-56,41,0,56,65296,42840,3366722,0,99,9,0,0,14:33:5C:6D:AF:58,1,1,ARMED,72.0,0,0,80:02:9C:61:97:4B,11,74,914.1,,,,,80:02:9C:61:97:4A,0,0,NONE,2026-08-26T14:44:28.687354
45917,,-56,41,17064,63,65296,42840,3366960,0,99,9,0,0,14:33:5C:6D:AF:58,0,0,ARMED,72.0,0,1,80:02:9C:61:97:4B,11,23,204.6,,,,,80:02:9C:61:97:4A,0,0,NONE,2026-08-26T14:44:28.925354
45917,,40,40,0,0,65296,42840,3367286,0,99,9,0,0,14:33:5C:6D:AF:58,0,0,ARMED,72.0,0,0,80:02:9C:61:97:4B,11,3,3000.0,,,,,80:02:9C:61:97:4A,0,0,NONE,2026-08-26T14:44:29.251354
45917,,-89,8,53542,2786,65296,42840,3367686,0,99,9,0,0,14:33:5C:6D:AF:58,0,0,ARMED,72.0,0,1,80:02:9C:61:97:4B,11,10,103.9,,,,,80:02:9C:61:97:4A,0,0,NONE,2026-08-26T14:44:29.651354
45917,,-79,18,544,831,65296,42840,3367881,0,99,9,0,0,14:33:5C:6D:AF:58,0,0,ARMED,72.0,0,0,80:02:9C:61:97:4B,11,37,428.3,,,,,80:02:9C:61:97:4A,0,0,NONE,2026-08-26T14:44:29.846354
45917,,-63,34,10173,120,65296,42840,3368165,0,99,9,0,0,14:33:5C:6D:AF:58,0,0,ARMED,72.0,0,1,80:02:9C:61:97:4B,11,4,63.1,,,,,80:02:9C:61:97:4A,0,0,NONE,2026-08-26T14:44:30.130354
45917,,-61,36,3046,126,65296,42840,3368696,0,99,9,0,0,14:33:5C:6D:AF:58,0,0,ARMED,72.0,0,0,80:02:9C:61:97:4B,11,12,147.1,,,,,80:02:9C:61:97:4A,0,0,NONE,2026-08-26T14:44:30.661354
45917,BEACON,-82,15,82,3998,65296,42840,3369085,0,99,9,0,0,14:33:5C:6D:AF:58,0,0,ARMED,72.0,0,1,80:02:9C:61:97:4B,11,11,180.2,,,,,80:02:9C:61:97:4A,0,0,NONE,2026-08-26T14:44:31.050354
45917,,-79,18,166,849,65296,42840,3369516,0,99,9,0,0,14:33:5C:6D:AF:58,0,0,ARMED,72.0,0,0,80:02:9C:61:97:4B,11,17,209.1,,,,,80:02:9C:61:97:4A,0,0,NONE,2026-08-26T14:44:31.481354
45917,BEACON,-81,16,90020,4007,65296,42840,3370006,0,99,9,0,0,14:33:5C:6D:AF:58,0,0,ARMED,72.0,0,1,80:02:9C:61:97:4B,11,1,16.9,,,,,80:02:9C:61:97:4A,0,0,NONE,2026-08-26T14:44:31.971354
45917,,-63,34,0,141,65296,42840,3370381,0,99,9,0,0,14:33:5C:6D:AF:58,0,0,ARMED,72.0,0,1,80:02:9C:61:97:4B,11,3,112.9,,,,,80:02:9C:61:97:4A,0,0,NONE,2026-08-26T14:44:32.346354
45917,,-62,35,0,163,65296,42840,3370549,0,99,9,0,0,14:33:5C:6D:AF:58,0,0,ARMED,72.0,0,0,80:02:9C:61:97:4B,11,37,401.5,,,,,80:02:9C:61:97:4A,0,0,NONE,2026-08-26T14:44:32.514354
45917,BEACON,-91,6,0,3353,65296,42840,3370867,0,99,9,0,0,14:33:5C:6D:AF:58,0,0,ARMED,72.0,0,1,80:02:9C:61:97:4B,11,17,167.5,,,,,80:02:9C:61:97:4A,0,0,NONE,2026-08-26T14:44:32.832354
45917,BEACON,-92,5,0,2820,65296,42840,3371155,0,99,9,0,0,14:33:5C:6D:AF:58,0,0,ARMED,72.0,0,1,80:02:9C:61:97:4B,11,26,314.2,,,,,80:02:9C:61:97:4A,0,0,NONE,2026-08-26T14:44:33.120354
45917,,40,40,0,0,65296,42840,3371568,0,99,9,0,0,14:33:5C:6D:AF:58,0,0,ARMED,72.0,0,0,80:02:9C:61:97:4B,11,32,368.0,,,,,80:02:9C:61:97:4A,0,0,NONE,2026-08-26T14:44:33.533354
45917,,-78,19,16960,883,65296,42840,3371678,0,99,9,0,0,14:33:5C:6D:AF:58,0,1,ARMED,72.0,0,1,80:02:9C:61:97:4B,11,49,523.2,,,,,80:02:9C:61:97:4A,0,0,NONE,2026-08-26T14:44:33.643354
45917,,-80,17,0,884,65296,42840,3371717,0,99,9,0,0,14:33:5C:6D:AF:58,0,1,ARMED,72.0,0,1,80:02:9C:61:97:4B,11,29,892.1,,,,,80:02:9C:61:97:4A,0,0,NONE,2026-08-26T14:44:33.682354
45917,BEACON,-81,16,135521,4029,65296,42840,3372259,0,99,9,0,0,14:33:5C:6D:AF:58,0,0,ARMED,72.0,0,1,80:02:9C:61:97:4B,11,1,16.4,,,,,80:02:9C:61:97:4A,0,0,NONE,2026-08-26T14:44:34.224354
45917,,40,40,0,0,65280,42840,3372587,0,99,9,0,0,14:33:5C:6D:AF:58,0,0,ARMED,72.0,0,0,80:02:9C:61:97:4B,11,14,170.8,,,,,80:02:9C:61:97:4A,0,0,NONE,2026-08-26T14:44:34.552354
45917,,-63,34,0,202,65296,42840,3373181,0,99,9,0,0,14:33:5C:6D:AF:58,0,0,ARMED,72.0,0,0,80:02:9C:61:97:4B,11,5,80.7,,,,,80:02:9C:61:97:4A,0,0,NONE,2026-08-26T14:44:35.146354
45917,BEACON,-80,17,0,4041,65296,42840,3373488,0,99,9,0,0,14:33:5C:6D:AF:58,0,0,ARMED,72.0,0,0,80:02:9C:61:97:4B,11,6,98.3,,,,,80:02:9C:61:97:4A,0,0,NONE,2026-08-26T14:44:35.453354
45917,BEACON,-80,17,82,4046,65296,42840,3374000,0,99,9,0,0,14:33:5C:6D:AF:58,0,0,ARMED,72.0,0,1,80:02:9C:61:97:4B,11,2,32.7,,,,,80:02:9C:61:97:4A,0,0,NONE,2026-08-26T14:44:35.965354
45917,,-66,31,0,1209,63520,42840,3374323,0,99,9,0,0,14:33:5C:6D:AF:58,0,0,ARMED,72.0,0,1,80:02:9C:61:97:4B,11,8,103.2,,,,,80:02:9C:61:97:4A,0,0,NONE,2026-08-26T14:44:36.288354
45917,BEACON,-79,18,0,4054,65296,42840,3374819,0,99,9,0,0,14:33:5C:6D:AF:58,0,0,ARMED,72.0,0,1,80:02:9C:61:97:4B,11,25,244.3,,,,,80:02:9C:61:97:4A,0,0,NONE,2026-08-26T14:44:36.784354
45917,,-67,30,25957,825,65296,42840,3375351,0,99,9,0,0,14:33:5C:6D:AF:58,0,0,ARMED,72.0,0,1,80:02:9C:61:97:4B,11,4,198.4,,,,,80:02:9C:61:97:4A,0,0,NONE,2026-08-26T14:44:37.316354
45917,,-77,20,0,948,65296,42840,3375797,0,99,9,0,0,14:33:5C:6D:AF:58,0,0,ARMED,72.0,0,1,80:02:9C:61:97:4B,11,12,211.4,,,,,80:02:9C:61:97:4A,0,0,NONE,2026-08-26T14:44:37.762354
45917,,-56,41,4507,183,65296,42840,3376091,0,99,9,0,0,14:33:5C:6D:AF:58,0,0,ARMED,72.0,0,1,80:02:9C:61:97:4B,11,23,533.3,,,,,80:02:9C:61:97:4A,0,0,NONE,2026-08-26T14:44:38.056354
45917,BEACON,-89,8,0,2029,65296,42840,3376473,0,99,9,0,0,14:33:5C:6D:AF:58,0,0,ARMED,72.0,0,1,80:02:9C:61:97:4B,11,2,130.0,,,,,80:02:9C:61:97:4A,0,0,NONE,2026-08-26T14:44:38.438354
45917,DEAUTH,40,40,0,0,65296,42840,3376653,0,99,9,0,0,14:33:5C:6D:AF:58,0,0,ARMED,72.0,0,0,80:02:9C:61:97:4B,11,43,460.8,,,,,80:02:9C:61:97:4A,0,0,NONE,2026-08-26T14:44:38.618354
45917,,-56,41,527,201,65296,42840,3376710,0,99,9,0,0,14:33:5C:6D:AF:58,1,1,ARMED,72.0,0,0,80:02:9C:61:97:4B,11,49,1214.6,,,,,80:02:9C:61:97:4A,0,0,NONE,2026-08-26T14:44:38.675354
45917,,40,40,0,0,65296,42840,3376862,0,99,9,0,0,14:33:5C:6D:AF:58,1,1,ARMED,72.0,0,0,80:02:9C:61:97:4B,11,35,380.7,,,,,80:02:9C:61:97:4A,0,0,NONE,2026-08-26T14:44:38.827354
45917,,40,40,0,0,65296,42840,3376904,0,99,9,0,0,14:33:5C:6D:AF:58,1,1,ARMED,72.0,0,0,80:02:9C:61:97:4B,11,49,3089.3,,,,,80:02:9C:61:97:4A,0,0,NONE,2026-08-26T14:44:38.869354
45917,BEACON,-89,8,0,3007,65296,42840,3377302,0,99,9,0,0,14:33:5C:6D:AF:58,0,0,ARMED,72.0,0,1,80:02:9C:61:97:4B,11,10,97.7,,,,,80:02:9C:61:97:4A,0,0,NONE,2026-08-26T14:44:39.267354
45917,BEACON,-96,1,0,2082,65296,42840,3377808,0,99,9,0,0,14:33:5C:6D:AF:58,0,0,ARMED,72.0,0,1,80:02:9C:61:97:4B,11,14,145.3,,,,,80:02:9C:61:97:4A,0,0,NONE,2026-08-26T14:44:39.773354
45917,,-63,34,0,289,65296,42840,3378322,0,99,9,0,0,14:33:5C:6D:AF:58,0,0,ARMED,72.0,0,0,80:02:9C:61:97:4B,11,13,156.7,,,,,80:02:9C:61:97:4A,0,0,NONE,2026-08-26T14:44:40.287354
45917,,40,40,0,0,65296,42840,3378833,0,99,9,0,0,14:33:5C:6D:AF:58,0,0,ARMED,72.0,0,0,80:02:9C:61:97:4B,11,6,286.3,,,,,80:02:9C:61:97:4A,0,0,NONE,2026-08-26T14:44:40.798354
45917,,-63,34,291,298,65296,42840,3379425,0,99,9,0,0,14:33:5C:6D:AF:58,0,0,ARMED,72.0,0,0,80:02:9C:61:97:4B,11,2,2000.0,,,,,80:02:9C:61:97:4A,0,0,NONE,2026-08-26T14:44:41.390354
45917,PROBE_REQ,-90,7,11502,20,65296,42840,3380004,0,99,9,0,0,14:33:5C:6D:AF:58,0,0,ARMED,72.0,0,1,80:02:9C:61:97:4B,11,9,137.2,,,,,80:02:9C:61:97:4A,0,0,NONE,2026-08-26T14:44:41.969354
45917,,40,40,0,0,65296,42840,3380176,0,99,9,0,0,14:33:5C:6D:AF:58,0,1,ARMED,72.0,0,0,80:02:9C:61:97:4B,11,10,309.0,,,,,80:02:9C:61:97:4A,0,0,NONE,2026-08-26T14:44:42.141354
45917,BEACON,-66,31,0,1278,65296,42840,3380566,0,99,9,0,0,14:33:5C:6D:AF:58,0,0,ARMED,72.0,0,1,80:02:9C:61:97:4B,11,1,80.7,,,,,80:02:9C:61:97:4A,0,0,NONE,2026-08-26T14:44:42.531354
45917,BEACON,-94,3,0,3454,65296,42840,3381209,0,99,9,0,0,14:33:5C:6D:AF:58,0,0,ARMED,72.0,0,1,80:02:9C:61:97:4B,11,4,96.3,,,,,80:02:9C:61:97:4A,0,0,NONE,2026-08-26T14:44:43.174354
45917,BEACON,-96,1,0,2121,65296,42840,3381802,0,99,9,0,0,14:33:5C:6D:AF:58,0,0,ARMED,72.0,0,0,80:02:9C:61:97:4B,11,3,152.2,,,,,80:02:9C:61:97:4A,0,0,NONE,2026-08-26T14:44:43.767354
45917,BEACON,-80,17,52,30,65296,42840,3382192,0,99,9,0,0,14:33:5C:6D:AF:58,0,1,ARMED,72.0,0,1,80:02:9C:61:97:4B,11,29,283.2,,,,,80:02:9C:61:97:4A,0,0,NONE,2026-08-26T14:44:44.157354
45917,,-63,34,291,353,65296,42840,3382882,0,99,9,0,0,14:33:5C:6D:AF:58,0,0,ARMED,72.0,0,0,80:02:9C:61:97:4B,11,11,144.9,,,,,80:02:9C:61:97:4A,0,0,NONE,2026-08-26T14:44:44.847354
45917,BEACON,-96,1,0,3476,65296,42840,3383462,0,99,9,0,0,14:33:5C:6D:AF:58,0,0,ARMED,72.0,0,1,80:02:9C:61:97:4B,11,4,96.4,,,,,80:02:9C:61:97:4A,0,0,NONE,2026-08-26T14:44:45.427354
45917,,-56,41,1032,280,65296,42840,3383673,0,99,9,0,0,14:33:5C:6D:AF:58,0,0,ARMED,72.0,0,0,80:02:9C:61:97:4B,11,21,597.8,,,,,80:02:9C:61:97:4A,0,0,NONE,2026-08-26T14:44:45.638354
45917,BEACON,-91,6,0,3075,65296,42840,3384265,0,99,9,0,0,14:33:5C:6D:AF:58,0,0,ARMED,72.0,0,1,80:02:9C:61:97:4B,11,1,74.1,,,,,80:02:9C:61:97:4A,0,0,NONE,2026-08-26T14:44:46.230354
45917,BEACON,-80,17,0,60,65296,42840,3385264,0,99,9,0,0,14:33:5C:6D:AF:58,0,0,ARMED,72.0,0,0,80:02:9C:61:97:4B,11,4,44.4,,,,,80:02:9C:61:97:4A,0,1,AUTH_FLOOD,2026-08-26T14:44:47.229354
45917,AUTH,-37,60,0,913,65296,42840,3385496,0,99,9,0,0,14:33:5C:6D:AF:58,1,1,ARMED,72.0,0,0,80:02:9C:61:97:4B,11,19,1113.8,,,,,80:02:9C:61:97:4A,0,1,AUTH_FLOOD,2026-08-26T14:44:47.461354
45917,AUTH,-41,56,0,936,65296,42840,3385529,0,99,9,0,0,14:33:5C:6D:AF:58,1,1,ARMED,72.0,0,0,80:02:9C:61:97:4B,11,69,1368.4,,,,,80:02:9C:61:97:4A,0,1,AUTH_FLOOD,2026-08-26T14:44:47.494354
45917,AUTH,-41,56,0,963,64652,42840,3385566,0,99,9,0,0,14:33:5C:6D:AF:58,1,1,ARMED,72.0,0,0,80:02:9C:61:97:4B,11,119,1363.5,,,,,80:02:9C:61:97:4A,0,1,AUTH_FLOOD,2026-08-26T14:44:47.531354
45917,AUTH,-42,55,0,987,64008,42840,3385609,0,99,9,0,0,14:33:5C:6D:AF:58,1,1,ARMED,72.0,0,1,80:02:9C:61:97:4B,11,49,2739.1,,,,,80:02:9C:61:97:4A,0,1,AUTH_FLOOD,2026-08-26T14:44:47.574354
45917,AUTH,-65,32,0,1347,65296,42840,3385652,0,99,9,0,0,14:33:5C:6D:AF:58,1,1,ARMED,72.0,0,1,80:02:9C:61:97:4B,11,99,1621.7,,,,,80:02:9C:61:97:4A,0,1,AUTH_FLOOD,2026-08-26T14:44:47.617354
45917,DEAUTH,-67,30,0,1350,65296,42840,3385691,0,99,9,0,0,14:33:5C:6D:AF:58,1,1,ARMED,72.0,0,1,80:02:9C:61:97:4B,11,149,1492.9,,,,,80:02:9C:61:97:4A,0,1,AUTH_FLOOD,2026-08-26T14:44:47.656354
45917,AUTH,-42,55,0,1058,65296,42840,3385729,0,99,9,0,0,14:33:5C:6D:AF:58,1,1,ARMED,72.0,0,1,80:02:9C:61:97:4B,11,49,1410.4,,,,,80:02:9C:61:97:4A,0,1,AUTH_FLOOD,2026-08-26T14:44:47.694354
45917,AUTH,-41,56,0,1087,65296,42840,3385765,0,99,9,0,0,14:33:5C:6D:AF:58,1,1,ARMED,72.0,0,0,80:02:9C:61:97:4B,11,99,1394.8,,,,,80:02:9C:61:97:4A,0,1,AUTH_FLOOD,2026-08-26T14:44:47.730354
45917,AUTH,-41,56,0,1110,65296,42840,3385810,0,99,9,0,0,14:33:5C:6D:AF:58,1,1,ARMED,72.0,0,1,80:02:9C:61:97:4B,11,19,1221.5,,,,,80:02:9C:61:97:4A,0,1,AUTH_FLOOD,2026-08-26T14:44:47.775354
45917,AUTH,-68,29,0,1367,65296,42840,3385852,0,99,9,0,0,14:33:5C:6D:AF:58,1,1,ARMED,72.0,0,0,80:02:9C:61:97:4B,11,69,1197.3,,,,,80:02:9C:61:97:4A,0,1,AUTH_FLOOD,2026-08-26T14:44:47.817354
45917,AUTH,-68,29,0,1374,65296,42840,3385897,0,99,9,0,0,14:33:5C:6D:AF:58,1,1,ARMED,72.0,0,0,80:02:9C:61:97:4B,11,2,724.1,,,,,80:02:9C:61:97:4A,0,1,AUTH_FLOOD,2026-08-26T14:44:47.862354
45917,DEAUTH,-67,30,0,1381,65296,42840,3385940,0,99,9,0,0,14:33:5C:6D:AF:58,1,1,ARMED,72.0,0,0,80:02:9C:61:97:4B,11,52,1144.5,,,,,80:02:9C:61:97:4A,0,1,AUTH_FLOOD,2026-08-26T14:44:47.905354
45917,AUTH,-66,31,0,1388,65296,42840,3385984,0,99,9,0,0,14:33:5C:6D:AF:58,1,1,ARMED,72.0,0,0,80:02:9C:61:97:4B,11,102,1148.2,,,,,80:02:9C:61:97:4A,0,1,AUTH_FLOOD,2026-08-26T14:44:47.949354
45917,AUTH,-66,31,0,1395,65296,42840,3386030,0,99,9,0,0,14:33:5C:6D:AF:58,1,1,ARMED,72.0,0,0,80:02:9C:61:97:4B,11,49,2312.0,,,,,80:02:9C:61:97:4A,0,1,AUTH_FLOOD,2026-08-26T14:44:47.995354
45917,AUTH,-68,29,0,1403,65296,42840,3386074,0,99,9,0,0,14:33:5C:6D:AF:58,1,1,ARMED,72.0,0,0,80:02:9C:61:97:4B,11,99,1516.4,,,,,80:02:9C:61:97:4A,0,1,AUTH_FLOOD,2026-08-26T14:44:48.039354
45917,AUTH,-67,30,0,1410,65296,42840,3386120,0,99,9,0,0,14:33:5C:6D:AF:58,1,1,ARMED,72.0,0,0,80:02:9C:61:97:4B,11,14,1241.9,,,,,80:02:9C:61:97:4A,0,1,AUTH_FLOOD,2026-08-26T14:44:48.085354
45917,DEAUTH,-67,30,0,1417,65296,42840,3386164,0,99,9,0,0,14:33:5C:6D:AF:58,1,1,ARMED,72.0,0,0,80:02:9C:61:97:4B,11,64,1173.3,,,,,80:02:9C:61:97:4A,0,1,AUTH_FLOOD,2026-08-26T14:44:48.129354
45917,,-74,23,684,1068,65296,42840,3386213,0,99,9,0,0,14:33:5C:6D:AF:58,1,1,ARMED,72.0,0,1,80:02:9C:61:97:4B,11,3,1127.4,,,,,80:02:9C:61:97:4A,0,1,AUTH_FLOOD,2026-08-26T14:44:48.178354
45917,DEAUTH,-67,30,0,1432,65296,42840,3386254,0,99,9,0,0,14:33:5C:6D:AF:58,1,1,ARMED,72.0,0,0,80:02:9C:61:97:4B,11,53,1203.9,,,,,80:02:9C:61:97:4A,0,1,AUTH_FLOOD,2026-08-26T14:44:48.219354
45917,DEAUTH,-68,29,0,1438,65296,42840,3386297,0,99,9,0,0,14:33:5C:6D:AF:58,1,1,ARMED,72.0,0,0,80:02:9C:61:97:4B,11,103,1180.4,,,,,80:02:9C:61:97:4A,0,1,AUTH_FLOOD,2026-08-26T14:44:48.262354
45917,AUTH,-66,31,0,1446,65296,42840,3386344,0,99,9,0,0,14:33:5C:6D:AF:58,1,1,ARMED,72.0,0,0,80:02:9C:61:97:4B,11,39,1163.0,,,,,80:02:9C:61:97:4A,0,1,AUTH_FLOOD,2026-08-26T14:44:48.309354
45917,AUTH,-66,31,0,1452,65296,42840,3386383,0,99,9,0,0,14:33:5C:6D:AF:58,1,1,ARMED,72.0,0,0,80:02:9C:61:97:4B,11,89,1213.6,,,,,80:02:9C:61:97:4A,0,1,AUTH_FLOOD,2026-08-26T14:44:48.348354
45917,AUTH,-67,30,0,1460,65296,42840,3386433,0,99,9,0,0,14:33:5C:6D:AF:58,1,1,ARMED,72.0,0,0,80:02:9C:61:97:4B,11,25,1087.6,,,,,80:02:9C:61:97:4A,0,1,AUTH_FLOOD,2026-08-26T14:44:48.398354
45917,AUTH,-65,32,0,1467,65296,42840,3386479,0,99,9,0,0,14:33:5C:6D:AF:58,1,1,ARMED,72.0,0,0,80:02:9C:61:97:4B,11,75,1090.6,,,,,80:02:9C:61:97:4A,0,1,AUTH_FLOOD,2026-08-26T14:44:48.444354
45917,,-63,34,2587,398,65296,42840,3386529,0,99,9,0,0,14:33:5C:6D:AF:58,1,1,ARMED,72.0,0,1,80:02:9C:61:97:4B,11,21,1149.7,,,,,80:02:9C:61:97:4A,0,1,AUTH_FLOOD,2026-08-26T14:44:48.494354
45917,AUTH,-67,30,0,1480,65296,42840,3386570,0,99,9,0,0,14:33:5C:6D:AF:58,1,1,ARMED,72.0,0,0,80:02:9C:61:97:4B,11,71,1195.3,,,,,80:02:9C:61:97:4A,0,1,AUTH_FLOOD,2026-08-26T14:44:48.535354
45917,,-73,24,310,1073,65296,42840,3386619,0,99,9,0,0,14:33:5C:6D:AF:58,1,1,ARMED,72.0,0,0,80:02:9C:61:97:4B,11,11,1458.7,,,,,80:02:9C:61:97:4A,0,1,AUTH_FLOOD,2026-08-26T14:44:48.584354
45917,AUTH,-68,29,0,1495,65296,42840,3386664,0,99,9,0,0,14:33:5C:6D:AF:58,1,1,ARMED,72.0,0,0,80:02:9C:61:97:4B,11,61,1161.2,,,,,80:02:9C:61:97:4A,0,1,AUTH_FLOOD,2026-08-26T14:44:48.629354
45917,BEACON,-90,7,0,2129,65296,42840,3386716,0,99,9,0,0,14:33:5C:6D:AF:58,1,1,ARMED,72.0,0,1,80:02:9C:61:97:4B,11,111,1087.7,,,,,80:02:9C:61:97:4A,0,1,AUTH_FLOOD,2026-08-26T14:44:48.681354
45917,,40,40,0,0,65296,42840,3386743,0,99,9,0,0,14:33:5C:6D:AF:58,1,1,ARMED,72.0,0,0,80:02:9C:61:97:4B,11,50,1655.7,,,,,80:02:9C:61:97:4A,0,1,AUTH_FLOOD,2026-08-26T14:44:48.708354
45917,AUTH,-37,60,0,1133,65296,42840,3386948,0,99,9,0,0,14:33:5C:6D:AF:58,1,0,ARMED,72.0,0,0,80:02:9C:61:97:4B,11,2,65.7,,,,,80:02:9C:61:97:4A,0,1,AUTH_FLOOD,2026-08-26T14:44:48.913354
45917,,-56,41,995,314,65296,42840,3387063,0,99,9,0,0,14:33:5C:6D:AF:58,0,1,ARMED,72.0,0,0,80:02:9C:61:97:4B,11,21,488.9,,,,,80:02:9C:61:97:4A,0,1,AUTH_FLOOD,2026-08-26T14:44:49.028354
45917,BEACON,-81,16,0,81,65292,42840,3387414,0,99,9,0,0,14:33:5C:6D:AF:58,1,0,ARMED,72.0,0,1,80:02:9C:61:97:4B,11,5,57.4,,,,,80:02:9C:61:97:4A,0,1,AUTH_FLOOD,2026-08-26T14:44:49.379354
45917,BEACON,-89,8,0,2138,65292,42840,3387634,0,99,9,0,0,14:33:5C:6D:AF:58,0,0,ARMED,72.0,0,1,80:02:9C:61:97:4B,11,34,391.1,,,,,80:02:9C:61:97:4A,0,1,AUTH_FLOOD,2026-08-26T14:44:49.599354
45917,AUTH,-66,31,0,1531,65292,42840,3387947,0,99,9,0,0,14:33:5C:6D:AF:58,0,0,ARMED,72.0,0,0,80:02:9C:61:97:4B,11,17,208.6,,,,,80:02:9C:61:97:4A,0,1,AUTH_FLOOD,2026-08-26T14:44:49.912354
45917,AUTH,-42,55,0,1142,65292,42840,3388158,0,99,9,0,0,14:33:5C:6D:AF:58,1,1,ARMED,72.0,0,0,80:02:9C:61:97:4B,11,20,240.6,,,,,80:02:9C:61:97:4A,0,1,AUTH_FLOOD,2026-08-26T14:44:50.123354
45917,AUTH,-67,30,0,1541,65292,42840,3388291,0,99,9,0,0,14:33:5C:6D:AF:58,1,1,ARMED,72.0,0,0,80:02:9C:61:97:4B,11,13,1164.9,,,,,80:02:9C:61:97:4A,0,1,AUTH_FLOOD,2026-08-26T14:44:50.256354
45917,BEACON,-65,32,0,1549,65292,42840,3388655,0,99,9,0,0,14:33:5C:6D:AF:58,1,1,ARMED,72.0,0,0,80:02:9C:61:97:4B,11,5,343.1,,,,,80:02:9C:61:97:4A,0,1,AUTH_FLOOD,2026-08-26T14:44:50.620354
45917,,-63,34,0,443,65292,42840,3388972,0,99,9,0,0,14:33:5C:6D:AF:58,1,1,ARMED,72.0,0,0,80:02:9C:61:97:4B,11,9,412.5,,,,,80:02:9C:61:97:4A,0,1,AUTH_FLOOD,2026-08-26T14:44:50.937354
45917,BEACON,-80,17,0,100,65292,42840,3389360,0,99,9,0,0,14:33:5C:6D:AF:58,0,0,ARMED,72.0,0,1,80:02:9C:61:97:4B,11,6,58.6,,,,,80:02:9C:61:97:4A,0,1,AUTH_FLOOD,2026-08-26T14:44:51.325354
45917,BEACON,-91,6,0,3130,65292,42840,3389693,0,99,9,0,0,14:33:5C:6D:AF:58,1,0,ARMED,72.0,0,1,80:02:9C:61:97:4B,11,5,194.0,,,,,80:02:9C:61:97:4A,0,1,AUTH_FLOOD,2026-08-26T14:44:51.658354
45917,,-56,41,371,332,65292,42840,3389937,0,99,9,0,0,14:33:5C:6D:AF:58,0,0,ARMED,72.0,0,1,80:02:9C:61:97:4B,11,40,615.4,,,,,80:02:9C:61:97:4A,0,1,AUTH_FLOOD,2026-08-26T14:44:51.902354
45917,BEACON,-88,9,0,2164,65292,42840,3390297,0,99,9,0,0,14:33:5C:6D:AF:58,1,1,ARMED,72.0,0,1,80:02:9C:61:97:4B,11,2,129.9,,,,,80:02:9C:61:97:4A,0,1,AUTH_FLOOD,2026-08-26T14:44:52.262354
45917,,-57,40,0,339,65292,42840,3390423,0,99,9,0,0,14:33:5C:6D:AF:58,1,0,ARMED,72.0,0,0,80:02:9C:61:97:4B,11,35,885.0,,,,,80:02:9C:61:97:4A,0,1,AUTH_FLOOD,2026-08-26T14:44:52.388354
45917,BEACON,-88,9,0,2169,65292,42840,3390809,0,99,9,0,0,14:33:5C:6D:AF:58,0,0,ARMED,72.0,0,1,80:02:9C:61:97:4B,11,3,193.9,,,,,80:02:9C:61:97:4A,0,1,AUTH_FLOOD,2026-08-26T14:44:52.774354
45917,,40,40,0,0,65292,42840,3391457,0,99,9,0,0,14:33:5C:6D:AF:58,0,0,ARMED,72.0,0,0,80:02:9C:61:97:4B,11,10,201.5,,,,,80:02:9C:61:97:4A,0,1,AUTH_FLOOD,2026-08-26T14:44:53.422354
45917,BEACON,-96,1,0,2216,65292,42840,3391837,0,99,9,0,0,14:33:5C:6D:AF:58,0,0,ARMED,72.0,0,0,80:02:9C:61:97:4B,11,3,152.2,,,,,80:02:9C:61:97:4A,0,1,AUTH_FLOOD,2026-08-26T14:44:53.802354
45917,,-63,34,627,490,65292,42840,3392392,0,99,9,0,0,14:33:5C:6D:AF:58,0,0,ARMED,72.0,0,0,80:02:9C:61:97:4B,11,9,144.5,,,,,80:02:9C:61:97:4A,0,1,AUTH_FLOOD,2026-08-26T14:44:54.357354
45917,BEACON,-88,9,0,2190,65292,42840,3392959,0,99,9,0,0,14:33:5C:6D:AF:58,0,0,ARMED,72.0,0,1,80:02:9C:61:97:4B,11,2,129.8,,,,,80:02:9C:61:97:4A,0,1,AUTH_FLOOD,2026-08-26T14:44:54.924354
45917,MGMT_OTHER,-92,5,60023,2651,65292,42840,3393446,0,99,9,0,0,14:33:5C:6D:AF:58,0,0,ARMED,72.0,0,1,80:02:9C:61:97:4B,11,5,54.1,,,,,80:02:9C:61:97:4A,0,1,AUTH_FLOOD,2026-08-26T14:44:55.411354
45917,,-56,41,940,375,65292,42840,3393943,0,99,9,0,0,14:33:5C:6D:AF:58,0,0,ARMED,72.0,0,0,80:02:9C:61:97:4B,11,25,322.3,,,,,80:02:9C:61:97:4A,0,1,AUTH_FLOOD,2026-08-26T14:44:55.908354
45917,BEACON,-92,5,0,3174,65292,42840,3394199,0,99,9,0,0,14:33:5C:6D:AF:58,0,0,ARMED,72.0,0,1,80:02:9C:61:97:4B,11,4,167.4,,,,,80:02:9C:61:97:4A,0,1,AUTH_FLOOD,2026-08-26T14:44:56.164354
45917,BEACON,-92,5,0,3181,65292,42840,3394915,0,99,9,0,0,14:33:5C:6D:AF:58,0,0,ARMED,72.0,0,1,80:02:9C:61:97:4B,11,3,116.5,,,,,80:02:9C:61:97:4A,0,1,AUTH_FLOOD,2026-08-26T14:44:56.880354
45917,,-75,22,10110,1108,65292,42840,3395411,0,99,9,0,0,14:33:5C:6D:AF:58,0,0,ARMED,72.0,0,0,80:02:9C:61:97:4B,11,2,194.7,,,,,80:02:9C:61:97:4A,0,1,AUTH_FLOOD,2026-08-26T14:44:57.376354
45917,,-56,41,0,391,65292,42840,3395663,0,99,9,0,0,14:33:5C:6D:AF:58,0,0,ARMED,72.0,0,0,80:02:9C:61:97:4B,11,24,423.1,,,,,80:02:9C:61:97:4A,0,1,AUTH_FLOOD,2026-08-26T14:44:57.628354
45917,PROBE_RESP,-80,17,0,3637,65292,42840,3396244,0,99,9,0,0,14:33:5C:6D:AF:58,0,0,ARMED,72.0,0,0,80:02:9C:61:97:4B,11,6,256.3,,,,,80:02:9C:61:97:4A,0,1,AUTH_FLOOD,2026-08-26T14:44:58.209354
45917,,40,40,0,0,65292,42840,3396668,0,99,9,0,0,14:33:5C:6D:AF:58,0,0,ARMED,72.0,0,1,80:02:9C:61:97:4B,11,11,292.9,,,,,80:02:9C:61:97:4A,0,1,AUTH_FLOOD,2026-08-26T14:44:58.633354
45917,,40,40,0,0,65292,42840,3396762,0,99,9,0,0,14:33:5C:6D:AF:58,0,1,ARMED,72.0,0,0,80:02:9C:61:97:4B,11,27,863.4,,,,,80:02:9C:61:97:4A,0,1,AUTH_FLOOD,2026-08-26T14:44:58.727354
45917,BEACON,-79,18,82,175,65292,42840,3397040,0,99,9,0,0,14:33:5C:6D:AF:58,0,0,ARMED,72.0,0,1,80:02:9C:61:97:4B,11,6,58.6,,,,,80:02:9C:61:97:4A,0,1,AUTH_FLOOD,2026-08-26T14:44:59.005354
45917,,-63,34,292,574,65292,42840,3397377,0,99,9,0,0,14:33:5C:6D:AF:58,0,0,ARMED,72.0,0,0,80:02:9C:61:97:4B,11,24,787.6,,,,,80:02:9C:61:97:4A,0,1,AUTH_FLOOD,2026-08-26T14:44:59.342354
45917,BEACON,-91,6,0,3616,65292,42840,3397798,0,99,9,0,0,14:33:5C:6D:AF:58,0,0,ARMED,72.0,0,1,80:02:9C:61:97:4B,11,5,120.4,,,,,80:02:9C:61:97:4A,0,1,AUTH_FLOOD,2026-08-26T14:44:59.763354
45917,BEACON,-66,31,0,1681,65292,42840,3398281,0,99,9,0,0,14:33:5C:6D:AF:58,0,0,ARMED,72.0,0,1,80:02:9C:61:97:4B,11,1,80.8,,,,,80:02:9C:61:97:4A,0,1,AUTH_FLOOD,2026-08-26T14:45:00.246354
45917,BEACON,-93,4,0,3222,65292,42840,3398909,0,99,9,0,0,14:33:5C:6D:AF:58,0,0,ARMED,72.0,0,1,80:02:9C:61:97:4B,11,4,155.1,,,,,80:02:9C:61:97:4A,0,1,AUTH_FLOOD,2026-08-26T14:45:00.874354
45917,,-93,4,24630,1317,65292,42840,3399355,0,99,9,0,0,14:33:5C:6D:AF:58,0,0,ARMED,72.0,0,1,80:02:9C:61:97:4B,11,11,175.4,,,,,80:02:9C:61:97:4A,0,1,AUTH_FLOOD,2026-08-26T14:45:01.320354
45917,AUTH,-38,59,0,1213,65292,42840,3399766,0,99,9,0,0,14:33:5C:6D:AF:58,0,0,ARMED,72.0,0,1,80:02:9C:61:97:4B,11,5,77.6,,,,,80:02:9C:61:97:4A,0,1,AUTH_FLOOD,2026-08-26T14:45:01.731354
45917,,40,40,0,0,65292,42840,3400234,0,99,9,0,0,14:33:5C:6D:AF:58,0,0,ARMED,72.0,0,1,80:02:9C:61:97:4B,11,4,199.0,,,,,80:02:9C:61:97:4A,0,1,AUTH_FLOOD,2026-08-26T14:45:02.199354
45917,PROBE_RESP,-80,17,0,3644,65292,42840,3400285,0,99,9,0,0,14:33:5C:6D:AF:58,0,0,ARMED,72.0,0,0,80:02:9C:61:97:4B,11,54,765.7,,,,,80:02:9C:61:97:4A,0,1,AUTH_FLOOD,2026-08-26T14:45:02.250354
45917,,-63,34,292,613,65292,42840,3400903,0,99,9,0,0,14:33:5C:6D:AF:58,0,0,ARMED,72.0,0,0,80:02:9C:61:97:4B,11,6,80.3,,,,,80:02:9C:61:97:4A,0,1,AUTH_FLOOD,2026-08-26T14:45:02.868354
45917,AUTH,-37,60,0,1223,65292,42840,3401100,0,99,9,0,0,14:33:5C:6D:AF:58,0,0,ARMED,72.0,0,1,80:02:9C:61:97:4B,11,9,135.4,,,,,80:02:9C:61:97:4A,0,1,AUTH_FLOOD,2026-08-26T14:45:03.065354
45917,,40,40,0,0,65292,42840,3401359,0,99,9,0,0,14:33:5C:6D:AF:58,0,0,ARMED,72.0,0,0,80:02:9C:61:97:4B,11,13,695.3,,,,,80:02:9C:61:97:4A,0,1,AUTH_FLOOD,2026-08-26T14:45:03.324354
45917,,40,40,0,0,65292,42840,3401631,0,99,9,0,0,14:33:5C:6D:AF:58,0,0,ARMED,72.0,0,0,80:02:9C:61:97:4B,11,26,305.8,,,,,80:02:9C:61:97:4A,0,1,AUTH_FLOOD,2026-08-26T14:45:03.596354
45917,AUTH,-38,59,82,1230,65292,42840,3401916,0,99,9,0,0,14:33:5C:6D:AF:58,0,0,ARMED,72.0,0,0,80:02:9C:61:97:4B,11,7,110.8,,,,,80:02:9C:61:97:4A,0,1,AUTH_FLOOD,2026-08-26T14:45:03.881354
45917,,40,40,0,0,65292,42840,3402385,0,99,9,0,0,14:33:5C:6D:AF:58,0,0,ARMED,72.0,0,0,80:02:9C:61:97:4B,11,9,432.7,,,,,80:02:9C:61:97:4A,0,1,AUTH_FLOOD,2026-08-26T14:45:04.350354
45917,,-56,41,0,456,65292,42840,3402758,0,99,9,0,0,14:33:5C:6D:AF:58,0,0,ARMED,72.0,0,0,80:02:9C:61:97:4B,11,18,209.5,,,,,80:02:9C:61:97:4A,0,1,AUTH_FLOOD,2026-08-26T14:45:04.723354
45917,BEACON,-80,17,0,237,65292,42840,3403388,0,99,9,0,0,14:33:5C:6D:AF:58,0,0,ARMED,72.0,0,1,80:02:9C:61:97:4B,11,7,68.4,,,,,80:02:9C:61:97:4A,0,1,AUTH_FLOOD,2026-08-26T14:45:05.353354
45917,,-63,34,292,659,65292,42840,3403907,0,99,9,0,0,14:33:5C:6D:AF:58,0,0,ARMED,72.0,0,0,80:02:9C:61:97:4B,11,8,1183.4,,,,,80:02:9C:61:97:4A,0,1,AUTH_FLOOD,2026-08-26T14:45:05.872354
45917,BEACON,-80,17,0,246,65292,42840,3404310,0,99,9,0,0,14:33:5C:6D:AF:58,0,0,ARMED,72.0,0,1,80:02:9C:61:97:4B,11,6,58.6,,,,,80:02:9C:61:97:4A,0,1,AUTH_FLOOD,2026-08-26T14:45:06.275354
45917,,-63,34,479,678,65292,42840,3404478,0,99,9,0,0,14:33:5C:6D:AF:58,0,0,ARMED,72.0,0,0,80:02:9C:61:97:4B,11,46,722.0,,,,,80:02:9C:61:97:4A,0,1,AUTH_FLOOD,2026-08-26T14:45:06.443354
45917,BEACON,-92,5,0,3685,65292,42840,3404864,0,99,9,0,0,14:33:5C:6D:AF:58,0,0,ARMED,72.0,0,1,80:02:9C:61:97:4B,11,5,120.4,,,,,80:02:9C:61:97:4A,0,1,AUTH_FLOOD,2026-08-26T14:45:06.829354
45917,AUTH,-38,59,0,1254,65292,42840,3405268,0,99,9,0,0,14:33:5C:6D:AF:58,0,0,ARMED,72.0,0,1,80:02:9C:61:97:4B,11,8,221.2,,,,,80:02:9C:61:97:4A,0,1,AUTH_FLOOD,2026-08-26T14:45:07.233354
45917,,-63,34,680,693,65292,42840,3405765,0,99,9,0,0,14:33:5C:6D:AF:58,0,0,ARMED,72.0,0,0,80:02:9C:61:97:4B,11,7,325.0,,,,,80:02:9C:61:97:4A,0,1,AUTH_FLOOD,2026-08-26T14:45:07.730354
45917,BEACON,-79,18,0,263,65292,42840,3406051,0,99,9,0,0,14:33:5C:6D:AF:58,0,0,ARMED,72.0,0,1,80:02:9C:61:97:4B,11,12,117.2,,,,,80:02:9C:61:97:4A,0,1,AUTH_FLOOD,2026-08-26T14:45:08.016354
45917,,40,40,0,0,65292,42840,3406614,0,99,9,0,0,14:33:5C:6D:AF:58,0,0,ARMED,72.0,0,1,80:02:9C:61:97:4B,11,7,137.8,,,,,80:02:9C:61:97:4A,0,1,AUTH_FLOOD,2026-08-26T14:45:08.579354
45917,,40,40,0,0,65292,42840,3406743,0,99,9,0,0,14:33:5C:6D:AF:58,0,1,ARMED,72.0,0,0,80:02:9C:61:97:4B,11,20,256.7,,,,,80:02:9C:61:97:4A,0,1,AUTH_FLOOD,2026-08-26T14:45:08.708354
45917,,-63,34,1224,731,65292,42840,3407221,0,99,9,0,0,14:33:5C:6D:AF:58,0,0,ARMED,72.0,0,0,80:02:9C:61:97:4B,11,10,228.4,,,,,80:02:9C:61:97:4A,0,1,AUTH_FLOOD,2026-08-26T14:45:09.186354
45917,,-63,34,292,744,65292,42840,3407727,0,99,9,0,0,14:33:5C:6D:AF:58,0,0,ARMED,72.0,0,0,80:02:9C:61:97:4B,11,11,294.2,,,,,80:02:9C:61:97:4A,0,1,AUTH_FLOOD,2026-08-26T14:45:09.692354
45917,BEACON,-66,31,0,1795,65292,42840,3408009,0,99,9,0,0,14:33:5C:6D:AF:58,0,0,ARMED,72.0,0,1,80:02:9C:61:97:4B,11,2,161.9,,,,,80:02:9C:61:97:4A,0,1,AUTH_FLOOD,2026-08-26T14:45:09.974354
45917,AUTH,-38,59,0,1274,65292,42840,3408626,0,99,9,0,0,14:33:5C:6D:AF:58,0,0,ARMED,72.0,0,0,80:02:9C:61:97:4B,11,4,269.3,,,,,80:02:9C:61:97:4A,0,1,AUTH_FLOOD,2026-08-26T14:45:10.591354
45917,BEACON,-80,17,169951,295,65292,42840,3409328,0,99,9,0,0,14:33:5C:6D:AF:58,0,0,ARMED,72.0,0,1,80:02:9C:61:97:4B,11,5,48.8,,,,,80:02:9C:61:97:4A,0,1,AUTH_FLOOD,2026-08-26T14:45:11.293354
45917,,-63,34,955,772,65292,42840,3409856,0,99,9,0,0,14:33:5C:6D:AF:58,0,0,ARMED,72.0,0,0,80:02:9C:61:97:4B,11,13,814.9,,,,,80:02:9C:61:97:4A,0,1,AUTH_FLOOD,2026-08-26T14:45:11.821354
45917,BEACON,-93,4,0,3739,65292,42840,3410393,0,99,9,0,0,14:33:5C:6D:AF:58,0,0,ARMED,72.0,0,1,80:02:9C:61:97:4B,11,5,122.6,,,,,80:02:9C:61:97:4A,0,1,AUTH_FLOOD,2026-08-26T14:45:12.358354
45917,BEACON,-92,5,0,3743,65292,42840,3410803,0,99,9,0,0,14:33:5C:6D:AF:58,0,0,ARMED,72.0,0,1,80:02:9C:61:97:4B,11,5,120.3,,,,,80:02:9C:61:97:4A,0,1,AUTH_FLOOD,2026-08-26T14:45:12.768354
45917,,-64,33,482,790,65292,42840,3411310,0,99,9,0,0,14:33:5C:6D:AF:58,0,0,ARMED,72.0,0,0,80:02:9C:61:97:4B,11,15,388.0,,,,,80:02:9C:61:97:4A,0,1,AUTH_FLOOD,2026-08-26T14:45:13.275354
45917,,-66,31,0,1842,65292,42840,3411499,0,99,9,0,0,14:33:5C:6D:AF:58,0,0,ARMED,72.0,0,1,80:02:9C:61:97:4B,11,9,426.1,,,,,80:02:9C:61:97:4A,0,1,AUTH_FLOOD,2026-08-26T14:45:13.464354
45917,,-68,29,0,1854,65292,42840,3411544,0,99,9,0,0,14:33:5C:6D:AF:58,0,0,ARMED,72.0,0,0,80:02:9C:61:97:4B,11,59,898.7,,,,,80:02:9C:61:97:4A,0,1,AUTH_FLOOD,2026-08-26T14:45:13.509354
45917,,-73,24,167,1221,65296,42840,3411705,0,99,9,0,0,14:33:5C:6D:AF:58,0,0,ARMED,72.0,0,0,80:02:9C:61:97:4B,11,17,787.3,,,,,80:02:9C:61:97:4A,0,1,AUTH_FLOOD,2026-08-26T14:45:13.670354
45917,AUTH,-41,56,0,1305,64652,42840,3411749,0,99,9,0,0,14:33:5C:6D:AF:58,0,0,ARMED,72.0,0,0,80:02:9C:61:97:4B,11,67,1024.4,,,,,80:02:9C:61:97:4A,0,1,AUTH_FLOOD,2026-08-26T14:45:13.714354
45917,,-58,39,0,1873,62276,42840,3411801,0,99,9,0,0,14:33:5C:6D:AF:58,0,1,ARMED,72.0,0,0,80:02:9C:61:97:4B,11,15,863.3,,,,,80:02:9C:61:97:4A,0,1,AUTH_FLOOD,2026-08-26T14:45:13.766354
45917,,-68,29,82,93,65296,42840,3412036,0,99,9,0,0,14:33:5C:6D:AF:58,0,0,ARMED,72.0,0,1,80:02:9C:61:97:4B,11,18,429.5,,,,,80:02:9C:61:97:4A,0,1,AUTH_FLOOD,2026-08-26T14:45:14.001354
45917,,44,44,0,1023,65300,42840,3412222,0,99,9,0,0,14:33:5C:6D:AF:58,0,0,ARMED,72.0,0,0,80:02:9C:61:97:4B,11,22,977.1,,,,,80:02:9C:61:97:4A,0,1,AUTH_FLOOD,2026-08-26T14:45:14.187354
45917,,-52,45,0,3323,65300,42840,3412293,0,99,9,0,0,14:33:5C:6D:AF:58,0,0,ARMED,72.0,0,0,80:02:9C:61:97:4B,11,72,772.5,,,,,80:02:9C:61:97:4A,0,1,AUTH_FLOOD,2026-08-26T14:45:14.258354
45917,,-52,45,0,3450,65300,42840,3412403,0,99,9,0,0,14:33:5C:6D:AF:58,0,1,ARMED,72.0,0,0,80:02:9C:61:97:4B,11,49,518.9,,,,,80:02:9C:61:97:4A,0,1,AUTH_FLOOD,2026-08-26T14:45:14.368354
45917,,-52,45,0,1067,65300,42840,3412453,0,99,9,0,0,14:33:5C:6D:AF:58,0,1,ARMED,72.0,0,1,80:02:9C:61:97:4B,11,36,841.3,,,,,80:02:9C:61:97:4A,0,1,AUTH_FLOOD,2026-08-26T14:45:14.418354
45917,,-52,45,0,3488,65300,42840,3412491,0,99,9,0,0,14:33:5C:6D:AF:58,0,1,ARMED,72.0,0,0,80:02:9C:61:97:4B,11,86,1071.2,,,,,80:02:9C:61:97:4A,0,1,AUTH_FLOOD,2026-08-26T14:45:14.456354
45917,,-52,45,0,3531,65300,42840,3412582,0,99,9,0,0,14:33:5C:6D:AF:58,0,1,ARMED,72.0,0,0,80:02:9C:61:97:4B,11,28,447.5,,,,,80:02:9C:61:97:4A,0,1,AUTH_FLOOD,2026-08-26T14:45:14.547354
45917,BEACON,-57,40,0,1885,65300,42840,3412822,0,99,9,0,0,14:33:5C:6D:AF:58,1,0,ARMED,72.0,0,1,80:02:9C:61:97:4B,11,15,154.0,,,,,80:02:9C:61:97:4A,0,1,AUTH_FLOOD,2026-08-26T14:45:14.787354
45917,,-84,13,0,4033,65300,42840,3412961,0,99,9,0,0,14:33:5C:6D:AF:58,0,1,ARMED,72.0,0,1,80:02:9C:61:97:4B,11,6,179.0,,,,,80:02:9C:61:97:4A,0,1,AUTH_FLOOD,2026-08-26T14:45:14.926354
45917,,-81,16,45,1585,65300,42840,3413238,0,99,9,0,0,14:33:5C:6D:AF:58,0,0,ARMED,72.0,0,1,80:02:9C:61:97:4B,11,3,847.0,,,,,80:02:9C:61:97:4A,0,1,AUTH_FLOOD,2026-08-26T14:45:15.203354
45917,,-84,13,0,4040,65300,42840,3413476,0,99,9,0,0,14:33:5C:6D:AF:58,0,0,ARMED,72.0,0,0,80:02:9C:61:97:4B,11,5,151.0,,,,,80:02:9C:61:97:4A,0,1,AUTH_FLOOD,2026-08-26T14:45:15.441354
45917,BEACON,-86,11,0,3649,65300,42840,3413748,0,99,9,0,0,14:33:5C:6D:AF:58,0,0,ARMED,72.0,0,1,80:02:9C:61:97:4B,11,13,129.2,,,,,80:02:9C:61:97:4A,0,1,AUTH_FLOOD,2026-08-26T14:45:15.713354
45917,,-83,14,0,4046,65300,42840,3413994,0,99,9,0,0,14:33:5C:6D:AF:58,1,1,ARMED,72.0,0,0,80:02:9C:61:97:4B,11,14,343.0,,,,,80:02:9C:61:97:4A,0,1,AUTH_FLOOD,2026-08-26T14:45:15.959354
45917,BEACON,-88,9,0,2731,65300,42840,3414271,0,99,9,0,0,14:33:5C:6D:AF:58,0,0,ARMED,72.0,0,1,80:02:9C:61:97:4B,11,2,188.1,,,,,80:02:9C:61:97:4A,0,1,AUTH_FLOOD,2026-08-26T14:45:16.236354
45917,BEACON,-94,3,0,1496,65300,42840,3414480,0,99,9,0,0,14:33:5C:6D:AF:58,0,0,ARMED,72.0,0,1,80:02:9C:61:97:4B,11,2,153.2,,,,,80:02:9C:61:97:4A,0,1,AUTH_FLOOD,2026-08-26T14:45:16.445354
45917,PROBE_RESP,-59,38,49321,1910,65300,42840,3414744,0,99,9,0,0,14:33:5C:6D:AF:58,0,0,ARMED,72.0,0,0,80:02:9C:61:97:4B,11,20,269.0,,,,,80:02:9C:61:97:4A,0,1,AUTH_FLOOD,2026-08-26T14:45:16.709354
45917,,-52,45,4097,3561,65300,42840,3415030,0,99,9,0,0,14:33:5C:6D:AF:58,0,0,ARMED,72.0,0,1,80:02:9C:61:97:4B,11,11,205.9,,,,,80:02:9C:61:97:4A,0,1,AUTH_FLOOD,2026-08-26T14:45:16.995354
45917,,-52,45,0,3622,65300,42840,3415061,0,99,9,0,0,14:33:5C:6D:AF:58,0,0,ARMED,72.0,0,0,80:02:9C:61:97:4B,11,61,722.4,,,,,80:02:9C:61:97:4A,0,1,AUTH_FLOOD,2026-08-26T14:45:17.026354
45917,,-83,14,0,65,65300,42840,3415326,0,99,9,0,0,14:33:5C:6D:AF:58,0,0,ARMED,72.0,0,0,80:02:9C:61:97:4B,11,8,171.9,,,,,80:02:9C:61:97:4A,0,1,AUTH_FLOOD,2026-08-26T14:45:17.291354
45917,,-91,6,891,0,65300,42840,3415666,0,99,9,0,0,14:33:5C:6D:AF:58,0,0,ARMED,72.0,0,0,80:02:9C:61:97:4B,11,13,163.5,,,,,80:02:9C:61:97:4A,0,1,AUTH_FLOOD,2026-08-26T14:45:17.631354
45917,,-89,8,25514,0,65300,42840,3415965,0,99,9,0,0,14:33:5C:6D:AF:58,0,0,ARMED,72.0,0,0,80:02:9C:61:97:4B,11,13,180.7,,,,,80:02:9C:61:97:4A,0,1,AUTH_FLOOD,2026-08-26T14:45:17.930354
45917,,-85,12,0,313,65300,42840,3416166,0,99,9,0,0,14:33:5C:6D:AF:58,0,1,ARMED,72.0,0,0,80:02:9C:61:97:4B,11,11,162.1,,,,,80:02:9C:61:97:4A,0,1,AUTH_FLOOD,2026-08-26T14:45:18.131354
45917,,-57,40,0,1932,65300,42840,3416320,0,99,9,0,0,14:33:5C:6D:AF:58,0,1,ARMED,72.0,0,0,80:02:9C:61:97:4B,11,11,579.8,,,,,80:02:9C:61:97:4A,0,1,AUTH_FLOOD,2026-08-26T14:45:18.285354
45917,,-53,44,1808,1165,65300,42840,3416464,0,99,9,0,0,14:33:5C:6D:AF:58,0,1,ARMED,72.0,0,1,80:02:9C:61:97:4B,11,29,492.4,,,,,80:02:9C:61:97:4A,0,1,AUTH_FLOOD,2026-08-26T14:45:18.429354
45917,,-52,45,0,3703,65300,42840,3416500,0,99,9,0,0,14:33:5C:6D:AF:58,0,1,ARMED,72.0,0,0,80:02:9C:61:97:4B,11,79,831.0,,,,,80:02:9C:61:97:4A,0,1,AUTH_FLOOD,2026-08-26T14:45:18.465354
45917,,-52,45,0,3757,65300,42840,3416540,0,99,9,0,0,14:33:5C:6D:AF:58,0,1,ARMED,72.0,0,0,80:02:9C:61:97:4B,11,49,3531.3,,,,,80:02:9C:61:97:4A,0,1,AUTH_FLOOD,2026-08-26T14:45:18.505354
45917,,44,44,0,1023,65300,42840,3416622,0,99,9,0,0,14:33:5C:6D:AF:58,0,1,ARMED,72.0,0,1,80:02:9C:61:97:4B,11,99,1026.6,,,,,80:02:9C:61:97:4A,0,1,AUTH_FLOOD,2026-08-26T14:45:18.587354
45917,,-52,45,0,3869,65300,42840,3416678,0,99,9,0,0,14:33:5C:6D:AF:58,0,1,ARMED,72.0,0,0,80:02:9C:61:97:4B,11,49,1252.9,,,,,80:02:9C:61:97:4A,0,1,AUTH_FLOOD,2026-08-26T14:45:18.643354
45917,,-89,8,7504,1101,65300,42840,3416754,0,99,9,0,0,14:33:5C:6D:AF:58,1,1,ARMED,72.0,0,1,80:02:9C:61:97:4B,11,4,289.0,,,,,80:02:9C:61:97:4A,0,1,AUTH_FLOOD,2026-08-26T14:45:18.719354
45917,,-52,45,0,3983,65300,42840,3416787,0,99,9,0,0,14:33:5C:6D:AF:58,1,1,ARMED,72.0,0,0,80:02:9C:61:97:4B,11,54,1164.4,,,,,80:02:9C:61:97:4A,0,1,AUTH_FLOOD,2026-08-26T14:45:18.752354
45917,BEACON,-90,7,5974,2756,65300,42840,3416825,0,99,9,0,0,14:33:5C:6D:AF:58,1,1,ARMED,72.0,0,1,80:02:9C:61:97:4B,11,104,1225.0,,,,,80:02:9C:61:97:4A,0,1,AUTH_FLOOD,2026-08-26T14:45:18.790354
45917,,-53,44,4989,4041,64656,42840,3416885,0,99,9,0,0,14:33:5C:6D:AF:58,1,1,ARMED,72.0,0,0,80:02:9C:61:97:4B,11,49,1179.8,,,,,80:02:9C:61:97:4A,0,1,AUTH_FLOOD,2026-08-26T14:45:18.850354
45917,,-52,45,0,51,64656,42840,3416916,0,99,9,0,0,14:33:5C:6D:AF:58,1,1,ARMED,72.0,0,0,80:02:9C:61:97:4B,11,99,1360.9,,,,,80:02:9C:61:97:4A,0,1,AUTH_FLOOD,2026-08-26T14:45:18.881354
45917,,-52,45,0,152,65300,42840,3416991,0,99,9,0,0,14:33:5C:6D:AF:58,1,1,ARMED,72.0,0,0,80:02:9C:61:97:4B,11,20,431.1,,,,,80:02:9C:61:97:4A,0,1,AUTH_FLOOD,2026-08-26T14:45:18.956354
45917,,-52,45,0,213,65300,42840,3417018,0,99,9,0,0,14:33:5C:6D:AF:58,1,1,ARMED,72.0,0,0,80:02:9C:61:97:4B,11,70,950.3,,,,,80:02:9C:61:97:4A,0,1,AUTH_FLOOD,2026-08-26T14:45:18.983354
45917,,-52,45,0,213,65300,42840,3417058,0,99,9,0,0,14:33:5C:6D:AF:58,1,1,ARMED,72.0,0,0,80:02:9C:61:97:4B,11,31,2339.6,,,,,80:02:9C:61:97:4A,0,1,AUTH_FLOOD,2026-08-26T14:45:19.023354
45917,,-52,45,0,273,65300,42840,3417100,0,99,9,0,0,14:33:5C:6D:AF:58,1,1,ARMED,72.0,0,0,80:02:9C:61:97:4B,11,81,1452.5,,,,,80:02:9C:61:97:4A,0,1,AUTH_FLOOD,2026-08-26T14:45:19.065354
45917,,-52,45,964,338,65300,42840,3417135,0,99,9,0,0,14:33:5C:6D:AF:58,1,1,ARMED,72.0,0,0,80:02:9C:61:97:4B,11,131,1439.2,,,,,80:02:9C:61:97:4A,0,1,AUTH_FLOOD,2026-08-26T14:45:19.100354
45917,,-52,45,0,443,65300,42840,3417197,0,99,9,0,0,14:33:5C:6D:AF:58,1,1,ARMED,72.0,0,0,80:02:9C:61:97:4B,11,36,680.8,,,,,80:02:9C:61:97:4A,0,1,AUTH_FLOOD,2026-08-26T14:45:19.162354
45917,,-71,26,248,1253,65300,42840,3417333,0,99,9,0,0,14:33:5C:6D:AF:58,1,1,ARMED,72.0,0,0,80:02:9C:61:97:4B,11,16,212.7,,,,,80:02:9C:61:97:4A,0,1,AUTH_FLOOD,2026-08-26T14:45:19.298354
45917,,-52,45,0,502,65300,42840,3417589,0,99,9,0,0,14:33:5C:6D:AF:58,0,0,ARMED,72.0,0,0,80:02:9C:61:97:4B,11,6,257.9,,,,,80:02:9C:61:97:4A,0,1,AUTH_FLOOD,2026-08-26T14:45:19.554354
45917,,-52,45,0,589,65300,42840,3417618,0,99,9,0,0,14:33:5C:6D:AF:58,0,0,ARMED,72.0,0,0,80:02:9C:61:97:4B,11,56,1065.1,,,,,80:02:9C:61:97:4A,0,1,AUTH_FLOOD,2026-08-26T14:45:19.583354
45917,,-52,45,0,637,65300,42840,3417701,0,99,9,0,0,14:33:5C:6D:AF:58,0,1,ARMED,72.0,0,0,80:02:9C:61:97:4B,11,22,677.5,,,,,80:02:9C:61:97:4A,0,1,AUTH_FLOOD,2026-08-26T14:45:19.666354
45917,MGMT_OTHER,44,44,0,0,65300,42840,3417721,0,99,9,0,0,14:33:5C:6D:AF:58,0,1,ARMED,72.0,0,1,80:02:9C:61:97:4B,11,72,1381.9,,,,,80:02:9C:61:97:4A,0,1,AUTH_FLOOD,2026-08-26T14:45:19.686354
45917,,-52,45,6945,733,65300,42840,3417755,0,99,9,0,0,14:33:5C:6D:AF:58,0,1,ARMED,72.0,0,0,80:02:9C:61:97:4B,11,122,1406.9,,,,,80:02:9C:61:97:4A,0,1,AUTH_FLOOD,2026-08-26T14:45:19.720354
45917,BEACON,-86,11,0,3701,65300,42840,3417847,0,99,9,0,0,14:33:5C:6D:AF:58,0,1,ARMED,72.0,0,1,80:02:9C:61:97:4B,11,49,740.5,,,,,80:02:9C:61:97:4A,0,1,AUTH_FLOOD,2026-08-26T14:45:19.812354
45917,,-52,45,0,796,65300,42840,3417891,0,99,9,0,0,14:33:5C:6D:AF:58,1,1,ARMED,72.0,0,0,80:02:9C:61:97:4B,11,4,622.5,,,,,80:02:9C:61:97:4A,0,1,AUTH_FLOOD,2026-08-26T14:45:19.856354
45917,,-52,45,8508,813,64656,42840,3417917,0,99,9,0,0,14:33:5C:6D:AF:58,1,1,ARMED,72.0,0,0,80:02:9C:61:97:4B,11,54,1672.0,,,,,80:02:9C:61:97:4A,0,1,AUTH_FLOOD,2026-08-26T14:45:19.882354
45917,,-53,44,0,830,65300,42840,3417973,0,99,9,0,0,14:33:5C:6D:AF:58,1,1,ARMED,72.0,0,0,80:02:9C:61:97:4B,11,104,1182.7,,,,,80:02:9C:61:97:4A,0,1,AUTH_FLOOD,2026-08-26T14:45:19.938354
45917,BEACON,-94,3,0,1532,65300,42840,3418100,0,99,9,0,0,14:33:5C:6D:AF:58,1,1,ARMED,72.0,0,1,80:02:9C:61:97:4B,11,3,350.6,,,,,80:02:9C:61:97:4A,0,1,AUTH_FLOOD,2026-08-26T14:45:20.065354
45917,,-90,7,8207,0,65300,42840,3418416,0,99,9,0,0,14:33:5C:6D:AF:58,0,0,ARMED,72.0,0,0,80:02:9C:61:97:4B,11,4,241.0,,,,,80:02:9C:61:97:4A,0,1,AUTH_FLOOD,2026-08-26T14:45:20.381354
45917,,-89,8,886,0,65284,42840,3418755,0,99,9,0,0,14:33:5C:6D:AF:58,0,0,ARMED,72.0,0,0,80:02:9C:61:97:4B,11,6,170.0,,,,,80:02:9C:61:97:4A,0,1,AUTH_FLOOD,2026-08-26T14:45:20.720354
45917,,-59,38,0,1973,65300,42840,3418867,0,99,9,0,0,14:33:5C:6D:AF:58,0,0,ARMED,72.0,0,0,80:02:9C:61:97:4B,11,33,708.5,,,,,80:02:9C:61:97:4A,0,1,AUTH_FLOOD,2026-08-26T14:45:20.832354
45917,,-58,39,0,1980,65300,42840,3418944,0,99,9,0,0,14:33:5C:6D:AF:58,0,1,ARMED,72.0,0,0,80:02:9C:61:97:4B,11,16,699.6,,,,,80:02:9C:61:97:4A,0,1,AUTH_FLOOD,2026-08-26T14:45:20.909354
45917,MGMT_OTHER,-56,41,0,912,65300,42840,3419031,0,99,9,0,0,14:33:5C:6D:AF:58,1,1,ARMED,72.0,0,1,80:02:9C:61:97:4B,11,8,800.6,,,,,80:02:9C:61:97:4A,0,1,AUTH_FLOOD,2026-08-26T14:45:20.996354
45917,,-89,8,10088,0,65300,42840,3419115,0,99,9,0,0,14:33:5C:6D:AF:58,1,1,ARMED,72.0,0,0,80:02:9C:61:97:4B,11,58,615.6,,,,,80:02:9C:61:97:4A,0,1,AUTH_FLOOD,2026-08-26T14:45:21.080354
45917,,-90,7,60060,0,65300,42840,3419455,0,99,9,0,0,14:33:5C:6D:AF:58,0,0,ARMED,72.0,0,0,80:02:9C:61:97:4B,11,10,81.7,,,,,80:02:9C:61:97:4A,0,1,AUTH_FLOOD,2026-08-26T14:45:21.420354
45917,,67,67,0,1023,65300,42840,3419663,0,99,9,0,0,14:33:5C:6D:AF:58,1,1,ARMED,72.0,0,0,80:02:9C:61:97:4B,11,26,265.4,,,,,80:02:9C:61:97:4A,0,1,AUTH_FLOOD,2026-08-26T14:45:21.628354
45917,,-52,45,0,896,65300,42840,3419719,0,99,9,0,0,14:33:5C:6D:AF:58,1,0,ARMED,72.0,0,0,80:02:9C:61:97:4B,11,49,949.7,,,,,80:02:9C:61:97:4A,0,1,AUTH_FLOOD,2026-08-26T14:45:21.684354
45917,,-52,45,0,873,65300,42840,3419745,0,99,9,0,0,14:33:5C:6D:AF:58,1,0,ARMED,72.0,0,0,80:02:9C:61:97:4B,11,99,1272.3,,,,,80:02:9C:61:97:4A,0,1,AUTH_FLOOD,2026-08-26T14:45:21.710354
45917,,-52,45,0,926,65300,42840,3419766,0,99,9,0,0,14:33:5C:6D:AF:58,1,0,ARMED,72.0,0,0,80:02:9C:61:97:4B,11,149,1512.5,,,,,80:02:9C:61:97:4A,0,1,AUTH_FLOOD,2026-08-26T14:45:21.731354
45917,,-53,44,0,968,62396,42840,3419798,0,99,9,0,0,14:33:5C:6D:AF:58,1,1,ARMED,72.0,0,0,80:02:9C:61:97:4B,11,49,3053.0,,,,,80:02:9C:61:97:4A,0,1,AUTH_FLOOD,2026-08-26T14:45:21.763354
45917,,-52,45,0,971,65300,42840,3419814,0,99,9,0,0,14:33:5C:6D:AF:58,1,1,ARMED,72.0,0,0,80:02:9C:61:97:4B,11,99,3099.2,,,,,80:02:9C:61:97:4A,0,1,AUTH_FLOOD,2026-08-26T14:45:21.779354
45917,,-52,45,0,1018,65300,42840,3419846,0,99,9,0,0,14:33:5C:6D:AF:58,1,1,ARMED,72.0,0,0,80:02:9C:61:97:4B,11,149,2316.1,,,,,80:02:9C:61:97:4A,0,1,AUTH_FLOOD,2026-08-26T14:45:21.811354
45917,,-52,45,0,1073,65300,42840,3419865,0,99,9,0,0,14:33:5C:6D:AF:58,1,1,ARMED,72.0,0,0,80:02:9C:61:97:4B,11,199,2391.4,,,,,80:02:9C:61:97:4A,0,1,AUTH_FLOOD,2026-08-26T14:45:21.830354
45917,,-52,45,0,1142,65300,42840,3419929,0,99,9,0,0,14:33:5C:6D:AF:58,1,1,ARMED,72.0,0,0,80:02:9C:61:97:4B,11,49,1257.2,,,,,80:02:9C:61:97:4A,0,1,AUTH_FLOOD,2026-08-26T14:45:21.894354
45917,,-52,45,0,1192,65300,42840,3419947,0,99,9,0,0,14:33:5C:6D:AF:58,1,1,ARMED,72.0,0,0,80:02:9C:61:97:4B,11,99,1748.0,,,,,80:02:9C:61:97:4A,0,1,AUTH_FLOOD,2026-08-26T14:45:21.912354
45917,,-52,45,0,1222,65284,42840,3419967,0,99,9,0,0,14:33:5C:6D:AF:58,1,1,ARMED,72.0,0,0,80:02:9C:61:97:4B,11,149,1950.8,,,,,80:02:9C:61:97:4A,0,1,AUTH_FLOOD,2026-08-26T14:45:21.932354
45917,,-52,45,8028,1248,65300,42840,3420000,0,99,9,0,0,14:33:5C:6D:AF:58,1,1,ARMED,72.0,0,0,80:02:9C:61:97:4B,11,7,769.3,,,,,80:02:9C:61:97:4A,0,1,AUTH_FLOOD,2026-08-26T14:45:21.965354
45917,,-52,45,0,1289,65300,42840,3420022,0,99,9,0,0,14:33:5C:6D:AF:58,1,1,ARMED,72.0,0,0,80:02:9C:61:97:4B,11,57,1835.8,,,,,80:02:9C:61:97:4A,0,1,AUTH_FLOOD,2026-08-26T14:45:21.987354
45917,,-52,45,0,1331,65300,42840,3420047,0,99,9,0,0,14:33:5C:6D:AF:58,1,1,ARMED,72.0,0,0,80:02:9C:61:97:4B,11,107,1883.9,,,,,80:02:9C:61:97:4A,0,1,AUTH_FLOOD,2026-08-26T14:45:22.012354
45917,,-52,45,0,1375,65300,42840,3420075,0,99,9,0,0,14:33:5C:6D:AF:58,1,1,ARMED,72.0,0,0,80:02:9C:61:97:4B,11,157,1852.8,,,,,80:02:9C:61:97:4A,0,1,AUTH_FLOOD,2026-08-26T14:45:22.040354
45917,BEACON,-57,40,4984,2005,65300,42840,3420096,0,99,9,0,0,14:33:5C:6D:AF:58,1,1,ARMED,72.0,0,1,80:02:9C:61:97:4B,11,12,2510.5,,,,,80:02:9C:61:97:4A,0,1,AUTH_FLOOD,2026-08-26T14:45:22.061354
45917,,-52,45,0,1430,65300,42840,3420152,0,99,9,0,0,14:33:5C:6D:AF:58,1,1,ARMED,72.0,0,0,80:02:9C:61:97:4B,11,62,1018.6,,,,,80:02:9C:61:97:4A,0,1,AUTH_FLOOD,2026-08-26T14:45:22.117354
45917,,-52,45,0,1481,65300,42840,3420218,0,99,9,0,0,14:33:5C:6D:AF:58,1,1,ARMED,72.0,0,0,80:02:9C:61:97:4B,11,18,718.5,,,,,80:02:9C:61:97:4A,0,1,AUTH_FLOOD,2026-08-26T14:45:22.183354
45917,,-52,45,0,1508,65300,42840,3420268,0,99,9,0,0,14:33:5C:6D:AF:58,1,1,ARMED,72.0,0,0,80:02:9C:61:97:4B,11,68,905.2,,,,,80:02:9C:61:97:4A,0,1,AUTH_FLOOD,2026-08-26T14:45:22.233354
45917,,-52,45,0,1545,65300,42840,3420321,0,99,9,0,0,14:33:5C:6D:AF:58,1,1,ARMED,72.0,0,0,80:02:9C:61:97:4B,11,25,959.3,,,,,80:02:9C:61:97:4A,0,1,AUTH_FLOOD,2026-08-26T14:45:22.286354
45917,,-72,25,175,1268,65300,42840,3420351,0,99,9,0,0,14:33:5C:6D:AF:58,1,1,ARMED,72.0,0,0,80:02:9C:61:97:4B,11,75,1335.3,,,,,80:02:9C:61:97:4A,0,1,AUTH_FLOOD,2026-08-26T14:45:22.316354
45917,,-52,45,433,1578,65300,42840,3420437,0,99,9,0,0,14:33:5C:6D:AF:58,1,1,ARMED,72.0,0,1,80:02:9C:61:97:4B,11,24,578.3,,,,,80:02:9C:61:97:4A,0,1,AUTH_FLOOD,2026-08-26T14:45:22.402354
45917,,-53,44,668,1607,65300,42840,3420506,0,99,9,0,0,14:33:5C:6D:AF:58,1,1,ARMED,72.0,0,0,80:02:9C:61:97:4B,11,11,1085.7,,,,,80:02:9C:61:97:4A,0,1,AUTH_FLOOD,2026-08-26T14:45:22.471354
45917,,-52,45,0,1610,65300,42840,3420556,0,99,9,0,0,14:33:5C:6D:AF:58,1,1,ARMED,72.0,0,0,80:02:9C:61:97:4B,11,61,1018.3,,,,,80:02:9C:61:97:4A,0,1,AUTH_FLOOD,2026-08-26T14:45:22.521354
45917,BEACON,-96,1,7497,2811,65300,42840,3420665,0,99,9,0,0,14:33:5C:6D:AF:58,1,1,ARMED,72.0,0,1,80:02:9C:61:97:4B,11,16,233.5,,,,,80:02:9C:61:97:4A,0,1,AUTH_FLOOD,2026-08-26T14:45:22.630354
45917,BEACON,-87,10,0,3731,65300,42840,3420916,0,99,9,0,0,14:33:5C:6D:AF:58,0,0,ARMED,72.0,0,1,80:02:9C:61:97:4B,11,6,347.5,,,,,80:02:9C:61:97:4A,0,1,AUTH_FLOOD,2026-08-26T14:45:22.881354
45917,,-70,27,0,99,65300,42840,3421029,0,99,9,0,0,14:33:5C:6D:AF:58,1,1,ARMED,72.0,0,0,80:02:9C:61:97:4B,11,7,237.7,,,,,80:02:9C:61:97:4A,0,1,AUTH_FLOOD,2026-08-26T14:45:22.994354
45917,,-90,7,14809,0,65300,42840,3421309,0,99,9,0,0,14:33:5C:6D:AF:58,0,0,ARMED,72.0,0,0,80:02:9C:61:97:4B,11,1,118.8,,,,,80:02:9C:61:97:4A,0,1,AUTH_FLOOD,2026-08-26T14:45:23.274354
45917,,-89,8,443,0,65300,42840,3421582,0,99,9,0,0,14:33:5C:6D:AF:58,0,0,ARMED,72.0,0,0,80:02:9C:61:97:4B,11,15,186.2,,,,,80:02:9C:61:97:4A,0,1,AUTH_FLOOD,2026-08-26T14:45:23.547354
45917,BEACON,-85,12,0,3411,65300,42840,3421870,0,99,9,0,0,14:33:5C:6D:AF:58,0,0,ARMED,72.0,0,1,80:02:9C:61:97:4B,11,11,243.6,,,,,80:02:9C:61:97:4A,0,1,AUTH_FLOOD,2026-08-26T14:45:23.835354
45917,BEACON,-59,38,0,2030,65300,42840,3422242,0,99,9,0,0,14:33:5C:6D:AF:58,0,0,ARMED,72.0,0,1,80:02:9C:61:97:4B,11,4,603.0,,,,,80:02:9C:61:97:4A,0,1,AUTH_FLOOD,2026-08-26T14:45:24.207354
45917,BEACON,-94,3,0,2353,65300,42840,3422616,0,99,9,0,0,14:33:5C:6D:AF:58,0,0,ARMED,72.0,0,1,80:02:9C:61:97:4B,11,7,94.0,,,,,80:02:9C:61:97:4A,0,1,AUTH_FLOOD,2026-08-26T14:45:24.581354
45917,,-52,45,0,1693,65300,42840,3422734,0,99,9,0,0,14:33:5C:6D:AF:58,0,0,ARMED,72.0,0,0,80:02:9C:61:97:4B,11,47,520.2,,,,,80:02:9C:61:97:4A,0,1,AUTH_FLOOD,2026-08-26T14:45:24.699354
45917,,-52,45,0,1697,65300,42840,3422780,0,99,9,0,0,14:33:5C:6D:AF:58,0,1,ARMED,72.0,0,0,80:02:9C:61:97:4B,11,30,849.1,,,,,80:02:9C:61:97:4A,0,1,AUTH_FLOOD,2026-08-26T14:45:24.745354
45917,,-52,45,0,1743,65300,42840,3422832,0,99,9,0,0,14:33:5C:6D:AF:58,0,1,ARMED,72.0,0,0,80:02:9C:61:97:4B,11,80,910.9,,,,,80:02:9C:61:97:4A,0,1,AUTH_FLOOD,2026-08-26T14:45:24.797354
45917,,-52,45,0,1782,65300,42840,3422856,0,99,9,0,0,14:33:5C:6D:AF:58,0,1,ARMED,72.0,0,0,80:02:9C:61:97:4B,11,22,1893.0,,,,,80:02:9C:61:97:4A,0,1,AUTH_FLOOD,2026-08-26T14:45:24.821354
45917,BEACON,-89,8,0,2782,65300,42840,3422883,0,99,9,0,0,14:33:5C:6D:AF:58,0,1,ARMED,72.0,0,1,80:02:9C:61:97:4B,11,72,1842.7,,,,,80:02:9C:61:97:4A,0,1,AUTH_FLOOD,2026-08-26T14:45:24.848354
45917,,-52,45,1175,1853,65300,42840,3422923,0,99,9,0,0,14:33:5C:6D:AF:58,0,1,ARMED,72.0,0,0,80:02:9C:61:97:4B,11,122,1541.7,,,,,80:02:9C:61:97:4A,0,1,AUTH_FLOOD,2026-08-26T14:45:24.888354
45917,,-53,44,0,1897,63868,42840,3422974,0,99,9,0,0,14:33:5C:6D:AF:58,0,1,ARMED,72.0,0,0,80:02:9C:61:97:4B,11,49,1903.4,,,,,80:02:9C:61:97:4A,0,1,AUTH_FLOOD,2026-08-26T14:45:24.939354
45917,,-52,45,0,1896,65300,42840,3423011,0,99,9,0,0,14:33:5C:6D:AF:58,0,1,ARMED,72.0,0,1,80:02:9C:61:97:4B,11,99,1589.9,,,,,80:02:9C:61:97:4A,0,1,AUTH_FLOOD,2026-08-26T14:45:24.976354
45917,,-52,45,1375,1982,65300,42840,3423032,0,99,9,0,0,14:33:5C:6D:AF:58,0,1,ARMED,72.0,0,0,80:02:9C:61:97:4B,11,149,1793.1,,,,,80:02:9C:61:97:4A,0,1,AUTH_FLOOD,2026-08-26T14:45:24.997354
45917,,-52,45,0,2026,65280,42840,3423052,0,99,9,0,0,14:33:5C:6D:AF:58,1,1,ARMED,72.0,0,1,80:02:9C:61:97:4B,11,6,1984.1,,,,,80:02:9C:61:97:4A,0,1,AUTH_FLOOD,2026-08-26T14:45:25.017354
45917,,44,44,0,0,65300,42840,3423081,0,99,9,0,0,14:33:5C:6D:AF:58,1,1,ARMED,72.0,0,1,80:02:9C:61:97:4B,11,56,1708.0,,,,,80:02:9C:61:97:4A,0,1,AUTH_FLOOD,2026-08-26T14:45:25.046354
45917,,-52,45,0,2081,65300,42840,3423104,0,99,9,0,0,14:33:5C:6D:AF:58,1,1,ARMED,72.0,0,0,80:02:9C:61:97:4B,11,106,1903.6,,,,,80:02:9C:61:97:4A,0,1,AUTH_FLOOD,2026-08-26T14:45:25.069354
45917,,-52,45,0,2101,65300,42840,3423137,0,99,9,0,0,14:33:5C:6D:AF:58,1,1,ARMED,72.0,0,0,80:02:9C:61:97:4B,11,156,1769.6,,,,,80:02:9C:61:97:4A,0,1,AUTH_FLOOD,2026-08-26T14:45:25.102354
45917,,-52,45,379,2145,65300,42840,3423191,0,99,9,0,0,14:33:5C:6D:AF:58,1,1,ARMED,72.0,0,0,80:02:9C:61:97:4B,11,39,923.7,,,,,80:02:9C:61:97:4A,0,1,AUTH_FLOOD,2026-08-26T14:45:25.156354
45917,,-52,45,0,2186,65300,42840,3423227,0,99,9,0,0,14:33:5C:6D:AF:58,1,1,ARMED,72.0,0,0,80:02:9C:61:97:4B,11,89,1136.1,,,,,80:02:9C:61:97:4A,0,1,AUTH_FLOOD,2026-08-26T14:45:25.192354
45917,,-70,27,453,104,65300,42840,3423270,0,99,9,0,0,14:33:5C:6D:AF:58,1,1,ARMED,72.0,0,1,80:02:9C:61:97:4B,11,29,1505.7,,,,,80:02:9C:61:97:4A,0,1,AUTH_FLOOD,2026-08-26T14:45:25.235354
45917,,-71,26,625,1315,65300,42840,3423312,0,99,9,0,0,14:33:5C:6D:AF:58,1,1,ARMED,72.0,0,0,80:02:9C:61:97:4B,11,79,1295.6,,,,,80:02:9C:61:97:4A,0,1,AUTH_FLOOD,2026-08-26T14:45:25.277354
45917,,-52,45,311,2272,65300,42840,3423367,0,99,9,0,0,14:33:5C:6D:AF:58,1,1,ARMED,72.0,0,1,80:02:9C:61:97:4B,11,3,248.6,,,,,80:02:9C:61:97:4A,0,1,AUTH_FLOOD,2026-08-26T14:45:25.332354
45917,,-72,25,378,1318,65300,42840,3423411,0,99,9,0,0,14:33:5C:6D:AF:58,1,1,ARMED,72.0,0,0,80:02:9C:61:97:4B,11,53,953.1,,,,,80:02:9C:61:97:4A,0,1,AUTH_FLOOD,2026-08-26T14:45:25.376354
45917,,-52,45,0,2350,65300,42840,3423469,0,99,9,0,0,14:33:5C:6D:AF:58,1,1,ARMED,72.0,0,0,80:02:9C:61:97:4B,11,18,1783.9,,,,,80:02:9C:61:97:4A,0,1,AUTH_FLOOD,2026-08-26T14:45:25.434354
45917,,-52,45,294,2367,65300,42840,3423552,0,99,9,0,0,14:33:5C:6D:AF:58,1,1,ARMED,72.0,0,1,80:02:9C:61:97:4B,11,68,727.6,,,,,80:02:9C:61:97:4A,0,1,AUTH_FLOOD,2026-08-26T14:45:25.517354
45917,,-72,25,157,1325,65300,42840,3423608,0,99,9,0,0,14:33:5C:6D:AF:58,1,1,ARMED,72.0,0,0,80:02:9C:61:97:4B,11,38,768.2,,,,,80:02:9C:61:97:4A,0,1,AUTH_FLOOD,2026-08-26T14:45:25.573354
45917,,-52,45,0,2415,65300,42840,3423645,0,99,9,0,0,14:33:5C:6D:AF:58,1,1,ARMED,72.0,0,0,80:02:9C:61:97:4B,11,88,1018.1,,,,,80:02:9C:61:97:4A,0,1,AUTH_FLOOD,2026-08-26T14:45:25.610354
45917,,-73,24,1439,19,65300,42840,3423692,0,99,9,0,0,14:33:5C:6D:AF:58,1,1,ARMED,72.0,0,1,80:02:9C:61:97:4B,11,17,829.3,,,,,80:02:9C:61:97:4A,0,1,AUTH_FLOOD,2026-08-26T14:45:25.657354
45917,PROBE_RESP,-91,6,82,920,65300,42840,3423771,0,99,9,0,0,14:33:5C:6D:AF:58,1,1,ARMED,72.0,0,1,80:02:9C:61:97:4B,11,67,670.2,,,,,80:02:9C:61:97:4A,0,1,AUTH_FLOOD,2026-08-26T14:45:25.736354
45917,,-72,25,881,22,65300,42840,3423857,0,99,9,0,0,14:33:5C:6D:AF:58,1,1,ARMED,72.0,0,1,80:02:9C:61:97:4B,11,49,603.5,,,,,80:02:9C:61:97:4A,0,1,AUTH_FLOOD,2026-08-26T14:45:25.822354
45917,,-68,29,5051,32,65300,42840,3423974,0,99,9,0,0,14:33:5C:6D:AF:58,0,1,ARMED,72.0,0,0,80:02:9C:61:97:4B,11,49,538.0,,,,,80:02:9C:61:97:4A,0,1,AUTH_FLOOD,2026-08-26T14:45:25.939354
45917,,-68,29,0,1341,65300,42840,3424068,0,99,9,0,0,14:33:5C:6D:AF:58,0,1,ARMED,72.0,0,1,80:02:9C:61:97:4B,11,37,435.6,,,,,80:02:9C:61:97:4A,0,1,AUTH_FLOOD,2026-08-26T14:45:26.033354
45917,BEACON,-92,5,0,2846,65280,42840,3424249,0,99,9,0,0,14:33:5C:6D:AF:58,0,1,ARMED,72.0,0,1,80:02:9C:61:97:4B,11,14,221.9,,,,,80:02:9C:61:97:4A,0,1,AUTH_FLOOD,2026-08-26T14:45:26.214354
45917,,-88,9,14905,0,65300,42840,3424366,0,99,9,0,0,14:33:5C:6D:AF:58,0,0,ARMED,72.0,0,0,80:02:9C:61:97:4B,11,38,504.3,,,,,80:02:9C:61:97:4A,0,1,AUTH_FLOOD,2026-08-26T14:45:26.331354
45917,BEACON,-57,40,21121,2057,65300,42840,3424598,0,99,9,0,0,14:33:5C:6D:AF:58,0,0,ARMED,72.0,0,1,80:02:9C:61:97:4B,11,17,166.0,,,,,80:02:9C:61:97:4A,0,1,AUTH_FLOOD,2026-08-26T14:45:26.563354
45917,BEACON,-57,40,5367,2060,65300,42840,3424905,0,99,9,0,0,14:33:5C:6D:AF:58,0,0,ARMED,72.0,0,1,80:02:9C:61:97:4B,11,17,166.0,,,,,80:02:9C:61:97:4A,0,1,AUTH_FLOOD,2026-08-26T14:45:26.870354
45917,,-72,25,166,1367,65300,42840,3425045,0,99,9,0,0,14:33:5C:6D:AF:58,0,1,ARMED,72.0,0,0,80:02:9C:61:97:4B,11,22,583.6,,,,,80:02:9C:61:97:4A,0,1,AUTH_FLOOD,2026-08-26T14:45:27.010354
45917,,-72,25,265,1368,65300,42840,3425372,0,99,9,0,0,14:33:5C:6D:AF:58,0,0,ARMED,72.0,0,0,80:02:9C:61:97:4B,11,19,326.1,,,,,80:02:9C:61:97:4A,0,1,AUTH_FLOOD,2026-08-26T14:45:27.337354
45917,BEACON,-57,40,0,2067,65300,42840,3425621,0,99,9,0,0,14:33:5C:6D:AF:58,0,0,ARMED,72.0,0,1,80:02:9C:61:97:4B,11,13,127.0,,,,,80:02:9C:61:97:4A,0,1,AUTH_FLOOD,2026-08-26T14:45:27.586354
45917,,-89,8,5227,0,65300,42840,3425914,0,99,9,0,0,14:33:5C:6D:AF:58,0,0,ARMED,72.0,0,0,80:02:9C:61:97:4B,11,13,148.5,,,,,80:02:9C:61:97:4A,0,1,AUTH_FLOOD,2026-08-26T14:45:27.879354
45917,,-72,25,17589,1376,65300,42840,3426165,0,99,9,0,0,14:33:5C:6D:AF:58,0,0,ARMED,72.0,0,1,80:02:9C:61:97:4B,11,5,202.2,,,,,80:02:9C:61:97:4A,0,1,AUTH_FLOOD,2026-08-26T14:45:28.130354
45917,PROBE_RESP,-89,8,7739,0,65300,42840,3426334,0,99,9,0,0,14:33:5C:6D:AF:58,0,1,ARMED,72.0,0,0,80:02:9C:61:97:4B,11,12,129.1,,,,,80:02:9C:61:97:4A,0,1,AUTH_FLOOD,2026-08-26T14:45:28.299354
45917,,-91,6,14499,3851,65300,42840,3426592,0,99,9,0,0,14:33:5C:6D:AF:58,1,1,ARMED,72.0,0,1,80:02:9C:61:97:4B,11,13,354.3,,,,,80:02:9C:61:97:4A,0,1,AUTH_FLOOD,2026-08-26T14:45:28.557354
45917,AUTH,44,44,0,0,65300,42840,3426782,0,99,9,0,0,14:33:5C:6D:AF:58,1,1,ARMED,72.0,0,1,80:02:9C:61:97:4B,11,7,294.4,,,,,80:02:9C:61:97:4A,0,1,AUTH_FLOOD,2026-08-26T14:45:28.747354
45917,,44,44,0,0,65300,42840,3426900,0,99,9,0,0,14:33:5C:6D:AF:58,1,0,ARMED,72.0,0,0,80:02:9C:61:97:4B,11,32,1202.3,,,,,80:02:9C:61:97:4A,0,1,AUTH_FLOOD,2026-08-26T14:45:28.865354
45917,,44,44,0,0,65300,42840,3426973,0,99,9,0,0,14:33:5C:6D:AF:58,1,0,ARMED,72.0,0,0,80:02:9C:61:97:4B,11,82,825.4,,,,,80:02:9C:61:97:4A,0,1,AUTH_FLOOD,2026-08-26T14:45:28.938354
45917,,44,44,0,0,65300,42840,3427222,0,99,9,0,0,14:33:5C:6D:AF:58,0,0,ARMED,72.0,0,0,80:02:9C:61:97:4B,11,13,619.3,,,,,80:02:9C:61:97:4A,0,1,AUTH_FLOOD,2026-08-26T14:45:29.187354
45917,,44,44,0,0,65300,42840,3427270,0,99,9,0,0,14:33:5C:6D:AF:58,0,0,ARMED,72.0,0,0,80:02:9C:61:97:4B,11,63,905.1,,,,,80:02:9C:61:97:4A,0,1,AUTH_FLOOD,2026-08-26T14:45:29.235354
45917,,-52,45,0,3537,65300,42840,3427375,0,99,9,0,0,14:33:5C:6D:AF:58,0,1,ARMED,72.0,0,1,80:02:9C:61:97:4B,11,17,230.0,,,,,80:02:9C:61:97:4A,0,1,AUTH_FLOOD,2026-08-26T14:45:29.340354
45917,BEACON,-85,12,794,1450,65300,42840,3427601,0,99,9,0,0,14:33:5C:6D:AF:58,0,0,ARMED,72.0,0,0,80:02:9C:61:97:4B,11,15,175.6,,,,,80:02:9C:61:97:4A,0,1,AUTH_FLOOD,2026-08-26T14:45:29.566354
45917,,-71,26,0,1425,65300,42840,3427885,0,99,9,0,0,14:33:5C:6D:AF:58,0,0,ARMED,72.0,0,1,80:02:9C:61:97:4B,11,10,192.4,,,,,80:02:9C:61:97:4A,0,1,AUTH_FLOOD,2026-08-26T14:45:29.850354
45917,,-71,26,238,1430,65296,42840,3428094,0,99,9,0,0,14:33:5C:6D:AF:58,1,0,ARMED,72.0,0,0,80:02:9C:61:97:4B,11,12,229.0,,,,,80:02:9C:61:97:4A,0,1,AUTH_FLOOD,2026-08-26T14:45:30.059354
45917,BEACON,-89,8,0,487,65296,42840,3428276,0,99,9,0,0,14:33:5C:6D:AF:58,0,0,ARMED,72.0,0,1,80:02:9C:61:97:4B,11,10,327.8,,,,,80:02:9C:61:97:4A,0,1,AUTH_FLOOD,2026-08-26T14:45:30.241354
45917,,8,8,0,0,65296,42840,3428592,0,99,9,0,0,14:33:5C:6D:AF:58,0,0,ARMED,72.0,0,1,80:02:9C:61:97:4B,11,6,156.1,,,,,80:02:9C:61:97:4A,0,1,AUTH_FLOOD,2026-08-26T14:45:30.557354
45917,,-90,7,12135,0,65296,42840,3428878,0,99,9,0,0,14:33:5C:6D:AF:58,0,0,ARMED,72.0,0,0,80:02:9C:61:97:4B,11,2,110.8,,,,,80:02:9C:61:97:4A,0,1,AUTH_FLOOD,2026-08-26T14:45:30.843354
45917,,-55,42,0,1,65300,42840,3429151,0,99,9,0,0,14:33:5C:6D:AF:58,0,0,ARMED,72.0,0,0,80:02:9C:61:97:4B,11,12,190.9,,,,,80:02:9C:61:97:4A,0,1,AUTH_FLOOD,2026-08-26T14:45:31.116354
45917,BEACON,-96,1,0,41,65300,42840,3429475,0,99,9,0,0,14:33:5C:6D:AF:58,0,0,ARMED,72.0,0,1,80:02:9C:61:97:4B,11,12,165.4,,,,,80:02:9C:61:97:4A,0,1,AUTH_FLOOD,2026-08-26T14:45:31.440354
45917,BEACON,-93,4,0,1649,65300,42840,3429731,0,99,9,0,0,14:33:5C:6D:AF:58,0,0,ARMED,72.0,0,1,80:02:9C:61:97:4B,11,6,284.5,,,,,80:02:9C:61:97:4A,0,1,AUTH_FLOOD,2026-08-26T14:45:31.696354
45917,,-55,42,0,5,65300,42840,3429998,0,99,9,0,0,14:33:5C:6D:AF:58,0,0,ARMED,72.0,0,0,80:02:9C:61:97:4B,11,19,222.5,,,,,80:02:9C:61:97:4A,0,1,AUTH_FLOOD,2026-08-26T14:45:31.963354
45917,,-71,26,13236,1460,65300,42840,3430268,0,99,9,0,0,14:33:5C:6D:AF:58,0,0,ARMED,72.0,0,1,80:02:9C:61:97:4B,11,12,260.2,,,,,80:02:9C:61:97:4A,0,1,AUTH_FLOOD,2026-08-26T14:45:32.233354
45917,,6,6,0,0,65300,42840,3430410,0,99,9,0,0,14:33:5C:6D:AF:58,0,1,ARMED,72.0,0,0,80:02:9C:61:97:4B,11,22,256.1,,,,,80:02:9C:61:97:4A,0,1,AUTH_FLOOD,2026-08-26T14:45:32.375354
45917,,-90,7,951,0,65300,42840,3430712,0,99,9,0,0,14:33:5C:6D:AF:58,0,0,ARMED,72.0,0,0,80:02:9C:61:97:4B,11,17,211.0,,,,,80:02:9C:61:97:4A,0,1,AUTH_FLOOD,2026-08-26T14:45:32.677354
45917,BEACON,-91,6,14351,1661,65300,42840,3430934,0,99,9,0,0,14:33:5C:6D:AF:58,0,1,ARMED,72.0,0,1,80:02:9C:61:97:4B,11,29,289.1,,,,,80:02:9C:61:97:4A,0,1,AUTH_FLOOD,2026-08-26T14:45:32.899354
45917,,-52,45,436,8,65300,42840,3431211,0,99,9,0,0,14:33:5C:6D:AF:58,0,0,ARMED,72.0,0,0,80:02:9C:61:97:4B,11,20,262.3,,,,,80:02:9C:61:97:4A,0,1,AUTH_FLOOD,2026-08-26T14:45:33.176354
45917,,-71,26,283,1475,65300,42840,3431499,0,99,9,0,0,14:33:5C:6D:AF:58,0,0,ARMED,72.0,0,0,80:02:9C:61:97:4B,11,18,287.2,,,,,80:02:9C:61:97:4A,0,1,AUTH_FLOOD,2026-08-26T14:45:33.464354
45917,BEACON,-86,11,0,3845,65300,42840,3431668,0,99,9,0,0,14:33:5C:6D:AF:58,0,1,ARMED,72.0,0,1,80:02:9C:61:97:4B,11,2,155.7,,,,,80:02:9C:61:97:4A,0,1,AUTH_FLOOD,2026-08-26T14:45:33.633354
45917,,44,44,0,0,65300,42840,3431849,0,99,9,0,0,14:33:5C:6D:AF:58,0,0,ARMED,72.0,0,1,80:02:9C:61:97:4B,11,29,316.4,,,,,80:02:9C:61:97:4A,0,1,AUTH_FLOOD,2026-08-26T14:45:33.814354
45917,BEACON,-57,40,5613,2149,65300,42840,3431971,0,99,9,0,0,14:33:5C:6D:AF:58,0,0,ARMED,72.0,0,1,80:02:9C:61:97:4B,11,2,246.8,,,,,80:02:9C:61:97:4A,0,1,AUTH_FLOOD,2026-08-26T14:45:33.936354
45917,DEAUTH,44,44,0,0,65300,42840,3432092,0,99,9,0,0,14:33:5C:6D:AF:58,0,1,ARMED,72.0,0,0,80:02:9C:61:97:4B,11,18,623.9,,,,,80:02:9C:61:97:4A,0,1,AUTH_FLOOD,2026-08-26T14:45:34.057354
45917,DISASSOC,44,44,0,0,65300,42840,3432248,0,99,9,0,0,14:33:5C:6D:AF:58,1,1,ARMED,72.0,0,1,80:02:9C:61:97:4B,11,25,299.7,,,,,80:02:9C:61:97:4A,0,1,AUTH_FLOOD,2026-08-26T14:45:34.213354
45917,,-52,45,0,193,65300,42840,3432451,0,99,9,0,0,14:33:5C:6D:AF:58,1,1,ARMED,72.0,0,0,80:02:9C:61:97:4B,11,21,274.8,,,,,80:02:9C:61:97:4A,0,1,AUTH_FLOOD,2026-08-26T14:45:34.416354
45917,,-67,30,0,114,65300,42840,3432512,0,99,9,0,0,14:33:5C:6D:AF:58,1,1,ARMED,72.0,0,1,80:02:9C:61:97:4B,11,29,1020.6,,,,,80:02:9C:61:97:4A,0,1,AUTH_FLOOD,2026-08-26T14:45:34.477354
45917,,-89,8,19931,0,65300,42840,3432634,0,99,9,0,0,14:33:5C:6D:AF:58,0,1,ARMED,72.0,0,0,80:02:9C:61:97:4B,11,17,349.8,,,,,80:02:9C:61:97:4A,0,1,AUTH_FLOOD,2026-08-26T14:45:34.599354
45917,BEACON,-92,5,138,1680,65300,42840,3432842,0,99,9,0,0,14:33:5C:6D:AF:58,0,0,ARMED,72.0,0,1,80:02:9C:61:97:4B,11,12,229.3,,,,,80:02:9C:61:97:4A,0,1,AUTH_FLOOD,2026-08-26T14:45:34.807354
45917,BEACON,-89,8,0,2882,65300,42840,3433114,0,99,9,0,0,14:33:5C:6D:AF:58,0,0,ARMED,72.0,0,0,80:02:9C:61:97:4B,11,3,170.0,,,,,80:02:9C:61:97:4A,0,1,AUTH_FLOOD,2026-08-26T14:45:35.079354
45917,,-69,28,0,1535,65300,42840,3433406,0,99,9,0,0,14:33:5C:6D:AF:58,1,1,ARMED,72.0,0,1,80:02:9C:61:97:4B,11,1,388.3,,,,,80:02:9C:61:97:4A,0,1,AUTH_FLOOD,2026-08-26T14:45:35.371354
45917,,-52,45,0,358,65300,42840,3433550,0,99,9,0,0,14:33:5C:6D:AF:58,1,0,ARMED,72.0,0,1,80:02:9C:61:97:4B,11,38,860.7,,,,,80:02:9C:61:97:4A,0,1,AUTH_FLOOD,2026-08-26T14:45:35.515354
45917,,-71,26,0,204,64408,42840,3433645,0,99,9,0,0,14:33:5C:6D:AF:58,0,1,ARMED,72.0,0,0,80:02:9C:61:97:4B,11,22,596.9,,,,,80:02:9C:61:97:4A,0,1,AUTH_FLOOD,2026-08-26T14:45:35.610354
45917,,44,44,0,0,65300,42840,3433696,0,99,9,0,0,14:33:5C:6D:AF:58,0,1,ARMED,72.0,0,0,80:02:9C:61:97:4B,11,72,821.7,,,,,80:02:9C:61:97:4A,0,1,AUTH_FLOOD,2026-08-26T14:45:35.661354
45917,,-72,25,6636,1548,65300,42840,3433855,0,99,9,0,0,14:33:5C:6D:AF:58,0,1,ARMED,72.0,0,1,80:02:9C:61:97:4B,11,14,717.6,,,,,80:02:9C:61:97:4A,0,1,AUTH_FLOOD,2026-08-26T14:45:35.820354
45917,,-52,45,6492,849,65300,42840,3434018,0,99,9,0,0,14:33:5C:6D:AF:58,0,1,ARMED,72.0,0,0,80:02:9C:61:97:4B,11,16,194.6,,,,,80:02:9C:61:97:4A,0,1,AUTH_FLOOD,2026-08-26T14:45:35.983354
45917,,-59,38,0,22,65300,42840,3434086,0,99,9,0,0,14:33:5C:6D:AF:58,0,1,ARMED,72.0,0,0,80:02:9C:61:97:4B,11,38,769.7,,,,,80:02:9C:61:97:4A,0,1,AUTH_FLOOD,2026-08-26T14:45:36.051354
45917,,-52,45,0,1004,65300,42840,3434137,0,99,9,0,0,14:33:5C:6D:AF:58,0,1,ARMED,72.0,0,0,80:02:9C:61:97:4B,11,2,2000.0,,,,,80:02:9C:61:97:4A,0,1,AUTH_FLOOD,2026-08-26T14:45:36.102354
45917,,-52,45,1791,993,65300,42840,3434220,0,99,9,0,0,14:33:5C:6D:AF:58,0,1,ARMED,72.0,0,0,80:02:9C:61:97:4B,11,52,625.3,,,,,80:02:9C:61:97:4A,0,1,AUTH_FLOOD,2026-08-26T14:45:36.185354
45917,,-52,45,1229,1080,65300,42840,3434295,0,99,9,0,0,14:33:5C:6D:AF:58,0,1,ARMED,72.0,0,1,80:02:9C:61:97:4B,11,41,713.4,,,,,80:02:9C:61:97:4A,0,1,AUTH_FLOOD,2026-08-26T14:45:36.260354
45917,,-52,45,0,1144,65300,42840,3434322,0,99,9,0,0,14:33:5C:6D:AF:58,0,1,ARMED,72.0,0,0,80:02:9C:61:97:4B,11,91,1083.5,,,,,80:02:9C:61:97:4A,0,1,AUTH_FLOOD,2026-08-26T14:45:36.287354
45917,,-52,45,0,1159,65300,42840,3434351,0,99,9,0,0,14:33:5C:6D:AF:58,0,1,ARMED,72.0,0,0,80:02:9C:61:97:4B,11,49,3745.6,,,,,80:02:9C:61:97:4A,0,1,AUTH_FLOOD,2026-08-26T14:45:36.316354
45917,,-88,9,4580,3154,65300,42840,3434374,0,99,9,0,0,14:33:5C:6D:AF:58,0,1,ARMED,72.0,0,1,80:02:9C:61:97:4B,11,99,2716.9,,,,,80:02:9C:61:97:4A,0,1,AUTH_FLOOD,2026-08-26T14:45:36.339354
45917,,-57,40,0,2179,65300,42840,3434424,0,99,9,0,0,14:33:5C:6D:AF:58,0,1,ARMED,72.0,0,0,80:02:9C:61:97:4B,11,149,1735.2,,,,,80:02:9C:61:97:4A,0,1,AUTH_FLOOD,2026-08-26T14:45:36.389354
45917,,-71,26,580,1568,65300,42840,3434466,0,99,9,0,0,14:33:5C:6D:AF:58,0,1,ARMED,72.0,0,0,80:02:9C:61:97:4B,11,28,1078.6,,,,,80:02:9C:61:97:4A,0,1,AUTH_FLOOD,2026-08-26T14:45:36.431354
45917,,-52,45,0,1721,65300,42840,3434504,0,99,9,0,0,14:33:5C:6D:AF:58,0,1,ARMED,72.0,0,1,80:02:9C:61:97:4B,11,78,1218.6,,,,,80:02:9C:61:97:4A,0,1,AUTH_FLOOD,2026-08-26T14:45:36.469354
45917,,-52,45,0,1256,65300,42840,3434537,0,99,9,0,0,14:33:5C:6D:AF:58,0,1,ARMED,72.0,0,0,80:02:9C:61:97:4B,11,128,1315.5,,,,,80:02:9C:61:97:4A,0,1,AUTH_FLOOD,2026-08-26T14:45:36.502354
45917,,-52,45,0,1303,65300,42840,3434582,0,99,9,0,0,14:33:5C:6D:AF:58,1,1,ARMED,72.0,0,0,80:02:9C:61:97:4B,11,49,1704.6,,,,,80:02:9C:61:97:4A,0,1,AUTH_FLOOD,2026-08-26T14:45:36.547354
45917,,-52,45,0,1344,65300,42840,3434607,0,99,9,0,0,14:33:5C:6D:AF:58,1,1,ARMED,72.0,0,0,80:02:9C:61:97:4B,11,99,1865.8,,,,,80:02:9C:61:97:4A,0,1,AUTH_FLOOD,2026-08-26T14:45:36.572354
45917,,-52,45,667,1336,65300,42840,3434647,0,99,9,0,0,14:33:5C:6D:AF:58,1,1,ARMED,72.0,0,0,80:02:9C:61:97:4B,11,149,1589.4,,,,,80:02:9C:61:97:4A,0,1,AUTH_FLOOD,2026-08-26T14:45:36.612354
45917,,-71,26,319,1575,65300,42840,3434681,0,99,9,0,0,14:33:5C:6D:AF:58,1,1,ARMED,72.0,0,0,80:02:9C:61:97:4B,11,37,1374.5,,,,,80:02:9C:61:97:4A,0,1,AUTH_FLOOD,2026-08-26T14:45:36.646354
45917,,-52,45,0,1391,65300,42840,3434729,0,99,9,0,0,14:33:5C:6D:AF:58,1,1,ARMED,72.0,0,0,80:02:9C:61:97:4B,11,87,1161.2,,,,,80:02:9C:61:97:4A,0,1,AUTH_FLOOD,2026-08-26T14:45:36.694354
45917,,-52,45,668,1427,65300,42840,3434767,0,99,9,0,0,14:33:5C:6D:AF:58,1,1,ARMED,72.0,0,0,80:02:9C:61:97:4B,11,25,2146.3,,,,,80:02:9C:61:97:4A,0,1,AUTH_FLOOD,2026-08-26T14:45:36.732354
45917,,-52,45,0,1483,65224,42840,3434802,0,99,9,0,0,14:33:5C:6D:AF:58,1,1,ARMED,72.0,0,1,80:02:9C:61:97:4B,11,75,1593.1,,,,,80:02:9C:61:97:4A,0,1,AUTH_FLOOD,2026-08-26T14:45:36.767354
45917,,-53,44,0,1518,65300,42840,3434851,0,99,9,0,0,14:33:5C:6D:AF:58,1,1,ARMED,72.0,0,0,80:02:9C:61:97:4B,11,125,1298.7,,,,,80:02:9C:61:97:4A,0,1,AUTH_FLOOD,2026-08-26T14:45:36.816354
45917,,-52,45,421,1547,65300,42840,3434892,0,99,9,0,0,14:33:5C:6D:AF:58,1,1,ARMED,72.0,0,0,80:02:9C:61:97:4B,11,49,3076.5,,,,,80:02:9C:61:97:4A,0,1,AUTH_FLOOD,2026-08-26T14:45:36.857354
45917,,-52,45,4515,1563,64656,42840,3434901,0,99,9,0,0,14:33:5C:6D:AF:58,1,1,ARMED,72.0,0,0,80:02:9C:61:97:4B,11,99,3978.5,,,,,80:02:9C:61:97:4A,0,1,AUTH_FLOOD,2026-08-26T14:45:36.866354
45917,,-52,45,0,1610,65300,42840,3434942,0,99,9,0,0,14:33:5C:6D:AF:58,1,1,ARMED,72.0,0,0,80:02:9C:61:97:4B,11,149,2273.1,,,,,80:02:9C:61:97:4A,0,1,AUTH_FLOOD,2026-08-26T14:45:36.907354
45917,,-88,9,18515,0,65300,42840,3434996,0,99,9,0,0,14:33:5C:6D:AF:58,1,1,ARMED,72.0,0,0,80:02:9C:61:97:4B,11,4,204.8,,,,,80:02:9C:61:97:4A,0,1,AUTH_FLOOD,2026-08-26T14:45:36.961354
45917,,-52,45,1766,1691,65300,42840,3435029,0,99,9,0,0,14:33:5C:6D:AF:58,1,1,ARMED,72.0,0,0,80:02:9C:61:97:4B,11,54,1043.1,,,,,80:02:9C:61:97:4A,0,1,AUTH_FLOOD,2026-08-26T14:45:36.994354
45917,,-52,45,287,1749,65300,42840,3435066,0,99,9,0,0,14:33:5C:6D:AF:58,1,1,ARMED,72.0,0,0,80:02:9C:61:97:4B,11,104,1164.6,,,,,80:02:9C:61:97:4A,0,1,AUTH_FLOOD,2026-08-26T14:45:37.031354
45917,,-52,45,6441,1769,65300,42840,3435118,0,99,9,0,0,14:33:5C:6D:AF:58,1,1,ARMED,72.0,0,0,80:02:9C:61:97:4B,11,49,1383.4,,,,,80:02:9C:61:97:4A,0,1,AUTH_FLOOD,2026-08-26T14:45:37.083354
45917,,-52,45,2501,1811,65300,42840,3435194,0,99,9,0,0,14:33:5C:6D:AF:58,1,1,ARMED,72.0,0,0,80:02:9C:61:97:4B,11,3,380.4,,,,,80:02:9C:61:97:4A,0,1,AUTH_FLOOD,2026-08-26T14:45:37.159354
45917,,-52,45,0,1842,62392,42840,3435216,0,99,9,0,0,14:33:5C:6D:AF:58,1,1,ARMED,72.0,0,0,80:02:9C:61:97:4B,11,53,1745.6,,,,,80:02:9C:61:97:4A,0,1,AUTH_FLOOD,2026-08-26T14:45:37.181354
45917,,-52,45,2179,1890,65300,42840,3435268,0,99,9,0,0,14:33:5C:6D:AF:58,1,1,ARMED,72.0,0,0,80:02:9C:61:97:4B,11,103,1252.8,,,,,80:02:9C:61:97:4A,0,1,AUTH_FLOOD,2026-08-26T14:45:37.233354
45917,,-52,45,0,1940,65300,42840,3435319,0,99,9,0,0,14:33:5C:6D:AF:58,1,1,ARMED,72.0,0,0,80:02:9C:61:97:4B,11,49,1950.1,,,,,80:02:9C:61:97:4A,0,1,AUTH_FLOOD,2026-08-26T14:45:37.284354
45917,,-53,44,0,1996,65300,42840,3435332,0,99,9,0,0,14:33:5C:6D:AF:58,1,1,ARMED,72.0,0,0,80:02:9C:61:97:4B,11,99,2574.6,,,,,80:02:9C:61:97:4A,0,1,AUTH_FLOOD,2026-08-26T14:45:37.297354
45917,,-52,45,519,2020,65300,42840,3435362,0,99,9,0,0,14:33:5C:6D:AF:58,1,1,ARMED,72.0,0,0,80:02:9C:61:97:4B,11,149,2196.8,,,,,80:02:9C:61:97:4A,0,1,AUTH_FLOOD,2026-08-26T14:45:37.327354
45917,,-88,9,1891,0,65300,42840,3435399,0,99,9,0,0,14:33:5C:6D:AF:58,1,1,ARMED,72.0,0,0,80:02:9C:61:97:4B,11,18,3838.0,,,,,80:02:9C:61:97:4A,0,1,AUTH_FLOOD,2026-08-26T14:45:37.364354
45917,,-52,45,0,2074,65300,42840,3435431,0,99,9,0,0,14:33:5C:6D:AF:58,1,1,ARMED,72.0,0,0,80:02:9C:61:97:4B,11,68,1866.0,,,,,80:02:9C:61:97:4A,0,1,AUTH_FLOOD,2026-08-26T14:45:37.396354
45917,,-52,45,0,2113,65300,42840,3435448,0,99,9,0,0,14:33:5C:6D:AF:58,1,1,ARMED,72.0,0,0,80:02:9C:61:97:4B,11,118,2175.2,,,,,80:02:9C:61:97:4A,0,1,AUTH_FLOOD,2026-08-26T14:45:37.413354
45917,,-52,45,0,2128,62392,42840,3435501,0,99,9,0,0,14:33:5C:6D:AF:58,1,1,ARMED,72.0,0,0,80:02:9C:61:97:4B,11,1,406.0,,,,,80:02:9C:61:97:4A,0,1,AUTH_FLOOD,2026-08-26T14:45:37.466354
45917,,-53,44,0,2182,65300,42840,3435553,0,99,9,0,0,14:33:5C:6D:AF:58,1,1,ARMED,72.0,0,0,80:02:9C:61:97:4B,11,51,934.0,,,,,80:02:9C:61:97:4A,0,1,AUTH_FLOOD,2026-08-26T14:45:37.518354
45917,,-52,45,0,2153,65300,42840,3435601,0,99,9,0,0,14:33:5C:6D:AF:58,1,1,ARMED,72.0,0,0,80:02:9C:61:97:4B,11,1,427.7,,,,,80:02:9C:61:97:4A,0,1,AUTH_FLOOD,2026-08-26T14:45:37.566354
45917,,-52,45,0,2255,65300,42840,3435621,0,99,9,0,0,14:33:5C:6D:AF:58,1,1,ARMED,72.0,0,0,80:02:9C:61:97:4B,11,51,2281.6,,,,,80:02:9C:61:97:4A,0,1,AUTH_FLOOD,2026-08-26T14:45:37.586354
45917,,-52,45,0,2301,65300,42840,3435650,0,99,9,0,0,14:33:5C:6D:AF:58,1,1,ARMED,72.0,0,0,80:02:9C:61:97:4B,11,101,1980.8,,,,,80:02:9C:61:97:4A,0,1,AUTH_FLOOD,2026-08-26T14:45:37.615354
45917,,-52,45,0,2365,64656,42840,3435682,0,99,9,0,0,14:33:5C:6D:AF:58,1,1,ARMED,72.0,0,0,80:02:9C:61:97:4B,11,151,1806.5,,,,,80:02:9C:61:97:4A,0,1,AUTH_FLOOD,2026-08-26T14:45:37.647354
45917,,-72,25,2222,344,64256,42840,3435716,0,99,9,0,0,14:33:5C:6D:AF:58,1,1,ARMED,72.0,0,1,80:02:9C:61:97:4B,11,46,2713.2,,,,,80:02:9C:61:97:4A,0,1,AUTH_FLOOD,2026-08-26T14:45:37.681354
45917,,-52,45,0,2460,65300,42840,3435747,0,99,9,0,0,14:33:5C:6D:AF:58,1,1,ARMED,72.0,0,0,80:02:9C:61:97:4B,11,96,1987.5,,,,,80:02:9C:61:97:4A,0,1,AUTH_FLOOD,2026-08-26T14:45:37.712354
45917,,-72,25,0,357,64656,42840,3435779,0,99,9,0,0,14:33:5C:6D:AF:58,1,1,ARMED,72.0,0,0,80:02:9C:61:97:4B,11,146,1830.6,,,,,80:02:9C:61:97:4A,0,1,AUTH_FLOOD,2026-08-26T14:45:37.744354
45917,,-52,45,0,2586,65300,42840,3435806,0,99,9,0,0,14:33:5C:6D:AF:58,1,1,ARMED,72.0,0,0,80:02:9C:61:97:4B,11,13,3178.5,,,,,80:02:9C:61:97:4A,0,1,AUTH_FLOOD,2026-08-26T14:45:37.771354
45917,,44,44,0,0,65300,42840,3435833,0,99,9,0,0,14:33:5C:6D:AF:58,1,1,ARMED,72.0,0,1,80:02:9C:61:97:4B,11,63,2072.9,,,,,80:02:9C:61:97:4A,0,1,AUTH_FLOOD,2026-08-26T14:45:37.798354
45917,,-52,45,0,2734,65300,42840,3435847,0,99,9,0,0,14:33:5C:6D:AF:58,1,1,ARMED,72.0,0,0,80:02:9C:61:97:4B,11,113,2525.6,,,,,80:02:9C:61:97:4A,0,1,AUTH_FLOOD,2026-08-26T14:45:37.812354
45917,,-52,45,0,2721,65300,42840,3435881,0,99,9,0,0,14:33:5C:6D:AF:58,1,1,ARMED,72.0,0,0,80:02:9C:61:97:4B,11,163,2060.2,,,,,80:02:9C:61:97:4A,0,1,AUTH_FLOOD,2026-08-26T14:45:37.846354
45917,,-52,45,0,2751,65300,42840,3435919,0,99,9,0,0,14:33:5C:6D:AF:58,1,1,ARMED,72.0,0,0,80:02:9C:61:97:4B,11,15,1922.3,,,,,80:02:9C:61:97:4A,0,1,AUTH_FLOOD,2026-08-26T14:45:37.884354
45917,,-52,45,0,2844,63260,42840,3435950,0,99,9,0,0,14:33:5C:6D:AF:58,1,1,ARMED,72.0,0,0,80:02:9C:61:97:4B,11,65,1657.8,,,,,80:02:9C:61:97:4A,0,1,AUTH_FLOOD,2026-08-26T14:45:37.915354
45917,,-52,45,0,2130,65300,42840,3435979,0,99,9,0,0,14:33:5C:6D:AF:58,1,1,ARMED,72.0,0,1,80:02:9C:61:97:4B,11,115,1685.3,,,,,80:02:9C:61:97:4A,0,1,AUTH_FLOOD,2026-08-26T14:45:37.944354
45917,,-52,45,287,2941,65300,42840,3436007,0,99,9,0,0,14:33:5C:6D:AF:58,1,1,ARMED,72.0,0,0,80:02:9C:61:97:4B,11,165,1725.6,,,,,80:02:9C:61:97:4A,0,1,AUTH_FLOOD,2026-08-26T14:45:37.972354
45917,,-52,45,0,2953,65300,42840,3436027,0,99,9,0,0,14:33:5C:6D:AF:58,1,1,ARMED,72.0,0,0,80:02:9C:61:97:4B,11,41,2720.5,,,,,80:02:9C:61:97:4A,0,1,AUTH_FLOOD,2026-08-26T14:45:37.992354
45917,,-52,45,0,3036,65300,42840,3436049,0,99,9,0,0,14:33:5C:6D:AF:58,1,1,ARMED,72.0,0,0,80:02:9C:61:97:4B,11,91,2403.1,,,,,80:02:9C:61:97:4A,0,1,AUTH_FLOOD,2026-08-26T14:45:38.014354
45917,,-88,9,13258,0,65300,42840,3436194,0,99,9,0,0,14:33:5C:6D:AF:58,1,1,ARMED,72.0,0,0,80:02:9C:61:97:4B,11,9,110.5,,,,,80:02:9C:61:97:4A,0,1,AUTH_FLOOD,2026-08-26T14:45:38.159354
45917,MGMT_OTHER,-84,13,0,555,65300,42840,3436417,0,99,9,0,0,14:33:5C:6D:AF:58,0,0,ARMED,72.0,0,1,80:02:9C:61:97:4B,11,18,181.0,,,,,80:02:9C:61:97:4A,0,1,AUTH_FLOOD,2026-08-26T14:45:38.382354
45917,,-72,25,157,1610,65300,42840,3436697,0,99,9,0,0,14:33:5C:6D:AF:58,0,0,ARMED,72.0,0,0,80:02:9C:61:97:4B,11,15,349.4,,,,,80:02:9C:61:97:4A,0,1,AUTH_FLOOD,2026-08-26T14:45:38.662354
45917,,-55,42,0,3020,65300,42840,3436931,0,99,9,0,0,14:33:5C:6D:AF:58,0,0,ARMED,72.0,0,1,80:02:9C:61:97:4B,11,14,186.2,,,,,80:02:9C:61:97:4A,0,1,AUTH_FLOOD,2026-08-26T14:45:38.896354
45917,BEACON,-90,7,0,2921,65300,42840,3437108,0,99,9,0,0,14:33:5C:6D:AF:58,0,1,ARMED,72.0,0,1,80:02:9C:61:97:4B,11,4,158.3,,,,,80:02:9C:61:97:4A,0,1,AUTH_FLOOD,2026-08-26T14:45:39.073354
45917,BEACON,-92,5,139,1726,65300,42840,3437457,0,99,9,0,0,14:33:5C:6D:AF:58,0,0,ARMED,72.0,0,1,80:02:9C:61:97:4B,11,13,192.7,,,,,80:02:9C:61:97:4A,0,1,AUTH_FLOOD,2026-08-26T14:45:39.422354
45917,BEACON,-57,40,0,2218,65300,42840,3437807,0,99,9,0,0,14:33:5C:6D:AF:58,0,0,ARMED,72.0,0,1,80:02:9C:61:97:4B,11,1,128.4,,,,,80:02:9C:61:97:4A,0,1,AUTH_FLOOD,2026-08-26T14:45:39.772354
45917,BEACON,-89,8,0,2930,65300,42840,3438037,0,99,9,0,0,14:33:5C:6D:AF:58,1,0,ARMED,72.0,0,0,80:02:9C:61:97:4B,11,3,91.5,,,,,80:02:9C:61:97:4A,0,1,AUTH_FLOOD,2026-08-26T14:45:40.002354
45917,,-52,45,1779,3063,65300,42840,3438267,0,99,9,0,0,14:33:5C:6D:AF:58,0,0,ARMED,72.0,0,0,80:02:9C:61:97:4B,11,22,377.5,,,,,80:02:9C:61:97:4A,0,1,AUTH_FLOOD,2026-08-26T14:45:40.232354
45917,BEACON,67,67,0,0,65300,42840,3438311,0,99,9,0,0,14:33:5C:6D:AF:58,0,1,ARMED,72.0,0,1,80:02:9C:61:97:4B,11,1,1000.0,,,,,80:02:9C:61:97:4A,0,1,AUTH_FLOOD,2026-08-26T14:45:40.276354
45917,,-71,26,22188,1617,65300,42840,3438518,0,99,9,0,0,14:33:5C:6D:AF:58,1,0,ARMED,72.0,0,1,80:02:9C:61:97:4B,11,1,460.2,,,,,80:02:9C:61:97:4A,0,1,AUTH_FLOOD,2026-08-26T14:45:40.483354
45917,BEACON,-83,14,0,1119,65300,42840,3438770,0,99,9,0,0,14:33:5C:6D:AF:58,1,0,ARMED,72.0,0,1,80:02:9C:61:97:4B,11,11,223.8,,,,,80:02:9C:61:97:4A,0,1,AUTH_FLOOD,2026-08-26T14:45:40.735354
45917,,-52,45,3772,3084,65300,42840,3438903,0,99,9,0,0,14:33:5C:6D:AF:58,0,0,ARMED,72.0,0,0,80:02:9C:61:97:4B,11,41,511.0,,,,,80:02:9C:61:97:4A,0,1,AUTH_FLOOD,2026-08-26T14:45:40.868354
45917,,-52,45,6286,3115,65300,42840,3438930,0,99,9,0,0,14:33:5C:6D:AF:58,0,1,ARMED,72.0,0,0,80:02:9C:61:97:4B,11,91,857.5,,,,,80:02:9C:61:97:4A,0,1,AUTH_FLOOD,2026-08-26T14:45:40.895354
45917,,-89,8,138,0,64656,42840,3438976,0,99,9,0,0,14:33:5C:6D:AF:58,0,1,ARMED,72.0,0,0,80:02:9C:61:97:4B,11,50,1068.6,,,,,80:02:9C:61:97:4A,0,1,AUTH_FLOOD,2026-08-26T14:45:40.941354
45917,,-52,45,0,3202,65300,42840,3439007,0,99,9,0,0,14:33:5C:6D:AF:58,0,1,ARMED,72.0,0,0,80:02:9C:61:97:4B,11,100,1279.1,,,,,80:02:9C:61:97:4A,0,1,AUTH_FLOOD,2026-08-26T14:45:40.972354
45917,,-72,25,0,404,61848,42840,3439032,0,99,9,0,0,14:33:5C:6D:AF:58,0,1,ARMED,72.0,0,0,80:02:9C:61:97:4B,11,3,2601.9,,,,,80:02:9C:61:97:4A,0,1,AUTH_FLOOD,2026-08-26T14:45:40.997354
45917,,-52,45,0,3218,65300,42840,3439066,0,99,9,0,0,14:33:5C:6D:AF:58,0,1,ARMED,72.0,0,0,80:02:9C:61:97:4B,11,53,1487.4,,,,,80:02:9C:61:97:4A,0,1,AUTH_FLOOD,2026-08-26T14:45:41.031354
45917,,-52,45,0,3238,65300,42840,3439126,0,99,9,0,0,14:33:5C:6D:AF:58,0,1,ARMED,72.0,0,0,80:02:9C:61:97:4B,11,103,1081.5,,,,,80:02:9C:61:97:4A,0,1,AUTH_FLOOD,2026-08-26T14:45:41.091354
45917,,-89,8,19794,0,65300,42840,3439315,0,99,9,0,0,14:33:5C:6D:AF:58,1,1,ARMED,72.0,0,0,80:02:9C:61:97:4B,11,14,202.9,,,,,80:02:9C:61:97:4A,0,1,AUTH_FLOOD,2026-08-26T14:45:41.280354
45917,,-52,45,0,3275,65300,42840,3439444,0,99,9,0,0,14:33:5C:6D:AF:58,0,0,ARMED,72.0,0,0,80:02:9C:61:97:4B,11,46,478.9,,,,,80:02:9C:61:97:4A,0,1,AUTH_FLOOD,2026-08-26T14:45:41.409354
45917,,-52,45,3127,3317,65300,42840,3439475,0,99,9,0,0,14:33:5C:6D:AF:58,0,1,ARMED,72.0,0,0,80:02:9C:61:97:4B,11,49,3475.7,,,,,80:02:9C:61:97:4A,0,1,AUTH_FLOOD,2026-08-26T14:45:41.440354
45917,,-75,22,0,428,65300,42840,3439510,0,99,9,0,0,14:33:5C:6D:AF:58,0,1,ARMED,72.0,0,0,80:02:9C:61:97:4B,11,99,1989.9,,,,,80:02:9C:61:97:4A,0,1,AUTH_FLOOD,2026-08-26T14:45:41.475354
45917,,-52,45,0,3375,65300,42840,3439531,0,99,9,0,0,14:33:5C:6D:AF:58,0,1,ARMED,72.0,0,0,80:02:9C:61:97:4B,11,149,2110.0,,,,,80:02:9C:61:97:4A,0,1,AUTH_FLOOD,2026-08-26T14:45:41.496354
45917,BEACON,-89,8,0,2462,65300,42840,3439555,0,99,9,0,0,14:33:5C:6D:AF:58,0,1,ARMED,72.0,0,1,80:02:9C:61:97:4B,11,199,2118.9,,,,,80:02:9C:61:97:4A,0,1,AUTH_FLOOD,2026-08-26T14:45:41.520354
45917,,-52,45,0,3411,65300,42840,3439604,0,99,9,0,0,14:33:5C:6D:AF:58,0,1,ARMED,72.0,0,0,80:02:9C:61:97:4B,11,49,2023.7,,,,,80:02:9C:61:97:4A,0,1,AUTH_FLOOD,2026-08-26T14:45:41.569354
45917,,-52,45,0,3449,65300,42840,3439623,0,99,9,0,0,14:33:5C:6D:AF:58,0,1,ARMED,72.0,0,0,80:02:9C:61:97:4B,11,99,2319.3,,,,,80:02:9C:61:97:4A,0,1,AUTH_FLOOD,2026-08-26T14:45:41.588354
45917,,-52,45,0,3485,65300,42840,3439642,0,99,9,0,0,14:33:5C:6D:AF:58,0,1,ARMED,72.0,0,0,80:02:9C:61:97:4B,11,149,2388.0,,,,,80:02:9C:61:97:4A,0,1,AUTH_FLOOD,2026-08-26T14:45:41.607354
45917,,-52,45,6386,3509,65300,42840,3439670,0,99,9,0,0,14:33:5C:6D:AF:58,0,1,ARMED,72.0,0,0,80:02:9C:61:97:4B,11,199,2219.9,,,,,80:02:9C:61:97:4A,0,1,AUTH_FLOOD,2026-08-26T14:45:41.635354
45917,,-52,45,0,3565,63868,42840,3439708,0,99,9,0,0,14:33:5C:6D:AF:58,0,1,ARMED,72.0,0,0,80:02:9C:61:97:4B,11,49,2161.4,,,,,80:02:9C:61:97:4A,0,1,AUTH_FLOOD,2026-08-26T14:45:41.673354
45917,,-52,45,0,3623,64656,42840,3439726,0,99,9,0,0,14:33:5C:6D:AF:58,0,1,ARMED,72.0,0,0,80:02:9C:61:97:4B,11,99,2473.8,,,,,80:02:9C:61:97:4A,0,1,AUTH_FLOOD,2026-08-26T14:45:41.691354
45917,,-73,24,0,459,65300,42840,3439746,0,99,9,0,0,14:33:5C:6D:AF:58,0,1,ARMED,72.0,0,0,80:02:9C:61:97:4B,11,149,2489.8,,,,,80:02:9C:61:97:4A,0,1,AUTH_FLOOD,2026-08-26T14:45:41.711354
45917,BEACON,-84,13,0,3639,65300,42840,3439892,0,99,9,0,0,14:33:5C:6D:AF:58,1,0,ARMED,72.0,0,1,80:02:9C:61:97:4B,11,1,255.6,,,,,80:02:9C:61:97:4A,0,1,AUTH_FLOOD,2026-08-26T14:45:41.857354
45917,MGMT_OTHER,5,5,0,0,65300,42840,3440210,0,99,9,0,0,14:33:5C:6D:AF:58,0,0,ARMED,72.0,0,1,80:02:9C:61:97:4B,11,4,286.8,,,,,80:02:9C:61:97:4A,0,1,AUTH_FLOOD,2026-08-26T14:45:42.175354
45917,BEACON,-58,39,11092,2251,65300,42840,3440572,0,99,9,0,0,14:33:5C:6D:AF:58,0,0,ARMED,72.0,0,1,80:02:9C:61:97:4B,11,8,116.2,,,,,80:02:9C:61:97:4A,0,1,AUTH_FLOOD,2026-08-26T14:45:42.537354
45917,,-59,38,16166,917,65300,42840,3440804,0,99,9,0,0,14:33:5C:6D:AF:58,0,0,ARMED,72.0,0,1,80:02:9C:61:97:4B,11,26,268.6,,,,,80:02:9C:61:97:4A,0,1,AUTH_FLOOD,2026-08-26T14:45:42.769354
45917,,-91,6,19110,0,65300,42840,3441154,0,99,9,0,0,14:33:5C:6D:AF:58,0,0,ARMED,72.0,0,0,80:02:9C:61:97:4B,11,5,154.0,,,,,80:02:9C:61:97:4A,0,1,AUTH_FLOOD,2026-08-26T14:45:43.119354
45917,BEACON,-88,9,0,2963,65300,42840,3441409,0,99,9,0,0,14:33:5C:6D:AF:58,0,0,ARMED,72.0,0,1,80:02:9C:61:97:4B,11,13,157.2,,,,,80:02:9C:61:97:4A,0,1,AUTH_FLOOD,2026-08-26T14:45:43.374354
45917,,-52,45,0,55,65300,42840,3441565,0,99,9,0,0,14:33:5C:6D:AF:58,0,1,ARMED,72.0,0,0,80:02:9C:61:97:4B,11,16,523.9,,,,,80:02:9C:61:97:4A,0,1,AUTH_FLOOD,2026-08-26T14:45:43.530354
45917,,-89,8,8659,0,65300,42840,3441709,0,99,9,0,0,14:33:5C:6D:AF:58,0,1,ARMED,72.0,0,0,80:02:9C:61:97:4B,11,16,222.7,,,,,80:02:9C:61:97:4A,0,1,AUTH_FLOOD,2026-08-26T14:45:43.674354
45917,,-52,45,3939,70,65300,42840,3441947,0,99,9,0,0,14:33:5C:6D:AF:58,1,1,ARMED,72.0,0,0,80:02:9C:61:97:4B,11,24,233.2,,,,,80:02:9C:61:97:4A,0,1,AUTH_FLOOD,2026-08-26T14:45:43.912354
45917,,-88,9,9072,0,65300,42840,3442195,0,99,9,0,0,14:33:5C:6D:AF:58,0,0,ARMED,72.0,0,0,80:02:9C:61:97:4B,11,8,176.1,,,,,80:02:9C:61:97:4A,0,1,AUTH_FLOOD,2026-08-26T14:45:44.160354
45917,BEACON,-87,10,354,2973,65300,42840,3442433,0,99,9,0,0,14:33:5C:6D:AF:58,0,0,ARMED,72.0,0,0,80:02:9C:61:97:4B,11,13,164.3,,,,,80:02:9C:61:97:4A,0,1,AUTH_FLOOD,2026-08-26T14:45:44.398354
45917,,-59,38,394,110,65300,42840,3442678,0,99,9,0,0,14:33:5C:6D:AF:58,0,0,ARMED,72.0,0,0,80:02:9C:61:97:4B,11,9,534.3,,,,,80:02:9C:61:97:4A,0,1,AUTH_FLOOD,2026-08-26T14:45:44.643354
45917,,-59,38,0,115,65300,42840,3442970,0,99,9,0,0,14:33:5C:6D:AF:58,0,0,ARMED,72.0,0,1,80:02:9C:61:97:4B,11,2,1706.5,,,,,80:02:9C:61:97:4A,0,1,AUTH_FLOOD,2026-08-26T14:45:44.935354
45917,MGMT_OTHER,6,6,0,0,65300,42840,3443076,0,99,9,0,0,14:33:5C:6D:AF:58,0,1,ARMED,72.0,0,1,80:02:9C:61:97:4B,11,1,187.8,,,,,80:02:9C:61:97:4A,0,1,AUTH_FLOOD,2026-08-26T14:45:45.041354
45917,BEACON,-84,13,0,3686,65300,42840,3443476,0,99,9,0,0,14:33:5C:6D:AF:58,0,0,ARMED,72.0,0,1,80:02:9C:61:97:4B,11,11,121.3,,,,,80:02:9C:61:97:4A,0,1,AUTH_FLOOD,2026-08-26T14:45:45.441354
45917,BEACON,-83,14,17842,1613,65300,42840,3443780,0,99,9,0,0,14:33:5C:6D:AF:58,0,0,ARMED,72.0,0,1,80:02:9C:61:97:4B,11,12,140.5,,,,,80:02:9C:61:97:4A,0,1,AUTH_FLOOD,2026-08-26T14:45:45.745354
45917,,-89,8,30819,0,65300,42840,3444035,0,99,9,0,0,14:33:5C:6D:AF:58,0,1,ARMED,72.0,0,0,80:02:9C:61:97:4B,11,29,231.9,,,,,80:02:9C:61:97:4A,0,1,AUTH_FLOOD,2026-08-26T14:45:46.000354
45917,,-72,25,12518,1649,65300,42840,3444359,0,99,9,0,0,14:33:5C:6D:AF:58,0,0,ARMED,72.0,0,1,80:02:9C:61:97:4B,11,1,171.6,,,,,80:02:9C:61:97:4A,0,1,AUTH_FLOOD,2026-08-26T14:45:46.324354
45917,,-59,38,292,149,65300,42840,3444617,0,99,9,0,0,14:33:5C:6D:AF:58,0,0,ARMED,72.0,0,0,80:02:9C:61:97:4B,11,15,254.0,,,,,80:02:9C:61:97:4A,0,1,AUTH_FLOOD,2026-08-26T14:45:46.582354
45917,BEACON,-85,12,0,3980,65300,42840,3444878,0,99,9,0,0,14:33:5C:6D:AF:58,0,0,ARMED,72.0,0,1,80:02:9C:61:97:4B,11,2,155.0,,,,,80:02:9C:61:97:4A,0,1,AUTH_FLOOD,2026-08-26T14:45:46.843354
45917,,-57,40,0,2301,65300,42840,3445042,0,99,9,0,0,14:33:5C:6D:AF:58,0,0,ARMED,72.0,0,0,80:02:9C:61:97:4B,11,41,611.2,,,,,80:02:9C:61:97:4A,0,1,AUTH_FLOOD,2026-08-26T14:45:47.007354
45917,,-86,11,0,284,65300,42840,3445229,0,99,9,0,0,14:33:5C:6D:AF:58,0,0,ARMED,72.0,0,0,80:02:9C:61:97:4B,11,12,241.9,,,,,80:02:9C:61:97:4A,0,1,AUTH_FLOOD,2026-08-26T14:45:47.194354
45917,,-59,38,329,181,65300,42840,3445352,0,99,9,0,0,14:33:5C:6D:AF:58,0,0,ARMED,72.0,0,0,80:02:9C:61:97:4B,11,36,517.7,,,,,80:02:9C:61:97:4A,0,1,AUTH_FLOOD,2026-08-26T14:45:47.317354
45917,BEACON,-85,12,8980,3719,65300,42840,3445627,0,99,9,0,0,14:33:5C:6D:AF:58,0,0,ARMED,72.0,0,1,80:02:9C:61:97:4B,11,4,106.6,,,,,80:02:9C:61:97:4A,0,1,AUTH_FLOOD,2026-08-26T14:45:47.592354
45917,BEACON,-94,3,0,201,65300,42840,3445859,0,99,9,0,0,14:33:5C:6D:AF:58,1,0,ARMED,72.0,0,1,80:02:9C:61:97:4B,11,15,232.5,,,,,80:02:9C:61:97:4A,0,1,AUTH_FLOOD,2026-08-26T14:45:47.824354
45917,,-59,38,0,223,65300,42840,3445963,0,99,9,0,0,14:33:5C:6D:AF:58,1,1,ARMED,72.0,0,0,80:02:9C:61:97:4B,11,40,602.6,,,,,80:02:9C:61:97:4A,0,1,AUTH_FLOOD,2026-08-26T14:45:47.928354
45917,,-59,38,29183,928,65280,42840,3446309,0,99,9,0,0,14:33:5C:6D:AF:58,0,0,ARMED,72.0,0,1,80:02:9C:61:97:4B,11,15,148.3,,,,,80:02:9C:61:97:4A,0,1,AUTH_FLOOD,2026-08-26T14:45:48.274354
45917,BEACON,-88,9,1818,669,65300,42840,3446606,0,99,9,0,0,14:33:5C:6D:AF:58,0,0,ARMED,72.0,0,1,80:02:9C:61:97:4B,11,19,212.0,,,,,80:02:9C:61:97:4A,0,1,AUTH_FLOOD,2026-08-26T14:45:48.571354
45917,BEACON,-94,3,929,3067,65300,42840,3446879,0,99,9,0,0,14:33:5C:6D:AF:58,1,1,ARMED,72.0,0,1,80:02:9C:61:97:4B,11,8,143.5,,,,,80:02:9C:61:97:4A,0,1,AUTH_FLOOD,2026-08-26T14:45:48.844354
45917,,-88,9,18641,0,65300,42840,3447215,0,99,9,0,0,14:33:5C:6D:AF:58,0,0,ARMED,72.0,0,0,80:02:9C:61:97:4B,11,10,118.8,,,,,80:02:9C:61:97:4A,0,1,AUTH_FLOOD,2026-08-26T14:45:49.180354
45917,BEACON,-86,11,0,3738,65300,42840,3447470,0,99,9,0,0,14:33:5C:6D:AF:58,0,0,ARMED,72.0,0,1,80:02:9C:61:97:4B,11,10,308.4,,,,,80:02:9C:61:97:4A,0,1,AUTH_FLOOD,2026-08-26T14:45:49.435354
45917,BEACON,-87,10,129,3025,65300,42840,3447757,0,99,9,0,0,14:33:5C:6D:AF:58,0,0,ARMED,72.0,0,1,80:02:9C:61:97:4B,11,5,338.3,,,,,80:02:9C:61:97:4A,0,1,AUTH_FLOOD,2026-08-26T14:45:49.722354
45917,DEAUTH,-86,11,1881,0,65300,42840,3448043,0,99,9,0,0,14:33:5C:6D:AF:58,0,0,ARMED,72.0,0,0,80:02:9C:61:97:4B,11,17,181.3,,,,,80:02:9C:61:97:4A,0,1,AUTH_FLOOD,2026-08-26T14:45:50.008354
45917,PROBE_RESP,66,66,0,0,65300,42840,3448182,0,99,9,0,0,14:33:5C:6D:AF:58,0,1,ARMED,72.0,0,0,80:02:9C:61:97:4B,11,5,380.2,,,,,80:02:9C:61:97:4A,0,1,AUTH_FLOOD,2026-08-26T14:45:50.147354
45917,,6,6,0,0,65300,42840,3448504,0,99,9,0,0,14:33:5C:6D:AF:58,0,0,ARMED,72.0,0,1,80:02:9C:61:97:4B,11,2,208.0,,,,,80:02:9C:61:97:4A,0,1,AUTH_FLOOD,2026-08-26T14:45:50.469354
45917,BEACON,-92,5,0,690,65300,42840,3448756,0,99,9,0,0,14:33:5C:6D:AF:58,0,0,ARMED,72.0,0,1,80:02:9C:61:97:4B,11,9,157.3,,,,,80:02:9C:61:97:4A,0,1,AUTH_FLOOD,2026-08-26T14:45:50.721354
45917,BEACON,-89,8,0,3071,65300,42840,3449081,0,99,9,0,0,14:33:5C:6D:AF:58,0,0,ARMED,72.0,0,1,80:02:9C:61:97:4B,11,12,168.3,,,,,80:02:9C:61:97:4A,0,1,AUTH_FLOOD,2026-08-26T14:45:51.046354
45917,BEACON,-94,3,0,234,65300,42840,3449238,0,99,9,0,0,14:33:5C:6D:AF:58,0,1,ARMED,72.0,0,1,80:02:9C:61:97:4B,11,2,85.8,,,,,80:02:9C:61:97:4A,0,1,AUTH_FLOOD,2026-08-26T14:45:51.203354
45917,,-57,40,0,261,65300,42840,3449421,0,99,9,0,0,14:33:5C:6D:AF:58,0,1,ARMED,72.0,0,0,80:02:9C:61:97:4B,11,3,718.0,,,,,80:02:9C:61:97:4A,0,1,AUTH_FLOOD,2026-08-26T14:45:51.386354
45917,BEACON,-87,10,0,698,65300,42840,3449575,0,99,9,0,0,14:33:5C:6D:AF:58,0,1,ARMED,72.0,0,1,80:02:9C:61:97:4B,11,6,104.9,,,,,80:02:9C:61:97:4A,0,1,AUTH_FLOOD,2026-08-26T14:45:51.540354
45917,BEACON,-88,9,0,701,65300,42840,3449882,0,99,9,0,0,14:33:5C:6D:AF:58,0,0,ARMED,72.0,0,0,80:02:9C:61:97:4B,11,9,157.3,,,,,80:02:9C:61:97:4A,0,1,AUTH_FLOOD,2026-08-26T14:45:51.847354
45917,BEACON,-86,11,0,1231,65300,42840,3450239,0,99,9,0,0,14:33:5C:6D:AF:58,0,0,ARMED,72.0,0,1,80:02:9C:61:97:4B,11,1,253.4,,,,,80:02:9C:61:97:4A,0,1,AUTH_FLOOD,2026-08-26T14:45:52.204354
45917,,-89,8,54250,0,65300,42840,3450529,0,99,9,0,0,14:33:5C:6D:AF:58,0,0,ARMED,72.0,0,0,80:02:9C:61:97:4B,11,14,163.8,,,,,80:02:9C:61:97:4A,0,1,AUTH_FLOOD,2026-08-26T14:45:52.494354
45917,,-83,14,0,308,65300,42840,3450854,0,99,9,0,0,14:33:5C:6D:AF:58,0,0,ARMED,72.0,0,1,80:02:9C:61:97:4B,11,10,126.6,,,,,80:02:9C:61:97:4A,0,1,AUTH_FLOOD,2026-08-26T14:45:52.819354
45917,,-85,12,9335,59,65300,42840,3451156,0,99,9,0,0,14:33:5C:6D:AF:58,0,0,ARMED,72.0,0,1,80:02:9C:61:97:4B,11,9,176.8,,,,,80:02:9C:61:97:4A,0,1,AUTH_FLOOD,2026-08-26T14:45:53.121354
45917,,-85,12,6019,63,65300,42840,3451359,0,99,9,0,0,14:33:5C:6D:AF:58,1,1,ARMED,72.0,0,1,80:02:9C:61:97:4B,11,10,185.8,,,,,80:02:9C:61:97:4A,0,1,AUTH_FLOOD,2026-08-26T14:45:53.324354
45917,,-52,45,134,331,64944,42840,3451655,0,99,9,0,0,14:33:5C:6D:AF:58,0,0,ARMED,72.0,0,1,80:02:9C:61:97:4B,11,8,251.7,,,,,80:02:9C:61:97:4A,0,1,AUTH_FLOOD,2026-08-26T14:45:53.620354
45917,,-90,7,28934,0,65300,42840,3451914,0,99,9,0,0,14:33:5C:6D:AF:58,1,0,ARMED,72.0,0,0,80:02:9C:61:97:4B,11,22,255.8,,,,,80:02:9C:61:97:4A,0,1,AUTH_FLOOD,2026-08-26T14:45:53.879354
45917,,-73,24,16504,1673,65300,42840,3452153,0,99,9,0,0,14:33:5C:6D:AF:58,0,0,ARMED,72.0,0,1,80:02:9C:61:97:4B,11,5,279.0,,,,,80:02:9C:61:97:4A,0,1,AUTH_FLOOD,2026-08-26T14:45:54.118354
45917,BEACON,-87,10,0,4053,65300,42840,3452353,0,99,9,0,0,14:33:5C:6D:AF:58,0,1,ARMED,72.0,0,1,80:02:9C:61:97:4B,11,2,155.1,,,,,80:02:9C:61:97:4A,0,1,AUTH_FLOOD,2026-08-26T14:45:54.318354
45917,,44,44,0,0,65300,42840,3452677,0,99,9,0,0,14:33:5C:6D:AF:58,0,0,ARMED,72.0,0,1,80:02:9C:61:97:4B,11,7,233.7,,,,,80:02:9C:61:97:4A,0,1,AUTH_FLOOD,2026-08-26T14:45:54.642354
45917,BEACON,-86,11,0,4058,65300,42840,3452865,0,99,9,0,0,14:33:5C:6D:AF:58,0,1,ARMED,72.0,0,1,80:02:9C:61:97:4B,11,5,387.4,,,,,80:02:9C:61:97:4A,0,1,AUTH_FLOOD,2026-08-26T14:45:54.830354
45917,,-59,38,0,2392,65300,42840,3453005,0,99,9,0,0,14:33:5C:6D:AF:58,1,1,ARMED,72.0,0,0,80:02:9C:61:97:4B,11,19,371.0,,,,,80:02:9C:61:97:4A,0,1,AUTH_FLOOD,2026-08-26T14:45:54.970354
45917,,5,5,0,0,65300,42840,3453189,0,99,9,0,0,14:33:5C:6D:AF:58,1,0,ARMED,72.0,0,1,80:02:9C:61:97:4B,11,5,167.8,,,,,80:02:9C:61:97:4A,0,1,AUTH_FLOOD,2026-08-26T14:45:55.154354
45917,BEACON,-92,5,14980,1885,65300,42840,3453418,0,99,9,0,0,14:33:5C:6D:AF:58,0,1,ARMED,72.0,0,1,80:02:9C:61:97:4B,11,9,165.7,,,,,80:02:9C:61:97:4A,0,1,AUTH_FLOOD,2026-08-26T14:45:55.383354
45917,MGMT_OTHER,-90,7,8205,0,65300,42840,3453774,0,99,9,0,0,14:33:5C:6D:AF:58,0,0,ARMED,72.0,0,0,80:02:9C:61:97:4B,11,1,1000.0,,,,,80:02:9C:61:97:4A,0,1,AUTH_FLOOD,2026-08-26T14:45:55.739354
45917,BEACON,-94,3,134,3137,65300,42840,3454047,0,99,9,0,0,14:33:5C:6D:AF:58,0,0,ARMED,72.0,0,1,80:02:9C:61:97:4B,11,16,232.6,,,,,80:02:9C:61:97:4A,0,1,AUTH_FLOOD,2026-08-26T14:45:56.012354
45917,BEACON,-94,3,0,283,65300,42840,3454256,0,99,9,0,0,14:33:5C:6D:AF:58,0,0,ARMED,72.0,0,1,80:02:9C:61:97:4B,11,24,335.4,,,,,80:02:9C:61:97:4A,0,1,AUTH_FLOOD,2026-08-26T14:45:56.221354
45917,,44,44,0,0,65300,42840,3454524,0,99,9,0,0,14:33:5C:6D:AF:58,0,0,ARMED,72.0,0,1,80:02:9C:61:97:4B,11,9,264.9,,,,,80:02:9C:61:97:4A,0,1,AUTH_FLOOD,2026-08-26T14:45:56.489354
45917,BEACON,-85,12,8833,1276,65300,42840,3454847,0,99,9,0,0,14:33:5C:6D:AF:58,0,0,ARMED,72.0,0,1,80:02:9C:61:97:4B,11,9,181.2,,,,,80:02:9C:61:97:4A,0,1,AUTH_FLOOD,2026-08-26T14:45:56.812354
45917,,-92,5,0,0,65300,42840,3455094,0,99,9,0,0,14:33:5C:6D:AF:58,0,0,ARMED,72.0,0,0,80:02:9C:61:97:4B,11,13,141.8,,,,,80:02:9C:61:97:4A,0,1,AUTH_FLOOD,2026-08-26T14:45:57.059354
45917,,-59,38,12492,350,65300,42840,3455406,0,99,9,0,0,14:33:5C:6D:AF:58,0,0,ARMED,72.0,0,1,80:02:9C:61:97:4B,11,16,179.3,,,,,80:02:9C:61:97:4A,0,1,AUTH_FLOOD,2026-08-26T14:45:57.371354
45917,,-88,9,29503,0,65300,42840,3455654,0,99,9,0,0,14:33:5C:6D:AF:58,0,0,ARMED,72.0,0,0,80:02:9C:61:97:4B,11,4,134.5,,,,,80:02:9C:61:97:4A,0,1,AUTH_FLOOD,2026-08-26T14:45:57.619354
45917,BEACON,-88,9,18450,3106,65300,42840,3456052,0,99,9,0,0,14:33:5C:6D:AF:58,0,0,ARMED,72.0,0,1,80:02:9C:61:97:4B,11,2,111.9,,,,,80:02:9C:61:97:4A,0,1,AUTH_FLOOD,2026-08-26T14:45:58.017354
45917,,-87,10,0,0,65300,42840,3456316,0,99,9,0,0,14:33:5C:6D:AF:58,0,0,ARMED,72.0,0,0,80:02:9C:61:97:4B,11,14,176.3,,,,,80:02:9C:61:97:4A,0,1,AUTH_FLOOD,2026-08-26T14:45:58.281354
45917,,-58,39,0,384,65300,42840,3456456,0,99,9,0,0,14:33:5C:6D:AF:58,0,1,ARMED,72.0,0,0,80:02:9C:61:97:4B,11,12,949.4,,,,,80:02:9C:61:97:4A,0,1,AUTH_FLOOD,2026-08-26T14:45:58.421354
45917,BEACON,-88,9,0,3145,65300,42840,3456659,0,99,9,0,0,14:33:5C:6D:AF:58,0,0,ARMED,72.0,0,1,80:02:9C:61:97:4B,11,6,482.4,,,,,80:02:9C:61:97:4A,0,1,AUTH_FLOOD,2026-08-26T14:45:58.624354
45917,DISASSOC,66,66,0,0,65300,42840,3456994,0,99,9,0,0,14:33:5C:6D:AF:58,0,0,ARMED,72.0,0,1,80:02:9C:61:97:4B,11,7,183.3,,,,,80:02:9C:61:97:4A,0,1,AUTH_FLOOD,2026-08-26T14:45:58.959354
45917,,-85,12,0,571,65300,42840,3457311,0,99,9,0,0,14:33:5C:6D:AF:58,0,0,ARMED,72.0,0,0,80:02:9C:61:97:4B,11,10,208.6,,,,,80:02:9C:61:97:4A,0,1,AUTH_FLOOD,2026-08-26T14:45:59.276354
45917,BEACON,-84,13,0,1303,65300,42840,3457611,0,99,9,0,0,14:33:5C:6D:AF:58,0,0,ARMED,72.0,0,1,80:02:9C:61:97:4B,11,6,144.6,,,,,80:02:9C:61:97:4A,0,1,AUTH_FLOOD,2026-08-26T14:45:59.576354
45917,BEACON,-90,7,2962,1930,65300,42840,3457929,0,99,9,0,0,14:33:5C:6D:AF:58,0,0,ARMED,72.0,0,1,80:02:9C:61:97:4B,11,9,174.4,,,,,80:02:9C:61:97:4A,0,1,AUTH_FLOOD,2026-08-26T14:45:59.894354
45917,BEACON,-88,9,0,3161,65300,42840,3458297,0,99,9,0,0,14:33:5C:6D:AF:58,0,0,ARMED,72.0,0,1,80:02:9C:61:97:4B,11,3,298.7,,,,,80:02:9C:61:97:4A,0,1,AUTH_FLOOD,2026-08-26T14:46:00.262354
45917,,-59,38,292,412,65300,42840,3458541,0,99,9,0,0,14:33:5C:6D:AF:58,0,0,ARMED,72.0,0,1,80:02:9C:61:97:4B,11,24,490.7,,,,,80:02:9C:61:97:4A,0,1,AUTH_FLOOD,2026-08-26T14:46:00.506354
45917,,2,2,0,0,65300,42840,3458782,0,99,9,0,0,14:33:5C:6D:AF:58,0,1,ARMED,72.0,0,1,80:02:9C:61:97:4B,11,12,140.5,,,,,80:02:9C:61:97:4A,0,1,AUTH_FLOOD,2026-08-26T14:46:00.747354
45917,BEACON,-84,13,0,1318,65300,42840,3459148,0,99,9,0,0,14:33:5C:6D:AF:58,0,0,ARMED,72.0,0,1,80:02:9C:61:97:4B,11,7,168.5,,,,,80:02:9C:61:97:4A,0,1,AUTH_FLOOD,2026-08-26T14:46:01.113354
45917,MGMT_OTHER,-90,7,14299,0,65300,42840,3459425,0,99,9,0,0,14:33:5C:6D:AF:58,0,0,ARMED,72.0,0,0,80:02:9C:61:97:4B,11,3,209.1,,,,,80:02:9C:61:97:4A,0,1,AUTH_FLOOD,2026-08-26T14:46:01.390354
45917,MGMT_OTHER,-89,8,6133,0,65300,42840,3459592,0,99,9,0,0,14:33:5C:6D:AF:58,0,0,ARMED,72.0,0,0,80:02:9C:61:97:4B,11,34,446.0,,,,,80:02:9C:61:97:4A,0,1,AUTH_FLOOD,2026-08-26T14:46:01.557354
45917,,-59,38,348,435,65300,42840,3459792,0,99,9,0,0,14:33:5C:6D:AF:58,0,0,ARMED,72.0,0,1,80:02:9C:61:97:4B,11,24,337.5,,,,,80:02:9C:61:97:4A,0,1,AUTH_FLOOD,2026-08-26T14:46:01.757354
45917,BEACON,-94,3,0,339,65300,42840,3459990,0,99,9,0,0,14:33:5C:6D:AF:58,0,0,ARMED,72.0,0,1,80:02:9C:61:97:4B,11,12,184.8,,,,,80:02:9C:61:97:4A,0,1,AUTH_FLOOD,2026-08-26T14:46:01.955354
45917,BEACON,-94,3,8520,3198,65300,42840,3460293,0,99,9,0,0,14:33:5C:6D:AF:58,1,0,ARMED,72.0,0,1,80:02:9C:61:97:4B,11,12,199.1,,,,,80:02:9C:61:97:4A,0,1,AUTH_FLOOD,2026-08-26T14:46:02.258354
45917,BEACON,-86,11,12192,3896,65300,42840,3460680,0,99,9,0,0,14:33:5C:6D:AF:58,0,0,ARMED,72.0,0,1,80:02:9C:61:97:4B,11,5,132.7,,,,,80:02:9C:61:97:4A,0,1,AUTH_FLOOD,2026-08-26T14:46:02.645354
45917,,6,6,0,0,65300,42840,3460923,0,99,9,0,0,14:33:5C:6D:AF:58,0,1,ARMED,72.0,0,1,80:02:9C:61:97:4B,11,7,92.3,,,,,80:02:9C:61:97:4A,0,1,AUTH_FLOOD,2026-08-26T14:46:02.888354
45917,BEACON,-93,4,0,352,65300,42840,3461321,0,99,9,0,0,14:33:5C:6D:AF:58,0,0,ARMED,72.0,0,1,80:02:9C:61:97:4B,11,6,92.8,,,,,80:02:9C:61:97:4A,0,1,AUTH_FLOOD,2026-08-26T14:46:03.286354
45917,BEACON,-57,40,0,2487,65300,42840,3461564,0,99,9,0,0,14:33:5C:6D:AF:58,0,0,ARMED,72.0,0,1,80:02:9C:61:97:4B,11,12,117.2,,,,,80:02:9C:61:97:4A,0,1,AUTH_FLOOD,2026-08-26T14:46:03.529354
45917,BEACON,-85,12,381,1795,65300,42840,3461905,0,99,9,0,0,14:33:5C:6D:AF:58,0,0,ARMED,72.0,0,1,80:02:9C:61:97:4B,11,5,148.1,,,,,80:02:9C:61:97:4A,0,1,AUTH_FLOOD,2026-08-26T14:46:03.870354
45917,,-84,13,0,332,65300,42840,3462191,0,99,9,0,0,14:33:5C:6D:AF:58,0,0,ARMED,72.0,0,1,80:02:9C:61:97:4B,11,3,222.1,,,,,80:02:9C:61:97:4A,0,1,AUTH_FLOOD,2026-08-26T14:46:04.156354
45917,BEACON,-84,13,0,1351,65300,42840,3462527,0,99,9,0,0,14:33:5C:6D:AF:58,0,0,ARMED,72.0,0,1,80:02:9C:61:97:4B,11,7,168.7,,,,,80:02:9C:61:97:4A,0,1,AUTH_FLOOD,2026-08-26T14:46:04.492354
45917,MGMT_OTHER,-90,7,29221,0,65300,42840,3462714,0,99,9,0,0,14:33:5C:6D:AF:58,0,0,ARMED,72.0,0,0,80:02:9C:61:97:4B,11,4,179.4,,,,,80:02:9C:61:97:4A,0,1,AUTH_FLOOD,2026-08-26T14:46:04.679354
45917,BEACON,-89,8,13225,835,65300,42840,3463092,0,99,9,0,0,14:33:5C:6D:AF:58,0,0,ARMED,72.0,0,1,80:02:9C:61:97:4B,11,11,116.2,,,,,80:02:9C:61:97:4A,0,1,AUTH_FLOOD,2026-08-26T14:46:05.057354
45917,,-91,6,27377,0,65300,42840,3463334,0,99,9,0,0,14:33:5C:6D:AF:58,0,0,ARMED,72.0,0,0,80:02:9C:61:97:4B,11,2,104.2,,,,,80:02:9C:61:97:4A,0,1,AUTH_FLOOD,2026-08-26T14:46:05.299354
45917,BEACON,-94,3,8188,1986,65300,42840,3463553,0,99,9,0,0,14:33:5C:6D:AF:58,0,0,ARMED,72.0,0,1,80:02:9C:61:97:4B,11,9,251.6,,,,,80:02:9C:61:97:4A,0,1,AUTH_FLOOD,2026-08-26T14:46:05.518354
45917,BEACON,-57,40,138,2518,65300,42840,3463816,0,99,9,0,0,14:33:5C:6D:AF:58,0,0,ARMED,72.0,0,1,80:02:9C:61:97:4B,11,12,129.8,,,,,80:02:9C:61:97:4A,0,1,AUTH_FLOOD,2026-08-26T14:46:05.781354
45917,BEACON,-88,9,358,844,65300,42840,3464013,0,99,9,0,0,14:33:5C:6D:AF:58,0,1,ARMED,72.0,0,1,80:02:9C:61:97:4B,11,14,165.2,,,,,80:02:9C:61:97:4A,0,1,AUTH_FLOOD,2026-08-26T14:46:05.978354
45917,,-58,39,4347,499,65300,42840,3464237,0,99,9,0,0,14:33:5C:6D:AF:58,0,0,ARMED,72.0,0,1,80:02:9C:61:97:4B,11,23,241.4,,,,,80:02:9C:61:97:4A,0,1,AUTH_FLOOD,2026-08-26T14:46:06.202354
45917,BEACON,-88,9,0,3187,65300,42840,3464347,0,99,9,0,0,14:33:5C:6D:AF:58,0,1,ARMED,72.0,0,0,80:02:9C:61:97:4B,11,49,477.7,,,,,80:02:9C:61:97:4A,0,1,AUTH_FLOOD,2026-08-26T14:46:06.312354
45917,BEACON,-87,10,0,83,65300,42840,3464641,0,99,9,0,0,14:33:5C:6D:AF:58,0,0,ARMED,72.0,0,1,80:02:9C:61:97:4B,11,8,89.2,,,,,80:02:9C:61:97:4A,0,1,AUTH_FLOOD,2026-08-26T14:46:06.606354
45917,BEACON,-89,8,30038,3193,65300,42840,3464961,0,99,9,0,0,14:33:5C:6D:AF:58,0,0,ARMED,72.0,0,0,80:02:9C:61:97:4B,11,14,136.4,,,,,80:02:9C:61:97:4A,0,1,AUTH_FLOOD,2026-08-26T14:46:06.926354
45917,,-87,10,355,0,65300,42840,3465196,0,99,9,0,0,14:33:5C:6D:AF:58,0,0,ARMED,72.0,0,0,80:02:9C:61:97:4B,11,6,195.1,,,,,80:02:9C:61:97:4A,0,1,AUTH_FLOOD,2026-08-26T14:46:07.161354
45917,MGMT_OTHER,3,3,0,0,65300,42840,3465529,0,99,9,0,0,14:33:5C:6D:AF:58,0,0,ARMED,72.0,0,1,80:02:9C:61:97:4B,11,7,123.1,,,,,80:02:9C:61:97:4A,0,1,AUTH_FLOOD,2026-08-26T14:46:07.494354
45917,MGMT_OTHER,-91,6,17239,0,65300,42840,3465813,0,99,9,0,0,14:33:5C:6D:AF:58,0,0,ARMED,72.0,0,0,80:02:9C:61:97:4B,11,4,119.0,,,,,80:02:9C:61:97:4A,0,1,AUTH_FLOOD,2026-08-26T14:46:07.778354
45917,,-59,38,291,540,65300,42840,3466132,0,99,9,0,0,14:33:5C:6D:AF:58,0,0,ARMED,72.0,0,0,80:02:9C:61:97:4B,11,9,198.0,,,,,80:02:9C:61:97:4A,0,1,AUTH_FLOOD,2026-08-26T14:46:08.097354
45917,BEACON,-88,9,0,3207,65300,42840,3466394,0,99,9,0,0,14:33:5C:6D:AF:58,0,0,ARMED,72.0,0,1,80:02:9C:61:97:4B,11,11,127.1,,,,,80:02:9C:61:97:4A,0,1,AUTH_FLOOD,2026-08-26T14:46:08.359354
45917,MGMT_OTHER,-89,8,19522,0,65300,42840,3466754,0,99,9,0,0,14:33:5C:6D:AF:58,0,0,ARMED,72.0,0,0,80:02:9C:61:97:4B,11,4,110.4,,,,,80:02:9C:61:97:4A,0,1,AUTH_FLOOD,2026-08-26T14:46:08.719354
45917,MGMT_OTHER,-90,7,12320,0,65300,42840,3466853,0,99,9,0,0,14:33:5C:6D:AF:58,0,1,ARMED,72.0,0,0,80:02:9C:61:97:4B,11,22,652.6,,,,,80:02:9C:61:97:4A,0,1,AUTH_FLOOD,2026-08-26T14:46:08.818354
45917,BEACON,-87,10,17161,874,65300,42840,3467085,0,99,9,0,0,14:33:5C:6D:AF:58,0,0,ARMED,72.0,0,1,80:02:9C:61:97:4B,11,8,131.2,,,,,80:02:9C:61:97:4A,0,1,AUTH_FLOOD,2026-08-26T14:46:09.050354
45917,,-91,6,9083,0,65300,42840,3467354,0,99,9,0,0,14:33:5C:6D:AF:58,0,0,ARMED,72.0,0,0,80:02:9C:61:97:4B,11,10,421.8,,,,,80:02:9C:61:97:4A,0,1,AUTH_FLOOD,2026-08-26T14:46:09.319354
45917,BEACON,-57,40,633,2557,65300,42840,3467605,0,99,9,0,0,14:33:5C:6D:AF:58,0,0,ARMED,72.0,0,1,80:02:9C:61:97:4B,11,12,174.6,,,,,80:02:9C:61:97:4A,0,1,AUTH_FLOOD,2026-08-26T14:46:09.570354
45917,,-58,39,0,2562,65300,42840,3467860,0,99,9,0,0,14:33:5C:6D:AF:58,0,0,ARMED,72.0,0,0,80:02:9C:61:97:4B,11,15,859.2,,,,,80:02:9C:61:97:4A,0,1,AUTH_FLOOD,2026-08-26T14:46:09.825354
45917,,-91,6,1345,0,65300,42840,3467926,0,99,9,0,0,14:33:5C:6D:AF:58,0,0,ARMED,72.0,0,0,80:02:9C:61:97:4B,11,65,776.9,,,,,80:02:9C:61:97:4A,0,1,AUTH_FLOOD,2026-08-26T14:46:09.891354
45917,,-71,26,247,1739,65300,42840,3468047,0,99,9,0,0,14:33:5C:6D:AF:58,0,1,ARMED,72.0,0,0,80:02:9C:61:97:4B,11,5,3940.1,,,,,80:02:9C:61:97:4A,0,1,AUTH_FLOOD,2026-08-26T14:46:10.012354
45917,,-52,45,3522,397,65300,42840,3468309,0,99,9,0,0,14:33:5C:6D:AF:58,0,0,ARMED,72.0,0,1,80:02:9C:61:97:4B,11,15,270.6,,,,,80:02:9C:61:97:4A,0,1,AUTH_FLOOD,2026-08-26T14:46:10.274354
45917,,-89,8,7410,0,65300,42840,3468474,0,99,9,0,0,14:33:5C:6D:AF:58,0,0,ARMED,72.0,0,0,80:02:9C:61:97:4B,11,4,257.4,,,,,80:02:9C:61:97:4A,0,1,AUTH_FLOOD,2026-08-26T14:46:10.439354
45917,,-75,22,283,1740,65300,42840,3468839,0,99,9,0,0,14:33:5C:6D:AF:58,0,0,ARMED,72.0,0,0,80:02:9C:61:97:4B,11,13,176.7,,,,,80:02:9C:61:97:4A,0,1,AUTH_FLOOD,2026-08-26T14:46:10.804354
45917,BEACON,-91,6,0,2041,65300,42840,3469068,0,99,9,0,0,14:33:5C:6D:AF:58,1,1,ARMED,72.0,0,1,80:02:9C:61:97:4B,11,15,153.4,,,,,80:02:9C:61:97:4A,0,1,AUTH_FLOOD,2026-08-26T14:46:11.033354
45917,MGMT_OTHER,-91,6,139,0,65300,42840,3469313,0,99,9,0,0,14:33:5C:6D:AF:58,0,1,ARMED,72.0,0,0,80:02:9C:61:97:4B,11,3,106.5,,,,,80:02:9C:61:97:4A,0,1,AUTH_FLOOD,2026-08-26T14:46:11.278354
45917,BEACON,-58,39,12526,2589,65300,42840,3469551,0,99,9,0,0,14:33:5C:6D:AF:58,0,0,ARMED,72.0,0,1,80:02:9C:61:97:4B,11,7,114.8,,,,,80:02:9C:61:97:4A,0,1,AUTH_FLOOD,2026-08-26T14:46:11.516354
45917,BEACON,-94,3,0,2049,65300,42840,3469872,0,99,9,0,0,14:33:5C:6D:AF:58,0,0,ARMED,72.0,0,1,80:02:9C:61:97:4B,11,9,118.6,,,,,80:02:9C:61:97:4A,0,1,AUTH_FLOOD,2026-08-26T14:46:11.837354
45917,,-59,38,854,627,65300,42840,3470141,0,99,9,0,0,14:33:5C:6D:AF:58,0,0,ARMED,72.0,0,0,80:02:9C:61:97:4B,11,13,349.9,,,,,80:02:9C:61:97:4A,0,1,AUTH_FLOOD,2026-08-26T14:46:12.106354
45917,,-59,38,0,655,65300,42840,3470213,0,99,9,0,0,14:33:5C:6D:AF:58,1,1,ARMED,72.0,0,0,80:02:9C:61:97:4B,11,12,1853.6,,,,,80:02:9C:61:97:4A,0,1,AUTH_FLOOD,2026-08-26T14:46:12.178354
45917,BEACON,-88,9,0,3247,65300,42840,3470490,0,99,9,0,0,14:33:5C:6D:AF:58,0,0,ARMED,72.0,0,0,80:02:9C:61:97:4B,11,9,113.0,,,,,80:02:9C:61:97:4A,0,1,AUTH_FLOOD,2026-08-26T14:46:12.455354
45917,BEACON,-89,8,0,3283,65300,42840,3470790,0,99,9,0,0,14:33:5C:6D:AF:58,1,1,ARMED,72.0,0,1,80:02:9C:61:97:4B,11,10,141.1,,,,,80:02:9C:61:97:4A,0,1,AUTH_FLOOD,2026-08-26T14:46:12.755354
45917,BEACON,-96,1,12710,3304,65300,42840,3471148,0,99,9,0,0,14:33:5C:6D:AF:58,0,0,ARMED,72.0,0,1,80:02:9C:61:97:4B,11,16,139.9,,,,,80:02:9C:61:97:4A,0,1,AUTH_FLOOD,2026-08-26T14:46:13.113354
45917,BEACON,-89,8,2600,920,65300,42840,3471489,0,99,9,0,0,14:33:5C:6D:AF:58,0,0,ARMED,72.0,0,1,80:02:9C:61:97:4B,11,3,87.7,,,,,80:02:9C:61:97:4A,0,1,AUTH_FLOOD,2026-08-26T14:46:13.454354
45917,,-68,29,3404,1751,65300,42840,3471814,0,99,9,0,0,14:33:5C:6D:AF:58,0,0,ARMED,72.0,0,1,80:02:9C:61:97:4B,11,11,276.7,,,,,80:02:9C:61:97:4A,0,1,AUTH_FLOOD,2026-08-26T14:46:13.779354
45917,BEACON,-88,9,11383,3263,65300,42840,3472129,0,99,9,0,0,14:33:5C:6D:AF:58,0,0,ARMED,72.0,0,0,80:02:9C:61:97:4B,11,9,256.6,,,,,80:02:9C:61:97:4A,0,1,AUTH_FLOOD,2026-08-26T14:46:14.094354
45917,,-59,38,292,663,65300,42840,3472439,0,99,9,0,0,14:33:5C:6D:AF:58,0,0,ARMED,72.0,0,0,80:02:9C:61:97:4B,11,12,415.6,,,,,80:02:9C:61:97:4A,0,1,AUTH_FLOOD,2026-08-26T14:46:14.404354
45917,PROBE_RESP,-59,38,0,2622,65300,42840,3472638,0,99,9,0,0,14:33:5C:6D:AF:58,0,0,ARMED,72.0,0,1,80:02:9C:61:97:4B,11,15,653.5,,,,,80:02:9C:61:97:4A,0,1,AUTH_FLOOD,2026-08-26T14:46:14.603354
45917,MGMT_OTHER,-89,8,139,0,65300,42840,3472914,0,99,9,0,0,14:33:5C:6D:AF:58,0,0,ARMED,72.0,0,0,80:02:9C:61:97:4B,11,18,195.7,,,,,80:02:9C:61:97:4A,0,1,AUTH_FLOOD,2026-08-26T14:46:14.879354
45917,,-59,38,292,677,65300,42840,3473212,0,99,9,0,0,14:33:5C:6D:AF:58,0,0,ARMED,72.0,0,0,80:02:9C:61:97:4B,11,17,218.8,,,,,80:02:9C:61:97:4A,0,1,AUTH_FLOOD,2026-08-26T14:46:15.177354
45917,BEACON,-83,14,0,1458,65300,42840,3473483,0,99,9,0,0,14:33:5C:6D:AF:58,0,0,ARMED,72.0,0,1,80:02:9C:61:97:4B,11,8,192.4,,,,,80:02:9C:61:97:4A,0,1,AUTH_FLOOD,2026-08-26T14:46:15.448354
45917,,-52,45,500,464,65300,42840,3473748,0,99,9,0,0,14:33:5C:6D:AF:58,0,0,ARMED,72.0,0,0,80:02:9C:61:97:4B,11,1,1000.0,,,,,80:02:9C:61:97:4A,0,1,AUTH_FLOOD,2026-08-26T14:46:15.713354
45917,BEACON,-86,11,163,1918,65300,42840,3473988,0,99,9,0,0,14:33:5C:6D:AF:58,0,1,ARMED,72.0,0,1,80:02:9C:61:97:4B,11,8,236.4,,,,,80:02:9C:61:97:4A,0,1,AUTH_FLOOD,2026-08-26T14:46:15.953354
45917,MGMT_OTHER,-89,8,611,0,65300,42840,3474179,0,99,9,0,0,14:33:5C:6D:AF:58,0,0,ARMED,72.0,0,0,80:02:9C:61:97:4B,11,13,627.4,,,,,80:02:9C:61:97:4A,0,1,AUTH_FLOOD,2026-08-26T14:46:16.144354
45917,MGMT_OTHER,-91,6,138,0,65300,42840,3474434,0,99,9,0,0,14:33:5C:6D:AF:58,1,0,ARMED,72.0,0,0,80:02:9C:61:97:4B,11,13,183.3,,,,,80:02:9C:61:97:4A,0,1,AUTH_FLOOD,2026-08-26T14:46:16.399354
45917,,-80,17,0,1769,65300,42840,3474555,0,99,9,0,0,14:33:5C:6D:AF:58,0,0,ARMED,72.0,0,0,80:02:9C:61:97:4B,11,43,484.4,,,,,80:02:9C:61:97:4A,0,1,AUTH_FLOOD,2026-08-26T14:46:16.520354
45917,,-90,7,1672,0,65300,42840,3474717,0,99,9,0,0,14:33:5C:6D:AF:58,1,1,ARMED,72.0,0,0,80:02:9C:61:97:4B,11,17,409.6,,,,,80:02:9C:61:97:4A,0,1,AUTH_FLOOD,2026-08-26T14:46:16.682354
45917,,-75,22,0,1781,65300,42840,3474892,0,99,9,0,0,14:33:5C:6D:AF:58,1,0,ARMED,72.0,0,0,80:02:9C:61:97:4B,11,18,1511.5,,,,,80:02:9C:61:97:4A,0,1,AUTH_FLOOD,2026-08-26T14:46:16.857354
45917,BEACON,-58,39,0,2653,65300,42840,3475183,0,99,9,0,0,14:33:5C:6D:AF:58,1,0,ARMED,72.0,0,1,80:02:9C:61:97:4B,11,11,113.0,,,,,80:02:9C:61:97:4A,0,1,AUTH_FLOOD,2026-08-26T14:46:17.148354
45917,BEACON,-87,10,0,3296,65300,42840,3475508,0,99,9,0,0,14:33:5C:6D:AF:58,0,0,ARMED,72.0,0,0,80:02:9C:61:97:4B,11,2,157.1,,,,,80:02:9C:61:97:4A,0,1,AUTH_FLOOD,2026-08-26T14:46:17.473354
45917,BEACON,-84,13,0,1936,65300,42840,3475831,0,99,9,0,0,14:33:5C:6D:AF:58,0,0,ARMED,72.0,0,1,80:02:9C:61:97:4B,11,4,139.0,,,,,80:02:9C:61:97:4A,0,1,AUTH_FLOOD,2026-08-26T14:46:17.796354
45917,MGMT_OTHER,67,67,0,0,65300,42840,3476155,0,99,9,0,0,14:33:5C:6D:AF:58,0,0,ARMED,72.0,0,0,80:02:9C:61:97:4B,11,10,217.4,,,,,80:02:9C:61:97:4A,0,1,AUTH_FLOOD,2026-08-26T14:46:18.120354
45917,PROBE_RESP,-88,9,0,2242,65300,42840,3476435,0,99,9,0,0,14:33:5C:6D:AF:58,0,0,ARMED,72.0,0,1,80:02:9C:61:97:4B,11,3,166.4,,,,,80:02:9C:61:97:4A,0,1,AUTH_FLOOD,2026-08-26T14:46:18.400354
45917,,67,67,0,0,65300,42840,3476613,0,99,9,0,0,14:33:5C:6D:AF:58,0,1,ARMED,72.0,0,0,80:02:9C:61:97:4B,11,18,204.4,,,,,80:02:9C:61:97:4A,0,1,AUTH_FLOOD,2026-08-26T14:46:18.578354
45917,BEACON,-85,12,0,4094,65300,42840,3476859,0,99,9,0,0,14:33:5C:6D:AF:58,0,0,ARMED,72.0,0,1,80:02:9C:61:97:4B,11,1,254.1,,,,,80:02:9C:61:97:4A,0,1,AUTH_FLOOD,2026-08-26T14:46:18.824354
45917,,-59,38,0,744,65300,42840,3477131,0,99,9,0,0,14:33:5C:6D:AF:58,0,0,ARMED,72.0,0,0,80:02:9C:61:97:4B,11,19,267.3,,,,,80:02:9C:61:97:4A,0,1,AUTH_FLOOD,2026-08-26T14:46:19.096354
45917,,-92,5,1570,0,65300,42840,3477277,0,99,9,0,0,14:33:5C:6D:AF:58,0,0,ARMED,72.0,0,0,80:02:9C:61:97:4B,11,7,568.6,,,,,80:02:9C:61:97:4A,0,1,AUTH_FLOOD,2026-08-26T14:46:19.242354
45917,,67,67,0,0,65300,42840,3477500,0,99,9,0,0,14:33:5C:6D:AF:58,0,0,ARMED,72.0,0,0,80:02:9C:61:97:4B,11,6,196.9,,,,,80:02:9C:61:97:4A,0,1,AUTH_FLOOD,2026-08-26T14:46:19.465354
45917,,-98,-1,0,824,65300,42840,3477638,0,99,9,0,0,14:33:5C:6D:AF:58,0,1,ARMED,72.0,0,1,80:02:9C:61:97:4B,11,18,273.2,,,,,80:02:9C:61:97:4A,0,1,AUTH_FLOOD,2026-08-26T14:46:19.603354
45917,,-90,7,20409,0,65300,42840,3477974,0,99,9,0,0,14:33:5C:6D:AF:58,0,0,ARMED,72.0,0,0,80:02:9C:61:97:4B,11,20,211.2,,,,,80:02:9C:61:97:4A,0,1,AUTH_FLOOD,2026-08-26T14:46:19.939354
45917,,5,5,0,0,65300,42840,3478277,0,99,9,0,0,14:33:5C:6D:AF:58,0,0,ARMED,72.0,0,1,80:02:9C:61:97:4B,11,17,204.8,,,,,80:02:9C:61:97:4A,0,1,AUTH_FLOOD,2026-08-26T14:46:20.242354
45917,MGMT_OTHER,-89,8,4994,0,65300,42840,3478581,0,99,9,0,0,14:33:5C:6D:AF:58,0,0,ARMED,72.0,0,0,80:02:9C:61:97:4B,11,12,150.3,,,,,80:02:9C:61:97:4A,0,1,AUTH_FLOOD,2026-08-26T14:46:20.546354
45917,BEACON,-96,1,0,3379,65300,42840,3478827,0,99,9,0,0,14:33:5C:6D:AF:58,0,1,ARMED,72.0,0,1,80:02:9C:61:97:4B,11,4,211.6,,,,,80:02:9C:61:97:4A,0,1,AUTH_FLOOD,2026-08-26T14:46:20.792354
45917,BEACON,-84,13,0,1973,65300,42840,3479108,0,99,9,0,0,14:33:5C:6D:AF:58,1,0,ARMED,72.0,0,1,80:02:9C:61:97:4B,11,19,200.6,,,,,80:02:9C:61:97:4A,0,1,AUTH_FLOOD,2026-08-26T14:46:21.073354
45917,,-88,9,18611,0,65300,42840,3479383,0,99,9,0,0,14:33:5C:6D:AF:58,0,0,ARMED,72.0,0,0,80:02:9C:61:97:4B,11,13,299.1,,,,,80:02:9C:61:97:4A,0,1,AUTH_FLOOD,2026-08-26T14:46:21.348354
45917,,44,44,0,0,65300,42840,3479583,0,99,9,0,0,14:33:5C:6D:AF:58,0,0,ARMED,72.0,0,0,80:02:9C:61:97:4B,11,9,229.6,,,,,80:02:9C:61:97:4A,0,1,AUTH_FLOOD,2026-08-26T14:46:21.548354
45917,,44,44,0,0,65300,42840,3479659,0,99,9,0,0,14:33:5C:6D:AF:58,0,1,ARMED,72.0,0,0,80:02:9C:61:97:4B,11,19,1267.5,,,,,80:02:9C:61:97:4A,0,1,AUTH_FLOOD,2026-08-26T14:46:21.624354
45917,,-90,7,8758,0,65300,42840,3479793,0,99,9,0,0,14:33:5C:6D:AF:58,0,1,ARMED,72.0,0,0,80:02:9C:61:97:4B,11,6,134.4,,,,,80:02:9C:61:97:4A,0,1,AUTH_FLOOD,2026-08-26T14:46:21.758354
45917,,-52,45,371,535,65300,42840,3479956,0,99,9,0,0,14:33:5C:6D:AF:58,0,0,ARMED,72.0,0,1,80:02:9C:61:97:4B,11,15,3167.2,,,,,80:02:9C:61:97:4A,0,1,AUTH_FLOOD,2026-08-26T14:46:21.921354
45917,,-89,8,29638,0,65300,42840,3480316,0,99,9,0,0,14:33:5C:6D:AF:58,0,0,ARMED,72.0,0,0,80:02:9C:61:97:4B,11,5,98.2,,,,,80:02:9C:61:97:4A,0,1,AUTH_FLOOD,2026-08-26T14:46:22.281354
45917,,-88,9,0,0,65300,42840,3480553,0,99,9,0,0,14:33:5C:6D:AF:58,0,0,ARMED,72.0,0,0,80:02:9C:61:97:4B,11,22,272.5,,,,,80:02:9C:61:97:4A,0,1,AUTH_FLOOD,2026-08-26T14:46:22.518354
45917,,-59,38,0,803,65300,42840,3480622,0,99,9,0,0,14:33:5C:6D:AF:58,0,1,ARMED,72.0,0,0,80:02:9C:61:97:4B,11,40,823.5,,,,,80:02:9C:61:97:4A,0,1,AUTH_FLOOD,2026-08-26T14:46:22.587354
45917,BEACON,-95,2,0,2158,65300,42840,3480809,0,99,9,0,0,14:33:5C:6D:AF:58,1,0,ARMED,72.0,0,1,80:02:9C:61:97:4B,11,7,218.5,,,,,80:02:9C:61:97:4A,0,1,AUTH_FLOOD,2026-08-26T14:46:22.774354
45917,BEACON,-94,3,5668,3401,65300,42840,3481080,0,99,9,0,0,14:33:5C:6D:AF:58,1,0,ARMED,72.0,0,1,80:02:9C:61:97:4B,11,21,214.0,,,,,80:02:9C:61:97:4A,0,1,AUTH_FLOOD,2026-08-26T14:46:23.045354
45917,BEACON,-90,7,433,1015,65300,42840,3481319,0,99,9,0,0,14:33:5C:6D:AF:58,0,0,ARMED,72.0,0,1,80:02:9C:61:97:4B,11,2,245.2,,,,,80:02:9C:61:97:4A,0,1,AUTH_FLOOD,2026-08-26T14:46:23.284354
45917,BEACON,-89,8,0,1018,65300,42840,3481626,0,99,9,0,0,14:33:5C:6D:AF:58,0,0,ARMED,72.0,0,1,80:02:9C:61:97:4B,11,3,503.4,,,,,80:02:9C:61:97:4A,0,1,AUTH_FLOOD,2026-08-26T14:46:23.591354
45917,BEACON,-90,7,0,1020,65300,42840,3481831,0,99,9,0,0,14:33:5C:6D:AF:58,0,1,ARMED,72.0,0,0,80:02:9C:61:97:4B,11,36,351.6,,,,,80:02:9C:61:97:4A,0,1,AUTH_FLOOD,2026-08-26T14:46:23.796354
45917,BEACON,-85,12,0,1541,65300,42840,3482085,0,99,9,0,0,14:33:5C:6D:AF:58,0,0,ARMED,72.0,0,1,80:02:9C:61:97:4B,11,10,201.7,,,,,80:02:9C:61:97:4A,0,1,AUTH_FLOOD,2026-08-26T14:46:24.050354
45917,BEACON,-86,11,4360,278,65300,42840,3482458,0,99,9,0,0,14:33:5C:6D:AF:58,0,0,ARMED,72.0,0,1,80:02:9C:61:97:4B,11,4,308.5,,,,,80:02:9C:61:97:4A,0,1,AUTH_FLOOD,2026-08-26T14:46:24.423354
45917,BEACON,-57,40,19117,2733,65300,42840,3482658,0,99,9,0,0,14:33:5C:6D:AF:58,0,1,ARMED,72.0,0,1,80:02:9C:61:97:4B,11,1,127.0,,,,,80:02:9C:61:97:4A,0,1,AUTH_FLOOD,2026-08-26T14:46:24.623354
45917,,-59,38,120,829,65240,42840,3482934,0,99,9,0,0,14:33:5C:6D:AF:58,0,0,ARMED,72.0,0,0,80:02:9C:61:97:4B,11,19,240.7,,,,,80:02:9C:61:97:4A,0,1,AUTH_FLOOD,2026-08-26T14:46:24.899354
45917,BEACON,-85,12,0,2013,65300,42840,3483204,0,99,9,0,0,14:33:5C:6D:AF:58,0,0,ARMED,72.0,0,1,80:02:9C:61:97:4B,11,6,144.0,,,,,80:02:9C:61:97:4A,0,1,AUTH_FLOOD,2026-08-26T14:46:25.169354
45917,BEACON,-87,10,148,3373,65300,42840,3483393,0,99,9,0,0,14:33:5C:6D:AF:58,1,1,ARMED,72.0,0,0,80:02:9C:61:97:4B,11,6,232.2,,,,,80:02:9C:61:97:4A,0,1,AUTH_FLOOD,2026-08-26T14:46:25.358354
45917,BEACON,-88,9,0,290,65300,42840,3483687,0,99,9,0,0,14:33:5C:6D:AF:58,0,0,ARMED,72.0,0,1,80:02:9C:61:97:4B,11,3,226.9,,,,,80:02:9C:61:97:4A,0,1,AUTH_FLOOD,2026-08-26T14:46:25.652354
45917,BEACON,-89,8,10696,1042,65300,42840,3483981,0,99,9,0,0,14:33:5C:6D:AF:58,0,0,ARMED,72.0,0,1,80:02:9C:61:97:4B,11,18,175.6,,,,,80:02:9C:61:97:4A,0,1,AUTH_FLOOD,2026-08-26T14:46:25.946354
45917,,-54,43,419,597,65300,42840,3484119,0,99,9,0,0,14:33:5C:6D:AF:58,0,1,ARMED,72.0,0,1,80:02:9C:61:97:4B,11,17,484.6,,,,,80:02:9C:61:97:4A,0,1,AUTH_FLOOD,2026-08-26T14:46:26.084354
45917,,-52,45,415,3894,65300,42840,3484240,0,99,9,0,0,14:33:5C:6D:AF:58,0,1,ARMED,72.0,0,0,80:02:9C:61:97:4B,11,33,646.5,,,,,80:02:9C:61:97:4A,0,1,AUTH_FLOOD,2026-08-26T14:46:26.205354
45917,,-52,45,0,3919,65300,42840,3484308,0,99,9,0,0,14:33:5C:6D:AF:58,0,1,ARMED,72.0,0,0,80:02:9C:61:97:4B,11,19,1120.7,,,,,80:02:9C:61:97:4A,0,1,AUTH_FLOOD,2026-08-26T14:46:26.273354
45917,,-52,45,379,4007,65300,42840,3484357,0,99,9,0,0,14:33:5C:6D:AF:58,0,1,ARMED,72.0,0,0,80:02:9C:61:97:4B,11,69,1043.8,,,,,80:02:9C:61:97:4A,0,1,AUTH_FLOOD,2026-08-26T14:46:26.322354
45917,,-52,45,0,2590,65300,42840,3484385,0,99,9,0,0,14:33:5C:6D:AF:58,0,1,ARMED,72.0,0,1,80:02:9C:61:97:4B,11,119,1266.0,,,,,80:02:9C:61:97:4A,0,1,AUTH_FLOOD,2026-08-26T14:46:26.350354
45917,MGMT_OTHER,-58,39,0,2755,65300,42840,3484453,0,99,9,0,0,14:33:5C:6D:AF:58,0,1,ARMED,72.0,0,0,80:02:9C:61:97:4B,11,49,935.6,,,,,80:02:9C:61:97:4A,0,1,AUTH_FLOOD,2026-08-26T14:46:26.418354
45917,,-76,21,0,619,65300,42840,3484482,0,99,9,0,0,14:33:5C:6D:AF:58,0,1,ARMED,72.0,0,0,80:02:9C:61:97:4B,11,99,1223.8,,,,,80:02:9C:61:97:4A,0,1,AUTH_FLOOD,2026-08-26T14:46:26.447354
45917,,-77,20,202,1866,65300,42840,3484629,0,99,9,0,0,14:33:5C:6D:AF:58,0,0,ARMED,72.0,0,0,80:02:9C:61:97:4B,11,24,936.9,,,,,80:02:9C:61:97:4A,0,1,AUTH_FLOOD,2026-08-26T14:46:26.594354
45917,AUTH,-38,59,0,2572,64656,42840,3484717,0,99,9,0,0,14:33:5C:6D:AF:58,0,1,ARMED,72.0,0,1,80:02:9C:61:97:4B,11,13,1484.2,,,,,80:02:9C:61:97:4A,0,1,AUTH_FLOOD,2026-08-26T14:46:26.682354
45917,AUTH,-67,30,0,2782,64012,42840,3484758,0,99,9,0,0,14:33:5C:6D:AF:58,0,1,ARMED,72.0,0,1,80:02:9C:61:97:4B,11,63,1269.5,,,,,80:02:9C:61:97:4A,0,1,AUTH_FLOOD,2026-08-26T14:46:26.723354
45917,AUTH,-39,58,0,2619,65300,42840,3484800,0,99,9,0,0,14:33:5C:6D:AF:58,0,1,ARMED,72.0,0,1,80:02:9C:61:97:4B,11,113,1225.7,,,,,80:02:9C:61:97:4A,0,1,AUTH_FLOOD,2026-08-26T14:46:26.765354
45917,AUTH,-41,56,0,2642,65300,42840,3484841,0,99,9,0,0,14:33:5C:6D:AF:58,1,1,ARMED,72.0,0,0,80:02:9C:61:97:4B,11,49,1999.8,,,,,80:02:9C:61:97:4A,0,1,AUTH_FLOOD,2026-08-26T14:46:26.806354
45917,AUTH,-42,55,0,2668,65300,42840,3484879,0,99,9,0,0,14:33:5C:6D:AF:58,1,1,ARMED,72.0,0,0,80:02:9C:61:97:4B,11,99,1573.5,,,,,80:02:9C:61:97:4A,0,1,AUTH_FLOOD,2026-08-26T14:46:26.844354
45917,AUTH,-42,55,0,2687,65300,42840,3484925,0,99,9,0,0,14:33:5C:6D:AF:58,1,1,ARMED,72.0,0,1,80:02:9C:61:97:4B,11,10,1210.1,,,,,80:02:9C:61:97:4A,0,1,AUTH_FLOOD,2026-08-26T14:46:26.890354
45917,AUTH,-43,54,0,2711,64656,42840,3484966,0,99,9,0,0,14:33:5C:6D:AF:58,1,1,ARMED,72.0,0,0,80:02:9C:61:97:4B,11,60,1238.5,,,,,80:02:9C:61:97:4A,0,1,AUTH_FLOOD,2026-08-26T14:46:26.931354
45917,AUTH,-66,31,0,2805,65300,42840,3485034,0,99,9,0,0,14:33:5C:6D:AF:58,1,1,ARMED,72.0,0,1,80:02:9C:61:97:4B,11,7,466.2,,,,,80:02:9C:61:97:4A,0,1,AUTH_FLOOD,2026-08-26T14:46:26.999354
45917,DEAUTH,-66,31,0,2812,65292,42840,3485090,0,99,9,0,0,14:33:5C:6D:AF:58,1,1,ARMED,72.0,0,0,80:02:9C:61:97:4B,11,57,808.0,,,,,80:02:9C:61:97:4A,0,1,AUTH_FLOOD,2026-08-26T14:46:27.055354
45917,DEAUTH,-66,31,0,2819,65292,42840,3485142,0,99,9,0,0,14:33:5C:6D:AF:58,1,1,ARMED,72.0,0,0,80:02:9C:61:97:4B,11,22,1027.2,,,,,80:02:9C:61:97:4A,0,1,AUTH_FLOOD,2026-08-26T14:46:27.107354
45917,DEAUTH,-67,30,0,2825,65292,42840,3485188,0,99,9,0,0,14:33:5C:6D:AF:58,1,1,ARMED,72.0,0,0,80:02:9C:61:97:4B,11,72,1060.4,,,,,80:02:9C:61:97:4A,0,1,AUTH_FLOOD,2026-08-26T14:46:27.153354
45917,AUTH,-67,30,0,2833,65292,42840,3485241,0,99,9,0,0,14:33:5C:6D:AF:58,1,1,ARMED,72.0,0,0,80:02:9C:61:97:4B,11,22,1121.9,,,,,80:02:9C:61:97:4A,0,1,AUTH_FLOOD,2026-08-26T14:46:27.206354
45917,AUTH,-67,30,0,2839,65292,42840,3485290,0,99,9,0,0,14:33:5C:6D:AF:58,1,1,ARMED,72.0,0,0,80:02:9C:61:97:4B,11,72,1039.3,,,,,80:02:9C:61:97:4A,0,1,AUTH_FLOOD,2026-08-26T14:46:27.255354
45917,AUTH,-68,29,0,2846,65292,42840,3485344,0,99,9,0,0,14:33:5C:6D:AF:58,1,1,ARMED,72.0,0,0,80:02:9C:61:97:4B,11,20,950.1,,,,,80:02:9C:61:97:4A,0,1,AUTH_FLOOD,2026-08-26T14:46:27.309354
45917,AUTH,-66,31,0,2853,65292,42840,3485395,0,99,9,0,0,14:33:5C:6D:AF:58,1,1,ARMED,72.0,0,0,80:02:9C:61:97:4B,11,70,979.4,,,,,80:02:9C:61:97:4A,0,1,AUTH_FLOOD,2026-08-26T14:46:27.360354
45917,AUTH,-68,29,0,2860,65292,42840,3485446,0,99,9,0,0,14:33:5C:6D:AF:58,1,1,ARMED,72.0,0,0,80:02:9C:61:97:4B,11,23,1044.6,,,,,80:02:9C:61:97:4A,0,1,AUTH_FLOOD,2026-08-26T14:46:27.411354
45917,AUTH,-66,31,0,2867,65292,42840,3485496,0,99,9,0,0,14:33:5C:6D:AF:58,1,1,ARMED,72.0,0,0,80:02:9C:61:97:4B,11,73,1023.2,,,,,80:02:9C:61:97:4A,0,1,AUTH_FLOOD,2026-08-26T14:46:27.461354
45917,AUTH,-67,30,0,2874,65292,42840,3485551,0,99,9,0,0,14:33:5C:6D:AF:58,1,1,ARMED,72.0,0,0,80:02:9C:61:97:4B,11,19,767.0,,,,,80:02:9C:61:97:4A,0,1,AUTH_FLOOD,2026-08-26T14:46:27.516354
45917,AUTH,-66,31,0,2881,65292,42840,3485596,0,99,9,0,0,14:33:5C:6D:AF:58,1,1,ARMED,72.0,0,0,80:02:9C:61:97:4B,11,69,979.6,,,,,80:02:9C:61:97:4A,0,1,AUTH_FLOOD,2026-08-26T14:46:27.561354
45917,AUTH,-66,31,0,2886,65292,42840,3485638,0,99,9,0,0,14:33:5C:6D:AF:58,1,1,ARMED,72.0,0,0,80:02:9C:61:97:4B,11,22,2166.0,,,,,80:02:9C:61:97:4A,0,1,AUTH_FLOOD,2026-08-26T14:46:27.603354
45917,AUTH,-68,29,0,2892,65292,42840,3485685,0,99,9,0,0,14:33:5C:6D:AF:58,1,1,ARMED,72.0,0,0,80:02:9C:61:97:4B,11,72,1272.8,,,,,80:02:9C:61:97:4A,0,1,AUTH_FLOOD,2026-08-26T14:46:27.650354
45917,AUTH,-66,31,0,2900,65292,42840,3485738,0,99,9,0,0,14:33:5C:6D:AF:58,1,1,ARMED,72.0,0,0,80:02:9C:61:97:4B,11,7,1194.9,,,,,80:02:9C:61:97:4A,0,1,AUTH_FLOOD,2026-08-26T14:46:27.703354
45917,AUTH,-67,30,82,2906,65292,42840,3485781,0,99,9,0,0,14:33:5C:6D:AF:58,1,1,ARMED,72.0,0,1,80:02:9C:61:97:4B,11,57,1160.2,,,,,80:02:9C:61:97:4A,0,1,AUTH_FLOOD,2026-08-26T14:46:27.746354
45917,AUTH,-68,29,0,2913,65292,42840,3485829,0,99,9,0,0,14:33:5C:6D:AF:58,1,1,ARMED,72.0,0,0,80:02:9C:61:97:4B,11,107,1106.7,,,,,80:02:9C:61:97:4A,0,1,AUTH_FLOOD,2026-08-26T14:46:27.794354
45917,AUTH,-66,31,0,2921,65292,42840,3485877,0,99,9,0,0,14:33:5C:6D:AF:58,1,1,ARMED,72.0,0,0,80:02:9C:61:97:4B,11,47,1062.4,,,,,80:02:9C:61:97:4A,0,1,AUTH_FLOOD,2026-08-26T14:46:27.842354
45917,,-56,41,0,134,60960,42840,3485906,0,99,9,0,0,14:33:5C:6D:AF:58,1,1,ARMED,72.0,0,0,80:02:9C:61:97:4B,11,97,1327.1,,,,,80:02:9C:61:97:4A,0,1,AUTH_FLOOD,2026-08-26T14:46:27.871354
45917,,-56,41,0,188,60292,42840,3485915,0,99,9,0,0,14:33:5C:6D:AF:58,1,1,ARMED,72.0,0,0,80:02:9C:61:97:4B,11,147,1785.9,,,,,80:02:9C:61:97:4A,0,1,AUTH_FLOOD,2026-08-26T14:46:27.880354
45917,,-56,41,0,244,64648,42840,3485945,0,99,9,0,0,14:33:5C:6D:AF:58,1,1,ARMED,72.0,0,0,80:02:9C:61:97:4B,11,23,1853.5,,,,,80:02:9C:61:97:4A,0,1,AUTH_FLOOD,2026-08-26T14:46:27.910354
45917,,-56,41,0,263,64004,42840,3485952,0,99,9,0,0,14:33:5C:6D:AF:58,1,1,ARMED,72.0,0,0,80:02:9C:61:97:4B,11,73,3879.7,,,,,80:02:9C:61:97:4A,0,1,AUTH_FLOOD,2026-08-26T14:46:27.917354
45917,,-56,41,0,279,61932,42840,3485971,0,99,9,0,0,14:33:5C:6D:AF:58,1,1,ARMED,72.0,0,0,80:02:9C:61:97:4B,11,123,3212.4,,,,,80:02:9C:61:97:4A,0,1,AUTH_FLOOD,2026-08-26T14:46:27.936354
45917,,-56,41,0,345,63864,42840,3485985,0,99,9,0,0,14:33:5C:6D:AF:58,1,1,ARMED,72.0,0,0,80:02:9C:61:97:4B,11,173,3339.1,,,,,80:02:9C:61:97:4A,0,1,AUTH_FLOOD,2026-08-26T14:46:27.950354
45917,,-56,41,255,399,65292,42840,3486016,0,99,9,0,0,14:33:5C:6D:AF:58,1,1,ARMED,72.0,0,0,80:02:9C:61:97:4B,11,223,2678.7,,,,,80:02:9C:61:97:4A,0,1,AUTH_FLOOD,2026-08-26T14:46:27.981354
45917,,-56,41,0,504,63172,42840,3486037,0,99,9,0,0,14:33:5C:6D:AF:58,1,1,ARMED,72.0,0,0,80:02:9C:61:97:4B,11,1,360.0,,,,,80:02:9C:61:97:4A,0,1,AUTH_FLOOD,2026-08-26T14:46:28.002354
45917,,-56,41,5051,521,65292,42840,3486074,0,99,9,0,0,14:33:5C:6D:AF:58,1,1,ARMED,72.0,0,0,80:02:9C:61:97:4B,11,51,1279.4,,,,,80:02:9C:61:97:4A,0,1,AUTH_FLOOD,2026-08-26T14:46:28.039354
45917,,-56,41,0,561,61744,42840,3486089,0,99,9,0,0,14:33:5C:6D:AF:58,1,1,ARMED,72.0,0,0,80:02:9C:61:97:4B,11,101,1862.8,,,,,80:02:9C:61:97:4A,0,1,AUTH_FLOOD,2026-08-26T14:46:28.054354
45917,,-56,41,0,623,62372,42840,3486108,0,99,9,0,0,14:33:5C:6D:AF:58,1,1,ARMED,72.0,0,0,80:02:9C:61:97:4B,11,151,2041.1,,,,,80:02:9C:61:97:4A,0,1,AUTH_FLOOD,2026-08-26T14:46:28.073354
45917,,40,40,0,0,65292,42840,3486132,0,99,9,0,0,14:33:5C:6D:AF:58,1,1,ARMED,72.0,0,0,80:02:9C:61:97:4B,11,201,2068.8,,,,,80:02:9C:61:97:4A,0,1,AUTH_FLOOD,2026-08-26T14:46:28.097354
45917,,-56,41,0,725,65292,42840,3486163,0,99,9,0,0,14:33:5C:6D:AF:58,1,1,ARMED,72.0,0,0,80:02:9C:61:97:4B,11,49,3118.8,,,,,80:02:9C:61:97:4A,0,1,AUTH_FLOOD,2026-08-26T14:46:28.128354
45917,,40,40,0,0,65292,42840,3486256,0,99,9,0,0,14:33:5C:6D:AF:58,1,1,ARMED,72.0,0,0,80:02:9C:61:97:4B,11,14,2136.1,,,,,80:02:9C:61:97:4A,0,1,AUTH_FLOOD,2026-08-26T14:46:28.221354
45917,,40,40,0,0,65292,42840,3486314,0,99,9,0,0,14:33:5C:6D:AF:58,1,1,ARMED,72.0,0,0,80:02:9C:61:97:4B,11,64,991.1,,,,,80:02:9C:61:97:4A,0,1,AUTH_FLOOD,2026-08-26T14:46:28.279354
45917,,40,40,0,0,65292,42840,3486325,0,99,9,0,0,14:33:5C:6D:AF:58,1,1,ARMED,72.0,0,0,80:02:9C:61:97:4B,11,114,1505.7,,,,,80:02:9C:61:97:4A,0,1,AUTH_FLOOD,2026-08-26T14:46:28.290354
45917,,40,40,0,0,65292,42840,3486380,0,99,9,0,0,14:33:5C:6D:AF:58,1,1,ARMED,72.0,0,0,80:02:9C:61:97:4B,11,49,1664.5,,,,,80:02:9C:61:97:4A,0,1,AUTH_FLOOD,2026-08-26T14:46:28.345354
45917,,-74,23,0,765,64556,42840,3486459,0,99,9,0,0,14:33:5C:6D:AF:58,1,1,ARMED,72.0,0,1,80:02:9C:61:97:4B,11,6,1271.5,,,,,80:02:9C:61:97:4A,0,1,AUTH_FLOOD,2026-08-26T14:46:28.424354
45917,,-73,24,229,1935,65292,42840,3486551,0,99,9,0,0,14:33:5C:6D:AF:58,1,1,ARMED,72.0,0,0,80:02:9C:61:97:4B,11,56,579.5,,,,,80:02:9C:61:97:4A,0,1,AUTH_FLOOD,2026-08-26T14:46:28.516354
45917,,40,40,0,0,65292,42840,3486574,0,99,9,0,0,14:33:5C:6D:AF:58,1,1,ARMED,72.0,0,0,80:02:9C:61:97:4B,11,43,2226.4,,,,,80:02:9C:61:97:4A,0,1,AUTH_FLOOD,2026-08-26T14:46:28.539354
45917,AUTH,-42,55,0,2721,65276,42840,3486654,0,99,9,0,0,14:33:5C:6D:AF:58,1,1,ARMED,72.0,0,1,80:02:9C:61:97:4B,11,93,933.2,,,,,80:02:9C:61:97:4A,0,1,AUTH_FLOOD,2026-08-26T14:46:28.619354
45917,,-73,24,0,1941,65292,42840,3486731,0,99,9,0,0,14:33:5C:6D:AF:58,1,1,ARMED,72.0,0,1,80:02:9C:61:97:4B,11,49,665.3,,,,,80:02:9C:61:97:4A,0,1,AUTH_FLOOD,2026-08-26T14:46:28.696354
45917,,-58,39,14576,859,65292,42840,3486767,0,99,9,0,0,14:33:5C:6D:AF:58,1,1,ARMED,72.0,0,1,80:02:9C:61:97:4B,11,1,107.9,,,,,80:02:9C:61:97:4A,0,1,AUTH_FLOOD,2026-08-26T14:46:28.732354
45917,,40,40,0,0,65292,42840,3486866,0,99,9,0,0,14:33:5C:6D:AF:58,1,1,ARMED,72.0,0,0,80:02:9C:61:97:4B,11,12,2147.5,,,,,80:02:9C:61:97:4A,0,1,AUTH_FLOOD,2026-08-26T14:46:28.831354
45917,,-73,24,13540,1947,65292,42840,3486908,0,99,9,0,0,14:33:5C:6D:AF:58,1,1,ARMED,72.0,0,1,80:02:9C:61:97:4B,11,62,1303.8,,,,,80:02:9C:61:97:4A,0,1,AUTH_FLOOD,2026-08-26T14:46:28.873354
45917,BEACON,-90,7,81,5,65292,42840,3487075,0,99,9,0,0,14:33:5C:6D:AF:58,1,1,ARMED,72.0,0,1,80:02:9C:61:97:4B,11,2,166.2,,,,,80:02:9C:61:97:4A,0,1,AUTH_FLOOD,2026-08-26T14:46:29.040354
45917,,40,40,0,0,65292,42840,3487334,0,99,9,0,0,14:33:5C:6D:AF:58,0,0,ARMED,72.0,0,1,80:02:9C:61:97:4B,11,11,161.6,,,,,80:02:9C:61:97:4A,0,1,AUTH_FLOOD,2026-08-26T14:46:29.299354
45917,DEAUTH,-69,28,0,2949,65292,42840,3487565,0,99,9,0,0,14:33:5C:6D:AF:58,1,0,ARMED,72.0,0,0,80:02:9C:61:97:4B,11,17,181.7,,,,,80:02:9C:61:97:4A,0,1,AUTH_FLOOD,2026-08-26T14:46:29.530354
45917,BEACON,-81,16,0,1063,65292,42840,3487971,0,99,9,0,0,14:33:5C:6D:AF:58,1,0,ARMED,72.0,0,1,80:02:9C:61:97:4B,11,3,39.2,,,,,80:02:9C:61:97:4A,0,1,AUTH_FLOOD,2026-08-26T14:46:29.936354
45917,BEACON,-82,15,0,1068,65292,42840,3488483,0,99,9,0,0,14:33:5C:6D:AF:58,1,0,ARMED,72.0,0,1,80:02:9C:61:97:4B,11,4,52.2,,,,,80:02:9C:61:97:4A,0,1,AUTH_FLOOD,2026-08-26T14:46:30.448354
45917,BEACON,-88,9,0,3126,65292,42840,3488805,0,99,9,0,0,14:33:5C:6D:AF:58,1,1,ARMED,72.0,0,1,80:02:9C:61:97:4B,11,19,207.3,,,,,80:02:9C:61:97:4A,0,1,AUTH_FLOOD,2026-08-26T14:46:30.770354
45917,DEAUTH,-67,30,0,2977,65292,42840,3489103,0,99,9,0,0,14:33:5C:6D:AF:58,0,0,ARMED,72.0,0,0,80:02:9C:61:97:4B,11,30,363.8,,,,,80:02:9C:61:97:4A,0,1,AUTH_FLOOD,2026-08-26T14:46:31.068354
45917,,40,40,0,0,65292,42840,3489287,0,99,9,0,0,14:33:5C:6D:AF:58,1,0,ARMED,72.0,0,0,80:02:9C:61:97:4B,11,17,314.3,,,,,80:02:9C:61:97:4A,0,1,AUTH_FLOOD,2026-08-26T14:46:31.252354
45917,BEACON,-80,17,0,1077,65292,42840,3489404,0,99,9,0,0,14:33:5C:6D:AF:58,0,1,ARMED,72.0,0,1,80:02:9C:61:97:4B,11,28,545.7,,,,,80:02:9C:61:97:4A,0,1,AUTH_FLOOD,2026-08-26T14:46:31.369354
45917,,-75,22,17719,1988,65292,42840,3489492,0,99,9,0,0,14:33:5C:6D:AF:58,1,1,ARMED,72.0,0,0,80:02:9C:61:97:4B,11,2,81.4,,,,,80:02:9C:61:97:4A,0,1,AUTH_FLOOD,2026-08-26T14:46:31.457354
45917,,40,40,0,0,65292,42840,3489563,0,99,9,0,0,14:33:5C:6D:AF:58,1,1,ARMED,72.0,0,0,80:02:9C:61:97:4B,11,52,541.0,,,,,80:02:9C:61:97:4A,0,1,AUTH_FLOOD,2026-08-26T14:46:31.528354
45917,,40,40,0,0,65292,42840,3489676,0,99,9,0,0,14:33:5C:6D:AF:58,1,1,ARMED,72.0,0,0,80:02:9C:61:97:4B,11,49,559.6,,,,,80:02:9C:61:97:4A,0,1,AUTH_FLOOD,2026-08-26T14:46:31.641354
45917,,40,40,0,0,65292,42840,3489742,0,99,9,0,0,14:33:5C:6D:AF:58,1,1,ARMED,72.0,0,0,80:02:9C:61:97:4B,11,24,450.5,,,,,80:02:9C:61:97:4A,0,1,AUTH_FLOOD,2026-08-26T14:46:31.707354
45917,,40,40,0,0,65292,42840,3489857,0,99,9,0,0,14:33:5C:6D:AF:58,1,1,ARMED,72.0,0,0,80:02:9C:61:97:4B,11,33,497.0,,,,,80:02:9C:61:97:4A,0,1,AUTH_FLOOD,2026-08-26T14:46:31.822354
45917,,40,40,0,0,65292,42840,3489911,0,99,9,0,0,14:33:5C:6D:AF:58,1,1,ARMED,72.0,0,1,80:02:9C:61:97:4B,11,2,109.8,,,,,80:02:9C:61:97:4A,0,1,AUTH_FLOOD,2026-08-26T14:46:31.876354
45917,,40,40,0,0,65292,42840,3489981,0,99,9,0,0,14:33:5C:6D:AF:58,1,1,ARMED,72.0,0,0,80:02:9C:61:97:4B,11,52,590.9,,,,,80:02:9C:61:97:4A,0,1,AUTH_FLOOD,2026-08-26T14:46:31.946354
45917,,40,40,0,0,65292,42840,3490094,0,99,9,0,0,14:33:5C:6D:AF:58,1,1,ARMED,72.0,0,0,80:02:9C:61:97:4B,11,45,481.9,,,,,80:02:9C:61:97:4A,0,1,AUTH_FLOOD,2026-08-26T14:46:32.059354
45917,,-73,24,19296,2018,65292,42840,3490332,0,99,9,0,0,14:33:5C:6D:AF:58,0,0,ARMED,72.0,0,1,80:02:9C:61:97:4B,11,1,158.2,,,,,80:02:9C:61:97:4A,0,1,AUTH_FLOOD,2026-08-26T14:46:32.297354
45917,,-66,31,0,3002,65292,42840,3490511,0,99,9,0,0,14:33:5C:6D:AF:58,0,0,ARMED,72.0,0,0,80:02:9C:61:97:4B,11,42,509.0,,,,,80:02:9C:61:97:4A,0,1,AUTH_FLOOD,2026-08-26T14:46:32.476354
45917,,-65,32,0,3010,65292,42840,3490584,0,99,9,0,0,14:33:5C:6D:AF:58,1,1,ARMED,72.0,0,0,80:02:9C:61:97:4B,11,39,698.0,,,,,80:02:9C:61:97:4A,0,1,AUTH_FLOOD,2026-08-26T14:46:32.549354
45917,,-67,30,0,3016,65292,42840,3490648,0,99,9,0,0,14:33:5C:6D:AF:58,1,1,ARMED,72.0,0,0,80:02:9C:61:97:4B,11,19,984.1,,,,,80:02:9C:61:97:4A,0,1,AUTH_FLOOD,2026-08-26T14:46:32.613354
45917,AUTH,-65,32,0,3024,65292,42840,3491131,0,99,9,0,0,14:33:5C:6D:AF:58,0,0,ARMED,72.0,0,0,80:02:9C:61:97:4B,11,20,225.3,,,,,80:02:9C:61:97:4A,0,1,AUTH_FLOOD,2026-08-26T14:46:33.096354
45917,,-75,22,16635,2040,65292,42840,3491472,0,99,9,0,0,14:33:5C:6D:AF:58,1,1,ARMED,72.0,0,1,80:02:9C:61:97:4B,11,4,200.6,,,,,80:02:9C:61:97:4A,0,1,AUTH_FLOOD,2026-08-26T14:46:33.437354
45917,BEACON,-82,15,0,1104,65292,42840,3492169,0,99,9,0,0,14:33:5C:6D:AF:58,0,0,ARMED,72.0,0,1,80:02:9C:61:97:4B,11,7,68.4,,,,,80:02:9C:61:97:4A,0,1,AUTH_FLOOD,2026-08-26T14:46:34.134354
45917,,-74,23,166,2046,65292,42840,3492605,0,99,9,0,0,14:33:5C:6D:AF:58,0,0,ARMED,72.0,0,0,80:02:9C:61:97:4B,11,8,303.5,,,,,80:02:9C:61:97:4A,0,1,AUTH_FLOOD,2026-08-26T14:46:34.570354
45917,AUTH,-67,30,0,3048,65292,42840,3492655,0,99,9,0,0,14:33:5C:6D:AF:58,0,0,ARMED,72.0,0,0,80:02:9C:61:97:4B,11,58,760.6,,,,,80:02:9C:61:97:4A,0,1,AUTH_FLOOD,2026-08-26T14:46:34.620354
45917,,-76,21,166,2051,65292,42840,3492879,0,99,9,0,0,14:33:5C:6D:AF:58,1,0,ARMED,72.0,0,0,80:02:9C:61:97:4B,11,37,388.5,,,,,80:02:9C:61:97:4A,0,1,AUTH_FLOOD,2026-08-26T14:46:34.844354
45917,DEAUTH,-66,31,0,3054,65292,42840,3493101,0,99,9,0,0,14:33:5C:6D:AF:58,0,0,ARMED,72.0,0,0,80:02:9C:61:97:4B,11,5,1422.9,,,,,80:02:9C:61:97:4A,0,1,AUTH_FLOOD,2026-08-26T14:46:35.066354
45917,,-75,22,17496,2068,65292,42840,3493374,0,99,9,0,0,14:33:5C:6D:AF:58,1,0,ARMED,72.0,0,1,80:02:9C:61:97:4B,11,13,194.1,,,,,80:02:9C:61:97:4A,0,1,AUTH_FLOOD,2026-08-26T14:46:35.339354
45917,,-73,24,0,2072,65292,42840,3493502,0,99,9,0,0,14:33:5C:6D:AF:58,0,0,ARMED,72.0,0,0,80:02:9C:61:97:4B,11,43,471.8,,,,,80:02:9C:61:97:4A,0,1,AUTH_FLOOD,2026-08-26T14:46:35.467354
45917,,40,40,0,0,65292,42840,3493586,0,99,9,0,0,14:33:5C:6D:AF:58,0,1,ARMED,72.0,0,0,80:02:9C:61:97:4B,11,47,681.5,,,,,80:02:9C:61:97:4A,0,1,AUTH_FLOOD,2026-08-26T14:46:35.551354
45917,,40,40,0,0,65292,42840,3493742,0,99,9,0,0,14:33:5C:6D:AF:58,0,0,ARMED,72.0,0,0,80:02:9C:61:97:4B,11,18,796.2,,,,,80:02:9C:61:97:4A,0,1,AUTH_FLOOD,2026-08-26T14:46:35.707354
45917,,40,40,0,0,65292,42840,3493795,0,99,9,0,0,14:33:5C:6D:AF:58,0,0,ARMED,72.0,0,0,80:02:9C:61:97:4B,11,68,897.9,,,,,80:02:9C:61:97:4A,0,1,AUTH_FLOOD,2026-08-26T14:46:35.760354
45917,,40,40,0,0,65292,42840,3493873,0,99,9,0,0,14:33:5C:6D:AF:58,1,1,ARMED,72.0,0,0,80:02:9C:61:97:4B,11,23,435.7,,,,,80:02:9C:61:97:4A,0,1,AUTH_FLOOD,2026-08-26T14:46:35.838354
45917,,-75,22,10957,2094,65292,42840,3494156,0,99,9,0,0,14:33:5C:6D:AF:58,0,0,ARMED,72.0,0,1,80:02:9C:61:97:4B,11,5,168.1,,,,,80:02:9C:61:97:4A,0,1,AUTH_FLOOD,2026-08-26T14:46:36.121354
45917,BEACON,-89,8,0,85,65292,42840,3494652,0,99,9,0,0,14:33:5C:6D:AF:58,0,0,ARMED,72.0,0,1,80:02:9C:61:97:4B,11,2,144.7,,,,,80:02:9C:61:97:4A,0,1,AUTH_FLOOD,2026-08-26T14:46:36.617354
45917,BEACON,-93,4,0,470,65292,42840,3495078,0,99,9,0,0,14:33:5C:6D:AF:58,1,1,ARMED,72.0,0,1,80:02:9C:61:97:4B,11,5,169.0,,,,,80:02:9C:61:97:4A,0,1,AUTH_FLOOD,2026-08-26T14:46:37.043354
45917,AUTH,-65,32,0,3091,65292,42840,3495714,0,99,9,0,0,14:33:5C:6D:AF:58,0,0,ARMED,72.0,0,0,80:02:9C:61:97:4B,11,13,251.3,,,,,80:02:9C:61:97:4A,0,1,AUTH_FLOOD,2026-08-26T14:46:37.679354
45917,BEACON,-92,5,0,480,65292,42840,3496105,0,99,9,0,0,14:33:5C:6D:AF:58,0,0,ARMED,72.0,0,1,80:02:9C:61:97:4B,11,18,550.1,,,,,80:02:9C:61:97:4A,0,1,AUTH_FLOOD,2026-08-26T14:46:38.070354
45917,BEACON,-91,6,0,106,65292,42840,3496803,0,99,9,0,0,14:33:5C:6D:AF:58,0,0,ARMED,72.0,0,1,80:02:9C:61:97:4B,11,2,144.4,,,,,80:02:9C:61:97:4A,0,1,AUTH_FLOOD,2026-08-26T14:46:38.768354
45917,AUTH,-42,55,79125,2777,65292,42840,3497570,0,99,9,0,0,14:33:5C:6D:AF:58,0,0,ARMED,72.0,0,1,80:02:9C:61:97:4B,11,4,62.4,,,,,80:02:9C:61:97:4A,0,1,AUTH_FLOOD,2026-08-26T14:46:39.535354
45917,,40,40,0,0,65292,42840,3498095,0,99,9,0,0,14:33:5C:6D:AF:58,0,0,ARMED,72.0,0,0,80:02:9C:61:97:4B,11,10,128.8,,,,,80:02:9C:61:97:4A,0,1,AUTH_FLOOD,2026-08-26T14:46:40.060354
45917,AUTH,-42,55,565,2783,65292,42840,3498440,0,99,9,0,0,14:33:5C:6D:AF:58,0,0,ARMED,72.0,0,0,80:02:9C:61:97:4B,11,9,613.0,,,,,80:02:9C:61:97:4A,0,1,AUTH_FLOOD,2026-08-26T14:46:40.405354
45917,,-75,22,3703,1222,65292,42840,3498539,0,99,9,0,0,14:33:5C:6D:AF:58,0,1,ARMED,72.0,0,0,80:02:9C:61:97:4B,11,2,355.4,,,,,80:02:9C:61:97:4A,0,1,AUTH_FLOOD,2026-08-26T14:46:40.504354
45917,BEACON,-87,10,0,3227,65292,42840,3499147,0,99,9,0,0,14:33:5C:6D:AF:58,0,0,ARMED,72.0,0,1,80:02:9C:61:97:4B,11,1,327.5,,,,,80:02:9C:61:97:4A,0,1,AUTH_FLOOD,2026-08-26T14:46:41.112354
45917,,40,40,0,0,65292,42840,3499368,0,99,9,0,0,14:33:5C:6D:AF:58,0,0,ARMED,72.0,0,0,80:02:9C:61:97:4B,11,17,826.4,,,,,80:02:9C:61:97:4A,0,1,AUTH_FLOOD,2026-08-26T14:46:41.333354
45917,,40,40,0,0,65292,42840,3499432,0,99,9,0,0,14:33:5C:6D:AF:58,0,0,ARMED,72.0,0,0,80:02:9C:61:97:4B,11,67,784.1,,,,,80:02:9C:61:97:4A,0,1,AUTH_FLOOD,2026-08-26T14:46:41.397354
45917,,-75,22,1875,1311,65292,42840,3499722,0,99,9,0,0,14:33:5C:6D:AF:58,0,0,ARMED,72.0,0,0,80:02:9C:61:97:4B,11,8,129.3,,,,,80:02:9C:61:97:4A,0,1,AUTH_FLOOD,2026-08-26T14:46:41.687354
45917,PROBE_RESP,-65,32,0,3139,65292,42840,3499896,0,99,9,0,0,14:33:5C:6D:AF:58,0,1,ARMED,72.0,0,0,80:02:9C:61:97:4B,11,4,123.6,,,,,80:02:9C:61:97:4A,0,1,AUTH_FLOOD,2026-08-26T14:46:41.861354
45917,,-90,7,59157,1973,65292,42840,3500365,0,99,9,0,0,14:33:5C:6D:AF:58,0,0,ARMED,72.0,0,1,80:02:9C:61:97:4B,11,5,54.8,,,,,80:02:9C:61:97:4A,0,1,AUTH_FLOOD,2026-08-26T14:46:42.330354
45917,AUTH,-92,5,39917,218,65292,42840,3500585,0,99,9,0,0,14:33:5C:6D:AF:58,0,0,ARMED,72.0,0,1,80:02:9C:61:97:4B,11,1,246.0,,,,,80:02:9C:61:97:4A,0,1,AUTH_FLOOD,2026-08-26T14:46:42.550354
45917,PROBE_RESP,-66,31,0,3161,65292,42840,3501068,0,99,9,0,0,14:33:5C:6D:AF:58,0,0,ARMED,72.0,0,1,80:02:9C:61:97:4B,11,11,139.0,,,,,80:02:9C:61:97:4A,0,1,AUTH_FLOOD,2026-08-26T14:46:43.033354
45917,,-93,4,36251,3903,65292,42840,3501402,0,99,9,0,0,14:33:5C:6D:AF:58,0,0,ARMED,72.0,0,1,80:02:9C:61:97:4B,11,2,374.7,,,,,80:02:9C:61:97:4A,0,1,AUTH_FLOOD,2026-08-26T14:46:43.367354
45917,PROBE_RESP,-66,31,0,3176,65292,42840,3501987,0,99,9,0,0,14:33:5C:6D:AF:58,0,0,ARMED,72.0,0,0,80:02:9C:61:97:4B,11,13,166.5,,,,,80:02:9C:61:97:4A,0,1,AUTH_FLOOD,2026-08-26T14:46:43.952354
45917,PROBE_RESP,-66,31,0,3185,65292,42840,3502487,0,99,9,0,0,14:33:5C:6D:AF:58,0,0,ARMED,72.0,0,1,80:02:9C:61:97:4B,11,9,135.6,,,,,80:02:9C:61:97:4A,0,1,AUTH_FLOOD,2026-08-26T14:46:44.452354
45917,BEACON,-90,7,0,170,65292,42840,3503152,0,99,9,0,0,14:33:5C:6D:AF:58,0,0,ARMED,72.0,0,1,80:02:9C:61:97:4B,11,2,143.8,,,,,80:02:9C:61:97:4A,0,1,AUTH_FLOOD,2026-08-26T14:46:45.117354
45917,BEACON,-81,16,0,1218,65292,42840,3503843,0,99,9,0,0,14:33:5C:6D:AF:58,0,0,ARMED,72.0,0,1,80:02:9C:61:97:4B,11,8,88.5,,,,,80:02:9C:61:97:4A,0,1,AUTH_FLOOD,2026-08-26T14:46:45.808354
45917,,40,40,0,0,65292,42840,3504196,0,99,9,0,0,14:33:5C:6D:AF:58,0,0,ARMED,72.0,0,1,80:02:9C:61:97:4B,11,7,225.1,,,,,80:02:9C:61:97:4A,0,1,AUTH_FLOOD,2026-08-26T14:46:46.161354
45917,DISASSOC,-90,7,3877,2105,65292,42840,3504656,0,99,9,0,0,14:33:5C:6D:AF:58,0,0,ARMED,72.0,0,1,80:02:9C:61:97:4B,11,5,61.0,,,,,80:02:9C:61:97:4A,0,1,AUTH_FLOOD,2026-08-26T14:46:46.621354
45917,,-75,22,157,2157,65292,42840,3504994,0,99,9,0,0,14:33:5C:6D:AF:58,0,0,ARMED,72.0,0,0,80:02:9C:61:97:4B,11,2,192.4,,,,,80:02:9C:61:97:4A,0,1,AUTH_FLOOD,2026-08-26T14:46:46.959354
45917,,40,40,0,0,65292,42840,3505475,0,99,9,0,0,14:33:5C:6D:AF:58,0,0,ARMED,72.0,0,0,80:02:9C:61:97:4B,11,17,208.5,,,,,80:02:9C:61:97:4A,0,1,AUTH_FLOOD,2026-08-26T14:46:47.440354
45917,,40,40,0,0,65292,42840,3505515,0,99,9,0,0,14:33:5C:6D:AF:58,0,0,ARMED,72.0,0,0,80:02:9C:61:97:4B,11,49,3473.9,,,,,80:02:9C:61:97:4A,0,0,NONE,2026-08-26T14:46:47.480354
45917,,40,40,0,0,65292,42840,3505653,0,99,9,0,0,14:33:5C:6D:AF:58,1,1,ARMED,72.0,0,0,80:02:9C:61:97:4B,11,35,678.9,,,,,80:02:9C:61:97:4A,0,0,NONE,2026-08-26T14:46:47.618354
45917,MGMT_OTHER,40,40,0,0,65292,42840,3505673,0,99,9,0,0,14:33:5C:6D:AF:58,1,1,ARMED,72.0,0,0,80:02:9C:61:97:4B,11,85,1193.3,,,,,80:02:9C:61:97:4A,0,0,NONE,2026-08-26T14:46:47.638354
45917,MGMT_OTHER,40,40,0,0,65292,42840,3505759,0,99,9,0,0,14:33:5C:6D:AF:58,1,1,ARMED,72.0,0,0,80:02:9C:61:97:4B,11,11,199.4,,,,,80:02:9C:61:97:4A,0,0,NONE,2026-08-26T14:46:47.724354
45917,MGMT_OTHER,40,40,0,0,65292,42840,3505893,0,99,9,0,0,14:33:5C:6D:AF:58,1,0,ARMED,72.0,0,0,80:02:9C:61:97:4B,11,40,448.0,,,,,80:02:9C:61:97:4A,0,0,NONE,2026-08-26T14:46:47.858354
45917,BEACON,-91,6,0,579,65292,42840,3506240,0,99,9,0,0,14:33:5C:6D:AF:58,0,0,ARMED,72.0,0,1,80:02:9C:61:97:4B,11,4,148.7,,,,,80:02:9C:61:97:4A,0,0,NONE,2026-08-26T14:46:48.205354
45917,,-73,24,229,2171,65292,42840,3506724,0,99,9,0,0,14:33:5C:6D:AF:58,0,0,ARMED,72.0,0,0,80:02:9C:61:97:4B,11,6,65.9,,,,,80:02:9C:61:97:4A,0,0,NONE,2026-08-26T14:46:48.689354
45917,,-73,24,157,2175,65276,42840,3506940,0,99,9,0,0,14:33:5C:6D:AF:58,0,0,ARMED,72.0,0,0,80:02:9C:61:97:4B,11,14,5460.2,,,,,80:02:9C:61:97:4A,0,0,NONE,2026-08-26T14:46:48.905354
45917,BEACON,-87,10,0,3309,65292,42840,3507544,0,99,9,0,0,14:33:5C:6D:AF:58,0,0,ARMED,72.0,0,0,80:02:9C:61:97:4B,11,5,54.6,,,,,80:02:9C:61:97:4A,0,0,NONE,2026-08-26T14:46:49.509354
45917,BEACON,-95,2,0,3302,65292,42840,3508264,0,99,9,0,0,14:33:5C:6D:AF:58,0,0,ARMED,72.0,0,0,80:02:9C:61:97:4B,11,6,75.5,,,,,80:02:9C:61:97:4A,0,0,NONE,2026-08-26T14:46:50.229354
45917,,40,40,0,0,65292,42840,3508774,0,99,9,0,0,14:33:5C:6D:AF:58,0,0,ARMED,72.0,0,0,80:02:9C:61:97:4B,11,9,553.7,,,,,80:02:9C:61:97:4A,0,0,NONE,2026-08-26T14:46:50.739354
45917,BEACON,-89,8,0,3322,65276,42840,3508875,0,99,9,0,0,14:33:5C:6D:AF:58,0,1,ARMED,72.0,0,0,80:02:9C:61:97:4B,11,2,131.8,,,,,80:02:9C:61:97:4A,0,0,NONE,2026-08-26T14:46:50.840354
45917,,40,40,0,0,65292,42840,3509164,0,99,9,0,0,14:33:5C:6D:AF:58,0,0,ARMED,72.0,0,0,80:02:9C:61:97:4B,11,26,262.1,,,,,80:02:9C:61:97:4A,0,0,NONE,2026-08-26T14:46:51.129354
45917,BEACON,-86,11,0,3328,65292,42840,3509490,0,99,9,0,0,14:33:5C:6D:AF:58,0,0,ARMED,72.0,0,0,80:02:9C:61:97:4B,11,4,264.8,,,,,80:02:9C:61:97:4A,0,0,NONE,2026-08-26T14:46:51.455354
45917,,40,40,0,0,65292,42840,3509743,0,99,9,0,0,14:33:5C:6D:AF:58,0,1,ARMED,72.0,0,0,80:02:9C:61:97:4B,11,6,93.8,,,,,80:02:9C:61:97:4A,0,0,NONE,2026-08-26T14:46:51.708354
45917,,-90,7,0,677,65292,42840,3510161,0,99,9,0,0,14:33:5C:6D:AF:58,0,0,ARMED,72.0,0,1,80:02:9C:61:97:4B,11,11,152.1,,,,,80:02:9C:61:97:4A,0,0,NONE,2026-08-26T14:46:52.126354
45917,BEACON,-86,11,0,3339,65292,42840,3510616,0,99,9,0,0,14:33:5C:6D:AF:58,0,0,ARMED,72.0,0,0,80:02:9C:61:97:4B,11,5,329.4,,,,,80:02:9C:61:97:4A,0,0,NONE,2026-08-26T14:46:52.581354
45917,BEACON,-93,4,0,624,65292,42840,3510847,0,99,9,0,0,14:33:5C:6D:AF:58,0,0,ARMED,72.0,0,1,80:02:9C:61:97:4B,11,14,336.1,,,,,80:02:9C:61:97:4A,0,0,NONE,2026-08-26T14:46:52.812354
45917,,-90,7,54609,1140,65292,42840,3511397,0,99,9,0,0,14:33:5C:6D:AF:58,0,0,ARMED,72.0,0,1,80:02:9C:61:97:4B,11,5,63.1,,,,,80:02:9C:61:97:4A,0,0,NONE,2026-08-26T14:46:53.362354
45917,,-73,24,157,2210,65292,42840,3512037,0,99,9,0,0,14:33:5C:6D:AF:58,0,0,ARMED,72.0,0,0,80:02:9C:61:97:4B,11,7,2352.9,,,,,80:02:9C:61:97:4A,0,0,NONE,2026-08-26T14:46:54.002354
45917,,-56,41,1791,1454,65292,42840,3512228,0,99,9,0,0,14:33:5C:6D:AF:58,0,0,ARMED,72.0,0,0,80:02:9C:61:97:4B,11,45,493.1,,,,,80:02:9C:61:97:4A,0,0,NONE,2026-08-26T14:46:54.193354
45917,,-63,34,2799,31,65292,42840,3512655,0,99,9,0,0,14:33:5C:6D:AF:58,0,0,ARMED,72.0,0,0,80:02:9C:61:97:4B,11,7,72.6,,,,,80:02:9C:61:97:4A,0,0,NONE,2026-08-26T14:46:54.620354
45917,,40,40,0,0,65292,42840,3512942,0,99,9,0,0,14:33:5C:6D:AF:58,0,0,ARMED,72.0,0,0,80:02:9C:61:97:4B,11,28,449.8,,,,,80:02:9C:61:97:4A,0,0,NONE,2026-08-26T14:46:54.907354
45917,,40,40,0,0,65292,42840,3513089,0,99,9,0,0,14:33:5C:6D:AF:58,0,0,ARMED,72.0,0,0,80:02:9C:61:97:4B,11,5,1302.1,,,,,80:02:9C:61:97:4A,0,0,NONE,2026-08-26T14:46:55.054354
45917,,-74,23,1662,1547,65292,42840,3513277,0,99,9,0,0,14:33:5C:6D:AF:58,0,1,ARMED,72.0,0,1,80:02:9C:61:97:4B,11,24,266.7,,,,,80:02:9C:61:97:4A,0,0,NONE,2026-08-26T14:46:55.242354
45917,,-74,23,220,2217,65292,42840,3513369,0,99,9,0,0,14:33:5C:6D:AF:58,0,1,ARMED,72.0,0,0,80:02:9C:61:97:4B,11,46,656.1,,,,,80:02:9C:61:97:4A,0,0,NONE,2026-08-26T14:46:55.334354
45917,,40,40,0,0,65292,42840,3513537,0,99,9,0,0,14:33:5C:6D:AF:58,0,0,ARMED,72.0,0,0,80:02:9C:61:97:4B,11,16,723.2,,,,,80:02:9C:61:97:4A,0,0,NONE,2026-08-26T14:46:55.502354
45917,,-56,41,0,36,65292,42840,3513682,0,99,9,0,0,14:33:5C:6D:AF:58,0,1,ARMED,72.0,0,0,80:02:9C:61:97:4B,11,25,382.3,,,,,80:02:9C:61:97:4A,0,0,NONE,2026-08-26T14:46:55.647354
45917,BEACON,-88,9,0,3372,65292,42840,3513995,0,99,9,0,0,14:33:5C:6D:AF:58,0,0,ARMED,72.0,0,0,80:02:9C:61:97:4B,11,2,132.7,,,,,80:02:9C:61:97:4A,0,0,NONE,2026-08-26T14:46:55.960354
45917,BEACON,-93,4,73,657,65292,42840,3514227,0,99,9,0,0,14:33:5C:6D:AF:58,0,0,ARMED,72.0,0,1,80:02:9C:61:97:4B,11,5,119.5,,,,,80:02:9C:61:97:4A,0,0,NONE,2026-08-26T14:46:56.192354
45917,BEACON,-81,16,0,1324,65292,42840,3514697,0,99,9,0,0,14:33:5C:6D:AF:58,0,0,ARMED,72.0,0,1,80:02:9C:61:97:4B,11,13,127.0,,,,,80:02:9C:61:97:4A,0,0,NONE,2026-08-26T14:46:56.662354
45917,,-76,21,212,2234,65292,42840,3515233,0,99,9,0,0,14:33:5C:6D:AF:58,0,0,ARMED,72.0,0,0,80:02:9C:61:97:4B,11,7,285.1,,,,,80:02:9C:61:97:4A,0,0,NONE,2026-08-26T14:46:57.198354
45917,,-75,22,238,2237,65292,42840,3515333,0,99,9,0,0,14:33:5C:6D:AF:58,0,1,ARMED,72.0,0,0,80:02:9C:61:97:4B,11,13,600.9,,,,,80:02:9C:61:97:4A,0,0,NONE,2026-08-26T14:46:57.298354
45917,,40,40,0,0,65292,42840,3515417,0,99,9,0,0,14:33:5C:6D:AF:58,0,1,ARMED,72.0,0,0,80:02:9C:61:97:4B,11,13,3581.3,,,,,80:02:9C:61:97:4A,0,0,NONE,2026-08-26T14:46:57.382354
45917,,40,40,0,0,65292,42840,3515546,0,99,9,0,0,14:33:5C:6D:AF:58,0,1,ARMED,72.0,0,0,80:02:9C:61:97:4B,11,11,370.9,,,,,80:02:9C:61:97:4A,0,0,NONE,2026-08-26T14:46:57.511354
45917,,40,40,0,0,65292,42840,3515694,0,99,9,0,0,14:33:5C:6D:AF:58,0,0,ARMED,72.0,0,0,80:02:9C:61:97:4B,11,35,464.7,,,,,80:02:9C:61:97:4A,0,0,NONE,2026-08-26T14:46:57.659354
45917,,-56,41,0,2890,65292,42840,3515859,0,99,9,0,0,14:33:5C:6D:AF:58,0,0,ARMED,72.0,0,0,80:02:9C:61:97:4B,11,16,910.5,,,,,80:02:9C:61:97:4A,0,0,NONE,2026-08-26T14:46:57.824354
45917,,-75,22,0,1618,65292,42840,3515922,0,99,9,0,0,14:33:5C:6D:AF:58,0,0,ARMED,72.0,0,0,80:02:9C:61:97:4B,11,66,812.2,,,,,80:02:9C:61:97:4A,0,0,NONE,2026-08-26T14:46:57.887354
45917,,-75,22,0,1634,65292,42840,3516015,0,99,9,0,0,14:33:5C:6D:AF:58,0,1,ARMED,72.0,0,0,80:02:9C:61:97:4B,11,43,592.7,,,,,80:02:9C:61:97:4A,0,0,NONE,2026-08-26T14:46:57.980354
45917,,-56,41,1195,57,65292,42840,3516266,0,99,9,0,0,14:33:5C:6D:AF:58,0,0,ARMED,72.0,0,1,80:02:9C:61:97:4B,11,14,686.2,,,,,80:02:9C:61:97:4A,0,0,NONE,2026-08-26T14:46:58.231354
45917,,-56,41,0,3488,65276,42840,3516296,0,99,9,0,0,14:33:5C:6D:AF:58,0,0,ARMED,72.0,0,0,80:02:9C:61:97:4B,11,64,1288.8,,,,,80:02:9C:61:97:4A,0,0,NONE,2026-08-26T14:46:58.261354
45917,,-56,41,2255,72,65292,42840,3516365,0,99,9,0,0,14:33:5C:6D:AF:58,0,1,ARMED,72.0,0,1,80:02:9C:61:97:4B,11,14,864.0,,,,,80:02:9C:61:97:4A,0,0,NONE,2026-08-26T14:46:58.330354
45917,,-76,21,60781,2256,65292,42840,3516801,0,99,9,0,0,14:33:5C:6D:AF:58,0,0,ARMED,72.0,0,1,80:02:9C:61:97:4B,11,5,112.1,,,,,80:02:9C:61:97:4A,0,0,NONE,2026-08-26T14:46:58.766354
45917,,-63,34,2676,118,65292,42840,3517099,0,99,9,0,0,14:33:5C:6D:AF:58,0,0,ARMED,72.0,0,0,80:02:9C:61:97:4B,11,9,254.1,,,,,80:02:9C:61:97:4A,0,0,NONE,2026-08-26T14:46:59.064354
45917,,-56,41,45643,98,65292,42840,3517441,0,99,9,0,0,14:33:5C:6D:AF:58,0,0,ARMED,72.0,0,1,80:02:9C:61:97:4B,11,4,57.4,,,,,80:02:9C:61:97:4A,0,0,NONE,2026-08-26T14:46:59.406354
45917,,-56,41,0,101,65292,42840,3518072,0,99,9,0,0,14:33:5C:6D:AF:58,0,0,ARMED,72.0,0,1,80:02:9C:61:97:4B,11,7,81.5,,,,,80:02:9C:61:97:4A,0,0,NONE,2026-08-26T14:47:00.037354
45917,,-75,22,157,2271,65292,42840,3518711,0,99,9,0,0,14:33:5C:6D:AF:58,0,0,ARMED,72.0,0,0,80:02:9C:61:97:4B,11,3,367.8,,,,,80:02:9C:61:97:4A,0,0,NONE,2026-08-26T14:47:00.676354
45917,,-56,41,13938,3543,65292,42840,3519135,0,99,9,0,0,14:33:5C:6D:AF:58,0,0,ARMED,72.0,0,1,80:02:9C:61:97:4B,11,8,351.2,,,,,80:02:9C:61:97:4A,0,0,NONE,2026-08-26T14:47:01.100354
45917,,-56,41,5234,116,65292,42840,3519347,0,99,9,0,0,14:33:5C:6D:AF:58,0,0,ARMED,72.0,0,1,80:02:9C:61:97:4B,11,24,785.4,,,,,80:02:9C:61:97:4A,0,0,NONE,2026-08-26T14:47:01.312354
45917,,-67,30,0,3398,65292,42840,3519486,0,99,9,0,0,14:33:5C:6D:AF:58,0,1,ARMED,72.0,0,0,80:02:9C:61:97:4B,11,30,449.7,,,,,80:02:9C:61:97:4A,0,0,NONE,2026-08-26T14:47:01.451354
45917,,-75,22,166,2279,65292,42840,3519575,0,99,9,0,0,14:33:5C:6D:AF:58,0,1,ARMED,72.0,0,0,80:02:9C:61:97:4B,11,20,358.5,,,,,80:02:9C:61:97:4A,0,0,NONE,2026-08-26T14:47:01.540354
45917,,-74,23,0,2285,65292,42840,3519637,0,99,9,0,0,14:33:5C:6D:AF:58,0,1,ARMED,72.0,0,0,80:02:9C:61:97:4B,11,15,1015.6,,,,,80:02:9C:61:97:4A,0,0,NONE,2026-08-26T14:47:01.602354
45917,,-66,31,589,3414,65292,42840,3519803,0,99,9,0,0,14:33:5C:6D:AF:58,0,1,ARMED,72.0,0,1,80:02:9C:61:97:4B,11,32,396.5,,,,,80:02:9C:61:97:4A,0,0,NONE,2026-08-26T14:47:01.768354
45917,,-75,22,284,2294,65292,42840,3519934,0,99,9,0,0,14:33:5C:6D:AF:58,0,1,ARMED,72.0,0,0,80:02:9C:61:97:4B,11,8,2710.0,,,,,80:02:9C:61:97:4A,0,0,NONE,2026-08-26T14:47:01.899354
45917,,-75,22,184,2296,65292,42840,3520056,0,99,9,0,0,14:33:5C:6D:AF:58,0,1,ARMED,72.0,0,0,80:02:9C:61:97:4B,11,20,828.6,,,,,80:02:9C:61:97:4A,0,0,NONE,2026-08-26T14:47:02.021354
45917,,-89,8,19220,3888,65292,42840,3520266,0,99,9,0,0,14:33:5C:6D:AF:58,0,0,ARMED,72.0,0,1,80:02:9C:61:97:4B,11,3,110.3,,,,,80:02:9C:61:97:4A,0,0,NONE,2026-08-26T14:47:02.231354
45917,BEACON,-92,5,0,3435,65292,42840,3520446,0,99,9,0,0,14:33:5C:6D:AF:58,0,0,ARMED,72.0,0,0,80:02:9C:61:97:4B,11,1,324.8,,,,,80:02:9C:61:97:4A,0,0,NONE,2026-08-26T14:47:02.411354
45917,BEACON,-67,30,0,3431,65292,42840,3520751,0,99,9,0,0,14:33:5C:6D:AF:58,0,0,ARMED,72.0,0,1,80:02:9C:61:97:4B,11,10,97.7,,,,,80:02:9C:61:97:4A,0,0,NONE,2026-08-26T14:47:02.716354
45917,,40,40,0,0,65292,42840,3520964,0,99,9,0,0,14:33:5C:6D:AF:58,0,1,ARMED,72.0,0,0,80:02:9C:61:97:4B,11,10,1169.7,,,,,80:02:9C:61:97:4A,0,0,NONE,2026-08-26T14:47:02.929354
45917,,-75,22,359,2315,65292,42840,3521174,0,99,9,0,0,14:33:5C:6D:AF:58,0,0,ARMED,72.0,0,0,80:02:9C:61:97:4B,11,11,768.9,,,,,80:02:9C:61:97:4A,0,0,NONE,2026-08-26T14:47:03.139354
45917,,-67,30,0,3441,65292,42840,3521251,0,99,9,0,0,14:33:5C:6D:AF:58,0,0,ARMED,72.0,0,1,80:02:9C:61:97:4B,11,61,670.3,,,,,80:02:9C:61:97:4A,0,0,NONE,2026-08-26T14:47:03.216354
45917,,40,40,0,0,65292,42840,3521435,0,99,9,0,0,14:33:5C:6D:AF:58,0,0,ARMED,72.0,0,0,80:02:9C:61:97:4B,11,25,337.8,,,,,80:02:9C:61:97:4A,0,0,NONE,2026-08-26T14:47:03.400354
45917,,-56,41,0,3871,65292,42840,3521841,0,99,9,0,0,14:33:5C:6D:AF:58,0,0,ARMED,72.0,0,0,80:02:9C:61:97:4B,11,25,377.0,,,,,80:02:9C:61:97:4A,0,0,NONE,2026-08-26T14:47:03.806354
45917,,-56,41,0,4013,65292,42840,3521905,0,99,9,0,0,14:33:5C:6D:AF:58,0,1,ARMED,72.0,0,0,80:02:9C:61:97:4B,11,34,1113.3,,,,,80:02:9C:61:97:4A,0,0,NONE,2026-08-26T14:47:03.870354
45917,,-56,41,0,291,65292,42840,3522054,0,99,9,0,0,14:33:5C:6D:AF:58,0,1,ARMED,72.0,0,0,80:02:9C:61:97:4B,11,10,128.6,,,,,80:02:9C:61:97:4A,0,0,NONE,2026-08-26T14:47:04.019354
45917,,-63,34,292,222,65292,42840,3522260,0,99,9,0,0,14:33:5C:6D:AF:58,0,0,ARMED,72.0,0,0,80:02:9C:61:97:4B,11,44,577.3,,,,,80:02:9C:61:97:4A,0,0,NONE,2026-08-26T14:47:04.225354
45917,,-93,4,0,3309,65292,42840,3522819,0,99,9,0,0,14:33:5C:6D:AF:58,0,0,ARMED,72.0,0,1,80:02:9C:61:97:4B,11,7,347.0,,,,,80:02:9C:61:97:4A,0,0,NONE,2026-08-26T14:47:04.784354
45917,,-63,34,296,229,65292,42840,3523262,0,99,9,0,0,14:33:5C:6D:AF:58,0,0,ARMED,72.0,0,0,80:02:9C:61:97:4B,11,9,167.1,,,,,80:02:9C:61:97:4A,0,0,NONE,2026-08-26T14:47:05.227354
45917,,-56,41,2071,313,65292,42840,3523450,0,99,9,0,0,14:33:5C:6D:AF:58,0,0,ARMED,72.0,0,1,80:02:9C:61:97:4B,11,8,215.3,,,,,80:02:9C:61:97:4A,0,0,NONE,2026-08-26T14:47:05.415354
45917,BEACON,-86,11,0,3471,65292,42840,3524133,0,99,9,0,0,14:33:5C:6D:AF:58,0,0,ARMED,72.0,0,0,80:02:9C:61:97:4B,11,1,329.2,,,,,80:02:9C:61:97:4A,0,0,NONE,2026-08-26T14:47:06.098354
45917,,-93,4,40610,1725,65292,42840,3524606,0,99,9,0,0,14:33:5C:6D:AF:58,0,0,ARMED,72.0,0,1,80:02:9C:61:97:4B,11,3,44.8,,,,,80:02:9C:61:97:4A,0,0,NONE,2026-08-26T14:47:06.571354
45917,,40,40,0,0,65292,42840,3525099,0,99,9,0,0,14:33:5C:6D:AF:58,0,0,ARMED,72.0,0,1,80:02:9C:61:97:4B,11,8,168.5,,,,,80:02:9C:61:97:4A,0,0,NONE,2026-08-26T14:47:07.064354
45917,,-63,34,291,272,65292,42840,3525345,0,99,9,0,0,14:33:5C:6D:AF:58,0,0,ARMED,72.0,0,0,80:02:9C:61:97:4B,11,34,381.1,,,,,80:02:9C:61:97:4A,0,0,NONE,2026-08-26T14:47:07.310354
45917,,-91,6,0,2595,65292,42840,3525422,0,99,9,0,0,14:33:5C:6D:AF:58,0,1,ARMED,72.0,0,1,80:02:9C:61:97:4B,11,35,563.6,,,,,80:02:9C:61:97:4A,0,0,NONE,2026-08-26T14:47:07.387354
45917,,-91,6,4781,0,65292,42840,3525549,0,99,9,0,0,14:33:5C:6D:AF:58,0,1,ARMED,72.0,0,0,80:02:9C:61:97:4B,11,28,331.1,,,,,80:02:9C:61:97:4A,0,0,NONE,2026-08-26T14:47:07.514354
45917,,-56,41,0,1385,65292,42840,3525648,0,99,9,0,0,14:33:5C:6D:AF:58,1,1,ARMED,72.0,0,0,80:02:9C:61:97:4B,11,46,567.1,,,,,80:02:9C:61:97:4A,0,0,NONE,2026-08-26T14:47:07.613354
45917,,-56,41,0,1490,65292,42840,3525698,0,99,9,0,0,14:33:5C:6D:AF:58,1,1,ARMED,72.0,0,0,80:02:9C:61:97:4B,11,31,999.6,,,,,80:02:9C:61:97:4A,0,0,NONE,2026-08-26T14:47:07.663354
45917,,-90,7,0,737,65292,42840,3525965,0,99,9,0,0,14:33:5C:6D:AF:58,0,0,ARMED,72.0,0,1,80:02:9C:61:97:4B,11,11,116.8,,,,,80:02:9C:61:97:4A,0,0,NONE,2026-08-26T14:47:07.930354
45917,,-94,3,0,3729,65292,42840,3526666,0,99,9,0,0,14:33:5C:6D:AF:58,0,0,ARMED,72.0,0,1,80:02:9C:61:97:4B,11,5,101.8,,,,,80:02:9C:61:97:4A,0,0,NONE,2026-08-26T14:47:08.631354
45917,,-56,41,617,357,64936,42840,3527322,0,99,9,0,0,14:33:5C:6D:AF:58,0,0,ARMED,72.0,0,1,80:02:9C:61:97:4B,11,8,87.9,,,,,80:02:9C:61:97:4A,0,0,NONE,2026-08-26T14:47:09.287354
45917,,-63,34,291,316,65292,42840,3527891,0,99,9,0,0,14:33:5C:6D:AF:58,0,0,ARMED,72.0,0,0,80:02:9C:61:97:4B,11,19,219.0,,,,,80:02:9C:61:97:4A,0,0,NONE,2026-08-26T14:47:09.856354
45917,BEACON,-81,16,29986,1459,65292,42840,3528521,0,99,9,0,0,14:33:5C:6D:AF:58,0,0,ARMED,72.0,0,1,80:02:9C:61:97:4B,11,5,48.9,,,,,80:02:9C:61:97:4A,0,0,NONE,2026-08-26T14:47:10.486354
45917,,-56,41,838,222,65292,42840,3528875,0,99,9,0,0,14:33:5C:6D:AF:58,0,0,ARMED,72.0,0,1,80:02:9C:61:97:4B,11,25,527.6,,,,,80:02:9C:61:97:4A,0,0,NONE,2026-08-26T14:47:10.840354
45917,,-68,29,0,3531,65292,42840,3529002,0,99,9,0,0,14:33:5C:6D:AF:58,0,1,ARMED,72.0,0,0,80:02:9C:61:97:4B,11,43,601.5,,,,,80:02:9C:61:97:4A,0,0,NONE,2026-08-26T14:47:10.967354
45917,,-67,30,0,3538,65292,42840,3529124,0,99,9,0,0,14:33:5C:6D:AF:58,0,1,ARMED,72.0,0,0,80:02:9C:61:97:4B,11,39,429.1,,,,,80:02:9C:61:97:4A,0,0,NONE,2026-08-26T14:47:11.089354
45917,,-56,41,1068,241,65292,42840,3529169,0,99,9,0,0,14:33:5C:6D:AF:58,0,1,ARMED,72.0,0,0,80:02:9C:61:97:4B,11,37,1024.5,,,,,80:02:9C:61:97:4A,0,0,NONE,2026-08-26T14:47:11.134354
45917,,-68,29,0,3547,65292,42840,3529287,0,99,9,0,0,14:33:5C:6D:AF:58,0,1,ARMED,72.0,0,0,80:02:9C:61:97:4B,11,31,627.3,,,,,80:02:9C:61:97:4A,0,0,NONE,2026-08-26T14:47:11.252354
45917,BEACON,-65,32,0,3554,65292,42840,3529454,0,99,9,0,0,14:33:5C:6D:AF:58,0,0,ARMED,72.0,0,1,80:02:9C:61:97:4B,11,1,83.1,,,,,80:02:9C:61:97:4A,0,0,NONE,2026-08-26T14:47:11.419354
45917,,-80,17,54116,2359,65292,42840,3530358,0,99,9,0,0,14:33:5C:6D:AF:58,0,0,ARMED,72.0,0,1,80:02:9C:61:97:4B,11,6,62.0,,,,,80:02:9C:61:97:4A,0,0,NONE,2026-08-26T14:47:12.323354
45917,,-56,41,0,1898,63816,42840,3530505,0,99,9,0,0,14:33:5C:6D:AF:58,0,0,ARMED,72.0,0,0,80:02:9C:61:97:4B,11,22,614.4,,,,,80:02:9C:61:97:4A,0,0,NONE,2026-08-26T14:47:12.470354
45917,,-82,15,200663,2360,65292,42840,3530857,0,99,9,0,0,14:33:5C:6D:AF:58,0,0,ARMED,72.0,0,1,80:02:9C:61:97:4B,11,5,59.6,,,,,80:02:9C:61:97:4A,0,0,NONE,2026-08-26T14:47:12.822354
45917,,-56,41,0,253,65292,42840,3531173,0,99,9,0,0,14:33:5C:6D:AF:58,0,0,ARMED,72.0,0,0,80:02:9C:61:97:4B,11,26,281.3,,,,,80:02:9C:61:97:4A,0,0,NONE,2026-08-26T14:47:13.138354
45917,BEACON,-91,6,16144,828,65292,42840,3531839,0,99,9,0,0,14:33:5C:6D:AF:58,0,0,ARMED,72.0,0,1,80:02:9C:61:97:4B,11,5,168.3,,,,,80:02:9C:61:97:4A,0,0,NONE,2026-08-26T14:47:13.804354
45917,BEACON,-79,18,0,1494,65292,42840,3532105,0,99,9,0,0,14:33:5C:6D:AF:58,0,1,ARMED,72.0,0,1,80:02:9C:61:97:4B,11,11,118.8,,,,,80:02:9C:61:97:4A,0,0,NONE,2026-08-26T14:47:14.070354
45917,BEACON,-66,31,0,3587,65292,42840,3532629,0,99,9,0,0,14:33:5C:6D:AF:58,0,0,ARMED,72.0,0,1,80:02:9C:61:97:4B,11,15,206.1,,,,,80:02:9C:61:97:4A,0,0,NONE,2026-08-26T14:47:14.594354
45917,BEACON,-92,5,0,461,65292,42840,3532745,0,99,9,0,0,14:33:5C:6D:AF:58,0,1,ARMED,72.0,0,1,80:02:9C:61:97:4B,11,24,276.7,,,,,80:02:9C:61:97:4A,0,0,NONE,2026-08-26T14:47:14.710354
45917,BEACON,-91,6,0,468,65292,42840,3533360,0,99,9,0,0,14:33:5C:6D:AF:58,0,0,ARMED,72.0,0,1,80:02:9C:61:97:4B,11,3,34.6,,,,,80:02:9C:61:97:4A,0,0,NONE,2026-08-26T14:47:15.325354
45917,,40,40,0,0,65292,42840,3534067,0,99,9,0,0,14:33:5C:6D:AF:58,0,0,ARMED,72.0,0,0,80:02:9C:61:97:4B,11,6,77.1,,,,,80:02:9C:61:97:4A,0,0,NONE,2026-08-26T14:47:16.032354
45917,BEACON,-92,5,0,856,65292,42840,3534708,0,99,9,0,0,14:33:5C:6D:AF:58,0,0,ARMED,72.0,0,1,80:02:9C:61:97:4B,11,6,57.6,,,,,80:02:9C:61:97:4A,0,0,NONE,2026-08-26T14:47:16.673354
45917,BEACON,-91,6,1120,485,65292,42840,3535100,0,99,9,0,0,14:33:5C:6D:AF:58,0,0,ARMED,72.0,0,1,80:02:9C:61:97:4B,11,27,311.3,,,,,80:02:9C:61:97:4A,0,0,NONE,2026-08-26T14:47:17.065354
45917,,40,40,0,0,65292,42840,3535464,0,99,9,0,0,14:33:5C:6D:AF:58,0,0,ARMED,72.0,0,0,80:02:9C:61:97:4B,11,26,317.2,,,,,80:02:9C:61:97:4A,0,0,NONE,2026-08-26T14:47:17.429354
45917,BEACON,-87,10,0,3587,65292,42840,3536011,0,99,9,0,0,14:33:5C:6D:AF:58,0,0,ARMED,72.0,0,0,80:02:9C:61:97:4B,11,1,328.7,,,,,80:02:9C:61:97:4A,0,0,NONE,2026-08-26T14:47:17.976354
45917,,-63,34,292,463,65292,42840,3536150,0,99,9,0,0,14:33:5C:6D:AF:58,0,1,ARMED,72.0,0,0,80:02:9C:61:97:4B,11,8,189.7,,,,,80:02:9C:61:97:4A,0,0,NONE,2026-08-26T14:47:18.115354
45917,BEACON,-65,32,0,3631,65292,42840,3536524,0,99,9,0,0,14:33:5C:6D:AF:58,0,0,ARMED,72.0,0,0,80:02:9C:61:97:4B,11,2,372.0,,,,,80:02:9C:61:97:4A,0,0,NONE,2026-08-26T14:47:18.489354
45917,BEACON,-82,15,0,1543,65292,42840,3537124,0,99,9,0,0,14:33:5C:6D:AF:58,0,0,ARMED,72.0,0,1,80:02:9C:61:97:4B,11,4,43.5,,,,,80:02:9C:61:97:4A,0,0,NONE,2026-08-26T14:47:19.089354
45917,BEACON,-81,16,39993,1551,65292,42840,3537942,0,99,9,0,0,14:33:5C:6D:AF:58,0,0,ARMED,72.0,0,1,80:02:9C:61:97:4B,11,3,33.1,,,,,80:02:9C:61:97:4A,0,0,NONE,2026-08-26T14:47:19.907354
45917,BEACON,-81,16,1268,1556,65292,42840,3538454,0,99,9,0,0,14:33:5C:6D:AF:58,0,1,ARMED,72.0,0,1,80:02:9C:61:97:4B,11,4,52.5,,,,,80:02:9C:61:97:4A,0,0,NONE,2026-08-26T14:47:20.419354
45917,BEACON,-87,10,0,3617,65292,42840,3539083,0,99,9,0,0,14:33:5C:6D:AF:58,0,0,ARMED,72.0,0,0,80:02:9C:61:97:4B,11,16,174.8,,,,,80:02:9C:61:97:4A,0,0,NONE,2026-08-26T14:47:21.048354
45917,,-85,12,8908,2419,65292,42840,3539247,0,99,9,0,0,14:33:5C:6D:AF:58,0,0,ARMED,72.0,0,1,80:02:9C:61:97:4B,11,23,511.8,,,,,80:02:9C:61:97:4A,0,0,NONE,2026-08-26T14:47:21.212354
45917,,-62,35,0,510,65292,42840,3539500,0,99,9,0,0,14:33:5C:6D:AF:58,0,0,ARMED,72.0,0,0,80:02:9C:61:97:4B,11,27,282.0,,,,,80:02:9C:61:97:4A,0,0,NONE,2026-08-26T14:47:21.465354
45917,,-92,5,0,1288,65292,42840,3539895,0,99,9,0,0,14:33:5C:6D:AF:58,0,0,ARMED,72.0,0,1,80:02:9C:61:97:4B,11,2,245.5,,,,,80:02:9C:61:97:4A,0,0,NONE,2026-08-26T14:47:21.860354
45917,,40,40,0,0,65292,42840,3540355,0,99,9,0,0,14:33:5C:6D:AF:58,0,0,ARMED,72.0,0,0,80:02:9C:61:97:4B,11,12,207.3,,,,,80:02:9C:61:97:4A,0,0,NONE,2026-08-26T14:47:22.320354
45917,PROBE_RESP,-65,32,0,3682,65292,42840,3540947,0,99,9,0,0,14:33:5C:6D:AF:58,0,0,ARMED,72.0,0,0,80:02:9C:61:97:4B,11,7,196.6,,,,,80:02:9C:61:97:4A,0,0,NONE,2026-08-26T14:47:22.912354
45917,BEACON,-87,10,0,3639,65292,42840,3541336,0,99,9,0,0,14:33:5C:6D:AF:58,0,0,ARMED,72.0,0,0,80:02:9C:61:97:4B,11,2,133.2,,,,,80:02:9C:61:97:4A,0,0,NONE,2026-08-26T14:47:23.301354
45917,PROBE_REQ,-76,21,0,1573,65292,42840,3541712,0,99,9,0,0,14:33:5C:6D:AF:58,0,0,ARMED,72.0,0,1,80:02:9C:61:97:4B,11,11,127.8,,,,,80:02:9C:61:97:4A,0,0,NONE,2026-08-26T14:47:23.677354
45917,BEACON,-65,32,0,3702,65292,42840,3542459,0,99,9,0,0,14:33:5C:6D:AF:58,0,0,ARMED,72.0,0,1,80:02:9C:61:97:4B,11,1,83.5,,,,,80:02:9C:61:97:4A,0,0,NONE,2026-08-26T14:47:24.424354
45917,,40,40,0,0,65292,42840,3542788,0,99,9,0,0,14:33:5C:6D:AF:58,0,0,ARMED,72.0,0,1,80:02:9C:61:97:4B,11,8,236.0,,,,,80:02:9C:61:97:4A,0,0,NONE,2026-08-26T14:47:24.753354
45917,,-64,33,1088,571,65292,42840,3543071,0,99,9,0,0,14:33:5C:6D:AF:58,0,1,ARMED,72.0,0,0,80:02:9C:61:97:4B,11,13,1394.6,,,,,80:02:9C:61:97:4A,0,0,NONE,2026-08-26T14:47:25.036354
45917,BEACON,-92,5,0,568,65292,42840,3543600,0,99,9,0,0,14:33:5C:6D:AF:58,0,0,ARMED,72.0,0,1,80:02:9C:61:97:4B,11,3,115.5,,,,,80:02:9C:61:97:4A,0,0,NONE,2026-08-26T14:47:25.565354
45917,,39,39,0,0,65292,42840,3544065,0,99,9,0,0,14:33:5C:6D:AF:58,0,0,ARMED,72.0,0,0,80:02:9C:61:97:4B,11,10,122.8,,,,,80:02:9C:61:97:4A,0,0,NONE,2026-08-26T14:47:26.030354
45917,,-89,8,0,1475,65292,42840,3544224,0,99,9,0,0,14:33:5C:6D:AF:58,0,1,ARMED,72.0,0,1,80:02:9C:61:97:4B,11,14,407.2,,,,,80:02:9C:61:97:4A,0,0,NONE,2026-08-26T14:47:26.189354
45917,BEACON,-80,17,1995,1619,65292,42840,3544905,0,99,9,0,0,14:33:5C:6D:AF:58,0,0,ARMED,72.0,0,1,80:02:9C:61:97:4B,11,6,58.6,,,,,80:02:9C:61:97:4A,0,0,NONE,2026-08-26T14:47:26.870354
45917,,-63,34,292,577,65292,42840,3545287,0,99,9,0,0,14:33:5C:6D:AF:58,0,0,ARMED,72.0,0,0,80:02:9C:61:97:4B,11,17,225.6,,,,,80:02:9C:61:97:4A,0,0,NONE,2026-08-26T14:47:27.252354
45917,,40,40,0,0,65292,42840,3545426,0,99,9,0,0,14:33:5C:6D:AF:58,0,0,ARMED,72.0,0,1,80:02:9C:61:97:4B,11,2,210.2,,,,,80:02:9C:61:97:4A,0,0,NONE,2026-08-26T14:47:27.391354
45917,,-85,12,12673,4095,65292,42840,3545800,0,99,9,0,0,14:33:5C:6D:AF:58,0,0,ARMED,72.0,0,0,80:02:9C:61:97:4B,11,15,198.5,,,,,80:02:9C:61:97:4A,0,0,NONE,2026-08-26T14:47:27.765354
45917,BEACON,-81,16,0,1630,65292,42840,3546031,0,99,9,0,0,14:33:5C:6D:AF:58,0,1,ARMED,72.0,0,1,80:02:9C:61:97:4B,11,30,296.2,,,,,80:02:9C:61:97:4A,0,0,NONE,2026-08-26T14:47:27.996354
45917,,-56,41,1738,421,65292,42840,3546475,0,99,9,0,0,14:33:5C:6D:AF:58,0,0,ARMED,72.0,0,0,80:02:9C:61:97:4B,11,19,562.7,,,,,80:02:9C:61:97:4A,0,0,NONE,2026-08-26T14:47:28.440354
45917,,-83,14,157,2473,65220,42840,3547076,0,99,9,0,0,14:33:5C:6D:AF:58,0,0,ARMED,72.0,0,0,80:02:9C:61:97:4B,11,3,145.5,,,,,80:02:9C:61:97:4A,0,0,NONE,2026-08-26T14:47:29.041354
45917,,40,40,0,0,65292,42840,3547586,0,99,9,0,0,14:33:5C:6D:AF:58,0,0,ARMED,72.0,0,0,80:02:9C:61:97:4B,11,10,534.3,,,,,80:02:9C:61:97:4A,0,0,NONE,2026-08-26T14:47:29.551354
45917,BEACON,-65,32,0,3766,65292,42840,3548398,0,99,9,0,0,14:33:5C:6D:AF:58,0,0,ARMED,72.0,0,1,80:02:9C:61:97:4B,11,1,83.4,,,,,80:02:9C:61:97:4A,0,0,NONE,2026-08-26T14:47:30.363354
45917,PROBE_RESP,-67,30,0,3770,65292,42840,3548777,0,99,9,0,0,14:33:5C:6D:AF:58,1,0,ARMED,72.0,0,0,80:02:9C:61:97:4B,11,7,84.1,,,,,80:02:9C:61:97:4A,0,0,NONE,2026-08-26T14:47:30.742354
45917,PROBE_RESP,-83,14,0,3720,65292,42840,3549163,0,99,9,0,0,14:33:5C:6D:AF:58,0,0,ARMED,72.0,0,0,80:02:9C:61:97:4B,11,11,182.6,,,,,80:02:9C:61:97:4A,0,0,NONE,2026-08-26T14:47:31.128354
45917,BEACON,-89,8,0,629,65292,42840,3549641,0,99,9,0,0,14:33:5C:6D:AF:58,0,0,ARMED,72.0,0,1,80:02:9C:61:97:4B,11,2,76.8,,,,,80:02:9C:61:97:4A,0,0,NONE,2026-08-26T14:47:31.606354
45917,,-63,34,292,669,65292,42840,3550054,0,99,9,0,0,14:33:5C:6D:AF:58,0,0,ARMED,72.0,0,0,80:02:9C:61:97:4B,11,14,480.9,,,,,80:02:9C:61:97:4A,0,0,NONE,2026-08-26T14:47:32.019354
45917,BEACON,-90,7,11408,3728,65292,42840,3550447,0,99,9,0,0,14:33:5C:6D:AF:58,0,0,ARMED,72.0,0,1,80:02:9C:61:97:4B,11,1,85.3,,,,,80:02:9C:61:97:4A,0,0,NONE,2026-08-26T14:47:32.412354
45917,,40,40,0,0,65292,42840,3550973,0,99,9,0,0,14:33:5C:6D:AF:58,0,0,ARMED,72.0,0,1,80:02:9C:61:97:4B,11,3,114.4,,,,,80:02:9C:61:97:4A,0,0,NONE,2026-08-26T14:47:32.938354
45917,BEACON,-66,31,0,3803,65292,42840,3551675,0,99,9,0,0,14:33:5C:6D:AF:58,0,0,ARMED,72.0,0,1,80:02:9C:61:97:4B,11,1,83.2,,,,,80:02:9C:61:97:4A,0,0,NONE,2026-08-26T14:47:33.640354
45917,,-56,41,958,478,65292,42840,3552135,0,99,9,0,0,14:33:5C:6D:AF:58,0,0,ARMED,72.0,0,0,80:02:9C:61:97:4B,11,24,390.6,,,,,80:02:9C:61:97:4A,0,0,NONE,2026-08-26T14:47:34.100354
45917,,-56,41,950,481,65292,42840,3552845,0,99,9,0,0,14:33:5C:6D:AF:58,0,0,ARMED,72.0,0,0,80:02:9C:61:97:4B,11,18,325.3,,,,,80:02:9C:61:97:4A,0,0,NONE,2026-08-26T14:47:34.810354
45917,,-63,34,299,712,65292,42840,3553384,0,99,9,0,0,14:33:5C:6D:AF:58,0,0,ARMED,72.0,0,1,80:02:9C:61:97:4B,11,18,217.3,,,,,80:02:9C:61:97:4A,0,0,NONE,2026-08-26T14:47:35.349354
45917,,65,65,0,0,65292,42840,3553931,0,99,9,0,0,14:33:5C:6D:AF:58,0,0,ARMED,72.0,0,0,80:02:9C:61:97:4B,11,4,1248.0,,,,,80:02:9C:61:97:4A,0,0,NONE,2026-08-26T14:47:35.896354
45917,,-56,41,6241,505,65292,42840,3554797,0,99,9,0,0,14:33:5C:6D:AF:58,0,0,ARMED,72.0,0,1,80:02:9C:61:97:4B,11,4,80.8,,,,,80:02:9C:61:97:4A,0,0,NONE,2026-08-26T14:47:36.762354
45917,,-86,11,939,0,65292,42840,3555371,0,99,9,0,0,14:33:5C:6D:AF:58,0,0,ARMED,72.0,0,0,80:02:9C:61:97:4B,11,2,210.7,,,,,80:02:9C:61:97:4A,0,0,NONE,2026-08-26T14:47:37.336354
45917,,40,40,0,0,65292,42840,3555633,0,99,9,0,0,14:33:5C:6D:AF:58,0,0,ARMED,72.0,0,0,80:02:9C:61:97:4B,11,18,274.6,,,,,80:02:9C:61:97:4A,0,0,NONE,2026-08-26T14:47:37.598354
45917,,-85,12,211,2522,65292,42840,3556191,0,99,9,0,0,14:33:5C:6D:AF:58,0,0,ARMED,72.0,0,0,80:02:9C:61:97:4B,11,6,563.5,,,,,80:02:9C:61:97:4A,0,0,NONE,2026-08-26T14:47:38.156354
45917,,-84,13,12854,2529,65292,42840,3556569,0,99,9,0,0,14:33:5C:6D:AF:58,0,0,ARMED,72.0,0,1,80:02:9C:61:97:4B,11,9,111.9,,,,,80:02:9C:61:97:4A,0,0,NONE,2026-08-26T14:47:38.534354
45917,,-63,34,536,771,65292,42840,3556914,0,99,9,0,0,14:33:5C:6D:AF:58,0,0,ARMED,72.0,0,0,80:02:9C:61:97:4B,11,6,364.7,,,,,80:02:9C:61:97:4A,0,0,NONE,2026-08-26T14:47:38.879354
45917,PROBE_RESP,-65,32,0,3864,65292,42840,3557215,0,99,9,0,0,14:33:5C:6D:AF:58,0,0,ARMED,72.0,0,0,80:02:9C:61:97:4B,11,4,415.2,,,,,80:02:9C:61:97:4A,0,0,NONE,2026-08-26T14:47:39.180354
45917,BEACON,-66,31,0,3875,65292,42840,3558229,0,99,9,0,0,14:33:5C:6D:AF:58,0,0,ARMED,72.0,0,1,80:02:9C:61:97:4B,11,5,48.8,,,,,80:02:9C:61:97:4A,0,0,NONE,2026-08-26T14:47:40.194354
45917,,-56,41,2655,542,65292,42840,3558858,0,99,9,0,0,14:33:5C:6D:AF:58,0,0,ARMED,72.0,0,1,80:02:9C:61:97:4B,11,8,578.3,,,,,80:02:9C:61:97:4A,0,0,NONE,2026-08-26T14:47:40.823354
45917,BEACON,-93,4,0,1099,65292,42840,3559590,0,99,9,0,0,14:33:5C:6D:AF:58,0,0,ARMED,72.0,0,1,80:02:9C:61:97:4B,11,3,103.9,,,,,80:02:9C:61:97:4A,0,0,NONE,2026-08-26T14:47:41.555354
45917,PROBE_REQ,-87,10,0,2355,65292,42840,3559961,0,99,9,0,0,14:33:5C:6D:AF:58,0,1,ARMED,72.0,0,1,80:02:9C:61:97:4B,11,5,53.6,,,,,80:02:9C:61:97:4A,0,0,NONE,2026-08-26T14:47:41.926354
45917,,-63,34,292,815,65292,42840,3560349,0,99,9,0,0,14:33:5C:6D:AF:58,0,0,ARMED,72.0,0,0,80:02:9C:61:97:4B,11,24,410.9,,,,,80:02:9C:61:97:4A,0,0,NONE,2026-08-26T14:47:42.314354
45917,BEACON,-90,7,0,3827,65292,42840,3560585,0,99,9,0,0,14:33:5C:6D:AF:58,0,0,ARMED,72.0,0,1,80:02:9C:61:97:4B,11,8,98.5,,,,,80:02:9C:61:97:4A,0,0,NONE,2026-08-26T14:47:42.550354
45917,BEACON,-66,31,0,3908,65292,42840,3561099,0,99,9,0,0,14:33:5C:6D:AF:58,0,0,ARMED,72.0,0,1,80:02:9C:61:97:4B,11,4,52.9,,,,,80:02:9C:61:97:4A,0,0,NONE,2026-08-26T14:47:43.064354
45917,PROBE_RESP,-67,30,0,3916,65292,42840,3561779,0,99,9,0,0,14:33:5C:6D:AF:58,0,0,ARMED,72.0,0,1,80:02:9C:61:97:4B,11,2,51.9,,,,,80:02:9C:61:97:4A,0,0,NONE,2026-08-26T14:47:43.744354
45917,,-63,34,1819,837,65292,42840,3562340,0,99,9,0,0,14:33:5C:6D:AF:58,0,0,ARMED,72.0,0,0,80:02:9C:61:97:4B,11,13,148.6,,,,,80:02:9C:61:97:4A,0,0,NONE,2026-08-26T14:47:44.305354
45917,BEACON,-94,3,72,1132,65292,42840,3562969,0,99,9,0,0,14:33:5C:6D:AF:58,0,0,ARMED,72.0,0,1,80:02:9C:61:97:4B,11,11,263.6,,,,,80:02:9C:61:97:4A,0,0,NONE,2026-08-26T14:47:44.934354
45917,BEACON,-66,31,0,3937,65292,42840,3563554,0,99,9,0,0,14:33:5C:6D:AF:58,0,0,ARMED,72.0,0,1,80:02:9C:61:97:4B,11,9,88.7,,,,,80:02:9C:61:97:4A,0,0,NONE,2026-08-26T14:47:45.519354
45917,,-84,13,424,2568,65292,42840,3563785,0,99,9,0,0,14:33:5C:6D:AF:58,0,1,ARMED,72.0,0,1,80:02:9C:61:97:4B,11,15,574.8,,,,,80:02:9C:61:97:4A,0,0,NONE,2026-08-26T14:47:45.750354
45917,,40,40,0,0,65292,42840,3564176,0,99,9,0,0,14:33:5C:6D:AF:58,0,0,ARMED,72.0,0,1,80:02:9C:61:97:4B,11,2,263.5,,,,,80:02:9C:61:97:4A,0,0,NONE,2026-08-26T14:47:46.141354
45917,,40,40,0,0,65292,42840,3564797,0,99,9,0,0,14:33:5C:6D:AF:58,0,0,ARMED,72.0,0,1,80:02:9C:61:97:4B,11,3,222.2,,,,,80:02:9C:61:97:4A,0,0,NONE,2026-08-26T14:47:46.762354
45917,BEACON,-80,17,0,1818,65292,42840,3565284,0,99,9,0,0,14:33:5C:6D:AF:58,0,0,ARMED,72.0,0,1,80:02:9C:61:97:4B,11,16,174.4,,,,,80:02:9C:61:97:4A,0,0,NONE,2026-08-26T14:47:47.249354
45917,BEACON,-64,33,0,3961,65292,42840,3565809,0,99,9,0,0,14:33:5C:6D:AF:58,0,0,ARMED,72.0,0,1,80:02:9C:61:97:4B,11,1,481.0,,,,,80:02:9C:61:97:4A,0,0,NONE,2026-08-26T14:47:47.774354
45917,,-85,12,120599,2585,65276,42840,3566225,0,99,9,0,0,14:33:5C:6D:AF:58,0,0,ARMED,72.0,0,1,80:02:9C:61:97:4B,11,3,371.1,,,,,80:02:9C:61:97:4A,0,0,NONE,2026-08-26T14:47:48.190354
45917,BEACON,-91,6,9971,3886,65292,42840,3566626,0,99,9,0,0,14:33:5C:6D:AF:58,0,0,ARMED,72.0,0,1,80:02:9C:61:97:4B,11,6,58.6,,,,,80:02:9C:61:97:4A,0,0,NONE,2026-08-26T14:47:48.591354
45917,,-56,41,6223,631,65292,42840,3566877,0,99,9,0,0,14:33:5C:6D:AF:58,0,0,ARMED,72.0,0,1,80:02:9C:61:97:4B,11,6,132.2,,,,,80:02:9C:61:97:4A,0,0,NONE,2026-08-26T14:47:48.842354
45917,BEACON,-82,15,52,1837,65292,42840,3567228,0,99,9,0,0,14:33:5C:6D:AF:58,0,0,ARMED,72.0,0,1,80:02:9C:61:97:4B,11,30,334.6,,,,,80:02:9C:61:97:4A,0,0,NONE,2026-08-26T14:47:49.193354
45917,BEACON,-67,30,0,3985,65292,42840,3567652,0,99,9,0,0,14:33:5C:6D:AF:58,0,0,ARMED,72.0,0,1,80:02:9C:61:97:4B,11,1,481.7,,,,,80:02:9C:61:97:4A,0,0,NONE,2026-08-26T14:47:49.617354
45917,BEACON,-90,7,64297,817,65292,42840,3568380,0,99,9,0,0,14:33:5C:6D:AF:58,0,0,ARMED,72.0,0,1,80:02:9C:61:97:4B,11,2,150.8,,,,,80:02:9C:61:97:4A,0,0,NONE,2026-08-26T14:47:50.345354
45917,BEACON,-67,30,0,3999,65292,42840,3568881,0,99,9,0,0,14:33:5C:6D:AF:58,0,0,ARMED,72.0,0,1,80:02:9C:61:97:4B,11,1,475.1,,,,,80:02:9C:61:97:4A,0,0,NONE,2026-08-26T14:47:50.846354
45917,,-56,41,995,655,65292,42840,3569237,0,99,9,0,0,14:33:5C:6D:AF:58,0,0,ARMED,72.0,0,0,80:02:9C:61:97:4B,11,17,336.2,,,,,80:02:9C:61:97:4A,0,0,NONE,2026-08-26T14:47:51.202354
45917,BEACON,-92,5,0,3918,65292,42840,3569903,0,99,9,0,0,14:33:5C:6D:AF:58,0,0,ARMED,72.0,0,1,80:02:9C:61:97:4B,11,6,58.6,,,,,80:02:9C:61:97:4A,0,0,NONE,2026-08-26T14:47:51.868354
45917,BEACON,-66,31,0,4014,65292,42840,3570315,0,99,9,0,0,14:33:5C:6D:AF:58,0,1,ARMED,72.0,0,1,80:02:9C:61:97:4B,11,1,478.7,,,,,80:02:9C:61:97:4A,0,0,NONE,2026-08-26T14:47:52.280354
45917,,40,40,0,0,65292,42840,3570473,0,99,9,0,0,14:33:5C:6D:AF:58,0,1,ARMED,72.0,0,0,80:02:9C:61:97:4B,11,22,380.1,,,,,80:02:9C:61:97:4A,0,0,NONE,2026-08-26T14:47:52.438354
45917,,-63,34,0,959,65292,42840,3570743,0,99,9,0,0,14:33:5C:6D:AF:58,0,0,ARMED,72.0,0,0,80:02:9C:61:97:4B,11,8,430.3,,,,,80:02:9C:61:97:4A,0,0,NONE,2026-08-26T14:47:52.708354
45917,BEACON,-65,32,0,4020,65292,42840,3570929,0,99,9,0,0,14:33:5C:6D:AF:58,0,0,ARMED,72.0,0,1,80:02:9C:61:97:4B,11,1,479.6,,,,,80:02:9C:61:97:4A,0,0,NONE,2026-08-26T14:47:52.894354
45917,,-83,14,19649,2623,65220,42840,3571141,0,99,9,0,0,14:33:5C:6D:AF:58,0,0,ARMED,72.0,0,1,80:02:9C:61:97:4B,11,2,225.5,,,,,80:02:9C:61:97:4A,0,0,NONE,2026-08-26T14:47:53.106354
45917,,65,65,0,0,65292,42840,3571687,0,99,9,0,0,14:33:5C:6D:AF:58,0,0,ARMED,72.0,0,0,80:02:9C:61:97:4B,11,8,187.2,,,,,80:02:9C:61:97:4A,0,0,NONE,2026-08-26T14:47:53.652354
45917,,-88,9,0,805,65292,42840,3572050,0,99,9,0,0,14:33:5C:6D:AF:58,0,1,ARMED,72.0,0,1,80:02:9C:61:97:4B,11,6,60.8,,,,,80:02:9C:61:97:4A,0,0,NONE,2026-08-26T14:47:54.015354
45917,,-65,32,0,4038,63560,42840,3572567,0,99,9,0,0,14:33:5C:6D:AF:58,0,0,ARMED,72.0,0,0,80:02:9C:61:97:4B,11,7,93.0,,,,,80:02:9C:61:97:4A,0,0,NONE,2026-08-26T14:47:54.532354
45917,BEACON,-90,7,0,3952,65292,42840,3573385,0,99,9,0,0,14:33:5C:6D:AF:58,0,0,ARMED,72.0,0,1,80:02:9C:61:97:4B,11,1,78.0,,,,,80:02:9C:61:97:4A,0,0,NONE,2026-08-26T14:47:55.350354
45917,BEACON,-80,17,81,1900,65292,42840,3573679,0,99,9,0,0,14:33:5C:6D:AF:58,0,0,ARMED,72.0,0,1,80:02:9C:61:97:4B,11,9,87.9,,,,,80:02:9C:61:97:4A,0,0,NONE,2026-08-26T14:47:55.644354
45917,MGMT_OTHER,-84,13,0,0,65236,42840,3574212,0,99,9,0,0,14:33:5C:6D:AF:58,0,0,ARMED,72.0,0,0,80:02:9C:61:97:4B,11,6,288.4,,,,,80:02:9C:61:97:4A,0,0,NONE,2026-08-26T14:47:56.177354
45917,,-56,41,977,727,65292,42840,3574345,0,99,9,0,0,14:33:5C:6D:AF:58,0,1,ARMED,72.0,0,0,80:02:9C:61:97:4B,11,20,390.7,,,,,80:02:9C:61:97:4A,0,0,NONE,2026-08-26T14:47:56.310354
45917,BEACON,-92,5,0,3966,65292,42840,3574818,0,99,9,0,0,14:33:5C:6D:AF:58,0,0,ARMED,72.0,0,1,80:02:9C:61:97:4B,11,1,78.2,,,,,80:02:9C:61:97:4A,0,0,NONE,2026-08-26T14:47:56.783354
45917,,-56,41,3266,2285,65292,42840,3575344,0,99,9,0,0,14:33:5C:6D:AF:58,0,0,ARMED,72.0,0,1,80:02:9C:61:97:4B,11,15,561.8,,,,,80:02:9C:61:97:4A,0,0,NONE,2026-08-26T14:47:57.309354
45917,BEACON,-93,4,2080,1258,65292,42840,3575871,0,99,9,0,0,14:33:5C:6D:AF:58,0,0,ARMED,72.0,0,1,80:02:9C:61:97:4B,11,5,119.7,,,,,80:02:9C:61:97:4A,0,0,NONE,2026-08-26T14:47:57.836354
45917,PROBE_REQ,-91,6,0,1084,65292,42840,3576208,0,99,9,0,0,14:33:5C:6D:AF:58,0,0,ARMED,72.0,0,1,80:02:9C:61:97:4B,11,14,196.7,,,,,80:02:9C:61:97:4A,0,0,NONE,2026-08-26T14:47:58.173354
45917,BEACON,-82,15,53637,1929,65292,42840,3576649,0,99,9,0,0,14:33:5C:6D:AF:58,0,0,ARMED,72.0,0,1,80:02:9C:61:97:4B,11,17,189.4,,,,,80:02:9C:61:97:4A,0,0,NONE,2026-08-26T14:47:58.614354
45917,MGMT_OTHER,-91,6,162397,4055,65292,42840,3576985,0,99,9,0,0,14:33:5C:6D:AF:58,0,0,ARMED,72.0,0,1,80:02:9C:61:97:4B,11,1,279.7,,,,,80:02:9C:61:97:4A,0,0,NONE,2026-08-26T14:47:58.950354
45917,,-63,34,291,1078,65292,42840,3577647,0,99,9,0,0,14:33:5C:6D:AF:58,0,0,ARMED,72.0,0,0,80:02:9C:61:97:4B,11,9,176.4,,,,,80:02:9C:61:97:4A,0,0,NONE,2026-08-26T14:47:59.612354
45917,,-56,41,0,774,65292,42840,3577707,0,99,9,0,0,14:33:5C:6D:AF:58,0,1,ARMED,72.0,0,0,80:02:9C:61:97:4B,11,17,2095.4,,,,,80:02:9C:61:97:4A,0,0,NONE,2026-08-26T14:47:59.672354
45917,,12,12,0,0,65292,42840,3578493,0,99,9,0,0,14:33:5C:6D:AF:58,0,0,ARMED,72.0,0,0,80:02:9C:61:97:4B,11,8,104.6,,,,,80:02:9C:61:97:4A,0,0,NONE,2026-08-26T14:48:00.458354
45917,BEACON,-92,5,0,1287,65292,42840,3578841,0,99,9,0,0,14:33:5C:6D:AF:58,0,0,ARMED,72.0,0,1,80:02:9C:61:97:4B,11,1,63.4,,,,,80:02:9C:61:97:4A,0,0,NONE,2026-08-26T14:48:00.806354
45917,BEACON,-81,16,0,1958,65292,42840,3579618,0,99,9,0,0,14:33:5C:6D:AF:58,0,0,ARMED,72.0,0,1,80:02:9C:61:97:4B,11,6,58.6,,,,,80:02:9C:61:97:4A,0,0,NONE,2026-08-26T14:48:01.583354
45917,BEACON,-66,31,0,28,65292,42840,3580043,0,99,9,0,0,14:33:5C:6D:AF:58,0,0,ARMED,72.0,0,1,80:02:9C:61:97:4B,11,2,135.4,,,,,80:02:9C:61:97:4A,0,0,NONE,2026-08-26T14:48:02.008354
45917,,40,40,0,0,65292,42840,3580545,0,99,9,0,0,14:33:5C:6D:AF:58,0,0,ARMED,72.0,0,1,80:02:9C:61:97:4B,11,1,180.4,,,,,80:02:9C:61:97:4A,0,0,NONE,2026-08-26T14:48:02.510354
45917,,-63,34,1039,1131,65292,42840,3581127,0,99,9,0,0,14:33:5C:6D:AF:58,0,0,ARMED,72.0,0,1,80:02:9C:61:97:4B,11,16,213.8,,,,,80:02:9C:61:97:4A,0,0,NONE,2026-08-26T14:48:03.092354
45917,,-56,41,0,801,65292,42840,3581390,0,99,9,0,0,14:33:5C:6D:AF:58,0,0,ARMED,72.0,0,1,80:02:9C:61:97:4B,11,12,383.0,,,,,80:02:9C:61:97:4A,0,0,NONE,2026-08-26T14:48:03.355354
45917,BEACON,-96,1,0,1316,65292,42840,3581810,0,99,9,0,0,14:33:5C:6D:AF:58,0,0,ARMED,72.0,0,1,80:02:9C:61:97:4B,11,4,95.9,,,,,80:02:9C:61:97:4A,0,0,NONE,2026-08-26T14:48:03.775354
45917,,-63,34,0,1160,65292,42840,3582180,0,99,9,0,0,14:33:5C:6D:AF:58,0,0,ARMED,72.0,0,0,80:02:9C:61:97:4B,11,3,2429.1,,,,,80:02:9C:61:97:4A,0,0,NONE,2026-08-26T14:48:04.145354
45917,PROBE_RESP,-81,16,0,3733,65292,42840,3582503,0,99,9,0,0,14:33:5C:6D:AF:58,0,0,ARMED,72.0,0,1,80:02:9C:61:97:4B,11,7,373.2,,,,,80:02:9C:61:97:4A,0,0,NONE,2026-08-26T14:48:04.468354
45917,PROBE_RESP,-81,16,0,3738,65292,42840,3583195,0,99,9,0,0,14:33:5C:6D:AF:58,0,0,ARMED,72.0,0,0,80:02:9C:61:97:4B,11,6,63.2,,,,,80:02:9C:61:97:4A,0,0,NONE,2026-08-26T14:48:05.160354
45917,,40,40,0,0,65292,42840,3583592,0,99,9,0,0,14:33:5C:6D:AF:58,0,0,ARMED,72.0,0,0,80:02:9C:61:97:4B,11,8,115.3,,,,,80:02:9C:61:97:4A,0,0,NONE,2026-08-26T14:48:05.557354
45917,BEACON,-92,5,0,1338,65292,42840,3584063,0,99,9,0,0,14:33:5C:6D:AF:58,0,0,ARMED,72.0,0,1,80:02:9C:61:97:4B,11,3,103.0,,,,,80:02:9C:61:97:4A,0,0,NONE,2026-08-26T14:48:06.028354
45917,PROBE_RESP,-65,32,0,79,65292,42840,3584393,0,99,9,0,0,14:33:5C:6D:AF:58,0,0,ARMED,72.0,0,0,80:02:9C:61:97:4B,11,10,194.3,,,,,80:02:9C:61:97:4A,0,0,NONE,2026-08-26T14:48:06.358354
45917,,-63,34,0,1219,65292,42840,3584721,0,99,9,0,0,14:33:5C:6D:AF:58,0,0,ARMED,72.0,0,0,80:02:9C:61:97:4B,11,15,202.7,,,,,80:02:9C:61:97:4A,0,0,NONE,2026-08-26T14:48:06.686354
45917,,-63,34,0,1242,65292,42840,3584898,0,99,9,0,0,14:33:5C:6D:AF:58,0,0,ARMED,72.0,0,0,80:02:9C:61:97:4B,11,31,686.7,,,,,80:02:9C:61:97:4A,0,0,NONE,2026-08-26T14:48:06.863354
45917,,40,40,0,0,65292,42840,3585403,0,99,9,0,0,14:33:5C:6D:AF:58,0,0,ARMED,72.0,0,0,80:02:9C:61:97:4B,11,6,159.1,,,,,80:02:9C:61:97:4A,0,0,NONE,2026-08-26T14:48:07.368354
45917,,-82,15,283,2701,65292,42840,3585685,0,99,9,0,0,14:33:5C:6D:AF:58,0,1,ARMED,72.0,0,0,80:02:9C:61:97:4B,11,16,1302.6,,,,,80:02:9C:61:97:4A,0,0,NONE,2026-08-26T14:48:07.650354
45917,,-75,22,4405,2705,65292,42840,3586012,0,99,9,0,0,14:33:5C:6D:AF:58,0,0,ARMED,72.0,0,1,80:02:9C:61:97:4B,11,7,207.5,,,,,80:02:9C:61:97:4A,0,0,NONE,2026-08-26T14:48:07.977354
45917,BEACON,-89,8,0,2067,65300,42840,3586279,0,99,9,0,0,14:33:5C:6D:AF:58,0,0,ARMED,72.0,0,1,80:02:9C:61:97:4B,11,17,189.6,,,,,80:02:9C:61:97:4A,0,0,NONE,2026-08-26T14:48:08.244354
45917,BEACON,-57,40,4984,132,65300,42840,3586390,0,99,9,0,0,14:33:5C:6D:AF:58,0,0,ARMED,72.0,0,1,80:02:9C:61:97:4B,11,49,516.8,,,,,80:02:9C:61:97:4A,0,0,NONE,2026-08-26T14:48:08.355354
45917,,-52,45,0,1074,65300,42840,3586575,0,99,9,0,0,14:33:5C:6D:AF:58,0,1,ARMED,72.0,0,0,80:02:9C:61:97:4B,11,10,174.2,,,,,80:02:9C:61:97:4A,0,0,NONE,2026-08-26T14:48:08.540354
45917,,-52,45,0,1338,65300,42840,3586773,0,99,9,0,0,14:33:5C:6D:AF:58,0,1,ARMED,72.0,0,0,80:02:9C:61:97:4B,11,2,244.6,,,,,80:02:9C:61:97:4A,0,0,NONE,2026-08-26T14:48:08.738354
45917,BEACON,-88,9,7266,1332,65300,42840,3587008,0,99,9,0,0,14:33:5C:6D:AF:58,0,0,ARMED,72.0,0,1,80:02:9C:61:97:4B,11,8,299.3,,,,,80:02:9C:61:97:4A,0,0,NONE,2026-08-26T14:48:08.973354
45917,,-78,19,202,2711,65300,42840,3587218,0,99,9,0,0,14:33:5C:6D:AF:58,0,0,ARMED,72.0,0,0,80:02:9C:61:97:4B,11,22,621.0,,,,,80:02:9C:61:97:4A,0,0,NONE,2026-08-26T14:48:09.183354
45917,BEACON,-83,14,0,3061,65300,42840,3587447,0,99,9,0,0,14:33:5C:6D:AF:58,0,0,ARMED,72.0,0,1,80:02:9C:61:97:4B,11,15,236.6,,,,,80:02:9C:61:97:4A,0,0,NONE,2026-08-26T14:48:09.412354
45917,,-85,12,7339,434,65300,42840,3587671,0,99,9,0,0,14:33:5C:6D:AF:58,0,0,ARMED,72.0,0,1,80:02:9C:61:97:4B,11,16,260.4,,,,,80:02:9C:61:97:4A,0,0,NONE,2026-08-26T14:48:09.636354
45917,BEACON,-88,9,0,1341,65300,42840,3587930,0,99,9,0,0,14:33:5C:6D:AF:58,0,0,ARMED,72.0,0,1,80:02:9C:61:97:4B,11,4,304.7,,,,,80:02:9C:61:97:4A,0,0,NONE,2026-08-26T14:48:09.895354
45917,BEACON,-92,5,0,2086,65300,42840,3588224,0,99,9,0,0,14:33:5C:6D:AF:58,0,0,ARMED,72.0,0,1,80:02:9C:61:97:4B,11,18,175.7,,,,,80:02:9C:61:97:4A,0,0,NONE,2026-08-26T14:48:10.189354
45917,,-75,22,18985,2720,65300,42840,3588534,0,99,9,0,0,14:33:5C:6D:AF:58,0,0,ARMED,72.0,0,1,80:02:9C:61:97:4B,11,14,145.3,,,,,80:02:9C:61:97:4A,0,0,NONE,2026-08-26T14:48:10.499354
45917,BEACON,-93,4,0,3244,65300,42840,3588890,0,99,9,0,0,14:33:5C:6D:AF:58,0,0,ARMED,72.0,0,1,80:02:9C:61:97:4B,11,5,143.6,,,,,80:02:9C:61:97:4A,0,0,NONE,2026-08-26T14:48:10.855354
45917,,-91,6,23951,2050,65300,42840,3589180,0,99,9,0,0,14:33:5C:6D:AF:58,0,0,ARMED,72.0,0,1,80:02:9C:61:97:4B,11,2,118.8,,,,,80:02:9C:61:97:4A,0,0,NONE,2026-08-26T14:48:11.145354
45917,PROBE_RESP,-58,39,268,166,65300,42840,3589415,0,99,9,0,0,14:33:5C:6D:AF:58,0,0,ARMED,72.0,0,0,80:02:9C:61:97:4B,11,15,313.4,,,,,80:02:9C:61:97:4A,0,0,NONE,2026-08-26T14:48:11.380354
45917,BEACON,-58,39,0,171,65300,42840,3589563,0,99,9,0,0,14:33:5C:6D:AF:58,0,0,ARMED,72.0,0,1,80:02:9C:61:97:4B,11,38,408.4,,,,,80:02:9C:61:97:4A,0,0,NONE,2026-08-26T14:48:11.528354
45917,,-90,7,2366,0,65300,42840,3589790,0,99,9,0,0,14:33:5C:6D:AF:58,0,0,ARMED,72.0,0,0,80:02:9C:61:97:4B,11,2,555.9,,,,,80:02:9C:61:97:4A,0,0,NONE,2026-08-26T14:48:11.755354
45917,,-90,7,6647,0,65300,42840,3590058,0,99,9,0,0,14:33:5C:6D:AF:58,0,0,ARMED,72.0,0,0,80:02:9C:61:97:4B,11,12,183.7,,,,,80:02:9C:61:97:4A,0,0,NONE,2026-08-26T14:48:12.023354
45917,,-52,45,0,1958,65300,42840,3590255,0,99,9,0,0,14:33:5C:6D:AF:58,0,0,ARMED,72.0,0,1,80:02:9C:61:97:4B,11,19,342.3,,,,,80:02:9C:61:97:4A,0,0,NONE,2026-08-26T14:48:12.220354
45917,BEACON,-84,13,0,2597,65300,42840,3590424,0,99,9,0,0,14:33:5C:6D:AF:58,0,1,ARMED,72.0,0,1,80:02:9C:61:97:4B,11,3,225.5,,,,,80:02:9C:61:97:4A,0,0,NONE,2026-08-26T14:48:12.389354
45917,BEACON,-85,12,18096,2599,65300,42840,3590629,0,99,9,0,0,14:33:5C:6D:AF:58,0,1,ARMED,72.0,0,1,80:02:9C:61:97:4B,11,29,268.6,,,,,80:02:9C:61:97:4A,0,0,NONE,2026-08-26T14:48:12.594354
45917,,44,44,0,1023,65300,42840,3590785,0,99,9,0,0,14:33:5C:6D:AF:58,0,1,ARMED,72.0,0,1,80:02:9C:61:97:4B,11,14,264.7,,,,,80:02:9C:61:97:4A,0,0,NONE,2026-08-26T14:48:12.750354
45917,BEACON,-88,9,11017,328,65300,42840,3591015,0,99,9,0,0,14:33:5C:6D:AF:58,0,1,ARMED,72.0,0,0,80:02:9C:61:97:4B,11,9,113.6,,,,,80:02:9C:61:97:4A,0,0,NONE,2026-08-26T14:48:12.980354
45917,BEACON,-95,2,0,3268,65300,42840,3591298,0,99,9,0,0,14:33:5C:6D:AF:58,0,0,ARMED,72.0,0,1,80:02:9C:61:97:4B,11,13,238.4,,,,,80:02:9C:61:97:4A,0,0,NONE,2026-08-26T14:48:13.263354
45917,,-57,40,0,193,63568,42840,3591510,0,99,9,0,0,14:33:5C:6D:AF:58,0,1,ARMED,72.0,0,0,80:02:9C:61:97:4B,11,8,129.8,,,,,80:02:9C:61:97:4A,0,0,NONE,2026-08-26T14:48:13.475354
45917,,6,6,0,1023,65300,42840,3591783,0,99,9,0,0,14:33:5C:6D:AF:58,0,0,ARMED,72.0,0,1,80:02:9C:61:97:4B,11,5,182.8,,,,,80:02:9C:61:97:4A,0,0,NONE,2026-08-26T14:48:13.748354
45917,,5,5,0,1023,65300,42840,3591947,0,99,9,0,0,14:33:5C:6D:AF:58,0,1,ARMED,72.0,0,1,80:02:9C:61:97:4B,11,21,236.0,,,,,80:02:9C:61:97:4A,0,0,NONE,2026-08-26T14:48:13.912354
45917,BEACON,-88,9,9672,1383,65300,42840,3592230,0,99,9,0,0,14:33:5C:6D:AF:58,0,0,ARMED,72.0,0,1,80:02:9C:61:97:4B,11,11,168.2,,,,,80:02:9C:61:97:4A,0,0,NONE,2026-08-26T14:48:14.195354
45917,BEACON,-93,4,13729,3280,65300,42840,3592501,0,99,9,0,0,14:33:5C:6D:AF:58,0,0,ARMED,72.0,0,1,80:02:9C:61:97:4B,11,4,133.6,,,,,80:02:9C:61:97:4A,0,0,NONE,2026-08-26T14:48:14.466354
45917,BEACON,-90,7,0,2133,65300,42840,3592729,0,99,9,0,0,14:33:5C:6D:AF:58,0,1,ARMED,72.0,0,1,80:02:9C:61:97:4B,11,3,89.4,,,,,80:02:9C:61:97:4A,0,0,NONE,2026-08-26T14:48:14.694354
45917,BEACON,-90,7,2881,2136,65300,42840,3593037,0,99,9,0,0,14:33:5C:6D:AF:58,0,0,ARMED,72.0,0,1,80:02:9C:61:97:4B,11,2,73.4,,,,,80:02:9C:61:97:4A,0,0,NONE,2026-08-26T14:48:15.002354
45917,BEACON,-93,4,0,2022,65300,42840,3593304,0,99,9,0,0,14:33:5C:6D:AF:58,0,0,ARMED,72.0,0,1,80:02:9C:61:97:4B,11,22,314.7,,,,,80:02:9C:61:97:4A,0,0,NONE,2026-08-26T14:48:15.269354
45917,,-90,7,27542,0,65300,42840,3593538,0,99,9,0,0,14:33:5C:6D:AF:58,1,0,ARMED,72.0,0,0,80:02:9C:61:97:4B,11,25,271.9,,,,,80:02:9C:61:97:4A,0,0,NONE,2026-08-26T14:48:15.503354
45917,BEACON,-97,0,2623,2013,65300,42840,3593816,0,99,9,0,0,14:33:5C:6D:AF:58,0,0,ARMED,72.0,0,1,80:02:9C:61:97:4B,11,14,222.4,,,,,80:02:9C:61:97:4A,0,0,NONE,2026-08-26T14:48:15.781354
45917,BEACON,-84,13,0,1487,65300,42840,3594004,0,99,9,0,0,14:33:5C:6D:AF:58,1,1,ARMED,72.0,0,1,80:02:9C:61:97:4B,11,11,238.9,,,,,80:02:9C:61:97:4A,0,0,NONE,2026-08-26T14:48:15.969354
45917,BEACON,-57,40,685,222,65300,42840,3594274,0,99,9,0,0,14:33:5C:6D:AF:58,0,0,ARMED,72.0,0,1,80:02:9C:61:97:4B,11,2,245.2,,,,,80:02:9C:61:97:4A,0,0,NONE,2026-08-26T14:48:16.239354
45917,BEACON,-85,12,0,2637,65300,42840,3594520,0,99,9,0,0,14:33:5C:6D:AF:58,0,0,ARMED,72.0,0,1,80:02:9C:61:97:4B,11,14,279.6,,,,,80:02:9C:61:97:4A,0,0,NONE,2026-08-26T14:48:16.485354
45917,,4,4,0,1023,65300,42840,3594768,0,99,9,0,0,14:33:5C:6D:AF:58,1,1,ARMED,72.0,0,1,80:02:9C:61:97:4B,11,16,187.6,,,,,80:02:9C:61:97:4A,0,0,NONE,2026-08-26T14:48:16.733354
45917,,-92,5,23273,0,65300,42840,3595116,0,99,9,0,0,14:33:5C:6D:AF:58,0,0,ARMED,72.0,0,0,80:02:9C:61:97:4B,11,2,141.3,,,,,80:02:9C:61:97:4A,0,0,NONE,2026-08-26T14:48:17.081354
45917,,-52,45,0,3032,65300,42840,3595292,0,99,9,0,0,14:33:5C:6D:AF:58,0,0,ARMED,72.0,0,0,80:02:9C:61:97:4B,11,33,376.4,,,,,80:02:9C:61:97:4A,0,0,NONE,2026-08-26T14:48:17.257354
45917,,-77,20,0,2989,65300,42840,3595448,0,99,9,0,0,14:33:5C:6D:AF:58,0,1,ARMED,72.0,0,0,80:02:9C:61:97:4B,11,6,290.5,,,,,80:02:9C:61:97:4A,0,0,NONE,2026-08-26T14:48:17.413354
45917,,5,5,0,1023,65300,42840,3595607,0,99,9,0,0,14:33:5C:6D:AF:58,0,1,ARMED,72.0,0,1,80:02:9C:61:97:4B,11,20,284.9,,,,,80:02:9C:61:97:4A,0,0,NONE,2026-08-26T14:48:17.572354
45917,,-59,38,4353,241,65300,42840,3595742,0,99,9,0,0,14:33:5C:6D:AF:58,0,1,ARMED,72.0,0,0,80:02:9C:61:97:4B,11,39,393.6,,,,,80:02:9C:61:97:4A,0,0,NONE,2026-08-26T14:48:17.707354
45917,BEACON,-90,7,0,408,65300,42840,3595819,0,99,9,0,0,14:33:5C:6D:AF:58,0,1,ARMED,72.0,0,1,80:02:9C:61:97:4B,11,49,663.2,,,,,80:02:9C:61:97:4A,0,0,NONE,2026-08-26T14:48:17.784354
45917,,44,44,0,1023,65300,42840,3595991,0,99,9,0,0,14:33:5C:6D:AF:58,0,1,ARMED,72.0,0,1,80:02:9C:61:97:4B,11,7,175.0,,,,,80:02:9C:61:97:4A,0,0,NONE,2026-08-26T14:48:17.956354
45917,,-53,44,0,234,65300,42840,3596141,0,99,9,0,0,14:33:5C:6D:AF:58,0,0,ARMED,72.0,0,0,80:02:9C:61:97:4B,11,31,367.0,,,,,80:02:9C:61:97:4A,0,0,NONE,2026-08-26T14:48:18.106354
45917,,-52,45,0,362,65300,42840,3596190,0,99,9,0,0,14:33:5C:6D:AF:58,0,1,ARMED,72.0,0,0,80:02:9C:61:97:4B,11,49,1514.4,,,,,80:02:9C:61:97:4A,0,0,NONE,2026-08-26T14:48:18.155354
45917,,-52,45,2467,416,65300,42840,3596220,0,99,9,0,0,14:33:5C:6D:AF:58,0,1,ARMED,72.0,0,1,80:02:9C:61:97:4B,11,99,1567.8,,,,,80:02:9C:61:97:4A,0,0,NONE,2026-08-26T14:48:18.185354
45917,,-91,6,18680,0,65300,42840,3596470,0,99,9,0,0,14:33:5C:6D:AF:58,0,0,ARMED,72.0,0,0,80:02:9C:61:97:4B,11,1,212.0,,,,,80:02:9C:61:97:4A,0,0,NONE,2026-08-26T14:48:18.435354
45917,BEACON,-86,11,0,1436,65300,42840,3596736,0,99,9,0,0,14:33:5C:6D:AF:58,1,1,ARMED,72.0,0,1,80:02:9C:61:97:4B,11,8,122.6,,,,,80:02:9C:61:97:4A,0,0,NONE,2026-08-26T14:48:18.701354
45917,BEACON,-88,9,7479,2175,65300,42840,3597030,0,99,9,0,0,14:33:5C:6D:AF:58,0,0,ARMED,72.0,0,1,80:02:9C:61:97:4B,11,7,133.5,,,,,80:02:9C:61:97:4A,0,0,NONE,2026-08-26T14:48:18.995354
45917,,-89,8,12460,0,65300,42840,3597271,0,99,9,0,0,14:33:5C:6D:AF:58,0,0,ARMED,72.0,0,0,80:02:9C:61:97:4B,11,17,193.1,,,,,80:02:9C:61:97:4A,0,0,NONE,2026-08-26T14:48:19.236354
45917,BEACON,-96,1,0,443,65300,42840,3597612,0,99,9,0,0,14:33:5C:6D:AF:58,0,0,ARMED,72.0,0,1,80:02:9C:61:97:4B,11,1,51.1,,,,,80:02:9C:61:97:4A,0,0,NONE,2026-08-26T14:48:19.577354
45917,MGMT_OTHER,-86,11,4813,360,65300,42840,3597902,0,99,9,0,0,14:33:5C:6D:AF:58,0,0,ARMED,72.0,0,0,80:02:9C:61:97:4B,11,2,925.1,,,,,80:02:9C:61:97:4A,0,0,NONE,2026-08-26T14:48:19.867354
45917,BEACON,-84,13,0,2673,65300,42840,3598207,0,99,9,0,0,14:33:5C:6D:AF:58,0,0,ARMED,72.0,0,1,80:02:9C:61:97:4B,11,18,177.2,,,,,80:02:9C:61:97:4A,0,0,NONE,2026-08-26T14:48:20.172354
45917,,-52,45,0,423,65300,42840,3598318,0,99,9,0,0,14:33:5C:6D:AF:58,0,0,ARMED,72.0,0,0,80:02:9C:61:97:4B,11,29,2433.7,,,,,80:02:9C:61:97:4A,0,0,NONE,2026-08-26T14:48:20.283354
45917,BEACON,-89,8,0,434,65300,42840,3598482,0,99,9,0,0,14:33:5C:6D:AF:58,0,1,ARMED,72.0,0,1,80:02:9C:61:97:4B,11,9,127.6,,,,,80:02:9C:61:97:4A,0,0,NONE,2026-08-26T14:48:20.447354
45917,MGMT_OTHER,-89,8,1597,3816,65300,42840,3598731,0,99,9,0,0,14:33:5C:6D:AF:58,0,0,ARMED,72.0,0,1,80:02:9C:61:97:4B,11,6,493.5,,,,,80:02:9C:61:97:4A,0,0,NONE,2026-08-26T14:48:20.696354
45917,,-90,7,0,0,65300,42840,3598968,0,99,9,0,0,14:33:5C:6D:AF:58,0,0,ARMED,72.0,0,0,80:02:9C:61:97:4B,11,6,154.7,,,,,80:02:9C:61:97:4A,0,0,NONE,2026-08-26T14:48:20.933354
45917,PROBE_REQ,-90,7,142,0,65300,42840,3599292,0,99,9,0,0,14:33:5C:6D:AF:58,0,0,ARMED,72.0,0,0,80:02:9C:61:97:4B,11,4,191.2,,,,,80:02:9C:61:97:4A,0,0,NONE,2026-08-26T14:48:21.257354
45917,,-92,5,4236,0,65300,42840,3599575,0,99,9,0,0,14:33:5C:6D:AF:58,0,0,ARMED,72.0,0,0,80:02:9C:61:97:4B,11,14,160.3,,,,,80:02:9C:61:97:4A,0,0,NONE,2026-08-26T14:48:21.540354
45917,,-81,16,0,498,65300,42840,3599737,0,99,9,0,0,14:33:5C:6D:AF:58,1,1,ARMED,72.0,0,1,80:02:9C:61:97:4B,11,13,328.8,,,,,80:02:9C:61:97:4A,0,0,NONE,2026-08-26T14:48:21.702354
45917,,-90,7,3741,3147,65300,42840,3599933,0,99,9,0,0,14:33:5C:6D:AF:58,0,0,ARMED,72.0,0,1,80:02:9C:61:97:4B,11,9,265.5,,,,,80:02:9C:61:97:4A,0,0,NONE,2026-08-26T14:48:21.898354
45917,,-82,15,0,510,65300,42840,3600154,0,99,9,0,0,14:33:5C:6D:AF:58,1,1,ARMED,72.0,0,0,80:02:9C:61:97:4B,11,16,314.3,,,,,80:02:9C:61:97:4A,0,0,NONE,2026-08-26T14:48:22.119354
45917,,-52,45,0,468,65300,42840,3600321,0,99,9,0,0,14:33:5C:6D:AF:58,0,0,ARMED,72.0,0,0,80:02:9C:61:97:4B,11,19,1275.2,,,,,80:02:9C:61:97:4A,0,0,NONE,2026-08-26T14:48:22.286354
45917,,-52,45,0,512,65300,42840,3600385,0,99,9,0,0,14:33:5C:6D:AF:58,0,0,ARMED,72.0,0,0,80:02:9C:61:97:4B,11,69,868.7,,,,,80:02:9C:61:97:4A,0,0,NONE,2026-08-26T14:48:22.350354
45917,,-52,45,0,517,65300,42840,3600448,0,99,9,0,0,14:33:5C:6D:AF:58,0,1,ARMED,72.0,0,0,80:02:9C:61:97:4B,11,31,730.0,,,,,80:02:9C:61:97:4A,0,0,NONE,2026-08-26T14:48:22.413354
45917,,-75,22,0,3087,65300,42840,3600531,0,99,9,0,0,14:33:5C:6D:AF:58,0,1,ARMED,72.0,0,0,80:02:9C:61:97:4B,11,12,511.9,,,,,80:02:9C:61:97:4A,0,0,NONE,2026-08-26T14:48:22.496354
45917,,-52,45,0,588,65300,42840,3600592,0,99,9,0,0,14:33:5C:6D:AF:58,0,1,ARMED,72.0,0,0,80:02:9C:61:97:4B,11,62,737.8,,,,,80:02:9C:61:97:4A,0,0,NONE,2026-08-26T14:48:22.557354
45917,,-52,45,0,622,65300,42840,3600608,0,99,9,0,0,14:33:5C:6D:AF:58,0,1,ARMED,72.0,0,0,80:02:9C:61:97:4B,11,112,1120.8,,,,,80:02:9C:61:97:4A,0,0,NONE,2026-08-26T14:48:22.573354
45917,,-76,21,0,3091,65300,42840,3600673,0,99,9,0,0,14:33:5C:6D:AF:58,0,1,ARMED,72.0,0,0,80:02:9C:61:97:4B,11,49,988.5,,,,,80:02:9C:61:97:4A,0,0,NONE,2026-08-26T14:48:22.638354
45917,,-52,45,4257,666,65300,42840,3600789,0,99,9,0,0,14:33:5C:6D:AF:58,0,1,ARMED,72.0,0,1,80:02:9C:61:97:4B,11,30,472.8,,,,,80:02:9C:61:97:4A,0,0,NONE,2026-08-26T14:48:22.754354
45917,,-58,39,0,306,65300,42840,3600842,0,99,9,0,0,14:33:5C:6D:AF:58,0,1,ARMED,72.0,0,0,80:02:9C:61:97:4B,11,11,717.2,,,,,80:02:9C:61:97:4A,0,0,NONE,2026-08-26T14:48:22.807354
45917,,-52,45,0,695,65300,42840,3600904,0,99,9,0,0,14:33:5C:6D:AF:58,0,1,ARMED,72.0,0,0,80:02:9C:61:97:4B,11,61,791.1,,,,,80:02:9C:61:97:4A,0,0,NONE,2026-08-26T14:48:22.869354
45917,,-52,45,0,715,65300,42840,3600953,0,99,9,0,0,14:33:5C:6D:AF:58,0,1,ARMED,72.0,0,0,80:02:9C:61:97:4B,11,22,851.3,,,,,80:02:9C:61:97:4A,0,0,NONE,2026-08-26T14:48:22.918354
45917,,-52,45,0,721,65300,42840,3601011,0,99,9,0,0,14:33:5C:6D:AF:58,0,1,ARMED,72.0,0,0,80:02:9C:61:97:4B,11,72,856.3,,,,,80:02:9C:61:97:4A,0,0,NONE,2026-08-26T14:48:22.976354
45917,,-52,45,0,759,65300,42840,3601047,0,99,9,0,0,14:33:5C:6D:AF:58,0,1,ARMED,72.0,0,0,80:02:9C:61:97:4B,11,49,2515.3,,,,,80:02:9C:61:97:4A,0,0,NONE,2026-08-26T14:48:23.012354
45917,,-52,45,0,790,65300,42840,3601084,0,99,9,0,0,14:33:5C:6D:AF:58,0,1,ARMED,72.0,0,0,80:02:9C:61:97:4B,11,99,1765.0,,,,,80:02:9C:61:97:4A,0,0,NONE,2026-08-26T14:48:23.049354
45917,,-76,21,0,3113,64200,42840,3601118,0,99,9,0,0,14:33:5C:6D:AF:58,0,1,ARMED,72.0,0,0,80:02:9C:61:97:4B,11,149,1640.5,,,,,80:02:9C:61:97:4A,0,0,NONE,2026-08-26T14:48:23.083354
45917,,-52,45,0,879,65300,42840,3601139,0,99,9,0,0,14:33:5C:6D:AF:58,1,1,ARMED,72.0,0,0,80:02:9C:61:97:4B,11,24,2234.0,,,,,80:02:9C:61:97:4A,0,0,NONE,2026-08-26T14:48:23.104354
45917,,-52,45,0,895,65300,42840,3601180,0,99,9,0,0,14:33:5C:6D:AF:58,1,1,ARMED,72.0,0,0,80:02:9C:61:97:4B,11,74,1414.2,,,,,80:02:9C:61:97:4A,0,0,NONE,2026-08-26T14:48:23.145354
45917,,-52,45,0,911,65300,42840,3601235,0,99,9,0,0,14:33:5C:6D:AF:58,1,1,ARMED,72.0,0,0,80:02:9C:61:97:4B,11,1,375.2,,,,,80:02:9C:61:97:4A,0,0,NONE,2026-08-26T14:48:23.200354
45917,,44,44,0,1023,65300,42840,3601297,0,99,9,0,0,14:33:5C:6D:AF:58,1,1,ARMED,72.0,0,1,80:02:9C:61:97:4B,11,51,791.1,,,,,80:02:9C:61:97:4A,0,0,NONE,2026-08-26T14:48:23.262354
45917,,-76,21,1041,3124,65056,42840,3601327,0,99,9,0,0,14:33:5C:6D:AF:58,1,1,ARMED,72.0,0,1,80:02:9C:61:97:4B,11,101,1065.8,,,,,80:02:9C:61:97:4A,0,0,NONE,2026-08-26T14:48:23.292354
45917,,-53,44,0,997,65300,42840,3601359,0,99,9,0,0,14:33:5C:6D:AF:58,1,1,ARMED,72.0,0,0,80:02:9C:61:97:4B,11,49,3098.5,,,,,80:02:9C:61:97:4A,0,0,NONE,2026-08-26T14:48:23.324354
45917,,-52,45,0,1003,65300,42840,3601402,0,99,9,0,0,14:33:5C:6D:AF:58,1,1,ARMED,72.0,0,0,80:02:9C:61:97:4B,11,99,1682.0,,,,,80:02:9C:61:97:4A,0,0,NONE,2026-08-26T14:48:23.367354
45917,,-52,45,0,1011,65300,42840,3601471,0,99,9,0,0,14:33:5C:6D:AF:58,1,1,ARMED,72.0,0,0,80:02:9C:61:97:4B,11,19,700.3,,,,,80:02:9C:61:97:4A,0,0,NONE,2026-08-26T14:48:23.436354
45917,,-53,44,0,1054,65300,42840,3601517,0,99,9,0,0,14:33:5C:6D:AF:58,1,1,ARMED,72.0,0,0,80:02:9C:61:97:4B,11,69,933.8,,,,,80:02:9C:61:97:4A,0,0,NONE,2026-08-26T14:48:23.482354
45917,,-53,44,0,1078,63872,42840,3601557,0,99,9,0,0,14:33:5C:6D:AF:58,1,1,ARMED,72.0,0,0,80:02:9C:61:97:4B,11,35,2570.7,,,,,80:02:9C:61:97:4A,0,0,NONE,2026-08-26T14:48:23.522354
45917,,44,44,0,1023,65300,42840,3601591,0,99,9,0,0,14:33:5C:6D:AF:58,1,1,ARMED,72.0,0,1,80:02:9C:61:97:4B,11,85,1778.2,,,,,80:02:9C:61:97:4A,0,0,NONE,2026-08-26T14:48:23.556354
45917,,-82,15,0,626,65300,42840,3601653,0,99,9,0,0,14:33:5C:6D:AF:58,1,1,ARMED,72.0,0,0,80:02:9C:61:97:4B,11,2,305.5,,,,,80:02:9C:61:97:4A,0,0,NONE,2026-08-26T14:48:23.618354
45917,,-52,45,0,1144,65236,42840,3601770,0,99,9,0,0,14:33:5C:6D:AF:58,1,1,ARMED,72.0,0,0,80:02:9C:61:97:4B,11,18,779.4,,,,,80:02:9C:61:97:4A,0,0,NONE,2026-08-26T14:48:23.735354
45917,,-52,45,0,1163,65300,42840,3601827,0,99,9,0,0,14:33:5C:6D:AF:58,1,1,ARMED,72.0,0,0,80:02:9C:61:97:4B,11,68,848.3,,,,,80:02:9C:61:97:4A,0,0,NONE,2026-08-26T14:48:23.792354
45917,,-52,45,0,1179,65300,42840,3601854,0,99,9,0,0,14:33:5C:6D:AF:58,1,1,ARMED,72.0,0,0,80:02:9C:61:97:4B,11,23,3363.6,,,,,80:02:9C:61:97:4A,0,0,NONE,2026-08-26T14:48:23.819354
45917,,-52,45,0,1209,65300,42840,3601908,0,99,9,0,0,14:33:5C:6D:AF:58,1,1,ARMED,72.0,0,0,80:02:9C:61:97:4B,11,73,1196.9,,,,,80:02:9C:61:97:4A,0,0,NONE,2026-08-26T14:48:23.873354
45917,,-52,45,1270,1254,64656,42840,3601929,0,99,9,0,0,14:33:5C:6D:AF:58,1,1,ARMED,72.0,0,0,80:02:9C:61:97:4B,11,123,1504.4,,,,,80:02:9C:61:97:4A,0,0,NONE,2026-08-26T14:48:23.894354
45917,,-75,22,0,2774,65300,42840,3602185,0,99,9,0,0,14:33:5C:6D:AF:58,0,0,ARMED,72.0,0,1,80:02:9C:61:97:4B,11,6,226.5,,,,,80:02:9C:61:97:4A,0,0,NONE,2026-08-26T14:48:24.150354
45917,BEACON,-85,12,7127,1590,65300,42840,3602401,0,99,9,0,0,14:33:5C:6D:AF:58,0,0,ARMED,72.0,0,1,80:02:9C:61:97:4B,11,8,209.0,,,,,80:02:9C:61:97:4A,0,0,NONE,2026-08-26T14:48:24.366354
45917,PROBE_REQ,-82,15,4823,3291,65300,42840,3602633,0,99,9,0,0,14:33:5C:6D:AF:58,1,0,ARMED,72.0,0,1,80:02:9C:61:97:4B,11,12,184.1,,,,,80:02:9C:61:97:4A,0,0,NONE,2026-08-26T14:48:24.598354
45917,,-54,43,4326,2,65300,42840,3602983,0,99,9,0,0,14:33:5C:6D:AF:58,0,0,ARMED,72.0,0,1,80:02:9C:61:97:4B,11,1,185.7,,,,,80:02:9C:61:97:4A,0,0,NONE,2026-08-26T14:48:24.948354
45917,,-52,45,0,1260,65300,42840,3603159,0,99,9,0,0,14:33:5C:6D:AF:58,0,0,ARMED,72.0,0,0,80:02:9C:61:97:4B,11,34,430.0,,,,,80:02:9C:61:97:4A,0,0,NONE,2026-08-26T14:48:25.124354
45917,,-52,45,655,1277,65300,42840,3603204,0,99,9,0,0,14:33:5C:6D:AF:58,0,1,ARMED,72.0,0,0,80:02:9C:61:97:4B,11,16,671.9,,,,,80:02:9C:61:97:4A,0,0,NONE,2026-08-26T14:48:25.169354
45917,BEACON,-81,16,8806,3218,65300,42840,3603524,0,99,9,0,0,14:33:5C:6D:AF:58,0,0,ARMED,72.0,0,1,80:02:9C:61:97:4B,11,6,175.6,,,,,80:02:9C:61:97:4A,0,0,NONE,2026-08-26T14:48:25.489354
45917,BEACON,-83,14,4016,3221,65300,42840,3603831,0,99,9,0,0,14:33:5C:6D:AF:58,0,0,ARMED,72.0,0,1,80:02:9C:61:97:4B,11,8,230.4,,,,,80:02:9C:61:97:4A,0,0,NONE,2026-08-26T14:48:25.796354
45917,BEACON,-81,16,3685,1606,65300,42840,3604043,0,99,9,0,0,14:33:5C:6D:AF:58,0,1,ARMED,72.0,0,1,80:02:9C:61:97:4B,11,6,148.8,,,,,80:02:9C:61:97:4A,0,0,NONE,2026-08-26T14:48:26.008354
45917,,-90,7,198,0,65300,42840,3604254,0,99,9,0,0,14:33:5C:6D:AF:58,0,0,ARMED,72.0,0,0,80:02:9C:61:97:4B,11,11,230.6,,,,,80:02:9C:61:97:4A,0,0,NONE,2026-08-26T14:48:26.219354
45917,,-91,6,8509,0,65300,42840,3604552,0,99,9,0,0,14:33:5C:6D:AF:58,0,0,ARMED,72.0,0,0,80:02:9C:61:97:4B,11,6,148.7,,,,,80:02:9C:61:97:4A,0,0,NONE,2026-08-26T14:48:26.517354
45917,BEACON,-83,14,15877,3229,65300,42840,3604650,0,99,9,0,0,14:33:5C:6D:AF:58,0,1,ARMED,72.0,0,1,80:02:9C:61:97:4B,11,9,235.3,,,,,80:02:9C:61:97:4A,0,0,NONE,2026-08-26T14:48:26.615354
45917,BEACON,-88,9,3964,2254,65300,42840,3604917,0,99,9,0,0,14:33:5C:6D:AF:58,1,1,ARMED,72.0,0,1,80:02:9C:61:97:4B,11,19,193.2,,,,,80:02:9C:61:97:4A,0,0,NONE,2026-08-26T14:48:26.882354
45917,BEACON,-88,9,5183,1527,65300,42840,3605133,0,99,9,0,0,14:33:5C:6D:AF:58,1,1,ARMED,72.0,0,1,80:02:9C:61:97:4B,11,2,199.2,,,,,80:02:9C:61:97:4A,0,0,NONE,2026-08-26T14:48:27.098354
45917,,-52,45,1483,1296,65300,42840,3605361,0,99,9,0,0,14:33:5C:6D:AF:58,1,0,ARMED,72.0,0,0,80:02:9C:61:97:4B,11,10,304.2,,,,,80:02:9C:61:97:4A,0,0,NONE,2026-08-26T14:48:27.326354
45917,,-52,45,519,1317,65300,42840,3605394,0,99,9,0,0,14:33:5C:6D:AF:58,1,0,ARMED,72.0,0,0,80:02:9C:61:97:4B,11,60,913.7,,,,,80:02:9C:61:97:4A,0,0,NONE,2026-08-26T14:48:27.359354
45917,,-52,45,0,1345,65300,42840,3605461,0,99,9,0,0,14:33:5C:6D:AF:58,1,1,ARMED,72.0,0,0,80:02:9C:61:97:4B,11,18,552.2,,,,,80:02:9C:61:97:4A,0,0,NONE,2026-08-26T14:48:27.426354
45917,,-52,45,3440,1361,63872,42840,3605536,0,99,9,0,0,14:33:5C:6D:AF:58,1,1,ARMED,72.0,0,0,80:02:9C:61:97:4B,11,2,804.5,,,,,80:02:9C:61:97:4A,0,0,NONE,2026-08-26T14:48:27.501354
45917,,-52,45,501,1388,65300,42840,3605611,0,99,9,0,0,14:33:5C:6D:AF:58,1,1,ARMED,72.0,0,0,80:02:9C:61:97:4B,11,52,674.8,,,,,80:02:9C:61:97:4A,0,0,NONE,2026-08-26T14:48:27.576354
45917,,-76,21,2746,3193,65300,42840,3605662,0,99,9,0,0,14:33:5C:6D:AF:58,1,1,ARMED,72.0,0,1,80:02:9C:61:97:4B,11,13,471.5,,,,,80:02:9C:61:97:4A,0,0,NONE,2026-08-26T14:48:27.627354
45917,,-52,45,0,1440,65300,42840,3605716,0,99,9,0,0,14:33:5C:6D:AF:58,1,1,ARMED,72.0,0,0,80:02:9C:61:97:4B,11,63,771.0,,,,,80:02:9C:61:97:4A,0,0,NONE,2026-08-26T14:48:27.681354
45917,,-76,21,640,3196,65300,42840,3605791,0,99,9,0,0,14:33:5C:6D:AF:58,1,1,ARMED,72.0,0,1,80:02:9C:61:97:4B,11,37,654.1,,,,,80:02:9C:61:97:4A,0,0,NONE,2026-08-26T14:48:27.756354
45917,,-52,45,0,1477,62444,42840,3605821,0,99,9,0,0,14:33:5C:6D:AF:58,1,1,ARMED,72.0,0,0,80:02:9C:61:97:4B,11,87,1011.6,,,,,80:02:9C:61:97:4A,0,0,NONE,2026-08-26T14:48:27.786354
45917,,-53,44,0,1512,64656,42840,3605840,0,99,9,0,0,14:33:5C:6D:AF:58,1,1,ARMED,72.0,0,0,80:02:9C:61:97:4B,11,5,1658.9,,,,,80:02:9C:61:97:4A,0,0,NONE,2026-08-26T14:48:27.805354
45917,,-52,45,0,1555,65300,42840,3605873,0,99,9,0,0,14:33:5C:6D:AF:58,1,1,ARMED,72.0,0,0,80:02:9C:61:97:4B,11,55,1516.2,,,,,80:02:9C:61:97:4A,0,0,NONE,2026-08-26T14:48:27.838354
45917,,-52,45,0,1543,65300,42840,3605927,0,99,9,0,0,14:33:5C:6D:AF:58,1,1,ARMED,72.0,0,0,80:02:9C:61:97:4B,11,105,1159.0,,,,,80:02:9C:61:97:4A,0,0,NONE,2026-08-26T14:48:27.892354
45917,,-52,45,0,1579,65300,42840,3605986,0,99,9,0,0,14:33:5C:6D:AF:58,1,1,ARMED,72.0,0,0,80:02:9C:61:97:4B,11,49,1150.4,,,,,80:02:9C:61:97:4A,0,0,NONE,2026-08-26T14:48:27.951354
45917,,-52,45,4050,1632,65300,42840,3606056,0,99,9,0,0,14:33:5C:6D:AF:58,1,1,ARMED,72.0,0,1,80:02:9C:61:97:4B,11,10,1072.3,,,,,80:02:9C:61:97:4A,0,0,NONE,2026-08-26T14:48:28.021354
45917,PROBE_REQ,-54,43,50,3059,65300,42840,3606115,0,99,9,0,0,14:33:5C:6D:AF:58,1,1,ARMED,72.0,0,1,80:02:9C:61:97:4B,11,60,887.3,,,,,80:02:9C:61:97:4A,0,0,NONE,2026-08-26T14:48:28.080354
45917,,-83,14,3514,3949,65300,42840,3606193,0,99,9,0,0,14:33:5C:6D:AF:58,1,1,ARMED,72.0,0,1,80:02:9C:61:97:4B,11,22,516.3,,,,,80:02:9C:61:97:4A,0,0,NONE,2026-08-26T14:48:28.158354
45917,,44,44,0,1023,65300,42840,3606236,0,99,9,0,0,14:33:5C:6D:AF:58,1,1,ARMED,72.0,0,1,80:02:9C:61:97:4B,11,72,847.8,,,,,80:02:9C:61:97:4A,0,0,NONE,2026-08-26T14:48:28.201354
45917,,-52,45,1299,1732,65300,42840,3606323,0,99,9,0,0,14:33:5C:6D:AF:58,1,1,ARMED,72.0,0,1,80:02:9C:61:97:4B,11,43,612.3,,,,,80:02:9C:61:97:4A,0,0,NONE,2026-08-26T14:48:28.288354
45917,,-52,45,0,1777,65300,42840,3606352,0,99,9,0,0,14:33:5C:6D:AF:58,1,1,ARMED,72.0,0,0,80:02:9C:61:97:4B,11,93,936.5,,,,,80:02:9C:61:97:4A,0,0,NONE,2026-08-26T14:48:28.317354
45917,,-52,45,1768,1792,65300,42840,3606408,0,99,9,0,0,14:33:5C:6D:AF:58,1,1,ARMED,72.0,0,0,80:02:9C:61:97:4B,11,49,915.4,,,,,80:02:9C:61:97:4A,0,0,NONE,2026-08-26T14:48:28.373354
45917,,-75,22,10682,3231,64764,42840,3606473,0,99,9,0,0,14:33:5C:6D:AF:58,1,1,ARMED,72.0,0,1,80:02:9C:61:97:4B,11,7,540.6,,,,,80:02:9C:61:97:4A,0,0,NONE,2026-08-26T14:48:28.438354
45917,,-52,45,943,1847,65300,42840,3606534,0,99,9,0,0,14:33:5C:6D:AF:58,1,1,ARMED,72.0,0,0,80:02:9C:61:97:4B,11,57,771.8,,,,,80:02:9C:61:97:4A,0,0,NONE,2026-08-26T14:48:28.499354
45917,,-52,45,0,1876,65300,42840,3606590,0,99,9,0,0,14:33:5C:6D:AF:58,1,1,ARMED,72.0,0,0,80:02:9C:61:97:4B,11,27,950.9,,,,,80:02:9C:61:97:4A,0,0,NONE,2026-08-26T14:48:28.555354
45917,,-76,21,0,3241,65300,42840,3606657,0,99,9,0,0,14:33:5C:6D:AF:58,1,1,ARMED,72.0,0,0,80:02:9C:61:97:4B,11,77,802.0,,,,,80:02:9C:61:97:4A,0,0,NONE,2026-08-26T14:48:28.622354
45917,,-52,45,0,1913,65300,42840,3606714,0,99,9,0,0,14:33:5C:6D:AF:58,1,1,ARMED,72.0,0,0,80:02:9C:61:97:4B,11,49,1208.4,,,,,80:02:9C:61:97:4A,0,0,NONE,2026-08-26T14:48:28.679354
45917,,-75,22,1327,147,65300,42840,3606776,0,99,9,0,0,14:33:5C:6D:AF:58,1,1,ARMED,72.0,0,1,80:02:9C:61:97:4B,11,99,989.4,,,,,80:02:9C:61:97:4A,0,0,NONE,2026-08-26T14:48:28.741354
45917,,-52,45,0,1966,65300,42840,3606852,0,99,9,0,0,14:33:5C:6D:AF:58,1,1,ARMED,72.0,0,0,80:02:9C:61:97:4B,11,50,642.1,,,,,80:02:9C:61:97:4A,0,0,NONE,2026-08-26T14:48:28.817354
45917,,-52,45,0,1957,65300,42840,3606946,0,99,9,0,0,14:33:5C:6D:AF:58,1,1,ARMED,72.0,0,0,80:02:9C:61:97:4B,11,39,569.6,,,,,80:02:9C:61:97:4A,0,0,NONE,2026-08-26T14:48:28.911354
45917,,-52,45,0,2020,65300,42840,3607007,0,99,9,0,0,14:33:5C:6D:AF:58,0,1,ARMED,72.0,0,0,80:02:9C:61:97:4B,11,20,691.4,,,,,80:02:9C:61:97:4A,0,0,NONE,2026-08-26T14:48:28.972354
45917,,-53,44,0,2060,65300,42840,3607059,0,99,9,0,0,14:33:5C:6D:AF:58,0,1,ARMED,72.0,0,0,80:02:9C:61:97:4B,11,70,866.9,,,,,80:02:9C:61:97:4A,0,0,NONE,2026-08-26T14:48:29.024354
45917,,-76,21,0,3264,65300,42840,3607127,0,99,9,0,0,14:33:5C:6D:AF:58,0,1,ARMED,72.0,0,0,80:02:9C:61:97:4B,11,32,693.2,,,,,80:02:9C:61:97:4A,0,0,NONE,2026-08-26T14:48:29.092354
45917,,-53,44,0,2111,65300,42840,3607164,0,99,9,0,0,14:33:5C:6D:AF:58,0,1,ARMED,72.0,0,0,80:02:9C:61:97:4B,11,82,981.1,,,,,80:02:9C:61:97:4A,0,0,NONE,2026-08-26T14:48:29.129354
45917,,-74,23,1688,3270,65300,42840,3607248,0,99,9,0,0,14:33:5C:6D:AF:58,0,1,ARMED,72.0,0,1,80:02:9C:61:97:4B,11,45,671.9,,,,,80:02:9C:61:97:4A,0,0,NONE,2026-08-26T14:48:29.213354
45917,,-52,45,0,2163,65300,42840,3607276,0,99,9,0,0,14:33:5C:6D:AF:58,0,1,ARMED,72.0,0,0,80:02:9C:61:97:4B,11,95,994.1,,,,,80:02:9C:61:97:4A,0,0,NONE,2026-08-26T14:48:29.241354
45917,BEACON,-84,13,8528,3257,65300,42840,3607517,0,99,9,0,0,14:33:5C:6D:AF:58,0,0,ARMED,72.0,0,1,80:02:9C:61:97:4B,11,2,129.3,,,,,80:02:9C:61:97:4A,0,0,NONE,2026-08-26T14:48:29.482354
45917,PROBE_REQ,-91,6,6598,0,65300,42840,3607818,0,99,9,0,0,14:33:5C:6D:AF:58,0,0,ARMED,72.0,0,0,80:02:9C:61:97:4B,11,3,353.0,,,,,80:02:9C:61:97:4A,0,0,NONE,2026-08-26T14:48:29.783354
45917,PROBE_REQ,-90,7,2073,0,65300,42840,3608093,0,99,9,0,0,14:33:5C:6D:AF:58,0,0,ARMED,72.0,0,0,80:02:9C:61:97:4B,11,13,163.8,,,,,80:02:9C:61:97:4A,0,0,NONE,2026-08-26T14:48:30.058354
45917,,-74,23,4629,3287,65300,42840,3608191,0,99,9,0,0,14:33:5C:6D:AF:58,0,0,ARMED,72.0,0,1,80:02:9C:61:97:4B,11,42,558.8,,,,,80:02:9C:61:97:4A,0,0,NONE,2026-08-26T14:48:30.156354
45917,,-91,6,1068,0,65300,42840,3608390,0,99,9,0,0,14:33:5C:6D:AF:58,0,0,ARMED,72.0,0,0,80:02:9C:61:97:4B,11,25,361.6,,,,,80:02:9C:61:97:4A,0,0,NONE,2026-08-26T14:48:30.355354
45917,,-91,6,4153,2984,65300,42840,3608591,0,99,9,0,0,14:33:5C:6D:AF:58,0,0,ARMED,72.0,0,1,80:02:9C:61:97:4B,11,26,400.8,,,,,80:02:9C:61:97:4A,0,0,NONE,2026-08-26T14:48:30.556354
45917,BEACON,-84,13,0,2777,65300,42840,3608856,0,99,9,0,0,14:33:5C:6D:AF:58,1,0,ARMED,72.0,0,1,80:02:9C:61:97:4B,11,3,134.9,,,,,80:02:9C:61:97:4A,0,0,NONE,2026-08-26T14:48:30.821354
45917,BEACON,-58,39,10512,442,65300,42840,3609121,0,99,9,0,0,14:33:5C:6D:AF:58,0,0,ARMED,72.0,0,1,80:02:9C:61:97:4B,11,14,167.7,,,,,80:02:9C:61:97:4A,0,0,NONE,2026-08-26T14:48:31.086354
45917,BEACON,-96,1,7675,558,65300,42840,3609388,0,99,9,0,0,14:33:5C:6D:AF:58,0,0,ARMED,72.0,0,1,80:02:9C:61:97:4B,11,13,306.2,,,,,80:02:9C:61:97:4A,0,0,NONE,2026-08-26T14:48:31.353354
45917,,-54,43,49,45,65300,42840,3609577,0,99,9,0,0,14:33:5C:6D:AF:58,0,0,ARMED,72.0,0,0,80:02:9C:61:97:4B,11,8,296.9,,,,,80:02:9C:61:97:4A,0,0,NONE,2026-08-26T14:48:31.542354
45917,,-52,45,0,2224,65300,42840,3609778,0,99,9,0,0,14:33:5C:6D:AF:58,0,0,ARMED,72.0,0,0,80:02:9C:61:97:4B,11,14,591.1,,,,,80:02:9C:61:97:4A,0,0,NONE,2026-08-26T14:48:31.743354
45917,,-75,22,0,3328,65300,42840,3610058,0,99,9,0,0,14:33:5C:6D:AF:58,1,0,ARMED,72.0,0,0,80:02:9C:61:97:4B,11,18,183.4,,,,,80:02:9C:61:97:4A,0,0,NONE,2026-08-26T14:48:32.023354
45917,BEACON,-84,13,4285,1681,65300,42840,3610287,0,99,9,0,0,14:33:5C:6D:AF:58,0,0,ARMED,72.0,0,1,80:02:9C:61:97:4B,11,1,247.7,,,,,80:02:9C:61:97:4A,0,0,NONE,2026-08-26T14:48:32.252354
45917,,-52,45,0,2245,65300,42840,3610448,0,99,9,0,0,14:33:5C:6D:AF:58,0,0,ARMED,72.0,0,0,80:02:9C:61:97:4B,11,41,645.8,,,,,80:02:9C:61:97:4A,0,0,NONE,2026-08-26T14:48:32.413354
45917,,-52,45,518,2270,65300,42840,3610480,0,99,9,0,0,14:33:5C:6D:AF:58,0,0,ARMED,72.0,0,0,80:02:9C:61:97:4B,11,91,956.7,,,,,80:02:9C:61:97:4A,0,0,NONE,2026-08-26T14:48:32.445354
45917,,-52,45,0,2316,65300,42840,3610541,0,99,9,0,0,14:33:5C:6D:AF:58,1,1,ARMED,72.0,0,0,80:02:9C:61:97:4B,11,47,849.8,,,,,80:02:9C:61:97:4A,0,0,NONE,2026-08-26T14:48:32.506354
45917,,-52,45,0,2352,65300,42840,3610583,0,99,9,0,0,14:33:5C:6D:AF:58,1,1,ARMED,72.0,0,0,80:02:9C:61:97:4B,11,97,998.2,,,,,80:02:9C:61:97:4A,0,0,NONE,2026-08-26T14:48:32.548354
45917,,-52,45,0,2402,65300,42840,3610633,0,99,9,0,0,14:33:5C:6D:AF:58,1,1,ARMED,72.0,0,0,80:02:9C:61:97:4B,11,48,1025.9,,,,,80:02:9C:61:97:4A,0,0,NONE,2026-08-26T14:48:32.598354
45917,,-52,45,0,2424,65300,42840,3610660,0,99,9,0,0,14:33:5C:6D:AF:58,1,1,ARMED,72.0,0,0,80:02:9C:61:97:4B,11,98,1320.5,,,,,80:02:9C:61:97:4A,0,0,NONE,2026-08-26T14:48:32.625354
45917,,-51,46,6722,3269,65300,42840,3610755,0,99,9,0,0,14:33:5C:6D:AF:58,1,1,ARMED,72.0,0,1,80:02:9C:61:97:4B,11,34,496.1,,,,,80:02:9C:61:97:4A,0,0,NONE,2026-08-26T14:48:32.720354
45917,,-52,45,0,2465,65300,42840,3610812,0,99,9,0,0,14:33:5C:6D:AF:58,1,1,ARMED,72.0,0,0,80:02:9C:61:97:4B,11,24,1098.8,,,,,80:02:9C:61:97:4A,0,0,NONE,2026-08-26T14:48:32.777354
45917,,-76,21,0,3360,65300,42840,3610883,0,99,9,0,0,14:33:5C:6D:AF:58,1,1,ARMED,72.0,0,0,80:02:9C:61:97:4B,11,74,788.7,,,,,80:02:9C:61:97:4A,0,0,NONE,2026-08-26T14:48:32.848354
45917,,-53,44,4163,2491,65300,42840,3610979,0,99,9,0,0,14:33:5C:6D:AF:58,1,1,ARMED,72.0,0,0,80:02:9C:61:97:4B,11,49,618.5,,,,,80:02:9C:61:97:4A,0,0,NONE,2026-08-26T14:48:32.944354
45917,,-52,45,379,2488,65300,42840,3611052,0,99,9,0,0,14:33:5C:6D:AF:58,1,1,ARMED,72.0,0,0,80:02:9C:61:97:4B,11,36,712.4,,,,,80:02:9C:61:97:4A,0,0,NONE,2026-08-26T14:48:33.017354
45917,,-52,45,0,2518,63180,42840,3611094,0,99,9,0,0,14:33:5C:6D:AF:58,1,1,ARMED,72.0,0,0,80:02:9C:61:97:4B,11,86,935.7,,,,,80:02:9C:61:97:4A,0,0,NONE,2026-08-26T14:48:33.059354
45917,,44,44,0,1023,65300,42840,3611160,0,99,9,0,0,14:33:5C:6D:AF:58,1,1,ARMED,72.0,0,1,80:02:9C:61:97:4B,11,31,538.7,,,,,80:02:9C:61:97:4A,0,0,NONE,2026-08-26T14:48:33.125354
45917,,-52,45,2288,2564,65300,42840,3611250,0,99,9,0,0,14:33:5C:6D:AF:58,1,1,ARMED,72.0,0,0,80:02:9C:61:97:4B,11,18,390.8,,,,,80:02:9C:61:97:4A,0,0,NONE,2026-08-26T14:48:33.215354
45917,,-52,45,0,2590,65300,42840,3611309,0,99,9,0,0,14:33:5C:6D:AF:58,0,1,ARMED,72.0,0,0,80:02:9C:61:97:4B,11,7,3389.8,,,,,80:02:9C:61:97:4A,0,0,NONE,2026-08-26T14:48:33.274354
45917,,-74,23,2585,3384,65300,42840,3611354,0,99,9,0,0,14:33:5C:6D:AF:58,0,1,ARMED,72.0,0,1,80:02:9C:61:97:4B,11,57,1212.9,,,,,80:02:9C:61:97:4A,0,0,NONE,2026-08-26T14:48:33.319354
45917,,-52,45,0,2659,65300,42840,3611443,0,99,9,0,0,14:33:5C:6D:AF:58,1,1,ARMED,72.0,0,1,80:02:9C:61:97:4B,11,11,331.8,,,,,80:02:9C:61:97:4A,0,0,NONE,2026-08-26T14:48:33.408354
45917,,-52,45,0,2676,65300,42840,3611504,0,99,9,0,0,14:33:5C:6D:AF:58,1,1,ARMED,72.0,0,0,80:02:9C:61:97:4B,11,61,645.2,,,,,80:02:9C:61:97:4A,0,0,NONE,2026-08-26T14:48:33.469354
45917,,-52,45,0,2725,65300,42840,3611566,0,99,9,0,0,14:33:5C:6D:AF:58,1,1,ARMED,72.0,0,0,80:02:9C:61:97:4B,11,39,696.4,,,,,80:02:9C:61:97:4A,0,0,NONE,2026-08-26T14:48:33.531354
45917,,-52,45,0,2754,65300,42840,3611605,0,99,9,0,0,14:33:5C:6D:AF:58,1,1,ARMED,72.0,0,0,80:02:9C:61:97:4B,11,89,943.1,,,,,80:02:9C:61:97:4A,0,0,NONE,2026-08-26T14:48:33.570354
45917,,-54,43,668,2749,65300,42840,3611670,0,99,9,0,0,14:33:5C:6D:AF:58,1,1,ARMED,72.0,0,0,80:02:9C:61:97:4B,11,45,878.0,,,,,80:02:9C:61:97:4A,0,0,NONE,2026-08-26T14:48:33.635354
45917,,-53,44,0,2793,65300,42840,3611723,0,99,9,0,0,14:33:5C:6D:AF:58,1,1,ARMED,72.0,0,0,80:02:9C:61:97:4B,11,11,3571.4,,,,,80:02:9C:61:97:4A,0,0,NONE,2026-08-26T14:48:33.688354
45917,,-52,45,0,2793,65300,42840,3611765,0,99,9,0,0,14:33:5C:6D:AF:58,1,1,ARMED,72.0,0,0,80:02:9C:61:97:4B,11,61,1354.7,,,,,80:02:9C:61:97:4A,0,0,NONE,2026-08-26T14:48:33.730354
45917,,-52,45,0,2826,65300,42840,3611811,0,99,9,0,0,14:33:5C:6D:AF:58,1,1,ARMED,72.0,0,0,80:02:9C:61:97:4B,11,111,1217.3,,,,,80:02:9C:61:97:4A,0,0,NONE,2026-08-26T14:48:33.776354
45917,,-53,44,0,2848,65300,42840,3611854,0,99,9,0,0,14:33:5C:6D:AF:58,1,1,ARMED,72.0,0,0,80:02:9C:61:97:4B,11,44,1338.0,,,,,80:02:9C:61:97:4A,0,0,NONE,2026-08-26T14:48:33.819354
45917,BEACON,-83,14,6755,1704,65300,42840,3611927,0,99,9,0,0,14:33:5C:6D:AF:58,1,1,ARMED,72.0,0,1,80:02:9C:61:97:4B,11,94,913.6,,,,,80:02:9C:61:97:4A,0,0,NONE,2026-08-26T14:48:33.892354
45917,,-52,45,1058,2885,65300,42840,3611997,0,99,9,0,0,14:33:5C:6D:AF:58,1,1,ARMED,72.0,0,0,80:02:9C:61:97:4B,11,50,690.8,,,,,80:02:9C:61:97:4A,0,0,NONE,2026-08-26T14:48:33.962354
45917,,-52,45,0,2910,65300,42840,3612059,0,99,9,0,0,14:33:5C:6D:AF:58,1,1,ARMED,72.0,0,0,80:02:9C:61:97:4B,11,35,1031.2,,,,,80:02:9C:61:97:4A,0,0,NONE,2026-08-26T14:48:34.024354
45917,,-52,45,0,2948,65300,42840,3612078,0,99,9,0,0,14:33:5C:6D:AF:58,1,1,ARMED,72.0,0,0,80:02:9C:61:97:4B,11,85,1615.5,,,,,80:02:9C:61:97:4A,0,0,NONE,2026-08-26T14:48:34.043354
45917,,-53,44,0,2987,65300,42840,3612162,0,99,9,0,0,14:33:5C:6D:AF:58,1,1,ARMED,72.0,0,0,80:02:9C:61:97:4B,11,24,719.1,,,,,80:02:9C:61:97:4A,0,0,NONE,2026-08-26T14:48:34.127354
45917,,-52,45,2025,3019,65300,42840,3612249,0,99,9,0,0,14:33:5C:6D:AF:58,1,1,ARMED,72.0,0,1,80:02:9C:61:97:4B,11,8,587.8,,,,,80:02:9C:61:97:4A,0,0,NONE,2026-08-26T14:48:34.214354
45917,BEACON,-83,14,1550,2811,65300,42840,3612342,0,99,9,0,0,14:33:5C:6D:AF:58,0,1,ARMED,72.0,0,1,80:02:9C:61:97:4B,11,4,594.1,,,,,80:02:9C:61:97:4A,0,0,NONE,2026-08-26T14:48:34.307354
45917,,-52,45,0,3073,65300,42840,3612427,0,99,9,0,0,14:33:5C:6D:AF:58,0,1,ARMED,72.0,0,0,80:02:9C:61:97:4B,11,54,591.8,,,,,80:02:9C:61:97:4A,0,0,NONE,2026-08-26T14:48:34.392354
45917,,-52,45,667,3080,65300,42840,3612530,0,99,9,0,0,14:33:5C:6D:AF:58,0,1,ARMED,72.0,0,0,80:02:9C:61:97:4B,11,49,591.3,,,,,80:02:9C:61:97:4A,0,0,NONE,2026-08-26T14:48:34.495354
45917,,-52,45,0,3102,65300,42840,3612573,0,99,9,0,0,14:33:5C:6D:AF:58,0,1,ARMED,72.0,0,0,80:02:9C:61:97:4B,11,37,1542.8,,,,,80:02:9C:61:97:4A,0,0,NONE,2026-08-26T14:48:34.538354
45917,,-52,45,0,3136,65300,42840,3612634,0,99,9,0,0,14:33:5C:6D:AF:58,0,1,ARMED,72.0,0,0,80:02:9C:61:97:4B,11,87,1031.3,,,,,80:02:9C:61:97:4A,0,0,NONE,2026-08-26T14:48:34.599354
45917,,-52,45,0,3132,65300,42840,3612666,0,99,9,0,0,14:33:5C:6D:AF:58,0,1,ARMED,72.0,0,0,80:02:9C:61:97:4B,11,28,1689.3,,,,,80:02:9C:61:97:4A,0,0,NONE,2026-08-26T14:48:34.631354
45917,,-74,23,824,3443,65300,42840,3612699,0,99,9,0,0,14:33:5C:6D:AF:58,0,1,ARMED,72.0,0,1,80:02:9C:61:97:4B,11,78,1577.9,,,,,80:02:9C:61:97:4A,0,0,NONE,2026-08-26T14:48:34.664354
45917,,-75,22,152,3447,65300,42840,3612766,0,99,9,0,0,14:33:5C:6D:AF:58,0,1,ARMED,72.0,0,1,80:02:9C:61:97:4B,11,18,1578.4,,,,,80:02:9C:61:97:4A,0,0,NONE,2026-08-26T14:48:34.731354
45917,,-54,43,0,3261,65300,42840,3612819,0,99,9,0,0,14:33:5C:6D:AF:58,0,1,ARMED,72.0,0,0,80:02:9C:61:97:4B,11,68,1055.0,,,,,80:02:9C:61:97:4A,0,0,NONE,2026-08-26T14:48:34.784354
45917,,-53,44,0,3271,65300,42840,3612873,0,99,9,0,0,14:33:5C:6D:AF:58,1,1,ARMED,72.0,0,0,80:02:9C:61:97:4B,11,24,1445.7,,,,,80:02:9C:61:97:4A,0,0,NONE,2026-08-26T14:48:34.838354
45917,,-76,21,0,3452,65300,42840,3612935,0,99,9,0,0,14:33:5C:6D:AF:58,1,1,ARMED,72.0,0,0,80:02:9C:61:97:4B,11,74,945.5,,,,,80:02:9C:61:97:4A,0,0,NONE,2026-08-26T14:48:34.900354
45917,,-52,45,1222,3319,65300,42840,3612988,0,99,9,0,0,14:33:5C:6D:AF:58,1,1,ARMED,72.0,0,0,80:02:9C:61:97:4B,11,40,1299.1,,,,,80:02:9C:61:97:4A,0,0,NONE,2026-08-26T14:48:34.953354
45917,,-53,44,0,3325,65300,42840,3613036,0,99,9,0,0,14:33:5C:6D:AF:58,1,1,ARMED,72.0,0,0,80:02:9C:61:97:4B,11,90,1130.6,,,,,80:02:9C:61:97:4A,0,0,NONE,2026-08-26T14:48:35.001354
45917,,44,44,0,1023,65300,42840,3613085,0,99,9,0,0,14:33:5C:6D:AF:58,1,1,ARMED,72.0,0,0,80:02:9C:61:97:4B,11,31,1144.0,,,,,80:02:9C:61:97:4A,0,0,NONE,2026-08-26T14:48:35.050354
45917,,44,44,0,1023,65300,42840,3613177,0,99,9,0,0,14:33:5C:6D:AF:58,1,1,ARMED,72.0,0,0,80:02:9C:61:97:4B,11,13,704.0,,,,,80:02:9C:61:97:4A,0,0,NONE,2026-08-26T14:48:35.142354
45917,,-52,45,1923,3394,65300,42840,3613280,0,99,9,0,0,14:33:5C:6D:AF:58,0,1,ARMED,72.0,0,1,80:02:9C:61:97:4B,11,33,1621.6,,,,,80:02:9C:61:97:4A,0,0,NONE,2026-08-26T14:48:35.245354
45917,,-59,38,160,55,65300,42840,3613382,0,99,9,0,0,14:33:5C:6D:AF:58,0,1,ARMED,72.0,0,0,80:02:9C:61:97:4B,11,14,666.2,,,,,80:02:9C:61:97:4A,0,0,NONE,2026-08-26T14:48:35.347354
45917,,-52,45,0,3483,65300,42840,3613437,0,99,9,0,0,14:33:5C:6D:AF:58,0,1,ARMED,72.0,0,0,80:02:9C:61:97:4B,11,64,840.0,,,,,80:02:9C:61:97:4A,0,0,NONE,2026-08-26T14:48:35.402354
45917,,-52,45,0,3479,65300,42840,3613491,0,99,9,0,0,14:33:5C:6D:AF:58,1,1,ARMED,72.0,0,0,80:02:9C:61:97:4B,11,19,647.5,,,,,80:02:9C:61:97:4A,0,0,NONE,2026-08-26T14:48:35.456354
45917,,-53,44,0,3531,65300,42840,3613538,0,99,9,0,0,14:33:5C:6D:AF:58,1,1,ARMED,72.0,0,0,80:02:9C:61:97:4B,11,69,906.8,,,,,80:02:9C:61:97:4A,0,0,NONE,2026-08-26T14:48:35.503354
45917,,-52,45,0,3560,65300,42840,3613590,0,99,9,0,0,14:33:5C:6D:AF:58,1,1,ARMED,72.0,0,0,80:02:9C:61:97:4B,11,49,1880.4,,,,,80:02:9C:61:97:4A,0,0,NONE,2026-08-26T14:48:35.555354
45917,,-52,45,0,3587,65300,42840,3613653,0,99,9,0,0,14:33:5C:6D:AF:58,1,1,ARMED,72.0,0,0,80:02:9C:61:97:4B,11,99,1107.3,,,,,80:02:9C:61:97:4A,0,0,NONE,2026-08-26T14:48:35.618354
45917,,-52,45,0,3615,65300,42840,3613728,0,99,9,0,0,14:33:5C:6D:AF:58,1,1,ARMED,72.0,0,0,80:02:9C:61:97:4B,11,49,835.9,,,,,80:02:9C:61:97:4A,0,0,NONE,2026-08-26T14:48:35.693354
45917,,-52,45,5067,3637,65300,42840,3613796,0,99,9,0,0,14:33:5C:6D:AF:58,1,1,ARMED,72.0,0,0,80:02:9C:61:97:4B,11,23,935.3,,,,,80:02:9C:61:97:4A,0,0,NONE,2026-08-26T14:48:35.761354
45917,,-52,45,0,3660,65300,42840,3613857,0,99,9,0,0,14:33:5C:6D:AF:58,1,1,ARMED,72.0,0,0,80:02:9C:61:97:4B,11,73,851.5,,,,,80:02:9C:61:97:4A,0,0,NONE,2026-08-26T14:48:35.822354
45917,,-52,45,0,3693,65300,42840,3613920,0,99,9,0,0,14:33:5C:6D:AF:58,1,1,ARMED,72.0,0,0,80:02:9C:61:97:4B,11,42,916.9,,,,,80:02:9C:61:97:4A,0,0,NONE,2026-08-26T14:48:35.885354
45917,,-52,45,0,3727,65300,42840,3613999,0,99,9,0,0,14:33:5C:6D:AF:58,1,1,ARMED,72.0,0,1,80:02:9C:61:97:4B,11,24,1006.3,,,,,80:02:9C:61:97:4A,0,0,NONE,2026-08-26T14:48:35.964354
45917,,-52,45,0,3748,65300,42840,3614067,0,99,9,0,0,14:33:5C:6D:AF:58,1,1,ARMED,72.0,0,0,80:02:9C:61:97:4B,11,74,800.4,,,,,80:02:9C:61:97:4A,0,0,NONE,2026-08-26T14:48:36.032354
45917,,-52,45,931,3765,65300,42840,3614117,0,99,9,0,0,14:33:5C:6D:AF:58,1,1,ARMED,72.0,0,0,80:02:9C:61:97:4B,11,49,1449.7,,,,,80:02:9C:61:97:4A,0,0,NONE,2026-08-26T14:48:36.082354
45917,,-52,45,0,3823,64656,42840,3614146,0,99,9,0,0,14:33:5C:6D:AF:58,1,1,ARMED,72.0,0,0,80:02:9C:61:97:4B,11,99,1596.5,,,,,80:02:9C:61:97:4A,0,0,NONE,2026-08-26T14:48:36.111354
45917,,-52,45,655,3831,65300,42840,3614211,0,99,9,0,0,14:33:5C:6D:AF:58,1,1,ARMED,72.0,0,0,80:02:9C:61:97:4B,11,18,769.6,,,,,80:02:9C:61:97:4A,0,0,NONE,2026-08-26T14:48:36.176354
45917,,-52,45,0,3868,65300,42840,3614291,0,99,9,0,0,14:33:5C:6D:AF:58,1,1,ARMED,72.0,0,0,80:02:9C:61:97:4B,11,1,403.9,,,,,80:02:9C:61:97:4A,0,0,NONE,2026-08-26T14:48:36.256354
45917,,-52,45,4531,3879,65300,42840,3614390,0,99,9,0,0,14:33:5C:6D:AF:58,0,1,ARMED,72.0,0,1,80:02:9C:61:97:4B,11,51,506.7,,,,,80:02:9C:61:97:4A,0,0,NONE,2026-08-26T14:48:36.355354
45917,,-54,43,1790,3891,65300,42840,3614474,0,99,9,0,0,14:33:5C:6D:AF:58,0,1,ARMED,72.0,0,0,80:02:9C:61:97:4B,11,50,592.9,,,,,80:02:9C:61:97:4A,0,0,NONE,2026-08-26T14:48:36.439354
45917,,-52,45,312,3922,65300,42840,3614551,0,99,9,0,0,14:33:5C:6D:AF:58,0,1,ARMED,72.0,0,0,80:02:9C:61:97:4B,11,49,804.4,,,,,80:02:9C:61:97:4A,0,0,NONE,2026-08-26T14:48:36.516354
45917,,-52,45,0,3952,65300,42840,3614600,0,99,9,0,0,14:33:5C:6D:AF:58,0,1,ARMED,72.0,0,0,80:02:9C:61:97:4B,11,19,2695.8,,,,,80:02:9C:61:97:4A,0,0,NONE,2026-08-26T14:48:36.565354
45917,,-52,45,0,3956,65300,42840,3614678,0,99,9,0,0,14:33:5C:6D:AF:58,0,1,ARMED,72.0,0,0,80:02:9C:61:97:4B,11,69,812.4,,,,,80:02:9C:61:97:4A,0,0,NONE,2026-08-26T14:48:36.643354
45917,,-52,45,6203,3990,65300,42840,3614763,0,99,9,0,0,14:33:5C:6D:AF:58,0,1,ARMED,72.0,0,1,80:02:9C:61:97:4B,11,44,708.8,,,,,80:02:9C:61:97:4A,0,0,NONE,2026-08-26T14:48:36.728354
45917,MGMT_OTHER,-78,19,589,3534,65300,42840,3614797,0,99,9,0,0,14:33:5C:6D:AF:58,0,1,ARMED,72.0,0,1,80:02:9C:61:97:4B,11,94,983.4,,,,,80:02:9C:61:97:4A,0,0,NONE,2026-08-26T14:48:36.762354
45917,,-89,8,3857,0,65300,42840,3614833,0,99,9,0,0,14:33:5C:6D:AF:58,1,1,ARMED,72.0,0,0,80:02:9C:61:97:4B,11,48,1733.9,,,,,80:02:9C:61:97:4A,0,0,NONE,2026-08-26T14:48:36.798354
45917,,-53,44,0,4056,65300,42840,3614862,0,99,9,0,0,14:33:5C:6D:AF:58,1,1,ARMED,72.0,0,1,80:02:9C:61:97:4B,11,98,1733.0,,,,,80:02:9C:61:97:4A,0,0,NONE,2026-08-26T14:48:36.827354
45917,,-52,45,379,4089,65300,42840,3614956,0,99,9,0,0,14:33:5C:6D:AF:58,1,1,ARMED,72.0,0,0,80:02:9C:61:97:4B,11,30,612.3,,,,,80:02:9C:61:97:4A,0,0,NONE,2026-08-26T14:48:36.921354
45917,,-52,45,0,11,65300,42840,3615025,0,99,9,0,0,14:33:5C:6D:AF:58,1,1,ARMED,72.0,0,0,80:02:9C:61:97:4B,11,27,1691.1,,,,,80:02:9C:61:97:4A,0,0,NONE,2026-08-26T14:48:36.990354
45917,,-53,44,0,51,65300,42840,3615058,0,99,9,0,0,14:33:5C:6D:AF:58,1,1,ARMED,72.0,0,0,80:02:9C:61:97:4B,11,77,1548.1,,,,,80:02:9C:61:97:4A,0,0,NONE,2026-08-26T14:48:37.023354
45917,,-52,45,0,71,65300,42840,3615104,0,99,9,0,0,14:33:5C:6D:AF:58,1,1,ARMED,72.0,0,1,80:02:9C:61:97:4B,11,127,1334.6,,,,,80:02:9C:61:97:4A,0,0,NONE,2026-08-26T14:48:37.069354
45917,,-74,23,6360,3558,65300,42840,3615171,0,99,9,0,0,14:33:5C:6D:AF:58,1,1,ARMED,72.0,0,1,80:02:9C:61:97:4B,11,40,645.4,,,,,80:02:9C:61:97:4A,0,0,NONE,2026-08-26T14:48:37.136354
45917,,-53,44,0,96,65300,42840,3615228,0,99,9,0,0,14:33:5C:6D:AF:58,1,1,ARMED,72.0,0,0,80:02:9C:61:97:4B,11,30,1600.9,,,,,80:02:9C:61:97:4A,0,0,NONE,2026-08-26T14:48:37.193354
45917,,-51,46,6686,2039,65300,42840,3615295,0,99,9,0,0,14:33:5C:6D:AF:58,1,1,ARMED,72.0,0,1,80:02:9C:61:97:4B,11,80,934.6,,,,,80:02:9C:61:97:4A,0,0,NONE,2026-08-26T14:48:37.260354
45917,,-74,23,1428,3565,65300,42840,3615356,0,99,9,0,0,14:33:5C:6D:AF:58,1,1,ARMED,72.0,0,1,80:02:9C:61:97:4B,11,49,1109.6,,,,,80:02:9C:61:97:4A,0,0,NONE,2026-08-26T14:48:37.321354
45917,,-52,45,3439,185,65300,42840,3615442,0,99,9,0,0,14:33:5C:6D:AF:58,1,1,ARMED,72.0,0,0,80:02:9C:61:97:4B,11,26,866.2,,,,,80:02:9C:61:97:4A,0,0,NONE,2026-08-26T14:48:37.407354
45917,,-52,45,0,223,65300,42840,3615518,0,99,9,0,0,14:33:5C:6D:AF:58,1,1,ARMED,72.0,0,0,80:02:9C:61:97:4B,11,5,2000.0,,,,,80:02:9C:61:97:4A,0,0,NONE,2026-08-26T14:48:37.483354
45917,,-52,45,0,274,65300,42840,3615568,0,99,9,0,0,14:33:5C:6D:AF:58,1,1,ARMED,72.0,0,0,80:02:9C:61:97:4B,11,55,1046.9,,,,,80:02:9C:61:97:4A,0,0,NONE,2026-08-26T14:48:37.533354
45917,,-52,45,0,319,65300,42840,3615649,0,99,9,0,0,14:33:5C:6D:AF:58,1,1,ARMED,72.0,0,0,80:02:9C:61:97:4B,11,20,770.9,,,,,80:02:9C:61:97:4A,0,0,NONE,2026-08-26T14:48:37.614354
45917,,-52,45,0,364,65300,42840,3615706,0,99,9,0,0,14:33:5C:6D:AF:58,1,1,ARMED,72.0,0,0,80:02:9C:61:97:4B,11,70,841.6,,,,,80:02:9C:61:97:4A,0,0,NONE,2026-08-26T14:48:37.671354
45917,,-52,45,0,389,65300,42840,3615782,0,99,9,0,0,14:33:5C:6D:AF:58,1,1,ARMED,72.0,0,1,80:02:9C:61:97:4B,11,42,720.5,,,,,80:02:9C:61:97:4A,0,0,NONE,2026-08-26T14:48:37.747354
45917,,-52,45,0,412,65300,42840,3615840,0,99,9,0,0,14:33:5C:6D:AF:58,1,1,ARMED,72.0,0,0,80:02:9C:61:97:4B,11,16,1147.0,,,,,80:02:9C:61:97:4A,0,0,NONE,2026-08-26T14:48:37.805354
45917,,-74,23,0,3594,65300,42840,3615893,0,99,9,0,0,14:33:5C:6D:AF:58,1,1,ARMED,72.0,0,0,80:02:9C:61:97:4B,11,66,984.7,,,,,80:02:9C:61:97:4A,0,0,NONE,2026-08-26T14:48:37.858354
45917,,-52,45,0,460,65300,42840,3615958,0,99,9,0,0,14:33:5C:6D:AF:58,1,1,ARMED,72.0,0,0,80:02:9C:61:97:4B,11,39,1313.0,,,,,80:02:9C:61:97:4A,0,0,NONE,2026-08-26T14:48:37.923354
45917,,-52,45,0,500,65300,42840,3616025,0,99,9,0,0,14:33:5C:6D:AF:58,1,1,ARMED,72.0,0,0,80:02:9C:61:97:4B,11,89,920.1,,,,,80:02:9C:61:97:4A,0,0,NONE,2026-08-26T14:48:37.990354
45917,,-52,45,0,531,65300,42840,3616072,0,99,9,0,0,14:33:5C:6D:AF:58,1,1,ARMED,72.0,0,0,80:02:9C:61:97:4B,11,47,1082.3,,,,,80:02:9C:61:97:4A,0,0,NONE,2026-08-26T14:48:38.037354
45917,,-74,23,1151,3609,65300,42840,3616131,0,99,9,0,0,14:33:5C:6D:AF:58,1,1,ARMED,72.0,0,1,80:02:9C:61:97:4B,11,1,438.4,,,,,80:02:9C:61:97:4A,0,0,NONE,2026-08-26T14:48:38.096354
45917,,-52,45,0,579,65300,42840,3616199,0,99,9,0,0,14:33:5C:6D:AF:58,1,1,ARMED,72.0,0,0,80:02:9C:61:97:4B,11,51,731.4,,,,,80:02:9C:61:97:4A,0,0,NONE,2026-08-26T14:48:38.164354
45917,,-52,45,5376,1969,65300,42840,3616249,0,99,9,0,0,14:33:5C:6D:AF:58,1,1,ARMED,72.0,0,1,80:02:9C:61:97:4B,11,20,1115.2,,,,,80:02:9C:61:97:4A,0,0,NONE,2026-08-26T14:48:38.214354
45917,,-53,44,1061,639,64656,42840,3616280,0,99,9,0,0,14:33:5C:6D:AF:58,1,1,ARMED,72.0,0,0,80:02:9C:61:97:4B,11,70,1426.0,,,,,80:02:9C:61:97:4A,0,0,NONE,2026-08-26T14:48:38.245354
45917,,-52,45,0,655,65300,42840,3616335,0,99,9,0,0,14:33:5C:6D:AF:58,1,1,ARMED,72.0,0,0,80:02:9C:61:97:4B,11,1,412.9,,,,,80:02:9C:61:97:4A,0,0,NONE,2026-08-26T14:48:38.300354
45917,,-52,45,0,677,65300,42840,3616374,0,99,9,0,0,14:33:5C:6D:AF:58,1,1,ARMED,72.0,0,0,80:02:9C:61:97:4B,11,51,1213.8,,,,,80:02:9C:61:97:4A,0,0,NONE,2026-08-26T14:48:38.339354
45917,,-52,45,0,695,65300,42840,3616414,0,99,9,0,0,14:33:5C:6D:AF:58,1,1,ARMED,72.0,0,0,80:02:9C:61:97:4B,11,101,1227.8,,,,,80:02:9C:61:97:4A,0,0,NONE,2026-08-26T14:48:38.379354
45917,,-52,45,0,699,65300,42840,3616496,0,99,9,0,0,14:33:5C:6D:AF:58,1,1,ARMED,72.0,0,1,80:02:9C:61:97:4B,11,36,604.4,,,,,80:02:9C:61:97:4A,0,0,NONE,2026-08-26T14:48:38.461354
45917,,-52,45,0,725,65300,42840,3616567,0,99,9,0,0,14:33:5C:6D:AF:58,1,1,ARMED,72.0,0,0,80:02:9C:61:97:4B,11,31,1133.4,,,,,80:02:9C:61:97:4A,0,0,NONE,2026-08-26T14:48:38.532354
45917,,-53,44,0,768,65300,42840,3616583,0,99,9,0,0,14:33:5C:6D:AF:58,1,1,ARMED,72.0,0,0,80:02:9C:61:97:4B,11,81,1865.4,,,,,80:02:9C:61:97:4A,0,0,NONE,2026-08-26T14:48:38.548354
45917,,-52,45,0,785,65300,42840,3616647,0,99,9,0,0,14:33:5C:6D:AF:58,1,1,ARMED,72.0,0,0,80:02:9C:61:97:4B,11,7,1065.4,,,,,80:02:9C:61:97:4A,0,0,NONE,2026-08-26T14:48:38.612354
45917,,44,44,0,1023,65300,42840,3616669,0,99,9,0,0,14:33:5C:6D:AF:58,1,1,ARMED,72.0,0,1,80:02:9C:61:97:4B,11,57,2044.2,,,,,80:02:9C:61:97:4A,0,0,NONE,2026-08-26T14:48:38.634354
45917,,-75,22,0,3642,65300,42840,3616794,0,99,9,0,0,14:33:5C:6D:AF:58,1,1,ARMED,72.0,0,0,80:02:9C:61:97:4B,11,13,263.1,,,,,80:02:9C:61:97:4A,0,0,NONE,2026-08-26T14:48:38.759354
45917,,-52,45,272,979,65300,42840,3616865,0,99,9,0,0,14:33:5C:6D:AF:58,1,1,ARMED,72.0,0,0,80:02:9C:61:97:4B,11,12,678.3,,,,,80:02:9C:61:97:4A,0,0,NONE,2026-08-26T14:48:38.830354
45917,,-53,44,0,1032,65300,42840,3616885,0,99,9,0,0,14:33:5C:6D:AF:58,1,1,ARMED,72.0,0,0,80:02:9C:61:97:4B,11,62,1636.5,,,,,80:02:9C:61:97:4A,0,0,NONE,2026-08-26T14:48:38.850354
45917,,-75,22,0,3659,65300,42840,3616989,0,99,9,0,0,14:33:5C:6D:AF:58,1,1,ARMED,72.0,0,0,80:02:9C:61:97:4B,11,20,512.3,,,,,80:02:9C:61:97:4A,0,0,NONE,2026-08-26T14:48:38.954354
45917,,-52,45,1605,1081,65300,42840,3617062,0,99,9,0,0,14:33:5C:6D:AF:58,1,1,ARMED,72.0,0,0,80:02:9C:61:97:4B,11,7,569.1,,,,,80:02:9C:61:97:4A,0,0,NONE,2026-08-26T14:48:39.027354
45917,,-52,45,3565,1070,65300,42840,3617158,0,99,9,0,0,14:33:5C:6D:AF:58,0,1,ARMED,72.0,0,1,80:02:9C:61:97:4B,11,2,339.4,,,,,80:02:9C:61:97:4A,0,0,NONE,2026-08-26T14:48:39.123354
45917,,-52,45,349,1121,65300,42840,3617185,0,99,9,0,0,14:33:5C:6D:AF:58,0,1,ARMED,72.0,0,1,80:02:9C:61:97:4B,11,52,1572.6,,,,,80:02:9C:61:97:4A,0,0,NONE,2026-08-26T14:48:39.150354
45917,,-52,45,0,1153,64656,42840,3617206,0,99,9,0,0,14:33:5C:6D:AF:58,0,1,ARMED,72.0,0,0,80:02:9C:61:97:4B,11,102,1874.9,,,,,80:02:9C:61:97:4A,0,0,NONE,2026-08-26T14:48:39.171354
45917,,-52,45,0,1195,65300,42840,3617236,0,99,9,0,0,14:33:5C:6D:AF:58,0,1,ARMED,72.0,0,0,80:02:9C:61:97:4B,11,152,1800.5,,,,,80:02:9C:61:97:4A,0,0,NONE,2026-08-26T14:48:39.201354
45917,,-52,45,998,1207,65300,42840,3617292,0,99,9,0,0,14:33:5C:6D:AF:58,0,1,ARMED,72.0,0,1,80:02:9C:61:97:4B,11,36,1180.3,,,,,80:02:9C:61:97:4A,0,0,NONE,2026-08-26T14:48:39.257354
45917,,-92,5,1967,336,65300,42840,3617344,0,99,9,0,0,14:33:5C:6D:AF:58,0,1,ARMED,72.0,0,1,80:02:9C:61:97:4B,11,86,1051.2,,,,,80:02:9C:61:97:4A,0,0,NONE,2026-08-26T14:48:39.309354
45917,,-52,45,0,1256,65300,42840,3617399,0,99,9,0,0,14:33:5C:6D:AF:58,0,1,ARMED,72.0,0,0,80:02:9C:61:97:4B,11,46,1364.3,,,,,80:02:9C:61:97:4A,0,0,NONE,2026-08-26T14:48:39.364354
45917,,-58,39,589,600,65300,42840,3617463,0,99,9,0,0,14:33:5C:6D:AF:58,0,1,ARMED,72.0,0,1,80:02:9C:61:97:4B,11,96,986.1,,,,,80:02:9C:61:97:4A,0,0,NONE,2026-08-26T14:48:39.428354
45917,,-53,44,2579,1280,65300,42840,3617485,0,99,9,0,0,14:33:5C:6D:AF:58,1,1,ARMED,72.0,0,0,80:02:9C:61:97:4B,11,49,2606.1,,,,,80:02:9C:61:97:4A,0,0,NONE,2026-08-26T14:48:39.450354
45917,,-52,45,0,1321,65300,42840,3617520,0,99,9,0,0,14:33:5C:6D:AF:58,1,1,ARMED,72.0,0,0,80:02:9C:61:97:4B,11,99,1809.1,,,,,80:02:9C:61:97:4A,0,0,NONE,2026-08-26T14:48:39.485354
45917,,-52,45,0,1353,65300,42840,3617582,0,99,9,0,0,14:33:5C:6D:AF:58,1,1,ARMED,72.0,0,0,80:02:9C:61:97:4B,11,17,1098.2,,,,,80:02:9C:61:97:4A,0,0,NONE,2026-08-26T14:48:39.547354
45917,,-52,45,0,1357,65300,42840,3617657,0,99,9,0,0,14:33:5C:6D:AF:58,1,1,ARMED,72.0,0,0,80:02:9C:61:97:4B,11,67,739.7,,,,,80:02:9C:61:97:4A,0,0,NONE,2026-08-26T14:48:39.622354
45917,,-52,45,0,1384,65300,42840,3617695,0,99,9,0,0,14:33:5C:6D:AF:58,1,1,ARMED,72.0,0,0,80:02:9C:61:97:4B,11,47,1700.2,,,,,80:02:9C:61:97:4A,0,0,NONE,2026-08-26T14:48:39.660354
45917,BEACON,-86,11,7489,1785,65300,42840,3617764,0,99,9,0,0,14:33:5C:6D:AF:58,1,1,ARMED,72.0,0,1,80:02:9C:61:97:4B,11,97,1000.7,,,,,80:02:9C:61:97:4A,0,0,NONE,2026-08-26T14:48:39.729354
45917,,-53,44,0,1450,63872,42840,3617786,0,99,9,0,0,14:33:5C:6D:AF:58,1,1,ARMED,72.0,0,0,80:02:9C:61:97:4B,11,49,2757.5,,,,,80:02:9C:61:97:4A,0,0,NONE,2026-08-26T14:48:39.751354
45917,,-52,45,6036,1482,65300,42840,3617840,0,99,9,0,0,14:33:5C:6D:AF:58,1,1,ARMED,72.0,0,0,80:02:9C:61:97:4B,11,99,1376.4,,,,,80:02:9C:61:97:4A,0,0,NONE,2026-08-26T14:48:39.805354
45917,,-76,21,0,3749,65300,42840,3617912,0,99,9,0,0,14:33:5C:6D:AF:58,1,1,ARMED,72.0,0,0,80:02:9C:61:97:4B,11,17,386.3,,,,,80:02:9C:61:97:4A,0,0,NONE,2026-08-26T14:48:39.877354
45917,,-57,40,0,612,63568,42840,3618033,0,99,9,0,0,14:33:5C:6D:AF:58,1,1,ARMED,72.0,0,0,80:02:9C:61:97:4B,11,16,268.0,,,,,80:02:9C:61:97:4A,0,0,NONE,2026-08-26T14:48:39.998354
45917,BEACON,-83,14,3934,3361,65300,42840,3618169,0,99,9,0,0,14:33:5C:6D:AF:58,0,1,ARMED,72.0,0,1,80:02:9C:61:97:4B,11,30,321.0,,,,,80:02:9C:61:97:4A,0,0,NONE,2026-08-26T14:48:40.134354
45917,,-59,38,868,128,65300,42840,3618322,0,99,9,0,0,14:33:5C:6D:AF:58,1,1,ARMED,72.0,0,0,80:02:9C:61:97:4B,11,11,329.1,,,,,80:02:9C:61:97:4A,0,0,NONE,2026-08-26T14:48:40.287354
45917,BEACON,-58,39,3887,617,65300,42840,3618543,0,99,9,0,0,14:33:5C:6D:AF:58,0,0,ARMED,72.0,0,1,80:02:9C:61:97:4B,11,18,355.5,,,,,80:02:9C:61:97:4A,0,0,NONE,2026-08-26T14:48:40.508354
45917,BEACON,-85,12,0,2873,65300,42840,3618687,0,99,9,0,0,14:33:5C:6D:AF:58,0,1,ARMED,72.0,0,1,80:02:9C:61:97:4B,11,23,260.7,,,,,80:02:9C:61:97:4A,0,0,NONE,2026-08-26T14:48:40.652354
45917,,-74,23,6928,3458,65300,42840,3618961,0,99,9,0,0,14:33:5C:6D:AF:58,0,0,ARMED,72.0,0,1,80:02:9C:61:97:4B,11,9,194.1,,,,,80:02:9C:61:97:4A,0,0,NONE,2026-08-26T14:48:40.926354
45917,BEACON,-85,12,10810,2878,65300,42840,3619205,0,99,9,0,0,14:33:5C:6D:AF:58,1,0,ARMED,72.0,0,1,80:02:9C:61:97:4B,11,17,214.3,,,,,80:02:9C:61:97:4A,0,0,NONE,2026-08-26T14:48:41.170354
45917,,-59,38,8808,143,65300,42840,3619373,0,99,9,0,0,14:33:5C:6D:AF:58,0,1,ARMED,72.0,0,1,80:02:9C:61:97:4B,11,8,214.6,,,,,80:02:9C:61:97:4A,0,0,NONE,2026-08-26T14:48:41.338354
45917,BEACON,-87,10,120,2401,65300,42840,3619558,0,99,9,0,0,14:33:5C:6D:AF:58,1,0,ARMED,72.0,0,1,80:02:9C:61:97:4B,11,6,390.0,,,,,80:02:9C:61:97:4A,0,0,NONE,2026-08-26T14:48:41.523354
45917,,-91,6,601,37,65300,42840,3619795,0,99,9,0,0,14:33:5C:6D:AF:58,0,0,ARMED,72.0,0,1,80:02:9C:61:97:4B,11,7,191.5,,,,,80:02:9C:61:97:4A,0,0,NONE,2026-08-26T14:48:41.760354
45917,,-59,38,664,154,60520,42840,3620000,0,99,9,0,0,14:33:5C:6D:AF:58,0,0,ARMED,72.0,0,0,80:02:9C:61:97:4B,11,7,229.8,,,,,80:02:9C:61:97:4A,0,0,NONE,2026-08-26T14:48:41.965354
45917,,-89,8,4528,3995,65300,42840,3620192,0,99,9,0,0,14:33:5C:6D:AF:58,1,1,ARMED,72.0,0,1,80:02:9C:61:97:4B,11,5,355.4,,,,,80:02:9C:61:97:4A,0,0,NONE,2026-08-26T14:48:42.157354
45917,,-52,45,0,1587,65300,42840,3620298,0,99,9,0,0,14:33:5C:6D:AF:58,1,1,ARMED,72.0,0,0,80:02:9C:61:97:4B,11,23,1174.5,,,,,80:02:9C:61:97:4A,0,0,NONE,2026-08-26T14:48:42.263354
45917,,-53,44,1066,1621,65300,42840,3620364,0,99,9,0,0,14:33:5C:6D:AF:58,1,1,ARMED,72.0,0,0,80:02:9C:61:97:4B,11,73,856.7,,,,,80:02:9C:61:97:4A,0,0,NONE,2026-08-26T14:48:42.329354
45917,,-52,45,0,1664,65300,42840,3620418,0,99,9,0,0,14:33:5C:6D:AF:58,1,1,ARMED,72.0,0,0,80:02:9C:61:97:4B,11,49,1306.0,,,,,80:02:9C:61:97:4A,0,0,NONE,2026-08-26T14:48:42.383354
45917,,-52,45,3308,1672,65300,42840,3620488,0,99,9,0,0,14:33:5C:6D:AF:58,1,1,ARMED,72.0,0,1,80:02:9C:61:97:4B,11,1,149.6,,,,,80:02:9C:61:97:4A,0,0,NONE,2026-08-26T14:48:42.453354
45917,,-52,45,1377,1695,65300,42840,3620570,0,99,9,0,0,14:33:5C:6D:AF:58,1,1,ARMED,72.0,0,0,80:02:9C:61:97:4B,11,51,579.0,,,,,80:02:9C:61:97:4A,0,0,NONE,2026-08-26T14:48:42.535354
45917,,-52,45,0,1712,65300,42840,3620620,0,99,9,0,0,14:33:5C:6D:AF:58,1,1,ARMED,72.0,0,0,80:02:9C:61:97:4B,11,33,941.7,,,,,80:02:9C:61:97:4A,0,0,NONE,2026-08-26T14:48:42.585354
45917,,-52,45,0,1756,64656,42840,3620660,0,99,9,0,0,14:33:5C:6D:AF:58,1,1,ARMED,72.0,0,0,80:02:9C:61:97:4B,11,83,1106.8,,,,,80:02:9C:61:97:4A,0,0,NONE,2026-08-26T14:48:42.625354
45917,,-77,20,1166,3459,65300,42840,3620689,0,99,9,0,0,14:33:5C:6D:AF:58,1,1,ARMED,72.0,0,1,80:02:9C:61:97:4B,11,5,1345.2,,,,,80:02:9C:61:97:4A,0,0,NONE,2026-08-26T14:48:42.654354
45917,,-77,20,0,3806,65300,42840,3620768,0,99,9,0,0,14:33:5C:6D:AF:58,1,1,ARMED,72.0,0,0,80:02:9C:61:97:4B,11,55,670.5,,,,,80:02:9C:61:97:4A,0,0,NONE,2026-08-26T14:48:42.733354
45917,,-52,45,0,1848,65300,42840,3620852,0,99,9,0,0,14:33:5C:6D:AF:58,1,1,ARMED,72.0,0,0,80:02:9C:61:97:4B,11,29,473.6,,,,,80:02:9C:61:97:4A,0,0,NONE,2026-08-26T14:48:42.817354
45917,,-85,12,4710,51,65300,42840,3620937,0,99,9,0,0,14:33:5C:6D:AF:58,1,1,ARMED,72.0,0,1,80:02:9C:61:97:4B,11,20,448.2,,,,,80:02:9C:61:97:4A,0,0,NONE,2026-08-26T14:48:42.902354
45917,,-53,44,4348,1901,65300,42840,3620985,0,99,9,0,0,14:33:5C:6D:AF:58,1,1,ARMED,72.0,0,0,80:02:9C:61:97:4B,11,70,754.5,,,,,80:02:9C:61:97:4A,0,0,NONE,2026-08-26T14:48:42.950354
45917,,-77,20,0,3819,64496,42840,3621054,0,99,9,0,0,14:33:5C:6D:AF:58,0,1,ARMED,72.0,0,0,80:02:9C:61:97:4B,11,49,939.6,,,,,80:02:9C:61:97:4A,0,0,NONE,2026-08-26T14:48:43.019354
45917,,-52,45,0,1918,65300,42840,3621133,0,99,9,0,0,14:33:5C:6D:AF:58,0,1,ARMED,72.0,0,0,80:02:9C:61:97:4B,11,21,671.2,,,,,80:02:9C:61:97:4A,0,0,NONE,2026-08-26T14:48:43.098354
45917,,-73,24,3649,3827,65300,42840,3621231,0,99,9,0,0,14:33:5C:6D:AF:58,0,1,ARMED,72.0,0,0,80:02:9C:61:97:4B,11,16,582.1,,,,,80:02:9C:61:97:4A,0,0,NONE,2026-08-26T14:48:43.196354
45917,,-85,12,0,574,65300,42840,3621350,0,99,9,0,0,14:33:5C:6D:AF:58,0,1,ARMED,72.0,0,0,80:02:9C:61:97:4B,11,17,395.4,,,,,80:02:9C:61:97:4A,0,0,NONE,2026-08-26T14:48:43.315354
45917,,-53,44,0,1989,65300,42840,3621434,0,99,9,0,0,14:33:5C:6D:AF:58,0,1,ARMED,72.0,0,0,80:02:9C:61:97:4B,11,28,1034.2,,,,,80:02:9C:61:97:4A,0,0,NONE,2026-08-26T14:48:43.399354
45917,,-52,45,2828,1989,65300,42840,3621509,0,99,9,0,0,14:33:5C:6D:AF:58,0,1,ARMED,72.0,0,1,80:02:9C:61:97:4B,11,78,769.9,,,,,80:02:9C:61:97:4A,0,0,NONE,2026-08-26T14:48:43.474354
45917,,-53,44,4600,149,65300,42840,3621593,0,99,9,0,0,14:33:5C:6D:AF:58,0,1,ARMED,72.0,0,1,80:02:9C:61:97:4B,11,50,590.0,,,,,80:02:9C:61:97:4A,0,0,NONE,2026-08-26T14:48:43.558354
45917,MGMT_OTHER,-51,46,0,3595,65300,42840,3621728,0,99,9,0,0,14:33:5C:6D:AF:58,0,1,ARMED,72.0,0,1,80:02:9C:61:97:4B,11,2,186.8,,,,,80:02:9C:61:97:4A,0,0,NONE,2026-08-26T14:48:43.693354
45917,,-52,45,1791,2037,65300,42840,3621905,0,99,9,0,0,14:33:5C:6D:AF:58,0,0,ARMED,72.0,0,0,80:02:9C:61:97:4B,11,25,304.2,,,,,80:02:9C:61:97:4A,0,0,NONE,2026-08-26T14:48:43.870354
45917,,-59,38,0,2077,65300,42840,3622048,0,99,9,0,0,14:33:5C:6D:AF:58,0,1,ARMED,72.0,0,0,80:02:9C:61:97:4B,11,8,408.2,,,,,80:02:9C:61:97:4A,0,0,NONE,2026-08-26T14:48:44.013354
45917,,-73,24,0,156,65300,42840,3622183,0,99,9,0,0,14:33:5C:6D:AF:58,0,1,ARMED,72.0,0,0,80:02:9C:61:97:4B,11,28,615.6,,,,,80:02:9C:61:97:4A,0,0,NONE,2026-08-26T14:48:44.148354
45917,,-58,39,16425,2123,65300,42840,3622306,0,99,9,0,0,14:33:5C:6D:AF:58,0,1,ARMED,72.0,0,0,80:02:9C:61:97:4B,11,24,361.1,,,,,80:02:9C:61:97:4A,0,0,NONE,2026-08-26T14:48:44.271354
45917,,-75,22,0,3855,65300,42840,3622384,0,99,9,0,0,14:33:5C:6D:AF:58,0,1,ARMED,72.0,0,0,80:02:9C:61:97:4B,11,29,657.9,,,,,80:02:9C:61:97:4A,0,0,NONE,2026-08-26T14:48:44.349354
45917,,-58,39,0,2180,65300,42840,3622495,0,99,9,0,0,14:33:5C:6D:AF:58,0,1,ARMED,72.0,0,0,80:02:9C:61:97:4B,11,19,350.3,,,,,80:02:9C:61:97:4A,0,0,NONE,2026-08-26T14:48:44.460354
45917,,-72,25,0,3870,65300,42840,3622562,0,99,9,0,0,14:33:5C:6D:AF:58,0,1,ARMED,72.0,0,1,80:02:9C:61:97:4B,11,29,1534.6,,,,,80:02:9C:61:97:4A,0,0,NONE,2026-08-26T14:48:44.527354
45917,,-58,39,0,2231,65300,42840,3622686,0,99,9,0,0,14:33:5C:6D:AF:58,0,1,ARMED,72.0,0,0,80:02:9C:61:97:4B,11,14,334.9,,,,,80:02:9C:61:97:4A,0,0,NONE,2026-08-26T14:48:44.651354
45917,,-57,40,0,2268,65300,42840,3622807,0,99,9,0,0,14:33:5C:6D:AF:58,0,1,ARMED,72.0,0,0,80:02:9C:61:97:4B,11,24,397.4,,,,,80:02:9C:61:97:4A,0,0,NONE,2026-08-26T14:48:44.772354
45917,,-59,38,0,2285,64656,42840,3622891,0,99,9,0,0,14:33:5C:6D:AF:58,0,1,ARMED,72.0,0,0,80:02:9C:61:97:4B,11,11,252.0,,,,,80:02:9C:61:97:4A,0,0,NONE,2026-08-26T14:48:44.856354
45917,,44,44,0,1023,65300,42840,3623019,0,99,9,0,0,14:33:5C:6D:AF:58,0,1,ARMED,72.0,0,1,80:02:9C:61:97:4B,11,25,358.3,,,,,80:02:9C:61:97:4A,0,0,NONE,2026-08-26T14:48:44.984354
45917,,-58,39,0,2347,65300,42840,3623144,0,99,9,0,0,14:33:5C:6D:AF:58,0,1,ARMED,72.0,0,0,80:02:9C:61:97:4B,11,37,393.1,,,,,80:02:9C:61:97:4A,0,0,NONE,2026-08-26T14:48:45.109354
45917,,-75,22,0,3893,65300,42840,3623251,0,99,9,0,0,14:33:5C:6D:AF:58,0,1,ARMED,72.0,0,0,80:02:9C:61:97:4B,11,49,545.5,,,,,80:02:9C:61:97:4A,0,0,NONE,2026-08-26T14:48:45.216354
45917,,-57,40,0,2399,65300,42840,3623345,0,99,9,0,0,14:33:5C:6D:AF:58,0,1,ARMED,72.0,0,0,80:02:9C:61:97:4B,11,41,491.3,,,,,80:02:9C:61:97:4A,0,0,NONE,2026-08-26T14:48:45.310354
45917,,-58,39,0,2427,65300,42840,3623463,0,99,9,0,0,14:33:5C:6D:AF:58,0,1,ARMED,72.0,0,0,80:02:9C:61:97:4B,11,49,525.0,,,,,80:02:9C:61:97:4A,0,0,NONE,2026-08-26T14:48:45.428354
45917,BEACON,-58,39,4200,692,65300,42840,3623669,0,99,9,0,0,14:33:5C:6D:AF:58,0,0,ARMED,72.0,0,1,80:02:9C:61:97:4B,11,23,251.5,,,,,80:02:9C:61:97:4A,0,0,NONE,2026-08-26T14:48:45.634354
45917,,-57,40,0,2476,65300,42840,3623820,0,99,9,0,0,14:33:5C:6D:AF:58,0,1,ARMED,72.0,0,0,80:02:9C:61:97:4B,11,14,404.8,,,,,80:02:9C:61:97:4A,0,0,NONE,2026-08-26T14:48:45.785354
45917,,-52,45,2183,2502,65300,42840,3623967,0,99,9,0,0,14:33:5C:6D:AF:58,0,1,ARMED,72.0,0,0,80:02:9C:61:97:4B,11,31,381.2,,,,,80:02:9C:61:97:4A,0,0,NONE,2026-08-26T14:48:45.932354
45917,,-52,45,8221,2527,65300,42840,3624115,0,99,9,0,0,14:33:5C:6D:AF:58,0,1,ARMED,72.0,0,0,80:02:9C:61:97:4B,11,14,531.1,,,,,80:02:9C:61:97:4A,0,0,NONE,2026-08-26T14:48:46.080354
45917,,-52,45,0,2541,65300,42840,3624227,0,99,9,0,0,14:33:5C:6D:AF:58,0,1,ARMED,72.0,0,0,80:02:9C:61:97:4B,11,23,680.8,,,,,80:02:9C:61:97:4A,0,0,NONE,2026-08-26T14:48:46.192354
45917,,-79,18,0,3935,65300,42840,3624261,0,99,9,0,0,14:33:5C:6D:AF:58,0,1,ARMED,72.0,0,0,80:02:9C:61:97:4B,11,73,1075.3,,,,,80:02:9C:61:97:4A,0,0,NONE,2026-08-26T14:48:46.226354
45917,,-52,45,4167,2581,65300,42840,3624323,0,99,9,0,0,14:33:5C:6D:AF:58,0,1,ARMED,72.0,0,0,80:02:9C:61:97:4B,11,14,477.9,,,,,80:02:9C:61:97:4A,0,0,NONE,2026-08-26T14:48:46.288354
45917,,-52,45,10387,2603,65300,42840,3624421,0,99,9,0,0,14:33:5C:6D:AF:58,0,1,ARMED,72.0,0,0,80:02:9C:61:97:4B,11,17,694.6,,,,,80:02:9C:61:97:4A,0,0,NONE,2026-08-26T14:48:46.386354
45917,,-52,45,4612,2620,65300,42840,3624501,0,99,9,0,0,14:33:5C:6D:AF:58,0,1,ARMED,72.0,0,1,80:02:9C:61:97:4B,11,1,1000.0,,,,,80:02:9C:61:97:4A,0,0,NONE,2026-08-26T14:48:46.466354
45917,,-91,6,20871,673,65300,42840,3624648,0,99,9,0,0,14:33:5C:6D:AF:58,1,1,ARMED,72.0,0,1,80:02:9C:61:97:4B,11,9,198.0,,,,,80:02:9C:61:97:4A,0,0,NONE,2026-08-26T14:48:46.613354
45917,MGMT_OTHER,-91,6,15128,218,65300,42840,3624921,0,99,9,0,0,14:33:5C:6D:AF:58,0,0,ARMED,72.0,0,1,80:02:9C:61:97:4B,11,1,92.6,,,,,80:02:9C:61:97:4A,0,0,NONE,2026-08-26T14:48:46.886354
45917,BEACON,-88,9,2361,693,65300,42840,3625106,0,99,9,0,0,14:33:5C:6D:AF:58,1,1,ARMED,72.0,0,1,80:02:9C:61:97:4B,11,27,290.0,,,,,80:02:9C:61:97:4A,0,0,NONE,2026-08-26T14:48:47.071354
45917,,-52,45,0,2647,65300,42840,3625307,0,99,9,0,0,14:33:5C:6D:AF:58,0,0,ARMED,72.0,0,0,80:02:9C:61:97:4B,11,29,323.9,,,,,80:02:9C:61:97:4A,0,0,NONE,2026-08-26T14:48:47.272354
45917,,-52,45,0,2659,65300,42840,3625349,0,99,9,0,0,14:33:5C:6D:AF:58,1,1,ARMED,72.0,0,0,80:02:9C:61:97:4B,11,49,1967.8,,,,,80:02:9C:61:97:4A,0,0,NONE,2026-08-26T14:48:47.314354
45917,,-52,45,3440,2654,65300,42840,3625399,0,99,9,0,0,14:33:5C:6D:AF:58,1,1,ARMED,72.0,0,0,80:02:9C:61:97:4B,11,99,1324.7,,,,,80:02:9C:61:97:4A,0,0,NONE,2026-08-26T14:48:47.364354
45917,,-52,45,2337,2666,65300,42840,3625493,0,99,9,0,0,14:33:5C:6D:AF:58,1,1,ARMED,72.0,0,0,80:02:9C:61:97:4B,11,39,582.8,,,,,80:02:9C:61:97:4A,0,0,NONE,2026-08-26T14:48:47.458354
45917,,-52,45,0,2714,65300,42840,3625592,0,99,9,0,0,14:33:5C:6D:AF:58,1,1,ARMED,72.0,0,0,80:02:9C:61:97:4B,11,35,551.5,,,,,80:02:9C:61:97:4A,0,0,NONE,2026-08-26T14:48:47.557354
45917,,-52,45,379,2694,65300,42840,3625681,0,99,9,0,0,14:33:5C:6D:AF:58,1,1,ARMED,72.0,0,0,80:02:9C:61:97:4B,11,21,422.8,,,,,80:02:9C:61:97:4A,0,0,NONE,2026-08-26T14:48:47.646354
45917,,-53,44,667,2709,65300,42840,3625768,0,99,9,0,0,14:33:5C:6D:AF:58,1,1,ARMED,72.0,0,0,80:02:9C:61:97:4B,11,28,761.5,,,,,80:02:9C:61:97:4A,0,0,NONE,2026-08-26T14:48:47.733354
45917,,-76,21,0,3964,64792,42840,3625839,0,99,9,0,0,14:33:5C:6D:AF:58,1,1,ARMED,72.0,0,0,80:02:9C:61:97:4B,11,6,857.5,,,,,80:02:9C:61:97:4A,0,0,NONE,2026-08-26T14:48:47.804354
45917,,-52,45,0,2756,65300,42840,3625897,0,99,9,0,0,14:33:5C:6D:AF:58,1,1,ARMED,72.0,0,0,80:02:9C:61:97:4B,11,56,864.4,,,,,80:02:9C:61:97:4A,0,0,NONE,2026-08-26T14:48:47.862354
45917,,-52,45,944,2771,65300,42840,3625994,0,99,9,0,0,14:33:5C:6D:AF:58,1,1,ARMED,72.0,0,0,80:02:9C:61:97:4B,11,30,510.9,,,,,80:02:9C:61:97:4A,0,0,NONE,2026-08-26T14:48:47.959354
45917,,-52,45,0,2767,65300,42840,3626070,0,99,9,0,0,14:33:5C:6D:AF:58,1,1,ARMED,72.0,0,0,80:02:9C:61:97:4B,11,30,887.9,,,,,80:02:9C:61:97:4A,0,0,NONE,2026-08-26T14:48:48.035354
45917,,-81,16,3704,0,65300,42840,3626169,0,99,9,0,0,14:33:5C:6D:AF:58,0,1,ARMED,72.0,0,0,80:02:9C:61:97:4B,11,18,761.9,,,,,80:02:9C:61:97:4A,0,0,NONE,2026-08-26T14:48:48.134354
45917,,-53,44,1754,195,65300,42840,3626238,0,99,9,0,0,14:33:5C:6D:AF:58,0,1,ARMED,72.0,0,1,80:02:9C:61:97:4B,11,68,731.2,,,,,80:02:9C:61:97:4A,0,0,NONE,2026-08-26T14:48:48.203354
45917,,-53,44,3869,2796,65236,42840,3626331,0,99,9,0,0,14:33:5C:6D:AF:58,0,1,ARMED,72.0,0,1,80:02:9C:61:97:4B,11,49,644.3,,,,,80:02:9C:61:97:4A,0,0,NONE,2026-08-26T14:48:48.296354
45917,MGMT_OTHER,-81,16,4402,0,65300,42840,3626438,0,99,9,0,0,14:33:5C:6D:AF:58,1,1,ARMED,72.0,0,0,80:02:9C:61:97:4B,11,35,424.1,,,,,80:02:9C:61:97:4A,0,0,NONE,2026-08-26T14:48:48.403354
45917,,-75,22,0,3993,65032,42840,3626517,0,99,9,0,0,14:33:5C:6D:AF:58,1,1,ARMED,72.0,0,0,80:02:9C:61:97:4B,11,36,585.9,,,,,80:02:9C:61:97:4A,0,0,NONE,2026-08-26T14:48:48.482354
45917,,-53,44,3439,2885,65300,42840,3626612,0,99,9,0,0,14:33:5C:6D:AF:58,1,1,ARMED,72.0,0,0,80:02:9C:61:97:4B,11,13,282.3,,,,,80:02:9C:61:97:4A,0,0,NONE,2026-08-26T14:48:48.577354
45917,,-58,39,589,753,65300,42840,3626699,0,99,9,0,0,14:33:5C:6D:AF:58,1,1,ARMED,72.0,0,1,80:02:9C:61:97:4B,11,21,676.7,,,,,80:02:9C:61:97:4A,0,0,NONE,2026-08-26T14:48:48.664354
45917,,-52,45,0,2931,65300,42840,3626806,0,99,9,0,0,14:33:5C:6D:AF:58,1,1,ARMED,72.0,0,0,80:02:9C:61:97:4B,11,15,561.8,,,,,80:02:9C:61:97:4A,0,0,NONE,2026-08-26T14:48:48.771354
45917,BEACON,-57,40,1688,757,65300,42840,3626940,0,99,9,0,0,14:33:5C:6D:AF:58,1,1,ARMED,72.0,0,1,80:02:9C:61:97:4B,11,16,263.1,,,,,80:02:9C:61:97:4A,0,0,NONE,2026-08-26T14:48:48.905354
45917,,-57,40,0,760,65300,42840,3627035,0,99,9,0,0,14:33:5C:6D:AF:58,0,1,ARMED,72.0,0,0,80:02:9C:61:97:4B,11,31,576.0,,,,,80:02:9C:61:97:4A,0,0,NONE,2026-08-26T14:48:49.000354
45917,,-59,38,0,2976,65300,42840,3627261,0,99,9,0,0,14:33:5C:6D:AF:58,0,0,ARMED,72.0,0,0,80:02:9C:61:97:4B,11,18,256.3,,,,,80:02:9C:61:97:4A,0,0,NONE,2026-08-26T14:48:49.226354
45917,,-58,39,0,3008,65300,42840,3627368,0,99,9,0,0,14:33:5C:6D:AF:58,0,1,ARMED,72.0,0,0,80:02:9C:61:97:4B,11,33,426.9,,,,,80:02:9C:61:97:4A,0,0,NONE,2026-08-26T14:48:49.333354
45917,,-52,45,2443,378,64944,42840,3627513,0,99,9,0,0,14:33:5C:6D:AF:58,0,1,ARMED,72.0,0,1,80:02:9C:61:97:4B,11,6,747.0,,,,,80:02:9C:61:97:4A,0,0,NONE,2026-08-26T14:48:49.478354
45917,,-59,38,0,3081,65300,42840,3627628,0,99,9,0,0,14:33:5C:6D:AF:58,0,1,ARMED,72.0,0,0,80:02:9C:61:97:4B,11,9,454.3,,,,,80:02:9C:61:97:4A,0,0,NONE,2026-08-26T14:48:49.593354
45917,,-58,39,12694,3098,65300,42840,3627745,0,99,9,0,0,14:33:5C:6D:AF:58,0,1,ARMED,72.0,0,0,80:02:9C:61:97:4B,11,15,409.6,,,,,80:02:9C:61:97:4A,0,0,NONE,2026-08-26T14:48:49.710354
45917,,-52,45,0,3133,65300,42840,3627889,0,99,9,0,0,14:33:5C:6D:AF:58,1,1,ARMED,72.0,0,0,80:02:9C:61:97:4B,11,33,428.1,,,,,80:02:9C:61:97:4A,0,0,NONE,2026-08-26T14:48:49.854354
45917,,-74,23,0,4035,65032,42840,3628040,0,99,9,0,0,14:33:5C:6D:AF:58,1,1,ARMED,72.0,0,0,80:02:9C:61:97:4B,11,11,483.5,,,,,80:02:9C:61:97:4A,0,0,NONE,2026-08-26T14:48:50.005354
45917,,-58,39,0,3159,65300,42840,3628152,0,99,9,0,0,14:33:5C:6D:AF:58,1,1,ARMED,72.0,0,0,80:02:9C:61:97:4B,11,19,592.8,,,,,80:02:9C:61:97:4A,0,0,NONE,2026-08-26T14:48:50.117354
45917,,-52,45,1791,3139,65300,42840,3628347,0,99,9,0,0,14:33:5C:6D:AF:58,1,0,ARMED,72.0,0,0,80:02:9C:61:97:4B,11,2,325.2,,,,,80:02:9C:61:97:4A,0,0,NONE,2026-08-26T14:48:50.312354
45917,,-59,38,0,294,65300,42840,3628449,0,99,9,0,0,14:33:5C:6D:AF:58,0,1,ARMED,72.0,0,0,80:02:9C:61:97:4B,11,7,1081.4,,,,,80:02:9C:61:97:4A,0,0,NONE,2026-08-26T14:48:50.414354
45917,,-57,40,0,3232,65300,42840,3628564,0,99,9,0,0,14:33:5C:6D:AF:58,0,1,ARMED,72.0,0,0,80:02:9C:61:97:4B,11,8,438.3,,,,,80:02:9C:61:97:4A,0,0,NONE,2026-08-26T14:48:50.529354
45917,,-58,39,0,3275,65300,42840,3628679,0,99,9,0,0,14:33:5C:6D:AF:58,0,1,ARMED,72.0,0,0,80:02:9C:61:97:4B,11,17,502.2,,,,,80:02:9C:61:97:4A,0,0,NONE,2026-08-26T14:48:50.644354
45917,,-72,25,0,4071,65300,42840,3628731,0,99,9,0,0,14:33:5C:6D:AF:58,0,1,ARMED,72.0,0,0,80:02:9C:61:97:4B,11,67,783.9,,,,,80:02:9C:61:97:4A,0,0,NONE,2026-08-26T14:48:50.696354
45917,,-58,39,341,1060,65300,42840,3628800,0,99,9,0,0,14:33:5C:6D:AF:58,0,1,ARMED,72.0,0,0,80:02:9C:61:97:4B,11,26,495.1,,,,,80:02:9C:61:97:4A,0,0,NONE,2026-08-26T14:48:50.765354
45917,,-57,40,0,3355,64656,42840,3628916,0,99,9,0,0,14:33:5C:6D:AF:58,0,1,ARMED,72.0,0,0,80:02:9C:61:97:4B,11,28,410.7,,,,,80:02:9C:61:97:4A,0,0,NONE,2026-08-26T14:48:50.881354
45917,,-58,39,0,3397,65300,42840,3629035,0,99,9,0,0,14:33:5C:6D:AF:58,0,1,ARMED,72.0,0,0,80:02:9C:61:97:4B,11,38,446.1,,,,,80:02:9C:61:97:4A,0,0,NONE,2026-08-26T14:48:51.000354
45917,,-59,38,0,3438,65300,42840,3629147,0,99,9,0,0,14:33:5C:6D:AF:58,0,1,ARMED,72.0,0,0,80:02:9C:61:97:4B,11,49,563.0,,,,,80:02:9C:61:97:4A,0,0,NONE,2026-08-26T14:48:51.112354
45917,,-59,38,0,3478,65300,42840,3629289,0,99,9,0,0,14:33:5C:6D:AF:58,0,1,ARMED,72.0,0,0,80:02:9C:61:97:4B,11,11,412.6,,,,,80:02:9C:61:97:4A,0,0,NONE,2026-08-26T14:48:51.254354
45917,,-59,38,16571,3518,65300,42840,3629420,0,99,9,0,0,14:33:5C:6D:AF:58,0,1,ARMED,72.0,0,0,80:02:9C:61:97:4B,11,22,389.9,,,,,80:02:9C:61:97:4A,0,0,NONE,2026-08-26T14:48:51.385354
45917,,-57,40,1902,3539,65300,42840,3629564,0,99,9,0,0,14:33:5C:6D:AF:58,0,1,ARMED,72.0,0,1,80:02:9C:61:97:4B,11,34,347.7,,,,,80:02:9C:61:97:4A,0,0,NONE,2026-08-26T14:48:51.529354
45917,,-58,39,0,3553,65300,42840,3629801,0,99,9,0,0,14:33:5C:6D:AF:58,1,1,ARMED,72.0,0,0,80:02:9C:61:97:4B,11,2,140.9,,,,,80:02:9C:61:97:4A,0,0,NONE,2026-08-26T14:48:51.766354
45917,,-59,38,0,320,60520,42840,3629934,0,99,9,0,0,14:33:5C:6D:AF:58,1,1,ARMED,72.0,0,0,80:02:9C:61:97:4B,11,18,403.1,,,,,80:02:9C:61:97:4A,0,0,NONE,2026-08-26T14:48:51.899354
45917,,-59,38,510,341,65300,42840,3630040,0,99,9,0,0,14:33:5C:6D:AF:58,0,1,ARMED,72.0,0,0,80:02:9C:61:97:4B,11,24,544.6,,,,,80:02:9C:61:97:4A,0,0,NONE,2026-08-26T14:48:52.005354
45917,,-69,28,158,2860,65300,42840,3630160,0,99,9,0,0,14:33:5C:6D:AF:58,0,1,ARMED,72.0,0,0,80:02:9C:61:97:4B,11,26,419.0,,,,,80:02:9C:61:97:4A,0,0,NONE,2026-08-26T14:48:52.125354
45917,BEACON,-88,9,5399,712,65300,42840,3630337,0,99,9,0,0,14:33:5C:6D:AF:58,1,1,ARMED,72.0,0,0,80:02:9C:61:97:4B,11,6,200.5,,,,,80:02:9C:61:97:4A,0,0,NONE,2026-08-26T14:48:52.302354
45917,,-96,1,47,1625,65300,42840,3630610,0,99,9,0,0,14:33:5C:6D:AF:58,0,0,ARMED,72.0,0,1,80:02:9C:61:97:4B,11,17,184.5,,,,,80:02:9C:61:97:4A,0,0,NONE,2026-08-26T14:48:52.575354
45917,,-66,31,265,2865,65300,42840,3630835,0,99,9,0,0,14:33:5C:6D:AF:58,0,1,ARMED,72.0,0,0,80:02:9C:61:97:4B,11,19,194.2,,,,,80:02:9C:61:97:4A,0,0,NONE,2026-08-26T14:48:52.800354
45917,,6,6,0,1023,65300,42840,3630926,0,99,9,0,0,14:33:5C:6D:AF:58,0,0,ARMED,72.0,0,1,80:02:9C:61:97:4B,11,49,554.9,,,,,80:02:9C:61:97:4A,0,0,NONE,2026-08-26T14:48:52.891354
45917,,-69,28,834,2872,65300,42840,3631069,0,99,9,0,0,14:33:5C:6D:AF:58,0,1,ARMED,72.0,0,0,80:02:9C:61:97:4B,11,10,402.2,,,,,80:02:9C:61:97:4A,0,0,NONE,2026-08-26T14:48:53.034354
45917,,-58,39,0,3650,65300,42840,3631221,0,99,9,0,0,14:33:5C:6D:AF:58,0,1,ARMED,72.0,0,0,80:02:9C:61:97:4B,11,28,367.3,,,,,80:02:9C:61:97:4A,0,0,NONE,2026-08-26T14:48:53.186354
45917,,-65,32,201,2884,65300,42840,3631307,0,99,9,0,0,14:33:5C:6D:AF:58,0,1,ARMED,72.0,0,0,80:02:9C:61:97:4B,11,43,728.2,,,,,80:02:9C:61:97:4A,0,0,NONE,2026-08-26T14:48:53.272354
45917,,-57,40,0,3691,65300,42840,3631450,0,99,9,0,0,14:33:5C:6D:AF:58,0,0,ARMED,72.0,0,1,80:02:9C:61:97:4B,11,26,259.2,,,,,80:02:9C:61:97:4A,0,0,NONE,2026-08-26T14:48:53.415354
45917,,-58,39,0,3711,65300,42840,3631567,0,99,9,0,0,14:33:5C:6D:AF:58,0,1,ARMED,72.0,0,1,80:02:9C:61:97:4B,11,5,664.8,,,,,80:02:9C:61:97:4A,0,0,NONE,2026-08-26T14:48:53.532354
45917,,-60,37,42733,2901,65300,42840,3631824,0,99,9,0,0,14:33:5C:6D:AF:58,0,0,ARMED,72.0,0,1,80:02:9C:61:97:4B,11,15,259.8,,,,,80:02:9C:61:97:4A,0,0,NONE,2026-08-26T14:48:53.789354
45917,,-58,39,0,347,65300,42840,3631990,0,99,9,0,0,14:33:5C:6D:AF:58,1,0,ARMED,72.0,0,0,80:02:9C:61:97:4B,11,12,737.1,,,,,80:02:9C:61:97:4A,0,0,NONE,2026-08-26T14:48:53.955354
45917,,-52,45,1767,3763,65300,42840,3632059,0,99,9,0,0,14:33:5C:6D:AF:58,1,0,ARMED,72.0,0,0,80:02:9C:61:97:4B,11,62,722.8,,,,,80:02:9C:61:97:4A,0,0,NONE,2026-08-26T14:48:54.024354
45917,,-52,45,1791,3769,65300,42840,3632180,0,99,9,0,0,14:33:5C:6D:AF:58,0,1,ARMED,72.0,0,0,80:02:9C:61:97:4B,11,49,515.6,,,,,80:02:9C:61:97:4A,0,0,NONE,2026-08-26T14:48:54.145354
45917,,-71,26,166,2916,65300,42840,3632245,0,99,9,0,0,14:33:5C:6D:AF:58,0,1,ARMED,72.0,0,0,80:02:9C:61:97:4B,11,47,795.8,,,,,80:02:9C:61:97:4A,0,0,NONE,2026-08-26T14:48:54.210354
45917,,-90,7,7993,0,65300,42840,3632388,0,99,9,0,0,14:33:5C:6D:AF:58,0,1,ARMED,72.0,0,0,80:02:9C:61:97:4B,11,36,359.7,,,,,80:02:9C:61:97:4A,0,0,NONE,2026-08-26T14:48:54.353354
45917,,-52,45,5357,3811,65300,42840,3632525,0,99,9,0,0,14:33:5C:6D:AF:58,0,1,ARMED,72.0,0,0,80:02:9C:61:97:4B,11,9,255.1,,,,,80:02:9C:61:97:4A,0,0,NONE,2026-08-26T14:48:54.490354
45917,BEACON,-84,13,6809,1965,65300,42840,3632616,0,99,9,0,0,14:33:5C:6D:AF:58,0,1,ARMED,72.0,0,1,80:02:9C:61:97:4B,11,9,393.2,,,,,80:02:9C:61:97:4A,0,0,NONE,2026-08-26T14:48:54.581354
45917,,-60,37,157,2931,65300,42840,3632680,0,99,9,0,0,14:33:5C:6D:AF:58,0,1,ARMED,72.0,0,0,80:02:9C:61:97:4B,11,59,678.5,,,,,80:02:9C:61:97:4A,0,0,NONE,2026-08-26T14:48:54.645354
45917,,-52,45,10240,3882,65300,42840,3632829,0,99,9,0,0,14:33:5C:6D:AF:58,1,1,ARMED,72.0,0,1,80:02:9C:61:97:4B,11,4,133.6,,,,,80:02:9C:61:97:4A,0,0,NONE,2026-08-26T14:48:54.794354
45917,,-84,13,0,715,65300,42840,3632913,0,99,9,0,0,14:33:5C:6D:AF:58,1,1,ARMED,72.0,0,0,80:02:9C:61:97:4B,11,9,676.0,,,,,80:02:9C:61:97:4A,0,0,NONE,2026-08-26T14:48:54.878354
45917,,-52,45,0,3926,65300,42840,3633006,0,99,9,0,0,14:33:5C:6D:AF:58,0,1,ARMED,72.0,0,0,80:02:9C:61:97:4B,11,8,3661.3,,,,,80:02:9C:61:97:4A,0,0,NONE,2026-08-26T14:48:54.971354
45917,,-53,44,667,3922,65300,42840,3633070,0,99,9,0,0,14:33:5C:6D:AF:58,0,1,ARMED,72.0,0,0,80:02:9C:61:97:4B,11,58,867.3,,,,,80:02:9C:61:97:4A,0,0,NONE,2026-08-26T14:48:55.035354
45917,,-52,45,0,3980,65300,42840,3633113,0,99,9,0,0,14:33:5C:6D:AF:58,0,1,ARMED,72.0,0,0,80:02:9C:61:97:4B,11,24,2567.1,,,,,80:02:9C:61:97:4A,0,0,NONE,2026-08-26T14:48:55.078354
45917,,-53,44,4029,4011,65300,42840,3633198,0,99,9,0,0,14:33:5C:6D:AF:58,0,1,ARMED,72.0,0,1,80:02:9C:61:97:4B,11,74,782.0,,,,,80:02:9C:61:97:4A,0,0,NONE,2026-08-26T14:48:55.163354
45917,MGMT_OTHER,-90,7,3913,2697,65300,42840,3633235,0,99,9,0,0,14:33:5C:6D:AF:58,0,1,ARMED,72.0,0,1,80:02:9C:61:97:4B,11,49,2377.0,,,,,80:02:9C:61:97:4A,0,0,NONE,2026-08-26T14:48:55.200354
45917,,-52,45,0,4028,65300,42840,3633298,0,99,9,0,0,14:33:5C:6D:AF:58,0,1,ARMED,72.0,0,0,80:02:9C:61:97:4B,11,99,1184.3,,,,,80:02:9C:61:97:4A,0,0,NONE,2026-08-26T14:48:55.263354
45917,,-53,44,0,4,65300,42840,3633352,0,99,9,0,0,14:33:5C:6D:AF:58,1,1,ARMED,72.0,0,0,80:02:9C:61:97:4B,11,48,1295.4,,,,,80:02:9C:61:97:4A,0,0,NONE,2026-08-26T14:48:55.317354
45917,,-52,45,0,34,65300,42840,3633372,0,99,9,0,0,14:33:5C:6D:AF:58,1,1,ARMED,72.0,0,0,80:02:9C:61:97:4B,11,98,1708.7,,,,,80:02:9C:61:97:4A,0,0,NONE,2026-08-26T14:48:55.337354
45917,,-52,45,379,58,65300,42840,3633412,0,99,9,0,0,14:33:5C:6D:AF:58,1,1,ARMED,72.0,0,0,80:02:9C:61:97:4B,11,148,1518.5,,,,,80:02:9C:61:97:4A,0,0,NONE,2026-08-26T14:48:55.377354
45917,,-84,13,0,727,65300,42840,3633640,0,99,9,0,0,14:33:5C:6D:AF:58,0,0,ARMED,72.0,0,0,80:02:9C:61:97:4B,11,5,263.8,,,,,80:02:9C:61:97:4A,0,0,NONE,2026-08-26T14:48:55.605354
45917,,-90,7,7691,2816,65232,42840,3633811,0,99,9,0,0,14:33:5C:6D:AF:58,1,1,ARMED,72.0,0,1,80:02:9C:61:97:4B,11,32,372.5,,,,,80:02:9C:61:97:4A,0,0,NONE,2026-08-26T14:48:55.776354
45917,,-91,6,3679,0,65300,42840,3634050,0,99,9,0,0,14:33:5C:6D:AF:58,0,0,ARMED,72.0,0,0,80:02:9C:61:97:4B,11,5,496.8,,,,,80:02:9C:61:97:4A,0,0,NONE,2026-08-26T14:48:56.015354
45917,,-56,41,5421,2977,65300,42840,3634260,0,99,9,0,0,14:33:5C:6D:AF:58,1,1,ARMED,72.0,0,0,80:02:9C:61:97:4B,11,2,208.2,,,,,80:02:9C:61:97:4A,0,0,NONE,2026-08-26T14:48:56.225354
45917,BEACON,-84,13,4561,1838,65300,42840,3634521,0,99,9,0,0,14:33:5C:6D:AF:58,1,1,ARMED,72.0,0,1,80:02:9C:61:97:4B,11,12,184.1,,,,,80:02:9C:61:97:4A,0,0,NONE,2026-08-26T14:48:56.486354
45917,,4,4,0,1023,65300,42840,3634820,0,99,9,0,0,14:33:5C:6D:AF:58,0,0,ARMED,72.0,0,1,80:02:9C:61:97:4B,11,11,287.7,,,,,80:02:9C:61:97:4A,0,0,NONE,2026-08-26T14:48:56.785354
45917,MGMT_OTHER,-90,7,958,0,65300,42840,3635120,0,99,9,0,0,14:33:5C:6D:AF:58,0,0,ARMED,72.0,0,0,80:02:9C:61:97:4B,11,5,166.4,,,,,80:02:9C:61:97:4A,0,0,NONE,2026-08-26T14:48:57.085354
45917,,-68,29,292,403,65300,42840,3635358,0,99,9,0,0,14:33:5C:6D:AF:58,0,0,ARMED,72.0,0,0,80:02:9C:61:97:4B,11,20,317.9,,,,,80:02:9C:61:97:4A,0,0,NONE,2026-08-26T14:48:57.323354
45917,,-90,7,7888,0,65300,42840,3635554,0,99,9,0,0,14:33:5C:6D:AF:58,0,0,ARMED,72.0,0,0,80:02:9C:61:97:4B,11,11,236.7,,,,,80:02:9C:61:97:4A,0,0,NONE,2026-08-26T14:48:57.519354
45917,,-88,9,8450,0,65300,42840,3635837,0,99,9,0,0,14:33:5C:6D:AF:58,0,0,ARMED,72.0,0,0,80:02:9C:61:97:4B,11,2,79.8,,,,,80:02:9C:61:97:4A,0,0,NONE,2026-08-26T14:48:57.802354
45917,,-44,53,4877,2992,65300,42840,3636123,0,99,9,0,0,14:33:5C:6D:AF:58,0,0,ARMED,72.0,0,1,80:02:9C:61:97:4B,11,1,475.3,,,,,80:02:9C:61:97:4A,0,0,NONE,2026-08-26T14:48:58.088354
45917,,-53,44,2017,335,65300,42840,3636273,0,99,9,0,0,14:33:5C:6D:AF:58,0,1,ARMED,72.0,0,0,80:02:9C:61:97:4B,11,23,455.9,,,,,80:02:9C:61:97:4A,0,0,NONE,2026-08-26T14:48:58.238354
45917,BEACON,-85,12,7694,3048,65300,42840,3636610,0,99,9,0,0,14:33:5C:6D:AF:58,0,0,ARMED,72.0,0,1,80:02:9C:61:97:4B,11,9,128.5,,,,,80:02:9C:61:97:4A,0,0,NONE,2026-08-26T14:48:58.575354
45917,,-93,4,4617,1885,65300,42840,3636753,0,99,9,0,0,14:33:5C:6D:AF:58,0,1,ARMED,72.0,0,1,80:02:9C:61:97:4B,11,1,236.2,,,,,80:02:9C:61:97:4A,0,0,NONE,2026-08-26T14:48:58.718354
45917,,-91,6,9710,1877,65300,42840,3637063,0,99,9,0,0,14:33:5C:6D:AF:58,0,0,ARMED,72.0,0,1,80:02:9C:61:97:4B,11,16,150.9,,,,,80:02:9C:61:97:4A,0,0,NONE,2026-08-26T14:48:59.028354
45917,,-86,11,9672,641,65300,42840,3637326,0,99,9,0,0,14:33:5C:6D:AF:58,0,0,ARMED,72.0,0,1,80:02:9C:61:97:4B,11,9,144.8,,,,,80:02:9C:61:97:4A,0,0,NONE,2026-08-26T14:48:59.291354
45917,BEACON,-88,9,28270,3561,65300,42840,3637626,0,99,9,0,0,14:33:5C:6D:AF:58,0,0,ARMED,72.0,0,1,80:02:9C:61:97:4B,11,7,154.8,,,,,80:02:9C:61:97:4A,0,0,NONE,2026-08-26T14:48:59.591354
45917,,-92,5,2433,0,65300,42840,3637893,0,99,9,0,0,14:33:5C:6D:AF:58,1,1,ARMED,72.0,0,0,80:02:9C:61:97:4B,11,4,755.9,,,,,80:02:9C:61:97:4A,0,0,NONE,2026-08-26T14:48:59.858354
45917,,-43,54,5338,3004,65300,42840,3638166,0,99,9,0,0,14:33:5C:6D:AF:58,0,0,ARMED,72.0,0,0,80:02:9C:61:97:4B,11,15,229.2,,,,,80:02:9C:61:97:4A,0,0,NONE,2026-08-26T14:49:00.131354
45917,MGMT_OTHER,-92,5,617,0,65300,42840,3638329,0,99,9,0,0,14:33:5C:6D:AF:58,0,0,ARMED,72.0,0,0,80:02:9C:61:97:4B,11,20,835.2,,,,,80:02:9C:61:97:4A,0,0,NONE,2026-08-26T14:49:00.294354
45917,BEACON,-85,12,3554,824,65300,42840,3638622,0,99,9,0,0,14:33:5C:6D:AF:58,0,0,ARMED,72.0,0,1,80:02:9C:61:97:4B,11,2,208.4,,,,,80:02:9C:61:97:4A,0,0,NONE,2026-08-26T14:49:00.587354
45917,,-53,44,797,362,65300,42840,3638903,0,99,9,0,0,14:33:5C:6D:AF:58,0,0,ARMED,72.0,0,1,80:02:9C:61:97:4B,11,25,291.7,,,,,80:02:9C:61:97:4A,0,0,NONE,2026-08-26T14:49:00.868354
