pen,subtype,rssi,snr,ipat,seq,heap,minheap,uptime,reconn,qpeak,udpfail,backlog,dropped,host_mac,pred_attack,deauth_tgt,seq_jump,ap_bssid,channel,label,attack_type,timestamp
45917,BEACON,-90,2,0,2891,69844,44280,8046920,0,100,19,0,0,B0:CB:D8:C9:92:00,1,0,0,1E:01:D0:40:E0:9E,6,0,NONE,2026-08-05T00:32:26.298014
45917,,-89,3,14010,3504,69844,44280,8047191,0,100,19,0,0,B0:CB:D8:C9:92:00,1,0,1,1E:01:D0:40:E0:9E,6,0,NONE,2026-08-05T00:32:26.569014
45917,,-90,2,2096,2678,69844,44280,8047441,0,100,19,0,0,B0:CB:D8:C9:92:00,0,0,1,1E:01:D0:40:E0:9E,6,0,NONE,2026-08-05T00:32:26.819014
45917,AUTH,-88,4,23188,3430,69844,44280,8047691,0,100,19,0,0,B0:CB:D8:C9:92:00,0,0,1,1E:01:D0:40:E0:9E,6,0,NONE,2026-08-05T00:32:27.069014
45917,,-91,1,3053,3005,69844,44280,8047855,0,100,19,0,0,B0:CB:D8:C9:92:00,0,0,1,1E:01:D0:40:E0:9E,6,0,NONE,2026-08-05T00:32:27.233014
45917,,-90,2,4753,2345,69844,44280,8048050,0,100,19,0,0,B0:CB:D8:C9:92:00,0,0,1,1E:01:D0:40:E0:9E,6,0,NONE,2026-08-05T00:32:27.428014
45917,PROBE_RESP,-91,1,360,2,69844,44280,8048336,0,100,19,0,0,B0:CB:D8:C9:92:00,0,0,0,1E:01:D0:40:E0:9E,6,0,NONE,2026-08-05T00:32:27.714014
45917,MGMT_OTHER,-88,4,9154,3476,69844,44280,8048491,0,100,19,0,0,B0:CB:D8:C9:92:00,1,0,1,1E:01:D0:40:E0:9E,6,0,NONE,2026-08-05T00:32:27.869014
45917,BEACON,-79,13,0,3388,69844,44280,8048836,0,100,19,0,0,B0:CB:D8:C9:92:00,0,0,0,1E:01:D0:40:E0:9E,6,0,NONE,2026-08-05T00:32:28.214014
45917,,-85,7,8326,1193,69844,44280,8049072,0,100,19,0,0,B0:CB:D8:C9:92:00,0,0,1,1E:01:D0:40:E0:9E,6,0,NONE,2026-08-05T00:32:28.450014
45917,MGMT_OTHER,-83,9,1575,1166,69844,44280,8049271,0,100,19,0,0,B0:CB:D8:C9:92:00,1,0,1,1E:01:D0:40:E0:9E,6,0,NONE,2026-08-05T00:32:28.649014
45917,BEACON,-91,1,0,3615,69844,44280,8049573,0,100,19,0,0,B0:CB:D8:C9:92:00,0,0,1,1E:01:D0:40:E0:9E,6,0,NONE,2026-08-05T00:32:28.951014
45917,,-85,6,2666,646,69844,44280,8049881,0,100,19,0,0,B0:CB:D8:C9:92:00,0,0,1,1E:01:D0:40:E0:9E,6,0,NONE,2026-08-05T00:32:29.259014
45917,PROBE_RESP,-88,3,0,1,69844,44280,8050161,0,100,19,0,0,B0:CB:D8:C9:92:00,0,0,0,1E:01:D0:40:E0:9E,6,0,NONE,2026-08-05T00:32:29.539014
45917,MGMT_OTHER,-86,5,0,1662,69844,44280,8050280,0,100,19,0,0,B0:CB:D8:C9:92:00,1,0,1,1E:01:D0:40:E0:9E,6,0,NONE,2026-08-05T00:32:29.658014
45917,BEACON,-82,9,0,3404,69844,44280,8050474,0,100,19,0,0,B0:CB:D8:C9:92:00,0,0,0,1E:01:D0:40:E0:9E,6,0,NONE,2026-08-05T00:32:29.852014
45917,BEACON,-86,5,0,258,69844,44280,8050600,0,100,19,0,0,B0:CB:D8:C9:92:00,0,0,1,1E:01:D0:40:E0:9E,6,0,NONE,2026-08-05T00:32:29.978014
45917,,12,12,0,564,69844,44280,8050762,0,100,19,0,0,B0:CB:D8:C9:92:00,0,0,0,1E:01:D0:40:E0:9E,6,0,NONE,2026-08-05T00:32:30.140014
45917,,-90,1,7595,791,69844,44280,8050957,0,100,19,0,0,B0:CB:D8:C9:92:00,1,0,1,1E:01:D0:40:E0:9E,6,0,NONE,2026-08-05T00:32:30.335014
45917,BEACON,-96,-5,4596,209,69844,44280,8051185,0,100,19,0,0,B0:CB:D8:C9:92:00,0,0,1,1E:01:D0:40:E0:9E,6,0,NONE,2026-08-05T00:32:30.563014
45917,MGMT_OTHER,-92,-1,1313,4035,69844,44280,8051429,0,100,19,0,0,B0:CB:D8:C9:92:00,0,0,1,1E:01:D0:40:E0:9E,6,0,NONE,2026-08-05T00:32:30.804533
45917,BEACON,-82,9,298,3452,69844,44280,8051702,0,100,19,0,0,B0:CB:D8:C9:92:00,1,0,1,1E:01:D0:40:E0:9E,6,0,NONE,2026-08-05T00:32:31.077533
45917,PROBE_RESP,-90,1,0,0,69844,44280,8051929,0,100,19,0,0,B0:CB:D8:C9:92:00,1,0,0,1E:01:D0:40:E0:9E,6,0,NONE,2026-08-05T00:32:31.304533
45917,BEACON,-53,38,0,3004,69844,44280,8052147,0,100,19,0,0,B0:CB:D8:C9:92:00,0,0,1,1E:01:D0:40:E0:9E,6,0,NONE,2026-08-05T00:32:31.522533
45917,PROBE_RESP,-82,9,0,0,69844,44280,8052366,0,100,19,0,0,B0:CB:D8:C9:92:00,0,0,0,1E:01:D0:40:E0:9E,6,0,NONE,2026-08-05T00:32:31.741533
45917,BEACON,-92,-1,0,1280,69844,44280,8052441,0,100,19,0,0,B0:CB:D8:C9:92:00,0,0,1,1E:01:D0:40:E0:9E,6,0,NONE,2026-08-05T00:32:31.816533
45917,MGMT_OTHER,-91,0,20243,2877,69844,44280,8052678,0,100,19,0,0,B0:CB:D8:C9:92:00,0,0,1,1E:01:D0:40:E0:9E,6,0,NONE,2026-08-05T00:32:32.053533
45917,,-52,39,1725,3014,69844,44280,8052838,0,100,19,0,0,B0:CB:D8:C9:92:00,0,0,0,1E:01:D0:40:E0:9E,6,0,NONE,2026-08-05T00:32:32.213533
45917,,-91,0,14598,547,69844,44280,8053151,0,100,19,0,0,B0:CB:D8:C9:92:00,0,0,1,1E:01:D0:40:E0:9E,6,0,NONE,2026-08-05T00:32:32.526533
45917,BEACON,-91,0,4676,320,69844,44280,8053364,0,100,19,0,0,B0:CB:D8:C9:92:00,0,0,1,1E:01:D0:40:E0:9E,6,0,NONE,2026-08-05T00:32:32.739533
45917,,-53,38,110,3041,69844,44280,8053559,0,100,19,0,0,B0:CB:D8:C9:92:00,1,0,0,1E:01:D0:40:E0:9E,6,0,NONE,2026-08-05T00:32:32.934533
45917,MGMT_OTHER,-90,1,5437,2919,69844,44280,8053724,0,100,19,0,0,B0:CB:D8:C9:92:00,1,0,1,1E:01:D0:40:E0:9E,6,0,NONE,2026-08-05T00:32:33.099533
45917,,-89,2,12257,140,69844,44280,8053932,0,100,19,0,0,B0:CB:D8:C9:92:00,1,0,1,1E:01:D0:40:E0:9E,6,0,NONE,2026-08-05T00:32:33.307533
45917,MGMT_OTHER,-88,3,3006,2262,69844,44280,8054149,0,100,19,0,0,B0:CB:D8:C9:92:00,0,0,1,1E:01:D0:40:E0:9E,6,0,NONE,2026-08-05T00:32:33.524533
45917,PROBE_RESP,-90,1,0,1,69844,44280,8054442,0,100,19,0,0,B0:CB:D8:C9:92:00,0,0,0,1E:01:D0:40:E0:9E,6,0,NONE,2026-08-05T00:32:33.817533
45917,PROBE_REQ,-80,11,0,2521,69844,44280,8054542,0,100,19,0,0,B0:CB:D8:C9:92:00,1,0,1,1E:01:D0:40:E0:9E,6,0,NONE,2026-08-05T00:32:33.917533
45917,PROBE_RESP,-93,-2,7957,2647,69844,44280,8054692,0,100,19,0,0,B0:CB:D8:C9:92:00,0,0,1,1E:01:D0:40:E0:9E,6,0,NONE,2026-08-05T00:32:34.067533
45917,,-93,-2,2751,3528,69844,44280,8054903,0,100,19,0,0,B0:CB:D8:C9:92:00,0,0,1,1E:01:D0:40:E0:9E,6,0,NONE,2026-08-05T00:32:34.278533
45917,,-88,3,26989,3086,69844,44280,8055268,0,100,19,0,0,B0:CB:D8:C9:92:00,0,0,1,1E:01:D0:40:E0:9E,6,0,NONE,2026-08-05T00:32:34.643533
45917,,-53,38,2868,3088,69844,44280,8055432,0,100,19,0,0,B0:CB:D8:C9:92:00,0,0,0,1E:01:D0:40:E0:9E,6,0,NONE,2026-08-05T00:32:34.807533
45917,BEACON,-53,38,0,3095,69844,44280,8055726,0,100,19,0,0,B0:CB:D8:C9:92:00,0,0,1,1E:01:D0:40:E0:9E,6,0,NONE,2026-08-05T00:32:35.101533
45917,,-84,7,18754,0,66880,44280,8055920,0,100,19,0,0,B0:CB:D8:C9:92:00,1,0,0,1E:01:D0:40:E0:9E,6,0,NONE,2026-08-05T00:32:35.295533
45917,BEACON,-94,-3,12069,257,69844,44280,8056100,0,100,19,0,0,B0:CB:D8:C9:92:00,0,0,1,1E:01:D0:40:E0:9E,6,0,NONE,2026-08-05T00:32:35.475533
45917,,-92,-1,283,3825,69844,44280,8056371,0,100,19,0,0,B0:CB:D8:C9:92:00,1,0,1,1E:01:D0:40:E0:9E,6,0,NONE,2026-08-05T00:32:35.746533
45917,,-90,1,182,1439,69844,44280,8056627,0,100,19,0,0,B0:CB:D8:C9:92:00,1,0,1,1E:01:D0:40:E0:9E,6,0,NONE,2026-08-05T00:32:36.002533
45917,MGMT_OTHER,-92,-1,4241,3049,69844,44280,8056876,0,100,19,0,0,B0:CB:D8:C9:92:00,1,0,1,1E:01:D0:40:E0:9E,6,0,NONE,2026-08-05T00:32:36.251533
45917,MGMT_OTHER,-92,-1,1375,3227,69844,44280,8057153,0,100,19,0,0,B0:CB:D8:C9:92:00,0,0,1,1E:01:D0:40:E0:9E,6,0,NONE,2026-08-05T00:32:36.528533
45917,MGMT_OTHER,-92,-1,6112,358,69844,44280,8057255,0,100,19,0,0,B0:CB:D8:C9:92:00,0,0,1,1E:01:D0:40:E0:9E,6,0,NONE,2026-08-05T00:32:36.630533
45917,,-54,37,111,3175,69696,44280,8057360,0,100,19,0,0,B0:CB:D8:C9:92:00,0,0,0,1E:01:D0:40:E0:9E,6,0,NONE,2026-08-05T00:32:36.735533
45917,,-88,3,17888,3224,69844,44280,8057557,0,100,19,0,0,B0:CB:D8:C9:92:00,0,0,1,1E:01:D0:40:E0:9E,6,0,NONE,2026-08-05T00:32:36.932533
45917,PROBE_RESP,-93,-2,0,1,69844,44280,8057687,0,100,19,0,0,B0:CB:D8:C9:92:00,0,0,0,1E:01:D0:40:E0:9E,6,0,NONE,2026-08-05T00:32:37.062533
45917,,-87,4,10457,254,69844,44280,8057842,0,100,19,0,0,B0:CB:D8:C9:92:00,0,0,1,1E:01:D0:40:E0:9E,6,0,NONE,2026-08-05T00:32:37.217533
45917,BEACON,-52,39,0,3221,69844,44280,8058081,0,100,19,0,0,B0:CB:D8:C9:92:00,1,0,1,1E:01:D0:40:E0:9E,6,0,NONE,2026-08-05T00:32:37.456533
45917,BEACON,-82,9,11289,3518,69844,44280,8058460,0,100,19,0,0,B0:CB:D8:C9:92:00,0,0,1,1E:01:D0:40:E0:9E,6,0,NONE,2026-08-05T00:32:37.835533
45917,BEACON,-82,9,298,3519,69844,44280,8058563,0,100,19,0,0,B0:CB:D8:C9:92:00,0,0,1,1E:01:D0:40:E0:9E,6,0,NONE,2026-08-05T00:32:37.938533
45917,,-83,8,264,198,69844,44280,8058766,0,100,19,0,0,B0:CB:D8:C9:92:00,0,0,0,1E:01:D0:40:E0:9E,6,0,NONE,2026-08-05T00:32:38.141533
45917,BEACON,-86,5,0,340,69844,44280,8058997,0,100,19,0,0,B0:CB:D8:C9:92:00,0,0,0,1E:01:D0:40:E0:9E,6,0,NONE,2026-08-05T00:32:38.372533
45917,PROBE_REQ,-89,2,0,3231,69844,44280,8059222,0,100,19,0,0,B0:CB:D8:C9:92:00,0,0,0,1E:01:D0:40:E0:9E,6,0,NONE,2026-08-05T00:32:38.597533
45917,,-88,3,12071,2424,69844,44280,8059444,0,100,19,0,0,B0:CB:D8:C9:92:00,0,0,1,1E:01:D0:40:E0:9E,6,0,NONE,2026-08-05T00:32:38.819533
45917,PROBE_RESP,-82,9,0,3,69844,44280,8059665,0,100,19,0,0,B0:CB:D8:C9:92:00,0,0,0,1E:01:D0:40:E0:9E,6,0,NONE,2026-08-05T00:32:39.040533
45917,,-54,37,111,3258,69828,44280,8059908,0,100,19,0,0,B0:CB:D8:C9:92:00,0,0,0,1E:01:D0:40:E0:9E,6,0,NONE,2026-08-05T00:32:39.283533
45917,,11,11,0,1023,69844,44280,8060007,0,100,19,0,0,B0:CB:D8:C9:92:00,1,0,1,1E:01:D0:40:E0:9E,6,0,NONE,2026-08-05T00:32:39.382533
45917,,11,11,0,3267,69844,44280,8060220,0,100,19,0,0,B0:CB:D8:C9:92:00,0,0,0,1E:01:D0:40:E0:9E,6,0,NONE,2026-08-05T00:32:39.595533
45917,,-91,0,12285,3564,69844,44280,8060469,0,100,19,0,0,B0:CB:D8:C9:92:00,0,0,1,1E:01:D0:40:E0:9E,6,0,NONE,2026-08-05T00:32:39.844533
45917,,-55,36,15539,3287,69844,44280,8060758,0,100,19,0,0,B0:CB:D8:C9:92:00,1,0,1,1E:01:D0:40:E0:9E,6,0,NONE,2026-08-05T00:32:40.133533
45917,,-92,-1,11849,2365,69844,44280,8060955,0,100,19,0,0,B0:CB:D8:C9:92:00,0,0,1,1E:01:D0:40:E0:9E,6,0,NONE,2026-08-05T00:32:40.330533
45917,PROBE_RESP,-85,6,0,2,69844,44280,8061190,0,100,19,0,0,B0:CB:D8:C9:92:00,0,0,1,1E:01:D0:40:E0:9E,6,0,NONE,2026-08-05T00:32:40.565533
45917,BEACON,-55,36,0,3301,69844,44280,8061256,0,100,19,0,0,B0:CB:D8:C9:92:00,0,0,1,1E:01:D0:40:E0:9E,6,0,NONE,2026-08-05T00:32:40.631533
45917,,-86,5,3274,559,69844,44280,8061389,0,100,19,0,0,B0:CB:D8:C9:92:00,0,0,1,1E:01:D0:40:E0:9E,6,0,NONE,2026-08-05T00:32:40.764533
45917,,-92,-1,7547,3773,69844,44280,8061607,0,100,19,0,0,B0:CB:D8:C9:92:00,0,0,1,1E:01:D0:40:E0:9E,6,0,NONE,2026-08-05T00:32:40.982533
45917,BEACON,-93,-2,397,1560,69844,44280,8061834,0,100,19,0,0,B0:CB:D8:C9:92:00,1,0,1,1E:01:D0:40:E0:9E,6,0,NONE,2026-08-05T00:32:41.209533
45917,MGMT_OTHER,-88,3,8408,2067,69844,44280,8061975,0,100,19,0,0,B0:CB:D8:C9:92:00,1,0,1,1E:01:D0:40:E0:9E,6,0,NONE,2026-08-05T00:32:41.350533
45917,MGMT_OTHER,-90,1,1504,3529,69844,44280,8062275,0,100,19,0,0,B0:CB:D8:C9:92:00,1,0,1,1E:01:D0:40:E0:9E,6,0,NONE,2026-08-05T00:32:41.650533
45917,,-54,37,4607,3356,69844,44280,8062468,0,100,19,0,0,B0:CB:D8:C9:92:00,0,0,1,1E:01:D0:40:E0:9E,6,0,NONE,2026-08-05T00:32:41.843533
45917,BEACON,-97,-6,0,3939,69844,44280,8062580,0,100,19,0,0,B0:CB:D8:C9:92:00,1,0,1,1E:01:D0:40:E0:9E,6,0,NONE,2026-08-05T00:32:41.955533
45917,BEACON,-94,-3,48,45,69844,44280,8062850,0,100,19,0,0,B0:CB:D8:C9:92:00,0,0,1,1E:01:D0:40:E0:9E,6,0,NONE,2026-08-05T00:32:42.225533
45917,PROBE_RESP,-93,-2,0,3,69844,44280,8062987,0,100,19,0,0,B0:CB:D8:C9:92:00,1,0,0,1E:01:D0:40:E0:9E,6,0,NONE,2026-08-05T00:32:42.362533
45917,,-50,41,167,627,69844,44280,8063274,0,100,19,0,0,B0:CB:D8:C9:92:00,0,0,0,1E:01:D0:40:E0:9E,6,0,NONE,2026-08-05T00:32:42.649533
45917,BEACON,-91,0,0,3051,69844,44280,8063305,0,100,19,0,0,B0:CB:D8:C9:92:00,0,0,1,1E:01:D0:40:E0:9E,6,0,NONE,2026-08-05T00:32:42.680533
45917,BEACON,-92,-1,0,3053,69844,44280,8063510,0,100,19,0,0,B0:CB:D8:C9:92:00,0,0,1,1E:01:D0:40:E0:9E,6,0,NONE,2026-08-05T00:32:42.885533
45917,PROBE_RESP,-91,0,81,1,69844,44280,8063752,0,100,19,0,0,B0:CB:D8:C9:92:00,0,0,1,1E:01:D0:40:E0:9E,6,0,NONE,2026-08-05T00:32:43.127533
45917,BEACON,-85,6,0,389,69844,44280,8064015,0,100,19,0,0,B0:CB:D8:C9:92:00,1,0,0,1E:01:D0:40:E0:9E,6,0,NONE,2026-08-05T00:32:43.390533
45917,BEACON,-85,6,0,391,69844,44280,8064220,0,100,19,0,0,B0:CB:D8:C9:92:00,1,0,0,1E:01:D0:40:E0:9E,6,0,NONE,2026-08-05T00:32:43.595533
45917,,-80,11,8590,2899,69844,44280,8064434,0,100,19,0,0,B0:CB:D8:C9:92:00,1,0,1,1E:01:D0:40:E0:9E,6,0,NONE,2026-08-05T00:32:43.809533
45917,,-81,10,6538,537,69844,44280,8064817,0,100,19,0,0,B0:CB:D8:C9:92:00,0,0,1,1E:01:D0:40:E0:9E,6,0,NONE,2026-08-05T00:32:44.192533
45917,MGMT_OTHER,-86,5,2010,3279,69844,44280,8065106,0,100,19,0,0,B0:CB:D8:C9:92:00,1,0,1,1E:01:D0:40:E0:9E,6,0,NONE,2026-08-05T00:32:44.481533
45917,,-54,37,19840,3449,69844,44280,8065388,0,100,19,0,0,B0:CB:D8:C9:92:00,0,0,1,1E:01:D0:40:E0:9E,6,0,NONE,2026-08-05T00:32:44.763533
45917,PROBE_RESP,-85,6,0,1,69844,44280,8065607,0,100,19,0,0,B0:CB:D8:C9:92:00,0,0,0,1E:01:D0:40:E0:9E,6,0,NONE,2026-08-05T00:32:44.982533
45917,BEACON,-88,3,12397,442,69844,44280,8065857,0,100,19,0,0,B0:CB:D8:C9:92:00,0,0,1,1E:01:D0:40:E0:9E,6,0,NONE,2026-08-05T00:32:45.232533
45917,,-93,-2,5926,1639,69844,44280,8066108,0,100,19,0,0,B0:CB:D8:C9:92:00,0,0,1,1E:01:D0:40:E0:9E,6,0,NONE,2026-08-05T00:32:45.483533
45917,BEACON,-91,0,7987,3086,69844,44280,8066301,0,100,19,0,0,B0:CB:D8:C9:92:00,0,0,1,1E:01:D0:40:E0:9E,6,0,NONE,2026-08-05T00:32:45.676533
45917,BEACON,-92,-1,0,3083,69844,44280,8066582,0,100,19,0,0,B0:CB:D8:C9:92:00,0,0,1,1E:01:D0:40:E0:9E,6,0,NONE,2026-08-05T00:32:45.957533
45917,PROBE_RESP,-85,6,0,8,69844,44280,8066847,0,100,19,0,0,B0:CB:D8:C9:92:00,1,0,0,1E:01:D0:40:E0:9E,6,0,NONE,2026-08-05T00:32:46.222533
45917,,10,10,0,675,69844,44280,8066971,0,100,19,0,0,B0:CB:D8:C9:92:00,0,0,0,1E:01:D0:40:E0:9E,6,0,NONE,2026-08-05T00:32:46.346533
45917,,-52,39,0,676,69328,44280,8067009,0,100,19,0,0,B0:CB:D8:C9:92:00,1,0,0,1E:01:D0:40:E0:9E,6,0,NONE,2026-08-05T00:32:46.384533
45917,,-87,4,5231,171,69844,44280,8067321,0,100,19,0,0,B0:CB:D8:C9:92:00,1,0,1,1E:01:D0:40:E0:9E,6,0,NONE,2026-08-05T00:32:46.696533
45917,BEACON,-92,-1,17866,3099,69844,44280,8067632,0,100,19,0,0,B0:CB:D8:C9:92:00,0,0,1,1E:01:D0:40:E0:9E,6,0,NONE,2026-08-05T00:32:47.007533
45917,,-87,4,6505,2064,69844,44280,8067950,0,100,19,0,0,B0:CB:D8:C9:92:00,1,0,1,1E:01:D0:40:E0:9E,6,0,NONE,2026-08-05T00:32:47.325533
45917,,-54,37,109,3499,69768,44280,8068239,0,100,19,0,0,B0:CB:D8:C9:92:00,0,0,0,1E:01:D0:40:E0:9E,6,0,NONE,2026-08-05T00:32:47.614533
45917,BEACON,-93,-2,97,378,69844,44280,8068491,0,100,19,0,0,B0:CB:D8:C9:92:00,1,0,1,1E:01:D0:40:E0:9E,6,0,NONE,2026-08-05T00:32:47.866533
45917,,-54,37,110,3550,69844,44280,8068504,0,100,19,0,0,B0:CB:D8:C9:92:00,1,0,0,1E:01:D0:40:E0:9E,6,0,NONE,2026-08-05T00:32:47.879533
45917,BEACON,-82,9,0,3581,69844,44280,8068603,0,100,19,0,0,B0:CB:D8:C9:92:00,1,0,0,1E:01:D0:40:E0:9E,6,0,NONE,2026-08-05T00:32:47.978533
45917,MGMT_OTHER,-91,0,804,3150,69844,44280,8068787,0,100,19,0,0,B0:CB:D8:C9:92:00,1,0,1,1E:01:D0:40:E0:9E,6,0,NONE,2026-08-05T00:32:48.162533
45917,PROBE_RESP,-90,1,0,5,69844,44280,8069107,0,100,19,0,0,B0:CB:D8:C9:92:00,0,0,1,1E:01:D0:40:E0:9E,6,0,NONE,2026-08-05T00:32:48.482533
45917,,-88,3,10043,1585,69844,44280,8069392,0,100,19,0,0,B0:CB:D8:C9:92:00,1,0,1,1E:01:D0:40:E0:9E,6,0,NONE,2026-08-05T00:32:48.767533
45917,MGMT_OTHER,-92,-1,0,1509,69844,44280,8069562,0,100,19,0,0,B0:CB:D8:C9:92:00,0,0,1,1E:01:D0:40:E0:9E,6,0,NONE,2026-08-05T00:32:48.937533
45917,,-91,0,27798,2666,69844,44280,8069808,0,100,19,0,0,B0:CB:D8:C9:92:00,0,0,1,1E:01:D0:40:E0:9E,6,0,NONE,2026-08-05T00:32:49.183533
45917,,-88,3,1052,3909,69844,44280,8069920,0,100,19,0,0,B0:CB:D8:C9:92:00,0,0,1,1E:01:D0:40:E0:9E,6,0,NONE,2026-08-05T00:32:49.295533
45917,BEACON,-92,-1,16168,116,69844,44280,8070121,0,100,19,0,0,B0:CB:D8:C9:92:00,0,0,1,1E:01:D0:40:E0:9E,6,0,NONE,2026-08-05T00:32:49.496533
45917,,-88,3,1904,1894,69844,44280,8070427,0,100,19,0,0,B0:CB:D8:C9:92:00,0,0,1,1E:01:D0:40:E0:9E,6,0,NONE,2026-08-05T00:32:49.802533
45917,BEACON,-92,-1,48,3820,69844,44280,8070566,0,100,19,0,0,B0:CB:D8:C9:92:00,0,0,1,1E:01:D0:40:E0:9E,6,0,NONE,2026-08-05T00:32:49.941533
45917,PROBE_RESP,-86,5,0,0,69844,44280,8070779,0,100,19,0,0,B0:CB:D8:C9:92:00,1,0,0,1E:01:D0:40:E0:9E,6,0,NONE,2026-08-05T00:32:50.154533
45917,BEACON,-91,0,3491,491,69844,44280,8070875,0,100,19,0,0,B0:CB:D8:C9:92:00,0,0,1,1E:01:D0:40:E0:9E,6,0,NONE,2026-08-05T00:32:50.250533
45917,PROBE_RESP,-85,6,0,0,69844,44280,8071055,0,100,19,0,0,B0:CB:D8:C9:92:00,0,0,0,1E:01:D0:40:E0:9E,6,0,NONE,2026-08-05T00:32:50.430533
45917,,-92,-1,10686,3535,69844,44280,8071346,0,100,19,0,0,B0:CB:D8:C9:92:00,0,0,1,1E:01:D0:40:E0:9E,6,0,NONE,2026-08-05T00:32:50.721533
45917,BEACON,-91,0,7191,3830,69844,44280,8071590,0,100,19,0,0,B0:CB:D8:C9:92:00,0,0,1,1E:01:D0:40:E0:9E,6,0,NONE,2026-08-05T00:32:50.965533
45917,PROBE_RESP,-92,-1,0,7,69844,44280,8071869,0,100,19,0,0,B0:CB:D8:C9:92:00,0,0,1,1E:01:D0:40:E0:9E,6,0,NONE,2026-08-05T00:32:51.244533
45917,PROBE_RESP,-84,7,0,1,69844,44280,8072000,0,100,19,0,0,B0:CB:D8:C9:92:00,0,0,0,1E:01:D0:40:E0:9E,6,0,NONE,2026-08-05T00:32:51.375533
45917,BEACON,-84,7,0,469,69844,44280,8072208,0,100,19,0,0,B0:CB:D8:C9:92:00,0,0,0,1E:01:D0:40:E0:9E,6,0,NONE,2026-08-05T00:32:51.583533
45917,MGMT_OTHER,-91,0,2438,501,69844,44280,8072490,0,100,19,0,0,B0:CB:D8:C9:92:00,0,0,1,1E:01:D0:40:E0:9E,6,0,NONE,2026-08-05T00:32:51.865533
45917,BEACON,-91,0,8697,372,69844,44280,8072798,0,100,19,0,0,B0:CB:D8:C9:92:00,0,0,1,1E:01:D0:40:E0:9E,6,0,NONE,2026-08-05T00:32:52.173533
45917,,-92,-1,19205,1602,69844,44280,8073022,0,100,19,0,0,B0:CB:D8:C9:92:00,0,0,1,1E:01:D0:40:E0:9E,6,0,NONE,2026-08-05T00:32:52.397533
45917,,-97,-6,2630,1840,69844,44280,8073193,0,100,19,0,0,B0:CB:D8:C9:92:00,0,0,1,1E:01:D0:40:E0:9E,6,0,NONE,2026-08-05T00:32:52.568533
45917,,-51,40,11383,3663,69844,44280,8073628,0,100,19,0,0,B0:CB:D8:C9:92:00,0,0,0,1E:01:D0:40:E0:9E,6,0,NONE,2026-08-05T00:32:53.003533
45917,PROBE_RESP,-87,4,0,4,69844,44280,8073709,0,100,19,0,0,B0:CB:D8:C9:92:00,0,0,0,1E:01:D0:40:E0:9E,6,0,NONE,2026-08-05T00:32:53.084533
45917,,-53,38,110,3678,69844,44280,8073902,0,100,19,0,0,B0:CB:D8:C9:92:00,1,0,0,1E:01:D0:40:E0:9E,6,0,NONE,2026-08-05T00:32:53.277533
45917,,-92,-1,10457,1010,69844,44280,8074139,0,100,19,0,0,B0:CB:D8:C9:92:00,0,0,1,1E:01:D0:40:E0:9E,6,0,NONE,2026-08-05T00:32:53.514533
45917,BEACON,-93,-2,0,3159,69796,44280,8074365,0,100,19,0,0,B0:CB:D8:C9:92:00,0,0,1,1E:01:D0:40:E0:9E,6,0,NONE,2026-08-05T00:32:53.740533
45917,,-84,7,2904,68,69844,44280,8074643,0,100,19,0,0,B0:CB:D8:C9:92:00,0,0,1,1E:01:D0:40:E0:9E,6,0,NONE,2026-08-05T00:32:54.018533
45917,,-88,3,11112,2288,69844,44280,8074967,0,100,19,0,0,B0:CB:D8:C9:92:00,0,0,1,1E:01:D0:40:E0:9E,6,0,NONE,2026-08-05T00:32:54.342533
45917,,9,9,0,3715,69844,44280,8075259,0,100,19,0,0,B0:CB:D8:C9:92:00,0,0,0,1E:01:D0:40:E0:9E,6,0,NONE,2026-08-05T00:32:54.634533
45917,,-90,1,1981,1478,69844,44280,8075445,0,100,19,0,0,B0:CB:D8:C9:92:00,1,0,1,1E:01:D0:40:E0:9E,6,0,NONE,2026-08-05T00:32:54.820533
45917,BEACON,-89,2,0,3172,69844,44280,8075696,0,100,19,0,0,B0:CB:D8:C9:92:00,0,0,1,1E:01:D0:40:E0:9E,6,0,NONE,2026-08-05T00:32:55.071533
45917,,-53,38,0,3746,69844,44280,8076006,0,100,19,0,0,B0:CB:D8:C9:92:00,0,0,0,1E:01:D0:40:E0:9E,6,0,NONE,2026-08-05T00:32:55.381533
45917,BEACON,-54,37,4007,3754,69844,44280,8076309,0,100,19,0,0,B0:CB:D8:C9:92:00,0,0,1,1E:01:D0:40:E0:9E,6,0,NONE,2026-08-05T00:32:55.684533
45917,MGMT_OTHER,-89,2,11983,3718,69844,44280,8076435,0,100,19,0,0,B0:CB:D8:C9:92:00,0,0,1,1E:01:D0:40:E0:9E,6,0,NONE,2026-08-05T00:32:55.810533
45917,PROBE_RESP,-86,5,0,2,69844,44280,8076602,0,100,19,0,0,B0:CB:D8:C9:92:00,0,0,0,1E:01:D0:40:E0:9E,6,0,NONE,2026-08-05T00:32:55.977533
45917,,-53,38,167,719,69844,44280,8076792,0,100,19,0,0,B0:CB:D8:C9:92:00,0,0,0,1E:01:D0:40:E0:9E,6,0,NONE,2026-08-05T00:32:56.167533
45917,,-54,37,9849,720,69844,44280,8076998,0,100,19,0,0,B0:CB:D8:C9:92:00,1,0,1,1E:01:D0:40:E0:9E,6,0,NONE,2026-08-05T00:32:56.373533
45917,PROBE_REQ,-88,3,12691,1220,69844,44280,8077245,0,100,19,0,0,B0:CB:D8:C9:92:00,0,0,1,1E:01:D0:40:E0:9E,6,0,NONE,2026-08-05T00:32:56.620533
45917,PROBE_RESP,-92,-1,0,0,69844,44280,8077526,0,100,19,0,0,B0:CB:D8:C9:92:00,0,0,1,1E:01:D0:40:E0:9E,6,0,NONE,2026-08-05T00:32:56.901533
45917,,-92,-1,7358,3225,69844,44280,8077799,0,100,19,0,0,B0:CB:D8:C9:92:00,0,0,1,1E:01:D0:40:E0:9E,6,0,NONE,2026-08-05T00:32:57.174533
45917,,-94,-3,10409,1248,69844,44280,8078161,0,100,19,0,0,B0:CB:D8:C9:92:00,0,0,1,1E:01:D0:40:E0:9E,6,0,NONE,2026-08-05T00:32:57.536533
45917,MGMT_OTHER,-87,4,2091,152,69844,44280,8078496,0,100,19,0,0,B0:CB:D8:C9:92:00,0,0,1,1E:01:D0:40:E0:9E,6,0,NONE,2026-08-05T00:32:57.871533
45917,BEACON,-95,-4,11185,469,69844,44280,8078839,0,100,19,0,0,B0:CB:D8:C9:92:00,1,0,0,1E:01:D0:40:E0:9E,6,0,NONE,2026-08-05T00:32:58.214533
45917,,-95,-4,14231,3059,69844,44280,8079061,0,100,19,0,0,B0:CB:D8:C9:92:00,0,0,1,1E:01:D0:40:E0:9E,6,0,NONE,2026-08-05T00:32:58.436533
45917,,-93,-2,11920,1248,69844,44280,8079286,0,100,19,0,0,B0:CB:D8:C9:92:00,0,0,1,1E:01:D0:40:E0:9E,6,0,NONE,2026-08-05T00:32:58.661533
45917,,-56,35,0,3815,68012,44280,8079527,0,100,19,0,0,B0:CB:D8:C9:92:00,0,0,0,1E:01:D0:40:E0:9E,6,0,NONE,2026-08-05T00:32:58.902533
45917,MGMT_OTHER,-88,3,13184,460,69844,44280,8079849,0,100,19,0,0,B0:CB:D8:C9:92:00,0,0,1,1E:01:D0:40:E0:9E,6,0,NONE,2026-08-05T00:32:59.224533
45917,BEACON,-82,9,0,3693,69864,44280,8080070,0,100,19,0,0,B0:CB:D8:C9:92:00,0,0,0,1E:01:D0:40:E0:9E,6,0,NONE,2026-08-05T00:32:59.445533
45917,,-54,37,2355,3839,69828,44280,8080262,0,100,19,0,0,B0:CB:D8:C9:92:00,0,0,1,1E:01:D0:40:E0:9E,6,0,NONE,2026-08-05T00:32:59.637533
45917,,-55,36,14098,734,69844,44280,8080448,0,100,19,0,0,B0:CB:D8:C9:92:00,0,0,1,1E:01:D0:40:E0:9E,6,0,NONE,2026-08-05T00:32:59.823533
45917,BEACON,-81,10,0,3699,69844,44280,8080684,0,100,19,0,0,B0:CB:D8:C9:92:00,0,0,0,1E:01:D0:40:E0:9E,6,0,NONE,2026-08-05T00:33:00.059533
45917,PROBE_RESP,-84,7,0,0,69844,44280,8080916,0,100,19,0,0,B0:CB:D8:C9:92:00,0,0,0,1E:01:D0:40:E0:9E,6,0,NONE,2026-08-05T00:33:00.291533
45917,,-90,1,5404,3644,69844,44280,8081160,0,100,19,0,0,B0:CB:D8:C9:92:00,0,0,1,1E:01:D0:40:E0:9E,6,0,NONE,2026-08-05T00:33:00.535533
45917,,-83,8,443,174,69844,44280,8081461,0,100,19,0,0,B0:CB:D8:C9:92:00,0,0,0,1E:01:D0:40:E0:9E,6,0,NONE,2026-08-05T00:33:00.836533
45917,BEACON,-57,34,0,3878,69844,44280,8081737,0,100,19,0,0,B0:CB:D8:C9:92:00,1,0,1,1E:01:D0:40:E0:9E,6,0,NONE,2026-08-05T00:33:01.112533
45917,BEACON,-56,35,2574,3885,69844,44280,8081941,0,100,19,0,0,B0:CB:D8:C9:92:00,0,0,1,1E:01:D0:40:E0:9E,6,0,NONE,2026-08-05T00:33:01.316533
45917,,-87,4,7011,2313,69844,44280,8082256,0,100,19,0,0,B0:CB:D8:C9:92:00,0,0,1,1E:01:D0:40:E0:9E,6,0,NONE,2026-08-05T00:33:01.631533
45917,PROBE_RESP,-81,10,12728,1,69844,44280,8082502,0,100,19,0,0,B0:CB:D8:C9:92:00,0,0,0,1E:01:D0:40:E0:9E,6,0,NONE,2026-08-05T00:33:01.877533
45917,PROBE_RESP,-78,13,7298,3396,69844,44280,8082770,0,100,19,0,0,B0:CB:D8:C9:92:00,1,0,1,1E:01:D0:40:E0:9E,6,0,NONE,2026-08-05T00:33:02.145533
45917,PROBE_RESP,-84,7,0,1,69844,44280,8083137,0,100,19,0,0,B0:CB:D8:C9:92:00,0,0,0,1E:01:D0:40:E0:9E,6,0,NONE,2026-08-05T00:33:02.512533
45917,,-91,0,1902,3936,69844,44280,8083383,0,100,19,0,0,B0:CB:D8:C9:92:00,0,0,1,1E:01:D0:40:E0:9E,6,0,NONE,2026-08-05T00:33:02.758533
45917,,12,12,0,3917,69844,44280,8083588,0,100,19,0,0,B0:CB:D8:C9:92:00,0,0,0,1E:01:D0:40:E0:9E,6,0,NONE,2026-08-05T00:33:02.963533
45917,,-88,3,629,4010,69844,44280,8083904,0,100,19,0,0,B0:CB:D8:C9:92:00,0,0,1,1E:01:D0:40:E0:9E,6,0,NONE,2026-08-05T00:33:03.279533
45917,BEACON,-83,8,43603,3768,69844,44280,8084062,0,100,19,0,0,B0:CB:D8:C9:92:00,0,0,1,1E:01:D0:40:E0:9E,6,0,NONE,2026-08-05T00:33:03.437533
45917,BEACON,-92,-1,4061,3992,69844,44280,8084389,0,100,19,0,0,B0:CB:D8:C9:92:00,1,0,1,1E:01:D0:40:E0:9E,6,0,NONE,2026-08-05T00:33:03.764533
45917,BEACON,-53,38,1724,3946,69844,44280,8084706,0,100,19,0,0,B0:CB:D8:C9:92:00,0,0,1,1E:01:D0:40:E0:9E,6,0,NONE,2026-08-05T00:33:04.081533
45917,,-49,42,695,749,69844,44280,8085086,0,100,19,0,0,B0:CB:D8:C9:92:00,0,0,1,1E:01:D0:40:E0:9E,6,0,NONE,2026-08-05T00:33:04.461533
45917,PROBE_RESP,-81,10,14560,0,69844,44280,8085316,0,100,19,0,0,B0:CB:D8:C9:92:00,0,0,0,1E:01:D0:40:E0:9E,6,0,NONE,2026-08-05T00:33:04.691533
45917,BEACON,-91,0,4520,633,69844,44280,8085417,0,100,19,0,0,B0:CB:D8:C9:92:00,0,0,1,1E:01:D0:40:E0:9E,6,0,NONE,2026-08-05T00:33:04.792533
45917,,-91,0,209,87,69844,44280,8085586,0,100,19,0,0,B0:CB:D8:C9:92:00,1,0,1,1E:01:D0:40:E0:9E,6,0,NONE,2026-08-05T00:33:04.961533
45917,,-53,38,145,3967,69844,44280,8085802,0,100,19,0,0,B0:CB:D8:C9:92:00,1,0,1,1E:01:D0:40:E0:9E,6,0,NONE,2026-08-05T00:33:05.177533
45917,,-84,7,176,74,69328,44280,8085902,0,100,19,0,0,B0:CB:D8:C9:92:00,1,0,1,1E:01:D0:40:E0:9E,6,0,NONE,2026-08-05T00:33:05.277533
45917,,-88,3,0,1753,69844,44280,8085925,0,100,19,0,0,B0:CB:D8:C9:92:00,1,0,1,1E:01:D0:40:E0:9E,6,0,NONE,2026-08-05T00:33:05.300533
45917,,11,11,0,3973,69328,44280,8085975,0,100,19,0,0,B0:CB:D8:C9:92:00,1,0,1,1E:01:D0:40:E0:9E,6,0,NONE,2026-08-05T00:33:05.350533
45917,,-54,37,0,3978,69844,44280,8086141,0,100,19,0,0,B0:CB:D8:C9:92:00,1,0,0,1E:01:D0:40:E0:9E,6,0,NONE,2026-08-05T00:33:05.516140
45917,DISASSOC,-85,6,10886,2525,69844,44280,8086527,0,100,19,0,0,B0:CB:D8:C9:92:00,1,0,1,1E:01:D0:40:E0:9E,6,0,NONE,2026-08-05T00:33:05.902140
45917,PROBE_RESP,-85,6,0,2,69844,44280,8086655,0,100,19,0,0,B0:CB:D8:C9:92:00,1,0,0,1E:01:D0:40:E0:9E,6,0,NONE,2026-08-05T00:33:06.030140
45917,,-54,37,14104,785,69844,44280,8086841,0,100,19,0,0,B0:CB:D8:C9:92:00,0,0,1,1E:01:D0:40:E0:9E,6,0,NONE,2026-08-05T00:33:06.216140
45917,BEACON,-92,-1,41841,560,69844,44280,8087129,0,100,19,0,0,B0:CB:D8:C9:92:00,0,0,1,1E:01:D0:40:E0:9E,6,0,NONE,2026-08-05T00:33:06.504140
45917,PROBE_RESP,-84,7,0,2,69844,44280,8087295,0,100,19,0,0,B0:CB:D8:C9:92:00,1,0,1,1E:01:D0:40:E0:9E,6,0,NONE,2026-08-05T00:33:06.670140
45917,MGMT_OTHER,-84,7,995,1539,69844,44280,8087522,0,100,19,0,0,B0:CB:D8:C9:92:00,0,0,1,1E:01:D0:40:E0:9E,6,0,NONE,2026-08-05T00:33:06.897140
45917,,-94,-3,15021,1066,69844,44280,8087787,0,100,19,0,0,B0:CB:D8:C9:92:00,0,0,1,1E:01:D0:40:E0:9E,6,0,NONE,2026-08-05T00:33:07.162140
45917,,13,13,0,4005,69844,44280,8088058,0,100,19,0,0,B0:CB:D8:C9:92:00,0,0,1,1E:01:D0:40:E0:9E,6,0,NONE,2026-08-05T00:33:07.433140
45917,,13,13,0,4007,69328,44280,8088082,0,100,19,0,0,B0:CB:D8:C9:92:00,1,0,0,1E:01:D0:40:E0:9E,6,0,NONE,2026-08-05T00:33:07.457140
45917,,-85,6,170,234,69844,44280,8088197,0,100,19,0,0,B0:CB:D8:C9:92:00,1,0,0,1E:01:D0:40:E0:9E,6,0,NONE,2026-08-05T00:33:07.572140
45917,,13,13,0,4011,69844,44280,8088342,0,100,19,0,0,B0:CB:D8:C9:92:00,1,0,1,1E:01:D0:40:E0:9E,6,0,NONE,2026-08-05T00:33:07.717140
45917,AUTH,-92,-1,2581,975,69844,44280,8088485,0,100,19,0,0,B0:CB:D8:C9:92:00,0,0,1,1E:01:D0:40:E0:9E,6,0,NONE,2026-08-05T00:33:07.860140
45917,,-84,7,3184,3564,69844,44280,8088719,0,100,19,0,0,B0:CB:D8:C9:92:00,1,0,1,1E:01:D0:40:E0:9E,6,0,NONE,2026-08-05T00:33:08.094140
45917,,-53,38,3223,4029,69828,44280,8088933,0,100,19,0,0,B0:CB:D8:C9:92:00,0,0,0,1E:01:D0:40:E0:9E,6,0,NONE,2026-08-05T00:33:08.308140
45917,,7,7,0,4029,69828,44280,8088988,0,100,19,0,0,B0:CB:D8:C9:92:00,0,0,0,1E:01:D0:40:E0:9E,6,0,NONE,2026-08-05T00:33:08.363140
45917,BEACON,-93,-2,12950,4001,69844,44280,8089101,0,100,19,0,0,B0:CB:D8:C9:92:00,0,0,1,1E:01:D0:40:E0:9E,6,0,NONE,2026-08-05T00:33:08.476140
45917,,-54,37,12288,4036,69844,44280,8089255,0,100,19,0,0,B0:CB:D8:C9:92:00,0,0,0,1E:01:D0:40:E0:9E,6,0,NONE,2026-08-05T00:33:08.630140
45917,,-55,36,28403,4045,69844,44280,8089470,0,100,19,0,0,B0:CB:D8:C9:92:00,0,0,1,1E:01:D0:40:E0:9E,6,0,NONE,2026-08-05T00:33:08.845140
45917,BEACON,-53,38,2000,4051,69844,44280,8089827,0,100,19,0,0,B0:CB:D8:C9:92:00,0,0,1,1E:01:D0:40:E0:9E,6,0,NONE,2026-08-05T00:33:09.202140
45917,,-95,-4,1419,3742,69844,44280,8090005,0,100,19,0,0,B0:CB:D8:C9:92:00,0,0,1,1E:01:D0:40:E0:9E,6,0,NONE,2026-08-05T00:33:09.380140
45917,,-55,36,0,4071,69844,44280,8090238,0,100,19,0,0,B0:CB:D8:C9:92:00,0,0,0,1E:01:D0:40:E0:9E,6,0,NONE,2026-08-05T00:33:09.613140
45917,,-94,-3,3846,3926,69844,44280,8090553,0,100,19,0,0,B0:CB:D8:C9:92:00,1,0,1,1E:01:D0:40:E0:9E,6,0,NONE,2026-08-05T00:33:09.928140
45917,,-90,1,0,3876,69844,44280,8090802,0,100,19,0,0,B0:CB:D8:C9:92:00,0,0,1,1E:01:D0:40:E0:9E,6,0,NONE,2026-08-05T00:33:10.177140
45917,,-91,0,5553,999,69844,44280,8091125,0,100,19,0,0,B0:CB:D8:C9:92:00,0,0,1,1E:01:D0:40:E0:9E,6,0,NONE,2026-08-05T00:33:10.500140
45917,,-54,37,0,4093,69844,44280,8091262,0,100,19,0,0,B0:CB:D8:C9:92:00,0,0,0,1E:01:D0:40:E0:9E,6,0,NONE,2026-08-05T00:33:10.637140
45917,,13,13,0,6,69844,44280,8091526,0,100,19,0,0,B0:CB:D8:C9:92:00,0,0,1,1E:01:D0:40:E0:9E,6,0,NONE,2026-08-05T00:33:10.901140
45917,BEACON,-83,8,298,3843,69844,44280,8091742,0,100,19,0,0,B0:CB:D8:C9:92:00,0,0,1,1E:01:D0:40:E0:9E,6,0,NONE,2026-08-05T00:33:11.117140
45917,,8,8,0,19,69828,44280,8091755,0,100,19,0,0,B0:CB:D8:C9:92:00,0,0,0,1E:01:D0:40:E0:9E,6,0,NONE,2026-08-05T00:33:11.129759
45917,PROBE_RESP,-87,4,0,3,69844,44280,8091942,0,100,19,0,0,B0:CB:D8:C9:92:00,0,0,1,1E:01:D0:40:E0:9E,6,0,NONE,2026-08-05T00:33:11.316759
45917,AUTH,-90,1,2197,4041,69844,44280,8092156,0,100,19,0,0,B0:CB:D8:C9:92:00,1,0,1,1E:01:D0:40:E0:9E,6,0,NONE,2026-08-05T00:33:11.530759
45917,,-93,-2,2531,2739,69844,44280,8092423,0,100,19,0,0,B0:CB:D8:C9:92:00,0,0,1,1E:01:D0:40:E0:9E,6,0,NONE,2026-08-05T00:33:11.797759
45917,,-93,-2,7253,1177,69844,44280,8092712,0,100,19,0,0,B0:CB:D8:C9:92:00,0,0,1,1E:01:D0:40:E0:9E,6,0,NONE,2026-08-05T00:33:12.086759
45917,,-88,3,1102,2403,69844,44280,8092873,0,100,19,0,0,B0:CB:D8:C9:92:00,0,0,1,1E:01:D0:40:E0:9E,6,0,NONE,2026-08-05T00:33:12.247759
45917,,-86,5,225,294,69844,44280,8093038,0,100,19,0,0,B0:CB:D8:C9:92:00,0,0,0,1E:01:D0:40:E0:9E,6,0,NONE,2026-08-05T00:33:12.412759
45917,MGMT_OTHER,-97,-6,4929,1695,69844,44280,8093208,0,100,19,0,0,B0:CB:D8:C9:92:00,0,0,1,1E:01:D0:40:E0:9E,6,0,NONE,2026-08-05T00:33:12.582759
45917,,-54,37,3296,800,69844,44280,8093472,0,100,19,0,0,B0:CB:D8:C9:92:00,0,0,1,1E:01:D0:40:E0:9E,6,0,NONE,2026-08-05T00:33:12.846759
45917,,-53,38,0,78,69844,44280,8093611,0,100,19,0,0,B0:CB:D8:C9:92:00,0,0,0,1E:01:D0:40:E0:9E,6,0,NONE,2026-08-05T00:33:12.985759
45917,BEACON,-83,8,298,3864,69844,44280,8093893,0,100,19,0,0,B0:CB:D8:C9:92:00,1,0,1,1E:01:D0:40:E0:9E,6,0,NONE,2026-08-05T00:33:13.267759
45917,BEACON,-89,2,3323,718,69844,44280,8094121,0,100,19,0,0,B0:CB:D8:C9:92:00,0,0,1,1E:01:D0:40:E0:9E,6,0,NONE,2026-08-05T00:33:13.495759
45917,,-53,38,325,804,69844,44280,8094508,0,100,19,0,0,B0:CB:D8:C9:92:00,0,0,0,1E:01:D0:40:E0:9E,6,0,NONE,2026-08-05T00:33:13.882759
45917,,-55,36,149,805,69844,44280,8094818,0,100,19,0,0,B0:CB:D8:C9:92:00,0,0,0,1E:01:D0:40:E0:9E,6,0,NONE,2026-08-05T00:33:14.192759
45917,MGMT_OTHER,-94,-3,9316,3115,69844,44280,8095158,0,100,19,0,0,B0:CB:D8:C9:92:00,0,0,1,1E:01:D0:40:E0:9E,6,0,NONE,2026-08-05T00:33:14.532759
45917,,-85,6,2205,2147,69844,44280,8095347,0,100,19,0,0,B0:CB:D8:C9:92:00,1,0,1,1E:01:D0:40:E0:9E,6,0,NONE,2026-08-05T00:33:14.721759
45917,BEACON,-55,36,2918,117,69844,44280,8095561,0,100,19,0,0,B0:CB:D8:C9:92:00,1,0,1,1E:01:D0:40:E0:9E,6,0,NONE,2026-08-05T00:33:14.935759
45917,BEACON,-90,1,31817,367,69844,44280,8095824,0,100,19,0,0,B0:CB:D8:C9:92:00,0,0,1,1E:01:D0:40:E0:9E,6,0,NONE,2026-08-05T00:33:15.198759
45917,,13,13,0,1023,69844,44280,8096050,0,100,19,0,0,B0:CB:D8:C9:92:00,1,0,1,1E:01:D0:40:E0:9E,6,0,NONE,2026-08-05T00:33:15.424759
45917,BEACON,-85,6,0,704,69844,44280,8096273,0,100,19,0,0,B0:CB:D8:C9:92:00,0,0,0,1E:01:D0:40:E0:9E,6,0,NONE,2026-08-05T00:33:15.647759
45917,,-86,5,9290,1660,69844,44280,8096436,0,100,19,0,0,B0:CB:D8:C9:92:00,0,0,1,1E:01:D0:40:E0:9E,6,0,NONE,2026-08-05T00:33:15.810759
45917,MGMT_OTHER,-88,3,16078,4039,69844,44280,8096623,0,100,19,0,0,B0:CB:D8:C9:92:00,0,0,1,1E:01:D0:40:E0:9E,6,0,NONE,2026-08-05T00:33:15.997759
45917,PROBE_RESP,-93,-2,0,1,69844,44280,8096771,0,100,19,0,0,B0:CB:D8:C9:92:00,1,0,0,1E:01:D0:40:E0:9E,6,0,NONE,2026-08-05T00:33:16.145759
45917,BEACON,-92,-1,0,4079,69844,44280,8097092,0,100,19,0,0,B0:CB:D8:C9:92:00,0,0,1,1E:01:D0:40:E0:9E,6,0,NONE,2026-08-05T00:33:16.466759
45917,MGMT_OTHER,-88,3,5030,2965,69844,44280,8097328,0,100,19,0,0,B0:CB:D8:C9:92:00,0,0,1,1E:01:D0:40:E0:9E,6,0,NONE,2026-08-05T00:33:16.702759
45917,BEACON,-82,9,0,3865,69844,44280,8097684,0,100,19,0,0,B0:CB:D8:C9:92:00,0,0,0,1E:01:D0:40:E0:9E,6,0,NONE,2026-08-05T00:33:17.058759
45917,,-91,0,603,4071,69844,44280,8097947,0,100,19,0,0,B0:CB:D8:C9:92:00,0,0,1,1E:01:D0:40:E0:9E,6,0,NONE,2026-08-05T00:33:17.321759
45917,DEAUTH,-89,2,1954,3425,69844,44280,8098230,0,100,19,0,0,B0:CB:D8:C9:92:00,1,0,1,1E:01:D0:40:E0:9E,6,0,NONE,2026-08-05T00:33:17.604759
45917,,-54,37,1987,182,69844,44280,8098465,0,100,19,0,0,B0:CB:D8:C9:92:00,0,0,1,1E:01:D0:40:E0:9E,6,0,NONE,2026-08-05T00:33:17.839759
45917,,-54,37,131,190,69768,44280,8098592,0,100,19,0,0,B0:CB:D8:C9:92:00,1,0,0,1E:01:D0:40:E0:9E,6,0,NONE,2026-08-05T00:33:17.966759
45917,,-93,-2,3681,775,69844,44280,8098829,0,100,19,0,0,B0:CB:D8:C9:92:00,1,0,1,1E:01:D0:40:E0:9E,6,0,NONE,2026-08-05T00:33:18.203759
45917,,-54,37,1223,821,69844,44280,8099118,0,100,19,0,0,B0:CB:D8:C9:92:00,0,0,1,1E:01:D0:40:E0:9E,6,0,NONE,2026-08-05T00:33:18.492759
45917,BEACON,-91,0,0,3,69844,44280,8099137,0,100,19,0,0,B0:CB:D8:C9:92:00,0,0,0,1E:01:D0:40:E0:9E,6,0,NONE,2026-08-05T00:33:18.511708
45917,,-86,5,0,359,69844,44280,8099192,0,100,19,0,0,B0:CB:D8:C9:92:00,0,0,1,1E:01:D0:40:E0:9E,6,0,NONE,2026-08-05T00:33:18.566708
45917,,-88,3,11995,851,69844,44280,8099487,0,100,19,0,0,B0:CB:D8:C9:92:00,0,0,1,1E:01:D0:40:E0:9E,6,0,NONE,2026-08-05T00:33:18.861708
45917,BEACON,-92,-1,0,3407,69844,44280,8099761,0,100,19,0,0,B0:CB:D8:C9:92:00,1,0,1,1E:01:D0:40:E0:9E,6,0,NONE,2026-08-05T00:33:19.135708
45917,MGMT_OTHER,-81,10,8011,2606,69844,44280,8100155,0,100,19,0,0,B0:CB:D8:C9:92:00,0,0,1,1E:01:D0:40:E0:9E,6,0,NONE,2026-08-05T00:33:19.529708
45917,BEACON,-85,6,224,745,69844,44280,8100472,0,100,19,0,0,B0:CB:D8:C9:92:00,0,0,0,1E:01:D0:40:E0:9E,6,0,NONE,2026-08-05T00:33:19.846708
45917,PROBE_RESP,-87,4,0,1,69844,44280,8100768,0,100,19,0,0,B0:CB:D8:C9:92:00,0,0,0,1E:01:D0:40:E0:9E,6,0,NONE,2026-08-05T00:33:20.142708
45917,,-54,37,0,236,66248,44280,8100987,0,100,19,0,0,B0:CB:D8:C9:92:00,0,0,0,1E:01:D0:40:E0:9E,6,0,NONE,2026-08-05T00:33:20.361586
45917,,-55,36,0,246,69844,44280,8101267,0,100,19,0,0,B0:CB:D8:C9:92:00,0,0,1,1E:01:D0:40:E0:9E,6,0,NONE,2026-08-05T00:33:20.641586
45917,,-54,37,181,830,69844,44280,8101384,0,100,19,0,0,B0:CB:D8:C9:92:00,0,0,0,1E:01:D0:40:E0:9E,6,0,NONE,2026-08-05T00:33:20.758586
45917,,-55,36,1960,263,69844,44280,8101656,0,100,19,0,0,B0:CB:D8:C9:92:00,0,0,1,1E:01:D0:40:E0:9E,6,0,NONE,2026-08-05T00:33:21.030586
45917,MGMT_OTHER,-94,-3,6629,3802,69844,44280,8101976,0,100,19,0,0,B0:CB:D8:C9:92:00,1,0,1,1E:01:D0:40:E0:9E,6,0,NONE,2026-08-05T00:33:21.350586
45917,,-55,36,3031,272,69844,44280,8102069,0,100,19,0,0,B0:CB:D8:C9:92:00,1,0,1,1E:01:D0:40:E0:9E,6,0,NONE,2026-08-05T00:33:21.443586
45917,BEACON,-93,-2,0,231,69844,44280,8102313,0,100,19,0,0,B0:CB:D8:C9:92:00,1,0,1,1E:01:D0:40:E0:9E,6,0,NONE,2026-08-05T00:33:21.687586
45917,,-77,14,10010,2062,69844,44280,8102647,0,100,19,0,0,B0:CB:D8:C9:92:00,0,0,1,1E:01:D0:40:E0:9E,6,0,NONE,2026-08-05T00:33:22.021586
45917,MGMT_OTHER,-92,-1,0,3562,69844,44280,8102829,0,100,19,0,0,B0:CB:D8:C9:92:00,0,0,1,1E:01:D0:40:E0:9E,6,0,NONE,2026-08-05T00:33:22.203586
45917,AUTH,-77,14,5327,1702,69844,44280,8103090,0,100,19,0,0,B0:CB:D8:C9:92:00,0,0,1,1E:01:D0:40:E0:9E,6,0,NONE,2026-08-05T00:33:22.464586
45917,AUTH,-77,14,10032,1702,69844,44280,8103431,0,100,19,0,0,B0:CB:D8:C9:92:00,0,0,1,1E:01:D0:40:E0:9E,6,0,NONE,2026-08-05T00:33:22.805586
45917,BEACON,-91,0,2368,674,69844,44280,8103724,0,100,19,0,0,B0:CB:D8:C9:92:00,0,0,1,1E:01:D0:40:E0:9E,6,0,NONE,2026-08-05T00:33:23.098586
45917,BEACON,-90,1,4687,814,69844,44280,8103954,0,100,19,0,0,B0:CB:D8:C9:92:00,0,0,1,1E:01:D0:40:E0:9E,6,0,NONE,2026-08-05T00:33:23.328586
45917,PROBE_REQ,-92,-1,2507,2305,69844,44280,8104258,0,100,19,0,0,B0:CB:D8:C9:92:00,0,0,1,1E:01:D0:40:E0:9E,6,0,NONE,2026-08-05T00:33:23.632586
45917,BEACON,-87,4,0,784,69844,44280,8104465,0,100,19,0,0,B0:CB:D8:C9:92:00,1,0,0,1E:01:D0:40:E0:9E,6,0,NONE,2026-08-05T00:33:23.839586
45917,,-89,2,19243,2604,69844,44280,8104689,0,100,19,0,0,B0:CB:D8:C9:92:00,0,0,1,1E:01:D0:40:E0:9E,6,0,NONE,2026-08-05T00:33:24.063586
45917,,-90,1,7495,3032,69844,44280,8104891,0,100,19,0,0,B0:CB:D8:C9:92:00,0,0,1,1E:01:D0:40:E0:9E,6,0,NONE,2026-08-05T00:33:24.265586
45917,,-94,-3,10405,3064,69844,44280,8105169,0,100,19,0,0,B0:CB:D8:C9:92:00,1,0,1,1E:01:D0:40:E0:9E,6,0,NONE,2026-08-05T00:33:24.543586
45917,BEACON,-95,-4,0,262,69844,44280,8105490,0,100,19,0,0,B0:CB:D8:C9:92:00,0,0,1,1E:01:D0:40:E0:9E,6,0,NONE,2026-08-05T00:33:24.864586
45917,BEACON,-91,0,0,66,69844,44280,8105588,0,100,19,0,0,B0:CB:D8:C9:92:00,0,0,1,1E:01:D0:40:E0:9E,6,0,NONE,2026-08-05T00:33:24.962586
45917,BEACON,-83,8,1376,3981,69844,44280,8105875,0,100,19,0,0,B0:CB:D8:C9:92:00,0,0,1,1E:01:D0:40:E0:9E,6,0,NONE,2026-08-05T00:33:25.249586
45917,,-92,-1,10522,1086,69844,44280,8106129,0,100,19,0,0,B0:CB:D8:C9:92:00,0,0,1,1E:01:D0:40:E0:9E,6,0,NONE,2026-08-05T00:33:25.503586
45917,PROBE_RESP,-87,4,0,0,69844,44280,8106493,0,100,19,0,0,B0:CB:D8:C9:92:00,0,0,0,1E:01:D0:40:E0:9E,6,0,NONE,2026-08-05T00:33:25.867586
45917,BEACON,-50,41,22219,360,69844,44280,8106632,0,100,19,0,0,B0:CB:D8:C9:92:00,0,0,1,1E:01:D0:40:E0:9E,6,0,NONE,2026-08-05T00:33:26.006586
45917,,-52,39,1428,848,69828,44280,8106901,0,100,19,0,0,B0:CB:D8:C9:92:00,0,0,1,1E:01:D0:40:E0:9E,6,0,NONE,2026-08-05T00:33:26.275586
45917,,8,8,0,1023,69844,44280,8107176,0,100,19,0,0,B0:CB:D8:C9:92:00,0,0,0,1E:01:D0:40:E0:9E,6,0,NONE,2026-08-05T00:33:26.550586
45917,PROBE_RESP,-82,9,0,1,69844,44280,8107246,0,100,19,0,0,B0:CB:D8:C9:92:00,0,0,0,1E:01:D0:40:E0:9E,6,0,NONE,2026-08-05T00:33:26.620586
45917,,13,13,0,1023,69844,44280,8107404,0,100,19,0,0,B0:CB:D8:C9:92:00,0,0,0,1E:01:D0:40:E0:9E,6,0,NONE,2026-08-05T00:33:26.778586
45917,BEACON,-86,5,0,814,69844,44280,8107538,0,100,19,0,0,B0:CB:D8:C9:92:00,0,0,0,1E:01:D0:40:E0:9E,6,0,NONE,2026-08-05T00:33:26.912586
45917,,-89,2,0,2166,69844,44280,8107589,0,100,19,0,0,B0:CB:D8:C9:92:00,0,0,1,1E:01:D0:40:E0:9E,6,0,NONE,2026-08-05T00:33:26.963586
45917,PROBE_RESP,-88,3,344,0,69844,44280,8107769,0,100,19,0,0,B0:CB:D8:C9:92:00,0,0,0,1E:01:D0:40:E0:9E,6,0,NONE,2026-08-05T00:33:27.143586
45917,,12,12,0,1023,69844,44280,8107861,0,100,19,0,0,B0:CB:D8:C9:92:00,0,0,0,1E:01:D0:40:E0:9E,6,0,NONE,2026-08-05T00:33:27.235586
45917,,11,11,0,850,69844,44280,8107942,0,100,19,0,0,B0:CB:D8:C9:92:00,0,0,0,1E:01:D0:40:E0:9E,6,0,NONE,2026-08-05T00:33:27.316586
45917,BEACON,-91,0,0,487,69844,44280,8108112,0,100,19,0,0,B0:CB:D8:C9:92:00,0,0,1,1E:01:D0:40:E0:9E,6,0,NONE,2026-08-05T00:33:27.486586
45917,BEACON,-93,-2,0,3495,69844,44280,8108250,0,100,19,0,0,B0:CB:D8:C9:92:00,0,0,1,1E:01:D0:40:E0:9E,6,0,NONE,2026-08-05T00:33:27.624586
45917,,9,9,0,388,69844,44280,8108469,0,100,19,0,0,B0:CB:D8:C9:92:00,0,0,0,1E:01:D0:40:E0:9E,6,0,NONE,2026-08-05T00:33:27.843586
45917,,43,43,0,1568,69844,44280,8108507,0,100,19,0,0,B0:CB:D8:C9:92:00,0,0,1,1E:01:D0:40:E0:9E,6,0,NONE,2026-08-05T00:33:27.881586
45917,BEACON,-86,5,0,824,69844,44280,8108562,0,100,19,0,0,B0:CB:D8:C9:92:00,0,0,0,1E:01:D0:40:E0:9E,6,0,NONE,2026-08-05T00:33:27.936586
45917,PROBE_RESP,-93,-2,0,1,69844,44280,8108641,0,100,19,0,0,B0:CB:D8:C9:92:00,0,0,1,1E:01:D0:40:E0:9E,6,0,NONE,2026-08-05T00:33:28.015586
45917,,11,11,0,397,69844,44280,8108747,0,100,19,0,0,B0:CB:D8:C9:92:00,0,0,0,1E:01:D0:40:E0:9E,6,0,NONE,2026-08-05T00:33:28.121586
45917,,8,8,0,854,69844,44280,8108903,0,100,19,0,0,B0:CB:D8:C9:92:00,0,0,0,1E:01:D0:40:E0:9E,6,0,NONE,2026-08-05T00:33:28.277586
45917,,-84,7,2944,2297,69844,44280,8109045,0,100,19,0,0,B0:CB:D8:C9:92:00,0,0,1,1E:01:D0:40:E0:9E,6,0,NONE,2026-08-05T00:33:28.419586
45917,,-87,4,20524,2979,69844,44280,8109299,0,100,19,0,0,B0:CB:D8:C9:92:00,0,0,1,1E:01:D0:40:E0:9E,6,0,NONE,2026-08-05T00:33:28.673586
45917,BEACON,-93,-2,7945,779,69844,44280,8109556,0,100,19,0,0,B0:CB:D8:C9:92:00,0,0,1,1E:01:D0:40:E0:9E,6,0,NONE,2026-08-05T00:33:28.930586
45917,,-53,38,7945,859,69844,44280,8109717,0,100,19,0,0,B0:CB:D8:C9:92:00,1,0,1,1E:01:D0:40:E0:9E,6,0,NONE,2026-08-05T00:33:29.091586
45917,,-92,-1,11968,1545,69844,44280,8109929,0,100,19,0,0,B0:CB:D8:C9:92:00,0,0,1,1E:01:D0:40:E0:9E,6,0,NONE,2026-08-05T00:33:29.303586
45917,BEACON,-96,-5,9909,507,69844,44280,8110160,0,100,19,0,0,B0:CB:D8:C9:92:00,0,0,1,1E:01:D0:40:E0:9E,6,0,NONE,2026-08-05T00:33:29.534586
45917,BEACON,-83,8,0,3990,69844,44280,8110485,0,100,19,0,0,B0:CB:D8:C9:92:00,1,0,0,1E:01:D0:40:E0:9E,6,0,NONE,2026-08-05T00:33:29.859586
45917,,-91,0,12931,3289,69844,44280,8110622,0,100,19,0,0,B0:CB:D8:C9:92:00,0,0,1,1E:01:D0:40:E0:9E,6,0,NONE,2026-08-05T00:33:29.996586
45917,DISASSOC,-87,4,33217,2816,69844,44280,8110897,0,100,19,0,0,B0:CB:D8:C9:92:00,0,0,1,1E:01:D0:40:E0:9E,6,0,NONE,2026-08-05T00:33:30.271586
45917,BEACON,-93,-2,12356,2218,69844,44280,8111199,0,100,19,0,0,B0:CB:D8:C9:92:00,0,0,1,1E:01:D0:40:E0:9E,6,0,NONE,2026-08-05T00:33:30.573586
45917,,9,9,0,1023,69844,44280,8111467,0,100,19,0,0,B0:CB:D8:C9:92:00,0,0,1,1E:01:D0:40:E0:9E,6,0,NONE,2026-08-05T00:33:30.841586
45917,,-90,1,652,2051,69844,44280,8111679,0,100,19,0,0,B0:CB:D8:C9:92:00,0,0,1,1E:01:D0:40:E0:9E,6,0,NONE,2026-08-05T00:33:31.053586
45917,BEACON,-93,-2,0,754,69844,44280,8111918,0,100,19,0,0,B0:CB:D8:C9:92:00,0,0,0,1E:01:D0:40:E0:9E,6,0,NONE,2026-08-05T00:33:31.292586
45917,PROBE_RESP,-90,1,339,1,69844,44280,8112132,0,100,19,0,0,B0:CB:D8:C9:92:00,0,0,0,1E:01:D0:40:E0:9E,6,0,NONE,2026-08-05T00:33:31.506586
45917,,-84,7,16467,2636,69844,44280,8112264,0,100,19,0,0,B0:CB:D8:C9:92:00,0,0,1,1E:01:D0:40:E0:9E,6,0,NONE,2026-08-05T00:33:31.638586
45917,,9,9,0,486,69844,44280,8112374,0,100,19,0,0,B0:CB:D8:C9:92:00,0,0,0,1E:01:D0:40:E0:9E,6,0,NONE,2026-08-05T00:33:31.748586
45917,,7,7,0,870,69844,44280,8112455,0,100,19,0,0,B0:CB:D8:C9:92:00,0,0,0,1E:01:D0:40:E0:9E,6,0,NONE,2026-08-05T00:33:31.829586
45917,,-54,37,164,510,69844,44280,8112645,0,100,19,0,0,B0:CB:D8:C9:92:00,0,0,0,1E:01:D0:40:E0:9E,6,0,NONE,2026-08-05T00:33:32.019586
45917,,9,9,0,518,69844,44280,8112760,0,100,19,0,0,B0:CB:D8:C9:92:00,0,0,1,1E:01:D0:40:E0:9E,6,0,NONE,2026-08-05T00:33:32.134586
45917,,-83,8,3549,3936,69844,44280,8112949,0,100,19,0,0,B0:CB:D8:C9:92:00,0,0,1,1E:01:D0:40:E0:9E,6,0,NONE,2026-08-05T00:33:32.323586
45917,BEACON,-93,-2,5368,815,69844,44280,8113243,0,100,19,0,0,B0:CB:D8:C9:92:00,0,0,1,1E:01:D0:40:E0:9E,6,0,NONE,2026-08-05T00:33:32.617586
45917,,-84,7,2169,82,69716,44280,8113574,0,100,19,0,0,B0:CB:D8:C9:92:00,1,0,1,1E:01:D0:40:E0:9E,6,0,NONE,2026-08-05T00:33:32.948586
45917,MGMT_OTHER,-86,5,20560,2299,69844,44280,8113814,0,100,19,0,0,B0:CB:D8:C9:92:00,0,0,1,1E:01:D0:40:E0:9E,6,0,NONE,2026-08-05T00:33:33.188586
45917,,-92,-1,2548,410,69844,44280,8114058,0,100,19,0,0,B0:CB:D8:C9:92:00,0,0,1,1E:01:D0:40:E0:9E,6,0,NONE,2026-08-05T00:33:33.432586
45917,PROBE_RESP,-94,-3,0,1,69844,44280,8114204,0,100,19,0,0,B0:CB:D8:C9:92:00,0,0,0,1E:01:D0:40:E0:9E,6,0,NONE,2026-08-05T00:33:33.578586
45917,PROBE_RESP,-94,-3,0,3,69844,44280,8114365,0,100,19,0,0,B0:CB:D8:C9:92:00,0,0,0,1E:01:D0:40:E0:9E,6,0,NONE,2026-08-05T00:33:33.739586
45917,BEACON,-84,7,1381,4065,69844,44280,8114477,0,100,19,0,0,B0:CB:D8:C9:92:00,0,0,1,1E:01:D0:40:E0:9E,6,0,NONE,2026-08-05T00:33:33.851586
45917,,-85,6,3993,425,69844,44280,8114668,0,100,19,0,0,B0:CB:D8:C9:92:00,0,0,1,1E:01:D0:40:E0:9E,6,0,NONE,2026-08-05T00:33:34.042586
45917,PROBE_RESP,-85,6,0,0,69844,44280,8114878,0,100,19,0,0,B0:CB:D8:C9:92:00,0,0,0,1E:01:D0:40:E0:9E,6,0,NONE,2026-08-05T00:33:34.252586
45917,PROBE_RESP,-88,3,389,4,69844,44280,8115138,0,100,19,0,0,B0:CB:D8:C9:92:00,0,0,0,1E:01:D0:40:E0:9E,6,0,NONE,2026-08-05T00:33:34.512586
45917,PROBE_RESP,-87,4,1935,1,69844,44280,8115254,0,100,19,0,0,B0:CB:D8:C9:92:00,0,0,1,1E:01:D0:40:E0:9E,6,0,NONE,2026-08-05T00:33:34.628586
45917,,-92,-1,12257,1015,69844,44280,8115437,0,100,19,0,0,B0:CB:D8:C9:92:00,0,0,1,1E:01:D0:40:E0:9E,6,0,NONE,2026-08-05T00:33:34.811586
45917,BEACON,-90,1,950,791,69844,44280,8115706,0,100,19,0,0,B0:CB:D8:C9:92:00,0,0,1,1E:01:D0:40:E0:9E,6,0,NONE,2026-08-05T00:33:35.080586
45917,,-83,8,690,2734,69844,44280,8115935,0,100,19,0,0,B0:CB:D8:C9:92:00,1,0,1,1E:01:D0:40:E0:9E,6,0,NONE,2026-08-05T00:33:35.309586
45917,,-55,36,2761,616,69844,44280,8116210,0,100,19,0,0,B0:CB:D8:C9:92:00,0,0,1,1E:01:D0:40:E0:9E,6,0,NONE,2026-08-05T00:33:35.584586
45917,,-87,4,17401,425,69844,44280,8116397,0,100,19,0,0,B0:CB:D8:C9:92:00,0,0,1,1E:01:D0:40:E0:9E,6,0,NONE,2026-08-05T00:33:35.771586
45917,BEACON,-91,0,0,1348,69844,44280,8116730,0,100,19,0,0,B0:CB:D8:C9:92:00,0,0,1,1E:01:D0:40:E0:9E,6,0,NONE,2026-08-05T00:33:36.104586
45917,,-93,-2,537,1821,69844,44280,8117026,0,100,19,0,0,B0:CB:D8:C9:92:00,0,0,1,1E:01:D0:40:E0:9E,6,0,NONE,2026-08-05T00:33:36.400586
45917,BEACON,-84,7,3205,4092,69844,44280,8117241,0,100,19,0,0,B0:CB:D8:C9:92:00,0,0,1,1E:01:D0:40:E0:9E,6,0,NONE,2026-08-05T00:33:36.615586
45917,BEACON,-81,10,0,4059,69844,44280,8117550,0,100,19,0,0,B0:CB:D8:C9:92:00,0,0,0,1E:01:D0:40:E0:9E,6,0,NONE,2026-08-05T00:33:36.924586
45917,,-90,1,5256,2860,69844,44280,8117837,0,100,19,0,0,B0:CB:D8:C9:92:00,0,0,1,1E:01:D0:40:E0:9E,6,0,NONE,2026-08-05T00:33:37.211586
45917,BEACON,-82,9,0,4063,69844,44280,8117959,0,100,19,0,0,B0:CB:D8:C9:92:00,1,0,0,1E:01:D0:40:E0:9E,6,0,NONE,2026-08-05T00:33:37.333586
45917,,-93,-2,3234,810,69844,44280,8118218,0,100,19,0,0,B0:CB:D8:C9:92:00,0,0,1,1E:01:D0:40:E0:9E,6,0,NONE,2026-08-05T00:33:37.592586
45917,BEACON,-93,-2,2762,193,69844,44280,8118594,0,100,19,0,0,B0:CB:D8:C9:92:00,1,0,1,1E:01:D0:40:E0:9E,6,0,NONE,2026-08-05T00:33:37.968586
45917,,-55,36,0,669,69844,44280,8118773,0,100,19,0,0,B0:CB:D8:C9:92:00,0,0,1,1E:01:D0:40:E0:9E,6,0,NONE,2026-08-05T00:33:38.147586
45917,,-88,3,691,851,69844,44280,8119071,0,100,19,0,0,B0:CB:D8:C9:92:00,0,0,1,1E:01:D0:40:E0:9E,6,0,NONE,2026-08-05T00:33:38.445586
45917,BEACON,-85,6,25185,17,69844,44280,8119392,0,100,19,0,0,B0:CB:D8:C9:92:00,0,0,1,1E:01:D0:40:E0:9E,6,0,NONE,2026-08-05T00:33:38.766586
45917,BEACON,-92,-1,0,829,69844,44280,8119599,0,100,19,0,0,B0:CB:D8:C9:92:00,0,0,1,1E:01:D0:40:E0:9E,6,0,NONE,2026-08-05T00:33:38.973586
45917,DISASSOC,-92,-1,8917,98,69844,44280,8119837,0,100,19,0,0,B0:CB:D8:C9:92:00,0,0,1,1E:01:D0:40:E0:9E,6,0,NONE,2026-08-05T00:33:39.211586
45917,,-86,5,8580,1816,69844,44280,8120085,0,100,19,0,0,B0:CB:D8:C9:92:00,0,0,1,1E:01:D0:40:E0:9E,6,0,NONE,2026-08-05T00:33:39.459586
45917,,-53,38,154,897,69844,44280,8120315,0,100,19,0,0,B0:CB:D8:C9:92:00,0,0,0,1E:01:D0:40:E0:9E,6,0,NONE,2026-08-05T00:33:39.689586
45917,BEACON,-54,37,3252,727,69844,44280,8120650,0,100,19,0,0,B0:CB:D8:C9:92:00,0,0,1,1E:01:D0:40:E0:9E,6,0,NONE,2026-08-05T00:33:40.024586
45917,BEACON,-82,9,0,4092,69844,44280,8120930,0,100,19,0,0,B0:CB:D8:C9:92:00,0,0,0,1E:01:D0:40:E0:9E,6,0,NONE,2026-08-05T00:33:40.304586
45917,MGMT_OTHER,-93,-2,0,2463,69844,44280,8121156,0,100,19,0,0,B0:CB:D8:C9:92:00,1,0,1,1E:01:D0:40:E0:9E,6,0,NONE,2026-08-05T00:33:40.530586
45917,,10,10,0,899,69844,44280,8121220,0,100,19,0,0,B0:CB:D8:C9:92:00,1,0,1,1E:01:D0:40:E0:9E,6,0,NONE,2026-08-05T00:33:40.594586
45917,,-84,7,1798,266,69844,44280,8121279,0,100,19,0,0,B0:CB:D8:C9:92:00,0,0,1,1E:01:D0:40:E0:9E,6,0,NONE,2026-08-05T00:33:40.653586
45917,,10,10,0,899,69844,44280,8121318,0,100,19,0,0,B0:CB:D8:C9:92:00,0,0,1,1E:01:D0:40:E0:9E,6,0,NONE,2026-08-05T00:33:40.692586
45917,,10,10,0,899,69844,44280,8121371,0,100,19,0,0,B0:CB:D8:C9:92:00,1,0,1,1E:01:D0:40:E0:9E,6,0,NONE,2026-08-05T00:33:40.745586
45917,BEACON,-54,37,2055,743,69844,44280,8121470,0,100,19,0,0,B0:CB:D8:C9:92:00,0,0,1,1E:01:D0:40:E0:9E,6,0,NONE,2026-08-05T00:33:40.844586
45917,,-94,-3,4751,3713,69844,44280,8121724,0,100,19,0,0,B0:CB:D8:C9:92:00,0,0,1,1E:01:D0:40:E0:9E,6,0,NONE,2026-08-05T00:33:41.098586
45917,,-84,7,1172,1401,69844,44280,8121911,0,100,19,0,0,B0:CB:D8:C9:92:00,1,0,1,1E:01:D0:40:E0:9E,6,0,NONE,2026-08-05T00:33:41.285586
45917,BEACON,-91,0,1797,3626,69844,44280,8122188,0,100,19,0,0,B0:CB:D8:C9:92:00,0,0,1,1E:01:D0:40:E0:9E,6,0,NONE,2026-08-05T00:33:41.562586
45917,BEACON,-52,39,0,773,69844,44280,8122391,0,100,19,0,0,B0:CB:D8:C9:92:00,0,0,1,1E:01:D0:40:E0:9E,6,0,NONE,2026-08-05T00:33:41.765586
45917,,-54,37,9099,779,69844,44280,8122630,0,100,19,0,0,B0:CB:D8:C9:92:00,0,0,0,1E:01:D0:40:E0:9E,6,0,NONE,2026-08-05T00:33:42.004586
45917,BEACON,-91,0,1269,909,69844,44280,8122873,0,100,19,0,0,B0:CB:D8:C9:92:00,1,0,1,1E:01:D0:40:E0:9E,6,0,NONE,2026-08-05T00:33:42.247586
45917,PROBE_RESP,-92,-1,0,0,69844,44280,8122998,0,100,19,0,0,B0:CB:D8:C9:92:00,1,0,0,1E:01:D0:40:E0:9E,6,0,NONE,2026-08-05T00:33:42.372586
45917,BEACON,-94,-3,19354,2148,69844,44280,8123201,0,100,19,0,0,B0:CB:D8:C9:92:00,1,0,1,1E:01:D0:40:E0:9E,6,0,NONE,2026-08-05T00:33:42.575586
45917,,-91,0,21683,2526,69844,44280,8123470,0,100,19,0,0,B0:CB:D8:C9:92:00,1,0,1,1E:01:D0:40:E0:9E,6,0,NONE,2026-08-05T00:33:42.844586
45917,MGMT_OTHER,-91,0,14768,768,69844,44280,8123650,0,100,19,0,0,B0:CB:D8:C9:92:00,0,0,0,1E:01:D0:40:E0:9E,6,0,NONE,2026-08-05T00:33:43.024586
45917,PROBE_RESP,-91,0,0,0,69844,44280,8123800,0,100,19,0,0,B0:CB:D8:C9:92:00,0,0,0,1E:01:D0:40:E0:9E,6,0,NONE,2026-08-05T00:33:43.174586
45917,,-88,3,6932,2800,69844,44280,8124040,0,100,19,0,0,B0:CB:D8:C9:92:00,0,0,1,1E:01:D0:40:E0:9E,6,0,NONE,2026-08-05T00:33:43.414586
45917,,-51,40,0,834,69844,44280,8124205,0,100,19,0,0,B0:CB:D8:C9:92:00,1,0,1,1E:01:D0:40:E0:9E,6,0,NONE,2026-08-05T00:33:43.579586
45917,BEACON,-86,5,0,979,69844,44280,8124434,0,100,19,0,0,B0:CB:D8:C9:92:00,0,0,0,1E:01:D0:40:E0:9E,6,0,NONE,2026-08-05T00:33:43.808586
45917,BEACON,-92,-1,5682,252,69844,44280,8124636,0,100,19,0,0,B0:CB:D8:C9:92:00,0,0,1,1E:01:D0:40:E0:9E,6,0,NONE,2026-08-05T00:33:44.010586
45917,BEACON,-94,-3,0,255,69844,44280,8124943,0,100,19,0,0,B0:CB:D8:C9:92:00,0,0,0,1E:01:D0:40:E0:9E,6,0,NONE,2026-08-05T00:33:44.317586
45917,DISASSOC,-92,-1,11488,3377,69844,44280,8125150,0,100,19,0,0,B0:CB:D8:C9:92:00,0,0,1,1E:01:D0:40:E0:9E,6,0,NONE,2026-08-05T00:33:44.524586
45917,,-50,41,0,869,69844,44280,8125386,0,100,19,0,0,B0:CB:D8:C9:92:00,0,0,0,1E:01:D0:40:E0:9E,6,0,NONE,2026-08-05T00:33:44.760586
45917,BEACON,-94,-3,18110,458,69844,44280,8125559,0,100,19,0,0,B0:CB:D8:C9:92:00,1,0,1,1E:01:D0:40:E0:9E,6,0,NONE,2026-08-05T00:33:44.933586
45917,PROBE_RESP,-81,10,0,0,69844,44280,8125712,0,100,19,0,0,B0:CB:D8:C9:92:00,1,0,1,1E:01:D0:40:E0:9E,6,0,NONE,2026-08-05T00:33:45.086586
45917,,-91,0,16722,1986,69844,44280,8125997,0,100,19,0,0,B0:CB:D8:C9:92:00,0,0,1,1E:01:D0:40:E0:9E,6,0,NONE,2026-08-05T00:33:45.371586
45917,,-87,4,6678,3545,69844,44280,8126187,0,100,19,0,0,B0:CB:D8:C9:92:00,0,0,1,1E:01:D0:40:E0:9E,6,0,NONE,2026-08-05T00:33:45.561586
45917,,-86,5,4439,353,69844,44280,8126497,0,100,19,0,0,B0:CB:D8:C9:92:00,0,0,1,1E:01:D0:40:E0:9E,6,0,NONE,2026-08-05T00:33:45.871586
45917,MGMT_OTHER,-89,2,540,2356,69844,44280,8126770,0,100,19,0,0,B0:CB:D8:C9:92:00,0,0,1,1E:01:D0:40:E0:9E,6,0,NONE,2026-08-05T00:33:46.144586
45917,,-90,1,9721,776,69844,44280,8126936,0,100,19,0,0,B0:CB:D8:C9:92:00,0,0,1,1E:01:D0:40:E0:9E,6,0,NONE,2026-08-05T00:33:46.310586
45917,,-53,38,7051,899,69844,44280,8127210,0,100,19,0,0,B0:CB:D8:C9:92:00,0,0,1,1E:01:D0:40:E0:9E,6,0,NONE,2026-08-05T00:33:46.584586
45917,BEACON,-54,37,1409,906,69844,44280,8127409,0,100,19,0,0,B0:CB:D8:C9:92:00,0,0,1,1E:01:D0:40:E0:9E,6,0,NONE,2026-08-05T00:33:46.783586
45917,BEACON,-92,-1,2670,956,69844,44280,8127682,0,100,19,0,0,B0:CB:D8:C9:92:00,1,0,1,1E:01:D0:40:E0:9E,6,0,NONE,2026-08-05T00:33:47.056586
45917,BEACON,-95,-4,0,3695,69844,44280,8127922,0,100,19,0,0,B0:CB:D8:C9:92:00,1,0,1,1E:01:D0:40:E0:9E,6,0,NONE,2026-08-05T00:33:47.296586
45917,BEACON,-92,-1,0,287,69844,44280,8128220,0,100,19,0,0,B0:CB:D8:C9:92:00,0,0,1,1E:01:D0:40:E0:9E,6,0,NONE,2026-08-05T00:33:47.594586
45917,,-91,0,14663,3506,69844,44280,8128466,0,100,19,0,0,B0:CB:D8:C9:92:00,0,0,1,1E:01:D0:40:E0:9E,6,0,NONE,2026-08-05T00:33:47.840586
45917,DISASSOC,-87,4,3876,1301,69844,44280,8128737,0,100,19,0,0,B0:CB:D8:C9:92:00,1,0,1,1E:01:D0:40:E0:9E,6,0,NONE,2026-08-05T00:33:48.111586
45917,BEACON,-55,36,0,954,69844,44280,8128948,0,100,19,0,0,B0:CB:D8:C9:92:00,0,0,1,1E:01:D0:40:E0:9E,6,0,NONE,2026-08-05T00:33:48.322586
45917,MGMT_OTHER,-83,8,19161,332,69844,44280,8129184,0,100,19,0,0,B0:CB:D8:C9:92:00,0,0,1,1E:01:D0:40:E0:9E,6,0,NONE,2026-08-05T00:33:48.558586
45917,,-54,37,0,971,69844,44280,8129431,0,100,19,0,0,B0:CB:D8:C9:92:00,1,0,1,1E:01:D0:40:E0:9E,6,0,NONE,2026-08-05T00:33:48.805586
45917,,-87,4,5468,3332,69844,44280,8129694,0,100,19,0,0,B0:CB:D8:C9:92:00,0,0,1,1E:01:D0:40:E0:9E,6,0,NONE,2026-08-05T00:33:49.068586
45917,BEACON,-85,6,0,1033,69844,44280,8129964,0,100,19,0,0,B0:CB:D8:C9:92:00,1,0,0,1E:01:D0:40:E0:9E,6,0,NONE,2026-08-05T00:33:49.338586
45917,BEACON,-91,0,17898,307,69844,44280,8130268,0,100,19,0,0,B0:CB:D8:C9:92:00,0,0,1,1E:01:D0:40:E0:9E,6,0,NONE,2026-08-05T00:33:49.642586
45917,MGMT_OTHER,-90,1,14983,2719,69844,44280,8130420,0,100,19,0,0,B0:CB:D8:C9:92:00,0,0,1,1E:01:D0:40:E0:9E,6,0,NONE,2026-08-05T00:33:49.794586
45917,BEACON,-92,-1,0,936,69844,44280,8130556,0,100,19,0,0,B0:CB:D8:C9:92:00,0,0,1,1E:01:D0:40:E0:9E,6,0,NONE,2026-08-05T00:33:49.930586
45917,,-90,1,537,1737,69844,44280,8130880,0,100,19,0,0,B0:CB:D8:C9:92:00,0,0,1,1E:01:D0:40:E0:9E,6,0,NONE,2026-08-05T00:33:50.254586
45917,BEACON,-91,0,4239,316,69844,44280,8131190,0,100,19,0,0,B0:CB:D8:C9:92:00,0,0,1,1E:01:D0:40:E0:9E,6,0,NONE,2026-08-05T00:33:50.564586
45917,,-87,4,14925,2483,69844,44280,8131470,0,100,19,0,0,B0:CB:D8:C9:92:00,1,0,1,1E:01:D0:40:E0:9E,6,0,NONE,2026-08-05T00:33:50.844586
45917,BEACON,-92,-1,2372,322,69844,44280,8131804,0,100,19,0,0,B0:CB:D8:C9:92:00,0,0,1,1E:01:D0:40:E0:9E,6,0,NONE,2026-08-05T00:33:51.178586
45917,,-53,38,534,1013,69844,44280,8132130,0,100,19,0,0,B0:CB:D8:C9:92:00,0,0,0,1E:01:D0:40:E0:9E,6,0,NONE,2026-08-05T00:33:51.504586
45917,BEACON,-55,36,2508,1017,69844,44280,8132529,0,100,19,0,0,B0:CB:D8:C9:92:00,0,0,1,1E:01:D0:40:E0:9E,6,0,NONE,2026-08-05T00:33:51.903586
45917,,-90,1,12693,1332,69844,44280,8132845,0,100,19,0,0,B0:CB:D8:C9:92:00,0,0,1,1E:01:D0:40:E0:9E,6,0,NONE,2026-08-05T00:33:52.219586
45917,MGMT_OTHER,-94,-3,7925,1502,69844,44280,8133073,0,100,19,0,0,B0:CB:D8:C9:92:00,0,0,1,1E:01:D0:40:E0:9E,6,0,NONE,2026-08-05T00:33:52.447586
45917,BEACON,-94,-3,0,3735,69844,44280,8133350,0,100,19,0,0,B0:CB:D8:C9:92:00,0,0,1,1E:01:D0:40:E0:9E,6,0,NONE,2026-08-05T00:33:52.724586
45917,BEACON,-93,-2,3750,1004,69844,44280,8133626,0,100,19,0,0,B0:CB:D8:C9:92:00,0,0,1,1E:01:D0:40:E0:9E,6,0,NONE,2026-08-05T00:33:53.000586
45917,MGMT_OTHER,-87,4,12643,3556,69844,44280,8133930,0,100,19,0,0,B0:CB:D8:C9:92:00,0,0,1,1E:01:D0:40:E0:9E,6,0,NONE,2026-08-05T00:33:53.304586
45917,BEACON,-90,1,4181,1109,69844,44280,8134162,0,100,19,0,0,B0:CB:D8:C9:92:00,1,0,1,1E:01:D0:40:E0:9E,6,0,NONE,2026-08-05T00:33:53.536586
45917,,-87,4,20287,2184,69844,44280,8134525,0,100,19,0,0,B0:CB:D8:C9:92:00,0,0,1,1E:01:D0:40:E0:9E,6,0,NONE,2026-08-05T00:33:53.899586
45917,BEACON,-89,2,0,747,69844,44280,8134737,0,100,19,0,0,B0:CB:D8:C9:92:00,1,0,1,1E:01:D0:40:E0:9E,6,0,NONE,2026-08-05T00:33:54.111586
45917,,-90,1,7508,1792,69844,44280,8135040,0,100,19,0,0,B0:CB:D8:C9:92:00,0,0,1,1E:01:D0:40:E0:9E,6,0,NONE,2026-08-05T00:33:54.414586
45917,BEACON,-90,1,4070,3754,69844,44280,8135296,0,100,19,0,0,B0:CB:D8:C9:92:00,0,0,1,1E:01:D0:40:E0:9E,6,0,NONE,2026-08-05T00:33:54.670586
45917,,-88,3,8835,825,69844,44280,8135655,0,100,19,0,0,B0:CB:D8:C9:92:00,0,0,0,1E:01:D0:40:E0:9E,6,0,NONE,2026-08-05T00:33:55.029586
45917,MGMT_OTHER,-90,1,17662,482,69844,44280,8135895,0,100,19,0,0,B0:CB:D8:C9:92:00,0,0,1,1E:01:D0:40:E0:9E,6,0,NONE,2026-08-05T00:33:55.269586
45917,BEACON,-54,37,2594,1063,69844,44280,8136113,0,100,19,0,0,B0:CB:D8:C9:92:00,0,0,0,1E:01:D0:40:E0:9E,6,0,NONE,2026-08-05T00:33:55.487586
45917,,-86,5,954,923,69844,44280,8136323,0,100,19,0,0,B0:CB:D8:C9:92:00,0,0,1,1E:01:D0:40:E0:9E,6,0,NONE,2026-08-05T00:33:55.697586
45917,BEACON,-91,0,643,994,69844,44280,8136494,0,100,19,0,0,B0:CB:D8:C9:92:00,1,0,1,1E:01:D0:40:E0:9E,6,0,NONE,2026-08-05T00:33:55.868586
45917,BEACON,-56,35,0,1090,69844,44280,8136728,0,100,19,0,0,B0:CB:D8:C9:92:00,1,0,0,1E:01:D0:40:E0:9E,6,0,NONE,2026-08-05T00:33:56.102526
45917,,-88,3,5268,131,69844,44280,8136933,0,100,19,0,0,B0:CB:D8:C9:92:00,0,0,1,1E:01:D0:40:E0:9E,6,0,NONE,2026-08-05T00:33:56.307526
45917,BEACON,-82,9,0,155,69844,44280,8137212,0,100,19,0,0,B0:CB:D8:C9:92:00,0,0,0,1E:01:D0:40:E0:9E,6,0,NONE,2026-08-05T00:33:56.586137
45917,PROBE_RESP,-92,-1,0,77,69844,44280,8137557,0,100,19,0,0,B0:CB:D8:C9:92:00,0,0,1,1E:01:D0:40:E0:9E,6,0,NONE,2026-08-05T00:33:56.931137
45917,PROBE_RESP,-92,-1,0,3,69844,44280,8137824,0,100,19,0,0,B0:CB:D8:C9:92:00,0,0,1,1E:01:D0:40:E0:9E,6,0,NONE,2026-08-05T00:33:57.198137
45917,BEACON,-86,5,0,1112,69844,44280,8138054,0,100,19,0,0,B0:CB:D8:C9:92:00,0,0,0,1E:01:D0:40:E0:9E,6,0,NONE,2026-08-05T00:33:57.428137
45917,PROBE_RESP,-82,9,0,2,69844,44280,8138382,0,100,19,0,0,B0:CB:D8:C9:92:00,0,0,0,1E:01:D0:40:E0:9E,6,0,NONE,2026-08-05T00:33:57.756137
45917,BEACON,-89,2,3169,1152,69844,44280,8138565,0,100,19,0,0,B0:CB:D8:C9:92:00,0,0,1,1E:01:D0:40:E0:9E,6,0,NONE,2026-08-05T00:33:57.939137
45917,BEACON,-94,-3,10375,3794,69844,44280,8138868,0,100,19,0,0,B0:CB:D8:C9:92:00,0,0,1,1E:01:D0:40:E0:9E,6,0,NONE,2026-08-05T00:33:58.242137
45917,BEACON,-54,37,0,1155,69844,44280,8139090,0,100,19,0,0,B0:CB:D8:C9:92:00,0,0,0,1E:01:D0:40:E0:9E,6,0,NONE,2026-08-05T00:33:58.464137
45917,,-90,1,1858,3492,69844,44280,8139293,0,100,19,0,0,B0:CB:D8:C9:92:00,1,0,1,1E:01:D0:40:E0:9E,6,0,NONE,2026-08-05T00:33:58.667137
45917,PROBE_RESP,-83,8,1084,16,69844,44280,8139563,0,100,19,0,0,B0:CB:D8:C9:92:00,1,0,0,1E:01:D0:40:E0:9E,6,0,NONE,2026-08-05T00:33:58.937137
45917,BEACON,-81,10,0,180,69844,44280,8139772,0,100,19,0,0,B0:CB:D8:C9:92:00,0,0,0,1E:01:D0:40:E0:9E,6,0,NONE,2026-08-05T00:33:59.146137
45917,,-54,37,2654,1186,69844,44280,8140143,0,100,19,0,0,B0:CB:D8:C9:92:00,0,0,0,1E:01:D0:40:E0:9E,6,0,NONE,2026-08-05T00:33:59.517137
45917,MGMT_OTHER,-90,1,4477,2201,69844,44280,8140460,0,100,19,0,0,B0:CB:D8:C9:92:00,0,0,1,1E:01:D0:40:E0:9E,6,0,NONE,2026-08-05T00:33:59.834137
45917,PROBE_RESP,-90,1,10569,0,69844,44280,8140633,0,100,19,0,0,B0:CB:D8:C9:92:00,0,0,0,1E:01:D0:40:E0:9E,6,0,NONE,2026-08-05T00:34:00.007137
45917,,-84,7,812,96,69844,44280,8140841,0,100,19,0,0,B0:CB:D8:C9:92:00,0,0,0,1E:01:D0:40:E0:9E,6,0,NONE,2026-08-05T00:34:00.215137
45917,PROBE_RESP,-88,3,4912,3036,69844,44280,8141150,0,100,19,0,0,B0:CB:D8:C9:92:00,0,0,1,1E:01:D0:40:E0:9E,6,0,NONE,2026-08-05T00:34:00.524137
45917,MGMT_OTHER,-87,4,1658,672,69844,44280,8141513,0,100,19,0,0,B0:CB:D8:C9:92:00,0,0,1,1E:01:D0:40:E0:9E,6,0,NONE,2026-08-05T00:34:00.887137
45917,PROBE_RESP,-86,5,1421,62,69844,44280,8141758,0,100,19,0,0,B0:CB:D8:C9:92:00,0,0,1,1E:01:D0:40:E0:9E,6,0,NONE,2026-08-05T00:34:01.132137
45917,PROBE_RESP,-79,12,0,0,69844,44280,8141965,0,100,19,0,0,B0:CB:D8:C9:92:00,0,0,0,1E:01:D0:40:E0:9E,6,0,NONE,2026-08-05T00:34:01.339137
45917,BEACON,-83,8,1382,239,69844,44280,8142127,0,100,19,0,0,B0:CB:D8:C9:92:00,1,0,1,1E:01:D0:40:E0:9E,6,0,NONE,2026-08-05T00:34:01.501137
45917,,-54,37,189,1232,69844,44280,8142435,0,100,19,0,0,B0:CB:D8:C9:92:00,0,0,1,1E:01:D0:40:E0:9E,6,0,NONE,2026-08-05T00:34:01.809137
45917,BEACON,-91,0,11797,1193,69844,44280,8142764,0,100,19,0,0,B0:CB:D8:C9:92:00,0,0,1,1E:01:D0:40:E0:9E,6,0,NONE,2026-08-05T00:34:02.138137
45917,BEACON,-80,11,11794,212,69844,44280,8143050,0,100,19,0,0,B0:CB:D8:C9:92:00,0,0,1,1E:01:D0:40:E0:9E,6,0,NONE,2026-08-05T00:34:02.422372
45917,PROBE_RESP,-54,37,0,1011,69844,44280,8143255,0,100,19,0,0,B0:CB:D8:C9:92:00,0,0,0,1E:01:D0:40:E0:9E,6,0,NONE,2026-08-05T00:34:02.627372
45917,BEACON,-91,0,0,831,69844,44280,8143340,0,100,19,0,0,B0:CB:D8:C9:92:00,0,0,1,1E:01:D0:40:E0:9E,6,0,NONE,2026-08-05T00:34:02.712372
45917,BEACON,-82,9,0,217,69844,44280,8143561,0,100,19,0,0,B0:CB:D8:C9:92:00,1,0,0,1E:01:D0:40:E0:9E,6,0,NONE,2026-08-05T00:34:02.933372
45917,BEACON,-84,7,1381,256,69844,44280,8143868,0,100,19,0,0,B0:CB:D8:C9:92:00,1,0,1,1E:01:D0:40:E0:9E,6,0,NONE,2026-08-05T00:34:03.240372
45917,,-87,4,13706,2518,69844,44280,8144089,0,100,19,0,0,B0:CB:D8:C9:92:00,1,0,1,1E:01:D0:40:E0:9E,6,0,NONE,2026-08-05T00:34:03.461372
45917,BEACON,-94,-3,0,136,69844,44280,8144299,0,100,19,0,0,B0:CB:D8:C9:92:00,0,0,1,1E:01:D0:40:E0:9E,6,0,NONE,2026-08-05T00:34:03.671372
45917,BEACON,-85,6,17395,227,69844,44280,8144586,0,100,19,0,0,B0:CB:D8:C9:92:00,0,0,1,1E:01:D0:40:E0:9E,6,0,NONE,2026-08-05T00:34:03.958372
45917,,-54,37,12291,1294,69844,44280,8144888,0,100,19,0,0,B0:CB:D8:C9:92:00,0,0,1,1E:01:D0:40:E0:9E,6,0,NONE,2026-08-05T00:34:04.260372
45917,PROBE_RESP,-56,35,0,1018,69844,44280,8145065,0,100,19,0,0,B0:CB:D8:C9:92:00,0,0,1,1E:01:D0:40:E0:9E,6,0,NONE,2026-08-05T00:34:04.437372
45917,DEAUTH,-90,1,1717,4074,69844,44280,8145247,0,100,19,0,0,B0:CB:D8:C9:92:00,0,0,1,1E:01:D0:40:E0:9E,6,0,NONE,2026-08-05T00:34:04.619372
45917,BEACON,-84,7,1382,273,69844,44280,8145609,0,100,19,0,0,B0:CB:D8:C9:92:00,0,0,1,1E:01:D0:40:E0:9E,6,0,NONE,2026-08-05T00:34:04.981372
45917,,-91,0,17852,1912,69844,44280,8145904,0,100,19,0,0,B0:CB:D8:C9:92:00,0,0,1,1E:01:D0:40:E0:9E,6,0,NONE,2026-08-05T00:34:05.276372
45917,,-83,8,0,381,69844,44280,8146084,0,100,19,0,0,B0:CB:D8:C9:92:00,0,0,1,1E:01:D0:40:E0:9E,6,0,NONE,2026-08-05T00:34:05.456372
45917,BEACON,-91,0,0,463,69844,44280,8146243,0,100,19,0,0,B0:CB:D8:C9:92:00,0,0,1,1E:01:D0:40:E0:9E,6,0,NONE,2026-08-05T00:34:05.615372
45917,,-90,1,22381,1358,69844,44280,8146511,0,100,19,0,0,B0:CB:D8:C9:92:00,0,0,1,1E:01:D0:40:E0:9E,6,0,NONE,2026-08-05T00:34:05.883372
45917,BEACON,-92,-1,0,469,69844,44280,8146858,0,100,19,0,0,B0:CB:D8:C9:92:00,0,0,1,1E:01:D0:40:E0:9E,6,0,NONE,2026-08-05T00:34:06.230372
45917,PROBE_RESP,-92,-1,0,1,69844,44280,8147018,0,100,19,0,0,B0:CB:D8:C9:92:00,1,0,0,1E:01:D0:40:E0:9E,6,0,NONE,2026-08-05T00:34:06.390372
45917,,-89,2,204,1055,69844,44280,8147300,0,100,19,0,0,B0:CB:D8:C9:92:00,0,0,1,1E:01:D0:40:E0:9E,6,0,NONE,2026-08-05T00:34:06.672372
45917,MGMT_OTHER,-85,6,12093,360,69844,44280,8147415,0,100,19,0,0,B0:CB:D8:C9:92:00,0,0,1,1E:01:D0:40:E0:9E,6,0,NONE,2026-08-05T00:34:06.787372
45917,,-88,3,15656,2659,69844,44280,8147631,0,100,19,0,0,B0:CB:D8:C9:92:00,0,0,1,1E:01:D0:40:E0:9E,6,0,NONE,2026-08-05T00:34:07.003372
45917,BEACON,-54,37,0,1376,69844,44280,8147787,0,100,19,0,0,B0:CB:D8:C9:92:00,0,0,1,1E:01:D0:40:E0:9E,6,0,NONE,2026-08-05T00:34:07.159372
45917,BEACON,-93,-2,10835,481,69844,44280,8148087,0,100,19,0,0,B0:CB:D8:C9:92:00,0,0,1,1E:01:D0:40:E0:9E,6,0,NONE,2026-08-05T00:34:07.459372
45917,BEACON,-91,0,6215,1158,69844,44280,8148368,0,100,19,0,0,B0:CB:D8:C9:92:00,1,0,1,1E:01:D0:40:E0:9E,6,0,NONE,2026-08-05T00:34:07.740372
45917,PROBE_RESP,-82,9,0,3,69844,44280,8148540,0,100,19,0,0,B0:CB:D8:C9:92:00,0,0,0,1E:01:D0:40:E0:9E,6,0,NONE,2026-08-05T00:34:07.912372
45917,BEACON,-93,-2,9780,1162,69844,44280,8148777,0,100,19,0,0,B0:CB:D8:C9:92:00,0,0,1,1E:01:D0:40:E0:9E,6,0,NONE,2026-08-05T00:34:08.149372
45917,,-55,36,15542,1406,68112,44280,8149054,0,100,19,0,0,B0:CB:D8:C9:92:00,1,0,1,1E:01:D0:40:E0:9E,6,0,NONE,2026-08-05T00:34:08.426372
45917,,-87,4,6961,2049,69844,44280,8149408,0,100,19,0,0,B0:CB:D8:C9:92:00,0,0,1,1E:01:D0:40:E0:9E,6,0,NONE,2026-08-05T00:34:08.780372
45917,BEACON,-89,2,14033,1261,69844,44280,8149728,0,100,19,0,0,B0:CB:D8:C9:92:00,1,0,1,1E:01:D0:40:E0:9E,6,0,NONE,2026-08-05T00:34:09.100372
45917,BEACON,-83,8,7844,316,69844,44280,8150021,0,100,19,0,0,B0:CB:D8:C9:92:00,0,0,1,1E:01:D0:40:E0:9E,6,0,NONE,2026-08-05T00:34:09.393372
45917,,-89,2,7516,933,69844,44280,8150261,0,100,19,0,0,B0:CB:D8:C9:92:00,0,0,1,1E:01:D0:40:E0:9E,6,0,NONE,2026-08-05T00:34:09.633372
45917,MGMT_OTHER,-92,-1,6088,101,69844,44280,8150398,0,100,19,0,0,B0:CB:D8:C9:92:00,0,0,1,1E:01:D0:40:E0:9E,6,0,NONE,2026-08-05T00:34:09.770372
45917,BEACON,-55,36,1843,1437,69844,44280,8150655,0,100,19,0,0,B0:CB:D8:C9:92:00,0,0,1,1E:01:D0:40:E0:9E,6,0,NONE,2026-08-05T00:34:10.027372
45917,,-85,6,415,353,69844,44280,8150937,0,100,19,0,0,B0:CB:D8:C9:92:00,0,0,0,1E:01:D0:40:E0:9E,6,0,NONE,2026-08-05T00:34:10.309372
45917,PROBE_RESP,-88,3,0,1,69844,44280,8151092,0,100,19,0,0,B0:CB:D8:C9:92:00,0,0,0,1E:01:D0:40:E0:9E,6,0,NONE,2026-08-05T00:34:10.464372
45917,,-92,-1,11950,422,69844,44280,8151363,0,100,19,0,0,B0:CB:D8:C9:92:00,1,0,1,1E:01:D0:40:E0:9E,6,0,NONE,2026-08-05T00:34:10.735372
45917,BEACON,-91,0,3514,1142,69844,44280,8151650,0,100,19,0,0,B0:CB:D8:C9:92:00,0,0,1,1E:01:D0:40:E0:9E,6,0,NONE,2026-08-05T00:34:11.022372
45917,,-55,36,1410,1042,69844,44280,8151959,0,100,19,0,0,B0:CB:D8:C9:92:00,0,0,1,1E:01:D0:40:E0:9E,6,0,NONE,2026-08-05T00:34:11.331372
45917,BEACON,-82,9,0,301,69844,44280,8152164,0,100,19,0,0,B0:CB:D8:C9:92:00,1,0,1,1E:01:D0:40:E0:9E,6,0,NONE,2026-08-05T00:34:11.536372
45917,BEACON,-92,-1,0,1149,69844,44280,8152367,0,100,19,0,0,B0:CB:D8:C9:92:00,1,0,0,1E:01:D0:40:E0:9E,6,0,NONE,2026-08-05T00:34:11.739372
45917,MGMT_OTHER,-79,12,42598,2735,69844,44280,8152760,0,100,19,0,0,B0:CB:D8:C9:92:00,0,0,1,1E:01:D0:40:E0:9E,6,0,NONE,2026-08-05T00:34:12.132372
45917,BEACON,-91,0,2523,529,69844,44280,8153002,0,100,19,0,0,B0:CB:D8:C9:92:00,1,0,1,1E:01:D0:40:E0:9E,6,0,NONE,2026-08-05T00:34:12.374372
45917,,-87,4,37336,676,69844,44280,8153156,0,100,19,0,0,B0:CB:D8:C9:92:00,1,0,0,1E:01:D0:40:E0:9E,6,0,NONE,2026-08-05T00:34:12.528372
45917,PROBE_RESP,-54,37,0,1047,69844,44280,8153325,0,100,19,0,0,B0:CB:D8:C9:92:00,0,0,0,1E:01:D0:40:E0:9E,6,0,NONE,2026-08-05T00:34:12.697372
45917,,-87,4,602,1907,69844,44280,8153502,0,100,19,0,0,B0:CB:D8:C9:92:00,0,0,1,1E:01:D0:40:E0:9E,6,0,NONE,2026-08-05T00:34:12.874372
45917,PROBE_REQ,-87,4,3437,1704,69844,44280,8153766,0,100,19,0,0,B0:CB:D8:C9:92:00,0,0,1,1E:01:D0:40:E0:9E,6,0,NONE,2026-08-05T00:34:13.138372
45917,BEACON,-92,-1,0,3937,69844,44280,8154036,0,100,19,0,0,B0:CB:D8:C9:92:00,0,0,1,1E:01:D0:40:E0:9E,6,0,NONE,2026-08-05T00:34:13.408372
45917,BEACON,-84,7,1382,359,69844,44280,8154415,0,100,19,0,0,B0:CB:D8:C9:92:00,1,0,1,1E:01:D0:40:E0:9E,6,0,NONE,2026-08-05T00:34:13.787372
45917,,-54,37,1687,1520,69844,44280,8154594,0,100,19,0,0,B0:CB:D8:C9:92:00,1,0,0,1E:01:D0:40:E0:9E,6,0,NONE,2026-08-05T00:34:13.966372
45917,MGMT_OTHER,-88,3,15876,10,69844,44280,8154841,0,100,19,0,0,B0:CB:D8:C9:92:00,0,0,1,1E:01:D0:40:E0:9E,6,0,NONE,2026-08-05T00:34:14.213372
45917,BEACON,-92,-1,5072,549,69844,44280,8155050,0,100,19,0,0,B0:CB:D8:C9:92:00,0,0,1,1E:01:D0:40:E0:9E,6,0,NONE,2026-08-05T00:34:14.422372
45917,PROBE_RESP,-83,8,3071,0,69844,44280,8155342,0,100,19,0,0,B0:CB:D8:C9:92:00,0,0,1,1E:01:D0:40:E0:9E,6,0,NONE,2026-08-05T00:34:14.714372
45917,PROBE_RESP,-87,4,0,0,69844,44280,8155415,0,100,19,0,0,B0:CB:D8:C9:92:00,0,0,0,1E:01:D0:40:E0:9E,6,0,NONE,2026-08-05T00:34:14.787372
45917,,-89,2,685,325,69844,44280,8155679,0,100,19,0,0,B0:CB:D8:C9:92:00,0,0,1,1E:01:D0:40:E0:9E,6,0,NONE,2026-08-05T00:34:15.051372
45917,BEACON,-53,38,0,1552,69844,44280,8155984,0,100,19,0,0,B0:CB:D8:C9:92:00,0,0,1,1E:01:D0:40:E0:9E,6,0,NONE,2026-08-05T00:34:15.356372
45917,BEACON,-94,-3,0,3959,69844,44280,8156289,0,100,19,0,0,B0:CB:D8:C9:92:00,0,0,1,1E:01:D0:40:E0:9E,6,0,NONE,2026-08-05T00:34:15.661372
45917,,42,42,0,1569,69844,44280,8156580,0,100,19,0,0,B0:CB:D8:C9:92:00,1,0,1,1E:01:D0:40:E0:9E,6,0,NONE,2026-08-05T00:34:15.952372
45917,,-86,5,22713,4039,69844,44280,8156836,0,100,19,0,0,B0:CB:D8:C9:92:00,0,0,1,1E:01:D0:40:E0:9E,6,0,NONE,2026-08-05T00:34:16.208372
45917,PROBE_RESP,-81,10,0,1,69844,44280,8157021,0,100,19,0,0,B0:CB:D8:C9:92:00,0,0,0,1E:01:D0:40:E0:9E,6,0,NONE,2026-08-05T00:34:16.393372
45917,BEACON,-87,4,0,1299,69844,44280,8157204,0,100,19,0,0,B0:CB:D8:C9:92:00,0,0,0,1E:01:D0:40:E0:9E,6,0,NONE,2026-08-05T00:34:16.576372
45917,BEACON,-92,-1,11363,1337,69844,44280,8157510,0,100,19,0,0,B0:CB:D8:C9:92:00,0,0,1,1E:01:D0:40:E0:9E,6,0,NONE,2026-08-05T00:34:16.882372
45917,MGMT_OTHER,-93,-2,3645,1173,69844,44280,8157795,0,100,19,0,0,B0:CB:D8:C9:92:00,0,0,1,1E:01:D0:40:E0:9E,6,0,NONE,2026-08-05T00:34:17.167372
45917,MGMT_OTHER,-88,3,5559,3345,69844,44280,8158066,0,100,19,0,0,B0:CB:D8:C9:92:00,0,0,1,1E:01:D0:40:E0:9E,6,0,NONE,2026-08-05T00:34:17.438372
45917,BEACON,-92,-1,0,3979,69844,44280,8158337,0,100,19,0,0,B0:CB:D8:C9:92:00,0,0,1,1E:01:D0:40:E0:9E,6,0,NONE,2026-08-05T00:34:17.709372
45917,,-85,6,6610,3642,69844,44280,8158631,0,100,19,0,0,B0:CB:D8:C9:92:00,0,0,1,1E:01:D0:40:E0:9E,6,0,NONE,2026-08-05T00:34:18.003372
45917,,-95,-4,4544,3888,69844,44280,8158871,0,100,19,0,0,B0:CB:D8:C9:92:00,1,0,0,1E:01:D0:40:E0:9E,6,0,NONE,2026-08-05T00:34:18.243372
45917,,-55,36,380,1065,69844,44280,8158952,0,100,19,0,0,B0:CB:D8:C9:92:00,1,0,0,1E:01:D0:40:E0:9E,6,0,NONE,2026-08-05T00:34:18.324372
45917,,13,13,0,1065,69844,44280,8159099,0,100,19,0,0,B0:CB:D8:C9:92:00,1,0,0,1E:01:D0:40:E0:9E,6,0,NONE,2026-08-05T00:34:18.471372
45917,,-79,12,896,3916,69844,44280,8159279,0,100,19,0,0,B0:CB:D8:C9:92:00,0,0,1,1E:01:D0:40:E0:9E,6,0,NONE,2026-08-05T00:34:18.651372
45917,,-86,5,5310,2051,69844,44280,8159541,0,100,19,0,0,B0:CB:D8:C9:92:00,0,0,1,1E:01:D0:40:E0:9E,6,0,NONE,2026-08-05T00:34:18.913372
45917,,-57,34,0,1653,69844,44280,8159806,0,100,19,0,0,B0:CB:D8:C9:92:00,0,0,0,1E:01:D0:40:E0:9E,6,0,NONE,2026-08-05T00:34:19.178372
45917,BEACON,-92,-1,0,1224,69844,44280,8160047,0,100,19,0,0,B0:CB:D8:C9:92:00,0,0,1,1E:01:D0:40:E0:9E,6,0,NONE,2026-08-05T00:34:19.419372
45917,BEACON,-81,10,0,380,69844,44280,8160254,0,100,19,0,0,B0:CB:D8:C9:92:00,0,0,0,1E:01:D0:40:E0:9E,6,0,NONE,2026-08-05T00:34:19.626372
45917,BEACON,-90,1,4400,1057,69844,44280,8160481,0,100,19,0,0,B0:CB:D8:C9:92:00,0,0,1,1E:01:D0:40:E0:9E,6,0,NONE,2026-08-05T00:34:19.853372
45917,PROBE_RESP,-81,10,0,0,69844,44280,8160668,0,100,19,0,0,B0:CB:D8:C9:92:00,0,0,1,1E:01:D0:40:E0:9E,6,0,NONE,2026-08-05T00:34:20.040372
45917,PROBE_RESP,-53,38,0,1075,69844,44280,8160888,0,100,19,0,0,B0:CB:D8:C9:92:00,0,0,1,1E:01:D0:40:E0:9E,6,0,NONE,2026-08-05T00:34:20.260372
45917,BEACON,-93,-2,14323,1273,69844,44280,8161173,0,100,19,0,0,B0:CB:D8:C9:92:00,0,0,0,1E:01:D0:40:E0:9E,6,0,NONE,2026-08-05T00:34:20.545372
45917,PROBE_RESP,-81,10,0,2,69844,44280,8161319,0,100,19,0,0,B0:CB:D8:C9:92:00,0,0,0,1E:01:D0:40:E0:9E,6,0,NONE,2026-08-05T00:34:20.691372
45917,BEACON,-81,10,0,392,69844,44280,8161483,0,100,19,0,0,B0:CB:D8:C9:92:00,0,0,0,1E:01:D0:40:E0:9E,6,0,NONE,2026-08-05T00:34:20.855372
45917,,-89,2,6151,1868,69844,44280,8161746,0,100,19,0,0,B0:CB:D8:C9:92:00,0,0,1,1E:01:D0:40:E0:9E,6,0,NONE,2026-08-05T00:34:21.118372
45917,,-56,35,0,1712,69844,44280,8162015,0,100,19,0,0,B0:CB:D8:C9:92:00,0,0,0,1E:01:D0:40:E0:9E,6,0,NONE,2026-08-05T00:34:21.387372
45917,,-91,0,479,3766,69844,44280,8162323,0,100,19,0,0,B0:CB:D8:C9:92:00,0,0,1,1E:01:D0:40:E0:9E,6,0,NONE,2026-08-05T00:34:21.695372
45917,MGMT_OTHER,-91,0,2721,3995,69844,44280,8162585,0,100,19,0,0,B0:CB:D8:C9:92:00,1,0,1,1E:01:D0:40:E0:9E,6,0,NONE,2026-08-05T00:34:21.957040
45917,,-54,37,9267,1083,69844,44280,8162822,0,100,19,0,0,B0:CB:D8:C9:92:00,1,0,1,1E:01:D0:40:E0:9E,6,0,NONE,2026-08-05T00:34:22.194040
45917,PROBE_RESP,-82,9,0,14,69844,44280,8162902,0,100,19,0,0,B0:CB:D8:C9:92:00,1,0,1,1E:01:D0:40:E0:9E,6,0,NONE,2026-08-05T00:34:22.274040
45917,,-87,4,4962,979,69844,44280,8163026,0,100,19,0,0,B0:CB:D8:C9:92:00,0,0,1,1E:01:D0:40:E0:9E,6,0,NONE,2026-08-05T00:34:22.398040
45917,BEACON,-94,-3,12797,1304,69844,44280,8163319,0,100,19,0,0,B0:CB:D8:C9:92:00,0,0,1,1E:01:D0:40:E0:9E,6,0,NONE,2026-08-05T00:34:22.691040
45917,BEACON,-85,6,0,1361,69844,44280,8163553,0,100,19,0,0,B0:CB:D8:C9:92:00,1,0,1,1E:01:D0:40:E0:9E,6,0,NONE,2026-08-05T00:34:22.925040
45917,BEACON,-85,6,1382,451,69844,44280,8163837,0,100,19,0,0,B0:CB:D8:C9:92:00,0,0,1,1E:01:D0:40:E0:9E,6,0,NONE,2026-08-05T00:34:23.209040
45917,,-87,4,10585,2153,69844,44280,8164108,0,100,19,0,0,B0:CB:D8:C9:92:00,0,0,1,1E:01:D0:40:E0:9E,6,0,NONE,2026-08-05T00:34:23.480040
45917,PROBE_RESP,-88,3,0,1,69844,44280,8164217,0,100,19,0,0,B0:CB:D8:C9:92:00,1,0,0,1E:01:D0:40:E0:9E,6,0,NONE,2026-08-05T00:34:23.589040
45917,BEACON,-92,-1,6372,1252,69844,44280,8164450,0,100,19,0,0,B0:CB:D8:C9:92:00,0,0,1,1E:01:D0:40:E0:9E,6,0,NONE,2026-08-05T00:34:23.822040
45917,BEACON,-53,38,2685,1784,69844,44280,8164684,0,100,19,0,0,B0:CB:D8:C9:92:00,0,0,1,1E:01:D0:40:E0:9E,6,0,NONE,2026-08-05T00:34:24.056040
45917,BEACON,-88,3,0,1374,69844,44280,8164885,0,100,19,0,0,B0:CB:D8:C9:92:00,1,0,1,1E:01:D0:40:E0:9E,6,0,NONE,2026-08-05T00:34:24.257040
45917,AUTH,-91,0,7197,2189,69844,44280,8165150,0,100,19,0,0,B0:CB:D8:C9:92:00,0,0,1,1E:01:D0:40:E0:9E,6,0,NONE,2026-08-05T00:34:24.522040
45917,PROBE_RESP,-88,3,0,0,69844,44280,8165258,0,100,19,0,0,B0:CB:D8:C9:92:00,0,0,0,1E:01:D0:40:E0:9E,6,0,NONE,2026-08-05T00:34:24.630040
45917,,-88,3,12596,1853,69844,44280,8165389,0,100,19,0,0,B0:CB:D8:C9:92:00,0,0,1,1E:01:D0:40:E0:9E,6,0,NONE,2026-08-05T00:34:24.761040
45917,BEACON,-91,0,12465,652,69844,44280,8165599,0,100,19,0,0,B0:CB:D8:C9:92:00,1,0,0,1E:01:D0:40:E0:9E,6,0,NONE,2026-08-05T00:34:24.971040
45917,,-93,-2,3185,1932,69844,44280,8165808,0,100,19,0,0,B0:CB:D8:C9:92:00,0,0,1,1E:01:D0:40:E0:9E,6,0,NONE,2026-08-05T00:34:25.180040
45917,PROBE_RESP,-91,0,0,3,69844,44280,8166020,0,100,19,0,0,B0:CB:D8:C9:92:00,0,0,0,1E:01:D0:40:E0:9E,6,0,NONE,2026-08-05T00:34:25.392040
45917,BEACON,-84,7,10127,474,69844,44280,8166192,0,100,19,0,0,B0:CB:D8:C9:92:00,0,0,1,1E:01:D0:40:E0:9E,6,0,NONE,2026-08-05T00:34:25.564040
45917,,-91,0,1933,2291,69844,44280,8166457,0,100,19,0,0,B0:CB:D8:C9:92:00,1,0,1,1E:01:D0:40:E0:9E,6,0,NONE,2026-08-05T00:34:25.829040
45917,BEACON,-91,0,0,663,69844,44280,8166725,0,100,19,0,0,B0:CB:D8:C9:92:00,0,0,1,1E:01:D0:40:E0:9E,6,0,NONE,2026-08-05T00:34:26.097040
45917,,-84,7,3293,307,69844,44280,8166995,0,100,19,0,0,B0:CB:D8:C9:92:00,0,0,0,1E:01:D0:40:E0:9E,6,0,NONE,2026-08-05T00:34:26.367040
45917,,-84,7,255,103,69844,44280,8167142,0,100,19,0,0,B0:CB:D8:C9:92:00,0,0,0,1E:01:D0:40:E0:9E,6,0,NONE,2026-08-05T00:34:26.514040
45917,,-55,36,4401,1101,69844,44280,8167231,0,100,19,0,0,B0:CB:D8:C9:92:00,0,0,1,1E:01:D0:40:E0:9E,6,0,NONE,2026-08-05T00:34:26.603040
45917,,-84,7,824,375,69844,44280,8167360,0,100,19,0,0,B0:CB:D8:C9:92:00,0,0,0,1E:01:D0:40:E0:9E,6,0,NONE,2026-08-05T00:34:26.732040
45917,MGMT_OTHER,-87,4,8025,962,69844,44280,8167560,0,100,19,0,0,B0:CB:D8:C9:92:00,0,0,1,1E:01:D0:40:E0:9E,6,0,NONE,2026-08-05T00:34:26.932040
45917,BEACON,-53,38,2908,1848,69844,44280,8167756,0,100,19,0,0,B0:CB:D8:C9:92:00,0,0,1,1E:01:D0:40:E0:9E,6,0,NONE,2026-08-05T00:34:27.128040
45917,,-94,-3,7953,1339,69844,44280,8167932,0,100,19,0,0,B0:CB:D8:C9:92:00,0,0,1,1E:01:D0:40:E0:9E,6,0,NONE,2026-08-05T00:34:27.304040
45917,BEACON,-84,7,1375,493,69844,44280,8168138,0,100,19,0,0,B0:CB:D8:C9:92:00,1,0,1,1E:01:D0:40:E0:9E,6,0,NONE,2026-08-05T00:34:27.510040
45917,BEACON,-86,5,9125,1843,69844,44280,8168504,0,100,19,0,0,B0:CB:D8:C9:92:00,0,0,0,1E:01:D0:40:E0:9E,6,0,NONE,2026-08-05T00:34:27.876040
45917,,-88,3,3079,1091,69844,44280,8168747,0,100,19,0,0,B0:CB:D8:C9:92:00,1,0,1,1E:01:D0:40:E0:9E,6,0,NONE,2026-08-05T00:34:28.119040
45917,PROBE_RESP,-87,4,0,2,69844,44280,8168961,0,100,19,0,0,B0:CB:D8:C9:92:00,1,0,0,1E:01:D0:40:E0:9E,6,0,NONE,2026-08-05T00:34:28.333040
45917,MGMT_OTHER,-84,7,8142,3956,69844,44280,8169222,0,100,19,0,0,B0:CB:D8:C9:92:00,0,0,1,1E:01:D0:40:E0:9E,6,0,NONE,2026-08-05T00:34:28.594040
45917,DISASSOC,-92,-1,10468,487,69844,44280,8169409,0,100,19,0,0,B0:CB:D8:C9:92:00,0,0,1,1E:01:D0:40:E0:9E,6,0,NONE,2026-08-05T00:34:28.781040
45917,MGMT_OTHER,-87,4,7506,4027,69844,44280,8169627,0,100,19,0,0,B0:CB:D8:C9:92:00,0,0,1,1E:01:D0:40:E0:9E,6,0,NONE,2026-08-05T00:34:28.999040
45917,PROBE_RESP,-87,4,0,0,69844,44280,8169818,0,100,19,0,0,B0:CB:D8:C9:92:00,1,0,0,1E:01:D0:40:E0:9E,6,0,NONE,2026-08-05T00:34:29.190040
45917,BEACON,-84,7,1678,511,69844,44280,8169982,0,100,19,0,0,B0:CB:D8:C9:92:00,0,0,1,1E:01:D0:40:E0:9E,6,0,NONE,2026-08-05T00:34:29.354040
45917,BEACON,-52,39,4544,1899,69844,44280,8170214,0,100,19,0,0,B0:CB:D8:C9:92:00,0,0,1,1E:01:D0:40:E0:9E,6,0,NONE,2026-08-05T00:34:29.586040
45917,MGMT_OTHER,-92,-1,8308,2761,69844,44280,8170468,0,100,19,0,0,B0:CB:D8:C9:92:00,0,0,1,1E:01:D0:40:E0:9E,6,0,NONE,2026-08-05T00:34:29.840040
45917,PROBE_RESP,-87,4,0,1,69844,44280,8170730,0,100,19,0,0,B0:CB:D8:C9:92:00,0,0,0,1E:01:D0:40:E0:9E,6,0,NONE,2026-08-05T00:34:30.102040
45917,,-92,-1,12701,2569,69844,44280,8170922,0,100,19,0,0,B0:CB:D8:C9:92:00,0,0,1,1E:01:D0:40:E0:9E,6,0,NONE,2026-08-05T00:34:30.294040
45917,BEACON,-81,10,0,486,69844,44280,8171108,0,100,19,0,0,B0:CB:D8:C9:92:00,0,0,0,1E:01:D0:40:E0:9E,6,0,NONE,2026-08-05T00:34:30.480040
45917,BEACON,-92,-1,0,10,69844,44280,8171342,0,100,19,0,0,B0:CB:D8:C9:92:00,0,0,1,1E:01:D0:40:E0:9E,6,0,NONE,2026-08-05T00:34:30.714040
45917,BEACON,-94,-3,6381,1337,69844,44280,8171619,0,100,19,0,0,B0:CB:D8:C9:92:00,0,0,0,1E:01:D0:40:E0:9E,6,0,NONE,2026-08-05T00:34:30.991040
45917,BEACON,-91,0,4543,713,69844,44280,8171846,0,100,19,0,0,B0:CB:D8:C9:92:00,1,0,1,1E:01:D0:40:E0:9E,6,0,NONE,2026-08-05T00:34:31.218040
45917,,-55,36,105,1934,69844,44280,8172069,0,100,19,0,0,B0:CB:D8:C9:92:00,0,0,0,1E:01:D0:40:E0:9E,6,0,NONE,2026-08-05T00:34:31.441040
45917,PROBE_RESP,-81,10,0,1,69844,44280,8172224,0,100,19,0,0,B0:CB:D8:C9:92:00,0,0,0,1E:01:D0:40:E0:9E,6,0,NONE,2026-08-05T00:34:31.596040
45917,PROBE_RESP,-86,5,0,0,69844,44280,8172332,0,100,19,0,0,B0:CB:D8:C9:92:00,0,0,0,1E:01:D0:40:E0:9E,6,0,NONE,2026-08-05T00:34:31.704040
45917,BEACON,-96,-5,461,26,69844,44280,8172481,0,100,19,0,0,B0:CB:D8:C9:92:00,0,0,1,1E:01:D0:40:E0:9E,6,0,NONE,2026-08-05T00:34:31.853040
45917,DISASSOC,-89,2,5868,1333,69844,44280,8172683,0,100,19,0,0,B0:CB:D8:C9:92:00,0,0,1,1E:01:D0:40:E0:9E,6,0,NONE,2026-08-05T00:34:32.055040
45917,PROBE_RESP,-85,6,12715,1,69844,44280,8172855,0,100,19,0,0,B0:CB:D8:C9:92:00,1,0,0,1E:01:D0:40:E0:9E,6,0,NONE,2026-08-05T00:34:32.227040
45917,BEACON,-92,-1,0,1351,69844,44280,8173055,0,100,19,0,0,B0:CB:D8:C9:92:00,1,0,1,1E:01:D0:40:E0:9E,6,0,NONE,2026-08-05T00:34:32.427040
45917,MGMT_OTHER,-85,6,93,689,69844,44280,8173281,0,100,19,0,0,B0:CB:D8:C9:92:00,0,0,1,1E:01:D0:40:E0:9E,6,0,NONE,2026-08-05T00:34:32.653040
45917,,-88,3,756,3155,69844,44280,8173580,0,100,19,0,0,B0:CB:D8:C9:92:00,0,0,1,1E:01:D0:40:E0:9E,6,0,NONE,2026-08-05T00:34:32.952040
45917,MGMT_OTHER,-90,1,4425,25,69844,44280,8173840,0,100,19,0,0,B0:CB:D8:C9:92:00,0,0,1,1E:01:D0:40:E0:9E,6,0,NONE,2026-08-05T00:34:33.212040
45917,,-90,1,16838,3288,69844,44280,8174119,0,100,19,0,0,B0:CB:D8:C9:92:00,0,0,1,1E:01:D0:40:E0:9E,6,0,NONE,2026-08-05T00:34:33.491040
45917,PROBE_RESP,-87,4,0,1,69844,44280,8174293,0,100,19,0,0,B0:CB:D8:C9:92:00,1,0,0,1E:01:D0:40:E0:9E,6,0,NONE,2026-08-05T00:34:33.665040
45917,,-91,0,0,710,69844,44280,8174490,0,100,19,0,0,B0:CB:D8:C9:92:00,1,0,1,1E:01:D0:40:E0:9E,6,0,NONE,2026-08-05T00:34:33.862040
45917,,-92,-1,8144,1140,69844,44280,8174683,0,100,19,0,0,B0:CB:D8:C9:92:00,0,0,1,1E:01:D0:40:E0:9E,6,0,NONE,2026-08-05T00:34:34.055040
45917,PROBE_REQ,-92,-1,563,3973,69844,44280,8174947,0,100,19,0,0,B0:CB:D8:C9:92:00,0,0,1,1E:01:D0:40:E0:9E,6,0,NONE,2026-08-05T00:34:34.319040
45917,,-55,36,0,1994,69844,44280,8175058,0,100,19,0,0,B0:CB:D8:C9:92:00,0,0,1,1E:01:D0:40:E0:9E,6,0,NONE,2026-08-05T00:34:34.430040
45917,MGMT_OTHER,-87,4,6500,2264,69844,44280,8175263,0,100,19,0,0,B0:CB:D8:C9:92:00,0,0,1,1E:01:D0:40:E0:9E,6,0,NONE,2026-08-05T00:34:34.635040
45917,PROBE_RESP,-94,-3,0,0,69844,44280,8175485,0,100,19,0,0,B0:CB:D8:C9:92:00,0,0,0,1E:01:D0:40:E0:9E,6,0,NONE,2026-08-05T00:34:34.857040
45917,,-54,37,622,2010,69844,44280,8175603,0,100,19,0,0,B0:CB:D8:C9:92:00,1,0,0,1E:01:D0:40:E0:9E,6,0,NONE,2026-08-05T00:34:34.975040
45917,BEACON,-90,1,9090,752,69844,44280,8175839,0,100,19,0,0,B0:CB:D8:C9:92:00,0,0,1,1E:01:D0:40:E0:9E,6,0,NONE,2026-08-05T00:34:35.211040
45917,MGMT_OTHER,-86,5,6712,1918,69844,44280,8176074,0,100,19,0,0,B0:CB:D8:C9:92:00,1,0,1,1E:01:D0:40:E0:9E,6,0,NONE,2026-08-05T00:34:35.446040
45917,MGMT_OTHER,-92,-1,9212,2745,69844,44280,8176366,0,100,19,0,0,B0:CB:D8:C9:92:00,0,0,1,1E:01:D0:40:E0:9E,6,0,NONE,2026-08-05T00:34:35.738040
45917,MGMT_OTHER,-94,-3,437,757,69844,44280,8176617,0,100,19,0,0,B0:CB:D8:C9:92:00,0,0,1,1E:01:D0:40:E0:9E,6,0,NONE,2026-08-05T00:34:35.989040
45917,,-57,34,0,2039,69844,44280,8176873,0,100,19,0,0,B0:CB:D8:C9:92:00,0,0,0,1E:01:D0:40:E0:9E,6,0,NONE,2026-08-05T00:34:36.245040
45917,PROBE_RESP,-92,-1,0,1,69844,44280,8177102,0,100,19,0,0,B0:CB:D8:C9:92:00,0,0,0,1E:01:D0:40:E0:9E,6,0,NONE,2026-08-05T00:34:36.474040
45917,PROBE_RESP,-82,9,0,1,69844,44280,8177166,0,100,19,0,0,B0:CB:D8:C9:92:00,0,0,0,1E:01:D0:40:E0:9E,6,0,NONE,2026-08-05T00:34:36.538040
45917,BEACON,-90,1,3341,1531,69844,44280,8177377,0,100,19,0,0,B0:CB:D8:C9:92:00,1,0,1,1E:01:D0:40:E0:9E,6,0,NONE,2026-08-05T00:34:36.749040
45917,,-94,-3,738,511,69844,44280,8177607,0,100,19,0,0,B0:CB:D8:C9:92:00,1,0,1,1E:01:D0:40:E0:9E,6,0,NONE,2026-08-05T00:34:36.979040
45917,,-90,1,3196,1455,69844,44280,8177869,0,100,19,0,0,B0:CB:D8:C9:92:00,0,0,1,1E:01:D0:40:E0:9E,6,0,NONE,2026-08-05T00:34:37.241040
45917,,-55,36,1428,1139,69844,44280,8178175,0,100,19,0,0,B0:CB:D8:C9:92:00,0,0,1,1E:01:D0:40:E0:9E,6,0,NONE,2026-08-05T00:34:37.547040
45917,,-54,37,787,2072,69844,44280,8178393,0,100,19,0,0,B0:CB:D8:C9:92:00,0,0,0,1E:01:D0:40:E0:9E,6,0,NONE,2026-08-05T00:34:37.765040
45917,,-87,4,1436,1208,69844,44280,8178635,0,100,19,0,0,B0:CB:D8:C9:92:00,0,0,1,1E:01:D0:40:E0:9E,6,0,NONE,2026-08-05T00:34:38.007040
45917,BEACON,-93,-2,0,1409,69844,44280,8178993,0,100,19,0,0,B0:CB:D8:C9:92:00,0,0,1,1E:01:D0:40:E0:9E,6,0,NONE,2026-08-05T00:34:38.365040
45917,,-54,37,170,1142,69844,44280,8179240,0,100,19,0,0,B0:CB:D8:C9:92:00,0,0,0,1E:01:D0:40:E0:9E,6,0,NONE,2026-08-05T00:34:38.612040
45917,PROBE_RESP,-90,1,0,0,69844,44280,8179459,0,100,19,0,0,B0:CB:D8:C9:92:00,0,0,0,1E:01:D0:40:E0:9E,6,0,NONE,2026-08-05T00:34:38.831040
45917,BEACON,-95,-4,1028,1463,69844,44280,8179602,0,100,19,0,0,B0:CB:D8:C9:92:00,0,0,1,1E:01:D0:40:E0:9E,6,0,NONE,2026-08-05T00:34:38.974040
45917,BEACON,-54,37,1945,2098,69844,44280,8179842,0,100,19,0,0,B0:CB:D8:C9:92:00,0,0,1,1E:01:D0:40:E0:9E,6,0,NONE,2026-08-05T00:34:39.214040
45917,PROBE_RESP,-95,-4,0,0,69844,44280,8180051,0,100,19,0,0,B0:CB:D8:C9:92:00,0,0,0,1E:01:D0:40:E0:9E,6,0,NONE,2026-08-05T00:34:39.423040
45917,,-79,12,11918,851,69844,44280,8180304,0,100,19,0,0,B0:CB:D8:C9:92:00,1,0,1,1E:01:D0:40:E0:9E,6,0,NONE,2026-08-05T00:34:39.676040
45917,,-93,-2,7144,979,69844,44280,8180514,0,100,19,0,0,B0:CB:D8:C9:92:00,0,0,1,1E:01:D0:40:E0:9E,6,0,NONE,2026-08-05T00:34:39.886040
45917,AUTH,-86,5,669,616,69844,44280,8180775,0,100,19,0,0,B0:CB:D8:C9:92:00,0,0,1,1E:01:D0:40:E0:9E,6,0,NONE,2026-08-05T00:34:40.147040
45917,,-87,4,10801,321,69844,44280,8181019,0,100,19,0,0,B0:CB:D8:C9:92:00,0,0,1,1E:01:D0:40:E0:9E,6,0,NONE,2026-08-05T00:34:40.391040
45917,,-87,4,16294,531,69844,44280,8181389,0,100,19,0,0,B0:CB:D8:C9:92:00,0,0,1,1E:01:D0:40:E0:9E,6,0,NONE,2026-08-05T00:34:40.761040
45917,,-93,-2,3082,105,69844,44280,8181620,0,100,19,0,0,B0:CB:D8:C9:92:00,1,0,1,1E:01:D0:40:E0:9E,6,0,NONE,2026-08-05T00:34:40.992040
45917,,-95,-4,5433,2186,69844,44280,8181873,0,100,19,0,0,B0:CB:D8:C9:92:00,1,0,1,1E:01:D0:40:E0:9E,6,0,NONE,2026-08-05T00:34:41.245040
45917,,-54,37,152,1152,69844,44280,8182107,0,100,19,0,0,B0:CB:D8:C9:92:00,1,0,0,1E:01:D0:40:E0:9E,6,0,NONE,2026-08-05T00:34:41.478187
45917,,-84,7,309,443,69844,44280,8182311,0,100,19,0,0,B0:CB:D8:C9:92:00,0,0,1,1E:01:D0:40:E0:9E,6,0,NONE,2026-08-05T00:34:41.682187
45917,BEACON,-93,-2,11556,817,69844,44280,8182495,0,100,19,0,0,B0:CB:D8:C9:92:00,1,0,1,1E:01:D0:40:E0:9E,6,0,NONE,2026-08-05T00:34:41.866187
45917,BEACON,-82,9,0,598,69844,44280,8182714,0,100,19,0,0,B0:CB:D8:C9:92:00,0,0,0,1E:01:D0:40:E0:9E,6,0,NONE,2026-08-05T00:34:42.085187
45917,PROBE_RESP,-85,6,4015,15,69844,44280,8182893,0,100,19,0,0,B0:CB:D8:C9:92:00,0,0,0,1E:01:D0:40:E0:9E,6,0,NONE,2026-08-05T00:34:42.264187
45917,BEACON,-91,0,0,822,69844,44280,8183007,0,100,19,0,0,B0:CB:D8:C9:92:00,0,0,1,1E:01:D0:40:E0:9E,6,0,NONE,2026-08-05T00:34:42.378187
45917,,-84,7,171,499,69844,44280,8183132,0,100,19,0,0,B0:CB:D8:C9:92:00,1,0,0,1E:01:D0:40:E0:9E,6,0,NONE,2026-08-05T00:34:42.503187
45917,,-89,2,1074,62,69844,44280,8183243,0,100,19,0,0,B0:CB:D8:C9:92:00,0,0,1,1E:01:D0:40:E0:9E,6,0,NONE,2026-08-05T00:34:42.614187
45917,,-55,36,1704,2171,69844,44280,8183344,0,100,19,0,0,B0:CB:D8:C9:92:00,0,0,0,1E:01:D0:40:E0:9E,6,0,NONE,2026-08-05T00:34:42.715187
45917,,-89,2,3225,2060,69844,44280,8183484,0,100,19,0,0,B0:CB:D8:C9:92:00,1,0,1,1E:01:D0:40:E0:9E,6,0,NONE,2026-08-05T00:34:42.855187
45917,,-83,8,0,555,69844,44280,8183661,0,100,19,0,0,B0:CB:D8:C9:92:00,0,0,1,1E:01:D0:40:E0:9E,6,0,NONE,2026-08-05T00:34:43.032187
45917,,-84,7,697,582,69844,44280,8183743,0,100,19,0,0,B0:CB:D8:C9:92:00,1,0,1,1E:01:D0:40:E0:9E,6,0,NONE,2026-08-05T00:34:43.114187
45917,,9,9,0,1163,69844,44280,8183866,0,100,19,0,0,B0:CB:D8:C9:92:00,0,0,1,1E:01:D0:40:E0:9E,6,0,NONE,2026-08-05T00:34:43.237187
45917,BEACON,-84,7,4558,646,69844,44280,8183941,0,100,19,0,0,B0:CB:D8:C9:92:00,0,0,1,1E:01:D0:40:E0:9E,6,0,NONE,2026-08-05T00:34:43.312187
45917,,-55,36,204,2192,69844,44280,8184029,0,100,19,0,0,B0:CB:D8:C9:92:00,1,0,0,1E:01:D0:40:E0:9E,6,0,NONE,2026-08-05T00:34:43.400187
45917,,-80,11,1428,2233,69844,44280,8184145,0,100,19,0,0,B0:CB:D8:C9:92:00,0,0,0,1E:01:D0:40:E0:9E,6,0,NONE,2026-08-05T00:34:43.516187
45917,,-88,3,5012,1572,69844,44280,8184365,0,100,19,0,0,B0:CB:D8:C9:92:00,0,0,1,1E:01:D0:40:E0:9E,6,0,NONE,2026-08-05T00:34:43.736187
45917,,-54,37,0,2206,69844,44280,8184606,0,100,19,0,0,B0:CB:D8:C9:92:00,0,0,0,1E:01:D0:40:E0:9E,6,0,NONE,2026-08-05T00:34:43.977187
45917,,-93,-2,2340,2361,69844,44280,8184837,0,100,19,0,0,B0:CB:D8:C9:92:00,0,0,1,1E:01:D0:40:E0:9E,6,0,NONE,2026-08-05T00:34:44.208187
45917,,11,11,0,1166,69844,44280,8184951,0,100,19,0,0,B0:CB:D8:C9:92:00,1,0,0,1E:01:D0:40:E0:9E,6,0,NONE,2026-08-05T00:34:44.322187
45917,,8,8,0,1166,69844,44280,8185114,0,100,19,0,0,B0:CB:D8:C9:92:00,0,0,0,1E:01:D0:40:E0:9E,6,0,NONE,2026-08-05T00:34:44.485187
45917,BEACON,-89,2,0,1608,69844,44280,8185262,0,100,19,0,0,B0:CB:D8:C9:92:00,0,0,1,1E:01:D0:40:E0:9E,6,0,NONE,2026-08-05T00:34:44.633187
45917,,-84,7,6796,1435,69844,44280,8185458,0,100,19,0,0,B0:CB:D8:C9:92:00,0,0,1,1E:01:D0:40:E0:9E,6,0,NONE,2026-08-05T00:34:44.829187
45917,,11,11,0,2221,69844,44280,8185531,0,100,19,0,0,B0:CB:D8:C9:92:00,0,0,0,1E:01:D0:40:E0:9E,6,0,NONE,2026-08-05T00:34:44.902187
45917,MGMT_OTHER,-93,-2,380,0,69844,44280,8185718,0,100,19,0,0,B0:CB:D8:C9:92:00,0,0,1,1E:01:D0:40:E0:9E,6,0,NONE,2026-08-05T00:34:45.089187
45917,,11,11,0,1169,69844,44280,8185805,0,100,19,0,0,B0:CB:D8:C9:92:00,0,0,0,1E:01:D0:40:E0:9E,6,0,NONE,2026-08-05T00:34:45.176187
45917,BEACON,-90,1,0,154,69844,44280,8186088,0,100,19,0,0,B0:CB:D8:C9:92:00,0,0,1,1E:01:D0:40:E0:9E,6,0,NONE,2026-08-05T00:34:45.459187
45917,,-84,7,561,464,69844,44280,8186323,0,100,19,0,0,B0:CB:D8:C9:92:00,0,0,0,1E:01:D0:40:E0:9E,6,0,NONE,2026-08-05T00:34:45.694187
45917,BEACON,-95,-4,0,1483,69844,44280,8186571,0,100,19,0,0,B0:CB:D8:C9:92:00,0,0,0,1E:01:D0:40:E0:9E,6,0,NONE,2026-08-05T00:34:45.942187
45917,,12,12,0,2247,69844,44280,8186698,0,100,19,0,0,B0:CB:D8:C9:92:00,0,0,0,1E:01:D0:40:E0:9E,6,0,NONE,2026-08-05T00:34:46.069187
45917,,-52,39,0,2250,69844,44280,8186752,0,100,19,0,0,B0:CB:D8:C9:92:00,0,0,0,1E:01:D0:40:E0:9E,6,0,NONE,2026-08-05T00:34:46.123187
45917,BEACON,-92,-1,2940,1257,69844,44280,8186964,0,100,19,0,0,B0:CB:D8:C9:92:00,1,0,1,1E:01:D0:40:E0:9E,6,0,NONE,2026-08-05T00:34:46.335187
45917,BEACON,-83,8,4731,678,69844,44280,8187218,0,100,19,0,0,B0:CB:D8:C9:92:00,1,0,1,1E:01:D0:40:E0:9E,6,0,NONE,2026-08-05T00:34:46.589187
45917,,-91,0,1824,2429,69844,44280,8187523,0,100,19,0,0,B0:CB:D8:C9:92:00,0,0,1,1E:01:D0:40:E0:9E,6,0,NONE,2026-08-05T00:34:46.894187
45917,,10,10,0,2773,69844,44280,8187604,0,100,19,0,0,B0:CB:D8:C9:92:00,0,0,0,1E:01:D0:40:E0:9E,6,0,NONE,2026-08-05T00:34:46.975187
45917,,-54,37,1705,2270,69844,44280,8187754,0,100,19,0,0,B0:CB:D8:C9:92:00,0,0,0,1E:01:D0:40:E0:9E,6,0,NONE,2026-08-05T00:34:47.125187
45917,,-53,38,143,1177,69844,44280,8187978,0,100,19,0,0,B0:CB:D8:C9:92:00,0,0,0,1E:01:D0:40:E0:9E,6,0,NONE,2026-08-05T00:34:47.349187
45917,PROBE_RESP,-89,2,0,1,69844,44280,8188290,0,100,19,0,0,B0:CB:D8:C9:92:00,0,0,0,1E:01:D0:40:E0:9E,6,0,NONE,2026-08-05T00:34:47.661187
45917,BEACON,-84,7,4600,690,69844,44280,8188447,0,100,19,0,0,B0:CB:D8:C9:92:00,0,0,1,1E:01:D0:40:E0:9E,6,0,NONE,2026-08-05T00:34:47.818187
45917,,-53,38,208,1179,69844,44280,8188654,0,100,19,0,0,B0:CB:D8:C9:92:00,1,0,0,1E:01:D0:40:E0:9E,6,0,NONE,2026-08-05T00:34:48.025187
45917,,12,12,0,1180,69844,44280,8188971,0,100,19,0,0,B0:CB:D8:C9:92:00,0,0,0,1E:01:D0:40:E0:9E,6,0,NONE,2026-08-05T00:34:48.342187
45917,,-89,2,5910,2517,69844,44280,8189264,0,100,19,0,0,B0:CB:D8:C9:92:00,1,0,1,1E:01:D0:40:E0:9E,6,0,NONE,2026-08-05T00:34:48.635187
45917,,10,10,0,2303,69844,44280,8189462,0,100,19,0,0,B0:CB:D8:C9:92:00,1,0,1,1E:01:D0:40:E0:9E,6,0,NONE,2026-08-05T00:34:48.833187
45917,BEACON,-94,-3,0,194,69844,44280,8189685,0,100,19,0,0,B0:CB:D8:C9:92:00,0,0,1,1E:01:D0:40:E0:9E,6,0,NONE,2026-08-05T00:34:49.056187
45917,PROBE_RESP,-87,4,0,0,69844,44280,8189862,0,100,19,0,0,B0:CB:D8:C9:92:00,1,0,0,1E:01:D0:40:E0:9E,6,0,NONE,2026-08-05T00:34:49.233187
45917,,-86,5,24430,2334,69844,44280,8190130,0,100,19,0,0,B0:CB:D8:C9:92:00,0,0,1,1E:01:D0:40:E0:9E,6,0,NONE,2026-08-05T00:34:49.501187
45917,BEACON,-87,4,0,1623,69844,44280,8190384,0,100,19,0,0,B0:CB:D8:C9:92:00,0,0,0,1E:01:D0:40:E0:9E,6,0,NONE,2026-08-05T00:34:49.755187
45917,BEACON,-94,-3,5206,203,69844,44280,8190607,0,100,19,0,0,B0:CB:D8:C9:92:00,0,0,1,1E:01:D0:40:E0:9E,6,0,NONE,2026-08-05T00:34:49.978187
45917,BEACON,-91,0,7520,3491,69844,44280,8190973,0,100,19,0,0,B0:CB:D8:C9:92:00,0,0,1,1E:01:D0:40:E0:9E,6,0,NONE,2026-08-05T00:34:50.344187
45917,,-55,36,0,2339,69844,44280,8191175,0,100,19,0,0,B0:CB:D8:C9:92:00,0,0,0,1E:01:D0:40:E0:9E,6,0,NONE,2026-08-05T00:34:50.546187
45917,,-94,-3,3491,3633,69844,44280,8191437,0,100,19,0,0,B0:CB:D8:C9:92:00,1,0,1,1E:01:D0:40:E0:9E,6,0,NONE,2026-08-05T00:34:50.808187
45917,,-92,-1,547,3871,69844,44280,8191777,0,100,19,0,0,B0:CB:D8:C9:92:00,0,0,0,1E:01:D0:40:E0:9E,6,0,NONE,2026-08-05T00:34:51.148187
45917,,-93,-2,4149,1922,69844,44280,8192079,0,100,19,0,0,B0:CB:D8:C9:92:00,0,0,1,1E:01:D0:40:E0:9E,6,0,NONE,2026-08-05T00:34:51.450187
45917,,-94,-3,8155,1095,69844,44280,8192415,0,100,19,0,0,B0:CB:D8:C9:92:00,0,0,1,1E:01:D0:40:E0:9E,6,0,NONE,2026-08-05T00:34:51.786187
45917,,-53,38,220,1193,69844,44280,8192546,0,100,19,0,0,B0:CB:D8:C9:92:00,0,0,0,1E:01:D0:40:E0:9E,6,0,NONE,2026-08-05T00:34:51.917187
45917,,-85,6,6036,0,69844,44280,8192824,0,100,19,0,0,B0:CB:D8:C9:92:00,0,0,0,1E:01:D0:40:E0:9E,6,0,NONE,2026-08-05T00:34:52.195187
45917,BEACON,-86,5,0,1649,69844,44280,8193046,0,100,19,0,0,B0:CB:D8:C9:92:00,0,0,0,1E:01:D0:40:E0:9E,6,0,NONE,2026-08-05T00:34:52.417187
45917,,-86,5,186,1432,69844,44280,8193423,0,100,19,0,0,B0:CB:D8:C9:92:00,0,0,1,1E:01:D0:40:E0:9E,6,0,NONE,2026-08-05T00:34:52.794187
45917,BEACON,-93,-2,5366,229,69844,44280,8193769,0,100,19,0,0,B0:CB:D8:C9:92:00,0,0,1,1E:01:D0:40:E0:9E,6,0,NONE,2026-08-05T00:34:53.140187
45917,MGMT_OTHER,-87,4,2392,796,69844,44280,8194038,0,100,19,0,0,B0:CB:D8:C9:92:00,1,0,1,1E:01:D0:40:E0:9E,6,0,NONE,2026-08-05T00:34:53.409187
45917,PROBE_RESP,-85,6,0,1,69844,44280,8194223,0,100,19,0,0,B0:CB:D8:C9:92:00,0,0,0,1E:01:D0:40:E0:9E,6,0,NONE,2026-08-05T00:34:53.594187
45917,BEACON,-89,2,9076,1697,69844,44280,8194376,0,100,19,0,0,B0:CB:D8:C9:92:00,0,0,1,1E:01:D0:40:E0:9E,6,0,NONE,2026-08-05T00:34:53.747187
45917,MGMT_OTHER,-89,2,14405,1006,69844,44280,8194676,0,100,19,0,0,B0:CB:D8:C9:92:00,0,0,1,1E:01:D0:40:E0:9E,6,0,NONE,2026-08-05T00:34:54.047187
45917,PROBE_RESP,-92,-1,0,4,69844,44280,8194918,0,100,19,0,0,B0:CB:D8:C9:92:00,1,0,0,1E:01:D0:40:E0:9E,6,0,NONE,2026-08-05T00:34:54.289187
45917,,-54,37,6318,1202,69844,44280,8195169,0,100,19,0,0,B0:CB:D8:C9:92:00,0,0,1,1E:01:D0:40:E0:9E,6,0,NONE,2026-08-05T00:34:54.540187
45917,,-84,7,48,0,69844,44280,8195470,0,100,19,0,0,B0:CB:D8:C9:92:00,0,0,0,1E:01:D0:40:E0:9E,6,0,NONE,2026-08-05T00:34:54.841187
45917,BEACON,-92,-1,0,253,69844,44280,8195727,0,100,19,0,0,B0:CB:D8:C9:92:00,1,0,1,1E:01:D0:40:E0:9E,6,0,NONE,2026-08-05T00:34:55.098187
45917,BEACON,-94,-3,0,1575,69844,44280,8195992,0,100,19,0,0,B0:CB:D8:C9:92:00,0,0,0,1E:01:D0:40:E0:9E,6,0,NONE,2026-08-05T00:34:55.363187
45917,MGMT_OTHER,-92,-1,9845,540,69844,44280,8196315,0,100,19,0,0,B0:CB:D8:C9:92:00,0,0,1,1E:01:D0:40:E0:9E,6,0,NONE,2026-08-05T00:34:55.686187
45917,PROBE_RESP,-89,2,353,0,69844,44280,8196530,0,100,19,0,0,B0:CB:D8:C9:92:00,0,0,0,1E:01:D0:40:E0:9E,6,0,NONE,2026-08-05T00:34:55.901187
45917,,11,11,0,2460,69844,44280,8196740,0,100,19,0,0,B0:CB:D8:C9:92:00,0,0,0,1E:01:D0:40:E0:9E,6,0,NONE,2026-08-05T00:34:56.111187
45917,,-93,-2,17679,3115,69632,44280,8197068,0,100,19,0,0,B0:CB:D8:C9:92:00,1,0,1,1E:01:D0:40:E0:9E,6,0,NONE,2026-08-05T00:34:56.439187
45917,MGMT_OTHER,-90,1,6407,2043,69844,44280,8197309,0,100,19,0,0,B0:CB:D8:C9:92:00,0,0,1,1E:01:D0:40:E0:9E,6,0,NONE,2026-08-05T00:34:56.680187
45917,,-90,1,19019,1903,69844,44280,8197627,0,100,19,0,0,B0:CB:D8:C9:92:00,0,0,1,1E:01:D0:40:E0:9E,6,0,NONE,2026-08-05T00:34:56.998187
45917,PROBE_RESP,-93,-2,7716,2685,69844,44280,8197996,0,100,19,0,0,B0:CB:D8:C9:92:00,0,0,1,1E:01:D0:40:E0:9E,6,0,NONE,2026-08-05T00:34:57.367187
45917,PROBE_RESP,-86,5,0,1,69844,44280,8198220,0,100,19,0,0,B0:CB:D8:C9:92:00,0,0,0,1E:01:D0:40:E0:9E,6,0,NONE,2026-08-05T00:34:57.591187
45917,PROBE_RESP,-85,6,0,0,69844,44280,8198352,0,100,19,0,0,B0:CB:D8:C9:92:00,0,0,0,1E:01:D0:40:E0:9E,6,0,NONE,2026-08-05T00:34:57.723187
45917,PROBE_RESP,-86,5,0,1,69844,44280,8198452,0,100,19,0,0,B0:CB:D8:C9:92:00,0,0,0,1E:01:D0:40:E0:9E,6,0,NONE,2026-08-05T00:34:57.823187
45917,BEACON,-89,2,5513,1738,69844,44280,8198575,0,100,19,0,0,B0:CB:D8:C9:92:00,0,0,1,1E:01:D0:40:E0:9E,6,0,NONE,2026-08-05T00:34:57.946187
45917,,-92,-1,4250,1088,69844,44280,8198744,0,100,19,0,0,B0:CB:D8:C9:92:00,0,0,1,1E:01:D0:40:E0:9E,6,0,NONE,2026-08-05T00:34:58.115187
45917,PROBE_RESP,-58,33,7993,1230,69844,44280,8198972,0,100,19,0,0,B0:CB:D8:C9:92:00,1,0,1,1E:01:D0:40:E0:9E,6,0,NONE,2026-08-05T00:34:58.343187
45917,,-94,-3,8701,1859,69844,44280,8199106,0,100,19,0,0,B0:CB:D8:C9:92:00,0,0,1,1E:01:D0:40:E0:9E,6,0,NONE,2026-08-05T00:34:58.477187
45917,PROBE_RESP,-92,-1,0,4,69844,44280,8199281,0,100,19,0,0,B0:CB:D8:C9:92:00,0,0,0,1E:01:D0:40:E0:9E,6,0,NONE,2026-08-05T00:34:58.652187
45917,,-59,32,0,2524,69844,44280,8199415,0,100,19,0,0,B0:CB:D8:C9:92:00,0,0,0,1E:01:D0:40:E0:9E,6,0,NONE,2026-08-05T00:34:58.786187
45917,,-59,32,1507,2535,69844,44280,8199716,0,100,19,0,0,B0:CB:D8:C9:92:00,0,0,0,1E:01:D0:40:E0:9E,6,0,NONE,2026-08-05T00:34:59.087187
45917,MGMT_OTHER,-89,2,3590,1807,69844,44280,8199988,0,100,19,0,0,B0:CB:D8:C9:92:00,0,0,1,1E:01:D0:40:E0:9E,6,0,NONE,2026-08-05T00:34:59.359187
45917,BEACON,-94,-3,0,292,69844,44280,8200220,0,100,19,0,0,B0:CB:D8:C9:92:00,0,0,1,1E:01:D0:40:E0:9E,6,0,NONE,2026-08-05T00:34:59.591187
45917,PROBE_RESP,-92,-1,0,0,69844,44280,8200372,0,100,19,0,0,B0:CB:D8:C9:92:00,0,0,0,1E:01:D0:40:E0:9E,6,0,NONE,2026-08-05T00:34:59.743187
45917,,12,12,0,2559,69844,44280,8200558,0,100,19,0,0,B0:CB:D8:C9:92:00,0,0,0,1E:01:D0:40:E0:9E,6,0,NONE,2026-08-05T00:34:59.929187
45917,BEACON,-88,3,1432,1759,69844,44280,8200726,0,100,19,0,0,B0:CB:D8:C9:92:00,0,0,1,1E:01:D0:40:E0:9E,6,0,NONE,2026-08-05T00:35:00.097187
45917,BEACON,-84,7,0,776,69844,44280,8200945,0,100,19,0,0,B0:CB:D8:C9:92:00,0,0,0,1E:01:D0:40:E0:9E,6,0,NONE,2026-08-05T00:35:00.316187
45917,BEACON,-85,6,9877,815,69844,44280,8201247,0,100,19,0,0,B0:CB:D8:C9:92:00,0,0,1,1E:01:D0:40:E0:9E,6,0,NONE,2026-08-05T00:35:00.618187
45917,PROBE_RESP,-91,0,0,3,69844,44280,8201466,0,100,19,0,0,B0:CB:D8:C9:92:00,0,0,0,1E:01:D0:40:E0:9E,6,0,NONE,2026-08-05T00:35:00.837187
45917,PROBE_RESP,-91,0,0,0,69844,44280,8201599,0,100,19,0,0,B0:CB:D8:C9:92:00,0,0,0,1E:01:D0:40:E0:9E,6,0,NONE,2026-08-05T00:35:00.970187
45917,MGMT_OTHER,-71,20,6571,2670,69844,44280,8201884,0,100,19,0,0,B0:CB:D8:C9:92:00,0,0,0,1E:01:D0:40:E0:9E,6,0,NONE,2026-08-05T00:35:01.255187
45917,MGMT_OTHER,-52,39,334,2445,69844,44280,8202123,0,100,19,0,0,B0:CB:D8:C9:92:00,0,0,0,1E:01:D0:40:E0:9E,6,0,NONE,2026-08-05T00:35:01.494187
45917,BEACON,-54,37,0,2603,69844,44280,8202370,0,100,19,0,0,B0:CB:D8:C9:92:00,0,0,1,1E:01:D0:40:E0:9E,6,0,NONE,2026-08-05T00:35:01.741187
45917,,-90,1,678,809,69844,44280,8202647,0,100,19,0,0,B0:CB:D8:C9:92:00,0,0,1,1E:01:D0:40:E0:9E,6,0,NONE,2026-08-05T00:35:02.018187
45917,,-94,-3,19029,362,69844,44280,8203000,0,100,19,0,0,B0:CB:D8:C9:92:00,0,0,1,1E:01:D0:40:E0:9E,6,0,NONE,2026-08-05T00:35:02.371187
45917,PROBE_RESP,-91,0,2057,2048,69844,44280,8203350,0,100,19,0,0,B0:CB:D8:C9:92:00,1,0,1,1E:01:D0:40:E0:9E,6,0,NONE,2026-08-05T00:35:02.721187
45917,BEACON,-54,37,0,2615,69844,44280,8203636,0,100,19,0,0,B0:CB:D8:C9:92:00,0,0,1,1E:01:D0:40:E0:9E,6,0,NONE,2026-08-05T00:35:03.007187
45917,,-94,-5,10523,0,69844,44280,8203939,0,100,19,0,0,B0:CB:D8:C9:92:00,1,0,0,1E:01:D0:40:E0:9E,6,0,NONE,2026-08-05T00:35:03.310187
45917,BEACON,-78,11,0,2730,69844,44280,8204108,0,100,19,0,0,B0:CB:D8:C9:92:00,1,0,0,1E:01:D0:40:E0:9E,6,0,NONE,2026-08-05T00:35:03.479187
45917,BEACON,-77,12,0,2733,69844,44280,8204415,0,100,19,0,0,B0:CB:D8:C9:92:00,0,0,0,1E:01:D0:40:E0:9E,6,0,NONE,2026-08-05T00:35:03.786187
45917,AUTH,-95,-6,3733,1698,69844,44280,8204730,0,100,19,0,0,B0:CB:D8:C9:92:00,0,0,1,1E:01:D0:40:E0:9E,6,0,NONE,2026-08-05T00:35:04.101187
45917,MGMT_OTHER,-71,18,9232,2701,69844,44280,8205044,0,100,19,0,0,B0:CB:D8:C9:92:00,0,0,1,1E:01:D0:40:E0:9E,6,0,NONE,2026-08-05T00:35:04.415187
45917,BEACON,-80,9,0,635,69844,44280,8205490,0,100,19,0,0,B0:CB:D8:C9:92:00,0,0,1,1E:01:D0:40:E0:9E,6,0,NONE,2026-08-05T00:35:04.861187
45917,BEACON,-78,11,1457,638,69844,44280,8205823,0,100,19,0,0,B0:CB:D8:C9:92:00,1,0,1,1E:01:D0:40:E0:9E,6,0,NONE,2026-08-05T00:35:05.194187
45917,,-90,-1,8535,918,69844,44280,8206306,0,100,19,0,0,B0:CB:D8:C9:92:00,0,0,1,1E:01:D0:40:E0:9E,6,0,NONE,2026-08-05T00:35:05.677187
45917,BEACON,-92,-3,12091,1624,69844,44280,8206501,0,100,19,0,0,B0:CB:D8:C9:92:00,0,0,1,1E:01:D0:40:E0:9E,6,0,NONE,2026-08-05T00:35:05.872187
45917,,-88,1,5197,2699,69844,44280,8206883,0,100,19,0,0,B0:CB:D8:C9:92:00,0,0,1,1E:01:D0:40:E0:9E,6,0,NONE,2026-08-05T00:35:06.254187
45917,,-91,-2,9990,3022,69844,44280,8207279,0,100,19,0,0,B0:CB:D8:C9:92:00,0,0,1,1E:01:D0:40:E0:9E,6,0,NONE,2026-08-05T00:35:06.650187
45917,BEACON,-56,33,0,2650,69844,44280,8207592,0,100,19,0,0,B0:CB:D8:C9:92:00,0,0,1,1E:01:D0:40:E0:9E,6,0,NONE,2026-08-05T00:35:06.963187
45917,,-90,-1,3136,2812,69844,44280,8208000,0,100,19,0,0,B0:CB:D8:C9:92:00,0,0,1,1E:01:D0:40:E0:9E,6,0,NONE,2026-08-05T00:35:07.371187
45917,BEACON,-56,33,5645,2656,69844,44280,8208411,0,100,19,0,0,B0:CB:D8:C9:92:00,0,0,1,1E:01:D0:40:E0:9E,6,0,NONE,2026-08-05T00:35:07.782187
45917,BEACON,-82,7,2630,2812,69844,44280,8208715,0,100,19,0,0,B0:CB:D8:C9:92:00,0,0,1,1E:01:D0:40:E0:9E,6,0,NONE,2026-08-05T00:35:08.086187
45917,,-88,1,22264,2436,69844,44280,8209198,0,100,19,0,0,B0:CB:D8:C9:92:00,0,0,1,1E:01:D0:40:E0:9E,6,0,NONE,2026-08-05T00:35:08.569187
45917,,-91,-2,5786,2967,69472,44280,8209612,0,100,19,0,0,B0:CB:D8:C9:92:00,0,0,1,1E:01:D0:40:E0:9E,6,0,NONE,2026-08-05T00:35:08.983187
45917,,-88,1,708,2150,69844,44280,8210019,0,100,19,0,0,B0:CB:D8:C9:92:00,0,0,1,1E:01:D0:40:E0:9E,6,0,NONE,2026-08-05T00:35:09.390187
45917,MGMT_OTHER,-88,1,10069,2929,69844,44280,8210310,0,100,19,0,0,B0:CB:D8:C9:92:00,0,0,1,1E:01:D0:40:E0:9E,6,0,NONE,2026-08-05T00:35:09.681187
45917,MGMT_OTHER,-72,17,14276,2755,69844,44280,8210585,0,100,19,0,0,B0:CB:D8:C9:92:00,0,0,0,1E:01:D0:40:E0:9E,6,0,NONE,2026-08-05T00:35:09.956187
45917,AUTH,-85,4,711,1574,69844,44280,8210936,0,100,19,0,0,B0:CB:D8:C9:92:00,0,0,1,1E:01:D0:40:E0:9E,6,0,NONE,2026-08-05T00:35:10.307187
45917,MGMT_OTHER,-93,-4,11798,4067,69844,44280,8211299,0,100,19,0,0,B0:CB:D8:C9:92:00,0,0,1,1E:01:D0:40:E0:9E,6,0,NONE,2026-08-05T00:35:10.670187
45917,PROBE_RESP,-78,11,0,8,69844,44280,8211622,0,100,19,0,0,B0:CB:D8:C9:92:00,0,0,0,1E:01:D0:40:E0:9E,6,0,NONE,2026-08-05T00:35:10.993187
45917,BEACON,-81,8,8617,2844,69844,44280,8211998,0,100,19,0,0,B0:CB:D8:C9:92:00,0,0,1,1E:01:D0:40:E0:9E,6,0,NONE,2026-08-05T00:35:11.369187
45917,,-90,-1,580,2430,69844,44280,8212407,0,100,19,0,0,B0:CB:D8:C9:92:00,0,0,1,1E:01:D0:40:E0:9E,6,0,NONE,2026-08-05T00:35:11.778187
45917,,-91,-2,314,3207,69844,44280,8212883,0,100,19,0,0,B0:CB:D8:C9:92:00,0,0,1,1E:01:D0:40:E0:9E,6,0,NONE,2026-08-05T00:35:12.254187
45917,BEACON,-78,11,0,2820,69844,44280,8213327,0,100,19,0,0,B0:CB:D8:C9:92:00,0,0,1,1E:01:D0:40:E0:9E,6,0,NONE,2026-08-05T00:35:12.698187
45917,BEACON,-82,7,10521,2860,69844,44280,8213642,0,100,19,0,0,B0:CB:D8:C9:92:00,1,0,1,1E:01:D0:40:E0:9E,6,0,NONE,2026-08-05T00:35:13.013187
45917,,-94,-5,132,1228,69844,44280,8213965,0,100,19,0,0,B0:CB:D8:C9:92:00,1,0,1,1E:01:D0:40:E0:9E,6,0,NONE,2026-08-05T00:35:13.336187
45917,,-80,9,28786,1875,69844,44280,8214385,0,100,19,0,0,B0:CB:D8:C9:92:00,1,0,1,1E:01:D0:40:E0:9E,6,0,NONE,2026-08-05T00:35:13.756187
45917,,-94,-5,21642,344,69844,44280,8214756,0,100,19,0,0,B0:CB:D8:C9:92:00,0,0,1,1E:01:D0:40:E0:9E,6,0,NONE,2026-08-05T00:35:14.127187
45917,MGMT_OTHER,-88,1,4918,319,69844,44280,8215062,0,100,19,0,0,B0:CB:D8:C9:92:00,0,0,1,1E:01:D0:40:E0:9E,6,0,NONE,2026-08-05T00:35:14.433187
45917,PROBE_RESP,-56,33,11667,2474,69844,44280,8215327,0,100,19,0,0,B0:CB:D8:C9:92:00,0,0,1,1E:01:D0:40:E0:9E,6,0,NONE,2026-08-05T00:35:14.698187
45917,,-91,-2,7146,346,69844,44280,8215459,0,100,19,0,0,B0:CB:D8:C9:92:00,0,0,1,1E:01:D0:40:E0:9E,6,0,NONE,2026-08-05T00:35:14.830187
45917,,-87,2,1418,3508,69844,44280,8215767,0,100,19,0,0,B0:CB:D8:C9:92:00,0,0,1,1E:01:D0:40:E0:9E,6,0,NONE,2026-08-05T00:35:15.138187
45917,BEACON,-89,0,38419,1718,69844,44280,8216127,0,100,19,0,0,B0:CB:D8:C9:92:00,0,0,1,1E:01:D0:40:E0:9E,6,0,NONE,2026-08-05T00:35:15.498187
45917,PROBE_RESP,-58,31,0,2476,69844,44280,8216515,0,100,19,0,0,B0:CB:D8:C9:92:00,0,0,0,1E:01:D0:40:E0:9E,6,0,NONE,2026-08-05T00:35:15.886187
45917,PROBE_RESP,-54,35,0,2477,69844,44280,8216849,0,100,19,0,0,B0:CB:D8:C9:92:00,0,0,0,1E:01:D0:40:E0:9E,6,0,NONE,2026-08-05T00:35:16.220187
45917,,-95,-6,331,489,69844,44280,8217025,0,100,19,0,0,B0:CB:D8:C9:92:00,0,0,1,1E:01:D0:40:E0:9E,6,0,NONE,2026-08-05T00:35:16.396187
45917,PROBE_RESP,-90,-1,0,2,69844,44280,8217329,0,100,19,0,0,B0:CB:D8:C9:92:00,0,0,0,1E:01:D0:40:E0:9E,6,0,NONE,2026-08-05T00:35:16.700187
45917,BEACON,-75,14,0,803,69844,44280,8217676,0,100,19,0,0,B0:CB:D8:C9:92:00,0,0,1,1E:01:D0:40:E0:9E,6,0,NONE,2026-08-05T00:35:17.047187
45917,BEACON,-79,10,0,2866,69844,44280,8218035,0,100,19,0,0,B0:CB:D8:C9:92:00,0,0,0,1E:01:D0:40:E0:9E,6,0,NONE,2026-08-05T00:35:17.406187
45917,,-89,0,6624,1176,69844,44280,8218340,0,100,19,0,0,B0:CB:D8:C9:92:00,0,0,1,1E:01:D0:40:E0:9E,6,0,NONE,2026-08-05T00:35:17.711187
45917,BEACON,-78,11,0,2872,69844,44280,8218653,0,100,19,0,0,B0:CB:D8:C9:92:00,0,0,0,1E:01:D0:40:E0:9E,6,0,NONE,2026-08-05T00:35:18.024187
45917,,-90,-1,12244,1615,69844,44280,8218970,0,100,19,0,0,B0:CB:D8:C9:92:00,1,0,1,1E:01:D0:40:E0:9E,6,0,NONE,2026-08-05T00:35:18.341187
45917,BEACON,-88,1,28657,3206,69844,44280,8219229,0,100,19,0,0,B0:CB:D8:C9:92:00,0,0,1,1E:01:D0:40:E0:9E,6,0,NONE,2026-08-05T00:35:18.600187
45917,,-88,1,21587,3771,69844,44280,8219602,0,100,19,0,0,B0:CB:D8:C9:92:00,0,0,1,1E:01:D0:40:E0:9E,6,0,NONE,2026-08-05T00:35:18.973187
45917,,-96,-7,7461,440,69844,44280,8219875,0,100,19,0,0,B0:CB:D8:C9:92:00,0,0,1,1E:01:D0:40:E0:9E,6,0,NONE,2026-08-05T00:35:19.246187
45917,,-89,0,13546,158,69844,44280,8220220,0,100,19,0,0,B0:CB:D8:C9:92:00,1,0,1,1E:01:D0:40:E0:9E,6,0,NONE,2026-08-05T00:35:19.591187
45917,MGMT_OTHER,-68,21,19994,2853,69844,44280,8220534,0,100,19,0,0,B0:CB:D8:C9:92:00,0,0,1,1E:01:D0:40:E0:9E,6,0,NONE,2026-08-05T00:35:19.905187
45917,BEACON,-57,32,2514,2786,69844,44280,8220802,0,100,19,0,0,B0:CB:D8:C9:92:00,0,0,1,1E:01:D0:40:E0:9E,6,0,NONE,2026-08-05T00:35:20.173187
45917,MGMT_OTHER,-68,21,5847,2858,69844,44280,8221102,0,100,19,0,0,B0:CB:D8:C9:92:00,0,0,1,1E:01:D0:40:E0:9E,6,0,NONE,2026-08-05T00:35:20.473187
45917,PROBE_RESP,-75,14,0,1,69844,44280,8221263,0,100,19,0,0,B0:CB:D8:C9:92:00,0,0,1,1E:01:D0:40:E0:9E,6,0,NONE,2026-08-05T00:35:20.634187
45917,PROBE_RESP,-55,34,0,2480,69844,44280,8221497,0,100,19,0,0,B0:CB:D8:C9:92:00,0,0,1,1E:01:D0:40:E0:9E,6,0,NONE,2026-08-05T00:35:20.868187
45917,BEACON,-59,30,0,2798,69844,44280,8221841,0,100,19,0,0,B0:CB:D8:C9:92:00,0,0,1,1E:01:D0:40:E0:9E,6,0,NONE,2026-08-05T00:35:21.212187
45917,BEACON,-56,33,1751,2800,69844,44280,8222133,0,100,19,0,0,B0:CB:D8:C9:92:00,1,0,1,1E:01:D0:40:E0:9E,6,0,NONE,2026-08-05T00:35:21.504187
45917,PROBE_RESP,-92,-3,0,37,69844,44280,8222363,0,100,19,0,0,B0:CB:D8:C9:92:00,0,0,0,1E:01:D0:40:E0:9E,6,0,NONE,2026-08-05T00:35:21.734187
45917,BEACON,-89,0,0,1333,69844,44280,8222632,0,100,19,0,0,B0:CB:D8:C9:92:00,0,0,0,1E:01:D0:40:E0:9E,6,0,NONE,2026-08-05T00:35:22.003187
45917,BEACON,-93,-4,11745,1837,69844,44280,8222960,0,100,19,0,0,B0:CB:D8:C9:92:00,0,0,1,1E:01:D0:40:E0:9E,6,0,NONE,2026-08-05T00:35:22.331187
45917,,-88,1,17812,2832,69844,44280,8223312,0,100,19,0,0,B0:CB:D8:C9:92:00,0,0,1,1E:01:D0:40:E0:9E,6,0,NONE,2026-08-05T00:35:22.683187
45917,BEACON,-88,1,0,1343,69844,44280,8223657,0,100,19,0,0,B0:CB:D8:C9:92:00,0,0,0,1E:01:D0:40:E0:9E,6,0,NONE,2026-08-05T00:35:23.028187
45917,BEACON,-91,-2,12917,1387,69844,44280,8224065,0,100,19,0,0,B0:CB:D8:C9:92:00,0,0,1,1E:01:D0:40:E0:9E,6,0,NONE,2026-08-05T00:35:23.436187
45917,BEACON,-95,-6,4854,1851,69856,44280,8224394,0,100,19,0,0,B0:CB:D8:C9:92:00,0,0,1,1E:01:D0:40:E0:9E,6,0,NONE,2026-08-05T00:35:23.765187
45917,PROBE_RESP,-82,7,827,0,69856,44280,8224638,0,100,19,0,0,B0:CB:D8:C9:92:00,0,0,0,1E:01:D0:40:E0:9E,6,0,NONE,2026-08-05T00:35:24.009187
45917,MGMT_OTHER,-67,22,30018,2897,69856,44280,8225048,0,100,19,0,0,B0:CB:D8:C9:92:00,0,0,1,1E:01:D0:40:E0:9E,6,0,NONE,2026-08-05T00:35:24.419187
45917,BEACON,-57,32,14488,2836,69844,44280,8225512,0,100,19,0,0,B0:CB:D8:C9:92:00,0,0,1,1E:01:D0:40:E0:9E,6,0,NONE,2026-08-05T00:35:24.883187
45917,,-89,0,11261,1028,69844,44280,8225930,0,100,19,0,0,B0:CB:D8:C9:92:00,0,0,1,1E:01:D0:40:E0:9E,6,0,NONE,2026-08-05T00:35:25.301187
45917,BEACON,-94,-5,0,3378,69844,44280,8226418,0,100,19,0,0,B0:CB:D8:C9:92:00,0,0,0,1E:01:D0:40:E0:9E,6,0,NONE,2026-08-05T00:35:25.789187
45917,,-92,-3,13523,449,69844,44280,8226765,0,100,19,0,0,B0:CB:D8:C9:92:00,0,0,1,1E:01:D0:40:E0:9E,6,0,NONE,2026-08-05T00:35:26.136187
45917,BEACON,-90,-1,0,1826,69844,44280,8227188,0,100,19,0,0,B0:CB:D8:C9:92:00,0,0,0,1E:01:D0:40:E0:9E,6,0,NONE,2026-08-05T00:35:26.559187
45917,,-94,-5,8730,1619,69844,44280,8227556,0,100,19,0,0,B0:CB:D8:C9:92:00,0,0,0,1E:01:D0:40:E0:9E,6,0,NONE,2026-08-05T00:35:26.927187
45917,BEACON,-79,10,0,951,69844,44280,8228021,0,100,19,0,0,B0:CB:D8:C9:92:00,0,0,1,1E:01:D0:40:E0:9E,6,0,NONE,2026-08-05T00:35:27.392187
45917,BEACON,-83,6,0,2968,69844,44280,8228486,0,100,19,0,0,B0:CB:D8:C9:92:00,0,0,0,1E:01:D0:40:E0:9E,6,0,NONE,2026-08-05T00:35:27.857187
45917,BEACON,-94,-5,4358,1895,69844,44280,8228900,0,100,19,0,0,B0:CB:D8:C9:92:00,1,0,1,1E:01:D0:40:E0:9E,6,0,NONE,2026-08-05T00:35:28.271187
45917,BEACON,-80,9,0,2976,69844,44280,8229309,0,100,19,0,0,B0:CB:D8:C9:92:00,0,0,0,1E:01:D0:40:E0:9E,6,0,NONE,2026-08-05T00:35:28.680187
45917,BEACON,-91,-2,0,1849,69844,44280,8229542,0,100,19,0,0,B0:CB:D8:C9:92:00,0,0,1,1E:01:D0:40:E0:9E,6,0,NONE,2026-08-05T00:35:28.913187
45917,PROBE_RESP,-89,0,0,0,69844,44280,8229866,0,100,19,0,0,B0:CB:D8:C9:92:00,0,0,0,1E:01:D0:40:E0:9E,6,0,NONE,2026-08-05T00:35:29.237187
45917,,-54,35,0,2885,68040,44280,8230195,0,100,19,0,0,B0:CB:D8:C9:92:00,1,0,0,1E:01:D0:40:E0:9E,6,0,NONE,2026-08-05T00:35:29.566187
45917,,-89,0,4378,3044,69844,44280,8230532,0,100,19,0,0,B0:CB:D8:C9:92:00,0,0,1,1E:01:D0:40:E0:9E,6,0,NONE,2026-08-05T00:35:29.903187
45917,PROBE_RESP,-88,1,0,0,69844,44280,8230954,0,100,19,0,0,B0:CB:D8:C9:92:00,0,0,0,1E:01:D0:40:E0:9E,6,0,NONE,2026-08-05T00:35:30.325187
45917,BEACON,-93,-4,0,3423,69844,44280,8231026,0,100,19,0,0,B0:CB:D8:C9:92:00,0,0,1,1E:01:D0:40:E0:9E,6,0,NONE,2026-08-05T00:35:30.397187
45917,,-89,0,5351,3031,69844,44280,8231251,0,100,19,0,0,B0:CB:D8:C9:92:00,0,0,1,1E:01:D0:40:E0:9E,6,0,NONE,2026-08-05T00:35:30.622187
45917,MGMT_OTHER,-67,22,2179,2961,69844,44280,8231578,0,100,19,0,0,B0:CB:D8:C9:92:00,0,0,1,1E:01:D0:40:E0:9E,6,0,NONE,2026-08-05T00:35:30.949187
45917,BEACON,-82,7,12465,3039,69844,44280,8231982,0,100,19,0,0,B0:CB:D8:C9:92:00,0,0,1,1E:01:D0:40:E0:9E,6,0,NONE,2026-08-05T00:35:31.353187
45917,BEACON,-59,30,0,2909,69844,44280,8232477,0,100,19,0,0,B0:CB:D8:C9:92:00,0,0,1,1E:01:D0:40:E0:9E,6,0,NONE,2026-08-05T00:35:31.848187
45917,PROBE_RESP,-91,-2,3747,10,69844,44280,8232961,0,100,19,0,0,B0:CB:D8:C9:92:00,0,0,0,1E:01:D0:40:E0:9E,6,0,NONE,2026-08-05T00:35:32.332187
45917,BEACON,-89,0,10557,1886,69844,44280,8233331,0,100,19,0,0,B0:CB:D8:C9:92:00,0,0,1,1E:01:D0:40:E0:9E,6,0,NONE,2026-08-05T00:35:32.702187
45917,MGMT_OTHER,-91,-2,12579,1702,69844,44280,8233815,0,100,19,0,0,B0:CB:D8:C9:92:00,0,0,1,1E:01:D0:40:E0:9E,6,0,NONE,2026-08-05T00:35:33.186187
45917,BEACON,-81,8,1505,3061,69844,44280,8234214,0,100,19,0,0,B0:CB:D8:C9:92:00,1,0,1,1E:01:D0:40:E0:9E,6,0,NONE,2026-08-05T00:35:33.585187
45917,MGMT_OTHER,-91,-2,16467,945,69844,44280,8234587,0,100,19,0,0,B0:CB:D8:C9:92:00,0,0,1,1E:01:D0:40:E0:9E,6,0,NONE,2026-08-05T00:35:33.958187
45917,BEACON,-90,-1,16253,1901,69844,44280,8234867,0,100,19,0,0,B0:CB:D8:C9:92:00,0,0,1,1E:01:D0:40:E0:9E,6,0,NONE,2026-08-05T00:35:34.238187
45917,BEACON,-95,-6,0,1455,69844,44280,8235164,0,100,19,0,0,B0:CB:D8:C9:92:00,0,0,1,1E:01:D0:40:E0:9E,6,0,NONE,2026-08-05T00:35:34.535187
45917,PROBE_RESP,-78,11,0,0,69844,44280,8235487,0,100,19,0,0,B0:CB:D8:C9:92:00,0,0,0,1E:01:D0:40:E0:9E,6,0,NONE,2026-08-05T00:35:34.858187
45917,DISASSOC,-92,-3,3317,962,69844,44280,8235748,0,100,19,0,0,B0:CB:D8:C9:92:00,0,0,1,1E:01:D0:40:E0:9E,6,0,NONE,2026-08-05T00:35:35.119187
45917,BEACON,-89,0,0,1913,69844,44280,8236096,0,100,19,0,0,B0:CB:D8:C9:92:00,0,0,1,1E:01:D0:40:E0:9E,6,0,NONE,2026-08-05T00:35:35.467187
45917,MGMT_OTHER,-90,-1,7253,2466,69844,44280,8236508,0,100,19,0,0,B0:CB:D8:C9:92:00,0,0,1,1E:01:D0:40:E0:9E,6,0,NONE,2026-08-05T00:35:35.879187
45917,BEACON,-78,11,6294,1074,69844,44280,8236929,0,100,19,0,0,B0:CB:D8:C9:92:00,0,0,1,1E:01:D0:40:E0:9E,6,0,NONE,2026-08-05T00:35:36.300187
45917,BEACON,-81,8,6188,3090,69844,44280,8237187,0,100,19,0,0,B0:CB:D8:C9:92:00,1,0,1,1E:01:D0:40:E0:9E,6,0,NONE,2026-08-05T00:35:36.558187
45917,PROBE_RESP,-91,-2,2103,0,69844,44280,8237536,0,100,19,0,0,B0:CB:D8:C9:92:00,0,0,1,1E:01:D0:40:E0:9E,6,0,NONE,2026-08-05T00:35:36.907187
45917,PROBE_RESP,-94,-5,0,1,69844,44280,8237947,0,100,19,0,0,B0:CB:D8:C9:92:00,0,0,1,1E:01:D0:40:E0:9E,6,0,NONE,2026-08-05T00:35:37.318187
45917,BEACON,-79,10,0,1094,69844,44280,8238363,0,100,19,0,0,B0:CB:D8:C9:92:00,0,0,1,1E:01:D0:40:E0:9E,6,0,NONE,2026-08-05T00:35:37.734187
45917,PROBE_RESP,-78,11,0,0,69844,44280,8238596,0,100,19,0,0,B0:CB:D8:C9:92:00,0,0,0,1E:01:D0:40:E0:9E,6,0,NONE,2026-08-05T00:35:37.967187
45917,,-91,-2,5694,3616,69844,44280,8238746,0,100,19,0,0,B0:CB:D8:C9:92:00,0,0,1,1E:01:D0:40:E0:9E,6,0,NONE,2026-08-05T00:35:38.117187
45917,PROBE_RESP,-78,11,0,1,69844,44280,8239034,0,100,19,0,0,B0:CB:D8:C9:92:00,0,0,0,1E:01:D0:40:E0:9E,6,0,NONE,2026-08-05T00:35:38.405187
45917,MGMT_OTHER,-86,3,3645,2802,69844,44280,8239342,0,100,19,0,0,B0:CB:D8:C9:92:00,0,0,1,1E:01:D0:40:E0:9E,6,0,NONE,2026-08-05T00:35:38.713187
45917,BEACON,-90,-1,29441,1949,69844,44280,8239783,0,100,19,0,0,B0:CB:D8:C9:92:00,0,0,1,1E:01:D0:40:E0:9E,6,0,NONE,2026-08-05T00:35:39.154187
45917,PROBE_RESP,-89,0,0,0,69844,44280,8240105,0,100,19,0,0,B0:CB:D8:C9:92:00,0,0,0,1E:01:D0:40:E0:9E,6,0,NONE,2026-08-05T00:35:39.476187
45917,BEACON,-81,8,44407,3122,69844,44280,8240460,0,100,19,0,0,B0:CB:D8:C9:92:00,0,0,1,1E:01:D0:40:E0:9E,6,0,NONE,2026-08-05T00:35:39.831187
45917,PROBE_RESP,-78,11,0,0,69844,44280,8240688,0,100,19,0,0,B0:CB:D8:C9:92:00,0,0,0,1E:01:D0:40:E0:9E,6,0,NONE,2026-08-05T00:35:40.059187
45917,BEACON,-95,-6,9819,4066,69844,44280,8241006,0,100,19,0,0,B0:CB:D8:C9:92:00,0,0,1,1E:01:D0:40:E0:9E,6,0,NONE,2026-08-05T00:35:40.377187
45917,,-89,0,2258,1644,69844,44280,8241320,0,100,19,0,0,B0:CB:D8:C9:92:00,0,0,1,1E:01:D0:40:E0:9E,6,0,NONE,2026-08-05T00:35:40.691187
45917,BEACON,-78,11,0,3098,69844,44280,8241793,0,100,19,0,0,B0:CB:D8:C9:92:00,0,0,0,1E:01:D0:40:E0:9E,6,0,NONE,2026-08-05T00:35:41.164187
45917,MGMT_OTHER,-66,23,7016,3065,69844,44280,8242200,0,100,19,0,0,B0:CB:D8:C9:92:00,0,0,1,1E:01:D0:40:E0:9E,6,0,NONE,2026-08-05T00:35:41.571187
45917,PROBE_RESP,-95,-6,4717,726,69844,44280,8242433,0,100,19,0,0,B0:CB:D8:C9:92:00,0,0,1,1E:01:D0:40:E0:9E,6,0,NONE,2026-08-05T00:35:41.804187
45917,MGMT_OTHER,-92,-3,6542,1641,69844,44280,8242666,0,100,19,0,0,B0:CB:D8:C9:92:00,0,0,1,1E:01:D0:40:E0:9E,6,0,NONE,2026-08-05T00:35:42.037187
45917,PROBE_RESP,-94,-5,0,0,69844,44280,8242998,0,100,19,0,0,B0:CB:D8:C9:92:00,1,0,1,1E:01:D0:40:E0:9E,6,0,NONE,2026-08-05T00:35:42.369187
45917,PROBE_RESP,-92,-3,0,0,69844,44280,8243422,0,100,19,0,0,B0:CB:D8:C9:92:00,1,0,1,1E:01:D0:40:E0:9E,6,0,NONE,2026-08-05T00:35:42.793187
45917,BEACON,-58,31,0,3031,69844,44280,8243844,0,100,19,0,0,B0:CB:D8:C9:92:00,1,0,1,1E:01:D0:40:E0:9E,6,0,NONE,2026-08-05T00:35:43.215187
45917,MGMT_OTHER,-98,-9,777,3501,69844,44280,8244337,0,100,19,0,0,B0:CB:D8:C9:92:00,0,0,1,1E:01:D0:40:E0:9E,6,0,NONE,2026-08-05T00:35:43.708187
45917,,-91,-2,11691,3335,69844,44280,8244759,0,100,19,0,0,B0:CB:D8:C9:92:00,1,0,1,1E:01:D0:40:E0:9E,6,0,NONE,2026-08-05T00:35:44.130187
45917,BEACON,-59,30,0,3044,69844,44280,8245175,0,100,19,0,0,B0:CB:D8:C9:92:00,0,0,1,1E:01:D0:40:E0:9E,6,0,NONE,2026-08-05T00:35:44.546187
45917,PROBE_RESP,-56,33,18827,2487,69844,44280,8245538,0,100,19,0,0,B0:CB:D8:C9:92:00,0,0,0,1E:01:D0:40:E0:9E,6,0,NONE,2026-08-05T00:35:44.909187
45917,,-94,-5,19881,0,69844,44280,8245751,0,100,19,0,0,B0:CB:D8:C9:92:00,0,0,0,1E:01:D0:40:E0:9E,6,0,NONE,2026-08-05T00:35:45.122187
45917,MGMT_OTHER,-68,21,10734,3102,69844,44280,8245946,0,100,19,0,0,B0:CB:D8:C9:92:00,0,0,1,1E:01:D0:40:E0:9E,6,0,NONE,2026-08-05T00:35:45.317187
45917,,-56,33,195,2758,69844,44280,8246236,0,100,19,0,0,B0:CB:D8:C9:92:00,0,0,0,1E:01:D0:40:E0:9E,6,0,NONE,2026-08-05T00:35:45.607187
45917,,-81,8,222,10,69844,44280,8246270,0,100,19,0,0,B0:CB:D8:C9:92:00,0,0,0,1E:01:D0:40:E0:9E,6,0,NONE,2026-08-05T00:35:45.637706
45917,MGMT_OTHER,-67,22,5280,3106,69844,44280,8246395,0,100,19,0,0,B0:CB:D8:C9:92:00,1,0,1,1E:01:D0:40:E0:9E,6,0,NONE,2026-08-05T00:35:45.762706
45917,BEACON,-94,-5,0,1567,69844,44280,8246658,0,100,19,0,0,B0:CB:D8:C9:92:00,0,0,1,1E:01:D0:40:E0:9E,6,0,NONE,2026-08-05T00:35:46.025706
45917,,-81,8,314,4,69844,44280,8246922,0,100,19,0,0,B0:CB:D8:C9:92:00,0,0,0,1E:01:D0:40:E0:9E,6,0,NONE,2026-08-05T00:35:46.289706
45917,,-55,34,223,3060,67548,44280,8246968,0,100,19,0,0,B0:CB:D8:C9:92:00,0,0,1,1E:01:D0:40:E0:9E,6,0,NONE,2026-08-05T00:35:46.335706
45917,BEACON,-78,11,0,1214,69844,44280,8247272,0,100,19,0,0,B0:CB:D8:C9:92:00,1,0,1,1E:01:D0:40:E0:9E,6,0,NONE,2026-08-05T00:35:46.639706
45917,,-81,8,234,6,69844,44280,8247492,0,100,19,0,0,B0:CB:D8:C9:92:00,1,0,0,1E:01:D0:40:E0:9E,6,0,NONE,2026-08-05T00:35:46.859706
45917,MGMT_OTHER,-81,8,174,13,69844,44280,8247582,0,100,19,0,0,B0:CB:D8:C9:92:00,1,0,0,1E:01:D0:40:E0:9E,6,0,NONE,2026-08-05T00:35:46.949706
45917,,-81,8,174,2,69296,44280,8247636,0,100,19,0,0,B0:CB:D8:C9:92:00,1,0,0,1E:01:D0:40:E0:9E,6,0,NONE,2026-08-05T00:35:47.003706
45917,,-54,35,146,2759,69844,44280,8247892,0,100,19,0,0,B0:CB:D8:C9:92:00,0,0,0,1E:01:D0:40:E0:9E,6,0,NONE,2026-08-05T00:35:47.259706
45917,AUTH,-79,10,0,29,69844,44280,8248208,0,100,19,0,0,B0:CB:D8:C9:92:00,0,0,0,1E:01:D0:40:E0:9E,6,0,NONE,2026-08-05T00:35:47.575706
45917,,-74,15,9259,36,69844,44280,8248408,0,100,19,0,0,B0:CB:D8:C9:92:00,1,0,1,1E:01:D0:40:E0:9E,6,0,NONE,2026-08-05T00:35:47.775706
45917,BEACON,-77,12,309,3165,69844,44280,8248659,0,100,19,0,0,B0:CB:D8:C9:92:00,1,0,0,1E:01:D0:40:E0:9E,6,0,NONE,2026-08-05T00:35:48.026706
45917,PROBE_REQ,-76,13,48,67,69844,44280,8248916,0,100,19,0,0,B0:CB:D8:C9:92:00,0,0,0,1E:01:D0:40:E0:9E,6,0,NONE,2026-08-05T00:35:48.283706
45917,MGMT_OTHER,-66,23,350,3133,69844,44280,8249119,0,100,19,0,0,B0:CB:D8:C9:92:00,1,0,1,1E:01:D0:40:E0:9E,6,0,NONE,2026-08-05T00:35:48.486706
45917,,-55,34,135,3107,69844,44280,8249356,0,100,19,0,0,B0:CB:D8:C9:92:00,0,0,0,1E:01:D0:40:E0:9E,6,0,NONE,2026-08-05T00:35:48.723706
45917,,-81,8,282,10,69844,44280,8249537,0,100,19,0,0,B0:CB:D8:C9:92:00,1,0,0,1E:01:D0:40:E0:9E,6,0,NONE,2026-08-05T00:35:48.904706
45917,BEACON,-94,-5,4006,2099,69844,44280,8249790,0,100,19,0,0,B0:CB:D8:C9:92:00,0,0,1,1E:01:D0:40:E0:9E,6,0,NONE,2026-08-05T00:35:49.157706
45917,MGMT_OTHER,-76,13,43,305,69844,44280,8250061,0,100,19,0,0,B0:CB:D8:C9:92:00,0,0,1,1E:01:D0:40:E0:9E,6,0,NONE,2026-08-05T00:35:49.428706
45917,MGMT_OTHER,-83,6,1190,3054,69844,44280,8250332,0,100,19,0,0,B0:CB:D8:C9:92:00,1,0,1,1E:01:D0:40:E0:9E,6,0,NONE,2026-08-05T00:35:49.699706
45917,,-90,-1,4985,264,69844,44280,8250596,0,100,19,0,0,B0:CB:D8:C9:92:00,0,0,1,1E:01:D0:40:E0:9E,6,0,NONE,2026-08-05T00:35:49.963706
45917,PROBE_RESP,-80,9,1697,0,69844,44280,8250919,0,100,19,0,0,B0:CB:D8:C9:92:00,1,0,0,1E:01:D0:40:E0:9E,6,0,NONE,2026-08-05T00:35:50.286706
45917,,-54,35,3730,3152,69844,44280,8251274,0,100,19,0,0,B0:CB:D8:C9:92:00,0,0,1,1E:01:D0:40:E0:9E,6,0,NONE,2026-08-05T00:35:50.641706
45917,,-54,35,103,3162,69844,44280,8251567,0,100,19,0,0,B0:CB:D8:C9:92:00,0,0,0,1E:01:D0:40:E0:9E,6,0,NONE,2026-08-05T00:35:50.934706
45917,BEACON,-81,8,2911,3234,69844,44280,8251955,0,100,19,0,0,B0:CB:D8:C9:92:00,0,0,1,1E:01:D0:40:E0:9E,6,0,NONE,2026-08-05T00:35:51.322706
45917,,-54,35,3060,2769,69772,44280,8252343,0,100,19,0,0,B0:CB:D8:C9:92:00,0,0,1,1E:01:D0:40:E0:9E,6,0,NONE,2026-08-05T00:35:51.710706
45917,,-85,4,4377,18,69640,44280,8252597,0,100,19,0,0,B0:CB:D8:C9:92:00,0,0,1,1E:01:D0:40:E0:9E,6,0,NONE,2026-08-05T00:35:51.964706
45917,BEACON,-88,1,0,2078,69844,44280,8252993,0,100,19,0,0,B0:CB:D8:C9:92:00,0,0,0,1E:01:D0:40:E0:9E,6,0,NONE,2026-08-05T00:35:52.360706
45917,,-96,-7,5872,2216,69844,44280,8253368,0,100,19,0,0,B0:CB:D8:C9:92:00,0,0,1,1E:01:D0:40:E0:9E,6,0,NONE,2026-08-05T00:35:52.735706
45917,,-54,35,0,3208,69844,44280,8253637,0,100,19,0,0,B0:CB:D8:C9:92:00,0,0,0,1E:01:D0:40:E0:9E,6,0,NONE,2026-08-05T00:35:53.004706
45917,BEACON,-77,12,7507,1363,69844,44280,8253826,0,100,19,0,0,B0:CB:D8:C9:92:00,0,0,1,1E:01:D0:40:E0:9E,6,0,NONE,2026-08-05T00:35:53.193706
45917,PROBE_RESP,-79,10,0,3,69844,44280,8254020,0,100,19,0,0,B0:CB:D8:C9:92:00,0,0,0,1E:01:D0:40:E0:9E,6,0,NONE,2026-08-05T00:35:53.387706
45917,BEACON,-80,9,11841,1367,69844,44280,8254134,0,100,19,0,0,B0:CB:D8:C9:92:00,0,0,1,1E:01:D0:40:E0:9E,6,0,NONE,2026-08-05T00:35:53.501706
45917,MGMT_OTHER,-95,-6,5986,2026,69844,44280,8254493,0,100,19,0,0,B0:CB:D8:C9:92:00,0,0,1,1E:01:D0:40:E0:9E,6,0,NONE,2026-08-05T00:35:53.860706
45917,MGMT_OTHER,-87,2,290,3898,69844,44280,8254698,0,100,19,0,0,B0:CB:D8:C9:92:00,0,0,1,1E:01:D0:40:E0:9E,6,0,NONE,2026-08-05T00:35:54.065706
45917,BEACON,-59,30,2829,3239,69844,44280,8255005,0,100,19,0,0,B0:CB:D8:C9:92:00,1,0,1,1E:01:D0:40:E0:9E,6,0,NONE,2026-08-05T00:35:54.372706
45917,BEACON,-81,8,2708,3267,69844,44280,8255310,0,100,19,0,0,B0:CB:D8:C9:92:00,1,0,1,1E:01:D0:40:E0:9E,6,0,NONE,2026-08-05T00:35:54.677706
45917,,-93,-4,8749,1296,69844,44280,8255687,0,100,19,0,0,B0:CB:D8:C9:92:00,0,0,1,1E:01:D0:40:E0:9E,6,0,NONE,2026-08-05T00:35:55.054706
45917,,-81,8,1277,23,69844,44280,8255928,0,100,19,0,0,B0:CB:D8:C9:92:00,1,0,1,1E:01:D0:40:E0:9E,6,0,NONE,2026-08-05T00:35:55.295706
45917,BEACON,-79,10,0,3241,69844,44280,8256437,0,100,19,0,0,B0:CB:D8:C9:92:00,0,0,0,1E:01:D0:40:E0:9E,6,0,NONE,2026-08-05T00:35:55.804706
45917,,-92,-3,20449,1821,69844,44280,8256730,0,100,19,0,0,B0:CB:D8:C9:92:00,0,0,1,1E:01:D0:40:E0:9E,6,0,NONE,2026-08-05T00:35:56.097706
45917,,-90,-1,1702,3438,69844,44280,8256947,0,100,19,0,0,B0:CB:D8:C9:92:00,0,0,1,1E:01:D0:40:E0:9E,6,0,NONE,2026-08-05T00:35:56.314706
45917,,-56,33,0,3288,69844,44280,8257381,0,100,19,0,0,B0:CB:D8:C9:92:00,0,0,0,1E:01:D0:40:E0:9E,6,0,NONE,2026-08-05T00:35:56.748706
45917,MGMT_OTHER,-67,22,31468,3217,69844,44280,8257740,0,100,19,0,0,B0:CB:D8:C9:92:00,0,0,1,1E:01:D0:40:E0:9E,6,0,NONE,2026-08-05T00:35:57.107706
45917,BEACON,-78,11,0,3257,69844,44280,8258081,0,100,19,0,0,B0:CB:D8:C9:92:00,1,0,0,1E:01:D0:40:E0:9E,6,0,NONE,2026-08-05T00:35:57.448706
45917,BEACON,-92,-3,3472,2168,69844,44280,8258419,0,100,19,0,0,B0:CB:D8:C9:92:00,0,0,1,1E:01:D0:40:E0:9E,6,0,NONE,2026-08-05T00:35:57.786706
45917,,-88,1,61634,2245,69844,44280,8258789,0,100,19,0,0,B0:CB:D8:C9:92:00,1,0,1,1E:01:D0:40:E0:9E,6,0,NONE,2026-08-05T00:35:58.156706
45917,MGMT_OTHER,-68,21,2193,3231,69844,44280,8259093,0,100,19,0,0,B0:CB:D8:C9:92:00,0,0,1,1E:01:D0:40:E0:9E,6,0,NONE,2026-08-05T00:35:58.460706
45917,BEACON,-80,9,22304,3306,69844,44280,8259303,0,100,19,0,0,B0:CB:D8:C9:92:00,0,0,1,1E:01:D0:40:E0:9E,6,0,NONE,2026-08-05T00:35:58.670706
45917,PROBE_RESP,-88,1,0,0,69844,44280,8259655,0,100,19,0,0,B0:CB:D8:C9:92:00,1,0,1,1E:01:D0:40:E0:9E,6,0,NONE,2026-08-05T00:35:59.022706
45917,,-94,-5,30917,3916,69844,44280,8259813,0,100,19,0,0,B0:CB:D8:C9:92:00,0,0,1,1E:01:D0:40:E0:9E,6,0,NONE,2026-08-05T00:35:59.180706
45917,,-90,-1,14369,3540,69844,44280,8260214,0,100,19,0,0,B0:CB:D8:C9:92:00,0,0,1,1E:01:D0:40:E0:9E,6,0,NONE,2026-08-05T00:35:59.581706
45917,BEACON,-92,-3,328,2151,69844,44280,8260469,0,100,19,0,0,B0:CB:D8:C9:92:00,1,0,1,1E:01:D0:40:E0:9E,6,0,NONE,2026-08-05T00:35:59.836706
45917,BEACON,-78,11,0,3284,69844,44280,8260841,0,100,19,0,0,B0:CB:D8:C9:92:00,0,0,0,1E:01:D0:40:E0:9E,6,0,NONE,2026-08-05T00:36:00.208706
45917,MGMT_OTHER,-96,-7,827,3791,69844,44280,8261152,0,100,19,0,0,B0:CB:D8:C9:92:00,0,0,1,1E:01:D0:40:E0:9E,6,0,NONE,2026-08-05T00:36:00.519706
45917,BEACON,-95,-6,1027,3720,69844,44280,8261440,0,100,19,0,0,B0:CB:D8:C9:92:00,0,0,1,1E:01:D0:40:E0:9E,6,0,NONE,2026-08-05T00:36:00.807706
45917,MGMT_OTHER,-76,13,44,1136,69844,44280,8261732,0,100,19,0,0,B0:CB:D8:C9:92:00,0,0,1,1E:01:D0:40:E0:9E,6,0,NONE,2026-08-05T00:36:01.099706
45917,PROBE_RESP,-77,12,0,1,69844,44280,8262100,0,100,19,0,0,B0:CB:D8:C9:92:00,0,0,0,1E:01:D0:40:E0:9E,6,0,NONE,2026-08-05T00:36:01.467706
45917,PROBE_RESP,-94,-5,0,181,69844,44280,8262366,0,100,19,0,0,B0:CB:D8:C9:92:00,1,0,1,1E:01:D0:40:E0:9E,6,0,NONE,2026-08-05T00:36:01.733706
45917,,-54,35,38258,3403,69844,44280,8262774,0,100,19,0,0,B0:CB:D8:C9:92:00,0,0,1,1E:01:D0:40:E0:9E,6,0,NONE,2026-08-05T00:36:02.141706
45917,,-89,0,14095,2973,69844,44280,8263070,0,100,19,0,0,B0:CB:D8:C9:92:00,0,0,1,1E:01:D0:40:E0:9E,6,0,NONE,2026-08-05T00:36:02.437706
45917,,-56,33,3085,2812,69844,44280,8263403,0,100,19,0,0,B0:CB:D8:C9:92:00,0,0,1,1E:01:D0:40:E0:9E,6,0,NONE,2026-08-05T00:36:02.770706
45917,MGMT_OTHER,-68,21,1438,3275,69844,44280,8263643,0,100,19,0,0,B0:CB:D8:C9:92:00,1,0,1,1E:01:D0:40:E0:9E,6,0,NONE,2026-08-05T00:36:03.010706
45917,BEACON,-97,-8,6712,1737,69844,44280,8264042,0,100,19,0,0,B0:CB:D8:C9:92:00,0,0,1,1E:01:D0:40:E0:9E,6,0,NONE,2026-08-05T00:36:03.409706
45917,MGMT_OTHER,-68,21,14069,3283,69844,44280,8264436,0,100,19,0,0,B0:CB:D8:C9:92:00,0,0,1,1E:01:D0:40:E0:9E,6,0,NONE,2026-08-05T00:36:03.803706
45917,PROBE_RESP,-89,0,0,0,69844,44280,8264773,0,100,19,0,0,B0:CB:D8:C9:92:00,0,0,0,1E:01:D0:40:E0:9E,6,0,NONE,2026-08-05T00:36:04.140706
45917,BEACON,-57,32,0,3458,69844,44280,8265143,0,100,19,0,0,B0:CB:D8:C9:92:00,1,0,1,1E:01:D0:40:E0:9E,6,0,NONE,2026-08-05T00:36:04.510706
45917,BEACON,-80,9,0,1523,69844,44280,8265501,0,100,19,0,0,B0:CB:D8:C9:92:00,0,0,1,1E:01:D0:40:E0:9E,6,0,NONE,2026-08-05T00:36:04.868706
45917,,14,14,0,1023,69844,44280,8265862,0,100,19,0,0,B0:CB:D8:C9:92:00,0,0,0,1E:01:D0:40:E0:9E,6,0,NONE,2026-08-05T00:36:05.229706
45917,MGMT_OTHER,-97,-8,52807,374,69844,44280,8266222,0,100,19,0,0,B0:CB:D8:C9:92:00,0,0,1,1E:01:D0:40:E0:9E,6,0,NONE,2026-08-05T00:36:05.589706
45917,,15,15,0,1023,69844,44280,8266636,0,100,19,0,0,B0:CB:D8:C9:92:00,0,0,1,1E:01:D0:40:E0:9E,6,0,NONE,2026-08-05T00:36:06.003706
45917,PROBE_RESP,-79,10,280,2,69844,44280,8266900,0,100,19,0,0,B0:CB:D8:C9:92:00,0,0,0,1E:01:D0:40:E0:9E,6,0,NONE,2026-08-05T00:36:06.267706
45917,,-53,36,8692,2852,69844,44280,8267206,0,100,19,0,0,B0:CB:D8:C9:92:00,0,0,1,1E:01:D0:40:E0:9E,6,0,NONE,2026-08-05T00:36:06.573706
45917,BEACON,-79,10,14165,1551,69844,44280,8267445,0,100,19,0,0,B0:CB:D8:C9:92:00,0,0,1,1E:01:D0:40:E0:9E,6,0,NONE,2026-08-05T00:36:06.812706
45917,BEACON,-78,11,0,1555,69844,44280,8267753,0,100,19,0,0,B0:CB:D8:C9:92:00,0,0,1,1E:01:D0:40:E0:9E,6,0,NONE,2026-08-05T00:36:07.120706
45917,BEACON,-90,-1,2707,2224,69844,44280,8267944,0,100,19,0,0,B0:CB:D8:C9:92:00,1,0,1,1E:01:D0:40:E0:9E,6,0,NONE,2026-08-05T00:36:07.311706
45917,PROBE_RESP,-86,3,0,2,69844,44280,8268219,0,100,19,0,0,B0:CB:D8:C9:92:00,1,0,1,1E:01:D0:40:E0:9E,6,0,NONE,2026-08-05T00:36:07.586706
45917,PROBE_RESP,-79,10,0,1,69844,44280,8268457,0,100,19,0,0,B0:CB:D8:C9:92:00,0,0,0,1E:01:D0:40:E0:9E,6,0,NONE,2026-08-05T00:36:07.824706
45917,BEACON,-78,11,0,3360,69844,44280,8268623,0,100,19,0,0,B0:CB:D8:C9:92:00,0,0,0,1E:01:D0:40:E0:9E,6,0,NONE,2026-08-05T00:36:07.990706
45917,BEACON,-94,-5,18654,2270,69844,44280,8268865,0,100,19,0,0,B0:CB:D8:C9:92:00,0,0,1,1E:01:D0:40:E0:9E,6,0,NONE,2026-08-05T00:36:08.232706
45917,,-58,31,0,3524,68112,44280,8269261,0,100,19,0,0,B0:CB:D8:C9:92:00,0,0,0,1E:01:D0:40:E0:9E,6,0,NONE,2026-08-05T00:36:08.628706
45917,PROBE_RESP,-89,0,5647,3646,69844,44280,8269638,0,100,19,0,0,B0:CB:D8:C9:92:00,0,0,1,1E:01:D0:40:E0:9E,6,0,NONE,2026-08-05T00:36:09.005706
45917,,-93,-4,7035,2208,69844,44280,8270027,0,100,19,0,0,B0:CB:D8:C9:92:00,0,0,1,1E:01:D0:40:E0:9E,6,0,NONE,2026-08-05T00:36:09.394706
45917,,-96,-7,22873,639,69844,44280,8270360,0,100,19,0,0,B0:CB:D8:C9:92:00,0,0,1,1E:01:D0:40:E0:9E,6,0,NONE,2026-08-05T00:36:09.727706
45917,,-53,36,5722,3544,66276,44280,8270726,0,100,19,0,0,B0:CB:D8:C9:92:00,0,0,0,1E:01:D0:40:E0:9E,6,0,NONE,2026-08-05T00:36:10.093706
45917,BEACON,-94,-5,0,3814,69844,44280,8271066,0,100,19,0,0,B0:CB:D8:C9:92:00,0,0,1,1E:01:D0:40:E0:9E,6,0,NONE,2026-08-05T00:36:10.433706
45917,PROBE_RESP,-94,-5,0,1,69844,44280,8271269,0,100,19,0,0,B0:CB:D8:C9:92:00,1,0,0,1E:01:D0:40:E0:9E,6,0,NONE,2026-08-05T00:36:10.636706
45917,,-90,-1,465,592,69844,44280,8271698,0,100,19,0,0,B0:CB:D8:C9:92:00,0,0,1,1E:01:D0:40:E0:9E,6,0,NONE,2026-08-05T00:36:11.065706
45917,BEACON,-91,-2,0,2264,69844,44280,8272040,0,100,19,0,0,B0:CB:D8:C9:92:00,0,0,0,1E:01:D0:40:E0:9E,6,0,NONE,2026-08-05T00:36:11.407706
45917,,-56,33,1721,3572,69844,44280,8272357,0,100,19,0,0,B0:CB:D8:C9:92:00,0,0,0,1E:01:D0:40:E0:9E,6,0,NONE,2026-08-05T00:36:11.724706
45917,,-90,-1,7772,400,69844,44280,8272525,0,100,19,0,0,B0:CB:D8:C9:92:00,0,0,1,1E:01:D0:40:E0:9E,6,0,NONE,2026-08-05T00:36:11.892706
45917,BEACON,-90,-1,0,3831,69844,44280,8272818,0,100,19,0,0,B0:CB:D8:C9:92:00,0,0,1,1E:01:D0:40:E0:9E,6,0,NONE,2026-08-05T00:36:12.185706
45917,BEACON,-82,7,5676,3441,69844,44280,8273131,0,100,19,0,0,B0:CB:D8:C9:92:00,0,0,1,1E:01:D0:40:E0:9E,6,0,NONE,2026-08-05T00:36:12.498706
45917,,-91,-2,5839,148,69844,44280,8273644,0,100,19,0,0,B0:CB:D8:C9:92:00,0,0,1,1E:01:D0:40:E0:9E,6,0,NONE,2026-08-05T00:36:13.011706
45917,BEACON,-92,-3,24095,3842,69844,44280,8273938,0,100,19,0,0,B0:CB:D8:C9:92:00,0,0,1,1E:01:D0:40:E0:9E,6,0,NONE,2026-08-05T00:36:13.305706
45917,PROBE_RESP,-78,11,4176,2,69844,44280,8274187,0,100,19,0,0,B0:CB:D8:C9:92:00,0,0,1,1E:01:D0:40:E0:9E,6,0,NONE,2026-08-05T00:36:13.554706
45917,BEACON,-55,34,879,3611,69844,44280,8274359,0,100,19,0,0,B0:CB:D8:C9:92:00,0,0,1,1E:01:D0:40:E0:9E,6,0,NONE,2026-08-05T00:36:13.726706
45917,PROBE_RESP,-82,7,2215,0,69844,44280,8274821,0,100,19,0,0,B0:CB:D8:C9:92:00,0,0,1,1E:01:D0:40:E0:9E,6,0,NONE,2026-08-05T00:36:14.188706
45917,,-91,-2,2388,1938,69844,44280,8274969,0,100,19,0,0,B0:CB:D8:C9:92:00,0,0,1,1E:01:D0:40:E0:9E,6,0,NONE,2026-08-05T00:36:14.336706
45917,MGMT_OTHER,-95,-6,5766,1376,69844,44280,8275322,0,100,19,0,0,B0:CB:D8:C9:92:00,0,0,1,1E:01:D0:40:E0:9E,6,0,NONE,2026-08-05T00:36:14.689706
45917,MGMT_OTHER,-68,21,16600,3393,69844,44280,8275725,0,100,19,0,0,B0:CB:D8:C9:92:00,0,0,1,1E:01:D0:40:E0:9E,6,0,NONE,2026-08-05T00:36:15.092706
45917,BEACON,-90,-1,1548,1854,69844,44280,8276023,0,100,19,0,0,B0:CB:D8:C9:92:00,0,0,1,1E:01:D0:40:E0:9E,6,0,NONE,2026-08-05T00:36:15.390706
45917,MGMT_OTHER,-88,1,5700,762,69844,44280,8276306,0,100,19,0,0,B0:CB:D8:C9:92:00,0,0,1,1E:01:D0:40:E0:9E,6,0,NONE,2026-08-05T00:36:15.673706
45917,BEACON,-95,-6,60,1859,69844,44280,8276535,0,100,19,0,0,B0:CB:D8:C9:92:00,0,0,1,1E:01:D0:40:E0:9E,6,0,NONE,2026-08-05T00:36:15.902706
45917,,-94,-5,14522,3449,69844,44280,8276883,0,100,19,0,0,B0:CB:D8:C9:92:00,0,0,0,1E:01:D0:40:E0:9E,6,0,NONE,2026-08-05T00:36:16.250706
45917,,-52,37,1722,3673,69844,44280,8277218,0,100,19,0,0,B0:CB:D8:C9:92:00,0,0,0,1E:01:D0:40:E0:9E,6,0,NONE,2026-08-05T00:36:16.585706
45917,,-93,-4,4726,3208,69844,44280,8277565,0,100,19,0,0,B0:CB:D8:C9:92:00,0,0,1,1E:01:D0:40:E0:9E,6,0,NONE,2026-08-05T00:36:16.932706
45917,MGMT_OTHER,-67,22,1391,3414,69844,44280,8277881,0,100,19,0,0,B0:CB:D8:C9:92:00,1,0,1,1E:01:D0:40:E0:9E,6,0,NONE,2026-08-05T00:36:17.248706
45917,BEACON,-81,8,8083,3491,69844,44280,8278253,0,100,19,0,0,B0:CB:D8:C9:92:00,1,0,1,1E:01:D0:40:E0:9E,6,0,NONE,2026-08-05T00:36:17.620706
45917,,-94,-5,11920,972,69844,44280,8278605,0,100,19,0,0,B0:CB:D8:C9:92:00,0,0,1,1E:01:D0:40:E0:9E,6,0,NONE,2026-08-05T00:36:17.972706
45917,,-95,-6,14400,1589,69844,44280,8279085,0,100,19,0,0,B0:CB:D8:C9:92:00,0,0,1,1E:01:D0:40:E0:9E,6,0,NONE,2026-08-05T00:36:18.452706
45917,,-51,38,0,3728,69844,44280,8279685,0,100,19,0,0,B0:CB:D8:C9:92:00,0,0,0,1E:01:D0:40:E0:9E,6,0,NONE,2026-08-05T00:36:19.052706
45917,,-53,36,197,2911,69828,44280,8280082,0,100,19,0,0,B0:CB:D8:C9:92:00,0,0,0,1E:01:D0:40:E0:9E,6,0,NONE,2026-08-05T00:36:19.449706
45917,,-53,36,1534,3747,69844,44280,8280445,0,100,19,0,0,B0:CB:D8:C9:92:00,0,0,1,1E:01:D0:40:E0:9E,6,0,NONE,2026-08-05T00:36:19.812706
45917,BEACON,-87,2,22220,2351,69844,44280,8280950,0,100,19,0,0,B0:CB:D8:C9:92:00,0,0,1,1E:01:D0:40:E0:9E,6,0,NONE,2026-08-05T00:36:20.317706
45917,,-90,-1,670,3053,69844,44280,8281250,0,100,19,0,0,B0:CB:D8:C9:92:00,0,0,1,1E:01:D0:40:E0:9E,6,0,NONE,2026-08-05T00:36:20.617706
45917,BEACON,-90,-1,26097,2359,69844,44280,8281769,0,100,19,0,0,B0:CB:D8:C9:92:00,0,0,1,1E:01:D0:40:E0:9E,6,0,NONE,2026-08-05T00:36:21.136706
45917,,-93,-4,25459,2573,69844,44280,8282125,0,100,19,0,0,B0:CB:D8:C9:92:00,1,0,1,1E:01:D0:40:E0:9E,6,0,NONE,2026-08-05T00:36:21.492706
45917,,-96,-7,1403,2203,69844,44280,8282335,0,100,19,0,0,B0:CB:D8:C9:92:00,1,0,1,1E:01:D0:40:E0:9E,6,0,NONE,2026-08-05T00:36:21.702706
45917,,-55,34,1691,3790,69844,44280,8282798,0,100,19,0,0,B0:CB:D8:C9:92:00,0,0,0,1E:01:D0:40:E0:9E,6,0,NONE,2026-08-05T00:36:22.165706
45917,BEACON,-94,-5,0,3931,69844,44280,8283048,0,100,19,0,0,B0:CB:D8:C9:92:00,0,0,1,1E:01:D0:40:E0:9E,6,0,NONE,2026-08-05T00:36:22.415706
45917,,-54,35,103,3802,69844,44280,8283455,0,100,19,0,0,B0:CB:D8:C9:92:00,0,0,0,1E:01:D0:40:E0:9E,6,0,NONE,2026-08-05T00:36:22.822706
45917,,-92,-3,7610,1702,69844,44280,8283797,0,100,19,0,0,B0:CB:D8:C9:92:00,0,0,1,1E:01:D0:40:E0:9E,6,0,NONE,2026-08-05T00:36:23.164706
45917,BEACON,-70,19,11863,1782,69844,44280,8284240,0,100,19,0,0,B0:CB:D8:C9:92:00,0,0,1,1E:01:D0:40:E0:9E,6,0,NONE,2026-08-05T00:36:23.607706
45917,PROBE_RESP,-90,-1,47860,0,69844,44280,8284561,0,100,19,0,0,B0:CB:D8:C9:92:00,0,0,0,1E:01:D0:40:E0:9E,6,0,NONE,2026-08-05T00:36:23.928706
45917,,-54,35,170,3828,69844,44280,8284799,0,100,19,0,0,B0:CB:D8:C9:92:00,0,0,1,1E:01:D0:40:E0:9E,6,0,NONE,2026-08-05T00:36:24.166706
45917,BEACON,-93,-4,48,3952,69844,44280,8285199,0,100,19,0,0,B0:CB:D8:C9:92:00,0,0,1,1E:01:D0:40:E0:9E,6,0,NONE,2026-08-05T00:36:24.566706
45917,,-90,-1,395,3860,69844,44280,8285727,0,100,19,0,0,B0:CB:D8:C9:92:00,0,0,1,1E:01:D0:40:E0:9E,6,0,NONE,2026-08-05T00:36:25.094706
45917,,-89,0,1436,1887,69844,44280,8286030,0,100,19,0,0,B0:CB:D8:C9:92:00,0,0,1,1E:01:D0:40:E0:9E,6,0,NONE,2026-08-05T00:36:25.397706
45917,BEACON,-82,7,4958,3570,69844,44280,8286341,0,100,19,0,0,B0:CB:D8:C9:92:00,0,0,1,1E:01:D0:40:E0:9E,6,0,NONE,2026-08-05T00:36:25.708706
45917,BEACON,-79,10,0,3538,69828,44280,8286872,0,100,19,0,0,B0:CB:D8:C9:92:00,0,0,0,1E:01:D0:40:E0:9E,6,0,NONE,2026-08-05T00:36:26.239706
45917,,-55,34,11516,3873,69844,44280,8287128,0,100,19,0,0,B0:CB:D8:C9:92:00,0,0,0,1E:01:D0:40:E0:9E,6,0,NONE,2026-08-05T00:36:26.495706
45917,BEACON,-79,10,0,3544,69844,44280,8287489,0,100,19,0,0,B0:CB:D8:C9:92:00,0,0,0,1E:01:D0:40:E0:9E,6,0,NONE,2026-08-05T00:36:26.856706
45917,BEACON,-94,-5,15641,3978,69844,44280,8287861,0,100,19,0,0,B0:CB:D8:C9:92:00,0,0,1,1E:01:D0:40:E0:9E,6,0,NONE,2026-08-05T00:36:27.228706
45917,BEACON,-56,33,11396,3895,69844,44280,8288286,0,100,19,0,0,B0:CB:D8:C9:92:00,0,0,1,1E:01:D0:40:E0:9E,6,0,NONE,2026-08-05T00:36:27.653706
45917,BEACON,-93,-4,0,2478,69844,44280,8288602,0,100,19,0,0,B0:CB:D8:C9:92:00,1,0,1,1E:01:D0:40:E0:9E,6,0,NONE,2026-08-05T00:36:27.969706
45917,BEACON,-54,35,1335,3909,69844,44280,8289003,0,100,19,0,0,B0:CB:D8:C9:92:00,0,0,1,1E:01:D0:40:E0:9E,6,0,NONE,2026-08-05T00:36:28.370706
45917,BEACON,-70,19,7407,1855,69844,44280,8289360,0,100,19,0,0,B0:CB:D8:C9:92:00,0,0,1,1E:01:D0:40:E0:9E,6,0,NONE,2026-08-05T00:36:28.727706
45917,,-92,-3,8874,3019,69844,44280,8289633,0,100,19,0,0,B0:CB:D8:C9:92:00,0,0,1,1E:01:D0:40:E0:9E,6,0,NONE,2026-08-05T00:36:29.000706
45917,,-89,0,5942,3662,67264,44280,8289721,0,100,19,0,0,B0:CB:D8:C9:92:00,1,0,1,1E:01:D0:40:E0:9E,6,0,NONE,2026-08-05T00:36:29.088706
45917,MGMT_OTHER,-72,17,8786,3535,69844,44280,8290153,0,100,19,0,0,B0:CB:D8:C9:92:00,0,0,1,1E:01:D0:40:E0:9E,6,0,NONE,2026-08-05T00:36:29.520706
45917,BEACON,-92,-3,33805,2482,69844,44280,8290575,0,100,19,0,0,B0:CB:D8:C9:92:00,0,0,0,1E:01:D0:40:E0:9E,6,0,NONE,2026-08-05T00:36:29.942706
45917,,-90,-1,11150,3562,69828,44280,8290840,0,100,19,0,0,B0:CB:D8:C9:92:00,0,0,1,1E:01:D0:40:E0:9E,6,0,NONE,2026-08-05T00:36:30.207706
45917,BEACON,-55,34,53026,3950,69844,44280,8291154,0,100,19,0,0,B0:CB:D8:C9:92:00,0,0,1,1E:01:D0:40:E0:9E,6,0,NONE,2026-08-05T00:36:30.521706
45917,,-88,1,1705,1782,69844,44280,8291463,0,100,19,0,0,B0:CB:D8:C9:92:00,1,0,1,1E:01:D0:40:E0:9E,6,0,NONE,2026-08-05T00:36:30.830706
45917,,-54,35,135,3968,69844,44280,8291837,0,100,19,0,0,B0:CB:D8:C9:92:00,1,0,0,1E:01:D0:40:E0:9E,6,0,NONE,2026-08-05T00:36:31.204706
45917,,-54,35,9267,3977,69844,44280,8292246,0,100,19,0,0,B0:CB:D8:C9:92:00,0,0,0,1E:01:D0:40:E0:9E,6,0,NONE,2026-08-05T00:36:31.613706
45917,PROBE_RESP,-86,3,0,0,69844,44280,8292442,0,100,19,0,0,B0:CB:D8:C9:92:00,0,0,0,1E:01:D0:40:E0:9E,6,0,NONE,2026-08-05T00:36:31.809706
45917,,-54,35,10906,3988,69844,44280,8292866,0,100,19,0,0,B0:CB:D8:C9:92:00,0,0,0,1E:01:D0:40:E0:9E,6,0,NONE,2026-08-05T00:36:32.233706
45917,BEACON,-94,-5,0,4029,69844,44280,8293085,0,100,19,0,0,B0:CB:D8:C9:92:00,0,0,0,1E:01:D0:40:E0:9E,6,0,NONE,2026-08-05T00:36:32.452706
45917,BEACON,-93,-4,24157,4033,69844,44280,8293495,0,100,19,0,0,B0:CB:D8:C9:92:00,0,0,1,1E:01:D0:40:E0:9E,6,0,NONE,2026-08-05T00:36:32.862706
45917,,-83,6,4177,1377,69844,44280,8293727,0,100,19,0,0,B0:CB:D8:C9:92:00,0,0,1,1E:01:D0:40:E0:9E,6,0,NONE,2026-08-05T00:36:33.094706
45917,BEACON,-81,8,3301,3647,69844,44280,8294223,0,100,19,0,0,B0:CB:D8:C9:92:00,0,0,1,1E:01:D0:40:E0:9E,6,0,NONE,2026-08-05T00:36:33.590706
45917,,-53,36,164,2960,69844,44280,8294572,0,100,19,0,0,B0:CB:D8:C9:92:00,0,0,1,1E:01:D0:40:E0:9E,6,0,NONE,2026-08-05T00:36:33.939706
45917,BEACON,-92,-3,14559,2525,69844,44280,8294978,0,100,19,0,0,B0:CB:D8:C9:92:00,0,0,1,1E:01:D0:40:E0:9E,6,0,NONE,2026-08-05T00:36:34.345706
45917,MGMT_OTHER,-72,17,3911,3586,69844,44280,8295356,0,100,19,0,0,B0:CB:D8:C9:92:00,0,0,1,1E:01:D0:40:E0:9E,6,0,NONE,2026-08-05T00:36:34.723706
45917,MGMT_OTHER,-71,18,15415,3590,69844,44280,8295723,0,100,19,0,0,B0:CB:D8:C9:92:00,0,0,1,1E:01:D0:40:E0:9E,6,0,NONE,2026-08-05T00:36:35.090706
45917,PROBE_RESP,-77,12,0,0,69844,44280,8296049,0,100,19,0,0,B0:CB:D8:C9:92:00,0,0,0,1E:01:D0:40:E0:9E,6,0,NONE,2026-08-05T00:36:35.416706
45917,BEACON,-92,-3,37505,4061,69844,44280,8296364,0,100,19,0,0,B0:CB:D8:C9:92:00,0,0,1,1E:01:D0:40:E0:9E,6,0,NONE,2026-08-05T00:36:35.731706
45917,BEACON,-93,-4,9267,2558,69844,44280,8296796,0,100,19,0,0,B0:CB:D8:C9:92:00,0,0,1,1E:01:D0:40:E0:9E,6,0,NONE,2026-08-05T00:36:36.163706
45917,MGMT_OTHER,-72,17,4978,3605,69844,44280,8297277,0,100,19,0,0,B0:CB:D8:C9:92:00,0,0,1,1E:01:D0:40:E0:9E,6,0,NONE,2026-08-05T00:36:36.644706
45917,,-54,35,0,4083,68112,44280,8297762,0,100,19,0,0,B0:CB:D8:C9:92:00,0,0,1,1E:01:D0:40:E0:9E,6,0,NONE,2026-08-05T00:36:37.129706
45917,BEACON,-82,7,24097,3684,69844,44280,8298022,0,100,19,0,0,B0:CB:D8:C9:92:00,0,0,1,1E:01:D0:40:E0:9E,6,0,NONE,2026-08-05T00:36:37.389706
45917,BEACON,-79,10,0,1979,69844,44280,8298374,0,100,19,0,0,B0:CB:D8:C9:92:00,0,0,1,1E:01:D0:40:E0:9E,6,0,NONE,2026-08-05T00:36:37.741706
45917,PROBE_RESP,-91,-2,4156,1,69844,44280,8298631,0,100,19,0,0,B0:CB:D8:C9:92:00,1,0,0,1E:01:D0:40:E0:9E,6,0,NONE,2026-08-05T00:36:37.998706
45917,BEACON,-81,8,22787,3692,69844,44280,8298832,0,100,19,0,0,B0:CB:D8:C9:92:00,0,0,1,1E:01:D0:40:E0:9E,6,0,NONE,2026-08-05T00:36:38.199706
45917,,-92,-3,1592,612,69844,44280,8299138,0,100,19,0,0,B0:CB:D8:C9:92:00,0,0,1,1E:01:D0:40:E0:9E,6,0,NONE,2026-08-05T00:36:38.505706
45917,BEACON,-94,-5,3980,2583,69844,44280,8299354,0,100,19,0,0,B0:CB:D8:C9:92:00,0,0,1,1E:01:D0:40:E0:9E,6,0,NONE,2026-08-05T00:36:38.721706
45917,MGMT_OTHER,-95,-6,24453,14,69844,44280,8299690,0,100,19,0,0,B0:CB:D8:C9:92:00,0,0,1,1E:01:D0:40:E0:9E,6,0,NONE,2026-08-05T00:36:39.057706
45917,PROBE_RESP,-96,-7,8741,0,69844,44280,8299968,0,100,19,0,0,B0:CB:D8:C9:92:00,0,0,0,1E:01:D0:40:E0:9E,6,0,NONE,2026-08-05T00:36:39.335706
45917,BEACON,-61,28,0,51,69844,44280,8300170,0,100,19,0,0,B0:CB:D8:C9:92:00,0,0,1,1E:01:D0:40:E0:9E,6,0,NONE,2026-08-05T00:36:39.537706
45917,,-96,-7,12879,1702,69844,44280,8300516,0,100,19,0,0,B0:CB:D8:C9:92:00,0,0,1,1E:01:D0:40:E0:9E,6,0,NONE,2026-08-05T00:36:39.883706
45917,BEACON,-91,-2,7291,8,69844,44280,8300789,0,100,19,0,0,B0:CB:D8:C9:92:00,1,0,1,1E:01:D0:40:E0:9E,6,0,NONE,2026-08-05T00:36:40.156706
45917,MGMT_OTHER,-94,-5,4510,1893,69844,44280,8301184,0,100,19,0,0,B0:CB:D8:C9:92:00,0,0,1,1E:01:D0:40:E0:9E,6,0,NONE,2026-08-05T00:36:40.551706
45917,BEACON,-74,15,3857,2028,69844,44280,8301546,0,100,19,0,0,B0:CB:D8:C9:92:00,0,0,1,1E:01:D0:40:E0:9E,6,0,NONE,2026-08-05T00:36:40.913706
45917,PROBE_RESP,-62,27,0,2988,69844,44280,8302026,0,100,19,0,0,B0:CB:D8:C9:92:00,0,0,1,1E:01:D0:40:E0:9E,6,0,NONE,2026-08-05T00:36:41.393706
45917,PROBE_RESP,-94,-5,0,1601,69844,44280,8302219,0,100,19,0,0,B0:CB:D8:C9:92:00,0,0,1,1E:01:D0:40:E0:9E,6,0,NONE,2026-08-05T00:36:41.586706
45917,,-86,3,3155,3180,69844,44280,8302524,0,100,19,0,0,B0:CB:D8:C9:92:00,0,0,1,1E:01:D0:40:E0:9E,6,0,NONE,2026-08-05T00:36:41.891706
45917,BEACON,-92,-3,35151,2601,69844,44280,8302761,0,100,19,0,0,B0:CB:D8:C9:92:00,0,0,0,1E:01:D0:40:E0:9E,6,0,NONE,2026-08-05T00:36:42.128706
45917,,-58,31,0,106,69844,44280,8302958,0,100,19,0,0,B0:CB:D8:C9:92:00,0,0,0,1E:01:D0:40:E0:9E,6,0,NONE,2026-08-05T00:36:42.325706
45917,MGMT_OTHER,-71,18,13721,3663,69844,44280,8303152,0,100,19,0,0,B0:CB:D8:C9:92:00,0,0,1,1E:01:D0:40:E0:9E,6,0,NONE,2026-08-05T00:36:42.519706
45917,PROBE_RESP,-79,10,6953,0,69844,44280,8303400,0,100,19,0,0,B0:CB:D8:C9:92:00,0,0,0,1E:01:D0:40:E0:9E,6,0,NONE,2026-08-05T00:36:42.767706
45917,PROBE_RESP,-93,-4,0,2432,69844,44280,8303692,0,100,19,0,0,B0:CB:D8:C9:92:00,0,0,1,1E:01:D0:40:E0:9E,6,0,NONE,2026-08-05T00:36:43.059706
45917,BEACON,-53,36,15607,129,69844,44280,8304056,0,100,19,0,0,B0:CB:D8:C9:92:00,0,0,1,1E:01:D0:40:E0:9E,6,1,DEAUTH,2026-08-05T00:36:43.423706
45917,,-54,35,7717,137,69844,44280,8304517,0,100,19,0,0,B0:CB:D8:C9:92:00,0,0,1,1E:01:D0:40:E0:9E,6,1,DEAUTH,2026-08-05T00:36:43.884706
45917,PROBE_RESP,-78,11,0,0,69844,44280,8304828,0,100,19,0,0,B0:CB:D8:C9:92:00,0,0,0,1E:01:D0:40:E0:9E,6,1,DEAUTH,2026-08-05T00:36:44.195706
45917,,15,15,0,1023,69844,44280,8304978,0,100,19,0,0,B0:CB:D8:C9:92:00,0,0,0,1E:01:D0:40:E0:9E,6,1,DEAUTH,2026-08-05T00:36:44.345706
45917,BEACON,-93,-4,0,52,69844,44280,8305270,0,100,19,0,0,B0:CB:D8:C9:92:00,0,0,1,1E:01:D0:40:E0:9E,6,1,DEAUTH,2026-08-05T00:36:44.637706
45917,BEACON,-90,-1,0,2592,69844,44280,8305629,0,100,19,0,0,B0:CB:D8:C9:92:00,1,0,0,1E:01:D0:40:E0:9E,6,1,DEAUTH,2026-08-05T00:36:44.996706
45917,,-54,35,10215,174,69844,44280,8305945,0,100,19,0,0,B0:CB:D8:C9:92:00,0,0,0,1E:01:D0:40:E0:9E,6,1,DEAUTH,2026-08-05T00:36:45.312706
45917,,-54,35,12318,3006,69844,44280,8306240,0,100,19,0,0,B0:CB:D8:C9:92:00,1,0,1,1E:01:D0:40:E0:9E,6,1,DEAUTH,2026-08-05T00:36:45.607706
45917,MGMT_OTHER,-68,21,23006,3697,69844,44280,8306646,0,100,19,0,0,B0:CB:D8:C9:92:00,0,0,1,1E:01:D0:40:E0:9E,6,1,DEAUTH,2026-08-05T00:36:46.013706
45917,,-50,39,792,187,69844,44280,8306947,0,100,19,0,0,B0:CB:D8:C9:92:00,0,0,1,1E:01:D0:40:E0:9E,6,1,DEAUTH,2026-08-05T00:36:46.314706
45917,MGMT_OTHER,-68,21,2992,3702,69844,44280,8307207,0,100,19,0,0,B0:CB:D8:C9:92:00,0,0,1,1E:01:D0:40:E0:9E,6,1,DEAUTH,2026-08-05T00:36:46.574706
45917,,-52,37,2856,193,69844,44280,8307446,0,100,19,0,0,B0:CB:D8:C9:92:00,0,0,1,1E:01:D0:40:E0:9E,6,1,DEAUTH,2026-08-05T00:36:46.813706
45917,,-94,-5,6164,2817,69844,44280,8307846,0,100,19,0,0,B0:CB:D8:C9:92:00,0,0,1,1E:01:D0:40:E0:9E,6,1,DEAUTH,2026-08-05T00:36:47.213706
45917,MGMT_OTHER,-69,20,5961,3714,69844,44280,8308343,0,100,19,0,0,B0:CB:D8:C9:92:00,0,0,1,1E:01:D0:40:E0:9E,6,1,DEAUTH,2026-08-05T00:36:47.710706
45917,PROBE_RESP,-78,11,0,1,69844,44280,8308760,0,100,19,0,0,B0:CB:D8:C9:92:00,0,0,0,1E:01:D0:40:E0:9E,6,1,DEAUTH,2026-08-05T00:36:48.127706
45917,,-80,9,0,57,69844,44280,8308991,0,100,19,0,0,B0:CB:D8:C9:92:00,0,0,1,1E:01:D0:40:E0:9E,6,1,DEAUTH,2026-08-05T00:36:48.358706
45917,,-92,-3,6694,1739,69844,44280,8309222,0,100,19,0,0,B0:CB:D8:C9:92:00,0,0,1,1E:01:D0:40:E0:9E,6,1,DEAUTH,2026-08-05T00:36:48.589706
45917,BEACON,-78,11,0,3760,69844,44280,8309591,0,100,19,0,0,B0:CB:D8:C9:92:00,0,0,0,1E:01:D0:40:E0:9E,6,1,DEAUTH,2026-08-05T00:36:48.958706
45917,BEACON,-87,2,329,2634,69844,44280,8309932,0,100,19,0,0,B0:CB:D8:C9:92:00,0,0,1,1E:01:D0:40:E0:9E,6,1,DEAUTH,2026-08-05T00:36:49.299706
45917,MGMT_OTHER,-87,2,8087,1208,69844,44280,8310210,0,100,19,0,0,B0:CB:D8:C9:92:00,1,0,1,1E:01:D0:40:E0:9E,6,1,DEAUTH,2026-08-05T00:36:49.577706
45917,PROBE_RESP,-94,-5,17851,1,69844,44280,8310535,0,100,19,0,0,B0:CB:D8:C9:92:00,0,0,0,1E:01:D0:40:E0:9E,6,1,DEAUTH,2026-08-05T00:36:49.902706
45917,BEACON,-94,-5,61,2695,69844,44280,8310824,0,100,19,0,0,B0:CB:D8:C9:92:00,0,0,1,1E:01:D0:40:E0:9E,6,1,DEAUTH,2026-08-05T00:36:50.191706
45917,,-91,-2,249,2571,69844,44280,8311226,0,100,19,0,0,B0:CB:D8:C9:92:00,1,0,1,1E:01:D0:40:E0:9E,6,1,DEAUTH,2026-08-05T00:36:50.593706
45917,PROBE_RESP,-95,-6,0,0,69844,44280,8311336,0,100,19,0,0,B0:CB:D8:C9:92:00,0,0,0,1E:01:D0:40:E0:9E,6,1,DEAUTH,2026-08-05T00:36:50.703706
45917,,-86,3,38042,531,69844,44280,8311617,0,100,19,0,0,B0:CB:D8:C9:92:00,0,0,1,1E:01:D0:40:E0:9E,6,1,DEAUTH,2026-08-05T00:36:50.984706
45917,BEACON,-93,-4,1198,2206,69844,44280,8312070,0,100,19,0,0,B0:CB:D8:C9:92:00,0,0,1,1E:01:D0:40:E0:9E,6,1,DEAUTH,2026-08-05T00:36:51.437706
45917,,-92,-3,15403,2254,69844,44280,8312471,0,100,19,0,0,B0:CB:D8:C9:92:00,0,0,1,1E:01:D0:40:E0:9E,6,1,DEAUTH,2026-08-05T00:36:51.838706
45917,PROBE_RESP,-86,3,0,0,69844,44280,8312748,0,100,19,0,0,B0:CB:D8:C9:92:00,0,0,1,1E:01:D0:40:E0:9E,6,1,DEAUTH,2026-08-05T00:36:52.115706
45917,,-54,35,103,299,69844,44280,8313039,0,100,19,0,0,B0:CB:D8:C9:92:00,0,0,0,1E:01:D0:40:E0:9E,6,1,DEAUTH,2026-08-05T00:36:52.406706
45917,MGMT_OTHER,-92,-3,7506,1414,69844,44280,8313418,0,100,19,0,0,B0:CB:D8:C9:92:00,0,0,1,1E:01:D0:40:E0:9E,6,1,DEAUTH,2026-08-05T00:36:52.785706
45917,PROBE_RESP,-92,-3,0,2,69844,44280,8313573,0,100,19,0,0,B0:CB:D8:C9:92:00,0,0,0,1E:01:D0:40:E0:9E,6,1,DEAUTH,2026-08-05T00:36:52.940706
45917,BEACON,-58,31,14810,313,69844,44280,8313785,0,100,19,0,0,B0:CB:D8:C9:92:00,0,0,1,1E:01:D0:40:E0:9E,6,1,DEAUTH,2026-08-05T00:36:53.152706
45917,BEACON,-95,-6,44114,139,69844,44280,8314180,0,100,19,0,0,B0:CB:D8:C9:92:00,0,0,1,1E:01:D0:40:E0:9E,6,1,DEAUTH,2026-08-05T00:36:53.547706
45917,BEACON,-93,-4,0,2730,69844,44280,8314408,0,100,19,0,0,B0:CB:D8:C9:92:00,0,0,1,1E:01:D0:40:E0:9E,6,1,DEAUTH,2026-08-05T00:36:53.775706
45917,BEACON,-76,13,8870,2223,69844,44280,8314552,0,100,19,0,0,B0:CB:D8:C9:92:00,0,0,1,1E:01:D0:40:E0:9E,6,1,DEAUTH,2026-08-05T00:36:53.919706
45917,,-54,35,0,327,69844,44280,8314787,0,100,19,0,0,B0:CB:D8:C9:92:00,0,0,1,1E:01:D0:40:E0:9E,6,1,DEAUTH,2026-08-05T00:36:54.154706
45917,,-53,36,4046,3060,69844,44280,8314983,0,100,19,0,0,B0:CB:D8:C9:92:00,0,0,1,1E:01:D0:40:E0:9E,6,1,DEAUTH,2026-08-05T00:36:54.350706
45917,PROBE_RESP,-87,2,0,0,69844,44280,8315316,0,100,19,0,0,B0:CB:D8:C9:92:00,0,0,0,1E:01:D0:40:E0:9E,6,1,DEAUTH,2026-08-05T00:36:54.683706
45917,BEACON,-94,-5,0,153,69844,44280,8315615,0,100,19,0,0,B0:CB:D8:C9:92:00,1,0,1,1E:01:D0:40:E0:9E,6,1,DEAUTH,2026-08-05T00:36:54.982706
45917,BEACON,-59,30,13785,351,69844,44280,8316038,0,100,19,0,0,B0:CB:D8:C9:92:00,0,0,1,1E:01:D0:40:E0:9E,6,1,DEAUTH,2026-08-05T00:36:55.405706
45917,,-52,37,162,3064,69844,44280,8316308,0,100,19,0,0,B0:CB:D8:C9:92:00,0,0,0,1E:01:D0:40:E0:9E,6,1,DEAUTH,2026-08-05T00:36:55.675706
45917,PROBE_RESP,-87,2,0,0,69844,44280,8316615,0,100,19,0,0,B0:CB:D8:C9:92:00,1,0,0,1E:01:D0:40:E0:9E,6,1,DEAUTH,2026-08-05T00:36:55.982706
45917,,-57,32,9684,368,69844,44280,8316875,0,100,19,0,0,B0:CB:D8:C9:92:00,0,0,1,1E:01:D0:40:E0:9E,6,1,DEAUTH,2026-08-05T00:36:56.242706
45917,,-89,0,30490,363,69844,44280,8317240,0,100,19,0,0,B0:CB:D8:C9:92:00,0,0,1,1E:01:D0:40:E0:9E,6,1,DEAUTH,2026-08-05T00:36:56.607706
45917,PROBE_RESP,-79,10,0,1,69844,44280,8317431,0,100,19,0,0,B0:CB:D8:C9:92:00,1,0,0,1E:01:D0:40:E0:9E,6,1,DEAUTH,2026-08-05T00:36:56.798706
45917,,-81,8,3100,111,69844,44280,8317747,0,100,19,0,0,B0:CB:D8:C9:92:00,0,0,1,1E:01:D0:40:E0:9E,6,1,DEAUTH,2026-08-05T00:36:57.114706
45917,,-58,31,845,394,69844,44280,8318081,0,100,19,0,0,B0:CB:D8:C9:92:00,0,0,0,1E:01:D0:40:E0:9E,6,1,DEAUTH,2026-08-05T00:36:57.448706
45917,,-54,35,0,402,69844,44280,8318260,0,100,19,0,0,B0:CB:D8:C9:92:00,1,0,0,1E:01:D0:40:E0:9E,6,1,DEAUTH,2026-08-05T00:36:57.627706
45917,,-92,-3,2846,2410,69844,44280,8318593,0,100,19,0,0,B0:CB:D8:C9:92:00,0,0,1,1E:01:D0:40:E0:9E,6,1,DEAUTH,2026-08-05T00:36:57.960706
45917,MGMT_OTHER,-91,-2,9520,1106,69844,44280,8319014,0,100,19,0,0,B0:CB:D8:C9:92:00,0,0,1,1E:01:D0:40:E0:9E,6,1,DEAUTH,2026-08-05T00:36:58.381706
45917,PROBE_RESP,-95,-6,0,98,69844,44280,8319397,0,100,19,0,0,B0:CB:D8:C9:92:00,0,0,0,1E:01:D0:40:E0:9E,6,1,DEAUTH,2026-08-05T00:36:58.764706
45917,AUTH,-90,-1,3410,200,69844,44280,8319760,0,100,19,0,0,B0:CB:D8:C9:92:00,0,0,1,1E:01:D0:40:E0:9E,6,1,DEAUTH,2026-08-05T00:36:59.127706
45917,,-53,36,162,3077,69844,44280,8319926,0,100,19,0,0,B0:CB:D8:C9:92:00,0,0,0,1E:01:D0:40:E0:9E,6,1,DEAUTH,2026-08-05T00:36:59.293706
45917,,-53,36,166,3078,69844,44280,8320267,0,100,19,0,0,B0:CB:D8:C9:92:00,0,0,0,1E:01:D0:40:E0:9E,6,1,DEAUTH,2026-08-05T00:36:59.634706
45917,BEACON,-91,-2,5346,2774,69844,44280,8320477,0,100,19,0,0,B0:CB:D8:C9:92:00,0,0,1,1E:01:D0:40:E0:9E,6,1,DEAUTH,2026-08-05T00:36:59.844706
45917,,-93,-4,11532,387,69844,44280,8320846,0,100,19,0,0,B0:CB:D8:C9:92:00,0,0,1,1E:01:D0:40:E0:9E,6,1,DEAUTH,2026-08-05T00:37:00.213706
45917,PROBE_RESP,-94,-5,0,0,69844,44280,8321006,0,100,19,0,0,B0:CB:D8:C9:92:00,0,0,1,1E:01:D0:40:E0:9E,6,1,DEAUTH,2026-08-05T00:37:00.373706
45917,,-52,37,5615,467,69844,44280,8321097,0,100,19,0,0,B0:CB:D8:C9:92:00,1,0,1,1E:01:D0:40:E0:9E,6,1,DEAUTH,2026-08-05T00:37:00.464706
45917,PROBE_RESP,-95,-6,0,1,69844,44280,8321240,0,100,19,0,0,B0:CB:D8:C9:92:00,0,0,0,1E:01:D0:40:E0:9E,6,1,DEAUTH,2026-08-05T00:37:00.607706
45917,BEACON,-90,-1,5069,2784,69844,44280,8321501,0,100,19,0,0,B0:CB:D8:C9:92:00,0,0,1,1E:01:D0:40:E0:9E,6,1,DEAUTH,2026-08-05T00:37:00.868706
45917,,-52,37,2939,489,69844,44280,8321788,0,100,19,0,0,B0:CB:D8:C9:92:00,0,0,1,1E:01:D0:40:E0:9E,6,1,DEAUTH,2026-08-05T00:37:01.155635
45917,,-53,36,157,3089,69844,44280,8322035,0,100,19,0,0,B0:CB:D8:C9:92:00,0,0,0,1E:01:D0:40:E0:9E,6,1,DEAUTH,2026-08-05T00:37:01.402635
45917,BEACON,-94,-5,2158,219,69844,44280,8322373,0,100,19,0,0,B0:CB:D8:C9:92:00,0,0,1,1E:01:D0:40:E0:9E,6,1,DEAUTH,2026-08-05T00:37:01.740635
45917,,-53,36,268,2771,69844,44280,8322580,0,100,19,0,0,B0:CB:D8:C9:92:00,0,0,0,1E:01:D0:40:E0:9E,6,1,DEAUTH,2026-08-05T00:37:01.947635
45917,,-54,35,2726,513,69844,44280,8322760,0,100,19,0,0,B0:CB:D8:C9:92:00,0,0,0,1E:01:D0:40:E0:9E,6,1,DEAUTH,2026-08-05T00:37:02.127635
45917,,-82,7,0,115,69844,44280,8322952,0,100,19,0,0,B0:CB:D8:C9:92:00,0,0,1,1E:01:D0:40:E0:9E,6,1,DEAUTH,2026-08-05T00:37:02.319635
45917,,-96,-7,5345,3459,69844,44280,8323110,0,100,19,0,0,B0:CB:D8:C9:92:00,1,0,1,1E:01:D0:40:E0:9E,6,1,DEAUTH,2026-08-05T00:37:02.477635
45917,,-53,36,805,3092,69844,44280,8323257,0,100,19,0,0,B0:CB:D8:C9:92:00,0,0,0,1E:01:D0:40:E0:9E,6,1,DEAUTH,2026-08-05T00:37:02.624635
45917,,-54,35,103,540,69844,44280,8323482,0,100,19,0,0,B0:CB:D8:C9:92:00,0,0,0,1E:01:D0:40:E0:9E,6,1,DEAUTH,2026-08-05T00:37:02.849635
45917,BEACON,-90,-1,21645,2768,69844,44280,8323653,0,100,19,0,0,B0:CB:D8:C9:92:00,0,0,1,1E:01:D0:40:E0:9E,6,1,DEAUTH,2026-08-05T00:37:03.020635
45917,,-57,32,0,551,69844,44280,8323849,0,100,19,0,0,B0:CB:D8:C9:92:00,1,0,0,1E:01:D0:40:E0:9E,6,1,DEAUTH,2026-08-05T00:37:03.216635
45917,BEACON,-80,9,0,3901,69844,44280,8324039,0,100,19,0,0,B0:CB:D8:C9:92:00,1,0,0,1E:01:D0:40:E0:9E,6,1,DEAUTH,2026-08-05T00:37:03.406635
45917,MGMT_OTHER,-87,2,12235,1164,69844,44280,8324242,0,100,19,0,0,B0:CB:D8:C9:92:00,0,0,1,1E:01:D0:40:E0:9E,6,1,DEAUTH,2026-08-05T00:37:03.609635
45917,BEACON,-70,19,0,2372,69844,44280,8324690,0,100,19,0,0,B0:CB:D8:C9:92:00,0,0,1,1E:01:D0:40:E0:9E,6,1,DEAUTH,2026-08-05T00:37:04.057635
45917,,-89,0,2977,2816,69844,44280,8325073,0,100,19,0,0,B0:CB:D8:C9:92:00,1,0,1,1E:01:D0:40:E0:9E,6,1,DEAUTH,2026-08-05T00:37:04.440635
45917,BEACON,-94,-5,5446,2836,69844,44280,8325263,0,100,19,0,0,B0:CB:D8:C9:92:00,0,0,1,1E:01:D0:40:E0:9E,6,1,DEAUTH,2026-08-05T00:37:04.630635
45917,BEACON,-82,7,13599,3951,69844,44280,8325372,0,100,19,0,0,B0:CB:D8:C9:92:00,0,0,1,1E:01:D0:40:E0:9E,6,1,DEAUTH,2026-08-05T00:37:04.739635
45917,,-97,-8,6324,2739,69844,44280,8325571,0,100,19,0,0,B0:CB:D8:C9:92:00,0,0,1,1E:01:D0:40:E0:9E,6,1,DEAUTH,2026-08-05T00:37:04.938635
45917,,-59,30,0,609,69844,44280,8325777,0,100,19,0,0,B0:CB:D8:C9:92:00,0,0,0,1E:01:D0:40:E0:9E,6,1,DEAUTH,2026-08-05T00:37:05.144635
45917,BEACON,-92,-3,0,256,69844,44280,8326211,0,100,19,0,0,B0:CB:D8:C9:92:00,0,0,1,1E:01:D0:40:E0:9E,6,1,DEAUTH,2026-08-05T00:37:05.578635
45917,BEACON,-69,20,0,2398,69844,44280,8326533,0,100,19,0,0,B0:CB:D8:C9:92:00,0,0,1,1E:01:D0:40:E0:9E,6,1,DEAUTH,2026-08-05T00:37:05.900635
45917,,-59,30,0,629,69844,44280,8326771,0,100,19,0,0,B0:CB:D8:C9:92:00,0,0,0,1E:01:D0:40:E0:9E,6,1,DEAUTH,2026-08-05T00:37:06.138635
45917,,-81,8,123,90,69844,44280,8326878,0,100,19,0,0,B0:CB:D8:C9:92:00,0,0,1,1E:01:D0:40:E0:9E,6,1,DEAUTH,2026-08-05T00:37:06.245635
45917,,-54,35,180,3104,69844,44280,8327068,0,100,19,0,0,B0:CB:D8:C9:92:00,0,0,0,1E:01:D0:40:E0:9E,6,1,DEAUTH,2026-08-05T00:37:06.435635
45917,,-52,37,13056,3105,69844,44280,8327252,0,100,19,0,0,B0:CB:D8:C9:92:00,0,0,1,1E:01:D0:40:E0:9E,6,1,DEAUTH,2026-08-05T00:37:06.619635
45917,,-80,9,291,127,69844,44280,8327332,0,100,19,0,0,B0:CB:D8:C9:92:00,0,0,0,1E:01:D0:40:E0:9E,6,1,DEAUTH,2026-08-05T00:37:06.699635
45917,BEACON,-56,33,0,663,69844,44280,8327507,0,100,19,0,0,B0:CB:D8:C9:92:00,0,0,1,1E:01:D0:40:E0:9E,6,1,DEAUTH,2026-08-05T00:37:06.874635
45917,DEAUTH,-94,-5,684,3861,69844,44280,8327806,0,100,19,0,0,B0:CB:D8:C9:92:00,0,0,0,1E:01:D0:40:E0:9E,6,1,DEAUTH,2026-08-05T00:37:07.173635
45917,BEACON,-59,30,449,682,69844,44280,8328121,0,100,19,0,0,B0:CB:D8:C9:92:00,0,0,1,1E:01:D0:40:E0:9E,6,1,DEAUTH,2026-08-05T00:37:07.488635
45917,,-55,34,0,687,69844,44280,8328477,0,100,19,0,0,B0:CB:D8:C9:92:00,0,0,0,1E:01:D0:40:E0:9E,6,1,DEAUTH,2026-08-05T00:37:07.844635
45917,,-53,36,21763,3112,69844,44280,8328692,0,100,19,0,0,B0:CB:D8:C9:92:00,0,0,1,1E:01:D0:40:E0:9E,6,1,DEAUTH,2026-08-05T00:37:08.059635
45917,BEACON,-91,-2,34342,2819,69844,44280,8328875,0,100,19,0,0,B0:CB:D8:C9:92:00,0,0,0,1E:01:D0:40:E0:9E,6,1,DEAUTH,2026-08-05T00:37:08.242635
45917,PROBE_REQ,-91,-2,3248,3011,69844,44280,8329314,0,100,19,0,0,B0:CB:D8:C9:92:00,0,0,1,1E:01:D0:40:E0:9E,6,1,DEAUTH,2026-08-05T00:37:08.681635
45917,,-52,37,144,719,69844,44280,8329516,0,100,19,0,0,B0:CB:D8:C9:92:00,0,0,0,1E:01:D0:40:E0:9E,6,1,DEAUTH,2026-08-05T00:37:08.883635
45917,BEACON,-94,-5,8970,291,69844,44280,8329745,0,100,19,0,0,B0:CB:D8:C9:92:00,0,0,1,1E:01:D0:40:E0:9E,6,1,DEAUTH,2026-08-05T00:37:09.112635
45917,MGMT_OTHER,-96,-7,9464,737,69844,44280,8330061,0,100,19,0,0,B0:CB:D8:C9:92:00,0,0,1,1E:01:D0:40:E0:9E,6,1,DEAUTH,2026-08-05T00:37:09.428635
45917,BEACON,-67,22,0,2449,69844,44280,8330220,0,100,19,0,0,B0:CB:D8:C9:92:00,0,0,1,1E:01:D0:40:E0:9E,6,1,DEAUTH,2026-08-05T00:37:09.587635
45917,BEACON,-92,-3,0,298,69844,44280,8330462,0,100,19,0,0,B0:CB:D8:C9:92:00,0,0,0,1E:01:D0:40:E0:9E,6,1,DEAUTH,2026-08-05T00:37:09.829635
45917,,-52,37,0,749,69844,44280,8330649,0,100,19,0,0,B0:CB:D8:C9:92:00,0,0,0,1E:01:D0:40:E0:9E,6,1,DEAUTH,2026-08-05T00:37:10.016635
45917,,-51,38,5519,3122,69844,44280,8330990,0,100,19,0,0,B0:CB:D8:C9:92:00,0,0,1,1E:01:D0:40:E0:9E,6,1,DEAUTH,2026-08-05T00:37:10.357635
45917,,-88,1,5020,3399,69844,44280,8331203,0,100,19,0,0,B0:CB:D8:C9:92:00,0,0,1,1E:01:D0:40:E0:9E,6,1,DEAUTH,2026-08-05T00:37:10.570635
45917,BEACON,-67,22,10755,2468,69844,44280,8331550,0,100,19,0,0,B0:CB:D8:C9:92:00,0,0,1,1E:01:D0:40:E0:9E,6,1,DEAUTH,2026-08-05T00:37:10.917635
45917,PROBE_RESP,-80,9,1088,3,69844,44280,8331681,0,100,19,0,0,B0:CB:D8:C9:92:00,0,0,0,1E:01:D0:40:E0:9E,6,1,DEAUTH,2026-08-05T00:37:11.048635
45917,BEACON,-94,-5,0,313,69844,44280,8331998,0,100,19,0,0,B0:CB:D8:C9:92:00,0,0,0,1E:01:D0:40:E0:9E,6,1,DEAUTH,2026-08-05T00:37:11.365635
45917,,-53,36,7051,787,69844,44280,8332320,0,100,19,0,0,B0:CB:D8:C9:92:00,1,0,1,1E:01:D0:40:E0:9E,6,1,DEAUTH,2026-08-05T00:37:11.687635
45917,BEACON,-94,-5,270,2893,69844,44280,8332663,0,100,19,0,0,B0:CB:D8:C9:92:00,0,0,1,1E:01:D0:40:E0:9E,6,1,DEAUTH,2026-08-05T00:37:12.030635
45917,BEACON,-89,0,0,2858,69844,44280,8332869,0,100,19,0,0,B0:CB:D8:C9:92:00,0,0,1,1E:01:D0:40:E0:9E,6,1,DEAUTH,2026-08-05T00:37:12.236635
45917,BEACON,-94,-5,5836,2751,69844,44280,8333125,0,100,19,0,0,B0:CB:D8:C9:92:00,0,0,1,1E:01:D0:40:E0:9E,6,1,DEAUTH,2026-08-05T00:37:12.492635
45917,BEACON,-81,8,4387,4031,69844,44280,8333554,0,100,19,0,0,B0:CB:D8:C9:92:00,0,0,1,1E:01:D0:40:E0:9E,6,1,DEAUTH,2026-08-05T00:37:12.921635
45917,MGMT_OTHER,-86,3,12551,2371,69844,44280,8333813,0,100,19,0,0,B0:CB:D8:C9:92:00,1,0,1,1E:01:D0:40:E0:9E,6,1,DEAUTH,2026-08-05T00:37:13.180635
45917,,-92,-3,23484,3470,69844,44280,8334230,0,100,19,0,0,B0:CB:D8:C9:92:00,0,0,1,1E:01:D0:40:E0:9E,6,1,DEAUTH,2026-08-05T00:37:13.597635
45917,BEACON,-96,-7,21818,2927,69844,44280,8334583,0,100,19,0,0,B0:CB:D8:C9:92:00,1,0,1,1E:01:D0:40:E0:9E,6,1,DEAUTH,2026-08-05T00:37:13.950635
45917,BEACON,-95,-6,39518,378,69844,44280,8334966,0,100,19,0,0,B0:CB:D8:C9:92:00,0,0,1,1E:01:D0:40:E0:9E,6,1,DEAUTH,2026-08-05T00:37:14.333635
45917,MGMT_OTHER,-93,-4,9465,3683,69844,44280,8335287,0,100,19,0,0,B0:CB:D8:C9:92:00,0,0,1,1E:01:D0:40:E0:9E,6,1,DEAUTH,2026-08-05T00:37:14.654635
45917,,-91,-2,20460,1843,69844,44280,8335578,0,100,19,0,0,B0:CB:D8:C9:92:00,0,0,1,1E:01:D0:40:E0:9E,6,1,DEAUTH,2026-08-05T00:37:14.945635
45917,BEACON,-56,33,0,870,69844,44280,8335802,0,100,19,0,0,B0:CB:D8:C9:92:00,0,0,1,1E:01:D0:40:E0:9E,6,1,DEAUTH,2026-08-05T00:37:15.169635
45917,BEACON,-88,1,0,2890,69844,44280,8336146,0,100,19,0,0,B0:CB:D8:C9:92:00,0,0,0,1E:01:D0:40:E0:9E,6,1,DEAUTH,2026-08-05T00:37:15.513635
45917,PROBE_RESP,-79,10,0,0,69844,44280,8336448,0,100,19,0,0,B0:CB:D8:C9:92:00,0,0,0,1E:01:D0:40:E0:9E,6,1,DEAUTH,2026-08-05T00:37:15.815635
45917,BEACON,-81,8,5460,4063,69844,44280,8336827,0,100,19,0,0,B0:CB:D8:C9:92:00,0,0,1,1E:01:D0:40:E0:9E,6,1,DEAUTH,2026-08-05T00:37:16.193395
45917,BEACON,-73,16,6050,2550,69844,44280,8337081,0,100,19,0,0,B0:CB:D8:C9:92:00,1,0,1,1E:01:D0:40:E0:9E,6,1,DEAUTH,2026-08-05T00:37:16.447395
45917,BEACON,-90,-1,4459,2901,69844,44280,8337273,0,100,19,0,0,B0:CB:D8:C9:92:00,0,0,1,1E:01:D0:40:E0:9E,6,1,DEAUTH,2026-08-05T00:37:16.639395
45917,BEACON,-93,-4,208,2957,69844,44280,8337655,0,100,19,0,0,B0:CB:D8:C9:92:00,1,0,1,1E:01:D0:40:E0:9E,6,1,DEAUTH,2026-08-05T00:37:17.021395
45917,MGMT_OTHER,-68,21,7397,4003,69844,44280,8337859,0,100,19,0,0,B0:CB:D8:C9:92:00,0,0,1,1E:01:D0:40:E0:9E,6,1,DEAUTH,2026-08-05T00:37:17.225395
45917,,-53,36,1864,916,69844,44280,8338240,0,100,19,0,0,B0:CB:D8:C9:92:00,0,0,0,1E:01:D0:40:E0:9E,6,1,DEAUTH,2026-08-05T00:37:17.606395
45917,,-53,36,6811,932,69844,44280,8338511,0,100,19,0,0,B0:CB:D8:C9:92:00,0,0,1,1E:01:D0:40:E0:9E,6,1,DEAUTH,2026-08-05T00:37:17.877395
45917,AUTH,-93,-4,7489,1732,69844,44280,8338830,0,100,19,0,0,B0:CB:D8:C9:92:00,1,0,1,1E:01:D0:40:E0:9E,6,1,DEAUTH,2026-08-05T00:37:18.196395
45917,PROBE_RESP,-79,10,280,35,69844,44280,8339106,0,100,19,0,0,B0:CB:D8:C9:92:00,0,0,0,1E:01:D0:40:E0:9E,6,1,DEAUTH,2026-08-05T00:37:18.472395
45917,BEACON,-90,-1,21999,2920,69844,44280,8339218,0,100,19,0,0,B0:CB:D8:C9:92:00,0,0,1,1E:01:D0:40:E0:9E,6,1,DEAUTH,2026-08-05T00:37:18.584395
45917,,-57,32,0,962,69844,44280,8339493,0,100,19,0,0,B0:CB:D8:C9:92:00,0,0,0,1E:01:D0:40:E0:9E,6,1,DEAUTH,2026-08-05T00:37:18.859395
45917,PROBE_RESP,-77,12,0,1,69844,44280,8339651,0,100,19,0,0,B0:CB:D8:C9:92:00,0,0,0,1E:01:D0:40:E0:9E,6,1,DEAUTH,2026-08-05T00:37:19.017395
45917,BEACON,-96,-7,787,2979,69844,44280,8339907,0,100,19,0,0,B0:CB:D8:C9:92:00,0,0,1,1E:01:D0:40:E0:9E,6,1,DEAUTH,2026-08-05T00:37:19.273395
45917,BEACON,-92,-3,1358,2968,69844,44280,8340344,0,100,19,0,0,B0:CB:D8:C9:92:00,0,0,1,1E:01:D0:40:E0:9E,6,1,DEAUTH,2026-08-05T00:37:19.710395
45917,BEACON,-56,33,34771,979,69844,44280,8340615,0,100,19,0,0,B0:CB:D8:C9:92:00,0,0,1,1E:01:D0:40:E0:9E,6,1,DEAUTH,2026-08-05T00:37:19.981395
45917,,-84,7,271,131,69844,44280,8340787,0,100,19,0,0,B0:CB:D8:C9:92:00,0,0,1,1E:01:D0:40:E0:9E,6,1,DEAUTH,2026-08-05T00:37:20.153395
45917,,-51,40,103,989,69844,44280,8340882,0,100,19,0,0,B0:CB:D8:C9:92:00,0,0,0,1E:01:D0:40:E0:9E,6,1,DEAUTH,2026-08-05T00:37:20.248395
45917,PROBE_RESP,-86,5,0,1,69844,44280,8341140,0,100,19,0,0,B0:CB:D8:C9:92:00,0,0,1,1E:01:D0:40:E0:9E,6,1,DEAUTH,2026-08-05T00:37:20.506395
45917,BEACON,-64,27,10028,2615,69844,44280,8341484,0,100,19,0,0,B0:CB:D8:C9:92:00,0,0,1,1E:01:D0:40:E0:9E,6,1,DEAUTH,2026-08-05T00:37:20.850395
45917,MGMT_OTHER,-69,22,10357,4042,69844,44280,8341855,0,100,19,0,0,B0:CB:D8:C9:92:00,1,0,1,1E:01:D0:40:E0:9E,6,1,DEAUTH,2026-08-05T00:37:21.221395
45917,,-52,39,1428,3160,69844,44280,8342357,0,100,19,0,0,B0:CB:D8:C9:92:00,0,0,1,1E:01:D0:40:E0:9E,6,1,DEAUTH,2026-08-05T00:37:21.723395
45917,BEACON,-93,-2,0,3005,69844,44280,8342570,0,100,19,0,0,B0:CB:D8:C9:92:00,0,0,1,1E:01:D0:40:E0:9E,6,1,DEAUTH,2026-08-05T00:37:21.936395
45917,,-51,40,0,1022,69844,44280,8342783,0,100,19,0,0,B0:CB:D8:C9:92:00,0,0,0,1E:01:D0:40:E0:9E,6,1,DEAUTH,2026-08-05T00:37:22.149395
45917,,-53,38,0,1031,69844,44280,8343015,0,100,19,0,0,B0:CB:D8:C9:92:00,1,0,0,1E:01:D0:40:E0:9E,6,1,DEAUTH,2026-08-05T00:37:22.381395
45917,,-51,40,103,1036,69844,44280,8343303,0,100,19,0,0,B0:CB:D8:C9:92:00,0,0,0,1E:01:D0:40:E0:9E,6,1,DEAUTH,2026-08-05T00:37:22.669395
45917,BEACON,-79,12,7269,33,69844,44280,8343592,0,100,19,0,0,B0:CB:D8:C9:92:00,0,0,1,1E:01:D0:40:E0:9E,6,1,DEAUTH,2026-08-05T00:37:22.958395
45917,,-52,39,12059,1049,69844,44280,8343911,0,100,19,0,0,B0:CB:D8:C9:92:00,0,0,1,1E:01:D0:40:E0:9E,6,1,DEAUTH,2026-08-05T00:37:23.277395
45917,,15,15,0,1023,69844,44280,8344123,0,100,19,0,0,B0:CB:D8:C9:92:00,0,0,1,1E:01:D0:40:E0:9E,6,1,DEAUTH,2026-08-05T00:37:23.489395
45917,,-52,39,216,3169,69844,44280,8344375,0,100,19,0,0,B0:CB:D8:C9:92:00,0,0,0,1E:01:D0:40:E0:9E,6,1,DEAUTH,2026-08-05T00:37:23.741395
45917,BEACON,-80,11,29010,43,69844,44280,8344623,0,100,19,0,0,B0:CB:D8:C9:92:00,1,0,1,1E:01:D0:40:E0:9E,6,1,DEAUTH,2026-08-05T00:37:23.989395
45917,,-56,35,0,1068,69844,44280,8344734,0,100,19,0,0,B0:CB:D8:C9:92:00,0,0,0,1E:01:D0:40:E0:9E,6,1,DEAUTH,2026-08-05T00:37:24.100395
45917,,-56,35,0,1076,69844,44280,8344951,0,100,19,0,0,B0:CB:D8:C9:92:00,0,0,0,1E:01:D0:40:E0:9E,6,1,DEAUTH,2026-08-05T00:37:24.317395
45917,,-80,11,18055,149,69844,44280,8345114,0,100,19,0,0,B0:CB:D8:C9:92:00,0,0,1,1E:01:D0:40:E0:9E,6,1,DEAUTH,2026-08-05T00:37:24.480395
45917,BEACON,-54,37,0,1082,69844,44280,8345223,0,100,19,0,0,B0:CB:D8:C9:92:00,0,0,1,1E:01:D0:40:E0:9E,6,1,DEAUTH,2026-08-05T00:37:24.589395
45917,BEACON,-89,2,0,2981,69844,44280,8345465,0,100,19,0,0,B0:CB:D8:C9:92:00,0,0,0,1E:01:D0:40:E0:9E,6,1,DEAUTH,2026-08-05T00:37:24.831395
45917,BEACON,-93,-2,3914,3036,69844,44280,8345744,0,100,19,0,0,B0:CB:D8:C9:92:00,1,0,1,1E:01:D0:40:E0:9E,6,1,DEAUTH,2026-08-05T00:37:25.110395
45917,BEACON,-89,2,25489,3024,69844,44280,8346078,0,100,19,0,0,B0:CB:D8:C9:92:00,0,0,1,1E:01:D0:40:E0:9E,6,1,DEAUTH,2026-08-05T00:37:25.444395
45917,DEAUTH,-91,0,26982,1695,69844,44280,8346414,0,100,19,0,0,B0:CB:D8:C9:92:00,0,0,1,1E:01:D0:40:E0:9E,6,1,DEAUTH,2026-08-05T00:37:25.780395
45917,,-53,38,0,1111,69844,44280,8346711,0,100,19,0,0,B0:CB:D8:C9:92:00,1,0,0,1E:01:D0:40:E0:9E,6,1,DEAUTH,2026-08-05T00:37:26.077395
45917,,-55,36,13960,1117,69844,44280,8346881,0,100,19,0,0,B0:CB:D8:C9:92:00,0,0,1,1E:01:D0:40:E0:9E,6,1,DEAUTH,2026-08-05T00:37:26.247395
45917,BEACON,-72,19,8601,2695,69844,44280,8347116,0,100,19,0,0,B0:CB:D8:C9:92:00,0,0,1,1E:01:D0:40:E0:9E,6,1,DEAUTH,2026-08-05T00:37:26.482395
45917,BEACON,-56,35,10057,1129,69844,44280,8347476,0,100,19,0,0,B0:CB:D8:C9:92:00,0,0,1,1E:01:D0:40:E0:9E,6,1,DEAUTH,2026-08-05T00:37:26.842395
45917,,-54,37,0,1135,69844,44280,8347649,0,100,19,0,0,B0:CB:D8:C9:92:00,1,0,0,1E:01:D0:40:E0:9E,6,1,DEAUTH,2026-08-05T00:37:27.015395
45917,PROBE_REQ,-92,-1,3147,433,69844,44280,8348015,0,100,19,0,0,B0:CB:D8:C9:92:00,0,0,1,1E:01:D0:40:E0:9E,6,1,DEAUTH,2026-08-05T00:37:27.381395
45917,,-53,38,0,1145,69844,44280,8348326,0,100,19,0,0,B0:CB:D8:C9:92:00,0,0,0,1E:01:D0:40:E0:9E,6,1,DEAUTH,2026-08-05T00:37:27.692395
45917,,-57,34,26043,1151,69844,44280,8348570,0,100,19,0,0,B0:CB:D8:C9:92:00,0,0,0,1E:01:D0:40:E0:9E,6,1,DEAUTH,2026-08-05T00:37:27.936395
45917,,-51,40,8260,1155,69844,44280,8348802,0,100,19,0,0,B0:CB:D8:C9:92:00,1,0,0,1E:01:D0:40:E0:9E,6,1,DEAUTH,2026-08-05T00:37:28.168395
45917,,-51,40,135,1166,69844,44280,8349040,0,100,19,0,0,B0:CB:D8:C9:92:00,1,0,0,1E:01:D0:40:E0:9E,6,1,DEAUTH,2026-08-05T00:37:28.406395
45917,MGMT_OTHER,-71,20,0,19,69844,44280,8349280,0,100,19,0,0,B0:CB:D8:C9:92:00,0,0,1,1E:01:D0:40:E0:9E,6,1,DEAUTH,2026-08-05T00:37:28.646395
45917,,14,14,0,1023,69844,44280,8349559,0,100,19,0,0,B0:CB:D8:C9:92:00,1,0,0,1E:01:D0:40:E0:9E,6,1,DEAUTH,2026-08-05T00:37:28.925395
45917,PROBE_RESP,-77,14,0,1,69844,44280,8349738,0,100,19,0,0,B0:CB:D8:C9:92:00,1,0,0,1E:01:D0:40:E0:9E,6,1,DEAUTH,2026-08-05T00:37:29.104395
45917,,-53,38,0,1181,69844,44280,8350033,0,100,19,0,0,B0:CB:D8:C9:92:00,0,0,0,1E:01:D0:40:E0:9E,6,1,DEAUTH,2026-08-05T00:37:29.399395
45917,PROBE_RESP,-93,-2,0,6,69844,44280,8350350,0,100,19,0,0,B0:CB:D8:C9:92:00,0,0,1,1E:01:D0:40:E0:9E,6,1,DEAUTH,2026-08-05T00:37:29.716395
45917,,-53,38,0,1193,69844,44280,8350512,0,100,19,0,0,B0:CB:D8:C9:92:00,0,0,0,1E:01:D0:40:E0:9E,6,1,DEAUTH,2026-08-05T00:37:29.878395
45917,,-53,38,0,1201,69844,44280,8350671,0,100,19,0,0,B0:CB:D8:C9:92:00,1,0,0,1E:01:D0:40:E0:9E,6,1,DEAUTH,2026-08-05T00:37:30.037395
45917,,-95,-4,54898,1618,69844,44280,8350952,0,100,19,0,0,B0:CB:D8:C9:92:00,0,0,1,1E:01:D0:40:E0:9E,6,1,DEAUTH,2026-08-05T00:37:30.318395
45917,BEACON,-54,37,10803,1215,69844,44280,8351367,0,100,19,0,0,B0:CB:D8:C9:92:00,0,0,1,1E:01:D0:40:E0:9E,6,1,DEAUTH,2026-08-05T00:37:30.733395
45917,,-85,6,15555,1783,69844,44280,8351757,0,100,19,0,0,B0:CB:D8:C9:92:00,0,0,1,1E:01:D0:40:E0:9E,6,1,DEAUTH,2026-08-05T00:37:31.123395
45917,,-54,37,722,1228,69844,44280,8351876,0,100,19,0,0,B0:CB:D8:C9:92:00,0,0,1,1E:01:D0:40:E0:9E,6,1,DEAUTH,2026-08-05T00:37:31.242395
45917,,-53,38,0,1235,69844,44280,8352077,0,100,19,0,0,B0:CB:D8:C9:92:00,0,0,0,1E:01:D0:40:E0:9E,6,1,DEAUTH,2026-08-05T00:37:31.443395
45917,BEACON,-79,12,4372,119,69844,44280,8352390,0,100,19,0,0,B0:CB:D8:C9:92:00,1,0,1,1E:01:D0:40:E0:9E,6,1,DEAUTH,2026-08-05T00:37:31.756395
45917,,-90,1,5466,763,69844,44280,8352793,0,100,19,0,0,B0:CB:D8:C9:92:00,0,0,1,1E:01:D0:40:E0:9E,6,1,DEAUTH,2026-08-05T00:37:32.159395
45917,,-54,37,0,1255,69844,44280,8353044,0,100,19,0,0,B0:CB:D8:C9:92:00,0,0,1,1E:01:D0:40:E0:9E,6,1,DEAUTH,2026-08-05T00:37:32.410395
45917,PROBE_RESP,-94,-3,0,1,69844,44280,8353337,0,100,19,0,0,B0:CB:D8:C9:92:00,0,0,0,1E:01:D0:40:E0:9E,6,1,DEAUTH,2026-08-05T00:37:32.703395
45917,MGMT_OTHER,16,16,0,0,69844,44280,8353623,0,100,19,0,0,B0:CB:D8:C9:92:00,1,0,1,1E:01:D0:40:E0:9E,6,1,DEAUTH,2026-08-05T00:37:32.989395
45917,BEACON,-93,-2,555,3116,69844,44280,8353936,0,100,19,0,0,B0:CB:D8:C9:92:00,0,0,1,1E:01:D0:40:E0:9E,6,1,DEAUTH,2026-08-05T00:37:33.302395
45917,,-55,36,1442,1278,69844,44280,8354259,0,100,19,0,0,B0:CB:D8:C9:92:00,0,0,0,1E:01:D0:40:E0:9E,6,1,DEAUTH,2026-08-05T00:37:33.625395
45917,,-73,18,2221,2865,69844,44280,8354634,0,100,19,0,0,B0:CB:D8:C9:92:00,0,0,1,1E:01:D0:40:E0:9E,6,1,DEAUTH,2026-08-05T00:37:34.000395
45917,,-73,18,307,2694,69844,44280,8354830,0,100,19,0,0,B0:CB:D8:C9:92:00,0,0,1,1E:01:D0:40:E0:9E,6,1,DEAUTH,2026-08-05T00:37:34.196395
45917,,-75,16,4206,3929,69844,44280,8354999,0,100,19,0,0,B0:CB:D8:C9:92:00,0,0,1,1E:01:D0:40:E0:9E,6,1,DEAUTH,2026-08-05T00:37:34.365395
45917,MGMT_OTHER,-75,16,13659,3576,69844,44280,8355196,0,100,19,0,0,B0:CB:D8:C9:92:00,0,0,1,1E:01:D0:40:E0:9E,6,1,DEAUTH,2026-08-05T00:37:34.562395
45917,,-72,19,609,2968,69844,44280,8355280,0,100,19,0,0,B0:CB:D8:C9:92:00,0,0,1,1E:01:D0:40:E0:9E,6,1,DEAUTH,2026-08-05T00:37:34.646395
45917,,-72,19,730,280,69844,44280,8355393,0,100,19,0,0,B0:CB:D8:C9:92:00,1,0,1,1E:01:D0:40:E0:9E,6,1,DEAUTH,2026-08-05T00:37:34.759395
45917,BEACON,-82,9,0,113,69844,44280,8355567,0,100,19,0,0,B0:CB:D8:C9:92:00,0,0,0,1E:01:D0:40:E0:9E,6,1,DEAUTH,2026-08-05T00:37:34.933395
45917,PROBE_REQ,-96,-5,3052,3573,69844,44280,8355706,0,100,19,0,0,B0:CB:D8:C9:92:00,0,0,1,1E:01:D0:40:E0:9E,6,1,DEAUTH,2026-08-05T00:37:35.072395
45917,PROBE_RESP,-84,7,7787,2,69844,44280,8355921,0,100,19,0,0,B0:CB:D8:C9:92:00,0,0,1,1E:01:D0:40:E0:9E,6,1,DEAUTH,2026-08-05T00:37:35.287395
45917,AUTH,-92,-1,1102,3360,69844,44280,8356135,0,100,19,0,0,B0:CB:D8:C9:92:00,0,0,1,1E:01:D0:40:E0:9E,6,1,DEAUTH,2026-08-05T00:37:35.501395
45917,BEACON,-56,35,3948,1354,69844,44280,8356385,0,100,19,0,0,B0:CB:D8:C9:92:00,0,0,0,1E:01:D0:40:E0:9E,6,1,DEAUTH,2026-08-05T00:37:35.751395
45917,MGMT_OTHER,-72,19,375,3248,69844,44280,8356571,0,100,19,0,0,B0:CB:D8:C9:92:00,0,0,1,1E:01:D0:40:E0:9E,6,1,DEAUTH,2026-08-05T00:37:35.937395
45917,MGMT_OTHER,-76,15,2464,3233,69844,44280,8356724,0,100,19,0,0,B0:CB:D8:C9:92:00,1,0,1,1E:01:D0:40:E0:9E,6,1,DEAUTH,2026-08-05T00:37:36.090395
45917,BEACON,-90,1,0,2426,69844,44280,8356978,0,100,19,0,0,B0:CB:D8:C9:92:00,0,0,1,1E:01:D0:40:E0:9E,6,1,DEAUTH,2026-08-05T00:37:36.344395
45917,,-77,14,236,1632,69844,44280,8357219,0,100,19,0,0,B0:CB:D8:C9:92:00,0,0,1,1E:01:D0:40:E0:9E,6,1,DEAUTH,2026-08-05T00:37:36.585395
45917,MGMT_OTHER,-76,15,744,1842,69844,44280,8357301,0,100,19,0,0,B0:CB:D8:C9:92:00,0,0,1,1E:01:D0:40:E0:9E,6,1,DEAUTH,2026-08-05T00:37:36.667395
45917,MGMT_OTHER,-77,14,498,2059,69844,44280,8357423,0,100,19,0,0,B0:CB:D8:C9:92:00,0,0,1,1E:01:D0:40:E0:9E,6,1,DEAUTH,2026-08-05T00:37:36.789395
45917,,-71,20,690,1370,69844,44280,8357516,0,100,19,0,0,B0:CB:D8:C9:92:00,0,0,1,1E:01:D0:40:E0:9E,6,1,DEAUTH,2026-08-05T00:37:36.882395
45917,,-78,13,1177,2404,69844,44280,8357667,0,100,19,0,0,B0:CB:D8:C9:92:00,0,0,0,1E:01:D0:40:E0:9E,6,1,DEAUTH,2026-08-05T00:37:37.033395
45917,,-72,19,776,2673,69844,44280,8357867,0,100,19,0,0,B0:CB:D8:C9:92:00,0,0,1,1E:01:D0:40:E0:9E,6,1,DEAUTH,2026-08-05T00:37:37.233395
45917,MGMT_OTHER,10,10,0,0,69844,44280,8358056,0,100,19,0,0,B0:CB:D8:C9:92:00,1,0,1,1E:01:D0:40:E0:9E,6,1,DEAUTH,2026-08-05T00:37:37.422395
45917,MGMT_OTHER,-72,19,412,105,69844,44280,8358277,0,100,19,0,0,B0:CB:D8:C9:92:00,0,0,1,1E:01:D0:40:E0:9E,6,1,DEAUTH,2026-08-05T00:37:37.643395
45917,,-73,18,2336,3461,69844,44280,8358523,0,100,19,0,0,B0:CB:D8:C9:92:00,0,0,1,1E:01:D0:40:E0:9E,6,1,DEAUTH,2026-08-05T00:37:37.889395
45917,,-72,19,0,1393,69844,44280,8358823,0,100,19,0,0,B0:CB:D8:C9:92:00,1,0,1,1E:01:D0:40:E0:9E,6,1,DEAUTH,2026-08-05T00:37:38.189395
45917,BEACON,-83,8,0,147,69844,44280,8359049,0,100,19,0,0,B0:CB:D8:C9:92:00,0,0,0,1E:01:D0:40:E0:9E,6,1,DEAUTH,2026-08-05T00:37:38.415395
45917,MGMT_OTHER,-76,15,179,2396,69844,44280,8359235,0,100,19,0,0,B0:CB:D8:C9:92:00,0,0,1,1E:01:D0:40:E0:9E,6,1,DEAUTH,2026-08-05T00:37:38.601395
45917,,-57,34,177,1422,68112,44280,8359344,0,100,19,0,0,B0:CB:D8:C9:92:00,0,0,1,1E:01:D0:40:E0:9E,6,1,DEAUTH,2026-08-05T00:37:38.710395
45917,,-70,21,1176,2792,69844,44280,8359498,0,100,19,0,0,B0:CB:D8:C9:92:00,0,0,1,1E:01:D0:40:E0:9E,6,1,DEAUTH,2026-08-05T00:37:38.864395
45917,PROBE_RESP,-66,25,0,1504,69844,44280,8359858,0,100,19,0,0,B0:CB:D8:C9:92:00,0,0,1,1E:01:D0:40:E0:9E,6,1,DEAUTH,2026-08-05T00:37:39.224395
45917,BEACON,-91,0,295,2456,69844,44280,8360022,0,100,19,0,0,B0:CB:D8:C9:92:00,0,0,1,1E:01:D0:40:E0:9E,6,1,DEAUTH,2026-08-05T00:37:39.388395
45917,,-51,40,919,3224,69844,44280,8360282,0,100,19,0,0,B0:CB:D8:C9:92:00,0,0,0,1E:01:D0:40:E0:9E,6,1,DEAUTH,2026-08-05T00:37:39.648395
45917,,-73,18,610,2890,69844,44280,8360510,0,100,19,0,0,B0:CB:D8:C9:92:00,0,0,1,1E:01:D0:40:E0:9E,6,1,DEAUTH,2026-08-05T00:37:39.876395
45917,BEACON,-56,35,123,1444,69844,44280,8360788,0,100,19,0,0,B0:CB:D8:C9:92:00,0,0,1,1E:01:D0:40:E0:9E,6,1,DEAUTH,2026-08-05T00:37:40.154395
45917,,-78,13,124,3010,69844,44280,8361081,0,100,19,0,0,B0:CB:D8:C9:92:00,0,0,1,1E:01:D0:40:E0:9E,6,1,DEAUTH,2026-08-05T00:37:40.447395
45917,MGMT_OTHER,-73,18,1878,1257,69844,44280,8361211,0,100,19,0,0,B0:CB:D8:C9:92:00,0,0,1,1E:01:D0:40:E0:9E,6,1,DEAUTH,2026-08-05T00:37:40.577395
45917,MGMT_OTHER,-74,17,878,2764,69844,44280,8361297,0,100,19,0,0,B0:CB:D8:C9:92:00,0,0,1,1E:01:D0:40:E0:9E,6,1,DEAUTH,2026-08-05T00:37:40.663395
45917,MGMT_OTHER,-74,17,1776,1608,69844,44280,8361385,0,100,19,0,0,B0:CB:D8:C9:92:00,0,0,1,1E:01:D0:40:E0:9E,6,1,DEAUTH,2026-08-05T00:37:40.751395
45917,MGMT_OTHER,-74,17,223,1280,69844,44280,8361449,0,100,19,0,0,B0:CB:D8:C9:92:00,0,0,1,1E:01:D0:40:E0:9E,6,1,DEAUTH,2026-08-05T00:37:40.813775
45917,,-52,39,217,3227,69828,44280,8361712,0,100,19,0,0,B0:CB:D8:C9:92:00,0,0,0,1E:01:D0:40:E0:9E,6,1,DEAUTH,2026-08-05T00:37:41.076775
45917,,-53,38,181,3228,69844,44280,8361918,0,100,19,0,0,B0:CB:D8:C9:92:00,0,0,0,1E:01:D0:40:E0:9E,6,1,DEAUTH,2026-08-05T00:37:41.282775
45917,MGMT_OTHER,-73,18,240,1141,69844,44280,8362154,0,100,19,0,0,B0:CB:D8:C9:92:00,0,0,1,1E:01:D0:40:E0:9E,6,1,DEAUTH,2026-08-05T00:37:41.518775
45917,,-53,38,217,3229,69844,44280,8362429,0,100,19,0,0,B0:CB:D8:C9:92:00,0,0,0,1E:01:D0:40:E0:9E,6,1,DEAUTH,2026-08-05T00:37:41.793775
45917,MGMT_OTHER,-73,18,1439,2545,69844,44280,8362613,0,100,19,0,0,B0:CB:D8:C9:92:00,0,0,1,1E:01:D0:40:E0:9E,6,1,DEAUTH,2026-08-05T00:37:41.977775
45917,,-53,38,140,3232,69844,44280,8362859,0,100,19,0,0,B0:CB:D8:C9:92:00,0,0,0,1E:01:D0:40:E0:9E,6,1,DEAUTH,2026-08-05T00:37:42.223775
45917,,-92,-1,24350,360,69844,44280,8363192,0,100,19,0,0,B0:CB:D8:C9:92:00,0,0,1,1E:01:D0:40:E0:9E,6,1,DEAUTH,2026-08-05T00:37:42.556775
45917,,-73,18,9118,2233,69732,44280,8363330,0,100,19,0,0,B0:CB:D8:C9:92:00,0,0,1,1E:01:D0:40:E0:9E,6,1,DEAUTH,2026-08-05T00:37:42.694775
45917,,-72,19,356,2418,69844,44280,8363382,0,100,19,0,0,B0:CB:D8:C9:92:00,0,0,1,1E:01:D0:40:E0:9E,6,1,DEAUTH,2026-08-05T00:37:42.746775
45917,,-73,18,368,331,69844,44280,8363540,0,100,19,0,0,B0:CB:D8:C9:92:00,0,0,1,1E:01:D0:40:E0:9E,6,1,DEAUTH,2026-08-05T00:37:42.904775
45917,,-71,20,575,1551,69844,44280,8363586,0,100,19,0,0,B0:CB:D8:C9:92:00,0,0,1,1E:01:D0:40:E0:9E,6,1,DEAUTH,2026-08-05T00:37:42.950775
45917,MGMT_OTHER,-73,18,8312,1352,69844,44280,8363767,0,100,19,0,0,B0:CB:D8:C9:92:00,1,0,1,1E:01:D0:40:E0:9E,6,1,DEAUTH,2026-08-05T00:37:43.131775
45917,,-73,18,50731,769,69844,44280,8363950,0,100,19,0,0,B0:CB:D8:C9:92:00,0,0,1,1E:01:D0:40:E0:9E,6,1,DEAUTH,2026-08-05T00:37:43.314775
45917,,-91,0,21539,2268,69844,44280,8364212,0,100,19,0,0,B0:CB:D8:C9:92:00,0,0,1,1E:01:D0:40:E0:9E,6,1,DEAUTH,2026-08-05T00:37:43.576775
45917,,-72,19,5953,2417,69844,44280,8364501,0,100,19,0,0,B0:CB:D8:C9:92:00,1,0,1,1E:01:D0:40:E0:9E,6,1,DEAUTH,2026-08-05T00:37:43.865775
45917,,-73,18,1095,4036,69844,44280,8364606,0,100,19,0,0,B0:CB:D8:C9:92:00,0,0,1,1E:01:D0:40:E0:9E,6,1,DEAUTH,2026-08-05T00:37:43.970775
45917,,-73,18,639,2462,69844,44280,8364816,0,100,19,0,0,B0:CB:D8:C9:92:00,0,0,1,1E:01:D0:40:E0:9E,6,1,DEAUTH,2026-08-05T00:37:44.180775
45917,,-73,18,433,1114,69844,44280,8365171,0,100,19,0,0,B0:CB:D8:C9:92:00,0,0,1,1E:01:D0:40:E0:9E,6,1,DEAUTH,2026-08-05T00:37:44.535775
45917,MGMT_OTHER,-74,17,337,1601,69844,44280,8365227,0,100,19,0,0,B0:CB:D8:C9:92:00,0,0,1,1E:01:D0:40:E0:9E,6,1,DEAUTH,2026-08-05T00:37:44.591775
45917,MGMT_OTHER,-74,17,155,667,69844,44280,8365289,0,100,19,0,0,B0:CB:D8:C9:92:00,0,0,1,1E:01:D0:40:E0:9E,6,1,DEAUTH,2026-08-05T00:37:44.653775
45917,,-73,18,182,1884,69844,44280,8365337,0,100,19,0,0,B0:CB:D8:C9:92:00,1,0,1,1E:01:D0:40:E0:9E,6,1,DEAUTH,2026-08-05T00:37:44.701775
45917,,-73,18,1327,3553,69844,44280,8365480,0,100,19,0,0,B0:CB:D8:C9:92:00,0,0,0,1E:01:D0:40:E0:9E,6,1,DEAUTH,2026-08-05T00:37:44.844775
45917,MGMT_OTHER,-73,18,994,96,69844,44280,8365529,0,100,19,0,0,B0:CB:D8:C9:92:00,0,0,1,1E:01:D0:40:E0:9E,6,1,DEAUTH,2026-08-05T00:37:44.893775
45917,BEACON,-61,30,88,1534,69844,44280,8365704,0,100,19,0,0,B0:CB:D8:C9:92:00,0,0,1,1E:01:D0:40:E0:9E,6,1,DEAUTH,2026-08-05T00:37:45.068775
45917,,-73,18,2620,3554,69844,44280,8365978,0,100,19,0,0,B0:CB:D8:C9:92:00,0,0,1,1E:01:D0:40:E0:9E,6,1,DEAUTH,2026-08-05T00:37:45.342775
45917,,-71,20,822,2696,69844,44280,8366239,0,100,19,0,0,B0:CB:D8:C9:92:00,0,0,1,1E:01:D0:40:E0:9E,6,1,DEAUTH,2026-08-05T00:37:45.603775
45917,,-73,18,501,2076,69844,44280,8366414,0,100,19,0,0,B0:CB:D8:C9:92:00,0,0,1,1E:01:D0:40:E0:9E,6,1,DEAUTH,2026-08-05T00:37:45.778775
45917,MGMT_OTHER,-73,18,438,1076,69844,44280,8366613,0,100,19,0,0,B0:CB:D8:C9:92:00,0,0,1,1E:01:D0:40:E0:9E,6,1,DEAUTH,2026-08-05T00:37:45.977775
45917,MGMT_OTHER,-72,19,12744,908,69844,44280,8366969,0,100,19,0,0,B0:CB:D8:C9:92:00,0,0,1,1E:01:D0:40:E0:9E,6,1,DEAUTH,2026-08-05T00:37:46.333775
45917,MGMT_OTHER,-74,17,6471,2561,69844,44280,8367184,0,100,19,0,0,B0:CB:D8:C9:92:00,0,0,1,1E:01:D0:40:E0:9E,6,1,DEAUTH,2026-08-05T00:37:46.548775
45917,,-73,18,310,2656,69844,44280,8367258,0,100,19,0,0,B0:CB:D8:C9:92:00,0,0,1,1E:01:D0:40:E0:9E,6,1,DEAUTH,2026-08-05T00:37:46.622775
45917,,-53,38,872,3246,69844,44280,8367300,0,100,19,0,0,B0:CB:D8:C9:92:00,0,0,0,1E:01:D0:40:E0:9E,6,1,DEAUTH,2026-08-05T00:37:46.664775
45917,,-73,18,327,3560,69844,44280,8367432,0,100,19,0,0,B0:CB:D8:C9:92:00,0,0,1,1E:01:D0:40:E0:9E,6,1,DEAUTH,2026-08-05T00:37:46.796775
45917,,-71,20,227,567,69844,44280,8367586,0,100,19,0,0,B0:CB:D8:C9:92:00,0,0,1,1E:01:D0:40:E0:9E,6,1,DEAUTH,2026-08-05T00:37:46.950775
45917,,-73,18,2854,1897,69844,44280,8367882,0,100,19,0,0,B0:CB:D8:C9:92:00,0,0,1,1E:01:D0:40:E0:9E,6,1,DEAUTH,2026-08-05T00:37:47.246775
45917,,-73,18,621,3458,69844,44280,8368071,0,100,19,0,0,B0:CB:D8:C9:92:00,0,0,1,1E:01:D0:40:E0:9E,6,1,DEAUTH,2026-08-05T00:37:47.435775
45917,MGMT_OTHER,10,10,0,0,69844,44280,8368370,0,100,19,0,0,B0:CB:D8:C9:92:00,0,0,0,1E:01:D0:40:E0:9E,6,1,DEAUTH,2026-08-05T00:37:47.734444
45917,,-73,18,204,2796,69844,44280,8368656,0,100,19,0,0,B0:CB:D8:C9:92:00,0,0,1,1E:01:D0:40:E0:9E,6,1,DEAUTH,2026-08-05T00:37:48.020444
45917,,-74,17,305,3035,69844,44280,8368804,0,100,19,0,0,B0:CB:D8:C9:92:00,0,0,0,1E:01:D0:40:E0:9E,6,1,DEAUTH,2026-08-05T00:37:48.168444
45917,,-51,40,0,1612,69844,44280,8369045,0,100,19,0,0,B0:CB:D8:C9:92:00,0,0,0,1E:01:D0:40:E0:9E,6,1,DEAUTH,2026-08-05T00:37:48.409444
45917,,-72,19,951,2236,69844,44280,8369212,0,100,19,0,0,B0:CB:D8:C9:92:00,0,0,1,1E:01:D0:40:E0:9E,6,1,DEAUTH,2026-08-05T00:37:48.576444
45917,,-72,19,582,2765,69844,44280,8369280,0,100,19,0,0,B0:CB:D8:C9:92:00,0,0,1,1E:01:D0:40:E0:9E,6,1,DEAUTH,2026-08-05T00:37:48.644444
45917,MGMT_OTHER,-73,18,563,1909,69844,44280,8369323,0,100,19,0,0,B0:CB:D8:C9:92:00,0,0,1,1E:01:D0:40:E0:9E,6,1,DEAUTH,2026-08-05T00:37:48.687444
45917,,-73,18,605,1151,69844,44280,8369432,0,100,19,0,0,B0:CB:D8:C9:92:00,0,0,1,1E:01:D0:40:E0:9E,6,1,DEAUTH,2026-08-05T00:37:48.796444
45917,,-74,17,513,318,69844,44280,8369520,0,100,19,0,0,B0:CB:D8:C9:92:00,0,0,1,1E:01:D0:40:E0:9E,6,1,DEAUTH,2026-08-05T00:37:48.884444
45917,,-74,17,1503,1477,69844,44280,8369612,0,100,19,0,0,B0:CB:D8:C9:92:00,0,0,1,1E:01:D0:40:E0:9E,6,1,DEAUTH,2026-08-05T00:37:48.976444
45917,,-73,18,1770,2102,69844,44280,8369889,0,100,19,0,0,B0:CB:D8:C9:92:00,0,0,1,1E:01:D0:40:E0:9E,6,1,DEAUTH,2026-08-05T00:37:49.253444
45917,,-52,39,1099,1633,69844,44280,8370078,0,100,19,0,0,B0:CB:D8:C9:92:00,0,0,0,1E:01:D0:40:E0:9E,6,1,DEAUTH,2026-08-05T00:37:49.442444
45917,MGMT_OTHER,-78,13,1808,922,69844,44280,8370176,0,100,19,0,0,B0:CB:D8:C9:92:00,0,0,1,1E:01:D0:40:E0:9E,6,1,DEAUTH,2026-08-05T00:37:49.540444
45917,BEACON,-85,6,11151,295,69844,44280,8370415,0,100,19,0,0,B0:CB:D8:C9:92:00,0,0,1,1E:01:D0:40:E0:9E,6,1,DEAUTH,2026-08-05T00:37:49.779444
45917,PROBE_RESP,-82,9,28898,0,69844,44280,8370610,0,100,19,0,0,B0:CB:D8:C9:92:00,0,0,0,1E:01:D0:40:E0:9E,6,1,DEAUTH,2026-08-05T00:37:49.974444
45917,MGMT_OTHER,-76,15,402,1754,69844,44280,8370733,0,100,19,0,0,B0:CB:D8:C9:92:00,0,0,1,1E:01:D0:40:E0:9E,6,1,DEAUTH,2026-08-05T00:37:50.097444
45917,MGMT_OTHER,-92,-1,1313,2572,69844,44280,8370945,0,100,19,0,0,B0:CB:D8:C9:92:00,0,0,1,1E:01:D0:40:E0:9E,6,1,DEAUTH,2026-08-05T00:37:50.309444
45917,,-78,13,1860,2471,69844,44280,8371172,0,100,19,0,0,B0:CB:D8:C9:92:00,0,0,0,1E:01:D0:40:E0:9E,6,1,DEAUTH,2026-08-05T00:37:50.536444
45917,,-72,19,214,903,69844,44280,8371255,0,100,19,0,0,B0:CB:D8:C9:92:00,0,0,1,1E:01:D0:40:E0:9E,6,1,DEAUTH,2026-08-05T00:37:50.619444
45917,,-77,14,399,590,69844,44280,8371286,0,100,19,0,0,B0:CB:D8:C9:92:00,0,0,1,1E:01:D0:40:E0:9E,6,1,DEAUTH,2026-08-05T00:37:50.650444
45917,,-72,19,451,0,69844,44280,8371344,0,100,19,0,0,B0:CB:D8:C9:92:00,0,0,1,1E:01:D0:40:E0:9E,6,1,DEAUTH,2026-08-05T00:37:50.708444
45917,,-77,14,401,1151,69844,44280,8371377,0,100,19,0,0,B0:CB:D8:C9:92:00,0,0,1,1E:01:D0:40:E0:9E,6,1,DEAUTH,2026-08-05T00:37:50.741444
45917,,-72,19,1243,212,69844,44280,8371535,0,100,19,0,0,B0:CB:D8:C9:92:00,0,0,1,1E:01:D0:40:E0:9E,6,1,DEAUTH,2026-08-05T00:37:50.899444
45917,MGMT_OTHER,-73,18,461,3333,69844,44280,8371632,0,100,19,0,0,B0:CB:D8:C9:92:00,0,0,1,1E:01:D0:40:E0:9E,6,1,DEAUTH,2026-08-05T00:37:50.996444
45917,MGMT_OTHER,-76,15,237,2233,69844,44280,8371893,0,100,19,0,0,B0:CB:D8:C9:92:00,0,0,1,1E:01:D0:40:E0:9E,6,1,DEAUTH,2026-08-05T00:37:51.257444
45917,MGMT_OTHER,-71,20,782,392,69844,44280,8372066,0,100,19,0,0,B0:CB:D8:C9:92:00,0,0,1,1E:01:D0:40:E0:9E,6,1,DEAUTH,2026-08-05T00:37:51.430444
45917,,-76,15,434,3258,69844,44280,8372245,0,100,19,0,0,B0:CB:D8:C9:92:00,0,0,1,1E:01:D0:40:E0:9E,6,1,DEAUTH,2026-08-05T00:37:51.609444
45917,MGMT_OTHER,-76,15,253,2980,69844,44280,8372444,0,100,19,0,0,B0:CB:D8:C9:92:00,0,0,1,1E:01:D0:40:E0:9E,6,1,DEAUTH,2026-08-05T00:37:51.808444
45917,MGMT_OTHER,-72,19,12972,2449,69844,44280,8372784,0,100,19,0,0,B0:CB:D8:C9:92:00,0,0,1,1E:01:D0:40:E0:9E,6,1,DEAUTH,2026-08-05T00:37:52.148444
45917,,-53,38,19196,1713,69844,44280,8372936,0,100,19,0,0,B0:CB:D8:C9:92:00,0,0,1,1E:01:D0:40:E0:9E,6,1,DEAUTH,2026-08-05T00:37:52.300444
45917,,-76,15,801,535,69844,44280,8373096,0,100,19,0,0,B0:CB:D8:C9:92:00,0,0,1,1E:01:D0:40:E0:9E,6,1,DEAUTH,2026-08-05T00:37:52.460444
45917,MGMT_OTHER,-76,15,402,801,69844,44280,8373203,0,100,19,0,0,B0:CB:D8:C9:92:00,0,0,1,1E:01:D0:40:E0:9E,6,1,DEAUTH,2026-08-05T00:37:52.567444
45917,,-76,15,3329,437,69844,44280,8373285,0,100,19,0,0,B0:CB:D8:C9:92:00,0,0,1,1E:01:D0:40:E0:9E,6,1,DEAUTH,2026-08-05T00:37:52.649444
45917,MGMT_OTHER,-72,19,5358,1573,69844,44280,8373335,0,100,19,0,0,B0:CB:D8:C9:92:00,0,0,1,1E:01:D0:40:E0:9E,6,1,DEAUTH,2026-08-05T00:37:52.699444
45917,PROBE_RESP,-82,9,0,1,69844,44280,8373406,0,100,19,0,0,B0:CB:D8:C9:92:00,0,0,0,1E:01:D0:40:E0:9E,6,1,DEAUTH,2026-08-05T00:37:52.770444
45917,,-76,15,610,3190,69844,44280,8373491,0,100,19,0,0,B0:CB:D8:C9:92:00,0,0,1,1E:01:D0:40:E0:9E,6,1,DEAUTH,2026-08-05T00:37:52.855444
45917,,-73,18,744,2622,69844,44280,8373581,0,100,19,0,0,B0:CB:D8:C9:92:00,0,0,1,1E:01:D0:40:E0:9E,6,1,DEAUTH,2026-08-05T00:37:52.945444
45917,MGMT_OTHER,-73,18,5618,575,69844,44280,8373801,0,100,19,0,0,B0:CB:D8:C9:92:00,0,0,1,1E:01:D0:40:E0:9E,6,1,DEAUTH,2026-08-05T00:37:53.165444
45917,PROBE_RESP,-90,1,88,0,69844,44280,8374094,0,100,19,0,0,B0:CB:D8:C9:92:00,0,0,1,1E:01:D0:40:E0:9E,6,1,DEAUTH,2026-08-05T00:37:53.458444
45917,BEACON,-82,9,0,295,69844,44280,8374205,0,100,19,0,0,B0:CB:D8:C9:92:00,1,0,0,1E:01:D0:40:E0:9E,6,1,DEAUTH,2026-08-05T00:37:53.569444
45917,MGMT_OTHER,-75,16,1083,486,69844,44280,8374413,0,100,19,0,0,B0:CB:D8:C9:92:00,0,0,1,1E:01:D0:40:E0:9E,6,1,DEAUTH,2026-08-05T00:37:53.777444
45917,,-73,18,186,1566,69844,44280,8374699,0,100,19,0,0,B0:CB:D8:C9:92:00,0,0,1,1E:01:D0:40:E0:9E,6,1,DEAUTH,2026-08-05T00:37:54.063444
45917,MGMT_OTHER,-76,15,303,2167,69844,44280,8375018,0,100,19,0,0,B0:CB:D8:C9:92:00,0,0,1,1E:01:D0:40:E0:9E,6,1,DEAUTH,2026-08-05T00:37:54.382444
45917,MGMT_OTHER,-73,18,18467,3799,69844,44280,8375252,0,100,19,0,0,B0:CB:D8:C9:92:00,0,0,1,1E:01:D0:40:E0:9E,6,1,DEAUTH,2026-08-05T00:37:54.616444
45917,,-51,40,0,1756,69844,44280,8375323,0,100,19,0,0,B0:CB:D8:C9:92:00,0,0,0,1E:01:D0:40:E0:9E,6,1,DEAUTH,2026-08-05T00:37:54.687444
45917,MGMT_OTHER,-73,18,424,2071,69844,44280,8375366,0,100,19,0,0,B0:CB:D8:C9:92:00,0,0,1,1E:01:D0:40:E0:9E,6,1,DEAUTH,2026-08-05T00:37:54.730444
45917,,-53,38,3474,3281,69844,44280,8375444,0,100,19,0,0,B0:CB:D8:C9:92:00,0,0,1,1E:01:D0:40:E0:9E,6,1,DEAUTH,2026-08-05T00:37:54.808444
45917,,-76,15,888,2041,69844,44280,8375519,0,100,19,0,0,B0:CB:D8:C9:92:00,0,0,1,1E:01:D0:40:E0:9E,6,1,DEAUTH,2026-08-05T00:37:54.883444
45917,,-73,18,194,2228,69844,44280,8375553,0,100,19,0,0,B0:CB:D8:C9:92:00,0,0,1,1E:01:D0:40:E0:9E,6,1,DEAUTH,2026-08-05T00:37:54.916867
45917,,-73,18,736,763,69844,44280,8375631,0,100,19,0,0,B0:CB:D8:C9:92:00,0,0,1,1E:01:D0:40:E0:9E,6,1,DEAUTH,2026-08-05T00:37:54.994867
45917,PROBE_RESP,-81,10,0,1,69844,44280,8375743,0,100,19,0,0,B0:CB:D8:C9:92:00,1,0,0,1E:01:D0:40:E0:9E,6,1,DEAUTH,2026-08-05T00:37:55.106867
45917,MGMT_OTHER,-76,15,549,2228,69844,44280,8375828,0,100,19,0,0,B0:CB:D8:C9:92:00,0,0,1,1E:01:D0:40:E0:9E,6,1,DEAUTH,2026-08-05T00:37:55.191867
45917,,-77,14,4780,2404,69844,44280,8375953,0,100,19,0,0,B0:CB:D8:C9:92:00,0,0,1,1E:01:D0:40:E0:9E,6,1,DEAUTH,2026-08-05T00:37:55.316867
45917,,-88,3,13504,2842,69844,44280,8376128,0,100,19,0,0,B0:CB:D8:C9:92:00,0,0,1,1E:01:D0:40:E0:9E,6,1,DEAUTH,2026-08-05T00:37:55.491867
45917,,-76,15,235,2535,69844,44280,8376336,0,100,19,0,0,B0:CB:D8:C9:92:00,0,0,1,1E:01:D0:40:E0:9E,6,1,DEAUTH,2026-08-05T00:37:55.699867
45917,,-90,1,5006,2151,69844,44280,8376602,0,100,19,0,0,B0:CB:D8:C9:92:00,0,0,1,1E:01:D0:40:E0:9E,6,1,DEAUTH,2026-08-05T00:37:55.965867
45917,MGMT_OTHER,-76,15,5896,1947,69844,44280,8376797,0,100,19,0,0,B0:CB:D8:C9:92:00,0,0,1,1E:01:D0:40:E0:9E,6,1,DEAUTH,2026-08-05T00:37:56.160867
45917,,-52,39,608,1782,69844,44280,8377015,0,100,19,0,0,B0:CB:D8:C9:92:00,0,0,0,1E:01:D0:40:E0:9E,6,1,DEAUTH,2026-08-05T00:37:56.378867
45917,BEACON,-85,6,2920,361,69844,44280,8377172,0,100,19,0,0,B0:CB:D8:C9:92:00,0,0,1,1E:01:D0:40:E0:9E,6,1,DEAUTH,2026-08-05T00:37:56.535867
45917,MGMT_OTHER,-73,18,657,2125,69844,44280,8377279,0,100,19,0,0,B0:CB:D8:C9:92:00,0,0,1,1E:01:D0:40:E0:9E,6,1,DEAUTH,2026-08-05T00:37:56.642867
45917,MGMT_OTHER,-76,15,25623,3391,69844,44280,8377342,0,100,19,0,0,B0:CB:D8:C9:92:00,0,0,1,1E:01:D0:40:E0:9E,6,1,DEAUTH,2026-08-05T00:37:56.705867
45917,MGMT_OTHER,-73,18,238,590,69844,44280,8377423,0,100,19,0,0,B0:CB:D8:C9:92:00,1,0,1,1E:01:D0:40:E0:9E,6,1,DEAUTH,2026-08-05T00:37:56.786867
45917,MGMT_OTHER,-73,18,6552,3001,69844,44280,8377517,0,100,19,0,0,B0:CB:D8:C9:92:00,0,0,1,1E:01:D0:40:E0:9E,6,1,DEAUTH,2026-08-05T00:37:56.880867
45917,,-76,15,5415,1131,69844,44280,8377702,0,100,19,0,0,B0:CB:D8:C9:92:00,0,0,1,1E:01:D0:40:E0:9E,6,1,DEAUTH,2026-08-05T00:37:57.065867
45917,,-71,20,305,1130,69844,44280,8377829,0,100,19,0,0,B0:CB:D8:C9:92:00,0,0,1,1E:01:D0:40:E0:9E,6,1,DEAUTH,2026-08-05T00:37:57.192867
45917,MGMT_OTHER,-71,20,298,1962,69844,44280,8377898,0,100,19,0,0,B0:CB:D8:C9:92:00,1,0,1,1E:01:D0:40:E0:9E,6,1,DEAUTH,2026-08-05T00:37:57.261867
45917,,-52,39,8475,1806,69844,44280,8378022,0,100,19,0,0,B0:CB:D8:C9:92:00,0,0,1,1E:01:D0:40:E0:9E,6,1,DEAUTH,2026-08-05T00:37:57.385867
45917,PROBE_RESP,-83,8,0,11,69844,44280,8378202,0,100,19,0,0,B0:CB:D8:C9:92:00,0,0,0,1E:01:D0:40:E0:9E,6,1,DEAUTH,2026-08-05T00:37:57.565867
45917,,-77,14,281,2437,69844,44280,8378335,0,100,19,0,0,B0:CB:D8:C9:92:00,0,0,1,1E:01:D0:40:E0:9E,6,1,DEAUTH,2026-08-05T00:37:57.698867
45917,,-76,15,3365,3711,69844,44280,8378536,0,100,19,0,0,B0:CB:D8:C9:92:00,0,0,1,1E:01:D0:40:E0:9E,6,1,DEAUTH,2026-08-05T00:37:57.899867
45917,MGMT_OTHER,-84,7,28468,538,69844,44280,8378756,0,100,19,0,0,B0:CB:D8:C9:92:00,1,0,1,1E:01:D0:40:E0:9E,6,1,DEAUTH,2026-08-05T00:37:58.119867
45917,BEACON,-84,7,0,342,69844,44280,8379018,0,100,19,0,0,B0:CB:D8:C9:92:00,0,0,0,1E:01:D0:40:E0:9E,6,1,DEAUTH,2026-08-05T00:37:58.381867
45917,,-72,19,238,1503,69844,44280,8379209,0,100,19,0,0,B0:CB:D8:C9:92:00,0,0,1,1E:01:D0:40:E0:9E,6,1,DEAUTH,2026-08-05T00:37:58.572867
45917,,-72,19,2031,2279,69844,44280,8379243,0,100,19,0,0,B0:CB:D8:C9:92:00,0,0,1,1E:01:D0:40:E0:9E,6,1,DEAUTH,2026-08-05T00:37:58.606867
45917,,-52,39,375,1841,69828,44280,8379269,0,100,19,0,0,B0:CB:D8:C9:92:00,0,0,0,1E:01:D0:40:E0:9E,6,1,DEAUTH,2026-08-05T00:37:58.632163
45917,BEACON,-90,1,430,2645,69844,44280,8379377,0,100,19,0,0,B0:CB:D8:C9:92:00,0,0,1,1E:01:D0:40:E0:9E,6,1,DEAUTH,2026-08-05T00:37:58.740163
45917,MGMT_OTHER,-78,13,256,1041,69844,44280,8379447,0,100,19,0,0,B0:CB:D8:C9:92:00,1,0,1,1E:01:D0:40:E0:9E,6,1,DEAUTH,2026-08-05T00:37:58.810163
45917,MGMT_OTHER,-78,13,956,3716,69844,44280,8379673,0,100,19,0,0,B0:CB:D8:C9:92:00,0,0,1,1E:01:D0:40:E0:9E,6,1,DEAUTH,2026-08-05T00:37:59.036163
45917,BEACON,-64,27,18977,59,69844,44280,8379916,0,100,19,0,0,B0:CB:D8:C9:92:00,0,0,1,1E:01:D0:40:E0:9E,6,1,DEAUTH,2026-08-05T00:37:59.279163
45917,,-92,-1,1995,4083,69844,44280,8380087,0,100,19,0,0,B0:CB:D8:C9:92:00,0,0,1,1E:01:D0:40:E0:9E,6,1,DEAUTH,2026-08-05T00:37:59.450163
45917,,-72,19,40374,1143,69844,44280,8380341,0,100,19,0,0,B0:CB:D8:C9:92:00,0,0,1,1E:01:D0:40:E0:9E,6,1,DEAUTH,2026-08-05T00:37:59.704163
45917,,-70,21,89,1713,69844,44280,8380564,0,100,19,0,0,B0:CB:D8:C9:92:00,0,0,1,1E:01:D0:40:E0:9E,6,1,DEAUTH,2026-08-05T00:37:59.927163
45917,MGMT_OTHER,10,10,0,0,69844,44280,8380716,0,100,19,0,0,B0:CB:D8:C9:92:00,1,0,0,1E:01:D0:40:E0:9E,6,1,DEAUTH,2026-08-05T00:38:00.079163
45917,BEACON,-84,7,4708,398,69844,44280,8380963,0,100,19,0,0,B0:CB:D8:C9:92:00,0,0,1,1E:01:D0:40:E0:9E,6,1,DEAUTH,2026-08-05T00:38:00.326163
45917,,-71,20,13988,2074,69844,44280,8381206,0,100,19,0,0,B0:CB:D8:C9:92:00,0,0,1,1E:01:D0:40:E0:9E,6,1,DEAUTH,2026-08-05T00:38:00.569163
45917,,-70,21,534,2299,69844,44280,8381399,0,100,19,0,0,B0:CB:D8:C9:92:00,0,0,1,1E:01:D0:40:E0:9E,6,1,DEAUTH,2026-08-05T00:38:00.762163
45917,PROBE_REQ,-77,14,16590,2549,69828,44280,8381559,0,100,19,0,0,B0:CB:D8:C9:92:00,0,0,1,1E:01:D0:40:E0:9E,6,1,DEAUTH,2026-08-05T00:38:00.922163
45917,,-72,19,10275,3777,69844,44280,8381672,0,100,19,0,0,B0:CB:D8:C9:92:00,0,0,1,1E:01:D0:40:E0:9E,6,1,DEAUTH,2026-08-05T00:38:01.035163
45917,MGMT_OTHER,-82,9,5876,139,69844,44280,8381808,0,100,19,0,0,B0:CB:D8:C9:92:00,0,0,1,1E:01:D0:40:E0:9E,6,1,DEAUTH,2026-08-05T00:38:01.171163
45917,BEACON,-81,10,0,371,69844,44280,8381987,0,100,19,0,0,B0:CB:D8:C9:92:00,0,0,0,1E:01:D0:40:E0:9E,6,1,DEAUTH,2026-08-05T00:38:01.350163
45917,MGMT_OTHER,-70,21,5280,279,69844,44280,8382215,0,100,19,0,0,B0:CB:D8:C9:92:00,0,0,1,1E:01:D0:40:E0:9E,6,1,DEAUTH,2026-08-05T00:38:01.578163
45917,,-79,12,1854,2013,69844,44280,8382480,0,100,19,0,0,B0:CB:D8:C9:92:00,0,0,1,1E:01:D0:40:E0:9E,6,1,DEAUTH,2026-08-05T00:38:01.843163
45917,,-79,12,521,3242,69844,44280,8382652,0,100,19,0,0,B0:CB:D8:C9:92:00,0,0,1,1E:01:D0:40:E0:9E,6,1,DEAUTH,2026-08-05T00:38:02.015163
45917,,-71,20,410,141,69844,44280,8382806,0,100,19,0,0,B0:CB:D8:C9:92:00,0,0,1,1E:01:D0:40:E0:9E,6,1,DEAUTH,2026-08-05T00:38:02.169163
45917,BEACON,-63,28,29964,90,69768,44280,8383094,0,100,19,0,0,B0:CB:D8:C9:92:00,0,0,1,1E:01:D0:40:E0:9E,6,1,DEAUTH,2026-08-05T00:38:02.457163
45917,MGMT_OTHER,-71,20,927,1351,69844,44280,8383232,0,100,19,0,0,B0:CB:D8:C9:92:00,1,0,1,1E:01:D0:40:E0:9E,6,1,DEAUTH,2026-08-05T00:38:02.595163
45917,MGMT_OTHER,-78,13,1171,3999,69844,44280,8383302,0,100,19,0,0,B0:CB:D8:C9:92:00,0,0,1,1E:01:D0:40:E0:9E,6,1,DEAUTH,2026-08-05T00:38:02.665163
45917,,-71,20,537,2164,69844,44280,8383454,0,100,19,0,0,B0:CB:D8:C9:92:00,1,0,1,1E:01:D0:40:E0:9E,6,1,DEAUTH,2026-08-05T00:38:02.817163
45917,BEACON,-81,10,0,388,69844,44280,8383728,0,100,19,0,0,B0:CB:D8:C9:92:00,0,0,0,1E:01:D0:40:E0:9E,6,1,DEAUTH,2026-08-05T00:38:03.091163
45917,,-71,20,479,699,69844,44280,8383877,0,100,19,0,0,B0:CB:D8:C9:92:00,0,0,1,1E:01:D0:40:E0:9E,6,1,DEAUTH,2026-08-05T00:38:03.240163
45917,,-53,38,14579,1931,69844,44280,8384050,0,100,19,0,0,B0:CB:D8:C9:92:00,0,0,1,1E:01:D0:40:E0:9E,6,1,DEAUTH,2026-08-05T00:38:03.413163
45917,,-76,15,362,2850,69844,44280,8384226,0,100,19,0,0,B0:CB:D8:C9:92:00,0,0,1,1E:01:D0:40:E0:9E,6,1,DEAUTH,2026-08-05T00:38:03.589163
45917,MGMT_OTHER,-77,14,11084,3332,69844,44280,8384460,0,100,19,0,0,B0:CB:D8:C9:92:00,0,0,1,1E:01:D0:40:E0:9E,6,1,DEAUTH,2026-08-05T00:38:03.823163
45917,MGMT_OTHER,-77,14,855,613,69844,44280,8384735,0,100,19,0,0,B0:CB:D8:C9:92:00,0,0,1,1E:01:D0:40:E0:9E,6,1,DEAUTH,2026-08-05T00:38:04.098163
45917,,-52,39,122,3315,69844,44280,8384855,0,100,19,0,0,B0:CB:D8:C9:92:00,0,0,0,1E:01:D0:40:E0:9E,6,1,DEAUTH,2026-08-05T00:38:04.218163
45917,,-53,38,15677,1955,69844,44280,8385019,0,100,19,0,0,B0:CB:D8:C9:92:00,0,0,1,1E:01:D0:40:E0:9E,6,1,DEAUTH,2026-08-05T00:38:04.382163
45917,,-72,19,7943,2378,69844,44280,8385183,0,100,19,0,0,B0:CB:D8:C9:92:00,0,0,1,1E:01:D0:40:E0:9E,6,1,DEAUTH,2026-08-05T00:38:04.546163
45917,MGMT_OTHER,-77,14,13706,860,69844,44280,8385330,0,100,19,0,0,B0:CB:D8:C9:92:00,0,0,1,1E:01:D0:40:E0:9E,6,1,DEAUTH,2026-08-05T00:38:04.693163
45917,MGMT_OTHER,-71,20,906,2462,69844,44280,8385473,0,100,19,0,0,B0:CB:D8:C9:92:00,0,0,1,1E:01:D0:40:E0:9E,6,1,DEAUTH,2026-08-05T00:38:04.836163
45917,MGMT_OTHER,10,10,0,0,69844,44280,8385689,0,100,19,0,0,B0:CB:D8:C9:92:00,0,0,1,1E:01:D0:40:E0:9E,6,1,DEAUTH,2026-08-05T00:38:05.052163
45917,,-90,1,3140,2210,69844,44280,8385795,0,100,19,0,0,B0:CB:D8:C9:92:00,0,0,1,1E:01:D0:40:E0:9E,6,1,DEAUTH,2026-08-05T00:38:05.158163
45917,BEACON,-64,27,32646,120,69844,44280,8386162,0,100,19,0,0,B0:CB:D8:C9:92:00,0,0,1,1E:01:D0:40:E0:9E,6,1,DEAUTH,2026-08-05T00:38:05.525163
45917,,-73,18,7256,338,69844,44280,8386370,0,100,19,0,0,B0:CB:D8:C9:92:00,1,0,1,1E:01:D0:40:E0:9E,6,1,DEAUTH,2026-08-05T00:38:05.733163
45917,,-53,38,7471,3326,69844,44280,8386570,0,100,19,0,0,B0:CB:D8:C9:92:00,0,0,1,1E:01:D0:40:E0:9E,6,1,DEAUTH,2026-08-05T00:38:05.933163
45917,MGMT_OTHER,-77,14,980,402,69844,44280,8386818,0,100,19,0,0,B0:CB:D8:C9:92:00,0,0,1,1E:01:D0:40:E0:9E,6,1,DEAUTH,2026-08-05T00:38:06.181163
45917,PROBE_RESP,-92,-1,88,0,69844,44280,8386954,0,100,19,0,0,B0:CB:D8:C9:92:00,0,0,1,1E:01:D0:40:E0:9E,6,1,DEAUTH,2026-08-05T00:38:06.317163
45917,,-53,38,176,3348,69844,44280,8387188,0,100,19,0,0,B0:CB:D8:C9:92:00,0,0,0,1E:01:D0:40:E0:9E,6,1,DEAUTH,2026-08-05T00:38:06.551163
45917,MGMT_OTHER,-77,14,518,1554,69844,44280,8387250,0,100,19,0,0,B0:CB:D8:C9:92:00,0,0,1,1E:01:D0:40:E0:9E,6,1,DEAUTH,2026-08-05T00:38:06.613163
45917,,-78,13,877,1910,69844,44280,8387430,0,100,19,0,0,B0:CB:D8:C9:92:00,0,0,1,1E:01:D0:40:E0:9E,6,1,DEAUTH,2026-08-05T00:38:06.793163
45917,MGMT_OTHER,-77,14,4810,1489,69844,44280,8387611,0,100,19,0,0,B0:CB:D8:C9:92:00,0,0,1,1E:01:D0:40:E0:9E,6,1,DEAUTH,2026-08-05T00:38:06.974163
45917,,-58,33,4326,1995,68040,44280,8387883,0,100,19,0,0,B0:CB:D8:C9:92:00,1,0,0,1E:01:D0:40:E0:9E,6,1,DEAUTH,2026-08-05T00:38:07.246163
45917,,-78,13,1568,3472,69844,44280,8388140,0,100,19,0,0,B0:CB:D8:C9:92:00,1,0,1,1E:01:D0:40:E0:9E,6,1,DEAUTH,2026-08-05T00:38:07.503163
45917,MGMT_OTHER,-72,19,581,1256,69844,44280,8388344,0,100,19,0,0,B0:CB:D8:C9:92:00,0,0,1,1E:01:D0:40:E0:9E,6,1,DEAUTH,2026-08-05T00:38:07.707163
45917,,-77,14,202,99,69844,44280,8388625,0,100,19,0,0,B0:CB:D8:C9:92:00,0,0,1,1E:01:D0:40:E0:9E,6,1,DEAUTH,2026-08-05T00:38:07.988163
45917,,-71,20,497,442,69844,44280,8388894,0,100,19,0,0,B0:CB:D8:C9:92:00,0,0,0,1E:01:D0:40:E0:9E,6,1,DEAUTH,2026-08-05T00:38:08.257163
45917,BEACON,-83,8,6908,477,69844,44280,8389053,0,100,19,0,0,B0:CB:D8:C9:92:00,0,0,1,1E:01:D0:40:E0:9E,6,1,DEAUTH,2026-08-05T00:38:08.416163
45917,MGMT_OTHER,-71,20,229,3783,69844,44280,8389188,0,100,19,0,0,B0:CB:D8:C9:92:00,0,0,1,1E:01:D0:40:E0:9E,6,1,DEAUTH,2026-08-05T00:38:08.551163
45917,MGMT_OTHER,-75,16,241,810,69844,44280,8389250,0,100,19,0,0,B0:CB:D8:C9:92:00,0,0,1,1E:01:D0:40:E0:9E,6,1,DEAUTH,2026-08-05T00:38:08.613163
45917,,-72,19,570,3621,69844,44280,8389448,0,100,19,0,0,B0:CB:D8:C9:92:00,0,0,1,1E:01:D0:40:E0:9E,6,1,DEAUTH,2026-08-05T00:38:08.811163
45917,MGMT_OTHER,-75,16,292,1920,69844,44280,8389503,0,100,19,0,0,B0:CB:D8:C9:92:00,0,0,1,1E:01:D0:40:E0:9E,6,1,DEAUTH,2026-08-05T00:38:08.866163
45917,,-74,17,317,889,69844,44280,8389612,0,100,19,0,0,B0:CB:D8:C9:92:00,0,0,1,1E:01:D0:40:E0:9E,6,1,DEAUTH,2026-08-05T00:38:08.975163
45917,,-54,37,172,3367,69844,44280,8389772,0,100,19,0,0,B0:CB:D8:C9:92:00,0,0,0,1E:01:D0:40:E0:9E,6,1,DEAUTH,2026-08-05T00:38:09.135163
45917,,-84,7,0,199,69844,44280,8389819,0,100,19,0,0,B0:CB:D8:C9:92:00,0,0,1,1E:01:D0:40:E0:9E,6,1,DEAUTH,2026-08-05T00:38:09.182163
45917,MGMT_OTHER,-70,21,1246,945,69844,44280,8389923,0,100,19,0,0,B0:CB:D8:C9:92:00,0,0,1,1E:01:D0:40:E0:9E,6,1,DEAUTH,2026-08-05T00:38:09.286163
45917,BEACON,-72,19,1638,475,69844,44280,8390098,0,100,19,0,0,B0:CB:D8:C9:92:00,0,0,1,1E:01:D0:40:E0:9E,6,1,DEAUTH,2026-08-05T00:38:09.461163
45917,MGMT_OTHER,-69,23,1626,1691,69844,44280,8390365,0,100,19,0,0,B0:CB:D8:C9:92:00,0,0,1,1E:01:D0:40:E0:9E,6,1,DEAUTH,2026-08-05T00:38:09.728163
45917,BEACON,-55,39,1808,2043,69844,44280,8390589,0,100,19,0,0,B0:CB:D8:C9:92:00,0,0,1,1E:01:D0:40:E0:9E,6,1,DEAUTH,2026-08-05T00:38:09.952163
45917,MGMT_OTHER,-68,26,26552,934,69844,44280,8390774,0,100,19,0,0,B0:CB:D8:C9:92:00,0,0,1,1E:01:D0:40:E0:9E,6,1,DEAUTH,2026-08-05T00:38:10.137163
45917,MGMT_OTHER,-68,26,4017,188,69844,44280,8391000,0,100,19,0,0,B0:CB:D8:C9:92:00,0,0,1,1E:01:D0:40:E0:9E,6,1,DEAUTH,2026-08-05T00:38:10.363163
45917,MGMT_OTHER,-70,24,916,3882,69768,44280,8391196,0,100,19,0,0,B0:CB:D8:C9:92:00,0,0,1,1E:01:D0:40:E0:9E,6,1,DEAUTH,2026-08-05T00:38:10.559163
45917,MGMT_OTHER,-70,24,3925,2011,69844,44280,8391417,0,100,19,0,0,B0:CB:D8:C9:92:00,0,0,1,1E:01:D0:40:E0:9E,6,1,DEAUTH,2026-08-05T00:38:10.780163
45917,MGMT_OTHER,-67,27,319,1494,69844,44280,8391598,0,100,19,0,0,B0:CB:D8:C9:92:00,0,0,1,1E:01:D0:40:E0:9E,6,1,DEAUTH,2026-08-05T00:38:10.961163
45917,,-67,27,540,2675,69844,44280,8391908,0,100,19,0,0,B0:CB:D8:C9:92:00,0,0,1,1E:01:D0:40:E0:9E,6,1,DEAUTH,2026-08-05T00:38:11.271163
45917,MGMT_OTHER,-68,27,2990,1891,69844,44280,8392109,0,100,19,0,0,B0:CB:D8:C9:92:00,0,0,1,1E:01:D0:40:E0:9E,6,1,DEAUTH,2026-08-05T00:38:11.472163
45917,,-69,26,2016,325,69844,44280,8392314,0,100,19,0,0,B0:CB:D8:C9:92:00,0,0,1,1E:01:D0:40:E0:9E,6,1,DEAUTH,2026-08-05T00:38:11.677163
45917,,-69,26,1516,228,69844,44280,8392519,0,100,19,0,0,B0:CB:D8:C9:92:00,0,0,1,1E:01:D0:40:E0:9E,6,1,DEAUTH,2026-08-05T00:38:11.882163
45917,MGMT_OTHER,16,16,0,0,69844,44280,8392660,0,100,19,0,0,B0:CB:D8:C9:92:00,1,0,1,1E:01:D0:40:E0:9E,6,1,DEAUTH,2026-08-05T00:38:12.023163
45917,MGMT_OTHER,-68,27,2659,3765,69844,44280,8392824,0,100,19,0,0,B0:CB:D8:C9:92:00,0,0,1,1E:01:D0:40:E0:9E,6,1,DEAUTH,2026-08-05T00:38:12.187163
45917,BEACON,-80,15,3561,515,69844,44280,8392944,0,100,19,0,0,B0:CB:D8:C9:92:00,0,0,1,1E:01:D0:40:E0:9E,6,1,DEAUTH,2026-08-05T00:38:12.307163
45917,,-68,27,862,2454,69844,44280,8393064,0,100,19,0,0,B0:CB:D8:C9:92:00,1,0,1,1E:01:D0:40:E0:9E,6,1,DEAUTH,2026-08-05T00:38:12.427163
45917,MGMT_OTHER,-68,27,203,484,69844,44280,8393273,0,100,19,0,0,B0:CB:D8:C9:92:00,0,0,1,1E:01:D0:40:E0:9E,6,1,DEAUTH,2026-08-05T00:38:12.636163
45917,MGMT_OTHER,-68,27,948,73,69844,44280,8393544,0,100,19,0,0,B0:CB:D8:C9:92:00,0,0,1,1E:01:D0:40:E0:9E,6,1,DEAUTH,2026-08-05T00:38:12.907163
45917,,-67,28,2420,3163,69844,44280,8393854,0,100,19,0,0,B0:CB:D8:C9:92:00,0,0,1,1E:01:D0:40:E0:9E,6,1,DEAUTH,2026-08-05T00:38:13.217163
45917,BEACON,-58,37,10979,197,69844,44280,8394056,0,100,19,0,0,B0:CB:D8:C9:92:00,1,0,1,1E:01:D0:40:E0:9E,6,1,DEAUTH,2026-08-05T00:38:13.419163
45917,,-69,26,371,948,69844,44280,8394257,0,100,19,0,0,B0:CB:D8:C9:92:00,0,0,1,1E:01:D0:40:E0:9E,6,1,DEAUTH,2026-08-05T00:38:13.620163
45917,,-67,28,18613,1015,69844,44280,8394508,0,100,19,0,0,B0:CB:D8:C9:92:00,0,0,1,1E:01:D0:40:E0:9E,6,1,DEAUTH,2026-08-05T00:38:13.871163
45917,MGMT_OTHER,-68,27,23829,497,69844,44280,8394806,0,100,19,0,0,B0:CB:D8:C9:92:00,1,0,1,1E:01:D0:40:E0:9E,6,1,DEAUTH,2026-08-05T00:38:14.169163
45917,MGMT_OTHER,-66,29,15489,1085,69844,44280,8395004,0,100,19,0,0,B0:CB:D8:C9:92:00,0,0,1,1E:01:D0:40:E0:9E,6,1,DEAUTH,2026-08-05T00:38:14.367163
45917,,-68,27,4284,512,69844,44280,8395329,0,100,19,0,0,B0:CB:D8:C9:92:00,0,0,1,1E:01:D0:40:E0:9E,6,1,DEAUTH,2026-08-05T00:38:14.692163
45917,MGMT_OTHER,-67,28,567,947,69844,44280,8395424,0,100,19,0,0,B0:CB:D8:C9:92:00,0,0,1,1E:01:D0:40:E0:9E,6,1,DEAUTH,2026-08-05T00:38:14.787163
45917,PROBE_RESP,-89,6,0,2,69844,44280,8395521,0,100,19,0,0,B0:CB:D8:C9:92:00,0,0,0,1E:01:D0:40:E0:9E,6,1,DEAUTH,2026-08-05T00:38:14.884163
45917,MGMT_OTHER,-93,2,8789,2906,69844,44280,8395718,0,100,19,0,0,B0:CB:D8:C9:92:00,0,0,1,1E:01:D0:40:E0:9E,6,1,DEAUTH,2026-08-05T00:38:15.081163
45917,BEACON,-87,8,0,2806,69844,44280,8395966,0,100,19,0,0,B0:CB:D8:C9:92:00,0,0,0,1E:01:D0:40:E0:9E,6,1,DEAUTH,2026-08-05T00:38:15.329163
45917,BEACON,-87,8,0,2809,69844,44280,8396274,0,100,19,0,0,B0:CB:D8:C9:92:00,0,0,0,1E:01:D0:40:E0:9E,6,1,DEAUTH,2026-08-05T00:38:15.637163
45917,BEACON,-80,15,4700,550,69844,44280,8396528,0,100,19,0,0,B0:CB:D8:C9:92:00,0,0,1,1E:01:D0:40:E0:9E,6,1,DEAUTH,2026-08-05T00:38:15.891163
45917,MGMT_OTHER,-68,27,601,660,69844,44280,8396750,0,100,19,0,0,B0:CB:D8:C9:92:00,0,0,1,1E:01:D0:40:E0:9E,6,1,DEAUTH,2026-08-05T00:38:16.113163
45917,,-90,5,1487,1010,69844,44280,8396948,0,100,19,0,0,B0:CB:D8:C9:92:00,0,0,1,1E:01:D0:40:E0:9E,6,1,DEAUTH,2026-08-05T00:38:16.311163
45917,MGMT_OTHER,-68,27,341,2810,69844,44280,8397169,0,100,19,0,0,B0:CB:D8:C9:92:00,1,0,1,1E:01:D0:40:E0:9E,6,1,DEAUTH,2026-08-05T00:38:16.532163
45917,,-67,28,258,3937,69844,44280,8397432,0,100,19,0,0,B0:CB:D8:C9:92:00,0,0,1,1E:01:D0:40:E0:9E,6,1,DEAUTH,2026-08-05T00:38:16.795163
45917,MGMT_OTHER,-69,26,312,825,69844,44280,8397643,0,100,19,0,0,B0:CB:D8:C9:92:00,0,0,1,1E:01:D0:40:E0:9E,6,1,DEAUTH,2026-08-05T00:38:17.006163
45917,MGMT_OTHER,-68,27,13939,2483,69844,44280,8397838,0,100,19,0,0,B0:CB:D8:C9:92:00,0,0,1,1E:01:D0:40:E0:9E,6,1,DEAUTH,2026-08-05T00:38:17.201163
45917,MGMT_OTHER,-69,26,284,2639,69844,44280,8398045,0,100,19,0,0,B0:CB:D8:C9:92:00,0,0,1,1E:01:D0:40:E0:9E,6,1,DEAUTH,2026-08-05T00:38:17.408163
45917,,-46,49,136,2218,69844,44280,8398272,0,100,19,0,0,B0:CB:D8:C9:92:00,0,0,0,1E:01:D0:40:E0:9E,6,1,DEAUTH,2026-08-05T00:38:17.635163
45917,PROBE_RESP,-90,5,0,0,69844,44280,8398502,0,100,19,0,0,B0:CB:D8:C9:92:00,0,0,0,1E:01:D0:40:E0:9E,6,1,DEAUTH,2026-08-05T00:38:17.865163
45917,PROBE_RESP,-45,50,0,3404,69844,44280,8398740,0,100,19,0,0,B0:CB:D8:C9:92:00,0,0,0,1E:01:D0:40:E0:9E,6,1,DEAUTH,2026-08-05T00:38:18.103163
45917,,-67,28,31870,200,69844,44280,8399019,0,100,19,0,0,B0:CB:D8:C9:92:00,0,0,1,1E:01:D0:40:E0:9E,6,1,DEAUTH,2026-08-05T00:38:18.382163
45917,MGMT_OTHER,-68,27,1341,519,69844,44280,8399224,0,100,19,0,0,B0:CB:D8:C9:92:00,0,0,1,1E:01:D0:40:E0:9E,6,1,DEAUTH,2026-08-05T00:38:18.587163
45917,,-67,28,552,1421,69844,44280,8399420,0,100,19,0,0,B0:CB:D8:C9:92:00,0,0,1,1E:01:D0:40:E0:9E,6,1,DEAUTH,2026-08-05T00:38:18.783163
45917,BEACON,-91,4,1474,2882,69844,44280,8399550,0,100,19,0,0,B0:CB:D8:C9:92:00,0,0,1,1E:01:D0:40:E0:9E,6,1,DEAUTH,2026-08-05T00:38:18.913163
45917,,-68,27,420,1369,69844,44280,8399788,0,100,19,0,0,B0:CB:D8:C9:92:00,0,0,1,1E:01:D0:40:E0:9E,6,1,DEAUTH,2026-08-05T00:38:19.151163
45917,,-79,16,1270,232,69844,44280,8399911,0,100,19,0,0,B0:CB:D8:C9:92:00,0,0,1,1E:01:D0:40:E0:9E,6,1,DEAUTH,2026-08-05T00:38:19.274163
45917,MGMT_OTHER,-69,26,5875,2044,69844,44280,8400264,0,100,19,0,0,B0:CB:D8:C9:92:00,0,0,1,1E:01:D0:40:E0:9E,6,1,DEAUTH,2026-08-05T00:38:19.627163
45917,MGMT_OTHER,-69,26,9069,1764,69844,44280,8400464,0,100,19,0,0,B0:CB:D8:C9:92:00,0,0,1,1E:01:D0:40:E0:9E,6,1,DEAUTH,2026-08-05T00:38:19.827163
45917,,-93,2,5998,0,69844,44280,8400650,0,100,19,0,0,B0:CB:D8:C9:92:00,0,0,0,1E:01:D0:40:E0:9E,6,1,DEAUTH,2026-08-05T00:38:20.013163
45917,MGMT_OTHER,-68,27,299,1299,69844,44280,8400878,0,100,19,0,0,B0:CB:D8:C9:92:00,0,0,1,1E:01:D0:40:E0:9E,6,1,DEAUTH,2026-08-05T00:38:20.241163
45917,,-68,27,3623,2361,69844,44280,8401221,0,100,19,0,0,B0:CB:D8:C9:92:00,0,0,1,1E:01:D0:40:E0:9E,6,1,DEAUTH,2026-08-05T00:38:20.584163
45917,BEACON,-58,37,0,268,69844,44280,8401319,0,100,19,0,0,B0:CB:D8:C9:92:00,0,0,1,1E:01:D0:40:E0:9E,6,1,DEAUTH,2026-08-05T00:38:20.682163
45917,MGMT_OTHER,-67,28,1966,3935,69844,44280,8401459,0,100,19,0,0,B0:CB:D8:C9:92:00,0,0,1,1E:01:D0:40:E0:9E,6,1,DEAUTH,2026-08-05T00:38:20.822163
45917,MGMT_OTHER,-68,27,6283,2009,69844,44280,8401638,0,100,19,0,0,B0:CB:D8:C9:92:00,0,0,1,1E:01:D0:40:E0:9E,6,1,DEAUTH,2026-08-05T00:38:21.001163
45917,PROBE_RESP,-58,37,0,1542,69844,44280,8401854,0,100,19,0,0,B0:CB:D8:C9:92:00,0,0,1,1E:01:D0:40:E0:9E,6,1,DEAUTH,2026-08-05T00:38:21.217163
45917,BEACON,-52,43,48,2290,69844,44280,8402057,0,100,19,0,0,B0:CB:D8:C9:92:00,0,0,0,1E:01:D0:40:E0:9E,6,1,DEAUTH,2026-08-05T00:38:21.420163
45917,,-68,27,520,3406,69844,44280,8402245,0,100,19,0,0,B0:CB:D8:C9:92:00,0,0,1,1E:01:D0:40:E0:9E,6,1,DEAUTH,2026-08-05T00:38:21.608163
45917,,-52,43,0,2300,69844,44280,8402499,0,100,19,0,0,B0:CB:D8:C9:92:00,0,0,0,1E:01:D0:40:E0:9E,6,1,DEAUTH,2026-08-05T00:38:21.862163
45917,BEACON,-51,44,49,2304,69844,44280,8402672,0,100,19,0,0,B0:CB:D8:C9:92:00,0,0,1,1E:01:D0:40:E0:9E,6,1,DEAUTH,2026-08-05T00:38:22.035163
45917,PROBE_RESP,-94,1,0,1,69844,44280,8402934,0,100,19,0,0,B0:CB:D8:C9:92:00,0,0,1,1E:01:D0:40:E0:9E,6,1,DEAUTH,2026-08-05T00:38:22.297163
45917,PROBE_RESP,-77,18,0,1,69844,44280,8403163,0,100,19,0,0,B0:CB:D8:C9:92:00,0,0,0,1E:01:D0:40:E0:9E,6,1,DEAUTH,2026-08-05T00:38:22.526163
45917,,-67,28,1113,35,69844,44280,8403278,0,100,19,0,0,B0:CB:D8:C9:92:00,0,0,1,1E:01:D0:40:E0:9E,6,1,DEAUTH,2026-08-05T00:38:22.641163
45917,,-67,28,816,3924,69844,44280,8403328,0,100,19,0,0,B0:CB:D8:C9:92:00,1,0,1,1E:01:D0:40:E0:9E,6,1,DEAUTH,2026-08-05T00:38:22.691163
45917,MGMT_OTHER,-67,28,1546,2853,69844,44280,8403420,0,100,19,0,0,B0:CB:D8:C9:92:00,0,0,1,1E:01:D0:40:E0:9E,6,1,DEAUTH,2026-08-05T00:38:22.783163
45917,MGMT_OTHER,-68,27,319,3984,69844,44280,8403522,0,100,19,0,0,B0:CB:D8:C9:92:00,0,0,1,1E:01:D0:40:E0:9E,6,1,DEAUTH,2026-08-05T00:38:22.885163
45917,MGMT_OTHER,-67,28,1347,2101,69844,44280,8403644,0,100,19,0,0,B0:CB:D8:C9:92:00,0,0,1,1E:01:D0:40:E0:9E,6,1,DEAUTH,2026-08-05T00:38:23.007163
45917,,-68,27,1274,3805,69844,44280,8403732,0,100,19,0,0,B0:CB:D8:C9:92:00,1,0,1,1E:01:D0:40:E0:9E,6,1,DEAUTH,2026-08-05T00:38:23.095163
45917,,-68,27,207,1562,69844,44280,8403890,0,100,19,0,0,B0:CB:D8:C9:92:00,0,0,1,1E:01:D0:40:E0:9E,6,1,DEAUTH,2026-08-05T00:38:23.253163
45917,PROBE_RESP,-90,5,0,2,69844,44280,8404117,0,100,19,0,0,B0:CB:D8:C9:92:00,0,0,0,1E:01:D0:40:E0:9E,6,1,DEAUTH,2026-08-05T00:38:23.480163
45917,MGMT_OTHER,-67,28,411,1675,69844,44280,8404336,0,100,19,0,0,B0:CB:D8:C9:92:00,0,0,1,1E:01:D0:40:E0:9E,6,1,DEAUTH,2026-08-05T00:38:23.699163
45917,,-69,26,6559,3802,69844,44280,8404596,0,100,19,0,0,B0:CB:D8:C9:92:00,0,0,1,1E:01:D0:40:E0:9E,6,1,DEAUTH,2026-08-05T00:38:23.959163
45917,MGMT_OTHER,-68,27,1607,826,69844,44280,8404905,0,100,19,0,0,B0:CB:D8:C9:92:00,0,0,1,1E:01:D0:40:E0:9E,6,1,DEAUTH,2026-08-05T00:38:24.268163
45917,,-47,48,26471,2364,69844,44280,8405198,0,100,19,0,0,B0:CB:D8:C9:92:00,0,0,0,1E:01:D0:40:E0:9E,6,1,DEAUTH,2026-08-05T00:38:24.561163
45917,MGMT_OTHER,-68,27,922,1848,69844,44280,8405275,0,100,19,0,0,B0:CB:D8:C9:92:00,0,0,1,1E:01:D0:40:E0:9E,6,1,DEAUTH,2026-08-05T00:38:24.638163
45917,MGMT_OTHER,-69,26,478,2853,69844,44280,8405446,0,100,19,0,0,B0:CB:D8:C9:92:00,1,0,1,1E:01:D0:40:E0:9E,6,1,DEAUTH,2026-08-05T00:38:24.809163
45917,,-68,27,980,2840,69844,44280,8405627,0,100,19,0,0,B0:CB:D8:C9:92:00,0,0,1,1E:01:D0:40:E0:9E,6,1,DEAUTH,2026-08-05T00:38:24.990163
45917,MGMT_OTHER,-67,28,1744,1075,69844,44280,8405812,0,100,19,0,0,B0:CB:D8:C9:92:00,0,0,1,1E:01:D0:40:E0:9E,6,1,DEAUTH,2026-08-05T00:38:25.175163
45917,MGMT_OTHER,-67,28,682,643,69844,44280,8405969,0,100,19,0,0,B0:CB:D8:C9:92:00,0,0,1,1E:01:D0:40:E0:9E,6,1,DEAUTH,2026-08-05T00:38:25.332163
45917,BEACON,-52,43,0,2380,69844,44280,8406156,0,100,19,0,0,B0:CB:D8:C9:92:00,0,0,1,1E:01:D0:40:E0:9E,6,1,DEAUTH,2026-08-05T00:38:25.519163
45917,,-43,52,2002,2385,69844,44280,8406418,0,100,19,0,0,B0:CB:D8:C9:92:00,0,0,0,1E:01:D0:40:E0:9E,6,1,DEAUTH,2026-08-05T00:38:25.781163
45917,PROBE_RESP,-87,8,0,0,69844,44280,8406595,0,100,19,0,0,B0:CB:D8:C9:92:00,0,0,0,1E:01:D0:40:E0:9E,6,1,DEAUTH,2026-08-05T00:38:25.958163
45917,PROBE_RESP,-88,7,0,0,69844,44280,8406695,0,100,19,0,0,B0:CB:D8:C9:92:00,0,0,0,1E:01:D0:40:E0:9E,6,1,DEAUTH,2026-08-05T00:38:26.058163
45917,,-67,28,7003,1590,69844,44280,8406990,0,100,19,0,0,B0:CB:D8:C9:92:00,1,0,1,1E:01:D0:40:E0:9E,6,1,DEAUTH,2026-08-05T00:38:26.353163
45917,,-66,29,600,628,69844,44280,8407197,0,100,19,0,0,B0:CB:D8:C9:92:00,0,0,1,1E:01:D0:40:E0:9E,6,1,DEAUTH,2026-08-05T00:38:26.560163
45917,,-67,28,390,1548,69844,44280,8407272,0,100,19,0,0,B0:CB:D8:C9:92:00,0,0,1,1E:01:D0:40:E0:9E,6,1,DEAUTH,2026-08-05T00:38:26.635163
45917,MGMT_OTHER,-67,28,2278,630,69844,44280,8407369,0,100,19,0,0,B0:CB:D8:C9:92:00,1,0,1,1E:01:D0:40:E0:9E,6,1,DEAUTH,2026-08-05T00:38:26.732163
45917,MGMT_OTHER,-66,29,423,4062,69844,44280,8407481,0,100,19,0,0,B0:CB:D8:C9:92:00,0,0,1,1E:01:D0:40:E0:9E,6,1,DEAUTH,2026-08-05T00:38:26.844163
45917,MGMT_OTHER,-67,28,1817,808,69844,44280,8407610,0,100,19,0,0,B0:CB:D8:C9:92:00,0,0,1,1E:01:D0:40:E0:9E,6,1,DEAUTH,2026-08-05T00:38:26.973163
45917,,-69,26,578,3254,69844,44280,8407777,0,100,19,0,0,B0:CB:D8:C9:92:00,0,0,1,1E:01:D0:40:E0:9E,6,1,DEAUTH,2026-08-05T00:38:27.140163
45917,,-67,28,1863,1177,69844,44280,8408034,0,100,19,0,0,B0:CB:D8:C9:92:00,0,0,1,1E:01:D0:40:E0:9E,6,1,DEAUTH,2026-08-05T00:38:27.397163
45917,BEACON,-62,32,23741,337,69844,44280,8408384,0,100,19,0,0,B0:CB:D8:C9:92:00,0,0,1,1E:01:D0:40:E0:9E,6,1,DEAUTH,2026-08-05T00:38:27.747163
45917,,-69,25,23129,3113,69844,44280,8408655,0,100,19,0,0,B0:CB:D8:C9:92:00,1,0,1,1E:01:D0:40:E0:9E,6,1,DEAUTH,2026-08-05T00:38:28.018163
45917,MGMT_OTHER,-69,25,669,730,69844,44280,8408909,0,100,19,0,0,B0:CB:D8:C9:92:00,0,0,1,1E:01:D0:40:E0:9E,6,1,DEAUTH,2026-08-05T00:38:28.272163
45917,PROBE_RESP,-89,5,0,1,69844,44280,8409131,0,100,19,0,0,B0:CB:D8:C9:92:00,0,0,1,1E:01:D0:40:E0:9E,6,1,DEAUTH,2026-08-05T00:38:28.494163
45917,,-70,22,519,1637,69844,44280,8409257,0,100,19,0,0,B0:CB:D8:C9:92:00,0,0,1,1E:01:D0:40:E0:9E,6,1,DEAUTH,2026-08-05T00:38:28.620163
45917,,-70,22,3270,833,69844,44280,8409441,0,100,19,0,0,B0:CB:D8:C9:92:00,0,0,1,1E:01:D0:40:E0:9E,6,1,DEAUTH,2026-08-05T00:38:28.804163
45917,,-71,21,1040,2403,69844,44280,8409671,0,100,19,0,0,B0:CB:D8:C9:92:00,0,0,0,1E:01:D0:40:E0:9E,6,1,DEAUTH,2026-08-05T00:38:29.034163
45917,PROBE_RESP,-81,11,0,3,69844,44280,8409959,0,100,19,0,0,B0:CB:D8:C9:92:00,0,0,0,1E:01:D0:40:E0:9E,6,1,DEAUTH,2026-08-05T00:38:29.322163
45917,BEACON,-84,8,3230,683,69844,44280,8410148,0,100,19,0,0,B0:CB:D8:C9:92:00,0,0,1,1E:01:D0:40:E0:9E,6,1,DEAUTH,2026-08-05T00:38:29.511163
45917,MGMT_OTHER,-71,21,779,1041,69844,44280,8410440,0,100,19,0,0,B0:CB:D8:C9:92:00,0,0,1,1E:01:D0:40:E0:9E,6,1,DEAUTH,2026-08-05T00:38:29.803163
45917,PROBE_RESP,-89,3,0,0,69844,44280,8410702,0,100,19,0,0,B0:CB:D8:C9:92:00,0,0,0,1E:01:D0:40:E0:9E,6,1,DEAUTH,2026-08-05T00:38:30.065163
45917,BEACON,-55,37,37471,2474,69844,44280,8410966,0,100,19,0,0,B0:CB:D8:C9:92:00,0,0,1,1E:01:D0:40:E0:9E,6,1,DEAUTH,2026-08-05T00:38:30.329163
45917,MGMT_OTHER,-88,4,978,2575,69844,44280,8411186,0,100,19,0,0,B0:CB:D8:C9:92:00,0,0,1,1E:01:D0:40:E0:9E,6,1,DEAUTH,2026-08-05T00:38:30.549163
45917,,-70,22,466,2169,69844,44280,8411404,0,100,19,0,0,B0:CB:D8:C9:92:00,0,0,1,1E:01:D0:40:E0:9E,6,1,DEAUTH,2026-08-05T00:38:30.767163
45917,MGMT_OTHER,-70,22,410,3686,69844,44280,8411520,0,100,19,0,0,B0:CB:D8:C9:92:00,1,0,1,1E:01:D0:40:E0:9E,6,1,DEAUTH,2026-08-05T00:38:30.883163
45917,,-69,23,405,1545,69844,44280,8411696,0,100,19,0,0,B0:CB:D8:C9:92:00,0,0,1,1E:01:D0:40:E0:9E,6,1,DEAUTH,2026-08-05T00:38:31.059163
45917,,-93,-1,6884,4020,69844,44280,8411903,0,100,19,0,0,B0:CB:D8:C9:92:00,0,0,1,1E:01:D0:40:E0:9E,6,1,DEAUTH,2026-08-05T00:38:31.266163
45917,MGMT_OTHER,-70,22,1534,3618,69844,44280,8412144,0,100,19,0,0,B0:CB:D8:C9:92:00,0,0,1,1E:01:D0:40:E0:9E,6,1,DEAUTH,2026-08-05T00:38:31.507163
45917,MGMT_OTHER,-70,22,747,1114,69844,44280,8412519,0,100,19,0,0,B0:CB:D8:C9:92:00,0,0,1,1E:01:D0:40:E0:9E,6,1,DEAUTH,2026-08-05T00:38:31.882163
45917,PROBE_RESP,-91,1,0,1,69844,44280,8412651,0,100,19,0,0,B0:CB:D8:C9:92:00,0,0,0,1E:01:D0:40:E0:9E,6,1,DEAUTH,2026-08-05T00:38:32.014163
45917,,-90,2,13489,1164,69844,44280,8413021,0,100,19,0,0,B0:CB:D8:C9:92:00,0,0,1,1E:01:D0:40:E0:9E,6,1,DEAUTH,2026-08-05T00:38:32.384163
45917,,-71,21,4474,2165,69844,44280,8413301,0,100,19,0,0,B0:CB:D8:C9:92:00,0,0,1,1E:01:D0:40:E0:9E,6,1,DEAUTH,2026-08-05T00:38:32.664163
45917,MGMT_OTHER,-69,23,1887,3984,69844,44280,8413444,0,100,19,0,0,B0:CB:D8:C9:92:00,0,0,1,1E:01:D0:40:E0:9E,6,1,DEAUTH,2026-08-05T00:38:32.807163
45917,,-50,42,1409,3462,69844,44280,8413836,0,100,19,0,0,B0:CB:D8:C9:92:00,0,0,1,1E:01:D0:40:E0:9E,6,1,DEAUTH,2026-08-05T00:38:33.199163
45917,,-50,42,37859,3463,69844,44280,8414060,0,100,19,0,0,B0:CB:D8:C9:92:00,0,0,1,1E:01:D0:40:E0:9E,6,1,DEAUTH,2026-08-05T00:38:33.423163
45917,MGMT_OTHER,-71,21,11444,692,69844,44280,8414335,0,100,19,0,0,B0:CB:D8:C9:92:00,0,0,1,1E:01:D0:40:E0:9E,6,1,DEAUTH,2026-08-05T00:38:33.698163
45917,MGMT_OTHER,-71,21,547,369,69844,44280,8414646,0,100,19,0,0,B0:CB:D8:C9:92:00,0,0,1,1E:01:D0:40:E0:9E,6,1,DEAUTH,2026-08-05T00:38:34.009163
45917,BEACON,-63,29,14346,401,69844,44280,8414940,0,100,19,0,0,B0:CB:D8:C9:92:00,0,0,1,1E:01:D0:40:E0:9E,6,1,DEAUTH,2026-08-05T00:38:34.303163
45917,MGMT_OTHER,-71,21,1270,1727,69844,44280,8415214,0,100,19,0,0,B0:CB:D8:C9:92:00,0,0,1,1E:01:D0:40:E0:9E,6,1,DEAUTH,2026-08-05T00:38:34.577163
45917,,-71,21,195,4068,69844,44280,8415289,0,100,19,0,0,B0:CB:D8:C9:92:00,0,0,1,1E:01:D0:40:E0:9E,6,1,DEAUTH,2026-08-05T00:38:34.652163
45917,,-70,22,4506,3016,69844,44280,8415360,0,100,19,0,0,B0:CB:D8:C9:92:00,0,0,1,1E:01:D0:40:E0:9E,6,1,DEAUTH,2026-08-05T00:38:34.723163
45917,,-92,0,9065,662,69844,44280,8415518,0,100,19,0,0,B0:CB:D8:C9:92:00,0,0,1,1E:01:D0:40:E0:9E,6,1,DEAUTH,2026-08-05T00:38:34.881163
45917,MGMT_OTHER,-71,21,7346,861,69844,44280,8415774,0,100,19,0,0,B0:CB:D8:C9:92:00,0,0,1,1E:01:D0:40:E0:9E,6,1,DEAUTH,2026-08-05T00:38:35.137163
45917,,-70,22,34276,1972,69844,44280,8416114,0,100,19,0,0,B0:CB:D8:C9:92:00,0,0,1,1E:01:D0:40:E0:9E,6,1,DEAUTH,2026-08-05T00:38:35.477163
45917,BEACON,-81,11,0,707,69844,44280,8416396,0,100,19,0,0,B0:CB:D8:C9:92:00,0,0,0,1E:01:D0:40:E0:9E,6,1,DEAUTH,2026-08-05T00:38:35.759163
45917,MGMT_OTHER,-68,24,2953,2148,69844,44280,8416710,0,100,19,0,0,B0:CB:D8:C9:92:00,0,0,1,1E:01:D0:40:E0:9E,6,1,DEAUTH,2026-08-05T00:38:36.073163
45917,MGMT_OTHER,-68,24,2720,3203,69844,44280,8417095,0,100,19,0,0,B0:CB:D8:C9:92:00,0,0,1,1E:01:D0:40:E0:9E,6,1,DEAUTH,2026-08-05T00:38:36.458163
45917,MGMT_OTHER,-69,23,375,2054,69844,44280,8417241,0,100,19,0,0,B0:CB:D8:C9:92:00,1,0,1,1E:01:D0:40:E0:9E,6,1,DEAUTH,2026-08-05T00:38:36.604163
45917,PROBE_RESP,-90,2,0,0,69844,44280,8417397,0,100,19,0,0,B0:CB:D8:C9:92:00,0,0,0,1E:01:D0:40:E0:9E,6,1,DEAUTH,2026-08-05T00:38:36.760163
45917,MGMT_OTHER,-69,23,868,371,69844,44280,8417530,0,100,19,0,0,B0:CB:D8:C9:92:00,0,0,1,1E:01:D0:40:E0:9E,6,1,DEAUTH,2026-08-05T00:38:36.893163
45917,,-50,42,185,3475,69844,44280,8417746,0,100,19,0,0,B0:CB:D8:C9:92:00,0,0,0,1E:01:D0:40:E0:9E,6,1,DEAUTH,2026-08-05T00:38:37.109163
45917,,-93,-1,7655,543,69844,44280,8417943,0,100,19,0,0,B0:CB:D8:C9:92:00,0,0,1,1E:01:D0:40:E0:9E,6,1,DEAUTH,2026-08-05T00:38:37.306163
45917,,-69,23,479,3472,69844,44280,8418151,0,100,19,0,0,B0:CB:D8:C9:92:00,0,0,1,1E:01:D0:40:E0:9E,6,1,DEAUTH,2026-08-05T00:38:37.514163
45917,,-70,22,222,2005,69844,44280,8418278,0,100,19,0,0,B0:CB:D8:C9:92:00,0,0,1,1E:01:D0:40:E0:9E,6,1,DEAUTH,2026-08-05T00:38:37.641163
45917,MGMT_OTHER,-69,23,546,2945,69844,44280,8418434,0,100,19,0,0,B0:CB:D8:C9:92:00,0,0,1,1E:01:D0:40:E0:9E,6,1,DEAUTH,2026-08-05T00:38:37.797163
45917,,-69,23,20667,2840,69844,44280,8418684,0,100,19,0,0,B0:CB:D8:C9:92:00,0,0,1,1E:01:D0:40:E0:9E,6,1,DEAUTH,2026-08-05T00:38:38.047163
45917,MGMT_OTHER,-68,24,1182,2505,69844,44280,8418977,0,100,19,0,0,B0:CB:D8:C9:92:00,0,0,1,1E:01:D0:40:E0:9E,6,1,DEAUTH,2026-08-05T00:38:38.340163
45917,MGMT_OTHER,-70,22,6363,3435,69844,44280,8419245,0,100,19,0,0,B0:CB:D8:C9:92:00,0,0,1,1E:01:D0:40:E0:9E,6,1,DEAUTH,2026-08-05T00:38:38.608163
45917,,-70,22,2734,3214,69844,44280,8419397,0,100,19,0,0,B0:CB:D8:C9:92:00,0,0,1,1E:01:D0:40:E0:9E,6,1,DEAUTH,2026-08-05T00:38:38.760163
45917,,-96,-4,17661,3860,69844,44280,8419597,0,100,19,0,0,B0:CB:D8:C9:92:00,0,0,1,1E:01:D0:40:E0:9E,6,1,DEAUTH,2026-08-05T00:38:38.960163
45917,,-69,23,172,1447,69844,44280,8419869,0,100,19,0,0,B0:CB:D8:C9:92:00,0,0,1,1E:01:D0:40:E0:9E,6,1,DEAUTH,2026-08-05T00:38:39.232163
45917,BEACON,-81,11,10239,781,69844,44280,8420183,0,100,19,0,0,B0:CB:D8:C9:92:00,0,0,1,1E:01:D0:40:E0:9E,6,1,DEAUTH,2026-08-05T00:38:39.546163
45917,BEACON,-90,2,1515,3045,69844,44280,8420441,0,100,19,0,0,B0:CB:D8:C9:92:00,0,0,1,1E:01:D0:40:E0:9E,6,1,DEAUTH,2026-08-05T00:38:39.804163
45917,MGMT_OTHER,14,14,0,0,69844,44280,8420699,0,100,19,0,0,B0:CB:D8:C9:92:00,0,0,1,1E:01:D0:40:E0:9E,6,1,DEAUTH,2026-08-05T00:38:40.062163
45917,MGMT_OTHER,-68,24,2852,3773,69844,44280,8420980,0,100,19,0,0,B0:CB:D8:C9:92:00,0,0,1,1E:01:D0:40:E0:9E,6,1,DEAUTH,2026-08-05T00:38:40.343163
45917,,-50,42,3723,2672,69844,44280,8421149,0,100,19,0,0,B0:CB:D8:C9:92:00,0,0,1,1E:01:D0:40:E0:9E,6,1,DEAUTH,2026-08-05T00:38:40.512163
45917,MGMT_OTHER,-70,22,922,3652,69844,44280,8421250,0,100,19,0,0,B0:CB:D8:C9:92:00,0,0,1,1E:01:D0:40:E0:9E,6,1,DEAUTH,2026-08-05T00:38:40.613163
45917,PROBE_RESP,-90,2,0,1,69844,44280,8421379,0,100,19,0,0,B0:CB:D8:C9:92:00,0,0,0,1E:01:D0:40:E0:9E,6,1,DEAUTH,2026-08-05T00:38:40.742163
45917,,-62,30,440,3245,69844,44280,8421440,0,100,19,0,0,B0:CB:D8:C9:92:00,0,0,1,1E:01:D0:40:E0:9E,6,1,DEAUTH,2026-08-05T00:38:40.803163
45917,MGMT_OTHER,-71,21,5796,3304,69844,44280,8421744,0,100,19,0,0,B0:CB:D8:C9:92:00,0,0,1,1E:01:D0:40:E0:9E,6,1,DEAUTH,2026-08-05T00:38:41.107163
45917,BEACON,-59,33,92,2686,69844,44280,8422129,0,100,19,0,0,B0:CB:D8:C9:92:00,0,0,1,1E:01:D0:40:E0:9E,6,1,DEAUTH,2026-08-05T00:38:41.492163
45917,MGMT_OTHER,-70,22,9428,2007,69844,44280,8422342,0,100,19,0,0,B0:CB:D8:C9:92:00,0,0,1,1E:01:D0:40:E0:9E,6,1,DEAUTH,2026-08-05T00:38:41.705163
45917,BEACON,-80,12,51220,804,69844,44280,8422544,0,100,19,0,0,B0:CB:D8:C9:92:00,0,0,1,1E:01:D0:40:E0:9E,6,1,DEAUTH,2026-08-05T00:38:41.907163
45917,MGMT_OTHER,-69,23,223,223,69844,44280,8422897,0,100,19,0,0,B0:CB:D8:C9:92:00,0,0,1,1E:01:D0:40:E0:9E,6,1,DEAUTH,2026-08-05T00:38:42.260163
45917,DISASSOC,-89,3,477,1270,69844,44280,8423097,0,100,19,0,0,B0:CB:D8:C9:92:00,0,0,1,1E:01:D0:40:E0:9E,6,1,DEAUTH,2026-08-05T00:38:42.460163
45917,MGMT_OTHER,-70,22,486,3901,69844,44280,8423194,0,100,19,0,0,B0:CB:D8:C9:92:00,1,0,1,1E:01:D0:40:E0:9E,6,1,DEAUTH,2026-08-05T00:38:42.557163
45917,,-70,22,401,802,69844,44280,8423258,0,100,19,0,0,B0:CB:D8:C9:92:00,0,0,1,1E:01:D0:40:E0:9E,6,1,DEAUTH,2026-08-05T00:38:42.621163
45917,,-69,23,492,1627,69828,44280,8423295,0,100,19,0,0,B0:CB:D8:C9:92:00,0,0,1,1E:01:D0:40:E0:9E,6,1,DEAUTH,2026-08-05T00:38:42.658163
45917,MGMT_OTHER,13,13,0,0,69844,44280,8423463,0,100,19,0,0,B0:CB:D8:C9:92:00,0,0,0,1E:01:D0:40:E0:9E,6,1,DEAUTH,2026-08-05T00:38:42.826163
45917,MGMT_OTHER,-70,22,372,2873,69844,44280,8423547,0,100,19,0,0,B0:CB:D8:C9:92:00,0,0,1,1E:01:D0:40:E0:9E,6,1,DEAUTH,2026-08-05T00:38:42.910163
45917,MGMT_OTHER,-69,23,3024,2202,69844,44280,8423773,0,100,19,0,0,B0:CB:D8:C9:92:00,0,0,1,1E:01:D0:40:E0:9E,6,1,DEAUTH,2026-08-05T00:38:43.136163
45917,BEACON,-91,1,0,3999,69844,44280,8424054,0,100,19,0,0,B0:CB:D8:C9:92:00,0,0,1,1E:01:D0:40:E0:9E,6,1,DEAUTH,2026-08-05T00:38:43.417163
45917,,-69,23,5947,293,69844,44280,8424287,0,100,19,0,0,B0:CB:D8:C9:92:00,0,0,1,1E:01:D0:40:E0:9E,6,0,NONE,2026-08-05T00:38:43.650163
45917,MGMT_OTHER,9,9,0,0,69844,44280,8424392,0,100,19,0,0,B0:CB:D8:C9:92:00,0,0,0,1E:01:D0:40:E0:9E,6,1,DEAUTH,2026-08-05T00:38:43.755163
45917,MGMT_OTHER,-70,22,8384,1084,69844,44280,8424509,0,100,19,0,0,B0:CB:D8:C9:92:00,0,0,1,1E:01:D0:40:E0:9E,6,1,DEAUTH,2026-08-05T00:38:43.872163
45917,BEACON,-91,1,0,3088,69844,44280,8424845,0,100,19,0,0,B0:CB:D8:C9:92:00,0,0,1,1E:01:D0:40:E0:9E,6,1,DEAUTH,2026-08-05T00:38:44.208163
45917,,-70,22,14542,733,69844,44280,8425124,0,100,19,0,0,B0:CB:D8:C9:92:00,0,0,1,1E:01:D0:40:E0:9E,6,1,DEAUTH,2026-08-05T00:38:44.487163
45917,,-70,22,671,1150,69844,44280,8425242,0,100,19,0,0,B0:CB:D8:C9:92:00,0,0,1,1E:01:D0:40:E0:9E,6,1,DEAUTH,2026-08-05T00:38:44.605163
45917,MGMT_OTHER,-71,21,515,1204,69844,44280,8425390,0,100,19,0,0,B0:CB:D8:C9:92:00,0,0,0,1E:01:D0:40:E0:9E,6,1,DEAUTH,2026-08-05T00:38:44.753163
45917,,-70,22,1321,18,69844,44280,8425551,0,100,19,0,0,B0:CB:D8:C9:92:00,0,0,1,1E:01:D0:40:E0:9E,6,1,DEAUTH,2026-08-05T00:38:44.914163
45917,DEAUTH,-37,55,0,347,69240,44280,8425767,0,100,19,0,0,B0:CB:D8:C9:92:00,1,0,0,1E:01:D0:40:E0:9E,6,1,DEAUTH,2026-08-05T00:38:45.130163
45917,,-70,22,591,1606,69304,44280,8425877,0,100,19,0,0,B0:CB:D8:C9:92:00,1,0,1,1E:01:D0:40:E0:9E,6,1,DEAUTH,2026-08-05T00:38:45.240163
45917,DEAUTH,-37,55,0,403,69428,44280,8425993,0,100,19,0,0,B0:CB:D8:C9:92:00,1,0,0,1E:01:D0:40:E0:9E,6,1,DEAUTH,2026-08-05T00:38:45.356163
45917,DEAUTH,-36,56,0,432,69308,44280,8426115,0,100,19,0,0,B0:CB:D8:C9:92:00,1,1,0,1E:01:D0:40:E0:9E,6,1,DEAUTH,2026-08-05T00:38:45.478163
45917,MGMT_OTHER,-71,21,266,413,69844,44280,8426322,0,100,19,0,0,B0:CB:D8:C9:92:00,1,0,1,1E:01:D0:40:E0:9E,6,1,DEAUTH,2026-08-05T00:38:45.685163
45917,DEAUTH,-37,55,0,475,69152,44280,8426495,0,100,19,0,0,B0:CB:D8:C9:92:00,1,0,0,1E:01:D0:40:E0:9E,6,1,DEAUTH,2026-08-05T00:38:45.858163
45917,DEAUTH,-37,55,27004,503,69624,44280,8426585,0,100,19,0,0,B0:CB:D8:C9:92:00,1,0,0,1E:01:D0:40:E0:9E,6,1,DEAUTH,2026-08-05T00:38:45.948163
45917,DEAUTH,-37,55,0,515,69772,44280,8426651,0,100,19,0,0,B0:CB:D8:C9:92:00,1,0,0,1E:01:D0:40:E0:9E,6,1,DEAUTH,2026-08-05T00:38:46.014163
45917,BEACON,-58,34,0,2823,69292,44280,8426740,0,100,19,0,0,B0:CB:D8:C9:92:00,1,0,0,1E:01:D0:40:E0:9E,6,1,DEAUTH,2026-08-05T00:38:46.103163
45917,BEACON,-80,12,0,809,69008,44280,8426861,0,100,19,0,0,B0:CB:D8:C9:92:00,1,0,0,1E:01:D0:40:E0:9E,6,1,DEAUTH,2026-08-05T00:38:46.224163
45917,MGMT_OTHER,-71,21,1126,1299,69844,44280,8426980,0,100,19,0,0,B0:CB:D8:C9:92:00,1,0,1,1E:01:D0:40:E0:9E,6,1,DEAUTH,2026-08-05T00:38:46.343163
45917,DEAUTH,-37,55,0,596,69476,44280,8427169,0,100,19,0,0,B0:CB:D8:C9:92:00,0,1,1,1E:01:D0:40:E0:9E,6,1,DEAUTH,2026-08-05T00:38:46.532163
45917,DEAUTH,-37,55,317,621,69624,44280,8427287,0,100,19,0,0,B0:CB:D8:C9:92:00,1,0,1,1E:01:D0:40:E0:9E,6,1,DEAUTH,2026-08-05T00:38:46.650163
45917,DEAUTH,-37,55,469,646,69104,44280,8427392,0,100,19,0,0,B0:CB:D8:C9:92:00,1,1,1,1E:01:D0:40:E0:9E,6,1,DEAUTH,2026-08-05T00:38:46.755163
45917,,-68,24,2256,3953,69476,44280,8427488,0,100,19,0,0,B0:CB:D8:C9:92:00,1,0,1,1E:01:D0:40:E0:9E,6,1,DEAUTH,2026-08-05T00:38:46.851163
45917,BEACON,-91,1,0,3115,69404,44280,8427622,0,100,19,0,0,B0:CB:D8:C9:92:00,1,0,1,1E:01:D0:40:E0:9E,6,1,DEAUTH,2026-08-05T00:38:46.985163
45917,BEACON,-60,32,25037,531,69844,44280,8427842,0,100,19,0,0,B0:CB:D8:C9:92:00,1,0,1,1E:01:D0:40:E0:9E,6,1,DEAUTH,2026-08-05T00:38:47.205163
45917,,-68,24,2808,3739,69320,44280,8427959,0,100,19,0,0,B0:CB:D8:C9:92:00,0,0,1,1E:01:D0:40:E0:9E,6,1,DEAUTH,2026-08-05T00:38:47.322163
45917,DEAUTH,-37,55,3409,755,67848,44280,8428095,0,100,19,0,0,B0:CB:D8:C9:92:00,1,0,1,1E:01:D0:40:E0:9E,6,1,DEAUTH,2026-08-05T00:38:47.458163
45917,DEAUTH,-37,55,87,779,69772,44280,8428178,0,100,19,0,0,B0:CB:D8:C9:92:00,1,0,1,1E:01:D0:40:E0:9E,6,1,DEAUTH,2026-08-05T00:38:47.541163
45917,,10,10,0,0,69624,44280,8428221,0,100,19,0,0,B0:CB:D8:C9:92:00,0,0,0,1E:01:D0:40:E0:9E,6,1,DEAUTH,2026-08-05T00:38:47.584163
45917,DEAUTH,-36,56,0,830,69680,44280,8428335,0,100,19,0,0,B0:CB:D8:C9:92:00,1,1,1,1E:01:D0:40:E0:9E,6,1,DEAUTH,2026-08-05T00:38:47.698163
45917,BEACON,-91,1,98,3124,69844,44280,8428532,0,100,19,0,0,B0:CB:D8:C9:92:00,1,0,1,1E:01:D0:40:E0:9E,6,1,DEAUTH,2026-08-05T00:38:47.895163
45917,DEAUTH,-36,56,0,867,69400,44280,8428678,0,100,19,0,0,B0:CB:D8:C9:92:00,1,0,0,1E:01:D0:40:E0:9E,6,1,DEAUTH,2026-08-05T00:38:48.041163
45917,DEAUTH,-37,55,0,901,68000,44280,8428805,0,100,19,0,0,B0:CB:D8:C9:92:00,1,0,0,1E:01:D0:40:E0:9E,6,1,DEAUTH,2026-08-05T00:38:48.168163
45917,,-69,23,1158,1180,68936,44280,8428919,0,100,19,0,0,B0:CB:D8:C9:92:00,1,0,1,1E:01:D0:40:E0:9E,6,1,DEAUTH,2026-08-05T00:38:48.282163
45917,DEAUTH,-37,55,0,963,69192,44280,8429036,0,100,19,0,0,B0:CB:D8:C9:92:00,1,0,1,1E:01:D0:40:E0:9E,6,1,DEAUTH,2026-08-05T00:38:48.399163
45917,MGMT_OTHER,-69,23,357,1595,69844,44280,8429200,0,100,19,0,0,B0:CB:D8:C9:92:00,0,0,1,1E:01:D0:40:E0:9E,6,1,DEAUTH,2026-08-05T00:38:48.563163
45917,,-70,22,1136,1060,69476,44280,8429318,0,100,19,0,0,B0:CB:D8:C9:92:00,1,0,1,1E:01:D0:40:E0:9E,6,1,DEAUTH,2026-08-05T00:38:48.681163
45917,DEAUTH,-37,55,0,1001,69624,44280,8429397,0,100,19,0,0,B0:CB:D8:C9:92:00,1,0,0,1E:01:D0:40:E0:9E,6,1,DEAUTH,2026-08-05T00:38:48.760163
45917,DEAUTH,-37,55,0,1017,69608,44280,8429511,0,100,19,0,0,B0:CB:D8:C9:92:00,0,0,0,1E:01:D0:40:E0:9E,6,1,DEAUTH,2026-08-05T00:38:48.874163
45917,,-52,40,5284,3023,69772,44280,8429598,0,100,19,0,0,B0:CB:D8:C9:92:00,0,0,1,1E:01:D0:40:E0:9E,6,1,DEAUTH,2026-08-05T00:38:48.961163
45917,,-51,41,190,3502,69772,44280,8429696,0,100,19,0,0,B0:CB:D8:C9:92:00,0,0,0,1E:01:D0:40:E0:9E,6,1,DEAUTH,2026-08-05T00:38:49.059163
45917,MGMT_OTHER,-52,40,0,3043,66116,44280,8429810,0,100,19,0,0,B0:CB:D8:C9:92:00,1,0,1,1E:01:D0:40:E0:9E,6,1,DEAUTH,2026-08-05T00:38:49.173163
45917,DEAUTH,-37,55,92,1098,69844,44280,8430025,0,100,19,0,0,B0:CB:D8:C9:92:00,0,1,1,1E:01:D0:40:E0:9E,6,1,DEAUTH,2026-08-05T00:38:49.388163
45917,DEAUTH,-37,55,0,1127,69624,44280,8430140,0,100,19,0,0,B0:CB:D8:C9:92:00,1,0,1,1E:01:D0:40:E0:9E,6,1,DEAUTH,2026-08-05T00:38:49.503163
45917,DEAUTH,-37,55,758,1158,69624,44280,8430260,0,100,19,0,0,B0:CB:D8:C9:92:00,1,1,1,1E:01:D0:40:E0:9E,6,1,DEAUTH,2026-08-05T00:38:49.623163
45917,DEAUTH,-39,53,3087,1191,69392,44280,8430398,0,100,19,0,0,B0:CB:D8:C9:92:00,1,0,0,1E:01:D0:40:E0:9E,6,1,DEAUTH,2026-08-05T00:38:49.761163
45917,DEAUTH,-37,55,0,1216,66728,44280,8430528,0,100,19,0,0,B0:CB:D8:C9:92:00,1,1,1,1E:01:D0:40:E0:9E,6,1,DEAUTH,2026-08-05T00:38:49.891163
45917,DEAUTH,-37,55,0,1238,69064,44280,8430767,0,100,19,0,0,B0:CB:D8:C9:92:00,1,1,0,1E:01:D0:40:E0:9E,6,1,DEAUTH,2026-08-05T00:38:50.130163
45917,DEAUTH,-37,55,3710,1260,68872,44280,8430877,0,100,19,0,0,B0:CB:D8:C9:92:00,1,1,0,1E:01:D0:40:E0:9E,6,1,DEAUTH,2026-08-05T00:38:50.240163
45917,,-69,23,2570,3077,68840,44280,8431002,0,100,19,0,0,B0:CB:D8:C9:92:00,1,0,1,1E:01:D0:40:E0:9E,6,1,DEAUTH,2026-08-05T00:38:50.365163
45917,BEACON,-63,29,22542,563,69844,44280,8431117,0,100,19,0,0,B0:CB:D8:C9:92:00,1,0,1,1E:01:D0:40:E0:9E,6,1,DEAUTH,2026-08-05T00:38:50.480163
45917,,-69,23,10791,3392,66332,44280,8431248,0,100,19,0,0,B0:CB:D8:C9:92:00,1,0,1,1E:01:D0:40:E0:9E,6,1,DEAUTH,2026-08-05T00:38:50.611163
45917,,-70,22,1156,2573,69844,44280,8431361,0,100,19,0,0,B0:CB:D8:C9:92:00,1,0,1,1E:01:D0:40:E0:9E,6,1,DEAUTH,2026-08-05T00:38:50.724163
45917,MGMT_OTHER,-70,22,963,3586,69844,44280,8431452,0,100,19,0,0,B0:CB:D8:C9:92:00,1,0,1,1E:01:D0:40:E0:9E,6,1,DEAUTH,2026-08-05T00:38:50.815163
45917,,-71,21,2997,181,69772,44280,8431593,0,100,19,0,0,B0:CB:D8:C9:92:00,1,0,1,1E:01:D0:40:E0:9E,6,1,DEAUTH,2026-08-05T00:38:50.956163
45917,DEAUTH,-37,55,0,1412,69772,44280,8431697,0,100,19,0,0,B0:CB:D8:C9:92:00,1,1,0,1E:01:D0:40:E0:9E,6,1,DEAUTH,2026-08-05T00:38:51.060163
45917,MGMT_OTHER,-69,23,634,4095,69620,44280,8431803,0,100,19,0,0,B0:CB:D8:C9:92:00,1,0,1,1E:01:D0:40:E0:9E,6,1,DEAUTH,2026-08-05T00:38:51.166163
45917,MGMT_OTHER,-70,22,1482,1294,69452,44280,8431908,0,100,19,0,0,B0:CB:D8:C9:92:00,1,0,1,1E:01:D0:40:E0:9E,6,1,DEAUTH,2026-08-05T00:38:51.271163
45917,MGMT_OTHER,-69,23,924,2281,69844,44280,8432055,0,100,19,0,0,B0:CB:D8:C9:92:00,1,0,1,1E:01:D0:40:E0:9E,6,1,DEAUTH,2026-08-05T00:38:51.418163
45917,DEAUTH,-37,55,0,1494,69468,44280,8432212,0,100,19,0,0,B0:CB:D8:C9:92:00,1,1,0,1E:01:D0:40:E0:9E,6,1,DEAUTH,2026-08-05T00:38:51.575163
45917,DEAUTH,-37,55,0,1505,69772,44280,8432284,0,100,19,0,0,B0:CB:D8:C9:92:00,1,0,0,1E:01:D0:40:E0:9E,6,1,DEAUTH,2026-08-05T00:38:51.647163
45917,DEAUTH,-37,55,0,1532,69184,44280,8432404,0,100,19,0,0,B0:CB:D8:C9:92:00,0,1,1,1E:01:D0:40:E0:9E,6,1,DEAUTH,2026-08-05T00:38:51.767163
45917,DEAUTH,-37,55,0,1565,69548,44280,8432505,0,100,19,0,0,B0:CB:D8:C9:92:00,1,0,0,1E:01:D0:40:E0:9E,6,1,DEAUTH,2026-08-05T00:38:51.868163
45917,DEAUTH,-36,56,0,1599,69064,44280,8432681,0,100,19,0,0,B0:CB:D8:C9:92:00,1,0,0,1E:01:D0:40:E0:9E,6,1,DEAUTH,2026-08-05T00:38:52.044163
45917,,-71,21,509,3913,69844,44280,8432790,0,100,19,0,0,B0:CB:D8:C9:92:00,1,0,1,1E:01:D0:40:E0:9E,6,1,DEAUTH,2026-08-05T00:38:52.153163
45917,MGMT_OTHER,-69,23,366,560,69844,44280,8433013,0,100,19,0,0,B0:CB:D8:C9:92:00,1,0,1,1E:01:D0:40:E0:9E,6,1,DEAUTH,2026-08-05T00:38:52.376163
45917,MGMT_OTHER,-69,23,424,218,69844,44280,8433206,0,100,19,0,0,B0:CB:D8:C9:92:00,0,0,1,1E:01:D0:40:E0:9E,6,1,DEAUTH,2026-08-05T00:38:52.569163
45917,,-81,11,0,287,69844,44280,8433278,0,100,19,0,0,B0:CB:D8:C9:92:00,1,0,1,1E:01:D0:40:E0:9E,6,1,DEAUTH,2026-08-05T00:38:52.641163
45917,MGMT_OTHER,-71,21,393,2424,69844,44280,8433336,0,100,19,0,0,B0:CB:D8:C9:92:00,1,0,1,1E:01:D0:40:E0:9E,6,1,DEAUTH,2026-08-05T00:38:52.699163
45917,,-70,22,2502,2603,69844,44280,8433410,0,100,19,0,0,B0:CB:D8:C9:92:00,0,0,1,1E:01:D0:40:E0:9E,6,1,DEAUTH,2026-08-05T00:38:52.773163
45917,,-52,40,0,3224,69088,44280,8433513,0,100,19,0,0,B0:CB:D8:C9:92:00,0,0,1,1E:01:D0:40:E0:9E,6,1,DEAUTH,2026-08-05T00:38:52.876163
45917,BEACON,-81,11,0,875,69624,44280,8433600,0,100,19,0,0,B0:CB:D8:C9:92:00,1,0,1,1E:01:D0:40:E0:9E,6,1,DEAUTH,2026-08-05T00:38:52.963163
45917,,-53,39,0,3238,69224,44280,8433720,0,100,19,0,0,B0:CB:D8:C9:92:00,1,0,1,1E:01:D0:40:E0:9E,6,1,DEAUTH,2026-08-05T00:38:53.083163
45917,DEAUTH,-38,54,0,1672,69772,44280,8433774,0,100,19,0,0,B0:CB:D8:C9:92:00,1,1,1,1E:01:D0:40:E0:9E,6,1,DEAUTH,2026-08-05T00:38:53.137163
45917,DEAUTH,-38,54,0,1691,69624,44280,8433918,0,100,19,0,0,B0:CB:D8:C9:92:00,1,0,0,1E:01:D0:40:E0:9E,6,1,DEAUTH,2026-08-05T00:38:53.281163
45917,DEAUTH,-37,55,0,1719,69624,44280,8434023,0,100,19,0,0,B0:CB:D8:C9:92:00,1,0,0,1E:01:D0:40:E0:9E,6,1,DEAUTH,2026-08-05T00:38:53.386163
45917,,-94,-2,8626,1978,69844,44280,8434201,0,100,19,0,0,B0:CB:D8:C9:92:00,1,0,1,1E:01:D0:40:E0:9E,6,1,DEAUTH,2026-08-05T00:38:53.564163
45917,,-52,40,773,3287,69772,44280,8434333,0,100,19,0,0,B0:CB:D8:C9:92:00,1,0,0,1E:01:D0:40:E0:9E,6,1,DEAUTH,2026-08-05T00:38:53.696163
45917,DEAUTH,-37,55,88,1790,69772,44280,8434463,0,100,19,0,0,B0:CB:D8:C9:92:00,1,1,1,1E:01:D0:40:E0:9E,6,1,DEAUTH,2026-08-05T00:38:53.826163
45917,DEAUTH,-38,54,0,1822,69364,44280,8434582,0,100,19,0,0,B0:CB:D8:C9:92:00,1,1,1,1E:01:D0:40:E0:9E,6,1,DEAUTH,2026-08-05T00:38:53.945163
45917,DEAUTH,-38,54,27916,1855,69760,44280,8434685,0,100,19,0,0,B0:CB:D8:C9:92:00,1,0,0,1E:01:D0:40:E0:9E,6,1,DEAUTH,2026-08-05T00:38:54.048163
45917,BEACON,-54,38,3048,3320,69844,44280,8434827,0,100,19,0,0,B0:CB:D8:C9:92:00,1,0,1,1E:01:D0:40:E0:9E,6,1,DEAUTH,2026-08-05T00:38:54.190163
45917,,-71,21,3972,2646,69476,44280,8434995,0,100,19,0,0,B0:CB:D8:C9:92:00,1,0,1,1E:01:D0:40:E0:9E,6,1,DEAUTH,2026-08-05T00:38:54.358163
45917,DEAUTH,-37,55,8729,1894,69844,44280,8435118,0,100,19,0,0,B0:CB:D8:C9:92:00,1,1,1,1E:01:D0:40:E0:9E,6,1,DEAUTH,2026-08-05T00:38:54.481163
45917,BEACON,-63,29,11553,603,69844,44280,8435222,0,100,19,0,0,B0:CB:D8:C9:92:00,1,0,1,1E:01:D0:40:E0:9E,6,1,DEAUTH,2026-08-05T00:38:54.585163
45917,DEAUTH,-37,55,0,1940,69280,44280,8435326,0,100,19,0,0,B0:CB:D8:C9:92:00,1,1,0,1E:01:D0:40:E0:9E,6,1,DEAUTH,2026-08-05T00:38:54.689163
45917,DEAUTH,-38,54,1287,1966,69624,44280,8435435,0,100,19,0,0,B0:CB:D8:C9:92:00,1,1,0,1E:01:D0:40:E0:9E,6,1,DEAUTH,2026-08-05T00:38:54.798163
45917,DEAUTH,-37,55,1678,1993,69476,44280,8435548,0,100,19,0,0,B0:CB:D8:C9:92:00,1,0,1,1E:01:D0:40:E0:9E,6,1,DEAUTH,2026-08-05T00:38:54.911163
45917,,-70,22,909,147,69296,44280,8435597,0,100,19,0,0,B0:CB:D8:C9:92:00,1,0,1,1E:01:D0:40:E0:9E,6,1,DEAUTH,2026-08-05T00:38:54.960163
45917,DEAUTH,-37,55,0,2001,68948,44280,8435769,0,100,19,0,0,B0:CB:D8:C9:92:00,1,0,0,1E:01:D0:40:E0:9E,6,1,DEAUTH,2026-08-05T00:38:55.132163
45917,,-71,21,482,2917,69844,44280,8435875,0,100,19,0,0,B0:CB:D8:C9:92:00,1,0,1,1E:01:D0:40:E0:9E,6,1,DEAUTH,2026-08-05T00:38:55.238163
45917,MGMT_OTHER,-70,22,510,3879,69552,44280,8435995,0,100,19,0,0,B0:CB:D8:C9:92:00,1,0,1,1E:01:D0:40:E0:9E,6,1,DEAUTH,2026-08-05T00:38:55.358163
45917,,-87,5,3018,3212,69552,44280,8436110,0,100,19,0,0,B0:CB:D8:C9:92:00,1,0,1,1E:01:D0:40:E0:9E,6,1,DEAUTH,2026-08-05T00:38:55.473163
45917,MGMT_OTHER,-52,40,0,3393,68932,44280,8436231,0,100,19,0,0,B0:CB:D8:C9:92:00,1,0,1,1E:01:D0:40:E0:9E,6,1,DEAUTH,2026-08-05T00:38:55.594163
45917,,-52,40,0,3401,69844,44280,8436300,0,100,19,0,0,B0:CB:D8:C9:92:00,1,0,0,1E:01:D0:40:E0:9E,6,1,DEAUTH,2026-08-05T00:38:55.663163
45917,DEAUTH,-37,55,124,2127,69244,44280,8436489,0,100,19,0,0,B0:CB:D8:C9:92:00,0,0,1,1E:01:D0:40:E0:9E,6,1,DEAUTH,2026-08-05T00:38:55.852163
45917,MGMT_OTHER,-52,40,0,3411,69772,44280,8436589,0,100,19,0,0,B0:CB:D8:C9:92:00,1,0,1,1E:01:D0:40:E0:9E,6,1,DEAUTH,2026-08-05T00:38:55.952163
45917,DEAUTH,-37,55,2155,2182,69308,44280,8436711,0,100,19,0,0,B0:CB:D8:C9:92:00,1,1,1,1E:01:D0:40:E0:9E,6,1,DEAUTH,2026-08-05T00:38:56.074163
45917,DEAUTH,-37,55,5448,2214,69244,44280,8436833,0,100,19,0,0,B0:CB:D8:C9:92:00,1,1,0,1E:01:D0:40:E0:9E,6,1,DEAUTH,2026-08-05T00:38:56.196163
45917,DEAUTH,-37,55,0,2239,69380,44280,8436938,0,100,19,0,0,B0:CB:D8:C9:92:00,1,0,0,1E:01:D0:40:E0:9E,6,1,DEAUTH,2026-08-05T00:38:56.301163
45917,PROBE_RESP,-91,1,0,0,69844,44280,8437150,0,100,19,0,0,B0:CB:D8:C9:92:00,1,0,0,1E:01:D0:40:E0:9E,6,1,DEAUTH,2026-08-05T00:38:56.513163
45917,DEAUTH,-37,55,0,2271,69412,44280,8437337,0,100,19,0,0,B0:CB:D8:C9:92:00,1,0,0,1E:01:D0:40:E0:9E,6,1,DEAUTH,2026-08-05T00:38:56.700163
45917,MGMT_OTHER,-70,22,2501,6,68152,44280,8437432,0,100,19,0,0,B0:CB:D8:C9:92:00,1,0,1,1E:01:D0:40:E0:9E,6,1,DEAUTH,2026-08-05T00:38:56.795163
45917,MGMT_OTHER,-69,23,1043,2042,69096,44280,8437531,0,100,19,0,0,B0:CB:D8:C9:92:00,1,0,1,1E:01:D0:40:E0:9E,6,1,DEAUTH,2026-08-05T00:38:56.894163
45917,DEAUTH,-37,55,0,2353,69008,44280,8437634,0,100,19,0,0,B0:CB:D8:C9:92:00,1,0,0,1E:01:D0:40:E0:9E,6,1,DEAUTH,2026-08-05T00:38:56.997163
45917,MGMT_OTHER,-54,38,0,3482,68828,44280,8437729,0,100,19,0,0,B0:CB:D8:C9:92:00,1,0,1,1E:01:D0:40:E0:9E,6,1,DEAUTH,2026-08-05T00:38:57.092163
45917,MGMT_OTHER,-71,21,2695,3477,69544,44280,8437904,0,100,19,0,0,B0:CB:D8:C9:92:00,1,0,0,1E:01:D0:40:E0:9E,6,1,DEAUTH,2026-08-05T00:38:57.267163
45917,,-94,-2,4699,271,68604,44280,8438034,0,100,19,0,0,B0:CB:D8:C9:92:00,1,0,1,1E:01:D0:40:E0:9E,6,1,DEAUTH,2026-08-05T00:38:57.397163
45917,MGMT_OTHER,-70,22,220,615,68248,44280,8438151,0,100,19,0,0,B0:CB:D8:C9:92:00,1,0,1,1E:01:D0:40:E0:9E,6,1,DEAUTH,2026-08-05T00:38:57.514163
45917,DEAUTH,-37,55,0,2452,69772,44280,8438237,0,100,19,0,0,B0:CB:D8:C9:92:00,1,1,0,1E:01:D0:40:E0:9E,6,1,DEAUTH,2026-08-05T00:38:57.600163
45917,DEAUTH,-37,55,0,2483,69032,44280,8438357,0,100,19,0,0,B0:CB:D8:C9:92:00,1,0,0,1E:01:D0:40:E0:9E,6,1,DEAUTH,2026-08-05T00:38:57.720163
45917,,-70,22,965,2151,69476,44280,8438463,0,100,19,0,0,B0:CB:D8:C9:92:00,1,0,1,1E:01:D0:40:E0:9E,6,1,DEAUTH,2026-08-05T00:38:57.826163
45917,,-70,22,1218,1186,68964,44280,8438645,0,100,19,0,0,B0:CB:D8:C9:92:00,1,0,1,1E:01:D0:40:E0:9E,6,1,DEAUTH,2026-08-05T00:38:58.008163
45917,DEAUTH,-37,55,0,2537,69624,44280,8438759,0,100,19,0,0,B0:CB:D8:C9:92:00,1,0,0,1E:01:D0:40:E0:9E,6,1,DEAUTH,2026-08-05T00:38:58.122163
45917,MGMT_OTHER,-53,39,4480,3547,69616,44280,8438876,0,100,19,0,0,B0:CB:D8:C9:92:00,1,0,1,1E:01:D0:40:E0:9E,6,1,DEAUTH,2026-08-05T00:38:58.239163
45917,DEAUTH,-38,54,0,2594,69072,44280,8439011,0,100,19,0,0,B0:CB:D8:C9:92:00,1,1,1,1E:01:D0:40:E0:9E,6,1,DEAUTH,2026-08-05T00:38:58.374163
45917,DEAUTH,-37,55,4801,2622,69772,44280,8439139,0,100,19,0,0,B0:CB:D8:C9:92:00,1,1,1,1E:01:D0:40:E0:9E,6,1,DEAUTH,2026-08-05T00:38:58.502163
45917,MGMT_OTHER,-70,22,1369,1067,69772,44280,8439244,0,100,19,0,0,B0:CB:D8:C9:92:00,0,0,1,1E:01:D0:40:E0:9E,6,1,DEAUTH,2026-08-05T00:38:58.607163
45917,,-71,21,577,2065,69844,44280,8439337,0,100,19,0,0,B0:CB:D8:C9:92:00,1,0,1,1E:01:D0:40:E0:9E,6,1,DEAUTH,2026-08-05T00:38:58.700163
45917,DEAUTH,-36,56,0,2639,69772,44280,8439426,0,100,19,0,0,B0:CB:D8:C9:92:00,0,0,0,1E:01:D0:40:E0:9E,6,1,DEAUTH,2026-08-05T00:38:58.789163
45917,DEAUTH,-37,55,2133,2660,69328,44280,8439520,0,100,19,0,0,B0:CB:D8:C9:92:00,1,1,1,1E:01:D0:40:E0:9E,6,1,DEAUTH,2026-08-05T00:38:58.883163
45917,MGMT_OTHER,-72,20,1012,16,69512,44280,8439607,0,100,19,0,0,B0:CB:D8:C9:92:00,1,0,1,1E:01:D0:40:E0:9E,6,1,DEAUTH,2026-08-05T00:38:58.970163
45917,MGMT_OTHER,-72,20,1127,1749,69772,44280,8439722,0,100,19,0,0,B0:CB:D8:C9:92:00,1,0,1,1E:01:D0:40:E0:9E,6,1,DEAUTH,2026-08-05T00:38:59.085163
45917,DEAUTH,-36,56,888,2732,69612,44280,8439806,0,100,19,0,0,B0:CB:D8:C9:92:00,1,1,1,1E:01:D0:40:E0:9E,6,1,DEAUTH,2026-08-05T00:38:59.169163
45917,MGMT_OTHER,-51,41,0,3609,69468,44280,8439940,0,100,19,0,0,B0:CB:D8:C9:92:00,1,0,1,1E:01:D0:40:E0:9E,6,1,DEAUTH,2026-08-05T00:38:59.303163
45917,DEAUTH,-36,56,1859,2773,69004,44280,8440171,0,100,19,0,0,B0:CB:D8:C9:92:00,0,0,0,1E:01:D0:40:E0:9E,6,1,DEAUTH,2026-08-05T00:38:59.534163
45917,MGMT_OTHER,-71,21,354,208,69328,44280,8440286,0,100,19,0,0,B0:CB:D8:C9:92:00,1,0,1,1E:01:D0:40:E0:9E,6,1,DEAUTH,2026-08-05T00:38:59.649163
45917,DEAUTH,-37,55,0,2828,69156,44280,8440394,0,100,19,0,0,B0:CB:D8:C9:92:00,1,1,0,1E:01:D0:40:E0:9E,6,1,DEAUTH,2026-08-05T00:38:59.757163
45917,,-49,43,0,3642,68944,44280,8440511,0,100,19,0,0,B0:CB:D8:C9:92:00,1,0,1,1E:01:D0:40:E0:9E,6,1,DEAUTH,2026-08-05T00:38:59.874163
45917,DEAUTH,-37,55,0,2880,69772,44280,8440585,0,100,19,0,0,B0:CB:D8:C9:92:00,1,1,0,1E:01:D0:40:E0:9E,6,1,DEAUTH,2026-08-05T00:38:59.948163
45917,MGMT_OTHER,-71,21,5779,3216,69844,44280,8440687,0,100,19,0,0,B0:CB:D8:C9:92:00,1,0,1,1E:01:D0:40:E0:9E,6,1,DEAUTH,2026-08-05T00:39:00.050163
45917,MGMT_OTHER,-69,23,959,2219,69844,44280,8440895,0,100,19,0,0,B0:CB:D8:C9:92:00,0,0,1,1E:01:D0:40:E0:9E,6,1,DEAUTH,2026-08-05T00:39:00.258163
45917,,-69,23,1487,1996,69844,44280,8441076,0,100,19,0,0,B0:CB:D8:C9:92:00,0,0,1,1E:01:D0:40:E0:9E,6,1,DEAUTH,2026-08-05T00:39:00.439163
45917,MGMT_OTHER,-69,23,1313,2303,69844,44280,8441200,0,100,19,0,0,B0:CB:D8:C9:92:00,0,0,1,1E:01:D0:40:E0:9E,6,1,DEAUTH,2026-08-05T00:39:00.563163
45917,,-70,22,406,122,69844,44280,8441283,0,100,19,0,0,B0:CB:D8:C9:92:00,0,0,1,1E:01:D0:40:E0:9E,6,1,DEAUTH,2026-08-05T00:39:00.646163
45917,,-71,21,318,2220,69844,44280,8441409,0,100,19,0,0,B0:CB:D8:C9:92:00,0,0,1,1E:01:D0:40:E0:9E,6,1,DEAUTH,2026-08-05T00:39:00.772163
45917,DEAUTH,-37,55,0,2905,69328,44280,8441537,0,100,19,0,0,B0:CB:D8:C9:92:00,1,0,0,1E:01:D0:40:E0:9E,6,1,DEAUTH,2026-08-05T00:39:00.900163
45917,DEAUTH,-37,55,0,2935,69772,44280,8441629,0,100,19,0,0,B0:CB:D8:C9:92:00,1,0,1,1E:01:D0:40:E0:9E,6,1,DEAUTH,2026-08-05T00:39:00.992163
45917,MGMT_OTHER,-54,38,92,3689,68744,44280,8441739,0,100,19,0,0,B0:CB:D8:C9:92:00,1,0,0,1E:01:D0:40:E0:9E,6,1,DEAUTH,2026-08-05T00:39:01.102163
45917,DEAUTH,-37,55,0,2966,69696,44280,8441837,0,100,19,0,0,B0:CB:D8:C9:92:00,1,1,1,1E:01:D0:40:E0:9E,6,1,DEAUTH,2026-08-05T00:39:01.200163
45917,DEAUTH,-37,55,0,2987,69624,44280,8441994,0,100,19,0,0,B0:CB:D8:C9:92:00,1,0,0,1E:01:D0:40:E0:9E,6,1,DEAUTH,2026-08-05T00:39:01.357163
45917,DEAUTH,-37,55,0,3016,68656,44280,8442063,0,100,19,0,0,B0:CB:D8:C9:92:00,1,1,0,1E:01:D0:40:E0:9E,6,1,DEAUTH,2026-08-05T00:39:01.426163
45917,DEAUTH,-37,55,0,3033,69400,44280,8442297,0,100,19,0,0,B0:CB:D8:C9:92:00,1,0,0,1E:01:D0:40:E0:9E,6,1,DEAUTH,2026-08-05T00:39:01.660163
45917,,-95,-3,18908,3059,69476,44280,8442413,0,100,19,0,0,B0:CB:D8:C9:92:00,1,0,0,1E:01:D0:40:E0:9E,6,1,DEAUTH,2026-08-05T00:39:01.776163
45917,MGMT_OTHER,-52,40,0,3730,69128,44280,8442510,0,100,19,0,0,B0:CB:D8:C9:92:00,1,0,0,1E:01:D0:40:E0:9E,6,1,DEAUTH,2026-08-05T00:39:01.873163
45917,DEAUTH,-37,55,0,3126,69608,44280,8442601,0,100,19,0,0,B0:CB:D8:C9:92:00,1,1,0,1E:01:D0:40:E0:9E,6,1,DEAUTH,2026-08-05T00:39:01.964163
45917,BEACON,-88,4,13650,3263,69844,44280,8442766,0,100,19,0,0,B0:CB:D8:C9:92:00,1,0,1,1E:01:D0:40:E0:9E,6,1,DEAUTH,2026-08-05T00:39:02.129163
45917,DEAUTH,-37,55,0,3167,69400,44280,8442942,0,100,19,0,0,B0:CB:D8:C9:92:00,0,0,0,1E:01:D0:40:E0:9E,6,1,DEAUTH,2026-08-05T00:39:02.305163
45917,DEAUTH,-37,55,0,3203,68604,44280,8443059,0,100,19,0,0,B0:CB:D8:C9:92:00,1,0,0,1E:01:D0:40:E0:9E,6,1,DEAUTH,2026-08-05T00:39:02.422163
45917,DEAUTH,-37,55,612,3232,69552,44280,8443134,0,100,19,0,0,B0:CB:D8:C9:92:00,1,1,1,1E:01:D0:40:E0:9E,6,1,DEAUTH,2026-08-05T00:39:02.497163
45917,MGMT_OTHER,-74,18,891,3597,69592,44280,8443239,0,100,19,0,0,B0:CB:D8:C9:92:00,1,0,1,1E:01:D0:40:E0:9E,6,1,DEAUTH,2026-08-05T00:39:02.602163
45917,BEACON,-56,36,0,3781,69772,44280,8443328,0,100,19,0,0,B0:CB:D8:C9:92:00,1,0,1,1E:01:D0:40:E0:9E,6,1,DEAUTH,2026-08-05T00:39:02.691163
45917,,-52,40,16251,3786,68040,44280,8443448,0,100,19,0,0,B0:CB:D8:C9:92:00,0,0,1,1E:01:D0:40:E0:9E,6,1,DEAUTH,2026-08-05T00:39:02.811004
45917,MGMT_OTHER,-53,39,0,3794,68912,44280,8443643,0,100,19,0,0,B0:CB:D8:C9:92:00,1,0,1,1E:01:D0:40:E0:9E,6,1,DEAUTH,2026-08-05T00:39:03.006004
45917,,-72,20,816,2851,68356,44280,8443750,0,100,19,0,0,B0:CB:D8:C9:92:00,1,0,1,1E:01:D0:40:E0:9E,6,1,DEAUTH,2026-08-05T00:39:03.113004
45917,MGMT_OTHER,-55,37,978,3808,69772,44280,8443844,0,100,19,0,0,B0:CB:D8:C9:92:00,1,0,1,1E:01:D0:40:E0:9E,6,1,DEAUTH,2026-08-05T00:39:03.207004
45917,BEACON,-78,14,0,976,68876,44280,8443958,0,100,19,0,0,B0:CB:D8:C9:92:00,1,0,0,1E:01:D0:40:E0:9E,6,1,DEAUTH,2026-08-05T00:39:03.321004
45917,MGMT_OTHER,-68,24,448,135,69844,44280,8444089,0,100,19,0,0,B0:CB:D8:C9:92:00,1,0,1,1E:01:D0:40:E0:9E,6,1,DEAUTH,2026-08-05T00:39:03.452004
45917,PROBE_RESP,-53,39,0,3543,69844,44280,8444220,0,100,19,0,0,B0:CB:D8:C9:92:00,0,0,0,1E:01:D0:40:E0:9E,6,1,DEAUTH,2026-08-05T00:39:03.583004
45917,DEAUTH,-37,55,0,3422,68916,44280,8444394,0,100,19,0,0,B0:CB:D8:C9:92:00,1,1,0,1E:01:D0:40:E0:9E,6,1,DEAUTH,2026-08-05T00:39:03.757004
45917,,-79,13,310,308,69316,44280,8444510,0,100,19,0,0,B0:CB:D8:C9:92:00,1,0,0,1E:01:D0:40:E0:9E,6,1,DEAUTH,2026-08-05T00:39:03.873004
45917,MGMT_OTHER,-70,22,4662,2629,68364,44280,8444591,0,100,19,0,0,B0:CB:D8:C9:92:00,1,0,1,1E:01:D0:40:E0:9E,6,1,DEAUTH,2026-08-05T00:39:03.954004
45917,DEAUTH,-37,55,5552,3521,69624,44280,8444692,0,100,19,0,0,B0:CB:D8:C9:92:00,1,0,0,1E:01:D0:40:E0:9E,6,1,DEAUTH,2026-08-05T00:39:04.055004
45917,,-72,20,2609,3482,69844,44280,8444889,0,100,19,0,0,B0:CB:D8:C9:92:00,1,0,1,1E:01:D0:40:E0:9E,6,1,DEAUTH,2026-08-05T00:39:04.252004
45917,DEAUTH,-37,55,0,3535,68636,44280,8444985,0,100,19,0,0,B0:CB:D8:C9:92:00,1,0,0,1E:01:D0:40:E0:9E,6,1,DEAUTH,2026-08-05T00:39:04.348004
45917,MGMT_OTHER,-72,20,1305,2323,69048,44280,8445092,0,100,19,0,0,B0:CB:D8:C9:92:00,1,0,1,1E:01:D0:40:E0:9E,6,1,DEAUTH,2026-08-05T00:39:04.455004
45917,DEAUTH,-37,55,0,3599,69404,44280,8445228,0,100,19,0,0,B0:CB:D8:C9:92:00,1,0,0,1E:01:D0:40:E0:9E,6,1,DEAUTH,2026-08-05T00:39:04.591004
45917,DEAUTH,-39,53,5300,3623,69388,44280,8445377,0,100,19,0,0,B0:CB:D8:C9:92:00,0,0,0,1E:01:D0:40:E0:9E,6,1,DEAUTH,2026-08-05T00:39:04.740004
45917,DEAUTH,-37,55,0,3654,69312,44280,8445507,0,100,19,0,0,B0:CB:D8:C9:92:00,1,1,0,1E:01:D0:40:E0:9E,6,1,DEAUTH,2026-08-05T00:39:04.870004
45917,,-74,18,2372,705,69844,44280,8445597,0,100,19,0,0,B0:CB:D8:C9:92:00,1,0,1,1E:01:D0:40:E0:9E,6,1,DEAUTH,2026-08-05T00:39:04.960004
45917,DEAUTH,-37,55,4459,3659,69624,44280,8445673,0,100,19,0,0,B0:CB:D8:C9:92:00,0,0,0,1E:01:D0:40:E0:9E,6,1,DEAUTH,2026-08-05T00:39:05.036004
45917,,-74,18,10398,1657,69376,44280,8445809,0,100,19,0,0,B0:CB:D8:C9:92:00,1,0,1,1E:01:D0:40:E0:9E,6,1,DEAUTH,2026-08-05T00:39:05.172004
45917,MGMT_OTHER,-51,41,0,3939,69472,44280,8445906,0,100,19,0,0,B0:CB:D8:C9:92:00,1,0,1,1E:01:D0:40:E0:9E,6,1,DEAUTH,2026-08-05T00:39:05.269004
45917,DEAUTH,-37,55,0,3734,69400,44280,8446010,0,100,19,0,0,B0:CB:D8:C9:92:00,1,1,0,1E:01:D0:40:E0:9E,6,1,DEAUTH,2026-08-05T00:39:05.373004
45917,DEAUTH,-37,55,0,3769,69400,44280,8446125,0,100,19,0,0,B0:CB:D8:C9:92:00,1,0,0,1E:01:D0:40:E0:9E,6,1,DEAUTH,2026-08-05T00:39:05.488004
45917,DEAUTH,-37,55,0,3781,69768,44280,8446206,0,100,19,0,0,B0:CB:D8:C9:92:00,1,0,0,1E:01:D0:40:E0:9E,6,1,DEAUTH,2026-08-05T00:39:05.569004
45917,,-89,3,13768,414,69844,44280,8446328,0,100,19,0,0,B0:CB:D8:C9:92:00,0,0,1,1E:01:D0:40:E0:9E,6,1,DEAUTH,2026-08-05T00:39:05.691004
45917,DEAUTH,-37,55,0,3803,69436,44280,8446471,0,100,19,0,0,B0:CB:D8:C9:92:00,0,0,0,1E:01:D0:40:E0:9E,6,1,DEAUTH,2026-08-05T00:39:05.834004
45917,DEAUTH,-37,55,2983,3831,69384,44280,8446593,0,100,19,0,0,B0:CB:D8:C9:92:00,0,0,0,1E:01:D0:40:E0:9E,6,1,DEAUTH,2026-08-05T00:39:05.956004
45917,DEAUTH,-40,52,0,3862,69396,44280,8446729,0,100,19,0,0,B0:CB:D8:C9:92:00,1,1,0,1E:01:D0:40:E0:9E,6,1,DEAUTH,2026-08-05T00:39:06.092004
45917,DEAUTH,-37,55,1725,3895,69608,44280,8446822,0,100,19,0,0,B0:CB:D8:C9:92:00,1,0,0,1E:01:D0:40:E0:9E,6,1,DEAUTH,2026-08-05T00:39:06.185004
45917,,-74,18,1347,1356,69844,44280,8447022,0,100,19,0,0,B0:CB:D8:C9:92:00,1,0,1,1E:01:D0:40:E0:9E,6,1,DEAUTH,2026-08-05T00:39:06.385004
45917,DEAUTH,-37,55,0,3939,69552,44280,8447174,0,100,19,0,0,B0:CB:D8:C9:92:00,1,0,0,1E:01:D0:40:E0:9E,6,1,DEAUTH,2026-08-05T00:39:06.537004
45917,MGMT_OTHER,-71,21,729,2538,69064,44280,8447273,0,100,19,0,0,B0:CB:D8:C9:92:00,1,0,1,1E:01:D0:40:E0:9E,6,1,DEAUTH,2026-08-05T00:39:06.636004
45917,MGMT_OTHER,-74,18,1331,3855,69404,44280,8447368,0,100,19,0,0,B0:CB:D8:C9:92:00,1,0,1,1E:01:D0:40:E0:9E,6,1,DEAUTH,2026-08-05T00:39:06.731004
45917,,-69,23,383,2243,68800,44280,8447471,0,100,19,0,0,B0:CB:D8:C9:92:00,1,0,1,1E:01:D0:40:E0:9E,6,1,DEAUTH,2026-08-05T00:39:06.834004
45917,DEAUTH,-37,55,275,4023,69476,44280,8447562,0,100,19,0,0,B0:CB:D8:C9:92:00,1,0,1,1E:01:D0:40:E0:9E,6,1,DEAUTH,2026-08-05T00:39:06.925004
45917,MGMT_OTHER,-73,19,816,189,69760,44280,8447676,0,100,19,0,0,B0:CB:D8:C9:92:00,0,0,1,1E:01:D0:40:E0:9E,6,1,DEAUTH,2026-08-05T00:39:07.039004
45917,MGMT_OTHER,-70,22,3688,1794,68524,44280,8447881,0,100,19,0,0,B0:CB:D8:C9:92:00,0,0,1,1E:01:D0:40:E0:9E,6,1,DEAUTH,2026-08-05T00:39:07.244004
45917,DEAUTH,-37,55,97,4069,69772,44280,8447955,0,100,19,0,0,B0:CB:D8:C9:92:00,0,0,1,1E:01:D0:40:E0:9E,6,1,DEAUTH,2026-08-05T00:39:07.318004
45917,DEAUTH,-36,56,3039,4092,69772,44280,8448066,0,100,19,0,0,B0:CB:D8:C9:92:00,1,1,0,1E:01:D0:40:E0:9E,6,1,DEAUTH,2026-08-05T00:39:07.429004
45917,DEAUTH,-36,56,0,25,68092,44280,8448207,0,100,19,0,0,B0:CB:D8:C9:92:00,1,0,0,1E:01:D0:40:E0:9E,6,1,DEAUTH,2026-08-05T00:39:07.570004
45917,DEAUTH,-36,56,0,55,69476,44280,8448337,0,100,19,0,0,B0:CB:D8:C9:92:00,1,0,0,1E:01:D0:40:E0:9E,6,1,DEAUTH,2026-08-05T00:39:07.700004
45917,,-55,37,2049,4,69844,44280,8448493,0,100,19,0,0,B0:CB:D8:C9:92:00,1,0,1,1E:01:D0:40:E0:9E,6,1,DEAUTH,2026-08-05T00:39:07.856004
45917,,-69,23,97,0,69844,44280,8448702,0,100,19,0,0,B0:CB:D8:C9:92:00,0,0,1,1E:01:D0:40:E0:9E,6,1,DEAUTH,2026-08-05T00:39:08.065004
45917,,-74,18,102,541,69844,44280,8448885,0,100,19,0,0,B0:CB:D8:C9:92:00,0,0,1,1E:01:D0:40:E0:9E,6,1,DEAUTH,2026-08-05T00:39:08.248004
45917,,-74,18,1448,218,69844,44280,8449081,0,100,19,0,0,B0:CB:D8:C9:92:00,0,0,1,1E:01:D0:40:E0:9E,6,1,DEAUTH,2026-08-05T00:39:08.444004
45917,,-70,22,101,0,69844,44280,8449215,0,100,19,0,0,B0:CB:D8:C9:92:00,0,0,1,1E:01:D0:40:E0:9E,6,1,DEAUTH,2026-08-05T00:39:08.578004
45917,MGMT_OTHER,-74,18,1164,1128,69616,44280,8449321,0,100,19,0,0,B0:CB:D8:C9:92:00,1,0,1,1E:01:D0:40:E0:9E,6,1,DEAUTH,2026-08-05T00:39:08.684004
45917,DEAUTH,-36,56,0,110,68900,44280,8449436,0,100,19,0,0,B0:CB:D8:C9:92:00,1,1,1,1E:01:D0:40:E0:9E,6,1,DEAUTH,2026-08-05T00:39:08.799004
45917,MGMT_OTHER,-53,39,1124,35,69068,44280,8449511,0,100,19,0,0,B0:CB:D8:C9:92:00,1,0,0,1E:01:D0:40:E0:9E,6,1,DEAUTH,2026-08-05T00:39:08.874004
45917,DEAUTH,-36,56,2200,163,69616,44280,8449617,0,100,19,0,0,B0:CB:D8:C9:92:00,1,0,0,1E:01:D0:40:E0:9E,6,1,DEAUTH,2026-08-05T00:39:08.980004
45917,MGMT_OTHER,-74,18,3361,795,68900,44280,8449739,0,100,19,0,0,B0:CB:D8:C9:92:00,1,0,1,1E:01:D0:40:E0:9E,6,1,DEAUTH,2026-08-05T00:39:09.102004
45917,BEACON,-59,33,2753,55,69844,44280,8449880,0,100,19,0,0,B0:CB:D8:C9:92:00,1,0,0,1E:01:D0:40:E0:9E,6,1,DEAUTH,2026-08-05T00:39:09.243004
45917,DEAUTH,-37,55,519,229,67864,44280,8450104,0,100,19,0,0,B0:CB:D8:C9:92:00,1,0,1,1E:01:D0:40:E0:9E,6,1,DEAUTH,2026-08-05T00:39:09.467004
45917,BEACON,-81,11,3828,1074,68912,44280,8450214,0,100,19,0,0,B0:CB:D8:C9:92:00,1,0,1,1E:01:D0:40:E0:9E,6,1,DEAUTH,2026-08-05T00:39:09.577004
45917,DEAUTH,-37,55,0,287,69772,44280,8450306,0,100,19,0,0,B0:CB:D8:C9:92:00,1,0,0,1E:01:D0:40:E0:9E,6,1,DEAUTH,2026-08-05T00:39:09.669004
45917,DEAUTH,-37,55,0,303,69076,44280,8450405,0,100,19,0,0,B0:CB:D8:C9:92:00,1,0,0,1E:01:D0:40:E0:9E,6,1,DEAUTH,2026-08-05T00:39:09.768004
45917,MGMT_OTHER,-52,40,0,91,69772,44280,8450498,0,100,19,0,0,B0:CB:D8:C9:92:00,0,0,0,1E:01:D0:40:E0:9E,6,1,DEAUTH,2026-08-05T00:39:09.861004
45917,DEAUTH,-37,55,2950,331,69624,44280,8450718,0,100,19,0,0,B0:CB:D8:C9:92:00,0,0,0,1E:01:D0:40:E0:9E,6,1,DEAUTH,2026-08-05T00:39:10.081004
45917,DEAUTH,-37,55,0,364,69624,44280,8450840,0,100,19,0,0,B0:CB:D8:C9:92:00,1,1,0,1E:01:D0:40:E0:9E,6,1,DEAUTH,2026-08-05T00:39:10.203004
45917,DEAUTH,-37,55,0,393,69256,44280,8450965,0,100,19,0,0,B0:CB:D8:C9:92:00,0,0,0,1E:01:D0:40:E0:9E,6,1,DEAUTH,2026-08-05T00:39:10.327202
45917,,-69,23,2949,1331,69384,44280,8451105,0,100,19,0,0,B0:CB:D8:C9:92:00,1,0,1,1E:01:D0:40:E0:9E,6,1,DEAUTH,2026-08-05T00:39:10.467202
45917,DEAUTH,-37,55,0,454,67784,44280,8451210,0,100,19,0,0,B0:CB:D8:C9:92:00,1,1,0,1E:01:D0:40:E0:9E,6,1,DEAUTH,2026-08-05T00:39:10.572202
45917,MGMT_OTHER,-70,22,7771,3425,69844,44280,8451296,0,100,19,0,0,B0:CB:D8:C9:92:00,1,0,1,1E:01:D0:40:E0:9E,6,1,DEAUTH,2026-08-05T00:39:10.658202
45917,BEACON,-81,11,3431,1086,69844,44280,8451423,0,100,19,0,0,B0:CB:D8:C9:92:00,0,0,1,1E:01:D0:40:E0:9E,6,1,DEAUTH,2026-08-05T00:39:10.785202
45917,DEAUTH,-37,55,0,485,68656,44280,8451560,0,100,19,0,0,B0:CB:D8:C9:92:00,1,0,0,1E:01:D0:40:E0:9E,6,1,DEAUTH,2026-08-05T00:39:10.922202
45917,DEAUTH,-37,55,101,518,69452,44280,8451656,0,100,19,0,0,B0:CB:D8:C9:92:00,1,1,1,1E:01:D0:40:E0:9E,6,1,DEAUTH,2026-08-05T00:39:11.018202
45917,DEAUTH,-37,55,0,533,69772,44280,8451740,0,100,19,0,0,B0:CB:D8:C9:92:00,1,0,0,1E:01:D0:40:E0:9E,6,1,DEAUTH,2026-08-05T00:39:11.102202
45917,DEAUTH,-37,55,0,549,68664,44280,8451839,0,100,19,0,0,B0:CB:D8:C9:92:00,1,0,0,1E:01:D0:40:E0:9E,6,1,DEAUTH,2026-08-05T00:39:11.201202
45917,,-73,19,13856,3344,69844,44280,8451917,0,100,19,0,0,B0:CB:D8:C9:92:00,1,0,1,1E:01:D0:40:E0:9E,6,1,DEAUTH,2026-08-05T00:39:11.279202
45917,,-74,18,407,3596,69844,44280,8452060,0,100,19,0,0,B0:CB:D8:C9:92:00,1,0,1,1E:01:D0:40:E0:9E,6,1,DEAUTH,2026-08-05T00:39:11.422202
45917,DEAUTH,-37,55,0,611,69476,44280,8452194,0,100,19,0,0,B0:CB:D8:C9:92:00,1,0,0,1E:01:D0:40:E0:9E,6,1,DEAUTH,2026-08-05T00:39:11.556202
45917,MGMT_OTHER,-52,40,20864,195,69720,44280,8452302,0,100,19,0,0,B0:CB:D8:C9:92:00,1,0,1,1E:01:D0:40:E0:9E,6,1,DEAUTH,2026-08-05T00:39:11.664202
45917,,-69,23,1531,1210,69624,44280,8452459,0,100,19,0,0,B0:CB:D8:C9:92:00,1,0,1,1E:01:D0:40:E0:9E,6,1,DEAUTH,2026-08-05T00:39:11.821202
45917,DEAUTH,-37,55,115,693,69772,44280,8452558,0,100,19,0,0,B0:CB:D8:C9:92:00,1,0,1,1E:01:D0:40:E0:9E,6,1,DEAUTH,2026-08-05T00:39:11.920202
45917,,-73,19,2790,1266,69844,44280,8452731,0,100,19,0,0,B0:CB:D8:C9:92:00,1,0,1,1E:01:D0:40:E0:9E,6,1,DEAUTH,2026-08-05T00:39:12.093202
45917,DEAUTH,-37,55,0,733,69380,44280,8452897,0,100,19,0,0,B0:CB:D8:C9:92:00,1,0,0,1E:01:D0:40:E0:9E,6,1,DEAUTH,2026-08-05T00:39:12.259202
45917,,-53,39,4397,242,69404,44280,8453018,0,100,19,0,0,B0:CB:D8:C9:92:00,1,0,0,1E:01:D0:40:E0:9E,6,1,DEAUTH,2026-08-05T00:39:12.380202
45917,DEAUTH,-37,55,2622,778,69772,44280,8453092,0,100,19,0,0,B0:CB:D8:C9:92:00,1,1,0,1E:01:D0:40:E0:9E,6,1,DEAUTH,2026-08-05T00:39:12.454202
45917,DEAUTH,-37,55,92,799,69464,44280,8453191,0,100,19,0,0,B0:CB:D8:C9:92:00,1,0,1,1E:01:D0:40:E0:9E,6,1,DEAUTH,2026-08-05T00:39:12.553202
45917,DEAUTH,-37,55,0,817,69244,44280,8453337,0,100,19,0,0,B0:CB:D8:C9:92:00,1,0,1,1E:01:D0:40:E0:9E,6,1,DEAUTH,2026-08-05T00:39:12.699202
45917,,-74,18,2195,3755,69844,44280,8453447,0,100,19,0,0,B0:CB:D8:C9:92:00,1,0,1,1E:01:D0:40:E0:9E,6,1,DEAUTH,2026-08-05T00:39:12.809202
45917,,-73,19,1603,448,69844,44280,8453510,0,100,19,0,0,B0:CB:D8:C9:92:00,1,0,1,1E:01:D0:40:E0:9E,6,1,DEAUTH,2026-08-05T00:39:12.872202
45917,DEAUTH,-37,55,1353,855,69624,44280,8453655,0,100,19,0,0,B0:CB:D8:C9:92:00,1,0,0,1E:01:D0:40:E0:9E,6,1,DEAUTH,2026-08-05T00:39:13.017202
45917,DEAUTH,-37,55,101,884,69308,44280,8453764,0,100,19,0,0,B0:CB:D8:C9:92:00,1,1,1,1E:01:D0:40:E0:9E,6,1,DEAUTH,2026-08-05T00:39:13.126202
45917,MGMT_OTHER,-74,18,9297,1122,68176,44280,8453882,0,100,19,0,0,B0:CB:D8:C9:92:00,1,0,1,1E:01:D0:40:E0:9E,6,1,DEAUTH,2026-08-05T00:39:13.244202
45917,,-53,39,0,297,64636,44280,8453985,0,100,19,0,0,B0:CB:D8:C9:92:00,1,0,1,1E:01:D0:40:E0:9E,6,1,DEAUTH,2026-08-05T00:39:13.347202
45917,MGMT_OTHER,-53,39,0,306,68576,44280,8454075,0,100,19,0,0,B0:CB:D8:C9:92:00,1,0,1,1E:01:D0:40:E0:9E,6,1,DEAUTH,2026-08-05T00:39:13.437202
45917,BEACON,-80,12,0,1076,69844,44280,8454182,0,100,19,0,0,B0:CB:D8:C9:92:00,1,0,0,1E:01:D0:40:E0:9E,6,1,DEAUTH,2026-08-05T00:39:13.544202
45917,MGMT_OTHER,-74,18,8600,1801,69772,44280,8454344,0,100,19,0,0,B0:CB:D8:C9:92:00,1,0,1,1E:01:D0:40:E0:9E,6,1,DEAUTH,2026-08-05T00:39:13.706202
45917,,-69,23,1264,2660,69772,44280,8454448,0,100,19,0,0,B0:CB:D8:C9:92:00,1,0,1,1E:01:D0:40:E0:9E,6,1,DEAUTH,2026-08-05T00:39:13.810202
45917,,-69,23,7471,437,68684,44280,8454533,0,100,19,0,0,B0:CB:D8:C9:92:00,1,0,1,1E:01:D0:40:E0:9E,6,1,DEAUTH,2026-08-05T00:39:13.895202
45917,DISASSOC,-73,19,1685,0,69772,44280,8454652,0,100,19,0,0,B0:CB:D8:C9:92:00,1,0,0,1E:01:D0:40:E0:9E,6,1,DEAUTH,2026-08-05T00:39:14.014202
45917,,-70,22,3933,1286,68708,44280,8454734,0,100,19,0,0,B0:CB:D8:C9:92:00,1,0,1,1E:01:D0:40:E0:9E,6,1,DEAUTH,2026-08-05T00:39:14.096202
45917,,-69,23,894,703,69400,44280,8454841,0,100,19,0,0,B0:CB:D8:C9:92:00,1,0,1,1E:01:D0:40:E0:9E,6,1,DEAUTH,2026-08-05T00:39:14.203202
45917,BEACON,-67,25,11467,788,69844,44280,8454980,0,100,19,0,0,B0:CB:D8:C9:92:00,1,0,1,1E:01:D0:40:E0:9E,6,1,DEAUTH,2026-08-05T00:39:14.342202
45917,DEAUTH,-37,55,3372,1110,68300,44280,8455108,0,100,19,0,0,B0:CB:D8:C9:92:00,1,1,1,1E:01:D0:40:E0:9E,6,1,DEAUTH,2026-08-05T00:39:14.470202
45917,MGMT_OTHER,-50,42,0,372,69104,44280,8455225,0,100,19,0,0,B0:CB:D8:C9:92:00,1,0,1,1E:01:D0:40:E0:9E,6,1,DEAUTH,2026-08-05T00:39:14.587202
45917,DEAUTH,-37,55,0,1167,68856,44280,8455358,0,100,19,0,0,B0:CB:D8:C9:92:00,1,0,0,1E:01:D0:40:E0:9E,6,1,DEAUTH,2026-08-05T00:39:14.720202
45917,DEAUTH,-37,55,0,1191,69400,44280,8455445,0,100,19,0,0,B0:CB:D8:C9:92:00,1,0,0,1E:01:D0:40:E0:9E,6,1,DEAUTH,2026-08-05T00:39:14.807202
45917,DEAUTH,-37,55,9380,1220,69024,44280,8455559,0,100,19,0,0,B0:CB:D8:C9:92:00,1,1,0,1E:01:D0:40:E0:9E,6,1,DEAUTH,2026-08-05T00:39:14.921202
45917,DEAUTH,-37,55,0,1232,69224,44280,8455838,0,100,19,0,0,B0:CB:D8:C9:92:00,0,1,1,1E:01:D0:40:E0:9E,6,1,DEAUTH,2026-08-05T00:39:15.200202
45917,DEAUTH,-37,55,0,1259,69772,44280,8455921,0,100,19,0,0,B0:CB:D8:C9:92:00,1,0,0,1E:01:D0:40:E0:9E,6,1,DEAUTH,2026-08-05T00:39:15.283202
45917,DEAUTH,-37,55,0,1284,69540,44280,8456031,0,100,19,0,0,B0:CB:D8:C9:92:00,1,1,0,1E:01:D0:40:E0:9E,6,1,DEAUTH,2026-08-05T00:39:15.393202
45917,BEACON,-83,9,4612,1132,69772,44280,8456127,0,100,19,0,0,B0:CB:D8:C9:92:00,0,0,1,1E:01:D0:40:E0:9E,6,1,DEAUTH,2026-08-05T00:39:15.489202
45917,DEAUTH,-37,55,0,1318,69772,44280,8456170,0,100,19,0,0,B0:CB:D8:C9:92:00,0,1,0,1E:01:D0:40:E0:9E,6,1,DEAUTH,2026-08-05T00:39:15.532202
45917,MGMT_OTHER,-70,22,2274,1096,68944,44280,8456290,0,100,19,0,0,B0:CB:D8:C9:92:00,0,0,1,1E:01:D0:40:E0:9E,6,1,DEAUTH,2026-08-05T00:39:15.652202
45917,MGMT_OTHER,-73,19,1079,220,69844,44280,8456426,0,100,19,0,0,B0:CB:D8:C9:92:00,1,0,1,1E:01:D0:40:E0:9E,6,1,DEAUTH,2026-08-05T00:39:15.788202
45917,MGMT_OTHER,-73,19,239,2210,69844,44280,8456621,0,100,19,0,0,B0:CB:D8:C9:92:00,0,0,1,1E:01:D0:40:E0:9E,6,1,DEAUTH,2026-08-05T00:39:15.983202
45917,MGMT_OTHER,-70,22,12535,3424,69844,44280,8456869,0,100,19,0,0,B0:CB:D8:C9:92:00,1,0,1,1E:01:D0:40:E0:9E,6,1,DEAUTH,2026-08-05T00:39:16.231202
45917,BEACON,-53,39,16295,448,69844,44280,8457049,0,100,19,0,0,B0:CB:D8:C9:92:00,0,0,1,1E:01:D0:40:E0:9E,6,1,DEAUTH,2026-08-05T00:39:16.411202
45917,MGMT_OTHER,-69,23,2016,1928,69304,44280,8457280,0,100,19,0,0,B0:CB:D8:C9:92:00,1,0,1,1E:01:D0:40:E0:9E,6,1,DEAUTH,2026-08-05T00:39:16.642202
45917,MGMT_OTHER,-70,22,3938,1253,69844,44280,8457364,0,100,19,0,0,B0:CB:D8:C9:92:00,1,0,1,1E:01:D0:40:E0:9E,6,1,DEAUTH,2026-08-05T00:39:16.726202
45917,DEAUTH,-37,55,0,1393,69468,44280,8457462,0,100,19,0,0,B0:CB:D8:C9:92:00,1,0,0,1E:01:D0:40:E0:9E,6,1,DEAUTH,2026-08-05T00:39:16.824202
45917,DEAUTH,-37,55,0,1411,69772,44280,8457580,0,100,19,0,0,B0:CB:D8:C9:92:00,1,0,0,1E:01:D0:40:E0:9E,6,1,DEAUTH,2026-08-05T00:39:16.942202
45917,DEAUTH,-37,55,1975,1436,69772,44280,8457650,0,100,19,0,0,B0:CB:D8:C9:92:00,1,1,1,1E:01:D0:40:E0:9E,6,1,DEAUTH,2026-08-05T00:39:17.012202
45917,MGMT_OTHER,-70,22,1976,2131,69772,44280,8457752,0,100,19,0,0,B0:CB:D8:C9:92:00,0,0,1,1E:01:D0:40:E0:9E,6,1,DEAUTH,2026-08-05T00:39:17.114202
45917,MGMT_OTHER,-74,18,13425,342,69844,44280,8457934,0,100,19,0,0,B0:CB:D8:C9:92:00,1,0,1,1E:01:D0:40:E0:9E,6,1,DEAUTH,2026-08-05T00:39:17.296202
45917,DEAUTH,-37,55,6434,1500,68652,44280,8458127,0,100,19,0,0,B0:CB:D8:C9:92:00,1,1,0,1E:01:D0:40:E0:9E,6,1,DEAUTH,2026-08-05T00:39:17.489202
45917,DEAUTH,-37,55,0,1531,69216,44280,8458253,0,100,19,0,0,B0:CB:D8:C9:92:00,1,0,0,1E:01:D0:40:E0:9E,6,1,DEAUTH,2026-08-05T00:39:17.615202
45917,MGMT_OTHER,-51,41,0,521,68852,44280,8458370,0,100,19,0,0,B0:CB:D8:C9:92:00,1,0,1,1E:01:D0:40:E0:9E,6,1,DEAUTH,2026-08-05T00:39:17.732202
45917,DEAUTH,-37,55,8190,1598,68724,44280,8458542,0,100,19,0,0,B0:CB:D8:C9:92:00,1,1,1,1E:01:D0:40:E0:9E,6,1,DEAUTH,2026-08-05T00:39:17.904202
45917,BEACON,-62,30,8733,824,69844,44280,8458666,0,100,19,0,0,B0:CB:D8:C9:92:00,1,0,1,1E:01:D0:40:E0:9E,6,1,DEAUTH,2026-08-05T00:39:18.028202
45917,,-51,41,2005,549,69772,44280,8458784,0,100,19,0,0,B0:CB:D8:C9:92:00,0,0,1,1E:01:D0:40:E0:9E,6,1,DEAUTH,2026-08-05T00:39:18.146202
45917,DEAUTH,-37,55,0,1634,69844,44280,8458883,0,100,19,0,0,B0:CB:D8:C9:92:00,1,1,1,1E:01:D0:40:E0:9E,6,1,DEAUTH,2026-08-05T00:39:18.245202
45917,MGMT_OTHER,-74,18,962,2011,69548,44280,8459033,0,100,19,0,0,B0:CB:D8:C9:92:00,1,0,1,1E:01:D0:40:E0:9E,6,1,DEAUTH,2026-08-05T00:39:18.395202
45917,MGMT_OTHER,-68,24,1237,1013,69476,44280,8459121,0,100,19,0,0,B0:CB:D8:C9:92:00,1,0,1,1E:01:D0:40:E0:9E,6,1,DEAUTH,2026-08-05T00:39:18.483202
45917,DEAUTH,-37,55,0,1719,68984,44280,8459244,0,100,19,0,0,B0:CB:D8:C9:92:00,1,0,0,1E:01:D0:40:E0:9E,6,1,DEAUTH,2026-08-05T00:39:18.606202
45917,PROBE_RESP,-91,1,0,1,69844,44280,8459350,0,100,19,0,0,B0:CB:D8:C9:92:00,1,0,0,1E:01:D0:40:E0:9E,6,1,DEAUTH,2026-08-05T00:39:18.712202
45917,DEAUTH,-37,55,11515,1750,69460,44280,8459524,0,100,19,0,0,B0:CB:D8:C9:92:00,0,1,0,1E:01:D0:40:E0:9E,6,1,DEAUTH,2026-08-05T00:39:18.886202
45917,DEAUTH,-37,55,3626,1773,69048,44280,8459629,0,100,19,0,0,B0:CB:D8:C9:92:00,1,0,0,1E:01:D0:40:E0:9E,6,1,DEAUTH,2026-08-05T00:39:18.991202
45917,,-92,0,6251,1226,69616,44280,8459767,0,100,19,0,0,B0:CB:D8:C9:92:00,1,0,1,1E:01:D0:40:E0:9E,6,1,DEAUTH,2026-08-05T00:39:19.129202
45917,DEAUTH,-37,55,0,1815,69476,44280,8459898,0,100,19,0,0,B0:CB:D8:C9:92:00,1,0,0,1E:01:D0:40:E0:9E,6,1,DEAUTH,2026-08-05T00:39:19.260202
45917,DEAUTH,-37,55,8083,1848,69236,44280,8460017,0,100,19,0,0,B0:CB:D8:C9:92:00,1,1,1,1E:01:D0:40:E0:9E,6,1,DEAUTH,2026-08-05T00:39:19.379202
45917,,-74,18,363,250,69844,44280,8460126,0,100,19,0,0,B0:CB:D8:C9:92:00,1,0,1,1E:01:D0:40:E0:9E,6,1,DEAUTH,2026-08-05T00:39:19.488202
45917,DEAUTH,-37,55,0,1877,69476,44280,8460255,0,100,19,0,0,B0:CB:D8:C9:92:00,0,0,0,1E:01:D0:40:E0:9E,6,1,DEAUTH,2026-08-05T00:39:19.617202
45917,DEAUTH,-37,55,1197,1905,69624,44280,8460374,0,100,19,0,0,B0:CB:D8:C9:92:00,1,0,1,1E:01:D0:40:E0:9E,6,1,DEAUTH,2026-08-05T00:39:19.736202
45917,DEAUTH,-37,55,0,1926,69404,44280,8460486,0,100,19,0,0,B0:CB:D8:C9:92:00,1,1,0,1E:01:D0:40:E0:9E,6,1,DEAUTH,2026-08-05T00:39:19.848202
45917,DEAUTH,-37,55,0,1954,69152,44280,8460631,0,100,19,0,0,B0:CB:D8:C9:92:00,0,1,0,1E:01:D0:40:E0:9E,6,1,DEAUTH,2026-08-05T00:39:19.993202
45917,PROBE_RESP,-80,12,0,40,68564,44280,8460778,0,100,19,0,0,B0:CB:D8:C9:92:00,1,0,1,1E:01:D0:40:E0:9E,6,1,DEAUTH,2026-08-05T00:39:20.140202
45917,PROBE_RESP,-81,11,12675,0,69844,44280,8460873,0,100,19,0,0,B0:CB:D8:C9:92:00,1,0,0,1E:01:D0:40:E0:9E,6,1,DEAUTH,2026-08-05T00:39:20.235202
45917,MGMT_OTHER,-51,41,0,687,68616,44280,8461040,0,100,19,0,0,B0:CB:D8:C9:92:00,1,0,1,1E:01:D0:40:E0:9E,6,1,DEAUTH,2026-08-05T00:39:20.402202
45917,DEAUTH,-37,55,0,2038,69004,44280,8461166,0,100,19,0,0,B0:CB:D8:C9:92:00,1,1,1,1E:01:D0:40:E0:9E,6,1,DEAUTH,2026-08-05T00:39:20.528202
45917,DEAUTH,-37,55,1076,2067,68312,44280,8461279,0,100,19,0,0,B0:CB:D8:C9:92:00,1,0,0,1E:01:D0:40:E0:9E,6,1,DEAUTH,2026-08-05T00:39:20.641202
45917,DEAUTH,-37,55,2129,2099,69384,44280,8461390,0,100,19,0,0,B0:CB:D8:C9:92:00,1,0,0,1E:01:D0:40:E0:9E,6,1,DEAUTH,2026-08-05T00:39:20.752202
45917,,-73,19,1314,3562,69696,44280,8461496,0,100,19,0,0,B0:CB:D8:C9:92:00,1,0,1,1E:01:D0:40:E0:9E,6,1,DEAUTH,2026-08-05T00:39:20.858202
45917,,-70,22,4131,1976,69844,44280,8461645,0,100,19,0,0,B0:CB:D8:C9:92:00,1,0,1,1E:01:D0:40:E0:9E,6,1,DEAUTH,2026-08-05T00:39:21.007202
45917,DEAUTH,-37,55,1948,2141,67716,44280,8461786,0,100,19,0,0,B0:CB:D8:C9:92:00,1,0,0,1E:01:D0:40:E0:9E,6,1,DEAUTH,2026-08-05T00:39:21.148202
45917,DEAUTH,-37,55,0,2165,69064,44280,8461875,0,100,19,0,0,B0:CB:D8:C9:92:00,1,0,0,1E:01:D0:40:E0:9E,6,1,DEAUTH,2026-08-05T00:39:21.237202
45917,DEAUTH,-37,55,0,2204,69172,44280,8462031,0,100,19,0,0,B0:CB:D8:C9:92:00,1,1,1,1E:01:D0:40:E0:9E,6,1,DEAUTH,2026-08-05T00:39:21.393202
45917,DEAUTH,-37,55,0,2228,68732,44280,8462136,0,100,19,0,0,B0:CB:D8:C9:92:00,1,1,1,1E:01:D0:40:E0:9E,6,1,DEAUTH,2026-08-05T00:39:21.498202
45917,,-70,22,1315,2648,69756,44280,8462262,0,100,19,0,0,B0:CB:D8:C9:92:00,0,0,1,1E:01:D0:40:E0:9E,6,1,DEAUTH,2026-08-05T00:39:21.624202
45917,DEAUTH,-36,56,9724,2267,69772,44280,8462456,0,100,19,0,0,B0:CB:D8:C9:92:00,1,0,1,1E:01:D0:40:E0:9E,6,1,DEAUTH,2026-08-05T00:39:21.818202
45917,MGMT_OTHER,-50,42,4577,771,69312,44280,8462569,0,100,19,0,0,B0:CB:D8:C9:92:00,1,0,1,1E:01:D0:40:E0:9E,6,1,DEAUTH,2026-08-05T00:39:21.931202
45917,PROBE_RESP,-63,29,0,1618,69032,44280,8462701,0,100,19,0,0,B0:CB:D8:C9:92:00,1,0,1,1E:01:D0:40:E0:9E,6,1,DEAUTH,2026-08-05T00:39:22.063202
45917,DEAUTH,-37,55,0,2336,69844,44280,8462866,0,100,19,0,0,B0:CB:D8:C9:92:00,1,1,1,1E:01:D0:40:E0:9E,6,1,DEAUTH,2026-08-05T00:39:22.228202
45917,DEAUTH,-37,55,0,2365,69476,44280,8462995,0,100,19,0,0,B0:CB:D8:C9:92:00,1,0,0,1E:01:D0:40:E0:9E,6,1,DEAUTH,2026-08-05T00:39:22.357202
45917,BEACON,-82,10,0,1163,69844,44280,8463092,0,100,19,0,0,B0:CB:D8:C9:92:00,0,0,0,1E:01:D0:40:E0:9E,6,1,DEAUTH,2026-08-05T00:39:22.454202
45917,DEAUTH,-37,55,0,2393,69772,44280,8463184,0,100,19,0,0,B0:CB:D8:C9:92:00,0,0,0,1E:01:D0:40:E0:9E,6,1,DEAUTH,2026-08-05T00:39:22.546202
45917,DEAUTH,-37,55,0,2419,69772,44280,8463246,0,100,19,0,0,B0:CB:D8:C9:92:00,0,0,0,1E:01:D0:40:E0:9E,6,1,DEAUTH,2026-08-05T00:39:22.608202
45917,,-55,37,0,820,69772,44280,8463349,0,100,19,0,0,B0:CB:D8:C9:92:00,0,0,0,1E:01:D0:40:E0:9E,6,1,DEAUTH,2026-08-05T00:39:22.711202
45917,DEAUTH,-38,54,6093,2471,69164,44280,8463457,0,100,19,0,0,B0:CB:D8:C9:92:00,1,0,0,1E:01:D0:40:E0:9E,6,1,DEAUTH,2026-08-05T00:39:22.819202
45917,DEAUTH,-37,55,93,2490,69308,44280,8463561,0,100,19,0,0,B0:CB:D8:C9:92:00,1,1,1,1E:01:D0:40:E0:9E,6,1,DEAUTH,2026-08-05T00:39:22.923202
45917,MGMT_OTHER,-74,18,417,3607,69844,44280,8463789,0,100,19,0,0,B0:CB:D8:C9:92:00,1,0,1,1E:01:D0:40:E0:9E,6,1,DEAUTH,2026-08-05T00:39:23.151202
45917,DEAUTH,-37,55,0,2530,69368,44280,8463925,0,100,19,0,0,B0:CB:D8:C9:92:00,1,1,1,1E:01:D0:40:E0:9E,6,1,DEAUTH,2026-08-05T00:39:23.287202
45917,DEAUTH,-37,55,0,2561,69236,44280,8464050,0,100,19,0,0,B0:CB:D8:C9:92:00,1,0,0,1E:01:D0:40:E0:9E,6,1,DEAUTH,2026-08-05T00:39:23.412202
45917,DEAUTH,-38,54,0,2595,68612,44280,8464185,0,100,19,0,0,B0:CB:D8:C9:92:00,1,0,1,1E:01:D0:40:E0:9E,6,1,DEAUTH,2026-08-05T00:39:23.547202
45917,MGMT_OTHER,-56,36,8857,880,69720,44280,8464279,0,100,19,0,0,B0:CB:D8:C9:92:00,1,0,1,1E:01:D0:40:E0:9E,6,1,DEAUTH,2026-08-05T00:39:23.641202
45917,,-69,23,915,657,69844,44280,8464446,0,100,19,0,0,B0:CB:D8:C9:92:00,1,0,1,1E:01:D0:40:E0:9E,6,1,DEAUTH,2026-08-05T00:39:23.808202
45917,,-55,37,0,907,69844,44280,8464608,0,100,19,0,0,B0:CB:D8:C9:92:00,0,0,0,1E:01:D0:40:E0:9E,6,1,DEAUTH,2026-08-05T00:39:23.970202
45917,MGMT_OTHER,9,9,0,0,69844,44280,8464834,0,100,19,0,0,B0:CB:D8:C9:92:00,0,0,0,1E:01:D0:40:E0:9E,6,1,DEAUTH,2026-08-05T00:39:24.196202
45917,,-73,19,15253,3324,69844,44280,8465102,0,100,19,0,0,B0:CB:D8:C9:92:00,0,0,1,1E:01:D0:40:E0:9E,6,1,DEAUTH,2026-08-05T00:39:24.464202
45917,,-68,24,1604,3607,69844,44280,8465243,0,100,19,0,0,B0:CB:D8:C9:92:00,0,0,1,1E:01:D0:40:E0:9E,6,1,DEAUTH,2026-08-05T00:39:24.605202
45917,,-74,18,344,3574,69844,44280,8465391,0,100,19,0,0,B0:CB:D8:C9:92:00,0,0,1,1E:01:D0:40:E0:9E,6,1,DEAUTH,2026-08-05T00:39:24.753202
45917,,-68,24,628,378,69844,44280,8465497,0,100,19,0,0,B0:CB:D8:C9:92:00,0,0,1,1E:01:D0:40:E0:9E,6,1,DEAUTH,2026-08-05T00:39:24.859202
45917,,-92,0,17289,810,69844,44280,8465681,0,100,19,0,0,B0:CB:D8:C9:92:00,0,0,1,1E:01:D0:40:E0:9E,6,1,DEAUTH,2026-08-05T00:39:25.043202
45917,,-69,23,519,275,69844,44280,8465861,0,100,19,0,0,B0:CB:D8:C9:92:00,0,0,1,1E:01:D0:40:E0:9E,6,1,DEAUTH,2026-08-05T00:39:25.223202
45917,,-69,23,747,2089,69844,44280,8466048,0,100,19,0,0,B0:CB:D8:C9:92:00,0,0,1,1E:01:D0:40:E0:9E,6,0,NONE,2026-08-05T00:39:25.410202
45917,,-74,18,225,201,69844,44280,8466273,0,100,19,0,0,B0:CB:D8:C9:92:00,0,0,0,1E:01:D0:40:E0:9E,6,0,NONE,2026-08-05T00:39:25.635202
45917,,-69,23,679,2070,69844,44280,8466513,0,100,19,0,0,B0:CB:D8:C9:92:00,0,0,1,1E:01:D0:40:E0:9E,6,0,NONE,2026-08-05T00:39:25.875202
45917,MGMT_OTHER,13,13,0,0,69844,44280,8466687,0,100,19,0,0,B0:CB:D8:C9:92:00,0,0,1,1E:01:D0:40:E0:9E,6,0,NONE,2026-08-05T00:39:26.049202
45917,,-70,22,748,2044,69844,44280,8466974,0,100,19,0,0,B0:CB:D8:C9:92:00,0,0,1,1E:01:D0:40:E0:9E,6,0,NONE,2026-08-05T00:39:26.336202
45917,MGMT_OTHER,-70,22,9899,579,69844,44280,8467171,0,100,19,0,0,B0:CB:D8:C9:92:00,0,0,1,1E:01:D0:40:E0:9E,6,0,NONE,2026-08-05T00:39:26.533202
45917,,-66,26,2971,2710,69844,44280,8467284,0,100,19,0,0,B0:CB:D8:C9:92:00,0,0,1,1E:01:D0:40:E0:9E,6,0,NONE,2026-08-05T00:39:26.646202
45917,,-74,18,373,132,69844,44280,8467328,0,100,19,0,0,B0:CB:D8:C9:92:00,0,0,1,1E:01:D0:40:E0:9E,6,0,NONE,2026-08-05T00:39:26.690202
45917,BEACON,-62,30,14902,912,69844,44280,8467675,0,100,19,0,0,B0:CB:D8:C9:92:00,0,0,0,1E:01:D0:40:E0:9E,6,0,NONE,2026-08-05T00:39:27.037202
45917,BEACON,-61,31,15333,919,69844,44280,8468394,0,100,19,0,0,B0:CB:D8:C9:92:00,0,0,1,1E:01:D0:40:E0:9E,6,0,NONE,2026-08-05T00:39:27.756202
45917,PROBE_RESP,-93,-1,0,1,69844,44280,8468921,0,100,19,0,0,B0:CB:D8:C9:92:00,1,0,1,1E:01:D0:40:E0:9E,6,0,NONE,2026-08-05T00:39:28.283202
45917,PROBE_RESP,-89,3,0,1,69844,44280,8469465,0,100,19,0,0,B0:CB:D8:C9:92:00,0,0,0,1E:01:D0:40:E0:9E,6,0,NONE,2026-08-05T00:39:28.827202
45917,MGMT_OTHER,-93,-1,32516,1322,69844,44280,8469727,0,100,19,0,0,B0:CB:D8:C9:92:00,0,0,1,1E:01:D0:40:E0:9E,6,0,NONE,2026-08-05T00:39:29.089202
45917,PROBE_RESP,-94,-2,0,0,69844,44280,8470254,0,100,19,0,0,B0:CB:D8:C9:92:00,0,0,0,1E:01:D0:40:E0:9E,6,0,NONE,2026-08-05T00:39:29.616202
45917,,-73,19,15714,449,69844,44280,8470823,0,100,19,0,0,B0:CB:D8:C9:92:00,0,0,1,1E:01:D0:40:E0:9E,6,0,NONE,2026-08-05T00:39:30.185202
45917,MGMT_OTHER,-91,1,7512,11,69844,44280,8471396,0,100,19,0,0,B0:CB:D8:C9:92:00,0,0,1,1E:01:D0:40:E0:9E,6,0,NONE,2026-08-05T00:39:30.758202
45917,,-50,42,199,3629,69844,44280,8471799,0,100,19,0,0,B0:CB:D8:C9:92:00,0,0,0,1E:01:D0:40:E0:9E,6,0,NONE,2026-08-05T00:39:31.161202
45917,PROBE_RESP,-51,41,0,3631,69844,44280,8472172,0,100,19,0,0,B0:CB:D8:C9:92:00,0,0,0,1E:01:D0:40:E0:9E,6,0,NONE,2026-08-05T00:39:31.534202
45917,BEACON,-63,29,0,960,69844,44280,8472601,0,100,19,0,0,B0:CB:D8:C9:92:00,0,0,1,1E:01:D0:40:E0:9E,6,0,NONE,2026-08-05T00:39:31.963202
45917,,-89,3,24152,3888,69844,44280,8472867,0,100,19,0,0,B0:CB:D8:C9:92:00,0,0,1,1E:01:D0:40:E0:9E,6,0,NONE,2026-08-05T00:39:32.229202
45917,,-50,42,104,1078,69844,44280,8473365,0,100,19,0,0,B0:CB:D8:C9:92:00,0,0,0,1E:01:D0:40:E0:9E,6,0,NONE,2026-08-05T00:39:32.727202
45917,MGMT_OTHER,-73,19,375,379,69844,44280,8473760,0,100,19,0,0,B0:CB:D8:C9:92:00,0,0,1,1E:01:D0:40:E0:9E,6,0,NONE,2026-08-05T00:39:33.122202
45917,BEACON,-62,30,80,975,69844,44280,8474129,0,100,19,0,0,B0:CB:D8:C9:92:00,0,0,1,1E:01:D0:40:E0:9E,6,0,NONE,2026-08-05T00:39:33.491202
45917,BEACON,-56,36,15897,1109,69844,44280,8474457,0,100,19,0,0,B0:CB:D8:C9:92:00,0,0,1,1E:01:D0:40:E0:9E,6,0,NONE,2026-08-05T00:39:33.819202
45917,,-69,23,550,653,69844,44280,8474682,0,100,19,0,0,B0:CB:D8:C9:92:00,0,0,1,1E:01:D0:40:E0:9E,6,0,NONE,2026-08-05T00:39:34.044202
45917,,-68,24,2616,1934,69844,44280,8474760,0,100,19,0,0,B0:CB:D8:C9:92:00,0,0,1,1E:01:D0:40:E0:9E,6,0,NONE,2026-08-05T00:39:34.122202
45917,MGMT_OTHER,-74,18,186,2400,69844,44280,8474850,0,100,19,0,0,B0:CB:D8:C9:92:00,1,0,1,1E:01:D0:40:E0:9E,6,0,NONE,2026-08-05T00:39:34.212202
45917,,-68,24,488,2761,69844,44280,8474911,0,100,19,0,0,B0:CB:D8:C9:92:00,0,0,1,1E:01:D0:40:E0:9E,6,0,NONE,2026-08-05T00:39:34.273202
45917,MGMT_OTHER,-74,18,330,684,69844,44280,8475015,0,100,19,0,0,B0:CB:D8:C9:92:00,0,0,1,1E:01:D0:40:E0:9E,6,0,NONE,2026-08-05T00:39:34.377202
45917,,-68,24,958,2564,69844,44280,8475098,0,100,19,0,0,B0:CB:D8:C9:92:00,1,0,1,1E:01:D0:40:E0:9E,6,0,NONE,2026-08-05T00:39:34.460202
45917,,-69,23,420,883,69844,44280,8475267,0,100,19,0,0,B0:CB:D8:C9:92:00,0,0,1,1E:01:D0:40:E0:9E,6,0,NONE,2026-08-05T00:39:34.629202
45917,MGMT_OTHER,-73,19,760,2638,69844,44280,8475373,0,100,19,0,0,B0:CB:D8:C9:92:00,1,0,1,1E:01:D0:40:E0:9E,6,0,NONE,2026-08-05T00:39:34.735202
45917,,-92,0,8242,789,69844,44280,8475440,0,100,19,0,0,B0:CB:D8:C9:92:00,1,0,1,1E:01:D0:40:E0:9E,6,0,NONE,2026-08-05T00:39:34.802202
45917,MGMT_OTHER,-73,19,2206,2044,69844,44280,8475534,0,100,19,0,0,B0:CB:D8:C9:92:00,0,0,1,1E:01:D0:40:E0:9E,6,0,NONE,2026-08-05T00:39:34.896202
45917,MGMT_OTHER,-71,21,1296,3693,69844,44280,8475631,0,100,19,0,0,B0:CB:D8:C9:92:00,0,0,1,1E:01:D0:40:E0:9E,6,0,NONE,2026-08-05T00:39:34.993202
45917,MGMT_OTHER,-74,18,2418,1965,69844,44280,8475780,0,100,19,0,0,B0:CB:D8:C9:92:00,0,0,1,1E:01:D0:40:E0:9E,6,0,NONE,2026-08-05T00:39:35.142202
45917,MGMT_OTHER,-68,24,621,1402,69844,44280,8475822,0,100,19,0,0,B0:CB:D8:C9:92:00,0,0,1,1E:01:D0:40:E0:9E,6,0,NONE,2026-08-05T00:39:35.184202
45917,,-50,42,186,3649,69844,44280,8475944,0,100,19,0,0,B0:CB:D8:C9:92:00,0,0,0,1E:01:D0:40:E0:9E,6,0,NONE,2026-08-05T00:39:35.306202
45917,,-69,23,754,2317,69844,44280,8476033,0,100,19,0,0,B0:CB:D8:C9:92:00,0,0,1,1E:01:D0:40:E0:9E,6,0,NONE,2026-08-05T00:39:35.395202
45917,,-69,23,159,1541,69844,44280,8476120,0,100,19,0,0,B0:CB:D8:C9:92:00,0,0,1,1E:01:D0:40:E0:9E,6,0,NONE,2026-08-05T00:39:35.482202
45917,MGMT_OTHER,-73,19,587,3496,69844,44280,8476209,0,100,19,0,0,B0:CB:D8:C9:92:00,0,0,1,1E:01:D0:40:E0:9E,6,0,NONE,2026-08-05T00:39:35.571202
45917,MGMT_OTHER,-73,19,915,852,69844,44280,8476315,0,100,19,0,0,B0:CB:D8:C9:92:00,0,0,1,1E:01:D0:40:E0:9E,6,0,NONE,2026-08-05T00:39:35.676081
45917,BEACON,-56,36,17431,1137,69844,44280,8476505,0,100,19,0,0,B0:CB:D8:C9:92:00,0,0,0,1E:01:D0:40:E0:9E,6,0,NONE,2026-08-05T00:39:35.866081
45917,,-74,18,6644,122,69844,44280,8476638,0,100,19,0,0,B0:CB:D8:C9:92:00,0,0,1,1E:01:D0:40:E0:9E,6,0,NONE,2026-08-05T00:39:35.999081
45917,,-94,-2,30505,1744,69844,44280,8476902,0,100,19,0,0,B0:CB:D8:C9:92:00,0,0,1,1E:01:D0:40:E0:9E,6,0,NONE,2026-08-05T00:39:36.263081
45917,,-51,41,6953,3654,69844,44280,8477129,0,100,19,0,0,B0:CB:D8:C9:92:00,0,0,1,1E:01:D0:40:E0:9E,6,0,NONE,2026-08-05T00:39:36.490081
45917,MGMT_OTHER,-73,19,1635,449,69844,44280,8477238,0,100,19,0,0,B0:CB:D8:C9:92:00,0,0,1,1E:01:D0:40:E0:9E,6,0,NONE,2026-08-05T00:39:36.599081
45917,,-69,23,23373,3939,69844,44280,8477320,0,100,19,0,0,B0:CB:D8:C9:92:00,0,0,1,1E:01:D0:40:E0:9E,6,0,NONE,2026-08-05T00:39:36.681081
45917,MGMT_OTHER,-70,22,852,699,69844,44280,8477414,0,100,19,0,0,B0:CB:D8:C9:92:00,1,0,1,1E:01:D0:40:E0:9E,6,0,NONE,2026-08-05T00:39:36.775081
45917,MGMT_OTHER,-70,22,491,2608,69844,44280,8477519,0,100,19,0,0,B0:CB:D8:C9:92:00,0,0,1,1E:01:D0:40:E0:9E,6,0,NONE,2026-08-05T00:39:36.880081
45917,MGMT_OTHER,-74,18,16234,1298,69844,44280,8477802,0,100,19,0,0,B0:CB:D8:C9:92:00,0,0,1,1E:01:D0:40:E0:9E,6,0,NONE,2026-08-05T00:39:37.163081
45917,PROBE_RESP,-55,37,0,3661,69844,44280,8477955,0,100,19,0,0,B0:CB:D8:C9:92:00,0,0,0,1E:01:D0:40:E0:9E,6,0,NONE,2026-08-05T00:39:37.316081
45917,,-70,22,647,3099,69844,44280,8478162,0,100,19,0,0,B0:CB:D8:C9:92:00,0,0,1,1E:01:D0:40:E0:9E,6,0,NONE,2026-08-05T00:39:37.523081
45917,MGMT_OTHER,-73,19,627,1169,69844,44280,8478357,0,100,19,0,0,B0:CB:D8:C9:92:00,0,0,1,1E:01:D0:40:E0:9E,6,0,NONE,2026-08-05T00:39:37.718081
45917,MGMT_OTHER,-72,20,951,971,69844,44280,8478639,0,100,19,0,0,B0:CB:D8:C9:92:00,0,0,1,1E:01:D0:40:E0:9E,6,0,NONE,2026-08-05T00:39:38.000081
45917,BEACON,-81,11,10234,1354,69844,44280,8478871,0,100,19,0,0,B0:CB:D8:C9:92:00,1,0,1,1E:01:D0:40:E0:9E,6,0,NONE,2026-08-05T00:39:38.232081
45917,,-50,42,1409,3671,69768,44280,8479170,0,100,19,0,0,B0:CB:D8:C9:92:00,0,0,1,1E:01:D0:40:E0:9E,6,0,NONE,2026-08-05T00:39:38.531081
45917,MGMT_OTHER,-73,19,4861,2707,69844,44280,8479266,0,100,19,0,0,B0:CB:D8:C9:92:00,0,0,1,1E:01:D0:40:E0:9E,6,0,NONE,2026-08-05T00:39:38.627081
45917,PROBE_RESP,-79,13,0,1,69844,44280,8479398,0,100,19,0,0,B0:CB:D8:C9:92:00,1,0,0,1E:01:D0:40:E0:9E,6,0,NONE,2026-08-05T00:39:38.759081
45917,BEACON,-62,30,27000,1028,69844,44280,8479555,0,100,19,0,0,B0:CB:D8:C9:92:00,0,0,1,1E:01:D0:40:E0:9E,6,0,NONE,2026-08-05T00:39:38.916081
45917,,-73,19,1731,1233,69844,44280,8479800,0,100,19,0,0,B0:CB:D8:C9:92:00,0,0,1,1E:01:D0:40:E0:9E,6,0,NONE,2026-08-05T00:39:39.161081
45917,BEACON,-79,13,0,1330,69844,44280,8480193,0,100,19,0,0,B0:CB:D8:C9:92:00,0,0,0,1E:01:D0:40:E0:9E,6,0,NONE,2026-08-05T00:39:39.554081
45917,,-69,23,828,2876,69844,44280,8480528,0,100,19,0,0,B0:CB:D8:C9:92:00,0,0,1,1E:01:D0:40:E0:9E,6,0,NONE,2026-08-05T00:39:39.889081
45917,MGMT_OTHER,-73,19,885,3261,69844,44280,8480792,0,100,19,0,0,B0:CB:D8:C9:92:00,0,0,1,1E:01:D0:40:E0:9E,6,0,NONE,2026-08-05T00:39:40.153081
45917,,-51,41,217,3681,69844,44280,8481013,0,100,19,0,0,B0:CB:D8:C9:92:00,0,0,0,1E:01:D0:40:E0:9E,6,0,NONE,2026-08-05T00:39:40.374081
45917,MGMT_OTHER,-69,23,1213,2377,69844,44280,8481221,0,100,19,0,0,B0:CB:D8:C9:92:00,0,0,1,1E:01:D0:40:E0:9E,6,0,NONE,2026-08-05T00:39:40.582081
45917,MGMT_OTHER,-70,22,1156,2961,69844,44280,8481323,0,100,19,0,0,B0:CB:D8:C9:92:00,0,0,1,1E:01:D0:40:E0:9E,6,0,NONE,2026-08-05T00:39:40.684081
45917,,-69,23,6509,2617,69844,44280,8481468,0,100,19,0,0,B0:CB:D8:C9:92:00,0,0,1,1E:01:D0:40:E0:9E,6,0,NONE,2026-08-05T00:39:40.829081
45917,,-70,22,18024,1433,69844,44280,8481645,0,100,19,0,0,B0:CB:D8:C9:92:00,0,0,1,1E:01:D0:40:E0:9E,6,0,NONE,2026-08-05T00:39:41.006081
45917,BEACON,-80,12,0,1347,69844,44280,8481934,0,100,19,0,0,B0:CB:D8:C9:92:00,0,0,0,1E:01:D0:40:E0:9E,6,0,NONE,2026-08-05T00:39:41.295081
45917,MGMT_OTHER,-73,19,8346,2320,69844,44280,8482223,0,100,19,0,0,B0:CB:D8:C9:92:00,0,0,1,1E:01:D0:40:E0:9E,6,0,NONE,2026-08-05T00:39:41.584081
45917,,-51,41,0,1219,68040,44280,8482494,0,100,19,0,0,B0:CB:D8:C9:92:00,1,0,0,1E:01:D0:40:E0:9E,6,0,NONE,2026-08-05T00:39:41.855081
45917,MGMT_OTHER,-73,19,230,3365,69844,44280,8482736,0,100,19,0,0,B0:CB:D8:C9:92:00,0,0,1,1E:01:D0:40:E0:9E,6,0,NONE,2026-08-05T00:39:42.097081
45917,,-53,39,23383,3690,69844,44280,8483112,0,100,19,0,0,B0:CB:D8:C9:92:00,0,0,0,1E:01:D0:40:E0:9E,6,0,NONE,2026-08-05T00:39:42.473081
45917,MGMT_OTHER,-73,19,795,2912,69844,44280,8483287,0,100,19,0,0,B0:CB:D8:C9:92:00,0,0,1,1E:01:D0:40:E0:9E,6,0,NONE,2026-08-05T00:39:42.648081
45917,,-74,18,3048,81,69844,44280,8483466,0,100,19,0,0,B0:CB:D8:C9:92:00,0,0,1,1E:01:D0:40:E0:9E,6,0,NONE,2026-08-05T00:39:42.827081
45917,,-70,22,11551,2648,69844,44280,8483706,0,100,19,0,0,B0:CB:D8:C9:92:00,0,0,1,1E:01:D0:40:E0:9E,6,0,NONE,2026-08-05T00:39:43.067081
45917,,-69,23,266,2118,69844,44280,8483972,0,100,19,0,0,B0:CB:D8:C9:92:00,0,0,1,1E:01:D0:40:E0:9E,6,0,NONE,2026-08-05T00:39:43.333081
45917,PROBE_RESP,-80,12,0,3,69844,44280,8484302,0,100,19,0,0,B0:CB:D8:C9:92:00,0,0,0,1E:01:D0:40:E0:9E,6,0,NONE,2026-08-05T00:39:43.663081
45917,,-92,0,14213,649,69844,44280,8484528,0,100,19,0,0,B0:CB:D8:C9:92:00,0,0,1,1E:01:D0:40:E0:9E,6,0,NONE,2026-08-05T00:39:43.889081
45917,,-74,18,1027,1898,69844,44280,8484809,0,100,19,0,0,B0:CB:D8:C9:92:00,0,0,1,1E:01:D0:40:E0:9E,6,0,NONE,2026-08-05T00:39:44.170081
45917,BEACON,-80,12,0,1378,69768,44280,8485109,0,100,19,0,0,B0:CB:D8:C9:92:00,0,0,0,1E:01:D0:40:E0:9E,6,0,NONE,2026-08-05T00:39:44.470081
45917,,-69,23,3133,3871,69844,44280,8485251,0,100,19,0,0,B0:CB:D8:C9:92:00,0,0,1,1E:01:D0:40:E0:9E,6,0,NONE,2026-08-05T00:39:44.612081
45917,MGMT_OTHER,-66,26,303,4078,69844,44280,8485328,0,100,19,0,0,B0:CB:D8:C9:92:00,0,0,1,1E:01:D0:40:E0:9E,6,0,NONE,2026-08-05T00:39:44.689081
45917,MGMT_OTHER,-69,23,398,3976,69844,44280,8485434,0,100,19,0,0,B0:CB:D8:C9:92:00,0,0,1,1E:01:D0:40:E0:9E,6,0,NONE,2026-08-05T00:39:44.795081
45917,,-74,18,5435,2432,69844,44280,8485531,0,100,19,0,0,B0:CB:D8:C9:92:00,0,0,1,1E:01:D0:40:E0:9E,6,0,NONE,2026-08-05T00:39:44.892081
45917,,-50,42,7735,3701,69844,44280,8485804,0,100,19,0,0,B0:CB:D8:C9:92:00,0,0,1,1E:01:D0:40:E0:9E,6,0,NONE,2026-08-05T00:39:45.165081
45917,,-50,42,1428,3703,69828,44280,8486031,0,100,19,0,0,B0:CB:D8:C9:92:00,0,0,1,1E:01:D0:40:E0:9E,6,0,NONE,2026-08-05T00:39:45.392081
45917,MGMT_OTHER,-74,18,239,4022,69844,44280,8486237,0,100,19,0,0,B0:CB:D8:C9:92:00,0,0,1,1E:01:D0:40:E0:9E,6,0,NONE,2026-08-05T00:39:45.598081
45917,BEACON,-91,1,1231,3690,69844,44280,8486497,0,100,19,0,0,B0:CB:D8:C9:92:00,0,0,1,1E:01:D0:40:E0:9E,6,0,NONE,2026-08-05T00:39:45.858081
45917,BEACON,-89,3,2125,35,69844,44280,8486647,0,100,19,0,0,B0:CB:D8:C9:92:00,0,0,1,1E:01:D0:40:E0:9E,6,0,NONE,2026-08-05T00:39:46.008081
45917,BEACON,-80,12,0,1395,69844,44280,8486850,0,100,19,0,0,B0:CB:D8:C9:92:00,0,0,0,1E:01:D0:40:E0:9E,6,0,NONE,2026-08-05T00:39:46.211081
45917,,-69,23,274,1162,69844,44280,8487076,0,100,19,0,0,B0:CB:D8:C9:92:00,0,0,0,1E:01:D0:40:E0:9E,6,0,NONE,2026-08-05T00:39:46.437081
45917,PROBE_RESP,-81,11,0,0,69844,44280,8487268,0,100,19,0,0,B0:CB:D8:C9:92:00,0,0,0,1E:01:D0:40:E0:9E,6,0,NONE,2026-08-05T00:39:46.629081
45917,MGMT_OTHER,-74,18,446,2752,69844,44280,8487391,0,100,19,0,0,B0:CB:D8:C9:92:00,0,0,0,1E:01:D0:40:E0:9E,6,0,NONE,2026-08-05T00:39:46.752081
45917,MGMT_OTHER,-73,19,240,470,69844,44280,8487481,0,100,19,0,0,B0:CB:D8:C9:92:00,0,0,1,1E:01:D0:40:E0:9E,6,0,NONE,2026-08-05T00:39:46.842081
45917,,-73,19,893,1422,69844,44280,8487592,0,100,19,0,0,B0:CB:D8:C9:92:00,0,0,1,1E:01:D0:40:E0:9E,6,0,NONE,2026-08-05T00:39:46.953081
45917,,-90,2,5266,1939,69844,44280,8487858,0,100,19,0,0,B0:CB:D8:C9:92:00,0,0,1,1E:01:D0:40:E0:9E,6,0,NONE,2026-08-05T00:39:47.219081
45917,,-69,23,19214,2404,69844,44280,8488106,0,100,19,0,0,B0:CB:D8:C9:92:00,0,0,1,1E:01:D0:40:E0:9E,6,0,NONE,2026-08-05T00:39:47.467081
45917,BEACON,-89,3,20942,3709,69844,44280,8488439,0,100,19,0,0,B0:CB:D8:C9:92:00,0,0,1,1E:01:D0:40:E0:9E,6,0,NONE,2026-08-05T00:39:47.800081
45917,DEAUTH,-93,-1,8571,1640,69844,44280,8488684,0,100,19,0,0,B0:CB:D8:C9:92:00,0,0,1,1E:01:D0:40:E0:9E,6,0,NONE,2026-08-05T00:39:48.045081
45917,BEACON,-89,3,25301,3714,69844,44280,8488970,0,100,19,0,0,B0:CB:D8:C9:92:00,0,0,1,1E:01:D0:40:E0:9E,6,0,NONE,2026-08-05T00:39:48.331081
45917,MGMT_OTHER,-74,18,1825,3723,69844,44280,8489228,0,100,19,0,0,B0:CB:D8:C9:92:00,0,0,1,1E:01:D0:40:E0:9E,6,0,NONE,2026-08-05T00:39:48.589081
45917,,-69,23,347,2515,69844,44280,8489336,0,100,19,0,0,B0:CB:D8:C9:92:00,0,0,1,1E:01:D0:40:E0:9E,6,0,NONE,2026-08-05T00:39:48.697081
45917,MGMT_OTHER,-73,19,357,629,69844,44280,8489424,0,100,19,0,0,B0:CB:D8:C9:92:00,0,0,1,1E:01:D0:40:E0:9E,6,0,NONE,2026-08-05T00:39:48.785081
45917,BEACON,-88,4,10904,3720,69844,44280,8489565,0,100,19,0,0,B0:CB:D8:C9:92:00,0,0,1,1E:01:D0:40:E0:9E,6,0,NONE,2026-08-05T00:39:48.926081
45917,,-69,23,6066,2653,69844,44280,8489638,0,100,19,0,0,B0:CB:D8:C9:92:00,0,0,1,1E:01:D0:40:E0:9E,6,0,NONE,2026-08-05T00:39:48.999081
45917,MGMT_OTHER,-69,23,249,3287,69844,44280,8489701,0,100,19,0,0,B0:CB:D8:C9:92:00,0,0,1,1E:01:D0:40:E0:9E,6,0,NONE,2026-08-05T00:39:49.062081
45917,PROBE_RESP,-90,2,0,1,69844,44280,8489763,0,100,19,0,0,B0:CB:D8:C9:92:00,0,0,0,1E:01:D0:40:E0:9E,6,0,NONE,2026-08-05T00:39:49.124081
45917,BEACON,-57,35,1912,1321,69844,44280,8489920,0,100,19,0,0,B0:CB:D8:C9:92:00,0,0,1,1E:01:D0:40:E0:9E,6,0,NONE,2026-08-05T00:39:49.281081
45917,,-69,23,97,0,69844,44280,8490157,0,100,19,0,0,B0:CB:D8:C9:92:00,0,0,1,1E:01:D0:40:E0:9E,6,0,NONE,2026-08-05T00:39:49.518081
45917,BEACON,-79,13,0,1429,69844,44280,8490331,0,100,19,0,0,B0:CB:D8:C9:92:00,0,0,0,1E:01:D0:40:E0:9E,6,0,NONE,2026-08-05T00:39:49.692081
45917,MGMT_OTHER,-74,18,224,1056,69768,44280,8490455,0,100,19,0,0,B0:CB:D8:C9:92:00,0,0,1,1E:01:D0:40:E0:9E,6,0,NONE,2026-08-05T00:39:49.816081
45917,,-74,18,977,87,69844,44280,8490622,0,100,19,0,0,B0:CB:D8:C9:92:00,0,0,1,1E:01:D0:40:E0:9E,6,0,NONE,2026-08-05T00:39:49.983081
45917,AUTH,-91,1,1287,965,69844,44280,8490849,0,100,19,0,0,B0:CB:D8:C9:92:00,0,0,1,1E:01:D0:40:E0:9E,6,0,NONE,2026-08-05T00:39:50.210081
45917,,-68,24,790,2809,69844,44280,8491075,0,100,19,0,0,B0:CB:D8:C9:92:00,0,0,1,1E:01:D0:40:E0:9E,6,0,NONE,2026-08-05T00:39:50.436081
45917,,-70,22,365,1632,69844,44280,8491243,0,100,19,0,0,B0:CB:D8:C9:92:00,0,0,1,1E:01:D0:40:E0:9E,6,0,NONE,2026-08-05T00:39:50.604081
45917,,-74,18,4794,2010,69844,44280,8491323,0,100,19,0,0,B0:CB:D8:C9:92:00,0,0,1,1E:01:D0:40:E0:9E,6,0,NONE,2026-08-05T00:39:50.684081
45917,,-74,18,1466,1235,69844,44280,8491384,0,100,19,0,0,B0:CB:D8:C9:92:00,0,0,1,1E:01:D0:40:E0:9E,6,0,NONE,2026-08-05T00:39:50.745081
45917,PROBE_RESP,-93,-1,300,1,69844,44280,8491469,0,100,19,0,0,B0:CB:D8:C9:92:00,0,0,1,1E:01:D0:40:E0:9E,6,0,NONE,2026-08-05T00:39:50.830081
45917,,-70,22,1318,2358,69844,44280,8491569,0,100,19,0,0,B0:CB:D8:C9:92:00,0,0,1,1E:01:D0:40:E0:9E,6,0,NONE,2026-08-05T00:39:50.930081
45917,,-74,18,5875,3094,69844,44280,8491681,0,100,19,0,0,B0:CB:D8:C9:92:00,0,0,1,1E:01:D0:40:E0:9E,6,0,NONE,2026-08-05T00:39:51.042081
45917,,-70,22,1525,1668,69844,44280,8491868,0,100,19,0,0,B0:CB:D8:C9:92:00,0,0,1,1E:01:D0:40:E0:9E,6,0,NONE,2026-08-05T00:39:51.229081
45917,,-70,22,1350,2577,69844,44280,8491983,0,100,19,0,0,B0:CB:D8:C9:92:00,1,0,1,1E:01:D0:40:E0:9E,6,0,NONE,2026-08-05T00:39:51.344081
45917,MGMT_OTHER,-70,22,600,3419,69844,44280,8492156,0,100,19,0,0,B0:CB:D8:C9:92:00,0,0,1,1E:01:D0:40:E0:9E,6,0,NONE,2026-08-05T00:39:51.517081
45917,BEACON,-80,12,0,1449,69844,44280,8492379,0,100,19,0,0,B0:CB:D8:C9:92:00,0,0,0,1E:01:D0:40:E0:9E,6,0,NONE,2026-08-05T00:39:51.740081
45917,BEACON,-64,28,25171,1155,69844,44280,8492565,0,100,19,0,0,B0:CB:D8:C9:92:00,0,0,1,1E:01:D0:40:E0:9E,6,0,NONE,2026-08-05T00:39:51.926081
45917,,-52,40,1428,3734,69844,44280,8492789,0,100,19,0,0,B0:CB:D8:C9:92:00,0,0,1,1E:01:D0:40:E0:9E,6,0,NONE,2026-08-05T00:39:52.150081
45917,MGMT_OTHER,15,15,0,0,69844,44280,8492930,0,100,19,0,0,B0:CB:D8:C9:92:00,0,0,0,1E:01:D0:40:E0:9E,6,0,NONE,2026-08-05T00:39:52.291081
45917,,-70,22,913,1724,69844,44280,8493195,0,100,19,0,0,B0:CB:D8:C9:92:00,0,0,1,1E:01:D0:40:E0:9E,6,0,NONE,2026-08-05T00:39:52.556081
45917,,-69,23,437,2650,69844,44280,8493238,0,100,19,0,0,B0:CB:D8:C9:92:00,0,0,1,1E:01:D0:40:E0:9E,6,0,NONE,2026-08-05T00:39:52.599081
45917,,-70,22,3066,2542,69844,44280,8493325,0,100,19,0,0,B0:CB:D8:C9:92:00,0,0,1,1E:01:D0:40:E0:9E,6,0,NONE,2026-08-05T00:39:52.686081
45917,MGMT_OTHER,16,16,0,0,69844,44280,8493417,0,100,19,0,0,B0:CB:D8:C9:92:00,0,0,1,1E:01:D0:40:E0:9E,6,0,NONE,2026-08-05T00:39:52.778081
45917,BEACON,-81,11,6264,1497,69844,44280,8493505,0,100,19,0,0,B0:CB:D8:C9:92:00,0,0,1,1E:01:D0:40:E0:9E,6,0,NONE,2026-08-05T00:39:52.866081
45917,,-69,23,724,3802,69844,44280,8493555,0,100,19,0,0,B0:CB:D8:C9:92:00,0,0,1,1E:01:D0:40:E0:9E,6,0,NONE,2026-08-05T00:39:52.916081
45917,BEACON,-61,31,8604,1167,69844,44280,8493795,0,100,19,0,0,B0:CB:D8:C9:92:00,0,0,1,1E:01:D0:40:E0:9E,6,0,NONE,2026-08-05T00:39:53.156081
45917,,-74,18,17972,3339,69844,44280,8494205,0,100,19,0,0,B0:CB:D8:C9:92:00,0,0,1,1E:01:D0:40:E0:9E,6,0,NONE,2026-08-05T00:39:53.566081
45917,BEACON,-94,-2,0,3225,69844,44280,8494406,0,100,19,0,0,B0:CB:D8:C9:92:00,0,0,1,1E:01:D0:40:E0:9E,6,0,NONE,2026-08-05T00:39:53.767081
45917,PROBE_RESP,-89,3,92,0,69844,44280,8494579,0,100,19,0,0,B0:CB:D8:C9:92:00,0,0,1,1E:01:D0:40:E0:9E,6,0,NONE,2026-08-05T00:39:53.940081
45917,,-93,-1,2620,852,69844,44280,8494720,0,100,19,0,0,B0:CB:D8:C9:92:00,0,0,1,1E:01:D0:40:E0:9E,6,0,NONE,2026-08-05T00:39:54.081081
45917,,-74,18,3755,99,69768,44280,8494985,0,100,19,0,0,B0:CB:D8:C9:92:00,0,0,1,1E:01:D0:40:E0:9E,6,0,NONE,2026-08-05T00:39:54.346081
45917,MGMT_OTHER,-75,17,4081,3016,69768,44280,8495149,0,100,19,0,0,B0:CB:D8:C9:92:00,0,0,1,1E:01:D0:40:E0:9E,6,0,NONE,2026-08-05T00:39:54.510081
45917,,-70,22,101,0,69828,44280,8495240,0,100,19,0,0,B0:CB:D8:C9:92:00,0,0,1,1E:01:D0:40:E0:9E,6,0,NONE,2026-08-05T00:39:54.601081
45917,,-70,22,101,0,69844,44280,8495272,0,100,19,0,0,B0:CB:D8:C9:92:00,0,0,1,1E:01:D0:40:E0:9E,6,0,NONE,2026-08-05T00:39:54.633081
45917,MGMT_OTHER,-74,18,1513,3636,69844,44280,8495337,0,100,19,0,0,B0:CB:D8:C9:92:00,0,0,1,1E:01:D0:40:E0:9E,6,0,NONE,2026-08-05T00:39:54.698081
45917,,-75,17,224,1525,69768,44280,8495373,0,100,19,0,0,B0:CB:D8:C9:92:00,0,0,1,1E:01:D0:40:E0:9E,6,0,NONE,2026-08-05T00:39:54.733465
45917,AUTH,-94,-2,4561,0,69844,44280,8495468,0,100,19,0,0,B0:CB:D8:C9:92:00,1,0,0,1E:01:D0:40:E0:9E,6,0,NONE,2026-08-05T00:39:54.828465
45917,,-70,22,3568,1681,69844,44280,8495556,0,100,19,0,0,B0:CB:D8:C9:92:00,0,0,1,1E:01:D0:40:E0:9E,6,0,NONE,2026-08-05T00:39:54.916465
45917,,-71,21,9491,92,69844,44280,8495747,0,100,19,0,0,B0:CB:D8:C9:92:00,0,0,1,1E:01:D0:40:E0:9E,6,0,NONE,2026-08-05T00:39:55.107465
45917,,-52,40,154,3749,69844,44280,8495919,0,100,19,0,0,B0:CB:D8:C9:92:00,1,0,0,1E:01:D0:40:E0:9E,6,0,NONE,2026-08-05T00:39:55.279465
45917,,-70,22,201,1954,69844,44280,8496078,0,100,19,0,0,B0:CB:D8:C9:92:00,0,0,1,1E:01:D0:40:E0:9E,6,0,NONE,2026-08-05T00:39:55.438465
45917,BEACON,-90,2,5397,3785,69844,44280,8496222,0,100,19,0,0,B0:CB:D8:C9:92:00,0,0,1,1E:01:D0:40:E0:9E,6,0,NONE,2026-08-05T00:39:55.582465
45917,BEACON,-93,-1,0,2543,69844,44280,8496455,0,100,19,0,0,B0:CB:D8:C9:92:00,0,0,1,1E:01:D0:40:E0:9E,6,0,NONE,2026-08-05T00:39:55.815465
45917,,-75,17,244,496,69844,44280,8496715,0,100,19,0,0,B0:CB:D8:C9:92:00,0,0,1,1E:01:D0:40:E0:9E,6,0,NONE,2026-08-05T00:39:56.075465
45917,MGMT_OTHER,-70,22,301,883,69844,44280,8496903,0,100,19,0,0,B0:CB:D8:C9:92:00,0,0,1,1E:01:D0:40:E0:9E,6,0,NONE,2026-08-05T00:39:56.263465
45917,BEACON,-80,12,4730,1532,69844,44280,8497089,0,100,19,0,0,B0:CB:D8:C9:92:00,0,0,1,1E:01:D0:40:E0:9E,6,0,NONE,2026-08-05T00:39:56.449465
45917,,-70,22,760,3458,69844,44280,8497206,0,100,19,0,0,B0:CB:D8:C9:92:00,0,0,1,1E:01:D0:40:E0:9E,6,0,NONE,2026-08-05T00:39:56.566465
45917,,-75,17,3488,1662,69844,44280,8497243,0,100,19,0,0,B0:CB:D8:C9:92:00,0,0,1,1E:01:D0:40:E0:9E,6,0,NONE,2026-08-05T00:39:56.603465
45917,,-74,18,709,1825,69844,44280,8497330,0,100,19,0,0,B0:CB:D8:C9:92:00,0,0,1,1E:01:D0:40:E0:9E,6,0,NONE,2026-08-05T00:39:56.690465
45917,,-70,22,97,0,69844,44280,8497464,0,100,19,0,0,B0:CB:D8:C9:92:00,0,0,1,1E:01:D0:40:E0:9E,6,0,NONE,2026-08-05T00:39:56.824465
45917,,-94,-2,8663,1690,69844,44280,8497596,0,100,19,0,0,B0:CB:D8:C9:92:00,0,0,1,1E:01:D0:40:E0:9E,6,0,NONE,2026-08-05T00:39:56.956465
45917,,-74,18,3547,353,69844,44280,8497802,0,100,19,0,0,B0:CB:D8:C9:92:00,0,0,1,1E:01:D0:40:E0:9E,6,0,NONE,2026-08-05T00:39:57.162465
45917,,-51,41,183,3759,69844,44280,8497961,0,100,19,0,0,B0:CB:D8:C9:92:00,0,0,1,1E:01:D0:40:E0:9E,6,0,NONE,2026-08-05T00:39:57.321465
45917,,-71,21,101,0,69844,44280,8498200,0,100,19,0,0,B0:CB:D8:C9:92:00,0,0,1,1E:01:D0:40:E0:9E,6,0,NONE,2026-08-05T00:39:57.560465
45917,,-75,17,1023,1461,69768,44280,8498335,0,100,19,0,0,B0:CB:D8:C9:92:00,0,0,1,1E:01:D0:40:E0:9E,6,0,NONE,2026-08-05T00:39:57.695465
45917,,-70,22,101,0,69844,44280,8498438,0,100,19,0,0,B0:CB:D8:C9:92:00,0,0,1,1E:01:D0:40:E0:9E,6,0,NONE,2026-08-05T00:39:57.798465
45917,,-70,22,97,0,69844,44280,8498538,0,100,19,0,0,B0:CB:D8:C9:92:00,1,0,1,1E:01:D0:40:E0:9E,6,0,NONE,2026-08-05T00:39:57.898465
45917,PROBE_RESP,-80,12,0,1,69844,44280,8498751,0,100,19,0,0,B0:CB:D8:C9:92:00,0,0,0,1E:01:D0:40:E0:9E,6,0,NONE,2026-08-05T00:39:58.111465
45917,,-71,21,1895,790,69844,44280,8499016,0,100,19,0,0,B0:CB:D8:C9:92:00,0,0,1,1E:01:D0:40:E0:9E,6,0,NONE,2026-08-05T00:39:58.375173
45917,,-79,13,293,3928,69844,44280,8499231,0,100,19,0,0,B0:CB:D8:C9:92:00,0,0,1,1E:01:D0:40:E0:9E,6,0,NONE,2026-08-05T00:39:58.590173
45917,,-70,22,257,3008,69844,44280,8499285,0,100,19,0,0,B0:CB:D8:C9:92:00,0,0,1,1E:01:D0:40:E0:9E,6,0,NONE,2026-08-05T00:39:58.644173
45917,PROBE_RESP,-81,11,0,3,69844,44280,8499435,0,100,19,0,0,B0:CB:D8:C9:92:00,0,0,0,1E:01:D0:40:E0:9E,6,0,NONE,2026-08-05T00:39:58.794173
45917,,-50,42,131,3765,69844,44280,8499526,0,100,19,0,0,B0:CB:D8:C9:92:00,0,0,0,1E:01:D0:40:E0:9E,6,0,NONE,2026-08-05T00:39:58.885173
45917,,-74,18,257,1360,69844,44280,8499689,0,100,19,0,0,B0:CB:D8:C9:92:00,0,0,1,1E:01:D0:40:E0:9E,6,0,NONE,2026-08-05T00:39:59.048173
45917,BEACON,-57,35,93,1469,69844,44280,8499853,0,100,19,0,0,B0:CB:D8:C9:92:00,0,0,1,1E:01:D0:40:E0:9E,6,0,NONE,2026-08-05T00:39:59.212173
45917,MGMT_OTHER,-74,18,1481,578,69768,44280,8499983,0,100,19,0,0,B0:CB:D8:C9:92:00,0,0,1,1E:01:D0:40:E0:9E,6,0,NONE,2026-08-05T00:39:59.342173
45917,BEACON,-78,14,98,1526,69844,44280,8500265,0,100,19,0,0,B0:CB:D8:C9:92:00,0,0,1,1E:01:D0:40:E0:9E,6,0,NONE,2026-08-05T00:39:59.624173
45917,,-74,18,781,3200,69844,44280,8500505,0,100,19,0,0,B0:CB:D8:C9:92:00,0,0,1,1E:01:D0:40:E0:9E,6,0,NONE,2026-08-05T00:39:59.864173
45917,,-93,-1,14972,4062,69844,44280,8500804,0,100,19,0,0,B0:CB:D8:C9:92:00,0,0,1,1E:01:D0:40:E0:9E,6,0,NONE,2026-08-05T00:40:00.163173
45917,,-74,18,182,1988,69844,44280,8501064,0,100,19,0,0,B0:CB:D8:C9:92:00,0,0,1,1E:01:D0:40:E0:9E,6,0,NONE,2026-08-05T00:40:00.423173
45917,,-74,18,198,2626,69844,44280,8501217,0,100,19,0,0,B0:CB:D8:C9:92:00,0,0,1,1E:01:D0:40:E0:9E,6,0,NONE,2026-08-05T00:40:00.576173
45917,,-74,18,13613,2032,69844,44280,8501331,0,100,19,0,0,B0:CB:D8:C9:92:00,0,0,1,1E:01:D0:40:E0:9E,6,0,NONE,2026-08-05T00:40:00.690173
45917,BEACON,-56,36,0,1487,69844,44280,8501492,0,100,19,0,0,B0:CB:D8:C9:92:00,0,0,1,1E:01:D0:40:E0:9E,6,0,NONE,2026-08-05T00:40:00.851173
45917,MGMT_OTHER,-73,19,231,2447,69844,44280,8501774,0,100,19,0,0,B0:CB:D8:C9:92:00,0,0,1,1E:01:D0:40:E0:9E,6,0,NONE,2026-08-05T00:40:01.133173
45917,,-71,21,6028,3124,69844,44280,8502085,0,100,19,0,0,B0:CB:D8:C9:92:00,0,0,1,1E:01:D0:40:E0:9E,6,0,NONE,2026-08-05T00:40:01.444173
45917,PROBE_RESP,-78,14,513,3,69844,44280,8502347,0,100,19,0,0,B0:CB:D8:C9:92:00,1,0,0,1E:01:D0:40:E0:9E,6,0,NONE,2026-08-05T00:40:01.706173
45917,,-70,22,437,3691,69844,44280,8502645,0,100,19,0,0,B0:CB:D8:C9:92:00,0,0,1,1E:01:D0:40:E0:9E,6,0,NONE,2026-08-05T00:40:02.004173
45917,,-75,17,2360,1064,69844,44280,8503016,0,100,19,0,0,B0:CB:D8:C9:92:00,0,0,1,1E:01:D0:40:E0:9E,6,0,NONE,2026-08-05T00:40:02.375173
45917,,-70,22,1171,2646,69844,44280,8503264,0,100,19,0,0,B0:CB:D8:C9:92:00,0,0,1,1E:01:D0:40:E0:9E,6,0,NONE,2026-08-05T00:40:02.623173
45917,,-70,22,743,3372,69844,44280,8503356,0,100,19,0,0,B0:CB:D8:C9:92:00,0,0,1,1E:01:D0:40:E0:9E,6,0,NONE,2026-08-05T00:40:02.715173
45917,,-74,18,2244,3381,69844,44280,8503451,0,100,19,0,0,B0:CB:D8:C9:92:00,0,0,1,1E:01:D0:40:E0:9E,6,0,NONE,2026-08-05T00:40:02.810173
45917,,-74,18,234,1355,69844,44280,8503779,0,100,19,0,0,B0:CB:D8:C9:92:00,0,0,1,1E:01:D0:40:E0:9E,6,0,NONE,2026-08-05T00:40:03.138173
45917,MGMT_OTHER,-70,22,1734,4039,69844,44280,8504097,0,100,19,0,0,B0:CB:D8:C9:92:00,0,0,1,1E:01:D0:40:E0:9E,6,0,NONE,2026-08-05T00:40:03.456173
45917,BEACON,-80,12,5109,1604,69844,44280,8504462,0,100,19,0,0,B0:CB:D8:C9:92:00,1,0,1,1E:01:D0:40:E0:9E,6,0,NONE,2026-08-05T00:40:03.821173
45917,,-71,21,7838,2502,69844,44280,8504751,0,100,19,0,0,B0:CB:D8:C9:92:00,0,0,1,1E:01:D0:40:E0:9E,6,0,NONE,2026-08-05T00:40:04.110173
45917,,-71,21,2767,3294,69844,44280,8504960,0,100,19,0,0,B0:CB:D8:C9:92:00,0,0,1,1E:01:D0:40:E0:9E,6,0,NONE,2026-08-05T00:40:04.319173
45917,BEACON,-80,12,2280,1611,69844,44280,8505182,0,100,19,0,0,B0:CB:D8:C9:92:00,0,0,1,1E:01:D0:40:E0:9E,6,0,NONE,2026-08-05T00:40:04.541173
45917,MGMT_OTHER,-70,22,1003,3816,69844,44280,8505293,0,100,19,0,0,B0:CB:D8:C9:92:00,0,0,1,1E:01:D0:40:E0:9E,6,0,NONE,2026-08-05T00:40:04.652173
45917,,-71,21,357,1347,69844,44280,8505468,0,100,19,0,0,B0:CB:D8:C9:92:00,0,0,1,1E:01:D0:40:E0:9E,6,0,NONE,2026-08-05T00:40:04.827173
45917,MGMT_OTHER,-73,19,691,308,69844,44280,8505776,0,100,19,0,0,B0:CB:D8:C9:92:00,0,0,1,1E:01:D0:40:E0:9E,6,0,NONE,2026-08-05T00:40:05.135173
45917,MGMT_OTHER,-70,22,1689,2214,69844,44280,8506185,0,100,19,0,0,B0:CB:D8:C9:92:00,0,0,1,1E:01:D0:40:E0:9E,6,0,NONE,2026-08-05T00:40:05.544173
45917,,-47,45,9371,1550,69844,44280,8506424,0,100,19,0,0,B0:CB:D8:C9:92:00,0,0,1,1E:01:D0:40:E0:9E,6,0,NONE,2026-08-05T00:40:05.783173
45917,,-71,21,308,1882,69844,44280,8506724,0,100,19,0,0,B0:CB:D8:C9:92:00,0,0,1,1E:01:D0:40:E0:9E,6,0,NONE,2026-08-05T00:40:06.083173
45917,,-73,19,881,369,69844,44280,8506908,0,100,19,0,0,B0:CB:D8:C9:92:00,0,0,1,1E:01:D0:40:E0:9E,6,0,NONE,2026-08-05T00:40:06.267173
45917,PROBE_RESP,-89,3,0,0,69844,44280,8507167,0,100,19,0,0,B0:CB:D8:C9:92:00,0,0,0,1E:01:D0:40:E0:9E,6,0,NONE,2026-08-05T00:40:06.526173
45917,MGMT_OTHER,-70,22,387,1985,69844,44280,8507253,0,100,19,0,0,B0:CB:D8:C9:92:00,0,0,1,1E:01:D0:40:E0:9E,6,0,NONE,2026-08-05T00:40:06.612173
45917,,-74,18,1333,3155,69844,44280,8507334,0,100,19,0,0,B0:CB:D8:C9:92:00,0,0,1,1E:01:D0:40:E0:9E,6,0,NONE,2026-08-05T00:40:06.693173
45917,,-70,22,736,578,69844,44280,8507463,0,100,19,0,0,B0:CB:D8:C9:92:00,0,0,1,1E:01:D0:40:E0:9E,6,0,NONE,2026-08-05T00:40:06.822173
45917,MGMT_OTHER,-71,21,602,2883,69844,44280,8507718,0,100,19,0,0,B0:CB:D8:C9:92:00,0,0,0,1E:01:D0:40:E0:9E,6,0,NONE,2026-08-05T00:40:07.077173
45917,,-49,43,487,1570,68112,44280,8508044,0,100,19,0,0,B0:CB:D8:C9:92:00,0,0,1,1E:01:D0:40:E0:9E,6,0,NONE,2026-08-05T00:40:07.403173
45917,MGMT_OTHER,-73,19,203,2913,69844,44280,8508278,0,100,19,0,0,B0:CB:D8:C9:92:00,0,0,1,1E:01:D0:40:E0:9E,6,0,NONE,2026-08-05T00:40:07.637173
45917,BEACON,-63,29,28650,1311,69844,44280,8508536,0,100,19,0,0,B0:CB:D8:C9:92:00,0,0,1,1E:01:D0:40:E0:9E,6,0,NONE,2026-08-05T00:40:07.895173
45917,,-70,22,249,287,69844,44280,8508806,0,100,19,0,0,B0:CB:D8:C9:92:00,0,0,1,1E:01:D0:40:E0:9E,6,0,NONE,2026-08-05T00:40:08.165173
45917,,-75,17,1384,590,69844,44280,8508996,0,100,19,0,0,B0:CB:D8:C9:92:00,0,0,1,1E:01:D0:40:E0:9E,6,0,NONE,2026-08-05T00:40:08.355173
45917,,-75,17,351,2914,69844,44280,8509255,0,100,19,0,0,B0:CB:D8:C9:92:00,0,0,1,1E:01:D0:40:E0:9E,6,0,NONE,2026-08-05T00:40:08.614173
45917,,-69,23,356,3999,69844,44280,8509318,0,100,19,0,0,B0:CB:D8:C9:92:00,0,0,1,1E:01:D0:40:E0:9E,6,0,NONE,2026-08-05T00:40:08.677173
45917,,-70,22,1714,2648,69844,44280,8509396,0,100,19,0,0,B0:CB:D8:C9:92:00,0,0,1,1E:01:D0:40:E0:9E,6,0,NONE,2026-08-05T00:40:08.755173
45917,,-70,22,815,452,69844,44280,8509468,0,100,19,0,0,B0:CB:D8:C9:92:00,0,0,1,1E:01:D0:40:E0:9E,6,0,NONE,2026-08-05T00:40:08.827173
45917,,-70,22,1812,3505,69844,44280,8509529,0,100,19,0,0,B0:CB:D8:C9:92:00,0,0,1,1E:01:D0:40:E0:9E,6,0,NONE,2026-08-05T00:40:08.887987
45917,BEACON,-57,35,601,1592,69844,44280,8509685,0,100,19,0,0,B0:CB:D8:C9:92:00,0,0,1,1E:01:D0:40:E0:9E,6,0,NONE,2026-08-05T00:40:09.043987
45917,,-50,42,172,3811,69844,44280,8509789,0,100,19,0,0,B0:CB:D8:C9:92:00,0,0,0,1E:01:D0:40:E0:9E,6,0,NONE,2026-08-05T00:40:09.147987
45917,,-75,17,9851,384,69844,44280,8510002,0,100,19,0,0,B0:CB:D8:C9:92:00,0,0,1,1E:01:D0:40:E0:9E,6,0,NONE,2026-08-05T00:40:09.360987
45917,,-71,21,1067,1122,69844,44280,8510426,0,100,19,0,0,B0:CB:D8:C9:92:00,0,0,1,1E:01:D0:40:E0:9E,6,0,NONE,2026-08-05T00:40:09.784987
45917,MGMT_OTHER,-74,18,272,298,69844,44280,8510625,0,100,19,0,0,B0:CB:D8:C9:92:00,1,0,1,1E:01:D0:40:E0:9E,6,0,NONE,2026-08-05T00:40:09.983987
45917,,-70,22,25917,2452,69844,44280,8510837,0,100,19,0,0,B0:CB:D8:C9:92:00,0,0,1,1E:01:D0:40:E0:9E,6,0,NONE,2026-08-05T00:40:10.195987
45917,,-73,19,1152,1132,69844,44280,8511201,0,100,19,0,0,B0:CB:D8:C9:92:00,0,0,1,1E:01:D0:40:E0:9E,6,0,NONE,2026-08-05T00:40:10.559987
45917,,-74,18,519,3207,69844,44280,8511266,0,100,19,0,0,B0:CB:D8:C9:92:00,0,0,1,1E:01:D0:40:E0:9E,6,0,NONE,2026-08-05T00:40:10.624987
45917,,-73,19,2068,1898,69844,44280,8511339,0,100,19,0,0,B0:CB:D8:C9:92:00,0,0,1,1E:01:D0:40:E0:9E,6,0,NONE,2026-08-05T00:40:10.697987
45917,,-71,21,8452,968,69844,44280,8511408,0,100,19,0,0,B0:CB:D8:C9:92:00,0,0,1,1E:01:D0:40:E0:9E,6,0,NONE,2026-08-05T00:40:10.766987
45917,MGMT_OTHER,-70,22,215,3933,69844,44280,8511463,0,100,19,0,0,B0:CB:D8:C9:92:00,0,0,1,1E:01:D0:40:E0:9E,6,0,NONE,2026-08-05T00:40:10.821987
45917,,-70,22,626,2640,69844,44280,8511569,0,100,19,0,0,B0:CB:D8:C9:92:00,0,0,1,1E:01:D0:40:E0:9E,6,0,NONE,2026-08-05T00:40:10.927987
45917,,-70,22,3101,561,69844,44280,8511724,0,100,19,0,0,B0:CB:D8:C9:92:00,0,0,1,1E:01:D0:40:E0:9E,6,0,NONE,2026-08-05T00:40:11.082987
45917,,-73,19,14380,2191,69844,44280,8511878,0,100,19,0,0,B0:CB:D8:C9:92:00,0,0,1,1E:01:D0:40:E0:9E,6,0,NONE,2026-08-05T00:40:11.236987
45917,,-71,21,9368,703,69844,44280,8512160,0,100,19,0,0,B0:CB:D8:C9:92:00,0,0,1,1E:01:D0:40:E0:9E,6,0,NONE,2026-08-05T00:40:11.518987
45917,BEACON,-79,13,341,1644,69844,44280,8512350,0,100,19,0,0,B0:CB:D8:C9:92:00,0,0,1,1E:01:D0:40:E0:9E,6,0,NONE,2026-08-05T00:40:11.708987
45917,PROBE_RESP,-79,13,0,1,69844,44280,8512572,0,100,19,0,0,B0:CB:D8:C9:92:00,0,0,0,1E:01:D0:40:E0:9E,6,0,NONE,2026-08-05T00:40:11.930987
45917,,-70,22,6829,3775,69844,44280,8512785,0,100,19,0,0,B0:CB:D8:C9:92:00,0,0,1,1E:01:D0:40:E0:9E,6,0,NONE,2026-08-05T00:40:12.143987
45917,,-70,22,320,459,69844,44280,8513009,0,100,19,0,0,B0:CB:D8:C9:92:00,0,0,1,1E:01:D0:40:E0:9E,6,0,NONE,2026-08-05T00:40:12.367987
45917,,-70,22,466,2474,69844,44280,8513196,0,100,19,0,0,B0:CB:D8:C9:92:00,0,0,1,1E:01:D0:40:E0:9E,6,0,NONE,2026-08-05T00:40:12.554987
45917,,-70,22,283,1344,69844,44280,8513302,0,100,19,0,0,B0:CB:D8:C9:92:00,0,0,1,1E:01:D0:40:E0:9E,6,0,NONE,2026-08-05T00:40:12.660987
45917,,-73,19,277,229,69844,44280,8513364,0,100,19,0,0,B0:CB:D8:C9:92:00,0,0,1,1E:01:D0:40:E0:9E,6,0,NONE,2026-08-05T00:40:12.722987
45917,,-70,22,549,479,69828,44280,8513467,0,100,19,0,0,B0:CB:D8:C9:92:00,0,0,1,1E:01:D0:40:E0:9E,6,0,NONE,2026-08-05T00:40:12.825987
45917,BEACON,-57,35,0,1639,69844,44280,8513681,0,100,19,0,0,B0:CB:D8:C9:92:00,0,0,0,1E:01:D0:40:E0:9E,6,0,NONE,2026-08-05T00:40:13.039987
45917,BEACON,-57,35,2018,1641,69844,44280,8513883,0,100,19,0,0,B0:CB:D8:C9:92:00,0,0,1,1E:01:D0:40:E0:9E,6,0,NONE,2026-08-05T00:40:13.241987
45917,,-72,20,20036,898,69844,44280,8514171,0,100,19,0,0,B0:CB:D8:C9:92:00,0,0,1,1E:01:D0:40:E0:9E,6,0,NONE,2026-08-05T00:40:13.529987
45917,BEACON,-64,28,0,1368,69844,44280,8514374,0,100,19,0,0,B0:CB:D8:C9:92:00,0,0,1,1E:01:D0:40:E0:9E,6,0,NONE,2026-08-05T00:40:13.732987
45917,,-71,21,464,1035,69844,44280,8514618,0,100,19,0,0,B0:CB:D8:C9:92:00,0,0,1,1E:01:D0:40:E0:9E,6,0,NONE,2026-08-05T00:40:13.976987
45917,,-72,20,32012,3351,69844,44280,8514888,0,100,19,0,0,B0:CB:D8:C9:92:00,0,0,1,1E:01:D0:40:E0:9E,6,0,NONE,2026-08-05T00:40:14.246987
45917,BEACON,-82,10,5372,1708,69844,44280,8515112,0,100,19,0,0,B0:CB:D8:C9:92:00,0,0,0,1E:01:D0:40:E0:9E,6,0,NONE,2026-08-05T00:40:14.470987
45917,,-68,24,557,1292,69768,44280,8515235,0,100,19,0,0,B0:CB:D8:C9:92:00,0,0,1,1E:01:D0:40:E0:9E,6,0,NONE,2026-08-05T00:40:14.593987
45917,,-50,42,23716,3834,69844,44280,8515379,0,100,19,0,0,B0:CB:D8:C9:92:00,0,0,1,1E:01:D0:40:E0:9E,6,0,NONE,2026-08-05T00:40:14.737987
45917,,-59,33,4162,1663,68060,44280,8515544,0,100,19,0,0,B0:CB:D8:C9:92:00,0,0,0,1E:01:D0:40:E0:9E,6,0,NONE,2026-08-05T00:40:14.902987
45917,MGMT_OTHER,-74,18,26046,2339,69844,44280,8515742,0,100,19,0,0,B0:CB:D8:C9:92:00,1,0,1,1E:01:D0:40:E0:9E,6,0,NONE,2026-08-05T00:40:15.100987
45917,,-74,18,526,166,69844,44280,8515858,0,100,19,0,0,B0:CB:D8:C9:92:00,0,0,1,1E:01:D0:40:E0:9E,6,0,NONE,2026-08-05T00:40:15.216987
45917,,-72,20,7369,139,69844,44280,8516115,0,100,19,0,0,B0:CB:D8:C9:92:00,0,0,1,1E:01:D0:40:E0:9E,6,0,NONE,2026-08-05T00:40:15.473987
45917,,-70,22,8332,811,69844,44280,8516287,0,100,19,0,0,B0:CB:D8:C9:92:00,0,0,1,1E:01:D0:40:E0:9E,6,0,NONE,2026-08-05T00:40:15.645987
45917,,-70,22,4354,1345,69844,44280,8516534,0,100,19,0,0,B0:CB:D8:C9:92:00,0,0,1,1E:01:D0:40:E0:9E,6,0,NONE,2026-08-05T00:40:15.892987
45917,BEACON,-82,10,0,1688,69844,44280,8516854,0,100,19,0,0,B0:CB:D8:C9:92:00,0,0,0,1E:01:D0:40:E0:9E,6,0,NONE,2026-08-05T00:40:16.212987
45917,,-70,22,208,2517,69844,44280,8517064,0,100,19,0,0,B0:CB:D8:C9:92:00,0,0,1,1E:01:D0:40:E0:9E,6,0,NONE,2026-08-05T00:40:16.422987
45917,BEACON,-57,35,91,1686,69844,44280,8517262,0,100,19,0,0,B0:CB:D8:C9:92:00,0,0,1,1E:01:D0:40:E0:9E,6,0,NONE,2026-08-05T00:40:16.620987
45917,,-70,22,2295,2092,69844,44280,8517309,0,100,19,0,0,B0:CB:D8:C9:92:00,0,0,1,1E:01:D0:40:E0:9E,6,0,NONE,2026-08-05T00:40:16.667987
45917,BEACON,-82,10,3197,1731,69844,44280,8517468,0,100,19,0,0,B0:CB:D8:C9:92:00,0,0,0,1E:01:D0:40:E0:9E,6,0,NONE,2026-08-05T00:40:16.826774
45917,,-71,21,2363,2790,69844,44280,8517675,0,100,19,0,0,B0:CB:D8:C9:92:00,0,0,1,1E:01:D0:40:E0:9E,6,0,NONE,2026-08-05T00:40:17.033774
45917,,-75,17,288,3909,69844,44280,8517886,0,100,19,0,0,B0:CB:D8:C9:92:00,0,0,1,1E:01:D0:40:E0:9E,6,0,NONE,2026-08-05T00:40:17.244774
45917,MGMT_OTHER,-75,17,382,742,69844,44280,8518175,0,100,19,0,0,B0:CB:D8:C9:92:00,0,0,1,1E:01:D0:40:E0:9E,6,0,NONE,2026-08-05T00:40:17.533774
45917,,-73,19,693,267,69844,44280,8518298,0,100,19,0,0,B0:CB:D8:C9:92:00,0,0,1,1E:01:D0:40:E0:9E,6,0,NONE,2026-08-05T00:40:17.656774
45917,,-74,18,394,2708,69768,44280,8518579,0,100,19,0,0,B0:CB:D8:C9:92:00,0,0,1,1E:01:D0:40:E0:9E,6,0,NONE,2026-08-05T00:40:17.937774
45917,MGMT_OTHER,11,11,0,0,69844,44280,8518806,0,100,19,0,0,B0:CB:D8:C9:92:00,0,0,0,1E:01:D0:40:E0:9E,6,0,NONE,2026-08-05T00:40:18.164774
45917,BEACON,-83,9,5331,1745,69844,44280,8518902,0,100,19,0,0,B0:CB:D8:C9:92:00,0,0,1,1E:01:D0:40:E0:9E,6,0,NONE,2026-08-05T00:40:18.260774
45917,,-73,19,207,472,69844,44280,8519119,0,100,19,0,0,B0:CB:D8:C9:92:00,0,0,1,1E:01:D0:40:E0:9E,6,0,NONE,2026-08-05T00:40:18.477774
45917,,-74,18,597,2814,69844,44280,8519220,0,100,19,0,0,B0:CB:D8:C9:92:00,0,0,1,1E:01:D0:40:E0:9E,6,0,NONE,2026-08-05T00:40:18.578774
45917,BEACON,-63,29,101,1416,69844,44280,8519289,0,100,19,0,0,B0:CB:D8:C9:92:00,0,0,1,1E:01:D0:40:E0:9E,6,0,NONE,2026-08-05T00:40:18.647774
45917,,-70,22,105,0,69844,44280,8519401,0,100,19,0,0,B0:CB:D8:C9:92:00,0,0,1,1E:01:D0:40:E0:9E,6,0,NONE,2026-08-05T00:40:18.759774
45917,,-74,18,2584,2400,69844,44280,8519497,0,100,19,0,0,B0:CB:D8:C9:92:00,0,0,1,1E:01:D0:40:E0:9E,6,0,NONE,2026-08-05T00:40:18.855774
45917,,-70,22,102,0,69844,44280,8519805,0,100,19,0,0,B0:CB:D8:C9:92:00,0,0,1,1E:01:D0:40:E0:9E,6,0,NONE,2026-08-05T00:40:19.163774
45917,,-93,-1,2548,3188,69844,44280,8520043,0,100,19,0,0,B0:CB:D8:C9:92:00,1,0,1,1E:01:D0:40:E0:9E,6,0,NONE,2026-08-05T00:40:19.401774
45917,,-74,18,2183,820,69844,44280,8520235,0,100,19,0,0,B0:CB:D8:C9:92:00,0,0,1,1E:01:D0:40:E0:9E,6,0,NONE,2026-08-05T00:40:19.593774
45917,MGMT_OTHER,-70,22,1372,1835,69844,44280,8520424,0,100,19,0,0,B0:CB:D8:C9:92:00,0,0,1,1E:01:D0:40:E0:9E,6,0,NONE,2026-08-05T00:40:19.782774
45917,BEACON,-63,29,21013,1429,69844,44280,8520619,0,100,19,0,0,B0:CB:D8:C9:92:00,0,0,1,1E:01:D0:40:E0:9E,6,0,NONE,2026-08-05T00:40:19.977774
45917,BEACON,-64,28,1201,1431,69844,44280,8520824,0,100,19,0,0,B0:CB:D8:C9:92:00,0,0,1,1E:01:D0:40:E0:9E,6,0,NONE,2026-08-05T00:40:20.182774
45917,,-74,18,2702,2960,69768,44280,8521033,0,100,19,0,0,B0:CB:D8:C9:92:00,0,0,1,1E:01:D0:40:E0:9E,6,0,NONE,2026-08-05T00:40:20.391774
45917,,-74,18,407,3843,69768,44280,8521177,0,100,19,0,0,B0:CB:D8:C9:92:00,0,0,1,1E:01:D0:40:E0:9E,6,0,NONE,2026-08-05T00:40:20.535774
45917,,-74,18,1202,2538,69844,44280,8521273,0,100,19,0,0,B0:CB:D8:C9:92:00,0,0,1,1E:01:D0:40:E0:9E,6,0,NONE,2026-08-05T00:40:20.631774
45917,,-74,18,353,3449,69844,44280,8521455,0,100,19,0,0,B0:CB:D8:C9:92:00,0,0,1,1E:01:D0:40:E0:9E,6,0,NONE,2026-08-05T00:40:20.813774
45917,,-51,41,2444,1749,69844,44280,8521695,0,100,19,0,0,B0:CB:D8:C9:92:00,0,0,1,1E:01:D0:40:E0:9E,6,0,NONE,2026-08-05T00:40:21.053774
45917,,-74,18,297,1988,69768,44280,8521878,0,100,19,0,0,B0:CB:D8:C9:92:00,0,0,1,1E:01:D0:40:E0:9E,6,0,NONE,2026-08-05T00:40:21.236774
45917,BEACON,-88,4,0,4037,69844,44280,8522032,0,100,19,0,0,B0:CB:D8:C9:92:00,0,0,0,1E:01:D0:40:E0:9E,6,0,NONE,2026-08-05T00:40:21.390774
45917,,-71,21,97,0,69844,44280,8522267,0,100,19,0,0,B0:CB:D8:C9:92:00,0,0,1,1E:01:D0:40:E0:9E,6,0,NONE,2026-08-05T00:40:21.625774
45917,,-74,18,918,3906,69844,44280,8522451,0,100,19,0,0,B0:CB:D8:C9:92:00,0,0,1,1E:01:D0:40:E0:9E,6,0,NONE,2026-08-05T00:40:21.809774
45917,MGMT_OTHER,-71,21,301,962,69844,44280,8522604,0,100,19,0,0,B0:CB:D8:C9:92:00,0,0,1,1E:01:D0:40:E0:9E,6,0,NONE,2026-08-05T00:40:21.962774
45917,MGMT_OTHER,-71,21,219,1103,69844,44280,8522813,0,100,19,0,0,B0:CB:D8:C9:92:00,0,0,1,1E:01:D0:40:E0:9E,6,0,NONE,2026-08-05T00:40:22.171774
45917,MGMT_OTHER,-74,18,642,168,69768,44280,8522931,0,100,19,0,0,B0:CB:D8:C9:92:00,0,0,1,1E:01:D0:40:E0:9E,6,0,NONE,2026-08-05T00:40:22.289774
45917,MGMT_OTHER,10,10,0,0,69844,44280,8523032,0,100,19,0,0,B0:CB:D8:C9:92:00,0,0,0,1E:01:D0:40:E0:9E,6,0,NONE,2026-08-05T00:40:22.390774
45917,MGMT_OTHER,-74,18,4762,3845,69844,44280,8523194,0,100,19,0,0,B0:CB:D8:C9:92:00,0,0,1,1E:01:D0:40:E0:9E,6,0,NONE,2026-08-05T00:40:22.552774
45917,,-71,21,102,186,69844,44280,8523241,0,100,19,0,0,B0:CB:D8:C9:92:00,0,0,1,1E:01:D0:40:E0:9E,6,0,NONE,2026-08-05T00:40:22.599774
45917,,-74,18,0,3228,69768,44280,8523329,0,100,19,0,0,B0:CB:D8:C9:92:00,0,0,1,1E:01:D0:40:E0:9E,6,0,NONE,2026-08-05T00:40:22.687774
45917,BEACON,-84,8,3418,1789,69844,44280,8523408,0,100,19,0,0,B0:CB:D8:C9:92:00,0,0,0,1E:01:D0:40:E0:9E,6,0,NONE,2026-08-05T00:40:22.766774
45917,MGMT_OTHER,13,13,0,0,69844,44280,8523440,0,100,19,0,0,B0:CB:D8:C9:92:00,0,0,1,1E:01:D0:40:E0:9E,6,0,NONE,2026-08-05T00:40:22.798774
45917,PROBE_RESP,-90,2,0,0,69844,44280,8523537,0,100,19,0,0,B0:CB:D8:C9:92:00,0,0,0,1E:01:D0:40:E0:9E,6,0,NONE,2026-08-05T00:40:22.895774
45917,,-73,19,4540,333,69844,44280,8523799,0,100,19,0,0,B0:CB:D8:C9:92:00,0,0,1,1E:01:D0:40:E0:9E,6,0,NONE,2026-08-05T00:40:23.157774
45917,,-73,19,1142,2059,69844,44280,8523969,0,100,19,0,0,B0:CB:D8:C9:92:00,0,0,1,1E:01:D0:40:E0:9E,6,0,NONE,2026-08-05T00:40:23.327774
45917,,-46,46,209,3887,69844,44280,8524126,0,100,19,0,0,B0:CB:D8:C9:92:00,0,0,0,1E:01:D0:40:E0:9E,6,0,NONE,2026-08-05T00:40:23.484774
45917,PROBE_RESP,-93,-1,0,0,69844,44280,8524244,0,100,19,0,0,B0:CB:D8:C9:92:00,0,0,0,1E:01:D0:40:E0:9E,6,0,NONE,2026-08-05T00:40:23.602774
45917,MGMT_OTHER,-74,18,1362,2729,69844,44280,8524355,0,100,19,0,0,B0:CB:D8:C9:92:00,0,0,1,1E:01:D0:40:E0:9E,6,0,NONE,2026-08-05T00:40:23.713774
45917,,-90,2,4856,857,69844,44280,8524574,0,100,19,0,0,B0:CB:D8:C9:92:00,0,0,1,1E:01:D0:40:E0:9E,6,0,NONE,2026-08-05T00:40:23.932774
45917,MGMT_OTHER,10,10,0,0,69844,44280,8524821,0,100,19,0,0,B0:CB:D8:C9:92:00,0,0,0,1E:01:D0:40:E0:9E,6,0,NONE,2026-08-05T00:40:24.179774
45917,MGMT_OTHER,-75,17,4867,3560,69844,44280,8524994,0,100,19,0,0,B0:CB:D8:C9:92:00,1,0,1,1E:01:D0:40:E0:9E,6,0,NONE,2026-08-05T00:40:24.352774
45917,,-72,20,128,0,69844,44280,8525214,0,100,19,0,0,B0:CB:D8:C9:92:00,1,0,0,1E:01:D0:40:E0:9E,6,0,NONE,2026-08-05T00:40:24.572774
45917,MGMT_OTHER,-71,21,474,2158,69844,44280,8525266,0,100,19,0,0,B0:CB:D8:C9:92:00,1,0,1,1E:01:D0:40:E0:9E,6,0,NONE,2026-08-05T00:40:24.624774
45917,BEACON,-56,36,3061,1793,69844,44280,8525352,0,100,19,0,0,B0:CB:D8:C9:92:00,1,0,1,1E:01:D0:40:E0:9E,6,0,NONE,2026-08-05T00:40:24.710774
45917,BEACON,-82,10,5310,1809,69844,44280,8525455,0,100,19,0,0,B0:CB:D8:C9:92:00,0,0,0,1E:01:D0:40:E0:9E,6,0,NONE,2026-08-05T00:40:24.813774
45917,BEACON,-91,1,10373,4072,69844,44280,8525618,0,100,19,0,0,B0:CB:D8:C9:92:00,0,0,1,1E:01:D0:40:E0:9E,6,0,NONE,2026-08-05T00:40:24.976774
45917,,-74,18,997,2982,69844,44280,8525709,0,100,19,0,0,B0:CB:D8:C9:92:00,1,0,0,1E:01:D0:40:E0:9E,6,0,NONE,2026-08-05T00:40:25.067774
45917,,-51,41,3171,3896,69844,44280,8525818,0,100,19,0,0,B0:CB:D8:C9:92:00,1,0,1,1E:01:D0:40:E0:9E,6,0,NONE,2026-08-05T00:40:25.176774
45917,MGMT_OTHER,-70,22,588,3310,69844,44280,8525985,0,100,19,0,0,B0:CB:D8:C9:92:00,0,0,1,1E:01:D0:40:E0:9E,6,0,NONE,2026-08-05T00:40:25.343774
45917,,-74,18,346,3009,69768,44280,8526175,0,100,19,0,0,B0:CB:D8:C9:92:00,0,0,1,1E:01:D0:40:E0:9E,6,0,NONE,2026-08-05T00:40:25.533774
45917,MGMT_OTHER,-92,0,579,3898,69844,44280,8526315,0,100,19,0,0,B0:CB:D8:C9:92:00,0,0,1,1E:01:D0:40:E0:9E,6,0,NONE,2026-08-05T00:40:25.673774
45917,BEACON,-55,37,97,1810,69844,44280,8526482,0,100,19,0,0,B0:CB:D8:C9:92:00,0,0,1,1E:01:D0:40:E0:9E,6,0,NONE,2026-08-05T00:40:25.840774
45917,MGMT_OTHER,-95,-3,7505,3843,69844,44280,8526654,0,100,19,0,0,B0:CB:D8:C9:92:00,0,0,1,1E:01:D0:40:E0:9E,6,0,NONE,2026-08-05T00:40:26.012774
45917,BEACON,-80,12,22133,1823,69844,44280,8526890,0,100,19,0,0,B0:CB:D8:C9:92:00,0,0,1,1E:01:D0:40:E0:9E,6,0,NONE,2026-08-05T00:40:26.248774
45917,MGMT_OTHER,-74,18,597,3048,69844,44280,8527106,0,100,19,0,0,B0:CB:D8:C9:92:00,0,0,1,1E:01:D0:40:E0:9E,6,0,NONE,2026-08-05T00:40:26.464774
45917,,-74,18,322,2168,69844,44280,8527224,0,100,19,0,0,B0:CB:D8:C9:92:00,0,0,1,1E:01:D0:40:E0:9E,6,0,NONE,2026-08-05T00:40:26.582774
45917,,-74,18,1636,2168,69844,44280,8527308,0,100,19,0,0,B0:CB:D8:C9:92:00,1,0,1,1E:01:D0:40:E0:9E,6,0,NONE,2026-08-05T00:40:26.666774
45917,,-74,18,1425,2123,69844,44280,8527412,0,100,19,0,0,B0:CB:D8:C9:92:00,0,0,1,1E:01:D0:40:E0:9E,6,0,NONE,2026-08-05T00:40:26.770774
45917,MGMT_OTHER,-70,22,729,1648,69844,44280,8527520,0,100,19,0,0,B0:CB:D8:C9:92:00,0,0,1,1E:01:D0:40:E0:9E,6,0,NONE,2026-08-05T00:40:26.878774
45917,,-74,18,190,4085,69844,44280,8527703,0,100,19,0,0,B0:CB:D8:C9:92:00,0,0,0,1E:01:D0:40:E0:9E,6,0,NONE,2026-08-05T00:40:27.061774
45917,,-74,18,382,1039,69844,44280,8527918,0,100,19,0,0,B0:CB:D8:C9:92:00,0,0,1,1E:01:D0:40:E0:9E,6,0,NONE,2026-08-05T00:40:27.276774
45917,,-89,3,14189,1029,69844,44280,8528136,0,100,19,0,0,B0:CB:D8:C9:92:00,0,0,0,1E:01:D0:40:E0:9E,6,0,NONE,2026-08-05T00:40:27.494774
45917,MGMT_OTHER,-71,21,43,1207,69844,44280,8528228,0,100,19,0,0,B0:CB:D8:C9:92:00,0,0,1,1E:01:D0:40:E0:9E,6,0,NONE,2026-08-05T00:40:27.586774
45917,,-92,0,9372,3235,69844,44280,8528415,0,100,19,0,0,B0:CB:D8:C9:92:00,0,0,1,1E:01:D0:40:E0:9E,6,0,NONE,2026-08-05T00:40:27.773774
45917,MGMT_OTHER,-71,21,1755,2848,69844,44280,8528622,0,100,19,0,0,B0:CB:D8:C9:92:00,0,0,1,1E:01:D0:40:E0:9E,6,0,NONE,2026-08-05T00:40:27.980774
45917,,-51,41,8455,3908,69844,44280,8528846,0,100,19,0,0,B0:CB:D8:C9:92:00,0,0,1,1E:01:D0:40:E0:9E,6,0,NONE,2026-08-05T00:40:28.204774
45917,PROBE_RESP,-82,10,0,0,69844,44280,8529050,0,100,19,0,0,B0:CB:D8:C9:92:00,0,0,0,1E:01:D0:40:E0:9E,6,0,NONE,2026-08-05T00:40:28.408774
45917,PROBE_RESP,-92,0,968,3482,69844,44280,8529226,0,100,19,0,0,B0:CB:D8:C9:92:00,0,0,1,1E:01:D0:40:E0:9E,6,0,NONE,2026-08-05T00:40:28.584774
45917,,-74,18,941,826,69844,44280,8529265,0,100,19,0,0,B0:CB:D8:C9:92:00,0,0,1,1E:01:D0:40:E0:9E,6,0,NONE,2026-08-05T00:40:28.623774
45917,MGMT_OTHER,-73,19,278,360,69844,44280,8529330,0,100,19,0,0,B0:CB:D8:C9:92:00,0,0,1,1E:01:D0:40:E0:9E,6,0,NONE,2026-08-05T00:40:28.688774
45917,,-70,22,97,0,69844,44280,8529440,0,100,19,0,0,B0:CB:D8:C9:92:00,1,0,1,1E:01:D0:40:E0:9E,6,0,NONE,2026-08-05T00:40:28.798774
45917,,-69,23,509,1931,69844,44280,8529598,0,100,19,0,0,B0:CB:D8:C9:92:00,1,0,1,1E:01:D0:40:E0:9E,6,0,NONE,2026-08-05T00:40:28.956774
45917,,-75,17,1258,2604,69844,44280,8529773,0,100,19,0,0,B0:CB:D8:C9:92:00,0,0,1,1E:01:D0:40:E0:9E,6,0,NONE,2026-08-05T00:40:29.131774
45917,MGMT_OTHER,-74,18,297,2681,69768,44280,8529975,0,100,19,0,0,B0:CB:D8:C9:92:00,0,0,1,1E:01:D0:40:E0:9E,6,0,NONE,2026-08-05T00:40:29.333774
45917,MGMT_OTHER,-74,18,6421,2628,69844,44280,8530198,0,100,19,0,0,B0:CB:D8:C9:92:00,0,0,1,1E:01:D0:40:E0:9E,6,0,NONE,2026-08-05T00:40:29.556774
45917,,-49,43,235,3912,69844,44280,8530475,0,100,19,0,0,B0:CB:D8:C9:92:00,0,0,0,1E:01:D0:40:E0:9E,6,0,NONE,2026-08-05T00:40:29.833774
45917,,-74,18,234,3767,69844,44280,8530704,0,100,19,0,0,B0:CB:D8:C9:92:00,0,0,1,1E:01:D0:40:E0:9E,6,0,NONE,2026-08-05T00:40:30.062774
45917,,-71,21,225,2556,69844,44280,8530972,0,100,19,0,0,B0:CB:D8:C9:92:00,0,0,1,1E:01:D0:40:E0:9E,6,0,NONE,2026-08-05T00:40:30.330774
45917,,-74,18,1788,3254,69844,44280,8531139,0,100,19,0,0,B0:CB:D8:C9:92:00,0,0,1,1E:01:D0:40:E0:9E,6,0,NONE,2026-08-05T00:40:30.497774
45917,,-70,22,464,2631,69844,44280,8531227,0,100,19,0,0,B0:CB:D8:C9:92:00,1,0,1,1E:01:D0:40:E0:9E,6,0,NONE,2026-08-05T00:40:30.585774
45917,,-74,18,7358,453,69844,44280,8531329,0,100,19,0,0,B0:CB:D8:C9:92:00,0,0,1,1E:01:D0:40:E0:9E,6,0,NONE,2026-08-05T00:40:30.687774
45917,,-70,22,316,788,69844,44280,8531413,0,100,19,0,0,B0:CB:D8:C9:92:00,0,0,1,1E:01:D0:40:E0:9E,6,0,NONE,2026-08-05T00:40:30.771774
45917,,-73,19,294,4032,69768,44280,8531514,0,100,19,0,0,B0:CB:D8:C9:92:00,0,0,1,1E:01:D0:40:E0:9E,6,0,NONE,2026-08-05T00:40:30.872774
45917,MGMT_OTHER,-95,-3,3509,836,69844,44280,8531707,0,100,19,0,0,B0:CB:D8:C9:92:00,0,0,1,1E:01:D0:40:E0:9E,6,0,NONE,2026-08-05T00:40:31.065774
45917,MGMT_OTHER,-87,5,1022,2326,69844,44280,8532006,0,100,19,0,0,B0:CB:D8:C9:92:00,0,0,1,1E:01:D0:40:E0:9E,6,0,NONE,2026-08-05T00:40:31.364774
45917,,-73,19,244,1236,69844,44280,8532230,0,100,19,0,0,B0:CB:D8:C9:92:00,0,0,1,1E:01:D0:40:E0:9E,6,0,NONE,2026-08-05T00:40:31.588774
45917,BEACON,-62,30,0,1544,69844,44280,8532412,0,100,19,0,0,B0:CB:D8:C9:92:00,0,0,1,1E:01:D0:40:E0:9E,6,0,NONE,2026-08-05T00:40:31.770774
45917,,-74,18,355,787,69844,44280,8532609,0,100,19,0,0,B0:CB:D8:C9:92:00,0,0,1,1E:01:D0:40:E0:9E,6,0,NONE,2026-08-05T00:40:31.967774
45917,,-78,14,6144,3131,69844,44280,8532941,0,100,19,0,0,B0:CB:D8:C9:92:00,0,0,1,1E:01:D0:40:E0:9E,6,0,NONE,2026-08-05T00:40:32.299774
45917,,-78,14,289,801,69844,44280,8533185,0,100,19,0,0,B0:CB:D8:C9:92:00,0,0,1,1E:01:D0:40:E0:9E,6,0,NONE,2026-08-05T00:40:32.543774
45917,,-77,15,996,1821,69844,44280,8533266,0,100,19,0,0,B0:CB:D8:C9:92:00,0,0,1,1E:01:D0:40:E0:9E,6,0,NONE,2026-08-05T00:40:32.624774
45917,,-77,15,393,3391,69844,44280,8533379,0,100,19,0,0,B0:CB:D8:C9:92:00,0,0,1,1E:01:D0:40:E0:9E,6,0,NONE,2026-08-05T00:40:32.737774
45917,,-76,16,3175,2147,69844,44280,8533443,0,100,19,0,0,B0:CB:D8:C9:92:00,0,0,1,1E:01:D0:40:E0:9E,6,0,NONE,2026-08-05T00:40:32.801774
45917,,-91,1,0,2781,69844,44280,8533556,0,100,19,0,0,B0:CB:D8:C9:92:00,0,0,1,1E:01:D0:40:E0:9E,6,0,NONE,2026-08-05T00:40:32.914214
45917,,-81,11,3269,0,69828,44280,8533655,0,100,19,0,0,B0:CB:D8:C9:92:00,0,0,0,1E:01:D0:40:E0:9E,6,0,NONE,2026-08-05T00:40:33.013214
45917,PROBE_RESP,-92,0,5765,3772,69844,44280,8533768,0,100,19,0,0,B0:CB:D8:C9:92:00,0,0,1,1E:01:D0:40:E0:9E,6,0,NONE,2026-08-05T00:40:33.126214
45917,BEACON,-81,11,0,1855,69844,44280,8533956,0,100,19,0,0,B0:CB:D8:C9:92:00,0,0,0,1E:01:D0:40:E0:9E,6,0,NONE,2026-08-05T00:40:33.314214
45917,,-93,-1,10051,3386,69844,44280,8534085,0,100,19,0,0,B0:CB:D8:C9:92:00,0,0,1,1E:01:D0:40:E0:9E,6,0,NONE,2026-08-05T00:40:33.443214
45917,BEACON,-58,34,292,1907,69844,44280,8534364,0,100,19,0,0,B0:CB:D8:C9:92:00,0,0,1,1E:01:D0:40:E0:9E,6,0,NONE,2026-08-05T00:40:33.722214
45917,,-68,24,978,594,69844,44280,8534579,0,100,19,0,0,B0:CB:D8:C9:92:00,0,0,1,1E:01:D0:40:E0:9E,6,0,NONE,2026-08-05T00:40:33.937214
45917,MGMT_OTHER,-85,7,6161,601,69844,44280,8534798,0,100,19,0,0,B0:CB:D8:C9:92:00,0,0,1,1E:01:D0:40:E0:9E,6,0,NONE,2026-08-05T00:40:34.156214
45917,,-75,17,2179,2288,69828,44280,8535067,0,100,19,0,0,B0:CB:D8:C9:92:00,0,0,1,1E:01:D0:40:E0:9E,6,0,NONE,2026-08-05T00:40:34.425214
45917,MGMT_OTHER,-69,23,673,31,69844,44280,8535211,0,100,19,0,0,B0:CB:D8:C9:92:00,0,0,1,1E:01:D0:40:E0:9E,6,0,NONE,2026-08-05T00:40:34.569214
45917,MGMT_OTHER,-74,18,1538,2687,69844,44280,8535325,0,100,19,0,0,B0:CB:D8:C9:92:00,1,0,1,1E:01:D0:40:E0:9E,6,0,NONE,2026-08-05T00:40:34.683214
45917,,-91,1,13706,1785,69844,44280,8535449,0,100,19,0,0,B0:CB:D8:C9:92:00,0,0,1,1E:01:D0:40:E0:9E,6,0,NONE,2026-08-05T00:40:34.807214
45917,,-89,3,1687,3024,69844,44280,8535599,0,100,19,0,0,B0:CB:D8:C9:92:00,0,0,1,1E:01:D0:40:E0:9E,6,0,NONE,2026-08-05T00:40:34.957214
45917,MGMT_OTHER,-74,18,668,3869,69844,44280,8535784,0,100,19,0,0,B0:CB:D8:C9:92:00,1,0,1,1E:01:D0:40:E0:9E,6,0,NONE,2026-08-05T00:40:35.142214
45917,,-50,42,202,3937,69844,44280,8536030,0,100,19,0,0,B0:CB:D8:C9:92:00,0,0,1,1E:01:D0:40:E0:9E,6,0,NONE,2026-08-05T00:40:35.388214
45917,MGMT_OTHER,-72,20,375,3444,69844,44280,8536250,0,100,19,0,0,B0:CB:D8:C9:92:00,0,0,1,1E:01:D0:40:E0:9E,6,0,NONE,2026-08-05T00:40:35.608214
45917,MGMT_OTHER,-73,19,294,4053,69844,44280,8536545,0,100,19,0,0,B0:CB:D8:C9:92:00,0,0,1,1E:01:D0:40:E0:9E,6,0,NONE,2026-08-05T00:40:35.903214
45917,MGMT_OTHER,-70,22,26046,13,69844,44280,8536817,0,100,19,0,0,B0:CB:D8:C9:92:00,0,0,1,1E:01:D0:40:E0:9E,6,0,NONE,2026-08-05T00:40:36.175214
45917,BEACON,-89,3,0,88,69844,44280,8537109,0,100,19,0,0,B0:CB:D8:C9:92:00,0,0,1,1E:01:D0:40:E0:9E,6,0,NONE,2026-08-05T00:40:36.467214
45917,BEACON,-80,12,5201,1887,69844,44280,8537233,0,100,19,0,0,B0:CB:D8:C9:92:00,0,0,0,1E:01:D0:40:E0:9E,6,0,NONE,2026-08-05T00:40:36.591214
45917,,-69,23,812,2756,69844,44280,8537381,0,100,19,0,0,B0:CB:D8:C9:92:00,0,0,1,1E:01:D0:40:E0:9E,6,0,NONE,2026-08-05T00:40:36.739214
45917,,-73,19,710,20,69844,44280,8537523,0,100,19,0,0,B0:CB:D8:C9:92:00,1,0,1,1E:01:D0:40:E0:9E,6,0,NONE,2026-08-05T00:40:36.881214
45917,,-73,19,1881,3639,69844,44280,8537766,0,100,19,0,0,B0:CB:D8:C9:92:00,0,0,1,1E:01:D0:40:E0:9E,6,0,NONE,2026-08-05T00:40:37.124214
45917,,-73,19,13552,1443,69768,44280,8537912,0,100,19,0,0,B0:CB:D8:C9:92:00,0,0,1,1E:01:D0:40:E0:9E,6,0,NONE,2026-08-05T00:40:37.270214
45917,,-71,21,10752,1872,69844,44280,8538145,0,100,19,0,0,B0:CB:D8:C9:92:00,0,0,1,1E:01:D0:40:E0:9E,6,0,NONE,2026-08-05T00:40:37.503214
45917,,-70,22,10786,1776,69844,44280,8538268,0,100,19,0,0,B0:CB:D8:C9:92:00,0,0,1,1E:01:D0:40:E0:9E,6,0,NONE,2026-08-05T00:40:37.626214
45917,BEACON,-90,2,26474,1021,69844,44280,8538520,0,100,19,0,0,B0:CB:D8:C9:92:00,1,0,1,1E:01:D0:40:E0:9E,6,0,NONE,2026-08-05T00:40:37.878214
45917,,-69,23,526,3229,69844,44280,8538697,0,100,19,0,0,B0:CB:D8:C9:92:00,1,0,1,1E:01:D0:40:E0:9E,6,0,NONE,2026-08-05T00:40:38.055214
45917,DEAUTH,-71,21,2016,2997,69844,44280,8538906,0,100,19,0,0,B0:CB:D8:C9:92:00,1,0,0,1E:01:D0:40:E0:9E,6,1,DEAUTH,2026-08-05T00:40:38.264214
45917,,-70,22,165,417,69844,44280,8538994,0,100,19,0,0,B0:CB:D8:C9:92:00,1,0,1,1E:01:D0:40:E0:9E,6,1,DEAUTH,2026-08-05T00:40:38.352214
45917,PROBE_RESP,-90,2,0,0,69844,44280,8539188,0,100,19,0,0,B0:CB:D8:C9:92:00,0,0,0,1E:01:D0:40:E0:9E,6,1,DEAUTH,2026-08-05T00:40:38.546214
45917,,-70,22,1511,2798,69844,44280,8539318,0,100,19,0,0,B0:CB:D8:C9:92:00,0,0,1,1E:01:D0:40:E0:9E,6,1,DEAUTH,2026-08-05T00:40:38.676214
45917,,-75,17,190,3236,69844,44280,8539407,0,100,19,0,0,B0:CB:D8:C9:92:00,0,0,1,1E:01:D0:40:E0:9E,6,1,DEAUTH,2026-08-05T00:40:38.765214
45917,,-74,18,425,3915,69844,44280,8539434,0,100,19,0,0,B0:CB:D8:C9:92:00,0,0,1,1E:01:D0:40:E0:9E,6,1,DEAUTH,2026-08-05T00:40:38.792214
45917,MGMT_OTHER,-70,22,527,101,69844,44280,8539583,0,100,19,0,0,B0:CB:D8:C9:92:00,0,0,1,1E:01:D0:40:E0:9E,6,1,DEAUTH,2026-08-05T00:40:38.941214
45917,MGMT_OTHER,-69,23,337,1482,69844,44280,8539780,0,100,19,0,0,B0:CB:D8:C9:92:00,0,0,1,1E:01:D0:40:E0:9E,6,1,DEAUTH,2026-08-05T00:40:39.138214
45917,MGMT_OTHER,-70,22,1143,2990,69844,44280,8539976,0,100,19,0,0,B0:CB:D8:C9:92:00,0,0,1,1E:01:D0:40:E0:9E,6,1,DEAUTH,2026-08-05T00:40:39.334214
45917,DEAUTH,-36,56,0,2639,69328,44280,8540117,0,100,19,0,0,B0:CB:D8:C9:92:00,0,0,1,1E:01:D0:40:E0:9E,6,1,DEAUTH,2026-08-05T00:40:39.475214
45917,,-75,17,2824,1702,68716,44280,8540231,0,100,19,0,0,B0:CB:D8:C9:92:00,1,0,1,1E:01:D0:40:E0:9E,6,1,DEAUTH,2026-08-05T00:40:39.589214
45917,DEAUTH,-37,55,2151,2692,69404,44280,8540319,0,100,19,0,0,B0:CB:D8:C9:92:00,1,1,0,1E:01:D0:40:E0:9E,6,1,DEAUTH,2026-08-05T00:40:39.677214
45917,DEAUTH,-37,55,0,2713,68780,44280,8540425,0,100,19,0,0,B0:CB:D8:C9:92:00,1,0,0,1E:01:D0:40:E0:9E,6,1,DEAUTH,2026-08-05T00:40:39.783214
45917,DEAUTH,-37,55,1712,2740,68716,44280,8540510,0,100,19,0,0,B0:CB:D8:C9:92:00,1,1,1,1E:01:D0:40:E0:9E,6,1,DEAUTH,2026-08-05T00:40:39.868214
45917,MGMT_OTHER,-70,22,8499,1139,69844,44280,8540612,0,100,19,0,0,B0:CB:D8:C9:92:00,1,0,1,1E:01:D0:40:E0:9E,6,1,DEAUTH,2026-08-05T00:40:39.970214
45917,MGMT_OTHER,-91,1,0,906,69844,44280,8540719,0,100,19,0,0,B0:CB:D8:C9:92:00,1,0,1,1E:01:D0:40:E0:9E,6,1,DEAUTH,2026-08-05T00:40:40.077214
45917,DEAUTH,-37,55,0,2787,69324,44280,8540845,0,100,19,0,0,B0:CB:D8:C9:92:00,0,0,0,1E:01:D0:40:E0:9E,6,1,DEAUTH,2026-08-05T00:40:40.203214
45917,,-88,4,5240,2792,69404,44280,8540970,0,100,19,0,0,B0:CB:D8:C9:92:00,1,0,0,1E:01:D0:40:E0:9E,6,1,DEAUTH,2026-08-05T00:40:40.328214
45917,MGMT_OTHER,-54,38,6135,2041,69720,44280,8541083,0,100,19,0,0,B0:CB:D8:C9:92:00,1,0,1,1E:01:D0:40:E0:9E,6,1,DEAUTH,2026-08-05T00:40:40.441214
45917,,-69,23,298,1740,69376,44280,8541190,0,100,19,0,0,B0:CB:D8:C9:92:00,1,0,1,1E:01:D0:40:E0:9E,6,1,DEAUTH,2026-08-05T00:40:40.548214
45917,MGMT_OTHER,-70,22,963,2412,69192,44280,8541272,0,100,19,0,0,B0:CB:D8:C9:92:00,1,0,1,1E:01:D0:40:E0:9E,6,1,DEAUTH,2026-08-05T00:40:40.630214
45917,PROBE_RESP,-53,39,0,3967,69844,44280,8541393,0,100,19,0,0,B0:CB:D8:C9:92:00,1,0,0,1E:01:D0:40:E0:9E,6,1,DEAUTH,2026-08-05T00:40:40.751214
45917,,-69,23,151,0,69844,44280,8541572,0,100,19,0,0,B0:CB:D8:C9:92:00,0,0,1,1E:01:D0:40:E0:9E,6,1,DEAUTH,2026-08-05T00:40:40.930214
45917,DEAUTH,-36,56,659,2918,67184,44280,8541699,0,100,19,0,0,B0:CB:D8:C9:92:00,1,1,1,1E:01:D0:40:E0:9E,6,1,DEAUTH,2026-08-05T00:40:41.057214
45917,DEAUTH,-36,56,7220,2956,67280,44280,8541804,0,100,19,0,0,B0:CB:D8:C9:92:00,1,1,0,1E:01:D0:40:E0:9E,6,1,DEAUTH,2026-08-05T00:40:41.162214
45917,DEAUTH,-37,55,874,2981,69256,44280,8541895,0,100,19,0,0,B0:CB:D8:C9:92:00,1,0,0,1E:01:D0:40:E0:9E,6,1,DEAUTH,2026-08-05T00:40:41.253214
45917,DEAUTH,-36,56,2091,3006,69476,44280,8542001,0,100,19,0,0,B0:CB:D8:C9:92:00,1,1,0,1E:01:D0:40:E0:9E,6,1,DEAUTH,2026-08-05T00:40:41.359214
45917,PROBE_RESP,-87,5,1248,0,69844,44280,8542147,0,100,19,0,0,B0:CB:D8:C9:92:00,1,0,0,1E:01:D0:40:E0:9E,6,1,DEAUTH,2026-08-05T00:40:41.505214
45917,BEACON,-81,11,0,1936,67940,44280,8542270,0,100,19,0,0,B0:CB:D8:C9:92:00,0,0,0,1E:01:D0:40:E0:9E,6,1,DEAUTH,2026-08-05T00:40:41.628214
45917,DEAUTH,-37,55,233,3055,69768,44280,8542399,0,100,19,0,0,B0:CB:D8:C9:92:00,1,0,1,1E:01:D0:40:E0:9E,6,1,DEAUTH,2026-08-05T00:40:41.757214
45917,DEAUTH,-37,55,0,3085,69476,44280,8542513,0,100,19,0,0,B0:CB:D8:C9:92:00,1,0,0,1E:01:D0:40:E0:9E,6,1,DEAUTH,2026-08-05T00:40:41.871214
45917,DEAUTH,-37,55,1111,3112,64992,44280,8542577,0,100,19,0,0,B0:CB:D8:C9:92:00,1,1,1,1E:01:D0:40:E0:9E,6,1,DEAUTH,2026-08-05T00:40:41.935214
45917,DEAUTH,-37,55,6689,3138,69332,44280,8542699,0,100,19,0,0,B0:CB:D8:C9:92:00,1,1,0,1E:01:D0:40:E0:9E,6,1,DEAUTH,2026-08-05T00:40:42.057214
45917,PROBE_RESP,-82,10,27571,0,69844,44280,8542840,0,100,19,0,0,B0:CB:D8:C9:92:00,1,0,0,1E:01:D0:40:E0:9E,6,1,DEAUTH,2026-08-05T00:40:42.198214
45917,DEAUTH,-37,55,916,3153,69328,44280,8542985,0,100,19,0,0,B0:CB:D8:C9:92:00,0,0,0,1E:01:D0:40:E0:9E,6,1,DEAUTH,2026-08-05T00:40:42.343214
45917,MGMT_OTHER,-52,40,0,2140,69328,44280,8543101,0,100,19,0,0,B0:CB:D8:C9:92:00,1,0,1,1E:01:D0:40:E0:9E,6,1,DEAUTH,2026-08-05T00:40:42.459214
45917,DEAUTH,-37,55,0,3202,69316,44280,8543192,0,100,19,0,0,B0:CB:D8:C9:92:00,0,1,0,1E:01:D0:40:E0:9E,6,1,DEAUTH,2026-08-05T00:40:42.550214
45917,MGMT_OTHER,-74,18,1183,206,67400,44280,8543318,0,100,19,0,0,B0:CB:D8:C9:92:00,1,0,1,1E:01:D0:40:E0:9E,6,1,DEAUTH,2026-08-05T00:40:42.676214
45917,BEACON,-74,18,1234,2504,69756,44280,8543439,0,100,19,0,0,B0:CB:D8:C9:92:00,1,0,1,1E:01:D0:40:E0:9E,6,1,DEAUTH,2026-08-05T00:40:42.797214
45917,MGMT_OTHER,-75,17,2620,1071,69844,44280,8543527,0,100,19,0,0,B0:CB:D8:C9:92:00,1,0,1,1E:01:D0:40:E0:9E,6,1,DEAUTH,2026-08-05T00:40:42.885214
45917,MGMT_OTHER,-52,40,1006,2174,69720,44280,8543703,0,100,19,0,0,B0:CB:D8:C9:92:00,0,0,1,1E:01:D0:40:E0:9E,6,1,DEAUTH,2026-08-05T00:40:43.061214
45917,MGMT_OTHER,-76,16,395,898,69392,44280,8543822,0,100,19,0,0,B0:CB:D8:C9:92:00,0,0,1,1E:01:D0:40:E0:9E,6,1,DEAUTH,2026-08-05T00:40:43.180214
45917,DEAUTH,-38,54,0,3342,69404,44280,8543916,0,100,19,0,0,B0:CB:D8:C9:92:00,0,1,0,1E:01:D0:40:E0:9E,6,1,DEAUTH,2026-08-05T00:40:43.274214
45917,MGMT_OTHER,-50,42,1338,2195,69720,44280,8544035,0,100,19,0,0,B0:CB:D8:C9:92:00,1,0,1,1E:01:D0:40:E0:9E,6,1,DEAUTH,2026-08-05T00:40:43.393214
45917,DEAUTH,-38,54,0,3397,69624,44280,8544134,0,100,19,0,0,B0:CB:D8:C9:92:00,1,0,0,1E:01:D0:40:E0:9E,6,1,DEAUTH,2026-08-05T00:40:43.492214
45917,,-69,23,444,405,69844,44280,8544336,0,100,19,0,0,B0:CB:D8:C9:92:00,1,0,1,1E:01:D0:40:E0:9E,6,1,DEAUTH,2026-08-05T00:40:43.694214
45917,,-68,24,185,3224,68832,44280,8544448,0,100,19,0,0,B0:CB:D8:C9:92:00,1,0,1,1E:01:D0:40:E0:9E,6,1,DEAUTH,2026-08-05T00:40:43.806214
45917,DEAUTH,-37,55,0,3453,69236,44280,8544560,0,100,19,0,0,B0:CB:D8:C9:92:00,1,0,0,1E:01:D0:40:E0:9E,6,1,DEAUTH,2026-08-05T00:40:43.918214
45917,MGMT_OTHER,-51,41,0,2229,69296,44280,8544702,0,100,19,0,0,B0:CB:D8:C9:92:00,1,0,1,1E:01:D0:40:E0:9E,6,1,DEAUTH,2026-08-05T00:40:44.060214
45917,DEAUTH,-38,54,88,3513,68792,44280,8544814,0,100,19,0,0,B0:CB:D8:C9:92:00,0,0,1,1E:01:D0:40:E0:9E,6,1,DEAUTH,2026-08-05T00:40:44.172214
45917,,-55,37,0,2257,68060,44280,8544984,0,100,19,0,0,B0:CB:D8:C9:92:00,1,0,0,1E:01:D0:40:E0:9E,6,1,DEAUTH,2026-08-05T00:40:44.342214
45917,MGMT_OTHER,-55,37,14694,2266,69720,44280,8545184,0,100,19,0,0,B0:CB:D8:C9:92:00,0,0,1,1E:01:D0:40:E0:9E,6,1,DEAUTH,2026-08-05T00:40:44.542214
45917,DEAUTH,-38,54,8906,3562,69844,44280,8545301,0,100,19,0,0,B0:CB:D8:C9:92:00,1,1,1,1E:01:D0:40:E0:9E,6,1,DEAUTH,2026-08-05T00:40:44.659214
45917,,-75,17,6477,2678,69308,44280,8545436,0,100,19,0,0,B0:CB:D8:C9:92:00,1,0,1,1E:01:D0:40:E0:9E,6,1,DEAUTH,2026-08-05T00:40:44.794214
45917,MGMT_OTHER,-67,25,3759,3419,69624,44280,8545536,0,100,19,0,0,B0:CB:D8:C9:92:00,1,0,1,1E:01:D0:40:E0:9E,6,1,DEAUTH,2026-08-05T00:40:44.894214
45917,DEAUTH,-38,54,0,3639,69624,44280,8545624,0,100,19,0,0,B0:CB:D8:C9:92:00,1,0,0,1E:01:D0:40:E0:9E,6,1,DEAUTH,2026-08-05T00:40:44.982214
45917,DEAUTH,-39,53,0,3657,69296,44280,8545726,0,100,19,0,0,B0:CB:D8:C9:92:00,1,0,0,1E:01:D0:40:E0:9E,6,1,DEAUTH,2026-08-05T00:40:45.084214
45917,MGMT_OTHER,-51,41,0,2305,69624,44280,8545857,0,100,19,0,0,B0:CB:D8:C9:92:00,1,0,1,1E:01:D0:40:E0:9E,6,1,DEAUTH,2026-08-05T00:40:45.215214
45917,DEAUTH,-38,54,1332,3687,69292,44280,8545980,0,100,19,0,0,B0:CB:D8:C9:92:00,1,0,1,1E:01:D0:40:E0:9E,6,1,DEAUTH,2026-08-05T00:40:45.338214
45917,DEAUTH,-38,54,5364,3721,69624,44280,8546084,0,100,19,0,0,B0:CB:D8:C9:92:00,1,0,0,1E:01:D0:40:E0:9E,6,1,DEAUTH,2026-08-05T00:40:45.442214
45917,,-69,23,414,3642,68948,44280,8546238,0,100,19,0,0,B0:CB:D8:C9:92:00,1,0,1,1E:01:D0:40:E0:9E,6,1,DEAUTH,2026-08-05T00:40:45.596214
45917,DEAUTH,-38,54,0,3773,69400,44280,8546356,0,100,19,0,0,B0:CB:D8:C9:92:00,1,0,0,1E:01:D0:40:E0:9E,6,1,DEAUTH,2026-08-05T00:40:45.714214
45917,MGMT_OTHER,-75,17,1350,2733,69844,44280,8546539,0,100,19,0,0,B0:CB:D8:C9:92:00,0,0,1,1E:01:D0:40:E0:9E,6,1,DEAUTH,2026-08-05T00:40:45.897214
45917,DEAUTH,-37,55,0,3793,69772,44280,8546664,0,100,19,0,0,B0:CB:D8:C9:92:00,0,0,0,1E:01:D0:40:E0:9E,6,1,DEAUTH,2026-08-05T00:40:46.022214
45917,DEAUTH,-38,54,0,3803,69224,44280,8546705,0,100,19,0,0,B0:CB:D8:C9:92:00,0,0,0,1E:01:D0:40:E0:9E,6,1,DEAUTH,2026-08-05T00:40:46.063214
45917,DEAUTH,-37,55,88,3826,69772,44280,8546846,0,100,19,0,0,B0:CB:D8:C9:92:00,1,1,1,1E:01:D0:40:E0:9E,6,1,DEAUTH,2026-08-05T00:40:46.204214
45917,DEAUTH,-37,55,0,3851,69772,44280,8546920,0,100,19,0,0,B0:CB:D8:C9:92:00,1,0,0,1E:01:D0:40:E0:9E,6,1,DEAUTH,2026-08-05T00:40:46.278214
45917,MGMT_OTHER,-50,42,0,2350,69772,44280,8547007,0,100,19,0,0,B0:CB:D8:C9:92:00,1,0,1,1E:01:D0:40:E0:9E,6,1,DEAUTH,2026-08-05T00:40:46.365214
45917,DEAUTH,-37,55,0,3884,69772,44280,8547103,0,100,19,0,0,B0:CB:D8:C9:92:00,0,1,0,1E:01:D0:40:E0:9E,6,1,DEAUTH,2026-08-05T00:40:46.461214
45917,DEAUTH,-37,55,0,3904,69772,44280,8547193,0,100,19,0,0,B0:CB:D8:C9:92:00,1,1,0,1E:01:D0:40:E0:9E,6,1,DEAUTH,2026-08-05T00:40:46.551214
45917,BEACON,-56,36,374,2357,69844,44280,8547369,0,100,19,0,0,B0:CB:D8:C9:92:00,0,0,1,1E:01:D0:40:E0:9E,6,1,DEAUTH,2026-08-05T00:40:46.727214
45917,MGMT_OTHER,-68,24,555,2736,69844,44280,8547459,0,100,19,0,0,B0:CB:D8:C9:92:00,1,0,1,1E:01:D0:40:E0:9E,6,1,DEAUTH,2026-08-05T00:40:46.817214
45917,,-66,26,3718,2348,69844,44280,8547587,0,100,19,0,0,B0:CB:D8:C9:92:00,0,0,1,1E:01:D0:40:E0:9E,6,1,DEAUTH,2026-08-05T00:40:46.945214
45917,MGMT_OTHER,-67,25,3308,1775,69844,44280,8547672,0,100,19,0,0,B0:CB:D8:C9:92:00,1,0,1,1E:01:D0:40:E0:9E,6,1,DEAUTH,2026-08-05T00:40:47.030214
45917,,-69,23,204,1683,69844,44280,8547796,0,100,19,0,0,B0:CB:D8:C9:92:00,1,0,1,1E:01:D0:40:E0:9E,6,1,DEAUTH,2026-08-05T00:40:47.154214
45917,,-86,6,6974,2855,69844,44280,8548003,0,100,19,0,0,B0:CB:D8:C9:92:00,0,0,1,1E:01:D0:40:E0:9E,6,1,DEAUTH,2026-08-05T00:40:47.361214
45917,DEAUTH,-37,55,1582,3943,68148,44280,8548189,0,100,19,0,0,B0:CB:D8:C9:92:00,1,0,0,1E:01:D0:40:E0:9E,6,1,DEAUTH,2026-08-05T00:40:47.547214
45917,BEACON,-57,35,1598,2382,69476,44280,8548294,0,100,19,0,0,B0:CB:D8:C9:92:00,1,0,1,1E:01:D0:40:E0:9E,6,1,DEAUTH,2026-08-05T00:40:47.652214
45917,DEAUTH,-37,55,0,4006,69252,44280,8548431,0,100,19,0,0,B0:CB:D8:C9:92:00,1,1,0,1E:01:D0:40:E0:9E,6,1,DEAUTH,2026-08-05T00:40:47.789214
45917,DEAUTH,-37,55,0,4034,69476,44280,8548525,0,100,19,0,0,B0:CB:D8:C9:92:00,1,1,0,1E:01:D0:40:E0:9E,6,1,DEAUTH,2026-08-05T00:40:47.883214
45917,,-70,22,252,1002,69844,44280,8548644,0,100,19,0,0,B0:CB:D8:C9:92:00,1,0,1,1E:01:D0:40:E0:9E,6,1,DEAUTH,2026-08-05T00:40:48.002214
45917,DISASSOC,-71,21,2657,668,68368,44280,8548848,0,100,19,0,0,B0:CB:D8:C9:92:00,0,0,1,1E:01:D0:40:E0:9E,6,1,DEAUTH,2026-08-05T00:40:48.206214
45917,DEAUTH,-37,55,12044,4090,68908,44280,8548957,0,100,19,0,0,B0:CB:D8:C9:92:00,1,1,0,1E:01:D0:40:E0:9E,6,1,DEAUTH,2026-08-05T00:40:48.315214
45917,MGMT_OTHER,-50,42,0,2432,69316,44280,8549074,0,100,19,0,0,B0:CB:D8:C9:92:00,1,0,1,1E:01:D0:40:E0:9E,6,1,DEAUTH,2026-08-05T00:40:48.432214
45917,MGMT_OTHER,-73,19,256,1450,69624,44280,8549203,0,100,19,0,0,B0:CB:D8:C9:92:00,1,0,1,1E:01:D0:40:E0:9E,6,1,DEAUTH,2026-08-05T00:40:48.561214
45917,DEAUTH,-37,55,0,70,69844,44280,8549294,0,100,19,0,0,B0:CB:D8:C9:92:00,1,1,1,1E:01:D0:40:E0:9E,6,1,DEAUTH,2026-08-05T00:40:48.652214
45917,,-79,13,1805,35,69844,44280,8549345,0,100,19,0,0,B0:CB:D8:C9:92:00,1,0,1,1E:01:D0:40:E0:9E,6,1,DEAUTH,2026-08-05T00:40:48.703214
45917,,-51,41,464,2455,69624,44280,8549534,0,100,19,0,0,B0:CB:D8:C9:92:00,1,0,1,1E:01:D0:40:E0:9E,6,1,DEAUTH,2026-08-05T00:40:48.892214
45917,BEACON,-59,33,5400,2462,69772,44280,8549622,0,100,19,0,0,B0:CB:D8:C9:92:00,0,0,1,1E:01:D0:40:E0:9E,6,1,DEAUTH,2026-08-05T00:40:48.980214
45917,MGMT_OTHER,-50,42,0,2473,69404,44280,8549772,0,100,19,0,0,B0:CB:D8:C9:92:00,1,0,1,1E:01:D0:40:E0:9E,6,1,DEAUTH,2026-08-05T00:40:49.130214
45917,DEAUTH,-37,55,0,145,69404,44280,8549887,0,100,19,0,0,B0:CB:D8:C9:92:00,1,0,0,1E:01:D0:40:E0:9E,6,1,DEAUTH,2026-08-05T00:40:49.245214
45917,BEACON,-68,24,6540,1720,69844,44280,8550012,0,100,19,0,0,B0:CB:D8:C9:92:00,1,0,1,1E:01:D0:40:E0:9E,6,1,DEAUTH,2026-08-05T00:40:49.370214
45917,MGMT_OTHER,-58,34,12886,2499,69720,44280,8550095,0,100,19,0,0,B0:CB:D8:C9:92:00,1,0,0,1E:01:D0:40:E0:9E,6,1,DEAUTH,2026-08-05T00:40:49.453214
45917,,-75,17,2481,2367,69844,44280,8550252,0,100,19,0,0,B0:CB:D8:C9:92:00,1,0,1,1E:01:D0:40:E0:9E,6,1,DEAUTH,2026-08-05T00:40:49.610214
45917,PROBE_REQ,-88,4,2236,3189,68992,44280,8550397,0,100,19,0,0,B0:CB:D8:C9:92:00,1,0,1,1E:01:D0:40:E0:9E,6,1,DEAUTH,2026-08-05T00:40:49.755214
45917,,-95,-3,16809,738,69696,44280,8550506,0,100,19,0,0,B0:CB:D8:C9:92:00,1,0,1,1E:01:D0:40:E0:9E,6,1,DEAUTH,2026-08-05T00:40:49.864214
45917,BEACON,-83,9,0,2018,69460,44280,8550681,0,100,19,0,0,B0:CB:D8:C9:92:00,1,0,0,1E:01:D0:40:E0:9E,6,1,DEAUTH,2026-08-05T00:40:50.039214
45917,DEAUTH,-37,55,11881,308,69324,44280,8550806,0,100,19,0,0,B0:CB:D8:C9:92:00,1,1,0,1E:01:D0:40:E0:9E,6,1,DEAUTH,2026-08-05T00:40:50.164214
45917,MGMT_OTHER,-66,26,1114,2440,69844,44280,8550897,0,100,19,0,0,B0:CB:D8:C9:92:00,1,0,1,1E:01:D0:40:E0:9E,6,1,DEAUTH,2026-08-05T00:40:50.255214
45917,,-91,1,5830,4088,69844,44280,8551041,0,100,19,0,0,B0:CB:D8:C9:92:00,1,0,1,1E:01:D0:40:E0:9E,6,1,DEAUTH,2026-08-05T00:40:50.399214
45917,DEAUTH,-38,54,19081,345,69476,44280,8551142,0,100,19,0,0,B0:CB:D8:C9:92:00,1,0,0,1E:01:D0:40:E0:9E,6,1,DEAUTH,2026-08-05T00:40:50.500214
45917,DEAUTH,-37,55,0,363,69772,44280,8551247,0,100,19,0,0,B0:CB:D8:C9:92:00,1,0,0,1E:01:D0:40:E0:9E,6,1,DEAUTH,2026-08-05T00:40:50.605214
45917,DEAUTH,-37,55,3411,372,69772,44280,8551293,0,100,19,0,0,B0:CB:D8:C9:92:00,1,1,0,1E:01:D0:40:E0:9E,6,1,DEAUTH,2026-08-05T00:40:50.651214
45917,DEAUTH,-38,54,0,396,69092,44280,8551403,0,100,19,0,0,B0:CB:D8:C9:92:00,1,1,0,1E:01:D0:40:E0:9E,6,1,DEAUTH,2026-08-05T00:40:50.761214
45917,,-66,26,643,1442,69228,44280,8551481,0,100,19,0,0,B0:CB:D8:C9:92:00,1,0,1,1E:01:D0:40:E0:9E,6,1,DEAUTH,2026-08-05T00:40:50.839214
45917,MGMT_OTHER,-50,42,0,2578,68956,44280,8551597,0,100,19,0,0,B0:CB:D8:C9:92:00,1,0,1,1E:01:D0:40:E0:9E,6,1,DEAUTH,2026-08-05T00:40:50.955214
45917,PROBE_RESP,-51,41,0,4042,69844,44280,8551701,0,100,19,0,0,B0:CB:D8:C9:92:00,1,0,0,1E:01:D0:40:E0:9E,6,1,DEAUTH,2026-08-05T00:40:51.059214
45917,MGMT_OTHER,-51,41,0,2592,69452,44280,8551909,0,100,19,0,0,B0:CB:D8:C9:92:00,0,0,1,1E:01:D0:40:E0:9E,6,1,DEAUTH,2026-08-05T00:40:51.267214
45917,DEAUTH,-37,55,10455,498,68292,44280,8552030,0,100,19,0,0,B0:CB:D8:C9:92:00,1,1,0,1E:01:D0:40:E0:9E,6,1,DEAUTH,2026-08-05T00:40:51.388214
45917,DEAUTH,-37,55,0,521,69404,44280,8552117,0,100,19,0,0,B0:CB:D8:C9:92:00,1,0,0,1E:01:D0:40:E0:9E,6,1,DEAUTH,2026-08-05T00:40:51.475214
45917,,15,15,0,1463,69700,44280,8552204,0,100,19,0,0,B0:CB:D8:C9:92:00,1,0,1,1E:01:D0:40:E0:9E,6,1,DEAUTH,2026-08-05T00:40:51.562214
45917,,-68,24,7030,3820,69552,44280,8552308,0,100,19,0,0,B0:CB:D8:C9:92:00,1,0,1,1E:01:D0:40:E0:9E,6,1,DEAUTH,2026-08-05T00:40:51.666214
45917,MGMT_OTHER,-69,23,1661,3443,69844,44280,8552470,0,100,19,0,0,B0:CB:D8:C9:92:00,1,0,1,1E:01:D0:40:E0:9E,6,1,DEAUTH,2026-08-05T00:40:51.828214
45917,DEAUTH,-37,55,5443,602,69312,44280,8552619,0,100,19,0,0,B0:CB:D8:C9:92:00,1,1,0,1E:01:D0:40:E0:9E,6,1,DEAUTH,2026-08-05T00:40:51.977214
45917,DEAUTH,-37,55,0,617,69624,44280,8552708,0,100,19,0,0,B0:CB:D8:C9:92:00,1,0,0,1E:01:D0:40:E0:9E,6,1,DEAUTH,2026-08-05T00:40:52.066214
45917,MGMT_OTHER,-59,33,0,2637,69224,44280,8552758,0,100,19,0,0,B0:CB:D8:C9:92:00,1,0,0,1E:01:D0:40:E0:9E,6,1,DEAUTH,2026-08-05T00:40:52.116214
45917,MGMT_OTHER,-51,41,0,2642,69572,44280,8552841,0,100,19,0,0,B0:CB:D8:C9:92:00,1,0,1,1E:01:D0:40:E0:9E,6,1,DEAUTH,2026-08-05T00:40:52.199214
45917,MGMT_OTHER,-74,18,10621,1691,69460,44280,8552990,0,100,19,0,0,B0:CB:D8:C9:92:00,1,0,1,1E:01:D0:40:E0:9E,6,1,DEAUTH,2026-08-05T00:40:52.348214
45917,PROBE_RESP,-51,41,0,4052,69772,44280,8553118,0,100,19,0,0,B0:CB:D8:C9:92:00,1,0,1,1E:01:D0:40:E0:9E,6,1,DEAUTH,2026-08-05T00:40:52.476214
45917,,-68,24,3653,3836,69244,44280,8553256,0,100,19,0,0,B0:CB:D8:C9:92:00,1,0,1,1E:01:D0:40:E0:9E,6,1,DEAUTH,2026-08-05T00:40:52.614214
45917,DEAUTH,-37,55,0,715,69772,44280,8553370,0,100,19,0,0,B0:CB:D8:C9:92:00,1,0,0,1E:01:D0:40:E0:9E,6,1,DEAUTH,2026-08-05T00:40:52.728214
45917,DEAUTH,-38,54,0,737,67168,44280,8553512,0,100,19,0,0,B0:CB:D8:C9:92:00,0,0,0,1E:01:D0:40:E0:9E,6,1,DEAUTH,2026-08-05T00:40:52.870214
45917,,-75,17,2052,2564,69036,44280,8553617,0,100,19,0,0,B0:CB:D8:C9:92:00,1,0,1,1E:01:D0:40:E0:9E,6,1,DEAUTH,2026-08-05T00:40:52.975214
45917,DEAUTH,-37,55,0,810,69624,44280,8553746,0,100,19,0,0,B0:CB:D8:C9:92:00,1,1,0,1E:01:D0:40:E0:9E,6,1,DEAUTH,2026-08-05T00:40:53.104214
45917,DEAUTH,-37,55,101,837,69624,44280,8553850,0,100,19,0,0,B0:CB:D8:C9:92:00,1,0,1,1E:01:D0:40:E0:9E,6,1,DEAUTH,2026-08-05T00:40:53.208214
45917,BEACON,-60,32,11935,2707,69844,44280,8554025,0,100,19,0,0,B0:CB:D8:C9:92:00,1,0,1,1E:01:D0:40:E0:9E,6,1,DEAUTH,2026-08-05T00:40:53.383214
45917,MGMT_OTHER,-50,42,0,2710,69624,44280,8554075,0,100,19,0,0,B0:CB:D8:C9:92:00,1,0,1,1E:01:D0:40:E0:9E,6,1,DEAUTH,2026-08-05T00:40:53.433214
45917,DEAUTH,-38,54,0,877,69772,44280,8554173,0,100,19,0,0,B0:CB:D8:C9:92:00,1,0,0,1E:01:D0:40:E0:9E,6,1,DEAUTH,2026-08-05T00:40:53.531214
45917,DEAUTH,-37,55,0,889,69620,44280,8554288,0,100,19,0,0,B0:CB:D8:C9:92:00,1,0,1,1E:01:D0:40:E0:9E,6,1,DEAUTH,2026-08-05T00:40:53.646214
45917,DEAUTH,-37,55,0,924,68508,44280,8554414,0,100,19,0,0,B0:CB:D8:C9:92:00,1,1,1,1E:01:D0:40:E0:9E,6,1,DEAUTH,2026-08-05T00:40:53.772214
45917,MGMT_OTHER,-50,42,16454,2735,68980,44280,8554478,0,100,19,0,0,B0:CB:D8:C9:92:00,1,0,1,1E:01:D0:40:E0:9E,6,1,DEAUTH,2026-08-05T00:40:53.836214
45917,,-68,24,20453,518,69844,44280,8554669,0,100,19,0,0,B0:CB:D8:C9:92:00,1,0,1,1E:01:D0:40:E0:9E,6,1,DEAUTH,2026-08-05T00:40:54.027214
45917,DEAUTH,-37,55,1107,997,69624,44280,8554805,0,100,19,0,0,B0:CB:D8:C9:92:00,0,0,1,1E:01:D0:40:E0:9E,6,1,DEAUTH,2026-08-05T00:40:54.163214
45917,DEAUTH,-38,54,3563,1026,69328,44280,8554945,0,100,19,0,0,B0:CB:D8:C9:92:00,0,1,0,1E:01:D0:40:E0:9E,6,1,DEAUTH,2026-08-05T00:40:54.303214
45917,BEACON,-61,31,4035,1769,69844,44280,8555032,0,100,19,0,0,B0:CB:D8:C9:92:00,1,0,1,1E:01:D0:40:E0:9E,6,1,DEAUTH,2026-08-05T00:40:54.390214
45917,DEAUTH,-37,55,92,1079,69212,44280,8555165,0,100,19,0,0,B0:CB:D8:C9:92:00,1,0,1,1E:01:D0:40:E0:9E,6,1,DEAUTH,2026-08-05T00:40:54.523214
45917,,-68,24,545,3184,69844,44280,8555243,0,100,19,0,0,B0:CB:D8:C9:92:00,1,0,1,1E:01:D0:40:E0:9E,6,1,DEAUTH,2026-08-05T00:40:54.601214
45917,MGMT_OTHER,-68,24,2715,1405,69844,44280,8555281,0,100,19,0,0,B0:CB:D8:C9:92:00,1,0,1,1E:01:D0:40:E0:9E,6,1,DEAUTH,2026-08-05T00:40:54.639214
45917,MGMT_OTHER,-75,17,877,116,69844,44280,8555353,0,100,19,0,0,B0:CB:D8:C9:92:00,0,0,1,1E:01:D0:40:E0:9E,6,1,DEAUTH,2026-08-05T00:40:54.711214
45917,,-68,24,3072,2374,69844,44280,8555470,0,100,19,0,0,B0:CB:D8:C9:92:00,0,0,1,1E:01:D0:40:E0:9E,6,1,DEAUTH,2026-08-05T00:40:54.828214
45917,MGMT_OTHER,-68,24,474,3988,69844,44280,8555688,0,100,19,0,0,B0:CB:D8:C9:92:00,0,0,1,1E:01:D0:40:E0:9E,6,1,DEAUTH,2026-08-05T00:40:55.046214
45917,,-81,11,167,233,69844,44280,8555872,0,100,19,0,0,B0:CB:D8:C9:92:00,0,0,1,1E:01:D0:40:E0:9E,6,1,DEAUTH,2026-08-05T00:40:55.230214
45917,MGMT_OTHER,-69,23,247,2581,68608,44280,8556002,0,100,19,0,0,B0:CB:D8:C9:92:00,0,0,1,1E:01:D0:40:E0:9E,6,1,DEAUTH,2026-08-05T00:40:55.360214
45917,DEAUTH,-37,55,0,1129,69624,44280,8556108,0,100,19,0,0,B0:CB:D8:C9:92:00,1,0,0,1E:01:D0:40:E0:9E,6,1,DEAUTH,2026-08-05T00:40:55.466214
45917,DEAUTH,-37,55,7530,1161,69624,44280,8556210,0,100,19,0,0,B0:CB:D8:C9:92:00,1,0,0,1E:01:D0:40:E0:9E,6,1,DEAUTH,2026-08-05T00:40:55.568214
45917,MGMT_OTHER,-47,45,3754,2809,69572,44280,8556326,0,100,19,0,0,B0:CB:D8:C9:92:00,1,0,1,1E:01:D0:40:E0:9E,6,1,DEAUTH,2026-08-05T00:40:55.684214
45917,PROBE_RESP,-91,1,49,13,69404,44280,8556439,0,100,19,0,0,B0:CB:D8:C9:92:00,1,0,0,1E:01:D0:40:E0:9E,6,1,DEAUTH,2026-08-05T00:40:55.797214
45917,PROBE_RESP,-83,9,0,1,69844,44280,8556606,0,100,19,0,0,B0:CB:D8:C9:92:00,1,0,0,1E:01:D0:40:E0:9E,6,1,DEAUTH,2026-08-05T00:40:55.964214
45917,,-69,23,129,0,69160,44280,8556717,0,100,19,0,0,B0:CB:D8:C9:92:00,0,0,1,1E:01:D0:40:E0:9E,6,1,DEAUTH,2026-08-05T00:40:56.075214
45917,BEACON,-61,31,0,1786,69256,44280,8556788,0,100,19,0,0,B0:CB:D8:C9:92:00,0,0,1,1E:01:D0:40:E0:9E,6,1,DEAUTH,2026-08-05T00:40:56.146214
45917,,-69,23,2652,1276,69772,44280,8556886,0,100,19,0,0,B0:CB:D8:C9:92:00,1,0,1,1E:01:D0:40:E0:9E,6,1,DEAUTH,2026-08-05T00:40:56.244214
45917,DEAUTH,-37,55,101,1288,68448,44280,8557039,0,100,19,0,0,B0:CB:D8:C9:92:00,1,1,1,1E:01:D0:40:E0:9E,6,1,DEAUTH,2026-08-05T00:40:56.397214
45917,,-69,23,323,274,69088,44280,8557131,0,100,19,0,0,B0:CB:D8:C9:92:00,1,0,1,1E:01:D0:40:E0:9E,6,1,DEAUTH,2026-08-05T00:40:56.489214
45917,,-74,18,2229,539,69844,44280,8557215,0,100,19,0,0,B0:CB:D8:C9:92:00,1,0,1,1E:01:D0:40:E0:9E,6,1,DEAUTH,2026-08-05T00:40:56.573214
45917,,-68,24,1006,0,69844,44280,8557246,0,100,19,0,0,B0:CB:D8:C9:92:00,1,0,1,1E:01:D0:40:E0:9E,6,1,DEAUTH,2026-08-05T00:40:56.603106
45917,DEAUTH,-37,55,151,1360,69320,44280,8557424,0,100,19,0,0,B0:CB:D8:C9:92:00,0,1,1,1E:01:D0:40:E0:9E,6,1,DEAUTH,2026-08-05T00:40:56.781106
45917,DEAUTH,-36,56,0,1393,69772,44280,8557539,0,100,19,0,0,B0:CB:D8:C9:92:00,1,0,0,1E:01:D0:40:E0:9E,6,1,DEAUTH,2026-08-05T00:40:56.896106
45917,DEAUTH,-37,55,92,1428,68868,44280,8557665,0,100,19,0,0,B0:CB:D8:C9:92:00,1,1,1,1E:01:D0:40:E0:9E,6,1,DEAUTH,2026-08-05T00:40:57.022106
45917,DEAUTH,-37,55,0,1457,69312,44280,8557766,0,100,19,0,0,B0:CB:D8:C9:92:00,1,0,0,1E:01:D0:40:E0:9E,6,1,DEAUTH,2026-08-05T00:40:57.123106
45917,MGMT_OTHER,-48,44,615,3336,69844,44280,8557900,0,100,19,0,0,B0:CB:D8:C9:92:00,1,0,1,1E:01:D0:40:E0:9E,6,1,DEAUTH,2026-08-05T00:40:57.257106
45917,DEAUTH,-37,55,0,1498,69324,44280,8558095,0,100,19,0,0,B0:CB:D8:C9:92:00,1,1,0,1E:01:D0:40:E0:9E,6,1,DEAUTH,2026-08-05T00:40:57.452106
45917,DEAUTH,-37,55,0,1523,69296,44280,8558187,0,100,19,0,0,B0:CB:D8:C9:92:00,1,0,0,1E:01:D0:40:E0:9E,6,1,DEAUTH,2026-08-05T00:40:57.544106
45917,MGMT_OTHER,-51,41,0,2910,69772,44280,8558283,0,100,19,0,0,B0:CB:D8:C9:92:00,1,0,1,1E:01:D0:40:E0:9E,6,1,DEAUTH,2026-08-05T00:40:57.640106
45917,,-68,24,547,1336,69612,44280,8558356,0,100,19,0,0,B0:CB:D8:C9:92:00,1,0,1,1E:01:D0:40:E0:9E,6,1,DEAUTH,2026-08-05T00:40:57.713106
45917,DEAUTH,-37,55,97,1585,69624,44280,8558480,0,100,19,0,0,B0:CB:D8:C9:92:00,1,0,1,1E:01:D0:40:E0:9E,6,1,DEAUTH,2026-08-05T00:40:57.837106
45917,BEACON,-56,36,92,2931,69844,44280,8558633,0,100,19,0,0,B0:CB:D8:C9:92:00,1,0,1,1E:01:D0:40:E0:9E,6,1,DEAUTH,2026-08-05T00:40:57.990106
45917,DEAUTH,-37,55,12141,1632,69384,44280,8558785,0,100,19,0,0,B0:CB:D8:C9:92:00,0,1,0,1E:01:D0:40:E0:9E,6,1,DEAUTH,2026-08-05T00:40:58.142106
45917,,-73,19,18484,2794,69476,44280,8558911,0,100,19,0,0,B0:CB:D8:C9:92:00,1,0,1,1E:01:D0:40:E0:9E,6,1,DEAUTH,2026-08-05T00:40:58.268106
45917,DEAUTH,-37,55,0,1695,69148,44280,8559056,0,100,19,0,0,B0:CB:D8:C9:92:00,1,0,0,1E:01:D0:40:E0:9E,6,1,DEAUTH,2026-08-05T00:40:58.413106
45917,DEAUTH,-37,55,0,1722,68540,44280,8559158,0,100,19,0,0,B0:CB:D8:C9:92:00,0,1,1,1E:01:D0:40:E0:9E,6,1,DEAUTH,2026-08-05T00:40:58.515106
45917,MGMT_OTHER,-70,22,6038,1764,69844,44280,8559233,0,100,19,0,0,B0:CB:D8:C9:92:00,1,0,1,1E:01:D0:40:E0:9E,6,1,DEAUTH,2026-08-05T00:40:58.590106
45917,MGMT_OTHER,13,13,0,0,69844,44280,8559339,0,100,19,0,0,B0:CB:D8:C9:92:00,0,0,1,1E:01:D0:40:E0:9E,6,1,DEAUTH,2026-08-05T00:40:58.696106
45917,,-81,11,897,203,69308,44280,8559450,0,100,19,0,0,B0:CB:D8:C9:92:00,1,0,1,1E:01:D0:40:E0:9E,6,1,DEAUTH,2026-08-05T00:40:58.807106
45917,MGMT_OTHER,-50,42,0,2981,69460,44280,8559566,0,100,19,0,0,B0:CB:D8:C9:92:00,1,0,1,1E:01:D0:40:E0:9E,6,1,DEAUTH,2026-08-05T00:40:58.923106
45917,,-70,22,4901,3580,69476,44280,8559679,0,100,19,0,0,B0:CB:D8:C9:92:00,1,0,1,1E:01:D0:40:E0:9E,6,1,DEAUTH,2026-08-05T00:40:59.036106
45917,DEAUTH,-37,55,3331,1833,68844,44280,8559819,0,100,19,0,0,B0:CB:D8:C9:92:00,1,0,0,1E:01:D0:40:E0:9E,6,1,DEAUTH,2026-08-05T00:40:59.176106
45917,DEAUTH,-36,56,0,1849,69624,44280,8559922,0,100,19,0,0,B0:CB:D8:C9:92:00,1,0,1,1E:01:D0:40:E0:9E,6,1,DEAUTH,2026-08-05T00:40:59.279106
45917,,-73,19,269,266,69844,44280,8560055,0,100,19,0,0,B0:CB:D8:C9:92:00,1,0,1,1E:01:D0:40:E0:9E,6,1,DEAUTH,2026-08-05T00:40:59.412106
45917,,-73,19,1436,752,66912,44280,8560197,0,100,19,0,0,B0:CB:D8:C9:92:00,1,0,1,1E:01:D0:40:E0:9E,6,1,DEAUTH,2026-08-05T00:40:59.554106
45917,DEAUTH,-37,55,92,1897,69296,44280,8560282,0,100,19,0,0,B0:CB:D8:C9:92:00,1,0,1,1E:01:D0:40:E0:9E,6,1,DEAUTH,2026-08-05T00:40:59.639106
45917,MGMT_OTHER,-51,41,0,3027,67080,44280,8560422,0,100,19,0,0,B0:CB:D8:C9:92:00,1,0,1,1E:01:D0:40:E0:9E,6,1,DEAUTH,2026-08-05T00:40:59.779106
45917,,-74,18,3584,1228,69476,44280,8560509,0,100,19,0,0,B0:CB:D8:C9:92:00,1,0,1,1E:01:D0:40:E0:9E,6,1,DEAUTH,2026-08-05T00:40:59.866106
45917,BEACON,-84,8,7602,966,68972,44280,8560637,0,100,19,0,0,B0:CB:D8:C9:92:00,1,0,1,1E:01:D0:40:E0:9E,6,1,DEAUTH,2026-08-05T00:40:59.994106
45917,MGMT_OTHER,-49,43,3357,3047,69768,44280,8560691,0,100,19,0,0,B0:CB:D8:C9:92:00,1,0,1,1E:01:D0:40:E0:9E,6,1,DEAUTH,2026-08-05T00:41:00.048106
45917,PROBE_RESP,-61,31,0,1688,69624,44280,8560868,0,100,19,0,0,B0:CB:D8:C9:92:00,0,0,1,1E:01:D0:40:E0:9E,6,1,DEAUTH,2026-08-05T00:41:00.225106
45917,,-67,25,8599,2781,69060,44280,8561005,0,100,19,0,0,B0:CB:D8:C9:92:00,1,0,1,1E:01:D0:40:E0:9E,6,1,DEAUTH,2026-08-05T00:41:00.362106
45917,DEAUTH,-38,54,1556,2037,69696,44280,8561089,0,100,19,0,0,B0:CB:D8:C9:92:00,1,0,1,1E:01:D0:40:E0:9E,6,1,DEAUTH,2026-08-05T00:41:00.446106
45917,DEAUTH,-37,55,0,2064,69772,44280,8561238,0,100,19,0,0,B0:CB:D8:C9:92:00,1,1,1,1E:01:D0:40:E0:9E,6,1,DEAUTH,2026-08-05T00:41:00.595106
45917,MGMT_OTHER,-50,42,0,3075,67024,44280,8561321,0,100,19,0,0,B0:CB:D8:C9:92:00,1,0,1,1E:01:D0:40:E0:9E,6,1,DEAUTH,2026-08-05T00:41:00.678106
45917,,-68,24,1958,1451,69124,44280,8561433,0,100,19,0,0,B0:CB:D8:C9:92:00,1,0,1,1E:01:D0:40:E0:9E,6,1,DEAUTH,2026-08-05T00:41:00.790106
45917,MGMT_OTHER,10,10,0,0,69844,44280,8561505,0,100,19,0,0,B0:CB:D8:C9:92:00,1,0,0,1E:01:D0:40:E0:9E,6,1,DEAUTH,2026-08-05T00:41:00.862106
45917,MGMT_OTHER,-49,43,0,3092,69540,44280,8561694,0,100,19,0,0,B0:CB:D8:C9:92:00,0,0,1,1E:01:D0:40:E0:9E,6,1,DEAUTH,2026-08-05T00:41:01.051106
45917,MGMT_OTHER,-49,43,0,3100,69056,44280,8561822,0,100,19,0,0,B0:CB:D8:C9:92:00,1,0,1,1E:01:D0:40:E0:9E,6,1,DEAUTH,2026-08-05T00:41:01.179106
45917,DEAUTH,-37,55,0,2189,69624,44280,8561932,0,100,19,0,0,B0:CB:D8:C9:92:00,0,0,0,1E:01:D0:40:E0:9E,6,1,DEAUTH,2026-08-05T00:41:01.289106
45917,,-69,23,4554,1336,69600,44280,8562056,0,100,19,0,0,B0:CB:D8:C9:92:00,1,0,1,1E:01:D0:40:E0:9E,6,1,DEAUTH,2026-08-05T00:41:01.413106
45917,MGMT_OTHER,-48,44,4738,3126,69772,44280,8562201,0,100,19,0,0,B0:CB:D8:C9:92:00,1,0,1,1E:01:D0:40:E0:9E,6,1,DEAUTH,2026-08-05T00:41:01.558106
45917,DEAUTH,-38,54,0,2247,69772,44280,8562305,0,100,19,0,0,B0:CB:D8:C9:92:00,1,0,0,1E:01:D0:40:E0:9E,6,1,DEAUTH,2026-08-05T00:41:01.662106
45917,MGMT_OTHER,-66,26,1243,1410,69392,44280,8562452,0,100,19,0,0,B0:CB:D8:C9:92:00,1,0,1,1E:01:D0:40:E0:9E,6,1,DEAUTH,2026-08-05T00:41:01.809106
45917,DEAUTH,-41,51,0,2287,69392,44280,8562572,0,100,19,0,0,B0:CB:D8:C9:92:00,0,0,0,1E:01:D0:40:E0:9E,6,1,DEAUTH,2026-08-05T00:41:01.929106
45917,DEAUTH,-38,54,0,2319,69844,44280,8562709,0,100,19,0,0,B0:CB:D8:C9:92:00,1,0,1,1E:01:D0:40:E0:9E,6,1,DEAUTH,2026-08-05T00:41:02.066106
45917,DEAUTH,-37,55,0,2347,68148,44280,8562860,0,100,19,0,0,B0:CB:D8:C9:92:00,1,0,1,1E:01:D0:40:E0:9E,6,1,DEAUTH,2026-08-05T00:41:02.217106
45917,DEAUTH,-37,55,2635,2375,69344,44280,8562943,0,100,19,0,0,B0:CB:D8:C9:92:00,1,0,0,1E:01:D0:40:E0:9E,6,1,DEAUTH,2026-08-05T00:41:02.300106
45917,,-68,24,645,1623,69844,44280,8563158,0,100,19,0,0,B0:CB:D8:C9:92:00,1,0,0,1E:01:D0:40:E0:9E,6,1,DEAUTH,2026-08-05T00:41:02.515106
45917,,-68,24,728,644,69844,44280,8563276,0,100,19,0,0,B0:CB:D8:C9:92:00,0,0,1,1E:01:D0:40:E0:9E,6,1,DEAUTH,2026-08-05T00:41:02.633106
45917,MGMT_OTHER,-93,-1,9203,3447,69844,44280,8563387,0,100,19,0,0,B0:CB:D8:C9:92:00,0,0,1,1E:01:D0:40:E0:9E,6,1,DEAUTH,2026-08-05T00:41:02.744106
45917,,-68,24,717,2388,69844,44280,8563483,0,100,19,0,0,B0:CB:D8:C9:92:00,0,0,1,1E:01:D0:40:E0:9E,6,1,DEAUTH,2026-08-05T00:41:02.840106
45917,BEACON,-56,36,5751,3189,69844,44280,8563651,0,100,19,0,0,B0:CB:D8:C9:92:00,0,0,0,1E:01:D0:40:E0:9E,6,1,DEAUTH,2026-08-05T00:41:03.008106
45917,MGMT_OTHER,-50,42,0,3195,68988,44280,8563815,0,100,19,0,0,B0:CB:D8:C9:92:00,0,0,1,1E:01:D0:40:E0:9E,6,1,DEAUTH,2026-08-05T00:41:03.172106
45917,DEAUTH,-38,54,963,2417,68688,44280,8563900,0,100,19,0,0,B0:CB:D8:C9:92:00,1,0,0,1E:01:D0:40:E0:9E,6,1,DEAUTH,2026-08-05T00:41:03.257106
45917,DEAUTH,-37,55,1297,2429,68440,44280,8563991,0,100,19,0,0,B0:CB:D8:C9:92:00,1,0,0,1E:01:D0:40:E0:9E,6,1,DEAUTH,2026-08-05T00:41:03.348106
45917,MGMT_OTHER,-51,41,0,3222,68876,44280,8564125,0,100,19,0,0,B0:CB:D8:C9:92:00,1,0,1,1E:01:D0:40:E0:9E,6,1,DEAUTH,2026-08-05T00:41:03.482106
45917,DEAUTH,-37,55,0,2489,69772,44280,8564252,0,100,19,0,0,B0:CB:D8:C9:92:00,1,0,0,1E:01:D0:40:E0:9E,6,1,DEAUTH,2026-08-05T00:41:03.609106
45917,,-67,25,13224,896,69844,44280,8564403,0,100,19,0,0,B0:CB:D8:C9:92:00,1,0,1,1E:01:D0:40:E0:9E,6,1,DEAUTH,2026-08-05T00:41:03.760106
45917,BEACON,-55,37,0,3245,68928,44280,8564608,0,100,19,0,0,B0:CB:D8:C9:92:00,1,0,0,1E:01:D0:40:E0:9E,6,1,DEAUTH,2026-08-05T00:41:03.965106
45917,,-75,17,2279,494,68824,44280,8564718,0,100,19,0,0,B0:CB:D8:C9:92:00,1,0,1,1E:01:D0:40:E0:9E,6,1,DEAUTH,2026-08-05T00:41:04.075106
45917,DEAUTH,-37,55,5415,2588,69400,44280,8564806,0,100,19,0,0,B0:CB:D8:C9:92:00,1,1,0,1E:01:D0:40:E0:9E,6,1,DEAUTH,2026-08-05T00:41:04.163106
45917,DEAUTH,-38,54,0,2609,69624,44280,8564905,0,100,19,0,0,B0:CB:D8:C9:92:00,1,0,0,1E:01:D0:40:E0:9E,6,1,DEAUTH,2026-08-05T00:41:04.262106
45917,PROBE_RESP,-88,4,0,2,69844,44280,8565038,0,100,19,0,0,B0:CB:D8:C9:92:00,1,0,0,1E:01:D0:40:E0:9E,6,1,DEAUTH,2026-08-05T00:41:04.395106
45917,DEAUTH,-37,55,101,2644,69448,44280,8565210,0,100,19,0,0,B0:CB:D8:C9:92:00,0,1,1,1E:01:D0:40:E0:9E,6,1,DEAUTH,2026-08-05T00:41:04.567106
45917,DEAUTH,-38,54,2377,2661,68980,44280,8565274,0,100,19,0,0,B0:CB:D8:C9:92:00,0,0,0,1E:01:D0:40:E0:9E,6,1,DEAUTH,2026-08-05T00:41:04.631106
45917,DEAUTH,-37,55,23245,2676,69772,44280,8565383,0,100,19,0,0,B0:CB:D8:C9:92:00,1,1,0,1E:01:D0:40:E0:9E,6,1,DEAUTH,2026-08-05T00:41:04.740106
45917,,-80,12,10945,59,69772,44280,8565462,0,100,19,0,0,B0:CB:D8:C9:92:00,1,0,1,1E:01:D0:40:E0:9E,6,1,DEAUTH,2026-08-05T00:41:04.819106
45917,BEACON,-91,1,0,1285,69624,44280,8565559,0,100,19,0,0,B0:CB:D8:C9:92:00,1,0,1,1E:01:D0:40:E0:9E,6,1,DEAUTH,2026-08-05T00:41:04.916106
45917,DEAUTH,-37,55,482,2759,69220,44280,8565675,0,100,19,0,0,B0:CB:D8:C9:92:00,1,0,1,1E:01:D0:40:E0:9E,6,1,DEAUTH,2026-08-05T00:41:05.032106
45917,BEACON,-92,0,21951,1287,69844,44280,8565772,0,100,19,0,0,B0:CB:D8:C9:92:00,1,0,1,1E:01:D0:40:E0:9E,6,1,DEAUTH,2026-08-05T00:41:05.129106
45917,DEAUTH,-38,54,5322,2777,68832,44280,8565958,0,100,19,0,0,B0:CB:D8:C9:92:00,1,0,0,1E:01:D0:40:E0:9E,6,1,DEAUTH,2026-08-05T00:41:05.315106
45917,DEAUTH,-37,55,8503,2813,69324,44280,8566073,0,100,19,0,0,B0:CB:D8:C9:92:00,1,0,0,1E:01:D0:40:E0:9E,6,1,DEAUTH,2026-08-05T00:41:05.430106
45917,,-72,20,23791,500,69316,44280,8566182,0,100,19,0,0,B0:CB:D8:C9:92:00,1,0,1,1E:01:D0:40:E0:9E,6,1,DEAUTH,2026-08-05T00:41:05.539106
45917,,-71,21,7621,3010,69404,44280,8566273,0,100,19,0,0,B0:CB:D8:C9:92:00,1,0,1,1E:01:D0:40:E0:9E,6,1,DEAUTH,2026-08-05T00:41:05.630106
45917,,-71,21,20329,1647,69844,44280,8566438,0,100,19,0,0,B0:CB:D8:C9:92:00,1,0,1,1E:01:D0:40:E0:9E,6,1,DEAUTH,2026-08-05T00:41:05.795106
45917,DEAUTH,-38,54,0,2915,69400,44280,8566590,0,100,19,0,0,B0:CB:D8:C9:92:00,1,0,0,1E:01:D0:40:E0:9E,6,1,DEAUTH,2026-08-05T00:41:05.947106
45917,DEAUTH,-38,54,0,2943,69772,44280,8566675,0,100,19,0,0,B0:CB:D8:C9:92:00,1,0,0,1E:01:D0:40:E0:9E,6,1,DEAUTH,2026-08-05T00:41:06.032106
45917,,-73,19,431,2969,69072,44280,8566735,0,100,19,0,0,B0:CB:D8:C9:92:00,1,0,1,1E:01:D0:40:E0:9E,6,1,DEAUTH,2026-08-05T00:41:06.092106
45917,,-73,19,1650,692,67936,44280,8566835,0,100,19,0,0,B0:CB:D8:C9:92:00,1,0,1,1E:01:D0:40:E0:9E,6,1,DEAUTH,2026-08-05T00:41:06.192106
45917,DEAUTH,-37,55,1855,2996,67604,44280,8566934,0,100,19,0,0,B0:CB:D8:C9:92:00,0,1,0,1E:01:D0:40:E0:9E,6,1,DEAUTH,2026-08-05T00:41:06.291106
45917,BEACON,-81,11,0,2178,69844,44280,8567033,0,100,19,0,0,B0:CB:D8:C9:92:00,1,0,0,1E:01:D0:40:E0:9E,6,1,DEAUTH,2026-08-05T00:41:06.390106
45917,BEACON,-65,27,0,1882,69212,44280,8567227,0,100,19,0,0,B0:CB:D8:C9:92:00,1,0,1,1E:01:D0:40:E0:9E,6,1,DEAUTH,2026-08-05T00:41:06.584106
45917,MGMT_OTHER,-50,42,0,3396,66348,44280,8567359,0,100,19,0,0,B0:CB:D8:C9:92:00,1,0,1,1E:01:D0:40:E0:9E,6,1,DEAUTH,2026-08-05T00:41:06.716106
45917,BEACON,-56,36,4823,3400,69772,44280,8567444,0,100,19,0,0,B0:CB:D8:C9:92:00,1,0,1,1E:01:D0:40:E0:9E,6,1,DEAUTH,2026-08-05T00:41:06.801106
45917,BEACON,-80,12,0,2183,69400,44280,8567555,0,100,19,0,0,B0:CB:D8:C9:92:00,1,0,0,1E:01:D0:40:E0:9E,6,1,DEAUTH,2026-08-05T00:41:06.912106
45917,PROBE_RESP,-90,2,0,0,68244,44280,8567690,0,100,19,0,0,B0:CB:D8:C9:92:00,1,0,1,1E:01:D0:40:E0:9E,6,1,DEAUTH,2026-08-05T00:41:07.047106
45917,MGMT_OTHER,-69,23,11759,2480,69844,44280,8567846,0,100,19,0,0,B0:CB:D8:C9:92:00,1,0,1,1E:01:D0:40:E0:9E,6,1,DEAUTH,2026-08-05T00:41:07.203106
45917,MGMT_OTHER,-49,43,24795,3428,69772,44280,8568000,0,100,19,0,0,B0:CB:D8:C9:92:00,0,0,1,1E:01:D0:40:E0:9E,6,1,DEAUTH,2026-08-05T00:41:07.357106
45917,,-49,43,31991,3432,68040,44280,8568127,0,100,19,0,0,B0:CB:D8:C9:92:00,0,0,1,1E:01:D0:40:E0:9E,6,1,DEAUTH,2026-08-05T00:41:07.484106
45917,DEAUTH,-38,54,0,3197,69772,44280,8568184,0,100,19,0,0,B0:CB:D8:C9:92:00,1,0,0,1E:01:D0:40:E0:9E,6,1,DEAUTH,2026-08-05T00:41:07.541106
45917,DEAUTH,-37,55,0,3220,69396,44280,8568309,0,100,19,0,0,B0:CB:D8:C9:92:00,0,1,1,1E:01:D0:40:E0:9E,6,1,DEAUTH,2026-08-05T00:41:07.666106
45917,DEAUTH,-38,54,101,3249,69004,44280,8568425,0,100,19,0,0,B0:CB:D8:C9:92:00,1,0,1,1E:01:D0:40:E0:9E,6,1,DEAUTH,2026-08-05T00:41:07.782106
45917,PROBE_RESP,-86,6,0,0,69844,44280,8568573,0,100,19,0,0,B0:CB:D8:C9:92:00,1,0,1,1E:01:D0:40:E0:9E,6,1,DEAUTH,2026-08-05T00:41:07.930106
45917,,-49,43,0,3471,69552,44280,8568723,0,100,19,0,0,B0:CB:D8:C9:92:00,1,0,0,1E:01:D0:40:E0:9E,6,1,DEAUTH,2026-08-05T00:41:08.080106
45917,DEAUTH,-38,54,0,3310,68644,44280,8568839,0,100,19,0,0,B0:CB:D8:C9:92:00,1,1,0,1E:01:D0:40:E0:9E,6,1,DEAUTH,2026-08-05T00:41:08.196106
45917,DEAUTH,-37,55,5281,3340,69404,44280,8568948,0,100,19,0,0,B0:CB:D8:C9:92:00,1,1,0,1E:01:D0:40:E0:9E,6,1,DEAUTH,2026-08-05T00:41:08.305106
45917,DEAUTH,-37,55,0,3369,67960,44280,8569068,0,100,19,0,0,B0:CB:D8:C9:92:00,1,0,0,1E:01:D0:40:E0:9E,6,1,DEAUTH,2026-08-05T00:41:08.425106
45917,DEAUTH,-38,54,95,3395,69148,44280,8569172,0,100,19,0,0,B0:CB:D8:C9:92:00,1,0,1,1E:01:D0:40:E0:9E,6,1,DEAUTH,2026-08-05T00:41:08.529106
45917,DEAUTH,-37,55,0,3402,69844,44280,8569372,0,100,19,0,0,B0:CB:D8:C9:92:00,0,1,1,1E:01:D0:40:E0:9E,6,1,DEAUTH,2026-08-05T00:41:08.729106
45917,DEAUTH,-37,55,923,3425,68692,44280,8569495,0,100,19,0,0,B0:CB:D8:C9:92:00,1,0,1,1E:01:D0:40:E0:9E,6,1,DEAUTH,2026-08-05T00:41:08.852106
45917,MGMT_OTHER,-70,22,8876,873,69772,44280,8569555,0,100,19,0,0,B0:CB:D8:C9:92:00,1,0,1,1E:01:D0:40:E0:9E,6,1,DEAUTH,2026-08-05T00:41:08.912106
45917,,-83,9,505,267,69772,44280,8569616,0,100,19,0,0,B0:CB:D8:C9:92:00,1,0,1,1E:01:D0:40:E0:9E,6,1,DEAUTH,2026-08-05T00:41:08.973106
45917,DEAUTH,-37,55,11079,3476,69012,44280,8569726,0,100,19,0,0,B0:CB:D8:C9:92:00,1,1,0,1E:01:D0:40:E0:9E,6,1,DEAUTH,2026-08-05T00:41:09.083106
45917,DEAUTH,-38,54,0,3497,69548,44280,8569818,0,100,19,0,0,B0:CB:D8:C9:92:00,1,0,0,1E:01:D0:40:E0:9E,6,1,DEAUTH,2026-08-05T00:41:09.175106
45917,BEACON,-65,27,10044,1909,69844,44280,8569979,0,100,19,0,0,B0:CB:D8:C9:92:00,1,0,1,1E:01:D0:40:E0:9E,6,1,DEAUTH,2026-08-05T00:41:09.336106
45917,DEAUTH,-37,55,0,3548,69772,44280,8570175,0,100,19,0,0,B0:CB:D8:C9:92:00,1,1,1,1E:01:D0:40:E0:9E,6,1,DEAUTH,2026-08-05T00:41:09.532106
45917,BEACON,-66,26,5498,1912,69696,44280,8570287,0,100,19,0,0,B0:CB:D8:C9:92:00,1,0,1,1E:01:D0:40:E0:9E,6,1,DEAUTH,2026-08-05T00:41:09.644106
45917,,-69,23,15721,3507,69232,44280,8570410,0,100,19,0,0,B0:CB:D8:C9:92:00,1,0,1,1E:01:D0:40:E0:9E,6,1,DEAUTH,2026-08-05T00:41:09.767106
45917,DEAUTH,-37,55,2013,3636,68656,44280,8570529,0,100,19,0,0,B0:CB:D8:C9:92:00,1,1,0,1E:01:D0:40:E0:9E,6,1,DEAUTH,2026-08-05T00:41:09.886106
45917,BEACON,-66,26,25432,1915,69764,44280,8570594,0,100,19,0,0,B0:CB:D8:C9:92:00,1,0,1,1E:01:D0:40:E0:9E,6,1,DEAUTH,2026-08-05T00:41:09.951106
45917,MGMT_OTHER,-70,22,231,2909,69844,44280,8570713,0,100,19,0,0,B0:CB:D8:C9:92:00,0,0,1,1E:01:D0:40:E0:9E,6,1,DEAUTH,2026-08-05T00:41:10.070106
45917,BEACON,-65,27,34703,1918,69844,44280,8570900,0,100,19,0,0,B0:CB:D8:C9:92:00,0,0,0,1E:01:D0:40:E0:9E,6,1,DEAUTH,2026-08-05T00:41:10.257106
45917,,-70,22,389,1925,69844,44280,8571114,0,100,19,0,0,B0:CB:D8:C9:92:00,0,0,1,1E:01:D0:40:E0:9E,6,1,DEAUTH,2026-08-05T00:41:10.471106
45917,,-64,28,2889,0,69844,44280,8571230,0,100,19,0,0,B0:CB:D8:C9:92:00,0,0,0,1E:01:D0:40:E0:9E,6,1,DEAUTH,2026-08-05T00:41:10.587106
45917,BEACON,-93,-1,137,1341,69844,44280,8571290,0,100,19,0,0,B0:CB:D8:C9:92:00,0,0,1,1E:01:D0:40:E0:9E,6,1,DEAUTH,2026-08-05T00:41:10.647106
45917,PROBE_REQ,10,10,0,0,69400,44280,8571464,0,100,19,0,0,B0:CB:D8:C9:92:00,1,0,0,1E:01:D0:40:E0:9E,6,1,DEAUTH,2026-08-05T00:41:10.821106
45917,,-49,43,140,48,69452,44280,8571552,0,100,19,0,0,B0:CB:D8:C9:92:00,1,0,0,1E:01:D0:40:E0:9E,6,1,DEAUTH,2026-08-05T00:41:10.909106
45917,,-85,7,0,1892,69772,44280,8571598,0,100,19,0,0,B0:CB:D8:C9:92:00,1,0,1,1E:01:D0:40:E0:9E,6,1,DEAUTH,2026-08-05T00:41:10.955106
45917,DEAUTH,-37,55,0,3716,69844,44280,8571738,0,100,19,0,0,B0:CB:D8:C9:92:00,1,1,1,1E:01:D0:40:E0:9E,6,1,DEAUTH,2026-08-05T00:41:11.095106
45917,DEAUTH,-37,55,0,3753,69772,44280,8571860,0,100,19,0,0,B0:CB:D8:C9:92:00,1,0,0,1E:01:D0:40:E0:9E,6,1,DEAUTH,2026-08-05T00:41:11.217106
45917,BEACON,-82,10,0,2226,68928,44280,8571962,0,100,19,0,0,B0:CB:D8:C9:92:00,1,0,0,1E:01:D0:40:E0:9E,6,1,DEAUTH,2026-08-05T00:41:11.319106
45917,MGMT_OTHER,-69,23,3555,3799,69844,44280,8572092,0,100,19,0,0,B0:CB:D8:C9:92:00,1,0,1,1E:01:D0:40:E0:9E,6,1,DEAUTH,2026-08-05T00:41:11.449106
45917,DEAUTH,-37,55,0,3801,69140,44280,8572226,0,100,19,0,0,B0:CB:D8:C9:92:00,0,0,0,1E:01:D0:40:E0:9E,6,1,DEAUTH,2026-08-05T00:41:11.583106
45917,DEAUTH,-38,54,0,3821,69476,44280,8572320,0,100,19,0,0,B0:CB:D8:C9:92:00,1,0,0,1E:01:D0:40:E0:9E,6,1,DEAUTH,2026-08-05T00:41:11.677106
45917,DEAUTH,-37,55,0,3845,65540,44280,8572477,0,100,19,0,0,B0:CB:D8:C9:92:00,1,0,0,1E:01:D0:40:E0:9E,6,1,DEAUTH,2026-08-05T00:41:11.834106
45917,DEAUTH,-38,54,1941,3865,69252,44280,8572555,0,100,19,0,0,B0:CB:D8:C9:92:00,1,0,0,1E:01:D0:40:E0:9E,6,1,DEAUTH,2026-08-05T00:41:11.912106
45917,MGMT_OTHER,-49,43,0,3664,69720,44280,8572618,0,100,19,0,0,B0:CB:D8:C9:92:00,1,0,1,1E:01:D0:40:E0:9E,6,1,DEAUTH,2026-08-05T00:41:11.975106
45917,DEAUTH,-93,-1,9106,3,69844,44280,8572799,0,100,19,0,0,B0:CB:D8:C9:92:00,1,0,1,1E:01:D0:40:E0:9E,6,1,DEAUTH,2026-08-05T00:41:12.156106
45917,DEAUTH,-37,55,0,3936,68820,44280,8572991,0,100,19,0,0,B0:CB:D8:C9:92:00,1,1,1,1E:01:D0:40:E0:9E,6,1,DEAUTH,2026-08-05T00:41:12.348106
45917,DEAUTH,-37,55,2672,3967,67800,44280,8573095,0,100,19,0,0,B0:CB:D8:C9:92:00,1,0,0,1E:01:D0:40:E0:9E,6,1,DEAUTH,2026-08-05T00:41:12.452106
45917,,12,12,0,0,66652,44280,8573139,0,100,19,0,0,B0:CB:D8:C9:92:00,0,0,0,1E:01:D0:40:E0:9E,6,1,DEAUTH,2026-08-05T00:41:12.496106
45917,,8,8,0,0,69088,44280,8573203,0,100,19,0,0,B0:CB:D8:C9:92:00,0,0,1,1E:01:D0:40:E0:9E,6,1,DEAUTH,2026-08-05T00:41:12.560106
45917,DEAUTH,-37,55,1133,4014,68648,44280,8573300,0,100,19,0,0,B0:CB:D8:C9:92:00,0,1,1,1E:01:D0:40:E0:9E,6,1,DEAUTH,2026-08-05T00:41:12.657106
45917,,-69,23,251,3254,68588,44280,8573391,0,100,19,0,0,B0:CB:D8:C9:92:00,1,0,1,1E:01:D0:40:E0:9E,6,1,DEAUTH,2026-08-05T00:41:12.748106
45917,MGMT_OTHER,-70,22,889,3719,69844,44280,8573488,0,100,19,0,0,B0:CB:D8:C9:92:00,1,0,1,1E:01:D0:40:E0:9E,6,1,DEAUTH,2026-08-05T00:41:12.845106
45917,MGMT_OTHER,-70,22,1881,3055,69624,44280,8573590,0,100,19,0,0,B0:CB:D8:C9:92:00,1,0,1,1E:01:D0:40:E0:9E,6,1,DEAUTH,2026-08-05T00:41:12.947106
45917,,-70,22,3121,1104,68960,44280,8573717,0,100,19,0,0,B0:CB:D8:C9:92:00,1,0,1,1E:01:D0:40:E0:9E,6,1,DEAUTH,2026-08-05T00:41:13.074106
45917,DEAUTH,-37,55,0,4078,67576,44280,8573788,0,100,19,0,0,B0:CB:D8:C9:92:00,1,1,1,1E:01:D0:40:E0:9E,6,1,DEAUTH,2026-08-05T00:41:13.145106
45917,,9,9,0,0,68928,44280,8573834,0,100,19,0,0,B0:CB:D8:C9:92:00,1,0,0,1E:01:D0:40:E0:9E,6,1,DEAUTH,2026-08-05T00:41:13.191106
45917,DEAUTH,-37,55,5724,20,68528,44280,8573930,0,100,19,0,0,B0:CB:D8:C9:92:00,1,1,1,1E:01:D0:40:E0:9E,6,1,DEAUTH,2026-08-05T00:41:13.287106
45917,DEAUTH,-37,55,0,46,69356,44280,8574007,0,100,19,0,0,B0:CB:D8:C9:92:00,1,1,0,1E:01:D0:40:E0:9E,6,1,DEAUTH,2026-08-05T00:41:13.364106
45917,DEAUTH,-38,54,987,63,69772,44280,8574092,0,100,19,0,0,B0:CB:D8:C9:92:00,1,0,0,1E:01:D0:40:E0:9E,6,1,DEAUTH,2026-08-05T00:41:13.449106
45917,MGMT_OTHER,12,12,0,0,69844,44280,8574183,0,100,19,0,0,B0:CB:D8:C9:92:00,0,0,0,1E:01:D0:40:E0:9E,6,1,DEAUTH,2026-08-05T00:41:13.540106
45917,,-67,25,0,357,69844,44280,8574213,0,100,19,0,0,B0:CB:D8:C9:92:00,0,0,1,1E:01:D0:40:E0:9E,6,1,DEAUTH,2026-08-05T00:41:13.570106
45917,BEACON,-67,25,28877,1951,69844,44280,8574281,0,100,19,0,0,B0:CB:D8:C9:92:00,0,0,1,1E:01:D0:40:E0:9E,6,1,DEAUTH,2026-08-05T00:41:13.638106
45917,,-71,21,15270,2537,68788,44280,8574403,0,100,19,0,0,B0:CB:D8:C9:92:00,1,0,1,1E:01:D0:40:E0:9E,6,1,DEAUTH,2026-08-05T00:41:13.760106
45917,DEAUTH,-37,55,0,120,69476,44280,8574512,0,100,19,0,0,B0:CB:D8:C9:92:00,1,1,0,1E:01:D0:40:E0:9E,6,1,DEAUTH,2026-08-05T00:41:13.869106
45917,MGMT_OTHER,-69,23,846,853,68900,44280,8574617,0,100,19,0,0,B0:CB:D8:C9:92:00,1,0,1,1E:01:D0:40:E0:9E,6,1,DEAUTH,2026-08-05T00:41:13.974106
45917,MGMT_OTHER,-50,42,0,3782,69504,44280,8574733,0,100,19,0,0,B0:CB:D8:C9:92:00,1,0,0,1E:01:D0:40:E0:9E,6,1,DEAUTH,2026-08-05T00:41:14.090106
45917,,-51,41,104,3791,69844,44280,8574860,0,100,19,0,0,B0:CB:D8:C9:92:00,0,0,0,1E:01:D0:40:E0:9E,6,1,DEAUTH,2026-08-05T00:41:14.217106
45917,DEAUTH,-37,55,0,211,69308,44280,8575056,0,100,19,0,0,B0:CB:D8:C9:92:00,1,0,0,1E:01:D0:40:E0:9E,6,1,DEAUTH,2026-08-05T00:41:14.413106
45917,DEAUTH,-37,55,0,235,69164,44280,8575161,0,100,19,0,0,B0:CB:D8:C9:92:00,1,0,0,1E:01:D0:40:E0:9E,6,1,DEAUTH,2026-08-05T00:41:14.518106
45917,,-69,23,1761,1798,67212,44280,8575258,0,100,19,0,0,B0:CB:D8:C9:92:00,1,0,1,1E:01:D0:40:E0:9E,6,1,DEAUTH,2026-08-05T00:41:14.614679
45917,,-68,24,0,1594,69316,44280,8575356,0,100,19,0,0,B0:CB:D8:C9:92:00,1,0,1,1E:01:D0:40:E0:9E,6,1,DEAUTH,2026-08-05T00:41:14.712679
45917,MGMT_OTHER,-51,41,97,3821,68816,44280,8575455,0,100,19,0,0,B0:CB:D8:C9:92:00,1,0,1,1E:01:D0:40:E0:9E,6,1,DEAUTH,2026-08-05T00:41:14.811679
45917,MGMT_OTHER,-50,42,17028,3827,69772,44280,8575557,0,100,19,0,0,B0:CB:D8:C9:92:00,1,0,1,1E:01:D0:40:E0:9E,6,1,DEAUTH,2026-08-05T00:41:14.913679
45917,MGMT_OTHER,11,11,0,0,69844,44280,8575654,0,100,19,0,0,B0:CB:D8:C9:92:00,1,0,0,1E:01:D0:40:E0:9E,6,1,DEAUTH,2026-08-05T00:41:15.010679
45917,DEAUTH,-38,54,716,343,69624,44280,8575768,0,100,19,0,0,B0:CB:D8:C9:92:00,1,0,0,1E:01:D0:40:E0:9E,6,1,DEAUTH,2026-08-05T00:41:15.124679
45917,,8,8,0,0,69624,44280,8575884,0,100,19,0,0,B0:CB:D8:C9:92:00,1,0,0,1E:01:D0:40:E0:9E,6,1,DEAUTH,2026-08-05T00:41:15.240679
45917,DEAUTH,-37,55,0,379,69440,44280,8575960,0,100,19,0,0,B0:CB:D8:C9:92:00,1,0,1,1E:01:D0:40:E0:9E,6,1,DEAUTH,2026-08-05T00:41:15.316679
45917,DEAUTH,-38,54,942,413,69772,44280,8576104,0,100,19,0,0,B0:CB:D8:C9:92:00,1,0,0,1E:01:D0:40:E0:9E,6,1,DEAUTH,2026-08-05T00:41:15.460679
45917,,-69,23,1040,3737,69236,44280,8576193,0,100,19,0,0,B0:CB:D8:C9:92:00,1,0,1,1E:01:D0:40:E0:9E,6,1,DEAUTH,2026-08-05T00:41:15.549679
45917,BEACON,-80,12,0,2265,69844,44280,8576348,0,100,19,0,0,B0:CB:D8:C9:92:00,1,0,0,1E:01:D0:40:E0:9E,6,1,DEAUTH,2026-08-05T00:41:15.704679
45917,DEAUTH,-37,55,0,475,69080,44280,8576503,0,100,19,0,0,B0:CB:D8:C9:92:00,0,0,0,1E:01:D0:40:E0:9E,6,1,DEAUTH,2026-08-05T00:41:15.859679
45917,BEACON,-79,13,0,2268,69624,44280,8576655,0,100,19,0,0,B0:CB:D8:C9:92:00,0,0,0,1E:01:D0:40:E0:9E,6,1,DEAUTH,2026-08-05T00:41:16.011679
45917,DEAUTH,-37,55,13835,526,69772,44280,8576744,0,100,19,0,0,B0:CB:D8:C9:92:00,0,1,0,1E:01:D0:40:E0:9E,6,1,DEAUTH,2026-08-05T00:41:16.100679
45917,DEAUTH,-37,55,0,554,69328,44280,8576859,0,100,19,0,0,B0:CB:D8:C9:92:00,0,1,0,1E:01:D0:40:E0:9E,6,1,DEAUTH,2026-08-05T00:41:16.215679
45917,,-67,25,17264,1151,69384,44280,8576970,0,100,19,0,0,B0:CB:D8:C9:92:00,1,0,1,1E:01:D0:40:E0:9E,6,1,DEAUTH,2026-08-05T00:41:16.326679
45917,DEAUTH,-37,55,0,594,69156,44280,8577189,0,100,19,0,0,B0:CB:D8:C9:92:00,0,1,0,1E:01:D0:40:E0:9E,6,1,DEAUTH,2026-08-05T00:41:16.545679
45917,,-67,25,101,0,69380,44280,8577290,0,100,19,0,0,B0:CB:D8:C9:92:00,1,0,1,1E:01:D0:40:E0:9E,6,1,DEAUTH,2026-08-05T00:41:16.646679
45917,DEAUTH,-37,55,0,653,68732,44280,8577424,0,100,19,0,0,B0:CB:D8:C9:92:00,1,0,0,1E:01:D0:40:E0:9E,6,1,DEAUTH,2026-08-05T00:41:16.780679
45917,DEAUTH,-37,55,2081,677,69552,44280,8577506,0,100,19,0,0,B0:CB:D8:C9:92:00,1,0,0,1E:01:D0:40:E0:9E,6,1,DEAUTH,2026-08-05T00:41:16.862679
45917,DEAUTH,-37,55,1431,709,68544,44280,8577636,0,100,19,0,0,B0:CB:D8:C9:92:00,1,0,0,1E:01:D0:40:E0:9E,6,1,DEAUTH,2026-08-05T00:41:16.992679
45917,,-70,22,2214,294,69844,44280,8577711,0,100,19,0,0,B0:CB:D8:C9:92:00,1,0,1,1E:01:D0:40:E0:9E,6,1,DEAUTH,2026-08-05T00:41:17.067679
45917,MGMT_OTHER,-50,42,0,3957,68424,44280,8577920,0,100,19,0,0,B0:CB:D8:C9:92:00,1,0,1,1E:01:D0:40:E0:9E,6,1,DEAUTH,2026-08-05T00:41:17.276679
45917,DEAUTH,-37,55,97,753,68836,44280,8578020,0,100,19,0,0,B0:CB:D8:C9:92:00,1,0,1,1E:01:D0:40:E0:9E,6,1,DEAUTH,2026-08-05T00:41:17.376679
45917,MGMT_OTHER,-49,43,0,3971,69320,44280,8578142,0,100,19,0,0,B0:CB:D8:C9:92:00,1,0,1,1E:01:D0:40:E0:9E,6,1,DEAUTH,2026-08-05T00:41:17.498679
45917,DEAUTH,-38,54,4966,811,69236,44280,8578237,0,100,19,0,0,B0:CB:D8:C9:92:00,1,0,0,1E:01:D0:40:E0:9E,6,1,DEAUTH,2026-08-05T00:41:17.593679
45917,DEAUTH,-38,54,0,835,69372,44280,8578334,0,100,19,0,0,B0:CB:D8:C9:92:00,1,0,0,1E:01:D0:40:E0:9E,6,1,DEAUTH,2026-08-05T00:41:17.690679
45917,MGMT_OTHER,-66,26,1066,2306,69844,44280,8578531,0,100,19,0,0,B0:CB:D8:C9:92:00,0,0,1,1E:01:D0:40:E0:9E,6,1,DEAUTH,2026-08-05T00:41:17.887679
45917,MGMT_OTHER,-69,23,18609,1756,69844,44280,8578754,0,100,19,0,0,B0:CB:D8:C9:92:00,0,0,0,1E:01:D0:40:E0:9E,6,1,DEAUTH,2026-08-05T00:41:18.110679
45917,BEACON,-92,0,1298,1416,69844,44280,8578980,0,100,19,0,0,B0:CB:D8:C9:92:00,0,0,1,1E:01:D0:40:E0:9E,6,1,DEAUTH,2026-08-05T00:41:18.336679
45917,,-85,7,173,1616,69844,44280,8579119,0,100,19,0,0,B0:CB:D8:C9:92:00,0,0,1,1E:01:D0:40:E0:9E,6,1,DEAUTH,2026-08-05T00:41:18.475679
45917,MGMT_OTHER,-70,22,552,3022,69844,44280,8579224,0,100,19,0,0,B0:CB:D8:C9:92:00,1,0,1,1E:01:D0:40:E0:9E,6,1,DEAUTH,2026-08-05T00:41:18.580679
45917,BEACON,-83,9,14341,2331,69844,44280,8579316,0,100,19,0,0,B0:CB:D8:C9:92:00,0,0,1,1E:01:D0:40:E0:9E,6,1,DEAUTH,2026-08-05T00:41:18.672679
45917,,-67,25,1552,852,69844,44280,8579463,0,100,19,0,0,B0:CB:D8:C9:92:00,0,0,1,1E:01:D0:40:E0:9E,6,1,DEAUTH,2026-08-05T00:41:18.819679
45917,BEACON,-80,12,0,2298,69844,44280,8579727,0,100,19,0,0,B0:CB:D8:C9:92:00,0,0,0,1E:01:D0:40:E0:9E,6,1,DEAUTH,2026-08-05T00:41:19.083679
45917,MGMT_OTHER,-69,23,933,2506,69844,44280,8580062,0,100,19,0,0,B0:CB:D8:C9:92:00,0,0,1,1E:01:D0:40:E0:9E,6,0,NONE,2026-08-05T00:41:19.418679
45917,MGMT_OTHER,-70,22,1471,3307,69844,44280,8580326,0,100,19,0,0,B0:CB:D8:C9:92:00,0,0,1,1E:01:D0:40:E0:9E,6,0,NONE,2026-08-05T00:41:19.682679
45917,,-67,25,11047,3919,69844,44280,8580565,0,100,19,0,0,B0:CB:D8:C9:92:00,0,0,1,1E:01:D0:40:E0:9E,6,0,NONE,2026-08-05T00:41:19.921679
45917,MGMT_OTHER,-69,23,1721,1542,69844,44280,8580840,0,100,19,0,0,B0:CB:D8:C9:92:00,0,0,1,1E:01:D0:40:E0:9E,6,0,NONE,2026-08-05T00:41:20.196679
45917,,-66,26,1358,2222,69844,44280,8581005,0,100,19,0,0,B0:CB:D8:C9:92:00,0,0,1,1E:01:D0:40:E0:9E,6,0,NONE,2026-08-05T00:41:20.361679
45917,,-67,25,320,70,69844,44280,8581205,0,100,19,0,0,B0:CB:D8:C9:92:00,0,0,1,1E:01:D0:40:E0:9E,6,0,NONE,2026-08-05T00:41:20.561679
45917,MGMT_OTHER,-70,22,176,1614,69844,44280,8581294,0,100,19,0,0,B0:CB:D8:C9:92:00,0,0,1,1E:01:D0:40:E0:9E,6,0,NONE,2026-08-05T00:41:20.650679
45917,MGMT_OTHER,-67,25,570,2240,69844,44280,8581397,0,100,19,0,0,B0:CB:D8:C9:92:00,0,0,1,1E:01:D0:40:E0:9E,6,0,NONE,2026-08-05T00:41:20.753679
45917,BEACON,-83,9,16839,2353,69844,44280,8581570,0,100,19,0,0,B0:CB:D8:C9:92:00,0,0,1,1E:01:D0:40:E0:9E,6,0,NONE,2026-08-05T00:41:20.926679
45917,BEACON,-83,9,6947,2355,69844,44280,8581775,0,100,19,0,0,B0:CB:D8:C9:92:00,1,0,1,1E:01:D0:40:E0:9E,6,0,NONE,2026-08-05T00:41:21.131679
45917,MGMT_OTHER,-70,22,1039,1597,69828,44280,8581977,0,100,19,0,0,B0:CB:D8:C9:92:00,0,0,1,1E:01:D0:40:E0:9E,6,0,NONE,2026-08-05T00:41:21.333679
45917,,-67,25,10547,2769,69844,44280,8582227,0,100,19,0,0,B0:CB:D8:C9:92:00,0,0,1,1E:01:D0:40:E0:9E,6,0,NONE,2026-08-05T00:41:21.583679
45917,BEACON,-65,27,26336,2031,69844,44280,8582472,0,100,19,0,0,B0:CB:D8:C9:92:00,0,0,0,1E:01:D0:40:E0:9E,6,0,NONE,2026-08-05T00:41:21.828679
45917,MGMT_OTHER,-69,23,7440,3209,69844,44280,8582649,0,100,19,0,0,B0:CB:D8:C9:92:00,0,0,1,1E:01:D0:40:E0:9E,6,0,NONE,2026-08-05T00:41:22.005679
45917,,-75,17,6856,280,69844,44280,8582828,0,100,19,0,0,B0:CB:D8:C9:92:00,0,0,1,1E:01:D0:40:E0:9E,6,0,NONE,2026-08-05T00:41:22.184679
45917,MGMT_OTHER,-69,23,987,3068,69844,44280,8583089,0,100,19,0,0,B0:CB:D8:C9:92:00,0,0,1,1E:01:D0:40:E0:9E,6,0,NONE,2026-08-05T00:41:22.445679
45917,MGMT_OTHER,-67,25,1695,65,69844,44280,8583219,0,100,19,0,0,B0:CB:D8:C9:92:00,0,0,1,1E:01:D0:40:E0:9E,6,0,NONE,2026-08-05T00:41:22.575679
45917,,-83,9,346,3641,69844,44280,8583315,0,100,19,0,0,B0:CB:D8:C9:92:00,0,0,1,1E:01:D0:40:E0:9E,6,0,NONE,2026-08-05T00:41:22.671679
45917,MGMT_OTHER,-69,23,1732,2281,69844,44280,8583446,0,100,19,0,0,B0:CB:D8:C9:92:00,0,0,1,1E:01:D0:40:E0:9E,6,0,NONE,2026-08-05T00:41:22.802679
45917,PROBE_RESP,-83,9,785,15,69844,44280,8583637,0,100,19,0,0,B0:CB:D8:C9:92:00,0,0,0,1E:01:D0:40:E0:9E,6,0,NONE,2026-08-05T00:41:22.993679
45917,MGMT_OTHER,-70,22,1733,825,69844,44280,8583878,0,100,19,0,0,B0:CB:D8:C9:92:00,0,0,0,1E:01:D0:40:E0:9E,6,0,NONE,2026-08-05T00:41:23.234679
45917,MGMT_OTHER,-70,22,258,1651,69844,44280,8584082,0,100,19,0,0,B0:CB:D8:C9:92:00,0,0,0,1E:01:D0:40:E0:9E,6,0,NONE,2026-08-05T00:41:23.438679
45917,BEACON,-64,28,17004,2049,69844,44280,8584316,0,100,19,0,0,B0:CB:D8:C9:92:00,0,0,1,1E:01:D0:40:E0:9E,6,0,NONE,2026-08-05T00:41:23.672679
45917,,-70,22,273,607,69844,44280,8584636,0,100,19,0,0,B0:CB:D8:C9:92:00,0,0,1,1E:01:D0:40:E0:9E,6,0,NONE,2026-08-05T00:41:23.992679
45917,,-69,23,10416,756,69844,44280,8585035,0,100,19,0,0,B0:CB:D8:C9:92:00,0,0,1,1E:01:D0:40:E0:9E,6,0,NONE,2026-08-05T00:41:24.391679
45917,MGMT_OTHER,-68,24,2319,1852,69844,44280,8585253,0,100,19,0,0,B0:CB:D8:C9:92:00,0,0,1,1E:01:D0:40:E0:9E,6,0,NONE,2026-08-05T00:41:24.609679
45917,,-68,24,419,2276,69844,44280,8585293,0,100,19,0,0,B0:CB:D8:C9:92:00,0,0,1,1E:01:D0:40:E0:9E,6,0,NONE,2026-08-05T00:41:24.649679
45917,MGMT_OTHER,-69,23,5762,3298,69844,44280,8585445,0,100,19,0,0,B0:CB:D8:C9:92:00,0,0,1,1E:01:D0:40:E0:9E,6,0,NONE,2026-08-05T00:41:24.801679
45917,MGMT_OTHER,-70,22,6002,1759,69844,44280,8585639,0,100,19,0,0,B0:CB:D8:C9:92:00,0,0,1,1E:01:D0:40:E0:9E,6,0,NONE,2026-08-05T00:41:24.995679
45917,MGMT_OTHER,-70,22,3360,1523,69844,44280,8585861,0,100,19,0,0,B0:CB:D8:C9:92:00,0,0,1,1E:01:D0:40:E0:9E,6,0,NONE,2026-08-05T00:41:25.217679
45917,MGMT_OTHER,-69,23,1518,3767,69844,44280,8586190,0,100,19,0,0,B0:CB:D8:C9:92:00,0,0,1,1E:01:D0:40:E0:9E,6,0,NONE,2026-08-05T00:41:25.546679
45917,BEACON,-53,39,0,5,69768,44280,8586284,0,100,19,0,0,B0:CB:D8:C9:92:00,0,0,1,1E:01:D0:40:E0:9E,6,0,NONE,2026-08-05T00:41:25.640679
45917,BEACON,-92,0,0,571,69844,44280,8586550,0,100,19,0,0,B0:CB:D8:C9:92:00,0,0,1,1E:01:D0:40:E0:9E,6,0,NONE,2026-08-05T00:41:25.906679
45917,MGMT_OTHER,-69,23,1050,1437,69844,44280,8586819,0,100,19,0,0,B0:CB:D8:C9:92:00,0,0,1,1E:01:D0:40:E0:9E,6,0,NONE,2026-08-05T00:41:26.175679
45917,PROBE_REQ,-69,23,593,4073,69844,44280,8587086,0,100,19,0,0,B0:CB:D8:C9:92:00,0,0,1,1E:01:D0:40:E0:9E,6,0,NONE,2026-08-05T00:41:26.442679
45917,,-68,24,2061,491,69844,44280,8587251,0,100,19,0,0,B0:CB:D8:C9:92:00,0,0,1,1E:01:D0:40:E0:9E,6,0,NONE,2026-08-05T00:41:26.607679
45917,,-68,24,654,7,69844,44280,8587394,0,100,19,0,0,B0:CB:D8:C9:92:00,0,0,1,1E:01:D0:40:E0:9E,6,0,NONE,2026-08-05T00:41:26.750679
45917,MGMT_OTHER,-69,23,210,2028,69844,44280,8587443,0,100,19,0,0,B0:CB:D8:C9:92:00,0,0,1,1E:01:D0:40:E0:9E,6,0,NONE,2026-08-05T00:41:26.799679
45917,MGMT_OTHER,13,13,0,0,69844,44280,8587718,0,100,19,0,0,B0:CB:D8:C9:92:00,0,0,1,1E:01:D0:40:E0:9E,6,0,NONE,2026-08-05T00:41:27.074679
45917,MGMT_OTHER,-70,22,207,2985,69844,44280,8588007,0,100,19,0,0,B0:CB:D8:C9:92:00,0,0,1,1E:01:D0:40:E0:9E,6,0,NONE,2026-08-05T00:41:27.363679
45917,,-69,23,1788,318,69844,44280,8588150,0,100,19,0,0,B0:CB:D8:C9:92:00,0,0,1,1E:01:D0:40:E0:9E,6,0,NONE,2026-08-05T00:41:27.506679
45917,BEACON,-91,1,0,589,69844,44280,8588414,0,100,19,0,0,B0:CB:D8:C9:92:00,0,0,1,1E:01:D0:40:E0:9E,6,0,NONE,2026-08-05T00:41:27.770679
45917,MGMT_OTHER,-70,22,726,3302,69844,44280,8588665,0,100,19,0,0,B0:CB:D8:C9:92:00,0,0,1,1E:01:D0:40:E0:9E,6,0,NONE,2026-08-05T00:41:28.021679
45917,MGMT_OTHER,-69,23,1173,3078,69844,44280,8588989,0,100,19,0,0,B0:CB:D8:C9:92:00,0,0,1,1E:01:D0:40:E0:9E,6,0,NONE,2026-08-05T00:41:28.345679
45917,,-70,22,1685,845,69844,44280,8589237,0,100,19,0,0,B0:CB:D8:C9:92:00,0,0,1,1E:01:D0:40:E0:9E,6,0,NONE,2026-08-05T00:41:28.593679
45917,BEACON,-55,37,0,51,69768,44280,8589355,0,100,19,0,0,B0:CB:D8:C9:92:00,0,0,1,1E:01:D0:40:E0:9E,6,0,NONE,2026-08-05T00:41:28.711679
45917,,-71,21,1128,1442,69844,44280,8589486,0,100,19,0,0,B0:CB:D8:C9:92:00,0,0,1,1E:01:D0:40:E0:9E,6,0,NONE,2026-08-05T00:41:28.842679
45917,,-67,25,2722,2674,69844,44280,8589679,0,100,19,0,0,B0:CB:D8:C9:92:00,0,0,1,1E:01:D0:40:E0:9E,6,0,NONE,2026-08-05T00:41:29.035679
45917,MGMT_OTHER,14,14,0,0,69844,44280,8589868,0,100,19,0,0,B0:CB:D8:C9:92:00,0,0,1,1E:01:D0:40:E0:9E,6,0,NONE,2026-08-05T00:41:29.224679
45917,MGMT_OTHER,13,13,0,0,69844,44280,8590158,0,100,19,0,0,B0:CB:D8:C9:92:00,0,0,1,1E:01:D0:40:E0:9E,6,0,NONE,2026-08-05T00:41:29.514679
45917,MGMT_OTHER,-94,-2,13669,3197,69844,44280,8590324,0,100,19,0,0,B0:CB:D8:C9:92:00,0,0,1,1E:01:D0:40:E0:9E,6,0,NONE,2026-08-05T00:41:29.680679
45917,MGMT_OTHER,10,10,0,0,69844,44280,8590565,0,100,19,0,0,B0:CB:D8:C9:92:00,0,0,0,1E:01:D0:40:E0:9E,6,0,NONE,2026-08-05T00:41:29.921679
45917,PROBE_RESP,-79,13,0,0,69844,44280,8590717,0,100,19,0,0,B0:CB:D8:C9:92:00,1,0,0,1E:01:D0:40:E0:9E,6,0,NONE,2026-08-05T00:41:30.073679
45917,MGMT_OTHER,-70,22,2227,846,69844,44280,8590898,0,100,19,0,0,B0:CB:D8:C9:92:00,0,0,1,1E:01:D0:40:E0:9E,6,0,NONE,2026-08-05T00:41:30.254679
45917,MGMT_OTHER,-70,22,478,1071,69844,44280,8591077,0,100,19,0,0,B0:CB:D8:C9:92:00,0,0,1,1E:01:D0:40:E0:9E,6,0,NONE,2026-08-05T00:41:30.433679
45917,MGMT_OTHER,-70,22,878,3139,69844,44280,8591244,0,100,19,0,0,B0:CB:D8:C9:92:00,0,0,1,1E:01:D0:40:E0:9E,6,0,NONE,2026-08-05T00:41:30.600679
45917,MGMT_OTHER,-70,22,1441,1234,69844,44280,8591417,0,100,19,0,0,B0:CB:D8:C9:92:00,1,0,1,1E:01:D0:40:E0:9E,6,0,NONE,2026-08-05T00:41:30.773679
45917,BEACON,-82,10,10561,2452,69844,44280,8591708,0,100,19,0,0,B0:CB:D8:C9:92:00,0,0,1,1E:01:D0:40:E0:9E,6,0,NONE,2026-08-05T00:41:31.064679
45917,PROBE_RESP,-78,14,0,1,69844,44280,8591970,0,100,19,0,0,B0:CB:D8:C9:92:00,1,0,0,1E:01:D0:40:E0:9E,6,0,NONE,2026-08-05T00:41:31.326679
45917,,-70,22,419,2650,69844,44280,8592321,0,100,19,0,0,B0:CB:D8:C9:92:00,0,0,1,1E:01:D0:40:E0:9E,6,0,NONE,2026-08-05T00:41:31.677679
45917,BEACON,-67,25,0,2130,69844,44280,8592610,0,100,19,0,0,B0:CB:D8:C9:92:00,1,0,1,1E:01:D0:40:E0:9E,6,0,NONE,2026-08-05T00:41:31.966679
45917,,-70,22,20458,1340,69844,44280,8592818,0,100,19,0,0,B0:CB:D8:C9:92:00,0,0,1,1E:01:D0:40:E0:9E,6,0,NONE,2026-08-05T00:41:32.174679
45917,MGMT_OTHER,-69,23,979,560,69844,44280,8593065,0,100,19,0,0,B0:CB:D8:C9:92:00,0,0,1,1E:01:D0:40:E0:9E,6,0,NONE,2026-08-05T00:41:32.421679
45917,MGMT_OTHER,-68,24,0,1454,69844,44280,8593249,0,100,19,0,0,B0:CB:D8:C9:92:00,0,0,1,1E:01:D0:40:E0:9E,6,0,NONE,2026-08-05T00:41:32.605679
45917,,-52,40,4155,158,69844,44280,8593351,0,100,19,0,0,B0:CB:D8:C9:92:00,1,0,0,1E:01:D0:40:E0:9E,6,0,NONE,2026-08-05T00:41:32.707679
45917,,-68,24,574,729,69844,44280,8593590,0,100,19,0,0,B0:CB:D8:C9:92:00,0,0,1,1E:01:D0:40:E0:9E,6,0,NONE,2026-08-05T00:41:32.946679
45917,MGMT_OTHER,-90,2,1996,2261,69844,44280,8593748,0,100,19,0,0,B0:CB:D8:C9:92:00,0,0,1,1E:01:D0:40:E0:9E,6,0,NONE,2026-08-05T00:41:33.104679
45917,,-68,24,20015,2132,69844,44280,8594003,0,100,19,0,0,B0:CB:D8:C9:92:00,0,0,1,1E:01:D0:40:E0:9E,6,0,NONE,2026-08-05T00:41:33.359679
45917,,-50,42,3069,163,69844,44280,8594169,0,100,19,0,0,B0:CB:D8:C9:92:00,1,0,0,1E:01:D0:40:E0:9E,6,0,NONE,2026-08-05T00:41:33.525679
45917,MGMT_OTHER,-70,22,231,3925,69844,44280,8594314,0,100,19,0,0,B0:CB:D8:C9:92:00,0,0,1,1E:01:D0:40:E0:9E,6,0,NONE,2026-08-05T00:41:33.670679
45917,BEACON,-77,15,0,2443,69844,44280,8594576,0,100,19,0,0,B0:CB:D8:C9:92:00,0,0,0,1E:01:D0:40:E0:9E,6,0,NONE,2026-08-05T00:41:33.932679
45917,,-68,24,9626,343,69844,44280,8594892,0,100,19,0,0,B0:CB:D8:C9:92:00,0,0,1,1E:01:D0:40:E0:9E,6,0,NONE,2026-08-05T00:41:34.248679
45917,,-69,23,1335,523,69844,44280,8595091,0,100,19,0,0,B0:CB:D8:C9:92:00,0,0,1,1E:01:D0:40:E0:9E,6,0,NONE,2026-08-05T00:41:34.447679
45917,,-70,22,320,1426,69844,44280,8595221,0,100,19,0,0,B0:CB:D8:C9:92:00,0,0,1,1E:01:D0:40:E0:9E,6,0,NONE,2026-08-05T00:41:34.577679
45917,,-69,23,762,585,69844,44280,8595386,0,100,19,0,0,B0:CB:D8:C9:92:00,0,0,1,1E:01:D0:40:E0:9E,6,0,NONE,2026-08-05T00:41:34.742679
45917,,-67,25,542,3058,69844,44280,8595541,0,100,19,0,0,B0:CB:D8:C9:92:00,0,0,1,1E:01:D0:40:E0:9E,6,0,NONE,2026-08-05T00:41:34.897679
45917,,-69,23,3624,3419,69844,44280,8595704,0,100,19,0,0,B0:CB:D8:C9:92:00,0,0,1,1E:01:D0:40:E0:9E,6,0,NONE,2026-08-05T00:41:35.060679
45917,,-67,25,15681,2155,69844,44280,8595910,0,100,19,0,0,B0:CB:D8:C9:92:00,0,0,1,1E:01:D0:40:E0:9E,6,0,NONE,2026-08-05T00:41:35.266679
45917,MGMT_OTHER,-68,24,40873,3899,69844,44280,8596269,0,100,19,0,0,B0:CB:D8:C9:92:00,0,0,1,1E:01:D0:40:E0:9E,6,0,NONE,2026-08-05T00:41:35.625679
45917,,-68,24,675,3676,69844,44280,8596429,0,100,19,0,0,B0:CB:D8:C9:92:00,0,0,1,1E:01:D0:40:E0:9E,6,0,NONE,2026-08-05T00:41:35.785679
45917,MGMT_OTHER,12,12,0,0,69844,44280,8596571,0,100,19,0,0,B0:CB:D8:C9:92:00,1,0,0,1E:01:D0:40:E0:9E,6,0,NONE,2026-08-05T00:41:35.927679
45917,MGMT_OTHER,-69,23,1507,1067,69844,44280,8596835,0,100,19,0,0,B0:CB:D8:C9:92:00,0,0,1,1E:01:D0:40:E0:9E,6,0,NONE,2026-08-05T00:41:36.191679
45917,MGMT_OTHER,-93,-1,36351,1493,69844,44280,8597211,0,100,19,0,0,B0:CB:D8:C9:92:00,0,0,1,1E:01:D0:40:E0:9E,6,0,NONE,2026-08-05T00:41:36.567679
45917,MGMT_OTHER,-70,22,2300,2267,69844,44280,8597348,0,100,19,0,0,B0:CB:D8:C9:92:00,0,0,1,1E:01:D0:40:E0:9E,6,0,NONE,2026-08-05T00:41:36.704679
45917,MGMT_OTHER,-68,24,235,3367,69844,44280,8597481,0,100,19,0,0,B0:CB:D8:C9:92:00,0,0,1,1E:01:D0:40:E0:9E,6,0,NONE,2026-08-05T00:41:36.837679
45917,,-69,23,7151,489,69844,44280,8597732,0,100,19,0,0,B0:CB:D8:C9:92:00,0,0,1,1E:01:D0:40:E0:9E,6,0,NONE,2026-08-05T00:41:37.088679
45917,,-70,22,1222,2244,69844,44280,8597888,0,100,19,0,0,B0:CB:D8:C9:92:00,0,0,1,1E:01:D0:40:E0:9E,6,0,NONE,2026-08-05T00:41:37.244679
45917,,-70,22,396,51,69844,44280,8598070,0,100,19,0,0,B0:CB:D8:C9:92:00,0,0,1,1E:01:D0:40:E0:9E,6,0,NONE,2026-08-05T00:41:37.426679
45917,,-68,24,1154,2740,69844,44280,8598212,0,100,19,0,0,B0:CB:D8:C9:92:00,0,0,1,1E:01:D0:40:E0:9E,6,0,NONE,2026-08-05T00:41:37.568679
45917,,-70,22,6433,1507,69844,44280,8598379,0,100,19,0,0,B0:CB:D8:C9:92:00,0,0,1,1E:01:D0:40:E0:9E,6,0,NONE,2026-08-05T00:41:37.735679
45917,BEACON,-65,27,4496,2190,69844,44280,8598755,0,100,19,0,0,B0:CB:D8:C9:92:00,0,0,1,1E:01:D0:40:E0:9E,6,0,NONE,2026-08-05T00:41:38.111679
45917,,-69,23,248,2561,69844,44280,8598897,0,100,19,0,0,B0:CB:D8:C9:92:00,0,0,1,1E:01:D0:40:E0:9E,6,0,NONE,2026-08-05T00:41:38.253679
45917,,-68,24,5167,2313,69844,44280,8599004,0,100,19,0,0,B0:CB:D8:C9:92:00,0,0,1,1E:01:D0:40:E0:9E,6,0,NONE,2026-08-05T00:41:38.360679
45917,,-68,24,2109,2658,69844,44280,8599215,0,100,19,0,0,B0:CB:D8:C9:92:00,1,0,1,1E:01:D0:40:E0:9E,6,0,NONE,2026-08-05T00:41:38.571679
45917,,-68,24,474,1145,69844,44280,8599386,0,100,19,0,0,B0:CB:D8:C9:92:00,0,0,1,1E:01:D0:40:E0:9E,6,0,NONE,2026-08-05T00:41:38.742679
45917,,-68,24,2128,508,69844,44280,8599486,0,100,19,0,0,B0:CB:D8:C9:92:00,0,0,1,1E:01:D0:40:E0:9E,6,0,NONE,2026-08-05T00:41:38.842679
45917,MGMT_OTHER,-71,21,18886,2028,69844,44280,8599662,0,100,19,0,0,B0:CB:D8:C9:92:00,0,0,1,1E:01:D0:40:E0:9E,6,0,NONE,2026-08-05T00:41:39.017973
45917,,-68,24,1893,1080,69844,44280,8599886,0,100,19,0,0,B0:CB:D8:C9:92:00,0,0,1,1E:01:D0:40:E0:9E,6,0,NONE,2026-08-05T00:41:39.241973
45917,,-68,24,328,3377,69844,44280,8600154,0,100,19,0,0,B0:CB:D8:C9:92:00,0,0,1,1E:01:D0:40:E0:9E,6,0,NONE,2026-08-05T00:41:39.509973
45917,,-68,24,2230,1690,69844,44280,8600352,0,100,19,0,0,B0:CB:D8:C9:92:00,1,0,1,1E:01:D0:40:E0:9E,6,0,NONE,2026-08-05T00:41:39.707973
45917,PROBE_RESP,-80,12,0,1,69844,44280,8600476,0,100,19,0,0,B0:CB:D8:C9:92:00,0,0,0,1E:01:D0:40:E0:9E,6,0,NONE,2026-08-05T00:41:39.831973
45917,,-70,22,22950,798,69844,44280,8600670,0,100,19,0,0,B0:CB:D8:C9:92:00,0,0,1,1E:01:D0:40:E0:9E,6,0,NONE,2026-08-05T00:41:40.025973
45917,MGMT_OTHER,-68,24,3888,797,69844,44280,8600806,0,100,19,0,0,B0:CB:D8:C9:92:00,0,0,1,1E:01:D0:40:E0:9E,6,0,NONE,2026-08-05T00:41:40.161973
45917,BEACON,-54,38,1019,202,69844,44280,8601131,0,100,19,0,0,B0:CB:D8:C9:92:00,0,0,1,1E:01:D0:40:E0:9E,6,0,NONE,2026-08-05T00:41:40.486973
45917,MGMT_OTHER,-68,24,411,3852,69844,44280,8601237,0,100,19,0,0,B0:CB:D8:C9:92:00,0,0,1,1E:01:D0:40:E0:9E,6,0,NONE,2026-08-05T00:41:40.592973
45917,,-68,24,373,3373,69844,44280,8601284,0,100,19,0,0,B0:CB:D8:C9:92:00,0,0,1,1E:01:D0:40:E0:9E,6,0,NONE,2026-08-05T00:41:40.639973
45917,,-69,23,424,3842,69844,44280,8601384,0,100,19,0,0,B0:CB:D8:C9:92:00,0,0,1,1E:01:D0:40:E0:9E,6,0,NONE,2026-08-05T00:41:40.739973
45917,,-69,23,3453,2155,69844,44280,8601728,0,100,19,0,0,B0:CB:D8:C9:92:00,0,0,0,1E:01:D0:40:E0:9E,6,0,NONE,2026-08-05T00:41:41.083973
45917,,-70,22,349,1245,69844,44280,8601892,0,100,19,0,0,B0:CB:D8:C9:92:00,0,0,1,1E:01:D0:40:E0:9E,6,0,NONE,2026-08-05T00:41:41.247973
45917,,-69,23,873,2737,69844,44280,8602139,0,100,19,0,0,B0:CB:D8:C9:92:00,0,0,1,1E:01:D0:40:E0:9E,6,0,NONE,2026-08-05T00:41:41.494973
45917,,-70,22,567,99,69844,44280,8602355,0,100,19,0,0,B0:CB:D8:C9:92:00,0,0,1,1E:01:D0:40:E0:9E,6,0,NONE,2026-08-05T00:41:41.710973
45917,MGMT_OTHER,-91,1,2217,3371,69844,44280,8602646,0,100,19,0,0,B0:CB:D8:C9:92:00,0,0,1,1E:01:D0:40:E0:9E,6,0,NONE,2026-08-05T00:41:42.001973
45917,BEACON,-91,1,97,1649,69844,44280,8602831,0,100,19,0,0,B0:CB:D8:C9:92:00,0,0,1,1E:01:D0:40:E0:9E,6,0,NONE,2026-08-05T00:41:42.186973
45917,,-69,23,809,2405,69844,44280,8602979,0,100,19,0,0,B0:CB:D8:C9:92:00,0,0,1,1E:01:D0:40:E0:9E,6,0,NONE,2026-08-05T00:41:42.334973
45917,,-69,23,892,976,69844,44280,8603168,0,100,19,0,0,B0:CB:D8:C9:92:00,0,0,1,1E:01:D0:40:E0:9E,6,0,NONE,2026-08-05T00:41:42.523973
45917,,-69,23,832,3627,69844,44280,8603265,0,100,19,0,0,B0:CB:D8:C9:92:00,0,0,1,1E:01:D0:40:E0:9E,6,0,NONE,2026-08-05T00:41:42.620973
45917,,-70,22,268,324,69844,44280,8603398,0,100,19,0,0,B0:CB:D8:C9:92:00,0,0,1,1E:01:D0:40:E0:9E,6,0,NONE,2026-08-05T00:41:42.753973
45917,,-70,22,4180,3896,69844,44280,8603488,0,100,19,0,0,B0:CB:D8:C9:92:00,0,0,1,1E:01:D0:40:E0:9E,6,0,NONE,2026-08-05T00:41:42.843973
45917,,-69,23,819,1231,69844,44280,8603625,0,100,19,0,0,B0:CB:D8:C9:92:00,1,0,1,1E:01:D0:40:E0:9E,6,0,NONE,2026-08-05T00:41:42.980973
45917,MGMT_OTHER,-68,24,61027,3301,69844,44280,8603888,0,100,19,0,0,B0:CB:D8:C9:92:00,1,0,1,1E:01:D0:40:E0:9E,6,0,NONE,2026-08-05T00:41:43.243973
45917,BEACON,-82,10,8115,2574,69844,44280,8604201,0,100,19,0,0,B0:CB:D8:C9:92:00,0,0,1,1E:01:D0:40:E0:9E,6,0,NONE,2026-08-05T00:41:43.556973
45917,MGMT_OTHER,-70,22,221,1299,69844,44280,8604454,0,100,19,0,0,B0:CB:D8:C9:92:00,0,0,1,1E:01:D0:40:E0:9E,6,0,NONE,2026-08-05T00:41:43.809973
45917,,-69,23,15956,1793,69844,44280,8604722,0,100,19,0,0,B0:CB:D8:C9:92:00,0,0,1,1E:01:D0:40:E0:9E,6,0,NONE,2026-08-05T00:41:44.077973
45917,PROBE_RESP,-91,1,23013,2799,69844,44280,8605067,0,100,19,0,0,B0:CB:D8:C9:92:00,0,0,1,1E:01:D0:40:E0:9E,6,0,NONE,2026-08-05T00:41:44.422973
45917,,-70,22,685,3111,69844,44280,8605175,0,100,19,0,0,B0:CB:D8:C9:92:00,0,0,1,1E:01:D0:40:E0:9E,6,0,NONE,2026-08-05T00:41:44.530973
45917,,-67,25,610,1431,69844,44280,8605238,0,100,19,0,0,B0:CB:D8:C9:92:00,0,0,1,1E:01:D0:40:E0:9E,6,0,NONE,2026-08-05T00:41:44.593973
45917,,-70,22,601,45,69844,44280,8605272,0,100,19,0,0,B0:CB:D8:C9:92:00,0,0,1,1E:01:D0:40:E0:9E,6,0,NONE,2026-08-05T00:41:44.627973
45917,,-67,25,1097,3641,69844,44280,8605427,0,100,19,0,0,B0:CB:D8:C9:92:00,0,0,0,1E:01:D0:40:E0:9E,6,0,NONE,2026-08-05T00:41:44.782973
45917,PROBE_RESP,-94,-2,0,0,69844,44280,8605590,0,100,19,0,0,B0:CB:D8:C9:92:00,0,0,0,1E:01:D0:40:E0:9E,6,0,NONE,2026-08-05T00:41:44.945973
45917,,-68,24,20075,1599,69844,44280,8605761,0,100,19,0,0,B0:CB:D8:C9:92:00,0,0,1,1E:01:D0:40:E0:9E,6,0,NONE,2026-08-05T00:41:45.116973
45917,,-70,22,1342,2463,69844,44280,8605988,0,100,19,0,0,B0:CB:D8:C9:92:00,0,0,1,1E:01:D0:40:E0:9E,6,0,NONE,2026-08-05T00:41:45.343973
45917,,-69,23,1054,1892,69844,44280,8606341,0,100,19,0,0,B0:CB:D8:C9:92:00,0,0,1,1E:01:D0:40:E0:9E,6,0,NONE,2026-08-05T00:41:45.696973
45917,BEACON,-78,14,0,2562,69844,44280,8606765,0,100,19,0,0,B0:CB:D8:C9:92:00,0,0,0,1E:01:D0:40:E0:9E,6,0,NONE,2026-08-05T00:41:46.120973
45917,PROBE_RESP,-78,14,0,0,69844,44280,8606945,0,100,19,0,0,B0:CB:D8:C9:92:00,0,0,0,1E:01:D0:40:E0:9E,6,0,NONE,2026-08-05T00:41:46.300973
45917,,-49,43,189,225,69844,44280,8607076,0,100,19,0,0,B0:CB:D8:C9:92:00,0,0,1,1E:01:D0:40:E0:9E,6,0,NONE,2026-08-05T00:41:46.431973
45917,,-68,24,542,2560,69844,44280,8607316,0,100,19,0,0,B0:CB:D8:C9:92:00,0,0,1,1E:01:D0:40:E0:9E,6,0,NONE,2026-08-05T00:41:46.671973
45917,MGMT_OTHER,-70,22,399,3875,69844,44280,8607405,0,100,19,0,0,B0:CB:D8:C9:92:00,1,0,0,1E:01:D0:40:E0:9E,6,0,NONE,2026-08-05T00:41:46.760973
45917,,-68,24,0,89,69844,44280,8607587,0,100,19,0,0,B0:CB:D8:C9:92:00,0,0,1,1E:01:D0:40:E0:9E,6,0,NONE,2026-08-05T00:41:46.942973
45917,PROBE_RESP,-90,2,92,1,69844,44280,8607700,0,100,19,0,0,B0:CB:D8:C9:92:00,0,0,1,1E:01:D0:40:E0:9E,6,0,NONE,2026-08-05T00:41:47.055973
45917,MGMT_OTHER,-70,22,8978,2277,69844,44280,8607930,0,100,19,0,0,B0:CB:D8:C9:92:00,1,0,1,1E:01:D0:40:E0:9E,6,0,NONE,2026-08-05T00:41:47.285973
45917,,-70,22,1471,338,69844,44280,8608091,0,100,19,0,0,B0:CB:D8:C9:92:00,0,0,1,1E:01:D0:40:E0:9E,6,0,NONE,2026-08-05T00:41:47.446973
45917,BEACON,-84,8,13181,2615,69844,44280,8608403,0,100,19,0,0,B0:CB:D8:C9:92:00,0,0,1,1E:01:D0:40:E0:9E,6,0,NONE,2026-08-05T00:41:47.758973
45917,PROBE_RESP,-91,1,0,0,69844,44280,8608632,0,100,19,0,0,B0:CB:D8:C9:92:00,0,0,0,1E:01:D0:40:E0:9E,6,0,NONE,2026-08-05T00:41:47.987973
45917,,-70,22,280,1833,69844,44280,8608817,0,100,19,0,0,B0:CB:D8:C9:92:00,0,0,1,1E:01:D0:40:E0:9E,6,0,NONE,2026-08-05T00:41:48.172973
45917,,-50,42,199,237,69844,44280,8609021,0,100,19,0,0,B0:CB:D8:C9:92:00,0,0,0,1E:01:D0:40:E0:9E,6,0,NONE,2026-08-05T00:41:48.376973
45917,,-68,24,190,2800,69844,44280,8609229,0,100,19,0,0,B0:CB:D8:C9:92:00,0,0,1,1E:01:D0:40:E0:9E,6,0,NONE,2026-08-05T00:41:48.584973
45917,PROBE_RESP,-91,1,0,5,69844,44280,8609331,0,100,19,0,0,B0:CB:D8:C9:92:00,0,0,0,1E:01:D0:40:E0:9E,6,0,NONE,2026-08-05T00:41:48.686973
45917,MGMT_OTHER,-68,24,510,3308,69844,44280,8609453,0,100,19,0,0,B0:CB:D8:C9:92:00,0,0,1,1E:01:D0:40:E0:9E,6,0,NONE,2026-08-05T00:41:48.808973
45917,,-68,24,1440,494,69844,44280,8609627,0,100,19,0,0,B0:CB:D8:C9:92:00,0,0,1,1E:01:D0:40:E0:9E,6,0,NONE,2026-08-05T00:41:48.982973
45917,PROBE_RESP,-92,0,0,1,69844,44280,8609885,0,100,19,0,0,B0:CB:D8:C9:92:00,1,0,0,1E:01:D0:40:E0:9E,6,0,NONE,2026-08-05T00:41:49.240973
45917,MGMT_OTHER,-67,25,2466,2533,69828,44280,8610165,0,100,19,0,0,B0:CB:D8:C9:92:00,0,0,1,1E:01:D0:40:E0:9E,6,0,NONE,2026-08-05T00:41:49.520973
45917,BEACON,-84,8,4500,2634,69844,44280,8610348,0,100,19,0,0,B0:CB:D8:C9:92:00,0,0,1,1E:01:D0:40:E0:9E,6,0,NONE,2026-08-05T00:41:49.703973
45917,BEACON,-79,13,0,2599,69768,44280,8610554,0,100,19,0,0,B0:CB:D8:C9:92:00,0,0,0,1E:01:D0:40:E0:9E,6,0,NONE,2026-08-05T00:41:49.909973
45917,MGMT_OTHER,-91,1,14554,2284,69844,44280,8610927,0,100,19,0,0,B0:CB:D8:C9:92:00,0,0,1,1E:01:D0:40:E0:9E,6,1,DEAUTH,2026-08-05T00:41:50.282973
45917,,-69,23,101,0,69844,44280,8611086,0,100,19,0,0,B0:CB:D8:C9:92:00,0,0,1,1E:01:D0:40:E0:9E,6,1,DEAUTH,2026-08-05T00:41:50.441973
45917,,-49,43,148,2779,69844,44280,8611253,0,100,19,0,0,B0:CB:D8:C9:92:00,0,0,1,1E:01:D0:40:E0:9E,6,1,DEAUTH,2026-08-05T00:41:50.608973
45917,,-69,23,428,1551,69844,44280,8611297,0,100,19,0,0,B0:CB:D8:C9:92:00,0,0,1,1E:01:D0:40:E0:9E,6,1,DEAUTH,2026-08-05T00:41:50.652973
45917,,-68,24,470,340,69844,44280,8611417,0,100,19,0,0,B0:CB:D8:C9:92:00,0,0,0,1E:01:D0:40:E0:9E,6,1,DEAUTH,2026-08-05T00:41:50.772973
45917,,-69,23,488,2888,69844,44280,8611609,0,100,19,0,0,B0:CB:D8:C9:92:00,0,0,1,1E:01:D0:40:E0:9E,6,1,DEAUTH,2026-08-05T00:41:50.964973
45917,MGMT_OTHER,-68,24,2167,2026,69844,44280,8611899,0,100,19,0,0,B0:CB:D8:C9:92:00,1,0,1,1E:01:D0:40:E0:9E,6,1,DEAUTH,2026-08-05T00:41:51.254973
45917,DEAUTH,-37,55,0,866,69404,44280,8612035,0,100,19,0,0,B0:CB:D8:C9:92:00,0,1,0,1E:01:D0:40:E0:9E,6,1,DEAUTH,2026-08-05T00:41:51.390973
45917,DEAUTH,-37,55,0,900,67416,44280,8612192,0,100,19,0,0,B0:CB:D8:C9:92:00,1,1,1,1E:01:D0:40:E0:9E,6,1,DEAUTH,2026-08-05T00:41:51.547973
45917,DEAUTH,-37,55,101,924,68708,44280,8612296,0,100,19,0,0,B0:CB:D8:C9:92:00,1,1,1,1E:01:D0:40:E0:9E,6,1,DEAUTH,2026-08-05T00:41:51.651973
45917,MGMT_OTHER,-93,-1,2857,3358,68780,44280,8612448,0,100,19,0,0,B0:CB:D8:C9:92:00,1,0,1,1E:01:D0:40:E0:9E,6,1,DEAUTH,2026-08-05T00:41:51.803973
45917,MGMT_OTHER,-69,23,8521,2987,69844,44280,8612611,0,100,19,0,0,B0:CB:D8:C9:92:00,0,0,1,1E:01:D0:40:E0:9E,6,1,DEAUTH,2026-08-05T00:41:51.966973
45917,,-70,22,11885,266,69000,44280,8612746,0,100,19,0,0,B0:CB:D8:C9:92:00,1,0,1,1E:01:D0:40:E0:9E,6,1,DEAUTH,2026-08-05T00:41:52.101973
45917,DEAUTH,-37,55,0,1021,69476,44280,8612865,0,100,19,0,0,B0:CB:D8:C9:92:00,1,0,0,1E:01:D0:40:E0:9E,6,1,DEAUTH,2026-08-05T00:41:52.220973
45917,,-68,24,2330,2548,69448,44280,8612960,0,100,19,0,0,B0:CB:D8:C9:92:00,1,0,1,1E:01:D0:40:E0:9E,6,1,DEAUTH,2026-08-05T00:41:52.315973
45917,DEAUTH,-38,54,22964,1073,69452,44280,8613101,0,100,19,0,0,B0:CB:D8:C9:92:00,1,0,0,1E:01:D0:40:E0:9E,6,1,DEAUTH,2026-08-05T00:41:52.456973
45917,,-69,23,4095,253,69844,44280,8613211,0,100,19,0,0,B0:CB:D8:C9:92:00,1,0,1,1E:01:D0:40:E0:9E,6,1,DEAUTH,2026-08-05T00:41:52.566973
45917,,-69,23,344,2291,69844,44280,8613306,0,100,19,0,0,B0:CB:D8:C9:92:00,1,0,1,1E:01:D0:40:E0:9E,6,1,DEAUTH,2026-08-05T00:41:52.661973
45917,MGMT_OTHER,-68,24,248,2393,69624,44280,8613364,0,100,19,0,0,B0:CB:D8:C9:92:00,1,0,1,1E:01:D0:40:E0:9E,6,1,DEAUTH,2026-08-05T00:41:52.719973
45917,MGMT_OTHER,-49,43,3664,440,68996,44280,8613470,0,100,19,0,0,B0:CB:D8:C9:92:00,1,0,1,1E:01:D0:40:E0:9E,6,1,DEAUTH,2026-08-05T00:41:52.825973
45917,DEAUTH,-37,55,0,1143,68928,44280,8613565,0,100,19,0,0,B0:CB:D8:C9:92:00,1,0,0,1E:01:D0:40:E0:9E,6,1,DEAUTH,2026-08-05T00:41:52.920973
45917,MGMT_OTHER,-49,43,0,454,69404,44280,8613699,0,100,19,0,0,B0:CB:D8:C9:92:00,1,0,1,1E:01:D0:40:E0:9E,6,1,DEAUTH,2026-08-05T00:41:53.054973
45917,DEAUTH,-37,55,0,1211,69772,44280,8613866,0,100,19,0,0,B0:CB:D8:C9:92:00,1,0,0,1E:01:D0:40:E0:9E,6,1,DEAUTH,2026-08-05T00:41:53.221973
45917,PROBE_RESP,-91,1,0,1,69844,44280,8614043,0,100,19,0,0,B0:CB:D8:C9:92:00,1,0,0,1E:01:D0:40:E0:9E,6,1,DEAUTH,2026-08-05T00:41:53.398973
45917,DEAUTH,-37,55,0,1237,69472,44280,8614171,0,100,19,0,0,B0:CB:D8:C9:92:00,1,0,0,1E:01:D0:40:E0:9E,6,1,DEAUTH,2026-08-05T00:41:53.526973
45917,DEAUTH,-37,55,0,1257,69768,44280,8614244,0,100,19,0,0,B0:CB:D8:C9:92:00,1,0,0,1E:01:D0:40:E0:9E,6,1,DEAUTH,2026-08-05T00:41:53.599973
45917,,-50,42,9303,485,69768,44280,8614300,0,100,19,0,0,B0:CB:D8:C9:92:00,1,0,1,1E:01:D0:40:E0:9E,6,1,DEAUTH,2026-08-05T00:41:53.655973
45917,DEAUTH,-37,55,0,1273,69768,44280,8614382,0,100,19,0,0,B0:CB:D8:C9:92:00,0,0,0,1E:01:D0:40:E0:9E,6,1,DEAUTH,2026-08-05T00:41:53.737973
45917,DEAUTH,-37,55,0,1283,69164,44280,8614497,0,100,19,0,0,B0:CB:D8:C9:92:00,1,0,0,1E:01:D0:40:E0:9E,6,1,DEAUTH,2026-08-05T00:41:53.852973
45917,BEACON,-67,25,20905,2345,69144,44280,8614631,0,100,19,0,0,B0:CB:D8:C9:92:00,1,0,1,1E:01:D0:40:E0:9E,6,1,DEAUTH,2026-08-05T00:41:53.986973
45917,PROBE_RESP,-89,3,0,0,69844,44280,8614782,0,100,19,0,0,B0:CB:D8:C9:92:00,1,0,1,1E:01:D0:40:E0:9E,6,1,DEAUTH,2026-08-05T00:41:54.137973
45917,DEAUTH,-37,55,92,1370,69476,44280,8614948,0,100,19,0,0,B0:CB:D8:C9:92:00,1,1,1,1E:01:D0:40:E0:9E,6,1,DEAUTH,2026-08-05T00:41:54.303973
45917,,-69,23,6401,4072,69772,44280,8615125,0,100,19,0,0,B0:CB:D8:C9:92:00,1,0,1,1E:01:D0:40:E0:9E,6,1,DEAUTH,2026-08-05T00:41:54.480973
45917,DEAUTH,-37,55,156,1436,69464,44280,8615195,0,100,19,0,0,B0:CB:D8:C9:92:00,1,1,1,1E:01:D0:40:E0:9E,6,1,DEAUTH,2026-08-05T00:41:54.550973
45917,BEACON,-95,-3,4652,1589,69844,44280,8615344,0,100,19,0,0,B0:CB:D8:C9:92:00,1,0,1,1E:01:D0:40:E0:9E,6,1,DEAUTH,2026-08-05T00:41:54.699973
45917,MGMT_OTHER,-51,41,1524,560,69172,44280,8615412,0,100,19,0,0,B0:CB:D8:C9:92:00,1,0,1,1E:01:D0:40:E0:9E,6,1,DEAUTH,2026-08-05T00:41:54.767973
45917,MGMT_OTHER,-69,23,11815,3852,69844,44280,8615554,0,100,19,0,0,B0:CB:D8:C9:92:00,0,0,1,1E:01:D0:40:E0:9E,6,1,DEAUTH,2026-08-05T00:41:54.909973
45917,DEAUTH,-37,55,0,1493,69540,44280,8615665,0,100,19,0,0,B0:CB:D8:C9:92:00,1,0,0,1E:01:D0:40:E0:9E,6,1,DEAUTH,2026-08-05T00:41:55.020973
45917,DEAUTH,-37,55,0,1517,69624,44280,8615722,0,100,19,0,0,B0:CB:D8:C9:92:00,1,0,0,1E:01:D0:40:E0:9E,6,1,DEAUTH,2026-08-05T00:41:55.077973
45917,,-68,24,2096,1198,69404,44280,8615832,0,100,19,0,0,B0:CB:D8:C9:92:00,1,0,1,1E:01:D0:40:E0:9E,6,1,DEAUTH,2026-08-05T00:41:55.187973
45917,,-52,40,11729,274,69232,44280,8615949,0,100,19,0,0,B0:CB:D8:C9:92:00,1,0,1,1E:01:D0:40:E0:9E,6,1,DEAUTH,2026-08-05T00:41:55.304973
45917,MGMT_OTHER,-68,24,1616,1048,69476,44280,8616096,0,100,19,0,0,B0:CB:D8:C9:92:00,1,0,1,1E:01:D0:40:E0:9E,6,1,DEAUTH,2026-08-05T00:41:55.451973
45917,DEAUTH,-36,56,0,1614,69016,44280,8616323,0,100,19,0,0,B0:CB:D8:C9:92:00,1,1,1,1E:01:D0:40:E0:9E,6,1,DEAUTH,2026-08-05T00:41:55.678973
45917,DEAUTH,-37,55,0,1644,68924,44280,8616431,0,100,19,0,0,B0:CB:D8:C9:92:00,1,1,0,1E:01:D0:40:E0:9E,6,1,DEAUTH,2026-08-05T00:41:55.786973
45917,DEAUTH,-37,55,0,1677,69404,44280,8616546,0,100,19,0,0,B0:CB:D8:C9:92:00,1,0,0,1E:01:D0:40:E0:9E,6,1,DEAUTH,2026-08-05T00:41:55.901973
45917,,-51,41,158,279,69404,44280,8616652,0,100,19,0,0,B0:CB:D8:C9:92:00,1,0,0,1E:01:D0:40:E0:9E,6,1,DEAUTH,2026-08-05T00:41:56.007973
45917,MGMT_OTHER,-70,22,16228,1809,68512,44280,8616799,0,100,19,0,0,B0:CB:D8:C9:92:00,1,0,1,1E:01:D0:40:E0:9E,6,1,DEAUTH,2026-08-05T00:41:56.154973
45917,MGMT_OTHER,-50,42,0,641,69772,44280,8617010,0,100,19,0,0,B0:CB:D8:C9:92:00,0,0,1,1E:01:D0:40:E0:9E,6,1,DEAUTH,2026-08-05T00:41:56.365973
45917,BEACON,-56,36,0,647,69468,44280,8617107,0,100,19,0,0,B0:CB:D8:C9:92:00,1,0,1,1E:01:D0:40:E0:9E,6,1,DEAUTH,2026-08-05T00:41:56.462973
45917,MGMT_OTHER,-71,21,15379,3880,69400,44280,8617211,0,100,19,0,0,B0:CB:D8:C9:92:00,1,0,1,1E:01:D0:40:E0:9E,6,1,DEAUTH,2026-08-05T00:41:56.566973
45917,DEAUTH,-36,56,352,1819,69624,44280,8617333,0,100,19,0,0,B0:CB:D8:C9:92:00,1,0,1,1E:01:D0:40:E0:9E,6,1,DEAUTH,2026-08-05T00:41:56.688973
45917,DEAUTH,-37,55,4572,1844,69772,44280,8617459,0,100,19,0,0,B0:CB:D8:C9:92:00,1,1,0,1E:01:D0:40:E0:9E,6,1,DEAUTH,2026-08-05T00:41:56.814973
45917,,-67,25,1474,2822,69760,44280,8617549,0,100,19,0,0,B0:CB:D8:C9:92:00,0,0,1,1E:01:D0:40:E0:9E,6,1,DEAUTH,2026-08-05T00:41:56.904973
45917,,-67,25,373,259,69844,44280,8617629,0,100,19,0,0,B0:CB:D8:C9:92:00,0,0,1,1E:01:D0:40:E0:9E,6,1,DEAUTH,2026-08-05T00:41:56.984973
45917,MGMT_OTHER,-67,25,1064,2715,69456,44280,8617772,0,100,19,0,0,B0:CB:D8:C9:92:00,1,0,1,1E:01:D0:40:E0:9E,6,1,DEAUTH,2026-08-05T00:41:57.127973
45917,DEAUTH,-37,55,0,1887,69084,44280,8617852,0,100,19,0,0,B0:CB:D8:C9:92:00,1,0,0,1E:01:D0:40:E0:9E,6,1,DEAUTH,2026-08-05T00:41:57.207973
45917,MGMT_OTHER,-70,22,12769,4011,69480,44280,8617969,0,100,19,0,0,B0:CB:D8:C9:92:00,1,0,1,1E:01:D0:40:E0:9E,6,1,DEAUTH,2026-08-05T00:41:57.324973
45917,DEAUTH,-37,55,0,1952,69772,44280,8618093,0,100,19,0,0,B0:CB:D8:C9:92:00,1,1,0,1E:01:D0:40:E0:9E,6,1,DEAUTH,2026-08-05T00:41:57.448973
45917,MGMT_OTHER,-69,23,332,1735,69176,44280,8618241,0,100,19,0,0,B0:CB:D8:C9:92:00,1,0,1,1E:01:D0:40:E0:9E,6,1,DEAUTH,2026-08-05T00:41:57.596973
45917,BEACON,-52,40,514,723,69844,44280,8618438,0,100,19,0,0,B0:CB:D8:C9:92:00,0,0,1,1E:01:D0:40:E0:9E,6,1,DEAUTH,2026-08-05T00:41:57.793973
45917,DEAUTH,-37,55,0,2007,69844,44280,8618521,0,100,19,0,0,B0:CB:D8:C9:92:00,1,0,1,1E:01:D0:40:E0:9E,6,1,DEAUTH,2026-08-05T00:41:57.876973
45917,DEAUTH,-37,55,0,2033,69460,44280,8618641,0,100,19,0,0,B0:CB:D8:C9:92:00,1,0,0,1E:01:D0:40:E0:9E,6,1,DEAUTH,2026-08-05T00:41:57.996973
45917,DEAUTH,-37,55,4068,2061,68064,44280,8618772,0,100,19,0,0,B0:CB:D8:C9:92:00,1,0,0,1E:01:D0:40:E0:9E,6,1,DEAUTH,2026-08-05T00:41:58.127973
45917,DEAUTH,-37,55,0,2087,69384,44280,8618876,0,100,19,0,0,B0:CB:D8:C9:92:00,1,0,0,1E:01:D0:40:E0:9E,6,1,DEAUTH,2026-08-05T00:41:58.231973
45917,MGMT_OTHER,-69,23,420,2959,69404,44280,8618994,0,100,19,0,0,B0:CB:D8:C9:92:00,1,0,1,1E:01:D0:40:E0:9E,6,1,DEAUTH,2026-08-05T00:41:58.349973
45917,,-69,23,352,999,69844,44280,8619245,0,100,19,0,0,B0:CB:D8:C9:92:00,0,0,1,1E:01:D0:40:E0:9E,6,1,DEAUTH,2026-08-05T00:41:58.600973
45917,,-66,26,1386,2469,69844,44280,8619352,0,100,19,0,0,B0:CB:D8:C9:92:00,0,0,1,1E:01:D0:40:E0:9E,6,1,DEAUTH,2026-08-05T00:41:58.707973
45917,MGMT_OTHER,-70,22,499,2202,69844,44280,8619406,0,100,19,0,0,B0:CB:D8:C9:92:00,0,0,1,1E:01:D0:40:E0:9E,6,1,DEAUTH,2026-08-05T00:41:58.761973
45917,MGMT_OTHER,-66,26,1469,4016,69844,44280,8619612,0,100,19,0,0,B0:CB:D8:C9:92:00,0,0,1,1E:01:D0:40:E0:9E,6,1,DEAUTH,2026-08-05T00:41:58.967973
45917,BEACON,-79,13,0,2689,67504,44280,8619807,0,100,19,0,0,B0:CB:D8:C9:92:00,1,0,0,1E:01:D0:40:E0:9E,6,1,DEAUTH,2026-08-05T00:41:59.162973
45917,DEAUTH,-37,55,3994,2149,69768,44280,8619884,0,100,19,0,0,B0:CB:D8:C9:92:00,1,0,0,1E:01:D0:40:E0:9E,6,1,DEAUTH,2026-08-05T00:41:59.239973
45917,DEAUTH,-37,55,0,2163,69768,44280,8619926,0,100,19,0,0,B0:CB:D8:C9:92:00,1,0,0,1E:01:D0:40:E0:9E,6,1,DEAUTH,2026-08-05T00:41:59.281973
45917,DEAUTH,-37,55,0,2176,69516,44280,8620014,0,100,19,0,0,B0:CB:D8:C9:92:00,1,1,1,1E:01:D0:40:E0:9E,6,1,DEAUTH,2026-08-05T00:41:59.369973
45917,,-95,-3,8622,2697,69400,44280,8620142,0,100,19,0,0,B0:CB:D8:C9:92:00,1,0,1,1E:01:D0:40:E0:9E,6,1,DEAUTH,2026-08-05T00:41:59.497973
45917,BEACON,-67,25,5123,2400,69476,44280,8620259,0,100,19,0,0,B0:CB:D8:C9:92:00,1,0,1,1E:01:D0:40:E0:9E,6,1,DEAUTH,2026-08-05T00:41:59.614973
45917,DEAUTH,-37,55,622,2250,69844,44280,8620471,0,100,19,0,0,B0:CB:D8:C9:92:00,0,1,1,1E:01:D0:40:E0:9E,6,1,DEAUTH,2026-08-05T00:41:59.826973
45917,DEAUTH,-37,55,0,2277,69276,44280,8620598,0,100,19,0,0,B0:CB:D8:C9:92:00,1,0,0,1E:01:D0:40:E0:9E,6,1,DEAUTH,2026-08-05T00:41:59.953973
45917,MGMT_OTHER,-70,22,3134,221,69316,44280,8620710,0,100,19,0,0,B0:CB:D8:C9:92:00,1,0,1,1E:01:D0:40:E0:9E,6,1,DEAUTH,2026-08-05T00:42:00.065973
45917,MGMT_OTHER,-70,22,3095,3068,69524,44280,8620832,0,100,19,0,0,B0:CB:D8:C9:92:00,1,0,1,1E:01:D0:40:E0:9E,6,1,DEAUTH,2026-08-05T00:42:00.187973
45917,DEAUTH,-37,55,0,2369,68944,44280,8620955,0,100,19,0,0,B0:CB:D8:C9:92:00,0,0,0,1E:01:D0:40:E0:9E,6,1,DEAUTH,2026-08-05T00:42:00.310973
45917,DEAUTH,-37,55,0,2383,69540,44280,8621200,0,100,19,0,0,B0:CB:D8:C9:92:00,1,0,0,1E:01:D0:40:E0:9E,6,1,DEAUTH,2026-08-05T00:42:00.555973
45917,DEAUTH,-37,55,0,2393,69772,44280,8621292,0,100,19,0,0,B0:CB:D8:C9:92:00,0,0,0,1E:01:D0:40:E0:9E,6,1,DEAUTH,2026-08-05T00:42:00.647973
45917,DEAUTH,-37,55,809,2410,69076,44280,8621345,0,100,19,0,0,B0:CB:D8:C9:92:00,0,1,1,1E:01:D0:40:E0:9E,6,1,DEAUTH,2026-08-05T00:42:00.700973
45917,DEAUTH,-37,55,0,2439,69540,44280,8621495,0,100,19,0,0,B0:CB:D8:C9:92:00,0,0,0,1E:01:D0:40:E0:9E,6,1,DEAUTH,2026-08-05T00:42:00.850973
45917,DEAUTH,-37,55,0,2463,69080,44280,8621607,0,100,19,0,0,B0:CB:D8:C9:92:00,1,0,0,1E:01:D0:40:E0:9E,6,1,DEAUTH,2026-08-05T00:42:00.962973
45917,DEAUTH,-37,55,3978,2486,68604,44280,8621737,0,100,19,0,0,B0:CB:D8:C9:92:00,1,1,0,1E:01:D0:40:E0:9E,6,1,DEAUTH,2026-08-05T00:42:01.092973
45917,PROBE_RESP,-89,3,0,9,69844,44280,8621849,0,100,19,0,0,B0:CB:D8:C9:92:00,1,0,0,1E:01:D0:40:E0:9E,6,1,DEAUTH,2026-08-05T00:42:01.204973
45917,,-69,23,4233,2261,69844,44280,8621994,0,100,19,0,0,B0:CB:D8:C9:92:00,0,0,1,1E:01:D0:40:E0:9E,6,1,DEAUTH,2026-08-05T00:42:01.349973
45917,DEAUTH,-37,55,92,2539,67884,44280,8622128,0,100,19,0,0,B0:CB:D8:C9:92:00,1,0,1,1E:01:D0:40:E0:9E,6,1,DEAUTH,2026-08-05T00:42:01.483973
45917,DEAUTH,-38,54,0,2569,69328,44280,8622234,0,100,19,0,0,B0:CB:D8:C9:92:00,1,0,1,1E:01:D0:40:E0:9E,6,1,DEAUTH,2026-08-05T00:42:01.589973
45917,DEAUTH,-38,54,7788,2602,68172,44280,8622367,0,100,19,0,0,B0:CB:D8:C9:92:00,1,1,0,1E:01:D0:40:E0:9E,6,1,DEAUTH,2026-08-05T00:42:01.722973
45917,DEAUTH,-37,55,4609,2632,69620,44280,8622474,0,100,19,0,0,B0:CB:D8:C9:92:00,1,1,0,1E:01:D0:40:E0:9E,6,1,DEAUTH,2026-08-05T00:42:01.829973
45917,DEAUTH,-37,55,0,2635,69624,44280,8622658,0,100,19,0,0,B0:CB:D8:C9:92:00,1,0,0,1E:01:D0:40:E0:9E,6,1,DEAUTH,2026-08-05T00:42:02.013973
45917,DEAUTH,-37,55,18105,2656,69624,44280,8622822,0,100,19,0,0,B0:CB:D8:C9:92:00,1,1,1,1E:01:D0:40:E0:9E,6,1,DEAUTH,2026-08-05T00:42:02.177973
45917,DEAUTH,-37,55,0,2683,69772,44280,8622893,0,100,19,0,0,B0:CB:D8:C9:92:00,0,0,0,1E:01:D0:40:E0:9E,6,1,DEAUTH,2026-08-05T00:42:02.248973
45917,DEAUTH,-37,55,0,2707,69460,44280,8623038,0,100,19,0,0,B0:CB:D8:C9:92:00,1,0,0,1E:01:D0:40:E0:9E,6,1,DEAUTH,2026-08-05T00:42:02.393973
45917,BEACON,-55,37,0,963,68896,44280,8623162,0,100,19,0,0,B0:CB:D8:C9:92:00,1,0,1,1E:01:D0:40:E0:9E,6,1,DEAUTH,2026-08-05T00:42:02.517973
45917,MGMT_OTHER,-67,25,401,1816,69252,44280,8623253,0,100,19,0,0,B0:CB:D8:C9:92:00,1,0,1,1E:01:D0:40:E0:9E,6,1,DEAUTH,2026-08-05T00:42:02.608973
45917,,-66,26,826,1535,69844,44280,8623366,0,100,19,0,0,B0:CB:D8:C9:92:00,1,0,1,1E:01:D0:40:E0:9E,6,1,DEAUTH,2026-08-05T00:42:02.721973
45917,DEAUTH,-37,55,0,2771,69328,44280,8623474,0,100,19,0,0,B0:CB:D8:C9:92:00,0,0,0,1E:01:D0:40:E0:9E,6,1,DEAUTH,2026-08-05T00:42:02.829973
45917,,-66,26,1148,1151,67684,44280,8623574,0,100,19,0,0,B0:CB:D8:C9:92:00,1,0,1,1E:01:D0:40:E0:9E,6,1,DEAUTH,2026-08-05T00:42:02.929973
45917,DEAUTH,-37,55,92,2823,65692,44280,8623688,0,100,19,0,0,B0:CB:D8:C9:92:00,1,0,1,1E:01:D0:40:E0:9E,6,1,DEAUTH,2026-08-05T00:42:03.043973
45917,,-71,21,1555,458,68136,44280,8623814,0,100,19,0,0,B0:CB:D8:C9:92:00,1,0,1,1E:01:D0:40:E0:9E,6,1,DEAUTH,2026-08-05T00:42:03.169973
45917,DEAUTH,-38,54,0,2875,69476,44280,8623905,0,100,19,0,0,B0:CB:D8:C9:92:00,1,0,0,1E:01:D0:40:E0:9E,6,1,DEAUTH,2026-08-05T00:42:03.260973
45917,,-68,24,427,906,69772,44280,8624049,0,100,19,0,0,B0:CB:D8:C9:92:00,0,0,1,1E:01:D0:40:E0:9E,6,1,DEAUTH,2026-08-05T00:42:03.404973
45917,,-71,21,1681,3397,69156,44280,8624213,0,100,19,0,0,B0:CB:D8:C9:92:00,1,0,1,1E:01:D0:40:E0:9E,6,1,DEAUTH,2026-08-05T00:42:03.568973
45917,DEAUTH,-37,55,0,2939,69624,44280,8624358,0,100,19,0,0,B0:CB:D8:C9:92:00,1,0,0,1E:01:D0:40:E0:9E,6,1,DEAUTH,2026-08-05T00:42:03.713973
45917,DEAUTH,-37,55,4055,2972,69240,44280,8624517,0,100,19,0,0,B0:CB:D8:C9:92:00,1,1,1,1E:01:D0:40:E0:9E,6,1,DEAUTH,2026-08-05T00:42:03.872973
45917,DEAUTH,-37,55,6295,3006,69472,44280,8624608,0,100,19,0,0,B0:CB:D8:C9:92:00,1,1,0,1E:01:D0:40:E0:9E,6,1,DEAUTH,2026-08-05T00:42:03.963973
45917,DEAUTH,-37,55,0,3025,69528,44280,8624889,0,100,19,0,0,B0:CB:D8:C9:92:00,1,0,1,1E:01:D0:40:E0:9E,6,1,DEAUTH,2026-08-05T00:42:04.244973
45917,DEAUTH,-37,55,8538,3059,69028,44280,8625023,0,100,19,0,0,B0:CB:D8:C9:92:00,1,0,0,1E:01:D0:40:E0:9E,6,1,DEAUTH,2026-08-05T00:42:04.378973
45917,MGMT_OTHER,-70,22,11681,3277,68684,44280,8625157,0,100,19,0,0,B0:CB:D8:C9:92:00,1,0,1,1E:01:D0:40:E0:9E,6,1,DEAUTH,2026-08-05T00:42:04.512973
45917,MGMT_OTHER,-67,25,313,1360,69772,44280,8625260,0,100,19,0,0,B0:CB:D8:C9:92:00,1,0,1,1E:01:D0:40:E0:9E,6,1,DEAUTH,2026-08-05T00:42:04.615973
45917,DEAUTH,-36,56,0,3137,69476,44280,8625370,0,100,19,0,0,B0:CB:D8:C9:92:00,1,0,0,1E:01:D0:40:E0:9E,6,1,DEAUTH,2026-08-05T00:42:04.725973
45917,BEACON,-66,26,5132,2452,69844,44280,8625584,0,100,19,0,0,B0:CB:D8:C9:92:00,0,0,1,1E:01:D0:40:E0:9E,6,1,DEAUTH,2026-08-05T00:42:04.939973
45917,,-70,22,3017,1387,67524,44280,8625671,0,100,19,0,0,B0:CB:D8:C9:92:00,0,0,1,1E:01:D0:40:E0:9E,6,1,DEAUTH,2026-08-05T00:42:05.026973
45917,MGMT_OTHER,-49,43,0,1099,69772,44280,8625793,0,100,19,0,0,B0:CB:D8:C9:92:00,1,0,1,1E:01:D0:40:E0:9E,6,1,DEAUTH,2026-08-05T00:42:05.148973
45917,DEAUTH,-37,55,1145,3228,68460,44280,8625921,0,100,19,0,0,B0:CB:D8:C9:92:00,1,1,1,1E:01:D0:40:E0:9E,6,1,DEAUTH,2026-08-05T00:42:05.276973
45917,DEAUTH,-37,55,0,3260,69300,44280,8626064,0,100,19,0,0,B0:CB:D8:C9:92:00,1,1,1,1E:01:D0:40:E0:9E,6,1,DEAUTH,2026-08-05T00:42:05.419973
45917,DEAUTH,-37,55,994,3274,69844,44280,8626270,0,100,19,0,0,B0:CB:D8:C9:92:00,0,1,1,1E:01:D0:40:E0:9E,6,1,DEAUTH,2026-08-05T00:42:05.625973
45917,DEAUTH,-37,55,3797,3304,68844,44280,8626434,0,100,19,0,0,B0:CB:D8:C9:92:00,1,1,1,1E:01:D0:40:E0:9E,6,1,DEAUTH,2026-08-05T00:42:05.789973
45917,,-50,42,3052,321,69328,44280,8626540,0,100,19,0,0,B0:CB:D8:C9:92:00,1,0,1,1E:01:D0:40:E0:9E,6,1,DEAUTH,2026-08-05T00:42:05.895973
45917,DEAUTH,-37,55,106,3369,69404,44280,8626665,0,100,19,0,0,B0:CB:D8:C9:92:00,1,0,1,1E:01:D0:40:E0:9E,6,1,DEAUTH,2026-08-05T00:42:06.020973
45917,DEAUTH,-37,55,0,3393,69624,44280,8626766,0,100,19,0,0,B0:CB:D8:C9:92:00,1,0,0,1E:01:D0:40:E0:9E,6,1,DEAUTH,2026-08-05T00:42:06.121973
45917,DISASSOC,-68,24,234,1610,69844,44280,8627024,0,100,19,0,0,B0:CB:D8:C9:92:00,1,0,1,1E:01:D0:40:E0:9E,6,1,DEAUTH,2026-08-05T00:42:06.379973
45917,MGMT_OTHER,-68,24,9815,1625,69844,44280,8627282,0,100,19,0,0,B0:CB:D8:C9:92:00,0,0,1,1E:01:D0:40:E0:9E,6,1,DEAUTH,2026-08-05T00:42:06.637973
45917,,-67,25,474,1697,69844,44280,8627390,0,100,19,0,0,B0:CB:D8:C9:92:00,1,0,1,1E:01:D0:40:E0:9E,6,1,DEAUTH,2026-08-05T00:42:06.745973
45917,MGMT_OTHER,-67,25,499,1173,69844,44280,8627472,0,100,19,0,0,B0:CB:D8:C9:92:00,0,0,1,1E:01:D0:40:E0:9E,6,1,DEAUTH,2026-08-05T00:42:06.827973
45917,DEAUTH,-37,55,0,3402,69844,44280,8627633,0,100,19,0,0,B0:CB:D8:C9:92:00,1,1,1,1E:01:D0:40:E0:9E,6,1,DEAUTH,2026-08-05T00:42:06.988973
45917,BEACON,-65,27,105,2473,69844,44280,8627737,0,100,19,0,0,B0:CB:D8:C9:92:00,1,0,1,1E:01:D0:40:E0:9E,6,1,DEAUTH,2026-08-05T00:42:07.092973
45917,DEAUTH,-37,55,0,3460,69300,44280,8627874,0,100,19,0,0,B0:CB:D8:C9:92:00,1,1,1,1E:01:D0:40:E0:9E,6,1,DEAUTH,2026-08-05T00:42:07.229973
45917,MGMT_OTHER,-49,43,97,1197,69772,44280,8627980,0,100,19,0,0,B0:CB:D8:C9:92:00,1,0,1,1E:01:D0:40:E0:9E,6,1,DEAUTH,2026-08-05T00:42:07.335973
45917,DEAUTH,-37,55,0,3522,69092,44280,8628128,0,100,19,0,0,B0:CB:D8:C9:92:00,1,1,0,1E:01:D0:40:E0:9E,6,1,DEAUTH,2026-08-05T00:42:07.483973
45917,,-67,25,25385,1931,69772,44280,8628303,0,100,19,0,0,B0:CB:D8:C9:92:00,0,0,1,1E:01:D0:40:E0:9E,6,1,DEAUTH,2026-08-05T00:42:07.658973
45917,DEAUTH,-37,55,87,3544,69000,44280,8628412,0,100,19,0,0,B0:CB:D8:C9:92:00,0,1,1,1E:01:D0:40:E0:9E,6,1,DEAUTH,2026-08-05T00:42:07.767973
45917,DEAUTH,-37,55,0,3574,69404,44280,8628522,0,100,19,0,0,B0:CB:D8:C9:92:00,1,1,0,1E:01:D0:40:E0:9E,6,1,DEAUTH,2026-08-05T00:42:07.877973
45917,DEAUTH,-37,55,0,3604,69392,44280,8628643,0,100,19,0,0,B0:CB:D8:C9:92:00,1,1,0,1E:01:D0:40:E0:9E,6,1,DEAUTH,2026-08-05T00:42:07.998973
45917,DEAUTH,-37,55,0,3630,67928,44280,8628785,0,100,19,0,0,B0:CB:D8:C9:92:00,1,1,0,1E:01:D0:40:E0:9E,6,1,DEAUTH,2026-08-05T00:42:08.140973
45917,BEACON,-55,37,3716,1249,68708,44280,8628899,0,100,19,0,0,B0:CB:D8:C9:92:00,1,0,1,1E:01:D0:40:E0:9E,6,1,DEAUTH,2026-08-05T00:42:08.254973
45917,MGMT_OTHER,-49,43,0,1254,68832,44280,8629106,0,100,19,0,0,B0:CB:D8:C9:92:00,0,0,1,1E:01:D0:40:E0:9E,6,1,DEAUTH,2026-08-05T00:42:08.461973
45917,MGMT_OTHER,-70,22,2715,1794,68920,44280,8629222,0,100,19,0,0,B0:CB:D8:C9:92:00,1,0,1,1E:01:D0:40:E0:9E,6,1,DEAUTH,2026-08-05T00:42:08.577973
45917,DEAUTH,-37,55,0,3716,66756,44280,8629327,0,100,19,0,0,B0:CB:D8:C9:92:00,1,1,0,1E:01:D0:40:E0:9E,6,1,DEAUTH,2026-08-05T00:42:08.682973
45917,DEAUTH,-37,55,2256,3741,69396,44280,8629428,0,100,19,0,0,B0:CB:D8:C9:92:00,1,0,0,1E:01:D0:40:E0:9E,6,1,DEAUTH,2026-08-05T00:42:08.783973
45917,,-67,25,1012,3873,69616,44280,8629519,0,100,19,0,0,B0:CB:D8:C9:92:00,1,0,1,1E:01:D0:40:E0:9E,6,1,DEAUTH,2026-08-05T00:42:08.874973
45917,DEAUTH,-37,55,0,3773,69624,44280,8629607,0,100,19,0,0,B0:CB:D8:C9:92:00,1,0,0,1E:01:D0:40:E0:9E,6,1,DEAUTH,2026-08-05T00:42:08.962973
45917,,-49,43,1417,1289,68020,44280,8629711,0,100,19,0,0,B0:CB:D8:C9:92:00,1,0,0,1E:01:D0:40:E0:9E,6,1,DEAUTH,2026-08-05T00:42:09.066973
45917,DEAUTH,-37,55,87,3802,69404,44280,8629871,0,100,19,0,0,B0:CB:D8:C9:92:00,0,1,1,1E:01:D0:40:E0:9E,6,1,DEAUTH,2026-08-05T00:42:09.226973
45917,MGMT_OTHER,-48,44,0,1304,69696,44280,8629990,0,100,19,0,0,B0:CB:D8:C9:92:00,1,0,1,1E:01:D0:40:E0:9E,6,1,DEAUTH,2026-08-05T00:42:09.345973
45917,,-69,23,12848,1826,69844,44280,8630081,0,100,19,0,0,B0:CB:D8:C9:92:00,1,0,1,1E:01:D0:40:E0:9E,6,1,DEAUTH,2026-08-05T00:42:09.436973
45917,DEAUTH,-37,55,0,3881,69308,44280,8630214,0,100,19,0,0,B0:CB:D8:C9:92:00,1,0,0,1E:01:D0:40:E0:9E,6,1,DEAUTH,2026-08-05T00:42:09.569973
45917,DEAUTH,-37,55,0,3912,69616,44280,8630314,0,100,19,0,0,B0:CB:D8:C9:92:00,1,1,0,1E:01:D0:40:E0:9E,6,1,DEAUTH,2026-08-05T00:42:09.669973
45917,DEAUTH,-37,55,0,3924,69176,44280,8630549,0,100,19,0,0,B0:CB:D8:C9:92:00,1,1,0,1E:01:D0:40:E0:9E,6,1,DEAUTH,2026-08-05T00:42:09.904973
45917,DEAUTH,-37,55,133,3958,69008,44280,8630674,0,100,19,0,0,B0:CB:D8:C9:92:00,1,1,1,1E:01:D0:40:E0:9E,6,1,DEAUTH,2026-08-05T00:42:10.029973
45917,,-65,27,0,62,69308,44280,8630784,0,100,19,0,0,B0:CB:D8:C9:92:00,1,0,1,1E:01:D0:40:E0:9E,6,1,DEAUTH,2026-08-05T00:42:10.139973
45917,DEAUTH,-37,55,17534,4014,69476,44280,8630914,0,100,19,0,0,B0:CB:D8:C9:92:00,1,1,1,1E:01:D0:40:E0:9E,6,1,DEAUTH,2026-08-05T00:42:10.269973
45917,DEAUTH,-37,55,88,4037,69772,44280,8631036,0,100,19,0,0,B0:CB:D8:C9:92:00,0,0,1,1E:01:D0:40:E0:9E,6,1,DEAUTH,2026-08-05T00:42:10.391973
45917,MGMT_OTHER,-68,24,15247,808,67092,44280,8631270,0,100,19,0,0,B0:CB:D8:C9:92:00,0,0,1,1E:01:D0:40:E0:9E,6,1,DEAUTH,2026-08-05T00:42:10.625973
45917,,-68,24,3451,174,69236,44280,8631375,0,100,19,0,0,B0:CB:D8:C9:92:00,1,0,1,1E:01:D0:40:E0:9E,6,1,DEAUTH,2026-08-05T00:42:10.730973
45917,DEAUTH,-40,52,105,16,68884,44280,8631494,0,100,19,0,0,B0:CB:D8:C9:92:00,1,1,1,1E:01:D0:40:E0:9E,6,1,DEAUTH,2026-08-05T00:42:10.849973
45917,MGMT_OTHER,-49,43,2658,1394,68524,44280,8631659,0,100,19,0,0,B0:CB:D8:C9:92:00,1,0,1,1E:01:D0:40:E0:9E,6,1,DEAUTH,2026-08-05T00:42:11.014973
45917,,-68,24,19577,983,69388,44280,8631793,0,100,19,0,0,B0:CB:D8:C9:92:00,1,0,1,1E:01:D0:40:E0:9E,6,1,DEAUTH,2026-08-05T00:42:11.148973
45917,DEAUTH,-37,55,1035,81,68932,44280,8631992,0,100,19,0,0,B0:CB:D8:C9:92:00,1,0,1,1E:01:D0:40:E0:9E,6,1,DEAUTH,2026-08-05T00:42:11.347973
45917,DEAUTH,-37,55,0,111,69464,44280,8632086,0,100,19,0,0,B0:CB:D8:C9:92:00,1,0,0,1E:01:D0:40:E0:9E,6,1,DEAUTH,2026-08-05T00:42:11.441973
45917,,-68,24,14109,489,69404,44280,8632222,0,100,19,0,0,B0:CB:D8:C9:92:00,1,0,1,1E:01:D0:40:E0:9E,6,1,DEAUTH,2026-08-05T00:42:11.577973
45917,DEAUTH,-37,55,0,163,69476,44280,8632343,0,100,19,0,0,B0:CB:D8:C9:92:00,1,0,1,1E:01:D0:40:E0:9E,6,1,DEAUTH,2026-08-05T00:42:11.698973
45917,MGMT_OTHER,-47,45,29011,1437,69772,44280,8632443,0,100,19,0,0,B0:CB:D8:C9:92:00,1,0,1,1E:01:D0:40:E0:9E,6,1,DEAUTH,2026-08-05T00:42:11.798973
45917,,-71,21,2309,528,69772,44280,8632661,0,100,19,0,0,B0:CB:D8:C9:92:00,0,0,1,1E:01:D0:40:E0:9E,6,1,DEAUTH,2026-08-05T00:42:12.016973
45917,MGMT_OTHER,-66,26,163,1291,68436,44280,8632819,0,100,19,0,0,B0:CB:D8:C9:92:00,1,0,1,1E:01:D0:40:E0:9E,6,1,DEAUTH,2026-08-05T00:42:12.174973
45917,DEAUTH,-37,55,0,250,69696,44280,8632960,0,100,19,0,0,B0:CB:D8:C9:92:00,0,1,1,1E:01:D0:40:E0:9E,6,1,DEAUTH,2026-08-05T00:42:12.315973
45917,BEACON,-82,10,4401,2856,67212,44280,8633108,0,100,19,0,0,B0:CB:D8:C9:92:00,1,0,1,1E:01:D0:40:E0:9E,6,1,DEAUTH,2026-08-05T00:42:12.463973
45917,DEAUTH,-37,55,0,320,69396,44280,8633226,0,100,19,0,0,B0:CB:D8:C9:92:00,1,1,0,1E:01:D0:40:E0:9E,6,1,DEAUTH,2026-08-05T00:42:12.581973
45917,MGMT_OTHER,-66,26,890,147,69844,44280,8633398,0,100,19,0,0,B0:CB:D8:C9:92:00,1,0,1,1E:01:D0:40:E0:9E,6,1,DEAUTH,2026-08-05T00:42:12.753973
45917,MGMT_OTHER,-49,43,0,1490,69460,44280,8633518,0,100,19,0,0,B0:CB:D8:C9:92:00,1,0,1,1E:01:D0:40:E0:9E,6,1,DEAUTH,2026-08-05T00:42:12.873973
45917,DEAUTH,-37,55,0,367,69532,44280,8633625,0,100,19,0,0,B0:CB:D8:C9:92:00,1,0,0,1E:01:D0:40:E0:9E,6,1,DEAUTH,2026-08-05T00:42:12.980973
45917,DEAUTH,-37,55,0,396,69328,44280,8633746,0,100,19,0,0,B0:CB:D8:C9:92:00,1,1,1,1E:01:D0:40:E0:9E,6,1,DEAUTH,2026-08-05T00:42:13.101973
45917,DEAUTH,-38,54,0,413,69476,44280,8633840,0,100,19,0,0,B0:CB:D8:C9:92:00,1,0,0,1E:01:D0:40:E0:9E,6,1,DEAUTH,2026-08-05T00:42:13.195973
45917,,-67,25,1741,3932,69328,44280,8633966,0,100,19,0,0,B0:CB:D8:C9:92:00,1,0,1,1E:01:D0:40:E0:9E,6,1,DEAUTH,2026-08-05T00:42:13.321973
45917,MGMT_OTHER,-49,43,0,1525,69616,44280,8634048,0,100,19,0,0,B0:CB:D8:C9:92:00,1,0,1,1E:01:D0:40:E0:9E,6,1,DEAUTH,2026-08-05T00:42:13.403973
45917,DEAUTH,-37,55,6542,468,69404,44280,8634229,0,100,19,0,0,B0:CB:D8:C9:92:00,0,1,0,1E:01:D0:40:E0:9E,6,1,DEAUTH,2026-08-05T00:42:13.584973
45917,DEAUTH,-37,55,3596,497,68592,44280,8634372,0,100,19,0,0,B0:CB:D8:C9:92:00,1,0,0,1E:01:D0:40:E0:9E,6,1,DEAUTH,2026-08-05T00:42:13.727973
45917,,-70,22,1764,655,69404,44280,8634457,0,100,19,0,0,B0:CB:D8:C9:92:00,1,0,1,1E:01:D0:40:E0:9E,6,1,DEAUTH,2026-08-05T00:42:13.812973
45917,DEAUTH,-38,54,0,553,69540,44280,8634562,0,100,19,0,0,B0:CB:D8:C9:92:00,1,0,0,1E:01:D0:40:E0:9E,6,1,DEAUTH,2026-08-05T00:42:13.917973
45917,MGMT_OTHER,-68,24,3944,1913,69140,44280,8634675,0,100,19,0,0,B0:CB:D8:C9:92:00,1,0,1,1E:01:D0:40:E0:9E,6,1,DEAUTH,2026-08-05T00:42:14.030973
45917,PROBE_RESP,-91,1,0,1,69844,44280,8634771,0,100,19,0,0,B0:CB:D8:C9:92:00,1,0,0,1E:01:D0:40:E0:9E,6,1,DEAUTH,2026-08-05T00:42:14.126973
45917,MGMT_OTHER,-68,24,1371,1422,69844,44280,8634950,0,100,19,0,0,B0:CB:D8:C9:92:00,0,0,1,1E:01:D0:40:E0:9E,6,1,DEAUTH,2026-08-05T00:42:14.305973
45917,BEACON,-64,28,0,2545,69844,44280,8635115,0,100,19,0,0,B0:CB:D8:C9:92:00,0,0,1,1E:01:D0:40:E0:9E,6,1,DEAUTH,2026-08-05T00:42:14.470973
45917,MGMT_OTHER,-69,23,330,739,69844,44280,8635283,0,100,19,0,0,B0:CB:D8:C9:92:00,0,0,1,1E:01:D0:40:E0:9E,6,1,DEAUTH,2026-08-05T00:42:14.638973
45917,MGMT_OTHER,-69,23,275,3618,69828,44280,8635431,0,100,19,0,0,B0:CB:D8:C9:92:00,0,0,1,1E:01:D0:40:E0:9E,6,1,DEAUTH,2026-08-05T00:42:14.786973
45917,PROBE_RESP,-79,13,14051,0,69844,44280,8635558,0,100,19,0,0,B0:CB:D8:C9:92:00,1,0,1,1E:01:D0:40:E0:9E,6,1,DEAUTH,2026-08-05T00:42:14.913973
45917,DEAUTH,-37,55,0,613,68276,44280,8635682,0,100,19,0,0,B0:CB:D8:C9:92:00,1,0,0,1E:01:D0:40:E0:9E,6,1,DEAUTH,2026-08-05T00:42:15.037973
45917,DEAUTH,-37,55,1187,642,68480,44280,8635781,0,100,19,0,0,B0:CB:D8:C9:92:00,1,1,1,1E:01:D0:40:E0:9E,6,1,DEAUTH,2026-08-05T00:42:15.136973
45917,DEAUTH,-37,55,5249,674,68224,44280,8635897,0,100,19,0,0,B0:CB:D8:C9:92:00,1,1,0,1E:01:D0:40:E0:9E,6,1,DEAUTH,2026-08-05T00:42:15.252973
45917,BEACON,-65,27,13448,2554,69844,44280,8636030,0,100,19,0,0,B0:CB:D8:C9:92:00,1,0,1,1E:01:D0:40:E0:9E,6,1,DEAUTH,2026-08-05T00:42:15.385973
45917,,-70,22,1158,1837,69468,44280,8636256,0,100,19,0,0,B0:CB:D8:C9:92:00,1,0,1,1E:01:D0:40:E0:9E,6,1,DEAUTH,2026-08-05T00:42:15.611973
45917,DEAUTH,-37,55,1298,751,69772,44280,8636399,0,100,19,0,0,B0:CB:D8:C9:92:00,1,0,0,1E:01:D0:40:E0:9E,6,1,DEAUTH,2026-08-05T00:42:15.754973
45917,PROBE_RESP,-92,0,137,1,69624,44280,8636502,0,100,19,0,0,B0:CB:D8:C9:92:00,1,0,1,1E:01:D0:40:E0:9E,6,1,DEAUTH,2026-08-05T00:42:15.857973
45917,,-69,23,4330,189,68996,44280,8636577,0,100,19,0,0,B0:CB:D8:C9:92:00,1,0,1,1E:01:D0:40:E0:9E,6,1,DEAUTH,2026-08-05T00:42:15.932973
45917,,-50,42,4164,366,69312,44280,8636687,0,100,19,0,0,B0:CB:D8:C9:92:00,1,0,1,1E:01:D0:40:E0:9E,6,1,DEAUTH,2026-08-05T00:42:16.042973
45917,,-70,22,7085,1097,69084,44280,8636945,0,100,19,0,0,B0:CB:D8:C9:92:00,1,0,1,1E:01:D0:40:E0:9E,6,1,DEAUTH,2026-08-05T00:42:16.300973
45917,DEAUTH,-37,55,0,881,69772,44280,8637063,0,100,19,0,0,B0:CB:D8:C9:92:00,1,0,1,1E:01:D0:40:E0:9E,6,1,DEAUTH,2026-08-05T00:42:16.418973
45917,BEACON,-79,13,0,2859,69036,44280,8637203,0,100,19,0,0,B0:CB:D8:C9:92:00,1,0,0,1E:01:D0:40:E0:9E,6,1,DEAUTH,2026-08-05T00:42:16.558973
45917,,-68,24,3571,2209,69072,44280,8637309,0,100,19,0,0,B0:CB:D8:C9:92:00,1,0,1,1E:01:D0:40:E0:9E,6,1,DEAUTH,2026-08-05T00:42:16.664973
45917,,-72,20,1344,2932,69476,44280,8637410,0,100,19,0,0,B0:CB:D8:C9:92:00,1,0,1,1E:01:D0:40:E0:9E,6,1,DEAUTH,2026-08-05T00:42:16.765973
45917,,-68,24,8029,3847,69388,44280,8637625,0,100,19,0,0,B0:CB:D8:C9:92:00,1,0,1,1E:01:D0:40:E0:9E,6,1,DEAUTH,2026-08-05T00:42:16.980973
45917,MGMT_OTHER,-49,43,1794,1712,69772,44280,8637783,0,100,19,0,0,B0:CB:D8:C9:92:00,1,0,1,1E:01:D0:40:E0:9E,6,1,DEAUTH,2026-08-05T00:42:17.138973
45917,MGMT_OTHER,-70,22,627,3514,68256,44280,8637896,0,100,19,0,0,B0:CB:D8:C9:92:00,1,0,1,1E:01:D0:40:E0:9E,6,1,DEAUTH,2026-08-05T00:42:17.251973
45917,DEAUTH,-37,55,0,1053,68704,44280,8637995,0,100,19,0,0,B0:CB:D8:C9:92:00,1,0,0,1E:01:D0:40:E0:9E,6,1,DEAUTH,2026-08-05T00:42:17.350973
45917,DEAUTH,-37,55,1587,1073,69300,44280,8638070,0,100,19,0,0,B0:CB:D8:C9:92:00,1,0,0,1E:01:D0:40:E0:9E,6,1,DEAUTH,2026-08-05T00:42:17.425973
45917,,-69,23,600,215,69844,44280,8638246,0,100,19,0,0,B0:CB:D8:C9:92:00,1,0,1,1E:01:D0:40:E0:9E,6,1,DEAUTH,2026-08-05T00:42:17.601973
45917,,-50,42,11057,372,69188,44280,8638449,0,100,19,0,0,B0:CB:D8:C9:92:00,1,0,1,1E:01:D0:40:E0:9E,6,1,DEAUTH,2026-08-05T00:42:17.804973
45917,DEAUTH,-37,55,0,1143,68664,44280,8638540,0,100,19,0,0,B0:CB:D8:C9:92:00,1,0,0,1E:01:D0:40:E0:9E,6,1,DEAUTH,2026-08-05T00:42:17.895973
45917,DEAUTH,-37,55,4513,1178,69016,44280,8638676,0,100,19,0,0,B0:CB:D8:C9:92:00,1,1,1,1E:01:D0:40:E0:9E,6,1,DEAUTH,2026-08-05T00:42:18.031973
45917,MGMT_OTHER,-50,42,2429,1772,69024,44280,8638807,0,100,19,0,0,B0:CB:D8:C9:92:00,1,0,1,1E:01:D0:40:E0:9E,6,1,DEAUTH,2026-08-05T00:42:18.162973
45917,PROBE_RESP,-93,-1,7325,1775,69844,44280,8639014,0,100,19,0,0,B0:CB:D8:C9:92:00,1,0,1,1E:01:D0:40:E0:9E,6,1,DEAUTH,2026-08-05T00:42:18.369973
45917,DEAUTH,-37,55,0,1251,69460,44280,8639140,0,100,19,0,0,B0:CB:D8:C9:92:00,1,0,0,1E:01:D0:40:E0:9E,6,1,DEAUTH,2026-08-05T00:42:18.495973
45917,DEAUTH,-37,55,0,1281,69404,44280,8639246,0,100,19,0,0,B0:CB:D8:C9:92:00,1,0,0,1E:01:D0:40:E0:9E,6,1,DEAUTH,2026-08-05T00:42:18.601973
45917,DEAUTH,-37,55,0,1303,69468,44280,8639356,0,100,19,0,0,B0:CB:D8:C9:92:00,1,0,0,1E:01:D0:40:E0:9E,6,1,DEAUTH,2026-08-05T00:42:18.711973
45917,,-70,22,2712,3050,69772,44280,8639457,0,100,19,0,0,B0:CB:D8:C9:92:00,1,0,1,1E:01:D0:40:E0:9E,6,1,DEAUTH,2026-08-05T00:42:18.812973
45917,DEAUTH,-38,54,0,1337,69772,44280,8639528,0,100,19,0,0,B0:CB:D8:C9:92:00,0,0,0,1E:01:D0:40:E0:9E,6,1,DEAUTH,2026-08-05T00:42:18.883973
45917,,-70,22,265,800,69844,44280,8639719,0,100,19,0,0,B0:CB:D8:C9:92:00,0,0,1,1E:01:D0:40:E0:9E,6,1,DEAUTH,2026-08-05T00:42:19.074973
45917,DEAUTH,-37,55,0,1369,69008,44280,8639868,0,100,19,0,0,B0:CB:D8:C9:92:00,1,0,0,1E:01:D0:40:E0:9E,6,1,DEAUTH,2026-08-05T00:42:19.223973
45917,,-68,24,748,2470,69244,44280,8639974,0,100,19,0,0,B0:CB:D8:C9:92:00,1,0,1,1E:01:D0:40:E0:9E,6,1,DEAUTH,2026-08-05T00:42:19.329973
45917,DEAUTH,-37,55,0,1433,69156,44280,8640099,0,100,19,0,0,B0:CB:D8:C9:92:00,1,0,0,1E:01:D0:40:E0:9E,6,1,DEAUTH,2026-08-05T00:42:19.454973
45917,DEAUTH,-37,55,0,1459,69328,44280,8640212,0,100,19,0,0,B0:CB:D8:C9:92:00,1,0,1,1E:01:D0:40:E0:9E,6,1,DEAUTH,2026-08-05T00:42:19.567973
45917,,-71,21,14398,184,69844,44280,8640434,0,100,19,0,0,B0:CB:D8:C9:92:00,1,0,1,1E:01:D0:40:E0:9E,6,1,DEAUTH,2026-08-05T00:42:19.789973
45917,DEAUTH,-38,54,0,1494,69376,44280,8640515,0,100,19,0,0,B0:CB:D8:C9:92:00,0,1,1,1E:01:D0:40:E0:9E,6,1,DEAUTH,2026-08-05T00:42:19.870973
45917,BEACON,-67,25,10156,2599,69844,44280,8640639,0,100,19,0,0,B0:CB:D8:C9:92:00,1,0,1,1E:01:D0:40:E0:9E,6,1,DEAUTH,2026-08-05T00:42:19.994973
45917,MGMT_OTHER,-51,41,0,1870,69844,44280,8640748,0,100,19,0,0,B0:CB:D8:C9:92:00,1,0,1,1E:01:D0:40:E0:9E,6,1,DEAUTH,2026-08-05T00:42:20.103973
45917,DEAUTH,-37,55,92,1570,68840,44280,8640880,0,100,19,0,0,B0:CB:D8:C9:92:00,1,1,1,1E:01:D0:40:E0:9E,6,1,DEAUTH,2026-08-05T00:42:20.235973
45917,DEAUTH,-37,55,0,1596,68604,44280,8641005,0,100,19,0,0,B0:CB:D8:C9:92:00,1,1,0,1E:01:D0:40:E0:9E,6,1,DEAUTH,2026-08-05T00:42:20.360973
45917,,-85,7,882,2548,69844,44280,8641106,0,100,19,0,0,B0:CB:D8:C9:92:00,1,0,1,1E:01:D0:40:E0:9E,6,1,DEAUTH,2026-08-05T00:42:20.461973
45917,MGMT_OTHER,-52,40,0,1892,69624,44280,8641263,0,100,19,0,0,B0:CB:D8:C9:92:00,0,0,0,1E:01:D0:40:E0:9E,6,1,DEAUTH,2026-08-05T00:42:20.618973
45917,,-70,22,618,266,69176,44280,8641389,0,100,19,0,0,B0:CB:D8:C9:92:00,0,0,1,1E:01:D0:40:E0:9E,6,1,DEAUTH,2026-08-05T00:42:20.744973
45917,BEACON,-52,40,0,1907,69256,44280,8641489,0,100,19,0,0,B0:CB:D8:C9:92:00,1,0,0,1E:01:D0:40:E0:9E,6,1,DEAUTH,2026-08-05T00:42:20.844973
45917,MGMT_OTHER,-71,21,222,4059,68764,44280,8641602,0,100,19,0,0,B0:CB:D8:C9:92:00,1,0,0,1E:01:D0:40:E0:9E,6,1,DEAUTH,2026-08-05T00:42:20.957973
45917,,-51,41,0,1922,65908,44280,8641706,0,100,19,0,0,B0:CB:D8:C9:92:00,1,0,1,1E:01:D0:40:E0:9E,6,1,DEAUTH,2026-08-05T00:42:21.061973
45917,BEACON,-67,25,8887,2611,69844,44280,8641867,0,100,19,0,0,B0:CB:D8:C9:92:00,1,0,1,1E:01:D0:40:E0:9E,6,1,DEAUTH,2026-08-05T00:42:21.222973
45917,,-69,23,4231,3282,68916,44280,8642014,0,100,19,0,0,B0:CB:D8:C9:92:00,0,0,1,1E:01:D0:40:E0:9E,6,1,DEAUTH,2026-08-05T00:42:21.369973
45917,DEAUTH,-37,55,0,1771,69400,44280,8642126,0,100,19,0,0,B0:CB:D8:C9:92:00,1,0,0,1E:01:D0:40:E0:9E,6,1,DEAUTH,2026-08-05T00:42:21.481973
45917,DEAUTH,-37,55,0,1789,69404,44280,8642235,0,100,19,0,0,B0:CB:D8:C9:92:00,0,0,0,1E:01:D0:40:E0:9E,6,1,DEAUTH,2026-08-05T00:42:21.590973
45917,MGMT_OTHER,-50,42,0,1951,69844,44280,8642288,0,100,19,0,0,B0:CB:D8:C9:92:00,1,0,1,1E:01:D0:40:E0:9E,6,1,DEAUTH,2026-08-05T00:42:21.643973
45917,DEAUTH,-37,55,16130,1825,69476,44280,8642399,0,100,19,0,0,B0:CB:D8:C9:92:00,1,0,0,1E:01:D0:40:E0:9E,6,1,DEAUTH,2026-08-05T00:42:21.754973
45917,DEAUTH,-37,55,4151,1859,68936,44280,8642534,0,100,19,0,0,B0:CB:D8:C9:92:00,1,0,0,1E:01:D0:40:E0:9E,6,1,DEAUTH,2026-08-05T00:42:21.889973
45917,PROBE_RESP,-79,13,663,1,69844,44280,8642643,0,100,19,0,0,B0:CB:D8:C9:92:00,1,0,1,1E:01:D0:40:E0:9E,6,1,DEAUTH,2026-08-05T00:42:21.998973
45917,MGMT_OTHER,10,10,0,0,69844,44280,8642818,0,100,19,0,0,B0:CB:D8:C9:92:00,0,0,1,1E:01:D0:40:E0:9E,6,1,DEAUTH,2026-08-05T00:42:22.173973
45917,,-70,22,1322,4085,69844,44280,8642997,0,100,19,0,0,B0:CB:D8:C9:92:00,0,0,1,1E:01:D0:40:E0:9E,6,1,DEAUTH,2026-08-05T00:42:22.352973
45917,MGMT_OTHER,-70,22,0,66,69844,44280,8643224,0,100,19,0,0,B0:CB:D8:C9:92:00,0,0,1,1E:01:D0:40:E0:9E,6,1,DEAUTH,2026-08-05T00:42:22.579973
45917,,-52,40,893,397,69844,44280,8643292,0,100,19,0,0,B0:CB:D8:C9:92:00,0,0,1,1E:01:D0:40:E0:9E,6,1,DEAUTH,2026-08-05T00:42:22.647973
45917,MGMT_OTHER,-70,22,2263,3068,69540,44280,8643372,0,100,19,0,0,B0:CB:D8:C9:92:00,0,0,1,1E:01:D0:40:E0:9E,6,1,DEAUTH,2026-08-05T00:42:22.727973
45917,,-70,22,22399,492,69324,44280,8643497,0,100,19,0,0,B0:CB:D8:C9:92:00,1,0,1,1E:01:D0:40:E0:9E,6,1,DEAUTH,2026-08-05T00:42:22.852973
45917,DEAUTH,-38,54,0,1919,69772,44280,8643564,0,100,19,0,0,B0:CB:D8:C9:92:00,1,0,0,1E:01:D0:40:E0:9E,6,1,DEAUTH,2026-08-05T00:42:22.919973
45917,DEAUTH,-37,55,0,1937,69168,44280,8643650,0,100,19,0,0,B0:CB:D8:C9:92:00,1,0,0,1E:01:D0:40:E0:9E,6,1,DEAUTH,2026-08-05T00:42:23.005973
45917,DEAUTH,-37,55,0,1961,68864,44280,8643765,0,100,19,0,0,B0:CB:D8:C9:92:00,1,0,0,1E:01:D0:40:E0:9E,6,1,DEAUTH,2026-08-05T00:42:23.120973
45917,DEAUTH,-36,56,3905,1984,69328,44280,8643864,0,100,19,0,0,B0:CB:D8:C9:92:00,0,1,0,1E:01:D0:40:E0:9E,6,1,DEAUTH,2026-08-05T00:42:23.219973
45917,DEAUTH,-37,55,7200,1995,69624,44280,8644052,0,100,19,0,0,B0:CB:D8:C9:92:00,0,0,0,1E:01:D0:40:E0:9E,6,1,DEAUTH,2026-08-05T00:42:23.407973
45917,,-70,22,2544,906,69328,44280,8644169,0,100,19,0,0,B0:CB:D8:C9:92:00,1,0,1,1E:01:D0:40:E0:9E,6,1,DEAUTH,2026-08-05T00:42:23.524973
45917,DEAUTH,-37,55,101,2051,68748,44280,8644275,0,100,19,0,0,B0:CB:D8:C9:92:00,0,0,1,1E:01:D0:40:E0:9E,6,1,DEAUTH,2026-08-05T00:42:23.630973
45917,DEAUTH,-37,55,1447,2080,69060,44280,8644379,0,100,19,0,0,B0:CB:D8:C9:92:00,1,1,1,1E:01:D0:40:E0:9E,6,1,DEAUTH,2026-08-05T00:42:23.734973
45917,PROBE_REQ,-90,2,18187,1890,69844,44280,8644520,0,100,19,0,0,B0:CB:D8:C9:92:00,1,0,1,1E:01:D0:40:E0:9E,6,1,DEAUTH,2026-08-05T00:42:23.875973
45917,BEACON,-83,9,3679,2969,69844,44280,8644654,0,100,19,0,0,B0:CB:D8:C9:92:00,1,0,1,1E:01:D0:40:E0:9E,6,1,DEAUTH,2026-08-05T00:42:24.009973
45917,DEAUTH,-37,55,5807,2152,68328,44280,8644871,0,100,19,0,0,B0:CB:D8:C9:92:00,1,1,1,1E:01:D0:40:E0:9E,6,1,DEAUTH,2026-08-05T00:42:24.226973
45917,DEAUTH,-37,55,87,2171,69624,44280,8644969,0,100,19,0,0,B0:CB:D8:C9:92:00,1,0,1,1E:01:D0:40:E0:9E,6,1,DEAUTH,2026-08-05T00:42:24.324973
45917,MGMT_OTHER,-71,21,3018,1665,69772,44280,8645005,0,100,19,0,0,B0:CB:D8:C9:92:00,1,0,1,1E:01:D0:40:E0:9E,6,1,DEAUTH,2026-08-05T00:42:24.360973
45917,DEAUTH,-37,55,3706,2204,69772,44280,8645073,0,100,19,0,0,B0:CB:D8:C9:92:00,0,1,0,1E:01:D0:40:E0:9E,6,1,DEAUTH,2026-08-05T00:42:24.428973
45917,DEAUTH,-37,55,0,2225,69624,44280,8645160,0,100,19,0,0,B0:CB:D8:C9:92:00,0,0,0,1E:01:D0:40:E0:9E,6,1,DEAUTH,2026-08-05T00:42:24.515973
45917,PROBE_RESP,-79,13,0,3,69476,44280,8645234,0,100,19,0,0,B0:CB:D8:C9:92:00,1,0,0,1E:01:D0:40:E0:9E,6,1,DEAUTH,2026-08-05T00:42:24.589973
45917,BEACON,-70,22,279,3007,69844,44280,8645360,0,100,19,0,0,B0:CB:D8:C9:92:00,1,0,1,1E:01:D0:40:E0:9E,6,1,DEAUTH,2026-08-05T00:42:24.715973
45917,,-70,22,1571,2832,69844,44280,8645406,0,100,19,0,0,B0:CB:D8:C9:92:00,1,0,1,1E:01:D0:40:E0:9E,6,1,DEAUTH,2026-08-05T00:42:24.761973
45917,MGMT_OTHER,-70,22,805,1960,69476,44280,8645508,0,100,19,0,0,B0:CB:D8:C9:92:00,1,0,1,1E:01:D0:40:E0:9E,6,1,DEAUTH,2026-08-05T00:42:24.863973
45917,MGMT_OTHER,-69,23,1023,3932,68392,44280,8645614,0,100,19,0,0,B0:CB:D8:C9:92:00,1,0,1,1E:01:D0:40:E0:9E,6,1,DEAUTH,2026-08-05T00:42:24.969973
45917,,-69,23,1583,1689,69620,44280,8645703,0,100,19,0,0,B0:CB:D8:C9:92:00,1,0,1,1E:01:D0:40:E0:9E,6,1,DEAUTH,2026-08-05T00:42:25.058973
45917,MGMT_OTHER,-71,21,898,2714,69772,44280,8645808,0,100,19,0,0,B0:CB:D8:C9:92:00,1,0,1,1E:01:D0:40:E0:9E,6,1,DEAUTH,2026-08-05T00:42:25.163973
45917,MGMT_OTHER,-71,21,1696,2732,68852,44280,8645935,0,100,19,0,0,B0:CB:D8:C9:92:00,1,0,1,1E:01:D0:40:E0:9E,6,1,DEAUTH,2026-08-05T00:42:25.290973
45917,DEAUTH,-36,56,0,2381,69772,44280,8646174,0,100,19,0,0,B0:CB:D8:C9:92:00,0,0,0,1E:01:D0:40:E0:9E,6,1,DEAUTH,2026-08-05T00:42:25.529973
45917,DEAUTH,-37,55,0,2410,69468,44280,8646294,0,100,19,0,0,B0:CB:D8:C9:92:00,1,1,1,1E:01:D0:40:E0:9E,6,1,DEAUTH,2026-08-05T00:42:25.649973
45917,DEAUTH,-37,55,0,2433,69772,44280,8646402,0,100,19,0,0,B0:CB:D8:C9:92:00,0,0,0,1E:01:D0:40:E0:9E,6,1,DEAUTH,2026-08-05T00:42:25.757973
45917,BEACON,-89,3,142,1156,69772,44280,8646451,0,100,19,0,0,B0:CB:D8:C9:92:00,0,0,1,1E:01:D0:40:E0:9E,6,1,DEAUTH,2026-08-05T00:42:25.806973
45917,DEAUTH,-37,55,0,2471,69772,44280,8646547,0,100,19,0,0,B0:CB:D8:C9:92:00,1,0,0,1E:01:D0:40:E0:9E,6,1,DEAUTH,2026-08-05T00:42:25.902973
45917,,-69,23,823,407,68976,44280,8646650,0,100,19,0,0,B0:CB:D8:C9:92:00,1,0,1,1E:01:D0:40:E0:9E,6,1,DEAUTH,2026-08-05T00:42:26.005973
45917,BEACON,-74,18,1675,2391,69844,44280,8646812,0,100,19,0,0,B0:CB:D8:C9:92:00,1,0,1,1E:01:D0:40:E0:9E,6,1,DEAUTH,2026-08-05T00:42:26.167973
45917,DEAUTH,-37,55,87,2526,69252,44280,8646964,0,100,19,0,0,B0:CB:D8:C9:92:00,1,1,1,1E:01:D0:40:E0:9E,6,1,DEAUTH,2026-08-05T00:42:26.319973
45917,DEAUTH,-36,56,0,2558,69392,44280,8647071,0,100,19,0,0,B0:CB:D8:C9:92:00,1,1,0,1E:01:D0:40:E0:9E,6,1,DEAUTH,2026-08-05T00:42:26.426973
45917,DEAUTH,-37,55,1874,2591,69616,44280,8647215,0,100,19,0,0,B0:CB:D8:C9:92:00,1,0,1,1E:01:D0:40:E0:9E,6,1,DEAUTH,2026-08-05T00:42:26.570973
45917,,-70,22,238,1832,69464,44280,8647319,0,100,19,0,0,B0:CB:D8:C9:92:00,1,0,1,1E:01:D0:40:E0:9E,6,1,DEAUTH,2026-08-05T00:42:26.674973
45917,MGMT_OTHER,-71,21,267,558,68600,44280,8647426,0,100,19,0,0,B0:CB:D8:C9:92:00,1,0,1,1E:01:D0:40:E0:9E,6,1,DEAUTH,2026-08-05T00:42:26.781973
45917,DEAUTH,-37,55,0,2640,69032,44280,8647639,0,100,19,0,0,B0:CB:D8:C9:92:00,0,1,1,1E:01:D0:40:E0:9E,6,1,DEAUTH,2026-08-05T00:42:26.994973
45917,DEAUTH,-37,55,83,2663,69476,44280,8647718,0,100,19,0,0,B0:CB:D8:C9:92:00,0,0,1,1E:01:D0:40:E0:9E,6,1,DEAUTH,2026-08-05T00:42:27.073973
45917,DEAUTH,-37,55,0,2689,69844,44280,8647819,0,100,19,0,0,B0:CB:D8:C9:92:00,1,0,1,1E:01:D0:40:E0:9E,6,1,DEAUTH,2026-08-05T00:42:27.174973
45917,MGMT_OTHER,-50,42,0,2238,69500,44280,8647933,0,100,19,0,0,B0:CB:D8:C9:92:00,1,0,1,1E:01:D0:40:E0:9E,6,1,DEAUTH,2026-08-05T00:42:27.288973
45917,DEAUTH,-37,55,0,2737,69692,44280,8648039,0,100,19,0,0,B0:CB:D8:C9:92:00,1,0,0,1E:01:D0:40:E0:9E,6,1,DEAUTH,2026-08-05T00:42:27.394973
45917,BEACON,-89,3,0,1174,69844,44280,8648320,0,100,19,0,0,B0:CB:D8:C9:92:00,0,0,1,1E:01:D0:40:E0:9E,6,1,DEAUTH,2026-08-05T00:42:27.675973
45917,DEAUTH,-37,55,0,2797,69084,44280,8648478,0,100,19,0,0,B0:CB:D8:C9:92:00,1,0,0,1E:01:D0:40:E0:9E,6,1,DEAUTH,2026-08-05T00:42:27.833973
45917,MGMT_OTHER,-51,41,0,2272,69328,44280,8648604,0,100,19,0,0,B0:CB:D8:C9:92:00,1,0,1,1E:01:D0:40:E0:9E,6,1,DEAUTH,2026-08-05T00:42:27.959973
45917,MGMT_OTHER,-51,41,0,2283,69280,44280,8648766,0,100,19,0,0,B0:CB:D8:C9:92:00,1,0,1,1E:01:D0:40:E0:9E,6,1,DEAUTH,2026-08-05T00:42:28.121973
45917,DEAUTH,-37,55,0,2897,69328,44280,8649091,0,100,19,0,0,B0:CB:D8:C9:92:00,1,0,0,1E:01:D0:40:E0:9E,6,1,DEAUTH,2026-08-05T00:42:28.446973
45917,DEAUTH,-37,55,0,2929,69772,44280,8649183,0,100,19,0,0,B0:CB:D8:C9:92:00,1,0,0,1E:01:D0:40:E0:9E,6,1,DEAUTH,2026-08-05T00:42:28.538973
45917,DEAUTH,-37,55,0,2940,69772,44280,8649248,0,100,19,0,0,B0:CB:D8:C9:92:00,1,1,0,1E:01:D0:40:E0:9E,6,1,DEAUTH,2026-08-05T00:42:28.603973
45917,DEAUTH,-37,55,2416,2959,69772,44280,8649298,0,100,19,0,0,B0:CB:D8:C9:92:00,1,0,0,1E:01:D0:40:E0:9E,6,1,DEAUTH,2026-08-05T00:42:28.653973
45917,DEAUTH,-37,55,32914,2979,69624,44280,8649402,0,100,19,0,0,B0:CB:D8:C9:92:00,1,0,0,1E:01:D0:40:E0:9E,6,1,DEAUTH,2026-08-05T00:42:28.757973
45917,DEAUTH,-37,55,0,3003,69476,44280,8649508,0,100,19,0,0,B0:CB:D8:C9:92:00,1,0,1,1E:01:D0:40:E0:9E,6,1,DEAUTH,2026-08-05T00:42:28.863973
45917,DEAUTH,-37,55,3856,3020,69292,44280,8649759,0,100,19,0,0,B0:CB:D8:C9:92:00,1,1,1,1E:01:D0:40:E0:9E,6,1,DEAUTH,2026-08-05T00:42:29.114973
45917,BEACON,-54,38,0,2342,69272,44280,8649885,0,100,19,0,0,B0:CB:D8:C9:92:00,1,0,0,1E:01:D0:40:E0:9E,6,1,DEAUTH,2026-08-05T00:42:29.240973
45917,,-51,41,21252,2350,69772,44280,8650001,0,100,19,0,0,B0:CB:D8:C9:92:00,1,0,0,1E:01:D0:40:E0:9E,6,1,DEAUTH,2026-08-05T00:42:29.356973
45917,BEACON,-82,10,4142,3022,68832,44280,8650103,0,100,19,0,0,B0:CB:D8:C9:92:00,1,0,1,1E:01:D0:40:E0:9E,6,1,DEAUTH,2026-08-05T00:42:29.458973
45917,DEAUTH,-36,56,0,3129,69304,44280,8650189,0,100,19,0,0,B0:CB:D8:C9:92:00,1,0,0,1E:01:D0:40:E0:9E,6,1,DEAUTH,2026-08-05T00:42:29.544973
45917,,-69,23,10534,2824,69844,44280,8650406,0,100,19,0,0,B0:CB:D8:C9:92:00,1,0,1,1E:01:D0:40:E0:9E,6,1,DEAUTH,2026-08-05T00:42:29.761973
45917,BEACON,-79,13,0,2995,69768,44280,8651106,0,100,19,0,0,B0:CB:D8:C9:92:00,0,0,0,1E:01:D0:40:E0:9E,6,1,DEAUTH,2026-08-05T00:42:30.461973
45917,BEACON,-81,11,0,2999,69844,44280,8651516,0,100,19,0,0,B0:CB:D8:C9:92:00,0,0,0,1E:01:D0:40:E0:9E,6,1,DEAUTH,2026-08-05T00:42:30.871973
45917,PROBE_RESP,-89,3,0,0,69844,44280,8651814,0,100,19,0,0,B0:CB:D8:C9:92:00,0,0,0,1E:01:D0:40:E0:9E,6,0,NONE,2026-08-05T00:42:31.169973
45917,,-78,14,1398,485,69844,44280,8652028,0,100,19,0,0,B0:CB:D8:C9:92:00,0,0,1,1E:01:D0:40:E0:9E,6,0,NONE,2026-08-05T00:42:31.383973
45917,MGMT_OTHER,-92,0,13429,1255,69844,44280,8652414,0,100,19,0,0,B0:CB:D8:C9:92:00,0,0,1,1E:01:D0:40:E0:9E,6,0,NONE,2026-08-05T00:42:31.769973
45917,PROBE_RESP,-90,2,0,0,69844,44280,8653132,0,100,19,0,0,B0:CB:D8:C9:92:00,0,0,1,1E:01:D0:40:E0:9E,6,0,NONE,2026-08-05T00:42:32.487973
45917,BEACON,-82,10,0,3020,69844,44280,8653664,0,100,19,0,0,B0:CB:D8:C9:92:00,0,0,0,1E:01:D0:40:E0:9E,6,0,NONE,2026-08-05T00:42:33.019973
45917,PROBE_RESP,-90,2,0,1,69844,44280,8654314,0,100,19,0,0,B0:CB:D8:C9:92:00,0,0,1,1E:01:D0:40:E0:9E,6,0,NONE,2026-08-05T00:42:33.669973
45917,BEACON,-82,10,0,3033,69768,44280,8654997,0,100,19,0,0,B0:CB:D8:C9:92:00,0,0,0,1E:01:D0:40:E0:9E,6,0,NONE,2026-08-05T00:42:34.352973
45917,BEACON,-63,29,13697,2742,69844,44280,8655281,0,100,19,0,0,B0:CB:D8:C9:92:00,0,0,1,1E:01:D0:40:E0:9E,6,0,NONE,2026-08-05T00:42:34.636973
45917,PROBE_RESP,-82,10,0,3,69844,44280,8655455,0,100,19,0,0,B0:CB:D8:C9:92:00,0,0,0,1E:01:D0:40:E0:9E,6,0,NONE,2026-08-05T00:42:34.810973
45917,MGMT_OTHER,-75,17,329,3318,69844,44280,8655762,0,100,19,0,0,B0:CB:D8:C9:92:00,0,0,0,1E:01:D0:40:E0:9E,6,0,NONE,2026-08-05T00:42:35.117973
45917,MGMT_OTHER,-75,17,1085,441,69844,44280,8655864,0,100,19,0,0,B0:CB:D8:C9:92:00,0,0,1,1E:01:D0:40:E0:9E,6,0,NONE,2026-08-05T00:42:35.219973
45917,,-70,22,420,3458,69844,44280,8656112,0,100,19,0,0,B0:CB:D8:C9:92:00,0,0,1,1E:01:D0:40:E0:9E,6,0,NONE,2026-08-05T00:42:35.467973
45917,BEACON,-73,19,670,1230,69844,44280,8656171,0,100,19,0,0,B0:CB:D8:C9:92:00,0,0,1,1E:01:D0:40:E0:9E,6,0,NONE,2026-08-05T00:42:35.526973
45917,,-70,22,954,2756,69844,44280,8656262,0,100,19,0,0,B0:CB:D8:C9:92:00,0,0,1,1E:01:D0:40:E0:9E,6,0,NONE,2026-08-05T00:42:35.617973
45917,,-69,23,699,774,69844,44280,8656347,0,100,19,0,0,B0:CB:D8:C9:92:00,0,0,1,1E:01:D0:40:E0:9E,6,0,NONE,2026-08-05T00:42:35.702973
45917,,-70,22,1870,1580,69844,44280,8656425,0,100,19,0,0,B0:CB:D8:C9:92:00,1,0,1,1E:01:D0:40:E0:9E,6,0,NONE,2026-08-05T00:42:35.780973
45917,,-69,23,491,507,69844,44280,8656533,0,100,19,0,0,B0:CB:D8:C9:92:00,0,0,1,1E:01:D0:40:E0:9E,6,0,NONE,2026-08-05T00:42:35.888166
45917,PROBE_RESP,-84,8,386,16,69844,44280,8656584,0,100,19,0,0,B0:CB:D8:C9:92:00,0,0,0,1E:01:D0:40:E0:9E,6,0,NONE,2026-08-05T00:42:35.939166
45917,MGMT_OTHER,-68,24,1909,303,69844,44280,8656665,0,100,19,0,0,B0:CB:D8:C9:92:00,0,0,1,1E:01:D0:40:E0:9E,6,0,NONE,2026-08-05T00:42:36.020166
45917,MGMT_OTHER,-70,22,2670,374,69844,44280,8656786,0,100,19,0,0,B0:CB:D8:C9:92:00,0,0,1,1E:01:D0:40:E0:9E,6,0,NONE,2026-08-05T00:42:36.141166
45917,,-69,23,602,239,69844,44280,8656947,0,100,19,0,0,B0:CB:D8:C9:92:00,1,0,1,1E:01:D0:40:E0:9E,6,0,NONE,2026-08-05T00:42:36.302166
45917,MGMT_OTHER,-70,22,2138,3859,69844,44280,8657135,0,100,19,0,0,B0:CB:D8:C9:92:00,0,0,1,1E:01:D0:40:E0:9E,6,0,NONE,2026-08-05T00:42:36.490166
45917,,-71,21,1925,2237,69844,44280,8657340,0,100,19,0,0,B0:CB:D8:C9:92:00,0,0,1,1E:01:D0:40:E0:9E,6,0,NONE,2026-08-05T00:42:36.695166
45917,,-95,-3,7614,202,69844,44280,8657477,0,100,19,0,0,B0:CB:D8:C9:92:00,0,0,1,1E:01:D0:40:E0:9E,6,0,NONE,2026-08-05T00:42:36.832166
45917,,-69,23,1123,1380,69844,44280,8657569,0,100,19,0,0,B0:CB:D8:C9:92:00,0,0,1,1E:01:D0:40:E0:9E,6,0,NONE,2026-08-05T00:42:36.924166
45917,,-69,23,677,481,69844,44280,8657762,0,100,19,0,0,B0:CB:D8:C9:92:00,0,0,1,1E:01:D0:40:E0:9E,6,0,NONE,2026-08-05T00:42:37.117166
45917,,-68,24,669,1888,69844,44280,8657890,0,100,19,0,0,B0:CB:D8:C9:92:00,0,0,1,1E:01:D0:40:E0:9E,6,0,NONE,2026-08-05T00:42:37.245166
45917,MGMT_OTHER,-68,24,515,936,69844,44280,8657977,0,100,19,0,0,B0:CB:D8:C9:92:00,0,0,1,1E:01:D0:40:E0:9E,6,0,NONE,2026-08-05T00:42:37.332166
45917,,-68,24,1351,3116,69844,44280,8658094,0,100,19,0,0,B0:CB:D8:C9:92:00,0,0,1,1E:01:D0:40:E0:9E,6,0,NONE,2026-08-05T00:42:37.449166
45917,,-68,24,159,1811,69844,44280,8658189,0,100,19,0,0,B0:CB:D8:C9:92:00,0,0,1,1E:01:D0:40:E0:9E,6,0,NONE,2026-08-05T00:42:37.544166
45917,,-68,24,10058,2312,69844,44280,8658277,0,100,19,0,0,B0:CB:D8:C9:92:00,0,0,1,1E:01:D0:40:E0:9E,6,0,NONE,2026-08-05T00:42:37.632166
45917,PROBE_RESP,-81,11,0,1,69844,44280,8658597,0,100,19,0,0,B0:CB:D8:C9:92:00,0,0,1,1E:01:D0:40:E0:9E,6,0,NONE,2026-08-05T00:42:37.952166
45917,MGMT_OTHER,-71,21,559,2594,69844,44280,8658820,0,100,19,0,0,B0:CB:D8:C9:92:00,0,0,1,1E:01:D0:40:E0:9E,6,0,NONE,2026-08-05T00:42:38.175166
45917,MGMT_OTHER,-70,22,29876,2268,69844,44280,8659035,0,100,19,0,0,B0:CB:D8:C9:92:00,0,0,1,1E:01:D0:40:E0:9E,6,0,NONE,2026-08-05T00:42:38.390166
45917,PROBE_REQ,-69,23,12788,3805,69844,44280,8659228,0,100,19,0,0,B0:CB:D8:C9:92:00,0,0,1,1E:01:D0:40:E0:9E,6,0,NONE,2026-08-05T00:42:38.583166
45917,,-70,22,186,3626,69844,44280,8659386,0,100,19,0,0,B0:CB:D8:C9:92:00,0,0,1,1E:01:D0:40:E0:9E,6,0,NONE,2026-08-05T00:42:38.741166
45917,BEACON,-82,10,0,3078,69844,44280,8659606,0,100,19,0,0,B0:CB:D8:C9:92:00,0,0,0,1E:01:D0:40:E0:9E,6,0,NONE,2026-08-05T00:42:38.961166
45917,,-47,45,1223,479,69844,44280,8659790,0,100,19,0,0,B0:CB:D8:C9:92:00,0,0,1,1E:01:D0:40:E0:9E,6,0,NONE,2026-08-05T00:42:39.145166
45917,,-70,22,2248,1391,69844,44280,8660151,0,100,19,0,0,B0:CB:D8:C9:92:00,0,0,1,1E:01:D0:40:E0:9E,6,0,NONE,2026-08-05T00:42:39.506166
45917,BEACON,-65,27,21457,2796,69844,44280,8660402,0,100,19,0,0,B0:CB:D8:C9:92:00,0,0,0,1E:01:D0:40:E0:9E,6,0,NONE,2026-08-05T00:42:39.757166
45917,,-97,-5,2031,3655,69844,44280,8660563,0,100,19,0,0,B0:CB:D8:C9:92:00,0,0,1,1E:01:D0:40:E0:9E,6,0,NONE,2026-08-05T00:42:39.918166
45917,,-70,22,1113,1459,69844,44280,8660837,0,100,19,0,0,B0:CB:D8:C9:92:00,0,0,1,1E:01:D0:40:E0:9E,6,0,NONE,2026-08-05T00:42:40.192166
45917,,-71,21,5199,1483,69844,44280,8661119,0,100,19,0,0,B0:CB:D8:C9:92:00,0,0,1,1E:01:D0:40:E0:9E,6,0,NONE,2026-08-05T00:42:40.474166
45917,BEACON,-84,8,4929,3132,69844,44280,8661346,0,100,19,0,0,B0:CB:D8:C9:92:00,0,0,1,1E:01:D0:40:E0:9E,6,0,NONE,2026-08-05T00:42:40.701166
45917,MGMT_OTHER,-69,23,15027,4050,69844,44280,8661516,0,100,19,0,0,B0:CB:D8:C9:92:00,0,0,1,1E:01:D0:40:E0:9E,6,0,NONE,2026-08-05T00:42:40.871166
45917,,-49,43,2378,2526,69844,44280,8661704,0,100,19,0,0,B0:CB:D8:C9:92:00,0,0,0,1E:01:D0:40:E0:9E,6,0,NONE,2026-08-05T00:42:41.059166
45917,,-69,23,554,3100,69844,44280,8661886,0,100,19,0,0,B0:CB:D8:C9:92:00,0,0,1,1E:01:D0:40:E0:9E,6,0,NONE,2026-08-05T00:42:41.241166
45917,MGMT_OTHER,-71,21,1063,2147,69844,44280,8662149,0,100,19,0,0,B0:CB:D8:C9:92:00,0,0,1,1E:01:D0:40:E0:9E,6,0,NONE,2026-08-05T00:42:41.504166
45917,MGMT_OTHER,-69,23,795,1353,69844,44280,8662355,0,100,19,0,0,B0:CB:D8:C9:92:00,0,0,1,1E:01:D0:40:E0:9E,6,0,NONE,2026-08-05T00:42:41.710166
45917,BEACON,-83,9,5154,3144,69844,44280,8662574,0,100,19,0,0,B0:CB:D8:C9:92:00,0,0,1,1E:01:D0:40:E0:9E,6,0,NONE,2026-08-05T00:42:41.929166
45917,,-67,25,191,739,69844,44280,8662805,0,100,19,0,0,B0:CB:D8:C9:92:00,0,0,1,1E:01:D0:40:E0:9E,6,0,NONE,2026-08-05T00:42:42.160166
45917,MGMT_OTHER,-71,21,6035,199,69844,44280,8663092,0,100,19,0,0,B0:CB:D8:C9:92:00,0,0,1,1E:01:D0:40:E0:9E,6,0,NONE,2026-08-05T00:42:42.447166
45917,MGMT_OTHER,-69,23,214,758,69844,44280,8663219,0,100,19,0,0,B0:CB:D8:C9:92:00,0,0,1,1E:01:D0:40:E0:9E,6,0,NONE,2026-08-05T00:42:42.574166
45917,BEACON,-77,15,3234,3114,69844,44280,8663292,0,100,19,0,0,B0:CB:D8:C9:92:00,0,0,1,1E:01:D0:40:E0:9E,6,0,NONE,2026-08-05T00:42:42.647166
45917,,-69,23,380,3225,69844,44280,8663343,0,100,19,0,0,B0:CB:D8:C9:92:00,0,0,1,1E:01:D0:40:E0:9E,6,0,NONE,2026-08-05T00:42:42.698166
45917,PROBE_RESP,-77,15,0,7,69844,44280,8663472,0,100,19,0,0,B0:CB:D8:C9:92:00,0,0,0,1E:01:D0:40:E0:9E,6,0,NONE,2026-08-05T00:42:42.827166
45917,,-69,23,2141,712,69844,44280,8663584,0,100,19,0,0,B0:CB:D8:C9:92:00,0,0,1,1E:01:D0:40:E0:9E,6,0,NONE,2026-08-05T00:42:42.939166
45917,MGMT_OTHER,-70,22,14193,102,69844,44280,8663810,0,100,19,0,0,B0:CB:D8:C9:92:00,0,0,1,1E:01:D0:40:E0:9E,6,0,NONE,2026-08-05T00:42:43.165166
45917,BEACON,-92,0,0,1328,69844,44280,8664089,0,100,19,0,0,B0:CB:D8:C9:92:00,0,0,1,1E:01:D0:40:E0:9E,6,0,NONE,2026-08-05T00:42:43.444166
45917,,-49,43,12396,508,69844,44280,8664367,0,100,19,0,0,B0:CB:D8:C9:92:00,0,0,1,1E:01:D0:40:E0:9E,6,0,NONE,2026-08-05T00:42:43.722166
45917,MGMT_OTHER,-70,22,356,1100,69844,44280,8664632,0,100,19,0,0,B0:CB:D8:C9:92:00,0,0,1,1E:01:D0:40:E0:9E,6,0,NONE,2026-08-05T00:42:43.987166
45917,BEACON,-81,11,4499,3167,69844,44280,8664930,0,100,19,0,0,B0:CB:D8:C9:92:00,0,0,1,1E:01:D0:40:E0:9E,6,0,NONE,2026-08-05T00:42:44.285166
45917,PROBE_RESP,-90,2,0,0,69844,44280,8665150,0,100,19,0,0,B0:CB:D8:C9:92:00,0,0,0,1E:01:D0:40:E0:9E,6,0,NONE,2026-08-05T00:42:44.505166
45917,,-69,23,548,429,69844,44280,8665238,0,100,19,0,0,B0:CB:D8:C9:92:00,0,0,1,1E:01:D0:40:E0:9E,6,0,NONE,2026-08-05T00:42:44.593166
45917,,-70,22,155,1524,69844,44280,8665272,0,100,19,0,0,B0:CB:D8:C9:92:00,0,0,1,1E:01:D0:40:E0:9E,6,0,NONE,2026-08-05T00:42:44.627166
45917,,-70,22,1198,3589,69844,44280,8665353,0,100,19,0,0,B0:CB:D8:C9:92:00,0,0,1,1E:01:D0:40:E0:9E,6,0,NONE,2026-08-05T00:42:44.708166
45917,,-69,23,230,2535,69844,44280,8665530,0,100,19,0,0,B0:CB:D8:C9:92:00,0,0,1,1E:01:D0:40:E0:9E,6,0,NONE,2026-08-05T00:42:44.885166
45917,PROBE_RESP,-78,14,0,1,69844,44280,8665766,0,100,19,0,0,B0:CB:D8:C9:92:00,0,0,0,1E:01:D0:40:E0:9E,6,0,NONE,2026-08-05T00:42:45.121166
45917,,-70,22,1524,717,69844,44280,8665868,0,100,19,0,0,B0:CB:D8:C9:92:00,0,0,1,1E:01:D0:40:E0:9E,6,0,NONE,2026-08-05T00:42:45.223166
45917,MGMT_OTHER,-70,22,20059,2578,69844,44280,8666020,0,100,19,0,0,B0:CB:D8:C9:92:00,0,0,1,1E:01:D0:40:E0:9E,6,0,NONE,2026-08-05T00:42:45.375166
45917,BEACON,-67,25,38546,2853,69844,44280,8666238,0,100,19,0,0,B0:CB:D8:C9:92:00,0,0,1,1E:01:D0:40:E0:9E,6,0,NONE,2026-08-05T00:42:45.593166
45917,BEACON,-77,15,0,3146,69844,44280,8666569,0,100,19,0,0,B0:CB:D8:C9:92:00,0,0,0,1E:01:D0:40:E0:9E,6,0,NONE,2026-08-05T00:42:45.924166
45917,,-70,22,319,2821,69844,44280,8666801,0,100,19,0,0,B0:CB:D8:C9:92:00,0,0,1,1E:01:D0:40:E0:9E,6,0,NONE,2026-08-05T00:42:46.156166
45917,MGMT_OTHER,-71,21,10088,2909,69844,44280,8667013,0,100,19,0,0,B0:CB:D8:C9:92:00,0,0,1,1E:01:D0:40:E0:9E,6,0,NONE,2026-08-05T00:42:46.368166
45917,,-70,22,1430,1255,69844,44280,8667231,0,100,19,0,0,B0:CB:D8:C9:92:00,0,0,1,1E:01:D0:40:E0:9E,6,0,NONE,2026-08-05T00:42:46.584072
45917,,-50,42,221,2607,69844,44280,8667308,0,100,19,0,0,B0:CB:D8:C9:92:00,0,0,0,1E:01:D0:40:E0:9E,6,0,NONE,2026-08-05T00:42:46.661072
45917,,-70,22,1043,2374,69844,44280,8667391,0,100,19,0,0,B0:CB:D8:C9:92:00,0,0,1,1E:01:D0:40:E0:9E,6,0,NONE,2026-08-05T00:42:46.744072
45917,MGMT_OTHER,-70,22,1724,2881,69844,44280,8667512,0,100,19,0,0,B0:CB:D8:C9:92:00,0,0,1,1E:01:D0:40:E0:9E,6,0,NONE,2026-08-05T00:42:46.865072
45917,BEACON,-66,26,84,2868,69844,44280,8667775,0,100,19,0,0,B0:CB:D8:C9:92:00,0,0,0,1E:01:D0:40:E0:9E,6,0,NONE,2026-08-05T00:42:47.128072
45917,MGMT_OTHER,-69,23,1157,150,69844,44280,8668004,0,100,19,0,0,B0:CB:D8:C9:92:00,1,0,1,1E:01:D0:40:E0:9E,6,0,NONE,2026-08-05T00:42:47.357072
45917,MGMT_OTHER,-69,23,21817,1204,69844,44280,8668345,0,100,19,0,0,B0:CB:D8:C9:92:00,1,0,1,1E:01:D0:40:E0:9E,6,0,NONE,2026-08-05T00:42:47.698072
45917,BEACON,-55,37,13490,2620,69844,44280,8668616,0,100,19,0,0,B0:CB:D8:C9:92:00,0,0,1,1E:01:D0:40:E0:9E,6,0,NONE,2026-08-05T00:42:47.969072
45917,PROBE_RESP,-93,-1,0,0,69844,44280,8668873,0,100,19,0,0,B0:CB:D8:C9:92:00,0,0,0,1E:01:D0:40:E0:9E,6,0,NONE,2026-08-05T00:42:48.226072
45917,,-70,22,756,309,69844,44280,8669110,0,100,19,0,0,B0:CB:D8:C9:92:00,1,0,1,1E:01:D0:40:E0:9E,6,0,NONE,2026-08-05T00:42:48.463072
45917,PROBE_RESP,-78,14,280,8,69844,44280,8669283,0,100,19,0,0,B0:CB:D8:C9:92:00,0,0,0,1E:01:D0:40:E0:9E,6,0,NONE,2026-08-05T00:42:48.636072
45917,MGMT_OTHER,-69,23,1673,2248,69844,44280,8669437,0,100,19,0,0,B0:CB:D8:C9:92:00,0,0,1,1E:01:D0:40:E0:9E,6,0,NONE,2026-08-05T00:42:48.790072
45917,PROBE_RESP,-89,3,0,0,69844,44280,8669488,0,100,19,0,0,B0:CB:D8:C9:92:00,1,0,0,1E:01:D0:40:E0:9E,6,0,NONE,2026-08-05T00:42:48.841072
45917,BEACON,-58,34,3189,2640,69844,44280,8669742,0,100,19,0,0,B0:CB:D8:C9:92:00,1,0,1,1E:01:D0:40:E0:9E,6,0,NONE,2026-08-05T00:42:49.095072
45917,MGMT_OTHER,-70,22,3101,3832,69844,44280,8669994,0,100,19,0,0,B0:CB:D8:C9:92:00,0,0,1,1E:01:D0:40:E0:9E,6,0,NONE,2026-08-05T00:42:49.347072
45917,BEACON,-79,13,0,3182,69844,44280,8670256,0,100,19,0,0,B0:CB:D8:C9:92:00,1,0,0,1E:01:D0:40:E0:9E,6,0,NONE,2026-08-05T00:42:49.609072
45917,BEACON,-79,13,0,3184,69768,44280,8670460,0,100,19,0,0,B0:CB:D8:C9:92:00,1,0,0,1E:01:D0:40:E0:9E,6,0,NONE,2026-08-05T00:42:49.813072
45917,MGMT_OTHER,-70,22,6150,3736,69844,44280,8670657,0,100,19,0,0,B0:CB:D8:C9:92:00,0,0,1,1E:01:D0:40:E0:9E,6,0,NONE,2026-08-05T00:42:50.010072
45917,MGMT_OTHER,-71,21,10930,3057,69844,44280,8670880,0,100,19,0,0,B0:CB:D8:C9:92:00,0,0,1,1E:01:D0:40:E0:9E,6,0,NONE,2026-08-05T00:42:50.233072
45917,MGMT_OTHER,-70,22,810,1388,69844,44280,8671106,0,100,19,0,0,B0:CB:D8:C9:92:00,0,0,1,1E:01:D0:40:E0:9E,6,0,NONE,2026-08-05T00:42:50.459072
45917,,-69,23,1373,3814,69844,44280,8671214,0,100,19,0,0,B0:CB:D8:C9:92:00,0,0,1,1E:01:D0:40:E0:9E,6,0,NONE,2026-08-05T00:42:50.567072
45917,,-70,22,3724,1504,69844,44280,8671294,0,100,19,0,0,B0:CB:D8:C9:92:00,1,0,1,1E:01:D0:40:E0:9E,6,0,NONE,2026-08-05T00:42:50.647072
45917,PROBE_RESP,-78,14,0,0,69844,44280,8671375,0,100,19,0,0,B0:CB:D8:C9:92:00,1,0,0,1E:01:D0:40:E0:9E,6,0,NONE,2026-08-05T00:42:50.728072
45917,,-69,23,240,2657,69844,44280,8671469,0,100,19,0,0,B0:CB:D8:C9:92:00,0,0,1,1E:01:D0:40:E0:9E,6,0,NONE,2026-08-05T00:42:50.822072
45917,MGMT_OTHER,-69,23,205,3007,69844,44280,8671501,0,100,19,0,0,B0:CB:D8:C9:92:00,0,0,1,1E:01:D0:40:E0:9E,6,0,NONE,2026-08-05T00:42:50.854072
45917,,-69,23,2189,375,69844,44280,8671566,0,100,19,0,0,B0:CB:D8:C9:92:00,0,0,1,1E:01:D0:40:E0:9E,6,0,NONE,2026-08-05T00:42:50.919072
45917,MGMT_OTHER,-92,0,9600,1502,69844,44280,8671679,0,100,19,0,0,B0:CB:D8:C9:92:00,0,0,1,1E:01:D0:40:E0:9E,6,0,NONE,2026-08-05T00:42:51.032072
45917,,-70,22,230,3967,69844,44280,8671775,0,100,19,0,0,B0:CB:D8:C9:92:00,0,0,1,1E:01:D0:40:E0:9E,6,0,NONE,2026-08-05T00:42:51.128072
45917,MGMT_OTHER,-69,23,9969,1070,69844,44280,8671905,0,100,19,0,0,B0:CB:D8:C9:92:00,0,0,1,1E:01:D0:40:E0:9E,6,0,NONE,2026-08-05T00:42:51.258072
45917,MGMT_OTHER,-69,23,1181,171,69844,44280,8672204,0,100,19,0,0,B0:CB:D8:C9:92:00,0,0,1,1E:01:D0:40:E0:9E,6,0,NONE,2026-08-05T00:42:51.557072
45917,,-68,24,379,2646,69844,44280,8672429,0,100,19,0,0,B0:CB:D8:C9:92:00,0,0,1,1E:01:D0:40:E0:9E,6,0,NONE,2026-08-05T00:42:51.782072
45917,,-69,23,629,786,69844,44280,8672716,0,100,19,0,0,B0:CB:D8:C9:92:00,0,0,1,1E:01:D0:40:E0:9E,6,0,NONE,2026-08-05T00:42:52.069072
45917,,-69,23,182,635,69844,44280,8672932,0,100,19,0,0,B0:CB:D8:C9:92:00,0,0,1,1E:01:D0:40:E0:9E,6,0,NONE,2026-08-05T00:42:52.285072
45917,,-49,43,257,2685,69844,44280,8673143,0,100,19,0,0,B0:CB:D8:C9:92:00,0,0,0,1E:01:D0:40:E0:9E,6,0,NONE,2026-08-05T00:42:52.496072
45917,,-69,23,956,685,69844,44280,8673247,0,100,19,0,0,B0:CB:D8:C9:92:00,0,0,1,1E:01:D0:40:E0:9E,6,0,NONE,2026-08-05T00:42:52.600072
45917,BEACON,-57,35,1217,2690,69844,44280,8673328,0,100,19,0,0,B0:CB:D8:C9:92:00,1,0,1,1E:01:D0:40:E0:9E,6,0,NONE,2026-08-05T00:42:52.681072
45917,MGMT_OTHER,-69,23,228,1553,69844,44280,8673365,0,100,19,0,0,B0:CB:D8:C9:92:00,1,0,1,1E:01:D0:40:E0:9E,6,0,NONE,2026-08-05T00:42:52.718072
45917,,-69,23,373,3858,69844,44280,8673423,0,100,19,0,0,B0:CB:D8:C9:92:00,1,0,1,1E:01:D0:40:E0:9E,6,0,NONE,2026-08-05T00:42:52.776072
45917,MGMT_OTHER,-70,22,1036,737,69844,44280,8673480,0,100,19,0,0,B0:CB:D8:C9:92:00,1,0,1,1E:01:D0:40:E0:9E,6,0,NONE,2026-08-05T00:42:52.833072
45917,,-70,22,874,2484,69844,44280,8673572,0,100,19,0,0,B0:CB:D8:C9:92:00,0,0,1,1E:01:D0:40:E0:9E,6,0,NONE,2026-08-05T00:42:52.925072
45917,,-70,22,444,2542,69844,44280,8673651,0,100,19,0,0,B0:CB:D8:C9:92:00,1,0,1,1E:01:D0:40:E0:9E,6,0,NONE,2026-08-05T00:42:53.004072
45917,MGMT_OTHER,-70,22,185,2534,69844,44280,8673828,0,100,19,0,0,B0:CB:D8:C9:92:00,1,0,1,1E:01:D0:40:E0:9E,6,0,NONE,2026-08-05T00:42:53.181072
45917,MGMT_OTHER,-71,21,9249,461,69844,44280,8674146,0,100,19,0,0,B0:CB:D8:C9:92:00,1,0,1,1E:01:D0:40:E0:9E,6,0,NONE,2026-08-05T00:42:53.499072
45917,MGMT_OTHER,-69,23,261,104,69844,44280,8674371,0,100,19,0,0,B0:CB:D8:C9:92:00,0,0,1,1E:01:D0:40:E0:9E,6,0,NONE,2026-08-05T00:42:53.724072
45917,,-91,1,3049,388,69844,44280,8674598,0,100,19,0,0,B0:CB:D8:C9:92:00,1,0,1,1E:01:D0:40:E0:9E,6,0,NONE,2026-08-05T00:42:53.951072
45917,,-70,22,383,3870,69844,44280,8674804,0,100,19,0,0,B0:CB:D8:C9:92:00,1,0,0,1E:01:D0:40:E0:9E,6,0,NONE,2026-08-05T00:42:54.157072
45917,MGMT_OTHER,-70,22,1498,2193,69844,44280,8675069,0,100,19,0,0,B0:CB:D8:C9:92:00,0,0,1,1E:01:D0:40:E0:9E,6,0,NONE,2026-08-05T00:42:54.422072
45917,,-69,23,420,2803,69844,44280,8675267,0,100,19,0,0,B0:CB:D8:C9:92:00,0,0,1,1E:01:D0:40:E0:9E,6,0,NONE,2026-08-05T00:42:54.620072
45917,,-70,22,879,1304,69844,44280,8675321,0,100,19,0,0,B0:CB:D8:C9:92:00,0,0,1,1E:01:D0:40:E0:9E,6,0,NONE,2026-08-05T00:42:54.674072
45917,MGMT_OTHER,-70,22,2297,349,69844,44280,8675424,0,100,19,0,0,B0:CB:D8:C9:92:00,1,0,1,1E:01:D0:40:E0:9E,6,0,NONE,2026-08-05T00:42:54.777072
45917,,-69,23,26898,961,69844,44280,8675544,0,100,19,0,0,B0:CB:D8:C9:92:00,0,0,1,1E:01:D0:40:E0:9E,6,0,NONE,2026-08-05T00:42:54.897072
45917,BEACON,-90,2,0,2360,69844,44280,8675641,0,100,19,0,0,B0:CB:D8:C9:92:00,1,0,1,1E:01:D0:40:E0:9E,6,0,NONE,2026-08-05T00:42:54.994072
45917,BEACON,-89,3,0,1443,69844,44280,8675867,0,100,19,0,0,B0:CB:D8:C9:92:00,0,0,1,1E:01:D0:40:E0:9E,6,0,NONE,2026-08-05T00:42:55.220072
45917,,-71,21,610,4035,69844,44280,8676084,0,100,19,0,0,B0:CB:D8:C9:92:00,0,0,1,1E:01:D0:40:E0:9E,6,0,NONE,2026-08-05T00:42:55.437072
45917,PROBE_RESP,-92,0,0,8,69844,44280,8676289,0,100,19,0,0,B0:CB:D8:C9:92:00,1,0,0,1E:01:D0:40:E0:9E,6,0,NONE,2026-08-05T00:42:55.642072
45917,MGMT_OTHER,-70,22,3124,3273,69844,44280,8676420,0,100,19,0,0,B0:CB:D8:C9:92:00,0,0,1,1E:01:D0:40:E0:9E,6,0,NONE,2026-08-05T00:42:55.773072
45917,,-69,23,1113,846,69844,44280,8676613,0,100,19,0,0,B0:CB:D8:C9:92:00,0,0,1,1E:01:D0:40:E0:9E,6,0,NONE,2026-08-05T00:42:55.966072
45917,,-69,23,1392,3794,69844,44280,8676895,0,100,19,0,0,B0:CB:D8:C9:92:00,0,0,1,1E:01:D0:40:E0:9E,6,0,NONE,2026-08-05T00:42:56.248072
45917,,-70,22,1351,1424,69844,44280,8677202,0,100,19,0,0,B0:CB:D8:C9:92:00,0,0,1,1E:01:D0:40:E0:9E,6,0,NONE,2026-08-05T00:42:56.555072
45917,,-69,23,3924,2789,69844,44280,8677257,0,100,19,0,0,B0:CB:D8:C9:92:00,0,0,1,1E:01:D0:40:E0:9E,6,0,NONE,2026-08-05T00:42:56.610072
45917,BEACON,-56,36,124,2735,69844,44280,8677320,0,100,19,0,0,B0:CB:D8:C9:92:00,0,0,1,1E:01:D0:40:E0:9E,6,0,NONE,2026-08-05T00:42:56.673072
45917,,-70,22,289,824,69844,44280,8677411,0,100,19,0,0,B0:CB:D8:C9:92:00,0,0,1,1E:01:D0:40:E0:9E,6,0,NONE,2026-08-05T00:42:56.764072
45917,,-70,22,5345,3823,69844,44280,8677503,0,100,19,0,0,B0:CB:D8:C9:92:00,0,0,1,1E:01:D0:40:E0:9E,6,0,NONE,2026-08-05T00:42:56.856072
45917,MGMT_OTHER,-70,22,6507,1541,69844,44280,8677725,0,100,19,0,0,B0:CB:D8:C9:92:00,0,0,1,1E:01:D0:40:E0:9E,6,0,NONE,2026-08-05T00:42:57.078072
45917,,-70,22,406,4026,69844,44280,8677960,0,100,19,0,0,B0:CB:D8:C9:92:00,1,0,1,1E:01:D0:40:E0:9E,6,0,NONE,2026-08-05T00:42:57.313072
45917,,-69,23,1610,3462,69844,44280,8678151,0,100,19,0,0,B0:CB:D8:C9:92:00,0,0,1,1E:01:D0:40:E0:9E,6,0,NONE,2026-08-05T00:42:57.504072
45917,BEACON,-57,35,84,2749,69844,44280,8678344,0,100,19,0,0,B0:CB:D8:C9:92:00,0,0,1,1E:01:D0:40:E0:9E,6,0,NONE,2026-08-05T00:42:57.697072
45917,,-69,23,679,1254,69844,44280,8678634,0,100,19,0,0,B0:CB:D8:C9:92:00,1,0,1,1E:01:D0:40:E0:9E,6,0,NONE,2026-08-05T00:42:57.987072
45917,,-69,23,352,1898,69844,44280,8678908,0,100,19,0,0,B0:CB:D8:C9:92:00,0,0,1,1E:01:D0:40:E0:9E,6,0,NONE,2026-08-05T00:42:58.261072
45917,,-70,22,713,1052,69844,44280,8679113,0,100,19,0,0,B0:CB:D8:C9:92:00,0,0,1,1E:01:D0:40:E0:9E,6,0,NONE,2026-08-05T00:42:58.466072
45917,,-70,22,388,3029,69844,44280,8679253,0,100,19,0,0,B0:CB:D8:C9:92:00,0,0,1,1E:01:D0:40:E0:9E,6,0,NONE,2026-08-05T00:42:58.606072
45917,,-70,22,402,2765,69844,44280,8679370,0,100,19,0,0,B0:CB:D8:C9:92:00,0,0,1,1E:01:D0:40:E0:9E,6,0,NONE,2026-08-05T00:42:58.723072
45917,MGMT_OTHER,-69,23,247,3621,69844,44280,8679415,0,100,19,0,0,B0:CB:D8:C9:92:00,0,0,1,1E:01:D0:40:E0:9E,6,0,NONE,2026-08-05T00:42:58.768072
45917,,-70,22,15594,1377,69844,44280,8679584,0,100,19,0,0,B0:CB:D8:C9:92:00,0,0,1,1E:01:D0:40:E0:9E,6,0,NONE,2026-08-05T00:42:58.937072
45917,MGMT_OTHER,-71,21,1414,2228,69844,44280,8679786,0,100,19,0,0,B0:CB:D8:C9:92:00,0,0,1,1E:01:D0:40:E0:9E,6,0,NONE,2026-08-05T00:42:59.139072
45917,MGMT_OTHER,-69,23,2559,871,69844,44280,8679983,0,100,19,0,0,B0:CB:D8:C9:92:00,0,0,1,1E:01:D0:40:E0:9E,6,0,NONE,2026-08-05T00:42:59.336072
45917,PROBE_RESP,-84,8,9897,0,69844,44280,8680214,0,100,19,0,0,B0:CB:D8:C9:92:00,0,0,0,1E:01:D0:40:E0:9E,6,0,NONE,2026-08-05T00:42:59.567072
45917,,-70,22,693,992,69844,44280,8680335,0,100,19,0,0,B0:CB:D8:C9:92:00,0,0,1,1E:01:D0:40:E0:9E,6,0,NONE,2026-08-05T00:42:59.688072
45917,BEACON,-92,0,26439,2408,69844,44280,8680570,0,100,19,0,0,B0:CB:D8:C9:92:00,0,0,1,1E:01:D0:40:E0:9E,6,0,NONE,2026-08-05T00:42:59.923072
45917,BEACON,-84,8,10827,3322,69844,44280,8680803,0,100,19,0,0,B0:CB:D8:C9:92:00,1,0,1,1E:01:D0:40:E0:9E,6,0,NONE,2026-08-05T00:43:00.156072
45917,BEACON,-89,3,0,1494,69844,44280,8681088,0,100,19,0,0,B0:CB:D8:C9:92:00,0,0,1,1E:01:D0:40:E0:9E,6,0,NONE,2026-08-05T00:43:00.441072
45917,MGMT_OTHER,-70,22,5192,3480,69844,44280,8681301,0,100,19,0,0,B0:CB:D8:C9:92:00,0,0,1,1E:01:D0:40:E0:9E,6,0,NONE,2026-08-05T00:43:00.654072
45917,,-70,22,159,189,69844,44280,8681444,0,100,19,0,0,B0:CB:D8:C9:92:00,0,0,1,1E:01:D0:40:E0:9E,6,0,NONE,2026-08-05T00:43:00.797072
45917,,-51,41,17876,573,69844,44280,8681674,0,100,19,0,0,B0:CB:D8:C9:92:00,0,0,1,1E:01:D0:40:E0:9E,6,0,NONE,2026-08-05T00:43:01.027072
45917,,-70,22,1560,427,69844,44280,8681870,0,100,19,0,0,B0:CB:D8:C9:92:00,0,0,1,1E:01:D0:40:E0:9E,6,0,NONE,2026-08-05T00:43:01.223072
45917,MGMT_OTHER,-70,22,438,1620,69844,44280,8682082,0,100,19,0,0,B0:CB:D8:C9:92:00,0,0,1,1E:01:D0:40:E0:9E,6,0,NONE,2026-08-05T00:43:01.435072
45917,BEACON,-90,2,0,1506,69844,44280,8682317,0,100,19,0,0,B0:CB:D8:C9:92:00,0,0,1,1E:01:D0:40:E0:9E,6,0,NONE,2026-08-05T00:43:01.670072
45917,,-95,-3,21100,472,69844,44280,8682513,0,100,19,0,0,B0:CB:D8:C9:92:00,0,0,1,1E:01:D0:40:E0:9E,6,0,NONE,2026-08-05T00:43:01.866072
45917,BEACON,-77,15,0,3304,69844,44280,8682749,0,100,19,0,0,B0:CB:D8:C9:92:00,0,0,0,1E:01:D0:40:E0:9E,6,0,NONE,2026-08-05T00:43:02.102072
45917,,-69,23,1735,963,69844,44280,8682984,0,100,19,0,0,B0:CB:D8:C9:92:00,0,0,1,1E:01:D0:40:E0:9E,6,0,NONE,2026-08-05T00:43:02.337072
45917,MGMT_OTHER,-69,23,2476,3960,69844,44280,8683203,0,100,19,0,0,B0:CB:D8:C9:92:00,0,0,1,1E:01:D0:40:E0:9E,6,0,NONE,2026-08-05T00:43:02.556072
45917,,-70,22,1911,691,69844,44280,8683301,0,100,19,0,0,B0:CB:D8:C9:92:00,0,0,1,1E:01:D0:40:E0:9E,6,0,NONE,2026-08-05T00:43:02.654072
45917,MGMT_OTHER,-72,20,0,2206,69844,44280,8683453,0,100,19,0,0,B0:CB:D8:C9:92:00,0,0,1,1E:01:D0:40:E0:9E,6,0,NONE,2026-08-05T00:43:02.806072
45917,MGMT_OTHER,-72,20,402,165,69844,44280,8683505,0,100,19,0,0,B0:CB:D8:C9:92:00,0,0,1,1E:01:D0:40:E0:9E,6,0,NONE,2026-08-05T00:43:02.858072
45917,BEACON,-77,15,0,3314,69844,44280,8683773,0,100,19,0,0,B0:CB:D8:C9:92:00,1,0,0,1E:01:D0:40:E0:9E,6,0,NONE,2026-08-05T00:43:03.126072
45917,MGMT_OTHER,-69,23,918,3679,69844,44280,8683968,0,100,19,0,0,B0:CB:D8:C9:92:00,0,0,1,1E:01:D0:40:E0:9E,6,0,NONE,2026-08-05T00:43:03.321072
45917,MGMT_OTHER,-70,22,2869,3454,69844,44280,8684169,0,100,19,0,0,B0:CB:D8:C9:92:00,0,0,1,1E:01:D0:40:E0:9E,6,0,NONE,2026-08-05T00:43:03.522072
45917,DISASSOC,-90,2,13396,3517,69844,44280,8684348,0,100,19,0,0,B0:CB:D8:C9:92:00,0,1,1,1E:01:D0:40:E0:9E,6,0,NONE,2026-08-05T00:43:03.701072
45917,MGMT_OTHER,-71,21,1446,3844,69844,44280,8684511,0,100,19,0,0,B0:CB:D8:C9:92:00,0,0,1,1E:01:D0:40:E0:9E,6,0,NONE,2026-08-05T00:43:03.864072
45917,MGMT_OTHER,-69,23,3910,361,69844,44280,8684694,0,100,19,0,0,B0:CB:D8:C9:92:00,0,0,1,1E:01:D0:40:E0:9E,6,0,NONE,2026-08-05T00:43:04.047072
45917,,-70,22,1390,2671,69844,44280,8684806,0,100,19,0,0,B0:CB:D8:C9:92:00,0,0,1,1E:01:D0:40:E0:9E,6,0,NONE,2026-08-05T00:43:04.159072
45917,MGMT_OTHER,-69,23,802,3177,69844,44280,8684944,0,100,19,0,0,B0:CB:D8:C9:92:00,0,0,1,1E:01:D0:40:E0:9E,6,0,NONE,2026-08-05T00:43:04.297072
45917,PROBE_RESP,-79,13,0,0,69844,44280,8685194,0,100,19,0,0,B0:CB:D8:C9:92:00,1,0,0,1E:01:D0:40:E0:9E,6,0,NONE,2026-08-05T00:43:04.547072
45917,PROBE_RESP,-89,3,0,0,69844,44280,8685288,0,100,19,0,0,B0:CB:D8:C9:92:00,0,0,0,1E:01:D0:40:E0:9E,6,0,NONE,2026-08-05T00:43:04.641072
45917,,-70,22,1022,3495,69844,44280,8685433,0,100,19,0,0,B0:CB:D8:C9:92:00,0,0,1,1E:01:D0:40:E0:9E,6,0,NONE,2026-08-05T00:43:04.786072
45917,BEACON,-90,2,0,1539,69844,44280,8685698,0,100,19,0,0,B0:CB:D8:C9:92:00,1,0,1,1E:01:D0:40:E0:9E,6,0,NONE,2026-08-05T00:43:05.051072
45917,MGMT_OTHER,-70,22,1148,3038,69844,44280,8685923,0,100,19,0,0,B0:CB:D8:C9:92:00,0,0,1,1E:01:D0:40:E0:9E,6,0,NONE,2026-08-05T00:43:05.276072
45917,BEACON,-55,37,776,2845,69844,44280,8686024,0,100,19,0,0,B0:CB:D8:C9:92:00,0,0,1,1E:01:D0:40:E0:9E,6,0,NONE,2026-08-05T00:43:05.377072
45917,BEACON,-79,13,0,3338,69756,44280,8686230,0,100,19,0,0,B0:CB:D8:C9:92:00,0,0,1,1E:01:D0:40:E0:9E,6,0,NONE,2026-08-05T00:43:05.583072
45917,,-70,22,889,894,69844,44280,8686365,0,100,19,0,0,B0:CB:D8:C9:92:00,1,0,1,1E:01:D0:40:E0:9E,6,0,NONE,2026-08-05T00:43:05.718072
45917,,-71,21,5453,92,69844,44280,8686516,0,100,19,0,0,B0:CB:D8:C9:92:00,1,0,1,1E:01:D0:40:E0:9E,6,0,NONE,2026-08-05T00:43:05.869072
45917,,-50,42,15187,589,69844,44280,8686691,0,100,19,0,0,B0:CB:D8:C9:92:00,0,0,1,1E:01:D0:40:E0:9E,6,0,NONE,2026-08-05T00:43:06.044072
45917,BEACON,-66,26,9692,3055,69844,44280,8686925,0,100,19,0,0,B0:CB:D8:C9:92:00,0,0,1,1E:01:D0:40:E0:9E,6,0,NONE,2026-08-05T00:43:06.278072
45917,MGMT_OTHER,-71,21,18039,1277,69844,44280,8687167,0,100,19,0,0,B0:CB:D8:C9:92:00,0,0,1,1E:01:D0:40:E0:9E,6,0,NONE,2026-08-05T00:43:06.520072
45917,,-70,22,254,2750,69844,44280,8687400,0,100,19,0,0,B0:CB:D8:C9:92:00,0,0,1,1E:01:D0:40:E0:9E,6,0,NONE,2026-08-05T00:43:06.753072
45917,MGMT_OTHER,-71,21,999,2155,69844,44280,8687492,0,100,19,0,0,B0:CB:D8:C9:92:00,0,0,1,1E:01:D0:40:E0:9E,6,0,NONE,2026-08-05T00:43:06.845072
45917,MGMT_OTHER,-70,22,2100,2116,69844,44280,8687592,0,100,19,0,0,B0:CB:D8:C9:92:00,0,0,1,1E:01:D0:40:E0:9E,6,0,NONE,2026-08-05T00:43:06.945072
45917,MGMT_OTHER,-69,23,634,308,69844,44280,8687768,0,100,19,0,0,B0:CB:D8:C9:92:00,1,0,1,1E:01:D0:40:E0:9E,6,0,NONE,2026-08-05T00:43:07.121072
45917,,-71,21,648,3893,69844,44280,8687959,0,100,19,0,0,B0:CB:D8:C9:92:00,0,0,1,1E:01:D0:40:E0:9E,6,0,NONE,2026-08-05T00:43:07.312072
45917,MGMT_OTHER,-69,23,884,1373,69844,44280,8688261,0,100,19,0,0,B0:CB:D8:C9:92:00,0,0,1,1E:01:D0:40:E0:9E,6,0,NONE,2026-08-05T00:43:07.614072
45917,,-70,22,1307,48,69844,44280,8688410,0,100,19,0,0,B0:CB:D8:C9:92:00,0,0,1,1E:01:D0:40:E0:9E,6,0,NONE,2026-08-05T00:43:07.763072
45917,,-48,44,249,2887,69844,44280,8688695,0,100,19,0,0,B0:CB:D8:C9:92:00,0,0,0,1E:01:D0:40:E0:9E,6,0,NONE,2026-08-05T00:43:08.048072
45917,,-71,21,724,1594,69844,44280,8688859,0,100,19,0,0,B0:CB:D8:C9:92:00,0,0,1,1E:01:D0:40:E0:9E,6,0,NONE,2026-08-05T00:43:08.212072
45917,,-71,21,15018,526,69844,44280,8689076,0,100,19,0,0,B0:CB:D8:C9:92:00,0,0,1,1E:01:D0:40:E0:9E,6,0,NONE,2026-08-05T00:43:08.429072
45917,PROBE_RESP,-76,16,0,5,69844,44280,8689220,0,100,19,0,0,B0:CB:D8:C9:92:00,1,0,0,1E:01:D0:40:E0:9E,6,0,NONE,2026-08-05T00:43:08.573072
45917,,-70,22,1022,2418,69844,44280,8689398,0,100,19,0,0,B0:CB:D8:C9:92:00,0,0,1,1E:01:D0:40:E0:9E,6,0,NONE,2026-08-05T00:43:08.751072
45917,MGMT_OTHER,-70,22,766,1827,69844,44280,8689448,0,100,19,0,0,B0:CB:D8:C9:92:00,0,0,1,1E:01:D0:40:E0:9E,6,0,NONE,2026-08-05T00:43:08.801072
45917,MGMT_OTHER,-71,21,374,2010,69844,44280,8689632,0,100,19,0,0,B0:CB:D8:C9:92:00,0,0,1,1E:01:D0:40:E0:9E,6,0,NONE,2026-08-05T00:43:08.985072
45917,MGMT_OTHER,-70,22,311,2024,69844,44280,8689803,0,100,19,0,0,B0:CB:D8:C9:92:00,0,0,1,1E:01:D0:40:E0:9E,6,0,NONE,2026-08-05T00:43:09.156072
45917,MGMT_OTHER,-73,19,1256,1530,69844,44280,8690004,0,100,19,0,0,B0:CB:D8:C9:92:00,0,0,1,1E:01:D0:40:E0:9E,6,0,NONE,2026-08-05T00:43:09.357072
45917,,-69,23,163,1606,69844,44280,8690126,0,100,19,0,0,B0:CB:D8:C9:92:00,0,0,1,1E:01:D0:40:E0:9E,6,0,NONE,2026-08-05T00:43:09.479072
45917,MGMT_OTHER,-73,19,279,134,69844,44280,8690366,0,100,19,0,0,B0:CB:D8:C9:92:00,0,0,1,1E:01:D0:40:E0:9E,6,0,NONE,2026-08-05T00:43:09.719072
45917,,-73,19,529,2558,69844,44280,8690517,0,100,19,0,0,B0:CB:D8:C9:92:00,0,0,1,1E:01:D0:40:E0:9E,6,0,NONE,2026-08-05T00:43:09.870072
45917,BEACON,-53,39,1218,2918,69844,44280,8690735,0,100,19,0,0,B0:CB:D8:C9:92:00,0,0,1,1E:01:D0:40:E0:9E,6,0,NONE,2026-08-05T00:43:10.088072
45917,MGMT_OTHER,-72,20,5976,804,69844,44280,8690973,0,100,19,0,0,B0:CB:D8:C9:92:00,0,0,1,1E:01:D0:40:E0:9E,6,0,NONE,2026-08-05T00:43:10.326072
45917,,-71,21,18515,3183,69844,44280,8691233,0,100,19,0,0,B0:CB:D8:C9:92:00,0,0,1,1E:01:D0:40:E0:9E,6,0,NONE,2026-08-05T00:43:10.586072
45917,,-70,22,2351,4026,69844,44280,8691383,0,100,19,0,0,B0:CB:D8:C9:92:00,0,0,1,1E:01:D0:40:E0:9E,6,0,NONE,2026-08-05T00:43:10.736072
45917,BEACON,-54,38,1586,2937,69844,44280,8691554,0,100,19,0,0,B0:CB:D8:C9:92:00,0,0,1,1E:01:D0:40:E0:9E,6,0,NONE,2026-08-05T00:43:10.907072
45917,,-69,23,280,383,69844,44280,8691784,0,100,19,0,0,B0:CB:D8:C9:92:00,0,0,1,1E:01:D0:40:E0:9E,6,0,NONE,2026-08-05T00:43:11.137072
45917,MGMT_OTHER,-70,22,320,2858,69844,44280,8691982,0,100,19,0,0,B0:CB:D8:C9:92:00,0,0,1,1E:01:D0:40:E0:9E,6,0,NONE,2026-08-05T00:43:11.335072
45917,PROBE_RESP,-75,17,0,2,69844,44280,8692152,0,100,19,0,0,B0:CB:D8:C9:92:00,0,0,0,1E:01:D0:40:E0:9E,6,0,NONE,2026-08-05T00:43:11.505072
45917,BEACON,-57,35,4509,2947,69844,44280,8692374,0,100,19,0,0,B0:CB:D8:C9:92:00,0,0,1,1E:01:D0:40:E0:9E,6,0,NONE,2026-08-05T00:43:11.727072
45917,MGMT_OTHER,-69,23,14015,3966,69844,44280,8692645,0,100,19,0,0,B0:CB:D8:C9:92:00,0,0,1,1E:01:D0:40:E0:9E,6,0,NONE,2026-08-05T00:43:11.998072
45917,,-48,44,0,2958,68036,44280,8692786,0,100,19,0,0,B0:CB:D8:C9:92:00,0,0,0,1E:01:D0:40:E0:9E,6,0,NONE,2026-08-05T00:43:12.139072
45917,,-68,24,732,4037,69844,44280,8692972,0,100,19,0,0,B0:CB:D8:C9:92:00,0,0,1,1E:01:D0:40:E0:9E,6,0,NONE,2026-08-05T00:43:12.325072
45917,,-72,20,15069,1904,69844,44280,8693107,0,100,19,0,0,B0:CB:D8:C9:92:00,0,0,1,1E:01:D0:40:E0:9E,6,0,NONE,2026-08-05T00:43:12.460072
45917,MGMT_OTHER,-69,23,264,2098,69844,44280,8693288,0,100,19,0,0,B0:CB:D8:C9:92:00,1,0,1,1E:01:D0:40:E0:9E,6,0,NONE,2026-08-05T00:43:12.641072
45917,,-68,24,1350,3133,69844,44280,8693424,0,100,19,0,0,B0:CB:D8:C9:92:00,0,0,1,1E:01:D0:40:E0:9E,6,0,NONE,2026-08-05T00:43:12.777072
45917,BEACON,-61,31,10122,3112,69844,44280,8693587,0,100,19,0,0,B0:CB:D8:C9:92:00,0,0,1,1E:01:D0:40:E0:9E,6,0,NONE,2026-08-05T00:43:12.940072
45917,BEACON,-61,31,15670,3115,69844,44280,8693888,0,100,19,0,0,B0:CB:D8:C9:92:00,0,0,1,1E:01:D0:40:E0:9E,6,0,NONE,2026-08-05T00:43:13.241072
45917,MGMT_OTHER,-69,23,3935,2810,69844,44280,8694200,0,100,19,0,0,B0:CB:D8:C9:92:00,0,0,1,1E:01:D0:40:E0:9E,6,0,NONE,2026-08-05T00:43:13.553072
45917,,-71,21,415,3704,69844,44280,8694520,0,100,19,0,0,B0:CB:D8:C9:92:00,0,0,1,1E:01:D0:40:E0:9E,6,0,NONE,2026-08-05T00:43:13.873072
45917,,-70,22,156,3976,69844,44280,8694723,0,100,19,0,0,B0:CB:D8:C9:92:00,0,0,1,1E:01:D0:40:E0:9E,6,0,NONE,2026-08-05T00:43:14.076072
45917,MGMT_OTHER,-70,22,26564,1906,69844,44280,8695017,0,100,19,0,0,B0:CB:D8:C9:92:00,0,0,1,1E:01:D0:40:E0:9E,6,0,NONE,2026-08-05T00:43:14.370072
45917,MGMT_OTHER,-69,23,3967,3821,69844,44280,8695183,0,100,19,0,0,B0:CB:D8:C9:92:00,0,0,1,1E:01:D0:40:E0:9E,6,0,NONE,2026-08-05T00:43:14.536072
45917,,-70,22,328,2875,69844,44280,8695282,0,100,19,0,0,B0:CB:D8:C9:92:00,0,0,1,1E:01:D0:40:E0:9E,6,0,NONE,2026-08-05T00:43:14.635072
45917,,-70,22,436,3242,69844,44280,8695354,0,100,19,0,0,B0:CB:D8:C9:92:00,0,0,1,1E:01:D0:40:E0:9E,6,0,NONE,2026-08-05T00:43:14.707072
45917,,-50,42,122,638,69844,44280,8695464,0,100,19,0,0,B0:CB:D8:C9:92:00,0,0,0,1E:01:D0:40:E0:9E,6,0,NONE,2026-08-05T00:43:14.817072
45917,,-69,23,1151,2985,69844,44280,8695546,0,100,19,0,0,B0:CB:D8:C9:92:00,0,0,1,1E:01:D0:40:E0:9E,6,0,NONE,2026-08-05T00:43:14.899072
45917,,-67,25,250,1999,69844,44280,8695635,0,100,19,0,0,B0:CB:D8:C9:92:00,0,0,1,1E:01:D0:40:E0:9E,6,0,NONE,2026-08-05T00:43:14.988072
45917,,-71,21,15669,1708,69844,44280,8695938,0,100,19,0,0,B0:CB:D8:C9:92:00,0,0,1,1E:01:D0:40:E0:9E,6,0,NONE,2026-08-05T00:43:15.291072
45917,,-49,43,150,3031,69768,44280,8696105,0,100,19,0,0,B0:CB:D8:C9:92:00,0,0,1,1E:01:D0:40:E0:9E,6,0,NONE,2026-08-05T00:43:15.458072
45917,MGMT_OTHER,-69,23,248,3436,69844,44280,8696257,0,100,19,0,0,B0:CB:D8:C9:92:00,0,0,1,1E:01:D0:40:E0:9E,6,0,NONE,2026-08-05T00:43:15.610072
45917,MGMT_OTHER,-68,24,289,3203,69844,44280,8696306,0,100,19,0,0,B0:CB:D8:C9:92:00,0,0,1,1E:01:D0:40:E0:9E,6,0,NONE,2026-08-05T00:43:15.659072
45917,MGMT_OTHER,-69,23,146,2370,69844,44280,8696472,0,100,19,0,0,B0:CB:D8:C9:92:00,0,0,1,1E:01:D0:40:E0:9E,6,0,NONE,2026-08-05T00:43:15.825072
45917,,-68,24,210,2217,69844,44280,8696709,0,100,19,0,0,B0:CB:D8:C9:92:00,0,0,1,1E:01:D0:40:E0:9E,6,0,NONE,2026-08-05T00:43:16.062072
45917,,-70,22,327,3488,69844,44280,8696884,0,100,19,0,0,B0:CB:D8:C9:92:00,0,0,1,1E:01:D0:40:E0:9E,6,0,NONE,2026-08-05T00:43:16.237072
45917,,-68,24,575,2325,69844,44280,8696995,0,100,19,0,0,B0:CB:D8:C9:92:00,0,0,1,1E:01:D0:40:E0:9E,6,0,NONE,2026-08-05T00:43:16.348072
45917,,-70,22,2911,2867,69844,44280,8697175,0,100,19,0,0,B0:CB:D8:C9:92:00,0,0,1,1E:01:D0:40:E0:9E,6,0,NONE,2026-08-05T00:43:16.528072
45917,,-69,23,1573,1144,69844,44280,8697236,0,100,19,0,0,B0:CB:D8:C9:92:00,0,0,1,1E:01:D0:40:E0:9E,6,0,NONE,2026-08-05T00:43:16.589072
45917,,-68,24,374,305,69844,44280,8697309,0,100,19,0,0,B0:CB:D8:C9:92:00,0,0,1,1E:01:D0:40:E0:9E,6,0,NONE,2026-08-05T00:43:16.662072
45917,,-72,20,743,1254,69844,44280,8697394,0,100,19,0,0,B0:CB:D8:C9:92:00,0,0,1,1E:01:D0:40:E0:9E,6,0,NONE,2026-08-05T00:43:16.747072
45917,,-72,20,1413,625,69844,44280,8697501,0,100,19,0,0,B0:CB:D8:C9:92:00,0,0,1,1E:01:D0:40:E0:9E,6,0,NONE,2026-08-05T00:43:16.854072
45917,,-71,21,401,2038,69844,44280,8697584,0,100,19,0,0,B0:CB:D8:C9:92:00,0,0,1,1E:01:D0:40:E0:9E,6,0,NONE,2026-08-05T00:43:16.937072
45917,BEACON,-91,1,0,2577,69844,44280,8697864,0,100,19,0,0,B0:CB:D8:C9:92:00,0,0,1,1E:01:D0:40:E0:9E,6,0,NONE,2026-08-05T00:43:17.217072
45917,,-72,20,19067,1471,69844,44280,8698155,0,100,19,0,0,B0:CB:D8:C9:92:00,0,0,1,1E:01:D0:40:E0:9E,6,0,NONE,2026-08-05T00:43:17.508072
45917,,-69,23,1332,3536,69844,44280,8698363,0,100,19,0,0,B0:CB:D8:C9:92:00,0,0,1,1E:01:D0:40:E0:9E,6,0,NONE,2026-08-05T00:43:17.716072
45917,,-72,20,1471,3970,69844,44280,8698520,0,100,19,0,0,B0:CB:D8:C9:92:00,0,0,1,1E:01:D0:40:E0:9E,6,0,NONE,2026-08-05T00:43:17.873072
45917,,-68,24,2101,2691,69844,44280,8698810,0,100,19,0,0,B0:CB:D8:C9:92:00,0,0,1,1E:01:D0:40:E0:9E,6,0,NONE,2026-08-05T00:43:18.163072
45917,,-94,-2,1924,3198,69844,44280,8699037,0,100,19,0,0,B0:CB:D8:C9:92:00,1,0,1,1E:01:D0:40:E0:9E,6,0,NONE,2026-08-05T00:43:18.390072
45917,MGMT_OTHER,-69,23,802,1784,69844,44280,8699239,0,100,19,0,0,B0:CB:D8:C9:92:00,0,0,1,1E:01:D0:40:E0:9E,6,0,NONE,2026-08-05T00:43:18.592072
45917,,-70,22,262,369,69844,44280,8699324,0,100,19,0,0,B0:CB:D8:C9:92:00,0,0,1,1E:01:D0:40:E0:9E,6,0,NONE,2026-08-05T00:43:18.677072
45917,,-69,23,22002,681,69844,44280,8699406,0,100,19,0,0,B0:CB:D8:C9:92:00,0,0,1,1E:01:D0:40:E0:9E,6,0,NONE,2026-08-05T00:43:18.759072
45917,,-68,24,1382,2527,69844,44280,8699531,0,100,19,0,0,B0:CB:D8:C9:92:00,0,0,1,1E:01:D0:40:E0:9E,6,0,NONE,2026-08-05T00:43:18.884072
45917,MGMT_OTHER,-69,23,2179,2578,69844,44280,8699593,0,100,19,0,0,B0:CB:D8:C9:92:00,0,0,1,1E:01:D0:40:E0:9E,6,0,NONE,2026-08-05T00:43:18.946072
45917,BEACON,-55,37,7909,3082,69844,44280,8699849,0,100,19,0,0,B0:CB:D8:C9:92:00,1,0,1,1E:01:D0:40:E0:9E,6,0,NONE,2026-08-05T00:43:19.202072
45917,MGMT_OTHER,-68,24,3897,1477,69844,44280,8700073,0,100,19,0,0,B0:CB:D8:C9:92:00,0,0,1,1E:01:D0:40:E0:9E,6,0,NONE,2026-08-05T00:43:19.426072
45917,MGMT_OTHER,-68,24,1275,3584,69844,44280,8700285,0,100,19,0,0,B0:CB:D8:C9:92:00,0,0,1,1E:01:D0:40:E0:9E,6,0,NONE,2026-08-05T00:43:19.638072
45917,,-71,21,6437,2967,69844,44280,8700458,0,100,19,0,0,B0:CB:D8:C9:92:00,0,0,1,1E:01:D0:40:E0:9E,6,0,NONE,2026-08-05T00:43:19.811072
45917,,-49,43,173,668,69844,44280,8700575,0,100,19,0,0,B0:CB:D8:C9:92:00,0,0,0,1E:01:D0:40:E0:9E,6,0,NONE,2026-08-05T00:43:19.928072
45917,PROBE_RESP,-89,3,0,0,69844,44280,8700864,0,100,19,0,0,B0:CB:D8:C9:92:00,0,0,0,1E:01:D0:40:E0:9E,6,0,NONE,2026-08-05T00:43:20.217072
45917,,-50,42,808,674,69844,44280,8701042,0,100,19,0,0,B0:CB:D8:C9:92:00,0,0,0,1E:01:D0:40:E0:9E,6,0,NONE,2026-08-05T00:43:20.395072
45917,,-68,24,6571,13,69844,44280,8701247,0,100,19,0,0,B0:CB:D8:C9:92:00,0,0,1,1E:01:D0:40:E0:9E,6,0,NONE,2026-08-05T00:43:20.600072
45917,MGMT_OTHER,-69,23,1446,1590,69844,44280,8701364,0,100,19,0,0,B0:CB:D8:C9:92:00,0,0,1,1E:01:D0:40:E0:9E,6,0,NONE,2026-08-05T00:43:20.717072
45917,,-70,22,385,3807,69844,44280,8701415,0,100,19,0,0,B0:CB:D8:C9:92:00,0,0,1,1E:01:D0:40:E0:9E,6,0,NONE,2026-08-05T00:43:20.768072
45917,MGMT_OTHER,-90,2,8548,895,69844,44280,8701534,0,100,19,0,0,B0:CB:D8:C9:92:00,0,0,1,1E:01:D0:40:E0:9E,6,0,NONE,2026-08-05T00:43:20.887072
45917,,-70,22,1190,1591,69844,44280,8701633,0,100,19,0,0,B0:CB:D8:C9:92:00,0,0,1,1E:01:D0:40:E0:9E,6,0,NONE,2026-08-05T00:43:20.986072
45917,,-69,23,11512,2533,69844,44280,8701781,0,100,19,0,0,B0:CB:D8:C9:92:00,1,0,1,1E:01:D0:40:E0:9E,6,0,NONE,2026-08-05T00:43:21.134072
45917,MGMT_OTHER,-71,21,497,1100,69844,44280,8701901,0,100,19,0,0,B0:CB:D8:C9:92:00,0,0,1,1E:01:D0:40:E0:9E,6,0,NONE,2026-08-05T00:43:21.254072
45917,,-69,23,1651,1022,69844,44280,8702194,0,100,19,0,0,B0:CB:D8:C9:92:00,0,0,1,1E:01:D0:40:E0:9E,6,0,NONE,2026-08-05T00:43:21.547072
45917,PROBE_RESP,-88,4,0,0,69844,44280,8702382,0,100,19,0,0,B0:CB:D8:C9:92:00,0,0,0,1E:01:D0:40:E0:9E,6,0,NONE,2026-08-05T00:43:21.735072
45917,MGMT_OTHER,12,12,0,0,69844,44280,8702616,0,100,19,0,0,B0:CB:D8:C9:92:00,0,0,1,1E:01:D0:40:E0:9E,6,0,NONE,2026-08-05T00:43:21.969072
45917,,-71,21,12086,1688,69828,44280,8702820,0,100,19,0,0,B0:CB:D8:C9:92:00,0,0,1,1E:01:D0:40:E0:9E,6,0,NONE,2026-08-05T00:43:22.173072
45917,,-49,43,131,689,69844,44280,8703055,0,100,19,0,0,B0:CB:D8:C9:92:00,0,0,0,1E:01:D0:40:E0:9E,6,0,NONE,2026-08-05T00:43:22.408072
45917,,-70,22,253,526,69844,44280,8703240,0,100,19,0,0,B0:CB:D8:C9:92:00,0,0,1,1E:01:D0:40:E0:9E,6,0,NONE,2026-08-05T00:43:22.593072
45917,,-71,21,579,1977,69844,44280,8703268,0,100,19,0,0,B0:CB:D8:C9:92:00,0,0,1,1E:01:D0:40:E0:9E,6,0,NONE,2026-08-05T00:43:22.621072
45917,,-69,23,475,4055,69844,44280,8703380,0,100,19,0,0,B0:CB:D8:C9:92:00,0,0,1,1E:01:D0:40:E0:9E,6,0,NONE,2026-08-05T00:43:22.733072
45917,MGMT_OTHER,-70,22,0,1375,69844,44280,8703437,0,100,19,0,0,B0:CB:D8:C9:92:00,0,0,1,1E:01:D0:40:E0:9E,6,0,NONE,2026-08-05T00:43:22.790072
45917,BEACON,-62,30,31000,3210,69844,44280,8703615,0,100,19,0,0,B0:CB:D8:C9:92:00,0,0,1,1E:01:D0:40:E0:9E,6,0,NONE,2026-08-05T00:43:22.968072
45917,,-70,22,378,4026,69844,44280,8703789,0,100,19,0,0,B0:CB:D8:C9:92:00,0,0,1,1E:01:D0:40:E0:9E,6,0,NONE,2026-08-05T00:43:23.142072
45917,,-69,23,199,3729,69844,44280,8704064,0,100,19,0,0,B0:CB:D8:C9:92:00,0,0,1,1E:01:D0:40:E0:9E,6,0,NONE,2026-08-05T00:43:23.417072
45917,,-84,8,18210,3277,69844,44280,8704292,0,100,19,0,0,B0:CB:D8:C9:92:00,0,0,1,1E:01:D0:40:E0:9E,6,0,NONE,2026-08-05T00:43:23.645072
45917,,-69,23,896,2229,69844,44280,8704556,0,100,19,0,0,B0:CB:D8:C9:92:00,0,0,1,1E:01:D0:40:E0:9E,6,0,NONE,2026-08-05T00:43:23.909072
45917,,-70,22,10073,2520,69844,44280,8704799,0,100,19,0,0,B0:CB:D8:C9:92:00,1,0,1,1E:01:D0:40:E0:9E,6,0,NONE,2026-08-05T00:43:24.152072
45917,PROBE_REQ,-70,22,3708,1095,69844,44280,8705055,0,100,19,0,0,B0:CB:D8:C9:92:00,0,0,1,1E:01:D0:40:E0:9E,6,0,NONE,2026-08-05T00:43:24.408072
45917,MGMT_OTHER,-70,22,172,2863,69844,44280,8705261,0,100,19,0,0,B0:CB:D8:C9:92:00,0,0,1,1E:01:D0:40:E0:9E,6,0,NONE,2026-08-05T00:43:24.614072
45917,MGMT_OTHER,-71,21,365,1869,69844,44280,8705405,0,100,19,0,0,B0:CB:D8:C9:92:00,0,0,1,1E:01:D0:40:E0:9E,6,0,NONE,2026-08-05T00:43:24.758072
45917,MGMT_OTHER,-71,21,333,291,69844,44280,8705501,0,100,19,0,0,B0:CB:D8:C9:92:00,1,0,1,1E:01:D0:40:E0:9E,6,0,NONE,2026-08-05T00:43:24.854072
45917,,-49,43,110,3175,69844,44280,8705635,0,100,19,0,0,B0:CB:D8:C9:92:00,0,0,0,1E:01:D0:40:E0:9E,6,0,NONE,2026-08-05T00:43:24.988072
45917,MGMT_OTHER,-69,23,537,3770,69844,44280,8705822,0,100,19,0,0,B0:CB:D8:C9:92:00,0,0,1,1E:01:D0:40:E0:9E,6,0,NONE,2026-08-05T00:43:25.175072
45917,,-72,20,12231,958,69844,44280,8706077,0,100,19,0,0,B0:CB:D8:C9:92:00,0,0,1,1E:01:D0:40:E0:9E,6,0,NONE,2026-08-05T00:43:25.430072
45917,,-69,23,1265,3042,69844,44280,8706283,0,100,19,0,0,B0:CB:D8:C9:92:00,1,0,1,1E:01:D0:40:E0:9E,6,0,NONE,2026-08-05T00:43:25.636072
45917,PROBE_REQ,-48,44,4515,705,69768,44280,8706543,0,100,19,0,0,B0:CB:D8:C9:92:00,0,0,1,1E:01:D0:40:E0:9E,6,0,NONE,2026-08-05T00:43:25.896072
45917,MGMT_OTHER,-70,22,6796,778,69844,44280,8706707,0,100,19,0,0,B0:CB:D8:C9:92:00,0,0,1,1E:01:D0:40:E0:9E,6,0,NONE,2026-08-05T00:43:26.060072
45917,,-70,22,1196,2044,69844,44280,8706895,0,100,19,0,0,B0:CB:D8:C9:92:00,0,0,1,1E:01:D0:40:E0:9E,6,0,NONE,2026-08-05T00:43:26.248072
45917,,-45,47,892,726,69844,44280,8707092,0,100,19,0,0,B0:CB:D8:C9:92:00,0,0,0,1E:01:D0:40:E0:9E,6,0,NONE,2026-08-05T00:43:26.445072
45917,MGMT_OTHER,-69,23,1545,833,69844,44280,8707212,0,100,19,0,0,B0:CB:D8:C9:92:00,0,0,1,1E:01:D0:40:E0:9E,6,0,NONE,2026-08-05T00:43:26.565072
45917,,-72,20,781,3194,69844,44280,8707345,0,100,19,0,0,B0:CB:D8:C9:92:00,0,0,1,1E:01:D0:40:E0:9E,6,0,NONE,2026-08-05T00:43:26.698072
45917,,-70,22,934,1142,69844,44280,8707466,0,100,19,0,0,B0:CB:D8:C9:92:00,0,0,1,1E:01:D0:40:E0:9E,6,0,NONE,2026-08-05T00:43:26.819072
45917,,-72,20,645,3219,69844,44280,8707660,0,100,19,0,0,B0:CB:D8:C9:92:00,0,0,1,1E:01:D0:40:E0:9E,6,0,NONE,2026-08-05T00:43:27.013072
45917,,-71,21,971,2422,69828,44280,8707819,0,100,19,0,0,B0:CB:D8:C9:92:00,0,0,1,1E:01:D0:40:E0:9E,6,0,NONE,2026-08-05T00:43:27.172072
45917,MGMT_OTHER,-70,22,975,1232,69844,44280,8707931,0,100,19,0,0,B0:CB:D8:C9:92:00,0,0,1,1E:01:D0:40:E0:9E,6,0,NONE,2026-08-05T00:43:27.284072
45917,PROBE_RESP,-89,3,0,1,69844,44280,8708035,0,100,19,0,0,B0:CB:D8:C9:92:00,0,0,1,1E:01:D0:40:E0:9E,6,0,NONE,2026-08-05T00:43:27.388072
45917,MGMT_OTHER,-73,19,849,231,69844,44280,8708176,0,100,19,0,0,B0:CB:D8:C9:92:00,0,0,1,1E:01:D0:40:E0:9E,6,0,NONE,2026-08-05T00:43:27.529072
45917,MGMT_OTHER,-69,23,1013,436,69844,44280,8708286,0,100,19,0,0,B0:CB:D8:C9:92:00,0,0,1,1E:01:D0:40:E0:9E,6,0,NONE,2026-08-05T00:43:27.639072
45917,,-73,19,257,278,69844,44280,8708432,0,100,19,0,0,B0:CB:D8:C9:92:00,0,0,1,1E:01:D0:40:E0:9E,6,0,NONE,2026-08-05T00:43:27.785072
45917,PROBE_RESP,-77,15,0,2,69844,44280,8708599,0,100,19,0,0,B0:CB:D8:C9:92:00,0,0,0,1E:01:D0:40:E0:9E,6,0,NONE,2026-08-05T00:43:27.952072
45917,,-70,22,397,2957,69844,44280,8708847,0,100,19,0,0,B0:CB:D8:C9:92:00,0,0,1,1E:01:D0:40:E0:9E,6,0,NONE,2026-08-05T00:43:28.200072
45917,MGMT_OTHER,-70,22,17197,3693,69844,44280,8709030,0,100,19,0,0,B0:CB:D8:C9:92:00,0,0,1,1E:01:D0:40:E0:9E,6,0,NONE,2026-08-05T00:43:28.383072
45917,,-70,22,1526,914,69844,44280,8709196,0,100,19,0,0,B0:CB:D8:C9:92:00,0,0,1,1E:01:D0:40:E0:9E,6,0,NONE,2026-08-05T00:43:28.549072
45917,,-70,22,1759,1306,69844,44280,8709359,0,100,19,0,0,B0:CB:D8:C9:92:00,1,0,1,1E:01:D0:40:E0:9E,6,0,NONE,2026-08-05T00:43:28.712072
45917,,-69,23,2770,4037,69844,44280,8709492,0,100,19,0,0,B0:CB:D8:C9:92:00,0,0,1,1E:01:D0:40:E0:9E,6,0,NONE,2026-08-05T00:43:28.844139
45917,,-70,22,298,543,69844,44280,8709627,0,100,19,0,0,B0:CB:D8:C9:92:00,1,0,1,1E:01:D0:40:E0:9E,6,0,NONE,2026-08-05T00:43:28.979139
45917,MGMT_OTHER,-70,22,9741,322,69844,44280,8709798,0,100,19,0,0,B0:CB:D8:C9:92:00,0,0,1,1E:01:D0:40:E0:9E,6,0,NONE,2026-08-05T00:43:29.150139
45917,,-71,21,334,3711,69844,44280,8709980,0,100,19,0,0,B0:CB:D8:C9:92:00,0,0,1,1E:01:D0:40:E0:9E,6,0,NONE,2026-08-05T00:43:29.332139
45917,,-70,22,2820,963,69844,44280,8710141,0,100,19,0,0,B0:CB:D8:C9:92:00,0,0,1,1E:01:D0:40:E0:9E,6,0,NONE,2026-08-05T00:43:29.493139
45917,MGMT_OTHER,-70,22,262,670,69844,44280,8710303,0,100,19,0,0,B0:CB:D8:C9:92:00,0,0,1,1E:01:D0:40:E0:9E,6,0,NONE,2026-08-05T00:43:29.655139
45917,BEACON,-62,30,10882,3277,69844,44280,8710478,0,100,19,0,0,B0:CB:D8:C9:92:00,0,0,1,1E:01:D0:40:E0:9E,6,0,NONE,2026-08-05T00:43:29.830139
45917,MGMT_OTHER,-71,21,3229,1159,69844,44280,8710637,0,100,19,0,0,B0:CB:D8:C9:92:00,1,0,1,1E:01:D0:40:E0:9E,6,0,NONE,2026-08-05T00:43:29.989139
45917,MGMT_OTHER,-71,21,308,276,69844,44280,8710789,0,100,19,0,0,B0:CB:D8:C9:92:00,0,0,1,1E:01:D0:40:E0:9E,6,0,NONE,2026-08-05T00:43:30.141139
45917,PROBE_RESP,-77,15,0,0,69844,44280,8710962,0,100,19,0,0,B0:CB:D8:C9:92:00,0,0,0,1E:01:D0:40:E0:9E,6,0,NONE,2026-08-05T00:43:30.314139
45917,,-70,22,1453,786,69844,44280,8711116,0,100,19,0,0,B0:CB:D8:C9:92:00,0,0,1,1E:01:D0:40:E0:9E,6,0,NONE,2026-08-05T00:43:30.468139
45917,MGMT_OTHER,-70,22,1938,3907,69844,44280,8711216,0,100,19,0,0,B0:CB:D8:C9:92:00,0,0,1,1E:01:D0:40:E0:9E,6,0,NONE,2026-08-05T00:43:30.568139
45917,,-70,22,1424,1606,69844,44280,8711324,0,100,19,0,0,B0:CB:D8:C9:92:00,0,0,1,1E:01:D0:40:E0:9E,6,0,NONE,2026-08-05T00:43:30.676139
45917,MGMT_OTHER,-70,22,276,1509,69844,44280,8711444,0,100,19,0,0,B0:CB:D8:C9:92:00,0,0,1,1E:01:D0:40:E0:9E,6,0,NONE,2026-08-05T00:43:30.796139
45917,MGMT_OTHER,-70,22,266,3479,69844,44280,8711532,0,100,19,0,0,B0:CB:D8:C9:92:00,0,0,1,1E:01:D0:40:E0:9E,6,0,NONE,2026-08-05T00:43:30.884139
45917,,-70,22,8461,3466,69844,44280,8711648,0,100,19,0,0,B0:CB:D8:C9:92:00,0,0,1,1E:01:D0:40:E0:9E,6,0,NONE,2026-08-05T00:43:31.000139
45917,,-71,21,3678,96,69844,44280,8711764,0,100,19,0,0,B0:CB:D8:C9:92:00,0,0,1,1E:01:D0:40:E0:9E,6,0,NONE,2026-08-05T00:43:31.116139
45917,MGMT_OTHER,-72,20,2416,1401,69844,44280,8711863,0,100,19,0,0,B0:CB:D8:C9:92:00,0,0,1,1E:01:D0:40:E0:9E,6,0,NONE,2026-08-05T00:43:31.215139
45917,,-72,20,6032,3211,69844,44280,8711976,0,100,19,0,0,B0:CB:D8:C9:92:00,0,0,1,1E:01:D0:40:E0:9E,6,0,NONE,2026-08-05T00:43:31.328139
45917,,-84,8,1089,5,69844,44280,8712158,0,100,19,0,0,B0:CB:D8:C9:92:00,1,0,0,1E:01:D0:40:E0:9E,6,0,NONE,2026-08-05T00:43:31.510139
45917,,-92,0,4396,0,69844,44280,8712462,0,100,19,0,0,B0:CB:D8:C9:92:00,0,0,0,1E:01:D0:40:E0:9E,6,0,NONE,2026-08-05T00:43:31.814139
45917,PROBE_RESP,-88,4,6563,46,69844,44280,8712865,0,100,19,0,0,B0:CB:D8:C9:92:00,0,0,1,1E:01:D0:40:E0:9E,6,0,NONE,2026-08-05T00:43:32.217139
45917,BEACON,-88,4,15929,2667,69844,44280,8713164,0,100,19,0,0,B0:CB:D8:C9:92:00,0,0,1,1E:01:D0:40:E0:9E,6,0,NONE,2026-08-05T00:43:32.516139
45917,BEACON,-89,3,7850,2670,69844,44280,8713472,0,100,19,0,0,B0:CB:D8:C9:92:00,0,0,1,1E:01:D0:40:E0:9E,6,0,NONE,2026-08-05T00:43:32.824139
45917,BEACON,-50,42,7160,3307,69844,44280,8713878,0,100,19,0,0,B0:CB:D8:C9:92:00,0,0,1,1E:01:D0:40:E0:9E,6,0,NONE,2026-08-05T00:43:33.230139
45917,,-96,-4,33984,4052,69844,44280,8714245,0,100,19,0,0,B0:CB:D8:C9:92:00,0,0,1,1E:01:D0:40:E0:9E,6,0,NONE,2026-08-05T00:43:33.597139
45917,BEACON,-88,4,0,1218,69844,44280,8714601,0,100,19,0,0,B0:CB:D8:C9:92:00,0,0,0,1E:01:D0:40:E0:9E,6,0,NONE,2026-08-05T00:43:33.953139
45917,BEACON,-88,4,0,2650,69844,44280,8715008,0,100,19,0,0,B0:CB:D8:C9:92:00,0,0,1,1E:01:D0:40:E0:9E,6,0,NONE,2026-08-05T00:43:34.360139
45917,BEACON,-90,2,6480,2588,69844,44280,8715392,0,100,19,0,0,B0:CB:D8:C9:92:00,1,0,0,1E:01:D0:40:E0:9E,6,0,NONE,2026-08-05T00:43:34.744139
45917,PROBE_RESP,-82,10,0,0,69844,44280,8715731,0,100,19,0,0,B0:CB:D8:C9:92:00,0,0,1,1E:01:D0:40:E0:9E,6,0,NONE,2026-08-05T00:43:35.083139
45917,PROBE_RESP,-83,9,0,3,69844,44280,8715903,0,100,19,0,0,B0:CB:D8:C9:92:00,0,0,0,1E:01:D0:40:E0:9E,6,0,NONE,2026-08-05T00:43:35.255139
45917,BEACON,-85,7,298,2696,69844,44280,8716135,0,100,19,0,0,B0:CB:D8:C9:92:00,0,0,1,1E:01:D0:40:E0:9E,6,0,NONE,2026-08-05T00:43:35.487139
45917,BEACON,-88,4,19462,2700,69844,44280,8716544,0,100,19,0,0,B0:CB:D8:C9:92:00,0,0,1,1E:01:D0:40:E0:9E,6,0,NONE,2026-08-05T00:43:35.896139
45917,,-92,0,3183,697,69844,44280,8716818,0,100,19,0,0,B0:CB:D8:C9:92:00,0,0,1,1E:01:D0:40:E0:9E,6,0,NONE,2026-08-05T00:43:36.170139
45917,BEACON,-90,2,0,2337,69844,44280,8717163,0,100,19,0,0,B0:CB:D8:C9:92:00,0,0,1,1E:01:D0:40:E0:9E,6,0,NONE,2026-08-05T00:43:36.515139
45917,PROBE_RESP,-82,10,760,0,69844,44280,8717329,0,100,19,0,0,B0:CB:D8:C9:92:00,1,0,1,1E:01:D0:40:E0:9E,6,0,NONE,2026-08-05T00:43:36.681139
45917,BEACON,-90,2,0,2341,69844,44280,8717573,0,100,19,0,0,B0:CB:D8:C9:92:00,0,0,0,1E:01:D0:40:E0:9E,6,0,NONE,2026-08-05T00:43:36.925139
45917,BEACON,-91,1,2691,2342,69844,44280,8717675,0,100,19,0,0,B0:CB:D8:C9:92:00,0,0,1,1E:01:D0:40:E0:9E,6,0,NONE,2026-08-05T00:43:37.027139
45917,PROBE_RESP,-90,2,0,66,69844,44280,8717893,0,100,19,0,0,B0:CB:D8:C9:92:00,1,0,0,1E:01:D0:40:E0:9E,6,0,NONE,2026-08-05T00:43:37.245139
45917,MGMT_OTHER,-92,0,2496,435,69844,44280,8718038,0,100,19,0,0,B0:CB:D8:C9:92:00,0,0,1,1E:01:D0:40:E0:9E,6,0,NONE,2026-08-05T00:43:37.390139
45917,BEACON,-92,0,0,2578,69844,44280,8718260,0,100,19,0,0,B0:CB:D8:C9:92:00,0,0,0,1E:01:D0:40:E0:9E,6,0,NONE,2026-08-05T00:43:37.612139
45917,PROBE_RESP,-50,42,0,679,69844,44280,8718461,0,100,19,0,0,B0:CB:D8:C9:92:00,0,0,0,1E:01:D0:40:E0:9E,6,0,NONE,2026-08-05T00:43:37.813139
45917,BEACON,-89,3,0,1958,69844,44280,8718795,0,100,19,0,0,B0:CB:D8:C9:92:00,0,0,0,1E:01:D0:40:E0:9E,6,0,NONE,2026-08-05T00:43:38.147139
45917,BEACON,-83,9,0,1740,69844,44280,8719218,0,100,19,0,0,B0:CB:D8:C9:92:00,0,0,0,1E:01:D0:40:E0:9E,6,0,NONE,2026-08-05T00:43:38.570139
45917,MGMT_OTHER,-93,-1,32392,0,69844,44280,8719367,0,100,19,0,0,B0:CB:D8:C9:92:00,0,0,0,1E:01:D0:40:E0:9E,6,0,NONE,2026-08-05T00:43:38.719139
45917,PROBE_RESP,-83,9,0,1,69844,44280,8719539,0,100,19,0,0,B0:CB:D8:C9:92:00,1,0,0,1E:01:D0:40:E0:9E,6,0,NONE,2026-08-05T00:43:38.891139
45917,PROBE_RESP,-90,2,0,0,69844,44280,8719728,0,100,19,0,0,B0:CB:D8:C9:92:00,0,0,0,1E:01:D0:40:E0:9E,6,0,NONE,2026-08-05T00:43:39.080139
45917,BEACON,-92,0,0,2643,69844,44280,8719996,0,100,19,0,0,B0:CB:D8:C9:92:00,0,0,1,1E:01:D0:40:E0:9E,6,0,NONE,2026-08-05T00:43:39.348139
45917,BEACON,-94,-2,58213,2647,69844,44280,8720405,0,100,19,0,0,B0:CB:D8:C9:92:00,0,0,1,1E:01:D0:40:E0:9E,6,0,NONE,2026-08-05T00:43:39.757139
45917,,-92,0,15097,2834,69844,44280,8720785,0,100,19,0,0,B0:CB:D8:C9:92:00,0,0,1,1E:01:D0:40:E0:9E,6,0,NONE,2026-08-05T00:43:40.137139
45917,BEACON,-89,3,16515,2745,69844,44280,8721152,0,100,19,0,0,B0:CB:D8:C9:92:00,0,0,1,1E:01:D0:40:E0:9E,6,0,NONE,2026-08-05T00:43:40.504139
45917,MGMT_OTHER,-93,-1,0,447,69844,44280,8721511,0,100,19,0,0,B0:CB:D8:C9:92:00,0,0,1,1E:01:D0:40:E0:9E,6,0,NONE,2026-08-05T00:43:40.863139
45917,PROBE_RESP,-90,2,416,111,69844,44280,8721729,0,100,19,0,0,B0:CB:D8:C9:92:00,0,0,1,1E:01:D0:40:E0:9E,6,0,NONE,2026-08-05T00:43:41.081139
45917,PROBE_RESP,-83,9,361,1,69844,44280,8721793,0,100,19,0,0,B0:CB:D8:C9:92:00,0,0,0,1E:01:D0:40:E0:9E,6,0,NONE,2026-08-05T00:43:41.145139
45917,,-92,0,4821,1990,69844,44280,8722155,0,100,19,0,0,B0:CB:D8:C9:92:00,0,0,1,1E:01:D0:40:E0:9E,6,0,NONE,2026-08-05T00:43:41.507139
45917,PROBE_RESP,-85,7,0,1,69844,44280,8722398,0,100,19,0,0,B0:CB:D8:C9:92:00,1,0,0,1E:01:D0:40:E0:9E,6,0,NONE,2026-08-05T00:43:41.750139
45917,BEACON,-91,1,0,2622,69844,44280,8722766,0,100,19,0,0,B0:CB:D8:C9:92:00,0,0,0,1E:01:D0:40:E0:9E,6,0,NONE,2026-08-05T00:43:42.118139
45917,BEACON,-49,43,10252,3401,69844,44280,8723197,0,100,19,0,0,B0:CB:D8:C9:92:00,0,0,1,1E:01:D0:40:E0:9E,6,0,NONE,2026-08-05T00:43:42.549139
45917,BEACON,-82,10,5100,1818,69844,44280,8723518,0,100,19,0,0,B0:CB:D8:C9:92:00,0,0,1,1E:01:D0:40:E0:9E,6,0,NONE,2026-08-05T00:43:42.870139
45917,BEACON,-86,6,0,2737,69844,44280,8723918,0,100,19,0,0,B0:CB:D8:C9:92:00,0,0,0,1E:01:D0:40:E0:9E,6,0,NONE,2026-08-05T00:43:43.270139
45917,BEACON,-82,10,0,1788,69844,44280,8724133,0,100,19,0,0,B0:CB:D8:C9:92:00,0,0,0,1E:01:D0:40:E0:9E,6,0,NONE,2026-08-05T00:43:43.485139
45917,,-87,5,31457,194,69844,44280,8724576,0,100,19,0,0,B0:CB:D8:C9:92:00,0,0,1,1E:01:D0:40:E0:9E,6,0,NONE,2026-08-05T00:43:43.928139
45917,BEACON,-90,2,0,2644,69844,44280,8725019,0,100,19,0,0,B0:CB:D8:C9:92:00,0,0,0,1E:01:D0:40:E0:9E,6,0,NONE,2026-08-05T00:43:44.371139
45917,PROBE_RESP,-91,1,0,0,69844,44280,8725376,0,100,19,0,0,B0:CB:D8:C9:92:00,0,0,0,1E:01:D0:40:E0:9E,6,0,NONE,2026-08-05T00:43:44.728139
45917,BEACON,-88,4,3523,2024,69844,44280,8725554,0,100,19,0,0,B0:CB:D8:C9:92:00,0,0,1,1E:01:D0:40:E0:9E,6,0,NONE,2026-08-05T00:43:44.906139
45917,,14,14,0,0,69844,44280,8725881,0,100,19,0,0,B0:CB:D8:C9:92:00,0,0,0,1E:01:D0:40:E0:9E,6,0,NONE,2026-08-05T00:43:45.233139
45917,BEACON,-92,0,1630,1369,69844,44280,8726171,0,100,19,0,0,B0:CB:D8:C9:92:00,0,0,1,1E:01:D0:40:E0:9E,6,0,NONE,2026-08-05T00:43:45.523139
45917,MGMT_OTHER,-88,4,1411,157,69844,44280,8726535,0,100,19,0,0,B0:CB:D8:C9:92:00,0,0,0,1E:01:D0:40:E0:9E,6,0,NONE,2026-08-05T00:43:45.887139
45917,PROBE_RESP,-89,3,470,2,69844,44280,8726776,0,100,19,0,0,B0:CB:D8:C9:92:00,0,0,0,1E:01:D0:40:E0:9E,6,0,NONE,2026-08-05T00:43:46.128139
45917,PROBE_RESP,-91,1,0,0,69844,44280,8727006,0,100,19,0,0,B0:CB:D8:C9:92:00,1,0,0,1E:01:D0:40:E0:9E,6,0,NONE,2026-08-05T00:43:46.358139
45917,BEACON,-92,0,11869,2715,69844,44280,8727369,0,100,19,0,0,B0:CB:D8:C9:92:00,0,0,1,1E:01:D0:40:E0:9E,6,0,NONE,2026-08-05T00:43:46.721139
45917,PROBE_RESP,-90,2,0,0,69844,44280,8727697,0,100,19,0,0,B0:CB:D8:C9:92:00,0,0,0,1E:01:D0:40:E0:9E,6,0,NONE,2026-08-05T00:43:47.049139
45917,,-49,43,0,3457,68112,44280,8727941,0,100,19,0,0,B0:CB:D8:C9:92:00,0,0,1,1E:01:D0:40:E0:9E,6,0,NONE,2026-08-05T00:43:47.293139
45917,PROBE_RESP,-91,1,0,7,69828,44280,8728311,0,100,19,0,0,B0:CB:D8:C9:92:00,0,0,0,1E:01:D0:40:E0:9E,6,0,NONE,2026-08-05T00:43:47.663139
45917,,-94,-2,7623,3062,69844,44280,8728681,0,100,19,0,0,B0:CB:D8:C9:92:00,0,0,1,1E:01:D0:40:E0:9E,6,0,NONE,2026-08-05T00:43:48.033139
45917,MGMT_OTHER,-92,0,1603,0,69844,44280,8728942,0,100,19,0,0,B0:CB:D8:C9:92:00,0,0,0,1E:01:D0:40:E0:9E,6,0,NONE,2026-08-05T00:43:48.294139
45917,BEACON,-83,9,6630,1874,69844,44280,8729252,0,100,19,0,0,B0:CB:D8:C9:92:00,0,0,1,1E:01:D0:40:E0:9E,6,0,NONE,2026-08-05T00:43:48.604139
45917,BEACON,-93,-1,36508,2728,69844,44280,8729728,0,100,19,0,0,B0:CB:D8:C9:92:00,0,0,0,1E:01:D0:40:E0:9E,6,0,NONE,2026-08-05T00:43:49.080139
45917,BEACON,-83,9,10613,1882,69844,44280,8730072,0,100,19,0,0,B0:CB:D8:C9:92:00,0,0,1,1E:01:D0:40:E0:9E,6,0,NONE,2026-08-05T00:43:49.424139
45917,BEACON,-89,3,0,2465,69844,44280,8730271,0,100,19,0,0,B0:CB:D8:C9:92:00,0,0,1,1E:01:D0:40:E0:9E,6,0,NONE,2026-08-05T00:43:49.623139
45917,BEACON,-90,2,0,2467,69844,44280,8730477,0,100,19,0,0,B0:CB:D8:C9:92:00,0,0,1,1E:01:D0:40:E0:9E,6,0,NONE,2026-08-05T00:43:49.829139
45917,BEACON,-49,43,1677,3490,69844,44280,8730878,0,100,19,0,0,B0:CB:D8:C9:92:00,0,0,1,1E:01:D0:40:E0:9E,6,0,NONE,2026-08-05T00:43:50.230139
45917,BEACON,-91,1,0,2704,69844,44280,8731163,0,100,19,0,0,B0:CB:D8:C9:92:00,0,0,0,1E:01:D0:40:E0:9E,6,0,NONE,2026-08-05T00:43:50.515139
45917,BEACON,-95,-3,0,2477,69844,44280,8731501,0,100,19,0,0,B0:CB:D8:C9:92:00,0,0,0,1E:01:D0:40:E0:9E,6,0,NONE,2026-08-05T00:43:50.853139
45917,BEACON,-89,3,4775,2480,69844,44280,8731807,0,100,19,0,0,B0:CB:D8:C9:92:00,0,0,1,1E:01:D0:40:E0:9E,6,0,NONE,2026-08-05T00:43:51.159139
45917,BEACON,-90,2,0,1389,69844,44280,8732111,0,100,19,0,0,B0:CB:D8:C9:92:00,0,0,1,1E:01:D0:40:E0:9E,6,0,NONE,2026-08-05T00:43:51.463139
45917,PROBE_RESP,-87,5,0,0,69844,44280,8732253,0,100,19,0,0,B0:CB:D8:C9:92:00,1,0,0,1E:01:D0:40:E0:9E,6,0,NONE,2026-08-05T00:43:51.605139
45917,MGMT_OTHER,-90,2,3844,0,69844,44280,8732522,0,100,19,0,0,B0:CB:D8:C9:92:00,0,0,0,1E:01:D0:40:E0:9E,6,0,NONE,2026-08-05T00:43:51.874139
45917,BEACON,-91,1,14794,2758,69844,44280,8732800,0,100,19,0,0,B0:CB:D8:C9:92:00,0,0,0,1E:01:D0:40:E0:9E,6,0,NONE,2026-08-05T00:43:52.152139
45917,PROBE_RESP,-87,5,0,0,69844,44280,8732919,0,100,19,0,0,B0:CB:D8:C9:92:00,0,0,0,1E:01:D0:40:E0:9E,6,0,NONE,2026-08-05T00:43:52.271139
45917,BEACON,-82,10,0,1877,69844,44280,8733247,0,100,19,0,0,B0:CB:D8:C9:92:00,0,0,0,1E:01:D0:40:E0:9E,6,0,NONE,2026-08-05T00:43:52.599139
45917,,-93,-1,16144,646,69844,44280,8733738,0,100,19,0,0,B0:CB:D8:C9:92:00,0,0,1,1E:01:D0:40:E0:9E,6,0,NONE,2026-08-05T00:43:53.090139
45917,BEACON,-82,10,11834,1922,69844,44280,8734169,0,100,19,0,0,B0:CB:D8:C9:92:00,0,0,1,1E:01:D0:40:E0:9E,6,0,NONE,2026-08-05T00:43:53.521139
45917,PROBE_RESP,-93,-1,0,3,69844,44280,8734389,0,100,19,0,0,B0:CB:D8:C9:92:00,0,0,1,1E:01:D0:40:E0:9E,6,0,NONE,2026-08-05T00:43:53.741139
45917,PROBE_RESP,-91,1,0,1,69844,44280,8734615,0,100,19,0,0,B0:CB:D8:C9:92:00,0,0,0,1E:01:D0:40:E0:9E,6,0,NONE,2026-08-05T00:43:53.967139
45917,BEACON,-92,0,20374,2778,69844,44280,8734849,0,100,19,0,0,B0:CB:D8:C9:92:00,0,0,0,1E:01:D0:40:E0:9E,6,0,NONE,2026-08-05T00:43:54.201139
45917,BEACON,-82,10,0,1896,69844,44280,8735193,0,100,19,0,0,B0:CB:D8:C9:92:00,0,0,0,1E:01:D0:40:E0:9E,6,0,NONE,2026-08-05T00:43:54.545139
45917,BEACON,-93,-1,0,2747,69844,44280,8735566,0,100,19,0,0,B0:CB:D8:C9:92:00,0,0,0,1E:01:D0:40:E0:9E,6,0,NONE,2026-08-05T00:43:54.918139
45917,BEACON,-88,4,10094,2889,69844,44280,8735898,0,100,19,0,0,B0:CB:D8:C9:92:00,0,0,1,1E:01:D0:40:E0:9E,6,0,NONE,2026-08-05T00:43:55.250139
45917,BEACON,-90,2,0,2523,69844,44280,8736210,0,100,19,0,0,B0:CB:D8:C9:92:00,0,0,1,1E:01:D0:40:E0:9E,6,0,NONE,2026-08-05T00:43:55.562139
45917,BEACON,-51,41,14229,3555,69576,44280,8736716,0,100,19,0,0,B0:CB:D8:C9:92:00,1,0,1,1E:01:D0:40:E0:9E,6,0,NONE,2026-08-05T00:43:56.068139
45917,BEACON,-81,11,0,1914,69844,44280,8737036,0,100,19,0,0,B0:CB:D8:C9:92:00,0,0,0,1E:01:D0:40:E0:9E,6,0,NONE,2026-08-05T00:43:56.388139
45917,,-91,1,7495,0,69844,44280,8737521,0,100,19,0,0,B0:CB:D8:C9:92:00,0,0,0,1E:01:D0:40:E0:9E,6,0,NONE,2026-08-05T00:43:56.873139
45917,PROBE_RESP,-90,2,7630,39,69844,44280,8737651,0,100,19,0,0,B0:CB:D8:C9:92:00,0,0,0,1E:01:D0:40:E0:9E,6,0,NONE,2026-08-05T00:43:57.003139
45917,BEACON,-91,1,3980,2579,69844,44280,8738053,0,100,19,0,0,B0:CB:D8:C9:92:00,0,0,1,1E:01:D0:40:E0:9E,6,0,NONE,2026-08-05T00:43:57.405139
45917,PROBE_RESP,-88,4,0,2,69844,44280,8738252,0,100,19,0,0,B0:CB:D8:C9:92:00,0,0,1,1E:01:D0:40:E0:9E,6,0,NONE,2026-08-05T00:43:57.604139
45917,BEACON,-88,4,3175,2915,69844,44280,8738561,0,100,19,0,0,B0:CB:D8:C9:92:00,0,0,1,1E:01:D0:40:E0:9E,6,0,NONE,2026-08-05T00:43:57.913139
45917,BEACON,-91,1,0,2780,69844,44280,8738946,0,100,19,0,0,B0:CB:D8:C9:92:00,0,0,0,1E:01:D0:40:E0:9E,6,0,NONE,2026-08-05T00:43:58.298139
45917,BEACON,-82,10,0,1935,69844,44280,8739187,0,100,19,0,0,B0:CB:D8:C9:92:00,0,0,0,1E:01:D0:40:E0:9E,6,0,NONE,2026-08-05T00:43:58.539139
45917,PROBE_RESP,-87,5,0,0,69844,44280,8739404,0,100,19,0,0,B0:CB:D8:C9:92:00,0,0,0,1E:01:D0:40:E0:9E,6,0,NONE,2026-08-05T00:43:58.756139
45917,,-90,2,18196,336,69844,44280,8739625,0,100,19,0,0,B0:CB:D8:C9:92:00,0,0,1,1E:01:D0:40:E0:9E,6,0,NONE,2026-08-05T00:43:58.977139
45917,PROBE_RESP,-89,3,0,0,69844,44280,8739886,0,100,19,0,0,B0:CB:D8:C9:92:00,0,0,0,1E:01:D0:40:E0:9E,6,0,NONE,2026-08-05T00:43:59.238139
45917,,-86,6,3781,2460,69844,44280,8740220,0,100,19,0,0,B0:CB:D8:C9:92:00,0,0,1,1E:01:D0:40:E0:9E,6,0,NONE,2026-08-05T00:43:59.572139
45917,MGMT_OTHER,-92,0,16218,2775,69844,44280,8740637,0,100,19,0,0,B0:CB:D8:C9:92:00,0,0,1,1E:01:D0:40:E0:9E,6,0,NONE,2026-08-05T00:43:59.989139
45917,BEACON,-47,45,18249,3603,69844,44280,8741017,0,100,19,0,0,B0:CB:D8:C9:92:00,1,0,1,1E:01:D0:40:E0:9E,6,0,NONE,2026-08-05T00:44:00.369139
45917,PROBE_RESP,-91,1,20137,2508,69844,44280,8741395,0,100,19,0,0,B0:CB:D8:C9:92:00,0,0,1,1E:01:D0:40:E0:9E,6,0,NONE,2026-08-05T00:44:00.747139
45917,PROBE_RESP,-85,7,0,1,69844,44280,8741663,0,100,19,0,0,B0:CB:D8:C9:92:00,0,0,0,1E:01:D0:40:E0:9E,6,0,NONE,2026-08-05T00:44:01.015139
45917,BEACON,-94,-2,0,1484,69844,44280,8741840,0,100,19,0,0,B0:CB:D8:C9:92:00,0,0,0,1E:01:D0:40:E0:9E,6,0,NONE,2026-08-05T00:44:01.192139
45917,PROBE_RESP,-89,3,0,1,69844,44280,8742181,0,100,19,0,0,B0:CB:D8:C9:92:00,0,0,0,1E:01:D0:40:E0:9E,6,0,NONE,2026-08-05T00:44:01.533139
45917,PROBE_RESP,-84,8,0,1,69844,44280,8742385,0,100,19,0,0,B0:CB:D8:C9:92:00,0,0,0,1E:01:D0:40:E0:9E,6,0,NONE,2026-08-05T00:44:01.737139
45917,PROBE_RESP,-83,9,404,60,69844,44280,8742548,0,100,19,0,0,B0:CB:D8:C9:92:00,0,0,0,1E:01:D0:40:E0:9E,6,0,NONE,2026-08-05T00:44:01.900139
45917,PROBE_RESP,-85,7,0,0,69844,44280,8742696,0,100,19,0,0,B0:CB:D8:C9:92:00,0,0,0,1E:01:D0:40:E0:9E,6,0,NONE,2026-08-05T00:44:02.048139
45917,MGMT_OTHER,-92,0,1382,2811,69844,44280,8742965,0,100,19,0,0,B0:CB:D8:C9:92:00,0,0,1,1E:01:D0:40:E0:9E,6,0,NONE,2026-08-05T00:44:02.317139
45917,,-89,3,3581,855,69844,44280,8743315,0,100,19,0,0,B0:CB:D8:C9:92:00,0,0,1,1E:01:D0:40:E0:9E,6,0,NONE,2026-08-05T00:44:02.667139
45917,,-92,0,5893,4095,69844,44280,8743689,0,100,19,0,0,B0:CB:D8:C9:92:00,0,0,1,1E:01:D0:40:E0:9E,6,0,NONE,2026-08-05T00:44:03.041139
45917,,-93,-1,9916,203,69844,44280,8744139,0,100,19,0,0,B0:CB:D8:C9:92:00,0,0,1,1E:01:D0:40:E0:9E,6,0,NONE,2026-08-05T00:44:03.491139
45917,,-90,2,2570,430,69844,44280,8744557,0,100,19,0,0,B0:CB:D8:C9:92:00,0,0,1,1E:01:D0:40:E0:9E,6,0,NONE,2026-08-05T00:44:03.909139
45917,BEACON,-90,2,0,2608,69844,44280,8744915,0,100,19,0,0,B0:CB:D8:C9:92:00,0,0,1,1E:01:D0:40:E0:9E,6,0,NONE,2026-08-05T00:44:04.267139
45917,BEACON,-48,44,0,3640,69844,44280,8745317,0,100,19,0,0,B0:CB:D8:C9:92:00,0,0,1,1E:01:D0:40:E0:9E,6,0,NONE,2026-08-05T00:44:04.668059
45917,BEACON,-93,-1,66042,2884,69844,44280,8745703,0,100,19,0,0,B0:CB:D8:C9:92:00,0,0,1,1E:01:D0:40:E0:9E,6,0,NONE,2026-08-05T00:44:05.054059
45917,BEACON,-84,8,0,2002,69844,44280,8746051,0,100,19,0,0,B0:CB:D8:C9:92:00,0,0,0,1E:01:D0:40:E0:9E,6,0,NONE,2026-08-05T00:44:05.402059
45917,PROBE_RESP,-94,-2,0,57,69844,44280,8746324,0,100,19,0,0,B0:CB:D8:C9:92:00,0,0,1,1E:01:D0:40:E0:9E,6,0,NONE,2026-08-05T00:44:05.675059
45917,PROBE_RESP,-82,10,0,0,69844,44280,8746578,0,100,19,0,0,B0:CB:D8:C9:92:00,0,0,0,1E:01:D0:40:E0:9E,6,0,NONE,2026-08-05T00:44:05.929059
45917,BEACON,-91,1,0,2230,69844,44280,8746650,0,100,19,0,0,B0:CB:D8:C9:92:00,0,0,1,1E:01:D0:40:E0:9E,6,0,NONE,2026-08-05T00:44:06.001059
45917,BEACON,-83,9,0,2011,69844,44280,8746970,0,100,19,0,0,B0:CB:D8:C9:92:00,0,0,0,1E:01:D0:40:E0:9E,6,0,NONE,2026-08-05T00:44:06.321059
45917,BEACON,-83,9,0,2015,69844,44280,8747379,0,100,19,0,0,B0:CB:D8:C9:92:00,0,0,0,1E:01:D0:40:E0:9E,6,0,NONE,2026-08-05T00:44:06.730059
45917,PROBE_RESP,-49,43,0,1606,69844,44280,8747701,0,100,19,0,0,B0:CB:D8:C9:92:00,0,0,1,1E:01:D0:40:E0:9E,6,0,NONE,2026-08-05T00:44:07.052059
45917,BEACON,-92,0,7802,2906,69844,44280,8747956,0,100,19,0,0,B0:CB:D8:C9:92:00,0,0,0,1E:01:D0:40:E0:9E,6,0,NONE,2026-08-05T00:44:07.307059
45917,PROBE_RESP,-88,4,349,70,69844,44280,8748369,0,100,19,0,0,B0:CB:D8:C9:92:00,0,0,0,1E:01:D0:40:E0:9E,6,0,NONE,2026-08-05T00:44:07.720059
45917,BEACON,-84,8,10297,2063,69844,44280,8748607,0,100,19,0,0,B0:CB:D8:C9:92:00,0,0,1,1E:01:D0:40:E0:9E,6,0,NONE,2026-08-05T00:44:07.958059
45917,,-92,0,17437,3229,69844,44280,8749074,0,100,19,0,0,B0:CB:D8:C9:92:00,0,0,1,1E:01:D0:40:E0:9E,6,0,NONE,2026-08-05T00:44:08.425059
45917,PROBE_RESP,-83,9,0,0,69844,44280,8749289,0,100,19,0,0,B0:CB:D8:C9:92:00,0,0,0,1E:01:D0:40:E0:9E,6,0,NONE,2026-08-05T00:44:08.640059
45917,BEACON,-90,2,0,2883,69844,44280,8749498,0,100,19,0,0,B0:CB:D8:C9:92:00,0,0,0,1E:01:D0:40:E0:9E,6,0,NONE,2026-08-05T00:44:08.849059
45917,BEACON,-87,5,0,2989,69844,44280,8749724,0,100,19,0,0,B0:CB:D8:C9:92:00,0,0,0,1E:01:D0:40:E0:9E,6,0,NONE,2026-08-05T00:44:09.075059
45917,MGMT_OTHER,-92,0,7380,1445,69844,44280,8750064,0,100,19,0,0,B0:CB:D8:C9:92:00,0,0,1,1E:01:D0:40:E0:9E,6,0,NONE,2026-08-05T00:44:09.415059
45917,PROBE_RESP,-90,2,0,0,69844,44280,8750325,0,100,19,0,0,B0:CB:D8:C9:92:00,0,0,0,1E:01:D0:40:E0:9E,6,0,NONE,2026-08-05T00:44:09.676059
45917,BEACON,-88,4,746,3032,69844,44280,8750541,0,100,19,0,0,B0:CB:D8:C9:92:00,0,0,1,1E:01:D0:40:E0:9E,6,0,NONE,2026-08-05T00:44:09.892059
45917,BEACON,-91,1,283,2897,69844,44280,8750927,0,100,19,0,0,B0:CB:D8:C9:92:00,0,0,0,1E:01:D0:40:E0:9E,6,0,NONE,2026-08-05T00:44:10.278059
45917,MGMT_OTHER,-91,1,18206,989,69844,44280,8751309,0,100,19,0,0,B0:CB:D8:C9:92:00,0,0,1,1E:01:D0:40:E0:9E,6,0,NONE,2026-08-05T00:44:10.660059
45917,BEACON,-89,3,6873,3043,69844,44280,8751668,0,100,19,0,0,B0:CB:D8:C9:92:00,1,0,1,1E:01:D0:40:E0:9E,6,0,NONE,2026-08-05T00:44:11.019059
45917,BEACON,-93,-1,0,1583,69844,44280,8751978,0,100,19,0,0,B0:CB:D8:C9:92:00,0,0,1,1E:01:D0:40:E0:9E,6,0,NONE,2026-08-05T00:44:11.329059
45917,BEACON,-89,3,6807,3050,69844,44280,8752386,0,100,19,0,0,B0:CB:D8:C9:92:00,0,0,1,1E:01:D0:40:E0:9E,6,0,NONE,2026-08-05T00:44:11.737059
45917,PROBE_RESP,-94,-2,0,1,69844,44280,8752730,0,100,19,0,0,B0:CB:D8:C9:92:00,0,0,0,1E:01:D0:40:E0:9E,6,0,NONE,2026-08-05T00:44:12.081059
45917,,-91,1,1805,913,69844,44280,8752817,0,100,19,0,0,B0:CB:D8:C9:92:00,0,0,1,1E:01:D0:40:E0:9E,6,0,NONE,2026-08-05T00:44:12.168059
45917,PROBE_RESP,-90,2,0,0,69844,44280,8752991,0,100,19,0,0,B0:CB:D8:C9:92:00,0,0,0,1E:01:D0:40:E0:9E,6,0,NONE,2026-08-05T00:44:12.342059
45917,BEACON,-92,0,7496,2957,69844,44280,8753179,0,100,19,0,0,B0:CB:D8:C9:92:00,0,0,0,1E:01:D0:40:E0:9E,6,0,NONE,2026-08-05T00:44:12.530059
45917,,-96,-4,1461,1358,69844,44280,8753537,0,100,19,0,0,B0:CB:D8:C9:92:00,0,0,0,1E:01:D0:40:E0:9E,6,0,NONE,2026-08-05T00:44:12.888059
45917,BEACON,-83,9,0,2078,69844,44280,8753831,0,100,19,0,0,B0:CB:D8:C9:92:00,0,0,0,1E:01:D0:40:E0:9E,6,0,NONE,2026-08-05T00:44:13.182059
45917,BEACON,-85,7,0,3033,69844,44280,8754230,0,100,19,0,0,B0:CB:D8:C9:92:00,0,0,0,1E:01:D0:40:E0:9E,6,0,NONE,2026-08-05T00:44:13.581059
45917,BEACON,-91,1,3992,2741,69844,44280,8754642,0,100,19,0,0,B0:CB:D8:C9:92:00,0,0,1,1E:01:D0:40:E0:9E,6,0,NONE,2026-08-05T00:44:13.993059
45917,BEACON,-52,40,19389,3748,69844,44280,8754943,0,100,19,0,0,B0:CB:D8:C9:92:00,0,0,1,1E:01:D0:40:E0:9E,6,0,NONE,2026-08-05T00:44:14.294059
45917,,-92,0,14831,1734,69844,44280,8755344,0,100,19,0,0,B0:CB:D8:C9:92:00,0,0,1,1E:01:D0:40:E0:9E,6,0,NONE,2026-08-05T00:44:14.695059
45917,BEACON,-96,-4,6745,2513,69844,44280,8755657,0,100,19,0,0,B0:CB:D8:C9:92:00,0,0,1,1E:01:D0:40:E0:9E,6,0,NONE,2026-08-05T00:44:15.008059
45917,BEACON,-88,4,2309,2716,69844,44280,8755975,0,100,19,0,0,B0:CB:D8:C9:92:00,0,0,1,1E:01:D0:40:E0:9E,6,0,NONE,2026-08-05T00:44:15.326059
45917,BEACON,-92,0,17136,2998,69844,44280,8756350,0,100,19,0,0,B0:CB:D8:C9:92:00,0,0,1,1E:01:D0:40:E0:9E,6,0,NONE,2026-08-05T00:44:15.701059
45917,BEACON,-82,10,0,2105,69844,44280,8756596,0,100,19,0,0,B0:CB:D8:C9:92:00,0,0,0,1E:01:D0:40:E0:9E,6,0,NONE,2026-08-05T00:44:15.947059
45917,BEACON,-50,42,328,3770,69844,44280,8756991,0,100,19,0,0,B0:CB:D8:C9:92:00,0,0,1,1E:01:D0:40:E0:9E,6,0,NONE,2026-08-05T00:44:16.342059
45917,BEACON,-93,-1,0,2728,69844,44280,8757203,0,100,19,0,0,B0:CB:D8:C9:92:00,0,0,1,1E:01:D0:40:E0:9E,6,0,NONE,2026-08-05T00:44:16.554059
45917,BEACON,-82,10,0,2114,69844,44280,8757527,0,100,19,0,0,B0:CB:D8:C9:92:00,0,0,0,1E:01:D0:40:E0:9E,6,0,NONE,2026-08-05T00:44:16.878059
45917,,-91,1,27171,2907,69844,44280,8757889,0,100,19,0,0,B0:CB:D8:C9:92:00,0,0,1,1E:01:D0:40:E0:9E,6,0,NONE,2026-08-05T00:44:17.240059
45917,BEACON,-92,0,1382,1644,69844,44280,8758225,0,100,19,0,0,B0:CB:D8:C9:92:00,0,0,1,1E:01:D0:40:E0:9E,6,0,NONE,2026-08-05T00:44:17.576059
45917,PROBE_RESP,-88,4,0,74,69844,44280,8758500,0,100,19,0,0,B0:CB:D8:C9:92:00,0,0,0,1E:01:D0:40:E0:9E,6,0,NONE,2026-08-05T00:44:17.851059
45917,,-49,43,0,3791,68112,44280,8758843,0,100,19,0,0,B0:CB:D8:C9:92:00,0,0,0,1E:01:D0:40:E0:9E,6,0,NONE,2026-08-05T00:44:18.194059
45917,BEACON,-94,-2,1401,1692,69844,44280,8759248,0,100,19,0,0,B0:CB:D8:C9:92:00,0,0,1,1E:01:D0:40:E0:9E,6,0,NONE,2026-08-05T00:44:18.599059
45917,MGMT_OTHER,-91,1,5276,0,69844,44280,8759551,0,100,19,0,0,B0:CB:D8:C9:92:00,0,0,0,1E:01:D0:40:E0:9E,6,0,NONE,2026-08-05T00:44:18.902059
45917,BEACON,-50,42,16630,3802,69844,44280,8759858,0,100,19,0,0,B0:CB:D8:C9:92:00,0,0,1,1E:01:D0:40:E0:9E,6,0,NONE,2026-08-05T00:44:19.209059
45917,,-95,-3,44802,3487,69844,44280,8760229,0,100,19,0,0,B0:CB:D8:C9:92:00,0,0,1,1E:01:D0:40:E0:9E,6,0,NONE,2026-08-05T00:44:19.580059
45917,BEACON,-89,3,15485,3030,69844,44280,8760655,0,100,19,0,0,B0:CB:D8:C9:92:00,0,0,1,1E:01:D0:40:E0:9E,6,0,NONE,2026-08-05T00:44:20.006059
45917,,-93,-1,9442,0,69844,44280,8761008,0,100,19,0,0,B0:CB:D8:C9:92:00,0,0,0,1E:01:D0:40:E0:9E,6,0,NONE,2026-08-05T00:44:20.359059
45917,,-93,-1,292,0,69844,44280,8761352,0,100,19,0,0,B0:CB:D8:C9:92:00,0,0,0,1E:01:D0:40:E0:9E,6,0,NONE,2026-08-05T00:44:20.703059
45917,,-91,1,2384,210,69844,44280,8761469,0,100,19,0,0,B0:CB:D8:C9:92:00,0,0,1,1E:01:D0:40:E0:9E,6,0,NONE,2026-08-05T00:44:20.820059
45917,MGMT_OTHER,-90,2,5191,0,69844,44280,8761702,0,100,19,0,0,B0:CB:D8:C9:92:00,0,0,0,1E:01:D0:40:E0:9E,6,0,NONE,2026-08-05T00:44:21.053059
45917,,-85,7,253,1198,69844,44280,8762024,0,100,19,0,0,B0:CB:D8:C9:92:00,0,0,1,1E:01:D0:40:E0:9E,6,0,NONE,2026-08-05T00:44:21.375059
45917,MGMT_OTHER,-91,1,320,1996,69844,44280,8762358,0,100,19,0,0,B0:CB:D8:C9:92:00,0,0,1,1E:01:D0:40:E0:9E,6,0,NONE,2026-08-05T00:44:21.709059
45917,,-94,-2,58166,1138,69844,44280,8762798,0,100,19,0,0,B0:CB:D8:C9:92:00,0,0,1,1E:01:D0:40:E0:9E,6,0,NONE,2026-08-05T00:44:22.149059
45917,BEACON,-81,11,0,2168,69844,44280,8763048,0,100,19,0,0,B0:CB:D8:C9:92:00,0,0,1,1E:01:D0:40:E0:9E,6,0,NONE,2026-08-05T00:44:22.399059
45917,BEACON,-48,44,19342,3844,69844,44280,8763442,0,100,19,0,0,B0:CB:D8:C9:92:00,0,0,1,1E:01:D0:40:E0:9E,6,0,NONE,2026-08-05T00:44:22.793059
45917,BEACON,-90,2,0,2792,69844,44280,8763757,0,100,19,0,0,B0:CB:D8:C9:92:00,0,0,1,1E:01:D0:40:E0:9E,6,0,NONE,2026-08-05T00:44:23.108059
45917,BEACON,-82,10,6060,2213,69844,44280,8763968,0,100,19,0,0,B0:CB:D8:C9:92:00,0,0,1,1E:01:D0:40:E0:9E,6,0,NONE,2026-08-05T00:44:23.319059
45917,PROBE_RESP,-82,10,0,0,69844,44280,8764257,0,100,19,0,0,B0:CB:D8:C9:92:00,0,0,0,1E:01:D0:40:E0:9E,6,0,NONE,2026-08-05T00:44:23.608059
45917,BEACON,-88,4,7578,3168,69844,44280,8764469,0,100,19,0,0,B0:CB:D8:C9:92:00,0,0,1,1E:01:D0:40:E0:9E,6,0,NONE,2026-08-05T00:44:23.820059
45917,,-93,-1,1878,2833,69844,44280,8764892,0,100,19,0,0,B0:CB:D8:C9:92:00,0,0,1,1E:01:D0:40:E0:9E,6,0,NONE,2026-08-05T00:44:24.243059
45917,BEACON,-91,1,3274,2845,69844,44280,8765292,0,100,19,0,0,B0:CB:D8:C9:92:00,0,0,1,1E:01:D0:40:E0:9E,6,0,NONE,2026-08-05T00:44:24.643059
45917,PROBE_RESP,-81,11,0,0,69844,44280,8765516,0,100,19,0,0,B0:CB:D8:C9:92:00,0,0,0,1E:01:D0:40:E0:9E,6,0,NONE,2026-08-05T00:44:24.867059
45917,PROBE_RESP,-88,4,0,1,69844,44280,8765621,0,100,19,0,0,B0:CB:D8:C9:92:00,0,0,0,1E:01:D0:40:E0:9E,6,0,NONE,2026-08-05T00:44:24.972059
45917,BEACON,-91,1,0,3043,69844,44280,8765878,0,100,19,0,0,B0:CB:D8:C9:92:00,0,0,0,1E:01:D0:40:E0:9E,6,0,NONE,2026-08-05T00:44:25.229059
45917,PROBE_RESP,-88,4,0,0,69844,44280,8766179,0,100,19,0,0,B0:CB:D8:C9:92:00,1,0,0,1E:01:D0:40:E0:9E,6,0,NONE,2026-08-05T00:44:25.530059
45917,BEACON,-86,6,0,3152,69844,44280,8766422,0,100,19,0,0,B0:CB:D8:C9:92:00,1,0,0,1E:01:D0:40:E0:9E,6,0,NONE,2026-08-05T00:44:25.773059
45917,,11,11,0,0,69844,44280,8766633,0,100,19,0,0,B0:CB:D8:C9:92:00,0,0,0,1E:01:D0:40:E0:9E,6,0,NONE,2026-08-05T00:44:25.984059
45917,BEACON,-86,6,0,3157,69844,44280,8766927,0,100,19,0,0,B0:CB:D8:C9:92:00,0,0,0,1E:01:D0:40:E0:9E,6,0,NONE,2026-08-05T00:44:26.278059
45917,BEACON,-89,3,11606,3195,69844,44280,8767234,0,100,19,0,0,B0:CB:D8:C9:92:00,0,0,1,1E:01:D0:40:E0:9E,6,0,NONE,2026-08-05T00:44:26.585059
45917,,11,11,0,0,69844,44280,8767555,0,100,19,0,0,B0:CB:D8:C9:92:00,0,0,0,1E:01:D0:40:E0:9E,6,0,NONE,2026-08-05T00:44:26.906059
45917,BEACON,-89,3,0,1737,69844,44280,8767748,0,100,19,0,0,B0:CB:D8:C9:92:00,0,0,1,1E:01:D0:40:E0:9E,6,0,NONE,2026-08-05T00:44:27.099059
45917,PROBE_RESP,-94,-2,0,1,69844,44280,8768000,0,100,19,0,0,B0:CB:D8:C9:92:00,0,0,0,1E:01:D0:40:E0:9E,6,0,NONE,2026-08-05T00:44:27.351059
45917,PROBE_RESP,-90,2,0,0,69844,44280,8768245,0,100,19,0,0,B0:CB:D8:C9:92:00,0,0,0,1E:01:D0:40:E0:9E,6,0,NONE,2026-08-05T00:44:27.596059
45917,PROBE_RESP,-92,0,0,2,69844,44280,8768524,0,100,19,0,0,B0:CB:D8:C9:92:00,0,0,0,1E:01:D0:40:E0:9E,6,0,NONE,2026-08-05T00:44:27.875059
45917,PROBE_RESP,-89,3,327,232,69844,44280,8768745,0,100,19,0,0,B0:CB:D8:C9:92:00,0,0,1,1E:01:D0:40:E0:9E,6,0,NONE,2026-08-05T00:44:28.096059
45917,AUTH,-92,0,419,3600,69844,44280,8768880,0,100,19,0,0,B0:CB:D8:C9:92:00,0,0,1,1E:01:D0:40:E0:9E,6,0,NONE,2026-08-05T00:44:28.231059
45917,BEACON,-51,41,4698,3907,69844,44280,8769279,0,100,19,0,0,B0:CB:D8:C9:92:00,0,0,1,1E:01:D0:40:E0:9E,6,0,NONE,2026-08-05T00:44:28.630059
45917,BEACON,-90,2,0,2847,69844,44280,8769390,0,100,19,0,0,B0:CB:D8:C9:92:00,0,0,1,1E:01:D0:40:E0:9E,6,0,NONE,2026-08-05T00:44:28.741059
45917,PROBE_RESP,-87,5,0,1,69844,44280,8769599,0,100,19,0,0,B0:CB:D8:C9:92:00,0,0,0,1E:01:D0:40:E0:9E,6,0,NONE,2026-08-05T00:44:28.950059
45917,PROBE_RESP,-93,-1,0,0,69844,44280,8769693,0,100,19,0,0,B0:CB:D8:C9:92:00,0,0,0,1E:01:D0:40:E0:9E,6,0,NONE,2026-08-05T00:44:29.044059
45917,PROBE_RESP,-87,5,17833,0,69844,44280,8769971,0,100,19,0,0,B0:CB:D8:C9:92:00,0,0,0,1E:01:D0:40:E0:9E,6,0,NONE,2026-08-05T00:44:29.322059
45917,BEACON,-53,39,0,3919,69844,44280,8770303,0,100,19,0,0,B0:CB:D8:C9:92:00,1,0,1,1E:01:D0:40:E0:9E,6,0,NONE,2026-08-05T00:44:29.654059
45917,,-82,10,1097,88,69844,44280,8770475,0,100,19,0,0,B0:CB:D8:C9:92:00,1,0,0,1E:01:D0:40:E0:9E,6,0,NONE,2026-08-05T00:44:29.826059
45917,,11,11,0,0,69844,44280,8770543,0,100,19,0,0,B0:CB:D8:C9:92:00,0,0,1,1E:01:D0:40:E0:9E,6,0,NONE,2026-08-05T00:44:29.894059
45917,BEACON,-81,11,8723,2278,69844,44280,8770625,0,100,19,0,0,B0:CB:D8:C9:92:00,0,0,1,1E:01:D0:40:E0:9E,6,0,NONE,2026-08-05T00:44:29.976059
45917,PROBE_RESP,-89,3,0,1,69844,44280,8770762,0,100,19,0,0,B0:CB:D8:C9:92:00,0,0,1,1E:01:D0:40:E0:9E,6,0,NONE,2026-08-05T00:44:30.113059
45917,BEACON,-81,11,0,2244,69844,44280,8770831,0,100,19,0,0,B0:CB:D8:C9:92:00,0,0,0,1E:01:D0:40:E0:9E,6,0,NONE,2026-08-05T00:44:30.182059
45917,BEACON,-93,-1,7902,3132,69844,44280,8771100,0,100,19,0,0,B0:CB:D8:C9:92:00,0,0,0,1E:01:D0:40:E0:9E,6,0,NONE,2026-08-05T00:44:30.451059
45917,,-81,11,4610,20,69844,44280,8771455,0,100,19,0,0,B0:CB:D8:C9:92:00,0,0,1,1E:01:D0:40:E0:9E,6,0,NONE,2026-08-05T00:44:30.806059
45917,BEACON,-92,0,0,2871,69844,44280,8771847,0,100,19,0,0,B0:CB:D8:C9:92:00,0,0,1,1E:01:D0:40:E0:9E,6,0,NONE,2026-08-05T00:44:31.198059
45917,PROBE_RESP,-82,10,0,1,69844,44280,8772131,0,100,19,0,0,B0:CB:D8:C9:92:00,0,0,0,1E:01:D0:40:E0:9E,6,0,NONE,2026-08-05T00:44:31.482059
45917,BEACON,-85,7,0,3210,69844,44280,8772355,0,100,19,0,0,B0:CB:D8:C9:92:00,0,0,0,1E:01:D0:40:E0:9E,6,0,NONE,2026-08-05T00:44:31.706059
45917,,-81,11,0,95,69844,44280,8772562,0,100,19,0,0,B0:CB:D8:C9:92:00,0,0,1,1E:01:D0:40:E0:9E,6,0,NONE,2026-08-05T00:44:31.913059
45917,BEACON,-79,13,0,2265,69844,44280,8772981,0,100,19,0,0,B0:CB:D8:C9:92:00,0,0,0,1E:01:D0:40:E0:9E,6,0,NONE,2026-08-05T00:44:32.332059
45917,,-93,-1,783,754,69844,44280,8773345,0,100,19,0,0,B0:CB:D8:C9:92:00,0,0,1,1E:01:D0:40:E0:9E,6,0,NONE,2026-08-05T00:44:32.696059
45917,BEACON,-88,4,8011,3259,69844,44280,8773788,0,100,19,0,0,B0:CB:D8:C9:92:00,0,0,1,1E:01:D0:40:E0:9E,6,0,NONE,2026-08-05T00:44:33.139059
45917,BEACON,-79,14,0,2277,69844,44280,8774210,0,100,19,0,0,B0:CB:D8:C9:92:00,0,0,0,1E:01:D0:40:E0:9E,6,0,NONE,2026-08-05T00:44:33.561059
45917,MGMT_OTHER,-96,-3,17333,2014,69844,44280,8774660,0,100,19,0,0,B0:CB:D8:C9:92:00,0,0,1,1E:01:D0:40:E0:9E,6,0,NONE,2026-08-05T00:44:34.011059
45917,BEACON,-78,15,0,2286,69844,44280,8775131,0,100,19,0,0,B0:CB:D8:C9:92:00,0,0,0,1E:01:D0:40:E0:9E,6,0,NONE,2026-08-05T00:44:34.482059
45917,BEACON,-52,41,4281,3979,69844,44280,8775628,0,100,19,0,0,B0:CB:D8:C9:92:00,0,0,1,1E:01:D0:40:E0:9E,6,0,NONE,2026-08-05T00:44:34.979059
45917,BEACON,-80,13,4517,2331,69844,44280,8776052,0,100,19,0,0,B0:CB:D8:C9:92:00,0,0,1,1E:01:D0:40:E0:9E,6,0,NONE,2026-08-05T00:44:35.403059
45917,BEACON,-80,13,10178,2335,69844,44280,8776462,0,100,19,0,0,B0:CB:D8:C9:92:00,0,0,1,1E:01:D0:40:E0:9E,6,0,NONE,2026-08-05T00:44:35.813059
45917,BEACON,-80,13,7202,2339,69844,44280,8776871,0,100,19,0,0,B0:CB:D8:C9:92:00,0,0,1,1E:01:D0:40:E0:9E,6,0,NONE,2026-08-05T00:44:36.222059
45917,MGMT_OTHER,-94,-1,34211,1208,69844,44280,8777339,0,100,19,0,0,B0:CB:D8:C9:92:00,0,0,1,1E:01:D0:40:E0:9E,6,0,NONE,2026-08-05T00:44:36.690059
45917,BEACON,-88,5,5681,3845,69844,44280,8777483,0,100,19,0,0,B0:CB:D8:C9:92:00,0,0,1,1E:01:D0:40:E0:9E,6,0,NONE,2026-08-05T00:44:36.834059
45917,,-93,0,7929,4083,69844,44280,8777908,0,100,19,0,0,B0:CB:D8:C9:92:00,0,0,1,1E:01:D0:40:E0:9E,6,0,NONE,2026-08-05T00:44:37.259059
45917,BEACON,-90,3,0,3164,69844,44280,8778270,0,100,19,0,0,B0:CB:D8:C9:92:00,0,0,0,1E:01:D0:40:E0:9E,6,0,NONE,2026-08-05T00:44:37.621059
45917,BEACON,-79,14,7099,2356,69844,44280,8778612,0,100,19,0,0,B0:CB:D8:C9:92:00,0,0,1,1E:01:D0:40:E0:9E,6,0,NONE,2026-08-05T00:44:37.963059
45917,BEACON,-90,3,0,3172,69844,44280,8779089,0,100,19,0,0,B0:CB:D8:C9:92:00,0,0,0,1E:01:D0:40:E0:9E,6,0,NONE,2026-08-05T00:44:38.440059
45917,BEACON,-79,14,4603,2365,69844,44280,8779534,0,100,19,0,0,B0:CB:D8:C9:92:00,0,0,1,1E:01:D0:40:E0:9E,6,0,NONE,2026-08-05T00:44:38.885059
45917,BEACON,-91,2,4011,2986,69844,44280,8779731,0,100,19,0,0,B0:CB:D8:C9:92:00,0,0,1,1E:01:D0:40:E0:9E,6,0,NONE,2026-08-05T00:44:39.082059
45917,BEACON,-92,1,5712,3220,69844,44280,8780112,0,100,19,0,0,B0:CB:D8:C9:92:00,0,0,0,1E:01:D0:40:E0:9E,6,0,NONE,2026-08-05T00:44:39.463059
45917,PROBE_RESP,-93,0,7314,0,69844,44280,8780386,0,100,19,0,0,B0:CB:D8:C9:92:00,0,0,1,1E:01:D0:40:E0:9E,6,0,NONE,2026-08-05T00:44:39.737059
45917,BEACON,-93,0,45415,3236,69844,44280,8780722,0,100,19,0,0,B0:CB:D8:C9:92:00,0,0,1,1E:01:D0:40:E0:9E,6,0,NONE,2026-08-05T00:44:40.073059
45917,,-94,-1,15218,0,69844,44280,8781128,0,100,19,0,0,B0:CB:D8:C9:92:00,0,0,0,1E:01:D0:40:E0:9E,6,0,NONE,2026-08-05T00:44:40.479059
45917,BEACON,-93,0,0,3243,69844,44280,8781439,0,100,19,0,0,B0:CB:D8:C9:92:00,0,0,1,1E:01:D0:40:E0:9E,6,0,NONE,2026-08-05T00:44:40.790059
45917,,-93,0,1882,0,69844,44280,8781716,0,100,19,0,0,B0:CB:D8:C9:92:00,0,0,0,1E:01:D0:40:E0:9E,6,0,NONE,2026-08-05T00:44:41.067059
45917,BEACON,-77,16,0,2353,69844,44280,8781994,0,100,19,0,0,B0:CB:D8:C9:92:00,0,0,0,1E:01:D0:40:E0:9E,6,0,NONE,2026-08-05T00:44:41.345059
45917,BEACON,-83,10,25227,3307,69844,44280,8782289,0,100,19,0,0,B0:CB:D8:C9:92:00,0,0,1,1E:01:D0:40:E0:9E,6,0,NONE,2026-08-05T00:44:41.640059
45917,PROBE_RESP,-79,14,0,1,69844,44280,8782470,0,100,19,0,0,B0:CB:D8:C9:92:00,1,0,0,1E:01:D0:40:E0:9E,6,0,NONE,2026-08-05T00:44:41.821059
45917,BEACON,-86,7,4368,3346,69844,44280,8782697,0,100,19,0,0,B0:CB:D8:C9:92:00,0,0,1,1E:01:D0:40:E0:9E,6,0,NONE,2026-08-05T00:44:42.048059
45917,,-79,14,0,646,69844,44280,8782830,0,100,19,0,0,B0:CB:D8:C9:92:00,0,0,1,1E:01:D0:40:E0:9E,6,0,NONE,2026-08-05T00:44:42.181059
45917,PROBE_REQ,-58,35,0,1417,69844,44280,8782994,0,100,19,0,0,B0:CB:D8:C9:92:00,0,0,1,1E:01:D0:40:E0:9E,6,0,NONE,2026-08-05T00:44:42.345059
45917,PROBE_RESP,-79,14,0,84,69844,44280,8783100,0,100,19,0,0,B0:CB:D8:C9:92:00,1,0,0,1E:01:D0:40:E0:9E,6,0,NONE,2026-08-05T00:44:42.451059
45917,BEACON,-92,1,5906,3252,69844,44280,8783389,0,100,19,0,0,B0:CB:D8:C9:92:00,0,0,0,1E:01:D0:40:E0:9E,6,0,NONE,2026-08-05T00:44:42.740059
45917,BEACON,-52,41,0,4056,69844,44280,8783513,0,100,19,0,0,B0:CB:D8:C9:92:00,0,0,0,1E:01:D0:40:E0:9E,6,0,NONE,2026-08-05T00:44:42.864059
45917,,-97,-4,1090,1177,69844,44280,8783887,0,100,19,0,0,B0:CB:D8:C9:92:00,0,0,1,1E:01:D0:40:E0:9E,6,0,NONE,2026-08-05T00:44:43.238059
45917,BEACON,-79,14,7141,2411,69844,44280,8784244,0,100,19,0,0,B0:CB:D8:C9:92:00,0,0,1,1E:01:D0:40:E0:9E,6,0,NONE,2026-08-05T00:44:43.595059
45917,,-82,11,624,193,69844,44280,8784652,0,100,19,0,0,B0:CB:D8:C9:92:00,0,0,0,1E:01:D0:40:E0:9E,6,0,NONE,2026-08-05T00:44:44.003059
45917,BEACON,-82,11,0,3331,69844,44280,8784748,0,100,19,0,0,B0:CB:D8:C9:92:00,0,0,0,1E:01:D0:40:E0:9E,6,0,NONE,2026-08-05T00:44:44.099059
45917,BEACON,-79,14,0,2382,69844,44280,8784962,0,100,19,0,0,B0:CB:D8:C9:92:00,0,0,0,1E:01:D0:40:E0:9E,6,0,NONE,2026-08-05T00:44:44.313059
45917,BEACON,-90,3,0,3236,69844,44280,8785643,0,100,19,0,0,B0:CB:D8:C9:92:00,0,0,0,1E:01:D0:40:E0:9E,6,0,NONE,2026-08-05T00:44:44.994059
45917,BEACON,-94,-1,18037,3288,69844,44280,8786047,0,100,19,0,0,B0:CB:D8:C9:92:00,0,0,1,1E:01:D0:40:E0:9E,6,0,NONE,2026-08-05T00:44:45.398059
45917,,-92,1,311,0,69844,44280,8786361,0,100,19,0,0,B0:CB:D8:C9:92:00,0,0,0,1E:01:D0:40:E0:9E,6,0,NONE,2026-08-05T00:44:45.712059
45917,BEACON,-52,41,14265,4092,69844,44280,8786790,0,100,19,0,0,B0:CB:D8:C9:92:00,1,0,1,1E:01:D0:40:E0:9E,6,0,NONE,2026-08-05T00:44:46.141059
45917,BEACON,-79,14,8909,2439,69844,44280,8787112,0,100,19,0,0,B0:CB:D8:C9:92:00,0,0,1,1E:01:D0:40:E0:9E,6,0,NONE,2026-08-05T00:44:46.463059
45917,BEACON,-49,44,15545,5,69844,44280,8787508,0,100,19,0,0,B0:CB:D8:C9:92:00,0,0,1,1E:01:D0:40:E0:9E,6,0,NONE,2026-08-05T00:44:46.859059
45917,MGMT_OTHER,-95,-2,14156,2630,69844,44280,8787740,0,100,19,0,0,B0:CB:D8:C9:92:00,0,0,1,1E:01:D0:40:E0:9E,6,0,NONE,2026-08-05T00:44:47.091059
45917,BEACON,-52,41,18735,12,69844,44280,8788224,0,100,19,0,0,B0:CB:D8:C9:92:00,0,0,1,1E:01:D0:40:E0:9E,6,0,NONE,2026-08-05T00:44:47.575059
45917,BEACON,-88,5,2310,3034,69844,44280,8788539,0,100,19,0,0,B0:CB:D8:C9:92:00,0,0,1,1E:01:D0:40:E0:9E,6,0,NONE,2026-08-05T00:44:47.890059
45917,BEACON,-88,5,2639,3036,69844,44280,8788744,0,100,19,0,0,B0:CB:D8:C9:92:00,0,0,1,1E:01:D0:40:E0:9E,6,0,NONE,2026-08-05T00:44:48.095059
45917,BEACON,-92,1,0,3270,69844,44280,8789125,0,100,19,0,0,B0:CB:D8:C9:92:00,1,0,0,1E:01:D0:40:E0:9E,6,0,NONE,2026-08-05T00:44:48.476059
45917,BEACON,-89,4,4031,3044,69844,44280,8789563,0,100,19,0,0,B0:CB:D8:C9:92:00,0,0,1,1E:01:D0:40:E0:9E,6,0,NONE,2026-08-05T00:44:48.914059
45917,BEACON,-91,2,4331,3086,69844,44280,8789972,0,100,19,0,0,B0:CB:D8:C9:92:00,0,0,1,1E:01:D0:40:E0:9E,6,0,NONE,2026-08-05T00:44:49.323059
45917,BEACON,-87,6,15848,3282,69844,44280,8790353,0,100,19,0,0,B0:CB:D8:C9:92:00,0,0,0,1E:01:D0:40:E0:9E,6,0,NONE,2026-08-05T00:44:49.704059
45917,,-89,4,10561,0,69844,44280,8790633,0,100,19,0,0,B0:CB:D8:C9:92:00,0,0,0,1E:01:D0:40:E0:9E,6,0,NONE,2026-08-05T00:44:49.984059
45917,PROBE_RESP,-85,8,0,0,69844,44280,8790855,0,100,19,0,0,B0:CB:D8:C9:92:00,0,0,0,1E:01:D0:40:E0:9E,6,0,NONE,2026-08-05T00:44:50.206059
45917,BEACON,-84,9,8295,3428,69844,44280,8791094,0,100,19,0,0,B0:CB:D8:C9:92:00,0,0,1,1E:01:D0:40:E0:9E,6,0,NONE,2026-08-05T00:44:50.445059
45917,BEACON,-79,14,1045,2481,69844,44280,8791413,0,100,19,0,0,B0:CB:D8:C9:92:00,0,0,1,1E:01:D0:40:E0:9E,6,0,NONE,2026-08-05T00:44:50.764059
45917,,-93,0,44077,0,69844,44280,8791662,0,100,19,0,0,B0:CB:D8:C9:92:00,0,0,0,1E:01:D0:40:E0:9E,6,0,NONE,2026-08-05T00:44:51.013059
45917,BEACON,-90,3,0,3298,69844,44280,8791992,0,100,19,0,0,B0:CB:D8:C9:92:00,1,0,0,1E:01:D0:40:E0:9E,6,0,NONE,2026-08-05T00:44:51.343059
45917,BEACON,-50,43,0,58,69844,44280,8792320,0,100,19,0,0,B0:CB:D8:C9:92:00,0,0,1,1E:01:D0:40:E0:9E,6,0,NONE,2026-08-05T00:44:51.671059
45917,BEACON,-89,4,0,3074,69844,44280,8792635,0,100,19,0,0,B0:CB:D8:C9:92:00,1,0,1,1E:01:D0:40:E0:9E,6,0,NONE,2026-08-05T00:44:51.986059
45917,,-90,3,9221,1894,69844,44280,8792958,0,100,19,0,0,B0:CB:D8:C9:92:00,1,0,1,1E:01:D0:40:E0:9E,6,0,NONE,2026-08-05T00:44:52.309059
45917,PROBE_RESP,-89,4,0,3,69844,44280,8793136,0,100,19,0,0,B0:CB:D8:C9:92:00,0,0,0,1E:01:D0:40:E0:9E,6,0,NONE,2026-08-05T00:44:52.487059
45917,BEACON,-94,-1,1434,2883,69844,44280,8793548,0,100,19,0,0,B0:CB:D8:C9:92:00,0,0,1,1E:01:D0:40:E0:9E,6,0,NONE,2026-08-05T00:44:52.899059
45917,BEACON,-76,17,0,2469,69844,44280,8793872,0,100,19,0,0,B0:CB:D8:C9:92:00,0,0,0,1E:01:D0:40:E0:9E,6,0,NONE,2026-08-05T00:44:53.223059
45917,PROBE_RESP,-95,-2,0,362,69844,44280,8794228,0,100,19,0,0,B0:CB:D8:C9:92:00,0,0,1,1E:01:D0:40:E0:9E,6,0,NONE,2026-08-05T00:44:53.579059
45917,PROBE_RESP,-79,14,27737,0,69844,44280,8794541,0,100,19,0,0,B0:CB:D8:C9:92:00,0,0,1,1E:01:D0:40:E0:9E,6,0,NONE,2026-08-05T00:44:53.892059
45917,BEACON,-78,15,7432,2513,69844,44280,8794690,0,100,19,0,0,B0:CB:D8:C9:92:00,0,0,1,1E:01:D0:40:E0:9E,6,0,NONE,2026-08-05T00:44:54.041059
45917,DISASSOC,-89,4,7441,2099,69844,44280,8795074,0,100,19,0,0,B0:CB:D8:C9:92:00,1,0,1,1E:01:D0:40:E0:9E,6,0,NONE,2026-08-05T00:44:54.425059
45917,BEACON,-79,14,7435,2521,69844,44280,8795509,0,100,19,0,0,B0:CB:D8:C9:92:00,0,0,1,1E:01:D0:40:E0:9E,6,0,NONE,2026-08-05T00:44:54.860059
45917,PROBE_RESP,-91,2,365,118,69844,44280,8795926,0,100,19,0,0,B0:CB:D8:C9:92:00,0,0,0,1E:01:D0:40:E0:9E,6,0,NONE,2026-08-05T00:44:55.277059
45917,BEACON,-91,2,28535,3377,69844,44280,8796189,0,100,19,0,0,B0:CB:D8:C9:92:00,0,0,1,1E:01:D0:40:E0:9E,6,0,NONE,2026-08-05T00:44:55.540059
45917,,-94,-1,11814,1506,69844,44280,8796583,0,100,19,0,0,B0:CB:D8:C9:92:00,0,0,1,1E:01:D0:40:E0:9E,6,0,NONE,2026-08-05T00:44:55.934059
45917,BEACON,-93,0,0,2023,69844,44280,8797036,0,100,19,0,0,B0:CB:D8:C9:92:00,0,0,0,1E:01:D0:40:E0:9E,6,0,NONE,2026-08-05T00:44:56.387059
45917,BEACON,-89,4,0,3119,69844,44280,8797244,0,100,19,0,0,B0:CB:D8:C9:92:00,0,0,1,1E:01:D0:40:E0:9E,6,0,NONE,2026-08-05T00:44:56.595059
45917,,-91,2,9522,3460,69844,44280,8797655,0,100,19,0,0,B0:CB:D8:C9:92:00,0,0,1,1E:01:D0:40:E0:9E,6,0,NONE,2026-08-05T00:44:57.006059
45917,,-87,6,7704,3913,69844,44280,8797977,0,100,19,0,0,B0:CB:D8:C9:92:00,0,0,1,1E:01:D0:40:E0:9E,6,0,NONE,2026-08-05T00:44:57.328059
45917,BEACON,-80,13,21284,2550,69844,44280,8798487,0,100,19,0,0,B0:CB:D8:C9:92:00,0,0,1,1E:01:D0:40:E0:9E,6,0,NONE,2026-08-05T00:44:57.838059
45917,PROBE_RESP,-90,3,0,1,69844,44280,8798734,0,100,19,0,0,B0:CB:D8:C9:92:00,0,0,0,1E:01:D0:40:E0:9E,6,0,NONE,2026-08-05T00:44:58.085059
45917,BEACON,-89,4,1426,2042,69844,44280,8798982,0,100,19,0,0,B0:CB:D8:C9:92:00,0,0,1,1E:01:D0:40:E0:9E,6,0,NONE,2026-08-05T00:44:58.333059
45917,PROBE_RESP,-93,0,0,0,69844,44280,8799279,0,100,19,0,0,B0:CB:D8:C9:92:00,0,0,0,1E:01:D0:40:E0:9E,6,0,NONE,2026-08-05T00:44:58.630059
45917,,-93,0,2667,4031,69844,44280,8799506,0,100,19,0,0,B0:CB:D8:C9:92:00,0,0,1,1E:01:D0:40:E0:9E,6,0,NONE,2026-08-05T00:44:58.857059
45917,,-91,2,28402,376,69844,44280,8799941,0,100,19,0,0,B0:CB:D8:C9:92:00,1,0,1,1E:01:D0:40:E0:9E,6,0,NONE,2026-08-05T00:44:59.292059
45917,MGMT_OTHER,-93,0,0,3602,69844,44280,8800263,0,100,19,0,0,B0:CB:D8:C9:92:00,0,0,1,1E:01:D0:40:E0:9E,6,0,NONE,2026-08-05T00:44:59.614059
45917,BEACON,-93,0,1382,2097,69844,44280,8800722,0,100,19,0,0,B0:CB:D8:C9:92:00,0,0,1,1E:01:D0:40:E0:9E,6,0,NONE,2026-08-05T00:45:00.073059
45917,BEACON,-89,4,1252,3425,69844,44280,8801105,0,100,19,0,0,B0:CB:D8:C9:92:00,0,0,1,1E:01:D0:40:E0:9E,6,0,NONE,2026-08-05T00:45:00.456059
45917,BEACON,-87,6,0,3390,69844,44280,8801413,0,100,19,0,0,B0:CB:D8:C9:92:00,0,0,0,1E:01:D0:40:E0:9E,6,0,NONE,2026-08-05T00:45:00.764059
45917,DEAUTH,-87,6,325,461,69844,44280,8801722,0,100,19,0,0,B0:CB:D8:C9:92:00,0,0,1,1E:01:D0:40:E0:9E,6,0,NONE,2026-08-05T00:45:01.073059
45917,PROBE_RESP,-77,16,0,1,69844,44280,8802051,0,100,19,0,0,B0:CB:D8:C9:92:00,0,0,1,1E:01:D0:40:E0:9E,6,0,NONE,2026-08-05T00:45:01.402059
45917,,18,18,0,0,69844,44280,8802110,0,100,19,0,0,B0:CB:D8:C9:92:00,1,0,1,1E:01:D0:40:E0:9E,6,0,NONE,2026-08-05T00:45:01.461059
45917,BEACON,-53,40,0,167,69844,44280,8802253,0,100,19,0,0,B0:CB:D8:C9:92:00,0,0,1,1E:01:D0:40:E0:9E,6,0,NONE,2026-08-05T00:45:01.604059
45917,PROBE_RESP,-93,0,0,1024,69844,44280,8802550,0,100,19,0,0,B0:CB:D8:C9:92:00,1,0,1,1E:01:D0:40:E0:9E,6,0,NONE,2026-08-05T00:45:01.901059
45917,,-91,2,8682,2144,69844,44280,8802837,0,100,19,0,0,B0:CB:D8:C9:92:00,0,0,1,1E:01:D0:40:E0:9E,6,0,NONE,2026-08-05T00:45:02.188059
45917,PROBE_RESP,-90,3,0,0,69844,44280,8803015,0,100,19,0,0,B0:CB:D8:C9:92:00,0,0,0,1E:01:D0:40:E0:9E,6,0,NONE,2026-08-05T00:45:02.366059
45917,BEACON,-89,4,1442,3178,69844,44280,8803286,0,100,19,0,0,B0:CB:D8:C9:92:00,0,0,1,1E:01:D0:40:E0:9E,6,0,NONE,2026-08-05T00:45:02.637059
45917,PROBE_RESP,-93,0,0,1,69844,44280,8803579,0,100,19,0,0,B0:CB:D8:C9:92:00,1,0,0,1E:01:D0:40:E0:9E,6,0,NONE,2026-08-05T00:45:02.930059
45917,PROBE_RESP,-85,8,0,2,69844,44280,8803752,0,100,19,0,0,B0:CB:D8:C9:92:00,0,0,0,1E:01:D0:40:E0:9E,6,0,NONE,2026-08-05T00:45:03.103059
45917,MGMT_OTHER,-93,0,2050,1229,69844,44280,8803973,0,100,19,0,0,B0:CB:D8:C9:92:00,0,0,1,1E:01:D0:40:E0:9E,6,0,NONE,2026-08-05T00:45:03.324059
45917,PROBE_RESP,-80,13,0,95,69844,44280,8804314,0,100,19,0,0,B0:CB:D8:C9:92:00,0,0,0,1E:01:D0:40:E0:9E,6,0,NONE,2026-08-05T00:45:03.665059
45917,,-95,-2,33502,0,69844,44280,8804452,0,100,19,0,0,B0:CB:D8:C9:92:00,1,0,0,1E:01:D0:40:E0:9E,6,0,NONE,2026-08-05T00:45:03.802649
45917,PROBE_RESP,-80,13,0,0,69844,44280,8804616,0,100,19,0,0,B0:CB:D8:C9:92:00,0,0,1,1E:01:D0:40:E0:9E,6,0,NONE,2026-08-05T00:45:03.966649
45917,BEACON,-54,39,0,198,69844,44280,8805018,0,100,19,0,0,B0:CB:D8:C9:92:00,0,0,1,1E:01:D0:40:E0:9E,6,0,NONE,2026-08-05T00:45:04.368649
45917,,-51,42,10307,202,68112,44280,8805403,0,100,19,0,0,B0:CB:D8:C9:92:00,0,0,1,1E:01:D0:40:E0:9E,6,0,NONE,2026-08-05T00:45:04.753649
45917,PROBE_RESP,-96,-3,0,1580,69844,44280,8805762,0,100,19,0,0,B0:CB:D8:C9:92:00,0,0,1,1E:01:D0:40:E0:9E,6,0,NONE,2026-08-05T00:45:05.112649
45917,PROBE_RESP,-94,-1,10618,729,69844,44280,8806032,0,100,19,0,0,B0:CB:D8:C9:92:00,0,0,1,1E:01:D0:40:E0:9E,6,0,NONE,2026-08-05T00:45:05.382649
45917,PROBE_RESP,-85,8,0,0,69844,44280,8806378,0,100,19,0,0,B0:CB:D8:C9:92:00,0,0,1,1E:01:D0:40:E0:9E,6,0,NONE,2026-08-05T00:45:05.728649
45917,BEACON,-80,13,0,2592,69844,44280,8806468,0,100,19,0,0,B0:CB:D8:C9:92:00,0,0,0,1E:01:D0:40:E0:9E,6,0,NONE,2026-08-05T00:45:05.818649
45917,,-92,1,9510,2946,69844,44280,8806819,0,100,19,0,0,B0:CB:D8:C9:92:00,0,0,1,1E:01:D0:40:E0:9E,6,0,NONE,2026-08-05T00:45:06.169649
45917,,-85,8,4645,2339,69844,44280,8807153,0,100,19,0,0,B0:CB:D8:C9:92:00,0,0,1,1E:01:D0:40:E0:9E,6,0,NONE,2026-08-05T00:45:06.503649
45917,,-96,-3,5263,2037,69844,44280,8807335,0,100,19,0,0,B0:CB:D8:C9:92:00,0,0,1,1E:01:D0:40:E0:9E,6,0,NONE,2026-08-05T00:45:06.685649
45917,PROBE_RESP,-94,-1,5523,1,69844,44280,8807610,0,100,19,0,0,B0:CB:D8:C9:92:00,0,0,0,1E:01:D0:40:E0:9E,6,0,NONE,2026-08-05T00:45:06.960649
45917,PROBE_RESP,-91,2,0,3,69844,44280,8807738,0,100,19,0,0,B0:CB:D8:C9:92:00,0,0,0,1E:01:D0:40:E0:9E,6,0,NONE,2026-08-05T00:45:07.088649
45917,BEACON,-85,8,0,3559,69844,44280,8808095,0,100,19,0,0,B0:CB:D8:C9:92:00,0,0,0,1E:01:D0:40:E0:9E,6,0,NONE,2026-08-05T00:45:07.445649
45917,BEACON,-51,42,2686,234,69844,44280,8808299,0,100,19,0,0,B0:CB:D8:C9:92:00,1,0,1,1E:01:D0:40:E0:9E,6,0,NONE,2026-08-05T00:45:07.649649
45917,,15,15,0,0,69844,44280,8808517,0,100,19,0,0,B0:CB:D8:C9:92:00,0,0,1,1E:01:D0:40:E0:9E,6,0,NONE,2026-08-05T00:45:07.867649
45917,BEACON,-81,12,4628,2650,69844,44280,8808720,0,100,19,0,0,B0:CB:D8:C9:92:00,0,0,1,1E:01:D0:40:E0:9E,6,0,NONE,2026-08-05T00:45:08.070649
45917,MGMT_OTHER,-92,1,0,3513,69844,44280,8809089,0,100,19,0,0,B0:CB:D8:C9:92:00,1,0,1,1E:01:D0:40:E0:9E,6,0,NONE,2026-08-05T00:45:08.439649
45917,,-90,3,29114,510,69844,44280,8809386,0,100,19,0,0,B0:CB:D8:C9:92:00,0,0,1,1E:01:D0:40:E0:9E,6,0,NONE,2026-08-05T00:45:08.736649
45917,PROBE_RESP,-88,5,0,0,69844,44280,8809495,0,100,19,0,0,B0:CB:D8:C9:92:00,0,0,0,1E:01:D0:40:E0:9E,6,0,NONE,2026-08-05T00:45:08.845649
45917,,-95,-2,2875,2426,69844,44280,8809687,0,100,19,0,0,B0:CB:D8:C9:92:00,0,0,1,1E:01:D0:40:E0:9E,6,0,NONE,2026-08-05T00:45:09.037649
45917,BEACON,-90,3,525,4048,69844,44280,8810091,0,100,19,0,0,B0:CB:D8:C9:92:00,1,0,1,1E:01:D0:40:E0:9E,6,0,NONE,2026-08-05T00:45:09.441649
45917,BEACON,-91,2,0,3248,69844,44280,8810454,0,100,19,0,0,B0:CB:D8:C9:92:00,0,0,0,1E:01:D0:40:E0:9E,6,0,NONE,2026-08-05T00:45:09.804649
45917,,-84,9,31089,2995,69844,44280,8810813,0,100,19,0,0,B0:CB:D8:C9:92:00,0,0,0,1E:01:D0:40:E0:9E,6,0,NONE,2026-08-05T00:45:10.163649
45917,BEACON,-80,13,7613,2673,69844,44280,8811075,0,100,19,0,0,B0:CB:D8:C9:92:00,0,0,1,1E:01:D0:40:E0:9E,6,0,NONE,2026-08-05T00:45:10.425649
45917,BEACON,-92,1,2295,3295,69844,44280,8811374,0,100,19,0,0,B0:CB:D8:C9:92:00,1,0,1,1E:01:D0:40:E0:9E,6,0,NONE,2026-08-05T00:45:10.724649
45917,,-96,-3,6843,472,69844,44280,8811642,0,100,19,0,0,B0:CB:D8:C9:92:00,0,0,1,1E:01:D0:40:E0:9E,6,0,NONE,2026-08-05T00:45:10.992649
45917,BEACON,-90,3,5830,3530,69844,44280,8811857,0,100,19,0,0,B0:CB:D8:C9:92:00,0,0,1,1E:01:D0:40:E0:9E,6,0,NONE,2026-08-05T00:45:11.207649
45917,,-91,2,22622,2933,69844,44280,8812144,0,100,19,0,0,B0:CB:D8:C9:92:00,0,0,1,1E:01:D0:40:E0:9E,6,0,NONE,2026-08-05T00:45:11.494649
45917,,-90,3,15749,0,69844,44280,8812527,0,100,19,0,0,B0:CB:D8:C9:92:00,0,0,0,1E:01:D0:40:E0:9E,6,0,NONE,2026-08-05T00:45:11.877649
45917,MGMT_OTHER,-93,0,0,1632,69844,44280,8812746,0,100,19,0,0,B0:CB:D8:C9:92:00,0,0,1,1E:01:D0:40:E0:9E,6,0,NONE,2026-08-05T00:45:12.096649
45917,MGMT_OTHER,-91,2,932,2609,69844,44280,8813000,0,100,19,0,0,B0:CB:D8:C9:92:00,0,0,1,1E:01:D0:40:E0:9E,6,0,NONE,2026-08-05T00:45:12.350649
45917,BEACON,-91,2,5460,3545,69844,44280,8813394,0,100,19,0,0,B0:CB:D8:C9:92:00,0,0,1,1E:01:D0:40:E0:9E,6,0,NONE,2026-08-05T00:45:12.744649
45917,BEACON,-89,4,5848,3649,69844,44280,8813726,0,100,19,0,0,B0:CB:D8:C9:92:00,0,0,1,1E:01:D0:40:E0:9E,6,0,NONE,2026-08-05T00:45:13.076649
45917,DISASSOC,-92,1,3451,3431,69844,44280,8814057,0,100,19,0,0,B0:CB:D8:C9:92:00,0,0,1,1E:01:D0:40:E0:9E,6,0,NONE,2026-08-05T00:45:13.407649
45917,PROBE_RESP,-92,1,0,0,69844,44280,8814215,0,100,19,0,0,B0:CB:D8:C9:92:00,1,0,1,1E:01:D0:40:E0:9E,6,0,NONE,2026-08-05T00:45:13.565649
45917,BEACON,-95,-2,0,2193,69844,44280,8814445,0,100,19,0,0,B0:CB:D8:C9:92:00,0,0,1,1E:01:D0:40:E0:9E,6,0,NONE,2026-08-05T00:45:13.795649
45917,PROBE_RESP,-52,41,0,1649,69844,44280,8814760,0,100,19,0,0,B0:CB:D8:C9:92:00,0,0,1,1E:01:D0:40:E0:9E,6,0,NONE,2026-08-05T00:45:14.110649
45917,BEACON,-90,3,0,3523,69844,44280,8815033,0,100,19,0,0,B0:CB:D8:C9:92:00,0,0,0,1E:01:D0:40:E0:9E,6,0,NONE,2026-08-05T00:45:14.383649
45917,BEACON,-79,14,0,2679,69844,44280,8815377,0,100,19,0,0,B0:CB:D8:C9:92:00,0,0,0,1E:01:D0:40:E0:9E,6,0,NONE,2026-08-05T00:45:14.727649
45917,BEACON,-90,3,0,3577,69844,44280,8815643,0,100,19,0,0,B0:CB:D8:C9:92:00,0,0,1,1E:01:D0:40:E0:9E,6,0,NONE,2026-08-05T00:45:14.993649
45917,PROBE_RESP,-80,13,0,1,69844,44280,8815759,0,100,19,0,0,B0:CB:D8:C9:92:00,1,0,0,1E:01:D0:40:E0:9E,6,0,NONE,2026-08-05T00:45:15.109649
45917,MGMT_OTHER,-90,3,7245,1039,69844,44280,8816056,0,100,19,0,0,B0:CB:D8:C9:92:00,0,0,1,1E:01:D0:40:E0:9E,6,0,NONE,2026-08-05T00:45:15.406649
45917,,-90,3,5744,3046,69844,44280,8816292,0,100,19,0,0,B0:CB:D8:C9:92:00,0,0,1,1E:01:D0:40:E0:9E,6,0,NONE,2026-08-05T00:45:15.642649
45917,BEACON,-80,13,7701,2727,69844,44280,8816605,0,100,19,0,0,B0:CB:D8:C9:92:00,0,0,1,1E:01:D0:40:E0:9E,6,0,NONE,2026-08-05T00:45:15.955649
45917,BEACON,-90,3,970,3579,69844,44280,8816876,0,100,19,0,0,B0:CB:D8:C9:92:00,0,0,1,1E:01:D0:40:E0:9E,6,0,NONE,2026-08-05T00:45:16.226649
45917,,-95,-2,0,0,69844,44280,8817154,0,100,19,0,0,B0:CB:D8:C9:92:00,1,0,0,1E:01:D0:40:E0:9E,6,0,NONE,2026-08-05T00:45:16.504649
45917,BEACON,-91,2,3296,3185,69844,44280,8817305,0,100,19,0,0,B0:CB:D8:C9:92:00,0,0,1,1E:01:D0:40:E0:9E,6,0,NONE,2026-08-05T00:45:16.655649
45917,,-97,-4,33294,3321,69844,44280,8817663,0,100,19,0,0,B0:CB:D8:C9:92:00,0,0,1,1E:01:D0:40:E0:9E,6,0,NONE,2026-08-05T00:45:17.013649
45917,PROBE_RESP,-80,13,0,105,69844,44280,8818010,0,100,19,0,0,B0:CB:D8:C9:92:00,0,0,1,1E:01:D0:40:E0:9E,6,0,NONE,2026-08-05T00:45:17.360649
45917,PROBE_RESP,-89,4,0,0,69844,44280,8818239,0,100,19,0,0,B0:CB:D8:C9:92:00,0,0,0,1E:01:D0:40:E0:9E,6,0,NONE,2026-08-05T00:45:17.589649
45917,BEACON,-80,13,0,2709,69844,44280,8818449,0,100,19,0,0,B0:CB:D8:C9:92:00,0,0,0,1E:01:D0:40:E0:9E,6,0,NONE,2026-08-05T00:45:17.799649
45917,PROBE_RESP,-86,7,0,1,69844,44280,8818786,0,100,19,0,0,B0:CB:D8:C9:92:00,0,0,0,1E:01:D0:40:E0:9E,6,0,NONE,2026-08-05T00:45:18.136649
45917,PROBE_RESP,-89,4,0,0,69844,44280,8818986,0,100,19,0,0,B0:CB:D8:C9:92:00,0,0,0,1E:01:D0:40:E0:9E,6,0,NONE,2026-08-05T00:45:18.336649
45917,MGMT_OTHER,-92,1,4537,3786,69844,44280,8819089,0,100,19,0,0,B0:CB:D8:C9:92:00,0,0,1,1E:01:D0:40:E0:9E,6,0,NONE,2026-08-05T00:45:18.439649
45917,BEACON,-92,1,3953,3374,69844,44280,8819464,0,100,19,0,0,B0:CB:D8:C9:92:00,0,0,1,1E:01:D0:40:E0:9E,6,1,SYN_FLOOD,2026-08-05T00:45:18.814649
45917,BEACON,-81,12,4413,2757,69844,44280,8819677,0,100,19,0,0,B0:CB:D8:C9:92:00,0,0,1,1E:01:D0:40:E0:9E,6,1,SYN_FLOOD,2026-08-05T00:45:19.027649
45917,BEACON,-88,5,0,3675,69844,44280,8819974,0,100,19,0,0,B0:CB:D8:C9:92:00,0,0,0,1E:01:D0:40:E0:9E,6,1,SYN_FLOOD,2026-08-05T00:45:19.324649
45917,MGMT_OTHER,-92,1,5099,3929,69844,44280,8820357,0,100,19,0,0,B0:CB:D8:C9:92:00,0,0,1,1E:01:D0:40:E0:9E,6,1,SYN_FLOOD,2026-08-05T00:45:19.707649
45917,PROBE_RESP,-85,8,0,1,69844,44280,8820655,0,100,19,0,0,B0:CB:D8:C9:92:00,0,0,0,1E:01:D0:40:E0:9E,6,1,SYN_FLOOD,2026-08-05T00:45:20.005649
45917,PROBE_RESP,-89,4,0,2,69844,44280,8820737,0,100,19,0,0,B0:CB:D8:C9:92:00,0,0,0,1E:01:D0:40:E0:9E,6,1,SYN_FLOOD,2026-08-05T00:45:20.087649
45917,BEACON,-79,14,23268,2769,69844,44280,8820918,0,100,19,0,0,B0:CB:D8:C9:92:00,0,0,1,1E:01:D0:40:E0:9E,6,1,SYN_FLOOD,2026-08-05T00:45:20.268649
45917,,-48,45,211,1270,52600,44280,8820958,0,100,19,0,0,B0:CB:D8:C9:92:00,0,0,0,1E:01:D0:40:E0:9E,6,1,SYN_FLOOD,2026-08-05T00:45:20.308649
45917,,-49,44,0,1354,60916,44280,8820970,0,100,19,0,0,B0:CB:D8:C9:92:00,0,0,0,1E:01:D0:40:E0:9E,6,1,SYN_FLOOD,2026-08-05T00:45:20.320649
45917,,-49,44,0,1461,56968,44280,8820978,0,100,19,0,0,B0:CB:D8:C9:92:00,0,0,0,1E:01:D0:40:E0:9E,6,1,SYN_FLOOD,2026-08-05T00:45:20.328649
45917,,-49,44,201,1560,67696,44280,8821008,0,100,19,0,0,B0:CB:D8:C9:92:00,1,0,0,1E:01:D0:40:E0:9E,6,1,SYN_FLOOD,2026-08-05T00:45:20.356255
45917,,-49,44,0,1705,67360,44280,8821015,0,100,19,0,0,B0:CB:D8:C9:92:00,1,0,0,1E:01:D0:40:E0:9E,6,1,SYN_FLOOD,2026-08-05T00:45:20.363255
45917,,-49,44,0,1805,65852,44280,8821051,0,100,19,0,0,B0:CB:D8:C9:92:00,1,0,0,1E:01:D0:40:E0:9E,6,1,SYN_FLOOD,2026-08-05T00:45:20.399255
45917,,-49,44,0,1851,66108,44280,8821084,0,100,19,0,0,B0:CB:D8:C9:92:00,1,0,0,1E:01:D0:40:E0:9E,6,1,SYN_FLOOD,2026-08-05T00:45:20.432255
45917,PROBE_RESP,-89,4,0,0,66108,44280,8821146,0,100,19,0,0,B0:CB:D8:C9:92:00,1,0,0,1E:01:D0:40:E0:9E,6,1,SYN_FLOOD,2026-08-05T00:45:20.494255
45917,PROBE_RESP,-80,13,0,0,66108,44280,8821228,0,100,19,0,0,B0:CB:D8:C9:92:00,1,0,1,1E:01:D0:40:E0:9E,6,1,SYN_FLOOD,2026-08-05T00:45:20.576255
45917,,-88,5,2779,2029,66108,44280,8821458,0,100,19,0,0,B0:CB:D8:C9:92:00,1,0,0,1E:01:D0:40:E0:9E,6,1,SYN_FLOOD,2026-08-05T00:45:20.806255
45917,PROBE_RESP,-79,14,0,1,66108,44280,8821706,0,100,19,0,0,B0:CB:D8:C9:92:00,1,0,0,1E:01:D0:40:E0:9E,6,1,SYN_FLOOD,2026-08-05T00:45:21.054255
45917,,-49,44,1072,1909,64916,44280,8821845,0,100,19,0,0,B0:CB:D8:C9:92:00,1,0,0,1E:01:D0:40:E0:9E,6,1,SYN_FLOOD,2026-08-05T00:45:21.193255
45917,,-49,44,0,1944,66108,44280,8821928,0,100,19,0,0,B0:CB:D8:C9:92:00,1,0,0,1E:01:D0:40:E0:9E,6,1,SYN_FLOOD,2026-08-05T00:45:21.276255
45917,,-48,45,0,2012,64820,44280,8821955,0,100,19,0,0,B0:CB:D8:C9:92:00,1,0,0,1E:01:D0:40:E0:9E,6,1,SYN_FLOOD,2026-08-05T00:45:21.303255
45917,,-49,44,0,2120,65324,44280,8821969,0,100,19,0,0,B0:CB:D8:C9:92:00,1,0,0,1E:01:D0:40:E0:9E,6,1,SYN_FLOOD,2026-08-05T00:45:21.317255
45917,,-48,45,0,2246,57668,44280,8821984,0,100,19,0,0,B0:CB:D8:C9:92:00,1,0,0,1E:01:D0:40:E0:9E,6,1,SYN_FLOOD,2026-08-05T00:45:21.332255
45917,,-49,44,0,2400,65592,44280,8821992,0,100,19,0,0,B0:CB:D8:C9:92:00,1,0,0,1E:01:D0:40:E0:9E,6,1,SYN_FLOOD,2026-08-05T00:45:21.337701
45917,,-49,44,201,2463,66108,44280,8822005,0,100,19,0,0,B0:CB:D8:C9:92:00,1,0,0,1E:01:D0:40:E0:9E,6,1,SYN_FLOOD,2026-08-05T00:45:21.350701
45917,,-49,44,0,2504,64116,44280,8822053,0,100,19,0,0,B0:CB:D8:C9:92:00,1,0,0,1E:01:D0:40:E0:9E,6,1,SYN_FLOOD,2026-08-05T00:45:21.398701
45917,,-49,44,201,2560,66108,44280,8822081,0,100,19,0,0,B0:CB:D8:C9:92:00,1,0,0,1E:01:D0:40:E0:9E,6,1,SYN_FLOOD,2026-08-05T00:45:21.426701
45917,,-93,0,748,0,66084,44280,8822138,0,100,19,0,0,B0:CB:D8:C9:92:00,1,0,0,1E:01:D0:40:E0:9E,6,1,SYN_FLOOD,2026-08-05T00:45:21.483701
45917,BEACON,-79,14,0,2746,64652,44280,8822238,0,100,19,0,0,B0:CB:D8:C9:92:00,1,0,0,1E:01:D0:40:E0:9E,6,1,SYN_FLOOD,2026-08-05T00:45:21.583701
45917,,-92,1,6011,2751,65832,44280,8822519,0,100,19,0,0,B0:CB:D8:C9:92:00,1,0,1,1E:01:D0:40:E0:9E,6,1,SYN_FLOOD,2026-08-05T00:45:21.864701
45917,BEACON,-86,7,0,3703,65832,44280,8822841,0,100,19,0,0,B0:CB:D8:C9:92:00,1,0,0,1E:01:D0:40:E0:9E,6,1,SYN_FLOOD,2026-08-05T00:45:22.186701
45917,,-90,3,638,0,65832,44280,8822913,0,100,19,0,0,B0:CB:D8:C9:92:00,1,0,0,1E:01:D0:40:E0:9E,6,1,SYN_FLOOD,2026-08-05T00:45:22.258701
45917,,-50,43,2707,2694,65832,44280,8822990,0,100,19,0,0,B0:CB:D8:C9:92:00,1,0,0,1E:01:D0:40:E0:9E,6,1,SYN_FLOOD,2026-08-05T00:45:22.335701
45917,BEACON,-87,6,19703,3742,65832,44280,8823250,0,100,19,0,0,B0:CB:D8:C9:92:00,1,0,1,1E:01:D0:40:E0:9E,6,1,SYN_FLOOD,2026-08-05T00:45:22.595701
45917,PROBE_RESP,-92,1,0,2,65832,44280,8823363,0,100,19,0,0,B0:CB:D8:C9:92:00,1,0,0,1E:01:D0:40:E0:9E,6,1,SYN_FLOOD,2026-08-05T00:45:22.708701
45917,MGMT_OTHER,-88,5,20966,1307,65832,44280,8823591,0,100,19,0,0,B0:CB:D8:C9:92:00,1,0,1,1E:01:D0:40:E0:9E,6,1,SYN_FLOOD,2026-08-05T00:45:22.936701
45917,BEACON,-92,1,1382,2323,65832,44280,8823865,0,100,19,0,0,B0:CB:D8:C9:92:00,1,0,1,1E:01:D0:40:E0:9E,6,1,SYN_FLOOD,2026-08-05T00:45:23.210701
45917,,-49,44,0,2752,53152,44280,8823961,0,100,19,0,0,B0:CB:D8:C9:92:00,1,0,0,1E:01:D0:40:E0:9E,6,1,SYN_FLOOD,2026-08-05T00:45:23.306701
45917,,-49,44,0,2834,56724,44280,8823974,0,100,19,0,0,B0:CB:D8:C9:92:00,1,0,0,1E:01:D0:40:E0:9E,6,1,SYN_FLOOD,2026-08-05T00:45:23.319701
45917,,-49,44,0,2964,59912,44280,8823985,0,100,19,0,0,B0:CB:D8:C9:92:00,1,0,0,1E:01:D0:40:E0:9E,6,1,SYN_FLOOD,2026-08-05T00:45:23.330701
45917,,-49,44,212,3034,65832,44280,8824001,0,100,19,0,0,B0:CB:D8:C9:92:00,1,0,0,1E:01:D0:40:E0:9E,6,1,SYN_FLOOD,2026-08-05T00:45:23.346701
45917,,-49,44,0,3170,64108,44280,8824009,0,100,19,0,0,B0:CB:D8:C9:92:00,1,0,0,1E:01:D0:40:E0:9E,6,1,SYN_FLOOD,2026-08-05T00:45:23.354701
45917,,-48,45,0,3216,65832,44280,8824035,0,100,19,0,0,B0:CB:D8:C9:92:00,1,0,0,1E:01:D0:40:E0:9E,6,1,SYN_FLOOD,2026-08-05T00:45:23.380701
45917,BEACON,-47,46,4750,412,65832,44280,8824065,0,100,19,0,0,B0:CB:D8:C9:92:00,1,0,1,1E:01:D0:40:E0:9E,6,1,SYN_FLOOD,2026-08-05T00:45:23.410701
45917,,-49,44,0,3306,65832,44280,8824110,0,100,19,0,0,B0:CB:D8:C9:92:00,1,0,0,1E:01:D0:40:E0:9E,6,1,SYN_FLOOD,2026-08-05T00:45:23.455701
45917,PROBE_RESP,-78,15,0,2,64652,44280,8824189,0,100,19,0,0,B0:CB:D8:C9:92:00,1,0,0,1E:01:D0:40:E0:9E,6,1,SYN_FLOOD,2026-08-05T00:45:23.534701
45917,,-50,43,0,3340,65832,44280,8824242,0,100,19,0,0,B0:CB:D8:C9:92:00,1,0,0,1E:01:D0:40:E0:9E,6,1,SYN_FLOOD,2026-08-05T00:45:23.587701
45917,,-90,3,0,3619,65832,44280,8824430,0,100,19,0,0,B0:CB:D8:C9:92:00,1,0,1,1E:01:D0:40:E0:9E,6,1,SYN_FLOOD,2026-08-05T00:45:23.775701
45917,PROBE_RESP,-90,3,0,0,65832,44280,8824628,0,100,19,0,0,B0:CB:D8:C9:92:00,1,0,0,1E:01:D0:40:E0:9E,6,1,SYN_FLOOD,2026-08-05T00:45:23.973701
45917,,-49,44,0,3360,65832,44280,8824853,0,100,19,0,0,B0:CB:D8:C9:92:00,1,0,0,1E:01:D0:40:E0:9E,6,1,SYN_FLOOD,2026-08-05T00:45:24.198701
45917,MGMT_OTHER,-90,3,6488,690,65832,44280,8824950,0,100,19,0,0,B0:CB:D8:C9:92:00,1,0,1,1E:01:D0:40:E0:9E,6,1,SYN_FLOOD,2026-08-05T00:45:24.295701
45917,,-91,2,8894,275,65832,44280,8825022,0,100,19,0,0,B0:CB:D8:C9:92:00,1,0,1,1E:01:D0:40:E0:9E,6,1,SYN_FLOOD,2026-08-05T00:45:24.367701
45917,BEACON,-93,0,30787,3670,65832,44280,8825166,0,100,19,0,0,B0:CB:D8:C9:92:00,1,0,1,1E:01:D0:40:E0:9E,6,1,SYN_FLOOD,2026-08-05T00:45:24.511701
45917,BEACON,-78,15,0,2778,65832,44280,8825515,0,100,19,0,0,B0:CB:D8:C9:92:00,1,0,0,1E:01:D0:40:E0:9E,6,1,SYN_FLOOD,2026-08-05T00:45:24.860701
45917,BEACON,-92,1,0,3398,65832,44280,8825815,0,100,19,0,0,B0:CB:D8:C9:92:00,1,0,0,1E:01:D0:40:E0:9E,6,1,SYN_FLOOD,2026-08-05T00:45:25.160701
45917,,-81,12,359,141,65832,44280,8826032,0,100,19,0,0,B0:CB:D8:C9:92:00,1,0,1,1E:01:D0:40:E0:9E,6,1,SYN_FLOOD,2026-08-05T00:45:25.377701
45917,,-91,2,13119,1181,65832,44280,8826398,0,100,19,0,0,B0:CB:D8:C9:92:00,1,0,1,1E:01:D0:40:E0:9E,6,1,SYN_FLOOD,2026-08-05T00:45:25.743701
45917,,-88,5,1757,0,65832,44280,8826537,0,100,19,0,0,B0:CB:D8:C9:92:00,1,0,0,1E:01:D0:40:E0:9E,6,1,SYN_FLOOD,2026-08-05T00:45:25.882701
45917,BEACON,-90,3,1543,3676,65832,44280,8826809,0,100,19,0,0,B0:CB:D8:C9:92:00,1,0,1,1E:01:D0:40:E0:9E,6,1,SYN_FLOOD,2026-08-05T00:45:26.154701
45917,BEACON,-48,45,12720,445,65832,44280,8827036,0,100,19,0,0,B0:CB:D8:C9:92:00,1,0,1,1E:01:D0:40:E0:9E,6,1,SYN_FLOOD,2026-08-05T00:45:26.381701
45917,,-92,1,347,1071,65832,44280,8827363,0,100,19,0,0,B0:CB:D8:C9:92:00,1,0,1,1E:01:D0:40:E0:9E,6,1,SYN_FLOOD,2026-08-05T00:45:26.708701
45917,BEACON,-90,3,8194,3785,65832,44280,8827653,0,100,19,0,0,B0:CB:D8:C9:92:00,1,0,1,1E:01:D0:40:E0:9E,6,1,SYN_FLOOD,2026-08-05T00:45:26.998701
45917,BEACON,-92,1,6456,3697,65832,44280,8827934,0,100,19,0,0,B0:CB:D8:C9:92:00,1,0,1,1E:01:D0:40:E0:9E,6,1,SYN_FLOOD,2026-08-05T00:45:27.279701
45917,,-48,45,0,3470,64308,44280,8827965,0,100,19,0,0,B0:CB:D8:C9:92:00,1,0,0,1E:01:D0:40:E0:9E,6,1,SYN_FLOOD,2026-08-05T00:45:27.310701
45917,,-48,45,0,3516,61512,44280,8827978,0,100,19,0,0,B0:CB:D8:C9:92:00,1,0,0,1E:01:D0:40:E0:9E,6,1,SYN_FLOOD,2026-08-05T00:45:27.323701
45917,,-48,45,0,3637,51428,44280,8827994,0,100,19,0,0,B0:CB:D8:C9:92:00,1,0,0,1E:01:D0:40:E0:9E,6,1,SYN_FLOOD,2026-08-05T00:45:27.339701
45917,,-49,44,586,3736,54632,44280,8828004,0,100,19,0,0,B0:CB:D8:C9:92:00,1,0,0,1E:01:D0:40:E0:9E,6,1,SYN_FLOOD,2026-08-05T00:45:27.349701
45917,,-48,45,0,3798,52928,44280,8828012,0,100,19,0,0,B0:CB:D8:C9:92:00,1,0,0,1E:01:D0:40:E0:9E,6,1,SYN_FLOOD,2026-08-05T00:45:27.357701
45917,,-49,44,0,3922,65832,44280,8828028,0,100,19,0,0,B0:CB:D8:C9:92:00,1,0,0,1E:01:D0:40:E0:9E,6,1,SYN_FLOOD,2026-08-05T00:45:27.373701
45917,,-48,45,0,3968,65832,44280,8828068,0,100,19,0,0,B0:CB:D8:C9:92:00,1,0,0,1E:01:D0:40:E0:9E,6,1,SYN_FLOOD,2026-08-05T00:45:27.413701
45917,,-48,45,0,4027,65832,44280,8828117,0,100,19,0,0,B0:CB:D8:C9:92:00,1,0,0,1E:01:D0:40:E0:9E,6,1,SYN_FLOOD,2026-08-05T00:45:27.462701
45917,,-48,45,0,4060,65832,44280,8828249,0,100,19,0,0,B0:CB:D8:C9:92:00,1,0,0,1E:01:D0:40:E0:9E,6,1,SYN_FLOOD,2026-08-05T00:45:27.594701
45917,PROBE_RESP,-81,12,721,108,65832,44280,8828515,0,100,19,0,0,B0:CB:D8:C9:92:00,1,0,1,1E:01:D0:40:E0:9E,6,1,SYN_FLOOD,2026-08-05T00:45:27.860701
45917,MGMT_OTHER,-92,1,24921,2939,65832,44280,8828824,0,100,19,0,0,B0:CB:D8:C9:92:00,1,0,1,1E:01:D0:40:E0:9E,6,1,SYN_FLOOD,2026-08-05T00:45:28.169701
45917,,-48,45,0,3,65832,44280,8828931,0,100,19,0,0,B0:CB:D8:C9:92:00,1,0,0,1E:01:D0:40:E0:9E,6,1,SYN_FLOOD,2026-08-05T00:45:28.276701
45917,,-47,46,0,38,65832,44280,8829001,0,100,19,0,0,B0:CB:D8:C9:92:00,1,0,0,1E:01:D0:40:E0:9E,6,1,SYN_FLOOD,2026-08-05T00:45:28.346701
45917,PROBE_RESP,-92,1,730,3,65832,44280,8829319,0,100,19,0,0,B0:CB:D8:C9:92:00,1,0,0,1E:01:D0:40:E0:9E,6,1,SYN_FLOOD,2026-08-05T00:45:28.664701
45917,BEACON,-46,47,0,474,65832,44280,8829603,0,100,19,0,0,B0:CB:D8:C9:92:00,1,0,1,1E:01:D0:40:E0:9E,6,1,SYN_FLOOD,2026-08-05T00:45:28.948701
45917,,17,17,0,0,65832,44280,8829910,0,100,19,0,0,B0:CB:D8:C9:92:00,1,0,0,1E:01:D0:40:E0:9E,6,1,SYN_FLOOD,2026-08-05T00:45:29.255701
45917,,-89,4,3368,342,65832,44280,8830127,0,100,19,0,0,B0:CB:D8:C9:92:00,1,0,1,1E:01:D0:40:E0:9E,6,1,SYN_FLOOD,2026-08-05T00:45:29.472701
45917,,-89,4,1260,107,65832,44280,8830326,0,100,19,0,0,B0:CB:D8:C9:92:00,1,0,1,1E:01:D0:40:E0:9E,6,1,SYN_FLOOD,2026-08-05T00:45:29.671701
45917,BEACON,-94,-1,0,3674,65832,44280,8830496,0,100,19,0,0,B0:CB:D8:C9:92:00,1,0,0,1E:01:D0:40:E0:9E,6,1,SYN_FLOOD,2026-08-05T00:45:29.841701
45917,MGMT_OTHER,-87,6,406,1236,65832,44280,8830788,0,100,19,0,0,B0:CB:D8:C9:92:00,1,0,1,1E:01:D0:40:E0:9E,6,1,SYN_FLOOD,2026-08-05T00:45:30.133701
45917,,-87,6,46892,1875,65832,44280,8831093,0,100,19,0,0,B0:CB:D8:C9:92:00,1,0,1,1E:01:D0:40:E0:9E,6,1,SYN_FLOOD,2026-08-05T00:45:30.438701
45917,,-84,9,3835,3237,65832,44280,8831336,0,100,19,0,0,B0:CB:D8:C9:92:00,1,0,1,1E:01:D0:40:E0:9E,6,1,SYN_FLOOD,2026-08-05T00:45:30.681701
45917,,-88,5,1830,1883,65832,44280,8831540,0,100,19,0,0,B0:CB:D8:C9:92:00,1,0,1,1E:01:D0:40:E0:9E,6,1,SYN_FLOOD,2026-08-05T00:45:30.885701
45917,PROBE_RESP,-88,5,0,0,65832,44280,8831677,0,100,19,0,0,B0:CB:D8:C9:92:00,1,0,0,1E:01:D0:40:E0:9E,6,1,SYN_FLOOD,2026-08-05T00:45:31.022701
45917,MGMT_OTHER,-90,3,264,1967,65832,44280,8831844,0,100,19,0,0,B0:CB:D8:C9:92:00,1,0,1,1E:01:D0:40:E0:9E,6,1,SYN_FLOOD,2026-08-05T00:45:31.189701
45917,AUTH,-91,2,326,0,65832,44280,8831985,0,100,19,0,0,B0:CB:D8:C9:92:00,1,0,0,1E:01:D0:40:E0:9E,6,1,SYN_FLOOD,2026-08-05T00:45:31.330701
45917,,-88,5,6557,69,65832,44280,8832116,0,100,19,0,0,B0:CB:D8:C9:92:00,1,0,1,1E:01:D0:40:E0:9E,6,1,SYN_FLOOD,2026-08-05T00:45:31.461701
45917,DISASSOC,-86,7,1800,275,65832,44280,8832375,0,100,19,0,0,B0:CB:D8:C9:92:00,1,0,1,1E:01:D0:40:E0:9E,6,1,SYN_FLOOD,2026-08-05T00:45:31.720701
45917,MGMT_OTHER,-85,8,1394,1,65832,44280,8832598,0,100,19,0,0,B0:CB:D8:C9:92:00,1,0,1,1E:01:D0:40:E0:9E,6,1,SYN_FLOOD,2026-08-05T00:45:31.943701
45917,,-83,10,13742,1158,65832,44280,8832868,0,100,19,0,0,B0:CB:D8:C9:92:00,1,0,1,1E:01:D0:40:E0:9E,6,1,SYN_FLOOD,2026-08-05T00:45:32.213701
45917,BEACON,-48,45,2922,512,65832,44280,8833078,0,100,19,0,0,B0:CB:D8:C9:92:00,1,0,1,1E:01:D0:40:E0:9E,6,1,SYN_FLOOD,2026-08-05T00:45:32.423701
45917,PROBE_RESP,-88,5,339,48,65832,44280,8833329,0,100,19,0,0,B0:CB:D8:C9:92:00,1,0,0,1E:01:D0:40:E0:9E,6,1,SYN_FLOOD,2026-08-05T00:45:32.674701
45917,BEACON,-47,46,0,516,65832,44280,8833487,0,100,19,0,0,B0:CB:D8:C9:92:00,1,0,1,1E:01:D0:40:E0:9E,6,1,SYN_FLOOD,2026-08-05T00:45:32.832701
45917,MGMT_OTHER,-86,7,9501,2078,65832,44280,8833731,0,100,19,0,0,B0:CB:D8:C9:92:00,1,0,1,1E:01:D0:40:E0:9E,6,1,SYN_FLOOD,2026-08-05T00:45:33.076701
45917,PROBE_RESP,-90,3,8286,1,65832,44280,8833987,0,100,19,0,0,B0:CB:D8:C9:92:00,1,0,1,1E:01:D0:40:E0:9E,6,1,SYN_FLOOD,2026-08-05T00:45:33.332701
45917,BEACON,-93,0,7155,3758,65832,44280,8834178,0,100,19,0,0,B0:CB:D8:C9:92:00,1,0,1,1E:01:D0:40:E0:9E,6,1,SYN_FLOOD,2026-08-05T00:45:33.523701
45917,,-84,9,24017,3917,65832,44280,8834484,0,100,19,0,0,B0:CB:D8:C9:92:00,1,0,1,1E:01:D0:40:E0:9E,6,1,SYN_FLOOD,2026-08-05T00:45:33.829701
45917,DEAUTH,-91,2,17868,2415,65832,44280,8834767,0,100,19,0,0,B0:CB:D8:C9:92:00,1,0,1,1E:01:D0:40:E0:9E,6,1,SYN_FLOOD,2026-08-05T00:45:34.112701
45917,,-92,1,3702,2373,65832,44280,8835005,0,100,19,0,0,B0:CB:D8:C9:92:00,1,0,1,1E:01:D0:40:E0:9E,6,1,SYN_FLOOD,2026-08-05T00:45:34.350701
45917,PROBE_RESP,-94,-1,0,0,65832,44280,8835337,0,100,19,0,0,B0:CB:D8:C9:92:00,1,0,1,1E:01:D0:40:E0:9E,6,1,SYN_FLOOD,2026-08-05T00:45:34.682701
45917,BEACON,-88,5,5938,3862,65832,44280,8835538,0,100,19,0,0,B0:CB:D8:C9:92:00,1,0,1,1E:01:D0:40:E0:9E,6,1,SYN_FLOOD,2026-08-05T00:45:34.883701
45917,PROBE_RESP,-88,5,0,1,65832,44280,8835655,0,100,19,0,0,B0:CB:D8:C9:92:00,1,0,0,1E:01:D0:40:E0:9E,6,1,SYN_FLOOD,2026-08-05T00:45:35.000701
45917,PROBE_RESP,-86,7,0,0,65832,44280,8835843,0,100,19,0,0,B0:CB:D8:C9:92:00,1,0,1,1E:01:D0:40:E0:9E,6,1,SYN_FLOOD,2026-08-05T00:45:35.188701
45917,,-48,45,0,54,61584,44280,8835968,0,100,19,0,0,B0:CB:D8:C9:92:00,1,0,0,1E:01:D0:40:E0:9E,6,1,SYN_FLOOD,2026-08-05T00:45:35.313701
45917,,-48,45,247,110,65036,44280,8835982,0,100,19,0,0,B0:CB:D8:C9:92:00,1,0,0,1E:01:D0:40:E0:9E,6,1,SYN_FLOOD,2026-08-05T00:45:35.327701
45917,,-48,45,233,218,56204,44280,8835992,0,100,19,0,0,B0:CB:D8:C9:92:00,1,0,0,1E:01:D0:40:E0:9E,6,1,SYN_FLOOD,2026-08-05T00:45:35.337701
45917,,-48,45,0,374,61232,44280,8836004,0,100,19,0,0,B0:CB:D8:C9:92:00,1,0,0,1E:01:D0:40:E0:9E,6,1,SYN_FLOOD,2026-08-05T00:45:35.349701
45917,,-49,44,0,500,65832,44280,8836022,0,100,19,0,0,B0:CB:D8:C9:92:00,1,0,0,1E:01:D0:40:E0:9E,6,1,SYN_FLOOD,2026-08-05T00:45:35.367701
45917,,-49,44,0,541,62352,44280,8836039,0,100,19,0,0,B0:CB:D8:C9:92:00,1,0,0,1E:01:D0:40:E0:9E,6,1,SYN_FLOOD,2026-08-05T00:45:35.384701
45917,,-49,44,0,585,61564,44280,8836077,0,100,19,0,0,B0:CB:D8:C9:92:00,1,0,0,1E:01:D0:40:E0:9E,6,1,SYN_FLOOD,2026-08-05T00:45:35.422701
45917,MGMT_OTHER,-85,8,4722,2514,65840,44280,8836108,0,100,19,0,0,B0:CB:D8:C9:92:00,1,0,1,1E:01:D0:40:E0:9E,6,1,SYN_FLOOD,2026-08-05T00:45:35.453701
45917,,-50,43,0,664,65840,44280,8836206,0,100,19,0,0,B0:CB:D8:C9:92:00,1,0,0,1E:01:D0:40:E0:9E,6,1,SYN_FLOOD,2026-08-05T00:45:35.551701
45917,,-85,8,655,2783,65840,44280,8836329,0,100,19,0,0,B0:CB:D8:C9:92:00,1,0,1,1E:01:D0:40:E0:9E,6,1,SYN_FLOOD,2026-08-05T00:45:35.674701
45917,PROBE_REQ,-90,3,0,82,65840,44280,8836577,0,100,19,0,0,B0:CB:D8:C9:92:00,1,0,1,1E:01:D0:40:E0:9E,6,1,SYN_FLOOD,2026-08-05T00:45:35.922701
45917,,-92,1,3619,2671,65840,44280,8836790,0,100,19,0,0,B0:CB:D8:C9:92:00,1,0,1,1E:01:D0:40:E0:9E,6,1,SYN_FLOOD,2026-08-05T00:45:36.135701
45917,,-49,44,0,710,63932,44280,8836950,0,100,19,0,0,B0:CB:D8:C9:92:00,1,0,0,1E:01:D0:40:E0:9E,6,1,SYN_FLOOD,2026-08-05T00:45:36.295701
45917,,-50,43,0,751,65840,44280,8836980,0,100,19,0,0,B0:CB:D8:C9:92:00,1,0,0,1E:01:D0:40:E0:9E,6,1,SYN_FLOOD,2026-08-05T00:45:36.325701
45917,,-49,44,18255,764,65540,44280,8837112,0,100,19,0,0,B0:CB:D8:C9:92:00,1,0,1,1E:01:D0:40:E0:9E,6,1,SYN_FLOOD,2026-08-05T00:45:36.457701
45917,PROBE_REQ,-91,2,7318,688,65832,44280,8837451,0,100,19,0,0,B0:CB:D8:C9:92:00,1,0,1,1E:01:D0:40:E0:9E,6,1,SYN_FLOOD,2026-08-05T00:45:36.796701
45917,BEACON,-89,4,0,3744,65832,44280,8837665,0,100,19,0,0,B0:CB:D8:C9:92:00,1,0,0,1E:01:D0:40:E0:9E,6,1,SYN_FLOOD,2026-08-05T00:45:37.010701
45917,BEACON,-80,13,7681,2935,65832,44280,8837905,0,100,19,0,0,B0:CB:D8:C9:92:00,1,0,1,1E:01:D0:40:E0:9E,6,1,SYN_FLOOD,2026-08-05T00:45:37.250701
45917,BEACON,-91,2,5458,3787,65832,44280,8838176,0,100,19,0,0,B0:CB:D8:C9:92:00,1,0,1,1E:01:D0:40:E0:9E,6,1,SYN_FLOOD,2026-08-05T00:45:37.521701
45917,BEACON,-90,3,0,1031,65832,44280,8838382,0,100,19,0,0,B0:CB:D8:C9:92:00,1,0,1,1E:01:D0:40:E0:9E,6,1,SYN_FLOOD,2026-08-05T00:45:37.727701
45917,PROBE_RESP,-84,9,0,1,65832,44280,8838524,0,100,19,0,0,B0:CB:D8:C9:92:00,1,0,1,1E:01:D0:40:E0:9E,6,1,SYN_FLOOD,2026-08-05T00:45:37.869701
45917,BEACON,-87,6,8180,3892,65832,44280,8838611,0,100,19,0,0,B0:CB:D8:C9:92:00,1,0,1,1E:01:D0:40:E0:9E,6,1,SYN_FLOOD,2026-08-05T00:45:37.956701
45917,,15,15,0,2650,65832,44280,8838636,0,100,19,0,0,B0:CB:D8:C9:92:00,1,0,1,1E:01:D0:40:E0:9E,6,1,SYN_FLOOD,2026-08-05T00:45:37.981701
45917,MGMT_OTHER,-91,2,29703,1906,65832,44280,8838886,0,100,19,0,0,B0:CB:D8:C9:92:00,1,0,1,1E:01:D0:40:E0:9E,6,1,SYN_FLOOD,2026-08-05T00:45:38.231701
45917,PROBE_RESP,-88,5,2582,4,65832,44280,8839122,0,100,19,0,0,B0:CB:D8:C9:92:00,1,0,0,1E:01:D0:40:E0:9E,6,1,SYN_FLOOD,2026-08-05T00:45:38.467701
45917,MGMT_OTHER,-90,3,6066,3281,65832,44280,8839348,0,100,19,0,0,B0:CB:D8:C9:92:00,1,0,0,1E:01:D0:40:E0:9E,6,1,SYN_FLOOD,2026-08-05T00:45:38.693701
45917,BEACON,-88,5,0,2439,65832,44280,8839637,0,100,19,0,0,B0:CB:D8:C9:92:00,1,0,1,1E:01:D0:40:E0:9E,6,1,SYN_FLOOD,2026-08-05T00:45:38.982701
45917,BEACON,-89,4,0,2441,65832,44280,8839842,0,100,19,0,0,B0:CB:D8:C9:92:00,1,0,0,1E:01:D0:40:E0:9E,6,1,SYN_FLOOD,2026-08-05T00:45:39.187701
45917,MGMT_OTHER,-95,-2,3733,3792,65832,44280,8840022,0,100,19,0,0,B0:CB:D8:C9:92:00,1,0,0,1E:01:D0:40:E0:9E,6,1,SYN_FLOOD,2026-08-05T00:45:39.367701
45917,BEACON,-80,13,4137,2958,65832,44280,8840261,0,100,19,0,0,B0:CB:D8:C9:92:00,1,0,1,1E:01:D0:40:E0:9E,6,1,SYN_FLOOD,2026-08-05T00:45:39.606701
45917,BEACON,-84,9,0,3876,65832,44280,8840557,0,100,19,0,0,B0:CB:D8:C9:92:00,1,0,0,1E:01:D0:40:E0:9E,6,1,SYN_FLOOD,2026-08-05T00:45:39.902701
45917,,-89,4,4933,2080,65832,44280,8840811,0,100,19,0,0,B0:CB:D8:C9:92:00,1,0,1,1E:01:D0:40:E0:9E,6,1,SYN_FLOOD,2026-08-05T00:45:40.156701
45917,PROBE_RESP,-83,10,0,1,65832,44280,8840997,0,100,19,0,0,B0:CB:D8:C9:92:00,1,0,0,1E:01:D0:40:E0:9E,6,1,SYN_FLOOD,2026-08-05T00:45:40.342701
45917,BEACON,-88,5,0,3779,65956,44280,8841249,0,100,19,0,0,B0:CB:D8:C9:92:00,1,0,0,1E:01:D0:40:E0:9E,6,1,SYN_FLOOD,2026-08-05T00:45:40.594701
45917,,-86,7,4206,209,65832,44280,8841487,0,100,19,0,0,B0:CB:D8:C9:92:00,1,0,1,1E:01:D0:40:E0:9E,6,1,SYN_FLOOD,2026-08-05T00:45:40.832701
45917,,-89,4,169,2736,65832,44280,8841620,0,100,19,0,0,B0:CB:D8:C9:92:00,1,0,1,1E:01:D0:40:E0:9E,6,1,SYN_FLOOD,2026-08-05T00:45:40.965701
45917,DISASSOC,-91,2,547,0,65832,44280,8841792,0,100,19,0,0,B0:CB:D8:C9:92:00,1,0,0,1E:01:D0:40:E0:9E,6,1,SYN_FLOOD,2026-08-05T00:45:41.137701
45917,BEACON,-79,14,0,2940,65832,44280,8842105,0,100,19,0,0,B0:CB:D8:C9:92:00,1,0,0,1E:01:D0:40:E0:9E,6,1,SYN_FLOOD,2026-08-05T00:45:41.450701
45917,,-84,9,16398,2899,65832,44280,8842288,0,100,19,0,0,B0:CB:D8:C9:92:00,1,0,1,1E:01:D0:40:E0:9E,6,1,SYN_FLOOD,2026-08-05T00:45:41.633701
45917,,-92,1,456,133,65832,44280,8842451,0,100,19,0,0,B0:CB:D8:C9:92:00,1,0,1,1E:01:D0:40:E0:9E,6,1,SYN_FLOOD,2026-08-05T00:45:41.796701
45917,BEACON,-90,3,7058,3601,65832,44280,8842714,0,100,19,0,0,B0:CB:D8:C9:92:00,1,0,1,1E:01:D0:40:E0:9E,6,1,SYN_FLOOD,2026-08-05T00:45:42.059701
45917,PROBE_RESP,-84,9,0,0,65832,44280,8842873,0,100,19,0,0,B0:CB:D8:C9:92:00,1,0,0,1E:01:D0:40:E0:9E,6,1,SYN_FLOOD,2026-08-05T00:45:42.218701
45917,MGMT_OTHER,-87,6,1780,3259,65832,44280,8843027,0,100,19,0,0,B0:CB:D8:C9:92:00,1,0,1,1E:01:D0:40:E0:9E,6,1,SYN_FLOOD,2026-08-05T00:45:42.372701
45917,BEACON,-80,13,1428,2988,65832,44280,8843333,0,100,19,0,0,B0:CB:D8:C9:92:00,1,0,1,1E:01:D0:40:E0:9E,6,1,SYN_FLOOD,2026-08-05T00:45:42.678701
45917,,-93,0,1089,0,65832,44280,8843662,0,100,19,0,0,B0:CB:D8:C9:92:00,1,0,0,1E:01:D0:40:E0:9E,6,1,SYN_FLOOD,2026-08-05T00:45:43.007701
45917,PROBE_RESP,-80,12,0,2517,65832,44280,8843889,0,100,19,0,0,B0:CB:D8:C9:92:00,1,0,1,1E:01:D0:40:E0:9E,6,1,SYN_FLOOD,2026-08-05T00:45:43.234701
45917,,-50,42,8708,766,65596,44280,8844129,0,100,19,0,0,B0:CB:D8:C9:92:00,1,0,1,1E:01:D0:40:E0:9E,6,1,SYN_FLOOD,2026-08-05T00:45:43.474701
45917,BEACON,-47,45,863,638,65832,44280,8844342,0,100,19,0,0,B0:CB:D8:C9:92:00,1,0,0,1E:01:D0:40:E0:9E,6,1,SYN_FLOOD,2026-08-05T00:45:43.687701
45917,,-86,6,8319,3163,65832,44280,8844599,0,100,19,0,0,B0:CB:D8:C9:92:00,1,0,1,1E:01:D0:40:E0:9E,6,1,SYN_FLOOD,2026-08-05T00:45:43.944701
45917,BEACON,-90,2,0,2491,65832,44280,8844962,0,100,19,0,0,B0:CB:D8:C9:92:00,1,0,1,1E:01:D0:40:E0:9E,6,1,SYN_FLOOD,2026-08-05T00:45:44.307701
45917,BEACON,-91,1,0,3818,65832,44280,8845243,0,100,19,0,0,B0:CB:D8:C9:92:00,1,0,0,1E:01:D0:40:E0:9E,6,1,SYN_FLOOD,2026-08-05T00:45:44.588701
45917,PROBE_RESP,-95,-3,0,0,65832,44280,8845532,0,100,19,0,0,B0:CB:D8:C9:92:00,1,0,1,1E:01:D0:40:E0:9E,6,1,SYN_FLOOD,2026-08-05T00:45:44.877701
45917,,-86,6,5377,57,65832,44280,8845694,0,100,19,0,0,B0:CB:D8:C9:92:00,1,0,1,1E:01:D0:40:E0:9E,6,1,SYN_FLOOD,2026-08-05T00:45:45.039701
45917,,-86,6,7168,3513,65832,44280,8845974,0,100,19,0,0,B0:CB:D8:C9:92:00,1,0,1,1E:01:D0:40:E0:9E,6,1,SYN_FLOOD,2026-08-05T00:45:45.319701
45917,BEACON,-85,7,0,3932,65956,44280,8846292,0,100,19,0,0,B0:CB:D8:C9:92:00,1,0,0,1E:01:D0:40:E0:9E,6,1,SYN_FLOOD,2026-08-05T00:45:45.637701
45917,,-92,0,3915,2247,65832,44280,8846616,0,100,19,0,0,B0:CB:D8:C9:92:00,1,0,1,1E:01:D0:40:E0:9E,6,1,SYN_FLOOD,2026-08-05T00:45:45.961701
45917,PROBE_RESP,-90,2,0,1,65832,44280,8846858,0,100,19,0,0,B0:CB:D8:C9:92:00,1,0,1,1E:01:D0:40:E0:9E,6,1,SYN_FLOOD,2026-08-05T00:45:46.203701
45917,BEACON,-90,2,0,3836,65832,44280,8847086,0,100,19,0,0,B0:CB:D8:C9:92:00,1,0,0,1E:01:D0:40:E0:9E,6,1,SYN_FLOOD,2026-08-05T00:45:46.431701
45917,,-89,3,9823,3027,65832,44280,8847347,0,100,19,0,0,B0:CB:D8:C9:92:00,1,0,1,1E:01:D0:40:E0:9E,6,1,SYN_FLOOD,2026-08-05T00:45:46.692701
45917,BEACON,-49,43,0,681,65832,44280,8847619,0,100,19,0,0,B0:CB:D8:C9:92:00,1,0,1,1E:01:D0:40:E0:9E,6,1,SYN_FLOOD,2026-08-05T00:45:46.964701
45917,BEACON,-86,6,0,3947,65832,44280,8847828,0,100,19,0,0,B0:CB:D8:C9:92:00,1,0,0,1E:01:D0:40:E0:9E,6,1,SYN_FLOOD,2026-08-05T00:45:47.173701
45917,BEACON,-50,42,7764,686,65832,44280,8848056,0,100,19,0,0,B0:CB:D8:C9:92:00,1,0,1,1E:01:D0:40:E0:9E,6,1,SYN_FLOOD,2026-08-05T00:45:47.401701
45917,,-93,-1,9759,328,65832,44280,8848403,0,100,19,0,0,B0:CB:D8:C9:92:00,1,0,1,1E:01:D0:40:E0:9E,6,1,SYN_FLOOD,2026-08-05T00:45:47.748701
45917,PROBE_RESP,-91,1,0,0,65832,44280,8848597,0,100,19,0,0,B0:CB:D8:C9:92:00,1,0,0,1E:01:D0:40:E0:9E,6,1,SYN_FLOOD,2026-08-05T00:45:47.942701
45917,,-90,2,839,3704,65832,44280,8848811,0,100,19,0,0,B0:CB:D8:C9:92:00,1,0,1,1E:01:D0:40:E0:9E,6,1,SYN_FLOOD,2026-08-05T00:45:48.156701
45917,,-51,41,0,697,64020,44280,8848981,0,100,19,0,0,B0:CB:D8:C9:92:00,1,0,0,1E:01:D0:40:E0:9E,6,1,SYN_FLOOD,2026-08-05T00:45:48.326701
45917,,-86,6,14962,2899,65832,44280,8849113,0,100,19,0,0,B0:CB:D8:C9:92:00,1,0,1,1E:01:D0:40:E0:9E,6,1,SYN_FLOOD,2026-08-05T00:45:48.458701
45917,,-93,-1,198,563,65832,44280,8849277,0,100,19,0,0,B0:CB:D8:C9:92:00,1,0,1,1E:01:D0:40:E0:9E,6,1,SYN_FLOOD,2026-08-05T00:45:48.622701
45917,BEACON,-91,1,3166,3898,65832,44280,8849543,0,100,19,0,0,B0:CB:D8:C9:92:00,1,0,1,1E:01:D0:40:E0:9E,6,1,SYN_FLOOD,2026-08-05T00:45:48.888701
45917,BEACON,-90,2,0,3863,65832,44280,8849860,0,100,19,0,0,B0:CB:D8:C9:92:00,1,0,0,1E:01:D0:40:E0:9E,6,1,SYN_FLOOD,2026-08-05T00:45:49.205701
45917,,-88,4,4374,2741,65832,44280,8850112,0,100,19,0,0,B0:CB:D8:C9:92:00,1,0,1,1E:01:D0:40:E0:9E,6,1,SYN_FLOOD,2026-08-05T00:45:49.457701
45917,BEACON,-47,45,4960,711,65832,44280,8850384,0,100,19,0,0,B0:CB:D8:C9:92:00,1,0,1,1E:01:D0:40:E0:9E,6,1,SYN_FLOOD,2026-08-05T00:45:49.729701
45917,,-80,12,0,592,65832,44280,8850607,0,100,19,0,0,B0:CB:D8:C9:92:00,1,0,1,1E:01:D0:40:E0:9E,6,1,SYN_FLOOD,2026-08-05T00:45:49.952701
45917,PROBE_RESP,-94,-2,0,2,65832,44280,8850859,0,100,19,0,0,B0:CB:D8:C9:92:00,1,0,0,1E:01:D0:40:E0:9E,6,1,SYN_FLOOD,2026-08-05T00:45:50.204701
45917,BEACON,-80,12,8119,3063,65832,44280,8851013,0,100,19,0,0,B0:CB:D8:C9:92:00,1,0,1,1E:01:D0:40:E0:9E,6,1,SYN_FLOOD,2026-08-05T00:45:50.358701
45917,,-92,0,7674,3283,65832,44280,8851329,0,100,19,0,0,B0:CB:D8:C9:92:00,1,0,1,1E:01:D0:40:E0:9E,6,1,SYN_FLOOD,2026-08-05T00:45:50.674701
45917,BEACON,-94,-2,0,2555,65832,44280,8851516,0,100,19,0,0,B0:CB:D8:C9:92:00,1,0,1,1E:01:D0:40:E0:9E,6,1,SYN_FLOOD,2026-08-05T00:45:50.861701
45917,MGMT_OTHER,-92,0,888,2787,65832,44280,8851788,0,100,19,0,0,B0:CB:D8:C9:92:00,1,0,1,1E:01:D0:40:E0:9E,6,1,SYN_FLOOD,2026-08-05T00:45:51.133701
45917,,-93,-1,14412,490,65832,44280,8852000,0,100,19,0,0,B0:CB:D8:C9:92:00,1,0,1,1E:01:D0:40:E0:9E,6,1,SYN_FLOOD,2026-08-05T00:45:51.345701
45917,,-89,3,14921,531,65832,44280,8852116,0,100,19,0,0,B0:CB:D8:C9:92:00,1,0,1,1E:01:D0:40:E0:9E,6,1,SYN_FLOOD,2026-08-05T00:45:51.461701
45917,BEACON,-92,0,8094,3926,65832,44280,8852410,0,100,19,0,0,B0:CB:D8:C9:92:00,1,0,1,1E:01:D0:40:E0:9E,6,1,SYN_FLOOD,2026-08-05T00:45:51.755701
45917,BEACON,-85,7,0,3994,65832,44280,8852641,0,100,19,0,0,B0:CB:D8:C9:92:00,1,0,0,1E:01:D0:40:E0:9E,6,1,SYN_FLOOD,2026-08-05T00:45:51.986701
45917,PROBE_RESP,-86,6,0,1,65832,44280,8852815,0,100,19,0,0,B0:CB:D8:C9:92:00,1,0,0,1E:01:D0:40:E0:9E,6,1,SYN_FLOOD,2026-08-05T00:45:52.160701
45917,PROBE_RESP,-92,0,0,0,65832,44280,8852950,0,100,19,0,0,B0:CB:D8:C9:92:00,1,0,0,1E:01:D0:40:E0:9E,6,1,SYN_FLOOD,2026-08-05T00:45:52.295701
45917,BEACON,-89,3,0,3664,65832,44280,8853054,0,100,19,0,0,B0:CB:D8:C9:92:00,1,0,1,1E:01:D0:40:E0:9E,6,1,SYN_FLOOD,2026-08-05T00:45:52.399701
45917,,-92,0,10855,0,65832,44280,8853277,0,100,19,0,0,B0:CB:D8:C9:92:00,1,0,0,1E:01:D0:40:E0:9E,6,1,SYN_FLOOD,2026-08-05T00:45:52.622701
45917,BEACON,-88,4,0,4003,65832,44280,8853563,0,100,19,0,0,B0:CB:D8:C9:92:00,1,0,0,1E:01:D0:40:E0:9E,6,1,SYN_FLOOD,2026-08-05T00:45:52.908701
45917,PROBE_RESP,-89,3,17281,0,65832,44280,8853801,0,100,19,0,0,B0:CB:D8:C9:92:00,1,0,1,1E:01:D0:40:E0:9E,6,1,SYN_FLOOD,2026-08-05T00:45:53.146701
45917,,-86,6,734,995,65832,44280,8853973,0,100,19,0,0,B0:CB:D8:C9:92:00,1,0,1,1E:01:D0:40:E0:9E,6,1,SYN_FLOOD,2026-08-05T00:45:53.318701
45917,MGMT_OTHER,-89,3,791,3864,65832,44280,8854229,0,100,19,0,0,B0:CB:D8:C9:92:00,1,0,1,1E:01:D0:40:E0:9E,6,1,SYN_FLOOD,2026-08-05T00:45:53.574701
45917,,-85,7,1261,2224,65832,44280,8854499,0,100,19,0,0,B0:CB:D8:C9:92:00,1,0,1,1E:01:D0:40:E0:9E,6,1,SYN_FLOOD,2026-08-05T00:45:53.844701
45917,,-90,2,2194,3949,65832,44280,8854765,0,100,19,0,0,B0:CB:D8:C9:92:00,1,0,1,1E:01:D0:40:E0:9E,6,1,SYN_FLOOD,2026-08-05T00:45:54.110701
45917,PROBE_RESP,-81,11,0,125,65832,44280,8854923,0,100,19,0,0,B0:CB:D8:C9:92:00,1,0,0,1E:01:D0:40:E0:9E,6,1,SYN_FLOOD,2026-08-05T00:45:54.268701
45917,BEACON,-89,3,0,3915,65832,44280,8855177,0,100,19,0,0,B0:CB:D8:C9:92:00,1,0,0,1E:01:D0:40:E0:9E,6,1,SYN_FLOOD,2026-08-05T00:45:54.522701
45917,,-90,2,845,162,65832,44280,8855422,0,100,19,0,0,B0:CB:D8:C9:92:00,1,0,1,1E:01:D0:40:E0:9E,6,1,SYN_FLOOD,2026-08-05T00:45:54.767701
45917,BEACON,-81,11,0,3072,65832,44280,8855623,0,100,19,0,0,B0:CB:D8:C9:92:00,1,0,0,1E:01:D0:40:E0:9E,6,1,SYN_FLOOD,2026-08-05T00:45:54.968701
45917,BEACON,-81,11,0,3074,65832,44280,8855827,0,100,19,0,0,B0:CB:D8:C9:92:00,1,0,0,1E:01:D0:40:E0:9E,6,1,SYN_FLOOD,2026-08-05T00:45:55.172701
45917,MGMT_OTHER,-90,2,9002,0,65832,44280,8856061,0,100,19,0,0,B0:CB:D8:C9:92:00,1,0,0,1E:01:D0:40:E0:9E,6,1,SYN_FLOOD,2026-08-05T00:45:55.406701
45917,PROBE_REQ,-90,2,4380,0,65832,44280,8856275,0,100,19,0,0,B0:CB:D8:C9:92:00,1,0,0,1E:01:D0:40:E0:9E,6,1,SYN_FLOOD,2026-08-05T00:45:55.620701
45917,MGMT_OTHER,-91,1,20770,2242,65832,44280,8856469,0,100,19,0,0,B0:CB:D8:C9:92:00,1,0,1,1E:01:D0:40:E0:9E,6,1,SYN_FLOOD,2026-08-05T00:45:55.814701
45917,BEACON,-88,4,0,4033,65832,44280,8856635,0,100,19,0,0,B0:CB:D8:C9:92:00,1,0,0,1E:01:D0:40:E0:9E,6,1,SYN_FLOOD,2026-08-05T00:45:55.980701
45917,BEACON,-89,3,7648,4070,65832,44280,8856839,0,100,19,0,0,B0:CB:D8:C9:92:00,1,0,1,1E:01:D0:40:E0:9E,6,1,SYN_FLOOD,2026-08-05T00:45:56.184701
45917,PROBE_RESP,-90,2,0,1,65832,44280,8857055,0,100,19,0,0,B0:CB:D8:C9:92:00,1,0,0,1E:01:D0:40:E0:9E,6,1,SYN_FLOOD,2026-08-05T00:45:56.400701
45917,,-92,0,1773,3856,65832,44280,8857298,0,100,19,0,0,B0:CB:D8:C9:92:00,1,0,1,1E:01:D0:40:E0:9E,6,1,SYN_FLOOD,2026-08-05T00:45:56.643701
45917,AUTH,-90,2,6779,0,65832,44280,8857615,0,100,19,0,0,B0:CB:D8:C9:92:00,1,0,0,1E:01:D0:40:E0:9E,6,1,SYN_FLOOD,2026-08-05T00:45:56.960701
45917,,-92,0,477,2287,65832,44280,8857817,0,100,19,0,0,B0:CB:D8:C9:92:00,1,0,1,1E:01:D0:40:E0:9E,6,1,SYN_FLOOD,2026-08-05T00:45:57.162701
45917,MGMT_OTHER,-88,4,1527,1001,65832,44280,8858026,0,100,19,0,0,B0:CB:D8:C9:92:00,1,0,1,1E:01:D0:40:E0:9E,6,1,SYN_FLOOD,2026-08-05T00:45:57.371701
45917,,-94,-2,9003,3210,65832,44280,8858237,0,100,19,0,0,B0:CB:D8:C9:92:00,1,0,1,1E:01:D0:40:E0:9E,6,1,SYN_FLOOD,2026-08-05T00:45:57.582701
45917,PROBE_RESP,-80,12,0,4,65832,44280,8858371,0,100,19,0,0,B0:CB:D8:C9:92:00,1,0,0,1E:01:D0:40:E0:9E,6,1,SYN_FLOOD,2026-08-05T00:45:57.716701
45917,,-86,6,17767,2073,65832,44280,8858549,0,100,19,0,0,B0:CB:D8:C9:92:00,1,0,1,1E:01:D0:40:E0:9E,6,1,SYN_FLOOD,2026-08-05T00:45:57.894701
45917,,-86,6,2077,2302,65832,44280,8858808,0,100,19,0,0,B0:CB:D8:C9:92:00,1,0,1,1E:01:D0:40:E0:9E,6,1,SYN_FLOOD,2026-08-05T00:45:58.153701
45917,BEACON,-90,2,14099,3953,65832,44280,8859067,0,100,19,0,0,B0:CB:D8:C9:92:00,1,0,1,1E:01:D0:40:E0:9E,6,1,SYN_FLOOD,2026-08-05T00:45:58.412701
45917,,-82,10,13306,595,65832,44280,8859254,0,100,19,0,0,B0:CB:D8:C9:92:00,1,0,1,1E:01:D0:40:E0:9E,6,1,SYN_FLOOD,2026-08-05T00:45:58.599701
45917,,-89,3,1438,619,65832,44280,8859592,0,100,19,0,0,B0:CB:D8:C9:92:00,1,0,1,1E:01:D0:40:E0:9E,6,1,SYN_FLOOD,2026-08-05T00:45:58.937701
45917,PROBE_RESP,-91,1,0,53,65832,44280,8859807,0,100,19,0,0,B0:CB:D8:C9:92:00,1,0,0,1E:01:D0:40:E0:9E,6,1,SYN_FLOOD,2026-08-05T00:45:59.152701
45917,BEACON,-86,6,0,4065,65832,44280,8859912,0,100,19,0,0,B0:CB:D8:C9:92:00,1,0,0,1E:01:D0:40:E0:9E,6,1,SYN_FLOOD,2026-08-05T00:45:59.257701
45917,BEACON,-89,3,0,3964,65832,44280,8860194,0,100,19,0,0,B0:CB:D8:C9:92:00,1,0,0,1E:01:D0:40:E0:9E,6,1,SYN_FLOOD,2026-08-05T00:45:59.539701
45917,BEACON,-81,11,447,3155,65832,44280,8860435,0,100,19,0,0,B0:CB:D8:C9:92:00,1,0,1,1E:01:D0:40:E0:9E,6,1,SYN_FLOOD,2026-08-05T00:45:59.780701
45917,,-91,1,5027,1380,65832,44280,8860584,0,100,19,0,0,B0:CB:D8:C9:92:00,1,0,1,1E:01:D0:40:E0:9E,6,1,SYN_FLOOD,2026-08-05T00:45:59.929701
45917,MGMT_OTHER,-90,2,1411,3416,65832,44280,8860734,0,100,19,0,0,B0:CB:D8:C9:92:00,1,0,1,1E:01:D0:40:E0:9E,6,1,SYN_FLOOD,2026-08-05T00:46:00.079701
45917,,-92,0,8559,3384,65832,44280,8861035,0,100,19,0,0,B0:CB:D8:C9:92:00,1,0,1,1E:01:D0:40:E0:9E,6,1,SYN_FLOOD,2026-08-05T00:46:00.380701
45917,,-89,3,9370,433,65832,44280,8861294,0,100,19,0,0,B0:CB:D8:C9:92:00,1,0,1,1E:01:D0:40:E0:9E,6,1,SYN_FLOOD,2026-08-05T00:46:00.639701
45917,PROBE_RESP,-89,3,0,0,65832,44280,8861397,0,100,19,0,0,B0:CB:D8:C9:92:00,1,0,0,1E:01:D0:40:E0:9E,6,1,SYN_FLOOD,2026-08-05T00:46:00.742701
45917,DISASSOC,-91,1,4061,2334,65832,44280,8861484,0,100,19,0,0,B0:CB:D8:C9:92:00,1,0,1,1E:01:D0:40:E0:9E,6,1,SYN_FLOOD,2026-08-05T00:46:00.829701
45917,,-88,4,9976,687,65832,44280,8861690,0,100,19,0,0,B0:CB:D8:C9:92:00,1,0,1,1E:01:D0:40:E0:9E,6,1,SYN_FLOOD,2026-08-05T00:46:01.035701
45917,,-93,-1,859,0,65832,44280,8861871,0,100,19,0,0,B0:CB:D8:C9:92:00,1,0,0,1E:01:D0:40:E0:9E,6,1,SYN_FLOOD,2026-08-05T00:46:01.216701
45917,PROBE_RESP,-81,11,0,0,65832,44280,8862037,0,100,19,0,0,B0:CB:D8:C9:92:00,1,0,0,1E:01:D0:40:E0:9E,6,1,SYN_FLOOD,2026-08-05T00:46:01.382701
45917,BEACON,-96,-4,3621,3554,65832,44280,8862261,0,100,19,0,0,B0:CB:D8:C9:92:00,1,0,1,1E:01:D0:40:E0:9E,6,1,SYN_FLOOD,2026-08-05T00:46:01.606701
45917,PROBE_RESP,-87,5,0,0,65832,44280,8862491,0,100,19,0,0,B0:CB:D8:C9:92:00,1,0,0,1E:01:D0:40:E0:9E,6,1,SYN_FLOOD,2026-08-05T00:46:01.836701
45917,,-96,-4,1769,2954,65832,44280,8862610,0,100,19,0,0,B0:CB:D8:C9:92:00,1,0,1,1E:01:D0:40:E0:9E,6,1,SYN_FLOOD,2026-08-05T00:46:01.955701
45917,BEACON,-89,3,10385,33,65832,44280,8862881,0,100,19,0,0,B0:CB:D8:C9:92:00,1,0,1,1E:01:D0:40:E0:9E,6,1,SYN_FLOOD,2026-08-05T00:46:02.226701
45917,BEACON,-89,3,0,0,65832,44280,8863086,0,100,19,0,0,B0:CB:D8:C9:92:00,1,0,0,1E:01:D0:40:E0:9E,6,1,SYN_FLOOD,2026-08-05T00:46:02.431701
45917,PROBE_REQ,-87,5,9392,3832,65832,44280,8863338,0,100,19,0,0,B0:CB:D8:C9:92:00,1,0,1,1E:01:D0:40:E0:9E,6,1,SYN_FLOOD,2026-08-05T00:46:02.683701
45917,PROBE_RESP,-90,2,0,0,65832,44280,8863532,0,100,19,0,0,B0:CB:D8:C9:92:00,1,0,0,1E:01:D0:40:E0:9E,6,1,SYN_FLOOD,2026-08-05T00:46:02.877701
45917,MGMT_OTHER,-93,-1,4527,0,65832,44280,8863679,0,100,19,0,0,B0:CB:D8:C9:92:00,1,0,0,1E:01:D0:40:E0:9E,6,1,SYN_FLOOD,2026-08-05T00:46:03.024701
45917,PROBE_RESP,-53,39,0,1685,65832,44280,8863989,0,100,19,0,0,B0:CB:D8:C9:92:00,1,0,0,1E:01:D0:40:E0:9E,6,1,SYN_FLOOD,2026-08-05T00:46:03.334701
45917,PROBE_RESP,-94,-2,0,0,65832,44280,8864230,0,100,19,0,0,B0:CB:D8:C9:92:00,1,0,0,1E:01:D0:40:E0:9E,6,1,SYN_FLOOD,2026-08-05T00:46:03.575701
45917,,-93,-1,2181,2332,65832,44280,8864380,0,100,19,0,0,B0:CB:D8:C9:92:00,1,0,1,1E:01:D0:40:E0:9E,6,1,SYN_FLOOD,2026-08-05T00:46:03.725701
45917,,-84,8,8469,184,65832,44280,8864668,0,100,19,0,0,B0:CB:D8:C9:92:00,1,0,1,1E:01:D0:40:E0:9E,6,1,SYN_FLOOD,2026-08-05T00:46:04.013701
45917,BEACON,-81,11,0,3162,65832,44280,8864839,0,100,19,0,0,B0:CB:D8:C9:92:00,1,0,0,1E:01:D0:40:E0:9E,6,1,SYN_FLOOD,2026-08-05T00:46:04.184701
45917,AUTH,-93,-1,6792,2079,65832,44280,8865075,0,100,19,0,0,B0:CB:D8:C9:92:00,1,0,1,1E:01:D0:40:E0:9E,6,1,SYN_FLOOD,2026-08-05T00:46:04.420701
45917,BEACON,-90,2,0,22,65832,44280,8865339,0,100,19,0,0,B0:CB:D8:C9:92:00,1,0,0,1E:01:D0:40:E0:9E,6,1,SYN_FLOOD,2026-08-05T00:46:04.684701
45917,MGMT_OTHER,-90,2,6409,391,65832,44280,8865614,0,100,19,0,0,B0:CB:D8:C9:92:00,1,0,1,1E:01:D0:40:E0:9E,6,1,SYN_FLOOD,2026-08-05T00:46:04.959701
45917,PROBE_RESP,-90,2,2164,0,65832,44280,8865767,0,100,19,0,0,B0:CB:D8:C9:92:00,1,0,0,1E:01:D0:40:E0:9E,6,1,SYN_FLOOD,2026-08-05T00:46:05.112701
45917,PROBE_RESP,-90,2,7537,1,65832,44280,8865956,0,100,19,0,0,B0:CB:D8:C9:92:00,1,0,0,1E:01:D0:40:E0:9E,6,1,SYN_FLOOD,2026-08-05T00:46:05.301701
45917,,-93,-1,7174,2433,65832,44280,8866176,0,100,19,0,0,B0:CB:D8:C9:92:00,1,0,1,1E:01:D0:40:E0:9E,6,1,SYN_FLOOD,2026-08-05T00:46:05.521701
45917,,-91,1,575,2953,65832,44280,8866397,0,100,19,0,0,B0:CB:D8:C9:92:00,1,0,1,1E:01:D0:40:E0:9E,6,1,SYN_FLOOD,2026-08-05T00:46:05.742701
45917,,46,46,0,0,65832,44280,8866560,0,100,19,0,0,B0:CB:D8:C9:92:00,1,0,1,1E:01:D0:40:E0:9E,6,1,SYN_FLOOD,2026-08-05T00:46:05.905701
45917,PROBE_RESP,-96,-4,0,93,65832,44280,8866837,0,100,19,0,0,B0:CB:D8:C9:92:00,1,0,1,1E:01:D0:40:E0:9E,6,1,SYN_FLOOD,2026-08-05T00:46:06.182701
45917,,-85,7,855,3603,65832,44280,8867018,0,100,19,0,0,B0:CB:D8:C9:92:00,1,0,1,1E:01:D0:40:E0:9E,6,1,SYN_FLOOD,2026-08-05T00:46:06.363701
45917,MGMT_OTHER,-85,7,7303,2598,65832,44280,8867225,0,100,19,0,0,B0:CB:D8:C9:92:00,1,0,1,1E:01:D0:40:E0:9E,6,1,SYN_FLOOD,2026-08-05T00:46:06.570701
45917,,-80,12,322,3,65832,44280,8867432,0,100,19,0,0,B0:CB:D8:C9:92:00,1,0,0,1E:01:D0:40:E0:9E,6,1,SYN_FLOOD,2026-08-05T00:46:06.777701
45917,PROBE_RESP,-92,0,0,0,65832,44280,8867591,0,100,19,0,0,B0:CB:D8:C9:92:00,1,0,0,1E:01:D0:40:E0:9E,6,1,SYN_FLOOD,2026-08-05T00:46:06.936701
45917,MGMT_OTHER,-90,2,19937,2909,65832,44280,8867826,0,100,19,0,0,B0:CB:D8:C9:92:00,1,0,1,1E:01:D0:40:E0:9E,6,1,SYN_FLOOD,2026-08-05T00:46:07.171701
45917,PROBE_RESP,-91,1,0,4,65832,44280,8867968,0,100,19,0,0,B0:CB:D8:C9:92:00,1,0,0,1E:01:D0:40:E0:9E,6,1,SYN_FLOOD,2026-08-05T00:46:07.313701
45917,,-92,0,322,2046,65832,44280,8868139,0,100,19,0,0,B0:CB:D8:C9:92:00,1,0,1,1E:01:D0:40:E0:9E,6,1,SYN_FLOOD,2026-08-05T00:46:07.484701
45917,,-50,42,104,924,65832,44280,8868263,0,100,19,0,0,B0:CB:D8:C9:92:00,1,0,0,1E:01:D0:40:E0:9E,6,1,SYN_FLOOD,2026-08-05T00:46:07.608701
45917,BEACON,-91,1,8842,4045,65832,44280,8868489,0,100,19,0,0,B0:CB:D8:C9:92:00,1,0,0,1E:01:D0:40:E0:9E,6,1,SYN_FLOOD,2026-08-05T00:46:07.834701
45917,MGMT_OTHER,-86,6,31971,827,65832,44280,8868783,0,100,19,0,0,B0:CB:D8:C9:92:00,1,0,1,1E:01:D0:40:E0:9E,6,1,SYN_FLOOD,2026-08-05T00:46:08.128701
45917,BEACON,-91,1,13392,93,65832,44280,8869025,0,100,19,0,0,B0:CB:D8:C9:92:00,1,0,1,1E:01:D0:40:E0:9E,6,1,SYN_FLOOD,2026-08-05T00:46:08.370701
45917,BEACON,-92,0,2689,4090,65832,44280,8869205,0,100,19,0,0,B0:CB:D8:C9:92:00,1,0,1,1E:01:D0:40:E0:9E,6,1,SYN_FLOOD,2026-08-05T00:46:08.550701
45917,,-94,-2,6644,2453,65832,44280,8869458,0,100,19,0,0,B0:CB:D8:C9:92:00,1,0,1,1E:01:D0:40:E0:9E,6,1,SYN_FLOOD,2026-08-05T00:46:08.803701
45917,BEACON,-89,3,3508,100,65832,44280,8869742,0,100,19,0,0,B0:CB:D8:C9:92:00,1,0,1,1E:01:D0:40:E0:9E,6,1,SYN_FLOOD,2026-08-05T00:46:09.087701
45917,,-91,1,2468,1880,65832,44280,8869950,0,100,19,0,0,B0:CB:D8:C9:92:00,1,0,1,1E:01:D0:40:E0:9E,6,1,SYN_FLOOD,2026-08-05T00:46:09.295701
45917,BEACON,-51,41,5623,973,65832,44280,8870250,0,100,19,0,0,B0:CB:D8:C9:92:00,1,0,1,1E:01:D0:40:E0:9E,6,1,SYN_FLOOD,2026-08-05T00:46:09.595701
45917,,-88,4,2725,3272,65832,44280,8870377,0,100,19,0,0,B0:CB:D8:C9:92:00,1,0,1,1E:01:D0:40:E0:9E,6,1,SYN_FLOOD,2026-08-05T00:46:09.722701
45917,PROBE_RESP,-90,2,0,1,65832,44280,8870471,0,100,19,0,0,B0:CB:D8:C9:92:00,1,0,1,1E:01:D0:40:E0:9E,6,1,SYN_FLOOD,2026-08-05T00:46:09.816701
45917,,-81,11,262,3,65832,44280,8870677,0,100,19,0,0,B0:CB:D8:C9:92:00,1,0,0,1E:01:D0:40:E0:9E,6,1,SYN_FLOOD,2026-08-05T00:46:10.022701
45917,,-53,39,0,1005,65832,44280,8870794,0,100,19,0,0,B0:CB:D8:C9:92:00,1,0,0,1E:01:D0:40:E0:9E,6,1,SYN_FLOOD,2026-08-05T00:46:10.139701
45917,,-51,41,110,1015,65832,44280,8871050,0,100,19,0,0,B0:CB:D8:C9:92:00,1,0,0,1E:01:D0:40:E0:9E,6,1,SYN_FLOOD,2026-08-05T00:46:10.395701
45917,,-94,-2,6822,488,65832,44280,8871297,0,100,19,0,0,B0:CB:D8:C9:92:00,1,0,1,1E:01:D0:40:E0:9E,6,1,SYN_FLOOD,2026-08-05T00:46:10.642701
45917,BEACON,-51,41,1464,1031,65832,44280,8871479,0,100,19,0,0,B0:CB:D8:C9:92:00,1,0,1,1E:01:D0:40:E0:9E,6,1,SYN_FLOOD,2026-08-05T00:46:10.824701
45917,,-81,11,726,1670,65832,44280,8871692,0,100,19,0,0,B0:CB:D8:C9:92:00,1,0,1,1E:01:D0:40:E0:9E,6,1,SYN_FLOOD,2026-08-05T00:46:11.037701
45917,PROBE_RESP,-89,3,6958,2910,65832,44280,8871827,0,100,19,0,0,B0:CB:D8:C9:92:00,1,0,1,1E:01:D0:40:E0:9E,6,1,SYN_FLOOD,2026-08-05T00:46:11.172701
45917,BEACON,-94,-2,0,2336,65832,44280,8872068,0,100,19,0,0,B0:CB:D8:C9:92:00,1,0,1,1E:01:D0:40:E0:9E,6,1,SYN_FLOOD,2026-08-05T00:46:11.413701
45917,BEACON,-51,41,12399,1064,65832,44280,8872298,0,100,19,0,0,B0:CB:D8:C9:92:00,1,0,1,1E:01:D0:40:E0:9E,6,1,SYN_FLOOD,2026-08-05T00:46:11.643701
45917,,-94,-2,5541,2903,65832,44280,8872526,0,100,19,0,0,B0:CB:D8:C9:92:00,1,0,1,1E:01:D0:40:E0:9E,6,1,SYN_FLOOD,2026-08-05T00:46:11.871701
45917,,11,11,0,2650,65832,44280,8872758,0,100,19,0,0,B0:CB:D8:C9:92:00,1,0,0,1E:01:D0:40:E0:9E,6,1,SYN_FLOOD,2026-08-05T00:46:12.103701
45917,BEACON,-91,1,2298,132,65832,44280,8873019,0,100,19,0,0,B0:CB:D8:C9:92:00,1,0,1,1E:01:D0:40:E0:9E,6,1,SYN_FLOOD,2026-08-05T00:46:12.364701
45917,MGMT_OTHER,-92,0,3274,1242,65832,44280,8873183,0,100,19,0,0,B0:CB:D8:C9:92:00,1,0,1,1E:01:D0:40:E0:9E,6,1,SYN_FLOOD,2026-08-05T00:46:12.528701
45917,,-92,0,4185,2633,65832,44280,8873408,0,100,19,0,0,B0:CB:D8:C9:92:00,1,0,1,1E:01:D0:40:E0:9E,6,1,SYN_FLOOD,2026-08-05T00:46:12.753701
45917,BEACON,-88,4,0,104,65832,44280,8873737,0,100,19,0,0,B0:CB:D8:C9:92:00,1,0,0,1E:01:D0:40:E0:9E,6,1,SYN_FLOOD,2026-08-05T00:46:13.082701
45917,,-92,0,11210,0,65832,44280,8874014,0,100,19,0,0,B0:CB:D8:C9:92:00,1,0,1,1E:01:D0:40:E0:9E,6,1,SYN_FLOOD,2026-08-05T00:46:13.359701
45917,PROBE_RESP,-89,3,0,1,65832,44280,8874182,0,100,19,0,0,B0:CB:D8:C9:92:00,1,0,0,1E:01:D0:40:E0:9E,6,1,SYN_FLOOD,2026-08-05T00:46:13.527701
45917,,-93,-1,656,3965,65832,44280,8874392,0,100,19,0,0,B0:CB:D8:C9:92:00,1,0,1,1E:01:D0:40:E0:9E,6,1,SYN_FLOOD,2026-08-05T00:46:13.737701
45917,,-82,10,501,9,65832,44280,8874577,0,100,19,0,0,B0:CB:D8:C9:92:00,1,0,0,1E:01:D0:40:E0:9E,6,1,SYN_FLOOD,2026-08-05T00:46:13.922701
45917,,-51,41,16920,1148,65756,44280,8874729,0,100,19,0,0,B0:CB:D8:C9:92:00,1,0,1,1E:01:D0:40:E0:9E,6,1,SYN_FLOOD,2026-08-05T00:46:14.074701
45917,,-95,-3,10561,0,65832,44280,8874834,0,100,19,0,0,B0:CB:D8:C9:92:00,1,0,0,1E:01:D0:40:E0:9E,6,1,SYN_FLOOD,2026-08-05T00:46:14.179701
45917,PROBE_RESP,-92,0,0,0,65832,44280,8875023,0,100,19,0,0,B0:CB:D8:C9:92:00,1,0,0,1E:01:D0:40:E0:9E,6,1,SYN_FLOOD,2026-08-05T00:46:14.368701
45917,,-81,11,2045,10,65832,44280,8875159,0,100,19,0,0,B0:CB:D8:C9:92:00,1,0,1,1E:01:D0:40:E0:9E,6,1,SYN_FLOOD,2026-08-05T00:46:14.504701
45917,,-82,10,200,12,65832,44280,8875303,0,100,19,0,0,B0:CB:D8:C9:92:00,1,0,0,1E:01:D0:40:E0:9E,6,1,SYN_FLOOD,2026-08-05T00:46:14.648701
45917,,-90,2,3422,850,65832,44280,8875465,0,100,19,0,0,B0:CB:D8:C9:92:00,1,0,1,1E:01:D0:40:E0:9E,6,1,SYN_FLOOD,2026-08-05T00:46:14.810701
45917,BEACON,-91,1,0,3886,65832,44280,8875788,0,100,19,0,0,B0:CB:D8:C9:92:00,1,0,0,1E:01:D0:40:E0:9E,6,1,SYN_FLOOD,2026-08-05T00:46:15.133701
45917,BEACON,-95,-3,0,2794,65832,44280,8875991,0,100,19,0,0,B0:CB:D8:C9:92:00,1,0,1,1E:01:D0:40:E0:9E,6,1,SYN_FLOOD,2026-08-05T00:46:15.336701
45917,,-51,41,71,1198,65832,44280,8876260,0,100,19,0,0,B0:CB:D8:C9:92:00,1,0,0,1E:01:D0:40:E0:9E,6,1,SYN_FLOOD,2026-08-05T00:46:15.605701
45917,,-83,9,534,2242,65832,44280,8876425,0,100,19,0,0,B0:CB:D8:C9:92:00,1,0,1,1E:01:D0:40:E0:9E,6,1,SYN_FLOOD,2026-08-05T00:46:15.770701
45917,BEACON,-88,4,0,133,65832,44280,8876706,0,100,19,0,0,B0:CB:D8:C9:92:00,1,0,0,1E:01:D0:40:E0:9E,6,1,SYN_FLOOD,2026-08-05T00:46:16.051701
45917,BEACON,-89,3,0,136,65832,44280,8877014,0,100,19,0,0,B0:CB:D8:C9:92:00,1,0,0,1E:01:D0:40:E0:9E,6,1,SYN_FLOOD,2026-08-05T00:46:16.359701
45917,,-90,2,1219,938,65832,44280,8877228,0,100,19,0,0,B0:CB:D8:C9:92:00,1,0,0,1E:01:D0:40:E0:9E,6,1,SYN_FLOOD,2026-08-05T00:46:16.573701
45917,,-46,46,230,1233,65832,44280,8877397,0,100,19,0,0,B0:CB:D8:C9:92:00,1,0,0,1E:01:D0:40:E0:9E,6,1,SYN_FLOOD,2026-08-05T00:46:16.742701
45917,,-49,43,137,1244,65832,44280,8877602,0,100,19,0,0,B0:CB:D8:C9:92:00,1,0,0,1E:01:D0:40:E0:9E,6,1,SYN_FLOOD,2026-08-05T00:46:16.947701
45917,,-90,2,1004,3117,65832,44280,8877907,0,100,19,0,0,B0:CB:D8:C9:92:00,1,0,1,1E:01:D0:40:E0:9E,6,1,SYN_FLOOD,2026-08-05T00:46:17.252701
45917,BEACON,-90,2,0,3910,65832,44280,8878246,0,100,19,0,0,B0:CB:D8:C9:92:00,1,0,1,1E:01:D0:40:E0:9E,6,1,SYN_FLOOD,2026-08-05T00:46:17.591701
45917,PROBE_RESP,-92,0,0,0,65832,44280,8878346,0,100,19,0,0,B0:CB:D8:C9:92:00,1,0,1,1E:01:D0:40:E0:9E,6,1,SYN_FLOOD,2026-08-05T00:46:17.691701
45917,,-89,3,4911,3714,65832,44280,8878508,0,100,19,0,0,B0:CB:D8:C9:92:00,1,0,1,1E:01:D0:40:E0:9E,6,1,SYN_FLOOD,2026-08-05T00:46:17.853701
45917,BEACON,-51,41,12707,1270,65832,44280,8878750,0,100,19,0,0,B0:CB:D8:C9:92:00,1,0,1,1E:01:D0:40:E0:9E,6,1,SYN_FLOOD,2026-08-05T00:46:18.095701
45917,,-53,39,0,1273,65832,44280,8878905,0,100,19,0,0,B0:CB:D8:C9:92:00,1,0,0,1E:01:D0:40:E0:9E,6,1,SYN_FLOOD,2026-08-05T00:46:18.250701
45917,,-52,40,0,1279,65832,44280,8878987,0,100,19,0,0,B0:CB:D8:C9:92:00,1,0,0,1E:01:D0:40:E0:9E,6,1,SYN_FLOOD,2026-08-05T00:46:18.332701
45917,,-81,11,0,27,65832,44280,8879192,0,100,19,0,0,B0:CB:D8:C9:92:00,1,0,0,1E:01:D0:40:E0:9E,6,1,SYN_FLOOD,2026-08-05T00:46:18.537701
45917,BEACON,-51,41,10932,1288,65832,44280,8879364,0,100,19,0,0,B0:CB:D8:C9:92:00,1,0,0,1E:01:D0:40:E0:9E,6,1,SYN_FLOOD,2026-08-05T00:46:18.709701
45917,BEACON,-94,-2,0,58,65832,44280,8879651,0,100,19,0,0,B0:CB:D8:C9:92:00,1,0,0,1E:01:D0:40:E0:9E,6,1,SYN_FLOOD,2026-08-05T00:46:18.996701
45917,,-85,7,3583,2355,65832,44280,8879877,0,100,19,0,0,B0:CB:D8:C9:92:00,1,0,1,1E:01:D0:40:E0:9E,6,1,SYN_FLOOD,2026-08-05T00:46:19.222701
45917,,14,14,0,0,65832,44280,8880100,0,100,19,0,0,B0:CB:D8:C9:92:00,1,0,0,1E:01:D0:40:E0:9E,6,1,SYN_FLOOD,2026-08-05T00:46:19.445701
45917,,-90,2,1245,3643,65832,44280,8880304,0,100,19,0,0,B0:CB:D8:C9:92:00,1,0,1,1E:01:D0:40:E0:9E,6,1,SYN_FLOOD,2026-08-05T00:46:19.649701
45917,MGMT_OTHER,-92,0,22764,1797,65832,44280,8880595,0,100,19,0,0,B0:CB:D8:C9:92:00,1,0,1,1E:01:D0:40:E0:9E,6,1,SYN_FLOOD,2026-08-05T00:46:19.940701
45917,,-86,6,4179,1030,65832,44280,8880811,0,100,19,0,0,B0:CB:D8:C9:92:00,1,0,1,1E:01:D0:40:E0:9E,6,1,SYN_FLOOD,2026-08-05T00:46:20.156701
45917,MGMT_OTHER,-87,5,3079,174,65832,44280,8881016,0,100,19,0,0,B0:CB:D8:C9:92:00,1,0,1,1E:01:D0:40:E0:9E,6,1,SYN_FLOOD,2026-08-05T00:46:20.361701
45917,MGMT_OTHER,-87,5,4268,610,65832,44280,8881185,0,100,19,0,0,B0:CB:D8:C9:92:00,1,0,1,1E:01:D0:40:E0:9E,6,1,SYN_FLOOD,2026-08-05T00:46:20.530701
45917,,-88,4,14845,23,65832,44280,8881460,0,100,19,0,0,B0:CB:D8:C9:92:00,1,0,1,1E:01:D0:40:E0:9E,6,1,SYN_FLOOD,2026-08-05T00:46:20.805701
45917,,-93,-1,8076,3914,65832,44280,8881678,0,100,19,0,0,B0:CB:D8:C9:92:00,1,0,1,1E:01:D0:40:E0:9E,6,1,SYN_FLOOD,2026-08-05T00:46:21.023701
45917,MGMT_OTHER,-90,2,2830,1517,65832,44280,8881920,0,100,19,0,0,B0:CB:D8:C9:92:00,1,0,0,1E:01:D0:40:E0:9E,6,1,SYN_FLOOD,2026-08-05T00:46:21.265701
45917,,-47,45,1881,817,65832,44280,8882136,0,100,19,0,0,B0:CB:D8:C9:92:00,1,0,1,1E:01:D0:40:E0:9E,6,1,SYN_FLOOD,2026-08-05T00:46:21.481701
45917,BEACON,-82,10,641,3369,65832,44280,8882349,0,100,19,0,0,B0:CB:D8:C9:92:00,1,0,1,1E:01:D0:40:E0:9E,6,1,SYN_FLOOD,2026-08-05T00:46:21.694701
45917,MGMT_OTHER,-89,3,1177,1093,65832,44280,8882526,0,100,19,0,0,B0:CB:D8:C9:92:00,1,0,1,1E:01:D0:40:E0:9E,6,1,SYN_FLOOD,2026-08-05T00:46:21.871701
45917,PROBE_RESP,-92,0,0,0,65832,44280,8882732,0,100,19,0,0,B0:CB:D8:C9:92:00,1,0,0,1E:01:D0:40:E0:9E,6,1,SYN_FLOOD,2026-08-05T00:46:22.077701
45917,,-82,10,169,653,65832,44280,8882864,0,100,19,0,0,B0:CB:D8:C9:92:00,1,0,0,1E:01:D0:40:E0:9E,6,1,SYN_FLOOD,2026-08-05T00:46:22.209701
45917,BEACON,-87,5,0,195,65832,44280,8883055,0,100,19,0,0,B0:CB:D8:C9:92:00,1,0,0,1E:01:D0:40:E0:9E,6,1,SYN_FLOOD,2026-08-05T00:46:22.400701
45917,PROBE_RESP,-87,5,0,1,65832,44280,8883222,0,100,19,0,0,B0:CB:D8:C9:92:00,1,0,0,1E:01:D0:40:E0:9E,6,1,SYN_FLOOD,2026-08-05T00:46:22.567701
45917,BEACON,-47,45,580,1387,65832,44280,8883460,0,100,19,0,0,B0:CB:D8:C9:92:00,1,0,1,1E:01:D0:40:E0:9E,6,1,SYN_FLOOD,2026-08-05T00:46:22.805701
45917,BEACON,-92,0,0,98,65832,44280,8883749,0,100,19,0,0,B0:CB:D8:C9:92:00,1,0,0,1E:01:D0:40:E0:9E,6,1,SYN_FLOOD,2026-08-05T00:46:23.094701
45917,,-92,0,5109,1887,65832,44280,8883855,0,100,19,0,0,B0:CB:D8:C9:92:00,1,0,1,1E:01:D0:40:E0:9E,6,1,SYN_FLOOD,2026-08-05T00:46:23.200701
45917,,-48,44,136,1401,65832,44280,8884113,0,100,19,0,0,B0:CB:D8:C9:92:00,1,0,0,1E:01:D0:40:E0:9E,6,1,SYN_FLOOD,2026-08-05T00:46:23.458701
45917,,-49,43,104,1404,65756,44280,8884262,0,100,19,0,0,B0:CB:D8:C9:92:00,1,0,0,1E:01:D0:40:E0:9E,6,1,SYN_FLOOD,2026-08-05T00:46:23.607701
45917,PROBE_RESP,-90,2,660,1521,65832,44280,8884489,0,100,19,0,0,B0:CB:D8:C9:92:00,1,0,1,1E:01:D0:40:E0:9E,6,1,SYN_FLOOD,2026-08-05T00:46:23.834701
45917,PROBE_RESP,-87,5,0,0,65832,44280,8884560,0,100,19,0,0,B0:CB:D8:C9:92:00,1,0,0,1E:01:D0:40:E0:9E,6,1,SYN_FLOOD,2026-08-05T00:46:23.905701
45917,PROBE_RESP,-94,-2,0,0,65832,44280,8884667,0,100,19,0,0,B0:CB:D8:C9:92:00,1,0,1,1E:01:D0:40:E0:9E,6,1,SYN_FLOOD,2026-08-05T00:46:24.012701
45917,,-88,4,413,2702,65832,44280,8884821,0,100,19,0,0,B0:CB:D8:C9:92:00,1,0,0,1E:01:D0:40:E0:9E,6,1,SYN_FLOOD,2026-08-05T00:46:24.166701
45917,,9,9,0,0,65832,44280,8884851,0,100,19,0,0,B0:CB:D8:C9:92:00,1,0,1,1E:01:D0:40:E0:9E,6,1,SYN_FLOOD,2026-08-05T00:46:24.196701
45917,,-91,1,808,3408,65832,44280,8884927,0,100,19,0,0,B0:CB:D8:C9:92:00,1,0,1,1E:01:D0:40:E0:9E,6,1,SYN_FLOOD,2026-08-05T00:46:24.272701
45917,,-88,4,584,3399,65832,44280,8885125,0,100,19,0,0,B0:CB:D8:C9:92:00,1,0,1,1E:01:D0:40:E0:9E,6,1,SYN_FLOOD,2026-08-05T00:46:24.470701
45917,,-91,1,11360,3748,65832,44280,8885273,0,100,19,0,0,B0:CB:D8:C9:92:00,1,0,1,1E:01:D0:40:E0:9E,6,1,SYN_FLOOD,2026-08-05T00:46:24.618701
45917,,-93,-1,7974,2342,67432,44280,8885393,0,100,19,0,0,B0:CB:D8:C9:92:00,1,0,1,1E:01:D0:40:E0:9E,6,1,SYN_FLOOD,2026-08-05T00:46:24.738701
45917,,-49,43,0,808,66868,44280,8885555,0,100,19,0,0,B0:CB:D8:C9:92:00,1,0,0,1E:01:D0:40:E0:9E,6,1,SYN_FLOOD,2026-08-05T00:46:24.900701
45917,,-92,0,0,4057,65840,44280,8885710,0,100,19,0,0,B0:CB:D8:C9:92:00,1,0,0,1E:01:D0:40:E0:9E,6,1,SYN_FLOOD,2026-08-05T00:46:25.055701
45917,,-50,42,527,1456,65840,44280,8885757,0,100,19,0,0,B0:CB:D8:C9:92:00,1,0,0,1E:01:D0:40:E0:9E,6,1,SYN_FLOOD,2026-08-05T00:46:25.102701
45917,PROBE_RESP,-96,-4,0,1,65840,44280,8885838,0,100,19,0,0,B0:CB:D8:C9:92:00,1,0,0,1E:01:D0:40:E0:9E,6,1,SYN_FLOOD,2026-08-05T00:46:25.183701
45917,BEACON,-89,3,6847,258,65840,44280,8885922,0,100,19,0,0,B0:CB:D8:C9:92:00,1,0,1,1E:01:D0:40:E0:9E,6,1,SYN_FLOOD,2026-08-05T00:46:25.267701
45917,BEACON,-47,45,1059,1478,65836,44280,8886122,0,100,19,0,0,B0:CB:D8:C9:92:00,1,0,1,1E:01:D0:40:E0:9E,6,1,SYN_FLOOD,2026-08-05T00:46:25.467701
45917,,-90,2,0,0,65836,44280,8886235,0,100,19,0,0,B0:CB:D8:C9:92:00,1,0,0,1E:01:D0:40:E0:9E,6,1,SYN_FLOOD,2026-08-05T00:46:25.580701
45917,BEACON,-91,1,7217,162,65836,44280,8886409,0,100,19,0,0,B0:CB:D8:C9:92:00,1,0,1,1E:01:D0:40:E0:9E,6,1,SYN_FLOOD,2026-08-05T00:46:25.754701
45917,MGMT_OTHER,-83,9,528,110,65836,44280,8886491,0,100,19,0,0,B0:CB:D8:C9:92:00,1,0,1,1E:01:D0:40:E0:9E,6,1,SYN_FLOOD,2026-08-05T00:46:25.836701
45917,BEACON,-91,1,1665,2163,65836,44280,8886716,0,100,19,0,0,B0:CB:D8:C9:92:00,1,0,1,1E:01:D0:40:E0:9E,6,1,SYN_FLOOD,2026-08-05T00:46:26.061701
45917,,-49,43,1711,1504,65836,44280,8886903,0,100,19,0,0,B0:CB:D8:C9:92:00,1,0,0,1E:01:D0:40:E0:9E,6,1,SYN_FLOOD,2026-08-05T00:46:26.248701
45917,BEACON,-90,2,0,234,65836,44280,8887049,0,100,19,0,0,B0:CB:D8:C9:92:00,1,0,0,1E:01:D0:40:E0:9E,6,1,SYN_FLOOD,2026-08-05T00:46:26.394701
45917,,-50,42,0,1517,65836,44280,8887159,0,100,19,0,0,B0:CB:D8:C9:92:00,1,0,0,1E:01:D0:40:E0:9E,6,1,SYN_FLOOD,2026-08-05T00:46:26.504701
45917,,-81,11,2100,3012,65836,44280,8887254,0,100,19,0,0,B0:CB:D8:C9:92:00,1,0,1,1E:01:D0:40:E0:9E,6,1,SYN_FLOOD,2026-08-05T00:46:26.599701
45917,PROBE_RESP,-82,10,3787,6,65836,44280,8887420,0,100,19,0,0,B0:CB:D8:C9:92:00,1,0,1,1E:01:D0:40:E0:9E,6,1,SYN_FLOOD,2026-08-05T00:46:26.765701
45917,MGMT_OTHER,4,4,0,0,65776,44280,8887492,0,100,19,0,0,B0:CB:D8:C9:92:00,1,0,0,1E:01:D0:40:E0:9E,6,1,SYN_FLOOD,2026-08-05T00:46:26.837701
45917,MGMT_OTHER,14,14,0,0,65836,44280,8887514,0,100,19,0,0,B0:CB:D8:C9:92:00,1,0,1,1E:01:D0:40:E0:9E,6,1,SYN_FLOOD,2026-08-05T00:46:26.859701
45917,,-92,0,2294,3063,65836,44280,8887645,0,100,19,0,0,B0:CB:D8:C9:92:00,1,0,1,1E:01:D0:40:E0:9E,6,1,SYN_FLOOD,2026-08-05T00:46:26.990701
45917,,-89,3,0,3224,65836,44280,8887765,0,100,19,0,0,B0:CB:D8:C9:92:00,1,0,1,1E:01:D0:40:E0:9E,6,1,SYN_FLOOD,2026-08-05T00:46:27.110701
45917,,-91,1,2943,3087,65836,44280,8887884,0,100,19,0,0,B0:CB:D8:C9:92:00,1,0,1,1E:01:D0:40:E0:9E,6,1,SYN_FLOOD,2026-08-05T00:46:27.229701
45917,BEACON,-92,0,1386,2912,65836,44280,8888075,0,100,19,0,0,B0:CB:D8:C9:92:00,1,0,1,1E:01:D0:40:E0:9E,6,1,SYN_FLOOD,2026-08-05T00:46:27.420701
45917,,10,10,0,0,65836,44280,8888140,0,100,19,0,0,B0:CB:D8:C9:92:00,1,0,1,1E:01:D0:40:E0:9E,6,1,SYN_FLOOD,2026-08-05T00:46:27.485701
45917,PROBE_RESP,-90,2,2385,0,65820,44280,8888211,0,100,19,0,0,B0:CB:D8:C9:92:00,1,0,0,1E:01:D0:40:E0:9E,6,1,SYN_FLOOD,2026-08-05T00:46:27.556701
45917,,11,11,0,0,65836,44280,8888361,0,100,19,0,0,B0:CB:D8:C9:92:00,1,0,1,1E:01:D0:40:E0:9E,6,1,SYN_FLOOD,2026-08-05T00:46:27.706701
45917,,-87,5,1287,371,65836,44280,8888472,0,100,19,0,0,B0:CB:D8:C9:92:00,1,0,1,1E:01:D0:40:E0:9E,6,1,SYN_FLOOD,2026-08-05T00:46:27.817701
45917,,-49,43,1489,818,65592,44280,8888599,0,100,19,0,0,B0:CB:D8:C9:92:00,1,0,1,1E:01:D0:40:E0:9E,6,1,SYN_FLOOD,2026-08-05T00:46:27.944701
45917,,-53,39,9572,1590,65836,44280,8888711,0,100,19,0,0,B0:CB:D8:C9:92:00,1,0,0,1E:01:D0:40:E0:9E,6,1,SYN_FLOOD,2026-08-05T00:46:28.056701
45917,MGMT_OTHER,-89,3,2807,63,65836,44280,8888838,0,100,19,0,0,B0:CB:D8:C9:92:00,1,0,1,1E:01:D0:40:E0:9E,6,1,SYN_FLOOD,2026-08-05T00:46:28.183701
45917,PROBE_RESP,-50,42,0,844,65836,44280,8889015,0,100,19,0,0,B0:CB:D8:C9:92:00,1,0,1,1E:01:D0:40:E0:9E,6,1,SYN_FLOOD,2026-08-05T00:46:28.360701
45917,BEACON,-92,0,0,2923,65836,44280,8889201,0,100,19,0,0,B0:CB:D8:C9:92:00,1,0,1,1E:01:D0:40:E0:9E,6,1,SYN_FLOOD,2026-08-05T00:46:28.546701
45917,PROBE_RESP,-81,11,0,149,65836,44280,8889324,0,100,19,0,0,B0:CB:D8:C9:92:00,1,0,0,1E:01:D0:40:E0:9E,6,1,SYN_FLOOD,2026-08-05T00:46:28.669701
45917,,-91,1,507,1997,65836,44280,8889428,0,100,19,0,0,B0:CB:D8:C9:92:00,1,0,1,1E:01:D0:40:E0:9E,6,1,SYN_FLOOD,2026-08-05T00:46:28.773701
45917,,-87,5,2228,3086,65836,44280,8889587,0,100,19,0,0,B0:CB:D8:C9:92:00,1,0,1,1E:01:D0:40:E0:9E,6,1,SYN_FLOOD,2026-08-05T00:46:28.932701
45917,BEACON,-93,-1,1385,2928,65836,44280,8889713,0,100,19,0,0,B0:CB:D8:C9:92:00,1,0,1,1E:01:D0:40:E0:9E,6,1,SYN_FLOOD,2026-08-05T00:46:29.058701
45917,BEACON,-90,2,1003,196,65836,44280,8889891,0,100,19,0,0,B0:CB:D8:C9:92:00,1,0,1,1E:01:D0:40:E0:9E,6,1,SYN_FLOOD,2026-08-05T00:46:29.236701
45917,,-52,40,0,1636,65836,44280,8890002,0,100,19,0,0,B0:CB:D8:C9:92:00,1,0,0,1E:01:D0:40:E0:9E,6,1,SYN_FLOOD,2026-08-05T00:46:29.347701
45917,,-88,4,588,689,65836,44280,8890222,0,100,19,0,0,B0:CB:D8:C9:92:00,1,0,1,1E:01:D0:40:E0:9E,6,1,SYN_FLOOD,2026-08-05T00:46:29.567701
45917,,-91,1,1638,0,65836,44280,8890289,0,100,19,0,0,B0:CB:D8:C9:92:00,1,0,0,1E:01:D0:40:E0:9E,6,1,SYN_FLOOD,2026-08-05T00:46:29.634701
45917,BEACON,-80,12,0,3413,65836,44280,8890543,0,100,19,0,0,B0:CB:D8:C9:92:00,1,0,0,1E:01:D0:40:E0:9E,6,1,SYN_FLOOD,2026-08-05T00:46:29.888701
45917,BEACON,-92,0,2357,204,65836,44280,8890719,0,100,19,0,0,B0:CB:D8:C9:92:00,1,0,1,1E:01:D0:40:E0:9E,6,1,SYN_FLOOD,2026-08-05T00:46:30.064701
45917,,-87,5,366,2842,65836,44280,8890922,0,100,19,0,0,B0:CB:D8:C9:92:00,1,0,1,1E:01:D0:40:E0:9E,6,1,SYN_FLOOD,2026-08-05T00:46:30.267701
45917,,13,13,0,0,65836,44280,8891159,0,100,19,0,0,B0:CB:D8:C9:92:00,1,0,0,1E:01:D0:40:E0:9E,6,1,SYN_FLOOD,2026-08-05T00:46:30.504701
45917,,-50,42,110,1683,65836,44280,8891303,0,100,19,0,0,B0:CB:D8:C9:92:00,1,0,0,1E:01:D0:40:E0:9E,6,1,SYN_FLOOD,2026-08-05T00:46:30.648701
45917,,-81,11,547,92,65836,44280,8891493,0,100,19,0,0,B0:CB:D8:C9:92:00,1,0,0,1E:01:D0:40:E0:9E,6,1,SYN_FLOOD,2026-08-05T00:46:30.838701
45917,,-92,0,2629,0,65836,44280,8891638,0,100,19,0,0,B0:CB:D8:C9:92:00,1,0,0,1E:01:D0:40:E0:9E,6,1,SYN_FLOOD,2026-08-05T00:46:30.983701
45917,,-81,11,310,22,65836,44280,8891723,0,100,19,0,0,B0:CB:D8:C9:92:00,1,0,0,1E:01:D0:40:E0:9E,6,1,SYN_FLOOD,2026-08-05T00:46:31.068701
45917,,-81,11,227,94,65320,44280,8891755,0,100,19,0,0,B0:CB:D8:C9:92:00,1,0,0,1E:01:D0:40:E0:9E,6,1,SYN_FLOOD,2026-08-05T00:46:31.100701
45917,,-91,1,152,0,65836,44280,8891832,0,100,19,0,0,B0:CB:D8:C9:92:00,1,0,0,1E:01:D0:40:E0:9E,6,1,SYN_FLOOD,2026-08-05T00:46:31.177701
45917,,-82,10,624,98,65320,44280,8891932,0,100,19,0,0,B0:CB:D8:C9:92:00,1,0,0,1E:01:D0:40:E0:9E,6,1,SYN_FLOOD,2026-08-05T00:46:31.277701
45917,,-82,10,308,709,65836,44280,8892081,0,100,19,0,0,B0:CB:D8:C9:92:00,1,0,0,1E:01:D0:40:E0:9E,6,1,SYN_FLOOD,2026-08-05T00:46:31.426701
45917,,-81,11,310,100,65836,44280,8892120,0,100,19,0,0,B0:CB:D8:C9:92:00,1,0,0,1E:01:D0:40:E0:9E,6,1,SYN_FLOOD,2026-08-05T00:46:31.465701
45917,BEACON,-82,10,154,3465,65836,44280,8892184,0,100,19,0,0,B0:CB:D8:C9:92:00,1,0,1,1E:01:D0:40:E0:9E,6,1,SYN_FLOOD,2026-08-05T00:46:31.529701
45917,,-93,-1,8632,1582,65288,44280,8892234,0,100,19,0,0,B0:CB:D8:C9:92:00,1,0,1,1E:01:D0:40:E0:9E,6,1,SYN_FLOOD,2026-08-05T00:46:31.579701
45917,,-81,11,228,101,65836,44280,8892390,0,100,19,0,0,B0:CB:D8:C9:92:00,1,0,0,1E:01:D0:40:E0:9E,6,1,SYN_FLOOD,2026-08-05T00:46:31.735701
45917,,-84,8,221,947,65320,44280,8892414,0,100,19,0,0,B0:CB:D8:C9:92:00,1,0,1,1E:01:D0:40:E0:9E,6,1,SYN_FLOOD,2026-08-05T00:46:31.759701
45917,,-86,6,903,3052,65836,44280,8892475,0,100,19,0,0,B0:CB:D8:C9:92:00,1,0,1,1E:01:D0:40:E0:9E,6,1,SYN_FLOOD,2026-08-05T00:46:31.820701
45917,,-49,43,111,1721,65744,44280,8892663,0,100,19,0,0,B0:CB:D8:C9:92:00,1,0,0,1E:01:D0:40:E0:9E,6,1,SYN_FLOOD,2026-08-05T00:46:32.008701
45917,BEACON,-92,0,0,186,65836,44280,8892759,0,100,19,0,0,B0:CB:D8:C9:92:00,1,0,1,1E:01:D0:40:E0:9E,6,1,SYN_FLOOD,2026-08-05T00:46:32.104701
45917,PROBE_RESP,-92,0,8789,363,65836,44280,8892985,0,100,19,0,0,B0:CB:D8:C9:92:00,1,0,1,1E:01:D0:40:E0:9E,6,1,SYN_FLOOD,2026-08-05T00:46:32.330701
45917,,-46,46,308,1788,65688,44280,8893015,0,100,19,0,0,B0:CB:D8:C9:92:00,1,0,0,1E:01:D0:40:E0:9E,6,1,SYN_FLOOD,2026-08-05T00:46:32.360701
45917,PROBE_RESP,-91,1,0,0,65836,44280,8893114,0,100,19,0,0,B0:CB:D8:C9:92:00,1,0,0,1E:01:D0:40:E0:9E,6,1,SYN_FLOOD,2026-08-05T00:46:32.459701
45917,BEACON,-92,0,298,2734,65836,44280,8893295,0,100,19,0,0,B0:CB:D8:C9:92:00,1,0,1,1E:01:D0:40:E0:9E,6,1,SYN_FLOOD,2026-08-05T00:46:32.640701
45917,PROBE_RESP,-92,0,0,0,65836,44280,8893429,0,100,19,0,0,B0:CB:D8:C9:92:00,1,0,1,1E:01:D0:40:E0:9E,6,1,SYN_FLOOD,2026-08-05T00:46:32.774701
45917,,-49,43,110,1825,65836,44280,8893563,0,100,19,0,0,B0:CB:D8:C9:92:00,1,0,0,1E:01:D0:40:E0:9E,6,1,SYN_FLOOD,2026-08-05T00:46:32.908701
45917,,-50,42,27043,1835,65836,44280,8893862,0,100,19,0,0,B0:CB:D8:C9:92:00,1,0,0,1E:01:D0:40:E0:9E,6,1,SYN_FLOOD,2026-08-05T00:46:33.207701
45917,BEACON,-90,2,1877,7,65836,44280,8894117,0,100,19,0,0,B0:CB:D8:C9:92:00,1,0,1,1E:01:D0:40:E0:9E,6,1,SYN_FLOOD,2026-08-05T00:46:33.462701
45917,PROBE_RESP,-91,1,781,1,65836,44280,8894328,0,100,19,0,0,B0:CB:D8:C9:92:00,1,0,1,1E:01:D0:40:E0:9E,6,1,SYN_FLOOD,2026-08-05T00:46:33.673701
45917,,-50,42,784,1850,65836,44280,8894402,0,100,19,0,0,B0:CB:D8:C9:92:00,0,0,1,1E:01:D0:40:E0:9E,6,1,SYN_FLOOD,2026-08-05T00:46:33.747701
45917,,-84,8,1342,2338,65836,44280,8894636,0,100,19,0,0,B0:CB:D8:C9:92:00,1,0,1,1E:01:D0:40:E0:9E,6,1,SYN_FLOOD,2026-08-05T00:46:33.981701
45917,MGMT_OTHER,-87,5,15959,3603,65836,44280,8894910,0,100,19,0,0,B0:CB:D8:C9:92:00,1,0,1,1E:01:D0:40:E0:9E,6,1,SYN_FLOOD,2026-08-05T00:46:34.255701
45917,,-89,3,10584,3097,65836,44280,8895164,0,100,19,0,0,B0:CB:D8:C9:92:00,1,0,1,1E:01:D0:40:E0:9E,6,1,SYN_FLOOD,2026-08-05T00:46:34.509701
45917,MGMT_OTHER,-91,1,13854,2306,65836,44280,8895446,0,100,19,0,0,B0:CB:D8:C9:92:00,1,0,1,1E:01:D0:40:E0:9E,6,1,SYN_FLOOD,2026-08-05T00:46:34.791701
45917,BEACON,-87,5,1444,1616,65836,44280,8895687,0,100,19,0,0,B0:CB:D8:C9:92:00,1,0,1,1E:01:D0:40:E0:9E,6,1,SYN_FLOOD,2026-08-05T00:46:35.032701
45917,,-89,3,3156,2843,65836,44280,8895862,0,100,19,0,0,B0:CB:D8:C9:92:00,1,0,1,1E:01:D0:40:E0:9E,6,1,SYN_FLOOD,2026-08-05T00:46:35.207701
45917,,-87,5,40951,4057,65836,44280,8896232,0,100,19,0,0,B0:CB:D8:C9:92:00,1,0,1,1E:01:D0:40:E0:9E,6,1,SYN_FLOOD,2026-08-05T00:46:35.577701
45917,,-84,8,161,1849,65836,44280,8896425,0,100,19,0,0,B0:CB:D8:C9:92:00,1,0,1,1E:01:D0:40:E0:9E,6,1,SYN_FLOOD,2026-08-05T00:46:35.770701
45917,,-82,10,649,8,65320,44280,8896532,0,100,19,0,0,B0:CB:D8:C9:92:00,1,0,0,1E:01:D0:40:E0:9E,6,1,SYN_FLOOD,2026-08-05T00:46:35.877701
45917,PROBE_RESP,-90,2,0,13,65836,44280,8896676,0,100,19,0,0,B0:CB:D8:C9:92:00,1,0,0,1E:01:D0:40:E0:9E,6,1,SYN_FLOOD,2026-08-05T00:46:36.021701
45917,MGMT_OTHER,-70,22,4829,3907,65836,44280,8896774,0,100,19,0,0,B0:CB:D8:C9:92:00,1,0,1,1E:01:D0:40:E0:9E,6,1,SYN_FLOOD,2026-08-05T00:46:36.119701
45917,,-70,22,940,768,65836,44280,8896961,0,100,19,0,0,B0:CB:D8:C9:92:00,1,0,1,1E:01:D0:40:E0:9E,6,1,SYN_FLOOD,2026-08-05T00:46:36.306701
45917,,-71,21,1842,2047,65836,44280,8897203,0,100,19,0,0,B0:CB:D8:C9:92:00,1,0,1,1E:01:D0:40:E0:9E,6,1,SYN_FLOOD,2026-08-05T00:46:36.548701
45917,,-71,21,681,1607,65836,44280,8897405,0,100,19,0,0,B0:CB:D8:C9:92:00,1,0,1,1E:01:D0:40:E0:9E,6,1,SYN_FLOOD,2026-08-05T00:46:36.750701
45917,,8,8,0,0,65836,44280,8897502,0,100,19,0,0,B0:CB:D8:C9:92:00,1,0,1,1E:01:D0:40:E0:9E,6,1,SYN_FLOOD,2026-08-05T00:46:36.847701
45917,BEACON,-68,24,10875,1008,65836,44280,8897673,0,100,19,0,0,B0:CB:D8:C9:92:00,1,0,1,1E:01:D0:40:E0:9E,6,1,SYN_FLOOD,2026-08-05T00:46:37.018701
45917,,-67,25,88,1010,65836,44280,8897832,0,100,19,0,0,B0:CB:D8:C9:92:00,1,0,1,1E:01:D0:40:E0:9E,6,1,SYN_FLOOD,2026-08-05T00:46:37.177701
45917,BEACON,-91,1,0,3613,65836,44280,8898084,0,100,19,0,0,B0:CB:D8:C9:92:00,1,0,1,1E:01:D0:40:E0:9E,6,1,SYN_FLOOD,2026-08-05T00:46:37.429701
45917,MGMT_OTHER,-70,22,845,1431,65836,44280,8898299,0,100,19,0,0,B0:CB:D8:C9:92:00,1,0,1,1E:01:D0:40:E0:9E,6,1,SYN_FLOOD,2026-08-05T00:46:37.644701
45917,MGMT_OTHER,-70,22,301,1110,65836,44280,8898449,0,100,19,0,0,B0:CB:D8:C9:92:00,1,0,1,1E:01:D0:40:E0:9E,6,1,SYN_FLOOD,2026-08-05T00:46:37.794701
45917,MGMT_OTHER,-70,22,926,2799,65836,44280,8898599,0,100,19,0,0,B0:CB:D8:C9:92:00,1,0,1,1E:01:D0:40:E0:9E,6,1,SYN_FLOOD,2026-08-05T00:46:37.944701
45917,MGMT_OTHER,-70,22,19764,3611,65836,44280,8898744,0,100,19,0,0,B0:CB:D8:C9:92:00,1,0,0,1E:01:D0:40:E0:9E,6,1,SYN_FLOOD,2026-08-05T00:46:38.089701
45917,MGMT_OTHER,-69,23,17776,2502,65836,44280,8898966,0,100,19,0,0,B0:CB:D8:C9:92:00,1,0,1,1E:01:D0:40:E0:9E,6,1,SYN_FLOOD,2026-08-05T00:46:38.311701
45917,,-71,21,1872,910,65836,44280,8899211,0,100,19,0,0,B0:CB:D8:C9:92:00,1,0,1,1E:01:D0:40:E0:9E,6,1,SYN_FLOOD,2026-08-05T00:46:38.556701
45917,,-69,23,4636,1799,65836,44280,8899253,0,100,19,0,0,B0:CB:D8:C9:92:00,1,0,1,1E:01:D0:40:E0:9E,6,1,SYN_FLOOD,2026-08-05T00:46:38.598701
45917,MGMT_OTHER,-70,22,17695,2618,65836,44280,8899302,0,100,19,0,0,B0:CB:D8:C9:92:00,1,0,1,1E:01:D0:40:E0:9E,6,1,SYN_FLOOD,2026-08-05T00:46:38.647701
45917,MGMT_OTHER,-70,22,273,3319,65836,44280,8899358,0,100,19,0,0,B0:CB:D8:C9:92:00,1,0,1,1E:01:D0:40:E0:9E,6,1,SYN_FLOOD,2026-08-05T00:46:38.703701
45917,MGMT_OTHER,-69,23,522,3991,65836,44280,8899386,0,100,19,0,0,B0:CB:D8:C9:92:00,1,0,1,1E:01:D0:40:E0:9E,6,1,SYN_FLOOD,2026-08-05T00:46:38.731521
45917,,-70,22,181,977,65836,44280,8899471,0,100,19,0,0,B0:CB:D8:C9:92:00,1,0,1,1E:01:D0:40:E0:9E,6,1,SYN_FLOOD,2026-08-05T00:46:38.816521
45917,,-48,44,9547,1959,65836,44280,8899683,0,100,19,0,0,B0:CB:D8:C9:92:00,1,0,1,1E:01:D0:40:E0:9E,6,1,SYN_FLOOD,2026-08-05T00:46:39.028521
45917,,11,11,0,0,65836,44280,8899885,0,100,19,0,0,B0:CB:D8:C9:92:00,1,0,0,1E:01:D0:40:E0:9E,6,1,SYN_FLOOD,2026-08-05T00:46:39.230521
45917,,-70,22,281,1191,65836,44280,8900078,0,100,19,0,0,B0:CB:D8:C9:92:00,1,0,1,1E:01:D0:40:E0:9E,6,1,SYN_FLOOD,2026-08-05T00:46:39.423521
45917,BEACON,-85,7,18360,1369,65836,44280,8900256,0,100,19,0,0,B0:CB:D8:C9:92:00,1,0,1,1E:01:D0:40:E0:9E,6,1,SYN_FLOOD,2026-08-05T00:46:39.601521
45917,MGMT_OTHER,-69,23,5364,3098,65836,44280,8900378,0,100,19,0,0,B0:CB:D8:C9:92:00,1,0,1,1E:01:D0:40:E0:9E,6,1,SYN_FLOOD,2026-08-05T00:46:39.723521
45917,,-71,21,4568,2313,65836,44280,8900493,0,100,19,0,0,B0:CB:D8:C9:92:00,1,0,1,1E:01:D0:40:E0:9E,6,1,SYN_FLOOD,2026-08-05T00:46:39.838521
45917,,-72,20,12375,2175,65836,44280,8900707,0,100,19,0,0,B0:CB:D8:C9:92:00,1,0,1,1E:01:D0:40:E0:9E,6,1,SYN_FLOOD,2026-08-05T00:46:40.052521
45917,,-72,20,269,37,65836,44280,8900994,0,100,19,0,0,B0:CB:D8:C9:92:00,1,0,1,1E:01:D0:40:E0:9E,6,1,SYN_FLOOD,2026-08-05T00:46:40.339521
45917,MGMT_OTHER,-72,20,0,1047,65836,44280,8901198,0,100,19,0,0,B0:CB:D8:C9:92:00,1,0,1,1E:01:D0:40:E0:9E,6,1,SYN_FLOOD,2026-08-05T00:46:40.543521
45917,,-71,21,464,4057,65836,44280,8901272,0,100,19,0,0,B0:CB:D8:C9:92:00,1,0,1,1E:01:D0:40:E0:9E,6,1,SYN_FLOOD,2026-08-05T00:46:40.617521
45917,MGMT_OTHER,-70,22,4058,403,65836,44280,8901309,0,100,19,0,0,B0:CB:D8:C9:92:00,1,0,1,1E:01:D0:40:E0:9E,6,1,SYN_FLOOD,2026-08-05T00:46:40.654521
45917,,-70,22,607,3078,65836,44280,8901388,0,100,19,0,0,B0:CB:D8:C9:92:00,1,0,1,1E:01:D0:40:E0:9E,6,1,SYN_FLOOD,2026-08-05T00:46:40.733521
45917,MGMT_OTHER,-70,22,474,185,65836,44280,8901415,0,100,19,0,0,B0:CB:D8:C9:92:00,1,0,1,1E:01:D0:40:E0:9E,6,1,SYN_FLOOD,2026-08-05T00:46:40.760521
45917,,-70,22,337,54,65836,44280,8901537,0,100,19,0,0,B0:CB:D8:C9:92:00,1,0,1,1E:01:D0:40:E0:9E,6,1,SYN_FLOOD,2026-08-05T00:46:40.882521
45917,,-71,21,440,4,65836,44280,8901638,0,100,19,0,0,B0:CB:D8:C9:92:00,1,0,1,1E:01:D0:40:E0:9E,6,1,SYN_FLOOD,2026-08-05T00:46:40.983521
45917,,-72,20,1003,3700,65836,44280,8901830,0,100,19,0,0,B0:CB:D8:C9:92:00,1,0,1,1E:01:D0:40:E0:9E,6,1,SYN_FLOOD,2026-08-05T00:46:41.175521
45917,BEACON,-90,2,5850,475,65836,44280,8902060,0,100,19,0,0,B0:CB:D8:C9:92:00,1,0,1,1E:01:D0:40:E0:9E,6,1,SYN_FLOOD,2026-08-05T00:46:41.405521
45917,MGMT_OTHER,-71,21,736,1733,65836,44280,8902355,0,100,19,0,0,B0:CB:D8:C9:92:00,1,0,1,1E:01:D0:40:E0:9E,6,1,SYN_FLOOD,2026-08-05T00:46:41.700521
45917,,-70,22,2120,3570,65836,44280,8902530,0,100,19,0,0,B0:CB:D8:C9:92:00,1,0,1,1E:01:D0:40:E0:9E,6,1,SYN_FLOOD,2026-08-05T00:46:41.875521
45917,,-70,22,510,2008,65836,44280,8902730,0,100,19,0,0,B0:CB:D8:C9:92:00,0,0,1,1E:01:D0:40:E0:9E,6,1,SYN_FLOOD,2026-08-05T00:46:42.075521
45917,,-83,9,615,1670,65836,44280,8902935,0,100,19,0,0,B0:CB:D8:C9:92:00,1,0,1,1E:01:D0:40:E0:9E,6,1,SYN_FLOOD,2026-08-05T00:46:42.280521
45917,,-70,22,1413,2089,65836,44280,8903124,0,100,19,0,0,B0:CB:D8:C9:92:00,1,0,1,1E:01:D0:40:E0:9E,6,1,SYN_FLOOD,2026-08-05T00:46:42.469521
45917,MGMT_OTHER,-72,20,213,440,65836,44280,8903229,0,100,19,0,0,B0:CB:D8:C9:92:00,1,0,1,1E:01:D0:40:E0:9E,6,1,SYN_FLOOD,2026-08-05T00:46:42.574471
45917,,-69,23,299,699,65836,44280,8903269,0,100,19,0,0,B0:CB:D8:C9:92:00,1,0,1,1E:01:D0:40:E0:9E,6,1,SYN_FLOOD,2026-08-05T00:46:42.614471
45917,,-73,19,693,1934,65836,44280,8903355,0,100,19,0,0,B0:CB:D8:C9:92:00,0,0,1,1E:01:D0:40:E0:9E,6,1,SYN_FLOOD,2026-08-05T00:46:42.700471
45917,,-70,22,912,1613,65836,44280,8903425,0,100,19,0,0,B0:CB:D8:C9:92:00,1,0,1,1E:01:D0:40:E0:9E,6,1,SYN_FLOOD,2026-08-05T00:46:42.770471
45917,,-73,19,2521,4067,65832,44280,8903473,0,100,19,0,0,B0:CB:D8:C9:92:00,1,0,1,1E:01:D0:40:E0:9E,6,1,SYN_FLOOD,2026-08-05T00:46:42.818471
45917,,-69,23,3224,2449,65812,44280,8903626,0,100,19,0,0,B0:CB:D8:C9:92:00,1,0,1,1E:01:D0:40:E0:9E,6,1,SYN_FLOOD,2026-08-05T00:46:42.971471
45917,,-70,22,1019,2348,65836,44280,8903821,0,100,19,0,0,B0:CB:D8:C9:92:00,1,0,1,1E:01:D0:40:E0:9E,6,1,SYN_FLOOD,2026-08-05T00:46:43.166471
45917,BEACON,-86,6,10395,1406,65836,44280,8904045,0,100,19,0,0,B0:CB:D8:C9:92:00,1,0,1,1E:01:D0:40:E0:9E,6,1,SYN_FLOOD,2026-08-05T00:46:43.390471
45917,MGMT_OTHER,-72,20,10359,1375,65836,44280,8904249,0,100,19,0,0,B0:CB:D8:C9:92:00,1,0,1,1E:01:D0:40:E0:9E,6,1,SYN_FLOOD,2026-08-05T00:46:43.594471
45917,MGMT_OTHER,-72,20,492,815,65836,44280,8904449,0,100,19,0,0,B0:CB:D8:C9:92:00,1,0,1,1E:01:D0:40:E0:9E,6,1,SYN_FLOOD,2026-08-05T00:46:43.794471
45917,MGMT_OTHER,-70,22,3653,100,65836,44280,8904658,0,100,19,0,0,B0:CB:D8:C9:92:00,1,0,1,1E:01:D0:40:E0:9E,6,1,SYN_FLOOD,2026-08-05T00:46:44.003471
45917,MGMT_OTHER,-72,20,509,2503,65836,44280,8904916,0,100,19,0,0,B0:CB:D8:C9:92:00,1,0,1,1E:01:D0:40:E0:9E,6,1,SYN_FLOOD,2026-08-05T00:46:44.261471
45917,BEACON,-92,0,196,505,65836,44280,8905142,0,100,19,0,0,B0:CB:D8:C9:92:00,1,0,1,1E:01:D0:40:E0:9E,6,1,SYN_FLOOD,2026-08-05T00:46:44.487471
45917,MGMT_OTHER,-70,22,380,2799,65836,44280,8905218,0,100,19,0,0,B0:CB:D8:C9:92:00,1,0,1,1E:01:D0:40:E0:9E,6,1,SYN_FLOOD,2026-08-05T00:46:44.563471
45917,,-50,42,104,2090,65820,44280,8905286,0,100,19,0,0,B0:CB:D8:C9:92:00,1,0,0,1E:01:D0:40:E0:9E,6,1,SYN_FLOOD,2026-08-05T00:46:44.630856
45917,,-70,22,1371,2429,65836,44280,8905387,0,100,19,0,0,B0:CB:D8:C9:92:00,1,0,1,1E:01:D0:40:E0:9E,6,1,SYN_FLOOD,2026-08-05T00:46:44.731856
45917,,-70,22,378,2279,65836,44280,8905415,0,100,19,0,0,B0:CB:D8:C9:92:00,1,0,1,1E:01:D0:40:E0:9E,6,1,SYN_FLOOD,2026-08-05T00:46:44.759826
45917,,-50,42,136,2100,65836,44280,8905564,0,100,19,0,0,B0:CB:D8:C9:92:00,1,0,0,1E:01:D0:40:E0:9E,6,1,SYN_FLOOD,2026-08-05T00:46:44.908826
45917,,-70,22,524,2815,65836,44280,8905712,0,100,19,0,0,B0:CB:D8:C9:92:00,1,0,1,1E:01:D0:40:E0:9E,6,1,SYN_FLOOD,2026-08-05T00:46:45.056826
45917,,-71,21,1871,644,65836,44280,8905877,0,100,19,0,0,B0:CB:D8:C9:92:00,1,0,1,1E:01:D0:40:E0:9E,6,1,SYN_FLOOD,2026-08-05T00:46:45.221826
45917,MGMT_OTHER,-72,20,306,1803,65836,44280,8906075,0,100,19,0,0,B0:CB:D8:C9:92:00,1,0,1,1E:01:D0:40:E0:9E,6,1,SYN_FLOOD,2026-08-05T00:46:45.419826
45917,MGMT_OTHER,-93,-1,4725,2284,65836,44280,8906225,0,100,19,0,0,B0:CB:D8:C9:92:00,1,0,1,1E:01:D0:40:E0:9E,6,1,SYN_FLOOD,2026-08-05T00:46:45.569826
45917,,-70,22,16897,1716,65836,44280,8906349,0,100,19,0,0,B0:CB:D8:C9:92:00,1,0,1,1E:01:D0:40:E0:9E,6,1,SYN_FLOOD,2026-08-05T00:46:45.693826
45917,BEACON,-86,6,6722,1430,65836,44280,8906510,0,100,19,0,0,B0:CB:D8:C9:92:00,1,0,1,1E:01:D0:40:E0:9E,6,1,SYN_FLOOD,2026-08-05T00:46:45.854826
45917,BEACON,-67,25,5281,1098,65836,44280,8906685,0,100,19,0,0,B0:CB:D8:C9:92:00,1,0,1,1E:01:D0:40:E0:9E,6,1,SYN_FLOOD,2026-08-05T00:46:46.029826
45917,,-47,45,5185,2136,65836,44280,8906840,0,100,19,0,0,B0:CB:D8:C9:92:00,1,0,1,1E:01:D0:40:E0:9E,6,1,SYN_FLOOD,2026-08-05T00:46:46.184826
45917,BEACON,-55,37,867,2141,65836,44280,8907116,0,100,19,0,0,B0:CB:D8:C9:92:00,1,0,1,1E:01:D0:40:E0:9E,6,1,SYN_FLOOD,2026-08-05T00:46:46.460826
45917,,-71,21,1410,3277,65836,44280,8907220,0,100,19,0,0,B0:CB:D8:C9:92:00,1,0,1,1E:01:D0:40:E0:9E,6,1,SYN_FLOOD,2026-08-05T00:46:46.564826
45917,,-70,22,566,2005,65836,44280,8907264,0,100,19,0,0,B0:CB:D8:C9:92:00,1,0,1,1E:01:D0:40:E0:9E,6,1,SYN_FLOOD,2026-08-05T00:46:46.608826
45917,MGMT_OTHER,-70,22,746,3066,65836,44280,8907338,0,100,19,0,0,B0:CB:D8:C9:92:00,1,0,1,1E:01:D0:40:E0:9E,6,1,SYN_FLOOD,2026-08-05T00:46:46.682826
45917,,-70,22,292,1681,65836,44280,8907370,0,100,19,0,0,B0:CB:D8:C9:92:00,1,0,1,1E:01:D0:40:E0:9E,6,1,SYN_FLOOD,2026-08-05T00:46:46.714826
45917,,-70,22,1669,3698,65836,44280,8907474,0,100,19,0,0,B0:CB:D8:C9:92:00,1,0,1,1E:01:D0:40:E0:9E,6,1,SYN_FLOOD,2026-08-05T00:46:46.818826
45917,PROBE_RESP,-91,1,0,0,65836,44280,8907565,0,100,19,0,0,B0:CB:D8:C9:92:00,1,0,0,1E:01:D0:40:E0:9E,6,1,SYN_FLOOD,2026-08-05T00:46:46.909826
45917,,-71,21,866,4041,65836,44280,8907814,0,100,19,0,0,B0:CB:D8:C9:92:00,1,0,1,1E:01:D0:40:E0:9E,6,1,SYN_FLOOD,2026-08-05T00:46:47.158826
45917,PROBE_RESP,-49,43,0,277,65836,44280,8908100,0,100,19,0,0,B0:CB:D8:C9:92:00,1,0,0,1E:01:D0:40:E0:9E,6,1,SYN_FLOOD,2026-08-05T00:46:47.444826
45917,,-50,42,181,278,65836,44280,8908279,0,100,19,0,0,B0:CB:D8:C9:92:00,1,0,0,1E:01:D0:40:E0:9E,6,1,SYN_FLOOD,2026-08-05T00:46:47.623826
45917,BEACON,-83,9,929,1412,65764,44280,8908449,0,100,19,0,0,B0:CB:D8:C9:92:00,1,0,1,1E:01:D0:40:E0:9E,6,1,SYN_FLOOD,2026-08-05T00:46:47.793826
45917,BEACON,-67,25,20076,1117,65836,44280,8908637,0,100,19,0,0,B0:CB:D8:C9:92:00,1,0,1,1E:01:D0:40:E0:9E,6,1,SYN_FLOOD,2026-08-05T00:46:47.981826
45917,,-50,42,1708,2169,65836,44280,8908863,0,100,19,0,0,B0:CB:D8:C9:92:00,1,0,0,1E:01:D0:40:E0:9E,6,1,SYN_FLOOD,2026-08-05T00:46:48.207826
45917,BEACON,-80,12,0,1418,65836,44280,8909064,0,100,19,0,0,B0:CB:D8:C9:92:00,1,0,0,1E:01:D0:40:E0:9E,6,1,SYN_FLOOD,2026-08-05T00:46:48.408826
45917,BEACON,-83,9,0,1420,65836,44280,8909268,0,100,19,0,0,B0:CB:D8:C9:92:00,1,0,0,1E:01:D0:40:E0:9E,6,1,SYN_FLOOD,2026-08-05T00:46:48.612826
45917,,-71,21,396,1312,65836,44280,8909302,0,100,19,0,0,B0:CB:D8:C9:92:00,1,0,1,1E:01:D0:40:E0:9E,6,1,SYN_FLOOD,2026-08-05T00:46:48.646826
45917,,-70,22,245,4054,65836,44280,8909400,0,100,19,0,0,B0:CB:D8:C9:92:00,1,0,1,1E:01:D0:40:E0:9E,6,1,SYN_FLOOD,2026-08-05T00:46:48.744826
45917,,-71,21,1958,3134,65836,44280,8909502,0,100,19,0,0,B0:CB:D8:C9:92:00,1,0,1,1E:01:D0:40:E0:9E,6,1,SYN_FLOOD,2026-08-05T00:46:48.846826
45917,,-72,20,8154,2207,65836,44280,8909591,0,100,19,0,0,B0:CB:D8:C9:92:00,1,0,0,1E:01:D0:40:E0:9E,6,1,SYN_FLOOD,2026-08-05T00:46:48.935826
45917,MGMT_OTHER,-71,21,7861,1252,65836,44280,8909729,0,100,19,0,0,B0:CB:D8:C9:92:00,1,0,1,1E:01:D0:40:E0:9E,6,1,SYN_FLOOD,2026-08-05T00:46:49.073826
45917,,-72,20,7710,1607,65836,44280,8909983,0,100,19,0,0,B0:CB:D8:C9:92:00,1,0,1,1E:01:D0:40:E0:9E,6,1,SYN_FLOOD,2026-08-05T00:46:49.327826
45917,,-72,20,4140,1239,65836,44280,8910275,0,100,19,0,0,B0:CB:D8:C9:92:00,1,0,0,1E:01:D0:40:E0:9E,6,1,SYN_FLOOD,2026-08-05T00:46:49.619826
45917,,-50,42,199,286,65836,44280,8910396,0,100,19,0,0,B0:CB:D8:C9:92:00,1,0,0,1E:01:D0:40:E0:9E,6,1,SYN_FLOOD,2026-08-05T00:46:49.740826
45917,,-71,21,25377,3388,65836,44280,8910644,0,100,19,0,0,B0:CB:D8:C9:92:00,1,0,1,1E:01:D0:40:E0:9E,6,1,SYN_FLOOD,2026-08-05T00:46:49.988826
45917,MGMT_OTHER,-91,1,0,3653,65836,44280,8910815,0,100,19,0,0,B0:CB:D8:C9:92:00,1,0,1,1E:01:D0:40:E0:9E,6,1,SYN_FLOOD,2026-08-05T00:46:50.159826
45917,,-72,20,209,907,65836,44280,8911020,0,100,19,0,0,B0:CB:D8:C9:92:00,1,0,1,1E:01:D0:40:E0:9E,6,1,SYN_FLOOD,2026-08-05T00:46:50.364826
45917,,-71,21,1199,637,65836,44280,8911213,0,100,19,0,0,B0:CB:D8:C9:92:00,1,0,1,1E:01:D0:40:E0:9E,6,1,SYN_FLOOD,2026-08-05T00:46:50.557826
45917,,-70,22,2501,390,65836,44280,8911257,0,100,19,0,0,B0:CB:D8:C9:92:00,1,0,1,1E:01:D0:40:E0:9E,6,1,SYN_FLOOD,2026-08-05T00:46:50.601826
45917,,-70,22,544,1696,65836,44280,8911337,0,100,19,0,0,B0:CB:D8:C9:92:00,1,0,1,1E:01:D0:40:E0:9E,6,1,SYN_FLOOD,2026-08-05T00:46:50.681826
45917,,-49,43,172,291,65836,44280,8911420,0,100,19,0,0,B0:CB:D8:C9:92:00,1,0,0,1E:01:D0:40:E0:9E,6,1,SYN_FLOOD,2026-08-05T00:46:50.764826
45917,MGMT_OTHER,-70,22,3846,103,65836,44280,8911547,0,100,19,0,0,B0:CB:D8:C9:92:00,1,0,1,1E:01:D0:40:E0:9E,6,1,SYN_FLOOD,2026-08-05T00:46:50.891826
45917,PROBE_RESP,-91,1,0,0,65836,44280,8911761,0,100,19,0,0,B0:CB:D8:C9:92:00,1,0,0,1E:01:D0:40:E0:9E,6,1,SYN_FLOOD,2026-08-05T00:46:51.105826
45917,MGMT_OTHER,-69,23,1023,1528,65836,44280,8911980,0,100,19,0,0,B0:CB:D8:C9:92:00,1,0,0,1E:01:D0:40:E0:9E,6,1,SYN_FLOOD,2026-08-05T00:46:51.324826
45917,MGMT_OTHER,-70,22,326,9,65836,44280,8912256,0,100,19,0,0,B0:CB:D8:C9:92:00,1,0,1,1E:01:D0:40:E0:9E,6,1,SYN_FLOOD,2026-08-05T00:46:51.600826
45917,MGMT_OTHER,-71,21,5271,1492,65836,44280,8912474,0,100,19,0,0,B0:CB:D8:C9:92:00,1,0,1,1E:01:D0:40:E0:9E,6,1,SYN_FLOOD,2026-08-05T00:46:51.818826
45917,MGMT_OTHER,-70,22,0,330,65836,44280,8912763,0,100,19,0,0,B0:CB:D8:C9:92:00,1,0,1,1E:01:D0:40:E0:9E,6,1,SYN_FLOOD,2026-08-05T00:46:52.107826
45917,PROBE_RESP,-65,27,0,2114,65836,44280,8912941,0,100,19,0,0,B0:CB:D8:C9:92:00,1,0,1,1E:01:D0:40:E0:9E,6,1,SYN_FLOOD,2026-08-05T00:46:52.285826
45917,,-71,21,517,26,65836,44280,8913107,0,100,19,0,0,B0:CB:D8:C9:92:00,1,0,1,1E:01:D0:40:E0:9E,6,1,SYN_FLOOD,2026-08-05T00:46:52.451826
45917,BEACON,-62,30,2259,2247,65836,44280,8913260,0,100,19,0,0,B0:CB:D8:C9:92:00,1,0,1,1E:01:D0:40:E0:9E,6,1,SYN_FLOOD,2026-08-05T00:46:52.604826
45917,MGMT_OTHER,-70,22,212,216,65836,44280,8913311,0,100,19,0,0,B0:CB:D8:C9:92:00,1,0,1,1E:01:D0:40:E0:9E,6,1,SYN_FLOOD,2026-08-05T00:46:52.655826
45917,,-71,21,269,2418,65836,44280,8913376,0,100,19,0,0,B0:CB:D8:C9:92:00,1,0,1,1E:01:D0:40:E0:9E,6,1,SYN_FLOOD,2026-08-05T00:46:52.720826
45917,,-70,22,4400,2319,65836,44280,8913470,0,100,19,0,0,B0:CB:D8:C9:92:00,1,0,1,1E:01:D0:40:E0:9E,6,1,SYN_FLOOD,2026-08-05T00:46:52.814826
45917,MGMT_OTHER,-70,22,186,1313,65836,44280,8913557,0,100,19,0,0,B0:CB:D8:C9:92:00,1,0,1,1E:01:D0:40:E0:9E,6,1,SYN_FLOOD,2026-08-05T00:46:52.901826
45917,,-49,43,0,2260,65836,44280,8913682,0,100,19,0,0,B0:CB:D8:C9:92:00,1,0,0,1E:01:D0:40:E0:9E,6,1,SYN_FLOOD,2026-08-05T00:46:53.026826
45917,,-50,42,208,301,65836,44280,8913880,0,100,19,0,0,B0:CB:D8:C9:92:00,1,0,0,1E:01:D0:40:E0:9E,6,1,SYN_FLOOD,2026-08-05T00:46:53.224826
45917,PROBE_RESP,-89,3,7109,1,65836,44280,8914004,0,100,19,0,0,B0:CB:D8:C9:92:00,1,0,0,1E:01:D0:40:E0:9E,6,1,SYN_FLOOD,2026-08-05T00:46:53.348826
45917,BEACON,-89,3,88,3771,65836,44280,8914265,0,100,19,0,0,B0:CB:D8:C9:92:00,1,0,1,1E:01:D0:40:E0:9E,6,1,SYN_FLOOD,2026-08-05T00:46:53.609826
45917,,-71,21,843,3589,65836,44280,8914472,0,100,19,0,0,B0:CB:D8:C9:92:00,1,0,1,1E:01:D0:40:E0:9E,6,1,SYN_FLOOD,2026-08-05T00:46:53.816826
45917,,-70,22,1925,1898,65836,44280,8914676,0,100,19,0,0,B0:CB:D8:C9:92:00,1,0,1,1E:01:D0:40:E0:9E,6,1,SYN_FLOOD,2026-08-05T00:46:54.020826
45917,MGMT_OTHER,-70,22,3965,1944,65836,44280,8914869,0,100,19,0,0,B0:CB:D8:C9:92:00,1,0,1,1E:01:D0:40:E0:9E,6,1,SYN_FLOOD,2026-08-05T00:46:54.213826
45917,BEACON,-66,26,0,1180,65836,44280,8915086,0,100,19,0,0,B0:CB:D8:C9:92:00,1,0,1,1E:01:D0:40:E0:9E,6,1,SYN_FLOOD,2026-08-05T00:46:54.430826
45917,MGMT_OTHER,-70,22,478,322,65836,44280,8915219,0,100,19,0,0,B0:CB:D8:C9:92:00,1,0,1,1E:01:D0:40:E0:9E,6,1,SYN_FLOOD,2026-08-05T00:46:54.563826
45917,,-70,22,309,4037,65836,44280,8915297,0,100,19,0,0,B0:CB:D8:C9:92:00,1,0,1,1E:01:D0:40:E0:9E,6,1,SYN_FLOOD,2026-08-05T00:46:54.641826
45917,,-70,22,844,2697,65836,44280,8915432,0,100,19,0,0,B0:CB:D8:C9:92:00,1,0,1,1E:01:D0:40:E0:9E,6,1,SYN_FLOOD,2026-08-05T00:46:54.776826
45917,BEACON,-54,38,88,2313,65600,44280,8915514,0,100,19,0,0,B0:CB:D8:C9:92:00,1,0,1,1E:01:D0:40:E0:9E,6,1,SYN_FLOOD,2026-08-05T00:46:54.858826
45917,BEACON,-84,8,9279,1520,65836,44280,8915719,0,100,19,0,0,B0:CB:D8:C9:92:00,1,0,1,1E:01:D0:40:E0:9E,6,1,SYN_FLOOD,2026-08-05T00:46:55.063826
45917,MGMT_OTHER,-70,22,0,1816,65836,44280,8915942,0,100,19,0,0,B0:CB:D8:C9:92:00,1,0,1,1E:01:D0:40:E0:9E,6,1,SYN_FLOOD,2026-08-05T00:46:55.286826
45917,MGMT_OTHER,-69,23,1622,3964,65836,44280,8916171,0,100,19,0,0,B0:CB:D8:C9:92:00,1,0,1,1E:01:D0:40:E0:9E,6,1,SYN_FLOOD,2026-08-05T00:46:55.515826
45917,BEACON,-52,40,88,2330,65836,44280,8916435,0,100,19,0,0,B0:CB:D8:C9:92:00,1,0,1,1E:01:D0:40:E0:9E,6,1,SYN_FLOOD,2026-08-05T00:46:55.779826
45917,MGMT_OTHER,-71,21,1072,1055,65836,44280,8916634,0,100,19,0,0,B0:CB:D8:C9:92:00,1,0,1,1E:01:D0:40:E0:9E,6,1,SYN_FLOOD,2026-08-05T00:46:55.978826
45917,,-50,42,8020,2340,65764,44280,8916903,0,100,19,0,0,B0:CB:D8:C9:92:00,1,0,1,1E:01:D0:40:E0:9E,6,1,SYN_FLOOD,2026-08-05T00:46:56.247826
45917,,-85,7,7971,99,65836,44280,8917065,0,100,19,0,0,B0:CB:D8:C9:92:00,1,0,1,1E:01:D0:40:E0:9E,6,1,SYN_FLOOD,2026-08-05T00:46:56.409826
45917,MGMT_OTHER,-69,23,6196,2512,65836,44280,8917268,0,100,19,0,0,B0:CB:D8:C9:92:00,1,0,1,1E:01:D0:40:E0:9E,6,1,SYN_FLOOD,2026-08-05T00:46:56.612826
45917,MGMT_OTHER,-70,22,3416,2993,65836,44280,8917361,0,100,19,0,0,B0:CB:D8:C9:92:00,1,0,1,1E:01:D0:40:E0:9E,6,1,SYN_FLOOD,2026-08-05T00:46:56.705826
45917,,-70,22,927,602,65836,44280,8917504,0,100,19,0,0,B0:CB:D8:C9:92:00,1,0,1,1E:01:D0:40:E0:9E,6,1,SYN_FLOOD,2026-08-05T00:46:56.848826
45917,MGMT_OTHER,-70,22,894,218,65760,44280,8917586,0,100,19,0,0,B0:CB:D8:C9:92:00,1,0,1,1E:01:D0:40:E0:9E,6,1,SYN_FLOOD,2026-08-05T00:46:56.930826
45917,,-70,22,35231,1867,65836,44280,8917703,0,100,19,0,0,B0:CB:D8:C9:92:00,1,0,1,1E:01:D0:40:E0:9E,6,1,SYN_FLOOD,2026-08-05T00:46:57.047826
45917,,-71,21,614,3372,65836,44280,8917897,0,100,19,0,0,B0:CB:D8:C9:92:00,1,0,1,1E:01:D0:40:E0:9E,6,1,SYN_FLOOD,2026-08-05T00:46:57.241826
45917,MGMT_OTHER,-69,23,14275,3853,65840,44280,8918094,0,100,19,0,0,B0:CB:D8:C9:92:00,1,0,1,1E:01:D0:40:E0:9E,6,1,SYN_FLOOD,2026-08-05T00:46:57.438826
45917,,-71,21,755,1808,65840,44280,8918364,0,100,19,0,0,B0:CB:D8:C9:92:00,1,0,1,1E:01:D0:40:E0:9E,6,1,SYN_FLOOD,2026-08-05T00:46:57.708826
45917,BEACON,-90,2,6992,636,65840,44280,8918548,0,100,19,0,0,B0:CB:D8:C9:92:00,1,0,1,1E:01:D0:40:E0:9E,6,1,SYN_FLOOD,2026-08-05T00:46:57.892826
45917,MGMT_OTHER,-71,21,6221,3128,65840,44280,8918719,0,100,19,0,0,B0:CB:D8:C9:92:00,1,0,1,1E:01:D0:40:E0:9E,6,1,SYN_FLOOD,2026-08-05T00:46:58.063826
45917,MGMT_OTHER,-71,21,487,1010,65840,44280,8918980,0,100,19,0,0,B0:CB:D8:C9:92:00,1,0,1,1E:01:D0:40:E0:9E,6,1,SYN_FLOOD,2026-08-05T00:46:58.324826
45917,MGMT_OTHER,-70,22,624,870,65836,44280,8919200,0,100,19,0,0,B0:CB:D8:C9:92:00,1,0,1,1E:01:D0:40:E0:9E,6,1,SYN_FLOOD,2026-08-05T00:46:58.544826
45917,MGMT_OTHER,-71,21,857,1999,65836,44280,8919294,0,100,19,0,0,B0:CB:D8:C9:92:00,1,0,1,1E:01:D0:40:E0:9E,6,1,SYN_FLOOD,2026-08-05T00:46:58.638826
45917,,-70,22,323,3020,65836,44280,8919347,0,100,19,0,0,B0:CB:D8:C9:92:00,1,0,1,1E:01:D0:40:E0:9E,6,1,SYN_FLOOD,2026-08-05T00:46:58.691826
45917,MGMT_OTHER,-70,22,273,3483,65836,44280,8919494,0,100,19,0,0,B0:CB:D8:C9:92:00,1,0,1,1E:01:D0:40:E0:9E,6,1,SYN_FLOOD,2026-08-05T00:46:58.838826
45917,MGMT_OTHER,-71,21,3023,1106,65836,44280,8919610,0,100,19,0,0,B0:CB:D8:C9:92:00,1,0,1,1E:01:D0:40:E0:9E,6,1,SYN_FLOOD,2026-08-05T00:46:58.954826
45917,PROBE_RESP,-80,12,0,1,65836,44280,8919859,0,100,19,0,0,B0:CB:D8:C9:92:00,1,0,1,1E:01:D0:40:E0:9E,6,1,SYN_FLOOD,2026-08-05T00:46:59.203826
45917,BEACON,-93,-1,0,3828,65836,44280,8920086,0,100,19,0,0,B0:CB:D8:C9:92:00,1,0,1,1E:01:D0:40:E0:9E,6,1,SYN_FLOOD,2026-08-05T00:46:59.430826
45917,BEACON,-81,11,0,1528,65836,44280,8920328,0,100,19,0,0,B0:CB:D8:C9:92:00,1,0,0,1E:01:D0:40:E0:9E,6,1,SYN_FLOOD,2026-08-05T00:46:59.672826
45917,MGMT_OTHER,-70,22,13222,2880,65836,44280,8920482,0,100,19,0,0,B0:CB:D8:C9:92:00,1,0,1,1E:01:D0:40:E0:9E,6,1,SYN_FLOOD,2026-08-05T00:46:59.826826
45917,MGMT_OTHER,-70,22,9234,1473,65836,44280,8920670,0,100,19,0,0,B0:CB:D8:C9:92:00,1,0,1,1E:01:D0:40:E0:9E,6,1,SYN_FLOOD,2026-08-05T00:47:00.014826
45917,MGMT_OTHER,-70,22,11345,3957,65836,44280,8920882,0,100,19,0,0,B0:CB:D8:C9:92:00,1,0,1,1E:01:D0:40:E0:9E,6,1,SYN_FLOOD,2026-08-05T00:47:00.226826
45917,PROBE_RESP,-81,11,0,0,65836,44280,8921168,0,100,19,0,0,B0:CB:D8:C9:92:00,1,0,0,1E:01:D0:40:E0:9E,6,1,SYN_FLOOD,2026-08-05T00:47:00.512826
45917,,-70,22,3661,3418,65836,44280,8921259,0,100,19,0,0,B0:CB:D8:C9:92:00,1,0,1,1E:01:D0:40:E0:9E,6,1,SYN_FLOOD,2026-08-05T00:47:00.603826
45917,,-70,22,7431,1060,65836,44280,8921447,0,100,19,0,0,B0:CB:D8:C9:92:00,1,0,1,1E:01:D0:40:E0:9E,6,1,SYN_FLOOD,2026-08-05T00:47:00.791826
45917,,-47,45,149,331,65836,44280,8921689,0,100,19,0,0,B0:CB:D8:C9:92:00,1,0,0,1E:01:D0:40:E0:9E,6,1,SYN_FLOOD,2026-08-05T00:47:01.033826
45917,BEACON,-84,8,982,1580,65836,44280,8921863,0,100,19,0,0,B0:CB:D8:C9:92:00,1,0,1,1E:01:D0:40:E0:9E,6,1,SYN_FLOOD,2026-08-05T00:47:01.207826
45917,,-70,22,214,3268,65836,44280,8921998,0,100,19,0,0,B0:CB:D8:C9:92:00,1,0,1,1E:01:D0:40:E0:9E,6,1,SYN_FLOOD,2026-08-05T00:47:01.342826
45917,PROBE_RESP,-81,11,0,0,65836,44280,8922190,0,100,19,0,0,B0:CB:D8:C9:92:00,1,0,0,1E:01:D0:40:E0:9E,6,1,SYN_FLOOD,2026-08-05T00:47:01.534826
45917,,-70,22,265,3802,65836,44280,8922365,0,100,19,0,0,B0:CB:D8:C9:92:00,1,0,1,1E:01:D0:40:E0:9E,6,1,SYN_FLOOD,2026-08-05T00:47:01.709826
45917,BEACON,-55,37,87,2445,65752,44280,8922681,0,100,19,0,0,B0:CB:D8:C9:92:00,1,0,1,1E:01:D0:40:E0:9E,6,1,SYN_FLOOD,2026-08-05T00:47:02.025826
45917,PROBE_RESP,-93,-1,0,0,65836,44280,8922770,0,100,19,0,0,B0:CB:D8:C9:92:00,1,0,1,1E:01:D0:40:E0:9E,6,1,SYN_FLOOD,2026-08-05T00:47:02.114826
45917,,9,9,0,0,65836,44280,8922896,0,100,19,0,0,B0:CB:D8:C9:92:00,1,0,1,1E:01:D0:40:E0:9E,6,1,SYN_FLOOD,2026-08-05T00:47:02.240826
45917,MGMT_OTHER,-69,23,7109,1148,65836,44280,8923055,0,100,19,0,0,B0:CB:D8:C9:92:00,1,0,1,1E:01:D0:40:E0:9E,6,1,SYN_FLOOD,2026-08-05T00:47:02.399826
45917,MGMT_OTHER,-70,22,2592,452,65836,44280,8923270,0,100,19,0,0,B0:CB:D8:C9:92:00,1,0,1,1E:01:D0:40:E0:9E,6,1,SYN_FLOOD,2026-08-05T00:47:02.614826
45917,MGMT_OTHER,-71,21,9349,1669,65836,44280,8923393,0,100,19,0,0,B0:CB:D8:C9:92:00,1,0,1,1E:01:D0:40:E0:9E,6,1,SYN_FLOOD,2026-08-05T00:47:02.737826
45917,MGMT_OTHER,-69,23,258,682,65836,44280,8923442,0,100,19,0,0,B0:CB:D8:C9:92:00,1,0,1,1E:01:D0:40:E0:9E,6,1,SYN_FLOOD,2026-08-05T00:47:02.786826
45917,,15,15,0,0,65836,44280,8923506,0,100,19,0,0,B0:CB:D8:C9:92:00,1,0,0,1E:01:D0:40:E0:9E,6,1,SYN_FLOOD,2026-08-05T00:47:02.850826
45917,MGMT_OTHER,-69,23,1177,3096,65836,44280,8923618,0,100,19,0,0,B0:CB:D8:C9:92:00,1,0,1,1E:01:D0:40:E0:9E,6,1,SYN_FLOOD,2026-08-05T00:47:02.962826
45917,MGMT_OTHER,-70,22,2503,3201,65836,44280,8923730,0,100,19,0,0,B0:CB:D8:C9:92:00,0,0,1,1E:01:D0:40:E0:9E,6,1,SYN_FLOOD,2026-08-05T00:47:03.074826
45917,MGMT_OTHER,-70,22,370,3652,65836,44280,8923839,0,100,19,0,0,B0:CB:D8:C9:92:00,1,0,1,1E:01:D0:40:E0:9E,6,1,SYN_FLOOD,2026-08-05T00:47:03.183826
45917,BEACON,-65,27,5843,1267,65836,44280,8923990,0,100,19,0,0,B0:CB:D8:C9:92:00,1,0,1,1E:01:D0:40:E0:9E,6,1,SYN_FLOOD,2026-08-05T00:47:03.334826
45917,PROBE_RESP,-92,0,0,0,65836,44280,8924157,0,100,19,0,0,B0:CB:D8:C9:92:00,1,0,0,1E:01:D0:40:E0:9E,6,1,SYN_FLOOD,2026-08-05T00:47:03.501826
45917,MGMT_OTHER,-70,22,9467,3738,65836,44280,8924414,0,100,19,0,0,B0:CB:D8:C9:92:00,1,0,1,1E:01:D0:40:E0:9E,6,1,SYN_FLOOD,2026-08-05T00:47:03.758826
45917,,-70,22,13991,1307,65836,44280,8924694,0,100,19,0,0,B0:CB:D8:C9:92:00,1,0,1,1E:01:D0:40:E0:9E,6,1,SYN_FLOOD,2026-08-05T00:47:04.038826
45917,,-68,24,359,3993,65836,44280,8924822,0,100,19,0,0,B0:CB:D8:C9:92:00,1,0,1,1E:01:D0:40:E0:9E,6,1,SYN_FLOOD,2026-08-05T00:47:04.166826
45917,PROBE_RESP,-93,-1,0,0,65836,44280,8925023,0,100,19,0,0,B0:CB:D8:C9:92:00,1,0,1,1E:01:D0:40:E0:9E,6,1,SYN_FLOOD,2026-08-05T00:47:04.367826
45917,,-70,22,484,1507,65836,44280,8925224,0,100,19,0,0,B0:CB:D8:C9:92:00,1,0,1,1E:01:D0:40:E0:9E,6,1,SYN_FLOOD,2026-08-05T00:47:04.568826
45917,MGMT_OTHER,-72,20,335,1107,65836,44280,8925280,0,100,19,0,0,B0:CB:D8:C9:92:00,1,0,1,1E:01:D0:40:E0:9E,6,1,SYN_FLOOD,2026-08-05T00:47:04.624826
45917,MGMT_OTHER,-70,22,288,654,65836,44280,8925352,0,100,19,0,0,B0:CB:D8:C9:92:00,1,0,1,1E:01:D0:40:E0:9E,6,1,SYN_FLOOD,2026-08-05T00:47:04.696826
45917,BEACON,-55,37,5463,2505,65836,44280,8925446,0,100,19,0,0,B0:CB:D8:C9:92:00,1,0,1,1E:01:D0:40:E0:9E,6,1,SYN_FLOOD,2026-08-05T00:47:04.790826
45917,,-95,-3,1065,3673,65836,44280,8925540,0,100,19,0,0,B0:CB:D8:C9:92:00,1,0,1,1E:01:D0:40:E0:9E,6,1,SYN_FLOOD,2026-08-05T00:47:04.884826
45917,MGMT_OTHER,-71,21,2025,230,65836,44280,8925637,0,100,19,0,0,B0:CB:D8:C9:92:00,1,0,1,1E:01:D0:40:E0:9E,6,1,SYN_FLOOD,2026-08-05T00:47:04.981826
45917,,-70,22,523,1341,65836,44280,8925899,0,100,19,0,0,B0:CB:D8:C9:92:00,1,0,1,1E:01:D0:40:E0:9E,6,1,SYN_FLOOD,2026-08-05T00:47:05.243826
45917,BEACON,-55,37,10585,2518,65836,44280,8926163,0,100,19,0,0,B0:CB:D8:C9:92:00,1,0,1,1E:01:D0:40:E0:9E,6,1,SYN_FLOOD,2026-08-05T00:47:05.507826
45917,,-70,22,559,3551,65836,44280,8926352,0,100,19,0,0,B0:CB:D8:C9:92:00,1,0,1,1E:01:D0:40:E0:9E,6,1,SYN_FLOOD,2026-08-05T00:47:05.696826
45917,BEACON,-55,37,88,2532,65836,44280,8926572,0,100,19,0,0,B0:CB:D8:C9:92:00,1,0,1,1E:01:D0:40:E0:9E,6,1,SYN_FLOOD,2026-08-05T00:47:05.916826
45917,MGMT_OTHER,-70,22,6647,2733,65836,44280,8926785,0,100,19,0,0,B0:CB:D8:C9:92:00,1,0,1,1E:01:D0:40:E0:9E,6,1,SYN_FLOOD,2026-08-05T00:47:06.129826
45917,PROBE_RESP,-92,0,0,0,65836,44280,8927004,0,100,19,0,0,B0:CB:D8:C9:92:00,1,0,0,1E:01:D0:40:E0:9E,6,1,SYN_FLOOD,2026-08-05T00:47:06.348826
45917,,-69,23,243,3477,65840,44280,8927205,0,100,19,0,0,B0:CB:D8:C9:92:00,1,0,1,1E:01:D0:40:E0:9E,6,1,SYN_FLOOD,2026-08-05T00:47:06.549826
45917,BEACON,-83,9,1004,1633,65840,44280,8927291,0,100,19,0,0,B0:CB:D8:C9:92:00,1,0,1,1E:01:D0:40:E0:9E,6,1,SYN_FLOOD,2026-08-05T00:47:06.635826
45917,,-70,22,978,1287,65840,44280,8927413,0,100,19,0,0,B0:CB:D8:C9:92:00,1,0,1,1E:01:D0:40:E0:9E,6,1,SYN_FLOOD,2026-08-05T00:47:06.757826
45917,,-70,22,2261,116,65840,44280,8927537,0,100,19,0,0,B0:CB:D8:C9:92:00,1,0,1,1E:01:D0:40:E0:9E,6,1,SYN_FLOOD,2026-08-05T00:47:06.881826
45917,,-70,22,301,4064,65840,44280,8927738,0,100,19,0,0,B0:CB:D8:C9:92:00,1,0,1,1E:01:D0:40:E0:9E,6,1,SYN_FLOOD,2026-08-05T00:47:07.082826
45917,MGMT_OTHER,-68,24,209,1287,65840,44280,8927989,0,100,19,0,0,B0:CB:D8:C9:92:00,1,0,1,1E:01:D0:40:E0:9E,6,1,SYN_FLOOD,2026-08-05T00:47:07.333826
45917,PROBE_RESP,-88,4,0,1,65836,44280,8928236,0,100,19,0,0,B0:CB:D8:C9:92:00,1,0,0,1E:01:D0:40:E0:9E,6,1,SYN_FLOOD,2026-08-05T00:47:07.580826
45917,BEACON,-54,38,0,2565,65836,44280,8928518,0,100,19,0,0,B0:CB:D8:C9:92:00,1,0,1,1E:01:D0:40:E0:9E,6,1,SYN_FLOOD,2026-08-05T00:47:07.862826
45917,PROBE_RESP,-88,4,0,2,65836,44280,8928663,0,100,19,0,0,B0:CB:D8:C9:92:00,1,0,0,1E:01:D0:40:E0:9E,6,1,SYN_FLOOD,2026-08-05T00:47:08.007826
45917,PROBE_RESP,-91,1,0,4,65836,44280,8928804,0,100,19,0,0,B0:CB:D8:C9:92:00,1,0,0,1E:01:D0:40:E0:9E,6,1,SYN_FLOOD,2026-08-05T00:47:08.148826
45917,,-49,43,264,2575,65836,44280,8929041,0,100,19,0,0,B0:CB:D8:C9:92:00,1,0,0,1E:01:D0:40:E0:9E,6,1,SYN_FLOOD,2026-08-05T00:47:08.385826
45917,,13,13,0,0,65836,44280,8929228,0,100,19,0,0,B0:CB:D8:C9:92:00,1,0,0,1E:01:D0:40:E0:9E,6,1,SYN_FLOOD,2026-08-05T00:47:08.572826
45917,,-67,25,300,555,65836,44280,8929322,0,100,19,0,0,B0:CB:D8:C9:92:00,1,0,1,1E:01:D0:40:E0:9E,6,1,SYN_FLOOD,2026-08-05T00:47:08.666826
45917,,-67,25,390,3711,65836,44280,8929467,0,100,19,0,0,B0:CB:D8:C9:92:00,1,0,1,1E:01:D0:40:E0:9E,6,1,SYN_FLOOD,2026-08-05T00:47:08.811826
45917,MGMT_OTHER,-69,23,0,309,65836,44280,8929566,0,100,19,0,0,B0:CB:D8:C9:92:00,1,0,1,1E:01:D0:40:E0:9E,6,1,SYN_FLOOD,2026-08-05T00:47:08.910826
45917,BEACON,-65,27,1418,1323,65836,44280,8929729,0,100,19,0,0,B0:CB:D8:C9:92:00,1,0,1,1E:01:D0:40:E0:9E,6,1,SYN_FLOOD,2026-08-05T00:47:09.073826
45917,MGMT_OTHER,-67,25,850,157,65836,44280,8929935,0,100,19,0,0,B0:CB:D8:C9:92:00,1,0,1,1E:01:D0:40:E0:9E,6,1,SYN_FLOOD,2026-08-05T00:47:09.279826
45917,MGMT_OTHER,-68,24,5704,1050,65836,44280,8930105,0,100,19,0,0,B0:CB:D8:C9:92:00,1,0,1,1E:01:D0:40:E0:9E,6,1,SYN_FLOOD,2026-08-05T00:47:09.449826
45917,,-60,32,0,2619,65836,44280,8930329,0,100,19,0,0,B0:CB:D8:C9:92:00,1,0,0,1E:01:D0:40:E0:9E,6,1,SYN_FLOOD,2026-08-05T00:47:09.673826
45917,BEACON,-57,35,4835,2630,65836,44280,8930566,0,100,19,0,0,B0:CB:D8:C9:92:00,1,0,1,1E:01:D0:40:E0:9E,6,1,SYN_FLOOD,2026-08-05T00:47:09.910826
45917,BEACON,-77,15,0,1631,65836,44280,8930876,0,100,19,0,0,B0:CB:D8:C9:92:00,1,0,0,1E:01:D0:40:E0:9E,6,1,SYN_FLOOD,2026-08-05T00:47:10.220826
45917,BEACON,-83,9,18531,1671,65836,44280,8931182,0,100,19,0,0,B0:CB:D8:C9:92:00,1,0,1,1E:01:D0:40:E0:9E,6,1,SYN_FLOOD,2026-08-05T00:47:10.526826
45917,,-69,23,175,3978,65836,44280,8931286,0,100,19,0,0,B0:CB:D8:C9:92:00,1,0,1,1E:01:D0:40:E0:9E,6,1,SYN_FLOOD,2026-08-05T00:47:10.630826
45917,,-51,41,198,364,65836,44280,8931478,0,100,19,0,0,B0:CB:D8:C9:92:00,1,0,1,1E:01:D0:40:E0:9E,6,1,SYN_FLOOD,2026-08-05T00:47:10.822826
45917,,-69,23,1355,3953,65836,44280,8931619,0,100,19,0,0,B0:CB:D8:C9:92:00,1,0,1,1E:01:D0:40:E0:9E,6,1,SYN_FLOOD,2026-08-05T00:47:10.963826
45917,MGMT_OTHER,-69,23,719,2271,65836,44280,8931735,0,100,19,0,0,B0:CB:D8:C9:92:00,1,0,1,1E:01:D0:40:E0:9E,6,1,SYN_FLOOD,2026-08-05T00:47:11.079826
45917,,-84,8,529,97,65836,44280,8931987,0,100,19,0,0,B0:CB:D8:C9:92:00,1,0,1,1E:01:D0:40:E0:9E,6,1,SYN_FLOOD,2026-08-05T00:47:11.331826
45917,MGMT_OTHER,-69,23,2266,2929,65836,44280,8932126,0,100,19,0,0,B0:CB:D8:C9:92:00,1,0,1,1E:01:D0:40:E0:9E,6,1,SYN_FLOOD,2026-08-05T00:47:11.470826
45917,PROBE_RESP,-80,12,7451,0,65836,44280,8932312,0,100,19,0,0,B0:CB:D8:C9:92:00,1,0,1,1E:01:D0:40:E0:9E,6,1,SYN_FLOOD,2026-08-05T00:47:11.656826
45917,BEACON,-90,2,88,3949,65836,44280,8932472,0,100,19,0,0,B0:CB:D8:C9:92:00,1,0,1,1E:01:D0:40:E0:9E,6,1,SYN_FLOOD,2026-08-05T00:47:11.816826
45917,,-69,23,1393,3192,65836,44280,8932636,0,100,19,0,0,B0:CB:D8:C9:92:00,1,0,1,1E:01:D0:40:E0:9E,6,1,SYN_FLOOD,2026-08-05T00:47:11.980826
45917,,-70,22,26117,937,65836,44280,8932960,0,100,19,0,0,B0:CB:D8:C9:92:00,1,0,1,1E:01:D0:40:E0:9E,6,1,SYN_FLOOD,2026-08-05T00:47:12.304826
45917,BEACON,-61,31,50054,1355,65836,44280,8933207,0,100,19,0,0,B0:CB:D8:C9:92:00,1,0,1,1E:01:D0:40:E0:9E,6,1,SYN_FLOOD,2026-08-05T00:47:12.551826
45917,MGMT_OTHER,-92,0,10757,1944,65836,44280,8933395,0,100,19,0,0,B0:CB:D8:C9:92:00,1,0,1,1E:01:D0:40:E0:9E,6,1,SYN_FLOOD,2026-08-05T00:47:12.739826
45917,,-68,24,655,1151,65836,44280,8933549,0,100,19,0,0,B0:CB:D8:C9:92:00,1,0,1,1E:01:D0:40:E0:9E,6,1,SYN_FLOOD,2026-08-05T00:47:12.893826
45917,PROBE_RESP,-89,3,0,1,65836,44280,8933706,0,100,19,0,0,B0:CB:D8:C9:92:00,0,0,0,1E:01:D0:40:E0:9E,6,1,SYN_FLOOD,2026-08-05T00:47:13.050826
45917,PROBE_RESP,-92,0,0,1,65836,44280,8933977,0,100,19,0,0,B0:CB:D8:C9:92:00,1,0,1,1E:01:D0:40:E0:9E,6,1,SYN_FLOOD,2026-08-05T00:47:13.321826
45917,MGMT_OTHER,-69,23,1066,2682,65836,44280,8934179,0,100,19,0,0,B0:CB:D8:C9:92:00,1,0,1,1E:01:D0:40:E0:9E,6,1,SYN_FLOOD,2026-08-05T00:47:13.523826
45917,MGMT_OTHER,-68,24,6543,3618,65836,44280,8934394,0,100,19,0,0,B0:CB:D8:C9:92:00,1,0,1,1E:01:D0:40:E0:9E,6,1,SYN_FLOOD,2026-08-05T00:47:13.738826
45917,,-68,24,1771,1600,65836,44280,8934646,0,100,19,0,0,B0:CB:D8:C9:92:00,1,0,1,1E:01:D0:40:E0:9E,6,1,SYN_FLOOD,2026-08-05T00:47:13.990826
45917,MGMT_OTHER,-68,24,881,2825,65836,44280,8934806,0,100,19,0,0,B0:CB:D8:C9:92:00,1,0,1,1E:01:D0:40:E0:9E,6,1,SYN_FLOOD,2026-08-05T00:47:14.150826
45917,MGMT_OTHER,-69,23,478,1549,65836,44280,8934995,0,100,19,0,0,B0:CB:D8:C9:92:00,1,0,1,1E:01:D0:40:E0:9E,6,1,SYN_FLOOD,2026-08-05T00:47:14.339826
45917,,-71,21,511,3359,65836,44280,8935196,0,100,19,0,0,B0:CB:D8:C9:92:00,1,0,1,1E:01:D0:40:E0:9E,6,1,SYN_FLOOD,2026-08-05T00:47:14.540826
45917,,-68,24,1833,2996,65836,44280,8935271,0,100,19,0,0,B0:CB:D8:C9:92:00,1,0,1,1E:01:D0:40:E0:9E,6,1,SYN_FLOOD,2026-08-05T00:47:14.615826
45917,,-67,25,5145,656,65836,44280,8935419,0,100,19,0,0,B0:CB:D8:C9:92:00,1,0,1,1E:01:D0:40:E0:9E,6,1,SYN_FLOOD,2026-08-05T00:47:14.763826
45917,,-68,24,864,1151,65836,44280,8935593,0,100,19,0,0,B0:CB:D8:C9:92:00,1,0,1,1E:01:D0:40:E0:9E,6,1,SYN_FLOOD,2026-08-05T00:47:14.937826
45917,MGMT_OTHER,-69,23,3331,2029,65836,44280,8935795,0,100,19,0,0,B0:CB:D8:C9:92:00,1,0,1,1E:01:D0:40:E0:9E,6,1,SYN_FLOOD,2026-08-05T00:47:15.139826
45917,BEACON,-81,11,14431,1719,65836,44280,8936098,0,100,19,0,0,B0:CB:D8:C9:92:00,1,0,1,1E:01:D0:40:E0:9E,6,1,SYN_FLOOD,2026-08-05T00:47:15.442826
45917,PROBE_RESP,-88,4,0,0,65836,44280,8936348,0,100,19,0,0,B0:CB:D8:C9:92:00,1,0,0,1E:01:D0:40:E0:9E,6,1,SYN_FLOOD,2026-08-05T00:47:15.692826
45917,,-69,23,401,2003,65836,44280,8936532,0,100,19,0,0,B0:CB:D8:C9:92:00,1,0,1,1E:01:D0:40:E0:9E,6,1,SYN_FLOOD,2026-08-05T00:47:15.876826
45917,MGMT_OTHER,-69,23,882,1064,65836,44280,8936715,0,100,19,0,0,B0:CB:D8:C9:92:00,1,0,1,1E:01:D0:40:E0:9E,6,1,SYN_FLOOD,2026-08-05T00:47:16.059826
45917,MGMT_OTHER,-69,23,13240,449,65836,44280,8936916,0,100,19,0,0,B0:CB:D8:C9:92:00,1,0,1,1E:01:D0:40:E0:9E,6,1,SYN_FLOOD,2026-08-05T00:47:16.260826
45917,,-68,24,1180,3268,65836,44280,8937199,0,100,19,0,0,B0:CB:D8:C9:92:00,1,0,1,1E:01:D0:40:E0:9E,6,1,SYN_FLOOD,2026-08-05T00:47:16.543826
45917,,-68,24,235,3768,65836,44280,8937335,0,100,19,0,0,B0:CB:D8:C9:92:00,1,0,1,1E:01:D0:40:E0:9E,6,1,SYN_FLOOD,2026-08-05T00:47:16.679826
45917,,-82,10,653,120,65836,44280,8937468,0,100,19,0,0,B0:CB:D8:C9:92:00,1,0,0,1E:01:D0:40:E0:9E,6,1,SYN_FLOOD,2026-08-05T00:47:16.812826
45917,,-68,24,662,3608,65836,44280,8937539,0,100,19,0,0,B0:CB:D8:C9:92:00,1,0,1,1E:01:D0:40:E0:9E,6,1,SYN_FLOOD,2026-08-05T00:47:16.883826
45917,,-53,39,2816,394,65836,44280,8937739,0,100,19,0,0,B0:CB:D8:C9:92:00,1,0,1,1E:01:D0:40:E0:9E,6,1,SYN_FLOOD,2026-08-05T00:47:17.083826
45917,,-68,24,720,2455,65836,44280,8937961,0,100,19,0,0,B0:CB:D8:C9:92:00,1,0,1,1E:01:D0:40:E0:9E,6,1,SYN_FLOOD,2026-08-05T00:47:17.305826
45917,BEACON,-92,0,4742,828,65836,44280,8938209,0,100,19,0,0,B0:CB:D8:C9:92:00,1,0,1,1E:01:D0:40:E0:9E,6,1,SYN_FLOOD,2026-08-05T00:47:17.553826
45917,MGMT_OTHER,-69,23,882,2686,65836,44280,8938448,0,100,19,0,0,B0:CB:D8:C9:92:00,1,0,1,1E:01:D0:40:E0:9E,6,1,SYN_FLOOD,2026-08-05T00:47:17.792826
45917,,-68,24,1625,290,65836,44280,8938744,0,100,19,0,0,B0:CB:D8:C9:92:00,1,0,0,1E:01:D0:40:E0:9E,6,1,SYN_FLOOD,2026-08-05T00:47:18.088826
45917,,-82,10,218,13,65836,44280,8938968,0,100,19,0,0,B0:CB:D8:C9:92:00,1,0,0,1E:01:D0:40:E0:9E,6,1,SYN_FLOOD,2026-08-05T00:47:18.312826
45917,,-69,23,1303,2577,65836,44280,8939086,0,100,19,0,0,B0:CB:D8:C9:92:00,1,0,1,1E:01:D0:40:E0:9E,6,1,SYN_FLOOD,2026-08-05T00:47:18.430826
45917,,-69,23,606,728,65836,44280,8939220,0,100,19,0,0,B0:CB:D8:C9:92:00,1,0,1,1E:01:D0:40:E0:9E,6,1,SYN_FLOOD,2026-08-05T00:47:18.564826
45917,,-68,24,223,2437,65836,44280,8939294,0,100,19,0,0,B0:CB:D8:C9:92:00,1,0,1,1E:01:D0:40:E0:9E,6,1,SYN_FLOOD,2026-08-05T00:47:18.638826
45917,,-69,23,181,2168,65836,44280,8939365,0,100,19,0,0,B0:CB:D8:C9:92:00,1,0,1,1E:01:D0:40:E0:9E,6,1,SYN_FLOOD,2026-08-05T00:47:18.709826
45917,,-69,23,487,1746,65836,44280,8939390,0,100,19,0,0,B0:CB:D8:C9:92:00,1,0,1,1E:01:D0:40:E0:9E,6,1,SYN_FLOOD,2026-08-05T00:47:18.734826
45917,,-69,23,386,4,65836,44280,8939523,0,100,19,0,0,B0:CB:D8:C9:92:00,1,0,1,1E:01:D0:40:E0:9E,6,1,SYN_FLOOD,2026-08-05T00:47:18.867826
45917,MGMT_OTHER,-69,23,852,3688,65836,44280,8939594,0,100,19,0,0,B0:CB:D8:C9:92:00,1,0,1,1E:01:D0:40:E0:9E,6,1,SYN_FLOOD,2026-08-05T00:47:18.938826
45917,,-69,23,158,3663,65836,44280,8939716,0,100,19,0,0,B0:CB:D8:C9:92:00,1,0,1,1E:01:D0:40:E0:9E,6,1,SYN_FLOOD,2026-08-05T00:47:19.060826
45917,MGMT_OTHER,-69,23,975,944,65836,44280,8939929,0,100,19,0,0,B0:CB:D8:C9:92:00,1,0,1,1E:01:D0:40:E0:9E,6,1,SYN_FLOOD,2026-08-05T00:47:19.273826
45917,,43,43,0,0,65836,44280,8940182,0,100,19,0,0,B0:CB:D8:C9:92:00,1,0,1,1E:01:D0:40:E0:9E,6,1,SYN_FLOOD,2026-08-05T00:47:19.526826
45917,BEACON,-57,35,1782,2848,65836,44280,8940294,0,100,19,0,0,B0:CB:D8:C9:92:00,1,0,1,1E:01:D0:40:E0:9E,6,1,SYN_FLOOD,2026-08-05T00:47:19.638826
45917,BEACON,-77,15,0,1725,65836,44280,8940502,0,100,19,0,0,B0:CB:D8:C9:92:00,0,0,0,1E:01:D0:40:E0:9E,6,1,SYN_FLOOD,2026-08-05T00:47:19.846826
45917,,-53,39,14493,2859,65836,44280,8940725,0,100,19,0,0,B0:CB:D8:C9:92:00,1,0,1,1E:01:D0:40:E0:9E,6,1,SYN_FLOOD,2026-08-05T00:47:20.069826
45917,MGMT_OTHER,-69,23,235,2531,65836,44280,8940910,0,100,19,0,0,B0:CB:D8:C9:92:00,1,0,1,1E:01:D0:40:E0:9E,6,1,SYN_FLOOD,2026-08-05T00:47:20.254826
45917,MGMT_OTHER,-69,23,794,1245,65836,44280,8941096,0,100,19,0,0,B0:CB:D8:C9:92:00,0,0,1,1E:01:D0:40:E0:9E,6,1,SYN_FLOOD,2026-08-05T00:47:20.440826
45917,,42,42,0,0,65836,44280,8941240,0,100,19,0,0,B0:CB:D8:C9:92:00,1,0,0,1E:01:D0:40:E0:9E,6,1,SYN_FLOOD,2026-08-05T00:47:20.584826
45917,,-69,23,5994,40,65836,44280,8941305,0,100,19,0,0,B0:CB:D8:C9:92:00,1,0,1,1E:01:D0:40:E0:9E,6,1,SYN_FLOOD,2026-08-05T00:47:20.649826
45917,,-69,23,854,3092,65836,44280,8941359,0,100,19,0,0,B0:CB:D8:C9:92:00,1,0,1,1E:01:D0:40:E0:9E,6,1,SYN_FLOOD,2026-08-05T00:47:20.703826
45917,,-68,24,209,2437,65836,44280,8941508,0,100,19,0,0,B0:CB:D8:C9:92:00,1,0,1,1E:01:D0:40:E0:9E,6,1,SYN_FLOOD,2026-08-05T00:47:20.852826
45917,MGMT_OTHER,-69,23,1185,2896,65836,44280,8941559,0,100,19,0,0,B0:CB:D8:C9:92:00,1,0,1,1E:01:D0:40:E0:9E,6,1,SYN_FLOOD,2026-08-05T00:47:20.903826
45917,,-69,23,18780,3691,65836,44280,8941798,0,100,19,0,0,B0:CB:D8:C9:92:00,1,0,1,1E:01:D0:40:E0:9E,6,1,SYN_FLOOD,2026-08-05T00:47:21.142826
45917,,-53,39,0,2887,65836,44280,8941895,0,100,19,0,0,B0:CB:D8:C9:92:00,1,0,0,1E:01:D0:40:E0:9E,6,1,SYN_FLOOD,2026-08-05T00:47:21.239826
45917,,-68,24,13520,1102,65836,44280,8942000,0,100,19,0,0,B0:CB:D8:C9:92:00,1,0,1,1E:01:D0:40:E0:9E,6,1,SYN_FLOOD,2026-08-05T00:47:21.344826
45917,BEACON,-83,9,658,1779,65836,44280,8942242,0,100,19,0,0,B0:CB:D8:C9:92:00,1,0,1,1E:01:D0:40:E0:9E,6,1,SYN_FLOOD,2026-08-05T00:47:21.586826
45917,BEACON,-82,10,12598,1780,65836,44280,8942344,0,100,19,0,0,B0:CB:D8:C9:92:00,1,0,1,1E:01:D0:40:E0:9E,6,1,SYN_FLOOD,2026-08-05T00:47:21.688826
45917,,-71,21,2156,2755,65836,44280,8942468,0,100,19,0,0,B0:CB:D8:C9:92:00,1,0,1,1E:01:D0:40:E0:9E,6,1,SYN_FLOOD,2026-08-05T00:47:21.812826
45917,MGMT_OTHER,11,11,0,0,65836,44280,8942628,0,100,19,0,0,B0:CB:D8:C9:92:00,1,0,1,1E:01:D0:40:E0:9E,6,1,SYN_FLOOD,2026-08-05T00:47:21.972826
45917,,-70,22,2521,1512,65836,44280,8942837,0,100,19,0,0,B0:CB:D8:C9:92:00,1,0,1,1E:01:D0:40:E0:9E,6,0,NONE,2026-08-05T00:47:22.181826
45917,,-69,23,218,1685,65836,44280,8943010,0,100,19,0,0,B0:CB:D8:C9:92:00,1,0,1,1E:01:D0:40:E0:9E,6,0,NONE,2026-08-05T00:47:22.354826
45917,,-84,8,4060,141,65836,44280,8943158,0,100,19,0,0,B0:CB:D8:C9:92:00,1,0,1,1E:01:D0:40:E0:9E,6,0,NONE,2026-08-05T00:47:22.502826
45917,MGMT_OTHER,-68,24,481,3447,65836,44280,8943273,0,100,19,0,0,B0:CB:D8:C9:92:00,1,0,1,1E:01:D0:40:E0:9E,6,0,NONE,2026-08-05T00:47:22.617826
45917,MGMT_OTHER,-69,23,1609,353,65288,44280,8943307,0,100,19,0,0,B0:CB:D8:C9:92:00,1,0,1,1E:01:D0:40:E0:9E,6,0,NONE,2026-08-05T00:47:22.651826
45917,,-68,24,212,2764,65836,44280,8943457,0,100,19,0,0,B0:CB:D8:C9:92:00,1,0,1,1E:01:D0:40:E0:9E,6,0,NONE,2026-08-05T00:47:22.801826
45917,BEACON,-77,15,0,1755,65836,44280,8943574,0,100,19,0,0,B0:CB:D8:C9:92:00,1,0,0,1E:01:D0:40:E0:9E,6,0,NONE,2026-08-05T00:47:22.918826
45917,,-69,23,852,1915,65836,44280,8943802,0,100,19,0,0,B0:CB:D8:C9:92:00,0,0,1,1E:01:D0:40:E0:9E,6,0,NONE,2026-08-05T00:47:23.146826
45917,BEACON,-83,9,1036,1797,65836,44280,8944085,0,100,19,0,0,B0:CB:D8:C9:92:00,1,0,1,1E:01:D0:40:E0:9E,6,0,NONE,2026-08-05T00:47:23.429826
45917,,-93,-1,9469,3615,65836,44280,8944266,0,100,19,0,0,B0:CB:D8:C9:92:00,0,0,1,1E:01:D0:40:E0:9E,6,0,NONE,2026-08-05T00:47:23.610826
45917,,-84,8,0,86,65836,44280,8944396,0,100,19,0,0,B0:CB:D8:C9:92:00,1,0,1,1E:01:D0:40:E0:9E,6,0,NONE,2026-08-05T00:47:23.740826
45917,,-52,40,15934,2974,65836,44280,8944615,0,100,19,0,0,B0:CB:D8:C9:92:00,1,0,1,1E:01:D0:40:E0:9E,6,0,NONE,2026-08-05T00:47:23.959826
45917,,-70,22,722,3226,65836,44280,8944722,0,100,19,0,0,B0:CB:D8:C9:92:00,1,0,1,1E:01:D0:40:E0:9E,6,0,NONE,2026-08-05T00:47:24.066826
45917,DISASSOC,-90,2,6144,296,65836,44280,8944911,0,100,19,0,0,B0:CB:D8:C9:92:00,1,0,1,1E:01:D0:40:E0:9E,6,0,NONE,2026-08-05T00:47:24.255826
45917,,-69,23,7245,2225,65836,44280,8945116,0,100,19,0,0,B0:CB:D8:C9:92:00,1,0,1,1E:01:D0:40:E0:9E,6,0,NONE,2026-08-05T00:47:24.460826
45917,,-67,25,488,2993,65836,44280,8945257,0,100,19,0,0,B0:CB:D8:C9:92:00,1,0,1,1E:01:D0:40:E0:9E,6,0,NONE,2026-08-05T00:47:24.601826
45917,,-68,24,850,1563,65836,44280,8945399,0,100,19,0,0,B0:CB:D8:C9:92:00,1,0,1,1E:01:D0:40:E0:9E,6,0,NONE,2026-08-05T00:47:24.743826
45917,,-69,23,227,1174,65836,44280,8945467,0,100,19,0,0,B0:CB:D8:C9:92:00,1,0,1,1E:01:D0:40:E0:9E,6,0,NONE,2026-08-05T00:47:24.811826
45917,BEACON,-79,13,0,1775,65836,44280,8945623,0,100,19,0,0,B0:CB:D8:C9:92:00,1,0,0,1E:01:D0:40:E0:9E,6,0,NONE,2026-08-05T00:47:24.967826
45917,BEACON,-79,13,0,1777,65764,44280,8945827,0,100,19,0,0,B0:CB:D8:C9:92:00,1,0,0,1E:01:D0:40:E0:9E,6,0,NONE,2026-08-05T00:47:25.171826
45917,MGMT_OTHER,-88,4,2236,2753,65836,44280,8946046,0,100,19,0,0,B0:CB:D8:C9:92:00,1,0,1,1E:01:D0:40:E0:9E,6,0,NONE,2026-08-05T00:47:25.390826
45917,,-54,38,774,3028,65836,44280,8946213,0,100,19,0,0,B0:CB:D8:C9:92:00,1,0,1,1E:01:D0:40:E0:9E,6,0,NONE,2026-08-05T00:47:25.557826
45917,,-69,23,258,2157,65836,44280,8946365,0,100,19,0,0,B0:CB:D8:C9:92:00,1,0,1,1E:01:D0:40:E0:9E,6,0,NONE,2026-08-05T00:47:25.709826
45917,MGMT_OTHER,-69,23,10442,3677,65836,44280,8946574,0,100,19,0,0,B0:CB:D8:C9:92:00,1,0,1,1E:01:D0:40:E0:9E,6,0,NONE,2026-08-05T00:47:25.918826
45917,,-69,23,7998,1043,65836,44280,8946747,0,100,19,0,0,B0:CB:D8:C9:92:00,1,0,1,1E:01:D0:40:E0:9E,6,0,NONE,2026-08-05T00:47:26.091826
45917,MGMT_OTHER,-68,24,587,84,65820,44280,8947000,0,100,19,0,0,B0:CB:D8:C9:92:00,1,0,1,1E:01:D0:40:E0:9E,6,0,NONE,2026-08-05T00:47:26.344826
45917,,-69,23,499,1297,65836,44280,8947243,0,100,19,0,0,B0:CB:D8:C9:92:00,1,0,1,1E:01:D0:40:E0:9E,6,0,NONE,2026-08-05T00:47:26.587826
45917,MGMT_OTHER,-69,23,321,1355,65760,44280,8947293,0,100,19,0,0,B0:CB:D8:C9:92:00,1,0,1,1E:01:D0:40:E0:9E,6,0,NONE,2026-08-05T00:47:26.637826
45917,MGMT_OTHER,-70,22,191,1682,65836,44280,8947351,0,100,19,0,0,B0:CB:D8:C9:92:00,1,0,1,1E:01:D0:40:E0:9E,6,0,NONE,2026-08-05T00:47:26.695826
45917,,-69,23,191,4031,65836,44280,8947460,0,100,19,0,0,B0:CB:D8:C9:92:00,1,0,1,1E:01:D0:40:E0:9E,6,0,NONE,2026-08-05T00:47:26.804826
45917,,-69,23,18479,1310,65836,44280,8947688,0,100,19,0,0,B0:CB:D8:C9:92:00,1,0,1,1E:01:D0:40:E0:9E,6,0,NONE,2026-08-05T00:47:27.032826
45917,BEACON,-81,11,0,1797,65836,44280,8947875,0,100,19,0,0,B0:CB:D8:C9:92:00,1,0,0,1E:01:D0:40:E0:9E,6,0,NONE,2026-08-05T00:47:27.219826
45917,BEACON,-56,36,8708,3060,65836,44280,8948077,0,100,19,0,0,B0:CB:D8:C9:92:00,1,0,1,1E:01:D0:40:E0:9E,6,0,NONE,2026-08-05T00:47:27.421826
45917,,-70,22,1237,1015,65836,44280,8948369,0,100,19,0,0,B0:CB:D8:C9:92:00,1,0,1,1E:01:D0:40:E0:9E,6,0,NONE,2026-08-05T00:47:27.713826
45917,,-70,22,648,50,65836,44280,8948530,0,100,19,0,0,B0:CB:D8:C9:92:00,1,0,1,1E:01:D0:40:E0:9E,6,0,NONE,2026-08-05T00:47:27.874826
45917,,-55,37,312,831,63732,44280,8948693,0,100,19,0,0,B0:CB:D8:C9:92:00,1,0,0,1E:01:D0:40:E0:9E,6,0,NONE,2026-08-05T00:47:28.037826
45917,,-54,38,2081,851,69520,44280,8948760,0,100,19,0,0,B0:CB:D8:C9:92:00,1,0,0,1E:01:D0:40:E0:9E,6,0,NONE,2026-08-05T00:47:28.104826
45917,MGMT_OTHER,-70,22,13762,2412,69832,44280,8948980,0,100,19,0,0,B0:CB:D8:C9:92:00,0,0,1,1E:01:D0:40:E0:9E,6,0,NONE,2026-08-05T00:47:28.324826
45917,BEACON,-91,3,0,935,69836,44280,8949172,0,100,19,0,0,B0:CB:D8:C9:92:00,0,0,1,1E:01:D0:40:E0:9E,6,0,NONE,2026-08-05T00:47:28.516826
45917,,-67,27,249,236,69836,44280,8949226,0,100,19,0,0,B0:CB:D8:C9:92:00,0,0,1,1E:01:D0:40:E0:9E,6,0,NONE,2026-08-05T00:47:28.570826
45917,MGMT_OTHER,-69,25,254,3284,69836,44280,8949252,0,100,19,0,0,B0:CB:D8:C9:92:00,0,0,1,1E:01:D0:40:E0:9E,6,0,NONE,2026-08-05T00:47:28.596054
45917,BEACON,-66,28,29339,1509,69836,44280,8949387,0,100,19,0,0,B0:CB:D8:C9:92:00,1,0,1,1E:01:D0:40:E0:9E,6,0,NONE,2026-08-05T00:47:28.731054
45917,,-68,26,765,3641,69836,44280,8949609,0,100,19,0,0,B0:CB:D8:C9:92:00,0,0,1,1E:01:D0:40:E0:9E,6,0,NONE,2026-08-05T00:47:28.953054
45917,MGMT_OTHER,-69,25,339,2314,69480,44280,8949708,0,100,19,0,0,B0:CB:D8:C9:92:00,1,0,1,1E:01:D0:40:E0:9E,6,0,NONE,2026-08-05T00:47:29.052054
45917,,-53,41,8544,869,65648,44280,8949808,0,100,19,0,0,B0:CB:D8:C9:92:00,1,0,0,1E:01:D0:40:E0:9E,6,0,NONE,2026-08-05T00:47:29.152054
45917,MGMT_OTHER,-66,28,263,1677,65844,44280,8949947,0,100,19,0,0,B0:CB:D8:C9:92:00,1,0,1,1E:01:D0:40:E0:9E,6,0,NONE,2026-08-05T00:47:29.291054
45917,,-69,25,4475,2973,65844,44280,8950145,0,100,19,0,0,B0:CB:D8:C9:92:00,1,0,1,1E:01:D0:40:E0:9E,6,0,NONE,2026-08-05T00:47:29.489054
45917,MGMT_OTHER,-68,26,3003,1052,65844,44280,8950359,0,100,19,0,0,B0:CB:D8:C9:92:00,1,0,0,1E:01:D0:40:E0:9E,6,0,NONE,2026-08-05T00:47:29.703054
45917,BEACON,-88,6,97,29,65844,44280,8950509,0,100,19,0,0,B0:CB:D8:C9:92:00,1,0,1,1E:01:D0:40:E0:9E,6,0,NONE,2026-08-05T00:47:29.853054
45917,MGMT_OTHER,-68,26,832,3576,65844,44280,8950724,0,100,19,0,0,B0:CB:D8:C9:92:00,1,0,1,1E:01:D0:40:E0:9E,6,0,NONE,2026-08-05T00:47:30.068054
45917,,-68,26,566,1898,65844,44280,8950836,0,100,19,0,0,B0:CB:D8:C9:92:00,1,0,1,1E:01:D0:40:E0:9E,6,0,NONE,2026-08-05T00:47:30.180054
45917,,-67,27,641,2638,65844,44280,8950996,0,100,19,0,0,B0:CB:D8:C9:92:00,1,0,1,1E:01:D0:40:E0:9E,6,0,NONE,2026-08-05T00:47:30.340054
45917,PROBE_RESP,-78,16,0,0,65844,44280,8951190,0,100,19,0,0,B0:CB:D8:C9:92:00,1,0,0,1E:01:D0:40:E0:9E,6,0,NONE,2026-08-05T00:47:30.534054
45917,MGMT_OTHER,-67,27,5894,3701,65844,44280,8951294,0,100,19,0,0,B0:CB:D8:C9:92:00,1,0,1,1E:01:D0:40:E0:9E,6,0,NONE,2026-08-05T00:47:30.638054
45917,,16,16,0,1023,65844,44280,8951424,0,100,19,0,0,B0:CB:D8:C9:92:00,1,0,1,1E:01:D0:40:E0:9E,6,0,NONE,2026-08-05T00:47:30.768054
45917,,-50,44,9386,3153,65844,44280,8951579,0,100,19,0,0,B0:CB:D8:C9:92:00,1,0,1,1E:01:D0:40:E0:9E,6,0,NONE,2026-08-05T00:47:30.923054
45917,,-67,27,864,3227,65844,44280,8951794,0,100,19,0,0,B0:CB:D8:C9:92:00,1,0,0,1E:01:D0:40:E0:9E,6,0,NONE,2026-08-05T00:47:31.138054
45917,DISASSOC,-81,13,4515,3,65844,44280,8951890,0,100,19,0,0,B0:CB:D8:C9:92:00,1,0,1,1E:01:D0:40:E0:9E,6,0,NONE,2026-08-05T00:47:31.234054
45917,,16,16,0,1023,65844,44280,8952086,0,100,19,0,0,B0:CB:D8:C9:92:00,1,0,0,1E:01:D0:40:E0:9E,6,0,NONE,2026-08-05T00:47:31.430054
45917,BEACON,-54,40,428,3174,65844,44280,8952276,0,100,19,0,0,B0:CB:D8:C9:92:00,1,0,1,1E:01:D0:40:E0:9E,6,0,NONE,2026-08-05T00:47:31.620054
45917,DISASSOC,-81,13,1811,32,65844,44280,8952447,0,100,19,0,0,B0:CB:D8:C9:92:00,1,0,1,1E:01:D0:40:E0:9E,6,0,NONE,2026-08-05T00:47:31.791054
45917,BEACON,-76,18,0,1844,65844,44280,8952688,0,100,19,0,0,B0:CB:D8:C9:92:00,1,0,0,1E:01:D0:40:E0:9E,6,0,NONE,2026-08-05T00:47:32.032054
45917,,-67,27,156,1677,65844,44280,8952819,0,100,19,0,0,B0:CB:D8:C9:92:00,1,0,1,1E:01:D0:40:E0:9E,6,0,NONE,2026-08-05T00:47:32.163054
45917,MGMT_OTHER,-66,28,3316,2027,65844,44280,8953027,0,100,19,0,0,B0:CB:D8:C9:92:00,1,0,1,1E:01:D0:40:E0:9E,6,0,NONE,2026-08-05T00:47:32.371054
45917,,-67,27,360,867,65844,44280,8953192,0,100,19,0,0,B0:CB:D8:C9:92:00,1,0,0,1E:01:D0:40:E0:9E,6,0,NONE,2026-08-05T00:47:32.536054
45917,,-69,25,6560,152,65844,44280,8953282,0,100,19,0,0,B0:CB:D8:C9:92:00,1,0,1,1E:01:D0:40:E0:9E,6,0,NONE,2026-08-05T00:47:32.626054
45917,,-70,24,9252,1599,65844,44280,8953404,0,100,19,0,0,B0:CB:D8:C9:92:00,1,0,1,1E:01:D0:40:E0:9E,6,0,NONE,2026-08-05T00:47:32.748054
45917,,-69,25,1267,3431,65844,44280,8953487,0,100,19,0,0,B0:CB:D8:C9:92:00,1,0,1,1E:01:D0:40:E0:9E,6,0,NONE,2026-08-05T00:47:32.831054
45917,BEACON,-75,19,0,1854,65844,44280,8953712,0,100,19,0,0,B0:CB:D8:C9:92:00,1,0,0,1E:01:D0:40:E0:9E,6,0,NONE,2026-08-05T00:47:33.056054
45917,,-48,46,88,3222,65844,44280,8954002,0,100,19,0,0,B0:CB:D8:C9:92:00,1,0,1,1E:01:D0:40:E0:9E,6,0,NONE,2026-08-05T00:47:33.346054
45917,MGMT_OTHER,-67,27,15273,2013,65844,44280,8954187,0,100,19,0,0,B0:CB:D8:C9:92:00,1,0,1,1E:01:D0:40:E0:9E,6,0,NONE,2026-08-05T00:47:33.531054
45917,,-49,45,609,3239,65844,44280,8954318,0,100,19,0,0,B0:CB:D8:C9:92:00,1,0,0,1E:01:D0:40:E0:9E,6,0,NONE,2026-08-05T00:47:33.662054
45917,,-66,28,1583,2448,65844,44280,8954432,0,100,19,0,0,B0:CB:D8:C9:92:00,1,0,1,1E:01:D0:40:E0:9E,6,0,NONE,2026-08-05T00:47:33.776054
45917,MGMT_OTHER,-66,28,881,156,65844,44280,8954550,0,100,19,0,0,B0:CB:D8:C9:92:00,1,0,1,1E:01:D0:40:E0:9E,6,0,NONE,2026-08-05T00:47:33.894054
45917,MGMT_OTHER,-66,28,4592,2267,65844,44280,8954735,0,100,19,0,0,B0:CB:D8:C9:92:00,1,0,1,1E:01:D0:40:E0:9E,6,0,NONE,2026-08-05T00:47:34.079054
45917,,-66,28,290,318,65844,44280,8954923,0,100,19,0,0,B0:CB:D8:C9:92:00,1,0,1,1E:01:D0:40:E0:9E,6,0,NONE,2026-08-05T00:47:34.267054
45917,,-81,13,11746,171,65844,44280,8955138,0,100,19,0,0,B0:CB:D8:C9:92:00,1,0,1,1E:01:D0:40:E0:9E,6,0,NONE,2026-08-05T00:47:34.482054
45917,MGMT_OTHER,-66,28,408,3431,65844,44280,8955253,0,100,19,0,0,B0:CB:D8:C9:92:00,1,0,1,1E:01:D0:40:E0:9E,6,0,NONE,2026-08-05T00:47:34.597054
45917,MGMT_OTHER,-69,25,0,3172,65844,44280,8955279,0,100,19,0,0,B0:CB:D8:C9:92:00,1,0,1,1E:01:D0:40:E0:9E,6,0,NONE,2026-08-05T00:47:34.623054
45917,,-66,28,1245,508,65844,44280,8955396,0,100,19,0,0,B0:CB:D8:C9:92:00,1,0,1,1E:01:D0:40:E0:9E,6,0,NONE,2026-08-05T00:47:34.740054
45917,,12,12,0,1023,65844,44280,8955469,0,100,19,0,0,B0:CB:D8:C9:92:00,1,0,0,1E:01:D0:40:E0:9E,6,0,NONE,2026-08-05T00:47:34.813054
45917,,-66,28,2519,3004,65844,44280,8955645,0,100,19,0,0,B0:CB:D8:C9:92:00,1,0,1,1E:01:D0:40:E0:9E,6,0,NONE,2026-08-05T00:47:34.989054
45917,,-69,25,355,342,65844,44280,8955789,0,100,19,0,0,B0:CB:D8:C9:92:00,1,0,1,1E:01:D0:40:E0:9E,6,0,NONE,2026-08-05T00:47:35.133054
45917,,-66,28,13654,318,65844,44280,8955927,0,100,19,0,0,B0:CB:D8:C9:92:00,1,0,1,1E:01:D0:40:E0:9E,6,0,NONE,2026-08-05T00:47:35.271054
45917,,-66,28,182,3691,65844,44280,8956171,0,100,19,0,0,B0:CB:D8:C9:92:00,1,0,1,1E:01:D0:40:E0:9E,6,0,NONE,2026-08-05T00:47:35.515054
45917,MGMT_OTHER,-66,28,314,2233,65844,44280,8956379,0,100,19,0,0,B0:CB:D8:C9:92:00,1,0,1,1E:01:D0:40:E0:9E,6,0,NONE,2026-08-05T00:47:35.723054
45917,,-88,6,15031,882,65844,44280,8956518,0,100,19,0,0,B0:CB:D8:C9:92:00,1,0,1,1E:01:D0:40:E0:9E,6,0,NONE,2026-08-05T00:47:35.862054
45917,,12,12,0,1023,65844,44280,8956701,0,100,19,0,0,B0:CB:D8:C9:92:00,1,0,1,1E:01:D0:40:E0:9E,6,0,NONE,2026-08-05T00:47:36.045054
45917,BEACON,-82,12,0,1922,65844,44280,8956886,0,100,19,0,0,B0:CB:D8:C9:92:00,1,0,1,1E:01:D0:40:E0:9E,6,0,NONE,2026-08-05T00:47:36.230054
45917,BEACON,-54,40,17741,3317,65844,44280,8957089,0,100,19,0,0,B0:CB:D8:C9:92:00,1,0,1,1E:01:D0:40:E0:9E,6,0,NONE,2026-08-05T00:47:36.433054
45917,,-69,25,796,2537,65844,44280,8957214,0,100,19,0,0,B0:CB:D8:C9:92:00,1,0,1,1E:01:D0:40:E0:9E,6,0,NONE,2026-08-05T00:47:36.558054
45917,,-69,25,314,3571,65844,44280,8957291,0,100,19,0,0,B0:CB:D8:C9:92:00,1,0,1,1E:01:D0:40:E0:9E,6,0,NONE,2026-08-05T00:47:36.635054
45917,,-69,25,3019,1100,65844,44280,8957416,0,100,19,0,0,B0:CB:D8:C9:92:00,1,0,1,1E:01:D0:40:E0:9E,6,0,NONE,2026-08-05T00:47:36.760054
45917,,-68,26,563,318,65844,44280,8957444,0,100,19,0,0,B0:CB:D8:C9:92:00,1,0,1,1E:01:D0:40:E0:9E,6,0,NONE,2026-08-05T00:47:36.787349
45917,MGMT_OTHER,-68,26,195,2986,65844,44280,8957549,0,100,19,0,0,B0:CB:D8:C9:92:00,1,0,0,1E:01:D0:40:E0:9E,6,0,NONE,2026-08-05T00:47:36.892349
45917,,-67,27,2303,318,65844,44280,8957734,0,100,19,0,0,B0:CB:D8:C9:92:00,1,0,1,1E:01:D0:40:E0:9E,6,0,NONE,2026-08-05T00:47:37.077349
45917,MGMT_OTHER,-68,26,6893,3771,65844,44280,8957921,0,100,19,0,0,B0:CB:D8:C9:92:00,1,0,1,1E:01:D0:40:E0:9E,6,0,NONE,2026-08-05T00:47:37.264349
45917,,11,11,0,1023,65844,44280,8958144,0,100,19,0,0,B0:CB:D8:C9:92:00,1,0,1,1E:01:D0:40:E0:9E,6,0,NONE,2026-08-05T00:47:37.487349
45917,,-67,27,260,1144,65844,44280,8958267,0,100,19,0,0,B0:CB:D8:C9:92:00,1,0,1,1E:01:D0:40:E0:9E,6,0,NONE,2026-08-05T00:47:37.610349
45917,,-82,12,225,158,65844,44280,8958370,0,100,19,0,0,B0:CB:D8:C9:92:00,1,0,1,1E:01:D0:40:E0:9E,6,0,NONE,2026-08-05T00:47:37.713349
45917,,14,14,0,1023,65844,44280,8958518,0,100,19,0,0,B0:CB:D8:C9:92:00,1,0,1,1E:01:D0:40:E0:9E,6,0,NONE,2026-08-05T00:47:37.861349
45917,,-67,27,2044,3711,65844,44280,8958630,0,100,19,0,0,B0:CB:D8:C9:92:00,1,0,1,1E:01:D0:40:E0:9E,6,0,NONE,2026-08-05T00:47:37.973349
45917,,-69,25,796,4029,65844,44280,8958751,0,100,19,0,0,B0:CB:D8:C9:92:00,1,0,1,1E:01:D0:40:E0:9E,6,0,NONE,2026-08-05T00:47:38.094349
45917,,-52,42,7511,466,65844,44280,8958953,0,100,19,0,0,B0:CB:D8:C9:92:00,1,0,1,1E:01:D0:40:E0:9E,6,0,NONE,2026-08-05T00:47:38.296349
45917,,-84,10,2576,3237,65844,44280,8959141,0,100,19,0,0,B0:CB:D8:C9:92:00,1,0,1,1E:01:D0:40:E0:9E,6,0,NONE,2026-08-05T00:47:38.484349
45917,MGMT_OTHER,-67,27,155,3921,65844,44280,8959281,0,100,19,0,0,B0:CB:D8:C9:92:00,1,0,1,1E:01:D0:40:E0:9E,6,0,NONE,2026-08-05T00:47:38.624349
45917,MGMT_OTHER,-67,27,172,3926,65844,44280,8959367,0,100,19,0,0,B0:CB:D8:C9:92:00,1,0,1,1E:01:D0:40:E0:9E,6,0,NONE,2026-08-05T00:47:38.710349
45917,MGMT_OTHER,-68,26,23664,599,65844,44280,8959471,0,100,19,0,0,B0:CB:D8:C9:92:00,1,0,1,1E:01:D0:40:E0:9E,6,0,NONE,2026-08-05T00:47:38.814349
45917,MGMT_OTHER,-67,27,158,1750,65844,44280,8959541,0,100,19,0,0,B0:CB:D8:C9:92:00,1,0,1,1E:01:D0:40:E0:9E,6,0,NONE,2026-08-05T00:47:38.884349
45917,BEACON,-88,6,8742,119,65844,44280,8959731,0,100,19,0,0,B0:CB:D8:C9:92:00,1,0,1,1E:01:D0:40:E0:9E,6,0,NONE,2026-08-05T00:47:39.074349
45917,,-69,25,1284,2448,65844,44280,8959901,0,100,19,0,0,B0:CB:D8:C9:92:00,1,0,1,1E:01:D0:40:E0:9E,6,0,NONE,2026-08-05T00:47:39.244349
45917,,-67,27,1439,920,65844,44280,8960107,0,100,19,0,0,B0:CB:D8:C9:92:00,1,0,1,1E:01:D0:40:E0:9E,6,0,NONE,2026-08-05T00:47:39.450349
45917,,-83,11,5928,931,65844,44280,8960283,0,100,19,0,0,B0:CB:D8:C9:92:00,1,0,1,1E:01:D0:40:E0:9E,6,0,NONE,2026-08-05T00:47:39.626349
45917,MGMT_OTHER,-68,26,0,1911,65844,44280,8960546,0,100,19,0,0,B0:CB:D8:C9:92:00,1,0,1,1E:01:D0:40:E0:9E,6,0,NONE,2026-08-05T00:47:39.889349
45917,MGMT_OTHER,-67,27,4588,171,65844,44280,8960668,0,100,19,0,0,B0:CB:D8:C9:92:00,1,0,1,1E:01:D0:40:E0:9E,6,0,NONE,2026-08-05T00:47:40.011349
45917,,-67,27,235,1625,65844,44280,8960815,0,100,19,0,0,B0:CB:D8:C9:92:00,1,0,1,1E:01:D0:40:E0:9E,6,0,NONE,2026-08-05T00:47:40.158349
45917,,-67,27,1034,2884,65844,44280,8961008,0,100,19,0,0,B0:CB:D8:C9:92:00,1,0,1,1E:01:D0:40:E0:9E,6,0,NONE,2026-08-05T00:47:40.351349
45917,BEACON,-56,38,0,3411,65844,44280,8961185,0,100,19,0,0,B0:CB:D8:C9:92:00,1,0,1,1E:01:D0:40:E0:9E,6,0,NONE,2026-08-05T00:47:40.528349
45917,MGMT_OTHER,-67,27,629,859,65844,44280,8961276,0,100,19,0,0,B0:CB:D8:C9:92:00,1,0,1,1E:01:D0:40:E0:9E,6,0,NONE,2026-08-05T00:47:40.619349
45917,,-70,24,479,2520,65844,44280,8961325,0,100,19,0,0,B0:CB:D8:C9:92:00,1,0,1,1E:01:D0:40:E0:9E,6,0,NONE,2026-08-05T00:47:40.668349
45917,,-70,24,728,3199,65844,44280,8961414,0,100,19,0,0,B0:CB:D8:C9:92:00,1,0,1,1E:01:D0:40:E0:9E,6,0,NONE,2026-08-05T00:47:40.757349
45917,BEACON,-76,18,0,1930,65844,44280,8961507,0,100,19,0,0,B0:CB:D8:C9:92:00,1,0,0,1E:01:D0:40:E0:9E,6,0,NONE,2026-08-05T00:47:40.850349
45917,,-69,25,1218,2448,65844,44280,8961637,0,100,19,0,0,B0:CB:D8:C9:92:00,1,0,1,1E:01:D0:40:E0:9E,6,0,NONE,2026-08-05T00:47:40.980349
45917,MGMT_OTHER,-72,22,6413,4059,65844,44280,8961779,0,100,19,0,0,B0:CB:D8:C9:92:00,1,0,1,1E:01:D0:40:E0:9E,6,0,NONE,2026-08-05T00:47:41.122349
45917,PROBE_RESP,-86,8,0,2,65844,44280,8961999,0,100,19,0,0,B0:CB:D8:C9:92:00,1,0,0,1E:01:D0:40:E0:9E,6,0,NONE,2026-08-05T00:47:41.342349
45917,MGMT_OTHER,-68,26,326,762,65844,44280,8962103,0,100,19,0,0,B0:CB:D8:C9:92:00,1,0,1,1E:01:D0:40:E0:9E,6,0,NONE,2026-08-05T00:47:41.446349
45917,,-50,44,0,3447,65844,44280,8962249,0,100,19,0,0,B0:CB:D8:C9:92:00,1,0,0,1E:01:D0:40:E0:9E,6,0,NONE,2026-08-05T00:47:41.592349
45917,,12,12,0,1023,65844,44280,8962350,0,100,19,0,0,B0:CB:D8:C9:92:00,1,0,0,1E:01:D0:40:E0:9E,6,0,NONE,2026-08-05T00:47:41.693349
45917,,-84,10,187,1291,65844,44280,8962454,0,100,19,0,0,B0:CB:D8:C9:92:00,1,0,1,1E:01:D0:40:E0:9E,6,0,NONE,2026-08-05T00:47:41.797349
45917,,-71,23,0,1930,65844,44280,8962548,0,100,19,0,0,B0:CB:D8:C9:92:00,1,0,1,1E:01:D0:40:E0:9E,6,0,NONE,2026-08-05T00:47:41.891349
45917,,10,10,0,1023,65844,44280,8962629,0,100,19,0,0,B0:CB:D8:C9:92:00,1,0,1,1E:01:D0:40:E0:9E,6,0,NONE,2026-08-05T00:47:41.972349
45917,,10,10,0,1023,65844,44280,8962817,0,100,19,0,0,B0:CB:D8:C9:92:00,1,0,0,1E:01:D0:40:E0:9E,6,0,NONE,2026-08-05T00:47:42.160349
45917,,-70,24,329,1977,65844,44280,8962938,0,100,19,0,0,B0:CB:D8:C9:92:00,1,0,1,1E:01:D0:40:E0:9E,6,0,NONE,2026-08-05T00:47:42.281349
45917,,-67,27,1336,3751,65844,44280,8963114,0,100,19,0,0,B0:CB:D8:C9:92:00,1,0,1,1E:01:D0:40:E0:9E,6,0,NONE,2026-08-05T00:47:42.457349
45917,,45,45,0,1023,65844,44280,8963241,0,100,19,0,0,B0:CB:D8:C9:92:00,1,0,1,1E:01:D0:40:E0:9E,6,0,NONE,2026-08-05T00:47:42.584349
45917,MGMT_OTHER,-85,9,232,78,65844,44280,8963282,0,100,19,0,0,B0:CB:D8:C9:92:00,1,0,1,1E:01:D0:40:E0:9E,6,0,NONE,2026-08-05T00:47:42.625349
45917,,-70,24,505,463,65844,44280,8963330,0,100,19,0,0,B0:CB:D8:C9:92:00,1,0,1,1E:01:D0:40:E0:9E,6,0,NONE,2026-08-05T00:47:42.673349
45917,MGMT_OTHER,-71,23,638,1194,65844,44280,8963447,0,100,19,0,0,B0:CB:D8:C9:92:00,1,0,1,1E:01:D0:40:E0:9E,6,0,NONE,2026-08-05T00:47:42.790349
45917,,-67,27,787,3823,65844,44280,8963473,0,100,19,0,0,B0:CB:D8:C9:92:00,1,0,1,1E:01:D0:40:E0:9E,6,0,NONE,2026-08-05T00:47:42.816349
45917,,-70,24,769,2897,65844,44280,8963691,0,100,19,0,0,B0:CB:D8:C9:92:00,1,0,1,1E:01:D0:40:E0:9E,6,0,NONE,2026-08-05T00:47:43.034349
45917,MGMT_OTHER,-71,23,8914,3953,65844,44280,8963879,0,100,19,0,0,B0:CB:D8:C9:92:00,1,0,1,1E:01:D0:40:E0:9E,6,0,NONE,2026-08-05T00:47:43.222349
45917,,10,10,0,1023,65844,44280,8964001,0,100,19,0,0,B0:CB:D8:C9:92:00,1,0,0,1E:01:D0:40:E0:9E,6,0,NONE,2026-08-05T00:47:43.344349
45917,,13,13,0,1023,65844,44280,8964100,0,100,19,0,0,B0:CB:D8:C9:92:00,1,0,0,1E:01:D0:40:E0:9E,6,0,NONE,2026-08-05T00:47:43.443349
45917,,-67,27,2003,1901,65844,44280,8964241,0,100,19,0,0,B0:CB:D8:C9:92:00,1,0,1,1E:01:D0:40:E0:9E,6,0,NONE,2026-08-05T00:47:43.584349
45917,,-70,24,846,1771,65328,44280,8964294,0,100,19,0,0,B0:CB:D8:C9:92:00,1,0,1,1E:01:D0:40:E0:9E,6,0,NONE,2026-08-05T00:47:43.637349
45917,,8,8,0,1023,65844,44280,8964366,0,100,19,0,0,B0:CB:D8:C9:92:00,1,0,1,1E:01:D0:40:E0:9E,6,0,NONE,2026-08-05T00:47:43.709349
45917,,-51,43,2991,3490,65828,44280,8964486,0,100,19,0,0,B0:CB:D8:C9:92:00,1,0,1,1E:01:D0:40:E0:9E,6,0,NONE,2026-08-05T00:47:43.829349
45917,,-68,26,269,2000,65844,44280,8964708,0,100,19,0,0,B0:CB:D8:C9:92:00,1,0,0,1E:01:D0:40:E0:9E,6,0,NONE,2026-08-05T00:47:44.051349
45917,PROBE_RESP,-66,28,20861,2194,65844,44280,8964905,0,100,19,0,0,B0:CB:D8:C9:92:00,1,0,1,1E:01:D0:40:E0:9E,6,0,NONE,2026-08-05T00:47:44.248349
45917,BEACON,-66,28,15961,1662,65844,44280,8965055,0,100,19,0,0,B0:CB:D8:C9:92:00,1,0,1,1E:01:D0:40:E0:9E,6,0,NONE,2026-08-05T00:47:44.398349
45917,PROBE_RESP,-89,5,0,0,65844,44280,8965183,0,100,19,0,0,B0:CB:D8:C9:92:00,1,0,0,1E:01:D0:40:E0:9E,6,0,NONE,2026-08-05T00:47:44.526349
45917,,-67,27,206,2865,65844,44280,8965268,0,100,19,0,0,B0:CB:D8:C9:92:00,1,0,1,1E:01:D0:40:E0:9E,6,0,NONE,2026-08-05T00:47:44.611349
45917,,-84,10,1193,2286,65844,44280,8965297,0,100,19,0,0,B0:CB:D8:C9:92:00,1,0,1,1E:01:D0:40:E0:9E,6,0,NONE,2026-08-05T00:47:44.640349
45917,,11,11,0,1023,65844,44280,8965364,0,100,19,0,0,B0:CB:D8:C9:92:00,1,0,1,1E:01:D0:40:E0:9E,6,0,NONE,2026-08-05T00:47:44.707349
45917,,-68,26,909,1324,65844,44280,8965524,0,100,19,0,0,B0:CB:D8:C9:92:00,1,0,1,1E:01:D0:40:E0:9E,6,0,NONE,2026-08-05T00:47:44.867349
45917,MGMT_OTHER,-68,26,801,2373,65844,44280,8965698,0,100,19,0,0,B0:CB:D8:C9:92:00,1,0,1,1E:01:D0:40:E0:9E,6,0,NONE,2026-08-05T00:47:45.041349
45917,,-51,43,3225,3514,65844,44280,8965829,0,100,19,0,0,B0:CB:D8:C9:92:00,1,0,1,1E:01:D0:40:E0:9E,6,0,NONE,2026-08-05T00:47:45.172349
45917,BEACON,-69,25,0,1672,65844,44280,8966080,0,100,19,0,0,B0:CB:D8:C9:92:00,1,0,1,1E:01:D0:40:E0:9E,6,0,NONE,2026-08-05T00:47:45.423349
45917,BEACON,-82,12,6817,2014,65844,44280,8966307,0,100,19,0,0,B0:CB:D8:C9:92:00,1,0,1,1E:01:D0:40:E0:9E,6,0,NONE,2026-08-05T00:47:45.650349
45917,,-67,27,1838,3010,65844,44280,8966579,0,100,19,0,0,B0:CB:D8:C9:92:00,1,0,1,1E:01:D0:40:E0:9E,6,0,NONE,2026-08-05T00:47:45.922349
45917,,12,12,0,1023,65844,44280,8966741,0,100,19,0,0,B0:CB:D8:C9:92:00,1,0,0,1E:01:D0:40:E0:9E,6,0,NONE,2026-08-05T00:47:46.084349
45917,,13,13,0,1023,65844,44280,8966858,0,100,19,0,0,B0:CB:D8:C9:92:00,1,0,0,1E:01:D0:40:E0:9E,6,0,NONE,2026-08-05T00:47:46.201349
45917,BEACON,-69,25,13382,1681,65844,44280,8967006,0,100,19,0,0,B0:CB:D8:C9:92:00,1,0,1,1E:01:D0:40:E0:9E,6,0,NONE,2026-08-05T00:47:46.349349
45917,MGMT_OTHER,-68,26,1283,217,65844,44280,8967148,0,100,19,0,0,B0:CB:D8:C9:92:00,0,0,1,1E:01:D0:40:E0:9E,6,0,NONE,2026-08-05T00:47:46.491349
45917,,-68,26,700,1004,65844,44280,8967257,0,100,19,0,0,B0:CB:D8:C9:92:00,1,0,1,1E:01:D0:40:E0:9E,6,0,NONE,2026-08-05T00:47:46.600349
45917,PROBE_RESP,-89,5,0,0,65844,44280,8967350,0,100,19,0,0,B0:CB:D8:C9:92:00,1,0,0,1E:01:D0:40:E0:9E,6,0,NONE,2026-08-05T00:47:46.693349
45917,MGMT_OTHER,-68,26,457,3437,65844,44280,8967472,0,100,19,0,0,B0:CB:D8:C9:92:00,1,0,1,1E:01:D0:40:E0:9E,6,0,NONE,2026-08-05T00:47:46.815349
45917,MGMT_OTHER,-70,24,12681,1049,65844,44280,8967660,0,100,19,0,0,B0:CB:D8:C9:92:00,1,0,1,1E:01:D0:40:E0:9E,6,0,NONE,2026-08-05T00:47:47.003349
45917,BEACON,-89,5,0,1118,65844,44280,8967909,0,100,19,0,0,B0:CB:D8:C9:92:00,1,0,1,1E:01:D0:40:E0:9E,6,0,NONE,2026-08-05T00:47:47.252349
45917,MGMT_OTHER,-70,24,164,3076,65844,44280,8968075,0,100,19,0,0,B0:CB:D8:C9:92:00,1,0,1,1E:01:D0:40:E0:9E,6,0,NONE,2026-08-05T00:47:47.418349
45917,,-71,23,4371,2885,65844,44280,8968257,0,100,19,0,0,B0:CB:D8:C9:92:00,1,0,1,1E:01:D0:40:E0:9E,6,0,NONE,2026-08-05T00:47:47.600349
45917,,-68,26,380,571,65844,44280,8968440,0,100,19,0,0,B0:CB:D8:C9:92:00,1,0,1,1E:01:D0:40:E0:9E,6,0,NONE,2026-08-05T00:47:47.783349
45917,MGMT_OTHER,-70,24,4123,3173,65844,44280,8968674,0,100,19,0,0,B0:CB:D8:C9:92:00,1,0,1,1E:01:D0:40:E0:9E,6,0,NONE,2026-08-05T00:47:48.017349
45917,BEACON,-73,21,0,2002,65844,44280,8968869,0,100,19,0,0,B0:CB:D8:C9:92:00,1,0,0,1E:01:D0:40:E0:9E,6,0,NONE,2026-08-05T00:47:48.212349
45917,,-68,26,2010,312,65844,44280,8969052,0,100,19,0,0,B0:CB:D8:C9:92:00,1,0,1,1E:01:D0:40:E0:9E,6,0,NONE,2026-08-05T00:47:48.395349
45917,,-49,45,181,3578,65776,44280,8969256,0,100,19,0,0,B0:CB:D8:C9:92:00,1,0,1,1E:01:D0:40:E0:9E,6,0,NONE,2026-08-05T00:47:48.599349
45917,MGMT_OTHER,-68,26,185,3511,65848,44280,8969304,0,100,19,0,0,B0:CB:D8:C9:92:00,1,0,1,1E:01:D0:40:E0:9E,6,0,NONE,2026-08-05T00:47:48.647349
45917,MGMT_OTHER,-69,25,370,2833,65848,44280,8969425,0,100,19,0,0,B0:CB:D8:C9:92:00,1,0,1,1E:01:D0:40:E0:9E,6,0,NONE,2026-08-05T00:47:48.768349
45917,MGMT_OTHER,-68,26,5395,1771,65848,44280,8969503,0,100,19,0,0,B0:CB:D8:C9:92:00,1,0,1,1E:01:D0:40:E0:9E,6,0,NONE,2026-08-05T00:47:48.846349
45917,,-68,26,2729,1563,65848,44280,8969737,0,100,19,0,0,B0:CB:D8:C9:92:00,1,0,1,1E:01:D0:40:E0:9E,6,0,NONE,2026-08-05T00:47:49.080349
45917,,-71,23,15965,422,65848,44280,8969891,0,100,19,0,0,B0:CB:D8:C9:92:00,1,0,1,1E:01:D0:40:E0:9E,6,0,NONE,2026-08-05T00:47:49.234349
45917,,-70,24,520,3495,65844,44280,8970100,0,100,19,0,0,B0:CB:D8:C9:92:00,1,0,1,1E:01:D0:40:E0:9E,6,0,NONE,2026-08-05T00:47:49.443349
45917,BEACON,-68,26,0,1714,65844,44280,8970383,0,100,19,0,0,B0:CB:D8:C9:92:00,1,0,1,1E:01:D0:40:E0:9E,6,0,NONE,2026-08-05T00:47:49.726349
45917,MGMT_OTHER,-67,27,10437,4047,65844,44280,8970571,0,100,19,0,0,B0:CB:D8:C9:92:00,1,0,1,1E:01:D0:40:E0:9E,6,0,NONE,2026-08-05T00:47:49.914349
45917,MGMT_OTHER,-68,26,8750,3758,65844,44280,8970674,0,100,19,0,0,B0:CB:D8:C9:92:00,1,0,1,1E:01:D0:40:E0:9E,6,0,NONE,2026-08-05T00:47:50.017349
45917,PROBE_RESP,-87,7,0,0,65844,44280,8970832,0,100,19,0,0,B0:CB:D8:C9:92:00,1,0,0,1E:01:D0:40:E0:9E,6,0,NONE,2026-08-05T00:47:50.175349
45917,,-51,43,5295,3607,65844,44280,8970993,0,100,19,0,0,B0:CB:D8:C9:92:00,1,0,1,1E:01:D0:40:E0:9E,6,0,NONE,2026-08-05T00:47:50.336349
45917,,-70,24,995,2882,65844,44280,8971203,0,100,19,0,0,B0:CB:D8:C9:92:00,1,0,1,1E:01:D0:40:E0:9E,6,0,NONE,2026-08-05T00:47:50.546349
45917,MGMT_OTHER,-68,26,301,2079,65844,44280,8971356,0,100,19,0,0,B0:CB:D8:C9:92:00,1,0,1,1E:01:D0:40:E0:9E,6,0,NONE,2026-08-05T00:47:50.699349
45917,MGMT_OTHER,-69,25,290,2833,65844,44280,8971442,0,100,19,0,0,B0:CB:D8:C9:92:00,1,0,1,1E:01:D0:40:E0:9E,6,0,NONE,2026-08-05T00:47:50.785349
45917,,-68,26,1679,2076,65844,44280,8971532,0,100,19,0,0,B0:CB:D8:C9:92:00,1,0,0,1E:01:D0:40:E0:9E,6,0,NONE,2026-08-05T00:47:50.875349
45917,,-68,26,1361,1545,65844,44280,8971636,0,100,19,0,0,B0:CB:D8:C9:92:00,1,0,1,1E:01:D0:40:E0:9E,6,0,NONE,2026-08-05T00:47:50.979349
45917,,-68,26,836,594,65844,44280,8971680,0,100,19,0,0,B0:CB:D8:C9:92:00,1,0,1,1E:01:D0:40:E0:9E,6,0,NONE,2026-08-05T00:47:51.023349
45917,MGMT_OTHER,-68,26,1061,3346,65844,44280,8971775,0,100,19,0,0,B0:CB:D8:C9:92:00,1,0,1,1E:01:D0:40:E0:9E,6,0,NONE,2026-08-05T00:47:51.118349
45917,MGMT_OTHER,-68,26,882,2398,65844,44280,8971922,0,100,19,0,0,B0:CB:D8:C9:92:00,1,0,1,1E:01:D0:40:E0:9E,6,0,NONE,2026-08-05T00:47:51.265349
45917,MGMT_OTHER,-68,26,804,2856,65844,44280,8972182,0,100,19,0,0,B0:CB:D8:C9:92:00,1,0,1,1E:01:D0:40:E0:9E,6,0,NONE,2026-08-05T00:47:51.525349
45917,MGMT_OTHER,-70,24,6497,3753,65844,44280,8972328,0,100,19,0,0,B0:CB:D8:C9:92:00,1,0,1,1E:01:D0:40:E0:9E,6,0,NONE,2026-08-05T00:47:51.671349
45917,MGMT_OTHER,-69,25,7423,515,65844,44280,8972482,0,100,19,0,0,B0:CB:D8:C9:92:00,1,0,1,1E:01:D0:40:E0:9E,6,0,NONE,2026-08-05T00:47:51.825349
45917,BEACON,-83,11,5578,2076,65844,44280,8972657,0,100,19,0,0,B0:CB:D8:C9:92:00,1,0,1,1E:01:D0:40:E0:9E,6,0,NONE,2026-08-05T00:47:52.000349
45917,BEACON,-88,6,21313,248,65844,44280,8972933,0,100,19,0,0,B0:CB:D8:C9:92:00,1,0,1,1E:01:D0:40:E0:9E,6,0,NONE,2026-08-05T00:47:52.276349
45917,,-91,3,440,1555,65844,44280,8973057,0,100,19,0,0,B0:CB:D8:C9:92:00,1,0,1,1E:01:D0:40:E0:9E,6,0,NONE,2026-08-05T00:47:52.400349
45917,MGMT_OTHER,-69,25,1615,276,65844,44280,8973212,0,100,19,0,0,B0:CB:D8:C9:92:00,1,0,1,1E:01:D0:40:E0:9E,6,0,NONE,2026-08-05T00:47:52.555349
45917,,14,14,0,1023,65844,44280,8973309,0,100,19,0,0,B0:CB:D8:C9:92:00,1,0,1,1E:01:D0:40:E0:9E,6,0,NONE,2026-08-05T00:47:52.652349
45917,BEACON,-67,27,22257,1744,65844,44280,8973452,0,100,19,0,0,B0:CB:D8:C9:92:00,1,0,1,1E:01:D0:40:E0:9E,6,0,NONE,2026-08-05T00:47:52.795349
45917,,-49,45,97,3654,64112,44280,8973613,0,100,19,0,0,B0:CB:D8:C9:92:00,1,0,1,1E:01:D0:40:E0:9E,6,0,NONE,2026-08-05T00:47:52.956349
45917,,-50,44,1656,879,65608,44280,8973887,0,100,19,0,0,B0:CB:D8:C9:92:00,1,0,1,1E:01:D0:40:E0:9E,6,0,NONE,2026-08-05T00:47:53.230349
45917,,14,14,0,1023,65844,44280,8974027,0,100,19,0,0,B0:CB:D8:C9:92:00,1,0,0,1E:01:D0:40:E0:9E,6,0,NONE,2026-08-05T00:47:53.370349
45917,,-69,25,1413,2251,65844,44280,8974296,0,100,19,0,0,B0:CB:D8:C9:92:00,1,0,1,1E:01:D0:40:E0:9E,6,0,NONE,2026-08-05T00:47:53.639349
45917,MGMT_OTHER,-68,26,379,2655,65844,44280,8974421,0,100,19,0,0,B0:CB:D8:C9:92:00,1,0,1,1E:01:D0:40:E0:9E,6,0,NONE,2026-08-05T00:47:53.764349
45917,,-68,26,1630,1564,65844,44280,8974646,0,100,19,0,0,B0:CB:D8:C9:92:00,1,0,1,1E:01:D0:40:E0:9E,6,0,NONE,2026-08-05T00:47:53.989349
45917,,-69,25,382,4015,65844,44280,8974817,0,100,19,0,0,B0:CB:D8:C9:92:00,1,0,1,1E:01:D0:40:E0:9E,6,0,NONE,2026-08-05T00:47:54.160349
45917,,-68,26,9272,1827,65844,44280,8975000,0,100,19,0,0,B0:CB:D8:C9:92:00,1,0,1,1E:01:D0:40:E0:9E,6,0,NONE,2026-08-05T00:47:54.343349
45917,BEACON,-86,8,0,270,65844,44280,8975186,0,100,19,0,0,B0:CB:D8:C9:92:00,1,0,1,1E:01:D0:40:E0:9E,6,0,NONE,2026-08-05T00:47:54.529349
45917,,-67,27,358,2677,65844,44280,8975233,0,100,19,0,0,B0:CB:D8:C9:92:00,1,0,1,1E:01:D0:40:E0:9E,6,0,NONE,2026-08-05T00:47:54.576349
45917,,-68,26,206,2022,65844,44280,8975309,0,100,19,0,0,B0:CB:D8:C9:92:00,1,0,1,1E:01:D0:40:E0:9E,6,0,NONE,2026-08-05T00:47:54.652349
45917,,-68,26,159,3750,65844,44280,8975448,0,100,19,0,0,B0:CB:D8:C9:92:00,1,0,0,1E:01:D0:40:E0:9E,6,0,NONE,2026-08-05T00:47:54.791349
45917,,-68,26,555,953,65844,44280,8975549,0,100,19,0,0,B0:CB:D8:C9:92:00,1,0,1,1E:01:D0:40:E0:9E,6,0,NONE,2026-08-05T00:47:54.892349
45917,BEACON,-62,32,2175,1783,65844,44280,8975705,0,100,19,0,0,B0:CB:D8:C9:92:00,1,0,1,1E:01:D0:40:E0:9E,6,0,NONE,2026-08-05T00:47:55.048349
45917,BEACON,-82,12,5808,2108,65844,44280,8975933,0,100,19,0,0,B0:CB:D8:C9:92:00,1,0,1,1E:01:D0:40:E0:9E,6,0,NONE,2026-08-05T00:47:55.276349
45917,,-68,26,191,3823,65844,44280,8976123,0,100,19,0,0,B0:CB:D8:C9:92:00,1,0,1,1E:01:D0:40:E0:9E,6,0,NONE,2026-08-05T00:47:55.466349
45917,MGMT_OTHER,-69,25,3486,3104,65844,44280,8976311,0,100,19,0,0,B0:CB:D8:C9:92:00,1,0,1,1E:01:D0:40:E0:9E,6,0,NONE,2026-08-05T00:47:55.654349
45917,DEAUTH,-69,25,889,1606,65844,44280,8976462,0,100,19,0,0,B0:CB:D8:C9:92:00,1,0,1,1E:01:D0:40:E0:9E,6,0,NONE,2026-08-05T00:47:55.805349
45917,BEACON,-90,4,1960,285,65844,44280,8976728,0,100,19,0,0,B0:CB:D8:C9:92:00,1,0,1,1E:01:D0:40:E0:9E,6,0,NONE,2026-08-05T00:47:56.071349
45917,BEACON,-64,30,36201,1796,65844,44280,8977036,0,100,19,0,0,B0:CB:D8:C9:92:00,1,0,1,1E:01:D0:40:E0:9E,6,0,NONE,2026-08-05T00:47:56.379349
45917,,-67,27,3467,2096,65844,44280,8977244,0,100,19,0,0,B0:CB:D8:C9:92:00,1,0,1,1E:01:D0:40:E0:9E,6,0,NONE,2026-08-05T00:47:56.587349
45917,MGMT_OTHER,-68,26,208,3665,65844,44280,8977292,0,100,19,0,0,B0:CB:D8:C9:92:00,1,0,1,1E:01:D0:40:E0:9E,6,0,NONE,2026-08-05T00:47:56.635349
45917,,-65,29,299,264,65844,44280,8977392,0,100,19,0,0,B0:CB:D8:C9:92:00,1,0,1,1E:01:D0:40:E0:9E,6,0,NONE,2026-08-05T00:47:56.735349
45917,,-64,30,2767,616,65844,44280,8977476,0,100,19,0,0,B0:CB:D8:C9:92:00,1,0,1,1E:01:D0:40:E0:9E,6,0,NONE,2026-08-05T00:47:56.819349
45917,MGMT_OTHER,-64,30,5590,3912,65844,44280,8977581,0,100,19,0,0,B0:CB:D8:C9:92:00,1,0,0,1E:01:D0:40:E0:9E,6,0,NONE,2026-08-05T00:47:56.924349
45917,,-64,30,1302,2049,65844,44280,8977794,0,100,19,0,0,B0:CB:D8:C9:92:00,1,0,1,1E:01:D0:40:E0:9E,6,0,NONE,2026-08-05T00:47:57.137349
45917,,-69,25,8392,1140,65844,44280,8977999,0,100,19,0,0,B0:CB:D8:C9:92:00,1,0,1,1E:01:D0:40:E0:9E,6,0,NONE,2026-08-05T00:47:57.342349
45917,,-49,45,14465,3741,65828,44280,8978255,0,100,19,0,0,B0:CB:D8:C9:92:00,1,0,0,1E:01:D0:40:E0:9E,6,0,NONE,2026-08-05T00:47:57.598349
45917,MGMT_OTHER,-68,26,303,896,65844,44280,8978408,0,100,19,0,0,B0:CB:D8:C9:92:00,1,0,1,1E:01:D0:40:E0:9E,6,0,NONE,2026-08-05T00:47:57.751349
45917,MGMT_OTHER,-68,26,321,3133,65844,44280,8978595,0,100,19,0,0,B0:CB:D8:C9:92:00,1,0,1,1E:01:D0:40:E0:9E,6,0,NONE,2026-08-05T00:47:57.938349
45917,BEACON,-61,33,17362,1812,65844,44280,8978679,0,100,19,0,0,B0:CB:D8:C9:92:00,1,0,1,1E:01:D0:40:E0:9E,6,0,NONE,2026-08-05T00:47:58.022349
45917,,-68,26,256,3338,65844,44280,8978822,0,100,19,0,0,B0:CB:D8:C9:92:00,1,0,1,1E:01:D0:40:E0:9E,6,0,NONE,2026-08-05T00:47:58.165349
45917,,-87,7,16174,2691,65844,44280,8979042,0,100,19,0,0,B0:CB:D8:C9:92:00,1,0,1,1E:01:D0:40:E0:9E,6,0,NONE,2026-08-05T00:47:58.385349
45917,MGMT_OTHER,-65,29,159,427,65844,44280,8979232,0,100,19,0,0,B0:CB:D8:C9:92:00,1,0,1,1E:01:D0:40:E0:9E,6,0,NONE,2026-08-05T00:47:58.575349
45917,MGMT_OTHER,-65,29,1217,3055,65844,44280,8979305,0,100,19,0,0,B0:CB:D8:C9:92:00,1,0,1,1E:01:D0:40:E0:9E,6,0,NONE,2026-08-05T00:47:58.648349
45917,MGMT_OTHER,-67,27,3231,1204,65844,44280,8979364,0,100,19,0,0,B0:CB:D8:C9:92:00,1,0,1,1E:01:D0:40:E0:9E,6,0,NONE,2026-08-05T00:47:58.707349
45917,MGMT_OTHER,-68,26,824,1727,65844,44280,8979523,0,100,19,0,0,B0:CB:D8:C9:92:00,1,0,1,1E:01:D0:40:E0:9E,6,0,NONE,2026-08-05T00:47:58.866349
45917,,-66,28,5482,3704,65844,44280,8979702,0,100,19,0,0,B0:CB:D8:C9:92:00,1,0,1,1E:01:D0:40:E0:9E,6,0,NONE,2026-08-05T00:47:59.045349
45917,PROBE_RESP,-90,4,0,0,65844,44280,8979794,0,100,19,0,0,B0:CB:D8:C9:92:00,1,0,0,1E:01:D0:40:E0:9E,6,0,NONE,2026-08-05T00:47:59.137349
45917,MGMT_OTHER,-66,28,1516,3623,65844,44280,8980008,0,100,19,0,0,B0:CB:D8:C9:92:00,1,0,1,1E:01:D0:40:E0:9E,6,0,NONE,2026-08-05T00:47:59.351349
45917,,11,11,0,1023,65844,44280,8980139,0,100,19,0,0,B0:CB:D8:C9:92:00,1,0,0,1E:01:D0:40:E0:9E,6,0,NONE,2026-08-05T00:47:59.482349
45917,MGMT_OTHER,-66,28,3139,2492,65844,44280,8980416,0,100,19,0,0,B0:CB:D8:C9:92:00,1,0,1,1E:01:D0:40:E0:9E,6,0,NONE,2026-08-05T00:47:59.759349
45917,MGMT_OTHER,-68,26,832,2855,65844,44280,8980639,0,100,19,0,0,B0:CB:D8:C9:92:00,1,0,1,1E:01:D0:40:E0:9E,6,0,NONE,2026-08-05T00:47:59.982349
45917,,-85,9,1286,0,65844,44280,8980841,0,100,19,0,0,B0:CB:D8:C9:92:00,1,0,0,1E:01:D0:40:E0:9E,6,0,NONE,2026-08-05T00:48:00.184349
45917,MGMT_OTHER,-68,26,330,2734,65844,44280,8981102,0,100,19,0,0,B0:CB:D8:C9:92:00,1,0,1,1E:01:D0:40:E0:9E,6,0,NONE,2026-08-05T00:48:00.445349
45917,MGMT_OTHER,-65,29,461,480,65844,44280,8981267,0,100,19,0,0,B0:CB:D8:C9:92:00,1,0,1,1E:01:D0:40:E0:9E,6,0,NONE,2026-08-05T00:48:00.610349
45917,BEACON,-84,10,366,2161,65844,44280,8981361,0,100,19,0,0,B0:CB:D8:C9:92:00,1,0,1,1E:01:D0:40:E0:9E,6,0,NONE,2026-08-05T00:48:00.704349
45917,,4,4,0,1023,65844,44280,8981455,0,100,19,0,0,B0:CB:D8:C9:92:00,1,0,1,1E:01:D0:40:E0:9E,6,0,NONE,2026-08-05T00:48:00.798349
45917,,-67,27,7934,217,65844,44280,8981505,0,100,19,0,0,B0:CB:D8:C9:92:00,1,0,1,1E:01:D0:40:E0:9E,6,0,NONE,2026-08-05T00:48:00.848349
45917,MGMT_OTHER,-68,26,5602,1301,65844,44280,8981674,0,100,19,0,0,B0:CB:D8:C9:92:00,1,0,1,1E:01:D0:40:E0:9E,6,0,NONE,2026-08-05T00:48:01.017349
45917,,-49,45,0,3810,65844,44280,8981774,0,100,19,0,0,B0:CB:D8:C9:92:00,1,0,0,1E:01:D0:40:E0:9E,6,0,NONE,2026-08-05T00:48:01.117349
45917,,-67,27,7110,751,65844,44280,8982061,0,100,19,0,0,B0:CB:D8:C9:92:00,1,0,1,1E:01:D0:40:E0:9E,6,0,NONE,2026-08-05T00:48:01.404349
45917,PROBE_RESP,-79,15,0,1,65844,44280,8982233,0,100,19,0,0,B0:CB:D8:C9:92:00,1,0,0,1E:01:D0:40:E0:9E,6,0,NONE,2026-08-05T00:48:01.576349
45917,,9,9,0,1023,65844,44280,8982490,0,100,19,0,0,B0:CB:D8:C9:92:00,1,0,1,1E:01:D0:40:E0:9E,6,0,NONE,2026-08-05T00:48:01.833349
45917,BEACON,-80,14,0,2137,65844,44280,8982693,0,100,19,0,0,B0:CB:D8:C9:92:00,1,0,0,1E:01:D0:40:E0:9E,6,0,NONE,2026-08-05T00:48:02.036349
45917,,-50,44,2329,3838,65844,44280,8982845,0,100,19,0,0,B0:CB:D8:C9:92:00,1,0,1,1E:01:D0:40:E0:9E,6,0,NONE,2026-08-05T00:48:02.188349
45917,,-67,27,11897,2349,65844,44280,8983193,0,100,19,0,0,B0:CB:D8:C9:92:00,1,0,1,1E:01:D0:40:E0:9E,6,0,NONE,2026-08-05T00:48:02.536349
45917,MGMT_OTHER,-67,27,981,1067,65844,44280,8983288,0,100,19,0,0,B0:CB:D8:C9:92:00,1,0,1,1E:01:D0:40:E0:9E,6,0,NONE,2026-08-05T00:48:02.631349
45917,MGMT_OTHER,-66,28,379,2897,65844,44280,8983438,0,100,19,0,0,B0:CB:D8:C9:92:00,1,0,1,1E:01:D0:40:E0:9E,6,0,NONE,2026-08-05T00:48:02.781349
45917,MGMT_OTHER,-67,27,1956,795,65844,44280,8983525,0,100,19,0,0,B0:CB:D8:C9:92:00,1,0,1,1E:01:D0:40:E0:9E,6,0,NONE,2026-08-05T00:48:02.868349
45917,,9,9,0,1023,65844,44280,8983753,0,100,19,0,0,B0:CB:D8:C9:92:00,1,0,1,1E:01:D0:40:E0:9E,6,0,NONE,2026-08-05T00:48:03.096349
45917,PROBE_RESP,-78,16,0,0,65844,44280,8983856,0,100,19,0,0,B0:CB:D8:C9:92:00,1,0,0,1E:01:D0:40:E0:9E,6,0,NONE,2026-08-05T00:48:03.199349
45917,MGMT_OTHER,-67,27,772,860,65844,44280,8984170,0,100,19,0,0,B0:CB:D8:C9:92:00,1,0,1,1E:01:D0:40:E0:9E,6,0,NONE,2026-08-05T00:48:03.513349
45917,,-66,28,25920,3105,65844,44280,8984359,0,100,19,0,0,B0:CB:D8:C9:92:00,1,0,1,1E:01:D0:40:E0:9E,6,0,NONE,2026-08-05T00:48:03.702349
45917,,-66,28,8720,815,65844,44280,8984637,0,100,19,0,0,B0:CB:D8:C9:92:00,1,0,1,1E:01:D0:40:E0:9E,6,0,NONE,2026-08-05T00:48:03.980349
45917,,-49,45,0,3878,65844,44280,8984752,0,100,19,0,0,B0:CB:D8:C9:92:00,1,0,0,1E:01:D0:40:E0:9E,6,0,NONE,2026-08-05T00:48:04.095349
45917,,-64,30,708,1098,65844,44280,8984994,0,100,19,0,0,B0:CB:D8:C9:92:00,1,0,1,1E:01:D0:40:E0:9E,6,0,NONE,2026-08-05T00:48:04.337349
45917,MGMT_OTHER,-66,28,720,2047,65844,44280,8985238,0,100,19,0,0,B0:CB:D8:C9:92:00,1,0,1,1E:01:D0:40:E0:9E,6,0,NONE,2026-08-05T00:48:04.581349
45917,MGMT_OTHER,-65,29,689,2140,65844,44280,8985342,0,100,19,0,0,B0:CB:D8:C9:92:00,0,0,1,1E:01:D0:40:E0:9E,6,0,NONE,2026-08-05T00:48:04.685349
45917,BEACON,-83,11,1101,2201,65844,44280,8985457,0,100,19,0,0,B0:CB:D8:C9:92:00,1,0,1,1E:01:D0:40:E0:9E,6,0,NONE,2026-08-05T00:48:04.800349
45917,MGMT_OTHER,-64,30,671,2413,65844,44280,8985562,0,100,19,0,0,B0:CB:D8:C9:92:00,1,0,1,1E:01:D0:40:E0:9E,6,0,NONE,2026-08-05T00:48:04.905349
45917,,-87,7,731,222,65844,44280,8985665,0,100,19,0,0,B0:CB:D8:C9:92:00,1,0,0,1E:01:D0:40:E0:9E,6,0,NONE,2026-08-05T00:48:05.008349
45917,,-66,28,11400,595,65844,44280,8985880,0,100,19,0,0,B0:CB:D8:C9:92:00,1,0,0,1E:01:D0:40:E0:9E,6,0,NONE,2026-08-05T00:48:05.223349
45917,,-92,2,8833,3810,65844,44280,8986164,0,100,19,0,0,B0:CB:D8:C9:92:00,1,0,1,1E:01:D0:40:E0:9E,6,0,NONE,2026-08-05T00:48:05.507349
45917,,-49,45,287,2795,65844,44280,8986430,0,100,19,0,0,B0:CB:D8:C9:92:00,1,0,1,1E:01:D0:40:E0:9E,6,0,NONE,2026-08-05T00:48:05.773349
45917,,-65,29,578,1468,65844,44280,8986726,0,100,19,0,0,B0:CB:D8:C9:92:00,1,0,1,1E:01:D0:40:E0:9E,6,0,NONE,2026-08-05T00:48:06.069349
45917,MGMT_OTHER,-68,26,4337,72,65844,44280,8987025,0,100,19,0,0,B0:CB:D8:C9:92:00,1,0,1,1E:01:D0:40:E0:9E,6,0,NONE,2026-08-05T00:48:06.368349
45917,,-66,28,325,1652,65844,44280,8987200,0,100,19,0,0,B0:CB:D8:C9:92:00,1,0,1,1E:01:D0:40:E0:9E,6,0,NONE,2026-08-05T00:48:06.543349
45917,MGMT_OTHER,-65,29,0,532,65844,44280,8987310,0,100,19,0,0,B0:CB:D8:C9:92:00,1,0,1,1E:01:D0:40:E0:9E,6,0,NONE,2026-08-05T00:48:06.653349
45917,MGMT_OTHER,-67,27,3065,3486,65844,44280,8987402,0,100,19,0,0,B0:CB:D8:C9:92:00,1,0,1,1E:01:D0:40:E0:9E,6,0,NONE,2026-08-05T00:48:06.745349
45917,MGMT_OTHER,-65,29,4441,633,65844,44280,8987494,0,100,19,0,0,B0:CB:D8:C9:92:00,1,0,1,1E:01:D0:40:E0:9E,6,0,NONE,2026-08-05T00:48:06.837349
45917,PROBE_RESP,-81,13,0,48,65844,44280,8987620,0,100,19,0,0,B0:CB:D8:C9:92:00,1,0,0,1E:01:D0:40:E0:9E,6,0,NONE,2026-08-05T00:48:06.963349
45917,,-66,28,185,1351,65844,44280,8987844,0,100,19,0,0,B0:CB:D8:C9:92:00,1,0,1,1E:01:D0:40:E0:9E,6,0,NONE,2026-08-05T00:48:07.187349
45917,PROBE_RESP,-88,6,0,1,65844,44280,8987954,0,100,19,0,0,B0:CB:D8:C9:92:00,1,0,0,1E:01:D0:40:E0:9E,6,0,NONE,2026-08-05T00:48:07.297349
45917,,-66,28,568,2845,65844,44280,8988263,0,100,19,0,0,B0:CB:D8:C9:92:00,1,0,1,1E:01:D0:40:E0:9E,6,0,NONE,2026-08-05T00:48:07.606349
45917,MGMT_OTHER,-67,27,524,1000,65844,44280,8988451,0,100,19,0,0,B0:CB:D8:C9:92:00,1,0,1,1E:01:D0:40:E0:9E,6,0,NONE,2026-08-05T00:48:07.794349
45917,PROBE_RESP,-79,15,0,1,65844,44280,8988671,0,100,19,0,0,B0:CB:D8:C9:92:00,1,0,0,1E:01:D0:40:E0:9E,6,0,NONE,2026-08-05T00:48:08.014349
45917,,-68,26,0,2034,65844,44280,8988955,0,100,19,0,0,B0:CB:D8:C9:92:00,1,0,1,1E:01:D0:40:E0:9E,6,0,NONE,2026-08-05T00:48:08.298349
45917,MGMT_OTHER,-63,31,1099,1004,65844,44280,8989250,0,100,19,0,0,B0:CB:D8:C9:92:00,1,0,1,1E:01:D0:40:E0:9E,6,0,NONE,2026-08-05T00:48:08.593349
45917,MGMT_OTHER,-65,29,406,2581,65844,44280,8989347,0,100,19,0,0,B0:CB:D8:C9:92:00,1,0,1,1E:01:D0:40:E0:9E,6,0,NONE,2026-08-05T00:48:08.690349
45917,MGMT_OTHER,-68,26,269,3320,65844,44280,8989437,0,100,19,0,0,B0:CB:D8:C9:92:00,1,0,1,1E:01:D0:40:E0:9E,6,0,NONE,2026-08-05T00:48:08.780349
45917,MGMT_OTHER,-68,26,478,3772,65844,44280,8989544,0,100,19,0,0,B0:CB:D8:C9:92:00,1,0,1,1E:01:D0:40:E0:9E,6,0,NONE,2026-08-05T00:48:08.887349
45917,,-48,46,1981,564,65844,44280,8989641,0,100,19,0,0,B0:CB:D8:C9:92:00,1,0,0,1E:01:D0:40:E0:9E,6,0,NONE,2026-08-05T00:48:08.984349
45917,,-68,26,251,1673,65844,44280,8989700,0,100,19,0,0,B0:CB:D8:C9:92:00,1,0,1,1E:01:D0:40:E0:9E,6,0,NONE,2026-08-05T00:48:09.043349
45917,MGMT_OTHER,-68,26,1027,3213,65844,44280,8989879,0,100,19,0,0,B0:CB:D8:C9:92:00,0,0,1,1E:01:D0:40:E0:9E,6,0,NONE,2026-08-05T00:48:09.222349
45917,MGMT_OTHER,-67,27,3514,1425,65844,44280,8990059,0,100,19,0,0,B0:CB:D8:C9:92:00,1,0,1,1E:01:D0:40:E0:9E,6,0,NONE,2026-08-05T00:48:09.402349
45917,PROBE_RESP,-75,19,92,0,65844,44280,8990220,0,100,19,0,0,B0:CB:D8:C9:92:00,1,0,1,1E:01:D0:40:E0:9E,6,0,NONE,2026-08-05T00:48:09.563349
45917,,-69,25,10525,3658,65844,44280,8990417,0,100,19,0,0,B0:CB:D8:C9:92:00,1,0,1,1E:01:D0:40:E0:9E,6,0,NONE,2026-08-05T00:48:09.760349
45917,BEACON,-80,14,12016,2252,65844,44280,8990680,0,100,19,0,0,B0:CB:D8:C9:92:00,1,0,1,1E:01:D0:40:E0:9E,6,0,NONE,2026-08-05T00:48:10.023349
45917,BEACON,-80,14,1684,2254,65844,44280,8990885,0,100,19,0,0,B0:CB:D8:C9:92:00,1,0,1,1E:01:D0:40:E0:9E,6,0,NONE,2026-08-05T00:48:10.228349
45917,,-68,26,924,3610,65844,44280,8991106,0,100,19,0,0,B0:CB:D8:C9:92:00,1,0,1,1E:01:D0:40:E0:9E,6,0,NONE,2026-08-05T00:48:10.449349
45917,MGMT_OTHER,-68,26,226,358,65844,44280,8991231,0,100,19,0,0,B0:CB:D8:C9:92:00,1,0,1,1E:01:D0:40:E0:9E,6,0,NONE,2026-08-05T00:48:10.574349
45917,MGMT_OTHER,-68,26,1048,3365,65844,44280,8991414,0,100,19,0,0,B0:CB:D8:C9:92:00,1,0,1,1E:01:D0:40:E0:9E,6,0,NONE,2026-08-05T00:48:10.757349
45917,PROBE_RESP,-66,28,0,2213,65844,44280,8991616,0,100,19,0,0,B0:CB:D8:C9:92:00,1,0,0,1E:01:D0:40:E0:9E,6,0,NONE,2026-08-05T00:48:10.959349
45917,BEACON,-54,40,0,4033,65796,44280,8991701,0,100,19,0,0,B0:CB:D8:C9:92:00,1,0,1,1E:01:D0:40:E0:9E,6,0,NONE,2026-08-05T00:48:11.044349
45917,MGMT_OTHER,-68,26,784,4034,65844,44280,8991751,0,100,19,0,0,B0:CB:D8:C9:92:00,1,0,1,1E:01:D0:40:E0:9E,6,0,NONE,2026-08-05T00:48:11.094349
45917,,-48,46,1409,577,65844,44280,8992012,0,100,19,0,0,B0:CB:D8:C9:92:00,1,0,1,1E:01:D0:40:E0:9E,6,0,NONE,2026-08-05T00:48:11.355349
45917,PROBE_RESP,-89,5,0,3,65844,44280,8992184,0,100,19,0,0,B0:CB:D8:C9:92:00,1,0,0,1E:01:D0:40:E0:9E,6,0,NONE,2026-08-05T00:48:11.527349
45917,MGMT_OTHER,-93,1,1370,2487,65844,44280,8992327,0,100,19,0,0,B0:CB:D8:C9:92:00,1,0,1,1E:01:D0:40:E0:9E,6,0,NONE,2026-08-05T00:48:11.670349
45917,PROBE_RESP,-77,17,0,0,65844,44280,8992464,0,100,19,0,0,B0:CB:D8:C9:92:00,1,0,0,1E:01:D0:40:E0:9E,6,0,NONE,2026-08-05T00:48:11.807349
45917,,-70,24,21022,3078,65844,44280,8992647,0,100,19,0,0,B0:CB:D8:C9:92:00,1,0,1,1E:01:D0:40:E0:9E,6,0,NONE,2026-08-05T00:48:11.990349
45917,PROBE_RESP,-78,16,2149,5,65844,44280,8992897,0,100,19,0,0,B0:CB:D8:C9:92:00,1,0,1,1E:01:D0:40:E0:9E,6,0,NONE,2026-08-05T00:48:12.240349
45917,,-68,26,2553,318,65844,44280,8993103,0,100,19,0,0,B0:CB:D8:C9:92:00,1,0,1,1E:01:D0:40:E0:9E,6,0,NONE,2026-08-05T00:48:12.446349
45917,,-48,46,1400,583,65844,44280,8993242,0,100,19,0,0,B0:CB:D8:C9:92:00,1,0,1,1E:01:D0:40:E0:9E,6,0,NONE,2026-08-05T00:48:12.585349
45917,MGMT_OTHER,-68,26,14488,3294,65844,44280,8993305,0,100,19,0,0,B0:CB:D8:C9:92:00,1,0,1,1E:01:D0:40:E0:9E,6,0,NONE,2026-08-05T00:48:12.648349
45917,,-69,25,809,477,65844,44280,8993433,0,100,19,0,0,B0:CB:D8:C9:92:00,1,0,1,1E:01:D0:40:E0:9E,6,0,NONE,2026-08-05T00:48:12.776349
45917,BEACON,-91,3,1670,3281,65844,44280,8993582,0,100,19,0,0,B0:CB:D8:C9:92:00,1,0,1,1E:01:D0:40:E0:9E,6,0,NONE,2026-08-05T00:48:12.925349
45917,MGMT_OTHER,-69,25,1113,2786,65844,44280,8993796,0,100,19,0,0,B0:CB:D8:C9:92:00,1,0,1,1E:01:D0:40:E0:9E,6,0,NONE,2026-08-05T00:48:13.139349
45917,MGMT_OTHER,-70,24,0,2772,65844,44280,8994083,0,100,19,0,0,B0:CB:D8:C9:92:00,1,0,1,1E:01:D0:40:E0:9E,6,0,NONE,2026-08-05T00:48:13.426349
45917,MGMT_OTHER,-68,26,734,2160,65844,44280,8994305,0,100,19,0,0,B0:CB:D8:C9:92:00,1,0,0,1E:01:D0:40:E0:9E,6,0,NONE,2026-08-05T00:48:13.648349
45917,,-70,24,8880,3839,65844,44280,8994548,0,100,19,0,0,B0:CB:D8:C9:92:00,1,0,1,1E:01:D0:40:E0:9E,6,0,NONE,2026-08-05T00:48:13.891349
45917,MGMT_OTHER,-69,25,2674,3457,65844,44280,8994859,0,100,19,0,0,B0:CB:D8:C9:92:00,1,0,1,1E:01:D0:40:E0:9E,6,0,NONE,2026-08-05T00:48:14.202349
45917,,-69,25,4118,562,65608,44280,8995069,0,100,19,0,0,B0:CB:D8:C9:92:00,1,0,1,1E:01:D0:40:E0:9E,6,0,NONE,2026-08-05T00:48:14.412349
45917,,-69,25,1016,2991,65844,44280,8995276,0,100,19,0,0,B0:CB:D8:C9:92:00,1,0,1,1E:01:D0:40:E0:9E,6,0,NONE,2026-08-05T00:48:14.619349
45917,,-69,25,509,1756,65844,44280,8995331,0,100,19,0,0,B0:CB:D8:C9:92:00,1,0,1,1E:01:D0:40:E0:9E,6,0,NONE,2026-08-05T00:48:14.674349
45917,BEACON,-78,16,0,2262,65844,44280,8995494,0,100,19,0,0,B0:CB:D8:C9:92:00,1,0,0,1E:01:D0:40:E0:9E,6,0,NONE,2026-08-05T00:48:14.837349
45917,DEAUTH,-85,9,6911,411,65844,44280,8995645,0,100,19,0,0,B0:CB:D8:C9:92:00,1,0,1,1E:01:D0:40:E0:9E,6,0,NONE,2026-08-05T00:48:14.988349
45917,MGMT_OTHER,-70,24,256,1872,65844,44280,8995902,0,100,19,0,0,B0:CB:D8:C9:92:00,1,0,1,1E:01:D0:40:E0:9E,6,0,NONE,2026-08-05T00:48:15.245349
45917,MGMT_OTHER,-68,26,687,2390,65844,44280,8996254,0,100,19,0,0,B0:CB:D8:C9:92:00,1,0,1,1E:01:D0:40:E0:9E,6,0,NONE,2026-08-05T00:48:15.597349
45917,,10,10,0,1023,65844,44280,8996483,0,100,19,0,0,B0:CB:D8:C9:92:00,1,0,1,1E:01:D0:40:E0:9E,6,0,NONE,2026-08-05T00:48:15.826349
45917,MGMT_OTHER,-70,24,191,2791,65844,44280,8996712,0,100,19,0,0,B0:CB:D8:C9:92:00,1,0,1,1E:01:D0:40:E0:9E,6,0,NONE,2026-08-05T00:48:16.055349
45917,,-70,24,6347,541,65844,44280,8997031,0,100,19,0,0,B0:CB:D8:C9:92:00,1,0,1,1E:01:D0:40:E0:9E,6,0,NONE,2026-08-05T00:48:16.374349
45917,PROBE_RESP,-66,28,904,2218,65844,44280,8997164,0,100,19,0,0,B0:CB:D8:C9:92:00,1,0,1,1E:01:D0:40:E0:9E,6,0,NONE,2026-08-05T00:48:16.507349
45917,,-69,25,602,4028,65844,44280,8997265,0,100,19,0,0,B0:CB:D8:C9:92:00,1,0,1,1E:01:D0:40:E0:9E,6,0,NONE,2026-08-05T00:48:16.608349
45917,MGMT_OTHER,-68,26,513,3401,65844,44280,8997339,0,100,19,0,0,B0:CB:D8:C9:92:00,1,0,1,1E:01:D0:40:E0:9E,6,0,NONE,2026-08-05T00:48:16.682349
45917,MGMT_OTHER,-68,26,2963,3242,65844,44280,8997437,0,100,19,0,0,B0:CB:D8:C9:92:00,1,0,1,1E:01:D0:40:E0:9E,6,0,NONE,2026-08-05T00:48:16.780349
45917,DISASSOC,-91,3,1094,3669,65844,44280,8997636,0,100,19,0,0,B0:CB:D8:C9:92:00,1,0,1,1E:01:D0:40:E0:9E,6,0,NONE,2026-08-05T00:48:16.979349
45917,MGMT_OTHER,-69,25,6392,533,65844,44280,8997930,0,100,19,0,0,B0:CB:D8:C9:92:00,1,0,1,1E:01:D0:40:E0:9E,6,0,NONE,2026-08-05T00:48:17.273349
45917,BEACON,-87,7,0,494,65760,44280,8998132,0,100,19,0,0,B0:CB:D8:C9:92:00,1,0,1,1E:01:D0:40:E0:9E,6,0,NONE,2026-08-05T00:48:17.475349
45917,MGMT_OTHER,-68,26,1334,3707,65844,44280,8998363,0,100,19,0,0,B0:CB:D8:C9:92:00,1,0,1,1E:01:D0:40:E0:9E,6,0,NONE,2026-08-05T00:48:17.706349
45917,MGMT_OTHER,-68,26,830,3210,65844,44280,8998612,0,100,19,0,0,B0:CB:D8:C9:92:00,1,0,1,1E:01:D0:40:E0:9E,6,0,NONE,2026-08-05T00:48:17.955349
45917,,-46,48,3994,88,65844,44280,8998823,0,100,19,0,0,B0:CB:D8:C9:92:00,1,0,0,1E:01:D0:40:E0:9E,6,0,NONE,2026-08-05T00:48:18.166349
45917,,-69,25,967,2890,65844,44280,8999004,0,100,19,0,0,B0:CB:D8:C9:92:00,1,0,1,1E:01:D0:40:E0:9E,6,0,NONE,2026-08-05T00:48:18.347349
45917,,-68,26,582,1175,65844,44280,8999191,0,100,19,0,0,B0:CB:D8:C9:92:00,1,0,1,1E:01:D0:40:E0:9E,6,0,NONE,2026-08-05T00:48:18.534349
45917,MGMT_OTHER,-69,25,248,3115,65832,44280,8999308,0,100,19,0,0,B0:CB:D8:C9:92:00,1,0,1,1E:01:D0:40:E0:9E,6,0,NONE,2026-08-05T00:48:18.651349
45917,,-47,47,109,107,65832,44280,8999444,0,100,19,0,0,B0:CB:D8:C9:92:00,1,0,0,1E:01:D0:40:E0:9E,6,0,NONE,2026-08-05T00:48:18.787349
45917,MGMT_OTHER,-69,25,18518,2598,65832,44280,8999608,0,100,19,0,0,B0:CB:D8:C9:92:00,1,0,1,1E:01:D0:40:E0:9E,6,0,NONE,2026-08-05T00:48:18.951349
45917,MGMT_OTHER,-69,25,5103,2912,65832,44280,8999775,0,100,19,0,0,B0:CB:D8:C9:92:00,1,0,1,1E:01:D0:40:E0:9E,6,0,NONE,2026-08-05T00:48:19.118349
45917,MGMT_OTHER,-70,24,921,2960,65832,44280,8999998,0,100,19,0,0,B0:CB:D8:C9:92:00,1,0,1,1E:01:D0:40:E0:9E,6,0,NONE,2026-08-05T00:48:19.341349
45917,,-46,48,136,127,65844,44280,9000221,0,100,19,0,0,B0:CB:D8:C9:92:00,1,0,0,1E:01:D0:40:E0:9E,6,0,NONE,2026-08-05T00:48:19.564349
45917,,-46,48,0,133,65844,44280,9000399,0,100,19,0,0,B0:CB:D8:C9:92:00,1,0,0,1E:01:D0:40:E0:9E,6,0,NONE,2026-08-05T00:48:19.742349
45917,PROBE_RESP,-76,18,0,1,65844,44280,9000579,0,100,19,0,0,B0:CB:D8:C9:92:00,1,0,0,1E:01:D0:40:E0:9E,6,0,NONE,2026-08-05T00:48:19.922349
45917,BEACON,-69,25,540,747,65844,44280,9000725,0,100,19,0,0,B0:CB:D8:C9:92:00,1,0,1,1E:01:D0:40:E0:9E,6,0,NONE,2026-08-05T00:48:20.068349
45917,MGMT_OTHER,-69,25,16729,3007,65844,44280,9000944,0,100,19,0,0,B0:CB:D8:C9:92:00,1,0,1,1E:01:D0:40:E0:9E,6,0,NONE,2026-08-05T00:48:20.287349
45917,MGMT_OTHER,-70,24,2851,2309,65844,44280,9001207,0,100,19,0,0,B0:CB:D8:C9:92:00,1,0,1,1E:01:D0:40:E0:9E,6,0,NONE,2026-08-05T00:48:20.550349
45917,,-69,25,687,871,65844,44280,9001311,0,100,19,0,0,B0:CB:D8:C9:92:00,1,0,1,1E:01:D0:40:E0:9E,6,0,NONE,2026-08-05T00:48:20.654349
45917,,-69,25,663,3276,65844,44280,9001351,0,100,19,0,0,B0:CB:D8:C9:92:00,1,0,1,1E:01:D0:40:E0:9E,6,0,NONE,2026-08-05T00:48:20.694349
45917,BEACON,-69,25,257,1713,65844,44280,9001516,0,100,19,0,0,B0:CB:D8:C9:92:00,1,0,1,1E:01:D0:40:E0:9E,6,0,NONE,2026-08-05T00:48:20.859349
45917,,-70,24,2808,233,65844,44280,9001720,0,100,19,0,0,B0:CB:D8:C9:92:00,1,0,1,1E:01:D0:40:E0:9E,6,0,NONE,2026-08-05T00:48:21.063349
45917,,-68,26,317,2851,65844,44280,9001934,0,100,19,0,0,B0:CB:D8:C9:92:00,1,0,1,1E:01:D0:40:E0:9E,6,0,NONE,2026-08-05T00:48:21.277349
45917,,-93,1,20633,0,65844,44280,9002169,0,100,19,0,0,B0:CB:D8:C9:92:00,1,0,0,1E:01:D0:40:E0:9E,6,0,NONE,2026-08-05T00:48:21.512349
45917,,-69,25,842,3697,65844,44280,9002368,0,100,19,0,0,B0:CB:D8:C9:92:00,1,0,1,1E:01:D0:40:E0:9E,6,0,NONE,2026-08-05T00:48:21.711349
45917,BEACON,-69,25,294,1784,65844,44280,9002541,0,100,19,0,0,B0:CB:D8:C9:92:00,1,0,1,1E:01:D0:40:E0:9E,6,0,NONE,2026-08-05T00:48:21.884349
45917,MGMT_OTHER,-69,25,5222,1510,65844,44280,9002690,0,100,19,0,0,B0:CB:D8:C9:92:00,1,0,1,1E:01:D0:40:E0:9E,6,0,NONE,2026-08-05T00:48:22.033349
45917,BEACON,-69,25,168,3664,65844,44280,9002949,0,100,19,0,0,B0:CB:D8:C9:92:00,1,0,1,1E:01:D0:40:E0:9E,6,0,NONE,2026-08-05T00:48:22.292349
45917,BEACON,-75,19,0,2337,65844,44280,9003174,0,100,19,0,0,B0:CB:D8:C9:92:00,1,0,0,1E:01:D0:40:E0:9E,6,0,NONE,2026-08-05T00:48:22.517349
45917,,-68,26,1409,596,65844,44280,9003295,0,100,19,0,0,B0:CB:D8:C9:92:00,1,0,1,1E:01:D0:40:E0:9E,6,0,NONE,2026-08-05T00:48:22.638349
45917,,-80,14,171,249,65844,44280,9003380,0,100,19,0,0,B0:CB:D8:C9:92:00,1,0,1,1E:01:D0:40:E0:9E,6,0,NONE,2026-08-05T00:48:22.723349
45917,,-48,46,109,218,65692,44280,9003456,0,100,19,0,0,B0:CB:D8:C9:92:00,1,0,0,1E:01:D0:40:E0:9E,6,0,NONE,2026-08-05T00:48:22.799349
45917,,-46,48,2760,245,65844,44280,9003487,0,100,19,0,0,B0:CB:D8:C9:92:00,1,0,0,1E:01:D0:40:E0:9E,6,0,NONE,2026-08-05T00:48:22.829899
45917,MGMT_OTHER,-67,27,2865,2391,65844,44280,9003620,0,100,19,0,0,B0:CB:D8:C9:92:00,1,0,1,1E:01:D0:40:E0:9E,6,0,NONE,2026-08-05T00:48:22.962899
45917,,-68,26,455,1401,65844,44280,9003796,0,100,19,0,0,B0:CB:D8:C9:92:00,1,0,1,1E:01:D0:40:E0:9E,6,0,NONE,2026-08-05T00:48:23.138899
45917,MGMT_OTHER,-68,26,2173,2401,65844,44280,9003920,0,100,19,0,0,B0:CB:D8:C9:92:00,1,0,1,1E:01:D0:40:E0:9E,6,0,NONE,2026-08-05T00:48:23.262899
45917,PROBE_RESP,-89,5,0,0,65844,44280,9004017,0,100,19,0,0,B0:CB:D8:C9:92:00,1,0,0,1E:01:D0:40:E0:9E,6,0,NONE,2026-08-05T00:48:23.359899
45917,BEACON,-64,30,0,2062,65844,44280,9004275,0,100,19,0,0,B0:CB:D8:C9:92:00,1,0,1,1E:01:D0:40:E0:9E,6,0,NONE,2026-08-05T00:48:23.617899
45917,BEACON,-78,16,5067,2350,65844,44280,9004506,0,100,19,0,0,B0:CB:D8:C9:92:00,1,0,1,1E:01:D0:40:E0:9E,6,0,NONE,2026-08-05T00:48:23.848899
45917,,-68,26,8854,2418,65844,44280,9004696,0,100,19,0,0,B0:CB:D8:C9:92:00,1,0,1,1E:01:D0:40:E0:9E,6,0,NONE,2026-08-05T00:48:24.038899
45917,,-68,26,252,1635,65844,44280,9004843,0,100,19,0,0,B0:CB:D8:C9:92:00,1,0,1,1E:01:D0:40:E0:9E,6,0,NONE,2026-08-05T00:48:24.185899
45917,MGMT_OTHER,-69,25,285,2754,65844,44280,9005118,0,100,19,0,0,B0:CB:D8:C9:92:00,1,0,1,1E:01:D0:40:E0:9E,6,0,NONE,2026-08-05T00:48:24.460899
45917,MGMT_OTHER,-68,26,292,2392,65844,44280,9005306,0,100,19,0,0,B0:CB:D8:C9:92:00,1,0,1,1E:01:D0:40:E0:9E,6,0,NONE,2026-08-05T00:48:24.648899
45917,MGMT_OTHER,-68,26,1732,220,65844,44280,9005454,0,100,19,0,0,B0:CB:D8:C9:92:00,1,0,1,1E:01:D0:40:E0:9E,6,0,NONE,2026-08-05T00:48:24.796899
45917,,-93,1,0,0,65844,44280,9005666,0,100,19,0,0,B0:CB:D8:C9:92:00,1,0,0,1E:01:D0:40:E0:9E,6,0,NONE,2026-08-05T00:48:25.008899
45917,BEACON,-63,31,0,2078,65844,44280,9005914,0,100,19,0,0,B0:CB:D8:C9:92:00,1,0,1,1E:01:D0:40:E0:9E,6,0,NONE,2026-08-05T00:48:25.256899
45917,,-68,26,6151,3447,65844,44280,9006077,0,100,19,0,0,B0:CB:D8:C9:92:00,1,0,1,1E:01:D0:40:E0:9E,6,0,NONE,2026-08-05T00:48:25.419899
45917,MGMT_OTHER,-68,26,3370,3633,65844,44280,9006276,0,100,19,0,0,B0:CB:D8:C9:92:00,1,0,1,1E:01:D0:40:E0:9E,6,0,NONE,2026-08-05T00:48:25.618899
45917,BEACON,-89,5,0,575,65844,44280,9006427,0,100,19,0,0,B0:CB:D8:C9:92:00,1,0,1,1E:01:D0:40:E0:9E,6,0,NONE,2026-08-05T00:48:25.769899
45917,,-68,26,855,949,65844,44280,9006634,0,100,19,0,0,B0:CB:D8:C9:92:00,1,0,1,1E:01:D0:40:E0:9E,6,0,NONE,2026-08-05T00:48:25.976899
45917,,-46,48,104,353,65844,44280,9006787,0,100,19,0,0,B0:CB:D8:C9:92:00,1,0,0,1E:01:D0:40:E0:9E,6,0,NONE,2026-08-05T00:48:26.129899
45917,,-46,48,0,358,65844,44280,9006988,0,100,19,0,0,B0:CB:D8:C9:92:00,1,0,0,1E:01:D0:40:E0:9E,6,0,NONE,2026-08-05T00:48:26.330899
45917,MGMT_OTHER,-67,27,1208,1891,65844,44280,9007203,0,100,19,0,0,B0:CB:D8:C9:92:00,1,0,1,1E:01:D0:40:E0:9E,6,0,NONE,2026-08-05T00:48:26.545899
45917,MGMT_OTHER,-68,26,567,1016,65844,44280,9007288,0,100,19,0,0,B0:CB:D8:C9:92:00,1,0,1,1E:01:D0:40:E0:9E,6,0,NONE,2026-08-05T00:48:26.630899
45917,DEAUTH,-88,6,5991,2700,65844,44280,9007480,0,100,19,0,0,B0:CB:D8:C9:92:00,1,0,1,1E:01:D0:40:E0:9E,6,0,NONE,2026-08-05T00:48:26.822899
45917,,-46,48,6161,644,65844,44280,9007797,0,100,19,0,0,B0:CB:D8:C9:92:00,1,0,1,1E:01:D0:40:E0:9E,6,0,NONE,2026-08-05T00:48:27.139899
45917,,-79,15,0,264,65844,44280,9008388,0,100,19,0,0,B0:CB:D8:C9:92:00,1,0,1,1E:01:D0:40:E0:9E,6,0,NONE,2026-08-05T00:48:27.730899
45917,,-46,48,0,394,65844,44280,9008588,0,100,19,0,0,B0:CB:D8:C9:92:00,1,0,1,1E:01:D0:40:E0:9E,6,0,NONE,2026-08-05T00:48:27.930899
45917,,-46,48,136,400,65844,44280,9008946,0,100,19,0,0,B0:CB:D8:C9:92:00,1,0,0,1E:01:D0:40:E0:9E,6,0,NONE,2026-08-05T00:48:28.288899
45917,BEACON,-81,13,9778,2434,65844,44280,9009318,0,100,19,0,0,B0:CB:D8:C9:92:00,1,0,1,1E:01:D0:40:E0:9E,6,0,NONE,2026-08-05T00:48:28.660899
45917,,-91,3,1703,2957,65844,44280,9009729,0,100,19,0,0,B0:CB:D8:C9:92:00,1,0,1,1E:01:D0:40:E0:9E,6,0,NONE,2026-08-05T00:48:29.071899
45917,BEACON,-64,30,11682,2120,65844,44280,9010216,0,100,19,0,0,B0:CB:D8:C9:92:00,1,0,1,1E:01:D0:40:E0:9E,6,0,NONE,2026-08-05T00:48:29.558899
45917,PROBE_RESP,-90,4,507,15,65844,44280,9010569,0,100,19,0,0,B0:CB:D8:C9:92:00,1,0,1,1E:01:D0:40:E0:9E,6,0,NONE,2026-08-05T00:48:29.911899
45917,,-94,0,484,4015,65844,44280,9010774,0,100,19,0,0,B0:CB:D8:C9:92:00,1,0,1,1E:01:D0:40:E0:9E,6,0,NONE,2026-08-05T00:48:30.116899
45917,,5,5,0,1023,65844,44280,9011174,0,100,19,0,0,B0:CB:D8:C9:92:00,1,0,0,1E:01:D0:40:E0:9E,6,0,NONE,2026-08-05T00:48:30.516899
45917,,-46,48,0,455,65844,44280,9011470,0,100,19,0,0,B0:CB:D8:C9:92:00,1,0,0,1E:01:D0:40:E0:9E,6,0,NONE,2026-08-05T00:48:30.812899
45917,,-80,14,234,69,65844,44280,9011883,0,100,19,0,0,B0:CB:D8:C9:92:00,1,0,0,1E:01:D0:40:E0:9E,6,0,NONE,2026-08-05T00:48:31.225899
45917,PROBE_RESP,-76,18,0,1,65844,44280,9012071,0,100,19,0,0,B0:CB:D8:C9:92:00,1,0,0,1E:01:D0:40:E0:9E,6,0,NONE,2026-08-05T00:48:31.413899
45917,,-84,10,20589,723,65844,44280,9012217,0,100,19,0,0,B0:CB:D8:C9:92:00,1,0,1,1E:01:D0:40:E0:9E,6,0,NONE,2026-08-05T00:48:31.559899
45917,,14,14,0,1023,65828,44280,9012700,0,100,19,0,0,B0:CB:D8:C9:92:00,1,0,1,1E:01:D0:40:E0:9E,6,0,NONE,2026-08-05T00:48:32.042899
45917,BEACON,-89,5,0,639,66512,44280,9012979,0,100,19,0,0,B0:CB:D8:C9:92:00,0,0,1,1E:01:D0:40:E0:9E,6,0,NONE,2026-08-05T00:48:32.321899
45917,BEACON,-63,31,685,2150,69416,44280,9013293,0,100,19,0,0,B0:CB:D8:C9:92:00,1,0,1,1E:01:D0:40:E0:9E,6,0,NONE,2026-08-05T00:48:32.635899
45917,,-47,47,16061,521,67684,44280,9013679,0,100,19,0,0,B0:CB:D8:C9:92:00,1,0,1,1E:01:D0:40:E0:9E,6,0,NONE,2026-08-05T00:48:33.021899
45917,,-47,47,6250,918,67640,44280,9014016,0,100,19,0,0,B0:CB:D8:C9:92:00,1,0,0,1E:01:D0:40:E0:9E,6,0,NONE,2026-08-05T00:48:33.358899
45917,,11,11,0,0,65848,44280,9014278,0,100,19,0,0,B0:CB:D8:C9:92:00,1,0,0,1E:01:D0:40:E0:9E,6,0,NONE,2026-08-05T00:48:33.620899
45917,,-47,47,392,542,65848,44280,9014526,0,100,19,0,0,B0:CB:D8:C9:92:00,1,0,0,1E:01:D0:40:E0:9E,6,0,NONE,2026-08-05T00:48:33.868899
45917,PROBE_RESP,-75,19,0,0,65848,44280,9014787,0,100,19,0,0,B0:CB:D8:C9:92:00,1,0,0,1E:01:D0:40:E0:9E,6,0,NONE,2026-08-05T00:48:34.129899
45917,,14,14,0,0,65848,44280,9014954,0,100,19,0,0,B0:CB:D8:C9:92:00,1,0,0,1E:01:D0:40:E0:9E,6,0,NONE,2026-08-05T00:48:34.296804
45917,,-68,26,3514,1122,65848,44280,9015346,0,100,19,0,0,B0:CB:D8:C9:92:00,1,0,1,1E:01:D0:40:E0:9E,6,0,NONE,2026-08-05T00:48:34.688804
45917,,-67,27,590,907,65848,44280,9015678,0,100,19,0,0,B0:CB:D8:C9:92:00,1,0,1,1E:01:D0:40:E0:9E,6,0,NONE,2026-08-05T00:48:35.020804
45917,,-68,26,8891,1238,65848,44280,9015804,0,100,19,0,0,B0:CB:D8:C9:92:00,1,0,1,1E:01:D0:40:E0:9E,6,0,NONE,2026-08-05T00:48:35.146804
45917,MGMT_OTHER,-68,26,1057,631,65848,44280,9015890,0,100,19,0,0,B0:CB:D8:C9:92:00,1,0,1,1E:01:D0:40:E0:9E,6,0,NONE,2026-08-05T00:48:35.232804
45917,,-47,47,807,681,65848,44280,9016081,0,100,19,0,0,B0:CB:D8:C9:92:00,1,0,1,1E:01:D0:40:E0:9E,6,0,NONE,2026-08-05T00:48:35.423804
45917,MGMT_OTHER,-68,26,297,3050,65848,44280,9016218,0,100,19,0,0,B0:CB:D8:C9:92:00,1,0,1,1E:01:D0:40:E0:9E,6,0,NONE,2026-08-05T00:48:35.560804
45917,MGMT_OTHER,-68,26,513,836,65848,44280,9016301,0,100,19,0,0,B0:CB:D8:C9:92:00,1,0,1,1E:01:D0:40:E0:9E,6,0,NONE,2026-08-05T00:48:35.643804
45917,,-67,27,374,400,65848,44280,9016378,0,100,19,0,0,B0:CB:D8:C9:92:00,1,0,1,1E:01:D0:40:E0:9E,6,0,NONE,2026-08-05T00:48:35.720804
45917,MGMT_OTHER,-69,25,292,3772,65848,44280,9016468,0,100,19,0,0,B0:CB:D8:C9:92:00,1,0,1,1E:01:D0:40:E0:9E,6,0,NONE,2026-08-05T00:48:35.810804
45917,MGMT_OTHER,-67,27,513,871,65848,44280,9016529,0,100,19,0,0,B0:CB:D8:C9:92:00,1,0,1,1E:01:D0:40:E0:9E,6,0,NONE,2026-08-05T00:48:35.871804
45917,PROBE_RESP,-91,3,0,1,65848,44280,9016721,0,100,19,0,0,B0:CB:D8:C9:92:00,1,0,0,1E:01:D0:40:E0:9E,6,0,NONE,2026-08-05T00:48:36.063804
45917,MGMT_OTHER,-69,25,551,2278,65848,44280,9016819,0,100,19,0,0,B0:CB:D8:C9:92:00,1,0,1,1E:01:D0:40:E0:9E,6,0,NONE,2026-08-05T00:48:36.161804
45917,,-68,26,555,895,65780,44280,9016931,0,100,19,0,0,B0:CB:D8:C9:92:00,1,0,1,1E:01:D0:40:E0:9E,6,0,NONE,2026-08-05T00:48:36.273804
45917,,-68,26,1821,4004,65848,44280,9017017,0,100,19,0,0,B0:CB:D8:C9:92:00,1,0,1,1E:01:D0:40:E0:9E,6,0,NONE,2026-08-05T00:48:36.359804
45917,,-67,27,908,2354,65848,44280,9017091,0,100,19,0,0,B0:CB:D8:C9:92:00,1,0,1,1E:01:D0:40:E0:9E,6,0,NONE,2026-08-05T00:48:36.433804
45917,,-93,1,7069,38,65848,44280,9017211,0,100,19,0,0,B0:CB:D8:C9:92:00,1,0,1,1E:01:D0:40:E0:9E,6,0,NONE,2026-08-05T00:48:36.553804
45917,MGMT_OTHER,-69,25,478,2770,65848,44280,9017332,0,100,19,0,0,B0:CB:D8:C9:92:00,1,0,1,1E:01:D0:40:E0:9E,6,0,NONE,2026-08-05T00:48:36.674804
45917,,-68,26,495,1210,65848,44280,9017446,0,100,19,0,0,B0:CB:D8:C9:92:00,1,0,1,1E:01:D0:40:E0:9E,6,0,NONE,2026-08-05T00:48:36.788804
45917,BEACON,-89,5,0,684,65848,44280,9017590,0,100,19,0,0,B0:CB:D8:C9:92:00,1,0,1,1E:01:D0:40:E0:9E,6,0,NONE,2026-08-05T00:48:36.932804
45917,,-68,26,1037,1211,65848,44280,9017733,0,100,19,0,0,B0:CB:D8:C9:92:00,1,0,1,1E:01:D0:40:E0:9E,6,0,NONE,2026-08-05T00:48:37.075804
45917,,-93,1,2330,1023,65848,44280,9017987,0,100,19,0,0,B0:CB:D8:C9:92:00,1,0,1,1E:01:D0:40:E0:9E,6,0,NONE,2026-08-05T00:48:37.329804
45917,MGMT_OTHER,-69,25,1849,3624,65848,44280,9018208,0,100,19,0,0,B0:CB:D8:C9:92:00,1,0,1,1E:01:D0:40:E0:9E,6,0,NONE,2026-08-05T00:48:37.550804
45917,BEACON,-80,14,0,2523,65848,44280,9018433,0,100,19,0,0,B0:CB:D8:C9:92:00,1,0,1,1E:01:D0:40:E0:9E,6,0,NONE,2026-08-05T00:48:37.775804
45917,BEACON,-80,14,533,2525,65848,44280,9018637,0,100,19,0,0,B0:CB:D8:C9:92:00,1,0,1,1E:01:D0:40:E0:9E,6,0,NONE,2026-08-05T00:48:37.979804
45917,,-46,48,0,698,65848,44280,9018757,0,100,19,0,0,B0:CB:D8:C9:92:00,1,0,1,1E:01:D0:40:E0:9E,6,0,NONE,2026-08-05T00:48:38.099804
45917,BEACON,-80,14,6012,2529,65848,44280,9019047,0,100,19,0,0,B0:CB:D8:C9:92:00,1,0,1,1E:01:D0:40:E0:9E,6,0,NONE,2026-08-05T00:48:38.389804
45917,MGMT_OTHER,-69,25,657,41,65848,44280,9019230,0,100,19,0,0,B0:CB:D8:C9:92:00,1,0,1,1E:01:D0:40:E0:9E,6,0,NONE,2026-08-05T00:48:38.572804
45917,,-47,47,0,702,65848,44280,9019357,0,100,19,0,0,B0:CB:D8:C9:92:00,1,0,1,1E:01:D0:40:E0:9E,6,0,NONE,2026-08-05T00:48:38.699804
45917,,14,14,0,0,65848,44280,9019563,0,100,19,0,0,B0:CB:D8:C9:92:00,1,0,1,1E:01:D0:40:E0:9E,6,0,NONE,2026-08-05T00:48:38.905804
45917,,-67,27,593,4050,65848,44280,9019644,0,100,19,0,0,B0:CB:D8:C9:92:00,1,0,1,1E:01:D0:40:E0:9E,6,0,NONE,2026-08-05T00:48:38.986804
45917,BEACON,-80,14,9272,2537,65848,44280,9019866,0,100,19,0,0,B0:CB:D8:C9:92:00,1,0,1,1E:01:D0:40:E0:9E,6,0,NONE,2026-08-05T00:48:39.208804
45917,PROBE_RESP,-75,19,0,2,65848,44280,9020055,0,100,19,0,0,B0:CB:D8:C9:92:00,1,0,1,1E:01:D0:40:E0:9E,6,0,NONE,2026-08-05T00:48:39.397804
45917,MGMT_OTHER,-70,24,1118,1010,65848,44280,9020205,0,100,19,0,0,B0:CB:D8:C9:92:00,1,0,1,1E:01:D0:40:E0:9E,6,0,NONE,2026-08-05T00:48:39.547804
45917,BEACON,-55,39,1168,659,65848,44280,9020477,0,100,19,0,0,B0:CB:D8:C9:92:00,1,0,1,1E:01:D0:40:E0:9E,6,0,NONE,2026-08-05T00:48:39.819804
45917,,-92,2,22768,0,65848,44280,9020707,0,100,19,0,0,B0:CB:D8:C9:92:00,1,0,0,1E:01:D0:40:E0:9E,6,0,NONE,2026-08-05T00:48:40.049804
45917,PROBE_RESP,-89,5,0,3,65848,44280,9020894,0,100,19,0,0,B0:CB:D8:C9:92:00,1,0,0,1E:01:D0:40:E0:9E,6,0,NONE,2026-08-05T00:48:40.236804
45917,,-47,47,3185,932,65612,44280,9021084,0,100,19,0,0,B0:CB:D8:C9:92:00,1,0,1,1E:01:D0:40:E0:9E,6,0,NONE,2026-08-05T00:48:40.426804
45917,,16,16,0,0,65848,44280,9021233,0,100,19,0,0,B0:CB:D8:C9:92:00,1,0,0,1E:01:D0:40:E0:9E,6,0,NONE,2026-08-05T00:48:40.575804
45917,MGMT_OTHER,-68,26,269,2699,65848,44280,9021317,0,100,19,0,0,B0:CB:D8:C9:92:00,1,0,1,1E:01:D0:40:E0:9E,6,0,NONE,2026-08-05T00:48:40.659804
45917,MGMT_OTHER,-68,26,167,3305,65848,44280,9021435,0,100,19,0,0,B0:CB:D8:C9:92:00,1,0,1,1E:01:D0:40:E0:9E,6,0,NONE,2026-08-05T00:48:40.777804
45917,,-45,49,23993,676,64040,44280,9021684,0,100,19,0,0,B0:CB:D8:C9:92:00,1,0,0,1E:01:D0:40:E0:9E,6,0,NONE,2026-08-05T00:48:41.026804
45917,MGMT_OTHER,-69,25,612,1207,65848,44280,9021897,0,100,19,0,0,B0:CB:D8:C9:92:00,1,0,1,1E:01:D0:40:E0:9E,6,0,NONE,2026-08-05T00:48:41.239804
45917,MGMT_OTHER,-69,25,236,2783,65848,44280,9022101,0,100,19,0,0,B0:CB:D8:C9:92:00,1,0,1,1E:01:D0:40:E0:9E,6,0,NONE,2026-08-05T00:48:41.443804
45917,MGMT_OTHER,-69,25,34013,747,65848,44280,9022404,0,100,19,0,0,B0:CB:D8:C9:92:00,1,0,0,1E:01:D0:40:E0:9E,6,0,NONE,2026-08-05T00:48:41.746804
45917,BEACON,-81,13,5517,2564,65848,44280,9022630,0,100,19,0,0,B0:CB:D8:C9:92:00,1,0,1,1E:01:D0:40:E0:9E,6,0,NONE,2026-08-05T00:48:41.972804
45917,BEACON,-55,39,156,688,65848,44280,9022833,0,100,19,0,0,B0:CB:D8:C9:92:00,1,0,1,1E:01:D0:40:E0:9E,6,0,NONE,2026-08-05T00:48:42.175804
45917,,-68,26,7315,3045,65848,44280,9023059,0,100,19,0,0,B0:CB:D8:C9:92:00,1,0,1,1E:01:D0:40:E0:9E,6,0,NONE,2026-08-05T00:48:42.401804
45917,MGMT_OTHER,-68,26,969,3330,65848,44280,9023248,0,100,19,0,0,B0:CB:D8:C9:92:00,1,0,1,1E:01:D0:40:E0:9E,6,0,NONE,2026-08-05T00:48:42.590804
45917,,-91,3,1183,647,65848,44280,9023297,0,100,19,0,0,B0:CB:D8:C9:92:00,1,0,1,1E:01:D0:40:E0:9E,6,0,NONE,2026-08-05T00:48:42.639804
45917,,-68,26,3110,1262,65848,44280,9023448,0,100,19,0,0,B0:CB:D8:C9:92:00,1,0,1,1E:01:D0:40:E0:9E,6,0,NONE,2026-08-05T00:48:42.790804
45917,,-87,7,5453,2248,65848,44280,9023661,0,100,19,0,0,B0:CB:D8:C9:92:00,1,0,1,1E:01:D0:40:E0:9E,6,0,NONE,2026-08-05T00:48:43.003804
45917,MGMT_OTHER,-68,26,636,2882,65848,44280,9023877,0,100,19,0,0,B0:CB:D8:C9:92:00,1,0,1,1E:01:D0:40:E0:9E,6,0,NONE,2026-08-05T00:48:43.219804
45917,PROBE_RESP,-75,19,0,0,65848,44280,9024087,0,100,19,0,0,B0:CB:D8:C9:92:00,1,0,0,1E:01:D0:40:E0:9E,6,0,NONE,2026-08-05T00:48:43.429804
45917,MGMT_OTHER,-66,28,12336,3859,65848,44280,9024249,0,100,19,0,0,B0:CB:D8:C9:92:00,1,0,1,1E:01:D0:40:E0:9E,6,0,NONE,2026-08-05T00:48:43.591804
45917,,-69,25,1758,772,65848,44280,9024440,0,100,19,0,0,B0:CB:D8:C9:92:00,1,0,1,1E:01:D0:40:E0:9E,6,0,NONE,2026-08-05T00:48:43.782804
45917,BEACON,-90,4,14485,754,65848,44280,9024757,0,100,19,0,0,B0:CB:D8:C9:92:00,1,0,1,1E:01:D0:40:E0:9E,6,0,NONE,2026-08-05T00:48:44.099804
45917,MGMT_OTHER,-68,26,2020,2220,65848,44280,9025004,0,100,19,0,0,B0:CB:D8:C9:92:00,1,0,1,1E:01:D0:40:E0:9E,6,0,NONE,2026-08-05T00:48:44.346804
45917,BEACON,-80,14,8311,2589,65848,44280,9025191,0,100,19,0,0,B0:CB:D8:C9:92:00,1,0,1,1E:01:D0:40:E0:9E,6,0,NONE,2026-08-05T00:48:44.533804
45917,,-92,2,14328,0,65848,44280,9025322,0,100,19,0,0,B0:CB:D8:C9:92:00,1,0,0,1E:01:D0:40:E0:9E,6,0,NONE,2026-08-05T00:48:44.664804
45917,MGMT_OTHER,-68,26,17974,2490,65848,44280,9025464,0,100,19,0,0,B0:CB:D8:C9:92:00,1,0,1,1E:01:D0:40:E0:9E,6,0,NONE,2026-08-05T00:48:44.806804
45917,MGMT_OTHER,-92,2,5377,1063,65848,44280,9025722,0,100,19,0,0,B0:CB:D8:C9:92:00,1,0,1,1E:01:D0:40:E0:9E,6,0,NONE,2026-08-05T00:48:45.064804
45917,MGMT_OTHER,-91,3,3341,0,65848,44280,9025948,0,100,19,0,0,B0:CB:D8:C9:92:00,1,0,0,1E:01:D0:40:E0:9E,6,0,NONE,2026-08-05T00:48:45.290804
45917,,-69,25,905,1102,65848,44280,9026156,0,100,19,0,0,B0:CB:D8:C9:92:00,1,0,1,1E:01:D0:40:E0:9E,6,0,NONE,2026-08-05T00:48:45.498804
45917,MGMT_OTHER,-69,25,245,146,65848,44280,9026341,0,100,19,0,0,B0:CB:D8:C9:92:00,1,0,1,1E:01:D0:40:E0:9E,6,0,NONE,2026-08-05T00:48:45.683804
45917,,-69,25,861,1677,65848,44280,9026544,0,100,19,0,0,B0:CB:D8:C9:92:00,1,0,1,1E:01:D0:40:E0:9E,6,0,NONE,2026-08-05T00:48:45.886804
45917,,-69,25,659,494,65848,44280,9026718,0,100,19,0,0,B0:CB:D8:C9:92:00,1,0,1,1E:01:D0:40:E0:9E,6,0,NONE,2026-08-05T00:48:46.060804
45917,,-70,24,3626,555,65848,44280,9027019,0,100,19,0,0,B0:CB:D8:C9:92:00,1,0,1,1E:01:D0:40:E0:9E,6,0,NONE,2026-08-05T00:48:46.361804
45917,BEACON,-75,19,0,2572,65832,44280,9027240,0,100,19,0,0,B0:CB:D8:C9:92:00,1,0,0,1E:01:D0:40:E0:9E,6,0,NONE,2026-08-05T00:48:46.582804
45917,MGMT_OTHER,-69,25,203,2911,65848,44280,9027427,0,100,19,0,0,B0:CB:D8:C9:92:00,1,0,1,1E:01:D0:40:E0:9E,6,0,NONE,2026-08-05T00:48:46.769804
45917,,-70,24,2069,1185,65848,44280,9027459,0,100,19,0,0,B0:CB:D8:C9:92:00,1,0,1,1E:01:D0:40:E0:9E,6,0,NONE,2026-08-05T00:48:46.801804
45917,BEACON,-75,19,0,2576,65848,44280,9027649,0,100,19,0,0,B0:CB:D8:C9:92:00,1,0,0,1E:01:D0:40:E0:9E,6,0,NONE,2026-08-05T00:48:46.991804
45917,,-70,24,965,2237,65848,44280,9027787,0,100,19,0,0,B0:CB:D8:C9:92:00,1,0,1,1E:01:D0:40:E0:9E,6,0,NONE,2026-08-05T00:48:47.129804
45917,MGMT_OTHER,-69,25,256,3842,65848,44280,9027954,0,100,19,0,0,B0:CB:D8:C9:92:00,1,0,1,1E:01:D0:40:E0:9E,6,0,NONE,2026-08-05T00:48:47.296804
45917,MGMT_OTHER,-70,24,9591,364,65848,44280,9028140,0,100,19,0,0,B0:CB:D8:C9:92:00,1,0,1,1E:01:D0:40:E0:9E,6,0,NONE,2026-08-05T00:48:47.482804
45917,MGMT_OTHER,-69,25,618,150,65848,44280,9028208,0,100,19,0,0,B0:CB:D8:C9:92:00,1,0,1,1E:01:D0:40:E0:9E,6,0,NONE,2026-08-05T00:48:47.550804
45917,PROBE_RESP,-58,36,0,754,65848,44280,9028400,0,100,19,0,0,B0:CB:D8:C9:92:00,1,0,0,1E:01:D0:40:E0:9E,6,0,NONE,2026-08-05T00:48:47.742804
45917,PROBE_RESP,-64,30,0,2245,65848,44280,9028580,0,100,19,0,0,B0:CB:D8:C9:92:00,1,0,0,1E:01:D0:40:E0:9E,6,0,NONE,2026-08-05T00:48:47.922804
45917,,-70,24,190,2643,65848,44280,9028840,0,100,19,0,0,B0:CB:D8:C9:92:00,1,0,1,1E:01:D0:40:E0:9E,6,0,NONE,2026-08-05T00:48:48.182804
45917,,-46,48,774,776,65848,44280,9029108,0,100,19,0,0,B0:CB:D8:C9:92:00,1,0,1,1E:01:D0:40:E0:9E,6,0,NONE,2026-08-05T00:48:48.450804
45917,MGMT_OTHER,-68,26,2144,1438,65848,44280,9029305,0,100,19,0,0,B0:CB:D8:C9:92:00,1,0,1,1E:01:D0:40:E0:9E,6,0,NONE,2026-08-05T00:48:48.647804
45917,MGMT_OTHER,-69,25,4846,1295,65848,44280,9029520,0,100,19,0,0,B0:CB:D8:C9:92:00,1,0,1,1E:01:D0:40:E0:9E,6,0,NONE,2026-08-05T00:48:48.862804
45917,,-68,26,846,2419,65848,44280,9029801,0,100,19,0,0,B0:CB:D8:C9:92:00,1,0,1,1E:01:D0:40:E0:9E,6,0,NONE,2026-08-05T00:48:49.143804
45917,,-69,25,6000,3932,65848,44280,9029993,0,100,19,0,0,B0:CB:D8:C9:92:00,1,0,1,1E:01:D0:40:E0:9E,6,0,NONE,2026-08-05T00:48:49.335804
45917,BEACON,-63,31,0,2320,65848,44280,9030287,0,100,19,0,0,B0:CB:D8:C9:92:00,1,0,1,1E:01:D0:40:E0:9E,6,0,NONE,2026-08-05T00:48:49.629804
45917,MGMT_OTHER,-69,25,266,2564,65848,44280,9030547,0,100,19,0,0,B0:CB:D8:C9:92:00,1,0,1,1E:01:D0:40:E0:9E,6,0,NONE,2026-08-05T00:48:49.889804
45917,MGMT_OTHER,-69,25,183,631,65848,44280,9030835,0,100,19,0,0,B0:CB:D8:C9:92:00,1,0,1,1E:01:D0:40:E0:9E,6,0,NONE,2026-08-05T00:48:50.177804
45917,,-69,25,12234,2349,65848,44280,9031109,0,100,19,0,0,B0:CB:D8:C9:92:00,1,0,1,1E:01:D0:40:E0:9E,6,0,NONE,2026-08-05T00:48:50.451804
45917,,-69,25,9825,2329,65848,44280,9031436,0,100,19,0,0,B0:CB:D8:C9:92:00,1,0,1,1E:01:D0:40:E0:9E,6,0,NONE,2026-08-05T00:48:50.778804
45917,,-68,26,275,3339,65848,44280,9031558,0,100,19,0,0,B0:CB:D8:C9:92:00,1,0,1,1E:01:D0:40:E0:9E,6,0,NONE,2026-08-05T00:48:50.900804
45917,MGMT_OTHER,-67,27,1298,223,65848,44280,9031853,0,100,19,0,0,B0:CB:D8:C9:92:00,1,0,1,1E:01:D0:40:E0:9E,6,0,NONE,2026-08-05T00:48:51.195804
45917,,-57,37,0,814,65848,44280,9031989,0,100,19,0,0,B0:CB:D8:C9:92:00,1,0,0,1E:01:D0:40:E0:9E,6,0,NONE,2026-08-05T00:48:51.331804
45917,,-59,35,0,820,64008,44280,9032198,0,100,19,0,0,B0:CB:D8:C9:92:00,1,0,0,1E:01:D0:40:E0:9E,6,0,NONE,2026-08-05T00:48:51.540804
45917,MGMT_OTHER,-69,25,1096,308,65848,44280,9032475,0,100,19,0,0,B0:CB:D8:C9:92:00,1,0,1,1E:01:D0:40:E0:9E,6,0,NONE,2026-08-05T00:48:51.817804
45917,BEACON,-81,13,20463,2663,65848,44280,9032769,0,100,19,0,0,B0:CB:D8:C9:92:00,1,0,1,1E:01:D0:40:E0:9E,6,0,NONE,2026-08-05T00:48:52.111804
45917,,-70,24,8113,2102,65848,44280,9033074,0,100,19,0,0,B0:CB:D8:C9:92:00,1,0,1,1E:01:D0:40:E0:9E,6,0,NONE,2026-08-05T00:48:52.416804
45917,BEACON,-88,6,0,836,65848,44280,9033162,0,100,19,0,0,B0:CB:D8:C9:92:00,1,0,1,1E:01:D0:40:E0:9E,6,0,NONE,2026-08-05T00:48:52.504804
45917,MGMT_OTHER,-70,24,276,1669,65848,44280,9033316,0,100,19,0,0,B0:CB:D8:C9:92:00,1,0,1,1E:01:D0:40:E0:9E,6,0,NONE,2026-08-05T00:48:52.658804
45917,MGMT_OTHER,-70,24,446,3001,65848,44280,9033401,0,100,19,0,0,B0:CB:D8:C9:92:00,1,0,1,1E:01:D0:40:E0:9E,6,0,NONE,2026-08-05T00:48:52.743804
45917,MGMT_OTHER,-69,25,18487,99,65848,44280,9033616,0,100,19,0,0,B0:CB:D8:C9:92:00,1,0,1,1E:01:D0:40:E0:9E,6,0,NONE,2026-08-05T00:48:52.958804
45917,,-49,45,1418,789,65848,44280,9033896,0,100,19,0,0,B0:CB:D8:C9:92:00,1,0,1,1E:01:D0:40:E0:9E,6,0,NONE,2026-08-05T00:48:53.238804
45917,MGMT_OTHER,-69,25,966,2726,65848,44280,9034118,0,100,19,0,0,B0:CB:D8:C9:92:00,1,0,0,1E:01:D0:40:E0:9E,6,0,NONE,2026-08-05T00:48:53.460804
45917,MGMT_OTHER,-69,25,481,3545,65848,44280,9034393,0,100,19,0,0,B0:CB:D8:C9:92:00,1,0,1,1E:01:D0:40:E0:9E,6,0,NONE,2026-08-05T00:48:53.735804
45917,BEACON,-90,4,22560,2414,65848,44280,9034675,0,100,19,0,0,B0:CB:D8:C9:92:00,1,0,1,1E:01:D0:40:E0:9E,6,0,NONE,2026-08-05T00:48:54.017804
45917,,-69,25,438,3310,65848,44280,9034933,0,100,19,0,0,B0:CB:D8:C9:92:00,1,0,1,1E:01:D0:40:E0:9E,6,0,NONE,2026-08-05T00:48:54.275804
45917,,-69,25,442,1830,65848,44280,9035173,0,100,19,0,0,B0:CB:D8:C9:92:00,1,0,1,1E:01:D0:40:E0:9E,6,0,NONE,2026-08-05T00:48:54.515804
45917,,-69,25,892,3931,65848,44280,9035462,0,100,19,0,0,B0:CB:D8:C9:92:00,1,0,1,1E:01:D0:40:E0:9E,6,0,NONE,2026-08-05T00:48:54.804804
45917,PROBE_RESP,-75,19,0,0,65848,44280,9035607,0,100,19,0,0,B0:CB:D8:C9:92:00,1,0,0,1E:01:D0:40:E0:9E,6,0,NONE,2026-08-05T00:48:54.949804
45917,BEACON,-67,27,50463,2375,65848,44280,9035919,0,100,19,0,0,B0:CB:D8:C9:92:00,1,0,1,1E:01:D0:40:E0:9E,6,0,NONE,2026-08-05T00:48:55.261787
45917,MGMT_OTHER,-69,25,2046,2901,65848,44280,9036199,0,100,19,0,0,B0:CB:D8:C9:92:00,0,0,1,1E:01:D0:40:E0:9E,6,0,NONE,2026-08-05T00:48:55.541787
45917,PROBE_RESP,-75,19,0,1,65848,44280,9036294,0,100,19,0,0,B0:CB:D8:C9:92:00,0,0,0,1E:01:D0:40:E0:9E,6,0,NONE,2026-08-05T00:48:55.636787
45917,BEACON,-90,4,24855,1822,65848,44280,9036518,0,100,19,0,0,B0:CB:D8:C9:92:00,1,0,1,1E:01:D0:40:E0:9E,6,0,NONE,2026-08-05T00:48:55.860787
45917,PROBE_RESP,-88,6,0,0,65848,44280,9036789,0,100,19,0,0,B0:CB:D8:C9:92:00,1,0,0,1E:01:D0:40:E0:9E,6,0,NONE,2026-08-05T00:48:56.131787
45917,BEACON,-86,8,0,874,65848,44280,9037046,0,100,19,0,0,B0:CB:D8:C9:92:00,1,0,1,1E:01:D0:40:E0:9E,6,0,NONE,2026-08-05T00:48:56.388787
45917,,-68,26,361,2195,65848,44280,9037293,0,100,19,0,0,B0:CB:D8:C9:92:00,1,0,1,1E:01:D0:40:E0:9E,6,0,NONE,2026-08-05T00:48:56.635787
45917,MGMT_OTHER,-68,26,1111,560,65848,44280,9037524,0,100,19,0,0,B0:CB:D8:C9:92:00,1,0,0,1E:01:D0:40:E0:9E,6,0,NONE,2026-08-05T00:48:56.866787
45917,,-91,3,11754,2234,65848,44280,9037660,0,100,19,0,0,B0:CB:D8:C9:92:00,1,0,1,1E:01:D0:40:E0:9E,6,0,NONE,2026-08-05T00:48:57.002787
45917,,-70,24,339,2513,65848,44280,9037879,0,100,19,0,0,B0:CB:D8:C9:92:00,1,0,1,1E:01:D0:40:E0:9E,6,0,NONE,2026-08-05T00:48:57.221787
45917,MGMT_OTHER,-69,25,3151,3081,65848,44280,9038182,0,100,19,0,0,B0:CB:D8:C9:92:00,1,0,1,1E:01:D0:40:E0:9E,6,0,NONE,2026-08-05T00:48:57.524787
45917,,-88,6,8484,604,65848,44280,9038460,0,100,19,0,0,B0:CB:D8:C9:92:00,1,0,1,1E:01:D0:40:E0:9E,6,0,NONE,2026-08-05T00:48:57.802787
45917,,-46,48,15306,812,65848,44280,9038760,0,100,19,0,0,B0:CB:D8:C9:92:00,1,0,1,1E:01:D0:40:E0:9E,6,0,NONE,2026-08-05T00:48:58.102787
45917,MGMT_OTHER,-70,24,1005,2634,65848,44280,9039117,0,100,19,0,0,B0:CB:D8:C9:92:00,1,0,1,1E:01:D0:40:E0:9E,6,0,NONE,2026-08-05T00:48:58.459787
45917,,-69,25,473,2695,65848,44280,9039244,0,100,19,0,0,B0:CB:D8:C9:92:00,1,0,1,1E:01:D0:40:E0:9E,6,0,NONE,2026-08-05T00:48:58.586738
45917,MGMT_OTHER,-69,25,178,1091,65848,44280,9039369,0,100,19,0,0,B0:CB:D8:C9:92:00,1,0,1,1E:01:D0:40:E0:9E,6,0,NONE,2026-08-05T00:48:58.711738
45917,MGMT_OTHER,-69,25,1291,3499,65848,44280,9039514,0,100,19,0,0,B0:CB:D8:C9:92:00,1,0,1,1E:01:D0:40:E0:9E,6,0,NONE,2026-08-05T00:48:58.856738
45917,MGMT_OTHER,-69,25,178,2027,65848,44280,9039620,0,100,19,0,0,B0:CB:D8:C9:92:00,1,0,1,1E:01:D0:40:E0:9E,6,0,NONE,2026-08-05T00:48:58.962738
45917,,-46,48,152,815,65848,44280,9039964,0,100,19,0,0,B0:CB:D8:C9:92:00,1,0,0,1E:01:D0:40:E0:9E,6,0,NONE,2026-08-05T00:48:59.306738
45917,,-69,25,254,318,65848,44280,9040187,0,100,19,0,0,B0:CB:D8:C9:92:00,1,0,1,1E:01:D0:40:E0:9E,6,0,NONE,2026-08-05T00:48:59.529738
45917,MGMT_OTHER,-70,24,7327,1000,65848,44280,9040470,0,100,19,0,0,B0:CB:D8:C9:92:00,1,0,1,1E:01:D0:40:E0:9E,6,0,NONE,2026-08-05T00:48:59.812738
45917,BEACON,-46,48,0,928,65848,44280,9040753,0,100,19,0,0,B0:CB:D8:C9:92:00,1,0,1,1E:01:D0:40:E0:9E,6,0,NONE,2026-08-05T00:49:00.095738
45917,MGMT_OTHER,-70,24,5344,3078,65848,44280,9041143,0,100,19,0,0,B0:CB:D8:C9:92:00,1,0,1,1E:01:D0:40:E0:9E,6,0,NONE,2026-08-05T00:49:00.485738
45917,MGMT_OTHER,-68,26,525,1438,65848,44280,9041305,0,100,19,0,0,B0:CB:D8:C9:92:00,1,0,1,1E:01:D0:40:E0:9E,6,0,NONE,2026-08-05T00:49:00.647738
45917,MGMT_OTHER,-71,23,1460,1962,65848,44280,9041410,0,100,19,0,0,B0:CB:D8:C9:92:00,1,0,1,1E:01:D0:40:E0:9E,6,0,NONE,2026-08-05T00:49:00.752738
45917,MGMT_OTHER,-70,24,943,2132,65848,44280,9041616,0,100,19,0,0,B0:CB:D8:C9:92:00,1,0,1,1E:01:D0:40:E0:9E,6,0,NONE,2026-08-05T00:49:00.958738
45917,,-70,24,33138,1658,65848,44280,9041917,0,100,19,0,0,B0:CB:D8:C9:92:00,1,0,1,1E:01:D0:40:E0:9E,6,0,NONE,2026-08-05T00:49:01.259738
45917,,-50,44,1419,827,65848,44280,9042089,0,100,19,0,0,B0:CB:D8:C9:92:00,1,0,1,1E:01:D0:40:E0:9E,6,0,NONE,2026-08-05T00:49:01.431738
45917,MGMT_OTHER,-69,25,1144,1282,65848,44280,9042374,0,100,19,0,0,B0:CB:D8:C9:92:00,1,0,1,1E:01:D0:40:E0:9E,6,0,NONE,2026-08-05T00:49:01.716738
45917,MGMT_OTHER,-69,25,3758,221,65848,44280,9042647,0,100,19,0,0,B0:CB:D8:C9:92:00,1,0,1,1E:01:D0:40:E0:9E,6,0,NONE,2026-08-05T00:49:01.989738
45917,,4,4,0,0,65848,44280,9042813,0,100,19,0,0,B0:CB:D8:C9:92:00,1,0,1,1E:01:D0:40:E0:9E,6,0,NONE,2026-08-05T00:49:02.155738
45917,,-69,25,5439,505,65848,44280,9043009,0,100,19,0,0,B0:CB:D8:C9:92:00,1,0,1,1E:01:D0:40:E0:9E,6,0,NONE,2026-08-05T00:49:02.351738
45917,MGMT_OTHER,-69,25,213,3166,65848,44280,9043224,0,100,19,0,0,B0:CB:D8:C9:92:00,1,0,1,1E:01:D0:40:E0:9E,6,0,NONE,2026-08-05T00:49:02.566738
45917,,-69,25,371,3092,65848,44280,9043401,0,100,19,0,0,B0:CB:D8:C9:92:00,1,0,1,1E:01:D0:40:E0:9E,6,0,NONE,2026-08-05T00:49:02.743738
45917,,12,12,0,0,65848,44280,9043526,0,100,19,0,0,B0:CB:D8:C9:92:00,1,0,0,1E:01:D0:40:E0:9E,6,0,NONE,2026-08-05T00:49:02.868738
45917,MGMT_OTHER,-68,26,1471,1047,65848,44280,9043807,0,100,19,0,0,B0:CB:D8:C9:92:00,1,0,1,1E:01:D0:40:E0:9E,6,0,NONE,2026-08-05T00:49:03.149738
45917,MGMT_OTHER,-69,25,269,858,65848,44280,9044184,0,100,19,0,0,B0:CB:D8:C9:92:00,1,0,1,1E:01:D0:40:E0:9E,6,0,NONE,2026-08-05T00:49:03.526738
45917,MGMT_OTHER,-69,25,282,3279,65848,44280,9044356,0,100,19,0,0,B0:CB:D8:C9:92:00,1,0,0,1E:01:D0:40:E0:9E,6,0,NONE,2026-08-05T00:49:03.698738
45917,MGMT_OTHER,-69,25,1679,926,65848,44280,9044647,0,100,19,0,0,B0:CB:D8:C9:92:00,1,0,1,1E:01:D0:40:E0:9E,6,0,NONE,2026-08-05T00:49:03.989738
45917,MGMT_OTHER,-69,25,273,2732,65848,44280,9044903,0,100,19,0,0,B0:CB:D8:C9:92:00,1,0,1,1E:01:D0:40:E0:9E,6,0,NONE,2026-08-05T00:49:04.245738
45917,BEACON,-81,13,2937,2784,65848,44280,9045160,0,100,19,0,0,B0:CB:D8:C9:92:00,1,0,1,1E:01:D0:40:E0:9E,6,0,NONE,2026-08-05T00:49:04.502738
45917,,-69,25,213,2484,65848,44280,9045269,0,100,19,0,0,B0:CB:D8:C9:92:00,1,0,1,1E:01:D0:40:E0:9E,6,0,NONE,2026-08-05T00:49:04.611738
45917,BEACON,-66,28,0,2467,65848,44280,9045340,0,100,19,0,0,B0:CB:D8:C9:92:00,1,0,1,1E:01:D0:40:E0:9E,6,0,NONE,2026-08-05T00:49:04.682738
45917,,-69,25,1226,1129,65848,44280,9045460,0,100,19,0,0,B0:CB:D8:C9:92:00,1,0,1,1E:01:D0:40:E0:9E,6,0,NONE,2026-08-05T00:49:04.802738
45917,,-69,25,510,3139,65848,44280,9045610,0,100,19,0,0,B0:CB:D8:C9:92:00,1,0,1,1E:01:D0:40:E0:9E,6,0,NONE,2026-08-05T00:49:04.952738
45917,MGMT_OTHER,-70,24,528,644,65848,44280,9045815,0,100,19,0,0,B0:CB:D8:C9:92:00,1,0,1,1E:01:D0:40:E0:9E,6,0,NONE,2026-08-05T00:49:05.157738
45917,,-70,24,1391,1380,65848,44280,9045998,0,100,19,0,0,B0:CB:D8:C9:92:00,1,0,1,1E:01:D0:40:E0:9E,6,0,NONE,2026-08-05T00:49:05.340738
45917,MGMT_OTHER,-70,24,6415,2629,65848,44280,9046102,0,100,19,0,0,B0:CB:D8:C9:92:00,1,0,1,1E:01:D0:40:E0:9E,6,0,NONE,2026-08-05T00:49:05.444738
45917,MGMT_OTHER,-70,24,277,3506,65848,44280,9046388,0,100,19,0,0,B0:CB:D8:C9:92:00,1,0,1,1E:01:D0:40:E0:9E,6,0,NONE,2026-08-05T00:49:05.730738
45917,MGMT_OTHER,-69,25,2067,1319,65848,44280,9046682,0,100,19,0,0,B0:CB:D8:C9:92:00,1,0,1,1E:01:D0:40:E0:9E,6,0,NONE,2026-08-05T00:49:06.024738
45917,,-69,25,920,1271,65848,44280,9046827,0,100,19,0,0,B0:CB:D8:C9:92:00,1,0,1,1E:01:D0:40:E0:9E,6,0,NONE,2026-08-05T00:49:06.169738
45917,MGMT_OTHER,-71,23,297,1740,65848,44280,9047083,0,100,19,0,0,B0:CB:D8:C9:92:00,1,0,1,1E:01:D0:40:E0:9E,6,0,NONE,2026-08-05T00:49:06.425738
45917,,-69,25,1655,251,65848,44280,9047231,0,100,19,0,0,B0:CB:D8:C9:92:00,1,0,1,1E:01:D0:40:E0:9E,6,0,NONE,2026-08-05T00:49:06.573738
45917,MGMT_OTHER,-70,24,13245,2862,65848,44280,9047389,0,100,19,0,0,B0:CB:D8:C9:92:00,1,0,1,1E:01:D0:40:E0:9E,6,0,NONE,2026-08-05T00:49:06.731738
45917,MGMT_OTHER,-69,25,2160,1993,65848,44280,9047462,0,100,19,0,0,B0:CB:D8:C9:92:00,1,0,1,1E:01:D0:40:E0:9E,6,0,NONE,2026-08-05T00:49:06.804738
45917,MGMT_OTHER,-69,25,1632,917,65848,44280,9047634,0,100,19,0,0,B0:CB:D8:C9:92:00,1,0,1,1E:01:D0:40:E0:9E,6,0,NONE,2026-08-05T00:49:06.976738
45917,,-70,24,3242,748,65848,44280,9047903,0,100,19,0,0,B0:CB:D8:C9:92:00,1,0,1,1E:01:D0:40:E0:9E,6,0,NONE,2026-08-05T00:49:07.245738
45917,MGMT_OTHER,-69,25,222,3584,65848,44280,9048222,0,100,19,0,0,B0:CB:D8:C9:92:00,1,0,0,1E:01:D0:40:E0:9E,6,0,NONE,2026-08-05T00:49:07.564738
45917,,-69,25,757,3370,65848,44280,9048417,0,100,19,0,0,B0:CB:D8:C9:92:00,1,0,1,1E:01:D0:40:E0:9E,6,0,NONE,2026-08-05T00:49:07.759738
45917,MGMT_OTHER,-70,24,895,1108,65848,44280,9048589,0,100,19,0,0,B0:CB:D8:C9:92:00,1,0,1,1E:01:D0:40:E0:9E,6,0,NONE,2026-08-05T00:49:07.931738
45917,,-79,15,218,322,65848,44280,9048751,0,100,19,0,0,B0:CB:D8:C9:92:00,0,0,0,1E:01:D0:40:E0:9E,6,0,NONE,2026-08-05T00:49:08.093738
45917,BEACON,-60,34,0,2503,65848,44280,9049032,0,100,19,0,0,B0:CB:D8:C9:92:00,1,0,1,1E:01:D0:40:E0:9E,6,0,NONE,2026-08-05T00:49:08.374738
45917,,-46,48,8243,863,65848,44280,9049161,0,100,19,0,0,B0:CB:D8:C9:92:00,1,0,1,1E:01:D0:40:E0:9E,6,0,NONE,2026-08-05T00:49:08.503738
45917,MGMT_OTHER,-70,24,0,615,65848,44280,9049268,0,100,19,0,0,B0:CB:D8:C9:92:00,1,0,1,1E:01:D0:40:E0:9E,6,0,NONE,2026-08-05T00:49:08.610738
45917,MGMT_OTHER,-70,24,194,1311,65848,44280,9049465,0,100,19,0,0,B0:CB:D8:C9:92:00,1,0,1,1E:01:D0:40:E0:9E,6,0,NONE,2026-08-05T00:49:08.807738
45917,,-46,48,24118,870,65848,44280,9049620,0,100,19,0,0,B0:CB:D8:C9:92:00,1,0,1,1E:01:D0:40:E0:9E,6,0,NONE,2026-08-05T00:49:08.962738
45917,MGMT_OTHER,-67,27,375,1447,65848,44280,9049795,0,100,19,0,0,B0:CB:D8:C9:92:00,1,0,1,1E:01:D0:40:E0:9E,6,0,NONE,2026-08-05T00:49:09.137738
45917,MGMT_OTHER,-70,24,215,1204,65848,44280,9049999,0,100,19,0,0,B0:CB:D8:C9:92:00,1,0,1,1E:01:D0:40:E0:9E,6,0,NONE,2026-08-05T00:49:09.341738
45917,PROBE_RESP,-88,6,91,1,65848,44280,9050166,0,100,19,0,0,B0:CB:D8:C9:92:00,1,0,1,1E:01:D0:40:E0:9E,6,0,NONE,2026-08-05T00:49:09.508738
45917,MGMT_OTHER,-69,25,1132,2703,65848,44280,9050401,0,100,19,0,0,B0:CB:D8:C9:92:00,1,0,0,1E:01:D0:40:E0:9E,6,0,NONE,2026-08-05T00:49:09.743738
45917,MGMT_OTHER,-69,25,213,1890,65848,44280,9050632,0,100,19,0,0,B0:CB:D8:C9:92:00,1,0,1,1E:01:D0:40:E0:9E,6,0,NONE,2026-08-05T00:49:09.974738
45917,MGMT_OTHER,-69,25,9609,1668,65848,44280,9050857,0,100,19,0,0,B0:CB:D8:C9:92:00,1,0,1,1E:01:D0:40:E0:9E,6,0,NONE,2026-08-05T00:49:10.199738
45917,BEACON,-46,48,283,1068,65848,44280,9051096,0,100,19,0,0,B0:CB:D8:C9:92:00,0,0,1,1E:01:D0:40:E0:9E,6,0,NONE,2026-08-05T00:49:10.438738
45917,,-69,25,561,3375,65848,44280,9051252,0,100,19,0,0,B0:CB:D8:C9:92:00,1,0,1,1E:01:D0:40:E0:9E,6,0,NONE,2026-08-05T00:49:10.594738
45917,,-70,24,199,2729,65848,44280,9051316,0,100,19,0,0,B0:CB:D8:C9:92:00,1,0,1,1E:01:D0:40:E0:9E,6,0,NONE,2026-08-05T00:49:10.658738
45917,MGMT_OTHER,-70,24,4672,1362,65848,44280,9051393,0,100,19,0,0,B0:CB:D8:C9:92:00,1,0,1,1E:01:D0:40:E0:9E,6,0,NONE,2026-08-05T00:49:10.735738
45917,,-70,22,792,572,65848,44280,9051540,0,100,19,0,0,B0:CB:D8:C9:92:00,1,0,1,1E:01:D0:40:E0:9E,6,0,NONE,2026-08-05T00:49:10.882738
45917,,-71,21,6230,712,65848,44280,9051722,0,100,19,0,0,B0:CB:D8:C9:92:00,1,0,1,1E:01:D0:40:E0:9E,6,0,NONE,2026-08-05T00:49:11.064738
45917,,-71,21,5258,916,65848,44280,9051908,0,100,19,0,0,B0:CB:D8:C9:92:00,1,0,1,1E:01:D0:40:E0:9E,6,0,NONE,2026-08-05T00:49:11.250738
45917,BEACON,-46,46,1226,1082,65848,44280,9052120,0,100,19,0,0,B0:CB:D8:C9:92:00,1,0,1,1E:01:D0:40:E0:9E,6,0,NONE,2026-08-05T00:49:11.462738
45917,,-71,21,892,1361,65848,44280,9052377,0,100,19,0,0,B0:CB:D8:C9:92:00,1,0,1,1E:01:D0:40:E0:9E,6,0,NONE,2026-08-05T00:49:11.719738
45917,PROBE_RESP,-91,1,0,0,65848,44280,9052564,0,100,19,0,0,B0:CB:D8:C9:92:00,1,0,1,1E:01:D0:40:E0:9E,6,0,NONE,2026-08-05T00:49:11.906738
45917,PROBE_RESP,-77,15,0,0,65848,44280,9052766,0,100,19,0,0,B0:CB:D8:C9:92:00,1,0,0,1E:01:D0:40:E0:9E,6,0,NONE,2026-08-05T00:49:12.108738
45917,MGMT_OTHER,-72,20,14143,145,65848,44280,9053007,0,100,19,0,0,B0:CB:D8:C9:92:00,1,0,1,1E:01:D0:40:E0:9E,6,0,NONE,2026-08-05T00:49:12.349738
45917,,-71,21,641,920,65848,44280,9053194,0,100,19,0,0,B0:CB:D8:C9:92:00,1,0,1,1E:01:D0:40:E0:9E,6,0,NONE,2026-08-05T00:49:12.536738
45917,MGMT_OTHER,-71,21,436,2265,65848,44280,9053269,0,100,19,0,0,B0:CB:D8:C9:92:00,1,0,1,1E:01:D0:40:E0:9E,6,0,NONE,2026-08-05T00:49:12.611738
45917,MGMT_OTHER,-72,20,338,2229,65848,44280,9053362,0,100,19,0,0,B0:CB:D8:C9:92:00,1,0,1,1E:01:D0:40:E0:9E,6,0,NONE,2026-08-05T00:49:12.704738
45917,MGMT_OTHER,-72,20,1358,3337,65848,44280,9053540,0,100,19,0,0,B0:CB:D8:C9:92:00,1,0,1,1E:01:D0:40:E0:9E,6,0,NONE,2026-08-05T00:49:12.882738
45917,MGMT_OTHER,-72,20,6598,2092,65848,44280,9053755,0,100,19,0,0,B0:CB:D8:C9:92:00,1,0,1,1E:01:D0:40:E0:9E,6,0,NONE,2026-08-05T00:49:13.097738
45917,,-49,43,155,891,65848,44280,9053971,0,100,19,0,0,B0:CB:D8:C9:92:00,1,0,0,1E:01:D0:40:E0:9E,6,0,NONE,2026-08-05T00:49:13.313738
45917,,-70,22,755,1613,65848,44280,9054172,0,100,19,0,0,B0:CB:D8:C9:92:00,1,0,1,1E:01:D0:40:E0:9E,6,0,NONE,2026-08-05T00:49:13.514738
45917,BEACON,-92,0,23919,1997,65848,44280,9054442,0,100,19,0,0,B0:CB:D8:C9:92:00,1,0,1,1E:01:D0:40:E0:9E,6,0,NONE,2026-08-05T00:49:13.784738
45917,MGMT_OTHER,-70,22,240,2443,65848,44280,9054682,0,100,19,0,0,B0:CB:D8:C9:92:00,1,0,1,1E:01:D0:40:E0:9E,6,0,NONE,2026-08-05T00:49:14.024738
45917,PROBE_REQ,-65,27,11504,2287,65848,44280,9054921,0,100,19,0,0,B0:CB:D8:C9:92:00,1,0,1,1E:01:D0:40:E0:9E,6,0,NONE,2026-08-05T00:49:14.263738
45917,,-73,19,16078,3460,65848,44280,9055172,0,100,19,0,0,B0:CB:D8:C9:92:00,1,0,1,1E:01:D0:40:E0:9E,6,0,NONE,2026-08-05T00:49:14.514738
45917,,-71,21,650,107,65848,44280,9055289,0,100,19,0,0,B0:CB:D8:C9:92:00,1,0,1,1E:01:D0:40:E0:9E,6,0,NONE,2026-08-05T00:49:14.631738
45917,MGMT_OTHER,-70,22,294,1782,65848,44280,9055565,0,100,19,0,0,B0:CB:D8:C9:92:00,1,0,1,1E:01:D0:40:E0:9E,6,0,NONE,2026-08-05T00:49:14.907738
45917,MGMT_OTHER,-71,21,509,1677,65848,44280,9055696,0,100,19,0,0,B0:CB:D8:C9:92:00,1,0,1,1E:01:D0:40:E0:9E,6,0,NONE,2026-08-05T00:49:15.038738
45917,BEACON,-63,29,88,2565,65848,44280,9055785,0,100,19,0,0,B0:CB:D8:C9:92:00,1,0,1,1E:01:D0:40:E0:9E,6,0,NONE,2026-08-05T00:49:15.127738
45917,,-72,20,1096,1577,65848,44280,9055997,0,100,19,0,0,B0:CB:D8:C9:92:00,1,0,1,1E:01:D0:40:E0:9E,6,0,NONE,2026-08-05T00:49:15.339738
45917,MGMT_OTHER,-73,19,2099,1494,65848,44280,9056107,0,100,19,0,0,B0:CB:D8:C9:92:00,1,0,1,1E:01:D0:40:E0:9E,6,0,NONE,2026-08-05T00:49:15.449738
45917,,-71,21,1252,2066,65848,44280,9056258,0,100,19,0,0,B0:CB:D8:C9:92:00,1,0,1,1E:01:D0:40:E0:9E,6,0,NONE,2026-08-05T00:49:15.600738
45917,,-72,20,461,3877,65848,44280,9056442,0,100,19,0,0,B0:CB:D8:C9:92:00,1,0,1,1E:01:D0:40:E0:9E,6,0,NONE,2026-08-05T00:49:15.784738
45917,,-72,20,1491,2726,65848,44280,9056653,0,100,19,0,0,B0:CB:D8:C9:92:00,1,0,1,1E:01:D0:40:E0:9E,6,0,NONE,2026-08-05T00:49:15.995738
45917,BEACON,-49,43,10153,1139,65848,44280,9056832,0,100,19,0,0,B0:CB:D8:C9:92:00,1,0,1,1E:01:D0:40:E0:9E,6,0,NONE,2026-08-05T00:49:16.174738
45917,MGMT_OTHER,-73,19,4600,2441,65848,44280,9056982,0,100,19,0,0,B0:CB:D8:C9:92:00,1,0,0,1E:01:D0:40:E0:9E,6,0,NONE,2026-08-05T00:49:16.324738
45917,,-73,19,283,2347,65848,44280,9057174,0,100,19,0,0,B0:CB:D8:C9:92:00,1,0,1,1E:01:D0:40:E0:9E,6,0,NONE,2026-08-05T00:49:16.516738
45917,,-70,22,1708,1005,65848,44280,9057285,0,100,19,0,0,B0:CB:D8:C9:92:00,1,0,1,1E:01:D0:40:E0:9E,6,0,NONE,2026-08-05T00:49:16.627738
45917,MGMT_OTHER,-70,22,18078,192,65848,44280,9057396,0,100,19,0,0,B0:CB:D8:C9:92:00,1,0,1,1E:01:D0:40:E0:9E,6,0,NONE,2026-08-05T00:49:16.738738
45917,,-70,22,402,329,65848,44280,9057499,0,100,19,0,0,B0:CB:D8:C9:92:00,1,0,1,1E:01:D0:40:E0:9E,6,0,NONE,2026-08-05T00:49:16.841738
45917,,-69,23,155,1396,65848,44280,9057590,0,100,19,0,0,B0:CB:D8:C9:92:00,1,0,1,1E:01:D0:40:E0:9E,6,0,NONE,2026-08-05T00:49:16.932738
45917,,-69,23,0,1151,64008,44280,9057725,0,100,19,0,0,B0:CB:D8:C9:92:00,1,0,0,1E:01:D0:40:E0:9E,6,0,NONE,2026-08-05T00:49:17.067006
45917,MGMT_OTHER,-71,21,7488,1286,65848,44280,9057930,0,100,19,0,0,B0:CB:D8:C9:92:00,1,0,1,1E:01:D0:40:E0:9E,6,0,NONE,2026-08-05T00:49:17.272006
45917,MGMT_OTHER,-70,22,355,3256,65848,44280,9058089,0,100,19,0,0,B0:CB:D8:C9:92:00,1,0,1,1E:01:D0:40:E0:9E,6,0,NONE,2026-08-05T00:49:17.431006
45917,MGMT_OTHER,10,10,0,0,65848,44280,9058271,0,100,19,0,0,B0:CB:D8:C9:92:00,1,0,1,1E:01:D0:40:E0:9E,6,0,NONE,2026-08-05T00:49:17.613006
45917,MGMT_OTHER,-73,19,898,3729,65848,44280,9058466,0,100,19,0,0,B0:CB:D8:C9:92:00,1,0,1,1E:01:D0:40:E0:9E,6,0,NONE,2026-08-05T00:49:17.808006
45917,,-71,21,1404,3188,65848,44280,9058599,0,100,19,0,0,B0:CB:D8:C9:92:00,1,0,1,1E:01:D0:40:E0:9E,6,0,NONE,2026-08-05T00:49:17.941006
45917,BEACON,-44,48,5261,1164,65848,44280,9058777,0,100,19,0,0,B0:CB:D8:C9:92:00,1,0,1,1E:01:D0:40:E0:9E,6,0,NONE,2026-08-05T00:49:18.119006
45917,,-71,21,10121,3076,65848,44280,9058982,0,100,19,0,0,B0:CB:D8:C9:92:00,1,0,1,1E:01:D0:40:E0:9E,6,0,NONE,2026-08-05T00:49:18.324006
45917,BEACON,-63,29,0,2594,65848,44280,9059175,0,100,19,0,0,B0:CB:D8:C9:92:00,1,0,1,1E:01:D0:40:E0:9E,6,0,NONE,2026-08-05T00:49:18.517006
45917,,-73,19,1422,312,65848,44280,9059226,0,100,19,0,0,B0:CB:D8:C9:92:00,1,0,1,1E:01:D0:40:E0:9E,6,0,NONE,2026-08-05T00:49:18.567058
45917,BEACON,-62,30,8215,2596,65848,44280,9059369,0,100,19,0,0,B0:CB:D8:C9:92:00,1,0,0,1E:01:D0:40:E0:9E,6,0,NONE,2026-08-05T00:49:18.710058
45917,MGMT_OTHER,-70,22,357,3552,65848,44280,9059499,0,100,19,0,0,B0:CB:D8:C9:92:00,1,0,1,1E:01:D0:40:E0:9E,6,0,NONE,2026-08-05T00:49:18.840058
45917,,-72,20,7358,2171,65848,44280,9059611,0,100,19,0,0,B0:CB:D8:C9:92:00,1,0,1,1E:01:D0:40:E0:9E,6,0,NONE,2026-08-05T00:49:18.952058
45917,BEACON,-78,14,0,2889,65776,44280,9059702,0,100,19,0,0,B0:CB:D8:C9:92:00,1,0,0,1E:01:D0:40:E0:9E,6,0,NONE,2026-08-05T00:49:19.043058
45917,,-73,19,3024,1471,65848,44280,9059803,0,100,19,0,0,B0:CB:D8:C9:92:00,1,0,1,1E:01:D0:40:E0:9E,6,0,NONE,2026-08-05T00:49:19.144058
45917,PROBE_RESP,-63,29,0,2329,65848,44280,9060004,0,100,19,0,0,B0:CB:D8:C9:92:00,1,0,1,1E:01:D0:40:E0:9E,6,0,NONE,2026-08-05T00:49:19.345058
45917,MGMT_OTHER,11,11,0,0,65848,44280,9060113,0,100,19,0,0,B0:CB:D8:C9:92:00,1,0,0,1E:01:D0:40:E0:9E,6,0,NONE,2026-08-05T00:49:19.454058
45917,BEACON,-63,29,60,2606,65848,44280,9060393,0,100,19,0,0,B0:CB:D8:C9:92:00,1,0,1,1E:01:D0:40:E0:9E,6,0,NONE,2026-08-05T00:49:19.734058
45917,BEACON,-78,14,0,2897,65848,44280,9060522,0,100,19,0,0,B0:CB:D8:C9:92:00,1,0,0,1E:01:D0:40:E0:9E,6,0,NONE,2026-08-05T00:49:19.863058
45917,,-70,22,397,1344,65848,44280,9060744,0,100,19,0,0,B0:CB:D8:C9:92:00,1,0,1,1E:01:D0:40:E0:9E,6,0,NONE,2026-08-05T00:49:20.085058
45917,,-47,45,5215,939,65848,44280,9060883,0,100,19,0,0,B0:CB:D8:C9:92:00,1,0,1,1E:01:D0:40:E0:9E,6,0,NONE,2026-08-05T00:49:20.224058
45917,,-88,4,426,581,65848,44280,9061050,0,100,19,0,0,B0:CB:D8:C9:92:00,1,0,1,1E:01:D0:40:E0:9E,6,0,NONE,2026-08-05T00:49:20.391058
45917,BEACON,-93,-1,10210,2063,65852,44280,9061209,0,100,19,0,0,B0:CB:D8:C9:92:00,1,0,1,1E:01:D0:40:E0:9E,6,0,NONE,2026-08-05T00:49:20.550058
45917,,-73,19,2864,2430,65852,44280,9061352,0,100,19,0,0,B0:CB:D8:C9:92:00,1,0,1,1E:01:D0:40:E0:9E,6,0,NONE,2026-08-05T00:49:20.693058
45917,MGMT_OTHER,-73,19,902,566,65852,44280,9061533,0,100,19,0,0,B0:CB:D8:C9:92:00,1,0,1,1E:01:D0:40:E0:9E,6,0,NONE,2026-08-05T00:49:20.874058
45917,,-72,20,1834,3823,65852,44280,9061659,0,100,19,0,0,B0:CB:D8:C9:92:00,1,0,1,1E:01:D0:40:E0:9E,6,0,NONE,2026-08-05T00:49:21.000058
45917,BEACON,-46,46,384,1212,65852,44280,9061848,0,100,19,0,0,B0:CB:D8:C9:92:00,1,0,1,1E:01:D0:40:E0:9E,6,0,NONE,2026-08-05T00:49:21.189058
45917,MGMT_OTHER,-72,20,1384,2614,65852,44280,9061982,0,100,19,0,0,B0:CB:D8:C9:92:00,1,0,1,1E:01:D0:40:E0:9E,6,0,NONE,2026-08-05T00:49:21.323058
45917,MGMT_OTHER,-71,21,510,3549,65848,44280,9062105,0,100,19,0,0,B0:CB:D8:C9:92:00,1,0,1,1E:01:D0:40:E0:9E,6,0,NONE,2026-08-05T00:49:21.446058
45917,,-48,44,347,1220,65848,44280,9062205,0,100,19,0,0,B0:CB:D8:C9:92:00,1,0,0,1E:01:D0:40:E0:9E,6,0,NONE,2026-08-05T00:49:21.546058
45917,MGMT_OTHER,-72,20,12994,611,65848,44280,9062353,0,100,19,0,0,B0:CB:D8:C9:92:00,1,0,1,1E:01:D0:40:E0:9E,6,0,NONE,2026-08-05T00:49:21.694058
45917,,-71,21,1073,2691,65848,44280,9062499,0,100,19,0,0,B0:CB:D8:C9:92:00,1,0,1,1E:01:D0:40:E0:9E,6,0,NONE,2026-08-05T00:49:21.840058
45917,,-50,42,199,950,65848,44280,9062673,0,100,19,0,0,B0:CB:D8:C9:92:00,1,0,0,1E:01:D0:40:E0:9E,6,0,NONE,2026-08-05T00:49:22.014058
45917,BEACON,-64,28,88,2631,65848,44280,9062953,0,100,19,0,0,B0:CB:D8:C9:92:00,1,0,1,1E:01:D0:40:E0:9E,6,0,NONE,2026-08-05T00:49:22.294058
45917,MGMT_OTHER,-72,20,15664,343,65848,44280,9063146,0,100,19,0,0,B0:CB:D8:C9:92:00,1,0,1,1E:01:D0:40:E0:9E,6,0,NONE,2026-08-05T00:49:22.487058
45917,,-72,20,775,2691,65848,44280,9063312,0,100,19,0,0,B0:CB:D8:C9:92:00,1,0,1,1E:01:D0:40:E0:9E,6,0,NONE,2026-08-05T00:49:22.653058
45917,MGMT_OTHER,-71,21,2252,2248,65848,44280,9063399,0,100,19,0,0,B0:CB:D8:C9:92:00,1,0,1,1E:01:D0:40:E0:9E,6,0,NONE,2026-08-05T00:49:22.740058
45917,MGMT_OTHER,-72,20,4854,63,65848,44280,9063573,0,100,19,0,0,B0:CB:D8:C9:92:00,1,0,1,1E:01:D0:40:E0:9E,6,0,NONE,2026-08-05T00:49:22.914058
45917,MGMT_OTHER,-72,20,303,2193,65848,44280,9063791,0,100,19,0,0,B0:CB:D8:C9:92:00,1,0,1,1E:01:D0:40:E0:9E,6,0,NONE,2026-08-05T00:49:23.132058
45917,,-69,23,217,2,65848,44280,9063904,0,100,19,0,0,B0:CB:D8:C9:92:00,1,0,1,1E:01:D0:40:E0:9E,6,0,NONE,2026-08-05T00:49:23.245058
45917,,-48,44,43761,957,65848,44280,9064055,0,100,19,0,0,B0:CB:D8:C9:92:00,1,0,1,1E:01:D0:40:E0:9E,6,0,NONE,2026-08-05T00:49:23.396058
45917,BEACON,-91,1,25079,2060,65848,44280,9064383,0,100,19,0,0,B0:CB:D8:C9:92:00,1,0,1,1E:01:D0:40:E0:9E,6,0,NONE,2026-08-05T00:49:23.724058
45917,,-70,22,687,197,65848,44280,9064655,0,100,19,0,0,B0:CB:D8:C9:92:00,1,0,1,1E:01:D0:40:E0:9E,6,0,NONE,2026-08-05T00:49:23.996058
45917,MGMT_OTHER,-72,20,2124,2829,65848,44280,9064830,0,100,19,0,0,B0:CB:D8:C9:92:00,1,0,1,1E:01:D0:40:E0:9E,6,0,NONE,2026-08-05T00:49:24.171058
45917,,-72,20,2259,3696,65848,44280,9065042,0,100,19,0,0,B0:CB:D8:C9:92:00,1,0,1,1E:01:D0:40:E0:9E,6,0,NONE,2026-08-05T00:49:24.383058
45917,,-72,20,226,3981,65848,44280,9065212,0,100,19,0,0,B0:CB:D8:C9:92:00,0,0,1,1E:01:D0:40:E0:9E,6,0,NONE,2026-08-05T00:49:24.553058
45917,MGMT_OTHER,-72,20,222,2721,65848,44280,9065278,0,100,19,0,0,B0:CB:D8:C9:92:00,0,0,1,1E:01:D0:40:E0:9E,6,0,NONE,2026-08-05T00:49:24.619058
45917,MGMT_OTHER,-70,22,238,2225,65848,44280,9065347,0,100,19,0,0,B0:CB:D8:C9:92:00,1,0,1,1E:01:D0:40:E0:9E,6,0,NONE,2026-08-05T00:49:24.688058
45917,,-70,22,425,2792,65848,44280,9065471,0,100,19,0,0,B0:CB:D8:C9:92:00,1,0,1,1E:01:D0:40:E0:9E,6,0,NONE,2026-08-05T00:49:24.812058
45917,,-71,21,1443,3086,65848,44280,9065540,0,100,19,0,0,B0:CB:D8:C9:92:00,1,0,1,1E:01:D0:40:E0:9E,6,0,NONE,2026-08-05T00:49:24.881058
45917,,-70,22,415,2081,65832,44280,9065632,0,100,19,0,0,B0:CB:D8:C9:92:00,1,0,1,1E:01:D0:40:E0:9E,6,0,NONE,2026-08-05T00:49:24.973058
45917,BEACON,-65,27,16445,2658,65848,44280,9065719,0,100,19,0,0,B0:CB:D8:C9:92:00,1,0,1,1E:01:D0:40:E0:9E,6,0,NONE,2026-08-05T00:49:25.060058
45917,,-70,22,452,236,65848,44280,9065896,0,100,19,0,0,B0:CB:D8:C9:92:00,1,0,1,1E:01:D0:40:E0:9E,6,0,NONE,2026-08-05T00:49:25.237058
45917,,-92,0,3373,0,65848,44280,9066102,0,100,19,0,0,B0:CB:D8:C9:92:00,1,0,0,1E:01:D0:40:E0:9E,6,0,NONE,2026-08-05T00:49:25.443058
45917,,-70,22,424,3491,65848,44280,9066265,0,100,19,0,0,B0:CB:D8:C9:92:00,1,0,1,1E:01:D0:40:E0:9E,6,0,NONE,2026-08-05T00:49:25.606058
45917,MGMT_OTHER,-90,2,5905,1668,65848,44280,9066397,0,100,19,0,0,B0:CB:D8:C9:92:00,1,0,1,1E:01:D0:40:E0:9E,6,0,NONE,2026-08-05T00:49:25.738058
45917,MGMT_OTHER,-72,20,504,1338,65848,44280,9066552,0,100,19,0,0,B0:CB:D8:C9:92:00,1,0,1,1E:01:D0:40:E0:9E,6,0,NONE,2026-08-05T00:49:25.893058
45917,,-72,20,394,4015,65848,44280,9066644,0,100,19,0,0,B0:CB:D8:C9:92:00,1,0,1,1E:01:D0:40:E0:9E,6,0,NONE,2026-08-05T00:49:25.985058
45917,,-70,22,541,1514,65848,44280,9066920,0,100,19,0,0,B0:CB:D8:C9:92:00,1,0,1,1E:01:D0:40:E0:9E,6,0,NONE,2026-08-05T00:49:26.261058
45917,MGMT_OTHER,-71,21,4624,2967,65848,44280,9067103,0,100,19,0,0,B0:CB:D8:C9:92:00,1,0,1,1E:01:D0:40:E0:9E,6,0,NONE,2026-08-05T00:49:26.444058
45917,,-70,22,559,3661,65848,44280,9067258,0,100,19,0,0,B0:CB:D8:C9:92:00,1,0,1,1E:01:D0:40:E0:9E,6,0,NONE,2026-08-05T00:49:26.599058
45917,MGMT_OTHER,-72,20,1901,1846,65848,44280,9067309,0,100,19,0,0,B0:CB:D8:C9:92:00,1,0,1,1E:01:D0:40:E0:9E,6,0,NONE,2026-08-05T00:49:26.650058
45917,AUTH,-87,5,3116,1703,65848,44280,9067391,0,100,19,0,0,B0:CB:D8:C9:92:00,1,0,1,1E:01:D0:40:E0:9E,6,0,NONE,2026-08-05T00:49:26.732058
45917,,-69,23,240,3886,65848,44280,9067483,0,100,19,0,0,B0:CB:D8:C9:92:00,1,0,1,1E:01:D0:40:E0:9E,6,0,NONE,2026-08-05T00:49:26.824058
45917,,-69,23,362,2677,65848,44280,9067528,0,100,19,0,0,B0:CB:D8:C9:92:00,1,0,1,1E:01:D0:40:E0:9E,6,0,NONE,2026-08-05T00:49:26.869058
45917,,-72,20,230,2042,65848,44280,9067626,0,100,19,0,0,B0:CB:D8:C9:92:00,1,0,1,1E:01:D0:40:E0:9E,6,0,NONE,2026-08-05T00:49:26.967058
45917,,-72,20,226,1685,65848,44280,9067814,0,100,19,0,0,B0:CB:D8:C9:92:00,1,0,1,1E:01:D0:40:E0:9E,6,0,NONE,2026-08-05T00:49:27.155058
45917,MGMT_OTHER,-73,19,208,2874,65848,44280,9068009,0,100,19,0,0,B0:CB:D8:C9:92:00,1,0,1,1E:01:D0:40:E0:9E,6,0,NONE,2026-08-05T00:49:27.350058
45917,MGMT_OTHER,-72,20,0,2415,65848,44280,9068204,0,100,19,0,0,B0:CB:D8:C9:92:00,1,0,1,1E:01:D0:40:E0:9E,6,0,NONE,2026-08-05T00:49:27.545058
45917,,-72,20,209,1609,65848,44280,9068456,0,100,19,0,0,B0:CB:D8:C9:92:00,1,0,1,1E:01:D0:40:E0:9E,6,0,NONE,2026-08-05T00:49:27.797058
45917,,-72,20,191,2787,65848,44280,9068657,0,100,19,0,0,B0:CB:D8:C9:92:00,1,0,1,1E:01:D0:40:E0:9E,6,0,NONE,2026-08-05T00:49:27.998058
45917,,-72,20,1674,3905,65848,44280,9068851,0,100,19,0,0,B0:CB:D8:C9:92:00,1,0,1,1E:01:D0:40:E0:9E,6,0,NONE,2026-08-05T00:49:28.192058
45917,BEACON,-83,9,6414,3017,65848,44280,9069020,0,100,19,0,0,B0:CB:D8:C9:92:00,1,0,1,1E:01:D0:40:E0:9E,6,0,NONE,2026-08-05T00:49:28.361058
45917,,-72,20,433,1461,65848,44280,9069237,0,100,19,0,0,B0:CB:D8:C9:92:00,1,0,1,1E:01:D0:40:E0:9E,6,0,NONE,2026-08-05T00:49:28.578058
45917,,-72,20,2415,3010,65848,44280,9069327,0,100,19,0,0,B0:CB:D8:C9:92:00,1,0,1,1E:01:D0:40:E0:9E,6,0,NONE,2026-08-05T00:49:28.668058
45917,BEACON,-84,8,433,3021,65848,44280,9069430,0,100,19,0,0,B0:CB:D8:C9:92:00,1,0,1,1E:01:D0:40:E0:9E,6,0,NONE,2026-08-05T00:49:28.771058
45917,MGMT_OTHER,-72,20,14701,1362,65848,44280,9069494,0,100,19,0,0,B0:CB:D8:C9:92:00,1,0,1,1E:01:D0:40:E0:9E,6,0,NONE,2026-08-05T00:49:28.833850
45917,PROBE_RESP,-92,0,0,0,65848,44280,9069656,0,100,19,0,0,B0:CB:D8:C9:92:00,1,0,0,1E:01:D0:40:E0:9E,6,0,NONE,2026-08-05T00:49:28.995850
45917,MGMT_OTHER,-72,20,1203,956,65848,44280,9069924,0,100,19,0,0,B0:CB:D8:C9:92:00,1,0,0,1E:01:D0:40:E0:9E,6,0,NONE,2026-08-05T00:49:29.263850
45917,,-71,21,11199,3025,65848,44280,9070073,0,100,19,0,0,B0:CB:D8:C9:92:00,1,0,1,1E:01:D0:40:E0:9E,6,0,NONE,2026-08-05T00:49:29.412850
45917,,-93,-1,5458,0,65848,44280,9070236,0,100,19,0,0,B0:CB:D8:C9:92:00,1,0,0,1E:01:D0:40:E0:9E,6,0,NONE,2026-08-05T00:49:29.575850
45917,,-72,20,1345,258,65848,44280,9070432,0,100,19,0,0,B0:CB:D8:C9:92:00,1,0,1,1E:01:D0:40:E0:9E,6,0,NONE,2026-08-05T00:49:29.771850
45917,PROBE_RESP,-61,31,9356,2336,65848,44280,9070677,0,100,19,0,0,B0:CB:D8:C9:92:00,1,0,1,1E:01:D0:40:E0:9E,6,0,NONE,2026-08-05T00:49:30.016850
45917,MGMT_OTHER,-70,22,1368,871,65848,44280,9070866,0,100,19,0,0,B0:CB:D8:C9:92:00,1,0,1,1E:01:D0:40:E0:9E,6,0,NONE,2026-08-05T00:49:30.205850
45917,MGMT_OTHER,-93,-1,2563,2379,65848,44280,9071048,0,100,19,0,0,B0:CB:D8:C9:92:00,1,0,1,1E:01:D0:40:E0:9E,6,0,NONE,2026-08-05T00:49:30.387850
45917,MGMT_OTHER,-73,19,387,3810,65840,44280,9071216,0,100,19,0,0,B0:CB:D8:C9:92:00,1,0,1,1E:01:D0:40:E0:9E,6,0,NONE,2026-08-05T00:49:30.555850
45917,,-71,21,658,1730,65840,44280,9071300,0,100,19,0,0,B0:CB:D8:C9:92:00,1,0,1,1E:01:D0:40:E0:9E,6,0,NONE,2026-08-05T00:49:30.639850
45917,,-48,44,134,1000,65840,44280,9071377,0,100,19,0,0,B0:CB:D8:C9:92:00,1,0,0,1E:01:D0:40:E0:9E,6,0,NONE,2026-08-05T00:49:30.716850
45917,,-71,21,443,2235,65840,44280,9071524,0,100,19,0,0,B0:CB:D8:C9:92:00,1,0,1,1E:01:D0:40:E0:9E,6,0,NONE,2026-08-05T00:49:30.863850
45917,MGMT_OTHER,-70,22,15256,1595,65840,44280,9071732,0,100,19,0,0,B0:CB:D8:C9:92:00,1,0,1,1E:01:D0:40:E0:9E,6,0,NONE,2026-08-05T00:49:31.071850
45917,,-71,21,7945,1702,65840,44280,9072012,0,100,19,0,0,B0:CB:D8:C9:92:00,1,0,1,1E:01:D0:40:E0:9E,6,0,NONE,2026-08-05T00:49:31.351850
45917,MGMT_OTHER,-75,17,6489,1874,65848,44280,9072171,0,100,19,0,0,B0:CB:D8:C9:92:00,1,0,1,1E:01:D0:40:E0:9E,6,0,NONE,2026-08-05T00:49:31.510850
45917,,-75,17,225,1510,65848,44280,9072434,0,100,19,0,0,B0:CB:D8:C9:92:00,1,0,1,1E:01:D0:40:E0:9E,6,0,NONE,2026-08-05T00:49:31.773850
45917,,-69,23,1522,3370,65848,44280,9072652,0,100,19,0,0,B0:CB:D8:C9:92:00,1,0,1,1E:01:D0:40:E0:9E,6,0,NONE,2026-08-05T00:49:31.991850
45917,MGMT_OTHER,-69,23,767,4030,65848,44280,9072825,0,100,19,0,0,B0:CB:D8:C9:92:00,1,0,1,1E:01:D0:40:E0:9E,6,0,NONE,2026-08-05T00:49:32.164850
45917,,-47,45,181,1004,65848,44280,9073016,0,100,19,0,0,B0:CB:D8:C9:92:00,1,0,0,1E:01:D0:40:E0:9E,6,0,NONE,2026-08-05T00:49:32.355850
45917,PROBE_RESP,-78,14,0,75,65848,44280,9073131,0,100,19,0,0,B0:CB:D8:C9:92:00,1,0,0,1E:01:D0:40:E0:9E,6,0,NONE,2026-08-05T00:49:32.470850
45917,,-68,24,10964,3311,65848,44280,9073247,0,100,19,0,0,B0:CB:D8:C9:92:00,1,0,1,1E:01:D0:40:E0:9E,6,0,NONE,2026-08-05T00:49:32.586850
45917,,-71,21,477,3212,65848,44280,9073421,0,100,19,0,0,B0:CB:D8:C9:92:00,1,0,1,1E:01:D0:40:E0:9E,6,0,NONE,2026-08-05T00:49:32.760850
45917,MGMT_OTHER,-68,24,244,2087,65848,44280,9073531,0,100,19,0,0,B0:CB:D8:C9:92:00,1,0,1,1E:01:D0:40:E0:9E,6,0,NONE,2026-08-05T00:49:32.870850
45917,,-47,45,163,1008,65848,44280,9073631,0,100,19,0,0,B0:CB:D8:C9:92:00,1,0,0,1E:01:D0:40:E0:9E,6,0,NONE,2026-08-05T00:49:32.970850
45917,PROBE_RESP,-93,-1,0,0,65848,44280,9073820,0,100,19,0,0,B0:CB:D8:C9:92:00,1,0,0,1E:01:D0:40:E0:9E,6,0,NONE,2026-08-05T00:49:33.159850
45917,PROBE_RESP,-77,18,0,1,65848,44280,9073889,0,100,19,0,0,B0:CB:D8:C9:92:00,1,0,0,1E:01:D0:40:E0:9E,6,0,NONE,2026-08-05T00:49:33.228850
45917,,-66,29,1208,780,65848,44280,9073970,0,100,19,0,0,B0:CB:D8:C9:92:00,1,0,1,1E:01:D0:40:E0:9E,6,0,NONE,2026-08-05T00:49:33.309850
45917,,-65,30,2075,3333,65848,44280,9074060,0,100,19,0,0,B0:CB:D8:C9:92:00,1,0,1,1E:01:D0:40:E0:9E,6,0,NONE,2026-08-05T00:49:33.399850
45917,,-65,30,803,3,65848,44280,9074253,0,100,19,0,0,B0:CB:D8:C9:92:00,1,0,1,1E:01:D0:40:E0:9E,6,0,NONE,2026-08-05T00:49:33.592850
45917,MGMT_OTHER,-68,27,765,1835,65848,44280,9074386,0,100,19,0,0,B0:CB:D8:C9:92:00,1,0,1,1E:01:D0:40:E0:9E,6,0,NONE,2026-08-05T00:49:33.725850
45917,PROBE_RESP,-52,44,280,1015,65848,44280,9074486,0,100,19,0,0,B0:CB:D8:C9:92:00,1,0,1,1E:01:D0:40:E0:9E,6,0,NONE,2026-08-05T00:49:33.825850
45917,,-64,32,514,3302,65848,44280,9074650,0,100,19,0,0,B0:CB:D8:C9:92:00,1,0,1,1E:01:D0:40:E0:9E,6,0,NONE,2026-08-05T00:49:33.989850
45917,MGMT_OTHER,-66,30,10987,53,65848,44280,9074877,0,100,19,0,0,B0:CB:D8:C9:92:00,1,0,0,1E:01:D0:40:E0:9E,6,0,NONE,2026-08-05T00:49:34.216850
45917,MGMT_OTHER,14,14,0,0,65848,44280,9074966,0,100,19,0,0,B0:CB:D8:C9:92:00,1,0,0,1E:01:D0:40:E0:9E,6,0,NONE,2026-08-05T00:49:34.305850
45917,BEACON,-60,36,14317,2750,65848,44280,9075140,0,100,19,0,0,B0:CB:D8:C9:92:00,1,0,0,1E:01:D0:40:E0:9E,6,0,NONE,2026-08-05T00:49:34.479850
45917,,-67,29,1471,497,65848,44280,9075244,0,100,19,0,0,B0:CB:D8:C9:92:00,1,0,1,1E:01:D0:40:E0:9E,6,0,NONE,2026-08-05T00:49:34.583850
45917,,-66,30,496,2330,65848,44280,9075300,0,100,19,0,0,B0:CB:D8:C9:92:00,1,0,1,1E:01:D0:40:E0:9E,6,0,NONE,2026-08-05T00:49:34.639850
45917,,-64,32,1825,434,65848,44280,9075374,0,100,19,0,0,B0:CB:D8:C9:92:00,1,0,1,1E:01:D0:40:E0:9E,6,0,NONE,2026-08-05T00:49:34.713850
45917,PROBE_RESP,-75,21,1993,1,65848,44280,9075488,0,100,19,0,0,B0:CB:D8:C9:92:00,1,0,1,1E:01:D0:40:E0:9E,6,0,NONE,2026-08-05T00:49:34.827850
45917,BEACON,-40,56,115,1413,65848,44280,9075572,0,100,19,0,0,B0:CB:D8:C9:92:00,1,0,1,1E:01:D0:40:E0:9E,6,0,NONE,2026-08-05T00:49:34.911850
45917,,-63,33,203,1564,65848,44280,9075703,0,100,19,0,0,B0:CB:D8:C9:92:00,1,0,1,1E:01:D0:40:E0:9E,6,0,NONE,2026-08-05T00:49:35.042850
45917,,-88,8,9500,0,65848,44280,9075870,0,100,19,0,0,B0:CB:D8:C9:92:00,1,0,0,1E:01:D0:40:E0:9E,6,0,NONE,2026-08-05T00:49:35.209850
45917,,-91,5,775,2128,65848,44280,9076028,0,100,19,0,0,B0:CB:D8:C9:92:00,1,0,1,1E:01:D0:40:E0:9E,6,0,NONE,2026-08-05T00:49:35.367850
45917,,-82,14,5004,774,65840,44280,9076133,0,100,19,0,0,B0:CB:D8:C9:92:00,1,0,1,1E:01:D0:40:E0:9E,6,0,NONE,2026-08-05T00:49:35.472850
45917,BEACON,-40,56,7860,1428,65848,44280,9076390,0,100,19,0,0,B0:CB:D8:C9:92:00,1,0,1,1E:01:D0:40:E0:9E,6,0,NONE,2026-08-05T00:49:35.729850
45917,,-43,53,188,1032,65848,44280,9076600,0,100,19,0,0,B0:CB:D8:C9:92:00,1,0,0,1E:01:D0:40:E0:9E,6,0,NONE,2026-08-05T00:49:35.939850
45917,,-68,28,1571,189,65848,44280,9076710,0,100,19,0,0,B0:CB:D8:C9:92:00,1,0,1,1E:01:D0:40:E0:9E,6,1,ARP_SPOOF,2026-08-05T00:49:36.049850
45917,MGMT_OTHER,-64,32,3862,1917,65848,44280,9076940,0,100,19,0,0,B0:CB:D8:C9:92:00,1,0,1,1E:01:D0:40:E0:9E,6,1,ARP_SPOOF,2026-08-05T00:49:36.279850
45917,,-43,53,6836,954,65448,44280,9077195,0,100,19,0,0,B0:CB:D8:C9:92:00,1,0,1,1E:01:D0:40:E0:9E,6,1,ARP_SPOOF,2026-08-05T00:49:36.534850
45917,BEACON,-90,6,4729,2220,69432,44280,9077281,0,100,19,0,0,B0:CB:D8:C9:92:00,1,0,1,1E:01:D0:40:E0:9E,6,1,ARP_SPOOF,2026-08-05T00:49:36.620850
45917,,-64,32,217,596,69432,44280,9077361,0,100,19,0,0,B0:CB:D8:C9:92:00,1,0,1,1E:01:D0:40:E0:9E,6,1,ARP_SPOOF,2026-08-05T00:49:36.700850
45917,,-64,32,308,2429,69432,44280,9077431,0,100,19,0,0,B0:CB:D8:C9:92:00,1,0,1,1E:01:D0:40:E0:9E,6,1,ARP_SPOOF,2026-08-05T00:49:36.770850
45917,,-64,32,208,89,69420,44280,9077512,0,100,19,0,0,B0:CB:D8:C9:92:00,1,0,1,1E:01:D0:40:E0:9E,6,1,ARP_SPOOF,2026-08-05T00:49:36.851850
45917,,-65,31,775,3512,69420,44280,9077615,0,100,19,0,0,B0:CB:D8:C9:92:00,1,0,1,1E:01:D0:40:E0:9E,6,1,ARP_SPOOF,2026-08-05T00:49:36.954850
45917,PROBE_RESP,-87,9,0,0,69420,44280,9077713,0,100,19,0,0,B0:CB:D8:C9:92:00,1,0,1,1E:01:D0:40:E0:9E,6,1,ARP_SPOOF,2026-08-05T00:49:37.052850
45917,,-43,53,208,1039,69420,44280,9077829,0,100,19,0,0,B0:CB:D8:C9:92:00,1,0,0,1E:01:D0:40:E0:9E,6,1,ARP_SPOOF,2026-08-05T00:49:37.168850
45917,BEACON,-44,52,0,1450,69420,44280,9078028,0,100,19,0,0,B0:CB:D8:C9:92:00,1,0,1,1E:01:D0:40:E0:9E,6,1,ARP_SPOOF,2026-08-05T00:49:37.367850
45917,,-90,6,227,0,69080,44280,9078197,0,100,19,0,0,B0:CB:D8:C9:92:00,1,0,0,1E:01:D0:40:E0:9E,6,1,ARP_SPOOF,2026-08-05T00:49:37.536850
45917,PROBE_RESP,-54,42,0,1045,65828,44280,9078324,0,100,19,0,0,B0:CB:D8:C9:92:00,1,0,0,1E:01:D0:40:E0:9E,6,1,ARP_SPOOF,2026-08-05T00:49:37.663850
45917,,-69,27,0,416,65828,44280,9078454,0,100,19,0,0,B0:CB:D8:C9:92:00,1,0,1,1E:01:D0:40:E0:9E,6,1,ARP_SPOOF,2026-08-05T00:49:37.793850
45917,,-45,51,152,1049,65832,44280,9078648,0,100,19,0,0,B0:CB:D8:C9:92:00,1,0,0,1E:01:D0:40:E0:9E,6,1,ARP_SPOOF,2026-08-05T00:49:37.987850
45917,,-64,32,416,1606,65832,44280,9078835,0,100,19,0,0,B0:CB:D8:C9:92:00,1,0,0,1E:01:D0:40:E0:9E,6,1,ARP_SPOOF,2026-08-05T00:49:38.174850
45917,,-64,32,218,2449,65832,44280,9079100,0,100,19,0,0,B0:CB:D8:C9:92:00,1,0,0,1E:01:D0:40:E0:9E,6,1,ARP_SPOOF,2026-08-05T00:49:38.439850
45917,MGMT_OTHER,-65,31,155,1673,65832,44280,9079244,0,100,19,0,0,B0:CB:D8:C9:92:00,1,0,1,1E:01:D0:40:E0:9E,6,1,ARP_SPOOF,2026-08-05T00:49:38.583850
45917,MGMT_OTHER,-64,32,14382,3831,65832,44280,9079325,0,100,19,0,0,B0:CB:D8:C9:92:00,1,0,1,1E:01:D0:40:E0:9E,6,1,ARP_SPOOF,2026-08-05T00:49:38.664850
45917,MGMT_OTHER,-67,28,191,3541,65832,44280,9079460,0,100,19,0,0,B0:CB:D8:C9:92:00,1,0,1,1E:01:D0:40:E0:9E,6,1,ARP_SPOOF,2026-08-05T00:49:38.799850
45917,MGMT_OTHER,-67,28,14709,2090,65832,44280,9079584,0,100,19,0,0,B0:CB:D8:C9:92:00,1,0,1,1E:01:D0:40:E0:9E,6,1,ARP_SPOOF,2026-08-05T00:49:38.923850
45917,PROBE_RESP,-88,7,5094,0,65832,44280,9079721,0,100,19,0,0,B0:CB:D8:C9:92:00,1,0,1,1E:01:D0:40:E0:9E,6,1,ARP_SPOOF,2026-08-05T00:49:39.060850
45917,MGMT_OTHER,-65,30,817,2433,65832,44280,9079892,0,100,19,0,0,B0:CB:D8:C9:92:00,1,0,1,1E:01:D0:40:E0:9E,6,1,ARP_SPOOF,2026-08-05T00:49:39.231850
45917,,-66,29,356,2697,65832,44280,9080113,0,100,19,0,0,B0:CB:D8:C9:92:00,1,0,1,1E:01:D0:40:E0:9E,6,1,ARP_SPOOF,2026-08-05T00:49:39.452850
45917,BEACON,-43,52,84,1484,65832,44280,9080281,0,100,19,0,0,B0:CB:D8:C9:92:00,1,0,1,1E:01:D0:40:E0:9E,6,1,ARP_SPOOF,2026-08-05T00:49:39.620850
45917,,14,14,0,0,65832,44280,9080518,0,100,19,0,0,B0:CB:D8:C9:92:00,1,0,0,1E:01:D0:40:E0:9E,6,1,ARP_SPOOF,2026-08-05T00:49:39.857850
45917,,-45,50,3366,1056,65832,44280,9080662,0,100,19,0,0,B0:CB:D8:C9:92:00,1,0,1,1E:01:D0:40:E0:9E,6,1,ARP_SPOOF,2026-08-05T00:49:40.001850
45917,,-91,4,5432,1045,65832,44280,9080833,0,100,19,0,0,B0:CB:D8:C9:92:00,1,0,1,1E:01:D0:40:E0:9E,6,1,ARP_SPOOF,2026-08-05T00:49:40.172850
45917,BEACON,-74,21,0,3097,65832,44280,9081003,0,100,19,0,0,B0:CB:D8:C9:92:00,1,0,1,1E:01:D0:40:E0:9E,6,1,ARP_SPOOF,2026-08-05T00:49:40.342850
45917,BEACON,-66,29,0,3281,65832,44280,9081066,0,100,19,0,0,B0:CB:D8:C9:92:00,1,0,1,1E:01:D0:40:E0:9E,6,1,ARP_SPOOF,2026-08-05T00:49:40.405850
45917,BEACON,-67,27,384,1571,65832,44280,9081242,0,100,19,0,0,B0:CB:D8:C9:92:00,1,0,1,1E:01:D0:40:E0:9E,6,1,ARP_SPOOF,2026-08-05T00:49:40.581850
45917,MGMT_OTHER,-66,28,1081,3883,65832,44280,9081325,0,100,19,0,0,B0:CB:D8:C9:92:00,1,0,1,1E:01:D0:40:E0:9E,6,1,ARP_SPOOF,2026-08-05T00:49:40.664850
45917,,-69,25,424,840,65832,44280,9081454,0,100,19,0,0,B0:CB:D8:C9:92:00,1,0,1,1E:01:D0:40:E0:9E,6,1,ARP_SPOOF,2026-08-05T00:49:40.793850
45917,,-70,24,2958,4,65832,44280,9081644,0,100,19,0,0,B0:CB:D8:C9:92:00,1,0,1,1E:01:D0:40:E0:9E,6,1,ARP_SPOOF,2026-08-05T00:49:40.983850
45917,MGMT_OTHER,-70,24,8395,874,65832,44280,9081854,0,100,19,0,0,B0:CB:D8:C9:92:00,1,0,1,1E:01:D0:40:E0:9E,6,1,ARP_SPOOF,2026-08-05T00:49:41.193850
45917,MGMT_OTHER,-67,27,1414,910,65832,44280,9082129,0,100,19,0,0,B0:CB:D8:C9:92:00,1,0,1,1E:01:D0:40:E0:9E,6,1,ARP_SPOOF,2026-08-05T00:49:41.468850
45917,PROBE_RESP,-88,6,0,1,65832,44280,9082341,0,100,19,0,0,B0:CB:D8:C9:92:00,1,0,1,1E:01:D0:40:E0:9E,6,1,ARP_SPOOF,2026-08-05T00:49:41.680850
45917,,-68,26,23412,2951,65832,44280,9082500,0,100,19,0,0,B0:CB:D8:C9:92:00,1,0,1,1E:01:D0:40:E0:9E,6,1,ARP_SPOOF,2026-08-05T00:49:41.839850
45917,,-96,-2,3069,1615,65832,44280,9082672,0,100,19,0,0,B0:CB:D8:C9:92:00,1,0,1,1E:01:D0:40:E0:9E,6,1,ARP_SPOOF,2026-08-05T00:49:42.011850
45917,,-69,25,388,1957,65832,44280,9082831,0,100,19,0,0,B0:CB:D8:C9:92:00,1,0,1,1E:01:D0:40:E0:9E,6,1,ARP_SPOOF,2026-08-05T00:49:42.170850
45917,,-67,27,1862,2046,65832,44280,9082959,0,100,19,0,0,B0:CB:D8:C9:92:00,1,0,1,1E:01:D0:40:E0:9E,6,1,ARP_SPOOF,2026-08-05T00:49:42.298850
45917,,-67,27,471,1103,65832,44280,9083198,0,100,19,0,0,B0:CB:D8:C9:92:00,1,0,1,1E:01:D0:40:E0:9E,6,1,ARP_SPOOF,2026-08-05T00:49:42.537850
45917,MGMT_OTHER,-68,26,1505,3480,65832,44280,9083286,0,100,19,0,0,B0:CB:D8:C9:92:00,1,0,1,1E:01:D0:40:E0:9E,6,1,ARP_SPOOF,2026-08-05T00:49:42.625850
45917,,-67,27,0,3249,65832,44280,9083365,0,100,19,0,0,B0:CB:D8:C9:92:00,1,0,1,1E:01:D0:40:E0:9E,6,1,ARP_SPOOF,2026-08-05T00:49:42.704850
45917,,-89,5,1520,1293,65832,44280,9083468,0,100,19,0,0,B0:CB:D8:C9:92:00,1,0,1,1E:01:D0:40:E0:9E,6,1,ARP_SPOOF,2026-08-05T00:49:42.807850
45917,BEACON,-42,52,10529,1526,65832,44280,9083763,0,100,19,0,0,B0:CB:D8:C9:92:00,1,0,0,1E:01:D0:40:E0:9E,6,1,ARP_SPOOF,2026-08-05T00:49:43.102850
45917,PROBE_REQ,-60,34,12669,2746,65832,44280,9083951,0,100,19,0,0,B0:CB:D8:C9:92:00,1,0,1,1E:01:D0:40:E0:9E,6,1,ARP_SPOOF,2026-08-05T00:49:43.290850
45917,BEACON,-44,50,0,1530,65832,44280,9084173,0,100,19,0,0,B0:CB:D8:C9:92:00,1,0,1,1E:01:D0:40:E0:9E,6,1,ARP_SPOOF,2026-08-05T00:49:43.512850
45917,BEACON,-46,48,8311,1532,65832,44280,9084377,0,100,19,0,0,B0:CB:D8:C9:92:00,1,0,1,1E:01:D0:40:E0:9E,6,1,ARP_SPOOF,2026-08-05T00:49:43.716850
45917,,-70,24,353,3683,65832,44280,9084629,0,100,19,0,0,B0:CB:D8:C9:92:00,1,0,1,1E:01:D0:40:E0:9E,6,1,ARP_SPOOF,2026-08-05T00:49:43.968850
45917,BEACON,-83,11,8072,3172,65832,44280,9084893,0,100,19,0,0,B0:CB:D8:C9:92:00,1,0,1,1E:01:D0:40:E0:9E,6,1,ARP_SPOOF,2026-08-05T00:49:44.232850
45917,MGMT_OTHER,-70,24,1064,1163,65832,44280,9085110,0,100,19,0,0,B0:CB:D8:C9:92:00,1,0,1,1E:01:D0:40:E0:9E,6,1,ARP_SPOOF,2026-08-05T00:49:44.449850
45917,,-50,44,1086,988,65596,44280,9085291,0,100,19,0,0,B0:CB:D8:C9:92:00,1,0,1,1E:01:D0:40:E0:9E,6,1,ARP_SPOOF,2026-08-05T00:49:44.630850
45917,MGMT_OTHER,-69,25,775,1745,65832,44280,9085426,0,100,19,0,0,B0:CB:D8:C9:92:00,1,0,1,1E:01:D0:40:E0:9E,6,1,ARP_SPOOF,2026-08-05T00:49:44.765850
45917,MGMT_OTHER,-69,25,26260,2161,65832,44280,9085571,0,100,19,0,0,B0:CB:D8:C9:92:00,1,0,1,1E:01:D0:40:E0:9E,6,1,ARP_SPOOF,2026-08-05T00:49:44.910850
45917,,-49,45,182,1082,65832,44280,9085714,0,100,19,0,0,B0:CB:D8:C9:92:00,1,0,0,1E:01:D0:40:E0:9E,6,1,ARP_SPOOF,2026-08-05T00:49:45.053850
45917,,-49,45,379,1084,65832,44280,9085920,0,100,19,0,0,B0:CB:D8:C9:92:00,1,0,1,1E:01:D0:40:E0:9E,6,1,ARP_SPOOF,2026-08-05T00:49:45.259850
45917,MGMT_OTHER,-66,28,1450,2102,65832,44280,9086102,0,100,19,0,0,B0:CB:D8:C9:92:00,1,0,1,1E:01:D0:40:E0:9E,6,1,ARP_SPOOF,2026-08-05T00:49:45.441850
45917,MGMT_OTHER,-66,28,15443,734,65832,44280,9086366,0,100,19,0,0,B0:CB:D8:C9:92:00,1,0,1,1E:01:D0:40:E0:9E,6,1,ARP_SPOOF,2026-08-05T00:49:45.705850
45917,,-65,29,4401,3715,65832,44280,9086479,0,100,19,0,0,B0:CB:D8:C9:92:00,1,0,1,1E:01:D0:40:E0:9E,6,1,ARP_SPOOF,2026-08-05T00:49:45.818850
45917,,-66,28,101,0,65832,44280,9086659,0,100,19,0,0,B0:CB:D8:C9:92:00,1,0,1,1E:01:D0:40:E0:9E,6,1,ARP_SPOOF,2026-08-05T00:49:45.998850
45917,,-68,26,2584,147,65832,44280,9086824,0,100,19,0,0,B0:CB:D8:C9:92:00,1,0,1,1E:01:D0:40:E0:9E,6,1,ARP_SPOOF,2026-08-05T00:49:46.163850
45917,PROBE_RESP,-59,35,11725,2355,65832,44280,9087022,0,100,19,0,0,B0:CB:D8:C9:92:00,1,0,1,1E:01:D0:40:E0:9E,6,1,ARP_SPOOF,2026-08-05T00:49:46.361850
45917,,-69,25,1527,66,65760,44280,9087235,0,100,19,0,0,B0:CB:D8:C9:92:00,1,0,1,1E:01:D0:40:E0:9E,6,1,ARP_SPOOF,2026-08-05T00:49:46.574850
45917,MGMT_OTHER,-68,26,437,3754,65832,44280,9087267,0,100,19,0,0,B0:CB:D8:C9:92:00,1,0,1,1E:01:D0:40:E0:9E,6,1,ARP_SPOOF,2026-08-05T00:49:46.606850
45917,MGMT_OTHER,-70,24,308,437,65760,44280,9087342,0,100,19,0,0,B0:CB:D8:C9:92:00,1,0,1,1E:01:D0:40:E0:9E,6,1,ARP_SPOOF,2026-08-05T00:49:46.681850
45917,MGMT_OTHER,-69,25,292,564,65832,44280,9087382,0,100,19,0,0,B0:CB:D8:C9:92:00,1,0,0,1E:01:D0:40:E0:9E,6,1,ARP_SPOOF,2026-08-05T00:49:46.721850
45917,MGMT_OTHER,-68,26,1628,1155,65832,44280,9087459,0,100,19,0,0,B0:CB:D8:C9:92:00,1,0,1,1E:01:D0:40:E0:9E,6,1,ARP_SPOOF,2026-08-05T00:49:46.798850
45917,,-67,27,720,1944,65832,44280,9087502,0,100,19,0,0,B0:CB:D8:C9:92:00,1,0,1,1E:01:D0:40:E0:9E,6,1,ARP_SPOOF,2026-08-05T00:49:46.841850
45917,,-69,25,363,3492,65760,44280,9087639,0,100,19,0,0,B0:CB:D8:C9:92:00,1,0,1,1E:01:D0:40:E0:9E,6,1,ARP_SPOOF,2026-08-05T00:49:46.978850
45917,MGMT_OTHER,-67,27,223,967,65832,44280,9087787,0,100,19,0,0,B0:CB:D8:C9:92:00,1,0,1,1E:01:D0:40:E0:9E,6,1,ARP_SPOOF,2026-08-05T00:49:47.126850
45917,,14,14,0,0,65832,44280,9087882,0,100,19,0,0,B0:CB:D8:C9:92:00,1,0,0,1E:01:D0:40:E0:9E,6,1,ARP_SPOOF,2026-08-05T00:49:47.221850
45917,,-69,25,697,2728,65832,44280,9087970,0,100,19,0,0,B0:CB:D8:C9:92:00,1,0,1,1E:01:D0:40:E0:9E,6,1,ARP_SPOOF,2026-08-05T00:49:47.309026
45917,,-46,48,15516,1103,65820,44280,9088121,0,100,19,0,0,B0:CB:D8:C9:92:00,1,0,1,1E:01:D0:40:E0:9E,6,1,ARP_SPOOF,2026-08-05T00:49:47.460026
45917,,-68,26,3220,2421,65820,44280,9088274,0,100,19,0,0,B0:CB:D8:C9:92:00,1,0,1,1E:01:D0:40:E0:9E,6,1,ARP_SPOOF,2026-08-05T00:49:47.613026
45917,MGMT_OTHER,-67,27,305,1892,65820,44280,9088458,0,100,19,0,0,B0:CB:D8:C9:92:00,1,0,1,1E:01:D0:40:E0:9E,6,1,ARP_SPOOF,2026-08-05T00:49:47.797026
45917,MGMT_OTHER,-67,27,2167,251,65820,44280,9088704,0,100,19,0,0,B0:CB:D8:C9:92:00,1,0,1,1E:01:D0:40:E0:9E,6,1,ARP_SPOOF,2026-08-05T00:49:48.043026
45917,,-68,26,7140,2116,65820,44280,9088897,0,100,19,0,0,B0:CB:D8:C9:92:00,1,0,1,1E:01:D0:40:E0:9E,6,1,ARP_SPOOF,2026-08-05T00:49:48.236026
45917,,-46,48,1013,1602,65820,44280,9089005,0,100,19,0,0,B0:CB:D8:C9:92:00,1,0,1,1E:01:D0:40:E0:9E,6,1,ARP_SPOOF,2026-08-05T00:49:48.344026
45917,BEACON,-45,49,97,1605,65832,44280,9089190,0,100,19,0,0,B0:CB:D8:C9:92:00,1,0,1,1E:01:D0:40:E0:9E,6,1,ARP_SPOOF,2026-08-05T00:49:48.529026
45917,,-67,27,1564,1910,65832,44280,9089347,0,100,19,0,0,B0:CB:D8:C9:92:00,1,0,1,1E:01:D0:40:E0:9E,6,1,ARP_SPOOF,2026-08-05T00:49:48.686026
45917,,-68,26,311,2944,65832,44280,9089436,0,100,19,0,0,B0:CB:D8:C9:92:00,1,0,1,1E:01:D0:40:E0:9E,6,1,ARP_SPOOF,2026-08-05T00:49:48.775026
45917,,-68,26,400,2592,65832,44280,9089584,0,100,19,0,0,B0:CB:D8:C9:92:00,1,0,1,1E:01:D0:40:E0:9E,6,1,ARP_SPOOF,2026-08-05T00:49:48.923026
45917,DEAUTH,14,14,0,0,65832,44280,9089714,0,100,19,0,0,B0:CB:D8:C9:92:00,1,0,1,1E:01:D0:40:E0:9E,6,1,ARP_SPOOF,2026-08-05T00:49:49.053026
45917,BEACON,-76,18,0,3183,65832,44280,9089810,0,100,19,0,0,B0:CB:D8:C9:92:00,1,0,0,1E:01:D0:40:E0:9E,6,1,ARP_SPOOF,2026-08-05T00:49:49.149026
45917,,-68,26,2143,875,65832,44280,9090004,0,100,19,0,0,B0:CB:D8:C9:92:00,1,0,1,1E:01:D0:40:E0:9E,6,1,ARP_SPOOF,2026-08-05T00:49:49.343026
45917,,-67,27,101,0,65832,44280,9090117,0,100,19,0,0,B0:CB:D8:C9:92:00,1,0,1,1E:01:D0:40:E0:9E,6,1,ARP_SPOOF,2026-08-05T00:49:49.456026
45917,,-67,27,11751,1170,65832,44280,9090247,0,100,19,0,0,B0:CB:D8:C9:92:00,1,0,1,1E:01:D0:40:E0:9E,6,1,ARP_SPOOF,2026-08-05T00:49:49.586026
45917,,-67,27,487,3106,65832,44280,9090470,0,100,19,0,0,B0:CB:D8:C9:92:00,1,0,1,1E:01:D0:40:E0:9E,6,1,ARP_SPOOF,2026-08-05T00:49:49.809026
45917,,-69,25,364,964,65760,44280,9090568,0,100,19,0,0,B0:CB:D8:C9:92:00,1,0,1,1E:01:D0:40:E0:9E,6,1,ARP_SPOOF,2026-08-05T00:49:49.907026
45917,,-92,2,1331,1994,65832,44280,9090709,0,100,19,0,0,B0:CB:D8:C9:92:00,1,0,1,1E:01:D0:40:E0:9E,6,1,ARP_SPOOF,2026-08-05T00:49:50.048026
45917,,-47,47,172,1127,65832,44280,9090834,0,100,19,0,0,B0:CB:D8:C9:92:00,1,0,0,1E:01:D0:40:E0:9E,6,1,ARP_SPOOF,2026-08-05T00:49:50.173026
45917,BEACON,-81,13,593,3231,65832,44280,9090936,0,100,19,0,0,B0:CB:D8:C9:92:00,1,0,1,1E:01:D0:40:E0:9E,6,1,ARP_SPOOF,2026-08-05T00:49:50.275026
45917,,-66,28,4834,1147,65832,44280,9091226,0,100,19,0,0,B0:CB:D8:C9:92:00,1,0,1,1E:01:D0:40:E0:9E,6,1,ARP_SPOOF,2026-08-05T00:49:50.565026
45917,,-68,26,4829,3422,65832,44280,9091358,0,100,19,0,0,B0:CB:D8:C9:92:00,1,0,1,1E:01:D0:40:E0:9E,6,1,ARP_SPOOF,2026-08-05T00:49:50.697026
45917,,-69,25,1501,1083,65832,44280,9091449,0,100,19,0,0,B0:CB:D8:C9:92:00,1,0,1,1E:01:D0:40:E0:9E,6,1,ARP_SPOOF,2026-08-05T00:49:50.788026
45917,,-69,25,667,2789,65832,44280,9091565,0,100,19,0,0,B0:CB:D8:C9:92:00,1,0,1,1E:01:D0:40:E0:9E,6,1,ARP_SPOOF,2026-08-05T00:49:50.904026
45917,BEACON,-81,13,8755,3239,65832,44280,9091754,0,100,19,0,0,B0:CB:D8:C9:92:00,1,0,1,1E:01:D0:40:E0:9E,6,1,ARP_SPOOF,2026-08-05T00:49:51.093026
45917,BEACON,-75,19,0,3205,65760,44280,9092063,0,100,19,0,0,B0:CB:D8:C9:92:00,1,0,0,1E:01:D0:40:E0:9E,6,1,ARP_SPOOF,2026-08-05T00:49:51.402026
45917,MGMT_OTHER,-68,26,15097,2400,65832,44280,9092281,0,100,19,0,0,B0:CB:D8:C9:92:00,1,0,1,1E:01:D0:40:E0:9E,6,1,ARP_SPOOF,2026-08-05T00:49:51.620026
45917,MGMT_OTHER,12,12,0,0,65832,44280,9092475,0,100,19,0,0,B0:CB:D8:C9:92:00,1,0,0,1E:01:D0:40:E0:9E,6,1,ARP_SPOOF,2026-08-05T00:49:51.814026
45917,MGMT_OTHER,-69,25,1470,3189,65832,44280,9092675,0,100,19,0,0,B0:CB:D8:C9:92:00,1,0,1,1E:01:D0:40:E0:9E,6,1,ARP_SPOOF,2026-08-05T00:49:52.014026
45917,,-67,27,446,1102,65832,44280,9092920,0,100,19,0,0,B0:CB:D8:C9:92:00,1,0,1,1E:01:D0:40:E0:9E,6,1,ARP_SPOOF,2026-08-05T00:49:52.259026
45917,BEACON,-63,31,10076,2926,65832,44280,9093169,0,100,19,0,0,B0:CB:D8:C9:92:00,1,0,1,1E:01:D0:40:E0:9E,6,1,ARP_SPOOF,2026-08-05T00:49:52.508026
45917,,-69,25,295,3113,65832,44280,9093274,0,100,19,0,0,B0:CB:D8:C9:92:00,1,0,0,1E:01:D0:40:E0:9E,6,1,ARP_SPOOF,2026-08-05T00:49:52.613026
45917,,-67,27,509,2740,65832,44280,9093380,0,100,19,0,0,B0:CB:D8:C9:92:00,1,0,1,1E:01:D0:40:E0:9E,6,1,ARP_SPOOF,2026-08-05T00:49:52.719026
45917,BEACON,-76,18,0,3219,65760,44280,9093498,0,100,19,0,0,B0:CB:D8:C9:92:00,1,0,1,1E:01:D0:40:E0:9E,6,1,ARP_SPOOF,2026-08-05T00:49:52.837026
45917,,-69,25,941,1085,65832,44280,9093608,0,100,19,0,0,B0:CB:D8:C9:92:00,1,0,1,1E:01:D0:40:E0:9E,6,1,ARP_SPOOF,2026-08-05T00:49:52.947026
45917,,-69,25,1328,1545,65832,44280,9093813,0,100,19,0,0,B0:CB:D8:C9:92:00,1,0,1,1E:01:D0:40:E0:9E,6,1,ARP_SPOOF,2026-08-05T00:49:53.152026
45917,BEACON,-62,32,50758,2935,65832,44280,9094084,0,100,19,0,0,B0:CB:D8:C9:92:00,1,0,1,1E:01:D0:40:E0:9E,6,1,ARP_SPOOF,2026-08-05T00:49:53.423026
45917,,-47,47,3773,1686,65832,44280,9094326,0,100,19,0,0,B0:CB:D8:C9:92:00,1,0,0,1E:01:D0:40:E0:9E,6,1,ARP_SPOOF,2026-08-05T00:49:53.665026
45917,MGMT_OTHER,-67,27,1423,3070,65832,44280,9094606,0,100,19,0,0,B0:CB:D8:C9:92:00,1,0,1,1E:01:D0:40:E0:9E,6,1,ARP_SPOOF,2026-08-05T00:49:53.945026
45917,MGMT_OTHER,-71,23,789,2225,65832,44280,9094908,0,100,19,0,0,B0:CB:D8:C9:92:00,1,0,1,1E:01:D0:40:E0:9E,6,1,ARP_SPOOF,2026-08-05T00:49:54.247026
45917,,-67,27,227,3823,65832,44280,9095045,0,100,19,0,0,B0:CB:D8:C9:92:00,1,0,1,1E:01:D0:40:E0:9E,6,1,ARP_SPOOF,2026-08-05T00:49:54.384026
45917,,-67,27,505,3448,65832,44280,9095279,0,100,19,0,0,B0:CB:D8:C9:92:00,1,0,1,1E:01:D0:40:E0:9E,6,1,ARP_SPOOF,2026-08-05T00:49:54.617535
45917,MGMT_OTHER,-66,28,0,2559,65832,44280,9095402,0,100,19,0,0,B0:CB:D8:C9:92:00,1,0,1,1E:01:D0:40:E0:9E,6,1,ARP_SPOOF,2026-08-05T00:49:54.740535
45917,,-65,29,271,513,65832,44280,9095475,0,100,19,0,0,B0:CB:D8:C9:92:00,0,0,1,1E:01:D0:40:E0:9E,6,1,ARP_SPOOF,2026-08-05T00:49:54.813535
45917,MGMT_OTHER,-67,27,471,1861,65832,44280,9095732,0,100,19,0,0,B0:CB:D8:C9:92:00,1,0,1,1E:01:D0:40:E0:9E,6,1,ARP_SPOOF,2026-08-05T00:49:55.070535
45917,,-69,25,603,3829,65832,44280,9095932,0,100,19,0,0,B0:CB:D8:C9:92:00,1,0,1,1E:01:D0:40:E0:9E,6,1,ARP_SPOOF,2026-08-05T00:49:55.270535
45917,,-49,45,134,1164,65832,44280,9096159,0,100,19,0,0,B0:CB:D8:C9:92:00,1,0,0,1E:01:D0:40:E0:9E,6,1,ARP_SPOOF,2026-08-05T00:49:55.497535
45917,MGMT_OTHER,-69,25,2087,3586,65832,44280,9096457,0,100,19,0,0,B0:CB:D8:C9:92:00,1,0,1,1E:01:D0:40:E0:9E,6,1,ARP_SPOOF,2026-08-05T00:49:55.795535
45917,MGMT_OTHER,-66,28,527,3661,65832,44280,9096658,0,100,19,0,0,B0:CB:D8:C9:92:00,1,0,1,1E:01:D0:40:E0:9E,6,1,ARP_SPOOF,2026-08-05T00:49:55.996535
45917,,-46,48,199,1168,65832,44280,9096877,0,100,19,0,0,B0:CB:D8:C9:92:00,1,0,0,1E:01:D0:40:E0:9E,6,1,ARP_SPOOF,2026-08-05T00:49:56.215535
45917,MGMT_OTHER,-92,2,5660,0,65832,44280,9097166,0,100,19,0,0,B0:CB:D8:C9:92:00,1,0,0,1E:01:D0:40:E0:9E,6,1,ARP_SPOOF,2026-08-05T00:49:56.504535
45917,,-66,28,281,3739,65832,44280,9097296,0,100,19,0,0,B0:CB:D8:C9:92:00,1,0,1,1E:01:D0:40:E0:9E,6,1,ARP_SPOOF,2026-08-05T00:49:56.634535
45917,MGMT_OTHER,-66,28,1238,2184,65832,44280,9097412,0,100,19,0,0,B0:CB:D8:C9:92:00,1,0,1,1E:01:D0:40:E0:9E,6,1,ARP_SPOOF,2026-08-05T00:49:56.750535
45917,MGMT_OTHER,-66,28,777,2829,65832,44280,9097531,0,100,19,0,0,B0:CB:D8:C9:92:00,1,0,1,1E:01:D0:40:E0:9E,6,1,ARP_SPOOF,2026-08-05T00:49:56.869535
45917,,-49,45,16653,1174,65832,44280,9097747,0,100,19,0,0,B0:CB:D8:C9:92:00,1,0,1,1E:01:D0:40:E0:9E,6,1,ARP_SPOOF,2026-08-05T00:49:57.085535
45917,BEACON,-86,8,0,1469,65832,44280,9097977,0,100,19,0,0,B0:CB:D8:C9:92:00,1,0,1,1E:01:D0:40:E0:9E,6,1,ARP_SPOOF,2026-08-05T00:49:57.315535
45917,BEACON,-88,6,0,2355,65832,44280,9098286,0,100,19,0,0,B0:CB:D8:C9:92:00,1,0,1,1E:01:D0:40:E0:9E,6,1,ARP_SPOOF,2026-08-05T00:49:57.624535
45917,,-67,27,3001,3566,65832,44280,9098517,0,100,19,0,0,B0:CB:D8:C9:92:00,1,0,1,1E:01:D0:40:E0:9E,6,1,ARP_SPOOF,2026-08-05T00:49:57.855535
45917,,-68,26,1511,3734,65832,44280,9098657,0,100,19,0,0,B0:CB:D8:C9:92:00,1,0,1,1E:01:D0:40:E0:9E,6,1,ARP_SPOOF,2026-08-05T00:49:57.995535
45917,MGMT_OTHER,-67,27,1221,336,65832,44280,9098868,0,100,19,0,0,B0:CB:D8:C9:92:00,1,0,1,1E:01:D0:40:E0:9E,6,1,ARP_SPOOF,2026-08-05T00:49:58.206535
45917,,-68,26,1674,1752,65832,44280,9099209,0,100,19,0,0,B0:CB:D8:C9:92:00,1,0,1,1E:01:D0:40:E0:9E,6,1,ARP_SPOOF,2026-08-05T00:49:58.547535
45917,,-67,27,798,1620,65832,44280,9099316,0,100,19,0,0,B0:CB:D8:C9:92:00,1,0,1,1E:01:D0:40:E0:9E,6,1,ARP_SPOOF,2026-08-05T00:49:58.654535
45917,,-46,48,4182,1180,65832,44280,9099384,0,100,19,0,0,B0:CB:D8:C9:92:00,1,0,1,1E:01:D0:40:E0:9E,6,1,ARP_SPOOF,2026-08-05T00:49:58.722535
45917,MGMT_OTHER,-67,27,289,3,65832,44280,9099460,0,100,19,0,0,B0:CB:D8:C9:92:00,1,0,1,1E:01:D0:40:E0:9E,6,1,ARP_SPOOF,2026-08-05T00:49:58.798535
45917,,-44,50,163,1183,65832,44280,9099539,0,100,19,0,0,B0:CB:D8:C9:92:00,1,0,0,1E:01:D0:40:E0:9E,6,1,ARP_SPOOF,2026-08-05T00:49:58.877535
45917,,-67,27,418,3480,65832,44280,9099656,0,100,19,0,0,B0:CB:D8:C9:92:00,1,0,1,1E:01:D0:40:E0:9E,6,1,ARP_SPOOF,2026-08-05T00:49:58.994535
45917,BEACON,-79,15,0,3280,65760,44280,9099743,0,100,19,0,0,B0:CB:D8:C9:92:00,1,0,0,1E:01:D0:40:E0:9E,6,1,ARP_SPOOF,2026-08-05T00:49:59.081535
45917,PROBE_RESP,-88,6,0,0,65832,44280,9099916,0,100,19,0,0,B0:CB:D8:C9:92:00,1,0,0,1E:01:D0:40:E0:9E,6,1,ARP_SPOOF,2026-08-05T00:49:59.254535
45917,MGMT_OTHER,-68,26,1860,897,65832,44280,9100067,0,100,19,0,0,B0:CB:D8:C9:92:00,1,0,1,1E:01:D0:40:E0:9E,6,1,ARP_SPOOF,2026-08-05T00:49:59.405535
45917,BEACON,-68,26,0,2996,65832,44280,9100331,0,100,19,0,0,B0:CB:D8:C9:92:00,1,0,1,1E:01:D0:40:E0:9E,6,1,ARP_SPOOF,2026-08-05T00:49:59.669535
45917,MGMT_OTHER,-67,27,739,2796,65832,44280,9100546,0,100,19,0,0,B0:CB:D8:C9:92:00,1,0,1,1E:01:D0:40:E0:9E,6,1,ARP_SPOOF,2026-08-05T00:49:59.884535
45917,,11,11,0,0,65832,44280,9100780,0,100,19,0,0,B0:CB:D8:C9:92:00,1,0,0,1E:01:D0:40:E0:9E,6,1,ARP_SPOOF,2026-08-05T00:50:00.118535
45917,,-48,46,4380,1196,65832,44280,9100967,0,100,19,0,0,B0:CB:D8:C9:92:00,1,0,1,1E:01:D0:40:E0:9E,6,1,ARP_SPOOF,2026-08-05T00:50:00.305535
45917,MGMT_OTHER,-67,27,443,528,65832,44280,9101222,0,100,19,0,0,B0:CB:D8:C9:92:00,1,0,1,1E:01:D0:40:E0:9E,6,1,ARP_SPOOF,2026-08-05T00:50:00.560535
45917,MGMT_OTHER,-67,27,833,3403,65832,44280,9101295,0,100,19,0,0,B0:CB:D8:C9:92:00,1,0,1,1E:01:D0:40:E0:9E,6,1,ARP_SPOOF,2026-08-05T00:50:00.633532
45917,MGMT_OTHER,-67,27,178,3906,65832,44280,9101380,0,100,19,0,0,B0:CB:D8:C9:92:00,1,0,1,1E:01:D0:40:E0:9E,6,1,ARP_SPOOF,2026-08-05T00:50:00.718532
45917,,-67,27,1504,101,65832,44280,9101464,0,100,19,0,0,B0:CB:D8:C9:92:00,0,0,1,1E:01:D0:40:E0:9E,6,1,ARP_SPOOF,2026-08-05T00:50:00.802532
45917,MGMT_OTHER,-67,27,174,3831,65832,44280,9101529,0,100,19,0,0,B0:CB:D8:C9:92:00,0,0,1,1E:01:D0:40:E0:9E,6,1,ARP_SPOOF,2026-08-05T00:50:00.867532
45917,,-67,27,320,297,65832,44280,9101671,0,100,19,0,0,B0:CB:D8:C9:92:00,1,0,1,1E:01:D0:40:E0:9E,6,1,ARP_SPOOF,2026-08-05T00:50:01.009532
45917,,-56,38,4033,6,65832,44280,9101763,0,100,19,0,0,B0:CB:D8:C9:92:00,1,0,1,1E:01:D0:40:E0:9E,6,1,ARP_SPOOF,2026-08-05T00:50:01.101532
45917,PROBE_RESP,-78,16,0,1,65832,44280,9101973,0,100,19,0,0,B0:CB:D8:C9:92:00,1,0,0,1E:01:D0:40:E0:9E,6,1,ARP_SPOOF,2026-08-05T00:50:01.311532
45917,BEACON,-89,5,11492,1511,65832,44280,9102261,0,100,19,0,0,B0:CB:D8:C9:92:00,1,0,1,1E:01:D0:40:E0:9E,6,1,ARP_SPOOF,2026-08-05T00:50:01.599532
45917,DISASSOC,-66,28,3531,2940,65832,44280,9102455,0,100,19,0,0,B0:CB:D8:C9:92:00,1,0,1,1E:01:D0:40:E0:9E,6,1,ARP_SPOOF,2026-08-05T00:50:01.793532
45917,BEACON,-80,14,0,3309,65832,44280,9102713,0,100,19,0,0,B0:CB:D8:C9:92:00,1,0,0,1E:01:D0:40:E0:9E,6,1,ARP_SPOOF,2026-08-05T00:50:02.051532
45917,MGMT_OTHER,-67,27,2704,2489,65832,44280,9102913,0,100,19,0,0,B0:CB:D8:C9:92:00,1,0,1,1E:01:D0:40:E0:9E,6,1,ARP_SPOOF,2026-08-05T00:50:02.251532
45917,,-67,27,497,401,65832,44280,9103021,0,100,19,0,0,B0:CB:D8:C9:92:00,1,0,1,1E:01:D0:40:E0:9E,6,1,ARP_SPOOF,2026-08-05T00:50:02.359532
45917,,-66,28,365,2006,65832,44280,9103208,0,100,19,0,0,B0:CB:D8:C9:92:00,1,0,1,1E:01:D0:40:E0:9E,6,1,ARP_SPOOF,2026-08-05T00:50:02.546532
45917,MGMT_OTHER,-66,28,659,3538,65832,44280,9103253,0,100,19,0,0,B0:CB:D8:C9:92:00,1,0,1,1E:01:D0:40:E0:9E,6,1,ARP_SPOOF,2026-08-05T00:50:02.591532
45917,,-65,29,505,4052,65832,44280,9103318,0,100,19,0,0,B0:CB:D8:C9:92:00,1,0,1,1E:01:D0:40:E0:9E,6,1,ARP_SPOOF,2026-08-05T00:50:02.656532
45917,,-67,27,1262,3427,65832,44280,9103353,0,100,19,0,0,B0:CB:D8:C9:92:00,1,0,0,1E:01:D0:40:E0:9E,6,1,ARP_SPOOF,2026-08-05T00:50:02.691532
45917,,-68,26,872,3350,65832,44280,9103445,0,100,19,0,0,B0:CB:D8:C9:92:00,1,0,1,1E:01:D0:40:E0:9E,6,1,ARP_SPOOF,2026-08-05T00:50:02.783532
45917,MGMT_OTHER,-66,28,177,1196,65832,44280,9103515,0,100,19,0,0,B0:CB:D8:C9:92:00,1,0,1,1E:01:D0:40:E0:9E,6,1,ARP_SPOOF,2026-08-05T00:50:02.853532
45917,,-65,29,164,4043,65832,44280,9103547,0,100,19,0,0,B0:CB:D8:C9:92:00,1,0,1,1E:01:D0:40:E0:9E,6,1,ARP_SPOOF,2026-08-05T00:50:02.885532
45917,,-65,29,1462,1446,65832,44280,9103635,0,100,19,0,0,B0:CB:D8:C9:92:00,1,0,1,1E:01:D0:40:E0:9E,6,1,ARP_SPOOF,2026-08-05T00:50:02.973532
45917,PROBE_RESP,-90,4,0,1,65832,44280,9103817,0,100,19,0,0,B0:CB:D8:C9:92:00,1,0,0,1E:01:D0:40:E0:9E,6,1,ARP_SPOOF,2026-08-05T00:50:03.155532
45917,,-66,28,2258,3749,65832,44280,9103919,0,100,19,0,0,B0:CB:D8:C9:92:00,1,0,1,1E:01:D0:40:E0:9E,6,1,ARP_SPOOF,2026-08-05T00:50:03.257532
45917,BEACON,-65,29,61,3033,65832,44280,9104120,0,100,19,0,0,B0:CB:D8:C9:92:00,1,0,1,1E:01:D0:40:E0:9E,6,1,ARP_SPOOF,2026-08-05T00:50:03.458532
45917,,-68,26,263,1144,65832,44280,9104279,0,100,19,0,0,B0:CB:D8:C9:92:00,1,0,1,1E:01:D0:40:E0:9E,6,1,ARP_SPOOF,2026-08-05T00:50:03.617532
45917,MGMT_OTHER,-66,28,351,1676,65832,44280,9104455,0,100,19,0,0,B0:CB:D8:C9:92:00,1,0,1,1E:01:D0:40:E0:9E,6,1,ARP_SPOOF,2026-08-05T00:50:03.793532
45917,PROBE_RESP,-66,28,0,2371,65832,44280,9104638,0,100,19,0,0,B0:CB:D8:C9:92:00,1,0,1,1E:01:D0:40:E0:9E,6,1,ARP_SPOOF,2026-08-05T00:50:03.976532
45917,,-66,28,37168,240,65832,44280,9104901,0,100,19,0,0,B0:CB:D8:C9:92:00,1,0,1,1E:01:D0:40:E0:9E,6,1,ARP_SPOOF,2026-08-05T00:50:04.239532
45917,BEACON,-66,28,0,3043,65832,44280,9105145,0,100,19,0,0,B0:CB:D8:C9:92:00,1,0,1,1E:01:D0:40:E0:9E,6,1,ARP_SPOOF,2026-08-05T00:50:04.483532
45917,BEACON,-45,49,337,1838,65832,44280,9105268,0,100,19,0,0,B0:CB:D8:C9:92:00,1,0,1,1E:01:D0:40:E0:9E,6,1,ARP_SPOOF,2026-08-05T00:50:04.606532
45917,BEACON,-88,6,0,1541,65832,44280,9105350,0,100,19,0,0,B0:CB:D8:C9:92:00,1,0,1,1E:01:D0:40:E0:9E,6,1,ARP_SPOOF,2026-08-05T00:50:04.688532
45917,MGMT_OTHER,-66,28,424,4059,65832,44280,9105404,0,100,19,0,0,B0:CB:D8:C9:92:00,1,0,1,1E:01:D0:40:E0:9E,6,1,ARP_SPOOF,2026-08-05T00:50:04.742532
45917,MGMT_OTHER,-68,26,172,3158,65832,44280,9105467,0,100,19,0,0,B0:CB:D8:C9:92:00,1,0,1,1E:01:D0:40:E0:9E,6,1,ARP_SPOOF,2026-08-05T00:50:04.805532
45917,MGMT_OTHER,-66,28,285,1850,65832,44280,9105577,0,100,19,0,0,B0:CB:D8:C9:92:00,1,0,1,1E:01:D0:40:E0:9E,6,1,ARP_SPOOF,2026-08-05T00:50:04.915532
45917,MGMT_OTHER,-67,27,2053,3795,65832,44280,9105714,0,100,19,0,0,B0:CB:D8:C9:92:00,1,0,1,1E:01:D0:40:E0:9E,6,1,ARP_SPOOF,2026-08-05T00:50:05.052532
45917,,-67,27,26002,2816,65832,44280,9105965,0,100,19,0,0,B0:CB:D8:C9:92:00,1,0,1,1E:01:D0:40:E0:9E,6,1,ARP_SPOOF,2026-08-05T00:50:05.303532
45917,MGMT_OTHER,-68,26,9695,2501,65832,44280,9106130,0,100,19,0,0,B0:CB:D8:C9:92:00,1,0,1,1E:01:D0:40:E0:9E,6,1,ARP_SPOOF,2026-08-05T00:50:05.468532
45917,,-66,28,245,3669,65832,44280,9106377,0,100,19,0,0,B0:CB:D8:C9:92:00,1,0,1,1E:01:D0:40:E0:9E,6,1,ARP_SPOOF,2026-08-05T00:50:05.715532
45917,,-66,28,1704,680,65832,44280,9106694,0,100,19,0,0,B0:CB:D8:C9:92:00,1,0,1,1E:01:D0:40:E0:9E,6,1,ARP_SPOOF,2026-08-05T00:50:06.032532
45917,,-66,28,1903,2363,65832,44280,9106810,0,100,19,0,0,B0:CB:D8:C9:92:00,1,0,1,1E:01:D0:40:E0:9E,6,1,ARP_SPOOF,2026-08-05T00:50:06.148532
45917,,-65,29,806,1731,65832,44280,9107023,0,100,19,0,0,B0:CB:D8:C9:92:00,1,0,1,1E:01:D0:40:E0:9E,6,1,ARP_SPOOF,2026-08-05T00:50:06.361532
45917,,-46,48,163,1258,65832,44280,9107219,0,100,19,0,0,B0:CB:D8:C9:92:00,1,0,0,1E:01:D0:40:E0:9E,6,1,ARP_SPOOF,2026-08-05T00:50:06.557532
45917,,-65,29,948,831,65832,44280,9107267,0,100,19,0,0,B0:CB:D8:C9:92:00,1,0,1,1E:01:D0:40:E0:9E,6,1,ARP_SPOOF,2026-08-05T00:50:06.605532
45917,PROBE_RESP,-78,16,0,0,65832,44280,9107371,0,100,19,0,0,B0:CB:D8:C9:92:00,1,0,0,1E:01:D0:40:E0:9E,6,1,ARP_SPOOF,2026-08-05T00:50:06.709532
45917,,-67,27,2701,2018,65832,44280,9107502,0,100,19,0,0,B0:CB:D8:C9:92:00,1,0,1,1E:01:D0:40:E0:9E,6,1,ARP_SPOOF,2026-08-05T00:50:06.840532
45917,MGMT_OTHER,-68,26,16255,1723,65832,44280,9107588,0,100,19,0,0,B0:CB:D8:C9:92:00,1,0,1,1E:01:D0:40:E0:9E,6,1,ARP_SPOOF,2026-08-05T00:50:06.926532
45917,MGMT_OTHER,-68,26,2083,4087,65832,44280,9107815,0,100,19,0,0,B0:CB:D8:C9:92:00,1,0,1,1E:01:D0:40:E0:9E,6,1,ARP_SPOOF,2026-08-05T00:50:07.153532
45917,,-49,45,685,1879,65832,44280,9108040,0,100,19,0,0,B0:CB:D8:C9:92:00,1,0,1,1E:01:D0:40:E0:9E,6,1,ARP_SPOOF,2026-08-05T00:50:07.378532
45917,,-67,27,457,750,65832,44280,9108282,0,100,19,0,0,B0:CB:D8:C9:92:00,1,0,1,1E:01:D0:40:E0:9E,6,1,ARP_SPOOF,2026-08-05T00:50:07.620532
45917,,-66,28,11640,3787,65832,44280,9108429,0,100,19,0,0,B0:CB:D8:C9:92:00,1,0,1,1E:01:D0:40:E0:9E,6,1,ARP_SPOOF,2026-08-05T00:50:07.767532
45917,MGMT_OTHER,-67,27,4596,2857,65832,44280,9108656,0,100,19,0,0,B0:CB:D8:C9:92:00,1,0,1,1E:01:D0:40:E0:9E,6,1,ARP_SPOOF,2026-08-05T00:50:07.994532
45917,,-48,46,154,1264,65832,44280,9108858,0,100,19,0,0,B0:CB:D8:C9:92:00,1,0,0,1E:01:D0:40:E0:9E,6,1,ARP_SPOOF,2026-08-05T00:50:08.196532
45917,PROBE_RESP,-87,7,0,0,65832,44280,9108971,0,100,19,0,0,B0:CB:D8:C9:92:00,1,0,0,1E:01:D0:40:E0:9E,6,1,ARP_SPOOF,2026-08-05T00:50:08.309532
45917,MGMT_OTHER,-65,29,12979,4060,65832,44280,9109103,0,100,19,0,0,B0:CB:D8:C9:92:00,1,0,0,1E:01:D0:40:E0:9E,6,1,ARP_SPOOF,2026-08-05T00:50:08.441532
45917,MGMT_OTHER,-67,27,22423,1316,65832,44280,9109300,0,100,19,0,0,B0:CB:D8:C9:92:00,1,0,1,1E:01:D0:40:E0:9E,6,1,ARP_SPOOF,2026-08-05T00:50:08.638532
45917,MGMT_OTHER,-66,28,7439,2153,65832,44280,9109416,0,100,19,0,0,B0:CB:D8:C9:92:00,1,0,1,1E:01:D0:40:E0:9E,6,1,ARP_SPOOF,2026-08-05T00:50:08.754532
45917,MGMT_OTHER,-66,28,211,1107,65832,44280,9109558,0,100,19,0,0,B0:CB:D8:C9:92:00,1,0,1,1E:01:D0:40:E0:9E,6,1,ARP_SPOOF,2026-08-05T00:50:08.896532
45917,MGMT_OTHER,-64,30,524,606,65832,44280,9109688,0,100,19,0,0,B0:CB:D8:C9:92:00,1,0,1,1E:01:D0:40:E0:9E,6,1,ARP_SPOOF,2026-08-05T00:50:09.026532
45917,MGMT_OTHER,-66,28,1854,2751,65832,44280,9109909,0,100,19,0,0,B0:CB:D8:C9:92:00,1,0,1,1E:01:D0:40:E0:9E,6,1,ARP_SPOOF,2026-08-05T00:50:09.247532
45917,MGMT_OTHER,-68,26,2805,3105,65832,44280,9110092,0,100,19,0,0,B0:CB:D8:C9:92:00,1,0,1,1E:01:D0:40:E0:9E,6,1,ARP_SPOOF,2026-08-05T00:50:09.430532
45917,,-67,27,4545,1235,65832,44280,9110371,0,100,19,0,0,B0:CB:D8:C9:92:00,1,0,1,1E:01:D0:40:E0:9E,6,1,ARP_SPOOF,2026-08-05T00:50:09.709532
45917,,-48,46,10169,1279,65832,44280,9110547,0,100,19,0,0,B0:CB:D8:C9:92:00,1,0,1,1E:01:D0:40:E0:9E,6,1,ARP_SPOOF,2026-08-05T00:50:09.885532
45917,MGMT_OTHER,-67,27,4165,1860,65832,44280,9110806,0,100,19,0,0,B0:CB:D8:C9:92:00,1,0,1,1E:01:D0:40:E0:9E,6,1,ARP_SPOOF,2026-08-05T00:50:10.144532
45917,BEACON,-39,55,102,1917,65832,44280,9111003,0,100,19,0,0,B0:CB:D8:C9:92:00,1,0,1,1E:01:D0:40:E0:9E,6,1,ARP_SPOOF,2026-08-05T00:50:10.341532
45917,,-68,26,947,3352,65832,44280,9111218,0,100,19,0,0,B0:CB:D8:C9:92:00,1,0,1,1E:01:D0:40:E0:9E,6,1,ARP_SPOOF,2026-08-05T00:50:10.556532
45917,BEACON,-81,13,11082,3430,65832,44280,9111314,0,100,19,0,0,B0:CB:D8:C9:92:00,1,0,1,1E:01:D0:40:E0:9E,6,1,ARP_SPOOF,2026-08-05T00:50:10.652532
45917,,-68,26,530,1099,65832,44280,9111425,0,100,19,0,0,B0:CB:D8:C9:92:00,1,0,1,1E:01:D0:40:E0:9E,6,1,ARP_SPOOF,2026-08-05T00:50:10.763532
45917,MGMT_OTHER,-67,27,654,373,65832,44280,9111518,0,100,19,0,0,B0:CB:D8:C9:92:00,1,0,1,1E:01:D0:40:E0:9E,6,1,ARP_SPOOF,2026-08-05T00:50:10.856532
45917,MGMT_OTHER,-68,26,429,1868,65832,44280,9111640,0,100,19,0,0,B0:CB:D8:C9:92:00,1,0,1,1E:01:D0:40:E0:9E,6,1,ARP_SPOOF,2026-08-05T00:50:10.978532
45917,BEACON,-66,28,0,3108,65832,44280,9111803,0,100,19,0,0,B0:CB:D8:C9:92:00,1,0,1,1E:01:D0:40:E0:9E,6,1,ARP_SPOOF,2026-08-05T00:50:11.141532
45917,,-93,1,0,0,65816,44280,9111996,0,100,19,0,0,B0:CB:D8:C9:92:00,1,0,0,1E:01:D0:40:E0:9E,6,1,ARP_SPOOF,2026-08-05T00:50:11.334532
45917,BEACON,-78,16,0,3401,65760,44280,9112134,0,100,19,0,0,B0:CB:D8:C9:92:00,1,0,0,1E:01:D0:40:E0:9E,6,1,ARP_SPOOF,2026-08-05T00:50:11.472532
45917,,-64,30,1141,3841,65832,44280,9112280,0,100,19,0,0,B0:CB:D8:C9:92:00,1,0,1,1E:01:D0:40:E0:9E,6,1,ARP_SPOOF,2026-08-05T00:50:11.618532
45917,PROBE_RESP,-78,16,0,1,65832,44280,9112416,0,100,19,0,0,B0:CB:D8:C9:92:00,1,0,0,1E:01:D0:40:E0:9E,6,1,ARP_SPOOF,2026-08-05T00:50:11.754532
45917,MGMT_OTHER,-68,26,208,314,65832,44280,9112659,0,100,19,0,0,B0:CB:D8:C9:92:00,1,0,1,1E:01:D0:40:E0:9E,6,1,ARP_SPOOF,2026-08-05T00:50:11.997532
45917,,-65,29,1414,997,65832,44280,9112849,0,100,19,0,0,B0:CB:D8:C9:92:00,1,0,1,1E:01:D0:40:E0:9E,6,1,ARP_SPOOF,2026-08-05T00:50:12.187532
45917,MGMT_OTHER,-66,28,8264,2414,65832,44280,9113091,0,100,19,0,0,B0:CB:D8:C9:92:00,1,0,0,1E:01:D0:40:E0:9E,6,1,ARP_SPOOF,2026-08-05T00:50:12.429532
45917,,-65,29,371,91,65832,44280,9113196,0,100,19,0,0,B0:CB:D8:C9:92:00,1,0,1,1E:01:D0:40:E0:9E,6,1,ARP_SPOOF,2026-08-05T00:50:12.534532
45917,,-68,26,377,3045,65832,44280,9113270,0,100,19,0,0,B0:CB:D8:C9:92:00,1,0,1,1E:01:D0:40:E0:9E,6,1,ARP_SPOOF,2026-08-05T00:50:12.608532
45917,MGMT_OTHER,-68,26,24785,1763,65832,44280,9113396,0,100,19,0,0,B0:CB:D8:C9:92:00,1,0,1,1E:01:D0:40:E0:9E,6,1,ARP_SPOOF,2026-08-05T00:50:12.734532
45917,MGMT_OTHER,-66,28,1846,232,65832,44280,9113543,0,100,19,0,0,B0:CB:D8:C9:92:00,1,0,1,1E:01:D0:40:E0:9E,6,1,ARP_SPOOF,2026-08-05T00:50:12.881532
45917,MGMT_OTHER,-87,7,2723,84,65832,44280,9113711,0,100,19,0,0,B0:CB:D8:C9:92:00,1,0,1,1E:01:D0:40:E0:9E,6,1,ARP_SPOOF,2026-08-05T00:50:13.049532
45917,,-66,28,6597,3946,65832,44280,9113881,0,100,19,0,0,B0:CB:D8:C9:92:00,1,0,1,1E:01:D0:40:E0:9E,6,1,ARP_SPOOF,2026-08-05T00:50:13.219532
45917,MGMT_OTHER,-67,27,6723,3528,65832,44280,9114047,0,100,19,0,0,B0:CB:D8:C9:92:00,1,0,1,1E:01:D0:40:E0:9E,6,1,ARP_SPOOF,2026-08-05T00:50:13.385532
45917,MGMT_OTHER,-68,26,394,3231,65832,44280,9114185,0,100,19,0,0,B0:CB:D8:C9:92:00,0,0,1,1E:01:D0:40:E0:9E,6,1,ARP_SPOOF,2026-08-05T00:50:13.523532
45917,MGMT_OTHER,-68,26,4703,3643,65832,44280,9114372,0,100,19,0,0,B0:CB:D8:C9:92:00,1,0,1,1E:01:D0:40:E0:9E,6,1,ARP_SPOOF,2026-08-05T00:50:13.710532
45917,BEACON,-84,10,11435,3461,65832,44280,9114488,0,100,19,0,0,B0:CB:D8:C9:92:00,1,0,1,1E:01:D0:40:E0:9E,6,1,ARP_SPOOF,2026-08-05T00:50:13.826532
45917,,-67,27,2175,1606,65832,44280,9114715,0,100,19,0,0,B0:CB:D8:C9:92:00,1,0,1,1E:01:D0:40:E0:9E,6,1,ARP_SPOOF,2026-08-05T00:50:14.053532
45917,,-68,26,1610,3040,65832,44280,9114947,0,100,19,0,0,B0:CB:D8:C9:92:00,1,0,1,1E:01:D0:40:E0:9E,6,1,ARP_SPOOF,2026-08-05T00:50:14.285532
45917,,-68,26,1436,1319,65832,44280,9115186,0,100,19,0,0,B0:CB:D8:C9:92:00,1,0,1,1E:01:D0:40:E0:9E,6,1,ARP_SPOOF,2026-08-05T00:50:14.524532
45917,,-66,28,396,1594,65832,44280,9115294,0,100,19,0,0,B0:CB:D8:C9:92:00,1,0,1,1E:01:D0:40:E0:9E,6,1,ARP_SPOOF,2026-08-05T00:50:14.632532
45917,MGMT_OTHER,-68,26,1664,2351,65832,44280,9115433,0,100,19,0,0,B0:CB:D8:C9:92:00,1,0,1,1E:01:D0:40:E0:9E,6,1,ARP_SPOOF,2026-08-05T00:50:14.771532
45917,MGMT_OTHER,-68,26,23491,1139,65832,44280,9115576,0,100,19,0,0,B0:CB:D8:C9:92:00,1,0,1,1E:01:D0:40:E0:9E,6,1,ARP_SPOOF,2026-08-05T00:50:14.914532
45917,,-67,27,194,1134,65832,44280,9115720,0,100,19,0,0,B0:CB:D8:C9:92:00,1,0,0,1E:01:D0:40:E0:9E,6,1,ARP_SPOOF,2026-08-05T00:50:15.058532
45917,PROBE_RESP,-80,14,0,77,65832,44280,9115949,0,100,19,0,0,B0:CB:D8:C9:92:00,1,0,0,1E:01:D0:40:E0:9E,6,1,ARP_SPOOF,2026-08-05T00:50:15.287532
45917,,-68,26,11166,3560,65832,44280,9116202,0,100,19,0,0,B0:CB:D8:C9:92:00,1,0,1,1E:01:D0:40:E0:9E,6,1,ARP_SPOOF,2026-08-05T00:50:15.540532
45917,,-92,2,4361,0,65832,44280,9116347,0,100,19,0,0,B0:CB:D8:C9:92:00,1,0,0,1E:01:D0:40:E0:9E,6,1,ARP_SPOOF,2026-08-05T00:50:15.685532
45917,BEACON,-66,28,60,3154,65816,44280,9116512,0,100,19,0,0,B0:CB:D8:C9:92:00,1,0,1,1E:01:D0:40:E0:9E,6,1,ARP_SPOOF,2026-08-05T00:50:15.850532
45917,,-68,26,793,3212,65832,44280,9116723,0,100,19,0,0,B0:CB:D8:C9:92:00,1,0,1,1E:01:D0:40:E0:9E,6,1,ARP_SPOOF,2026-08-05T00:50:16.061532
45917,,-67,27,335,2922,65832,44280,9116931,0,100,19,0,0,B0:CB:D8:C9:92:00,1,0,1,1E:01:D0:40:E0:9E,6,1,ARP_SPOOF,2026-08-05T00:50:16.269532
45917,MGMT_OTHER,-68,26,22736,997,65832,44280,9117214,0,100,19,0,0,B0:CB:D8:C9:92:00,1,0,1,1E:01:D0:40:E0:9E,6,1,ARP_SPOOF,2026-08-05T00:50:16.552532
45917,,-68,26,500,3070,65832,44280,9117284,0,100,19,0,0,B0:CB:D8:C9:92:00,1,0,1,1E:01:D0:40:E0:9E,6,1,ARP_SPOOF,2026-08-05T00:50:16.622532
45917,BEACON,-45,49,88,2011,65832,44280,9117454,0,100,19,0,0,B0:CB:D8:C9:92:00,1,0,0,1E:01:D0:40:E0:9E,6,1,ARP_SPOOF,2026-08-05T00:50:16.792532
45917,MGMT_OTHER,-68,26,1965,2374,65832,44280,9117558,0,100,19,0,0,B0:CB:D8:C9:92:00,1,0,1,1E:01:D0:40:E0:9E,6,1,ARP_SPOOF,2026-08-05T00:50:16.896532
45917,PROBE_RESP,-80,14,0,0,65832,44280,9117726,0,100,19,0,0,B0:CB:D8:C9:92:00,1,0,0,1E:01:D0:40:E0:9E,6,1,ARP_SPOOF,2026-08-05T00:50:17.064532
45917,MGMT_OTHER,-67,27,942,2415,65832,44280,9117915,0,100,19,0,0,B0:CB:D8:C9:92:00,1,0,0,1E:01:D0:40:E0:9E,6,1,ARP_SPOOF,2026-08-05T00:50:17.253532
45917,MGMT_OTHER,-68,26,899,1664,65832,44280,9118185,0,100,19,0,0,B0:CB:D8:C9:92:00,1,0,1,1E:01:D0:40:E0:9E,6,1,ARP_SPOOF,2026-08-05T00:50:17.523532
45917,,-48,46,190,1332,65832,44280,9118382,0,100,19,0,0,B0:CB:D8:C9:92:00,1,0,0,1E:01:D0:40:E0:9E,6,1,ARP_SPOOF,2026-08-05T00:50:17.720532
45917,MGMT_OTHER,-68,26,24323,1429,65832,44280,9118609,0,100,19,0,0,B0:CB:D8:C9:92:00,1,0,1,1E:01:D0:40:E0:9E,6,1,ARP_SPOOF,2026-08-05T00:50:17.947532
45917,BEACON,-87,7,0,1673,65832,44280,9118868,0,100,19,0,0,B0:CB:D8:C9:92:00,1,0,0,1E:01:D0:40:E0:9E,6,1,ARP_SPOOF,2026-08-05T00:50:18.206532
45917,DISASSOC,-93,1,2015,0,65832,44280,9119036,0,100,19,0,0,B0:CB:D8:C9:92:00,1,0,0,1E:01:D0:40:E0:9E,6,1,ARP_SPOOF,2026-08-05T00:50:18.374532
45917,,-68,26,1395,3034,65832,44280,9119236,0,100,19,0,0,B0:CB:D8:C9:92:00,1,0,1,1E:01:D0:40:E0:9E,6,1,ARP_SPOOF,2026-08-05T00:50:18.574532
45917,,-46,48,172,1342,65760,44280,9119303,0,100,19,0,0,B0:CB:D8:C9:92:00,1,0,0,1E:01:D0:40:E0:9E,6,1,ARP_SPOOF,2026-08-05T00:50:18.641532
45917,,-67,27,172,1565,65832,44280,9119342,0,100,19,0,0,B0:CB:D8:C9:92:00,1,0,1,1E:01:D0:40:E0:9E,6,1,ARP_SPOOF,2026-08-05T00:50:18.680532
45917,MGMT_OTHER,-68,26,1269,3439,65832,44280,9119444,0,100,19,0,0,B0:CB:D8:C9:92:00,1,0,1,1E:01:D0:40:E0:9E,6,1,ARP_SPOOF,2026-08-05T00:50:18.782532
45917,,-67,27,1026,1564,65832,44280,9119544,0,100,19,0,0,B0:CB:D8:C9:92:00,1,0,1,1E:01:D0:40:E0:9E,6,1,ARP_SPOOF,2026-08-05T00:50:18.882532
45917,BEACON,-87,7,0,1682,65832,44280,9119790,0,100,19,0,0,B0:CB:D8:C9:92:00,1,0,0,1E:01:D0:40:E0:9E,6,1,ARP_SPOOF,2026-08-05T00:50:19.128532
45917,PROBE_RESP,-91,3,0,1,65832,44280,9120002,0,100,19,0,0,B0:CB:D8:C9:92:00,1,0,0,1E:01:D0:40:E0:9E,6,1,ARP_SPOOF,2026-08-05T00:50:19.340532
45917,,-68,26,2946,1170,65832,44280,9120202,0,100,19,0,0,B0:CB:D8:C9:92:00,1,0,1,1E:01:D0:40:E0:9E,6,1,ARP_SPOOF,2026-08-05T00:50:19.540532
45917,PROBE_RESP,-80,14,639,0,65832,44280,9120353,0,100,19,0,0,B0:CB:D8:C9:92:00,1,0,1,1E:01:D0:40:E0:9E,6,1,ARP_SPOOF,2026-08-05T00:50:19.691532
45917,MGMT_OTHER,-68,26,473,68,65832,44280,9120561,0,100,19,0,0,B0:CB:D8:C9:92:00,1,0,1,1E:01:D0:40:E0:9E,6,1,ARP_SPOOF,2026-08-05T00:50:19.899532
45917,MGMT_OTHER,-70,24,733,1208,65832,44280,9120825,0,100,19,0,0,B0:CB:D8:C9:92:00,1,0,1,1E:01:D0:40:E0:9E,6,1,ARP_SPOOF,2026-08-05T00:50:20.163532
45917,,-47,47,436,2071,65832,44280,9121046,0,100,19,0,0,B0:CB:D8:C9:92:00,1,0,1,1E:01:D0:40:E0:9E,6,1,ARP_SPOOF,2026-08-05T00:50:20.384532
45917,,-67,27,2536,1606,65832,44280,9121266,0,100,19,0,0,B0:CB:D8:C9:92:00,1,0,1,1E:01:D0:40:E0:9E,6,1,ARP_SPOOF,2026-08-05T00:50:20.604532
45917,,-48,46,405,996,65596,44280,9121354,0,100,19,0,0,B0:CB:D8:C9:92:00,1,0,1,1E:01:D0:40:E0:9E,6,1,ARP_SPOOF,2026-08-05T00:50:20.692532
45917,MGMT_OTHER,-68,26,321,2931,65832,44280,9121451,0,100,19,0,0,B0:CB:D8:C9:92:00,1,0,0,1E:01:D0:40:E0:9E,6,1,ARP_SPOOF,2026-08-05T00:50:20.789532
45917,MGMT_OTHER,-67,27,10788,2743,65832,44280,9121618,0,100,19,0,0,B0:CB:D8:C9:92:00,1,0,1,1E:01:D0:40:E0:9E,6,1,ARP_SPOOF,2026-08-05T00:50:20.956532
45917,BEACON,-67,27,0,3207,65832,44280,9121939,0,100,19,0,0,B0:CB:D8:C9:92:00,1,0,1,1E:01:D0:40:E0:9E,6,1,ARP_SPOOF,2026-08-05T00:50:21.277532
45917,MGMT_OTHER,-67,27,870,359,65832,44280,9122110,0,100,19,0,0,B0:CB:D8:C9:92:00,0,0,1,1E:01:D0:40:E0:9E,6,1,ARP_SPOOF,2026-08-05T00:50:21.448532
45917,MGMT_OTHER,-69,25,14294,3311,65832,44280,9122369,0,100,19,0,0,B0:CB:D8:C9:92:00,1,0,1,1E:01:D0:40:E0:9E,6,1,ARP_SPOOF,2026-08-05T00:50:21.707532
45917,BEACON,-92,2,20810,2662,65832,44280,9122554,0,100,19,0,0,B0:CB:D8:C9:92:00,1,0,1,1E:01:D0:40:E0:9E,6,1,ARP_SPOOF,2026-08-05T00:50:21.892532
45917,,-94,0,7175,2075,65832,44280,9122875,0,100,19,0,0,B0:CB:D8:C9:92:00,1,0,1,1E:01:D0:40:E0:9E,6,1,ARP_SPOOF,2026-08-05T00:50:22.213532
45917,BEACON,-89,5,26062,2634,65832,44280,9123157,0,100,19,0,0,B0:CB:D8:C9:92:00,1,0,1,1E:01:D0:40:E0:9E,6,1,ARP_SPOOF,2026-08-05T00:50:22.495532
45917,MGMT_OTHER,-69,25,184,3865,65832,44280,9123286,0,100,19,0,0,B0:CB:D8:C9:92:00,1,0,1,1E:01:D0:40:E0:9E,6,1,ARP_SPOOF,2026-08-05T00:50:22.624532
45917,,-69,25,155,2402,65832,44280,9123329,0,100,19,0,0,B0:CB:D8:C9:92:00,1,0,1,1E:01:D0:40:E0:9E,6,1,ARP_SPOOF,2026-08-05T00:50:22.667532
45917,,-68,26,423,2530,65832,44280,9123439,0,100,19,0,0,B0:CB:D8:C9:92:00,1,0,1,1E:01:D0:40:E0:9E,6,1,ARP_SPOOF,2026-08-05T00:50:22.777532
45917,,-67,27,2448,3268,65832,44280,9123625,0,100,19,0,0,B0:CB:D8:C9:92:00,1,0,1,1E:01:D0:40:E0:9E,6,1,ARP_SPOOF,2026-08-05T00:50:22.963532
45917,BEACON,-87,7,20930,1721,65832,44280,9123783,0,100,19,0,0,B0:CB:D8:C9:92:00,1,0,1,1E:01:D0:40:E0:9E,6,1,ARP_SPOOF,2026-08-05T00:50:23.121532
45917,,-70,24,12562,1025,65832,44280,9124000,0,100,19,0,0,B0:CB:D8:C9:92:00,1,0,1,1E:01:D0:40:E0:9E,6,1,ARP_SPOOF,2026-08-05T00:50:23.338532
45917,MGMT_OTHER,-67,27,8465,2970,65832,44280,9124204,0,100,19,0,0,B0:CB:D8:C9:92:00,1,0,1,1E:01:D0:40:E0:9E,6,1,ARP_SPOOF,2026-08-05T00:50:23.542532
45917,,-67,27,4907,2922,65832,44280,9124452,0,100,19,0,0,B0:CB:D8:C9:92:00,1,0,0,1E:01:D0:40:E0:9E,6,1,ARP_SPOOF,2026-08-05T00:50:23.790532
45917,,-43,51,1428,1370,65832,44280,9124730,0,100,19,0,0,B0:CB:D8:C9:92:00,1,0,1,1E:01:D0:40:E0:9E,6,1,ARP_SPOOF,2026-08-05T00:50:24.068532
45917,BEACON,-81,13,0,3526,65752,44280,9124935,0,100,19,0,0,B0:CB:D8:C9:92:00,1,0,0,1E:01:D0:40:E0:9E,6,1,ARP_SPOOF,2026-08-05T00:50:24.273532
45917,BEACON,-88,6,0,1734,65832,44280,9125114,0,100,19,0,0,B0:CB:D8:C9:92:00,1,0,1,1E:01:D0:40:E0:9E,6,1,ARP_SPOOF,2026-08-05T00:50:24.452532
45917,,-67,27,301,4038,65832,44280,9125262,0,100,19,0,0,B0:CB:D8:C9:92:00,1,0,1,1E:01:D0:40:E0:9E,6,1,ARP_SPOOF,2026-08-05T00:50:24.600532
45917,,-67,27,4112,338,65832,44280,9125322,0,100,19,0,0,B0:CB:D8:C9:92:00,1,0,1,1E:01:D0:40:E0:9E,6,1,ARP_SPOOF,2026-08-05T00:50:24.660532
45917,,-69,25,4380,2242,65832,44280,9125425,0,100,19,0,0,B0:CB:D8:C9:92:00,1,0,1,1E:01:D0:40:E0:9E,6,1,ARP_SPOOF,2026-08-05T00:50:24.763532
45917,MGMT_OTHER,-68,26,330,351,65832,44280,9125490,0,100,19,0,0,B0:CB:D8:C9:92:00,1,0,1,1E:01:D0:40:E0:9E,6,1,ARP_SPOOF,2026-08-05T00:50:24.828532
45917,MGMT_OTHER,-68,26,4476,105,65832,44280,9125647,0,100,19,0,0,B0:CB:D8:C9:92:00,1,0,1,1E:01:D0:40:E0:9E,6,1,ARP_SPOOF,2026-08-05T00:50:24.985532
45917,BEACON,-45,49,10913,2139,65832,44280,9125955,0,100,19,0,0,B0:CB:D8:C9:92:00,1,0,1,1E:01:D0:40:E0:9E,6,1,ARP_SPOOF,2026-08-05T00:50:25.293532
45917,MGMT_OTHER,-69,25,2753,2182,65820,44280,9126078,0,100,19,0,0,B0:CB:D8:C9:92:00,1,0,1,1E:01:D0:40:E0:9E,6,1,ARP_SPOOF,2026-08-05T00:50:25.416532
45917,BEACON,-87,7,0,1745,65820,44280,9126241,0,100,19,0,0,B0:CB:D8:C9:92:00,1,0,0,1E:01:D0:40:E0:9E,6,1,ARP_SPOOF,2026-08-05T00:50:25.579532
45917,MGMT_OTHER,-67,27,809,3051,65820,44280,9126372,0,100,19,0,0,B0:CB:D8:C9:92:00,1,0,1,1E:01:D0:40:E0:9E,6,1,ARP_SPOOF,2026-08-05T00:50:25.710532
45917,,-96,-2,181,1362,65820,44280,9126609,0,100,19,0,0,B0:CB:D8:C9:92:00,1,0,1,1E:01:D0:40:E0:9E,6,1,ARP_SPOOF,2026-08-05T00:50:25.947532
45917,MGMT_OTHER,-67,27,8039,2052,65820,44280,9126871,0,100,19,0,0,B0:CB:D8:C9:92:00,1,0,1,1E:01:D0:40:E0:9E,6,1,ARP_SPOOF,2026-08-05T00:50:26.209532
45917,BEACON,-87,7,0,1753,65820,44280,9127060,0,100,19,0,0,B0:CB:D8:C9:92:00,1,0,1,1E:01:D0:40:E0:9E,6,1,ARP_SPOOF,2026-08-05T00:50:26.398532
45917,,-68,26,190,3000,65832,44280,9127207,0,100,19,0,0,B0:CB:D8:C9:92:00,1,0,1,1E:01:D0:40:E0:9E,6,1,ARP_SPOOF,2026-08-05T00:50:26.545532
45917,MGMT_OTHER,-68,26,2284,1263,65832,44280,9127296,0,100,19,0,0,B0:CB:D8:C9:92:00,1,0,1,1E:01:D0:40:E0:9E,6,1,ARP_SPOOF,2026-08-05T00:50:26.634532
45917,,-68,26,462,2700,65832,44280,9127334,0,100,19,0,0,B0:CB:D8:C9:92:00,1,0,0,1E:01:D0:40:E0:9E,6,1,ARP_SPOOF,2026-08-05T00:50:26.672532
45917,MGMT_OTHER,-68,26,1766,3627,65832,44280,9127479,0,100,19,0,0,B0:CB:D8:C9:92:00,1,0,1,1E:01:D0:40:E0:9E,6,1,ARP_SPOOF,2026-08-05T00:50:26.817532
45917,MGMT_OTHER,-68,26,14098,1575,65832,44280,9127585,0,100,19,0,0,B0:CB:D8:C9:92:00,0,0,1,1E:01:D0:40:E0:9E,6,1,ARP_SPOOF,2026-08-05T00:50:26.923532
45917,,-68,26,237,600,65832,44280,9127725,0,100,19,0,0,B0:CB:D8:C9:92:00,1,0,1,1E:01:D0:40:E0:9E,6,1,ARP_SPOOF,2026-08-05T00:50:27.063532
45917,,-49,45,7976,1392,65832,44280,9127903,0,100,19,0,0,B0:CB:D8:C9:92:00,1,0,1,1E:01:D0:40:E0:9E,6,1,ARP_SPOOF,2026-08-05T00:50:27.241532
45917,,-44,50,6410,1393,65832,44280,9128122,0,100,19,0,0,B0:CB:D8:C9:92:00,1,0,1,1E:01:D0:40:E0:9E,6,1,ARP_SPOOF,2026-08-05T00:50:27.460532
45917,,-67,27,1840,248,65816,44280,9128361,0,100,19,0,0,B0:CB:D8:C9:92:00,1,0,1,1E:01:D0:40:E0:9E,6,1,ARP_SPOOF,2026-08-05T00:50:27.699532
45917,BEACON,-46,48,5430,2175,65832,44280,9128513,0,100,19,0,0,B0:CB:D8:C9:92:00,1,0,1,1E:01:D0:40:E0:9E,6,1,ARP_SPOOF,2026-08-05T00:50:27.851532
45917,,-46,48,874,1402,65832,44280,9128677,0,100,19,0,0,B0:CB:D8:C9:92:00,1,0,0,1E:01:D0:40:E0:9E,6,1,ARP_SPOOF,2026-08-05T00:50:28.015532
45917,,-95,-1,4898,1332,65832,44280,9128845,0,100,19,0,0,B0:CB:D8:C9:92:00,1,0,1,1E:01:D0:40:E0:9E,6,1,ARP_SPOOF,2026-08-05T00:50:28.183532
45917,,-95,-1,1131,3519,65832,44280,9129114,0,100,19,0,0,B0:CB:D8:C9:92:00,1,0,1,1E:01:D0:40:E0:9E,6,1,ARP_SPOOF,2026-08-05T00:50:28.452532
45917,MGMT_OTHER,-67,27,202,2652,65832,44280,9129238,0,100,19,0,0,B0:CB:D8:C9:92:00,1,0,1,1E:01:D0:40:E0:9E,6,1,ARP_SPOOF,2026-08-05T00:50:28.576532
45917,,-68,26,672,3705,65832,44280,9129264,0,100,19,0,0,B0:CB:D8:C9:92:00,1,0,1,1E:01:D0:40:E0:9E,6,1,ARP_SPOOF,2026-08-05T00:50:28.602532
45917,BEACON,-41,53,84,2187,65832,44280,9129339,0,100,19,0,0,B0:CB:D8:C9:92:00,1,0,1,1E:01:D0:40:E0:9E,6,1,ARP_SPOOF,2026-08-05T00:50:28.677532
45917,,-83,11,165,150,65832,44280,9129377,0,100,19,0,0,B0:CB:D8:C9:92:00,1,0,1,1E:01:D0:40:E0:9E,6,1,ARP_SPOOF,2026-08-05T00:50:28.715532
45917,MGMT_OTHER,-90,4,518,0,65832,44280,9129533,0,100,19,0,0,B0:CB:D8:C9:92:00,1,0,0,1E:01:D0:40:E0:9E,6,1,ARP_SPOOF,2026-08-05T00:50:28.871532
45917,BEACON,-63,31,0,3282,65832,44280,9129621,0,100,19,0,0,B0:CB:D8:C9:92:00,1,0,1,1E:01:D0:40:E0:9E,6,1,ARP_SPOOF,2026-08-05T00:50:28.959532
45917,,-49,45,1461,1414,65760,44280,9129748,0,100,19,0,0,B0:CB:D8:C9:92:00,1,0,1,1E:01:D0:40:E0:9E,6,1,ARP_SPOOF,2026-08-05T00:50:29.086532
45917,,-68,26,14967,3998,65832,44280,9129928,0,100,19,0,0,B0:CB:D8:C9:92:00,1,0,1,1E:01:D0:40:E0:9E,6,1,ARP_SPOOF,2026-08-05T00:50:29.266532
45917,PROBE_RESP,-90,4,0,16,65816,44280,9130075,0,100,19,0,0,B0:CB:D8:C9:92:00,1,0,0,1E:01:D0:40:E0:9E,6,1,ARP_SPOOF,2026-08-05T00:50:29.413532
45917,,-67,27,2221,2739,65816,44280,9130189,0,100,19,0,0,B0:CB:D8:C9:92:00,1,0,1,1E:01:D0:40:E0:9E,6,1,ARP_SPOOF,2026-08-05T00:50:29.527532
45917,,-68,26,456,1202,65832,44280,9130282,0,100,19,0,0,B0:CB:D8:C9:92:00,1,0,1,1E:01:D0:40:E0:9E,6,1,ARP_SPOOF,2026-08-05T00:50:29.620532
45917,BEACON,-89,5,13416,1786,65832,44280,9130439,0,100,19,0,0,B0:CB:D8:C9:92:00,1,0,1,1E:01:D0:40:E0:9E,6,1,ARP_SPOOF,2026-08-05T00:50:29.777532
45917,MGMT_OTHER,-67,27,207,3057,65832,44280,9130653,0,100,19,0,0,B0:CB:D8:C9:92:00,1,0,1,1E:01:D0:40:E0:9E,6,1,ARP_SPOOF,2026-08-05T00:50:29.991532
45917,,-67,27,2931,3370,65832,44280,9130955,0,100,19,0,0,B0:CB:D8:C9:92:00,1,0,1,1E:01:D0:40:E0:9E,6,1,ARP_SPOOF,2026-08-05T00:50:30.293532
45917,PROBE_RESP,-88,6,0,0,65832,44280,9131094,0,100,19,0,0,B0:CB:D8:C9:92:00,1,0,0,1E:01:D0:40:E0:9E,6,1,ARP_SPOOF,2026-08-05T00:50:30.432532
45917,MGMT_OTHER,-67,27,5604,2625,65832,44280,9131221,0,100,19,0,0,B0:CB:D8:C9:92:00,1,0,1,1E:01:D0:40:E0:9E,6,1,ARP_SPOOF,2026-08-05T00:50:30.559532
45917,,-47,47,3884,2215,65832,44280,9131311,0,100,19,0,0,B0:CB:D8:C9:92:00,1,0,1,1E:01:D0:40:E0:9E,6,1,ARP_SPOOF,2026-08-05T00:50:30.649532
45917,,-67,27,3012,706,65832,44280,9131393,0,100,19,0,0,B0:CB:D8:C9:92:00,1,0,1,1E:01:D0:40:E0:9E,6,1,ARP_SPOOF,2026-08-05T00:50:30.731532
45917,,-47,47,143,1430,65832,44280,9131489,0,100,19,0,0,B0:CB:D8:C9:92:00,1,0,0,1E:01:D0:40:E0:9E,6,1,ARP_SPOOF,2026-08-05T00:50:30.827532
45917,MGMT_OTHER,-67,27,983,1894,65832,44280,9131621,0,100,19,0,0,B0:CB:D8:C9:92:00,1,0,1,1E:01:D0:40:E0:9E,6,1,ARP_SPOOF,2026-08-05T00:50:30.959532
45917,MGMT_OTHER,-67,27,1554,3464,65832,44280,9131792,0,100,19,0,0,B0:CB:D8:C9:92:00,1,0,1,1E:01:D0:40:E0:9E,6,1,ARP_SPOOF,2026-08-05T00:50:31.130532
45917,BEACON,-83,11,12399,3632,65832,44280,9132000,0,100,19,0,0,B0:CB:D8:C9:92:00,1,0,1,1E:01:D0:40:E0:9E,6,1,ARP_SPOOF,2026-08-05T00:50:31.338532
45917,,-83,11,203,340,65832,44280,9132105,0,100,19,0,0,B0:CB:D8:C9:92:00,1,0,1,1E:01:D0:40:E0:9E,6,1,ARP_SPOOF,2026-08-05T00:50:31.443532
45917,MGMT_OTHER,-67,27,2358,1557,65832,44280,9132194,0,100,19,0,0,B0:CB:D8:C9:92:00,1,0,1,1E:01:D0:40:E0:9E,6,1,ARP_SPOOF,2026-08-05T00:50:31.532532
45917,,-95,-1,5949,544,65832,44280,9132347,0,100,19,0,0,B0:CB:D8:C9:92:00,1,0,1,1E:01:D0:40:E0:9E,6,1,ARP_SPOOF,2026-08-05T00:50:31.685532
45917,MGMT_OTHER,-68,26,1454,2,65832,44280,9132488,0,100,19,0,0,B0:CB:D8:C9:92:00,1,0,1,1E:01:D0:40:E0:9E,6,1,ARP_SPOOF,2026-08-05T00:50:31.826532
45917,MGMT_OTHER,-67,27,997,97,65832,44280,9132742,0,100,19,0,0,B0:CB:D8:C9:92:00,1,0,1,1E:01:D0:40:E0:9E,6,1,ARP_SPOOF,2026-08-05T00:50:32.080532
45917,,-92,2,807,2438,65832,44280,9132868,0,100,19,0,0,B0:CB:D8:C9:92:00,0,0,1,1E:01:D0:40:E0:9E,6,1,ARP_SPOOF,2026-08-05T00:50:32.206532
45917,MGMT_OTHER,-67,27,194,70,65832,44280,9133025,0,100,19,0,0,B0:CB:D8:C9:92:00,1,0,1,1E:01:D0:40:E0:9E,6,1,ARP_SPOOF,2026-08-05T00:50:32.363532
45917,,-67,27,4294,2498,65832,44280,9133222,0,100,19,0,0,B0:CB:D8:C9:92:00,1,0,1,1E:01:D0:40:E0:9E,6,1,ARP_SPOOF,2026-08-05T00:50:32.560532
45917,MGMT_OTHER,-67,27,294,3480,65832,44280,9133272,0,100,19,0,0,B0:CB:D8:C9:92:00,1,0,1,1E:01:D0:40:E0:9E,6,1,ARP_SPOOF,2026-08-05T00:50:32.610532
45917,MGMT_OTHER,-67,27,2716,1918,65832,44280,9133363,0,100,19,0,0,B0:CB:D8:C9:92:00,1,0,1,1E:01:D0:40:E0:9E,6,1,ARP_SPOOF,2026-08-05T00:50:32.701532
45917,MGMT_OTHER,-67,27,1066,3265,65832,44280,9133471,0,100,19,0,0,B0:CB:D8:C9:92:00,1,0,1,1E:01:D0:40:E0:9E,6,1,ARP_SPOOF,2026-08-05T00:50:32.809532
45917,,-46,48,181,1456,65832,44280,9133640,0,100,19,0,0,B0:CB:D8:C9:92:00,1,0,0,1E:01:D0:40:E0:9E,6,1,ARP_SPOOF,2026-08-05T00:50:32.978532
45917,MGMT_OTHER,-67,27,429,2423,65832,44280,9133927,0,100,19,0,0,B0:CB:D8:C9:92:00,1,0,1,1E:01:D0:40:E0:9E,6,1,ARP_SPOOF,2026-08-05T00:50:33.265532
45917,PROBE_RESP,-81,13,0,0,65832,44280,9134111,0,100,19,0,0,B0:CB:D8:C9:92:00,1,0,0,1E:01:D0:40:E0:9E,6,1,ARP_SPOOF,2026-08-05T00:50:33.449532
45917,BEACON,-80,14,0,3617,65760,44280,9134254,0,100,19,0,0,B0:CB:D8:C9:92:00,1,0,0,1E:01:D0:40:E0:9E,6,1,ARP_SPOOF,2026-08-05T00:50:33.592532
45917,,-67,27,752,3992,65832,44280,9134370,0,100,19,0,0,B0:CB:D8:C9:92:00,1,0,1,1E:01:D0:40:E0:9E,6,1,ARP_SPOOF,2026-08-05T00:50:33.708532
45917,MGMT_OTHER,-68,26,6927,1813,65832,44280,9134544,0,100,19,0,0,B0:CB:D8:C9:92:00,1,0,1,1E:01:D0:40:E0:9E,6,1,ARP_SPOOF,2026-08-05T00:50:33.882532
45917,BEACON,-89,5,0,1828,65832,44280,9134740,0,100,19,0,0,B0:CB:D8:C9:92:00,1,0,0,1E:01:D0:40:E0:9E,6,1,ARP_SPOOF,2026-08-05T00:50:34.078532
45917,,-83,11,215,338,65832,44280,9134871,0,100,19,0,0,B0:CB:D8:C9:92:00,1,0,0,1E:01:D0:40:E0:9E,6,1,ARP_SPOOF,2026-08-05T00:50:34.209532
45917,MGMT_OTHER,-67,27,9104,3967,65832,44280,9135032,0,100,19,0,0,B0:CB:D8:C9:92:00,1,0,1,1E:01:D0:40:E0:9E,6,1,ARP_SPOOF,2026-08-05T00:50:34.370532
45917,,-67,27,371,2435,65832,44280,9135197,0,100,19,0,0,B0:CB:D8:C9:92:00,1,0,1,1E:01:D0:40:E0:9E,6,1,ARP_SPOOF,2026-08-05T00:50:34.535532
45917,,-68,26,772,1128,65832,44280,9135296,0,100,19,0,0,B0:CB:D8:C9:92:00,1,0,1,1E:01:D0:40:E0:9E,6,1,ARP_SPOOF,2026-08-05T00:50:34.634532
45917,MGMT_OTHER,-68,26,406,3836,65832,44280,9135369,0,100,19,0,0,B0:CB:D8:C9:92:00,1,0,1,1E:01:D0:40:E0:9E,6,1,ARP_SPOOF,2026-08-05T00:50:34.707532
45917,,-67,27,2929,1623,65832,44280,9135419,0,100,19,0,0,B0:CB:D8:C9:92:00,1,0,1,1E:01:D0:40:E0:9E,6,1,ARP_SPOOF,2026-08-05T00:50:34.757532
45917,,-74,20,779,0,65832,44280,9135504,0,100,19,0,0,B0:CB:D8:C9:92:00,1,0,0,1E:01:D0:40:E0:9E,6,1,ARP_SPOOF,2026-08-05T00:50:34.842532
45917,,-67,27,0,716,65832,44280,9135620,0,100,19,0,0,B0:CB:D8:C9:92:00,1,0,1,1E:01:D0:40:E0:9E,6,1,ARP_SPOOF,2026-08-05T00:50:34.958532
45917,DISASSOC,-90,4,11764,1715,65832,44280,9135764,0,100,19,0,0,B0:CB:D8:C9:92:00,1,0,1,1E:01:D0:40:E0:9E,6,1,ARP_SPOOF,2026-08-05T00:50:35.102532
45917,BEACON,-44,50,0,2295,65832,44280,9135887,0,100,19,0,0,B0:CB:D8:C9:92:00,1,0,1,1E:01:D0:40:E0:9E,6,1,ARP_SPOOF,2026-08-05T00:50:35.225532
45917,MGMT_OTHER,-67,27,10899,1244,65832,44280,9136042,0,100,19,0,0,B0:CB:D8:C9:92:00,1,0,1,1E:01:D0:40:E0:9E,6,1,ARP_SPOOF,2026-08-05T00:50:35.380532
45917,,-49,45,199,1487,65832,44280,9136201,0,100,19,0,0,B0:CB:D8:C9:92:00,1,0,0,1E:01:D0:40:E0:9E,6,1,ARP_SPOOF,2026-08-05T00:50:35.539532
45917,MGMT_OTHER,-68,26,3293,78,65832,44280,9136490,0,100,19,0,0,B0:CB:D8:C9:92:00,1,0,1,1E:01:D0:40:E0:9E,6,1,ARP_SPOOF,2026-08-05T00:50:35.828532
45917,,-46,48,163,1489,65832,44280,9136610,0,100,19,0,0,B0:CB:D8:C9:92:00,1,0,0,1E:01:D0:40:E0:9E,6,1,ARP_SPOOF,2026-08-05T00:50:35.948532
45917,,-67,27,1120,2277,65832,44280,9136738,0,100,19,0,0,B0:CB:D8:C9:92:00,1,0,1,1E:01:D0:40:E0:9E,6,1,ARP_SPOOF,2026-08-05T00:50:36.076532
45917,,-67,27,634,2905,65832,44280,9136929,0,100,19,0,0,B0:CB:D8:C9:92:00,1,0,1,1E:01:D0:40:E0:9E,6,1,ARP_SPOOF,2026-08-05T00:50:36.267532
45917,MGMT_OTHER,-67,27,245,4041,65832,44280,9137132,0,100,19,0,0,B0:CB:D8:C9:92:00,1,0,1,1E:01:D0:40:E0:9E,6,1,ARP_SPOOF,2026-08-05T00:50:36.470532
45917,MGMT_OTHER,-67,27,3199,1250,65832,44280,9137236,0,100,19,0,0,B0:CB:D8:C9:92:00,1,0,1,1E:01:D0:40:E0:9E,6,1,ARP_SPOOF,2026-08-05T00:50:36.574532
45917,MGMT_OTHER,-67,27,160,2052,65832,44280,9137286,0,100,19,0,0,B0:CB:D8:C9:92:00,1,0,1,1E:01:D0:40:E0:9E,6,1,ARP_SPOOF,2026-08-05T00:50:36.624532
45917,BEACON,-47,47,192,2316,65832,44280,9137423,0,100,19,0,0,B0:CB:D8:C9:92:00,1,0,1,1E:01:D0:40:E0:9E,6,1,ARP_SPOOF,2026-08-05T00:50:36.761532
45917,,-67,27,1536,3314,65832,44280,9137529,0,100,19,0,0,B0:CB:D8:C9:92:00,1,0,1,1E:01:D0:40:E0:9E,6,1,ARP_SPOOF,2026-08-05T00:50:36.867532
45917,,-67,27,167,239,65832,44280,9137638,0,100,19,0,0,B0:CB:D8:C9:92:00,1,0,1,1E:01:D0:40:E0:9E,6,1,ARP_SPOOF,2026-08-05T00:50:36.976532
45917,MGMT_OTHER,-67,27,874,1346,65832,44280,9137748,0,100,19,0,0,B0:CB:D8:C9:92:00,1,0,1,1E:01:D0:40:E0:9E,6,1,ARP_SPOOF,2026-08-05T00:50:37.086532
45917,MGMT_OTHER,-67,27,6124,2910,65832,44280,9137969,0,100,19,0,0,B0:CB:D8:C9:92:00,1,0,1,1E:01:D0:40:E0:9E,6,1,ARP_SPOOF,2026-08-05T00:50:37.307532
45917,MGMT_OTHER,-67,27,644,1514,65832,44280,9138183,0,100,19,0,0,B0:CB:D8:C9:92:00,1,0,1,1E:01:D0:40:E0:9E,6,1,ARP_SPOOF,2026-08-05T00:50:37.521532
45917,PROBE_RESP,-80,14,0,3,65832,44280,9138330,0,100,19,0,0,B0:CB:D8:C9:92:00,1,0,0,1E:01:D0:40:E0:9E,6,1,ARP_SPOOF,2026-08-05T00:50:37.668532
45917,,-49,45,172,1512,65832,44280,9138453,0,100,19,0,0,B0:CB:D8:C9:92:00,1,0,0,1E:01:D0:40:E0:9E,6,1,ARP_SPOOF,2026-08-05T00:50:37.791532
45917,,-83,11,159,358,65832,44280,9138570,0,100,19,0,0,B0:CB:D8:C9:92:00,1,0,0,1E:01:D0:40:E0:9E,6,1,ARP_SPOOF,2026-08-05T00:50:37.908532
45917,,-68,26,9430,3477,65832,44280,9138736,0,100,19,0,0,B0:CB:D8:C9:92:00,1,0,1,1E:01:D0:40:E0:9E,6,1,ARP_SPOOF,2026-08-05T00:50:38.074532
45917,,-47,47,155,1520,65832,44280,9138863,0,100,19,0,0,B0:CB:D8:C9:92:00,1,0,0,1E:01:D0:40:E0:9E,6,1,ARP_SPOOF,2026-08-05T00:50:38.201532
45917,BEACON,-82,12,0,3664,65832,44280,9139067,0,100,19,0,0,B0:CB:D8:C9:92:00,1,0,0,1E:01:D0:40:E0:9E,6,1,ARP_SPOOF,2026-08-05T00:50:38.405532
45917,BEACON,-91,3,3461,1913,65832,44280,9139245,0,100,19,0,0,B0:CB:D8:C9:92:00,1,0,1,1E:01:D0:40:E0:9E,6,1,ARP_SPOOF,2026-08-05T00:50:38.583532
45917,MGMT_OTHER,-67,27,636,2817,65832,44280,9139317,0,100,19,0,0,B0:CB:D8:C9:92:00,1,0,1,1E:01:D0:40:E0:9E,6,1,ARP_SPOOF,2026-08-05T00:50:38.655532
45917,,-67,27,184,3912,65832,44280,9139473,0,100,19,0,0,B0:CB:D8:C9:92:00,1,0,1,1E:01:D0:40:E0:9E,6,1,ARP_SPOOF,2026-08-05T00:50:38.811532
45917,MGMT_OTHER,-67,27,4193,1545,65832,44280,9139646,0,100,19,0,0,B0:CB:D8:C9:92:00,1,0,1,1E:01:D0:40:E0:9E,6,1,ARP_SPOOF,2026-08-05T00:50:38.984532
45917,,-67,27,698,347,65832,44280,9139804,0,100,19,0,0,B0:CB:D8:C9:92:00,1,0,1,1E:01:D0:40:E0:9E,6,1,ARP_SPOOF,2026-08-05T00:50:39.142532
45917,,-49,45,208,1530,65832,44280,9139989,0,100,19,0,0,B0:CB:D8:C9:92:00,1,0,0,1E:01:D0:40:E0:9E,6,1,ARP_SPOOF,2026-08-05T00:50:39.327532
45917,,-94,0,3504,219,65832,44280,9140130,0,100,19,0,0,B0:CB:D8:C9:92:00,1,0,1,1E:01:D0:40:E0:9E,6,1,ARP_SPOOF,2026-08-05T00:50:39.468532
45917,BEACON,-45,49,137,2364,65832,44280,9140392,0,100,19,0,0,B0:CB:D8:C9:92:00,1,0,1,1E:01:D0:40:E0:9E,6,1,ARP_SPOOF,2026-08-05T00:50:39.730532
45917,MGMT_OTHER,-67,27,1387,1531,65832,44280,9140479,0,100,19,0,0,B0:CB:D8:C9:92:00,1,0,1,1E:01:D0:40:E0:9E,6,1,ARP_SPOOF,2026-08-05T00:50:39.817532
45917,BEACON,-80,14,0,3680,65760,44280,9140705,0,100,19,0,0,B0:CB:D8:C9:92:00,1,0,0,1E:01:D0:40:E0:9E,6,1,ARP_SPOOF,2026-08-05T00:50:40.043532
45917,,-67,27,2150,45,65832,44280,9140930,0,100,19,0,0,B0:CB:D8:C9:92:00,1,0,0,1E:01:D0:40:E0:9E,6,1,ARP_SPOOF,2026-08-05T00:50:40.268532
45917,MGMT_OTHER,-68,26,14351,3377,65832,44280,9141215,0,100,19,0,0,B0:CB:D8:C9:92:00,1,0,1,1E:01:D0:40:E0:9E,6,1,ARP_SPOOF,2026-08-05T00:50:40.553532
45917,,-67,27,367,1243,65832,44280,9141260,0,100,19,0,0,B0:CB:D8:C9:92:00,1,0,1,1E:01:D0:40:E0:9E,6,1,ARP_SPOOF,2026-08-05T00:50:40.598532
45917,MGMT_OTHER,-67,27,3829,397,65832,44280,9141353,0,100,19,0,0,B0:CB:D8:C9:92:00,1,0,1,1E:01:D0:40:E0:9E,6,1,ARP_SPOOF,2026-08-05T00:50:40.691532
45917,,-49,45,3421,1019,68880,44280,9141436,0,100,19,0,0,B0:CB:D8:C9:92:00,1,0,1,1E:01:D0:40:E0:9E,6,1,ARP_SPOOF,2026-08-05T00:50:40.774532
45917,,-67,27,510,3910,69844,44280,9141532,0,100,19,0,0,B0:CB:D8:C9:92:00,0,0,1,1E:01:D0:40:E0:9E,6,1,ARP_SPOOF,2026-08-05T00:50:40.870532
45917,BEACON,-83,11,7399,3727,69844,44280,9141728,0,100,19,0,0,B0:CB:D8:C9:92:00,0,0,1,1E:01:D0:40:E0:9E,6,1,ARP_SPOOF,2026-08-05T00:50:41.066532
45917,MGMT_OTHER,-68,26,14059,1300,69844,44280,9141909,0,100,19,0,0,B0:CB:D8:C9:92:00,0,0,1,1E:01:D0:40:E0:9E,6,1,ARP_SPOOF,2026-08-05T00:50:41.247532
45917,MGMT_OTHER,-68,26,24170,494,69844,44280,9142159,0,100,19,0,0,B0:CB:D8:C9:92:00,0,0,1,1E:01:D0:40:E0:9E,6,1,ARP_SPOOF,2026-08-05T00:50:41.497532
45917,,-67,27,619,2479,69844,44280,9142359,0,100,19,0,0,B0:CB:D8:C9:92:00,0,0,0,1E:01:D0:40:E0:9E,6,1,ARP_SPOOF,2026-08-05T00:50:41.697532
45917,MGMT_OTHER,-68,26,229,1977,67096,44280,9142458,0,100,19,0,0,B0:CB:D8:C9:92:00,1,0,1,1E:01:D0:40:E0:9E,6,1,ARP_SPOOF,2026-08-05T00:50:41.796532
45917,MGMT_OTHER,-68,26,12609,113,65828,44280,9142633,0,100,19,0,0,B0:CB:D8:C9:92:00,1,0,1,1E:01:D0:40:E0:9E,6,1,ARP_SPOOF,2026-08-05T00:50:41.971532
45917,BEACON,-45,49,1626,2397,65828,44280,9142850,0,100,19,0,0,B0:CB:D8:C9:92:00,1,0,1,1E:01:D0:40:E0:9E,6,1,ARP_SPOOF,2026-08-05T00:50:42.188532
45917,BEACON,-83,11,6285,3740,65828,44280,9143084,0,100,19,0,0,B0:CB:D8:C9:92:00,1,0,1,1E:01:D0:40:E0:9E,6,1,ARP_SPOOF,2026-08-05T00:50:42.422532
45917,,-93,1,2155,0,65828,44280,9143221,0,100,19,0,0,B0:CB:D8:C9:92:00,1,0,0,1E:01:D0:40:E0:9E,6,1,ARP_SPOOF,2026-08-05T00:50:42.559532
45917,,-67,27,473,256,65828,44280,9143280,0,100,19,0,0,B0:CB:D8:C9:92:00,1,0,1,1E:01:D0:40:E0:9E,6,1,ARP_SPOOF,2026-08-05T00:50:42.618532
45917,,-68,26,851,3624,65828,44280,9143349,0,100,19,0,0,B0:CB:D8:C9:92:00,1,0,1,1E:01:D0:40:E0:9E,6,1,ARP_SPOOF,2026-08-05T00:50:42.687532
45917,,-67,27,856,3039,65828,44280,9143450,0,100,19,0,0,B0:CB:D8:C9:92:00,1,0,1,1E:01:D0:40:E0:9E,6,1,ARP_SPOOF,2026-08-05T00:50:42.788532
45917,MGMT_OTHER,-68,26,172,3148,65828,44280,9143653,0,100,19,0,0,B0:CB:D8:C9:92:00,1,0,1,1E:01:D0:40:E0:9E,6,1,ARP_SPOOF,2026-08-05T00:50:42.991532
45917,,-67,27,363,2527,65828,44280,9143816,0,100,19,0,0,B0:CB:D8:C9:92:00,1,0,1,1E:01:D0:40:E0:9E,6,1,ARP_SPOOF,2026-08-05T00:50:43.154532
45917,,-68,26,234,3890,65828,44280,9143990,0,100,19,0,0,B0:CB:D8:C9:92:00,1,0,1,1E:01:D0:40:E0:9E,6,1,ARP_SPOOF,2026-08-05T00:50:43.328532
45917,,-69,25,4706,1126,65828,44280,9144190,0,100,19,0,0,B0:CB:D8:C9:92:00,1,0,1,1E:01:D0:40:E0:9E,6,1,ARP_SPOOF,2026-08-05T00:50:43.528532
45917,,-68,26,337,2197,65828,44280,9144389,0,100,19,0,0,B0:CB:D8:C9:92:00,1,0,1,1E:01:D0:40:E0:9E,6,1,ARP_SPOOF,2026-08-05T00:50:43.727532
45917,,-67,27,218,3735,65828,44280,9144674,0,100,19,0,0,B0:CB:D8:C9:92:00,1,0,1,1E:01:D0:40:E0:9E,6,1,ARP_SPOOF,2026-08-05T00:50:44.012532
45917,PROBE_RESP,-80,14,0,0,65828,44280,9144791,0,100,19,0,0,B0:CB:D8:C9:92:00,1,0,0,1E:01:D0:40:E0:9E,6,1,ARP_SPOOF,2026-08-05T00:50:44.129532
45917,,-67,27,478,2953,65828,44280,9144947,0,100,19,0,0,B0:CB:D8:C9:92:00,1,0,1,1E:01:D0:40:E0:9E,6,1,ARP_SPOOF,2026-08-05T00:50:44.285532
45917,,-68,26,2362,593,65828,44280,9145113,0,100,19,0,0,B0:CB:D8:C9:92:00,1,0,1,1E:01:D0:40:E0:9E,6,1,ARP_SPOOF,2026-08-05T00:50:44.451532
45917,,-68,26,4668,2635,65828,44280,9145255,0,100,19,0,0,B0:CB:D8:C9:92:00,1,0,0,1E:01:D0:40:E0:9E,6,1,ARP_SPOOF,2026-08-05T00:50:44.593532
45917,MGMT_OTHER,-67,27,5011,364,65828,44280,9145343,0,100,19,0,0,B0:CB:D8:C9:92:00,1,0,1,1E:01:D0:40:E0:9E,6,1,ARP_SPOOF,2026-08-05T00:50:44.681532
45917,MGMT_OTHER,-67,27,1078,3554,65828,44280,9145443,0,100,19,0,0,B0:CB:D8:C9:92:00,1,0,1,1E:01:D0:40:E0:9E,6,1,ARP_SPOOF,2026-08-05T00:50:44.781532
45917,,-68,26,534,923,65828,44280,9145604,0,100,19,0,0,B0:CB:D8:C9:92:00,1,0,1,1E:01:D0:40:E0:9E,6,1,ARP_SPOOF,2026-08-05T00:50:44.942532
45917,,-91,3,18514,3950,65828,44280,9145800,0,100,19,0,0,B0:CB:D8:C9:92:00,1,0,1,1E:01:D0:40:E0:9E,6,1,ARP_SPOOF,2026-08-05T00:50:45.138532
45917,MGMT_OTHER,-68,26,3246,1138,65828,44280,9146035,0,100,19,0,0,B0:CB:D8:C9:92:00,1,0,1,1E:01:D0:40:E0:9E,6,1,ARP_SPOOF,2026-08-05T00:50:45.373532
45917,,-68,26,695,3904,65828,44280,9146259,0,100,19,0,0,B0:CB:D8:C9:92:00,1,0,1,1E:01:D0:40:E0:9E,6,1,ARP_SPOOF,2026-08-05T00:50:45.597532
45917,BEACON,-80,14,0,3736,65828,44280,9146440,0,100,19,0,0,B0:CB:D8:C9:92:00,1,0,0,1E:01:D0:40:E0:9E,6,1,ARP_SPOOF,2026-08-05T00:50:45.778532
45917,PROBE_RESP,-82,12,2184,0,65828,44280,9146571,0,100,19,0,0,B0:CB:D8:C9:92:00,1,0,1,1E:01:D0:40:E0:9E,6,1,ARP_SPOOF,2026-08-05T00:50:45.909532
45917,,-68,26,173,3476,65828,44280,9146723,0,100,19,0,0,B0:CB:D8:C9:92:00,1,0,1,1E:01:D0:40:E0:9E,6,1,ARP_SPOOF,2026-08-05T00:50:46.061532
45917,,-67,27,13704,1430,65828,44280,9146995,0,100,19,0,0,B0:CB:D8:C9:92:00,1,0,1,1E:01:D0:40:E0:9E,6,1,ARP_SPOOF,2026-08-05T00:50:46.333532
45917,,-88,6,11431,3558,65828,44280,9147177,0,100,19,0,0,B0:CB:D8:C9:92:00,1,0,1,1E:01:D0:40:E0:9E,6,1,ARP_SPOOF,2026-08-05T00:50:46.515532
45917,,-67,27,245,4047,65828,44280,9147265,0,100,19,0,0,B0:CB:D8:C9:92:00,1,0,1,1E:01:D0:40:E0:9E,6,1,ARP_SPOOF,2026-08-05T00:50:46.603532
45917,BEACON,-91,3,0,2870,65828,44280,9147336,0,100,19,0,0,B0:CB:D8:C9:92:00,1,0,1,1E:01:D0:40:E0:9E,6,1,ARP_SPOOF,2026-08-05T00:50:46.674532
45917,,-47,47,200,1584,65828,44280,9147465,0,100,19,0,0,B0:CB:D8:C9:92:00,1,0,0,1E:01:D0:40:E0:9E,6,1,ARP_SPOOF,2026-08-05T00:50:46.803532
45917,,-68,26,7277,847,65828,44280,9147615,0,100,19,0,0,B0:CB:D8:C9:92:00,1,0,1,1E:01:D0:40:E0:9E,6,1,ARP_SPOOF,2026-08-05T00:50:46.953532
45917,PROBE_RESP,-88,6,3185,3147,65828,44280,9147793,0,100,19,0,0,B0:CB:D8:C9:92:00,1,0,1,1E:01:D0:40:E0:9E,6,1,ARP_SPOOF,2026-08-05T00:50:47.131532
45917,,-68,26,1807,1138,65828,44280,9147951,0,100,19,0,0,B0:CB:D8:C9:92:00,1,0,1,1E:01:D0:40:E0:9E,6,1,ARP_SPOOF,2026-08-05T00:50:47.289532
45917,PROBE_RESP,-66,28,87,2420,65828,44280,9148085,0,100,19,0,0,B0:CB:D8:C9:92:00,1,0,1,1E:01:D0:40:E0:9E,6,1,ARP_SPOOF,2026-08-05T00:50:47.423532
45917,MGMT_OTHER,-68,26,10627,1456,65828,44280,9148301,0,100,19,0,0,B0:CB:D8:C9:92:00,1,0,1,1E:01:D0:40:E0:9E,6,1,ARP_SPOOF,2026-08-05T00:50:47.639532
45917,BEACON,-67,27,87,3472,65828,44280,9148666,0,100,19,0,0,B0:CB:D8:C9:92:00,1,0,1,1E:01:D0:40:E0:9E,6,1,ARP_SPOOF,2026-08-05T00:50:48.004532
45917,BEACON,-66,28,3030,3474,65828,44280,9148871,0,100,19,0,0,B0:CB:D8:C9:92:00,1,0,1,1E:01:D0:40:E0:9E,6,1,ARP_SPOOF,2026-08-05T00:50:48.209532
45917,PROBE_RESP,-78,16,0,1,65828,44280,9149091,0,100,19,0,0,B0:CB:D8:C9:92:00,1,0,0,1E:01:D0:40:E0:9E,6,1,ARP_SPOOF,2026-08-05T00:50:48.429532
45917,,-68,26,438,3744,65828,44280,9149232,0,100,19,0,0,B0:CB:D8:C9:92:00,1,0,1,1E:01:D0:40:E0:9E,6,1,ARP_SPOOF,2026-08-05T00:50:48.570532
45917,,-67,27,8151,1353,65828,44280,9149385,0,100,19,0,0,B0:CB:D8:C9:92:00,1,0,1,1E:01:D0:40:E0:9E,6,1,ARP_SPOOF,2026-08-05T00:50:48.723532
45917,,-69,25,474,2637,65828,44280,9149442,0,100,19,0,0,B0:CB:D8:C9:92:00,1,0,1,1E:01:D0:40:E0:9E,6,1,ARP_SPOOF,2026-08-05T00:50:48.780532
45917,,-68,26,769,1062,65828,44280,9149526,0,100,19,0,0,B0:CB:D8:C9:92:00,1,0,1,1E:01:D0:40:E0:9E,6,1,ARP_SPOOF,2026-08-05T00:50:48.864532
45917,BEACON,-89,5,11761,1974,65828,44280,9149691,0,100,19,0,0,B0:CB:D8:C9:92:00,1,0,1,1E:01:D0:40:E0:9E,6,1,ARP_SPOOF,2026-08-05T00:50:49.029532
45917,MGMT_OTHER,-67,27,371,3332,65828,44280,9149867,0,100,19,0,0,B0:CB:D8:C9:92:00,1,0,1,1E:01:D0:40:E0:9E,6,1,ARP_SPOOF,2026-08-05T00:50:49.205532
45917,,-68,26,987,401,65828,44280,9150011,0,100,19,0,0,B0:CB:D8:C9:92:00,1,0,1,1E:01:D0:40:E0:9E,6,1,ARP_SPOOF,2026-08-05T00:50:49.349532
45917,,-66,28,227,1657,65828,44280,9150217,0,100,19,0,0,B0:CB:D8:C9:92:00,1,0,1,1E:01:D0:40:E0:9E,6,1,ARP_SPOOF,2026-08-05T00:50:49.555532
45917,BEACON,-45,49,4469,2515,65828,44280,9150326,0,100,19,0,0,B0:CB:D8:C9:92:00,1,0,1,1E:01:D0:40:E0:9E,6,1,ARP_SPOOF,2026-08-05T00:50:49.664532
45917,BEACON,-68,26,0,3489,65828,44280,9150411,0,100,19,0,0,B0:CB:D8:C9:92:00,1,0,1,1E:01:D0:40:E0:9E,6,1,ARP_SPOOF,2026-08-05T00:50:49.749532
45917,MGMT_OTHER,-68,26,346,844,65828,44280,9150568,0,100,19,0,0,B0:CB:D8:C9:92:00,1,0,1,1E:01:D0:40:E0:9E,6,1,ARP_SPOOF,2026-08-05T00:50:49.906532
45917,MGMT_OTHER,-68,26,5857,4052,65828,44280,9150750,0,100,19,0,0,B0:CB:D8:C9:92:00,1,0,1,1E:01:D0:40:E0:9E,6,1,ARP_SPOOF,2026-08-05T00:50:50.088532
45917,BEACON,-68,26,32643,3494,65828,44280,9150919,0,100,19,0,0,B0:CB:D8:C9:92:00,1,0,1,1E:01:D0:40:E0:9E,6,1,ARP_SPOOF,2026-08-05T00:50:50.257532
45917,MGMT_OTHER,-69,25,1490,1346,65828,44280,9151126,0,100,19,0,0,B0:CB:D8:C9:92:00,1,0,1,1E:01:D0:40:E0:9E,6,1,ARP_SPOOF,2026-08-05T00:50:50.464532
45917,,-67,27,2839,15,65828,44280,9151248,0,100,19,0,0,B0:CB:D8:C9:92:00,1,0,1,1E:01:D0:40:E0:9E,6,1,ARP_SPOOF,2026-08-05T00:50:50.586532
45917,,-68,26,1036,2359,65828,44280,9151300,0,100,19,0,0,B0:CB:D8:C9:92:00,1,0,1,1E:01:D0:40:E0:9E,6,1,ARP_SPOOF,2026-08-05T00:50:50.638532
45917,DISASSOC,-66,28,565,3986,65828,44280,9151363,0,100,19,0,0,B0:CB:D8:C9:92:00,1,0,1,1E:01:D0:40:E0:9E,6,1,ARP_SPOOF,2026-08-05T00:50:50.701532
45917,,-68,26,346,2700,65828,44280,9151459,0,100,19,0,0,B0:CB:D8:C9:92:00,1,0,1,1E:01:D0:40:E0:9E,6,1,ARP_SPOOF,2026-08-05T00:50:50.797532
45917,,-68,26,342,3240,65828,44280,9151496,0,100,19,0,0,B0:CB:D8:C9:92:00,1,0,1,1E:01:D0:40:E0:9E,6,1,ARP_SPOOF,2026-08-05T00:50:50.834532
45917,BEACON,-92,2,2912,2037,65828,44280,9151738,0,100,19,0,0,B0:CB:D8:C9:92:00,1,0,1,1E:01:D0:40:E0:9E,6,1,ARP_SPOOF,2026-08-05T00:50:51.076532
45917,,-50,44,136,2539,65828,44280,9151909,0,100,19,0,0,B0:CB:D8:C9:92:00,1,0,0,1E:01:D0:40:E0:9E,6,1,ARP_SPOOF,2026-08-05T00:50:51.247532
45917,,-93,1,5895,2039,65828,44280,9152148,0,100,19,0,0,B0:CB:D8:C9:92:00,1,0,1,1E:01:D0:40:E0:9E,6,1,ARP_SPOOF,2026-08-05T00:50:51.486532
45917,,-50,44,199,1610,65828,44280,9152278,0,100,19,0,0,B0:CB:D8:C9:92:00,1,0,0,1E:01:D0:40:E0:9E,6,1,ARP_SPOOF,2026-08-05T00:50:51.616532
45917,,-67,27,1812,4055,65828,44280,9152459,0,100,19,0,0,B0:CB:D8:C9:92:00,1,0,1,1E:01:D0:40:E0:9E,6,1,ARP_SPOOF,2026-08-05T00:50:51.797532
45917,,-68,26,446,2053,65828,44280,9152598,0,100,19,0,0,B0:CB:D8:C9:92:00,1,0,1,1E:01:D0:40:E0:9E,6,1,ARP_SPOOF,2026-08-05T00:50:51.936532
45917,PROBE_RESP,-89,5,0,0,65828,44280,9152823,0,100,19,0,0,B0:CB:D8:C9:92:00,1,0,0,1E:01:D0:40:E0:9E,6,1,ARP_SPOOF,2026-08-05T00:50:52.161532
45917,MGMT_OTHER,-67,27,1761,2918,65828,44280,9152973,0,100,19,0,0,B0:CB:D8:C9:92:00,1,0,1,1E:01:D0:40:E0:9E,6,1,ARP_SPOOF,2026-08-05T00:50:52.311532
45917,,-67,27,445,2812,65828,44280,9153212,0,100,19,0,0,B0:CB:D8:C9:92:00,1,0,1,1E:01:D0:40:E0:9E,6,1,ARP_SPOOF,2026-08-05T00:50:52.550532
45917,,-67,27,1261,1360,65828,44280,9153298,0,100,19,0,0,B0:CB:D8:C9:92:00,1,0,1,1E:01:D0:40:E0:9E,6,1,ARP_SPOOF,2026-08-05T00:50:52.636532
45917,,-48,46,154,1616,65828,44280,9153404,0,100,19,0,0,B0:CB:D8:C9:92:00,1,0,0,1E:01:D0:40:E0:9E,6,1,ARP_SPOOF,2026-08-05T00:50:52.742532
45917,,-67,27,226,1529,65828,44280,9153451,0,100,19,0,0,B0:CB:D8:C9:92:00,1,0,1,1E:01:D0:40:E0:9E,6,1,ARP_SPOOF,2026-08-05T00:50:52.789532
45917,MGMT_OTHER,-67,27,2834,2206,65828,44280,9153535,0,100,19,0,0,B0:CB:D8:C9:92:00,1,0,1,1E:01:D0:40:E0:9E,6,1,ARP_SPOOF,2026-08-05T00:50:52.873532
45917,,-67,27,1142,2481,65828,44280,9153716,0,100,19,0,0,B0:CB:D8:C9:92:00,1,0,1,1E:01:D0:40:E0:9E,6,1,ARP_SPOOF,2026-08-05T00:50:53.054532
45917,,-68,26,13299,2388,65828,44280,9153948,0,100,19,0,0,B0:CB:D8:C9:92:00,1,0,1,1E:01:D0:40:E0:9E,6,1,ARP_SPOOF,2026-08-05T00:50:53.286532
45917,,-68,26,429,3847,65828,44280,9154115,0,100,19,0,0,B0:CB:D8:C9:92:00,1,0,1,1E:01:D0:40:E0:9E,6,1,ARP_SPOOF,2026-08-05T00:50:53.453532
45917,,-68,26,236,3864,65828,44280,9154303,0,100,19,0,0,B0:CB:D8:C9:92:00,1,0,1,1E:01:D0:40:E0:9E,6,1,ARP_SPOOF,2026-08-05T00:50:53.641532
45917,,-67,27,261,4048,65828,44280,9154410,0,100,19,0,0,B0:CB:D8:C9:92:00,1,0,0,1E:01:D0:40:E0:9E,6,1,ARP_SPOOF,2026-08-05T00:50:53.748532
45917,,-68,26,244,2497,65828,44280,9154657,0,100,19,0,0,B0:CB:D8:C9:92:00,1,0,1,1E:01:D0:40:E0:9E,6,1,ARP_SPOOF,2026-08-05T00:50:53.995532
45917,,-70,24,509,2665,65828,44280,9154857,0,100,19,0,0,B0:CB:D8:C9:92:00,1,0,0,1E:01:D0:40:E0:9E,6,1,ARP_SPOOF,2026-08-05T00:50:54.195532
45917,BEACON,-48,46,97,2580,65828,44280,9155036,0,100,19,0,0,B0:CB:D8:C9:92:00,1,0,1,1E:01:D0:40:E0:9E,6,1,ARP_SPOOF,2026-08-05T00:50:54.374532
45917,BEACON,-45,49,88,2584,65828,44280,9155241,0,100,19,0,0,B0:CB:D8:C9:92:00,1,0,1,1E:01:D0:40:E0:9E,6,1,ARP_SPOOF,2026-08-05T00:50:54.579532
45917,MGMT_OTHER,-67,27,19783,1894,65828,44280,9155309,0,100,19,0,0,B0:CB:D8:C9:92:00,1,0,1,1E:01:D0:40:E0:9E,6,1,ARP_SPOOF,2026-08-05T00:50:54.647532
45917,BEACON,-80,14,0,3824,65828,44280,9155452,0,100,19,0,0,B0:CB:D8:C9:92:00,1,0,0,1E:01:D0:40:E0:9E,6,1,ARP_SPOOF,2026-08-05T00:50:54.790532
45917,,-67,27,426,3266,65828,44280,9155633,0,100,19,0,0,B0:CB:D8:C9:92:00,1,0,1,1E:01:D0:40:E0:9E,6,1,ARP_SPOOF,2026-08-05T00:50:54.971532
45917,BEACON,-94,0,5582,2987,65828,44280,9155831,0,100,19,0,0,B0:CB:D8:C9:92:00,1,0,1,1E:01:D0:40:E0:9E,6,1,ARP_SPOOF,2026-08-05T00:50:55.169532
45917,,-67,27,1858,2800,65828,44280,9155996,0,100,19,0,0,B0:CB:D8:C9:92:00,1,0,1,1E:01:D0:40:E0:9E,6,1,ARP_SPOOF,2026-08-05T00:50:55.334532
45917,,-68,26,830,2150,65828,44280,9156147,0,100,19,0,0,B0:CB:D8:C9:92:00,1,0,0,1E:01:D0:40:E0:9E,6,1,ARP_SPOOF,2026-08-05T00:50:55.485532
45917,MGMT_OTHER,-67,27,271,761,65828,44280,9156383,0,100,19,0,0,B0:CB:D8:C9:92:00,1,0,0,1E:01:D0:40:E0:9E,6,1,ARP_SPOOF,2026-08-05T00:50:55.721532
45917,,-69,25,7996,2898,65828,44280,9156670,0,100,19,0,0,B0:CB:D8:C9:92:00,1,0,1,1E:01:D0:40:E0:9E,6,1,ARP_SPOOF,2026-08-05T00:50:56.008532
45917,,-47,47,72784,1641,65828,44280,9156886,0,100,19,0,0,B0:CB:D8:C9:92:00,1,0,1,1E:01:D0:40:E0:9E,6,1,ARP_SPOOF,2026-08-05T00:50:56.224532
45917,,-67,27,827,4055,65828,44280,9157005,0,100,19,0,0,B0:CB:D8:C9:92:00,1,0,1,1E:01:D0:40:E0:9E,6,1,ARP_SPOOF,2026-08-05T00:50:56.343532
45917,,-67,27,773,474,65828,44280,9157127,0,100,19,0,0,B0:CB:D8:C9:92:00,1,0,1,1E:01:D0:40:E0:9E,6,1,ARP_SPOOF,2026-08-05T00:50:56.465532
45917,MGMT_OTHER,-67,27,230,2233,65828,44280,9157275,0,100,19,0,0,B0:CB:D8:C9:92:00,1,0,1,1E:01:D0:40:E0:9E,6,1,ARP_SPOOF,2026-08-05T00:50:56.613532
45917,,-67,27,6059,875,65828,44280,9157373,0,100,19,0,0,B0:CB:D8:C9:92:00,1,0,1,1E:01:D0:40:E0:9E,6,1,ARP_SPOOF,2026-08-05T00:50:56.711532
45917,MGMT_OTHER,-67,27,755,2709,65828,44280,9157482,0,100,19,0,0,B0:CB:D8:C9:92:00,1,0,1,1E:01:D0:40:E0:9E,6,1,ARP_SPOOF,2026-08-05T00:50:56.820532
45917,PROBE_RESP,-91,3,11706,0,65828,44280,9157682,0,100,19,0,0,B0:CB:D8:C9:92:00,1,0,1,1E:01:D0:40:E0:9E,6,1,ARP_SPOOF,2026-08-05T00:50:57.020532
45917,MGMT_OTHER,-69,25,780,2478,65828,44280,9157950,0,100,19,0,0,B0:CB:D8:C9:92:00,1,0,1,1E:01:D0:40:E0:9E,6,1,ARP_SPOOF,2026-08-05T00:50:57.288532
45917,BEACON,-83,11,9357,3887,65828,44280,9158113,0,100,19,0,0,B0:CB:D8:C9:92:00,1,0,1,1E:01:D0:40:E0:9E,6,1,ARP_SPOOF,2026-08-05T00:50:57.451532
45917,,-67,27,3683,880,65828,44280,9158227,0,100,19,0,0,B0:CB:D8:C9:92:00,1,0,1,1E:01:D0:40:E0:9E,6,1,ARP_SPOOF,2026-08-05T00:50:57.565532
45917,,-62,32,1355,3058,65828,44280,9158460,0,100,19,0,0,B0:CB:D8:C9:92:00,1,0,1,1E:01:D0:40:E0:9E,6,1,ARP_SPOOF,2026-08-05T00:50:57.798532
45917,,-69,25,532,3144,65828,44280,9158733,0,100,19,0,0,B0:CB:D8:C9:92:00,1,0,0,1E:01:D0:40:E0:9E,6,1,ARP_SPOOF,2026-08-05T00:50:58.071532
45917,BEACON,-67,27,41328,3573,65828,44280,9159009,0,100,19,0,0,B0:CB:D8:C9:92:00,1,0,1,1E:01:D0:40:E0:9E,6,1,ARP_SPOOF,2026-08-05T00:50:58.347532
45917,BEACON,-45,49,87,2638,65828,44280,9159132,0,100,19,0,0,B0:CB:D8:C9:92:00,1,0,1,1E:01:D0:40:E0:9E,6,1,ARP_SPOOF,2026-08-05T00:50:58.470532
45917,,-69,25,362,507,65828,44280,9159239,0,100,19,0,0,B0:CB:D8:C9:92:00,1,0,1,1E:01:D0:40:E0:9E,6,1,ARP_SPOOF,2026-08-05T00:50:58.577532
45917,,-69,25,1038,90,65828,44280,9159424,0,100,19,0,0,B0:CB:D8:C9:92:00,1,0,1,1E:01:D0:40:E0:9E,6,1,ARP_SPOOF,2026-08-05T00:50:58.762532
45917,,-68,26,901,1029,65828,44280,9159475,0,100,19,0,0,B0:CB:D8:C9:92:00,1,0,1,1E:01:D0:40:E0:9E,6,1,ARP_SPOOF,2026-08-05T00:50:58.813532
45917,,-67,27,568,196,65828,44280,9159732,0,100,19,0,0,B0:CB:D8:C9:92:00,1,0,1,1E:01:D0:40:E0:9E,6,1,ARP_SPOOF,2026-08-05T00:50:59.070532
45917,BEACON,-46,48,0,2650,65828,44280,9159952,0,100,19,0,0,B0:CB:D8:C9:92:00,1,0,1,1E:01:D0:40:E0:9E,6,1,ARP_SPOOF,2026-08-05T00:50:59.290532
45917,MGMT_OTHER,-69,25,171,483,65828,44280,9160137,0,100,19,0,0,B0:CB:D8:C9:92:00,1,0,1,1E:01:D0:40:E0:9E,6,1,ARP_SPOOF,2026-08-05T00:50:59.475532
45917,BEACON,-68,26,83,3586,65828,44280,9160341,0,100,19,0,0,B0:CB:D8:C9:92:00,1,0,1,1E:01:D0:40:E0:9E,6,1,ARP_SPOOF,2026-08-05T00:50:59.679532
45917,,-67,27,452,3367,65828,44280,9160558,0,100,19,0,0,B0:CB:D8:C9:92:00,1,0,1,1E:01:D0:40:E0:9E,6,1,ARP_SPOOF,2026-08-05T00:50:59.896532
45917,,-68,26,451,3693,65828,44280,9160714,0,100,19,0,0,B0:CB:D8:C9:92:00,1,0,1,1E:01:D0:40:E0:9E,6,1,ARP_SPOOF,2026-08-05T00:51:00.052532
45917,MGMT_OTHER,-67,27,6204,76,65828,44280,9160915,0,100,19,0,0,B0:CB:D8:C9:92:00,1,0,1,1E:01:D0:40:E0:9E,6,1,ARP_SPOOF,2026-08-05T00:51:00.253532
45917,,-67,27,367,7,65828,44280,9161093,0,100,19,0,0,B0:CB:D8:C9:92:00,1,0,1,1E:01:D0:40:E0:9E,6,1,ARP_SPOOF,2026-08-05T00:51:00.431532
45917,MGMT_OTHER,-67,27,10559,3576,65828,44280,9161211,0,100,19,0,0,B0:CB:D8:C9:92:00,1,0,1,1E:01:D0:40:E0:9E,6,1,ARP_SPOOF,2026-08-05T00:51:00.549532
45917,,-94,0,5696,2319,65828,44280,9161356,0,100,19,0,0,B0:CB:D8:C9:92:00,1,0,1,1E:01:D0:40:E0:9E,6,1,ARP_SPOOF,2026-08-05T00:51:00.692398
45917,BEACON,-68,26,3719,3597,65828,44280,9161468,0,100,19,0,0,B0:CB:D8:C9:92:00,1,0,1,1E:01:D0:40:E0:9E,6,1,ARP_SPOOF,2026-08-05T00:51:00.804398
45917,PROBE_RESP,-84,10,2204,0,65828,44280,9161631,0,100,19,0,0,B0:CB:D8:C9:92:00,1,0,1,1E:01:D0:40:E0:9E,6,1,ARP_SPOOF,2026-08-05T00:51:00.967398
45917,,-67,27,9901,1771,65828,44280,9161784,0,100,19,0,0,B0:CB:D8:C9:92:00,1,0,1,1E:01:D0:40:E0:9E,6,1,ARP_SPOOF,2026-08-05T00:51:01.120398
45917,BEACON,-48,46,10156,2682,65828,44280,9161897,0,100,19,0,0,B0:CB:D8:C9:92:00,1,0,1,1E:01:D0:40:E0:9E,6,1,ARP_SPOOF,2026-08-05T00:51:01.233398
45917,MGMT_OTHER,-67,27,1185,2981,65828,44280,9162015,0,100,19,0,0,B0:CB:D8:C9:92:00,1,0,1,1E:01:D0:40:E0:9E,6,1,ARP_SPOOF,2026-08-05T00:51:01.351398
45917,,-68,26,451,3446,65828,44280,9162186,0,100,19,0,0,B0:CB:D8:C9:92:00,1,0,1,1E:01:D0:40:E0:9E,6,1,ARP_SPOOF,2026-08-05T00:51:01.522398
45917,BEACON,-45,49,5337,2688,65828,44280,9162307,0,100,19,0,0,B0:CB:D8:C9:92:00,1,0,1,1E:01:D0:40:E0:9E,6,1,ARP_SPOOF,2026-08-05T00:51:01.643398
45917,MGMT_OTHER,-67,27,6333,3184,65828,44280,9162420,0,100,19,0,0,B0:CB:D8:C9:92:00,1,0,1,1E:01:D0:40:E0:9E,6,1,ARP_SPOOF,2026-08-05T00:51:01.756398
45917,BEACON,-80,14,0,3894,65752,44280,9162620,0,100,19,0,0,B0:CB:D8:C9:92:00,1,0,0,1E:01:D0:40:E0:9E,6,1,ARP_SPOOF,2026-08-05T00:51:01.956398
45917,MGMT_OTHER,-67,27,5958,1517,65828,44280,9162751,0,100,19,0,0,B0:CB:D8:C9:92:00,1,0,1,1E:01:D0:40:E0:9E,6,1,ARP_SPOOF,2026-08-05T00:51:02.087398
45917,BEACON,-82,12,450,3934,65828,44280,9162926,0,100,19,0,0,B0:CB:D8:C9:92:00,1,0,1,1E:01:D0:40:E0:9E,6,1,ARP_SPOOF,2026-08-05T00:51:02.262398
45917,MGMT_OTHER,-68,26,4305,415,65828,44280,9163106,0,100,19,0,0,B0:CB:D8:C9:92:00,1,0,1,1E:01:D0:40:E0:9E,6,1,ARP_SPOOF,2026-08-05T00:51:02.442398
45917,,-68,26,999,2410,65828,44280,9163265,0,100,19,0,0,B0:CB:D8:C9:92:00,1,0,1,1E:01:D0:40:E0:9E,6,1,ARP_SPOOF,2026-08-05T00:51:02.601398
45917,,-67,27,845,3177,65828,44280,9163434,0,100,19,0,0,B0:CB:D8:C9:92:00,1,0,1,1E:01:D0:40:E0:9E,6,1,ARP_SPOOF,2026-08-05T00:51:02.770398
45917,PROBE_RESP,-90,4,60,0,65828,44280,9163497,0,100,19,0,0,B0:CB:D8:C9:92:00,1,0,1,1E:01:D0:40:E0:9E,6,1,ARP_SPOOF,2026-08-05T00:51:02.833398
45917,,-68,26,687,2435,65828,44280,9163722,0,100,19,0,0,B0:CB:D8:C9:92:00,1,0,1,1E:01:D0:40:E0:9E,6,1,ARP_SPOOF,2026-08-05T00:51:03.058398
45917,MGMT_OTHER,-67,27,4370,1065,65828,44280,9163883,0,100,19,0,0,B0:CB:D8:C9:92:00,1,0,1,1E:01:D0:40:E0:9E,6,1,ARP_SPOOF,2026-08-05T00:51:03.219398
45917,PROBE_RESP,-63,31,0,2439,65828,44280,9164031,0,100,19,0,0,B0:CB:D8:C9:92:00,1,0,1,1E:01:D0:40:E0:9E,6,1,ARP_SPOOF,2026-08-05T00:51:03.367398
45917,,-68,26,866,1220,65828,44280,9164143,0,100,19,0,0,B0:CB:D8:C9:92:00,1,0,1,1E:01:D0:40:E0:9E,6,1,ARP_SPOOF,2026-08-05T00:51:03.479398
45917,,-84,10,212,107,65828,44280,9164189,0,100,19,0,0,B0:CB:D8:C9:92:00,1,0,1,1E:01:D0:40:E0:9E,6,1,ARP_SPOOF,2026-08-05T00:51:03.525398
45917,MGMT_OTHER,-67,27,813,197,65828,44280,9164337,0,100,19,0,0,B0:CB:D8:C9:92:00,1,0,1,1E:01:D0:40:E0:9E,6,1,ARP_SPOOF,2026-08-05T00:51:03.673398
45917,MGMT_OTHER,-68,26,2930,1606,65828,44280,9164504,0,100,19,0,0,B0:CB:D8:C9:92:00,1,0,1,1E:01:D0:40:E0:9E,6,1,ARP_SPOOF,2026-08-05T00:51:03.840398
45917,,-67,27,7554,2037,65828,44280,9164651,0,100,19,0,0,B0:CB:D8:C9:92:00,1,0,1,1E:01:D0:40:E0:9E,6,1,ARP_SPOOF,2026-08-05T00:51:03.987398
45917,,-67,27,825,458,65828,44280,9164791,0,100,19,0,0,B0:CB:D8:C9:92:00,1,0,1,1E:01:D0:40:E0:9E,6,1,ARP_SPOOF,2026-08-05T00:51:04.127398
45917,,-67,27,272,3912,65828,44280,9164952,0,100,19,0,0,B0:CB:D8:C9:92:00,1,0,1,1E:01:D0:40:E0:9E,6,1,ARP_SPOOF,2026-08-05T00:51:04.288398
45917,,-67,27,11468,28,65828,44280,9165211,0,100,19,0,0,B0:CB:D8:C9:92:00,1,0,1,1E:01:D0:40:E0:9E,6,1,ARP_SPOOF,2026-08-05T00:51:04.547398
45917,MGMT_OTHER,-67,27,888,588,65828,44280,9165368,0,100,19,0,0,B0:CB:D8:C9:92:00,1,0,1,1E:01:D0:40:E0:9E,6,1,ARP_SPOOF,2026-08-05T00:51:04.704398
45917,BEACON,-42,52,5606,2734,65828,44280,9165481,0,100,19,0,0,B0:CB:D8:C9:92:00,1,0,1,1E:01:D0:40:E0:9E,6,1,ARP_SPOOF,2026-08-05T00:51:04.817398
45917,MGMT_OTHER,-67,27,2881,3406,65828,44280,9165621,0,100,19,0,0,B0:CB:D8:C9:92:00,1,0,1,1E:01:D0:40:E0:9E,6,1,ARP_SPOOF,2026-08-05T00:51:04.957398
45917,,-66,28,716,3915,65828,44280,9165715,0,100,19,0,0,B0:CB:D8:C9:92:00,1,0,1,1E:01:D0:40:E0:9E,6,1,ARP_SPOOF,2026-08-05T00:51:05.051398
45917,,-57,37,0,2743,63980,44280,9165906,0,100,19,0,0,B0:CB:D8:C9:92:00,1,0,0,1E:01:D0:40:E0:9E,6,1,ARP_SPOOF,2026-08-05T00:51:05.242398
45917,MGMT_OTHER,-67,27,17609,3861,65828,44280,9166025,0,100,19,0,0,B0:CB:D8:C9:92:00,1,0,1,1E:01:D0:40:E0:9E,6,1,ARP_SPOOF,2026-08-05T00:51:05.361398
45917,BEACON,-46,48,10070,2746,65828,44280,9166198,0,100,19,0,0,B0:CB:D8:C9:92:00,1,0,1,1E:01:D0:40:E0:9E,6,1,ARP_SPOOF,2026-08-05T00:51:05.534398
45917,,-66,28,2210,2401,65828,44280,9166387,0,100,19,0,0,B0:CB:D8:C9:92:00,1,0,1,1E:01:D0:40:E0:9E,6,1,ARP_SPOOF,2026-08-05T00:51:05.723398
45917,MGMT_OTHER,-67,27,880,2377,65828,44280,9166535,0,100,19,0,0,B0:CB:D8:C9:92:00,1,0,1,1E:01:D0:40:E0:9E,6,1,ARP_SPOOF,2026-08-05T00:51:05.871398
45917,,-67,27,695,3981,65828,44280,9166694,0,100,19,0,0,B0:CB:D8:C9:92:00,1,0,1,1E:01:D0:40:E0:9E,6,1,ARP_SPOOF,2026-08-05T00:51:06.030398
45917,,-83,11,6045,1430,65828,44280,9166934,0,100,19,0,0,B0:CB:D8:C9:92:00,1,0,1,1E:01:D0:40:E0:9E,6,1,ARP_SPOOF,2026-08-05T00:51:06.270398
45917,,-66,28,1134,2759,65828,44280,9167107,0,100,19,0,0,B0:CB:D8:C9:92:00,1,0,1,1E:01:D0:40:E0:9E,6,1,ARP_SPOOF,2026-08-05T00:51:06.443398
45917,MGMT_OTHER,-67,27,2006,1484,65828,44280,9167354,0,100,19,0,0,B0:CB:D8:C9:92:00,1,0,1,1E:01:D0:40:E0:9E,6,1,ARP_SPOOF,2026-08-05T00:51:06.690398
45917,,-65,29,1808,2472,65828,44280,9167516,0,100,19,0,0,B0:CB:D8:C9:92:00,1,0,1,1E:01:D0:40:E0:9E,6,1,ARP_SPOOF,2026-08-05T00:51:06.852398
45917,,-67,27,2496,3024,65828,44280,9167652,0,100,19,0,0,B0:CB:D8:C9:92:00,1,0,1,1E:01:D0:40:E0:9E,6,1,ARP_SPOOF,2026-08-05T00:51:06.988398
45917,,-85,9,16779,115,65828,44280,9167760,0,100,19,0,0,B0:CB:D8:C9:92:00,1,0,1,1E:01:D0:40:E0:9E,6,1,ARP_SPOOF,2026-08-05T00:51:07.096398
45917,,-66,28,575,1181,65828,44280,9167982,0,100,19,0,0,B0:CB:D8:C9:92:00,1,0,1,1E:01:D0:40:E0:9E,6,1,ARP_SPOOF,2026-08-05T00:51:07.318398
45917,BEACON,-82,12,2851,3985,65828,44280,9168149,0,100,19,0,0,B0:CB:D8:C9:92:00,1,0,1,1E:01:D0:40:E0:9E,6,1,ARP_SPOOF,2026-08-05T00:51:07.485398
45917,,-67,27,862,3719,65828,44280,9168365,0,100,19,0,0,B0:CB:D8:C9:92:00,1,0,1,1E:01:D0:40:E0:9E,6,1,ARP_SPOOF,2026-08-05T00:51:07.701398
45917,,-68,26,2308,2307,65808,44280,9168549,0,100,19,0,0,B0:CB:D8:C9:92:00,1,0,0,1E:01:D0:40:E0:9E,6,1,ARP_SPOOF,2026-08-05T00:51:07.885398
45917,,-67,27,993,2658,65828,44280,9168701,0,100,19,0,0,B0:CB:D8:C9:92:00,1,0,1,1E:01:D0:40:E0:9E,6,1,ARP_SPOOF,2026-08-05T00:51:08.037398
45917,MGMT_OTHER,-67,27,1580,3767,65828,44280,9168855,0,100,19,0,0,B0:CB:D8:C9:92:00,1,0,1,1E:01:D0:40:E0:9E,6,1,ARP_SPOOF,2026-08-05T00:51:08.191398
45917,MGMT_OTHER,-91,3,1879,0,65828,44280,9168977,0,100,19,0,0,B0:CB:D8:C9:92:00,1,0,0,1E:01:D0:40:E0:9E,6,1,ARP_SPOOF,2026-08-05T00:51:08.313398
45917,MGMT_OTHER,-47,47,906,1717,65828,44280,9169202,0,100,19,0,0,B0:CB:D8:C9:92:00,1,0,0,1E:01:D0:40:E0:9E,6,1,ARP_SPOOF,2026-08-05T00:51:08.538398
45917,MGMT_OTHER,-67,27,773,3752,65828,44280,9169381,0,100,19,0,0,B0:CB:D8:C9:92:00,1,0,1,1E:01:D0:40:E0:9E,6,1,ARP_SPOOF,2026-08-05T00:51:08.717398
45917,MGMT_OTHER,-68,26,5013,1254,65828,44280,9169521,0,100,19,0,0,B0:CB:D8:C9:92:00,1,0,1,1E:01:D0:40:E0:9E,6,1,ARP_SPOOF,2026-08-05T00:51:08.857398
45917,,-67,27,4959,1454,65828,44280,9169612,0,100,19,0,0,B0:CB:D8:C9:92:00,1,0,1,1E:01:D0:40:E0:9E,6,1,ARP_SPOOF,2026-08-05T00:51:08.948102
45917,MGMT_OTHER,-67,27,181,1107,65828,44280,9169692,0,100,19,0,0,B0:CB:D8:C9:92:00,1,0,1,1E:01:D0:40:E0:9E,6,1,ARP_SPOOF,2026-08-05T00:51:09.028102
45917,MGMT_OTHER,-68,26,9542,1462,65828,44280,9169805,0,100,19,0,0,B0:CB:D8:C9:92:00,1,0,0,1E:01:D0:40:E0:9E,6,1,ARP_SPOOF,2026-08-05T00:51:09.141102
45917,BEACON,-46,48,3451,2800,65828,44280,9169988,0,100,19,0,0,B0:CB:D8:C9:92:00,1,0,1,1E:01:D0:40:E0:9E,6,1,ARP_SPOOF,2026-08-05T00:51:09.324102
45917,,-67,27,20414,2857,65828,44280,9170080,0,100,19,0,0,B0:CB:D8:C9:92:00,1,0,1,1E:01:D0:40:E0:9E,6,1,ARP_SPOOF,2026-08-05T00:51:09.416102
45917,PROBE_RESP,-81,13,0,1,65280,44280,9170135,0,100,19,0,0,B0:CB:D8:C9:92:00,1,0,1,1E:01:D0:40:E0:9E,6,1,ARP_SPOOF,2026-08-05T00:51:09.471102
45917,PROBE_RESP,-80,14,0,1,65828,44280,9170243,0,100,19,0,0,B0:CB:D8:C9:92:00,1,0,0,1E:01:D0:40:E0:9E,6,1,ARP_SPOOF,2026-08-05T00:51:09.579102
45917,MGMT_OTHER,-67,27,13434,1669,65828,44280,9170464,0,100,19,0,0,B0:CB:D8:C9:92:00,1,0,1,1E:01:D0:40:E0:9E,6,1,ARP_SPOOF,2026-08-05T00:51:09.800102
45917,,-67,27,831,3030,65828,44280,9170641,0,100,19,0,0,B0:CB:D8:C9:92:00,1,0,1,1E:01:D0:40:E0:9E,6,1,ARP_SPOOF,2026-08-05T00:51:09.977102
45917,MGMT_OTHER,-67,27,1359,1884,65828,44280,9170855,0,100,19,0,0,B0:CB:D8:C9:92:00,1,0,1,1E:01:D0:40:E0:9E,6,1,ARP_SPOOF,2026-08-05T00:51:10.191102
45917,BEACON,-44,50,352,2821,65808,44280,9171012,0,100,19,0,0,B0:CB:D8:C9:92:00,1,0,1,1E:01:D0:40:E0:9E,6,1,ARP_SPOOF,2026-08-05T00:51:10.348102
45917,MGMT_OTHER,-67,27,10101,2152,65828,44280,9171220,0,100,19,0,0,B0:CB:D8:C9:92:00,1,0,1,1E:01:D0:40:E0:9E,6,1,ARP_SPOOF,2026-08-05T00:51:10.556102
45917,MGMT_OTHER,-67,27,399,712,65828,44280,9171425,0,100,19,0,0,B0:CB:D8:C9:92:00,1,0,1,1E:01:D0:40:E0:9E,6,1,ARP_SPOOF,2026-08-05T00:51:10.761102
45917,PROBE_RESP,-88,6,0,0,65828,44280,9171564,0,100,19,0,0,B0:CB:D8:C9:92:00,1,0,0,1E:01:D0:40:E0:9E,6,1,ARP_SPOOF,2026-08-05T00:51:10.900102
45917,,-67,27,362,2535,65828,44280,9171717,0,100,19,0,0,B0:CB:D8:C9:92:00,1,0,1,1E:01:D0:40:E0:9E,6,1,ARP_SPOOF,2026-08-05T00:51:11.053102
45917,MGMT_OTHER,-68,26,586,1360,65828,44280,9171825,0,100,19,0,0,B0:CB:D8:C9:92:00,1,0,1,1E:01:D0:40:E0:9E,6,1,ARP_SPOOF,2026-08-05T00:51:11.161102
45917,MGMT_OTHER,-67,27,263,3789,65828,44280,9171923,0,100,19,0,0,B0:CB:D8:C9:92:00,1,0,1,1E:01:D0:40:E0:9E,6,1,ARP_SPOOF,2026-08-05T00:51:11.259102
45917,,-67,27,267,1834,65828,44280,9172023,0,100,19,0,0,B0:CB:D8:C9:92:00,1,0,1,1E:01:D0:40:E0:9E,6,1,ARP_SPOOF,2026-08-05T00:51:11.359102
45917,BEACON,-66,28,0,3701,65828,44280,9172119,0,100,19,0,0,B0:CB:D8:C9:92:00,1,0,1,1E:01:D0:40:E0:9E,6,1,ARP_SPOOF,2026-08-05T00:51:11.455102
45917,BEACON,-67,27,0,3703,65828,44280,9172324,0,100,19,0,0,B0:CB:D8:C9:92:00,1,0,1,1E:01:D0:40:E0:9E,6,1,ARP_SPOOF,2026-08-05T00:51:11.660102
45917,MGMT_OTHER,-67,27,4110,933,65828,44280,9172479,0,100,19,0,0,B0:CB:D8:C9:92:00,1,0,1,1E:01:D0:40:E0:9E,6,1,ARP_SPOOF,2026-08-05T00:51:11.815102
45917,MGMT_OTHER,-67,27,1760,3883,65828,44280,9172656,0,100,19,0,0,B0:CB:D8:C9:92:00,1,0,1,1E:01:D0:40:E0:9E,6,1,ARP_SPOOF,2026-08-05T00:51:11.992102
45917,,-67,27,425,3697,65828,44280,9172800,0,100,19,0,0,B0:CB:D8:C9:92:00,1,0,1,1E:01:D0:40:E0:9E,6,1,ARP_SPOOF,2026-08-05T00:51:12.136102
45917,,-67,27,852,567,65828,44280,9172960,0,100,19,0,0,B0:CB:D8:C9:92:00,1,0,1,1E:01:D0:40:E0:9E,6,1,ARP_SPOOF,2026-08-05T00:51:12.296102
45917,BEACON,-65,29,0,3711,65828,44280,9173145,0,100,19,0,0,B0:CB:D8:C9:92:00,1,0,1,1E:01:D0:40:E0:9E,6,1,ARP_SPOOF,2026-08-05T00:51:12.481102
45917,,-43,51,135,1753,65828,44280,9173246,0,100,19,0,0,B0:CB:D8:C9:92:00,1,0,0,1E:01:D0:40:E0:9E,6,1,ARP_SPOOF,2026-08-05T00:51:12.582102
45917,MGMT_OTHER,-67,27,854,2829,65828,44280,9173360,0,100,19,0,0,B0:CB:D8:C9:92:00,1,0,1,1E:01:D0:40:E0:9E,6,1,ARP_SPOOF,2026-08-05T00:51:12.696102
45917,MGMT_OTHER,-67,27,1318,3275,65828,44280,9173471,0,100,19,0,0,B0:CB:D8:C9:92:00,1,0,1,1E:01:D0:40:E0:9E,6,1,ARP_SPOOF,2026-08-05T00:51:12.807102
45917,,-67,27,236,3934,65828,44280,9173556,0,100,19,0,0,B0:CB:D8:C9:92:00,1,0,1,1E:01:D0:40:E0:9E,6,1,ARP_SPOOF,2026-08-05T00:51:12.892102
45917,MGMT_OTHER,-66,28,358,3050,65828,44280,9173605,0,100,19,0,0,B0:CB:D8:C9:92:00,1,0,1,1E:01:D0:40:E0:9E,6,1,ARP_SPOOF,2026-08-05T00:51:12.941102
45917,,-46,48,290,1759,65828,44280,9173761,0,100,19,0,0,B0:CB:D8:C9:92:00,1,0,1,1E:01:D0:40:E0:9E,6,1,ARP_SPOOF,2026-08-05T00:51:13.097102
45917,,-43,51,161,1762,65828,44280,9173885,0,100,19,0,0,B0:CB:D8:C9:92:00,1,0,0,1E:01:D0:40:E0:9E,6,1,ARP_SPOOF,2026-08-05T00:51:13.221102
45917,,-67,27,272,437,65828,44280,9173996,0,100,19,0,0,B0:CB:D8:C9:92:00,1,0,0,1E:01:D0:40:E0:9E,6,1,ARP_SPOOF,2026-08-05T00:51:13.332102
45917,,-46,48,344,2874,65828,44280,9174131,0,100,19,0,0,B0:CB:D8:C9:92:00,1,0,0,1E:01:D0:40:E0:9E,6,1,ARP_SPOOF,2026-08-05T00:51:13.467102
45917,MGMT_OTHER,-67,27,316,169,65828,44280,9174209,0,100,19,0,0,B0:CB:D8:C9:92:00,1,0,1,1E:01:D0:40:E0:9E,6,1,ARP_SPOOF,2026-08-05T00:51:13.545102
45917,,-82,12,436,2861,65828,44280,9174392,0,100,19,0,0,B0:CB:D8:C9:92:00,0,0,1,1E:01:D0:40:E0:9E,6,1,ARP_SPOOF,2026-08-05T00:51:13.728102
45917,,-46,48,1428,1770,65828,44280,9174499,0,100,19,0,0,B0:CB:D8:C9:92:00,1,0,1,1E:01:D0:40:E0:9E,6,1,ARP_SPOOF,2026-08-05T00:51:13.835102
45917,BEACON,-92,2,553,3170,65828,44280,9174562,0,100,19,0,0,B0:CB:D8:C9:92:00,1,0,1,1E:01:D0:40:E0:9E,6,1,ARP_SPOOF,2026-08-05T00:51:13.898102
45917,,-67,27,820,596,65828,44280,9174648,0,100,19,0,0,B0:CB:D8:C9:92:00,1,0,1,1E:01:D0:40:E0:9E,6,1,ARP_SPOOF,2026-08-05T00:51:13.984102
45917,MGMT_OTHER,-67,27,8767,3700,65828,44280,9174819,0,100,19,0,0,B0:CB:D8:C9:92:00,1,0,1,1E:01:D0:40:E0:9E,6,1,ARP_SPOOF,2026-08-05T00:51:14.155102
45917,BEACON,-62,32,33611,3730,65828,44280,9175086,0,100,19,0,0,B0:CB:D8:C9:92:00,1,0,1,1E:01:D0:40:E0:9E,6,1,ARP_SPOOF,2026-08-05T00:51:14.422102
45917,MGMT_OTHER,-67,27,16847,2905,65828,44280,9175281,0,100,19,0,0,B0:CB:D8:C9:92:00,1,0,1,1E:01:D0:40:E0:9E,6,1,ARP_SPOOF,2026-08-05T00:51:14.617102
45917,,-46,48,181,1776,65828,44280,9175421,0,100,19,0,0,B0:CB:D8:C9:92:00,1,0,0,1E:01:D0:40:E0:9E,6,1,ARP_SPOOF,2026-08-05T00:51:14.757102
45917,,-82,12,458,444,65828,44280,9175506,0,100,19,0,0,B0:CB:D8:C9:92:00,1,0,1,1E:01:D0:40:E0:9E,6,1,ARP_SPOOF,2026-08-05T00:51:14.842102
45917,MGMT_OTHER,-67,27,433,3269,65828,44280,9175557,0,100,19,0,0,B0:CB:D8:C9:92:00,1,0,1,1E:01:D0:40:E0:9E,6,1,ARP_SPOOF,2026-08-05T00:51:14.893102
45917,,-82,12,255,168,65828,44280,9175638,0,100,19,0,0,B0:CB:D8:C9:92:00,1,0,0,1E:01:D0:40:E0:9E,6,1,ARP_SPOOF,2026-08-05T00:51:14.974102
45917,,-67,27,15166,189,65828,44280,9175689,0,100,19,0,0,B0:CB:D8:C9:92:00,1,0,1,1E:01:D0:40:E0:9E,6,1,ARP_SPOOF,2026-08-05T00:51:15.025102
45917,MGMT_OTHER,-69,25,427,2462,65828,44280,9175809,0,100,19,0,0,B0:CB:D8:C9:92:00,1,0,1,1E:01:D0:40:E0:9E,6,1,ARP_SPOOF,2026-08-05T00:51:15.145102
45917,BEACON,-65,29,6601,3739,65828,44280,9176009,0,100,19,0,0,B0:CB:D8:C9:92:00,1,0,1,1E:01:D0:40:E0:9E,6,1,ARP_SPOOF,2026-08-05T00:51:15.345102
45917,,-88,6,172,3023,65828,44280,9176115,0,100,19,0,0,B0:CB:D8:C9:92:00,1,0,1,1E:01:D0:40:E0:9E,6,1,ARP_SPOOF,2026-08-05T00:51:15.451102
45917,MGMT_OTHER,-70,24,6228,394,65828,44280,9176255,0,100,19,0,0,B0:CB:D8:C9:92:00,1,0,1,1E:01:D0:40:E0:9E,6,1,ARP_SPOOF,2026-08-05T00:51:15.591102
45917,,-67,27,2271,2056,65828,44280,9176461,0,100,19,0,0,B0:CB:D8:C9:92:00,1,0,1,1E:01:D0:40:E0:9E,6,1,ARP_SPOOF,2026-08-05T00:51:15.797102
45917,,-46,48,172,1793,65828,44280,9176651,0,100,19,0,0,B0:CB:D8:C9:92:00,1,0,0,1E:01:D0:40:E0:9E,6,1,ARP_SPOOF,2026-08-05T00:51:15.987102
45917,,-46,48,163,1798,65828,44280,9176831,0,100,19,0,0,B0:CB:D8:C9:92:00,1,0,0,1E:01:D0:40:E0:9E,6,1,ARP_SPOOF,2026-08-05T00:51:16.167102
45917,,-46,48,31894,1801,65828,44280,9177023,0,100,19,0,0,B0:CB:D8:C9:92:00,1,0,1,1E:01:D0:40:E0:9E,6,1,ARP_SPOOF,2026-08-05T00:51:16.359102
45917,MGMT_OTHER,-71,22,557,86,65828,44280,9177238,0,100,19,0,0,B0:CB:D8:C9:92:00,1,0,1,1E:01:D0:40:E0:9E,6,1,ARP_SPOOF,2026-08-05T00:51:16.574102
45917,,-47,46,208,1807,65828,44280,9177470,0,100,19,0,0,B0:CB:D8:C9:92:00,1,0,0,1E:01:D0:40:E0:9E,6,1,ARP_SPOOF,2026-08-05T00:51:16.806102
45917,PROBE_RESP,-89,4,0,0,65828,44280,9177682,0,100,19,0,0,B0:CB:D8:C9:92:00,1,0,0,1E:01:D0:40:E0:9E,6,1,ARP_SPOOF,2026-08-05T00:51:17.018102
45917,BEACON,-88,5,0,2249,65828,44280,9177852,0,100,19,0,0,B0:CB:D8:C9:92:00,1,0,1,1E:01:D0:40:E0:9E,6,1,ARP_SPOOF,2026-08-05T00:51:17.188102
45917,,-89,4,1505,659,65828,44280,9178089,0,100,19,0,0,B0:CB:D8:C9:92:00,1,0,1,1E:01:D0:40:E0:9E,6,1,ARP_SPOOF,2026-08-05T00:51:17.425102
45917,,-69,24,790,984,65828,44280,9178184,0,100,19,0,0,B0:CB:D8:C9:92:00,1,0,1,1E:01:D0:40:E0:9E,6,1,ARP_SPOOF,2026-08-05T00:51:17.520102
45917,BEACON,-84,9,42953,4086,65828,44280,9178492,0,100,19,0,0,B0:CB:D8:C9:92:00,1,0,1,1E:01:D0:40:E0:9E,6,1,ARP_SPOOF,2026-08-05T00:51:17.828102
45917,BEACON,-90,3,10574,3211,65828,44280,9178760,0,100,19,0,0,B0:CB:D8:C9:92:00,1,0,1,1E:01:D0:40:E0:9E,6,1,ARP_SPOOF,2026-08-05T00:51:18.096102
45917,,-84,9,798,471,65828,44280,9178926,0,100,19,0,0,B0:CB:D8:C9:92:00,1,0,0,1E:01:D0:40:E0:9E,6,1,ARP_SPOOF,2026-08-05T00:51:18.262102
45917,MGMT_OTHER,-68,25,6630,2772,65828,44280,9179278,0,100,19,0,0,B0:CB:D8:C9:92:00,1,0,1,1E:01:D0:40:E0:9E,6,1,ARP_SPOOF,2026-08-05T00:51:18.614102
45917,BEACON,-68,25,1609,2011,65828,44280,9179477,0,100,19,0,0,B0:CB:D8:C9:92:00,1,0,1,1E:01:D0:40:E0:9E,6,1,ARP_SPOOF,2026-08-05T00:51:18.813102
45917,PROBE_RESP,-86,7,0,0,65828,44280,9179616,0,100,19,0,0,B0:CB:D8:C9:92:00,1,0,0,1E:01:D0:40:E0:9E,6,1,ARP_SPOOF,2026-08-05T00:51:18.952102
45917,,-68,25,632,3284,65828,44280,9179706,0,100,19,0,0,B0:CB:D8:C9:92:00,1,0,0,1E:01:D0:40:E0:9E,6,1,ARP_SPOOF,2026-08-05T00:51:19.042102
45917,MGMT_OTHER,-68,25,3617,2391,65828,44280,9180019,0,100,19,0,0,B0:CB:D8:C9:92:00,1,0,1,1E:01:D0:40:E0:9E,6,1,ARP_SPOOF,2026-08-05T00:51:19.355102
45917,MGMT_OTHER,-68,25,439,3356,65828,44280,9180235,0,100,19,0,0,B0:CB:D8:C9:92:00,1,0,1,1E:01:D0:40:E0:9E,6,1,ARP_SPOOF,2026-08-05T00:51:19.571102
45917,,-72,21,155,1912,65828,44280,9180349,0,100,19,0,0,B0:CB:D8:C9:92:00,1,0,1,1E:01:D0:40:E0:9E,6,1,ARP_SPOOF,2026-08-05T00:51:19.685102
45917,MGMT_OTHER,-68,25,266,3497,65828,44280,9180523,0,100,19,0,0,B0:CB:D8:C9:92:00,1,0,1,1E:01:D0:40:E0:9E,6,1,ARP_SPOOF,2026-08-05T00:51:19.859102
45917,BEACON,-89,4,11485,2277,65828,44280,9180721,0,100,19,0,0,B0:CB:D8:C9:92:00,1,0,1,1E:01:D0:40:E0:9E,6,1,ARP_SPOOF,2026-08-05T00:51:20.057102
45917,MGMT_OTHER,-70,23,668,3071,65828,44280,9180924,0,100,19,0,0,B0:CB:D8:C9:92:00,1,0,1,1E:01:D0:40:E0:9E,6,1,ARP_SPOOF,2026-08-05T00:51:20.260102
45917,MGMT_OTHER,-72,21,4529,1717,65828,44280,9181060,0,100,19,0,0,B0:CB:D8:C9:92:00,1,0,1,1E:01:D0:40:E0:9E,6,1,ARP_SPOOF,2026-08-05T00:51:20.396102
45917,MGMT_OTHER,-68,25,728,3200,65828,44280,9181235,0,100,19,0,0,B0:CB:D8:C9:92:00,1,0,0,1E:01:D0:40:E0:9E,6,1,ARP_SPOOF,2026-08-05T00:51:20.571102
45917,MGMT_OTHER,-68,25,375,2163,65828,44280,9181405,0,100,19,0,0,B0:CB:D8:C9:92:00,1,0,1,1E:01:D0:40:E0:9E,6,1,ARP_SPOOF,2026-08-05T00:51:20.741102
45917,,-68,25,226,2248,65828,44280,9181489,0,100,19,0,0,B0:CB:D8:C9:92:00,1,0,1,1E:01:D0:40:E0:9E,6,1,ARP_SPOOF,2026-08-05T00:51:20.825102
45917,,-69,24,646,2126,65828,44280,9181645,0,100,19,0,0,B0:CB:D8:C9:92:00,1,0,1,1E:01:D0:40:E0:9E,6,1,ARP_SPOOF,2026-08-05T00:51:20.981102
45917,,-72,21,7548,3702,65828,44280,9181850,0,100,19,0,0,B0:CB:D8:C9:92:00,1,0,1,1E:01:D0:40:E0:9E,6,1,ARP_SPOOF,2026-08-05T00:51:21.186102
45917,,-68,25,777,2765,65828,44280,9182060,0,100,19,0,0,B0:CB:D8:C9:92:00,1,0,1,1E:01:D0:40:E0:9E,6,1,ARP_SPOOF,2026-08-05T00:51:21.396102
45917,MGMT_OTHER,-69,24,240,1779,65828,44280,9182223,0,100,19,0,0,B0:CB:D8:C9:92:00,1,0,1,1E:01:D0:40:E0:9E,6,1,ARP_SPOOF,2026-08-05T00:51:21.559102
45917,,-60,33,0,3017,64096,44280,9182391,0,100,19,0,0,B0:CB:D8:C9:92:00,1,0,1,1E:01:D0:40:E0:9E,6,1,ARP_SPOOF,2026-08-05T00:51:21.727102
45917,,-70,23,1116,3702,65828,44280,9182572,0,100,19,0,0,B0:CB:D8:C9:92:00,1,0,1,1E:01:D0:40:E0:9E,6,1,ARP_SPOOF,2026-08-05T00:51:21.908102
45917,,-70,23,2588,1257,65828,44280,9182774,0,100,19,0,0,B0:CB:D8:C9:92:00,1,0,1,1E:01:D0:40:E0:9E,6,1,ARP_SPOOF,2026-08-05T00:51:22.110102
45917,BEACON,-82,11,3783,34,65828,44280,9182998,0,100,19,0,0,B0:CB:D8:C9:92:00,1,0,1,1E:01:D0:40:E0:9E,6,1,ARP_SPOOF,2026-08-05T00:51:22.334102
45917,BEACON,-47,46,97,3028,65828,44280,9183198,0,100,19,0,0,B0:CB:D8:C9:92:00,1,0,1,1E:01:D0:40:E0:9E,6,1,ARP_SPOOF,2026-08-05T00:51:22.534102
45917,,-70,23,930,844,65828,44280,9183283,0,100,19,0,0,B0:CB:D8:C9:92:00,1,0,1,1E:01:D0:40:E0:9E,6,1,ARP_SPOOF,2026-08-05T00:51:22.619102
45917,MGMT_OTHER,-70,23,279,2435,65828,44280,9183328,0,100,19,0,0,B0:CB:D8:C9:92:00,1,0,1,1E:01:D0:40:E0:9E,6,1,ARP_SPOOF,2026-08-05T00:51:22.664102
45917,,-73,20,11510,1880,65828,44280,9183404,0,100,19,0,0,B0:CB:D8:C9:92:00,1,0,1,1E:01:D0:40:E0:9E,6,1,ARP_SPOOF,2026-08-05T00:51:22.740102
45917,,-70,23,624,3366,65828,44280,9183514,0,100,19,0,0,B0:CB:D8:C9:92:00,1,0,1,1E:01:D0:40:E0:9E,6,1,ARP_SPOOF,2026-08-05T00:51:22.850102
45917,MGMT_OTHER,-70,23,2241,3229,65828,44280,9183559,0,100,19,0,0,B0:CB:D8:C9:92:00,1,0,1,1E:01:D0:40:E0:9E,6,1,ARP_SPOOF,2026-08-05T00:51:22.895102
45917,MGMT_OTHER,-67,26,1405,3703,65828,44280,9183651,0,100,19,0,0,B0:CB:D8:C9:92:00,1,0,1,1E:01:D0:40:E0:9E,6,1,ARP_SPOOF,2026-08-05T00:51:22.987102
45917,BEACON,-81,12,0,6,65828,44280,9183920,0,100,19,0,0,B0:CB:D8:C9:92:00,1,0,0,1E:01:D0:40:E0:9E,6,1,ARP_SPOOF,2026-08-05T00:51:23.256102
45917,MGMT_OTHER,-71,22,1985,497,65828,44280,9184254,0,100,19,0,0,B0:CB:D8:C9:92:00,1,0,1,1E:01:D0:40:E0:9E,6,1,ARP_SPOOF,2026-08-05T00:51:23.590102
45917,,-68,25,450,1861,65828,44280,9184465,0,100,19,0,0,B0:CB:D8:C9:92:00,1,0,1,1E:01:D0:40:E0:9E,6,1,ARP_SPOOF,2026-08-05T00:51:23.801102
45917,MGMT_OTHER,-72,21,3191,1767,65828,44280,9184662,0,100,19,0,0,B0:CB:D8:C9:92:00,1,0,1,1E:01:D0:40:E0:9E,6,1,ARP_SPOOF,2026-08-05T00:51:23.998102
45917,MGMT_OTHER,-70,23,1428,2237,65828,44280,9184853,0,100,19,0,0,B0:CB:D8:C9:92:00,1,0,1,1E:01:D0:40:E0:9E,6,1,ARP_SPOOF,2026-08-05T00:51:24.189102
45917,MGMT_OTHER,-71,22,847,3491,65828,44280,9184966,0,100,19,0,0,B0:CB:D8:C9:92:00,1,0,1,1E:01:D0:40:E0:9E,6,1,ARP_SPOOF,2026-08-05T00:51:24.302102
45917,MGMT_OTHER,-71,22,618,3414,65828,44280,9185128,0,100,19,0,0,B0:CB:D8:C9:92:00,1,0,0,1E:01:D0:40:E0:9E,6,1,ARP_SPOOF,2026-08-05T00:51:24.464102
45917,MGMT_OTHER,-70,23,562,1465,65828,44280,9185330,0,100,19,0,0,B0:CB:D8:C9:92:00,1,0,1,1E:01:D0:40:E0:9E,6,1,ARP_SPOOF,2026-08-05T00:51:24.666102
45917,BEACON,-62,31,0,3823,65828,44280,9185432,0,100,19,0,0,B0:CB:D8:C9:92:00,1,0,1,1E:01:D0:40:E0:9E,6,1,ARP_SPOOF,2026-08-05T00:51:24.768102
45917,,-70,23,517,3291,65828,44280,9185555,0,100,19,0,0,B0:CB:D8:C9:92:00,1,0,1,1E:01:D0:40:E0:9E,6,1,ARP_SPOOF,2026-08-05T00:51:24.891102
45917,,-70,23,3214,3465,65828,44280,9185759,0,100,19,0,0,B0:CB:D8:C9:92:00,1,0,1,1E:01:D0:40:E0:9E,6,1,ARP_SPOOF,2026-08-05T00:51:25.095102
45917,BEACON,-83,10,8087,62,65828,44280,9185865,0,100,19,0,0,B0:CB:D8:C9:92:00,1,0,1,1E:01:D0:40:E0:9E,6,1,ARP_SPOOF,2026-08-05T00:51:25.201102
45917,,-70,23,1884,1265,65828,44280,9186049,0,100,19,0,0,B0:CB:D8:C9:92:00,1,0,1,1E:01:D0:40:E0:9E,6,1,ARP_SPOOF,2026-08-05T00:51:25.385102
45917,,-70,23,1838,181,65828,44280,9186263,0,100,19,0,0,B0:CB:D8:C9:92:00,1,0,1,1E:01:D0:40:E0:9E,6,1,ARP_SPOOF,2026-08-05T00:51:25.599102
45917,MGMT_OTHER,-70,23,1058,3064,65828,44280,9186510,0,100,19,0,0,B0:CB:D8:C9:92:00,1,0,1,1E:01:D0:40:E0:9E,6,1,ARP_SPOOF,2026-08-05T00:51:25.846102
45917,,-72,21,1282,3217,65828,44280,9186665,0,100,19,0,0,B0:CB:D8:C9:92:00,1,0,1,1E:01:D0:40:E0:9E,6,1,ARP_SPOOF,2026-08-05T00:51:26.001102
45917,BEACON,-81,12,0,34,65828,44280,9186788,0,100,19,0,0,B0:CB:D8:C9:92:00,1,0,0,1E:01:D0:40:E0:9E,6,1,ARP_SPOOF,2026-08-05T00:51:26.124102
45917,BEACON,-83,10,16487,74,65828,44280,9187094,0,100,19,0,0,B0:CB:D8:C9:92:00,1,0,1,1E:01:D0:40:E0:9E,6,1,ARP_SPOOF,2026-08-05T00:51:26.430102
45917,BEACON,-84,9,9627,76,65828,44280,9187299,0,100,19,0,0,B0:CB:D8:C9:92:00,1,0,1,1E:01:D0:40:E0:9E,6,1,ARP_SPOOF,2026-08-05T00:51:26.635102
45917,MGMT_OTHER,-72,21,231,3791,65828,44280,9187597,0,100,19,0,0,B0:CB:D8:C9:92:00,1,0,1,1E:01:D0:40:E0:9E,6,1,ARP_SPOOF,2026-08-05T00:51:26.933102
45917,PROBE_RESP,-90,3,0,1,65828,44280,9187918,0,100,19,0,0,B0:CB:D8:C9:92:00,1,0,0,1E:01:D0:40:E0:9E,6,1,ARP_SPOOF,2026-08-05T00:51:27.254102
45917,,-93,0,993,0,65828,44280,9188390,0,100,19,0,0,B0:CB:D8:C9:92:00,1,0,0,1E:01:D0:40:E0:9E,6,1,ARP_SPOOF,2026-08-05T00:51:27.726102
45917,BEACON,-89,4,0,2356,65828,44280,9188811,0,100,19,0,0,B0:CB:D8:C9:92:00,1,0,1,1E:01:D0:40:E0:9E,6,1,ARP_SPOOF,2026-08-05T00:51:28.147102
45917,BEACON,-80,13,0,59,65828,44280,9189348,0,100,19,0,0,B0:CB:D8:C9:92:00,1,0,0,1E:01:D0:40:E0:9E,6,1,ARP_SPOOF,2026-08-05T00:51:28.684102
45917,MGMT_OTHER,-72,21,280,1574,65828,44280,9189630,0,100,19,0,0,B0:CB:D8:C9:92:00,1,0,1,1E:01:D0:40:E0:9E,6,1,ARP_SPOOF,2026-08-05T00:51:28.966102
45917,MGMT_OTHER,-71,22,402,2356,65828,44280,9189907,0,100,19,0,0,B0:CB:D8:C9:92:00,1,0,1,1E:01:D0:40:E0:9E,6,1,ARP_SPOOF,2026-08-05T00:51:29.242345
45917,MGMT_OTHER,-73,20,721,1441,65828,44280,9190148,0,100,19,0,0,B0:CB:D8:C9:92:00,1,0,1,1E:01:D0:40:E0:9E,6,1,ARP_SPOOF,2026-08-05T00:51:29.483345
45917,MGMT_OTHER,-70,23,1346,3515,65828,44280,9190556,0,100,19,0,0,B0:CB:D8:C9:92:00,1,0,1,1E:01:D0:40:E0:9E,6,1,ARP_SPOOF,2026-08-05T00:51:29.891345
45917,BEACON,-48,45,4484,3133,65828,44280,9191185,0,100,19,0,0,B0:CB:D8:C9:92:00,1,0,1,1E:01:D0:40:E0:9E,6,1,ARP_SPOOF,2026-08-05T00:51:30.520345
45917,MGMT_OTHER,-71,22,11702,1737,65828,44280,9191646,0,100,19,0,0,B0:CB:D8:C9:92:00,0,0,1,1E:01:D0:40:E0:9E,6,1,ARP_SPOOF,2026-08-05T00:51:30.981345
45917,MGMT_OTHER,-71,22,170,1975,65828,44280,9191922,0,100,19,0,0,B0:CB:D8:C9:92:00,1,0,1,1E:01:D0:40:E0:9E,6,1,ARP_SPOOF,2026-08-05T00:51:31.257345
45917,PROBE_RESP,-81,12,0,0,65828,44280,9192139,0,100,19,0,0,B0:CB:D8:C9:92:00,1,0,0,1E:01:D0:40:E0:9E,6,1,ARP_SPOOF,2026-08-05T00:51:31.474345
45917,MGMT_OTHER,-71,22,429,3514,65828,44280,9192397,0,100,19,0,0,B0:CB:D8:C9:92:00,1,0,1,1E:01:D0:40:E0:9E,6,1,ARP_SPOOF,2026-08-05T00:51:31.732345
45917,,-91,2,16833,2147,65828,44280,9192687,0,100,19,0,0,B0:CB:D8:C9:92:00,1,0,1,1E:01:D0:40:E0:9E,6,1,ARP_SPOOF,2026-08-05T00:51:32.022345
45917,,-72,21,1513,2860,65828,44280,9192805,0,100,19,0,0,B0:CB:D8:C9:92:00,1,0,1,1E:01:D0:40:E0:9E,6,1,ARP_SPOOF,2026-08-05T00:51:32.140345
45917,MGMT_OTHER,-71,22,256,1614,65828,44280,9193044,0,100,19,0,0,B0:CB:D8:C9:92:00,1,0,1,1E:01:D0:40:E0:9E,6,1,ARP_SPOOF,2026-08-05T00:51:32.379345
45917,PROBE_RESP,-83,10,1002,0,65828,44280,9193242,0,100,19,0,0,B0:CB:D8:C9:92:00,1,0,0,1E:01:D0:40:E0:9E,6,1,ARP_SPOOF,2026-08-05T00:51:32.577345
45917,BEACON,-82,11,0,99,65828,44280,9193444,0,100,19,0,0,B0:CB:D8:C9:92:00,1,0,0,1E:01:D0:40:E0:9E,6,1,ARP_SPOOF,2026-08-05T00:51:32.779345
45917,,-69,24,370,3733,65828,44280,9193678,0,100,19,0,0,B0:CB:D8:C9:92:00,1,0,1,1E:01:D0:40:E0:9E,6,1,ARP_SPOOF,2026-08-05T00:51:33.013345
45917,PROBE_REQ,-62,31,19446,3366,65828,44280,9193995,0,100,19,0,0,B0:CB:D8:C9:92:00,1,0,1,1E:01:D0:40:E0:9E,6,1,ARP_SPOOF,2026-08-05T00:51:33.330345
45917,MGMT_OTHER,-70,23,4509,3538,65828,44280,9194287,0,100,19,0,0,B0:CB:D8:C9:92:00,1,0,1,1E:01:D0:40:E0:9E,6,1,ARP_SPOOF,2026-08-05T00:51:33.622345
45917,MGMT_OTHER,-70,23,7071,1364,65828,44280,9194464,0,100,19,0,0,B0:CB:D8:C9:92:00,1,0,1,1E:01:D0:40:E0:9E,6,1,ARP_SPOOF,2026-08-05T00:51:33.799345
45917,BEACON,-42,51,3400,3179,65828,44280,9194769,0,100,19,0,0,B0:CB:D8:C9:92:00,1,0,1,1E:01:D0:40:E0:9E,6,1,ARP_SPOOF,2026-08-05T00:51:34.104345
45917,PROBE_RESP,-83,10,0,1,65828,44280,9195129,0,100,19,0,0,B0:CB:D8:C9:92:00,1,0,0,1E:01:D0:40:E0:9E,6,1,ARP_SPOOF,2026-08-05T00:51:34.464345
45917,MGMT_OTHER,-70,23,329,694,65828,44280,9195317,0,100,19,0,0,B0:CB:D8:C9:92:00,1,0,0,1E:01:D0:40:E0:9E,6,1,ARP_SPOOF,2026-08-05T00:51:34.652345
45917,,-70,23,1851,1742,65828,44280,9195399,0,100,19,0,0,B0:CB:D8:C9:92:00,1,0,0,1E:01:D0:40:E0:9E,6,1,ARP_SPOOF,2026-08-05T00:51:34.734345
45917,MGMT_OTHER,-73,20,395,1748,65828,44280,9195481,0,100,19,0,0,B0:CB:D8:C9:92:00,1,0,1,1E:01:D0:40:E0:9E,6,1,ARP_SPOOF,2026-08-05T00:51:34.815804
45917,,-69,24,675,1324,65828,44280,9195574,0,100,19,0,0,B0:CB:D8:C9:92:00,1,0,1,1E:01:D0:40:E0:9E,6,1,ARP_SPOOF,2026-08-05T00:51:34.908804
45917,MGMT_OTHER,-70,23,4341,624,65828,44280,9195634,0,100,19,0,0,B0:CB:D8:C9:92:00,1,0,1,1E:01:D0:40:E0:9E,6,1,ARP_SPOOF,2026-08-05T00:51:34.968804
45917,MGMT_OTHER,-70,23,1222,1605,65828,44280,9195717,0,100,19,0,0,B0:CB:D8:C9:92:00,1,0,1,1E:01:D0:40:E0:9E,6,1,ARP_SPOOF,2026-08-05T00:51:35.051804
45917,,-70,23,973,1580,65828,44280,9195798,0,100,19,0,0,B0:CB:D8:C9:92:00,1,0,1,1E:01:D0:40:E0:9E,6,1,ARP_SPOOF,2026-08-05T00:51:35.132804
45917,,-72,21,2237,386,65828,44280,9195920,0,100,19,0,0,B0:CB:D8:C9:92:00,1,0,1,1E:01:D0:40:E0:9E,6,1,ARP_SPOOF,2026-08-05T00:51:35.254801
45917,,-70,23,501,3877,65828,44280,9196007,0,100,19,0,0,B0:CB:D8:C9:92:00,1,0,1,1E:01:D0:40:E0:9E,6,1,ARP_SPOOF,2026-08-05T00:51:35.341801
45917,,-71,22,1316,3000,65828,44280,9196113,0,100,19,0,0,B0:CB:D8:C9:92:00,1,0,1,1E:01:D0:40:E0:9E,6,1,ARP_SPOOF,2026-08-05T00:51:35.447801
45917,,-71,22,904,1419,65828,44280,9196218,0,100,19,0,0,B0:CB:D8:C9:92:00,1,0,1,1E:01:D0:40:E0:9E,6,1,ARP_SPOOF,2026-08-05T00:51:35.552801
45917,BEACON,-83,10,3914,164,65828,44280,9196310,0,100,19,0,0,B0:CB:D8:C9:92:00,1,0,1,1E:01:D0:40:E0:9E,6,1,ARP_SPOOF,2026-08-05T00:51:35.644801
45917,,-74,19,808,1319,65828,44280,9196395,0,100,19,0,0,B0:CB:D8:C9:92:00,1,0,1,1E:01:D0:40:E0:9E,6,1,ARP_SPOOF,2026-08-05T00:51:35.729801
45917,MGMT_OTHER,-73,20,1912,4012,65828,44280,9196447,0,100,19,0,0,B0:CB:D8:C9:92:00,1,0,0,1E:01:D0:40:E0:9E,6,1,ARP_SPOOF,2026-08-05T00:51:35.781801
45917,MGMT_OTHER,-73,20,220,667,65828,44280,9196523,0,100,19,0,0,B0:CB:D8:C9:92:00,1,0,0,1E:01:D0:40:E0:9E,6,1,ARP_SPOOF,2026-08-05T00:51:35.857801
45917,MGMT_OTHER,-74,19,200,683,65828,44280,9196619,0,100,19,0,0,B0:CB:D8:C9:92:00,1,0,1,1E:01:D0:40:E0:9E,6,1,ARP_SPOOF,2026-08-05T00:51:35.953801
45917,,-73,20,6046,729,65828,44280,9196738,0,100,19,0,0,B0:CB:D8:C9:92:00,1,0,1,1E:01:D0:40:E0:9E,6,1,ARP_SPOOF,2026-08-05T00:51:36.072801
45917,,-74,19,262,1727,65828,44280,9196857,0,100,19,0,0,B0:CB:D8:C9:92:00,1,0,1,1E:01:D0:40:E0:9E,6,1,ARP_SPOOF,2026-08-05T00:51:36.191801
45917,,-47,46,199,1897,65828,44280,9196931,0,100,19,0,0,B0:CB:D8:C9:92:00,1,0,0,1E:01:D0:40:E0:9E,6,1,ARP_SPOOF,2026-08-05T00:51:36.265801
45917,MGMT_OTHER,-73,20,3966,2049,65828,44280,9197032,0,100,19,0,0,B0:CB:D8:C9:92:00,1,0,1,1E:01:D0:40:E0:9E,6,1,ARP_SPOOF,2026-08-05T00:51:36.366801
45917,,-73,20,799,57,65828,44280,9197245,0,100,19,0,0,B0:CB:D8:C9:92:00,1,0,1,1E:01:D0:40:E0:9E,6,1,ARP_SPOOF,2026-08-05T00:51:36.579801
45917,,-74,19,2422,3650,65828,44280,9197349,0,100,19,0,0,B0:CB:D8:C9:92:00,1,0,1,1E:01:D0:40:E0:9E,6,1,ARP_SPOOF,2026-08-05T00:51:36.683801
45917,,-74,19,254,3215,65828,44280,9197484,0,100,19,0,0,B0:CB:D8:C9:92:00,1,0,1,1E:01:D0:40:E0:9E,6,1,ARP_SPOOF,2026-08-05T00:51:36.818801
45917,BEACON,-87,6,17562,2443,65828,44280,9197719,0,100,19,0,0,B0:CB:D8:C9:92:00,1,0,1,1E:01:D0:40:E0:9E,6,1,ARP_SPOOF,2026-08-05T00:51:37.053801
45917,,-73,20,4392,1411,65828,44280,9197975,0,100,19,0,0,B0:CB:D8:C9:92:00,1,0,1,1E:01:D0:40:E0:9E,6,1,ARP_SPOOF,2026-08-05T00:51:37.309801
45917,PROBE_RESP,-83,10,518,0,65828,44280,9198165,0,100,19,0,0,B0:CB:D8:C9:92:00,1,0,0,1E:01:D0:40:E0:9E,6,1,ARP_SPOOF,2026-08-05T00:51:37.499801
45917,,-74,19,729,3930,65828,44280,9198386,0,100,19,0,0,B0:CB:D8:C9:92:00,1,0,1,1E:01:D0:40:E0:9E,6,1,ARP_SPOOF,2026-08-05T00:51:37.720801
45917,BEACON,-82,11,1196,186,65828,44280,9198563,0,100,19,0,0,B0:CB:D8:C9:92:00,1,0,1,1E:01:D0:40:E0:9E,6,1,ARP_SPOOF,2026-08-05T00:51:37.897801
45917,MGMT_OTHER,-72,21,24716,930,65828,44280,9198809,0,100,19,0,0,B0:CB:D8:C9:92:00,1,0,1,1E:01:D0:40:E0:9E,6,1,ARP_SPOOF,2026-08-05T00:51:38.143801
45917,,-73,20,1956,1724,65828,44280,9199054,0,100,19,0,0,B0:CB:D8:C9:92:00,1,0,0,1E:01:D0:40:E0:9E,6,1,ARP_SPOOF,2026-08-05T00:51:38.388801
45917,MGMT_OTHER,-73,20,155,174,65828,44280,9199243,0,100,19,0,0,B0:CB:D8:C9:92:00,1,0,1,1E:01:D0:40:E0:9E,6,1,ARP_SPOOF,2026-08-05T00:51:38.577801
45917,BEACON,-82,11,561,194,65828,44280,9199382,0,100,19,0,0,B0:CB:D8:C9:92:00,1,0,1,1E:01:D0:40:E0:9E,6,0,NONE,2026-08-05T00:51:38.716801
45917,MGMT_OTHER,-73,20,1414,510,65828,44280,9199488,0,100,19,0,0,B0:CB:D8:C9:92:00,0,0,1,1E:01:D0:40:E0:9E,6,0,NONE,2026-08-05T00:51:38.822801
45917,MGMT_OTHER,-72,21,11070,25,65828,44280,9199680,0,100,19,0,0,B0:CB:D8:C9:92:00,1,0,1,1E:01:D0:40:E0:9E,6,0,NONE,2026-08-05T00:51:39.014801
45917,PROBE_RESP,-89,4,0,1,65828,44280,9199906,0,100,19,0,0,B0:CB:D8:C9:92:00,1,0,1,1E:01:D0:40:E0:9E,6,0,NONE,2026-08-05T00:51:39.240801
45917,,-71,22,8983,1804,65828,44280,9200004,0,100,19,0,0,B0:CB:D8:C9:92:00,1,0,1,1E:01:D0:40:E0:9E,6,0,NONE,2026-08-05T00:51:39.338801
45917,,-70,23,0,3697,65828,44280,9200224,0,100,19,0,0,B0:CB:D8:C9:92:00,1,0,1,1E:01:D0:40:E0:9E,6,0,NONE,2026-08-05T00:51:39.558801
45917,,-47,46,3877,1922,65828,44280,9200371,0,100,19,0,0,B0:CB:D8:C9:92:00,1,0,1,1E:01:D0:40:E0:9E,6,0,NONE,2026-08-05T00:51:39.705801
45917,PROBE_RESP,-83,10,0,0,65828,44280,9200505,0,100,19,0,0,B0:CB:D8:C9:92:00,1,0,1,1E:01:D0:40:E0:9E,6,0,NONE,2026-08-05T00:51:39.839801
45917,MGMT_OTHER,-71,22,174,1557,65828,44280,9200711,0,100,19,0,0,B0:CB:D8:C9:92:00,1,0,1,1E:01:D0:40:E0:9E,6,0,NONE,2026-08-05T00:51:40.045801
45917,PROBE_RESP,-82,11,3678,0,65828,44280,9200899,0,100,19,0,0,B0:CB:D8:C9:92:00,1,0,1,1E:01:D0:40:E0:9E,6,0,NONE,2026-08-05T00:51:40.233801
45917,,14,14,0,0,65828,44280,9201023,0,100,19,0,0,B0:CB:D8:C9:92:00,1,0,1,1E:01:D0:40:E0:9E,6,0,NONE,2026-08-05T00:51:40.357801
45917,,-75,18,14428,2520,65828,44280,9201139,0,100,19,0,0,B0:CB:D8:C9:92:00,1,0,1,1E:01:D0:40:E0:9E,6,0,NONE,2026-08-05T00:51:40.473801
45917,MGMT_OTHER,-75,18,201,3650,65828,44280,9201236,0,100,19,0,0,B0:CB:D8:C9:92:00,1,0,1,1E:01:D0:40:E0:9E,6,0,NONE,2026-08-05T00:51:40.570801
45917,,-72,21,693,3429,65828,44280,9201316,0,100,19,0,0,B0:CB:D8:C9:92:00,1,0,1,1E:01:D0:40:E0:9E,6,0,NONE,2026-08-05T00:51:40.650801
45917,,-82,11,188,182,65828,44280,9201433,0,100,19,0,0,B0:CB:D8:C9:92:00,1,0,1,1E:01:D0:40:E0:9E,6,0,NONE,2026-08-05T00:51:40.767801
45917,,-73,20,420,1934,65828,44280,9201517,0,100,19,0,0,B0:CB:D8:C9:92:00,1,0,1,1E:01:D0:40:E0:9E,6,0,NONE,2026-08-05T00:51:40.851801
45917,MGMT_OTHER,-73,20,682,2466,65828,44280,9201653,0,100,19,0,0,B0:CB:D8:C9:92:00,1,0,1,1E:01:D0:40:E0:9E,6,0,NONE,2026-08-05T00:51:40.987801
45917,,-74,19,169,3488,65828,44280,9201817,0,100,19,0,0,B0:CB:D8:C9:92:00,1,0,1,1E:01:D0:40:E0:9E,6,0,NONE,2026-08-05T00:51:41.151801
45917,,-82,11,353,462,65828,44280,9201945,0,100,19,0,0,B0:CB:D8:C9:92:00,1,0,1,1E:01:D0:40:E0:9E,6,0,NONE,2026-08-05T00:51:41.279801
45917,MGMT_OTHER,-73,20,1192,445,65828,44280,9202123,0,100,19,0,0,B0:CB:D8:C9:92:00,1,0,1,1E:01:D0:40:E0:9E,6,0,NONE,2026-08-05T00:51:41.457801
45917,,-74,19,2596,3530,65828,44280,9202236,0,100,19,0,0,B0:CB:D8:C9:92:00,1,0,1,1E:01:D0:40:E0:9E,6,0,NONE,2026-08-05T00:51:41.570801
45917,MGMT_OTHER,-73,20,245,2954,65828,44280,9202478,0,100,19,0,0,B0:CB:D8:C9:92:00,1,0,1,1E:01:D0:40:E0:9E,6,0,NONE,2026-08-05T00:51:41.812801
45917,MGMT_OTHER,-72,21,813,2789,65828,44280,9202750,0,100,19,0,0,B0:CB:D8:C9:92:00,1,0,1,1E:01:D0:40:E0:9E,6,0,NONE,2026-08-05T00:51:42.084801
45917,,-71,22,596,690,65828,44280,9202952,0,100,19,0,0,B0:CB:D8:C9:92:00,1,0,1,1E:01:D0:40:E0:9E,6,0,NONE,2026-08-05T00:51:42.286801
45917,BEACON,-64,29,88,3996,65828,44280,9203145,0,100,19,0,0,B0:CB:D8:C9:92:00,1,0,1,1E:01:D0:40:E0:9E,6,0,NONE,2026-08-05T00:51:42.479801
45917,,-87,6,6274,1094,65828,44280,9203265,0,100,19,0,0,B0:CB:D8:C9:92:00,1,0,1,1E:01:D0:40:E0:9E,6,0,NONE,2026-08-05T00:51:42.599801
45917,MGMT_OTHER,-70,23,1008,2539,65828,44280,9203323,0,100,19,0,0,B0:CB:D8:C9:92:00,1,0,1,1E:01:D0:40:E0:9E,6,0,NONE,2026-08-05T00:51:42.657801
45917,,-70,23,3622,1980,65828,44280,9203390,0,100,19,0,0,B0:CB:D8:C9:92:00,1,0,1,1E:01:D0:40:E0:9E,6,0,NONE,2026-08-05T00:51:42.724801
45917,,-72,21,281,1798,65828,44280,9203561,0,100,19,0,0,B0:CB:D8:C9:92:00,1,0,1,1E:01:D0:40:E0:9E,6,0,NONE,2026-08-05T00:51:42.895801
45917,BEACON,-85,8,6843,236,65828,44280,9203684,0,100,19,0,0,B0:CB:D8:C9:92:00,1,0,1,1E:01:D0:40:E0:9E,6,0,NONE,2026-08-05T00:51:43.018801
45917,BEACON,-46,47,18476,3305,65828,44280,9203884,0,100,19,0,0,B0:CB:D8:C9:92:00,1,0,1,1E:01:D0:40:E0:9E,6,0,NONE,2026-08-05T00:51:43.218801
45917,,-73,20,9762,370,65828,44280,9204106,0,100,19,0,0,B0:CB:D8:C9:92:00,1,0,1,1E:01:D0:40:E0:9E,6,0,NONE,2026-08-05T00:51:43.440801
45917,,-85,8,311,234,65828,44280,9204301,0,100,19,0,0,B0:CB:D8:C9:92:00,1,0,1,1E:01:D0:40:E0:9E,6,0,NONE,2026-08-05T00:51:43.635801
45917,MGMT_OTHER,-71,22,1084,893,65828,44280,9204504,0,100,19,0,0,B0:CB:D8:C9:92:00,1,0,0,1E:01:D0:40:E0:9E,6,0,NONE,2026-08-05T00:51:43.838801
45917,,-74,19,379,1828,65828,44280,9204628,0,100,19,0,0,B0:CB:D8:C9:92:00,1,0,1,1E:01:D0:40:E0:9E,6,0,NONE,2026-08-05T00:51:43.962801
45917,,-72,21,162,2093,65828,44280,9204734,0,100,19,0,0,B0:CB:D8:C9:92:00,1,0,1,1E:01:D0:40:E0:9E,6,0,NONE,2026-08-05T00:51:44.068801
45917,,-73,20,434,1583,65828,44280,9204941,0,100,19,0,0,B0:CB:D8:C9:92:00,1,0,1,1E:01:D0:40:E0:9E,6,0,NONE,2026-08-05T00:51:44.275801
45917,PROBE_RESP,-89,4,0,1,65828,44280,9205042,0,100,19,0,0,B0:CB:D8:C9:92:00,1,0,0,1E:01:D0:40:E0:9E,6,0,NONE,2026-08-05T00:51:44.376801
45917,MGMT_OTHER,-71,22,212,1424,65828,44280,9205222,0,100,19,0,0,B0:CB:D8:C9:92:00,1,0,1,1E:01:D0:40:E0:9E,6,0,NONE,2026-08-05T00:51:44.556801
45917,,-71,22,289,2032,65828,44280,9205269,0,100,19,0,0,B0:CB:D8:C9:92:00,1,0,1,1E:01:D0:40:E0:9E,6,0,NONE,2026-08-05T00:51:44.603801
45917,,-72,21,298,312,65828,44280,9205402,0,100,19,0,0,B0:CB:D8:C9:92:00,1,0,1,1E:01:D0:40:E0:9E,6,0,NONE,2026-08-05T00:51:44.736801
45917,MGMT_OTHER,-70,23,9997,2277,65828,44280,9205507,0,100,19,0,0,B0:CB:D8:C9:92:00,1,0,1,1E:01:D0:40:E0:9E,6,0,NONE,2026-08-05T00:51:44.841801
45917,BEACON,-85,8,0,218,64604,44280,9205630,0,100,19,0,0,B0:CB:D8:C9:92:00,1,0,0,1E:01:D0:40:E0:9E,6,0,NONE,2026-08-05T00:51:44.964801
45917,,-73,20,12516,144,64680,44280,9205821,0,100,19,0,0,B0:CB:D8:C9:92:00,1,0,1,1E:01:D0:40:E0:9E,6,0,NONE,2026-08-05T00:51:45.155801
45917,,-84,9,1303,669,64680,44280,9205875,0,100,19,0,0,B0:CB:D8:C9:92:00,1,0,0,1E:01:D0:40:E0:9E,6,0,NONE,2026-08-05T00:51:45.209801
45917,BEACON,-84,9,0,222,69024,44280,9206040,0,100,19,0,0,B0:CB:D8:C9:92:00,1,0,0,1E:01:D0:40:E0:9E,6,0,NONE,2026-08-05T00:51:45.374801
45917,,-70,23,13668,731,69020,44280,9206293,0,100,19,0,0,B0:CB:D8:C9:92:00,1,0,1,1E:01:D0:40:E0:9E,6,0,NONE,2026-08-05T00:51:45.627801
45917,,-71,22,232,2021,69020,44280,9206468,0,100,19,0,0,B0:CB:D8:C9:92:00,1,0,0,1E:01:D0:40:E0:9E,6,0,NONE,2026-08-05T00:51:45.802801
45917,,-84,9,562,537,69824,44280,9206555,0,100,19,0,0,B0:CB:D8:C9:92:00,1,0,0,1E:01:D0:40:E0:9E,6,0,NONE,2026-08-05T00:51:45.889801
45917,BEACON,-84,9,0,228,67896,44280,9206654,0,100,19,0,0,B0:CB:D8:C9:92:00,1,0,0,1E:01:D0:40:E0:9E,6,0,NONE,2026-08-05T00:51:45.988801
45917,MGMT_OTHER,-70,23,15905,1231,65832,44280,9206889,0,100,19,0,0,B0:CB:D8:C9:92:00,1,0,1,1E:01:D0:40:E0:9E,6,0,NONE,2026-08-05T00:51:46.223801
45917,PROBE_RESP,-64,29,3627,2528,65832,44280,9207190,0,100,19,0,0,B0:CB:D8:C9:92:00,1,0,1,1E:01:D0:40:E0:9E,6,0,NONE,2026-08-05T00:51:46.524801
45917,MGMT_OTHER,-72,21,230,1542,65832,44280,9207411,0,100,19,0,0,B0:CB:D8:C9:92:00,1,0,1,1E:01:D0:40:E0:9E,6,0,NONE,2026-08-05T00:51:46.745801
45917,,-50,43,1401,1974,65808,44280,9207576,0,100,19,0,0,B0:CB:D8:C9:92:00,1,0,1,1E:01:D0:40:E0:9E,6,0,NONE,2026-08-05T00:51:46.910801
45917,BEACON,-78,15,0,239,65832,44280,9207801,0,100,19,0,0,B0:CB:D8:C9:92:00,1,0,0,1E:01:D0:40:E0:9E,6,0,NONE,2026-08-05T00:51:47.135801
45917,BEACON,-80,13,0,241,65832,44280,9207988,0,100,19,0,0,B0:CB:D8:C9:92:00,1,0,0,1E:01:D0:40:E0:9E,6,0,NONE,2026-08-05T00:51:47.322801
45917,BEACON,-91,2,3203,3825,65832,44280,9208215,0,100,19,0,0,B0:CB:D8:C9:92:00,1,0,1,1E:01:D0:40:E0:9E,6,0,NONE,2026-08-05T00:51:47.549801
45917,,12,12,0,1023,65832,44280,9208399,0,100,19,0,0,B0:CB:D8:C9:92:00,1,0,1,1E:01:D0:40:E0:9E,6,0,NONE,2026-08-05T00:51:47.733801
45917,PROBE_RESP,-91,2,0,0,65832,44280,9208514,0,100,19,0,0,B0:CB:D8:C9:92:00,1,0,0,1E:01:D0:40:E0:9E,6,0,NONE,2026-08-05T00:51:47.848801
45917,PROBE_RESP,-84,9,1585,0,65832,44280,9208712,0,100,19,0,0,B0:CB:D8:C9:92:00,1,0,0,1E:01:D0:40:E0:9E,6,0,NONE,2026-08-05T00:51:48.046801
45917,BEACON,-46,47,133,3372,65832,44280,9208901,0,100,19,0,0,B0:CB:D8:C9:92:00,1,0,1,1E:01:D0:40:E0:9E,6,0,NONE,2026-08-05T00:51:48.235801
45917,MGMT_OTHER,-69,24,5432,1277,65832,44280,9209031,0,100,19,0,0,B0:CB:D8:C9:92:00,1,0,1,1E:01:D0:40:E0:9E,6,0,NONE,2026-08-05T00:51:48.365801
45917,MGMT_OTHER,-71,22,178,1561,65832,44280,9209137,0,100,19,0,0,B0:CB:D8:C9:92:00,1,0,1,1E:01:D0:40:E0:9E,6,0,NONE,2026-08-05T00:51:48.471801
45917,MGMT_OTHER,-72,21,3280,1708,65832,44280,9209396,0,100,19,0,0,B0:CB:D8:C9:92:00,1,0,1,1E:01:D0:40:E0:9E,6,0,NONE,2026-08-05T00:51:48.730801
45917,,-46,47,7683,3388,65832,44280,9209572,0,100,19,0,0,B0:CB:D8:C9:92:00,1,0,0,1E:01:D0:40:E0:9E,6,0,NONE,2026-08-05T00:51:48.906801
45917,BEACON,-46,47,265,3390,65832,44280,9209720,0,100,19,0,0,B0:CB:D8:C9:92:00,1,0,1,1E:01:D0:40:E0:9E,6,0,NONE,2026-08-05T00:51:49.054801
45917,BEACON,-89,4,0,2563,65832,44280,9210008,0,100,19,0,0,B0:CB:D8:C9:92:00,1,0,1,1E:01:D0:40:E0:9E,6,0,NONE,2026-08-05T00:51:49.342801
45917,MGMT_OTHER,-72,21,3888,2537,65832,44280,9210225,0,100,19,0,0,B0:CB:D8:C9:92:00,1,0,1,1E:01:D0:40:E0:9E,6,0,NONE,2026-08-05T00:51:49.559801
45917,MGMT_OTHER,-70,23,10243,517,65832,44280,9210353,0,100,19,0,0,B0:CB:D8:C9:92:00,1,0,1,1E:01:D0:40:E0:9E,6,0,NONE,2026-08-05T00:51:49.687801
45917,,-70,23,783,3088,65832,44280,9210479,0,100,19,0,0,B0:CB:D8:C9:92:00,1,0,1,1E:01:D0:40:E0:9E,6,0,NONE,2026-08-05T00:51:49.813801
45917,,-47,46,370,3403,65832,44280,9210684,0,100,19,0,0,B0:CB:D8:C9:92:00,1,0,0,1E:01:D0:40:E0:9E,6,0,NONE,2026-08-05T00:51:50.018801
45917,MGMT_OTHER,-70,23,1523,3880,65832,44280,9210853,0,100,19,0,0,B0:CB:D8:C9:92:00,1,0,1,1E:01:D0:40:E0:9E,6,0,NONE,2026-08-05T00:51:50.187801
45917,,-70,23,15714,2883,65832,44280,9211065,0,100,19,0,0,B0:CB:D8:C9:92:00,1,0,1,1E:01:D0:40:E0:9E,6,0,NONE,2026-08-05T00:51:50.399801
45917,MGMT_OTHER,-72,21,3668,3748,65832,44280,9211235,0,100,19,0,0,B0:CB:D8:C9:92:00,1,0,1,1E:01:D0:40:E0:9E,6,0,NONE,2026-08-05T00:51:50.569801
45917,MGMT_OTHER,-71,22,761,3407,65832,44280,9211450,0,100,19,0,0,B0:CB:D8:C9:92:00,1,0,1,1E:01:D0:40:E0:9E,6,0,NONE,2026-08-05T00:51:50.784801
45917,,-46,47,1491,1992,65832,44280,9211570,0,100,19,0,0,B0:CB:D8:C9:92:00,1,0,1,1E:01:D0:40:E0:9E,6,0,NONE,2026-08-05T00:51:50.904801
45917,BEACON,-83,10,9764,316,65832,44280,9211876,0,100,19,0,0,B0:CB:D8:C9:92:00,1,0,1,1E:01:D0:40:E0:9E,6,0,NONE,2026-08-05T00:51:51.210801
45917,,-47,46,197,1995,65836,44280,9212055,0,100,19,0,0,B0:CB:D8:C9:92:00,1,0,0,1E:01:D0:40:E0:9E,6,0,NONE,2026-08-05T00:51:51.389801
45917,BEACON,-46,47,1589,3426,65832,44280,9212181,0,100,19,0,0,B0:CB:D8:C9:92:00,1,0,1,1E:01:D0:40:E0:9E,6,0,NONE,2026-08-05T00:51:51.515801
45917,BEACON,-84,9,456,321,65832,44280,9212388,0,100,19,0,0,B0:CB:D8:C9:92:00,1,0,1,1E:01:D0:40:E0:9E,6,0,NONE,2026-08-05T00:51:51.722801
45917,,-71,22,1077,3068,65832,44280,9212571,0,100,19,0,0,B0:CB:D8:C9:92:00,1,0,1,1E:01:D0:40:E0:9E,6,0,NONE,2026-08-05T00:51:51.905801
45917,MGMT_OTHER,-69,24,5189,1215,65832,44280,9212830,0,100,19,0,0,B0:CB:D8:C9:92:00,1,0,1,1E:01:D0:40:E0:9E,6,0,NONE,2026-08-05T00:51:52.164801
45917,,-83,10,184,556,65832,44280,9213005,0,100,19,0,0,B0:CB:D8:C9:92:00,1,0,1,1E:01:D0:40:E0:9E,6,0,NONE,2026-08-05T00:51:52.339801
45917,BEACON,-63,30,4106,4094,65832,44280,9213181,0,100,19,0,0,B0:CB:D8:C9:92:00,1,0,1,1E:01:D0:40:E0:9E,6,0,NONE,2026-08-05T00:51:52.515801
45917,MGMT_OTHER,-67,26,2410,804,65832,44280,9213323,0,100,19,0,0,B0:CB:D8:C9:92:00,1,0,1,1E:01:D0:40:E0:9E,6,0,NONE,2026-08-05T00:51:52.657801
45917,MGMT_OTHER,-68,25,2707,1854,65832,44280,9213439,0,100,19,0,0,B0:CB:D8:C9:92:00,1,0,1,1E:01:D0:40:E0:9E,6,0,NONE,2026-08-05T00:51:52.773801
45917,MGMT_OTHER,-69,24,762,2396,65832,44280,9213552,0,100,19,0,0,B0:CB:D8:C9:92:00,1,0,1,1E:01:D0:40:E0:9E,6,0,NONE,2026-08-05T00:51:52.886801
45917,,-69,24,3546,4093,65832,44280,9213650,0,100,19,0,0,B0:CB:D8:C9:92:00,1,0,1,1E:01:D0:40:E0:9E,6,0,NONE,2026-08-05T00:51:52.984801
45917,MGMT_OTHER,-69,24,231,1962,65832,44280,9213743,0,100,19,0,0,B0:CB:D8:C9:92:00,1,0,1,1E:01:D0:40:E0:9E,6,0,NONE,2026-08-05T00:51:53.077801
45917,MGMT_OTHER,-70,23,1725,761,65832,44280,9213909,0,100,19,0,0,B0:CB:D8:C9:92:00,1,0,1,1E:01:D0:40:E0:9E,6,0,NONE,2026-08-05T00:51:53.243801
45917,MGMT_OTHER,-69,24,652,32,65832,44280,9213967,0,100,19,0,0,B0:CB:D8:C9:92:00,1,0,1,1E:01:D0:40:E0:9E,6,0,NONE,2026-08-05T00:51:53.301801
45917,,-68,25,6982,3229,65832,44280,9214074,0,100,19,0,0,B0:CB:D8:C9:92:00,1,0,1,1E:01:D0:40:E0:9E,6,0,NONE,2026-08-05T00:51:53.408801
45917,,-70,23,3064,1598,65832,44280,9214266,0,100,19,0,0,B0:CB:D8:C9:92:00,1,0,1,1E:01:D0:40:E0:9E,6,0,NONE,2026-08-05T00:51:53.600801
45917,,-66,27,1577,3461,65832,44280,9214461,0,100,19,0,0,B0:CB:D8:C9:92:00,1,0,1,1E:01:D0:40:E0:9E,6,0,NONE,2026-08-05T00:51:53.795801
45917,BEACON,-45,48,0,3459,65832,44280,9214636,0,100,19,0,0,B0:CB:D8:C9:92:00,1,0,1,1E:01:D0:40:E0:9E,6,0,NONE,2026-08-05T00:51:53.970801
45917,,-89,4,10368,2052,65832,44280,9214759,0,100,19,0,0,B0:CB:D8:C9:92:00,1,0,1,1E:01:D0:40:E0:9E,6,0,NONE,2026-08-05T00:51:54.093801
45917,,-48,45,4943,3464,65832,44280,9214964,0,100,19,0,0,B0:CB:D8:C9:92:00,1,0,0,1E:01:D0:40:E0:9E,6,0,NONE,2026-08-05T00:51:54.298801
45917,BEACON,-93,0,3822,3566,65832,44280,9215127,0,100,19,0,0,B0:CB:D8:C9:92:00,1,0,1,1E:01:D0:40:E0:9E,6,0,NONE,2026-08-05T00:51:54.461801
45917,MGMT_OTHER,-72,21,278,1908,65832,44280,9215269,0,100,19,0,0,B0:CB:D8:C9:92:00,1,0,1,1E:01:D0:40:E0:9E,6,0,NONE,2026-08-05T00:51:54.603801
45917,,-70,23,3075,3025,65832,44280,9215370,0,100,19,0,0,B0:CB:D8:C9:92:00,1,0,1,1E:01:D0:40:E0:9E,6,0,NONE,2026-08-05T00:51:54.704801
45917,,-70,23,334,499,65832,44280,9215488,0,100,19,0,0,B0:CB:D8:C9:92:00,1,0,1,1E:01:D0:40:E0:9E,6,0,NONE,2026-08-05T00:51:54.822801
45917,,-69,24,1437,3297,65832,44280,9215584,0,100,19,0,0,B0:CB:D8:C9:92:00,1,0,1,1E:01:D0:40:E0:9E,6,0,NONE,2026-08-05T00:51:54.918801
45917,,-90,3,2918,3588,65832,44280,9215844,0,100,19,0,0,B0:CB:D8:C9:92:00,1,0,1,1E:01:D0:40:E0:9E,6,0,NONE,2026-08-05T00:51:55.178801
45917,,-82,11,203,440,65832,44280,9215901,0,100,19,0,0,B0:CB:D8:C9:92:00,1,0,0,1E:01:D0:40:E0:9E,6,0,NONE,2026-08-05T00:51:55.235801
45917,,-72,21,280,2021,65832,44280,9215986,0,100,19,0,0,B0:CB:D8:C9:92:00,1,0,1,1E:01:D0:40:E0:9E,6,0,NONE,2026-08-05T00:51:55.320801
45917,BEACON,-64,29,12653,27,65832,44280,9216156,0,100,19,0,0,B0:CB:D8:C9:92:00,1,0,1,1E:01:D0:40:E0:9E,6,0,NONE,2026-08-05T00:51:55.490801
45917,,-70,23,175,973,65832,44280,9216291,0,100,19,0,0,B0:CB:D8:C9:92:00,1,0,1,1E:01:D0:40:E0:9E,6,0,NONE,2026-08-05T00:51:55.625801
45917,MGMT_OTHER,-71,22,401,1434,65832,44280,9216575,0,100,19,0,0,B0:CB:D8:C9:92:00,1,0,1,1E:01:D0:40:E0:9E,6,0,NONE,2026-08-05T00:51:55.909801
45917,MGMT_OTHER,-70,23,2693,3783,65832,44280,9216735,0,100,19,0,0,B0:CB:D8:C9:92:00,1,0,1,1E:01:D0:40:E0:9E,6,0,NONE,2026-08-05T00:51:56.069801
45917,MGMT_OTHER,-71,22,573,781,65832,44280,9216942,0,100,19,0,0,B0:CB:D8:C9:92:00,1,0,1,1E:01:D0:40:E0:9E,6,0,NONE,2026-08-05T00:51:56.276801
45917,,-68,25,3062,656,65832,44280,9217141,0,100,19,0,0,B0:CB:D8:C9:92:00,1,0,1,1E:01:D0:40:E0:9E,6,0,NONE,2026-08-05T00:51:56.475801
45917,BEACON,-79,14,0,332,65832,44280,9217305,0,100,19,0,0,B0:CB:D8:C9:92:00,1,0,0,1E:01:D0:40:E0:9E,6,0,NONE,2026-08-05T00:51:56.639801
45917,,-70,23,5223,355,65832,44280,9217431,0,100,19,0,0,B0:CB:D8:C9:92:00,1,0,1,1E:01:D0:40:E0:9E,6,0,NONE,2026-08-05T00:51:56.765801
45917,,-68,25,833,2348,65832,44280,9217557,0,100,19,0,0,B0:CB:D8:C9:92:00,1,0,1,1E:01:D0:40:E0:9E,6,0,NONE,2026-08-05T00:51:56.891801
45917,PROBE_RESP,-79,14,280,1,65832,44280,9217740,0,100,19,0,0,B0:CB:D8:C9:92:00,1,0,0,1E:01:D0:40:E0:9E,6,0,NONE,2026-08-05T00:51:57.074801
45917,,-72,21,390,2551,65832,44280,9217902,0,100,19,0,0,B0:CB:D8:C9:92:00,1,0,1,1E:01:D0:40:E0:9E,6,0,NONE,2026-08-05T00:51:57.236801
45917,MGMT_OTHER,-72,21,227,1738,65832,44280,9218110,0,100,19,0,0,B0:CB:D8:C9:92:00,1,0,1,1E:01:D0:40:E0:9E,6,0,NONE,2026-08-05T00:51:57.444801
45917,,-70,23,6000,1377,65832,44280,9218323,0,100,19,0,0,B0:CB:D8:C9:92:00,1,0,1,1E:01:D0:40:E0:9E,6,0,NONE,2026-08-05T00:51:57.657801
45917,MGMT_OTHER,-70,23,469,1004,65832,44280,9218478,0,100,19,0,0,B0:CB:D8:C9:92:00,1,0,1,1E:01:D0:40:E0:9E,6,0,NONE,2026-08-05T00:51:57.812801
45917,,-70,23,101,0,65832,44280,9218615,0,100,19,0,0,B0:CB:D8:C9:92:00,1,0,1,1E:01:D0:40:E0:9E,6,0,NONE,2026-08-05T00:51:57.949801
45917,MGMT_OTHER,-70,23,1399,1190,65832,44280,9218814,0,100,19,0,0,B0:CB:D8:C9:92:00,1,0,1,1E:01:D0:40:E0:9E,6,0,NONE,2026-08-05T00:51:58.148801
45917,PROBE_RESP,-91,2,18224,3,65832,44280,9218973,0,100,19,0,0,B0:CB:D8:C9:92:00,1,0,0,1E:01:D0:40:E0:9E,6,0,NONE,2026-08-05T00:51:58.307801
45917,,-81,12,167,701,65832,44280,9219150,0,100,19,0,0,B0:CB:D8:C9:92:00,1,0,1,1E:01:D0:40:E0:9E,6,0,NONE,2026-08-05T00:51:58.484801
45917,MGMT_OTHER,-70,23,648,2784,65832,44280,9219279,0,100,19,0,0,B0:CB:D8:C9:92:00,1,0,1,1E:01:D0:40:E0:9E,6,0,NONE,2026-08-05T00:51:58.613801
45917,,-69,24,357,2038,65832,44280,9219381,0,100,19,0,0,B0:CB:D8:C9:92:00,1,0,1,1E:01:D0:40:E0:9E,6,0,NONE,2026-08-05T00:51:58.715801
45917,,13,13,0,1023,65832,44280,9219461,0,100,19,0,0,B0:CB:D8:C9:92:00,1,0,1,1E:01:D0:40:E0:9E,6,0,NONE,2026-08-05T00:51:58.795801
45917,BEACON,-79,14,0,354,65832,44280,9219558,0,100,19,0,0,B0:CB:D8:C9:92:00,1,0,0,1E:01:D0:40:E0:9E,6,0,NONE,2026-08-05T00:51:58.892801
45917,,-49,44,162,2038,65832,44280,9219660,0,100,19,0,0,B0:CB:D8:C9:92:00,1,0,0,1E:01:D0:40:E0:9E,6,0,NONE,2026-08-05T00:51:58.994801
45917,MGMT_OTHER,-71,22,15106,428,65832,44280,9219861,0,100,19,0,0,B0:CB:D8:C9:92:00,1,0,1,1E:01:D0:40:E0:9E,6,0,NONE,2026-08-05T00:51:59.195801
45917,MGMT_OTHER,-70,23,818,686,65832,44280,9220087,0,100,19,0,0,B0:CB:D8:C9:92:00,1,0,1,1E:01:D0:40:E0:9E,6,0,NONE,2026-08-05T00:51:59.421801
45917,PROBE_RESP,-80,13,0,0,65832,44280,9220241,0,100,19,0,0,B0:CB:D8:C9:92:00,1,0,0,1E:01:D0:40:E0:9E,6,0,NONE,2026-08-05T00:51:59.575801
45917,,-83,10,878,580,65832,44280,9220380,0,100,19,0,0,B0:CB:D8:C9:92:00,1,0,0,1E:01:D0:40:E0:9E,6,0,NONE,2026-08-05T00:51:59.714801
45917,MGMT_OTHER,-69,24,405,3092,65832,44280,9220473,0,100,19,0,0,B0:CB:D8:C9:92:00,1,0,1,1E:01:D0:40:E0:9E,6,0,NONE,2026-08-05T00:51:59.807801
45917,MGMT_OTHER,-69,24,6701,1784,65832,44280,9220650,0,100,19,0,0,B0:CB:D8:C9:92:00,1,0,1,1E:01:D0:40:E0:9E,6,0,NONE,2026-08-05T00:51:59.984801
45917,MGMT_OTHER,-70,23,3491,2808,65832,44280,9220867,0,100,19,0,0,B0:CB:D8:C9:92:00,1,0,1,1E:01:D0:40:E0:9E,6,0,NONE,2026-08-05T00:52:00.201801
45917,MGMT_OTHER,-69,24,2384,369,65832,44280,9221020,0,100,19,0,0,B0:CB:D8:C9:92:00,1,0,1,1E:01:D0:40:E0:9E,6,0,NONE,2026-08-05T00:52:00.354801
45917,,-70,23,19255,980,65832,44280,9221229,0,100,19,0,0,B0:CB:D8:C9:92:00,1,0,1,1E:01:D0:40:E0:9E,6,0,NONE,2026-08-05T00:52:00.563801
45917,,-70,23,835,674,65832,44280,9221320,0,100,19,0,0,B0:CB:D8:C9:92:00,1,0,1,1E:01:D0:40:E0:9E,6,0,NONE,2026-08-05T00:52:00.654801
45917,MGMT_OTHER,-70,23,463,677,65832,44280,9221399,0,100,19,0,0,B0:CB:D8:C9:92:00,1,0,1,1E:01:D0:40:E0:9E,6,0,NONE,2026-08-05T00:52:00.733801
45917,,-70,23,541,2661,65832,44280,9221439,0,100,19,0,0,B0:CB:D8:C9:92:00,1,0,1,1E:01:D0:40:E0:9E,6,0,NONE,2026-08-05T00:52:00.773801
45917,MGMT_OTHER,-70,23,429,1410,65832,44280,9221604,0,100,19,0,0,B0:CB:D8:C9:92:00,1,0,1,1E:01:D0:40:E0:9E,6,0,NONE,2026-08-05T00:52:00.938801
45917,BEACON,-46,47,6991,3562,65832,44280,9221702,0,100,19,0,0,B0:CB:D8:C9:92:00,1,0,0,1E:01:D0:40:E0:9E,6,0,NONE,2026-08-05T00:52:01.036801
45917,,-81,12,154,206,65832,44280,9221811,0,100,19,0,0,B0:CB:D8:C9:92:00,1,0,1,1E:01:D0:40:E0:9E,6,0,NONE,2026-08-05T00:52:01.145801
45917,MGMT_OTHER,-70,23,5452,2928,65832,44280,9222035,0,100,19,0,0,B0:CB:D8:C9:92:00,1,0,1,1E:01:D0:40:E0:9E,6,0,NONE,2026-08-05T00:52:01.369801
45917,PROBE_RESP,-76,17,2735,1,65832,44280,9222224,0,100,19,0,0,B0:CB:D8:C9:92:00,1,0,0,1E:01:D0:40:E0:9E,6,0,NONE,2026-08-05T00:52:01.558801
45917,BEACON,-83,10,8738,419,65832,44280,9222424,0,100,19,0,0,B0:CB:D8:C9:92:00,1,0,1,1E:01:D0:40:E0:9E,6,0,NONE,2026-08-05T00:52:01.758801
45917,BEACON,-77,16,0,384,65744,44280,9222630,0,100,19,0,0,B0:CB:D8:C9:92:00,1,0,0,1E:01:D0:40:E0:9E,6,0,NONE,2026-08-05T00:52:01.964801
45917,MGMT_OTHER,-73,20,818,630,65832,44280,9222829,0,100,19,0,0,B0:CB:D8:C9:92:00,1,0,1,1E:01:D0:40:E0:9E,6,0,NONE,2026-08-05T00:52:02.163801
45917,MGMT_OTHER,-70,23,339,3868,65832,44280,9223016,0,100,19,0,0,B0:CB:D8:C9:92:00,1,0,1,1E:01:D0:40:E0:9E,6,0,NONE,2026-08-05T00:52:02.350801
45917,MGMT_OTHER,-69,24,1266,1706,65832,44280,9223135,0,100,19,0,0,B0:CB:D8:C9:92:00,1,0,1,1E:01:D0:40:E0:9E,6,0,NONE,2026-08-05T00:52:02.469801
45917,MGMT_OTHER,-72,21,652,65,65832,44280,9223248,0,100,19,0,0,B0:CB:D8:C9:92:00,1,0,1,1E:01:D0:40:E0:9E,6,0,NONE,2026-08-05T00:52:02.582801
45917,MGMT_OTHER,-72,21,3037,3292,65832,44280,9223331,0,100,19,0,0,B0:CB:D8:C9:92:00,1,0,1,1E:01:D0:40:E0:9E,6,0,NONE,2026-08-05T00:52:02.665801
45917,,-69,24,610,37,65808,44280,9223430,0,100,19,0,0,B0:CB:D8:C9:92:00,1,0,1,1E:01:D0:40:E0:9E,6,0,NONE,2026-08-05T00:52:02.764801
45917,,-68,25,8207,745,65832,44280,9223486,0,100,19,0,0,B0:CB:D8:C9:92:00,1,0,1,1E:01:D0:40:E0:9E,6,0,NONE,2026-08-05T00:52:02.820801
45917,MGMT_OTHER,-73,20,1420,630,65832,44280,9223654,0,100,19,0,0,B0:CB:D8:C9:92:00,1,0,1,1E:01:D0:40:E0:9E,6,0,NONE,2026-08-05T00:52:02.988801
45917,BEACON,-87,6,151,2698,65832,44280,9223833,0,100,19,0,0,B0:CB:D8:C9:92:00,1,0,1,1E:01:D0:40:E0:9E,6,0,NONE,2026-08-05T00:52:03.167801
45917,MGMT_OTHER,-68,25,578,1881,65832,44280,9224077,0,100,19,0,0,B0:CB:D8:C9:92:00,1,0,1,1E:01:D0:40:E0:9E,6,0,NONE,2026-08-05T00:52:03.411801
45917,,-69,24,1493,3918,65832,44280,9224273,0,100,19,0,0,B0:CB:D8:C9:92:00,1,0,1,1E:01:D0:40:E0:9E,6,0,NONE,2026-08-05T00:52:03.607801
45917,,-71,22,401,687,65832,44280,9224551,0,100,19,0,0,B0:CB:D8:C9:92:00,1,0,1,1E:01:D0:40:E0:9E,6,0,NONE,2026-08-05T00:52:03.885801
45917,BEACON,-83,10,1171,442,65832,44280,9224779,0,100,19,0,0,B0:CB:D8:C9:92:00,1,0,1,1E:01:D0:40:E0:9E,6,0,NONE,2026-08-05T00:52:04.113801
45917,,-91,2,1384,3439,65832,44280,9225003,0,100,19,0,0,B0:CB:D8:C9:92:00,1,0,1,1E:01:D0:40:E0:9E,6,0,NONE,2026-08-05T00:52:04.337801
45917,,-92,1,20693,1987,65832,44280,9225236,0,100,19,0,0,B0:CB:D8:C9:92:00,1,0,1,1E:01:D0:40:E0:9E,6,0,NONE,2026-08-05T00:52:04.570801
45917,MGMT_OTHER,-70,23,4138,2395,65832,44280,9225387,0,100,19,0,0,B0:CB:D8:C9:92:00,1,0,1,1E:01:D0:40:E0:9E,6,0,NONE,2026-08-05T00:52:04.721801
45917,MGMT_OTHER,-75,18,1903,1362,65832,44280,9225584,0,100,19,0,0,B0:CB:D8:C9:92:00,1,0,1,1E:01:D0:40:E0:9E,6,0,NONE,2026-08-05T00:52:04.918801
45917,BEACON,-81,12,0,414,65832,44280,9225702,0,100,19,0,0,B0:CB:D8:C9:92:00,1,0,0,1E:01:D0:40:E0:9E,6,0,NONE,2026-08-05T00:52:05.036801
45917,MGMT_OTHER,-73,20,610,1085,65832,44280,9225894,0,100,19,0,0,B0:CB:D8:C9:92:00,1,0,1,1E:01:D0:40:E0:9E,6,0,NONE,2026-08-05T00:52:05.228801
45917,,-56,37,0,3629,65832,44280,9225945,0,100,19,0,0,B0:CB:D8:C9:92:00,1,0,0,1E:01:D0:40:E0:9E,6,0,NONE,2026-08-05T00:52:05.279801
45917,,-48,45,31400,3640,65832,44280,9226077,0,100,19,0,0,B0:CB:D8:C9:92:00,1,0,0,1E:01:D0:40:E0:9E,6,0,NONE,2026-08-05T00:52:05.411801
45917,MGMT_OTHER,-95,-2,10494,1399,65832,44280,9226336,0,100,19,0,0,B0:CB:D8:C9:92:00,1,0,1,1E:01:D0:40:E0:9E,6,0,NONE,2026-08-05T00:52:05.670801
45917,,-47,46,22164,2089,65832,44280,9226687,0,100,19,0,0,B0:CB:D8:C9:92:00,1,0,1,1E:01:D0:40:E0:9E,6,0,NONE,2026-08-05T00:52:06.021801
45917,BEACON,-79,14,0,426,65832,44280,9226931,0,100,19,0,0,B0:CB:D8:C9:92:00,1,0,0,1E:01:D0:40:E0:9E,6,0,NONE,2026-08-05T00:52:06.265801
45917,,-90,3,4597,2240,65832,44280,9227210,0,100,19,0,0,B0:CB:D8:C9:92:00,1,0,1,1E:01:D0:40:E0:9E,6,0,NONE,2026-08-05T00:52:06.544801
45917,PROBE_RESP,-92,1,3057,1,65832,44280,9227334,0,100,19,0,0,B0:CB:D8:C9:92:00,1,0,1,1E:01:D0:40:E0:9E,6,0,NONE,2026-08-05T00:52:06.668801
45917,MGMT_OTHER,-70,23,760,1499,65832,44280,9227384,0,100,19,0,0,B0:CB:D8:C9:92:00,1,0,1,1E:01:D0:40:E0:9E,6,0,NONE,2026-08-05T00:52:06.718801
45917,MGMT_OTHER,-70,23,2071,458,65832,44280,9227521,0,100,19,0,0,B0:CB:D8:C9:92:00,1,0,1,1E:01:D0:40:E0:9E,6,0,NONE,2026-08-05T00:52:06.855801
45917,BEACON,-66,27,10465,139,65832,44280,9227620,0,100,19,0,0,B0:CB:D8:C9:92:00,1,0,1,1E:01:D0:40:E0:9E,6,0,NONE,2026-08-05T00:52:06.954801
45917,,-47,46,6714,1112,65596,44280,9227739,0,100,19,0,0,B0:CB:D8:C9:92:00,1,0,1,1E:01:D0:40:E0:9E,6,0,NONE,2026-08-05T00:52:07.073801
45917,MGMT_OTHER,-70,23,14895,3001,65832,44280,9228016,0,100,19,0,0,B0:CB:D8:C9:92:00,1,0,1,1E:01:D0:40:E0:9E,6,0,NONE,2026-08-05T00:52:07.350801
45917,MGMT_OTHER,-70,23,248,3263,65832,44280,9228276,0,100,19,0,0,B0:CB:D8:C9:92:00,1,0,1,1E:01:D0:40:E0:9E,6,0,NONE,2026-08-05T00:52:07.610801
45917,MGMT_OTHER,-70,23,3338,1230,65832,44280,9228465,0,100,19,0,0,B0:CB:D8:C9:92:00,1,0,1,1E:01:D0:40:E0:9E,6,0,NONE,2026-08-05T00:52:07.799801
45917,,-92,1,7852,239,65832,44280,9228660,0,100,19,0,0,B0:CB:D8:C9:92:00,1,0,1,1E:01:D0:40:E0:9E,6,0,NONE,2026-08-05T00:52:07.994801
45917,,-73,20,465,308,65832,44280,9228855,0,100,19,0,0,B0:CB:D8:C9:92:00,1,0,1,1E:01:D0:40:E0:9E,6,0,NONE,2026-08-05T00:52:08.189801
45917,,-49,44,1401,2100,65832,44280,9229081,0,100,19,0,0,B0:CB:D8:C9:92:00,1,0,1,1E:01:D0:40:E0:9E,6,0,NONE,2026-08-05T00:52:08.415801
45917,,-72,21,678,3579,65832,44280,9229280,0,100,19,0,0,B0:CB:D8:C9:92:00,1,0,1,1E:01:D0:40:E0:9E,6,0,NONE,2026-08-05T00:52:08.614801
45917,,-71,22,829,442,65832,44280,9229369,0,100,19,0,0,B0:CB:D8:C9:92:00,1,0,1,1E:01:D0:40:E0:9E,6,0,NONE,2026-08-05T00:52:08.703801
45917,MGMT_OTHER,-70,23,1679,3617,65836,44280,9229435,0,100,19,0,0,B0:CB:D8:C9:92:00,1,0,1,1E:01:D0:40:E0:9E,6,0,NONE,2026-08-05T00:52:08.769801
45917,,-72,21,225,4035,65836,44280,9229502,0,100,19,0,0,B0:CB:D8:C9:92:00,1,0,1,1E:01:D0:40:E0:9E,6,0,NONE,2026-08-05T00:52:08.835811
45917,MGMT_OTHER,-68,25,2236,1413,65836,44280,9229639,0,100,19,0,0,B0:CB:D8:C9:92:00,1,0,1,1E:01:D0:40:E0:9E,6,0,NONE,2026-08-05T00:52:08.972811
45917,MGMT_OTHER,-72,21,791,4004,65832,44280,9229817,0,100,19,0,0,B0:CB:D8:C9:92:00,1,0,1,1E:01:D0:40:E0:9E,6,0,NONE,2026-08-05T00:52:09.150811
45917,,-71,22,482,3809,65832,44280,9230000,0,100,19,0,0,B0:CB:D8:C9:92:00,1,0,1,1E:01:D0:40:E0:9E,6,0,NONE,2026-08-05T00:52:09.333811
45917,,-71,22,302,518,65832,44280,9230194,0,100,19,0,0,B0:CB:D8:C9:92:00,1,0,1,1E:01:D0:40:E0:9E,6,0,NONE,2026-08-05T00:52:09.527811
45917,MGMT_OTHER,-70,23,1410,67,65832,44280,9230351,0,100,19,0,0,B0:CB:D8:C9:92:00,1,0,1,1E:01:D0:40:E0:9E,6,0,NONE,2026-08-05T00:52:09.684811
45917,MGMT_OTHER,-69,24,536,1852,65832,44280,9230540,0,100,19,0,0,B0:CB:D8:C9:92:00,1,0,1,1E:01:D0:40:E0:9E,6,0,NONE,2026-08-05T00:52:09.873811
45917,MGMT_OTHER,-69,24,804,1571,65832,44280,9230764,0,100,19,0,0,B0:CB:D8:C9:92:00,1,0,1,1E:01:D0:40:E0:9E,6,0,NONE,2026-08-05T00:52:10.097811
45917,MGMT_OTHER,-71,22,1865,3657,65832,44280,9230959,0,100,19,0,0,B0:CB:D8:C9:92:00,1,0,1,1E:01:D0:40:E0:9E,6,0,NONE,2026-08-05T00:52:10.292811
45917,MGMT_OTHER,-72,21,6951,3945,65832,44280,9231162,0,100,19,0,0,B0:CB:D8:C9:92:00,1,0,1,1E:01:D0:40:E0:9E,6,0,NONE,2026-08-05T00:52:10.495811
45917,MGMT_OTHER,-69,24,459,2505,65832,44280,9231267,0,100,19,0,0,B0:CB:D8:C9:92:00,1,0,1,1E:01:D0:40:E0:9E,6,0,NONE,2026-08-05T00:52:10.600811
45917,,-71,22,507,884,65832,44280,9231366,0,100,19,0,0,B0:CB:D8:C9:92:00,1,0,1,1E:01:D0:40:E0:9E,6,0,NONE,2026-08-05T00:52:10.699811
45917,BEACON,-88,5,0,2773,65832,44280,9231512,0,100,19,0,0,B0:CB:D8:C9:92:00,1,0,1,1E:01:D0:40:E0:9E,6,0,NONE,2026-08-05T00:52:10.845811
45917,,-47,46,116,2799,65832,44280,9231585,0,100,19,0,0,B0:CB:D8:C9:92:00,1,0,1,1E:01:D0:40:E0:9E,6,0,NONE,2026-08-05T00:52:10.918811
45917,MGMT_OTHER,-69,24,4756,2857,65832,44280,9231748,0,100,19,0,0,B0:CB:D8:C9:92:00,1,0,1,1E:01:D0:40:E0:9E,6,0,NONE,2026-08-05T00:52:11.081811
45917,BEACON,-81,12,0,476,65832,44280,9232051,0,100,19,0,0,B0:CB:D8:C9:92:00,1,0,0,1E:01:D0:40:E0:9E,6,0,NONE,2026-08-05T00:52:11.384811
45917,PROBE_RESP,-61,32,0,2122,65832,44280,9232306,0,100,19,0,0,B0:CB:D8:C9:92:00,1,0,1,1E:01:D0:40:E0:9E,6,0,NONE,2026-08-05T00:52:11.639811
45917,,-47,46,901,2124,65832,44280,9232415,0,100,19,0,0,B0:CB:D8:C9:92:00,1,0,0,1E:01:D0:40:E0:9E,6,0,NONE,2026-08-05T00:52:11.748811
45917,MGMT_OTHER,-69,24,582,206,65832,44280,9232668,0,100,19,0,0,B0:CB:D8:C9:92:00,1,0,1,1E:01:D0:40:E0:9E,6,0,NONE,2026-08-05T00:52:12.001811
45917,,-69,24,1190,2760,65832,44280,9233019,0,100,19,0,0,B0:CB:D8:C9:92:00,1,0,1,1E:01:D0:40:E0:9E,6,0,NONE,2026-08-05T00:52:12.352811
45917,MGMT_OTHER,-69,24,564,1786,65832,44280,9233222,0,100,19,0,0,B0:CB:D8:C9:92:00,1,0,1,1E:01:D0:40:E0:9E,6,0,NONE,2026-08-05T00:52:12.555811
45917,MGMT_OTHER,-68,25,898,1689,65832,44280,9233363,0,100,19,0,0,B0:CB:D8:C9:92:00,1,0,1,1E:01:D0:40:E0:9E,6,0,NONE,2026-08-05T00:52:12.696811
45917,MGMT_OTHER,-69,24,608,1259,65832,44280,9233428,0,100,19,0,0,B0:CB:D8:C9:92:00,1,0,1,1E:01:D0:40:E0:9E,6,0,NONE,2026-08-05T00:52:12.761811
45917,MGMT_OTHER,-69,24,650,2766,65832,44280,9233668,0,100,19,0,0,B0:CB:D8:C9:92:00,1,0,1,1E:01:D0:40:E0:9E,6,0,NONE,2026-08-05T00:52:13.001811
45917,MGMT_OTHER,-69,24,411,248,65832,44280,9233872,0,100,19,0,0,B0:CB:D8:C9:92:00,1,0,1,1E:01:D0:40:E0:9E,6,0,NONE,2026-08-05T00:52:13.205811
45917,MGMT_OTHER,-69,24,1631,2115,65832,44280,9234096,0,100,19,0,0,B0:CB:D8:C9:92:00,1,0,1,1E:01:D0:40:E0:9E,6,0,NONE,2026-08-05T00:52:13.429811
45917,BEACON,-46,47,0,3767,65736,44280,9234298,0,100,19,0,0,B0:CB:D8:C9:92:00,1,0,1,1E:01:D0:40:E0:9E,6,0,NONE,2026-08-05T00:52:13.631811
45917,MGMT_OTHER,-69,24,266,2610,65832,44280,9234635,0,100,19,0,0,B0:CB:D8:C9:92:00,1,0,1,1E:01:D0:40:E0:9E,6,0,NONE,2026-08-05T00:52:13.968811
45917,,-70,23,380,1534,65832,44280,9234855,0,100,19,0,0,B0:CB:D8:C9:92:00,1,0,1,1E:01:D0:40:E0:9E,6,0,NONE,2026-08-05T00:52:14.188811
45917,,-72,21,583,46,65832,44280,9235103,0,100,19,0,0,B0:CB:D8:C9:92:00,1,0,1,1E:01:D0:40:E0:9E,6,0,NONE,2026-08-05T00:52:14.436811
45917,MGMT_OTHER,-74,19,3018,1972,65832,44280,9235307,0,100,19,0,0,B0:CB:D8:C9:92:00,1,0,1,1E:01:D0:40:E0:9E,6,0,NONE,2026-08-05T00:52:14.640811
45917,MGMT_OTHER,-73,20,12837,2593,65832,44280,9235418,0,100,19,0,0,B0:CB:D8:C9:92:00,1,0,1,1E:01:D0:40:E0:9E,6,0,NONE,2026-08-05T00:52:14.751811
45917,MGMT_OTHER,-71,22,411,3305,65832,44280,9235476,0,100,19,0,0,B0:CB:D8:C9:92:00,1,0,1,1E:01:D0:40:E0:9E,6,0,NONE,2026-08-05T00:52:14.809811
45917,BEACON,-65,28,15542,217,65832,44280,9235608,0,100,19,0,0,B0:CB:D8:C9:92:00,1,0,1,1E:01:D0:40:E0:9E,6,0,NONE,2026-08-05T00:52:14.941811
45917,MGMT_OTHER,-72,21,476,1301,65832,44280,9235674,0,100,19,0,0,B0:CB:D8:C9:92:00,1,0,1,1E:01:D0:40:E0:9E,6,0,NONE,2026-08-05T00:52:15.007811
45917,MGMT_OTHER,-68,25,558,2535,65628,44280,9235950,0,100,19,0,0,B0:CB:D8:C9:92:00,1,0,1,1E:01:D0:40:E0:9E,6,0,NONE,2026-08-05T00:52:15.283811
45917,,-73,20,484,1713,65832,44280,9236175,0,100,19,0,0,B0:CB:D8:C9:92:00,1,0,1,1E:01:D0:40:E0:9E,6,0,NONE,2026-08-05T00:52:15.508811
45917,BEACON,-93,0,1478,3773,65832,44280,9236318,0,100,19,0,0,B0:CB:D8:C9:92:00,1,0,1,1E:01:D0:40:E0:9E,6,0,NONE,2026-08-05T00:52:15.651811
45917,,-89,4,21790,3400,65832,44280,9236587,0,100,19,0,0,B0:CB:D8:C9:92:00,1,0,1,1E:01:D0:40:E0:9E,6,0,NONE,2026-08-05T00:52:15.920811
45917,PROBE_RESP,-61,32,18895,2152,65832,44280,9236813,0,100,19,0,0,B0:CB:D8:C9:92:00,1,0,0,1E:01:D0:40:E0:9E,6,0,NONE,2026-08-05T00:52:16.146811
45917,,-48,45,1401,2154,65832,44280,9236967,0,100,19,0,0,B0:CB:D8:C9:92:00,1,0,1,1E:01:D0:40:E0:9E,6,0,NONE,2026-08-05T00:52:16.300811
45917,PROBE_RESP,-89,4,87,3,65832,44280,9237072,0,100,19,0,0,B0:CB:D8:C9:92:00,1,0,1,1E:01:D0:40:E0:9E,6,0,NONE,2026-08-05T00:52:16.405811
45917,MGMT_OTHER,-70,23,293,3641,65832,44280,9237149,0,100,19,0,0,B0:CB:D8:C9:92:00,1,0,1,1E:01:D0:40:E0:9E,6,0,NONE,2026-08-05T00:52:16.482811
45917,,-70,23,1196,2497,65832,44280,9237276,0,100,19,0,0,B0:CB:D8:C9:92:00,1,0,1,1E:01:D0:40:E0:9E,6,0,NONE,2026-08-05T00:52:16.609811
45917,,-69,24,268,2870,65832,44280,9237313,0,100,19,0,0,B0:CB:D8:C9:92:00,1,0,1,1E:01:D0:40:E0:9E,6,0,NONE,2026-08-05T00:52:16.646811
45917,MGMT_OTHER,-69,24,628,743,65832,44280,9237379,0,100,19,0,0,B0:CB:D8:C9:92:00,1,0,0,1E:01:D0:40:E0:9E,6,0,NONE,2026-08-05T00:52:16.712811
45917,,-71,22,1600,1816,65832,44280,9237483,0,100,19,0,0,B0:CB:D8:C9:92:00,1,0,1,1E:01:D0:40:E0:9E,6,0,NONE,2026-08-05T00:52:16.816811
45917,,-70,23,1149,3066,65832,44280,9237618,0,100,19,0,0,B0:CB:D8:C9:92:00,1,0,1,1E:01:D0:40:E0:9E,6,0,NONE,2026-08-05T00:52:16.951811
45917,MGMT_OTHER,-71,22,271,2807,65832,44280,9237763,0,100,19,0,0,B0:CB:D8:C9:92:00,1,0,1,1E:01:D0:40:E0:9E,6,0,NONE,2026-08-05T00:52:17.096811
45917,BEACON,-63,30,32264,240,65832,44280,9237963,0,100,19,0,0,B0:CB:D8:C9:92:00,1,0,1,1E:01:D0:40:E0:9E,6,0,NONE,2026-08-05T00:52:17.296811
45917,,-71,22,7044,3174,65832,44280,9238090,0,100,19,0,0,B0:CB:D8:C9:92:00,1,0,1,1E:01:D0:40:E0:9E,6,0,NONE,2026-08-05T00:52:17.423811
45917,MGMT_OTHER,-71,22,438,366,65832,44280,9238292,0,100,19,0,0,B0:CB:D8:C9:92:00,1,0,1,1E:01:D0:40:E0:9E,6,0,NONE,2026-08-05T00:52:17.625811
45917,BEACON,-69,24,1031,2271,65832,44280,9238483,0,100,19,0,0,B0:CB:D8:C9:92:00,1,0,1,1E:01:D0:40:E0:9E,6,0,NONE,2026-08-05T00:52:17.816811
45917,,-72,21,347,450,65832,44280,9238733,0,100,19,0,0,B0:CB:D8:C9:92:00,1,0,1,1E:01:D0:40:E0:9E,6,0,NONE,2026-08-05T00:52:18.066811
45917,PROBE_RESP,-89,4,0,0,65832,44280,9238953,0,100,19,0,0,B0:CB:D8:C9:92:00,1,0,0,1E:01:D0:40:E0:9E,6,0,NONE,2026-08-05T00:52:18.286811
45917,MGMT_OTHER,-70,23,2205,672,65832,44280,9239151,0,100,19,0,0,B0:CB:D8:C9:92:00,1,0,1,1E:01:D0:40:E0:9E,6,0,NONE,2026-08-05T00:52:18.484811
45917,,-91,2,5940,1139,65832,44280,9239294,0,100,19,0,0,B0:CB:D8:C9:92:00,1,0,1,1E:01:D0:40:E0:9E,6,0,NONE,2026-08-05T00:52:18.627811
45917,,-70,23,827,1964,65832,44280,9239347,0,100,19,0,0,B0:CB:D8:C9:92:00,1,0,1,1E:01:D0:40:E0:9E,6,0,NONE,2026-08-05T00:52:18.680811
45917,,-72,21,1290,1738,65832,44280,9239502,0,100,19,0,0,B0:CB:D8:C9:92:00,1,0,1,1E:01:D0:40:E0:9E,6,0,NONE,2026-08-05T00:52:18.835811
45917,BEACON,-84,9,0,550,65832,44280,9239629,0,100,19,0,0,B0:CB:D8:C9:92:00,1,0,0,1E:01:D0:40:E0:9E,6,0,NONE,2026-08-05T00:52:18.962811
45917,MGMT_OTHER,-71,22,3213,330,65832,44280,9239866,0,100,19,0,0,B0:CB:D8:C9:92:00,1,0,1,1E:01:D0:40:E0:9E,6,0,NONE,2026-08-05T00:52:19.199811
45917,MGMT_OTHER,-69,24,17738,3906,65832,44280,9240157,0,100,19,0,0,B0:CB:D8:C9:92:00,1,0,1,1E:01:D0:40:E0:9E,6,0,NONE,2026-08-05T00:52:19.490811
45917,MGMT_OTHER,-68,25,1367,3071,65832,44280,9240356,0,100,19,0,0,B0:CB:D8:C9:92:00,1,0,1,1E:01:D0:40:E0:9E,6,0,NONE,2026-08-05T00:52:19.689811
45917,PROBE_RESP,-90,3,0,0,65832,44280,9240595,0,100,19,0,0,B0:CB:D8:C9:92:00,1,0,0,1E:01:D0:40:E0:9E,6,0,NONE,2026-08-05T00:52:19.928811
45917,BEACON,-83,10,12270,598,65832,44280,9240755,0,100,19,0,0,B0:CB:D8:C9:92:00,1,0,1,1E:01:D0:40:E0:9E,6,0,NONE,2026-08-05T00:52:20.088811
45917,,-70,23,48,3862,64100,44280,9240983,0,100,19,0,0,B0:CB:D8:C9:92:00,1,0,0,1E:01:D0:40:E0:9E,6,0,NONE,2026-08-05T00:52:20.316811
45917,,-73,20,518,2315,65832,44280,9241264,0,100,19,0,0,B0:CB:D8:C9:92:00,1,0,1,1E:01:D0:40:E0:9E,6,0,NONE,2026-08-05T00:52:20.597811
45917,,-74,19,754,2200,65832,44280,9241345,0,100,19,0,0,B0:CB:D8:C9:92:00,1,0,1,1E:01:D0:40:E0:9E,6,0,NONE,2026-08-05T00:52:20.678811
45917,MGMT_OTHER,-75,18,13822,1181,65832,44280,9241472,0,100,19,0,0,B0:CB:D8:C9:92:00,1,0,1,1E:01:D0:40:E0:9E,6,0,NONE,2026-08-05T00:52:20.805811
45917,,11,11,0,1023,65832,44280,9241583,0,100,19,0,0,B0:CB:D8:C9:92:00,1,0,1,1E:01:D0:40:E0:9E,6,0,NONE,2026-08-05T00:52:20.916811
45917,MGMT_OTHER,-68,25,959,854,65832,44280,9241706,0,100,19,0,0,B0:CB:D8:C9:92:00,1,0,1,1E:01:D0:40:E0:9E,6,0,NONE,2026-08-05T00:52:21.039811
45917,MGMT_OTHER,-74,19,2330,1025,65832,44280,9241784,0,100,19,0,0,B0:CB:D8:C9:92:00,1,0,1,1E:01:D0:40:E0:9E,6,0,NONE,2026-08-05T00:52:21.117811
45917,MGMT_OTHER,-69,24,420,3139,65832,44280,9241965,0,100,19,0,0,B0:CB:D8:C9:92:00,1,0,0,1E:01:D0:40:E0:9E,6,0,NONE,2026-08-05T00:52:21.298811
45917,MGMT_OTHER,-69,24,3613,1010,65832,44280,9242191,0,100,19,0,0,B0:CB:D8:C9:92:00,1,0,1,1E:01:D0:40:E0:9E,6,0,NONE,2026-08-05T00:52:21.524811
45917,,-48,45,1782,3881,65832,44280,9242327,0,100,19,0,0,B0:CB:D8:C9:92:00,1,0,0,1E:01:D0:40:E0:9E,6,0,NONE,2026-08-05T00:52:21.660811
45917,,14,14,0,1023,65832,44280,9242503,0,100,19,0,0,B0:CB:D8:C9:92:00,1,0,0,1E:01:D0:40:E0:9E,6,0,NONE,2026-08-05T00:52:21.836811
45917,MGMT_OTHER,-70,23,4041,3377,65832,44280,9242743,0,100,19,0,0,B0:CB:D8:C9:92:00,1,0,1,1E:01:D0:40:E0:9E,6,0,NONE,2026-08-05T00:52:22.076811
45917,MGMT_OTHER,-72,21,830,1727,65832,44280,9242944,0,100,19,0,0,B0:CB:D8:C9:92:00,1,0,1,1E:01:D0:40:E0:9E,6,0,NONE,2026-08-05T00:52:22.277811
45917,,-72,21,325,3629,65832,44280,9243115,0,100,19,0,0,B0:CB:D8:C9:92:00,1,0,1,1E:01:D0:40:E0:9E,6,0,NONE,2026-08-05T00:52:22.448811
45917,,-72,21,840,374,65836,44280,9243258,0,100,19,0,0,B0:CB:D8:C9:92:00,1,0,1,1E:01:D0:40:E0:9E,6,0,NONE,2026-08-05T00:52:22.591811
45917,,-72,21,672,2120,65836,44280,9243335,0,100,19,0,0,B0:CB:D8:C9:92:00,1,0,1,1E:01:D0:40:E0:9E,6,0,NONE,2026-08-05T00:52:22.668811
45917,,-72,21,635,1821,65832,44280,9243419,0,100,19,0,0,B0:CB:D8:C9:92:00,1,0,1,1E:01:D0:40:E0:9E,6,0,NONE,2026-08-05T00:52:22.752811
45917,MGMT_OTHER,-71,22,3074,2277,65832,44280,9243558,0,100,19,0,0,B0:CB:D8:C9:92:00,1,0,1,1E:01:D0:40:E0:9E,6,0,NONE,2026-08-05T00:52:22.891811
45917,,-50,43,23045,2202,65832,44280,9243674,0,100,19,0,0,B0:CB:D8:C9:92:00,1,0,1,1E:01:D0:40:E0:9E,6,0,NONE,2026-08-05T00:52:23.007811
45917,MGMT_OTHER,-74,19,2193,2129,65832,44280,9243911,0,100,19,0,0,B0:CB:D8:C9:92:00,1,0,1,1E:01:D0:40:E0:9E,6,0,NONE,2026-08-05T00:52:23.244811
45917,MGMT_OTHER,-73,20,5320,980,65832,44280,9244241,0,100,19,0,0,B0:CB:D8:C9:92:00,1,0,1,1E:01:D0:40:E0:9E,6,0,NONE,2026-08-05T00:52:23.574811
45917,,-84,9,311,639,65832,44280,9244348,0,100,19,0,0,B0:CB:D8:C9:92:00,1,0,0,1E:01:D0:40:E0:9E,6,0,NONE,2026-08-05T00:52:23.681811
45917,,-71,22,805,818,65832,44280,9244570,0,100,19,0,0,B0:CB:D8:C9:92:00,1,0,1,1E:01:D0:40:E0:9E,6,0,NONE,2026-08-05T00:52:23.903811
45917,MGMT_OTHER,-69,24,7299,1998,65832,44280,9244779,0,100,19,0,0,B0:CB:D8:C9:92:00,1,0,1,1E:01:D0:40:E0:9E,6,0,NONE,2026-08-05T00:52:24.112811
45917,,-47,46,29962,2212,65832,44280,9245005,0,100,19,0,0,B0:CB:D8:C9:92:00,1,0,1,1E:01:D0:40:E0:9E,6,0,NONE,2026-08-05T00:52:24.338811
45917,,-70,23,2546,1388,65832,44280,9245249,0,100,19,0,0,B0:CB:D8:C9:92:00,1,0,1,1E:01:D0:40:E0:9E,6,0,NONE,2026-08-05T00:52:24.582811
45917,MGMT_OTHER,-69,24,294,756,65832,44280,9245309,0,100,19,0,0,B0:CB:D8:C9:92:00,1,0,1,1E:01:D0:40:E0:9E,6,0,NONE,2026-08-05T00:52:24.642811
45917,,-69,24,159,2204,65856,44280,9245390,0,100,19,0,0,B0:CB:D8:C9:92:00,1,0,1,1E:01:D0:40:E0:9E,6,0,NONE,2026-08-05T00:52:24.723811
45917,,-70,23,1503,3808,65832,44280,9245492,0,100,19,0,0,B0:CB:D8:C9:92:00,1,0,1,1E:01:D0:40:E0:9E,6,0,NONE,2026-08-05T00:52:24.825415
45917,MGMT_OTHER,-70,23,226,904,65832,44280,9245658,0,100,19,0,0,B0:CB:D8:C9:92:00,1,0,1,1E:01:D0:40:E0:9E,6,0,NONE,2026-08-05T00:52:24.991415
45917,,-49,44,1419,2215,65832,44280,9245773,0,100,19,0,0,B0:CB:D8:C9:92:00,1,0,1,1E:01:D0:40:E0:9E,6,0,NONE,2026-08-05T00:52:25.106415
45917,,-72,21,1486,1165,65832,44280,9245998,0,100,19,0,0,B0:CB:D8:C9:92:00,1,0,1,1E:01:D0:40:E0:9E,6,0,NONE,2026-08-05T00:52:25.331415
45917,BEACON,-81,12,0,614,65808,44280,9246183,0,100,19,0,0,B0:CB:D8:C9:92:00,1,0,0,1E:01:D0:40:E0:9E,6,0,NONE,2026-08-05T00:52:25.516415
45917,,-91,2,3237,3815,65832,44280,9246364,0,100,19,0,0,B0:CB:D8:C9:92:00,1,0,1,1E:01:D0:40:E0:9E,6,0,NONE,2026-08-05T00:52:25.697415
45917,PROBE_RESP,-81,12,0,90,65832,44280,9246560,0,100,19,0,0,B0:CB:D8:C9:92:00,1,0,0,1E:01:D0:40:E0:9E,6,0,NONE,2026-08-05T00:52:25.893415
45917,BEACON,-79,14,0,620,65832,44280,9246798,0,100,19,0,0,B0:CB:D8:C9:92:00,1,0,0,1E:01:D0:40:E0:9E,6,0,NONE,2026-08-05T00:52:26.131415
45917,MGMT_OTHER,-71,22,1219,2604,65832,44280,9247048,0,100,19,0,0,B0:CB:D8:C9:92:00,1,0,1,1E:01:D0:40:E0:9E,6,0,NONE,2026-08-05T00:52:26.381415
45917,,-70,23,262,3051,65832,44280,9247238,0,100,19,0,0,B0:CB:D8:C9:92:00,1,0,1,1E:01:D0:40:E0:9E,6,0,NONE,2026-08-05T00:52:26.571415
45917,PROBE_RESP,-90,3,0,1,65832,44280,9247412,0,100,19,0,0,B0:CB:D8:C9:92:00,1,0,0,1E:01:D0:40:E0:9E,6,0,NONE,2026-08-05T00:52:26.745415
45917,BEACON,-79,14,0,627,65832,44280,9247514,0,100,19,0,0,B0:CB:D8:C9:92:00,1,0,0,1E:01:D0:40:E0:9E,6,0,NONE,2026-08-05T00:52:26.847415
45917,,-69,24,6042,3070,65832,44280,9247621,0,100,19,0,0,B0:CB:D8:C9:92:00,1,0,1,1E:01:D0:40:E0:9E,6,0,NONE,2026-08-05T00:52:26.954415
45917,,-72,21,4098,1666,65832,44280,9247713,0,100,19,0,0,B0:CB:D8:C9:92:00,1,0,1,1E:01:D0:40:E0:9E,6,0,NONE,2026-08-05T00:52:27.046415
45917,MGMT_OTHER,-69,24,393,2579,65832,44280,9247900,0,100,19,0,0,B0:CB:D8:C9:92:00,1,0,1,1E:01:D0:40:E0:9E,6,0,NONE,2026-08-05T00:52:27.233415
45917,,-46,47,188,2226,65832,44280,9248206,0,100,19,0,0,B0:CB:D8:C9:92:00,1,0,0,1E:01:D0:40:E0:9E,6,0,NONE,2026-08-05T00:52:27.539415
45917,,-72,21,903,1322,65832,44280,9248410,0,100,19,0,0,B0:CB:D8:C9:92:00,1,0,1,1E:01:D0:40:E0:9E,6,0,NONE,2026-08-05T00:52:27.743415
45917,BEACON,-83,10,1147,675,65832,44280,9248640,0,100,19,0,0,B0:CB:D8:C9:92:00,1,0,1,1E:01:D0:40:E0:9E,6,0,NONE,2026-08-05T00:52:27.973415
45917,BEACON,-72,21,0,346,65832,44280,9248818,0,100,19,0,0,B0:CB:D8:C9:92:00,1,0,1,1E:01:D0:40:E0:9E,6,0,NONE,2026-08-05T00:52:28.151415
45917,MGMT_OTHER,-73,20,4556,3242,65832,44280,9248983,0,100,19,0,0,B0:CB:D8:C9:92:00,1,0,1,1E:01:D0:40:E0:9E,6,0,NONE,2026-08-05T00:52:28.316415
45917,BEACON,-80,13,0,644,65832,44280,9249263,0,100,19,0,0,B0:CB:D8:C9:92:00,1,0,0,1E:01:D0:40:E0:9E,6,0,NONE,2026-08-05T00:52:28.596415
45917,PROBE_RESP,-78,15,5999,6,65832,44280,9249431,0,100,19,0,0,B0:CB:D8:C9:92:00,1,0,1,1E:01:D0:40:E0:9E,6,0,NONE,2026-08-05T00:52:28.764415
45917,,-53,40,188,2234,65832,44280,9249563,0,100,19,0,0,B0:CB:D8:C9:92:00,1,0,0,1E:01:D0:40:E0:9E,6,0,NONE,2026-08-05T00:52:28.896415
45917,,9,9,0,1023,65832,44280,9249745,0,100,19,0,0,B0:CB:D8:C9:92:00,1,0,1,1E:01:D0:40:E0:9E,6,0,NONE,2026-08-05T00:52:29.078415
45917,MGMT_OTHER,-71,22,10310,2129,65832,44280,9249865,0,100,19,0,0,B0:CB:D8:C9:92:00,1,0,1,1E:01:D0:40:E0:9E,6,0,NONE,2026-08-05T00:52:29.198415
45917,,-70,23,2006,1075,65832,44280,9249983,0,100,19,0,0,B0:CB:D8:C9:92:00,1,0,1,1E:01:D0:40:E0:9E,6,0,NONE,2026-08-05T00:52:29.316415
45917,MGMT_OTHER,-71,22,4127,3292,65832,44280,9250088,0,100,19,0,0,B0:CB:D8:C9:92:00,1,0,1,1E:01:D0:40:E0:9E,6,0,NONE,2026-08-05T00:52:29.421415
45917,BEACON,-71,22,87,360,65832,44280,9250252,0,100,19,0,0,B0:CB:D8:C9:92:00,1,0,1,1E:01:D0:40:E0:9E,6,0,NONE,2026-08-05T00:52:29.585415
45917,,10,10,0,1023,65832,44280,9250458,0,100,19,0,0,B0:CB:D8:C9:92:00,1,0,1,1E:01:D0:40:E0:9E,6,0,NONE,2026-08-05T00:52:29.791415
45917,,-71,22,2003,3793,65832,44280,9250571,0,100,19,0,0,B0:CB:D8:C9:92:00,1,0,1,1E:01:D0:40:E0:9E,6,0,NONE,2026-08-05T00:52:29.904415
45917,PROBE_RESP,-90,3,0,0,65832,44280,9250701,0,100,19,0,0,B0:CB:D8:C9:92:00,1,0,0,1E:01:D0:40:E0:9E,6,0,NONE,2026-08-05T00:52:30.034415
45917,,-70,23,9478,54,65832,44280,9250852,0,100,19,0,0,B0:CB:D8:C9:92:00,1,0,1,1E:01:D0:40:E0:9E,6,0,NONE,2026-08-05T00:52:30.185415
45917,BEACON,-83,10,9202,698,65832,44280,9250995,0,100,19,0,0,B0:CB:D8:C9:92:00,1,0,1,1E:01:D0:40:E0:9E,6,0,NONE,2026-08-05T00:52:30.328415
45917,,-69,24,302,2430,65832,44280,9251112,0,100,19,0,0,B0:CB:D8:C9:92:00,1,0,1,1E:01:D0:40:E0:9E,6,0,NONE,2026-08-05T00:52:30.445415
45917,MGMT_OTHER,-70,23,573,1862,65836,44280,9251305,0,100,19,0,0,B0:CB:D8:C9:92:00,1,0,1,1E:01:D0:40:E0:9E,6,0,NONE,2026-08-05T00:52:30.638415
45917,MGMT_OTHER,-70,23,1485,3289,65832,44280,9251403,0,100,19,0,0,B0:CB:D8:C9:92:00,1,0,1,1E:01:D0:40:E0:9E,6,0,NONE,2026-08-05T00:52:30.736415
45917,BEACON,-83,10,2959,703,65832,44280,9251507,0,100,19,0,0,B0:CB:D8:C9:92:00,1,0,1,1E:01:D0:40:E0:9E,6,0,NONE,2026-08-05T00:52:30.840415
45917,MGMT_OTHER,-70,23,911,2163,65832,44280,9251607,0,100,19,0,0,B0:CB:D8:C9:92:00,1,0,1,1E:01:D0:40:E0:9E,6,0,NONE,2026-08-05T00:52:30.940415
45917,,-69,24,272,2691,65832,44280,9251653,0,100,19,0,0,B0:CB:D8:C9:92:00,1,0,1,1E:01:D0:40:E0:9E,6,0,NONE,2026-08-05T00:52:30.986415
45917,,-73,20,162,3428,65832,44280,9251790,0,100,19,0,0,B0:CB:D8:C9:92:00,1,0,1,1E:01:D0:40:E0:9E,6,0,NONE,2026-08-05T00:52:31.123415
45917,,-69,24,132,2587,65832,44280,9251849,0,100,19,0,0,B0:CB:D8:C9:92:00,0,0,1,1E:01:D0:40:E0:9E,6,0,NONE,2026-08-05T00:52:31.182415
45917,,-71,22,553,2668,65832,44280,9251931,0,100,19,0,0,B0:CB:D8:C9:92:00,1,0,1,1E:01:D0:40:E0:9E,6,0,NONE,2026-08-05T00:52:31.264415
45917,,-69,24,1732,1363,65832,44280,9252061,0,100,19,0,0,B0:CB:D8:C9:92:00,1,0,1,1E:01:D0:40:E0:9E,6,0,NONE,2026-08-05T00:52:31.394415
45917,,-72,21,1839,3981,65832,44280,9252265,0,100,19,0,0,B0:CB:D8:C9:92:00,1,0,1,1E:01:D0:40:E0:9E,6,0,NONE,2026-08-05T00:52:31.598415
45917,MGMT_OTHER,-72,21,322,1712,65832,44280,9252507,0,100,19,0,0,B0:CB:D8:C9:92:00,1,0,1,1E:01:D0:40:E0:9E,6,0,NONE,2026-08-05T00:52:31.840415
45917,MGMT_OTHER,-85,8,5799,1876,65832,44280,9252675,0,100,19,0,0,B0:CB:D8:C9:92:00,1,0,1,1E:01:D0:40:E0:9E,6,0,NONE,2026-08-05T00:52:32.008415
45917,,-70,23,243,2849,65832,44280,9252918,0,100,19,0,0,B0:CB:D8:C9:92:00,1,0,1,1E:01:D0:40:E0:9E,6,0,NONE,2026-08-05T00:52:32.251415
45917,,-71,22,1271,2888,65832,44280,9253125,0,100,19,0,0,B0:CB:D8:C9:92:00,1,0,0,1E:01:D0:40:E0:9E,6,0,NONE,2026-08-05T00:52:32.458415
45917,MGMT_OTHER,-71,22,463,242,65832,44280,9253275,0,100,19,0,0,B0:CB:D8:C9:92:00,1,0,1,1E:01:D0:40:E0:9E,6,0,NONE,2026-08-05T00:52:32.608415
45917,,-83,10,7417,660,65832,44280,9253477,0,100,19,0,0,B0:CB:D8:C9:92:00,1,0,1,1E:01:D0:40:E0:9E,6,0,NONE,2026-08-05T00:52:32.810415
45917,BEACON,-89,4,0,2989,65832,44280,9253632,0,100,19,0,0,B0:CB:D8:C9:92:00,1,0,1,1E:01:D0:40:E0:9E,6,0,NONE,2026-08-05T00:52:32.965415
45917,BEACON,-83,10,604,725,65832,44280,9253760,0,100,19,0,0,B0:CB:D8:C9:92:00,1,0,1,1E:01:D0:40:E0:9E,6,0,NONE,2026-08-05T00:52:33.093415
45917,,-69,24,243,905,65832,44280,9253869,0,100,19,0,0,B0:CB:D8:C9:92:00,1,0,1,1E:01:D0:40:E0:9E,6,0,NONE,2026-08-05T00:52:33.202415
45917,,-70,23,493,3259,65832,44280,9253984,0,100,19,0,0,B0:CB:D8:C9:92:00,1,0,1,1E:01:D0:40:E0:9E,6,0,NONE,2026-08-05T00:52:33.317415
45917,,-69,24,463,612,65832,44280,9254080,0,100,19,0,0,B0:CB:D8:C9:92:00,1,0,1,1E:01:D0:40:E0:9E,6,0,NONE,2026-08-05T00:52:33.413415
45917,MGMT_OTHER,-69,24,2088,1873,65832,44280,9254173,0,100,19,0,0,B0:CB:D8:C9:92:00,1,0,1,1E:01:D0:40:E0:9E,6,0,NONE,2026-08-05T00:52:33.506415
45917,MGMT_OTHER,-70,23,1413,2476,65832,44280,9254273,0,100,19,0,0,B0:CB:D8:C9:92:00,1,0,1,1E:01:D0:40:E0:9E,6,0,NONE,2026-08-05T00:52:33.606415
45917,MGMT_OTHER,-69,24,2678,1944,65832,44280,9254371,0,100,19,0,0,B0:CB:D8:C9:92:00,1,0,1,1E:01:D0:40:E0:9E,6,0,NONE,2026-08-05T00:52:33.704415
45917,,-69,24,359,549,65836,44280,9254456,0,100,19,0,0,B0:CB:D8:C9:92:00,1,0,1,1E:01:D0:40:E0:9E,6,0,NONE,2026-08-05T00:52:33.789415
45917,,-69,24,284,3166,65836,44280,9254503,0,100,19,0,0,B0:CB:D8:C9:92:00,1,0,1,1E:01:D0:40:E0:9E,6,0,NONE,2026-08-05T00:52:33.836415
45917,MGMT_OTHER,-70,23,1044,2947,65836,44280,9254581,0,100,19,0,0,B0:CB:D8:C9:92:00,1,0,1,1E:01:D0:40:E0:9E,6,0,NONE,2026-08-05T00:52:33.914415
45917,MGMT_OTHER,-71,22,1095,3489,65832,44280,9254686,0,100,19,0,0,B0:CB:D8:C9:92:00,1,0,1,1E:01:D0:40:E0:9E,6,0,NONE,2026-08-05T00:52:34.019415
45917,BEACON,-47,46,92,4056,65832,44280,9254779,0,100,19,0,0,B0:CB:D8:C9:92:00,1,0,1,1E:01:D0:40:E0:9E,6,0,NONE,2026-08-05T00:52:34.112415
45917,,-70,23,1994,3866,65832,44280,9254869,0,100,19,0,0,B0:CB:D8:C9:92:00,1,0,1,1E:01:D0:40:E0:9E,6,0,NONE,2026-08-05T00:52:34.202415
45917,BEACON,-46,47,84,4060,65832,44280,9254983,0,100,19,0,0,B0:CB:D8:C9:92:00,1,0,1,1E:01:D0:40:E0:9E,6,0,NONE,2026-08-05T00:52:34.316415
45917,,-68,25,1905,2117,65832,44280,9255127,0,100,19,0,0,B0:CB:D8:C9:92:00,1,0,1,1E:01:D0:40:E0:9E,6,0,NONE,2026-08-05T00:52:34.460415
45917,MGMT_OTHER,-69,24,290,179,65832,44280,9255274,0,100,19,0,0,B0:CB:D8:C9:92:00,1,0,1,1E:01:D0:40:E0:9E,6,0,NONE,2026-08-05T00:52:34.607415
45917,MGMT_OTHER,-69,24,731,3989,65832,44280,9255318,0,100,19,0,0,B0:CB:D8:C9:92:00,1,0,1,1E:01:D0:40:E0:9E,6,0,NONE,2026-08-05T00:52:34.651415
45917,,-68,25,824,2013,65832,44280,9255409,0,100,19,0,0,B0:CB:D8:C9:92:00,1,0,1,1E:01:D0:40:E0:9E,6,0,NONE,2026-08-05T00:52:34.742415
45917,,-68,25,910,2024,65832,44280,9255544,0,100,19,0,0,B0:CB:D8:C9:92:00,1,0,1,1E:01:D0:40:E0:9E,6,0,NONE,2026-08-05T00:52:34.877415
45917,PROBE_RESP,-78,15,0,3,65832,44280,9255670,0,100,19,0,0,B0:CB:D8:C9:92:00,1,0,1,1E:01:D0:40:E0:9E,6,0,NONE,2026-08-05T00:52:35.003415
45917,,-68,25,191,3691,65832,44280,9255888,0,100,19,0,0,B0:CB:D8:C9:92:00,1,0,1,1E:01:D0:40:E0:9E,6,0,NONE,2026-08-05T00:52:35.221415
45917,,-67,26,298,1325,65832,44280,9256025,0,100,19,0,0,B0:CB:D8:C9:92:00,1,0,1,1E:01:D0:40:E0:9E,6,0,NONE,2026-08-05T00:52:35.358415
45917,MGMT_OTHER,-68,25,3799,35,65832,44280,9256217,0,100,19,0,0,B0:CB:D8:C9:92:00,1,0,1,1E:01:D0:40:E0:9E,6,0,NONE,2026-08-05T00:52:35.550415
45917,,-68,25,326,2753,65832,44280,9256503,0,100,19,0,0,B0:CB:D8:C9:92:00,1,0,1,1E:01:D0:40:E0:9E,6,0,NONE,2026-08-05T00:52:35.836415
45917,MGMT_OTHER,-68,25,704,1136,65832,44280,9256675,0,100,19,0,0,B0:CB:D8:C9:92:00,1,0,1,1E:01:D0:40:E0:9E,6,0,NONE,2026-08-05T00:52:36.008415
45917,,-52,41,2643,4082,65832,44280,9256813,0,100,19,0,0,B0:CB:D8:C9:92:00,1,0,1,1E:01:D0:40:E0:9E,6,0,NONE,2026-08-05T00:52:36.146415
45917,,-50,43,16778,4087,65832,44280,9256972,0,100,19,0,0,B0:CB:D8:C9:92:00,1,0,1,1E:01:D0:40:E0:9E,6,0,NONE,2026-08-05T00:52:36.305415
45917,,-67,26,389,3732,65832,44280,9257137,0,100,19,0,0,B0:CB:D8:C9:92:00,1,0,1,1E:01:D0:40:E0:9E,6,0,NONE,2026-08-05T00:52:36.470415
45917,MGMT_OTHER,-68,25,9596,2421,65832,44280,9257242,0,100,19,0,0,B0:CB:D8:C9:92:00,1,0,1,1E:01:D0:40:E0:9E,6,0,NONE,2026-08-05T00:52:36.575415
45917,,-68,25,18473,3460,65832,44280,9257308,0,100,19,0,0,B0:CB:D8:C9:92:00,1,0,1,1E:01:D0:40:E0:9E,6,0,NONE,2026-08-05T00:52:36.641415
45917,,-68,25,224,3266,65832,44280,9257389,0,100,19,0,0,B0:CB:D8:C9:92:00,1,0,1,1E:01:D0:40:E0:9E,6,0,NONE,2026-08-05T00:52:36.722415
45917,,-68,25,325,2684,65832,44280,9257454,0,100,19,0,0,B0:CB:D8:C9:92:00,1,0,1,1E:01:D0:40:E0:9E,6,0,NONE,2026-08-05T00:52:36.787415
45917,MGMT_OTHER,-68,25,446,1063,65832,44280,9257535,0,100,19,0,0,B0:CB:D8:C9:92:00,1,0,1,1E:01:D0:40:E0:9E,6,0,NONE,2026-08-05T00:52:36.868415
45917,,-67,26,182,977,65832,44280,9257631,0,100,19,0,0,B0:CB:D8:C9:92:00,1,0,1,1E:01:D0:40:E0:9E,6,0,NONE,2026-08-05T00:52:36.964415
45917,DISASSOC,-66,27,292,2449,65832,44280,9257683,0,100,19,0,0,B0:CB:D8:C9:92:00,1,0,1,1E:01:D0:40:E0:9E,6,0,NONE,2026-08-05T00:52:37.016415
45917,MGMT_OTHER,-67,26,240,2044,65832,44280,9257751,0,100,19,0,0,B0:CB:D8:C9:92:00,1,0,1,1E:01:D0:40:E0:9E,6,0,NONE,2026-08-05T00:52:37.084415
45917,MGMT_OTHER,-67,26,645,1994,65832,44280,9257784,0,100,19,0,0,B0:CB:D8:C9:92:00,1,0,1,1E:01:D0:40:E0:9E,6,0,NONE,2026-08-05T00:52:37.116000
45917,MGMT_OTHER,-68,25,19129,1324,65832,44280,9257898,0,100,19,0,0,B0:CB:D8:C9:92:00,1,0,1,1E:01:D0:40:E0:9E,6,0,NONE,2026-08-05T00:52:37.230000
45917,,-68,25,695,747,65832,44280,9258108,0,100,19,0,0,B0:CB:D8:C9:92:00,1,0,1,1E:01:D0:40:E0:9E,6,0,NONE,2026-08-05T00:52:37.440000
45917,,-68,25,284,29,65836,44280,9258287,0,100,19,0,0,B0:CB:D8:C9:92:00,1,0,1,1E:01:D0:40:E0:9E,6,0,NONE,2026-08-05T00:52:37.619000
45917,PROBE_REQ,-67,26,345,2150,65832,44280,9258411,0,100,19,0,0,B0:CB:D8:C9:92:00,1,0,0,1E:01:D0:40:E0:9E,6,0,NONE,2026-08-05T00:52:37.743000
45917,,-68,25,468,2415,65832,44280,9258483,0,100,19,0,0,B0:CB:D8:C9:92:00,1,0,1,1E:01:D0:40:E0:9E,6,0,NONE,2026-08-05T00:52:37.815000
45917,,-68,25,3790,4049,65832,44280,9258751,0,100,19,0,0,B0:CB:D8:C9:92:00,1,0,1,1E:01:D0:40:E0:9E,6,0,NONE,2026-08-05T00:52:38.083000
45917,BEACON,-47,46,347,19,65832,44280,9258977,0,100,19,0,0,B0:CB:D8:C9:92:00,1,0,1,1E:01:D0:40:E0:9E,6,0,NONE,2026-08-05T00:52:38.309000
45917,,-66,27,15406,2765,65832,44280,9259022,0,100,19,0,0,B0:CB:D8:C9:92:00,1,0,1,1E:01:D0:40:E0:9E,6,0,NONE,2026-08-05T00:52:38.354000
45917,,-67,26,509,1292,65832,44280,9259229,0,100,19,0,0,B0:CB:D8:C9:92:00,1,0,1,1E:01:D0:40:E0:9E,6,0,NONE,2026-08-05T00:52:38.561000
45917,,-67,26,310,1506,65832,44280,9259483,0,100,19,0,0,B0:CB:D8:C9:92:00,1,0,1,1E:01:D0:40:E0:9E,6,0,NONE,2026-08-05T00:52:38.815000
45917,,-70,23,1487,1496,65832,44280,9259573,0,100,19,0,0,B0:CB:D8:C9:92:00,1,0,1,1E:01:D0:40:E0:9E,6,0,NONE,2026-08-05T00:52:38.905000
45917,,-85,8,226,810,65832,44280,9259701,0,100,19,0,0,B0:CB:D8:C9:92:00,1,0,0,1E:01:D0:40:E0:9E,6,0,NONE,2026-08-05T00:52:39.033000
45917,,-68,25,716,372,65832,44280,9259812,0,100,19,0,0,B0:CB:D8:C9:92:00,1,0,1,1E:01:D0:40:E0:9E,6,0,NONE,2026-08-05T00:52:39.144000
45917,,-66,27,624,2505,65832,44280,9259923,0,100,19,0,0,B0:CB:D8:C9:92:00,1,0,1,1E:01:D0:40:E0:9E,6,0,NONE,2026-08-05T00:52:39.255000
45917,MGMT_OTHER,-67,26,1020,2353,65832,44280,9259974,0,100,19,0,0,B0:CB:D8:C9:92:00,1,0,1,1E:01:D0:40:E0:9E,6,0,NONE,2026-08-05T00:52:39.306000
45917,,-68,25,269,653,65832,44280,9260122,0,100,19,0,0,B0:CB:D8:C9:92:00,1,0,1,1E:01:D0:40:E0:9E,6,0,NONE,2026-08-05T00:52:39.454000
45917,BEACON,-84,9,4103,789,65832,44280,9260314,0,100,19,0,0,B0:CB:D8:C9:92:00,1,0,1,1E:01:D0:40:E0:9E,6,0,NONE,2026-08-05T00:52:39.646000
45917,MGMT_OTHER,-67,26,0,2072,65832,44280,9260528,0,100,19,0,0,B0:CB:D8:C9:92:00,1,0,1,1E:01:D0:40:E0:9E,6,0,NONE,2026-08-05T00:52:39.860000
45917,,-68,25,193,2697,65832,44280,9260699,0,100,19,0,0,B0:CB:D8:C9:92:00,1,0,1,1E:01:D0:40:E0:9E,6,0,NONE,2026-08-05T00:52:40.031000
45917,PROBE_RESP,-92,1,0,1,65832,44280,9260909,0,100,19,0,0,B0:CB:D8:C9:92:00,1,0,0,1E:01:D0:40:E0:9E,6,0,NONE,2026-08-05T00:52:40.241000
45917,,-68,25,782,1988,65832,44280,9261045,0,100,19,0,0,B0:CB:D8:C9:92:00,1,0,1,1E:01:D0:40:E0:9E,6,0,NONE,2026-08-05T00:52:40.377000
45917,,-68,25,433,1111,65832,44280,9261242,0,100,19,0,0,B0:CB:D8:C9:92:00,1,0,1,1E:01:D0:40:E0:9E,6,0,NONE,2026-08-05T00:52:40.574000
45917,,-67,26,279,2684,65832,44280,9261320,0,100,19,0,0,B0:CB:D8:C9:92:00,1,0,1,1E:01:D0:40:E0:9E,6,0,NONE,2026-08-05T00:52:40.652000
45917,,-67,26,198,732,65832,44280,9261419,0,100,19,0,0,B0:CB:D8:C9:92:00,1,0,1,1E:01:D0:40:E0:9E,6,0,NONE,2026-08-05T00:52:40.751000
45917,,-67,26,364,3313,65832,44280,9261480,0,100,19,0,0,B0:CB:D8:C9:92:00,1,0,0,1E:01:D0:40:E0:9E,6,0,NONE,2026-08-05T00:52:40.812000
45917,,-69,24,97,0,65832,44280,9261626,0,100,19,0,0,B0:CB:D8:C9:92:00,1,0,1,1E:01:D0:40:E0:9E,6,0,NONE,2026-08-05T00:52:40.958000
45917,PROBE_RESP,-85,8,0,1,65836,44280,9261694,0,100,19,0,0,B0:CB:D8:C9:92:00,1,0,0,1E:01:D0:40:E0:9E,6,0,NONE,2026-08-05T00:52:41.026000
45917,,-66,27,1413,1007,65836,44280,9261851,0,100,19,0,0,B0:CB:D8:C9:92:00,1,0,1,1E:01:D0:40:E0:9E,6,0,NONE,2026-08-05T00:52:41.183000
45917,MGMT_OTHER,-68,25,19219,281,65832,44280,9262040,0,100,19,0,0,B0:CB:D8:C9:92:00,1,0,1,1E:01:D0:40:E0:9E,6,0,NONE,2026-08-05T00:52:41.372000
45917,,-66,27,440,3732,65832,44280,9262176,0,100,19,0,0,B0:CB:D8:C9:92:00,1,0,1,1E:01:D0:40:E0:9E,6,0,NONE,2026-08-05T00:52:41.508000
45917,,-67,26,1009,799,65832,44280,9262376,0,100,19,0,0,B0:CB:D8:C9:92:00,1,0,1,1E:01:D0:40:E0:9E,6,0,NONE,2026-08-05T00:52:41.708000
45917,BEACON,-65,28,8606,485,65832,44280,9262643,0,100,19,0,0,B0:CB:D8:C9:92:00,1,0,1,1E:01:D0:40:E0:9E,6,0,NONE,2026-08-05T00:52:41.975000
45917,,-92,1,13426,2284,65832,44280,9262950,0,100,19,0,0,B0:CB:D8:C9:92:00,1,0,1,1E:01:D0:40:E0:9E,6,0,NONE,2026-08-05T00:52:42.282000
45917,,-69,24,338,3967,65832,44280,9263212,0,100,19,0,0,B0:CB:D8:C9:92:00,1,0,1,1E:01:D0:40:E0:9E,6,0,NONE,2026-08-05T00:52:42.544000
45917,MGMT_OTHER,-66,27,176,308,65832,44280,9263314,0,100,19,0,0,B0:CB:D8:C9:92:00,1,0,1,1E:01:D0:40:E0:9E,6,0,NONE,2026-08-05T00:52:42.646000
45917,,-67,26,886,2969,65832,44280,9263471,0,100,19,0,0,B0:CB:D8:C9:92:00,1,0,1,1E:01:D0:40:E0:9E,6,0,NONE,2026-08-05T00:52:42.803000
45917,BEACON,-79,14,0,784,65832,44280,9263592,0,100,19,0,0,B0:CB:D8:C9:92:00,1,0,0,1E:01:D0:40:E0:9E,6,0,NONE,2026-08-05T00:52:42.924000
45917,MGMT_OTHER,-66,27,354,1981,65832,44280,9263825,0,100,19,0,0,B0:CB:D8:C9:92:00,1,0,1,1E:01:D0:40:E0:9E,6,0,NONE,2026-08-05T00:52:43.157000
45917,BEACON,-48,45,92,86,65832,44280,9264097,0,100,19,0,0,B0:CB:D8:C9:92:00,1,0,1,1E:01:D0:40:E0:9E,6,0,NONE,2026-08-05T00:52:43.429000
45917,MGMT_OTHER,-68,25,809,1905,65832,44280,9264289,0,100,19,0,0,B0:CB:D8:C9:92:00,1,0,1,1E:01:D0:40:E0:9E,6,0,NONE,2026-08-05T00:52:43.621000
45917,,13,13,0,1023,65832,44280,9264517,0,100,19,0,0,B0:CB:D8:C9:92:00,1,0,1,1E:01:D0:40:E0:9E,6,0,NONE,2026-08-05T00:52:43.849000
45917,MGMT_OTHER,-68,25,1736,1804,65832,44280,9264694,0,100,19,0,0,B0:CB:D8:C9:92:00,1,0,1,1E:01:D0:40:E0:9E,6,0,NONE,2026-08-05T00:52:44.026000
45917,,-66,27,13336,1274,65832,44280,9264948,0,100,19,0,0,B0:CB:D8:C9:92:00,1,0,1,1E:01:D0:40:E0:9E,6,0,NONE,2026-08-05T00:52:44.280000
45917,,-66,27,383,323,65832,44280,9265127,0,100,19,0,0,B0:CB:D8:C9:92:00,1,0,1,1E:01:D0:40:E0:9E,6,0,NONE,2026-08-05T00:52:44.459000
45917,MGMT_OTHER,-67,26,486,2592,65832,44280,9265237,0,100,19,0,0,B0:CB:D8:C9:92:00,1,0,1,1E:01:D0:40:E0:9E,6,0,NONE,2026-08-05T00:52:44.569000
45917,BEACON,-83,10,2798,838,65832,44280,9265335,0,100,19,0,0,B0:CB:D8:C9:92:00,1,0,1,1E:01:D0:40:E0:9E,6,0,NONE,2026-08-05T00:52:44.667000
45917,MGMT_OTHER,-68,25,650,2754,65832,44280,9265437,0,100,19,0,0,B0:CB:D8:C9:92:00,1,0,1,1E:01:D0:40:E0:9E,6,0,NONE,2026-08-05T00:52:44.769000
45917,MGMT_OTHER,-68,25,1266,3547,65832,44280,9265550,0,100,19,0,0,B0:CB:D8:C9:92:00,1,0,1,1E:01:D0:40:E0:9E,6,0,NONE,2026-08-05T00:52:44.882000
45917,BEACON,-48,45,8135,122,65832,44280,9265838,0,100,19,0,0,B0:CB:D8:C9:92:00,1,0,1,1E:01:D0:40:E0:9E,6,0,NONE,2026-08-05T00:52:45.170000
45917,MGMT_OTHER,-66,27,6638,2715,65832,44280,9266078,0,100,19,0,0,B0:CB:D8:C9:92:00,1,0,1,1E:01:D0:40:E0:9E,6,0,NONE,2026-08-05T00:52:45.410000
45917,MGMT_OTHER,-67,26,777,2320,65832,44280,9266264,0,100,19,0,0,B0:CB:D8:C9:92:00,1,0,1,1E:01:D0:40:E0:9E,6,0,NONE,2026-08-05T00:52:45.596000
45917,,-69,24,1148,557,65832,44280,9266369,0,100,19,0,0,B0:CB:D8:C9:92:00,1,0,1,1E:01:D0:40:E0:9E,6,0,NONE,2026-08-05T00:52:45.701000
45917,,-70,23,4465,3256,65832,44280,9266542,0,100,19,0,0,B0:CB:D8:C9:92:00,1,0,1,1E:01:D0:40:E0:9E,6,0,NONE,2026-08-05T00:52:45.874000
45917,BEACON,-87,6,7169,3118,65832,44280,9266842,0,100,19,0,0,B0:CB:D8:C9:92:00,1,0,1,1E:01:D0:40:E0:9E,6,0,NONE,2026-08-05T00:52:46.174000
45917,,-68,25,0,2478,65832,44280,9266916,0,100,19,0,0,B0:CB:D8:C9:92:00,1,0,1,1E:01:D0:40:E0:9E,6,0,NONE,2026-08-05T00:52:46.248000
45917,BEACON,-83,10,4525,855,65832,44280,9267104,0,100,19,0,0,B0:CB:D8:C9:92:00,1,0,1,1E:01:D0:40:E0:9E,6,0,NONE,2026-08-05T00:52:46.436000
45917,,-66,27,2811,569,65832,44280,9267276,0,100,19,0,0,B0:CB:D8:C9:92:00,1,0,0,1E:01:D0:40:E0:9E,6,0,NONE,2026-08-05T00:52:46.608000
45917,MGMT_OTHER,-67,26,1517,1160,65832,44280,9267356,0,100,19,0,0,B0:CB:D8:C9:92:00,1,0,1,1E:01:D0:40:E0:9E,6,0,NONE,2026-08-05T00:52:46.688000
45917,MGMT_OTHER,-67,26,1519,2950,65832,44280,9267480,0,100,19,0,0,B0:CB:D8:C9:92:00,1,0,1,1E:01:D0:40:E0:9E,6,0,NONE,2026-08-05T00:52:46.812000
45917,,-69,24,805,2147,65832,44280,9267598,0,100,19,0,0,B0:CB:D8:C9:92:00,1,0,1,1E:01:D0:40:E0:9E,6,0,NONE,2026-08-05T00:52:46.930000
45917,,-69,24,595,0,65832,44280,9267727,0,100,19,0,0,B0:CB:D8:C9:92:00,1,0,0,1E:01:D0:40:E0:9E,6,0,NONE,2026-08-05T00:52:47.059000
45917,,9,9,0,1023,65832,44280,9267913,0,100,19,0,0,B0:CB:D8:C9:92:00,1,0,1,1E:01:D0:40:E0:9E,6,0,NONE,2026-08-05T00:52:47.245000
45917,,-68,25,1760,669,65832,44280,9268003,0,100,19,0,0,B0:CB:D8:C9:92:00,1,0,1,1E:01:D0:40:E0:9E,6,0,NONE,2026-08-05T00:52:47.335000
45917,MGMT_OTHER,-69,24,257,2637,65832,44280,9268196,0,100,19,0,0,B0:CB:D8:C9:92:00,1,0,1,1E:01:D0:40:E0:9E,6,0,NONE,2026-08-05T00:52:47.528000
45917,,-48,45,179,2373,65832,44280,9268405,0,100,19,0,0,B0:CB:D8:C9:92:00,1,0,0,1E:01:D0:40:E0:9E,6,0,NONE,2026-08-05T00:52:47.737000
45917,,9,9,0,1023,65832,44280,9268583,0,100,19,0,0,B0:CB:D8:C9:92:00,1,0,0,1E:01:D0:40:E0:9E,6,0,NONE,2026-08-05T00:52:47.915000
45917,,-47,46,1418,2377,65832,44280,9268815,0,100,19,0,0,B0:CB:D8:C9:92:00,1,0,1,1E:01:D0:40:E0:9E,6,0,NONE,2026-08-05T00:52:48.147000
45917,BEACON,-82,11,0,837,65832,44280,9269020,0,100,19,0,0,B0:CB:D8:C9:92:00,1,0,0,1E:01:D0:40:E0:9E,6,0,NONE,2026-08-05T00:52:48.352000
45917,MGMT_OTHER,-67,26,1117,2969,65832,44280,9269226,0,100,19,0,0,B0:CB:D8:C9:92:00,1,0,1,1E:01:D0:40:E0:9E,6,0,NONE,2026-08-05T00:52:48.558000
45917,MGMT_OTHER,-67,26,720,3277,65832,44280,9269339,0,100,19,0,0,B0:CB:D8:C9:92:00,1,0,1,1E:01:D0:40:E0:9E,6,0,NONE,2026-08-05T00:52:48.671000
45917,,-68,25,356,1013,65832,44280,9269521,0,100,19,0,0,B0:CB:D8:C9:92:00,1,0,1,1E:01:D0:40:E0:9E,6,0,NONE,2026-08-05T00:52:48.853000
45917,MGMT_OTHER,-67,26,672,1581,65832,44280,9269620,0,100,19,0,0,B0:CB:D8:C9:92:00,1,0,1,1E:01:D0:40:E0:9E,6,0,NONE,2026-08-05T00:52:48.952000
45917,BEACON,-87,6,1498,882,68096,44280,9269838,0,100,19,0,0,B0:CB:D8:C9:92:00,1,0,1,1E:01:D0:40:E0:9E,6,0,NONE,2026-08-05T00:52:49.170000
45917,PROBE_RESP,-80,13,0,5,69428,44280,9269972,0,100,19,0,0,B0:CB:D8:C9:92:00,1,0,0,1E:01:D0:40:E0:9E,6,0,NONE,2026-08-05T00:52:49.304000
45917,,-86,7,0,2521,69428,44280,9270052,0,100,19,0,0,B0:CB:D8:C9:92:00,1,0,1,1E:01:D0:40:E0:9E,6,0,NONE,2026-08-05T00:52:49.384000
45917,MGMT_OTHER,-67,26,303,880,69428,44280,9270088,0,100,19,0,0,B0:CB:D8:C9:92:00,1,0,1,1E:01:D0:40:E0:9E,6,0,NONE,2026-08-05T00:52:49.420000
45917,MGMT_OTHER,-66,27,258,970,69428,44280,9270185,0,100,19,0,0,B0:CB:D8:C9:92:00,1,0,1,1E:01:D0:40:E0:9E,6,0,NONE,2026-08-05T00:52:49.517000
45917,,8,8,0,2389,69428,44280,9270318,0,100,19,0,0,B0:CB:D8:C9:92:00,1,0,1,1E:01:D0:40:E0:9E,6,0,NONE,2026-08-05T00:52:49.650000
45917,MGMT_OTHER,-67,26,428,3417,69428,44280,9270455,0,100,19,0,0,B0:CB:D8:C9:92:00,1,0,1,1E:01:D0:40:E0:9E,6,0,NONE,2026-08-05T00:52:49.787000
45917,,-68,25,833,2558,69412,44280,9270747,0,100,19,0,0,B0:CB:D8:C9:92:00,1,0,1,1E:01:D0:40:E0:9E,6,0,NONE,2026-08-05T00:52:50.079000
45917,,-86,7,1618,732,66900,44280,9270965,0,100,19,0,0,B0:CB:D8:C9:92:00,1,0,1,1E:01:D0:40:E0:9E,6,0,NONE,2026-08-05T00:52:50.297000
45917,BEACON,-80,13,0,858,65728,44280,9271170,0,100,19,0,0,B0:CB:D8:C9:92:00,1,0,0,1E:01:D0:40:E0:9E,6,0,NONE,2026-08-05T00:52:50.502000
45917,MGMT_OTHER,-65,28,392,3952,65804,44280,9271286,0,100,19,0,0,B0:CB:D8:C9:92:00,1,0,1,1E:01:D0:40:E0:9E,6,0,NONE,2026-08-05T00:52:50.618000
45917,,-67,26,5124,600,65804,44280,9271389,0,100,19,0,0,B0:CB:D8:C9:92:00,1,0,1,1E:01:D0:40:E0:9E,6,0,NONE,2026-08-05T00:52:50.721000
45917,MGMT_OTHER,-68,25,3313,1025,65804,44280,9271490,0,100,19,0,0,B0:CB:D8:C9:92:00,1,0,1,1E:01:D0:40:E0:9E,6,0,NONE,2026-08-05T00:52:50.822000
45917,MGMT_OTHER,-65,28,2301,3760,65804,44280,9271608,0,100,19,0,0,B0:CB:D8:C9:92:00,1,0,0,1E:01:D0:40:E0:9E,6,0,NONE,2026-08-05T00:52:50.940000
45917,,-67,26,363,1110,65804,44280,9271812,0,100,19,0,0,B0:CB:D8:C9:92:00,1,0,1,1E:01:D0:40:E0:9E,6,0,NONE,2026-08-05T00:52:51.144000
45917,MGMT_OTHER,-69,24,2023,3863,65804,44280,9272017,0,100,19,0,0,B0:CB:D8:C9:92:00,1,0,1,1E:01:D0:40:E0:9E,6,0,NONE,2026-08-05T00:52:51.349000
45917,MGMT_OTHER,-69,24,1480,2949,65804,44280,9272194,0,100,19,0,0,B0:CB:D8:C9:92:00,1,0,1,1E:01:D0:40:E0:9E,6,0,NONE,2026-08-05T00:52:51.526000
45917,BEACON,-48,45,5887,230,65804,44280,9272494,0,100,19,0,0,B0:CB:D8:C9:92:00,1,0,1,1E:01:D0:40:E0:9E,6,0,NONE,2026-08-05T00:52:51.826000
45917,,-67,26,13066,1507,65804,44280,9272719,0,100,19,0,0,B0:CB:D8:C9:92:00,1,0,1,1E:01:D0:40:E0:9E,6,0,NONE,2026-08-05T00:52:52.051000
45917,MGMT_OTHER,-67,26,581,2973,65804,44280,9272939,0,100,19,0,0,B0:CB:D8:C9:92:00,1,0,1,1E:01:D0:40:E0:9E,6,0,NONE,2026-08-05T00:52:52.271000
45917,BEACON,-82,11,0,877,65804,44280,9273116,0,100,19,0,0,B0:CB:D8:C9:92:00,1,0,0,1E:01:D0:40:E0:9E,6,0,NONE,2026-08-05T00:52:52.448000
45917,MGMT_OTHER,-68,25,189,127,65804,44280,9273265,0,100,19,0,0,B0:CB:D8:C9:92:00,1,0,1,1E:01:D0:40:E0:9E,6,0,NONE,2026-08-05T00:52:52.597000
45917,,-67,26,1360,601,65804,44280,9273362,0,100,19,0,0,B0:CB:D8:C9:92:00,1,0,1,1E:01:D0:40:E0:9E,6,0,NONE,2026-08-05T00:52:52.694000
45917,,-67,26,556,1012,65804,44280,9273506,0,100,19,0,0,B0:CB:D8:C9:92:00,1,0,1,1E:01:D0:40:E0:9E,6,0,NONE,2026-08-05T00:52:52.838000
45917,,-68,25,1487,224,65804,44280,9273604,0,100,19,0,0,B0:CB:D8:C9:92:00,1,0,1,1E:01:D0:40:E0:9E,6,0,NONE,2026-08-05T00:52:52.936000
45917,PROBE_RESP,-82,11,907,3,65804,44280,9273715,0,100,19,0,0,B0:CB:D8:C9:92:00,1,0,1,1E:01:D0:40:E0:9E,6,0,NONE,2026-08-05T00:52:53.047000
45917,,-67,26,1573,3821,65804,44280,9273772,0,100,19,0,0,B0:CB:D8:C9:92:00,1,0,1,1E:01:D0:40:E0:9E,6,0,NONE,2026-08-05T00:52:53.104000
45917,,-48,45,3079,2413,65568,44280,9274040,0,100,19,0,0,B0:CB:D8:C9:92:00,1,0,1,1E:01:D0:40:E0:9E,6,0,NONE,2026-08-05T00:52:53.372000
45917,PROBE_RESP,-81,12,0,0,65804,44280,9274292,0,100,19,0,0,B0:CB:D8:C9:92:00,1,0,0,1E:01:D0:40:E0:9E,6,0,NONE,2026-08-05T00:52:53.624000
45917,MGMT_OTHER,-66,27,1535,2985,65804,44280,9274552,0,100,19,0,0,B0:CB:D8:C9:92:00,1,0,1,1E:01:D0:40:E0:9E,6,0,NONE,2026-08-05T00:52:53.884000
45917,MGMT_OTHER,-65,28,294,3071,65804,44280,9274833,0,100,19,0,0,B0:CB:D8:C9:92:00,1,0,1,1E:01:D0:40:E0:9E,6,0,NONE,2026-08-05T00:52:54.165000
45917,,-67,26,2162,3670,65804,44280,9275108,0,100,19,0,0,B0:CB:D8:C9:92:00,1,0,1,1E:01:D0:40:E0:9E,6,0,NONE,2026-08-05T00:52:54.440000
45917,MGMT_OTHER,-67,26,1649,3650,65804,44280,9275270,0,100,19,0,0,B0:CB:D8:C9:92:00,1,0,1,1E:01:D0:40:E0:9E,6,0,NONE,2026-08-05T00:52:54.602000
45917,MGMT_OTHER,-89,4,2619,1042,65804,44280,9275342,0,100,19,0,0,B0:CB:D8:C9:92:00,1,0,1,1E:01:D0:40:E0:9E,6,0,NONE,2026-08-05T00:52:54.674000
45917,,-67,26,1913,608,65804,44280,9275512,0,100,19,0,0,B0:CB:D8:C9:92:00,1,0,1,1E:01:D0:40:E0:9E,6,0,NONE,2026-08-05T00:52:54.844000
45917,,-84,9,1557,740,65804,44280,9275677,0,100,19,0,0,B0:CB:D8:C9:92:00,1,0,1,1E:01:D0:40:E0:9E,6,0,NONE,2026-08-05T00:52:55.009000
45917,,-49,44,1418,2421,65804,44280,9275995,0,100,19,0,0,B0:CB:D8:C9:92:00,1,0,1,1E:01:D0:40:E0:9E,6,0,NONE,2026-08-05T00:52:55.327000
45917,MGMT_OTHER,-89,4,5331,1682,65804,44280,9276161,0,100,19,0,0,B0:CB:D8:C9:92:00,1,0,1,1E:01:D0:40:E0:9E,6,0,NONE,2026-08-05T00:52:55.493000
45917,,-68,25,8971,430,65804,44280,9276320,0,100,19,0,0,B0:CB:D8:C9:92:00,1,0,1,1E:01:D0:40:E0:9E,6,0,NONE,2026-08-05T00:52:55.652000
45917,,-42,51,498,283,65804,44280,9276527,0,100,19,0,0,B0:CB:D8:C9:92:00,1,0,0,1E:01:D0:40:E0:9E,6,0,NONE,2026-08-05T00:52:55.859000
45917,,-69,24,231,140,65804,44280,9276711,0,100,19,0,0,B0:CB:D8:C9:92:00,1,0,1,1E:01:D0:40:E0:9E,6,0,NONE,2026-08-05T00:52:56.043000
45917,,-68,25,402,3583,65804,44280,9276939,0,100,19,0,0,B0:CB:D8:C9:92:00,1,0,1,1E:01:D0:40:E0:9E,6,0,NONE,2026-08-05T00:52:56.271000
45917,PROBE_RESP,-91,2,0,1,65804,44280,9277027,0,100,19,0,0,B0:CB:D8:C9:92:00,1,0,0,1E:01:D0:40:E0:9E,6,0,NONE,2026-08-05T00:52:56.359000
45917,BEACON,-47,46,16999,292,65804,44280,9277204,0,100,19,0,0,B0:CB:D8:C9:92:00,1,0,1,1E:01:D0:40:E0:9E,6,0,NONE,2026-08-05T00:52:56.536000
45917,,-90,3,14255,2872,65804,44280,9277492,0,100,19,0,0,B0:CB:D8:C9:92:00,1,0,1,1E:01:D0:40:E0:9E,6,0,NONE,2026-08-05T00:52:56.824000
45917,BEACON,-60,33,39230,632,65804,44280,9277696,0,100,19,0,0,B0:CB:D8:C9:92:00,1,0,1,1E:01:D0:40:E0:9E,6,0,NONE,2026-08-05T00:52:57.028000
45917,,-68,25,868,3460,65804,44280,9278006,0,100,19,0,0,B0:CB:D8:C9:92:00,1,0,1,1E:01:D0:40:E0:9E,6,0,NONE,2026-08-05T00:52:57.338000
45917,BEACON,-87,6,0,3230,65804,44280,9278312,0,100,19,0,0,B0:CB:D8:C9:92:00,1,0,1,1E:01:D0:40:E0:9E,6,0,NONE,2026-08-05T00:52:57.644000
45917,,-51,42,47127,2432,65804,44280,9278595,0,100,19,0,0,B0:CB:D8:C9:92:00,1,0,1,1E:01:D0:40:E0:9E,6,0,NONE,2026-08-05T00:52:57.927000
45917,,-66,27,401,1855,65804,44280,9278932,0,100,19,0,0,B0:CB:D8:C9:92:00,1,0,1,1E:01:D0:40:E0:9E,6,0,NONE,2026-08-05T00:52:58.264000
45917,MGMT_OTHER,-69,24,937,2050,65804,44280,9279238,0,100,19,0,0,B0:CB:D8:C9:92:00,1,0,0,1E:01:D0:40:E0:9E,6,0,NONE,2026-08-05T00:52:58.570000
45917,BEACON,-93,0,0,65,65804,44280,9279542,0,100,19,0,0,B0:CB:D8:C9:92:00,1,0,1,1E:01:D0:40:E0:9E,6,0,NONE,2026-08-05T00:52:58.874000
45917,,-65,28,2245,1399,65804,44280,9279671,0,100,19,0,0,B0:CB:D8:C9:92:00,1,0,1,1E:01:D0:40:E0:9E,6,0,NONE,2026-08-05T00:52:59.003000
45917,MGMT_OTHER,-70,23,2042,3842,65804,44280,9279972,0,100,19,0,0,B0:CB:D8:C9:92:00,1,0,1,1E:01:D0:40:E0:9E,6,0,NONE,2026-08-05T00:52:59.304000
45917,MGMT_OTHER,-65,28,185,3528,65804,44280,9280095,0,100,19,0,0,B0:CB:D8:C9:92:00,1,0,1,1E:01:D0:40:E0:9E,6,0,NONE,2026-08-05T00:52:59.427000
45917,,-65,28,2928,315,65804,44280,9280277,0,100,19,0,0,B0:CB:D8:C9:92:00,1,0,0,1E:01:D0:40:E0:9E,6,0,NONE,2026-08-05T00:52:59.609000
45917,,-65,28,11080,1772,65804,44280,9280520,0,100,19,0,0,B0:CB:D8:C9:92:00,1,0,1,1E:01:D0:40:E0:9E,6,0,NONE,2026-08-05T00:52:59.852000
45917,MGMT_OTHER,-69,24,1597,1448,65804,44280,9280740,0,100,19,0,0,B0:CB:D8:C9:92:00,1,0,1,1E:01:D0:40:E0:9E,6,0,NONE,2026-08-05T00:53:00.072000
45917,MGMT_OTHER,-66,27,1544,1863,65804,44280,9280976,0,100,19,0,0,B0:CB:D8:C9:92:00,1,0,1,1E:01:D0:40:E0:9E,6,0,NONE,2026-08-05T00:53:00.308000
45917,BEACON,-69,24,312,770,65804,44280,9281138,0,100,19,0,0,B0:CB:D8:C9:92:00,1,0,1,1E:01:D0:40:E0:9E,6,0,NONE,2026-08-05T00:53:00.470000
45917,,-66,27,329,2801,65804,44280,9281287,0,100,19,0,0,B0:CB:D8:C9:92:00,1,0,1,1E:01:D0:40:E0:9E,6,0,NONE,2026-08-05T00:53:00.619000
45917,PROBE_RESP,-58,35,0,2610,65804,44280,9281420,0,100,19,0,0,B0:CB:D8:C9:92:00,1,0,1,1E:01:D0:40:E0:9E,6,0,NONE,2026-08-05T00:53:00.752000
45917,MGMT_OTHER,-70,23,339,3499,65804,44280,9281599,0,100,19,0,0,B0:CB:D8:C9:92:00,1,0,1,1E:01:D0:40:E0:9E,6,0,NONE,2026-08-05T00:53:00.931000
45917,,-67,26,1409,2741,65804,44280,9281794,0,100,19,0,0,B0:CB:D8:C9:92:00,1,0,1,1E:01:D0:40:E0:9E,6,0,NONE,2026-08-05T00:53:01.126000
45917,MGMT_OTHER,-69,24,712,1020,65804,44280,9282011,0,100,19,0,0,B0:CB:D8:C9:92:00,1,0,1,1E:01:D0:40:E0:9E,6,0,NONE,2026-08-05T00:53:01.343000
45917,BEACON,-77,16,0,967,65804,44280,9282349,0,100,19,0,0,B0:CB:D8:C9:92:00,1,0,0,1E:01:D0:40:E0:9E,6,0,NONE,2026-08-05T00:53:01.681000
45917,MGMT_OTHER,-70,23,654,2973,65804,44280,9282480,0,100,19,0,0,B0:CB:D8:C9:92:00,1,0,1,1E:01:D0:40:E0:9E,6,0,NONE,2026-08-05T00:53:01.812000
45917,MGMT_OTHER,-68,25,689,233,65804,44280,9282646,0,100,19,0,0,B0:CB:D8:C9:92:00,1,0,1,1E:01:D0:40:E0:9E,6,0,NONE,2026-08-05T00:53:01.978000
45917,MGMT_OTHER,-69,24,2718,60,65804,44280,9282859,0,100,19,0,0,B0:CB:D8:C9:92:00,1,0,1,1E:01:D0:40:E0:9E,6,0,NONE,2026-08-05T00:53:02.191000
45917,MGMT_OTHER,-66,27,824,287,65804,44280,9283132,0,100,19,0,0,B0:CB:D8:C9:92:00,1,0,1,1E:01:D0:40:E0:9E,6,0,NONE,2026-08-05T00:53:02.464000
45917,MGMT_OTHER,-70,23,11285,3936,65804,44280,9283288,0,100,19,0,0,B0:CB:D8:C9:92:00,1,0,1,1E:01:D0:40:E0:9E,6,0,NONE,2026-08-05T00:53:02.620000
45917,BEACON,-79,14,0,978,65804,44280,9283459,0,100,19,0,0,B0:CB:D8:C9:92:00,1,0,0,1E:01:D0:40:E0:9E,6,0,NONE,2026-08-05T00:53:02.791000
45917,MGMT_OTHER,-69,24,1599,257,65804,44280,9283601,0,100,19,0,0,B0:CB:D8:C9:92:00,1,0,1,1E:01:D0:40:E0:9E,6,0,NONE,2026-08-05T00:53:02.933000
45917,MGMT_OTHER,-70,23,281,2805,65804,44280,9283746,0,100,19,0,0,B0:CB:D8:C9:92:00,1,0,1,1E:01:D0:40:E0:9E,6,0,NONE,2026-08-05T00:53:03.078000
45917,MGMT_OTHER,-69,24,700,502,65804,44280,9284004,0,100,19,0,0,B0:CB:D8:C9:92:00,1,0,1,1E:01:D0:40:E0:9E,6,0,NONE,2026-08-05T00:53:03.336000
45917,,-68,25,512,2161,65804,44280,9284177,0,100,19,0,0,B0:CB:D8:C9:92:00,1,0,1,1E:01:D0:40:E0:9E,6,0,NONE,2026-08-05T00:53:03.509000
45917,,-69,24,4188,534,65804,44280,9284356,0,100,19,0,0,B0:CB:D8:C9:92:00,1,0,1,1E:01:D0:40:E0:9E,6,0,NONE,2026-08-05T00:53:03.688000
45917,BEACON,-82,11,1107,1026,65804,44280,9284584,0,100,19,0,0,B0:CB:D8:C9:92:00,1,0,1,1E:01:D0:40:E0:9E,6,0,NONE,2026-08-05T00:53:03.916000
45917,PROBE_RESP,-61,32,0,2457,65804,44280,9284840,0,100,19,0,0,B0:CB:D8:C9:92:00,1,0,0,1E:01:D0:40:E0:9E,6,0,NONE,2026-08-05T00:53:04.172000
45917,MGMT_OTHER,-66,27,1426,3319,65804,44280,9285174,0,100,19,0,0,B0:CB:D8:C9:92:00,1,0,0,1E:01:D0:40:E0:9E,6,0,NONE,2026-08-05T00:53:04.506000
45917,,-66,27,11032,1582,65804,44280,9285332,0,100,19,0,0,B0:CB:D8:C9:92:00,1,0,1,1E:01:D0:40:E0:9E,6,0,NONE,2026-08-05T00:53:04.664000
45917,,-69,24,344,410,65804,44280,9285447,0,100,19,0,0,B0:CB:D8:C9:92:00,1,0,1,1E:01:D0:40:E0:9E,6,0,NONE,2026-08-05T00:53:04.779000
45917,MGMT_OTHER,-69,24,186,1391,65804,44280,9285690,0,100,19,0,0,B0:CB:D8:C9:92:00,1,0,1,1E:01:D0:40:E0:9E,6,0,NONE,2026-08-05T00:53:05.022000
45917,BEACON,-84,9,11293,1038,65804,44280,9285813,0,100,19,0,0,B0:CB:D8:C9:92:00,1,0,1,1E:01:D0:40:E0:9E,6,0,NONE,2026-08-05T00:53:05.145000
45917,,-69,24,1760,1474,65804,44280,9285947,0,100,19,0,0,B0:CB:D8:C9:92:00,1,0,1,1E:01:D0:40:E0:9E,6,0,NONE,2026-08-05T00:53:05.279000
45917,,-58,35,83,402,65804,44280,9286069,0,100,19,0,0,B0:CB:D8:C9:92:00,1,0,1,1E:01:D0:40:E0:9E,6,0,NONE,2026-08-05T00:53:05.401000
45917,,-70,23,173,1151,65804,44280,9286204,0,100,19,0,0,B0:CB:D8:C9:92:00,1,0,1,1E:01:D0:40:E0:9E,6,0,NONE,2026-08-05T00:53:05.536000
45917,BEACON,-46,47,87,411,65804,44280,9286319,0,100,19,0,0,B0:CB:D8:C9:92:00,1,0,1,1E:01:D0:40:E0:9E,6,0,NONE,2026-08-05T00:53:05.651000
45917,,-69,24,425,3482,65804,44280,9286457,0,100,19,0,0,B0:CB:D8:C9:92:00,1,0,1,1E:01:D0:40:E0:9E,6,0,NONE,2026-08-05T00:53:05.789000
45917,,-67,26,587,678,65804,44280,9286568,0,100,19,0,0,B0:CB:D8:C9:92:00,1,0,1,1E:01:D0:40:E0:9E,6,0,NONE,2026-08-05T00:53:05.900000
45917,,-83,10,0,746,65804,44280,9286639,0,100,19,0,0,B0:CB:D8:C9:92:00,1,0,1,1E:01:D0:40:E0:9E,6,0,NONE,2026-08-05T00:53:05.971000
45917,MGMT_OTHER,-69,24,14501,3529,65804,44280,9286811,0,100,19,0,0,B0:CB:D8:C9:92:00,1,0,1,1E:01:D0:40:E0:9E,6,0,NONE,2026-08-05T00:53:06.143000
45917,,-82,11,0,877,65804,44280,9286960,0,100,19,0,0,B0:CB:D8:C9:92:00,1,0,1,1E:01:D0:40:E0:9E,6,0,NONE,2026-08-05T00:53:06.292000
45917,,-70,23,4382,2375,65804,44280,9287143,0,100,19,0,0,B0:CB:D8:C9:92:00,1,0,1,1E:01:D0:40:E0:9E,6,0,NONE,2026-08-05T00:53:06.475000
45917,MGMT_OTHER,-66,27,918,412,65804,44280,9287281,0,100,19,0,0,B0:CB:D8:C9:92:00,1,0,1,1E:01:D0:40:E0:9E,6,0,NONE,2026-08-05T00:53:06.613000
45917,PROBE_RESP,-88,5,0,0,65804,44280,9287387,0,100,19,0,0,B0:CB:D8:C9:92:00,1,0,0,1E:01:D0:40:E0:9E,6,0,NONE,2026-08-05T00:53:06.719000
45917,,-82,11,392,750,65804,44280,9287561,0,100,19,0,0,B0:CB:D8:C9:92:00,1,0,0,1E:01:D0:40:E0:9E,6,0,NONE,2026-08-05T00:53:06.893000
45917,,-68,25,272,2824,65804,44280,9287594,0,100,19,0,0,B0:CB:D8:C9:92:00,1,0,1,1E:01:D0:40:E0:9E,6,0,NONE,2026-08-05T00:53:06.925717
45917,,-70,23,288,260,65804,44280,9287747,0,100,19,0,0,B0:CB:D8:C9:92:00,1,0,1,1E:01:D0:40:E0:9E,6,0,NONE,2026-08-05T00:53:07.078717
45917,MGMT_OTHER,-70,23,158,1351,65804,44280,9287790,0,100,19,0,0,B0:CB:D8:C9:92:00,1,0,1,1E:01:D0:40:E0:9E,6,0,NONE,2026-08-05T00:53:07.121168
45917,,-72,21,938,1243,65804,44280,9287882,0,100,19,0,0,B0:CB:D8:C9:92:00,1,0,1,1E:01:D0:40:E0:9E,6,0,NONE,2026-08-05T00:53:07.213168
45917,MGMT_OTHER,13,13,0,0,65804,44280,9287977,0,100,19,0,0,B0:CB:D8:C9:92:00,1,0,0,1E:01:D0:40:E0:9E,6,0,NONE,2026-08-05T00:53:07.308168
45917,,-67,26,552,3634,65804,44280,9288194,0,100,19,0,0,B0:CB:D8:C9:92:00,1,0,1,1E:01:D0:40:E0:9E,6,0,NONE,2026-08-05T00:53:07.525168
45917,BEACON,-82,11,508,1063,65804,44280,9288373,0,100,19,0,0,B0:CB:D8:C9:92:00,1,0,1,1E:01:D0:40:E0:9E,6,0,NONE,2026-08-05T00:53:07.704168
45917,BEACON,-63,30,43453,739,65804,44280,9288653,0,100,19,0,0,B0:CB:D8:C9:92:00,1,0,1,1E:01:D0:40:E0:9E,6,0,NONE,2026-08-05T00:53:07.984168
45917,MGMT_OTHER,-69,24,7247,3577,65804,44280,9288871,0,100,19,0,0,B0:CB:D8:C9:92:00,1,0,1,1E:01:D0:40:E0:9E,6,0,NONE,2026-08-05T00:53:08.202168
45917,MGMT_OTHER,-67,26,3381,3148,65804,44280,9289124,0,100,19,0,0,B0:CB:D8:C9:92:00,1,0,1,1E:01:D0:40:E0:9E,6,0,NONE,2026-08-05T00:53:08.455168
45917,,-66,27,2119,2636,65804,44280,9289313,0,100,19,0,0,B0:CB:D8:C9:92:00,1,0,1,1E:01:D0:40:E0:9E,6,0,NONE,2026-08-05T00:53:08.644168
45917,,-66,27,473,3543,65804,44280,9289530,0,100,19,0,0,B0:CB:D8:C9:92:00,1,0,1,1E:01:D0:40:E0:9E,6,0,NONE,2026-08-05T00:53:08.861168
45917,MGMT_OTHER,-69,24,247,206,65804,44280,9289617,0,100,19,0,0,B0:CB:D8:C9:92:00,1,0,1,1E:01:D0:40:E0:9E,6,0,NONE,2026-08-05T00:53:08.948168
45917,BEACON,-61,32,0,751,65716,44280,9289882,0,100,19,0,0,B0:CB:D8:C9:92:00,1,0,1,1E:01:D0:40:E0:9E,6,0,NONE,2026-08-05T00:53:09.213168
45917,,-71,22,2461,913,65804,44280,9290129,0,100,19,0,0,B0:CB:D8:C9:92:00,1,0,1,1E:01:D0:40:E0:9E,6,0,NONE,2026-08-05T00:53:09.460168
45917,,-67,26,338,3475,65804,44280,9290366,0,100,19,0,0,B0:CB:D8:C9:92:00,1,0,1,1E:01:D0:40:E0:9E,6,0,NONE,2026-08-05T00:53:09.697168
45917,,-68,25,399,270,65804,44280,9290653,0,100,19,0,0,B0:CB:D8:C9:92:00,1,0,1,1E:01:D0:40:E0:9E,6,0,NONE,2026-08-05T00:53:09.984168
45917,PROBE_RESP,-91,2,0,0,65804,44280,9290851,0,100,19,0,0,B0:CB:D8:C9:92:00,1,0,0,1E:01:D0:40:E0:9E,6,0,NONE,2026-08-05T00:53:10.182168
45917,PROBE_RESP,-85,8,0,0,65804,44280,9290974,0,100,19,0,0,B0:CB:D8:C9:92:00,1,0,0,1E:01:D0:40:E0:9E,6,0,NONE,2026-08-05T00:53:10.305168
45917,,-66,27,998,2163,65804,44280,9291141,0,100,19,0,0,B0:CB:D8:C9:92:00,1,0,1,1E:01:D0:40:E0:9E,6,0,NONE,2026-08-05T00:53:10.472168
45917,MGMT_OTHER,-69,24,1532,365,65804,44280,9291332,0,100,19,0,0,B0:CB:D8:C9:92:00,1,0,1,1E:01:D0:40:E0:9E,6,0,NONE,2026-08-05T00:53:10.663168
45917,MGMT_OTHER,-87,6,15517,3592,65804,44280,9291465,0,100,19,0,0,B0:CB:D8:C9:92:00,1,0,1,1E:01:D0:40:E0:9E,6,0,NONE,2026-08-05T00:53:10.796168
45917,,-68,25,200,3209,65804,44280,9291586,0,100,19,0,0,B0:CB:D8:C9:92:00,1,0,1,1E:01:D0:40:E0:9E,6,0,NONE,2026-08-05T00:53:10.917168
45917,MGMT_OTHER,-69,24,186,119,65804,44280,9291665,0,100,19,0,0,B0:CB:D8:C9:92:00,1,0,1,1E:01:D0:40:E0:9E,6,0,NONE,2026-08-05T00:53:10.996168
45917,,-69,24,1403,3378,65804,44280,9291741,0,100,19,0,0,B0:CB:D8:C9:92:00,1,0,1,1E:01:D0:40:E0:9E,6,0,NONE,2026-08-05T00:53:11.072168
45917,BEACON,-60,33,88,770,65804,44280,9291828,0,100,19,0,0,B0:CB:D8:C9:92:00,1,0,1,1E:01:D0:40:E0:9E,6,0,NONE,2026-08-05T00:53:11.159168
45917,,-69,24,439,3230,65804,44280,9292005,0,100,19,0,0,B0:CB:D8:C9:92:00,1,0,1,1E:01:D0:40:E0:9E,6,0,NONE,2026-08-05T00:53:11.336168
45917,MGMT_OTHER,-68,25,30979,268,65804,44280,9292209,0,100,19,0,0,B0:CB:D8:C9:92:00,1,0,1,1E:01:D0:40:E0:9E,6,0,NONE,2026-08-05T00:53:11.540168
45917,,-69,24,352,2105,65804,44280,9292388,0,100,19,0,0,B0:CB:D8:C9:92:00,1,0,1,1E:01:D0:40:E0:9E,6,0,NONE,2026-08-05T00:53:11.719168
45917,BEACON,-47,46,106,491,65804,44280,9292565,0,100,19,0,0,B0:CB:D8:C9:92:00,1,0,1,1E:01:D0:40:E0:9E,6,0,NONE,2026-08-05T00:53:11.896168
45917,,-69,24,466,3598,65804,44280,9292761,0,100,19,0,0,B0:CB:D8:C9:92:00,1,0,1,1E:01:D0:40:E0:9E,6,0,NONE,2026-08-05T00:53:12.092168
45917,MGMT_OTHER,-70,23,1853,3380,65804,44280,9292908,0,100,19,0,0,B0:CB:D8:C9:92:00,1,0,1,1E:01:D0:40:E0:9E,6,0,NONE,2026-08-05T00:53:12.239168
45917,,-68,25,3266,2791,65804,44280,9293107,0,100,19,0,0,B0:CB:D8:C9:92:00,1,0,1,1E:01:D0:40:E0:9E,6,0,NONE,2026-08-05T00:53:12.438168
45917,,-69,24,22313,2100,65804,44280,9293413,0,100,19,0,0,B0:CB:D8:C9:92:00,1,0,1,1E:01:D0:40:E0:9E,6,0,NONE,2026-08-05T00:53:12.744168
45917,,-70,23,2818,3287,65804,44280,9293578,0,100,19,0,0,B0:CB:D8:C9:92:00,1,0,1,1E:01:D0:40:E0:9E,6,0,NONE,2026-08-05T00:53:12.909168
45917,MGMT_OTHER,-69,24,323,4013,65804,44280,9293708,0,100,19,0,0,B0:CB:D8:C9:92:00,1,0,1,1E:01:D0:40:E0:9E,6,0,NONE,2026-08-05T00:53:13.039168
45917,,-69,24,462,102,65804,44280,9293915,0,100,19,0,0,B0:CB:D8:C9:92:00,1,0,1,1E:01:D0:40:E0:9E,6,0,NONE,2026-08-05T00:53:13.246168
45917,,-68,25,9604,465,65804,44280,9294153,0,100,19,0,0,B0:CB:D8:C9:92:00,1,0,1,1E:01:D0:40:E0:9E,6,0,NONE,2026-08-05T00:53:13.484168
45917,,-49,44,1400,2503,65804,44280,9294314,0,100,19,0,0,B0:CB:D8:C9:92:00,1,0,1,1E:01:D0:40:E0:9E,6,0,NONE,2026-08-05T00:53:13.645168
45917,BEACON,-85,8,0,1086,65804,44280,9294518,0,100,19,0,0,B0:CB:D8:C9:92:00,1,0,0,1E:01:D0:40:E0:9E,6,0,NONE,2026-08-05T00:53:13.849168
45917,MGMT_OTHER,-72,21,321,2400,65804,44280,9294706,0,100,19,0,0,B0:CB:D8:C9:92:00,1,0,1,1E:01:D0:40:E0:9E,6,0,NONE,2026-08-05T00:53:14.037168
45917,MGMT_OTHER,-66,27,15869,527,65804,44280,9294943,0,100,19,0,0,B0:CB:D8:C9:92:00,1,0,1,1E:01:D0:40:E0:9E,6,0,NONE,2026-08-05T00:53:14.274168
45917,,-67,26,6474,173,65804,44280,9295076,0,100,19,0,0,B0:CB:D8:C9:92:00,1,0,1,1E:01:D0:40:E0:9E,6,0,NONE,2026-08-05T00:53:14.407168
45917,,-49,44,102,525,65804,44280,9295247,0,100,19,0,0,B0:CB:D8:C9:92:00,1,0,1,1E:01:D0:40:E0:9E,6,0,NONE,2026-08-05T00:53:14.578168
45917,BEACON,-71,22,3175,2984,65804,44280,9295464,0,100,19,0,0,B0:CB:D8:C9:92:00,1,0,1,1E:01:D0:40:E0:9E,6,0,NONE,2026-08-05T00:53:14.795168
45917,,-67,26,1936,1910,65804,44280,9295580,0,100,19,0,0,B0:CB:D8:C9:92:00,1,0,1,1E:01:D0:40:E0:9E,6,0,NONE,2026-08-05T00:53:14.911168
45917,,-71,22,1476,3804,65804,44280,9295731,0,100,19,0,0,B0:CB:D8:C9:92:00,1,0,1,1E:01:D0:40:E0:9E,6,0,NONE,2026-08-05T00:53:15.062168
45917,BEACON,-70,23,366,3842,65804,44280,9295992,0,100,19,0,0,B0:CB:D8:C9:92:00,1,0,1,1E:01:D0:40:E0:9E,6,0,NONE,2026-08-05T00:53:15.323168
45917,,-67,26,1626,545,65804,44280,9296191,0,100,19,0,0,B0:CB:D8:C9:92:00,1,0,1,1E:01:D0:40:E0:9E,6,0,NONE,2026-08-05T00:53:15.522168
45917,BEACON,-85,8,11544,1142,65804,44280,9296463,0,100,19,0,0,B0:CB:D8:C9:92:00,1,0,1,1E:01:D0:40:E0:9E,6,0,NONE,2026-08-05T00:53:15.794168
45917,BEACON,-59,34,35983,817,65804,44280,9296641,0,100,19,0,0,B0:CB:D8:C9:92:00,1,0,1,1E:01:D0:40:E0:9E,6,0,NONE,2026-08-05T00:53:15.972168
45917,BEACON,-86,7,0,3411,65804,44280,9296847,0,100,19,0,0,B0:CB:D8:C9:92:00,1,0,1,1E:01:D0:40:E0:9E,6,0,NONE,2026-08-05T00:53:16.178168
45917,PROBE_RESP,-83,10,0,98,65804,44280,9297105,0,100,19,0,0,B0:CB:D8:C9:92:00,1,0,0,1E:01:D0:40:E0:9E,6,0,NONE,2026-08-05T00:53:16.436168
45917,BEACON,-47,46,0,554,65804,44280,9297276,0,100,19,0,0,B0:CB:D8:C9:92:00,1,0,1,1E:01:D0:40:E0:9E,6,0,NONE,2026-08-05T00:53:16.607168
45917,BEACON,-59,34,5461,825,65804,44280,9297461,0,100,19,0,0,B0:CB:D8:C9:92:00,1,0,1,1E:01:D0:40:E0:9E,6,0,NONE,2026-08-05T00:53:16.792168
45917,MGMT_OTHER,-69,24,186,206,65804,44280,9297521,0,100,19,0,0,B0:CB:D8:C9:92:00,1,0,1,1E:01:D0:40:E0:9E,6,0,NONE,2026-08-05T00:53:16.852168
45917,PROBE_RESP,-89,4,0,0,65804,44280,9297679,0,100,19,0,0,B0:CB:D8:C9:92:00,1,0,0,1E:01:D0:40:E0:9E,6,0,NONE,2026-08-05T00:53:17.010168
45917,PROBE_RESP,-90,3,0,1,65804,44280,9297808,0,100,19,0,0,B0:CB:D8:C9:92:00,1,0,1,1E:01:D0:40:E0:9E,6,0,NONE,2026-08-05T00:53:17.139168
45917,BEACON,-90,3,0,3423,65804,44280,9298077,0,100,19,0,0,B0:CB:D8:C9:92:00,1,0,1,1E:01:D0:40:E0:9E,6,0,NONE,2026-08-05T00:53:17.408168
45917,,-68,25,1161,4063,65804,44280,9298221,0,100,19,0,0,B0:CB:D8:C9:92:00,1,0,1,1E:01:D0:40:E0:9E,6,0,NONE,2026-08-05T00:53:17.552168
45917,,-69,24,2995,1419,65804,44280,9298498,0,100,19,0,0,B0:CB:D8:C9:92:00,1,0,1,1E:01:D0:40:E0:9E,6,0,NONE,2026-08-05T00:53:17.829168
45917,MGMT_OTHER,-70,23,1650,824,65804,44280,9298740,0,100,19,0,0,B0:CB:D8:C9:92:00,1,0,1,1E:01:D0:40:E0:9E,6,0,NONE,2026-08-05T00:53:18.071168
45917,PROBE_RESP,-85,8,0,7,65804,44280,9298950,0,100,19,0,0,B0:CB:D8:C9:92:00,1,0,1,1E:01:D0:40:E0:9E,6,0,NONE,2026-08-05T00:53:18.281168
45917,,-70,23,7065,651,65804,44280,9299148,0,100,19,0,0,B0:CB:D8:C9:92:00,1,0,1,1E:01:D0:40:E0:9E,6,0,NONE,2026-08-05T00:53:18.479168
45917,BEACON,-70,23,803,352,65804,44280,9299305,0,100,19,0,0,B0:CB:D8:C9:92:00,1,0,1,1E:01:D0:40:E0:9E,6,0,NONE,2026-08-05T00:53:18.636168
45917,MGMT_OTHER,-71,22,12524,586,65804,44280,9299481,0,100,19,0,0,B0:CB:D8:C9:92:00,1,0,1,1E:01:D0:40:E0:9E,6,0,NONE,2026-08-05T00:53:18.812168
45917,,-72,21,808,710,65804,44280,9299568,0,100,19,0,0,B0:CB:D8:C9:92:00,1,0,1,1E:01:D0:40:E0:9E,6,0,NONE,2026-08-05T00:53:18.899168
45917,MGMT_OTHER,-70,23,247,833,65804,44280,9299649,0,100,19,0,0,B0:CB:D8:C9:92:00,1,0,1,1E:01:D0:40:E0:9E,6,0,NONE,2026-08-05T00:53:18.980168
45917,MGMT_OTHER,-70,23,1890,1488,65804,44280,9299865,0,100,19,0,0,B0:CB:D8:C9:92:00,1,0,1,1E:01:D0:40:E0:9E,6,0,NONE,2026-08-05T00:53:19.196168
45917,MGMT_OTHER,-71,22,861,4021,65804,44280,9300099,0,100,19,0,0,B0:CB:D8:C9:92:00,1,0,1,1E:01:D0:40:E0:9E,6,0,NONE,2026-08-05T00:53:19.430168
45917,MGMT_OTHER,-71,22,361,3398,65804,44280,9300234,0,100,19,0,0,B0:CB:D8:C9:92:00,1,0,1,1E:01:D0:40:E0:9E,6,0,NONE,2026-08-05T00:53:19.565168
45917,MGMT_OTHER,-71,22,402,1744,65804,44280,9300386,0,100,19,0,0,B0:CB:D8:C9:92:00,1,0,1,1E:01:D0:40:E0:9E,6,0,NONE,2026-08-05T00:53:19.717168
45917,MGMT_OTHER,-70,23,337,2789,65804,44280,9300637,0,100,19,0,0,B0:CB:D8:C9:92:00,1,0,1,1E:01:D0:40:E0:9E,6,0,NONE,2026-08-05T00:53:19.968168
45917,MGMT_OTHER,-70,23,6549,2115,65804,44280,9300749,0,100,19,0,0,B0:CB:D8:C9:92:00,1,0,1,1E:01:D0:40:E0:9E,6,0,NONE,2026-08-05T00:53:20.080168
45917,BEACON,-49,44,0,609,65804,44280,9300963,0,100,19,0,0,B0:CB:D8:C9:92:00,1,0,1,1E:01:D0:40:E0:9E,6,0,NONE,2026-08-05T00:53:20.294168
45917,,-69,24,200,2190,65804,44280,9301074,0,100,19,0,0,B0:CB:D8:C9:92:00,1,0,1,1E:01:D0:40:E0:9E,6,0,NONE,2026-08-05T00:53:20.405168
45917,MGMT_OTHER,-72,21,523,2697,65804,44280,9301181,0,100,19,0,0,B0:CB:D8:C9:92:00,1,0,1,1E:01:D0:40:E0:9E,6,0,NONE,2026-08-05T00:53:20.512168
45917,MGMT_OTHER,-72,21,942,3758,65804,44280,9301278,0,100,19,0,0,B0:CB:D8:C9:92:00,1,0,1,1E:01:D0:40:E0:9E,6,0,NONE,2026-08-05T00:53:20.609168
45917,MGMT_OTHER,-70,23,278,12,65804,44280,9301362,0,100,19,0,0,B0:CB:D8:C9:92:00,1,0,0,1E:01:D0:40:E0:9E,6,0,NONE,2026-08-05T00:53:20.693168
45917,,-69,24,434,894,65804,44280,9301599,0,100,19,0,0,B0:CB:D8:C9:92:00,1,0,1,1E:01:D0:40:E0:9E,6,0,NONE,2026-08-05T00:53:20.930168
45917,,-73,20,10788,2096,65804,44280,9301658,0,100,19,0,0,B0:CB:D8:C9:92:00,1,0,1,1E:01:D0:40:E0:9E,6,0,NONE,2026-08-05T00:53:20.989168
45917,,-69,24,544,1032,65804,44280,9301727,0,100,19,0,0,B0:CB:D8:C9:92:00,1,0,1,1E:01:D0:40:E0:9E,6,0,NONE,2026-08-05T00:53:21.058168
45917,MGMT_OTHER,-71,22,649,1590,65804,44280,9301814,0,100,19,0,0,B0:CB:D8:C9:92:00,1,0,1,1E:01:D0:40:E0:9E,6,0,NONE,2026-08-05T00:53:21.145168
45917,MGMT_OTHER,-69,24,9015,662,65804,44280,9301927,0,100,19,0,0,B0:CB:D8:C9:92:00,1,0,1,1E:01:D0:40:E0:9E,6,0,NONE,2026-08-05T00:53:21.258168
45917,MGMT_OTHER,-70,23,182,3191,65804,44280,9302001,0,100,19,0,0,B0:CB:D8:C9:92:00,1,0,1,1E:01:D0:40:E0:9E,6,0,NONE,2026-08-05T00:53:21.332168
45917,,-69,24,261,1180,65804,44280,9302175,0,100,19,0,0,B0:CB:D8:C9:92:00,1,0,0,1E:01:D0:40:E0:9E,6,0,NONE,2026-08-05T00:53:21.506168
45917,BEACON,-45,48,2270,631,65804,44280,9302294,0,100,19,0,0,B0:CB:D8:C9:92:00,1,0,1,1E:01:D0:40:E0:9E,6,0,NONE,2026-08-05T00:53:21.625168
45917,,-47,46,198,2545,65804,44280,9302404,0,100,19,0,0,B0:CB:D8:C9:92:00,1,0,0,1E:01:D0:40:E0:9E,6,0,NONE,2026-08-05T00:53:21.735168
45917,,-47,46,1009,634,64072,44280,9302569,0,100,19,0,0,B0:CB:D8:C9:92:00,1,0,1,1E:01:D0:40:E0:9E,6,0,NONE,2026-08-05T00:53:21.900168
45917,,-71,22,300,797,65804,44280,9302734,0,100,19,0,0,B0:CB:D8:C9:92:00,1,0,1,1E:01:D0:40:E0:9E,6,0,NONE,2026-08-05T00:53:22.065168
45917,,-86,7,240,568,65804,44280,9302917,0,100,19,0,0,B0:CB:D8:C9:92:00,1,0,0,1E:01:D0:40:E0:9E,6,0,NONE,2026-08-05T00:53:22.248168
45917,,-71,22,1822,3675,65804,44280,9303123,0,100,19,0,0,B0:CB:D8:C9:92:00,1,0,1,1E:01:D0:40:E0:9E,6,0,NONE,2026-08-05T00:53:22.454168
45917,,-71,22,340,2476,65804,44280,9303307,0,100,19,0,0,B0:CB:D8:C9:92:00,1,0,1,1E:01:D0:40:E0:9E,6,0,NONE,2026-08-05T00:53:22.638168
45917,,-71,22,167,1165,65804,44280,9303464,0,100,19,0,0,B0:CB:D8:C9:92:00,1,0,1,1E:01:D0:40:E0:9E,6,0,NONE,2026-08-05T00:53:22.795168
45917,MGMT_OTHER,-71,22,275,2807,65804,44280,9303667,0,100,19,0,0,B0:CB:D8:C9:92:00,1,0,1,1E:01:D0:40:E0:9E,6,0,NONE,2026-08-05T00:53:22.998168
45917,,-50,43,163,2555,65804,44280,9303940,0,100,19,0,0,B0:CB:D8:C9:92:00,1,0,0,1E:01:D0:40:E0:9E,6,0,NONE,2026-08-05T00:53:23.271168
45917,,-71,22,711,1745,65804,44280,9304173,0,100,19,0,0,B0:CB:D8:C9:92:00,1,0,1,1E:01:D0:40:E0:9E,6,0,NONE,2026-08-05T00:53:23.504168
45917,,-70,23,491,3044,65804,44280,9304476,0,100,19,0,0,B0:CB:D8:C9:92:00,1,0,1,1E:01:D0:40:E0:9E,6,0,NONE,2026-08-05T00:53:23.807168
45917,PROBE_RESP,-89,4,2590,3,65804,44280,9304663,0,100,19,0,0,B0:CB:D8:C9:92:00,1,0,1,1E:01:D0:40:E0:9E,6,0,NONE,2026-08-05T00:53:23.994168
45917,,-96,-3,1583,1455,65804,44280,9304835,0,100,19,0,0,B0:CB:D8:C9:92:00,1,0,1,1E:01:D0:40:E0:9E,6,0,NONE,2026-08-05T00:53:24.166168
45917,MGMT_OTHER,-71,22,1994,3652,65804,44280,9305083,0,100,19,0,0,B0:CB:D8:C9:92:00,1,0,1,1E:01:D0:40:E0:9E,6,0,NONE,2026-08-05T00:53:24.414168
45917,,-70,23,533,3522,65804,44280,9305257,0,100,19,0,0,B0:CB:D8:C9:92:00,0,0,1,1E:01:D0:40:E0:9E,6,0,NONE,2026-08-05T00:53:24.588168
45917,BEACON,-69,24,357,3936,65804,44280,9305312,0,100,19,0,0,B0:CB:D8:C9:92:00,0,0,1,1E:01:D0:40:E0:9E,6,0,NONE,2026-08-05T00:53:24.643168
45917,MGMT_OTHER,-69,24,2916,2856,65804,44280,9305391,0,100,19,0,0,B0:CB:D8:C9:92:00,1,0,1,1E:01:D0:40:E0:9E,6,0,NONE,2026-08-05T00:53:24.722168
45917,PROBE_RESP,-79,14,0,0,65804,44280,9305503,0,100,19,0,0,B0:CB:D8:C9:92:00,1,0,0,1E:01:D0:40:E0:9E,6,0,NONE,2026-08-05T00:53:24.834168
45917,MGMT_OTHER,-67,26,1433,2857,65804,44280,9305618,0,100,19,0,0,B0:CB:D8:C9:92:00,1,0,1,1E:01:D0:40:E0:9E,6,0,NONE,2026-08-05T00:53:24.949168
45917,MGMT_OTHER,-69,24,252,569,65804,44280,9305859,0,100,19,0,0,B0:CB:D8:C9:92:00,1,0,1,1E:01:D0:40:E0:9E,6,0,NONE,2026-08-05T00:53:25.190168
45917,,-68,25,741,148,65804,44280,9306169,0,100,19,0,0,B0:CB:D8:C9:92:00,1,0,0,1E:01:D0:40:E0:9E,6,0,NONE,2026-08-05T00:53:25.500168
45917,BEACON,-80,13,0,1201,65728,44280,9306295,0,100,19,0,0,B0:CB:D8:C9:92:00,1,0,0,1E:01:D0:40:E0:9E,6,0,NONE,2026-08-05T00:53:25.626168
45917,BEACON,-83,10,20808,1241,65804,44280,9306602,0,100,19,0,0,B0:CB:D8:C9:92:00,1,0,1,1E:01:D0:40:E0:9E,6,0,NONE,2026-08-05T00:53:25.933168
45917,BEACON,-78,15,0,1207,65804,44280,9306909,0,100,19,0,0,B0:CB:D8:C9:92:00,1,0,0,1E:01:D0:40:E0:9E,6,0,NONE,2026-08-05T00:53:26.240168
45917,MGMT_OTHER,-68,25,1580,3387,65804,44280,9307112,0,100,19,0,0,B0:CB:D8:C9:92:00,1,0,1,1E:01:D0:40:E0:9E,6,0,NONE,2026-08-05T00:53:26.443168
45917,MGMT_OTHER,-69,24,1016,2235,65804,44280,9307298,0,100,19,0,0,B0:CB:D8:C9:92:00,1,0,1,1E:01:D0:40:E0:9E,6,0,NONE,2026-08-05T00:53:26.629168
45917,MGMT_OTHER,-65,28,402,4041,65804,44280,9307355,0,100,19,0,0,B0:CB:D8:C9:92:00,1,0,1,1E:01:D0:40:E0:9E,6,0,NONE,2026-08-05T00:53:26.686168
45917,,-70,23,249,2914,65804,44280,9307500,0,100,19,0,0,B0:CB:D8:C9:92:00,1,0,1,1E:01:D0:40:E0:9E,6,0,NONE,2026-08-05T00:53:26.831168
45917,,-69,24,1160,408,65804,44280,9307651,0,100,19,0,0,B0:CB:D8:C9:92:00,1,0,1,1E:01:D0:40:E0:9E,6,0,NONE,2026-08-05T00:53:26.982168
45917,BEACON,-86,7,21607,3519,65804,44280,9307906,0,100,19,0,0,B0:CB:D8:C9:92:00,1,0,1,1E:01:D0:40:E0:9E,6,0,NONE,2026-08-05T00:53:27.237168
45917,,-69,24,1196,2466,65804,44280,9308184,0,100,19,0,0,B0:CB:D8:C9:92:00,1,0,0,1E:01:D0:40:E0:9E,6,0,NONE,2026-08-05T00:53:27.515168
45917,BEACON,-69,24,1197,3519,65804,44280,9308463,0,100,19,0,0,B0:CB:D8:C9:92:00,1,0,1,1E:01:D0:40:E0:9E,6,0,NONE,2026-08-05T00:53:27.794168
45917,MGMT_OTHER,-70,23,106,2041,65804,44280,9308725,0,100,19,0,0,B0:CB:D8:C9:92:00,1,0,1,1E:01:D0:40:E0:9E,6,0,NONE,2026-08-05T00:53:28.056168
45917,,-70,23,1080,1626,65804,44280,9308933,0,100,19,0,0,B0:CB:D8:C9:92:00,1,0,1,1E:01:D0:40:E0:9E,6,0,NONE,2026-08-05T00:53:28.264168
45917,PROBE_RESP,-61,32,2519,2685,65804,44280,9309276,0,100,19,0,0,B0:CB:D8:C9:92:00,1,0,1,1E:01:D0:40:E0:9E,6,0,NONE,2026-08-05T00:53:28.607168
45917,,-68,25,316,458,65804,44280,9309353,0,100,19,0,0,B0:CB:D8:C9:92:00,1,0,1,1E:01:D0:40:E0:9E,6,0,NONE,2026-08-05T00:53:28.684168
45917,,-70,23,186,1324,65804,44280,9309491,0,100,19,0,0,B0:CB:D8:C9:92:00,1,0,1,1E:01:D0:40:E0:9E,6,0,NONE,2026-08-05T00:53:28.822168
45917,,-70,23,3875,4069,65804,44280,9309588,0,100,19,0,0,B0:CB:D8:C9:92:00,1,0,1,1E:01:D0:40:E0:9E,6,0,NONE,2026-08-05T00:53:28.919168
45917,BEACON,-69,24,782,911,65804,44280,9309915,0,100,19,0,0,B0:CB:D8:C9:92:00,1,0,1,1E:01:D0:40:E0:9E,6,0,NONE,2026-08-05T00:53:29.246168
45917,,-47,46,303,2584,65804,44280,9310065,0,100,19,0,0,B0:CB:D8:C9:92:00,1,0,0,1E:01:D0:40:E0:9E,6,0,NONE,2026-08-05T00:53:29.396168
45917,PROBE_RESP,-91,2,0,1,65804,44280,9310263,0,100,19,0,0,B0:CB:D8:C9:92:00,1,0,0,1E:01:D0:40:E0:9E,6,0,NONE,2026-08-05T00:53:29.594168
45917,,-70,23,708,3638,65804,44280,9310483,0,100,19,0,0,B0:CB:D8:C9:92:00,1,0,1,1E:01:D0:40:E0:9E,6,0,NONE,2026-08-05T00:53:29.814168
45917,BEACON,-84,9,4495,1281,65804,44280,9310697,0,100,19,0,0,B0:CB:D8:C9:92:00,1,0,1,1E:01:D0:40:E0:9E,6,0,NONE,2026-08-05T00:53:30.028168
45917,,-71,22,2687,2586,65804,44280,9310905,0,100,19,0,0,B0:CB:D8:C9:92:00,1,0,1,1E:01:D0:40:E0:9E,6,0,NONE,2026-08-05T00:53:30.236168
45917,MGMT_OTHER,-96,-3,2950,2207,65804,44280,9311139,0,100,19,0,0,B0:CB:D8:C9:92:00,1,0,1,1E:01:D0:40:E0:9E,6,0,NONE,2026-08-05T00:53:30.470168
45917,,-70,23,581,1477,65804,44280,9311293,0,100,19,0,0,B0:CB:D8:C9:92:00,0,0,1,1E:01:D0:40:E0:9E,6,0,NONE,2026-08-05T00:53:30.624168
45917,,-70,23,3148,3137,65804,44280,9311334,0,100,19,0,0,B0:CB:D8:C9:92:00,0,0,1,1E:01:D0:40:E0:9E,6,0,NONE,2026-08-05T00:53:30.665168
45917,MGMT_OTHER,-69,24,382,2447,65804,44280,9311416,0,100,19,0,0,B0:CB:D8:C9:92:00,1,0,1,1E:01:D0:40:E0:9E,6,0,NONE,2026-08-05T00:53:30.747168
45917,,-83,10,796,765,65804,44280,9311549,0,100,19,0,0,B0:CB:D8:C9:92:00,1,0,0,1E:01:D0:40:E0:9E,6,0,NONE,2026-08-05T00:53:30.880168
45917,BEACON,-46,47,1651,756,65804,44280,9311715,0,100,19,0,0,B0:CB:D8:C9:92:00,1,0,1,1E:01:D0:40:E0:9E,6,0,NONE,2026-08-05T00:53:31.046168
45917,MGMT_OTHER,-68,25,519,3830,65804,44280,9311904,0,100,19,0,0,B0:CB:D8:C9:92:00,1,0,1,1E:01:D0:40:E0:9E,6,0,NONE,2026-08-05T00:53:31.235168
45917,,-70,23,893,2227,65804,44280,9312042,0,100,19,0,0,B0:CB:D8:C9:92:00,1,0,1,1E:01:D0:40:E0:9E,6,0,NONE,2026-08-05T00:53:31.373168
45917,BEACON,-69,24,456,3347,65804,44280,9312280,0,100,19,0,0,B0:CB:D8:C9:92:00,1,0,1,1E:01:D0:40:E0:9E,6,0,NONE,2026-08-05T00:53:31.611168
45917,BEACON,-69,24,456,2071,65804,44280,9312440,0,100,19,0,0,B0:CB:D8:C9:92:00,1,0,1,1E:01:D0:40:E0:9E,6,0,NONE,2026-08-05T00:53:31.771168
45917,BEACON,-62,31,14088,968,65804,44280,9312718,0,100,19,0,0,B0:CB:D8:C9:92:00,1,0,1,1E:01:D0:40:E0:9E,6,0,NONE,2026-08-05T00:53:32.049168
45917,MGMT_OTHER,-70,23,3699,3766,65804,44280,9313051,0,100,19,0,0,B0:CB:D8:C9:92:00,1,0,1,1E:01:D0:40:E0:9E,6,0,NONE,2026-08-05T00:53:32.382168
45917,,-68,25,1037,768,65804,44280,9313260,0,100,19,0,0,B0:CB:D8:C9:92:00,1,0,1,1E:01:D0:40:E0:9E,6,0,NONE,2026-08-05T00:53:32.591168
45917,PROBE_RESP,-90,3,0,0,65804,44280,9313489,0,100,19,0,0,B0:CB:D8:C9:92:00,1,0,1,1E:01:D0:40:E0:9E,6,0,NONE,2026-08-05T00:53:32.820168
45917,BEACON,-93,0,88,2331,65804,44280,9313646,0,100,19,0,0,B0:CB:D8:C9:92:00,1,0,1,1E:01:D0:40:E0:9E,6,0,NONE,2026-08-05T00:53:32.977168
45917,,-92,1,12709,1386,65804,44280,9313948,0,100,19,0,0,B0:CB:D8:C9:92:00,1,0,1,1E:01:D0:40:E0:9E,6,0,NONE,2026-08-05T00:53:33.279168
45917,,-71,22,641,534,65804,44280,9314169,0,100,19,0,0,B0:CB:D8:C9:92:00,1,0,1,1E:01:D0:40:E0:9E,6,0,NONE,2026-08-05T00:53:33.500168
45917,,-47,46,153,2610,65804,44280,9314359,0,100,19,0,0,B0:CB:D8:C9:92:00,1,0,0,1E:01:D0:40:E0:9E,6,0,NONE,2026-08-05T00:53:33.690168
45917,,-56,37,0,792,63988,44280,9314589,0,100,19,0,0,B0:CB:D8:C9:92:00,1,0,0,1E:01:D0:40:E0:9E,6,0,NONE,2026-08-05T00:53:33.920168
45917,MGMT_OTHER,-68,25,789,2503,65804,44280,9314737,0,100,19,0,0,B0:CB:D8:C9:92:00,1,0,1,1E:01:D0:40:E0:9E,6,0,NONE,2026-08-05T00:53:34.068168
45917,BEACON,-88,5,22547,3589,65784,44280,9315075,0,100,19,0,0,B0:CB:D8:C9:92:00,1,0,1,1E:01:D0:40:E0:9E,6,0,NONE,2026-08-05T00:53:34.406168
45917,BEACON,-69,24,3889,1395,65804,44280,9315244,0,100,19,0,0,B0:CB:D8:C9:92:00,1,0,1,1E:01:D0:40:E0:9E,6,0,NONE,2026-08-05T00:53:34.575168
45917,,-70,23,663,2578,65804,44280,9315433,0,100,19,0,0,B0:CB:D8:C9:92:00,1,0,1,1E:01:D0:40:E0:9E,6,0,NONE,2026-08-05T00:53:34.764168
45917,,-70,23,3655,1130,65804,44280,9315526,0,100,19,0,0,B0:CB:D8:C9:92:00,1,0,1,1E:01:D0:40:E0:9E,6,0,NONE,2026-08-05T00:53:34.857168
45917,,-47,46,104,807,65804,44280,9315642,0,100,19,0,0,B0:CB:D8:C9:92:00,1,0,0,1E:01:D0:40:E0:9E,6,0,NONE,2026-08-05T00:53:34.973168
45917,BEACON,-69,24,879,1786,65804,44280,9315896,0,100,19,0,0,B0:CB:D8:C9:92:00,1,0,1,1E:01:D0:40:E0:9E,6,0,NONE,2026-08-05T00:53:35.227168
45917,BEACON,-69,24,7589,2984,65804,44280,9316038,0,100,19,0,0,B0:CB:D8:C9:92:00,1,0,1,1E:01:D0:40:E0:9E,6,0,NONE,2026-08-05T00:53:35.369168
45917,MGMT_OTHER,-67,26,408,86,65804,44280,9316170,0,100,19,0,0,B0:CB:D8:C9:92:00,1,0,1,1E:01:D0:40:E0:9E,6,0,NONE,2026-08-05T00:53:35.501168
45917,BEACON,-76,17,0,1300,65804,44280,9316433,0,100,19,0,0,B0:CB:D8:C9:92:00,1,0,0,1E:01:D0:40:E0:9E,6,0,NONE,2026-08-05T00:53:35.764168
45917,BEACON,-60,33,16922,1006,65804,44280,9316610,0,100,19,0,0,B0:CB:D8:C9:92:00,1,0,1,1E:01:D0:40:E0:9E,6,0,NONE,2026-08-05T00:53:35.941168
45917,,-68,25,0,3172,65804,44280,9316753,0,100,19,0,0,B0:CB:D8:C9:92:00,1,0,1,1E:01:D0:40:E0:9E,6,0,NONE,2026-08-05T00:53:36.084168
45917,BEACON,-69,24,987,1106,65804,44280,9316922,0,100,19,0,0,B0:CB:D8:C9:92:00,1,0,1,1E:01:D0:40:E0:9E,6,0,NONE,2026-08-05T00:53:36.253168
45917,MGMT_OTHER,-86,7,249,2003,65804,44280,9317057,0,100,19,0,0,B0:CB:D8:C9:92:00,1,0,1,1E:01:D0:40:E0:9E,6,0,NONE,2026-08-05T00:53:36.388168
45917,,-68,25,275,3982,65804,44280,9317188,0,100,19,0,0,B0:CB:D8:C9:92:00,1,0,1,1E:01:D0:40:E0:9E,6,0,NONE,2026-08-05T00:53:36.519168
45917,MGMT_OTHER,-69,24,11234,569,65804,44280,9317374,0,100,19,0,0,B0:CB:D8:C9:92:00,1,0,1,1E:01:D0:40:E0:9E,6,0,NONE,2026-08-05T00:53:36.705168
45917,MGMT_OTHER,-69,24,2800,2254,65804,44280,9317502,0,100,19,0,0,B0:CB:D8:C9:92:00,1,0,1,1E:01:D0:40:E0:9E,6,0,NONE,2026-08-05T00:53:36.833168
45917,BEACON,-82,11,9314,1349,65804,44280,9317661,0,100,19,0,0,B0:CB:D8:C9:92:00,1,0,1,1E:01:D0:40:E0:9E,6,0,NONE,2026-08-05T00:53:36.992168
45917,PROBE_RESP,-76,17,0,0,65804,44280,9317882,0,100,19,0,0,B0:CB:D8:C9:92:00,1,0,0,1E:01:D0:40:E0:9E,6,0,NONE,2026-08-05T00:53:37.213168
45917,BEACON,-88,5,0,3618,65804,44280,9318046,0,100,19,0,0,B0:CB:D8:C9:92:00,1,0,1,1E:01:D0:40:E0:9E,6,0,NONE,2026-08-05T00:53:37.377168
45917,BEACON,-82,11,709,1355,65804,44280,9318275,0,100,19,0,0,B0:CB:D8:C9:92:00,1,0,1,1E:01:D0:40:E0:9E,6,0,NONE,2026-08-05T00:53:37.606168
45917,PROBE_RESP,-76,17,1396,1,65804,44280,9318493,0,100,19,0,0,B0:CB:D8:C9:92:00,1,0,0,1E:01:D0:40:E0:9E,6,0,NONE,2026-08-05T00:53:37.824168
45917,MGMT_OTHER,-69,24,14091,3731,65804,44280,9318700,0,100,19,0,0,B0:CB:D8:C9:92:00,1,0,1,1E:01:D0:40:E0:9E,6,0,NONE,2026-08-05T00:53:38.031168
45917,,14,14,0,0,65804,44280,9318892,0,100,19,0,0,B0:CB:D8:C9:92:00,1,0,0,1E:01:D0:40:E0:9E,6,0,NONE,2026-08-05T00:53:38.223168
45917,,-69,24,335,1815,65804,44280,9319138,0,100,19,0,0,B0:CB:D8:C9:92:00,1,0,0,1E:01:D0:40:E0:9E,6,0,NONE,2026-08-05T00:53:38.469168
45917,BEACON,-81,12,13882,1366,65804,44280,9319402,0,100,19,0,0,B0:CB:D8:C9:92:00,1,0,1,1E:01:D0:40:E0:9E,6,0,NONE,2026-08-05T00:53:38.733168
45917,,-70,23,1208,2134,65804,44280,9319499,0,100,19,0,0,B0:CB:D8:C9:92:00,1,0,1,1E:01:D0:40:E0:9E,6,0,NONE,2026-08-05T00:53:38.830168
45917,MGMT_OTHER,-70,23,178,1722,65804,44280,9319546,0,100,19,0,0,B0:CB:D8:C9:92:00,1,0,1,1E:01:D0:40:E0:9E,6,0,NONE,2026-08-05T00:53:38.877168
45917,,-70,23,942,4050,65804,44280,9319786,0,100,19,0,0,B0:CB:D8:C9:92:00,1,0,1,1E:01:D0:40:E0:9E,6,0,NONE,2026-08-05T00:53:39.117168
45917,,-69,24,382,4045,65804,44280,9320007,0,100,19,0,0,B0:CB:D8:C9:92:00,1,0,1,1E:01:D0:40:E0:9E,6,0,NONE,2026-08-05T00:53:39.338168
45917,MGMT_OTHER,-69,24,387,1806,65804,44280,9320210,0,100,19,0,0,B0:CB:D8:C9:92:00,1,0,1,1E:01:D0:40:E0:9E,6,0,NONE,2026-08-05T00:53:39.541168
45917,MGMT_OTHER,-69,24,330,2558,65804,44280,9320327,0,100,19,0,0,B0:CB:D8:C9:92:00,1,0,1,1E:01:D0:40:E0:9E,6,0,NONE,2026-08-05T00:53:39.658168
45917,MGMT_OTHER,-68,25,285,4053,65804,44280,9320609,0,100,19,0,0,B0:CB:D8:C9:92:00,1,0,1,1E:01:D0:40:E0:9E,6,0,NONE,2026-08-05T00:53:39.939408
45917,,-86,7,0,49,65804,44280,9320744,0,100,19,0,0,B0:CB:D8:C9:92:00,1,0,0,1E:01:D0:40:E0:9E,6,0,NONE,2026-08-05T00:53:40.074408
45917,,-69,24,34774,853,65804,44280,9320973,0,100,19,0,0,B0:CB:D8:C9:92:00,1,0,1,1E:01:D0:40:E0:9E,6,0,NONE,2026-08-05T00:53:40.303408
45917,MGMT_OTHER,-68,25,18464,3019,65804,44280,9321263,0,100,19,0,0,B0:CB:D8:C9:92:00,1,0,1,1E:01:D0:40:E0:9E,6,0,NONE,2026-08-05T00:53:40.593408
45917,BEACON,-69,24,1461,2071,65804,44280,9321470,0,100,19,0,0,B0:CB:D8:C9:92:00,1,0,1,1E:01:D0:40:E0:9E,6,0,NONE,2026-08-05T00:53:40.800408
45917,,-68,25,155,1950,65804,44280,9321557,0,100,19,0,0,B0:CB:D8:C9:92:00,1,0,1,1E:01:D0:40:E0:9E,6,0,NONE,2026-08-05T00:53:40.887408
45917,BEACON,-82,11,2642,1389,65804,44280,9321757,0,100,19,0,0,B0:CB:D8:C9:92:00,1,0,1,1E:01:D0:40:E0:9E,6,0,NONE,2026-08-05T00:53:41.087408
45917,BEACON,-70,23,1204,3878,65804,44280,9321987,0,100,19,0,0,B0:CB:D8:C9:92:00,1,0,1,1E:01:D0:40:E0:9E,6,0,NONE,2026-08-05T00:53:41.317408
45917,MGMT_OTHER,-70,23,12044,2031,65804,44280,9322201,0,100,19,0,0,B0:CB:D8:C9:92:00,1,0,1,1E:01:D0:40:E0:9E,6,0,NONE,2026-08-05T00:53:41.531408
45917,MGMT_OTHER,-70,23,1626,747,65804,44280,9322552,0,100,19,0,0,B0:CB:D8:C9:92:00,1,0,1,1E:01:D0:40:E0:9E,6,0,NONE,2026-08-05T00:53:41.882408
45917,,-49,44,3557,922,65804,44280,9322837,0,100,19,0,0,B0:CB:D8:C9:92:00,1,0,0,1E:01:D0:40:E0:9E,6,0,NONE,2026-08-05T00:53:42.167408
45917,BEACON,-69,24,19619,324,65804,44280,9323210,0,100,19,0,0,B0:CB:D8:C9:92:00,1,0,1,1E:01:D0:40:E0:9E,6,0,NONE,2026-08-05T00:53:42.540408
45917,MGMT_OTHER,-68,25,398,3768,65804,44280,9323476,0,100,19,0,0,B0:CB:D8:C9:92:00,1,0,1,1E:01:D0:40:E0:9E,6,0,NONE,2026-08-05T00:53:42.806408
45917,,-68,25,1992,1371,65804,44280,9323576,0,100,19,0,0,B0:CB:D8:C9:92:00,1,0,1,1E:01:D0:40:E0:9E,6,0,NONE,2026-08-05T00:53:42.906408
45917,,-53,40,1400,2668,65804,44280,9323813,0,100,19,0,0,B0:CB:D8:C9:92:00,1,0,1,1E:01:D0:40:E0:9E,6,0,NONE,2026-08-05T00:53:43.143408
45917,,-67,28,182,2225,65804,44280,9324044,0,100,19,0,0,B0:CB:D8:C9:92:00,1,0,1,1E:01:D0:40:E0:9E,6,0,NONE,2026-08-05T00:53:43.374408
45917,PROBE_RESP,-91,4,2710,0,65804,44280,9324202,0,100,19,0,0,B0:CB:D8:C9:92:00,1,0,0,1E:01:D0:40:E0:9E,6,0,NONE,2026-08-05T00:53:43.532408
45917,MGMT_OTHER,-66,29,1523,546,65804,44280,9324421,0,100,19,0,0,B0:CB:D8:C9:92:00,1,0,1,1E:01:D0:40:E0:9E,6,0,NONE,2026-08-05T00:53:43.751408
45917,BEACON,-86,9,993,1418,65804,44280,9324727,0,100,19,0,0,B0:CB:D8:C9:92:00,1,0,1,1E:01:D0:40:E0:9E,6,0,NONE,2026-08-05T00:53:44.057408
45917,MGMT_OTHER,-66,29,5513,3699,65804,44280,9325040,0,100,19,0,0,B0:CB:D8:C9:92:00,1,0,1,1E:01:D0:40:E0:9E,6,0,NONE,2026-08-05T00:53:44.370408
45917,MGMT_OTHER,-67,28,951,3215,65804,44280,9325221,0,100,19,0,0,B0:CB:D8:C9:92:00,1,0,1,1E:01:D0:40:E0:9E,6,0,NONE,2026-08-05T00:53:44.551408
45917,BEACON,-58,37,10857,1092,65804,44280,9325418,0,100,19,0,0,B0:CB:D8:C9:92:00,1,0,1,1E:01:D0:40:E0:9E,6,0,NONE,2026-08-05T00:53:44.748408
45917,,-63,32,738,721,65804,44280,9325490,0,100,19,0,0,B0:CB:D8:C9:92:00,1,0,1,1E:01:D0:40:E0:9E,6,0,NONE,2026-08-05T00:53:44.820408
45917,,-68,27,822,4038,65804,44280,9325627,0,100,19,0,0,B0:CB:D8:C9:92:00,1,0,1,1E:01:D0:40:E0:9E,6,0,NONE,2026-08-05T00:53:44.957408
45917,,-67,28,236,3932,65804,44280,9325842,0,100,19,0,0,B0:CB:D8:C9:92:00,1,0,1,1E:01:D0:40:E0:9E,6,0,NONE,2026-08-05T00:53:45.172408
45917,,-68,27,559,46,65804,44280,9326001,0,100,19,0,0,B0:CB:D8:C9:92:00,1,0,1,1E:01:D0:40:E0:9E,6,0,NONE,2026-08-05T00:53:45.331408
45917,MGMT_OTHER,-67,28,1171,3486,65804,44280,9326150,0,100,19,0,0,B0:CB:D8:C9:92:00,1,0,1,1E:01:D0:40:E0:9E,6,0,NONE,2026-08-05T00:53:45.480408
45917,MGMT_OTHER,-67,28,1197,223,65804,44280,9326347,0,100,19,0,0,B0:CB:D8:C9:92:00,1,0,1,1E:01:D0:40:E0:9E,6,0,NONE,2026-08-05T00:53:45.677408
45917,MGMT_OTHER,-65,30,8519,1377,65804,44280,9326498,0,100,19,0,0,B0:CB:D8:C9:92:00,1,0,1,1E:01:D0:40:E0:9E,6,0,NONE,2026-08-05T00:53:45.828408
45917,,-65,30,2536,1153,65804,44280,9326708,0,100,19,0,0,B0:CB:D8:C9:92:00,1,0,1,1E:01:D0:40:E0:9E,6,0,NONE,2026-08-05T00:53:46.038408
45917,,-63,32,900,2073,65804,44280,9327001,0,100,19,0,0,B0:CB:D8:C9:92:00,1,0,1,1E:01:D0:40:E0:9E,6,0,NONE,2026-08-05T00:53:46.331408
45917,PROBE_RESP,-84,11,357,28,65804,44280,9327086,0,100,19,0,0,B0:CB:D8:C9:92:00,1,0,0,1E:01:D0:40:E0:9E,6,0,NONE,2026-08-05T00:53:46.416408
45917,PROBE_RESP,-89,6,97,1,65804,44280,9327281,0,100,19,0,0,B0:CB:D8:C9:92:00,1,0,1,1E:01:D0:40:E0:9E,6,0,NONE,2026-08-05T00:53:46.611408
45917,MGMT_OTHER,-66,29,5687,2740,65804,44280,9327405,0,100,19,0,0,B0:CB:D8:C9:92:00,1,0,1,1E:01:D0:40:E0:9E,6,0,NONE,2026-08-05T00:53:46.735408
45917,,-65,30,417,1954,65804,44280,9327530,0,100,19,0,0,B0:CB:D8:C9:92:00,1,0,1,1E:01:D0:40:E0:9E,6,0,NONE,2026-08-05T00:53:46.860408
45917,MGMT_OTHER,-66,29,12405,1548,65804,44280,9327633,0,100,19,0,0,B0:CB:D8:C9:92:00,1,0,1,1E:01:D0:40:E0:9E,6,0,NONE,2026-08-05T00:53:46.963408
45917,BEACON,-57,38,0,1115,65804,44280,9327775,0,100,19,0,0,B0:CB:D8:C9:92:00,1,0,1,1E:01:D0:40:E0:9E,6,0,NONE,2026-08-05T00:53:47.105408
45917,MGMT_OTHER,-67,28,36573,3052,65804,44280,9327921,0,100,19,0,0,B0:CB:D8:C9:92:00,1,0,1,1E:01:D0:40:E0:9E,6,0,NONE,2026-08-05T00:53:47.251408
45917,MGMT_OTHER,-66,29,16044,4033,65804,44280,9328033,0,100,19,0,0,B0:CB:D8:C9:92:00,1,0,1,1E:01:D0:40:E0:9E,6,0,NONE,2026-08-05T00:53:47.363408
45917,,-67,28,911,2672,65804,44280,9328196,0,100,19,0,0,B0:CB:D8:C9:92:00,1,0,1,1E:01:D0:40:E0:9E,6,0,NONE,2026-08-05T00:53:47.526408
45917,,-66,29,13478,3790,65804,44280,9328427,0,100,19,0,0,B0:CB:D8:C9:92:00,1,0,1,1E:01:D0:40:E0:9E,6,0,NONE,2026-08-05T00:53:47.757408
45917,,-67,28,3581,2694,65804,44280,9328596,0,100,19,0,0,B0:CB:D8:C9:92:00,1,0,0,1E:01:D0:40:E0:9E,6,0,NONE,2026-08-05T00:53:47.926408
45917,,-66,29,383,3045,65804,44280,9328748,0,100,19,0,0,B0:CB:D8:C9:92:00,1,0,1,1E:01:D0:40:E0:9E,6,0,NONE,2026-08-05T00:53:48.078408
45917,,-67,28,346,3744,65804,44280,9328916,0,100,19,0,0,B0:CB:D8:C9:92:00,1,0,1,1E:01:D0:40:E0:9E,6,0,NONE,2026-08-05T00:53:48.246408
45917,MGMT_OTHER,-66,29,367,1403,65804,44280,9329073,0,100,19,0,0,B0:CB:D8:C9:92:00,1,0,1,1E:01:D0:40:E0:9E,6,0,NONE,2026-08-05T00:53:48.403408
45917,MGMT_OTHER,-67,28,1119,2587,65804,44280,9329221,0,100,19,0,0,B0:CB:D8:C9:92:00,1,0,1,1E:01:D0:40:E0:9E,6,0,NONE,2026-08-05T00:53:48.551408
45917,MGMT_OTHER,-67,28,13866,894,65804,44280,9329294,0,100,19,0,0,B0:CB:D8:C9:92:00,1,0,1,1E:01:D0:40:E0:9E,6,0,NONE,2026-08-05T00:53:48.624408
45917,MGMT_OTHER,-66,29,1092,1553,65804,44280,9329378,0,100,19,0,0,B0:CB:D8:C9:92:00,1,0,1,1E:01:D0:40:E0:9E,6,0,NONE,2026-08-05T00:53:48.708408
45917,,-66,29,628,957,65804,44280,9329450,0,100,19,0,0,B0:CB:D8:C9:92:00,1,0,1,1E:01:D0:40:E0:9E,6,0,NONE,2026-08-05T00:53:48.780408
45917,MGMT_OTHER,-66,29,3694,334,65804,44280,9329521,0,100,19,0,0,B0:CB:D8:C9:92:00,1,0,1,1E:01:D0:40:E0:9E,6,0,NONE,2026-08-05T00:53:48.851408
45917,BEACON,-88,7,0,3731,65804,44280,9329612,0,100,19,0,0,B0:CB:D8:C9:92:00,1,0,1,1E:01:D0:40:E0:9E,6,0,NONE,2026-08-05T00:53:48.942408
45917,,-66,29,3258,2348,65804,44280,9329749,0,100,19,0,0,B0:CB:D8:C9:92:00,1,0,1,1E:01:D0:40:E0:9E,6,0,NONE,2026-08-05T00:53:49.079408
45917,,-66,29,798,3657,65804,44280,9329835,0,100,19,0,0,B0:CB:D8:C9:92:00,1,0,1,1E:01:D0:40:E0:9E,6,0,NONE,2026-08-05T00:53:49.165408
45917,MGMT_OTHER,-66,29,23178,218,65804,44280,9330011,0,100,19,0,0,B0:CB:D8:C9:92:00,1,0,1,1E:01:D0:40:E0:9E,6,0,NONE,2026-08-05T00:53:49.341408
45917,,-55,40,5815,2696,65804,44280,9330207,0,100,19,0,0,B0:CB:D8:C9:92:00,1,0,1,1E:01:D0:40:E0:9E,6,0,NONE,2026-08-05T00:53:49.537408
45917,,-67,28,2304,2160,65804,44280,9330436,0,100,19,0,0,B0:CB:D8:C9:92:00,1,0,1,1E:01:D0:40:E0:9E,6,0,NONE,2026-08-05T00:53:49.766408
45917,,-66,29,892,313,65804,44280,9330647,0,100,19,0,0,B0:CB:D8:C9:92:00,1,0,1,1E:01:D0:40:E0:9E,6,0,NONE,2026-08-05T00:53:49.977408
45917,MGMT_OTHER,-66,29,280,1832,65804,44280,9330950,0,100,19,0,0,B0:CB:D8:C9:92:00,1,0,1,1E:01:D0:40:E0:9E,6,0,NONE,2026-08-05T00:53:50.280408
45917,PROBE_RESP,-88,7,0,11,65804,44280,9331190,0,100,19,0,0,B0:CB:D8:C9:92:00,1,0,0,1E:01:D0:40:E0:9E,6,0,NONE,2026-08-05T00:53:50.520408
45917,MGMT_OTHER,-66,29,1032,2760,65804,44280,9331284,0,100,19,0,0,B0:CB:D8:C9:92:00,1,0,1,1E:01:D0:40:E0:9E,6,0,NONE,2026-08-05T00:53:50.614408
45917,MGMT_OTHER,-66,29,1071,1462,65804,44280,9331422,0,100,19,0,0,B0:CB:D8:C9:92:00,1,0,1,1E:01:D0:40:E0:9E,6,0,NONE,2026-08-05T00:53:50.752408
45917,,-54,41,313,2700,65804,44280,9331488,0,100,19,0,0,B0:CB:D8:C9:92:00,1,0,0,1E:01:D0:40:E0:9E,6,0,NONE,2026-08-05T00:53:50.818408
45917,,-65,30,2948,974,65804,44280,9331636,0,100,19,0,0,B0:CB:D8:C9:92:00,1,0,1,1E:01:D0:40:E0:9E,6,0,NONE,2026-08-05T00:53:50.966408
45917,,-66,29,344,3191,65804,44280,9331819,0,100,19,0,0,B0:CB:D8:C9:92:00,1,0,1,1E:01:D0:40:E0:9E,6,0,NONE,2026-08-05T00:53:51.149408
45917,PROBE_RESP,-79,16,0,1,65804,44280,9331984,0,100,19,0,0,B0:CB:D8:C9:92:00,1,0,0,1E:01:D0:40:E0:9E,6,0,NONE,2026-08-05T00:53:51.314408
45917,MGMT_OTHER,-65,30,545,2112,65804,44280,9332105,0,100,19,0,0,B0:CB:D8:C9:92:00,1,0,1,1E:01:D0:40:E0:9E,6,0,NONE,2026-08-05T00:53:51.435408
45917,,-93,2,334,1856,65804,44280,9332316,0,100,19,0,0,B0:CB:D8:C9:92:00,1,0,1,1E:01:D0:40:E0:9E,6,0,NONE,2026-08-05T00:53:51.646408
45917,,-65,30,6587,1250,65804,44280,9332586,0,100,19,0,0,B0:CB:D8:C9:92:00,1,0,1,1E:01:D0:40:E0:9E,6,0,NONE,2026-08-05T00:53:51.916408
45917,PROBE_RESP,-87,8,0,1,65804,44280,9332741,0,100,19,0,0,B0:CB:D8:C9:92:00,1,0,0,1E:01:D0:40:E0:9E,6,0,NONE,2026-08-05T00:53:52.071408
45917,MGMT_OTHER,-68,27,2784,1051,65804,44280,9332903,0,100,19,0,0,B0:CB:D8:C9:92:00,1,0,1,1E:01:D0:40:E0:9E,6,0,NONE,2026-08-05T00:53:52.233408
45917,MGMT_OTHER,-64,31,221,461,65804,44280,9333119,0,100,19,0,0,B0:CB:D8:C9:92:00,1,0,1,1E:01:D0:40:E0:9E,6,0,NONE,2026-08-05T00:53:52.449408
45917,,-68,27,178,1723,65804,44280,9333232,0,100,19,0,0,B0:CB:D8:C9:92:00,1,0,1,1E:01:D0:40:E0:9E,6,0,NONE,2026-08-05T00:53:52.562408
45917,MGMT_OTHER,-68,27,1332,1850,65804,44280,9333326,0,100,19,0,0,B0:CB:D8:C9:92:00,1,0,1,1E:01:D0:40:E0:9E,6,0,NONE,2026-08-05T00:53:52.656408
45917,,-65,30,401,3748,65804,44280,9333426,0,100,19,0,0,B0:CB:D8:C9:92:00,1,0,1,1E:01:D0:40:E0:9E,6,0,NONE,2026-08-05T00:53:52.756408
45917,MGMT_OTHER,-68,27,499,3486,65804,44280,9333514,0,100,19,0,0,B0:CB:D8:C9:92:00,1,0,1,1E:01:D0:40:E0:9E,6,0,NONE,2026-08-05T00:53:52.844408
45917,MGMT_OTHER,-66,29,1463,2562,65804,44280,9333612,0,100,19,0,0,B0:CB:D8:C9:92:00,1,0,1,1E:01:D0:40:E0:9E,6,0,NONE,2026-08-05T00:53:52.942408
45917,,-68,27,205,1044,65804,44280,9333673,0,100,19,0,0,B0:CB:D8:C9:92:00,1,0,1,1E:01:D0:40:E0:9E,6,0,NONE,2026-08-05T00:53:53.003408
45917,MGMT_OTHER,-67,28,1061,3168,65804,44280,9333833,0,100,19,0,0,B0:CB:D8:C9:92:00,1,0,1,1E:01:D0:40:E0:9E,6,0,NONE,2026-08-05T00:53:53.163408
45917,,-65,30,488,3803,65804,44280,9333924,0,100,19,0,0,B0:CB:D8:C9:92:00,1,0,1,1E:01:D0:40:E0:9E,6,0,NONE,2026-08-05T00:53:53.254408
45917,MGMT_OTHER,-67,28,5525,2280,65804,44280,9334032,0,100,19,0,0,B0:CB:D8:C9:92:00,1,0,1,1E:01:D0:40:E0:9E,6,0,NONE,2026-08-05T00:53:53.362408
45917,BEACON,-58,37,5711,1178,69828,44280,9334225,0,100,19,0,0,B0:CB:D8:C9:92:00,0,0,0,1E:01:D0:40:E0:9E,6,0,NONE,2026-08-05T00:53:53.555408
45917,,-65,30,4858,849,69848,44280,9334475,0,100,19,0,0,B0:CB:D8:C9:92:00,1,0,1,1E:01:D0:40:E0:9E,6,0,NONE,2026-08-05T00:53:53.805408
45917,,-63,32,731,3935,69848,44280,9334752,0,100,19,0,0,B0:CB:D8:C9:92:00,0,0,1,1E:01:D0:40:E0:9E,6,0,NONE,2026-08-05T00:53:54.082408
45917,MGMT_OTHER,-66,29,4490,3631,69848,44280,9334961,0,100,19,0,0,B0:CB:D8:C9:92:00,0,0,1,1E:01:D0:40:E0:9E,6,0,NONE,2026-08-05T00:53:54.291408
45917,BEACON,-82,13,5532,1520,69432,44280,9335172,0,100,19,0,0,B0:CB:D8:C9:92:00,0,0,1,1E:01:D0:40:E0:9E,6,0,NONE,2026-08-05T00:53:54.502408
45917,,-66,29,298,1973,66428,44280,9335282,0,100,19,0,0,B0:CB:D8:C9:92:00,1,0,1,1E:01:D0:40:E0:9E,6,0,NONE,2026-08-05T00:53:54.612408
45917,,-66,29,1918,1949,65860,44280,9335408,0,100,19,0,0,B0:CB:D8:C9:92:00,1,0,1,1E:01:D0:40:E0:9E,6,0,NONE,2026-08-05T00:53:54.738408
45917,,14,14,0,1023,65860,44280,9335488,0,100,19,0,0,B0:CB:D8:C9:92:00,1,0,1,1E:01:D0:40:E0:9E,6,0,NONE,2026-08-05T00:53:54.818408
45917,MGMT_OTHER,-67,28,1044,1904,65860,44280,9335525,0,100,19,0,0,B0:CB:D8:C9:92:00,1,0,1,1E:01:D0:40:E0:9E,6,0,NONE,2026-08-05T00:53:54.854439
45917,MGMT_OTHER,-64,31,372,3586,65860,44280,9335608,0,100,19,0,0,B0:CB:D8:C9:92:00,1,0,1,1E:01:D0:40:E0:9E,6,0,NONE,2026-08-05T00:53:54.937439
45917,MGMT_OTHER,-65,30,7346,1305,65860,44280,9335763,0,100,19,0,0,B0:CB:D8:C9:92:00,1,0,1,1E:01:D0:40:E0:9E,6,0,NONE,2026-08-05T00:53:55.092439
45917,,-65,30,249,1837,65860,44280,9335819,0,100,19,0,0,B0:CB:D8:C9:92:00,1,0,1,1E:01:D0:40:E0:9E,6,0,NONE,2026-08-05T00:53:55.148439
45917,MGMT_OTHER,-87,8,4120,1888,65860,44280,9336009,0,100,19,0,0,B0:CB:D8:C9:92:00,1,0,1,1E:01:D0:40:E0:9E,6,0,NONE,2026-08-05T00:53:55.338439
45917,,-59,36,136,1104,65860,44280,9336132,0,100,19,0,0,B0:CB:D8:C9:92:00,1,0,0,1E:01:D0:40:E0:9E,6,0,NONE,2026-08-05T00:53:55.461439
45917,BEACON,-79,16,0,1494,65784,44280,9336300,0,100,19,0,0,B0:CB:D8:C9:92:00,1,0,0,1E:01:D0:40:E0:9E,6,0,NONE,2026-08-05T00:53:55.629439
45917,MGMT_OTHER,-66,29,180,3765,65860,44280,9336505,0,100,19,0,0,B0:CB:D8:C9:92:00,1,0,1,1E:01:D0:40:E0:9E,6,0,NONE,2026-08-05T00:53:55.834439
45917,PROBE_RESP,-89,6,0,1,65860,44280,9336655,0,100,19,0,0,B0:CB:D8:C9:92:00,1,0,0,1E:01:D0:40:E0:9E,6,0,NONE,2026-08-05T00:53:55.984439
45917,MGMT_OTHER,-67,28,16968,2890,65860,44280,9336848,0,100,19,0,0,B0:CB:D8:C9:92:00,1,0,1,1E:01:D0:40:E0:9E,6,0,NONE,2026-08-05T00:53:56.177439
45917,MGMT_OTHER,-71,24,1477,3135,65860,44280,9337051,0,100,19,0,0,B0:CB:D8:C9:92:00,1,0,1,1E:01:D0:40:E0:9E,6,0,NONE,2026-08-05T00:53:56.380439
45917,,-71,24,378,1142,65860,44280,9337235,0,100,19,0,0,B0:CB:D8:C9:92:00,1,0,1,1E:01:D0:40:E0:9E,6,0,NONE,2026-08-05T00:53:56.564439
45917,MGMT_OTHER,-70,25,221,3332,65860,44280,9337318,0,100,19,0,0,B0:CB:D8:C9:92:00,1,0,1,1E:01:D0:40:E0:9E,6,0,NONE,2026-08-05T00:53:56.647439
45917,MGMT_OTHER,-68,27,6010,2710,65860,44280,9337360,0,100,19,0,0,B0:CB:D8:C9:92:00,1,0,1,1E:01:D0:40:E0:9E,6,0,NONE,2026-08-05T00:53:56.689439
45917,MGMT_OTHER,-71,24,317,2284,65860,44280,9337450,0,100,19,0,0,B0:CB:D8:C9:92:00,1,0,1,1E:01:D0:40:E0:9E,6,0,NONE,2026-08-05T00:53:56.779439
45917,,-71,24,409,283,65860,44280,9337546,0,100,19,0,0,B0:CB:D8:C9:92:00,1,0,1,1E:01:D0:40:E0:9E,6,0,NONE,2026-08-05T00:53:56.875439
45917,MGMT_OTHER,-71,24,13969,2993,65860,44280,9337657,0,100,19,0,0,B0:CB:D8:C9:92:00,1,0,1,1E:01:D0:40:E0:9E,6,0,NONE,2026-08-05T00:53:56.986439
45917,PROBE_RESP,-89,6,0,0,65860,44280,9337825,0,100,19,0,0,B0:CB:D8:C9:92:00,1,0,0,1E:01:D0:40:E0:9E,6,0,NONE,2026-08-05T00:53:57.154439
45917,,-68,27,722,1201,65860,44280,9337963,0,100,19,0,0,B0:CB:D8:C9:92:00,1,0,1,1E:01:D0:40:E0:9E,6,0,NONE,2026-08-05T00:53:57.292439
45917,,-70,25,1049,1203,65860,44280,9338186,0,100,19,0,0,B0:CB:D8:C9:92:00,1,0,1,1E:01:D0:40:E0:9E,6,0,NONE,2026-08-05T00:53:57.515439
45917,,-70,25,271,1983,65860,44280,9338368,0,100,19,0,0,B0:CB:D8:C9:92:00,1,0,1,1E:01:D0:40:E0:9E,6,0,NONE,2026-08-05T00:53:57.697439
45917,BEACON,-79,16,0,1516,65860,44280,9338553,0,100,19,0,0,B0:CB:D8:C9:92:00,1,0,0,1E:01:D0:40:E0:9E,6,0,NONE,2026-08-05T00:53:57.882439
45917,MGMT_OTHER,-72,21,2514,2495,65860,44280,9338744,0,100,19,0,0,B0:CB:D8:C9:92:00,1,0,1,1E:01:D0:40:E0:9E,6,0,NONE,2026-08-05T00:53:58.073439
45917,MGMT_OTHER,-72,21,9019,1856,65860,44280,9339038,0,100,19,0,0,B0:CB:D8:C9:92:00,1,0,1,1E:01:D0:40:E0:9E,6,0,NONE,2026-08-05T00:53:58.367439
45917,,-72,21,1462,1253,65860,44280,9339243,0,100,19,0,0,B0:CB:D8:C9:92:00,1,0,1,1E:01:D0:40:E0:9E,6,0,NONE,2026-08-05T00:53:58.572439
45917,MGMT_OTHER,-72,21,332,2478,65860,44280,9339295,0,100,19,0,0,B0:CB:D8:C9:92:00,1,0,1,1E:01:D0:40:E0:9E,6,0,NONE,2026-08-05T00:53:58.624439
45917,MGMT_OTHER,-71,22,429,3655,65860,44280,9339359,0,100,19,0,0,B0:CB:D8:C9:92:00,1,0,1,1E:01:D0:40:E0:9E,6,0,NONE,2026-08-05T00:53:58.688439
45917,,-69,24,357,3143,65860,44280,9339476,0,100,19,0,0,B0:CB:D8:C9:92:00,1,0,1,1E:01:D0:40:E0:9E,6,0,NONE,2026-08-05T00:53:58.805439
45917,,-72,21,2552,1360,65860,44280,9339694,0,100,19,0,0,B0:CB:D8:C9:92:00,1,0,1,1E:01:D0:40:E0:9E,6,0,NONE,2026-08-05T00:53:59.023439
45917,MGMT_OTHER,-71,22,393,2889,65860,44280,9339910,0,100,19,0,0,B0:CB:D8:C9:92:00,1,0,1,1E:01:D0:40:E0:9E,6,0,NONE,2026-08-05T00:53:59.239439
45917,,-54,39,0,1158,64056,44280,9340124,0,100,19,0,0,B0:CB:D8:C9:92:00,1,0,0,1E:01:D0:40:E0:9E,6,0,NONE,2026-08-05T00:53:59.453439
45917,PROBE_RESP,-91,2,0,0,65860,44280,9340344,0,100,19,0,0,B0:CB:D8:C9:92:00,1,0,0,1E:01:D0:40:E0:9E,6,0,NONE,2026-08-05T00:53:59.673439
45917,,-73,20,1081,3983,65860,44280,9340541,0,100,19,0,0,B0:CB:D8:C9:92:00,1,0,1,1E:01:D0:40:E0:9E,6,0,NONE,2026-08-05T00:53:59.870439
45917,BEACON,-86,7,23194,3840,65860,44280,9340778,0,100,19,0,0,B0:CB:D8:C9:92:00,1,0,1,1E:01:D0:40:E0:9E,6,0,NONE,2026-08-05T00:54:00.107439
45917,PROBE_RESP,-85,8,2191,30,65860,44280,9340931,0,100,19,0,0,B0:CB:D8:C9:92:00,1,0,0,1E:01:D0:40:E0:9E,6,0,NONE,2026-08-05T00:54:00.260439
45917,BEACON,-83,10,677,1578,65860,44280,9341112,0,100,19,0,0,B0:CB:D8:C9:92:00,1,0,1,1E:01:D0:40:E0:9E,6,0,NONE,2026-08-05T00:54:00.441439
45917,,-71,22,1139,1360,65860,44280,9341239,0,100,19,0,0,B0:CB:D8:C9:92:00,1,0,1,1E:01:D0:40:E0:9E,6,0,NONE,2026-08-05T00:54:00.568439
45917,BEACON,-84,9,1217,1580,65860,44280,9341317,0,100,19,0,0,B0:CB:D8:C9:92:00,1,0,1,1E:01:D0:40:E0:9E,6,0,NONE,2026-08-05T00:54:00.646439
45917,,-74,19,454,593,65860,44280,9341431,0,100,19,0,0,B0:CB:D8:C9:92:00,1,0,1,1E:01:D0:40:E0:9E,6,0,NONE,2026-08-05T00:54:00.760439
45917,,-74,19,1307,528,65860,44280,9341545,0,100,19,0,0,B0:CB:D8:C9:92:00,1,0,1,1E:01:D0:40:E0:9E,6,0,NONE,2026-08-05T00:54:00.874439
45917,MGMT_OTHER,-73,20,990,4000,65860,44280,9341669,0,100,19,0,0,B0:CB:D8:C9:92:00,1,0,1,1E:01:D0:40:E0:9E,6,0,NONE,2026-08-05T00:54:00.998439
45917,PROBE_REQ,-38,55,0,88,65860,44280,9341938,0,100,19,0,0,B0:CB:D8:C9:92:00,1,0,1,1E:01:D0:40:E0:9E,6,0,NONE,2026-08-05T00:54:01.267439
45917,MGMT_OTHER,-88,5,1625,1584,65860,44280,9342054,0,100,19,0,0,B0:CB:D8:C9:92:00,1,0,1,1E:01:D0:40:E0:9E,6,0,NONE,2026-08-05T00:54:01.383439
45917,,-86,7,1547,2965,65860,44280,9342177,0,100,19,0,0,B0:CB:D8:C9:92:00,1,0,1,1E:01:D0:40:E0:9E,6,0,NONE,2026-08-05T00:54:01.506439
45917,MGMT_OTHER,-89,4,125,1912,65344,44280,9342227,0,100,19,0,0,B0:CB:D8:C9:92:00,1,0,1,1E:01:D0:40:E0:9E,6,0,NONE,2026-08-05T00:54:01.556439
45917,,-89,4,119,4013,65984,44280,9342281,0,100,19,0,0,B0:CB:D8:C9:92:00,1,0,1,1E:01:D0:40:E0:9E,6,0,NONE,2026-08-05T00:54:01.610439
45917,MGMT_OTHER,-74,19,13732,1252,65304,44280,9342377,0,100,19,0,0,B0:CB:D8:C9:92:00,1,0,1,1E:01:D0:40:E0:9E,6,0,NONE,2026-08-05T00:54:01.706439
45917,MGMT_OTHER,-88,5,206,2468,65820,44280,9342572,0,100,19,0,0,B0:CB:D8:C9:92:00,1,0,1,1E:01:D0:40:E0:9E,6,0,NONE,2026-08-05T00:54:01.901439
45917,,-85,8,246,722,65820,44280,9342997,0,100,19,0,0,B0:CB:D8:C9:92:00,0,0,0,1E:01:D0:40:E0:9E,6,0,NONE,2026-08-05T00:54:02.326439
45917,BEACON,-60,33,25171,1266,65820,44280,9343235,0,100,19,0,0,B0:CB:D8:C9:92:00,1,0,1,1E:01:D0:40:E0:9E,6,0,NONE,2026-08-05T00:54:02.564439
45917,,-72,21,1489,3858,65820,44280,9343340,0,100,19,0,0,B0:CB:D8:C9:92:00,1,0,0,1E:01:D0:40:E0:9E,6,0,NONE,2026-08-05T00:54:02.669439
45917,MGMT_OTHER,-71,22,245,2458,65860,44280,9343389,0,100,19,0,0,B0:CB:D8:C9:92:00,1,0,1,1E:01:D0:40:E0:9E,6,0,NONE,2026-08-05T00:54:02.718439
45917,MGMT_OTHER,-72,21,529,2685,65860,44280,9343464,0,100,19,0,0,B0:CB:D8:C9:92:00,1,0,1,1E:01:D0:40:E0:9E,6,0,NONE,2026-08-05T00:54:02.793439
45917,,-71,22,408,2543,65860,44280,9343599,0,100,19,0,0,B0:CB:D8:C9:92:00,1,0,1,1E:01:D0:40:E0:9E,6,0,NONE,2026-08-05T00:54:02.928439
45917,MGMT_OTHER,-72,21,351,3102,65860,44280,9343678,0,100,19,0,0,B0:CB:D8:C9:92:00,1,0,1,1E:01:D0:40:E0:9E,6,0,NONE,2026-08-05T00:54:03.007439
