pen,subtype,rssi,snr,ipat,seq,heap,minheap,uptime,reconn,qpeak,udpfail,backlog,dropped,host_mac,pred_attack,pred_raw,calib,calib_thr,deauth_tgt,seq_jump,ap_bssid,channel,win_pkts,win_dens,gw_mac,gw_flip,label,attack_type,timestamp
45917,,-61,36,0,3721,63652,28964,3670656,0,99,7,0,0,14:33:5C:6D:AF:58,0,0,ARMED,448.0,0,0,80:02:9C:61:97:4B,1,11,143.3,80:02:9C:61:97:4A,8,0,NONE,2026-08-24T16:10:20.957230
45917,BEACON,-60,37,34566,3725,65384,28964,3670962,0,99,7,0,0,14:33:5C:6D:AF:58,0,0,ARMED,448.0,0,1,80:02:9C:61:97:4B,1,5,65.8,80:02:9C:61:97:4A,8,0,NONE,2026-08-24T16:10:21.243376
45917,,-82,15,2788,2776,65384,28964,3671240,0,99,7,0,0,14:33:5C:6D:AF:58,0,0,ARMED,448.0,0,0,80:02:9C:61:97:4B,1,7,148.1,80:02:9C:61:97:4A,8,0,NONE,2026-08-24T16:10:21.518012
45917,BEACON,-84,13,0,268,65384,28964,3671556,0,99,7,0,0,14:33:5C:6D:AF:58,0,0,ARMED,448.0,0,1,80:02:9C:61:97:4B,1,8,142.5,80:02:9C:61:97:4A,8,0,NONE,2026-08-24T16:10:21.834012
45917,BEACON,-84,13,0,1475,65384,28964,3671867,0,99,7,0,0,14:33:5C:6D:AF:58,0,0,ARMED,448.0,0,1,80:02:9C:61:97:4B,1,4,66.7,80:02:9C:61:97:4A,8,0,NONE,2026-08-24T16:10:22.145012
45917,BEACON,-83,14,0,275,65384,28964,3672273,0,99,7,0,0,14:33:5C:6D:AF:58,0,0,ARMED,448.0,0,1,80:02:9C:61:97:4B,1,8,142.6,80:02:9C:61:97:4A,8,0,NONE,2026-08-24T16:10:22.551012
45917,,-83,14,14683,3232,65324,28964,3672704,0,99,7,0,0,14:33:5C:6D:AF:58,0,0,ARMED,448.0,0,1,80:02:9C:61:97:4B,1,8,115.7,80:02:9C:61:97:4A,8,0,NONE,2026-08-24T16:10:22.981672
45917,BEACON,-91,6,0,1245,65384,28964,3672840,0,99,7,0,0,14:33:5C:6D:AF:58,0,1,ARMED,448.0,0,1,80:02:9C:61:97:4B,1,33,322.2,80:02:9C:61:97:4A,8,0,NONE,2026-08-24T16:10:23.117672
45917,,-77,20,617,3423,65384,28964,3673097,0,99,7,0,0,14:33:5C:6D:AF:58,0,0,ARMED,448.0,0,1,80:02:9C:61:97:4B,1,21,400.5,80:02:9C:61:97:4A,8,0,NONE,2026-08-24T16:10:23.374672
45917,,-61,36,317,3553,65384,28964,3673423,0,99,7,0,0,14:33:5C:6D:AF:58,0,0,ARMED,448.0,0,0,80:02:9C:61:97:4B,1,10,139.4,80:02:9C:61:97:4A,8,0,NONE,2026-08-24T16:10:23.700672
45917,,-87,10,20177,3628,65384,28964,3673666,0,99,7,0,0,14:33:5C:6D:AF:58,0,0,ARMED,448.0,0,1,80:02:9C:61:97:4B,1,3,433.6,80:02:9C:61:97:4A,8,0,NONE,2026-08-24T16:10:23.943334
45917,BEACON,-89,8,0,1310,65384,28964,3674175,0,99,7,0,0,14:33:5C:6D:AF:58,0,0,ARMED,448.0,0,0,80:02:9C:61:97:4B,1,1,234.0,80:02:9C:61:97:4A,8,0,NONE,2026-08-24T16:10:24.452334
45917,BEACON,-89,8,0,1314,65384,28964,3674585,0,99,7,0,0,14:33:5C:6D:AF:58,0,0,ARMED,448.0,0,0,80:02:9C:61:97:4B,1,1,231.8,80:02:9C:61:97:4A,8,0,NONE,2026-08-24T16:10:24.862334
45917,,55,55,0,1023,65384,28964,3675078,0,99,7,0,0,14:33:5C:6D:AF:58,0,0,ARMED,448.0,0,0,80:02:9C:61:97:4B,1,13,143.6,80:02:9C:61:97:4A,8,0,NONE,2026-08-24T16:10:25.355334
45917,BEACON,-91,6,5039,35,65384,28964,3675476,0,99,7,0,0,14:33:5C:6D:AF:58,0,0,ARMED,448.0,0,1,80:02:9C:61:97:4B,1,12,166.0,80:02:9C:61:97:4A,8,0,NONE,2026-08-24T16:10:25.753334
45917,BEACON,-90,7,0,1328,65384,28964,3676025,0,99,7,0,0,14:33:5C:6D:AF:58,0,0,ARMED,448.0,0,0,80:02:9C:61:97:4B,1,1,258.5,80:02:9C:61:97:4A,8,0,NONE,2026-08-24T16:10:26.302334
45917,BEACON,-84,13,0,317,65384,28964,3676574,0,99,7,0,0,14:33:5C:6D:AF:58,0,0,ARMED,448.0,0,1,80:02:9C:61:97:4B,1,7,84.7,80:02:9C:61:97:4A,8,0,NONE,2026-08-24T16:10:26.851334
45917,PROBE_RESP,-92,5,0,3029,65384,28964,3677083,0,99,7,0,0,14:33:5C:6D:AF:58,0,0,ARMED,448.0,0,0,80:02:9C:61:97:4B,1,9,112.8,80:02:9C:61:97:4A,8,0,NONE,2026-08-24T16:10:27.360334
45917,PROBE_REQ,-57,40,0,3820,65384,28964,3677532,0,99,7,0,0,14:33:5C:6D:AF:58,0,0,ARMED,448.0,0,0,80:02:9C:61:97:4B,1,2,136.1,80:02:9C:61:97:4A,8,0,NONE,2026-08-24T16:10:27.809334
45917,,60,60,0,1189,65384,28964,3677816,0,99,7,0,0,14:33:5C:6D:AF:58,0,0,ARMED,448.0,0,0,80:02:9C:61:97:4B,1,26,270.9,80:02:9C:61:97:4A,8,0,NONE,2026-08-24T16:10:28.093334
45917,BEACON,-92,5,0,1350,65384,28964,3678271,0,99,7,0,0,14:33:5C:6D:AF:58,0,0,ARMED,448.0,0,0,80:02:9C:61:97:4B,1,2,159.5,80:02:9C:61:97:4A,8,0,NONE,2026-08-24T16:10:28.548334
45917,DEAUTH,-89,8,30033,3372,65384,28964,3678906,0,99,7,0,0,14:33:5C:6D:AF:58,0,0,ARMED,448.0,0,1,80:02:9C:61:97:4B,1,4,120.3,80:02:9C:61:97:4A,8,0,NONE,2026-08-24T16:10:29.183334
45917,BEACON,-78,19,0,1206,65384,28964,3679488,0,99,7,0,0,14:33:5C:6D:AF:58,0,0,ARMED,448.0,0,1,80:02:9C:61:97:4B,1,9,87.9,80:02:9C:61:97:4A,8,0,NONE,2026-08-24T16:10:29.765334
45917,BEACON,-94,3,0,1316,65384,28964,3680110,0,99,7,0,0,14:33:5C:6D:AF:58,0,0,ARMED,448.0,0,1,80:02:9C:61:97:4B,1,2,246.4,80:02:9C:61:97:4A,8,0,NONE,2026-08-24T16:10:30.387334
45917,,32,32,0,1023,65384,28964,3680592,0,99,7,0,0,14:33:5C:6D:AF:58,0,0,ARMED,448.0,0,0,80:02:9C:61:97:4B,1,11,136.7,80:02:9C:61:97:4A,8,0,NONE,2026-08-24T16:10:30.869334
45917,,-92,5,10056,3925,65384,28964,3680926,0,99,7,0,0,14:33:5C:6D:AF:58,0,0,ARMED,448.0,0,1,80:02:9C:61:97:4B,1,1,208.4,80:02:9C:61:97:4A,8,0,NONE,2026-08-24T16:10:31.203334
45917,,-92,5,10056,3925,65384,28964,3680926,0,99,7,0,0,14:33:5C:6D:AF:58,0,0,ARMED,448.0,0,1,80:02:9C:61:97:4B,1,1,208.4,80:02:9C:61:97:4A,8,0,NONE,2026-08-24T16:10:31.203334
45917,,-92,5,0,4086,65384,28964,3681486,0,99,7,0,0,14:33:5C:6D:AF:58,0,0,ARMED,448.0,0,1,80:02:9C:61:97:4B,1,5,94.3,80:02:9C:61:97:4A,8,0,NONE,2026-08-24T16:10:31.763334
45917,BEACON,-89,8,0,3267,65384,28964,3681819,0,99,7,0,0,14:33:5C:6D:AF:58,0,0,ARMED,448.0,0,1,80:02:9C:61:97:4B,1,12,151.8,80:02:9C:61:97:4A,8,0,NONE,2026-08-24T16:10:32.096334
45917,,-90,7,1303,268,65384,28964,3682244,0,99,7,0,0,14:33:5C:6D:AF:58,0,0,ARMED,448.0,0,1,80:02:9C:61:97:4B,1,9,95.3,80:02:9C:61:97:4A,8,0,NONE,2026-08-24T16:10:32.521334
45917,BEACON,-80,17,0,1236,65384,28964,3682560,0,99,7,0,0,14:33:5C:6D:AF:58,0,0,ARMED,448.0,0,1,80:02:9C:61:97:4B,1,12,117.1,80:02:9C:61:97:4A,8,0,NONE,2026-08-24T16:10:32.837334
45917,BEACON,-91,6,0,1345,65384,28964,3683080,0,99,7,0,0,14:33:5C:6D:AF:58,0,0,ARMED,448.0,0,1,80:02:9C:61:97:4B,1,1,121.5,80:02:9C:61:97:4A,8,0,NONE,2026-08-24T16:10:33.357334
45917,,-59,38,0,3900,65384,28964,3683460,0,99,7,0,0,14:33:5C:6D:AF:58,0,0,ARMED,448.0,0,0,80:02:9C:61:97:4B,1,9,112.7,80:02:9C:61:97:4A,8,0,NONE,2026-08-24T16:10:33.737334
45917,BEACON,-89,8,0,1404,65384,28964,3683801,0,99,7,0,0,14:33:5C:6D:AF:58,0,0,ARMED,448.0,0,0,80:02:9C:61:97:4B,1,1,233.0,80:02:9C:61:97:4A,8,0,NONE,2026-08-24T16:10:34.078334
45917,BEACON,-83,14,0,393,65384,28964,3684356,0,99,7,0,0,14:33:5C:6D:AF:58,0,0,ARMED,448.0,0,1,80:02:9C:61:97:4B,1,4,86.8,80:02:9C:61:97:4A,8,0,NONE,2026-08-24T16:10:34.633334
45917,BEACON,-83,14,0,284,65384,28964,3684774,0,99,7,0,0,14:33:5C:6D:AF:58,0,0,ARMED,448.0,0,1,80:02:9C:61:97:4B,1,3,58.2,80:02:9C:61:97:4A,8,0,NONE,2026-08-24T16:10:35.051334
45917,,-95,2,0,3209,65384,28964,3685207,0,99,7,0,0,14:33:5C:6D:AF:58,0,0,ARMED,448.0,0,1,80:02:9C:61:97:4B,1,5,66.8,80:02:9C:61:97:4A,8,0,NONE,2026-08-24T16:10:35.484334
45917,BEACON,-83,14,0,406,65384,28964,3685688,0,99,7,0,0,14:33:5C:6D:AF:58,0,0,ARMED,448.0,0,0,80:02:9C:61:97:4B,1,1,45.8,80:02:9C:61:97:4A,8,0,NONE,2026-08-24T16:10:35.965334
45917,,-59,38,0,3940,63420,28964,3686222,0,99,7,0,0,14:33:5C:6D:AF:58,0,0,ARMED,448.0,0,0,80:02:9C:61:97:4B,1,4,211.4,80:02:9C:61:97:4A,8,0,NONE,2026-08-24T16:10:36.499334
45917,,-60,37,3182,2395,65384,28964,3686686,0,99,7,0,0,14:33:5C:6D:AF:58,0,0,ARMED,448.0,0,1,80:02:9C:61:97:4B,1,12,211.4,80:02:9C:61:97:4A,8,0,NONE,2026-08-24T16:10:36.963334
45917,BEACON,-91,6,54,1384,65384,28964,3687073,0,99,7,0,0,14:33:5C:6D:AF:58,0,0,ARMED,448.0,0,1,80:02:9C:61:97:4B,1,6,173.1,80:02:9C:61:97:4A,8,0,NONE,2026-08-24T16:10:37.350334
45917,,-64,33,1551,2408,65384,28964,3687386,0,99,7,0,0,14:33:5C:6D:AF:58,0,0,ARMED,448.0,0,1,80:02:9C:61:97:4B,1,7,174.7,80:02:9C:61:97:4A,8,0,NONE,2026-08-24T16:10:37.663334
45917,BEACON,-64,33,1991,3955,65384,28964,3687653,0,99,7,0,0,14:33:5C:6D:AF:58,0,1,ARMED,448.0,0,1,80:02:9C:61:97:4B,1,36,351.6,80:02:9C:61:97:4A,8,0,NONE,2026-08-24T16:10:37.930334
45917,AUTH,-64,33,3385,1358,65384,28964,3687838,0,99,7,0,0,14:33:5C:6D:AF:58,0,0,ARMED,448.0,0,1,80:02:9C:61:97:4B,1,38,461.5,80:02:9C:61:97:4A,8,0,NONE,2026-08-24T16:10:38.115334
45917,,-63,34,888,2455,65384,28964,3688072,0,99,7,0,0,14:33:5C:6D:AF:58,0,0,ARMED,448.0,0,0,80:02:9C:61:97:4B,1,12,1333.2,80:02:9C:61:97:4A,8,0,NONE,2026-08-24T16:10:38.349334
45917,BEACON,-85,12,0,1645,65384,28964,3688149,0,99,7,0,0,14:33:5C:6D:AF:58,0,0,ARMED,448.0,0,1,80:02:9C:61:97:4B,1,62,717.1,80:02:9C:61:97:4A,8,0,NONE,2026-08-24T16:10:38.426334
45917,BEACON,-91,6,430,1448,65384,28964,3688306,0,99,7,0,0,14:33:5C:6D:AF:58,0,0,ARMED,448.0,0,1,80:02:9C:61:97:4B,1,24,616.7,80:02:9C:61:97:4A,8,0,NONE,2026-08-24T16:10:38.583334
45917,BEACON,-78,19,0,1295,65384,28964,3688602,0,99,7,0,0,14:33:5C:6D:AF:58,0,0,ARMED,448.0,0,1,80:02:9C:61:97:4B,1,4,146.0,80:02:9C:61:97:4A,8,0,NONE,2026-08-24T16:10:38.879334
45917,,-62,35,412,2499,65384,28964,3688865,0,99,7,0,0,14:33:5C:6D:AF:58,0,0,ARMED,448.0,0,1,80:02:9C:61:97:4B,1,26,302.0,80:02:9C:61:97:4A,8,0,NONE,2026-08-24T16:10:39.142334
45917,,-66,31,276,3588,65384,28964,3689104,0,99,7,0,0,14:33:5C:6D:AF:58,0,0,ARMED,448.0,0,0,80:02:9C:61:97:4B,1,12,705.3,80:02:9C:61:97:4A,8,0,NONE,2026-08-24T16:10:39.381334
45917,,-62,35,412,2524,65384,28964,3689315,0,99,7,0,0,14:33:5C:6D:AF:58,0,0,ARMED,448.0,0,1,80:02:9C:61:97:4B,1,14,603.0,80:02:9C:61:97:4A,8,0,NONE,2026-08-24T16:10:39.592334
45917,,-84,13,0,2861,65384,28964,3689439,0,99,7,0,0,14:33:5C:6D:AF:58,0,1,ARMED,448.0,0,1,80:02:9C:61:97:4B,1,20,437.4,80:02:9C:61:97:4A,8,0,NONE,2026-08-24T16:10:39.716334
45917,,-66,31,78651,3673,65384,28964,3689641,0,99,7,0,0,14:33:5C:6D:AF:58,0,0,ARMED,448.0,0,1,80:02:9C:61:97:4B,1,3,70.3,80:02:9C:61:97:4A,8,0,NONE,2026-08-24T16:10:39.918334
45917,,-66,31,276,3702,65384,28964,3689762,0,99,7,0,0,14:33:5C:6D:AF:58,0,1,ARMED,448.0,0,0,80:02:9C:61:97:4B,1,25,410.3,80:02:9C:61:97:4A,8,0,NONE,2026-08-24T16:10:40.039334
45917,BEACON,-78,19,0,1310,65384,28964,3690137,0,99,7,0,0,14:33:5C:6D:AF:58,0,0,ARMED,448.0,0,1,80:02:9C:61:97:4B,1,3,113.4,80:02:9C:61:97:4A,8,0,NONE,2026-08-24T16:10:40.414334
45917,,-62,35,359,2595,65384,28964,3690222,0,99,7,0,0,14:33:5C:6D:AF:58,0,1,ARMED,448.0,0,1,80:02:9C:61:97:4B,1,14,1513.5,80:02:9C:61:97:4A,8,0,NONE,2026-08-24T16:10:40.499334
45917,,-95,2,0,2860,65384,28964,3690573,0,99,7,0,0,14:33:5C:6D:AF:58,0,0,ARMED,448.0,0,1,80:02:9C:61:97:4B,1,6,112.6,80:02:9C:61:97:4A,8,0,NONE,2026-08-24T16:10:40.850334
45917,,-63,34,968,2618,65384,28964,3690739,0,99,7,0,0,14:33:5C:6D:AF:58,0,0,ARMED,448.0,0,0,80:02:9C:61:97:4B,1,20,1474.5,80:02:9C:61:97:4A,8,0,NONE,2026-08-24T16:10:41.016043
45917,,-62,35,373,2626,65384,28964,3690895,0,99,7,0,0,14:33:5C:6D:AF:58,1,1,ARMED,448.0,0,0,80:02:9C:61:97:4B,1,25,361.1,80:02:9C:61:97:4A,8,0,NONE,2026-08-24T16:10:41.172043
45917,,-66,31,275,3839,65384,28964,3691096,0,99,7,0,0,14:33:5C:6D:AF:58,0,1,ARMED,448.0,0,0,80:02:9C:61:97:4B,1,12,187.2,80:02:9C:61:97:4A,8,0,NONE,2026-08-24T16:10:41.373043
45917,,-63,34,2026,2653,65384,28964,3691245,0,99,7,0,0,14:33:5C:6D:AF:58,0,1,ARMED,448.0,0,0,80:02:9C:61:97:4B,1,13,1299.2,80:02:9C:61:97:4A,8,0,NONE,2026-08-24T16:10:41.522043
45917,BEACON,-62,35,64,3999,65384,28964,3691544,0,99,7,0,0,14:33:5C:6D:AF:58,0,0,ARMED,448.0,0,1,80:02:9C:61:97:4B,1,27,263.7,80:02:9C:61:97:4A,8,0,NONE,2026-08-24T16:10:41.821043
45917,,-65,32,276,3918,65384,28964,3691676,0,99,7,0,0,14:33:5C:6D:AF:58,0,1,ARMED,448.0,0,0,80:02:9C:61:97:4B,1,7,239.1,80:02:9C:61:97:4A,8,0,NONE,2026-08-24T16:10:41.953043
45917,,-65,32,276,3942,65384,28964,3691850,0,99,7,0,0,14:33:5C:6D:AF:58,0,1,ARMED,448.0,0,0,80:02:9C:61:97:4B,1,2,2000.0,80:02:9C:61:97:4A,8,0,NONE,2026-08-24T16:10:42.127043
45917,BEACON,-61,36,63,4003,65384,28964,3691954,0,99,7,0,0,14:33:5C:6D:AF:58,0,1,ARMED,448.0,0,1,80:02:9C:61:97:4B,1,52,496.7,80:02:9C:61:97:4A,8,0,NONE,2026-08-24T16:10:42.231043
45917,,-85,12,0,2979,65384,28964,3692447,0,99,7,0,0,14:33:5C:6D:AF:58,0,0,ARMED,448.0,0,1,80:02:9C:61:97:4B,1,9,107.0,80:02:9C:61:97:4A,8,0,NONE,2026-08-24T16:10:42.724043
45917,BEACON,-92,5,0,1492,65384,28964,3692812,0,99,7,0,0,14:33:5C:6D:AF:58,0,0,ARMED,448.0,0,0,80:02:9C:61:97:4B,1,4,102.8,80:02:9C:61:97:4A,8,0,NONE,2026-08-24T16:10:43.089043
45917,MGMT_OTHER,-85,12,0,4065,65384,28964,3693134,0,99,7,0,0,14:33:5C:6D:AF:58,0,0,ARMED,448.0,0,1,80:02:9C:61:97:4B,1,9,167.1,80:02:9C:61:97:4A,8,0,NONE,2026-08-24T16:10:43.411043
45917,BEACON,-78,19,0,1342,65384,28964,3693415,0,99,7,0,0,14:33:5C:6D:AF:58,0,0,ARMED,448.0,0,1,80:02:9C:61:97:4B,1,3,108.3,80:02:9C:61:97:4A,8,0,NONE,2026-08-24T16:10:43.692043
45917,BEACON,-84,13,0,371,65384,28964,3693683,0,99,7,0,0,14:33:5C:6D:AF:58,0,1,ARMED,448.0,0,1,80:02:9C:61:97:4B,1,9,99.1,80:02:9C:61:97:4A,8,0,NONE,2026-08-24T16:10:43.960043
45917,BEACON,-91,6,0,1505,65384,28964,3694143,0,99,7,0,0,14:33:5C:6D:AF:58,0,0,ARMED,448.0,0,0,80:02:9C:61:97:4B,1,3,77.1,80:02:9C:61:97:4A,8,0,NONE,2026-08-24T16:10:44.420043
45917,,31,31,0,1023,65384,28964,3694529,0,99,7,0,0,14:33:5C:6D:AF:58,0,0,ARMED,448.0,0,0,80:02:9C:61:97:4B,1,7,446.2,80:02:9C:61:97:4A,8,0,NONE,2026-08-24T16:10:44.806043
45917,,-65,32,0,4010,65384,28964,3694711,0,99,7,0,0,14:33:5C:6D:AF:58,0,0,ARMED,448.0,0,0,80:02:9C:61:97:4B,1,32,337.3,80:02:9C:61:97:4A,8,0,NONE,2026-08-24T16:10:44.988043
45917,MGMT_OTHER,-90,7,29987,1908,65384,28964,3694996,0,99,7,0,0,14:33:5C:6D:AF:58,0,0,ARMED,448.0,0,1,80:02:9C:61:97:4B,1,4,86.5,80:02:9C:61:97:4A,8,0,NONE,2026-08-24T16:10:45.273043
45917,PROBE_RESP,-88,9,0,3041,65384,28964,3695339,0,99,7,0,0,14:33:5C:6D:AF:58,0,0,ARMED,448.0,0,1,80:02:9C:61:97:4B,1,24,292.8,80:02:9C:61:97:4A,8,0,NONE,2026-08-24T16:10:45.616043
45917,PROBE_RESP,-60,37,0,4067,65384,28964,3695576,0,99,7,0,0,14:33:5C:6D:AF:58,0,0,ARMED,448.0,0,0,80:02:9C:61:97:4B,1,6,424.5,80:02:9C:61:97:4A,8,0,NONE,2026-08-24T16:10:45.853043
45917,BEACON,-85,12,0,1725,65384,28964,3695932,0,99,7,0,0,14:33:5C:6D:AF:58,0,0,ARMED,448.0,0,1,80:02:9C:61:97:4B,1,7,115.6,80:02:9C:61:97:4A,8,0,NONE,2026-08-24T16:10:46.209043
45917,BEACON,-90,7,50,1527,65384,28964,3696396,0,99,7,0,0,14:33:5C:6D:AF:58,0,0,ARMED,448.0,0,1,80:02:9C:61:97:4B,1,2,466.6,80:02:9C:61:97:4A,8,0,NONE,2026-08-24T16:10:46.673043
45917,BEACON,-90,7,0,1531,65384,28964,3696805,0,99,7,0,0,14:33:5C:6D:AF:58,0,0,ARMED,448.0,0,0,80:02:9C:61:97:4B,1,1,233.5,80:02:9C:61:97:4A,8,0,NONE,2026-08-24T16:10:47.082043
45917,BEACON,-91,6,0,1536,65384,28964,3697317,0,99,7,0,0,14:33:5C:6D:AF:58,0,0,ARMED,448.0,0,0,80:02:9C:61:97:4B,1,8,78.2,80:02:9C:61:97:4A,8,0,NONE,2026-08-24T16:10:47.594043
45917,,51,51,0,1023,65384,28964,3697709,0,99,7,0,0,14:33:5C:6D:AF:58,0,0,ARMED,448.0,0,0,80:02:9C:61:97:4B,1,8,94.9,80:02:9C:61:97:4A,8,0,NONE,2026-08-24T16:10:47.986043
45917,,34,34,0,4094,65384,28964,3697904,0,99,7,0,0,14:33:5C:6D:AF:58,0,0,ARMED,448.0,0,0,80:02:9C:61:97:4B,1,25,329.1,80:02:9C:61:97:4A,8,0,NONE,2026-08-24T16:10:48.181043
45917,,50,50,0,1387,65384,28964,3698049,0,99,7,0,0,14:33:5C:6D:AF:58,0,1,ARMED,448.0,0,0,80:02:9C:61:97:4B,1,6,473.3,80:02:9C:61:97:4A,8,0,NONE,2026-08-24T16:10:48.326043
45917,,50,50,0,1023,65384,28964,3698118,0,99,7,0,0,14:33:5C:6D:AF:58,0,1,ARMED,448.0,0,0,80:02:9C:61:97:4B,1,56,683.4,80:02:9C:61:97:4A,8,0,NONE,2026-08-24T16:10:48.395043
45917,,-67,30,0,4059,65384,28964,3698207,0,99,7,0,0,14:33:5C:6D:AF:58,0,1,ARMED,448.0,0,0,80:02:9C:61:97:4B,1,46,663.3,80:02:9C:61:97:4A,8,0,NONE,2026-08-24T16:10:48.484043
45917,,50,50,0,1389,65384,28964,3698256,0,99,7,0,0,14:33:5C:6D:AF:58,0,1,ARMED,448.0,0,0,80:02:9C:61:97:4B,1,13,742.2,80:02:9C:61:97:4A,8,0,NONE,2026-08-24T16:10:48.533043
45917,BEACON,-78,19,82,1390,65384,28964,3698329,0,99,7,0,0,14:33:5C:6D:AF:58,0,1,ARMED,448.0,0,1,80:02:9C:61:97:4B,1,63,698.0,80:02:9C:61:97:4A,8,0,NONE,2026-08-24T16:10:48.606043
45917,,50,50,0,1391,65384,28964,3698440,0,99,7,0,0,14:33:5C:6D:AF:58,0,1,ARMED,448.0,0,0,80:02:9C:61:97:4B,1,49,515.3,80:02:9C:61:97:4A,8,0,NONE,2026-08-24T16:10:48.717043
45917,BEACON,-60,37,82,6,65384,28964,3698712,0,99,7,0,0,14:33:5C:6D:AF:58,0,0,ARMED,448.0,0,1,80:02:9C:61:97:4B,1,4,66.0,80:02:9C:61:97:4A,8,0,NONE,2026-08-24T16:10:48.989043
45917,,50,50,0,1023,65384,28964,3699248,0,99,7,0,0,14:33:5C:6D:AF:58,0,0,ARMED,448.0,0,0,80:02:9C:61:97:4B,1,6,168.8,80:02:9C:61:97:4A,8,0,NONE,2026-08-24T16:10:49.525043
45917,,35,35,0,13,65384,28964,3699329,0,99,7,0,0,14:33:5C:6D:AF:58,0,1,ARMED,448.0,0,0,80:02:9C:61:97:4B,1,6,344.6,80:02:9C:61:97:4A,8,0,NONE,2026-08-24T16:10:49.606043
45917,BEACON,-89,8,0,3441,65384,28964,3699637,0,99,7,0,0,14:33:5C:6D:AF:58,0,0,ARMED,448.0,0,1,80:02:9C:61:97:4B,1,1,319.7,80:02:9C:61:97:4A,8,0,NONE,2026-08-24T16:10:49.914043
45917,,-41,56,7679,1166,65384,28964,3700122,0,99,7,0,0,14:33:5C:6D:AF:58,0,0,ARMED,448.0,0,1,80:02:9C:61:97:4B,1,10,127.6,80:02:9C:61:97:4A,8,0,NONE,2026-08-24T16:10:50.399043
45917,BEACON,-89,8,0,3449,65384,28964,3700456,0,99,7,0,0,14:33:5C:6D:AF:58,0,0,ARMED,448.0,0,1,80:02:9C:61:97:4B,1,1,328.1,80:02:9C:61:97:4A,8,0,NONE,2026-08-24T16:10:50.733043
45917,BEACON,-59,38,82,29,65384,28964,3700760,0,99,7,0,0,14:33:5C:6D:AF:58,0,0,ARMED,448.0,0,1,80:02:9C:61:97:4B,1,13,126.9,80:02:9C:61:97:4A,8,0,NONE,2026-08-24T16:10:51.037043
45917,,-44,53,36468,1194,65384,28964,3701029,0,99,7,0,0,14:33:5C:6D:AF:58,0,1,ARMED,448.0,0,1,80:02:9C:61:97:4B,1,8,123.9,80:02:9C:61:97:4A,8,0,NONE,2026-08-24T16:10:51.306043
45917,,35,35,0,1023,65384,28964,3701356,0,99,7,0,0,14:33:5C:6D:AF:58,0,0,ARMED,448.0,0,0,80:02:9C:61:97:4B,1,27,323.2,80:02:9C:61:97:4A,8,0,NONE,2026-08-24T16:10:51.633043
45917,BEACON,-85,12,22065,1785,65384,28964,3701563,0,99,7,0,0,14:33:5C:6D:AF:58,1,1,ARMED,448.0,0,1,80:02:9C:61:97:4B,1,9,98.7,80:02:9C:61:97:4A,8,0,NONE,2026-08-24T16:10:51.840043
45917,BEACON,-59,38,0,39,65384,28964,3701784,0,99,7,0,0,14:33:5C:6D:AF:58,0,0,ARMED,448.0,0,1,80:02:9C:61:97:4B,1,8,78.1,80:02:9C:61:97:4A,8,0,NONE,2026-08-24T16:10:52.061043
45917,BEACON,-84,13,0,455,65384,28964,3702290,0,99,7,0,0,14:33:5C:6D:AF:58,0,0,ARMED,448.0,0,1,80:02:9C:61:97:4B,1,13,134.8,80:02:9C:61:97:4A,8,0,NONE,2026-08-24T16:10:52.567043
45917,,50,50,0,1023,65384,28964,3702455,0,99,7,0,0,14:33:5C:6D:AF:58,0,1,ARMED,448.0,0,0,80:02:9C:61:97:4B,1,17,299.1,80:02:9C:61:97:4A,8,0,NONE,2026-08-24T16:10:52.732043
45917,BEACON,-90,7,0,1538,65312,28964,3702843,0,99,7,0,0,14:33:5C:6D:AF:58,0,0,ARMED,448.0,0,1,80:02:9C:61:97:4B,1,4,115.2,80:02:9C:61:97:4A,8,0,NONE,2026-08-24T16:10:53.120043
45917,,-60,37,13744,1932,65384,28964,3703122,0,99,7,0,0,14:33:5C:6D:AF:58,0,0,ARMED,448.0,0,1,80:02:9C:61:97:4B,1,2,284.8,80:02:9C:61:97:4A,8,0,NONE,2026-08-24T16:10:53.399043
45917,BEACON,-84,13,0,1807,65384,28964,3703612,0,99,7,0,0,14:33:5C:6D:AF:58,0,0,ARMED,448.0,0,1,80:02:9C:61:97:4B,1,8,92.4,80:02:9C:61:97:4A,8,0,NONE,2026-08-24T16:10:53.889043
45917,BEACON,-84,13,58057,586,65384,28964,3704120,0,99,7,0,0,14:33:5C:6D:AF:58,0,0,ARMED,448.0,0,1,80:02:9C:61:97:4B,1,5,60.5,80:02:9C:61:97:4A,8,0,NONE,2026-08-24T16:10:54.397043
45917,,50,50,0,1449,65384,28964,3704389,0,99,7,0,0,14:33:5C:6D:AF:58,0,0,ARMED,448.0,0,0,80:02:9C:61:97:4B,1,16,357.5,80:02:9C:61:97:4A,8,0,NONE,2026-08-24T16:10:54.666043
45917,,36,36,0,1023,65384,28964,3704476,0,99,7,0,0,14:33:5C:6D:AF:58,0,1,ARMED,448.0,0,1,80:02:9C:61:97:4B,1,8,270.5,80:02:9C:61:97:4A,8,0,NONE,2026-08-24T16:10:54.753043
45917,,-67,30,291,58,65384,28964,3704573,0,99,7,0,0,14:33:5C:6D:AF:58,0,1,ARMED,448.0,0,1,80:02:9C:61:97:4B,1,5,211.7,80:02:9C:61:97:4A,8,0,NONE,2026-08-24T16:10:54.850043
45917,BEACON,-88,9,0,3492,65312,28964,3704859,0,99,7,0,0,14:33:5C:6D:AF:58,0,0,ARMED,448.0,0,1,80:02:9C:61:97:4B,1,1,324.1,80:02:9C:61:97:4A,8,0,NONE,2026-08-24T16:10:55.136043
45917,,-67,30,292,80,65384,28964,3705106,0,99,7,0,0,14:33:5C:6D:AF:58,0,0,ARMED,448.0,0,0,80:02:9C:61:97:4B,1,28,621.3,80:02:9C:61:97:4A,8,0,NONE,2026-08-24T16:10:55.383043
45917,BEACON,-85,12,72325,487,65384,28964,3705561,0,99,7,0,0,14:33:5C:6D:AF:58,0,0,ARMED,448.0,0,1,80:02:9C:61:97:4B,1,8,88.4,80:02:9C:61:97:4A,8,0,NONE,2026-08-24T16:10:55.838043
45917,BEACON,-92,5,0,1621,65384,28964,3706022,0,99,7,0,0,14:33:5C:6D:AF:58,0,0,ARMED,448.0,0,0,80:02:9C:61:97:4B,1,2,158.2,80:02:9C:61:97:4A,8,0,NONE,2026-08-24T16:10:56.299043
45917,BEACON,-78,19,20100,1468,65384,28964,3706316,0,99,7,0,0,14:33:5C:6D:AF:58,0,0,ARMED,448.0,0,1,80:02:9C:61:97:4B,1,11,107.4,80:02:9C:61:97:4A,8,0,NONE,2026-08-24T16:10:56.593043
45917,BEACON,-90,7,0,1629,65384,28964,3706844,0,99,7,0,0,14:33:5C:6D:AF:58,0,0,ARMED,448.0,0,1,80:02:9C:61:97:4B,1,3,194.0,80:02:9C:61:97:4A,8,0,NONE,2026-08-24T16:10:57.121043
45917,BEACON,-87,10,0,3516,65384,28964,3707317,0,99,7,0,0,14:33:5C:6D:AF:58,0,0,ARMED,448.0,0,1,80:02:9C:61:97:4B,1,10,126.6,80:02:9C:61:97:4A,8,0,NONE,2026-08-24T16:10:57.594043
45917,,-65,32,292,113,65384,28964,3707610,0,99,7,0,0,14:33:5C:6D:AF:58,0,1,ARMED,448.0,0,0,80:02:9C:61:97:4B,1,7,107.3,80:02:9C:61:97:4A,8,0,NONE,2026-08-24T16:10:57.887043
45917,BEACON,-82,15,12926,1482,65384,28964,3707750,0,99,7,0,0,14:33:5C:6D:AF:58,0,0,ARMED,448.0,0,1,80:02:9C:61:97:4B,1,27,266.6,80:02:9C:61:97:4A,8,0,NONE,2026-08-24T16:10:58.027043
45917,,56,56,0,1023,65384,28964,3708090,0,99,7,0,0,14:33:5C:6D:AF:58,0,0,ARMED,448.0,0,0,80:02:9C:61:97:4B,1,7,212.9,80:02:9C:61:97:4A,8,0,NONE,2026-08-24T16:10:58.367043
45917,BEACON,-90,7,0,1592,65384,28964,3708372,0,99,7,0,0,14:33:5C:6D:AF:58,0,0,ARMED,448.0,0,1,80:02:9C:61:97:4B,1,1,120.7,80:02:9C:61:97:4A,8,0,NONE,2026-08-24T16:10:58.649043
45917,PROBE_RESP,-59,38,0,110,65384,28964,3708456,0,99,7,0,0,14:33:5C:6D:AF:58,0,0,ARMED,448.0,0,1,80:02:9C:61:97:4B,1,51,555.4,80:02:9C:61:97:4A,8,0,NONE,2026-08-24T16:10:58.733043
45917,,34,34,0,1023,65384,28964,3708499,0,99,7,0,0,14:33:5C:6D:AF:58,0,1,ARMED,448.0,0,0,80:02:9C:61:97:4B,1,45,1306.6,80:02:9C:61:97:4A,8,0,NONE,2026-08-24T16:10:58.776043
45917,,-62,35,905,2851,65384,28964,3708551,0,99,7,0,0,14:33:5C:6D:AF:58,0,1,ARMED,448.0,0,0,80:02:9C:61:97:4B,1,95,1094.2,80:02:9C:61:97:4A,8,0,NONE,2026-08-24T16:10:58.828043
45917,,-62,35,503,3567,65336,28964,3708766,0,99,7,0,0,14:33:5C:6D:AF:58,0,0,ARMED,448.0,0,0,80:02:9C:61:97:4B,1,30,317.3,80:02:9C:61:97:4A,8,0,NONE,2026-08-24T16:10:59.043043
45917,,-43,54,6462,1342,65384,28964,3708995,0,99,7,0,0,14:33:5C:6D:AF:58,0,1,ARMED,448.0,0,1,80:02:9C:61:97:4B,1,15,154.1,80:02:9C:61:97:4A,8,0,NONE,2026-08-24T16:10:59.272043
45917,BEACON,-85,12,0,522,65384,28964,3709145,0,99,7,0,0,14:33:5C:6D:AF:58,0,1,ARMED,448.0,0,1,80:02:9C:61:97:4B,1,11,235.5,80:02:9C:61:97:4A,8,0,NONE,2026-08-24T16:10:59.422043
45917,,-79,18,295,1808,65384,28964,3709474,0,99,7,0,0,14:33:5C:6D:AF:58,0,0,ARMED,448.0,0,1,80:02:9C:61:97:4B,1,16,226.4,80:02:9C:61:97:4A,8,0,NONE,2026-08-24T16:10:59.751043
45917,BEACON,-93,4,0,1658,65384,28964,3709814,0,99,7,0,0,14:33:5C:6D:AF:58,0,0,ARMED,448.0,0,0,80:02:9C:61:97:4B,1,19,305.7,80:02:9C:61:97:4A,8,0,NONE,2026-08-24T16:11:00.091043
45917,,-39,58,4092,1355,65384,28964,3710098,0,99,7,0,0,14:33:5C:6D:AF:58,0,0,ARMED,448.0,0,1,80:02:9C:61:97:4B,1,6,216.4,80:02:9C:61:97:4A,8,0,NONE,2026-08-24T16:11:00.375043
45917,BEACON,-89,8,0,3544,65308,28964,3710184,0,99,7,0,0,14:33:5C:6D:AF:58,0,1,ARMED,448.0,0,1,80:02:9C:61:97:4B,1,2,294.3,80:02:9C:61:97:4A,8,0,NONE,2026-08-24T16:11:00.461043
45917,,-61,36,0,3625,65384,28964,3710392,0,99,7,0,0,14:33:5C:6D:AF:58,0,0,ARMED,448.0,0,0,80:02:9C:61:97:4B,1,16,2720.2,80:02:9C:61:97:4A,8,0,NONE,2026-08-24T16:11:00.669043
45917,,-43,54,166,1361,65384,28964,3710712,0,99,7,0,0,14:33:5C:6D:AF:58,0,0,ARMED,448.0,0,0,80:02:9C:61:97:4B,1,4,210.8,80:02:9C:61:97:4A,8,0,NONE,2026-08-24T16:11:00.989043
45917,BEACON,-60,37,0,136,65384,28964,3711000,0,99,7,0,0,14:33:5C:6D:AF:58,0,0,ARMED,448.0,0,1,80:02:9C:61:97:4B,1,9,87.9,80:02:9C:61:97:4A,8,0,NONE,2026-08-24T16:11:01.277043
45917,,-90,7,1903,3682,65384,28964,3711357,0,99,7,0,0,14:33:5C:6D:AF:58,0,0,ARMED,448.0,0,1,80:02:9C:61:97:4B,1,14,280.3,80:02:9C:61:97:4A,8,0,NONE,2026-08-24T16:11:01.634043
45917,BEACON,-84,13,70024,549,65384,28964,3711910,0,99,7,0,0,14:33:5C:6D:AF:58,0,0,ARMED,448.0,0,1,80:02:9C:61:97:4B,1,4,44.2,80:02:9C:61:97:4A,8,0,NONE,2026-08-24T16:11:02.187043
45917,,-66,31,292,200,65384,28964,3712143,0,99,7,0,0,14:33:5C:6D:AF:58,0,1,ARMED,448.0,0,0,80:02:9C:61:97:4B,1,6,357.0,80:02:9C:61:97:4A,8,0,NONE,2026-08-24T16:11:02.420043
45917,,-80,17,1275,1815,65384,28964,3712344,0,99,7,0,0,14:33:5C:6D:AF:58,0,0,ARMED,448.0,0,1,80:02:9C:61:97:4B,1,15,1156.3,80:02:9C:61:97:4A,8,0,NONE,2026-08-24T16:11:02.621043
45917,,-80,17,1275,1815,65384,28964,3712344,0,99,7,0,0,14:33:5C:6D:AF:58,0,0,ARMED,448.0,0,1,80:02:9C:61:97:4B,1,15,1156.3,80:02:9C:61:97:4A,8,0,NONE,2026-08-24T16:11:02.621043
45917,,52,52,0,1023,65384,28964,3712454,0,99,7,0,0,14:33:5C:6D:AF:58,0,1,ARMED,448.0,0,0,80:02:9C:61:97:4B,1,15,664.9,80:02:9C:61:97:4A,8,0,NONE,2026-08-24T16:11:02.731043
45917,,57,57,0,1529,65384,28964,3712565,0,99,7,0,0,14:33:5C:6D:AF:58,0,1,ARMED,448.0,0,0,80:02:9C:61:97:4B,1,9,313.1,80:02:9C:61:97:4A,8,0,NONE,2026-08-24T16:11:02.842043
45917,BEACON,-81,16,0,1532,65384,28964,3712870,0,99,7,0,0,14:33:5C:6D:AF:58,0,0,ARMED,448.0,0,1,80:02:9C:61:97:4B,1,3,113.3,80:02:9C:61:97:4A,8,0,NONE,2026-08-24T16:11:03.147043
45917,,52,52,0,1023,65384,28964,3713232,0,99,7,0,0,14:33:5C:6D:AF:58,0,0,ARMED,448.0,0,0,80:02:9C:61:97:4B,1,16,191.7,80:02:9C:61:97:4A,8,0,NONE,2026-08-24T16:11:03.509043
45917,,35,35,0,1023,65384,28964,3713329,0,99,7,0,0,14:33:5C:6D:AF:58,0,0,ARMED,448.0,0,0,80:02:9C:61:97:4B,1,42,529.9,80:02:9C:61:97:4A,8,0,NONE,2026-08-24T16:11:03.606043
45917,PROBE_REQ,-92,5,0,1600,65384,28964,3713418,0,99,7,0,0,14:33:5C:6D:AF:58,0,1,ARMED,448.0,0,1,80:02:9C:61:97:4B,1,18,271.9,80:02:9C:61:97:4A,8,0,NONE,2026-08-24T16:11:03.695043
45917,,-90,7,10068,1771,65384,28964,3713688,0,99,7,0,0,14:33:5C:6D:AF:58,0,0,ARMED,448.0,0,1,80:02:9C:61:97:4B,1,5,194.1,80:02:9C:61:97:4A,8,0,NONE,2026-08-24T16:11:03.965043
45917,,-66,31,292,209,65384,28964,3714070,0,99,7,0,0,14:33:5C:6D:AF:58,0,0,ARMED,448.0,0,0,80:02:9C:61:97:4B,1,1,1000.0,80:02:9C:61:97:4A,8,0,NONE,2026-08-24T16:11:04.347043
45917,BEACON,-91,6,0,1703,65384,28964,3714422,0,99,7,0,0,14:33:5C:6D:AF:58,0,0,ARMED,448.0,0,0,80:02:9C:61:97:4B,1,6,141.8,80:02:9C:61:97:4A,8,0,NONE,2026-08-24T16:11:04.699043
45917,BEACON,-84,13,0,692,65384,28964,3714974,0,99,7,0,0,14:33:5C:6D:AF:58,0,0,ARMED,448.0,0,1,80:02:9C:61:97:4B,1,5,60.5,80:02:9C:61:97:4A,8,0,NONE,2026-08-24T16:11:05.251043
45917,,51,51,0,1023,65384,28964,3715351,0,99,7,0,0,14:33:5C:6D:AF:58,0,0,ARMED,448.0,0,0,80:02:9C:61:97:4B,1,21,436.4,80:02:9C:61:97:4A,8,0,NONE,2026-08-24T16:11:05.628043
45917,,33,33,0,1023,65384,28964,3715460,0,99,7,0,0,14:33:5C:6D:AF:58,0,1,ARMED,448.0,0,0,80:02:9C:61:97:4B,1,33,578.9,80:02:9C:61:97:4A,8,0,NONE,2026-08-24T16:11:05.737043
45917,,34,34,0,1023,65384,28964,3715520,0,99,7,0,0,14:33:5C:6D:AF:58,0,1,ARMED,448.0,0,0,80:02:9C:61:97:4B,1,20,1427.7,80:02:9C:61:97:4A,8,0,NONE,2026-08-24T16:11:05.797043
45917,,53,53,0,4061,65384,28964,3715616,0,99,7,0,0,14:33:5C:6D:AF:58,0,1,ARMED,448.0,0,0,80:02:9C:61:97:4B,1,4,634.4,80:02:9C:61:97:4A,8,0,NONE,2026-08-24T16:11:05.893043
45917,,51,51,0,188,65384,28964,3715728,0,99,7,0,0,14:33:5C:6D:AF:58,0,1,ARMED,448.0,0,0,80:02:9C:61:97:4B,1,7,441.7,80:02:9C:61:97:4A,8,0,NONE,2026-08-24T16:11:06.005043
45917,,-44,53,0,1448,65384,28964,3715802,0,99,7,0,0,14:33:5C:6D:AF:58,0,1,ARMED,448.0,0,1,80:02:9C:61:97:4B,1,57,635.2,80:02:9C:61:97:4A,8,0,NONE,2026-08-24T16:11:06.079043
45917,,-44,53,14110,1452,65384,28964,3715921,0,99,7,0,0,14:33:5C:6D:AF:58,0,1,ARMED,448.0,0,1,80:02:9C:61:97:4B,1,2,324.5,80:02:9C:61:97:4A,8,0,NONE,2026-08-24T16:11:06.198043
45917,,-80,17,5137,1770,65384,28964,3716430,0,99,7,0,0,14:33:5C:6D:AF:58,0,0,ARMED,448.0,0,1,80:02:9C:61:97:4B,1,2,625.0,80:02:9C:61:97:4A,8,0,NONE,2026-08-24T16:11:06.707043
45917,BEACON,-64,33,52,200,65384,28964,3716837,0,99,7,0,0,14:33:5C:6D:AF:58,0,0,ARMED,448.0,0,1,80:02:9C:61:97:4B,1,10,97.6,80:02:9C:61:97:4A,8,0,NONE,2026-08-24T16:11:07.114043
45917,BEACON,-82,15,82,1573,65384,28964,3717068,0,99,7,0,0,14:33:5C:6D:AF:58,0,0,ARMED,448.0,0,1,80:02:9C:61:97:4B,1,4,151.0,80:02:9C:61:97:4A,8,0,NONE,2026-08-24T16:11:07.345043
45917,BEACON,-63,34,19985,209,65384,28964,3717656,0,99,7,0,0,14:33:5C:6D:AF:58,0,0,ARMED,448.0,0,1,80:02:9C:61:97:4B,1,9,87.9,80:02:9C:61:97:4A,8,0,NONE,2026-08-24T16:11:07.933043
45917,BEACON,-92,5,0,1687,65384,28964,3718100,0,99,7,0,0,14:33:5C:6D:AF:58,0,0,ARMED,448.0,0,1,80:02:9C:61:97:4B,1,4,115.1,80:02:9C:61:97:4A,8,0,NONE,2026-08-24T16:11:08.377043
45917,,-85,12,83,2902,65384,28964,3718357,0,99,7,0,0,14:33:5C:6D:AF:58,0,0,ARMED,448.0,0,1,80:02:9C:61:97:4B,1,24,276.0,80:02:9C:61:97:4A,8,0,NONE,2026-08-24T16:11:08.634043
45917,,33,33,0,1023,65384,28964,3718438,0,99,7,0,0,14:33:5C:6D:AF:58,0,0,ARMED,448.0,0,0,80:02:9C:61:97:4B,1,49,764.5,80:02:9C:61:97:4A,8,0,NONE,2026-08-24T16:11:08.715043
45917,,33,33,0,1023,65384,28964,3718499,0,99,7,0,0,14:33:5C:6D:AF:58,0,1,ARMED,448.0,0,0,80:02:9C:61:97:4B,1,31,1346.8,80:02:9C:61:97:4A,8,0,NONE,2026-08-24T16:11:08.776043
45917,,33,33,0,1023,65384,28964,3718569,0,99,7,0,0,14:33:5C:6D:AF:58,0,1,ARMED,448.0,0,0,80:02:9C:61:97:4B,1,81,866.6,80:02:9C:61:97:4A,8,0,NONE,2026-08-24T16:11:08.846043
45917,,45,45,0,1023,65384,28964,3718680,0,99,7,0,0,14:33:5C:6D:AF:58,0,1,ARMED,448.0,0,0,80:02:9C:61:97:4B,1,47,458.0,80:02:9C:61:97:4A,8,0,NONE,2026-08-24T16:11:08.957043
45917,,52,52,0,1590,65384,28964,3718824,0,99,7,0,0,14:33:5C:6D:AF:58,0,1,ARMED,448.0,0,0,80:02:9C:61:97:4B,1,17,405.6,80:02:9C:61:97:4A,8,0,NONE,2026-08-24T16:11:09.101043
45917,BEACON,-64,33,0,221,65384,28964,3718885,0,99,7,0,0,14:33:5C:6D:AF:58,0,1,ARMED,448.0,0,1,80:02:9C:61:97:4B,1,67,653.8,80:02:9C:61:97:4A,8,0,NONE,2026-08-24T16:11:09.162043
45917,,-66,31,292,328,65384,28964,3718972,0,99,7,0,0,14:33:5C:6D:AF:58,0,1,ARMED,448.0,0,0,80:02:9C:61:97:4B,1,50,574.1,80:02:9C:61:97:4A,8,0,NONE,2026-08-24T16:11:09.249043
45917,BEACON,-82,15,6515,1595,65384,28964,3719321,0,99,7,0,0,14:33:5C:6D:AF:58,0,0,ARMED,448.0,0,1,80:02:9C:61:97:4B,1,3,113.2,80:02:9C:61:97:4A,8,0,NONE,2026-08-24T16:11:09.598043
45917,,-88,9,29931,3394,65384,28964,3719856,0,99,7,0,0,14:33:5C:6D:AF:58,0,0,ARMED,448.0,0,1,80:02:9C:61:97:4B,1,6,120.5,80:02:9C:61:97:4A,8,0,NONE,2026-08-24T16:11:10.133043
45917,BEACON,-87,10,0,3645,65384,28964,3720526,0,99,7,0,0,14:33:5C:6D:AF:58,0,0,ARMED,448.0,0,1,80:02:9C:61:97:4B,1,1,328.3,80:02:9C:61:97:4A,8,0,NONE,2026-08-24T16:11:10.803043
45917,BEACON,-85,12,30172,752,65384,28964,3721118,0,99,7,0,0,14:33:5C:6D:AF:58,0,0,ARMED,448.0,0,1,80:02:9C:61:97:4B,1,5,60.5,80:02:9C:61:97:4A,8,0,NONE,2026-08-24T16:11:11.395043
45917,BEACON,-64,33,0,250,65384,28964,3721547,0,99,7,0,0,14:33:5C:6D:AF:58,0,0,ARMED,448.0,0,1,80:02:9C:61:97:4B,1,7,68.4,80:02:9C:61:97:4A,8,0,NONE,2026-08-24T16:11:11.824043
45917,,-62,35,0,256,63652,28964,3722061,0,99,7,0,0,14:33:5C:6D:AF:58,0,0,ARMED,448.0,0,0,80:02:9C:61:97:4B,1,1,795.5,80:02:9C:61:97:4A,8,0,NONE,2026-08-24T16:11:12.338043
45917,,52,52,0,259,65384,28964,3722373,0,99,7,0,0,14:33:5C:6D:AF:58,0,0,ARMED,448.0,0,0,80:02:9C:61:97:4B,1,2,349.2,80:02:9C:61:97:4A,8,0,NONE,2026-08-24T16:11:12.650043
45917,,33,33,0,1023,65384,28964,3722463,0,99,7,0,0,14:33:5C:6D:AF:58,0,0,ARMED,448.0,0,0,80:02:9C:61:97:4B,1,52,539.2,80:02:9C:61:97:4A,8,0,NONE,2026-08-24T16:11:12.740043
45917,,45,45,0,1627,65384,28964,3722604,0,99,7,0,0,14:33:5C:6D:AF:58,0,1,ARMED,448.0,0,0,80:02:9C:61:97:4B,1,6,184.2,80:02:9C:61:97:4A,8,0,NONE,2026-08-24T16:11:12.881043
45917,,57,57,0,1023,65384,28964,3722707,0,99,7,0,0,14:33:5C:6D:AF:58,0,1,ARMED,448.0,0,0,80:02:9C:61:97:4B,1,23,696.4,80:02:9C:61:97:4A,8,0,NONE,2026-08-24T16:11:12.984043
45917,,53,53,0,263,65384,28964,3722790,0,99,7,0,0,14:33:5C:6D:AF:58,0,1,ARMED,448.0,0,0,80:02:9C:61:97:4B,1,4,262.6,80:02:9C:61:97:4A,8,0,NONE,2026-08-24T16:11:13.067043
45917,,33,33,0,1023,65384,28964,3722830,0,99,7,0,0,14:33:5C:6D:AF:58,0,1,ARMED,448.0,0,0,80:02:9C:61:97:4B,1,54,965.3,80:02:9C:61:97:4A,8,0,NONE,2026-08-24T16:11:13.107043
45917,,-42,55,22222,1531,65384,28964,3722941,0,99,7,0,0,14:33:5C:6D:AF:58,0,1,ARMED,448.0,0,1,80:02:9C:61:97:4B,1,24,368.4,80:02:9C:61:97:4A,8,0,NONE,2026-08-24T16:11:13.218043
45917,BEACON,-92,5,9985,1738,65384,28964,3723323,0,99,7,0,0,14:33:5C:6D:AF:58,0,0,ARMED,448.0,0,1,80:02:9C:61:97:4B,1,3,86.4,80:02:9C:61:97:4A,8,0,NONE,2026-08-24T16:11:13.600043
45917,BEACON,-85,12,10568,777,65384,28964,3723678,0,99,7,0,0,14:33:5C:6D:AF:58,0,0,ARMED,448.0,0,1,80:02:9C:61:97:4B,1,6,72.6,80:02:9C:61:97:4A,8,0,NONE,2026-08-24T16:11:13.955043
45917,BEACON,-85,12,0,669,65384,28964,3724198,0,99,7,0,0,14:33:5C:6D:AF:58,0,0,ARMED,448.0,0,1,80:02:9C:61:97:4B,1,5,55.3,80:02:9C:61:97:4A,8,0,NONE,2026-08-24T16:11:14.475043
45917,,-77,20,2838,2982,65384,28964,3724512,0,99,7,0,0,14:33:5C:6D:AF:58,0,0,ARMED,448.0,0,0,80:02:9C:61:97:4B,1,12,123.0,80:02:9C:61:97:4A,8,0,NONE,2026-08-24T16:11:14.789043
45917,,-42,55,0,323,65384,28964,3724905,0,99,7,0,0,14:33:5C:6D:AF:58,0,0,ARMED,448.0,0,0,80:02:9C:61:97:4B,1,9,183.7,80:02:9C:61:97:4A,8,0,NONE,2026-08-24T16:11:15.182043
45917,BEACON,-89,8,0,3692,65384,28964,3725339,0,99,7,0,0,14:33:5C:6D:AF:58,0,0,ARMED,448.0,0,1,80:02:9C:61:97:4B,1,6,94.5,80:02:9C:61:97:4A,8,0,NONE,2026-08-24T16:11:15.616043
45917,BEACON,-90,5,0,3697,65384,28964,3725851,0,99,7,0,0,14:33:5C:6D:AF:58,0,0,ARMED,448.0,0,1,80:02:9C:61:97:4B,1,3,131.4,80:02:9C:61:97:4A,8,0,NONE,2026-08-24T16:11:16.128043
45917,,-63,34,0,3008,65384,28964,3725981,0,99,7,0,0,14:33:5C:6D:AF:58,0,0,ARMED,448.0,0,0,80:02:9C:61:97:4B,1,26,557.8,80:02:9C:61:97:4A,8,0,NONE,2026-08-24T16:11:16.258043
45917,,53,53,0,1664,65384,28964,3726440,0,99,7,0,0,14:33:5C:6D:AF:58,0,0,ARMED,448.0,0,0,80:02:9C:61:97:4B,1,10,125.3,80:02:9C:61:97:4A,8,0,NONE,2026-08-24T16:11:16.717043
45917,,-42,55,19831,325,65384,28964,3726917,0,99,7,0,0,14:33:5C:6D:AF:58,0,0,ARMED,448.0,0,1,80:02:9C:61:97:4B,1,5,110.0,80:02:9C:61:97:4A,8,0,NONE,2026-08-24T16:11:17.194043
45917,,33,33,0,1023,65384,28964,3727375,0,99,7,0,0,14:33:5C:6D:AF:58,0,0,ARMED,448.0,0,0,80:02:9C:61:97:4B,1,10,107.7,80:02:9C:61:97:4A,8,0,NONE,2026-08-24T16:11:17.652043
45917,,53,53,0,312,65384,28964,3727505,0,99,7,0,0,14:33:5C:6D:AF:58,0,1,ARMED,448.0,0,0,80:02:9C:61:97:4B,1,10,540.6,80:02:9C:61:97:4A,8,0,NONE,2026-08-24T16:11:17.782043
45917,,53,53,0,1676,65384,28964,3727666,0,99,7,0,0,14:33:5C:6D:AF:58,0,1,ARMED,448.0,0,0,80:02:9C:61:97:4B,1,26,352.3,80:02:9C:61:97:4A,8,0,NONE,2026-08-24T16:11:17.943043
45917,,53,53,0,315,65384,28964,3727798,0,99,7,0,0,14:33:5C:6D:AF:58,0,1,ARMED,448.0,0,0,80:02:9C:61:97:4B,1,1,1000.0,80:02:9C:61:97:4A,8,0,NONE,2026-08-24T16:11:18.075043
45917,BEACON,-88,9,0,3720,65384,28964,3728206,0,99,7,0,0,14:33:5C:6D:AF:58,0,0,ARMED,448.0,0,1,80:02:9C:61:97:4B,1,23,291.1,80:02:9C:61:97:4A,8,0,NONE,2026-08-24T16:11:18.483043
45917,,53,53,0,1684,65384,28964,3728487,0,99,7,0,0,14:33:5C:6D:AF:58,0,0,ARMED,448.0,0,0,80:02:9C:61:97:4B,1,20,393.1,80:02:9C:61:97:4A,8,0,NONE,2026-08-24T16:11:18.764043
45917,,53,53,0,1011,65384,28964,3728614,0,99,7,0,0,14:33:5C:6D:AF:58,0,1,ARMED,448.0,0,0,80:02:9C:61:97:4B,1,29,424.0,80:02:9C:61:97:4A,8,0,NONE,2026-08-24T16:11:18.891043
45917,,53,53,0,325,65384,28964,3728740,0,99,7,0,0,14:33:5C:6D:AF:58,0,1,ARMED,448.0,0,0,80:02:9C:61:97:4B,1,35,379.4,80:02:9C:61:97:4A,8,0,NONE,2026-08-24T16:11:19.017043
45917,,53,53,0,1688,65384,28964,3728882,0,99,7,0,0,14:33:5C:6D:AF:58,0,1,ARMED,448.0,0,0,80:02:9C:61:97:4B,1,9,367.4,80:02:9C:61:97:4A,8,0,NONE,2026-08-24T16:11:19.159043
45917,,53,53,0,1023,65384,28964,3729021,0,99,7,0,0,14:33:5C:6D:AF:58,0,1,ARMED,448.0,0,0,80:02:9C:61:97:4B,1,24,387.4,80:02:9C:61:97:4A,8,0,NONE,2026-08-24T16:11:19.298043
45917,,57,57,0,3556,65384,28964,3729140,0,99,7,0,0,14:33:5C:6D:AF:58,0,1,ARMED,448.0,0,0,80:02:9C:61:97:4B,1,34,421.0,80:02:9C:61:97:4A,8,0,NONE,2026-08-24T16:11:19.417043
45917,,-43,54,1905,3614,65384,28964,3729245,0,99,7,0,0,14:33:5C:6D:AF:58,0,1,ARMED,448.0,0,0,80:02:9C:61:97:4B,1,42,489.6,80:02:9C:61:97:4A,8,0,NONE,2026-08-24T16:11:19.522043
45917,BEACON,-91,6,3299,1797,65384,28964,3729364,0,99,7,0,0,14:33:5C:6D:AF:58,0,1,ARMED,448.0,0,1,80:02:9C:61:97:4B,1,49,477.3,80:02:9C:61:97:4A,8,0,NONE,2026-08-24T16:11:19.641043
45917,,34,34,0,1694,65384,28964,3729464,0,99,7,0,0,14:33:5C:6D:AF:58,0,1,ARMED,448.0,0,0,80:02:9C:61:97:4B,1,50,500.7,80:02:9C:61:97:4A,8,0,NONE,2026-08-24T16:11:19.741043
45917,BEACON,-61,36,0,333,65384,28964,3729534,0,99,7,0,0,14:33:5C:6D:AF:58,0,1,ARMED,448.0,0,1,80:02:9C:61:97:4B,1,49,1090.0,80:02:9C:61:97:4A,8,0,NONE,2026-08-24T16:11:19.811043
45917,,-46,51,9466,0,65384,28964,3729855,0,99,7,0,0,14:33:5C:6D:AF:58,0,0,ARMED,448.0,0,1,80:02:9C:61:97:4B,1,5,170.2,80:02:9C:61:97:4A,8,0,NONE,2026-08-24T16:11:20.132043
45917,BEACON,-85,12,0,730,65384,28964,3730447,0,99,7,0,0,14:33:5C:6D:AF:58,0,0,ARMED,448.0,0,1,80:02:9C:61:97:4B,1,9,95.9,80:02:9C:61:97:4A,8,0,NONE,2026-08-24T16:11:20.724043
45917,,-82,15,354,723,65384,28964,3730933,0,99,7,0,0,14:33:5C:6D:AF:58,0,0,ARMED,448.0,0,1,80:02:9C:61:97:4B,1,7,104.3,80:02:9C:61:97:4A,8,0,NONE,2026-08-24T16:11:21.210043
45917,BEACON,-89,8,0,3750,65384,28964,3731278,0,99,7,0,0,14:33:5C:6D:AF:58,0,0,ARMED,448.0,0,1,80:02:9C:61:97:4B,1,1,328.7,80:02:9C:61:97:4A,8,0,NONE,2026-08-24T16:11:21.555043
45917,BEACON,-90,7,19958,1873,65384,28964,3731826,0,99,7,0,0,14:33:5C:6D:AF:58,0,0,ARMED,448.0,0,1,80:02:9C:61:97:4B,1,3,76.9,80:02:9C:61:97:4A,8,0,NONE,2026-08-24T16:11:22.103043
45917,BEACON,-85,12,0,2106,65384,28964,3732283,0,99,7,0,0,14:33:5C:6D:AF:58,0,0,ARMED,448.0,0,1,80:02:9C:61:97:4B,1,6,69.3,80:02:9C:61:97:4A,8,0,NONE,2026-08-24T16:11:22.560043
45917,,33,33,0,365,65384,28964,3732615,0,99,7,0,0,14:33:5C:6D:AF:58,0,0,ARMED,448.0,0,0,80:02:9C:61:97:4B,1,9,1116.8,80:02:9C:61:97:4A,8,0,NONE,2026-08-24T16:11:22.892043
45917,,-63,34,0,3082,65384,28964,3732826,0,99,7,0,0,14:33:5C:6D:AF:58,0,0,ARMED,448.0,0,0,80:02:9C:61:97:4B,1,15,999.7,80:02:9C:61:97:4A,8,0,NONE,2026-08-24T16:11:23.103043
45917,,-66,31,292,571,65384,28964,3733117,0,99,7,0,0,14:33:5C:6D:AF:58,0,0,ARMED,448.0,0,0,80:02:9C:61:97:4B,1,3,3000.0,80:02:9C:61:97:4A,8,0,NONE,2026-08-24T16:11:23.394043
45917,BEACON,-84,13,0,2117,65384,28964,3733308,0,99,7,0,0,14:33:5C:6D:AF:58,0,1,ARMED,448.0,0,1,80:02:9C:61:97:4B,1,18,207.2,80:02:9C:61:97:4A,8,0,NONE,2026-08-24T16:11:23.585043
45917,,-44,53,1113,3666,65384,28964,3733820,0,99,7,0,0,14:33:5C:6D:AF:58,0,0,ARMED,448.0,0,1,80:02:9C:61:97:4B,1,7,80.2,80:02:9C:61:97:4A,8,0,NONE,2026-08-24T16:11:24.097043
45917,BEACON,-89,8,0,1897,65384,28964,3734287,0,99,7,0,0,14:33:5C:6D:AF:58,0,0,ARMED,448.0,0,0,80:02:9C:61:97:4B,1,7,165.3,80:02:9C:61:97:4A,8,0,NONE,2026-08-24T16:11:24.564043
45917,,52,52,0,1743,65384,28964,3734544,0,99,7,0,0,14:33:5C:6D:AF:58,0,0,ARMED,448.0,0,0,80:02:9C:61:97:4B,1,34,359.5,80:02:9C:61:97:4A,8,0,NONE,2026-08-24T16:11:24.821043
45917,,45,45,0,1745,65384,28964,3734686,0,99,7,0,0,14:33:5C:6D:AF:58,0,1,ARMED,448.0,0,0,80:02:9C:61:97:4B,1,9,362.7,80:02:9C:61:97:4A,8,0,NONE,2026-08-24T16:11:24.963043
45917,,-39,58,203,1600,65384,28964,3734952,0,99,7,0,0,14:33:5C:6D:AF:58,0,0,ARMED,448.0,0,0,80:02:9C:61:97:4B,1,12,180.7,80:02:9C:61:97:4A,8,0,NONE,2026-08-24T16:11:25.229043
45917,BEACON,-79,18,0,1751,65384,28964,3735295,0,99,7,0,0,14:33:5C:6D:AF:58,0,0,ARMED,448.0,0,1,80:02:9C:61:97:4B,1,22,214.8,80:02:9C:61:97:4A,8,0,NONE,2026-08-24T16:11:25.572043
45917,BEACON,-84,13,0,895,65384,28964,3735761,0,99,7,0,0,14:33:5C:6D:AF:58,0,0,ARMED,448.0,0,1,80:02:9C:61:97:4B,1,4,71.1,80:02:9C:61:97:4A,8,0,NONE,2026-08-24T16:11:26.038043
45917,BEACON,-84,13,0,895,65384,28964,3735761,0,99,7,0,0,14:33:5C:6D:AF:58,0,0,ARMED,448.0,0,1,80:02:9C:61:97:4B,1,4,71.1,80:02:9C:61:97:4A,8,0,NONE,2026-08-24T16:11:26.038043
45917,BEACON,-86,11,0,2148,65384,28964,3736277,0,99,7,0,0,14:33:5C:6D:AF:58,0,0,ARMED,448.0,0,1,80:02:9C:61:97:4B,1,5,83.2,80:02:9C:61:97:4A,8,0,NONE,2026-08-24T16:11:26.554043
45917,BEACON,-80,17,32355,1763,65384,28964,3736524,0,99,7,0,0,14:33:5C:6D:AF:58,0,0,ARMED,448.0,0,1,80:02:9C:61:97:4B,1,19,185.5,80:02:9C:61:97:4A,8,0,NONE,2026-08-24T16:11:26.801043
45917,BEACON,-65,32,40063,410,65384,28964,3736907,0,99,7,0,0,14:33:5C:6D:AF:58,0,0,ARMED,448.0,0,1,80:02:9C:61:97:4B,1,6,78.9,80:02:9C:61:97:4A,8,0,NONE,2026-08-24T16:11:27.184043
45917,BEACON,-91,6,0,1876,65384,28964,3737454,0,99,7,0,0,14:33:5C:6D:AF:58,0,0,ARMED,448.0,0,1,80:02:9C:61:97:4B,1,1,120.3,80:02:9C:61:97:4A,8,0,NONE,2026-08-24T16:11:27.731043
45917,BEACON,-58,39,0,420,65384,28964,3737829,0,99,7,0,0,14:33:5C:6D:AF:58,0,0,ARMED,448.0,0,1,80:02:9C:61:97:4B,1,15,197.6,80:02:9C:61:97:4A,8,0,NONE,2026-08-24T16:11:28.106043
45917,BEACON,-85,12,20019,919,65384,28964,3738219,0,99,7,0,0,14:33:5C:6D:AF:58,0,0,ARMED,448.0,0,1,80:02:9C:61:97:4B,1,4,71.1,80:02:9C:61:97:4A,8,0,NONE,2026-08-24T16:11:28.496043
45917,BEACON,-90,7,0,1887,65384,28964,3738580,0,99,7,0,0,14:33:5C:6D:AF:58,0,0,ARMED,448.0,0,1,80:02:9C:61:97:4B,1,1,133.8,80:02:9C:61:97:4A,8,0,NONE,2026-08-24T16:11:28.857043
45917,,-58,39,1576,499,65108,28964,3738992,0,99,7,0,0,14:33:5C:6D:AF:58,0,0,ARMED,448.0,0,1,80:02:9C:61:97:4B,1,2,195.9,80:02:9C:61:97:4A,8,0,NONE,2026-08-24T16:11:29.269043
45917,,-58,39,814,3161,65384,28964,3739331,0,99,7,0,0,14:33:5C:6D:AF:58,0,0,ARMED,448.0,0,0,80:02:9C:61:97:4B,1,19,448.8,80:02:9C:61:97:4A,8,0,NONE,2026-08-24T16:11:29.608043
45917,,-63,34,617,660,65384,28964,3739788,0,99,7,0,0,14:33:5C:6D:AF:58,0,0,ARMED,448.0,0,1,80:02:9C:61:97:4B,1,19,212.4,80:02:9C:61:97:4A,8,0,NONE,2026-08-24T16:11:30.065043
45917,BEACON,-59,38,1493,446,65384,28964,3740082,0,99,7,0,0,14:33:5C:6D:AF:58,0,0,ARMED,448.0,0,1,80:02:9C:61:97:4B,1,6,88.6,80:02:9C:61:97:4A,8,0,NONE,2026-08-24T16:11:30.359043
45917,,46,46,0,24,65384,28964,3740572,0,99,7,0,0,14:33:5C:6D:AF:58,0,0,ARMED,448.0,0,0,80:02:9C:61:97:4B,1,9,195.4,80:02:9C:61:97:4A,8,0,NONE,2026-08-24T16:11:30.849043
45917,,-58,39,336,3187,65384,28964,3740834,0,99,7,0,0,14:33:5C:6D:AF:58,0,0,ARMED,448.0,0,0,80:02:9C:61:97:4B,1,1,1000.0,80:02:9C:61:97:4A,8,0,NONE,2026-08-24T16:11:31.111043
45917,BEACON,-77,20,0,1810,65384,28964,3741337,0,99,7,0,0,14:33:5C:6D:AF:58,0,0,ARMED,448.0,0,1,80:02:9C:61:97:4B,1,9,95.5,80:02:9C:61:97:4A,8,0,NONE,2026-08-24T16:11:31.614043
45917,BEACON,-84,13,0,841,65384,28964,3741913,0,99,7,0,0,14:33:5C:6D:AF:58,0,0,ARMED,448.0,0,1,80:02:9C:61:97:4B,1,9,87.4,80:02:9C:61:97:4A,8,0,NONE,2026-08-24T16:11:32.190043
45917,,-55,42,0,3207,65384,28964,3742229,0,99,7,0,0,14:33:5C:6D:AF:58,0,0,ARMED,448.0,0,0,80:02:9C:61:97:4B,1,29,291.6,80:02:9C:61:97:4A,8,0,NONE,2026-08-24T16:11:32.506043
45917,BEACON,-85,12,0,2214,65384,28964,3742728,0,99,7,0,0,14:33:5C:6D:AF:58,0,0,ARMED,448.0,0,1,80:02:9C:61:97:4B,1,11,196.3,80:02:9C:61:97:4A,8,0,NONE,2026-08-24T16:11:33.005043
45917,BEACON,-88,9,0,3866,65384,28964,3743157,0,99,7,0,0,14:33:5C:6D:AF:58,0,0,ARMED,448.0,0,1,80:02:9C:61:97:4B,1,8,113.1,80:02:9C:61:97:4A,8,0,NONE,2026-08-24T16:11:33.434043
45917,,-63,34,292,714,65384,28964,3743271,0,99,7,0,0,14:33:5C:6D:AF:58,0,0,ARMED,448.0,0,0,80:02:9C:61:97:4B,1,44,530.0,80:02:9C:61:97:4A,8,0,NONE,2026-08-24T16:11:33.548043
45917,BEACON,-90,7,0,1987,65384,28964,3743500,0,99,7,0,0,14:33:5C:6D:AF:58,0,0,ARMED,448.0,0,0,80:02:9C:61:97:4B,1,1,229.1,80:02:9C:61:97:4A,8,0,NONE,2026-08-24T16:11:33.777043
45917,,-39,58,46572,1633,65384,28964,3743733,0,99,7,0,0,14:33:5C:6D:AF:58,0,0,ARMED,448.0,0,1,80:02:9C:61:97:4B,1,2,63.4,80:02:9C:61:97:4A,8,0,NONE,2026-08-24T16:11:34.010043
45917,,36,36,0,1023,65384,28964,3744186,0,99,7,0,0,14:33:5C:6D:AF:58,0,0,ARMED,448.0,0,1,80:02:9C:61:97:4B,1,9,118.8,80:02:9C:61:97:4A,8,0,NONE,2026-08-24T16:11:34.463043
45917,BEACON,-92,5,0,1948,65384,28964,3744827,0,99,7,0,0,14:33:5C:6D:AF:58,0,0,ARMED,448.0,0,1,80:02:9C:61:97:4B,1,7,68.4,80:02:9C:61:97:4A,8,0,NONE,2026-08-24T16:11:35.104043
45917,BEACON,-81,16,0,1850,65384,28964,3745433,0,99,7,0,0,14:33:5C:6D:AF:58,0,0,ARMED,448.0,0,1,80:02:9C:61:97:4B,1,10,106.1,80:02:9C:61:97:4A,8,0,NONE,2026-08-24T16:11:35.710043
45917,BEACON,-84,13,39901,2248,65384,28964,3746005,0,99,7,0,0,14:33:5C:6D:AF:58,0,0,ARMED,448.0,0,1,80:02:9C:61:97:4B,1,6,60.9,80:02:9C:61:97:4A,8,0,NONE,2026-08-24T16:11:36.282043
45917,,-59,38,2570,3259,65384,28964,3746469,0,99,7,0,0,14:33:5C:6D:AF:58,0,0,ARMED,448.0,0,0,80:02:9C:61:97:4B,1,18,467.2,80:02:9C:61:97:4A,8,0,NONE,2026-08-24T16:11:36.746043
45917,,-69,28,7532,771,65384,28964,3746858,0,99,7,0,0,14:33:5C:6D:AF:58,0,1,ARMED,448.0,0,1,80:02:9C:61:97:4B,1,2,112.1,80:02:9C:61:97:4A,8,0,NONE,2026-08-24T16:11:37.135043
45917,BEACON,-78,19,10039,1869,65384,28964,3747378,0,99,7,0,0,14:33:5C:6D:AF:58,0,0,ARMED,448.0,0,1,80:02:9C:61:97:4B,1,2,75.4,80:02:9C:61:97:4A,8,0,NONE,2026-08-24T16:11:37.655043
45917,,33,33,0,170,65384,28964,3747717,0,99,7,0,0,14:33:5C:6D:AF:58,0,1,ARMED,448.0,0,0,80:02:9C:61:97:4B,1,8,137.9,80:02:9C:61:97:4A,8,0,NONE,2026-08-24T16:11:37.994043
45917,BEACON,-89,8,0,3914,65384,28964,3748072,0,99,7,0,0,14:33:5C:6D:AF:58,0,0,ARMED,448.0,0,1,80:02:9C:61:97:4B,1,1,328.3,80:02:9C:61:97:4A,8,0,NONE,2026-08-24T16:11:38.349043
45917,,-85,12,0,3046,65384,28964,3748363,0,99,7,0,0,14:33:5C:6D:AF:58,0,0,ARMED,448.0,0,0,80:02:9C:61:97:4B,1,20,222.4,80:02:9C:61:97:4A,8,0,NONE,2026-08-24T16:11:38.640043
45917,BEACON,-59,38,0,540,65384,28964,3748686,0,99,7,0,0,14:33:5C:6D:AF:58,1,0,ARMED,448.0,0,1,80:02:9C:61:97:4B,1,17,163.3,80:02:9C:61:97:4A,8,0,NONE,2026-08-24T16:11:38.963043
45917,,-91,6,4286,2828,65384,28964,3749087,0,99,7,0,0,14:33:5C:6D:AF:58,0,0,ARMED,448.0,0,1,80:02:9C:61:97:4B,1,8,82.8,80:02:9C:61:97:4A,8,0,NONE,2026-08-24T16:11:39.364043
45917,,-64,33,292,809,65384,28964,3749226,0,99,7,0,0,14:33:5C:6D:AF:58,0,0,ARMED,448.0,0,0,80:02:9C:61:97:4B,1,32,984.1,80:02:9C:61:97:4A,8,0,NONE,2026-08-24T16:11:39.503043
45917,,-86,11,40364,1276,65384,28964,3749572,0,99,7,0,0,14:33:5C:6D:AF:58,1,0,ARMED,448.0,0,1,80:02:9C:61:97:4B,1,10,144.1,80:02:9C:61:97:4A,8,0,NONE,2026-08-24T16:11:39.849043
45917,,-86,11,4205,2749,65384,28964,3749905,0,99,7,0,0,14:33:5C:6D:AF:58,0,0,ARMED,448.0,0,1,80:02:9C:61:97:4B,1,22,230.1,80:02:9C:61:97:4A,8,0,NONE,2026-08-24T16:11:40.182043
45917,,-64,33,292,817,65384,28964,3750197,0,99,7,0,0,14:33:5C:6D:AF:58,0,0,ARMED,448.0,0,0,80:02:9C:61:97:4B,1,13,241.6,80:02:9C:61:97:4A,8,0,NONE,2026-08-24T16:11:40.474043
45917,,-61,36,0,3333,65384,28964,3750290,0,99,7,0,0,14:33:5C:6D:AF:58,0,1,ARMED,448.0,0,0,80:02:9C:61:97:4B,1,26,589.8,80:02:9C:61:97:4A,8,0,NONE,2026-08-24T16:11:40.567043
45917,,-84,13,16589,3245,65384,28964,3750613,0,99,7,0,0,14:33:5C:6D:AF:58,0,0,ARMED,448.0,0,1,80:02:9C:61:97:4B,1,13,208.0,80:02:9C:61:97:4A,8,0,NONE,2026-08-24T16:11:40.890043
45917,,31,31,0,1023,65384,28964,3750990,0,99,7,0,0,14:33:5C:6D:AF:58,0,0,ARMED,448.0,0,1,80:02:9C:61:97:4B,1,4,145.7,80:02:9C:61:97:4A,8,0,NONE,2026-08-24T16:11:41.267043
45917,BEACON,-79,18,6178,1908,65384,28964,3751372,0,99,7,0,0,14:33:5C:6D:AF:58,0,0,ARMED,448.0,0,1,80:02:9C:61:97:4B,1,11,107.4,80:02:9C:61:97:4A,8,0,NONE,2026-08-24T16:11:41.649043
45917,BEACON,-84,13,0,938,65384,28964,3751846,0,99,7,0,0,14:33:5C:6D:AF:58,0,0,ARMED,448.0,0,1,80:02:9C:61:97:4B,1,8,125.6,80:02:9C:61:97:4A,8,0,NONE,2026-08-24T16:11:42.123043
45917,BEACON,-84,13,0,941,65384,28964,3752153,0,99,7,0,0,14:33:5C:6D:AF:58,0,0,ARMED,448.0,0,1,80:02:9C:61:97:4B,1,5,78.0,80:02:9C:61:97:4A,8,0,NONE,2026-08-24T16:11:42.430043
45917,,-61,36,0,3343,65384,28964,3752447,0,99,7,0,0,14:33:5C:6D:AF:58,0,0,ARMED,448.0,0,0,80:02:9C:61:97:4B,1,23,452.9,80:02:9C:61:97:4A,8,0,NONE,2026-08-24T16:11:42.724043
45917,,55,55,0,1921,65384,28964,3752707,0,99,7,0,0,14:33:5C:6D:AF:58,0,0,ARMED,448.0,0,0,80:02:9C:61:97:4B,1,2,557.7,80:02:9C:61:97:4A,8,0,NONE,2026-08-24T16:11:42.984043
45917,BEACON,-90,7,0,3962,65384,28964,3752987,0,99,7,0,0,14:33:5C:6D:AF:58,0,0,ARMED,448.0,0,1,80:02:9C:61:97:4B,1,12,145.3,80:02:9C:61:97:4A,8,0,NONE,2026-08-24T16:11:43.264043
45917,,51,51,0,0,65368,28964,3753292,0,99,7,0,0,14:33:5C:6D:AF:58,0,0,ARMED,448.0,0,0,80:02:9C:61:97:4B,1,23,297.9,80:02:9C:61:97:4A,8,0,NONE,2026-08-24T16:11:43.569043
45917,,-61,36,1190,3353,65384,28964,3753576,0,99,7,0,0,14:33:5C:6D:AF:58,0,0,ARMED,448.0,0,0,80:02:9C:61:97:4B,1,15,398.9,80:02:9C:61:97:4A,8,0,NONE,2026-08-24T16:11:43.853043
45917,,-67,30,292,892,65384,28964,3753645,0,99,7,0,0,14:33:5C:6D:AF:58,0,1,ARMED,448.0,0,0,80:02:9C:61:97:4B,1,8,1893.9,80:02:9C:61:97:4A,8,0,NONE,2026-08-24T16:11:43.922043
45917,,49,49,0,1023,65384,28964,3754031,0,99,7,0,0,14:33:5C:6D:AF:58,0,0,ARMED,448.0,0,1,80:02:9C:61:97:4B,1,10,120.0,80:02:9C:61:97:4A,8,0,NONE,2026-08-24T16:11:44.308043
45917,,-44,53,16105,1695,65384,28964,3754451,0,99,7,0,0,14:33:5C:6D:AF:58,0,0,ARMED,448.0,0,1,80:02:9C:61:97:4B,1,10,106.5,80:02:9C:61:97:4A,8,0,NONE,2026-08-24T16:11:44.728043
45917,BEACON,-89,8,0,3978,65384,28964,3754625,0,99,7,0,0,14:33:5C:6D:AF:58,0,0,ARMED,448.0,0,1,80:02:9C:61:97:4B,1,22,342.0,80:02:9C:61:97:4A,8,0,NONE,2026-08-24T16:11:44.902043
45917,,-60,37,1003,3378,65384,28964,3755116,0,99,7,0,0,14:33:5C:6D:AF:58,0,0,ARMED,448.0,0,1,80:02:9C:61:97:4B,1,3,987.5,80:02:9C:61:97:4A,8,0,NONE,2026-08-24T16:11:45.393043
45917,BEACON,-59,38,0,618,65384,28964,3755646,0,99,7,0,0,14:33:5C:6D:AF:58,0,0,ARMED,448.0,0,1,80:02:9C:61:97:4B,1,4,202.4,80:02:9C:61:97:4A,8,0,NONE,2026-08-24T16:11:45.923043
45917,BEACON,-60,37,18784,623,65384,28964,3756158,0,99,7,0,0,14:33:5C:6D:AF:58,0,0,ARMED,448.0,0,1,80:02:9C:61:97:4B,1,2,125.8,80:02:9C:61:97:4A,8,0,NONE,2026-08-24T16:11:46.435043
45917,,36,36,0,355,63580,28964,3756471,0,99,7,0,0,14:33:5C:6D:AF:58,0,1,ARMED,448.0,0,1,80:02:9C:61:97:4B,1,5,292.4,80:02:9C:61:97:4A,8,0,NONE,2026-08-24T16:11:46.748043
45917,,-41,56,56769,1707,65384,28964,3756982,0,99,7,0,0,14:33:5C:6D:AF:58,0,0,ARMED,448.0,0,1,80:02:9C:61:97:4B,1,2,444.9,80:02:9C:61:97:4A,8,0,NONE,2026-08-24T16:11:47.259043
45917,,-68,29,0,940,65384,28964,3757187,0,99,7,0,0,14:33:5C:6D:AF:58,0,0,ARMED,448.0,0,0,80:02:9C:61:97:4B,1,6,919.1,80:02:9C:61:97:4A,8,0,NONE,2026-08-24T16:11:47.464043
45917,,-85,12,0,3053,65384,28964,3757474,0,99,7,0,0,14:33:5C:6D:AF:58,0,0,ARMED,448.0,0,0,80:02:9C:61:97:4B,1,10,115.1,80:02:9C:61:97:4A,8,0,NONE,2026-08-24T16:11:47.751043
45917,BEACON,-84,13,0,998,65384,28964,3757990,0,99,7,0,0,14:33:5C:6D:AF:58,0,0,ARMED,448.0,0,0,80:02:9C:61:97:4B,1,17,186.7,80:02:9C:61:97:4A,8,0,NONE,2026-08-24T16:11:48.267043
45917,BEACON,-60,37,12087,647,65384,28964,3758411,0,99,7,0,0,14:33:5C:6D:AF:58,0,0,ARMED,448.0,0,1,80:02:9C:61:97:4B,1,8,105.3,80:02:9C:61:97:4A,8,0,NONE,2026-08-24T16:11:48.688043
45917,BEACON,-79,18,0,1981,65384,28964,3758847,0,99,7,0,0,14:33:5C:6D:AF:58,0,0,ARMED,448.0,0,1,80:02:9C:61:97:4B,1,17,166.0,80:02:9C:61:97:4A,8,0,NONE,2026-08-24T16:11:49.124043
45917,BEACON,-85,12,0,1011,65384,28964,3759321,0,99,7,0,0,14:33:5C:6D:AF:58,0,0,ARMED,448.0,0,1,80:02:9C:61:97:4B,1,4,62.5,80:02:9C:61:97:4A,8,0,NONE,2026-08-24T16:11:49.598043
45917,BEACON,-84,13,0,2390,65384,28964,3759624,0,99,7,0,0,14:33:5C:6D:AF:58,0,1,ARMED,448.0,0,1,80:02:9C:61:97:4B,1,4,66.6,80:02:9C:61:97:4A,8,0,NONE,2026-08-24T16:11:49.901043
45917,BEACON,-90,7,0,2150,65384,28964,3760194,0,99,7,0,0,14:33:5C:6D:AF:58,0,0,ARMED,448.0,0,0,80:02:9C:61:97:4B,1,2,126.1,80:02:9C:61:97:4A,8,0,NONE,2026-08-24T16:11:50.471043
45917,BEACON,-83,14,64,1023,65384,28964,3760556,0,99,7,0,0,14:33:5C:6D:AF:58,0,0,ARMED,448.0,0,1,80:02:9C:61:97:4B,1,24,342.5,80:02:9C:61:97:4A,8,0,NONE,2026-08-24T16:11:50.833043
45917,BEACON,-91,6,0,2155,65384,28964,3760706,0,99,7,0,0,14:33:5C:6D:AF:58,0,0,ARMED,448.0,0,0,80:02:9C:61:97:4B,1,2,125.6,80:02:9C:61:97:4A,8,0,NONE,2026-08-24T16:11:50.983043
45917,BEACON,-91,6,0,4042,65384,28964,3761179,0,99,7,0,0,14:33:5C:6D:AF:58,0,0,ARMED,448.0,0,1,80:02:9C:61:97:4B,1,8,101.8,80:02:9C:61:97:4A,8,0,NONE,2026-08-24T16:11:51.456043
45917,BEACON,-91,6,0,4047,65384,28964,3761691,0,99,7,0,0,14:33:5C:6D:AF:58,0,0,ARMED,448.0,0,1,80:02:9C:61:97:4B,1,9,114.0,80:02:9C:61:97:4A,8,0,NONE,2026-08-24T16:11:51.968043
45917,BEACON,-84,13,0,1153,65384,28964,3762180,0,99,7,0,0,14:33:5C:6D:AF:58,0,0,ARMED,448.0,0,1,80:02:9C:61:97:4B,1,7,124.3,80:02:9C:61:97:4A,8,0,NONE,2026-08-24T16:11:52.457043
45917,,-69,28,292,1014,65384,28964,3762452,0,99,7,0,0,14:33:5C:6D:AF:58,0,0,ARMED,448.0,0,0,80:02:9C:61:97:4B,1,8,387.4,80:02:9C:61:97:4A,8,0,NONE,2026-08-24T16:11:52.729043
45917,BEACON,-62,35,0,695,65384,28964,3762814,0,99,7,0,0,14:33:5C:6D:AF:58,0,0,ARMED,448.0,0,1,80:02:9C:61:97:4B,1,6,79.0,80:02:9C:61:97:4A,8,0,NONE,2026-08-24T16:11:53.091043
45917,BEACON,-91,6,175,2179,65384,28964,3763161,0,99,7,0,0,14:33:5C:6D:AF:58,0,0,ARMED,448.0,0,1,80:02:9C:61:97:4B,1,8,628.3,80:02:9C:61:97:4A,8,0,NONE,2026-08-24T16:11:53.438043
45917,,-60,37,366,3481,65384,28964,3763488,0,99,7,0,0,14:33:5C:6D:AF:58,0,0,ARMED,448.0,0,0,80:02:9C:61:97:4B,1,14,580.6,80:02:9C:61:97:4A,8,0,NONE,2026-08-24T16:11:53.765043
45917,BEACON,-90,7,0,2185,65384,28964,3763775,0,99,7,0,0,14:33:5C:6D:AF:58,0,0,ARMED,448.0,0,0,80:02:9C:61:97:4B,1,16,156.4,80:02:9C:61:97:4A,8,0,NONE,2026-08-24T16:11:54.052043
45917,,-67,30,292,1053,65384,28964,3764034,0,99,7,0,0,14:33:5C:6D:AF:58,0,0,ARMED,448.0,0,0,80:02:9C:61:97:4B,1,28,577.7,80:02:9C:61:97:4A,8,0,NONE,2026-08-24T16:11:54.311043
45917,,-60,37,1004,3519,65384,28964,3764194,0,99,7,0,0,14:33:5C:6D:AF:58,0,1,ARMED,448.0,0,0,80:02:9C:61:97:4B,1,29,422.8,80:02:9C:61:97:4A,8,0,NONE,2026-08-24T16:11:54.471043
45917,BEACON,-91,6,0,2194,65384,28964,3764697,0,99,7,0,0,14:33:5C:6D:AF:58,0,0,ARMED,448.0,0,0,80:02:9C:61:97:4B,1,8,136.2,80:02:9C:61:97:4A,8,0,NONE,2026-08-24T16:11:54.974043
45917,,-89,8,30052,2849,65384,28964,3765357,0,99,7,0,0,14:33:5C:6D:AF:58,0,0,ARMED,448.0,0,1,80:02:9C:61:97:4B,1,8,79.6,80:02:9C:61:97:4A,8,0,NONE,2026-08-24T16:11:55.634043
45917,BEACON,-88,9,0,4088,65384,28964,3765889,0,99,7,0,0,14:33:5C:6D:AF:58,0,0,ARMED,448.0,0,1,80:02:9C:61:97:4B,1,2,106.1,80:02:9C:61:97:4A,8,0,NONE,2026-08-24T16:11:56.166043
45917,,-67,30,0,1082,65384,28964,3766422,0,99,7,0,0,14:33:5C:6D:AF:58,0,0,ARMED,448.0,0,0,80:02:9C:61:97:4B,1,4,168.5,80:02:9C:61:97:4A,8,0,NONE,2026-08-24T16:11:56.699043
45917,PROBE_RESP,-88,9,0,3062,65384,28964,3766859,0,99,7,0,0,14:33:5C:6D:AF:58,0,0,ARMED,448.0,0,1,80:02:9C:61:97:4B,1,8,157.6,80:02:9C:61:97:4A,8,0,NONE,2026-08-24T16:11:57.136043
45917,BEACON,-84,13,0,1088,65384,28964,3767308,0,99,7,0,0,14:33:5C:6D:AF:58,0,0,ARMED,448.0,0,1,80:02:9C:61:97:4B,1,8,88.4,80:02:9C:61:97:4A,8,0,NONE,2026-08-24T16:11:57.585043
45917,,-61,36,346,3549,65228,28964,3767592,0,99,7,0,0,14:33:5C:6D:AF:58,0,0,ARMED,448.0,0,0,80:02:9C:61:97:4B,1,31,458.3,80:02:9C:61:97:4A,8,0,NONE,2026-08-24T16:11:57.869043
45917,BEACON,-89,8,0,11,65384,28964,3767835,0,99,7,0,0,14:33:5C:6D:AF:58,0,0,ARMED,448.0,0,1,80:02:9C:61:97:4B,1,1,327.9,80:02:9C:61:97:4A,8,0,NONE,2026-08-24T16:11:58.112043
45917,BEACON,-84,13,0,1099,65384,28964,3768434,0,99,7,0,0,14:33:5C:6D:AF:58,0,0,ARMED,448.0,0,1,80:02:9C:61:97:4B,1,6,66.3,80:02:9C:61:97:4A,8,0,NONE,2026-08-24T16:11:58.711043
45917,BEACON,-91,6,12317,2185,65384,28964,3769095,0,99,7,0,0,14:33:5C:6D:AF:58,0,0,ARMED,448.0,0,1,80:02:9C:61:97:4B,1,3,94.2,80:02:9C:61:97:4A,8,0,NONE,2026-08-24T16:11:59.372043
45917,,-66,31,292,1132,65384,28964,3769563,0,99,7,0,0,14:33:5C:6D:AF:58,0,0,ARMED,448.0,0,0,80:02:9C:61:97:4B,1,11,122.7,80:02:9C:61:97:4A,8,0,NONE,2026-08-24T16:11:59.840043
45917,BEACON,-60,37,0,773,65384,28964,3769982,0,99,7,0,0,14:33:5C:6D:AF:58,0,0,ARMED,448.0,0,1,80:02:9C:61:97:4B,1,5,65.8,80:02:9C:61:97:4A,8,0,NONE,2026-08-24T16:12:00.259043
45917,,-60,37,878,3579,65384,28964,3770464,0,99,7,0,0,14:33:5C:6D:AF:58,0,0,ARMED,448.0,0,0,80:02:9C:61:97:4B,1,15,330.3,80:02:9C:61:97:4A,8,0,NONE,2026-08-24T16:12:00.741043
45917,BEACON,-91,6,0,2255,65384,28964,3770943,0,99,7,0,0,14:33:5C:6D:AF:58,0,0,ARMED,448.0,0,0,80:02:9C:61:97:4B,1,2,157.5,80:02:9C:61:97:4A,8,0,NONE,2026-08-24T16:12:01.220043
45917,BEACON,-60,37,0,786,65384,28964,3771211,0,99,7,0,0,14:33:5C:6D:AF:58,0,0,ARMED,448.0,0,1,80:02:9C:61:97:4B,1,5,65.8,80:02:9C:61:97:4A,8,0,NONE,2026-08-24T16:12:01.488043
45917,,-61,36,428,3609,65384,28964,3771739,0,99,7,0,0,14:33:5C:6D:AF:58,0,0,ARMED,448.0,0,1,80:02:9C:61:97:4B,1,18,195.0,80:02:9C:61:97:4A,8,0,NONE,2026-08-24T16:12:02.016043
45917,,-84,13,0,3081,65384,28964,3772224,0,99,7,0,0,14:33:5C:6D:AF:58,0,0,ARMED,448.0,0,0,80:02:9C:61:97:4B,1,11,170.2,80:02:9C:61:97:4A,8,0,NONE,2026-08-24T16:12:02.501043
45917,,-67,30,680,1209,65384,28964,3772479,0,99,7,0,0,14:33:5C:6D:AF:58,0,0,ARMED,448.0,0,0,80:02:9C:61:97:4B,1,23,1863.7,80:02:9C:61:97:4A,8,0,NONE,2026-08-24T16:12:02.756043
45917,BEACON,-85,12,0,2528,65384,28964,3772936,0,99,7,0,0,14:33:5C:6D:AF:58,0,0,ARMED,448.0,0,1,80:02:9C:61:97:4B,1,8,132.9,80:02:9C:61:97:4A,8,0,NONE,2026-08-24T16:12:03.213043
45917,BEACON,-91,6,0,2227,65384,28964,3773396,0,99,7,0,0,14:33:5C:6D:AF:58,0,0,ARMED,448.0,0,1,80:02:9C:61:97:4B,1,1,120.4,80:02:9C:61:97:4A,8,0,NONE,2026-08-24T16:12:03.673043
45917,,-46,51,11277,1834,65384,28964,3773686,0,99,7,0,0,14:33:5C:6D:AF:58,0,0,ARMED,448.0,0,1,80:02:9C:61:97:4B,1,10,106.8,80:02:9C:61:97:4A,8,0,NONE,2026-08-24T16:12:03.963043
45917,BEACON,-92,5,0,71,65384,28964,3773979,0,99,7,0,0,14:33:5C:6D:AF:58,0,0,ARMED,448.0,0,1,80:02:9C:61:97:4B,1,9,127.3,80:02:9C:61:97:4A,8,0,NONE,2026-08-24T16:12:04.256043
45917,,-61,36,0,3649,65384,28964,3774424,0,99,7,0,0,14:33:5C:6D:AF:58,0,0,ARMED,448.0,0,0,80:02:9C:61:97:4B,1,8,2413.3,80:02:9C:61:97:4A,8,0,NONE,2026-08-24T16:12:04.701043
45917,BEACON,-77,20,129666,2137,65384,28964,3774822,0,99,7,0,0,14:33:5C:6D:AF:58,0,0,ARMED,448.0,0,1,80:02:9C:61:97:4B,1,8,84.9,80:02:9C:61:97:4A,8,0,NONE,2026-08-24T16:12:05.099043
45917,,-68,29,292,1529,65384,28964,3775126,0,99,7,0,0,14:33:5C:6D:AF:58,0,1,ARMED,448.0,0,1,80:02:9C:61:97:4B,1,11,146.5,80:02:9C:61:97:4A,8,0,NONE,2026-08-24T16:12:05.403043
45917,BEACON,-62,35,0,838,65384,28964,3775512,0,99,7,0,0,14:33:5C:6D:AF:58,0,0,ARMED,448.0,0,1,80:02:9C:61:97:4B,1,1,63.0,80:02:9C:61:97:4A,8,0,NONE,2026-08-24T16:12:05.789043
45917,,-47,50,48667,1849,65384,28964,3776084,0,99,7,0,0,14:33:5C:6D:AF:58,0,0,ARMED,448.0,0,1,80:02:9C:61:97:4B,1,8,100.5,80:02:9C:61:97:4A,8,0,NONE,2026-08-24T16:12:06.361043
45917,BEACON,-90,7,0,2256,65384,28964,3776366,0,99,7,0,0,14:33:5C:6D:AF:58,0,0,ARMED,448.0,0,1,80:02:9C:61:97:4B,1,8,157.8,80:02:9C:61:97:4A,8,0,NONE,2026-08-24T16:12:06.643043
45917,BEACON,-84,13,0,1295,65384,28964,3776721,0,99,7,0,0,14:33:5C:6D:AF:58,0,0,ARMED,448.0,0,1,80:02:9C:61:97:4B,1,7,70.5,80:02:9C:61:97:4A,8,0,NONE,2026-08-24T16:12:06.998043
45917,,-67,30,25268,2862,65384,28964,3777190,0,99,7,0,0,14:33:5C:6D:AF:58,0,0,ARMED,448.0,0,1,80:02:9C:61:97:4B,1,10,252.5,80:02:9C:61:97:4A,8,0,NONE,2026-08-24T16:12:07.467043
45917,,-47,50,0,393,65384,28964,3777461,0,99,7,0,0,14:33:5C:6D:AF:58,1,1,ARMED,448.0,0,0,80:02:9C:61:97:4B,1,5,1472.3,80:02:9C:61:97:4A,8,0,NONE,2026-08-24T16:12:07.738043
45917,PROBE_RESP,-84,13,82,4037,65384,28964,3777749,0,99,7,0,0,14:33:5C:6D:AF:58,0,0,ARMED,448.0,0,1,80:02:9C:61:97:4B,1,15,173.8,80:02:9C:61:97:4A,8,0,NONE,2026-08-24T16:12:08.026043
45917,BEACON,-90,7,0,2272,65384,28964,3778004,0,99,7,0,0,14:33:5C:6D:AF:58,0,1,ARMED,448.0,0,1,80:02:9C:61:97:4B,1,1,119.8,80:02:9C:61:97:4A,8,0,NONE,2026-08-24T16:12:08.281043
45917,BEACON,-61,36,0,867,65384,28964,3778277,0,99,7,0,0,14:33:5C:6D:AF:58,0,0,ARMED,448.0,0,1,80:02:9C:61:97:4B,1,10,131.8,80:02:9C:61:97:4A,8,0,NONE,2026-08-24T16:12:08.554043
45917,,-45,52,1525,1870,65384,28964,3778547,0,99,7,0,0,14:33:5C:6D:AF:58,0,0,ARMED,448.0,0,1,80:02:9C:61:97:4B,1,11,284.3,80:02:9C:61:97:4A,8,0,NONE,2026-08-24T16:12:08.824043
45917,BEACON,-79,18,0,2178,65384,28964,3779020,0,99,7,0,0,14:33:5C:6D:AF:58,0,0,ARMED,448.0,0,1,80:02:9C:61:97:4B,1,14,136.7,80:02:9C:61:97:4A,8,0,NONE,2026-08-24T16:12:09.297043
45917,,-60,37,0,216,65384,28964,3779409,0,99,7,0,0,14:33:5C:6D:AF:58,0,0,ARMED,448.0,0,1,80:02:9C:61:97:4B,1,22,268.3,80:02:9C:61:97:4A,8,0,NONE,2026-08-24T16:12:09.686043
45917,BEACON,-78,19,0,2185,65384,28964,3779737,0,99,7,0,0,14:33:5C:6D:AF:58,0,0,ARMED,448.0,0,1,80:02:9C:61:97:4B,1,10,97.7,80:02:9C:61:97:4A,8,0,NONE,2026-08-24T16:12:10.014043
45917,BEACON,-90,7,0,2346,65384,28964,3780264,0,99,7,0,0,14:33:5C:6D:AF:58,0,0,ARMED,448.0,0,0,80:02:9C:61:97:4B,1,2,113.2,80:02:9C:61:97:4A,8,0,NONE,2026-08-24T16:12:10.541043
45917,BEACON,-79,18,0,2194,65384,28964,3780658,0,99,7,0,0,14:33:5C:6D:AF:58,0,0,ARMED,448.0,0,1,80:02:9C:61:97:4B,1,11,107.4,80:02:9C:61:97:4A,8,0,NONE,2026-08-24T16:12:10.935043
45917,BEACON,-66,31,0,896,65384,28964,3781041,0,99,7,0,0,14:33:5C:6D:AF:58,0,0,ARMED,448.0,0,1,80:02:9C:61:97:4B,1,13,171.1,80:02:9C:61:97:4A,8,0,NONE,2026-08-24T16:12:11.318043
45917,,-64,33,968,3720,65384,28964,3781443,0,99,7,0,0,14:33:5C:6D:AF:58,0,0,ARMED,448.0,0,1,80:02:9C:61:97:4B,1,10,147.8,80:02:9C:61:97:4A,8,0,NONE,2026-08-24T16:12:11.720043
45917,,33,33,0,1023,65384,28964,3781811,0,99,7,0,0,14:33:5C:6D:AF:58,0,0,ARMED,448.0,0,0,80:02:9C:61:97:4B,1,7,282.8,80:02:9C:61:97:4A,8,0,NONE,2026-08-24T16:12:12.088043
45917,BEACON,-61,36,0,907,65384,28964,3782065,0,99,7,0,0,14:33:5C:6D:AF:58,1,0,ARMED,448.0,0,1,80:02:9C:61:97:4B,1,6,79.3,80:02:9C:61:97:4A,8,0,NONE,2026-08-24T16:12:12.342043
45917,BEACON,-91,6,69941,2369,65384,28964,3782620,0,99,7,0,0,14:33:5C:6D:AF:58,0,0,ARMED,448.0,0,0,80:02:9C:61:97:4B,1,2,128.8,80:02:9C:61:97:4A,8,0,NONE,2026-08-24T16:12:12.897043
45917,,-45,52,73048,1888,65384,28964,3783078,0,99,7,0,0,14:33:5C:6D:AF:58,0,0,ARMED,448.0,0,1,80:02:9C:61:97:4B,1,6,92.9,80:02:9C:61:97:4A,8,0,NONE,2026-08-24T16:12:13.355043
45917,,-62,35,1268,3738,65384,28964,3783316,0,99,7,0,0,14:33:5C:6D:AF:58,0,0,ARMED,448.0,0,0,80:02:9C:61:97:4B,1,28,288.0,80:02:9C:61:97:4A,8,0,NONE,2026-08-24T16:12:13.593043
45917,,-44,53,60592,1892,65384,28964,3783902,0,99,7,0,0,14:33:5C:6D:AF:58,0,0,ARMED,448.0,0,1,80:02:9C:61:97:4B,1,3,56.3,80:02:9C:61:97:4A,8,0,NONE,2026-08-24T16:12:14.179043
45917,,-63,34,1002,3752,65384,28964,3784393,0,99,7,0,0,14:33:5C:6D:AF:58,0,0,ARMED,448.0,0,0,80:02:9C:61:97:4B,1,15,165.0,80:02:9C:61:97:4A,8,0,NONE,2026-08-24T16:12:14.670043
45917,,34,34,0,937,65384,28964,3784736,0,99,7,0,0,14:33:5C:6D:AF:58,0,0,ARMED,448.0,0,0,80:02:9C:61:97:4B,1,10,471.6,80:02:9C:61:97:4A,8,0,NONE,2026-08-24T16:12:15.013043
45917,,-73,24,265,1448,65384,28964,3785039,0,99,7,0,0,14:33:5C:6D:AF:58,0,0,ARMED,448.0,0,1,80:02:9C:61:97:4B,1,9,1082.9,80:02:9C:61:97:4A,8,0,NONE,2026-08-24T16:12:15.316043
45917,BEACON,-90,7,0,184,65384,28964,3785550,0,99,7,0,0,14:33:5C:6D:AF:58,0,0,ARMED,448.0,0,1,80:02:9C:61:97:4B,1,1,328.3,80:02:9C:61:97:4A,8,0,NONE,2026-08-24T16:12:15.827043
45917,,35,35,0,2245,65384,28964,3785887,0,99,7,0,0,14:33:5C:6D:AF:58,0,0,ARMED,448.0,0,0,80:02:9C:61:97:4B,1,10,306.6,80:02:9C:61:97:4A,8,0,NONE,2026-08-24T16:12:16.164043
45917,BEACON,-92,5,0,2352,65384,28964,3786196,0,99,7,0,0,14:33:5C:6D:AF:58,0,0,ARMED,448.0,0,1,80:02:9C:61:97:4B,1,11,328.0,80:02:9C:61:97:4A,8,0,NONE,2026-08-24T16:12:16.473043
45917,BEACON,-92,5,0,193,65384,28964,3786472,0,99,7,0,0,14:33:5C:6D:AF:58,0,0,ARMED,448.0,0,1,80:02:9C:61:97:4B,1,1,326.5,80:02:9C:61:97:4A,8,0,NONE,2026-08-24T16:12:16.749043
45917,BEACON,-94,1,0,2360,65384,28964,3787015,0,99,7,0,0,14:33:5C:6D:AF:58,0,0,ARMED,448.0,0,1,80:02:9C:61:97:4B,1,3,86.0,80:02:9C:61:97:4A,8,0,NONE,2026-08-24T16:12:17.292043
45917,BEACON,-84,13,0,1285,65384,28964,3787481,0,99,7,0,0,14:33:5C:6D:AF:58,0,0,ARMED,448.0,0,1,80:02:9C:61:97:4B,1,8,88.3,80:02:9C:61:97:4A,8,0,NONE,2026-08-24T16:12:17.758043
45917,BEACON,-78,19,0,2265,65384,28964,3787929,0,99,7,0,0,14:33:5C:6D:AF:58,0,0,ARMED,448.0,0,1,80:02:9C:61:97:4B,1,13,103.2,80:02:9C:61:97:4A,8,0,NONE,2026-08-24T16:12:18.206043
45917,,-62,35,1081,3799,65384,28964,3788342,0,99,7,0,0,14:33:5C:6D:AF:58,0,0,ARMED,448.0,0,0,80:02:9C:61:97:4B,1,3,900.4,80:02:9C:61:97:4A,8,0,NONE,2026-08-24T16:12:18.619043
45917,BEACON,-85,12,39995,1413,65384,28964,3788804,0,99,7,0,0,14:33:5C:6D:AF:58,0,0,ARMED,448.0,0,1,80:02:9C:61:97:4B,1,5,89.2,80:02:9C:61:97:4A,8,0,NONE,2026-08-24T16:12:19.081043
45917,,33,33,0,986,65384,28964,3789239,0,99,7,0,0,14:33:5C:6D:AF:58,0,0,ARMED,448.0,0,0,80:02:9C:61:97:4B,1,10,123.0,80:02:9C:61:97:4A,8,0,NONE,2026-08-24T16:12:19.516043
45917,BEACON,-84,13,0,1308,65384,28964,3789836,0,99,7,0,0,14:33:5C:6D:AF:58,0,0,ARMED,448.0,0,1,80:02:9C:61:97:4B,1,6,93.6,80:02:9C:61:97:4A,8,0,NONE,2026-08-24T16:12:20.113043
45917,,-60,37,590,3812,65384,28964,3790352,0,99,7,0,0,14:33:5C:6D:AF:58,0,0,ARMED,448.0,0,0,80:02:9C:61:97:4B,1,16,233.4,80:02:9C:61:97:4A,8,0,NONE,2026-08-24T16:12:20.629043
45917,,-82,15,75228,3262,65384,28964,3790939,0,99,7,0,0,14:33:5C:6D:AF:58,0,0,ARMED,448.0,0,1,80:02:9C:61:97:4B,1,3,73.8,80:02:9C:61:97:4A,8,0,NONE,2026-08-24T16:12:21.216043
45917,BEACON,-78,19,0,2297,65384,28964,3791206,0,99,7,0,0,14:33:5C:6D:AF:58,0,1,ARMED,448.0,0,1,80:02:9C:61:97:4B,1,31,302.8,80:02:9C:61:97:4A,8,0,NONE,2026-08-24T16:12:21.483043
45917,PROBE_RESP,-85,12,0,2395,65384,28964,3791718,0,99,7,0,0,14:33:5C:6D:AF:58,0,0,ARMED,448.0,0,1,80:02:9C:61:97:4B,1,14,136.1,80:02:9C:61:97:4A,8,0,NONE,2026-08-24T16:12:21.995043
45917,,-60,37,2863,3835,65384,28964,3791919,0,99,7,0,0,14:33:5C:6D:AF:58,0,0,ARMED,448.0,0,1,80:02:9C:61:97:4B,1,41,415.6,80:02:9C:61:97:4A,8,0,NONE,2026-08-24T16:12:22.196043
45917,,-61,36,777,3844,65384,28964,3792446,0,99,7,0,0,14:33:5C:6D:AF:58,0,0,ARMED,448.0,0,0,80:02:9C:61:97:4B,1,10,102.1,80:02:9C:61:97:4A,8,0,NONE,2026-08-24T16:12:22.723043
45917,,-88,9,9823,1670,65384,28964,3792916,0,99,7,0,0,14:33:5C:6D:AF:58,0,0,ARMED,448.0,0,1,80:02:9C:61:97:4B,1,2,127.9,80:02:9C:61:97:4A,8,0,NONE,2026-08-24T16:12:23.193043
45917,BEACON,-90,7,0,2473,65384,28964,3793269,0,99,7,0,0,14:33:5C:6D:AF:58,0,0,ARMED,448.0,0,0,80:02:9C:61:97:4B,1,8,128.9,80:02:9C:61:97:4A,8,0,NONE,2026-08-24T16:12:23.546043
45917,BEACON,-65,32,0,1033,65384,28964,3793742,0,99,7,0,0,14:33:5C:6D:AF:58,0,0,ARMED,448.0,0,1,80:02:9C:61:97:4B,1,4,209.4,80:02:9C:61:97:4A,8,0,NONE,2026-08-24T16:12:24.019043
45917,,29,29,0,1023,65384,28964,3794224,0,99,7,0,0,14:33:5C:6D:AF:58,0,0,ARMED,448.0,0,0,80:02:9C:61:97:4B,1,11,145.9,80:02:9C:61:97:4A,8,0,NONE,2026-08-24T16:12:24.501043
45917,,29,29,0,1023,65384,28964,3794480,0,99,7,0,0,14:33:5C:6D:AF:58,0,0,ARMED,448.0,0,0,80:02:9C:61:97:4B,1,3,125.0,80:02:9C:61:97:4A,8,0,NONE,2026-08-24T16:12:24.757043
45917,BEACON,-83,14,0,1356,65384,28964,3794751,0,99,7,0,0,14:33:5C:6D:AF:58,0,0,ARMED,448.0,0,1,80:02:9C:61:97:4B,1,10,110.3,80:02:9C:61:97:4A,8,0,NONE,2026-08-24T16:12:25.028043
45917,,36,36,0,1023,65384,28964,3794976,0,99,7,0,0,14:33:5C:6D:AF:58,0,0,ARMED,448.0,0,0,80:02:9C:61:97:4B,1,8,998.3,80:02:9C:61:97:4A,8,0,NONE,2026-08-24T16:12:25.253043
45917,,-60,37,582,3863,65384,28964,3795228,0,99,7,0,0,14:33:5C:6D:AF:58,0,0,ARMED,448.0,0,1,80:02:9C:61:97:4B,1,20,358.7,80:02:9C:61:97:4A,8,0,NONE,2026-08-24T16:12:25.505043
45917,,36,36,0,2337,65384,28964,3795337,0,99,7,0,0,14:33:5C:6D:AF:58,0,1,ARMED,448.0,0,0,80:02:9C:61:97:4B,1,26,421.8,80:02:9C:61:97:4A,8,0,NONE,2026-08-24T16:12:25.614043
45917,BEACON,-84,13,0,1365,65384,28964,3795673,0,99,7,0,0,14:33:5C:6D:AF:58,0,0,ARMED,448.0,0,1,80:02:9C:61:97:4B,1,12,132.3,80:02:9C:61:97:4A,8,0,NONE,2026-08-24T16:12:25.950043
45917,PROBE_RESP,-84,13,0,2397,65384,28964,3796253,0,99,7,0,0,14:33:5C:6D:AF:58,0,0,ARMED,448.0,0,0,80:02:9C:61:97:4B,1,5,88.0,80:02:9C:61:97:4A,8,0,NONE,2026-08-24T16:12:26.530043
45917,,30,30,0,1023,65384,28964,3796798,0,99,7,0,0,14:33:5C:6D:AF:58,0,0,ARMED,448.0,0,1,80:02:9C:61:97:4B,1,9,100.5,80:02:9C:61:97:4A,8,0,NONE,2026-08-24T16:12:27.075043
45917,BEACON,-79,18,0,2356,65384,28964,3797247,0,99,7,0,0,14:33:5C:6D:AF:58,0,0,ARMED,448.0,0,1,80:02:9C:61:97:4B,1,4,150.1,80:02:9C:61:97:4A,8,0,NONE,2026-08-24T16:12:27.524043
45917,,-93,4,19502,1825,65384,28964,3797556,0,99,7,0,0,14:33:5C:6D:AF:58,0,0,ARMED,448.0,0,1,80:02:9C:61:97:4B,1,6,213.5,80:02:9C:61:97:4A,8,0,NONE,2026-08-24T16:12:27.833043
45917,BEACON,-79,18,0,2362,65384,28964,3797862,0,99,7,0,0,14:33:5C:6D:AF:58,0,1,ARMED,448.0,0,1,80:02:9C:61:97:4B,1,1,37.5,80:02:9C:61:97:4A,8,0,NONE,2026-08-24T16:12:28.139043
45917,BEACON,-85,12,0,2795,65384,28964,3798434,0,99,7,0,0,14:33:5C:6D:AF:58,0,0,ARMED,448.0,0,1,80:02:9C:61:97:4B,1,9,103.8,80:02:9C:61:97:4A,8,0,NONE,2026-08-24T16:12:28.711043
45917,,-64,33,3713,3892,65384,28964,3798668,0,99,7,0,0,14:33:5C:6D:AF:58,0,0,ARMED,448.0,0,1,80:02:9C:61:97:4B,1,14,1045.6,80:02:9C:61:97:4A,8,0,NONE,2026-08-24T16:12:28.945043
45917,MGMT_OTHER,-94,3,3320,422,65384,28964,3798752,0,99,7,0,0,14:33:5C:6D:AF:58,0,0,ARMED,448.0,0,1,80:02:9C:61:97:4B,1,64,651.5,80:02:9C:61:97:4A,8,0,NONE,2026-08-24T16:12:29.029043
45917,,37,37,0,218,65384,28964,3799126,0,99,7,0,0,14:33:5C:6D:AF:58,0,0,ARMED,448.0,0,1,80:02:9C:61:97:4B,1,8,119.6,80:02:9C:61:97:4A,8,0,NONE,2026-08-24T16:12:29.403043
45917,,-62,35,25215,3915,65384,28964,3799478,0,99,7,0,0,14:33:5C:6D:AF:58,0,0,ARMED,448.0,0,1,80:02:9C:61:97:4B,1,2,399.4,80:02:9C:61:97:4A,8,0,NONE,2026-08-24T16:12:29.755043
45917,BEACON,-84,13,0,1521,65384,28964,3799863,0,99,7,0,0,14:33:5C:6D:AF:58,0,0,ARMED,448.0,0,1,80:02:9C:61:97:4B,1,8,96.5,80:02:9C:61:97:4A,8,0,NONE,2026-08-24T16:12:30.140043
45917,BEACON,-61,36,0,1141,65384,28964,3800395,0,99,7,0,0,14:33:5C:6D:AF:58,0,0,ARMED,448.0,0,1,80:02:9C:61:97:4B,1,7,68.4,80:02:9C:61:97:4A,8,0,NONE,2026-08-24T16:12:30.672043
45917,,-70,27,0,1680,65384,28964,3800731,0,99,7,0,0,14:33:5C:6D:AF:58,0,0,ARMED,448.0,0,0,80:02:9C:61:97:4B,1,24,840.0,80:02:9C:61:97:4A,8,0,NONE,2026-08-24T16:12:31.008043
45917,BEACON,-91,6,0,337,65384,28964,3801217,0,99,7,0,0,14:33:5C:6D:AF:58,0,0,ARMED,448.0,0,1,80:02:9C:61:97:4B,1,1,327.4,80:02:9C:61:97:4A,8,0,NONE,2026-08-24T16:12:31.494043
45917,,-91,6,25428,879,65384,28964,3801516,0,99,7,0,0,14:33:5C:6D:AF:58,0,0,ARMED,448.0,0,1,80:02:9C:61:97:4B,1,33,339.7,80:02:9C:61:97:4A,8,0,NONE,2026-08-24T16:12:31.793043
45917,BEACON,-84,13,0,1427,65384,28964,3802022,0,99,7,0,0,14:33:5C:6D:AF:58,0,0,ARMED,448.0,0,1,80:02:9C:61:97:4B,1,4,62.4,80:02:9C:61:97:4A,8,0,NONE,2026-08-24T16:12:32.299043
45917,,-62,35,3529,3946,65384,28964,3802233,0,99,7,0,0,14:33:5C:6D:AF:58,0,0,ARMED,448.0,0,1,80:02:9C:61:97:4B,1,37,520.1,80:02:9C:61:97:4A,8,0,NONE,2026-08-24T16:12:32.510043
45917,,-78,19,29115,1799,65384,28964,3802549,0,99,7,0,0,14:33:5C:6D:AF:58,0,0,ARMED,448.0,0,1,80:02:9C:61:97:4B,1,10,126.2,80:02:9C:61:97:4A,8,0,NONE,2026-08-24T16:12:32.826043
45917,BEACON,-79,18,0,2411,65384,28964,3802879,0,99,7,0,0,14:33:5C:6D:AF:58,0,0,ARMED,448.0,0,1,80:02:9C:61:97:4B,1,20,195.3,80:02:9C:61:97:4A,8,0,NONE,2026-08-24T16:12:33.156043
45917,,51,51,0,1023,65384,28964,3803299,0,99,7,0,0,14:33:5C:6D:AF:58,0,0,ARMED,448.0,0,1,80:02:9C:61:97:4B,1,3,284.9,80:02:9C:61:97:4A,8,0,NONE,2026-08-24T16:12:33.576043
45917,,-45,52,12967,1970,65384,28964,3803779,0,99,7,0,0,14:33:5C:6D:AF:58,0,0,ARMED,448.0,0,1,80:02:9C:61:97:4B,1,10,124.3,80:02:9C:61:97:4A,8,0,NONE,2026-08-24T16:12:34.056043
45917,BEACON,-89,8,0,2580,65384,28964,3804223,0,99,7,0,0,14:33:5C:6D:AF:58,0,0,ARMED,448.0,0,0,80:02:9C:61:97:4B,1,3,232.3,80:02:9C:61:97:4A,8,0,NONE,2026-08-24T16:12:34.500043
45917,,56,56,0,2428,65384,28964,3804628,0,99,7,0,0,14:33:5C:6D:AF:58,0,0,ARMED,448.0,0,1,80:02:9C:61:97:4B,1,2,232.6,80:02:9C:61:97:4A,8,0,NONE,2026-08-24T16:12:34.905043
45917,BEACON,-89,8,0,2590,65384,28964,3805247,0,99,7,0,0,14:33:5C:6D:AF:58,0,0,ARMED,448.0,0,0,80:02:9C:61:97:4B,1,2,159.1,80:02:9C:61:97:4A,8,0,NONE,2026-08-24T16:12:35.524043
45917,,-62,35,3308,3969,65384,28964,3805638,0,99,7,0,0,14:33:5C:6D:AF:58,0,0,ARMED,448.0,0,1,80:02:9C:61:97:4B,1,18,186.8,80:02:9C:61:97:4A,8,0,NONE,2026-08-24T16:12:35.915043
45917,,34,34,0,3629,65384,28964,3805763,0,99,7,0,0,14:33:5C:6D:AF:58,0,1,ARMED,448.0,0,1,80:02:9C:61:97:4B,1,7,884.4,80:02:9C:61:97:4A,8,0,NONE,2026-08-24T16:12:36.040043
45917,,60,60,0,2442,65384,28964,3806109,0,99,7,0,0,14:33:5C:6D:AF:58,0,0,ARMED,448.0,0,0,80:02:9C:61:97:4B,1,13,306.6,80:02:9C:61:97:4A,8,0,NONE,2026-08-24T16:12:36.386043
45917,PROBE_RESP,-62,35,0,1206,65384,28964,3806468,0,99,7,0,0,14:33:5C:6D:AF:58,0,0,ARMED,448.0,0,1,80:02:9C:61:97:4B,1,18,272.4,80:02:9C:61:97:4A,8,0,NONE,2026-08-24T16:12:36.745043
45917,,-51,46,0,428,65384,28964,3806952,0,99,7,0,0,14:33:5C:6D:AF:58,0,0,ARMED,448.0,0,0,80:02:9C:61:97:4B,1,5,301.1,80:02:9C:61:97:4A,8,0,NONE,2026-08-24T16:12:37.229043
45917,,59,59,0,1023,65384,28964,3807355,0,99,7,0,0,14:33:5C:6D:AF:58,0,0,ARMED,448.0,0,0,80:02:9C:61:97:4B,1,17,170.6,80:02:9C:61:97:4A,8,0,NONE,2026-08-24T16:12:37.632043
45917,,30,30,0,1023,65384,28964,3807678,0,99,7,0,0,14:33:5C:6D:AF:58,0,0,ARMED,448.0,0,1,80:02:9C:61:97:4B,1,6,474.1,80:02:9C:61:97:4A,8,0,NONE,2026-08-24T16:12:37.955043
45917,,30,30,0,1225,65384,28964,3807884,0,99,7,0,0,14:33:5C:6D:AF:58,0,0,ARMED,448.0,0,0,80:02:9C:61:97:4B,1,7,516.1,80:02:9C:61:97:4A,8,0,NONE,2026-08-24T16:12:38.161043
45917,BEACON,-78,19,54,2463,65384,28964,3808204,0,99,7,0,0,14:33:5C:6D:AF:58,0,0,ARMED,448.0,0,1,80:02:9C:61:97:4B,1,13,488.5,80:02:9C:61:97:4A,8,0,NONE,2026-08-24T16:12:38.481043
45917,BEACON,-91,6,50,2570,65384,28964,3808519,0,99,7,0,0,14:33:5C:6D:AF:58,0,0,ARMED,448.0,0,1,80:02:9C:61:97:4B,1,10,286.4,80:02:9C:61:97:4A,8,0,NONE,2026-08-24T16:12:38.796043
45917,BEACON,-61,36,0,1244,65384,28964,3808792,0,99,7,0,0,14:33:5C:6D:AF:58,0,0,ARMED,448.0,0,1,80:02:9C:61:97:4B,1,27,263.7,80:02:9C:61:97:4A,8,0,NONE,2026-08-24T16:12:39.069043
45917,,-61,36,1101,4018,65384,28964,3809092,0,99,7,0,0,14:33:5C:6D:AF:58,0,0,ARMED,448.0,0,0,80:02:9C:61:97:4B,1,20,208.9,80:02:9C:61:97:4A,8,0,NONE,2026-08-24T16:12:39.369043
45917,,-60,37,0,1259,63652,28964,3809410,0,99,7,0,0,14:33:5C:6D:AF:58,0,0,ARMED,448.0,0,1,80:02:9C:61:97:4B,1,2,481.0,80:02:9C:61:97:4A,8,0,NONE,2026-08-24T16:12:39.687043
45917,,-68,29,292,1829,65384,28964,3809859,0,99,7,0,0,14:33:5C:6D:AF:58,0,0,ARMED,448.0,0,0,80:02:9C:61:97:4B,1,9,205.6,80:02:9C:61:97:4A,8,0,NONE,2026-08-24T16:12:40.136043
45917,BEACON,-85,12,19932,1622,65384,28964,3810206,0,99,7,0,0,14:33:5C:6D:AF:58,0,0,ARMED,448.0,0,1,80:02:9C:61:97:4B,1,7,84.4,80:02:9C:61:97:4A,8,0,NONE,2026-08-24T16:12:40.483043
45917,BEACON,-84,13,0,1511,65384,28964,3810623,0,99,7,0,0,14:33:5C:6D:AF:58,0,0,ARMED,448.0,0,1,80:02:9C:61:97:4B,1,8,88.3,80:02:9C:61:97:4A,8,0,NONE,2026-08-24T16:12:40.900043
45917,,-47,50,0,433,65384,28964,3810949,0,99,7,0,0,14:33:5C:6D:AF:58,0,0,ARMED,448.0,0,1,80:02:9C:61:97:4B,1,7,952.3,80:02:9C:61:97:4A,8,0,NONE,2026-08-24T16:12:41.226043
45917,BEACON,-91,6,0,2598,65384,28964,3811387,0,99,7,0,0,14:33:5C:6D:AF:58,0,0,ARMED,448.0,0,1,80:02:9C:61:97:4B,1,4,114.6,80:02:9C:61:97:4A,8,0,NONE,2026-08-24T16:12:41.664043
45917,,-91,6,30004,990,65384,28964,3811876,0,99,7,0,0,14:33:5C:6D:AF:58,0,0,ARMED,448.0,0,1,80:02:9C:61:97:4B,1,2,165.3,80:02:9C:61:97:4A,8,0,NONE,2026-08-24T16:12:42.153043
45917,BEACON,-77,20,0,2504,65384,28964,3812402,0,99,7,0,0,14:33:5C:6D:AF:58,0,0,ARMED,448.0,0,1,80:02:9C:61:97:4B,1,8,300.6,80:02:9C:61:97:4A,8,0,NONE,2026-08-24T16:12:42.679043
45917,,-68,29,292,1877,65384,28964,3812645,0,99,7,0,0,14:33:5C:6D:AF:58,0,0,ARMED,448.0,0,0,80:02:9C:61:97:4B,1,34,530.3,80:02:9C:61:97:4A,8,0,NONE,2026-08-24T16:12:42.922043
45917,BEACON,-91,6,0,2665,65384,28964,3812927,0,99,7,0,0,14:33:5C:6D:AF:58,0,0,ARMED,448.0,0,0,80:02:9C:61:97:4B,1,4,102.1,80:02:9C:61:97:4A,8,0,NONE,2026-08-24T16:12:43.204043
45917,BEACON,-92,5,0,2670,65384,28964,3813439,0,99,7,0,0,14:33:5C:6D:AF:58,0,0,ARMED,448.0,0,0,80:02:9C:61:97:4B,1,4,102.1,80:02:9C:61:97:4A,8,0,NONE,2026-08-24T16:12:43.716043
45917,BEACON,-84,13,0,1659,65384,28964,3813995,0,99,7,0,0,14:33:5C:6D:AF:58,0,0,ARMED,448.0,0,1,80:02:9C:61:97:4B,1,7,84.4,80:02:9C:61:97:4A,8,0,NONE,2026-08-24T16:12:44.272043
45917,,-87,10,14318,4010,65384,28964,3814465,0,99,7,0,0,14:33:5C:6D:AF:58,0,0,ARMED,448.0,0,1,80:02:9C:61:97:4B,1,10,241.0,80:02:9C:61:97:4A,8,0,NONE,2026-08-24T16:12:44.742043
45917,,-67,30,0,1900,62292,28964,3814958,0,99,7,0,0,14:33:5C:6D:AF:58,0,0,ARMED,448.0,0,0,80:02:9C:61:97:4B,1,3,135.6,80:02:9C:61:97:4A,8,0,NONE,2026-08-24T16:12:45.235043
45917,BEACON,-84,13,0,1557,65384,28964,3815334,0,99,7,0,0,14:33:5C:6D:AF:58,0,0,ARMED,448.0,0,1,80:02:9C:61:97:4B,1,7,77.2,80:02:9C:61:97:4A,8,0,NONE,2026-08-24T16:12:45.611043
45917,,-69,28,0,1001,65384,28964,3815590,0,99,7,0,0,14:33:5C:6D:AF:58,0,0,ARMED,448.0,0,0,80:02:9C:61:97:4B,1,10,270.6,80:02:9C:61:97:4A,8,0,NONE,2026-08-24T16:12:45.867043
45917,BEACON,-84,13,0,1563,65384,28964,3815948,0,99,7,0,0,14:33:5C:6D:AF:58,0,0,ARMED,448.0,0,1,80:02:9C:61:97:4B,1,7,79.8,80:02:9C:61:97:4A,8,0,NONE,2026-08-24T16:12:46.225043
45917,,-60,37,1407,0,65384,28964,3816129,0,99,7,0,0,14:33:5C:6D:AF:58,1,1,ARMED,448.0,0,1,80:02:9C:61:97:4B,1,13,202.4,80:02:9C:61:97:4A,8,0,NONE,2026-08-24T16:12:46.406043
45917,BEACON,-60,37,0,1337,65384,28964,3816574,0,99,7,0,0,14:33:5C:6D:AF:58,0,0,ARMED,448.0,0,1,80:02:9C:61:97:4B,1,6,60.3,80:02:9C:61:97:4A,8,0,NONE,2026-08-24T16:12:46.851043
45917,BEACON,-84,13,0,2992,65384,28964,3817173,0,99,7,0,0,14:33:5C:6D:AF:58,0,0,ARMED,448.0,0,1,80:02:9C:61:97:4B,1,5,83.0,80:02:9C:61:97:4A,8,0,NONE,2026-08-24T16:12:47.450043
45917,,-86,11,81145,3224,65384,28964,3817676,0,99,7,0,0,14:33:5C:6D:AF:58,0,0,ARMED,448.0,0,1,80:02:9C:61:97:4B,1,3,58.8,80:02:9C:61:97:4A,8,0,NONE,2026-08-24T16:12:47.953043
45917,,30,30,0,1023,65384,28964,3817988,0,99,7,0,0,14:33:5C:6D:AF:58,0,0,ARMED,448.0,0,1,80:02:9C:61:97:4B,1,15,257.7,80:02:9C:61:97:4A,8,0,NONE,2026-08-24T16:12:48.265043
45917,PROBE_RESP,-88,9,0,3077,65384,28964,3818325,0,99,7,0,0,14:33:5C:6D:AF:58,0,0,ARMED,448.0,0,1,80:02:9C:61:97:4B,1,11,128.2,80:02:9C:61:97:4A,8,0,NONE,2026-08-24T16:12:48.602043
45917,,-66,31,0,1361,65384,28964,3818631,0,99,7,0,0,14:33:5C:6D:AF:58,0,0,ARMED,448.0,0,0,80:02:9C:61:97:4B,1,18,213.3,80:02:9C:61:97:4A,8,0,NONE,2026-08-24T16:12:48.908043
45917,BEACON,-79,18,0,2568,65384,28964,3818956,0,99,7,0,0,14:33:5C:6D:AF:58,0,0,ARMED,448.0,0,1,80:02:9C:61:97:4B,1,12,117.2,80:02:9C:61:97:4A,8,0,NONE,2026-08-24T16:12:49.233043
45917,BEACON,-80,17,89526,2573,65384,28964,3819468,0,99,7,0,0,14:33:5C:6D:AF:58,0,0,ARMED,448.0,0,1,80:02:9C:61:97:4B,1,10,97.6,80:02:9C:61:97:4A,8,0,NONE,2026-08-24T16:12:49.745043
45917,,-64,33,0,1388,65384,28964,3819755,0,99,7,0,0,14:33:5C:6D:AF:58,0,0,ARMED,448.0,0,0,80:02:9C:61:97:4B,1,9,109.3,80:02:9C:61:97:4A,8,0,NONE,2026-08-24T16:12:50.032043
45917,BEACON,-91,6,0,2682,65384,28964,3819988,0,99,7,0,0,14:33:5C:6D:AF:58,0,0,ARMED,448.0,0,1,80:02:9C:61:97:4B,1,1,120.0,80:02:9C:61:97:4A,8,0,NONE,2026-08-24T16:12:50.265043
45917,,-74,23,937,3526,65384,28964,3820480,0,99,7,0,0,14:33:5C:6D:AF:58,0,0,ARMED,448.0,0,1,80:02:9C:61:97:4B,1,12,133.1,80:02:9C:61:97:4A,8,0,NONE,2026-08-24T16:12:50.757043
45917,BEACON,-81,16,0,2587,65384,28964,3820901,0,99,7,0,0,14:33:5C:6D:AF:58,0,0,ARMED,448.0,0,1,80:02:9C:61:97:4B,1,12,127.4,80:02:9C:61:97:4A,8,0,NONE,2026-08-24T16:12:51.178043
45917,BEACON,-89,8,0,534,65384,28964,3821390,0,99,7,0,0,14:33:5C:6D:AF:58,0,0,ARMED,448.0,0,1,80:02:9C:61:97:4B,1,5,70.8,80:02:9C:61:97:4A,8,0,NONE,2026-08-24T16:12:51.667043
45917,,-68,29,460,2020,65384,28964,3821886,0,99,7,0,0,14:33:5C:6D:AF:58,0,0,ARMED,448.0,0,0,80:02:9C:61:97:4B,1,5,92.2,80:02:9C:61:97:4A,8,0,NONE,2026-08-24T16:12:52.163043
45917,,-91,6,16028,597,65384,28964,3822315,0,99,7,0,0,14:33:5C:6D:AF:58,0,0,ARMED,448.0,0,0,80:02:9C:61:97:4B,1,6,81.5,80:02:9C:61:97:4A,8,0,NONE,2026-08-24T16:12:52.592043
45917,BEACON,-85,12,0,1630,65384,28964,3822809,0,99,7,0,0,14:33:5C:6D:AF:58,0,0,ARMED,448.0,0,1,80:02:9C:61:97:4B,1,7,125.3,80:02:9C:61:97:4A,8,0,NONE,2026-08-24T16:12:53.086043
45917,,-67,30,19405,2047,65384,28964,3822970,0,99,7,0,0,14:33:5C:6D:AF:58,0,1,ARMED,448.0,0,1,80:02:9C:61:97:4B,1,3,252.2,80:02:9C:61:97:4A,8,0,NONE,2026-08-24T16:12:53.247043
45917,,-64,33,1756,1991,65384,28964,3823222,0,99,7,0,0,14:33:5C:6D:AF:58,0,0,ARMED,448.0,0,1,80:02:9C:61:97:4B,1,17,284.2,80:02:9C:61:97:4A,8,0,NONE,2026-08-24T16:12:53.499043
45917,BEACON,-89,8,0,556,65384,28964,3823643,0,99,7,0,0,14:33:5C:6D:AF:58,0,0,ARMED,448.0,0,1,80:02:9C:61:97:4B,1,6,85.0,80:02:9C:61:97:4A,8,0,NONE,2026-08-24T16:12:53.920043
45917,BEACON,-88,9,0,560,65384,28964,3824052,0,99,7,0,0,14:33:5C:6D:AF:58,0,0,ARMED,448.0,0,1,80:02:9C:61:97:4B,1,6,85.0,80:02:9C:61:97:4A,8,0,NONE,2026-08-24T16:12:54.329043
45917,BEACON,-59,38,0,1444,65384,28964,3824561,0,99,7,0,0,14:33:5C:6D:AF:58,0,0,ARMED,448.0,0,1,80:02:9C:61:97:4B,1,6,88.8,80:02:9C:61:97:4A,8,0,NONE,2026-08-24T16:12:54.838043
45917,BEACON,-86,11,52,1651,65384,28964,3824959,0,99,7,0,0,14:33:5C:6D:AF:58,0,0,ARMED,448.0,0,1,80:02:9C:61:97:4B,1,20,358.2,80:02:9C:61:97:4A,8,0,NONE,2026-08-24T16:12:55.236043
45917,BEACON,-77,20,0,2633,65384,28964,3825612,0,99,7,0,0,14:33:5C:6D:AF:58,0,0,ARMED,448.0,0,1,80:02:9C:61:97:4B,1,3,112.9,80:02:9C:61:97:4A,8,0,NONE,2026-08-24T16:12:55.889043
45917,BEACON,-85,12,0,1664,65384,28964,3826290,0,99,7,0,0,14:33:5C:6D:AF:58,0,0,ARMED,448.0,0,1,80:02:9C:61:97:4B,1,7,77.1,80:02:9C:61:97:4A,8,0,NONE,2026-08-24T16:12:56.567043
45917,BEACON,-78,19,0,2644,65384,28964,3826738,0,99,7,0,0,14:33:5C:6D:AF:58,0,0,ARMED,448.0,0,1,80:02:9C:61:97:4B,1,2,75.1,80:02:9C:61:97:4A,8,0,NONE,2026-08-24T16:12:57.015043
45917,,-44,53,21893,2072,65384,28964,3827227,0,99,7,0,0,14:33:5C:6D:AF:58,0,0,ARMED,448.0,0,1,80:02:9C:61:97:4B,1,2,625.2,80:02:9C:61:97:4A,8,0,NONE,2026-08-24T16:12:57.504043
45917,,-62,35,1647,126,65384,28964,3827691,0,99,7,0,0,14:33:5C:6D:AF:58,0,0,ARMED,448.0,0,0,80:02:9C:61:97:4B,1,15,260.5,80:02:9C:61:97:4A,8,0,NONE,2026-08-24T16:12:57.968043
45917,BEACON,-88,9,0,601,65384,28964,3828251,0,99,7,0,0,14:33:5C:6D:AF:58,0,0,ARMED,448.0,0,1,80:02:9C:61:97:4B,1,1,326.1,80:02:9C:61:97:4A,8,0,NONE,2026-08-24T16:12:58.528043
45917,BEACON,-88,9,0,601,65384,28964,3828251,0,99,7,0,0,14:33:5C:6D:AF:58,0,0,ARMED,448.0,0,1,80:02:9C:61:97:4B,1,1,326.1,80:02:9C:61:97:4A,8,0,NONE,2026-08-24T16:12:58.528043
45917,BEACON,-87,10,57710,3112,65384,28964,3828642,0,99,7,0,0,14:33:5C:6D:AF:58,0,0,ARMED,448.0,0,1,80:02:9C:61:97:4B,1,9,103.7,80:02:9C:61:97:4A,8,0,NONE,2026-08-24T16:12:58.919043
45917,BEACON,-78,19,0,2666,65384,28964,3828991,0,99,7,0,0,14:33:5C:6D:AF:58,0,0,ARMED,448.0,0,1,80:02:9C:61:97:4B,1,4,150.1,80:02:9C:61:97:4A,8,0,NONE,2026-08-24T16:12:59.268043
45917,BEACON,-78,19,0,2670,65384,28964,3829401,0,99,7,0,0,14:33:5C:6D:AF:58,0,0,ARMED,448.0,0,1,80:02:9C:61:97:4B,1,6,225.3,80:02:9C:61:97:4A,8,0,NONE,2026-08-24T16:12:59.678043
45917,BEACON,-87,10,0,3124,65384,28964,3829870,0,99,7,0,0,14:33:5C:6D:AF:58,0,0,ARMED,448.0,0,1,80:02:9C:61:97:4B,1,9,103.6,80:02:9C:61:97:4A,8,0,NONE,2026-08-24T16:13:00.147043
45917,,56,56,0,1023,65384,28964,3830083,0,99,7,0,0,14:33:5C:6D:AF:58,0,1,ARMED,448.0,0,0,80:02:9C:61:97:4B,1,16,168.5,80:02:9C:61:97:4A,8,0,NONE,2026-08-24T16:13:00.360043
45917,BEACON,-77,20,0,2681,65384,28964,3830527,0,99,7,0,0,14:33:5C:6D:AF:58,0,0,ARMED,448.0,0,1,80:02:9C:61:97:4B,1,5,48.8,80:02:9C:61:97:4A,8,0,NONE,2026-08-24T16:13:00.804043
45917,BEACON,-87,10,0,1709,65384,28964,3830898,0,99,7,0,0,14:33:5C:6D:AF:58,0,0,ARMED,448.0,0,1,80:02:9C:61:97:4B,1,6,93.5,80:02:9C:61:97:4A,8,0,NONE,2026-08-24T16:13:01.175043
45917,BEACON,-91,6,0,2845,65384,28964,3831362,0,99,7,0,0,14:33:5C:6D:AF:58,0,0,ARMED,448.0,0,0,80:02:9C:61:97:4B,1,2,125.1,80:02:9C:61:97:4A,8,0,NONE,2026-08-24T16:13:01.639043
45917,BEACON,-78,19,0,2694,65384,28964,3831858,0,99,7,0,0,14:33:5C:6D:AF:58,0,0,ARMED,448.0,0,1,80:02:9C:61:97:4B,1,15,146.5,80:02:9C:61:97:4A,8,0,NONE,2026-08-24T16:13:02.135043
45917,BEACON,-90,7,0,2804,65384,28964,3832481,0,99,7,0,0,14:33:5C:6D:AF:58,0,0,ARMED,448.0,0,1,80:02:9C:61:97:4B,1,1,120.1,80:02:9C:61:97:4A,8,0,NONE,2026-08-24T16:13:02.758043
45917,,-46,51,11663,455,65384,28964,3832968,0,99,7,0,0,14:33:5C:6D:AF:58,0,0,ARMED,448.0,0,1,80:02:9C:61:97:4B,1,12,139.0,80:02:9C:61:97:4A,8,0,NONE,2026-08-24T16:13:03.245043
45917,,-63,34,1026,179,65384,28964,3833449,0,99,7,0,0,14:33:5C:6D:AF:58,0,0,ARMED,448.0,0,1,80:02:9C:61:97:4B,1,12,218.7,80:02:9C:61:97:4A,8,0,NONE,2026-08-24T16:13:03.726043
45917,,62,62,0,2714,65384,28964,3833906,0,99,7,0,0,14:33:5C:6D:AF:58,0,0,ARMED,448.0,0,0,80:02:9C:61:97:4B,1,1,1000.0,80:02:9C:61:97:4A,8,0,NONE,2026-08-24T16:13:04.183043
45917,BEACON,-86,11,0,1858,65384,28964,3834372,0,99,7,0,0,14:33:5C:6D:AF:58,0,0,ARMED,448.0,0,1,80:02:9C:61:97:4B,1,3,53.6,80:02:9C:61:97:4A,8,0,NONE,2026-08-24T16:13:04.649043
45917,BEACON,-90,7,0,2829,65384,28964,3835041,0,99,7,0,0,14:33:5C:6D:AF:58,0,0,ARMED,448.0,0,1,80:02:9C:61:97:4B,1,1,119.2,80:02:9C:61:97:4A,8,0,NONE,2026-08-24T16:13:05.318043
45917,BEACON,-92,5,0,2835,65384,28964,3835655,0,99,7,0,0,14:33:5C:6D:AF:58,0,0,ARMED,448.0,0,1,80:02:9C:61:97:4B,1,1,119.0,80:02:9C:61:97:4A,8,0,NONE,2026-08-24T16:13:05.932043
45917,MGMT_OTHER,-93,4,36812,3289,65384,28964,3836266,0,99,7,0,0,14:33:5C:6D:AF:58,0,0,ARMED,448.0,0,1,80:02:9C:61:97:4B,1,1,216.1,80:02:9C:61:97:4A,8,0,NONE,2026-08-24T16:13:06.543043
45917,BEACON,-86,11,23531,3196,65384,28964,3836731,0,99,7,0,0,14:33:5C:6D:AF:58,0,0,ARMED,448.0,0,1,80:02:9C:61:97:4B,1,4,66.4,80:02:9C:61:97:4A,8,0,NONE,2026-08-24T16:13:07.008043
45917,PROBE_RESP,-93,4,0,3080,65384,28964,3837229,0,99,7,0,0,14:33:5C:6D:AF:58,0,0,ARMED,448.0,0,1,80:02:9C:61:97:4B,1,4,87.6,80:02:9C:61:97:4A,8,0,NONE,2026-08-24T16:13:07.506043
45917,,-87,10,11127,2573,65384,28964,3837571,0,99,7,0,0,14:33:5C:6D:AF:58,1,1,ARMED,448.0,0,1,80:02:9C:61:97:4B,1,11,136.4,80:02:9C:61:97:4A,8,0,NONE,2026-08-24T16:13:07.848043
45917,BEACON,-87,10,0,3210,65384,28964,3837960,0,99,7,0,0,14:33:5C:6D:AF:58,0,0,ARMED,448.0,0,1,80:02:9C:61:97:4B,1,4,66.3,80:02:9C:61:97:4A,8,0,NONE,2026-08-24T16:13:08.237043
45917,BEACON,-91,6,0,2862,65384,28964,3838420,0,99,7,0,0,14:33:5C:6D:AF:58,0,0,ARMED,448.0,0,1,80:02:9C:61:97:4B,1,1,119.7,80:02:9C:61:97:4A,8,0,NONE,2026-08-24T16:13:08.697043
45917,BEACON,-64,33,0,1626,65384,28964,3839102,0,99,7,0,0,14:33:5C:6D:AF:58,0,0,ARMED,448.0,0,1,80:02:9C:61:97:4B,1,6,79.1,80:02:9C:61:97:4A,8,0,NONE,2026-08-24T16:13:09.379043
45917,,-76,21,8851,3103,65384,28964,3839413,0,99,7,0,0,14:33:5C:6D:AF:58,0,0,ARMED,448.0,0,1,80:02:9C:61:97:4B,1,6,75.4,80:02:9C:61:97:4A,8,0,NONE,2026-08-24T16:13:09.690043
45917,BEACON,-63,34,0,1634,65384,28964,3839924,0,99,7,0,0,14:33:5C:6D:AF:58,0,0,ARMED,448.0,0,1,80:02:9C:61:97:4B,1,8,101.5,80:02:9C:61:97:4A,8,0,NONE,2026-08-24T16:13:10.201043
45917,,-64,33,427,419,65384,28964,3840177,0,99,7,0,0,14:33:5C:6D:AF:58,0,0,ARMED,448.0,0,1,80:02:9C:61:97:4B,1,11,445.7,80:02:9C:61:97:4A,8,0,NONE,2026-08-24T16:13:10.454043
45917,BEACON,-86,11,83,3235,65384,28964,3840418,0,99,7,0,0,14:33:5C:6D:AF:58,0,1,ARMED,448.0,0,1,80:02:9C:61:97:4B,1,6,99.5,80:02:9C:61:97:4A,8,0,NONE,2026-08-24T16:13:10.695043
45917,,-63,34,0,1653,63620,28964,3840845,0,99,7,0,0,14:33:5C:6D:AF:58,0,0,ARMED,448.0,0,0,80:02:9C:61:97:4B,1,18,229.6,80:02:9C:61:97:4A,8,0,NONE,2026-08-24T16:13:11.122043
45917,BEACON,-90,7,0,727,65384,28964,3841151,0,99,7,0,0,14:33:5C:6D:AF:58,0,0,ARMED,448.0,0,1,80:02:9C:61:97:4B,1,14,182.2,80:02:9C:61:97:4A,8,0,NONE,2026-08-24T16:13:11.428043
45917,BEACON,-89,8,0,730,65384,28964,3841458,0,99,7,0,0,14:33:5C:6D:AF:58,0,0,ARMED,448.0,0,1,80:02:9C:61:97:4B,1,17,221.3,80:02:9C:61:97:4A,8,0,NONE,2026-08-24T16:13:11.735043
45917,BEACON,-90,7,20711,2895,65384,28964,3841799,0,99,7,0,0,14:33:5C:6D:AF:58,0,0,ARMED,448.0,0,1,80:02:9C:61:97:4B,1,1,119.5,80:02:9C:61:97:4A,8,0,NONE,2026-08-24T16:13:12.076043
45917,BEACON,-78,19,76740,2797,65384,28964,3842405,0,99,7,0,0,14:33:5C:6D:AF:58,0,0,ARMED,448.0,0,1,80:02:9C:61:97:4B,1,7,69.5,80:02:9C:61:97:4A,8,0,NONE,2026-08-24T16:13:12.682043
45917,,-63,34,0,1693,63620,28964,3842793,0,99,7,0,0,14:33:5C:6D:AF:58,0,0,ARMED,448.0,0,0,80:02:9C:61:97:4B,1,11,136.0,80:02:9C:61:97:4A,8,0,NONE,2026-08-24T16:13:13.070043
45917,,-62,35,470,311,65384,28964,3843057,0,99,7,0,0,14:33:5C:6D:AF:58,0,0,ARMED,448.0,0,1,80:02:9C:61:97:4B,1,14,378.2,80:02:9C:61:97:4A,8,0,NONE,2026-08-24T16:13:13.334043
45917,,-64,33,426,820,65384,28964,3843561,0,99,7,0,0,14:33:5C:6D:AF:58,0,0,ARMED,448.0,0,1,80:02:9C:61:97:4B,1,9,310.9,80:02:9C:61:97:4A,8,0,NONE,2026-08-24T16:13:13.838043
45917,BEACON,-62,35,0,1707,65384,28964,3843918,0,99,7,0,0,14:33:5C:6D:AF:58,0,1,ARMED,448.0,0,1,80:02:9C:61:97:4B,1,6,77.9,80:02:9C:61:97:4A,8,0,NONE,2026-08-24T16:13:14.195043
45917,MGMT_OTHER,-92,5,893,310,65384,28964,3844287,0,99,7,0,0,14:33:5C:6D:AF:58,0,0,ARMED,448.0,0,1,80:02:9C:61:97:4B,1,11,283.8,80:02:9C:61:97:4A,8,0,NONE,2026-08-24T16:13:14.564043
45917,,-51,46,2556,131,65384,28964,3844745,0,99,7,0,0,14:33:5C:6D:AF:58,0,0,ARMED,448.0,0,0,80:02:9C:61:97:4B,1,10,115.9,80:02:9C:61:97:4A,8,0,NONE,2026-08-24T16:13:15.022043
45917,BEACON,-79,18,14309,2825,65384,28964,3845273,0,99,7,0,0,14:33:5C:6D:AF:58,0,0,ARMED,448.0,0,1,80:02:9C:61:97:4B,1,12,117.2,80:02:9C:61:97:4A,8,0,NONE,2026-08-24T16:13:15.550043
45917,,-63,34,470,347,65384,28964,3845668,0,99,7,0,0,14:33:5C:6D:AF:58,0,0,ARMED,448.0,0,1,80:02:9C:61:97:4B,1,19,216.1,80:02:9C:61:97:4A,8,0,NONE,2026-08-24T16:13:15.945043
45917,BEACON,-63,34,0,1734,65384,28964,3846273,0,99,7,0,0,14:33:5C:6D:AF:58,0,0,ARMED,448.0,0,1,80:02:9C:61:97:4B,1,6,90.7,80:02:9C:61:97:4A,8,0,NONE,2026-08-24T16:13:16.550043
45917,BEACON,-80,17,0,2839,65384,28964,3846706,0,99,7,0,0,14:33:5C:6D:AF:58,0,0,ARMED,448.0,0,1,80:02:9C:61:97:4B,1,18,239.4,80:02:9C:61:97:4A,8,0,NONE,2026-08-24T16:13:16.983043
45917,,-62,35,5539,361,65384,28964,3847049,0,99,7,0,0,14:33:5C:6D:AF:58,0,0,ARMED,448.0,0,1,80:02:9C:61:97:4B,1,28,377.1,80:02:9C:61:97:4A,8,0,NONE,2026-08-24T16:13:17.326043
45917,BEACON,-61,36,0,1747,65384,28964,3847297,0,99,7,0,0,14:33:5C:6D:AF:58,0,1,ARMED,448.0,0,1,80:02:9C:61:97:4B,1,1,467.5,80:02:9C:61:97:4A,8,0,NONE,2026-08-24T16:13:17.574043
45917,BEACON,-91,6,0,3005,65384,28964,3847745,0,99,7,0,0,14:33:5C:6D:AF:58,0,0,ARMED,448.0,0,0,80:02:9C:61:97:4B,1,4,98.3,80:02:9C:61:97:4A,8,0,NONE,2026-08-24T16:13:18.022043
45917,MGMT_OTHER,-90,7,10043,3428,65384,28964,3848274,0,99,7,0,0,14:33:5C:6D:AF:58,0,0,ARMED,448.0,0,1,80:02:9C:61:97:4B,1,8,138.4,80:02:9C:61:97:4A,8,0,NONE,2026-08-24T16:13:18.551043
45917,BEACON,-89,8,0,802,65384,28964,3848831,0,99,7,0,0,14:33:5C:6D:AF:58,0,0,ARMED,448.0,0,1,80:02:9C:61:97:4B,1,10,97.7,80:02:9C:61:97:4A,8,1,ARP_SPOOF,2026-08-24T16:13:19.108043
45917,,-72,25,292,2482,65384,28964,3849232,0,99,7,0,0,14:33:5C:6D:AF:58,0,0,ARMED,448.0,0,0,80:02:9C:61:97:4B,1,17,180.7,80:02:9C:61:97:4A,8,1,ARP_SPOOF,2026-08-24T16:13:19.509043
45917,BEACON,-92,5,0,3023,65384,28964,3849589,0,99,7,0,0,14:33:5C:6D:AF:58,0,0,ARMED,448.0,0,1,80:02:9C:61:97:4B,1,3,70.5,80:02:9C:61:97:4A,8,1,ARP_SPOOF,2026-08-24T16:13:19.866043
45917,,-53,44,0,43,65384,28964,3850138,0,99,7,0,0,14:33:5C:6D:AF:58,0,0,ARMED,448.0,0,0,80:02:9C:61:97:4B,1,9,114.8,80:02:9C:61:97:4A,8,1,ARP_SPOOF,2026-08-24T16:13:20.415043
45917,BEACON,-85,12,0,818,65384,28964,3850475,0,99,7,0,0,14:33:5C:6D:AF:58,0,0,ARMED,448.0,0,1,80:02:9C:61:97:4B,1,1,160.3,EC:75:0C:53:67:7F,9,1,ARP_SPOOF,2026-08-24T16:13:20.752043
45917,,-68,29,8514,2956,65384,28964,3850803,0,99,7,0,0,14:33:5C:6D:AF:58,0,0,ARMED,448.0,0,1,80:02:9C:61:97:4B,1,16,597.0,EC:75:0C:53:67:7F,9,1,ARP_SPOOF,2026-08-24T16:13:21.080043
45917,,33,33,0,1023,65384,28964,3851230,0,99,7,0,0,14:33:5C:6D:AF:58,0,0,ARMED,448.0,0,0,80:02:9C:61:97:4B,1,9,204.7,EC:75:0C:53:67:7F,9,1,ARP_SPOOF,2026-08-24T16:13:21.507043
45917,BEACON,-87,10,0,829,65384,28964,3851596,0,99,7,0,0,14:33:5C:6D:AF:58,0,0,ARMED,448.0,0,1,80:02:9C:61:97:4B,1,12,117.2,EC:75:0C:53:67:7F,9,1,ARP_SPOOF,2026-08-24T16:13:21.873043
45917,BEACON,-90,7,10018,2995,65384,28964,3852039,0,99,7,0,0,14:33:5C:6D:AF:58,0,0,ARMED,448.0,0,1,80:02:9C:61:97:4B,1,6,171.3,EC:75:0C:53:67:7F,9,1,ARP_SPOOF,2026-08-24T16:13:22.316043
45917,BEACON,-89,8,0,3051,65384,28964,3852454,0,99,7,0,0,14:33:5C:6D:AF:58,0,0,ARMED,448.0,0,0,80:02:9C:61:97:4B,1,9,227.2,EC:75:0C:53:67:7F,9,1,ARP_SPOOF,2026-08-24T16:13:22.731043
45917,,-64,31,0,1827,65384,28964,3852733,0,99,7,0,0,14:33:5C:6D:AF:58,0,0,ARMED,448.0,0,0,80:02:9C:61:97:4B,1,3,271.8,EC:75:0C:53:67:7F,9,1,ARP_SPOOF,2026-08-24T16:13:23.010043
45917,BEACON,-86,11,0,3367,65384,28964,3853013,0,99,7,0,0,14:33:5C:6D:AF:58,0,0,ARMED,448.0,0,1,80:02:9C:61:97:4B,1,10,114.1,EC:75:0C:53:67:7F,9,1,ARP_SPOOF,2026-08-24T16:13:23.290043
45917,MGMT_OTHER,-71,26,22454,0,65384,28964,3853368,0,99,7,0,0,14:33:5C:6D:AF:58,0,0,ARMED,448.0,0,0,80:02:9C:61:97:4B,1,6,192.0,EC:75:0C:53:67:7F,9,1,ARP_SPOOF,2026-08-24T16:13:23.645043
45917,BEACON,-89,8,0,3064,65384,28964,3853786,0,99,7,0,0,14:33:5C:6D:AF:58,0,0,ARMED,448.0,0,0,80:02:9C:61:97:4B,1,5,126.0,EC:75:0C:53:67:7F,9,1,ARP_SPOOF,2026-08-24T16:13:24.063043
45917,,-78,19,2524,336,65384,28964,3854215,0,99,7,0,0,14:33:5C:6D:AF:58,0,0,ARMED,448.0,0,1,80:02:9C:61:97:4B,1,8,135.1,EC:75:0C:53:67:7F,9,1,ARP_SPOOF,2026-08-24T16:13:24.492043
45917,BEACON,-90,7,0,3021,65384,28964,3854702,0,99,7,0,0,14:33:5C:6D:AF:58,0,0,ARMED,448.0,0,1,80:02:9C:61:97:4B,1,5,146.3,EC:75:0C:53:67:7F,9,1,ARP_SPOOF,2026-08-24T16:13:24.979043
45917,,-50,47,89369,49,65384,28964,3855134,0,99,7,0,0,14:33:5C:6D:AF:58,0,0,ARMED,448.0,0,1,80:02:9C:61:97:4B,1,5,87.6,EC:75:0C:53:67:7F,9,1,ARP_SPOOF,2026-08-24T16:13:25.411043
45917,BEACON,-94,3,0,3082,65384,28964,3855631,0,99,7,0,0,14:33:5C:6D:AF:58,0,0,ARMED,448.0,0,1,80:02:9C:61:97:4B,1,5,119.7,EC:75:0C:53:67:7F,9,1,ARP_SPOOF,2026-08-24T16:13:25.908043
45917,,-50,47,27608,51,65384,28964,3856142,0,99,7,0,0,14:33:5C:6D:AF:58,0,0,ARMED,448.0,0,1,80:02:9C:61:97:4B,1,6,145.5,EC:75:0C:53:67:7F,9,1,ARP_SPOOF,2026-08-24T16:13:26.419043
45917,BEACON,-78,19,0,2936,65384,28964,3856639,0,99,7,0,0,14:33:5C:6D:AF:58,0,0,ARMED,448.0,0,1,80:02:9C:61:97:4B,1,2,75.0,EC:75:0C:53:67:7F,9,1,ARP_SPOOF,2026-08-24T16:13:26.916043
45917,BEACON,-90,7,110223,3095,65384,28964,3856959,0,99,7,0,0,14:33:5C:6D:AF:58,0,0,ARMED,448.0,0,0,80:02:9C:61:97:4B,1,7,176.0,EC:75:0C:53:67:7F,9,1,ARP_SPOOF,2026-08-24T16:13:27.236043
45917,BEACON,-61,36,0,1882,65384,28964,3857639,0,99,7,0,0,14:33:5C:6D:AF:58,0,0,ARMED,448.0,0,1,80:02:9C:61:97:4B,1,1,478.2,EC:75:0C:53:67:7F,9,1,ARP_SPOOF,2026-08-24T16:13:27.916043
45917,,-78,19,0,1245,65384,28964,3857779,0,99,7,0,0,14:33:5C:6D:AF:58,0,1,ARMED,448.0,0,1,80:02:9C:61:97:4B,1,15,376.6,EC:75:0C:53:67:7F,9,1,ARP_SPOOF,2026-08-24T16:13:28.056043
45917,BEACON,-90,7,0,3107,65384,28964,3858191,0,99,7,0,0,14:33:5C:6D:AF:58,0,0,ARMED,448.0,0,0,80:02:9C:61:97:4B,1,5,119.6,EC:75:0C:53:67:7F,9,1,ARP_SPOOF,2026-08-24T16:13:28.468043
45917,BEACON,-90,7,0,3113,65384,28964,3858803,0,99,7,0,0,14:33:5C:6D:AF:58,0,0,ARMED,448.0,0,0,80:02:9C:61:97:4B,1,6,153.0,EC:75:0C:53:67:7F,9,1,ARP_SPOOF,2026-08-24T16:13:29.080043
45917,MGMT_OTHER,-92,5,10019,1775,65384,28964,3859384,0,99,7,0,0,14:33:5C:6D:AF:58,0,0,ARMED,448.0,0,1,80:02:9C:61:97:4B,1,2,304.1,EC:75:0C:53:67:7F,9,1,ARP_SPOOF,2026-08-24T16:13:29.661043
45917,BEACON,-86,11,798,3439,65384,28964,3859976,0,99,7,0,0,14:33:5C:6D:AF:58,0,0,ARMED,448.0,0,1,80:02:9C:61:97:4B,1,6,69.7,EC:75:0C:53:67:7F,9,1,ARP_SPOOF,2026-08-24T16:13:30.253043
45917,BEACON,-89,8,19979,914,65384,28964,3860300,0,99,7,0,0,14:33:5C:6D:AF:58,0,0,ARMED,448.0,0,1,80:02:9C:61:97:4B,1,7,68.4,EC:75:0C:53:67:7F,9,1,ARP_SPOOF,2026-08-24T16:13:30.577043
45917,,34,34,0,3681,65384,28964,3860700,0,99,7,0,0,14:33:5C:6D:AF:58,0,0,ARMED,448.0,0,0,80:02:9C:61:97:4B,1,24,258.1,EC:75:0C:53:67:7F,9,1,ARP_SPOOF,2026-08-24T16:13:30.977043
45917,BEACON,-85,12,0,3451,65384,28964,3861102,0,99,7,0,0,14:33:5C:6D:AF:58,0,0,ARMED,448.0,0,1,80:02:9C:61:97:4B,1,5,82.9,EC:75:0C:53:67:7F,9,1,ARP_SPOOF,2026-08-24T16:13:31.379043
45917,BEACON,-91,6,0,3137,65384,28964,3861262,0,99,7,0,0,14:33:5C:6D:AF:58,0,1,ARMED,448.0,0,0,80:02:9C:61:97:4B,1,2,132.7,EC:75:0C:53:67:7F,9,1,ARP_SPOOF,2026-08-24T16:13:31.539043
45917,BEACON,-62,35,0,1924,65384,28964,3861633,0,99,7,0,0,14:33:5C:6D:AF:58,0,0,ARMED,448.0,0,1,80:02:9C:61:97:4B,1,10,127.1,EC:75:0C:53:67:7F,9,1,ARP_SPOOF,2026-08-24T16:13:31.910043
45917,BEACON,-91,6,96,3144,65384,28964,3861980,0,99,7,0,0,14:33:5C:6D:AF:58,0,0,ARMED,448.0,0,1,80:02:9C:61:97:4B,1,2,124.6,EC:75:0C:53:67:7F,9,1,ARP_SPOOF,2026-08-24T16:13:32.257043
45917,BEACON,-92,5,0,3148,65384,28964,3862389,0,99,7,0,0,14:33:5C:6D:AF:58,0,0,ARMED,448.0,0,0,80:02:9C:61:97:4B,1,2,124.8,EC:75:0C:53:67:7F,9,1,ARP_SPOOF,2026-08-24T16:13:32.666043
45917,,-45,52,429,177,65384,28964,3862597,0,99,7,0,0,14:33:5C:6D:AF:58,0,0,ARMED,448.0,0,1,80:02:9C:61:97:4B,1,6,310.2,EC:75:0C:53:67:7F,9,1,ARP_SPOOF,2026-08-24T16:13:32.874043
45917,,-43,54,41108,2236,65384,28964,3862819,0,99,7,0,0,14:33:5C:6D:AF:58,0,1,ARMED,448.0,0,1,80:02:9C:61:97:4B,1,3,83.1,EC:75:0C:53:67:7F,9,1,ARP_SPOOF,2026-08-24T16:13:33.096043
45917,,34,34,0,3683,65384,28964,3863092,0,99,7,0,0,14:33:5C:6D:AF:58,0,0,ARMED,448.0,0,1,80:02:9C:61:97:4B,1,6,3807.1,EC:75:0C:53:67:7F,9,1,ARP_SPOOF,2026-08-24T16:13:33.369043
45917,BEACON,-92,5,0,3157,65384,28964,3863311,0,99,7,0,0,14:33:5C:6D:AF:58,0,0,ARMED,448.0,0,0,80:02:9C:61:97:4B,1,2,125.0,EC:75:0C:53:67:7F,9,1,ARP_SPOOF,2026-08-24T16:13:33.588043
45917,,33,33,0,3003,65384,28964,3863520,0,99,7,0,0,14:33:5C:6D:AF:58,0,0,ARMED,448.0,0,0,80:02:9C:61:97:4B,1,4,193.3,EC:75:0C:53:67:7F,9,1,ARP_SPOOF,2026-08-24T16:13:33.797043
45917,,33,33,0,1023,65384,28964,3863665,0,99,7,0,0,14:33:5C:6D:AF:58,0,0,ARMED,448.0,0,0,80:02:9C:61:97:4B,1,33,525.5,EC:75:0C:53:67:7F,9,1,ARP_SPOOF,2026-08-24T16:13:33.942043
45917,,33,33,0,1023,65384,28964,3863713,0,99,7,0,0,14:33:5C:6D:AF:58,0,1,ARMED,448.0,0,1,80:02:9C:61:97:4B,1,12,1373.5,EC:75:0C:53:67:7F,9,1,ARP_SPOOF,2026-08-24T16:13:33.990043
45917,BEACON,-62,35,0,1970,65384,28964,3864090,0,99,7,0,0,14:33:5C:6D:AF:58,0,0,ARMED,448.0,0,1,80:02:9C:61:97:4B,1,10,127.1,EC:75:0C:53:67:7F,9,1,ARP_SPOOF,2026-08-24T16:13:34.367043
45917,AUTH,-93,4,9978,1328,65384,28964,3864486,0,99,7,0,0,14:33:5C:6D:AF:58,0,0,ARMED,448.0,0,1,80:02:9C:61:97:4B,1,4,61.9,EC:75:0C:53:67:7F,9,1,ARP_SPOOF,2026-08-24T16:13:34.763043
45917,,34,34,0,3685,65312,28964,3864730,0,99,7,0,0,14:33:5C:6D:AF:58,0,1,ARMED,448.0,0,1,80:02:9C:61:97:4B,1,29,278.1,EC:75:0C:53:67:7F,9,1,ARP_SPOOF,2026-08-24T16:13:35.007043
45917,,-45,52,2027,218,65384,28964,3864781,0,99,7,0,0,14:33:5C:6D:AF:58,0,1,ARMED,448.0,0,0,80:02:9C:61:97:4B,1,50,987.5,EC:75:0C:53:67:7F,9,1,ARP_SPOOF,2026-08-24T16:13:35.058043
45917,,-53,44,0,61,65384,28964,3865118,0,99,7,0,0,14:33:5C:6D:AF:58,0,0,ARMED,448.0,0,0,80:02:9C:61:97:4B,1,8,97.2,EC:75:0C:53:67:7F,9,1,ARP_SPOOF,2026-08-24T16:13:35.395043
45917,BEACON,-61,36,0,1987,65384,28964,3865422,0,99,7,0,0,14:33:5C:6D:AF:58,0,0,ARMED,448.0,0,1,80:02:9C:61:97:4B,1,22,279.7,80:02:9C:61:97:4A,10,1,ARP_SPOOF,2026-08-24T16:13:35.699043
45917,,-86,11,102,3201,65384,28964,3865810,0,99,7,0,0,14:33:5C:6D:AF:58,0,0,ARMED,448.0,0,1,80:02:9C:61:97:4B,1,10,173.3,80:02:9C:61:97:4A,10,1,ARP_SPOOF,2026-08-24T16:13:36.087043
45917,,34,34,0,32,65384,28964,3866024,0,99,7,0,0,14:33:5C:6D:AF:58,0,0,ARMED,448.0,0,0,80:02:9C:61:97:4B,1,27,405.7,80:02:9C:61:97:4A,10,1,ARP_SPOOF,2026-08-24T16:13:36.301043
45917,BEACON,-92,5,0,3134,65384,28964,3866273,0,99,7,0,0,14:33:5C:6D:AF:58,0,0,ARMED,448.0,0,1,80:02:9C:61:97:4B,1,2,239.6,80:02:9C:61:97:4A,10,1,ARP_SPOOF,2026-08-24T16:13:36.550043
45917,BEACON,-78,19,82,3035,65384,28964,3866777,0,99,7,0,0,14:33:5C:6D:AF:58,0,0,ARMED,448.0,0,1,80:02:9C:61:97:4B,1,12,117.3,80:02:9C:61:97:4A,10,1,ARP_SPOOF,2026-08-24T16:13:37.054043
45917,BEACON,-78,19,0,3039,65384,28964,3867186,0,99,7,0,0,14:33:5C:6D:AF:58,0,0,ARMED,448.0,0,1,80:02:9C:61:97:4B,1,17,166.1,80:02:9C:61:97:4A,10,1,ARP_SPOOF,2026-08-24T16:13:37.463043
45917,BEACON,-64,33,0,2010,65384,28964,3867572,0,99,7,0,0,14:33:5C:6D:AF:58,0,0,ARMED,448.0,0,1,80:02:9C:61:97:4B,1,16,203.3,80:02:9C:61:97:4A,10,1,ARP_SPOOF,2026-08-24T16:13:37.849043
45917,,34,34,0,1023,65384,28964,3867812,0,99,7,0,0,14:33:5C:6D:AF:58,0,1,ARMED,448.0,0,1,80:02:9C:61:97:4B,1,4,341.9,80:02:9C:61:97:4A,10,1,ARP_SPOOF,2026-08-24T16:13:38.089043
45917,,-78,19,16509,3766,65384,28964,3868090,0,99,7,0,0,14:33:5C:6D:AF:58,0,0,ARMED,448.0,0,1,80:02:9C:61:97:4B,1,23,269.9,80:02:9C:61:97:4A,10,1,ARP_SPOOF,2026-08-24T16:13:38.367043
45917,,-76,21,581,3566,65384,28964,3868283,0,99,7,0,0,14:33:5C:6D:AF:58,0,0,ARMED,448.0,0,1,80:02:9C:61:97:4B,1,25,340.5,80:02:9C:61:97:4A,10,1,ARP_SPOOF,2026-08-24T16:13:38.560043
45917,PROBE_RESP,-78,19,0,1265,65384,28964,3868581,0,99,7,0,0,14:33:5C:6D:AF:58,0,0,ARMED,448.0,0,1,80:02:9C:61:97:4B,1,20,293.2,80:02:9C:61:97:4A,10,1,ARP_SPOOF,2026-08-24T16:13:38.858043
45917,BEACON,-90,7,0,3213,65384,28964,3869045,0,99,7,0,0,14:33:5C:6D:AF:58,0,0,ARMED,448.0,0,0,80:02:9C:61:97:4B,1,2,124.9,80:02:9C:61:97:4A,10,1,ARP_SPOOF,2026-08-24T16:13:39.322043
45917,BEACON,-79,18,0,3062,65384,28964,3869541,0,99,7,0,0,14:33:5C:6D:AF:58,0,0,ARMED,448.0,0,1,80:02:9C:61:97:4B,1,6,58.6,80:02:9C:61:97:4A,10,1,ARP_SPOOF,2026-08-24T16:13:39.818043
45917,BEACON,-90,7,0,3221,65384,28964,3869864,0,99,7,0,0,14:33:5C:6D:AF:58,0,0,ARMED,448.0,0,0,80:02:9C:61:97:4B,1,2,125.0,80:02:9C:61:97:4A,10,1,ARP_SPOOF,2026-08-24T16:13:40.141043
45917,BEACON,-89,8,0,1013,65384,28964,3870437,0,99,7,0,0,14:33:5C:6D:AF:58,0,0,ARMED,448.0,0,1,80:02:9C:61:97:4B,1,6,78.5,80:02:9C:61:97:4A,10,1,ARP_SPOOF,2026-08-24T16:13:40.714043
45917,BEACON,-85,12,0,3553,65384,28964,3870933,0,99,7,0,0,14:33:5C:6D:AF:58,0,0,ARMED,448.0,0,1,80:02:9C:61:97:4B,1,5,82.9,80:02:9C:61:97:4A,10,1,ARP_SPOOF,2026-08-24T16:13:41.210043
45917,,-58,39,0,620,65384,28964,3871470,0,99,7,0,0,14:33:5C:6D:AF:58,0,0,ARMED,448.0,0,0,80:02:9C:61:97:4B,1,10,116.4,80:02:9C:61:97:4A,10,0,NONE,2026-08-24T16:13:41.747043
45917,,-59,38,0,637,65384,28964,3871722,0,99,7,0,0,14:33:5C:6D:AF:58,0,0,ARMED,448.0,0,0,80:02:9C:61:97:4B,1,8,266.5,80:02:9C:61:97:4A,10,0,NONE,2026-08-24T16:13:41.999043
45917,BEACON,-90,7,0,3243,65384,28964,3872117,0,99,7,0,0,14:33:5C:6D:AF:58,0,0,ARMED,448.0,0,0,80:02:9C:61:97:4B,1,2,125.2,80:02:9C:61:97:4A,10,0,NONE,2026-08-24T16:13:42.394043
45917,BEACON,-58,39,0,2073,65384,28964,3872692,0,99,7,0,0,14:33:5C:6D:AF:58,0,0,ARMED,448.0,0,1,80:02:9C:61:97:4B,1,5,63.6,80:02:9C:61:97:4A,10,0,NONE,2026-08-24T16:13:42.969043
45917,,-57,40,0,2077,63652,28964,3873002,0,99,7,0,0,14:33:5C:6D:AF:58,1,1,ARMED,448.0,0,0,80:02:9C:61:97:4B,1,15,183.1,80:02:9C:61:97:4A,10,0,NONE,2026-08-24T16:13:43.279043
45917,BEACON,-90,7,0,3256,65384,28964,3873448,0,99,7,0,0,14:33:5C:6D:AF:58,0,0,ARMED,448.0,0,0,80:02:9C:61:97:4B,1,1,130.6,80:02:9C:61:97:4A,10,0,NONE,2026-08-24T16:13:43.725043
45917,BEACON,-89,8,8684,1047,65384,28964,3873919,0,99,7,0,0,14:33:5C:6D:AF:58,0,0,ARMED,448.0,0,1,80:02:9C:61:97:4B,1,4,58.7,80:02:9C:61:97:4A,10,0,NONE,2026-08-24T16:13:44.196043
45917,BEACON,-88,9,0,1050,65384,28964,3874226,0,99,7,0,0,14:33:5C:6D:AF:58,0,0,ARMED,448.0,0,1,80:02:9C:61:97:4B,1,7,111.4,80:02:9C:61:97:4A,10,0,NONE,2026-08-24T16:13:44.503043
45917,BEACON,-85,12,0,2136,65384,28964,3874623,0,99,7,0,0,14:33:5C:6D:AF:58,0,0,ARMED,448.0,0,1,80:02:9C:61:97:4B,1,3,60.9,80:02:9C:61:97:4A,10,0,NONE,2026-08-24T16:13:44.900043
45917,BEACON,-58,39,0,2117,65384,28964,3874945,0,99,7,0,0,14:33:5C:6D:AF:58,0,0,ARMED,448.0,0,1,80:02:9C:61:97:4B,1,21,335.3,80:02:9C:61:97:4A,10,0,NONE,2026-08-24T16:13:45.222043
45917,,32,32,0,3119,65384,28964,3875448,0,99,7,0,0,14:33:5C:6D:AF:58,0,0,ARMED,448.0,0,0,80:02:9C:61:97:4B,1,3,307.9,80:02:9C:61:97:4A,10,0,NONE,2026-08-24T16:13:45.725043
45917,,-91,6,19998,2559,65384,28964,3876034,0,99,7,0,0,14:33:5C:6D:AF:58,0,0,ARMED,448.0,0,1,80:02:9C:61:97:4B,1,6,89.2,80:02:9C:61:97:4A,10,0,NONE,2026-08-24T16:13:46.311043
45917,DEAUTH,-91,6,2744,676,65384,28964,3876485,0,99,7,0,0,14:33:5C:6D:AF:58,0,0,ARMED,448.0,0,1,80:02:9C:61:97:4B,1,15,1876.4,80:02:9C:61:97:4A,10,0,NONE,2026-08-24T16:13:46.762043
45917,BEACON,-57,40,0,2142,65384,28964,3876993,0,99,7,0,0,14:33:5C:6D:AF:58,0,0,ARMED,448.0,0,1,80:02:9C:61:97:4B,1,1,484.7,80:02:9C:61:97:4A,10,0,NONE,2026-08-24T16:13:47.270043
45917,BEACON,-88,9,0,3298,65384,28964,3877746,0,99,7,0,0,14:33:5C:6D:AF:58,0,0,ARMED,448.0,0,0,80:02:9C:61:97:4B,1,4,103.7,80:02:9C:61:97:4A,10,0,NONE,2026-08-24T16:13:48.023043
45917,BEACON,-91,6,0,3301,65384,28964,3878053,0,99,7,0,0,14:33:5C:6D:AF:58,0,0,ARMED,448.0,0,0,80:02:9C:61:97:4B,1,7,181.1,80:02:9C:61:97:4A,10,0,NONE,2026-08-24T16:13:48.330043
45917,,-76,21,63493,525,65384,28964,3878408,0,99,7,0,0,14:33:5C:6D:AF:58,0,0,ARMED,448.0,0,1,80:02:9C:61:97:4B,1,7,80.7,80:02:9C:61:97:4A,10,0,NONE,2026-08-24T16:13:48.685043
45917,BEACON,-88,9,0,1094,65384,28964,3878732,0,99,7,0,0,14:33:5C:6D:AF:58,0,0,ARMED,448.0,0,1,80:02:9C:61:97:4B,1,5,65.2,80:02:9C:61:97:4A,10,0,NONE,2026-08-24T16:13:49.009043
45917,BEACON,-85,12,0,3638,65384,28964,3879022,0,99,7,0,0,14:33:5C:6D:AF:58,0,0,ARMED,448.0,0,1,80:02:9C:61:97:4B,1,17,289.0,80:02:9C:61:97:4A,10,0,NONE,2026-08-24T16:13:49.299043
45917,BEACON,-86,11,0,3643,65384,28964,3879534,0,99,7,0,0,14:33:5C:6D:AF:58,0,0,ARMED,448.0,0,1,80:02:9C:61:97:4B,1,4,66.3,80:02:9C:61:97:4A,10,0,NONE,2026-08-24T16:13:49.811043
45917,BEACON,-84,13,0,2304,65384,28964,3880042,0,99,7,0,0,14:33:5C:6D:AF:58,0,0,ARMED,448.0,0,1,80:02:9C:61:97:4B,1,4,70.8,80:02:9C:61:97:4A,10,0,NONE,2026-08-24T16:13:50.319043
45917,,-95,2,21221,129,65384,28964,3880514,0,99,7,0,0,14:33:5C:6D:AF:58,0,0,ARMED,448.0,0,1,80:02:9C:61:97:4B,1,3,182.3,80:02:9C:61:97:4A,10,0,NONE,2026-08-24T16:13:50.791043
45917,,-76,21,31542,728,65384,28964,3880948,0,99,7,0,0,14:33:5C:6D:AF:58,0,0,ARMED,448.0,0,1,80:02:9C:61:97:4B,1,4,99.4,80:02:9C:61:97:4A,10,0,NONE,2026-08-24T16:13:51.225043
45917,BEACON,-91,6,100885,3283,65384,28964,3881530,0,99,7,0,0,14:33:5C:6D:AF:58,0,0,ARMED,448.0,0,1,80:02:9C:61:97:4B,1,1,118.8,80:02:9C:61:97:4A,10,0,NONE,2026-08-24T16:13:51.807043
45917,,-57,40,651,738,65384,28964,3882019,0,99,7,0,0,14:33:5C:6D:AF:58,0,0,ARMED,448.0,0,0,80:02:9C:61:97:4B,1,10,114.4,80:02:9C:61:97:4A,10,0,NONE,2026-08-24T16:13:52.296043
45917,BEACON,-91,6,0,3343,65384,28964,3882354,0,99,7,0,0,14:33:5C:6D:AF:58,0,0,ARMED,448.0,0,1,80:02:9C:61:97:4B,1,1,261.2,80:02:9C:61:97:4A,10,0,NONE,2026-08-24T16:13:52.631043
45917,MGMT_OTHER,-89,8,30022,1308,65384,28964,3882746,0,99,7,0,0,14:33:5C:6D:AF:58,1,0,ARMED,448.0,0,1,80:02:9C:61:97:4B,1,10,112.4,80:02:9C:61:97:4A,10,0,NONE,2026-08-24T16:13:53.023043
45917,,-81,16,17839,3188,65384,28964,3883115,0,99,7,0,0,14:33:5C:6D:AF:58,0,0,ARMED,448.0,0,1,80:02:9C:61:97:4B,1,15,146.5,80:02:9C:61:97:4A,10,0,NONE,2026-08-24T16:13:53.392043
45917,BEACON,-85,12,0,3683,65384,28964,3883426,0,99,7,0,0,14:33:5C:6D:AF:58,0,0,ARMED,448.0,0,1,80:02:9C:61:97:4B,1,10,94.1,80:02:9C:61:97:4A,10,0,NONE,2026-08-24T16:13:53.703043
45917,,-85,12,0,3193,65384,28964,3883695,0,99,7,0,0,14:33:5C:6D:AF:58,0,0,ARMED,448.0,0,0,80:02:9C:61:97:4B,1,16,330.6,80:02:9C:61:97:4A,10,0,NONE,2026-08-24T16:13:53.972043
45917,,-45,52,166,2443,65384,28964,3884021,0,99,7,0,0,14:33:5C:6D:AF:58,0,0,ARMED,448.0,0,0,80:02:9C:61:97:4B,1,13,192.4,80:02:9C:61:97:4A,10,0,NONE,2026-08-24T16:13:54.298043
45917,,-86,11,0,3236,65384,28964,3884447,0,99,7,0,0,14:33:5C:6D:AF:58,0,0,ARMED,448.0,0,1,80:02:9C:61:97:4B,1,7,83.7,80:02:9C:61:97:4A,10,0,NONE,2026-08-24T16:13:54.724043
45917,,-40,57,16625,2446,65384,28964,3884792,0,99,7,0,0,14:33:5C:6D:AF:58,0,0,ARMED,448.0,0,1,80:02:9C:61:97:4B,1,8,425.2,80:02:9C:61:97:4A,10,0,NONE,2026-08-24T16:13:55.069043
45917,BEACON,-87,10,0,1156,65384,28964,3885080,0,99,7,0,0,14:33:5C:6D:AF:58,0,0,ARMED,448.0,0,1,80:02:9C:61:97:4B,1,15,146.5,80:02:9C:61:97:4A,10,0,NONE,2026-08-24T16:13:55.357043
45917,,-76,21,292,3051,65384,28964,3885377,0,99,7,0,0,14:33:5C:6D:AF:58,0,0,ARMED,448.0,0,1,80:02:9C:61:97:4B,1,25,271.5,80:02:9C:61:97:4A,10,0,NONE,2026-08-24T16:13:55.654043
45917,,-91,6,20995,2342,65384,28964,3885665,0,99,7,0,0,14:33:5C:6D:AF:58,0,0,ARMED,448.0,0,1,80:02:9C:61:97:4B,1,4,85.1,80:02:9C:61:97:4A,10,0,NONE,2026-08-24T16:13:55.942043
45917,,38,38,0,4091,65384,28964,3885997,0,99,7,0,0,14:33:5C:6D:AF:58,0,0,ARMED,448.0,0,0,80:02:9C:61:97:4B,1,24,334.6,80:02:9C:61:97:4A,10,0,NONE,2026-08-24T16:13:56.274043
45917,,-90,7,49106,3936,65384,28964,3886534,0,99,7,0,0,14:33:5C:6D:AF:58,0,0,ARMED,448.0,0,1,80:02:9C:61:97:4B,1,6,62.0,80:02:9C:61:97:4A,10,0,NONE,2026-08-24T16:13:56.811043
45917,BEACON,-89,8,39984,3337,65384,28964,3887060,0,99,7,0,0,14:33:5C:6D:AF:58,0,0,ARMED,448.0,0,1,80:02:9C:61:97:4B,1,1,118.6,80:02:9C:61:97:4A,10,0,NONE,2026-08-24T16:13:57.337043
45917,BEACON,-78,19,50,3236,65384,28964,3887359,0,99,7,0,0,14:33:5C:6D:AF:58,0,0,ARMED,448.0,0,1,80:02:9C:61:97:4B,1,15,146.4,80:02:9C:61:97:4A,10,0,NONE,2026-08-24T16:13:57.636043
45917,,31,31,0,1023,65384,28964,3887789,0,99,7,0,0,14:33:5C:6D:AF:58,0,0,ARMED,448.0,0,0,80:02:9C:61:97:4B,1,8,389.9,80:02:9C:61:97:4A,10,0,NONE,2026-08-24T16:13:58.066043
45917,,31,31,0,3707,65384,28964,3888030,0,99,7,0,0,14:33:5C:6D:AF:58,0,0,ARMED,448.0,0,0,80:02:9C:61:97:4B,1,21,367.2,80:02:9C:61:97:4A,10,0,NONE,2026-08-24T16:13:58.307043
45917,BEACON,-91,6,68598,3349,65384,28964,3888289,0,99,7,0,0,14:33:5C:6D:AF:58,0,0,ARMED,448.0,0,1,80:02:9C:61:97:4B,1,1,118.3,80:02:9C:61:97:4A,10,0,NONE,2026-08-24T16:13:58.566043
45917,BEACON,-86,11,0,2274,65384,28964,3888754,0,99,7,0,0,14:33:5C:6D:AF:58,0,0,ARMED,448.0,0,1,80:02:9C:61:97:4B,1,5,77.8,80:02:9C:61:97:4A,10,0,NONE,2026-08-24T16:13:59.031043
45917,BEACON,-92,5,63,3355,65384,28964,3888903,0,99,7,0,0,14:33:5C:6D:AF:58,0,1,ARMED,448.0,0,1,80:02:9C:61:97:4B,1,5,593.8,80:02:9C:61:97:4A,10,0,NONE,2026-08-24T16:13:59.180043
45917,BEACON,-56,41,0,2312,65384,28964,3889175,0,99,7,0,0,14:33:5C:6D:AF:58,0,0,ARMED,448.0,0,0,80:02:9C:61:97:4B,1,14,184.7,80:02:9C:61:97:4A,10,0,NONE,2026-08-24T16:13:59.452043
45917,BEACON,-86,11,0,2283,65384,28964,3889676,0,99,7,0,0,14:33:5C:6D:AF:58,0,0,ARMED,448.0,0,1,80:02:9C:61:97:4B,1,4,62.3,80:02:9C:61:97:4A,10,0,NONE,2026-08-24T16:13:59.953043
45917,,-40,57,43184,2493,65384,28964,3890317,0,99,7,0,0,14:33:5C:6D:AF:58,0,0,ARMED,448.0,0,1,80:02:9C:61:97:4B,1,10,110.2,80:02:9C:61:97:4A,10,0,NONE,2026-08-24T16:14:00.594043
45917,,-71,26,10001,1048,65384,28964,3890673,0,99,7,0,0,14:33:5C:6D:AF:58,0,0,ARMED,448.0,0,1,80:02:9C:61:97:4B,1,4,107.2,80:02:9C:61:97:4A,10,0,NONE,2026-08-24T16:14:00.950043
45917,,-57,40,156,2275,65384,28964,3891123,0,99,7,0,0,14:33:5C:6D:AF:58,0,0,ARMED,448.0,0,1,80:02:9C:61:97:4B,1,7,90.3,80:02:9C:61:97:4A,10,0,NONE,2026-08-24T16:14:01.400043
45917,,-86,11,0,3134,65384,28964,3891514,0,99,7,0,0,14:33:5C:6D:AF:58,0,0,ARMED,448.0,0,1,80:02:9C:61:97:4B,1,8,136.5,80:02:9C:61:97:4A,10,0,NONE,2026-08-24T16:14:01.791043
45917,,-88,9,3506,2408,65384,28964,3891844,0,99,7,0,0,14:33:5C:6D:AF:58,0,0,ARMED,448.0,0,1,80:02:9C:61:97:4B,1,16,192.7,80:02:9C:61:97:4A,10,0,NONE,2026-08-24T16:14:02.121043
45917,,-75,22,292,3157,65384,28964,3892415,0,99,7,0,0,14:33:5C:6D:AF:58,0,0,ARMED,448.0,0,0,80:02:9C:61:97:4B,1,8,207.1,80:02:9C:61:97:4A,10,0,NONE,2026-08-24T16:14:02.692043
45917,,-86,11,16351,1833,65384,28964,3892853,0,99,7,0,0,14:33:5C:6D:AF:58,0,0,ARMED,448.0,0,1,80:02:9C:61:97:4B,1,8,118.6,80:02:9C:61:97:4A,10,0,NONE,2026-08-24T16:14:03.130043
45917,,-57,40,1013,857,65384,28964,3893130,0,99,7,0,0,14:33:5C:6D:AF:58,0,0,ARMED,448.0,0,0,80:02:9C:61:97:4B,1,14,383.1,80:02:9C:61:97:4A,10,0,NONE,2026-08-24T16:14:03.407043
45917,,40,40,0,2366,65368,28964,3893381,0,99,7,0,0,14:33:5C:6D:AF:58,0,0,ARMED,448.0,0,0,80:02:9C:61:97:4B,1,8,96.7,80:02:9C:61:97:4A,10,0,NONE,2026-08-24T16:14:03.658043
45917,,40,40,0,2366,65368,28964,3893381,0,99,7,0,0,14:33:5C:6D:AF:58,0,0,ARMED,448.0,0,0,80:02:9C:61:97:4B,1,8,96.7,80:02:9C:61:97:4A,10,0,NONE,2026-08-24T16:14:03.658043
45917,BEACON,-89,8,10101,1241,65384,28964,3893784,0,99,7,0,0,14:33:5C:6D:AF:58,0,0,ARMED,448.0,0,1,80:02:9C:61:97:4B,1,8,104.8,80:02:9C:61:97:4A,10,0,NONE,2026-08-24T16:14:04.061043
45917,,-57,40,994,2020,65384,28964,3894105,0,99,7,0,0,14:33:5C:6D:AF:58,0,0,ARMED,448.0,0,1,80:02:9C:61:97:4B,1,25,276.1,80:02:9C:61:97:4A,10,0,NONE,2026-08-24T16:14:04.382043
45917,BEACON,-91,6,0,3410,65384,28964,3894535,0,99,7,0,0,14:33:5C:6D:AF:58,0,0,ARMED,448.0,0,1,80:02:9C:61:97:4B,1,1,118.8,80:02:9C:61:97:4A,10,0,NONE,2026-08-24T16:14:04.812043
45917,BEACON,-94,3,0,3467,65384,28964,3895055,0,99,7,0,0,14:33:5C:6D:AF:58,0,0,ARMED,448.0,0,0,80:02:9C:61:97:4B,1,2,124.8,80:02:9C:61:97:4A,10,0,NONE,2026-08-24T16:14:05.332043
45917,,-71,26,29062,1051,65384,28964,3895204,0,99,7,0,0,14:33:5C:6D:AF:58,0,1,ARMED,448.0,0,1,80:02:9C:61:97:4B,1,11,172.1,80:02:9C:61:97:4A,10,0,NONE,2026-08-24T16:14:05.481043
45917,,-73,24,291,3228,65384,28964,3895773,0,99,7,0,0,14:33:5C:6D:AF:58,0,0,ARMED,448.0,0,0,80:02:9C:61:97:4B,1,3,176.5,80:02:9C:61:97:4A,10,0,NONE,2026-08-24T16:14:06.050043
45917,,-80,17,292,3257,65384,28964,3896026,0,99,7,0,0,14:33:5C:6D:AF:58,0,0,ARMED,448.0,0,0,80:02:9C:61:97:4B,1,7,107.4,80:02:9C:61:97:4A,10,0,NONE,2026-08-24T16:14:06.303043
45917,,-57,40,6662,2022,65384,28964,3896462,0,99,7,0,0,14:33:5C:6D:AF:58,0,0,ARMED,448.0,0,1,80:02:9C:61:97:4B,1,16,174.6,80:02:9C:61:97:4A,10,0,NONE,2026-08-24T16:14:06.739043
45917,BEACON,-90,7,0,1271,65384,28964,3896856,0,99,7,0,0,14:33:5C:6D:AF:58,0,0,ARMED,448.0,0,1,80:02:9C:61:97:4B,1,6,78.6,80:02:9C:61:97:4A,10,0,NONE,2026-08-24T16:14:07.133043
45917,BEACON,-87,10,0,1275,65384,28964,3897266,0,99,7,0,0,14:33:5C:6D:AF:58,0,0,ARMED,448.0,0,1,80:02:9C:61:97:4B,1,12,157.2,80:02:9C:61:97:4A,10,0,NONE,2026-08-24T16:14:07.543043
45917,,-78,19,8088,3230,65384,28964,3897530,0,99,7,0,0,14:33:5C:6D:AF:58,0,0,ARMED,448.0,0,0,80:02:9C:61:97:4B,1,10,293.3,80:02:9C:61:97:4A,10,0,NONE,2026-08-24T16:14:07.807043
45917,,-80,17,658,3237,65384,28964,3897903,0,99,7,0,0,14:33:5C:6D:AF:58,0,0,ARMED,448.0,0,0,80:02:9C:61:97:4B,1,16,160.3,80:02:9C:61:97:4A,10,0,NONE,2026-08-24T16:14:08.180043
45917,BEACON,-84,13,0,3837,65384,28964,3898069,0,99,7,0,0,14:33:5C:6D:AF:58,0,0,ARMED,448.0,0,1,80:02:9C:61:97:4B,1,33,547.2,80:02:9C:61:97:4A,10,0,NONE,2026-08-24T16:14:08.346043
45917,,-61,36,0,3292,65384,28964,3898330,0,99,7,0,0,14:33:5C:6D:AF:58,0,0,ARMED,448.0,0,0,80:02:9C:61:97:4B,1,11,754.1,80:02:9C:61:97:4A,10,0,NONE,2026-08-24T16:14:08.607043
45917,,-67,30,0,1062,65384,28964,3898454,0,99,7,0,0,14:33:5C:6D:AF:58,0,1,ARMED,448.0,0,0,80:02:9C:61:97:4B,1,10,274.2,80:02:9C:61:97:4A,10,0,NONE,2026-08-24T16:14:08.731043
45917,BEACON,-89,8,0,3450,65384,28964,3898631,0,99,7,0,0,14:33:5C:6D:AF:58,0,0,ARMED,448.0,0,1,80:02:9C:61:97:4B,1,1,118.6,80:02:9C:61:97:4A,10,0,NONE,2026-08-24T16:14:08.908043
45917,BEACON,-85,12,17227,2490,65384,28964,3899089,0,99,7,0,0,14:33:5C:6D:AF:58,0,0,ARMED,448.0,0,1,80:02:9C:61:97:4B,1,3,54.3,80:02:9C:61:97:4A,10,0,NONE,2026-08-24T16:14:09.366043
45917,,-63,34,292,3318,65384,28964,3899220,0,99,7,0,0,14:33:5C:6D:AF:58,0,0,ARMED,448.0,0,0,80:02:9C:61:97:4B,1,44,516.5,80:02:9C:61:97:4A,10,0,NONE,2026-08-24T16:14:09.497043
45917,BEACON,-87,10,0,1296,65384,28964,3899416,0,99,7,0,0,14:33:5C:6D:AF:58,0,1,ARMED,448.0,0,1,80:02:9C:61:97:4B,1,12,158.4,80:02:9C:61:97:4A,10,0,NONE,2026-08-24T16:14:09.693043
45917,BEACON,-84,13,0,2380,65384,28964,3899609,0,99,7,0,0,14:33:5C:6D:AF:58,0,0,ARMED,448.0,0,1,80:02:9C:61:97:4B,1,9,139.9,80:02:9C:61:97:4A,10,0,NONE,2026-08-24T16:14:09.886043
45917,BEACON,-90,7,0,3463,65384,28964,3899962,0,99,7,0,0,14:33:5C:6D:AF:58,0,0,ARMED,448.0,0,1,80:02:9C:61:97:4B,1,1,118.1,80:02:9C:61:97:4A,10,0,NONE,2026-08-24T16:14:10.239043
45917,BEACON,-75,22,0,3363,65384,28964,3900364,0,99,7,0,0,14:33:5C:6D:AF:58,0,0,ARMED,448.0,0,1,80:02:9C:61:97:4B,1,9,87.8,80:02:9C:61:97:4A,10,0,NONE,2026-08-24T16:14:10.641043
45917,,-55,42,0,2470,65384,28964,3900861,0,99,7,0,0,14:33:5C:6D:AF:58,0,0,ARMED,448.0,0,0,80:02:9C:61:97:4B,1,13,149.0,80:02:9C:61:97:4A,10,0,NONE,2026-08-24T16:14:11.138043
45917,,-55,42,69140,2478,63620,28964,3901365,0,99,7,0,0,14:33:5C:6D:AF:58,0,0,ARMED,448.0,0,0,80:02:9C:61:97:4B,1,6,75.4,80:02:9C:61:97:4A,10,0,NONE,2026-08-24T16:14:11.642043
45917,BEACON,-76,21,41007,3375,65384,28964,3901593,0,99,7,0,0,14:33:5C:6D:AF:58,0,1,ARMED,448.0,0,1,80:02:9C:61:97:4B,1,34,331.9,80:02:9C:61:97:4A,10,0,NONE,2026-08-24T16:14:11.870043
45917,BEACON,-90,7,121,3534,65384,28964,3901912,0,99,7,0,0,14:33:5C:6D:AF:58,0,0,ARMED,448.0,0,1,80:02:9C:61:97:4B,1,2,157.7,80:02:9C:61:97:4A,10,0,NONE,2026-08-24T16:14:12.189043
45917,BEACON,-90,7,0,3486,65384,28964,3902318,0,99,7,0,0,14:33:5C:6D:AF:58,0,0,ARMED,448.0,0,1,80:02:9C:61:97:4B,1,1,118.4,80:02:9C:61:97:4A,10,0,NONE,2026-08-24T16:14:12.595043
45917,,-63,34,291,3354,65384,28964,3902758,0,99,7,0,0,14:33:5C:6D:AF:58,0,0,ARMED,448.0,0,0,80:02:9C:61:97:4B,1,11,277.1,80:02:9C:61:97:4A,10,0,NONE,2026-08-24T16:14:13.035043
45917,,-59,38,975,956,65384,28964,3902928,0,99,7,0,0,14:33:5C:6D:AF:58,0,0,ARMED,448.0,0,1,80:02:9C:61:97:4B,1,10,1514.7,80:02:9C:61:97:4A,10,0,NONE,2026-08-24T16:14:13.205043
45917,,52,52,0,3389,65384,28964,3903032,0,99,7,0,0,14:33:5C:6D:AF:58,0,1,ARMED,448.0,0,0,80:02:9C:61:97:4B,1,3,483.6,80:02:9C:61:97:4A,10,0,NONE,2026-08-24T16:14:13.309043
45917,PROBE_RESP,-61,36,0,2504,65384,28964,3903495,0,99,7,0,0,14:33:5C:6D:AF:58,0,0,ARMED,448.0,0,0,80:02:9C:61:97:4B,1,12,203.1,80:02:9C:61:97:4A,10,0,NONE,2026-08-24T16:14:13.772043
45917,DEAUTH,-91,6,8945,1144,65384,28964,3903765,0,99,7,0,0,14:33:5C:6D:AF:58,0,0,ARMED,448.0,0,1,80:02:9C:61:97:4B,1,2,145.3,80:02:9C:61:97:4A,10,0,NONE,2026-08-24T16:14:14.042043
45917,BEACON,-84,13,82,2539,65384,28964,3904106,0,99,7,0,0,14:33:5C:6D:AF:58,0,0,ARMED,448.0,0,0,80:02:9C:61:97:4B,1,3,62.3,80:02:9C:61:97:4A,10,0,NONE,2026-08-24T16:14:14.383043
45917,,-63,34,7698,3389,65384,28964,3904578,0,99,7,0,0,14:33:5C:6D:AF:58,0,0,ARMED,448.0,0,1,80:02:9C:61:97:4B,1,1,125.4,80:02:9C:61:97:4A,10,0,NONE,2026-08-24T16:14:14.855043
45917,BEACON,-92,5,82,3511,65384,28964,3904878,0,99,7,0,0,14:33:5C:6D:AF:58,0,0,ARMED,448.0,0,1,80:02:9C:61:97:4B,1,16,156.3,80:02:9C:61:97:4A,10,0,NONE,2026-08-24T16:14:15.155043
45917,,-43,54,3916,2600,65384,28964,3905287,0,99,7,0,0,14:33:5C:6D:AF:58,0,0,ARMED,448.0,0,1,80:02:9C:61:97:4B,1,17,165.8,80:02:9C:61:97:4A,10,0,NONE,2026-08-24T16:14:15.564043
45917,,-39,58,34544,2602,65384,28964,3905669,0,99,7,0,0,14:33:5C:6D:AF:58,0,0,ARMED,448.0,0,1,80:02:9C:61:97:4B,1,7,94.2,80:02:9C:61:97:4A,10,0,NONE,2026-08-24T16:14:15.946043
45917,,56,56,0,0,65384,28964,3906085,0,99,7,0,0,14:33:5C:6D:AF:58,0,0,ARMED,448.0,0,0,80:02:9C:61:97:4B,1,14,173.1,80:02:9C:61:97:4A,10,0,NONE,2026-08-24T16:14:16.362043
45917,,33,33,0,3420,65384,28964,3906202,0,99,7,0,0,14:33:5C:6D:AF:58,0,0,ARMED,448.0,0,0,80:02:9C:61:97:4B,1,38,393.4,80:02:9C:61:97:4A,10,0,NONE,2026-08-24T16:14:16.479043
45917,BEACON,-90,7,0,3525,65384,28964,3906321,0,99,7,0,0,14:33:5C:6D:AF:58,0,1,ARMED,448.0,0,1,80:02:9C:61:97:4B,1,49,477.6,80:02:9C:61:97:4A,10,0,NONE,2026-08-24T16:14:16.598043
45917,,49,49,0,1023,65384,28964,3906480,0,99,7,0,0,14:33:5C:6D:AF:58,0,0,ARMED,448.0,0,0,80:02:9C:61:97:4B,1,27,486.9,80:02:9C:61:97:4A,10,0,NONE,2026-08-24T16:14:16.757043
45917,,50,50,0,1023,65384,28964,3906564,0,99,7,0,0,14:33:5C:6D:AF:58,0,1,ARMED,448.0,0,0,80:02:9C:61:97:4B,1,29,750.1,80:02:9C:61:97:4A,10,0,NONE,2026-08-24T16:14:16.841043
45917,,-69,28,291,3444,65384,28964,3906630,0,99,7,0,0,14:33:5C:6D:AF:58,0,1,ARMED,448.0,0,0,80:02:9C:61:97:4B,1,8,2193.6,80:02:9C:61:97:4A,10,0,NONE,2026-08-24T16:14:16.907043
45917,,35,35,0,1023,65384,28964,3906706,0,99,7,0,0,14:33:5C:6D:AF:58,0,1,ARMED,448.0,0,0,80:02:9C:61:97:4B,1,58,726.2,80:02:9C:61:97:4A,10,0,NONE,2026-08-24T16:14:16.983043
45917,,-48,49,16530,2630,65384,28964,3906824,0,99,7,0,0,14:33:5C:6D:AF:58,0,1,ARMED,448.0,0,1,80:02:9C:61:97:4B,1,44,449.1,80:02:9C:61:97:4A,10,0,NONE,2026-08-24T16:14:17.101043
45917,,35,35,0,1023,65384,28964,3906895,0,99,7,0,0,14:33:5C:6D:AF:58,0,1,ARMED,448.0,0,1,80:02:9C:61:97:4B,1,49,898.4,80:02:9C:61:97:4A,10,0,NONE,2026-08-24T16:14:17.172043
45917,,35,35,0,1023,65384,28964,3907003,0,99,7,0,0,14:33:5C:6D:AF:58,0,1,ARMED,448.0,0,0,80:02:9C:61:97:4B,1,26,428.7,80:02:9C:61:97:4A,10,0,NONE,2026-08-24T16:14:17.280043
45917,,34,34,0,1023,65384,28964,3907084,0,99,7,0,0,14:33:5C:6D:AF:58,0,1,ARMED,448.0,0,0,80:02:9C:61:97:4B,1,18,439.7,80:02:9C:61:97:4A,10,0,NONE,2026-08-24T16:14:17.361043
45917,BEACON,-91,6,0,1373,65384,28964,3907301,0,99,7,0,0,14:33:5C:6D:AF:58,0,0,ARMED,448.0,0,1,80:02:9C:61:97:4B,1,5,104.7,80:02:9C:61:97:4A,10,0,NONE,2026-08-24T16:14:17.578043
45917,,-46,51,1485,2653,65384,28964,3907525,0,99,7,0,0,14:33:5C:6D:AF:58,0,0,ARMED,448.0,0,1,80:02:9C:61:97:4B,1,13,216.4,80:02:9C:61:97:4A,10,0,NONE,2026-08-24T16:14:17.802043
45917,,-46,51,0,683,65384,28964,3907885,0,99,7,0,0,14:33:5C:6D:AF:58,0,0,ARMED,448.0,0,0,80:02:9C:61:97:4B,1,17,184.9,80:02:9C:61:97:4A,10,0,NONE,2026-08-24T16:14:18.162043
45917,,-45,52,41324,2673,65384,28964,3908193,0,99,7,0,0,14:33:5C:6D:AF:58,0,0,ARMED,448.0,0,1,80:02:9C:61:97:4B,1,8,101.9,80:02:9C:61:97:4A,10,0,NONE,2026-08-24T16:14:18.470043
45917,,-67,30,190,3280,65384,28964,3908529,0,99,7,0,0,14:33:5C:6D:AF:58,0,0,ARMED,448.0,0,0,80:02:9C:61:97:4B,1,2,2000.0,80:02:9C:61:97:4A,10,0,NONE,2026-08-24T16:14:18.806043
45917,,31,31,0,3446,65368,28964,3908879,0,99,7,0,0,14:33:5C:6D:AF:58,0,0,ARMED,448.0,0,1,80:02:9C:61:97:4B,1,11,256.6,80:02:9C:61:97:4A,10,0,NONE,2026-08-24T16:14:19.156043
45917,,34,34,0,1023,65384,28964,3909122,0,99,7,0,0,14:33:5C:6D:AF:58,0,0,ARMED,448.0,0,0,80:02:9C:61:97:4B,1,25,311.6,80:02:9C:61:97:4A,10,0,NONE,2026-08-24T16:14:19.399043
45917,,35,35,0,3449,65384,28964,3909174,0,99,7,0,0,14:33:5C:6D:AF:58,0,1,ARMED,448.0,0,0,80:02:9C:61:97:4B,1,42,1292.9,80:02:9C:61:97:4A,10,0,NONE,2026-08-24T16:14:19.451043
45917,,52,52,0,2570,65384,28964,3909265,0,99,7,0,0,14:33:5C:6D:AF:58,0,1,ARMED,448.0,0,0,80:02:9C:61:97:4B,1,9,473.4,80:02:9C:61:97:4A,10,0,NONE,2026-08-24T16:14:19.542043
45917,,38,38,0,0,63572,28964,3909353,0,99,7,0,0,14:33:5C:6D:AF:58,0,1,ARMED,448.0,0,0,80:02:9C:61:97:4B,1,5,782.1,80:02:9C:61:97:4A,10,0,NONE,2026-08-24T16:14:19.630043
45917,,-63,34,292,3471,65368,28964,3909585,0,99,7,0,0,14:33:5C:6D:AF:58,0,0,ARMED,448.0,0,0,80:02:9C:61:97:4B,1,14,372.0,80:02:9C:61:97:4A,10,0,NONE,2026-08-24T16:14:19.862043
45917,,-58,39,0,1042,65368,28964,3909650,0,99,7,0,0,14:33:5C:6D:AF:58,0,1,ARMED,448.0,0,1,80:02:9C:61:97:4B,1,2,989.6,80:02:9C:61:97:4A,10,0,NONE,2026-08-24T16:14:19.927043
45917,BEACON,-90,7,0,3612,65384,28964,3909900,0,99,7,0,0,14:33:5C:6D:AF:58,0,0,ARMED,448.0,0,1,80:02:9C:61:97:4B,1,9,230.3,80:02:9C:61:97:4A,10,0,NONE,2026-08-24T16:14:20.177043
45917,BEACON,-91,6,0,3563,65384,28964,3910202,0,99,7,0,0,14:33:5C:6D:AF:58,0,0,ARMED,448.0,0,1,80:02:9C:61:97:4B,1,11,301.0,80:02:9C:61:97:4A,10,0,NONE,2026-08-24T16:14:20.479043
45917,,38,38,0,102,65384,28964,3910593,0,99,7,0,0,14:33:5C:6D:AF:58,0,0,ARMED,448.0,0,0,80:02:9C:61:97:4B,1,6,380.2,80:02:9C:61:97:4A,10,0,NONE,2026-08-24T16:14:20.870043
45917,BEACON,-86,11,0,1409,65384,28964,3910987,0,99,7,0,0,14:33:5C:6D:AF:58,0,0,ARMED,448.0,0,1,80:02:9C:61:97:4B,1,17,166.0,80:02:9C:61:97:4A,10,0,NONE,2026-08-24T16:14:21.264043
45917,BEACON,-76,21,0,3471,65384,28964,3911423,0,99,7,0,0,14:33:5C:6D:AF:58,0,0,ARMED,448.0,0,1,80:02:9C:61:97:4B,1,5,190.1,80:02:9C:61:97:4A,10,0,NONE,2026-08-24T16:14:21.700043
45917,,-57,40,0,1049,65384,28964,3911836,0,99,7,0,0,14:33:5C:6D:AF:58,0,0,ARMED,448.0,0,0,80:02:9C:61:97:4B,1,17,566.2,80:02:9C:61:97:4A,10,0,NONE,2026-08-24T16:14:22.113043
45917,,-44,53,0,2712,65384,28964,3912162,0,99,7,0,0,14:33:5C:6D:AF:58,0,0,ARMED,448.0,0,1,80:02:9C:61:97:4B,1,14,285.4,80:02:9C:61:97:4A,10,0,NONE,2026-08-24T16:14:22.439043
45917,,51,51,0,1023,65384,28964,3912182,0,99,7,0,0,14:33:5C:6D:AF:58,0,0,ARMED,448.0,0,0,80:02:9C:61:97:4B,1,64,933.9,80:02:9C:61:97:4A,10,0,NONE,2026-08-24T16:14:22.459043
45917,,38,38,0,1023,65384,28964,3912226,0,99,7,0,0,14:33:5C:6D:AF:58,0,1,ARMED,448.0,0,0,80:02:9C:61:97:4B,1,40,3722.3,80:02:9C:61:97:4A,10,0,NONE,2026-08-24T16:14:22.503043
45917,,38,38,0,1023,65384,28964,3912284,0,99,7,0,0,14:33:5C:6D:AF:58,0,1,ARMED,448.0,0,0,80:02:9C:61:97:4B,1,90,1321.3,80:02:9C:61:97:4A,10,0,NONE,2026-08-24T16:14:22.561043
45917,,38,38,0,1023,65384,28964,3912338,0,99,7,0,0,14:33:5C:6D:AF:58,0,1,ARMED,448.0,0,0,80:02:9C:61:97:4B,1,19,899.8,80:02:9C:61:97:4A,10,0,NONE,2026-08-24T16:14:22.615043
45917,,50,50,0,1023,65384,28964,3912417,0,99,7,0,0,14:33:5C:6D:AF:58,0,1,ARMED,448.0,0,0,80:02:9C:61:97:4B,1,69,690.5,80:02:9C:61:97:4A,10,0,NONE,2026-08-24T16:14:22.694043
45917,BEACON,-57,40,0,2625,65384,28964,3912525,0,99,7,0,0,14:33:5C:6D:AF:58,0,1,ARMED,448.0,0,1,80:02:9C:61:97:4B,1,1,481.9,80:02:9C:61:97:4A,10,0,NONE,2026-08-24T16:14:22.802043
45917,BEACON,-75,22,0,3485,65384,28964,3912856,0,99,7,0,0,14:33:5C:6D:AF:58,0,0,ARMED,448.0,0,1,80:02:9C:61:97:4B,1,4,152.4,80:02:9C:61:97:4A,10,0,NONE,2026-08-24T16:14:23.133043
45917,BEACON,-87,10,28809,1430,65384,28964,3913137,0,99,7,0,0,14:33:5C:6D:AF:58,0,1,ARMED,448.0,0,1,80:02:9C:61:97:4B,1,30,293.1,80:02:9C:61:97:4A,10,0,NONE,2026-08-24T16:14:23.414043
45917,,-74,23,59940,3589,65384,28964,3913293,0,99,7,0,0,14:33:5C:6D:AF:58,0,1,ARMED,448.0,0,0,80:02:9C:61:97:4B,1,4,73.9,80:02:9C:61:97:4A,10,0,NONE,2026-08-24T16:14:23.570043
45917,BEACON,-89,8,11100,3648,65384,28964,3913589,0,99,7,0,0,14:33:5C:6D:AF:58,0,0,ARMED,448.0,0,0,80:02:9C:61:97:4B,1,6,141.8,80:02:9C:61:97:4A,10,0,NONE,2026-08-24T16:14:23.866043
45917,BEACON,-57,40,0,2640,65384,28964,3914061,0,99,7,0,0,14:33:5C:6D:AF:58,0,0,ARMED,448.0,0,1,80:02:9C:61:97:4B,1,1,476.4,80:02:9C:61:97:4A,10,0,NONE,2026-08-24T16:14:24.338043
45917,,-73,24,111,3327,65384,28964,3914357,0,99,7,0,0,14:33:5C:6D:AF:58,0,0,ARMED,448.0,0,1,80:02:9C:61:97:4B,1,24,257.8,80:02:9C:61:97:4A,10,0,NONE,2026-08-24T16:14:24.634043
45917,BEACON,-89,8,9929,3607,65384,28964,3914708,0,99,7,0,0,14:33:5C:6D:AF:58,0,0,ARMED,448.0,0,1,80:02:9C:61:97:4B,1,1,118.1,80:02:9C:61:97:4A,10,0,NONE,2026-08-24T16:14:24.985043
45917,,-44,53,0,2767,65384,28964,3914995,0,99,7,0,0,14:33:5C:6D:AF:58,0,0,ARMED,448.0,0,1,80:02:9C:61:97:4B,1,10,110.5,80:02:9C:61:97:4A,10,0,NONE,2026-08-24T16:14:25.272043
45917,,-85,12,0,3267,65384,28964,3915278,0,99,7,0,0,14:33:5C:6D:AF:58,0,0,ARMED,448.0,0,0,80:02:9C:61:97:4B,1,13,259.4,80:02:9C:61:97:4A,10,0,NONE,2026-08-24T16:14:25.555043
45917,,-89,8,3314,2105,65384,28964,3915606,0,99,7,0,0,14:33:5C:6D:AF:58,0,0,ARMED,448.0,0,1,80:02:9C:61:97:4B,1,13,181.9,80:02:9C:61:97:4A,10,0,NONE,2026-08-24T16:14:25.883043
45917,BEACON,-75,22,0,3515,65384,28964,3915929,0,99,7,0,0,14:33:5C:6D:AF:58,0,0,ARMED,448.0,0,1,80:02:9C:61:97:4B,1,10,159.5,80:02:9C:61:97:4A,10,0,NONE,2026-08-24T16:14:26.206043
45917,,-44,53,6749,2794,65384,28964,3916070,0,99,7,0,0,14:33:5C:6D:AF:58,0,1,ARMED,448.0,0,1,80:02:9C:61:97:4B,1,12,122.1,80:02:9C:61:97:4A,10,0,NONE,2026-08-24T16:14:26.347043
45917,BEACON,-92,5,0,3674,65312,28964,3916252,0,99,7,0,0,14:33:5C:6D:AF:58,0,1,ARMED,448.0,0,0,80:02:9C:61:97:4B,1,21,338.5,80:02:9C:61:97:4A,10,0,NONE,2026-08-24T16:14:26.529043
45917,,39,39,0,1023,65336,28964,3916315,0,99,7,0,0,14:33:5C:6D:AF:58,0,1,ARMED,448.0,0,1,80:02:9C:61:97:4B,1,11,438.1,80:02:9C:61:97:4A,10,0,NONE,2026-08-24T16:14:26.592043
45917,,51,51,0,1023,65384,28964,3916392,0,99,7,0,0,14:33:5C:6D:AF:58,0,1,ARMED,448.0,0,0,80:02:9C:61:97:4B,1,1,1000.0,80:02:9C:61:97:4A,10,0,NONE,2026-08-24T16:14:26.669043
45917,,40,40,0,1023,65384,28964,3916442,0,99,7,0,0,14:33:5C:6D:AF:58,0,1,ARMED,448.0,0,0,80:02:9C:61:97:4B,1,51,1007.7,80:02:9C:61:97:4A,10,0,NONE,2026-08-24T16:14:26.719043
45917,,-64,33,0,3588,65384,28964,3916496,0,99,7,0,0,14:33:5C:6D:AF:58,0,1,ARMED,448.0,0,1,80:02:9C:61:97:4B,1,101,969.8,80:02:9C:61:97:4A,10,0,NONE,2026-08-24T16:14:26.773043
45917,BEACON,-59,38,0,2670,65384,28964,3916928,0,99,7,0,0,14:33:5C:6D:AF:58,0,0,ARMED,448.0,0,1,80:02:9C:61:97:4B,1,1,481.7,80:02:9C:61:97:4A,10,0,NONE,2026-08-24T16:14:27.205043
45917,,56,56,0,1023,65384,28964,3917095,0,99,7,0,0,14:33:5C:6D:AF:58,0,0,ARMED,448.0,0,0,80:02:9C:61:97:4B,1,27,402.9,80:02:9C:61:97:4A,10,0,NONE,2026-08-24T16:14:27.372043
45917,,-58,39,3827,1123,65384,28964,3917156,0,99,7,0,0,14:33:5C:6D:AF:58,1,1,ARMED,448.0,0,0,80:02:9C:61:97:4B,1,32,1281.5,80:02:9C:61:97:4A,10,0,NONE,2026-08-24T16:14:27.433043
45917,,37,37,0,3528,65384,28964,3917280,0,99,7,0,0,14:33:5C:6D:AF:58,1,1,ARMED,448.0,0,1,80:02:9C:61:97:4B,1,10,216.3,80:02:9C:61:97:4A,10,0,NONE,2026-08-24T16:14:27.557043
45917,,-43,54,211,2835,65384,28964,3917473,0,99,7,0,0,14:33:5C:6D:AF:58,0,0,ARMED,448.0,0,0,80:02:9C:61:97:4B,1,9,255.4,80:02:9C:61:97:4A,10,0,NONE,2026-08-24T16:14:27.750043
45917,BEACON,-89,8,82,1475,65384,28964,3917745,0,99,7,0,0,14:33:5C:6D:AF:58,0,0,ARMED,448.0,0,1,80:02:9C:61:97:4B,1,14,136.7,80:02:9C:61:97:4A,10,0,NONE,2026-08-24T16:14:28.022043
45917,,37,37,0,1023,65384,28964,3917854,0,99,7,0,0,14:33:5C:6D:AF:58,0,1,ARMED,448.0,0,0,80:02:9C:61:97:4B,1,9,1352.6,80:02:9C:61:97:4A,10,0,NONE,2026-08-24T16:14:28.131043
45917,,-43,54,0,2851,65384,28964,3917953,0,99,7,0,0,14:33:5C:6D:AF:58,0,1,ARMED,448.0,0,1,80:02:9C:61:97:4B,1,3,975.9,80:02:9C:61:97:4A,10,0,NONE,2026-08-24T16:14:28.230043
45917,,37,37,0,3538,65384,28964,3918294,0,99,7,0,0,14:33:5C:6D:AF:58,0,0,ARMED,448.0,0,0,80:02:9C:61:97:4B,1,5,136.0,80:02:9C:61:97:4A,10,0,NONE,2026-08-24T16:14:28.571043
45917,,-62,33,1043,2694,65148,28964,3918573,0,99,7,0,0,14:33:5C:6D:AF:58,0,0,ARMED,448.0,0,1,80:02:9C:61:97:4B,1,4,478.5,80:02:9C:61:97:4A,10,0,NONE,2026-08-24T16:14:28.850043
45917,BEACON,-87,10,0,1487,65384,28964,3918974,0,99,7,0,0,14:33:5C:6D:AF:58,0,0,ARMED,448.0,0,1,80:02:9C:61:97:4B,1,9,87.9,80:02:9C:61:97:4A,10,0,NONE,2026-08-24T16:14:29.251043
45917,BEACON,-85,12,0,2686,65384,28964,3919159,0,99,7,0,0,14:33:5C:6D:AF:58,0,1,ARMED,448.0,0,1,80:02:9C:61:97:4B,1,14,169.1,80:02:9C:61:97:4A,10,0,NONE,2026-08-24T16:14:29.436043
45917,,-75,22,162,3359,65148,28964,3919551,0,99,7,0,0,14:33:5C:6D:AF:58,0,0,ARMED,448.0,0,1,80:02:9C:61:97:4B,1,23,353.9,80:02:9C:61:97:4A,10,0,NONE,2026-08-24T16:14:29.828043
45917,BEACON,-84,13,0,2578,65384,28964,3919884,0,99,7,0,0,14:33:5C:6D:AF:58,0,0,ARMED,448.0,0,1,80:02:9C:61:97:4B,1,12,132.5,80:02:9C:61:97:4A,10,0,NONE,2026-08-24T16:14:30.161043
45917,,-43,54,0,2881,65384,28964,3919981,0,99,7,0,0,14:33:5C:6D:AF:58,0,0,ARMED,448.0,0,1,80:02:9C:61:97:4B,1,43,505.9,80:02:9C:61:97:4A,10,0,NONE,2026-08-24T16:14:30.258043
45917,,-61,36,0,3630,65384,28964,3920042,0,99,7,0,0,14:33:5C:6D:AF:58,0,1,ARMED,448.0,0,0,80:02:9C:61:97:4B,1,49,1075.1,80:02:9C:61:97:4A,10,0,NONE,2026-08-24T16:14:30.319043
45917,,52,52,0,3738,65384,28964,3920083,0,99,7,0,0,14:33:5C:6D:AF:58,0,1,ARMED,448.0,0,0,80:02:9C:61:97:4B,1,99,1145.6,80:02:9C:61:97:4A,10,0,NONE,2026-08-24T16:14:30.360043
45917,BEACON,-92,5,0,3712,65384,28964,3920142,0,99,7,0,0,14:33:5C:6D:AF:58,0,1,ARMED,448.0,0,1,80:02:9C:61:97:4B,1,49,1151.9,80:02:9C:61:97:4A,10,0,NONE,2026-08-24T16:14:30.419043
45917,,-78,19,1182,3600,65384,28964,3920467,0,99,7,0,0,14:33:5C:6D:AF:58,0,0,ARMED,448.0,0,1,80:02:9C:61:97:4B,1,9,152.6,80:02:9C:61:97:4A,10,0,NONE,2026-08-24T16:14:30.744043
45917,,-69,28,0,1072,65384,28964,3920677,0,99,7,0,0,14:33:5C:6D:AF:58,0,0,ARMED,448.0,0,1,80:02:9C:61:97:4B,1,14,216.4,80:02:9C:61:97:4A,10,0,NONE,2026-08-24T16:14:30.954043
45917,,-57,40,0,2742,63580,28964,3921034,0,99,7,0,0,14:33:5C:6D:AF:58,0,0,ARMED,448.0,0,1,80:02:9C:61:97:4B,1,4,316.5,80:02:9C:61:97:4A,10,0,NONE,2026-08-24T16:14:31.311043
45917,BEACON,-90,7,21206,1510,65384,28964,3921329,0,99,7,0,0,14:33:5C:6D:AF:58,0,0,ARMED,448.0,0,1,80:02:9C:61:97:4B,1,12,117.2,80:02:9C:61:97:4A,10,0,NONE,2026-08-24T16:14:31.606043
45917,BEACON,-83,14,7084,4083,65384,28964,3921621,0,99,7,0,0,14:33:5C:6D:AF:58,0,0,ARMED,448.0,0,1,80:02:9C:61:97:4B,1,8,92.4,80:02:9C:61:97:4A,10,0,NONE,2026-08-24T16:14:31.898043
45917,BEACON,-55,42,0,2754,65384,28964,3922046,0,99,7,0,0,14:33:5C:6D:AF:58,0,0,ARMED,448.0,0,1,80:02:9C:61:97:4B,1,20,196.2,80:02:9C:61:97:4A,10,0,NONE,2026-08-24T16:14:32.323043
45917,,-54,43,371,1161,65384,28964,3922349,0,99,7,0,0,14:33:5C:6D:AF:58,0,0,ARMED,448.0,0,1,80:02:9C:61:97:4B,1,22,223.9,80:02:9C:61:97:4A,10,0,NONE,2026-08-24T16:14:32.626043
45917,BEACON,-90,7,0,3686,65384,28964,3922798,0,99,7,0,0,14:33:5C:6D:AF:58,0,0,ARMED,448.0,0,1,80:02:9C:61:97:4B,1,1,118.0,80:02:9C:61:97:4A,10,0,NONE,2026-08-24T16:14:33.075043
45917,,53,53,0,1023,65384,28964,3922947,0,99,7,0,0,14:33:5C:6D:AF:58,0,0,ARMED,448.0,0,0,80:02:9C:61:97:4B,1,36,643.1,80:02:9C:61:97:4A,10,0,NONE,2026-08-24T16:14:33.224043
45917,,35,35,0,1023,65384,28964,3923010,0,99,7,0,0,14:33:5C:6D:AF:58,0,1,ARMED,448.0,0,0,80:02:9C:61:97:4B,1,25,1561.7,80:02:9C:61:97:4A,10,0,NONE,2026-08-24T16:14:33.287043
45917,,35,35,0,0,65368,28964,3923065,0,99,7,0,0,14:33:5C:6D:AF:58,0,1,ARMED,448.0,0,1,80:02:9C:61:97:4B,1,75,1057.2,80:02:9C:61:97:4A,10,0,NONE,2026-08-24T16:14:33.342043
45917,,35,35,0,1023,65384,28964,3923129,0,99,7,0,0,14:33:5C:6D:AF:58,0,1,ARMED,448.0,0,0,80:02:9C:61:97:4B,1,32,1014.3,80:02:9C:61:97:4A,10,0,NONE,2026-08-24T16:14:33.406043
45917,,52,52,0,3586,65384,28964,3923199,0,99,7,0,0,14:33:5C:6D:AF:58,0,1,ARMED,448.0,0,0,80:02:9C:61:97:4B,1,1,1000.0,80:02:9C:61:97:4A,10,0,NONE,2026-08-24T16:14:33.476043
45917,,-66,31,0,3683,65384,28964,3923610,0,99,7,0,0,14:33:5C:6D:AF:58,0,0,ARMED,448.0,0,0,80:02:9C:61:97:4B,1,4,1985.1,80:02:9C:61:97:4A,10,0,NONE,2026-08-24T16:14:33.887043
45917,BEACON,-76,21,71102,3592,65384,28964,3923813,0,99,7,0,0,14:33:5C:6D:AF:58,0,0,ARMED,448.0,0,1,80:02:9C:61:97:4B,1,9,87.9,80:02:9C:61:97:4A,10,0,NONE,2026-08-24T16:14:34.090043
45917,BEACON,-59,38,0,2780,65384,28964,3924199,0,99,7,0,0,14:33:5C:6D:AF:58,0,0,ARMED,448.0,0,1,80:02:9C:61:97:4B,1,8,103.2,80:02:9C:61:97:4A,10,0,NONE,2026-08-24T16:14:34.476043
45917,,-76,21,8375,3673,65092,28964,3924391,0,99,7,0,0,14:33:5C:6D:AF:58,0,1,ARMED,448.0,0,0,80:02:9C:61:97:4B,1,15,227.9,80:02:9C:61:97:4A,10,0,NONE,2026-08-24T16:14:34.668043
45917,,-60,37,949,2138,65384,28964,3924421,0,99,7,0,0,14:33:5C:6D:AF:58,0,1,ARMED,448.0,0,1,80:02:9C:61:97:4B,1,65,679.5,80:02:9C:61:97:4A,10,0,NONE,2026-08-24T16:14:34.698043
45917,,-90,7,10005,3343,65384,28964,3924715,0,99,7,0,0,14:33:5C:6D:AF:58,0,0,ARMED,448.0,0,1,80:02:9C:61:97:4B,1,18,217.7,80:02:9C:61:97:4A,10,0,NONE,2026-08-24T16:14:34.992043
45917,BEACON,-63,34,0,2790,65384,28964,3925118,0,99,7,0,0,14:33:5C:6D:AF:58,0,0,ARMED,448.0,0,1,80:02:9C:61:97:4B,1,5,66.0,80:02:9C:61:97:4A,10,0,NONE,2026-08-24T16:14:35.395043
45917,,-93,4,9366,2387,65384,28964,3925397,0,99,7,0,0,14:33:5C:6D:AF:58,0,0,ARMED,448.0,0,1,80:02:9C:61:97:4B,1,17,356.6,80:02:9C:61:97:4A,10,0,NONE,2026-08-24T16:14:35.674043
45917,,52,52,0,1023,65384,28964,3925618,0,99,7,0,0,14:33:5C:6D:AF:58,0,0,ARMED,448.0,0,0,80:02:9C:61:97:4B,1,11,170.9,80:02:9C:61:97:4A,10,0,NONE,2026-08-24T16:14:35.895043
45917,,-69,28,0,1108,65384,28964,3925869,0,99,7,0,0,14:33:5C:6D:AF:58,0,0,ARMED,448.0,0,1,80:02:9C:61:97:4B,1,1,123.4,80:02:9C:61:97:4A,10,0,NONE,2026-08-24T16:14:36.146043
45917,,-63,34,0,2180,65368,28964,3926364,0,99,7,0,0,14:33:5C:6D:AF:58,0,0,ARMED,448.0,0,0,80:02:9C:61:97:4B,1,15,160.5,80:02:9C:61:97:4A,10,0,NONE,2026-08-24T16:14:36.641043
45917,,-63,34,0,2227,65384,28964,3926379,0,99,7,0,0,14:33:5C:6D:AF:58,0,1,ARMED,448.0,0,0,80:02:9C:61:97:4B,1,24,2827.2,80:02:9C:61:97:4A,10,0,NONE,2026-08-24T16:14:36.656043
45917,,-63,34,256,1206,65312,28964,3926453,0,99,7,0,0,14:33:5C:6D:AF:58,0,1,ARMED,448.0,0,1,80:02:9C:61:97:4B,1,74,895.3,80:02:9C:61:97:4A,10,0,NONE,2026-08-24T16:14:36.730043
45917,,34,34,0,1023,65384,28964,3926748,0,99,7,0,0,14:33:5C:6D:AF:58,0,0,ARMED,448.0,0,0,80:02:9C:61:97:4B,1,13,192.1,80:02:9C:61:97:4A,10,0,NONE,2026-08-24T16:14:37.025043
45917,,-64,33,292,3751,65384,28964,3926972,0,99,7,0,0,14:33:5C:6D:AF:58,0,0,ARMED,448.0,0,0,80:02:9C:61:97:4B,1,30,343.8,80:02:9C:61:97:4A,10,0,NONE,2026-08-24T16:14:37.249043
45917,,35,35,0,1023,65368,28964,3927015,0,99,7,0,0,14:33:5C:6D:AF:58,0,1,ARMED,448.0,0,0,80:02:9C:61:97:4B,1,36,1235.5,80:02:9C:61:97:4A,10,0,NONE,2026-08-24T16:14:37.292043
45917,,35,35,0,3744,65384,28964,3927075,0,99,7,0,0,14:33:5C:6D:AF:58,0,1,ARMED,448.0,0,0,80:02:9C:61:97:4B,1,86,965.5,80:02:9C:61:97:4A,10,0,NONE,2026-08-24T16:14:37.352043
45917,,35,35,0,1023,65384,28964,3927193,0,99,7,0,0,14:33:5C:6D:AF:58,0,1,ARMED,448.0,0,0,80:02:9C:61:97:4B,1,3,3000.0,80:02:9C:61:97:4A,10,0,NONE,2026-08-24T16:14:37.470043
45917,,-43,54,41736,2971,65384,28964,3927413,0,99,7,0,0,14:33:5C:6D:AF:58,0,0,ARMED,448.0,0,1,80:02:9C:61:97:4B,1,3,196.7,80:02:9C:61:97:4A,10,0,NONE,2026-08-24T16:14:37.690043
45917,PROBE_RESP,-89,8,226,3101,65384,28964,3927738,0,99,7,0,0,14:33:5C:6D:AF:58,0,0,ARMED,448.0,0,1,80:02:9C:61:97:4B,1,11,323.8,80:02:9C:61:97:4A,10,0,NONE,2026-08-24T16:14:38.015043
45917,BEACON,-90,7,0,3737,65384,28964,3928020,0,99,7,0,0,14:33:5C:6D:AF:58,0,0,ARMED,448.0,0,1,80:02:9C:61:97:4B,1,2,236.4,80:02:9C:61:97:4A,10,0,NONE,2026-08-24T16:14:38.297043
45917,,-94,3,28849,3639,65384,28964,3928388,0,99,7,0,0,14:33:5C:6D:AF:58,0,0,ARMED,448.0,0,1,80:02:9C:61:97:4B,1,17,245.9,80:02:9C:61:97:4A,10,0,NONE,2026-08-24T16:14:38.665043
45917,PROBE_RESP,-88,9,0,3103,65384,28964,3928940,0,99,7,0,0,14:33:5C:6D:AF:58,0,0,ARMED,448.0,0,1,80:02:9C:61:97:4B,1,2,296.7,80:02:9C:61:97:4A,10,0,NONE,2026-08-24T16:14:39.217043
45917,PROBE_RESP,-59,38,0,2839,65384,28964,3929315,0,99,7,0,0,14:33:5C:6D:AF:58,0,0,ARMED,448.0,0,0,80:02:9C:61:97:4B,1,14,187.1,80:02:9C:61:97:4A,10,0,NONE,2026-08-24T16:14:39.592043
45917,PROBE_RESP,-84,13,0,4062,65384,28964,3929508,0,99,7,0,0,14:33:5C:6D:AF:58,0,1,ARMED,448.0,0,1,80:02:9C:61:97:4B,1,14,222.1,80:02:9C:61:97:4A,10,0,NONE,2026-08-24T16:14:39.785043
45917,BEACON,-84,13,58871,2791,65384,28964,3929911,0,99,7,0,0,14:33:5C:6D:AF:58,0,0,ARMED,448.0,0,1,80:02:9C:61:97:4B,1,3,53.0,80:02:9C:61:97:4A,10,0,NONE,2026-08-24T16:14:40.188043
45917,BEACON,-95,2,10095,1403,65384,28964,3930313,0,99,7,0,0,14:33:5C:6D:AF:58,0,0,ARMED,448.0,0,1,80:02:9C:61:97:4B,1,4,81.3,80:02:9C:61:97:4A,10,0,NONE,2026-08-24T16:14:40.590043
45917,,-44,53,283,2992,65384,28964,3930598,0,99,7,0,0,14:33:5C:6D:AF:58,0,0,ARMED,448.0,0,1,80:02:9C:61:97:4B,1,12,445.3,80:02:9C:61:97:4A,10,0,NONE,2026-08-24T16:14:40.875043
45917,,-45,52,1040,1335,65384,28964,3930766,0,99,7,0,0,14:33:5C:6D:AF:58,0,1,ARMED,448.0,0,1,80:02:9C:61:97:4B,1,32,346.4,80:02:9C:61:97:4A,10,0,NONE,2026-08-24T16:14:41.043043
45917,,40,40,0,1023,65384,28964,3931154,0,99,7,0,0,14:33:5C:6D:AF:58,0,0,ARMED,448.0,0,1,80:02:9C:61:97:4B,1,10,141.9,80:02:9C:61:97:4A,10,0,NONE,2026-08-24T16:14:41.431043
45917,MGMT_OTHER,-90,7,0,1444,65384,28964,3931374,0,99,7,0,0,14:33:5C:6D:AF:58,0,0,ARMED,448.0,0,1,80:02:9C:61:97:4B,1,18,209.3,80:02:9C:61:97:4A,10,0,NONE,2026-08-24T16:14:41.651043
45917,,52,52,0,1023,65384,28964,3931705,0,99,7,0,0,14:33:5C:6D:AF:58,0,0,ARMED,448.0,0,0,80:02:9C:61:97:4B,1,6,844.4,80:02:9C:61:97:4A,10,0,NONE,2026-08-24T16:14:41.982043
45917,,52,52,0,3672,65384,28964,3932035,0,99,7,0,0,14:33:5C:6D:AF:58,0,0,ARMED,448.0,0,0,80:02:9C:61:97:4B,1,8,288.4,80:02:9C:61:97:4A,10,0,NONE,2026-08-24T16:14:42.312043
45917,,39,39,0,1023,65384,28964,3932276,0,99,7,0,0,14:33:5C:6D:AF:58,0,0,ARMED,448.0,0,1,80:02:9C:61:97:4B,1,8,120.7,80:02:9C:61:97:4A,10,0,NONE,2026-08-24T16:14:42.553043
45917,,-64,33,311,3834,65384,28964,3932688,0,99,7,0,0,14:33:5C:6D:AF:58,0,0,ARMED,448.0,0,1,80:02:9C:61:97:4B,1,23,335.4,80:02:9C:61:97:4A,10,0,NONE,2026-08-24T16:14:42.965043
45917,BEACON,-84,13,0,2706,65384,28964,3932991,0,99,7,0,0,14:33:5C:6D:AF:58,0,0,ARMED,448.0,0,1,80:02:9C:61:97:4B,1,9,137.6,80:02:9C:61:97:4A,10,0,NONE,2026-08-24T16:14:43.268043
45917,,-56,41,0,2907,63652,28964,3933110,0,99,7,0,0,14:33:5C:6D:AF:58,0,0,ARMED,448.0,0,0,80:02:9C:61:97:4B,1,35,414.9,80:02:9C:61:97:4A,10,0,NONE,2026-08-24T16:14:43.387043
45917,,52,52,0,2911,65384,28964,3933231,0,99,7,0,0,14:33:5C:6D:AF:58,0,1,ARMED,448.0,0,0,80:02:9C:61:97:4B,1,1,660.9,80:02:9C:61:97:4A,10,0,NONE,2026-08-24T16:14:43.508043
45917,BEACON,-84,13,0,2712,65384,28964,3933605,0,99,7,0,0,14:33:5C:6D:AF:58,0,0,ARMED,448.0,0,1,80:02:9C:61:97:4B,1,4,62.2,80:02:9C:61:97:4A,10,0,NONE,2026-08-24T16:14:43.882043
45917,BEACON,-84,13,0,2715,65384,28964,3933913,0,99,7,0,0,14:33:5C:6D:AF:58,0,0,ARMED,448.0,0,1,80:02:9C:61:97:4B,1,26,404.1,80:02:9C:61:97:4A,10,0,NONE,2026-08-24T16:14:44.190043
45917,BEACON,-91,6,0,3848,65384,28964,3934066,0,99,7,0,0,14:33:5C:6D:AF:58,0,0,ARMED,448.0,0,0,80:02:9C:61:97:4B,1,3,217.6,80:02:9C:61:97:4A,10,0,NONE,2026-08-24T16:14:44.343043
45917,BEACON,-58,39,0,2925,65384,28964,3934541,0,99,7,0,0,14:33:5C:6D:AF:58,0,0,ARMED,448.0,0,1,80:02:9C:61:97:4B,1,10,128.1,80:02:9C:61:97:4A,10,0,NONE,2026-08-24T16:14:44.818043
45917,BEACON,-83,14,0,2840,65384,28964,3934929,0,99,7,0,0,14:33:5C:6D:AF:58,0,0,ARMED,448.0,0,1,80:02:9C:61:97:4B,1,3,53.0,80:02:9C:61:97:4A,10,0,NONE,2026-08-24T16:14:45.206043
45917,,35,35,0,1023,65384,28964,3935225,0,99,7,0,0,14:33:5C:6D:AF:58,0,0,ARMED,448.0,0,1,80:02:9C:61:97:4B,1,4,88.4,80:02:9C:61:97:4A,10,0,NONE,2026-08-24T16:14:45.502043
45917,,52,52,0,1023,65384,28964,3935649,0,99,7,0,0,14:33:5C:6D:AF:58,0,0,ARMED,448.0,0,0,80:02:9C:61:97:4B,1,6,100.0,80:02:9C:61:97:4A,10,0,NONE,2026-08-24T16:14:45.926043
45917,,-63,34,0,2939,63652,28964,3935873,0,99,7,0,0,14:33:5C:6D:AF:58,0,0,ARMED,448.0,0,0,80:02:9C:61:97:4B,1,28,352.8,80:02:9C:61:97:4A,10,0,NONE,2026-08-24T16:14:46.150043
45917,BEACON,-88,9,0,3819,65384,28964,3936417,0,99,7,0,0,14:33:5C:6D:AF:58,0,0,ARMED,448.0,0,1,80:02:9C:61:97:4B,1,1,118.0,80:02:9C:61:97:4A,10,0,NONE,2026-08-24T16:14:46.694043
45917,,-62,35,373,1316,65384,28964,3936794,0,99,7,0,0,14:33:5C:6D:AF:58,0,0,ARMED,448.0,0,0,80:02:9C:61:97:4B,1,25,316.5,80:02:9C:61:97:4A,10,0,NONE,2026-08-24T16:14:47.071043
45917,BEACON,-61,36,0,2953,65384,28964,3937306,0,99,7,0,0,14:33:5C:6D:AF:58,0,0,ARMED,448.0,0,1,80:02:9C:61:97:4B,1,16,205.0,80:02:9C:61:97:4A,10,0,NONE,2026-08-24T16:14:47.583043
45917,BEACON,-85,12,14049,2866,65384,28964,3937591,0,99,7,0,0,14:33:5C:6D:AF:58,0,0,ARMED,448.0,0,1,80:02:9C:61:97:4B,1,3,53.1,80:02:9C:61:97:4A,10,0,NONE,2026-08-24T16:14:47.868043
45917,,-66,31,292,3932,65384,28964,3938084,0,99,7,0,0,14:33:5C:6D:AF:58,0,0,ARMED,448.0,0,0,80:02:9C:61:97:4B,1,9,240.3,80:02:9C:61:97:4A,10,0,NONE,2026-08-24T16:14:48.361043
45917,PROBE_REQ,33,33,0,1023,65384,28964,3938441,0,99,7,0,0,14:33:5C:6D:AF:58,0,0,ARMED,448.0,0,0,80:02:9C:61:97:4B,1,14,161.6,80:02:9C:61:97:4A,10,0,NONE,2026-08-24T16:14:48.718043
45917,BEACON,-76,21,0,3740,65384,28964,3938968,0,99,7,0,0,14:33:5C:6D:AF:58,0,0,ARMED,448.0,0,1,80:02:9C:61:97:4B,1,12,117.2,80:02:9C:61:97:4A,10,0,NONE,2026-08-24T16:14:49.245043
45917,,-43,54,0,1558,65384,28964,3939133,0,99,7,0,0,14:33:5C:6D:AF:58,0,0,ARMED,448.0,0,1,80:02:9C:61:97:4B,1,28,451.3,80:02:9C:61:97:4A,10,0,NONE,2026-08-24T16:14:49.410043
45917,BEACON,-63,34,0,2978,65384,28964,3939558,0,99,7,0,0,14:33:5C:6D:AF:58,0,0,ARMED,448.0,0,1,80:02:9C:61:97:4B,1,8,102.5,80:02:9C:61:97:4A,10,0,NONE,2026-08-24T16:14:49.835043
45917,BEACON,-85,12,0,2774,65384,28964,3939954,0,99,7,0,0,14:33:5C:6D:AF:58,0,0,ARMED,448.0,0,1,80:02:9C:61:97:4B,1,21,326.4,80:02:9C:61:97:4A,10,0,NONE,2026-08-24T16:14:50.231043
45917,PROBE_RESP,-93,4,10033,2155,65384,28964,3940394,0,99,7,0,0,14:33:5C:6D:AF:58,0,0,ARMED,448.0,0,1,80:02:9C:61:97:4B,1,14,147.9,80:02:9C:61:97:4A,10,0,NONE,2026-08-24T16:14:50.671043
45917,BEACON,-76,21,37292,3758,65384,28964,3940812,0,99,7,0,0,14:33:5C:6D:AF:58,0,0,ARMED,448.0,0,1,80:02:9C:61:97:4B,1,13,127.4,80:02:9C:61:97:4A,10,0,NONE,2026-08-24T16:14:51.089043
45917,MGMT_OTHER,-88,9,1138,2082,65384,28964,3940985,0,99,7,0,0,14:33:5C:6D:AF:58,1,1,ARMED,448.0,0,1,80:02:9C:61:97:4B,1,19,259.1,80:02:9C:61:97:4A,10,0,NONE,2026-08-24T16:14:51.262043
45917,BEACON,-90,7,0,1706,65384,28964,3941399,0,99,7,0,0,14:33:5C:6D:AF:58,0,0,ARMED,448.0,0,1,80:02:9C:61:97:4B,1,5,65.7,80:02:9C:61:97:4A,10,0,NONE,2026-08-24T16:14:51.676043
45917,BEACON,-93,4,0,3924,65384,28964,3941852,0,99,7,0,0,14:33:5C:6D:AF:58,0,0,ARMED,448.0,0,0,80:02:9C:61:97:4B,1,3,186.0,80:02:9C:61:97:4A,10,0,NONE,2026-08-24T16:14:52.129043
45917,BEACON,-93,4,30068,3928,65384,28964,3942261,0,99,7,0,0,14:33:5C:6D:AF:58,0,0,ARMED,448.0,0,0,80:02:9C:61:97:4B,1,2,124.6,80:02:9C:61:97:4A,10,0,NONE,2026-08-24T16:14:52.538043
45917,,33,33,0,3775,65384,28964,3942572,0,99,7,0,0,14:33:5C:6D:AF:58,0,0,ARMED,448.0,0,0,80:02:9C:61:97:4B,1,9,457.2,80:02:9C:61:97:4A,10,0,NONE,2026-08-24T16:14:52.849043
45917,BEACON,-90,7,0,1722,65384,28964,3943038,0,99,7,0,0,14:33:5C:6D:AF:58,0,0,ARMED,448.0,0,1,80:02:9C:61:97:4B,1,7,92.0,80:02:9C:61:97:4A,10,0,NONE,2026-08-24T16:14:53.315043
45917,BEACON,-90,7,0,3886,65384,28964,3943278,0,99,7,0,0,14:33:5C:6D:AF:58,0,0,ARMED,448.0,0,1,80:02:9C:61:97:4B,1,2,234.8,80:02:9C:61:97:4A,10,0,NONE,2026-08-24T16:14:53.555043
45917,,-63,34,425,2315,65384,28964,3943477,0,99,7,0,0,14:33:5C:6D:AF:58,0,0,ARMED,448.0,0,0,80:02:9C:61:97:4B,1,4,1441.4,80:02:9C:61:97:4A,10,0,NONE,2026-08-24T16:14:53.754043
45917,BEACON,-88,9,0,1730,65384,28964,3943857,0,99,7,0,0,14:33:5C:6D:AF:58,0,0,ARMED,448.0,0,1,80:02:9C:61:97:4B,1,8,105.2,80:02:9C:61:97:4A,10,0,NONE,2026-08-24T16:14:54.134043
45917,,57,57,0,3790,65384,28964,3944113,0,99,7,0,0,14:33:5C:6D:AF:58,0,1,ARMED,448.0,0,0,80:02:9C:61:97:4B,1,7,269.6,80:02:9C:61:97:4A,10,0,NONE,2026-08-24T16:14:54.390043
45917,,-63,34,0,1398,65384,28964,3944304,0,99,7,0,0,14:33:5C:6D:AF:58,0,0,ARMED,448.0,0,0,80:02:9C:61:97:4B,1,11,1048.1,80:02:9C:61:97:4A,10,0,NONE,2026-08-24T16:14:54.581043
45917,,-67,30,474,4036,65384,28964,3944515,0,99,7,0,0,14:33:5C:6D:AF:58,0,0,ARMED,448.0,0,0,80:02:9C:61:97:4B,1,14,824.4,80:02:9C:61:97:4A,10,0,NONE,2026-08-24T16:14:54.792043
45917,,-42,55,15572,3083,65384,28964,3944909,0,99,7,0,0,14:33:5C:6D:AF:58,0,0,ARMED,448.0,0,1,80:02:9C:61:97:4B,1,1,678.9,80:02:9C:61:97:4A,10,0,NONE,2026-08-24T16:14:55.186043
45917,BEACON,-88,9,0,3959,65384,28964,3945433,0,99,7,0,0,14:33:5C:6D:AF:58,0,0,ARMED,448.0,0,0,80:02:9C:61:97:4B,1,2,144.1,80:02:9C:61:97:4A,10,0,NONE,2026-08-24T16:14:55.710043
45917,BEACON,-85,12,82,2947,65384,28964,3945886,0,99,7,0,0,14:33:5C:6D:AF:58,0,0,ARMED,448.0,0,1,80:02:9C:61:97:4B,1,5,88.4,80:02:9C:61:97:4A,10,0,NONE,2026-08-24T16:14:56.163043
45917,BEACON,-76,21,24459,3811,65384,28964,3946239,0,99,7,0,0,14:33:5C:6D:AF:58,0,0,ARMED,448.0,0,1,80:02:9C:61:97:4B,1,16,156.3,80:02:9C:61:97:4A,10,0,NONE,2026-08-24T16:14:56.516043
45917,BEACON,-90,7,0,3920,65384,28964,3946759,0,99,7,0,0,14:33:5C:6D:AF:58,0,0,ARMED,448.0,0,1,80:02:9C:61:97:4B,1,11,103.0,80:02:9C:61:97:4A,10,0,NONE,2026-08-24T16:14:57.036043
45917,,-59,38,3254,1422,65384,28964,3947028,0,99,7,0,0,14:33:5C:6D:AF:58,0,0,ARMED,448.0,0,1,80:02:9C:61:97:4B,1,21,321.4,80:02:9C:61:97:4A,10,0,NONE,2026-08-24T16:14:57.305043
45917,BEACON,-92,5,0,3928,65384,28964,3947580,0,99,7,0,0,14:33:5C:6D:AF:58,0,0,ARMED,448.0,0,1,80:02:9C:61:97:4B,1,9,87.9,80:02:9C:61:97:4A,10,0,NONE,2026-08-24T16:14:57.857043
45917,,-61,36,5952,632,65384,28964,3947853,0,99,7,0,0,14:33:5C:6D:AF:58,0,0,ARMED,448.0,0,1,80:02:9C:61:97:4B,1,34,483.7,80:02:9C:61:97:4A,10,0,NONE,2026-08-24T16:14:58.130043
45917,BEACON,-90,7,0,3934,65384,28964,3948193,0,99,7,0,0,14:33:5C:6D:AF:58,0,0,ARMED,448.0,0,1,80:02:9C:61:97:4B,1,13,127.0,80:02:9C:61:97:4A,10,0,NONE,2026-08-24T16:14:58.470043
45917,,51,51,0,3089,65384,28964,3948475,0,99,7,0,0,14:33:5C:6D:AF:58,0,0,ARMED,448.0,0,0,80:02:9C:61:97:4B,1,7,90.8,80:02:9C:61:97:4A,10,0,NONE,2026-08-24T16:14:58.752043
45917,,-58,39,27256,1455,65384,28964,3948730,0,99,7,0,0,14:33:5C:6D:AF:58,0,0,ARMED,448.0,0,1,80:02:9C:61:97:4B,1,1,49.6,80:02:9C:61:97:4A,10,0,NONE,2026-08-24T16:14:59.007043
45917,,-44,53,0,1670,65368,28964,3948972,0,99,7,0,0,14:33:5C:6D:AF:58,0,0,ARMED,448.0,0,1,80:02:9C:61:97:4B,1,25,426.4,80:02:9C:61:97:4A,10,0,NONE,2026-08-24T16:14:59.249043
45917,PROBE_RESP,-57,40,0,3103,65384,28964,3949116,0,99,7,0,0,14:33:5C:6D:AF:58,0,1,ARMED,448.0,0,0,80:02:9C:61:97:4B,1,30,303.7,80:02:9C:61:97:4A,10,0,NONE,2026-08-24T16:14:59.393043
45917,BEACON,-84,13,0,2981,65384,28964,3949367,0,99,7,0,0,14:33:5C:6D:AF:58,0,0,ARMED,448.0,0,1,80:02:9C:61:97:4B,1,1,24.6,80:02:9C:61:97:4A,10,0,NONE,2026-08-24T16:14:59.644043
45917,PROBE_REQ,-86,11,0,2771,65384,28964,3949747,0,99,7,0,0,14:33:5C:6D:AF:58,0,0,ARMED,448.0,0,1,80:02:9C:61:97:4B,1,1,75.8,80:02:9C:61:97:4A,10,0,NONE,2026-08-24T16:15:00.024043
45917,BEACON,-75,22,0,3850,65384,28964,3950232,0,99,7,0,0,14:33:5C:6D:AF:58,0,0,ARMED,448.0,0,1,80:02:9C:61:97:4B,1,7,81.0,80:02:9C:61:97:4A,10,0,NONE,2026-08-24T16:15:00.509043
45917,PROBE_RESP,-75,22,0,1419,65384,28964,3950382,0,99,7,0,0,14:33:5C:6D:AF:58,0,1,ARMED,448.0,0,0,80:02:9C:61:97:4B,1,1,346.5,80:02:9C:61:97:4A,10,0,NONE,2026-08-24T16:15:00.659043
45917,PROBE_RESP,-57,40,0,3138,65384,28964,3950869,0,99,7,0,0,14:33:5C:6D:AF:58,0,0,ARMED,448.0,0,1,80:02:9C:61:97:4B,1,12,246.1,80:02:9C:61:97:4A,10,0,NONE,2026-08-24T16:15:01.146043
45917,,-67,30,0,29,65384,28964,3951253,0,99,7,0,0,14:33:5C:6D:AF:58,0,0,ARMED,448.0,0,0,80:02:9C:61:97:4B,1,7,327.2,80:02:9C:61:97:4A,10,0,NONE,2026-08-24T16:15:01.530043
45917,BEACON,-91,6,0,3965,65384,28964,3951367,0,99,7,0,0,14:33:5C:6D:AF:58,0,1,ARMED,448.0,0,1,80:02:9C:61:97:4B,1,5,142.9,80:02:9C:61:97:4A,10,0,NONE,2026-08-24T16:15:01.644043
45917,,-57,40,120000,1492,65384,28964,3951745,0,99,7,0,0,14:33:5C:6D:AF:58,0,0,ARMED,448.0,0,1,80:02:9C:61:97:4B,1,2,707.0,80:02:9C:61:97:4A,10,0,NONE,2026-08-24T16:15:02.022043
45917,BEACON,-88,9,0,1812,65384,28964,3952254,0,99,7,0,0,14:33:5C:6D:AF:58,0,0,ARMED,448.0,0,1,80:02:9C:61:97:4B,1,8,78.1,80:02:9C:61:97:4A,10,0,NONE,2026-08-24T16:15:02.531043
45917,,-45,52,50585,620,65384,28964,3952865,0,99,7,0,0,14:33:5C:6D:AF:58,0,0,ARMED,448.0,0,1,80:02:9C:61:97:4B,1,10,100.4,80:02:9C:61:97:4A,10,0,NONE,2026-08-24T16:15:03.142043
45917,,-70,27,0,1126,65384,28964,3953242,0,99,7,0,0,14:33:5C:6D:AF:58,0,0,ARMED,448.0,0,1,80:02:9C:61:97:4B,1,14,210.4,80:02:9C:61:97:4A,10,0,NONE,2026-08-24T16:15:03.519043
45917,,-95,2,108763,2621,65384,28964,3953553,0,99,7,0,0,14:33:5C:6D:AF:58,0,0,ARMED,448.0,0,1,80:02:9C:61:97:4B,1,6,84.5,80:02:9C:61:97:4A,10,0,NONE,2026-08-24T16:15:03.830043
45917,,-46,51,0,1711,65384,28964,3953956,0,99,7,0,0,14:33:5C:6D:AF:58,0,0,ARMED,448.0,0,1,80:02:9C:61:97:4B,1,10,155.7,80:02:9C:61:97:4A,10,0,NONE,2026-08-24T16:15:04.233043
45917,,51,51,0,1023,65384,28964,3954070,0,99,7,0,0,14:33:5C:6D:AF:58,0,1,ARMED,448.0,0,0,80:02:9C:61:97:4B,1,31,399.5,80:02:9C:61:97:4A,10,0,NONE,2026-08-24T16:15:04.347043
45917,BEACON,-75,22,0,3891,65384,28964,3954431,0,99,7,0,0,14:33:5C:6D:AF:58,0,0,ARMED,448.0,0,1,80:02:9C:61:97:4B,1,7,263.4,80:02:9C:61:97:4A,10,0,NONE,2026-08-24T16:15:04.708043
45917,,-67,30,291,91,65384,28964,3954742,0,99,7,0,0,14:33:5C:6D:AF:58,0,0,ARMED,448.0,0,0,80:02:9C:61:97:4B,1,7,228.4,80:02:9C:61:97:4A,10,0,NONE,2026-08-24T16:15:05.019043
45917,BEACON,-57,40,0,3190,65384,28964,3955021,0,99,7,0,0,14:33:5C:6D:AF:58,0,0,ARMED,448.0,0,1,80:02:9C:61:97:4B,1,1,479.6,80:02:9C:61:97:4A,10,0,NONE,2026-08-24T16:15:05.298043
45917,,-44,53,85110,3125,65384,28964,3955629,0,99,7,0,0,14:33:5C:6D:AF:58,0,0,ARMED,448.0,0,1,80:02:9C:61:97:4B,1,8,80.9,80:02:9C:61:97:4A,10,0,NONE,2026-08-24T16:15:05.906043
45917,BEACON,-85,12,0,3047,65384,28964,3956126,0,99,7,0,0,14:33:5C:6D:AF:58,0,0,ARMED,448.0,0,1,80:02:9C:61:97:4B,1,6,72.1,80:02:9C:61:97:4A,10,0,NONE,2026-08-24T16:15:06.403043
45917,,-67,30,1240,115,65384,28964,3956526,0,99,7,0,0,14:33:5C:6D:AF:58,0,0,ARMED,448.0,0,1,80:02:9C:61:97:4B,1,18,244.2,80:02:9C:61:97:4A,10,0,NONE,2026-08-24T16:15:06.803043
45917,,-45,52,0,1776,65384,28964,3956865,0,99,7,0,0,14:33:5C:6D:AF:58,0,0,ARMED,448.0,0,1,80:02:9C:61:97:4B,1,4,1336.9,80:02:9C:61:97:4A,10,0,NONE,2026-08-24T16:15:07.142043
45917,,-45,52,0,1779,65384,28964,3957360,0,99,7,0,0,14:33:5C:6D:AF:58,0,0,ARMED,448.0,0,0,80:02:9C:61:97:4B,1,8,89.6,80:02:9C:61:97:4A,10,0,NONE,2026-08-24T16:15:07.637043
45917,,-58,39,915,1550,65384,28964,3957561,0,99,7,0,0,14:33:5C:6D:AF:58,0,0,ARMED,448.0,0,0,80:02:9C:61:97:4B,1,34,402.0,80:02:9C:61:97:4A,10,0,NONE,2026-08-24T16:15:07.838043
45917,BEACON,-57,40,0,3221,65312,28964,3957785,0,99,7,0,0,14:33:5C:6D:AF:58,0,0,ARMED,448.0,0,1,80:02:9C:61:97:4B,1,1,470.1,80:02:9C:61:97:4A,10,0,NONE,2026-08-24T16:15:08.062043
45917,,-68,29,0,168,65384,28964,3958149,0,99,7,0,0,14:33:5C:6D:AF:58,0,0,ARMED,448.0,0,0,80:02:9C:61:97:4B,1,15,258.3,80:02:9C:61:97:4A,10,0,NONE,2026-08-24T16:15:08.426043
45917,,-57,40,256,2316,65384,28964,3958340,0,99,7,0,0,14:33:5C:6D:AF:58,0,0,ARMED,448.0,0,1,80:02:9C:61:97:4B,1,10,221.6,80:02:9C:61:97:4A,10,0,NONE,2026-08-24T16:15:08.617043
45917,,-68,29,276,187,65384,28964,3958721,0,99,7,0,0,14:33:5C:6D:AF:58,0,0,ARMED,448.0,0,1,80:02:9C:61:97:4B,1,5,313.8,80:02:9C:61:97:4A,10,0,NONE,2026-08-24T16:15:08.998043
45917,,-44,53,6132,1789,65384,28964,3959005,0,99,7,0,0,14:33:5C:6D:AF:58,1,0,ARMED,448.0,0,0,80:02:9C:61:97:4B,1,17,177.6,80:02:9C:61:97:4A,10,0,NONE,2026-08-24T16:15:09.282043
45917,,-44,53,1216,1831,65384,28964,3959125,0,99,7,0,0,14:33:5C:6D:AF:58,0,1,ARMED,448.0,0,0,80:02:9C:61:97:4B,1,7,1102.5,80:02:9C:61:97:4A,10,0,NONE,2026-08-24T16:15:09.402043
45917,BEACON,-86,11,10124,385,65384,28964,3959611,0,99,7,0,0,14:33:5C:6D:AF:58,0,0,ARMED,448.0,0,1,80:02:9C:61:97:4B,1,7,80.7,80:02:9C:61:97:4A,10,0,NONE,2026-08-24T16:15:09.888043
45917,BEACON,-89,8,21393,7,65384,28964,3960181,0,99,7,0,0,14:33:5C:6D:AF:58,0,0,ARMED,448.0,0,0,80:02:9C:61:97:4B,1,4,93.7,80:02:9C:61:97:4A,10,0,NONE,2026-08-24T16:15:10.458043
45917,,-68,29,770,205,65384,28964,3960672,0,99,7,0,0,14:33:5C:6D:AF:58,0,0,ARMED,448.0,0,0,80:02:9C:61:97:4B,1,12,548.6,80:02:9C:61:97:4A,10,0,NONE,2026-08-24T16:15:10.949043
45917,BEACON,-58,39,0,3256,65384,28964,3961062,0,99,7,0,0,14:33:5C:6D:AF:58,0,0,ARMED,448.0,0,1,80:02:9C:61:97:4B,1,1,478.7,80:02:9C:61:97:4A,10,0,NONE,2026-08-24T16:15:11.339043
45917,,-44,53,13071,3157,65384,28964,3961637,0,99,7,0,0,14:33:5C:6D:AF:58,0,0,ARMED,448.0,0,1,80:02:9C:61:97:4B,1,8,122.5,80:02:9C:61:97:4A,10,0,NONE,2026-08-24T16:15:11.914043
45917,,-67,30,292,233,65384,28964,3961850,0,99,7,0,0,14:33:5C:6D:AF:58,0,0,ARMED,448.0,0,0,80:02:9C:61:97:4B,1,19,258.5,80:02:9C:61:97:4A,10,0,NONE,2026-08-24T16:15:12.127043
45917,BEACON,-89,8,0,27,65384,28964,3962229,0,99,7,0,0,14:33:5C:6D:AF:58,0,0,ARMED,448.0,0,0,80:02:9C:61:97:4B,1,6,140.5,80:02:9C:61:97:4A,10,0,NONE,2026-08-24T16:15:12.506043
45917,BEACON,-92,5,0,1916,65384,28964,3962903,0,99,7,0,0,14:33:5C:6D:AF:58,0,0,ARMED,448.0,0,1,80:02:9C:61:97:4B,1,5,48.8,80:02:9C:61:97:4A,10,0,NONE,2026-08-24T16:15:13.180043
45917,BEACON,-57,40,0,3278,65384,28964,3963213,0,99,7,0,0,14:33:5C:6D:AF:58,0,0,ARMED,448.0,0,1,80:02:9C:61:97:4B,1,1,476.9,80:02:9C:61:97:4A,10,0,NONE,2026-08-24T16:15:13.490043
45917,BEACON,-75,22,0,3982,65384,28964,3963749,0,99,7,0,0,14:33:5C:6D:AF:58,0,0,ARMED,448.0,0,1,80:02:9C:61:97:4B,1,5,187.5,80:02:9C:61:97:4A,10,0,NONE,2026-08-24T16:15:14.026043
45917,,52,52,0,3287,65384,28964,3964044,0,99,7,0,0,14:33:5C:6D:AF:58,0,0,ARMED,448.0,0,0,80:02:9C:61:97:4B,1,3,195.2,80:02:9C:61:97:4A,10,0,NONE,2026-08-24T16:15:14.321043
45917,,39,39,0,1023,65384,28964,3964181,0,99,7,0,0,14:33:5C:6D:AF:58,0,1,ARMED,448.0,0,1,80:02:9C:61:97:4B,1,12,268.2,80:02:9C:61:97:4A,10,0,NONE,2026-08-24T16:15:14.458043
45917,BEACON,-57,40,0,3294,65384,28964,3964748,0,99,7,0,0,14:33:5C:6D:AF:58,0,0,ARMED,448.0,0,1,80:02:9C:61:97:4B,1,1,477.6,80:02:9C:61:97:4A,10,0,NONE,2026-08-24T16:15:15.025043
45917,,-69,28,291,275,65384,28964,3965130,0,99,7,0,0,14:33:5C:6D:AF:58,0,0,ARMED,448.0,0,0,80:02:9C:61:97:4B,1,10,131.1,80:02:9C:61:97:4A,10,0,NONE,2026-08-24T16:15:15.407043
45917,BEACON,-85,12,0,3024,65384,28964,3965554,0,99,7,0,0,14:33:5C:6D:AF:58,0,0,ARMED,448.0,0,1,80:02:9C:61:97:4B,1,9,98.9,80:02:9C:61:97:4A,10,0,NONE,2026-08-24T16:15:15.831043
45917,MGMT_OTHER,-88,9,60941,3751,65384,28964,3966004,0,99,7,0,0,14:33:5C:6D:AF:58,0,0,ARMED,448.0,0,1,80:02:9C:61:97:4B,1,3,102.6,80:02:9C:61:97:4A,10,0,NONE,2026-08-24T16:15:16.281043
45917,BEACON,-84,13,0,456,65384,28964,3966472,0,99,7,0,0,14:33:5C:6D:AF:58,0,0,ARMED,448.0,0,1,80:02:9C:61:97:4B,1,9,103.2,80:02:9C:61:97:4A,10,0,NONE,2026-08-24T16:15:16.749043
45917,,-68,29,537,302,65384,28964,3966894,0,99,7,0,0,14:33:5C:6D:AF:58,0,0,ARMED,448.0,0,0,80:02:9C:61:97:4B,1,20,201.1,80:02:9C:61:97:4A,10,0,NONE,2026-08-24T16:15:17.171043
45917,,-85,12,0,3231,65384,28964,3967300,0,99,7,0,0,14:33:5C:6D:AF:58,0,0,ARMED,448.0,0,1,80:02:9C:61:97:4B,1,8,114.6,80:02:9C:61:97:4A,10,0,NONE,2026-08-24T16:15:17.577043
45917,BEACON,-85,12,0,471,65384,28964,3967803,0,99,7,0,0,14:33:5C:6D:AF:58,0,0,ARMED,448.0,0,1,80:02:9C:61:97:4B,1,3,49.6,80:02:9C:61:97:4A,10,0,NONE,2026-08-24T16:15:18.080043
45917,PROBE_RESP,-74,23,0,1444,65384,28964,3968003,0,99,7,0,0,14:33:5C:6D:AF:58,0,0,ARMED,448.0,0,1,80:02:9C:61:97:4B,1,20,360.4,80:02:9C:61:97:4A,10,0,NONE,2026-08-24T16:15:18.280043
45917,,-44,53,220,3193,65384,28964,3968372,0,99,7,0,0,14:33:5C:6D:AF:58,0,0,ARMED,448.0,0,0,80:02:9C:61:97:4B,1,8,526.1,80:02:9C:61:97:4A,10,0,NONE,2026-08-24T16:15:18.649043
45917,,-57,40,1011,1685,65384,28964,3968603,0,99,7,0,0,14:33:5C:6D:AF:58,0,0,ARMED,448.0,0,0,80:02:9C:61:97:4B,1,28,676.3,80:02:9C:61:97:4A,10,0,NONE,2026-08-24T16:15:18.880043
45917,BEACON,-90,7,0,41,65384,28964,3968980,0,99,7,0,0,14:33:5C:6D:AF:58,0,0,ARMED,448.0,0,1,80:02:9C:61:97:4B,1,2,235.2,80:02:9C:61:97:4A,10,0,NONE,2026-08-24T16:15:19.257043
45917,,-57,40,2965,1692,65384,28964,3969101,0,99,7,0,0,14:33:5C:6D:AF:58,0,1,ARMED,448.0,0,0,80:02:9C:61:97:4B,1,23,847.2,80:02:9C:61:97:4A,10,0,NONE,2026-08-24T16:15:19.378043
45917,,-44,53,2289,1981,65384,28964,3969188,0,99,7,0,0,14:33:5C:6D:AF:58,0,1,ARMED,448.0,0,0,80:02:9C:61:97:4B,1,7,514.3,80:02:9C:61:97:4A,10,0,NONE,2026-08-24T16:15:19.465043
45917,MGMT_OTHER,-86,11,0,2626,65384,28964,3969651,0,99,7,0,0,14:33:5C:6D:AF:58,0,0,ARMED,448.0,0,1,80:02:9C:61:97:4B,1,7,107.7,80:02:9C:61:97:4A,10,0,NONE,2026-08-24T16:15:19.928043
45917,PROBE_RESP,-57,40,0,3357,65384,28964,3970181,0,99,7,0,0,14:33:5C:6D:AF:58,0,0,ARMED,448.0,0,1,80:02:9C:61:97:4B,1,11,132.2,80:02:9C:61:97:4A,10,0,NONE,2026-08-24T16:15:20.458043
45917,BEACON,-57,40,0,3363,65384,28964,3970790,0,99,7,0,0,14:33:5C:6D:AF:58,0,0,ARMED,448.0,0,1,80:02:9C:61:97:4B,1,6,86.5,80:02:9C:61:97:4A,10,0,NONE,2026-08-24T16:15:21.067043
45917,,-91,6,1295,889,65384,28964,3971125,0,99,7,0,0,14:33:5C:6D:AF:58,0,0,ARMED,448.0,0,1,80:02:9C:61:97:4B,1,26,268.6,80:02:9C:61:97:4A,10,0,NONE,2026-08-24T16:15:21.402043
45917,DISASSOC,-92,5,39925,3525,65384,28964,3971685,0,99,7,0,0,14:33:5C:6D:AF:58,0,0,ARMED,448.0,0,1,80:02:9C:61:97:4B,1,7,74.8,80:02:9C:61:97:4A,10,0,NONE,2026-08-24T16:15:21.962043
45917,,-70,27,0,385,65384,28964,3972073,0,99,7,0,0,14:33:5C:6D:AF:58,0,0,ARMED,448.0,0,0,80:02:9C:61:97:4B,1,19,278.8,80:02:9C:61:97:4A,10,0,NONE,2026-08-24T16:15:22.350043
45917,BEACON,-75,22,0,4068,65396,28964,3972555,0,99,7,0,0,14:33:5C:6D:AF:58,0,0,ARMED,448.0,0,1,80:02:9C:61:97:4B,1,5,119.0,80:02:9C:61:97:4A,10,0,NONE,2026-08-24T16:15:22.832043
45917,,38,38,0,1023,65396,28964,3972925,0,99,7,0,0,14:33:5C:6D:AF:58,0,0,ARMED,448.0,0,1,80:02:9C:61:97:4B,1,17,169.3,80:02:9C:61:97:4A,10,0,NONE,2026-08-24T16:15:23.202043
45917,,-76,21,536,3838,65384,28964,3973369,0,99,7,0,0,14:33:5C:6D:AF:58,0,0,ARMED,448.0,0,1,80:02:9C:61:97:4B,1,17,465.6,80:02:9C:61:97:4A,10,0,NONE,2026-08-24T16:15:23.646043
45917,BEACON,-74,23,0,4080,65384,28964,3973784,0,99,7,0,0,14:33:5C:6D:AF:58,0,0,ARMED,448.0,0,1,80:02:9C:61:97:4B,1,5,187.1,80:02:9C:61:97:4A,10,0,NONE,2026-08-24T16:15:24.061043
45917,,50,50,0,3396,65384,28964,3973983,0,99,7,0,0,14:33:5C:6D:AF:58,0,1,ARMED,448.0,0,0,80:02:9C:61:97:4B,1,7,342.2,80:02:9C:61:97:4A,10,0,NONE,2026-08-24T16:15:24.260043
45917,BEACON,-74,23,0,4084,65384,28964,3974194,0,99,7,0,0,14:33:5C:6D:AF:58,0,0,ARMED,448.0,0,1,80:02:9C:61:97:4B,1,2,74.7,80:02:9C:61:97:4A,10,0,NONE,2026-08-24T16:15:24.471043
45917,,60,60,0,4088,65384,28964,3974669,0,99,7,0,0,14:33:5C:6D:AF:58,0,0,ARMED,448.0,0,1,80:02:9C:61:97:4B,1,9,97.4,80:02:9C:61:97:4A,10,0,NONE,2026-08-24T16:15:24.946043
45917,BEACON,-88,9,82,2035,65384,28964,3975089,0,99,7,0,0,14:33:5C:6D:AF:58,0,0,ARMED,448.0,0,1,80:02:9C:61:97:4B,1,15,146.5,80:02:9C:61:97:4A,10,0,NONE,2026-08-24T16:15:25.366043
45917,BEACON,-92,5,52,105,65384,28964,3975533,0,99,7,0,0,14:33:5C:6D:AF:58,0,0,ARMED,448.0,0,1,80:02:9C:61:97:4B,1,20,567.9,80:02:9C:61:97:4A,10,0,NONE,2026-08-24T16:15:25.810043
45917,,-58,39,993,1761,65384,28964,3975678,0,99,7,0,0,14:33:5C:6D:AF:58,0,1,ARMED,448.0,0,0,80:02:9C:61:97:4B,1,42,542.7,80:02:9C:61:97:4A,10,0,NONE,2026-08-24T16:15:25.955043
45917,BEACON,-94,3,0,164,65384,28964,3976258,0,99,7,0,0,14:33:5C:6D:AF:58,0,0,ARMED,448.0,0,0,80:02:9C:61:97:4B,1,5,116.8,80:02:9C:61:97:4A,10,0,NONE,2026-08-24T16:15:26.535043
45917,BEACON,-84,13,0,3134,65384,28964,3976818,0,99,7,0,0,14:33:5C:6D:AF:58,0,0,ARMED,448.0,0,1,80:02:9C:61:97:4B,1,8,87.8,80:02:9C:61:97:4A,10,0,NONE,2026-08-24T16:15:27.095043
45917,,-64,33,370,462,65384,28964,3977285,0,99,7,0,0,14:33:5C:6D:AF:58,0,0,ARMED,448.0,0,0,80:02:9C:61:97:4B,1,7,368.6,80:02:9C:61:97:4A,10,0,NONE,2026-08-24T16:15:27.562043
45917,,37,37,0,1023,65384,28964,3977724,0,99,7,0,0,14:33:5C:6D:AF:58,0,0,ARMED,448.0,0,0,80:02:9C:61:97:4B,1,7,143.4,80:02:9C:61:97:4A,10,0,NONE,2026-08-24T16:15:28.001043
45917,BEACON,-89,8,0,2063,65384,28964,3977956,0,99,7,0,0,14:33:5C:6D:AF:58,0,0,ARMED,448.0,0,1,80:02:9C:61:97:4B,1,6,79.2,80:02:9C:61:97:4A,10,0,NONE,2026-08-24T16:15:28.233043
45917,,-58,39,3018,1780,65384,28964,3978323,0,99,7,0,0,14:33:5C:6D:AF:58,0,0,ARMED,448.0,0,0,80:02:9C:61:97:4B,1,19,570.2,80:02:9C:61:97:4A,10,0,NONE,2026-08-24T16:15:28.600043
45917,BEACON,-59,38,4657,3447,65384,28964,3978877,0,99,7,0,0,14:33:5C:6D:AF:58,0,0,ARMED,448.0,0,1,80:02:9C:61:97:4B,1,10,132.0,80:02:9C:61:97:4A,10,0,NONE,2026-08-24T16:15:29.154043
45917,,-59,38,0,1785,65384,28964,3979021,0,99,7,0,0,14:33:5C:6D:AF:58,0,0,ARMED,448.0,0,0,80:02:9C:61:97:4B,1,24,1406.5,80:02:9C:61:97:4A,10,0,NONE,2026-08-24T16:15:29.298043
45917,BEACON,-75,22,29973,37,65384,28964,3979211,0,99,7,0,0,14:33:5C:6D:AF:58,0,0,ARMED,448.0,0,1,80:02:9C:61:97:4B,1,7,68.3,80:02:9C:61:97:4A,10,0,NONE,2026-08-24T16:15:29.488043
45917,,-64,33,311,518,65384,28964,3979455,0,99,7,0,0,14:33:5C:6D:AF:58,0,0,ARMED,448.0,0,1,80:02:9C:61:97:4B,1,23,573.1,80:02:9C:61:97:4A,10,0,NONE,2026-08-24T16:15:29.732043
45917,BEACON,-74,23,51403,45,65384,28964,3980031,0,99,7,0,0,14:33:5C:6D:AF:58,0,0,ARMED,448.0,0,1,80:02:9C:61:97:4B,1,7,69.0,80:02:9C:61:97:4A,10,0,NONE,2026-08-24T16:15:30.308043
45917,BEACON,-90,7,0,154,65384,28964,3980551,0,99,7,0,0,14:33:5C:6D:AF:58,0,0,ARMED,448.0,0,1,80:02:9C:61:97:4B,1,1,117.8,80:02:9C:61:97:4A,10,0,NONE,2026-08-24T16:15:30.828043
45917,BEACON,-90,7,0,211,65384,28964,3981071,0,99,7,0,0,14:33:5C:6D:AF:58,0,0,ARMED,448.0,0,0,80:02:9C:61:97:4B,1,2,126.4,80:02:9C:61:97:4A,10,0,NONE,2026-08-24T16:15:31.348043
45917,,-64,33,873,522,65384,28964,3981513,0,99,7,0,0,14:33:5C:6D:AF:58,0,0,ARMED,448.0,0,0,80:02:9C:61:97:4B,1,8,161.9,80:02:9C:61:97:4A,10,0,NONE,2026-08-24T16:15:31.790043
45917,,-76,21,0,1472,65384,28964,3981870,0,99,7,0,0,14:33:5C:6D:AF:58,0,0,ARMED,448.0,0,1,80:02:9C:61:97:4B,1,12,121.7,80:02:9C:61:97:4A,10,0,NONE,2026-08-24T16:15:32.147043
45917,,-86,11,29966,2065,65384,28964,3982295,0,99,7,0,0,14:33:5C:6D:AF:58,0,0,ARMED,448.0,0,1,80:02:9C:61:97:4B,1,2,167.0,80:02:9C:61:97:4A,10,0,NONE,2026-08-24T16:15:32.572043
45917,,-59,38,0,2363,65384,28964,3982381,0,99,7,0,0,14:33:5C:6D:AF:58,0,0,ARMED,448.0,0,0,80:02:9C:61:97:4B,1,52,533.8,80:02:9C:61:97:4A,10,0,NONE,2026-08-24T16:15:32.658043
45917,,-46,51,166,3252,65384,28964,3982486,0,99,7,0,0,14:33:5C:6D:AF:58,0,1,ARMED,448.0,0,0,80:02:9C:61:97:4B,1,3,3000.0,80:02:9C:61:97:4A,10,0,NONE,2026-08-24T16:15:32.763043
45917,,-72,25,0,1148,65384,28964,3982567,0,99,7,0,0,14:33:5C:6D:AF:58,0,1,ARMED,448.0,0,1,80:02:9C:61:97:4B,1,53,646.8,80:02:9C:61:97:4A,10,0,NONE,2026-08-24T16:15:32.844043
45917,,-76,21,1363,3881,65384,28964,3982712,0,99,7,0,0,14:33:5C:6D:AF:58,0,0,ARMED,448.0,0,0,80:02:9C:61:97:4B,1,22,1146.5,80:02:9C:61:97:4A,10,0,NONE,2026-08-24T16:15:32.989043
45917,BEACON,-93,4,0,178,65384,28964,3983009,0,99,7,0,0,14:33:5C:6D:AF:58,0,0,ARMED,448.0,0,1,80:02:9C:61:97:4B,1,1,117.7,80:02:9C:61:97:4A,10,0,NONE,2026-08-24T16:15:33.286043
45917,BEACON,-95,2,0,2601,65384,28964,3983439,0,99,7,0,0,14:33:5C:6D:AF:58,0,0,ARMED,448.0,0,1,80:02:9C:61:97:4B,1,3,101.6,80:02:9C:61:97:4A,10,0,NONE,2026-08-24T16:15:33.716043
45917,,-74,23,0,1477,65384,28964,3983900,0,99,7,0,0,14:33:5C:6D:AF:58,0,0,ARMED,448.0,0,1,80:02:9C:61:97:4B,1,7,86.5,80:02:9C:61:97:4A,10,0,NONE,2026-08-24T16:15:34.177043
45917,,37,37,0,1023,65384,28964,3984059,0,99,7,0,0,14:33:5C:6D:AF:58,0,0,ARMED,448.0,0,0,80:02:9C:61:97:4B,1,31,1001.8,80:02:9C:61:97:4A,10,0,NONE,2026-08-24T16:15:34.336043
45917,BEACON,-59,38,0,3506,65384,28964,3984204,0,99,7,0,0,14:33:5C:6D:AF:58,0,1,ARMED,448.0,0,1,80:02:9C:61:97:4B,1,10,132.3,80:02:9C:61:97:4A,10,0,NONE,2026-08-24T16:15:34.481043
45917,,-64,33,438,573,65384,28964,3984651,0,99,7,0,0,14:33:5C:6D:AF:58,0,0,ARMED,448.0,0,0,80:02:9C:61:97:4B,1,4,320.1,80:02:9C:61:97:4A,10,0,NONE,2026-08-24T16:15:34.928043
45917,,-94,3,28525,3670,65384,28964,3985053,0,99,7,0,0,14:33:5C:6D:AF:58,0,0,ARMED,448.0,0,1,80:02:9C:61:97:4B,1,1,219.3,80:02:9C:61:97:4A,10,0,NONE,2026-08-24T16:15:35.330043
45917,PROBE_RESP,-74,23,0,1481,65384,28964,3985496,0,99,7,0,0,14:33:5C:6D:AF:58,0,0,ARMED,448.0,0,0,80:02:9C:61:97:4B,1,6,157.5,80:02:9C:61:97:4A,10,0,NONE,2026-08-24T16:15:35.773043
45917,PROBE_RESP,-61,36,0,3525,65384,28964,3985763,0,99,7,0,0,14:33:5C:6D:AF:58,0,0,ARMED,448.0,0,0,80:02:9C:61:97:4B,1,18,179.2,80:02:9C:61:97:4A,10,0,NONE,2026-08-24T16:15:36.040043
45917,,-63,34,584,1126,65384,28964,3985932,0,99,7,0,0,14:33:5C:6D:AF:58,0,1,ARMED,448.0,0,1,80:02:9C:61:97:4B,1,22,341.2,80:02:9C:61:97:4A,10,0,NONE,2026-08-24T16:15:36.209043
45917,BEACON,-84,13,0,3226,65384,28964,3986239,0,99,7,0,0,14:33:5C:6D:AF:58,0,0,ARMED,448.0,0,1,80:02:9C:61:97:4B,1,8,124.1,80:02:9C:61:97:4A,10,0,NONE,2026-08-24T16:15:36.516043
45917,PROBE_RESP,-89,8,0,3122,65384,28964,3986549,0,99,7,0,0,14:33:5C:6D:AF:58,0,1,ARMED,448.0,0,1,80:02:9C:61:97:4B,1,9,133.5,80:02:9C:61:97:4A,10,0,NONE,2026-08-24T16:15:36.826043
45917,,-84,13,0,3272,65384,28964,3987075,0,99,7,0,0,14:33:5C:6D:AF:58,0,0,ARMED,448.0,0,0,80:02:9C:61:97:4B,1,12,147.3,80:02:9C:61:97:4A,10,0,NONE,2026-08-24T16:15:37.352043
45917,,-69,28,0,1157,65384,28964,3987391,0,99,7,0,0,14:33:5C:6D:AF:58,0,0,ARMED,448.0,0,1,80:02:9C:61:97:4B,1,18,199.3,80:02:9C:61:97:4A,10,0,NONE,2026-08-24T16:15:37.668043
45917,,50,50,0,1023,65384,28964,3987603,0,99,7,0,0,14:33:5C:6D:AF:58,0,0,ARMED,448.0,0,1,80:02:9C:61:97:4B,1,26,301.9,80:02:9C:61:97:4A,10,0,NONE,2026-08-24T16:15:37.880043
45917,BEACON,-61,36,54135,3551,65384,28964,3987889,0,99,7,0,0,14:33:5C:6D:AF:58,0,1,ARMED,448.0,0,1,80:02:9C:61:97:4B,1,6,99.0,80:02:9C:61:97:4A,10,0,NONE,2026-08-24T16:15:38.166043
45917,BEACON,-84,13,22837,3360,65384,28964,3988177,0,99,7,0,0,14:33:5C:6D:AF:58,0,0,ARMED,448.0,0,1,80:02:9C:61:97:4B,1,1,29.9,80:02:9C:61:97:4A,10,0,NONE,2026-08-24T16:15:38.454043
45917,BEACON,-84,13,0,688,65384,28964,3988590,0,99,7,0,0,14:33:5C:6D:AF:58,0,0,ARMED,448.0,0,1,80:02:9C:61:97:4B,1,10,97.6,80:02:9C:61:97:4A,10,0,NONE,2026-08-24T16:15:38.867043
45917,,-89,8,623,2092,65384,28964,3988926,0,99,7,0,0,14:33:5C:6D:AF:58,0,0,ARMED,448.0,0,1,80:02:9C:61:97:4B,1,5,204.9,80:02:9C:61:97:4A,10,0,NONE,2026-08-24T16:15:39.203043
45917,,-45,52,0,2219,65384,28964,3989111,0,99,7,0,0,14:33:5C:6D:AF:58,0,1,ARMED,448.0,0,0,80:02:9C:61:97:4B,1,7,1001.1,80:02:9C:61:97:4A,10,0,NONE,2026-08-24T16:15:39.388043
45917,,-57,40,921,1896,65384,28964,3989397,0,99,7,0,0,14:33:5C:6D:AF:58,0,0,ARMED,448.0,0,0,80:02:9C:61:97:4B,1,18,200.2,80:02:9C:61:97:4A,10,0,NONE,2026-08-24T16:15:39.674043
45917,BEACON,-84,13,0,3375,65384,28964,3989713,0,99,7,0,0,14:33:5C:6D:AF:58,0,0,ARMED,448.0,0,1,80:02:9C:61:97:4B,1,5,50.7,80:02:9C:61:97:4A,10,0,NONE,2026-08-24T16:15:39.990043
45917,,-89,8,11510,117,65384,28964,3990317,0,99,7,0,0,14:33:5C:6D:AF:58,0,0,ARMED,448.0,0,1,80:02:9C:61:97:4B,1,6,82.1,80:02:9C:61:97:4A,10,0,NONE,2026-08-24T16:15:40.594043
45917,BEACON,-59,38,0,3586,65384,28964,3990963,0,99,7,0,0,14:33:5C:6D:AF:58,0,0,ARMED,448.0,0,1,80:02:9C:61:97:4B,1,1,484.0,80:02:9C:61:97:4A,10,0,NONE,2026-08-24T16:15:41.240043
45917,,-59,38,3011,2396,65384,28964,3991317,0,99,7,0,0,14:33:5C:6D:AF:58,0,0,ARMED,448.0,0,1,80:02:9C:61:97:4B,1,17,348.0,80:02:9C:61:97:4A,10,0,NONE,2026-08-24T16:15:41.594043
45917,,-62,35,48119,685,65384,28964,3991721,0,99,7,0,0,14:33:5C:6D:AF:58,0,0,ARMED,448.0,0,1,80:02:9C:61:97:4B,1,4,91.5,80:02:9C:61:97:4A,10,0,NONE,2026-08-24T16:15:41.998043
45917,,-58,39,20434,2411,65384,28964,3991923,0,99,7,0,0,14:33:5C:6D:AF:58,0,0,ARMED,448.0,0,1,80:02:9C:61:97:4B,1,20,484.2,80:02:9C:61:97:4A,10,0,NONE,2026-08-24T16:15:42.200043
45917,,-100,-3,13609,476,65384,28964,3992185,0,99,7,0,0,14:33:5C:6D:AF:58,0,0,ARMED,448.0,0,1,80:02:9C:61:97:4B,1,15,153.3,80:02:9C:61:97:4A,10,0,NONE,2026-08-24T16:15:42.462043
45917,,49,49,0,1023,65384,28964,3992645,0,99,7,0,0,14:33:5C:6D:AF:58,0,0,ARMED,448.0,0,0,80:02:9C:61:97:4B,1,8,407.1,80:02:9C:61:97:4A,10,0,NONE,2026-08-24T16:15:42.922043
45917,,-63,34,292,716,65384,28964,3992969,0,99,7,0,0,14:33:5C:6D:AF:58,0,0,ARMED,448.0,0,0,80:02:9C:61:97:4B,1,10,274.9,80:02:9C:61:97:4A,10,0,NONE,2026-08-24T16:15:43.246043
45917,,31,31,0,174,65384,28964,3993262,0,99,7,0,0,14:33:5C:6D:AF:58,0,0,ARMED,448.0,0,1,80:02:9C:61:97:4B,1,3,135.0,80:02:9C:61:97:4A,10,0,NONE,2026-08-24T16:15:43.539043
45917,BEACON,-85,12,0,741,65384,28964,3993813,0,99,7,0,0,14:33:5C:6D:AF:58,0,0,ARMED,448.0,0,1,80:02:9C:61:97:4B,1,6,99.2,80:02:9C:61:97:4A,10,0,NONE,2026-08-24T16:15:44.090043
45917,,53,53,0,182,65384,28964,3994120,0,99,7,0,0,14:33:5C:6D:AF:58,0,0,ARMED,448.0,0,0,80:02:9C:61:97:4B,1,22,363.9,80:02:9C:61:97:4A,10,0,NONE,2026-08-24T16:15:44.397043
45917,,-50,47,0,3324,65384,28964,3994513,0,99,7,0,0,14:33:5C:6D:AF:58,0,0,ARMED,448.0,0,1,80:02:9C:61:97:4B,1,5,112.7,80:02:9C:61:97:4A,10,0,NONE,2026-08-24T16:15:44.790043
45917,PROBE_RESP,-88,9,0,3124,65384,28964,3994599,0,99,7,0,0,14:33:5C:6D:AF:58,0,0,ARMED,448.0,0,1,80:02:9C:61:97:4B,1,33,1192.7,80:02:9C:61:97:4A,10,0,NONE,2026-08-24T16:15:44.876043
45917,BEACON,-89,8,0,347,65384,28964,3994997,0,99,7,0,0,14:33:5C:6D:AF:58,0,0,ARMED,448.0,0,0,80:02:9C:61:97:4B,1,3,186.2,80:02:9C:61:97:4A,10,0,NONE,2026-08-24T16:15:45.274043
45917,BEACON,-85,12,0,3315,65384,28964,3995353,0,99,7,0,0,14:33:5C:6D:AF:58,0,0,ARMED,448.0,0,1,80:02:9C:61:97:4B,1,4,62.1,80:02:9C:61:97:4A,10,0,NONE,2026-08-24T16:15:45.630043
45917,,-92,5,10004,1824,65384,28964,3995886,0,99,7,0,0,14:33:5C:6D:AF:58,0,0,ARMED,448.0,0,1,80:02:9C:61:97:4B,1,6,69.7,80:02:9C:61:97:4A,10,0,NONE,2026-08-24T16:15:46.163043
45917,,-64,33,292,765,65384,28964,3996301,0,99,7,0,0,14:33:5C:6D:AF:58,0,0,ARMED,448.0,0,0,80:02:9C:61:97:4B,1,24,263.4,80:02:9C:61:97:4A,10,0,NONE,2026-08-24T16:15:46.578043
45917,BEACON,-90,7,0,310,65384,28964,3996525,0,99,7,0,0,14:33:5C:6D:AF:58,0,0,ARMED,448.0,0,1,80:02:9C:61:97:4B,1,1,117.1,80:02:9C:61:97:4A,10,0,NONE,2026-08-24T16:15:46.802043
45917,BEACON,-94,3,16765,315,65384,28964,3997037,0,99,7,0,0,14:33:5C:6D:AF:58,0,0,ARMED,448.0,0,1,80:02:9C:61:97:4B,1,1,117.3,80:02:9C:61:97:4A,10,0,NONE,2026-08-24T16:15:47.314043
45917,,38,38,0,215,65384,28964,3997439,0,99,7,0,0,14:33:5C:6D:AF:58,0,0,ARMED,448.0,0,0,80:02:9C:61:97:4B,1,1,1000.0,80:02:9C:61:97:4A,10,0,NONE,2026-08-24T16:15:47.716043
45917,,45,45,0,1023,65384,28964,3997559,0,99,7,0,0,14:33:5C:6D:AF:58,0,1,ARMED,448.0,0,1,80:02:9C:61:97:4B,1,8,398.1,80:02:9C:61:97:4A,10,0,NONE,2026-08-24T16:15:47.836043
45917,PROBE_RESP,-89,8,0,3190,65384,28964,3997846,0,99,7,0,0,14:33:5C:6D:AF:58,0,0,ARMED,448.0,0,0,80:02:9C:61:97:4B,1,12,119.4,80:02:9C:61:97:4A,10,0,NONE,2026-08-24T16:15:48.123043
45917,,-59,38,3857,1980,65384,28964,3998204,0,99,7,0,0,14:33:5C:6D:AF:58,0,0,ARMED,448.0,0,1,80:02:9C:61:97:4B,1,15,309.7,80:02:9C:61:97:4A,10,0,NONE,2026-08-24T16:15:48.481043
45917,,-50,47,17971,3346,65384,28964,3998326,0,99,7,0,0,14:33:5C:6D:AF:58,0,1,ARMED,448.0,0,0,80:02:9C:61:97:4B,1,34,500.5,80:02:9C:61:97:4A,10,0,NONE,2026-08-24T16:15:48.603043
45917,,45,45,0,1521,65384,28964,3998640,0,99,7,0,0,14:33:5C:6D:AF:58,0,0,ARMED,448.0,0,0,80:02:9C:61:97:4B,1,16,213.1,80:02:9C:61:97:4A,10,0,NONE,2026-08-24T16:15:48.917043
45917,,-50,47,184,3363,65384,28964,3998883,0,99,7,0,0,14:33:5C:6D:AF:58,0,0,ARMED,448.0,0,0,80:02:9C:61:97:4B,1,20,1833.7,80:02:9C:61:97:4A,10,0,NONE,2026-08-24T16:15:49.160043
45917,BEACON,-85,12,14704,3468,65384,28964,3999236,0,99,7,0,0,14:33:5C:6D:AF:58,0,0,ARMED,448.0,0,1,80:02:9C:61:97:4B,1,10,176.3,80:02:9C:61:97:4A,10,0,NONE,2026-08-24T16:15:49.513043
45917,,60,60,0,235,65384,28964,3999491,0,99,7,0,0,14:33:5C:6D:AF:58,0,0,ARMED,448.0,0,0,80:02:9C:61:97:4B,1,1,219.3,80:02:9C:61:97:4A,10,0,NONE,2026-08-24T16:15:49.768043
45917,,-63,34,292,829,65384,28964,3999781,0,99,7,0,0,14:33:5C:6D:AF:58,0,0,ARMED,448.0,0,0,80:02:9C:61:97:4B,1,30,334.9,80:02:9C:61:97:4A,10,0,NONE,2026-08-24T16:15:50.058043
45917,,37,37,0,1023,65384,28964,4000036,0,99,7,0,0,14:33:5C:6D:AF:58,0,0,ARMED,448.0,0,0,80:02:9C:61:97:4B,1,16,426.0,80:02:9C:61:97:4A,10,0,NONE,2026-08-24T16:15:50.313043
45917,MGMT_OTHER,-85,12,472,2636,65384,28964,4000268,0,99,7,0,0,14:33:5C:6D:AF:58,0,0,ARMED,448.0,0,1,80:02:9C:61:97:4B,1,14,215.2,80:02:9C:61:97:4A,10,0,NONE,2026-08-24T16:15:50.545043
45917,MGMT_OTHER,-91,6,28391,47,65384,28964,4000523,0,99,7,0,0,14:33:5C:6D:AF:58,0,0,ARMED,448.0,0,1,80:02:9C:61:97:4B,1,2,161.2,80:02:9C:61:97:4A,10,0,NONE,2026-08-24T16:15:50.800043
45917,BEACON,-74,23,83,249,65384,28964,4000920,0,99,7,0,0,14:33:5C:6D:AF:58,0,0,ARMED,448.0,0,1,80:02:9C:61:97:4B,1,10,97.6,80:02:9C:61:97:4A,10,0,NONE,2026-08-24T16:15:51.197043
45917,BEACON,-91,6,0,408,65384,28964,4001243,0,99,7,0,0,14:33:5C:6D:AF:58,0,0,ARMED,448.0,0,1,80:02:9C:61:97:4B,1,2,123.4,80:02:9C:61:97:4A,10,0,NONE,2026-08-24T16:15:51.520043
45917,,46,46,0,1023,65384,28964,4001693,0,99,7,0,0,14:33:5C:6D:AF:58,0,0,ARMED,448.0,0,0,80:02:9C:61:97:4B,1,12,212.4,80:02:9C:61:97:4A,10,0,NONE,2026-08-24T16:15:51.970043
45917,PROBE_RESP,-85,12,0,4085,65384,28964,4002185,0,99,7,0,0,14:33:5C:6D:AF:58,0,0,ARMED,448.0,0,0,80:02:9C:61:97:4B,1,5,138.0,80:02:9C:61:97:4A,10,0,NONE,2026-08-24T16:15:52.462043
45917,,60,60,0,264,65384,28964,4002524,0,99,7,0,0,14:33:5C:6D:AF:58,0,0,ARMED,448.0,0,1,80:02:9C:61:97:4B,1,7,103.8,80:02:9C:61:97:4A,10,0,NONE,2026-08-24T16:15:52.801043
45917,BEACON,-84,13,0,3390,65384,28964,4003033,0,99,7,0,0,14:33:5C:6D:AF:58,0,0,ARMED,448.0,0,1,80:02:9C:61:97:4B,1,5,77.6,80:02:9C:61:97:4A,10,0,NONE,2026-08-24T16:15:53.310043
45917,,37,37,0,1023,65384,28964,4003170,0,99,7,0,0,14:33:5C:6D:AF:58,0,0,ARMED,448.0,0,0,80:02:9C:61:97:4B,1,44,440.7,80:02:9C:61:97:4A,10,0,NONE,2026-08-24T16:15:53.447043
45917,,-64,33,292,867,65384,28964,4003209,0,99,7,0,0,14:33:5C:6D:AF:58,0,1,ARMED,448.0,0,0,80:02:9C:61:97:4B,1,49,1388.7,80:02:9C:61:97:4A,10,0,NONE,2026-08-24T16:15:53.486043
45917,,-50,47,15318,3459,65384,28964,4003286,0,99,7,0,0,14:33:5C:6D:AF:58,0,1,ARMED,448.0,0,1,80:02:9C:61:97:4B,1,2,188.1,80:02:9C:61:97:4A,10,0,NONE,2026-08-24T16:15:53.563043
45917,,-64,33,292,899,65384,28964,4003342,0,99,7,0,0,14:33:5C:6D:AF:58,0,1,ARMED,448.0,0,0,80:02:9C:61:97:4B,1,52,773.8,80:02:9C:61:97:4A,10,0,NONE,2026-08-24T16:15:53.619043
45917,BEACON,-59,38,82,3723,65384,28964,4003556,0,99,7,0,0,14:33:5C:6D:AF:58,0,1,ARMED,448.0,0,1,80:02:9C:61:97:4B,1,11,145.3,80:02:9C:61:97:4A,10,0,NONE,2026-08-24T16:15:53.833043
45917,BEACON,-86,11,0,3400,65384,28964,4004057,0,99,7,0,0,14:33:5C:6D:AF:58,0,0,ARMED,448.0,0,1,80:02:9C:61:97:4B,1,8,124.1,80:02:9C:61:97:4A,10,0,NONE,2026-08-24T16:15:54.334043
45917,,-77,20,16963,3411,65384,28964,4004590,0,99,7,0,0,14:33:5C:6D:AF:58,0,0,ARMED,448.0,0,1,80:02:9C:61:97:4B,1,16,187.4,80:02:9C:61:97:4A,10,0,NONE,2026-08-24T16:15:54.867043
45917,,-78,19,988,3418,65384,28964,4004774,0,99,7,0,0,14:33:5C:6D:AF:58,0,0,ARMED,448.0,0,1,80:02:9C:61:97:4B,1,30,463.8,80:02:9C:61:97:4A,10,0,NONE,2026-08-24T16:15:55.051043
45917,,-78,19,128,3345,65384,28964,4004830,0,99,7,0,0,14:33:5C:6D:AF:58,0,1,ARMED,448.0,0,1,80:02:9C:61:97:4B,1,26,1413.0,80:02:9C:61:97:4A,10,0,NONE,2026-08-24T16:15:55.107043
45917,,-57,40,504,3830,65384,28964,4004884,0,99,7,0,0,14:33:5C:6D:AF:58,0,1,ARMED,448.0,0,0,80:02:9C:61:97:4B,1,76,1048.4,80:02:9C:61:97:4A,10,0,NONE,2026-08-24T16:15:55.161043
45917,,-57,40,783,1828,65384,28964,4004940,0,99,7,0,0,14:33:5C:6D:AF:58,0,1,ARMED,448.0,0,1,80:02:9C:61:97:4B,1,29,1096.0,80:02:9C:61:97:4A,10,0,NONE,2026-08-24T16:15:55.217043
45917,,39,39,0,1023,65384,28964,4005098,0,99,7,0,0,14:33:5C:6D:AF:58,1,1,ARMED,448.0,0,1,80:02:9C:61:97:4B,1,13,159.1,80:02:9C:61:97:4A,10,0,NONE,2026-08-24T16:15:55.375043
45917,,39,39,0,1023,65384,28964,4005207,0,99,7,0,0,14:33:5C:6D:AF:58,1,0,ARMED,448.0,0,0,80:02:9C:61:97:4B,1,42,475.6,80:02:9C:61:97:4A,10,0,NONE,2026-08-24T16:15:55.484043
45917,,39,39,0,1023,65384,28964,4005263,0,99,7,0,0,14:33:5C:6D:AF:58,0,1,ARMED,448.0,0,0,80:02:9C:61:97:4B,1,26,775.9,80:02:9C:61:97:4A,10,0,NONE,2026-08-24T16:15:55.540043
45917,,-75,22,1372,2077,65384,28964,4005350,0,99,7,0,0,14:33:5C:6D:AF:58,0,1,ARMED,448.0,0,0,80:02:9C:61:97:4B,1,7,390.4,80:02:9C:61:97:4A,10,0,NONE,2026-08-24T16:15:55.627043
45917,,-63,34,479,906,65384,28964,4005405,0,99,7,0,0,14:33:5C:6D:AF:58,0,1,ARMED,448.0,0,0,80:02:9C:61:97:4B,1,57,780.3,80:02:9C:61:97:4A,10,0,NONE,2026-08-24T16:15:55.682043
45917,,-75,22,2682,2107,65032,28964,4005447,0,99,7,0,0,14:33:5C:6D:AF:58,0,1,ARMED,448.0,0,1,80:02:9C:61:97:4B,1,31,2547.7,80:02:9C:61:97:4A,10,0,NONE,2026-08-24T16:15:55.724043
45917,,-75,22,5500,1804,65384,28964,4005559,0,99,7,0,0,14:33:5C:6D:AF:58,0,1,ARMED,448.0,0,1,80:02:9C:61:97:4B,1,8,359.9,80:02:9C:61:97:4A,10,0,NONE,2026-08-24T16:15:55.836043
45917,,-57,40,534,2237,65384,28964,4005668,0,99,7,0,0,14:33:5C:6D:AF:58,0,1,ARMED,448.0,0,1,80:02:9C:61:97:4B,1,11,375.6,80:02:9C:61:97:4A,10,0,NONE,2026-08-24T16:15:55.945043
45917,,-58,39,0,1062,65384,28964,4005817,0,99,7,0,0,14:33:5C:6D:AF:58,0,1,ARMED,448.0,0,0,80:02:9C:61:97:4B,1,17,237.8,80:02:9C:61:97:4A,10,0,NONE,2026-08-24T16:15:56.094043
45917,,47,47,0,3819,65384,28964,4005889,0,99,7,0,0,14:33:5C:6D:AF:58,0,0,ARMED,448.0,0,1,80:02:9C:61:97:4B,1,42,1034.2,80:02:9C:61:97:4A,10,0,NONE,2026-08-24T16:15:56.166043
45917,,-58,39,0,2509,65384,28964,4005927,0,99,7,0,0,14:33:5C:6D:AF:58,0,0,ARMED,448.0,0,1,80:02:9C:61:97:4B,1,92,1159.9,80:02:9C:61:97:4A,10,0,NONE,2026-08-24T16:15:56.204043
45917,,-58,39,656,4093,65384,28964,4005968,0,99,7,0,0,14:33:5C:6D:AF:58,0,1,ARMED,448.0,0,0,80:02:9C:61:97:4B,1,20,1034.9,80:02:9C:61:97:4A,10,0,NONE,2026-08-24T16:15:56.245043
45917,,-58,39,0,3735,65384,28964,4006002,0,99,7,0,0,14:33:5C:6D:AF:58,0,1,ARMED,448.0,0,1,80:02:9C:61:97:4B,1,70,1324.4,80:02:9C:61:97:4A,10,0,NONE,2026-08-24T16:15:56.279043
45917,,38,38,0,3820,65384,28964,4006034,0,99,7,0,0,14:33:5C:6D:AF:58,0,1,ARMED,448.0,0,1,80:02:9C:61:97:4B,1,120,1411.2,80:02:9C:61:97:4A,10,0,NONE,2026-08-24T16:15:56.311043
45917,,-58,39,1978,95,65384,28964,4006081,0,99,7,0,0,14:33:5C:6D:AF:58,0,1,ARMED,448.0,0,0,80:02:9C:61:97:4B,1,36,1149.0,80:02:9C:61:97:4A,10,0,NONE,2026-08-24T16:15:56.358043
45917,,-58,39,0,157,65384,28964,4006120,0,99,7,0,0,14:33:5C:6D:AF:58,0,1,ARMED,448.0,0,0,80:02:9C:61:97:4B,1,86,1217.8,80:02:9C:61:97:4A,10,0,NONE,2026-08-24T16:15:56.397043
45917,BEACON,-59,38,0,3775,65384,28964,4006219,0,99,7,0,0,14:33:5C:6D:AF:58,0,1,ARMED,448.0,0,0,80:02:9C:61:97:4B,1,81,1232.0,80:02:9C:61:97:4A,10,0,NONE,2026-08-24T16:15:56.496043
45917,MGMT_OTHER,38,38,0,1023,65384,28964,4006280,0,99,7,0,0,14:33:5C:6D:AF:58,0,1,ARMED,448.0,0,0,80:02:9C:61:97:4B,1,17,738.3,80:02:9C:61:97:4A,10,0,NONE,2026-08-24T16:15:56.557043
45917,MGMT_OTHER,38,38,0,3783,65384,28964,4006300,0,99,7,0,0,14:33:5C:6D:AF:58,0,1,ARMED,448.0,0,0,80:02:9C:61:97:4B,1,67,1552.6,80:02:9C:61:97:4A,10,0,NONE,2026-08-24T16:15:56.577043
45917,,-59,38,576,3787,65384,28964,4006332,0,99,7,0,0,14:33:5C:6D:AF:58,0,1,ARMED,448.0,0,1,80:02:9C:61:97:4B,1,117,1547.8,80:02:9C:61:97:4A,10,0,NONE,2026-08-24T16:15:56.609043
45917,MGMT_OTHER,38,38,0,0,65384,28964,4006358,0,99,7,0,0,14:33:5C:6D:AF:58,0,1,ARMED,448.0,0,0,80:02:9C:61:97:4B,1,5,3885.0,80:02:9C:61:97:4A,10,0,NONE,2026-08-24T16:15:56.635043
45917,,-78,19,0,1913,65384,28964,4006401,0,99,7,0,0,14:33:5C:6D:AF:58,0,1,ARMED,448.0,0,0,80:02:9C:61:97:4B,1,55,1245.0,80:02:9C:61:97:4A,10,0,NONE,2026-08-24T16:15:56.678043
45917,MGMT_OTHER,38,38,0,1023,64740,28964,4006421,0,99,7,0,0,14:33:5C:6D:AF:58,0,1,ARMED,448.0,0,0,80:02:9C:61:97:4B,1,105,1649.4,80:02:9C:61:97:4A,10,0,NONE,2026-08-24T16:15:56.698043
45917,,-43,54,0,3525,64740,28964,4006470,0,99,7,0,0,14:33:5C:6D:AF:58,0,1,ARMED,448.0,0,0,80:02:9C:61:97:4B,1,14,1124.8,80:02:9C:61:97:4A,10,0,NONE,2026-08-24T16:15:56.747043
45917,BEACON,-62,35,48,3797,65384,28964,4006525,0,99,7,0,0,14:33:5C:6D:AF:58,0,1,ARMED,448.0,0,0,80:02:9C:61:97:4B,1,64,948.2,80:02:9C:61:97:4A,10,0,NONE,2026-08-24T16:15:56.802043
45917,,-70,27,0,1920,65196,28964,4006555,0,99,7,0,0,14:33:5C:6D:AF:58,0,1,ARMED,448.0,0,0,80:02:9C:61:97:4B,1,114,1178.2,80:02:9C:61:97:4A,10,0,NONE,2026-08-24T16:15:56.832043
45917,,-54,43,0,346,65384,28964,4006578,0,99,7,0,0,14:33:5C:6D:AF:58,0,1,ARMED,448.0,0,0,80:02:9C:61:97:4B,1,49,14215.3,80:02:9C:61:97:4A,10,0,NONE,2026-08-24T16:15:56.855043
45917,,-54,43,0,378,62416,28964,4006601,0,99,7,0,0,14:33:5C:6D:AF:58,0,1,ARMED,448.0,0,0,80:02:9C:61:97:4B,1,99,3772.0,80:02:9C:61:97:4A,10,0,NONE,2026-08-24T16:15:56.878043
45917,,-71,26,0,2183,65384,28964,4006620,0,99,7,0,0,14:33:5C:6D:AF:58,0,1,ARMED,448.0,0,0,80:02:9C:61:97:4B,1,149,3259.3,80:02:9C:61:97:4A,10,0,NONE,2026-08-24T16:15:56.897043
45917,,-54,43,255,420,65384,28964,4006658,0,99,7,0,0,14:33:5C:6D:AF:58,0,1,ARMED,448.0,0,0,80:02:9C:61:97:4B,1,199,2385.4,80:02:9C:61:97:4A,10,0,NONE,2026-08-24T16:15:56.935043
45917,,-47,50,211,3535,65384,28964,4006682,0,99,7,0,0,14:33:5C:6D:AF:58,0,1,ARMED,448.0,0,0,80:02:9C:61:97:4B,1,44,5565.4,80:02:9C:61:97:4A,10,0,NONE,2026-08-24T16:15:56.959043
45917,,-55,42,4281,3804,64740,28964,4006739,0,99,7,0,0,14:33:5C:6D:AF:58,0,1,ARMED,448.0,0,1,80:02:9C:61:97:4B,1,94,1458.0,80:02:9C:61:97:4A,10,0,NONE,2026-08-24T16:15:57.016043
45917,,-72,25,0,1942,65384,28964,4006759,0,99,7,0,0,14:33:5C:6D:AF:58,0,1,ARMED,448.0,0,0,80:02:9C:61:97:4B,1,144,1711.3,80:02:9C:61:97:4A,10,0,NONE,2026-08-24T16:15:57.036043
45917,,-72,25,0,2195,64912,28964,4006784,0,99,7,0,0,14:33:5C:6D:AF:58,0,1,ARMED,448.0,0,0,80:02:9C:61:97:4B,1,10,1402.9,80:02:9C:61:97:4A,10,0,NONE,2026-08-24T16:15:57.061043
45917,,-72,25,807,1949,65384,28964,4006812,0,99,7,0,0,14:33:5C:6D:AF:58,0,1,ARMED,448.0,0,0,80:02:9C:61:97:4B,1,60,1678.7,80:02:9C:61:97:4A,10,0,NONE,2026-08-24T16:15:57.089043
45917,,-54,43,0,511,63892,28964,4006859,0,99,7,0,0,14:33:5C:6D:AF:58,0,1,ARMED,448.0,0,0,80:02:9C:61:97:4B,1,110,1333.3,80:02:9C:61:97:4A,10,0,NONE,2026-08-24T16:15:57.136043
45917,,-72,25,0,2213,65384,28964,4006884,0,99,7,0,0,14:33:5C:6D:AF:58,0,1,ARMED,448.0,0,0,80:02:9C:61:97:4B,1,30,4834.0,80:02:9C:61:97:4A,10,0,NONE,2026-08-24T16:15:57.161043
45917,,-54,43,0,565,65384,28964,4006914,0,99,7,0,0,14:33:5C:6D:AF:58,0,1,ARMED,448.0,0,0,80:02:9C:61:97:4B,1,80,2228.8,80:02:9C:61:97:4A,10,0,NONE,2026-08-24T16:15:57.191043
45917,,-49,48,198,2812,65384,28964,4006948,0,99,7,0,0,14:33:5C:6D:AF:58,0,1,ARMED,448.0,0,1,80:02:9C:61:97:4B,1,130,1860.4,80:02:9C:61:97:4A,10,0,NONE,2026-08-24T16:15:57.225043
45917,,-47,50,202,3546,65384,28964,4006998,0,99,7,0,0,14:33:5C:6D:AF:58,0,1,ARMED,448.0,0,0,80:02:9C:61:97:4B,1,9,462.3,80:02:9C:61:97:4A,10,0,NONE,2026-08-24T16:15:57.275043
45917,,-48,49,9203,3554,65384,28964,4007176,0,99,7,0,0,14:33:5C:6D:AF:58,0,1,ARMED,448.0,0,1,80:02:9C:61:97:4B,1,28,302.9,80:02:9C:61:97:4A,10,0,NONE,2026-08-24T16:15:57.453043
45917,,-48,49,0,3561,65384,28964,4007420,0,99,7,0,0,14:33:5C:6D:AF:58,0,0,ARMED,448.0,0,1,80:02:9C:61:97:4B,1,21,188.8,80:02:9C:61:97:4A,10,0,NONE,2026-08-24T16:15:57.697043
45917,MGMT_OTHER,41,41,0,1023,65384,28964,4007455,0,99,7,0,0,14:33:5C:6D:AF:58,0,0,ARMED,448.0,0,0,80:02:9C:61:97:4B,1,50,1428.8,80:02:9C:61:97:4A,10,0,NONE,2026-08-24T16:15:57.732043
45917,MGMT_OTHER,42,42,0,1023,65384,28964,4007507,0,99,7,0,0,14:33:5C:6D:AF:58,0,0,ARMED,448.0,0,0,80:02:9C:61:97:4B,1,100,1145.5,80:02:9C:61:97:4A,10,0,NONE,2026-08-24T16:15:57.784043
45917,MGMT_OTHER,47,47,0,1023,65384,28964,4007624,0,99,7,0,0,14:33:5C:6D:AF:58,0,1,ARMED,448.0,0,1,80:02:9C:61:97:4B,1,49,532.6,80:02:9C:61:97:4A,10,0,NONE,2026-08-24T16:15:57.901043
45917,MGMT_OTHER,42,42,0,1023,65384,28964,4007719,0,99,7,0,0,14:33:5C:6D:AF:58,0,1,ARMED,448.0,0,0,80:02:9C:61:97:4B,1,48,686.7,80:02:9C:61:97:4A,10,0,NONE,2026-08-24T16:15:57.996043
45917,,-49,48,0,2972,65384,28964,4007877,0,99,7,0,0,14:33:5C:6D:AF:58,0,1,ARMED,448.0,0,0,80:02:9C:61:97:4B,1,9,420.0,80:02:9C:61:97:4A,10,0,NONE,2026-08-24T16:15:58.154043
45917,,-48,49,24139,3581,65384,28964,4008019,0,99,7,0,0,14:33:5C:6D:AF:58,0,1,ARMED,448.0,0,1,80:02:9C:61:97:4B,1,18,312.9,80:02:9C:61:97:4A,10,0,NONE,2026-08-24T16:15:58.296043
45917,MGMT_OTHER,43,43,0,3026,65384,28964,4008103,0,99,7,0,0,14:33:5C:6D:AF:58,0,1,ARMED,448.0,0,0,80:02:9C:61:97:4B,1,33,839.2,80:02:9C:61:97:4A,10,0,NONE,2026-08-24T16:15:58.380043
45917,,-83,14,2331,1975,65384,28964,4008191,0,99,7,0,0,14:33:5C:6D:AF:58,0,1,ARMED,448.0,0,0,80:02:9C:61:97:4B,1,21,806.0,80:02:9C:61:97:4A,10,0,NONE,2026-08-24T16:15:58.468043
45917,MGMT_OTHER,43,43,0,1023,65384,28964,4008225,0,99,7,0,0,14:33:5C:6D:AF:58,0,1,ARMED,448.0,0,0,80:02:9C:61:97:4B,1,71,1186.8,80:02:9C:61:97:4A,10,0,NONE,2026-08-24T16:15:58.502043
45917,MGMT_OTHER,43,43,0,1023,65384,28964,4008282,0,99,7,0,0,14:33:5C:6D:AF:58,0,1,ARMED,448.0,0,0,80:02:9C:61:97:4B,1,6,393.9,80:02:9C:61:97:4A,10,0,NONE,2026-08-24T16:15:58.559043
45917,MGMT_OTHER,43,43,0,1023,65384,28964,4008340,0,99,7,0,0,14:33:5C:6D:AF:58,0,1,ARMED,448.0,0,0,80:02:9C:61:97:4B,1,56,761.9,80:02:9C:61:97:4A,10,0,NONE,2026-08-24T16:15:58.617043
45917,MGMT_OTHER,47,47,0,1023,65384,28964,4008436,0,99,7,0,0,14:33:5C:6D:AF:58,0,1,ARMED,448.0,0,0,80:02:9C:61:97:4B,1,34,510.0,80:02:9C:61:97:4A,10,0,NONE,2026-08-24T16:15:58.713043
45917,MGMT_OTHER,47,47,0,1023,65384,28964,4008525,0,99,7,0,0,14:33:5C:6D:AF:58,0,1,ARMED,448.0,0,1,80:02:9C:61:97:4B,1,32,596.8,80:02:9C:61:97:4A,10,0,NONE,2026-08-24T16:15:58.802043
45917,MGMT_OTHER,43,43,0,1023,65384,28964,4008593,0,99,7,0,0,14:33:5C:6D:AF:58,0,1,ARMED,448.0,0,0,80:02:9C:61:97:4B,1,28,1420.5,80:02:9C:61:97:4A,10,0,NONE,2026-08-24T16:15:58.870043
45917,MGMT_OTHER,44,44,0,1023,65384,28964,4008650,0,99,7,0,0,14:33:5C:6D:AF:58,0,1,ARMED,448.0,0,0,80:02:9C:61:97:4B,1,78,1012.7,80:02:9C:61:97:4A,10,0,NONE,2026-08-24T16:15:58.927043
45917,MGMT_OTHER,44,44,0,1023,65384,28964,4008704,0,99,7,0,0,14:33:5C:6D:AF:58,1,1,ARMED,448.0,0,0,80:02:9C:61:97:4B,1,13,519.7,80:02:9C:61:97:4A,10,0,NONE,2026-08-24T16:15:58.981043
45917,MGMT_OTHER,43,43,0,1023,65384,28964,4008764,0,99,7,0,0,14:33:5C:6D:AF:58,1,1,ARMED,448.0,0,0,80:02:9C:61:97:4B,1,63,738.2,80:02:9C:61:97:4A,10,0,NONE,2026-08-24T16:15:59.041043
45917,MGMT_OTHER,44,44,0,1023,65384,28964,4008826,0,99,7,0,0,14:33:5C:6D:AF:58,1,1,ARMED,448.0,0,0,80:02:9C:61:97:4B,1,30,692.9,80:02:9C:61:97:4A,10,0,NONE,2026-08-24T16:15:59.103043
45917,,-91,6,0,3569,65384,28964,4008922,0,99,7,0,0,14:33:5C:6D:AF:58,0,1,ARMED,448.0,0,1,80:02:9C:61:97:4B,1,29,851.5,80:02:9C:61:97:4A,10,0,NONE,2026-08-24T16:15:59.199043
45917,MGMT_OTHER,44,44,0,1023,65384,28964,4008955,0,99,7,0,0,14:33:5C:6D:AF:58,0,1,ARMED,448.0,0,0,80:02:9C:61:97:4B,1,79,1180.7,80:02:9C:61:97:4A,10,0,NONE,2026-08-24T16:15:59.232043
45917,MGMT_OTHER,43,43,0,1023,65384,28964,4009008,0,99,7,0,0,14:33:5C:6D:AF:58,0,1,ARMED,448.0,0,0,80:02:9C:61:97:4B,1,22,1306.7,80:02:9C:61:97:4A,10,0,NONE,2026-08-24T16:15:59.285043
45917,MGMT_OTHER,43,43,0,1023,65384,28964,4009065,0,99,7,0,0,14:33:5C:6D:AF:58,0,1,ARMED,448.0,0,0,80:02:9C:61:97:4B,1,72,968.9,80:02:9C:61:97:4A,10,0,NONE,2026-08-24T16:15:59.342043
45917,MGMT_OTHER,44,44,0,1023,65384,28964,4009126,0,99,7,0,0,14:33:5C:6D:AF:58,0,1,ARMED,448.0,0,0,80:02:9C:61:97:4B,1,49,1461.1,80:02:9C:61:97:4A,10,0,NONE,2026-08-24T16:15:59.403043
45917,MGMT_OTHER,43,43,0,1023,65336,28964,4009189,0,99,7,0,0,14:33:5C:6D:AF:58,0,1,ARMED,448.0,0,1,80:02:9C:61:97:4B,1,99,1015.7,80:02:9C:61:97:4A,10,0,NONE,2026-08-24T16:15:59.466043
45917,MGMT_OTHER,43,43,0,1023,65384,28964,4009250,0,99,7,0,0,14:33:5C:6D:AF:58,0,1,ARMED,448.0,0,0,80:02:9C:61:97:4B,1,49,1116.4,80:02:9C:61:97:4A,10,0,NONE,2026-08-24T16:15:59.527043
45917,MGMT_OTHER,42,42,0,3063,65384,28964,4009382,0,99,7,0,0,14:33:5C:6D:AF:58,0,1,ARMED,448.0,0,0,80:02:9C:61:97:4B,1,19,251.6,80:02:9C:61:97:4A,10,0,NONE,2026-08-24T16:15:59.659043
45917,,-72,25,5745,3616,65384,28964,4009589,0,99,7,0,0,14:33:5C:6D:AF:58,0,0,ARMED,448.0,0,1,80:02:9C:61:97:4B,1,21,304.0,80:02:9C:61:97:4A,10,0,NONE,2026-08-24T16:15:59.866043
45917,MGMT_OTHER,-91,6,12712,2556,65384,28964,4009888,0,99,7,0,0,14:33:5C:6D:AF:58,0,0,ARMED,448.0,0,1,80:02:9C:61:97:4B,1,15,266.0,80:02:9C:61:97:4A,10,0,NONE,2026-08-24T16:16:00.165043
45917,BEACON,-58,39,9472,3848,65384,28964,4010007,0,99,7,0,0,14:33:5C:6D:AF:58,0,1,ARMED,448.0,0,1,80:02:9C:61:97:4B,1,32,431.1,80:02:9C:61:97:4A,10,0,NONE,2026-08-24T16:16:00.284043
45917,,-49,48,42311,3647,65384,28964,4010172,0,99,7,0,0,14:33:5C:6D:AF:58,0,0,ARMED,448.0,0,0,80:02:9C:61:97:4B,1,10,299.5,80:02:9C:61:97:4A,10,0,NONE,2026-08-24T16:16:00.449043
45917,MGMT_OTHER,47,47,0,1023,65384,28964,4010278,0,99,7,0,0,14:33:5C:6D:AF:58,0,1,ARMED,448.0,0,0,80:02:9C:61:97:4B,1,28,755.6,80:02:9C:61:97:4A,10,0,NONE,2026-08-24T16:16:00.555043
45917,,-90,7,0,3663,65384,28964,4010371,0,99,7,0,0,14:33:5C:6D:AF:58,0,1,ARMED,448.0,0,0,80:02:9C:61:97:4B,1,16,669.3,80:02:9C:61:97:4A,10,0,NONE,2026-08-24T16:16:00.648043
45917,BEACON,-86,11,0,2204,65384,28964,4010658,0,99,7,0,0,14:33:5C:6D:AF:58,0,0,ARMED,448.0,0,1,80:02:9C:61:97:4B,1,1,295.6,80:02:9C:61:97:4A,10,0,NONE,2026-08-24T16:16:00.935043
45917,,-48,49,157,3667,65384,28964,4010840,0,99,7,0,0,14:33:5C:6D:AF:58,0,1,ARMED,448.0,0,0,80:02:9C:61:97:4B,1,17,205.6,80:02:9C:61:97:4A,10,0,NONE,2026-08-24T16:16:01.117043
45917,MGMT_OTHER,47,47,0,4095,65384,28964,4011047,0,99,7,0,0,14:33:5C:6D:AF:58,0,0,ARMED,448.0,0,0,80:02:9C:61:97:4B,1,16,184.0,80:02:9C:61:97:4A,10,0,NONE,2026-08-24T16:16:01.324043
45917,PROBE_RESP,-59,38,0,3864,65384,28964,4011349,0,99,7,0,0,14:33:5C:6D:AF:58,0,0,ARMED,448.0,0,0,80:02:9C:61:97:4B,1,24,301.3,80:02:9C:61:97:4A,10,0,NONE,2026-08-24T16:16:01.626043
45917,PROBE_RESP,-59,38,0,3869,65384,28964,4011561,0,99,7,0,0,14:33:5C:6D:AF:58,0,0,ARMED,448.0,0,0,80:02:9C:61:97:4B,1,16,182.8,80:02:9C:61:97:4A,10,0,NONE,2026-08-24T16:16:01.838043
45917,,-59,38,0,3875,63652,28964,4011954,0,99,7,0,0,14:33:5C:6D:AF:58,0,0,ARMED,448.0,0,0,80:02:9C:61:97:4B,1,9,128.0,80:02:9C:61:97:4A,10,0,NONE,2026-08-24T16:16:02.231043
45917,MGMT_OTHER,-59,38,0,3881,65384,28964,4012352,0,99,7,0,0,14:33:5C:6D:AF:58,0,0,ARMED,448.0,0,1,80:02:9C:61:97:4B,1,10,168.0,80:02:9C:61:97:4A,10,0,NONE,2026-08-24T16:16:02.629043
45917,BEACON,-95,2,0,15,65384,28964,4012600,0,99,7,0,0,14:33:5C:6D:AF:58,0,0,ARMED,448.0,0,1,80:02:9C:61:97:4B,1,20,195.3,80:02:9C:61:97:4A,10,0,NONE,2026-08-24T16:16:02.877043
45917,BEACON,-89,8,83,3105,65384,28964,4013068,0,99,7,0,0,14:33:5C:6D:AF:58,0,0,ARMED,448.0,0,1,80:02:9C:61:97:4B,1,12,204.6,80:02:9C:61:97:4A,10,0,NONE,2026-08-24T16:16:03.345043
45917,,-53,44,650,2079,65384,28964,4013365,0,99,7,0,0,14:33:5C:6D:AF:58,0,0,ARMED,448.0,0,0,80:02:9C:61:97:4B,1,18,381.0,80:02:9C:61:97:4A,10,0,NONE,2026-08-24T16:16:03.642043
45917,MGMT_OTHER,44,44,0,1023,65384,28964,4013556,0,99,7,0,0,14:33:5C:6D:AF:58,0,0,ARMED,448.0,0,0,80:02:9C:61:97:4B,1,20,641.8,80:02:9C:61:97:4A,10,0,NONE,2026-08-24T16:16:03.833043
45917,BEACON,-94,3,0,2032,65384,28964,4013923,0,99,7,0,0,14:33:5C:6D:AF:58,0,0,ARMED,448.0,0,1,80:02:9C:61:97:4B,1,3,84.4,80:02:9C:61:97:4A,10,0,NONE,2026-08-24T16:16:04.200043
45917,BEACON,-59,38,0,3910,65384,28964,4014512,0,99,7,0,0,14:33:5C:6D:AF:58,0,0,ARMED,448.0,0,1,80:02:9C:61:97:4B,1,1,93.8,80:02:9C:61:97:4A,10,0,NONE,2026-08-24T16:16:04.789043
45917,MGMT_OTHER,47,47,0,622,65384,28964,4014830,0,99,7,0,0,14:33:5C:6D:AF:58,0,0,ARMED,448.0,0,0,80:02:9C:61:97:4B,1,19,817.9,80:02:9C:61:97:4A,10,0,NONE,2026-08-24T16:16:05.107043
45917,,-52,45,283,2081,65384,28964,4015095,0,99,7,0,0,14:33:5C:6D:AF:58,0,0,ARMED,448.0,0,0,80:02:9C:61:97:4B,1,13,160.4,80:02:9C:61:97:4A,10,0,NONE,2026-08-24T16:16:05.372043
45917,BEACON,-58,39,0,3921,65384,28964,4015335,0,99,7,0,0,14:33:5C:6D:AF:58,0,1,ARMED,448.0,0,1,80:02:9C:61:97:4B,1,5,341.6,80:02:9C:61:97:4A,10,0,NONE,2026-08-24T16:16:05.612043
45917,MGMT_OTHER,46,46,0,2082,65384,28964,4015613,0,99,7,0,0,14:33:5C:6D:AF:58,0,0,ARMED,448.0,0,0,80:02:9C:61:97:4B,1,14,160.4,80:02:9C:61:97:4A,10,0,NONE,2026-08-24T16:16:05.890043
45917,BEACON,-88,9,68163,3137,65384,28964,4016038,0,99,7,0,0,14:33:5C:6D:AF:58,0,0,ARMED,448.0,0,1,80:02:9C:61:97:4B,1,8,80.2,80:02:9C:61:97:4A,10,0,NONE,2026-08-24T16:16:06.315043
45917,,-50,47,0,3505,65384,28964,4016349,0,99,7,0,0,14:33:5C:6D:AF:58,0,0,ARMED,448.0,0,0,80:02:9C:61:97:4B,1,23,260.7,80:02:9C:61:97:4A,10,0,NONE,2026-08-24T16:16:06.626043
45917,MGMT_OTHER,46,46,0,2084,65384,28964,4016454,0,99,7,0,0,14:33:5C:6D:AF:58,0,0,ARMED,448.0,0,0,80:02:9C:61:97:4B,1,48,549.0,80:02:9C:61:97:4A,10,0,NONE,2026-08-24T16:16:06.731043
45917,BEACON,-94,3,50,2064,65384,28964,4016587,0,99,7,0,0,14:33:5C:6D:AF:58,0,1,ARMED,448.0,0,1,80:02:9C:61:97:4B,1,49,459.3,80:02:9C:61:97:4A,10,0,NONE,2026-08-24T16:16:06.864043
45917,BEACON,-57,40,60862,3941,65384,28964,4017072,0,99,7,0,0,14:33:5C:6D:AF:58,0,0,ARMED,448.0,0,1,80:02:9C:61:97:4B,1,5,72.4,80:02:9C:61:97:4A,10,0,NONE,2026-08-24T16:16:07.349043
45917,,-53,44,635,2086,65384,28964,4017452,0,99,7,0,0,14:33:5C:6D:AF:58,0,0,ARMED,448.0,0,0,80:02:9C:61:97:4B,1,8,206.4,80:02:9C:61:97:4A,10,0,NONE,2026-08-24T16:16:07.729043
45917,MGMT_OTHER,62,62,0,119,65384,28964,4017716,0,99,7,0,0,14:33:5C:6D:AF:58,0,0,ARMED,448.0,0,0,80:02:9C:61:97:4B,1,11,112.1,80:02:9C:61:97:4A,10,0,NONE,2026-08-24T16:16:07.993043
45917,,-92,5,0,3766,65384,28964,4017814,0,99,7,0,0,14:33:5C:6D:AF:58,0,0,ARMED,448.0,0,0,80:02:9C:61:97:4B,1,49,599.3,80:02:9C:61:97:4A,10,0,NONE,2026-08-24T16:16:08.091043
45917,BEACON,-92,5,0,68,65384,28964,4018027,0,99,7,0,0,14:33:5C:6D:AF:58,0,1,ARMED,448.0,0,1,80:02:9C:61:97:4B,1,6,99.5,80:02:9C:61:97:4A,10,0,NONE,2026-08-24T16:16:08.304043
45917,,-74,23,403,3948,65384,28964,4018406,0,99,7,0,0,14:33:5C:6D:AF:58,0,0,ARMED,448.0,0,0,80:02:9C:61:97:4B,1,13,1018.1,80:02:9C:61:97:4A,10,0,NONE,2026-08-24T16:16:08.683043
45917,BEACON,-97,0,2057,78,65384,28964,4018668,0,99,7,0,0,14:33:5C:6D:AF:58,0,0,ARMED,448.0,0,1,80:02:9C:61:97:4B,1,9,128.1,80:02:9C:61:97:4A,10,0,NONE,2026-08-24T16:16:08.945043
45917,,-53,44,249,637,65384,28964,4018735,0,99,7,0,0,14:33:5C:6D:AF:58,0,0,ARMED,448.0,0,0,80:02:9C:61:97:4B,1,48,1288.3,80:02:9C:61:97:4A,10,0,NONE,2026-08-24T16:16:09.012043
45917,,-70,27,0,1969,64920,28964,4018753,0,99,7,0,0,14:33:5C:6D:AF:58,0,0,ARMED,448.0,0,0,80:02:9C:61:97:4B,1,98,1786.4,80:02:9C:61:97:4A,10,0,NONE,2026-08-24T16:16:09.030043
45917,,-53,44,386,672,65384,28964,4018781,0,99,7,0,0,14:33:5C:6D:AF:58,0,0,ARMED,448.0,0,0,80:02:9C:61:97:4B,1,148,1778.8,80:02:9C:61:97:4A,10,0,NONE,2026-08-24T16:16:09.058043
45917,,-53,44,0,3741,65384,28964,4018840,0,99,7,0,0,14:33:5C:6D:AF:58,0,1,ARMED,448.0,0,0,80:02:9C:61:97:4B,1,19,451.6,80:02:9C:61:97:4A,10,0,NONE,2026-08-24T16:16:09.117043
45917,,-53,44,250,693,65384,28964,4018863,0,99,7,0,0,14:33:5C:6D:AF:58,0,1,ARMED,448.0,0,0,80:02:9C:61:97:4B,1,69,1064.7,80:02:9C:61:97:4A,10,0,NONE,2026-08-24T16:16:09.140043
45917,,-70,27,0,1993,63956,28964,4018883,0,99,7,0,0,14:33:5C:6D:AF:58,0,1,ARMED,448.0,0,0,80:02:9C:61:97:4B,1,119,1397.1,80:02:9C:61:97:4A,10,0,NONE,2026-08-24T16:16:09.160043
45917,,-53,44,302,741,65384,28964,4018918,0,99,7,0,0,14:33:5C:6D:AF:58,0,1,ARMED,448.0,0,0,80:02:9C:61:97:4B,1,49,2683.6,80:02:9C:61:97:4A,10,0,NONE,2026-08-24T16:16:09.195043
45917,,-70,27,0,2007,65384,28964,4018933,0,99,7,0,0,14:33:5C:6D:AF:58,0,1,ARMED,448.0,0,0,80:02:9C:61:97:4B,1,99,2979.4,80:02:9C:61:97:4A,10,0,NONE,2026-08-24T16:16:09.210043
45917,,-53,44,7162,786,65384,28964,4018957,0,99,7,0,0,14:33:5C:6D:AF:58,0,1,ARMED,448.0,0,1,80:02:9C:61:97:4B,1,149,2605.9,80:02:9C:61:97:4A,10,0,NONE,2026-08-24T16:16:09.234043
45917,,-53,44,311,811,65336,28964,4018973,0,99,7,0,0,14:33:5C:6D:AF:58,0,1,ARMED,448.0,0,0,80:02:9C:61:97:4B,1,199,2730.2,80:02:9C:61:97:4A,10,0,NONE,2026-08-24T16:16:09.250043
45917,,-53,44,395,834,65384,28964,4019013,0,99,7,0,0,14:33:5C:6D:AF:58,0,1,ARMED,448.0,0,0,80:02:9C:61:97:4B,1,8,661.7,80:02:9C:61:97:4A,10,0,NONE,2026-08-24T16:16:09.290043
45917,,-53,44,659,872,65384,28964,4019060,0,99,7,0,0,14:33:5C:6D:AF:58,0,1,ARMED,448.0,0,0,80:02:9C:61:97:4B,1,58,980.8,80:02:9C:61:97:4A,10,0,NONE,2026-08-24T16:16:09.337043
45917,,-71,26,0,2049,62860,28964,4019089,0,99,7,0,0,14:33:5C:6D:AF:58,0,1,ARMED,448.0,0,0,80:02:9C:61:97:4B,1,108,1221.1,80:02:9C:61:97:4A,10,0,NONE,2026-08-24T16:16:09.366043
45917,,-71,26,960,2043,65396,28964,4019095,0,99,7,0,0,14:33:5C:6D:AF:58,0,1,ARMED,448.0,0,0,80:02:9C:61:97:4B,1,158,1668.6,80:02:9C:61:97:4A,10,0,NONE,2026-08-24T16:16:09.372043
45917,,-71,26,452,2045,64752,28964,4019115,0,99,7,0,0,14:33:5C:6D:AF:58,0,1,ARMED,448.0,0,0,80:02:9C:61:97:4B,1,49,14331.7,80:02:9C:61:97:4A,10,0,NONE,2026-08-24T16:16:09.392043
45917,,-53,44,518,926,65396,28964,4019141,0,99,7,0,0,14:33:5C:6D:AF:58,0,1,ARMED,448.0,0,0,80:02:9C:61:97:4B,1,99,3425.5,80:02:9C:61:97:4A,10,0,NONE,2026-08-24T16:16:09.418043
45917,,-71,26,0,2066,52816,28964,4019182,0,99,7,0,0,14:33:5C:6D:AF:58,0,1,ARMED,448.0,0,0,80:02:9C:61:97:4B,1,149,2123.5,80:02:9C:61:97:4A,10,0,NONE,2026-08-24T16:16:09.459043
45917,,-53,44,395,939,64752,28964,4019188,0,99,7,0,0,14:33:5C:6D:AF:58,0,1,ARMED,448.0,0,0,80:02:9C:61:97:4B,1,199,2616.4,80:02:9C:61:97:4A,10,0,NONE,2026-08-24T16:16:09.465043
45917,,-53,44,6219,961,65396,28964,4019208,0,99,7,0,0,14:33:5C:6D:AF:58,0,1,ARMED,448.0,0,0,80:02:9C:61:97:4B,1,249,2571.9,80:02:9C:61:97:4A,10,0,NONE,2026-08-24T16:16:09.485043
45917,,-71,26,0,2091,63968,28964,4019237,0,99,7,0,0,14:33:5C:6D:AF:58,0,1,ARMED,448.0,0,0,80:02:9C:61:97:4B,1,42,1676.0,80:02:9C:61:97:4A,10,0,NONE,2026-08-24T16:16:09.514043
45917,,-53,44,302,1011,65396,28964,4019256,0,99,7,0,0,14:33:5C:6D:AF:58,0,1,ARMED,448.0,0,0,80:02:9C:61:97:4B,1,92,2069.5,80:02:9C:61:97:4A,10,0,NONE,2026-08-24T16:16:09.533043
45917,,-53,44,394,1030,65396,28964,4019287,0,99,7,0,0,14:33:5C:6D:AF:58,0,1,ARMED,448.0,0,0,80:02:9C:61:97:4B,1,142,1889.9,80:02:9C:61:97:4A,10,0,NONE,2026-08-24T16:16:09.564043
45917,,-53,44,6827,1055,65396,28964,4019320,0,99,7,0,0,14:33:5C:6D:AF:58,0,1,ARMED,448.0,0,1,80:02:9C:61:97:4B,1,49,6242.0,80:02:9C:61:97:4A,10,0,NONE,2026-08-24T16:16:09.597043
45917,,-71,26,853,3809,65396,28964,4019370,0,99,7,0,0,14:33:5C:6D:AF:58,0,1,ARMED,448.0,0,1,80:02:9C:61:97:4B,1,99,1702.6,80:02:9C:61:97:4A,10,0,NONE,2026-08-24T16:16:09.647043
45917,,-70,27,60,2128,64752,28964,4019390,0,99,7,0,0,14:33:5C:6D:AF:58,0,1,ARMED,448.0,0,1,80:02:9C:61:97:4B,1,149,1910.7,80:02:9C:61:97:4A,10,0,NONE,2026-08-24T16:16:09.667043
45917,,-53,44,696,1114,65396,28964,4019415,0,99,7,0,0,14:33:5C:6D:AF:58,0,1,ARMED,448.0,0,0,80:02:9C:61:97:4B,1,4,1832.3,80:02:9C:61:97:4A,10,0,NONE,2026-08-24T16:16:09.692043
45917,,-53,44,663,2442,65396,28964,4019448,0,99,7,0,0,14:33:5C:6D:AF:58,0,1,ARMED,448.0,0,1,80:02:9C:61:97:4B,1,54,1528.7,80:02:9C:61:97:4A,10,0,NONE,2026-08-24T16:16:09.725043
45917,,-53,44,1080,1151,65396,28964,4019498,0,99,7,0,0,14:33:5C:6D:AF:58,0,1,ARMED,448.0,0,0,80:02:9C:61:97:4B,1,104,1216.7,80:02:9C:61:97:4A,10,0,NONE,2026-08-24T16:16:09.775043
45917,,-54,43,568,1164,65396,28964,4019519,0,99,7,0,0,14:33:5C:6D:AF:58,0,1,ARMED,448.0,0,0,80:02:9C:61:97:4B,1,49,9123.1,80:02:9C:61:97:4A,10,0,NONE,2026-08-24T16:16:09.796043
45917,,-71,26,0,2160,65380,28964,4019538,0,99,7,0,0,14:33:5C:6D:AF:58,0,1,ARMED,448.0,0,0,80:02:9C:61:97:4B,1,99,4096.0,80:02:9C:61:97:4A,10,0,NONE,2026-08-24T16:16:09.815043
45917,BEACON,-59,38,50,3972,65396,28964,4019735,0,99,7,0,0,14:33:5C:6D:AF:58,0,0,ARMED,448.0,0,1,80:02:9C:61:97:4B,1,2,187.5,80:02:9C:61:97:4A,10,0,NONE,2026-08-24T16:16:10.012043
45917,BEACON,-93,4,50,2100,65384,28964,4020272,0,99,7,0,0,14:33:5C:6D:AF:58,0,0,ARMED,448.0,0,1,80:02:9C:61:97:4B,1,6,167.8,80:02:9C:61:97:4A,10,0,NONE,2026-08-24T16:16:10.549043
45917,PROBE_RESP,-87,10,0,3189,65384,28964,4020909,0,99,7,0,0,14:33:5C:6D:AF:58,0,0,ARMED,448.0,0,0,80:02:9C:61:97:4B,1,7,119.2,80:02:9C:61:97:4A,10,0,NONE,2026-08-24T16:16:11.186043
45917,MGMT_OTHER,46,46,0,1023,65384,28964,4021381,0,99,7,0,0,14:33:5C:6D:AF:58,0,0,ARMED,448.0,0,1,80:02:9C:61:97:4B,1,5,266.4,80:02:9C:61:97:4A,10,0,NONE,2026-08-24T16:16:11.658043
45917,BEACON,-87,10,0,2980,65384,28964,4021586,0,99,7,0,0,14:33:5C:6D:AF:58,0,0,ARMED,448.0,0,1,80:02:9C:61:97:4B,1,3,161.9,80:02:9C:61:97:4A,10,0,NONE,2026-08-24T16:16:11.863043
45917,PROBE_RESP,-57,40,0,3999,65384,28964,4022045,0,99,7,0,0,14:33:5C:6D:AF:58,0,0,ARMED,448.0,0,0,80:02:9C:61:97:4B,1,10,147.9,80:02:9C:61:97:4A,10,0,NONE,2026-08-24T16:16:12.322043
45917,,-50,47,74691,3790,65384,28964,4022512,0,99,7,0,0,14:33:5C:6D:AF:58,0,0,ARMED,448.0,0,1,80:02:9C:61:97:4B,1,2,160.4,80:02:9C:61:97:4A,10,0,NONE,2026-08-24T16:16:12.789043
45917,BEACON,-94,3,0,2131,65384,28964,4023449,0,99,7,0,0,14:33:5C:6D:AF:58,0,0,ARMED,448.0,0,1,80:02:9C:61:97:4B,1,7,108.8,80:02:9C:61:97:4A,10,0,NONE,2026-08-24T16:16:13.726043
45917,BEACON,-83,14,0,2333,65384,28964,4023867,0,99,7,0,0,14:33:5C:6D:AF:58,0,0,ARMED,448.0,0,1,80:02:9C:61:97:4B,1,8,171.8,80:02:9C:61:97:4A,10,0,NONE,2026-08-24T16:16:14.144043
45917,BEACON,-92,5,0,130,65384,28964,4024376,0,99,7,0,0,14:33:5C:6D:AF:58,0,0,ARMED,448.0,0,1,80:02:9C:61:97:4B,1,5,113.4,80:02:9C:61:97:4A,10,0,NONE,2026-08-24T16:16:14.653043
45917,,-52,45,141,3812,65384,28964,4024487,0,99,7,0,0,14:33:5C:6D:AF:58,0,1,ARMED,448.0,0,1,80:02:9C:61:97:4B,1,27,519.9,80:02:9C:61:97:4A,10,0,NONE,2026-08-24T16:16:14.764043
45917,BEACON,-86,11,12428,3012,65384,28964,4024863,0,99,7,0,0,14:33:5C:6D:AF:58,0,0,ARMED,448.0,0,1,80:02:9C:61:97:4B,1,4,215.6,80:02:9C:61:97:4A,10,0,NONE,2026-08-24T16:16:15.140043
45917,BEACON,-91,6,0,2150,65384,28964,4025392,0,99,7,0,0,14:33:5C:6D:AF:58,0,0,ARMED,448.0,0,1,80:02:9C:61:97:4B,1,3,83.8,80:02:9C:61:97:4A,10,0,NONE,2026-08-24T16:16:15.669043
45917,,-83,14,2284,3840,65384,28964,4025567,0,99,7,0,0,14:33:5C:6D:AF:58,0,1,ARMED,448.0,0,0,80:02:9C:61:97:4B,1,5,802.7,80:02:9C:61:97:4A,10,0,NONE,2026-08-24T16:16:15.844043
45917,,-53,44,939,1189,65384,28964,4025643,0,99,7,0,0,14:33:5C:6D:AF:58,0,1,ARMED,448.0,0,0,80:02:9C:61:97:4B,1,55,672.2,80:02:9C:61:97:4A,10,0,NONE,2026-08-24T16:16:15.920043
45917,,-71,26,158,2182,65368,28964,4025678,0,99,7,0,0,14:33:5C:6D:AF:58,0,1,ARMED,448.0,0,0,80:02:9C:61:97:4B,1,18,1071.9,80:02:9C:61:97:4A,10,0,NONE,2026-08-24T16:16:15.955043
45917,,-71,26,0,2190,65384,28964,4025720,0,99,7,0,0,14:33:5C:6D:AF:58,0,1,ARMED,448.0,0,0,80:02:9C:61:97:4B,1,68,1155.6,80:02:9C:61:97:4A,10,0,NONE,2026-08-24T16:16:15.997043
45917,,-50,47,265,3841,65384,28964,4025775,0,99,7,0,0,14:33:5C:6D:AF:58,0,1,ARMED,448.0,0,0,80:02:9C:61:97:4B,1,6,464.0,80:02:9C:61:97:4A,10,0,NONE,2026-08-24T16:16:16.052043
45917,,-71,26,0,2204,62556,28964,4025835,0,99,7,0,0,14:33:5C:6D:AF:58,0,1,ARMED,448.0,0,0,80:02:9C:61:97:4B,1,56,767.4,80:02:9C:61:97:4A,10,0,NONE,2026-08-24T16:16:16.112043
45917,,-71,26,0,2204,62556,28964,4025835,0,99,7,0,0,14:33:5C:6D:AF:58,0,1,ARMED,448.0,0,0,80:02:9C:61:97:4B,1,56,767.4,80:02:9C:61:97:4A,10,0,NONE,2026-08-24T16:16:16.112043
45917,,-54,43,1991,1246,65384,28964,4025896,0,99,7,0,0,14:33:5C:6D:AF:58,0,1,ARMED,448.0,0,0,80:02:9C:61:97:4B,1,9,312.6,80:02:9C:61:97:4A,10,0,NONE,2026-08-24T16:16:16.173043
45917,,-71,26,1704,3867,65384,28964,4025944,0,99,7,0,0,14:33:5C:6D:AF:58,0,1,ARMED,448.0,0,1,80:02:9C:61:97:4B,1,59,765.1,80:02:9C:61:97:4A,10,0,NONE,2026-08-24T16:16:16.221043
45917,,-88,9,0,3874,65384,28964,4026031,0,99,7,0,0,14:33:5C:6D:AF:58,0,1,ARMED,448.0,0,0,80:02:9C:61:97:4B,1,29,496.5,80:02:9C:61:97:4A,10,0,NONE,2026-08-24T16:16:16.308043
45917,,-59,38,0,1260,65384,28964,4026255,0,99,7,0,0,14:33:5C:6D:AF:58,0,0,ARMED,448.0,0,0,80:02:9C:61:97:4B,1,15,190.4,80:02:9C:61:97:4A,10,0,NONE,2026-08-24T16:16:16.532043
45917,,-72,25,0,2239,60144,28964,4026443,0,99,7,0,0,14:33:5C:6D:AF:58,0,0,ARMED,448.0,0,0,80:02:9C:61:97:4B,1,28,509.3,80:02:9C:61:97:4A,10,0,NONE,2026-08-24T16:16:16.720043
45917,,-72,25,0,2247,65384,28964,4026507,0,99,7,0,0,14:33:5C:6D:AF:58,0,1,ARMED,448.0,0,0,80:02:9C:61:97:4B,1,10,624.0,80:02:9C:61:97:4A,10,0,NONE,2026-08-24T16:16:16.784043
45917,,-86,11,126340,3927,65384,28964,4026675,0,99,7,0,0,14:33:5C:6D:AF:58,0,1,ARMED,448.0,0,0,80:02:9C:61:97:4B,1,18,219.0,80:02:9C:61:97:4A,10,0,NONE,2026-08-24T16:16:16.952043
45917,,-72,25,0,2254,64036,28964,4026712,0,99,7,0,0,14:33:5C:6D:AF:58,0,1,ARMED,448.0,0,0,80:02:9C:61:97:4B,1,27,1351.4,80:02:9C:61:97:4A,10,0,NONE,2026-08-24T16:16:16.989043
45917,,-71,26,307,2265,64740,28964,4026728,0,99,7,0,0,14:33:5C:6D:AF:58,0,1,ARMED,448.0,0,0,80:02:9C:61:97:4B,1,77,2163.5,80:02:9C:61:97:4A,10,0,NONE,2026-08-24T16:16:17.005043
45917,,-59,38,0,1311,64740,28964,4026759,0,99,7,0,0,14:33:5C:6D:AF:58,0,1,ARMED,448.0,0,0,80:02:9C:61:97:4B,1,127,1902.8,80:02:9C:61:97:4A,10,0,NONE,2026-08-24T16:16:17.036043
45917,,-94,3,0,3941,65384,28964,4026929,0,99,7,0,0,14:33:5C:6D:AF:58,0,0,ARMED,448.0,0,1,80:02:9C:61:97:4B,1,6,266.9,80:02:9C:61:97:4A,10,0,NONE,2026-08-24T16:16:17.206043
45917,,-72,25,0,2294,61676,28964,4026958,0,99,7,0,0,14:33:5C:6D:AF:58,0,0,ARMED,448.0,0,0,80:02:9C:61:97:4B,1,56,1079.0,80:02:9C:61:97:4A,10,0,NONE,2026-08-24T16:16:17.235043
45917,,-60,37,0,1340,65384,28964,4027058,0,99,7,0,0,14:33:5C:6D:AF:58,1,1,ARMED,448.0,0,0,80:02:9C:61:97:4B,1,12,253.2,80:02:9C:61:97:4A,10,0,NONE,2026-08-24T16:16:17.335043
45917,,-71,26,10696,3946,65384,28964,4027145,0,99,7,0,0,14:33:5C:6D:AF:58,1,1,ARMED,448.0,0,1,80:02:9C:61:97:4B,1,25,742.0,80:02:9C:61:97:4A,10,0,NONE,2026-08-24T16:16:17.422043
45917,,-71,26,1139,3957,65384,28964,4027264,0,99,7,0,0,14:33:5C:6D:AF:58,0,1,ARMED,448.0,0,1,80:02:9C:61:97:4B,1,16,344.2,80:02:9C:61:97:4A,10,0,NONE,2026-08-24T16:16:17.541043
45917,,-59,38,59,1374,65384,28964,4027356,0,99,7,0,0,14:33:5C:6D:AF:58,0,1,ARMED,448.0,0,1,80:02:9C:61:97:4B,1,28,785.0,80:02:9C:61:97:4A,10,0,NONE,2026-08-24T16:16:17.633043
45917,,-58,39,98,1383,65384,28964,4027475,0,99,7,0,0,14:33:5C:6D:AF:58,0,1,ARMED,448.0,0,1,80:02:9C:61:97:4B,1,18,327.6,80:02:9C:61:97:4A,10,0,NONE,2026-08-24T16:16:17.752043
45917,,-59,38,0,1394,65384,28964,4027600,0,99,7,0,0,14:33:5C:6D:AF:58,0,0,ARMED,448.0,0,0,80:02:9C:61:97:4B,1,43,556.2,80:02:9C:61:97:4A,10,0,NONE,2026-08-24T16:16:17.877043
45917,,-71,26,0,2375,65384,28964,4027715,0,99,7,0,0,14:33:5C:6D:AF:58,0,1,ARMED,448.0,0,0,80:02:9C:61:97:4B,1,40,434.3,80:02:9C:61:97:4A,10,0,NONE,2026-08-24T16:16:17.992043
45917,,-71,26,0,2385,65384,28964,4027794,0,99,7,0,0,14:33:5C:6D:AF:58,0,1,ARMED,448.0,0,0,80:02:9C:61:97:4B,1,49,786.9,80:02:9C:61:97:4A,10,0,NONE,2026-08-24T16:16:18.071043
45917,PROBE_RESP,-86,11,0,3271,65384,28964,4027887,0,99,7,0,0,14:33:5C:6D:AF:58,0,1,ARMED,448.0,0,1,80:02:9C:61:97:4B,1,23,434.3,80:02:9C:61:97:4A,10,0,NONE,2026-08-24T16:16:18.164043
45917,,-71,26,0,2409,65384,28964,4027970,0,99,7,0,0,14:33:5C:6D:AF:58,0,1,ARMED,448.0,0,0,80:02:9C:61:97:4B,1,25,775.8,80:02:9C:61:97:4A,10,0,NONE,2026-08-24T16:16:18.247043
45917,,-71,26,2881,2255,65384,28964,4028031,0,99,7,0,0,14:33:5C:6D:AF:58,0,1,ARMED,448.0,0,1,80:02:9C:61:97:4B,1,75,802.0,80:02:9C:61:97:4A,10,0,NONE,2026-08-24T16:16:18.308043
45917,,-70,27,0,2429,65384,28964,4028152,0,99,7,0,0,14:33:5C:6D:AF:58,0,1,ARMED,448.0,0,0,80:02:9C:61:97:4B,1,49,515.0,80:02:9C:61:97:4A,10,0,NONE,2026-08-24T16:16:18.429043
45917,,-62,35,0,1480,65384,28964,4028240,0,99,7,0,0,14:33:5C:6D:AF:58,0,1,ARMED,448.0,0,0,80:02:9C:61:97:4B,1,39,472.3,80:02:9C:61:97:4A,10,0,NONE,2026-08-24T16:16:18.517043
45917,,-61,36,0,1486,65384,28964,4028309,0,99,7,0,0,14:33:5C:6D:AF:58,0,1,ARMED,448.0,0,0,80:02:9C:61:97:4B,1,35,682.5,80:02:9C:61:97:4A,10,0,NONE,2026-08-24T16:16:18.586043
45917,,-62,35,0,1504,65384,28964,4028397,0,99,7,0,0,14:33:5C:6D:AF:58,0,1,ARMED,448.0,0,0,80:02:9C:61:97:4B,1,25,656.1,80:02:9C:61:97:4A,10,0,NONE,2026-08-24T16:16:18.674043
45917,,-69,28,8080,2490,65384,28964,4028487,0,99,7,0,0,14:33:5C:6D:AF:58,0,1,ARMED,448.0,0,1,80:02:9C:61:97:4B,1,23,1340.8,80:02:9C:61:97:4A,10,0,NONE,2026-08-24T16:16:18.764043
45917,,-62,35,0,1529,65384,28964,4028665,0,99,7,0,0,14:33:5C:6D:AF:58,0,1,ARMED,448.0,0,0,80:02:9C:61:97:4B,1,30,320.3,80:02:9C:61:97:4A,10,0,NONE,2026-08-24T16:16:18.942043
45917,,-70,27,0,2509,65384,28964,4028774,0,99,7,0,0,14:33:5C:6D:AF:58,0,1,ARMED,448.0,0,0,80:02:9C:61:97:4B,1,49,531.8,80:02:9C:61:97:4A,10,0,NONE,2026-08-24T16:16:19.051043
45917,,-54,43,638,1559,65384,28964,4028835,0,99,7,0,0,14:33:5C:6D:AF:58,0,1,ARMED,448.0,0,1,80:02:9C:61:97:4B,1,45,852.5,80:02:9C:61:97:4A,10,0,NONE,2026-08-24T16:16:19.112043
45917,,-70,27,271,2535,65384,28964,4028911,0,99,7,0,0,14:33:5C:6D:AF:58,0,1,ARMED,448.0,0,0,80:02:9C:61:97:4B,1,29,1167.9,80:02:9C:61:97:4A,10,0,NONE,2026-08-24T16:16:19.188043
45917,,-53,44,939,1581,65384,28964,4028962,0,99,7,0,0,14:33:5C:6D:AF:58,0,1,ARMED,448.0,0,0,80:02:9C:61:97:4B,1,79,1046.2,80:02:9C:61:97:4A,10,0,NONE,2026-08-24T16:16:19.239043
45917,,-53,44,939,1595,65384,28964,4028991,0,99,7,0,0,14:33:5C:6D:AF:58,0,1,ARMED,448.0,0,0,80:02:9C:61:97:4B,1,49,14157.8,80:02:9C:61:97:4A,10,0,NONE,2026-08-24T16:16:19.268043
45917,,-70,27,1877,2558,65384,28964,4029031,0,99,7,0,0,14:33:5C:6D:AF:58,0,1,ARMED,448.0,0,1,80:02:9C:61:97:4B,1,99,2272.8,80:02:9C:61:97:4A,10,0,NONE,2026-08-24T16:16:19.308043
45917,,-70,27,0,2565,63976,28964,4029077,0,99,7,0,0,14:33:5C:6D:AF:58,0,1,ARMED,448.0,0,0,80:02:9C:61:97:4B,1,149,1650.3,80:02:9C:61:97:4A,10,0,NONE,2026-08-24T16:16:19.354043
45917,MGMT_OTHER,42,42,0,0,65384,28964,4029107,0,99,7,0,0,14:33:5C:6D:AF:58,0,1,ARMED,448.0,0,0,80:02:9C:61:97:4B,1,28,1418.2,80:02:9C:61:97:4A,10,0,NONE,2026-08-24T16:16:19.384043
45917,MGMT_OTHER,42,42,0,0,65384,28964,4029127,0,99,7,0,0,14:33:5C:6D:AF:58,0,1,ARMED,448.0,0,0,80:02:9C:61:97:4B,1,78,1983.9,80:02:9C:61:97:4A,10,0,NONE,2026-08-24T16:16:19.404043
45917,,-54,43,519,1642,65384,28964,4029154,0,99,7,0,0,14:33:5C:6D:AF:58,0,1,ARMED,448.0,0,0,80:02:9C:61:97:4B,1,128,1915.3,80:02:9C:61:97:4A,10,0,NONE,2026-08-24T16:16:19.431043
45917,MGMT_OTHER,42,42,0,1023,65384,28964,4029179,0,99,7,0,0,14:33:5C:6D:AF:58,0,1,ARMED,448.0,0,0,80:02:9C:61:97:4B,1,178,1937.9,80:02:9C:61:97:4A,10,0,NONE,2026-08-24T16:16:19.456043
45917,,-54,43,0,1661,65384,28964,4029223,0,99,7,0,0,14:33:5C:6D:AF:58,0,1,ARMED,448.0,0,1,80:02:9C:61:97:4B,1,28,782.1,80:02:9C:61:97:4A,10,0,NONE,2026-08-24T16:16:19.500043
45917,,-54,43,379,1670,65384,28964,4029247,0,99,7,0,0,14:33:5C:6D:AF:58,0,1,ARMED,448.0,0,0,80:02:9C:61:97:4B,1,78,1315.3,80:02:9C:61:97:4A,10,0,NONE,2026-08-24T16:16:19.524043
45917,,-70,27,225,2601,65384,28964,4029270,0,99,7,0,0,14:33:5C:6D:AF:58,0,1,ARMED,448.0,0,0,80:02:9C:61:97:4B,1,128,1555.6,80:02:9C:61:97:4A,10,0,NONE,2026-08-24T16:16:19.547043
45917,,-71,26,356,2610,63956,28964,4029302,0,99,7,0,0,14:33:5C:6D:AF:58,0,1,ARMED,448.0,0,0,80:02:9C:61:97:4B,1,49,7338.6,80:02:9C:61:97:4A,10,0,NONE,2026-08-24T16:16:19.579043
45917,,-54,43,519,1708,65384,28964,4029328,0,99,7,0,0,14:33:5C:6D:AF:58,0,1,ARMED,448.0,0,0,80:02:9C:61:97:4B,1,99,3027.3,80:02:9C:61:97:4A,10,0,NONE,2026-08-24T16:16:19.605043
45917,,-71,26,0,2626,65384,28964,4029357,0,99,7,0,0,14:33:5C:6D:AF:58,0,1,ARMED,448.0,0,0,80:02:9C:61:97:4B,1,149,2411.7,80:02:9C:61:97:4A,10,0,NONE,2026-08-24T16:16:19.634043
45917,,-53,44,3048,1728,65368,28964,4029400,0,99,7,0,0,14:33:5C:6D:AF:58,0,1,ARMED,448.0,0,1,80:02:9C:61:97:4B,1,4,1097.1,80:02:9C:61:97:4A,10,0,NONE,2026-08-24T16:16:19.677043
45917,,-53,44,379,1738,65384,28964,4029451,0,99,7,0,0,14:33:5C:6D:AF:58,0,1,ARMED,448.0,0,0,80:02:9C:61:97:4B,1,54,1004.7,80:02:9C:61:97:4A,10,0,NONE,2026-08-24T16:16:19.728043
45917,MGMT_OTHER,42,42,0,2648,65372,28964,4029474,0,99,7,0,0,14:33:5C:6D:AF:58,0,1,ARMED,448.0,0,0,80:02:9C:61:97:4B,1,104,1355.4,80:02:9C:61:97:4A,10,0,NONE,2026-08-24T16:16:19.751043
45917,,-53,44,3051,3862,65384,28964,4029506,0,99,7,0,0,14:33:5C:6D:AF:58,0,1,ARMED,448.0,0,1,80:02:9C:61:97:4B,1,10,1255.0,80:02:9C:61:97:4A,10,0,NONE,2026-08-24T16:16:19.783043
45917,,-54,43,425,1765,65384,28964,4029526,0,99,7,0,0,14:33:5C:6D:AF:58,0,1,ARMED,448.0,0,0,80:02:9C:61:97:4B,1,60,2136.8,80:02:9C:61:97:4A,10,0,NONE,2026-08-24T16:16:19.803043
45917,,-54,43,356,1771,65384,28964,4029545,0,99,7,0,0,14:33:5C:6D:AF:58,0,1,ARMED,448.0,0,0,80:02:9C:61:97:4B,1,110,2310.2,80:02:9C:61:97:4A,10,0,NONE,2026-08-24T16:16:19.822043
45917,,-54,43,356,1771,65384,28964,4029545,0,99,7,0,0,14:33:5C:6D:AF:58,0,1,ARMED,448.0,0,0,80:02:9C:61:97:4B,1,110,2310.2,80:02:9C:61:97:4A,10,0,NONE,2026-08-24T16:16:19.822043
45917,,-52,45,400,3865,65384,28964,4029581,0,99,7,0,0,14:33:5C:6D:AF:58,0,1,ARMED,448.0,0,1,80:02:9C:61:97:4B,1,160,1917.2,80:02:9C:61:97:4A,10,0,NONE,2026-08-24T16:16:19.858043
45917,,-70,27,0,2680,65384,28964,4029622,0,99,7,0,0,14:33:5C:6D:AF:58,1,1,ARMED,448.0,0,0,80:02:9C:61:97:4B,1,49,3057.0,80:02:9C:61:97:4A,10,0,NONE,2026-08-24T16:16:19.899043
45917,,-54,43,379,1819,65384,28964,4029636,0,99,7,0,0,14:33:5C:6D:AF:58,1,1,ARMED,448.0,0,0,80:02:9C:61:97:4B,1,99,3364.6,80:02:9C:61:97:4A,10,0,NONE,2026-08-24T16:16:19.913043
45917,,-54,43,1068,1829,65384,28964,4029677,0,99,7,0,0,14:33:5C:6D:AF:58,1,1,ARMED,448.0,0,0,80:02:9C:61:97:4B,1,149,2107.9,80:02:9C:61:97:4A,10,0,NONE,2026-08-24T16:16:19.954043
45917,,-53,44,378,1843,65384,28964,4029716,0,99,7,0,0,14:33:5C:6D:AF:58,1,1,ARMED,448.0,0,0,80:02:9C:61:97:4B,1,15,1685.4,80:02:9C:61:97:4A,10,0,NONE,2026-08-24T16:16:19.993043
45917,,-53,44,736,1866,65384,28964,4029752,0,99,7,0,0,14:33:5C:6D:AF:58,1,1,ARMED,448.0,0,0,80:02:9C:61:97:4B,1,65,1459.5,80:02:9C:61:97:4A,10,0,NONE,2026-08-24T16:16:20.029043
45917,,-53,44,395,1885,65212,28964,4029774,0,99,7,0,0,14:33:5C:6D:AF:58,1,1,ARMED,448.0,0,0,80:02:9C:61:97:4B,1,115,1708.8,80:02:9C:61:97:4A,10,0,NONE,2026-08-24T16:16:20.051043
45917,,-53,44,379,1904,65384,28964,4029798,0,99,7,0,0,14:33:5C:6D:AF:58,1,1,ARMED,448.0,0,0,80:02:9C:61:97:4B,1,165,1821.9,80:02:9C:61:97:4A,10,0,NONE,2026-08-24T16:16:20.075043
45917,,-53,44,379,1927,65384,28964,4029819,0,99,7,0,0,14:33:5C:6D:AF:58,0,1,ARMED,448.0,0,0,80:02:9C:61:97:4B,1,27,2453.7,80:02:9C:61:97:4A,10,0,NONE,2026-08-24T16:16:20.096043
45917,,-53,44,379,1949,65384,28964,4029838,0,99,7,0,0,14:33:5C:6D:AF:58,0,1,ARMED,448.0,0,0,80:02:9C:61:97:4B,1,77,2527.3,80:02:9C:61:97:4A,10,0,NONE,2026-08-24T16:16:20.115043
45917,,-54,43,379,1967,65384,28964,4029868,0,99,7,0,0,14:33:5C:6D:AF:58,0,1,ARMED,448.0,0,0,80:02:9C:61:97:4B,1,127,2099.6,80:02:9C:61:97:4A,10,0,NONE,2026-08-24T16:16:20.145043
45917,,-70,27,494,2767,65384,28964,4029896,0,99,7,0,0,14:33:5C:6D:AF:58,0,1,ARMED,448.0,0,1,80:02:9C:61:97:4B,1,177,1994.0,80:02:9C:61:97:4A,10,0,NONE,2026-08-24T16:16:20.173043
45917,,-70,27,0,2775,65008,28964,4029922,0,99,7,0,0,14:33:5C:6D:AF:58,0,1,ARMED,448.0,0,0,80:02:9C:61:97:4B,1,23,1679.3,80:02:9C:61:97:4A,10,0,NONE,2026-08-24T16:16:20.199043
45917,,-53,44,379,2033,65384,28964,4029942,0,99,7,0,0,14:33:5C:6D:AF:58,0,1,ARMED,448.0,0,0,80:02:9C:61:97:4B,1,73,2196.3,80:02:9C:61:97:4A,10,0,NONE,2026-08-24T16:16:20.219043
45917,,-70,27,192,23,65384,28964,4029965,0,99,7,0,0,14:33:5C:6D:AF:58,0,1,ARMED,448.0,0,0,80:02:9C:61:97:4B,1,123,2185.6,80:02:9C:61:97:4A,10,0,NONE,2026-08-24T16:16:20.242043
45917,,-70,27,0,2802,65384,28964,4030022,0,99,7,0,0,14:33:5C:6D:AF:58,0,1,ARMED,448.0,0,0,80:02:9C:61:97:4B,1,9,817.4,80:02:9C:61:97:4A,10,0,NONE,2026-08-24T16:16:20.299043
45917,,-71,26,20645,45,65384,28964,4030216,0,99,7,0,0,14:33:5C:6D:AF:58,0,1,ARMED,448.0,0,1,80:02:9C:61:97:4B,1,29,283.2,80:02:9C:61:97:4A,10,0,NONE,2026-08-24T16:16:20.493043
45917,,-71,26,7734,53,65384,28964,4030369,0,99,7,0,0,14:33:5C:6D:AF:58,0,1,ARMED,448.0,0,1,80:02:9C:61:97:4B,1,20,382.0,80:02:9C:61:97:4A,10,0,NONE,2026-08-24T16:16:20.646043
45917,,-71,26,294,120,65384,28964,4030526,0,99,7,0,0,14:33:5C:6D:AF:58,0,1,ARMED,448.0,0,0,80:02:9C:61:97:4B,1,5,994.0,80:02:9C:61:97:4A,10,0,NONE,2026-08-24T16:16:20.803043
45917,BEACON,-86,11,0,3070,65384,28964,4030802,0,99,7,0,0,14:33:5C:6D:AF:58,0,0,ARMED,448.0,0,1,80:02:9C:61:97:4B,1,9,117.1,80:02:9C:61:97:4A,10,0,NONE,2026-08-24T16:16:21.079043
45917,MGMT_OTHER,46,46,0,1023,65384,28964,4031178,0,99,7,0,0,14:33:5C:6D:AF:58,0,0,ARMED,448.0,0,0,80:02:9C:61:97:4B,1,10,234.3,80:02:9C:61:97:4A,10,0,NONE,2026-08-24T16:16:21.455043
45917,MGMT_OTHER,43,43,0,1023,65384,28964,4031274,0,99,7,0,0,14:33:5C:6D:AF:58,0,1,ARMED,448.0,0,0,80:02:9C:61:97:4B,1,14,362.3,80:02:9C:61:97:4A,10,0,NONE,2026-08-24T16:16:21.551043
45917,MGMT_OTHER,42,42,0,1023,65384,28964,4031334,0,99,7,0,0,14:33:5C:6D:AF:58,0,1,ARMED,448.0,0,0,80:02:9C:61:97:4B,1,64,647.1,80:02:9C:61:97:4A,10,0,NONE,2026-08-24T16:16:21.611043
45917,,-49,48,0,3029,65384,28964,4031420,0,99,7,0,0,14:33:5C:6D:AF:58,0,1,ARMED,448.0,0,1,80:02:9C:61:97:4B,1,49,700.2,80:02:9C:61:97:4A,10,0,NONE,2026-08-24T16:16:21.697043
45917,MGMT_OTHER,43,43,0,0,65384,28964,4031516,0,99,7,0,0,14:33:5C:6D:AF:58,0,1,ARMED,448.0,0,0,80:02:9C:61:97:4B,1,41,631.6,80:02:9C:61:97:4A,10,0,NONE,2026-08-24T16:16:21.793043
45917,MGMT_OTHER,43,43,0,1023,65384,28964,4031576,0,99,7,0,0,14:33:5C:6D:AF:58,0,1,ARMED,448.0,0,0,80:02:9C:61:97:4B,1,31,1228.9,80:02:9C:61:97:4A,10,0,NONE,2026-08-24T16:16:21.853043
45917,,-49,48,19678,3911,65384,28964,4031752,0,99,7,0,0,14:33:5C:6D:AF:58,0,1,ARMED,448.0,0,1,80:02:9C:61:97:4B,1,22,232.0,80:02:9C:61:97:4A,10,0,NONE,2026-08-24T16:16:22.029043
45917,MGMT_OTHER,43,43,0,1023,65384,28964,4031932,0,99,7,0,0,14:33:5C:6D:AF:58,0,1,ARMED,448.0,0,0,80:02:9C:61:97:4B,1,16,258.4,80:02:9C:61:97:4A,10,0,NONE,2026-08-24T16:16:22.209043
45917,MGMT_OTHER,43,43,0,1023,65384,28964,4031991,0,99,7,0,0,14:33:5C:6D:AF:58,0,1,ARMED,448.0,0,0,80:02:9C:61:97:4B,1,7,358.0,80:02:9C:61:97:4A,10,0,NONE,2026-08-24T16:16:22.268043
45917,MGMT_OTHER,46,46,0,2227,65384,28964,4032068,0,99,7,0,0,14:33:5C:6D:AF:58,0,1,ARMED,448.0,0,0,80:02:9C:61:97:4B,1,57,591.9,80:02:9C:61:97:4A,10,0,NONE,2026-08-24T16:16:22.345043
45917,MGMT_OTHER,43,43,0,2230,65384,28964,4032382,0,99,7,0,0,14:33:5C:6D:AF:58,0,0,ARMED,448.0,0,0,80:02:9C:61:97:4B,1,28,445.8,80:02:9C:61:97:4A,10,0,NONE,2026-08-24T16:16:22.659043
45917,BEACON,-86,11,0,3087,65384,28964,4032543,0,99,7,0,0,14:33:5C:6D:AF:58,0,0,ARMED,448.0,0,1,80:02:9C:61:97:4B,1,2,161.3,80:02:9C:61:97:4A,10,0,NONE,2026-08-24T16:16:22.820043
45917,BEACON,-95,2,0,223,65384,28964,4032717,0,99,7,0,0,14:33:5C:6D:AF:58,0,1,ARMED,448.0,0,1,80:02:9C:61:97:4B,1,11,129.4,80:02:9C:61:97:4A,10,0,NONE,2026-08-24T16:16:22.994043
45917,,-57,40,1008,29,65384,28964,4033188,0,99,7,0,0,14:33:5C:6D:AF:58,0,0,ARMED,448.0,0,0,80:02:9C:61:97:4B,1,6,155.9,80:02:9C:61:97:4A,10,0,NONE,2026-08-24T16:16:23.465043
45917,BEACON,-87,10,0,3096,65384,28964,4033464,0,99,7,0,0,14:33:5C:6D:AF:58,0,0,ARMED,448.0,0,1,80:02:9C:61:97:4B,1,1,126.0,80:02:9C:61:97:4A,10,0,NONE,2026-08-24T16:16:23.741043
45917,BEACON,-86,11,74650,3341,65384,28964,4033855,0,99,7,0,0,14:33:5C:6D:AF:58,0,0,ARMED,448.0,0,1,80:02:9C:61:97:4B,1,9,98.0,80:02:9C:61:97:4A,10,0,NONE,2026-08-24T16:16:24.132043
45917,MGMT_OTHER,43,43,0,1023,65384,28964,4034210,0,99,7,0,0,14:33:5C:6D:AF:58,0,0,ARMED,448.0,0,0,80:02:9C:61:97:4B,1,15,383.7,80:02:9C:61:97:4A,10,0,NONE,2026-08-24T16:16:24.487043
45917,MGMT_OTHER,44,44,0,58,65384,28964,4034300,0,99,7,0,0,14:33:5C:6D:AF:58,0,1,ARMED,448.0,0,0,80:02:9C:61:97:4B,1,6,266.7,80:02:9C:61:97:4A,10,0,NONE,2026-08-24T16:16:24.577043
45917,,-53,44,0,43,65384,28964,4034518,0,99,7,0,0,14:33:5C:6D:AF:58,0,0,ARMED,448.0,0,0,80:02:9C:61:97:4B,1,24,632.2,80:02:9C:61:97:4A,10,0,NONE,2026-08-24T16:16:24.795043
45917,,-70,27,1642,2268,65384,28964,4034544,0,99,7,0,0,14:33:5C:6D:AF:58,0,0,ARMED,448.0,0,0,80:02:9C:61:97:4B,1,74,1162.3,80:02:9C:61:97:4A,10,0,NONE,2026-08-24T16:16:24.821043
45917,,-50,47,907,3982,65384,28964,4034598,0,99,7,0,0,14:33:5C:6D:AF:58,0,1,ARMED,448.0,0,1,80:02:9C:61:97:4B,1,4,256.2,80:02:9C:61:97:4A,10,0,NONE,2026-08-24T16:16:24.875043
45917,BEACON,-86,11,0,3351,65384,28964,4034879,0,99,7,0,0,14:33:5C:6D:AF:58,0,0,ARMED,448.0,0,1,80:02:9C:61:97:4B,1,8,87.1,80:02:9C:61:97:4A,10,0,NONE,2026-08-24T16:16:25.156043
45917,PROBE_RESP,-94,3,5763,2266,65384,28964,4035346,0,99,7,0,0,14:33:5C:6D:AF:58,0,0,ARMED,448.0,0,1,80:02:9C:61:97:4B,1,8,172.0,80:02:9C:61:97:4A,10,0,NONE,2026-08-24T16:16:25.623043
45917,MGMT_OTHER,43,43,0,3360,65384,28964,4035807,0,99,7,0,0,14:33:5C:6D:AF:58,0,0,ARMED,448.0,0,0,80:02:9C:61:97:4B,1,11,112.1,80:02:9C:61:97:4A,10,0,NONE,2026-08-24T16:16:26.084043
45917,BEACON,-93,4,0,258,65384,28964,4036232,0,99,7,0,0,14:33:5C:6D:AF:58,0,0,ARMED,448.0,0,1,80:02:9C:61:97:4B,1,2,188.5,80:02:9C:61:97:4A,10,0,NONE,2026-08-24T16:16:26.509043
45917,,-70,27,1168,131,65384,28964,4036439,0,99,7,0,0,14:33:5C:6D:AF:58,0,1,ARMED,448.0,0,1,80:02:9C:61:97:4B,1,12,928.9,80:02:9C:61:97:4A,10,0,NONE,2026-08-24T16:16:26.716043
45917,,-53,44,364,2080,65384,28964,4036706,0,99,7,0,0,14:33:5C:6D:AF:58,0,0,ARMED,448.0,0,1,80:02:9C:61:97:4B,1,12,158.7,80:02:9C:61:97:4A,10,0,NONE,2026-08-24T16:16:26.983043
45917,,-54,43,644,2096,65384,28964,4036739,0,99,7,0,0,14:33:5C:6D:AF:58,0,1,ARMED,448.0,0,1,80:02:9C:61:97:4B,1,17,2177.8,80:02:9C:61:97:4A,10,0,NONE,2026-08-24T16:16:27.016043
45917,,-71,26,262,2829,65384,28964,4036759,0,99,7,0,0,14:33:5C:6D:AF:58,0,1,ARMED,448.0,0,0,80:02:9C:61:97:4B,1,67,2353.3,80:02:9C:61:97:4A,10,0,NONE,2026-08-24T16:16:27.036043
45917,,-54,43,267,2141,65384,28964,4036781,0,99,7,0,0,14:33:5C:6D:AF:58,0,1,ARMED,448.0,0,0,80:02:9C:61:97:4B,1,117,2327.5,80:02:9C:61:97:4A,10,0,NONE,2026-08-24T16:16:27.058043
45917,,-71,26,284,2840,65196,28964,4036797,0,99,7,0,0,14:33:5C:6D:AF:58,0,1,ARMED,448.0,0,1,80:02:9C:61:97:4B,1,167,2531.7,80:02:9C:61:97:4A,10,0,NONE,2026-08-24T16:16:27.074043
45917,,-54,43,657,2181,65384,28964,4036825,0,99,7,0,0,14:33:5C:6D:AF:58,0,1,ARMED,448.0,0,0,80:02:9C:61:97:4B,1,217,2299.3,80:02:9C:61:97:4A,10,0,NONE,2026-08-24T16:16:27.102043
45917,,-69,28,0,2855,65384,28964,4036848,0,99,7,0,0,14:33:5C:6D:AF:58,0,1,ARMED,448.0,0,0,80:02:9C:61:97:4B,1,33,1962.7,80:02:9C:61:97:4A,10,0,NONE,2026-08-24T16:16:27.125043
45917,,-68,29,589,2864,65384,28964,4036868,0,99,7,0,0,14:33:5C:6D:AF:58,0,1,ARMED,448.0,0,1,80:02:9C:61:97:4B,1,83,2263.4,80:02:9C:61:97:4A,10,0,NONE,2026-08-24T16:16:27.145043
45917,,-54,43,378,2241,65384,28964,4036887,0,99,7,0,0,14:33:5C:6D:AF:58,0,1,ARMED,448.0,0,0,80:02:9C:61:97:4B,1,133,2373.6,80:02:9C:61:97:4A,10,0,NONE,2026-08-24T16:16:27.164043
45917,,-53,44,518,2257,65384,28964,4036913,0,99,7,0,0,14:33:5C:6D:AF:58,0,1,ARMED,448.0,0,0,80:02:9C:61:97:4B,1,183,2246.6,80:02:9C:61:97:4A,10,0,NONE,2026-08-24T16:16:27.190043
45917,,-53,44,378,2280,63956,28964,4036941,0,99,7,0,0,14:33:5C:6D:AF:58,0,1,ARMED,448.0,0,0,80:02:9C:61:97:4B,1,16,1809.5,80:02:9C:61:97:4A,10,0,NONE,2026-08-24T16:16:27.218043
45917,,-68,29,0,2890,37944,28964,4036986,0,99,7,0,0,14:33:5C:6D:AF:58,0,1,ARMED,448.0,0,0,80:02:9C:61:97:4B,1,66,1231.3,80:02:9C:61:97:4A,10,0,NONE,2026-08-24T16:16:27.263043
45917,,-69,28,0,2895,64740,28964,4036992,0,99,7,0,0,14:33:5C:6D:AF:58,0,1,ARMED,448.0,0,0,80:02:9C:61:97:4B,1,116,1938.0,80:02:9C:61:97:4A,10,0,NONE,2026-08-24T16:16:27.269043
45917,,-53,44,473,2329,65384,28964,4037011,0,99,7,0,0,14:33:5C:6D:AF:58,0,1,ARMED,448.0,0,1,80:02:9C:61:97:4B,1,166,2090.5,80:02:9C:61:97:4A,10,0,NONE,2026-08-24T16:16:27.288043
45917,,-53,44,256,2343,65384,28964,4037021,0,99,7,0,0,14:33:5C:6D:AF:58,0,1,ARMED,448.0,0,1,80:02:9C:61:97:4B,1,216,2421.2,80:02:9C:61:97:4A,10,0,NONE,2026-08-24T16:16:27.298043
45917,,-54,43,796,2361,65096,28964,4037050,0,99,7,0,0,14:33:5C:6D:AF:58,0,1,ARMED,448.0,0,0,80:02:9C:61:97:4B,1,49,13480.1,80:02:9C:61:97:4A,10,0,NONE,2026-08-24T16:16:27.327043
45917,,-69,28,557,159,65384,28964,4037064,0,99,7,0,0,14:33:5C:6D:AF:58,0,1,ARMED,448.0,0,1,80:02:9C:61:97:4B,1,99,5619.9,80:02:9C:61:97:4A,10,0,NONE,2026-08-24T16:16:27.341043
45917,,-69,28,0,2937,65384,28964,4037093,0,99,7,0,0,14:33:5C:6D:AF:58,0,1,ARMED,448.0,0,0,80:02:9C:61:97:4B,1,149,3198.2,80:02:9C:61:97:4A,10,0,NONE,2026-08-24T16:16:27.370043
45917,,-53,44,311,2421,65384,28964,4037106,0,99,7,0,0,14:33:5C:6D:AF:58,0,1,ARMED,448.0,0,0,80:02:9C:61:97:4B,1,199,3358.5,80:02:9C:61:97:4A,10,0,NONE,2026-08-24T16:16:27.383043
45917,,-68,29,0,2951,61392,28964,4037132,0,99,7,0,0,14:33:5C:6D:AF:58,0,1,ARMED,448.0,0,0,80:02:9C:61:97:4B,1,249,2923.6,80:02:9C:61:97:4A,10,0,NONE,2026-08-24T16:16:27.409043
45917,,-53,44,2098,2454,65384,28964,4037145,0,99,7,0,0,14:33:5C:6D:AF:58,0,1,ARMED,448.0,0,1,80:02:9C:61:97:4B,1,299,3043.4,80:02:9C:61:97:4A,10,0,NONE,2026-08-24T16:16:27.422043
45917,,-58,39,1144,111,65384,28964,4037168,0,99,7,0,0,14:33:5C:6D:AF:58,0,1,ARMED,448.0,0,0,80:02:9C:61:97:4B,1,49,7565.2,80:02:9C:61:97:4A,10,0,NONE,2026-08-24T16:16:27.445043
45917,,-69,28,0,2974,65384,28964,4037191,0,99,7,0,0,14:33:5C:6D:AF:58,0,1,ARMED,448.0,0,0,80:02:9C:61:97:4B,1,99,3319.4,80:02:9C:61:97:4A,10,0,NONE,2026-08-24T16:16:27.468043
45917,,-69,28,0,2982,65384,28964,4037210,0,99,7,0,0,14:33:5C:6D:AF:58,0,1,ARMED,448.0,0,0,80:02:9C:61:97:4B,1,149,3018.2,80:02:9C:61:97:4A,10,0,NONE,2026-08-24T16:16:27.487043
45917,,-53,44,310,2543,65384,28964,4037230,0,99,7,0,0,14:33:5C:6D:AF:58,0,1,ARMED,448.0,0,0,80:02:9C:61:97:4B,1,199,2881.4,80:02:9C:61:97:4A,10,0,NONE,2026-08-24T16:16:27.507043
45917,,-71,26,261,2999,65384,28964,4037259,0,99,7,0,0,14:33:5C:6D:AF:58,0,1,ARMED,448.0,0,0,80:02:9C:61:97:4B,1,249,2545.8,80:02:9C:61:97:4A,10,0,NONE,2026-08-24T16:16:27.536043
45917,,-55,42,554,2576,65384,28964,4037276,0,99,7,0,0,14:33:5C:6D:AF:58,0,1,ARMED,448.0,0,0,80:02:9C:61:97:4B,1,49,3471.5,80:02:9C:61:97:4A,10,0,NONE,2026-08-24T16:16:27.553043
45917,,-71,26,0,3013,64992,28964,4037298,0,99,7,0,0,14:33:5C:6D:AF:58,0,1,ARMED,448.0,0,0,80:02:9C:61:97:4B,1,99,2743.2,80:02:9C:61:97:4A,10,0,NONE,2026-08-24T16:16:27.575043
45917,,-71,26,0,3013,64992,28964,4037298,0,99,7,0,0,14:33:5C:6D:AF:58,0,1,ARMED,448.0,0,0,80:02:9C:61:97:4B,1,99,2743.2,80:02:9C:61:97:4A,10,0,NONE,2026-08-24T16:16:27.575043
45917,,-53,44,310,2621,65384,28964,4037343,0,99,7,0,0,14:33:5C:6D:AF:58,0,1,ARMED,448.0,0,0,80:02:9C:61:97:4B,1,149,1832.6,80:02:9C:61:97:4A,10,0,NONE,2026-08-24T16:16:27.620043
45917,,-53,44,160,2644,65384,28964,4037363,0,99,7,0,0,14:33:5C:6D:AF:58,0,1,ARMED,448.0,0,1,80:02:9C:61:97:4B,1,15,11278.2,80:02:9C:61:97:4A,10,0,NONE,2026-08-24T16:16:27.640043
45917,,-54,43,759,2661,65384,28964,4037381,0,99,7,0,0,14:33:5C:6D:AF:58,0,1,ARMED,448.0,0,0,80:02:9C:61:97:4B,1,65,3459.3,80:02:9C:61:97:4A,10,0,NONE,2026-08-24T16:16:27.658043
45917,,-70,27,0,3043,65196,28964,4037405,0,99,7,0,0,14:33:5C:6D:AF:58,0,1,ARMED,448.0,0,0,80:02:9C:61:97:4B,1,115,2673.9,80:02:9C:61:97:4A,10,0,NONE,2026-08-24T16:16:27.682043
45917,,-53,44,311,2686,65384,28964,4037428,0,99,7,0,0,14:33:5C:6D:AF:58,0,1,ARMED,448.0,0,0,80:02:9C:61:97:4B,1,165,2506.3,80:02:9C:61:97:4A,10,0,NONE,2026-08-24T16:16:27.705043
45917,,-69,28,0,3054,65384,28964,4037454,0,99,7,0,0,14:33:5C:6D:AF:58,0,1,ARMED,448.0,0,0,80:02:9C:61:97:4B,1,215,2339.0,80:02:9C:61:97:4A,10,0,NONE,2026-08-24T16:16:27.731043
45917,,-54,43,668,2705,65384,28964,4037475,0,99,7,0,0,14:33:5C:6D:AF:58,0,1,ARMED,448.0,0,0,80:02:9C:61:97:4B,1,30,2310.0,80:02:9C:61:97:4A,10,0,NONE,2026-08-24T16:16:27.752043
45917,,-53,44,310,2717,65384,28964,4037503,0,99,7,0,0,14:33:5C:6D:AF:58,0,1,ARMED,448.0,0,0,80:02:9C:61:97:4B,1,80,1930.6,80:02:9C:61:97:4A,10,0,NONE,2026-08-24T16:16:27.780043
45917,,-54,43,707,2732,65384,28964,4037537,0,99,7,0,0,14:33:5C:6D:AF:58,0,1,ARMED,448.0,0,0,80:02:9C:61:97:4B,1,130,1734.6,80:02:9C:61:97:4A,10,0,NONE,2026-08-24T16:16:27.814043
45917,,-53,44,183,2737,65384,28964,4037571,0,99,7,0,0,14:33:5C:6D:AF:58,0,1,ARMED,448.0,0,1,80:02:9C:61:97:4B,1,22,2423.4,80:02:9C:61:97:4A,10,0,NONE,2026-08-24T16:16:27.848043
45917,,-71,26,314,3075,64904,28964,4037604,0,99,7,0,0,14:33:5C:6D:AF:58,0,1,ARMED,448.0,0,0,80:02:9C:61:97:4B,1,72,1725.2,80:02:9C:61:97:4A,10,0,NONE,2026-08-24T16:16:27.881043
45917,,-71,26,0,3083,65384,28964,4037624,0,99,7,0,0,14:33:5C:6D:AF:58,0,1,ARMED,448.0,0,0,80:02:9C:61:97:4B,1,122,1979.3,80:02:9C:61:97:4A,10,0,NONE,2026-08-24T16:16:27.901043
45917,,-71,26,0,3088,64992,28964,4037678,0,99,7,0,0,14:33:5C:6D:AF:58,0,1,ARMED,448.0,0,0,80:02:9C:61:97:4B,1,29,1869.0,80:02:9C:61:97:4A,10,0,NONE,2026-08-24T16:16:27.955043
45917,,-54,43,611,2764,65384,28964,4037698,0,99,7,0,0,14:33:5C:6D:AF:58,0,1,ARMED,448.0,0,0,80:02:9C:61:97:4B,1,79,2222.5,80:02:9C:61:97:4A,10,0,NONE,2026-08-24T16:16:27.975043
45917,,-70,27,0,3100,63956,28964,4037714,0,99,7,0,0,14:33:5C:6D:AF:58,0,1,ARMED,448.0,0,0,80:02:9C:61:97:4B,1,129,2491.1,80:02:9C:61:97:4A,10,0,NONE,2026-08-24T16:16:27.991043
45917,,-53,44,509,2789,65384,28964,4037739,0,99,7,0,0,14:33:5C:6D:AF:58,0,1,ARMED,448.0,0,0,80:02:9C:61:97:4B,1,179,2351.6,80:02:9C:61:97:4A,10,0,NONE,2026-08-24T16:16:28.016043
45917,,-54,43,689,2795,65384,28964,4037764,0,99,7,0,0,14:33:5C:6D:AF:58,0,1,ARMED,448.0,0,0,80:02:9C:61:97:4B,1,3,1921.8,80:02:9C:61:97:4A,10,0,NONE,2026-08-24T16:16:28.041043
45917,,-72,25,0,3112,63856,28964,4037796,0,99,7,0,0,14:33:5C:6D:AF:58,0,1,ARMED,448.0,0,0,80:02:9C:61:97:4B,1,53,1612.3,80:02:9C:61:97:4A,10,0,NONE,2026-08-24T16:16:28.073043
45917,,-73,24,440,3122,65384,28964,4037806,0,99,7,0,0,14:33:5C:6D:AF:58,0,1,ARMED,448.0,0,1,80:02:9C:61:97:4B,1,103,2377.8,80:02:9C:61:97:4A,10,0,NONE,2026-08-24T16:16:28.083043
45917,,-53,44,131,2835,65384,28964,4037828,0,99,7,0,0,14:33:5C:6D:AF:58,0,1,ARMED,448.0,0,1,80:02:9C:61:97:4B,1,153,2343.7,80:02:9C:61:97:4A,10,0,NONE,2026-08-24T16:16:28.105043
45917,,-53,44,942,2847,65384,28964,4037854,0,99,7,0,0,14:33:5C:6D:AF:58,0,1,ARMED,448.0,0,1,80:02:9C:61:97:4B,1,203,2229.7,80:02:9C:61:97:4A,10,0,NONE,2026-08-24T16:16:28.131043
45917,,-53,44,311,2872,65384,28964,4037878,0,99,7,0,0,14:33:5C:6D:AF:58,0,1,ARMED,448.0,0,0,80:02:9C:61:97:4B,1,49,5838.2,80:02:9C:61:97:4A,10,0,NONE,2026-08-24T16:16:28.155043
45917,,-53,44,780,2892,65384,28964,4037900,0,99,7,0,0,14:33:5C:6D:AF:58,0,1,ARMED,448.0,0,1,80:02:9C:61:97:4B,1,99,3255.8,80:02:9C:61:97:4A,10,0,NONE,2026-08-24T16:16:28.177043
45917,BEACON,-93,4,58,275,65384,28964,4037936,0,99,7,0,0,14:33:5C:6D:AF:58,0,1,ARMED,448.0,0,1,80:02:9C:61:97:4B,1,149,2262.8,80:02:9C:61:97:4A,10,0,NONE,2026-08-24T16:16:28.213043
45917,,-75,22,6254,265,65384,28964,4038119,0,99,7,0,0,14:33:5C:6D:AF:58,0,1,ARMED,448.0,0,0,80:02:9C:61:97:4B,1,12,261.9,80:02:9C:61:97:4A,10,0,NONE,2026-08-24T16:16:28.396043
45917,BEACON,-94,3,0,353,65384,28964,4038450,0,99,7,0,0,14:33:5C:6D:AF:58,0,0,ARMED,448.0,0,1,80:02:9C:61:97:4B,1,12,171.6,80:02:9C:61:97:4A,10,0,NONE,2026-08-24T16:16:28.727043
45917,,-53,44,535,124,65228,28964,4038585,0,99,7,0,0,14:33:5C:6D:AF:58,0,1,ARMED,448.0,0,0,80:02:9C:61:97:4B,1,1,1000.0,80:02:9C:61:97:4A,10,0,NONE,2026-08-24T16:16:28.862043
45917,,-80,17,732,3000,65384,28964,4038965,0,99,7,0,0,14:33:5C:6D:AF:58,0,0,ARMED,448.0,0,1,80:02:9C:61:97:4B,1,14,191.1,80:02:9C:61:97:4A,10,0,NONE,2026-08-24T16:16:29.242043
45917,BEACON,-93,4,50,274,65384,28964,4039122,0,99,7,0,0,14:33:5C:6D:AF:58,1,0,ARMED,448.0,0,0,80:02:9C:61:97:4B,1,14,543.9,80:02:9C:61:97:4A,10,0,NONE,2026-08-24T16:16:29.399043
45917,,-73,24,30659,296,65384,28964,4039442,0,99,7,0,0,14:33:5C:6D:AF:58,0,0,ARMED,448.0,0,0,80:02:9C:61:97:4B,1,13,340.7,80:02:9C:61:97:4A,10,0,NONE,2026-08-24T16:16:29.719043
45917,MGMT_OTHER,43,43,0,1023,65384,28964,4039806,0,99,7,0,0,14:33:5C:6D:AF:58,0,0,ARMED,448.0,0,1,80:02:9C:61:97:4B,1,11,114.8,80:02:9C:61:97:4A,10,0,NONE,2026-08-24T16:16:30.083043
45917,MGMT_OTHER,30,30,0,0,65384,28964,4039932,0,99,7,0,0,14:33:5C:6D:AF:58,0,1,ARMED,448.0,0,0,80:02:9C:61:97:4B,1,8,933.7,80:02:9C:61:97:4A,10,0,NONE,2026-08-24T16:16:30.209043
45917,BEACON,-92,5,83,2317,65384,28964,4040342,0,99,7,0,0,14:33:5C:6D:AF:58,0,0,ARMED,448.0,0,1,80:02:9C:61:97:4B,1,12,128.3,80:02:9C:61:97:4A,10,0,NONE,2026-08-24T16:16:30.619043
45917,MGMT_OTHER,43,43,0,2320,65384,28964,4040686,0,99,7,0,0,14:33:5C:6D:AF:58,1,1,ARMED,448.0,0,0,80:02:9C:61:97:4B,1,8,111.3,80:02:9C:61:97:4A,10,0,NONE,2026-08-24T16:16:30.963043
45917,PROBE_RESP,-87,10,0,3411,65384,28964,4040834,0,99,7,0,0,14:33:5C:6D:AF:58,0,0,ARMED,448.0,0,1,80:02:9C:61:97:4B,1,10,667.6,80:02:9C:61:97:4A,10,0,NONE,2026-08-24T16:16:31.111043
45917,,-53,44,444,143,64916,28964,4041050,0,99,7,0,0,14:33:5C:6D:AF:58,0,0,ARMED,448.0,0,0,80:02:9C:61:97:4B,1,15,552.8,80:02:9C:61:97:4A,10,0,NONE,2026-08-24T16:16:31.327043
45917,MGMT_OTHER,43,43,0,1023,65384,28964,4041237,0,99,7,0,0,14:33:5C:6D:AF:58,0,0,ARMED,448.0,0,1,80:02:9C:61:97:4B,1,3,622.7,80:02:9C:61:97:4A,10,0,NONE,2026-08-24T16:16:31.514043
45917,,-53,44,0,164,65384,28964,4041357,0,99,7,0,0,14:33:5C:6D:AF:58,0,1,ARMED,448.0,0,0,80:02:9C:61:97:4B,1,20,1278.8,80:02:9C:61:97:4A,10,0,NONE,2026-08-24T16:16:31.634043
45917,BEACON,-87,10,0,3425,65384,28964,4041535,0,99,7,0,0,14:33:5C:6D:AF:58,0,1,ARMED,448.0,0,1,80:02:9C:61:97:4B,1,18,196.0,80:02:9C:61:97:4A,10,0,NONE,2026-08-24T16:16:31.812043
45917,,-53,44,809,178,65384,28964,4041977,0,99,7,0,0,14:33:5C:6D:AF:58,0,0,ARMED,448.0,0,1,80:02:9C:61:97:4B,1,7,518.0,80:02:9C:61:97:4A,10,0,NONE,2026-08-24T16:16:32.254043
45917,,-51,46,0,4075,65384,28964,4042355,0,99,7,0,0,14:33:5C:6D:AF:58,0,0,ARMED,448.0,0,1,80:02:9C:61:97:4B,1,13,153.5,80:02:9C:61:97:4A,10,0,NONE,2026-08-24T16:16:32.632043
45917,,-73,24,0,2018,65384,28964,4042571,0,99,7,0,0,14:33:5C:6D:AF:58,0,1,ARMED,448.0,0,0,80:02:9C:61:97:4B,1,21,219.0,80:02:9C:61:97:4A,10,0,NONE,2026-08-24T16:16:32.848043
45917,,-90,7,0,342,65384,28964,4042673,0,99,7,0,0,14:33:5C:6D:AF:58,0,1,ARMED,448.0,0,1,80:02:9C:61:97:4B,1,43,449.5,80:02:9C:61:97:4A,10,0,NONE,2026-08-24T16:16:32.950043
45917,BEACON,-88,9,0,3188,65384,28964,4042885,0,99,7,0,0,14:33:5C:6D:AF:58,0,1,ARMED,448.0,0,1,80:02:9C:61:97:4B,1,11,136.9,80:02:9C:61:97:4A,10,0,NONE,2026-08-24T16:16:33.162043
45917,,-57,40,473,227,65384,28964,4043299,0,99,7,0,0,14:33:5C:6D:AF:58,0,0,ARMED,448.0,0,0,80:02:9C:61:97:4B,1,13,159.3,80:02:9C:61:97:4A,10,0,NONE,2026-08-24T16:16:33.576043
45917,MGMT_OTHER,43,43,0,1023,65368,28964,4043493,0,99,7,0,0,14:33:5C:6D:AF:58,1,0,ARMED,448.0,0,1,80:02:9C:61:97:4B,1,6,85.8,80:02:9C:61:97:4A,10,0,NONE,2026-08-24T16:16:33.770043
45917,,-72,25,6300,369,65384,28964,4043831,0,99,7,0,0,14:33:5C:6D:AF:58,0,0,ARMED,448.0,0,1,80:02:9C:61:97:4B,1,17,168.8,80:02:9C:61:97:4A,10,0,NONE,2026-08-24T16:16:34.108043
45917,,-69,28,0,1250,65384,28964,4044119,0,99,7,0,0,14:33:5C:6D:AF:58,0,0,ARMED,448.0,0,1,80:02:9C:61:97:4B,1,13,158.9,80:02:9C:61:97:4A,10,0,NONE,2026-08-24T16:16:34.396043
45917,,-75,22,3561,377,65384,28964,4044258,0,99,7,0,0,14:33:5C:6D:AF:58,0,1,ARMED,448.0,0,0,80:02:9C:61:97:4B,1,5,303.9,80:02:9C:61:97:4A,10,0,NONE,2026-08-24T16:16:34.535043
45917,BEACON,-88,9,0,4056,65384,28964,4044507,0,99,7,0,0,14:33:5C:6D:AF:58,0,0,ARMED,448.0,0,1,80:02:9C:61:97:4B,1,6,98.7,80:02:9C:61:97:4A,10,0,NONE,2026-08-24T16:16:34.784043
45917,,43,43,0,2945,65028,28964,4044775,0,99,7,0,0,14:33:5C:6D:AF:58,0,0,ARMED,448.0,0,0,80:02:9C:61:97:4B,1,7,333.6,80:02:9C:61:97:4A,10,0,NONE,2026-08-24T16:16:35.052043
45917,,-57,40,292,266,65384,28964,4044910,0,99,7,0,0,14:33:5C:6D:AF:58,0,1,ARMED,448.0,0,0,80:02:9C:61:97:4B,1,13,262.0,80:02:9C:61:97:4A,10,0,NONE,2026-08-24T16:16:35.187043
45917,,-67,30,27347,3592,65384,28964,4045479,0,99,7,0,0,14:33:5C:6D:AF:58,0,0,ARMED,448.0,0,1,80:02:9C:61:97:4B,1,3,37.9,80:02:9C:61:97:4A,10,0,NONE,2026-08-24T16:16:35.756043
45917,,-53,44,0,231,65384,28964,4045994,0,99,7,0,0,14:33:5C:6D:AF:58,0,0,ARMED,448.0,0,0,80:02:9C:61:97:4B,1,34,971.4,80:02:9C:61:97:4A,10,0,NONE,2026-08-24T16:16:36.271043
45917,,-54,43,2972,2936,65384,28964,4046041,0,99,7,0,0,14:33:5C:6D:AF:58,0,0,ARMED,448.0,0,1,80:02:9C:61:97:4B,1,84,1015.7,80:02:9C:61:97:4A,10,0,NONE,2026-08-24T16:16:36.318043
45917,,-53,44,901,2943,65384,28964,4046070,0,99,7,0,0,14:33:5C:6D:AF:58,0,1,ARMED,448.0,0,0,80:02:9C:61:97:4B,1,33,2975.9,80:02:9C:61:97:4A,10,0,NONE,2026-08-24T16:16:36.347043
45917,,-54,43,797,2954,65384,28964,4046095,0,99,7,0,0,14:33:5C:6D:AF:58,0,1,ARMED,448.0,0,0,80:02:9C:61:97:4B,1,83,2311.8,80:02:9C:61:97:4A,10,0,NONE,2026-08-24T16:16:36.372043
45917,,-55,42,887,2967,65384,28964,4046136,0,99,7,0,0,14:33:5C:6D:AF:58,0,1,ARMED,448.0,0,0,80:02:9C:61:97:4B,1,133,1730.1,80:02:9C:61:97:4A,10,0,NONE,2026-08-24T16:16:36.413043
45917,,-53,44,466,2985,65384,28964,4046166,0,99,7,0,0,14:33:5C:6D:AF:58,0,1,ARMED,448.0,0,0,80:02:9C:61:97:4B,1,16,2298.5,80:02:9C:61:97:4A,10,0,NONE,2026-08-24T16:16:36.443043
45917,,-74,23,0,3182,65384,28964,4046203,0,99,7,0,0,14:33:5C:6D:AF:58,0,1,ARMED,448.0,0,0,80:02:9C:61:97:4B,1,66,1499.1,80:02:9C:61:97:4A,10,0,NONE,2026-08-24T16:16:36.480043
45917,,-74,23,0,3190,65384,28964,4046214,0,99,7,0,0,14:33:5C:6D:AF:58,0,1,ARMED,448.0,0,0,80:02:9C:61:97:4B,1,116,2128.9,80:02:9C:61:97:4A,10,0,NONE,2026-08-24T16:16:36.491043
45917,,-53,44,671,2994,65384,28964,4046233,0,99,7,0,0,14:33:5C:6D:AF:58,0,1,ARMED,448.0,0,0,80:02:9C:61:97:4B,1,166,2238.5,80:02:9C:61:97:4A,10,0,NONE,2026-08-24T16:16:36.510043
45917,,-74,23,0,3198,62500,28964,4046244,0,99,7,0,0,14:33:5C:6D:AF:58,0,1,ARMED,448.0,0,0,80:02:9C:61:97:4B,1,216,2556.3,80:02:9C:61:97:4A,10,0,NONE,2026-08-24T16:16:36.521043
45917,,-53,44,1068,2997,65384,28964,4046264,0,99,7,0,0,14:33:5C:6D:AF:58,0,1,ARMED,448.0,0,0,80:02:9C:61:97:4B,1,49,12700.9,80:02:9C:61:97:4A,10,0,NONE,2026-08-24T16:16:36.541043
45917,,-73,24,0,3209,64124,28964,4046273,0,99,7,0,0,14:33:5C:6D:AF:58,0,1,ARMED,448.0,0,0,80:02:9C:61:97:4B,1,99,7180.2,80:02:9C:61:97:4A,10,0,NONE,2026-08-24T16:16:36.550043
45917,,-53,44,311,3019,64740,28964,4046293,0,99,7,0,0,14:33:5C:6D:AF:58,0,1,ARMED,448.0,0,0,80:02:9C:61:97:4B,1,149,4447.1,80:02:9C:61:97:4A,10,0,NONE,2026-08-24T16:16:36.570043
45917,,-53,44,1040,3038,65384,28964,4046310,0,99,7,0,0,14:33:5C:6D:AF:58,0,1,ARMED,448.0,0,0,80:02:9C:61:97:4B,1,199,3936.7,80:02:9C:61:97:4A,10,0,NONE,2026-08-24T16:16:36.587043
45917,,-53,44,472,3050,65384,28964,4046339,0,99,7,0,0,14:33:5C:6D:AF:58,0,1,ARMED,448.0,0,0,80:02:9C:61:97:4B,1,249,3137.8,80:02:9C:61:97:4A,10,0,NONE,2026-08-24T16:16:36.616043
45917,,-53,44,311,3060,65384,28964,4046362,0,99,7,0,0,14:33:5C:6D:AF:58,0,1,ARMED,448.0,0,0,80:02:9C:61:97:4B,1,14,5912.2,80:02:9C:61:97:4A,10,0,NONE,2026-08-24T16:16:36.639043
45917,,-73,24,0,3248,65384,28964,4046382,0,99,7,0,0,14:33:5C:6D:AF:58,0,1,ARMED,448.0,0,0,80:02:9C:61:97:4B,1,64,2863.9,80:02:9C:61:97:4A,10,0,NONE,2026-08-24T16:16:36.659043
45917,,-53,44,311,3093,65384,28964,4046423,0,99,7,0,0,14:33:5C:6D:AF:58,0,1,ARMED,448.0,0,0,80:02:9C:61:97:4B,1,114,1805.1,80:02:9C:61:97:4A,10,0,NONE,2026-08-24T16:16:36.700043
45917,,-53,44,310,3111,65384,28964,4046488,0,99,7,0,0,14:33:5C:6D:AF:58,0,1,ARMED,448.0,0,0,80:02:9C:61:97:4B,1,10,367.1,80:02:9C:61:97:4A,10,0,NONE,2026-08-24T16:16:36.765043
45917,,-73,24,252,488,65384,28964,4046519,0,99,7,0,0,14:33:5C:6D:AF:58,0,1,ARMED,448.0,0,1,80:02:9C:61:97:4B,1,60,1037.2,80:02:9C:61:97:4A,10,0,NONE,2026-08-24T16:16:36.796043
45917,,-73,24,0,3261,62528,28964,4046549,0,99,7,0,0,14:33:5C:6D:AF:58,0,1,ARMED,448.0,0,0,80:02:9C:61:97:4B,1,110,1252.0,80:02:9C:61:97:4A,10,0,NONE,2026-08-24T16:16:36.826043
45917,,-53,44,364,3130,65384,28964,4046568,0,99,7,0,0,14:33:5C:6D:AF:58,0,1,ARMED,448.0,0,0,80:02:9C:61:97:4B,1,10,1424.7,80:02:9C:61:97:4A,10,0,NONE,2026-08-24T16:16:36.845043
45917,,-53,44,662,3135,65384,28964,4046597,0,99,7,0,0,14:33:5C:6D:AF:58,0,1,ARMED,448.0,0,0,80:02:9C:61:97:4B,1,60,1669.6,80:02:9C:61:97:4A,10,0,NONE,2026-08-24T16:16:36.874043
45917,MGMT_OTHER,43,43,0,0,65384,28964,4046617,0,99,7,0,0,14:33:5C:6D:AF:58,0,1,ARMED,448.0,0,1,80:02:9C:61:97:4B,1,110,1973.5,80:02:9C:61:97:4A,10,0,NONE,2026-08-24T16:16:36.894043
45917,,-74,23,0,3290,63956,28964,4046651,0,99,7,0,0,14:33:5C:6D:AF:58,0,1,ARMED,448.0,0,0,80:02:9C:61:97:4B,1,160,1780.6,80:02:9C:61:97:4A,10,0,NONE,2026-08-24T16:16:36.928043
45917,,-53,44,115,3174,65384,28964,4046680,0,99,7,0,0,14:33:5C:6D:AF:58,0,1,ARMED,448.0,0,0,80:02:9C:61:97:4B,1,31,1653.5,80:02:9C:61:97:4A,10,0,NONE,2026-08-24T16:16:36.957043
45917,,-53,44,250,3217,65384,28964,4046700,0,99,7,0,0,14:33:5C:6D:AF:58,0,1,ARMED,448.0,0,0,80:02:9C:61:97:4B,1,81,2088.4,80:02:9C:61:97:4A,10,0,NONE,2026-08-24T16:16:36.977043
45917,,-74,23,0,3291,59292,28964,4046716,0,99,7,0,0,14:33:5C:6D:AF:58,0,1,ARMED,448.0,0,0,80:02:9C:61:97:4B,1,131,2404.6,80:02:9C:61:97:4A,10,0,NONE,2026-08-24T16:16:36.993043
45917,,-75,22,0,3308,65384,28964,4046735,0,99,7,0,0,14:33:5C:6D:AF:58,0,1,ARMED,448.0,0,0,80:02:9C:61:97:4B,1,181,2448.8,80:02:9C:61:97:4A,10,0,NONE,2026-08-24T16:16:37.012043
45917,,-75,22,0,3316,64740,28964,4046741,0,99,7,0,0,14:33:5C:6D:AF:58,0,1,ARMED,448.0,0,0,80:02:9C:61:97:4B,1,231,2893.5,80:02:9C:61:97:4A,10,0,NONE,2026-08-24T16:16:37.018043
45917,AUTH,-53,44,267,1868,65384,28964,4046772,0,99,7,0,0,14:33:5C:6D:AF:58,1,1,ARMED,448.0,0,1,80:02:9C:61:97:4B,1,5,489.7,80:02:9C:61:97:4A,10,0,NONE,2026-08-24T16:16:37.049043
45917,,-53,44,267,3274,65384,28964,4046786,0,99,7,0,0,14:33:5C:6D:AF:58,1,1,ARMED,448.0,0,0,80:02:9C:61:97:4B,1,55,2279.8,80:02:9C:61:97:4A,10,0,NONE,2026-08-24T16:16:37.063043
45917,,-53,44,755,3297,65384,28964,4046805,0,99,7,0,0,14:33:5C:6D:AF:58,1,1,ARMED,448.0,0,0,80:02:9C:61:97:4B,1,105,2401.7,80:02:9C:61:97:4A,10,0,NONE,2026-08-24T16:16:37.082043
45917,,-74,23,287,3348,64516,28964,4046819,0,99,7,0,0,14:33:5C:6D:AF:58,1,1,ARMED,448.0,0,0,80:02:9C:61:97:4B,1,155,2706.6,80:02:9C:61:97:4A,10,0,NONE,2026-08-24T16:16:37.096043
45917,,-53,44,360,3345,65384,28964,4046847,0,99,7,0,0,14:33:5C:6D:AF:58,1,1,ARMED,448.0,0,0,80:02:9C:61:97:4B,1,205,2389.8,80:02:9C:61:97:4A,10,0,NONE,2026-08-24T16:16:37.124043
45917,,-53,44,259,3362,63956,28964,4046865,0,99,7,0,0,14:33:5C:6D:AF:58,1,1,ARMED,448.0,0,1,80:02:9C:61:97:4B,1,3,1019.7,80:02:9C:61:97:4A,10,0,NONE,2026-08-24T16:16:37.142043
45917,,-54,43,390,3383,65384,28964,4046902,0,99,7,0,0,14:33:5C:6D:AF:58,1,1,ARMED,448.0,0,0,80:02:9C:61:97:4B,1,53,1326.1,80:02:9C:61:97:4A,10,0,NONE,2026-08-24T16:16:37.179043
45917,,-53,44,379,3411,65384,28964,4046923,0,99,7,0,0,14:33:5C:6D:AF:58,1,1,ARMED,448.0,0,0,80:02:9C:61:97:4B,1,103,1680.9,80:02:9C:61:97:4A,10,0,NONE,2026-08-24T16:16:37.200043
45917,,-54,43,545,3428,65384,28964,4046952,0,99,7,0,0,14:33:5C:6D:AF:58,1,1,ARMED,448.0,0,0,80:02:9C:61:97:4B,1,153,1706.9,80:02:9C:61:97:4A,10,0,NONE,2026-08-24T16:16:37.229043
45917,,-75,22,0,3385,53568,28964,4046980,0,99,7,0,0,14:33:5C:6D:AF:58,0,1,ARMED,448.0,0,0,80:02:9C:61:97:4B,1,25,1360.1,80:02:9C:61:97:4A,10,0,NONE,2026-08-24T16:16:37.257043
45917,,-68,29,0,1256,65384,28964,4047001,0,99,7,0,0,14:33:5C:6D:AF:58,0,1,ARMED,448.0,0,1,80:02:9C:61:97:4B,1,75,1951.0,80:02:9C:61:97:4A,10,0,NONE,2026-08-24T16:16:37.278043
45917,,-53,44,520,3454,64740,28964,4047011,0,99,7,0,0,14:33:5C:6D:AF:58,0,1,ARMED,448.0,0,0,80:02:9C:61:97:4B,1,125,2543.4,80:02:9C:61:97:4A,10,0,NONE,2026-08-24T16:16:37.288043
45917,,-53,44,1042,3482,65384,28964,4047044,0,99,7,0,0,14:33:5C:6D:AF:58,0,1,ARMED,448.0,0,0,80:02:9C:61:97:4B,1,175,2133.2,80:02:9C:61:97:4A,10,0,NONE,2026-08-24T16:16:37.321043
45917,,-53,44,848,3494,65384,28964,4047078,0,99,7,0,0,14:33:5C:6D:AF:58,0,1,ARMED,448.0,0,1,80:02:9C:61:97:4B,1,27,1728.7,80:02:9C:61:97:4A,10,0,NONE,2026-08-24T16:16:37.355043
45917,,-75,22,0,3411,65384,28964,4047107,0,99,7,0,0,14:33:5C:6D:AF:58,0,1,ARMED,448.0,0,0,80:02:9C:61:97:4B,1,77,1723.6,80:02:9C:61:97:4A,10,0,NONE,2026-08-24T16:16:37.384043
45917,,-53,44,379,3528,65384,28964,4047115,0,99,7,0,0,14:33:5C:6D:AF:58,0,1,ARMED,448.0,0,0,80:02:9C:61:97:4B,1,127,2403.5,80:02:9C:61:97:4A,10,0,NONE,2026-08-24T16:16:37.392043
45917,,-75,22,0,3413,60728,28964,4047143,0,99,7,0,0,14:33:5C:6D:AF:58,0,1,ARMED,448.0,0,0,80:02:9C:61:97:4B,1,177,2200.1,80:02:9C:61:97:4A,10,0,NONE,2026-08-24T16:16:37.420043
45917,,-75,22,0,3413,60728,28964,4047143,0,99,7,0,0,14:33:5C:6D:AF:58,0,1,ARMED,448.0,0,0,80:02:9C:61:97:4B,1,177,2200.1,80:02:9C:61:97:4A,10,0,NONE,2026-08-24T16:16:37.420043
45917,,-53,44,287,3566,65384,28964,4047149,0,99,7,0,0,14:33:5C:6D:AF:58,0,1,ARMED,448.0,0,1,80:02:9C:61:97:4B,1,227,2625.0,80:02:9C:61:97:4A,10,0,NONE,2026-08-24T16:16:37.426043
45917,,-53,44,311,3581,65384,28964,4047168,0,99,7,0,0,14:33:5C:6D:AF:58,0,1,ARMED,448.0,0,0,80:02:9C:61:97:4B,1,49,14403.3,80:02:9C:61:97:4A,10,0,NONE,2026-08-24T16:16:37.445043
45917,,-75,22,5405,3418,65384,28964,4047205,0,99,7,0,0,14:33:5C:6D:AF:58,0,1,ARMED,448.0,0,1,80:02:9C:61:97:4B,1,99,2440.1,80:02:9C:61:97:4A,10,0,NONE,2026-08-24T16:16:37.482043
45917,,-75,22,0,3436,28600,25320,4047244,0,99,7,0,0,14:33:5C:6D:AF:58,0,1,ARMED,448.0,0,0,80:02:9C:61:97:4B,1,149,1875.9,80:02:9C:61:97:4A,10,0,NONE,2026-08-24T16:16:37.521043
45917,,-75,22,0,3436,28600,25320,4047244,0,99,7,0,0,14:33:5C:6D:AF:58,0,1,ARMED,448.0,0,0,80:02:9C:61:97:4B,1,149,1875.9,80:02:9C:61:97:4A,10,0,NONE,2026-08-24T16:16:37.521043
45917,,-75,22,552,3436,64740,25320,4047250,0,99,7,0,0,14:33:5C:6D:AF:58,0,1,ARMED,448.0,0,1,80:02:9C:61:97:4B,1,199,2329.1,80:02:9C:61:97:4A,10,0,NONE,2026-08-24T16:16:37.527043
45917,,-75,22,0,3464,65384,25320,4047270,0,99,7,0,0,14:33:5C:6D:AF:58,0,1,ARMED,448.0,0,0,80:02:9C:61:97:4B,1,49,13569.6,80:02:9C:61:97:4A,10,0,NONE,2026-08-24T16:16:37.547043
45917,,-53,44,311,3624,65384,25320,4047285,0,99,7,0,0,14:33:5C:6D:AF:58,0,1,ARMED,448.0,0,0,80:02:9C:61:97:4B,1,99,5367.6,80:02:9C:61:97:4A,10,0,NONE,2026-08-24T16:16:37.562043
45917,,-53,44,310,3645,65384,25320,4047314,0,99,7,0,0,14:33:5C:6D:AF:58,0,1,ARMED,448.0,0,0,80:02:9C:61:97:4B,1,149,3121.3,80:02:9C:61:97:4A,10,0,NONE,2026-08-24T16:16:37.591043
45917,,-53,44,311,3685,65384,25320,4047332,0,99,7,0,0,14:33:5C:6D:AF:58,0,1,ARMED,448.0,0,0,80:02:9C:61:97:4B,1,199,3032.4,80:02:9C:61:97:4A,10,0,NONE,2026-08-24T16:16:37.609043
45917,,-74,23,359,3483,65384,25320,4047351,0,99,7,0,0,14:33:5C:6D:AF:58,0,1,ARMED,448.0,0,0,80:02:9C:61:97:4B,1,249,2928.1,80:02:9C:61:97:4A,10,0,NONE,2026-08-24T16:16:37.628043
45917,,-53,44,717,3700,65384,25320,4047357,0,99,7,0,0,14:33:5C:6D:AF:58,0,1,ARMED,448.0,0,0,80:02:9C:61:97:4B,1,299,3285.0,80:02:9C:61:97:4A,10,0,NONE,2026-08-24T16:16:37.634043
45917,,-53,44,355,3720,65384,25320,4047380,0,99,7,0,0,14:33:5C:6D:AF:58,0,1,ARMED,448.0,0,0,80:02:9C:61:97:4B,1,49,9544.2,80:02:9C:61:97:4A,10,0,NONE,2026-08-24T16:16:37.657043
45917,,-53,44,311,3736,65384,25320,4047400,0,99,7,0,0,14:33:5C:6D:AF:58,0,1,ARMED,448.0,0,0,80:02:9C:61:97:4B,1,99,3843.9,80:02:9C:61:97:4A,10,0,NONE,2026-08-24T16:16:37.677043
45917,,-73,24,0,3515,64440,25320,4047424,0,99,7,0,0,14:33:5C:6D:AF:58,0,1,ARMED,448.0,0,0,80:02:9C:61:97:4B,1,149,3005.7,80:02:9C:61:97:4A,10,0,NONE,2026-08-24T16:16:37.701043
45917,MGMT_OTHER,43,43,0,0,65384,25320,4047433,0,99,7,0,0,14:33:5C:6D:AF:58,0,1,ARMED,448.0,0,1,80:02:9C:61:97:4B,1,199,3406.0,80:02:9C:61:97:4A,10,0,NONE,2026-08-24T16:16:37.710043
45917,,-53,44,311,3780,65384,25320,4047454,0,99,7,0,0,14:33:5C:6D:AF:58,0,1,ARMED,448.0,0,0,80:02:9C:61:97:4B,1,249,3145.2,80:02:9C:61:97:4A,10,0,NONE,2026-08-24T16:16:37.731043
45917,,-73,24,628,3533,65384,25320,4047478,0,99,7,0,0,14:33:5C:6D:AF:58,0,1,ARMED,448.0,0,1,80:02:9C:61:97:4B,1,5,1517.9,80:02:9C:61:97:4A,10,0,NONE,2026-08-24T16:16:37.755043
45917,MGMT_OTHER,43,43,0,1023,65384,25320,4047508,0,99,7,0,0,14:33:5C:6D:AF:58,0,1,ARMED,448.0,0,1,80:02:9C:61:97:4B,1,55,1699.6,80:02:9C:61:97:4A,10,0,NONE,2026-08-24T16:16:37.785043
45917,,-73,24,246,567,65384,25320,4047528,0,99,7,0,0,14:33:5C:6D:AF:58,0,1,ARMED,448.0,0,1,80:02:9C:61:97:4B,1,105,2004.8,80:02:9C:61:97:4A,10,0,NONE,2026-08-24T16:16:37.805043
45917,,-73,24,253,3546,65384,25320,4047547,0,99,7,0,0,14:33:5C:6D:AF:58,0,1,ARMED,448.0,0,0,80:02:9C:61:97:4B,1,155,2162.7,80:02:9C:61:97:4A,10,0,NONE,2026-08-24T16:16:37.824043
45917,,-53,44,832,3832,65384,25320,4047559,0,99,7,0,0,14:33:5C:6D:AF:58,0,1,ARMED,448.0,0,0,80:02:9C:61:97:4B,1,205,2457.3,80:02:9C:61:97:4A,10,0,NONE,2026-08-24T16:16:37.836043
45917,,-73,24,584,3555,65384,25320,4047582,0,99,7,0,0,14:33:5C:6D:AF:58,0,1,ARMED,448.0,0,1,80:02:9C:61:97:4B,1,49,13417.3,80:02:9C:61:97:4A,10,0,NONE,2026-08-24T16:16:37.859043
45917,,-53,44,428,3844,65384,25320,4047616,0,99,7,0,0,14:33:5C:6D:AF:58,0,1,ARMED,448.0,0,0,80:02:9C:61:97:4B,1,99,2652.1,80:02:9C:61:97:4A,10,0,NONE,2026-08-24T16:16:37.893043
45917,,-53,44,0,3853,65384,25320,4047637,0,99,7,0,0,14:33:5C:6D:AF:58,0,1,ARMED,448.0,0,1,80:02:9C:61:97:4B,1,149,2545.4,80:02:9C:61:97:4A,10,0,NONE,2026-08-24T16:16:37.914043
45917,,-73,24,0,579,65384,25320,4047660,0,99,7,0,0,14:33:5C:6D:AF:58,0,1,ARMED,448.0,0,1,80:02:9C:61:97:4B,1,199,2445.0,80:02:9C:61:97:4A,10,0,NONE,2026-08-24T16:16:37.937043
45917,,-73,24,587,3575,65384,25320,4047685,0,99,7,0,0,14:33:5C:6D:AF:58,0,1,ARMED,448.0,0,1,80:02:9C:61:97:4B,1,12,1942.1,80:02:9C:61:97:4A,10,0,NONE,2026-08-24T16:16:37.962043
45917,,-73,24,0,3580,65368,25320,4047710,0,99,7,0,0,14:33:5C:6D:AF:58,0,1,ARMED,448.0,0,0,80:02:9C:61:97:4B,1,62,1990.5,80:02:9C:61:97:4A,10,0,NONE,2026-08-24T16:16:37.987043
45917,,-53,44,0,3920,65368,25320,4047739,0,99,7,0,0,14:33:5C:6D:AF:58,0,1,ARMED,448.0,0,1,80:02:9C:61:97:4B,1,112,1859.5,80:02:9C:61:97:4A,10,0,NONE,2026-08-24T16:16:38.016043
45917,,-53,44,123,3950,65384,25320,4047746,0,99,7,0,0,14:33:5C:6D:AF:58,0,1,ARMED,448.0,0,0,80:02:9C:61:97:4B,1,162,2432.6,80:02:9C:61:97:4A,10,0,NONE,2026-08-24T16:16:38.023043
45917,,-88,9,0,593,65384,25320,4047813,0,99,7,0,0,14:33:5C:6D:AF:58,0,1,ARMED,448.0,0,0,80:02:9C:61:97:4B,1,26,775.1,80:02:9C:61:97:4A,10,0,NONE,2026-08-24T16:16:38.090043
45917,,-88,9,0,603,65384,25320,4047910,0,99,7,0,0,14:33:5C:6D:AF:58,0,1,ARMED,448.0,0,0,80:02:9C:61:97:4B,1,19,729.6,80:02:9C:61:97:4A,10,0,NONE,2026-08-24T16:16:38.187043
45917,,-89,8,0,610,65384,25320,4048007,0,99,7,0,0,14:33:5C:6D:AF:58,0,1,ARMED,448.0,0,0,80:02:9C:61:97:4B,1,12,576.6,80:02:9C:61:97:4A,10,0,NONE,2026-08-24T16:16:38.284043
45917,BEACON,-86,11,7068,3492,65384,25320,4048396,0,99,7,0,0,14:33:5C:6D:AF:58,0,0,ARMED,448.0,0,1,80:02:9C:61:97:4B,1,13,127.0,80:02:9C:61:97:4A,10,0,NONE,2026-08-24T16:16:38.673043
45917,,-57,40,4254,324,65384,25320,4048442,0,99,7,0,0,14:33:5C:6D:AF:58,0,0,ARMED,448.0,0,0,80:02:9C:61:97:4B,1,50,1084.3,80:02:9C:61:97:4A,10,0,NONE,2026-08-24T16:16:38.719043
45917,,-69,28,0,1262,65384,25320,4048594,0,99,7,0,0,14:33:5C:6D:AF:58,0,1,ARMED,448.0,0,1,80:02:9C:61:97:4B,1,15,157.8,80:02:9C:61:97:4A,10,0,NONE,2026-08-24T16:16:38.871043
45917,BEACON,-92,5,9833,369,65384,25320,4048850,0,99,7,0,0,14:33:5C:6D:AF:58,0,0,ARMED,448.0,0,0,80:02:9C:61:97:4B,1,15,442.5,80:02:9C:61:97:4A,10,0,NONE,2026-08-24T16:16:39.127043
45917,MGMT_OTHER,43,43,0,1023,65384,25320,4049203,0,99,7,0,0,14:33:5C:6D:AF:58,0,0,ARMED,448.0,0,0,80:02:9C:61:97:4B,1,29,363.4,80:02:9C:61:97:4A,10,0,NONE,2026-08-24T16:16:39.480043
45917,,-53,44,299,3963,65384,25320,4049324,0,99,7,0,0,14:33:5C:6D:AF:58,0,1,ARMED,448.0,0,0,80:02:9C:61:97:4B,1,49,512.9,80:02:9C:61:97:4A,10,0,NONE,2026-08-24T16:16:39.601043
45917,BEACON,-95,2,78495,2429,65384,25320,4049666,0,99,7,0,0,14:33:5C:6D:AF:58,0,0,ARMED,448.0,0,1,80:02:9C:61:97:4B,1,2,66.2,80:02:9C:61:97:4A,10,0,NONE,2026-08-24T16:16:39.943043
45917,BEACON,-95,2,0,380,65384,25320,4049976,0,99,7,0,0,14:33:5C:6D:AF:58,0,0,ARMED,448.0,0,1,80:02:9C:61:97:4B,1,17,505.0,80:02:9C:61:97:4A,10,0,NONE,2026-08-24T16:16:40.253043
45917,,-51,46,110,105,65204,25320,4050137,0,99,7,0,0,14:33:5C:6D:AF:58,0,0,ARMED,448.0,0,1,80:02:9C:61:97:4B,1,43,466.5,80:02:9C:61:97:4A,10,0,NONE,2026-08-24T16:16:40.414043
45917,,-86,11,0,683,65384,25320,4050269,0,99,7,0,0,14:33:5C:6D:AF:58,0,1,ARMED,448.0,0,0,80:02:9C:61:97:4B,1,4,351.7,80:02:9C:61:97:4A,10,0,NONE,2026-08-24T16:16:40.546043
45917,,-74,23,655,711,65384,25320,4050463,0,99,7,0,0,14:33:5C:6D:AF:58,0,1,ARMED,448.0,0,0,80:02:9C:61:97:4B,1,2,2000.0,80:02:9C:61:97:4A,10,0,NONE,2026-08-24T16:16:40.740043
45917,,-53,44,0,287,65384,25320,4050736,0,99,7,0,0,14:33:5C:6D:AF:58,0,0,ARMED,448.0,0,0,80:02:9C:61:97:4B,1,22,322.1,80:02:9C:61:97:4A,10,0,NONE,2026-08-24T16:16:41.013043
45917,PROBE_RESP,-61,36,0,259,65384,25320,4051057,0,99,7,0,0,14:33:5C:6D:AF:58,0,0,ARMED,448.0,0,1,80:02:9C:61:97:4B,1,16,196.1,80:02:9C:61:97:4A,10,0,NONE,2026-08-24T16:16:41.334043
45917,BEACON,-60,37,539,264,65384,25320,4051274,0,99,7,0,0,14:33:5C:6D:AF:58,0,0,ARMED,448.0,0,1,80:02:9C:61:97:4B,1,19,200.7,80:02:9C:61:97:4A,10,0,NONE,2026-08-24T16:16:41.551043
45917,BEACON,-87,10,34351,3273,65384,25320,4051589,0,99,7,0,0,14:33:5C:6D:AF:58,0,0,ARMED,448.0,0,1,80:02:9C:61:97:4B,1,19,186.9,80:02:9C:61:97:4A,10,0,NONE,2026-08-24T16:16:41.866043
45917,,-53,44,0,313,65384,25320,4051787,0,99,7,0,0,14:33:5C:6D:AF:58,0,0,ARMED,448.0,0,0,80:02:9C:61:97:4B,1,41,426.1,80:02:9C:61:97:4A,10,0,NONE,2026-08-24T16:16:42.064043
45917,BEACON,-87,10,0,2609,65384,25320,4052128,0,99,7,0,0,14:33:5C:6D:AF:58,0,0,ARMED,448.0,0,1,80:02:9C:61:97:4B,1,3,111.5,80:02:9C:61:97:4A,10,0,NONE,2026-08-24T16:16:42.405043
45917,,-50,47,14811,137,65384,25320,4052410,0,99,7,0,0,14:33:5C:6D:AF:58,0,0,ARMED,448.0,0,1,80:02:9C:61:97:4B,1,1,775.8,80:02:9C:61:97:4A,10,0,NONE,2026-08-24T16:16:42.687043
45917,PROBE_REQ,-87,10,0,777,65384,25320,4052819,0,99,7,0,0,14:33:5C:6D:AF:58,0,0,ARMED,448.0,0,1,80:02:9C:61:97:4B,1,1,825.8,80:02:9C:61:97:4A,10,0,NONE,2026-08-24T16:16:43.096043
45917,BEACON,-86,11,0,2620,65384,25320,4053256,0,99,7,0,0,14:33:5C:6D:AF:58,0,0,ARMED,448.0,0,1,80:02:9C:61:97:4B,1,3,103.8,80:02:9C:61:97:4A,10,0,NONE,2026-08-24T16:16:43.533043
45917,,-57,40,292,404,65384,25320,4053780,0,99,7,0,0,14:33:5C:6D:AF:58,0,0,ARMED,448.0,0,0,80:02:9C:61:97:4B,1,10,654.3,80:02:9C:61:97:4A,10,0,NONE,2026-08-24T16:16:44.057043
45917,DISASSOC,-89,8,21321,3417,65384,25320,4054240,0,99,7,0,0,14:33:5C:6D:AF:58,0,0,ARMED,448.0,0,1,80:02:9C:61:97:4B,1,2,42.0,80:02:9C:61:97:4A,10,0,NONE,2026-08-24T16:16:44.517043
45917,,-57,40,0,416,65384,25320,4054648,0,99,7,0,0,14:33:5C:6D:AF:58,0,0,ARMED,448.0,0,0,80:02:9C:61:97:4B,1,11,208.0,80:02:9C:61:97:4A,10,0,NONE,2026-08-24T16:16:44.925043
45917,BEACON,-60,37,0,306,65384,25320,4055165,0,99,7,0,0,14:33:5C:6D:AF:58,0,0,ARMED,448.0,0,1,80:02:9C:61:97:4B,1,2,158.0,80:02:9C:61:97:4A,10,0,NONE,2026-08-24T16:16:45.442043
45917,,-52,45,389,350,65384,25320,4055350,0,99,7,0,0,14:33:5C:6D:AF:58,0,0,ARMED,448.0,0,1,80:02:9C:61:97:4B,1,38,409.7,80:02:9C:61:97:4A,10,0,NONE,2026-08-24T16:16:45.627043
45917,BEACON,-89,8,83,3567,65384,25320,4055462,0,99,7,0,0,14:33:5C:6D:AF:58,0,1,ARMED,448.0,0,1,80:02:9C:61:97:4B,1,49,565.3,80:02:9C:61:97:4A,10,0,NONE,2026-08-24T16:16:45.739043
45917,,-75,22,0,3611,65384,25320,4055632,0,99,7,0,0,14:33:5C:6D:AF:58,0,0,ARMED,448.0,0,1,80:02:9C:61:97:4B,1,29,540.0,80:02:9C:61:97:4A,10,0,NONE,2026-08-24T16:16:45.909043
45917,,-50,47,16869,165,65384,25320,4055830,0,99,7,0,0,14:33:5C:6D:AF:58,0,0,ARMED,448.0,0,0,80:02:9C:61:97:4B,1,6,139.9,80:02:9C:61:97:4A,10,0,NONE,2026-08-24T16:16:46.107043
45917,,-44,53,0,14,65384,25320,4055980,0,99,7,0,0,14:33:5C:6D:AF:58,0,1,ARMED,448.0,0,1,80:02:9C:61:97:4B,1,28,310.1,80:02:9C:61:97:4A,10,0,NONE,2026-08-24T16:16:46.257043
45917,,-57,40,398,457,65384,25320,4056250,0,99,7,0,0,14:33:5C:6D:AF:58,0,0,ARMED,448.0,0,1,80:02:9C:61:97:4B,1,16,451.6,80:02:9C:61:97:4A,10,0,NONE,2026-08-24T16:16:46.527043
45917,MGMT_OTHER,-89,8,852,2575,65384,25320,4056762,0,99,7,0,0,14:33:5C:6D:AF:58,0,0,ARMED,448.0,0,1,80:02:9C:61:97:4B,1,2,72.6,80:02:9C:61:97:4A,10,0,NONE,2026-08-24T16:16:47.039043
45917,BEACON,-61,36,0,328,65384,25320,4057213,0,99,7,0,0,14:33:5C:6D:AF:58,0,0,ARMED,448.0,0,1,80:02:9C:61:97:4B,1,5,72.7,80:02:9C:61:97:4A,10,0,NONE,2026-08-24T16:16:47.490043
45917,,-57,40,291,464,65384,25320,4057712,0,99,7,0,0,14:33:5C:6D:AF:58,0,0,ARMED,448.0,0,0,80:02:9C:61:97:4B,1,6,111.6,80:02:9C:61:97:4A,10,0,NONE,2026-08-24T16:16:47.989043
45917,PROBE_RESP,-93,4,0,3595,65384,25320,4057830,0,99,7,0,0,14:33:5C:6D:AF:58,0,1,ARMED,448.0,0,0,80:02:9C:61:97:4B,1,20,278.7,80:02:9C:61:97:4A,10,0,NONE,2026-08-24T16:16:48.107043
45917,BEACON,-87,10,0,3338,65384,25320,4058245,0,99,7,0,0,14:33:5C:6D:AF:58,0,0,ARMED,448.0,0,1,80:02:9C:61:97:4B,1,6,78.3,80:02:9C:61:97:4A,10,0,NONE,2026-08-24T16:16:48.522043
45917,MGMT_OTHER,42,42,0,1023,65384,25320,4058703,0,99,7,0,0,14:33:5C:6D:AF:58,0,0,ARMED,448.0,0,1,80:02:9C:61:97:4B,1,14,614.3,80:02:9C:61:97:4A,10,0,NONE,2026-08-24T16:16:48.980043
45917,,-54,43,844,418,65384,25320,4058760,0,99,7,0,0,14:33:5C:6D:AF:58,0,0,ARMED,448.0,0,1,80:02:9C:61:97:4B,1,64,804.9,80:02:9C:61:97:4A,10,0,NONE,2026-08-24T16:16:49.037043
45917,BEACON,-93,4,0,2528,65384,25320,4059184,0,99,7,0,0,14:33:5C:6D:AF:58,0,0,ARMED,448.0,0,1,80:02:9C:61:97:4B,1,11,117.1,80:02:9C:61:97:4A,10,0,NONE,2026-08-24T16:16:49.461043
45917,,-91,6,61271,3580,65384,25320,4059830,0,99,7,0,0,14:33:5C:6D:AF:58,0,0,ARMED,448.0,0,1,80:02:9C:61:97:4B,1,3,133.3,80:02:9C:61:97:4A,10,0,NONE,2026-08-24T16:16:50.107043
45917,BEACON,-89,8,63174,3619,65384,25320,4060172,0,99,7,0,0,14:33:5C:6D:AF:58,0,0,ARMED,448.0,0,1,80:02:9C:61:97:4B,1,2,36.2,80:02:9C:61:97:4A,10,0,NONE,2026-08-24T16:16:50.449043
45917,BEACON,-94,3,0,483,65312,25320,4060524,0,99,7,0,0,14:33:5C:6D:AF:58,0,0,ARMED,448.0,0,0,80:02:9C:61:97:4B,1,8,182.9,80:02:9C:61:97:4A,10,0,NONE,2026-08-24T16:16:50.801043
45917,BEACON,-87,10,0,2695,65384,25320,4060936,0,99,7,0,0,14:33:5C:6D:AF:58,0,0,ARMED,448.0,0,1,80:02:9C:61:97:4B,1,6,126.7,80:02:9C:61:97:4A,10,0,NONE,2026-08-24T16:16:51.213043
45917,BEACON,-88,9,0,3367,65384,25320,4061214,0,99,7,0,0,14:33:5C:6D:AF:58,0,0,ARMED,448.0,0,1,80:02:9C:61:97:4B,1,2,108.1,80:02:9C:61:97:4A,10,0,NONE,2026-08-24T16:16:51.491043
45917,BEACON,-89,8,0,3641,65384,25320,4061811,0,99,7,0,0,14:33:5C:6D:AF:58,0,0,ARMED,448.0,0,1,80:02:9C:61:97:4B,1,7,68.4,80:02:9C:61:97:4A,10,0,NONE,2026-08-24T16:16:52.088043
45917,,-53,44,480,440,64900,25320,4062227,0,99,7,0,0,14:33:5C:6D:AF:58,0,0,ARMED,448.0,0,0,80:02:9C:61:97:4B,1,14,1420.2,80:02:9C:61:97:4A,10,0,NONE,2026-08-24T16:16:52.504043
45917,,-50,47,3758,248,65384,25320,4062323,0,99,7,0,0,14:33:5C:6D:AF:58,0,1,ARMED,448.0,0,1,80:02:9C:61:97:4B,1,2,507.7,80:02:9C:61:97:4A,10,0,NONE,2026-08-24T16:16:52.600043
45917,BEACON,-88,9,0,3382,65384,25320,4062751,0,99,7,0,0,14:33:5C:6D:AF:58,0,0,ARMED,448.0,0,1,80:02:9C:61:97:4B,1,2,107.8,80:02:9C:61:97:4A,10,0,NONE,2026-08-24T16:16:53.028043
45917,,-77,20,1879,2291,65384,25320,4063112,0,99,7,0,0,14:33:5C:6D:AF:58,0,0,ARMED,448.0,0,1,80:02:9C:61:97:4B,1,17,240.0,80:02:9C:61:97:4A,10,0,NONE,2026-08-24T16:16:53.389043
45917,,-88,9,0,764,65384,25320,4063259,0,99,7,0,0,14:33:5C:6D:AF:58,0,1,ARMED,448.0,0,0,80:02:9C:61:97:4B,1,6,407.1,80:02:9C:61:97:4A,10,0,NONE,2026-08-24T16:16:53.536043
45917,,-52,45,1170,2498,65384,25320,4063446,0,99,7,0,0,14:33:5C:6D:AF:58,0,0,ARMED,448.0,0,1,80:02:9C:61:97:4B,1,2,1423.5,80:02:9C:61:97:4A,10,0,NONE,2026-08-24T16:16:53.723043
45917,BEACON,-94,3,0,2573,65384,25320,4063792,0,99,7,0,0,14:33:5C:6D:AF:58,0,0,ARMED,448.0,0,1,80:02:9C:61:97:4B,1,3,83.7,80:02:9C:61:97:4A,10,0,NONE,2026-08-24T16:16:54.069043
45917,BEACON,-87,10,0,3676,65384,25320,4064166,0,99,7,0,0,14:33:5C:6D:AF:58,0,0,ARMED,448.0,0,1,80:02:9C:61:97:4B,1,7,68.4,80:02:9C:61:97:4A,10,0,NONE,2026-08-24T16:16:54.443043
45917,,-47,50,15079,264,65384,25320,4064452,0,99,7,0,0,14:33:5C:6D:AF:58,0,0,ARMED,448.0,0,1,80:02:9C:61:97:4B,1,34,415.3,80:02:9C:61:97:4A,10,0,NONE,2026-08-24T16:16:54.729043
45917,BEACON,-91,6,0,547,65384,25320,4064937,0,99,7,0,0,14:33:5C:6D:AF:58,0,0,ARMED,448.0,0,1,80:02:9C:61:97:4B,1,7,129.2,80:02:9C:61:97:4A,10,0,NONE,2026-08-24T16:16:55.214043
45917,,-53,44,0,484,65384,25320,4065229,0,99,7,0,0,14:33:5C:6D:AF:58,0,0,ARMED,448.0,0,1,80:02:9C:61:97:4B,1,29,743.7,80:02:9C:61:97:4A,10,0,NONE,2026-08-24T16:16:55.506043
45917,,-66,31,8634,779,65384,25320,4065379,0,99,7,0,0,14:33:5C:6D:AF:58,0,1,ARMED,448.0,0,1,80:02:9C:61:97:4B,1,41,462.5,80:02:9C:61:97:4A,10,0,NONE,2026-08-24T16:16:55.656043
45917,MGMT_OTHER,44,44,0,2590,65384,25320,4065545,0,99,7,0,0,14:33:5C:6D:AF:58,0,1,ARMED,448.0,0,0,80:02:9C:61:97:4B,1,14,292.1,80:02:9C:61:97:4A,10,0,NONE,2026-08-24T16:16:55.822043
45917,,-58,39,292,599,65384,25320,4065654,0,99,7,0,0,14:33:5C:6D:AF:58,0,0,ARMED,448.0,0,0,80:02:9C:61:97:4B,1,41,751.5,80:02:9C:61:97:4A,10,0,NONE,2026-08-24T16:16:55.931043
45917,,-68,29,2698,2049,65384,25320,4065751,0,99,7,0,0,14:33:5C:6D:AF:58,0,1,ARMED,448.0,0,1,80:02:9C:61:97:4B,1,20,423.3,80:02:9C:61:97:4A,10,0,NONE,2026-08-24T16:16:56.028043
45917,,-43,54,8757,308,65384,25320,4066141,0,99,7,0,0,14:33:5C:6D:AF:58,0,0,ARMED,448.0,0,1,80:02:9C:61:97:4B,1,5,169.4,80:02:9C:61:97:4A,10,0,NONE,2026-08-24T16:16:56.418043
45917,MGMT_OTHER,43,43,0,0,65384,25320,4066229,0,99,7,0,0,14:33:5C:6D:AF:58,0,0,ARMED,448.0,0,0,80:02:9C:61:97:4B,1,33,2109.0,80:02:9C:61:97:4A,10,0,NONE,2026-08-24T16:16:56.506043
45917,,-42,55,28906,318,65384,25320,4066440,0,99,7,0,0,14:33:5C:6D:AF:58,0,0,ARMED,448.0,0,1,80:02:9C:61:97:4B,1,5,228.7,80:02:9C:61:97:4A,10,0,NONE,2026-08-24T16:16:56.717043
45917,PROBE_RESP,-86,11,0,2944,65384,25320,4066792,0,99,7,0,0,14:33:5C:6D:AF:58,0,0,ARMED,448.0,0,1,80:02:9C:61:97:4B,1,12,180.9,80:02:9C:61:97:4A,10,0,NONE,2026-08-24T16:16:57.069043
45917,,-53,44,0,509,65384,25320,4067068,0,99,7,0,0,14:33:5C:6D:AF:58,0,0,ARMED,448.0,0,0,80:02:9C:61:97:4B,1,19,513.2,80:02:9C:61:97:4A,10,0,NONE,2026-08-24T16:16:57.345043
45917,PROBE_RESP,-59,38,0,441,65384,25320,4067379,0,99,7,0,0,14:33:5C:6D:AF:58,0,0,ARMED,448.0,0,1,80:02:9C:61:97:4B,1,9,224.2,80:02:9C:61:97:4A,10,0,NONE,2026-08-24T16:16:57.656043
45917,BEACON,-87,10,0,3434,65384,25320,4068075,0,99,7,0,0,14:33:5C:6D:AF:58,0,0,ARMED,448.0,0,1,80:02:9C:61:97:4B,1,1,127.5,80:02:9C:61:97:4A,10,0,NONE,2026-08-24T16:16:58.352043
45917,MGMT_OTHER,44,44,0,1023,65384,25320,4068333,0,99,7,0,0,14:33:5C:6D:AF:58,0,0,ARMED,448.0,0,0,80:02:9C:61:97:4B,1,32,510.1,80:02:9C:61:97:4A,10,0,NONE,2026-08-24T16:16:58.610043
45917,MGMT_OTHER,43,43,0,1023,65384,25320,4068396,0,99,7,0,0,14:33:5C:6D:AF:58,1,1,ARMED,448.0,0,0,80:02:9C:61:97:4B,1,31,1495.8,80:02:9C:61:97:4A,10,0,NONE,2026-08-24T16:16:58.673043
45917,,-46,51,283,352,65384,25320,4068431,0,99,7,0,0,14:33:5C:6D:AF:58,1,1,ARMED,448.0,0,1,80:02:9C:61:97:4B,1,81,1459.0,80:02:9C:61:97:4A,10,0,NONE,2026-08-24T16:16:58.708043
45917,MGMT_OTHER,43,43,0,1023,65384,25320,4068511,0,99,7,0,0,14:33:5C:6D:AF:58,1,1,ARMED,448.0,0,0,80:02:9C:61:97:4B,1,17,530.9,80:02:9C:61:97:4A,10,0,NONE,2026-08-24T16:16:58.788043
45917,BEACON,-58,39,0,457,65384,25320,4068682,0,99,7,0,0,14:33:5C:6D:AF:58,0,0,ARMED,448.0,0,1,80:02:9C:61:97:4B,1,20,195.3,80:02:9C:61:97:4A,10,0,NONE,2026-08-24T16:16:58.959043
45917,,-52,45,1021,534,65384,25320,4069051,0,99,7,0,0,14:33:5C:6D:AF:58,0,0,ARMED,448.0,0,0,80:02:9C:61:97:4B,1,19,304.8,80:02:9C:61:97:4A,10,0,NONE,2026-08-24T16:16:59.328043
45917,,-68,29,0,3615,65384,25320,4069130,0,99,7,0,0,14:33:5C:6D:AF:58,0,1,ARMED,448.0,0,0,80:02:9C:61:97:4B,1,19,494.4,80:02:9C:61:97:4A,10,0,NONE,2026-08-24T16:16:59.407043
45917,,-68,29,1190,3624,65384,25320,4069155,0,99,7,0,0,14:33:5C:6D:AF:58,0,1,ARMED,448.0,0,1,80:02:9C:61:97:4B,1,69,1090.0,80:02:9C:61:97:4A,10,0,NONE,2026-08-24T16:16:59.432043
45917,,-52,45,267,4047,65384,25320,4069181,0,99,7,0,0,14:33:5C:6D:AF:58,0,1,ARMED,448.0,0,0,80:02:9C:61:97:4B,1,119,1326.6,80:02:9C:61:97:4A,10,0,NONE,2026-08-24T16:16:59.458043
45917,,-52,45,267,4069,65384,25320,4069210,0,99,7,0,0,14:33:5C:6D:AF:58,0,1,ARMED,448.0,0,0,80:02:9C:61:97:4B,1,49,12580.2,80:02:9C:61:97:4A,10,0,NONE,2026-08-24T16:16:59.487043
45917,,-52,45,303,4090,65384,25320,4069223,0,99,7,0,0,14:33:5C:6D:AF:58,0,1,ARMED,448.0,0,0,80:02:9C:61:97:4B,1,99,5971.8,80:02:9C:61:97:4A,10,0,NONE,2026-08-24T16:16:59.500043
45917,,-67,30,0,3647,59956,25320,4069244,0,99,7,0,0,14:33:5C:6D:AF:58,0,1,ARMED,448.0,0,0,80:02:9C:61:97:4B,1,149,3988.6,80:02:9C:61:97:4A,10,0,NONE,2026-08-24T16:16:59.521043
45917,,-52,45,379,21,64740,25320,4069251,0,99,7,0,0,14:33:5C:6D:AF:58,0,1,ARMED,448.0,0,0,80:02:9C:61:97:4B,1,199,4452.3,80:02:9C:61:97:4A,10,0,NONE,2026-08-24T16:16:59.528043
45917,,-67,30,0,3656,65384,25320,4069270,0,99,7,0,0,14:33:5C:6D:AF:58,0,1,ARMED,448.0,0,0,80:02:9C:61:97:4B,1,249,3890.4,80:02:9C:61:97:4A,10,0,NONE,2026-08-24T16:16:59.547043
45917,,-52,45,230,47,65384,25320,4069282,0,99,7,0,0,14:33:5C:6D:AF:58,0,1,ARMED,448.0,0,1,80:02:9C:61:97:4B,1,299,3927.3,80:02:9C:61:97:4A,10,0,NONE,2026-08-24T16:16:59.559043
45917,,-68,29,0,3673,65384,25320,4069308,0,99,7,0,0,14:33:5C:6D:AF:58,0,1,ARMED,448.0,0,0,80:02:9C:61:97:4B,1,4,3125.0,80:02:9C:61:97:4A,10,0,NONE,2026-08-24T16:16:59.585043
45917,,-67,30,0,3681,48300,25320,4069341,0,99,7,0,0,14:33:5C:6D:AF:58,0,1,ARMED,448.0,0,0,80:02:9C:61:97:4B,1,54,1562.1,80:02:9C:61:97:4A,10,0,NONE,2026-08-24T16:16:59.618043
45917,,-52,45,311,104,64972,25320,4069361,0,99,7,0,0,14:33:5C:6D:AF:58,0,1,ARMED,448.0,0,0,80:02:9C:61:97:4B,1,104,1920.2,80:02:9C:61:97:4A,10,0,NONE,2026-08-24T16:16:59.638043
45917,,-58,39,0,670,65384,25320,4069367,0,99,7,0,0,14:33:5C:6D:AF:58,0,1,ARMED,448.0,0,0,80:02:9C:61:97:4B,1,154,2560.9,80:02:9C:61:97:4A,10,0,NONE,2026-08-24T16:16:59.644043
45917,,-47,50,0,380,65384,25320,4069452,0,99,7,0,0,14:33:5C:6D:AF:58,0,1,ARMED,448.0,0,1,80:02:9C:61:97:4B,1,21,461.9,80:02:9C:61:97:4A,10,0,NONE,2026-08-24T16:16:59.729043
45917,PROBE_RESP,-58,39,0,469,65384,25320,4069600,0,99,7,0,0,14:33:5C:6D:AF:58,0,1,ARMED,448.0,0,0,80:02:9C:61:97:4B,1,30,338.7,80:02:9C:61:97:4A,10,0,NONE,2026-08-24T16:16:59.877043
45917,,-67,30,252,3708,65384,25320,4069716,0,99,7,0,0,14:33:5C:6D:AF:58,0,1,ARMED,448.0,0,0,80:02:9C:61:97:4B,1,49,496.0,80:02:9C:61:97:4A,10,0,NONE,2026-08-24T16:16:59.993043
45917,,-53,44,379,146,65384,25320,4069836,0,99,7,0,0,14:33:5C:6D:AF:58,0,1,ARMED,448.0,0,0,80:02:9C:61:97:4B,1,10,650.0,80:02:9C:61:97:4A,10,0,NONE,2026-08-24T16:17:00.113043
45917,,-68,29,367,852,65384,25320,4069862,0,99,7,0,0,14:33:5C:6D:AF:58,0,1,ARMED,448.0,0,1,80:02:9C:61:97:4B,1,60,1453.2,80:02:9C:61:97:4A,10,0,NONE,2026-08-24T16:17:00.139043
45917,,-53,44,287,189,65384,25320,4069884,0,99,7,0,0,14:33:5C:6D:AF:58,0,1,ARMED,448.0,0,0,80:02:9C:61:97:4B,1,110,1754.4,80:02:9C:61:97:4A,10,0,NONE,2026-08-24T16:17:00.161043
45917,,-67,30,251,3736,65384,25320,4069915,0,99,7,0,0,14:33:5C:6D:AF:58,0,1,ARMED,448.0,0,1,80:02:9C:61:97:4B,1,160,1706.4,80:02:9C:61:97:4A,10,0,NONE,2026-08-24T16:17:00.192043
45917,,-52,45,266,222,65384,25320,4069934,0,99,7,0,0,14:33:5C:6D:AF:58,0,1,ARMED,448.0,0,0,80:02:9C:61:97:4B,1,37,2837.2,80:02:9C:61:97:4A,10,0,NONE,2026-08-24T16:17:00.211043
45917,,-67,30,0,3750,63204,25320,4069961,0,99,7,0,0,14:33:5C:6D:AF:58,0,1,ARMED,448.0,0,0,80:02:9C:61:97:4B,1,87,2161.4,80:02:9C:61:97:4A,10,0,NONE,2026-08-24T16:17:00.238043
45917,,-53,44,666,261,65384,25320,4069978,0,99,7,0,0,14:33:5C:6D:AF:58,0,1,ARMED,448.0,0,0,80:02:9C:61:97:4B,1,137,2405.7,80:02:9C:61:97:4A,10,0,NONE,2026-08-24T16:17:00.255043
45917,,-67,30,611,3761,65384,25320,4070007,0,99,7,0,0,14:33:5C:6D:AF:58,0,1,ARMED,448.0,0,1,80:02:9C:61:97:4B,1,187,2183.7,80:02:9C:61:97:4A,10,0,NONE,2026-08-24T16:17:00.284043
45917,,-53,44,310,291,65384,25320,4070024,0,99,7,0,0,14:33:5C:6D:AF:58,0,1,ARMED,448.0,0,0,80:02:9C:61:97:4B,1,9,3108.8,80:02:9C:61:97:4A,10,0,NONE,2026-08-24T16:17:00.301043
45917,,-67,30,989,3777,65384,25320,4070044,0,99,7,0,0,14:33:5C:6D:AF:58,0,1,ARMED,448.0,0,1,80:02:9C:61:97:4B,1,59,2591.0,80:02:9C:61:97:4A,10,0,NONE,2026-08-24T16:17:00.321043
45917,,-53,44,311,330,65384,25320,4070065,0,99,7,0,0,14:33:5C:6D:AF:58,0,1,ARMED,448.0,0,0,80:02:9C:61:97:4B,1,109,2457.9,80:02:9C:61:97:4A,10,0,NONE,2026-08-24T16:17:00.342043
45917,,-53,44,360,352,65384,25320,4070085,0,99,7,0,0,14:33:5C:6D:AF:58,0,1,ARMED,448.0,0,0,80:02:9C:61:97:4B,1,159,2483.2,80:02:9C:61:97:4A,10,0,NONE,2026-08-24T16:17:00.362043
45917,,-53,44,287,366,65384,25320,4070102,0,99,7,0,0,14:33:5C:6D:AF:58,0,1,ARMED,448.0,0,0,80:02:9C:61:97:4B,1,209,2598.9,80:02:9C:61:97:4A,10,0,NONE,2026-08-24T16:17:00.379043
45917,,-53,44,286,387,65384,25320,4070125,0,99,7,0,0,14:33:5C:6D:AF:58,0,1,ARMED,448.0,0,0,80:02:9C:61:97:4B,1,8,2225.9,80:02:9C:61:97:4A,10,0,NONE,2026-08-24T16:17:00.402043
45917,,-66,31,428,3813,65384,25320,4070144,0,99,7,0,0,14:33:5C:6D:AF:58,0,1,ARMED,448.0,0,1,80:02:9C:61:97:4B,1,58,2619.3,80:02:9C:61:97:4A,10,0,NONE,2026-08-24T16:17:00.421043
45917,,-53,44,327,428,65384,25320,4070167,0,99,7,0,0,14:33:5C:6D:AF:58,0,1,ARMED,448.0,0,0,80:02:9C:61:97:4B,1,108,2390.7,80:02:9C:61:97:4A,10,0,NONE,2026-08-24T16:17:00.444043
45917,,-52,45,311,452,65384,25320,4070188,0,99,7,0,0,14:33:5C:6D:AF:58,0,1,ARMED,448.0,0,0,80:02:9C:61:97:4B,1,158,2374.7,80:02:9C:61:97:4A,10,0,NONE,2026-08-24T16:17:00.465043
45917,,-52,45,534,469,65384,25320,4070217,0,99,7,0,0,14:33:5C:6D:AF:58,0,1,ARMED,448.0,0,0,80:02:9C:61:97:4B,1,208,2186.6,80:02:9C:61:97:4A,10,0,NONE,2026-08-24T16:17:00.494043
45917,,-53,44,446,486,65384,25320,4070235,0,99,7,0,0,14:33:5C:6D:AF:58,0,1,ARMED,448.0,0,0,80:02:9C:61:97:4B,1,37,2824.9,80:02:9C:61:97:4A,10,0,NONE,2026-08-24T16:17:00.512043
45917,,-52,45,311,506,65384,25320,4070260,0,99,7,0,0,14:33:5C:6D:AF:58,0,1,ARMED,448.0,0,0,80:02:9C:61:97:4B,1,87,2251.3,80:02:9C:61:97:4A,10,0,NONE,2026-08-24T16:17:00.537043
45917,,-53,44,286,538,65384,25320,4070277,0,99,7,0,0,14:33:5C:6D:AF:58,0,1,ARMED,448.0,0,0,80:02:9C:61:97:4B,1,137,2471.2,80:02:9C:61:97:4A,10,0,NONE,2026-08-24T16:17:00.554043
45917,,-52,45,287,4078,65384,25320,4070297,0,99,7,0,0,14:33:5C:6D:AF:58,0,1,ARMED,448.0,0,1,80:02:9C:61:97:4B,1,187,2489.9,80:02:9C:61:97:4A,10,0,NONE,2026-08-24T16:17:00.574043
45917,,-53,44,235,575,65384,25320,4070323,0,99,7,0,0,14:33:5C:6D:AF:58,0,1,ARMED,448.0,0,1,80:02:9C:61:97:4B,1,6,6000.0,80:02:9C:61:97:4A,10,0,NONE,2026-08-24T16:17:00.600043
45917,,-52,45,310,599,65384,25320,4070343,0,99,7,0,0,14:33:5C:6D:AF:58,0,1,ARMED,448.0,0,0,80:02:9C:61:97:4B,1,56,2708.1,80:02:9C:61:97:4A,10,0,NONE,2026-08-24T16:17:00.620043
45917,,-66,31,0,3891,64756,25320,4070367,0,99,7,0,0,14:33:5C:6D:AF:58,0,1,ARMED,448.0,0,0,80:02:9C:61:97:4B,1,106,2330.8,80:02:9C:61:97:4A,10,0,NONE,2026-08-24T16:17:00.644043
45917,,-67,30,0,3901,65384,25320,4070387,0,99,7,0,0,14:33:5C:6D:AF:58,0,1,ARMED,448.0,0,0,80:02:9C:61:97:4B,1,156,2399.0,80:02:9C:61:97:4A,10,0,NONE,2026-08-24T16:17:00.664043
45917,,-66,31,0,3905,63792,25320,4070402,0,99,7,0,0,14:33:5C:6D:AF:58,0,1,ARMED,448.0,0,0,80:02:9C:61:97:4B,1,206,2564.3,80:02:9C:61:97:4A,10,0,NONE,2026-08-24T16:17:00.679043
45917,,-72,25,0,3909,65092,25320,4070431,0,99,7,0,0,14:33:5C:6D:AF:58,0,1,ARMED,448.0,0,0,80:02:9C:61:97:4B,1,49,13752.5,80:02:9C:61:97:4A,10,0,NONE,2026-08-24T16:17:00.708043
45917,,-73,24,0,3916,64740,25320,4070437,0,99,7,0,0,14:33:5C:6D:AF:58,0,1,ARMED,448.0,0,0,80:02:9C:61:97:4B,1,99,10179.9,80:02:9C:61:97:4A,10,0,NONE,2026-08-24T16:17:00.714043
45917,,-53,44,946,693,65384,25320,4070457,0,99,7,0,0,14:33:5C:6D:AF:58,0,1,ARMED,448.0,0,0,80:02:9C:61:97:4B,1,149,4985.8,80:02:9C:61:97:4A,10,0,NONE,2026-08-24T16:17:00.734043
45917,,-67,30,259,3932,65384,25320,4070474,0,99,7,0,0,14:33:5C:6D:AF:58,0,1,ARMED,448.0,0,0,80:02:9C:61:97:4B,1,199,4296.8,80:02:9C:61:97:4A,10,0,NONE,2026-08-24T16:17:00.751043
45917,,-53,44,378,738,65384,25320,4070495,0,99,7,0,0,14:33:5C:6D:AF:58,0,1,ARMED,448.0,0,0,80:02:9C:61:97:4B,1,249,3678.8,80:02:9C:61:97:4A,10,0,NONE,2026-08-24T16:17:00.772043
45917,,-52,45,344,752,65384,25320,4070523,0,99,7,0,0,14:33:5C:6D:AF:58,0,1,ARMED,448.0,0,1,80:02:9C:61:97:4B,1,299,3114.7,80:02:9C:61:97:4A,10,0,NONE,2026-08-24T16:17:00.800043
45917,,-52,45,312,778,65384,25320,4070544,0,99,7,0,0,14:33:5C:6D:AF:58,0,1,ARMED,448.0,0,0,80:02:9C:61:97:4B,1,49,11443.3,80:02:9C:61:97:4A,10,0,NONE,2026-08-24T16:17:00.821043
45917,,-52,45,287,795,65384,25320,4070569,0,99,7,0,0,14:33:5C:6D:AF:58,0,1,ARMED,448.0,0,0,80:02:9C:61:97:4B,1,99,3436.3,80:02:9C:61:97:4A,10,0,NONE,2026-08-24T16:17:00.846043
45917,,-67,30,436,3973,65384,25320,4070588,0,99,7,0,0,14:33:5C:6D:AF:58,0,1,ARMED,448.0,0,1,80:02:9C:61:97:4B,1,149,3086.1,80:02:9C:61:97:4A,10,0,NONE,2026-08-24T16:17:00.865043
45917,,-67,30,6115,887,65384,25320,4070722,0,99,7,0,0,14:33:5C:6D:AF:58,0,1,ARMED,448.0,0,1,80:02:9C:61:97:4B,1,17,215.3,80:02:9C:61:97:4A,10,0,NONE,2026-08-24T16:17:00.999043
45917,BEACON,-87,10,0,3763,65384,25320,4071231,0,99,7,0,0,14:33:5C:6D:AF:58,0,0,ARMED,448.0,0,1,80:02:9C:61:97:4B,1,3,39.3,80:02:9C:61:97:4A,10,0,NONE,2026-08-24T16:17:01.508043
45917,MGMT_OTHER,48,48,0,0,65384,25320,4071350,0,99,7,0,0,14:33:5C:6D:AF:58,0,0,ARMED,448.0,0,1,80:02:9C:61:97:4B,1,45,612.8,80:02:9C:61:97:4A,10,0,NONE,2026-08-24T16:17:01.627043
45917,BEACON,-89,8,82,3765,65384,25320,4071436,0,99,7,0,0,14:33:5C:6D:AF:58,0,1,ARMED,448.0,0,1,80:02:9C:61:97:4B,1,38,661.2,80:02:9C:61:97:4A,10,0,NONE,2026-08-24T16:17:01.713043
45917,BEACON,-89,8,0,615,65384,25320,4071654,0,99,7,0,0,14:33:5C:6D:AF:58,0,1,ARMED,448.0,0,1,80:02:9C:61:97:4B,1,6,84.3,80:02:9C:61:97:4A,10,0,NONE,2026-08-24T16:17:01.931043
45917,BEACON,-87,10,0,3773,65384,25320,4072255,0,99,7,0,0,14:33:5C:6D:AF:58,0,0,ARMED,448.0,0,1,80:02:9C:61:97:4B,1,11,107.4,80:02:9C:61:97:4A,10,0,NONE,2026-08-24T16:17:02.532043
45917,BEACON,-92,5,53,2659,65384,25320,4072598,0,99,7,0,0,14:33:5C:6D:AF:58,0,0,ARMED,448.0,0,1,80:02:9C:61:97:4B,1,15,552.3,80:02:9C:61:97:4A,10,0,NONE,2026-08-24T16:17:02.875043
45917,PROBE_RESP,-92,5,0,2669,65384,25320,4072724,0,99,7,0,0,14:33:5C:6D:AF:58,0,1,ARMED,448.0,0,0,80:02:9C:61:97:4B,1,7,145.3,80:02:9C:61:97:4A,10,0,NONE,2026-08-24T16:17:03.001043
45917,BEACON,-58,39,33110,509,65384,25320,4073392,0,99,7,0,0,14:33:5C:6D:AF:58,0,0,ARMED,448.0,0,1,80:02:9C:61:97:4B,1,4,39.1,80:02:9C:61:97:4A,10,0,NONE,2026-08-24T16:17:03.669043
45917,BEACON,-85,12,0,2821,65384,25320,4073839,0,99,7,0,0,14:33:5C:6D:AF:58,0,0,ARMED,448.0,0,1,80:02:9C:61:97:4B,1,5,136.0,80:02:9C:61:97:4A,10,0,NONE,2026-08-24T16:17:04.116043
45917,BEACON,-89,8,0,3795,65384,25320,4074508,0,99,7,0,0,14:33:5C:6D:AF:58,0,0,ARMED,448.0,0,1,80:02:9C:61:97:4B,1,6,65.3,80:02:9C:61:97:4A,10,0,NONE,2026-08-24T16:17:04.785043
45917,,-58,39,578,737,65384,25320,4074828,0,99,7,0,0,14:33:5C:6D:AF:58,0,0,ARMED,448.0,0,1,80:02:9C:61:97:4B,1,20,261.9,80:02:9C:61:97:4A,10,0,NONE,2026-08-24T16:17:05.105043
45917,BEACON,-93,4,19472,2693,65384,25320,4075158,0,99,7,0,0,14:33:5C:6D:AF:58,0,0,ARMED,448.0,0,1,80:02:9C:61:97:4B,1,18,191.3,80:02:9C:61:97:4A,10,0,NONE,2026-08-24T16:17:05.435043
45917,MGMT_OTHER,48,48,0,1023,65384,25320,4075408,0,99,7,0,0,14:33:5C:6D:AF:58,0,1,ARMED,448.0,0,0,80:02:9C:61:97:4B,1,1,554.0,80:02:9C:61:97:4A,10,0,NONE,2026-08-24T16:17:05.685043
45917,,-69,28,279,128,65384,25320,4075657,0,99,7,0,0,14:33:5C:6D:AF:58,0,0,ARMED,448.0,0,0,80:02:9C:61:97:4B,1,17,736.8,80:02:9C:61:97:4A,10,0,NONE,2026-08-24T16:17:05.934043
45917,,-68,29,1762,896,65384,25320,4075806,0,99,7,0,0,14:33:5C:6D:AF:58,0,0,ARMED,448.0,0,1,80:02:9C:61:97:4B,1,40,581.3,80:02:9C:61:97:4A,10,0,NONE,2026-08-24T16:17:06.083043
45917,,-53,44,0,639,65384,25320,4076039,0,99,7,0,0,14:33:5C:6D:AF:58,0,0,ARMED,448.0,0,0,80:02:9C:61:97:4B,1,25,257.9,80:02:9C:61:97:4A,10,0,NONE,2026-08-24T16:17:06.316043
45917,BEACON,-63,34,0,543,65384,25320,4076362,0,99,7,0,0,14:33:5C:6D:AF:58,0,0,ARMED,448.0,0,1,80:02:9C:61:97:4B,1,10,97.7,80:02:9C:61:97:4A,10,0,NONE,2026-08-24T16:17:06.639043
