pen,subtype,rssi,snr,ipat,seq,heap,minheap,uptime,reconn,qpeak,udpfail,backlog,dropped,host_mac,pred_attack,pred_raw,calib,calib_thr,deauth_tgt,seq_jump,ap_bssid,channel,win_pkts,win_dens,gw_mac,gw_flip,label,attack_type,timestamp
45917,BEACON,-65,32,0,1063,65384,29260,2126366,0,99,7,0,0,14:33:5C:6D:AF:58,0,0,ARMED,448.0,0,1,80:02:9C:61:97:4B,1,2,57.6,80:02:9C:61:97:4A,2,0,NONE,2026-08-24T15:44:36.625099
45917,,-68,29,41353,1907,65384,29260,2126716,0,99,7,0,0,14:33:5C:6D:AF:58,0,0,ARMED,448.0,0,1,80:02:9C:61:97:4B,1,13,170.6,80:02:9C:61:97:4A,2,0,NONE,2026-08-24T15:44:36.972137
45917,,-53,44,0,3695,65384,29260,2127131,0,99,7,0,0,14:33:5C:6D:AF:58,0,0,ARMED,448.0,0,0,80:02:9C:61:97:4B,1,22,397.3,80:02:9C:61:97:4A,2,0,NONE,2026-08-24T15:44:37.387137
45917,BEACON,-86,11,50,2777,65384,29260,2127484,0,99,7,0,0,14:33:5C:6D:AF:58,0,0,ARMED,448.0,0,1,80:02:9C:61:97:4B,1,14,136.7,80:02:9C:61:97:4A,2,0,NONE,2026-08-24T15:44:37.740137
45917,,-54,43,370,3699,65384,29260,2127753,0,99,7,0,0,14:33:5C:6D:AF:58,0,0,ARMED,448.0,0,1,80:02:9C:61:97:4B,1,20,313.3,80:02:9C:61:97:4A,2,0,NONE,2026-08-24T15:44:38.008374
45917,,-54,43,639,3718,65384,29260,2127932,0,99,7,0,0,14:33:5C:6D:AF:58,0,0,ARMED,448.0,0,0,80:02:9C:61:97:4B,1,16,419.5,80:02:9C:61:97:4A,2,0,NONE,2026-08-24T15:44:38.187374
45917,,-54,43,639,3718,65384,29260,2127932,0,99,7,0,0,14:33:5C:6D:AF:58,0,0,ARMED,448.0,0,0,80:02:9C:61:97:4B,1,16,419.5,80:02:9C:61:97:4A,2,0,NONE,2026-08-24T15:44:38.187374
45917,,-78,19,0,2665,65384,29260,2128312,0,99,7,0,0,14:33:5C:6D:AF:58,0,0,ARMED,448.0,0,1,80:02:9C:61:97:4B,1,3,339.9,80:02:9C:61:97:4A,2,0,NONE,2026-08-24T15:44:38.567374
45917,BEACON,-92,5,0,2098,65384,29260,2128743,0,99,7,0,0,14:33:5C:6D:AF:58,0,0,ARMED,448.0,0,1,80:02:9C:61:97:4B,1,2,93.9,80:02:9C:61:97:4A,2,0,NONE,2026-08-24T15:44:38.998374
45917,,-79,18,52441,2677,65384,29260,2129302,0,99,7,0,0,14:33:5C:6D:AF:58,0,0,ARMED,448.0,0,1,80:02:9C:61:97:4B,1,8,113.7,80:02:9C:61:97:4A,2,0,NONE,2026-08-24T15:44:39.556990
45917,,62,62,0,2757,65384,29260,2129605,0,99,7,0,0,14:33:5C:6D:AF:58,0,0,ARMED,448.0,0,0,80:02:9C:61:97:4B,1,9,140.3,80:02:9C:61:97:4A,2,0,NONE,2026-08-24T15:44:39.859990
45917,,-54,43,333,1032,65384,29260,2129943,0,99,7,0,0,14:33:5C:6D:AF:58,0,0,ARMED,448.0,0,0,80:02:9C:61:97:4B,1,24,246.2,80:02:9C:61:97:4A,2,0,NONE,2026-08-24T15:44:40.197990
45917,BEACON,-92,5,31265,1510,65384,29260,2130144,0,99,7,0,0,14:33:5C:6D:AF:58,0,0,ARMED,448.0,0,1,80:02:9C:61:97:4B,1,23,242.5,80:02:9C:61:97:4A,2,0,NONE,2026-08-24T15:44:40.398990
45917,BEACON,-90,7,0,225,65384,29260,2130304,0,99,7,0,0,14:33:5C:6D:AF:58,0,1,ARMED,448.0,0,1,80:02:9C:61:97:4B,1,20,548.0,80:02:9C:61:97:4A,2,0,NONE,2026-08-24T15:44:40.558990
45917,PROBE_REQ,-86,11,0,4038,65384,29260,2130654,0,99,7,0,0,14:33:5C:6D:AF:58,0,0,ARMED,448.0,0,0,80:02:9C:61:97:4B,1,14,184.7,80:02:9C:61:97:4A,2,0,NONE,2026-08-24T15:44:40.908990
45917,BEACON,-93,4,0,2120,65384,29260,2130995,0,99,7,0,0,14:33:5C:6D:AF:58,0,0,ARMED,448.0,0,1,80:02:9C:61:97:4B,1,1,133.5,80:02:9C:61:97:4A,2,0,NONE,2026-08-24T15:44:41.249990
45917,,-56,41,292,938,65384,29260,2131278,0,99,7,0,0,14:33:5C:6D:AF:58,0,0,ARMED,448.0,0,0,80:02:9C:61:97:4B,1,31,363.1,80:02:9C:61:97:4A,2,0,NONE,2026-08-24T15:44:41.532990
45917,BEACON,-63,34,0,1119,65384,29260,2131486,0,99,7,0,0,14:33:5C:6D:AF:58,0,1,ARMED,448.0,0,1,80:02:9C:61:97:4B,1,5,56.4,80:02:9C:61:97:4A,2,0,NONE,2026-08-24T15:44:41.740990
45917,,-53,44,310,1042,65384,29260,2131823,0,99,7,0,0,14:33:5C:6D:AF:58,0,0,ARMED,448.0,0,0,80:02:9C:61:97:4B,1,19,1199.9,80:02:9C:61:97:4A,2,0,NONE,2026-08-24T15:44:42.077990
45917,,-53,44,287,1067,65384,29260,2131851,0,99,7,0,0,14:33:5C:6D:AF:58,0,0,ARMED,448.0,0,0,80:02:9C:61:97:4B,1,69,1586.4,80:02:9C:61:97:4A,2,0,NONE,2026-08-24T15:44:42.105990
45917,,-54,43,286,1077,65384,29260,2131876,0,99,7,0,0,14:33:5C:6D:AF:58,0,0,ARMED,448.0,0,0,80:02:9C:61:97:4B,1,119,1733.4,80:02:9C:61:97:4A,2,0,NONE,2026-08-24T15:44:42.130990
45917,,-54,43,611,1094,65368,29260,2131904,0,99,7,0,0,14:33:5C:6D:AF:58,0,0,ARMED,448.0,0,0,80:02:9C:61:97:4B,1,169,1739.1,80:02:9C:61:97:4A,2,0,NONE,2026-08-24T15:44:42.158990
45917,,-54,43,573,1111,65384,29260,2131932,0,99,7,0,0,14:33:5C:6D:AF:58,0,1,ARMED,448.0,0,1,80:02:9C:61:97:4B,1,48,1913.8,80:02:9C:61:97:4A,2,0,NONE,2026-08-24T15:44:42.186990
45917,,-54,43,656,1130,65384,29260,2131962,0,99,7,0,0,14:33:5C:6D:AF:58,0,1,ARMED,448.0,0,0,80:02:9C:61:97:4B,1,98,1797.9,80:02:9C:61:97:4A,2,0,NONE,2026-08-24T15:44:42.216990
45917,,-54,43,379,1154,65368,29260,2131988,0,99,7,0,0,14:33:5C:6D:AF:58,0,1,ARMED,448.0,0,0,80:02:9C:61:97:4B,1,148,1824.0,80:02:9C:61:97:4A,2,0,NONE,2026-08-24T15:44:42.242990
45917,,-54,43,287,1176,65384,29260,2132014,0,99,7,0,0,14:33:5C:6D:AF:58,0,1,ARMED,448.0,0,0,80:02:9C:61:97:4B,1,17,2465.6,80:02:9C:61:97:4A,2,0,NONE,2026-08-24T15:44:42.268990
45917,,-54,43,379,1196,65384,29260,2132040,0,99,7,0,0,14:33:5C:6D:AF:58,0,1,ARMED,448.0,0,0,80:02:9C:61:97:4B,1,67,2066.4,80:02:9C:61:97:4A,2,0,NONE,2026-08-24T15:44:42.294990
45917,,-54,43,434,1227,65384,29260,2132064,0,99,7,0,0,14:33:5C:6D:AF:58,0,1,ARMED,448.0,0,0,80:02:9C:61:97:4B,1,117,2083.0,80:02:9C:61:97:4A,2,0,NONE,2026-08-24T15:44:42.318990
45917,,-54,43,2710,1254,65384,29260,2132093,0,99,7,0,0,14:33:5C:6D:AF:58,0,1,ARMED,448.0,0,1,80:02:9C:61:97:4B,1,167,1952.7,80:02:9C:61:97:4A,2,0,NONE,2026-08-24T15:44:42.347990
45917,,-55,42,910,1276,65384,29260,2132122,0,99,7,0,0,14:33:5C:6D:AF:58,0,1,ARMED,448.0,0,0,80:02:9C:61:97:4B,1,49,3998.0,80:02:9C:61:97:4A,2,0,NONE,2026-08-24T15:44:42.376990
45917,,-82,15,537,2746,65384,29260,2132195,0,99,7,0,0,14:33:5C:6D:AF:58,0,1,ARMED,448.0,0,0,80:02:9C:61:97:4B,1,99,1149.8,80:02:9C:61:97:4A,2,0,NONE,2026-08-24T15:44:42.449990
45917,,-54,43,3610,1306,65384,29260,2132401,0,99,7,0,0,14:33:5C:6D:AF:58,0,1,ARMED,448.0,0,1,80:02:9C:61:97:4B,1,18,243.0,80:02:9C:61:97:4A,2,0,NONE,2026-08-24T15:44:42.655990
45917,,-82,15,1247,2771,65384,29260,2132547,0,99,7,0,0,14:33:5C:6D:AF:58,0,1,ARMED,448.0,0,0,80:02:9C:61:97:4B,1,3,195.8,80:02:9C:61:97:4A,2,0,NONE,2026-08-24T15:44:42.801990
45917,,-82,15,4365,2785,65384,29260,2132700,0,99,7,0,0,14:33:5C:6D:AF:58,0,1,ARMED,448.0,0,0,80:02:9C:61:97:4B,1,24,361.1,80:02:9C:61:97:4A,2,0,NONE,2026-08-24T15:44:42.954990
45917,,-82,15,292,1530,65384,29260,2132849,0,99,7,0,0,14:33:5C:6D:AF:58,0,0,ARMED,448.0,0,0,80:02:9C:61:97:4B,1,12,1087.5,80:02:9C:61:97:4A,2,0,NONE,2026-08-24T15:44:43.103990
45917,,-82,15,5090,2806,65384,29260,2133004,0,99,7,0,0,14:33:5C:6D:AF:58,0,1,ARMED,448.0,0,0,80:02:9C:61:97:4B,1,16,245.0,80:02:9C:61:97:4A,2,0,NONE,2026-08-24T15:44:43.258990
45917,,-82,15,695,2817,65384,29260,2133149,0,99,7,0,0,14:33:5C:6D:AF:58,0,1,ARMED,448.0,0,1,80:02:9C:61:97:4B,1,2,1329.8,80:02:9C:61:97:4A,2,0,NONE,2026-08-24T15:44:43.403990
45917,,-53,44,365,1380,65384,29260,2133178,0,99,7,0,0,14:33:5C:6D:AF:58,0,1,ARMED,448.0,0,0,80:02:9C:61:97:4B,1,52,1681.9,80:02:9C:61:97:4A,2,0,NONE,2026-08-24T15:44:43.432990
45917,,-52,45,3668,3761,65384,29260,2133470,0,99,7,0,0,14:33:5C:6D:AF:58,0,0,ARMED,448.0,0,1,80:02:9C:61:97:4B,1,12,695.2,80:02:9C:61:97:4A,2,0,NONE,2026-08-24T15:44:43.724990
45917,BEACON,-87,10,84118,2853,65384,29260,2134038,0,99,7,0,0,14:33:5C:6D:AF:58,0,0,ARMED,448.0,0,1,80:02:9C:61:97:4B,1,3,41.1,80:02:9C:61:97:4A,2,0,NONE,2026-08-24T15:44:44.292990
45917,BEACON,-92,5,0,2153,65384,29260,2134375,0,99,7,0,0,14:33:5C:6D:AF:58,0,0,ARMED,448.0,0,1,80:02:9C:61:97:4B,1,5,50.0,80:02:9C:61:97:4A,2,0,NONE,2026-08-24T15:44:44.629990
45917,BEACON,-86,11,6605,2860,65384,29260,2134755,0,99,7,0,0,14:33:5C:6D:AF:58,0,0,ARMED,448.0,0,1,80:02:9C:61:97:4B,1,27,559.3,80:02:9C:61:97:4A,2,0,NONE,2026-08-24T15:44:45.009990
45917,,-81,16,44047,2841,65384,29260,2135041,0,99,7,0,0,14:33:5C:6D:AF:58,0,0,ARMED,448.0,0,0,80:02:9C:61:97:4B,1,12,92.6,80:02:9C:61:97:4A,2,0,NONE,2026-08-24T15:44:45.295990
45917,BEACON,-89,8,59814,950,65384,29260,2135698,0,99,7,0,0,14:33:5C:6D:AF:58,0,0,ARMED,448.0,0,1,80:02:9C:61:97:4B,1,4,115.9,80:02:9C:61:97:4A,2,0,NONE,2026-08-24T15:44:45.952990
45917,BEACON,-88,9,31753,282,65384,29260,2136140,0,99,7,0,0,14:33:5C:6D:AF:58,0,0,ARMED,448.0,0,1,80:02:9C:61:97:4B,1,5,67.2,80:02:9C:61:97:4A,2,0,NONE,2026-08-24T15:44:46.394990
45917,BEACON,-90,7,0,959,65384,29260,2136620,0,99,7,0,0,14:33:5C:6D:AF:58,0,0,ARMED,448.0,0,1,80:02:9C:61:97:4B,1,2,90.6,80:02:9C:61:97:4A,2,0,NONE,2026-08-24T15:44:46.874990
45917,,-81,16,2037,888,65368,29260,2136908,0,99,7,0,0,14:33:5C:6D:AF:58,0,1,ARMED,448.0,0,1,80:02:9C:61:97:4B,1,4,1247.3,80:02:9C:61:97:4A,2,0,NONE,2026-08-24T15:44:47.162990
45917,,61,61,0,0,65384,29260,2137225,0,99,7,0,0,14:33:5C:6D:AF:58,0,0,ARMED,448.0,0,1,80:02:9C:61:97:4B,1,10,814.9,80:02:9C:61:97:4A,2,0,NONE,2026-08-24T15:44:47.479990
45917,,-83,14,29436,2890,65384,29260,2137577,0,99,7,0,0,14:33:5C:6D:AF:58,0,0,ARMED,448.0,0,1,80:02:9C:61:97:4B,1,10,172.7,80:02:9C:61:97:4A,2,0,NONE,2026-08-24T15:44:47.831990
45917,MGMT_OTHER,-92,5,27700,1522,65384,29260,2138047,0,99,7,0,0,14:33:5C:6D:AF:58,0,0,ARMED,448.0,0,1,80:02:9C:61:97:4B,1,2,129.2,80:02:9C:61:97:4A,2,0,NONE,2026-08-24T15:44:48.301990
45917,BEACON,-90,7,0,1358,65384,29260,2138243,0,99,7,0,0,14:33:5C:6D:AF:58,0,1,ARMED,448.0,0,1,80:02:9C:61:97:4B,1,1,159.0,80:02:9C:61:97:4A,2,0,NONE,2026-08-24T15:44:48.497990
45917,,-53,44,0,3842,65384,29260,2138355,0,99,7,0,0,14:33:5C:6D:AF:58,0,1,ARMED,448.0,0,0,80:02:9C:61:97:4B,1,16,970.9,80:02:9C:61:97:4A,2,0,NONE,2026-08-24T15:44:48.609990
45917,BEACON,-90,7,0,1598,65384,29260,2138977,0,99,7,0,0,14:33:5C:6D:AF:58,0,0,ARMED,448.0,0,1,80:02:9C:61:97:4B,1,3,124.3,80:02:9C:61:97:4A,2,0,NONE,2026-08-24T15:44:49.231990
45917,,37,37,0,1023,65384,29260,2139335,0,99,7,0,0,14:33:5C:6D:AF:58,0,0,ARMED,448.0,0,0,80:02:9C:61:97:4B,1,35,468.0,80:02:9C:61:97:4A,2,0,NONE,2026-08-24T15:44:49.589990
45917,,43,43,0,1023,65384,29260,2139437,0,99,7,0,0,14:33:5C:6D:AF:58,0,1,ARMED,448.0,0,0,80:02:9C:61:97:4B,1,30,406.5,80:02:9C:61:97:4A,2,0,NONE,2026-08-24T15:44:49.691990
45917,PROBE_RESP,-64,33,81,1203,65384,29260,2139537,0,99,7,0,0,14:33:5C:6D:AF:58,0,1,ARMED,448.0,0,1,80:02:9C:61:97:4B,1,37,531.9,80:02:9C:61:97:4A,2,0,NONE,2026-08-24T15:44:49.791990
45917,,-52,45,0,397,65384,29260,2139659,0,99,7,0,0,14:33:5C:6D:AF:58,0,1,ARMED,448.0,0,1,80:02:9C:61:97:4B,1,33,367.0,80:02:9C:61:97:4A,2,0,NONE,2026-08-24T15:44:49.913990
45917,,43,43,0,1023,65384,29260,2139833,0,99,7,0,0,14:33:5C:6D:AF:58,0,1,ARMED,448.0,0,0,80:02:9C:61:97:4B,1,19,339.1,80:02:9C:61:97:4A,2,0,NONE,2026-08-24T15:44:50.087990
45917,,-52,45,16398,416,65384,29260,2140223,0,99,7,0,0,14:33:5C:6D:AF:58,0,0,ARMED,448.0,0,1,80:02:9C:61:97:4B,1,6,139.0,80:02:9C:61:97:4A,2,0,NONE,2026-08-24T15:44:50.477990
45917,,-56,41,3532,1083,65384,29260,2140479,0,99,7,0,0,14:33:5C:6D:AF:58,0,0,ARMED,448.0,0,1,80:02:9C:61:97:4B,1,36,365.7,80:02:9C:61:97:4A,2,0,NONE,2026-08-24T15:44:50.733990
45917,,-52,45,19410,432,65384,29260,2140747,0,99,7,0,0,14:33:5C:6D:AF:58,0,0,ARMED,448.0,0,0,80:02:9C:61:97:4B,1,8,128.9,80:02:9C:61:97:4A,2,0,NONE,2026-08-24T15:44:51.001990
45917,BEACON,-94,3,7211,1619,65384,29260,2141087,0,99,7,0,0,14:33:5C:6D:AF:58,0,0,ARMED,448.0,0,1,80:02:9C:61:97:4B,1,12,139.5,80:02:9C:61:97:4A,2,0,NONE,2026-08-24T15:44:51.341990
45917,BEACON,-87,10,81,1006,65384,29260,2141433,0,99,7,0,0,14:33:5C:6D:AF:58,0,0,ARMED,448.0,0,1,80:02:9C:61:97:4B,1,3,136.1,80:02:9C:61:97:4A,2,0,NONE,2026-08-24T15:44:51.687990
45917,,-53,44,1199,3859,65384,29260,2141647,0,99,7,0,0,14:33:5C:6D:AF:58,0,0,ARMED,448.0,0,0,80:02:9C:61:97:4B,1,29,913.8,80:02:9C:61:97:4A,2,0,NONE,2026-08-24T15:44:51.901990
45917,,-57,40,292,1120,65384,29260,2141729,0,99,7,0,0,14:33:5C:6D:AF:58,0,1,ARMED,448.0,0,0,80:02:9C:61:97:4B,1,12,1041.6,80:02:9C:61:97:4A,2,0,NONE,2026-08-24T15:44:51.983990
45917,BEACON,-86,11,82,1012,65384,29260,2142047,0,99,7,0,0,14:33:5C:6D:AF:58,0,0,ARMED,448.0,0,1,80:02:9C:61:97:4B,1,5,226.8,80:02:9C:61:97:4A,2,0,NONE,2026-08-24T15:44:52.301990
45917,,42,42,0,1632,65384,29260,2142394,0,99,7,0,0,14:33:5C:6D:AF:58,0,0,ARMED,448.0,0,0,80:02:9C:61:97:4B,1,12,193.9,80:02:9C:61:97:4A,2,0,NONE,2026-08-24T15:44:52.648990
45917,,-53,44,287,1404,65384,29260,2142602,0,99,7,0,0,14:33:5C:6D:AF:58,0,0,ARMED,448.0,0,0,80:02:9C:61:97:4B,1,24,368.0,80:02:9C:61:97:4A,2,0,NONE,2026-08-24T15:44:52.856990
45917,,-53,44,286,1424,65384,29260,2142627,0,99,7,0,0,14:33:5C:6D:AF:58,0,0,ARMED,448.0,0,0,80:02:9C:61:97:4B,1,74,819.9,80:02:9C:61:97:4A,2,0,NONE,2026-08-24T15:44:52.881990
45917,,-53,44,507,1440,65384,29260,2142658,0,99,7,0,0,14:33:5C:6D:AF:58,0,1,ARMED,448.0,0,0,80:02:9C:61:97:4B,1,49,3277.2,80:02:9C:61:97:4A,2,0,NONE,2026-08-24T15:44:52.912990
45917,,-53,44,379,1465,65384,29260,2142700,0,99,7,0,0,14:33:5C:6D:AF:58,0,1,ARMED,448.0,0,0,80:02:9C:61:97:4B,1,99,1748.1,80:02:9C:61:97:4A,2,0,NONE,2026-08-24T15:44:52.954990
45917,,-81,16,0,2960,65384,29260,2142739,0,99,7,0,0,14:33:5C:6D:AF:58,0,1,ARMED,448.0,0,1,80:02:9C:61:97:4B,1,149,1558.3,80:02:9C:61:97:4A,2,0,NONE,2026-08-24T15:44:52.993990
45917,,-82,15,1057,2965,65384,29260,2142780,0,99,7,0,0,14:33:5C:6D:AF:58,0,1,ARMED,448.0,0,0,80:02:9C:61:97:4B,1,41,1170.9,80:02:9C:61:97:4A,2,0,NONE,2026-08-24T15:44:53.034990
45917,,-53,44,287,1533,65384,29260,2142803,0,99,7,0,0,14:33:5C:6D:AF:58,0,1,ARMED,448.0,0,0,80:02:9C:61:97:4B,1,91,1551.4,80:02:9C:61:97:4A,2,0,NONE,2026-08-24T15:44:53.057990
45917,,-53,44,419,1543,65384,29260,2142829,0,99,7,0,0,14:33:5C:6D:AF:58,0,1,ARMED,448.0,0,1,80:02:9C:61:97:4B,1,141,1675.7,80:02:9C:61:97:4A,2,0,NONE,2026-08-24T15:44:53.083990
45917,,-53,44,458,1564,65384,29260,2142863,0,99,7,0,0,14:33:5C:6D:AF:58,0,1,ARMED,448.0,0,0,80:02:9C:61:97:4B,1,49,2779.4,80:02:9C:61:97:4A,2,0,NONE,2026-08-24T15:44:53.117990
45917,,-52,45,660,1576,65384,29260,2142891,0,99,7,0,0,14:33:5C:6D:AF:58,0,1,ARMED,448.0,0,0,80:02:9C:61:97:4B,1,99,2131.9,80:02:9C:61:97:4A,2,0,NONE,2026-08-24T15:44:53.145990
45917,,-53,44,541,1581,65384,29260,2142950,0,99,7,0,0,14:33:5C:6D:AF:58,0,1,ARMED,448.0,0,0,80:02:9C:61:97:4B,1,5,1303.1,80:02:9C:61:97:4A,2,0,NONE,2026-08-24T15:44:53.204990
45917,,-53,44,406,1599,65384,29260,2142981,0,99,7,0,0,14:33:5C:6D:AF:58,0,1,ARMED,448.0,0,0,80:02:9C:61:97:4B,1,55,1582.7,80:02:9C:61:97:4A,2,0,NONE,2026-08-24T15:44:53.235990
45917,,-80,17,0,1653,65384,29260,2143007,0,99,7,0,0,14:33:5C:6D:AF:58,0,1,ARMED,448.0,0,0,80:02:9C:61:97:4B,1,105,1738.3,80:02:9C:61:97:4A,2,0,NONE,2026-08-24T15:44:53.261990
45917,,-53,44,0,1625,65384,29260,2143051,0,99,7,0,0,14:33:5C:6D:AF:58,0,1,ARMED,448.0,0,1,80:02:9C:61:97:4B,1,4,1084.3,80:02:9C:61:97:4A,2,0,NONE,2026-08-24T15:44:53.305990
45917,,-80,17,0,1682,65384,29260,2143087,0,99,7,0,0,14:33:5C:6D:AF:58,0,1,ARMED,448.0,0,1,80:02:9C:61:97:4B,1,54,1334.7,80:02:9C:61:97:4A,2,0,NONE,2026-08-24T15:44:53.341990
45917,,-52,45,0,1654,65384,29260,2143125,0,99,7,0,0,14:33:5C:6D:AF:58,0,1,ARMED,448.0,0,0,80:02:9C:61:97:4B,1,104,1331.8,80:02:9C:61:97:4A,2,0,NONE,2026-08-24T15:44:53.379990
45917,BEACON,-92,5,0,2239,65384,29260,2143181,0,99,7,0,0,14:33:5C:6D:AF:58,0,1,ARMED,448.0,0,1,80:02:9C:61:97:4B,1,27,911.4,80:02:9C:61:97:4A,2,0,NONE,2026-08-24T15:44:53.435990
45917,,44,44,0,1023,65384,29260,2143215,0,99,7,0,0,14:33:5C:6D:AF:58,0,1,ARMED,448.0,0,0,80:02:9C:61:97:4B,1,77,1215.5,80:02:9C:61:97:4A,2,0,NONE,2026-08-24T15:44:53.469990
45917,,-53,44,392,1676,65384,29260,2143240,0,99,7,0,0,14:33:5C:6D:AF:58,0,1,ARMED,448.0,0,0,80:02:9C:61:97:4B,1,127,1441.1,80:02:9C:61:97:4A,2,0,NONE,2026-08-24T15:44:53.494990
45917,,44,44,0,1023,65384,29260,2143272,0,99,7,0,0,14:33:5C:6D:AF:58,0,1,ARMED,448.0,0,0,80:02:9C:61:97:4B,1,34,1675.7,80:02:9C:61:97:4A,2,0,NONE,2026-08-24T15:44:53.526990
45917,,41,41,0,1715,65384,29260,2143300,0,99,7,0,0,14:33:5C:6D:AF:58,0,1,ARMED,448.0,0,0,80:02:9C:61:97:4B,1,84,1741.6,80:02:9C:61:97:4A,2,0,NONE,2026-08-24T15:44:53.554990
45917,,40,40,0,2008,65384,29260,2143327,0,99,7,0,0,14:33:5C:6D:AF:58,0,1,ARMED,448.0,0,0,80:02:9C:61:97:4B,1,134,1783.3,80:02:9C:61:97:4A,2,0,NONE,2026-08-24T15:44:53.581990
45917,,-78,19,515,1727,65384,29260,2143350,0,99,7,0,0,14:33:5C:6D:AF:58,0,1,ARMED,448.0,0,0,80:02:9C:61:97:4B,1,184,1866.9,80:02:9C:61:97:4A,2,0,NONE,2026-08-24T15:44:53.604990
45917,,-52,45,523,1713,65384,29260,2143390,0,99,7,0,0,14:33:5C:6D:AF:58,1,1,ARMED,448.0,0,0,80:02:9C:61:97:4B,1,49,1313.6,80:02:9C:61:97:4A,2,0,NONE,2026-08-24T15:44:53.644990
45917,,44,44,0,2756,65384,29260,2143419,0,99,7,0,0,14:33:5C:6D:AF:58,1,1,ARMED,448.0,0,0,80:02:9C:61:97:4B,1,99,1487.4,80:02:9C:61:97:4A,2,0,NONE,2026-08-24T15:44:53.673990
45917,,-76,21,205,3030,65384,29260,2143426,0,99,7,0,0,14:33:5C:6D:AF:58,1,1,ARMED,448.0,0,0,80:02:9C:61:97:4B,1,149,2044.7,80:02:9C:61:97:4A,2,0,NONE,2026-08-24T15:44:53.680990
45917,,44,44,0,1023,65384,29260,2143449,0,99,7,0,0,14:33:5C:6D:AF:58,1,1,ARMED,448.0,0,0,80:02:9C:61:97:4B,1,199,2075.4,80:02:9C:61:97:4A,2,0,NONE,2026-08-24T15:44:53.703990
45917,,-53,44,0,1728,65384,29260,2143469,0,99,7,0,0,14:33:5C:6D:AF:58,1,1,ARMED,448.0,0,1,80:02:9C:61:97:4B,1,31,1937.4,80:02:9C:61:97:4A,2,0,NONE,2026-08-24T15:44:53.723990
45917,,-52,45,3043,1734,65384,29260,2143504,0,99,7,0,0,14:33:5C:6D:AF:58,1,1,ARMED,448.0,0,0,80:02:9C:61:97:4B,1,81,1582.9,80:02:9C:61:97:4A,2,0,NONE,2026-08-24T15:44:53.758990
45917,,-54,43,805,1743,65384,29260,2143564,0,99,7,0,0,14:33:5C:6D:AF:58,0,1,ARMED,448.0,0,0,80:02:9C:61:97:4B,1,12,1053.5,80:02:9C:61:97:4A,2,0,NONE,2026-08-24T15:44:53.818990
45917,,-52,45,311,1750,65384,29260,2143603,0,99,7,0,0,14:33:5C:6D:AF:58,0,1,ARMED,448.0,0,0,80:02:9C:61:97:4B,1,62,1253.4,80:02:9C:61:97:4A,2,0,NONE,2026-08-24T15:44:53.857990
45917,,41,41,0,1023,65384,29260,2143628,0,99,7,0,0,14:33:5C:6D:AF:58,0,1,ARMED,448.0,0,0,80:02:9C:61:97:4B,1,112,1504.6,80:02:9C:61:97:4A,2,0,NONE,2026-08-24T15:44:53.882990
45917,,-53,44,815,1774,65384,29260,2143669,0,99,7,0,0,14:33:5C:6D:AF:58,0,1,ARMED,448.0,0,0,80:02:9C:61:97:4B,1,13,878.0,80:02:9C:61:97:4A,2,0,NONE,2026-08-24T15:44:53.923990
45917,,-75,22,704,1782,64816,29260,2143702,0,99,7,0,0,14:33:5C:6D:AF:58,0,1,ARMED,448.0,0,0,80:02:9C:61:97:4B,1,63,1309.5,80:02:9C:61:97:4A,2,0,NONE,2026-08-24T15:44:53.956990
45917,,-52,45,927,1806,65384,29260,2143731,0,99,7,0,0,14:33:5C:6D:AF:58,0,1,ARMED,448.0,0,0,80:02:9C:61:97:4B,1,113,1471.4,80:02:9C:61:97:4A,2,0,NONE,2026-08-24T15:44:53.985990
45917,,-52,45,311,1814,65384,29260,2143768,0,99,7,0,0,14:33:5C:6D:AF:58,0,1,ARMED,448.0,0,0,80:02:9C:61:97:4B,1,23,1640.6,80:02:9C:61:97:4A,2,0,NONE,2026-08-24T15:44:54.022990
45917,,-52,45,310,1828,65384,29260,2143805,0,99,7,0,0,14:33:5C:6D:AF:58,0,1,ARMED,448.0,0,0,80:02:9C:61:97:4B,1,73,1429.8,80:02:9C:61:97:4A,2,0,NONE,2026-08-24T15:44:54.059990
45917,,44,44,0,1023,65384,29260,2143816,0,99,7,0,0,14:33:5C:6D:AF:58,0,1,ARMED,448.0,0,0,80:02:9C:61:97:4B,1,123,1979.8,80:02:9C:61:97:4A,2,0,NONE,2026-08-24T15:44:54.070990
45917,,-52,45,1013,1840,65368,29260,2143862,0,99,7,0,0,14:33:5C:6D:AF:58,0,1,ARMED,448.0,0,0,80:02:9C:61:97:4B,1,23,2894.2,80:02:9C:61:97:4A,2,0,NONE,2026-08-24T15:44:54.116990
45917,,-74,23,296,1823,65384,29260,2143894,0,99,7,0,0,14:33:5C:6D:AF:58,0,1,ARMED,448.0,0,0,80:02:9C:61:97:4B,1,73,1860.4,80:02:9C:61:97:4A,2,0,NONE,2026-08-24T15:44:54.148990
45917,,-75,22,391,1831,65384,29260,2143913,0,99,7,0,0,14:33:5C:6D:AF:58,0,1,ARMED,448.0,0,0,80:02:9C:61:97:4B,1,123,2081.6,80:02:9C:61:97:4A,2,0,NONE,2026-08-24T15:44:54.167990
45917,,-53,44,4781,1884,65384,29260,2143939,0,99,7,0,0,14:33:5C:6D:AF:58,0,1,ARMED,448.0,0,0,80:02:9C:61:97:4B,1,173,2047.0,80:02:9C:61:97:4A,2,0,NONE,2026-08-24T15:44:54.193990
45917,,-53,44,311,1905,65384,29260,2143963,0,99,7,0,0,14:33:5C:6D:AF:58,0,1,ARMED,448.0,0,0,80:02:9C:61:97:4B,1,49,6216.7,80:02:9C:61:97:4A,2,0,NONE,2026-08-24T15:44:54.217990
45917,,-54,43,932,1925,65384,29260,2143991,0,99,7,0,0,14:33:5C:6D:AF:58,0,1,ARMED,448.0,0,0,80:02:9C:61:97:4B,1,99,2777.4,80:02:9C:61:97:4A,2,0,NONE,2026-08-24T15:44:54.245990
45917,,-53,44,445,1943,65384,29260,2144023,0,99,7,0,0,14:33:5C:6D:AF:58,0,1,ARMED,448.0,0,0,80:02:9C:61:97:4B,1,149,2198.5,80:02:9C:61:97:4A,2,0,NONE,2026-08-24T15:44:54.277990
45917,,-52,45,519,1963,65384,29260,2144049,0,99,7,0,0,14:33:5C:6D:AF:58,0,1,ARMED,448.0,0,0,80:02:9C:61:97:4B,1,199,2127.0,80:02:9C:61:97:4A,2,0,NONE,2026-08-24T15:44:54.303990
45917,,-76,21,0,1885,65384,29260,2144075,0,99,7,0,0,14:33:5C:6D:AF:58,0,1,ARMED,448.0,0,0,80:02:9C:61:97:4B,1,49,4688.1,80:02:9C:61:97:4A,2,0,NONE,2026-08-24T15:44:54.329990
45917,,-53,44,311,2014,65384,29260,2144099,0,99,7,0,0,14:33:5C:6D:AF:58,0,1,ARMED,448.0,0,0,80:02:9C:61:97:4B,1,99,2887.7,80:02:9C:61:97:4A,2,0,NONE,2026-08-24T15:44:54.353990
45917,,-53,44,346,2039,65384,29260,2144124,0,99,7,0,0,14:33:5C:6D:AF:58,0,1,ARMED,448.0,0,0,80:02:9C:61:97:4B,1,149,2507.4,80:02:9C:61:97:4A,2,0,NONE,2026-08-24T15:44:54.378990
45917,,-53,44,311,2063,65384,29260,2144145,0,99,7,0,0,14:33:5C:6D:AF:58,0,1,ARMED,448.0,0,0,80:02:9C:61:97:4B,1,199,2467.2,80:02:9C:61:97:4A,2,0,NONE,2026-08-24T15:44:54.399990
45917,,-76,21,152,3084,65384,29260,2144167,0,99,7,0,0,14:33:5C:6D:AF:58,0,1,ARMED,448.0,0,0,80:02:9C:61:97:4B,1,2,983.8,80:02:9C:61:97:4A,2,0,NONE,2026-08-24T15:44:54.421990
45917,,-76,21,238,1927,65384,29260,2144194,0,99,7,0,0,14:33:5C:6D:AF:58,0,1,ARMED,448.0,0,0,80:02:9C:61:97:4B,1,52,1785.4,80:02:9C:61:97:4A,2,0,NONE,2026-08-24T15:44:54.448990
45917,,-76,21,0,1935,63952,29260,2144215,0,99,7,0,0,14:33:5C:6D:AF:58,0,1,ARMED,448.0,0,0,80:02:9C:61:97:4B,1,102,2056.5,80:02:9C:61:97:4A,2,0,NONE,2026-08-24T15:44:54.469990
45917,,-53,44,398,2125,65384,29260,2144242,0,99,7,0,0,14:33:5C:6D:AF:58,0,1,ARMED,448.0,0,0,80:02:9C:61:97:4B,1,152,1983.0,80:02:9C:61:97:4A,2,0,NONE,2026-08-24T15:44:54.496990
45917,,-53,44,391,2142,65384,29260,2144270,0,99,7,0,0,14:33:5C:6D:AF:58,0,1,ARMED,448.0,0,0,80:02:9C:61:97:4B,1,49,14587.7,80:02:9C:61:97:4A,2,0,NONE,2026-08-24T15:44:54.524990
45917,,-54,43,231,2164,65384,29260,2144298,0,99,7,0,0,14:33:5C:6D:AF:58,0,1,ARMED,448.0,0,1,80:02:9C:61:97:4B,1,99,3205.4,80:02:9C:61:97:4A,2,0,NONE,2026-08-24T15:44:54.552990
45917,,-77,20,288,1963,65008,29260,2144323,0,99,7,0,0,14:33:5C:6D:AF:58,0,1,ARMED,448.0,0,1,80:02:9C:61:97:4B,1,149,2667.3,80:02:9C:61:97:4A,2,0,NONE,2026-08-24T15:44:54.577990
45917,,-53,44,310,2201,65384,29260,2144340,0,99,7,0,0,14:33:5C:6D:AF:58,0,1,ARMED,448.0,0,0,80:02:9C:61:97:4B,1,199,2711.8,80:02:9C:61:97:4A,2,0,NONE,2026-08-24T15:44:54.594990
45917,,-53,44,311,2220,65384,29260,2144362,0,99,7,0,0,14:33:5C:6D:AF:58,0,1,ARMED,448.0,0,0,80:02:9C:61:97:4B,1,249,2613.7,80:02:9C:61:97:4A,2,0,NONE,2026-08-24T15:44:54.616990
45917,,-53,44,311,2242,65384,29260,2144394,0,99,7,0,0,14:33:5C:6D:AF:58,0,1,ARMED,448.0,0,0,80:02:9C:61:97:4B,1,42,1544.9,80:02:9C:61:97:4A,2,0,NONE,2026-08-24T15:44:54.648990
45917,,-53,44,327,2253,65308,29260,2144424,0,99,7,0,0,14:33:5C:6D:AF:58,0,1,ARMED,448.0,0,0,80:02:9C:61:97:4B,1,92,1618.6,80:02:9C:61:97:4A,2,0,NONE,2026-08-24T15:44:54.678990
45917,,-53,44,391,2265,65384,29260,2144457,0,99,7,0,0,14:33:5C:6D:AF:58,0,1,ARMED,448.0,0,0,80:02:9C:61:97:4B,1,142,1584.5,80:02:9C:61:97:4A,2,0,NONE,2026-08-24T15:44:54.711990
45917,BEACON,-64,33,0,1257,65384,29260,2144491,0,99,7,0,0,14:33:5C:6D:AF:58,0,1,ARMED,448.0,0,1,80:02:9C:61:97:4B,1,49,2734.1,80:02:9C:61:97:4A,2,0,NONE,2026-08-24T15:44:54.745990
45917,,-53,44,310,2288,65384,29260,2144526,0,99,7,0,0,14:33:5C:6D:AF:58,0,1,ARMED,448.0,0,0,80:02:9C:61:97:4B,1,99,1877.3,80:02:9C:61:97:4A,2,0,NONE,2026-08-24T15:44:54.780990
45917,,-53,44,448,2314,65384,29260,2144558,0,99,7,0,0,14:33:5C:6D:AF:58,0,1,ARMED,448.0,0,1,80:02:9C:61:97:4B,1,149,1757.2,80:02:9C:61:97:4A,2,0,NONE,2026-08-24T15:44:54.812990
45917,,-53,44,851,2338,65384,29260,2144582,0,99,7,0,0,14:33:5C:6D:AF:58,1,1,ARMED,448.0,0,0,80:02:9C:61:97:4B,1,21,2247.2,80:02:9C:61:97:4A,2,0,NONE,2026-08-24T15:44:54.836990
45917,BEACON,-93,4,0,2908,65308,29260,2144719,0,99,7,0,0,14:33:5C:6D:AF:58,1,1,ARMED,448.0,0,1,80:02:9C:61:97:4B,1,6,187.0,80:02:9C:61:97:4A,2,0,NONE,2026-08-24T15:44:54.973990
45917,BEACON,-90,7,0,1043,65384,29260,2145222,0,99,7,0,0,14:33:5C:6D:AF:58,0,0,ARMED,448.0,0,1,80:02:9C:61:97:4B,1,2,83.7,80:02:9C:61:97:4A,2,0,NONE,2026-08-24T15:44:55.476990
45917,,-58,39,0,1179,65384,29260,2145390,0,99,7,0,0,14:33:5C:6D:AF:58,0,0,ARMED,448.0,0,0,80:02:9C:61:97:4B,1,33,375.7,80:02:9C:61:97:4A,2,0,NONE,2026-08-24T15:44:55.644990
45917,BEACON,-96,1,0,2266,65384,29260,2145946,0,99,7,0,0,14:33:5C:6D:AF:58,0,0,ARMED,448.0,0,1,80:02:9C:61:97:4B,1,6,201.1,80:02:9C:61:97:4A,2,0,NONE,2026-08-24T15:44:56.200990
45917,,-93,4,6376,1582,65384,29260,2146441,0,99,7,0,0,14:33:5C:6D:AF:58,0,0,ARMED,448.0,0,1,80:02:9C:61:97:4B,1,3,234.3,80:02:9C:61:97:4A,2,0,NONE,2026-08-24T15:44:56.695990
45917,,-86,11,26636,849,65384,29260,2147180,0,99,7,0,0,14:33:5C:6D:AF:58,0,0,ARMED,448.0,0,1,80:02:9C:61:97:4B,1,3,86.5,80:02:9C:61:97:4A,2,0,NONE,2026-08-24T15:44:57.434990
45917,,-58,39,353,1197,65384,29260,2147397,0,99,7,0,0,14:33:5C:6D:AF:58,0,0,ARMED,448.0,0,1,80:02:9C:61:97:4B,1,18,378.1,80:02:9C:61:97:4A,2,0,NONE,2026-08-24T15:44:57.651990
45917,BEACON,-93,4,0,1687,65384,29260,2147706,0,99,7,0,0,14:33:5C:6D:AF:58,0,0,ARMED,448.0,0,1,80:02:9C:61:97:4B,1,7,142.7,80:02:9C:61:97:4A,2,0,NONE,2026-08-24T15:44:57.960990
45917,,41,41,0,1023,65384,29260,2147991,0,99,7,0,0,14:33:5C:6D:AF:58,0,1,ARMED,448.0,0,0,80:02:9C:61:97:4B,1,13,489.2,80:02:9C:61:97:4A,2,0,NONE,2026-08-24T15:44:58.245990
45917,,43,43,0,1023,65384,29260,2148103,0,99,7,0,0,14:33:5C:6D:AF:58,0,1,ARMED,448.0,0,0,80:02:9C:61:97:4B,1,21,596.8,80:02:9C:61:97:4A,2,0,NONE,2026-08-24T15:44:58.357990
45917,,43,43,0,1023,65384,29260,2148156,0,99,7,0,0,14:33:5C:6D:AF:58,0,1,ARMED,448.0,0,0,80:02:9C:61:97:4B,1,71,806.9,80:02:9C:61:97:4A,2,0,NONE,2026-08-24T15:44:58.410990
45917,,-50,47,0,559,65384,29260,2148256,0,99,7,0,0,14:33:5C:6D:AF:58,0,1,ARMED,448.0,0,1,80:02:9C:61:97:4B,1,38,437.5,80:02:9C:61:97:4A,2,0,NONE,2026-08-24T15:44:58.510990
45917,,-58,39,0,1205,65384,29260,2148499,0,99,7,0,0,14:33:5C:6D:AF:58,0,0,ARMED,448.0,0,0,80:02:9C:61:97:4B,1,9,415.3,80:02:9C:61:97:4A,2,0,NONE,2026-08-24T15:44:58.753990
45917,,-53,44,0,3955,65384,29260,2148587,0,99,7,0,0,14:33:5C:6D:AF:58,0,1,ARMED,448.0,0,0,80:02:9C:61:97:4B,1,8,917.3,80:02:9C:61:97:4A,2,0,NONE,2026-08-24T15:44:58.841990
45917,BEACON,-95,2,0,2297,65384,29260,2149120,0,99,7,0,0,14:33:5C:6D:AF:58,0,0,ARMED,448.0,0,1,80:02:9C:61:97:4B,1,6,202.1,80:02:9C:61:97:4A,2,0,NONE,2026-08-24T15:44:59.374990
45917,BEACON,-84,13,84071,3042,65384,29260,2149705,0,99,7,0,0,14:33:5C:6D:AF:58,0,0,ARMED,448.0,0,1,80:02:9C:61:97:4B,1,7,74.3,80:02:9C:61:97:4A,2,0,NONE,2026-08-24T15:44:59.959990
45917,BEACON,-96,1,0,2307,65384,29260,2150144,0,99,7,0,0,14:33:5C:6D:AF:58,0,0,ARMED,448.0,0,1,80:02:9C:61:97:4B,1,1,130.1,80:02:9C:61:97:4A,2,0,NONE,2026-08-24T15:45:00.398990
45917,,-53,44,371,3961,65384,29260,2150563,0,99,7,0,0,14:33:5C:6D:AF:58,0,0,ARMED,448.0,0,1,80:02:9C:61:97:4B,1,12,730.9,80:02:9C:61:97:4A,2,0,NONE,2026-08-24T15:45:00.817990
45917,,-53,44,311,2374,65384,29260,2150714,0,99,7,0,0,14:33:5C:6D:AF:58,0,0,ARMED,448.0,0,0,80:02:9C:61:97:4B,1,38,579.3,80:02:9C:61:97:4A,2,0,NONE,2026-08-24T15:45:00.968990
45917,,-53,44,311,2399,65384,29260,2150741,0,99,7,0,0,14:33:5C:6D:AF:58,0,0,ARMED,448.0,0,0,80:02:9C:61:97:4B,1,88,956.6,80:02:9C:61:97:4A,2,0,NONE,2026-08-24T15:45:00.995990
45917,,-53,44,472,2419,65384,29260,2150771,0,99,7,0,0,14:33:5C:6D:AF:58,0,1,ARMED,448.0,0,0,80:02:9C:61:97:4B,1,49,3548.2,80:02:9C:61:97:4A,2,0,NONE,2026-08-24T15:45:01.025990
45917,,-53,44,378,2437,65384,29260,2150802,0,99,7,0,0,14:33:5C:6D:AF:58,0,1,ARMED,448.0,0,0,80:02:9C:61:97:4B,1,99,2183.6,80:02:9C:61:97:4A,2,0,NONE,2026-08-24T15:45:01.056990
45917,,-82,15,0,2083,63956,29260,2150848,0,99,7,0,0,14:33:5C:6D:AF:58,0,1,ARMED,448.0,0,0,80:02:9C:61:97:4B,1,149,1628.2,80:02:9C:61:97:4A,2,0,NONE,2026-08-24T15:45:01.102990
45917,,-83,14,0,2094,65384,29260,2150880,0,99,7,0,0,14:33:5C:6D:AF:58,0,1,ARMED,448.0,0,0,80:02:9C:61:97:4B,1,36,1916.0,80:02:9C:61:97:4A,2,0,NONE,2026-08-24T15:45:01.134990
45917,,-53,44,12206,2481,65384,29260,2150919,0,99,7,0,0,14:33:5C:6D:AF:58,0,1,ARMED,448.0,0,1,80:02:9C:61:97:4B,1,86,1490.0,80:02:9C:61:97:4A,2,0,NONE,2026-08-24T15:45:01.173990
45917,,-53,44,379,2504,65384,29260,2150947,0,99,7,0,0,14:33:5C:6D:AF:58,0,1,ARMED,448.0,0,0,80:02:9C:61:97:4B,1,136,1577.9,80:02:9C:61:97:4A,2,0,NONE,2026-08-24T15:45:01.201990
45917,,-54,43,806,2515,65384,29260,2150987,0,99,7,0,0,14:33:5C:6D:AF:58,0,1,ARMED,448.0,0,0,80:02:9C:61:97:4B,1,49,2066.6,80:02:9C:61:97:4A,2,0,NONE,2026-08-24T15:45:01.241990
45917,,43,43,0,1023,65336,29260,2151008,0,99,7,0,0,14:33:5C:6D:AF:58,0,1,ARMED,448.0,0,0,80:02:9C:61:97:4B,1,99,2236.3,80:02:9C:61:97:4A,2,0,NONE,2026-08-24T15:45:01.262990
45917,,-83,14,0,2126,65384,29260,2151052,0,99,7,0,0,14:33:5C:6D:AF:58,0,1,ARMED,448.0,0,0,80:02:9C:61:97:4B,1,149,1689.2,80:02:9C:61:97:4A,2,0,NONE,2026-08-24T15:45:01.306990
45917,,43,43,0,1023,65384,29260,2151075,0,99,7,0,0,14:33:5C:6D:AF:58,0,1,ARMED,448.0,0,0,80:02:9C:61:97:4B,1,30,2616.9,80:02:9C:61:97:4A,2,0,NONE,2026-08-24T15:45:01.329990
45917,,-53,44,612,2545,65384,29260,2151104,0,99,7,0,0,14:33:5C:6D:AF:58,0,1,ARMED,448.0,0,0,80:02:9C:61:97:4B,1,80,1967.5,80:02:9C:61:97:4A,2,0,NONE,2026-08-24T15:45:01.358990
45917,,43,43,0,2121,65384,29260,2151130,0,99,7,0,0,14:33:5C:6D:AF:58,0,1,ARMED,448.0,0,0,80:02:9C:61:97:4B,1,130,1946.6,80:02:9C:61:97:4A,2,0,NONE,2026-08-24T15:45:01.384990
45917,,-53,44,379,2560,65384,29260,2151179,0,99,7,0,0,14:33:5C:6D:AF:58,0,1,ARMED,448.0,0,0,80:02:9C:61:97:4B,1,9,1225.7,80:02:9C:61:97:4A,2,0,NONE,2026-08-24T15:45:01.433990
45917,,-53,44,192,2572,65384,29260,2151205,0,99,7,0,0,14:33:5C:6D:AF:58,0,1,ARMED,448.0,0,1,80:02:9C:61:97:4B,1,59,1757.8,80:02:9C:61:97:4A,2,0,NONE,2026-08-24T15:45:01.459990
45917,,-51,46,238,598,65384,29260,2151241,0,99,7,0,0,14:33:5C:6D:AF:58,0,1,ARMED,448.0,0,0,80:02:9C:61:97:4B,1,109,1573.5,80:02:9C:61:97:4A,2,0,NONE,2026-08-24T15:45:01.495990
45917,,-53,44,2862,2607,65384,29260,2151283,0,99,7,0,0,14:33:5C:6D:AF:58,1,1,ARMED,448.0,0,0,80:02:9C:61:97:4B,1,9,1126.5,80:02:9C:61:97:4A,2,0,NONE,2026-08-24T15:45:01.537990
45917,,-52,45,493,600,65384,29260,2151306,0,99,7,0,0,14:33:5C:6D:AF:58,1,1,ARMED,448.0,0,1,80:02:9C:61:97:4B,1,59,1939.6,80:02:9C:61:97:4A,2,0,NONE,2026-08-24T15:45:01.560990
45917,,-53,44,395,2649,65384,29260,2151332,0,99,7,0,0,14:33:5C:6D:AF:58,1,1,ARMED,448.0,0,0,80:02:9C:61:97:4B,1,109,1934.2,80:02:9C:61:97:4A,2,0,NONE,2026-08-24T15:45:01.586990
45917,,43,43,0,1023,65384,29260,2151366,0,99,7,0,0,14:33:5C:6D:AF:58,1,1,ARMED,448.0,0,0,80:02:9C:61:97:4B,1,159,1752.1,80:02:9C:61:97:4A,2,0,NONE,2026-08-24T15:45:01.620990
45917,,44,44,0,1023,65384,29260,2151393,0,99,7,0,0,14:33:5C:6D:AF:58,1,1,ARMED,448.0,0,1,80:02:9C:61:97:4B,1,23,1275.7,80:02:9C:61:97:4A,2,0,NONE,2026-08-24T15:45:01.647990
45917,,44,44,0,2194,65384,29260,2151423,0,99,7,0,0,14:33:5C:6D:AF:58,1,1,ARMED,448.0,0,0,80:02:9C:61:97:4B,1,73,1546.0,80:02:9C:61:97:4A,2,0,NONE,2026-08-24T15:45:01.677990
45917,,43,43,0,1023,65384,29260,2151439,0,99,7,0,0,14:33:5C:6D:AF:58,1,1,ARMED,448.0,0,0,80:02:9C:61:97:4B,1,123,1936.9,80:02:9C:61:97:4A,2,0,NONE,2026-08-24T15:45:01.693990
45917,,-53,44,550,2711,65384,29260,2151489,0,99,7,0,0,14:33:5C:6D:AF:58,0,1,ARMED,448.0,0,0,80:02:9C:61:97:4B,1,25,1968.8,80:02:9C:61:97:4A,2,0,NONE,2026-08-24T15:45:01.743990
45917,,-82,15,772,275,65384,29260,2151511,0,99,7,0,0,14:33:5C:6D:AF:58,0,1,ARMED,448.0,0,1,80:02:9C:61:97:4B,1,75,2125.4,80:02:9C:61:97:4A,2,0,NONE,2026-08-24T15:45:01.765990
45917,,-82,15,326,1631,65384,29260,2151536,0,99,7,0,0,14:33:5C:6D:AF:58,0,1,ARMED,448.0,0,1,80:02:9C:61:97:4B,1,125,2067.2,80:02:9C:61:97:4A,2,0,NONE,2026-08-24T15:45:01.790990
45917,,-53,44,379,3972,65228,29260,2151564,0,99,7,0,0,14:33:5C:6D:AF:58,0,1,ARMED,448.0,0,1,80:02:9C:61:97:4B,1,175,1986.7,80:02:9C:61:97:4A,2,0,NONE,2026-08-24T15:45:01.818990
45917,,-54,43,405,2797,65312,29260,2151593,0,99,7,0,0,14:33:5C:6D:AF:58,0,1,ARMED,448.0,0,0,80:02:9C:61:97:4B,1,49,3834.7,80:02:9C:61:97:4A,2,0,NONE,2026-08-24T15:45:01.847990
45917,,-53,44,495,2820,65384,29260,2151625,0,99,7,0,0,14:33:5C:6D:AF:58,0,1,ARMED,448.0,0,0,80:02:9C:61:97:4B,1,99,2229.3,80:02:9C:61:97:4A,2,0,NONE,2026-08-24T15:45:01.879990
45917,,-53,44,739,2840,65384,29260,2151667,0,99,7,0,0,14:33:5C:6D:AF:58,0,1,ARMED,448.0,0,0,80:02:9C:61:97:4B,1,149,1722.4,80:02:9C:61:97:4A,2,0,NONE,2026-08-24T15:45:01.921990
45917,,-81,16,278,3234,65384,29260,2151697,0,99,7,0,0,14:33:5C:6D:AF:58,0,1,ARMED,448.0,0,1,80:02:9C:61:97:4B,1,34,2106.0,80:02:9C:61:97:4A,2,0,NONE,2026-08-24T15:45:01.951990
45917,,-53,44,286,2880,65384,29260,2151721,0,99,7,0,0,14:33:5C:6D:AF:58,0,1,ARMED,448.0,0,0,80:02:9C:61:97:4B,1,84,2088.9,80:02:9C:61:97:4A,2,0,NONE,2026-08-24T15:45:01.975990
45917,,-53,44,340,2902,65384,29260,2151745,0,99,7,0,0,14:33:5C:6D:AF:58,0,1,ARMED,448.0,0,0,80:02:9C:61:97:4B,1,134,2091.1,80:02:9C:61:97:4A,2,0,NONE,2026-08-24T15:45:01.999990
45917,,-54,43,375,2918,65384,29260,2151774,0,99,7,0,0,14:33:5C:6D:AF:58,0,1,ARMED,448.0,0,1,80:02:9C:61:97:4B,1,184,1984.0,80:02:9C:61:97:4A,2,0,NONE,2026-08-24T15:45:02.028990
45917,,-53,44,286,2939,65384,29260,2151799,0,99,7,0,0,14:33:5C:6D:AF:58,0,1,ARMED,448.0,0,0,80:02:9C:61:97:4B,1,39,2227.2,80:02:9C:61:97:4A,2,0,NONE,2026-08-24T15:45:02.053990
45917,,-53,44,311,2958,65384,29260,2151825,0,99,7,0,0,14:33:5C:6D:AF:58,0,1,ARMED,448.0,0,0,80:02:9C:61:97:4B,1,89,2057.1,80:02:9C:61:97:4A,2,0,NONE,2026-08-24T15:45:02.079990
45917,,-53,44,566,2972,65384,29260,2151849,0,99,7,0,0,14:33:5C:6D:AF:58,0,1,ARMED,448.0,0,0,80:02:9C:61:97:4B,1,139,2073.6,80:02:9C:61:97:4A,2,0,NONE,2026-08-24T15:45:02.103990
45917,,-54,43,657,3001,65384,29260,2151875,0,99,7,0,0,14:33:5C:6D:AF:58,0,1,ARMED,448.0,0,0,80:02:9C:61:97:4B,1,189,2018.7,80:02:9C:61:97:4A,2,0,NONE,2026-08-24T15:45:02.129990
45917,,-52,45,720,616,65384,29260,2151911,0,99,7,0,0,14:33:5C:6D:AF:58,0,1,ARMED,448.0,0,1,80:02:9C:61:97:4B,1,41,1875.5,80:02:9C:61:97:4A,2,0,NONE,2026-08-24T15:45:02.165990
45917,,43,43,0,1023,65384,29260,2151940,0,99,7,0,0,14:33:5C:6D:AF:58,0,1,ARMED,448.0,0,1,80:02:9C:61:97:4B,1,91,1796.8,80:02:9C:61:97:4A,2,0,NONE,2026-08-24T15:45:02.194990
45917,BEACON,-64,33,0,1341,65384,29260,2151967,0,99,7,0,0,14:33:5C:6D:AF:58,0,1,ARMED,448.0,0,1,80:02:9C:61:97:4B,1,141,1811.2,80:02:9C:61:97:4A,2,0,NONE,2026-08-24T15:45:02.221990
45917,,-80,17,0,2352,63792,29260,2152015,0,99,7,0,0,14:33:5C:6D:AF:58,0,1,ARMED,448.0,0,0,80:02:9C:61:97:4B,1,27,1042.5,80:02:9C:61:97:4A,2,0,NONE,2026-08-24T15:45:02.269990
45917,,40,40,0,2108,65384,29260,2152026,0,99,7,0,0,14:33:5C:6D:AF:58,0,1,ARMED,448.0,0,0,80:02:9C:61:97:4B,1,77,2076.0,80:02:9C:61:97:4A,2,0,NONE,2026-08-24T15:45:02.280990
45917,,-58,39,291,1266,65384,29260,2152045,0,99,7,0,0,14:33:5C:6D:AF:58,0,1,ARMED,448.0,0,0,80:02:9C:61:97:4B,1,127,2256.8,80:02:9C:61:97:4A,2,0,NONE,2026-08-24T15:45:02.299990
45917,,43,43,0,1711,65384,29260,2152084,0,99,7,0,0,14:33:5C:6D:AF:58,0,1,ARMED,448.0,0,0,80:02:9C:61:97:4B,1,177,1874.5,80:02:9C:61:97:4A,2,0,NONE,2026-08-24T15:45:02.338990
45917,,-53,44,0,3981,65384,29260,2152130,0,99,7,0,0,14:33:5C:6D:AF:58,0,1,ARMED,448.0,0,0,80:02:9C:61:97:4B,1,49,1603.4,80:02:9C:61:97:4A,2,0,NONE,2026-08-24T15:45:02.384990
45917,,-81,16,252,2375,65384,29260,2152157,0,99,7,0,0,14:33:5C:6D:AF:58,0,1,ARMED,448.0,0,1,80:02:9C:61:97:4B,1,99,1740.9,80:02:9C:61:97:4A,2,0,NONE,2026-08-24T15:45:02.411990
45917,,-53,44,0,3990,63956,29260,2152199,0,99,7,0,0,14:33:5C:6D:AF:58,0,1,ARMED,448.0,0,0,80:02:9C:61:97:4B,1,149,1496.1,80:02:9C:61:97:4A,2,0,NONE,2026-08-24T15:45:02.453990
45917,,-54,43,0,3102,65384,29260,2152215,0,99,7,0,0,14:33:5C:6D:AF:58,0,1,ARMED,448.0,0,1,80:02:9C:61:97:4B,1,49,3827.8,80:02:9C:61:97:4A,2,0,NONE,2026-08-24T15:45:02.469990
45917,,-81,16,389,2387,65196,29260,2152252,0,99,7,0,0,14:33:5C:6D:AF:58,0,1,ARMED,448.0,0,0,80:02:9C:61:97:4B,1,99,2002.0,80:02:9C:61:97:4A,2,0,NONE,2026-08-24T15:45:02.506990
45917,,-53,44,581,3121,65384,29260,2152281,0,99,7,0,0,14:33:5C:6D:AF:58,0,1,ARMED,448.0,0,0,80:02:9C:61:97:4B,1,149,1897.7,80:02:9C:61:97:4A,2,0,NONE,2026-08-24T15:45:02.535990
45917,,-80,17,0,2406,65384,29260,2152313,0,99,7,0,0,14:33:5C:6D:AF:58,0,1,ARMED,448.0,0,0,80:02:9C:61:97:4B,1,18,1623.8,80:02:9C:61:97:4A,2,0,NONE,2026-08-24T15:45:02.567990
45917,,-81,16,0,2418,65384,29260,2152349,0,99,7,0,0,14:33:5C:6D:AF:58,0,1,ARMED,448.0,0,0,80:02:9C:61:97:4B,1,68,1447.3,80:02:9C:61:97:4A,2,0,NONE,2026-08-24T15:45:02.603990
45917,,-53,44,879,3160,65384,29260,2152403,0,99,7,0,0,14:33:5C:6D:AF:58,0,1,ARMED,448.0,0,0,80:02:9C:61:97:4B,1,118,1175.4,80:02:9C:61:97:4A,2,0,NONE,2026-08-24T15:45:02.657990
45917,,-53,44,379,3190,65384,29260,2152431,0,99,7,0,0,14:33:5C:6D:AF:58,0,1,ARMED,448.0,0,0,80:02:9C:61:97:4B,1,50,1791.9,80:02:9C:61:97:4A,2,0,NONE,2026-08-24T15:45:02.685990
45917,,-81,16,155,2438,65384,29260,2152451,0,99,7,0,0,14:33:5C:6D:AF:58,0,1,ARMED,448.0,0,0,80:02:9C:61:97:4B,1,100,2065.8,80:02:9C:61:97:4A,2,0,NONE,2026-08-24T15:45:02.705990
45917,,-53,44,331,3226,65384,29260,2152485,0,99,7,0,0,14:33:5C:6D:AF:58,0,1,ARMED,448.0,0,0,80:02:9C:61:97:4B,1,150,1821.6,80:02:9C:61:97:4A,2,0,NONE,2026-08-24T15:45:02.739990
45917,,-53,44,410,3242,65384,29260,2152516,0,99,7,0,0,14:33:5C:6D:AF:58,1,1,ARMED,448.0,0,0,80:02:9C:61:97:4B,1,29,2164.5,80:02:9C:61:97:4A,2,0,NONE,2026-08-24T15:45:02.770990
45917,,-53,44,286,3267,65384,29260,2152534,0,99,7,0,0,14:33:5C:6D:AF:58,1,1,ARMED,448.0,0,0,80:02:9C:61:97:4B,1,79,2501.4,80:02:9C:61:97:4A,2,0,NONE,2026-08-24T15:45:02.788990
45917,,-53,44,689,3283,65384,29260,2152565,0,99,7,0,0,14:33:5C:6D:AF:58,1,1,ARMED,448.0,0,0,80:02:9C:61:97:4B,1,129,2075.2,80:02:9C:61:97:4A,2,0,NONE,2026-08-24T15:45:02.819990
45917,BEACON,-63,34,698,1350,65384,29260,2152581,0,99,7,0,0,14:33:5C:6D:AF:58,1,1,ARMED,448.0,0,1,80:02:9C:61:97:4B,1,179,2286.5,80:02:9C:61:97:4A,2,0,NONE,2026-08-24T15:45:02.835990
45917,,-53,44,662,3314,64632,29260,2152611,0,99,7,0,0,14:33:5C:6D:AF:58,1,1,ARMED,448.0,0,0,80:02:9C:61:97:4B,1,3,365.1,80:02:9C:61:97:4A,2,0,NONE,2026-08-24T15:45:02.865990
45917,,-53,44,753,3331,65384,29260,2152632,0,99,7,0,0,14:33:5C:6D:AF:58,1,1,ARMED,448.0,0,0,80:02:9C:61:97:4B,1,53,1845.1,80:02:9C:61:97:4A,2,0,NONE,2026-08-24T15:45:02.886990
45917,,-81,16,682,2510,65384,29260,2152667,0,99,7,0,0,14:33:5C:6D:AF:58,1,1,ARMED,448.0,0,1,80:02:9C:61:97:4B,1,103,1616.0,80:02:9C:61:97:4A,2,0,NONE,2026-08-24T15:45:02.921990
45917,,-81,16,0,2516,64396,29260,2152715,0,99,7,0,0,14:33:5C:6D:AF:58,0,1,ARMED,448.0,0,0,80:02:9C:61:97:4B,1,17,1476.8,80:02:9C:61:97:4A,2,0,NONE,2026-08-24T15:45:02.969990
45917,,-53,44,379,3384,65384,29260,2152737,0,99,7,0,0,14:33:5C:6D:AF:58,0,1,ARMED,448.0,0,0,80:02:9C:61:97:4B,1,67,1958.2,80:02:9C:61:97:4A,2,0,NONE,2026-08-24T15:45:02.991990
45917,,-53,44,427,3415,65384,29260,2152757,0,99,7,0,0,14:33:5C:6D:AF:58,0,1,ARMED,448.0,0,0,80:02:9C:61:97:4B,1,117,2165.7,80:02:9C:61:97:4A,2,0,NONE,2026-08-24T15:45:03.011990
45917,,-81,16,0,2544,65384,29260,2152785,0,99,7,0,0,14:33:5C:6D:AF:58,0,1,ARMED,448.0,0,0,80:02:9C:61:97:4B,1,167,2046.6,80:02:9C:61:97:4A,2,0,NONE,2026-08-24T15:45:03.039990
45917,,-54,43,769,3444,65384,29260,2152807,0,99,7,0,0,14:33:5C:6D:AF:58,0,1,ARMED,448.0,0,0,80:02:9C:61:97:4B,1,5,1429.4,80:02:9C:61:97:4A,2,0,NONE,2026-08-24T15:45:03.061990
45917,,-86,11,0,3333,65384,29260,2153021,0,99,7,0,0,14:33:5C:6D:AF:58,0,0,ARMED,448.0,0,0,80:02:9C:61:97:4B,1,3,319.7,80:02:9C:61:97:4A,2,0,NONE,2026-08-24T15:45:03.275990
45917,,-90,7,0,3351,65384,29260,2153315,0,99,7,0,0,14:33:5C:6D:AF:58,0,0,ARMED,448.0,0,1,80:02:9C:61:97:4B,1,11,111.7,80:02:9C:61:97:4A,2,0,NONE,2026-08-24T15:45:03.569990
45917,,-58,39,86363,1302,65384,29260,2153684,0,99,7,0,0,14:33:5C:6D:AF:58,0,0,ARMED,448.0,0,1,80:02:9C:61:97:4B,1,5,147.3,80:02:9C:61:97:4A,2,0,NONE,2026-08-24T15:45:03.938990
45917,BEACON,-91,6,0,1127,65384,29260,2153823,0,99,7,0,0,14:33:5C:6D:AF:58,0,1,ARMED,448.0,0,1,80:02:9C:61:97:4B,1,3,42.6,80:02:9C:61:97:4A,2,0,NONE,2026-08-24T15:45:04.077990
45917,,43,43,0,1023,65384,29260,2154148,0,99,7,0,0,14:33:5C:6D:AF:58,0,0,ARMED,448.0,0,0,80:02:9C:61:97:4B,1,22,250.7,80:02:9C:61:97:4A,2,0,NONE,2026-08-24T15:45:04.402990
45917,,-61,36,0,1368,63652,29260,2154224,0,99,7,0,0,14:33:5C:6D:AF:58,0,1,ARMED,448.0,0,0,80:02:9C:61:97:4B,1,28,457.2,80:02:9C:61:97:4A,2,0,NONE,2026-08-24T15:45:04.478990
45917,,-50,47,18542,668,65384,29260,2154567,0,99,7,0,0,14:33:5C:6D:AF:58,0,0,ARMED,448.0,0,0,80:02:9C:61:97:4B,1,8,82.2,80:02:9C:61:97:4A,2,0,NONE,2026-08-24T15:45:04.821990
45917,BEACON,-86,11,0,465,65384,29260,2154879,0,99,7,0,0,14:33:5C:6D:AF:58,0,0,ARMED,448.0,0,1,80:02:9C:61:97:4B,1,9,88.2,80:02:9C:61:97:4A,2,0,NONE,2026-08-24T15:45:05.133990
45917,BEACON,-85,12,68,469,65384,29260,2155289,0,99,7,0,0,14:33:5C:6D:AF:58,0,0,ARMED,448.0,0,1,80:02:9C:61:97:4B,1,16,156.2,80:02:9C:61:97:4A,2,0,NONE,2026-08-24T15:45:05.543990
45917,,-53,44,375,3460,65384,29260,2155378,0,99,7,0,0,14:33:5C:6D:AF:58,0,0,ARMED,448.0,0,0,80:02:9C:61:97:4B,1,50,559.8,80:02:9C:61:97:4A,2,0,NONE,2026-08-24T15:45:05.632990
45917,,43,43,0,1023,65384,29260,2155472,0,99,7,0,0,14:33:5C:6D:AF:58,0,1,ARMED,448.0,0,0,80:02:9C:61:97:4B,1,49,712.0,80:02:9C:61:97:4A,2,0,NONE,2026-08-24T15:45:05.726990
45917,,-51,46,1253,687,65384,29260,2155566,0,99,7,0,0,14:33:5C:6D:AF:58,1,1,ARMED,448.0,0,1,80:02:9C:61:97:4B,1,42,785.9,80:02:9C:61:97:4A,2,0,NONE,2026-08-24T15:45:05.820990
45917,,44,44,0,1023,65384,29260,2155592,0,99,7,0,0,14:33:5C:6D:AF:58,1,1,ARMED,448.0,0,0,80:02:9C:61:97:4B,1,92,1144.2,80:02:9C:61:97:4A,2,0,NONE,2026-08-24T15:45:05.846990
45917,,-57,40,292,1359,65384,29260,2155679,0,99,7,0,0,14:33:5C:6D:AF:58,1,1,ARMED,448.0,0,0,80:02:9C:61:97:4B,1,36,537.3,80:02:9C:61:97:4A,2,0,NONE,2026-08-24T15:45:05.933990
45917,,61,61,0,1383,65384,29260,2155756,0,99,7,0,0,14:33:5C:6D:AF:58,0,1,ARMED,448.0,0,0,80:02:9C:61:97:4B,1,16,414.6,80:02:9C:61:97:4A,2,0,NONE,2026-08-24T15:45:06.010990
45917,,44,44,0,1023,65384,29260,2155825,0,99,7,0,0,14:33:5C:6D:AF:58,0,1,ARMED,448.0,0,0,80:02:9C:61:97:4B,1,4,3442.3,80:02:9C:61:97:4A,2,0,NONE,2026-08-24T15:45:06.079990
45917,,-59,38,41888,705,65384,29260,2156104,0,99,7,0,0,14:33:5C:6D:AF:58,0,0,ARMED,448.0,0,1,80:02:9C:61:97:4B,1,10,129.6,80:02:9C:61:97:4A,2,0,NONE,2026-08-24T15:45:06.358990
45917,BEACON,-65,32,0,1391,65384,29260,2156369,0,99,7,0,0,14:33:5C:6D:AF:58,0,0,ARMED,448.0,0,1,80:02:9C:61:97:4B,1,6,239.0,80:02:9C:61:97:4A,2,0,NONE,2026-08-24T15:45:06.623990
45917,,-55,42,17700,721,65384,29260,2156705,0,99,7,0,0,14:33:5C:6D:AF:58,0,0,ARMED,448.0,0,1,80:02:9C:61:97:4B,1,6,165.6,80:02:9C:61:97:4A,2,0,NONE,2026-08-24T15:45:06.959990
45917,BEACON,-64,33,7745,1398,65384,29260,2157086,0,99,7,0,0,14:33:5C:6D:AF:58,0,0,ARMED,448.0,0,1,80:02:9C:61:97:4B,1,1,132.3,80:02:9C:61:97:4A,2,0,NONE,2026-08-24T15:45:07.340990
45917,,44,44,0,1023,65384,29260,2157334,0,99,7,0,0,14:33:5C:6D:AF:58,0,0,ARMED,448.0,0,1,80:02:9C:61:97:4B,1,12,235.0,80:02:9C:61:97:4A,2,0,NONE,2026-08-24T15:45:07.588990
45917,BEACON,-62,35,0,1404,65384,29260,2157598,0,99,7,0,0,14:33:5C:6D:AF:58,0,0,ARMED,448.0,0,1,80:02:9C:61:97:4B,1,4,539.9,80:02:9C:61:97:4A,2,0,NONE,2026-08-24T15:45:07.852990
45917,,-89,8,0,3412,65384,29260,2157750,0,99,7,0,0,14:33:5C:6D:AF:58,0,1,ARMED,448.0,0,0,80:02:9C:61:97:4B,1,26,447.4,80:02:9C:61:97:4A,2,0,NONE,2026-08-24T15:45:08.004990
45917,,-90,7,0,3423,65384,29260,2157807,0,99,7,0,0,14:33:5C:6D:AF:58,0,1,ARMED,448.0,0,0,80:02:9C:61:97:4B,1,16,1264.3,80:02:9C:61:97:4A,2,0,NONE,2026-08-24T15:45:08.061990
45917,,-50,47,166,754,65384,29260,2157873,0,99,7,0,0,14:33:5C:6D:AF:58,0,1,ARMED,448.0,0,0,80:02:9C:61:97:4B,1,66,836.3,80:02:9C:61:97:4A,2,0,NONE,2026-08-24T15:45:08.127990
45917,,-81,16,239,3447,65384,29260,2158034,0,99,7,0,0,14:33:5C:6D:AF:58,0,0,ARMED,448.0,0,1,80:02:9C:61:97:4B,1,8,219.1,80:02:9C:61:97:4A,2,0,NONE,2026-08-24T15:45:08.288990
45917,BEACON,-92,5,0,2390,65384,29260,2158643,0,99,7,0,0,14:33:5C:6D:AF:58,0,0,ARMED,448.0,0,1,80:02:9C:61:97:4B,1,3,101.0,80:02:9C:61:97:4A,2,0,NONE,2026-08-24T15:45:08.897990
45917,,-57,40,292,1402,65384,29260,2159011,0,99,7,0,0,14:33:5C:6D:AF:58,0,0,ARMED,448.0,0,0,80:02:9C:61:97:4B,1,33,367.6,80:02:9C:61:97:4A,2,0,NONE,2026-08-24T15:45:09.265990
45917,,48,48,0,1023,65384,29260,2159159,0,99,7,0,0,14:33:5C:6D:AF:58,0,1,ARMED,448.0,0,0,80:02:9C:61:97:4B,1,9,379.1,80:02:9C:61:97:4A,2,0,NONE,2026-08-24T15:45:09.413990
45917,BEACON,-94,3,82,1806,65384,29260,2159347,0,99,7,0,0,14:33:5C:6D:AF:58,1,0,ARMED,448.0,0,1,80:02:9C:61:97:4B,1,2,236.6,80:02:9C:61:97:4A,2,0,NONE,2026-08-24T15:45:09.601990
45917,,44,44,0,1023,65384,29260,2159821,0,99,7,0,0,14:33:5C:6D:AF:58,0,0,ARMED,448.0,0,0,80:02:9C:61:97:4B,1,14,186.3,80:02:9C:61:97:4A,2,0,NONE,2026-08-24T15:45:10.075990
45917,,48,48,0,1023,65384,29260,2159943,0,99,7,0,0,14:33:5C:6D:AF:58,0,0,ARMED,448.0,0,0,80:02:9C:61:97:4B,1,38,400.1,80:02:9C:61:97:4A,2,0,NONE,2026-08-24T15:45:10.197990
45917,BEACON,-93,4,0,2404,65384,29260,2160077,0,99,7,0,0,14:33:5C:6D:AF:58,0,1,ARMED,448.0,0,1,80:02:9C:61:97:4B,1,1,135.5,80:02:9C:61:97:4A,2,0,NONE,2026-08-24T15:45:10.331990
45917,,44,44,0,1023,65368,29260,2160094,0,99,7,0,0,14:33:5C:6D:AF:58,0,1,ARMED,448.0,0,0,80:02:9C:61:97:4B,1,51,2118.8,80:02:9C:61:97:4A,2,0,NONE,2026-08-24T15:45:10.348990
45917,,44,44,0,3165,65384,29260,2160151,0,99,7,0,0,14:33:5C:6D:AF:58,0,1,ARMED,448.0,0,0,80:02:9C:61:97:4B,1,101,1236.2,80:02:9C:61:97:4A,2,0,NONE,2026-08-24T15:45:10.405990
45917,,-46,51,12361,803,65384,29260,2160479,0,99,7,0,0,14:33:5C:6D:AF:58,0,0,ARMED,448.0,0,1,80:02:9C:61:97:4B,1,1,1000.0,80:02:9C:61:97:4A,2,0,NONE,2026-08-24T15:45:10.733990
45917,,-52,45,0,4086,64992,29260,2160777,0,99,7,0,0,14:33:5C:6D:AF:58,1,0,ARMED,448.0,0,0,80:02:9C:61:97:4B,1,20,215.0,80:02:9C:61:97:4A,2,0,NONE,2026-08-24T15:45:11.031990
45917,BEACON,-94,3,0,2413,65384,29260,2160999,0,99,7,0,0,14:33:5C:6D:AF:58,0,0,ARMED,448.0,0,1,80:02:9C:61:97:4B,1,2,253.6,80:02:9C:61:97:4A,2,0,NONE,2026-08-24T15:45:11.253990
45917,BEACON,-85,12,0,3182,65384,29260,2161583,0,99,7,0,0,14:33:5C:6D:AF:58,0,0,ARMED,448.0,0,1,80:02:9C:61:97:4B,1,10,124.2,80:02:9C:61:97:4A,2,0,NONE,2026-08-24T15:45:11.837990
45917,,44,44,0,1023,65384,29260,2161903,0,99,7,0,0,14:33:5C:6D:AF:58,0,0,ARMED,448.0,0,1,80:02:9C:61:97:4B,1,10,107.4,80:02:9C:61:97:4A,2,0,NONE,2026-08-24T15:45:12.157990
45917,,42,42,0,0,65384,29260,2162013,0,99,7,0,0,14:33:5C:6D:AF:58,0,0,ARMED,448.0,0,0,80:02:9C:61:97:4B,1,49,583.6,80:02:9C:61:97:4A,2,0,NONE,2026-08-24T15:45:12.267990
45917,PROBE_REQ,46,46,0,3187,65396,29260,2162097,0,99,7,0,0,14:33:5C:6D:AF:58,0,1,ARMED,448.0,0,0,80:02:9C:61:97:4B,1,34,499.0,80:02:9C:61:97:4A,2,0,NONE,2026-08-24T15:45:12.351990
45917,PROBE_REQ,44,44,0,1071,65396,29260,2162136,0,99,7,0,0,14:33:5C:6D:AF:58,0,1,ARMED,448.0,0,0,80:02:9C:61:97:4B,1,34,4733.4,80:02:9C:61:97:4A,2,0,NONE,2026-08-24T15:45:12.390990
45917,PROBE_REQ,44,44,0,1023,65396,29260,2162252,0,99,7,0,0,14:33:5C:6D:AF:58,0,1,ARMED,448.0,0,0,80:02:9C:61:97:4B,1,10,1103.6,80:02:9C:61:97:4A,2,0,NONE,2026-08-24T15:45:12.506990
45917,PROBE_REQ,44,44,0,0,65396,29260,2162310,0,99,7,0,0,14:33:5C:6D:AF:58,0,1,ARMED,448.0,0,1,80:02:9C:61:97:4B,1,60,897.6,80:02:9C:61:97:4A,2,0,NONE,2026-08-24T15:45:12.564990
45917,PROBE_REQ,46,46,0,1023,65396,29260,2162377,0,99,7,0,0,14:33:5C:6D:AF:58,0,1,ARMED,448.0,0,0,80:02:9C:61:97:4B,1,38,1171.9,80:02:9C:61:97:4A,2,0,NONE,2026-08-24T15:45:12.631990
45917,,-56,41,1020,1461,65396,29260,2162476,0,99,7,0,0,14:33:5C:6D:AF:58,0,1,ARMED,448.0,0,1,80:02:9C:61:97:4B,1,16,542.4,80:02:9C:61:97:4A,2,0,NONE,2026-08-24T15:45:12.730990
45917,BEACON,-93,4,82,1840,65396,29260,2162659,0,99,7,0,0,14:33:5C:6D:AF:58,0,1,ARMED,448.0,0,1,80:02:9C:61:97:4B,1,12,120.6,80:02:9C:61:97:4A,2,0,NONE,2026-08-24T15:45:12.913990
45917,,-56,41,292,1483,65384,29260,2163217,0,99,7,0,0,14:33:5C:6D:AF:58,0,0,ARMED,448.0,0,0,80:02:9C:61:97:4B,1,13,132.9,80:02:9C:61:97:4A,2,0,NONE,2026-08-24T15:45:13.471990
45917,BEACON,-96,1,0,2438,65384,29260,2163559,0,99,7,0,0,14:33:5C:6D:AF:58,0,0,ARMED,448.0,0,1,80:02:9C:61:97:4B,1,5,168.3,80:02:9C:61:97:4A,2,0,NONE,2026-08-24T15:45:13.813990
45917,,62,62,0,3105,65384,29260,2164334,0,99,7,0,0,14:33:5C:6D:AF:58,0,0,ARMED,448.0,0,1,80:02:9C:61:97:4B,1,6,75.4,80:02:9C:61:97:4A,2,0,NONE,2026-08-24T15:45:14.588990
45917,BEACON,-87,10,6063,1621,65384,29260,2164768,0,99,7,0,0,14:33:5C:6D:AF:58,0,0,ARMED,448.0,0,1,80:02:9C:61:97:4B,1,11,103.5,80:02:9C:61:97:4A,2,0,NONE,2026-08-24T15:45:15.022990
45917,,-57,40,600,1502,65384,29260,2164974,0,99,7,0,0,14:33:5C:6D:AF:58,0,1,ARMED,448.0,0,0,80:02:9C:61:97:4B,1,9,3205.1,80:02:9C:61:97:4A,2,0,NONE,2026-08-24T15:45:15.228990
45917,BEACON,-95,2,0,1869,65384,29260,2165468,0,99,7,0,0,14:33:5C:6D:AF:58,0,0,ARMED,448.0,0,1,80:02:9C:61:97:4B,1,5,56.8,80:02:9C:61:97:4A,2,0,NONE,2026-08-24T15:45:15.722990
45917,,62,62,0,1873,65384,29260,2165879,0,99,7,0,0,14:33:5C:6D:AF:58,0,0,ARMED,448.0,0,0,80:02:9C:61:97:4B,1,9,99.0,80:02:9C:61:97:4A,2,0,NONE,2026-08-24T15:45:16.133990
45917,,-52,45,968,66,65384,29260,2165992,0,99,7,0,0,14:33:5C:6D:AF:58,0,0,ARMED,448.0,0,0,80:02:9C:61:97:4B,1,47,473.0,80:02:9C:61:97:4A,2,0,NONE,2026-08-24T15:45:16.246990
45917,BEACON,-92,5,0,1875,65384,29260,2166071,0,99,7,0,0,14:33:5C:6D:AF:58,0,1,ARMED,448.0,0,1,80:02:9C:61:97:4B,1,49,786.7,80:02:9C:61:97:4A,2,0,NONE,2026-08-24T15:45:16.325990
45917,,44,44,0,1023,65384,29260,2166296,0,99,7,0,0,14:33:5C:6D:AF:58,0,0,ARMED,448.0,0,0,80:02:9C:61:97:4B,1,34,410.3,80:02:9C:61:97:4A,2,0,NONE,2026-08-24T15:45:16.550990
45917,,43,43,0,1023,65384,29260,2166358,0,99,7,0,0,14:33:5C:6D:AF:58,0,1,ARMED,448.0,0,0,80:02:9C:61:97:4B,1,38,859.5,80:02:9C:61:97:4A,2,0,NONE,2026-08-24T15:45:16.612990
45917,,43,43,0,1023,65384,29260,2166423,0,99,7,0,0,14:33:5C:6D:AF:58,0,1,ARMED,448.0,0,0,80:02:9C:61:97:4B,1,35,3850.8,80:02:9C:61:97:4A,2,0,NONE,2026-08-24T15:45:16.677990
45917,PROBE_RESP,-87,10,0,4002,65312,29260,2166639,0,99,7,0,0,14:33:5C:6D:AF:58,0,0,ARMED,448.0,0,1,80:02:9C:61:97:4B,1,4,248.8,80:02:9C:61:97:4A,2,0,NONE,2026-08-24T15:45:16.893990
45917,BEACON,-91,6,0,2472,65384,29260,2167040,0,99,7,0,0,14:33:5C:6D:AF:58,0,0,ARMED,448.0,0,1,80:02:9C:61:97:4B,1,1,127.1,80:02:9C:61:97:4A,2,0,NONE,2026-08-24T15:45:17.294990
45917,,-73,24,788,910,65384,29260,2167603,0,99,7,0,0,14:33:5C:6D:AF:58,0,0,ARMED,448.0,0,0,80:02:9C:61:97:4B,1,9,153.6,80:02:9C:61:97:4A,2,0,NONE,2026-08-24T15:45:17.857990
45917,BEACON,-94,3,82,2480,65384,29260,2167859,0,99,7,0,0,14:33:5C:6D:AF:58,0,0,ARMED,448.0,0,1,80:02:9C:61:97:4B,1,2,264.2,80:02:9C:61:97:4A,2,0,NONE,2026-08-24T15:45:18.113990
45917,,-57,40,292,1542,65384,29260,2168252,0,99,7,0,0,14:33:5C:6D:AF:58,0,0,ARMED,448.0,0,0,80:02:9C:61:97:4B,1,15,161.6,80:02:9C:61:97:4A,2,0,NONE,2026-08-24T15:45:18.506990
45917,BEACON,-85,12,0,598,65384,29260,2168498,0,99,7,0,0,14:33:5C:6D:AF:58,0,0,ARMED,448.0,0,1,80:02:9C:61:97:4B,1,3,93.4,80:02:9C:61:97:4A,2,0,NONE,2026-08-24T15:45:18.752990
45917,BEACON,-85,12,0,3253,65384,29260,2168854,0,99,7,0,0,14:33:5C:6D:AF:58,0,0,ARMED,448.0,0,1,80:02:9C:61:97:4B,1,9,111.8,80:02:9C:61:97:4A,2,0,NONE,2026-08-24T15:45:19.108990
45917,BEACON,-85,12,81,604,65384,29260,2169113,0,99,7,0,0,14:33:5C:6D:AF:58,0,0,ARMED,448.0,0,1,80:02:9C:61:97:4B,1,5,155.4,80:02:9C:61:97:4A,2,0,NONE,2026-08-24T15:45:19.367990
45917,,-57,40,291,1557,65384,29260,2169458,0,99,7,0,0,14:33:5C:6D:AF:58,0,0,ARMED,448.0,0,0,80:02:9C:61:97:4B,1,12,157.9,80:02:9C:61:97:4A,2,0,NONE,2026-08-24T15:45:19.712990
45917,,-52,45,1057,98,65384,29260,2169537,0,99,7,0,0,14:33:5C:6D:AF:58,0,1,ARMED,448.0,0,0,80:02:9C:61:97:4B,1,30,551.0,80:02:9C:61:97:4A,2,0,NONE,2026-08-24T15:45:19.791990
45917,BEACON,-90,7,0,1283,65384,29260,2169797,0,99,7,0,0,14:33:5C:6D:AF:58,0,0,ARMED,448.0,0,1,80:02:9C:61:97:4B,1,1,80.3,80:02:9C:61:97:4A,2,0,NONE,2026-08-24T15:45:20.051990
45917,BEACON,-62,35,82,1572,65384,29260,2170296,0,99,7,0,0,14:33:5C:6D:AF:58,0,0,ARMED,448.0,0,1,80:02:9C:61:97:4B,1,8,78.1,80:02:9C:61:97:4A,2,0,NONE,2026-08-24T15:45:20.550990
45917,,-66,31,444,1330,65384,29260,2170752,0,99,7,0,0,14:33:5C:6D:AF:58,0,0,ARMED,448.0,0,0,80:02:9C:61:97:4B,1,5,107.1,80:02:9C:61:97:4A,2,0,NONE,2026-08-24T15:45:21.006990
45917,,-45,52,85979,951,65384,29260,2171087,0,99,7,0,0,14:33:5C:6D:AF:58,0,0,ARMED,448.0,0,1,80:02:9C:61:97:4B,1,3,40.1,80:02:9C:61:97:4A,2,0,NONE,2026-08-24T15:45:21.341990
45917,,49,49,0,1023,65384,29260,2171302,0,99,7,0,0,14:33:5C:6D:AF:58,0,0,ARMED,448.0,0,0,80:02:9C:61:97:4B,1,40,472.1,80:02:9C:61:97:4A,2,0,NONE,2026-08-24T15:45:21.556990
45917,,-57,40,331,1588,62144,29260,2171662,0,99,7,0,0,14:33:5C:6D:AF:58,0,0,ARMED,448.0,0,1,80:02:9C:61:97:4B,1,12,337.1,80:02:9C:61:97:4A,2,0,NONE,2026-08-24T15:45:21.916990
45917,,-52,45,307,377,65384,29260,2171936,0,99,7,0,0,14:33:5C:6D:AF:58,0,0,ARMED,448.0,0,1,80:02:9C:61:97:4B,1,2,845.3,80:02:9C:61:97:4A,2,0,NONE,2026-08-24T15:45:22.190990
45917,,44,44,0,3184,65384,29260,2172368,0,99,7,0,0,14:33:5C:6D:AF:58,0,0,ARMED,448.0,0,0,80:02:9C:61:97:4B,1,5,216.5,80:02:9C:61:97:4A,2,0,NONE,2026-08-24T15:45:22.622990
45917,BEACON,-89,8,62,1311,65384,29260,2172664,0,99,7,0,0,14:33:5C:6D:AF:58,0,0,ARMED,448.0,0,1,80:02:9C:61:97:4B,1,8,500.5,80:02:9C:61:97:4A,2,0,NONE,2026-08-24T15:45:22.918990
45917,,-57,40,663,1620,65384,29260,2172872,0,99,7,0,0,14:33:5C:6D:AF:58,0,0,ARMED,448.0,0,0,80:02:9C:61:97:4B,1,11,585.4,80:02:9C:61:97:4A,2,0,NONE,2026-08-24T15:45:23.126990
45917,,-49,48,16975,965,65384,29260,2173196,0,99,7,0,0,14:33:5C:6D:AF:58,0,0,ARMED,448.0,0,1,80:02:9C:61:97:4B,1,6,188.2,80:02:9C:61:97:4A,2,0,NONE,2026-08-24T15:45:23.450990
45917,,-74,23,23515,1168,65384,29260,2173758,0,99,7,0,0,14:33:5C:6D:AF:58,0,0,ARMED,448.0,0,1,80:02:9C:61:97:4B,1,11,130.0,80:02:9C:61:97:4A,2,0,NONE,2026-08-24T15:45:24.012990
45917,,-57,40,1158,1647,65384,29260,2174199,0,99,7,0,0,14:33:5C:6D:AF:58,0,0,ARMED,448.0,0,1,80:02:9C:61:97:4B,1,16,1116.5,80:02:9C:61:97:4A,2,0,NONE,2026-08-24T15:45:24.453990
45917,BEACON,-84,13,0,3316,65384,29260,2174691,0,99,7,0,0,14:33:5C:6D:AF:58,0,0,ARMED,448.0,0,1,80:02:9C:61:97:4B,1,7,72.6,80:02:9C:61:97:4A,2,0,NONE,2026-08-24T15:45:24.945990
45917,BEACON,-84,13,0,3323,65384,29260,2175407,0,99,7,0,0,14:33:5C:6D:AF:58,0,0,ARMED,448.0,0,1,80:02:9C:61:97:4B,1,4,49.7,80:02:9C:61:97:4A,2,0,NONE,2026-08-24T15:45:25.661990
45917,BEACON,-93,4,61246,1972,65384,29260,2175805,0,99,7,0,0,14:33:5C:6D:AF:58,0,1,ARMED,448.0,0,1,80:02:9C:61:97:4B,1,3,44.0,80:02:9C:61:97:4A,2,0,NONE,2026-08-24T15:45:26.059990
45917,,-57,40,291,1665,65384,29260,2176287,0,99,7,0,0,14:33:5C:6D:AF:58,0,0,ARMED,448.0,0,0,80:02:9C:61:97:4B,1,6,156.4,80:02:9C:61:97:4A,2,0,NONE,2026-08-24T15:45:26.541990
45917,,-57,40,0,1690,65384,29260,2176353,0,99,7,0,0,14:33:5C:6D:AF:58,0,1,ARMED,448.0,0,0,80:02:9C:61:97:4B,1,5,2739.7,80:02:9C:61:97:4A,2,0,NONE,2026-08-24T15:45:26.607990
45917,BEACON,-91,6,0,2569,65384,29260,2176973,0,99,7,0,0,14:33:5C:6D:AF:58,0,0,ARMED,448.0,0,1,80:02:9C:61:97:4B,1,1,134.4,80:02:9C:61:97:4A,2,0,NONE,2026-08-24T15:45:27.227990
45917,,44,44,0,3236,65384,29260,2177415,0,99,7,0,0,14:33:5C:6D:AF:58,0,0,ARMED,448.0,0,0,80:02:9C:61:97:4B,1,13,326.3,80:02:9C:61:97:4A,2,0,NONE,2026-08-24T15:45:27.669990
45917,,43,43,0,1023,65384,29260,2177717,0,99,7,0,0,14:33:5C:6D:AF:58,0,0,ARMED,448.0,0,0,80:02:9C:61:97:4B,1,9,259.2,80:02:9C:61:97:4A,2,0,NONE,2026-08-24T15:45:27.971990
45917,BEACON,-63,34,0,1660,65384,29260,2178078,0,99,7,0,0,14:33:5C:6D:AF:58,0,0,ARMED,448.0,0,1,80:02:9C:61:97:4B,1,13,146.0,80:02:9C:61:97:4A,2,0,NONE,2026-08-24T15:45:28.332990
45917,BEACON,-62,35,0,1663,65384,29260,2178389,0,99,7,0,0,14:33:5C:6D:AF:58,0,0,ARMED,448.0,0,1,80:02:9C:61:97:4B,1,31,367.7,80:02:9C:61:97:4A,2,0,NONE,2026-08-24T15:45:28.643990
45917,BEACON,-89,8,0,1368,65384,29260,2178501,0,99,7,0,0,14:33:5C:6D:AF:58,0,1,ARMED,448.0,0,1,80:02:9C:61:97:4B,1,42,445.6,80:02:9C:61:97:4A,2,0,NONE,2026-08-24T15:45:28.755990
45917,BEACON,-93,4,0,2002,65384,29260,2178819,0,99,7,0,0,14:33:5C:6D:AF:58,0,0,ARMED,448.0,0,1,80:02:9C:61:97:4B,1,27,334.6,80:02:9C:61:97:4A,2,0,NONE,2026-08-24T15:45:29.073990
45917,BEACON,-86,11,82,702,65384,29260,2179148,0,99,7,0,0,14:33:5C:6D:AF:58,0,0,ARMED,448.0,0,1,80:02:9C:61:97:4B,1,16,159.4,80:02:9C:61:97:4A,2,0,NONE,2026-08-24T15:45:29.402990
45917,,32,32,0,1023,65368,29260,2179642,0,99,7,0,0,14:33:5C:6D:AF:58,0,0,ARMED,448.0,0,1,80:02:9C:61:97:4B,1,8,94.6,80:02:9C:61:97:4A,2,0,NONE,2026-08-24T15:45:29.896990
45917,,-52,45,554,208,65384,29260,2179796,0,99,7,0,0,14:33:5C:6D:AF:58,0,0,ARMED,448.0,0,0,80:02:9C:61:97:4B,1,29,875.9,80:02:9C:61:97:4A,2,0,NONE,2026-08-24T15:45:30.050990
45917,,-74,23,1253,0,65384,29260,2180047,0,99,7,0,0,14:33:5C:6D:AF:58,0,0,ARMED,448.0,0,0,80:02:9C:61:97:4B,1,15,186.6,80:02:9C:61:97:4A,2,0,NONE,2026-08-24T15:45:30.301990
45917,BEACON,-90,7,0,2018,65384,29260,2180421,0,99,7,0,0,14:33:5C:6D:AF:58,0,0,ARMED,448.0,0,1,80:02:9C:61:97:4B,1,4,90.1,80:02:9C:61:97:4A,2,0,NONE,2026-08-24T15:45:30.675990
45917,BEACON,-88,9,0,1785,65384,29260,2180840,0,99,7,0,0,14:33:5C:6D:AF:58,0,0,ARMED,448.0,0,1,80:02:9C:61:97:4B,1,6,110.1,80:02:9C:61:97:4A,2,0,NONE,2026-08-24T15:45:31.094990
45917,BEACON,-88,9,0,1396,65384,29260,2181368,0,99,7,0,0,14:33:5C:6D:AF:58,0,0,ARMED,448.0,0,1,80:02:9C:61:97:4B,1,7,100.6,80:02:9C:61:97:4A,2,0,NONE,2026-08-24T15:45:31.622990
45917,BEACON,-89,8,0,1401,65384,29260,2181880,0,99,7,0,0,14:33:5C:6D:AF:58,0,0,ARMED,448.0,0,1,80:02:9C:61:97:4B,1,5,71.0,80:02:9C:61:97:4A,2,0,NONE,2026-08-24T15:45:32.134990
45917,,-58,39,758,1763,65384,29260,2182183,0,99,7,0,0,14:33:5C:6D:AF:58,0,0,ARMED,448.0,0,0,80:02:9C:61:97:4B,1,19,341.0,80:02:9C:61:97:4A,2,0,NONE,2026-08-24T15:45:32.437990
45917,,-49,48,211,986,65384,29260,2182545,0,99,7,0,0,14:33:5C:6D:AF:58,0,0,ARMED,448.0,0,0,80:02:9C:61:97:4B,1,4,4000.0,80:02:9C:61:97:4A,2,0,NONE,2026-08-24T15:45:32.799990
45917,,-75,22,647,3519,65384,29260,2182689,0,99,7,0,0,14:33:5C:6D:AF:58,0,1,ARMED,448.0,0,0,80:02:9C:61:97:4B,1,7,601.1,80:02:9C:61:97:4A,2,0,NONE,2026-08-24T15:45:32.943990
45917,,-75,22,5670,3531,65384,29260,2182864,0,99,7,0,0,14:33:5C:6D:AF:58,0,0,ARMED,448.0,0,0,80:02:9C:61:97:4B,1,40,477.8,80:02:9C:61:97:4A,2,0,NONE,2026-08-24T15:45:33.118990
45917,,-49,48,1842,592,65384,29260,2183165,0,99,7,0,0,14:33:5C:6D:AF:58,0,0,ARMED,448.0,0,0,80:02:9C:61:97:4B,1,15,192.1,80:02:9C:61:97:4A,2,0,NONE,2026-08-24T15:45:33.419990
45917,,-49,48,192,621,65384,29260,2183258,0,99,7,0,0,14:33:5C:6D:AF:58,0,1,ARMED,448.0,0,1,80:02:9C:61:97:4B,1,37,615.7,80:02:9C:61:97:4A,2,0,NONE,2026-08-24T15:45:33.512990
45917,BEACON,-63,34,159988,1739,65384,29260,2183505,0,99,7,0,0,14:33:5C:6D:AF:58,0,0,ARMED,448.0,0,1,80:02:9C:61:97:4B,1,6,58.6,80:02:9C:61:97:4A,2,0,NONE,2026-08-24T15:45:33.759990
45917,BEACON,-91,6,0,3299,65312,29260,2183836,0,99,7,0,0,14:33:5C:6D:AF:58,0,0,ARMED,448.0,0,1,80:02:9C:61:97:4B,1,6,248.8,80:02:9C:61:97:4A,2,0,NONE,2026-08-24T15:45:34.090990
45917,BEACON,-84,13,0,3421,65384,29260,2184521,0,99,7,0,0,14:33:5C:6D:AF:58,0,0,ARMED,448.0,0,0,80:02:9C:61:97:4B,1,6,63.7,80:02:9C:61:97:4A,2,0,NONE,2026-08-24T15:45:34.775990
45917,,-74,23,3761,3545,65384,29260,2184875,0,99,7,0,0,14:33:5C:6D:AF:58,0,0,ARMED,448.0,0,0,80:02:9C:61:97:4B,1,4,159.5,80:02:9C:61:97:4A,2,0,NONE,2026-08-24T15:45:35.129990
45917,BEACON,-83,14,0,3431,65384,29260,2185545,0,99,7,0,0,14:33:5C:6D:AF:58,0,0,ARMED,448.0,0,1,80:02:9C:61:97:4B,1,5,62.1,80:02:9C:61:97:4A,2,0,NONE,2026-08-24T15:45:35.799990
45917,,-58,39,291,1822,65384,29260,2186102,0,99,7,0,0,14:33:5C:6D:AF:58,0,0,ARMED,448.0,0,0,80:02:9C:61:97:4B,1,11,468.2,80:02:9C:61:97:4A,2,0,NONE,2026-08-24T15:45:36.356990
45917,BEACON,-86,11,0,1446,65384,29260,2186488,0,99,7,0,0,14:33:5C:6D:AF:58,0,0,ARMED,448.0,0,1,80:02:9C:61:97:4B,1,16,156.3,80:02:9C:61:97:4A,2,0,NONE,2026-08-24T15:45:36.742990
45917,,-58,39,292,1830,65384,29260,2186737,0,99,7,0,0,14:33:5C:6D:AF:58,0,0,ARMED,448.0,0,0,80:02:9C:61:97:4B,1,15,346.7,80:02:9C:61:97:4A,2,0,NONE,2026-08-24T15:45:36.991990
45917,,-58,39,584,1859,65384,29260,2186801,0,99,7,0,0,14:33:5C:6D:AF:58,0,1,ARMED,448.0,0,0,80:02:9C:61:97:4B,1,10,2018.6,80:02:9C:61:97:4A,2,0,NONE,2026-08-24T15:45:37.055990
45917,,44,44,0,3332,65384,29260,2187220,0,99,7,0,0,14:33:5C:6D:AF:58,0,0,ARMED,448.0,0,0,80:02:9C:61:97:4B,1,8,550.7,80:02:9C:61:97:4A,2,0,NONE,2026-08-24T15:45:37.474990
45917,,44,44,0,1785,65384,29260,2187630,0,99,7,0,0,14:33:5C:6D:AF:58,0,0,ARMED,448.0,0,1,80:02:9C:61:97:4B,1,2,128.7,80:02:9C:61:97:4A,2,0,NONE,2026-08-24T15:45:37.884990
45917,BEACON,-88,9,0,1855,65384,29260,2188008,0,99,7,0,0,14:33:5C:6D:AF:58,0,0,ARMED,448.0,0,1,80:02:9C:61:97:4B,1,10,130.9,80:02:9C:61:97:4A,2,0,NONE,2026-08-24T15:45:38.262990
45917,BEACON,-64,33,0,1792,65384,29260,2188318,0,99,7,0,0,14:33:5C:6D:AF:58,0,0,ARMED,448.0,0,1,80:02:9C:61:97:4B,1,22,267.4,80:02:9C:61:97:4A,2,0,NONE,2026-08-24T15:45:38.572990
45917,,-73,24,46167,3566,65384,29260,2189012,0,99,7,0,0,14:33:5C:6D:AF:58,0,0,ARMED,448.0,0,1,80:02:9C:61:97:4B,1,4,69.0,80:02:9C:61:97:4A,2,0,NONE,2026-08-24T15:45:39.266990
45917,BEACON,-64,33,0,1803,65384,29260,2189342,0,99,7,0,0,14:33:5C:6D:AF:58,0,0,ARMED,448.0,0,1,80:02:9C:61:97:4B,1,5,61.8,80:02:9C:61:97:4A,2,0,NONE,2026-08-24T15:45:39.596990
45917,BEACON,-85,12,0,3472,65384,29260,2189744,0,99,7,0,0,14:33:5C:6D:AF:58,0,0,ARMED,448.0,0,1,80:02:9C:61:97:4B,1,15,204.3,80:02:9C:61:97:4A,2,0,NONE,2026-08-24T15:45:39.998990
45917,BEACON,-86,11,0,1481,65384,29260,2190072,0,99,7,0,0,14:33:5C:6D:AF:58,0,0,ARMED,448.0,0,1,80:02:9C:61:97:4B,1,14,148.9,80:02:9C:61:97:4A,2,0,NONE,2026-08-24T15:45:40.326990
45917,,-58,39,292,1893,65384,29260,2190220,0,99,7,0,0,14:33:5C:6D:AF:58,0,0,ARMED,448.0,0,0,80:02:9C:61:97:4B,1,23,804.1,80:02:9C:61:97:4A,2,0,NONE,2026-08-24T15:45:40.474990
45917,,-52,45,2970,330,65384,29260,2190398,0,99,7,0,0,14:33:5C:6D:AF:58,0,1,ARMED,448.0,0,1,80:02:9C:61:97:4B,1,25,251.2,80:02:9C:61:97:4A,2,0,NONE,2026-08-24T15:45:40.652990
45917,BEACON,-85,12,0,1882,65384,29260,2190773,0,99,7,0,0,14:33:5C:6D:AF:58,0,0,ARMED,448.0,0,1,80:02:9C:61:97:4B,1,2,123.4,80:02:9C:61:97:4A,2,0,NONE,2026-08-24T15:45:41.027990
45917,,-58,39,1078,1916,65384,29260,2191118,0,99,7,0,0,14:33:5C:6D:AF:58,0,0,ARMED,448.0,0,1,80:02:9C:61:97:4B,1,13,298.2,80:02:9C:61:97:4A,2,0,NONE,2026-08-24T15:45:41.372990
45917,,62,62,0,2129,65384,29260,2191577,0,99,7,0,0,14:33:5C:6D:AF:58,0,0,ARMED,448.0,0,0,80:02:9C:61:97:4B,1,7,74.9,80:02:9C:61:97:4A,2,0,NONE,2026-08-24T15:45:41.831990
45917,,30,30,0,1023,65368,29260,2192010,0,99,7,0,0,14:33:5C:6D:AF:58,0,0,ARMED,448.0,0,0,80:02:9C:61:97:4B,1,14,983.6,80:02:9C:61:97:4A,2,0,NONE,2026-08-24T15:45:42.264990
45917,,-65,32,0,1857,63620,29260,2192314,0,99,7,0,0,14:33:5C:6D:AF:58,0,0,ARMED,448.0,0,0,80:02:9C:61:97:4B,1,2,192.1,80:02:9C:61:97:4A,2,0,NONE,2026-08-24T15:45:42.568990
45917,BEACON,-86,11,0,3502,65384,29260,2192815,0,99,7,0,0,14:33:5C:6D:AF:58,0,0,ARMED,448.0,0,1,80:02:9C:61:97:4B,1,7,68.4,80:02:9C:61:97:4A,2,0,NONE,2026-08-24T15:45:43.069990
45917,BEACON,-94,3,0,2145,65384,29260,2193166,0,99,7,0,0,14:33:5C:6D:AF:58,0,0,ARMED,448.0,0,1,80:02:9C:61:97:4B,1,17,394.1,80:02:9C:61:97:4A,2,0,NONE,2026-08-24T15:45:43.420990
45917,,44,44,0,2879,65384,29260,2193377,0,99,7,0,0,14:33:5C:6D:AF:58,0,1,ARMED,448.0,0,0,80:02:9C:61:97:4B,1,10,202.8,80:02:9C:61:97:4A,2,0,NONE,2026-08-24T15:45:43.631990
45917,,-58,39,292,1944,65384,29260,2193653,0,99,7,0,0,14:33:5C:6D:AF:58,0,0,ARMED,448.0,0,0,80:02:9C:61:97:4B,1,4,217.2,80:02:9C:61:97:4A,2,0,NONE,2026-08-24T15:45:43.907990
45917,,-91,6,43762,854,65384,29260,2193841,0,99,7,0,0,14:33:5C:6D:AF:58,0,0,ARMED,448.0,0,1,80:02:9C:61:97:4B,1,1,621.1,80:02:9C:61:97:4A,2,0,NONE,2026-08-24T15:45:44.095990
45917,,-52,45,4107,382,65384,29260,2194229,0,99,7,0,0,14:33:5C:6D:AF:58,0,0,ARMED,448.0,0,0,80:02:9C:61:97:4B,1,26,327.0,80:02:9C:61:97:4A,2,0,NONE,2026-08-24T15:45:44.483990
45917,BEACON,-93,4,0,2743,65384,29260,2194791,0,99,7,0,0,14:33:5C:6D:AF:58,0,0,ARMED,448.0,0,1,80:02:9C:61:97:4B,1,4,201.9,80:02:9C:61:97:4A,2,0,NONE,2026-08-24T15:45:45.045990
45917,BEACON,-89,8,0,1533,65384,29260,2195397,0,99,7,0,0,14:33:5C:6D:AF:58,0,0,ARMED,448.0,0,1,80:02:9C:61:97:4B,1,2,165.9,80:02:9C:61:97:4A,2,0,NONE,2026-08-24T15:45:45.651990
45917,BEACON,-86,11,0,865,65384,29260,2195839,0,99,7,0,0,14:33:5C:6D:AF:58,0,0,ARMED,448.0,0,1,80:02:9C:61:97:4B,1,5,105.7,80:02:9C:61:97:4A,2,0,NONE,2026-08-24T15:45:46.093990
45917,,-53,44,2991,392,65384,29260,2196141,0,99,7,0,0,14:33:5C:6D:AF:58,0,0,ARMED,448.0,0,0,80:02:9C:61:97:4B,1,21,483.1,80:02:9C:61:97:4A,2,0,NONE,2026-08-24T15:45:46.395990
45917,BEACON,-93,4,0,2761,65384,29260,2196636,0,99,7,0,0,14:33:5C:6D:AF:58,0,0,ARMED,448.0,0,1,80:02:9C:61:97:4B,1,3,115.8,80:02:9C:61:97:4A,2,0,NONE,2026-08-24T15:45:46.890990
45917,,-53,44,3666,399,65384,29260,2197030,0,99,7,0,0,14:33:5C:6D:AF:58,0,0,ARMED,448.0,0,1,80:02:9C:61:97:4B,1,20,2335.6,80:02:9C:61:97:4A,2,0,NONE,2026-08-24T15:45:47.284990
45917,BEACON,-84,13,52,878,65384,29260,2197170,0,99,7,0,0,14:33:5C:6D:AF:58,0,1,ARMED,448.0,0,1,80:02:9C:61:97:4B,1,14,291.7,80:02:9C:61:97:4A,2,0,NONE,2026-08-24T15:45:47.424990
45917,,-53,44,0,3506,65384,29260,2197479,0,99,7,0,0,14:33:5C:6D:AF:58,0,0,ARMED,448.0,0,0,80:02:9C:61:97:4B,1,25,502.6,80:02:9C:61:97:4A,2,0,NONE,2026-08-24T15:45:47.733990
45917,BEACON,-92,5,0,2774,65384,29260,2197965,0,99,7,0,0,14:33:5C:6D:AF:58,0,0,ARMED,448.0,0,1,80:02:9C:61:97:4B,1,3,138.0,80:02:9C:61:97:4A,2,0,NONE,2026-08-24T15:45:48.219990
45917,,-53,44,303,3513,65384,29260,2198223,0,99,7,0,0,14:33:5C:6D:AF:58,0,0,ARMED,448.0,0,0,80:02:9C:61:97:4B,1,19,255.6,80:02:9C:61:97:4A,2,0,NONE,2026-08-24T15:45:48.477990
45917,,-79,18,0,959,65384,29260,2198287,0,99,7,0,0,14:33:5C:6D:AF:58,0,1,ARMED,448.0,0,0,80:02:9C:61:97:4B,1,25,680.3,80:02:9C:61:97:4A,2,0,NONE,2026-08-24T15:45:48.541990
45917,,-81,16,0,3629,65384,29260,2198517,0,99,7,0,0,14:33:5C:6D:AF:58,0,0,ARMED,448.0,0,0,80:02:9C:61:97:4B,1,13,204.5,80:02:9C:61:97:4A,2,0,NONE,2026-08-24T15:45:48.771990
45917,BEACON,-94,3,0,2785,65384,29260,2199092,0,99,7,0,0,14:33:5C:6D:AF:58,0,0,ARMED,448.0,0,1,80:02:9C:61:97:4B,1,5,210.6,80:02:9C:61:97:4A,2,0,NONE,2026-08-24T15:45:49.346990
45917,BEACON,-83,14,0,900,65384,29260,2199423,0,99,7,0,0,14:33:5C:6D:AF:58,0,1,ARMED,448.0,0,1,80:02:9C:61:97:4B,1,5,109.6,80:02:9C:61:97:4A,2,0,NONE,2026-08-24T15:45:49.677990
45917,BEACON,-94,3,0,2794,65384,29260,2200013,0,99,7,0,0,14:33:5C:6D:AF:58,0,0,ARMED,448.0,0,1,80:02:9C:61:97:4B,1,3,124.8,80:02:9C:61:97:4A,2,0,NONE,2026-08-24T15:45:50.267990
45917,,-66,31,0,1947,65384,29260,2200506,0,99,7,0,0,14:33:5C:6D:AF:58,0,0,ARMED,448.0,0,0,80:02:9C:61:97:4B,1,3,663.3,80:02:9C:61:97:4A,2,0,NONE,2026-08-24T15:45:50.760990
45917,,-53,44,2291,442,65384,29260,2200679,0,99,7,0,0,14:33:5C:6D:AF:58,0,0,ARMED,448.0,0,0,80:02:9C:61:97:4B,1,40,546.8,80:02:9C:61:97:4A,2,0,NONE,2026-08-24T15:45:50.933990
45917,BEACON,-84,13,58729,915,65384,29260,2200959,0,99,7,0,0,14:33:5C:6D:AF:58,0,0,ARMED,448.0,0,1,80:02:9C:61:97:4B,1,8,166.8,80:02:9C:61:97:4A,2,0,NONE,2026-08-24T15:45:51.213990
45917,,32,32,0,1023,65368,29260,2201450,0,99,7,0,0,14:33:5C:6D:AF:58,0,0,ARMED,448.0,0,1,80:02:9C:61:97:4B,1,6,216.2,80:02:9C:61:97:4A,2,0,NONE,2026-08-24T15:45:51.704990
45917,BEACON,-64,33,0,1976,65384,29260,2201732,0,99,7,0,0,14:33:5C:6D:AF:58,0,1,ARMED,448.0,0,1,80:02:9C:61:97:4B,1,28,267.3,80:02:9C:61:97:4A,2,0,NONE,2026-08-24T15:45:51.986990
45917,BEACON,-86,11,0,1996,65384,29260,2202140,0,99,7,0,0,14:33:5C:6D:AF:58,0,0,ARMED,448.0,0,1,80:02:9C:61:97:4B,1,7,70.0,80:02:9C:61:97:4A,2,0,NONE,2026-08-24T15:45:52.394990
45917,,-59,38,292,2083,65384,29260,2202505,0,99,7,0,0,14:33:5C:6D:AF:58,0,0,ARMED,448.0,0,0,80:02:9C:61:97:4B,1,8,141.9,80:02:9C:61:97:4A,2,0,NONE,2026-08-24T15:45:52.759990
45917,BEACON,-97,0,0,2241,65384,29260,2202799,0,99,7,0,0,14:33:5C:6D:AF:58,0,0,ARMED,448.0,0,1,80:02:9C:61:97:4B,1,11,254.9,80:02:9C:61:97:4A,2,0,NONE,2026-08-24T15:45:53.053990
45917,BEACON,-65,32,0,1998,65384,29260,2203268,0,99,7,0,0,14:33:5C:6D:AF:58,0,0,ARMED,448.0,0,0,80:02:9C:61:97:4B,1,1,418.2,80:02:9C:61:97:4A,2,0,NONE,2026-08-24T15:45:53.522990
45917,,-53,44,3637,464,65384,29260,2203401,0,99,7,0,0,14:33:5C:6D:AF:58,0,1,ARMED,448.0,0,1,80:02:9C:61:97:4B,1,20,591.3,80:02:9C:61:97:4A,2,0,NONE,2026-08-24T15:45:53.655990
45917,,-76,21,193,3653,65384,29260,2203587,0,99,7,0,0,14:33:5C:6D:AF:58,0,0,ARMED,448.0,0,0,80:02:9C:61:97:4B,1,8,595.8,80:02:9C:61:97:4A,2,0,NONE,2026-08-24T15:45:53.841990
45917,,-76,21,3776,3655,65384,29260,2203635,0,99,7,0,0,14:33:5C:6D:AF:58,0,0,ARMED,448.0,0,0,80:02:9C:61:97:4B,1,58,934.4,80:02:9C:61:97:4A,2,0,NONE,2026-08-24T15:45:53.889990
45917,,-53,44,423,3583,65384,29260,2203662,0,99,7,0,0,14:33:5C:6D:AF:58,0,0,ARMED,448.0,0,1,80:02:9C:61:97:4B,1,108,1215.2,80:02:9C:61:97:4A,2,0,NONE,2026-08-24T15:45:53.916990
45917,BEACON,-94,3,0,2830,65384,29260,2203700,0,99,7,0,0,14:33:5C:6D:AF:58,0,1,ARMED,448.0,0,1,80:02:9C:61:97:4B,1,31,1270.6,80:02:9C:61:97:4A,2,0,NONE,2026-08-24T15:45:53.954990
45917,,-53,44,378,3652,65384,29260,2203725,0,99,7,0,0,14:33:5C:6D:AF:58,0,1,ARMED,448.0,0,0,80:02:9C:61:97:4B,1,81,1641.7,80:02:9C:61:97:4A,2,0,NONE,2026-08-24T15:45:53.979990
45917,,-53,44,379,3688,65384,29260,2203758,0,99,7,0,0,14:33:5C:6D:AF:58,0,1,ARMED,448.0,0,0,80:02:9C:61:97:4B,1,131,1596.0,80:02:9C:61:97:4A,2,0,NONE,2026-08-24T15:45:54.012990
45917,,-53,44,379,3730,65384,29260,2203787,0,99,7,0,0,14:33:5C:6D:AF:58,0,1,ARMED,448.0,0,0,80:02:9C:61:97:4B,1,49,11641.7,80:02:9C:61:97:4A,2,0,NONE,2026-08-24T15:45:54.041990
45917,,-71,26,485,2641,65384,29260,2203836,0,99,7,0,0,14:33:5C:6D:AF:58,0,1,ARMED,448.0,0,1,80:02:9C:61:97:4B,1,99,1863.2,80:02:9C:61:97:4A,2,0,NONE,2026-08-24T15:45:54.090990
45917,,-74,23,5555,3669,65384,29260,2203868,0,99,7,0,0,14:33:5C:6D:AF:58,0,1,ARMED,448.0,0,0,80:02:9C:61:97:4B,1,149,1755.4,80:02:9C:61:97:4A,2,0,NONE,2026-08-24T15:45:54.122990
45917,,-53,44,378,3841,65384,29260,2203899,0,99,7,0,0,14:33:5C:6D:AF:58,0,1,ARMED,448.0,0,0,80:02:9C:61:97:4B,1,34,2118.0,80:02:9C:61:97:4A,2,0,NONE,2026-08-24T15:45:54.153990
45917,,-59,38,292,2117,65384,29260,2204047,0,99,7,0,0,14:33:5C:6D:AF:58,0,1,ARMED,448.0,0,0,80:02:9C:61:97:4B,1,34,538.5,80:02:9C:61:97:4A,2,0,NONE,2026-08-24T15:45:54.301990
45917,,-59,38,291,2136,65384,29260,2204286,0,99,7,0,0,14:33:5C:6D:AF:58,0,0,ARMED,448.0,0,0,80:02:9C:61:97:4B,1,15,155.6,80:02:9C:61:97:4A,2,0,NONE,2026-08-24T15:45:54.540990
45917,PROBE_RESP,-89,8,0,4004,65384,29260,2204519,0,99,7,0,0,14:33:5C:6D:AF:58,0,0,ARMED,448.0,0,1,80:02:9C:61:97:4B,1,3,251.0,80:02:9C:61:97:4A,2,0,NONE,2026-08-24T15:45:54.773990
45917,,-53,44,5377,496,65384,29260,2205066,0,99,7,0,0,14:33:5C:6D:AF:58,0,0,ARMED,448.0,0,1,80:02:9C:61:97:4B,1,5,115.0,80:02:9C:61:97:4A,2,0,NONE,2026-08-24T15:45:55.320990
45917,BEACON,-85,12,38113,962,65384,29260,2205771,0,99,7,0,0,14:33:5C:6D:AF:58,0,0,ARMED,448.0,0,1,80:02:9C:61:97:4B,1,2,62.4,80:02:9C:61:97:4A,2,0,NONE,2026-08-24T15:45:56.025990
45917,BEACON,-93,4,0,2277,65384,29260,2206312,0,99,7,0,0,14:33:5C:6D:AF:58,0,0,ARMED,448.0,0,1,80:02:9C:61:97:4B,1,4,66.4,80:02:9C:61:97:4A,2,0,NONE,2026-08-24T15:45:56.566990
45917,BEACON,-84,13,0,971,65384,29260,2206693,0,99,7,0,0,14:33:5C:6D:AF:58,0,0,ARMED,448.0,0,1,80:02:9C:61:97:4B,1,2,62.5,80:02:9C:61:97:4A,2,0,NONE,2026-08-24T15:45:56.947990
45917,BEACON,-94,3,0,2285,65384,29260,2207114,0,99,7,0,0,14:33:5C:6D:AF:58,0,0,ARMED,448.0,0,1,80:02:9C:61:97:4B,1,4,91.2,80:02:9C:61:97:4A,2,0,NONE,2026-08-24T15:45:57.368990
45917,,-53,44,2792,506,65384,29260,2207439,0,99,7,0,0,14:33:5C:6D:AF:58,0,0,ARMED,448.0,0,1,80:02:9C:61:97:4B,1,16,260.9,80:02:9C:61:97:4A,2,0,NONE,2026-08-24T15:45:57.693990
45917,,-53,44,1020,528,65384,29260,2207506,0,99,7,0,0,14:33:5C:6D:AF:58,0,1,ARMED,448.0,0,0,80:02:9C:61:97:4B,1,21,826.2,80:02:9C:61:97:4A,2,0,NONE,2026-08-24T15:45:57.760990
45917,PROBE_REQ,-94,3,0,3810,65384,29260,2207762,0,99,7,0,0,14:33:5C:6D:AF:58,0,0,ARMED,448.0,0,1,80:02:9C:61:97:4B,1,11,143.5,80:02:9C:61:97:4A,2,0,NONE,2026-08-24T15:45:58.016990
45917,BEACON,-85,12,82,3683,65384,29260,2207970,0,99,7,0,0,14:33:5C:6D:AF:58,0,0,ARMED,448.0,0,0,80:02:9C:61:97:4B,1,24,298.2,80:02:9C:61:97:4A,2,0,NONE,2026-08-24T15:45:58.224990
45917,,-52,45,60703,1092,65384,29260,2208278,0,99,7,0,0,14:33:5C:6D:AF:58,0,0,ARMED,448.0,0,1,80:02:9C:61:97:4B,1,6,74.2,80:02:9C:61:97:4A,2,0,NONE,2026-08-24T15:45:58.532990
45917,,-75,22,0,3730,65384,29260,2208459,0,99,7,0,0,14:33:5C:6D:AF:58,0,0,ARMED,448.0,0,1,80:02:9C:61:97:4B,1,23,415.8,80:02:9C:61:97:4A,2,0,NONE,2026-08-24T15:45:58.713990
45917,BEACON,-87,10,6818,2061,65384,29260,2208591,0,99,7,0,0,14:33:5C:6D:AF:58,0,1,ARMED,448.0,0,1,80:02:9C:61:97:4B,1,31,372.4,80:02:9C:61:97:4A,2,0,NONE,2026-08-24T15:45:58.845990
45917,BEACON,-84,13,103311,993,65384,29260,2208946,0,99,7,0,0,14:33:5C:6D:AF:58,0,0,ARMED,448.0,0,1,80:02:9C:61:97:4B,1,1,41.9,80:02:9C:61:97:4A,2,0,NONE,2026-08-24T15:45:59.200990
45917,,31,31,0,1023,65384,29260,2209368,0,99,7,0,0,14:33:5C:6D:AF:58,0,0,ARMED,448.0,0,0,80:02:9C:61:97:4B,1,4,246.3,80:02:9C:61:97:4A,2,0,NONE,2026-08-24T15:45:59.622990
45917,,-75,22,5683,3756,65384,29260,2209621,0,99,7,0,0,14:33:5C:6D:AF:58,0,0,ARMED,448.0,0,1,80:02:9C:61:97:4B,1,8,130.8,80:02:9C:61:97:4A,2,0,NONE,2026-08-24T15:45:59.875990
45917,,-53,44,689,534,65384,29260,2209762,0,99,7,0,0,14:33:5C:6D:AF:58,0,0,ARMED,448.0,0,1,80:02:9C:61:97:4B,1,40,401.6,80:02:9C:61:97:4A,2,0,NONE,2026-08-24T15:46:00.016990
45917,,-65,32,46728,1383,65384,29260,2210057,0,99,7,0,0,14:33:5C:6D:AF:58,0,0,ARMED,448.0,0,1,80:02:9C:61:97:4B,1,13,149.6,80:02:9C:61:97:4A,2,0,NONE,2026-08-24T15:46:00.311990
45917,,-75,22,41165,3768,65384,29260,2210372,0,99,7,0,0,14:33:5C:6D:AF:58,0,0,ARMED,448.0,0,1,80:02:9C:61:97:4B,1,17,179.7,80:02:9C:61:97:4A,2,0,NONE,2026-08-24T15:46:00.626990
45917,,-53,44,0,547,65384,29260,2210585,0,99,7,0,0,14:33:5C:6D:AF:58,0,1,ARMED,448.0,0,0,80:02:9C:61:97:4B,1,3,3000.0,80:02:9C:61:97:4A,2,0,NONE,2026-08-24T15:46:00.839990
45917,,-76,21,98,1244,65384,29260,2210860,0,99,7,0,0,14:33:5C:6D:AF:58,0,0,ARMED,448.0,0,0,80:02:9C:61:97:4B,1,15,210.0,80:02:9C:61:97:4A,2,0,NONE,2026-08-24T15:46:01.114990
45917,,-53,44,777,566,65384,29260,2211022,0,99,7,0,0,14:33:5C:6D:AF:58,0,0,ARMED,448.0,0,0,80:02:9C:61:97:4B,1,36,1319.7,80:02:9C:61:97:4A,2,0,NONE,2026-08-24T15:46:01.276990
45917,BEACON,-86,11,61295,3719,65384,29260,2211657,0,99,7,0,0,14:33:5C:6D:AF:58,0,0,ARMED,448.0,0,1,80:02:9C:61:97:4B,1,2,41.1,80:02:9C:61:97:4A,2,0,NONE,2026-08-24T15:46:01.911990
45917,,-53,44,1434,571,65384,29260,2212061,0,99,7,0,0,14:33:5C:6D:AF:58,0,0,ARMED,448.0,0,0,80:02:9C:61:97:4B,1,14,323.2,80:02:9C:61:97:4A,2,0,NONE,2026-08-24T15:46:02.315990
45917,BEACON,-67,30,0,2124,65384,29260,2212382,0,99,7,0,0,14:33:5C:6D:AF:58,0,0,ARMED,448.0,0,0,80:02:9C:61:97:4B,1,6,105.4,80:02:9C:61:97:4A,2,0,NONE,2026-08-24T15:46:02.636990
45917,BEACON,-90,7,0,2105,65384,29260,2212994,0,99,7,0,0,14:33:5C:6D:AF:58,0,0,ARMED,448.0,0,1,80:02:9C:61:97:4B,1,2,36.7,80:02:9C:61:97:4A,2,0,NONE,2026-08-24T15:46:03.248990
45917,,46,46,0,2132,65384,29260,2213241,0,99,7,0,0,14:33:5C:6D:AF:58,0,0,ARMED,448.0,0,0,80:02:9C:61:97:4B,1,28,288.8,80:02:9C:61:97:4A,2,0,NONE,2026-08-24T15:46:03.495990
45917,BEACON,-93,4,0,2349,65384,29260,2213437,0,99,7,0,0,14:33:5C:6D:AF:58,0,1,ARMED,448.0,0,1,80:02:9C:61:97:4B,1,12,136.8,80:02:9C:61:97:4A,2,0,NONE,2026-08-24T15:46:03.691990
45917,BEACON,-94,3,0,3600,65384,29260,2213737,0,99,7,0,0,14:33:5C:6D:AF:58,0,0,ARMED,448.0,0,1,80:02:9C:61:97:4B,1,8,98.5,80:02:9C:61:97:4A,2,0,NONE,2026-08-24T15:46:03.991990
45917,PROBE_RESP,-64,33,0,2144,65384,29260,2214147,0,99,7,0,0,14:33:5C:6D:AF:58,0,0,ARMED,448.0,0,0,80:02:9C:61:97:4B,1,12,147.6,80:02:9C:61:97:4A,2,0,NONE,2026-08-24T15:46:04.401990
45917,,-58,39,977,2279,65384,29260,2214602,0,99,7,0,0,14:33:5C:6D:AF:58,0,0,ARMED,448.0,0,1,80:02:9C:61:97:4B,1,2,82.9,80:02:9C:61:97:4A,2,0,NONE,2026-08-24T15:46:04.856990
45917,BEACON,-84,13,0,3754,65384,29260,2214934,0,99,7,0,0,14:33:5C:6D:AF:58,0,0,ARMED,448.0,0,1,80:02:9C:61:97:4B,1,4,82.2,80:02:9C:61:97:4A,2,0,NONE,2026-08-24T15:46:05.188990
45917,,-59,38,292,2300,65384,29260,2215216,0,99,7,0,0,14:33:5C:6D:AF:58,0,0,ARMED,448.0,0,0,80:02:9C:61:97:4B,1,10,420.2,80:02:9C:61:97:4A,2,0,NONE,2026-08-24T15:46:05.470990
45917,,-75,22,246,2682,65384,29260,2215489,0,99,7,0,0,14:33:5C:6D:AF:58,1,0,ARMED,448.0,0,1,80:02:9C:61:97:4B,1,8,86.7,80:02:9C:61:97:4A,2,0,NONE,2026-08-24T15:46:05.743990
45917,,-52,45,860,3887,65384,29260,2215522,0,99,7,0,0,14:33:5C:6D:AF:58,0,0,ARMED,448.0,0,0,80:02:9C:61:97:4B,1,49,6617.2,80:02:9C:61:97:4A,2,0,NONE,2026-08-24T15:46:05.776990
45917,BEACON,-89,8,0,3760,65384,29260,2215549,0,99,7,0,0,14:33:5C:6D:AF:58,0,0,ARMED,448.0,0,1,80:02:9C:61:97:4B,1,99,2936.7,80:02:9C:61:97:4A,2,0,NONE,2026-08-24T15:46:05.803990
45917,,-52,45,160,3948,65384,29260,2215574,0,99,7,0,0,14:33:5C:6D:AF:58,0,0,ARMED,448.0,0,1,80:02:9C:61:97:4B,1,149,2525.4,80:02:9C:61:97:4A,2,0,NONE,2026-08-24T15:46:05.828990
45917,,-52,45,379,3963,65384,29260,2215607,0,99,7,0,0,14:33:5C:6D:AF:58,0,0,ARMED,448.0,0,0,80:02:9C:61:97:4B,1,199,2153.6,80:02:9C:61:97:4A,2,0,NONE,2026-08-24T15:46:05.861990
45917,,-52,45,379,3999,65384,29260,2215639,0,99,7,0,0,14:33:5C:6D:AF:58,0,1,ARMED,448.0,0,0,80:02:9C:61:97:4B,1,49,3118.8,80:02:9C:61:97:4A,2,0,NONE,2026-08-24T15:46:05.893990
45917,,-52,45,379,4035,65384,29260,2215666,0,99,7,0,0,14:33:5C:6D:AF:58,0,1,ARMED,448.0,0,0,80:02:9C:61:97:4B,1,99,2322.3,80:02:9C:61:97:4A,2,0,NONE,2026-08-24T15:46:05.920990
45917,,-52,45,379,4071,65384,29260,2215696,0,99,7,0,0,14:33:5C:6D:AF:58,0,1,ARMED,448.0,0,0,80:02:9C:61:97:4B,1,149,2057.5,80:02:9C:61:97:4A,2,0,NONE,2026-08-24T15:46:05.950990
45917,,-74,23,521,2780,64740,29260,2215717,0,99,7,0,0,14:33:5C:6D:AF:58,0,1,ARMED,448.0,0,1,80:02:9C:61:97:4B,1,199,2132.2,80:02:9C:61:97:4A,2,0,NONE,2026-08-24T15:46:05.971990
45917,,-52,45,378,48,65384,29260,2215746,0,99,7,0,0,14:33:5C:6D:AF:58,0,1,ARMED,448.0,0,0,80:02:9C:61:97:4B,1,49,4082.7,80:02:9C:61:97:4A,2,0,NONE,2026-08-24T15:46:06.000990
45917,,-75,22,345,3815,65384,29260,2215770,0,99,7,0,0,14:33:5C:6D:AF:58,0,1,ARMED,448.0,0,1,80:02:9C:61:97:4B,1,99,2700.4,80:02:9C:61:97:4A,2,0,NONE,2026-08-24T15:46:06.024990
45917,,-53,44,981,105,65384,29260,2215799,0,99,7,0,0,14:33:5C:6D:AF:58,0,1,ARMED,448.0,0,0,80:02:9C:61:97:4B,1,149,2281.6,80:02:9C:61:97:4A,2,0,NONE,2026-08-24T15:46:06.053990
45917,,-52,45,379,142,65384,29260,2215818,0,99,7,0,0,14:33:5C:6D:AF:58,0,1,ARMED,448.0,0,0,80:02:9C:61:97:4B,1,199,2368.4,80:02:9C:61:97:4A,2,0,NONE,2026-08-24T15:46:06.072990
45917,,-52,45,379,175,65384,29260,2215843,0,99,7,0,0,14:33:5C:6D:AF:58,0,1,ARMED,448.0,0,0,80:02:9C:61:97:4B,1,49,5140.6,80:02:9C:61:97:4A,2,0,NONE,2026-08-24T15:46:06.097990
45917,,-52,45,213,210,65384,29260,2215868,0,99,7,0,0,14:33:5C:6D:AF:58,0,1,ARMED,448.0,0,1,80:02:9C:61:97:4B,1,99,2899.9,80:02:9C:61:97:4A,2,0,NONE,2026-08-24T15:46:06.122990
45917,,-52,45,379,241,65384,29260,2215917,0,99,7,0,0,14:33:5C:6D:AF:58,0,1,ARMED,448.0,0,0,80:02:9C:61:97:4B,1,149,1799.6,80:02:9C:61:97:4A,2,0,NONE,2026-08-24T15:46:06.171990
45917,,-54,43,215,271,64740,29260,2215945,0,99,7,0,0,14:33:5C:6D:AF:58,0,1,ARMED,448.0,0,1,80:02:9C:61:97:4B,1,28,2581.6,80:02:9C:61:97:4A,2,0,NONE,2026-08-24T15:46:06.199990
45917,,-74,23,327,2894,65384,29260,2215971,0,99,7,0,0,14:33:5C:6D:AF:58,0,1,ARMED,448.0,0,0,80:02:9C:61:97:4B,1,78,2162.5,80:02:9C:61:97:4A,2,0,NONE,2026-08-24T15:46:06.225990
45917,,-52,45,379,330,65384,29260,2215993,0,99,7,0,0,14:33:5C:6D:AF:58,0,1,ARMED,448.0,0,0,80:02:9C:61:97:4B,1,128,2194.7,80:02:9C:61:97:4A,2,0,NONE,2026-08-24T15:46:06.247990
45917,,-52,45,311,353,65384,29260,2216027,0,99,7,0,0,14:33:5C:6D:AF:58,0,1,ARMED,448.0,0,0,80:02:9C:61:97:4B,1,178,1926.5,80:02:9C:61:97:4A,2,0,NONE,2026-08-24T15:46:06.281990
45917,,-52,45,311,375,65384,29260,2216049,0,99,7,0,0,14:33:5C:6D:AF:58,0,1,ARMED,448.0,0,0,80:02:9C:61:97:4B,1,35,2614.1,80:02:9C:61:97:4A,2,0,NONE,2026-08-24T15:46:06.303990
45917,,-52,45,187,403,65384,29260,2216078,0,99,7,0,0,14:33:5C:6D:AF:58,0,1,ARMED,448.0,0,1,80:02:9C:61:97:4B,1,85,1987.8,80:02:9C:61:97:4A,2,0,NONE,2026-08-24T15:46:06.332990
45917,,-74,23,393,2945,65384,29260,2216097,0,99,7,0,0,14:33:5C:6D:AF:58,0,1,ARMED,448.0,0,1,80:02:9C:61:97:4B,1,135,2174.2,80:02:9C:61:97:4A,2,0,NONE,2026-08-24T15:46:06.351990
45917,,-55,42,843,1128,65384,29260,2216142,0,99,7,0,0,14:33:5C:6D:AF:58,0,1,ARMED,448.0,0,1,80:02:9C:61:97:4B,1,17,2655.4,80:02:9C:61:97:4A,2,0,NONE,2026-08-24T15:46:06.396990
45917,,-52,45,250,492,65384,29260,2216158,0,99,7,0,0,14:33:5C:6D:AF:58,0,1,ARMED,448.0,0,0,80:02:9C:61:97:4B,1,67,3054.2,80:02:9C:61:97:4A,2,0,NONE,2026-08-24T15:46:06.412990
45917,,-53,44,331,520,65384,29260,2216184,0,99,7,0,0,14:33:5C:6D:AF:58,0,1,ARMED,448.0,0,0,80:02:9C:61:97:4B,1,117,2398.9,80:02:9C:61:97:4A,2,0,NONE,2026-08-24T15:46:06.438990
45917,,-74,23,0,2984,62524,29260,2216206,0,99,7,0,0,14:33:5C:6D:AF:58,0,1,ARMED,448.0,0,0,80:02:9C:61:97:4B,1,167,2389.2,80:02:9C:61:97:4A,2,0,NONE,2026-08-24T15:46:06.460990
45917,,-58,39,483,2325,65384,29260,2216262,0,99,7,0,0,14:33:5C:6D:AF:58,0,1,ARMED,448.0,0,0,80:02:9C:61:97:4B,1,19,830.7,80:02:9C:61:97:4A,2,0,NONE,2026-08-24T15:46:06.516990
45917,,-74,23,0,3869,65384,29260,2216429,0,99,7,0,0,14:33:5C:6D:AF:58,0,1,ARMED,448.0,0,1,80:02:9C:61:97:4B,1,9,109.4,80:02:9C:61:97:4A,2,0,NONE,2026-08-24T15:46:06.683990
45917,BEACON,-95,2,54,2382,65384,29260,2216748,0,99,7,0,0,14:33:5C:6D:AF:58,0,0,ARMED,448.0,0,1,80:02:9C:61:97:4B,1,20,199.5,80:02:9C:61:97:4A,2,0,NONE,2026-08-24T15:46:07.002990
45917,BEACON,-88,9,33039,1746,65384,29260,2217208,0,99,7,0,0,14:33:5C:6D:AF:58,0,0,ARMED,448.0,0,1,80:02:9C:61:97:4B,1,3,136.9,80:02:9C:61:97:4A,2,0,NONE,2026-08-24T15:46:07.462990
45917,,-53,44,815,634,65384,29260,2217363,0,99,7,0,0,14:33:5C:6D:AF:58,0,0,ARMED,448.0,0,0,80:02:9C:61:97:4B,1,41,551.7,80:02:9C:61:97:4A,2,0,NONE,2026-08-24T15:46:07.617990
45917,BEACON,-65,32,0,2181,65384,29260,2217707,0,99,7,0,0,14:33:5C:6D:AF:58,0,0,ARMED,448.0,0,0,80:02:9C:61:97:4B,1,3,357.9,80:02:9C:61:97:4A,2,0,NONE,2026-08-24T15:46:07.961990
45917,,-59,38,291,2355,65384,29260,2217947,0,99,7,0,0,14:33:5C:6D:AF:58,0,0,ARMED,448.0,0,0,80:02:9C:61:97:4B,1,30,689.0,80:02:9C:61:97:4A,2,0,NONE,2026-08-24T15:46:08.201990
45917,,47,47,0,1023,65384,29260,2218266,0,99,7,0,0,14:33:5C:6D:AF:58,0,0,ARMED,448.0,0,0,80:02:9C:61:97:4B,1,18,325.7,80:02:9C:61:97:4A,2,0,NONE,2026-08-24T15:46:08.520990
45917,,47,47,0,1023,65384,29260,2218377,0,99,7,0,0,14:33:5C:6D:AF:58,0,1,ARMED,448.0,0,0,80:02:9C:61:97:4B,1,32,497.5,80:02:9C:61:97:4A,2,0,NONE,2026-08-24T15:46:08.631990
45917,,47,47,0,1939,65384,29260,2218491,0,99,7,0,0,14:33:5C:6D:AF:58,0,1,ARMED,448.0,0,0,80:02:9C:61:97:4B,1,35,454.4,80:02:9C:61:97:4A,2,0,NONE,2026-08-24T15:46:08.745990
45917,,46,46,0,1023,65384,29260,2218616,0,99,7,0,0,14:33:5C:6D:AF:58,0,1,ARMED,448.0,0,0,80:02:9C:61:97:4B,1,43,434.7,80:02:9C:61:97:4A,2,0,NONE,2026-08-24T15:46:08.870990
45917,,-73,24,89450,1255,65384,29260,2219154,0,99,7,0,0,14:33:5C:6D:AF:58,0,0,ARMED,448.0,0,1,80:02:9C:61:97:4B,1,4,179.7,80:02:9C:61:97:4A,2,0,NONE,2026-08-24T15:46:09.408990
45917,,-73,24,521,3905,65384,29260,2219348,0,99,7,0,0,14:33:5C:6D:AF:58,0,1,ARMED,448.0,0,1,80:02:9C:61:97:4B,1,11,985.3,80:02:9C:61:97:4A,2,0,NONE,2026-08-24T15:46:09.602990
45917,BEACON,-84,13,1338,3799,65384,29260,2219542,0,99,7,0,0,14:33:5C:6D:AF:58,0,0,ARMED,448.0,0,1,80:02:9C:61:97:4B,1,14,136.7,80:02:9C:61:97:4A,2,0,NONE,2026-08-24T15:46:09.796990
45917,,32,32,0,1023,65384,29260,2219790,0,99,7,0,0,14:33:5C:6D:AF:58,0,0,ARMED,448.0,0,0,80:02:9C:61:97:4B,1,14,320.1,80:02:9C:61:97:4A,2,0,NONE,2026-08-24T15:46:10.044990
45917,BEACON,-84,13,0,1102,65384,29260,2220107,0,99,7,0,0,14:33:5C:6D:AF:58,0,0,ARMED,448.0,0,1,80:02:9C:61:97:4B,1,8,148.5,80:02:9C:61:97:4A,2,0,NONE,2026-08-24T15:46:10.361990
45917,,-53,44,659,673,65384,29260,2220296,0,99,7,0,0,14:33:5C:6D:AF:58,0,0,ARMED,448.0,0,1,80:02:9C:61:97:4B,1,33,874.1,80:02:9C:61:97:4A,2,0,NONE,2026-08-24T15:46:10.550990
45917,BEACON,-85,12,50,1106,65384,29260,2220518,0,99,7,0,0,14:33:5C:6D:AF:58,0,0,ARMED,448.0,0,1,80:02:9C:61:97:4B,1,19,348.8,80:02:9C:61:97:4A,2,0,NONE,2026-08-24T15:46:10.772990
45917,BEACON,-93,4,0,2998,65384,29260,2220903,0,99,7,0,0,14:33:5C:6D:AF:58,0,0,ARMED,448.0,0,1,80:02:9C:61:97:4B,1,9,298.0,80:02:9C:61:97:4A,2,0,NONE,2026-08-24T15:46:11.157990
45917,,-59,38,0,2420,65384,29260,2221290,0,99,7,0,0,14:33:5C:6D:AF:58,0,0,ARMED,448.0,0,0,80:02:9C:61:97:4B,1,5,671.3,80:02:9C:61:97:4A,2,0,NONE,2026-08-24T15:46:11.544990
45917,BEACON,-88,9,0,1787,65384,29260,2221407,0,99,7,0,0,14:33:5C:6D:AF:58,0,1,ARMED,448.0,0,1,80:02:9C:61:97:4B,1,3,170.5,80:02:9C:61:97:4A,2,0,NONE,2026-08-24T15:46:11.661990
45917,BEACON,-86,11,52,1119,65384,29260,2221848,0,99,7,0,0,14:33:5C:6D:AF:58,0,0,ARMED,448.0,0,1,80:02:9C:61:97:4B,1,18,375.7,80:02:9C:61:97:4A,2,0,NONE,2026-08-24T15:46:12.102990
45917,BEACON,-85,12,50,1123,65384,29260,2222258,0,99,7,0,0,14:33:5C:6D:AF:58,0,0,ARMED,448.0,0,1,80:02:9C:61:97:4B,1,5,104.3,80:02:9C:61:97:4A,2,0,NONE,2026-08-24T15:46:12.512990
45917,,-68,29,0,3943,65384,29260,2222735,0,99,7,0,0,14:33:5C:6D:AF:58,0,0,ARMED,448.0,0,1,80:02:9C:61:97:4B,1,5,392.2,80:02:9C:61:97:4A,2,0,NONE,2026-08-24T15:46:12.989990
45917,BEACON,-94,3,0,3021,65384,29260,2223258,0,99,7,0,0,14:33:5C:6D:AF:58,0,0,ARMED,448.0,0,1,80:02:9C:61:97:4B,1,3,123.6,80:02:9C:61:97:4A,2,0,NONE,2026-08-24T15:46:13.512990
45917,BEACON,-84,13,27923,1136,65384,29260,2223589,0,99,7,0,0,14:33:5C:6D:AF:58,0,0,ARMED,448.0,0,1,80:02:9C:61:97:4B,1,5,109.9,80:02:9C:61:97:4A,2,0,NONE,2026-08-24T15:46:13.843990
45917,BEACON,-86,11,0,3846,65384,29260,2224047,0,99,7,0,0,14:33:5C:6D:AF:58,0,0,ARMED,448.0,0,1,80:02:9C:61:97:4B,1,7,72.6,80:02:9C:61:97:4A,2,0,NONE,2026-08-24T15:46:14.301990
45917,BEACON,-92,5,0,2460,65384,29260,2224576,0,99,7,0,0,14:33:5C:6D:AF:58,0,0,ARMED,448.0,0,1,80:02:9C:61:97:4B,1,2,184.1,80:02:9C:61:97:4A,2,0,NONE,2026-08-24T15:46:14.830990
45917,,-60,37,0,2480,65368,29260,2224897,0,99,7,0,0,14:33:5C:6D:AF:58,0,1,ARMED,448.0,0,0,80:02:9C:61:97:4B,1,7,278.3,80:02:9C:61:97:4A,2,0,NONE,2026-08-24T15:46:15.151990
45917,BEACON,-89,8,0,2227,65384,29260,2225179,0,99,7,0,0,14:33:5C:6D:AF:58,0,0,ARMED,448.0,0,1,80:02:9C:61:97:4B,1,6,58.8,80:02:9C:61:97:4A,2,0,NONE,2026-08-24T15:46:15.433990
45917,BEACON,-87,10,52,2233,65384,29260,2225794,0,99,7,0,0,14:33:5C:6D:AF:58,0,0,ARMED,448.0,0,1,80:02:9C:61:97:4B,1,9,90.0,80:02:9C:61:97:4A,2,0,NONE,2026-08-24T15:46:16.048990
45917,BEACON,-84,13,0,1164,65384,29260,2226456,0,99,7,0,0,14:33:5C:6D:AF:58,0,0,ARMED,448.0,0,1,80:02:9C:61:97:4B,1,3,66.0,80:02:9C:61:97:4A,2,0,NONE,2026-08-24T15:46:16.710990
45917,,-53,44,286,580,65384,29260,2226755,0,99,7,0,0,14:33:5C:6D:AF:58,0,0,ARMED,448.0,0,0,80:02:9C:61:97:4B,1,21,563.6,80:02:9C:61:97:4A,2,0,NONE,2026-08-24T15:46:17.009990
45917,,-53,44,698,608,65384,29260,2226777,0,99,7,0,0,14:33:5C:6D:AF:58,0,0,ARMED,448.0,0,0,80:02:9C:61:97:4B,1,71,1198.1,80:02:9C:61:97:4A,2,0,NONE,2026-08-24T15:46:17.031990
45917,,-72,25,280,3017,65384,29260,2226806,0,99,7,0,0,14:33:5C:6D:AF:58,0,0,ARMED,448.0,0,0,80:02:9C:61:97:4B,1,121,1376.5,80:02:9C:61:97:4A,2,0,NONE,2026-08-24T15:46:17.060990
45917,,-53,44,287,660,65384,29260,2226827,0,99,7,0,0,14:33:5C:6D:AF:58,0,1,ARMED,448.0,0,0,80:02:9C:61:97:4B,1,8,853.8,80:02:9C:61:97:4A,2,0,NONE,2026-08-24T15:46:17.081990
45917,,-53,44,286,688,65384,29260,2226849,0,99,7,0,0,14:33:5C:6D:AF:58,0,1,ARMED,448.0,0,0,80:02:9C:61:97:4B,1,58,1883.1,80:02:9C:61:97:4A,2,0,NONE,2026-08-24T15:46:17.103990
45917,,-53,44,529,719,65384,29260,2226872,0,99,7,0,0,14:33:5C:6D:AF:58,0,1,ARMED,448.0,0,0,80:02:9C:61:97:4B,1,108,1983.9,80:02:9C:61:97:4A,2,0,NONE,2026-08-24T15:46:17.126990
45917,,-53,44,0,730,65384,29260,2226895,0,99,7,0,0,14:33:5C:6D:AF:58,0,1,ARMED,448.0,0,1,80:02:9C:61:97:4B,1,158,2052.5,80:02:9C:61:97:4A,2,0,NONE,2026-08-24T15:46:17.149990
45917,,-72,25,131,3060,65368,29260,2226918,0,99,7,0,0,14:33:5C:6D:AF:58,0,1,ARMED,448.0,0,0,80:02:9C:61:97:4B,1,208,2080.2,80:02:9C:61:97:4A,2,0,NONE,2026-08-24T15:46:17.172990
45917,,-54,43,978,782,65384,29260,2226945,0,99,7,0,0,14:33:5C:6D:AF:58,0,1,ARMED,448.0,0,0,80:02:9C:61:97:4B,1,49,4375.8,80:02:9C:61:97:4A,2,0,NONE,2026-08-24T15:46:17.199990
45917,,-54,43,852,812,65384,29260,2226969,0,99,7,0,0,14:33:5C:6D:AF:58,0,1,ARMED,448.0,0,0,80:02:9C:61:97:4B,1,99,2871.3,80:02:9C:61:97:4A,2,0,NONE,2026-08-24T15:46:17.223990
45917,,-53,44,287,843,65384,29260,2226991,0,99,7,0,0,14:33:5C:6D:AF:58,0,1,ARMED,448.0,0,0,80:02:9C:61:97:4B,1,149,2639.2,80:02:9C:61:97:4A,2,0,NONE,2026-08-24T15:46:17.245990
45917,,-53,44,286,873,65384,29260,2227010,0,99,7,0,0,14:33:5C:6D:AF:58,0,1,ARMED,448.0,0,0,80:02:9C:61:97:4B,1,199,2615.4,80:02:9C:61:97:4A,2,0,NONE,2026-08-24T15:46:17.264990
45917,,-73,24,235,3112,65196,29260,2227039,0,99,7,0,0,14:33:5C:6D:AF:58,0,1,ARMED,448.0,0,0,80:02:9C:61:97:4B,1,49,13592.2,80:02:9C:61:97:4A,2,0,NONE,2026-08-24T15:46:17.293990
45917,,-72,25,418,3119,65384,29260,2227057,0,99,7,0,0,14:33:5C:6D:AF:58,0,1,ARMED,448.0,0,1,80:02:9C:61:97:4B,1,99,4493.7,80:02:9C:61:97:4A,2,0,NONE,2026-08-24T15:46:17.311990
45917,,-73,24,518,3129,65384,29260,2227080,0,99,7,0,0,14:33:5C:6D:AF:58,0,1,ARMED,448.0,0,1,80:02:9C:61:97:4B,1,149,3357.8,80:02:9C:61:97:4A,2,0,NONE,2026-08-24T15:46:17.334990
45917,,-53,44,454,968,65384,29260,2227098,0,99,7,0,0,14:33:5C:6D:AF:58,0,1,ARMED,448.0,0,0,80:02:9C:61:97:4B,1,199,3163.1,80:02:9C:61:97:4A,2,0,NONE,2026-08-24T15:46:17.352990
45917,,-53,44,311,998,65384,29260,2227144,0,99,7,0,0,14:33:5C:6D:AF:58,0,1,ARMED,448.0,0,0,80:02:9C:61:97:4B,1,20,2308.4,80:02:9C:61:97:4A,2,0,NONE,2026-08-24T15:46:17.398990
45917,,-73,24,512,3156,65384,29260,2227163,0,99,7,0,0,14:33:5C:6D:AF:58,0,1,ARMED,448.0,0,1,80:02:9C:61:97:4B,1,70,2485.9,80:02:9C:61:97:4A,2,0,NONE,2026-08-24T15:46:17.417990
45917,,-53,44,311,1045,65384,29260,2227183,0,99,7,0,0,14:33:5C:6D:AF:58,0,1,ARMED,448.0,0,0,80:02:9C:61:97:4B,1,120,2514.2,80:02:9C:61:97:4A,2,0,NONE,2026-08-24T15:46:17.437990
45917,,-53,44,0,761,65384,29260,2227201,0,99,7,0,0,14:33:5C:6D:AF:58,0,1,ARMED,448.0,0,0,80:02:9C:61:97:4B,1,170,2574.4,80:02:9C:61:97:4A,2,0,NONE,2026-08-24T15:46:17.455990
45917,,-53,44,378,1083,65384,29260,2227222,0,99,7,0,0,14:33:5C:6D:AF:58,0,1,ARMED,448.0,0,0,80:02:9C:61:97:4B,1,220,2532.2,80:02:9C:61:97:4A,2,0,NONE,2026-08-24T15:46:17.476990
45917,,-53,44,379,1110,65384,29260,2227241,0,99,7,0,0,14:33:5C:6D:AF:58,0,1,ARMED,448.0,0,0,80:02:9C:61:97:4B,1,15,2790.7,80:02:9C:61:97:4A,2,0,NONE,2026-08-24T15:46:17.495990
45917,,-53,44,311,1130,65384,29260,2227270,0,99,7,0,0,14:33:5C:6D:AF:58,0,1,ARMED,448.0,0,0,80:02:9C:61:97:4B,1,65,1890.0,80:02:9C:61:97:4A,2,0,NONE,2026-08-24T15:46:17.524990
45917,,-72,25,0,3209,62924,29260,2227285,0,99,7,0,0,14:33:5C:6D:AF:58,0,1,ARMED,448.0,0,0,80:02:9C:61:97:4B,1,115,2303.8,80:02:9C:61:97:4A,2,0,NONE,2026-08-24T15:46:17.539990
45917,,-53,44,430,1189,65384,29260,2227306,0,99,7,0,0,14:33:5C:6D:AF:58,0,1,ARMED,448.0,0,0,80:02:9C:61:97:4B,1,165,2324.9,80:02:9C:61:97:4A,2,0,NONE,2026-08-24T15:46:17.560990
45917,,-74,23,237,3972,65384,29260,2227322,0,99,7,0,0,14:33:5C:6D:AF:58,0,1,ARMED,448.0,0,1,80:02:9C:61:97:4B,1,215,2489.0,80:02:9C:61:97:4A,2,0,NONE,2026-08-24T15:46:17.576990
45917,,-53,44,287,1243,65384,29260,2227342,0,99,7,0,0,14:33:5C:6D:AF:58,0,1,ARMED,448.0,0,0,80:02:9C:61:97:4B,1,49,13264.8,80:02:9C:61:97:4A,2,0,NONE,2026-08-24T15:46:17.596990
45917,,-73,24,0,3240,64360,29260,2227367,0,99,7,0,0,14:33:5C:6D:AF:58,0,1,ARMED,448.0,0,0,80:02:9C:61:97:4B,1,99,3385.4,80:02:9C:61:97:4A,2,0,NONE,2026-08-24T15:46:17.621990
45917,,-53,44,416,1287,65384,29260,2227387,0,99,7,0,0,14:33:5C:6D:AF:58,0,1,ARMED,448.0,0,1,80:02:9C:61:97:4B,1,149,3044.2,80:02:9C:61:97:4A,2,0,NONE,2026-08-24T15:46:17.641990
45917,,-53,44,267,1314,65312,29260,2227397,0,99,7,0,0,14:33:5C:6D:AF:58,0,1,ARMED,448.0,0,0,80:02:9C:61:97:4B,1,199,3364.0,80:02:9C:61:97:4A,2,0,NONE,2026-08-24T15:46:17.651990
45917,,-73,24,0,3262,65008,29260,2227428,0,99,7,0,0,14:33:5C:6D:AF:58,0,1,ARMED,448.0,0,0,80:02:9C:61:97:4B,1,249,2748.8,80:02:9C:61:97:4A,2,0,NONE,2026-08-24T15:46:17.682990
45917,,-73,24,467,989,65384,29260,2227547,0,99,7,0,0,14:33:5C:6D:AF:58,0,0,ARMED,448.0,0,1,80:02:9C:61:97:4B,1,5,1022.9,80:02:9C:61:97:4A,2,0,NONE,2026-08-24T15:46:17.801990
45917,,-73,24,143,4003,65384,29260,2227733,0,99,7,0,0,14:33:5C:6D:AF:58,0,1,ARMED,448.0,0,0,80:02:9C:61:97:4B,1,19,237.1,80:02:9C:61:97:4A,2,0,NONE,2026-08-24T15:46:17.987990
45917,BEACON,-89,8,0,2254,65384,29260,2227944,0,99,7,0,0,14:33:5C:6D:AF:58,0,0,ARMED,448.0,0,1,80:02:9C:61:97:4B,1,27,312.0,80:02:9C:61:97:4A,2,0,NONE,2026-08-24T15:46:18.198990
45917,,-59,38,0,2552,65384,29260,2228301,0,99,7,0,0,14:33:5C:6D:AF:58,0,0,ARMED,448.0,0,0,80:02:9C:61:97:4B,1,24,720.5,80:02:9C:61:97:4A,2,0,NONE,2026-08-24T15:46:18.555990
45917,,48,48,0,2318,65384,29260,2228395,0,99,7,0,0,14:33:5C:6D:AF:58,0,1,ARMED,448.0,0,0,80:02:9C:61:97:4B,1,13,483.5,80:02:9C:61:97:4A,2,0,NONE,2026-08-24T15:46:18.649990
45917,BEACON,-85,12,0,1185,65384,29260,2228606,0,99,7,0,0,14:33:5C:6D:AF:58,0,0,ARMED,448.0,0,1,80:02:9C:61:97:4B,1,4,125.1,80:02:9C:61:97:4A,2,0,NONE,2026-08-24T15:46:18.860990
45917,,-50,47,48134,1179,65384,29260,2229188,0,99,7,0,0,14:33:5C:6D:AF:58,0,0,ARMED,448.0,0,1,80:02:9C:61:97:4B,1,7,74.9,80:02:9C:61:97:4A,2,0,NONE,2026-08-24T15:46:19.442990
45917,,-53,44,0,796,65132,29260,2229373,0,99,7,0,0,14:33:5C:6D:AF:58,0,0,ARMED,448.0,0,0,80:02:9C:61:97:4B,1,37,741.1,80:02:9C:61:97:4A,2,0,NONE,2026-08-24T15:46:19.627990
45917,BEACON,-88,9,0,2274,65384,29260,2229787,0,99,7,0,0,14:33:5C:6D:AF:58,0,0,ARMED,448.0,0,1,80:02:9C:61:97:4B,1,2,36.6,80:02:9C:61:97:4A,2,0,NONE,2026-08-24T15:46:20.041990
45917,BEACON,-86,11,82,3916,65384,29260,2230294,0,99,7,0,0,14:33:5C:6D:AF:58,0,0,ARMED,448.0,0,1,80:02:9C:61:97:4B,1,8,78.0,80:02:9C:61:97:4A,2,0,NONE,2026-08-24T15:46:20.548990
45917,,-53,44,0,805,65384,29260,2230768,0,99,7,0,0,14:33:5C:6D:AF:58,0,0,ARMED,448.0,0,0,80:02:9C:61:97:4B,1,24,338.0,80:02:9C:61:97:4A,2,0,NONE,2026-08-24T15:46:21.022990
45917,BEACON,-93,4,0,2530,65384,29260,2231400,0,99,7,0,0,14:33:5C:6D:AF:58,0,0,ARMED,448.0,0,1,80:02:9C:61:97:4B,1,6,73.0,80:02:9C:61:97:4A,2,0,NONE,2026-08-24T15:46:21.654990
45917,,-71,26,805,2259,65384,29260,2231736,0,99,7,0,0,14:33:5C:6D:AF:58,0,0,ARMED,448.0,0,1,80:02:9C:61:97:4B,1,7,746.1,80:02:9C:61:97:4A,2,0,NONE,2026-08-24T15:46:21.990990
45917,,-66,31,82,1945,65384,29260,2231869,0,99,7,0,0,14:33:5C:6D:AF:58,0,0,ARMED,448.0,0,1,80:02:9C:61:97:4B,1,30,772.8,80:02:9C:61:97:4A,2,0,NONE,2026-08-24T15:46:22.123990
45917,,-73,24,6412,4039,65384,29260,2231975,0,99,7,0,0,14:33:5C:6D:AF:58,0,1,ARMED,448.0,0,0,80:02:9C:61:97:4B,1,31,724.7,80:02:9C:61:97:4A,2,0,NONE,2026-08-24T15:46:22.229990
45917,BEACON,-66,31,82,2359,65384,29260,2232145,0,99,7,0,0,14:33:5C:6D:AF:58,0,1,ARMED,448.0,0,1,80:02:9C:61:97:4B,1,3,357.0,80:02:9C:61:97:4A,2,0,NONE,2026-08-24T15:46:22.399990
45917,,43,43,0,1023,65384,29260,2232380,0,99,7,0,0,14:33:5C:6D:AF:58,0,0,ARMED,448.0,0,0,80:02:9C:61:97:4B,1,30,773.2,80:02:9C:61:97:4A,2,0,NONE,2026-08-24T15:46:22.634990
45917,,43,43,0,2364,65384,29260,2232591,0,99,7,0,0,14:33:5C:6D:AF:58,0,1,ARMED,448.0,0,0,80:02:9C:61:97:4B,1,9,200.1,80:02:9C:61:97:4A,2,0,NONE,2026-08-24T15:46:22.845990
45917,,-53,44,5471,1351,65368,29260,2232924,0,99,7,0,0,14:33:5C:6D:AF:58,0,0,ARMED,448.0,0,1,80:02:9C:61:97:4B,1,12,191.8,80:02:9C:61:97:4A,2,0,NONE,2026-08-24T15:46:23.178990
45917,BEACON,-93,4,0,2548,65384,29260,2233206,0,99,7,0,0,14:33:5C:6D:AF:58,0,0,ARMED,448.0,0,1,80:02:9C:61:97:4B,1,5,127.4,80:02:9C:61:97:4A,2,0,NONE,2026-08-24T15:46:23.460990
45917,,43,43,0,1023,65384,29260,2233432,0,99,7,0,0,14:33:5C:6D:AF:58,0,0,ARMED,448.0,0,0,80:02:9C:61:97:4B,1,27,445.0,80:02:9C:61:97:4A,2,0,NONE,2026-08-24T15:46:23.686990
45917,,47,47,0,1023,65384,29260,2233502,0,99,7,0,0,14:33:5C:6D:AF:58,0,1,ARMED,448.0,0,0,80:02:9C:61:97:4B,1,21,744.2,80:02:9C:61:97:4A,2,0,NONE,2026-08-24T15:46:23.756990
45917,,-50,47,9846,1222,65384,29260,2233899,0,99,7,0,0,14:33:5C:6D:AF:58,0,0,ARMED,448.0,0,1,80:02:9C:61:97:4B,1,4,248.1,80:02:9C:61:97:4A,2,0,NONE,2026-08-24T15:46:24.153990
45917,BEACON,-92,5,0,2558,65384,29260,2234209,0,99,7,0,0,14:33:5C:6D:AF:58,0,1,ARMED,448.0,0,1,80:02:9C:61:97:4B,1,3,157.7,80:02:9C:61:97:4A,2,0,NONE,2026-08-24T15:46:24.463990
45917,BEACON,-93,4,0,2564,65384,29260,2234813,0,99,7,0,0,14:33:5C:6D:AF:58,0,0,ARMED,448.0,0,1,80:02:9C:61:97:4B,1,2,276.7,80:02:9C:61:97:4A,2,0,NONE,2026-08-24T15:46:25.067990
45917,BEACON,-89,8,54,1921,65384,29260,2235128,0,99,7,0,0,14:33:5C:6D:AF:58,0,0,ARMED,448.0,0,1,80:02:9C:61:97:4B,1,4,250.8,80:02:9C:61:97:4A,2,0,NONE,2026-08-24T15:46:25.382990
45917,,-53,44,0,857,65384,29260,2235305,0,99,7,0,0,14:33:5C:6D:AF:58,0,0,ARMED,448.0,0,0,80:02:9C:61:97:4B,1,45,498.3,80:02:9C:61:97:4A,2,0,NONE,2026-08-24T15:46:25.559990
45917,BEACON,-93,4,136891,2574,65384,29260,2235514,0,99,7,0,0,14:33:5C:6D:AF:58,0,1,ARMED,448.0,0,1,80:02:9C:61:97:4B,1,11,119.1,80:02:9C:61:97:4A,2,0,NONE,2026-08-24T15:46:25.768990
45917,PROBE_RESP,-67,30,0,2411,65384,29260,2236026,0,99,7,0,0,14:33:5C:6D:AF:58,0,0,ARMED,448.0,0,0,80:02:9C:61:97:4B,1,21,228.7,80:02:9C:61:97:4A,2,0,NONE,2026-08-24T15:46:26.280990
45917,PROBE_RESP,-85,12,0,4012,65384,29260,2236538,0,99,7,0,0,14:33:5C:6D:AF:58,0,0,ARMED,448.0,0,1,80:02:9C:61:97:4B,1,11,139.7,80:02:9C:61:97:4A,2,0,NONE,2026-08-24T15:46:26.792990
45917,,-49,48,11054,1246,65384,29260,2236880,0,99,7,0,0,14:33:5C:6D:AF:58,0,0,ARMED,448.0,0,1,80:02:9C:61:97:4B,1,4,348.2,80:02:9C:61:97:4A,2,0,NONE,2026-08-24T15:46:27.134990
45917,,-59,38,127428,2672,65384,29260,2237225,0,99,7,0,0,14:33:5C:6D:AF:58,0,0,ARMED,448.0,0,1,80:02:9C:61:97:4B,1,4,82.1,80:02:9C:61:97:4A,2,0,NONE,2026-08-24T15:46:27.479990
45917,,61,61,0,1711,65384,29260,2237398,0,99,7,0,0,14:33:5C:6D:AF:58,0,0,ARMED,448.0,0,0,80:02:9C:61:97:4B,1,7,399.4,80:02:9C:61:97:4A,2,0,NONE,2026-08-24T15:46:27.652990
45917,PROBE_REQ,-82,15,0,2348,65384,29260,2237653,0,99,7,0,0,14:33:5C:6D:AF:58,0,0,ARMED,448.0,0,1,80:02:9C:61:97:4B,1,9,134.1,80:02:9C:61:97:4A,2,0,NONE,2026-08-24T15:46:27.907990
45917,BEACON,-94,3,217693,2599,65384,29260,2238023,0,99,7,0,0,14:33:5C:6D:AF:58,0,0,ARMED,448.0,0,1,80:02:9C:61:97:4B,1,2,72.3,80:02:9C:61:97:4A,2,0,NONE,2026-08-24T15:46:28.277990
45917,,47,47,0,1023,65384,29260,2238267,0,99,7,0,0,14:33:5C:6D:AF:58,0,0,ARMED,448.0,0,1,80:02:9C:61:97:4B,1,33,477.1,80:02:9C:61:97:4A,2,0,NONE,2026-08-24T15:46:28.521990
45917,,-73,24,523,3283,65384,29260,2238482,0,99,7,0,0,14:33:5C:6D:AF:58,0,0,ARMED,448.0,0,0,80:02:9C:61:97:4B,1,11,142.6,80:02:9C:61:97:4A,2,0,NONE,2026-08-24T15:46:28.736990
45917,,-73,24,561,19,65384,29260,2238514,0,99,7,0,0,14:33:5C:6D:AF:58,0,1,ARMED,448.0,0,1,80:02:9C:61:97:4B,1,17,1850.6,80:02:9C:61:97:4A,2,0,NONE,2026-08-24T15:46:28.768990
45917,,-73,24,283,3303,65384,29260,2238536,0,99,7,0,0,14:33:5C:6D:AF:58,0,1,ARMED,448.0,0,0,80:02:9C:61:97:4B,1,67,2161.3,80:02:9C:61:97:4A,2,0,NONE,2026-08-24T15:46:28.790990
45917,,-53,44,311,1453,65384,29260,2238555,0,99,7,0,0,14:33:5C:6D:AF:58,0,1,ARMED,448.0,0,0,80:02:9C:61:97:4B,1,117,2312.6,80:02:9C:61:97:4A,2,0,NONE,2026-08-24T15:46:28.809990
45917,,-53,44,311,1485,65384,29260,2238578,0,99,7,0,0,14:33:5C:6D:AF:58,0,1,ARMED,448.0,0,0,80:02:9C:61:97:4B,1,167,2272.2,80:02:9C:61:97:4A,2,0,NONE,2026-08-24T15:46:28.832990
45917,,-72,25,0,3334,65384,29260,2238618,0,99,7,0,0,14:33:5C:6D:AF:58,1,1,ARMED,448.0,0,0,80:02:9C:61:97:4B,1,28,2122.3,80:02:9C:61:97:4A,2,0,NONE,2026-08-24T15:46:28.872990
45917,,-53,44,311,1543,64740,29260,2238624,0,99,7,0,0,14:33:5C:6D:AF:58,1,1,ARMED,448.0,0,0,80:02:9C:61:97:4B,1,78,3979.6,80:02:9C:61:97:4A,2,0,NONE,2026-08-24T15:46:28.878990
45917,,-72,25,444,3356,63800,29260,2238646,0,99,7,0,0,14:33:5C:6D:AF:58,1,1,ARMED,448.0,0,1,80:02:9C:61:97:4B,1,128,3094.0,80:02:9C:61:97:4A,2,0,NONE,2026-08-24T15:46:28.900990
45917,,-59,38,0,2704,64740,29260,2238653,0,99,7,0,0,14:33:5C:6D:AF:58,1,1,ARMED,448.0,0,0,80:02:9C:61:97:4B,1,178,3729.9,80:02:9C:61:97:4A,2,0,NONE,2026-08-24T15:46:28.907990
45917,,-53,44,310,898,65384,29260,2238673,0,99,7,0,0,14:33:5C:6D:AF:58,1,1,ARMED,448.0,0,1,80:02:9C:61:97:4B,1,228,3343.5,80:02:9C:61:97:4A,2,0,NONE,2026-08-24T15:46:28.927990
45917,,-53,44,310,1657,65384,29260,2238693,0,99,7,0,0,14:33:5C:6D:AF:58,1,1,ARMED,448.0,0,0,80:02:9C:61:97:4B,1,278,3158.1,80:02:9C:61:97:4A,2,0,NONE,2026-08-24T15:46:28.947990
45917,,-73,24,0,3380,64024,29260,2238727,0,99,7,0,0,14:33:5C:6D:AF:58,1,1,ARMED,448.0,0,0,80:02:9C:61:97:4B,1,49,2810.0,80:02:9C:61:97:4A,2,0,NONE,2026-08-24T15:46:28.981990
45917,,-72,25,162,3399,65384,29260,2238745,0,99,7,0,0,14:33:5C:6D:AF:58,1,1,ARMED,448.0,0,1,80:02:9C:61:97:4B,1,99,2733.7,80:02:9C:61:97:4A,2,0,NONE,2026-08-24T15:46:28.999990
45917,,-53,44,565,1751,65384,29260,2238765,0,99,7,0,0,14:33:5C:6D:AF:58,1,1,ARMED,448.0,0,0,80:02:9C:61:97:4B,1,149,2678.8,80:02:9C:61:97:4A,2,0,NONE,2026-08-24T15:46:29.019990
45917,,-54,43,208,1768,65384,29260,2238812,0,99,7,0,0,14:33:5C:6D:AF:58,0,1,ARMED,448.0,0,0,80:02:9C:61:97:4B,1,2,2000.0,80:02:9C:61:97:4A,2,0,NONE,2026-08-24T15:46:29.066990
45917,,-53,44,0,911,65384,29260,2238928,0,99,7,0,0,14:33:5C:6D:AF:58,0,1,ARMED,448.0,0,0,80:02:9C:61:97:4B,1,17,1467.5,80:02:9C:61:97:4A,2,0,NONE,2026-08-24T15:46:29.182990
45917,,-73,24,470,57,65384,29260,2239068,0,99,7,0,0,14:33:5C:6D:AF:58,0,1,ARMED,448.0,0,0,80:02:9C:61:97:4B,1,16,324.5,80:02:9C:61:97:4A,2,0,NONE,2026-08-24T15:46:29.322990
45917,BEACON,-87,10,0,2370,65384,29260,2239208,0,99,7,0,0,14:33:5C:6D:AF:58,0,1,ARMED,448.0,0,1,80:02:9C:61:97:4B,1,30,356.8,80:02:9C:61:97:4A,2,0,NONE,2026-08-24T15:46:29.462990
45917,,-53,44,311,1793,65384,29260,2239296,0,99,7,0,0,14:33:5C:6D:AF:58,0,1,ARMED,448.0,0,0,80:02:9C:61:97:4B,1,41,570.0,80:02:9C:61:97:4A,2,0,NONE,2026-08-24T15:46:29.550990
45917,,-53,44,187,1816,65384,29260,2239321,0,99,7,0,0,14:33:5C:6D:AF:58,0,1,ARMED,448.0,0,1,80:02:9C:61:97:4B,1,91,941.2,80:02:9C:61:97:4A,2,0,NONE,2026-08-24T15:46:29.575990
45917,,-73,24,0,3463,65384,29260,2239342,0,99,7,0,0,14:33:5C:6D:AF:58,0,1,ARMED,448.0,0,0,80:02:9C:61:97:4B,1,42,2338.3,80:02:9C:61:97:4A,2,0,NONE,2026-08-24T15:46:29.596990
45917,,-54,43,1193,1869,65384,29260,2239362,0,99,7,0,0,14:33:5C:6D:AF:58,0,1,ARMED,448.0,0,0,80:02:9C:61:97:4B,1,92,2458.5,80:02:9C:61:97:4A,2,0,NONE,2026-08-24T15:46:29.616990
45917,,-72,25,162,3476,65384,29260,2239377,0,99,7,0,0,14:33:5C:6D:AF:58,0,1,ARMED,448.0,0,0,80:02:9C:61:97:4B,1,142,2707.2,80:02:9C:61:97:4A,2,0,NONE,2026-08-24T15:46:29.631990
45917,,-73,24,393,3485,65384,29260,2239396,0,99,7,0,0,14:33:5C:6D:AF:58,0,1,ARMED,448.0,0,0,80:02:9C:61:97:4B,1,192,2665.0,80:02:9C:61:97:4A,2,0,NONE,2026-08-24T15:46:29.650990
45917,,-51,46,411,1261,65384,29260,2239430,0,99,7,0,0,14:33:5C:6D:AF:58,0,1,ARMED,448.0,0,1,80:02:9C:61:97:4B,1,9,1653.8,80:02:9C:61:97:4A,2,0,NONE,2026-08-24T15:46:29.684990
45917,,-53,44,670,1965,63956,29260,2239459,0,99,7,0,0,14:33:5C:6D:AF:58,0,1,ARMED,448.0,0,0,80:02:9C:61:97:4B,1,59,1715.8,80:02:9C:61:97:4A,2,0,NONE,2026-08-24T15:46:29.713990
45917,,-53,44,670,1965,63956,29260,2239459,0,99,7,0,0,14:33:5C:6D:AF:58,0,1,ARMED,448.0,0,0,80:02:9C:61:97:4B,1,59,1715.8,80:02:9C:61:97:4A,2,0,NONE,2026-08-24T15:46:29.713990
45917,,-53,44,311,1988,65384,29260,2239480,0,99,7,0,0,14:33:5C:6D:AF:58,0,1,ARMED,448.0,0,0,80:02:9C:61:97:4B,1,109,1946.8,80:02:9C:61:97:4A,2,0,NONE,2026-08-24T15:46:29.734990
45917,,-53,44,310,2016,65384,29260,2239501,0,99,7,0,0,14:33:5C:6D:AF:58,0,1,ARMED,448.0,0,0,80:02:9C:61:97:4B,1,159,2065.5,80:02:9C:61:97:4A,2,0,NONE,2026-08-24T15:46:29.755990
45917,,-53,44,311,2042,65384,29260,2239518,0,99,7,0,0,14:33:5C:6D:AF:58,0,1,ARMED,448.0,0,0,80:02:9C:61:97:4B,1,209,2229.2,80:02:9C:61:97:4A,2,0,NONE,2026-08-24T15:46:29.772990
45917,,-53,44,311,2074,65384,29260,2239545,0,99,7,0,0,14:33:5C:6D:AF:58,0,1,ARMED,448.0,0,0,80:02:9C:61:97:4B,1,49,4849.1,80:02:9C:61:97:4A,2,0,NONE,2026-08-24T15:46:29.799990
45917,,-73,24,404,3551,64920,29260,2239565,0,99,7,0,0,14:33:5C:6D:AF:58,0,1,ARMED,448.0,0,1,80:02:9C:61:97:4B,1,99,3206.7,80:02:9C:61:97:4A,2,0,NONE,2026-08-24T15:46:29.819990
45917,,-72,25,260,109,65384,29260,2239663,0,99,7,0,0,14:33:5C:6D:AF:58,0,1,ARMED,448.0,0,0,80:02:9C:61:97:4B,1,8,382.1,80:02:9C:61:97:4A,2,0,NONE,2026-08-24T15:46:29.917990
45917,BEACON,-93,4,0,2618,65384,29260,2239932,0,99,7,0,0,14:33:5C:6D:AF:58,0,0,ARMED,448.0,0,1,80:02:9C:61:97:4B,1,10,118.8,80:02:9C:61:97:4A,2,0,NONE,2026-08-24T15:46:30.186990
45917,,61,61,0,2470,65384,29260,2240418,0,99,7,0,0,14:33:5C:6D:AF:58,0,0,ARMED,448.0,0,1,80:02:9C:61:97:4B,1,2,33.5,80:02:9C:61:97:4A,2,0,NONE,2026-08-24T15:46:30.672990
45917,,-54,43,186,2,65240,29260,2240743,0,99,7,0,0,14:33:5C:6D:AF:58,0,0,ARMED,448.0,0,0,80:02:9C:61:97:4B,1,10,129.8,80:02:9C:61:97:4A,2,0,NONE,2026-08-24T15:46:30.997990
45917,,-73,24,6105,138,65384,29260,2241008,0,99,7,0,0,14:33:5C:6D:AF:58,0,0,ARMED,448.0,0,0,80:02:9C:61:97:4B,1,5,142.0,80:02:9C:61:97:4A,2,0,NONE,2026-08-24T15:46:31.262990
45917,BEACON,-85,12,0,1308,65384,29260,2241202,0,99,7,0,0,14:33:5C:6D:AF:58,0,1,ARMED,448.0,0,0,80:02:9C:61:97:4B,1,36,346.1,80:02:9C:61:97:4A,2,0,NONE,2026-08-24T15:46:31.456990
45917,,43,43,0,0,65384,29260,2241673,0,99,7,0,0,14:33:5C:6D:AF:58,0,0,ARMED,448.0,0,1,80:02:9C:61:97:4B,1,7,508.8,80:02:9C:61:97:4A,2,0,NONE,2026-08-24T15:46:31.927990
45917,BEACON,-87,10,0,2399,65384,29260,2242178,0,99,7,0,0,14:33:5C:6D:AF:58,0,0,ARMED,448.0,0,1,80:02:9C:61:97:4B,1,1,167.9,80:02:9C:61:97:4A,2,0,NONE,2026-08-24T15:46:32.432990
45917,,-53,44,0,946,65384,29260,2242275,0,99,7,0,0,14:33:5C:6D:AF:58,0,1,ARMED,448.0,0,0,80:02:9C:61:97:4B,1,3,1044.6,80:02:9C:61:97:4A,2,0,NONE,2026-08-24T15:46:32.529990
45917,BEACON,-87,10,0,1995,65384,29260,2242706,0,99,7,0,0,14:33:5C:6D:AF:58,0,0,ARMED,448.0,0,1,80:02:9C:61:97:4B,1,3,137.1,80:02:9C:61:97:4A,2,0,NONE,2026-08-24T15:46:32.960990
45917,BEACON,-64,33,0,2499,65384,29260,2243204,0,99,7,0,0,14:33:5C:6D:AF:58,0,0,ARMED,448.0,0,1,80:02:9C:61:97:4B,1,2,237.5,80:02:9C:61:97:4A,2,0,NONE,2026-08-24T15:46:33.458990
45917,,47,47,0,2139,65384,29260,2243378,0,99,7,0,0,14:33:5C:6D:AF:58,0,0,ARMED,448.0,0,0,80:02:9C:61:97:4B,1,29,364.3,80:02:9C:61:97:4A,2,0,NONE,2026-08-24T15:46:33.632990
45917,BEACON,-88,9,0,2005,65384,29260,2243730,0,99,7,0,0,14:33:5C:6D:AF:58,0,0,ARMED,448.0,0,1,80:02:9C:61:97:4B,1,3,137.0,80:02:9C:61:97:4A,2,0,NONE,2026-08-24T15:46:33.984990
45917,BEACON,-92,5,0,2660,65384,29260,2244150,0,99,7,0,0,14:33:5C:6D:AF:58,0,0,ARMED,448.0,0,1,80:02:9C:61:97:4B,1,5,154.0,80:02:9C:61:97:4A,2,0,NONE,2026-08-24T15:46:34.404990
45917,,-59,38,0,2795,65384,29260,2244477,0,99,7,0,0,14:33:5C:6D:AF:58,0,0,ARMED,448.0,0,0,80:02:9C:61:97:4B,1,25,476.9,80:02:9C:61:97:4A,2,0,NONE,2026-08-24T15:46:34.731990
45917,BEACON,-95,2,50,3232,65384,29260,2244864,0,99,7,0,0,14:33:5C:6D:AF:58,0,0,ARMED,448.0,0,1,80:02:9C:61:97:4B,1,8,263.6,80:02:9C:61:97:4A,2,0,NONE,2026-08-24T15:46:35.118990
45917,BEACON,-95,2,0,2673,65384,29260,2245349,0,99,7,0,0,14:33:5C:6D:AF:58,0,0,ARMED,448.0,0,1,80:02:9C:61:97:4B,1,1,409.7,80:02:9C:61:97:4A,2,0,NONE,2026-08-24T15:46:35.603990
45917,,-49,48,63427,1286,65384,29260,2245640,0,99,7,0,0,14:33:5C:6D:AF:58,0,0,ARMED,448.0,0,1,80:02:9C:61:97:4B,1,12,134.4,80:02:9C:61:97:4A,2,0,NONE,2026-08-24T15:46:35.894990
45917,,-53,44,0,990,65384,29260,2245827,0,99,7,0,0,14:33:5C:6D:AF:58,0,0,ARMED,448.0,0,0,80:02:9C:61:97:4B,1,35,537.8,80:02:9C:61:97:4A,2,0,NONE,2026-08-24T15:46:36.081990
45917,BEACON,-93,4,0,2683,65384,29260,2246352,0,99,7,0,0,14:33:5C:6D:AF:58,0,0,ARMED,448.0,0,1,80:02:9C:61:97:4B,1,7,89.2,80:02:9C:61:97:4A,2,0,NONE,2026-08-24T15:46:36.606990
45917,,-72,25,908,2264,65384,29260,2246738,0,99,7,0,0,14:33:5C:6D:AF:58,0,0,ARMED,448.0,0,1,80:02:9C:61:97:4B,1,13,239.3,80:02:9C:61:97:4A,2,0,NONE,2026-08-24T15:46:36.992990
45917,,-59,38,292,2846,65384,29260,2247070,0,99,7,0,0,14:33:5C:6D:AF:58,0,0,ARMED,448.0,0,0,80:02:9C:61:97:4B,1,19,237.2,80:02:9C:61:97:4A,2,0,NONE,2026-08-24T15:46:37.324990
45917,BEACON,-65,32,0,2548,65384,29260,2247607,0,99,7,0,0,14:33:5C:6D:AF:58,0,0,ARMED,448.0,0,1,80:02:9C:61:97:4B,1,1,392.8,80:02:9C:61:97:4A,2,0,NONE,2026-08-24T15:46:37.861990
45917,,43,43,0,1023,65384,29260,2248150,0,99,7,0,0,14:33:5C:6D:AF:58,0,0,ARMED,448.0,0,0,80:02:9C:61:97:4B,1,8,260.8,80:02:9C:61:97:4A,2,0,NONE,2026-08-24T15:46:38.404990
45917,MGMT_OTHER,-53,44,0,590,65384,29260,2248266,0,99,7,0,0,14:33:5C:6D:AF:58,0,1,ARMED,448.0,0,1,80:02:9C:61:97:4B,1,22,511.4,80:02:9C:61:97:4A,2,0,NONE,2026-08-24T15:46:38.520990
45917,,43,43,0,1023,65384,29260,2248388,0,99,7,0,0,14:33:5C:6D:AF:58,0,1,ARMED,448.0,0,0,80:02:9C:61:97:4B,1,25,397.8,80:02:9C:61:97:4A,2,0,NONE,2026-08-24T15:46:38.642990
45917,,-59,38,291,2858,65384,29260,2248493,0,99,7,0,0,14:33:5C:6D:AF:58,0,1,ARMED,448.0,0,0,80:02:9C:61:97:4B,1,21,314.4,80:02:9C:61:97:4A,2,0,NONE,2026-08-24T15:46:38.747990
45917,BEACON,-95,2,62,2708,65384,29260,2248861,0,99,7,0,0,14:33:5C:6D:AF:58,0,0,ARMED,448.0,0,1,80:02:9C:61:97:4B,1,9,331.3,80:02:9C:61:97:4A,2,0,NONE,2026-08-24T15:46:39.115990
45917,,-50,47,18223,1305,65384,29260,2249148,0,99,7,0,0,14:33:5C:6D:AF:58,0,1,ARMED,448.0,0,1,80:02:9C:61:97:4B,1,2,285.6,80:02:9C:61:97:4A,2,0,NONE,2026-08-24T15:46:39.402990
45917,BEACON,-85,12,0,1387,65384,29260,2249291,0,99,7,0,0,14:33:5C:6D:AF:58,0,1,ARMED,448.0,0,1,80:02:9C:61:97:4B,1,5,104.5,80:02:9C:61:97:4A,2,0,NONE,2026-08-24T15:46:39.545990
45917,,-55,42,449,2146,65384,29260,2249701,0,99,7,0,0,14:33:5C:6D:AF:58,0,0,ARMED,448.0,0,0,80:02:9C:61:97:4B,1,19,390.4,80:02:9C:61:97:4A,2,0,NONE,2026-08-24T15:46:39.955990
45917,,-53,44,267,2181,65384,29260,2249721,0,99,7,0,0,14:33:5C:6D:AF:58,0,0,ARMED,448.0,0,0,80:02:9C:61:97:4B,1,69,1012.8,80:02:9C:61:97:4A,2,0,NONE,2026-08-24T15:46:39.975990
45917,,-53,44,286,2204,65384,29260,2249746,0,99,7,0,0,14:33:5C:6D:AF:58,0,0,ARMED,448.0,0,0,80:02:9C:61:97:4B,1,119,1280.7,80:02:9C:61:97:4A,2,0,NONE,2026-08-24T15:46:40.000990
45917,,-54,43,584,2234,65384,29260,2249776,0,99,7,0,0,14:33:5C:6D:AF:58,0,1,ARMED,448.0,0,0,80:02:9C:61:97:4B,1,36,1547.3,80:02:9C:61:97:4A,2,0,NONE,2026-08-24T15:46:40.030990
45917,,-53,44,266,2252,65384,29260,2249805,0,99,7,0,0,14:33:5C:6D:AF:58,0,1,ARMED,448.0,0,0,80:02:9C:61:97:4B,1,86,1646.0,80:02:9C:61:97:4A,2,0,NONE,2026-08-24T15:46:40.059990
45917,,-53,44,250,2284,65384,29260,2249822,0,99,7,0,0,14:33:5C:6D:AF:58,0,1,ARMED,448.0,0,0,80:02:9C:61:97:4B,1,136,1970.4,80:02:9C:61:97:4A,2,0,NONE,2026-08-24T15:46:40.076990
45917,,-72,25,163,3628,65384,29260,2249842,0,99,7,0,0,14:33:5C:6D:AF:58,0,1,ARMED,448.0,0,0,80:02:9C:61:97:4B,1,186,2087.1,80:02:9C:61:97:4A,2,0,NONE,2026-08-24T15:46:40.096990
45917,,-53,44,250,2341,65384,29260,2249867,0,99,7,0,0,14:33:5C:6D:AF:58,0,1,ARMED,448.0,0,0,80:02:9C:61:97:4B,1,26,1852.0,80:02:9C:61:97:4A,2,0,NONE,2026-08-24T15:46:40.121990
45917,,-72,25,143,3648,65384,29260,2249887,0,99,7,0,0,14:33:5C:6D:AF:58,0,1,ARMED,448.0,0,0,80:02:9C:61:97:4B,1,76,2233.3,80:02:9C:61:97:4A,2,0,NONE,2026-08-24T15:46:40.141990
45917,,-73,24,3999,3652,65384,29260,2249933,0,99,7,0,0,14:33:5C:6D:AF:58,0,1,ARMED,448.0,0,0,80:02:9C:61:97:4B,1,126,1580.7,80:02:9C:61:97:4A,2,0,NONE,2026-08-24T15:46:40.187990
45917,,-73,24,0,3663,63956,29260,2249956,0,99,7,0,0,14:33:5C:6D:AF:58,0,1,ARMED,448.0,0,0,80:02:9C:61:97:4B,1,5,3186.7,80:02:9C:61:97:4A,2,0,NONE,2026-08-24T15:46:40.210990
45917,,-53,44,455,2443,65384,29260,2249981,0,99,7,0,0,14:33:5C:6D:AF:58,0,1,ARMED,448.0,0,0,80:02:9C:61:97:4B,1,55,2074.8,80:02:9C:61:97:4A,2,0,NONE,2026-08-24T15:46:40.235990
45917,,43,43,0,1023,65384,29260,2250001,0,99,7,0,0,14:33:5C:6D:AF:58,0,1,ARMED,448.0,0,0,80:02:9C:61:97:4B,1,105,2242.2,80:02:9C:61:97:4A,2,0,NONE,2026-08-24T15:46:40.255990
45917,,-53,44,267,2507,65384,29260,2250020,0,99,7,0,0,14:33:5C:6D:AF:58,0,1,ARMED,448.0,0,0,80:02:9C:61:97:4B,1,155,2374.4,80:02:9C:61:97:4A,2,0,NONE,2026-08-24T15:46:40.274990
45917,,-53,44,266,2544,65384,29260,2250048,0,99,7,0,0,14:33:5C:6D:AF:58,0,1,ARMED,448.0,0,0,80:02:9C:61:97:4B,1,205,2189.0,80:02:9C:61:97:4A,2,0,NONE,2026-08-24T15:46:40.302990
45917,,-73,24,0,3716,63956,29260,2250073,0,99,7,0,0,14:33:5C:6D:AF:58,0,1,ARMED,448.0,0,0,80:02:9C:61:97:4B,1,34,2157.2,80:02:9C:61:97:4A,2,0,NONE,2026-08-24T15:46:40.327990
45917,,-53,44,311,2611,64740,29260,2250094,0,99,7,0,0,14:33:5C:6D:AF:58,0,1,ARMED,448.0,0,0,80:02:9C:61:97:4B,1,84,2300.0,80:02:9C:61:97:4A,2,0,NONE,2026-08-24T15:46:40.348990
45917,,-53,44,266,2643,65384,29260,2250115,0,99,7,0,0,14:33:5C:6D:AF:58,0,1,ARMED,448.0,0,0,80:02:9C:61:97:4B,1,134,2336.3,80:02:9C:61:97:4A,2,0,NONE,2026-08-24T15:46:40.369990
45917,,-53,44,266,2677,65384,29260,2250134,0,99,7,0,0,14:33:5C:6D:AF:58,0,1,ARMED,448.0,0,0,80:02:9C:61:97:4B,1,184,2388.3,80:02:9C:61:97:4A,2,0,NONE,2026-08-24T15:46:40.388990
45917,,-73,24,0,3749,64624,29260,2250166,0,99,7,0,0,14:33:5C:6D:AF:58,0,1,ARMED,448.0,0,0,80:02:9C:61:97:4B,1,11,1466.5,80:02:9C:61:97:4A,2,0,NONE,2026-08-24T15:46:40.420990
45917,,-53,44,303,2716,65384,29260,2250187,0,99,7,0,0,14:33:5C:6D:AF:58,0,1,ARMED,448.0,0,0,80:02:9C:61:97:4B,1,61,2186.5,80:02:9C:61:97:4A,2,0,NONE,2026-08-24T15:46:40.441990
45917,,-53,44,286,2748,65384,29260,2250224,0,99,7,0,0,14:33:5C:6D:AF:58,0,1,ARMED,448.0,0,0,80:02:9C:61:97:4B,1,111,1695.7,80:02:9C:61:97:4A,2,0,NONE,2026-08-24T15:46:40.478990
45917,,-53,44,286,2780,65384,29260,2250251,0,99,7,0,0,14:33:5C:6D:AF:58,0,1,ARMED,448.0,0,0,80:02:9C:61:97:4B,1,161,1750.5,80:02:9C:61:97:4A,2,0,NONE,2026-08-24T15:46:40.505990
45917,,-53,44,286,2805,65384,29260,2250280,0,99,7,0,0,14:33:5C:6D:AF:58,0,1,ARMED,448.0,0,0,80:02:9C:61:97:4B,1,27,1300.5,80:02:9C:61:97:4A,2,0,NONE,2026-08-24T15:46:40.534990
45917,,-73,24,437,2736,65384,29260,2250309,0,99,7,0,0,14:33:5C:6D:AF:58,0,1,ARMED,448.0,0,1,80:02:9C:61:97:4B,1,77,1548.3,80:02:9C:61:97:4A,2,0,NONE,2026-08-24T15:46:40.563990
45917,,-53,44,287,2880,65384,29260,2250325,0,99,7,0,0,14:33:5C:6D:AF:58,0,1,ARMED,448.0,0,0,80:02:9C:61:97:4B,1,127,1910.8,80:02:9C:61:97:4A,2,0,NONE,2026-08-24T15:46:40.579990
45917,,-53,44,379,2896,65384,29260,2250349,0,99,7,0,0,14:33:5C:6D:AF:58,0,1,ARMED,448.0,0,0,80:02:9C:61:97:4B,1,177,1965.5,80:02:9C:61:97:4A,2,0,NONE,2026-08-24T15:46:40.603990
45917,,-54,43,387,2932,65384,29260,2250367,0,99,7,0,0,14:33:5C:6D:AF:58,0,1,ARMED,448.0,0,1,80:02:9C:61:97:4B,1,13,1711.7,80:02:9C:61:97:4A,2,0,NONE,2026-08-24T15:46:40.621990
45917,,-53,44,286,2970,65384,29260,2250388,0,99,7,0,0,14:33:5C:6D:AF:58,0,1,ARMED,448.0,0,0,80:02:9C:61:97:4B,1,63,2160.9,80:02:9C:61:97:4A,2,0,NONE,2026-08-24T15:46:40.642990
45917,,-53,44,286,2996,65384,29260,2250409,0,99,7,0,0,14:33:5C:6D:AF:58,0,1,ARMED,448.0,0,0,80:02:9C:61:97:4B,1,113,2283.7,80:02:9C:61:97:4A,2,0,NONE,2026-08-24T15:46:40.663990
45917,,-53,44,287,3034,65384,29260,2250428,0,99,7,0,0,14:33:5C:6D:AF:58,0,1,ARMED,448.0,0,0,80:02:9C:61:97:4B,1,163,2356.0,80:02:9C:61:97:4A,2,0,NONE,2026-08-24T15:46:40.682990
45917,,-53,44,287,3062,65384,29260,2250477,0,99,7,0,0,14:33:5C:6D:AF:58,0,1,ARMED,448.0,0,0,80:02:9C:61:97:4B,1,20,1850.5,80:02:9C:61:97:4A,2,0,NONE,2026-08-24T15:46:40.731990
45917,,-53,44,287,3092,65384,29260,2250515,0,99,7,0,0,14:33:5C:6D:AF:58,0,1,ARMED,448.0,0,0,80:02:9C:61:97:4B,1,70,1419.3,80:02:9C:61:97:4A,2,0,NONE,2026-08-24T15:46:40.769990
45917,,-53,44,287,3125,65384,29260,2250530,0,99,7,0,0,14:33:5C:6D:AF:58,0,1,ARMED,448.0,0,0,80:02:9C:61:97:4B,1,120,1866.4,80:02:9C:61:97:4A,2,0,NONE,2026-08-24T15:46:40.784990
45917,,-53,44,266,3149,65384,29260,2250563,0,99,7,0,0,14:33:5C:6D:AF:58,0,1,ARMED,448.0,0,0,80:02:9C:61:97:4B,1,170,1758.5,80:02:9C:61:97:4A,2,0,NONE,2026-08-24T15:46:40.817990
45917,BEACON,-65,32,317,2580,65384,29260,2250577,0,99,7,0,0,14:33:5C:6D:AF:58,0,1,ARMED,448.0,0,1,80:02:9C:61:97:4B,1,44,4044.5,80:02:9C:61:97:4A,2,0,NONE,2026-08-24T15:46:40.831990
45917,BEACON,-89,8,0,2073,65384,29260,2250693,0,99,7,0,0,14:33:5C:6D:AF:58,0,1,ARMED,448.0,0,1,80:02:9C:61:97:4B,1,10,394.7,80:02:9C:61:97:4A,2,0,NONE,2026-08-24T15:46:40.947990
45917,BEACON,-88,9,0,2486,65384,29260,2251086,0,99,7,0,0,14:33:5C:6D:AF:58,0,0,ARMED,448.0,0,1,80:02:9C:61:97:4B,1,1,168.7,80:02:9C:61:97:4A,2,0,NONE,2026-08-24T15:46:41.340990
45917,,-53,44,437,1046,64900,29260,2251524,0,99,7,0,0,14:33:5C:6D:AF:58,0,0,ARMED,448.0,0,0,80:02:9C:61:97:4B,1,15,441.6,80:02:9C:61:97:4A,2,0,NONE,2026-08-24T15:46:41.778990
45917,BEACON,-84,13,0,1412,65384,29260,2251851,0,99,7,0,0,14:33:5C:6D:AF:58,0,0,ARMED,448.0,0,1,80:02:9C:61:97:4B,1,7,131.2,80:02:9C:61:97:4A,2,0,NONE,2026-08-24T15:46:42.105990
45917,BEACON,-84,13,0,1412,65384,29260,2251851,0,99,7,0,0,14:33:5C:6D:AF:58,0,0,ARMED,448.0,0,1,80:02:9C:61:97:4B,1,7,131.2,80:02:9C:61:97:4A,2,0,NONE,2026-08-24T15:46:42.105990
45917,BEACON,-89,8,0,2500,65384,29260,2252418,0,99,7,0,0,14:33:5C:6D:AF:58,0,0,ARMED,448.0,0,1,80:02:9C:61:97:4B,1,1,169.2,80:02:9C:61:97:4A,2,0,NONE,2026-08-24T15:46:42.672990
45917,,-52,45,0,1069,65384,29260,2252589,0,99,7,0,0,14:33:5C:6D:AF:58,0,0,ARMED,448.0,0,0,80:02:9C:61:97:4B,1,42,563.9,80:02:9C:61:97:4A,2,0,NONE,2026-08-24T15:46:42.843990
45917,BEACON,-95,2,0,2749,65384,29260,2252975,0,99,7,0,0,14:33:5C:6D:AF:58,0,0,ARMED,448.0,0,1,80:02:9C:61:97:4B,1,7,135.5,80:02:9C:61:97:4A,2,0,NONE,2026-08-24T15:46:43.229990
45917,,47,47,0,1023,65384,29260,2253259,0,99,7,0,0,14:33:5C:6D:AF:58,0,0,ARMED,448.0,0,0,80:02:9C:61:97:4B,1,11,566.1,80:02:9C:61:97:4A,2,0,NONE,2026-08-24T15:46:43.513990
45917,,47,47,0,2611,65384,29260,2253382,0,99,7,0,0,14:33:5C:6D:AF:58,0,1,ARMED,448.0,0,0,80:02:9C:61:97:4B,1,17,436.4,80:02:9C:61:97:4A,2,0,NONE,2026-08-24T15:46:43.636990
45917,,-75,22,0,1005,65384,29260,2253472,0,99,7,0,0,14:33:5C:6D:AF:58,0,1,ARMED,448.0,0,0,80:02:9C:61:97:4B,1,23,814.6,80:02:9C:61:97:4A,2,0,NONE,2026-08-24T15:46:43.726990
45917,,61,61,0,1023,65384,29260,2253776,0,99,7,0,0,14:33:5C:6D:AF:58,0,0,ARMED,448.0,0,1,80:02:9C:61:97:4B,1,3,269.2,80:02:9C:61:97:4A,2,0,NONE,2026-08-24T15:46:44.030990
45917,,-75,22,0,256,65384,29260,2254096,0,99,7,0,0,14:33:5C:6D:AF:58,0,0,ARMED,448.0,0,1,80:02:9C:61:97:4B,1,3,123.2,80:02:9C:61:97:4A,2,0,NONE,2026-08-24T15:46:44.350990
45917,,-59,38,291,2953,65384,29260,2254598,0,99,7,0,0,14:33:5C:6D:AF:58,0,0,ARMED,448.0,0,0,80:02:9C:61:97:4B,1,5,363.4,80:02:9C:61:97:4A,2,0,NONE,2026-08-24T15:46:44.852990
45917,BEACON,-92,5,0,2769,65384,29260,2254985,0,99,7,0,0,14:33:5C:6D:AF:58,0,0,ARMED,448.0,0,1,80:02:9C:61:97:4B,1,7,74.7,80:02:9C:61:97:4A,2,0,NONE,2026-08-24T15:46:45.239990
45917,,-53,44,0,1093,65384,29260,2255502,0,99,7,0,0,14:33:5C:6D:AF:58,0,0,ARMED,448.0,0,0,80:02:9C:61:97:4B,1,20,1065.9,80:02:9C:61:97:4A,2,0,NONE,2026-08-24T15:46:45.756990
45917,BEACON,-84,13,0,1453,65384,29260,2256049,0,99,7,0,0,14:33:5C:6D:AF:58,0,0,ARMED,448.0,0,1,80:02:9C:61:97:4B,1,6,94.4,80:02:9C:61:97:4A,2,0,NONE,2026-08-24T15:46:46.303990
45917,BEACON,-93,4,64,2781,65384,29260,2256187,0,99,7,0,0,14:33:5C:6D:AF:58,0,0,ARMED,448.0,0,1,80:02:9C:61:97:4B,1,29,292.1,80:02:9C:61:97:4A,2,0,NONE,2026-08-24T15:46:46.441990
45917,BEACON,-85,12,82,1459,65384,29260,2256664,0,99,7,0,0,14:33:5C:6D:AF:58,0,0,ARMED,448.0,0,1,80:02:9C:61:97:4B,1,7,130.4,80:02:9C:61:97:4A,2,0,NONE,2026-08-24T15:46:46.918990
45917,BEACON,-85,12,0,153,65384,29260,2257020,0,99,7,0,0,14:33:5C:6D:AF:58,0,0,ARMED,448.0,0,1,80:02:9C:61:97:4B,1,8,78.1,80:02:9C:61:97:4A,2,0,NONE,2026-08-24T15:46:47.274990
45917,BEACON,-85,12,0,153,65384,29260,2257020,0,99,7,0,0,14:33:5C:6D:AF:58,0,0,ARMED,448.0,0,1,80:02:9C:61:97:4B,1,8,78.1,80:02:9C:61:97:4A,2,0,NONE,2026-08-24T15:46:47.274990
45917,BEACON,-64,33,0,2656,65384,29260,2257438,0,99,7,0,0,14:33:5C:6D:AF:58,0,0,ARMED,448.0,0,1,80:02:9C:61:97:4B,1,1,386.1,80:02:9C:61:97:4A,2,0,NONE,2026-08-24T15:46:47.692990
45917,BEACON,-88,9,0,2554,65384,29260,2257742,0,99,7,0,0,14:33:5C:6D:AF:58,0,0,ARMED,448.0,0,1,80:02:9C:61:97:4B,1,21,205.0,80:02:9C:61:97:4A,2,0,NONE,2026-08-24T15:46:47.996990
45917,,-73,24,389,3935,65368,29260,2258000,0,99,7,0,0,14:33:5C:6D:AF:58,0,0,ARMED,448.0,0,1,80:02:9C:61:97:4B,1,15,271.2,80:02:9C:61:97:4A,2,0,NONE,2026-08-24T15:46:48.254990
45917,,47,47,0,2664,65384,29260,2258281,0,99,7,0,0,14:33:5C:6D:AF:58,0,0,ARMED,448.0,0,0,80:02:9C:61:97:4B,1,9,403.1,80:02:9C:61:97:4A,2,0,NONE,2026-08-24T15:46:48.535990
45917,BEACON,-65,32,178,2667,65384,29260,2258564,0,99,7,0,0,14:33:5C:6D:AF:58,0,0,ARMED,448.0,0,1,80:02:9C:61:97:4B,1,2,827.8,80:02:9C:61:97:4A,2,0,NONE,2026-08-24T15:46:48.818990
45917,,-73,24,0,293,65384,29260,2258715,0,99,7,0,0,14:33:5C:6D:AF:58,0,0,ARMED,448.0,0,1,80:02:9C:61:97:4B,1,38,748.0,80:02:9C:61:97:4A,2,0,NONE,2026-08-24T15:46:48.969990
45917,,-53,44,267,3293,64740,29260,2258731,0,99,7,0,0,14:33:5C:6D:AF:58,0,0,ARMED,448.0,0,0,80:02:9C:61:97:4B,1,88,1312.5,80:02:9C:61:97:4A,2,0,NONE,2026-08-24T15:46:48.985990
45917,,-73,24,126,3965,65384,29260,2258751,0,99,7,0,0,14:33:5C:6D:AF:58,0,0,ARMED,448.0,0,0,80:02:9C:61:97:4B,1,138,1590.2,80:02:9C:61:97:4A,2,0,NONE,2026-08-24T15:46:49.005990
45917,,-73,24,490,3967,64824,29260,2258777,0,99,7,0,0,14:33:5C:6D:AF:58,0,1,ARMED,448.0,0,1,80:02:9C:61:97:4B,1,10,1326.4,80:02:9C:61:97:4A,2,0,NONE,2026-08-24T15:46:49.031990
45917,,-74,23,1170,3982,65384,29260,2258806,0,99,7,0,0,14:33:5C:6D:AF:58,0,1,ARMED,448.0,0,0,80:02:9C:61:97:4B,1,60,1622.0,80:02:9C:61:97:4A,2,0,NONE,2026-08-24T15:46:49.060990
45917,,-53,44,311,3404,65384,29260,2258825,0,99,7,0,0,14:33:5C:6D:AF:58,0,1,ARMED,448.0,0,0,80:02:9C:61:97:4B,1,110,1978.9,80:02:9C:61:97:4A,2,0,NONE,2026-08-24T15:46:49.079990
45917,,-54,43,473,3429,65384,29260,2258850,0,99,7,0,0,14:33:5C:6D:AF:58,0,1,ARMED,448.0,0,0,80:02:9C:61:97:4B,1,160,1974.6,80:02:9C:61:97:4A,2,0,NONE,2026-08-24T15:46:49.104990
45917,,-53,44,419,3462,65384,29260,2258876,0,99,7,0,0,14:33:5C:6D:AF:58,0,1,ARMED,448.0,0,1,80:02:9C:61:97:4B,1,10,2722.6,80:02:9C:61:97:4A,2,0,NONE,2026-08-24T15:46:49.130990
45917,,-73,24,605,4030,65384,29260,2258902,0,99,7,0,0,14:33:5C:6D:AF:58,0,1,ARMED,448.0,0,1,80:02:9C:61:97:4B,1,60,2022.7,80:02:9C:61:97:4A,2,0,NONE,2026-08-24T15:46:49.156990
45917,,-53,44,639,3542,65384,29260,2258928,0,99,7,0,0,14:33:5C:6D:AF:58,0,1,ARMED,448.0,0,0,80:02:9C:61:97:4B,1,110,1964.7,80:02:9C:61:97:4A,2,0,NONE,2026-08-24T15:46:49.182990
45917,,-73,24,521,4050,65384,29260,2258949,0,99,7,0,0,14:33:5C:6D:AF:58,0,1,ARMED,448.0,0,1,80:02:9C:61:97:4B,1,160,2081.1,80:02:9C:61:97:4A,2,0,NONE,2026-08-24T15:46:49.203990
45917,,-53,44,766,3577,65384,29260,2258988,0,99,7,0,0,14:33:5C:6D:AF:58,0,1,ARMED,448.0,0,0,80:02:9C:61:97:4B,1,18,1279.1,80:02:9C:61:97:4A,2,0,NONE,2026-08-24T15:46:49.242990
45917,,-53,44,1172,3612,65384,29260,2259019,0,99,7,0,0,14:33:5C:6D:AF:58,0,1,ARMED,448.0,0,1,80:02:9C:61:97:4B,1,68,1492.1,80:02:9C:61:97:4A,2,0,NONE,2026-08-24T15:46:49.273990
45917,,-53,44,286,3651,65384,29260,2259037,0,99,7,0,0,14:33:5C:6D:AF:58,0,1,ARMED,448.0,0,0,80:02:9C:61:97:4B,1,118,1862.2,80:02:9C:61:97:4A,2,0,NONE,2026-08-24T15:46:49.291990
45917,,-54,43,120,3666,65384,29260,2259071,0,99,7,0,0,14:33:5C:6D:AF:58,0,1,ARMED,448.0,0,1,80:02:9C:61:97:4B,1,168,1721.9,80:02:9C:61:97:4A,2,0,NONE,2026-08-24T15:46:49.325990
45917,,-53,44,379,3691,65384,29260,2259095,0,99,7,0,0,14:33:5C:6D:AF:58,0,1,ARMED,448.0,0,0,80:02:9C:61:97:4B,1,49,2402.0,80:02:9C:61:97:4A,2,0,NONE,2026-08-24T15:46:49.349990
45917,,-54,43,378,3726,65384,29260,2259120,0,99,7,0,0,14:33:5C:6D:AF:58,0,1,ARMED,448.0,0,0,80:02:9C:61:97:4B,1,99,2175.9,80:02:9C:61:97:4A,2,0,NONE,2026-08-24T15:46:49.374990
45917,,-53,44,504,3763,65384,29260,2259145,0,99,7,0,0,14:33:5C:6D:AF:58,0,1,ARMED,448.0,0,0,80:02:9C:61:97:4B,1,149,2108.8,80:02:9C:61:97:4A,2,0,NONE,2026-08-24T15:46:49.399990
45917,BEACON,-88,9,82,2568,65384,29260,2259176,0,99,7,0,0,14:33:5C:6D:AF:58,0,1,ARMED,448.0,0,1,80:02:9C:61:97:4B,1,199,1961.2,80:02:9C:61:97:4A,2,0,NONE,2026-08-24T15:46:49.430990
45917,,-53,44,592,3828,65384,29260,2259207,0,99,7,0,0,14:33:5C:6D:AF:58,0,1,ARMED,448.0,0,0,80:02:9C:61:97:4B,1,50,1618.1,80:02:9C:61:97:4A,2,0,NONE,2026-08-24T15:46:49.461990
45917,,-53,44,147,3843,65384,29260,2259257,0,99,7,0,0,14:33:5C:6D:AF:58,0,1,ARMED,448.0,0,1,80:02:9C:61:97:4B,1,100,1228.0,80:02:9C:61:97:4A,2,0,NONE,2026-08-24T15:46:49.511990
45917,,-53,44,378,3881,65384,29260,2259284,0,99,7,0,0,14:33:5C:6D:AF:58,0,1,ARMED,448.0,0,0,80:02:9C:61:97:4B,1,11,1368.0,80:02:9C:61:97:4A,2,0,NONE,2026-08-24T15:46:49.538990
45917,,-53,44,379,3912,65368,29260,2259315,0,99,7,0,0,14:33:5C:6D:AF:58,0,1,ARMED,448.0,0,0,80:02:9C:61:97:4B,1,61,1584.8,80:02:9C:61:97:4A,2,0,NONE,2026-08-24T15:46:49.569990
45917,,-74,23,584,339,65384,29260,2259336,0,99,7,0,0,14:33:5C:6D:AF:58,0,1,ARMED,448.0,0,1,80:02:9C:61:97:4B,1,111,1843.5,80:02:9C:61:97:4A,2,0,NONE,2026-08-24T15:46:49.590990
45917,,-53,44,395,3977,65384,29260,2259367,0,99,7,0,0,14:33:5C:6D:AF:58,0,1,ARMED,448.0,0,0,80:02:9C:61:97:4B,1,161,1773.0,80:02:9C:61:97:4A,2,0,NONE,2026-08-24T15:46:49.621990
45917,,-74,23,283,115,65384,29260,2259409,0,99,7,0,0,14:33:5C:6D:AF:58,0,1,ARMED,448.0,0,0,80:02:9C:61:97:4B,1,34,1063.1,80:02:9C:61:97:4A,2,0,NONE,2026-08-24T15:46:49.663990
45917,,-74,23,0,125,65384,29260,2259432,0,99,7,0,0,14:33:5C:6D:AF:58,0,1,ARMED,448.0,0,0,80:02:9C:61:97:4B,1,84,1525.0,80:02:9C:61:97:4A,2,0,NONE,2026-08-24T15:46:49.686990
45917,,-73,24,631,132,65384,29260,2259457,0,99,7,0,0,14:33:5C:6D:AF:58,0,1,ARMED,448.0,0,0,80:02:9C:61:97:4B,1,134,1662.6,80:02:9C:61:97:4A,2,0,NONE,2026-08-24T15:46:49.711990
45917,,-53,44,3054,4063,65384,29260,2259479,0,99,7,0,0,14:33:5C:6D:AF:58,0,1,ARMED,448.0,0,0,80:02:9C:61:97:4B,1,184,1802.4,80:02:9C:61:97:4A,2,0,NONE,2026-08-24T15:46:49.733990
45917,,-74,23,0,141,64740,29260,2259499,0,99,7,0,0,14:33:5C:6D:AF:58,0,1,ARMED,448.0,0,0,80:02:9C:61:97:4B,1,50,2493.6,80:02:9C:61:97:4A,2,0,NONE,2026-08-24T15:46:49.753990
45917,,-53,44,379,16,65384,29260,2259521,0,99,7,0,0,14:33:5C:6D:AF:58,0,1,ARMED,448.0,0,0,80:02:9C:61:97:4B,1,100,2336.1,80:02:9C:61:97:4A,2,0,NONE,2026-08-24T15:46:49.775990
45917,,-53,44,495,49,65384,29260,2259550,0,99,7,0,0,14:33:5C:6D:AF:58,0,1,ARMED,448.0,0,0,80:02:9C:61:97:4B,1,150,2095.3,80:02:9C:61:97:4A,2,0,NONE,2026-08-24T15:46:49.804990
45917,,-53,44,379,83,65384,29260,2259578,0,99,7,0,0,14:33:5C:6D:AF:58,0,1,ARMED,448.0,0,0,80:02:9C:61:97:4B,1,200,2020.2,80:02:9C:61:97:4A,2,0,NONE,2026-08-24T15:46:49.832990
45917,,-54,43,4146,115,65384,29260,2259610,0,99,7,0,0,14:33:5C:6D:AF:58,0,1,ARMED,448.0,0,1,80:02:9C:61:97:4B,1,49,1633.2,80:02:9C:61:97:4A,2,0,NONE,2026-08-24T15:46:49.864990
45917,,-53,44,379,141,65384,29260,2259653,0,99,7,0,0,14:33:5C:6D:AF:58,0,1,ARMED,448.0,0,0,80:02:9C:61:97:4B,1,99,1370.3,80:02:9C:61:97:4A,2,0,NONE,2026-08-24T15:46:49.907990
45917,,-54,43,937,157,65384,29260,2259686,0,99,7,0,0,14:33:5C:6D:AF:58,0,1,ARMED,448.0,0,0,80:02:9C:61:97:4B,1,7,1864.2,80:02:9C:61:97:4A,2,0,NONE,2026-08-24T15:46:49.940990
45917,,-73,24,597,361,65384,29260,2259721,0,99,7,0,0,14:33:5C:6D:AF:58,0,1,ARMED,448.0,0,1,80:02:9C:61:97:4B,1,57,1475.7,80:02:9C:61:97:4A,2,0,NONE,2026-08-24T15:46:49.975990
45917,,-53,44,379,219,65384,29260,2259750,0,99,7,0,0,14:33:5C:6D:AF:58,0,1,ARMED,448.0,0,0,80:02:9C:61:97:4B,1,107,1577.0,80:02:9C:61:97:4A,2,0,NONE,2026-08-24T15:46:50.004990
45917,,-76,21,1424,368,65384,29260,2259889,0,99,7,0,0,14:33:5C:6D:AF:58,0,0,ARMED,448.0,0,1,80:02:9C:61:97:4B,1,2,1207.7,80:02:9C:61:97:4A,2,0,NONE,2026-08-24T15:46:50.143990
45917,BEACON,-64,33,0,2686,65384,29260,2260305,0,99,7,0,0,14:33:5C:6D:AF:58,0,0,ARMED,448.0,0,1,80:02:9C:61:97:4B,1,2,236.0,80:02:9C:61:97:4A,2,0,NONE,2026-08-24T15:46:50.559990
45917,BEACON,-67,30,0,2694,65384,29260,2261022,0,99,7,0,0,14:33:5C:6D:AF:58,0,0,ARMED,448.0,0,1,80:02:9C:61:97:4B,1,2,236.8,80:02:9C:61:97:4A,2,0,NONE,2026-08-24T15:46:51.276990
45917,BEACON,-93,4,0,1,65384,29260,2261565,0,99,7,0,0,14:33:5C:6D:AF:58,0,0,ARMED,448.0,0,1,80:02:9C:61:97:4B,1,5,125.8,80:02:9C:61:97:4A,2,0,NONE,2026-08-24T15:46:51.819990
45917,,-53,44,0,1170,65384,29260,2261768,0,99,7,0,0,14:33:5C:6D:AF:58,0,0,ARMED,448.0,0,0,80:02:9C:61:97:4B,1,36,953.2,80:02:9C:61:97:4A,2,0,NONE,2026-08-24T15:46:52.022990
45917,BEACON,-94,3,0,2843,65384,29260,2262310,0,99,7,0,0,14:33:5C:6D:AF:58,0,0,ARMED,448.0,0,1,80:02:9C:61:97:4B,1,7,102.9,80:02:9C:61:97:4A,2,0,NONE,2026-08-24T15:46:52.564990
45917,,-77,20,24102,379,65384,29260,2262825,0,99,7,0,0,14:33:5C:6D:AF:58,0,0,ARMED,448.0,0,1,80:02:9C:61:97:4B,1,10,140.7,80:02:9C:61:97:4A,2,0,NONE,2026-08-24T15:46:53.079990
45917,,-60,37,0,3099,65384,29260,2262983,0,99,7,0,0,14:33:5C:6D:AF:58,0,1,ARMED,448.0,0,0,80:02:9C:61:97:4B,1,16,664.3,80:02:9C:61:97:4A,2,0,NONE,2026-08-24T15:46:53.237990
45917,,-49,48,134112,27,65384,29260,2263246,0,99,7,0,0,14:33:5C:6D:AF:58,0,0,ARMED,448.0,0,1,80:02:9C:61:97:4B,1,8,97.1,80:02:9C:61:97:4A,2,0,NONE,2026-08-24T15:46:53.500990
45917,,45,45,0,2721,65384,29260,2263403,0,99,7,0,0,14:33:5C:6D:AF:58,0,1,ARMED,448.0,0,0,80:02:9C:61:97:4B,1,14,410.7,80:02:9C:61:97:4A,2,0,NONE,2026-08-24T15:46:53.657990
45917,,-75,22,35359,386,65384,29260,2263877,0,99,7,0,0,14:33:5C:6D:AF:58,0,0,ARMED,448.0,0,0,80:02:9C:61:97:4B,1,10,100.6,80:02:9C:61:97:4A,2,0,NONE,2026-08-24T15:46:54.131990
45917,,-53,44,19521,1352,65384,29260,2264332,0,99,7,0,0,14:33:5C:6D:AF:58,0,0,ARMED,448.0,0,1,80:02:9C:61:97:4B,1,7,168.6,80:02:9C:61:97:4A,2,0,NONE,2026-08-24T15:46:54.586990
45917,,-60,37,291,3121,65384,29260,2264818,0,99,7,0,0,14:33:5C:6D:AF:58,0,0,ARMED,448.0,0,0,80:02:9C:61:97:4B,1,8,498.3,80:02:9C:61:97:4A,2,0,NONE,2026-08-24T15:46:55.072990
45917,BEACON,-89,8,0,2215,65384,29260,2265233,0,99,7,0,0,14:33:5C:6D:AF:58,0,0,ARMED,448.0,0,1,80:02:9C:61:97:4B,1,3,137.5,80:02:9C:61:97:4A,2,0,NONE,2026-08-24T15:46:55.487990
45917,,-53,44,3488,1206,65384,29260,2265704,0,99,7,0,0,14:33:5C:6D:AF:58,0,0,ARMED,448.0,0,1,80:02:9C:61:97:4B,1,16,188.9,80:02:9C:61:97:4A,2,0,NONE,2026-08-24T15:46:55.958990
45917,PROBE_RESP,-64,33,0,2753,65384,29260,2266036,0,99,7,0,0,14:33:5C:6D:AF:58,0,0,ARMED,448.0,0,0,80:02:9C:61:97:4B,1,6,557.1,80:02:9C:61:97:4A,2,0,NONE,2026-08-24T15:46:56.290990
45917,,43,43,0,1023,65384,29260,2266314,0,99,7,0,0,14:33:5C:6D:AF:58,0,0,ARMED,448.0,0,0,80:02:9C:61:97:4B,1,20,254.9,80:02:9C:61:97:4A,2,0,NONE,2026-08-24T15:46:56.568990
45917,,-60,37,291,3153,65384,29260,2266527,0,99,7,0,0,14:33:5C:6D:AF:58,0,0,ARMED,448.0,0,0,80:02:9C:61:97:4B,1,33,379.1,80:02:9C:61:97:4A,2,0,NONE,2026-08-24T15:46:56.781990
45917,,-76,21,1672,401,65384,29260,2266659,0,99,7,0,0,14:33:5C:6D:AF:58,0,1,ARMED,448.0,0,0,80:02:9C:61:97:4B,1,4,512.9,80:02:9C:61:97:4A,2,0,NONE,2026-08-24T15:46:56.913990
45917,,43,43,0,1023,65384,29260,2266791,0,99,7,0,0,14:33:5C:6D:AF:58,0,1,ARMED,448.0,0,0,80:02:9C:61:97:4B,1,22,582.5,80:02:9C:61:97:4A,2,0,NONE,2026-08-24T15:46:57.045990
45917,PROBE_RESP,-65,32,0,2768,65384,29260,2267113,0,99,7,0,0,14:33:5C:6D:AF:58,0,0,ARMED,448.0,0,0,80:02:9C:61:97:4B,1,16,307.3,80:02:9C:61:97:4A,2,0,NONE,2026-08-24T15:46:57.367990
45917,,-75,22,39388,414,65384,29260,2267648,0,99,7,0,0,14:33:5C:6D:AF:58,0,0,ARMED,448.0,0,1,80:02:9C:61:97:4B,1,10,133.7,80:02:9C:61:97:4A,2,0,NONE,2026-08-24T15:46:57.902990
45917,BEACON,-94,3,0,2901,65384,29260,2268128,0,99,7,0,0,14:33:5C:6D:AF:58,0,0,ARMED,448.0,0,1,80:02:9C:61:97:4B,1,7,159.8,80:02:9C:61:97:4A,2,0,NONE,2026-08-24T15:46:58.382990
45917,,-51,46,92957,1372,65384,29260,2268559,0,99,7,0,0,14:33:5C:6D:AF:58,0,0,ARMED,448.0,0,1,80:02:9C:61:97:4B,1,5,77.0,80:02:9C:61:97:4A,2,0,NONE,2026-08-24T15:46:58.813990
45917,,-60,37,3654,3188,65384,29260,2268830,0,99,7,0,0,14:33:5C:6D:AF:58,0,0,ARMED,448.0,0,1,80:02:9C:61:97:4B,1,14,543.2,80:02:9C:61:97:4A,2,0,NONE,2026-08-24T15:46:59.084990
45917,BEACON,-85,12,0,294,65384,29260,2269308,0,99,7,0,0,14:33:5C:6D:AF:58,0,0,ARMED,448.0,0,1,80:02:9C:61:97:4B,1,5,51.8,80:02:9C:61:97:4A,2,0,NONE,2026-08-24T15:46:59.562990
45917,BEACON,-85,12,21495,299,65384,29260,2269820,0,99,7,0,0,14:33:5C:6D:AF:58,0,0,ARMED,448.0,0,1,80:02:9C:61:97:4B,1,6,74.3,80:02:9C:61:97:4A,2,0,NONE,2026-08-24T15:47:00.074990
45917,,-53,44,424,1267,65384,29260,2269936,0,99,7,0,0,14:33:5C:6D:AF:58,0,0,ARMED,448.0,0,0,80:02:9C:61:97:4B,1,46,484.8,80:02:9C:61:97:4A,2,0,NONE,2026-08-24T15:47:00.190990
45917,BEACON,-89,8,0,2264,65384,29260,2270251,0,99,7,0,0,14:33:5C:6D:AF:58,0,0,ARMED,448.0,0,1,80:02:9C:61:97:4B,1,5,53.3,80:02:9C:61:97:4A,2,0,NONE,2026-08-24T15:47:00.505990
45917,BEACON,-92,5,0,2926,65384,29260,2270838,0,99,7,0,0,14:33:5C:6D:AF:58,0,0,ARMED,448.0,0,1,80:02:9C:61:97:4B,1,2,31.3,80:02:9C:61:97:4A,2,0,NONE,2026-08-24T15:47:01.092990
45917,BEACON,-88,9,0,2691,65384,29260,2271464,0,99,7,0,0,14:33:5C:6D:AF:58,0,0,ARMED,448.0,0,1,80:02:9C:61:97:4B,1,3,54.8,80:02:9C:61:97:4A,2,0,NONE,2026-08-24T15:47:01.718990
45917,,-54,43,310,246,65384,29260,2271766,0,99,7,0,0,14:33:5C:6D:AF:58,0,0,ARMED,448.0,0,0,80:02:9C:61:97:4B,1,23,925.2,80:02:9C:61:97:4A,2,0,NONE,2026-08-24T15:47:02.020990
45917,,-74,23,403,259,65384,29260,2271789,0,99,7,0,0,14:33:5C:6D:AF:58,0,0,ARMED,448.0,0,0,80:02:9C:61:97:4B,1,73,1530.2,80:02:9C:61:97:4A,2,0,NONE,2026-08-24T15:47:02.043990
45917,,-54,43,267,312,65384,29260,2271815,0,99,7,0,0,14:33:5C:6D:AF:58,0,0,ARMED,448.0,0,0,80:02:9C:61:97:4B,1,123,1652.2,80:02:9C:61:97:4A,2,0,NONE,2026-08-24T15:47:02.069990
45917,,-54,43,250,346,65384,29260,2271835,0,99,7,0,0,14:33:5C:6D:AF:58,0,0,ARMED,448.0,0,0,80:02:9C:61:97:4B,1,173,1844.1,80:02:9C:61:97:4A,2,0,NONE,2026-08-24T15:47:02.089990
45917,,-53,44,283,377,65384,29260,2271855,0,99,7,0,0,14:33:5C:6D:AF:58,0,1,ARMED,448.0,0,0,80:02:9C:61:97:4B,1,35,2593.0,80:02:9C:61:97:4A,2,0,NONE,2026-08-24T15:47:02.109990
45917,,-74,23,247,307,63956,29260,2271884,0,99,7,0,0,14:33:5C:6D:AF:58,0,1,ARMED,448.0,0,0,80:02:9C:61:97:4B,1,85,2009.4,80:02:9C:61:97:4A,2,0,NONE,2026-08-24T15:47:02.138990
45917,,-54,43,250,436,64740,29260,2271904,0,99,7,0,0,14:33:5C:6D:AF:58,0,1,ARMED,448.0,0,0,80:02:9C:61:97:4B,1,135,2164.4,80:02:9C:61:97:4A,2,0,NONE,2026-08-24T15:47:02.158990
45917,,-54,43,1907,469,65384,29260,2271925,0,99,7,0,0,14:33:5C:6D:AF:58,0,1,ARMED,448.0,0,1,80:02:9C:61:97:4B,1,185,2228.4,80:02:9C:61:97:4A,2,0,NONE,2026-08-24T15:47:02.179990
45917,,-74,23,1922,342,65384,29260,2271945,0,99,7,0,0,14:33:5C:6D:AF:58,0,1,ARMED,448.0,0,0,80:02:9C:61:97:4B,1,4,1373.2,80:02:9C:61:97:4A,2,0,NONE,2026-08-24T15:47:02.199990
45917,,-54,43,667,515,65384,29260,2271971,0,99,7,0,0,14:33:5C:6D:AF:58,0,1,ARMED,448.0,0,0,80:02:9C:61:97:4B,1,54,1870.3,80:02:9C:61:97:4A,2,0,NONE,2026-08-24T15:47:02.225990
45917,,-54,43,267,547,65384,29260,2271993,0,99,7,0,0,14:33:5C:6D:AF:58,0,1,ARMED,448.0,0,0,80:02:9C:61:97:4B,1,104,2036.4,80:02:9C:61:97:4A,2,0,NONE,2026-08-24T15:47:02.247990
45917,,-54,43,495,558,65384,29260,2272017,0,99,7,0,0,14:33:5C:6D:AF:58,0,1,ARMED,448.0,0,0,80:02:9C:61:97:4B,1,154,2069.4,80:02:9C:61:97:4A,2,0,NONE,2026-08-24T15:47:02.271990
45917,,-54,43,287,584,65384,29260,2272038,0,99,7,0,0,14:33:5C:6D:AF:58,0,1,ARMED,448.0,0,0,80:02:9C:61:97:4B,1,204,2139.0,80:02:9C:61:97:4A,2,0,NONE,2026-08-24T15:47:02.292990
45917,,-53,44,266,611,65384,29260,2272062,0,99,7,0,0,14:33:5C:6D:AF:58,0,1,ARMED,448.0,0,0,80:02:9C:61:97:4B,1,49,6210.4,80:02:9C:61:97:4A,2,0,NONE,2026-08-24T15:47:02.316990
45917,,-53,44,267,642,64752,29260,2272084,0,99,7,0,0,14:33:5C:6D:AF:58,0,1,ARMED,448.0,0,0,80:02:9C:61:97:4B,1,99,3300.0,80:02:9C:61:97:4A,2,0,NONE,2026-08-24T15:47:02.338990
45917,,-53,44,267,673,65396,29260,2272112,0,99,7,0,0,14:33:5C:6D:AF:58,0,1,ARMED,448.0,0,0,80:02:9C:61:97:4B,1,149,2544.2,80:02:9C:61:97:4A,2,0,NONE,2026-08-24T15:47:02.366990
45917,,-53,44,250,711,65396,29260,2272127,0,99,7,0,0,14:33:5C:6D:AF:58,0,1,ARMED,448.0,0,0,80:02:9C:61:97:4B,1,199,2718.0,80:02:9C:61:97:4A,2,0,NONE,2026-08-24T15:47:02.381990
45917,,-54,43,250,752,63968,29260,2272146,0,99,7,0,0,14:33:5C:6D:AF:58,0,1,ARMED,448.0,0,0,80:02:9C:61:97:4B,1,249,2689.7,80:02:9C:61:97:4A,2,0,NONE,2026-08-24T15:47:02.400990
45917,,-54,43,250,784,65396,29260,2272167,0,99,7,0,0,14:33:5C:6D:AF:58,0,1,ARMED,448.0,0,0,80:02:9C:61:97:4B,1,30,2207.8,80:02:9C:61:97:4A,2,0,NONE,2026-08-24T15:47:02.421990
45917,,-54,43,250,819,65396,29260,2272188,0,99,7,0,0,14:33:5C:6D:AF:58,0,1,ARMED,448.0,0,0,80:02:9C:61:97:4B,1,80,2346.7,80:02:9C:61:97:4A,2,0,NONE,2026-08-24T15:47:02.442990
45917,,-54,43,827,842,65396,29260,2272209,0,99,7,0,0,14:33:5C:6D:AF:58,0,1,ARMED,448.0,0,0,80:02:9C:61:97:4B,1,130,2369.4,80:02:9C:61:97:4A,2,0,NONE,2026-08-24T15:47:02.463990
45917,,-54,43,250,883,65396,29260,2272228,0,99,7,0,0,14:33:5C:6D:AF:58,0,1,ARMED,448.0,0,0,80:02:9C:61:97:4B,1,180,2413.5,80:02:9C:61:97:4A,2,0,NONE,2026-08-24T15:47:02.482990
45917,,-54,43,250,912,63324,29260,2272238,0,99,7,0,0,14:33:5C:6D:AF:58,0,1,ARMED,448.0,0,0,80:02:9C:61:97:4B,1,230,2720.8,80:02:9C:61:97:4A,2,0,NONE,2026-08-24T15:47:02.492990
45917,,-54,43,493,934,65396,29260,2272272,0,99,7,0,0,14:33:5C:6D:AF:58,0,1,ARMED,448.0,0,0,80:02:9C:61:97:4B,1,49,2762.4,80:02:9C:61:97:4A,2,0,NONE,2026-08-24T15:47:02.526990
45917,,-53,44,590,957,65396,29260,2272297,0,99,7,0,0,14:33:5C:6D:AF:58,0,1,ARMED,448.0,0,0,80:02:9C:61:97:4B,1,99,2301.1,80:02:9C:61:97:4A,2,0,NONE,2026-08-24T15:47:02.551990
45917,,-53,44,250,972,63968,29260,2272326,0,99,7,0,0,14:33:5C:6D:AF:58,0,1,ARMED,448.0,0,0,80:02:9C:61:97:4B,1,149,2070.2,80:02:9C:61:97:4A,2,0,NONE,2026-08-24T15:47:02.580990
45917,,-53,44,250,1010,65396,29260,2272339,0,99,7,0,0,14:33:5C:6D:AF:58,0,1,ARMED,448.0,0,0,80:02:9C:61:97:4B,1,199,2361.0,80:02:9C:61:97:4A,2,0,NONE,2026-08-24T15:47:02.593990
45917,,-54,43,314,1043,65396,29260,2272362,0,99,7,0,0,14:33:5C:6D:AF:58,0,1,ARMED,448.0,0,0,80:02:9C:61:97:4B,1,49,9889.0,80:02:9C:61:97:4A,2,0,NONE,2026-08-24T15:47:02.616990
45917,,-54,43,250,1069,65396,29260,2272374,0,99,7,0,0,14:33:5C:6D:AF:58,0,1,ARMED,448.0,0,0,80:02:9C:61:97:4B,1,99,5599.2,80:02:9C:61:97:4A,2,0,NONE,2026-08-24T15:47:02.628990
45917,,-54,43,250,1091,65396,29260,2272395,0,99,7,0,0,14:33:5C:6D:AF:58,0,1,ARMED,448.0,0,0,80:02:9C:61:97:4B,1,149,3912.0,80:02:9C:61:97:4A,2,0,NONE,2026-08-24T15:47:02.649990
45917,,-74,23,409,538,65396,29260,2272440,0,99,7,0,0,14:33:5C:6D:AF:58,0,1,ARMED,448.0,0,1,80:02:9C:61:97:4B,1,199,2395.1,80:02:9C:61:97:4A,2,0,NONE,2026-08-24T15:47:02.694990
45917,,-54,43,250,1144,65396,29260,2272462,0,99,7,0,0,14:33:5C:6D:AF:58,0,1,ARMED,448.0,0,0,80:02:9C:61:97:4B,1,38,7748.8,80:02:9C:61:97:4A,2,0,NONE,2026-08-24T15:47:02.716990
45917,,-59,38,324,3244,65396,29260,2272475,0,99,7,0,0,14:33:5C:6D:AF:58,0,1,ARMED,448.0,0,1,80:02:9C:61:97:4B,1,88,4950.8,80:02:9C:61:97:4A,2,0,NONE,2026-08-24T15:47:02.729990
45917,,-53,44,250,1192,63968,29260,2272498,0,99,7,0,0,14:33:5C:6D:AF:58,0,1,ARMED,448.0,0,0,80:02:9C:61:97:4B,1,138,3363.6,80:02:9C:61:97:4A,2,0,NONE,2026-08-24T15:47:02.752990
45917,,-54,43,442,1204,65396,29260,2272516,0,99,7,0,0,14:33:5C:6D:AF:58,0,1,ARMED,448.0,0,1,80:02:9C:61:97:4B,1,188,3198.6,80:02:9C:61:97:4A,2,0,NONE,2026-08-24T15:47:02.770990
45917,,-74,23,264,578,65396,29260,2272548,0,99,7,0,0,14:33:5C:6D:AF:58,0,1,ARMED,448.0,0,0,80:02:9C:61:97:4B,1,238,2610.9,80:02:9C:61:97:4A,2,0,NONE,2026-08-24T15:47:02.802990
45917,,-53,44,250,1271,65396,29260,2272554,0,99,7,0,0,14:33:5C:6D:AF:58,0,1,ARMED,448.0,0,0,80:02:9C:61:97:4B,1,288,2965.9,80:02:9C:61:97:4A,2,0,NONE,2026-08-24T15:47:02.808990
45917,,-53,44,0,1291,65396,29260,2272574,0,99,7,0,0,14:33:5C:6D:AF:58,0,1,ARMED,448.0,0,1,80:02:9C:61:97:4B,1,49,14574.7,80:02:9C:61:97:4A,2,0,NONE,2026-08-24T15:47:02.828990
45917,,-54,43,764,1315,65396,29260,2272589,0,99,7,0,0,14:33:5C:6D:AF:58,0,1,ARMED,448.0,0,0,80:02:9C:61:97:4B,1,99,5500.9,80:02:9C:61:97:4A,2,0,NONE,2026-08-24T15:47:02.843990
45917,,-54,43,250,1343,65396,29260,2272609,0,99,7,0,0,14:33:5C:6D:AF:58,0,1,ARMED,448.0,0,0,80:02:9C:61:97:4B,1,149,3909.1,80:02:9C:61:97:4A,2,0,NONE,2026-08-24T15:47:02.863990
45917,PROBE_REQ,42,42,0,973,65396,29260,2272630,0,99,7,0,0,14:33:5C:6D:AF:58,0,1,ARMED,448.0,0,1,80:02:9C:61:97:4B,1,199,3378.6,80:02:9C:61:97:4A,2,0,NONE,2026-08-24T15:47:02.884990
45917,,-54,43,250,1421,65396,29260,2272649,0,99,7,0,0,14:33:5C:6D:AF:58,0,1,ARMED,448.0,0,0,80:02:9C:61:97:4B,1,249,3176.3,80:02:9C:61:97:4A,2,0,NONE,2026-08-24T15:47:02.903990
45917,,-54,43,3543,1439,65396,29260,2272680,0,99,7,0,0,14:33:5C:6D:AF:58,0,1,ARMED,448.0,0,1,80:02:9C:61:97:4B,1,5,565.0,80:02:9C:61:97:4A,2,0,NONE,2026-08-24T15:47:02.934990
45917,,-54,43,0,1316,65396,29260,2272852,0,99,7,0,0,14:33:5C:6D:AF:58,0,1,ARMED,448.0,0,0,80:02:9C:61:97:4B,1,22,349.6,80:02:9C:61:97:4A,2,0,NONE,2026-08-24T15:47:03.106990
45917,,-59,38,311,3281,65384,29260,2273390,0,99,7,0,0,14:33:5C:6D:AF:58,0,0,ARMED,448.0,0,0,80:02:9C:61:97:4B,1,9,101.3,80:02:9C:61:97:4A,2,0,NONE,2026-08-24T15:47:03.644990
45917,BEACON,-65,32,0,2836,65384,29260,2273514,0,99,7,0,0,14:33:5C:6D:AF:58,0,0,ARMED,448.0,0,1,80:02:9C:61:97:4B,1,49,494.9,80:02:9C:61:97:4A,2,0,NONE,2026-08-24T15:47:03.768990
45917,,-59,38,292,3305,65384,29260,2273993,0,99,7,0,0,14:33:5C:6D:AF:58,0,0,ARMED,448.0,0,0,80:02:9C:61:97:4B,1,9,163.0,80:02:9C:61:97:4A,2,0,NONE,2026-08-24T15:47:04.247990
45917,BEACON,-85,12,65114,344,65276,29260,2274428,0,99,7,0,0,14:33:5C:6D:AF:58,0,0,ARMED,448.0,0,1,80:02:9C:61:97:4B,1,4,49.5,80:02:9C:61:97:4A,2,0,NONE,2026-08-24T15:47:04.682990
45917,BEACON,-88,9,0,2725,65384,29260,2274952,0,99,7,0,0,14:33:5C:6D:AF:58,0,0,ARMED,448.0,0,1,80:02:9C:61:97:4B,1,7,75.1,80:02:9C:61:97:4A,2,0,NONE,2026-08-24T15:47:05.206990
45917,,48,48,0,1023,65384,29260,2275569,0,99,7,0,0,14:33:5C:6D:AF:58,0,0,ARMED,448.0,0,0,80:02:9C:61:97:4B,1,7,109.6,80:02:9C:61:97:4A,2,0,NONE,2026-08-24T15:47:05.823990
45917,BEACON,-86,11,64,1647,65384,29260,2275915,0,99,7,0,0,14:33:5C:6D:AF:58,0,1,ARMED,448.0,0,1,80:02:9C:61:97:4B,1,30,293.0,80:02:9C:61:97:4A,2,0,NONE,2026-08-24T15:47:06.169990
45917,BEACON,-64,33,0,2868,65384,29260,2276586,0,99,7,0,0,14:33:5C:6D:AF:58,0,0,ARMED,448.0,0,1,80:02:9C:61:97:4B,1,4,69.8,80:02:9C:61:97:4A,2,0,NONE,2026-08-24T15:47:06.840990
45917,,-50,47,0,1782,65384,29260,2276859,0,99,7,0,0,14:33:5C:6D:AF:58,0,0,ARMED,448.0,0,1,80:02:9C:61:97:4B,1,13,574.1,80:02:9C:61:97:4A,2,0,NONE,2026-08-24T15:47:07.113990
45917,,-74,23,3074,520,65384,29260,2276952,0,99,7,0,0,14:33:5C:6D:AF:58,0,1,ARMED,448.0,0,0,80:02:9C:61:97:4B,1,4,293.3,80:02:9C:61:97:4A,2,0,NONE,2026-08-24T15:47:07.206990
45917,BEACON,-93,4,0,2990,65384,29260,2277260,0,99,7,0,0,14:33:5C:6D:AF:58,0,0,ARMED,448.0,0,1,80:02:9C:61:97:4B,1,1,68.5,80:02:9C:61:97:4A,2,0,NONE,2026-08-24T15:47:07.514990
45917,BEACON,-92,5,0,2996,65384,29260,2277865,0,99,7,0,0,14:33:5C:6D:AF:58,0,0,ARMED,448.0,0,1,80:02:9C:61:97:4B,1,1,231.9,80:02:9C:61:97:4A,2,0,NONE,2026-08-24T15:47:08.119990
45917,BEACON,-85,12,102399,1672,65384,29260,2278475,0,99,7,0,0,14:33:5C:6D:AF:58,0,0,ARMED,448.0,0,1,80:02:9C:61:97:4B,1,1,99.4,80:02:9C:61:97:4A,2,0,NONE,2026-08-24T15:47:08.729990
45917,BEACON,-85,12,0,394,65384,29260,2278933,0,99,7,0,0,14:33:5C:6D:AF:58,0,0,ARMED,448.0,0,1,80:02:9C:61:97:4B,1,3,46.3,80:02:9C:61:97:4A,2,0,NONE,2026-08-24T15:47:09.187990
45917,BEACON,-65,32,0,2900,65384,29260,2279249,0,99,7,0,0,14:33:5C:6D:AF:58,0,0,ARMED,448.0,0,1,80:02:9C:61:97:4B,1,29,505.7,80:02:9C:61:97:4A,2,0,NONE,2026-08-24T15:47:09.503990
45917,,-53,44,565,1447,65312,29260,2279835,0,99,7,0,0,14:33:5C:6D:AF:58,0,0,ARMED,448.0,0,0,80:02:9C:61:97:4B,1,9,309.7,80:02:9C:61:97:4A,2,0,NONE,2026-08-24T15:47:10.089990
45917,,-80,17,79,528,65204,29260,2279896,0,99,7,0,0,14:33:5C:6D:AF:58,0,0,ARMED,448.0,0,1,80:02:9C:61:97:4B,1,59,651.9,80:02:9C:61:97:4A,2,0,NONE,2026-08-24T15:47:10.150990
45917,BEACON,-95,2,2164,3017,65384,29260,2279970,0,99,7,0,0,14:33:5C:6D:AF:58,0,1,ARMED,448.0,0,1,80:02:9C:61:97:4B,1,49,850.9,80:02:9C:61:97:4A,2,0,NONE,2026-08-24T15:47:10.224990
45917,,-74,23,642,549,65384,29260,2280172,0,99,7,0,0,14:33:5C:6D:AF:58,0,1,ARMED,448.0,0,0,80:02:9C:61:97:4B,1,6,138.1,80:02:9C:61:97:4A,2,0,NONE,2026-08-24T15:47:10.426990
45917,,-59,38,292,3387,65384,29260,2280313,0,99,7,0,0,14:33:5C:6D:AF:58,0,0,ARMED,448.0,0,0,80:02:9C:61:97:4B,1,41,510.4,80:02:9C:61:97:4A,2,0,NONE,2026-08-24T15:47:10.567990
45917,,-53,44,0,1411,65384,29260,2280351,0,99,7,0,0,14:33:5C:6D:AF:58,0,1,ARMED,448.0,0,0,80:02:9C:61:97:4B,1,27,1498.3,80:02:9C:61:97:4A,2,0,NONE,2026-08-24T15:47:10.605990
45917,,-53,44,4274,1504,65384,29260,2280474,0,99,7,0,0,14:33:5C:6D:AF:58,0,1,ARMED,448.0,0,0,80:02:9C:61:97:4B,1,14,382.5,80:02:9C:61:97:4A,2,0,NONE,2026-08-24T15:47:10.728990
45917,,-75,22,0,561,65384,29260,2280546,0,99,7,0,0,14:33:5C:6D:AF:58,0,1,ARMED,448.0,0,0,80:02:9C:61:97:4B,1,5,737.5,80:02:9C:61:97:4A,2,0,NONE,2026-08-24T15:47:10.800990
45917,,-53,44,307,1536,65384,29260,2280636,0,99,7,0,0,14:33:5C:6D:AF:58,0,1,ARMED,448.0,0,0,80:02:9C:61:97:4B,1,55,567.8,80:02:9C:61:97:4A,2,0,NONE,2026-08-24T15:47:10.890990
45917,,-75,22,344,645,65384,29260,2280751,0,99,7,0,0,14:33:5C:6D:AF:58,0,1,ARMED,448.0,0,1,80:02:9C:61:97:4B,1,16,1959.8,80:02:9C:61:97:4A,2,0,NONE,2026-08-24T15:47:11.005990
45917,,-53,44,379,1569,65384,29260,2280781,0,99,7,0,0,14:33:5C:6D:AF:58,0,1,ARMED,448.0,0,0,80:02:9C:61:97:4B,1,66,1723.8,80:02:9C:61:97:4A,2,0,NONE,2026-08-24T15:47:11.035990
45917,,-53,44,379,1606,64740,29260,2280807,0,99,7,0,0,14:33:5C:6D:AF:58,0,1,ARMED,448.0,0,0,80:02:9C:61:97:4B,1,116,1815.0,80:02:9C:61:97:4A,2,0,NONE,2026-08-24T15:47:11.061990
45917,,-54,43,379,1645,65384,29260,2280834,0,99,7,0,0,14:33:5C:6D:AF:58,0,1,ARMED,448.0,0,0,80:02:9C:61:97:4B,1,166,1821.1,80:02:9C:61:97:4A,2,0,NONE,2026-08-24T15:47:11.088990
45917,,-53,44,379,1680,65384,29260,2280856,0,99,7,0,0,14:33:5C:6D:AF:58,0,1,ARMED,448.0,0,0,80:02:9C:61:97:4B,1,28,2189.2,80:02:9C:61:97:4A,2,0,NONE,2026-08-24T15:47:11.110990
45917,BEACON,-65,32,593,2920,65384,29260,2280889,0,99,7,0,0,14:33:5C:6D:AF:58,0,1,ARMED,448.0,0,1,80:02:9C:61:97:4B,1,78,1717.3,80:02:9C:61:97:4A,2,0,NONE,2026-08-24T15:47:11.143990
45917,,-53,44,311,1733,65384,29260,2280917,0,99,7,0,0,14:33:5C:6D:AF:58,0,1,ARMED,448.0,0,0,80:02:9C:61:97:4B,1,128,1735.3,80:02:9C:61:97:4A,2,0,NONE,2026-08-24T15:47:11.171990
45917,,-53,44,287,1770,65384,29260,2280946,0,99,7,0,0,14:33:5C:6D:AF:58,0,1,ARMED,448.0,0,0,80:02:9C:61:97:4B,1,34,13178.3,80:02:9C:61:97:4A,2,0,NONE,2026-08-24T15:47:11.200990
45917,,-53,44,267,1801,65384,29260,2280968,0,99,7,0,0,14:33:5C:6D:AF:58,0,1,ARMED,448.0,0,0,80:02:9C:61:97:4B,1,84,3449.3,80:02:9C:61:97:4A,2,0,NONE,2026-08-24T15:47:11.222990
45917,,-53,44,729,1838,65384,29260,2280992,0,99,7,0,0,14:33:5C:6D:AF:58,0,1,ARMED,448.0,0,0,80:02:9C:61:97:4B,1,134,2755.2,80:02:9C:61:97:4A,2,0,NONE,2026-08-24T15:47:11.246990
45917,,-53,44,250,1875,65384,29260,2281046,0,99,7,0,0,14:33:5C:6D:AF:58,0,1,ARMED,448.0,0,0,80:02:9C:61:97:4B,1,2,884.6,80:02:9C:61:97:4A,2,0,NONE,2026-08-24T15:47:11.300990
45917,,-53,44,266,1898,65364,29260,2281074,0,99,7,0,0,14:33:5C:6D:AF:58,0,1,ARMED,448.0,0,0,80:02:9C:61:97:4B,1,52,1678.3,80:02:9C:61:97:4A,2,0,NONE,2026-08-24T15:47:11.328990
45917,,-75,22,0,777,61096,29260,2281096,0,99,7,0,0,14:33:5C:6D:AF:58,0,1,ARMED,448.0,0,0,80:02:9C:61:97:4B,1,102,1944.7,80:02:9C:61:97:4A,2,0,NONE,2026-08-24T15:47:11.350990
45917,,-53,44,250,1949,65384,29260,2281121,0,99,7,0,0,14:33:5C:6D:AF:58,0,1,ARMED,448.0,0,0,80:02:9C:61:97:4B,1,152,1957.9,80:02:9C:61:97:4A,2,0,NONE,2026-08-24T15:47:11.375990
45917,,-53,44,250,1994,65384,29260,2281138,0,99,7,0,0,14:33:5C:6D:AF:58,0,1,ARMED,448.0,0,0,80:02:9C:61:97:4B,1,202,2123.0,80:02:9C:61:97:4A,2,0,NONE,2026-08-24T15:47:11.392990
45917,,-53,44,250,2032,65384,29260,2281158,0,99,7,0,0,14:33:5C:6D:AF:58,0,1,ARMED,448.0,0,0,80:02:9C:61:97:4B,1,49,12474.5,80:02:9C:61:97:4A,2,0,NONE,2026-08-24T15:47:11.412990
45917,,-53,44,317,2064,65384,29260,2281178,0,99,7,0,0,14:33:5C:6D:AF:58,0,1,ARMED,448.0,0,1,80:02:9C:61:97:4B,1,99,4261.2,80:02:9C:61:97:4A,2,0,NONE,2026-08-24T15:47:11.432990
45917,,-75,22,15663,85,65384,29260,2281219,0,99,7,0,0,14:33:5C:6D:AF:58,0,1,ARMED,448.0,0,1,80:02:9C:61:97:4B,1,149,2319.6,80:02:9C:61:97:4A,2,0,NONE,2026-08-24T15:47:11.473990
45917,,-54,43,695,2129,65384,29260,2281238,0,99,7,0,0,14:33:5C:6D:AF:58,0,1,ARMED,448.0,0,0,80:02:9C:61:97:4B,1,199,2379.4,80:02:9C:61:97:4A,2,0,NONE,2026-08-24T15:47:11.492990
45917,,-75,22,452,1136,63700,29260,2281277,0,99,7,0,0,14:33:5C:6D:AF:58,0,1,ARMED,448.0,0,0,80:02:9C:61:97:4B,1,46,2045.5,80:02:9C:61:97:4A,2,0,NONE,2026-08-24T15:47:11.531990
45917,,-53,44,564,2165,65384,29260,2281295,0,99,7,0,0,14:33:5C:6D:AF:58,0,1,ARMED,448.0,0,0,80:02:9C:61:97:4B,1,96,2381.8,80:02:9C:61:97:4A,2,0,NONE,2026-08-24T15:47:11.549990
45917,,-54,43,1862,2199,65384,29260,2281319,0,99,7,0,0,14:33:5C:6D:AF:58,0,1,ARMED,448.0,0,0,80:02:9C:61:97:4B,1,146,2259.9,80:02:9C:61:97:4A,2,0,NONE,2026-08-24T15:47:11.573990
45917,,-53,44,267,2231,65384,29260,2281339,0,99,7,0,0,14:33:5C:6D:AF:58,0,1,ARMED,448.0,0,0,80:02:9C:61:97:4B,1,196,2309.1,80:02:9C:61:97:4A,2,0,NONE,2026-08-24T15:47:11.593990
45917,,-74,23,514,1160,65384,29260,2281361,0,99,7,0,0,14:33:5C:6D:AF:58,0,1,ARMED,448.0,0,1,80:02:9C:61:97:4B,1,49,9753.2,80:02:9C:61:97:4A,2,0,NONE,2026-08-24T15:47:11.615990
45917,,-74,23,246,890,65384,29260,2281402,0,99,7,0,0,14:33:5C:6D:AF:58,0,1,ARMED,448.0,0,1,80:02:9C:61:97:4B,1,99,2159.1,80:02:9C:61:97:4A,2,0,NONE,2026-08-24T15:47:11.656990
45917,,-53,44,250,2314,65384,29260,2281428,0,99,7,0,0,14:33:5C:6D:AF:58,0,1,ARMED,448.0,0,1,80:02:9C:61:97:4B,1,149,2071.9,80:02:9C:61:97:4A,2,0,NONE,2026-08-24T15:47:11.682990
45917,,-53,44,250,2346,65384,29260,2281449,0,99,7,0,0,14:33:5C:6D:AF:58,0,1,ARMED,448.0,0,0,80:02:9C:61:97:4B,1,199,2150.0,80:02:9C:61:97:4A,2,0,NONE,2026-08-24T15:47:11.703990
45917,,-53,44,117,2372,65384,29260,2281477,0,99,7,0,0,14:33:5C:6D:AF:58,0,1,ARMED,448.0,0,0,80:02:9C:61:97:4B,1,49,14488.5,80:02:9C:61:97:4A,2,0,NONE,2026-08-24T15:47:11.731990
45917,,-53,44,249,2384,65384,29260,2281565,0,99,7,0,0,14:33:5C:6D:AF:58,0,1,ARMED,448.0,0,1,80:02:9C:61:97:4B,1,99,1089.8,80:02:9C:61:97:4A,2,0,NONE,2026-08-24T15:47:11.819990
45917,,-75,22,190,624,65384,29260,2281626,0,99,7,0,0,14:33:5C:6D:AF:58,0,1,ARMED,448.0,0,0,80:02:9C:61:97:4B,1,49,1091.9,80:02:9C:61:97:4A,2,0,NONE,2026-08-24T15:47:11.880990
45917,BEACON,-85,12,0,429,65384,29260,2281903,0,99,7,0,0,14:33:5C:6D:AF:58,0,0,ARMED,448.0,0,1,80:02:9C:61:97:4B,1,21,205.0,80:02:9C:61:97:4A,2,0,NONE,2026-08-24T15:47:12.157990
45917,,-59,38,292,3423,65384,29260,2282349,0,99,7,0,0,14:33:5C:6D:AF:58,0,0,ARMED,448.0,0,0,80:02:9C:61:97:4B,1,7,244.3,80:02:9C:61:97:4A,2,0,NONE,2026-08-24T15:47:12.603990
45917,,-74,23,997,917,65384,29260,2282665,0,99,7,0,0,14:33:5C:6D:AF:58,0,0,ARMED,448.0,0,0,80:02:9C:61:97:4B,1,14,355.5,80:02:9C:61:97:4A,2,0,NONE,2026-08-24T15:47:12.919990
45917,,-54,43,419,2397,65384,29260,2282946,0,99,7,0,0,14:33:5C:6D:AF:58,0,0,ARMED,448.0,0,0,80:02:9C:61:97:4B,1,6,430.1,80:02:9C:61:97:4A,2,0,NONE,2026-08-24T15:47:13.200990
45917,,-59,38,292,3438,65384,29260,2283195,0,99,7,0,0,14:33:5C:6D:AF:58,0,0,ARMED,448.0,0,0,80:02:9C:61:97:4B,1,14,243.0,80:02:9C:61:97:4A,2,0,NONE,2026-08-24T15:47:13.449990
45917,BEACON,-94,3,0,3053,65384,29260,2283482,0,99,7,0,0,14:33:5C:6D:AF:58,0,0,ARMED,448.0,0,1,80:02:9C:61:97:4B,1,7,185.2,80:02:9C:61:97:4A,2,0,NONE,2026-08-24T15:47:13.736990
45917,,-53,44,4729,1450,65384,29260,2283887,0,99,7,0,0,14:33:5C:6D:AF:58,0,0,ARMED,448.0,0,1,80:02:9C:61:97:4B,1,22,677.2,80:02:9C:61:97:4A,2,0,NONE,2026-08-24T15:47:14.141990
45917,,-49,48,87323,1409,65384,29260,2284174,0,99,7,0,0,14:33:5C:6D:AF:58,0,0,ARMED,448.0,0,1,80:02:9C:61:97:4B,1,2,172.0,80:02:9C:61:97:4A,2,0,NONE,2026-08-24T15:47:14.428990
45917,PROBE_REQ,42,42,0,2969,65384,29260,2284484,0,99,7,0,0,14:33:5C:6D:AF:58,0,0,ARMED,448.0,0,0,80:02:9C:61:97:4B,1,4,258.1,80:02:9C:61:97:4A,2,0,NONE,2026-08-24T15:47:14.738990
45917,BEACON,-96,1,0,241,65384,29260,2284907,0,99,7,0,0,14:33:5C:6D:AF:58,0,0,ARMED,448.0,0,1,80:02:9C:61:97:4B,1,5,170.8,80:02:9C:61:97:4A,2,0,NONE,2026-08-24T15:47:15.161990
45917,PROBE_REQ,42,42,0,2979,65384,29260,2285413,0,99,7,0,0,14:33:5C:6D:AF:58,0,0,ARMED,448.0,0,0,80:02:9C:61:97:4B,1,10,491.1,80:02:9C:61:97:4A,2,0,NONE,2026-08-24T15:47:15.667990
45917,BEACON,-93,4,0,3633,65384,29260,2285927,0,99,7,0,0,14:33:5C:6D:AF:58,0,0,ARMED,448.0,0,1,80:02:9C:61:97:4B,1,2,89.7,80:02:9C:61:97:4A,2,0,NONE,2026-08-24T15:47:16.181990
45917,,-53,44,148,2401,65384,29260,2286316,0,99,7,0,0,14:33:5C:6D:AF:58,0,0,ARMED,448.0,0,1,80:02:9C:61:97:4B,1,3,678.6,80:02:9C:61:97:4A,2,0,NONE,2026-08-24T15:47:16.570990
45917,BEACON,-95,2,0,284,65384,29260,2286547,0,99,7,0,0,14:33:5C:6D:AF:58,0,0,ARMED,448.0,0,1,80:02:9C:61:97:4B,1,6,196.4,80:02:9C:61:97:4A,2,0,NONE,2026-08-24T15:47:16.801990
45917,,-51,46,247,1428,65384,29260,2286833,0,99,7,0,0,14:33:5C:6D:AF:58,0,0,ARMED,448.0,0,0,80:02:9C:61:97:4B,1,5,887.6,80:02:9C:61:97:4A,2,0,NONE,2026-08-24T15:47:17.087990
45917,,-75,22,335,1205,65384,29260,2287234,0,99,7,0,0,14:33:5C:6D:AF:58,0,0,ARMED,448.0,0,1,80:02:9C:61:97:4B,1,11,110.0,80:02:9C:61:97:4A,2,0,NONE,2026-08-24T15:47:17.488990
45917,,-53,44,1013,1494,65384,29260,2287306,0,99,7,0,0,14:33:5C:6D:AF:58,0,0,ARMED,448.0,0,0,80:02:9C:61:97:4B,1,50,693.7,80:02:9C:61:97:4A,2,0,NONE,2026-08-24T15:47:17.560990
45917,PROBE_RESP,-93,4,0,318,65384,29260,2287499,0,99,7,0,0,14:33:5C:6D:AF:58,0,1,ARMED,448.0,0,1,80:02:9C:61:97:4B,1,8,130.8,80:02:9C:61:97:4A,2,0,NONE,2026-08-24T15:47:17.753990
45917,PROBE_REQ,50,50,0,1208,65384,29260,2287667,0,99,7,0,0,14:33:5C:6D:AF:58,0,0,ARMED,448.0,0,0,80:02:9C:61:97:4B,1,19,802.3,80:02:9C:61:97:4A,2,0,NONE,2026-08-24T15:47:17.921990
45917,BEACON,-93,4,63485,3653,65384,29260,2287975,0,99,7,0,0,14:33:5C:6D:AF:58,0,0,ARMED,448.0,0,1,80:02:9C:61:97:4B,1,1,44.9,80:02:9C:61:97:4A,2,0,NONE,2026-08-24T15:47:18.229990
45917,BEACON,-64,33,0,3012,65384,29260,2288362,0,99,7,0,0,14:33:5C:6D:AF:58,0,0,ARMED,448.0,0,1,80:02:9C:61:97:4B,1,1,370.6,80:02:9C:61:97:4A,2,0,NONE,2026-08-24T15:47:18.616990
45917,BEACON,-94,3,0,3662,65384,29260,2288897,0,99,7,0,0,14:33:5C:6D:AF:58,0,0,ARMED,448.0,0,1,80:02:9C:61:97:4B,1,2,89.1,80:02:9C:61:97:4A,2,0,NONE,2026-08-24T15:47:19.151990
45917,PROBE_REQ,44,44,0,1023,65384,29260,2289443,0,99,7,0,0,14:33:5C:6D:AF:58,0,0,ARMED,448.0,0,0,80:02:9C:61:97:4B,1,17,293.9,80:02:9C:61:97:4A,2,0,NONE,2026-08-24T15:47:19.697990
45917,,-48,49,17836,1455,65384,29260,2289656,0,99,7,0,0,14:33:5C:6D:AF:58,0,1,ARMED,448.0,0,0,80:02:9C:61:97:4B,1,8,119.2,80:02:9C:61:97:4A,2,0,NONE,2026-08-24T15:47:19.910990
45917,PROBE_REQ,44,44,0,1023,65384,29260,2290082,0,99,7,0,0,14:33:5C:6D:AF:58,0,0,ARMED,448.0,0,0,80:02:9C:61:97:4B,1,17,198.8,80:02:9C:61:97:4A,2,0,NONE,2026-08-24T15:47:20.336990
45917,PROBE_REQ,44,44,0,1023,65384,29260,2290359,0,99,7,0,0,14:33:5C:6D:AF:58,0,0,ARMED,448.0,0,0,80:02:9C:61:97:4B,1,13,240.5,80:02:9C:61:97:4A,2,0,NONE,2026-08-24T15:47:20.613990
45917,PROBE_REQ,48,48,0,1561,65384,29260,2290629,0,99,7,0,0,14:33:5C:6D:AF:58,0,0,ARMED,448.0,0,1,80:02:9C:61:97:4B,1,3,229.7,80:02:9C:61:97:4A,2,0,NONE,2026-08-24T15:47:20.883990
45917,,-47,50,5942,1485,65384,29260,2290771,0,99,7,0,0,14:33:5C:6D:AF:58,0,0,ARMED,448.0,0,0,80:02:9C:61:97:4B,1,37,696.9,80:02:9C:61:97:4A,2,0,NONE,2026-08-24T15:47:21.025990
45917,,-48,49,193,1489,65384,29260,2290892,0,99,7,0,0,14:33:5C:6D:AF:58,0,1,ARMED,448.0,0,0,80:02:9C:61:97:4B,1,43,599.4,80:02:9C:61:97:4A,2,0,NONE,2026-08-24T15:47:21.146990
45917,,-65,32,44176,1491,65384,29260,2291369,0,99,7,0,0,14:33:5C:6D:AF:58,0,0,ARMED,448.0,0,1,80:02:9C:61:97:4B,1,3,80.0,80:02:9C:61:97:4A,2,0,NONE,2026-08-24T15:47:21.623990
45917,,-52,45,982,2417,65384,29260,2291577,0,99,7,0,0,14:33:5C:6D:AF:58,0,0,ARMED,448.0,0,1,80:02:9C:61:97:4B,1,26,651.5,80:02:9C:61:97:4A,2,0,NONE,2026-08-24T15:47:21.831990
45917,,-73,24,280,935,65384,29260,2291597,0,99,7,0,0,14:33:5C:6D:AF:58,0,0,ARMED,448.0,0,0,80:02:9C:61:97:4B,1,76,1267.1,80:02:9C:61:97:4A,2,0,NONE,2026-08-24T15:47:21.851990
45917,,-52,45,283,2469,65384,29260,2291619,0,99,7,0,0,14:33:5C:6D:AF:58,0,0,ARMED,448.0,0,0,80:02:9C:61:97:4B,1,126,1538.1,80:02:9C:61:97:4A,2,0,NONE,2026-08-24T15:47:21.873990
45917,,-72,25,259,951,64920,29260,2291647,0,99,7,0,0,14:33:5C:6D:AF:58,0,1,ARMED,448.0,0,0,80:02:9C:61:97:4B,1,26,2533.1,80:02:9C:61:97:4A,2,0,NONE,2026-08-24T15:47:21.901990
45917,,-52,45,250,2516,65384,29260,2291665,0,99,7,0,0,14:33:5C:6D:AF:58,0,1,ARMED,448.0,0,0,80:02:9C:61:97:4B,1,76,2665.0,80:02:9C:61:97:4A,2,0,NONE,2026-08-24T15:47:21.919990
45917,,-52,45,250,2546,65384,29260,2291691,0,99,7,0,0,14:33:5C:6D:AF:58,0,1,ARMED,448.0,0,0,80:02:9C:61:97:4B,1,126,2350.6,80:02:9C:61:97:4A,2,0,NONE,2026-08-24T15:47:21.945990
45917,,-73,24,0,969,64052,29260,2291706,0,99,7,0,0,14:33:5C:6D:AF:58,0,1,ARMED,448.0,0,0,80:02:9C:61:97:4B,1,176,2561.6,80:02:9C:61:97:4A,2,0,NONE,2026-08-24T15:47:21.960990
45917,,-72,25,0,979,65384,29260,2291734,0,99,7,0,0,14:33:5C:6D:AF:58,0,1,ARMED,448.0,0,0,80:02:9C:61:97:4B,1,226,2322.6,80:02:9C:61:97:4A,2,0,NONE,2026-08-24T15:47:21.988990
45917,,-53,44,800,2629,64740,29260,2291741,0,99,7,0,0,14:33:5C:6D:AF:58,0,1,ARMED,448.0,0,0,80:02:9C:61:97:4B,1,49,13964.1,80:02:9C:61:97:4A,2,0,NONE,2026-08-24T15:47:21.995990
45917,,-73,24,0,997,64912,29260,2291781,0,99,7,0,0,14:33:5C:6D:AF:58,0,1,ARMED,448.0,0,0,80:02:9C:61:97:4B,1,99,2236.6,80:02:9C:61:97:4A,2,0,NONE,2026-08-24T15:47:22.035990
45917,,-53,44,250,2681,65384,29260,2291796,0,99,7,0,0,14:33:5C:6D:AF:58,0,1,ARMED,448.0,0,0,80:02:9C:61:97:4B,1,149,2551.5,80:02:9C:61:97:4A,2,0,NONE,2026-08-24T15:47:22.050990
45917,,-53,44,250,2716,65384,29260,2291815,0,99,7,0,0,14:33:5C:6D:AF:58,0,1,ARMED,448.0,0,0,80:02:9C:61:97:4B,1,199,2541.3,80:02:9C:61:97:4A,2,0,NONE,2026-08-24T15:47:22.069990
45917,,-73,24,550,1011,65384,29260,2291829,0,99,7,0,0,14:33:5C:6D:AF:58,0,1,ARMED,448.0,0,0,80:02:9C:61:97:4B,1,249,2700.8,80:02:9C:61:97:4A,2,0,NONE,2026-08-24T15:47:22.083990
45917,,-53,44,250,2769,65384,29260,2291862,0,99,7,0,0,14:33:5C:6D:AF:58,1,1,ARMED,448.0,0,0,80:02:9C:61:97:4B,1,49,3006.7,80:02:9C:61:97:4A,2,0,NONE,2026-08-24T15:47:22.116990
45917,,-53,44,507,2795,65384,29260,2291874,0,99,7,0,0,14:33:5C:6D:AF:58,1,1,ARMED,448.0,0,1,80:02:9C:61:97:4B,1,99,3423.2,80:02:9C:61:97:4A,2,0,NONE,2026-08-24T15:47:22.128990
45917,,-53,44,497,2830,63952,29260,2291894,0,99,7,0,0,14:33:5C:6D:AF:58,1,1,ARMED,448.0,0,1,80:02:9C:61:97:4B,1,149,3061.2,80:02:9C:61:97:4A,2,0,NONE,2026-08-24T15:47:22.148990
45917,,-52,45,265,2871,65384,29260,2291908,0,99,7,0,0,14:33:5C:6D:AF:58,1,1,ARMED,448.0,0,0,80:02:9C:61:97:4B,1,199,3162.6,80:02:9C:61:97:4A,2,0,NONE,2026-08-24T15:47:22.162990
45917,,-52,45,250,2887,65384,29260,2291937,0,99,7,0,0,14:33:5C:6D:AF:58,1,1,ARMED,448.0,0,0,80:02:9C:61:97:4B,1,249,2711.5,80:02:9C:61:97:4A,2,0,NONE,2026-08-24T15:47:22.191990
45917,,-53,44,250,2919,64740,29260,2291951,0,99,7,0,0,14:33:5C:6D:AF:58,1,1,ARMED,448.0,0,0,80:02:9C:61:97:4B,1,6,1565.8,80:02:9C:61:97:4A,2,0,NONE,2026-08-24T15:47:22.205990
45917,,-52,45,250,2951,65384,29260,2291979,0,99,7,0,0,14:33:5C:6D:AF:58,1,1,ARMED,448.0,0,0,80:02:9C:61:97:4B,1,56,1751.5,80:02:9C:61:97:4A,2,0,NONE,2026-08-24T15:47:22.233990
45917,,-72,25,0,1092,65384,29260,2291994,0,99,7,0,0,14:33:5C:6D:AF:58,1,1,ARMED,448.0,0,0,80:02:9C:61:97:4B,1,106,2241.6,80:02:9C:61:97:4A,2,0,NONE,2026-08-24T15:47:22.248990
45917,PROBE_REQ,43,43,0,0,65016,29260,2292015,0,99,7,0,0,14:33:5C:6D:AF:58,1,1,ARMED,448.0,0,1,80:02:9C:61:97:4B,1,156,2276.1,80:02:9C:61:97:4A,2,0,NONE,2026-08-24T15:47:22.269990
45917,,-53,44,446,3028,65384,29260,2292053,0,99,7,0,0,14:33:5C:6D:AF:58,1,1,ARMED,448.0,0,0,80:02:9C:61:97:4B,1,12,2864.0,80:02:9C:61:97:4A,2,0,NONE,2026-08-24T15:47:22.307990
45917,,-53,44,266,3060,63952,29260,2292080,0,99,7,0,0,14:33:5C:6D:AF:58,1,1,ARMED,448.0,0,0,80:02:9C:61:97:4B,1,62,1997.1,80:02:9C:61:97:4A,2,0,NONE,2026-08-24T15:47:22.334990
45917,,-53,44,266,3092,65308,29260,2292089,0,99,7,0,0,14:33:5C:6D:AF:58,1,1,ARMED,448.0,0,0,80:02:9C:61:97:4B,1,112,2771.0,80:02:9C:61:97:4A,2,0,NONE,2026-08-24T15:47:22.343990
45917,,-53,44,527,3107,65384,29260,2292114,0,99,7,0,0,14:33:5C:6D:AF:58,1,1,ARMED,448.0,0,0,80:02:9C:61:97:4B,1,162,2477.8,80:02:9C:61:97:4A,2,0,NONE,2026-08-24T15:47:22.368990
45917,,-52,45,283,3126,65384,29260,2292131,0,99,7,0,0,14:33:5C:6D:AF:58,1,1,ARMED,448.0,0,0,80:02:9C:61:97:4B,1,212,2568.2,80:02:9C:61:97:4A,2,0,NONE,2026-08-24T15:47:22.385990
45917,,-52,45,267,3166,63388,29260,2292160,0,99,7,0,0,14:33:5C:6D:AF:58,0,1,ARMED,448.0,0,0,80:02:9C:61:97:4B,1,49,12956.1,80:02:9C:61:97:4A,2,0,NONE,2026-08-24T15:47:22.414990
45917,,-53,44,657,3192,65384,29260,2292177,0,99,7,0,0,14:33:5C:6D:AF:58,0,1,ARMED,448.0,0,0,80:02:9C:61:97:4B,1,99,4871.8,80:02:9C:61:97:4A,2,0,NONE,2026-08-24T15:47:22.431990
45917,,-53,44,266,3230,64740,29260,2292196,0,99,7,0,0,14:33:5C:6D:AF:58,0,1,ARMED,448.0,0,0,80:02:9C:61:97:4B,1,149,3735.3,80:02:9C:61:97:4A,2,0,NONE,2026-08-24T15:47:22.450990
45917,,-52,45,505,3253,65384,29260,2292210,0,99,7,0,0,14:33:5C:6D:AF:58,0,1,ARMED,448.0,0,1,80:02:9C:61:97:4B,1,199,3711.9,80:02:9C:61:97:4A,2,0,NONE,2026-08-24T15:47:22.464990
45917,,-73,24,511,1185,63580,29260,2292230,0,99,7,0,0,14:33:5C:6D:AF:58,0,1,ARMED,448.0,0,1,80:02:9C:61:97:4B,1,249,3402.4,80:02:9C:61:97:4A,2,0,NONE,2026-08-24T15:47:22.484990
45917,,-53,44,267,3325,65384,29260,2292244,0,99,7,0,0,14:33:5C:6D:AF:58,0,1,ARMED,448.0,0,0,80:02:9C:61:97:4B,1,299,3411.2,80:02:9C:61:97:4A,2,0,NONE,2026-08-24T15:47:22.498990
45917,,-53,44,459,3365,65384,29260,2292267,0,99,7,0,0,14:33:5C:6D:AF:58,0,1,ARMED,448.0,0,0,80:02:9C:61:97:4B,1,49,6651.3,80:02:9C:61:97:4A,2,0,NONE,2026-08-24T15:47:22.521990
45917,,-53,44,267,3381,65384,29260,2292284,0,99,7,0,0,14:33:5C:6D:AF:58,0,1,ARMED,448.0,0,0,80:02:9C:61:97:4B,1,99,4195.8,80:02:9C:61:97:4A,2,0,NONE,2026-08-24T15:47:22.538990
45917,BEACON,-88,9,0,2481,65384,29260,2292472,0,99,7,0,0,14:33:5C:6D:AF:58,0,0,ARMED,448.0,0,1,80:02:9C:61:97:4B,1,10,97.6,80:02:9C:61:97:4A,2,0,NONE,2026-08-24T15:47:22.726990
45917,,-66,31,0,3063,63652,29260,2293074,0,99,7,0,0,14:33:5C:6D:AF:58,0,0,ARMED,448.0,0,0,80:02:9C:61:97:4B,1,9,99.6,80:02:9C:61:97:4A,2,0,NONE,2026-08-24T15:47:23.328990
45917,,-57,40,464,3601,65384,29260,2293499,0,99,7,0,0,14:33:5C:6D:AF:58,0,0,ARMED,448.0,0,0,80:02:9C:61:97:4B,1,16,194.6,80:02:9C:61:97:4A,2,0,NONE,2026-08-24T15:47:23.753990
45917,,-62,35,27919,1518,65384,29260,2293976,0,99,7,0,0,14:33:5C:6D:AF:58,0,0,ARMED,448.0,0,0,80:02:9C:61:97:4B,1,2,51.0,80:02:9C:61:97:4A,2,0,NONE,2026-08-24T15:47:24.230990
45917,,-57,40,292,3627,65384,29260,2294343,0,99,7,0,0,14:33:5C:6D:AF:58,0,0,ARMED,448.0,0,0,80:02:9C:61:97:4B,1,27,273.3,80:02:9C:61:97:4A,2,0,NONE,2026-08-24T15:47:24.597990
45917,,-60,37,12629,1519,65384,29260,2294622,0,99,7,0,0,14:33:5C:6D:AF:58,0,0,ARMED,448.0,0,1,80:02:9C:61:97:4B,1,7,98.8,80:02:9C:61:97:4A,2,0,NONE,2026-08-24T15:47:24.876990
45917,BEACON,-93,4,0,3720,65384,29260,2294836,0,99,7,0,0,14:33:5C:6D:AF:58,0,0,ARMED,448.0,0,1,80:02:9C:61:97:4B,1,16,199.6,80:02:9C:61:97:4A,2,0,NONE,2026-08-24T15:47:25.090990
45917,,-62,35,17896,1531,65384,29260,2294942,0,99,7,0,0,14:33:5C:6D:AF:58,0,0,ARMED,448.0,0,1,80:02:9C:61:97:4B,1,47,602.1,80:02:9C:61:97:4A,2,0,NONE,2026-08-24T15:47:25.196990
45917,,-62,35,7384,1541,65384,29260,2295246,0,99,7,0,0,14:33:5C:6D:AF:58,0,0,ARMED,448.0,0,1,80:02:9C:61:97:4B,1,8,219.6,80:02:9C:61:97:4A,2,0,NONE,2026-08-24T15:47:25.500990
45917,,-63,34,13666,1553,65384,29260,2295806,0,99,7,0,0,14:33:5C:6D:AF:58,0,0,ARMED,448.0,0,0,80:02:9C:61:97:4B,1,9,114.0,80:02:9C:61:97:4A,2,0,NONE,2026-08-24T15:47:26.060990
45917,BEACON,-91,6,0,2936,65384,29260,2296347,0,99,7,0,0,14:33:5C:6D:AF:58,0,0,ARMED,448.0,0,1,80:02:9C:61:97:4B,1,1,170.8,80:02:9C:61:97:4A,2,0,NONE,2026-08-24T15:47:26.601990
45917,,-53,44,0,1602,65384,29260,2296592,0,99,7,0,0,14:33:5C:6D:AF:58,0,0,ARMED,448.0,0,0,80:02:9C:61:97:4B,1,30,654.4,80:02:9C:61:97:4A,2,0,NONE,2026-08-24T15:47:26.846990
45917,,-58,39,38633,1570,65384,29260,2296917,0,99,7,0,0,14:33:5C:6D:AF:58,0,0,ARMED,448.0,0,1,80:02:9C:61:97:4B,1,9,141.3,80:02:9C:61:97:4A,2,0,NONE,2026-08-24T15:47:27.171990
45917,,-58,39,0,1580,65384,29260,2297348,0,99,7,0,0,14:33:5C:6D:AF:58,0,0,ARMED,448.0,0,1,80:02:9C:61:97:4B,1,11,129.6,80:02:9C:61:97:4A,2,0,NONE,2026-08-24T15:47:27.602990
45917,BEACON,-88,9,0,2531,65384,29260,2297592,0,99,7,0,0,14:33:5C:6D:AF:58,0,0,ARMED,448.0,0,1,80:02:9C:61:97:4B,1,5,242.8,80:02:9C:61:97:4A,2,0,NONE,2026-08-24T15:47:27.846990
45917,BEACON,-63,34,0,3114,65384,29260,2297681,0,99,7,0,0,14:33:5C:6D:AF:58,0,1,ARMED,448.0,0,1,80:02:9C:61:97:4B,1,13,1731.3,80:02:9C:61:97:4A,2,0,NONE,2026-08-24T15:47:27.935990
45917,BEACON,-90,7,0,2951,65384,29260,2297780,0,99,7,0,0,14:33:5C:6D:AF:58,0,1,ARMED,448.0,0,1,80:02:9C:61:97:4B,1,1,171.1,80:02:9C:61:97:4A,2,0,NONE,2026-08-24T15:47:28.034990
45917,BEACON,-86,11,106344,624,65384,29260,2298492,0,99,7,0,0,14:33:5C:6D:AF:58,0,0,ARMED,448.0,0,1,80:02:9C:61:97:4B,1,7,68.3,80:02:9C:61:97:4A,2,0,NONE,2026-08-24T15:47:28.746990
45917,PROBE_RESP,-84,13,0,630,65384,29260,2298918,0,99,7,0,0,14:33:5C:6D:AF:58,0,0,ARMED,448.0,0,1,80:02:9C:61:97:4B,1,4,233.7,80:02:9C:61:97:4A,2,0,NONE,2026-08-24T15:47:29.172990
45917,BEACON,-94,3,0,3765,65384,29260,2299444,0,99,7,0,0,14:33:5C:6D:AF:58,0,0,ARMED,448.0,0,1,80:02:9C:61:97:4B,1,5,162.3,80:02:9C:61:97:4A,2,0,NONE,2026-08-24T15:47:29.698990
45917,,-56,41,292,3692,65384,29260,2299659,0,99,7,0,0,14:33:5C:6D:AF:58,0,0,ARMED,448.0,0,0,80:02:9C:61:97:4B,1,15,361.4,80:02:9C:61:97:4A,2,0,NONE,2026-08-24T15:47:29.913990
45917,PROBE_REQ,62,62,0,1023,65384,29260,2299864,0,99,7,0,0,14:33:5C:6D:AF:58,0,0,ARMED,448.0,0,1,80:02:9C:61:97:4B,1,7,170.7,80:02:9C:61:97:4A,2,0,NONE,2026-08-24T15:47:30.118990
45917,PROBE_REQ,44,44,0,1023,65384,29260,2300065,0,99,7,0,0,14:33:5C:6D:AF:58,0,1,ARMED,448.0,0,0,80:02:9C:61:97:4B,1,12,318.6,80:02:9C:61:97:4A,2,0,NONE,2026-08-24T15:47:30.319990
45917,PROBE_REQ,43,43,0,1,65384,29260,2300216,0,99,7,0,0,14:33:5C:6D:AF:58,0,0,ARMED,448.0,0,0,80:02:9C:61:97:4B,1,40,464.0,80:02:9C:61:97:4A,2,0,NONE,2026-08-24T15:47:30.470990
45917,PROBE_REQ,43,43,0,1023,65384,29260,2300432,0,99,7,0,0,14:33:5C:6D:AF:58,0,0,ARMED,448.0,0,0,80:02:9C:61:97:4B,1,25,256.3,80:02:9C:61:97:4A,2,0,NONE,2026-08-24T15:47:30.686990
45917,PROBE_REQ,43,43,0,1561,65384,29260,2300552,0,99,7,0,0,14:33:5C:6D:AF:58,0,1,ARMED,448.0,0,1,80:02:9C:61:97:4B,1,21,1621.9,80:02:9C:61:97:4A,2,0,NONE,2026-08-24T15:47:30.806990
45917,,-53,44,0,3429,65384,29260,2300576,0,99,7,0,0,14:33:5C:6D:AF:58,0,1,ARMED,448.0,0,1,80:02:9C:61:97:4B,1,71,1925.3,80:02:9C:61:97:4A,2,0,NONE,2026-08-24T15:47:30.830990
45917,,-54,43,457,3462,65384,29260,2300591,0,99,7,0,0,14:33:5C:6D:AF:58,0,1,ARMED,448.0,0,0,80:02:9C:61:97:4B,1,121,2349.8,80:02:9C:61:97:4A,2,0,NONE,2026-08-24T15:47:30.845990
45917,,-74,23,0,1247,64920,29260,2300630,0,99,7,0,0,14:33:5C:6D:AF:58,0,1,ARMED,448.0,0,0,80:02:9C:61:97:4B,1,171,1886.4,80:02:9C:61:97:4A,2,0,NONE,2026-08-24T15:47:30.884990
45917,,-53,44,249,3504,65384,29260,2300654,0,99,7,0,0,14:33:5C:6D:AF:58,1,1,ARMED,448.0,0,0,80:02:9C:61:97:4B,1,28,2006.9,80:02:9C:61:97:4A,2,0,NONE,2026-08-24T15:47:30.908990
45917,,-53,44,359,3535,64740,29260,2300674,0,99,7,0,0,14:33:5C:6D:AF:58,1,1,ARMED,448.0,0,0,80:02:9C:61:97:4B,1,78,2288.9,80:02:9C:61:97:4A,2,0,NONE,2026-08-24T15:47:30.928990
45917,,-74,23,7563,818,65384,29260,2300700,0,99,7,0,0,14:33:5C:6D:AF:58,1,1,ARMED,448.0,0,1,80:02:9C:61:97:4B,1,128,2124.7,80:02:9C:61:97:4A,2,0,NONE,2026-08-24T15:47:30.954990
45917,,-52,45,250,3586,65384,29260,2300729,0,99,7,0,0,14:33:5C:6D:AF:58,1,1,ARMED,448.0,0,0,80:02:9C:61:97:4B,1,178,2003.8,80:02:9C:61:97:4A,2,0,NONE,2026-08-24T15:47:30.983990
45917,,-52,45,250,3612,65384,29260,2300768,0,99,7,0,0,14:33:5C:6D:AF:58,1,1,ARMED,448.0,0,0,80:02:9C:61:97:4B,1,22,789.2,80:02:9C:61:97:4A,2,0,NONE,2026-08-24T15:47:31.022990
45917,,-53,44,475,3636,65384,29260,2300790,0,99,7,0,0,14:33:5C:6D:AF:58,1,1,ARMED,448.0,0,0,80:02:9C:61:97:4B,1,72,1448.3,80:02:9C:61:97:4A,2,0,NONE,2026-08-24T15:47:31.044990
45917,,-73,24,163,2012,64740,29260,2300817,0,99,7,0,0,14:33:5C:6D:AF:58,1,1,ARMED,448.0,0,1,80:02:9C:61:97:4B,1,122,1572.8,80:02:9C:61:97:4A,2,0,NONE,2026-08-24T15:47:31.071990
45917,,-54,43,291,3688,65384,29260,2300847,0,99,7,0,0,14:33:5C:6D:AF:58,1,1,ARMED,448.0,0,0,80:02:9C:61:97:4B,1,15,2054.5,80:02:9C:61:97:4A,2,0,NONE,2026-08-24T15:47:31.101990
45917,,-53,44,791,3723,65384,29260,2300868,0,99,7,0,0,14:33:5C:6D:AF:58,1,1,ARMED,448.0,0,0,80:02:9C:61:97:4B,1,65,2322.8,80:02:9C:61:97:4A,2,0,NONE,2026-08-24T15:47:31.122990
45917,,-53,44,250,3750,65384,29260,2300890,0,99,7,0,0,14:33:5C:6D:AF:58,1,1,ARMED,448.0,0,0,80:02:9C:61:97:4B,1,115,2309.6,80:02:9C:61:97:4A,2,0,NONE,2026-08-24T15:47:31.144990
45917,,-74,23,383,1348,65384,29260,2300907,0,99,7,0,0,14:33:5C:6D:AF:58,1,1,ARMED,448.0,0,1,80:02:9C:61:97:4B,1,165,2473.9,80:02:9C:61:97:4A,2,0,NONE,2026-08-24T15:47:31.161990
45917,,-53,44,477,3826,65384,29260,2300926,0,99,7,0,0,14:33:5C:6D:AF:58,1,1,ARMED,448.0,0,0,80:02:9C:61:97:4B,1,215,2502.5,80:02:9C:61:97:4A,2,0,NONE,2026-08-24T15:47:31.180990
45917,,-52,45,250,3857,65384,29260,2300945,0,99,7,0,0,14:33:5C:6D:AF:58,0,1,ARMED,448.0,0,0,80:02:9C:61:97:4B,1,12,2803.1,80:02:9C:61:97:4A,2,0,NONE,2026-08-24T15:47:31.199990
45917,PROBE_REQ,44,44,0,0,63952,29260,2300973,0,99,7,0,0,14:33:5C:6D:AF:58,0,1,ARMED,448.0,0,1,80:02:9C:61:97:4B,1,62,1874.8,80:02:9C:61:97:4A,2,0,NONE,2026-08-24T15:47:31.227990
45917,,-53,44,250,3904,65384,29260,2300990,0,99,7,0,0,14:33:5C:6D:AF:58,0,1,ARMED,448.0,0,0,80:02:9C:61:97:4B,1,112,2248.1,80:02:9C:61:97:4A,2,0,NONE,2026-08-24T15:47:31.244990
45917,,-74,23,529,3246,65384,29260,2301016,0,99,7,0,0,14:33:5C:6D:AF:58,0,1,ARMED,448.0,0,1,80:02:9C:61:97:4B,1,162,2145.6,80:02:9C:61:97:4A,2,0,NONE,2026-08-24T15:47:31.270990
45917,,-53,44,313,3951,65384,29260,2301031,0,99,7,0,0,14:33:5C:6D:AF:58,0,1,ARMED,448.0,0,0,80:02:9C:61:97:4B,1,212,2340.6,80:02:9C:61:97:4A,2,0,NONE,2026-08-24T15:47:31.285990
45917,,-57,40,492,3740,65384,29260,2301051,0,99,7,0,0,14:33:5C:6D:AF:58,0,1,ARMED,448.0,0,0,80:02:9C:61:97:4B,1,49,13513.5,80:02:9C:61:97:4A,2,0,NONE,2026-08-24T15:47:31.305990
45917,,-53,44,711,3979,65384,29260,2301152,0,99,7,0,0,14:33:5C:6D:AF:58,0,1,ARMED,448.0,0,0,80:02:9C:61:97:4B,1,5,2092.9,80:02:9C:61:97:4A,2,0,NONE,2026-08-24T15:47:31.406990
45917,,-53,44,479,3986,65384,29260,2301335,0,99,7,0,0,14:33:5C:6D:AF:58,0,0,ARMED,448.0,0,0,80:02:9C:61:97:4B,1,33,410.1,80:02:9C:61:97:4A,2,0,NONE,2026-08-24T15:47:31.589990
45917,,-53,44,3512,3993,65384,29260,2301526,0,99,7,0,0,14:33:5C:6D:AF:58,0,0,ARMED,448.0,0,1,80:02:9C:61:97:4B,1,21,324.3,80:02:9C:61:97:4A,2,0,NONE,2026-08-24T15:47:31.780990
45917,,-53,44,691,4027,65360,29260,2301549,0,99,7,0,0,14:33:5C:6D:AF:58,0,0,ARMED,448.0,0,0,80:02:9C:61:97:4B,1,71,804.1,80:02:9C:61:97:4A,2,0,NONE,2026-08-24T15:47:31.803990
45917,,-74,23,288,1445,65384,29260,2301565,0,99,7,0,0,14:33:5C:6D:AF:58,0,1,ARMED,448.0,0,0,80:02:9C:61:97:4B,1,3,1685.4,80:02:9C:61:97:4A,2,0,NONE,2026-08-24T15:47:31.819990
45917,,-52,45,251,4083,65384,29260,2301594,0,99,7,0,0,14:33:5C:6D:AF:58,0,1,ARMED,448.0,0,0,80:02:9C:61:97:4B,1,53,1723.1,80:02:9C:61:97:4A,2,0,NONE,2026-08-24T15:47:31.848990
45917,,-74,23,3033,884,65384,29260,2301612,0,99,7,0,0,14:33:5C:6D:AF:58,0,1,ARMED,448.0,0,0,80:02:9C:61:97:4B,1,103,2114.5,80:02:9C:61:97:4A,2,0,NONE,2026-08-24T15:47:31.866990
45917,,-52,45,250,47,65384,29260,2301633,0,99,7,0,0,14:33:5C:6D:AF:58,0,1,ARMED,448.0,0,0,80:02:9C:61:97:4B,1,153,2209.3,80:02:9C:61:97:4A,2,0,NONE,2026-08-24T15:47:31.887990
45917,,-52,45,250,75,65332,29260,2301652,0,99,7,0,0,14:33:5C:6D:AF:58,0,1,ARMED,448.0,0,0,80:02:9C:61:97:4B,1,203,2296.3,80:02:9C:61:97:4A,2,0,NONE,2026-08-24T15:47:31.906990
45917,,-53,44,250,87,65384,29260,2301693,0,99,7,0,0,14:33:5C:6D:AF:58,0,1,ARMED,448.0,0,0,80:02:9C:61:97:4B,1,49,1926.1,80:02:9C:61:97:4A,2,0,NONE,2026-08-24T15:47:31.947990
45917,,-53,44,250,119,65384,29260,2301712,0,99,7,0,0,14:33:5C:6D:AF:58,0,1,ARMED,448.0,0,0,80:02:9C:61:97:4B,1,99,2246.9,80:02:9C:61:97:4A,2,0,NONE,2026-08-24T15:47:31.966990
45917,,-53,44,250,161,65384,29260,2301732,0,99,7,0,0,14:33:5C:6D:AF:58,0,1,ARMED,448.0,0,0,80:02:9C:61:97:4B,1,149,2330.7,80:02:9C:61:97:4A,2,0,NONE,2026-08-24T15:47:31.986990
45917,,-57,40,480,3746,62268,29260,2301750,0,99,7,0,0,14:33:5C:6D:AF:58,0,1,ARMED,448.0,0,0,80:02:9C:61:97:4B,1,199,2425.0,80:02:9C:61:97:4A,2,0,NONE,2026-08-24T15:47:32.004990
45917,,-53,44,250,222,65384,29260,2301770,0,99,7,0,0,14:33:5C:6D:AF:58,0,1,ARMED,448.0,0,0,80:02:9C:61:97:4B,1,23,12479.7,80:02:9C:61:97:4A,2,0,NONE,2026-08-24T15:47:32.024990
45917,,-75,22,0,1531,65384,29260,2301786,0,99,7,0,0,14:33:5C:6D:AF:58,0,1,ARMED,448.0,0,0,80:02:9C:61:97:4B,1,73,4037.6,80:02:9C:61:97:4A,2,0,NONE,2026-08-24T15:47:32.040990
45917,,-52,45,159,261,65384,29260,2301815,0,99,7,0,0,14:33:5C:6D:AF:58,0,1,ARMED,448.0,0,1,80:02:9C:61:97:4B,1,123,2631.1,80:02:9C:61:97:4A,2,0,NONE,2026-08-24T15:47:32.069990
45917,,-53,44,431,281,65384,29260,2301849,0,99,7,0,0,14:33:5C:6D:AF:58,0,1,ARMED,448.0,0,0,80:02:9C:61:97:4B,1,173,2133.1,80:02:9C:61:97:4A,2,0,NONE,2026-08-24T15:47:32.103990
45917,,-54,43,520,291,65384,29260,2301901,0,99,7,0,0,14:33:5C:6D:AF:58,1,1,ARMED,448.0,0,0,80:02:9C:61:97:4B,1,29,939.8,80:02:9C:61:97:4A,2,0,NONE,2026-08-24T15:47:32.155990
45917,,-74,23,0,903,65384,29260,2301924,0,99,7,0,0,14:33:5C:6D:AF:58,1,1,ARMED,448.0,0,1,80:02:9C:61:97:4B,1,79,1475.1,80:02:9C:61:97:4A,2,0,NONE,2026-08-24T15:47:32.178990
45917,,-53,44,511,314,65384,29260,2301957,0,99,7,0,0,14:33:5C:6D:AF:58,1,1,ARMED,448.0,0,0,80:02:9C:61:97:4B,1,129,1488.0,80:02:9C:61:97:4A,2,0,NONE,2026-08-24T15:47:32.211990
45917,,-53,44,0,340,65384,29260,2301992,0,99,7,0,0,14:33:5C:6D:AF:58,1,1,ARMED,448.0,0,1,80:02:9C:61:97:4B,1,13,646.2,80:02:9C:61:97:4A,2,0,NONE,2026-08-24T15:47:32.246990
45917,,-53,44,334,375,65364,29260,2302012,0,99,7,0,0,14:33:5C:6D:AF:58,1,1,ARMED,448.0,0,0,80:02:9C:61:97:4B,1,63,1559.3,80:02:9C:61:97:4A,2,0,NONE,2026-08-24T15:47:32.266990
45917,,-53,44,250,413,65384,29260,2302030,0,99,7,0,0,14:33:5C:6D:AF:58,1,1,ARMED,448.0,0,0,80:02:9C:61:97:4B,1,113,1927.9,80:02:9C:61:97:4A,2,0,NONE,2026-08-24T15:47:32.284990
45917,BEACON,-89,8,0,2575,65384,29260,2302097,0,99,7,0,0,14:33:5C:6D:AF:58,0,1,ARMED,448.0,0,1,80:02:9C:61:97:4B,1,5,200.2,80:02:9C:61:97:4A,2,0,NONE,2026-08-24T15:47:32.351990
45917,BEACON,-88,9,0,3001,65384,29260,2302491,0,99,7,0,0,14:33:5C:6D:AF:58,0,0,ARMED,448.0,0,1,80:02:9C:61:97:4B,1,1,171.7,80:02:9C:61:97:4A,2,0,NONE,2026-08-24T15:47:32.745990
45917,,-51,46,0,2184,65384,29260,2302812,0,99,7,0,0,14:33:5C:6D:AF:58,0,0,ARMED,448.0,0,0,80:02:9C:61:97:4B,1,12,1096.6,80:02:9C:61:97:4A,2,0,NONE,2026-08-24T15:47:33.066990
45917,,-52,45,7866,2232,65384,29260,2302900,0,99,7,0,0,14:33:5C:6D:AF:58,0,0,ARMED,448.0,0,0,80:02:9C:61:97:4B,1,62,627.4,80:02:9C:61:97:4A,2,0,NONE,2026-08-24T15:47:33.154990
45917,BEACON,-92,5,0,3802,65384,29260,2303233,0,99,7,0,0,14:33:5C:6D:AF:58,0,0,ARMED,448.0,0,1,80:02:9C:61:97:4B,1,1,109.9,80:02:9C:61:97:4A,2,0,NONE,2026-08-24T15:47:33.487990
45917,PROBE_REQ,43,43,0,0,65384,29260,2303498,0,99,7,0,0,14:33:5C:6D:AF:58,0,0,ARMED,448.0,0,0,80:02:9C:61:97:4B,1,33,471.1,80:02:9C:61:97:4A,2,0,NONE,2026-08-24T15:47:33.752990
45917,,-53,44,0,1690,65384,29260,2303644,0,99,7,0,0,14:33:5C:6D:AF:58,0,0,ARMED,448.0,0,0,80:02:9C:61:97:4B,1,9,960.0,80:02:9C:61:97:4A,2,0,NONE,2026-08-24T15:47:33.898990
45917,,-65,32,0,3186,63652,29260,2304134,0,99,7,0,0,14:33:5C:6D:AF:58,0,0,ARMED,448.0,0,0,80:02:9C:61:97:4B,1,6,69.7,80:02:9C:61:97:4A,2,0,NONE,2026-08-24T15:47:34.388990
45917,,-48,49,2988,2370,65384,29260,2304409,0,99,7,0,0,14:33:5C:6D:AF:58,0,0,ARMED,448.0,0,0,80:02:9C:61:97:4B,1,29,557.7,80:02:9C:61:97:4A,2,0,NONE,2026-08-24T15:47:34.663990
45917,,-58,39,11849,3779,60600,29260,2304642,0,99,7,0,0,14:33:5C:6D:AF:58,0,0,ARMED,448.0,0,1,80:02:9C:61:97:4B,1,26,467.4,80:02:9C:61:97:4A,2,0,NONE,2026-08-24T15:47:34.896990
45917,BEACON,-84,13,0,692,65384,29260,2304840,0,99,7,0,0,14:33:5C:6D:AF:58,0,1,ARMED,448.0,0,1,80:02:9C:61:97:4B,1,1,20.7,80:02:9C:61:97:4A,2,0,NONE,2026-08-24T15:47:35.094990
45917,,-50,47,0,2380,65384,29260,2305338,0,99,7,0,0,14:33:5C:6D:AF:58,0,0,ARMED,448.0,0,0,80:02:9C:61:97:4B,1,9,256.0,80:02:9C:61:97:4A,2,0,NONE,2026-08-24T15:47:35.592990
45917,BEACON,-85,12,0,1936,65384,29260,2305509,0,99,7,0,0,14:33:5C:6D:AF:58,0,0,ARMED,448.0,0,1,80:02:9C:61:97:4B,1,20,197.7,80:02:9C:61:97:4A,2,0,NONE,2026-08-24T15:47:35.763990
45917,PROBE_REQ,43,43,0,1023,65384,29260,2306001,0,99,7,0,0,14:33:5C:6D:AF:58,0,0,ARMED,448.0,0,1,80:02:9C:61:97:4B,1,13,160.4,80:02:9C:61:97:4A,2,0,NONE,2026-08-24T15:47:36.255990
45917,,-49,48,6593,2446,65384,29260,2306339,0,99,7,0,0,14:33:5C:6D:AF:58,0,0,ARMED,448.0,0,0,80:02:9C:61:97:4B,1,21,283.7,80:02:9C:61:97:4A,2,0,NONE,2026-08-24T15:47:36.593990
45917,BEACON,-90,7,0,2619,65384,29260,2306603,0,99,7,0,0,14:33:5C:6D:AF:58,0,0,ARMED,448.0,0,1,80:02:9C:61:97:4B,1,3,137.8,80:02:9C:61:97:4A,2,0,NONE,2026-08-24T15:47:36.857990
45917,,-53,44,338,978,65384,29260,2306795,0,99,7,0,0,14:33:5C:6D:AF:58,0,1,ARMED,448.0,0,0,80:02:9C:61:97:4B,1,9,941.3,80:02:9C:61:97:4A,2,0,NONE,2026-08-24T15:47:37.049990
45917,BEACON,-65,32,0,3220,65384,29260,2307102,0,99,7,0,0,14:33:5C:6D:AF:58,0,0,ARMED,448.0,0,1,80:02:9C:61:97:4B,1,2,235.7,80:02:9C:61:97:4A,2,0,NONE,2026-08-24T15:47:37.356990
45917,,-48,49,0,2504,65384,29260,2307280,0,99,7,0,0,14:33:5C:6D:AF:58,0,0,ARMED,448.0,0,0,80:02:9C:61:97:4B,1,28,332.9,80:02:9C:61:97:4A,2,0,NONE,2026-08-24T15:47:37.534990
45917,BEACON,-90,7,2274,2627,65384,29260,2307423,0,99,7,0,0,14:33:5C:6D:AF:58,0,1,ARMED,448.0,0,1,80:02:9C:61:97:4B,1,9,407.0,80:02:9C:61:97:4A,2,0,NONE,2026-08-24T15:47:37.677990
45917,,-47,50,5278,1714,65384,29260,2307672,0,99,7,0,0,14:33:5C:6D:AF:58,0,0,ARMED,448.0,0,1,80:02:9C:61:97:4B,1,21,312.6,80:02:9C:61:97:4A,2,0,NONE,2026-08-24T15:47:37.926990
45917,,-58,39,18907,3818,65384,29260,2307786,0,99,7,0,0,14:33:5C:6D:AF:58,0,1,ARMED,448.0,0,1,80:02:9C:61:97:4B,1,31,394.6,80:02:9C:61:97:4A,2,0,NONE,2026-08-24T15:47:38.040990
45917,,-54,43,117,457,65384,29260,2307957,0,99,7,0,0,14:33:5C:6D:AF:58,0,1,ARMED,448.0,0,0,80:02:9C:61:97:4B,1,14,314.6,80:02:9C:61:97:4A,2,0,NONE,2026-08-24T15:47:38.211990
45917,BEACON,-64,33,8045,3231,65384,29260,2308025,0,99,7,0,0,14:33:5C:6D:AF:58,0,1,ARMED,448.0,0,1,80:02:9C:61:97:4B,1,6,466.7,80:02:9C:61:97:4A,2,0,NONE,2026-08-24T15:47:38.279990
45917,,-58,39,0,3843,65384,29260,2308059,0,99,7,0,0,14:33:5C:6D:AF:58,0,1,ARMED,448.0,0,0,80:02:9C:61:97:4B,1,56,1205.3,80:02:9C:61:97:4A,2,0,NONE,2026-08-24T15:47:38.313990
45917,,-75,22,143,946,65384,29260,2308145,0,99,7,0,0,14:33:5C:6D:AF:58,0,1,ARMED,448.0,0,0,80:02:9C:61:97:4B,1,6,217.6,80:02:9C:61:97:4A,2,0,NONE,2026-08-24T15:47:38.399990
45917,,-66,31,0,1990,65384,29260,2308399,0,99,7,0,0,14:33:5C:6D:AF:58,0,0,ARMED,448.0,0,0,80:02:9C:61:97:4B,1,16,207.3,80:02:9C:61:97:4A,2,0,NONE,2026-08-24T15:47:38.653990
45917,,-50,47,5908,2609,64612,29260,2308844,0,99,7,0,0,14:33:5C:6D:AF:58,0,0,ARMED,448.0,0,1,80:02:9C:61:97:4B,1,2,322.2,80:02:9C:61:97:4A,2,0,NONE,2026-08-24T15:47:39.098990
45917,BEACON,-88,9,200,3064,65384,29260,2308942,0,99,7,0,0,14:33:5C:6D:AF:58,0,1,ARMED,448.0,0,1,80:02:9C:61:97:4B,1,3,772.4,80:02:9C:61:97:4A,2,0,NONE,2026-08-24T15:47:39.196990
45917,,-50,47,0,2679,65384,29260,2309057,0,99,7,0,0,14:33:5C:6D:AF:58,0,1,ARMED,448.0,0,0,80:02:9C:61:97:4B,1,7,409.5,80:02:9C:61:97:4A,2,0,NONE,2026-08-24T15:47:39.311990
45917,,-49,48,238,1722,65384,29260,2309328,0,99,7,0,0,14:33:5C:6D:AF:58,0,0,ARMED,448.0,0,0,80:02:9C:61:97:4B,1,12,141.0,80:02:9C:61:97:4A,2,0,NONE,2026-08-24T15:47:39.582990
45917,,-53,44,0,1762,65384,29260,2309438,0,99,7,0,0,14:33:5C:6D:AF:58,0,0,ARMED,448.0,0,0,80:02:9C:61:97:4B,1,40,431.3,80:02:9C:61:97:4A,2,0,NONE,2026-08-24T15:47:39.692990
45917,BEACON,-91,6,0,3866,65384,29260,2309787,0,99,7,0,0,14:33:5C:6D:AF:58,0,0,ARMED,448.0,0,1,80:02:9C:61:97:4B,1,1,112.8,80:02:9C:61:97:4A,2,0,NONE,2026-08-24T15:47:40.041990
45917,,-49,48,0,2729,65384,29260,2309927,0,99,7,0,0,14:33:5C:6D:AF:58,0,1,ARMED,448.0,0,0,80:02:9C:61:97:4B,1,16,356.5,80:02:9C:61:97:4A,2,0,NONE,2026-08-24T15:47:40.181990
45917,,-49,48,0,2729,65384,29260,2309927,0,99,7,0,0,14:33:5C:6D:AF:58,0,1,ARMED,448.0,0,0,80:02:9C:61:97:4B,1,16,356.5,80:02:9C:61:97:4A,2,0,NONE,2026-08-24T15:47:40.181990
45917,BEACON,-92,5,400,3873,65384,29260,2310503,0,99,7,0,0,14:33:5C:6D:AF:58,0,0,ARMED,448.0,0,1,80:02:9C:61:97:4B,1,6,75.1,80:02:9C:61:97:4A,2,0,NONE,2026-08-24T15:47:40.757990
45917,PROBE_REQ,48,48,0,0,65384,29260,2310771,0,99,7,0,0,14:33:5C:6D:AF:58,0,0,ARMED,448.0,0,0,80:02:9C:61:97:4B,1,14,330.6,80:02:9C:61:97:4A,2,0,NONE,2026-08-24T15:47:41.025990
45917,BEACON,-92,5,0,3877,65384,29260,2310913,0,99,7,0,0,14:33:5C:6D:AF:58,0,1,ARMED,448.0,0,1,80:02:9C:61:97:4B,1,30,375.4,80:02:9C:61:97:4A,2,0,NONE,2026-08-24T15:47:41.167990
45917,,-49,48,0,2788,65384,29260,2311151,0,99,7,0,0,14:33:5C:6D:AF:58,0,0,ARMED,448.0,0,0,80:02:9C:61:97:4B,1,9,821.9,80:02:9C:61:97:4A,2,0,NONE,2026-08-24T15:47:41.405990
45917,PROBE_REQ,43,43,0,1023,65384,29260,2311327,0,99,7,0,0,14:33:5C:6D:AF:58,0,1,ARMED,448.0,0,0,80:02:9C:61:97:4B,1,28,338.1,80:02:9C:61:97:4A,2,0,NONE,2026-08-24T15:47:41.581990
45917,,-49,48,220,1741,65384,29260,2311394,0,99,7,0,0,14:33:5C:6D:AF:58,0,1,ARMED,448.0,0,0,80:02:9C:61:97:4B,1,21,567.0,80:02:9C:61:97:4A,2,0,NONE,2026-08-24T15:47:41.648990
45917,,-58,39,0,3887,65384,29260,2311504,0,99,7,0,0,14:33:5C:6D:AF:58,0,1,ARMED,448.0,0,0,80:02:9C:61:97:4B,1,18,529.0,80:02:9C:61:97:4A,2,0,NONE,2026-08-24T15:47:41.758990
45917,,-50,47,5515,2996,65384,29260,2311524,0,99,7,0,0,14:33:5C:6D:AF:58,0,1,ARMED,448.0,0,1,80:02:9C:61:97:4B,1,68,1254.1,80:02:9C:61:97:4A,2,0,NONE,2026-08-24T15:47:41.778990
45917,,-53,44,1729,1793,65384,29260,2311576,0,99,7,0,0,14:33:5C:6D:AF:58,0,1,ARMED,448.0,0,1,80:02:9C:61:97:4B,1,12,2039.4,80:02:9C:61:97:4A,2,0,NONE,2026-08-24T15:47:41.830990
45917,,-50,47,0,3032,65384,29260,2311630,0,99,7,0,0,14:33:5C:6D:AF:58,0,1,ARMED,448.0,0,0,80:02:9C:61:97:4B,1,62,1034.4,80:02:9C:61:97:4A,2,0,NONE,2026-08-24T15:47:41.884990
45917,PROBE_REQ,43,43,0,1023,65384,29260,2311649,0,99,7,0,0,14:33:5C:6D:AF:58,0,1,ARMED,448.0,0,0,80:02:9C:61:97:4B,1,112,1409.4,80:02:9C:61:97:4A,2,0,NONE,2026-08-24T15:47:41.903990
45917,,-58,39,852,3919,65384,29260,2311691,0,99,7,0,0,14:33:5C:6D:AF:58,0,1,ARMED,448.0,0,0,80:02:9C:61:97:4B,1,21,1027.7,80:02:9C:61:97:4A,2,0,NONE,2026-08-24T15:47:41.945990
45917,PROBE_REQ,43,43,0,1023,65384,29260,2311749,0,99,7,0,0,14:33:5C:6D:AF:58,0,1,ARMED,448.0,0,0,80:02:9C:61:97:4B,1,71,905.2,80:02:9C:61:97:4A,2,0,NONE,2026-08-24T15:47:42.003990
45917,PROBE_REQ,43,43,0,1023,65384,29260,2311764,0,99,7,0,0,14:33:5C:6D:AF:58,0,1,ARMED,448.0,0,0,80:02:9C:61:97:4B,1,121,1295.7,80:02:9C:61:97:4A,2,0,NONE,2026-08-24T15:47:42.018990
45917,,-53,44,250,466,65384,29260,2311805,0,99,7,0,0,14:33:5C:6D:AF:58,0,1,ARMED,448.0,0,0,80:02:9C:61:97:4B,1,49,1943.1,80:02:9C:61:97:4A,2,0,NONE,2026-08-24T15:47:42.059990
45917,PROBE_REQ,43,43,0,1618,65384,29260,2311826,0,99,7,0,0,14:33:5C:6D:AF:58,0,1,ARMED,448.0,0,0,80:02:9C:61:97:4B,1,99,2125.0,80:02:9C:61:97:4A,2,0,NONE,2026-08-24T15:47:42.080990
45917,,-53,44,250,491,65384,29260,2311853,0,99,7,0,0,14:33:5C:6D:AF:58,0,1,ARMED,448.0,0,0,80:02:9C:61:97:4B,1,149,2040.6,80:02:9C:61:97:4A,2,0,NONE,2026-08-24T15:47:42.107990
45917,PROBE_REQ,43,43,0,0,65384,29260,2311869,0,99,7,0,0,14:33:5C:6D:AF:58,0,1,ARMED,448.0,0,1,80:02:9C:61:97:4B,1,199,2235.4,80:02:9C:61:97:4A,2,0,NONE,2026-08-24T15:47:42.123990
45917,,-73,24,412,1631,65180,29260,2311899,0,99,7,0,0,14:33:5C:6D:AF:58,0,1,ARMED,448.0,0,1,80:02:9C:61:97:4B,1,49,10094.8,80:02:9C:61:97:4A,2,0,NONE,2026-08-24T15:47:42.153990
45917,,-53,44,250,551,62936,29260,2311917,0,99,7,0,0,14:33:5C:6D:AF:58,0,1,ARMED,448.0,0,0,80:02:9C:61:97:4B,1,99,4244.4,80:02:9C:61:97:4A,2,0,NONE,2026-08-24T15:47:42.171990
45917,,-73,24,259,957,65384,29260,2311946,0,99,7,0,0,14:33:5C:6D:AF:58,0,1,ARMED,448.0,0,1,80:02:9C:61:97:4B,1,149,2856.1,80:02:9C:61:97:4A,2,0,NONE,2026-08-24T15:47:42.200990
45917,,-53,44,249,604,65384,29260,2311984,0,99,7,0,0,14:33:5C:6D:AF:58,0,1,ARMED,448.0,0,0,80:02:9C:61:97:4B,1,199,2214.2,80:02:9C:61:97:4A,2,0,NONE,2026-08-24T15:47:42.238990
45917,,-53,44,806,614,65384,29260,2312016,0,99,7,0,0,14:33:5C:6D:AF:58,1,1,ARMED,448.0,0,0,80:02:9C:61:97:4B,1,49,3050.5,80:02:9C:61:97:4A,2,0,NONE,2026-08-24T15:47:42.270990
45917,,-54,43,486,636,65384,29260,2312041,0,99,7,0,0,14:33:5C:6D:AF:58,1,1,ARMED,448.0,0,0,80:02:9C:61:97:4B,1,99,2398.3,80:02:9C:61:97:4A,2,0,NONE,2026-08-24T15:47:42.295990
45917,PROBE_REQ,43,43,0,0,65308,29260,2312061,0,99,7,0,0,14:33:5C:6D:AF:58,1,1,ARMED,448.0,0,0,80:02:9C:61:97:4B,1,149,2440.3,80:02:9C:61:97:4A,2,0,NONE,2026-08-24T15:47:42.315990
45917,,-50,47,0,3138,65384,29260,2312082,0,99,7,0,0,14:33:5C:6D:AF:58,1,1,ARMED,448.0,0,0,80:02:9C:61:97:4B,1,199,2433.6,80:02:9C:61:97:4A,2,0,NONE,2026-08-24T15:47:42.336990
45917,,-53,44,250,676,65384,29260,2312113,0,99,7,0,0,14:33:5C:6D:AF:58,1,1,ARMED,448.0,0,0,80:02:9C:61:97:4B,1,24,1936.1,80:02:9C:61:97:4A,2,0,NONE,2026-08-24T15:47:42.367990
45917,,-73,24,147,1694,64740,29260,2312133,0,99,7,0,0,14:33:5C:6D:AF:58,1,1,ARMED,448.0,0,0,80:02:9C:61:97:4B,1,74,2256.9,80:02:9C:61:97:4A,2,0,NONE,2026-08-24T15:47:42.387990
45917,,-74,23,635,1702,63952,29260,2312162,0,99,7,0,0,14:33:5C:6D:AF:58,1,1,ARMED,448.0,0,1,80:02:9C:61:97:4B,1,124,2007.4,80:02:9C:61:97:4A,2,0,NONE,2026-08-24T15:47:42.416990
45917,,-50,47,3985,3147,65384,29260,2312180,0,99,7,0,0,14:33:5C:6D:AF:58,1,1,ARMED,448.0,0,1,80:02:9C:61:97:4B,1,174,2183.2,80:02:9C:61:97:4A,2,0,NONE,2026-08-24T15:47:42.434990
45917,,-53,44,294,754,65384,29260,2312223,0,99,7,0,0,14:33:5C:6D:AF:58,0,1,ARMED,448.0,0,1,80:02:9C:61:97:4B,1,29,1747.0,80:02:9C:61:97:4A,2,0,NONE,2026-08-24T15:47:42.477990
45917,PROBE_REQ,46,46,0,2823,65384,29260,2312244,0,99,7,0,0,14:33:5C:6D:AF:58,0,1,ARMED,448.0,0,0,80:02:9C:61:97:4B,1,79,2101.3,80:02:9C:61:97:4A,2,0,NONE,2026-08-24T15:47:42.498990
45917,,-51,46,324,3173,65384,29260,2312296,0,99,7,0,0,14:33:5C:6D:AF:58,0,1,ARMED,448.0,0,0,80:02:9C:61:97:4B,1,129,1434.8,80:02:9C:61:97:4A,2,0,NONE,2026-08-24T15:47:42.550990
45917,,-73,24,163,636,64740,29260,2312338,0,99,7,0,0,14:33:5C:6D:AF:58,0,1,ARMED,448.0,0,1,80:02:9C:61:97:4B,1,43,1460.3,80:02:9C:61:97:4A,2,0,NONE,2026-08-24T15:47:42.592990
45917,,-53,44,1086,810,65384,29260,2312374,0,99,7,0,0,14:33:5C:6D:AF:58,0,1,ARMED,448.0,0,1,80:02:9C:61:97:4B,1,93,1411.0,80:02:9C:61:97:4A,2,0,NONE,2026-08-24T15:47:42.628990
45917,PROBE_REQ,43,43,0,1023,65332,29260,2312409,0,99,7,0,0,14:33:5C:6D:AF:58,0,1,ARMED,448.0,0,0,80:02:9C:61:97:4B,1,1,1000.0,80:02:9C:61:97:4A,2,0,NONE,2026-08-24T15:47:42.663990
45917,,-53,44,250,839,64740,29260,2312431,0,99,7,0,0,14:33:5C:6D:AF:58,0,1,ARMED,448.0,0,0,80:02:9C:61:97:4B,1,51,2198.8,80:02:9C:61:97:4A,2,0,NONE,2026-08-24T15:47:42.685990
45917,,-53,44,250,873,65384,29260,2312462,0,99,7,0,0,14:33:5C:6D:AF:58,0,1,ARMED,448.0,0,0,80:02:9C:61:97:4B,1,101,1879.5,80:02:9C:61:97:4A,2,0,NONE,2026-08-24T15:47:42.716990
45917,PROBE_REQ,45,45,0,1766,65384,29260,2312490,0,99,7,0,0,14:33:5C:6D:AF:58,0,1,ARMED,448.0,0,1,80:02:9C:61:97:4B,1,151,1841.0,80:02:9C:61:97:4A,2,0,NONE,2026-08-24T15:47:42.744990
45917,,-53,44,314,927,65384,29260,2312506,0,99,7,0,0,14:33:5C:6D:AF:58,0,1,ARMED,448.0,0,0,80:02:9C:61:97:4B,1,201,2055.2,80:02:9C:61:97:4A,2,0,NONE,2026-08-24T15:47:42.760990
45917,PROBE_REQ,43,43,0,1783,65384,29260,2312534,0,99,7,0,0,14:33:5C:6D:AF:58,0,1,ARMED,448.0,0,0,80:02:9C:61:97:4B,1,49,4004.2,80:02:9C:61:97:4A,2,0,NONE,2026-08-24T15:47:42.788990
45917,,-54,43,334,949,65384,29260,2312554,0,99,7,0,0,14:33:5C:6D:AF:58,0,1,ARMED,448.0,0,1,80:02:9C:61:97:4B,1,99,3143.1,80:02:9C:61:97:4A,2,0,NONE,2026-08-24T15:47:42.808990
45917,,-74,23,858,1867,65384,29260,2312583,0,99,7,0,0,14:33:5C:6D:AF:58,0,1,ARMED,448.0,0,1,80:02:9C:61:97:4B,1,149,2435.9,80:02:9C:61:97:4A,2,0,NONE,2026-08-24T15:47:42.837990
45917,,-52,45,0,3208,65332,29260,2312596,0,99,7,0,0,14:33:5C:6D:AF:58,0,1,ARMED,448.0,0,0,80:02:9C:61:97:4B,1,199,2702.2,80:02:9C:61:97:4A,2,0,NONE,2026-08-24T15:47:42.850990
45917,PROBE_REQ,41,41,0,1803,65384,29260,2312618,0,99,7,0,0,14:33:5C:6D:AF:58,0,1,ARMED,448.0,0,0,80:02:9C:61:97:4B,1,249,2597.4,80:02:9C:61:97:4A,2,0,NONE,2026-08-24T15:47:42.872990
45917,PROBE_REQ,43,43,0,1814,65384,29260,2312641,0,99,7,0,0,14:33:5C:6D:AF:58,0,1,ARMED,448.0,0,1,80:02:9C:61:97:4B,1,40,2491.7,80:02:9C:61:97:4A,2,0,NONE,2026-08-24T15:47:42.895990
45917,,-74,23,772,1822,65384,29260,2312685,0,99,7,0,0,14:33:5C:6D:AF:58,0,1,ARMED,448.0,0,1,80:02:9C:61:97:4B,1,90,1495.7,80:02:9C:61:97:4A,2,0,NONE,2026-08-24T15:47:42.939990
45917,,-74,23,772,1822,65384,29260,2312685,0,99,7,0,0,14:33:5C:6D:AF:58,0,1,ARMED,448.0,0,1,80:02:9C:61:97:4B,1,90,1495.7,80:02:9C:61:97:4A,2,0,NONE,2026-08-24T15:47:42.939990
45917,,-53,44,377,1062,65384,29260,2312703,0,99,7,0,0,14:33:5C:6D:AF:58,0,1,ARMED,448.0,0,0,80:02:9C:61:97:4B,1,140,1790.3,80:02:9C:61:97:4A,2,0,NONE,2026-08-24T15:47:42.957990
45917,,43,43,0,0,65384,29260,2312732,0,99,7,0,0,14:33:5C:6D:AF:58,0,1,ARMED,448.0,0,1,80:02:9C:61:97:4B,1,49,12980.1,80:02:9C:61:97:4A,2,0,NONE,2026-08-24T15:47:42.986990
45917,,-53,44,0,1070,65384,29260,2312750,0,99,7,0,0,14:33:5C:6D:AF:58,0,1,ARMED,448.0,0,0,80:02:9C:61:97:4B,1,99,4590.3,80:02:9C:61:97:4A,2,0,NONE,2026-08-24T15:47:43.004990
45917,,-51,46,451,1788,65364,29260,2312769,0,99,7,0,0,14:33:5C:6D:AF:58,0,1,ARMED,448.0,0,1,80:02:9C:61:97:4B,1,149,3598.3,80:02:9C:61:97:4A,2,0,NONE,2026-08-24T15:47:43.023990
45917,,-53,44,250,1112,65384,29260,2312784,0,99,7,0,0,14:33:5C:6D:AF:58,0,1,ARMED,448.0,0,0,80:02:9C:61:97:4B,1,199,3577.7,80:02:9C:61:97:4A,2,0,NONE,2026-08-24T15:47:43.038990
45917,,-53,44,250,1138,65384,29260,2312812,0,99,7,0,0,14:33:5C:6D:AF:58,0,1,ARMED,448.0,0,0,80:02:9C:61:97:4B,1,249,2967.7,80:02:9C:61:97:4A,2,0,NONE,2026-08-24T15:47:43.066990
45917,,-54,43,910,1178,64740,29260,2312832,0,99,7,0,0,14:33:5C:6D:AF:58,0,1,ARMED,448.0,0,0,80:02:9C:61:97:4B,1,4,1072.1,80:02:9C:61:97:4A,2,0,NONE,2026-08-24T15:47:43.086990
45917,PROBE_REQ,43,43,0,0,65384,29260,2312865,0,99,7,0,0,14:33:5C:6D:AF:58,0,1,ARMED,448.0,0,0,80:02:9C:61:97:4B,1,54,1471.5,80:02:9C:61:97:4A,2,0,NONE,2026-08-24T15:47:43.119990
45917,,-54,43,375,1211,65384,29260,2312886,0,99,7,0,0,14:33:5C:6D:AF:58,0,1,ARMED,448.0,0,1,80:02:9C:61:97:4B,1,104,1798.8,80:02:9C:61:97:4A,2,0,NONE,2026-08-24T15:47:43.140990
45917,,-53,44,910,1218,65384,29260,2312911,0,99,7,0,0,14:33:5C:6D:AF:58,0,1,ARMED,448.0,0,0,80:02:9C:61:97:4B,1,154,1859.5,80:02:9C:61:97:4A,2,0,NONE,2026-08-24T15:47:43.165990
45917,PROBE_REQ,43,43,0,1023,65384,29260,2312946,0,99,7,0,0,14:33:5C:6D:AF:58,0,1,ARMED,448.0,0,1,80:02:9C:61:97:4B,1,33,2319.5,80:02:9C:61:97:4A,2,0,NONE,2026-08-24T15:47:43.200990
45917,PROBE_REQ,45,45,0,1023,65384,29260,2312974,0,99,7,0,0,14:33:5C:6D:AF:58,0,1,ARMED,448.0,0,0,80:02:9C:61:97:4B,1,83,1936.9,80:02:9C:61:97:4A,2,0,NONE,2026-08-24T15:47:43.228990
45917,,-53,44,1242,1263,65384,29260,2312996,0,99,7,0,0,14:33:5C:6D:AF:58,0,1,ARMED,448.0,0,0,80:02:9C:61:97:4B,1,133,2058.4,80:02:9C:61:97:4A,2,0,NONE,2026-08-24T15:47:43.250990
45917,PROBE_REQ,43,43,0,852,65384,29260,2313019,0,99,7,0,0,14:33:5C:6D:AF:58,0,1,ARMED,448.0,0,0,80:02:9C:61:97:4B,1,183,2097.5,80:02:9C:61:97:4A,2,0,NONE,2026-08-24T15:47:43.273990
45917,,-53,44,266,1283,65384,29260,2313050,0,99,7,0,0,14:33:5C:6D:AF:58,1,1,ARMED,448.0,0,0,80:02:9C:61:97:4B,1,22,1256.2,80:02:9C:61:97:4A,2,0,NONE,2026-08-24T15:47:43.304990
45917,PROBE_REQ,43,43,0,1922,65332,29260,2313071,0,99,7,0,0,14:33:5C:6D:AF:58,1,1,ARMED,448.0,0,0,80:02:9C:61:97:4B,1,72,1906.4,80:02:9C:61:97:4A,2,0,NONE,2026-08-24T15:47:43.325990
45917,PROBE_REQ,44,44,0,1922,65384,29260,2313085,0,99,7,0,0,14:33:5C:6D:AF:58,1,1,ARMED,448.0,0,0,80:02:9C:61:97:4B,1,122,2340.1,80:02:9C:61:97:4A,2,0,NONE,2026-08-24T15:47:43.339990
45917,,-53,44,207,1340,65384,29260,2313119,0,99,7,0,0,14:33:5C:6D:AF:58,1,1,ARMED,448.0,0,1,80:02:9C:61:97:4B,1,172,1995.3,80:02:9C:61:97:4A,2,0,NONE,2026-08-24T15:47:43.373990
45917,,-53,44,267,1361,65384,29260,2313149,0,99,7,0,0,14:33:5C:6D:AF:58,1,1,ARMED,448.0,0,0,80:02:9C:61:97:4B,1,9,676.3,80:02:9C:61:97:4A,2,0,NONE,2026-08-24T15:47:43.403990
45917,,-74,23,267,1014,65384,29260,2313176,0,99,7,0,0,14:33:5C:6D:AF:58,1,1,ARMED,448.0,0,1,80:02:9C:61:97:4B,1,59,1450.2,80:02:9C:61:97:4A,2,0,NONE,2026-08-24T15:47:43.430990
45917,PROBE_REQ,43,43,0,0,65384,29260,2313192,0,99,7,0,0,14:33:5C:6D:AF:58,1,1,ARMED,448.0,0,0,80:02:9C:61:97:4B,1,109,1907.4,80:02:9C:61:97:4A,2,0,NONE,2026-08-24T15:47:43.446990
45917,,-53,44,837,1421,65384,29260,2313221,0,99,7,0,0,14:33:5C:6D:AF:58,1,1,ARMED,448.0,0,0,80:02:9C:61:97:4B,1,159,1856.1,80:02:9C:61:97:4A,2,0,NONE,2026-08-24T15:47:43.475990
45917,,-74,23,0,1979,64720,29260,2313248,0,99,7,0,0,14:33:5C:6D:AF:58,0,1,ARMED,448.0,0,0,80:02:9C:61:97:4B,1,21,1710.9,80:02:9C:61:97:4A,2,0,NONE,2026-08-24T15:47:43.502990
45917,PROBE_REQ,43,43,0,0,64740,29260,2313268,0,99,7,0,0,14:33:5C:6D:AF:58,0,1,ARMED,448.0,0,0,80:02:9C:61:97:4B,1,71,2192.0,80:02:9C:61:97:4A,2,0,NONE,2026-08-24T15:47:43.522990
45917,,-53,44,267,1464,65384,29260,2313292,0,99,7,0,0,14:33:5C:6D:AF:58,0,1,ARMED,448.0,0,0,80:02:9C:61:97:4B,1,121,2153.6,80:02:9C:61:97:4A,2,0,NONE,2026-08-24T15:47:43.546990
45917,PROBE_REQ,45,45,0,1993,65384,29260,2313311,0,99,7,0,0,14:33:5C:6D:AF:58,0,1,ARMED,448.0,0,0,80:02:9C:61:97:4B,1,171,2250.9,80:02:9C:61:97:4A,2,0,NONE,2026-08-24T15:47:43.565990
45917,PROBE_REQ,45,45,0,0,65384,29260,2313331,0,99,7,0,0,14:33:5C:6D:AF:58,0,1,ARMED,448.0,0,0,80:02:9C:61:97:4B,1,221,2306.0,80:02:9C:61:97:4A,2,0,NONE,2026-08-24T15:47:43.585990
45917,,-53,44,363,1520,65384,29260,2313357,0,99,7,0,0,14:33:5C:6D:AF:58,0,1,ARMED,448.0,0,1,80:02:9C:61:97:4B,1,49,4957.5,80:02:9C:61:97:4A,2,0,NONE,2026-08-24T15:47:43.611990
45917,PROBE_REQ,45,45,0,1023,65384,29260,2313379,0,99,7,0,0,14:33:5C:6D:AF:58,0,1,ARMED,448.0,0,0,80:02:9C:61:97:4B,1,99,3157.4,80:02:9C:61:97:4A,2,0,NONE,2026-08-24T15:47:43.633990
45917,,-54,43,523,1541,65384,29260,2313416,0,99,7,0,0,14:33:5C:6D:AF:58,0,1,ARMED,448.0,0,0,80:02:9C:61:97:4B,1,149,2187.4,80:02:9C:61:97:4A,2,0,NONE,2026-08-24T15:47:43.670990
45917,,43,43,0,0,65316,29260,2313433,0,99,7,0,0,14:33:5C:6D:AF:58,0,1,ARMED,448.0,0,1,80:02:9C:61:97:4B,1,199,2332.6,80:02:9C:61:97:4A,2,0,NONE,2026-08-24T15:47:43.687990
45917,BEACON,-91,6,82,3357,65308,29260,2313488,0,99,7,0,0,14:33:5C:6D:AF:58,0,1,ARMED,448.0,0,1,80:02:9C:61:97:4B,1,49,1645.8,80:02:9C:61:97:4A,2,0,NONE,2026-08-24T15:47:43.742990
45917,,43,43,0,3536,65384,29260,2313555,0,99,7,0,0,14:33:5C:6D:AF:58,0,1,ARMED,448.0,0,1,80:02:9C:61:97:4B,1,99,1021.3,80:02:9C:61:97:4A,2,0,NONE,2026-08-24T15:47:43.809990
45917,PROBE_REQ,43,43,0,1023,65384,29260,2313606,0,99,7,0,0,14:33:5C:6D:AF:58,0,1,ARMED,448.0,0,0,80:02:9C:61:97:4B,1,49,1400.2,80:02:9C:61:97:4A,2,0,NONE,2026-08-24T15:47:43.860990
45917,PROBE_REQ,45,45,0,1023,65384,29260,2313679,0,99,7,0,0,14:33:5C:6D:AF:58,0,1,ARMED,448.0,0,1,80:02:9C:61:97:4B,1,27,3382.2,80:02:9C:61:97:4A,2,0,NONE,2026-08-24T15:47:43.933990
45917,PROBE_REQ,43,43,0,1023,65384,29260,2313789,0,99,7,0,0,14:33:5C:6D:AF:58,0,1,ARMED,448.0,0,0,80:02:9C:61:97:4B,1,18,1011.0,80:02:9C:61:97:4A,2,0,NONE,2026-08-24T15:47:44.043990
45917,,-53,44,371,1809,65384,29260,2313900,0,99,7,0,0,14:33:5C:6D:AF:58,0,1,ARMED,448.0,0,1,80:02:9C:61:97:4B,1,17,630.8,80:02:9C:61:97:4A,2,0,NONE,2026-08-24T15:47:44.154990
45917,,-74,23,0,1064,65384,29260,2314116,0,99,7,0,0,14:33:5C:6D:AF:58,0,0,ARMED,448.0,0,1,80:02:9C:61:97:4B,1,3,77.9,80:02:9C:61:97:4A,2,0,NONE,2026-08-24T15:47:44.370990
45917,,-50,47,67593,1838,65384,29260,2314693,0,99,7,0,0,14:33:5C:6D:AF:58,0,0,ARMED,448.0,0,1,80:02:9C:61:97:4B,1,1,1000.0,80:02:9C:61:97:4A,2,0,NONE,2026-08-24T15:47:44.947990
45917,BEACON,-83,14,0,815,65384,29260,2314978,0,99,7,0,0,14:33:5C:6D:AF:58,0,0,ARMED,448.0,0,1,80:02:9C:61:97:4B,1,11,136.2,80:02:9C:61:97:4A,2,0,NONE,2026-08-24T15:47:45.232990
45917,,-57,40,0,3945,65384,29260,2315101,0,99,7,0,0,14:33:5C:6D:AF:58,0,1,ARMED,448.0,0,0,80:02:9C:61:97:4B,1,7,4996.4,80:02:9C:61:97:4A,2,0,NONE,2026-08-24T15:47:45.355990
45917,BEACON,-94,3,0,627,65384,29260,2315216,0,99,7,0,0,14:33:5C:6D:AF:58,0,1,ARMED,448.0,0,1,80:02:9C:61:97:4B,1,5,305.8,80:02:9C:61:97:4A,2,0,NONE,2026-08-24T15:47:45.470990
45917,BEACON,-89,8,82,2705,65384,29260,2315409,0,99,7,0,0,14:33:5C:6D:AF:58,0,0,ARMED,448.0,0,1,80:02:9C:61:97:4B,1,26,254.1,80:02:9C:61:97:4A,2,0,NONE,2026-08-24T15:47:45.663990
45917,,-51,46,175,1867,65384,29260,2315727,0,99,7,0,0,14:33:5C:6D:AF:58,0,0,ARMED,448.0,0,0,80:02:9C:61:97:4B,1,8,724.9,80:02:9C:61:97:4A,2,0,NONE,2026-08-24T15:47:45.981990
45917,PROBE_REQ,45,45,0,1023,65384,29260,2315829,0,99,7,0,0,14:33:5C:6D:AF:58,0,1,ARMED,448.0,0,0,80:02:9C:61:97:4B,1,7,697.9,80:02:9C:61:97:4A,2,0,NONE,2026-08-24T15:47:46.083990
45917,BEACON,-90,7,0,2711,65384,29260,2316024,0,99,7,0,0,14:33:5C:6D:AF:58,0,0,ARMED,448.0,0,1,80:02:9C:61:97:4B,1,14,136.7,80:02:9C:61:97:4A,2,0,NONE,2026-08-24T15:47:46.278990
45917,PROBE_REQ,45,45,0,1023,65384,29260,2316340,0,99,7,0,0,14:33:5C:6D:AF:58,0,0,ARMED,448.0,0,1,80:02:9C:61:97:4B,1,2,208.7,80:02:9C:61:97:4A,2,0,NONE,2026-08-24T15:47:46.594990
45917,PROBE_REQ,45,45,0,1023,65384,29260,2316394,0,99,7,0,0,14:33:5C:6D:AF:58,0,0,ARMED,448.0,0,0,80:02:9C:61:97:4B,1,52,818.8,80:02:9C:61:97:4A,2,0,NONE,2026-08-24T15:47:46.648990
45917,BEACON,-86,11,62,2043,65384,29260,2316465,0,99,7,0,0,14:33:5C:6D:AF:58,0,1,ARMED,448.0,0,1,80:02:9C:61:97:4B,1,26,768.9,80:02:9C:61:97:4A,2,0,NONE,2026-08-24T15:47:46.719990
45917,,-52,45,0,3493,64880,29260,2316511,0,99,7,0,0,14:33:5C:6D:AF:58,0,1,ARMED,448.0,0,1,80:02:9C:61:97:4B,1,76,952.1,80:02:9C:61:97:4A,2,0,NONE,2026-08-24T15:47:46.765990
45917,,-52,45,0,3501,65384,29260,2316557,0,99,7,0,0,14:33:5C:6D:AF:58,0,1,ARMED,448.0,0,0,80:02:9C:61:97:4B,1,36,1683.7,80:02:9C:61:97:4A,2,0,NONE,2026-08-24T15:47:46.811990
45917,,-52,45,0,3528,65284,29260,2316676,0,99,7,0,0,14:33:5C:6D:AF:58,0,1,ARMED,448.0,0,0,80:02:9C:61:97:4B,1,22,585.1,80:02:9C:61:97:4A,2,0,NONE,2026-08-24T15:47:46.930990
45917,,-52,45,2545,3547,65384,29260,2316757,0,99,7,0,0,14:33:5C:6D:AF:58,0,1,ARMED,448.0,0,0,80:02:9C:61:97:4B,1,10,623.6,80:02:9C:61:97:4A,2,0,NONE,2026-08-24T15:47:47.011990
45917,,-43,54,0,1825,65384,29260,2316824,0,99,7,0,0,14:33:5C:6D:AF:58,0,1,ARMED,448.0,0,1,80:02:9C:61:97:4B,1,60,726.5,80:02:9C:61:97:4A,2,0,NONE,2026-08-24T15:47:47.078990
45917,PROBE_RESP,-66,31,0,3334,65384,29260,2316934,0,99,7,0,0,14:33:5C:6D:AF:58,0,1,ARMED,448.0,0,0,80:02:9C:61:97:4B,1,35,383.9,80:02:9C:61:97:4A,2,0,NONE,2026-08-24T15:47:47.188990
45917,,-53,44,0,1843,65384,29260,2317182,0,99,7,0,0,14:33:5C:6D:AF:58,0,0,ARMED,448.0,0,0,80:02:9C:61:97:4B,1,13,557.7,80:02:9C:61:97:4A,2,0,NONE,2026-08-24T15:47:47.436990
45917,BEACON,-89,8,0,3152,65384,29260,2317646,0,99,7,0,0,14:33:5C:6D:AF:58,0,0,ARMED,448.0,0,1,80:02:9C:61:97:4B,1,5,64.6,80:02:9C:61:97:4A,2,0,NONE,2026-08-24T15:47:47.900990
45917,,-51,46,0,3569,65384,29260,2317796,0,99,7,0,0,14:33:5C:6D:AF:58,0,0,ARMED,448.0,0,0,80:02:9C:61:97:4B,1,26,1069.7,80:02:9C:61:97:4A,2,0,NONE,2026-08-24T15:47:48.050990
45917,PROBE_REQ,46,46,0,3344,65332,29260,2317868,0,99,7,0,0,14:33:5C:6D:AF:58,0,0,ARMED,448.0,0,1,80:02:9C:61:97:4B,1,76,788.9,80:02:9C:61:97:4A,2,0,NONE,2026-08-24T15:47:48.122990
45917,,-53,44,1058,1854,65384,29260,2318134,0,99,7,0,0,14:33:5C:6D:AF:58,0,0,ARMED,448.0,0,1,80:02:9C:61:97:4B,1,14,449.3,80:02:9C:61:97:4A,2,0,NONE,2026-08-24T15:47:48.388990
45917,,-58,39,0,4005,63824,29260,2318489,0,99,7,0,0,14:33:5C:6D:AF:58,0,0,ARMED,448.0,0,0,80:02:9C:61:97:4B,1,14,165.3,80:02:9C:61:97:4A,2,0,NONE,2026-08-24T15:47:48.743990
45917,PROBE_RESP,-86,11,0,864,65308,29260,2318631,0,99,7,0,0,14:33:5C:6D:AF:58,0,1,ARMED,448.0,0,0,80:02:9C:61:97:4B,1,3,187.2,80:02:9C:61:97:4A,2,0,NONE,2026-08-24T15:47:48.885990
45917,BEACON,-89,8,0,3164,65384,29260,2318875,0,99,7,0,0,14:33:5C:6D:AF:58,0,0,ARMED,448.0,0,1,80:02:9C:61:97:4B,1,19,346.2,80:02:9C:61:97:4A,2,0,NONE,2026-08-24T15:47:49.129990
45917,BEACON,-95,2,0,3416,65384,29260,2319312,0,99,7,0,0,14:33:5C:6D:AF:58,0,0,ARMED,448.0,0,1,80:02:9C:61:97:4B,1,7,86.0,80:02:9C:61:97:4A,2,0,NONE,2026-08-24T15:47:49.566990
45917,,-52,45,266,1580,65384,29260,2319471,0,99,7,0,0,14:33:5C:6D:AF:58,0,0,ARMED,448.0,0,0,80:02:9C:61:97:4B,1,34,930.7,80:02:9C:61:97:4A,2,0,NONE,2026-08-24T15:47:49.725990
45917,BEACON,-88,9,0,2745,65384,29260,2319505,0,99,7,0,0,14:33:5C:6D:AF:58,0,0,ARMED,448.0,0,1,80:02:9C:61:97:4B,1,84,1183.6,80:02:9C:61:97:4A,2,0,NONE,2026-08-24T15:47:49.759990
45917,,-53,44,250,1650,65384,29260,2319532,0,99,7,0,0,14:33:5C:6D:AF:58,0,0,ARMED,448.0,0,0,80:02:9C:61:97:4B,1,134,1371.2,80:02:9C:61:97:4A,2,0,NONE,2026-08-24T15:47:49.786990
45917,,-53,44,430,1677,65384,29260,2319555,0,99,7,0,0,14:33:5C:6D:AF:58,0,1,ARMED,448.0,0,0,80:02:9C:61:97:4B,1,49,10416.7,80:02:9C:61:97:4A,2,0,NONE,2026-08-24T15:47:49.809990
45917,,-53,44,495,1704,65384,29260,2319582,0,99,7,0,0,14:33:5C:6D:AF:58,0,1,ARMED,448.0,0,0,80:02:9C:61:97:4B,1,99,3117.3,80:02:9C:61:97:4A,2,0,NONE,2026-08-24T15:47:49.836990
45917,,-53,44,347,1733,65384,29260,2319610,0,99,7,0,0,14:33:5C:6D:AF:58,0,1,ARMED,448.0,0,0,80:02:9C:61:97:4B,1,149,2520.7,80:02:9C:61:97:4A,2,0,NONE,2026-08-24T15:47:49.864990
45917,BEACON,-87,10,50,2074,65384,29260,2319639,0,99,7,0,0,14:33:5C:6D:AF:58,0,1,ARMED,448.0,0,1,80:02:9C:61:97:4B,1,199,2244.8,80:02:9C:61:97:4A,2,0,NONE,2026-08-24T15:47:49.893990
45917,,-74,23,0,2095,65384,29260,2319668,0,99,7,0,0,14:33:5C:6D:AF:58,0,1,ARMED,448.0,0,0,80:02:9C:61:97:4B,1,49,14754.6,80:02:9C:61:97:4A,2,0,NONE,2026-08-24T15:47:49.922990
45917,,-74,23,271,2106,65384,29260,2319690,0,99,7,0,0,14:33:5C:6D:AF:58,0,1,ARMED,448.0,0,1,80:02:9C:61:97:4B,1,99,3835.7,80:02:9C:61:97:4A,2,0,NONE,2026-08-24T15:47:49.944990
45917,,-74,23,0,1099,65384,29260,2319720,0,99,7,0,0,14:33:5C:6D:AF:58,0,1,ARMED,448.0,0,1,80:02:9C:61:97:4B,1,149,2689.6,80:02:9C:61:97:4A,2,0,NONE,2026-08-24T15:47:49.974990
45917,,-53,44,267,1875,65384,29260,2319737,0,99,7,0,0,14:33:5C:6D:AF:58,0,1,ARMED,448.0,0,0,80:02:9C:61:97:4B,1,199,2727.5,80:02:9C:61:97:4A,2,0,NONE,2026-08-24T15:47:49.991990
45917,,-74,23,0,2134,63952,29260,2319762,0,99,7,0,0,14:33:5C:6D:AF:58,0,1,ARMED,448.0,0,0,80:02:9C:61:97:4B,1,249,2555.0,80:02:9C:61:97:4A,2,0,NONE,2026-08-24T15:47:50.016990
45917,PROBE_REQ,43,43,0,2138,65384,29260,2319778,0,99,7,0,0,14:33:5C:6D:AF:58,0,1,ARMED,448.0,0,0,80:02:9C:61:97:4B,1,49,3543.8,80:02:9C:61:97:4A,2,0,NONE,2026-08-24T15:47:50.032990
45917,,-53,44,266,1916,65384,29260,2319816,0,99,7,0,0,14:33:5C:6D:AF:58,0,1,ARMED,448.0,0,0,80:02:9C:61:97:4B,1,99,1925.4,80:02:9C:61:97:4A,2,0,NONE,2026-08-24T15:47:50.070990
45917,PROBE_REQ,43,43,0,2147,65364,29260,2319835,0,99,7,0,0,14:33:5C:6D:AF:58,0,1,ARMED,448.0,0,0,80:02:9C:61:97:4B,1,149,2118.2,80:02:9C:61:97:4A,2,0,NONE,2026-08-24T15:47:50.089990
45917,PROBE_REQ,43,43,0,1023,65384,29260,2319890,0,99,7,0,0,14:33:5C:6D:AF:58,0,1,ARMED,448.0,0,0,80:02:9C:61:97:4B,1,21,1027.2,80:02:9C:61:97:4A,2,0,NONE,2026-08-24T15:47:50.144990
45917,,-52,45,0,3664,65384,29260,2319952,0,99,7,0,0,14:33:5C:6D:AF:58,0,1,ARMED,448.0,0,0,80:02:9C:61:97:4B,1,71,859.0,80:02:9C:61:97:4A,2,0,NONE,2026-08-24T15:47:50.206990
45917,,-74,23,0,1984,65384,29260,2320030,0,99,7,0,0,14:33:5C:6D:AF:58,0,1,ARMED,448.0,0,1,80:02:9C:61:97:4B,1,49,931.2,80:02:9C:61:97:4A,2,0,NONE,2026-08-24T15:47:50.284990
45917,,-53,44,539,1962,65384,29260,2320173,0,99,7,0,0,14:33:5C:6D:AF:58,0,1,ARMED,448.0,0,0,80:02:9C:61:97:4B,1,34,367.5,80:02:9C:61:97:4A,2,0,NONE,2026-08-24T15:47:50.427990
45917,,-53,44,250,1977,65384,29260,2320194,0,99,7,0,0,14:33:5C:6D:AF:58,0,1,ARMED,448.0,0,0,80:02:9C:61:97:4B,1,49,9998.0,80:02:9C:61:97:4A,2,0,NONE,2026-08-24T15:47:50.448990
45917,,-53,44,250,2012,65384,29260,2320214,0,99,7,0,0,14:33:5C:6D:AF:58,0,1,ARMED,448.0,0,0,80:02:9C:61:97:4B,1,99,3915.2,80:02:9C:61:97:4A,2,0,NONE,2026-08-24T15:47:50.468990
45917,PROBE_REQ,43,43,0,1023,65384,29260,2320236,0,99,7,0,0,14:33:5C:6D:AF:58,0,1,ARMED,448.0,0,1,80:02:9C:61:97:4B,1,149,3170.8,80:02:9C:61:97:4A,2,0,NONE,2026-08-24T15:47:50.490990
45917,,-53,44,283,2073,65384,29260,2320260,0,99,7,0,0,14:33:5C:6D:AF:58,0,1,ARMED,448.0,0,1,80:02:9C:61:97:4B,1,199,2820.9,80:02:9C:61:97:4A,2,0,NONE,2026-08-24T15:47:50.514990
45917,,-54,43,191,2081,65384,29260,2320353,0,99,7,0,0,14:33:5C:6D:AF:58,0,1,ARMED,448.0,0,0,80:02:9C:61:97:4B,1,35,557.6,80:02:9C:61:97:4A,2,0,NONE,2026-08-24T15:47:50.607990
45917,,-53,44,208,2083,65384,29260,2320419,0,99,7,0,0,14:33:5C:6D:AF:58,0,1,ARMED,448.0,0,0,80:02:9C:61:97:4B,1,17,666.8,80:02:9C:61:97:4A,2,0,NONE,2026-08-24T15:47:50.673990
45917,PROBE_REQ,43,43,0,0,65384,29260,2320500,0,99,7,0,0,14:33:5C:6D:AF:58,0,1,ARMED,448.0,0,0,80:02:9C:61:97:4B,1,18,3472.9,80:02:9C:61:97:4A,2,0,NONE,2026-08-24T15:47:50.754990
45917,,-51,46,2437,1994,65384,29260,2320598,0,99,7,0,0,14:33:5C:6D:AF:58,0,1,ARMED,448.0,0,1,80:02:9C:61:97:4B,1,1,384.9,80:02:9C:61:97:4A,2,0,NONE,2026-08-24T15:47:50.852990
45917,PROBE_REQ,43,43,0,0,65384,29260,2320628,0,99,7,0,0,14:33:5C:6D:AF:58,0,1,ARMED,448.0,0,0,80:02:9C:61:97:4B,1,51,1582.3,80:02:9C:61:97:4A,2,0,NONE,2026-08-24T15:47:50.882990
45917,PROBE_REQ,44,44,0,1023,65384,29260,2320766,0,99,7,0,0,14:33:5C:6D:AF:58,0,1,ARMED,448.0,0,0,80:02:9C:61:97:4B,1,27,498.3,80:02:9C:61:97:4A,2,0,NONE,2026-08-24T15:47:51.020990
45917,PROBE_REQ,45,45,0,1023,65384,29260,2320845,0,99,7,0,0,14:33:5C:6D:AF:58,0,1,ARMED,448.0,0,0,80:02:9C:61:97:4B,1,29,905.5,80:02:9C:61:97:4A,2,0,NONE,2026-08-24T15:47:51.099990
45917,,-58,39,292,4041,65384,29260,2321227,0,99,7,0,0,14:33:5C:6D:AF:58,0,0,ARMED,448.0,0,0,80:02:9C:61:97:4B,1,7,832.9,80:02:9C:61:97:4A,2,0,NONE,2026-08-24T15:47:51.481990
45917,PROBE_REQ,43,43,0,1023,65384,29260,2321654,0,99,7,0,0,14:33:5C:6D:AF:58,0,0,ARMED,448.0,0,1,80:02:9C:61:97:4B,1,4,198.9,80:02:9C:61:97:4A,2,0,NONE,2026-08-24T15:47:51.908990
45917,,-70,27,2753,2312,65212,29260,2321806,0,99,7,0,0,14:33:5C:6D:AF:58,0,0,ARMED,448.0,0,1,80:02:9C:61:97:4B,1,42,597.4,80:02:9C:61:97:4A,2,0,NONE,2026-08-24T15:47:52.060990
45917,BEACON,-66,31,0,3388,65384,29260,2321949,0,99,7,0,0,14:33:5C:6D:AF:58,0,0,ARMED,448.0,0,1,80:02:9C:61:97:4B,1,2,233.8,80:02:9C:61:97:4A,2,0,NONE,2026-08-24T15:47:52.203990
45917,,-46,51,9858,2036,65384,29260,2322049,0,99,7,0,0,14:33:5C:6D:AF:58,0,1,ARMED,448.0,0,1,80:02:9C:61:97:4B,1,2,343.6,80:02:9C:61:97:4A,2,0,NONE,2026-08-24T15:47:52.303990
45917,BEACON,-88,9,82,3198,65384,29260,2322356,0,99,7,0,0,14:33:5C:6D:AF:58,0,0,ARMED,448.0,0,1,80:02:9C:61:97:4B,1,2,350.4,80:02:9C:61:97:4A,2,0,NONE,2026-08-24T15:47:52.610990
45917,PROBE_REQ,43,43,0,1023,65384,29260,2322627,0,99,7,0,0,14:33:5C:6D:AF:58,0,0,ARMED,448.0,0,1,80:02:9C:61:97:4B,1,27,427.0,80:02:9C:61:97:4A,2,0,NONE,2026-08-24T15:47:52.881990
45917,PROBE_REQ,43,43,0,1023,65384,29260,2322808,0,99,7,0,0,14:33:5C:6D:AF:58,0,0,ARMED,448.0,0,0,80:02:9C:61:97:4B,1,30,741.1,80:02:9C:61:97:4A,2,0,NONE,2026-08-24T15:47:53.062990
45917,BEACON,-64,33,0,3400,65384,29260,2323076,0,99,7,0,0,14:33:5C:6D:AF:58,0,0,ARMED,448.0,0,1,80:02:9C:61:97:4B,1,1,356.9,80:02:9C:61:97:4A,2,0,NONE,2026-08-24T15:47:53.330990
45917,BEACON,-94,3,0,3459,65384,29260,2323623,0,99,7,0,0,14:33:5C:6D:AF:58,0,0,ARMED,448.0,0,1,80:02:9C:61:97:4B,1,7,184.0,80:02:9C:61:97:4A,2,0,NONE,2026-08-24T15:47:53.877990
45917,PROBE_REQ,43,43,0,1023,65384,29260,2323827,0,99,7,0,0,14:33:5C:6D:AF:58,1,1,ARMED,448.0,0,0,80:02:9C:61:97:4B,1,24,730.1,80:02:9C:61:97:4A,2,0,NONE,2026-08-24T15:47:54.081990
45917,BEACON,-89,8,0,2790,65384,29260,2324113,0,99,7,0,0,14:33:5C:6D:AF:58,0,0,ARMED,448.0,0,1,80:02:9C:61:97:4B,1,1,75.6,80:02:9C:61:97:4A,2,0,NONE,2026-08-24T15:47:54.367990
45917,,-52,45,6132,1944,65384,29260,2324501,0,99,7,0,0,14:33:5C:6D:AF:58,0,0,ARMED,448.0,0,1,80:02:9C:61:97:4B,1,27,286.2,80:02:9C:61:97:4A,2,0,NONE,2026-08-24T15:47:54.755990
45917,BEACON,-86,11,82,2125,65384,29260,2324861,0,99,7,0,0,14:33:5C:6D:AF:58,0,0,ARMED,448.0,0,0,80:02:9C:61:97:4B,1,5,162.4,80:02:9C:61:97:4A,2,0,NONE,2026-08-24T15:47:55.115990
45917,,-50,47,41913,2112,65384,29260,2325314,0,99,7,0,0,14:33:5C:6D:AF:58,0,0,ARMED,448.0,0,0,80:02:9C:61:97:4B,1,6,80.8,80:02:9C:61:97:4A,2,0,NONE,2026-08-24T15:47:55.568990
45917,,-56,41,0,20,65384,29260,2325470,0,99,7,0,0,14:33:5C:6D:AF:58,0,1,ARMED,448.0,0,0,80:02:9C:61:97:4B,1,12,438.9,80:02:9C:61:97:4A,2,0,NONE,2026-08-24T15:47:55.724990
45917,PROBE_REQ,44,44,0,3425,65364,29260,2325539,0,99,7,0,0,14:33:5C:6D:AF:58,0,1,ARMED,448.0,0,0,80:02:9C:61:97:4B,1,62,642.0,80:02:9C:61:97:4A,2,0,NONE,2026-08-24T15:47:55.793990
45917,PROBE_REQ,44,44,0,0,65384,29260,2325568,0,99,7,0,0,14:33:5C:6D:AF:58,0,1,ARMED,448.0,0,1,80:02:9C:61:97:4B,1,49,14044.1,80:02:9C:61:97:4A,2,0,NONE,2026-08-24T15:47:55.822990
45917,PROBE_REQ,44,44,0,1023,65384,29260,2325784,0,99,7,0,0,14:33:5C:6D:AF:58,0,0,ARMED,448.0,0,0,80:02:9C:61:97:4B,1,7,3137.6,80:02:9C:61:97:4A,2,0,NONE,2026-08-24T15:47:56.038990
45917,,-49,48,18306,2133,65384,29260,2325959,0,99,7,0,0,14:33:5C:6D:AF:58,0,1,ARMED,448.0,0,1,80:02:9C:61:97:4B,1,10,135.8,80:02:9C:61:97:4A,2,0,NONE,2026-08-24T15:47:56.213990
45917,,-50,47,8888,2142,65384,29260,2326328,0,99,7,0,0,14:33:5C:6D:AF:58,0,0,ARMED,448.0,0,0,80:02:9C:61:97:4B,1,3,92.5,80:02:9C:61:97:4A,2,0,NONE,2026-08-24T15:47:56.582990
45917,PROBE_REQ,44,44,0,1023,65384,29260,2326501,0,99,7,0,0,14:33:5C:6D:AF:58,0,1,ARMED,448.0,0,0,80:02:9C:61:97:4B,1,5,4830.9,80:02:9C:61:97:4A,2,0,NONE,2026-08-24T15:47:56.755990
45917,PROBE_REQ,44,44,0,1023,65384,29260,2326566,0,99,7,0,0,14:33:5C:6D:AF:58,0,1,ARMED,448.0,0,0,80:02:9C:61:97:4B,1,55,827.7,80:02:9C:61:97:4A,2,0,NONE,2026-08-24T15:47:56.820990
45917,PROBE_REQ,44,44,0,1023,65384,29260,2326628,0,99,7,0,0,14:33:5C:6D:AF:58,0,1,ARMED,448.0,0,0,80:02:9C:61:97:4B,1,33,1291.4,80:02:9C:61:97:4A,2,0,NONE,2026-08-24T15:47:56.882990
45917,PROBE_REQ,47,47,0,1023,65384,29260,2326701,0,99,7,0,0,14:33:5C:6D:AF:58,0,1,ARMED,448.0,0,0,80:02:9C:61:97:4B,1,83,845.1,80:02:9C:61:97:4A,2,0,NONE,2026-08-24T15:47:56.955990
45917,PROBE_REQ,44,44,0,1023,65384,29260,2326749,0,99,7,0,0,14:33:5C:6D:AF:58,0,1,ARMED,448.0,0,0,80:02:9C:61:97:4B,1,49,1524.8,80:02:9C:61:97:4A,2,0,NONE,2026-08-24T15:47:57.003990
45917,PROBE_REQ,46,46,0,1023,65384,29260,2326818,0,99,7,0,0,14:33:5C:6D:AF:58,0,1,ARMED,448.0,0,0,80:02:9C:61:97:4B,1,99,979.4,80:02:9C:61:97:4A,2,0,NONE,2026-08-24T15:47:57.072990
45917,BEACON,-85,12,0,962,65384,29260,2326959,0,99,7,0,0,14:33:5C:6D:AF:58,0,1,ARMED,448.0,0,1,80:02:9C:61:97:4B,1,2,63.5,80:02:9C:61:97:4A,2,0,NONE,2026-08-24T15:47:57.213990
45917,PROBE_REQ,62,62,0,1023,65384,29260,2327415,0,99,7,0,0,14:33:5C:6D:AF:58,0,0,ARMED,448.0,0,1,80:02:9C:61:97:4B,1,9,114.4,80:02:9C:61:97:4A,2,0,NONE,2026-08-24T15:47:57.669990
45917,,-51,46,49585,2185,65384,29260,2327796,0,99,7,0,0,14:33:5C:6D:AF:58,0,0,ARMED,448.0,0,1,80:02:9C:61:97:4B,1,3,164.6,80:02:9C:61:97:4A,2,0,NONE,2026-08-24T15:47:58.050990
45917,BEACON,-86,11,111336,976,65384,29260,2328393,0,99,7,0,0,14:33:5C:6D:AF:58,0,0,ARMED,448.0,0,1,80:02:9C:61:97:4B,1,7,67.9,80:02:9C:61:97:4A,2,1,ARP_SPOOF,2026-08-24T15:47:58.647990
45917,BEACON,-84,13,0,2163,65384,29260,2328754,0,99,7,0,0,14:33:5C:6D:AF:58,0,0,ARMED,448.0,0,1,80:02:9C:61:97:4B,1,6,108.9,80:02:9C:61:97:4A,2,1,ARP_SPOOF,2026-08-24T15:47:59.008990
45917,,-53,44,1004,2007,65384,29260,2328893,0,99,7,0,0,14:33:5C:6D:AF:58,0,0,ARMED,448.0,0,0,80:02:9C:61:97:4B,1,47,513.1,80:02:9C:61:97:4A,2,1,ARP_SPOOF,2026-08-24T15:47:59.147990
45917,BEACON,-95,2,0,3518,65384,29260,2329544,0,99,7,0,0,14:33:5C:6D:AF:58,0,0,ARMED,448.0,0,1,80:02:9C:61:97:4B,1,2,115.6,80:02:9C:61:97:4A,2,1,ARP_SPOOF,2026-08-24T15:47:59.798990
45917,,-52,45,213,2093,65384,29260,2329823,0,99,7,0,0,14:33:5C:6D:AF:58,0,0,ARMED,448.0,0,1,80:02:9C:61:97:4B,1,39,428.5,EC:75:0C:53:67:7F,3,1,ARP_SPOOF,2026-08-24T15:48:00.077990
45917,,-53,44,250,2125,65384,29260,2329847,0,99,7,0,0,14:33:5C:6D:AF:58,0,1,ARMED,448.0,0,0,80:02:9C:61:97:4B,1,49,12983.6,EC:75:0C:53:67:7F,3,1,ARP_SPOOF,2026-08-24T15:48:00.101990
45917,,-52,45,250,2155,65384,29260,2329867,0,99,7,0,0,14:33:5C:6D:AF:58,0,1,ARMED,448.0,0,0,80:02:9C:61:97:4B,1,99,4038.7,EC:75:0C:53:67:7F,3,1,ARP_SPOOF,2026-08-24T15:48:00.121990
45917,,-53,44,250,2192,65384,29260,2329896,0,99,7,0,0,14:33:5C:6D:AF:58,0,1,ARMED,448.0,0,0,80:02:9C:61:97:4B,1,149,2797.4,EC:75:0C:53:67:7F,3,1,ARP_SPOOF,2026-08-24T15:48:00.150990
45917,,-53,44,1805,2228,64740,29260,2329906,0,99,7,0,0,14:33:5C:6D:AF:58,0,1,ARMED,448.0,0,0,80:02:9C:61:97:4B,1,199,3147.5,EC:75:0C:53:67:7F,3,1,ARP_SPOOF,2026-08-24T15:48:00.160990
45917,,-53,44,250,2265,65384,29260,2329930,0,99,7,0,0,14:33:5C:6D:AF:58,0,1,ARMED,448.0,0,0,80:02:9C:61:97:4B,1,249,2866.6,EC:75:0C:53:67:7F,3,1,ARP_SPOOF,2026-08-24T15:48:00.184990
45917,,-74,23,0,2285,65384,29260,2329946,0,99,7,0,0,14:33:5C:6D:AF:58,0,1,ARMED,448.0,0,0,80:02:9C:61:97:4B,1,10,4011.2,EC:75:0C:53:67:7F,3,1,ARP_SPOOF,2026-08-24T15:48:00.200990
45917,,-53,44,250,2319,65384,29260,2329969,0,99,7,0,0,14:33:5C:6D:AF:58,0,1,ARMED,448.0,0,0,80:02:9C:61:97:4B,1,60,2272.7,EC:75:0C:53:67:7F,3,1,ARP_SPOOF,2026-08-24T15:48:00.223990
45917,,-53,44,266,2359,64740,29260,2329986,0,99,7,0,0,14:33:5C:6D:AF:58,0,1,ARMED,448.0,0,0,80:02:9C:61:97:4B,1,110,2540.8,EC:75:0C:53:67:7F,3,1,ARP_SPOOF,2026-08-24T15:48:00.240990
45917,,-52,45,250,2404,65364,29260,2330006,0,99,7,0,0,14:33:5C:6D:AF:58,0,1,ARMED,448.0,0,0,80:02:9C:61:97:4B,1,160,2547.2,EC:75:0C:53:67:7F,3,1,ARP_SPOOF,2026-08-24T15:48:00.260990
45917,,-52,45,250,2429,65384,29260,2330045,0,99,7,0,0,14:33:5C:6D:AF:58,0,1,ARMED,448.0,0,0,80:02:9C:61:97:4B,1,7,3535.4,EC:75:0C:53:67:7F,3,1,ARP_SPOOF,2026-08-24T15:48:00.299990
45917,,-52,45,249,2465,65384,29260,2330068,0,99,7,0,0,14:33:5C:6D:AF:58,0,1,ARMED,448.0,0,0,80:02:9C:61:97:4B,1,57,2278.2,EC:75:0C:53:67:7F,3,1,ARP_SPOOF,2026-08-24T15:48:00.322990
45917,,-52,45,250,2501,65384,29260,2330092,0,99,7,0,0,14:33:5C:6D:AF:58,0,1,ARMED,448.0,0,0,80:02:9C:61:97:4B,1,107,2182.6,EC:75:0C:53:67:7F,3,1,ARP_SPOOF,2026-08-24T15:48:00.346990
45917,,-52,45,250,2539,65384,29260,2330121,0,99,7,0,0,14:33:5C:6D:AF:58,0,1,ARMED,448.0,0,0,80:02:9C:61:97:4B,1,157,2017.3,EC:75:0C:53:67:7F,3,1,ARP_SPOOF,2026-08-24T15:48:00.375990
45917,,-53,44,250,2575,65384,29260,2330132,0,99,7,0,0,14:33:5C:6D:AF:58,0,1,ARMED,448.0,0,0,80:02:9C:61:97:4B,1,207,2333.3,EC:75:0C:53:67:7F,3,1,ARP_SPOOF,2026-08-24T15:48:00.386990
45917,,-54,43,863,2604,65384,29260,2330155,0,99,7,0,0,14:33:5C:6D:AF:58,0,1,ARMED,448.0,0,0,80:02:9C:61:97:4B,1,49,7258.2,EC:75:0C:53:67:7F,3,1,ARP_SPOOF,2026-08-24T15:48:00.409990
45917,,-74,23,375,2377,65384,29260,2330180,0,99,7,0,0,14:33:5C:6D:AF:58,0,1,ARMED,448.0,0,1,80:02:9C:61:97:4B,1,99,3107.2,EC:75:0C:53:67:7F,3,1,ARP_SPOOF,2026-08-24T15:48:00.434990
45917,,-53,44,732,2661,65384,29260,2330200,0,99,7,0,0,14:33:5C:6D:AF:58,0,1,ARMED,448.0,0,0,80:02:9C:61:97:4B,1,149,2886.0,EC:75:0C:53:67:7F,3,1,ARP_SPOOF,2026-08-24T15:48:00.454990
45917,,-52,45,250,2687,65384,29260,2330218,0,99,7,0,0,14:33:5C:6D:AF:58,0,1,ARMED,448.0,0,0,80:02:9C:61:97:4B,1,199,2827.5,EC:75:0C:53:67:7F,3,1,ARP_SPOOF,2026-08-24T15:48:00.472990
45917,,-53,44,250,2727,65384,29260,2330238,0,99,7,0,0,14:33:5C:6D:AF:58,0,1,ARMED,448.0,0,0,80:02:9C:61:97:4B,1,249,2776.8,EC:75:0C:53:67:7F,3,1,ARP_SPOOF,2026-08-24T15:48:00.492990
45917,,-73,24,188,1192,65384,29260,2330255,0,99,7,0,0,14:33:5C:6D:AF:58,0,1,ARMED,448.0,0,1,80:02:9C:61:97:4B,1,24,3638.0,EC:75:0C:53:67:7F,3,1,ARP_SPOOF,2026-08-24T15:48:00.509990
45917,,-52,45,250,2788,65384,29260,2330280,0,99,7,0,0,14:33:5C:6D:AF:58,0,1,ARMED,448.0,0,0,80:02:9C:61:97:4B,1,74,2366.7,EC:75:0C:53:67:7F,3,1,ARP_SPOOF,2026-08-24T15:48:00.534990
45917,,-53,44,250,2822,65384,29260,2330295,0,99,7,0,0,14:33:5C:6D:AF:58,0,1,ARMED,448.0,0,0,80:02:9C:61:97:4B,1,124,2636.8,EC:75:0C:53:67:7F,3,1,ARP_SPOOF,2026-08-24T15:48:00.549990
45917,,-53,44,494,2854,65384,29260,2330324,0,99,7,0,0,14:33:5C:6D:AF:58,0,1,ARMED,448.0,0,0,80:02:9C:61:97:4B,1,174,2297.9,EC:75:0C:53:67:7F,3,1,ARP_SPOOF,2026-08-24T15:48:00.578990
45917,,-53,44,710,2885,65384,29260,2330335,0,99,7,0,0,14:33:5C:6D:AF:58,0,1,ARMED,448.0,0,0,80:02:9C:61:97:4B,1,224,2591.2,EC:75:0C:53:67:7F,3,1,ARP_SPOOF,2026-08-24T15:48:00.589990
45917,,-52,45,195,2916,65384,29260,2330367,0,99,7,0,0,14:33:5C:6D:AF:58,1,1,ARMED,448.0,0,1,80:02:9C:61:97:4B,1,49,3049.3,EC:75:0C:53:67:7F,3,1,ARP_SPOOF,2026-08-24T15:48:00.621990
45917,,-74,23,0,2480,65384,29260,2330386,0,99,7,0,0,14:33:5C:6D:AF:58,1,1,ARMED,448.0,0,0,80:02:9C:61:97:4B,1,99,2851.9,EC:75:0C:53:67:7F,3,1,ARP_SPOOF,2026-08-24T15:48:00.640990
45917,,-53,44,271,2961,65384,29260,2330405,0,99,7,0,0,14:33:5C:6D:AF:58,1,1,ARMED,448.0,0,1,80:02:9C:61:97:4B,1,149,2734.9,EC:75:0C:53:67:7F,3,1,ARP_SPOOF,2026-08-24T15:48:00.659990
45917,,-53,44,522,2985,65384,29260,2330428,0,99,7,0,0,14:33:5C:6D:AF:58,1,1,ARMED,448.0,0,0,80:02:9C:61:97:4B,1,199,2591.1,EC:75:0C:53:67:7F,3,1,ARP_SPOOF,2026-08-24T15:48:00.682990
45917,,-53,44,241,3013,65384,29260,2330458,0,99,7,0,0,14:33:5C:6D:AF:58,1,1,ARMED,448.0,0,1,80:02:9C:61:97:4B,1,19,2806.9,EC:75:0C:53:67:7F,3,1,ARP_SPOOF,2026-08-24T15:48:00.712990
45917,,-52,45,250,3043,65384,29260,2330476,0,99,7,0,0,14:33:5C:6D:AF:58,1,1,ARMED,448.0,0,0,80:02:9C:61:97:4B,1,69,2811.0,EC:75:0C:53:67:7F,3,1,ARP_SPOOF,2026-08-24T15:48:00.730990
45917,,-53,44,249,3075,65384,29260,2330496,0,99,7,0,0,14:33:5C:6D:AF:58,1,1,ARMED,448.0,0,0,80:02:9C:61:97:4B,1,119,2661.2,EC:75:0C:53:67:7F,3,1,ARP_SPOOF,2026-08-24T15:48:00.750990
45917,,-53,44,250,3111,65384,29260,2330512,0,99,7,0,0,14:33:5C:6D:AF:58,1,1,ARMED,448.0,0,0,80:02:9C:61:97:4B,1,169,2779.3,EC:75:0C:53:67:7F,3,1,ARP_SPOOF,2026-08-24T15:48:00.766990
45917,,-52,45,250,3139,65384,29260,2330540,0,99,7,0,0,14:33:5C:6D:AF:58,1,1,ARMED,448.0,0,0,80:02:9C:61:97:4B,1,219,2452.5,EC:75:0C:53:67:7F,3,1,ARP_SPOOF,2026-08-24T15:48:00.794990
45917,,-74,23,286,1370,65384,29260,2330555,0,99,7,0,0,14:33:5C:6D:AF:58,0,1,ARMED,448.0,0,1,80:02:9C:61:97:4B,1,10,2983.3,EC:75:0C:53:67:7F,3,1,ARP_SPOOF,2026-08-24T15:48:00.809990
45917,,-54,43,655,3213,65384,29260,2330575,0,99,7,0,0,14:33:5C:6D:AF:58,0,1,ARMED,448.0,0,0,80:02:9C:61:97:4B,1,60,2530.9,EC:75:0C:53:67:7F,3,1,ARP_SPOOF,2026-08-24T15:48:00.829990
45917,,-53,44,250,3251,65384,29260,2330590,0,99,7,0,0,14:33:5C:6D:AF:58,0,1,ARMED,448.0,0,0,80:02:9C:61:97:4B,1,110,2807.1,EC:75:0C:53:67:7F,3,1,ARP_SPOOF,2026-08-24T15:48:00.844990
45917,,-74,23,0,2584,65384,29260,2330610,0,99,7,0,0,14:33:5C:6D:AF:58,0,1,ARMED,448.0,0,0,80:02:9C:61:97:4B,1,160,2706.1,EC:75:0C:53:67:7F,3,1,ARP_SPOOF,2026-08-24T15:48:00.864990
45917,,-53,44,250,3314,65384,29260,2330628,0,99,7,0,0,14:33:5C:6D:AF:58,0,1,ARMED,448.0,0,0,80:02:9C:61:97:4B,1,210,2735.9,EC:75:0C:53:67:7F,3,1,ARP_SPOOF,2026-08-24T15:48:00.882990
45917,,-74,23,189,1213,65364,29260,2330648,0,99,7,0,0,14:33:5C:6D:AF:58,0,1,ARMED,448.0,0,1,80:02:9C:61:97:4B,1,260,2694.1,EC:75:0C:53:67:7F,3,1,ARP_SPOOF,2026-08-24T15:48:00.902990
45917,,-53,44,250,3375,65384,29260,2330662,0,99,7,0,0,14:33:5C:6D:AF:58,0,1,ARMED,448.0,0,0,80:02:9C:61:97:4B,1,41,3891.4,EC:75:0C:53:67:7F,3,1,ARP_SPOOF,2026-08-24T15:48:00.916990
45917,,-53,44,265,3409,65384,29260,2330684,0,99,7,0,0,14:33:5C:6D:AF:58,0,1,ARMED,448.0,0,0,80:02:9C:61:97:4B,1,91,2794.6,EC:75:0C:53:67:7F,3,1,ARP_SPOOF,2026-08-24T15:48:00.938990
45917,,-53,44,249,3447,65384,29260,2330704,0,99,7,0,0,14:33:5C:6D:AF:58,0,1,ARMED,448.0,0,0,80:02:9C:61:97:4B,1,141,2664.9,EC:75:0C:53:67:7F,3,1,ARP_SPOOF,2026-08-24T15:48:00.958990
45917,,-52,45,250,3480,65384,29260,2330733,0,99,7,0,0,14:33:5C:6D:AF:58,0,1,ARMED,448.0,0,0,80:02:9C:61:97:4B,1,191,2341.1,EC:75:0C:53:67:7F,3,1,ARP_SPOOF,2026-08-24T15:48:00.987990
45917,,-53,44,250,3507,65384,29260,2330739,0,99,7,0,0,14:33:5C:6D:AF:58,0,1,ARMED,448.0,0,0,80:02:9C:61:97:4B,1,241,2738.3,EC:75:0C:53:67:7F,3,1,ARP_SPOOF,2026-08-24T15:48:00.993990
45917,,-53,44,186,3531,65384,29260,2330761,0,99,7,0,0,14:33:5C:6D:AF:58,0,1,ARMED,448.0,0,1,80:02:9C:61:97:4B,1,49,10166.0,EC:75:0C:53:67:7F,3,1,ARP_SPOOF,2026-08-24T15:48:01.015990
45917,,-53,44,405,3562,65384,29260,2330781,0,99,7,0,0,14:33:5C:6D:AF:58,0,1,ARMED,448.0,0,0,80:02:9C:61:97:4B,1,99,3895.8,EC:75:0C:53:67:7F,3,1,ARP_SPOOF,2026-08-24T15:48:01.035990
45917,,-53,44,250,3577,65384,29260,2330806,0,99,7,0,0,14:33:5C:6D:AF:58,0,1,ARMED,448.0,0,0,80:02:9C:61:97:4B,1,149,2948.7,EC:75:0C:53:67:7F,3,1,ARP_SPOOF,2026-08-24T15:48:01.060990
45917,,-74,23,319,2696,65384,29260,2330825,0,99,7,0,0,14:33:5C:6D:AF:58,0,1,ARMED,448.0,0,1,80:02:9C:61:97:4B,1,199,2886.8,EC:75:0C:53:67:7F,3,1,ARP_SPOOF,2026-08-24T15:48:01.079990
45917,,-53,44,250,3633,65384,29260,2330844,0,99,7,0,0,14:33:5C:6D:AF:58,0,1,ARMED,448.0,0,0,80:02:9C:61:97:4B,1,249,2825.9,EC:75:0C:53:67:7F,3,1,ARP_SPOOF,2026-08-24T15:48:01.098990
45917,,-74,23,365,2713,65384,29260,2330866,0,99,7,0,0,14:33:5C:6D:AF:58,1,1,ARMED,448.0,0,1,80:02:9C:61:97:4B,1,27,2701.6,EC:75:0C:53:67:7F,3,1,ARP_SPOOF,2026-08-24T15:48:01.120990
45917,,-53,44,421,3677,65384,29260,2330887,0,99,7,0,0,14:33:5C:6D:AF:58,1,1,ARMED,448.0,0,0,80:02:9C:61:97:4B,1,77,2503.0,EC:75:0C:53:67:7F,3,1,ARP_SPOOF,2026-08-24T15:48:01.141990
45917,,-52,45,250,3713,65384,29260,2330905,0,99,7,0,0,14:33:5C:6D:AF:58,1,1,ARMED,448.0,0,0,80:02:9C:61:97:4B,1,127,2595.8,EC:75:0C:53:67:7F,3,1,ARP_SPOOF,2026-08-24T15:48:01.159990
45917,,-52,45,250,3752,65384,29260,2330934,0,99,7,0,0,14:33:5C:6D:AF:58,1,1,ARMED,448.0,0,1,80:02:9C:61:97:4B,1,177,2284.0,EC:75:0C:53:67:7F,3,1,ARP_SPOOF,2026-08-24T15:48:01.188990
45917,,-53,44,250,3774,65384,29260,2330943,0,99,7,0,0,14:33:5C:6D:AF:58,1,1,ARMED,448.0,0,0,80:02:9C:61:97:4B,1,227,2625.5,EC:75:0C:53:67:7F,3,1,ARP_SPOOF,2026-08-24T15:48:01.197990
45917,,-74,23,0,2757,64740,29260,2330975,0,99,7,0,0,14:33:5C:6D:AF:58,1,1,ARMED,448.0,0,0,80:02:9C:61:97:4B,1,49,3032.6,EC:75:0C:53:67:7F,3,1,ARP_SPOOF,2026-08-24T15:48:01.229990
45917,,-54,43,936,3842,64740,29260,2330983,0,99,7,0,0,14:33:5C:6D:AF:58,1,1,ARMED,448.0,0,0,80:02:9C:61:97:4B,1,99,4121.6,EC:75:0C:53:67:7F,3,1,ARP_SPOOF,2026-08-24T15:48:01.237990
45917,,-74,23,0,2776,65384,29260,2331003,0,99,7,0,0,14:33:5C:6D:AF:58,1,1,ARMED,448.0,0,0,80:02:9C:61:97:4B,1,149,3355.2,EC:75:0C:53:67:7F,3,1,ARP_SPOOF,2026-08-24T15:48:01.257990
45917,,-52,45,249,3905,65384,29260,2331019,0,99,7,0,0,14:33:5C:6D:AF:58,1,1,ARMED,448.0,0,0,80:02:9C:61:97:4B,1,199,3321.6,EC:75:0C:53:67:7F,3,1,ARP_SPOOF,2026-08-24T15:48:01.273990
45917,,-53,44,250,3932,65384,29260,2331040,0,99,7,0,0,14:33:5C:6D:AF:58,1,1,ARMED,448.0,0,0,80:02:9C:61:97:4B,1,249,3061.8,EC:75:0C:53:67:7F,3,1,ARP_SPOOF,2026-08-24T15:48:01.294990
45917,BEACON,-85,12,55290,2188,65384,29260,2331314,0,99,7,0,0,14:33:5C:6D:AF:58,0,0,ARMED,448.0,0,1,80:02:9C:61:97:4B,1,2,43.0,EC:75:0C:53:67:7F,3,1,ARP_SPOOF,2026-08-24T15:48:01.568990
45917,BEACON,-86,11,0,2865,65384,29260,2331793,0,99,7,0,0,14:33:5C:6D:AF:58,0,0,ARMED,448.0,0,1,80:02:9C:61:97:4B,1,1,75.0,EC:75:0C:53:67:7F,3,1,ARP_SPOOF,2026-08-24T15:48:02.047990
45917,BEACON,-86,11,0,1016,65384,29260,2332181,0,99,7,0,0,14:33:5C:6D:AF:58,0,0,ARMED,448.0,0,1,80:02:9C:61:97:4B,1,8,85.1,EC:75:0C:53:67:7F,3,1,ARP_SPOOF,2026-08-24T15:48:02.435990
45917,,-51,46,5148,2213,65384,29260,2332464,0,99,7,0,0,14:33:5C:6D:AF:58,0,0,ARMED,448.0,0,1,80:02:9C:61:97:4B,1,10,213.1,EC:75:0C:53:67:7F,3,1,ARP_SPOOF,2026-08-24T15:48:02.718990
45917,BEACON,-83,14,54,1020,65384,29260,2332591,0,99,7,0,0,14:33:5C:6D:AF:58,0,1,ARMED,448.0,0,1,80:02:9C:61:97:4B,1,30,417.3,EC:75:0C:53:67:7F,3,1,ARP_SPOOF,2026-08-24T15:48:02.845990
45917,,-73,24,8110,1273,65384,29260,2332817,0,99,7,0,0,14:33:5C:6D:AF:58,0,0,ARMED,448.0,0,1,80:02:9C:61:97:4B,1,12,125.9,EC:75:0C:53:67:7F,3,1,ARP_SPOOF,2026-08-24T15:48:03.071990
45917,,-57,40,0,135,65384,29260,2333007,0,99,7,0,0,14:33:5C:6D:AF:58,0,0,ARMED,448.0,0,0,80:02:9C:61:97:4B,1,27,343.2,EC:75:0C:53:67:7F,3,1,ARP_SPOOF,2026-08-24T15:48:03.261990
45917,BEACON,-67,30,0,3508,65384,29260,2333111,0,99,7,0,0,14:33:5C:6D:AF:58,0,1,ARMED,448.0,0,1,80:02:9C:61:97:4B,1,12,149.7,EC:75:0C:53:67:7F,3,1,ARP_SPOOF,2026-08-24T15:48:03.365990
45917,,-57,40,276,175,65384,29260,2333271,0,99,7,0,0,14:33:5C:6D:AF:58,0,1,ARMED,448.0,0,0,80:02:9C:61:97:4B,1,16,455.7,EC:75:0C:53:67:7F,3,1,ARP_SPOOF,2026-08-24T15:48:03.525990
45917,BEACON,-85,12,0,2209,65384,29260,2333465,0,99,7,0,0,14:33:5C:6D:AF:58,0,0,ARMED,448.0,0,1,80:02:9C:61:97:4B,1,8,332.4,EC:75:0C:53:67:7F,3,1,ARP_SPOOF,2026-08-24T15:48:03.719990
45917,BEACON,-89,8,0,2885,65384,29260,2333841,0,99,7,0,0,14:33:5C:6D:AF:58,0,0,ARMED,448.0,0,1,80:02:9C:61:97:4B,1,23,279.4,EC:75:0C:53:67:7F,3,1,ARP_SPOOF,2026-08-24T15:48:04.095990
45917,,-57,40,402,193,65384,29260,2334291,0,99,7,0,0,14:33:5C:6D:AF:58,0,0,ARMED,448.0,0,1,80:02:9C:61:97:4B,1,17,2272.7,EC:75:0C:53:67:7F,3,1,ARP_SPOOF,2026-08-24T15:48:04.545990
45917,BEACON,-90,7,0,3322,65384,29260,2334747,0,99,7,0,0,14:33:5C:6D:AF:58,0,0,ARMED,448.0,0,1,80:02:9C:61:97:4B,1,2,37.6,EC:75:0C:53:67:7F,3,1,ARP_SPOOF,2026-08-24T15:48:05.001990
45917,,-73,24,290,1339,65384,29260,2335287,0,99,7,0,0,14:33:5C:6D:AF:58,0,0,ARMED,448.0,0,0,80:02:9C:61:97:4B,1,8,100.2,EC:75:0C:53:67:7F,3,1,ARP_SPOOF,2026-08-24T15:48:05.541990
45917,BEACON,-92,5,0,22,65384,29260,2335592,0,99,7,0,0,14:33:5C:6D:AF:58,0,0,ARMED,448.0,0,1,80:02:9C:61:97:4B,1,6,74.5,EC:75:0C:53:67:7F,3,1,ARP_SPOOF,2026-08-24T15:48:05.846990
45917,,-52,45,993,2108,65384,29260,2335813,0,99,7,0,0,14:33:5C:6D:AF:58,0,0,ARMED,448.0,0,0,80:02:9C:61:97:4B,1,40,419.9,EC:75:0C:53:67:7F,3,1,ARP_SPOOF,2026-08-24T15:48:06.067990
45917,BEACON,-86,11,65,1062,65384,29260,2336277,0,99,7,0,0,14:33:5C:6D:AF:58,0,0,ARMED,448.0,0,1,80:02:9C:61:97:4B,1,12,252.5,EC:75:0C:53:67:7F,3,1,ARP_SPOOF,2026-08-24T15:48:06.531990
45917,,-87,10,553,2573,65384,29260,2336390,0,99,7,0,0,14:33:5C:6D:AF:58,0,1,ARMED,448.0,0,1,80:02:9C:61:97:4B,1,9,153.7,EC:75:0C:53:67:7F,3,1,ARP_SPOOF,2026-08-24T15:48:06.644990
45917,,-70,27,0,2323,65384,29260,2336810,0,99,7,0,0,14:33:5C:6D:AF:58,0,0,ARMED,448.0,0,1,80:02:9C:61:97:4B,1,8,116.9,EC:75:0C:53:67:7F,3,1,ARP_SPOOF,2026-08-24T15:48:07.064990
45917,PROBE_REQ,46,46,0,1023,65384,29260,2336968,0,99,7,0,0,14:33:5C:6D:AF:58,0,1,ARMED,448.0,0,0,80:02:9C:61:97:4B,1,9,403.4,EC:75:0C:53:67:7F,3,1,ARP_SPOOF,2026-08-24T15:48:07.222990
45917,BEACON,-90,7,0,2918,65384,29260,2337220,0,99,7,0,0,14:33:5C:6D:AF:58,0,0,ARMED,448.0,0,1,80:02:9C:61:97:4B,1,15,217.2,EC:75:0C:53:67:7F,3,1,ARP_SPOOF,2026-08-24T15:48:07.474990
45917,,-73,24,246,1376,65384,29260,2337352,0,99,7,0,0,14:33:5C:6D:AF:58,0,1,ARMED,448.0,0,0,80:02:9C:61:97:4B,1,1,1000.0,EC:75:0C:53:67:7F,3,1,ARP_SPOOF,2026-08-24T15:48:07.606990
45917,BEACON,-91,6,0,41,65384,29260,2337537,0,99,7,0,0,14:33:5C:6D:AF:58,0,1,ARMED,448.0,0,1,80:02:9C:61:97:4B,1,19,224.3,EC:75:0C:53:67:7F,3,1,ARP_SPOOF,2026-08-24T15:48:07.791990
45917,BEACON,-97,0,82,3601,65384,29260,2337873,0,99,7,0,0,14:33:5C:6D:AF:58,0,0,ARMED,448.0,0,1,80:02:9C:61:97:4B,1,2,278.0,EC:75:0C:53:67:7F,3,1,ARP_SPOOF,2026-08-24T15:48:08.127990
45917,,-52,45,7360,2264,65384,29260,2338154,0,99,7,0,0,14:33:5C:6D:AF:58,0,0,ARMED,448.0,0,1,80:02:9C:61:97:4B,1,18,217.4,EC:75:0C:53:67:7F,3,1,ARP_SPOOF,2026-08-24T15:48:08.408990
45917,PROBE_REQ,44,44,0,1023,65384,29260,2338298,0,99,7,0,0,14:33:5C:6D:AF:58,0,0,ARMED,448.0,0,0,80:02:9C:61:97:4B,1,29,1120.6,EC:75:0C:53:67:7F,3,1,ARP_SPOOF,2026-08-24T15:48:08.552990
45917,,-52,45,132,169,65384,29260,2338339,0,99,7,0,0,14:33:5C:6D:AF:58,0,0,ARMED,448.0,0,1,80:02:9C:61:97:4B,1,79,1178.0,EC:75:0C:53:67:7F,3,1,ARP_SPOOF,2026-08-24T15:48:08.593990
45917,PROBE_REQ,46,46,0,1023,65384,29260,2338421,0,99,7,0,0,14:33:5C:6D:AF:58,0,1,ARMED,448.0,0,0,80:02:9C:61:97:4B,1,32,667.5,EC:75:0C:53:67:7F,3,1,ARP_SPOOF,2026-08-24T15:48:08.675990
45917,BEACON,-97,0,82,3609,65384,29260,2338676,0,99,7,0,0,14:33:5C:6D:AF:58,0,0,ARMED,448.0,0,1,80:02:9C:61:97:4B,1,14,139.5,EC:75:0C:53:67:7F,3,1,ARP_SPOOF,2026-08-24T15:48:08.930990
45917,,-52,45,62,390,65384,29260,2339156,0,99,7,0,0,14:33:5C:6D:AF:58,0,0,ARMED,448.0,0,1,80:02:9C:61:97:4B,1,9,120.1,EC:75:0C:53:67:7F,3,1,ARP_SPOOF,2026-08-24T15:48:09.410990
45917,,-57,40,292,267,65384,29260,2339336,0,99,7,0,0,14:33:5C:6D:AF:58,0,0,ARMED,448.0,0,0,80:02:9C:61:97:4B,1,20,372.7,EC:75:0C:53:67:7F,3,1,ARP_SPOOF,2026-08-24T15:48:09.590990
45917,,-52,45,0,2155,65384,29260,2339409,0,99,7,0,0,14:33:5C:6D:AF:58,0,1,ARMED,448.0,0,0,80:02:9C:61:97:4B,1,26,1000.2,EC:75:0C:53:67:7F,3,1,ARP_SPOOF,2026-08-24T15:48:09.663990
45917,BEACON,-85,12,0,2269,65384,29260,2339609,0,99,7,0,0,14:33:5C:6D:AF:58,0,0,ARMED,448.0,0,1,80:02:9C:61:97:4B,1,1,41.8,EC:75:0C:53:67:7F,3,1,ARP_SPOOF,2026-08-24T15:48:09.863990
45917,,-53,44,250,3987,65384,29260,2339729,0,99,7,0,0,14:33:5C:6D:AF:58,0,0,ARMED,448.0,0,0,80:02:9C:61:97:4B,1,42,996.3,EC:75:0C:53:67:7F,3,1,ARP_SPOOF,2026-08-24T15:48:09.983990
45917,,-53,44,249,4012,65384,29260,2339746,0,99,7,0,0,14:33:5C:6D:AF:58,0,0,ARMED,448.0,0,0,80:02:9C:61:97:4B,1,92,1570.4,EC:75:0C:53:67:7F,3,1,ARP_SPOOF,2026-08-24T15:48:10.000990
45917,,-53,44,249,4053,65384,29260,2339770,0,99,7,0,0,14:33:5C:6D:AF:58,0,0,ARMED,448.0,0,0,80:02:9C:61:97:4B,1,142,1701.4,EC:75:0C:53:67:7F,3,1,ARP_SPOOF,2026-08-24T15:48:10.024990
45917,,-54,43,511,4087,64740,29260,2339790,0,99,7,0,0,14:33:5C:6D:AF:58,0,1,ARMED,448.0,0,0,80:02:9C:61:97:4B,1,3,1255.2,EC:75:0C:53:67:7F,3,1,ARP_SPOOF,2026-08-24T15:48:10.044990
45917,,-53,44,250,24,65384,29260,2339809,0,99,7,0,0,14:33:5C:6D:AF:58,0,1,ARMED,448.0,0,0,80:02:9C:61:97:4B,1,53,2401.8,EC:75:0C:53:67:7F,3,1,ARP_SPOOF,2026-08-24T15:48:10.063990
45917,,-53,44,250,55,65384,29260,2339826,0,99,7,0,0,14:33:5C:6D:AF:58,0,1,ARMED,448.0,0,0,80:02:9C:61:97:4B,1,103,2677.1,EC:75:0C:53:67:7F,3,1,ARP_SPOOF,2026-08-24T15:48:10.080990
45917,,-53,44,250,87,65384,29260,2339845,0,99,7,0,0,14:33:5C:6D:AF:58,0,1,ARMED,448.0,0,0,80:02:9C:61:97:4B,1,153,2631.8,EC:75:0C:53:67:7F,3,1,ARP_SPOOF,2026-08-24T15:48:10.099990
45917,PROBE_REQ,43,43,0,2885,65384,29260,2339857,0,99,7,0,0,14:33:5C:6D:AF:58,0,1,ARMED,448.0,0,1,80:02:9C:61:97:4B,1,203,2894.9,EC:75:0C:53:67:7F,3,1,ARP_SPOOF,2026-08-24T15:48:10.111990
45917,,-52,45,643,149,65384,29260,2339884,0,99,7,0,0,14:33:5C:6D:AF:58,0,1,ARMED,448.0,0,0,80:02:9C:61:97:4B,1,253,2620.0,EC:75:0C:53:67:7F,3,1,ARP_SPOOF,2026-08-24T15:48:10.138990
45917,,-72,25,0,2906,64740,29260,2339900,0,99,7,0,0,14:33:5C:6D:AF:58,0,1,ARMED,448.0,0,0,80:02:9C:61:97:4B,1,41,3176.8,EC:75:0C:53:67:7F,3,1,ARP_SPOOF,2026-08-24T15:48:10.154990
45917,,-53,44,250,219,63952,29260,2339929,0,99,7,0,0,14:33:5C:6D:AF:58,0,1,ARMED,448.0,0,0,80:02:9C:61:97:4B,1,91,2169.1,EC:75:0C:53:67:7F,3,1,ARP_SPOOF,2026-08-24T15:48:10.183990
45917,,-53,44,250,259,64740,29260,2339936,0,99,7,0,0,14:33:5C:6D:AF:58,0,1,ARMED,448.0,0,0,80:02:9C:61:97:4B,1,141,2913.2,EC:75:0C:53:67:7F,3,1,ARP_SPOOF,2026-08-24T15:48:10.190990
45917,,-53,44,259,292,65384,29260,2339956,0,99,7,0,0,14:33:5C:6D:AF:58,0,1,ARMED,448.0,0,1,80:02:9C:61:97:4B,1,191,2786.7,EC:75:0C:53:67:7F,3,1,ARP_SPOOF,2026-08-24T15:48:10.210990
45917,,-54,43,682,321,65384,29260,2339981,0,99,7,0,0,14:33:5C:6D:AF:58,0,1,ARMED,448.0,0,0,80:02:9C:61:97:4B,1,241,2582.3,EC:75:0C:53:67:7F,3,1,ARP_SPOOF,2026-08-24T15:48:10.235990
45917,,-73,24,0,2947,62120,29260,2340002,0,99,7,0,0,14:33:5C:6D:AF:58,0,1,ARMED,448.0,0,0,80:02:9C:61:97:4B,1,49,8851.2,EC:75:0C:53:67:7F,3,1,ARP_SPOOF,2026-08-24T15:48:10.256990
45917,,-53,44,250,367,65384,29260,2340014,0,99,7,0,0,14:33:5C:6D:AF:58,0,1,ARMED,448.0,0,0,80:02:9C:61:97:4B,1,99,5901.3,EC:75:0C:53:67:7F,3,1,ARP_SPOOF,2026-08-24T15:48:10.268990
45917,,-53,44,422,376,65384,29260,2340043,0,99,7,0,0,14:33:5C:6D:AF:58,0,1,ARMED,448.0,0,0,80:02:9C:61:97:4B,1,149,3237.4,EC:75:0C:53:67:7F,3,1,ARP_SPOOF,2026-08-24T15:48:10.297990
45917,,-53,44,250,406,65384,29260,2340060,0,99,7,0,0,14:33:5C:6D:AF:58,0,1,ARMED,448.0,0,0,80:02:9C:61:97:4B,1,199,3147.4,EC:75:0C:53:67:7F,3,1,ARP_SPOOF,2026-08-24T15:48:10.314990
45917,,-53,44,322,444,64740,29260,2340082,0,99,7,0,0,14:33:5C:6D:AF:58,0,1,ARMED,448.0,0,0,80:02:9C:61:97:4B,1,249,2941.2,EC:75:0C:53:67:7F,3,1,ARP_SPOOF,2026-08-24T15:48:10.336990
45917,,-54,43,403,471,65384,29260,2340098,0,99,7,0,0,14:33:5C:6D:AF:58,0,1,ARMED,448.0,0,0,80:02:9C:61:97:4B,1,2,2000.0,EC:75:0C:53:67:7F,3,1,ARP_SPOOF,2026-08-24T15:48:10.352990
45917,,-53,44,250,509,65384,29260,2340126,0,99,7,0,0,14:33:5C:6D:AF:58,0,1,ARMED,448.0,0,0,80:02:9C:61:97:4B,1,52,1775.8,EC:75:0C:53:67:7F,3,1,ARP_SPOOF,2026-08-24T15:48:10.380990
45917,,-53,44,0,527,65384,29260,2340138,0,99,7,0,0,14:33:5C:6D:AF:58,0,1,ARMED,448.0,0,1,80:02:9C:61:97:4B,1,102,2469.7,EC:75:0C:53:67:7F,3,1,ARP_SPOOF,2026-08-24T15:48:10.392990
45917,,-53,44,153,562,65384,29260,2340158,0,99,7,0,0,14:33:5C:6D:AF:58,0,1,ARMED,448.0,0,1,80:02:9C:61:97:4B,1,152,2488.3,EC:75:0C:53:67:7F,3,1,ARP_SPOOF,2026-08-24T15:48:10.412990
45917,,-53,44,250,591,65384,29260,2340181,0,99,7,0,0,14:33:5C:6D:AF:58,0,1,ARMED,448.0,0,0,80:02:9C:61:97:4B,1,202,2402.0,EC:75:0C:53:67:7F,3,1,ARP_SPOOF,2026-08-24T15:48:10.435990
45917,,-54,43,313,620,64740,29260,2340201,0,99,7,0,0,14:33:5C:6D:AF:58,0,1,ARMED,448.0,0,0,80:02:9C:61:97:4B,1,49,13869.2,EC:75:0C:53:67:7F,3,1,ARP_SPOOF,2026-08-24T15:48:10.455990
45917,,-53,44,1474,648,65384,29260,2340220,0,99,7,0,0,14:33:5C:6D:AF:58,0,1,ARMED,448.0,0,0,80:02:9C:61:97:4B,1,99,4475.4,EC:75:0C:53:67:7F,3,1,ARP_SPOOF,2026-08-24T15:48:10.474990
45917,,-53,44,286,680,65384,29260,2340242,0,99,7,0,0,14:33:5C:6D:AF:58,0,1,ARMED,448.0,0,0,80:02:9C:61:97:4B,1,149,3319.1,EC:75:0C:53:67:7F,3,1,ARP_SPOOF,2026-08-24T15:48:10.496990
45917,BEACON,-89,8,82,3376,65308,29260,2340276,0,99,7,0,0,14:33:5C:6D:AF:58,0,1,ARMED,448.0,0,1,80:02:9C:61:97:4B,1,199,2519.1,EC:75:0C:53:67:7F,3,1,ARP_SPOOF,2026-08-24T15:48:10.530990
45917,PROBE_REQ,43,43,0,0,65384,29260,2340307,0,99,7,0,0,14:33:5C:6D:AF:58,0,1,ARMED,448.0,0,0,80:02:9C:61:97:4B,1,17,1718.6,EC:75:0C:53:67:7F,3,1,ARP_SPOOF,2026-08-24T15:48:10.561990
45917,,-53,44,250,731,65384,29260,2340331,0,99,7,0,0,14:33:5C:6D:AF:58,0,1,ARMED,448.0,0,0,80:02:9C:61:97:4B,1,67,2017.1,EC:75:0C:53:67:7F,3,1,ARP_SPOOF,2026-08-24T15:48:10.585990
45917,PROBE_REQ,43,43,0,1023,64740,29260,2340360,0,99,7,0,0,14:33:5C:6D:AF:58,0,1,ARMED,448.0,0,0,80:02:9C:61:97:4B,1,117,1888.7,EC:75:0C:53:67:7F,3,1,ARP_SPOOF,2026-08-24T15:48:10.614990
45917,,-53,44,2546,760,64096,29260,2340368,0,99,7,0,0,14:33:5C:6D:AF:58,0,1,ARMED,448.0,0,0,80:02:9C:61:97:4B,1,167,2384.3,EC:75:0C:53:67:7F,3,1,ARP_SPOOF,2026-08-24T15:48:10.622990
45917,,-53,44,295,782,65384,29260,2340391,0,99,7,0,0,14:33:5C:6D:AF:58,0,1,ARMED,448.0,0,0,80:02:9C:61:97:4B,1,217,2324.0,EC:75:0C:53:67:7F,3,1,ARP_SPOOF,2026-08-24T15:48:10.645990
45917,,-73,24,198,3093,64816,29260,2340408,0,99,7,0,0,14:33:5C:6D:AF:58,0,1,ARMED,448.0,0,0,80:02:9C:61:97:4B,1,28,2634.8,EC:75:0C:53:67:7F,3,1,ARP_SPOOF,2026-08-24T15:48:10.662990
45917,,-53,44,419,825,65384,29260,2340439,0,99,7,0,0,14:33:5C:6D:AF:58,0,1,ARMED,448.0,0,0,80:02:9C:61:97:4B,1,78,1886.0,EC:75:0C:53:67:7F,3,1,ARP_SPOOF,2026-08-24T15:48:10.693990
45917,PROBE_REQ,43,43,0,3111,65364,29260,2340456,0,99,7,0,0,14:33:5C:6D:AF:58,0,1,ARMED,448.0,0,0,80:02:9C:61:97:4B,1,128,2207.5,EC:75:0C:53:67:7F,3,1,ARP_SPOOF,2026-08-24T15:48:10.710990
45917,,-55,42,348,874,64740,29260,2340481,0,99,7,0,0,14:33:5C:6D:AF:58,0,1,ARMED,448.0,0,0,80:02:9C:61:97:4B,1,178,2131.8,EC:75:0C:53:67:7F,3,1,ARP_SPOOF,2026-08-24T15:48:10.735990
45917,,-73,24,0,3114,61032,29260,2340504,0,99,7,0,0,14:33:5C:6D:AF:58,0,1,ARMED,448.0,0,0,80:02:9C:61:97:4B,1,13,2319.4,EC:75:0C:53:67:7F,3,1,ARP_SPOOF,2026-08-24T15:48:10.758990
45917,,-53,44,0,926,65384,29260,2340523,0,99,7,0,0,14:33:5C:6D:AF:58,0,1,ARMED,448.0,0,1,80:02:9C:61:97:4B,1,63,2472.3,EC:75:0C:53:67:7F,3,1,ARP_SPOOF,2026-08-24T15:48:10.777990
45917,,-52,45,266,954,65384,29260,2340540,0,99,7,0,0,14:33:5C:6D:AF:58,0,1,ARMED,448.0,0,0,80:02:9C:61:97:4B,1,113,2687.5,EC:75:0C:53:67:7F,3,1,ARP_SPOOF,2026-08-24T15:48:10.794990
45917,,-53,44,267,985,63952,29260,2340569,0,99,7,0,0,14:33:5C:6D:AF:58,0,1,ARMED,448.0,0,0,80:02:9C:61:97:4B,1,163,2302.3,EC:75:0C:53:67:7F,3,1,ARP_SPOOF,2026-08-24T15:48:10.823990
45917,,-53,44,267,1025,65384,29260,2340576,0,99,7,0,0,14:33:5C:6D:AF:58,0,1,ARMED,448.0,0,0,80:02:9C:61:97:4B,1,213,2744.5,EC:75:0C:53:67:7F,3,1,ARP_SPOOF,2026-08-24T15:48:10.830990
45917,,-53,44,816,1034,65384,29260,2340613,0,99,7,0,0,14:33:5C:6D:AF:58,0,1,ARMED,448.0,0,0,80:02:9C:61:97:4B,1,18,1276.0,EC:75:0C:53:67:7F,3,1,ARP_SPOOF,2026-08-24T15:48:10.867990
45917,,-73,24,0,3170,65088,29260,2340627,0,99,7,0,0,14:33:5C:6D:AF:58,0,1,ARMED,448.0,0,0,80:02:9C:61:97:4B,1,68,2378.0,EC:75:0C:53:67:7F,3,1,ARP_SPOOF,2026-08-24T15:48:10.881990
45917,,-53,44,249,1095,63952,29260,2340647,0,99,7,0,0,14:33:5C:6D:AF:58,0,1,ARMED,448.0,0,0,80:02:9C:61:97:4B,1,118,2444.9,EC:75:0C:53:67:7F,3,1,ARP_SPOOF,2026-08-24T15:48:10.901990
45917,,-53,44,250,1132,65384,29260,2340666,0,99,7,0,0,14:33:5C:6D:AF:58,0,1,ARMED,448.0,0,0,80:02:9C:61:97:4B,1,168,2504.0,EC:75:0C:53:67:7F,3,1,ARP_SPOOF,2026-08-24T15:48:10.920990
45917,,-74,23,0,3192,65384,29260,2340685,0,99,7,0,0,14:33:5C:6D:AF:58,0,1,ARMED,448.0,0,0,80:02:9C:61:97:4B,1,218,2524.9,EC:75:0C:53:67:7F,3,1,ARP_SPOOF,2026-08-24T15:48:10.939990
45917,,-73,24,0,3200,65384,29260,2340704,0,99,7,0,0,14:33:5C:6D:AF:58,1,1,ARMED,448.0,0,0,80:02:9C:61:97:4B,1,11,2180.8,EC:75:0C:53:67:7F,3,1,ARP_SPOOF,2026-08-24T15:48:10.958990
45917,,-73,24,0,3209,65384,29260,2340729,0,99,7,0,0,14:33:5C:6D:AF:58,1,1,ARMED,448.0,0,1,80:02:9C:61:97:4B,1,61,1985.0,EC:75:0C:53:67:7F,3,1,ARP_SPOOF,2026-08-24T15:48:10.983990
45917,,-73,24,0,3216,63952,29260,2340743,0,99,7,0,0,14:33:5C:6D:AF:58,1,1,ARMED,448.0,0,0,80:02:9C:61:97:4B,1,111,2515.1,EC:75:0C:53:67:7F,3,1,ARP_SPOOF,2026-08-24T15:48:10.997990
45917,,-53,44,963,1288,63952,29260,2340772,0,99,7,0,0,14:33:5C:6D:AF:58,1,1,ARMED,448.0,0,0,80:02:9C:61:97:4B,1,161,2208.4,EC:75:0C:53:67:7F,3,1,ARP_SPOOF,2026-08-24T15:48:11.026990
45917,,-53,44,251,1316,65384,29260,2340778,0,99,7,0,0,14:33:5C:6D:AF:58,1,1,ARMED,448.0,0,1,80:02:9C:61:97:4B,1,211,2659.1,EC:75:0C:53:67:7F,3,1,ARP_SPOOF,2026-08-24T15:48:11.032990
45917,,-52,45,433,1343,63952,29260,2340798,0,99,7,0,0,14:33:5C:6D:AF:58,1,1,ARMED,448.0,0,1,80:02:9C:61:97:4B,1,261,2625.1,EC:75:0C:53:67:7F,3,1,ARP_SPOOF,2026-08-24T15:48:11.052990
45917,,-73,24,143,3251,65384,29260,2340811,0,99,7,0,0,14:33:5C:6D:AF:58,1,1,ARMED,448.0,0,0,80:02:9C:61:97:4B,1,49,4893.1,EC:75:0C:53:67:7F,3,1,ARP_SPOOF,2026-08-24T15:48:11.065990
45917,,-73,24,244,3261,65384,29260,2340835,0,99,7,0,0,14:33:5C:6D:AF:58,1,1,ARMED,448.0,0,0,80:02:9C:61:97:4B,1,99,2932.6,EC:75:0C:53:67:7F,3,1,ARP_SPOOF,2026-08-24T15:48:11.089990
45917,,-52,45,250,1432,65384,29260,2340846,0,99,7,0,0,14:33:5C:6D:AF:58,1,1,ARMED,448.0,0,0,80:02:9C:61:97:4B,1,149,3306.0,EC:75:0C:53:67:7F,3,1,ARP_SPOOF,2026-08-24T15:48:11.100990
45917,,-73,24,226,3275,65384,29260,2340866,0,99,7,0,0,14:33:5C:6D:AF:58,1,1,ARMED,448.0,0,0,80:02:9C:61:97:4B,1,199,3073.5,EC:75:0C:53:67:7F,3,1,ARP_SPOOF,2026-08-24T15:48:11.120990
45917,,-53,44,250,1484,65384,29260,2340879,0,99,7,0,0,14:33:5C:6D:AF:58,1,1,ARMED,448.0,0,0,80:02:9C:61:97:4B,1,249,3196.5,EC:75:0C:53:67:7F,3,1,ARP_SPOOF,2026-08-24T15:48:11.133990
45917,,-53,44,250,1507,65384,29260,2340908,0,99,7,0,0,14:33:5C:6D:AF:58,1,1,ARMED,448.0,0,0,80:02:9C:61:97:4B,1,1,151.3,EC:75:0C:53:67:7F,3,1,ARP_SPOOF,2026-08-24T15:48:11.162990
45917,,-52,45,250,1539,65384,29260,2340921,0,99,7,0,0,14:33:5C:6D:AF:58,1,1,ARMED,448.0,0,0,80:02:9C:61:97:4B,1,51,2599.7,EC:75:0C:53:67:7F,3,1,ARP_SPOOF,2026-08-24T15:48:11.175990
45917,,-52,45,250,1576,63952,29260,2340949,0,99,7,0,0,14:33:5C:6D:AF:58,1,1,ARMED,448.0,0,0,80:02:9C:61:97:4B,1,101,2086.4,EC:75:0C:53:67:7F,3,1,ARP_SPOOF,2026-08-24T15:48:11.203990
45917,BEACON,-53,44,1373,2638,63308,29260,2340956,0,99,7,0,0,14:33:5C:6D:AF:58,1,1,ARMED,448.0,0,1,80:02:9C:61:97:4B,1,151,2766.9,EC:75:0C:53:67:7F,3,1,ARP_SPOOF,2026-08-24T15:48:11.210990
45917,,-73,24,0,3323,65384,29260,2340976,0,99,7,0,0,14:33:5C:6D:AF:58,1,1,ARMED,448.0,0,0,80:02:9C:61:97:4B,1,201,2689.7,EC:75:0C:53:67:7F,3,1,ARP_SPOOF,2026-08-24T15:48:11.230990
45917,,-52,45,531,1651,65384,29260,2341011,0,99,7,0,0,14:33:5C:6D:AF:58,0,1,ARMED,448.0,0,0,80:02:9C:61:97:4B,1,15,1645.3,EC:75:0C:53:67:7F,3,1,ARP_SPOOF,2026-08-24T15:48:11.265990
45917,,-52,45,287,1672,65384,29260,2341031,0,99,7,0,0,14:33:5C:6D:AF:58,0,1,ARMED,448.0,0,0,80:02:9C:61:97:4B,1,65,2230.9,EC:75:0C:53:67:7F,3,1,ARP_SPOOF,2026-08-24T15:48:11.285990
45917,,-73,24,0,3354,60764,29260,2341049,0,99,7,0,0,14:33:5C:6D:AF:58,0,1,ARMED,448.0,0,0,80:02:9C:61:97:4B,1,115,2448.5,EC:75:0C:53:67:7F,3,1,ARP_SPOOF,2026-08-24T15:48:11.303990
45917,,-52,45,871,1738,65384,29260,2341068,0,99,7,0,0,14:33:5C:6D:AF:58,0,1,ARMED,448.0,0,0,80:02:9C:61:97:4B,1,165,2473.4,EC:75:0C:53:67:7F,3,1,ARP_SPOOF,2026-08-24T15:48:11.322990
45917,,-73,24,0,3371,64740,29260,2341078,0,99,7,0,0,14:33:5C:6D:AF:58,0,1,ARMED,448.0,0,0,80:02:9C:61:97:4B,1,215,2816.2,EC:75:0C:53:67:7F,3,1,ARP_SPOOF,2026-08-24T15:48:11.332990
45917,,43,43,0,3383,64740,29260,2341097,0,99,7,0,0,14:33:5C:6D:AF:58,0,1,ARMED,448.0,0,1,80:02:9C:61:97:4B,1,265,2766.8,EC:75:0C:53:67:7F,3,1,ARP_SPOOF,2026-08-24T15:48:11.351990
45917,,-54,43,528,1824,65384,29260,2341120,0,99,7,0,0,14:33:5C:6D:AF:58,0,1,ARMED,448.0,0,1,80:02:9C:61:97:4B,1,45,2657.5,EC:75:0C:53:67:7F,3,1,ARP_SPOOF,2026-08-24T15:48:11.374990
45917,,-53,44,287,1856,65384,29260,2341149,0,99,7,0,0,14:33:5C:6D:AF:58,0,1,ARMED,448.0,0,0,80:02:9C:61:97:4B,1,95,2075.1,EC:75:0C:53:67:7F,3,1,ARP_SPOOF,2026-08-24T15:48:11.403990
45917,,-53,44,303,1896,64740,29260,2341160,0,99,7,0,0,14:33:5C:6D:AF:58,0,1,ARMED,448.0,0,0,80:02:9C:61:97:4B,1,145,2529.0,EC:75:0C:53:67:7F,3,1,ARP_SPOOF,2026-08-24T15:48:11.414990
45917,,-76,21,0,3414,65384,29260,2341181,0,99,7,0,0,14:33:5C:6D:AF:58,0,1,ARMED,448.0,0,0,80:02:9C:61:97:4B,1,195,2494.3,EC:75:0C:53:67:7F,3,1,ARP_SPOOF,2026-08-24T15:48:11.435990
45917,BEACON,-66,31,0,3596,65384,29260,2341201,0,99,7,0,0,14:33:5C:6D:AF:58,0,1,ARMED,448.0,0,1,80:02:9C:61:97:4B,1,245,2493.9,EC:75:0C:53:67:7F,3,1,ARP_SPOOF,2026-08-24T15:48:11.455990
45917,,-53,44,338,1953,65384,29260,2341226,0,99,7,0,0,14:33:5C:6D:AF:58,0,1,ARMED,448.0,0,0,80:02:9C:61:97:4B,1,49,6174.4,EC:75:0C:53:67:7F,3,1,ARP_SPOOF,2026-08-24T15:48:11.480990
45917,BEACON,-94,3,0,78,65384,29260,2341326,0,99,7,0,0,14:33:5C:6D:AF:58,0,1,ARMED,448.0,0,1,80:02:9C:61:97:4B,1,99,918.6,EC:75:0C:53:67:7F,3,1,ARP_SPOOF,2026-08-24T15:48:11.580990
45917,,-57,40,0,306,65384,29260,2341502,0,99,7,0,0,14:33:5C:6D:AF:58,0,0,ARMED,448.0,0,0,80:02:9C:61:97:4B,1,30,406.1,EC:75:0C:53:67:7F,3,1,ARP_SPOOF,2026-08-24T15:48:11.756990
45917,BEACON,-66,31,0,3608,65384,29260,2341713,0,99,7,0,0,14:33:5C:6D:AF:58,0,0,ARMED,448.0,0,1,80:02:9C:61:97:4B,1,4,69.3,EC:75:0C:53:67:7F,3,1,ARP_SPOOF,2026-08-24T15:48:11.967990
45917,BEACON,-85,12,77200,1119,65384,29260,2342114,0,99,7,0,0,14:33:5C:6D:AF:58,0,0,ARMED,448.0,0,1,80:02:9C:61:97:4B,1,2,41.7,EC:75:0C:53:67:7F,3,1,ARP_SPOOF,2026-08-24T15:48:12.368990
45917,,-52,45,0,2175,65384,29260,2342356,0,99,7,0,0,14:33:5C:6D:AF:58,0,0,ARMED,448.0,0,0,80:02:9C:61:97:4B,1,21,246.9,EC:75:0C:53:67:7F,3,1,ARP_SPOOF,2026-08-24T15:48:12.610990
45917,PROBE_REQ,43,43,0,3627,65384,29260,2342544,0,99,7,0,0,14:33:5C:6D:AF:58,0,1,ARMED,448.0,0,1,80:02:9C:61:97:4B,1,11,203.7,EC:75:0C:53:67:7F,3,1,ARP_SPOOF,2026-08-24T15:48:12.798990
45917,,-52,45,0,1978,65384,29260,2342769,0,99,7,0,0,14:33:5C:6D:AF:58,0,0,ARMED,448.0,0,1,80:02:9C:61:97:4B,1,15,276.7,EC:75:0C:53:67:7F,3,1,ARP_SPOOF,2026-08-24T15:48:13.023990
45917,,-73,24,0,1399,65384,29260,2342973,0,99,7,0,0,14:33:5C:6D:AF:58,0,1,ARMED,448.0,0,1,80:02:9C:61:97:4B,1,9,224.0,EC:75:0C:53:67:7F,3,1,ARP_SPOOF,2026-08-24T15:48:13.227990
45917,,-73,24,581,1580,65384,29260,2343378,0,99,7,0,0,14:33:5C:6D:AF:58,0,0,ARMED,448.0,0,0,80:02:9C:61:97:4B,1,8,216.1,EC:75:0C:53:67:7F,3,1,ARP_SPOOF,2026-08-24T15:48:13.632990
45917,,-73,24,0,1595,65384,29260,2343716,0,99,7,0,0,14:33:5C:6D:AF:58,0,0,ARMED,448.0,0,1,80:02:9C:61:97:4B,1,19,288.3,EC:75:0C:53:67:7F,3,1,ARP_SPOOF,2026-08-24T15:48:13.970990
45917,,-73,24,362,1604,65384,29260,2343977,0,99,7,0,0,14:33:5C:6D:AF:58,0,0,ARMED,448.0,0,0,80:02:9C:61:97:4B,1,9,443.0,EC:75:0C:53:67:7F,3,1,ARP_SPOOF,2026-08-24T15:48:14.231990
45917,,-57,40,0,348,62288,29260,2344198,0,99,7,0,0,14:33:5C:6D:AF:58,0,0,ARMED,448.0,0,0,80:02:9C:61:97:4B,1,10,275.6,EC:75:0C:53:67:7F,3,1,ARP_SPOOF,2026-08-24T15:48:14.452990
45917,,-73,24,2137,1256,65384,29260,2344535,0,99,7,0,0,14:33:5C:6D:AF:58,0,0,ARMED,448.0,0,1,80:02:9C:61:97:4B,1,17,255.4,EC:75:0C:53:67:7F,3,1,ARP_SPOOF,2026-08-24T15:48:14.789990
45917,,-53,44,589,273,65140,29260,2344795,0,99,7,0,0,14:33:5C:6D:AF:58,0,0,ARMED,448.0,0,1,80:02:9C:61:97:4B,1,7,371.8,80:02:9C:61:97:4A,4,1,ARP_SPOOF,2026-08-24T15:48:15.049990
45917,MGMT_OTHER,-93,4,3678,880,65384,29260,2345169,0,99,7,0,0,14:33:5C:6D:AF:58,0,0,ARMED,448.0,0,1,80:02:9C:61:97:4B,1,18,210.4,80:02:9C:61:97:4A,4,1,ARP_SPOOF,2026-08-24T15:48:15.423990
45917,,-57,40,0,367,65384,29260,2345550,0,99,7,0,0,14:33:5C:6D:AF:58,0,0,ARMED,448.0,0,0,80:02:9C:61:97:4B,1,11,226.4,80:02:9C:61:97:4A,4,1,ARP_SPOOF,2026-08-24T15:48:15.804990
45917,,-79,18,44252,1668,65384,29260,2345904,0,99,7,0,0,14:33:5C:6D:AF:58,0,0,ARMED,448.0,0,1,80:02:9C:61:97:4B,1,9,94.9,80:02:9C:61:97:4A,4,1,ARP_SPOOF,2026-08-24T15:48:16.158990
45917,,-78,19,2664,1677,65384,29260,2346158,0,99,7,0,0,14:33:5C:6D:AF:58,0,0,ARMED,448.0,0,0,80:02:9C:61:97:4B,1,8,274.6,80:02:9C:61:97:4A,4,1,ARP_SPOOF,2026-08-24T15:48:16.412990
45917,,-52,45,0,2230,65384,29260,2346223,0,99,7,0,0,14:33:5C:6D:AF:58,0,0,ARMED,448.0,0,0,80:02:9C:61:97:4B,1,58,614.1,80:02:9C:61:97:4A,4,1,ARP_SPOOF,2026-08-24T15:48:16.477990
45917,BEACON,-88,9,0,1166,65384,29260,2346619,0,99,7,0,0,14:33:5C:6D:AF:58,0,0,ARMED,448.0,0,1,80:02:9C:61:97:4B,1,3,42.2,80:02:9C:61:97:4A,4,1,ARP_SPOOF,2026-08-24T15:48:16.873990
45917,BEACON,-88,9,50,1169,65384,29260,2346927,0,99,7,0,0,14:33:5C:6D:AF:58,0,0,ARMED,448.0,0,1,80:02:9C:61:97:4B,1,9,186.9,80:02:9C:61:97:4A,4,1,ARP_SPOOF,2026-08-24T15:48:17.181990
45917,BEACON,-89,8,0,3016,65384,29260,2347255,0,99,7,0,0,14:33:5C:6D:AF:58,0,0,ARMED,448.0,0,1,80:02:9C:61:97:4B,1,13,187.6,80:02:9C:61:97:4A,4,1,ARP_SPOOF,2026-08-24T15:48:17.509990
45917,PROBE_REQ,61,61,0,3698,65384,29260,2347623,0,99,7,0,0,14:33:5C:6D:AF:58,0,0,ARMED,448.0,0,0,80:02:9C:61:97:4B,1,3,105.4,80:02:9C:61:97:4A,4,1,ARP_SPOOF,2026-08-24T15:48:17.877990
45917,BEACON,-89,8,30508,3023,65384,29260,2347972,0,99,7,0,0,14:33:5C:6D:AF:58,0,0,ARMED,448.0,0,1,80:02:9C:61:97:4B,1,5,72.2,80:02:9C:61:97:4A,4,1,ARP_SPOOF,2026-08-24T15:48:18.226990
45917,BEACON,-92,5,0,147,65384,29260,2348391,0,99,7,0,0,14:33:5C:6D:AF:58,0,0,ARMED,448.0,0,1,80:02:9C:61:97:4B,1,12,152.4,80:02:9C:61:97:4A,4,1,ARP_SPOOF,2026-08-24T15:48:18.645990
45917,BEACON,-93,4,0,149,65384,29260,2348597,0,99,7,0,0,14:33:5C:6D:AF:58,0,0,ARMED,448.0,0,1,80:02:9C:61:97:4B,1,31,396.7,80:02:9C:61:97:4A,4,1,ARP_SPOOF,2026-08-24T15:48:18.851990
45917,,-58,39,0,54,65384,29260,2348806,0,99,7,0,0,14:33:5C:6D:AF:58,0,1,ARMED,448.0,0,0,80:02:9C:61:97:4B,1,17,466.6,80:02:9C:61:97:4A,4,1,ARP_SPOOF,2026-08-24T15:48:19.060990
45917,BEACON,-88,9,0,3036,65384,29260,2349303,0,99,7,0,0,14:33:5C:6D:AF:58,0,0,ARMED,448.0,0,1,80:02:9C:61:97:4B,1,3,138.5,80:02:9C:61:97:4A,4,1,ARP_SPOOF,2026-08-24T15:48:19.557990
45917,,-58,39,1596,429,65384,29260,2349699,0,99,7,0,0,14:33:5C:6D:AF:58,0,0,ARMED,448.0,0,0,80:02:9C:61:97:4B,1,10,1226.7,80:02:9C:61:97:4A,4,1,ARP_SPOOF,2026-08-24T15:48:19.953990
45917,,-58,39,0,456,65384,29260,2349768,0,99,7,0,0,14:33:5C:6D:AF:58,0,0,ARMED,448.0,0,0,80:02:9C:61:97:4B,1,60,785.4,80:02:9C:61:97:4A,4,1,ARP_SPOOF,2026-08-24T15:48:20.022990
45917,BEACON,-88,9,82,3044,65384,29260,2350122,0,99,7,0,0,14:33:5C:6D:AF:58,0,0,ARMED,448.0,0,1,80:02:9C:61:97:4B,1,5,231.5,80:02:9C:61:97:4A,4,1,ARP_SPOOF,2026-08-24T15:48:20.376990
45917,BEACON,-87,10,44479,1218,65384,29260,2350715,0,99,7,0,0,14:33:5C:6D:AF:58,0,0,ARMED,448.0,0,1,80:02:9C:61:97:4B,1,8,77.4,80:02:9C:61:97:4A,4,1,ARP_SPOOF,2026-08-24T15:48:20.969990
45917,,-75,22,7216,1737,65384,29260,2351243,0,99,7,0,0,14:33:5C:6D:AF:58,0,0,ARMED,448.0,0,1,80:02:9C:61:97:4B,1,7,438.9,80:02:9C:61:97:4A,4,0,NONE,2026-08-24T15:48:21.497990
45917,,-76,21,15471,1422,65384,29260,2351575,0,99,7,0,0,14:33:5C:6D:AF:58,0,0,ARMED,448.0,0,1,80:02:9C:61:97:4B,1,10,248.1,80:02:9C:61:97:4A,4,0,NONE,2026-08-24T15:48:21.829990
45917,,-53,44,0,1001,65384,29260,2351838,0,99,7,0,0,14:33:5C:6D:AF:58,0,0,ARMED,448.0,0,0,80:02:9C:61:97:4B,1,22,223.0,80:02:9C:61:97:4A,4,0,NONE,2026-08-24T15:48:22.092990
45917,PROBE_REQ,32,32,0,1023,65384,29260,2352107,0,99,7,0,0,14:33:5C:6D:AF:58,0,0,ARMED,448.0,0,0,80:02:9C:61:97:4B,1,11,279.0,80:02:9C:61:97:4A,4,0,NONE,2026-08-24T15:48:22.361990
45917,,-48,49,0,728,65384,29260,2352518,0,99,7,0,0,14:33:5C:6D:AF:58,0,0,ARMED,448.0,0,1,80:02:9C:61:97:4B,1,4,97.9,80:02:9C:61:97:4A,4,0,NONE,2026-08-24T15:48:22.772990
45917,,-65,32,0,3759,63652,29260,2352777,0,99,7,0,0,14:33:5C:6D:AF:58,0,1,ARMED,448.0,0,0,80:02:9C:61:97:4B,1,11,116.3,80:02:9C:61:97:4A,4,0,NONE,2026-08-24T15:48:23.031990
45917,,-56,41,292,491,65384,29260,2353131,0,99,7,0,0,14:33:5C:6D:AF:58,0,0,ARMED,448.0,0,0,80:02:9C:61:97:4B,1,11,373.3,80:02:9C:61:97:4A,4,0,NONE,2026-08-24T15:48:23.385990
45917,,-65,32,0,3769,63620,29260,2353286,0,99,7,0,0,14:33:5C:6D:AF:58,0,1,ARMED,448.0,0,0,80:02:9C:61:97:4B,1,22,271.4,80:02:9C:61:97:4A,4,0,NONE,2026-08-24T15:48:23.540990
45917,,-56,41,36416,509,65384,29260,2353604,0,99,7,0,0,14:33:5C:6D:AF:58,0,0,ARMED,448.0,0,1,80:02:9C:61:97:4B,1,12,128.5,80:02:9C:61:97:4A,4,0,NONE,2026-08-24T15:48:23.858990
45917,BEACON,-88,9,0,3513,65384,29260,2353794,0,99,7,0,0,14:33:5C:6D:AF:58,0,0,ARMED,448.0,0,1,80:02:9C:61:97:4B,1,32,492.9,80:02:9C:61:97:4A,4,0,NONE,2026-08-24T15:48:24.048990
45917,BEACON,-89,8,121779,3086,65384,29260,2354423,0,99,7,0,0,14:33:5C:6D:AF:58,0,0,ARMED,448.0,0,1,80:02:9C:61:97:4B,1,4,56.4,80:02:9C:61:97:4A,4,0,NONE,2026-08-24T15:48:24.677990
45917,BEACON,-86,11,0,2417,65384,29260,2354764,0,99,7,0,0,14:33:5C:6D:AF:58,0,0,ARMED,448.0,0,1,80:02:9C:61:97:4B,1,9,87.9,80:02:9C:61:97:4A,4,0,NONE,2026-08-24T15:48:25.018990
45917,BEACON,-67,30,0,3800,65384,29260,2355332,0,99,7,0,0,14:33:5C:6D:AF:58,0,0,ARMED,448.0,0,1,80:02:9C:61:97:4B,1,2,231.6,80:02:9C:61:97:4A,4,0,NONE,2026-08-24T15:48:25.586990
45917,BEACON,-90,7,4809,3098,65384,29260,2355652,0,99,7,0,0,14:33:5C:6D:AF:58,0,0,ARMED,448.0,0,1,80:02:9C:61:97:4B,1,30,1383.6,80:02:9C:61:97:4A,4,0,NONE,2026-08-24T15:48:25.906990
45917,BEACON,-83,14,0,2431,65384,29260,2356196,0,99,7,0,0,14:33:5C:6D:AF:58,0,0,ARMED,448.0,0,1,80:02:9C:61:97:4B,1,5,93.9,80:02:9C:61:97:4A,4,0,NONE,2026-08-24T15:48:26.450990
45917,,-57,40,291,539,65384,29260,2356597,0,99,7,0,0,14:33:5C:6D:AF:58,0,0,ARMED,448.0,0,0,80:02:9C:61:97:4B,1,8,177.2,80:02:9C:61:97:4A,4,0,NONE,2026-08-24T15:48:26.851990
45917,,-57,40,292,567,65384,29260,2356695,0,99,7,0,0,14:33:5C:6D:AF:58,0,1,ARMED,448.0,0,0,80:02:9C:61:97:4B,1,28,694.0,80:02:9C:61:97:4A,4,0,NONE,2026-08-24T15:48:26.949990
45917,PROBE_REQ,61,61,0,3819,65384,29260,2357096,0,99,7,0,0,14:33:5C:6D:AF:58,0,0,ARMED,448.0,0,1,80:02:9C:61:97:4B,1,6,184.9,80:02:9C:61:97:4A,4,0,NONE,2026-08-24T15:48:27.350990
45917,BEACON,-65,32,0,3824,65384,29260,2357585,0,99,7,0,0,14:33:5C:6D:AF:58,0,0,ARMED,448.0,0,1,80:02:9C:61:97:4B,1,2,233.0,80:02:9C:61:97:4A,4,0,NONE,2026-08-24T15:48:27.839990
45917,,-52,45,3115,2008,65364,29260,2357973,0,99,7,0,0,14:33:5C:6D:AF:58,0,0,ARMED,448.0,0,1,80:02:9C:61:97:4B,1,11,122.2,80:02:9C:61:97:4A,4,0,NONE,2026-08-24T15:48:28.227990
45917,BEACON,-94,3,0,3807,65384,29260,2358345,0,99,7,0,0,14:33:5C:6D:AF:58,0,0,ARMED,448.0,0,1,80:02:9C:61:97:4B,1,5,95.9,80:02:9C:61:97:4A,4,0,NONE,2026-08-24T15:48:28.599990
45917,,-53,44,0,2362,65384,29260,2358768,0,99,7,0,0,14:33:5C:6D:AF:58,0,0,ARMED,448.0,0,0,80:02:9C:61:97:4B,1,22,335.7,80:02:9C:61:97:4A,4,0,NONE,2026-08-24T15:48:29.022990
45917,,-52,45,2763,2022,65384,29260,2358822,0,99,7,0,0,14:33:5C:6D:AF:58,0,1,ARMED,448.0,0,1,80:02:9C:61:97:4B,1,16,920.9,80:02:9C:61:97:4A,4,0,NONE,2026-08-24T15:48:29.076990
45917,,-75,22,2375,1825,65384,29260,2358913,0,99,7,0,0,14:33:5C:6D:AF:58,0,1,ARMED,448.0,0,0,80:02:9C:61:97:4B,1,4,653.1,80:02:9C:61:97:4A,4,0,NONE,2026-08-24T15:48:29.167990
45917,BEACON,-94,3,0,254,65384,29260,2359348,0,99,7,0,0,14:33:5C:6D:AF:58,0,0,ARMED,448.0,0,1,80:02:9C:61:97:4B,1,4,127.8,80:02:9C:61:97:4A,4,0,NONE,2026-08-24T15:48:29.602990
45917,BEACON,-66,31,0,3847,65384,29260,2359837,0,99,7,0,0,14:33:5C:6D:AF:58,0,0,ARMED,448.0,0,1,80:02:9C:61:97:4B,1,2,232.6,80:02:9C:61:97:4A,4,0,NONE,2026-08-24T15:48:30.091990
45917,,-57,40,292,605,65384,29260,2360080,0,99,7,0,0,14:33:5C:6D:AF:58,0,0,ARMED,448.0,0,0,80:02:9C:61:97:4B,1,15,323.6,80:02:9C:61:97:4A,4,0,NONE,2026-08-24T15:48:30.334990
45917,PROBE_REQ,61,61,0,3826,65384,29260,2360320,0,99,7,0,0,14:33:5C:6D:AF:58,0,0,ARMED,448.0,0,0,80:02:9C:61:97:4B,1,8,98.1,80:02:9C:61:97:4A,4,0,NONE,2026-08-24T15:48:30.574990
45917,BEACON,-88,9,0,1337,65384,29260,2360750,0,99,7,0,0,14:33:5C:6D:AF:58,0,0,ARMED,448.0,0,1,80:02:9C:61:97:4B,1,13,126.9,80:02:9C:61:97:4A,4,0,NONE,2026-08-24T15:48:31.004990
45917,PROBE_REQ,61,61,0,1023,65384,29260,2360997,0,99,7,0,0,14:33:5C:6D:AF:58,0,0,ARMED,448.0,0,0,80:02:9C:61:97:4B,1,23,550.0,80:02:9C:61:97:4A,4,0,NONE,2026-08-24T15:48:31.251990
45917,PROBE_REQ,44,44,0,1108,65384,29260,2361097,0,99,7,0,0,14:33:5C:6D:AF:58,0,1,ARMED,448.0,0,0,80:02:9C:61:97:4B,1,9,226.9,80:02:9C:61:97:4A,4,0,NONE,2026-08-24T15:48:31.351990
45917,BEACON,-88,9,50251,3155,65384,29260,2361489,0,99,7,0,0,14:33:5C:6D:AF:58,0,0,ARMED,448.0,0,1,80:02:9C:61:97:4B,1,3,138.5,80:02:9C:61:97:4A,4,0,NONE,2026-08-24T15:48:31.743990
45917,,-52,45,3172,2403,65384,29260,2361923,0,99,7,0,0,14:33:5C:6D:AF:58,0,0,ARMED,448.0,0,0,80:02:9C:61:97:4B,1,21,456.9,80:02:9C:61:97:4A,4,0,NONE,2026-08-24T15:48:32.177990
45917,BEACON,-87,10,0,2491,65384,29260,2362341,0,99,7,0,0,14:33:5C:6D:AF:58,0,0,ARMED,448.0,0,1,80:02:9C:61:97:4B,1,7,128.0,80:02:9C:61:97:4A,4,0,NONE,2026-08-24T15:48:32.595990
45917,PROBE_REQ,32,32,0,2037,65364,29260,2362636,0,99,7,0,0,14:33:5C:6D:AF:58,0,0,ARMED,448.0,0,0,80:02:9C:61:97:4B,1,13,292.9,80:02:9C:61:97:4A,4,0,NONE,2026-08-24T15:48:32.890990
45917,BEACON,-88,9,0,3606,65384,29260,2362804,0,99,7,0,0,14:33:5C:6D:AF:58,0,1,ARMED,448.0,0,1,80:02:9C:61:97:4B,1,1,176.7,80:02:9C:61:97:4A,4,0,NONE,2026-08-24T15:48:33.058990
45917,,-66,31,0,3886,65384,29260,2363015,0,99,7,0,0,14:33:5C:6D:AF:58,0,1,ARMED,448.0,0,0,80:02:9C:61:97:4B,1,2,576.2,80:02:9C:61:97:4A,4,0,NONE,2026-08-24T15:48:33.269990
45917,PROBE_REQ,43,43,0,1023,65332,29260,2363427,0,99,7,0,0,14:33:5C:6D:AF:58,0,0,ARMED,448.0,0,1,80:02:9C:61:97:4B,1,4,709.3,80:02:9C:61:97:4A,4,0,NONE,2026-08-24T15:48:33.681990
45917,,-53,44,679,2425,65384,29260,2363585,0,99,7,0,0,14:33:5C:6D:AF:58,0,1,ARMED,448.0,0,0,80:02:9C:61:97:4B,1,18,294.7,80:02:9C:61:97:4A,4,0,NONE,2026-08-24T15:48:33.839990
45917,BEACON,-86,11,0,2505,65384,29260,2363773,0,99,7,0,0,14:33:5C:6D:AF:58,0,1,ARMED,448.0,0,1,80:02:9C:61:97:4B,1,11,230.1,80:02:9C:61:97:4A,4,0,NONE,2026-08-24T15:48:34.027990
45917,PROBE_REQ,62,62,0,1023,65384,29260,2364112,0,99,7,0,0,14:33:5C:6D:AF:58,0,0,ARMED,448.0,0,1,80:02:9C:61:97:4B,1,13,163.8,80:02:9C:61:97:4A,4,0,NONE,2026-08-24T15:48:34.366990
45917,BEACON,-92,5,0,3870,65384,29260,2364667,0,99,7,0,0,14:33:5C:6D:AF:58,0,0,ARMED,448.0,0,1,80:02:9C:61:97:4B,1,3,164.1,80:02:9C:61:97:4A,4,0,NONE,2026-08-24T15:48:34.921990
45917,,-66,31,7808,3926,63620,29260,2365164,0,99,7,0,0,14:33:5C:6D:AF:58,0,0,ARMED,448.0,0,0,80:02:9C:61:97:4B,1,2,400.9,80:02:9C:61:97:4A,4,0,NONE,2026-08-24T15:48:35.418990
45917,PROBE_REQ,42,42,0,3932,65384,29260,2365694,0,99,7,0,0,14:33:5C:6D:AF:58,0,0,ARMED,448.0,0,1,80:02:9C:61:97:4B,1,5,217.3,80:02:9C:61:97:4A,4,0,NONE,2026-08-24T15:48:35.948990
45917,BEACON,-86,11,0,2527,65384,29260,2366028,0,99,7,0,0,14:33:5C:6D:AF:58,0,1,ARMED,448.0,0,1,80:02:9C:61:97:4B,1,7,140.4,80:02:9C:61:97:4A,4,0,NONE,2026-08-24T15:48:36.282990
45917,BEACON,-92,5,41192,325,65384,29260,2366620,0,99,7,0,0,14:33:5C:6D:AF:58,0,0,ARMED,448.0,0,1,80:02:9C:61:97:4B,1,3,110.1,80:02:9C:61:97:4A,4,0,NONE,2026-08-24T15:48:36.874990
45917,,-58,39,582,704,65384,29260,2366980,0,99,7,0,0,14:33:5C:6D:AF:58,0,0,ARMED,448.0,0,0,80:02:9C:61:97:4B,1,17,211.7,80:02:9C:61:97:4A,4,0,NONE,2026-08-24T15:48:37.234990
45917,,-57,40,0,727,65384,29260,2367135,0,99,7,0,0,14:33:5C:6D:AF:58,0,1,ARMED,448.0,0,0,80:02:9C:61:97:4B,1,10,325.8,80:02:9C:61:97:4A,4,0,NONE,2026-08-24T15:48:37.389990
45917,BEACON,-84,13,59559,2541,65384,29260,2367461,0,99,7,0,0,14:33:5C:6D:AF:58,0,0,ARMED,448.0,0,1,80:02:9C:61:97:4B,1,3,61.3,80:02:9C:61:97:4A,4,0,NONE,2026-08-24T15:48:37.715990
45917,BEACON,-95,2,0,1176,65384,29260,2368055,0,99,7,0,0,14:33:5C:6D:AF:58,0,0,ARMED,448.0,0,1,80:02:9C:61:97:4B,1,4,141.9,80:02:9C:61:97:4A,4,0,NONE,2026-08-24T15:48:38.309990
45917,BEACON,-68,29,0,3963,65384,29260,2368644,0,99,7,0,0,14:33:5C:6D:AF:58,0,0,ARMED,448.0,0,1,80:02:9C:61:97:4B,1,1,339.8,80:02:9C:61:97:4A,4,0,NONE,2026-08-24T15:48:38.898990
45917,,-44,53,0,1900,65384,29260,2369012,0,99,7,0,0,14:33:5C:6D:AF:58,0,1,ARMED,448.0,0,1,80:02:9C:61:97:4B,1,7,109.9,80:02:9C:61:97:4A,4,0,NONE,2026-08-24T15:48:39.266990
45917,BEACON,-93,4,44393,3919,65384,29260,2369585,0,99,7,0,0,14:33:5C:6D:AF:58,0,0,ARMED,448.0,0,1,80:02:9C:61:97:4B,1,3,130.1,80:02:9C:61:97:4A,4,0,NONE,2026-08-24T15:48:39.839990
45917,BEACON,-94,3,0,357,65384,29260,2369895,0,99,7,0,0,14:33:5C:6D:AF:58,0,1,ARMED,448.0,0,1,80:02:9C:61:97:4B,1,7,305.5,80:02:9C:61:97:4A,4,0,NONE,2026-08-24T15:48:40.149990
45917,BEACON,-88,9,5233,3679,65384,29260,2370280,0,99,7,0,0,14:33:5C:6D:AF:58,0,0,ARMED,448.0,0,1,80:02:9C:61:97:4B,1,18,180.0,80:02:9C:61:97:4A,4,0,NONE,2026-08-24T15:48:40.534990
45917,BEACON,-75,22,0,3982,65384,29260,2370487,0,99,7,0,0,14:33:5C:6D:AF:58,0,0,ARMED,448.0,0,1,80:02:9C:61:97:4B,1,34,379.9,80:02:9C:61:97:4A,4,0,NONE,2026-08-24T15:48:40.741990
45917,PROBE_REQ,-86,11,0,1610,65384,29260,2370779,0,99,7,0,0,14:33:5C:6D:AF:58,0,0,ARMED,448.0,0,1,80:02:9C:61:97:4B,1,20,311.4,80:02:9C:61:97:4A,4,0,NONE,2026-08-24T15:48:41.033990
45917,BEACON,-86,11,0,1448,65384,29260,2371195,0,99,7,0,0,14:33:5C:6D:AF:58,0,0,ARMED,448.0,0,1,80:02:9C:61:97:4B,1,6,125.0,80:02:9C:61:97:4A,4,0,NONE,2026-08-24T15:48:41.449990
45917,PROBE_REQ,48,48,0,1023,65384,29260,2371636,0,99,7,0,0,14:33:5C:6D:AF:58,0,0,ARMED,448.0,0,0,80:02:9C:61:97:4B,1,14,175.0,80:02:9C:61:97:4A,4,0,NONE,2026-08-24T15:48:41.890990
45917,BEACON,-87,10,20016,3257,65384,29260,2371934,0,99,7,0,0,14:33:5C:6D:AF:58,0,0,ARMED,448.0,0,1,80:02:9C:61:97:4B,1,5,121.4,80:02:9C:61:97:4A,4,0,NONE,2026-08-24T15:48:42.188990
45917,,-51,46,508,2467,65384,29260,2372158,0,99,7,0,0,14:33:5C:6D:AF:58,0,0,ARMED,448.0,0,1,80:02:9C:61:97:4B,1,30,461.6,80:02:9C:61:97:4A,4,0,NONE,2026-08-24T15:48:42.412990
45917,BEACON,-85,12,82,1462,65384,29260,2372629,0,99,7,0,0,14:33:5C:6D:AF:58,0,0,ARMED,448.0,0,1,80:02:9C:61:97:4B,1,17,165.8,80:02:9C:61:97:4A,4,0,NONE,2026-08-24T15:48:42.883990
45917,BEACON,-89,8,0,3269,65384,29260,2373162,0,99,7,0,0,14:33:5C:6D:AF:58,0,0,ARMED,448.0,0,1,80:02:9C:61:97:4B,1,3,138.6,80:02:9C:61:97:4A,4,0,NONE,2026-08-24T15:48:43.416990
45917,PROBE_RESP,-84,13,0,2276,65384,29260,2373418,0,99,7,0,0,14:33:5C:6D:AF:58,0,1,ARMED,448.0,0,0,80:02:9C:61:97:4B,1,13,180.8,80:02:9C:61:97:4A,4,0,NONE,2026-08-24T15:48:43.672990
45917,,-67,30,1517,1484,65384,29260,2373725,0,99,7,0,0,14:33:5C:6D:AF:58,0,0,ARMED,448.0,0,1,80:02:9C:61:97:4B,1,10,137.4,80:02:9C:61:97:4A,4,0,NONE,2026-08-24T15:48:43.979990
45917,,-52,45,2532,2553,65384,29260,2373969,0,99,7,0,0,14:33:5C:6D:AF:58,0,0,ARMED,448.0,0,1,80:02:9C:61:97:4B,1,13,1358.0,80:02:9C:61:97:4A,4,0,NONE,2026-08-24T15:48:44.223990
45917,,-58,39,1257,848,65384,29260,2374139,0,99,7,0,0,14:33:5C:6D:AF:58,0,1,ARMED,448.0,0,0,80:02:9C:61:97:4B,1,23,297.9,80:02:9C:61:97:4A,4,0,NONE,2026-08-24T15:48:44.393990
45917,,-51,46,23033,2484,65384,29260,2374383,0,99,7,0,0,14:33:5C:6D:AF:58,0,0,ARMED,448.0,0,1,80:02:9C:61:97:4B,1,5,358.8,80:02:9C:61:97:4A,4,0,NONE,2026-08-24T15:48:44.637990
45917,,-74,23,719,3456,65384,29260,2374830,0,99,7,0,0,14:33:5C:6D:AF:58,0,0,ARMED,448.0,0,1,80:02:9C:61:97:4B,1,8,178.0,80:02:9C:61:97:4A,4,0,NONE,2026-08-24T15:48:45.084990
45917,,-75,22,0,1919,65384,29260,2375024,0,99,7,0,0,14:33:5C:6D:AF:58,0,0,ARMED,448.0,0,0,80:02:9C:61:97:4B,1,7,200.4,80:02:9C:61:97:4A,4,0,NONE,2026-08-24T15:48:45.278990
45917,,-58,39,0,864,65384,29260,2375553,0,99,7,0,0,14:33:5C:6D:AF:58,0,0,ARMED,448.0,0,0,80:02:9C:61:97:4B,1,14,272.9,80:02:9C:61:97:4A,4,0,NONE,2026-08-24T15:48:45.807990
45917,BEACON,-66,31,0,4061,65384,29260,2375914,0,99,7,0,0,14:33:5C:6D:AF:58,0,0,ARMED,448.0,0,1,80:02:9C:61:97:4B,1,1,332.6,80:02:9C:61:97:4A,4,0,NONE,2026-08-24T15:48:46.168990
45917,BEACON,-90,7,0,3741,65384,29260,2376321,0,99,7,0,0,14:33:5C:6D:AF:58,0,0,ARMED,448.0,0,1,80:02:9C:61:97:4B,1,23,224.6,80:02:9C:61:97:4A,4,0,NONE,2026-08-24T15:48:46.575990
45917,PROBE_REQ,47,47,0,1023,65384,29260,2376521,0,99,7,0,0,14:33:5C:6D:AF:58,0,0,ARMED,448.0,0,0,80:02:9C:61:97:4B,1,32,327.0,80:02:9C:61:97:4A,4,0,NONE,2026-08-24T15:48:46.775990
45917,,-59,38,292,875,65384,29260,2376744,0,99,7,0,0,14:33:5C:6D:AF:58,0,0,ARMED,448.0,0,0,80:02:9C:61:97:4B,1,8,563.7,80:02:9C:61:97:4A,4,0,NONE,2026-08-24T15:48:46.998990
45917,,-73,24,1025,1327,65384,29260,2377057,0,99,7,0,0,14:33:5C:6D:AF:58,0,0,ARMED,448.0,0,0,80:02:9C:61:97:4B,1,10,525.1,80:02:9C:61:97:4A,4,0,NONE,2026-08-24T15:48:47.311990
45917,,-52,45,371,2588,65384,29260,2377356,0,99,7,0,0,14:33:5C:6D:AF:58,0,0,ARMED,448.0,0,1,80:02:9C:61:97:4B,1,17,1443.5,80:02:9C:61:97:4A,4,0,NONE,2026-08-24T15:48:47.610990
45917,,-74,23,114,1723,65384,29260,2377513,0,99,7,0,0,14:33:5C:6D:AF:58,0,1,ARMED,448.0,0,1,80:02:9C:61:97:4B,1,10,151.8,80:02:9C:61:97:4A,4,0,NONE,2026-08-24T15:48:47.767990
45917,,-73,24,5759,1963,65384,29260,2377814,0,99,7,0,0,14:33:5C:6D:AF:58,0,0,ARMED,448.0,0,1,80:02:9C:61:97:4B,1,7,117.5,80:02:9C:61:97:4A,4,0,NONE,2026-08-24T15:48:48.068990
45917,PROBE_REQ,44,44,0,1023,65384,29260,2378181,0,99,7,0,0,14:33:5C:6D:AF:58,0,0,ARMED,448.0,0,0,80:02:9C:61:97:4B,1,5,287.4,80:02:9C:61:97:4A,4,0,NONE,2026-08-24T15:48:48.435990
45917,PROBE_RESP,-65,32,0,4092,65384,29260,2378553,0,99,7,0,0,14:33:5C:6D:AF:58,0,0,ARMED,448.0,0,0,80:02:9C:61:97:4B,1,22,336.6,80:02:9C:61:97:4A,4,0,NONE,2026-08-24T15:48:48.807990
45917,BEACON,-91,6,0,445,65384,29260,2378906,0,99,7,0,0,14:33:5C:6D:AF:58,0,0,ARMED,448.0,0,1,80:02:9C:61:97:4B,1,1,101.4,80:02:9C:61:97:4A,4,0,NONE,2026-08-24T15:48:49.160990
45917,,-50,47,67080,2505,65384,29260,2379522,0,99,7,0,0,14:33:5C:6D:AF:58,0,0,ARMED,448.0,0,1,80:02:9C:61:97:4B,1,2,185.0,80:02:9C:61:97:4A,4,0,NONE,2026-08-24T15:48:49.776990
45917,,-73,24,0,1968,65384,29260,2379849,0,99,7,0,0,14:33:5C:6D:AF:58,0,0,ARMED,448.0,0,0,80:02:9C:61:97:4B,1,7,224.1,80:02:9C:61:97:4A,4,0,NONE,2026-08-24T15:48:50.103990
45917,,-53,44,419,2616,65384,29260,2380004,0,99,7,0,0,14:33:5C:6D:AF:58,0,0,ARMED,448.0,0,1,80:02:9C:61:97:4B,1,41,494.1,80:02:9C:61:97:4A,4,0,NONE,2026-08-24T15:48:50.258990
45917,,-64,33,0,17,63652,29260,2380421,0,99,7,0,0,14:33:5C:6D:AF:58,0,0,ARMED,448.0,0,0,80:02:9C:61:97:4B,1,9,91.8,80:02:9C:61:97:4A,4,0,NONE,2026-08-24T15:48:50.675990
45917,PROBE_REQ,46,46,0,1301,65384,29260,2380866,0,99,7,0,0,14:33:5C:6D:AF:58,0,0,ARMED,448.0,0,0,80:02:9C:61:97:4B,1,5,210.4,80:02:9C:61:97:4A,4,0,NONE,2026-08-24T15:48:51.120990
45917,BEACON,-93,4,25649,465,65384,29260,2380954,0,99,7,0,0,14:33:5C:6D:AF:58,0,1,ARMED,448.0,0,1,80:02:9C:61:97:4B,1,1,110.1,80:02:9C:61:97:4A,4,0,NONE,2026-08-24T15:48:51.208990
45917,BEACON,-93,4,0,468,65384,29260,2381264,0,99,7,0,0,14:33:5C:6D:AF:58,0,1,ARMED,448.0,0,1,80:02:9C:61:97:4B,1,1,84.4,80:02:9C:61:97:4A,4,0,NONE,2026-08-24T15:48:51.518990
45917,,-74,23,0,1343,65364,29260,2381527,0,99,7,0,0,14:33:5C:6D:AF:58,0,0,ARMED,448.0,0,0,80:02:9C:61:97:4B,1,17,240.3,80:02:9C:61:97:4A,4,0,NONE,2026-08-24T15:48:51.781990
45917,,-73,24,6348,1999,65364,29260,2381643,0,99,7,0,0,14:33:5C:6D:AF:58,0,1,ARMED,448.0,0,1,80:02:9C:61:97:4B,1,28,328.0,80:02:9C:61:97:4A,4,0,NONE,2026-08-24T15:48:51.897990
45917,,-58,39,6245,954,65384,29260,2381910,0,99,7,0,0,14:33:5C:6D:AF:58,0,0,ARMED,448.0,0,1,80:02:9C:61:97:4B,1,16,365.8,80:02:9C:61:97:4A,4,0,NONE,2026-08-24T15:48:52.164990
45917,,-76,21,29033,2015,65384,29260,2382066,0,99,7,0,0,14:33:5C:6D:AF:58,0,1,ARMED,448.0,0,1,80:02:9C:61:97:4B,1,36,368.9,80:02:9C:61:97:4A,4,0,NONE,2026-08-24T15:48:52.320990
45917,,-74,23,5062,2031,65384,29260,2382380,0,99,7,0,0,14:33:5C:6D:AF:58,0,0,ARMED,448.0,0,1,80:02:9C:61:97:4B,1,13,182.3,80:02:9C:61:97:4A,4,0,NONE,2026-08-24T15:48:52.634990
45917,,-52,45,297,2099,65384,29260,2382740,0,99,7,0,0,14:33:5C:6D:AF:58,0,0,ARMED,448.0,0,0,80:02:9C:61:97:4B,1,11,494.4,80:02:9C:61:97:4A,4,0,NONE,2026-08-24T15:48:52.994990
45917,,-47,50,312,1915,65384,29260,2382963,0,99,7,0,0,14:33:5C:6D:AF:58,0,0,ARMED,448.0,0,1,80:02:9C:61:97:4B,1,10,247.6,80:02:9C:61:97:4A,4,0,NONE,2026-08-24T15:48:53.217990
45917,BEACON,-84,13,32989,2696,65384,29260,2383333,0,99,7,0,0,14:33:5C:6D:AF:58,0,0,ARMED,448.0,0,1,80:02:9C:61:97:4B,1,6,59.6,80:02:9C:61:97:4A,4,0,NONE,2026-08-24T15:48:53.587990
45917,BEACON,-84,13,10995,1590,65308,29260,2383585,0,99,7,0,0,14:33:5C:6D:AF:58,0,0,ARMED,448.0,0,1,80:02:9C:61:97:4B,1,4,76.5,80:02:9C:61:97:4A,4,0,NONE,2026-08-24T15:48:53.839990
45917,BEACON,-88,9,48178,3817,65384,29260,2384104,0,99,7,0,0,14:33:5C:6D:AF:58,0,0,ARMED,448.0,0,1,80:02:9C:61:97:4B,1,4,72.9,80:02:9C:61:97:4A,4,0,NONE,2026-08-24T15:48:54.358990
45917,,-57,40,329,990,65384,29260,2384341,0,99,7,0,0,14:33:5C:6D:AF:58,0,0,ARMED,448.0,0,1,80:02:9C:61:97:4B,1,21,242.2,80:02:9C:61:97:4A,4,0,NONE,2026-08-24T15:48:54.595990
45917,,-57,40,0,1015,65384,29260,2384503,0,99,7,0,0,14:33:5C:6D:AF:58,0,0,ARMED,448.0,0,0,80:02:9C:61:97:4B,1,15,337.1,80:02:9C:61:97:4A,4,0,NONE,2026-08-24T15:48:54.757990
45917,,-51,46,2593,588,65384,29260,2384757,0,99,7,0,0,14:33:5C:6D:AF:58,0,0,ARMED,448.0,0,0,80:02:9C:61:97:4B,1,16,171.4,80:02:9C:61:97:4A,4,0,NONE,2026-08-24T15:48:55.011990
45917,PROBE_RESP,-92,5,50,1343,65384,29260,2384996,0,99,7,0,0,14:33:5C:6D:AF:58,0,0,ARMED,448.0,0,1,80:02:9C:61:97:4B,1,4,158.2,80:02:9C:61:97:4A,4,0,NONE,2026-08-24T15:48:55.250990
45917,,-52,45,0,2680,65384,29260,2385164,0,99,7,0,0,14:33:5C:6D:AF:58,0,1,ARMED,448.0,0,0,80:02:9C:61:97:4B,1,21,230.8,80:02:9C:61:97:4A,4,0,NONE,2026-08-24T15:48:55.418990
45917,BEACON,-94,3,0,1349,65384,29260,2385464,0,99,7,0,0,14:33:5C:6D:AF:58,0,0,ARMED,448.0,0,1,80:02:9C:61:97:4B,1,14,167.0,80:02:9C:61:97:4A,4,0,NONE,2026-08-24T15:48:55.718990
45917,BEACON,-65,32,0,99,65384,29260,2386154,0,99,7,0,0,14:33:5C:6D:AF:58,0,0,ARMED,448.0,0,1,80:02:9C:61:97:4B,1,4,70.5,80:02:9C:61:97:4A,4,0,NONE,2026-08-24T15:48:56.408990
45917,BEACON,-84,13,25715,2727,65384,29260,2386507,0,99,7,0,0,14:33:5C:6D:AF:58,0,0,ARMED,448.0,0,1,80:02:9C:61:97:4B,1,12,117.1,80:02:9C:61:97:4A,4,0,NONE,2026-08-24T15:48:56.761990
45917,PROBE_REQ,44,44,0,1023,65384,29260,2386734,0,99,7,0,0,14:33:5C:6D:AF:58,0,0,ARMED,448.0,0,0,80:02:9C:61:97:4B,1,12,2098.6,80:02:9C:61:97:4A,4,0,NONE,2026-08-24T15:48:56.988990
45917,PROBE_REQ,44,44,0,1364,65384,29260,2387016,0,99,7,0,0,14:33:5C:6D:AF:58,0,0,ARMED,448.0,0,0,80:02:9C:61:97:4B,1,9,128.8,80:02:9C:61:97:4A,4,0,NONE,2026-08-24T15:48:57.270990
45917,BEACON,-88,9,0,3410,65384,29260,2387601,0,99,7,0,0,14:33:5C:6D:AF:58,0,0,ARMED,448.0,0,1,80:02:9C:61:97:4B,1,3,142.2,80:02:9C:61:97:4A,4,0,NONE,2026-08-24T15:48:57.855990
45917,,-52,45,0,2692,65384,29260,2387828,0,99,7,0,0,14:33:5C:6D:AF:58,0,0,ARMED,448.0,0,0,80:02:9C:61:97:4B,1,22,492.7,80:02:9C:61:97:4A,4,0,NONE,2026-08-24T15:48:58.082990
45917,,-56,41,0,1065,65384,29260,2387893,0,99,7,0,0,14:33:5C:6D:AF:58,0,1,ARMED,448.0,0,0,80:02:9C:61:97:4B,1,10,1102.9,80:02:9C:61:97:4A,4,0,NONE,2026-08-24T15:48:58.147990
45917,PROBE_REQ,44,44,0,1023,65384,29260,2388087,0,99,7,0,0,14:33:5C:6D:AF:58,0,1,ARMED,448.0,0,0,80:02:9C:61:97:4B,1,21,212.3,80:02:9C:61:97:4A,4,0,NONE,2026-08-24T15:48:58.341990
45917,PROBE_REQ,44,44,0,1023,65384,29260,2388268,0,99,7,0,0,14:33:5C:6D:AF:58,0,1,ARMED,448.0,0,0,80:02:9C:61:97:4B,1,17,323.0,80:02:9C:61:97:4A,4,0,NONE,2026-08-24T15:48:58.522990
45917,PROBE_REQ,44,44,0,1023,65364,29260,2388337,0,99,7,0,0,14:33:5C:6D:AF:58,0,1,ARMED,448.0,0,0,80:02:9C:61:97:4B,1,32,1593.9,80:02:9C:61:97:4A,4,0,NONE,2026-08-24T15:48:58.591990
45917,PROBE_REQ,46,46,0,1023,65384,29260,2388461,0,99,7,0,0,14:33:5C:6D:AF:58,0,1,ARMED,448.0,0,0,80:02:9C:61:97:4B,1,6,321.1,80:02:9C:61:97:4A,4,0,NONE,2026-08-24T15:48:58.715990
45917,PROBE_REQ,46,46,0,2899,65384,29260,2388538,0,99,7,0,0,14:33:5C:6D:AF:58,0,1,ARMED,448.0,0,0,80:02:9C:61:97:4B,1,56,584.7,80:02:9C:61:97:4A,4,0,NONE,2026-08-24T15:48:58.792990
45917,BEACON,-87,10,0,3420,65384,29260,2388625,0,99,7,0,0,14:33:5C:6D:AF:58,0,1,ARMED,448.0,0,1,80:02:9C:61:97:4B,1,49,691.0,80:02:9C:61:97:4A,4,0,NONE,2026-08-24T15:48:58.879990
45917,PROBE_REQ,44,44,0,752,65384,29260,2388641,0,99,7,0,0,14:33:5C:6D:AF:58,0,1,ARMED,448.0,0,0,80:02:9C:61:97:4B,1,99,1134.9,80:02:9C:61:97:4A,4,0,NONE,2026-08-24T15:48:58.895990
45917,PROBE_REQ,44,44,0,1023,65384,29260,2388695,0,99,7,0,0,14:33:5C:6D:AF:58,0,1,ARMED,448.0,0,0,80:02:9C:61:97:4B,1,49,1314.3,80:02:9C:61:97:4A,4,0,NONE,2026-08-24T15:48:58.949990
45917,PROBE_REQ,44,44,0,1023,65384,29260,2388754,0,99,7,0,0,14:33:5C:6D:AF:58,0,1,ARMED,448.0,0,0,80:02:9C:61:97:4B,1,99,1020.9,80:02:9C:61:97:4A,4,0,NONE,2026-08-24T15:48:59.008990
45917,,-49,48,17921,2597,65384,29260,2388926,0,99,7,0,0,14:33:5C:6D:AF:58,0,1,ARMED,448.0,0,1,80:02:9C:61:97:4B,1,5,134.2,80:02:9C:61:97:4A,4,0,NONE,2026-08-24T15:48:59.180990
45917,BEACON,-66,31,0,142,65384,29260,2389533,0,99,7,0,0,14:33:5C:6D:AF:58,0,0,ARMED,448.0,0,1,80:02:9C:61:97:4B,1,2,231.1,80:02:9C:61:97:4A,4,0,NONE,2026-08-24T15:48:59.787990
45917,,-58,39,292,1080,65384,29260,2389894,0,99,7,0,0,14:33:5C:6D:AF:58,0,0,ARMED,448.0,0,0,80:02:9C:61:97:4B,1,21,340.5,80:02:9C:61:97:4A,4,0,NONE,2026-08-24T15:49:00.148990
45917,BEACON,-85,12,73356,1661,65384,29260,2390549,0,99,7,0,0,14:33:5C:6D:AF:58,0,0,ARMED,448.0,0,1,80:02:9C:61:97:4B,1,9,87.9,80:02:9C:61:97:4A,4,0,NONE,2026-08-24T15:49:00.803990
45917,PROBE_REQ,42,42,0,1023,65384,29260,2390765,0,99,7,0,0,14:33:5C:6D:AF:58,0,0,ARMED,448.0,0,1,80:02:9C:61:97:4B,1,10,860.7,80:02:9C:61:97:4A,4,0,NONE,2026-08-24T15:49:01.019990
45917,PROBE_REQ,61,61,0,159,65384,29260,2391219,0,99,7,0,0,14:33:5C:6D:AF:58,0,0,ARMED,448.0,0,1,80:02:9C:61:97:4B,1,7,120.5,80:02:9C:61:97:4A,4,0,NONE,2026-08-24T15:49:01.473990
45917,,-54,43,968,2741,65384,29260,2391452,0,99,7,0,0,14:33:5C:6D:AF:58,0,1,ARMED,448.0,0,0,80:02:9C:61:97:4B,1,19,241.0,80:02:9C:61:97:4A,4,0,NONE,2026-08-24T15:49:01.706990
45917,,-55,42,20784,2619,65384,29260,2391559,0,99,7,0,0,14:33:5C:6D:AF:58,0,1,ARMED,448.0,0,1,80:02:9C:61:97:4B,1,41,490.7,80:02:9C:61:97:4A,4,0,NONE,2026-08-24T15:49:01.813990
45917,BEACON,-64,33,12276,167,65384,29260,2391888,0,99,7,0,0,14:33:5C:6D:AF:58,0,0,ARMED,448.0,0,1,80:02:9C:61:97:4B,1,1,333.9,80:02:9C:61:97:4A,4,0,NONE,2026-08-24T15:49:02.142990
45917,BEACON,-85,12,42104,1681,65384,29260,2392289,0,99,7,0,0,14:33:5C:6D:AF:58,0,0,ARMED,448.0,0,1,80:02:9C:61:97:4B,1,6,62.1,80:02:9C:61:97:4A,4,0,NONE,2026-08-24T15:49:02.543990
45917,BEACON,-65,32,0,178,65384,29260,2392912,0,99,7,0,0,14:33:5C:6D:AF:58,0,0,ARMED,448.0,0,1,80:02:9C:61:97:4B,1,6,67.0,80:02:9C:61:97:4A,4,0,NONE,2026-08-24T15:49:03.166990
45917,BEACON,-65,32,0,184,65384,29260,2393527,0,99,7,0,0,14:33:5C:6D:AF:58,0,0,ARMED,448.0,0,1,80:02:9C:61:97:4B,1,10,111.3,80:02:9C:61:97:4A,4,0,NONE,2026-08-24T15:49:03.781990
45917,,-54,43,752,2779,65384,29260,2393725,0,99,7,0,0,14:33:5C:6D:AF:58,0,0,ARMED,448.0,0,1,80:02:9C:61:97:4B,1,31,470.9,80:02:9C:61:97:4A,4,0,NONE,2026-08-24T15:49:03.979990
45917,BEACON,-67,30,0,192,65384,29260,2394141,0,99,7,0,0,14:33:5C:6D:AF:58,0,0,ARMED,448.0,0,1,80:02:9C:61:97:4B,1,3,52.8,80:02:9C:61:97:4A,4,0,NONE,2026-08-24T15:49:04.395990
45917,PROBE_REQ,43,43,0,1023,65384,29260,2394508,0,99,7,0,0,14:33:5C:6D:AF:58,0,0,ARMED,448.0,0,0,80:02:9C:61:97:4B,1,7,480.5,80:02:9C:61:97:4A,4,0,NONE,2026-08-24T15:49:04.762990
45917,PROBE_REQ,39,39,0,198,65384,29260,2394659,0,99,7,0,0,14:33:5C:6D:AF:58,0,1,ARMED,448.0,0,0,80:02:9C:61:97:4B,1,24,373.0,80:02:9C:61:97:4A,4,0,NONE,2026-08-24T15:49:04.913990
45917,,-58,39,291,1181,65384,29260,2394817,0,99,7,0,0,14:33:5C:6D:AF:58,0,1,ARMED,448.0,0,0,80:02:9C:61:97:4B,1,4,249.4,80:02:9C:61:97:4A,4,0,NONE,2026-08-24T15:49:05.071990
45917,BEACON,-91,6,0,75,65384,29260,2394975,0,99,7,0,0,14:33:5C:6D:AF:58,0,1,ARMED,448.0,0,1,80:02:9C:61:97:4B,1,26,355.9,80:02:9C:61:97:4A,4,0,NONE,2026-08-24T15:49:05.229990
45917,BEACON,-69,28,0,206,65384,29260,2395370,0,99,7,0,0,14:33:5C:6D:AF:58,0,0,ARMED,448.0,0,1,80:02:9C:61:97:4B,1,3,52.7,80:02:9C:61:97:4A,4,0,NONE,2026-08-24T15:49:05.624990
45917,BEACON,-84,13,0,1717,65384,29260,2395976,0,99,7,0,0,14:33:5C:6D:AF:58,0,0,ARMED,448.0,0,1,80:02:9C:61:97:4B,1,13,110.9,80:02:9C:61:97:4A,4,0,NONE,2026-08-24T15:49:06.230990
45917,BEACON,-92,5,108674,92,65384,29260,2396679,0,99,7,0,0,14:33:5C:6D:AF:58,0,0,ARMED,448.0,0,1,80:02:9C:61:97:4B,1,6,67.9,80:02:9C:61:97:4A,4,0,NONE,2026-08-24T15:49:06.933990
45917,,-58,39,4765,1204,65384,29260,2396964,0,99,7,0,0,14:33:5C:6D:AF:58,0,0,ARMED,448.0,0,1,80:02:9C:61:97:4B,1,14,210.3,80:02:9C:61:97:4A,4,0,NONE,2026-08-24T15:49:07.218990
45917,BEACON,-65,32,0,226,65384,29260,2397316,0,99,7,0,0,14:33:5C:6D:AF:58,0,0,ARMED,448.0,0,1,80:02:9C:61:97:4B,1,2,231.3,80:02:9C:61:97:4A,4,0,NONE,2026-08-24T15:49:07.570990
45917,BEACON,-92,5,65653,104,65384,29260,2397884,0,99,7,0,0,14:33:5C:6D:AF:58,0,0,ARMED,448.0,0,1,80:02:9C:61:97:4B,1,6,92.9,80:02:9C:61:97:4A,4,0,NONE,2026-08-24T15:49:08.138990
45917,,-54,43,1011,2834,65384,29260,2398086,0,99,7,0,0,14:33:5C:6D:AF:58,0,0,ARMED,448.0,0,0,80:02:9C:61:97:4B,1,22,354.2,80:02:9C:61:97:4A,4,0,NONE,2026-08-24T15:49:08.340990
45917,BEACON,-88,9,0,3960,65384,29260,2398440,0,99,7,0,0,14:33:5C:6D:AF:58,0,0,ARMED,448.0,0,1,80:02:9C:61:97:4B,1,1,153.1,80:02:9C:61:97:4A,4,0,NONE,2026-08-24T15:49:08.694990
45917,BEACON,-90,7,29974,3520,65384,29260,2398865,0,99,7,0,0,14:33:5C:6D:AF:58,0,0,ARMED,448.0,0,1,80:02:9C:61:97:4B,1,3,139.1,80:02:9C:61:97:4A,4,0,NONE,2026-08-24T15:49:09.119990
45917,BEACON,-92,5,0,645,65384,29260,2399386,0,99,7,0,0,14:33:5C:6D:AF:58,0,0,ARMED,448.0,0,1,80:02:9C:61:97:4B,1,3,95.4,80:02:9C:61:97:4A,4,0,NONE,2026-08-24T15:49:09.640990
45917,PROBE_REQ,42,42,0,1023,65364,29260,2399572,0,99,7,0,0,14:33:5C:6D:AF:58,0,0,ARMED,448.0,0,0,80:02:9C:61:97:4B,1,21,1644.9,80:02:9C:61:97:4A,4,0,NONE,2026-08-24T15:49:09.826990
45917,PROBE_REQ,44,44,0,0,65384,29260,2399638,0,99,7,0,0,14:33:5C:6D:AF:58,0,0,ARMED,448.0,0,1,80:02:9C:61:97:4B,1,71,901.6,80:02:9C:61:97:4A,4,0,NONE,2026-08-24T15:49:09.892990
45917,BEACON,-87,10,5565,3528,65384,29260,2399684,0,99,7,0,0,14:33:5C:6D:AF:58,0,1,ARMED,448.0,0,1,80:02:9C:61:97:4B,1,9,376.8,80:02:9C:61:97:4A,4,0,NONE,2026-08-24T15:49:09.938990
45917,PROBE_REQ,42,42,0,1023,65384,29260,2399754,0,99,7,0,0,14:33:5C:6D:AF:58,0,1,ARMED,448.0,0,0,80:02:9C:61:97:4B,1,59,626.9,80:02:9C:61:97:4A,4,0,NONE,2026-08-24T15:49:10.008990
45917,,-54,43,8256,2705,65384,29260,2399924,0,99,7,0,0,14:33:5C:6D:AF:58,1,1,ARMED,448.0,0,1,80:02:9C:61:97:4B,1,7,197.4,80:02:9C:61:97:4A,4,0,NONE,2026-08-24T15:49:10.178990
45917,BEACON,-86,11,0,1763,65384,29260,2400379,0,99,7,0,0,14:33:5C:6D:AF:58,0,0,ARMED,448.0,0,1,80:02:9C:61:97:4B,1,7,80.2,80:02:9C:61:97:4A,4,0,NONE,2026-08-24T15:49:10.633990
45917,BEACON,-65,32,0,265,65384,29260,2400900,0,99,7,0,0,14:33:5C:6D:AF:58,0,0,ARMED,448.0,0,1,80:02:9C:61:97:4B,1,7,78.1,80:02:9C:61:97:4A,4,0,NONE,2026-08-24T15:49:11.154990
45917,BEACON,-89,8,0,3544,65384,29260,2401322,0,99,7,0,0,14:33:5C:6D:AF:58,0,0,ARMED,448.0,0,1,80:02:9C:61:97:4B,1,9,97.3,80:02:9C:61:97:4A,4,0,NONE,2026-08-24T15:49:11.576990
45917,,-58,39,292,1290,65384,29260,2401760,0,99,7,0,0,14:33:5C:6D:AF:58,0,0,ARMED,448.0,0,0,80:02:9C:61:97:4B,1,28,286.4,80:02:9C:61:97:4A,4,0,NONE,2026-08-24T15:49:12.014990
45917,,-54,43,976,2883,65384,29260,2401873,0,99,7,0,0,14:33:5C:6D:AF:58,0,1,ARMED,448.0,0,0,80:02:9C:61:97:4B,1,14,2004.0,80:02:9C:61:97:4A,4,0,NONE,2026-08-24T15:49:12.127990
45917,BEACON,-89,8,0,3999,65384,29260,2402330,0,99,7,0,0,14:33:5C:6D:AF:58,0,0,ARMED,448.0,0,1,80:02:9C:61:97:4B,1,5,92.9,80:02:9C:61:97:4A,4,0,NONE,2026-08-24T15:49:12.584990
45917,,-57,40,0,1941,65384,29260,2402985,0,99,7,0,0,14:33:5C:6D:AF:58,0,0,ARMED,448.0,0,1,80:02:9C:61:97:4B,1,7,73.8,80:02:9C:61:97:4A,4,0,NONE,2026-08-24T15:49:13.239990
45917,PROBE_REQ,-88,9,0,2767,65384,29260,2403386,0,99,7,0,0,14:33:5C:6D:AF:58,0,0,ARMED,448.0,0,1,80:02:9C:61:97:4B,1,14,346.0,80:02:9C:61:97:4A,4,0,NONE,2026-08-24T15:49:13.640990
45917,BEACON,-88,9,0,4016,65384,29260,2403969,0,99,7,0,0,14:33:5C:6D:AF:58,0,0,ARMED,448.0,0,1,80:02:9C:61:97:4B,1,1,189.3,80:02:9C:61:97:4A,4,0,NONE,2026-08-24T15:49:14.223990
45917,,-75,22,99176,1509,65384,29260,2404225,0,99,7,0,0,14:33:5C:6D:AF:58,0,0,ARMED,448.0,0,1,80:02:9C:61:97:4B,1,8,139.3,80:02:9C:61:97:4A,4,0,NONE,2026-08-24T15:49:14.479990
45917,,43,43,0,305,65384,29260,2404591,0,99,7,0,0,14:33:5C:6D:AF:58,0,0,ARMED,448.0,0,0,80:02:9C:61:97:4B,1,4,315.5,80:02:9C:61:97:4A,4,0,NONE,2026-08-24T15:49:14.845990
45917,,44,44,0,306,65384,29260,2404740,0,99,7,0,0,14:33:5C:6D:AF:58,0,1,ARMED,448.0,0,0,80:02:9C:61:97:4B,1,17,281.5,80:02:9C:61:97:4A,4,0,NONE,2026-08-24T15:49:14.994990
45917,,44,44,0,1023,65384,29260,2404873,0,99,7,0,0,14:33:5C:6D:AF:58,0,1,ARMED,448.0,0,0,80:02:9C:61:97:4B,1,35,384.0,80:02:9C:61:97:4A,4,0,NONE,2026-08-24T15:49:15.127990
45917,,-58,39,292,1343,65384,29260,2405167,0,99,7,0,0,14:33:5C:6D:AF:58,0,0,ARMED,448.0,0,0,80:02:9C:61:97:4B,1,25,347.9,80:02:9C:61:97:4A,4,0,NONE,2026-08-24T15:49:15.421990
45917,,-58,39,292,1359,65384,29260,2405255,0,99,7,0,0,14:33:5C:6D:AF:58,0,1,ARMED,448.0,0,0,80:02:9C:61:97:4B,1,24,418.5,80:02:9C:61:97:4A,4,0,NONE,2026-08-24T15:49:15.509990
45917,,-51,46,0,2730,65384,29260,2405479,0,99,7,0,0,14:33:5C:6D:AF:58,0,0,ARMED,448.0,0,1,80:02:9C:61:97:4B,1,15,194.9,80:02:9C:61:97:4A,4,0,NONE,2026-08-24T15:49:15.733990
45917,BEACON,-85,12,71573,1818,65384,29260,2406012,0,99,7,0,0,14:33:5C:6D:AF:58,0,0,ARMED,448.0,0,1,80:02:9C:61:97:4B,1,8,84.7,80:02:9C:61:97:4A,4,0,NONE,2026-08-24T15:49:16.266990
45917,BEACON,-86,11,0,2921,65384,29260,2406372,0,99,7,0,0,14:33:5C:6D:AF:58,0,0,ARMED,448.0,0,1,80:02:9C:61:97:4B,1,4,143.8,80:02:9C:61:97:4A,4,0,NONE,2026-08-24T15:49:16.626990
45917,BEACON,-96,1,0,192,65384,29260,2406715,0,99,7,0,0,14:33:5C:6D:AF:58,0,0,ARMED,448.0,0,1,80:02:9C:61:97:4B,1,6,104.0,80:02:9C:61:97:4A,4,0,NONE,2026-08-24T15:49:16.969990
45917,,-58,39,0,1371,65384,29260,2407144,0,99,7,0,0,14:33:5C:6D:AF:58,0,0,ARMED,448.0,0,0,80:02:9C:61:97:4B,1,6,77.4,80:02:9C:61:97:4A,4,0,NONE,2026-08-24T15:49:17.398990
45917,BEACON,-89,8,35535,787,65384,29260,2407413,0,99,7,0,0,14:33:5C:6D:AF:58,0,0,ARMED,448.0,0,1,80:02:9C:61:97:4B,1,3,79.6,80:02:9C:61:97:4A,4,0,NONE,2026-08-24T15:49:17.667990
45917,,-64,33,0,363,65384,29260,2407769,0,99,7,0,0,14:33:5C:6D:AF:58,0,0,ARMED,448.0,0,0,80:02:9C:61:97:4B,1,14,154.5,80:02:9C:61:97:4A,4,0,NONE,2026-08-24T15:49:18.023990
45917,,-54,43,307,2130,65384,29260,2407991,0,99,7,0,0,14:33:5C:6D:AF:58,0,0,ARMED,448.0,0,0,80:02:9C:61:97:4B,1,5,1485.4,80:02:9C:61:97:4A,4,0,NONE,2026-08-24T15:49:18.245990
45917,BEACON,-92,5,81,208,65384,29260,2408120,0,99,7,0,0,14:33:5C:6D:AF:58,0,1,ARMED,448.0,0,1,80:02:9C:61:97:4B,1,7,243.7,80:02:9C:61:97:4A,4,0,NONE,2026-08-24T15:49:18.374990
45917,PROBE_REQ,42,42,0,1023,65384,29260,2408396,0,99,7,0,0,14:33:5C:6D:AF:58,0,0,ARMED,448.0,0,0,80:02:9C:61:97:4B,1,17,169.1,80:02:9C:61:97:4A,4,0,NONE,2026-08-24T15:49:18.650990
45917,,-73,24,506,3497,65384,29260,2408593,0,99,7,0,0,14:33:5C:6D:AF:58,0,0,ARMED,448.0,0,1,80:02:9C:61:97:4B,1,33,344.3,80:02:9C:61:97:4A,4,0,NONE,2026-08-24T15:49:18.847990
45917,,-73,24,0,3506,65384,29260,2408610,0,99,7,0,0,14:33:5C:6D:AF:58,0,1,ARMED,448.0,0,0,80:02:9C:61:97:4B,1,34,2673.6,80:02:9C:61:97:4A,4,0,NONE,2026-08-24T15:49:18.864990
45917,,-54,43,0,2945,65384,29260,2408630,0,99,7,0,0,14:33:5C:6D:AF:58,0,1,ARMED,448.0,0,0,80:02:9C:61:97:4B,1,84,2570.8,80:02:9C:61:97:4A,4,0,NONE,2026-08-24T15:49:18.884990
45917,,-58,39,292,1415,64740,29260,2408639,0,99,7,0,0,14:33:5C:6D:AF:58,0,1,ARMED,448.0,0,0,80:02:9C:61:97:4B,1,134,3205.4,80:02:9C:61:97:4A,4,0,NONE,2026-08-24T15:49:18.893990
45917,,-73,24,402,3527,65384,29260,2408667,0,99,7,0,0,14:33:5C:6D:AF:58,0,1,ARMED,448.0,0,1,80:02:9C:61:97:4B,1,184,2626.8,80:02:9C:61:97:4A,4,0,NONE,2026-08-24T15:49:18.921990
45917,,-55,42,457,2256,65384,29260,2408694,0,99,7,0,0,14:33:5C:6D:AF:58,0,1,ARMED,448.0,0,0,80:02:9C:61:97:4B,1,234,2408.2,80:02:9C:61:97:4A,4,0,NONE,2026-08-24T15:49:18.948990
45917,,-54,43,266,2288,64696,29260,2408714,0,99,7,0,0,14:33:5C:6D:AF:58,0,1,ARMED,448.0,0,0,80:02:9C:61:97:4B,1,49,13399.0,80:02:9C:61:97:4A,4,0,NONE,2026-08-24T15:49:18.968990
45917,,-53,44,266,2317,65384,29260,2408731,0,99,7,0,0,14:33:5C:6D:AF:58,0,1,ARMED,448.0,0,0,80:02:9C:61:97:4B,1,99,5019.0,80:02:9C:61:97:4A,4,0,NONE,2026-08-24T15:49:18.985990
45917,,-53,44,250,2359,65384,29260,2408751,0,99,7,0,0,14:33:5C:6D:AF:58,0,1,ARMED,448.0,0,0,80:02:9C:61:97:4B,1,149,3744.1,80:02:9C:61:97:4A,4,0,NONE,2026-08-24T15:49:19.005990
45917,,-54,43,405,2366,65384,29260,2408780,0,99,7,0,0,14:33:5C:6D:AF:58,0,1,ARMED,448.0,0,0,80:02:9C:61:97:4B,1,199,2889.7,80:02:9C:61:97:4A,4,0,NONE,2026-08-24T15:49:19.034990
45917,,-74,23,419,2230,65384,29260,2408804,0,99,7,0,0,14:33:5C:6D:AF:58,0,1,ARMED,448.0,0,0,80:02:9C:61:97:4B,1,249,2670.8,80:02:9C:61:97:4A,4,0,NONE,2026-08-24T15:49:19.058990
45917,,-53,44,287,2427,65384,29260,2408825,0,99,7,0,0,14:33:5C:6D:AF:58,0,1,ARMED,448.0,0,0,80:02:9C:61:97:4B,1,42,3087.8,80:02:9C:61:97:4A,4,0,NONE,2026-08-24T15:49:19.079990
45917,,-54,43,137,2463,65384,29260,2408844,0,99,7,0,0,14:33:5C:6D:AF:58,0,1,ARMED,448.0,0,1,80:02:9C:61:97:4B,1,92,2756.7,80:02:9C:61:97:4A,4,0,NONE,2026-08-24T15:49:19.098990
45917,,-73,24,428,3608,65384,29260,2408867,0,99,7,0,0,14:33:5C:6D:AF:58,0,1,ARMED,448.0,0,1,80:02:9C:61:97:4B,1,142,2524.7,80:02:9C:61:97:4A,4,0,NONE,2026-08-24T15:49:19.121990
45917,,-53,44,287,2521,65384,29260,2408896,0,99,7,0,0,14:33:5C:6D:AF:58,0,1,ARMED,448.0,0,0,80:02:9C:61:97:4B,1,192,2258.8,80:02:9C:61:97:4A,4,0,NONE,2026-08-24T15:49:19.150990
45917,,-53,44,287,2546,65384,29260,2408913,0,99,7,0,0,14:33:5C:6D:AF:58,0,1,ARMED,448.0,0,0,80:02:9C:61:97:4B,1,4,2105.3,80:02:9C:61:97:4A,4,0,NONE,2026-08-24T15:49:19.167990
45917,,-54,43,783,2584,64740,29260,2408933,0,99,7,0,0,14:33:5C:6D:AF:58,0,1,ARMED,448.0,0,0,80:02:9C:61:97:4B,1,54,2484.8,80:02:9C:61:97:4A,4,0,NONE,2026-08-24T15:49:19.187990
45917,,-54,43,310,2613,65384,29260,2408948,0,99,7,0,0,14:33:5C:6D:AF:58,0,1,ARMED,448.0,0,0,80:02:9C:61:97:4B,1,104,2789.5,80:02:9C:61:97:4A,4,0,NONE,2026-08-24T15:49:19.202990
45917,,-74,23,0,3650,63880,29260,2408974,0,99,7,0,0,14:33:5C:6D:AF:58,0,1,ARMED,448.0,0,0,80:02:9C:61:97:4B,1,154,2460.9,80:02:9C:61:97:4A,4,0,NONE,2026-08-24T15:49:19.228990
45917,,-73,24,295,3668,65004,29260,2408995,0,99,7,0,0,14:33:5C:6D:AF:58,0,1,ARMED,448.0,0,0,80:02:9C:61:97:4B,1,204,2419.8,80:02:9C:61:97:4A,4,0,NONE,2026-08-24T15:49:19.249990
45917,,-54,43,168,2678,65004,29260,2409028,0,99,7,0,0,14:33:5C:6D:AF:58,1,1,ARMED,448.0,0,1,80:02:9C:61:97:4B,1,49,3032.0,80:02:9C:61:97:4A,4,0,NONE,2026-08-24T15:49:19.282990
45917,,-54,43,310,2712,64740,29260,2409043,0,99,7,0,0,14:33:5C:6D:AF:58,1,1,ARMED,448.0,0,0,80:02:9C:61:97:4B,1,99,3161.0,80:02:9C:61:97:4A,4,0,NONE,2026-08-24T15:49:19.297990
45917,,-73,24,305,3696,64748,29260,2409074,0,99,7,0,0,14:33:5C:6D:AF:58,1,1,ARMED,448.0,0,0,80:02:9C:61:97:4B,1,149,2370.6,80:02:9C:61:97:4A,4,0,NONE,2026-08-24T15:49:19.328990
45917,,-54,43,287,2756,65384,29260,2409094,0,99,7,0,0,14:33:5C:6D:AF:58,1,1,ARMED,448.0,0,0,80:02:9C:61:97:4B,1,199,2401.3,80:02:9C:61:97:4A,4,0,NONE,2026-08-24T15:49:19.348990
45917,,-55,42,538,2791,65384,29260,2409138,0,99,7,0,0,14:33:5C:6D:AF:58,1,1,ARMED,448.0,0,0,80:02:9C:61:97:4B,1,49,3024.7,80:02:9C:61:97:4A,4,0,NONE,2026-08-24T15:49:19.392990
45917,,-73,24,127,3724,64740,29260,2409145,0,99,7,0,0,14:33:5C:6D:AF:58,1,1,ARMED,448.0,0,0,80:02:9C:61:97:4B,1,99,4334.1,80:02:9C:61:97:4A,4,0,NONE,2026-08-24T15:49:19.399990
45917,,42,42,0,1023,65384,29260,2409165,0,99,7,0,0,14:33:5C:6D:AF:58,1,1,ARMED,448.0,0,1,80:02:9C:61:97:4B,1,149,3468.0,80:02:9C:61:97:4A,4,0,NONE,2026-08-24T15:49:19.419990
45917,,-54,43,180,2899,65384,29260,2409175,0,99,7,0,0,14:33:5C:6D:AF:58,1,1,ARMED,448.0,0,1,80:02:9C:61:97:4B,1,199,3749.1,80:02:9C:61:97:4A,4,0,NONE,2026-08-24T15:49:19.429990
45917,,-54,43,267,2938,65384,29260,2409197,0,99,7,0,0,14:33:5C:6D:AF:58,1,1,ARMED,448.0,0,0,80:02:9C:61:97:4B,1,249,3333.6,80:02:9C:61:97:4A,4,0,NONE,2026-08-24T15:49:19.451990
45917,,-54,43,287,2969,65384,29260,2409220,0,99,7,0,0,14:33:5C:6D:AF:58,1,1,ARMED,448.0,0,0,80:02:9C:61:97:4B,1,299,3042.5,80:02:9C:61:97:4A,4,0,NONE,2026-08-24T15:49:19.474990
45917,,-54,43,287,3002,64920,29260,2409240,0,99,7,0,0,14:33:5C:6D:AF:58,0,1,ARMED,448.0,0,0,80:02:9C:61:97:4B,1,49,14223.5,80:02:9C:61:97:4A,4,0,NONE,2026-08-24T15:49:19.494990
45917,,42,42,0,1023,65384,29260,2409253,0,99,7,0,0,14:33:5C:6D:AF:58,0,1,ARMED,448.0,0,1,80:02:9C:61:97:4B,1,99,5817.0,80:02:9C:61:97:4A,4,0,NONE,2026-08-24T15:49:19.507990
45917,,-55,42,379,3064,65384,29260,2409282,0,99,7,0,0,14:33:5C:6D:AF:58,0,1,ARMED,448.0,0,0,80:02:9C:61:97:4B,1,149,3246.8,80:02:9C:61:97:4A,4,0,NONE,2026-08-24T15:49:19.536990
45917,,-73,24,837,3812,65384,29260,2409330,0,99,7,0,0,14:33:5C:6D:AF:58,0,1,ARMED,448.0,0,1,80:02:9C:61:97:4B,1,199,2125.8,80:02:9C:61:97:4A,4,0,NONE,2026-08-24T15:49:19.584990
45917,,-74,23,0,3826,65384,29260,2409384,0,99,7,0,0,14:33:5C:6D:AF:58,0,1,ARMED,448.0,0,0,80:02:9C:61:97:4B,1,49,1686.9,80:02:9C:61:97:4A,4,0,NONE,2026-08-24T15:49:19.638990
45917,,-54,43,213,3109,65384,29260,2409423,0,99,7,0,0,14:33:5C:6D:AF:58,0,1,ARMED,448.0,0,1,80:02:9C:61:97:4B,1,99,1465.1,80:02:9C:61:97:4A,4,0,NONE,2026-08-24T15:49:19.677990
45917,,-74,23,911,3847,65384,29260,2409462,0,99,7,0,0,14:33:5C:6D:AF:58,0,1,ARMED,448.0,0,1,80:02:9C:61:97:4B,1,10,1572.8,80:02:9C:61:97:4A,4,0,NONE,2026-08-24T15:49:19.716990
45917,,-55,42,997,3153,65384,29260,2409513,0,99,7,0,0,14:33:5C:6D:AF:58,0,1,ARMED,448.0,0,0,80:02:9C:61:97:4B,1,60,1042.9,80:02:9C:61:97:4A,4,0,NONE,2026-08-24T15:49:19.767990
45917,,-74,23,0,3879,65384,29260,2409557,0,99,7,0,0,14:33:5C:6D:AF:58,0,1,ARMED,448.0,0,0,80:02:9C:61:97:4B,1,1,1000.0,80:02:9C:61:97:4A,4,0,NONE,2026-08-24T15:49:19.811990
45917,,42,42,0,384,65384,29260,2409605,0,99,7,0,0,14:33:5C:6D:AF:58,0,1,ARMED,448.0,0,0,80:02:9C:61:97:4B,1,51,1045.7,80:02:9C:61:97:4A,4,0,NONE,2026-08-24T15:49:19.859990
45917,,-73,24,1072,3899,65384,29260,2409694,0,99,7,0,0,14:33:5C:6D:AF:58,0,1,ARMED,448.0,0,1,80:02:9C:61:97:4B,1,19,518.2,80:02:9C:61:97:4A,4,0,NONE,2026-08-24T15:49:19.948990
45917,,-74,23,0,3911,65384,29260,2409780,0,99,7,0,0,14:33:5C:6D:AF:58,0,1,ARMED,448.0,0,1,80:02:9C:61:97:4B,1,9,394.4,80:02:9C:61:97:4A,4,0,NONE,2026-08-24T15:49:20.034990
45917,,-69,28,0,2274,65384,29260,2409924,0,99,7,0,0,14:33:5C:6D:AF:58,0,1,ARMED,448.0,0,1,80:02:9C:61:97:4B,1,21,326.4,80:02:9C:61:97:4A,4,0,NONE,2026-08-24T15:49:20.178990
45917,,-65,32,58,3238,65312,29260,2410065,0,99,7,0,0,14:33:5C:6D:AF:58,0,1,ARMED,448.0,0,1,80:02:9C:61:97:4B,1,34,326.0,80:02:9C:61:97:4A,4,0,NONE,2026-08-24T15:49:20.319990
45917,,-66,31,50,3250,65384,29260,2410198,0,99,7,0,0,14:33:5C:6D:AF:58,0,1,ARMED,448.0,0,1,80:02:9C:61:97:4B,1,12,367.3,80:02:9C:61:97:4A,4,0,NONE,2026-08-24T15:49:20.452990
45917,,-74,23,339,3949,65384,29260,2410380,0,99,7,0,0,14:33:5C:6D:AF:58,0,0,ARMED,448.0,0,1,80:02:9C:61:97:4B,1,3,325.0,80:02:9C:61:97:4A,4,0,NONE,2026-08-24T15:49:20.634990
45917,BEACON,-93,4,0,232,65384,29260,2410530,0,99,7,0,0,14:33:5C:6D:AF:58,0,1,ARMED,448.0,0,1,80:02:9C:61:97:4B,1,18,317.7,80:02:9C:61:97:4A,4,0,NONE,2026-08-24T15:49:20.784990
45917,BEACON,-65,32,17113,396,65384,29260,2410730,0,99,7,0,0,14:33:5C:6D:AF:58,0,0,ARMED,448.0,0,1,80:02:9C:61:97:4B,1,12,234.8,80:02:9C:61:97:4A,4,0,NONE,2026-08-24T15:49:20.984990
45917,,-65,32,58,3289,65384,29260,2410860,0,99,7,0,0,14:33:5C:6D:AF:58,0,1,ARMED,448.0,0,1,80:02:9C:61:97:4B,1,26,326.9,80:02:9C:61:97:4A,4,0,NONE,2026-08-24T15:49:21.114990
45917,,-65,32,70,3304,65384,29260,2411009,0,99,7,0,0,14:33:5C:6D:AF:58,0,1,ARMED,448.0,0,1,80:02:9C:61:97:4B,1,7,310.1,80:02:9C:61:97:4A,4,0,NONE,2026-08-24T15:49:21.263990
45917,,-65,32,58,3311,65384,29260,2411097,0,99,7,0,0,14:33:5C:6D:AF:58,0,1,ARMED,448.0,0,1,80:02:9C:61:97:4B,1,2,398.2,80:02:9C:61:97:4A,4,0,NONE,2026-08-24T15:49:21.351990
45917,,-66,31,58,3324,65384,29260,2411282,0,99,7,0,0,14:33:5C:6D:AF:58,0,1,ARMED,448.0,0,1,80:02:9C:61:97:4B,1,18,208.1,80:02:9C:61:97:4A,4,0,NONE,2026-08-24T15:49:21.536990
45917,,-64,33,0,3336,65384,29260,2411449,0,99,7,0,0,14:33:5C:6D:AF:58,0,1,ARMED,448.0,0,1,80:02:9C:61:97:4B,1,13,276.0,80:02:9C:61:97:4A,4,0,NONE,2026-08-24T15:49:21.703990
45917,,-65,32,0,3350,65384,29260,2411656,0,99,7,0,0,14:33:5C:6D:AF:58,0,0,ARMED,448.0,0,1,80:02:9C:61:97:4B,1,12,246.0,80:02:9C:61:97:4A,4,0,NONE,2026-08-24T15:49:21.910990
45917,,42,42,0,2299,65384,29260,2411826,0,99,7,0,0,14:33:5C:6D:AF:58,0,0,ARMED,448.0,0,1,80:02:9C:61:97:4B,1,3,269.9,80:02:9C:61:97:4A,4,0,NONE,2026-08-24T15:49:22.080990
45917,,-65,32,0,2032,65384,29260,2411952,0,99,7,0,0,14:33:5C:6D:AF:58,0,1,ARMED,448.0,0,1,80:02:9C:61:97:4B,1,7,369.6,80:02:9C:61:97:4A,4,0,NONE,2026-08-24T15:49:22.206990
45917,,-58,39,291,1463,65384,29260,2412069,0,99,7,0,0,14:33:5C:6D:AF:58,0,1,ARMED,448.0,0,0,80:02:9C:61:97:4B,1,21,594.4,80:02:9C:61:97:4A,4,0,NONE,2026-08-24T15:49:22.323990
45917,,-74,23,3863,2431,65384,29260,2412177,0,99,7,0,0,14:33:5C:6D:AF:58,0,1,ARMED,448.0,0,1,80:02:9C:61:97:4B,1,12,374.7,80:02:9C:61:97:4A,4,0,NONE,2026-08-24T15:49:22.431990
45917,BEACON,-93,4,0,251,65384,29260,2412435,0,99,7,0,0,14:33:5C:6D:AF:58,0,0,ARMED,448.0,0,1,80:02:9C:61:97:4B,1,23,306.7,80:02:9C:61:97:4A,4,0,NONE,2026-08-24T15:49:22.689990
45917,BEACON,-86,11,42893,2984,65384,29260,2412823,0,99,7,0,0,14:33:5C:6D:AF:58,0,0,ARMED,448.0,0,1,80:02:9C:61:97:4B,1,4,84.1,80:02:9C:61:97:4A,4,0,NONE,2026-08-24T15:49:23.077990
45917,BEACON,-92,5,0,779,65384,29260,2413108,0,99,7,0,0,14:33:5C:6D:AF:58,0,0,ARMED,448.0,0,1,80:02:9C:61:97:4B,1,16,612.9,80:02:9C:61:97:4A,4,0,NONE,2026-08-24T15:49:23.362990
45917,,43,43,0,2301,65384,29260,2413248,0,99,7,0,0,14:33:5C:6D:AF:58,0,1,ARMED,448.0,0,0,80:02:9C:61:97:4B,1,34,518.7,80:02:9C:61:97:4A,4,0,NONE,2026-08-24T15:49:23.502990
45917,BEACON,-86,11,0,2991,65312,29260,2413541,0,99,7,0,0,14:33:5C:6D:AF:58,0,0,ARMED,448.0,0,1,80:02:9C:61:97:4B,1,13,260.9,80:02:9C:61:97:4A,4,0,NONE,2026-08-24T15:49:23.795990
45917,BEACON,-94,3,0,267,65384,29260,2414040,0,99,7,0,0,14:33:5C:6D:AF:58,0,0,ARMED,448.0,0,1,80:02:9C:61:97:4B,1,5,136.7,80:02:9C:61:97:4A,4,0,NONE,2026-08-24T15:49:24.294990
45917,BEACON,-94,3,0,270,65384,29260,2414344,0,99,7,0,0,14:33:5C:6D:AF:58,0,0,ARMED,448.0,0,1,80:02:9C:61:97:4B,1,28,843.4,80:02:9C:61:97:4A,4,0,NONE,2026-08-24T15:49:24.598990
45917,,-74,23,0,2506,65368,29260,2414498,0,99,7,0,0,14:33:5C:6D:AF:58,0,1,ARMED,448.0,0,1,80:02:9C:61:97:4B,1,41,483.9,80:02:9C:61:97:4A,4,0,NONE,2026-08-24T15:49:24.752990
45917,BEACON,-65,32,0,439,65384,29260,2414621,0,99,7,0,0,14:33:5C:6D:AF:58,0,1,ARMED,448.0,0,1,80:02:9C:61:97:4B,1,1,320.8,80:02:9C:61:97:4A,4,0,NONE,2026-08-24T15:49:24.875990
45917,BEACON,-87,10,0,3003,65384,29260,2414769,0,99,7,0,0,14:33:5C:6D:AF:58,0,1,ARMED,448.0,0,1,80:02:9C:61:97:4B,1,19,417.9,80:02:9C:61:97:4A,4,0,NONE,2026-08-24T15:49:25.023990
45917,,-74,23,27159,11,65384,29260,2414929,0,99,7,0,0,14:33:5C:6D:AF:58,0,1,ARMED,448.0,0,1,80:02:9C:61:97:4B,1,2,653.2,80:02:9C:61:97:4A,4,0,NONE,2026-08-24T15:49:25.183990
45917,,-54,43,8856,3431,65384,29260,2415097,0,99,7,0,0,14:33:5C:6D:AF:58,0,1,ARMED,448.0,0,0,80:02:9C:61:97:4B,1,17,280.5,80:02:9C:61:97:4A,4,0,NONE,2026-08-24T15:49:25.351990
45917,,-66,31,58,3451,65384,29260,2415212,0,99,7,0,0,14:33:5C:6D:AF:58,0,1,ARMED,448.0,0,1,80:02:9C:61:97:4B,1,22,290.6,80:02:9C:61:97:4A,4,0,NONE,2026-08-24T15:49:25.466990
45917,,-65,32,50,3460,65384,29260,2415408,0,99,7,0,0,14:33:5C:6D:AF:58,0,1,ARMED,448.0,0,1,80:02:9C:61:97:4B,1,12,173.6,80:02:9C:61:97:4A,4,0,NONE,2026-08-24T15:49:25.662990
45917,,-74,23,0,1407,65384,29260,2415520,0,99,7,0,0,14:33:5C:6D:AF:58,0,0,ARMED,448.0,0,0,80:02:9C:61:97:4B,1,40,504.6,80:02:9C:61:97:4A,4,0,NONE,2026-08-24T15:49:25.774990
45917,,-64,33,0,3480,65384,29260,2415616,0,99,7,0,0,14:33:5C:6D:AF:58,0,1,ARMED,448.0,0,0,80:02:9C:61:97:4B,1,33,455.0,80:02:9C:61:97:4A,4,0,NONE,2026-08-24T15:49:25.870990
45917,,-54,43,3688,3487,65384,29260,2415696,0,99,7,0,0,14:33:5C:6D:AF:58,0,1,ARMED,448.0,0,1,80:02:9C:61:97:4B,1,21,396.0,80:02:9C:61:97:4A,4,0,NONE,2026-08-24T15:49:25.950990
45917,,-54,43,110,3500,65384,29260,2415765,0,99,7,0,0,14:33:5C:6D:AF:58,0,1,ARMED,448.0,0,1,80:02:9C:61:97:4B,1,15,735.0,80:02:9C:61:97:4A,4,0,NONE,2026-08-24T15:49:26.019990
45917,,-74,23,274,83,65384,29260,2415830,0,99,7,0,0,14:33:5C:6D:AF:58,0,1,ARMED,448.0,0,1,80:02:9C:61:97:4B,1,65,761.2,80:02:9C:61:97:4A,4,0,NONE,2026-08-24T15:49:26.084990
45917,,-54,43,270,3537,65384,29260,2415869,0,99,7,0,0,14:33:5C:6D:AF:58,0,1,ARMED,448.0,0,1,80:02:9C:61:97:4B,1,24,1003.2,80:02:9C:61:97:4A,4,0,NONE,2026-08-24T15:49:26.123990
45917,,-65,32,94,3547,65384,29260,2415971,0,99,7,0,0,14:33:5C:6D:AF:58,0,1,ARMED,448.0,0,1,80:02:9C:61:97:4B,1,6,255.7,80:02:9C:61:97:4A,4,0,NONE,2026-08-24T15:49:26.225990
45917,,-54,43,355,395,65368,29260,2416070,0,99,7,0,0,14:33:5C:6D:AF:58,0,1,ARMED,448.0,0,0,80:02:9C:61:97:4B,1,15,679.4,80:02:9C:61:97:4A,4,0,NONE,2026-08-24T15:49:26.324990
45917,BEACON,-66,31,0,464,65384,29260,2416464,0,99,7,0,0,14:33:5C:6D:AF:58,0,0,ARMED,448.0,0,1,80:02:9C:61:97:4B,1,2,230.1,80:02:9C:61:97:4A,4,0,NONE,2026-08-24T15:49:26.718990
45917,,-65,32,0,469,63620,29260,2416670,0,99,7,0,0,14:33:5C:6D:AF:58,0,0,ARMED,448.0,0,0,80:02:9C:61:97:4B,1,7,698.5,80:02:9C:61:97:4A,4,0,NONE,2026-08-24T15:49:26.924990
45917,BEACON,-94,3,0,1678,65384,29260,2417004,0,99,7,0,0,14:33:5C:6D:AF:58,0,0,ARMED,448.0,0,1,80:02:9C:61:97:4B,1,7,191.5,80:02:9C:61:97:4A,4,0,NONE,2026-08-24T15:49:27.258990
45917,,-66,31,0,484,63600,29260,2417292,0,99,7,0,0,14:33:5C:6D:AF:58,0,0,ARMED,448.0,0,0,80:02:9C:61:97:4B,1,4,226.8,80:02:9C:61:97:4A,4,0,NONE,2026-08-24T15:49:27.546990
45917,BEACON,-94,3,50,301,65384,29260,2417452,0,99,7,0,0,14:33:5C:6D:AF:58,0,1,ARMED,448.0,0,1,80:02:9C:61:97:4B,1,13,171.5,80:02:9C:61:97:4A,4,0,NONE,2026-08-24T15:49:27.706990
45917,,61,61,0,302,65384,29260,2417563,0,99,7,0,0,14:33:5C:6D:AF:58,0,0,ARMED,448.0,0,0,80:02:9C:61:97:4B,1,46,550.9,80:02:9C:61:97:4A,4,0,NONE,2026-08-24T15:49:27.817990
45917,,-75,22,23898,1545,65384,29260,2417992,0,99,7,0,0,14:33:5C:6D:AF:58,0,0,ARMED,448.0,0,1,80:02:9C:61:97:4B,1,1,1000.0,80:02:9C:61:97:4A,4,0,NONE,2026-08-24T15:49:28.246990
45917,,-74,23,7408,125,65384,29260,2418107,0,99,7,0,0,14:33:5C:6D:AF:58,0,1,ARMED,448.0,0,1,80:02:9C:61:97:4B,1,7,455.8,80:02:9C:61:97:4A,4,0,NONE,2026-08-24T15:49:28.361990
45917,,43,43,0,1023,65384,29260,2418272,0,99,7,0,0,14:33:5C:6D:AF:58,0,1,ARMED,448.0,0,0,80:02:9C:61:97:4B,1,23,305.3,80:02:9C:61:97:4A,4,0,NONE,2026-08-24T15:49:28.526990
45917,,-58,39,248,1559,65384,29260,2418408,0,99,7,0,0,14:33:5C:6D:AF:58,0,1,ARMED,448.0,0,1,80:02:9C:61:97:4B,1,7,784.3,80:02:9C:61:97:4A,4,0,NONE,2026-08-24T15:49:28.662990
45917,BEACON,-65,32,0,504,65384,29260,2418717,0,99,7,0,0,14:33:5C:6D:AF:58,0,0,ARMED,448.0,0,1,80:02:9C:61:97:4B,1,2,230.8,80:02:9C:61:97:4A,4,0,NONE,2026-08-24T15:49:28.971990
45917,,-58,39,292,1578,65384,29260,2418980,0,99,7,0,0,14:33:5C:6D:AF:58,0,0,ARMED,448.0,0,0,80:02:9C:61:97:4B,1,34,511.6,80:02:9C:61:97:4A,4,0,NONE,2026-08-24T15:49:29.234990
45917,,-54,43,4875,3077,65384,29260,2419242,0,99,7,0,0,14:33:5C:6D:AF:58,0,0,ARMED,448.0,0,1,80:02:9C:61:97:4B,1,13,589.5,80:02:9C:61:97:4A,4,0,NONE,2026-08-24T15:49:29.496990
45917,,43,43,0,1023,65368,29260,2419490,0,99,7,0,0,14:33:5C:6D:AF:58,0,0,ARMED,448.0,0,0,80:02:9C:61:97:4B,1,17,260.7,80:02:9C:61:97:4A,4,0,NONE,2026-08-24T15:49:29.744990
45917,,43,43,0,1023,65384,29260,2419605,0,99,7,0,0,14:33:5C:6D:AF:58,0,1,ARMED,448.0,0,0,80:02:9C:61:97:4B,1,34,429.9,80:02:9C:61:97:4A,4,0,NONE,2026-08-24T15:49:29.859990
45917,BEACON,-92,5,0,846,65384,29260,2419969,0,99,7,0,0,14:33:5C:6D:AF:58,0,0,ARMED,448.0,0,1,80:02:9C:61:97:4B,1,5,157.2,80:02:9C:61:97:4A,4,0,NONE,2026-08-24T15:49:30.223990
45917,BEACON,-87,10,0,82,65384,29260,2420148,0,99,7,0,0,14:33:5C:6D:AF:58,0,1,ARMED,448.0,0,1,80:02:9C:61:97:4B,1,3,539.4,80:02:9C:61:97:4A,4,0,NONE,2026-08-24T15:49:30.402990
45917,,61,61,0,1992,65384,29260,2420453,0,99,7,0,0,14:33:5C:6D:AF:58,0,0,ARMED,448.0,0,0,80:02:9C:61:97:4B,1,3,754.0,80:02:9C:61:97:4A,4,0,NONE,2026-08-24T15:49:30.707990
45917,BEACON,-92,5,0,853,65384,29260,2420686,0,99,7,0,0,14:33:5C:6D:AF:58,1,0,ARMED,448.0,0,1,80:02:9C:61:97:4B,1,9,288.8,80:02:9C:61:97:4A,4,0,NONE,2026-08-24T15:49:30.940990
45917,,-74,23,287,2781,65384,29260,2421124,0,99,7,0,0,14:33:5C:6D:AF:58,0,0,ARMED,448.0,0,0,80:02:9C:61:97:4B,1,24,399.6,80:02:9C:61:97:4A,4,0,NONE,2026-08-24T15:49:31.378990
45917,BEACON,-87,10,58,3741,65384,29260,2421495,0,99,7,0,0,14:33:5C:6D:AF:58,0,0,ARMED,448.0,0,1,80:02:9C:61:97:4B,1,8,280.5,80:02:9C:61:97:4A,4,0,NONE,2026-08-24T15:49:31.749990
45917,,-74,23,0,2801,65384,29260,2421631,0,99,7,0,0,14:33:5C:6D:AF:58,0,1,ARMED,448.0,0,1,80:02:9C:61:97:4B,1,16,247.0,80:02:9C:61:97:4A,4,0,NONE,2026-08-24T15:49:31.885990
45917,,-63,34,0,548,63620,29260,2421894,0,99,7,0,0,14:33:5C:6D:AF:58,0,0,ARMED,448.0,0,0,80:02:9C:61:97:4B,1,8,302.4,80:02:9C:61:97:4A,4,0,NONE,2026-08-24T15:49:32.148990
45917,,42,42,0,0,65384,29260,2422206,0,99,7,0,0,14:33:5C:6D:AF:58,0,0,ARMED,448.0,0,1,80:02:9C:61:97:4B,1,9,239.1,80:02:9C:61:97:4A,4,0,NONE,2026-08-24T15:49:32.460990
45917,,-54,43,434,3103,65384,29260,2422392,0,99,7,0,0,14:33:5C:6D:AF:58,0,0,ARMED,448.0,0,1,80:02:9C:61:97:4B,1,18,801.3,80:02:9C:61:97:4A,4,0,NONE,2026-08-24T15:49:32.646990
45917,,-58,39,292,1641,65384,29260,2422459,0,99,7,0,0,14:33:5C:6D:AF:58,0,0,ARMED,448.0,0,0,80:02:9C:61:97:4B,1,68,759.4,80:02:9C:61:97:4A,4,0,NONE,2026-08-24T15:49:32.713990
45917,,-66,31,35693,1554,65384,29260,2422677,0,99,7,0,0,14:33:5C:6D:AF:58,0,1,ARMED,448.0,0,1,80:02:9C:61:97:4B,1,16,168.6,80:02:9C:61:97:4A,4,0,NONE,2026-08-24T15:49:32.931990
45917,,-54,43,0,2791,65384,29260,2423100,0,99,7,0,0,14:33:5C:6D:AF:58,0,0,ARMED,448.0,0,1,80:02:9C:61:97:4B,1,12,132.3,80:02:9C:61:97:4A,4,0,NONE,2026-08-24T15:49:33.354990
45917,,-74,23,0,1563,65384,29260,2423180,0,99,7,0,0,14:33:5C:6D:AF:58,0,0,ARMED,448.0,0,1,80:02:9C:61:97:4B,1,49,771.7,80:02:9C:61:97:4A,4,0,NONE,2026-08-24T15:49:33.434990
45917,BEACON,-91,6,0,878,65384,29260,2423246,0,99,7,0,0,14:33:5C:6D:AF:58,0,1,ARMED,448.0,0,1,80:02:9C:61:97:4B,1,25,850.1,80:02:9C:61:97:4A,4,0,NONE,2026-08-24T15:49:33.500990
45917,,-74,23,111,2851,65384,29260,2423330,0,99,7,0,0,14:33:5C:6D:AF:58,0,1,ARMED,448.0,0,0,80:02:9C:61:97:4B,1,19,1448.7,80:02:9C:61:97:4A,4,0,NONE,2026-08-24T15:49:33.584990
45917,,-74,23,293,2858,65384,29260,2423451,0,99,7,0,0,14:33:5C:6D:AF:58,0,1,ARMED,448.0,0,0,80:02:9C:61:97:4B,1,21,645.5,80:02:9C:61:97:4A,4,0,NONE,2026-08-24T15:49:33.705990
45917,BEACON,-92,5,0,362,65384,29260,2423577,0,99,7,0,0,14:33:5C:6D:AF:58,0,1,ARMED,448.0,0,1,80:02:9C:61:97:4B,1,14,250.3,80:02:9C:61:97:4A,4,0,NONE,2026-08-24T15:49:33.831990
45917,,-74,23,16347,2875,65384,29260,2423969,0,99,7,0,0,14:33:5C:6D:AF:58,0,0,ARMED,448.0,0,1,80:02:9C:61:97:4B,1,8,208.0,80:02:9C:61:97:4A,4,0,NONE,2026-08-24T15:49:34.223990
45917,,-52,45,25518,2793,65384,29260,2424512,0,99,7,0,0,14:33:5C:6D:AF:58,0,0,ARMED,448.0,0,1,80:02:9C:61:97:4B,1,3,51.7,80:02:9C:61:97:4A,4,0,NONE,2026-08-24T15:49:34.766990
45917,,-53,44,0,3860,65384,29260,2424620,0,99,7,0,0,14:33:5C:6D:AF:58,0,0,ARMED,448.0,0,1,80:02:9C:61:97:4B,1,36,552.4,80:02:9C:61:97:4A,4,0,NONE,2026-08-24T15:49:34.874990
45917,,-75,22,2871,2894,65384,29260,2424770,0,99,7,0,0,14:33:5C:6D:AF:58,0,0,ARMED,448.0,0,1,80:02:9C:61:97:4B,1,10,865.2,80:02:9C:61:97:4A,4,0,NONE,2026-08-24T15:49:35.024990
45917,BEACON,-86,11,39561,3104,65384,29260,2425111,0,99,7,0,0,14:33:5C:6D:AF:58,0,0,ARMED,448.0,0,1,80:02:9C:61:97:4B,1,6,126.2,80:02:9C:61:97:4A,4,0,NONE,2026-08-24T15:49:35.365990
45917,,-64,33,0,602,63620,29260,2425374,0,99,7,0,0,14:33:5C:6D:AF:58,0,0,ARMED,448.0,0,0,80:02:9C:61:97:4B,1,3,690.3,80:02:9C:61:97:4A,4,0,NONE,2026-08-24T15:49:35.628990
45917,,-86,11,8408,3983,65384,29260,2425600,0,99,7,0,0,14:33:5C:6D:AF:58,0,0,ARMED,448.0,0,1,80:02:9C:61:97:4B,1,9,351.7,80:02:9C:61:97:4A,4,0,NONE,2026-08-24T15:49:35.854990
45917,,-58,39,740,1670,65384,29260,2425996,0,99,7,0,0,14:33:5C:6D:AF:58,0,0,ARMED,448.0,0,1,80:02:9C:61:97:4B,1,11,883.0,80:02:9C:61:97:4A,4,0,NONE,2026-08-24T15:49:36.250990
45917,,-58,39,0,1692,65384,29260,2426173,0,99,7,0,0,14:33:5C:6D:AF:58,0,1,ARMED,448.0,0,0,80:02:9C:61:97:4B,1,16,186.4,80:02:9C:61:97:4A,4,0,NONE,2026-08-24T15:49:36.427990
45917,PROBE_RESP,-86,11,82,2293,65384,29260,2426557,0,99,7,0,0,14:33:5C:6D:AF:58,0,0,ARMED,448.0,0,1,80:02:9C:61:97:4B,1,8,132.4,80:02:9C:61:97:4A,4,0,NONE,2026-08-24T15:49:36.811990
45917,,-74,23,399,2945,65384,29260,2426691,0,99,7,0,0,14:33:5C:6D:AF:58,0,0,ARMED,448.0,0,1,80:02:9C:61:97:4B,1,42,473.2,80:02:9C:61:97:4A,4,0,NONE,2026-08-24T15:49:36.945990
45917,BEACON,-65,32,175,622,65384,29260,2426909,0,99,7,0,0,14:33:5C:6D:AF:58,0,1,ARMED,448.0,0,1,80:02:9C:61:97:4B,1,16,178.5,80:02:9C:61:97:4A,4,0,NONE,2026-08-24T15:49:37.163990
45917,BEACON,-88,9,0,153,65384,29260,2427213,0,99,7,0,0,14:33:5C:6D:AF:58,0,0,ARMED,448.0,0,1,80:02:9C:61:97:4B,1,12,138.7,80:02:9C:61:97:4A,4,0,NONE,2026-08-24T15:49:37.467990
45917,BEACON,-89,8,0,3800,65384,29260,2427536,0,99,7,0,0,14:33:5C:6D:AF:58,0,0,ARMED,448.0,0,1,80:02:9C:61:97:4B,1,17,166.1,80:02:9C:61:97:4A,4,0,NONE,2026-08-24T15:49:37.790990
45917,,-54,43,0,3164,65384,29260,2427793,0,99,7,0,0,14:33:5C:6D:AF:58,0,0,ARMED,448.0,0,0,80:02:9C:61:97:4B,1,21,404.6,80:02:9C:61:97:4A,4,0,NONE,2026-08-24T15:49:38.047990
45917,BEACON,-88,9,0,3807,65384,29260,2428253,0,99,7,0,0,14:33:5C:6D:AF:58,0,0,ARMED,448.0,0,1,80:02:9C:61:97:4B,1,11,108.1,80:02:9C:61:97:4A,4,0,NONE,2026-08-24T15:49:38.507990
45917,,-58,39,0,1715,63828,29260,2428669,0,99,7,0,0,14:33:5C:6D:AF:58,0,0,ARMED,448.0,0,0,80:02:9C:61:97:4B,1,9,1430.2,80:02:9C:61:97:4A,4,0,NONE,2026-08-24T15:49:38.923990
45917,BEACON,-95,2,0,1801,65384,29260,2428983,0,99,7,0,0,14:33:5C:6D:AF:58,0,0,ARMED,448.0,0,1,80:02:9C:61:97:4B,1,2,166.0,80:02:9C:61:97:4A,4,0,NONE,2026-08-24T15:49:39.237990
45917,BEACON,-93,4,50,936,65384,29260,2429185,0,99,7,0,0,14:33:5C:6D:AF:58,0,0,ARMED,448.0,0,1,80:02:9C:61:97:4B,1,3,279.3,80:02:9C:61:97:4A,4,0,NONE,2026-08-24T15:49:39.439990
45917,,-58,39,292,1731,65384,29260,2429439,0,99,7,0,0,14:33:5C:6D:AF:58,0,0,ARMED,448.0,0,0,80:02:9C:61:97:4B,1,12,202.9,80:02:9C:61:97:4A,4,0,NONE,2026-08-24T15:49:39.693990
45917,,41,41,0,2102,65384,29260,2429564,0,99,7,0,0,14:33:5C:6D:AF:58,0,1,ARMED,448.0,0,0,80:02:9C:61:97:4B,1,33,402.9,80:02:9C:61:97:4A,4,0,NONE,2026-08-24T15:49:39.818990
45917,,43,43,0,426,65384,29260,2429739,0,99,7,0,0,14:33:5C:6D:AF:58,0,1,ARMED,448.0,0,0,80:02:9C:61:97:4B,1,15,314.5,80:02:9C:61:97:4A,4,0,NONE,2026-08-24T15:49:39.993990
45917,,-58,39,284,1756,65384,29260,2429887,0,99,7,0,0,14:33:5C:6D:AF:58,0,1,ARMED,448.0,0,0,80:02:9C:61:97:4B,1,37,449.0,80:02:9C:61:97:4A,4,0,NONE,2026-08-24T15:49:40.141990
45917,BEACON,-86,11,0,3155,65384,29260,2430333,0,99,7,0,0,14:33:5C:6D:AF:58,0,0,ARMED,448.0,0,1,80:02:9C:61:97:4B,1,9,87.2,80:02:9C:61:97:4A,4,0,NONE,2026-08-24T15:49:40.587990
45917,BEACON,-95,2,0,435,65384,29260,2430599,0,99,7,0,0,14:33:5C:6D:AF:58,0,0,ARMED,448.0,0,1,80:02:9C:61:97:4B,1,12,200.8,80:02:9C:61:97:4A,4,0,NONE,2026-08-24T15:49:40.853990
45917,,-52,45,21813,2827,65384,29260,2430829,0,99,7,0,0,14:33:5C:6D:AF:58,0,0,ARMED,448.0,0,1,80:02:9C:61:97:4B,1,16,282.2,80:02:9C:61:97:4A,4,0,NONE,2026-08-24T15:49:41.083990
45917,BEACON,-89,8,0,3836,65384,29260,2431223,0,99,7,0,0,14:33:5C:6D:AF:58,0,0,ARMED,448.0,0,1,80:02:9C:61:97:4B,1,2,125.0,80:02:9C:61:97:4A,4,0,NONE,2026-08-24T15:49:41.477990
45917,,-54,43,282,3618,65384,29260,2431577,0,99,7,0,0,14:33:5C:6D:AF:58,0,0,ARMED,448.0,0,0,80:02:9C:61:97:4B,1,29,456.1,80:02:9C:61:97:4A,4,0,NONE,2026-08-24T15:49:41.831990
45917,,-54,43,1650,2343,65384,29260,2431642,0,99,7,0,0,14:33:5C:6D:AF:58,0,1,ARMED,448.0,0,1,80:02:9C:61:97:4B,1,29,1125.8,80:02:9C:61:97:4A,4,0,NONE,2026-08-24T15:49:41.896990
45917,,-74,23,765,194,65384,29260,2431679,0,99,7,0,0,14:33:5C:6D:AF:58,0,1,ARMED,448.0,0,1,80:02:9C:61:97:4B,1,79,1254.1,80:02:9C:61:97:4A,4,0,NONE,2026-08-24T15:49:41.933990
45917,BEACON,-64,33,0,682,65384,29260,2431722,0,99,7,0,0,14:33:5C:6D:AF:58,0,1,ARMED,448.0,0,1,80:02:9C:61:97:4B,1,6,1168.7,80:02:9C:61:97:4A,4,0,NONE,2026-08-24T15:49:41.976990
45917,,-54,43,519,3706,65384,29260,2431757,0,99,7,0,0,14:33:5C:6D:AF:58,0,1,ARMED,448.0,0,0,80:02:9C:61:97:4B,1,56,1408.8,80:02:9C:61:97:4A,4,0,NONE,2026-08-24T15:49:42.011990
45917,,42,42,0,3718,65228,29260,2431799,0,99,7,0,0,14:33:5C:6D:AF:58,0,1,ARMED,448.0,0,0,80:02:9C:61:97:4B,1,106,1290.7,80:02:9C:61:97:4A,4,0,NONE,2026-08-24T15:49:42.053990
45917,,-54,43,0,1060,65384,29260,2431829,0,99,7,0,0,14:33:5C:6D:AF:58,0,1,ARMED,448.0,0,1,80:02:9C:61:97:4B,1,24,2192.2,80:02:9C:61:97:4A,4,0,NONE,2026-08-24T15:49:42.083990
45917,,-74,23,6042,3070,65384,29260,2431868,0,99,7,0,0,14:33:5C:6D:AF:58,0,1,ARMED,448.0,0,0,80:02:9C:61:97:4B,1,74,1479.0,80:02:9C:61:97:4A,4,0,NONE,2026-08-24T15:49:42.122990
45917,,-54,43,839,3785,65384,29260,2431911,0,99,7,0,0,14:33:5C:6D:AF:58,0,1,ARMED,448.0,0,0,80:02:9C:61:97:4B,1,124,1343.1,80:02:9C:61:97:4A,4,0,NONE,2026-08-24T15:49:42.165990
45917,,-54,43,802,3807,65384,29260,2431956,0,99,7,0,0,14:33:5C:6D:AF:58,0,1,ARMED,448.0,0,0,80:02:9C:61:97:4B,1,44,1205.4,80:02:9C:61:97:4A,4,0,NONE,2026-08-24T15:49:42.210990
45917,,-54,43,160,3840,65384,29260,2431990,0,99,7,0,0,14:33:5C:6D:AF:58,0,1,ARMED,448.0,0,0,80:02:9C:61:97:4B,1,94,1338.4,80:02:9C:61:97:4A,4,0,NONE,2026-08-24T15:49:42.244990
45917,,-54,43,892,3852,65384,29260,2432049,0,99,7,0,0,14:33:5C:6D:AF:58,0,1,ARMED,448.0,0,0,80:02:9C:61:97:4B,1,31,1109.6,80:02:9C:61:97:4A,4,0,NONE,2026-08-24T15:49:42.303990
45917,,-54,43,169,3871,65384,29260,2432078,0,99,7,0,0,14:33:5C:6D:AF:58,0,1,ARMED,448.0,0,1,80:02:9C:61:97:4B,1,81,1403.6,80:02:9C:61:97:4A,4,0,NONE,2026-08-24T15:49:42.332990
45917,,-54,43,841,3890,65384,29260,2432121,0,99,7,0,0,14:33:5C:6D:AF:58,0,1,ARMED,448.0,0,0,80:02:9C:61:97:4B,1,131,1309.7,80:02:9C:61:97:4A,4,0,NONE,2026-08-24T15:49:42.375990
45917,,-54,43,937,3905,65384,29260,2432166,0,99,7,0,0,14:33:5C:6D:AF:58,0,1,ARMED,448.0,0,0,80:02:9C:61:97:4B,1,50,1100.1,80:02:9C:61:97:4A,4,0,NONE,2026-08-24T15:49:42.420990
45917,,-54,43,749,3927,65384,29260,2432206,0,99,7,0,0,14:33:5C:6D:AF:58,0,1,ARMED,448.0,0,0,80:02:9C:61:97:4B,1,100,1176.4,80:02:9C:61:97:4A,4,0,NONE,2026-08-24T15:49:42.460990
45917,,-54,43,2349,3950,65384,29260,2432252,0,99,7,0,0,14:33:5C:6D:AF:58,0,1,ARMED,448.0,0,0,80:02:9C:61:97:4B,1,49,1598.7,80:02:9C:61:97:4A,4,0,NONE,2026-08-24T15:49:42.506990
45917,,-71,26,5944,3088,65312,29260,2432290,0,99,7,0,0,14:33:5C:6D:AF:58,0,1,ARMED,448.0,0,1,80:02:9C:61:97:4B,1,99,1449.6,80:02:9C:61:97:4A,4,0,NONE,2026-08-24T15:49:42.544990
45917,,-55,42,853,4003,65384,29260,2432331,0,99,7,0,0,14:33:5C:6D:AF:58,0,1,ARMED,448.0,0,0,80:02:9C:61:97:4B,1,11,1285.0,80:02:9C:61:97:4A,4,0,NONE,2026-08-24T15:49:42.585990
45917,,-54,43,169,4027,65384,29260,2432373,0,99,7,0,0,14:33:5C:6D:AF:58,0,1,ARMED,448.0,0,1,80:02:9C:61:97:4B,1,61,1208.1,80:02:9C:61:97:4A,4,0,NONE,2026-08-24T15:49:42.627990
45917,,-54,43,160,4053,65384,29260,2432407,0,99,7,0,0,14:33:5C:6D:AF:58,0,1,ARMED,448.0,0,1,80:02:9C:61:97:4B,1,111,1314.0,80:02:9C:61:97:4A,4,0,NONE,2026-08-24T15:49:42.661990
45917,,-54,43,2298,4066,65384,29260,2432458,0,99,7,0,0,14:33:5C:6D:AF:58,0,1,ARMED,448.0,0,0,80:02:9C:61:97:4B,1,33,930.8,80:02:9C:61:97:4A,4,0,NONE,2026-08-24T15:49:42.712990
45917,,-54,43,2063,4084,65384,29260,2432513,0,99,7,0,0,14:33:5C:6D:AF:58,0,1,ARMED,448.0,0,0,80:02:9C:61:97:4B,1,83,909.2,80:02:9C:61:97:4A,4,0,NONE,2026-08-24T15:49:42.767990
45917,,-54,43,911,10,65384,29260,2432558,0,99,7,0,0,14:33:5C:6D:AF:58,0,1,ARMED,448.0,0,0,80:02:9C:61:97:4B,1,37,1048.7,80:02:9C:61:97:4A,4,0,NONE,2026-08-24T15:49:42.812990
45917,,-54,43,920,39,65384,29260,2432593,0,99,7,0,0,14:33:5C:6D:AF:58,0,1,ARMED,448.0,0,0,80:02:9C:61:97:4B,1,87,1226.3,80:02:9C:61:97:4A,4,0,NONE,2026-08-24T15:49:42.847990
45917,,-75,22,768,3114,65384,29260,2432634,0,99,7,0,0,14:33:5C:6D:AF:58,0,1,ARMED,448.0,0,1,80:02:9C:61:97:4B,1,12,1129.9,80:02:9C:61:97:4A,4,0,NONE,2026-08-24T15:49:42.888990
45917,,-54,43,789,73,65384,29260,2432677,0,99,7,0,0,14:33:5C:6D:AF:58,0,1,ARMED,448.0,0,0,80:02:9C:61:97:4B,1,62,1153.1,80:02:9C:61:97:4A,4,0,NONE,2026-08-24T15:49:42.931990
45917,,-74,23,318,3124,65384,29260,2432713,0,99,7,0,0,14:33:5C:6D:AF:58,0,1,ARMED,448.0,0,1,80:02:9C:61:97:4B,1,112,1260.0,80:02:9C:61:97:4A,4,0,NONE,2026-08-24T15:49:42.967990
45917,,-54,43,401,127,65384,29260,2432734,0,99,7,0,0,14:33:5C:6D:AF:58,0,1,ARMED,448.0,0,0,80:02:9C:61:97:4B,1,49,8631.3,80:02:9C:61:97:4A,4,0,NONE,2026-08-24T15:49:42.988990
45917,,-74,23,252,522,65384,29260,2432760,0,99,7,0,0,14:33:5C:6D:AF:58,0,1,ARMED,448.0,0,0,80:02:9C:61:97:4B,1,99,3184.2,80:02:9C:61:97:4A,4,0,NONE,2026-08-24T15:49:43.014990
45917,,-74,23,251,532,65384,29260,2432779,0,99,7,0,0,14:33:5C:6D:AF:58,0,1,ARMED,448.0,0,0,80:02:9C:61:97:4B,1,149,2938.7,80:02:9C:61:97:4A,4,0,NONE,2026-08-24T15:49:43.033990
45917,,-54,43,708,200,65384,29260,2432806,0,99,7,0,0,14:33:5C:6D:AF:58,0,1,ARMED,448.0,0,0,80:02:9C:61:97:4B,1,199,2559.7,80:02:9C:61:97:4A,4,0,NONE,2026-08-24T15:49:43.060990
45917,,-74,23,207,554,65384,29260,2432827,0,99,7,0,0,14:33:5C:6D:AF:58,0,1,ARMED,448.0,0,0,80:02:9C:61:97:4B,1,249,2537.9,80:02:9C:61:97:4A,4,0,NONE,2026-08-24T15:49:43.081990
45917,,-54,43,159,240,65384,29260,2432855,0,99,7,0,0,14:33:5C:6D:AF:58,0,1,ARMED,448.0,0,1,80:02:9C:61:97:4B,1,49,1892.7,80:02:9C:61:97:4A,4,0,NONE,2026-08-24T15:49:43.109990
45917,,-54,43,267,277,65384,29260,2432884,0,99,7,0,0,14:33:5C:6D:AF:58,0,1,ARMED,448.0,0,0,80:02:9C:61:97:4B,1,99,1801.4,80:02:9C:61:97:4A,4,0,NONE,2026-08-24T15:49:43.138990
45917,,-57,40,0,1781,65384,29260,2432899,0,99,7,0,0,14:33:5C:6D:AF:58,0,1,ARMED,448.0,0,0,80:02:9C:61:97:4B,1,149,2153.5,80:02:9C:61:97:4A,4,0,NONE,2026-08-24T15:49:43.153990
45917,,-73,24,412,589,65384,29260,2432918,0,99,7,0,0,14:33:5C:6D:AF:58,0,1,ARMED,448.0,0,1,80:02:9C:61:97:4B,1,199,2244.6,80:02:9C:61:97:4A,4,0,NONE,2026-08-24T15:49:43.172990
45917,,-54,43,267,332,65384,29260,2432931,0,99,7,0,0,14:33:5C:6D:AF:58,0,1,ARMED,448.0,0,0,80:02:9C:61:97:4B,1,5,4068.3,80:02:9C:61:97:4A,4,0,NONE,2026-08-24T15:49:43.185990
45917,,-54,43,267,332,65384,29260,2432931,0,99,7,0,0,14:33:5C:6D:AF:58,0,1,ARMED,448.0,0,0,80:02:9C:61:97:4B,1,5,4068.3,80:02:9C:61:97:4A,4,0,NONE,2026-08-24T15:49:43.185990
45917,,-54,43,683,346,65384,29260,2432955,0,99,7,0,0,14:33:5C:6D:AF:58,0,1,ARMED,448.0,0,0,80:02:9C:61:97:4B,1,55,2225.5,80:02:9C:61:97:4A,4,0,NONE,2026-08-24T15:49:43.209990
45917,,-54,43,271,377,65384,29260,2432977,0,99,7,0,0,14:33:5C:6D:AF:58,0,1,ARMED,448.0,0,1,80:02:9C:61:97:4B,1,105,2239.2,80:02:9C:61:97:4A,4,0,NONE,2026-08-24T15:49:43.231990
45917,,-73,24,0,627,65384,29260,2432997,0,99,7,0,0,14:33:5C:6D:AF:58,0,1,ARMED,448.0,0,1,80:02:9C:61:97:4B,1,155,2303.2,80:02:9C:61:97:4A,4,0,NONE,2026-08-24T15:49:43.251990
45917,,-54,43,302,432,65384,29260,2433013,0,99,7,0,0,14:33:5C:6D:AF:58,0,1,ARMED,448.0,0,0,80:02:9C:61:97:4B,1,205,2465.9,80:02:9C:61:97:4A,4,0,NONE,2026-08-24T15:49:43.267990
45917,,-54,43,267,458,65384,29260,2433033,0,99,7,0,0,14:33:5C:6D:AF:58,0,1,ARMED,448.0,0,0,80:02:9C:61:97:4B,1,40,12915.7,80:02:9C:61:97:4A,4,0,NONE,2026-08-24T15:49:43.287990
45917,,-54,43,752,477,65384,29260,2433060,0,99,7,0,0,14:33:5C:6D:AF:58,0,1,ARMED,448.0,0,0,80:02:9C:61:97:4B,1,90,2971.9,80:02:9C:61:97:4A,4,0,NONE,2026-08-24T15:49:43.314990
45917,,-74,23,0,662,65384,29260,2433089,0,99,7,0,0,14:33:5C:6D:AF:58,0,1,ARMED,448.0,0,0,80:02:9C:61:97:4B,1,140,2357.1,80:02:9C:61:97:4A,4,0,NONE,2026-08-24T15:49:43.343990
45917,,-74,23,0,668,64724,29260,2433100,0,99,7,0,0,14:33:5C:6D:AF:58,0,1,ARMED,448.0,0,0,80:02:9C:61:97:4B,1,190,2689.9,80:02:9C:61:97:4A,4,0,NONE,2026-08-24T15:49:43.354990
45917,,-74,23,0,678,65384,29260,2433120,0,99,7,0,0,14:33:5C:6D:AF:58,0,1,ARMED,448.0,0,0,80:02:9C:61:97:4B,1,240,2658.8,80:02:9C:61:97:4A,4,0,NONE,2026-08-24T15:49:43.374990
45917,,-54,43,250,568,65384,29260,2433137,0,99,7,0,0,14:33:5C:6D:AF:58,0,1,ARMED,448.0,0,0,80:02:9C:61:97:4B,1,25,4625.3,80:02:9C:61:97:4A,4,0,NONE,2026-08-24T15:49:43.391990
45917,,-54,43,250,599,65384,29260,2433172,0,99,7,0,0,14:33:5C:6D:AF:58,0,1,ARMED,448.0,0,0,80:02:9C:61:97:4B,1,75,1844.6,80:02:9C:61:97:4A,4,0,NONE,2026-08-24T15:49:43.426990
45917,,-74,23,401,704,65384,29260,2433190,0,99,7,0,0,14:33:5C:6D:AF:58,0,1,ARMED,448.0,0,1,80:02:9C:61:97:4B,1,125,2113.4,80:02:9C:61:97:4A,4,0,NONE,2026-08-24T15:49:43.444990
45917,,-54,43,511,648,65384,29260,2433217,0,99,7,0,0,14:33:5C:6D:AF:58,0,1,ARMED,448.0,0,0,80:02:9C:61:97:4B,1,175,2040.5,80:02:9C:61:97:4A,4,0,NONE,2026-08-24T15:49:43.471990
45917,,-54,43,250,666,65384,29260,2433239,0,99,7,0,0,14:33:5C:6D:AF:58,0,1,ARMED,448.0,0,0,80:02:9C:61:97:4B,1,25,3327.6,80:02:9C:61:97:4A,4,0,NONE,2026-08-24T15:49:43.493990
45917,,-74,23,0,723,65384,29260,2433259,0,99,7,0,0,14:33:5C:6D:AF:58,0,1,ARMED,448.0,0,0,80:02:9C:61:97:4B,1,75,2715.6,80:02:9C:61:97:4A,4,0,NONE,2026-08-24T15:49:43.513990
45917,,-74,23,0,733,63936,29260,2433289,0,99,7,0,0,14:33:5C:6D:AF:58,0,1,ARMED,448.0,0,0,80:02:9C:61:97:4B,1,125,2180.7,80:02:9C:61:97:4A,4,0,NONE,2026-08-24T15:49:43.543990
45917,,-74,23,3670,3166,65384,29260,2433318,0,99,7,0,0,14:33:5C:6D:AF:58,0,1,ARMED,448.0,0,1,80:02:9C:61:97:4B,1,175,2030.0,80:02:9C:61:97:4A,4,0,NONE,2026-08-24T15:49:43.572990
45917,,-54,43,249,775,65384,29260,2433335,0,99,7,0,0,14:33:5C:6D:AF:58,0,1,ARMED,448.0,0,0,80:02:9C:61:97:4B,1,13,3776.9,80:02:9C:61:97:4A,4,0,NONE,2026-08-24T15:49:43.589990
45917,,-54,43,250,802,64740,29260,2433367,0,99,7,0,0,14:33:5C:6D:AF:58,0,1,ARMED,448.0,0,0,80:02:9C:61:97:4B,1,63,1769.7,80:02:9C:61:97:4A,4,0,NONE,2026-08-24T15:49:43.621990
45917,,-73,24,271,775,65384,29260,2433387,0,99,7,0,0,14:33:5C:6D:AF:58,0,1,ARMED,448.0,0,0,80:02:9C:61:97:4B,1,113,2039.6,80:02:9C:61:97:4A,4,0,NONE,2026-08-24T15:49:43.641990
45917,,-54,43,250,869,65384,29260,2433406,0,99,7,0,0,14:33:5C:6D:AF:58,0,1,ARMED,448.0,0,0,80:02:9C:61:97:4B,1,163,2173.3,80:02:9C:61:97:4A,4,0,NONE,2026-08-24T15:49:43.660990
45917,,-54,43,1527,898,65384,29260,2433430,0,99,7,0,0,14:33:5C:6D:AF:58,0,1,ARMED,448.0,0,1,80:02:9C:61:97:4B,1,213,2158.8,80:02:9C:61:97:4A,4,0,NONE,2026-08-24T15:49:43.684990
45917,,-54,43,250,923,65384,29260,2433450,0,99,7,0,0,14:33:5C:6D:AF:58,0,1,ARMED,448.0,0,1,80:02:9C:61:97:4B,1,49,12908.3,80:02:9C:61:97:4A,4,0,NONE,2026-08-24T15:49:43.704990
45917,,-54,43,251,956,65384,29260,2433467,0,99,7,0,0,14:33:5C:6D:AF:58,0,1,ARMED,448.0,0,0,80:02:9C:61:97:4B,1,99,4656.9,80:02:9C:61:97:4A,4,0,NONE,2026-08-24T15:49:43.721990
45917,,-54,43,0,2086,65384,29260,2433490,0,99,7,0,0,14:33:5C:6D:AF:58,0,1,ARMED,448.0,0,1,80:02:9C:61:97:4B,1,149,3405.6,80:02:9C:61:97:4A,4,0,NONE,2026-08-24T15:49:43.744990
45917,,-54,43,250,1018,65384,29260,2433503,0,99,7,0,0,14:33:5C:6D:AF:58,0,1,ARMED,448.0,0,0,80:02:9C:61:97:4B,1,199,3502.2,80:02:9C:61:97:4A,4,0,NONE,2026-08-24T15:49:43.757990
45917,,-73,24,0,837,63956,29260,2433533,0,99,7,0,0,14:33:5C:6D:AF:58,0,1,ARMED,448.0,0,0,80:02:9C:61:97:4B,1,249,2870.4,80:02:9C:61:97:4A,4,0,NONE,2026-08-24T15:49:43.787990
45917,,-54,43,250,1067,65384,29260,2433549,0,99,7,0,0,14:33:5C:6D:AF:58,0,1,ARMED,448.0,0,0,80:02:9C:61:97:4B,1,11,3827.4,80:02:9C:61:97:4A,4,0,NONE,2026-08-24T15:49:43.803990
45917,,-54,43,379,1089,65384,29260,2433579,0,99,7,0,0,14:33:5C:6D:AF:58,0,1,ARMED,448.0,0,0,80:02:9C:61:97:4B,1,61,1887.3,80:02:9C:61:97:4A,4,0,NONE,2026-08-24T15:49:43.833990
45917,,-54,43,250,1114,65384,29260,2433596,0,99,7,0,0,14:33:5C:6D:AF:58,0,1,ARMED,448.0,0,0,80:02:9C:61:97:4B,1,111,2228.8,80:02:9C:61:97:4A,4,0,NONE,2026-08-24T15:49:43.850990
45917,,-54,43,250,1144,63956,29260,2433616,0,99,7,0,0,14:33:5C:6D:AF:58,0,1,ARMED,448.0,0,0,80:02:9C:61:97:4B,1,161,2313.7,80:02:9C:61:97:4A,4,0,NONE,2026-08-24T15:49:43.870990
45917,,-54,43,404,1181,65384,29260,2433628,0,99,7,0,0,14:33:5C:6D:AF:58,0,1,ARMED,448.0,0,0,80:02:9C:61:97:4B,1,211,2598.7,80:02:9C:61:97:4A,4,0,NONE,2026-08-24T15:49:43.882990
45917,,-54,43,249,1207,65384,29260,2433647,0,99,7,0,0,14:33:5C:6D:AF:58,0,1,ARMED,448.0,0,0,80:02:9C:61:97:4B,1,11,10721.2,80:02:9C:61:97:4A,4,0,NONE,2026-08-24T15:49:43.901990
45917,,-74,23,296,897,65368,29260,2433670,0,99,7,0,0,14:33:5C:6D:AF:58,0,1,ARMED,448.0,0,0,80:02:9C:61:97:4B,1,61,2614.2,80:02:9C:61:97:4A,4,0,NONE,2026-08-24T15:49:43.924990
45917,,-54,43,249,1266,65384,29260,2433690,0,99,7,0,0,14:33:5C:6D:AF:58,0,1,ARMED,448.0,0,0,80:02:9C:61:97:4B,1,111,2567.5,80:02:9C:61:97:4A,4,0,NONE,2026-08-24T15:49:43.944990
45917,,-54,43,250,1287,65384,29260,2433713,0,99,7,0,0,14:33:5C:6D:AF:58,0,1,ARMED,448.0,0,0,80:02:9C:61:97:4B,1,161,2415.9,80:02:9C:61:97:4A,4,0,NONE,2026-08-24T15:49:43.967990
45917,,-54,43,798,1327,63956,29260,2433743,0,99,7,0,0,14:33:5C:6D:AF:58,0,1,ARMED,448.0,0,0,80:02:9C:61:97:4B,1,211,2175.2,80:02:9C:61:97:4A,4,0,NONE,2026-08-24T15:49:43.997990
45917,,-73,24,392,932,65384,29260,2433751,0,99,7,0,0,14:33:5C:6D:AF:58,0,1,ARMED,448.0,0,1,80:02:9C:61:97:4B,1,41,9449.2,80:02:9C:61:97:4A,4,0,NONE,2026-08-24T15:49:44.005990
45917,,-54,43,204,1381,65384,29260,2433774,0,99,7,0,0,14:33:5C:6D:AF:58,0,1,ARMED,448.0,0,1,80:02:9C:61:97:4B,1,91,3344.2,80:02:9C:61:97:4A,4,0,NONE,2026-08-24T15:49:44.028990
45917,,-54,43,250,1415,65384,29260,2433789,0,99,7,0,0,14:33:5C:6D:AF:58,0,1,ARMED,448.0,0,0,80:02:9C:61:97:4B,1,141,3288.3,80:02:9C:61:97:4A,4,0,NONE,2026-08-24T15:49:44.043990
45917,,-55,42,809,1451,65384,29260,2433814,0,99,7,0,0,14:33:5C:6D:AF:58,0,1,ARMED,448.0,0,0,80:02:9C:61:97:4B,1,191,2839.6,80:02:9C:61:97:4A,4,0,NONE,2026-08-24T15:49:44.068990
45917,,-54,43,250,1487,65384,29260,2433828,0,99,7,0,0,14:33:5C:6D:AF:58,0,1,ARMED,448.0,0,0,80:02:9C:61:97:4B,1,241,2953.1,80:02:9C:61:97:4A,4,0,NONE,2026-08-24T15:49:44.082990
45917,,-74,23,0,972,64632,29260,2433851,0,99,7,0,0,14:33:5C:6D:AF:58,0,1,ARMED,448.0,0,0,80:02:9C:61:97:4B,1,14,3191.2,80:02:9C:61:97:4A,4,0,NONE,2026-08-24T15:49:44.105990
45917,,-54,43,250,1532,65384,29260,2433877,0,99,7,0,0,14:33:5C:6D:AF:58,0,1,ARMED,448.0,0,0,80:02:9C:61:97:4B,1,64,2118.9,80:02:9C:61:97:4A,4,0,NONE,2026-08-24T15:49:44.131990
45917,,-55,42,987,1569,65384,29260,2433896,0,99,7,0,0,14:33:5C:6D:AF:58,0,1,ARMED,448.0,0,0,80:02:9C:61:97:4B,1,114,2283.9,80:02:9C:61:97:4A,4,0,NONE,2026-08-24T15:49:44.150990
45917,,-54,43,250,1599,65384,29260,2433911,0,99,7,0,0,14:33:5C:6D:AF:58,0,1,ARMED,448.0,0,0,80:02:9C:61:97:4B,1,164,2549.7,80:02:9C:61:97:4A,4,0,NONE,2026-08-24T15:49:44.165990
45917,,-54,43,250,1633,65384,29260,2433939,0,99,7,0,0,14:33:5C:6D:AF:58,0,1,ARMED,448.0,0,0,80:02:9C:61:97:4B,1,214,2309.0,80:02:9C:61:97:4A,4,0,NONE,2026-08-24T15:49:44.193990
45917,,-74,23,3107,3218,65384,29260,2434078,0,99,7,0,0,14:33:5C:6D:AF:58,0,1,ARMED,448.0,0,1,80:02:9C:61:97:4B,1,6,472.6,80:02:9C:61:97:4A,4,0,NONE,2026-08-24T15:49:44.332990
45917,,-54,43,523,1648,65384,29260,2434186,0,99,7,0,0,14:33:5C:6D:AF:58,0,1,ARMED,448.0,0,0,80:02:9C:61:97:4B,1,13,835.5,80:02:9C:61:97:4A,4,0,NONE,2026-08-24T15:49:44.440990
45917,,-74,23,3425,3248,65384,29260,2434333,0,99,7,0,0,14:33:5C:6D:AF:58,0,1,ARMED,448.0,0,0,80:02:9C:61:97:4B,1,27,448.6,80:02:9C:61:97:4A,4,0,NONE,2026-08-24T15:49:44.587990
45917,,-55,42,243,1661,65384,29260,2434483,0,99,7,0,0,14:33:5C:6D:AF:58,0,1,ARMED,448.0,0,0,80:02:9C:61:97:4B,1,6,1228.2,80:02:9C:61:97:4A,4,0,NONE,2026-08-24T15:49:44.737990
45917,,43,43,0,1023,65384,29260,2434606,0,99,7,0,0,14:33:5C:6D:AF:58,0,1,ARMED,448.0,0,0,80:02:9C:61:97:4B,1,11,410.5,80:02:9C:61:97:4A,4,0,NONE,2026-08-24T15:49:44.860990
45917,,-55,42,0,1673,65384,29260,2434715,0,99,7,0,0,14:33:5C:6D:AF:58,0,1,ARMED,448.0,0,0,80:02:9C:61:97:4B,1,17,503.0,80:02:9C:61:97:4A,4,0,NONE,2026-08-24T15:49:44.969990
45917,,42,42,0,1677,65384,29260,2434818,0,99,7,0,0,14:33:5C:6D:AF:58,0,1,ARMED,448.0,0,0,80:02:9C:61:97:4B,1,19,534.2,80:02:9C:61:97:4A,4,0,NONE,2026-08-24T15:49:45.072990
45917,,-54,43,424,1686,65384,29260,2434963,0,99,7,0,0,14:33:5C:6D:AF:58,0,1,ARMED,448.0,0,0,80:02:9C:61:97:4B,1,24,319.8,80:02:9C:61:97:4A,4,0,NONE,2026-08-24T15:49:45.217990
45917,,-54,43,250,1713,65384,29260,2435009,0,99,7,0,0,14:33:5C:6D:AF:58,0,1,ARMED,448.0,0,0,80:02:9C:61:97:4B,1,21,1022.5,80:02:9C:61:97:4A,4,0,NONE,2026-08-24T15:49:45.263990
45917,,-75,22,0,3301,65384,29260,2435093,0,99,7,0,0,14:33:5C:6D:AF:58,0,1,ARMED,448.0,0,0,80:02:9C:61:97:4B,1,3,727.6,80:02:9C:61:97:4A,4,0,NONE,2026-08-24T15:49:45.347990
45917,,-58,39,292,1827,65384,29260,2435172,0,99,7,0,0,14:33:5C:6D:AF:58,0,1,ARMED,448.0,0,0,80:02:9C:61:97:4B,1,53,635.5,80:02:9C:61:97:4A,4,0,NONE,2026-08-24T15:49:45.426990
45917,,-73,24,9597,1095,65384,29260,2435320,0,99,7,0,0,14:33:5C:6D:AF:58,0,1,ARMED,448.0,0,1,80:02:9C:61:97:4B,1,13,491.7,80:02:9C:61:97:4A,4,0,NONE,2026-08-24T15:49:45.574990
45917,,-54,43,195,1760,65384,29260,2435347,0,99,7,0,0,14:33:5C:6D:AF:58,0,1,ARMED,448.0,0,1,80:02:9C:61:97:4B,1,63,1161.4,80:02:9C:61:97:4A,4,0,NONE,2026-08-24T15:49:45.601990
45917,,-74,23,384,1113,65384,29260,2435371,0,99,7,0,0,14:33:5C:6D:AF:58,0,1,ARMED,448.0,0,1,80:02:9C:61:97:4B,1,113,1459.3,80:02:9C:61:97:4A,4,0,NONE,2026-08-24T15:49:45.625990
45917,,-54,43,250,1806,65384,29260,2435389,0,99,7,0,0,14:33:5C:6D:AF:58,0,1,ARMED,448.0,0,0,80:02:9C:61:97:4B,1,163,1697.6,80:02:9C:61:97:4A,4,0,NONE,2026-08-24T15:49:45.643990
45917,,-54,43,250,1827,65384,29260,2435427,0,99,7,0,0,14:33:5C:6D:AF:58,0,1,ARMED,448.0,0,0,80:02:9C:61:97:4B,1,49,2217.0,80:02:9C:61:97:4A,4,0,NONE,2026-08-24T15:49:45.681990
45917,,-74,23,583,1138,65384,29260,2435444,0,99,7,0,0,14:33:5C:6D:AF:58,0,1,ARMED,448.0,0,0,80:02:9C:61:97:4B,1,99,2540.7,80:02:9C:61:97:4A,4,0,NONE,2026-08-24T15:49:45.698990
45917,,-54,43,265,1886,65384,29260,2435470,0,99,7,0,0,14:33:5C:6D:AF:58,0,1,ARMED,448.0,0,0,80:02:9C:61:97:4B,1,149,2289.8,80:02:9C:61:97:4A,4,0,NONE,2026-08-24T15:49:45.724990
45917,,-73,24,159,1154,64732,29260,2435491,0,99,7,0,0,14:33:5C:6D:AF:58,0,1,ARMED,448.0,0,0,80:02:9C:61:97:4B,1,199,2323.1,80:02:9C:61:97:4A,4,0,NONE,2026-08-24T15:49:45.745990
45917,,-94,3,2155,1657,65384,29260,2435519,0,99,7,0,0,14:33:5C:6D:AF:58,0,1,ARMED,448.0,0,1,80:02:9C:61:97:4B,1,49,15165.6,80:02:9C:61:97:4A,4,0,NONE,2026-08-24T15:49:45.773990
45917,,-54,43,250,1974,65384,29260,2435539,0,99,7,0,0,14:33:5C:6D:AF:58,0,1,ARMED,448.0,0,0,80:02:9C:61:97:4B,1,99,4272.8,80:02:9C:61:97:4A,4,0,NONE,2026-08-24T15:49:45.793990
45917,,-54,43,250,2012,65384,29260,2435563,0,99,7,0,0,14:33:5C:6D:AF:58,0,1,ARMED,448.0,0,0,80:02:9C:61:97:4B,1,149,3198.7,80:02:9C:61:97:4A,4,0,NONE,2026-08-24T15:49:45.817990
45917,,-54,43,250,2043,65384,29260,2435575,0,99,7,0,0,14:33:5C:6D:AF:58,0,1,ARMED,448.0,0,0,80:02:9C:61:97:4B,1,199,3364.4,80:02:9C:61:97:4A,4,0,NONE,2026-08-24T15:49:45.829990
45917,,-74,23,0,1196,65384,29260,2435596,0,99,7,0,0,14:33:5C:6D:AF:58,0,1,ARMED,448.0,0,0,80:02:9C:61:97:4B,1,249,3126.2,80:02:9C:61:97:4A,4,0,NONE,2026-08-24T15:49:45.850990
45917,,-73,24,275,1206,65384,29260,2435620,0,99,7,0,0,14:33:5C:6D:AF:58,0,1,ARMED,448.0,0,1,80:02:9C:61:97:4B,1,2,686.6,80:02:9C:61:97:4A,4,0,NONE,2026-08-24T15:49:45.874990
45917,,-74,23,0,1214,65384,29260,2435640,0,99,7,0,0,14:33:5C:6D:AF:58,0,1,ARMED,448.0,0,0,80:02:9C:61:97:4B,1,52,2245.6,80:02:9C:61:97:4A,4,0,NONE,2026-08-24T15:49:45.894990
45917,,-54,43,250,2134,65336,29260,2435653,0,99,7,0,0,14:33:5C:6D:AF:58,0,1,ARMED,448.0,0,0,80:02:9C:61:97:4B,1,102,2854.7,80:02:9C:61:97:4A,4,0,NONE,2026-08-24T15:49:45.907990
45917,,-54,43,531,2157,65384,29260,2435674,0,99,7,0,0,14:33:5C:6D:AF:58,0,1,ARMED,448.0,0,0,80:02:9C:61:97:4B,1,152,2680.4,80:02:9C:61:97:4A,4,0,NONE,2026-08-24T15:49:45.928990
45917,,-54,43,249,2174,65384,29260,2435694,0,99,7,0,0,14:33:5C:6D:AF:58,0,1,ARMED,448.0,0,0,80:02:9C:61:97:4B,1,202,2628.3,80:02:9C:61:97:4A,4,0,NONE,2026-08-24T15:49:45.948990
45917,,-73,24,0,1244,65384,29260,2435723,0,99,7,0,0,14:33:5C:6D:AF:58,0,1,ARMED,448.0,0,0,80:02:9C:61:97:4B,1,49,12638.6,80:02:9C:61:97:4A,4,0,NONE,2026-08-24T15:49:45.977990
45917,,-55,42,798,2233,64740,29260,2435729,0,99,7,0,0,14:33:5C:6D:AF:58,0,1,ARMED,448.0,0,0,80:02:9C:61:97:4B,1,99,9700.2,80:02:9C:61:97:4A,4,0,NONE,2026-08-24T15:49:45.983990
45917,,-54,43,250,2263,63956,29260,2435749,0,99,7,0,0,14:33:5C:6D:AF:58,0,1,ARMED,448.0,0,0,80:02:9C:61:97:4B,1,149,4951.8,80:02:9C:61:97:4A,4,0,NONE,2026-08-24T15:49:46.003990
45917,,-54,43,250,2299,65384,29260,2435762,0,99,7,0,0,14:33:5C:6D:AF:58,0,1,ARMED,448.0,0,0,80:02:9C:61:97:4B,1,199,4593.1,80:02:9C:61:97:4A,4,0,NONE,2026-08-24T15:49:46.016990
45917,,-54,43,666,2324,65384,29260,2435784,0,99,7,0,0,14:33:5C:6D:AF:58,0,1,ARMED,448.0,0,0,80:02:9C:61:97:4B,1,249,3817.8,80:02:9C:61:97:4A,4,0,NONE,2026-08-24T15:49:46.038990
45917,,-54,43,250,2349,65384,29260,2435800,0,99,7,0,0,14:33:5C:6D:AF:58,0,1,ARMED,448.0,0,0,80:02:9C:61:97:4B,1,299,3702.1,80:02:9C:61:97:4A,4,0,NONE,2026-08-24T15:49:46.054990
45917,,-74,23,0,1296,64740,29260,2435824,0,99,7,0,0,14:33:5C:6D:AF:58,0,0,ARMED,448.0,0,0,80:02:9C:61:97:4B,1,11,2501.7,80:02:9C:61:97:4A,4,0,NONE,2026-08-24T15:49:46.078990
45917,,-54,43,915,2408,65384,29260,2435844,0,99,7,0,0,14:33:5C:6D:AF:58,0,0,ARMED,448.0,0,0,80:02:9C:61:97:4B,1,61,2599.4,80:02:9C:61:97:4A,4,0,NONE,2026-08-24T15:49:46.098990
45917,,-54,43,226,2429,65384,29260,2435863,0,99,7,0,0,14:33:5C:6D:AF:58,0,0,ARMED,448.0,0,1,80:02:9C:61:97:4B,1,111,2575.6,80:02:9C:61:97:4A,4,0,NONE,2026-08-24T15:49:46.117990
45917,,-74,23,0,1325,65384,29260,2435873,0,99,7,0,0,14:33:5C:6D:AF:58,0,0,ARMED,448.0,0,0,80:02:9C:61:97:4B,1,161,3059.1,80:02:9C:61:97:4A,4,0,NONE,2026-08-24T15:49:46.127990
45917,,-54,43,249,2486,65384,29260,2435901,0,99,7,0,0,14:33:5C:6D:AF:58,0,0,ARMED,448.0,0,0,80:02:9C:61:97:4B,1,211,2590.6,80:02:9C:61:97:4A,4,0,NONE,2026-08-24T15:49:46.155990
45917,,-55,42,374,2512,65384,29260,2435913,0,99,7,0,0,14:33:5C:6D:AF:58,0,0,ARMED,448.0,0,0,80:02:9C:61:97:4B,1,261,2792.5,80:02:9C:61:97:4A,4,0,NONE,2026-08-24T15:49:46.167990
45917,,-54,43,366,2535,65384,29260,2435939,0,99,7,0,0,14:33:5C:6D:AF:58,0,1,ARMED,448.0,0,1,80:02:9C:61:97:4B,1,49,5658.2,80:02:9C:61:97:4A,4,0,NONE,2026-08-24T15:49:46.193990
45917,,-54,43,250,2568,65384,29260,2435954,0,99,7,0,0,14:33:5C:6D:AF:58,0,1,ARMED,448.0,0,0,80:02:9C:61:97:4B,1,99,4180.0,80:02:9C:61:97:4A,4,0,NONE,2026-08-24T15:49:46.208990
45917,,-54,43,845,2589,65384,29260,2435976,0,99,7,0,0,14:33:5C:6D:AF:58,0,1,ARMED,448.0,0,0,80:02:9C:61:97:4B,1,149,3203.5,80:02:9C:61:97:4A,4,0,NONE,2026-08-24T15:49:46.230990
45917,,-54,43,249,2603,65384,29260,2435995,0,99,7,0,0,14:33:5C:6D:AF:58,0,1,ARMED,448.0,0,0,80:02:9C:61:97:4B,1,199,3075.1,80:02:9C:61:97:4A,4,0,NONE,2026-08-24T15:49:46.249990
45917,,-54,43,250,2625,65384,29260,2436014,0,99,7,0,0,14:33:5C:6D:AF:58,0,1,ARMED,448.0,0,0,80:02:9C:61:97:4B,1,249,2967.8,80:02:9C:61:97:4A,4,0,NONE,2026-08-24T15:49:46.268990
45917,,-54,43,250,2641,65384,29260,2436031,0,99,7,0,0,14:33:5C:6D:AF:58,0,1,ARMED,448.0,0,0,80:02:9C:61:97:4B,1,5,3811.0,80:02:9C:61:97:4A,4,0,NONE,2026-08-24T15:49:46.285990
45917,,-54,43,399,3251,65368,29260,2436052,0,99,7,0,0,14:33:5C:6D:AF:58,0,1,ARMED,448.0,0,1,80:02:9C:61:97:4B,1,55,2464.9,80:02:9C:61:97:4A,4,0,NONE,2026-08-24T15:49:46.306990
45917,,-54,43,779,2696,65384,29260,2436066,0,99,7,0,0,14:33:5C:6D:AF:58,0,1,ARMED,448.0,0,0,80:02:9C:61:97:4B,1,105,2951.7,80:02:9C:61:97:4A,4,0,NONE,2026-08-24T15:49:46.320990
45917,,-54,43,250,2728,65384,29260,2436094,0,99,7,0,0,14:33:5C:6D:AF:58,0,1,ARMED,448.0,0,0,80:02:9C:61:97:4B,1,155,2427.9,80:02:9C:61:97:4A,4,0,NONE,2026-08-24T15:49:46.348990
45917,,-54,43,250,2758,65384,29260,2436101,0,99,7,0,0,14:33:5C:6D:AF:58,0,1,ARMED,448.0,0,0,80:02:9C:61:97:4B,1,205,2904.6,80:02:9C:61:97:4A,4,0,NONE,2026-08-24T15:49:46.355990
45917,,-55,42,820,2789,65384,29260,2436121,0,99,7,0,0,14:33:5C:6D:AF:58,0,1,ARMED,448.0,0,0,80:02:9C:61:97:4B,1,255,2805.7,80:02:9C:61:97:4A,4,0,NONE,2026-08-24T15:49:46.375990
45917,,-55,42,415,2811,65384,29260,2436138,0,99,7,0,0,14:33:5C:6D:AF:58,0,1,ARMED,448.0,0,0,80:02:9C:61:97:4B,1,27,3547.5,80:02:9C:61:97:4A,4,0,NONE,2026-08-24T15:49:46.392990
45917,,-54,43,251,2839,65088,29260,2436158,0,99,7,0,0,14:33:5C:6D:AF:58,0,1,ARMED,448.0,0,0,80:02:9C:61:97:4B,1,77,2782.6,80:02:9C:61:97:4A,4,0,NONE,2026-08-24T15:49:46.412990
45917,,-74,23,178,1455,64740,29260,2436166,0,99,7,0,0,14:33:5C:6D:AF:58,0,1,ARMED,448.0,0,0,80:02:9C:61:97:4B,1,127,3520.5,80:02:9C:61:97:4A,4,0,NONE,2026-08-24T15:49:46.420990
45917,,-73,24,0,1466,65384,29260,2436186,0,99,7,0,0,14:33:5C:6D:AF:58,0,1,ARMED,448.0,0,0,80:02:9C:61:97:4B,1,177,3194.4,80:02:9C:61:97:4A,4,0,NONE,2026-08-24T15:49:46.440990
45917,,-54,43,700,2923,65384,29260,2436201,0,99,7,0,0,14:33:5C:6D:AF:58,0,1,ARMED,448.0,0,0,80:02:9C:61:97:4B,1,227,3221.4,80:02:9C:61:97:4A,4,0,NONE,2026-08-24T15:49:46.455990
45917,,-73,24,199,1482,65384,29260,2436220,0,99,7,0,0,14:33:5C:6D:AF:58,0,1,ARMED,448.0,0,0,80:02:9C:61:97:4B,1,277,3075.0,80:02:9C:61:97:4A,4,0,NONE,2026-08-24T15:49:46.474990
45917,,-73,24,199,1482,65384,29260,2436220,0,99,7,0,0,14:33:5C:6D:AF:58,0,1,ARMED,448.0,0,0,80:02:9C:61:97:4B,1,277,3075.0,80:02:9C:61:97:4A,4,0,NONE,2026-08-24T15:49:46.474990
45917,,-54,43,250,2966,65384,29260,2436235,0,99,7,0,0,14:33:5C:6D:AF:58,0,1,ARMED,448.0,0,0,80:02:9C:61:97:4B,1,19,4124.2,80:02:9C:61:97:4A,4,0,NONE,2026-08-24T15:49:46.489990
45917,,-74,23,293,1499,65384,29260,2436264,0,99,7,0,0,14:33:5C:6D:AF:58,0,1,ARMED,448.0,0,0,80:02:9C:61:97:4B,1,69,2052.5,80:02:9C:61:97:4A,4,0,NONE,2026-08-24T15:49:46.518990
45917,,-54,43,250,3023,65384,29260,2436270,0,99,7,0,0,14:33:5C:6D:AF:58,0,1,ARMED,448.0,0,0,80:02:9C:61:97:4B,1,119,2970.6,80:02:9C:61:97:4A,4,0,NONE,2026-08-24T15:49:46.524990
45917,,-54,43,250,3043,65384,29260,2436293,0,99,7,0,0,14:33:5C:6D:AF:58,0,1,ARMED,448.0,0,0,80:02:9C:61:97:4B,1,169,2669.8,80:02:9C:61:97:4A,4,0,NONE,2026-08-24T15:49:46.547990
45917,,-54,43,119,3067,65384,29260,2436310,0,99,7,0,0,14:33:5C:6D:AF:58,0,1,ARMED,448.0,0,1,80:02:9C:61:97:4B,1,219,2726.0,80:02:9C:61:97:4A,4,0,NONE,2026-08-24T15:49:46.564990
45917,,-74,23,0,1525,65384,29260,2436330,0,99,7,0,0,14:33:5C:6D:AF:58,0,1,ARMED,448.0,0,0,80:02:9C:61:97:4B,1,269,2688.4,80:02:9C:61:97:4A,4,0,NONE,2026-08-24T15:49:46.584990
45917,,-54,43,250,3116,65384,29260,2436347,0,99,7,0,0,14:33:5C:6D:AF:58,0,1,ARMED,448.0,0,0,80:02:9C:61:97:4B,1,49,3954.8,80:02:9C:61:97:4A,4,0,NONE,2026-08-24T15:49:46.601990
45917,,-73,24,149,1541,65384,29260,2436367,0,99,7,0,0,14:33:5C:6D:AF:58,0,1,ARMED,448.0,0,0,80:02:9C:61:97:4B,1,99,3051.7,80:02:9C:61:97:4A,4,0,NONE,2026-08-24T15:49:46.621990
45917,,-54,43,195,3160,65384,29260,2436377,0,99,7,0,0,14:33:5C:6D:AF:58,0,1,ARMED,448.0,0,1,80:02:9C:61:97:4B,1,149,3471.9,80:02:9C:61:97:4A,4,0,NONE,2026-08-24T15:49:46.631990
45917,,-75,22,0,1554,65384,29260,2436406,0,99,7,0,0,14:33:5C:6D:AF:58,0,1,ARMED,448.0,0,0,80:02:9C:61:97:4B,1,199,2784.9,80:02:9C:61:97:4A,4,0,NONE,2026-08-24T15:49:46.660990
45917,,-54,43,313,3205,65384,29260,2436438,0,99,7,0,0,14:33:5C:6D:AF:58,0,1,ARMED,448.0,0,0,80:02:9C:61:97:4B,1,9,3737.5,80:02:9C:61:97:4A,4,0,NONE,2026-08-24T15:49:46.692990
45917,,-54,43,250,3240,63952,29260,2436467,0,99,7,0,0,14:33:5C:6D:AF:58,0,1,ARMED,448.0,0,0,80:02:9C:61:97:4B,1,59,1867.1,80:02:9C:61:97:4A,4,0,NONE,2026-08-24T15:49:46.721990
45917,,-54,43,250,3276,65192,29260,2436474,0,99,7,0,0,14:33:5C:6D:AF:58,0,1,ARMED,448.0,0,0,80:02:9C:61:97:4B,1,109,2872.3,80:02:9C:61:97:4A,4,0,NONE,2026-08-24T15:49:46.728990
45917,,-54,43,250,3298,65364,29260,2436494,0,99,7,0,0,14:33:5C:6D:AF:58,0,1,ARMED,448.0,0,0,80:02:9C:61:97:4B,1,159,2745.5,80:02:9C:61:97:4A,4,0,NONE,2026-08-24T15:49:46.748990
45917,,-74,23,0,3398,65384,29260,2436510,0,99,7,0,0,14:33:5C:6D:AF:58,0,1,ARMED,448.0,0,1,80:02:9C:61:97:4B,1,209,2813.2,80:02:9C:61:97:4A,4,0,NONE,2026-08-24T15:49:46.764990
45917,,-74,23,290,3401,65384,29260,2436530,0,99,7,0,0,14:33:5C:6D:AF:58,0,1,ARMED,448.0,0,0,80:02:9C:61:97:4B,1,259,2737.0,80:02:9C:61:97:4A,4,0,NONE,2026-08-24T15:49:46.784990
45917,,-55,42,466,3364,65384,29260,2436556,0,99,7,0,0,14:33:5C:6D:AF:58,0,1,ARMED,448.0,0,0,80:02:9C:61:97:4B,1,47,2346.0,80:02:9C:61:97:4A,4,0,NONE,2026-08-24T15:49:46.810990
45917,,-74,23,271,1623,65384,29260,2436576,0,99,7,0,0,14:33:5C:6D:AF:58,0,1,ARMED,448.0,0,0,80:02:9C:61:97:4B,1,97,2416.4,80:02:9C:61:97:4A,4,0,NONE,2026-08-24T15:49:46.830990
45917,,-54,43,249,3422,65384,29260,2436593,0,99,7,0,0,14:33:5C:6D:AF:58,0,1,ARMED,448.0,0,0,80:02:9C:61:97:4B,1,147,2593.0,80:02:9C:61:97:4A,4,0,NONE,2026-08-24T15:49:46.847990
45917,,-54,43,250,3453,65384,29260,2436612,0,99,7,0,0,14:33:5C:6D:AF:58,0,1,ARMED,448.0,0,0,80:02:9C:61:97:4B,1,197,2578.2,80:02:9C:61:97:4A,4,0,NONE,2026-08-24T15:49:46.866990
45917,,-54,43,250,3493,64740,29260,2436627,0,99,7,0,0,14:33:5C:6D:AF:58,0,1,ARMED,448.0,0,0,80:02:9C:61:97:4B,1,247,2710.7,80:02:9C:61:97:4A,4,0,NONE,2026-08-24T15:49:46.881990
45917,,-55,42,719,3517,65384,29260,2436669,0,99,7,0,0,14:33:5C:6D:AF:58,1,1,ARMED,448.0,0,0,80:02:9C:61:97:4B,1,49,2998.2,80:02:9C:61:97:4A,4,0,NONE,2026-08-24T15:49:46.923990
45917,,-54,43,250,3553,65384,29260,2436675,0,99,7,0,0,14:33:5C:6D:AF:58,1,1,ARMED,448.0,0,0,80:02:9C:61:97:4B,1,99,4294.1,80:02:9C:61:97:4A,4,0,NONE,2026-08-24T15:49:46.929990
45917,,-54,43,250,3584,65384,29260,2436695,0,99,7,0,0,14:33:5C:6D:AF:58,1,1,ARMED,448.0,0,0,80:02:9C:61:97:4B,1,149,3521.6,80:02:9C:61:97:4A,4,0,NONE,2026-08-24T15:49:46.949990
45917,,-54,43,534,3273,65384,29260,2436811,0,99,7,0,0,14:33:5C:6D:AF:58,1,1,ARMED,448.0,0,0,80:02:9C:61:97:4B,1,9,184.2,80:02:9C:61:97:4A,4,0,NONE,2026-08-24T15:49:47.065990
45917,BEACON,-86,11,0,3223,65384,29260,2437296,0,99,7,0,0,14:33:5C:6D:AF:58,0,0,ARMED,448.0,0,1,80:02:9C:61:97:4B,1,1,52.1,80:02:9C:61:97:4A,4,0,NONE,2026-08-24T15:49:47.550990
45917,,-74,23,6273,3439,65384,29260,2437555,0,99,7,0,0,14:33:5C:6D:AF:58,0,0,ARMED,448.0,0,0,80:02:9C:61:97:4B,1,24,394.4,80:02:9C:61:97:4A,4,0,NONE,2026-08-24T15:49:47.809990
45917,BEACON,-91,6,0,1021,65384,29260,2437889,0,99,7,0,0,14:33:5C:6D:AF:58,0,0,ARMED,448.0,0,1,80:02:9C:61:97:4B,1,16,198.3,80:02:9C:61:97:4A,4,0,NONE,2026-08-24T15:49:48.143990
45917,BEACON,-88,9,0,265,65384,29260,2438375,0,99,7,0,0,14:33:5C:6D:AF:58,0,0,ARMED,448.0,0,1,80:02:9C:61:97:4B,1,4,73.6,80:02:9C:61:97:4A,4,0,NONE,2026-08-24T15:49:48.629990
45917,BEACON,-85,12,0,2200,65384,29260,2438984,0,99,7,0,0,14:33:5C:6D:AF:58,0,0,ARMED,448.0,0,1,80:02:9C:61:97:4B,1,2,40.6,80:02:9C:61:97:4A,4,0,NONE,2026-08-24T15:49:49.238990
45917,,42,42,0,1023,65384,29260,2439408,0,99,7,0,0,14:33:5C:6D:AF:58,0,0,ARMED,448.0,0,0,80:02:9C:61:97:4B,1,6,93.8,80:02:9C:61:97:4A,4,0,NONE,2026-08-24T15:49:49.662990
45917,,42,42,0,0,65384,29260,2439528,0,99,7,0,0,14:33:5C:6D:AF:58,0,0,ARMED,448.0,0,0,80:02:9C:61:97:4B,1,36,451.9,80:02:9C:61:97:4A,4,0,NONE,2026-08-24T15:49:49.782990
45917,,42,42,0,770,65384,29260,2439636,0,99,7,0,0,14:33:5C:6D:AF:58,0,1,ARMED,448.0,0,0,80:02:9C:61:97:4B,1,37,437.0,80:02:9C:61:97:4A,4,0,NONE,2026-08-24T15:49:49.890990
45917,,-54,43,320,3296,65384,29260,2439795,0,99,7,0,0,14:33:5C:6D:AF:58,0,1,ARMED,448.0,0,0,80:02:9C:61:97:4B,1,19,465.8,80:02:9C:61:97:4A,4,0,NONE,2026-08-24T15:49:50.049990
45917,,-53,44,30202,2858,65384,29260,2439969,0,99,7,0,0,14:33:5C:6D:AF:58,0,1,ARMED,448.0,0,1,80:02:9C:61:97:4B,1,1,101.8,80:02:9C:61:97:4A,4,0,NONE,2026-08-24T15:49:50.223990
45917,BEACON,-85,12,0,2227,65384,29260,2440520,0,99,7,0,0,14:33:5C:6D:AF:58,0,0,ARMED,448.0,0,1,80:02:9C:61:97:4B,1,9,87.9,80:02:9C:61:97:4A,4,0,NONE,2026-08-24T15:49:50.774990
45917,BEACON,-93,4,0,1053,65384,29260,2441166,0,99,7,0,0,14:33:5C:6D:AF:58,0,0,ARMED,448.0,0,1,80:02:9C:61:97:4B,1,5,156.8,80:02:9C:61:97:4A,4,0,NONE,2026-08-24T15:49:51.420990
45917,BEACON,-85,12,0,2240,65384,29260,2441851,0,99,7,0,0,14:33:5C:6D:AF:58,0,0,ARMED,448.0,0,1,80:02:9C:61:97:4B,1,8,78.1,80:02:9C:61:97:4A,4,0,NONE,2026-08-24T15:49:52.105990
45917,BEACON,-94,3,0,1931,65384,29260,2441996,0,99,7,0,0,14:33:5C:6D:AF:58,0,1,ARMED,448.0,0,1,80:02:9C:61:97:4B,1,5,116.7,80:02:9C:61:97:4A,4,0,NONE,2026-08-24T15:49:52.250990
45917,BEACON,-86,11,49340,2247,65384,29260,2442568,0,99,7,0,0,14:33:5C:6D:AF:58,0,0,ARMED,448.0,0,1,80:02:9C:61:97:4B,1,6,61.9,80:02:9C:61:97:4A,4,0,NONE,2026-08-24T15:49:52.822990
45917,BEACON,-85,12,74070,3279,65384,29260,2443031,0,99,7,0,0,14:33:5C:6D:AF:58,0,0,ARMED,448.0,0,1,80:02:9C:61:97:4B,1,3,66.8,80:02:9C:61:97:4A,4,0,NONE,2026-08-24T15:49:53.285990
45917,,-54,43,0,3331,65384,29260,2443244,0,99,7,0,0,14:33:5C:6D:AF:58,0,0,ARMED,448.0,0,0,80:02:9C:61:97:4B,1,36,678.9,80:02:9C:61:97:4A,4,0,NONE,2026-08-24T15:49:53.498990
45917,BEACON,-90,7,75085,1077,65384,29260,2443623,0,99,7,0,0,14:33:5C:6D:AF:58,0,0,ARMED,448.0,0,1,80:02:9C:61:97:4B,1,2,85.8,80:02:9C:61:97:4A,4,0,NONE,2026-08-24T15:49:53.877990
45917,,-54,43,250,3623,65384,29260,2443658,0,99,7,0,0,14:33:5C:6D:AF:58,0,0,ARMED,448.0,0,0,80:02:9C:61:97:4B,1,52,900.5,80:02:9C:61:97:4A,4,0,NONE,2026-08-24T15:49:53.912990
45917,,-73,24,325,1699,65384,29260,2443678,0,99,7,0,0,14:33:5C:6D:AF:58,0,0,ARMED,448.0,0,0,80:02:9C:61:97:4B,1,102,1306.3,80:02:9C:61:97:4A,4,0,NONE,2026-08-24T15:49:53.932990
45917,,-54,43,314,3684,65384,29260,2443704,0,99,7,0,0,14:33:5C:6D:AF:58,0,1,ARMED,448.0,0,0,80:02:9C:61:97:4B,1,4,2158.7,80:02:9C:61:97:4A,4,0,NONE,2026-08-24T15:49:53.958990
45917,,-73,24,0,1718,63956,29260,2443752,0,99,7,0,0,14:33:5C:6D:AF:58,0,1,ARMED,448.0,0,0,80:02:9C:61:97:4B,1,54,1092.5,80:02:9C:61:97:4A,4,0,NONE,2026-08-24T15:49:54.006990
45917,,-54,43,250,3734,65108,29260,2443772,0,99,7,0,0,14:33:5C:6D:AF:58,0,1,ARMED,448.0,0,0,80:02:9C:61:97:4B,1,104,1499.8,80:02:9C:61:97:4A,4,0,NONE,2026-08-24T15:49:54.026990
45917,,-54,43,967,3748,63956,29260,2443778,0,99,7,0,0,14:33:5C:6D:AF:58,0,1,ARMED,448.0,0,0,80:02:9C:61:97:4B,1,154,2041.0,80:02:9C:61:97:4A,4,0,NONE,2026-08-24T15:49:54.032990
45917,,-54,43,250,3774,65384,29260,2443798,0,99,7,0,0,14:33:5C:6D:AF:58,0,1,ARMED,448.0,0,0,80:02:9C:61:97:4B,1,204,2129.7,80:02:9C:61:97:4A,4,0,NONE,2026-08-24T15:49:54.052990
45917,,-73,24,5512,3460,65384,29260,2443808,0,99,7,0,0,14:33:5C:6D:AF:58,0,1,ARMED,448.0,0,1,80:02:9C:61:97:4B,1,29,5096.7,80:02:9C:61:97:4A,4,0,NONE,2026-08-24T15:49:54.062990
45917,,-74,23,0,1763,65384,29260,2443838,0,99,7,0,0,14:33:5C:6D:AF:58,0,1,ARMED,448.0,0,0,80:02:9C:61:97:4B,1,79,2262.6,80:02:9C:61:97:4A,4,0,NONE,2026-08-24T15:49:54.092990
45917,,-74,23,5758,3462,65368,29260,2443858,0,99,7,0,0,14:33:5C:6D:AF:58,0,1,ARMED,448.0,0,0,80:02:9C:61:97:4B,1,129,2309.7,80:02:9C:61:97:4A,4,0,NONE,2026-08-24T15:49:54.112990
45917,,-54,43,1599,3865,65384,29260,2443976,0,99,7,0,0,14:33:5C:6D:AF:58,0,1,ARMED,448.0,0,1,80:02:9C:61:97:4B,1,34,461.5,80:02:9C:61:97:4A,4,0,NONE,2026-08-24T15:49:54.230990
45917,PROBE_RESP,-65,32,82,819,65384,29260,2444127,0,99,7,0,0,14:33:5C:6D:AF:58,0,1,ARMED,448.0,0,1,80:02:9C:61:97:4B,1,8,436.3,80:02:9C:61:97:4A,4,0,NONE,2026-08-24T15:49:54.381990
45917,,-54,43,639,3881,65384,29260,2444276,0,99,7,0,0,14:33:5C:6D:AF:58,0,1,ARMED,448.0,0,0,80:02:9C:61:97:4B,1,26,401.7,80:02:9C:61:97:4A,4,0,NONE,2026-08-24T15:49:54.530990
45917,BEACON,-94,3,55,575,65384,29260,2444450,0,99,7,0,0,14:33:5C:6D:AF:58,0,0,ARMED,448.0,0,1,80:02:9C:61:97:4B,1,16,470.1,80:02:9C:61:97:4A,4,0,NONE,2026-08-24T15:49:54.704990
45917,,-54,43,448,3898,65384,29260,2444612,0,99,7,0,0,14:33:5C:6D:AF:58,0,1,ARMED,448.0,0,0,80:02:9C:61:97:4B,1,25,267.8,80:02:9C:61:97:4A,4,0,NONE,2026-08-24T15:49:54.866990
45917,,-55,42,851,3915,65384,29260,2444724,0,99,7,0,0,14:33:5C:6D:AF:58,0,1,ARMED,448.0,0,0,80:02:9C:61:97:4B,1,5,1445.1,80:02:9C:61:97:4A,4,0,NONE,2026-08-24T15:49:54.978990
45917,,-54,43,267,3945,64740,29260,2444745,0,99,7,0,0,14:33:5C:6D:AF:58,0,1,ARMED,448.0,0,0,80:02:9C:61:97:4B,1,55,2209.0,80:02:9C:61:97:4A,4,0,NONE,2026-08-24T15:49:54.999990
45917,,-54,43,267,3976,65384,29260,2444767,0,99,7,0,0,14:33:5C:6D:AF:58,0,1,ARMED,448.0,0,0,80:02:9C:61:97:4B,1,105,2247.2,80:02:9C:61:97:4A,4,0,NONE,2026-08-24T15:49:55.021990
45917,,-54,43,267,4012,65384,29260,2444796,0,99,7,0,0,14:33:5C:6D:AF:58,0,1,ARMED,448.0,0,0,80:02:9C:61:97:4B,1,155,2062.7,80:02:9C:61:97:4A,4,0,NONE,2026-08-24T15:49:55.050990
45917,,-73,24,12898,1862,65384,29260,2444880,0,99,7,0,0,14:33:5C:6D:AF:58,0,1,ARMED,448.0,0,1,80:02:9C:61:97:4B,1,23,389.6,80:02:9C:61:97:4A,4,0,NONE,2026-08-24T15:49:55.134990
45917,,-54,43,390,3349,65384,29260,2445037,0,99,7,0,0,14:33:5C:6D:AF:58,0,0,ARMED,448.0,0,0,80:02:9C:61:97:4B,1,19,1714.2,80:02:9C:61:97:4A,4,0,NONE,2026-08-24T15:49:55.291990
45917,,-54,43,12899,2882,65384,29260,2445368,0,99,7,0,0,14:33:5C:6D:AF:58,0,0,ARMED,448.0,0,1,80:02:9C:61:97:4B,1,7,197.3,80:02:9C:61:97:4A,4,0,NONE,2026-08-24T15:49:55.622990
45917,BEACON,-86,11,170164,2286,65384,29260,2445947,0,99,7,0,0,14:33:5C:6D:AF:58,0,0,ARMED,448.0,0,1,80:02:9C:61:97:4B,1,6,58.6,80:02:9C:61:97:4A,4,0,NONE,2026-08-24T15:49:56.201990
45917,PROBE_REQ,-93,4,0,2249,65384,29260,2446234,0,99,7,0,0,14:33:5C:6D:AF:58,0,1,ARMED,448.0,0,1,80:02:9C:61:97:4B,1,7,84.4,80:02:9C:61:97:4A,4,0,NONE,2026-08-24T15:49:56.488990
45917,,-57,40,0,3849,65384,29260,2446576,0,99,7,0,0,14:33:5C:6D:AF:58,0,0,ARMED,448.0,0,1,80:02:9C:61:97:4B,1,14,953.1,80:02:9C:61:97:4A,4,0,NONE,2026-08-24T15:49:56.830990
45917,,-58,39,0,2023,65384,29260,2446698,0,99,7,0,0,14:33:5C:6D:AF:58,0,1,ARMED,448.0,0,0,80:02:9C:61:97:4B,1,22,594.7,80:02:9C:61:97:4A,4,0,NONE,2026-08-24T15:49:56.952990
45917,BEACON,-94,3,0,1110,65384,29260,2447003,0,99,7,0,0,14:33:5C:6D:AF:58,0,0,ARMED,448.0,0,1,80:02:9C:61:97:4B,1,6,187.6,80:02:9C:61:97:4A,4,0,NONE,2026-08-24T15:49:57.257990
45917,,-54,43,518,3387,65384,29260,2447443,0,99,7,0,0,14:33:5C:6D:AF:58,0,0,ARMED,448.0,0,1,80:02:9C:61:97:4B,1,20,317.8,80:02:9C:61:97:4A,4,0,NONE,2026-08-24T15:49:57.697990
45917,,-74,23,53,3563,65384,29260,2447770,0,99,7,0,0,14:33:5C:6D:AF:58,0,0,ARMED,448.0,0,1,80:02:9C:61:97:4B,1,27,327.4,80:02:9C:61:97:4A,4,0,NONE,2026-08-24T15:49:58.024990
45917,BEACON,-92,5,0,1992,65384,29260,2448236,0,99,7,0,0,14:33:5C:6D:AF:58,0,0,ARMED,448.0,0,1,80:02:9C:61:97:4B,1,6,165.8,80:02:9C:61:97:4A,4,0,NONE,2026-08-24T15:49:58.490990
45917,,-54,43,174,4040,65384,29260,2448826,0,99,7,0,0,14:33:5C:6D:AF:58,0,0,ARMED,448.0,0,1,80:02:9C:61:97:4B,1,4,499.6,80:02:9C:61:97:4A,4,0,NONE,2026-08-24T15:49:59.080990
45917,BEACON,-90,7,0,1132,65384,29260,2449255,0,99,7,0,0,14:33:5C:6D:AF:58,0,0,ARMED,448.0,0,1,80:02:9C:61:97:4B,1,3,113.1,80:02:9C:61:97:4A,4,0,NONE,2026-08-24T15:49:59.509990
45917,,42,42,0,2330,65384,29260,2449531,0,99,7,0,0,14:33:5C:6D:AF:58,0,0,ARMED,448.0,0,0,80:02:9C:61:97:4B,1,15,154.3,80:02:9C:61:97:4A,4,0,NONE,2026-08-24T15:49:59.785990
45917,BEACON,-86,11,82,3347,65384,29260,2449994,0,99,7,0,0,14:33:5C:6D:AF:58,0,0,ARMED,448.0,0,1,80:02:9C:61:97:4B,1,7,145.8,80:02:9C:61:97:4A,4,0,NONE,2026-08-24T15:50:00.248990
45917,,-58,39,520,2067,65384,29260,2450295,0,99,7,0,0,14:33:5C:6D:AF:58,0,1,ARMED,448.0,0,0,80:02:9C:61:97:4B,1,10,257.9,80:02:9C:61:97:4A,4,0,NONE,2026-08-24T15:50:00.549990
45917,,-63,34,0,1572,65384,29260,2450424,0,99,7,0,0,14:33:5C:6D:AF:58,0,1,ARMED,448.0,0,0,80:02:9C:61:97:4B,1,27,399.5,80:02:9C:61:97:4A,4,0,NONE,2026-08-24T15:50:00.678990
45917,BEACON,-67,30,0,898,65384,29260,2450973,0,99,7,0,0,14:33:5C:6D:AF:58,0,0,ARMED,448.0,0,1,80:02:9C:61:97:4B,1,1,302.9,80:02:9C:61:97:4A,4,0,NONE,2026-08-24T15:50:01.227990
45917,BEACON,-90,7,0,1155,65384,29260,2451612,0,99,7,0,0,14:33:5C:6D:AF:58,0,0,ARMED,448.0,0,1,80:02:9C:61:97:4B,1,3,107.1,80:02:9C:61:97:4A,4,0,NONE,2026-08-24T15:50:01.866990
45917,,-53,44,101997,2913,65384,29260,2452023,0,99,7,0,0,14:33:5C:6D:AF:58,0,0,ARMED,448.0,0,1,80:02:9C:61:97:4B,1,5,170.3,80:02:9C:61:97:4A,4,0,NONE,2026-08-24T15:50:02.277990
45917,BEACON,-88,9,0,2358,65384,29260,2452398,0,99,7,0,0,14:33:5C:6D:AF:58,0,0,ARMED,448.0,0,1,80:02:9C:61:97:4B,1,27,278.4,80:02:9C:61:97:4A,4,0,NONE,2026-08-24T15:50:02.652990
45917,BEACON,-65,32,0,917,65384,29260,2452816,0,99,7,0,0,14:33:5C:6D:AF:58,0,0,ARMED,448.0,0,1,80:02:9C:61:97:4B,1,18,200.9,80:02:9C:61:97:4A,4,0,NONE,2026-08-24T15:50:03.070990
45917,BEACON,-88,9,0,416,65384,29260,2453530,0,99,7,0,0,14:33:5C:6D:AF:58,0,0,ARMED,448.0,0,1,80:02:9C:61:97:4B,1,3,55.0,80:02:9C:61:97:4A,4,0,NONE,2026-08-24T15:50:03.784990
45917,,-54,43,266,4064,65384,29260,2453566,0,99,7,0,0,14:33:5C:6D:AF:58,0,0,ARMED,448.0,0,0,80:02:9C:61:97:4B,1,53,581.2,80:02:9C:61:97:4A,4,0,NONE,2026-08-24T15:50:03.820990
45917,,-54,43,266,4064,65384,29260,2453566,0,99,7,0,0,14:33:5C:6D:AF:58,0,0,ARMED,448.0,0,0,80:02:9C:61:97:4B,1,53,581.2,80:02:9C:61:97:4A,4,0,NONE,2026-08-24T15:50:03.820990
45917,,-54,43,250,3,65384,29260,2453584,0,99,7,0,0,14:33:5C:6D:AF:58,0,1,ARMED,448.0,0,0,80:02:9C:61:97:4B,1,22,2592.5,80:02:9C:61:97:4A,4,0,NONE,2026-08-24T15:50:03.838990
45917,,-73,24,0,1886,65384,29260,2453603,0,99,7,0,0,14:33:5C:6D:AF:58,0,1,ARMED,448.0,0,0,80:02:9C:61:97:4B,1,72,2565.5,80:02:9C:61:97:4A,4,0,NONE,2026-08-24T15:50:03.857990
45917,,-54,43,249,55,65384,29260,2453618,0,99,7,0,0,14:33:5C:6D:AF:58,0,1,ARMED,448.0,0,0,80:02:9C:61:97:4B,1,122,2866.9,80:02:9C:61:97:4A,4,0,NONE,2026-08-24T15:50:03.872990
45917,,-54,43,249,89,65384,29260,2453643,0,99,7,0,0,14:33:5C:6D:AF:58,0,1,ARMED,448.0,0,0,80:02:9C:61:97:4B,1,172,2552.0,80:02:9C:61:97:4A,4,0,NONE,2026-08-24T15:50:03.897990
45917,,-54,43,379,114,65384,29260,2453661,0,99,7,0,0,14:33:5C:6D:AF:58,0,1,ARMED,448.0,0,0,80:02:9C:61:97:4B,1,222,2586.8,80:02:9C:61:97:4A,4,0,NONE,2026-08-24T15:50:03.915990
45917,,-73,24,1545,1922,65384,29260,2453692,0,99,7,0,0,14:33:5C:6D:AF:58,0,1,ARMED,448.0,0,1,80:02:9C:61:97:4B,1,49,8339.0,80:02:9C:61:97:4A,4,0,NONE,2026-08-24T15:50:03.946990
45917,,-74,23,1254,3597,65384,29260,2453731,0,99,7,0,0,14:33:5C:6D:AF:58,0,1,ARMED,448.0,0,0,80:02:9C:61:97:4B,1,99,2251.6,80:02:9C:61:97:4A,4,0,NONE,2026-08-24T15:50:03.985990
45917,,-54,43,510,163,65384,29260,2453777,0,99,7,0,0,14:33:5C:6D:AF:58,0,1,ARMED,448.0,0,1,80:02:9C:61:97:4B,1,149,1644.6,80:02:9C:61:97:4A,4,0,NONE,2026-08-24T15:50:04.031990
45917,,-73,24,1340,1953,65384,29260,2453819,0,99,7,0,0,14:33:5C:6D:AF:58,0,1,ARMED,448.0,0,0,80:02:9C:61:97:4B,1,36,1137.5,80:02:9C:61:97:4A,4,0,NONE,2026-08-24T15:50:04.073990
45917,,-73,24,467,1962,65384,29260,2453854,0,99,7,0,0,14:33:5C:6D:AF:58,0,1,ARMED,448.0,0,1,80:02:9C:61:97:4B,1,86,1305.8,80:02:9C:61:97:4A,4,0,NONE,2026-08-24T15:50:04.108990
45917,BEACON,-87,10,82,3385,65384,29260,2453884,0,99,7,0,0,14:33:5C:6D:AF:58,0,1,ARMED,448.0,0,1,80:02:9C:61:97:4B,1,136,1409.4,80:02:9C:61:97:4A,4,0,NONE,2026-08-24T15:50:04.138990
45917,,-54,43,250,268,65384,29260,2453904,0,99,7,0,0,14:33:5C:6D:AF:58,0,1,ARMED,448.0,0,0,80:02:9C:61:97:4B,1,49,13841.8,80:02:9C:61:97:4A,4,0,NONE,2026-08-24T15:50:04.158990
45917,,-54,43,249,289,65384,29260,2453915,0,99,7,0,0,14:33:5C:6D:AF:58,0,1,ARMED,448.0,0,0,80:02:9C:61:97:4B,1,99,6957.1,80:02:9C:61:97:4A,4,0,NONE,2026-08-24T15:50:04.169990
45917,,-54,43,378,314,65384,29260,2453934,0,99,7,0,0,14:33:5C:6D:AF:58,0,1,ARMED,448.0,0,0,80:02:9C:61:97:4B,1,149,4464.4,80:02:9C:61:97:4A,4,0,NONE,2026-08-24T15:50:04.188990
45917,,-54,43,250,330,65384,29260,2453960,0,99,7,0,0,14:33:5C:6D:AF:58,0,1,ARMED,448.0,0,0,80:02:9C:61:97:4B,1,199,3339.8,80:02:9C:61:97:4A,4,0,NONE,2026-08-24T15:50:04.214990
45917,,-73,24,127,2013,63956,29260,2453989,0,99,7,0,0,14:33:5C:6D:AF:58,0,1,ARMED,448.0,0,0,80:02:9C:61:97:4B,1,249,2813.1,80:02:9C:61:97:4A,4,0,NONE,2026-08-24T15:50:04.243990
45917,,-54,43,878,376,63312,29260,2453996,0,99,7,0,0,14:33:5C:6D:AF:58,0,1,ARMED,448.0,0,0,80:02:9C:61:97:4B,1,299,3144.9,80:02:9C:61:97:4A,4,0,NONE,2026-08-24T15:50:04.250990
45917,,-54,43,250,414,65384,29260,2454016,0,99,7,0,0,14:33:5C:6D:AF:58,0,1,ARMED,448.0,0,0,80:02:9C:61:97:4B,1,49,12615.9,80:02:9C:61:97:4A,4,0,NONE,2026-08-24T15:50:04.270990
45917,,-55,42,793,447,65384,29260,2454036,0,99,7,0,0,14:33:5C:6D:AF:58,0,1,ARMED,448.0,0,0,80:02:9C:61:97:4B,1,99,4120.7,80:02:9C:61:97:4A,4,0,NONE,2026-08-24T15:50:04.290990
45917,,-73,24,0,2049,65196,29260,2454059,0,99,7,0,0,14:33:5C:6D:AF:58,0,1,ARMED,448.0,0,0,80:02:9C:61:97:4B,1,149,3182.0,80:02:9C:61:97:4A,4,0,NONE,2026-08-24T15:50:04.313990
45917,,-73,24,392,2055,65092,29260,2454075,0,99,7,0,0,14:33:5C:6D:AF:58,0,1,ARMED,448.0,0,1,80:02:9C:61:97:4B,1,199,3160.6,80:02:9C:61:97:4A,4,0,NONE,2026-08-24T15:50:04.329990
45917,,-54,43,250,528,63956,29260,2454095,0,99,7,0,0,14:33:5C:6D:AF:58,0,1,ARMED,448.0,0,0,80:02:9C:61:97:4B,1,249,3005.3,80:02:9C:61:97:4A,4,0,NONE,2026-08-24T15:50:04.349990
45917,,-73,24,0,2075,65384,29260,2454110,0,99,7,0,0,14:33:5C:6D:AF:58,0,1,ARMED,448.0,0,0,80:02:9C:61:97:4B,1,299,3050.4,80:02:9C:61:97:4A,4,0,NONE,2026-08-24T15:50:04.364990
45917,,-54,43,313,586,65384,29260,2454129,0,99,7,0,0,14:33:5C:6D:AF:58,0,1,ARMED,448.0,0,0,80:02:9C:61:97:4B,1,49,15236.3,80:02:9C:61:97:4A,4,0,NONE,2026-08-24T15:50:04.383990
45917,,-54,43,250,612,65384,29260,2454152,0,99,7,0,0,14:33:5C:6D:AF:58,0,1,ARMED,448.0,0,0,80:02:9C:61:97:4B,1,99,3854.4,80:02:9C:61:97:4A,4,0,NONE,2026-08-24T15:50:04.406990
45917,,-55,42,842,646,64740,29260,2454181,0,99,7,0,0,14:33:5C:6D:AF:58,0,1,ARMED,448.0,0,0,80:02:9C:61:97:4B,1,149,2727.7,80:02:9C:61:97:4A,4,0,NONE,2026-08-24T15:50:04.435990
45917,,-54,43,146,671,65384,29260,2454197,0,99,7,0,0,14:33:5C:6D:AF:58,0,1,ARMED,448.0,0,1,80:02:9C:61:97:4B,1,199,2813.7,80:02:9C:61:97:4A,4,0,NONE,2026-08-24T15:50:04.451990
45917,,-54,43,250,682,65384,29260,2454232,0,99,7,0,0,14:33:5C:6D:AF:58,0,1,ARMED,448.0,0,0,80:02:9C:61:97:4B,1,22,3641.8,80:02:9C:61:97:4A,4,0,NONE,2026-08-24T15:50:04.486990
45917,,-54,43,450,702,65384,29260,2454255,0,99,7,0,0,14:33:5C:6D:AF:58,0,1,ARMED,448.0,0,0,80:02:9C:61:97:4B,1,72,2507.9,80:02:9C:61:97:4A,4,0,NONE,2026-08-24T15:50:04.509990
45917,,-55,42,520,725,65384,29260,2454275,0,99,7,0,0,14:33:5C:6D:AF:58,0,1,ARMED,448.0,0,0,80:02:9C:61:97:4B,1,122,2523.3,80:02:9C:61:97:4A,4,0,NONE,2026-08-24T15:50:04.529990
45917,,-55,42,395,748,65384,29260,2454293,0,99,7,0,0,14:33:5C:6D:AF:58,0,1,ARMED,448.0,0,0,80:02:9C:61:97:4B,1,172,2565.8,80:02:9C:61:97:4A,4,0,NONE,2026-08-24T15:50:04.547990
45917,,-54,43,266,787,65384,29260,2454313,0,99,7,0,0,14:33:5C:6D:AF:58,0,1,ARMED,448.0,0,0,80:02:9C:61:97:4B,1,222,2563.7,80:02:9C:61:97:4A,4,0,NONE,2026-08-24T15:50:04.567990
45917,,-54,43,521,815,65384,29260,2454322,0,99,7,0,0,14:33:5C:6D:AF:58,0,1,ARMED,448.0,0,0,80:02:9C:61:97:4B,1,272,2843.3,80:02:9C:61:97:4A,4,0,NONE,2026-08-24T15:50:04.576990
45917,,-55,42,595,836,65384,29260,2454348,0,99,7,0,0,14:33:5C:6D:AF:58,0,1,ARMED,448.0,0,0,80:02:9C:61:97:4B,1,49,5084.6,80:02:9C:61:97:4A,4,0,NONE,2026-08-24T15:50:04.602990
45917,,-54,43,250,864,65384,29260,2454362,0,99,7,0,0,14:33:5C:6D:AF:58,0,1,ARMED,448.0,0,0,80:02:9C:61:97:4B,1,99,4084.3,80:02:9C:61:97:4A,4,0,NONE,2026-08-24T15:50:04.616990
45917,,-73,24,1276,3640,65384,29260,2454398,0,99,7,0,0,14:33:5C:6D:AF:58,0,1,ARMED,448.0,0,0,80:02:9C:61:97:4B,1,149,2475.2,80:02:9C:61:97:4A,4,0,NONE,2026-08-24T15:50:04.652990
45917,,43,43,0,1023,65384,29260,2454613,0,99,7,0,0,14:33:5C:6D:AF:58,0,0,ARMED,448.0,0,0,80:02:9C:61:97:4B,1,31,425.8,80:02:9C:61:97:4A,4,0,NONE,2026-08-24T15:50:04.867990
45917,BEACON,-94,3,0,681,65384,29260,2455084,0,99,7,0,0,14:33:5C:6D:AF:58,0,0,ARMED,448.0,0,1,80:02:9C:61:97:4B,1,4,167.0,80:02:9C:61:97:4A,4,0,NONE,2026-08-24T15:50:05.338990
45917,BEACON,-88,9,0,4073,65384,29260,2455491,0,99,7,0,0,14:33:5C:6D:AF:58,0,0,ARMED,448.0,0,1,80:02:9C:61:97:4B,1,4,186.8,80:02:9C:61:97:4A,4,0,NONE,2026-08-24T15:50:05.745990
45917,,-80,17,65866,1451,65384,29260,2456136,0,99,7,0,0,14:33:5C:6D:AF:58,0,0,ARMED,448.0,0,1,80:02:9C:61:97:4B,1,3,70.5,80:02:9C:61:97:4A,4,0,NONE,2026-08-24T15:50:06.390990
45917,,61,61,0,1023,65384,29260,2456240,0,99,7,0,0,14:33:5C:6D:AF:58,0,1,ARMED,448.0,0,1,80:02:9C:61:97:4B,1,6,133.3,80:02:9C:61:97:4A,4,0,NONE,2026-08-24T15:50:06.494990
45917,,-58,39,0,2197,65384,29260,2456446,0,99,7,0,0,14:33:5C:6D:AF:58,0,1,ARMED,448.0,0,0,80:02:9C:61:97:4B,1,12,263.0,80:02:9C:61:97:4A,4,0,NONE,2026-08-24T15:50:06.700990
45917,BEACON,-66,31,0,960,65384,29260,2456810,0,99,7,0,0,14:33:5C:6D:AF:58,0,0,ARMED,448.0,0,1,80:02:9C:61:97:4B,1,7,68.4,80:02:9C:61:97:4A,4,0,NONE,2026-08-24T15:50:07.064990
45917,,-58,39,292,2214,65396,29260,2457084,0,99,7,0,0,14:33:5C:6D:AF:58,0,0,ARMED,448.0,0,0,80:02:9C:61:97:4B,1,17,243.1,80:02:9C:61:97:4A,4,0,NONE,2026-08-24T15:50:07.338990
45917,BEACON,-88,9,20726,4090,65396,29260,2457232,0,99,7,0,0,14:33:5C:6D:AF:58,0,1,ARMED,448.0,0,1,80:02:9C:61:97:4B,1,2,125.0,80:02:9C:61:97:4A,4,0,NONE,2026-08-24T15:50:07.486990
45917,PROBE_REQ,41,41,0,1023,65396,29260,2457592,0,99,7,0,0,14:33:5C:6D:AF:58,0,0,ARMED,448.0,0,1,80:02:9C:61:97:4B,1,6,91.6,80:02:9C:61:97:4A,4,0,NONE,2026-08-24T15:50:07.846990
45917,BEACON,-68,29,0,970,65396,29260,2457834,0,99,7,0,0,14:33:5C:6D:AF:58,0,0,ARMED,448.0,0,1,80:02:9C:61:97:4B,1,1,303.8,80:02:9C:61:97:4A,4,0,NONE,2026-08-24T15:50:08.088990
45917,,-54,43,117,884,65216,29260,2458008,0,99,7,0,0,14:33:5C:6D:AF:58,0,0,ARMED,448.0,0,0,80:02:9C:61:97:4B,1,27,377.8,80:02:9C:61:97:4A,4,0,NONE,2026-08-24T15:50:08.262990
45917,BEACON,-85,12,0,3428,65384,29260,2458288,0,99,7,0,0,14:33:5C:6D:AF:58,0,0,ARMED,448.0,0,1,80:02:9C:61:97:4B,1,7,156.6,80:02:9C:61:97:4A,4,0,NONE,2026-08-24T15:50:08.542990
45917,,31,31,0,1023,65384,29260,2458485,0,99,7,0,0,14:33:5C:6D:AF:58,0,1,ARMED,448.0,0,0,80:02:9C:61:97:4B,1,10,274.3,80:02:9C:61:97:4A,4,0,NONE,2026-08-24T15:50:08.739990
45917,,43,43,0,1023,65384,29260,2458803,0,99,7,0,0,14:33:5C:6D:AF:58,0,0,ARMED,448.0,0,1,80:02:9C:61:97:4B,1,8,168.6,80:02:9C:61:97:4A,4,0,NONE,2026-08-24T15:50:09.057990
45917,,31,31,0,1023,65384,29260,2459105,0,99,7,0,0,14:33:5C:6D:AF:58,0,0,ARMED,448.0,0,0,80:02:9C:61:97:4B,1,18,377.5,80:02:9C:61:97:4A,4,0,NONE,2026-08-24T15:50:09.359990
45917,,-75,22,11762,1614,65384,29260,2459395,0,99,7,0,0,14:33:5C:6D:AF:58,0,0,ARMED,448.0,0,1,80:02:9C:61:97:4B,1,9,318.7,80:02:9C:61:97:4A,4,0,NONE,2026-08-24T15:50:09.649990
45917,BEACON,-85,12,6848,2431,65384,29260,2459566,0,99,7,0,0,14:33:5C:6D:AF:58,0,0,ARMED,448.0,0,1,80:02:9C:61:97:4B,1,39,402.0,80:02:9C:61:97:4A,4,0,NONE,2026-08-24T15:50:09.820990
45917,,42,42,0,1010,65384,29260,2459701,0,99,7,0,0,14:33:5C:6D:AF:58,0,1,ARMED,448.0,0,0,80:02:9C:61:97:4B,1,10,377.7,80:02:9C:61:97:4A,4,0,NONE,2026-08-24T15:50:09.955990
45917,,-74,23,374,3769,65384,29260,2459918,0,99,7,0,0,14:33:5C:6D:AF:58,0,0,ARMED,448.0,0,0,80:02:9C:61:97:4B,1,9,230.0,80:02:9C:61:97:4A,4,0,NONE,2026-08-24T15:50:10.172990
45917,BEACON,-89,8,0,25,65384,29260,2460406,0,99,7,0,0,14:33:5C:6D:AF:58,0,0,ARMED,448.0,0,1,80:02:9C:61:97:4B,1,5,313.1,80:02:9C:61:97:4A,4,0,NONE,2026-08-24T15:50:10.660990
45917,,-58,39,292,2277,65384,29260,2460632,0,99,7,0,0,14:33:5C:6D:AF:58,0,1,ARMED,448.0,0,0,80:02:9C:61:97:4B,1,14,380.9,80:02:9C:61:97:4A,4,0,NONE,2026-08-24T15:50:10.886990
45917,BEACON,-85,12,0,2443,65384,29260,2460795,0,99,7,0,0,14:33:5C:6D:AF:58,0,1,ARMED,448.0,0,1,80:02:9C:61:97:4B,1,27,272.4,80:02:9C:61:97:4A,4,0,NONE,2026-08-24T15:50:11.049990
45917,BEACON,-66,31,0,1033,65384,29260,2461418,0,99,7,0,0,14:33:5C:6D:AF:58,0,0,ARMED,448.0,0,1,80:02:9C:61:97:4B,1,9,97.9,80:02:9C:61:97:4A,4,0,NONE,2026-08-24T15:50:11.672990
45917,BEACON,-66,31,0,1040,65384,29260,2461930,0,99,7,0,0,14:33:5C:6D:AF:58,0,0,ARMED,448.0,0,1,80:02:9C:61:97:4B,1,6,66.8,80:02:9C:61:97:4A,4,0,NONE,2026-08-24T15:50:12.184990
45917,BEACON,-88,9,0,3469,65384,29260,2462486,0,99,7,0,0,14:33:5C:6D:AF:58,0,0,ARMED,448.0,0,1,80:02:9C:61:97:4B,1,16,156.5,80:02:9C:61:97:4A,4,0,NONE,2026-08-24T15:50:12.740990
45917,BEACON,-88,9,0,507,65384,29260,2462746,0,99,7,0,0,14:33:5C:6D:AF:58,0,1,ARMED,448.0,0,1,80:02:9C:61:97:4B,1,10,183.0,80:02:9C:61:97:4A,4,0,NONE,2026-08-24T15:50:13.000990
45917,BEACON,-86,11,0,51,65384,29260,2463069,0,99,7,0,0,14:33:5C:6D:AF:58,0,0,ARMED,448.0,0,1,80:02:9C:61:97:4B,1,5,70.3,80:02:9C:61:97:4A,4,0,NONE,2026-08-24T15:50:13.323990
45917,,-54,43,518,3566,65384,29260,2463470,0,99,7,0,0,14:33:5C:6D:AF:58,0,0,ARMED,448.0,0,1,80:02:9C:61:97:4B,1,18,304.0,80:02:9C:61:97:4A,4,0,NONE,2026-08-24T15:50:13.724990
45917,BEACON,-88,9,0,60,65384,29260,2463990,0,99,7,0,0,14:33:5C:6D:AF:58,0,0,ARMED,448.0,0,1,80:02:9C:61:97:4B,1,4,56.7,80:02:9C:61:97:4A,4,0,NONE,2026-08-24T15:50:14.244990
45917,,-54,43,0,3592,65384,29260,2464171,0,99,7,0,0,14:33:5C:6D:AF:58,0,0,ARMED,448.0,0,0,80:02:9C:61:97:4B,1,19,405.8,80:02:9C:61:97:4A,4,0,NONE,2026-08-24T15:50:14.425990
45917,MGMT_OTHER,-57,40,0,382,65384,29260,2464503,0,99,7,0,0,14:33:5C:6D:AF:58,0,0,ARMED,448.0,0,1,80:02:9C:61:97:4B,1,23,322.4,80:02:9C:61:97:4A,4,0,NONE,2026-08-24T15:50:14.757990
45917,BEACON,-86,11,0,3490,65384,29260,2464636,0,99,7,0,0,14:33:5C:6D:AF:58,0,1,ARMED,448.0,0,1,80:02:9C:61:97:4B,1,36,352.3,80:02:9C:61:97:4A,4,0,NONE,2026-08-24T15:50:14.890990
45917,,-74,23,5188,3794,65384,29260,2464975,0,99,7,0,0,14:33:5C:6D:AF:58,0,0,ARMED,448.0,0,0,80:02:9C:61:97:4B,1,5,155.5,80:02:9C:61:97:4A,4,0,NONE,2026-08-24T15:50:15.229990
45917,BEACON,-87,10,0,72,65312,29260,2465219,0,99,7,0,0,14:33:5C:6D:AF:58,0,0,ARMED,448.0,0,1,80:02:9C:61:97:4B,1,25,353.7,80:02:9C:61:97:4A,4,0,NONE,2026-08-24T15:50:15.473990
45917,BEACON,-84,13,54,2495,65384,29260,2465812,0,99,7,0,0,14:33:5C:6D:AF:58,0,0,ARMED,448.0,0,1,80:02:9C:61:97:4B,1,4,82.5,80:02:9C:61:97:4A,4,0,NONE,2026-08-24T15:50:16.066990
45917,BEACON,-87,10,0,3507,65384,29260,2466377,0,99,7,0,0,14:33:5C:6D:AF:58,0,0,ARMED,448.0,0,1,80:02:9C:61:97:4B,1,6,111.4,80:02:9C:61:97:4A,4,0,NONE,2026-08-24T15:50:16.631990
45917,BEACON,-86,11,52027,3511,65384,29260,2466787,0,99,7,0,0,14:33:5C:6D:AF:58,0,0,ARMED,448.0,0,1,80:02:9C:61:97:4B,1,6,97.2,80:02:9C:61:97:4A,4,0,NONE,2026-08-24T15:50:17.041990
45917,BEACON,-87,10,0,3515,65384,29260,2467197,0,99,7,0,0,14:33:5C:6D:AF:58,0,0,ARMED,448.0,0,1,80:02:9C:61:97:4B,1,5,93.8,80:02:9C:61:97:4A,4,0,NONE,2026-08-24T15:50:17.451990
45917,,-54,43,370,3620,65384,29260,2467516,0,99,7,0,0,14:33:5C:6D:AF:58,0,0,ARMED,448.0,0,1,80:02:9C:61:97:4B,1,33,504.7,80:02:9C:61:97:4A,4,0,NONE,2026-08-24T15:50:17.770990
45917,MGMT_OTHER,-65,32,50,1107,65384,29260,2467667,0,99,7,0,0,14:33:5C:6D:AF:58,0,1,ARMED,448.0,0,1,80:02:9C:61:97:4B,1,4,331.9,80:02:9C:61:97:4A,4,0,NONE,2026-08-24T15:50:17.921990
45917,BEACON,-66,31,99,1111,65384,29260,2468074,0,99,7,0,0,14:33:5C:6D:AF:58,0,0,ARMED,448.0,0,1,80:02:9C:61:97:4B,1,3,342.0,80:02:9C:61:97:4A,4,0,NONE,2026-08-24T15:50:18.328990
45917,PROBE_REQ,-85,12,0,180,65384,29260,2468488,0,99,7,0,0,14:33:5C:6D:AF:58,0,0,ARMED,448.0,0,1,80:02:9C:61:97:4B,1,3,203.0,80:02:9C:61:97:4A,4,0,NONE,2026-08-24T15:50:18.742990
45917,,-74,23,638,3829,65384,29260,2468839,0,99,7,0,0,14:33:5C:6D:AF:58,0,0,ARMED,448.0,0,0,80:02:9C:61:97:4B,1,14,245.0,80:02:9C:61:97:4A,4,0,NONE,2026-08-24T15:50:19.093990
45917,BEACON,-66,31,0,1128,65384,29260,2469200,0,99,7,0,0,14:33:5C:6D:AF:58,0,0,ARMED,448.0,0,1,80:02:9C:61:97:4B,1,2,227.6,80:02:9C:61:97:4A,4,0,NONE,2026-08-24T15:50:19.454990
45917,,42,42,0,1133,65384,29260,2469549,0,99,7,0,0,14:33:5C:6D:AF:58,0,0,ARMED,448.0,0,0,80:02:9C:61:97:4B,1,15,298.6,80:02:9C:61:97:4A,4,0,NONE,2026-08-24T15:50:19.803990
45917,BEACON,-94,3,0,1333,65384,29260,2469838,0,99,7,0,0,14:33:5C:6D:AF:58,0,0,ARMED,448.0,0,1,80:02:9C:61:97:4B,1,9,281.4,80:02:9C:61:97:4A,4,0,NONE,2026-08-24T15:50:20.092990
45917,BEACON,-65,32,82,1139,65384,29260,2470122,0,99,7,0,0,14:33:5C:6D:AF:58,0,0,ARMED,448.0,0,1,80:02:9C:61:97:4B,1,3,342.3,80:02:9C:61:97:4A,4,0,NONE,2026-08-24T15:50:20.376990
45917,BEACON,-87,10,50,123,65384,29260,2470442,0,99,7,0,0,14:33:5C:6D:AF:58,0,0,ARMED,448.0,0,1,80:02:9C:61:97:4B,1,5,233.7,80:02:9C:61:97:4A,4,0,NONE,2026-08-24T15:50:20.696990
45917,,-58,39,292,2427,65384,29260,2470947,0,99,7,0,0,14:33:5C:6D:AF:58,0,0,ARMED,448.0,0,0,80:02:9C:61:97:4B,1,9,624.2,80:02:9C:61:97:4A,4,0,NONE,2026-08-24T15:50:21.201990
45917,,-54,43,822,3666,65384,29260,2471011,0,99,7,0,0,14:33:5C:6D:AF:58,0,0,ARMED,448.0,0,0,80:02:9C:61:97:4B,1,59,748.0,80:02:9C:61:97:4A,4,0,NONE,2026-08-24T15:50:21.265990
45917,BEACON,-66,31,0,1158,65384,29260,2471351,0,99,7,0,0,14:33:5C:6D:AF:58,0,0,ARMED,448.0,0,1,80:02:9C:61:97:4B,1,1,302.3,80:02:9C:61:97:4A,4,0,NONE,2026-08-24T15:50:21.605990
45917,MGMT_OTHER,41,41,0,0,65384,29260,2471803,0,99,7,0,0,14:33:5C:6D:AF:58,0,0,ARMED,448.0,0,1,80:02:9C:61:97:4B,1,10,216.2,80:02:9C:61:97:4A,4,0,NONE,2026-08-24T15:50:22.057990
45917,,-54,43,385,903,65384,29260,2471989,0,99,7,0,0,14:33:5C:6D:AF:58,0,0,ARMED,448.0,0,0,80:02:9C:61:97:4B,1,17,631.8,80:02:9C:61:97:4A,4,0,NONE,2026-08-24T15:50:22.243990
45917,,-73,24,547,3877,65384,29260,2472007,0,99,7,0,0,14:33:5C:6D:AF:58,0,0,ARMED,448.0,0,1,80:02:9C:61:97:4B,1,67,1478.1,80:02:9C:61:97:4A,4,0,NONE,2026-08-24T15:50:22.261990
45917,,-54,43,227,965,65384,29260,2472026,0,99,7,0,0,14:33:5C:6D:AF:58,0,0,ARMED,448.0,0,1,80:02:9C:61:97:4B,1,117,1803.0,80:02:9C:61:97:4A,4,0,NONE,2026-08-24T15:50:22.280990
45917,,-73,24,497,2219,65384,29260,2472038,0,99,7,0,0,14:33:5C:6D:AF:58,0,0,ARMED,448.0,0,1,80:02:9C:61:97:4B,1,167,2173.1,80:02:9C:61:97:4A,4,0,NONE,2026-08-24T15:50:22.292990
45917,,-54,43,449,1025,65384,29260,2472058,0,99,7,0,0,14:33:5C:6D:AF:58,0,0,ARMED,448.0,0,0,80:02:9C:61:97:4B,1,217,2258.4,80:02:9C:61:97:4A,4,0,NONE,2026-08-24T15:50:22.312990
45917,,-55,42,496,1046,65384,29260,2472081,0,99,7,0,0,14:33:5C:6D:AF:58,1,1,ARMED,448.0,0,0,80:02:9C:61:97:4B,1,43,2469.8,80:02:9C:61:97:4A,4,0,NONE,2026-08-24T15:50:22.335990
45917,,-73,24,402,2245,65384,29260,2472111,0,99,7,0,0,14:33:5C:6D:AF:58,1,1,ARMED,448.0,0,1,80:02:9C:61:97:4B,1,93,1996.6,80:02:9C:61:97:4A,4,0,NONE,2026-08-24T15:50:22.365990
45917,,-54,43,265,1097,65384,29260,2472151,0,99,7,0,0,14:33:5C:6D:AF:58,1,1,ARMED,448.0,0,0,80:02:9C:61:97:4B,1,143,1644.7,80:02:9C:61:97:4A,4,0,NONE,2026-08-24T15:50:22.405990
45917,,-54,43,250,1120,65384,29260,2472184,0,99,7,0,0,14:33:5C:6D:AF:58,1,1,ARMED,448.0,0,0,80:02:9C:61:97:4B,1,49,2869.9,80:02:9C:61:97:4A,4,0,NONE,2026-08-24T15:50:22.438990
45917,,-74,23,0,2264,65384,29260,2472202,0,99,7,0,0,14:33:5C:6D:AF:58,1,1,ARMED,448.0,0,0,80:02:9C:61:97:4B,1,99,2833.3,80:02:9C:61:97:4A,4,0,NONE,2026-08-24T15:50:22.456990
45917,,-74,23,272,2274,65384,29260,2472222,0,99,7,0,0,14:33:5C:6D:AF:58,1,1,ARMED,448.0,0,0,80:02:9C:61:97:4B,1,149,2715.7,80:02:9C:61:97:4A,4,0,NONE,2026-08-24T15:50:22.476990
45917,,42,42,0,2357,65384,29260,2472230,0,99,7,0,0,14:33:5C:6D:AF:58,1,1,ARMED,448.0,0,1,80:02:9C:61:97:4B,1,199,3169.8,80:02:9C:61:97:4A,4,0,NONE,2026-08-24T15:50:22.484990
45917,,-54,43,266,1233,65384,29260,2472252,0,99,7,0,0,14:33:5C:6D:AF:58,1,1,ARMED,448.0,0,0,80:02:9C:61:97:4B,1,249,2927.8,80:02:9C:61:97:4A,4,0,NONE,2026-08-24T15:50:22.506990
45917,,-54,43,249,1253,65384,29260,2472276,0,99,7,0,0,14:33:5C:6D:AF:58,1,1,ARMED,448.0,0,0,80:02:9C:61:97:4B,1,12,1371.0,80:02:9C:61:97:4A,4,0,NONE,2026-08-24T15:50:22.530990
45917,,-54,43,927,1291,65384,29260,2472298,0,99,7,0,0,14:33:5C:6D:AF:58,1,1,ARMED,448.0,0,0,80:02:9C:61:97:4B,1,62,2035.9,80:02:9C:61:97:4A,4,0,NONE,2026-08-24T15:50:22.552990
45917,,-54,43,250,1317,65384,29260,2472308,0,99,7,0,0,14:33:5C:6D:AF:58,1,1,ARMED,448.0,0,0,80:02:9C:61:97:4B,1,112,2764.8,80:02:9C:61:97:4A,4,0,NONE,2026-08-24T15:50:22.562990
45917,,-74,23,0,2326,65384,29260,2472336,0,99,7,0,0,14:33:5C:6D:AF:58,1,1,ARMED,448.0,0,0,80:02:9C:61:97:4B,1,162,2356.8,80:02:9C:61:97:4A,4,0,NONE,2026-08-24T15:50:22.590990
45917,,-54,43,265,1375,64692,29260,2472348,0,99,7,0,0,14:33:5C:6D:AF:58,1,1,ARMED,448.0,0,0,80:02:9C:61:97:4B,1,212,2635.3,80:02:9C:61:97:4A,4,0,NONE,2026-08-24T15:50:22.602990
45917,,-55,42,584,1390,65384,29260,2472378,0,99,7,0,0,14:33:5C:6D:AF:58,1,1,ARMED,448.0,0,0,80:02:9C:61:97:4B,1,5,490.8,80:02:9C:61:97:4A,4,0,NONE,2026-08-24T15:50:22.632990
45917,,-54,43,266,1412,65384,29260,2472403,0,99,7,0,0,14:33:5C:6D:AF:58,1,1,ARMED,448.0,0,0,80:02:9C:61:97:4B,1,55,1526.5,80:02:9C:61:97:4A,4,0,NONE,2026-08-24T15:50:22.657990
45917,,-55,42,405,1445,64668,29260,2472427,0,99,7,0,0,14:33:5C:6D:AF:58,1,1,ARMED,448.0,0,0,80:02:9C:61:97:4B,1,105,1759.0,80:02:9C:61:97:4A,4,0,NONE,2026-08-24T15:50:22.681990
45917,,-74,23,0,3901,65384,29260,2472479,0,99,7,0,0,14:33:5C:6D:AF:58,0,1,ARMED,448.0,0,1,80:02:9C:61:97:4B,1,6,538.9,80:02:9C:61:97:4A,4,0,NONE,2026-08-24T15:50:22.733990
45917,,-58,39,54933,2457,65384,29260,2473058,0,99,7,0,0,14:33:5C:6D:AF:58,0,0,ARMED,448.0,0,1,80:02:9C:61:97:4B,1,8,102.7,80:02:9C:61:97:4A,4,0,NONE,2026-08-24T15:50:23.312990
45917,,-66,31,20283,1597,65336,29260,2473340,0,99,7,0,0,14:33:5C:6D:AF:58,0,0,ARMED,448.0,0,1,80:02:9C:61:97:4B,1,15,293.5,80:02:9C:61:97:4A,4,0,NONE,2026-08-24T15:50:23.594990
45917,,-58,39,11506,2469,65384,29260,2473751,0,99,7,0,0,14:33:5C:6D:AF:58,0,0,ARMED,448.0,0,1,80:02:9C:61:97:4B,1,7,130.6,80:02:9C:61:97:4A,4,0,NONE,2026-08-24T15:50:24.005990
45917,BEACON,-65,32,0,1206,65384,29260,2474013,0,99,7,0,0,14:33:5C:6D:AF:58,0,1,ARMED,448.0,0,1,80:02:9C:61:97:4B,1,2,227.6,80:02:9C:61:97:4A,4,0,NONE,2026-08-24T15:50:24.267990
45917,,-58,39,292,2487,65384,29260,2474488,0,99,7,0,0,14:33:5C:6D:AF:58,0,0,ARMED,448.0,0,0,80:02:9C:61:97:4B,1,11,148.1,80:02:9C:61:97:4A,4,0,NONE,2026-08-24T15:50:24.742990
45917,,-58,39,0,2505,65384,29260,2474612,0,99,7,0,0,14:33:5C:6D:AF:58,0,0,ARMED,448.0,0,0,80:02:9C:61:97:4B,1,37,386.0,80:02:9C:61:97:4A,4,0,NONE,2026-08-24T15:50:24.866990
45917,BEACON,-86,11,50,3590,65384,29260,2474877,0,99,7,0,0,14:33:5C:6D:AF:58,0,0,ARMED,448.0,0,1,80:02:9C:61:97:4B,1,11,247.3,80:02:9C:61:97:4A,4,0,NONE,2026-08-24T15:50:25.131990
45917,BEACON,-87,10,0,171,65384,29260,2475359,0,99,7,0,0,14:33:5C:6D:AF:58,0,0,ARMED,448.0,0,1,80:02:9C:61:97:4B,1,4,272.9,80:02:9C:61:97:4A,4,0,NONE,2026-08-24T15:50:25.613990
45917,BEACON,-87,10,41596,2611,65384,29260,2475540,0,99,7,0,0,14:33:5C:6D:AF:58,0,0,ARMED,448.0,0,1,80:02:9C:61:97:4B,1,32,341.1,80:02:9C:61:97:4A,4,0,NONE,2026-08-24T15:50:25.794990
45917,BEACON,-87,10,0,2616,65384,29260,2476052,0,99,7,0,0,14:33:5C:6D:AF:58,0,0,ARMED,448.0,0,1,80:02:9C:61:97:4B,1,10,106.7,80:02:9C:61:97:4A,4,0,NONE,2026-08-24T15:50:26.306990
45917,BEACON,-88,9,101723,184,65384,29260,2476688,0,99,7,0,0,14:33:5C:6D:AF:58,0,0,ARMED,448.0,0,1,80:02:9C:61:97:4B,1,7,68.4,80:02:9C:61:97:4A,4,0,NONE,2026-08-24T15:50:26.942990
45917,,-58,39,374,2530,65384,29260,2477037,0,99,7,0,0,14:33:5C:6D:AF:58,0,0,ARMED,448.0,0,1,80:02:9C:61:97:4B,1,20,452.3,80:02:9C:61:97:4A,4,0,NONE,2026-08-24T15:50:27.291990
45917,BEACON,-86,11,0,2632,65384,29260,2477383,0,99,7,0,0,14:33:5C:6D:AF:58,0,0,ARMED,448.0,0,1,80:02:9C:61:97:4B,1,8,98.7,80:02:9C:61:97:4A,4,0,NONE,2026-08-24T15:50:27.637990
45917,BEACON,-93,4,0,915,65384,29260,2477764,0,99,7,0,0,14:33:5C:6D:AF:58,0,0,ARMED,448.0,0,1,80:02:9C:61:97:4B,1,4,77.2,80:02:9C:61:97:4A,4,0,NONE,2026-08-24T15:50:28.018990
45917,,-54,43,851,3739,65384,29260,2477935,0,99,7,0,0,14:33:5C:6D:AF:58,0,0,ARMED,448.0,0,0,80:02:9C:61:97:4B,1,19,1040.4,80:02:9C:61:97:4A,4,0,NONE,2026-08-24T15:50:28.189990
45917,PROBE_RESP,-65,32,0,1251,65384,29260,2478256,0,99,7,0,0,14:33:5C:6D:AF:58,0,0,ARMED,448.0,0,0,80:02:9C:61:97:4B,1,9,276.3,80:02:9C:61:97:4A,4,0,NONE,2026-08-24T15:50:28.510990
45917,BEACON,-88,9,0,205,65384,29260,2478838,0,99,7,0,0,14:33:5C:6D:AF:58,0,0,ARMED,448.0,0,1,80:02:9C:61:97:4B,1,6,65.4,80:02:9C:61:97:4A,4,0,NONE,2026-08-24T15:50:29.092990
45917,BEACON,-87,10,82,2652,65384,29260,2479431,0,99,7,0,0,14:33:5C:6D:AF:58,0,0,ARMED,448.0,0,1,80:02:9C:61:97:4B,1,5,71.3,80:02:9C:61:97:4A,4,0,NONE,2026-08-24T15:50:29.685990
45917,,-74,23,13769,1652,65212,29260,2480055,0,99,7,0,0,14:33:5C:6D:AF:58,0,0,ARMED,448.0,0,1,80:02:9C:61:97:4B,1,6,71.7,80:02:9C:61:97:4A,4,0,NONE,2026-08-24T15:50:30.309990
45917,,-72,25,539,3951,65384,29260,2480248,0,99,7,0,0,14:33:5C:6D:AF:58,0,1,ARMED,448.0,0,0,80:02:9C:61:97:4B,1,10,146.6,80:02:9C:61:97:4A,4,0,NONE,2026-08-24T15:50:30.502990
45917,BEACON,-86,11,0,3648,65384,29260,2480816,0,99,7,0,0,14:33:5C:6D:AF:58,0,0,ARMED,448.0,0,1,80:02:9C:61:97:4B,1,1,48.2,80:02:9C:61:97:4A,4,0,NONE,2026-08-24T15:50:31.070990
45917,PROBE_RESP,-94,3,0,2337,65384,29260,2481119,0,99,7,0,0,14:33:5C:6D:AF:58,0,1,ARMED,448.0,0,0,80:02:9C:61:97:4B,1,4,229.6,80:02:9C:61:97:4A,4,0,NONE,2026-08-24T15:50:31.373990
45917,,-58,39,292,2601,65384,29260,2481373,0,99,7,0,0,14:33:5C:6D:AF:58,0,0,ARMED,448.0,0,0,80:02:9C:61:97:4B,1,29,437.7,80:02:9C:61:97:4A,4,0,NONE,2026-08-24T15:50:31.627990
45917,,-54,43,211,3041,65384,29260,2481613,0,99,7,0,0,14:33:5C:6D:AF:58,0,0,ARMED,448.0,0,0,80:02:9C:61:97:4B,1,5,4863.8,80:02:9C:61:97:4A,4,0,NONE,2026-08-24T15:50:31.867990
45917,,-67,30,0,1294,65384,29260,2481907,0,99,7,0,0,14:33:5C:6D:AF:58,0,0,ARMED,448.0,0,0,80:02:9C:61:97:4B,1,16,182.5,80:02:9C:61:97:4A,4,0,NONE,2026-08-24T15:50:32.161990
45917,BEACON,-86,11,0,3663,65384,29260,2482352,0,99,7,0,0,14:33:5C:6D:AF:58,0,0,ARMED,448.0,0,1,80:02:9C:61:97:4B,1,3,141.3,80:02:9C:61:97:4A,4,0,NONE,2026-08-24T15:50:32.606990
45917,,-54,43,1885,1458,65212,29260,2482800,0,99,7,0,0,14:33:5C:6D:AF:58,0,0,ARMED,448.0,0,1,80:02:9C:61:97:4B,1,5,127.9,80:02:9C:61:97:4A,4,0,NONE,2026-08-24T15:50:33.054990
45917,,-73,24,7673,2371,65384,29260,2483012,0,99,7,0,0,14:33:5C:6D:AF:58,0,0,ARMED,448.0,0,1,80:02:9C:61:97:4B,1,9,190.0,80:02:9C:61:97:4A,4,0,NONE,2026-08-24T15:50:33.266990
45917,,31,31,0,2367,65384,29260,2483146,0,99,7,0,0,14:33:5C:6D:AF:58,0,1,ARMED,448.0,0,0,80:02:9C:61:97:4B,1,19,245.8,80:02:9C:61:97:4A,4,0,NONE,2026-08-24T15:50:33.400990
45917,,-73,24,3631,4021,65384,29260,2483340,0,99,7,0,0,14:33:5C:6D:AF:58,0,0,ARMED,448.0,0,1,80:02:9C:61:97:4B,1,24,424.5,80:02:9C:61:97:4A,4,0,NONE,2026-08-24T15:50:33.594990
45917,BEACON,-94,3,0,1471,65384,29260,2483969,0,99,7,0,0,14:33:5C:6D:AF:58,0,0,ARMED,448.0,0,1,80:02:9C:61:97:4B,1,5,154.9,80:02:9C:61:97:4A,4,0,NONE,2026-08-24T15:50:34.223990
45917,BEACON,-92,5,0,1475,65384,29260,2484379,0,99,7,0,0,14:33:5C:6D:AF:58,0,0,ARMED,448.0,0,1,80:02:9C:61:97:4B,1,9,279.3,80:02:9C:61:97:4A,4,0,NONE,2026-08-24T15:50:34.633990
45917,BEACON,-65,32,0,1343,65384,29260,2484662,0,99,7,0,0,14:33:5C:6D:AF:58,0,0,ARMED,448.0,0,1,80:02:9C:61:97:4B,1,2,227.0,80:02:9C:61:97:4A,4,0,NONE,2026-08-24T15:50:34.916990
45917,,-58,39,834,2666,65384,29260,2484915,0,99,7,0,0,14:33:5C:6D:AF:58,0,0,ARMED,448.0,0,0,80:02:9C:61:97:4B,1,17,302.1,80:02:9C:61:97:4A,4,0,NONE,2026-08-24T15:50:35.169990
45917,,-54,43,0,3820,65384,29260,2485282,0,99,7,0,0,14:33:5C:6D:AF:58,0,0,ARMED,448.0,0,0,80:02:9C:61:97:4B,1,18,1284.6,80:02:9C:61:97:4A,4,0,NONE,2026-08-24T15:50:35.536990
45917,BEACON,-88,9,0,3698,65384,29260,2485936,0,99,7,0,0,14:33:5C:6D:AF:58,0,0,ARMED,448.0,0,1,80:02:9C:61:97:4B,1,6,113.2,80:02:9C:61:97:4A,4,0,NONE,2026-08-24T15:50:36.190990
45917,,-74,23,624,1457,64356,29260,2486679,0,99,7,0,0,14:33:5C:6D:AF:58,0,0,ARMED,448.0,0,0,80:02:9C:61:97:4B,1,8,108.4,80:02:9C:61:97:4A,4,0,NONE,2026-08-24T15:50:36.933990
45917,,-69,28,1316,2458,65384,29260,2486958,0,99,7,0,0,14:33:5C:6D:AF:58,0,0,ARMED,448.0,0,1,80:02:9C:61:97:4B,1,12,259.4,80:02:9C:61:97:4A,4,0,NONE,2026-08-24T15:50:37.212990
45917,,-69,28,1316,2458,65384,29260,2486958,0,99,7,0,0,14:33:5C:6D:AF:58,0,0,ARMED,448.0,0,1,80:02:9C:61:97:4B,1,12,259.4,80:02:9C:61:97:4A,4,0,NONE,2026-08-24T15:50:37.212990
45917,,-74,23,45207,4038,65384,29260,2487168,0,99,7,0,0,14:33:5C:6D:AF:58,0,0,ARMED,448.0,0,1,80:02:9C:61:97:4B,1,13,252.2,80:02:9C:61:97:4A,4,0,NONE,2026-08-24T15:50:37.422990
45917,,-54,43,250,1481,65384,29260,2487307,0,99,7,0,0,14:33:5C:6D:AF:58,0,0,ARMED,448.0,0,0,80:02:9C:61:97:4B,1,44,504.3,80:02:9C:61:97:4A,4,0,NONE,2026-08-24T15:50:37.561990
45917,,-74,23,0,2384,62136,29260,2487335,0,99,7,0,0,14:33:5C:6D:AF:58,0,1,ARMED,448.0,0,0,80:02:9C:61:97:4B,1,49,4378.1,80:02:9C:61:97:4A,4,0,NONE,2026-08-24T15:50:37.589990
45917,,-74,23,0,2396,65384,29260,2487350,0,99,7,0,0,14:33:5C:6D:AF:58,0,1,ARMED,448.0,0,0,80:02:9C:61:97:4B,1,99,3700.5,80:02:9C:61:97:4A,4,0,NONE,2026-08-24T15:50:37.604990
45917,,-74,23,392,2405,65196,29260,2487371,0,99,7,0,0,14:33:5C:6D:AF:58,0,1,ARMED,448.0,0,1,80:02:9C:61:97:4B,1,149,3152.4,80:02:9C:61:97:4A,4,0,NONE,2026-08-24T15:50:37.625990
45917,,-74,23,0,2415,63940,29260,2487389,0,99,7,0,0,14:33:5C:6D:AF:58,0,1,ARMED,448.0,0,0,80:02:9C:61:97:4B,1,199,3020.8,80:02:9C:61:97:4A,4,0,NONE,2026-08-24T15:50:37.643990
45917,,-74,23,0,2423,65384,29260,2487418,0,99,7,0,0,14:33:5C:6D:AF:58,0,1,ARMED,448.0,0,0,80:02:9C:61:97:4B,1,249,2632.2,80:02:9C:61:97:4A,4,0,NONE,2026-08-24T15:50:37.672990
45917,,-54,43,250,1654,65368,29260,2487429,0,99,7,0,0,14:33:5C:6D:AF:58,0,1,ARMED,448.0,0,0,80:02:9C:61:97:4B,1,12,2278.8,80:02:9C:61:97:4A,4,0,NONE,2026-08-24T15:50:37.683990
45917,,-54,43,267,1678,65384,29260,2487449,0,99,7,0,0,14:33:5C:6D:AF:58,0,1,ARMED,448.0,0,0,80:02:9C:61:97:4B,1,62,2437.1,80:02:9C:61:97:4A,4,0,NONE,2026-08-24T15:50:37.703990
45917,,-54,43,267,1701,65384,29260,2487487,0,99,7,0,0,14:33:5C:6D:AF:58,0,1,ARMED,448.0,0,0,80:02:9C:61:97:4B,1,112,1772.3,80:02:9C:61:97:4A,4,0,NONE,2026-08-24T15:50:37.741990
45917,,-74,23,144,2458,65384,29260,2487507,0,99,7,0,0,14:33:5C:6D:AF:58,0,1,ARMED,448.0,0,0,80:02:9C:61:97:4B,1,162,1932.9,80:02:9C:61:97:4A,4,0,NONE,2026-08-24T15:50:37.761990
45917,,-54,43,195,1759,65384,29260,2487533,0,99,7,0,0,14:33:5C:6D:AF:58,0,1,ARMED,448.0,0,1,80:02:9C:61:97:4B,1,12,1432.7,80:02:9C:61:97:4A,4,0,NONE,2026-08-24T15:50:37.787990
45917,,-55,42,583,1765,65384,29260,2487559,0,99,7,0,0,14:33:5C:6D:AF:58,0,1,ARMED,448.0,0,1,80:02:9C:61:97:4B,1,62,1806.7,80:02:9C:61:97:4A,4,0,NONE,2026-08-24T15:50:37.813990
45917,,-74,23,3029,4053,65384,29260,2487582,0,99,7,0,0,14:33:5C:6D:AF:58,0,1,ARMED,448.0,0,0,80:02:9C:61:97:4B,1,112,1970.1,80:02:9C:61:97:4A,4,0,NONE,2026-08-24T15:50:37.836990
45917,,-73,24,429,2483,60056,29260,2487607,0,99,7,0,0,14:33:5C:6D:AF:58,0,1,ARMED,448.0,0,1,80:02:9C:61:97:4B,1,162,1971.0,80:02:9C:61:97:4A,4,0,NONE,2026-08-24T15:50:37.861990
45917,,-55,42,168,1838,65384,29260,2487617,0,99,7,0,0,14:33:5C:6D:AF:58,0,1,ARMED,448.0,0,1,80:02:9C:61:97:4B,1,212,2304.4,80:02:9C:61:97:4A,4,0,NONE,2026-08-24T15:50:37.871990
45917,,-54,43,311,1864,65384,29260,2487651,0,99,7,0,0,14:33:5C:6D:AF:58,0,1,ARMED,448.0,0,0,80:02:9C:61:97:4B,1,49,5507.5,80:02:9C:61:97:4A,4,0,NONE,2026-08-24T15:50:37.905990
45917,,-54,43,240,1893,65384,29260,2487667,0,99,7,0,0,14:33:5C:6D:AF:58,0,1,ARMED,448.0,0,1,80:02:9C:61:97:4B,1,99,3901.0,80:02:9C:61:97:4A,4,0,NONE,2026-08-24T15:50:37.921990
45917,,-74,23,453,2528,65384,29260,2487687,0,99,7,0,0,14:33:5C:6D:AF:58,0,1,ARMED,448.0,0,1,80:02:9C:61:97:4B,1,149,3316.8,80:02:9C:61:97:4A,4,0,NONE,2026-08-24T15:50:37.941990
45917,,-74,23,0,2533,65368,29260,2487708,0,99,7,0,0,14:33:5C:6D:AF:58,0,1,ARMED,448.0,0,0,80:02:9C:61:97:4B,1,199,3010.1,80:02:9C:61:97:4A,4,0,NONE,2026-08-24T15:50:37.962990
45917,,-54,43,617,1989,65384,29260,2487728,0,99,7,0,0,14:33:5C:6D:AF:58,0,1,ARMED,448.0,0,0,80:02:9C:61:97:4B,1,249,2909.5,80:02:9C:61:97:4A,4,0,NONE,2026-08-24T15:50:37.982990
45917,,-74,23,0,2547,62456,29260,2487751,0,99,7,0,0,14:33:5C:6D:AF:58,0,1,ARMED,448.0,0,0,80:02:9C:61:97:4B,1,16,1924.7,80:02:9C:61:97:4A,4,0,NONE,2026-08-24T15:50:38.005990
45917,BEACON,-87,10,50,3718,65384,29260,2487983,0,99,7,0,0,14:33:5C:6D:AF:58,0,0,ARMED,448.0,0,1,80:02:9C:61:97:4B,1,5,157.6,80:02:9C:61:97:4A,4,0,NONE,2026-08-24T15:50:38.237990
45917,BEACON,-87,10,53,297,65384,29260,2488259,0,99,7,0,0,14:33:5C:6D:AF:58,0,0,ARMED,448.0,0,1,80:02:9C:61:97:4B,1,25,244.3,80:02:9C:61:97:4A,4,0,NONE,2026-08-24T15:50:38.513990
45917,BEACON,-88,9,82,299,65384,29260,2488464,0,99,7,0,0,14:33:5C:6D:AF:58,0,0,ARMED,448.0,0,1,80:02:9C:61:97:4B,1,9,87.9,80:02:9C:61:97:4A,4,0,NONE,2026-08-24T15:50:38.718990
45917,,-56,41,298,2027,65384,29260,2488668,0,99,7,0,0,14:33:5C:6D:AF:58,0,1,ARMED,448.0,0,0,80:02:9C:61:97:4B,1,1,1000.0,80:02:9C:61:97:4A,4,0,NONE,2026-08-24T15:50:38.922990
45917,BEACON,-86,11,0,3727,65384,29260,2488906,0,99,7,0,0,14:33:5C:6D:AF:58,0,0,ARMED,448.0,0,1,80:02:9C:61:97:4B,1,6,183.0,80:02:9C:61:97:4A,4,0,NONE,2026-08-24T15:50:39.160990
45917,,-53,44,84042,3057,65384,29260,2489483,0,99,7,0,0,14:33:5C:6D:AF:58,0,0,ARMED,448.0,0,1,80:02:9C:61:97:4B,1,8,82.1,80:02:9C:61:97:4A,4,0,NONE,2026-08-24T15:50:39.737990
45917,BEACON,-88,9,0,782,65384,29260,2489984,0,99,7,0,0,14:33:5C:6D:AF:58,0,0,ARMED,448.0,0,1,80:02:9C:61:97:4B,1,4,51.5,80:02:9C:61:97:4A,4,0,NONE,2026-08-24T15:50:40.238990
45917,,43,43,0,1023,65384,29260,2490492,0,99,7,0,0,14:33:5C:6D:AF:58,0,0,ARMED,448.0,0,0,80:02:9C:61:97:4B,1,14,272.8,80:02:9C:61:97:4A,4,0,NONE,2026-08-24T15:50:40.746990
45917,,-62,35,0,1406,63652,29260,2490705,0,99,7,0,0,14:33:5C:6D:AF:58,0,0,ARMED,448.0,0,0,80:02:9C:61:97:4B,1,8,134.4,80:02:9C:61:97:4A,4,0,NONE,2026-08-24T15:50:40.959990
45917,,62,62,0,1410,65384,29260,2491163,0,99,7,0,0,14:33:5C:6D:AF:58,0,0,ARMED,448.0,0,1,80:02:9C:61:97:4B,1,1,179.7,80:02:9C:61:97:4A,4,0,NONE,2026-08-24T15:50:41.417990
45917,,42,42,0,2375,65384,29260,2491475,0,99,7,0,0,14:33:5C:6D:AF:58,0,0,ARMED,448.0,0,0,80:02:9C:61:97:4B,1,6,655.0,80:02:9C:61:97:4A,4,0,NONE,2026-08-24T15:50:41.729990
45917,,-59,38,292,2760,65384,29260,2491756,0,99,7,0,0,14:33:5C:6D:AF:58,0,0,ARMED,448.0,0,0,80:02:9C:61:97:4B,1,33,383.3,80:02:9C:61:97:4A,4,0,NONE,2026-08-24T15:50:42.010990
45917,,-66,31,1443,1613,65384,29260,2491941,0,99,7,0,0,14:33:5C:6D:AF:58,0,1,ARMED,448.0,0,1,80:02:9C:61:97:4B,1,7,105.1,80:02:9C:61:97:4A,4,0,NONE,2026-08-24T15:50:42.195990
45917,,61,61,0,1023,65384,29260,2492229,0,99,7,0,0,14:33:5C:6D:AF:58,0,0,ARMED,448.0,0,1,80:02:9C:61:97:4B,1,5,106.7,80:02:9C:61:97:4A,4,0,NONE,2026-08-24T15:50:42.483990
45917,,31,31,0,1023,65384,29260,2492483,0,99,7,0,0,14:33:5C:6D:AF:58,0,0,ARMED,448.0,0,0,80:02:9C:61:97:4B,1,17,218.2,80:02:9C:61:97:4A,4,0,NONE,2026-08-24T15:50:42.737990
45917,,42,42,0,1023,65384,29260,2492612,0,99,7,0,0,14:33:5C:6D:AF:58,0,1,ARMED,448.0,0,0,80:02:9C:61:97:4B,1,8,4810.6,80:02:9C:61:97:4A,4,0,NONE,2026-08-24T15:50:42.866990
45917,,39,39,0,1023,65384,29260,2492690,0,99,7,0,0,14:33:5C:6D:AF:58,0,1,ARMED,448.0,0,0,80:02:9C:61:97:4B,1,58,725.6,80:02:9C:61:97:4A,4,0,NONE,2026-08-24T15:50:42.944990
45917,,42,42,0,1023,65384,29260,2492736,0,99,7,0,0,14:33:5C:6D:AF:58,0,1,ARMED,448.0,0,0,80:02:9C:61:97:4B,1,37,1892.4,80:02:9C:61:97:4A,4,0,NONE,2026-08-24T15:50:42.990990
45917,,-66,31,473,1617,65336,29260,2492827,0,99,7,0,0,14:33:5C:6D:AF:58,0,1,ARMED,448.0,0,1,80:02:9C:61:97:4B,1,1,1000.0,80:02:9C:61:97:4A,4,0,NONE,2026-08-24T15:50:43.081990
45917,BEACON,-87,10,0,2802,65312,29260,2492948,0,99,7,0,0,14:33:5C:6D:AF:58,0,1,ARMED,448.0,0,1,80:02:9C:61:97:4B,1,19,924.7,80:02:9C:61:97:4A,4,0,NONE,2026-08-24T15:50:43.202990
45917,,-54,43,20011,3887,65384,29260,2493323,0,99,7,0,0,14:33:5C:6D:AF:58,0,0,ARMED,448.0,0,1,80:02:9C:61:97:4B,1,8,119.1,80:02:9C:61:97:4A,4,0,NONE,2026-08-24T15:50:43.577990
45917,,-59,38,292,2792,65384,29260,2493681,0,99,7,0,0,14:33:5C:6D:AF:58,0,0,ARMED,448.0,0,0,80:02:9C:61:97:4B,1,9,571.9,80:02:9C:61:97:4A,4,0,NONE,2026-08-24T15:50:43.935990
45917,,-74,23,10243,36,65384,29260,2493879,0,99,7,0,0,14:33:5C:6D:AF:58,0,0,ARMED,448.0,0,1,80:02:9C:61:97:4B,1,3,287.2,80:02:9C:61:97:4A,4,0,NONE,2026-08-24T15:50:44.133990
45917,BEACON,-65,32,0,1463,65384,29260,2494288,0,99,7,0,0,14:33:5C:6D:AF:58,0,0,ARMED,448.0,0,1,80:02:9C:61:97:4B,1,1,296.0,80:02:9C:61:97:4A,4,0,NONE,2026-08-24T15:50:44.542990
45917,,42,42,0,1023,65384,29260,2494657,0,99,7,0,0,14:33:5C:6D:AF:58,0,0,ARMED,448.0,0,0,80:02:9C:61:97:4B,1,14,213.6,80:02:9C:61:97:4A,4,0,NONE,2026-08-24T15:50:44.911990
45917,,-74,23,0,2563,65384,29260,2494944,0,99,7,0,0,14:33:5C:6D:AF:58,0,0,ARMED,448.0,0,0,80:02:9C:61:97:4B,1,9,202.0,80:02:9C:61:97:4A,4,0,NONE,2026-08-24T15:50:45.198990
45917,,-54,43,311,2057,65384,29260,2494968,0,99,7,0,0,14:33:5C:6D:AF:58,0,0,ARMED,448.0,0,0,80:02:9C:61:97:4B,1,59,853.4,80:02:9C:61:97:4A,4,0,NONE,2026-08-24T15:50:45.222990
45917,,-54,43,311,2057,65384,29260,2494968,0,99,7,0,0,14:33:5C:6D:AF:58,0,0,ARMED,448.0,0,0,80:02:9C:61:97:4B,1,59,853.4,80:02:9C:61:97:4A,4,0,NONE,2026-08-24T15:50:45.222990
45917,,-54,43,179,2078,65384,29260,2494992,0,99,7,0,0,14:33:5C:6D:AF:58,0,0,ARMED,448.0,0,1,80:02:9C:61:97:4B,1,109,1177.8,80:02:9C:61:97:4A,4,0,NONE,2026-08-24T15:50:45.246990
45917,,-55,42,909,2106,65384,29260,2495016,0,99,7,0,0,14:33:5C:6D:AF:58,0,1,ARMED,448.0,0,0,80:02:9C:61:97:4B,1,49,6187.6,80:02:9C:61:97:4A,4,0,NONE,2026-08-24T15:50:45.270990
45917,,-74,23,0,2598,63956,29260,2495038,0,99,7,0,0,14:33:5C:6D:AF:58,0,1,ARMED,448.0,0,0,80:02:9C:61:97:4B,1,99,3286.7,80:02:9C:61:97:4A,4,0,NONE,2026-08-24T15:50:45.292990
45917,,-54,43,311,2164,65384,29260,2495057,0,99,7,0,0,14:33:5C:6D:AF:58,0,1,ARMED,448.0,0,0,80:02:9C:61:97:4B,1,149,2996.5,80:02:9C:61:97:4A,4,0,NONE,2026-08-24T15:50:45.311990
45917,,-54,43,410,2174,65384,29260,2495177,0,99,7,0,0,14:33:5C:6D:AF:58,0,1,ARMED,448.0,0,0,80:02:9C:61:97:4B,1,24,353.5,80:02:9C:61:97:4A,4,0,NONE,2026-08-24T15:50:45.431990
45917,,-59,38,284,2823,65384,29260,2495293,0,99,7,0,0,14:33:5C:6D:AF:58,0,1,ARMED,448.0,0,1,80:02:9C:61:97:4B,1,36,430.2,80:02:9C:61:97:4A,4,0,NONE,2026-08-24T15:50:45.547990
45917,BEACON,-86,11,82,3790,65384,29260,2495356,0,99,7,0,0,14:33:5C:6D:AF:58,0,1,ARMED,448.0,0,1,80:02:9C:61:97:4B,1,34,772.7,80:02:9C:61:97:4A,4,0,NONE,2026-08-24T15:50:45.610990
45917,,-73,24,413,1479,65384,29260,2495430,0,99,7,0,0,14:33:5C:6D:AF:58,0,1,ARMED,448.0,0,0,80:02:9C:61:97:4B,1,17,940.1,80:02:9C:61:97:4A,4,0,NONE,2026-08-24T15:50:45.684990
45917,,-54,43,678,2206,65384,29260,2495478,0,99,7,0,0,14:33:5C:6D:AF:58,0,1,ARMED,448.0,0,0,80:02:9C:61:97:4B,1,67,1018.6,80:02:9C:61:97:4A,4,0,NONE,2026-08-24T15:50:45.732990
45917,,-54,43,308,2216,65384,29260,2495605,0,99,7,0,0,14:33:5C:6D:AF:58,0,1,ARMED,448.0,0,0,80:02:9C:61:97:4B,1,34,371.9,80:02:9C:61:97:4A,4,0,NONE,2026-08-24T15:50:45.859990
45917,,42,42,0,1023,65384,29260,2495676,0,99,7,0,0,14:33:5C:6D:AF:58,0,1,ARMED,448.0,0,0,80:02:9C:61:97:4B,1,43,711.5,80:02:9C:61:97:4A,4,0,NONE,2026-08-24T15:50:45.930990
45917,,39,39,0,2223,65384,29260,2495745,0,99,7,0,0,14:33:5C:6D:AF:58,0,1,ARMED,448.0,0,0,80:02:9C:61:97:4B,1,19,708.5,80:02:9C:61:97:4A,4,0,NONE,2026-08-24T15:50:45.999990
45917,,-74,23,610,2650,64776,29260,2495796,0,99,7,0,0,14:33:5C:6D:AF:58,0,1,ARMED,448.0,0,1,80:02:9C:61:97:4B,1,69,881.0,80:02:9C:61:97:4A,4,0,NONE,2026-08-24T15:50:46.050990
45917,,-54,43,311,2267,65204,29260,2495830,0,99,7,0,0,14:33:5C:6D:AF:58,0,1,ARMED,448.0,0,0,80:02:9C:61:97:4B,1,22,1761.8,80:02:9C:61:97:4A,4,0,NONE,2026-08-24T15:50:46.084990
45917,,-74,23,0,2674,63188,29260,2495852,0,99,7,0,0,14:33:5C:6D:AF:58,0,1,ARMED,448.0,0,0,80:02:9C:61:97:4B,1,72,2096.8,80:02:9C:61:97:4A,4,0,NONE,2026-08-24T15:50:46.106990
45917,,-54,43,311,2326,65384,29260,2495872,0,99,7,0,0,14:33:5C:6D:AF:58,0,1,ARMED,448.0,0,0,80:02:9C:61:97:4B,1,122,2258.0,80:02:9C:61:97:4A,4,0,NONE,2026-08-24T15:50:46.126990
45917,,-73,24,0,2699,64740,29260,2495889,0,99,7,0,0,14:33:5C:6D:AF:58,0,1,ARMED,448.0,0,0,80:02:9C:61:97:4B,1,172,2434.6,80:02:9C:61:97:4A,4,0,NONE,2026-08-24T15:50:46.143990
45917,,-54,43,311,2384,65384,29260,2495918,0,99,7,0,0,14:33:5C:6D:AF:58,0,1,ARMED,448.0,0,0,80:02:9C:61:97:4B,1,222,2219.0,80:02:9C:61:97:4A,4,0,NONE,2026-08-24T15:50:46.172990
45917,,-54,43,311,2406,65384,29260,2495937,0,99,7,0,0,14:33:5C:6D:AF:58,0,1,ARMED,448.0,0,0,80:02:9C:61:97:4B,1,49,3090.5,80:02:9C:61:97:4A,4,0,NONE,2026-08-24T15:50:46.191990
45917,,-74,23,2741,131,65384,29260,2495959,0,99,7,0,0,14:33:5C:6D:AF:58,0,1,ARMED,448.0,0,1,80:02:9C:61:97:4B,1,99,2574.2,80:02:9C:61:97:4A,4,0,NONE,2026-08-24T15:50:46.213990
45917,,-74,23,0,2738,65384,29260,2495978,0,99,7,0,0,14:33:5C:6D:AF:58,0,1,ARMED,448.0,0,0,80:02:9C:61:97:4B,1,149,2597.1,80:02:9C:61:97:4A,4,0,NONE,2026-08-24T15:50:46.232990
45917,,-74,23,0,2745,63956,29260,2495998,0,99,7,0,0,14:33:5C:6D:AF:58,0,1,ARMED,448.0,0,0,80:02:9C:61:97:4B,1,199,2583.0,80:02:9C:61:97:4A,4,0,NONE,2026-08-24T15:50:46.252990
45917,,-54,43,337,2513,65384,29260,2496024,0,99,7,0,0,14:33:5C:6D:AF:58,0,1,ARMED,448.0,0,0,80:02:9C:61:97:4B,1,3,927.4,80:02:9C:61:97:4A,4,0,NONE,2026-08-24T15:50:46.278990
45917,,-54,43,843,2545,65384,29260,2496046,0,99,7,0,0,14:33:5C:6D:AF:58,0,1,ARMED,448.0,0,0,80:02:9C:61:97:4B,1,53,2100.8,80:02:9C:61:97:4A,4,0,NONE,2026-08-24T15:50:46.300990
45917,,-73,24,436,2774,65384,29260,2496068,0,99,7,0,0,14:33:5C:6D:AF:58,0,1,ARMED,448.0,0,1,80:02:9C:61:97:4B,1,103,2172.9,80:02:9C:61:97:4A,4,0,NONE,2026-08-24T15:50:46.322990
45917,,-73,24,126,115,65384,29260,2496088,0,99,7,0,0,14:33:5C:6D:AF:58,0,1,ARMED,448.0,0,1,80:02:9C:61:97:4B,1,153,2280.3,80:02:9C:61:97:4A,4,0,NONE,2026-08-24T15:50:46.342990
45917,,-54,43,266,2632,65384,29260,2496109,0,99,7,0,0,14:33:5C:6D:AF:58,0,1,ARMED,448.0,0,0,80:02:9C:61:97:4B,1,203,2303.4,80:02:9C:61:97:4A,4,0,NONE,2026-08-24T15:50:46.363990
45917,,-54,43,466,2673,65384,29260,2496138,0,99,7,0,0,14:33:5C:6D:AF:58,0,1,ARMED,448.0,0,0,80:02:9C:61:97:4B,1,49,12918.5,80:02:9C:61:97:4A,4,0,NONE,2026-08-24T15:50:46.392990
45917,,-74,23,244,2810,65384,29260,2496150,0,99,7,0,0,14:33:5C:6D:AF:58,0,1,ARMED,448.0,0,0,80:02:9C:61:97:4B,1,99,6164.4,80:02:9C:61:97:4A,4,0,NONE,2026-08-24T15:50:46.404990
45917,,-54,43,249,2736,63956,29260,2496170,0,99,7,0,0,14:33:5C:6D:AF:58,0,1,ARMED,448.0,0,0,80:02:9C:61:97:4B,1,149,4153.4,80:02:9C:61:97:4A,4,0,NONE,2026-08-24T15:50:46.424990
45917,,-54,43,278,2769,65384,29260,2496183,0,99,7,0,0,14:33:5C:6D:AF:58,0,1,ARMED,448.0,0,0,80:02:9C:61:97:4B,1,199,4065.0,80:02:9C:61:97:4A,4,0,NONE,2026-08-24T15:50:46.437990
45917,,-74,23,376,2832,65384,29260,2496203,0,99,7,0,0,14:33:5C:6D:AF:58,0,1,ARMED,448.0,0,0,80:02:9C:61:97:4B,1,249,3629.7,80:02:9C:61:97:4A,4,0,NONE,2026-08-24T15:50:46.457990
45917,,-54,43,377,2825,65384,29260,2496218,0,99,7,0,0,14:33:5C:6D:AF:58,0,1,ARMED,448.0,0,0,80:02:9C:61:97:4B,1,299,3580.4,80:02:9C:61:97:4A,4,0,NONE,2026-08-24T15:50:46.472990
45917,,-54,43,267,2838,65384,29260,2496240,0,99,7,0,0,14:33:5C:6D:AF:58,0,1,ARMED,448.0,0,0,80:02:9C:61:97:4B,1,43,7606.6,80:02:9C:61:97:4A,4,0,NONE,2026-08-24T15:50:46.494990
45917,,-73,24,0,2858,65368,29260,2496264,0,99,7,0,0,14:33:5C:6D:AF:58,0,1,ARMED,448.0,0,0,80:02:9C:61:97:4B,1,93,3142.6,80:02:9C:61:97:4A,4,0,NONE,2026-08-24T15:50:46.518990
45917,,-54,43,303,2894,65368,29260,2496284,0,99,7,0,0,14:33:5C:6D:AF:58,0,1,ARMED,448.0,0,0,80:02:9C:61:97:4B,1,143,2894.0,80:02:9C:61:97:4A,4,0,NONE,2026-08-24T15:50:46.538990
45917,,-54,43,538,2919,65384,29260,2496294,0,99,7,0,0,14:33:5C:6D:AF:58,0,1,ARMED,448.0,0,0,80:02:9C:61:97:4B,1,193,3242.9,80:02:9C:61:97:4A,4,0,NONE,2026-08-24T15:50:46.548990
45917,,-54,43,693,2942,65384,29260,2496332,0,99,7,0,0,14:33:5C:6D:AF:58,0,1,ARMED,448.0,0,0,80:02:9C:61:97:4B,1,243,2471.8,80:02:9C:61:97:4A,4,0,NONE,2026-08-24T15:50:46.586990
45917,,-74,23,0,2894,65368,29260,2496350,0,99,7,0,0,14:33:5C:6D:AF:58,0,1,ARMED,448.0,0,0,80:02:9C:61:97:4B,1,49,3431.9,80:02:9C:61:97:4A,4,0,NONE,2026-08-24T15:50:46.604990
45917,PROBE_RESP,-87,10,0,4060,65384,29260,2496474,0,99,7,0,0,14:33:5C:6D:AF:58,0,1,ARMED,448.0,0,1,80:02:9C:61:97:4B,1,10,281.3,80:02:9C:61:97:4A,4,0,NONE,2026-08-24T15:50:46.728990
45917,BEACON,-86,11,0,2841,65384,29260,2496942,0,99,7,0,0,14:33:5C:6D:AF:58,0,0,ARMED,448.0,0,1,80:02:9C:61:97:4B,1,7,74.7,80:02:9C:61:97:4A,4,0,NONE,2026-08-24T15:50:47.196990
45917,BEACON,-88,9,0,386,65384,29260,2497373,0,99,7,0,0,14:33:5C:6D:AF:58,0,0,ARMED,448.0,0,1,80:02:9C:61:97:4B,1,8,77.9,80:02:9C:61:97:4A,4,0,NONE,2026-08-24T15:50:47.627990
45917,BEACON,-93,4,0,1606,65384,29260,2497798,0,99,7,0,0,14:33:5C:6D:AF:58,0,0,ARMED,448.0,0,1,80:02:9C:61:97:4B,1,2,126.8,80:02:9C:61:97:4A,4,0,NONE,2026-08-24T15:50:48.052990
45917,,-74,23,22218,189,65384,29260,2498264,0,99,7,0,0,14:33:5C:6D:AF:58,0,0,ARMED,448.0,0,1,80:02:9C:61:97:4B,1,8,109.9,80:02:9C:61:97:4A,4,0,NONE,2026-08-24T15:50:48.518990
45917,,-53,44,419,3941,65384,29260,2498723,0,99,7,0,0,14:33:5C:6D:AF:58,0,0,ARMED,448.0,0,1,80:02:9C:61:97:4B,1,11,586.7,80:02:9C:61:97:4A,4,0,NONE,2026-08-24T15:50:48.977990
45917,,-54,43,0,3956,65384,29260,2498873,0,99,7,0,0,14:33:5C:6D:AF:58,0,1,ARMED,448.0,0,0,80:02:9C:61:97:4B,1,21,316.4,80:02:9C:61:97:4A,4,0,NONE,2026-08-24T15:50:49.127990
45917,,-74,23,2726,192,65384,29260,2499070,0,99,7,0,0,14:33:5C:6D:AF:58,0,0,ARMED,448.0,0,0,80:02:9C:61:97:4B,1,9,151.7,80:02:9C:61:97:4A,4,0,NONE,2026-08-24T15:50:49.324990
45917,BEACON,-89,8,25809,3830,65384,29260,2499452,0,99,7,0,0,14:33:5C:6D:AF:58,0,0,ARMED,448.0,0,1,80:02:9C:61:97:4B,1,2,97.8,80:02:9C:61:97:4A,4,0,NONE,2026-08-24T15:50:49.706990
45917,BEACON,-89,8,0,880,65384,29260,2499712,0,99,7,0,0,14:33:5C:6D:AF:58,0,0,ARMED,448.0,0,1,80:02:9C:61:97:4B,1,22,289.7,80:02:9C:61:97:4A,4,0,NONE,2026-08-24T15:50:49.966990
45917,,43,43,0,1023,65384,29260,2499775,0,99,7,0,0,14:33:5C:6D:AF:58,0,1,ARMED,448.0,0,0,80:02:9C:61:97:4B,1,13,335.5,80:02:9C:61:97:4A,4,0,NONE,2026-08-24T15:50:50.029990
45917,BEACON,-85,12,82,2871,65312,29260,2500014,0,99,7,0,0,14:33:5C:6D:AF:58,0,0,ARMED,448.0,0,1,80:02:9C:61:97:4B,1,5,69.0,80:02:9C:61:97:4A,4,0,NONE,2026-08-24T15:50:50.268990
45917,,-67,30,13533,3188,65384,29260,2500561,0,99,7,0,0,14:33:5C:6D:AF:58,0,0,ARMED,448.0,0,1,80:02:9C:61:97:4B,1,1,354.4,80:02:9C:61:97:4A,4,0,NONE,2026-08-24T15:50:50.815990
45917,BEACON,-94,3,27696,1637,65384,29260,2500973,0,99,7,0,0,14:33:5C:6D:AF:58,0,0,ARMED,448.0,0,1,80:02:9C:61:97:4B,1,7,79.8,80:02:9C:61:97:4A,4,0,NONE,2026-08-24T15:50:51.227990
45917,BEACON,-88,9,0,898,65384,29260,2501555,0,99,7,0,0,14:33:5C:6D:AF:58,0,0,ARMED,448.0,0,1,80:02:9C:61:97:4B,1,7,127.2,80:02:9C:61:97:4A,4,0,NONE,2026-08-24T15:50:51.809990
45917,,-53,44,61,3979,65384,29260,2501790,0,99,7,0,0,14:33:5C:6D:AF:58,0,0,ARMED,448.0,0,0,80:02:9C:61:97:4B,1,26,608.6,80:02:9C:61:97:4A,4,0,NONE,2026-08-24T15:50:52.044990
45917,,-65,32,0,43,65384,29260,2502142,0,99,7,0,0,14:33:5C:6D:AF:58,0,0,ARMED,448.0,0,1,80:02:9C:61:97:4B,1,8,85.8,80:02:9C:61:97:4A,4,0,NONE,2026-08-24T15:50:52.396990
45917,,-52,45,0,3996,65384,29260,2502213,0,99,7,0,0,14:33:5C:6D:AF:58,0,0,ARMED,448.0,0,0,80:02:9C:61:97:4B,1,48,751.5,80:02:9C:61:97:4A,4,0,NONE,2026-08-24T15:50:52.467990
45917,,44,44,0,1023,65384,29260,2502411,0,99,7,0,0,14:33:5C:6D:AF:58,1,1,ARMED,448.0,0,1,80:02:9C:61:97:4B,1,15,245.6,80:02:9C:61:97:4A,4,0,NONE,2026-08-24T15:50:52.665990
45917,BEACON,-92,5,82,1653,65384,29260,2502606,0,99,7,0,0,14:33:5C:6D:AF:58,0,0,ARMED,448.0,0,1,80:02:9C:61:97:4B,1,15,305.1,80:02:9C:61:97:4A,4,0,NONE,2026-08-24T15:50:52.860990
