pen,subtype,rssi,snr,ipat,seq,heap,minheap,uptime,reconn,qpeak,udpfail,backlog,dropped,host_mac,pred_attack,pred_raw,calib,calib_thr,deauth_tgt,seq_jump,ap_bssid,channel,win_pkts,win_dens,gw_mac,gw_flip,label,attack_type,timestamp
45917,MGMT_OTHER,-87,10,533,2855,65416,43376,262868,0,68,10,0,0,14:33:5C:6D:AF:58,1,1,ARMED,70.0,0,1,80:02:9C:61:97:4B,11,84,825.3,80:02:9C:61:97:4A,2,0,NONE,2026-08-19T16:21:26.605269
45917,PROBE_REQ,-88,9,50,1073,64528,43376,262911,0,68,10,0,0,14:33:5C:6D:AF:58,1,1,ARMED,70.0,0,1,80:02:9C:61:97:4B,11,50,1119.9,80:02:9C:61:97:4A,2,0,NONE,2026-08-19T16:21:26.648269
45917,,39,39,0,130,65416,43376,262944,0,68,10,0,0,14:33:5C:6D:AF:58,1,1,ARMED,70.0,0,1,80:02:9C:61:97:4B,11,100,1288.0,80:02:9C:61:97:4A,2,0,NONE,2026-08-19T16:21:26.654604
45917,,39,39,0,764,65416,43376,262995,0,68,10,0,0,14:33:5C:6D:AF:58,1,1,ARMED,70.0,0,0,80:02:9C:61:97:4B,11,33,1185.9,80:02:9C:61:97:4A,2,0,NONE,2026-08-19T16:21:26.654859
45917,MGMT_OTHER,-86,11,0,1126,65416,43376,263073,0,68,10,0,0,14:33:5C:6D:AF:58,1,1,ARMED,70.0,0,1,80:02:9C:61:97:4B,11,3,772.0,80:02:9C:61:97:4A,2,0,NONE,2026-08-19T16:21:26.732859
45917,PROBE_REQ,-86,11,1002,15,64772,43376,263125,0,68,10,0,0,14:33:5C:6D:AF:58,1,1,ARMED,70.0,0,0,80:02:9C:61:97:4B,11,53,934.2,80:02:9C:61:97:4A,2,0,NONE,2026-08-19T16:21:26.784859
45917,MGMT_OTHER,-87,10,48,2310,64128,43376,263180,0,68,10,0,0,14:33:5C:6D:AF:58,1,1,ARMED,70.0,0,1,80:02:9C:61:97:4B,11,7,659.6,80:02:9C:61:97:4A,2,0,NONE,2026-08-19T16:21:26.839859
45917,PROBE_REQ,-92,5,175,14,63484,43376,263219,0,68,10,0,0,14:33:5C:6D:AF:58,1,1,ARMED,70.0,0,1,80:02:9C:61:97:4B,11,57,1147.7,80:02:9C:61:97:4A,2,0,NONE,2026-08-19T16:21:26.878859
45917,MGMT_OTHER,-91,6,1799,0,62840,43376,263253,0,68,10,0,0,14:33:5C:6D:AF:58,1,1,ARMED,70.0,0,1,80:02:9C:61:97:4B,11,107,1277.8,80:02:9C:61:97:4A,2,0,NONE,2026-08-19T16:21:26.901079
45917,PROBE_REQ,-91,6,0,14,65400,43376,263326,0,68,10,0,0,14:33:5C:6D:AF:58,1,1,ARMED,70.0,0,1,80:02:9C:61:97:4B,11,32,576.1,80:02:9C:61:97:4A,2,0,NONE,2026-08-19T16:21:26.974079
45917,MGMT_OTHER,-88,9,2063,398,64772,43376,263373,0,68,10,0,0,14:33:5C:6D:AF:58,1,1,ARMED,70.0,0,1,80:02:9C:61:97:4B,11,82,816.9,80:02:9C:61:97:4A,2,0,NONE,2026-08-19T16:21:27.021079
45917,,39,39,0,432,65416,43376,263509,0,68,10,0,0,14:33:5C:6D:AF:58,1,1,ARMED,70.0,0,0,80:02:9C:61:97:4B,11,9,241.8,80:02:9C:61:97:4A,2,0,NONE,2026-08-19T16:21:27.148097
45917,,27,27,0,3738,65416,43376,263722,0,68,10,0,0,14:33:5C:6D:AF:58,1,0,ARMED,70.0,0,0,80:02:9C:61:97:4B,11,19,464.0,80:02:9C:61:97:4A,2,0,NONE,2026-08-19T16:21:27.358939
45917,,38,38,0,3740,65416,43376,263950,0,68,10,0,0,14:33:5C:6D:AF:58,0,0,ARMED,70.0,0,0,80:02:9C:61:97:4B,11,22,347.9,80:02:9C:61:97:4A,2,0,NONE,2026-08-19T16:21:27.586196
45917,,26,26,0,3719,65416,43376,264183,0,68,10,0,0,14:33:5C:6D:AF:58,0,1,ARMED,70.0,0,0,80:02:9C:61:97:4B,11,11,120.2,80:02:9C:61:97:4A,2,0,NONE,2026-08-19T16:21:27.819196
45917,,26,26,0,1023,65416,43376,264481,0,68,10,0,0,14:33:5C:6D:AF:58,0,0,ARMED,70.0,0,1,80:02:9C:61:97:4B,11,18,216.4,80:02:9C:61:97:4A,2,0,NONE,2026-08-19T16:21:28.117196
45917,PROBE_REQ,-92,5,391,1302,65416,43376,264647,0,68,10,0,0,14:33:5C:6D:AF:58,1,1,ARMED,70.0,0,1,80:02:9C:61:97:4B,11,17,393.8,80:02:9C:61:97:4A,2,0,NONE,2026-08-19T16:21:28.283196
45917,MGMT_OTHER,-88,9,9089,1207,65416,43376,264730,0,68,10,0,0,14:33:5C:6D:AF:58,1,1,ARMED,70.0,0,1,80:02:9C:61:97:4B,11,12,481.3,80:02:9C:61:97:4A,2,0,NONE,2026-08-19T16:21:28.366196
45917,MGMT_OTHER,-90,7,0,1817,65416,43376,264812,0,68,10,0,0,14:33:5C:6D:AF:58,1,1,ARMED,70.0,0,1,80:02:9C:61:97:4B,11,7,1256.5,80:02:9C:61:97:4A,2,0,NONE,2026-08-19T16:21:28.448196
45917,MGMT_OTHER,-89,8,49,3778,65416,43376,264858,0,68,10,0,0,14:33:5C:6D:AF:58,1,1,ARMED,70.0,0,1,80:02:9C:61:97:4B,11,57,1115.0,80:02:9C:61:97:4A,2,0,NONE,2026-08-19T16:21:28.494196
45917,MGMT_OTHER,-89,8,48,1789,65416,43376,264938,0,68,10,0,0,14:33:5C:6D:AF:58,1,1,ARMED,70.0,0,1,80:02:9C:61:97:4B,11,15,536.3,80:02:9C:61:97:4A,2,0,NONE,2026-08-19T16:21:28.574196
45917,MGMT_OTHER,-88,9,48,2013,64772,43376,264981,0,68,10,0,0,14:33:5C:6D:AF:58,1,1,ARMED,70.0,0,1,80:02:9C:61:97:4B,11,65,911.5,80:02:9C:61:97:4A,2,0,NONE,2026-08-19T16:21:28.617196
45917,BEACON,-67,30,2000,1518,64128,43376,265031,0,68,10,0,0,14:33:5C:6D:AF:58,1,1,ARMED,70.0,0,1,80:02:9C:61:97:4B,11,12,650.8,80:02:9C:61:97:4A,2,0,NONE,2026-08-19T16:21:28.667196
45917,MGMT_OTHER,-91,6,2063,2967,65416,43376,265075,0,68,10,0,0,14:33:5C:6D:AF:58,1,1,ARMED,70.0,0,1,80:02:9C:61:97:4B,11,62,982.8,80:02:9C:61:97:4A,2,0,NONE,2026-08-19T16:21:28.711196
45917,,-88,9,562,3912,64772,43376,265151,0,68,10,0,0,14:33:5C:6D:AF:58,1,1,ARMED,70.0,0,1,80:02:9C:61:97:4B,11,23,628.9,80:02:9C:61:97:4A,2,0,NONE,2026-08-19T16:21:28.787196
45917,MGMT_OTHER,-87,10,136,6,65340,43376,265222,0,68,10,0,0,14:33:5C:6D:AF:58,1,1,ARMED,70.0,0,1,80:02:9C:61:97:4B,11,7,1368.5,80:02:9C:61:97:4A,2,0,NONE,2026-08-19T16:21:28.858196
45917,,-90,7,74,3637,65416,43376,265273,0,68,10,0,0,14:33:5C:6D:AF:58,1,1,ARMED,70.0,0,1,80:02:9C:61:97:4B,11,57,1015.4,80:02:9C:61:97:4A,2,0,NONE,2026-08-19T16:21:28.909196
45917,MGMT_OTHER,-91,6,7732,2090,65416,43376,265344,0,68,10,0,0,14:33:5C:6D:AF:58,1,1,ARMED,70.0,0,1,80:02:9C:61:97:4B,11,21,855.0,80:02:9C:61:97:4A,2,0,NONE,2026-08-19T16:21:28.980196
45917,,-91,6,2018,3223,65416,43376,265431,0,68,10,0,0,14:33:5C:6D:AF:58,1,1,ARMED,70.0,0,1,80:02:9C:61:97:4B,11,17,1902.4,80:02:9C:61:97:4A,2,0,NONE,2026-08-19T16:21:29.067196
45917,MGMT_OTHER,-89,8,49,1049,65416,43376,265488,0,68,10,0,0,14:33:5C:6D:AF:58,1,1,ARMED,70.0,0,1,80:02:9C:61:97:4B,11,67,1008.8,80:02:9C:61:97:4A,2,0,NONE,2026-08-19T16:21:29.124196
45917,,-65,32,292,906,65416,43376,265608,0,68,10,0,0,14:33:5C:6D:AF:58,1,1,ARMED,70.0,0,0,80:02:9C:61:97:4B,11,30,360.3,80:02:9C:61:97:4A,2,0,NONE,2026-08-19T16:21:29.244196
45917,,29,29,0,446,65416,43376,265762,0,68,10,0,0,14:33:5C:6D:AF:58,0,0,ARMED,70.0,0,0,80:02:9C:61:97:4B,11,6,247.7,80:02:9C:61:97:4A,2,0,NONE,2026-08-19T16:21:29.398196
45917,,29,29,0,3628,65416,43376,265971,0,68,10,0,0,14:33:5C:6D:AF:58,0,0,ARMED,70.0,0,0,80:02:9C:61:97:4B,11,8,282.7,80:02:9C:61:97:4A,2,0,NONE,2026-08-19T16:21:29.607196
45917,,40,40,0,3629,65416,43376,266109,0,68,10,0,0,14:33:5C:6D:AF:58,0,1,ARMED,70.0,0,0,80:02:9C:61:97:4B,11,11,172.6,80:02:9C:61:97:4A,2,0,NONE,2026-08-19T16:21:29.745196
45917,,29,29,0,1023,65416,43376,266221,0,68,10,0,0,14:33:5C:6D:AF:58,0,1,ARMED,70.0,0,0,80:02:9C:61:97:4B,11,19,260.4,80:02:9C:61:97:4A,2,0,NONE,2026-08-19T16:21:29.857196
45917,MGMT_OTHER,-91,6,4820,660,65416,43376,266344,0,68,10,0,0,14:33:5C:6D:AF:58,0,0,ARMED,70.0,0,1,80:02:9C:61:97:4B,11,44,469.3,80:02:9C:61:97:4A,2,0,NONE,2026-08-19T16:21:29.980196
45917,,66,66,0,1657,65416,43376,266553,0,68,10,0,0,14:33:5C:6D:AF:58,0,0,ARMED,70.0,0,0,80:02:9C:61:97:4B,11,23,246.5,80:02:9C:61:97:4A,2,0,NONE,2026-08-19T16:21:30.189196
45917,,29,29,0,1,65416,43376,266721,0,68,10,0,0,14:33:5C:6D:AF:58,0,1,ARMED,70.0,0,0,80:02:9C:61:97:4B,11,17,301.4,80:02:9C:61:97:4A,2,0,NONE,2026-08-19T16:21:30.357196
45917,,39,39,0,1660,65416,43376,266859,0,68,10,0,0,14:33:5C:6D:AF:58,1,1,ARMED,70.0,0,0,80:02:9C:61:97:4B,11,24,260.8,80:02:9C:61:97:4A,2,0,NONE,2026-08-19T16:21:30.495196
45917,,39,39,0,254,65416,43376,266989,0,68,10,0,0,14:33:5C:6D:AF:58,0,1,ARMED,70.0,0,1,80:02:9C:61:97:4B,11,7,424.6,80:02:9C:61:97:4A,2,0,NONE,2026-08-19T16:21:30.625196
45917,MGMT_OTHER,-88,9,0,7,65416,43376,267204,0,68,10,0,0,14:33:5C:6D:AF:58,1,0,ARMED,70.0,0,1,80:02:9C:61:97:4B,11,7,259.2,80:02:9C:61:97:4A,2,0,NONE,2026-08-19T16:21:30.840196
45917,,22,22,0,1665,65416,43376,267371,0,68,10,0,0,14:33:5C:6D:AF:58,0,0,ARMED,70.0,0,0,80:02:9C:61:97:4B,11,33,358.6,80:02:9C:61:97:4A,2,0,NONE,2026-08-19T16:21:31.007196
45917,MGMT_OTHER,-76,21,0,143,65416,43376,267629,0,68,10,0,0,14:33:5C:6D:AF:58,0,0,ARMED,70.0,0,1,80:02:9C:61:97:4B,11,8,264.7,80:02:9C:61:97:4A,2,0,NONE,2026-08-19T16:21:31.265196
45917,PROBE_REQ,-91,6,0,463,65416,43376,267812,0,68,10,0,0,14:33:5C:6D:AF:58,0,0,ARMED,70.0,0,1,80:02:9C:61:97:4B,11,3,318.3,80:02:9C:61:97:4A,2,0,NONE,2026-08-19T16:21:31.448196
45917,BEACON,-94,3,0,1441,65416,43376,267996,0,68,10,0,0,14:33:5C:6D:AF:58,0,1,ARMED,70.0,0,1,80:02:9C:61:97:4B,11,20,213.6,80:02:9C:61:97:4A,2,0,NONE,2026-08-19T16:21:31.632196
45917,,38,38,0,255,65416,43376,268269,0,68,10,0,0,14:33:5C:6D:AF:58,0,0,ARMED,70.0,0,0,80:02:9C:61:97:4B,11,8,181.7,80:02:9C:61:97:4A,2,0,NONE,2026-08-19T16:21:31.905196
45917,BEACON,-64,33,0,1554,65416,43376,268503,0,68,10,0,0,14:33:5C:6D:AF:58,0,0,ARMED,70.0,0,1,80:02:9C:61:97:4B,11,17,266.1,80:02:9C:61:97:4A,2,0,NONE,2026-08-19T16:21:32.139196
45917,,26,26,0,3763,65416,43376,268688,0,68,10,0,0,14:33:5C:6D:AF:58,0,1,ARMED,70.0,0,0,80:02:9C:61:97:4B,11,6,172.0,80:02:9C:61:97:4A,2,0,NONE,2026-08-19T16:21:32.324141
45917,,26,26,0,1023,65416,43376,268873,0,68,10,0,0,14:33:5C:6D:AF:58,0,0,ARMED,70.0,0,1,80:02:9C:61:97:4B,11,1,81.5,80:02:9C:61:97:4A,2,0,NONE,2026-08-19T16:21:32.509141
45917,,26,26,0,1452,65416,43376,269135,0,68,10,0,0,14:33:5C:6D:AF:58,0,0,ARMED,70.0,0,0,80:02:9C:61:97:4B,11,13,191.1,80:02:9C:61:97:4A,2,0,NONE,2026-08-19T16:21:32.771141
45917,BEACON,-84,13,0,3770,65416,43376,269402,0,68,10,0,0,14:33:5C:6D:AF:58,0,0,ARMED,70.0,0,1,80:02:9C:61:97:4B,11,3,242.5,80:02:9C:61:97:4A,2,0,NONE,2026-08-19T16:21:33.038141
45917,,-93,4,1375,3642,65416,43376,269558,0,68,10,0,0,14:33:5C:6D:AF:58,0,0,ARMED,70.0,0,1,80:02:9C:61:97:4B,11,34,507.8,80:02:9C:61:97:4A,2,0,NONE,2026-08-19T16:21:33.194141
45917,,19,19,0,1687,65400,43376,269624,0,68,10,0,0,14:33:5C:6D:AF:58,1,1,ARMED,70.0,0,0,80:02:9C:61:97:4B,11,19,584.9,80:02:9C:61:97:4A,2,0,NONE,2026-08-19T16:21:33.260141
45917,MGMT_OTHER,-85,12,2617,3932,65416,43376,269695,0,68,10,0,0,14:33:5C:6D:AF:58,1,1,ARMED,70.0,0,1,80:02:9C:61:97:4B,11,69,684.9,80:02:9C:61:97:4A,2,0,NONE,2026-08-19T16:21:33.331141
45917,,66,66,0,902,65416,43376,269754,0,68,10,0,0,14:33:5C:6D:AF:58,1,1,ARMED,70.0,0,0,80:02:9C:61:97:4B,11,50,817.6,80:02:9C:61:97:4A,2,0,NONE,2026-08-19T16:21:33.390141
45917,MGMT_OTHER,-87,10,2017,3573,65416,43376,269831,0,68,10,0,0,14:33:5C:6D:AF:58,1,1,ARMED,70.0,0,1,80:02:9C:61:97:4B,11,24,646.4,80:02:9C:61:97:4A,2,0,NONE,2026-08-19T16:21:33.467141
45917,,-93,4,1968,2479,65416,43376,269906,0,68,10,0,0,14:33:5C:6D:AF:58,1,1,ARMED,70.0,0,1,80:02:9C:61:97:4B,11,9,880.1,80:02:9C:61:97:4A,2,0,NONE,2026-08-19T16:21:33.542141
45917,,-36,61,1603,3385,65416,43376,269949,0,68,10,0,0,14:33:5C:6D:AF:58,1,1,ARMED,70.0,0,0,80:02:9C:61:97:4B,11,59,1112.2,80:02:9C:61:97:4A,2,0,NONE,2026-08-19T16:21:33.585141
45917,,-94,3,2012,3974,65416,43376,270032,0,68,10,0,0,14:33:5C:6D:AF:58,1,1,ARMED,70.0,0,1,80:02:9C:61:97:4B,11,27,761.8,80:02:9C:61:97:4A,2,0,NONE,2026-08-19T16:21:33.668141
45917,,40,40,0,257,65416,43376,270179,0,68,10,0,0,14:33:5C:6D:AF:58,1,1,ARMED,70.0,0,1,80:02:9C:61:97:4B,11,18,232.7,80:02:9C:61:97:4A,2,0,NONE,2026-08-19T16:21:33.815141
45917,,40,40,0,1695,65416,43376,270440,0,68,10,0,0,14:33:5C:6D:AF:58,0,0,ARMED,70.0,0,0,80:02:9C:61:97:4B,11,5,241.2,80:02:9C:61:97:4A,2,0,NONE,2026-08-19T16:21:34.076141
45917,,39,39,0,465,65416,43376,270669,0,68,10,0,0,14:33:5C:6D:AF:58,0,0,ARMED,70.0,0,0,80:02:9C:61:97:4B,11,15,386.6,80:02:9C:61:97:4A,2,0,NONE,2026-08-19T16:21:34.305141
45917,,39,39,0,3676,65416,43376,270869,0,68,10,0,0,14:33:5C:6D:AF:58,0,0,ARMED,70.0,0,0,80:02:9C:61:97:4B,11,8,264.1,80:02:9C:61:97:4A,2,0,NONE,2026-08-19T16:21:34.505141
45917,,27,27,0,1471,65416,43376,271119,0,68,10,0,0,14:33:5C:6D:AF:58,0,0,ARMED,70.0,0,0,80:02:9C:61:97:4B,11,18,226.6,80:02:9C:61:97:4A,2,0,NONE,2026-08-19T16:21:34.755141
45917,BEACON,-90,7,0,3816,65416,43376,271399,0,68,10,0,0,14:33:5C:6D:AF:58,0,0,ARMED,70.0,0,1,80:02:9C:61:97:4B,11,10,190.5,80:02:9C:61:97:4A,2,0,NONE,2026-08-19T16:21:35.035141
45917,,-51,46,15704,3927,65416,43376,271605,0,68,10,0,0,14:33:5C:6D:AF:58,0,1,ARMED,70.0,0,1,80:02:9C:61:97:4B,11,13,245.6,80:02:9C:61:97:4A,2,0,NONE,2026-08-19T16:21:35.241141
45917,,-46,51,20833,3928,65416,43376,271882,0,68,10,0,0,14:33:5C:6D:AF:58,0,0,ARMED,70.0,0,1,80:02:9C:61:97:4B,11,5,214.3,80:02:9C:61:97:4A,2,0,NONE,2026-08-19T16:21:35.518141
45917,,-63,34,2618,1010,65400,43376,272084,0,68,10,0,0,14:33:5C:6D:AF:58,1,0,ARMED,70.0,0,0,80:02:9C:61:97:4B,11,19,979.0,80:02:9C:61:97:4A,2,0,NONE,2026-08-19T16:21:35.720141
45917,,40,40,0,3798,65416,43376,272269,0,68,10,0,0,14:33:5C:6D:AF:58,0,1,ARMED,70.0,0,0,80:02:9C:61:97:4B,11,1,1000.0,80:02:9C:61:97:4A,2,0,NONE,2026-08-19T16:21:35.905141
45917,,39,39,0,1715,65416,43376,272489,0,68,10,0,0,14:33:5C:6D:AF:58,1,0,ARMED,70.0,0,0,80:02:9C:61:97:4B,11,6,383.2,80:02:9C:61:97:4A,2,0,NONE,2026-08-19T16:21:36.125141
45917,,20,20,0,1486,65416,43376,272611,0,68,10,0,0,14:33:5C:6D:AF:58,0,1,ARMED,70.0,0,0,80:02:9C:61:97:4B,11,17,478.1,80:02:9C:61:97:4A,2,0,NONE,2026-08-19T16:21:36.247141
45917,,38,38,0,1023,65416,43376,272798,0,68,10,0,0,14:33:5C:6D:AF:58,0,0,ARMED,70.0,0,1,80:02:9C:61:97:4B,11,6,337.9,80:02:9C:61:97:4A,2,0,NONE,2026-08-19T16:21:36.434141
45917,,38,38,0,1023,65416,43376,272979,0,68,10,0,0,14:33:5C:6D:AF:58,0,0,ARMED,70.0,0,1,80:02:9C:61:97:4B,11,30,312.5,80:02:9C:61:97:4A,2,0,NONE,2026-08-19T16:21:36.615141
45917,,-48,49,3716,3965,65416,43376,273019,0,68,10,0,0,14:33:5C:6D:AF:58,1,1,ARMED,70.0,0,1,80:02:9C:61:97:4B,11,45,1238.7,80:02:9C:61:97:4A,2,0,NONE,2026-08-19T16:21:36.655141
45917,,24,24,0,1082,65416,43376,273135,0,68,10,0,0,14:33:5C:6D:AF:58,1,1,ARMED,70.0,0,0,80:02:9C:61:97:4B,11,15,314.9,80:02:9C:61:97:4A,2,0,NONE,2026-08-19T16:21:36.771141
45917,,39,39,0,3700,65416,43376,273335,0,68,10,0,0,14:33:5C:6D:AF:58,0,0,ARMED,70.0,0,0,80:02:9C:61:97:4B,11,16,375.7,80:02:9C:61:97:4A,2,0,NONE,2026-08-19T16:21:36.971141
45917,BEACON,-68,29,82,1609,65416,43376,273521,0,68,10,0,0,14:33:5C:6D:AF:58,0,0,ARMED,70.0,0,1,80:02:9C:61:97:4B,11,7,303.3,80:02:9C:61:97:4A,2,0,NONE,2026-08-19T16:21:37.157141
45917,,-95,2,2387,26,65416,43376,273656,0,68,10,0,0,14:33:5C:6D:AF:58,0,1,ARMED,70.0,0,1,80:02:9C:61:97:4B,11,26,462.7,80:02:9C:61:97:4A,2,0,NONE,2026-08-19T16:21:37.292141
45917,,-43,54,167,3988,65416,43376,273746,0,68,10,0,0,14:33:5C:6D:AF:58,1,1,ARMED,70.0,0,0,80:02:9C:61:97:4B,11,37,865.4,80:02:9C:61:97:4A,2,0,NONE,2026-08-19T16:21:37.382141
45917,,-43,54,157,3990,65416,43376,273834,0,68,10,0,0,14:33:5C:6D:AF:58,1,1,ARMED,70.0,0,0,80:02:9C:61:97:4B,11,22,924.8,80:02:9C:61:97:4A,2,0,NONE,2026-08-19T16:21:37.470141
45917,,-91,6,74,2327,65416,43376,273881,0,68,10,0,0,14:33:5C:6D:AF:58,1,1,ARMED,70.0,0,1,80:02:9C:61:97:4B,11,72,1011.5,80:02:9C:61:97:4A,2,0,NONE,2026-08-19T16:21:37.517141
45917,,25,25,0,1023,65416,43376,273926,0,68,10,0,0,14:33:5C:6D:AF:58,1,1,ARMED,70.0,0,1,80:02:9C:61:97:4B,11,31,2005.3,80:02:9C:61:97:4A,2,0,NONE,2026-08-19T16:21:37.562141
45917,,-94,3,0,3153,65416,43376,274001,0,68,10,0,0,14:33:5C:6D:AF:58,1,1,ARMED,70.0,0,1,80:02:9C:61:97:4B,11,81,902.0,80:02:9C:61:97:4A,2,0,NONE,2026-08-19T16:21:37.637141
45917,MGMT_OTHER,-90,7,124,1366,65416,43376,274072,0,68,10,0,0,14:33:5C:6D:AF:58,1,1,ARMED,70.0,0,1,80:02:9C:61:97:4B,11,41,673.7,80:02:9C:61:97:4A,2,0,NONE,2026-08-19T16:21:37.708141
45917,,-43,54,166,4001,65416,43376,274145,0,68,10,0,0,14:33:5C:6D:AF:58,1,1,ARMED,70.0,0,0,80:02:9C:61:97:4B,11,19,567.6,80:02:9C:61:97:4A,2,0,NONE,2026-08-19T16:21:37.781141
45917,MGMT_OTHER,-92,5,1141,2257,65416,43376,274183,0,68,10,0,0,14:33:5C:6D:AF:58,1,1,ARMED,70.0,0,1,80:02:9C:61:97:4B,11,69,966.5,80:02:9C:61:97:4A,2,0,NONE,2026-08-19T16:21:37.819141
45917,MGMT_OTHER,-89,8,2019,1444,65416,43376,274254,0,68,10,0,0,14:33:5C:6D:AF:58,1,1,ARMED,70.0,0,1,80:02:9C:61:97:4B,11,26,629.5,80:02:9C:61:97:4A,2,0,NONE,2026-08-19T16:21:37.890141
45917,,-44,53,1253,4007,65416,43376,274324,0,68,10,0,0,14:33:5C:6D:AF:58,1,1,ARMED,70.0,0,1,80:02:9C:61:97:4B,11,7,599.8,80:02:9C:61:97:4A,2,0,NONE,2026-08-19T16:21:37.960141
45917,BEACON,-66,31,0,1619,65416,43376,274442,0,68,10,0,0,14:33:5C:6D:AF:58,1,1,ARMED,70.0,0,1,80:02:9C:61:97:4B,11,7,270.6,80:02:9C:61:97:4A,2,0,NONE,2026-08-19T16:21:38.078141
45917,,27,27,0,1023,65416,43376,274660,0,68,10,0,0,14:33:5C:6D:AF:58,0,0,ARMED,70.0,0,0,80:02:9C:61:97:4B,11,12,292.2,80:02:9C:61:97:4A,2,0,NONE,2026-08-19T16:21:38.296141
45917,,38,38,0,1023,65416,43376,274878,0,68,10,0,0,14:33:5C:6D:AF:58,0,0,ARMED,70.0,0,0,80:02:9C:61:97:4B,11,11,224.3,80:02:9C:61:97:4A,2,0,NONE,2026-08-19T16:21:38.514141
45917,,39,39,0,218,65416,43376,275119,0,68,10,0,0,14:33:5C:6D:AF:58,0,0,ARMED,70.0,0,0,80:02:9C:61:97:4B,11,20,233.4,80:02:9C:61:97:4A,2,0,NONE,2026-08-19T16:21:38.755141
45917,,-57,40,0,1328,65416,43376,275291,0,68,10,0,0,14:33:5C:6D:AF:58,0,0,ARMED,70.0,0,1,80:02:9C:61:97:4B,11,27,509.6,80:02:9C:61:97:4A,2,0,NONE,2026-08-19T16:21:38.927141
45917,,-49,48,0,4041,65416,43376,275464,0,68,10,0,0,14:33:5C:6D:AF:58,0,0,ARMED,70.0,0,1,80:02:9C:61:97:4B,11,10,466.5,80:02:9C:61:97:4A,2,0,NONE,2026-08-19T16:21:39.100141
45917,,-49,48,0,4047,65416,43376,275644,0,68,10,0,0,14:33:5C:6D:AF:58,0,1,ARMED,70.0,0,1,80:02:9C:61:97:4B,11,32,323.3,80:02:9C:61:97:4A,2,0,NONE,2026-08-19T16:21:39.280141
45917,MGMT_OTHER,-91,6,0,1058,65416,43376,275789,0,68,10,0,0,14:33:5C:6D:AF:58,0,0,ARMED,70.0,0,0,80:02:9C:61:97:4B,11,23,593.9,80:02:9C:61:97:4A,2,0,NONE,2026-08-19T16:21:39.425141
45917,,-47,50,1792,4054,65416,43376,275853,0,68,10,0,0,14:33:5C:6D:AF:58,1,1,ARMED,70.0,0,1,80:02:9C:61:97:4B,11,1,468.2,80:02:9C:61:97:4A,2,0,NONE,2026-08-19T16:21:39.489141
45917,,-89,8,725,3801,65416,43376,275910,0,68,10,0,0,14:33:5C:6D:AF:58,1,1,ARMED,70.0,0,1,80:02:9C:61:97:4B,11,51,862.1,80:02:9C:61:97:4A,2,0,NONE,2026-08-19T16:21:39.546141
45917,,-91,6,3207,481,65416,43376,275973,0,68,10,0,0,14:33:5C:6D:AF:58,1,1,ARMED,70.0,0,1,80:02:9C:61:97:4B,11,14,646.4,80:02:9C:61:97:4A,2,0,NONE,2026-08-19T16:21:39.609141
45917,,-94,3,12693,72,65416,43376,276080,0,68,10,0,0,14:33:5C:6D:AF:58,1,1,ARMED,70.0,0,1,80:02:9C:61:97:4B,11,13,482.6,80:02:9C:61:97:4A,2,0,NONE,2026-08-19T16:21:39.716141
45917,BEACON,-81,16,6174,3836,65416,43376,276162,0,68,10,0,0,14:33:5C:6D:AF:58,1,1,ARMED,70.0,0,1,80:02:9C:61:97:4B,11,1,122.1,80:02:9C:61:97:4A,2,0,NONE,2026-08-19T16:21:39.798141
45917,,29,29,0,1023,65416,43376,276243,0,68,10,0,0,14:33:5C:6D:AF:58,1,1,ARMED,70.0,0,0,80:02:9C:61:97:4B,11,51,575.0,80:02:9C:61:97:4A,2,0,NONE,2026-08-19T16:21:39.879141
45917,,-47,50,0,4073,65416,43376,276428,0,68,10,0,0,14:33:5C:6D:AF:58,0,1,ARMED,70.0,0,1,80:02:9C:61:97:4B,11,20,288.5,80:02:9C:61:97:4A,2,0,NONE,2026-08-19T16:21:40.064141
45917,,38,38,0,3867,65416,43376,276542,0,68,10,0,0,14:33:5C:6D:AF:58,0,1,ARMED,70.0,0,0,80:02:9C:61:97:4B,11,41,547.8,80:02:9C:61:97:4A,2,0,NONE,2026-08-19T16:21:40.178141
45917,BEACON,-82,15,82,3841,65416,43376,276672,0,68,10,0,0,14:33:5C:6D:AF:58,0,1,ARMED,70.0,0,1,80:02:9C:61:97:4B,11,1,280.7,80:02:9C:61:97:4A,2,0,NONE,2026-08-19T16:21:40.308141
45917,BEACON,-94,3,0,235,65416,43376,276848,0,68,10,0,0,14:33:5C:6D:AF:58,0,1,ARMED,70.0,0,1,80:02:9C:61:97:4B,11,18,227.7,80:02:9C:61:97:4A,2,0,NONE,2026-08-19T16:21:40.484141
45917,,30,30,0,1529,65416,43376,277021,0,68,10,0,0,14:33:5C:6D:AF:58,0,1,ARMED,70.0,0,0,80:02:9C:61:97:4B,11,14,336.3,80:02:9C:61:97:4A,2,0,NONE,2026-08-19T16:21:40.657141
45917,,30,30,0,1023,65416,43376,277283,0,68,10,0,0,14:33:5C:6D:AF:58,0,0,ARMED,70.0,0,1,80:02:9C:61:97:4B,11,21,212.4,80:02:9C:61:97:4A,2,0,NONE,2026-08-19T16:21:40.919141
45917,,39,39,0,3849,65416,43376,277494,0,68,10,0,0,14:33:5C:6D:AF:58,0,1,ARMED,70.0,0,0,80:02:9C:61:97:4B,11,21,241.6,80:02:9C:61:97:4A,2,0,NONE,2026-08-19T16:21:41.130141
45917,MGMT_OTHER,-88,9,2061,1451,65416,43376,277636,0,68,10,0,0,14:33:5C:6D:AF:58,0,0,ARMED,70.0,0,1,80:02:9C:61:97:4B,11,21,1069.8,80:02:9C:61:97:4A,2,0,NONE,2026-08-19T16:21:41.272141
45917,,-50,47,3254,16,65416,43376,277708,0,68,10,0,0,14:33:5C:6D:AF:58,0,0,ARMED,70.0,0,1,80:02:9C:61:97:4B,11,71,774.6,80:02:9C:61:97:4A,2,0,NONE,2026-08-19T16:21:41.344141
45917,,-87,10,1034,3837,65416,43376,277816,0,68,10,0,0,14:33:5C:6D:AF:58,1,1,ARMED,70.0,0,1,80:02:9C:61:97:4B,11,46,477.8,80:02:9C:61:97:4A,2,0,NONE,2026-08-19T16:21:41.452141
45917,,38,38,0,1023,65416,43376,278007,0,68,10,0,0,14:33:5C:6D:AF:58,0,1,ARMED,70.0,0,1,80:02:9C:61:97:4B,11,14,188.5,80:02:9C:61:97:4A,2,0,NONE,2026-08-19T16:21:41.643141
45917,MGMT_OTHER,-91,6,644,2389,65416,43376,278146,0,68,10,0,0,14:33:5C:6D:AF:58,1,0,ARMED,70.0,0,0,80:02:9C:61:97:4B,11,12,1755.4,80:02:9C:61:97:4A,2,0,NONE,2026-08-19T16:21:41.782141
45917,,-49,48,193,32,65416,43376,278189,0,68,10,0,0,14:33:5C:6D:AF:58,1,0,ARMED,70.0,0,0,80:02:9C:61:97:4B,11,62,1241.0,80:02:9C:61:97:4A,2,0,NONE,2026-08-19T16:21:41.825141
45917,,-49,48,157,33,65416,43376,278229,0,68,10,0,0,14:33:5C:6D:AF:58,1,0,ARMED,70.0,0,0,80:02:9C:61:97:4B,11,112,1250.8,80:02:9C:61:97:4A,2,0,NONE,2026-08-19T16:21:41.865141
45917,MGMT_OTHER,-87,10,0,1281,65416,43376,278267,0,68,10,0,0,14:33:5C:6D:AF:58,1,1,ARMED,70.0,0,1,80:02:9C:61:97:4B,11,49,2294.1,80:02:9C:61:97:4A,2,0,NONE,2026-08-19T16:21:41.903141
45917,MGMT_OTHER,-90,7,0,2373,65416,43376,278330,0,68,10,0,0,14:33:5C:6D:AF:58,1,1,ARMED,70.0,0,1,80:02:9C:61:97:4B,11,99,1174.5,80:02:9C:61:97:4A,2,0,NONE,2026-08-19T16:21:41.966141
45917,,-42,55,0,38,65416,43376,278369,0,68,10,0,0,14:33:5C:6D:AF:58,1,1,ARMED,70.0,0,1,80:02:9C:61:97:4B,11,49,2184.8,80:02:9C:61:97:4A,2,0,NONE,2026-08-19T16:21:42.005141
45917,BEACON,-80,17,0,1773,65416,43376,278427,0,68,10,0,0,14:33:5C:6D:AF:58,1,1,ARMED,70.0,0,1,80:02:9C:61:97:4B,11,99,1228.3,80:02:9C:61:97:4A,2,0,NONE,2026-08-19T16:21:42.063141
45917,,39,39,0,1212,65416,43376,278460,0,68,10,0,0,14:33:5C:6D:AF:58,1,1,ARMED,70.0,0,0,80:02:9C:61:97:4B,11,20,1456.8,80:02:9C:61:97:4A,2,0,NONE,2026-08-19T16:21:42.096141
45917,,-88,9,74,667,65416,43376,278490,0,68,10,0,0,14:33:5C:6D:AF:58,1,1,ARMED,70.0,0,1,80:02:9C:61:97:4B,11,70,1590.3,80:02:9C:61:97:4A,2,0,NONE,2026-08-19T16:21:42.126141
45917,,-49,48,166,44,65344,43376,278550,0,68,10,0,0,14:33:5C:6D:AF:58,1,1,ARMED,70.0,0,0,80:02:9C:61:97:4B,11,15,4424.8,80:02:9C:61:97:4A,2,0,NONE,2026-08-19T16:21:42.186141
45917,,-57,40,0,1376,65416,43376,278590,0,68,10,0,0,14:33:5C:6D:AF:58,1,1,ARMED,70.0,0,1,80:02:9C:61:97:4B,11,65,1516.8,80:02:9C:61:97:4A,2,0,NONE,2026-08-19T16:21:42.226141
45917,MGMT_OTHER,-93,4,2012,2559,65416,43376,278664,0,68,10,0,0,14:33:5C:6D:AF:58,1,1,ARMED,70.0,0,1,80:02:9C:61:97:4B,11,9,622.0,80:02:9C:61:97:4A,2,0,NONE,2026-08-19T16:21:42.300141
45917,MGMT_OTHER,-90,7,1403,1374,64772,43376,278717,0,68,10,0,0,14:33:5C:6D:AF:58,1,1,ARMED,70.0,0,1,80:02:9C:61:97:4B,11,59,876.5,80:02:9C:61:97:4A,2,0,NONE,2026-08-19T16:21:42.353141
45917,,39,39,0,3623,65416,43376,278774,0,68,10,0,0,14:33:5C:6D:AF:58,1,1,ARMED,70.0,0,1,80:02:9C:61:97:4B,11,19,791.9,80:02:9C:61:97:4A,2,0,NONE,2026-08-19T16:21:42.410141
45917,,39,39,0,2049,65416,43376,278855,0,68,10,0,0,14:33:5C:6D:AF:58,1,1,ARMED,70.0,0,1,80:02:9C:61:97:4B,11,2,635.5,80:02:9C:61:97:4A,2,0,NONE,2026-08-19T16:21:42.491141
45917,,27,27,0,1023,65416,43376,278940,0,68,10,0,0,14:33:5C:6D:AF:58,1,1,ARMED,70.0,0,0,80:02:9C:61:97:4B,11,52,594.2,80:02:9C:61:97:4A,2,0,NONE,2026-08-19T16:21:42.575934
45917,,66,66,0,1023,65416,43376,279000,0,68,10,0,0,14:33:5C:6D:AF:58,1,1,ARMED,70.0,0,1,80:02:9C:61:97:4B,11,41,856.6,80:02:9C:61:97:4A,2,0,NONE,2026-08-19T16:21:42.635934
45917,MGMT_OTHER,-88,9,3613,2169,65416,43376,279071,0,68,10,0,0,14:33:5C:6D:AF:58,1,1,ARMED,70.0,0,1,80:02:9C:61:97:4B,11,10,634.4,80:02:9C:61:97:4A,2,0,NONE,2026-08-19T16:21:42.706934
45917,,-48,49,694,61,65416,43376,279117,0,68,10,0,0,14:33:5C:6D:AF:58,1,1,ARMED,70.0,0,1,80:02:9C:61:97:4B,11,60,965.9,80:02:9C:61:97:4A,2,0,NONE,2026-08-19T16:21:42.752934
45917,,-46,51,184,62,65416,43376,279140,0,68,10,0,0,14:33:5C:6D:AF:58,1,1,ARMED,70.0,0,0,80:02:9C:61:97:4B,11,110,1296.5,80:02:9C:61:97:4A,2,0,NONE,2026-08-19T16:21:42.775934
45917,,39,39,0,1023,65416,43376,279261,0,68,10,0,0,14:33:5C:6D:AF:58,1,1,ARMED,70.0,0,1,80:02:9C:61:97:4B,11,1,595.6,80:02:9C:61:97:4A,2,0,NONE,2026-08-19T16:21:42.896934
45917,,38,38,0,3760,65416,43376,279469,0,68,10,0,0,14:33:5C:6D:AF:58,0,0,ARMED,70.0,0,0,80:02:9C:61:97:4B,11,1,1000.0,80:02:9C:61:97:4A,2,0,NONE,2026-08-19T16:21:43.104934
45917,,39,39,0,2445,65416,43376,279629,0,68,10,0,0,14:33:5C:6D:AF:58,0,1,ARMED,70.0,0,0,80:02:9C:61:97:4B,11,21,360.8,80:02:9C:61:97:4A,2,0,NONE,2026-08-19T16:21:43.264934
45917,,39,39,0,3899,65416,43376,279809,0,68,10,0,0,14:33:5C:6D:AF:58,1,0,ARMED,70.0,0,0,80:02:9C:61:97:4B,11,7,213.1,80:02:9C:61:97:4A,2,0,NONE,2026-08-19T16:21:43.444934
45917,,-58,39,969,1392,65400,43376,279975,0,68,10,0,0,14:33:5C:6D:AF:58,0,0,ARMED,70.0,0,1,80:02:9C:61:97:4B,11,33,342.5,80:02:9C:61:97:4A,2,0,NONE,2026-08-19T16:21:43.610934
45917,,39,39,0,1677,65416,43376,280079,0,68,10,0,0,14:33:5C:6D:AF:58,0,1,ARMED,70.0,0,0,80:02:9C:61:97:4B,11,49,553.7,80:02:9C:61:97:4A,2,0,NONE,2026-08-19T16:21:43.714934
45917,BEACON,-93,4,0,3768,65428,43376,280288,0,68,10,0,0,14:33:5C:6D:AF:58,0,0,ARMED,70.0,0,1,80:02:9C:61:97:4B,11,22,238.8,80:02:9C:61:97:4A,2,0,NONE,2026-08-19T16:21:43.923934
45917,MGMT_OTHER,39,39,0,1023,65428,43376,280511,0,68,10,0,0,14:33:5C:6D:AF:58,1,0,ARMED,70.0,0,0,80:02:9C:61:97:4B,11,24,236.4,80:02:9C:61:97:4A,2,0,NONE,2026-08-19T16:21:44.146934
45917,MGMT_OTHER,39,39,0,1684,65428,43376,280689,0,68,10,0,0,14:33:5C:6D:AF:58,0,1,ARMED,70.0,0,0,80:02:9C:61:97:4B,11,21,283.7,80:02:9C:61:97:4A,2,0,NONE,2026-08-19T16:21:44.324934
45917,BEACON,-94,3,0,3774,65428,43376,280902,0,68,10,0,0,14:33:5C:6D:AF:58,0,0,ARMED,70.0,0,1,80:02:9C:61:97:4B,11,19,230.7,80:02:9C:61:97:4A,2,0,NONE,2026-08-19T16:21:44.537934
45917,MGMT_OTHER,29,29,0,3884,65428,43376,281082,0,68,10,0,0,14:33:5C:6D:AF:58,0,1,ARMED,70.0,0,0,80:02:9C:61:97:4B,11,15,260.6,80:02:9C:61:97:4A,2,0,NONE,2026-08-19T16:21:44.717934
45917,,30,30,0,1023,65416,43376,281289,0,68,10,0,0,14:33:5C:6D:AF:58,0,0,ARMED,70.0,0,0,80:02:9C:61:97:4B,11,12,201.7,80:02:9C:61:97:4A,2,0,NONE,2026-08-19T16:21:44.924934
45917,,29,29,0,1023,65416,43376,281471,0,68,10,0,0,14:33:5C:6D:AF:58,0,0,ARMED,70.0,0,0,80:02:9C:61:97:4B,11,10,313.3,80:02:9C:61:97:4A,2,0,NONE,2026-08-19T16:21:45.106934
45917,,-30,67,0,1068,65416,43376,281651,0,68,10,0,0,14:33:5C:6D:AF:58,1,0,ARMED,70.0,0,0,80:02:9C:61:97:4B,11,7,598.1,80:02:9C:61:97:4A,2,0,NONE,2026-08-19T16:21:45.286934
45917,,-71,26,0,1696,63684,43376,281816,0,68,10,0,0,14:33:5C:6D:AF:58,1,1,ARMED,70.0,0,0,80:02:9C:61:97:4B,11,22,297.3,80:02:9C:61:97:4A,2,0,NONE,2026-08-19T16:21:45.451934
45917,,39,39,0,1023,65416,43376,281939,0,68,10,0,0,14:33:5C:6D:AF:58,1,1,ARMED,70.0,0,0,80:02:9C:61:97:4B,11,41,455.4,80:02:9C:61:97:4A,2,0,NONE,2026-08-19T16:21:45.574934
45917,BEACON,-81,16,0,1809,65416,43376,282113,0,68,10,0,0,14:33:5C:6D:AF:58,0,1,ARMED,70.0,0,1,80:02:9C:61:97:4B,11,12,239.4,80:02:9C:61:97:4A,2,0,NONE,2026-08-19T16:21:45.748934
45917,,26,26,0,1023,65416,43376,282311,0,68,10,0,0,14:33:5C:6D:AF:58,0,1,ARMED,70.0,0,0,80:02:9C:61:97:4B,11,10,240.9,80:02:9C:61:97:4A,2,0,NONE,2026-08-19T16:21:45.946934
45917,,39,39,0,3789,65416,43376,282442,0,68,10,0,0,14:33:5C:6D:AF:58,0,1,ARMED,70.0,0,0,80:02:9C:61:97:4B,11,31,445.4,80:02:9C:61:97:4A,2,0,NONE,2026-08-19T16:21:46.077934
45917,BEACON,-80,17,0,1814,65416,43376,282625,0,68,10,0,0,14:33:5C:6D:AF:58,0,0,ARMED,70.0,0,1,80:02:9C:61:97:4B,11,16,392.1,80:02:9C:61:97:4A,2,0,NONE,2026-08-19T16:21:46.260934
45917,,-65,32,0,1161,65416,43376,282810,0,68,10,0,0,14:33:5C:6D:AF:58,1,1,ARMED,70.0,0,1,80:02:9C:61:97:4B,11,5,285.3,80:02:9C:61:97:4A,2,0,NONE,2026-08-19T16:21:46.445934
45917,,-47,50,0,192,65416,43376,282963,0,68,10,0,0,14:33:5C:6D:AF:58,0,1,ARMED,70.0,0,1,80:02:9C:61:97:4B,11,15,213.2,80:02:9C:61:97:4A,2,0,NONE,2026-08-19T16:21:46.598934
45917,,-47,50,0,199,65416,43376,283184,0,68,10,0,0,14:33:5C:6D:AF:58,0,0,ARMED,70.0,0,1,80:02:9C:61:97:4B,11,18,246.1,80:02:9C:61:97:4A,2,0,NONE,2026-08-19T16:21:46.819934
45917,,-57,40,0,1434,65108,43376,283362,0,68,10,0,0,14:33:5C:6D:AF:58,0,0,ARMED,70.0,0,0,80:02:9C:61:97:4B,11,19,550.8,80:02:9C:61:97:4A,2,0,NONE,2026-08-19T16:21:46.997934
45917,,26,26,0,847,65416,43376,283481,0,68,10,0,0,14:33:5C:6D:AF:58,1,1,ARMED,70.0,0,0,80:02:9C:61:97:4B,11,9,178.3,80:02:9C:61:97:4A,2,0,NONE,2026-08-19T16:21:47.116934
45917,,-47,50,12746,214,65416,43376,283684,0,68,10,0,0,14:33:5C:6D:AF:58,0,1,ARMED,70.0,0,1,80:02:9C:61:97:4B,11,13,263.6,80:02:9C:61:97:4A,2,0,NONE,2026-08-19T16:21:47.319934
45917,,-90,7,0,2438,65416,43376,283892,0,68,10,0,0,14:33:5C:6D:AF:58,0,0,ARMED,70.0,0,1,80:02:9C:61:97:4B,11,16,306.8,80:02:9C:61:97:4A,2,0,NONE,2026-08-19T16:21:47.527934
45917,BEACON,-83,14,0,3913,65416,43376,284045,0,68,10,0,0,14:33:5C:6D:AF:58,0,1,ARMED,70.0,0,1,80:02:9C:61:97:4B,11,36,351.5,80:02:9C:61:97:4A,2,0,NONE,2026-08-19T16:21:47.680934
45917,,39,39,0,1600,65416,43376,284289,0,68,10,0,0,14:33:5C:6D:AF:58,0,0,ARMED,70.0,0,0,80:02:9C:61:97:4B,11,8,202.5,80:02:9C:61:97:4A,2,0,NONE,2026-08-19T16:21:47.924934
45917,BEACON,-81,16,0,3918,65416,43376,284557,0,68,10,0,0,14:33:5C:6D:AF:58,0,0,ARMED,70.0,0,1,80:02:9C:61:97:4B,11,23,224.6,80:02:9C:61:97:4A,2,0,NONE,2026-08-19T16:21:48.192934
45917,,29,29,0,3920,65416,43376,284764,0,68,10,0,0,14:33:5C:6D:AF:58,0,0,ARMED,70.0,0,0,80:02:9C:61:97:4B,11,1,521.9,80:02:9C:61:97:4A,2,0,NONE,2026-08-19T16:21:48.399934
45917,,66,66,0,0,65416,43376,284928,0,68,10,0,0,14:33:5C:6D:AF:58,0,0,ARMED,70.0,0,0,80:02:9C:61:97:4B,11,33,515.2,80:02:9C:61:97:4A,2,0,NONE,2026-08-19T16:21:48.563934
45917,,-65,32,0,1206,65416,43376,285099,0,68,10,0,0,14:33:5C:6D:AF:58,0,0,ARMED,70.0,0,0,80:02:9C:61:97:4B,11,20,655.1,80:02:9C:61:97:4A,2,0,NONE,2026-08-19T16:21:48.734934
45917,,29,29,0,1610,65416,43376,285307,0,68,10,0,0,14:33:5C:6D:AF:58,0,0,ARMED,70.0,0,0,80:02:9C:61:97:4B,11,15,442.5,80:02:9C:61:97:4A,2,0,NONE,2026-08-19T16:21:48.942934
45917,,39,39,0,3955,65416,43376,285531,0,68,10,0,0,14:33:5C:6D:AF:58,0,0,ARMED,70.0,0,0,80:02:9C:61:97:4B,11,16,303.6,80:02:9C:61:97:4A,2,0,NONE,2026-08-19T16:21:49.166934
45917,,39,39,0,3821,65416,43376,285739,0,68,10,0,0,14:33:5C:6D:AF:58,0,0,ARMED,70.0,0,0,80:02:9C:61:97:4B,11,14,249.8,80:02:9C:61:97:4A,2,0,NONE,2026-08-19T16:21:49.374934
45917,,26,26,0,3959,65416,43376,285963,0,68,10,0,0,14:33:5C:6D:AF:58,0,1,ARMED,70.0,0,0,80:02:9C:61:97:4B,11,13,171.9,80:02:9C:61:97:4A,2,0,NONE,2026-08-19T16:21:49.598934
45917,MGMT_OTHER,-89,8,48,2631,65416,43376,286149,0,68,10,0,0,14:33:5C:6D:AF:58,1,1,ARMED,70.0,0,1,80:02:9C:61:97:4B,11,22,389.1,80:02:9C:61:97:4A,2,0,NONE,2026-08-19T16:21:49.784934
45917,,30,30,0,1849,65416,43376,286209,0,68,10,0,0,14:33:5C:6D:AF:58,1,1,ARMED,70.0,0,0,80:02:9C:61:97:4B,11,6,379.7,80:02:9C:61:97:4A,2,0,NONE,2026-08-19T16:21:49.844934
45917,MGMT_OTHER,-91,6,637,3650,65416,43376,286286,0,68,10,0,0,14:33:5C:6D:AF:58,1,1,ARMED,70.0,0,1,80:02:9C:61:97:4B,11,56,605.0,80:02:9C:61:97:4A,2,0,NONE,2026-08-19T16:21:49.921934
45917,,39,39,0,4095,65416,43376,286379,0,68,10,0,0,14:33:5C:6D:AF:58,1,1,ARMED,70.0,0,0,80:02:9C:61:97:4B,11,40,475.6,80:02:9C:61:97:4A,2,0,NONE,2026-08-19T16:21:50.014934
45917,,-90,7,0,3329,65416,43376,286492,0,68,10,0,0,14:33:5C:6D:AF:58,1,1,ARMED,70.0,0,1,80:02:9C:61:97:4B,11,49,558.2,80:02:9C:61:97:4A,2,0,NONE,2026-08-19T16:21:50.127934
45917,,39,39,0,1747,65416,43376,286731,0,68,10,0,0,14:33:5C:6D:AF:58,0,0,ARMED,70.0,0,0,80:02:9C:61:97:4B,11,2,205.8,80:02:9C:61:97:4A,2,0,NONE,2026-08-19T16:21:50.366934
45917,,30,30,0,273,65416,43376,286891,0,68,10,0,0,14:33:5C:6D:AF:58,0,0,ARMED,70.0,0,0,80:02:9C:61:97:4B,11,34,506.6,80:02:9C:61:97:4A,2,0,NONE,2026-08-19T16:21:50.526934
45917,,-73,24,0,1223,65416,43376,287000,0,68,10,0,0,14:33:5C:6D:AF:58,0,1,ARMED,70.0,0,1,80:02:9C:61:97:4B,11,22,295.0,80:02:9C:61:97:4A,2,0,NONE,2026-08-19T16:21:50.635934
45917,,66,66,0,3368,65416,43376,287156,0,68,10,0,0,14:33:5C:6D:AF:58,0,0,ARMED,70.0,0,1,80:02:9C:61:97:4B,11,29,1205.3,80:02:9C:61:97:4A,2,0,NONE,2026-08-19T16:21:50.791934
45917,,-57,40,0,1494,65416,43376,287197,0,68,10,0,0,14:33:5C:6D:AF:58,0,0,ARMED,70.0,0,0,80:02:9C:61:97:4B,11,79,1208.2,80:02:9C:61:97:4A,2,0,NONE,2026-08-19T16:21:50.832934
45917,MGMT_OTHER,-90,7,48,3670,65416,43376,287240,0,68,10,0,0,14:33:5C:6D:AF:58,0,1,ARMED,70.0,0,1,80:02:9C:61:97:4B,11,13,1933.4,80:02:9C:61:97:4A,2,0,NONE,2026-08-19T16:21:50.875934
45917,MGMT_OTHER,-88,9,74,3741,65416,43376,287285,0,68,10,0,0,14:33:5C:6D:AF:58,0,1,ARMED,70.0,0,1,80:02:9C:61:97:4B,11,63,1216.6,80:02:9C:61:97:4A,2,0,NONE,2026-08-19T16:21:50.920934
45917,,30,30,0,1023,65416,43376,287342,0,68,10,0,0,14:33:5C:6D:AF:58,1,1,ARMED,70.0,0,1,80:02:9C:61:97:4B,11,12,1948.4,80:02:9C:61:97:4A,2,0,NONE,2026-08-19T16:21:50.977934
45917,MGMT_OTHER,-88,9,0,683,65416,43376,287397,0,68,10,0,0,14:33:5C:6D:AF:58,1,1,ARMED,70.0,0,1,80:02:9C:61:97:4B,11,62,1006.0,80:02:9C:61:97:4A,2,0,NONE,2026-08-19T16:21:51.032934
45917,,39,39,0,1023,65416,43376,287429,0,68,10,0,0,14:33:5C:6D:AF:58,1,1,ARMED,70.0,0,1,80:02:9C:61:97:4B,11,112,1198.1,80:02:9C:61:97:4A,2,0,NONE,2026-08-19T16:21:51.064934
45917,MGMT_OTHER,-92,5,750,2781,65416,43376,287474,0,68,10,0,0,14:33:5C:6D:AF:58,1,1,ARMED,70.0,0,1,80:02:9C:61:97:4B,11,39,1075.6,80:02:9C:61:97:4A,2,0,NONE,2026-08-19T16:21:51.109934
45917,MGMT_OTHER,-91,6,1191,3069,65416,43376,287510,0,68,10,0,0,14:33:5C:6D:AF:58,1,1,ARMED,70.0,0,1,80:02:9C:61:97:4B,11,89,1230.1,80:02:9C:61:97:4A,2,0,NONE,2026-08-19T16:21:51.145934
45917,PROBE_REQ,-92,5,249,4,65416,43376,287568,0,68,10,0,0,14:33:5C:6D:AF:58,1,1,ARMED,70.0,0,0,80:02:9C:61:97:4B,11,28,991.7,80:02:9C:61:97:4A,2,0,NONE,2026-08-19T16:21:51.203934
45917,,-88,9,74,2491,65416,43376,287623,0,68,10,0,0,14:33:5C:6D:AF:58,1,1,ARMED,70.0,0,1,80:02:9C:61:97:4B,11,78,940.4,80:02:9C:61:97:4A,2,0,NONE,2026-08-19T16:21:51.258934
45917,MGMT_OTHER,-88,9,0,2939,65416,43376,287686,0,68,10,0,0,14:33:5C:6D:AF:58,1,1,ARMED,70.0,0,1,80:02:9C:61:97:4B,11,34,792.0,80:02:9C:61:97:4A,2,0,NONE,2026-08-19T16:21:51.321934
45917,,39,39,0,3841,65416,43376,287792,0,68,10,0,0,14:33:5C:6D:AF:58,1,1,ARMED,70.0,0,0,80:02:9C:61:97:4B,11,8,169.7,80:02:9C:61:97:4A,2,0,NONE,2026-08-19T16:21:51.427934
45917,,-69,28,0,1761,63684,43376,288065,0,68,10,0,0,14:33:5C:6D:AF:58,0,0,ARMED,70.0,0,0,80:02:9C:61:97:4B,11,3,360.3,80:02:9C:61:97:4A,2,0,NONE,2026-08-19T16:21:51.700934
45917,,66,66,0,3846,65416,43376,288276,0,68,10,0,0,14:33:5C:6D:AF:58,1,0,ARMED,70.0,0,0,80:02:9C:61:97:4B,11,4,404.4,80:02:9C:61:97:4A,2,0,NONE,2026-08-19T16:21:51.911934
45917,,43,43,0,3984,65416,43376,288539,0,68,10,0,0,14:33:5C:6D:AF:58,0,0,ARMED,70.0,0,0,80:02:9C:61:97:4B,11,13,184.4,80:02:9C:61:97:4A,2,0,NONE,2026-08-19T16:21:52.174934
45917,BEACON,-95,2,0,351,65416,43376,288726,0,68,10,0,0,14:33:5C:6D:AF:58,0,1,ARMED,70.0,0,1,80:02:9C:61:97:4B,11,13,260.0,80:02:9C:61:97:4A,2,0,NONE,2026-08-19T16:21:52.361934
45917,,38,38,0,3988,65416,43376,288942,0,68,10,0,0,14:33:5C:6D:AF:58,1,1,ARMED,70.0,0,0,80:02:9C:61:97:4B,11,11,177.8,80:02:9C:61:97:4A,2,0,NONE,2026-08-19T16:21:52.577934
45917,,38,38,0,1772,65416,43376,289193,0,68,10,0,0,14:33:5C:6D:AF:58,0,0,ARMED,70.0,0,0,80:02:9C:61:97:4B,11,2,363.8,80:02:9C:61:97:4A,2,0,NONE,2026-08-19T16:21:52.828934
45917,,39,39,0,3857,65416,43376,289429,0,68,10,0,0,14:33:5C:6D:AF:58,1,0,ARMED,70.0,0,0,80:02:9C:61:97:4B,11,8,206.9,80:02:9C:61:97:4A,2,0,NONE,2026-08-19T16:21:53.064934
45917,,-57,40,4996,1511,65416,43376,289552,0,68,10,0,0,14:33:5C:6D:AF:58,1,1,ARMED,70.0,0,0,80:02:9C:61:97:4B,11,34,563.1,80:02:9C:61:97:4A,2,0,NONE,2026-08-19T16:21:53.187934
45917,,39,39,0,3996,65416,43376,289769,0,68,10,0,0,14:33:5C:6D:AF:58,0,0,ARMED,70.0,0,0,80:02:9C:61:97:4B,11,13,188.4,80:02:9C:61:97:4A,2,0,NONE,2026-08-19T16:21:53.404934
45917,,27,27,0,1023,65416,43376,289980,0,68,10,0,0,14:33:5C:6D:AF:58,0,0,ARMED,70.0,0,0,80:02:9C:61:97:4B,11,18,236.9,80:02:9C:61:97:4A,2,0,NONE,2026-08-19T16:21:53.615934
45917,,39,39,0,1658,65416,43376,290221,0,68,10,0,0,14:33:5C:6D:AF:58,0,0,ARMED,70.0,0,0,80:02:9C:61:97:4B,11,2,222.8,80:02:9C:61:97:4A,2,0,NONE,2026-08-19T16:21:53.856934
45917,,38,38,0,276,65416,43376,290339,0,68,10,0,0,14:33:5C:6D:AF:58,0,0,ARMED,70.0,0,1,80:02:9C:61:97:4B,11,35,1408.8,80:02:9C:61:97:4A,2,0,NONE,2026-08-19T16:21:53.974934
45917,,38,38,0,3975,65416,43376,290399,0,68,10,0,0,14:33:5C:6D:AF:58,0,0,ARMED,70.0,0,0,80:02:9C:61:97:4B,11,85,1002.7,80:02:9C:61:97:4A,2,0,NONE,2026-08-19T16:21:54.034934
45917,,38,38,0,3869,65416,43376,290669,0,68,10,0,0,14:33:5C:6D:AF:58,0,0,ARMED,70.0,0,0,80:02:9C:61:97:4B,11,6,141.1,80:02:9C:61:97:4A,2,0,NONE,2026-08-19T16:21:54.304934
45917,,39,39,0,1895,65416,43376,290920,0,68,10,0,0,14:33:5C:6D:AF:58,0,0,ARMED,70.0,0,0,80:02:9C:61:97:4B,11,16,180.6,80:02:9C:61:97:4A,2,0,NONE,2026-08-19T16:21:54.555934
45917,,66,66,0,1897,65416,43376,291130,0,68,10,0,0,14:33:5C:6D:AF:58,0,0,ARMED,70.0,0,0,80:02:9C:61:97:4B,11,25,266.6,80:02:9C:61:97:4A,2,0,NONE,2026-08-19T16:21:54.765934
45917,,38,38,0,3269,65416,43376,291289,0,68,10,0,0,14:33:5C:6D:AF:58,0,1,ARMED,70.0,0,0,80:02:9C:61:97:4B,11,12,240.6,80:02:9C:61:97:4A,2,0,NONE,2026-08-19T16:21:54.924934
45917,,39,39,0,21,65416,43376,291467,0,68,10,0,0,14:33:5C:6D:AF:58,1,0,ARMED,70.0,0,0,80:02:9C:61:97:4B,11,14,521.0,80:02:9C:61:97:4A,2,0,NONE,2026-08-19T16:21:55.102934
45917,BEACON,-96,1,0,1672,65416,43376,291650,0,68,10,0,0,14:33:5C:6D:AF:58,0,1,ARMED,70.0,0,1,80:02:9C:61:97:4B,11,1,198.8,80:02:9C:61:97:4A,2,0,NONE,2026-08-19T16:21:55.285934
45917,,24,24,0,3989,65416,43376,291834,0,68,10,0,0,14:33:5C:6D:AF:58,0,1,ARMED,70.0,0,1,80:02:9C:61:97:4B,11,23,265.7,80:02:9C:61:97:4A,2,0,NONE,2026-08-19T16:21:55.469934
45917,,38,38,0,3882,65416,43376,292029,0,68,10,0,0,14:33:5C:6D:AF:58,1,1,ARMED,70.0,0,0,80:02:9C:61:97:4B,11,20,262.2,80:02:9C:61:97:4A,2,0,NONE,2026-08-19T16:21:55.664934
45917,BEACON,-70,27,0,1805,65416,43376,292261,0,68,10,0,0,14:33:5C:6D:AF:58,0,0,ARMED,70.0,0,1,80:02:9C:61:97:4B,11,23,222.7,80:02:9C:61:97:4A,2,0,NONE,2026-08-19T16:21:55.896934
45917,,38,38,0,1023,65416,43376,292492,0,68,10,0,0,14:33:5C:6D:AF:58,0,0,ARMED,70.0,0,0,80:02:9C:61:97:4B,11,7,250.3,80:02:9C:61:97:4A,2,0,NONE,2026-08-19T16:21:56.127934
45917,,26,26,0,1912,65416,43376,292661,0,68,10,0,0,14:33:5C:6D:AF:58,0,0,ARMED,70.0,0,0,80:02:9C:61:97:4B,11,36,380.8,80:02:9C:61:97:4A,2,0,NONE,2026-08-19T16:21:56.296934
45917,BEACON,-70,27,0,1812,65416,43376,292874,0,68,10,0,0,14:33:5C:6D:AF:58,0,0,ARMED,70.0,0,1,80:02:9C:61:97:4B,11,18,176.1,80:02:9C:61:97:4A,2,0,NONE,2026-08-19T16:21:56.509934
45917,MGMT_OTHER,-91,6,1647,1078,65416,43376,293000,0,68,10,0,0,14:33:5C:6D:AF:58,0,1,ARMED,70.0,0,1,80:02:9C:61:97:4B,11,21,894.9,80:02:9C:61:97:4A,2,0,NONE,2026-08-19T16:21:56.635934
45917,MGMT_OTHER,-87,10,48,1009,65416,43376,293065,0,68,10,0,0,14:33:5C:6D:AF:58,0,1,ARMED,70.0,0,1,80:02:9C:61:97:4B,11,71,797.8,80:02:9C:61:97:4A,2,0,NONE,2026-08-19T16:21:56.700934
45917,,38,38,0,3236,65416,43376,293130,0,68,10,0,0,14:33:5C:6D:AF:58,1,1,ARMED,70.0,0,1,80:02:9C:61:97:4B,11,49,1014.1,80:02:9C:61:97:4A,2,0,NONE,2026-08-19T16:21:56.765934
45917,,-93,4,459,1194,65400,43376,293198,0,68,10,0,0,14:33:5C:6D:AF:58,1,1,ARMED,70.0,0,1,80:02:9C:61:97:4B,11,10,589.2,80:02:9C:61:97:4A,2,0,NONE,2026-08-19T16:21:56.833934
45917,,38,38,0,904,65416,43376,293255,0,68,10,0,0,14:33:5C:6D:AF:58,1,1,ARMED,70.0,0,0,80:02:9C:61:97:4B,11,60,820.1,80:02:9C:61:97:4A,2,0,NONE,2026-08-19T16:21:56.890934
45917,,-90,7,1913,1642,65416,43376,293305,0,68,10,0,0,14:33:5C:6D:AF:58,1,1,ARMED,70.0,0,1,80:02:9C:61:97:4B,11,21,960.4,80:02:9C:61:97:4A,2,0,NONE,2026-08-19T16:21:56.940934
45917,PROBE_REQ,-93,4,88,12,65416,43376,293351,0,68,10,0,0,14:33:5C:6D:AF:58,1,1,ARMED,70.0,0,1,80:02:9C:61:97:4B,11,71,1043.9,80:02:9C:61:97:4A,2,0,NONE,2026-08-19T16:21:56.986934
45917,MGMT_OTHER,-86,11,2019,2952,65416,43376,293424,0,68,10,0,0,14:33:5C:6D:AF:58,1,1,ARMED,70.0,0,1,80:02:9C:61:97:4B,11,29,731.0,80:02:9C:61:97:4A,2,0,NONE,2026-08-19T16:21:57.059934
45917,MGMT_OTHER,-86,11,3464,2748,65416,43376,293468,0,68,10,0,0,14:33:5C:6D:AF:58,1,1,ARMED,70.0,0,1,80:02:9C:61:97:4B,11,79,947.5,80:02:9C:61:97:4A,2,0,NONE,2026-08-19T16:21:57.103934
45917,,-93,4,1970,0,65400,43376,293534,0,68,10,0,0,14:33:5C:6D:AF:58,1,1,ARMED,70.0,0,0,80:02:9C:61:97:4B,11,34,694.9,80:02:9C:61:97:4A,2,0,NONE,2026-08-19T16:21:57.169934
45917,BEACON,-70,27,0,1819,65416,43376,293598,0,68,10,0,0,14:33:5C:6D:AF:58,1,1,ARMED,70.0,0,1,80:02:9C:61:97:4B,11,7,572.8,80:02:9C:61:97:4A,2,0,NONE,2026-08-19T16:21:57.233934
45917,MGMT_OTHER,-87,10,2575,1778,65416,43376,293683,0,68,10,0,0,14:33:5C:6D:AF:58,1,1,ARMED,70.0,0,1,80:02:9C:61:97:4B,11,57,586.1,80:02:9C:61:97:4A,2,0,NONE,2026-08-19T16:21:57.318934
45917,,25,25,0,1708,65416,43376,293768,0,68,10,0,0,14:33:5C:6D:AF:58,1,1,ARMED,70.0,0,0,80:02:9C:61:97:4B,11,49,698.8,80:02:9C:61:97:4A,2,0,NONE,2026-08-19T16:21:57.403934
45917,,38,38,0,63,65416,43376,293852,0,68,10,0,0,14:33:5C:6D:AF:58,0,1,ARMED,70.0,0,1,80:02:9C:61:97:4B,11,32,602.8,80:02:9C:61:97:4A,2,0,NONE,2026-08-19T16:21:57.487934
45917,,-65,32,0,1341,63748,43376,293945,0,68,10,0,0,14:33:5C:6D:AF:58,0,1,ARMED,70.0,0,0,80:02:9C:61:97:4B,11,33,719.5,80:02:9C:61:97:4A,2,0,NONE,2026-08-19T16:21:57.580934
45917,,-58,39,0,1574,65164,43376,293993,0,68,10,0,0,14:33:5C:6D:AF:58,0,1,ARMED,70.0,0,0,80:02:9C:61:97:4B,11,83,889.0,80:02:9C:61:97:4A,2,0,NONE,2026-08-19T16:21:57.628934
45917,,26,26,0,4039,65416,43376,294133,0,68,10,0,0,14:33:5C:6D:AF:58,0,1,ARMED,70.0,0,0,80:02:9C:61:97:4B,11,5,233.0,80:02:9C:61:97:4A,2,0,NONE,2026-08-19T16:21:57.768934
45917,,26,26,0,3905,65416,43376,294327,0,68,10,0,0,14:33:5C:6D:AF:58,0,1,ARMED,70.0,0,0,80:02:9C:61:97:4B,11,2,193.6,80:02:9C:61:97:4A,2,0,NONE,2026-08-19T16:21:57.962934
45917,,38,38,0,1700,65416,43376,294529,0,68,10,0,0,14:33:5C:6D:AF:58,0,1,ARMED,70.0,0,0,80:02:9C:61:97:4B,11,35,315.7,80:02:9C:61:97:4A,2,0,NONE,2026-08-19T16:21:58.164934
45917,MGMT_OTHER,-84,13,2011,3469,65416,43376,294640,0,68,10,0,0,14:33:5C:6D:AF:58,0,1,ARMED,70.0,0,1,80:02:9C:61:97:4B,11,3,377.6,80:02:9C:61:97:4A,2,0,NONE,2026-08-19T16:21:58.275934
45917,MGMT_OTHER,-84,13,0,1301,65416,43376,294750,0,68,10,0,0,14:33:5C:6D:AF:58,0,1,ARMED,70.0,0,1,80:02:9C:61:97:4B,11,3,431.1,80:02:9C:61:97:4A,2,0,NONE,2026-08-19T16:21:58.385934
45917,PROBE_REQ,-91,6,0,7,65416,43376,294839,0,68,10,0,0,14:33:5C:6D:AF:58,0,1,ARMED,70.0,0,1,80:02:9C:61:97:4B,11,53,552.8,80:02:9C:61:97:4A,2,0,NONE,2026-08-19T16:21:58.474934
45917,,38,38,0,4049,65416,43376,294952,0,68,10,0,0,14:33:5C:6D:AF:58,0,1,ARMED,70.0,0,0,80:02:9C:61:97:4B,11,49,506.7,80:02:9C:61:97:4A,2,0,NONE,2026-08-19T16:21:58.587934
45917,MGMT_OTHER,-84,13,2007,3336,65416,43376,295058,0,68,10,0,0,14:33:5C:6D:AF:58,0,1,ARMED,70.0,0,1,80:02:9C:61:97:4B,11,48,470.8,80:02:9C:61:97:4A,2,0,NONE,2026-08-19T16:21:58.693934
45917,,37,37,0,1841,65416,43376,295230,0,68,10,0,0,14:33:5C:6D:AF:58,0,0,ARMED,70.0,0,0,80:02:9C:61:97:4B,11,24,382.9,80:02:9C:61:97:4A,2,0,NONE,2026-08-19T16:21:58.865934
45917,,37,37,0,1844,65400,43376,295368,0,68,10,0,0,14:33:5C:6D:AF:58,0,1,ARMED,70.0,0,0,80:02:9C:61:97:4B,11,35,373.8,80:02:9C:61:97:4A,2,0,NONE,2026-08-19T16:21:59.003934
45917,,38,38,0,4055,65416,43376,295579,0,68,10,0,0,14:33:5C:6D:AF:58,0,0,ARMED,70.0,0,0,80:02:9C:61:97:4B,11,27,307.9,80:02:9C:61:97:4A,2,0,NONE,2026-08-19T16:21:59.214934
45917,,28,28,0,1942,65416,43376,295733,0,68,10,0,0,14:33:5C:6D:AF:58,0,1,ARMED,70.0,0,0,80:02:9C:61:97:4B,11,7,181.1,80:02:9C:61:97:4A,2,0,NONE,2026-08-19T16:21:59.368934
45917,,36,36,0,1037,65416,43376,295839,0,68,10,0,0,14:33:5C:6D:AF:58,0,0,ARMED,70.0,0,0,80:02:9C:61:97:4B,11,37,916.7,80:02:9C:61:97:4A,2,0,NONE,2026-08-19T16:21:59.474934
45917,PROBE_RESP,-70,27,2123,1856,65416,43376,295956,0,68,10,0,0,14:33:5C:6D:AF:58,1,1,ARMED,70.0,0,0,80:02:9C:61:97:4B,11,26,465.9,80:02:9C:61:97:4A,2,0,NONE,2026-08-19T16:21:59.591934
45917,,38,38,0,1023,65400,43376,296106,0,68,10,0,0,14:33:5C:6D:AF:58,1,1,ARMED,70.0,0,0,80:02:9C:61:97:4B,11,24,256.5,80:02:9C:61:97:4A,2,0,NONE,2026-08-19T16:21:59.741934
45917,,38,38,0,4062,65416,43376,296293,0,68,10,0,0,14:33:5C:6D:AF:58,0,1,ARMED,70.0,0,0,80:02:9C:61:97:4B,11,14,188.9,80:02:9C:61:97:4A,2,0,NONE,2026-08-19T16:21:59.928934
45917,,38,38,0,4064,65416,43376,296489,0,68,10,0,0,14:33:5C:6D:AF:58,0,0,ARMED,70.0,0,0,80:02:9C:61:97:4B,11,21,350.1,80:02:9C:61:97:4A,2,0,NONE,2026-08-19T16:22:00.124934
45917,,-58,39,0,1596,65252,43376,296611,0,68,10,0,0,14:33:5C:6D:AF:58,0,1,ARMED,70.0,0,0,80:02:9C:61:97:4B,11,39,482.0,80:02:9C:61:97:4A,2,0,NONE,2026-08-19T16:22:00.246934
45917,,29,29,0,1952,65416,43376,296761,0,68,10,0,0,14:33:5C:6D:AF:58,1,1,ARMED,70.0,0,0,80:02:9C:61:97:4B,11,6,314.2,80:02:9C:61:97:4A,2,0,NONE,2026-08-19T16:22:00.396934
45917,,29,29,0,1022,65416,43376,296892,0,68,10,0,0,14:33:5C:6D:AF:58,0,1,ARMED,70.0,0,0,80:02:9C:61:97:4B,11,9,189.9,80:02:9C:61:97:4A,2,0,NONE,2026-08-19T16:22:00.527934
45917,,38,38,0,2207,65416,43376,296992,0,68,10,0,0,14:33:5C:6D:AF:58,0,1,ARMED,70.0,0,0,80:02:9C:61:97:4B,11,24,532.5,80:02:9C:61:97:4A,2,0,NONE,2026-08-19T16:22:00.627934
45917,MGMT_OTHER,-85,12,7986,2630,65416,43376,297130,0,68,10,0,0,14:33:5C:6D:AF:58,1,1,ARMED,70.0,0,1,80:02:9C:61:97:4B,11,38,470.8,80:02:9C:61:97:4A,2,0,NONE,2026-08-19T16:22:00.765934
45917,,29,29,0,1610,65416,43376,297290,0,68,10,0,0,14:33:5C:6D:AF:58,1,1,ARMED,70.0,0,0,80:02:9C:61:97:4B,11,5,242.0,80:02:9C:61:97:4A,2,0,NONE,2026-08-19T16:22:00.925934
45917,BEACON,-80,17,0,1959,65416,43376,297489,0,68,10,0,0,14:33:5C:6D:AF:58,0,0,ARMED,70.0,0,1,80:02:9C:61:97:4B,11,12,1183.3,80:02:9C:61:97:4A,2,0,NONE,2026-08-19T16:22:01.124934
45917,,38,38,0,283,65416,43376,297529,0,68,10,0,0,14:33:5C:6D:AF:58,0,0,ARMED,70.0,0,1,80:02:9C:61:97:4B,11,62,1240.8,80:02:9C:61:97:4A,2,0,NONE,2026-08-19T16:22:01.164934
45917,,-60,37,0,2134,65416,43376,297696,0,68,10,0,0,14:33:5C:6D:AF:58,1,0,ARMED,70.0,0,1,80:02:9C:61:97:4B,11,5,534.4,80:02:9C:61:97:4A,2,0,NONE,2026-08-19T16:22:01.331934
45917,,-91,6,0,518,65416,43376,297786,0,68,10,0,0,14:33:5C:6D:AF:58,1,0,ARMED,70.0,0,0,80:02:9C:61:97:4B,11,55,554.5,80:02:9C:61:97:4A,2,0,NONE,2026-08-19T16:22:01.421934
45917,,22,22,0,523,65416,43376,297862,0,68,10,0,0,14:33:5C:6D:AF:58,0,1,ARMED,70.0,0,0,80:02:9C:61:97:4B,11,49,668.2,80:02:9C:61:97:4A,2,0,NONE,2026-08-19T16:22:01.497934
45917,,-57,40,1013,1627,65416,43376,297961,0,68,10,0,0,14:33:5C:6D:AF:58,0,1,ARMED,70.0,0,0,80:02:9C:61:97:4B,11,41,570.9,80:02:9C:61:97:4A,2,0,NONE,2026-08-19T16:22:01.596934
45917,BEACON,-71,26,0,1880,65416,43376,298199,0,68,10,0,0,14:33:5C:6D:AF:58,1,0,ARMED,70.0,0,1,80:02:9C:61:97:4B,11,17,174.2,80:02:9C:61:97:4A,2,0,NONE,2026-08-19T16:22:01.834934
45917,BEACON,-98,-1,0,3946,65416,43376,298515,0,68,10,0,0,14:33:5C:6D:AF:58,0,0,ARMED,70.0,0,1,80:02:9C:61:97:4B,11,11,139.7,80:02:9C:61:97:4A,2,0,NONE,2026-08-19T16:22:02.150934
45917,,27,27,0,1885,65416,43376,298731,0,68,10,0,0,14:33:5C:6D:AF:58,0,1,ARMED,70.0,0,0,80:02:9C:61:97:4B,11,11,167.8,80:02:9C:61:97:4A,2,0,NONE,2026-08-19T16:22:02.366934
45917,BEACON,-86,11,0,4087,65416,43376,298945,0,68,10,0,0,14:33:5C:6D:AF:58,0,0,ARMED,70.0,0,1,80:02:9C:61:97:4B,11,26,365.6,80:02:9C:61:97:4A,2,0,NONE,2026-08-19T16:22:02.580934
45917,,-48,49,4336,976,65416,43376,299058,0,68,10,0,0,14:33:5C:6D:AF:58,0,1,ARMED,70.0,0,1,80:02:9C:61:97:4B,11,45,652.3,80:02:9C:61:97:4A,2,0,NONE,2026-08-19T16:22:02.693934
45917,,38,38,0,4089,65416,43376,299293,0,68,10,0,0,14:33:5C:6D:AF:58,0,0,ARMED,70.0,0,0,80:02:9C:61:97:4B,11,2,488.5,80:02:9C:61:97:4A,2,0,NONE,2026-08-19T16:22:02.928934
45917,,38,38,0,3955,65416,43376,299439,0,68,10,0,0,14:33:5C:6D:AF:58,0,1,ARMED,70.0,0,0,80:02:9C:61:97:4B,11,9,197.4,80:02:9C:61:97:4A,2,0,NONE,2026-08-19T16:22:03.074934
45917,,-91,6,0,530,65416,43376,299648,0,68,10,0,0,14:33:5C:6D:AF:58,0,0,ARMED,70.0,0,0,80:02:9C:61:97:4B,11,15,349.6,80:02:9C:61:97:4A,2,0,NONE,2026-08-19T16:22:03.283934
45917,PROBE_REQ,-96,1,0,3328,65416,43376,299797,0,68,10,0,0,14:33:5C:6D:AF:58,0,1,ARMED,70.0,0,1,80:02:9C:61:97:4B,11,19,223.7,80:02:9C:61:97:4A,2,0,NONE,2026-08-19T16:22:03.432934
45917,,38,38,0,0,65416,43376,300009,0,68,10,0,0,14:33:5C:6D:AF:58,1,1,ARMED,70.0,0,0,80:02:9C:61:97:4B,11,19,206.3,80:02:9C:61:97:4A,2,0,NONE,2026-08-19T16:22:03.644934
45917,BEACON,-83,14,0,2,65416,43376,300174,0,68,10,0,0,14:33:5C:6D:AF:58,0,1,ARMED,70.0,0,1,80:02:9C:61:97:4B,11,14,267.8,80:02:9C:61:97:4A,2,0,NONE,2026-08-19T16:22:03.809934
45917,,-65,32,292,1449,65416,43376,300369,0,68,10,0,0,14:33:5C:6D:AF:58,0,0,ARMED,70.0,0,0,80:02:9C:61:97:4B,11,16,373.8,80:02:9C:61:97:4A,2,0,NONE,2026-08-19T16:22:04.004934
45917,,-91,6,0,2078,65416,43376,300512,0,68,10,0,0,14:33:5C:6D:AF:58,0,1,ARMED,70.0,0,1,80:02:9C:61:97:4B,11,26,312.7,80:02:9C:61:97:4A,2,0,NONE,2026-08-19T16:22:04.147934
45917,,-65,32,292,1461,65416,43376,300741,0,68,10,0,0,14:33:5C:6D:AF:58,0,0,ARMED,70.0,0,0,80:02:9C:61:97:4B,11,5,3399.0,80:02:9C:61:97:4A,2,0,NONE,2026-08-19T16:22:04.376934
45917,,27,27,0,8,65416,43376,300802,0,68,10,0,0,14:33:5C:6D:AF:58,0,0,ARMED,70.0,0,0,80:02:9C:61:97:4B,11,55,885.8,80:02:9C:61:97:4A,2,0,NONE,2026-08-19T16:22:04.437934
45917,,-90,7,0,534,65416,43376,301037,0,68,10,0,0,14:33:5C:6D:AF:58,0,0,ARMED,70.0,0,1,80:02:9C:61:97:4B,11,20,209.7,80:02:9C:61:97:4A,2,0,NONE,2026-08-19T16:22:04.672934
45917,PROBE_REQ,-91,6,124,3,65416,43376,301109,0,68,10,0,0,14:33:5C:6D:AF:58,0,0,ARMED,70.0,0,0,80:02:9C:61:97:4B,11,47,708.4,80:02:9C:61:97:4A,2,0,NONE,2026-08-19T16:22:04.744934
45917,BEACON,-69,28,0,1912,65416,43376,301169,0,68,10,0,0,14:33:5C:6D:AF:58,0,1,ARMED,70.0,0,1,80:02:9C:61:97:4B,11,21,893.8,80:02:9C:61:97:4A,2,0,NONE,2026-08-19T16:22:04.804934
45917,PROBE_REQ,-91,6,240,15,65416,43376,301252,0,68,10,0,0,14:33:5C:6D:AF:58,0,1,ARMED,70.0,0,0,80:02:9C:61:97:4B,11,6,1294.8,80:02:9C:61:97:4A,2,0,NONE,2026-08-19T16:22:04.887934
45917,,26,26,0,1408,65416,43376,301311,0,68,10,0,0,14:33:5C:6D:AF:58,0,1,ARMED,70.0,0,0,80:02:9C:61:97:4B,11,56,890.1,80:02:9C:61:97:4A,2,0,NONE,2026-08-19T16:22:04.946934
45917,MGMT_OTHER,-90,7,4290,169,65416,43376,301369,0,68,10,0,0,14:33:5C:6D:AF:58,1,1,ARMED,70.0,0,1,80:02:9C:61:97:4B,11,19,996.7,80:02:9C:61:97:4A,2,0,NONE,2026-08-19T16:22:05.004934
45917,MGMT_OTHER,-91,6,48,802,65416,43376,301413,0,68,10,0,0,14:33:5C:6D:AF:58,1,1,ARMED,70.0,0,1,80:02:9C:61:97:4B,11,69,1104.8,80:02:9C:61:97:4A,2,0,NONE,2026-08-19T16:22:05.048934
45917,MGMT_OTHER,-88,9,1019,949,65416,43376,301449,0,68,10,0,0,14:33:5C:6D:AF:58,1,1,ARMED,70.0,0,1,80:02:9C:61:97:4B,11,119,1203.1,80:02:9C:61:97:4A,2,0,NONE,2026-08-19T16:22:05.084934
45917,,38,38,0,2593,64772,43376,301492,0,68,10,0,0,14:33:5C:6D:AF:58,1,1,ARMED,70.0,0,0,80:02:9C:61:97:4B,11,49,2681.3,80:02:9C:61:97:4A,2,0,NONE,2026-08-19T16:22:05.127934
45917,MGMT_OTHER,-85,12,1961,3690,65416,43376,301541,0,68,10,0,0,14:33:5C:6D:AF:58,1,1,ARMED,70.0,0,1,80:02:9C:61:97:4B,11,99,1474.9,80:02:9C:61:97:4A,2,0,NONE,2026-08-19T16:22:05.176934
45917,,-91,6,991,1203,65416,43376,301577,0,68,10,0,0,14:33:5C:6D:AF:58,1,1,ARMED,70.0,0,1,80:02:9C:61:97:4B,11,1,410.7,80:02:9C:61:97:4A,2,0,NONE,2026-08-19T16:22:05.212934
45917,MGMT_OTHER,-85,12,48,2814,65416,43376,301615,0,68,10,0,0,14:33:5C:6D:AF:58,1,1,ARMED,70.0,0,0,80:02:9C:61:97:4B,11,51,1255.5,80:02:9C:61:97:4A,2,0,NONE,2026-08-19T16:22:05.250934
45917,,-92,5,200,3350,64772,43376,301666,0,68,10,0,0,14:33:5C:6D:AF:58,1,1,ARMED,70.0,0,1,80:02:9C:61:97:4B,11,101,1110.0,80:02:9C:61:97:4A,2,0,NONE,2026-08-19T16:22:05.301934
45917,MGMT_OTHER,-86,11,48,210,65416,43376,301716,0,68,10,0,0,14:33:5C:6D:AF:58,1,1,ARMED,70.0,0,1,80:02:9C:61:97:4B,11,42,1049.9,80:02:9C:61:97:4A,2,0,NONE,2026-08-19T16:22:05.351934
45917,MGMT_OTHER,-86,11,48,2615,65416,43376,301752,0,68,10,0,0,14:33:5C:6D:AF:58,1,1,ARMED,70.0,0,1,80:02:9C:61:97:4B,11,92,1206.6,80:02:9C:61:97:4A,2,0,NONE,2026-08-19T16:22:05.387934
45917,,47,47,0,18,65416,43376,301814,0,68,10,0,0,14:33:5C:6D:AF:58,1,1,ARMED,70.0,0,0,80:02:9C:61:97:4B,11,24,639.7,80:02:9C:61:97:4A,2,0,NONE,2026-08-19T16:22:05.449934
45917,,41,41,0,1919,65416,43376,301894,0,68,10,0,0,14:33:5C:6D:AF:58,1,1,ARMED,70.0,0,0,80:02:9C:61:97:4B,11,6,394.7,80:02:9C:61:97:4A,2,0,NONE,2026-08-19T16:22:05.529934
45917,,-94,3,654,3101,65416,43376,301960,0,68,10,0,0,14:33:5C:6D:AF:58,1,1,ARMED,70.0,0,1,80:02:9C:61:97:4B,11,56,689.4,80:02:9C:61:97:4A,2,0,NONE,2026-08-19T16:22:05.595934
45917,MGMT_OTHER,-85,12,2019,2576,65416,43376,302060,0,68,10,0,0,14:33:5C:6D:AF:58,1,1,ARMED,70.0,0,1,80:02:9C:61:97:4B,11,49,654.5,80:02:9C:61:97:4A,2,0,NONE,2026-08-19T16:22:05.695934
45917,,38,38,0,22,65416,43376,302239,0,68,10,0,0,14:33:5C:6D:AF:58,0,0,ARMED,70.0,0,0,80:02:9C:61:97:4B,11,10,207.5,80:02:9C:61:97:4A,2,0,NONE,2026-08-19T16:22:05.874934
45917,,-49,48,0,1021,65416,43376,302419,0,68,10,0,0,14:33:5C:6D:AF:58,0,1,ARMED,70.0,0,1,80:02:9C:61:97:4B,11,8,362.7,80:02:9C:61:97:4A,2,0,NONE,2026-08-19T16:22:06.054934
45917,,66,66,0,3985,65416,43376,302525,0,68,10,0,0,14:33:5C:6D:AF:58,0,1,ARMED,70.0,0,0,80:02:9C:61:97:4B,11,9,361.1,80:02:9C:61:97:4A,2,0,NONE,2026-08-19T16:22:06.160934
45917,,70,70,0,1928,65416,43376,302708,0,68,10,0,0,14:33:5C:6D:AF:58,0,1,ARMED,70.0,0,0,80:02:9C:61:97:4B,11,2,598.6,80:02:9C:61:97:4A,2,0,NONE,2026-08-19T16:22:06.343934
45917,BEACON,-71,26,0,1930,65416,43376,302909,0,68,10,0,0,14:33:5C:6D:AF:58,0,0,ARMED,70.0,0,1,80:02:9C:61:97:4B,11,25,244.1,80:02:9C:61:97:4A,2,0,NONE,2026-08-19T16:22:06.544934
45917,,-65,32,0,1505,65416,43376,303111,0,68,10,0,0,14:33:5C:6D:AF:58,0,0,ARMED,70.0,0,0,80:02:9C:61:97:4B,11,28,282.3,80:02:9C:61:97:4A,2,0,NONE,2026-08-19T16:22:06.746934
45917,,38,38,0,4,65416,43376,303204,0,68,10,0,0,14:33:5C:6D:AF:58,0,1,ARMED,70.0,0,0,80:02:9C:61:97:4B,11,49,546.9,80:02:9C:61:97:4A,2,0,NONE,2026-08-19T16:22:06.839934
45917,,38,38,0,6,65416,43376,303399,0,68,10,0,0,14:33:5C:6D:AF:58,0,1,ARMED,70.0,0,0,80:02:9C:61:97:4B,11,15,200.2,80:02:9C:61:97:4A,2,0,NONE,2026-08-19T16:22:07.034934
45917,,-58,39,0,1696,65416,43376,303542,0,68,10,0,0,14:33:5C:6D:AF:58,0,0,ARMED,70.0,0,0,80:02:9C:61:97:4B,11,20,2388.6,80:02:9C:61:97:4A,2,0,NONE,2026-08-19T16:22:07.177934
45917,BEACON,-83,14,0,9,65416,43376,303705,0,68,10,0,0,14:33:5C:6D:AF:58,1,1,ARMED,70.0,0,1,80:02:9C:61:97:4B,11,23,321.6,80:02:9C:61:97:4A,2,0,NONE,2026-08-19T16:22:07.340934
45917,,-30,67,0,1112,65416,43376,303889,0,68,10,0,0,14:33:5C:6D:AF:58,1,1,ARMED,70.0,0,1,80:02:9C:61:97:4B,11,12,249.2,80:02:9C:61:97:4A,2,0,NONE,2026-08-19T16:22:07.524934
45917,,66,66,0,583,65416,43376,304001,0,68,10,0,0,14:33:5C:6D:AF:58,1,1,ARMED,70.0,0,0,80:02:9C:61:97:4B,11,32,544.4,80:02:9C:61:97:4A,2,0,NONE,2026-08-19T16:22:07.636934
45917,DEAUTH,-91,6,647,2921,65416,43376,304090,0,68,10,0,0,14:33:5C:6D:AF:58,1,1,ARMED,70.0,0,1,80:02:9C:61:97:4B,11,21,447.7,80:02:9C:61:97:4A,2,0,NONE,2026-08-19T16:22:07.725934
45917,PROBE_REQ,-90,7,393,3150,65416,43376,304154,0,68,10,0,0,14:33:5C:6D:AF:58,1,1,ARMED,70.0,0,1,80:02:9C:61:97:4B,11,13,2068.7,80:02:9C:61:97:4A,2,0,NONE,2026-08-19T16:22:07.789934
45917,PROBE_REQ,-88,9,125,12,65272,43376,304191,0,68,10,0,0,14:33:5C:6D:AF:58,1,1,ARMED,70.0,0,0,80:02:9C:61:97:4B,11,63,1434.2,80:02:9C:61:97:4A,2,0,NONE,2026-08-19T16:22:07.826934
45917,PROBE_REQ,-89,8,125,1,65416,43376,304221,0,68,10,0,0,14:33:5C:6D:AF:58,1,1,ARMED,70.0,0,0,80:02:9C:61:97:4B,11,113,1539.3,80:02:9C:61:97:4A,2,0,NONE,2026-08-19T16:22:07.856934
45917,PROBE_REQ,-88,9,124,12,65400,43376,304259,0,68,10,0,0,14:33:5C:6D:AF:58,1,1,ARMED,70.0,0,0,80:02:9C:61:97:4B,11,22,2480.3,80:02:9C:61:97:4A,2,0,NONE,2026-08-19T16:22:07.894934
45917,,-60,37,2111,2139,65416,43376,304300,0,68,10,0,0,14:33:5C:6D:AF:58,1,1,ARMED,70.0,0,1,80:02:9C:61:97:4B,11,72,1428.8,80:02:9C:61:97:4A,2,0,NONE,2026-08-19T16:22:07.935934
45917,,38,38,0,1023,65416,43376,304315,0,68,10,0,0,14:33:5C:6D:AF:58,1,1,ARMED,70.0,0,0,80:02:9C:61:97:4B,11,122,1859.2,80:02:9C:61:97:4A,2,0,NONE,2026-08-19T16:22:07.950934
45917,MGMT_OTHER,-85,12,1519,2854,65416,43376,304360,0,68,10,0,0,14:33:5C:6D:AF:58,1,1,ARMED,70.0,0,1,80:02:9C:61:97:4B,11,3,363.6,80:02:9C:61:97:4A,2,0,NONE,2026-08-19T16:22:07.995934
45917,MGMT_OTHER,-87,10,1579,3609,65416,43376,304384,0,68,10,0,0,14:33:5C:6D:AF:58,1,1,ARMED,70.0,0,1,80:02:9C:61:97:4B,11,53,1600.9,80:02:9C:61:97:4A,2,0,NONE,2026-08-19T16:22:08.019934
45917,PROBE_REQ,-93,4,815,2,65416,43376,304415,0,68,10,0,0,14:33:5C:6D:AF:58,1,1,ARMED,70.0,0,0,80:02:9C:61:97:4B,11,103,1616.9,80:02:9C:61:97:4A,2,0,NONE,2026-08-19T16:22:08.050934
45917,,25,25,0,1023,65416,43376,304480,0,68,10,0,0,14:33:5C:6D:AF:58,1,1,ARMED,70.0,0,1,80:02:9C:61:97:4B,11,28,1010.6,80:02:9C:61:97:4A,2,0,NONE,2026-08-19T16:22:08.115934
45917,MGMT_OTHER,-85,12,48,3487,65416,43376,304531,0,68,10,0,0,14:33:5C:6D:AF:58,1,1,ARMED,70.0,0,1,80:02:9C:61:97:4B,11,78,998.1,80:02:9C:61:97:4A,2,0,NONE,2026-08-19T16:22:08.166934
45917,MGMT_OTHER,-86,11,1141,1205,65416,43376,304569,0,68,10,0,0,14:33:5C:6D:AF:58,1,1,ARMED,70.0,0,1,80:02:9C:61:97:4B,11,25,2283.1,80:02:9C:61:97:4A,2,0,NONE,2026-08-19T16:22:08.204934
45917,,-91,6,1971,2827,65416,43376,304608,0,68,10,0,0,14:33:5C:6D:AF:58,1,1,ARMED,70.0,0,1,80:02:9C:61:97:4B,11,75,1494.1,80:02:9C:61:97:4A,2,0,NONE,2026-08-19T16:22:08.243934
45917,MGMT_OTHER,-86,11,49,109,65416,43376,304675,0,68,10,0,0,14:33:5C:6D:AF:58,1,1,ARMED,70.0,0,1,80:02:9C:61:97:4B,11,9,533.1,80:02:9C:61:97:4A,2,0,NONE,2026-08-19T16:22:08.310934
45917,,38,38,0,1023,65416,43376,304787,0,68,10,0,0,14:33:5C:6D:AF:58,1,1,ARMED,70.0,0,1,80:02:9C:61:97:4B,11,6,247.3,80:02:9C:61:97:4A,2,0,NONE,2026-08-19T16:22:08.422934
45917,,-82,15,0,3968,65416,43376,304989,0,68,10,0,0,14:33:5C:6D:AF:58,1,0,ARMED,70.0,0,1,80:02:9C:61:97:4B,11,8,356.1,80:02:9C:61:97:4A,2,0,NONE,2026-08-19T16:22:08.624934
45917,,38,38,0,1023,65416,43376,305172,0,68,10,0,0,14:33:5C:6D:AF:58,0,1,ARMED,70.0,0,0,80:02:9C:61:97:4B,11,33,322.3,80:02:9C:61:97:4A,2,0,NONE,2026-08-19T16:22:08.807934
45917,,38,38,0,3259,65416,43376,305269,0,68,10,0,0,14:33:5C:6D:AF:58,0,1,ARMED,70.0,0,1,80:02:9C:61:97:4B,11,50,515.8,80:02:9C:61:97:4A,2,0,NONE,2026-08-19T16:22:08.904934
45917,,-72,25,0,3502,65416,43376,305369,0,68,10,0,0,14:33:5C:6D:AF:58,0,1,ARMED,70.0,0,1,80:02:9C:61:97:4B,11,49,582.6,80:02:9C:61:97:4A,2,0,NONE,2026-08-19T16:22:09.004934
45917,MGMT_OTHER,-90,7,99,416,65416,43376,305449,0,68,10,0,0,14:33:5C:6D:AF:58,1,1,ARMED,70.0,0,1,80:02:9C:61:97:4B,11,45,720.5,80:02:9C:61:97:4A,2,0,NONE,2026-08-19T16:22:09.084934
45917,,38,38,0,1522,65416,43376,305544,0,68,10,0,0,14:33:5C:6D:AF:58,1,1,ARMED,70.0,0,0,80:02:9C:61:97:4B,11,27,473.5,80:02:9C:61:97:4A,2,0,NONE,2026-08-19T16:22:09.179934
45917,PROBE_REQ,-90,7,136,10,65416,43376,305627,0,68,10,0,0,14:33:5C:6D:AF:58,0,1,ARMED,70.0,0,1,80:02:9C:61:97:4B,11,35,881.9,80:02:9C:61:97:4A,2,0,NONE,2026-08-19T16:22:09.262934
45917,BEACON,-71,26,0,1959,65416,43376,305675,0,68,10,0,0,14:33:5C:6D:AF:58,0,1,ARMED,70.0,0,1,80:02:9C:61:97:4B,11,85,972.7,80:02:9C:61:97:4A,2,0,NONE,2026-08-19T16:22:09.310934
45917,MGMT_OTHER,-86,11,0,2777,65416,43376,305752,0,68,10,0,0,14:33:5C:6D:AF:58,1,1,ARMED,70.0,0,1,80:02:9C:61:97:4B,11,42,658.3,80:02:9C:61:97:4A,2,0,NONE,2026-08-19T16:22:09.387934
45917,MGMT_OTHER,-87,10,48,2006,65416,43376,305840,0,68,10,0,0,14:33:5C:6D:AF:58,1,1,ARMED,70.0,0,1,80:02:9C:61:97:4B,11,38,828.6,80:02:9C:61:97:4A,2,0,NONE,2026-08-19T16:22:09.475934
45917,MGMT_OTHER,-86,11,502,674,64772,43376,305913,0,68,10,0,0,14:33:5C:6D:AF:58,1,1,ARMED,70.0,0,1,80:02:9C:61:97:4B,11,11,646.7,80:02:9C:61:97:4A,2,0,NONE,2026-08-19T16:22:09.548934
45917,,38,38,0,2037,65416,43376,305966,0,68,10,0,0,14:33:5C:6D:AF:58,1,1,ARMED,70.0,0,1,80:02:9C:61:97:4B,11,61,865.6,80:02:9C:61:97:4A,2,0,NONE,2026-08-19T16:22:09.601934
45917,,25,25,0,1706,65416,43376,306027,0,68,10,0,0,14:33:5C:6D:AF:58,1,1,ARMED,70.0,0,1,80:02:9C:61:97:4B,11,27,905.2,80:02:9C:61:97:4A,2,0,NONE,2026-08-19T16:22:09.662934
45917,BEACON,-70,27,0,1963,65416,43376,306084,0,68,10,0,0,14:33:5C:6D:AF:58,1,1,ARMED,70.0,0,1,80:02:9C:61:97:4B,11,77,889.0,80:02:9C:61:97:4A,2,0,NONE,2026-08-19T16:22:09.719934
45917,BEACON,-78,19,0,2045,65416,43376,306280,0,68,10,0,0,14:33:5C:6D:AF:58,1,0,ARMED,70.0,0,1,80:02:9C:61:97:4B,11,20,245.6,80:02:9C:61:97:4A,2,0,NONE,2026-08-19T16:22:09.915934
45917,,-48,49,0,1086,65400,43376,306459,0,68,10,0,0,14:33:5C:6D:AF:58,0,1,ARMED,70.0,0,1,80:02:9C:61:97:4B,11,10,199.3,80:02:9C:61:97:4A,2,0,NONE,2026-08-19T16:22:10.094934
45917,,-69,28,0,1968,65416,43376,306566,0,68,10,0,0,14:33:5C:6D:AF:58,0,1,ARMED,70.0,0,0,80:02:9C:61:97:4B,11,27,566.5,80:02:9C:61:97:4A,2,0,NONE,2026-08-19T16:22:10.201934
45917,,38,38,0,551,65416,43376,306668,0,68,10,0,0,14:33:5C:6D:AF:58,0,1,ARMED,70.0,0,0,80:02:9C:61:97:4B,11,15,305.8,80:02:9C:61:97:4A,2,0,NONE,2026-08-19T16:22:10.303934
45917,,38,38,0,1974,65416,43376,306851,0,68,10,0,0,14:33:5C:6D:AF:58,0,0,ARMED,70.0,0,0,80:02:9C:61:97:4B,11,6,234.6,80:02:9C:61:97:4A,2,0,NONE,2026-08-19T16:22:10.486934
45917,,26,26,0,292,65416,43376,306940,0,68,10,0,0,14:33:5C:6D:AF:58,1,1,ARMED,70.0,0,0,80:02:9C:61:97:4B,11,16,1102.7,80:02:9C:61:97:4A,2,0,NONE,2026-08-19T16:22:10.575934
45917,PROBE_REQ,-86,11,0,3395,65416,43376,307176,0,68,10,0,0,14:33:5C:6D:AF:58,0,0,ARMED,70.0,0,1,80:02:9C:61:97:4B,11,10,228.6,80:02:9C:61:97:4A,2,0,NONE,2026-08-19T16:22:10.811934
45917,,38,38,0,3630,65416,43376,307341,0,68,10,0,0,14:33:5C:6D:AF:58,1,1,ARMED,70.0,0,0,80:02:9C:61:97:4B,11,26,259.7,80:02:9C:61:97:4A,2,0,NONE,2026-08-19T16:22:10.976934
45917,,-89,8,0,170,65416,43376,307444,0,68,10,0,0,14:33:5C:6D:AF:58,1,1,ARMED,70.0,0,1,80:02:9C:61:97:4B,11,3,548.5,80:02:9C:61:97:4A,2,0,NONE,2026-08-19T16:22:11.079934
45917,,38,38,0,3019,65416,43376,307479,0,68,10,0,0,14:33:5C:6D:AF:58,1,1,ARMED,70.0,0,0,80:02:9C:61:97:4B,11,53,1310.0,80:02:9C:61:97:4A,2,0,NONE,2026-08-19T16:22:11.114934
45917,,-65,32,0,1586,65416,43376,307567,0,68,10,0,0,14:33:5C:6D:AF:58,1,1,ARMED,70.0,0,0,80:02:9C:61:97:4B,11,16,630.4,80:02:9C:61:97:4A,2,0,NONE,2026-08-19T16:22:11.202934
45917,,38,38,0,293,64772,43376,307600,0,68,10,0,0,14:33:5C:6D:AF:58,1,1,ARMED,70.0,0,0,80:02:9C:61:97:4B,11,66,1115.4,80:02:9C:61:97:4A,2,0,NONE,2026-08-19T16:22:11.235934
45917,,26,26,0,1983,65416,43376,307723,0,68,10,0,0,14:33:5C:6D:AF:58,1,1,ARMED,70.0,0,0,80:02:9C:61:97:4B,11,24,296.8,80:02:9C:61:97:4A,2,0,NONE,2026-08-19T16:22:11.358934
45917,BEACON,-78,19,0,2061,65416,43376,307919,0,68,10,0,0,14:33:5C:6D:AF:58,0,0,ARMED,70.0,0,1,80:02:9C:61:97:4B,11,20,261.1,80:02:9C:61:97:4A,2,0,NONE,2026-08-19T16:22:11.554934
45917,,-65,32,0,1603,65416,43376,308101,0,68,10,0,0,14:33:5C:6D:AF:58,0,1,ARMED,70.0,0,1,80:02:9C:61:97:4B,11,9,208.4,80:02:9C:61:97:4A,2,0,NONE,2026-08-19T16:22:11.736934
45917,,66,66,0,1988,65416,43376,308243,0,68,10,0,0,14:33:5C:6D:AF:58,0,1,ARMED,70.0,0,0,80:02:9C:61:97:4B,11,21,253.8,80:02:9C:61:97:4A,2,0,NONE,2026-08-19T16:22:11.878934
45917,,27,27,0,4043,65416,43376,308448,0,68,10,0,0,14:33:5C:6D:AF:58,0,0,ARMED,70.0,0,0,80:02:9C:61:97:4B,11,20,241.2,80:02:9C:61:97:4A,2,0,NONE,2026-08-19T16:22:12.083934
45917,,38,38,0,86,65416,43376,308689,0,68,10,0,0,14:33:5C:6D:AF:58,0,0,ARMED,70.0,0,0,80:02:9C:61:97:4B,11,22,200.1,80:02:9C:61:97:4A,2,0,NONE,2026-08-19T16:22:12.324934
45917,BEACON,-96,1,0,4047,65416,43376,308858,0,68,10,0,0,14:33:5C:6D:AF:58,0,1,ARMED,70.0,0,1,80:02:9C:61:97:4B,11,18,260.7,80:02:9C:61:97:4A,2,0,NONE,2026-08-19T16:22:12.493934
45917,BEACON,-72,25,0,1997,65416,43376,309053,0,68,10,0,0,14:33:5C:6D:AF:58,1,0,ARMED,70.0,0,1,80:02:9C:61:97:4B,11,13,213.4,80:02:9C:61:97:4A,2,0,NONE,2026-08-19T16:22:12.688934
45917,,-72,25,0,2000,65416,43376,309179,0,68,10,0,0,14:33:5C:6D:AF:58,0,0,ARMED,70.0,0,0,80:02:9C:61:97:4B,11,38,444.7,80:02:9C:61:97:4A,2,0,NONE,2026-08-19T16:22:12.814934
45917,BEACON,-93,4,0,1845,65416,43376,309365,0,68,10,0,0,14:33:5C:6D:AF:58,0,1,ARMED,70.0,0,1,80:02:9C:61:97:4B,11,12,178.8,80:02:9C:61:97:4A,2,0,NONE,2026-08-19T16:22:13.000934
45917,BEACON,-81,16,0,66,65416,43376,309542,0,68,10,0,0,14:33:5C:6D:AF:58,0,0,ARMED,70.0,0,0,80:02:9C:61:97:4B,11,8,243.0,80:02:9C:61:97:4A,2,0,NONE,2026-08-19T16:22:13.177934
45917,,-91,6,0,559,65416,43376,309737,0,68,10,0,0,14:33:5C:6D:AF:58,0,1,ARMED,70.0,0,0,80:02:9C:61:97:4B,11,4,203.0,80:02:9C:61:97:4A,2,0,NONE,2026-08-19T16:22:13.372934
45917,,23,23,0,100,65416,43376,309930,0,68,10,0,0,14:33:5C:6D:AF:58,1,1,ARMED,70.0,0,0,80:02:9C:61:97:4B,11,1,523.8,80:02:9C:61:97:4A,2,0,NONE,2026-08-19T16:22:13.565934
45917,,38,38,0,2011,65416,43376,310143,0,68,10,0,0,14:33:5C:6D:AF:58,0,0,ARMED,70.0,0,0,80:02:9C:61:97:4B,11,1,245.1,80:02:9C:61:97:4A,2,0,NONE,2026-08-19T16:22:13.778934
45917,BEACON,-79,18,17089,2084,65416,43376,310274,0,68,10,0,0,14:33:5C:6D:AF:58,0,1,ARMED,70.0,0,1,80:02:9C:61:97:4B,11,8,236.7,80:02:9C:61:97:4A,2,0,NONE,2026-08-19T16:22:13.909934
45917,,38,38,0,2015,65416,43376,310493,0,68,10,0,0,14:33:5C:6D:AF:58,1,0,ARMED,70.0,0,0,80:02:9C:61:97:4B,11,11,247.6,80:02:9C:61:97:4A,2,0,NONE,2026-08-19T16:22:14.128934
45917,,38,38,0,108,65416,43376,310739,0,68,10,0,0,14:33:5C:6D:AF:58,0,1,ARMED,70.0,0,0,80:02:9C:61:97:4B,11,12,156.2,80:02:9C:61:97:4A,2,0,NONE,2026-08-19T16:22:14.374934
45917,,-48,49,0,1057,65416,43376,310959,0,68,10,0,0,14:33:5C:6D:AF:58,0,0,ARMED,70.0,0,1,80:02:9C:61:97:4B,11,21,246.0,80:02:9C:61:97:4A,2,0,NONE,2026-08-19T16:22:14.594934
45917,,66,66,0,112,65416,43376,311141,0,68,10,0,0,14:33:5C:6D:AF:58,0,0,ARMED,70.0,0,0,80:02:9C:61:97:4B,11,20,317.4,80:02:9C:61:97:4A,2,0,NONE,2026-08-19T16:22:14.776934
45917,,-65,32,0,1648,65416,43376,311196,0,68,10,0,0,14:33:5C:6D:AF:58,0,1,ARMED,70.0,0,0,80:02:9C:61:97:4B,11,12,757.1,80:02:9C:61:97:4A,2,0,NONE,2026-08-19T16:22:14.831934
45917,,-58,39,0,1795,65416,43376,311289,0,68,10,0,0,14:33:5C:6D:AF:58,1,1,ARMED,70.0,0,1,80:02:9C:61:97:4B,11,8,1271.5,80:02:9C:61:97:4A,2,0,NONE,2026-08-19T16:22:14.924934
45917,,-91,6,0,2943,65416,43376,311483,0,68,10,0,0,14:33:5C:6D:AF:58,1,1,ARMED,70.0,0,1,80:02:9C:61:97:4B,11,20,203.9,80:02:9C:61:97:4A,2,0,NONE,2026-08-19T16:22:15.118934
45917,BEACON,-81,16,0,87,65416,43376,311694,0,68,10,0,0,14:33:5C:6D:AF:58,1,0,ARMED,70.0,0,1,80:02:9C:61:97:4B,11,23,224.7,80:02:9C:61:97:4A,2,0,NONE,2026-08-19T16:22:15.329934
45917,,27,27,0,1751,65416,43376,311871,0,68,10,0,0,14:33:5C:6D:AF:58,0,0,ARMED,70.0,0,0,80:02:9C:61:97:4B,11,25,330.2,80:02:9C:61:97:4A,2,0,NONE,2026-08-19T16:22:15.506934
45917,,38,38,0,91,65416,43376,312105,0,68,10,0,0,14:33:5C:6D:AF:58,0,0,ARMED,70.0,0,0,80:02:9C:61:97:4B,11,3,882.6,80:02:9C:61:97:4A,2,0,NONE,2026-08-19T16:22:15.740934
45917,,27,27,0,4080,65416,43376,312239,0,68,10,0,0,14:33:5C:6D:AF:58,1,1,ARMED,70.0,0,0,80:02:9C:61:97:4B,11,17,460.6,80:02:9C:61:97:4A,2,0,NONE,2026-08-19T16:22:15.874934
45917,,38,38,0,1023,65416,43376,312468,0,68,10,0,0,14:33:5C:6D:AF:58,0,0,ARMED,70.0,0,0,80:02:9C:61:97:4B,11,15,253.4,80:02:9C:61:97:4A,2,0,NONE,2026-08-19T16:22:16.103934
45917,,38,38,0,1877,65416,43376,312688,0,68,10,0,0,14:33:5C:6D:AF:58,1,0,ARMED,70.0,0,0,80:02:9C:61:97:4B,11,15,201.7,80:02:9C:61:97:4A,2,0,NONE,2026-08-19T16:22:16.323934
45917,,66,66,0,131,65416,43376,312891,0,68,10,0,0,14:33:5C:6D:AF:58,1,0,ARMED,70.0,0,0,80:02:9C:61:97:4B,11,19,265.2,80:02:9C:61:97:4A,2,0,NONE,2026-08-19T16:22:16.526934
45917,,38,38,0,1882,65416,43376,313178,0,68,10,0,0,14:33:5C:6D:AF:58,0,0,ARMED,70.0,0,0,80:02:9C:61:97:4B,11,11,212.1,80:02:9C:61:97:4A,2,0,NONE,2026-08-19T16:22:16.813934
45917,,38,38,0,4091,65416,43376,313379,0,68,10,0,0,14:33:5C:6D:AF:58,0,0,ARMED,70.0,0,0,80:02:9C:61:97:4B,11,12,252.4,80:02:9C:61:97:4A,2,0,NONE,2026-08-19T16:22:17.014934
45917,,38,38,0,137,65416,43376,313489,0,68,10,0,0,14:33:5C:6D:AF:58,0,1,ARMED,70.0,0,0,80:02:9C:61:97:4B,11,15,271.4,80:02:9C:61:97:4A,2,0,NONE,2026-08-19T16:22:17.124934
45917,,38,38,0,1887,65416,43376,313668,0,68,10,0,0,14:33:5C:6D:AF:58,0,0,ARMED,70.0,0,0,80:02:9C:61:97:4B,11,10,329.8,80:02:9C:61:97:4A,2,0,NONE,2026-08-19T16:22:17.303934
45917,,24,24,0,2119,65416,43376,313860,0,68,10,0,0,14:33:5C:6D:AF:58,0,0,ARMED,70.0,0,0,80:02:9C:61:97:4B,11,7,415.9,80:02:9C:61:97:4A,2,0,NONE,2026-08-19T16:22:17.495934
45917,,38,38,0,2,65416,43376,314089,0,68,10,0,0,14:33:5C:6D:AF:58,0,0,ARMED,70.0,0,0,80:02:9C:61:97:4B,11,9,220.2,80:02:9C:61:97:4A,2,0,NONE,2026-08-19T16:22:17.724934
45917,,29,29,0,4,65416,43376,314290,0,68,10,0,0,14:33:5C:6D:AF:58,1,0,ARMED,70.0,0,0,80:02:9C:61:97:4B,11,16,426.7,80:02:9C:61:97:4A,2,0,NONE,2026-08-19T16:22:17.925934
45917,,38,38,0,1895,65416,43376,314493,0,68,10,0,0,14:33:5C:6D:AF:58,0,0,ARMED,70.0,0,0,80:02:9C:61:97:4B,11,11,307.1,80:02:9C:61:97:4A,2,0,NONE,2026-08-19T16:22:18.128934
45917,,28,28,0,299,65416,43376,314634,0,68,10,0,0,14:33:5C:6D:AF:58,0,1,ARMED,70.0,0,0,80:02:9C:61:97:4B,11,30,404.0,80:02:9C:61:97:4A,2,0,NONE,2026-08-19T16:22:18.269934
45917,,-59,38,2804,2159,65416,43376,314797,0,68,10,0,0,14:33:5C:6D:AF:58,0,0,ARMED,70.0,0,1,80:02:9C:61:97:4B,11,23,707.1,80:02:9C:61:97:4A,2,0,NONE,2026-08-19T16:22:18.432934
45917,,28,28,0,2752,65416,43376,314939,0,68,10,0,0,14:33:5C:6D:AF:58,0,1,ARMED,70.0,0,1,80:02:9C:61:97:4B,11,16,221.1,80:02:9C:61:97:4A,2,0,NONE,2026-08-19T16:22:18.574934
45917,,38,38,0,12,65416,43376,315168,0,68,10,0,0,14:33:5C:6D:AF:58,0,0,ARMED,70.0,0,0,80:02:9C:61:97:4B,11,23,237.9,80:02:9C:61:97:4A,2,0,NONE,2026-08-19T16:22:18.803934
45917,,38,38,0,123,65416,43376,315379,0,68,10,0,0,14:33:5C:6D:AF:58,0,0,ARMED,70.0,0,0,80:02:9C:61:97:4B,11,28,308.5,80:02:9C:61:97:4A,2,0,NONE,2026-08-19T16:22:19.014934
45917,MGMT_OTHER,-91,6,0,1568,65416,43376,315560,0,68,10,0,0,14:33:5C:6D:AF:58,0,0,ARMED,70.0,0,1,80:02:9C:61:97:4B,11,21,309.2,80:02:9C:61:97:4A,2,0,NONE,2026-08-19T16:22:19.195934
45917,,38,38,0,161,65416,43376,315743,0,68,10,0,0,14:33:5C:6D:AF:58,0,1,ARMED,70.0,0,0,80:02:9C:61:97:4B,11,11,223.4,80:02:9C:61:97:4A,2,0,NONE,2026-08-19T16:22:19.378934
45917,,24,24,0,20,65416,43376,315940,0,68,10,0,0,14:33:5C:6D:AF:58,1,1,ARMED,70.0,0,0,80:02:9C:61:97:4B,11,6,176.5,80:02:9C:61:97:4A,2,0,NONE,2026-08-19T16:22:19.575934
45917,,20,20,0,22,65416,43376,316131,0,68,10,0,0,14:33:5C:6D:AF:58,0,0,ARMED,70.0,0,0,80:02:9C:61:97:4B,11,8,407.9,80:02:9C:61:97:4A,2,0,NONE,2026-08-19T16:22:19.766934
45917,BEACON,-70,27,0,2080,65416,43376,316324,0,68,10,0,0,14:33:5C:6D:AF:58,0,0,ARMED,70.0,0,0,80:02:9C:61:97:4B,11,2,214.1,80:02:9C:61:97:4A,2,0,NONE,2026-08-19T16:22:19.959934
45917,,38,38,0,26,65416,43376,316546,0,68,10,0,0,14:33:5C:6D:AF:58,0,0,ARMED,70.0,0,0,80:02:9C:61:97:4B,11,8,312.8,80:02:9C:61:97:4A,2,0,NONE,2026-08-19T16:22:20.181934
45917,,-31,66,0,1125,65416,43376,316752,0,68,10,0,0,14:33:5C:6D:AF:58,1,0,ARMED,70.0,0,1,80:02:9C:61:97:4B,11,12,427.7,80:02:9C:61:97:4A,2,0,NONE,2026-08-19T16:22:20.387934
45917,BEACON,-93,4,0,1919,65416,43376,316943,0,68,10,0,0,14:33:5C:6D:AF:58,0,0,ARMED,70.0,0,1,80:02:9C:61:97:4B,11,3,223.1,80:02:9C:61:97:4A,2,0,NONE,2026-08-19T16:22:20.578934
45917,PROBE_REQ,-91,6,0,9,65416,43376,317080,0,68,10,0,0,14:33:5C:6D:AF:58,0,1,ARMED,70.0,0,1,80:02:9C:61:97:4B,11,21,438.3,80:02:9C:61:97:4A,2,0,NONE,2026-08-19T16:22:20.715934
45917,,38,38,0,33,65416,43376,317258,0,68,10,0,0,14:33:5C:6D:AF:58,0,0,ARMED,70.0,0,0,80:02:9C:61:97:4B,11,7,318.6,80:02:9C:61:97:4A,2,0,NONE,2026-08-19T16:22:20.893934
45917,,38,38,0,178,65416,43376,317489,0,68,10,0,0,14:33:5C:6D:AF:58,0,0,ARMED,70.0,0,0,80:02:9C:61:97:4B,11,12,255.9,80:02:9C:61:97:4A,2,0,NONE,2026-08-19T16:22:21.124934
45917,,38,38,0,302,65416,43376,317619,0,68,10,0,0,14:33:5C:6D:AF:58,0,0,ARMED,70.0,0,0,80:02:9C:61:97:4B,11,39,517.0,80:02:9C:61:97:4A,2,0,NONE,2026-08-19T16:22:21.254934
45917,,25,25,0,1928,65416,43376,317869,0,68,10,0,0,14:33:5C:6D:AF:58,0,0,ARMED,70.0,0,0,80:02:9C:61:97:4B,11,4,231.0,80:02:9C:61:97:4A,2,0,NONE,2026-08-19T16:22:21.504934
45917,,22,22,0,149,65416,43376,318050,0,68,10,0,0,14:33:5C:6D:AF:58,0,0,ARMED,70.0,0,0,80:02:9C:61:97:4B,11,29,296.6,80:02:9C:61:97:4A,2,0,NONE,2026-08-19T16:22:21.685934
45917,,23,23,0,303,65416,43376,318178,0,68,10,0,0,14:33:5C:6D:AF:58,0,0,ARMED,70.0,0,1,80:02:9C:61:97:4B,11,25,1222.7,80:02:9C:61:97:4A,2,0,NONE,2026-08-19T16:22:21.813934
45917,,25,25,0,1528,65416,43376,318330,0,68,10,0,0,14:33:5C:6D:AF:58,0,1,ARMED,70.0,0,0,80:02:9C:61:97:4B,11,13,190.0,80:02:9C:61:97:4A,2,0,NONE,2026-08-19T16:22:21.965934
45917,,66,66,0,154,65416,43376,318556,0,68,10,0,0,14:33:5C:6D:AF:58,0,0,ARMED,70.0,0,0,80:02:9C:61:97:4B,11,20,222.7,80:02:9C:61:97:4A,2,0,NONE,2026-08-19T16:22:22.191934
45917,,66,66,0,190,65416,43376,318732,0,68,10,0,0,14:33:5C:6D:AF:58,0,1,ARMED,70.0,0,0,80:02:9C:61:97:4B,11,17,289.4,80:02:9C:61:97:4A,2,0,NONE,2026-08-19T16:22:22.367934
45917,,38,38,0,192,65416,43376,318958,0,68,10,0,0,14:33:5C:6D:AF:58,0,0,ARMED,70.0,0,0,80:02:9C:61:97:4B,11,15,200.5,80:02:9C:61:97:4A,2,0,NONE,2026-08-19T16:22:22.593934
45917,,48,48,0,1940,65416,43376,319094,0,68,10,0,0,14:33:5C:6D:AF:58,0,1,ARMED,70.0,0,0,80:02:9C:61:97:4B,11,5,652.1,80:02:9C:61:97:4A,2,0,NONE,2026-08-19T16:22:22.729934
45917,BEACON,-70,27,0,2110,65416,43376,319293,0,68,10,0,0,14:33:5C:6D:AF:58,0,0,ARMED,70.0,0,1,80:02:9C:61:97:4B,11,2,410.6,80:02:9C:61:97:4A,2,0,NONE,2026-08-19T16:22:22.928934
45917,,27,27,0,3398,65416,43376,319454,0,68,10,0,0,14:33:5C:6D:AF:58,0,1,ARMED,70.0,0,1,80:02:9C:61:97:4B,11,13,223.7,80:02:9C:61:97:4A,2,0,NONE,2026-08-19T16:22:23.089934
45917,,38,38,0,199,65416,43376,319668,0,68,10,0,0,14:33:5C:6D:AF:58,0,0,ARMED,70.0,0,0,80:02:9C:61:97:4B,11,13,185.9,80:02:9C:61:97:4A,2,0,NONE,2026-08-19T16:22:23.303934
45917,,27,27,0,304,65416,43376,319765,0,68,10,0,0,14:33:5C:6D:AF:58,0,0,ARMED,70.0,0,0,80:02:9C:61:97:4B,11,38,614.2,80:02:9C:61:97:4A,2,0,NONE,2026-08-19T16:22:23.400934
45917,,48,48,0,202,65416,43376,319961,0,68,10,0,0,14:33:5C:6D:AF:58,0,0,ARMED,70.0,0,0,80:02:9C:61:97:4B,11,13,243.3,80:02:9C:61:97:4A,2,0,NONE,2026-08-19T16:22:23.596934
45917,,27,27,0,1950,65416,43376,320150,0,68,10,0,0,14:33:5C:6D:AF:58,0,0,ARMED,70.0,0,0,80:02:9C:61:97:4B,11,8,211.0,80:02:9C:61:97:4A,2,0,NONE,2026-08-19T16:22:23.785934
45917,,38,38,0,63,65416,43376,320338,0,68,10,0,0,14:33:5C:6D:AF:58,0,1,ARMED,70.0,0,0,80:02:9C:61:97:4B,11,5,234.8,80:02:9C:61:97:4A,2,0,NONE,2026-08-19T16:22:23.973934
45917,,38,38,0,65,65416,43376,320568,0,68,10,0,0,14:33:5C:6D:AF:58,1,0,ARMED,70.0,0,0,80:02:9C:61:97:4B,11,9,193.9,80:02:9C:61:97:4A,2,0,NONE,2026-08-19T16:22:24.203934
45917,BEACON,-93,4,0,67,65416,43376,320736,0,68,10,0,0,14:33:5C:6D:AF:58,1,1,ARMED,70.0,0,1,80:02:9C:61:97:4B,11,2,216.1,80:02:9C:61:97:4A,2,0,NONE,2026-08-19T16:22:24.371934
45917,,-58,39,371,1891,65416,43376,320847,0,68,10,0,0,14:33:5C:6D:AF:58,1,1,ARMED,70.0,0,1,80:02:9C:61:97:4B,11,21,1150.9,80:02:9C:61:97:4A,2,0,NONE,2026-08-19T16:22:24.482934
45917,,27,27,0,2189,65416,43376,321030,0,68,10,0,0,14:33:5C:6D:AF:58,1,1,ARMED,70.0,0,0,80:02:9C:61:97:4B,11,28,283.8,80:02:9C:61:97:4A,2,0,NONE,2026-08-19T16:22:24.665934
45917,,27,27,0,215,65416,43376,321313,0,68,10,0,0,14:33:5C:6D:AF:58,0,0,ARMED,70.0,0,0,80:02:9C:61:97:4B,11,9,143.4,80:02:9C:61:97:4A,2,0,NONE,2026-08-19T16:22:24.948934
45917,BEACON,-81,16,0,183,65416,43376,321523,0,68,10,0,0,14:33:5C:6D:AF:58,0,0,ARMED,70.0,0,1,80:02:9C:61:97:4B,11,9,167.4,80:02:9C:61:97:4A,2,0,NONE,2026-08-19T16:22:25.158934
45917,,-58,39,0,1904,65416,43376,321596,0,68,10,0,0,14:33:5C:6D:AF:58,0,1,ARMED,70.0,0,0,80:02:9C:61:97:4B,11,30,1246.5,80:02:9C:61:97:4A,2,0,NONE,2026-08-19T16:22:25.231934
45917,,-58,39,1031,1913,65416,43376,321672,0,68,10,0,0,14:33:5C:6D:AF:58,0,1,ARMED,70.0,0,0,80:02:9C:61:97:4B,11,80,794.3,80:02:9C:61:97:4A,2,0,NONE,2026-08-19T16:22:25.307934
45917,,38,38,0,186,65416,43376,321849,0,68,10,0,0,14:33:5C:6D:AF:58,0,1,ARMED,70.0,0,0,80:02:9C:61:97:4B,11,22,316.4,80:02:9C:61:97:4A,2,0,NONE,2026-08-19T16:22:25.484934
45917,,24,24,0,222,65416,43376,322015,0,68,10,0,0,14:33:5C:6D:AF:58,0,1,ARMED,70.0,0,0,80:02:9C:61:97:4B,11,7,246.8,80:02:9C:61:97:4A,2,0,NONE,2026-08-19T16:22:25.650934
45917,,38,38,0,224,65416,43376,322203,0,68,10,0,0,14:33:5C:6D:AF:58,0,0,ARMED,70.0,0,0,80:02:9C:61:97:4B,11,3,228.1,80:02:9C:61:97:4A,2,0,NONE,2026-08-19T16:22:25.838934
45917,,28,28,0,83,65416,43376,322390,0,68,10,0,0,14:33:5C:6D:AF:58,0,1,ARMED,70.0,0,0,80:02:9C:61:97:4B,11,24,243.9,80:02:9C:61:97:4A,2,0,NONE,2026-08-19T16:22:26.025934
45917,BEACON,-83,14,0,228,65416,43376,322602,0,68,10,0,0,14:33:5C:6D:AF:58,0,1,ARMED,70.0,0,1,80:02:9C:61:97:4B,11,20,212.3,80:02:9C:61:97:4A,2,0,NONE,2026-08-19T16:22:26.237934
45917,,-58,39,0,1923,65416,43376,322738,0,68,10,0,0,14:33:5C:6D:AF:58,0,0,ARMED,70.0,0,0,80:02:9C:61:97:4B,11,23,943.1,80:02:9C:61:97:4A,2,0,NONE,2026-08-19T16:22:26.373934
45917,BEACON,-82,15,0,197,65416,43376,322957,0,68,10,0,0,14:33:5C:6D:AF:58,1,0,ARMED,70.0,0,0,80:02:9C:61:97:4B,11,5,177.0,80:02:9C:61:97:4A,2,0,NONE,2026-08-19T16:22:26.592934
45917,,38,38,0,2210,65416,43376,323178,0,68,10,0,0,14:33:5C:6D:AF:58,0,0,ARMED,70.0,0,0,80:02:9C:61:97:4B,11,6,170.1,80:02:9C:61:97:4A,2,0,NONE,2026-08-19T16:22:26.813934
45917,MGMT_OTHER,-86,11,13600,10,65416,43376,323426,0,68,10,0,0,14:33:5C:6D:AF:58,0,0,ARMED,70.0,0,1,80:02:9C:61:97:4B,11,13,219.1,80:02:9C:61:97:4A,2,0,NONE,2026-08-19T16:22:27.061934
45917,,38,38,0,1984,65416,43376,323608,0,68,10,0,0,14:33:5C:6D:AF:58,1,0,ARMED,70.0,0,0,80:02:9C:61:97:4B,11,17,455.1,80:02:9C:61:97:4A,2,0,NONE,2026-08-19T16:22:27.243934
45917,MGMT_OTHER,-86,11,3099,1052,65416,43376,323749,0,68,10,0,0,14:33:5C:6D:AF:58,0,1,ARMED,70.0,0,1,80:02:9C:61:97:4B,11,31,408.9,80:02:9C:61:97:4A,2,0,NONE,2026-08-19T16:22:27.384934
45917,,38,38,0,243,65416,43376,323938,0,68,10,0,0,14:33:5C:6D:AF:58,0,0,ARMED,70.0,0,0,80:02:9C:61:97:4B,11,21,350.6,80:02:9C:61:97:4A,2,0,NONE,2026-08-19T16:22:27.573934
45917,,27,27,0,1023,65416,43376,324160,0,68,10,0,0,14:33:5C:6D:AF:58,0,0,ARMED,70.0,0,0,80:02:9C:61:97:4B,11,17,220.5,80:02:9C:61:97:4A,2,0,NONE,2026-08-19T16:22:27.795934
45917,MGMT_OTHER,-86,11,0,2995,65416,43376,324296,0,68,10,0,0,14:33:5C:6D:AF:58,0,1,ARMED,70.0,0,1,80:02:9C:61:97:4B,11,7,655.4,80:02:9C:61:97:4A,2,0,NONE,2026-08-19T16:22:27.931934
45917,,38,38,0,1277,65416,43376,324448,0,68,10,0,0,14:33:5C:6D:AF:58,0,1,ARMED,70.0,0,1,80:02:9C:61:97:4B,11,18,312.8,80:02:9C:61:97:4A,2,0,NONE,2026-08-19T16:22:28.083934
45917,MGMT_OTHER,-84,13,0,1747,65416,43376,324590,0,68,10,0,0,14:33:5C:6D:AF:58,0,1,ARMED,70.0,0,1,80:02:9C:61:97:4B,11,39,400.3,80:02:9C:61:97:4A,2,0,NONE,2026-08-19T16:22:28.225934
45917,MGMT_OTHER,-84,13,2033,3468,65416,43376,324704,0,68,10,0,0,14:33:5C:6D:AF:58,0,1,ARMED,70.0,0,1,80:02:9C:61:97:4B,11,49,502.1,80:02:9C:61:97:4A,2,0,NONE,2026-08-19T16:22:28.339934
45917,,38,38,0,2941,65416,43376,324790,0,68,10,0,0,14:33:5C:6D:AF:58,0,1,ARMED,70.0,0,0,80:02:9C:61:97:4B,11,49,590.0,80:02:9C:61:97:4A,2,0,NONE,2026-08-19T16:22:28.425934
45917,,38,38,0,252,65416,43376,324900,0,68,10,0,0,14:33:5C:6D:AF:58,1,1,ARMED,70.0,0,0,80:02:9C:61:97:4B,11,49,577.3,80:02:9C:61:97:4A,2,0,NONE,2026-08-19T16:22:28.535934
45917,,-65,32,0,1859,65416,43376,325001,0,68,10,0,0,14:33:5C:6D:AF:58,1,1,ARMED,70.0,0,0,80:02:9C:61:97:4B,11,43,506.3,80:02:9C:61:97:4A,2,0,NONE,2026-08-19T16:22:28.636934
45917,,28,28,0,109,65416,43376,325040,0,68,10,0,0,14:33:5C:6D:AF:58,1,1,ARMED,70.0,0,0,80:02:9C:61:97:4B,11,49,2083.7,80:02:9C:61:97:4A,2,0,NONE,2026-08-19T16:22:28.675934
45917,,38,38,0,2658,65416,43376,325242,0,68,10,0,0,14:33:5C:6D:AF:58,0,0,ARMED,70.0,0,0,80:02:9C:61:97:4B,11,7,361.7,80:02:9C:61:97:4A,2,0,NONE,2026-08-19T16:22:28.877934
45917,,26,26,0,2176,65416,43376,325359,0,68,10,0,0,14:33:5C:6D:AF:58,0,1,ARMED,70.0,0,0,80:02:9C:61:97:4B,11,5,146.6,80:02:9C:61:97:4A,2,0,NONE,2026-08-19T16:22:28.994934
45917,,38,38,0,259,65416,43376,325569,0,68,10,0,0,14:33:5C:6D:AF:58,0,0,ARMED,70.0,0,0,80:02:9C:61:97:4B,11,9,222.5,80:02:9C:61:97:4A,2,0,NONE,2026-08-19T16:22:29.204934
45917,MGMT_OTHER,-85,12,48,356,65416,43376,325750,0,68,10,0,0,14:33:5C:6D:AF:58,1,1,ARMED,70.0,0,1,80:02:9C:61:97:4B,11,10,684.2,80:02:9C:61:97:4A,2,0,NONE,2026-08-19T16:22:29.385934
45917,MGMT_OTHER,-84,13,2060,822,65416,43376,325800,0,68,10,0,0,14:33:5C:6D:AF:58,1,1,ARMED,70.0,0,1,80:02:9C:61:97:4B,11,60,926.6,80:02:9C:61:97:4A,2,0,NONE,2026-08-19T16:22:29.435934
45917,MGMT_OTHER,-85,12,2049,3617,65416,43376,325883,0,68,10,0,0,14:33:5C:6D:AF:58,1,1,ARMED,70.0,0,1,80:02:9C:61:97:4B,11,24,535.3,80:02:9C:61:97:4A,2,0,NONE,2026-08-19T16:22:29.518934
45917,PROBE_REQ,-87,10,0,629,65416,43376,325944,0,68,10,0,0,14:33:5C:6D:AF:58,1,1,ARMED,70.0,0,1,80:02:9C:61:97:4B,11,7,1133.1,80:02:9C:61:97:4A,2,0,NONE,2026-08-19T16:22:29.579934
45917,,27,27,0,1023,65416,43376,326014,0,68,10,0,0,14:33:5C:6D:AF:58,1,1,ARMED,70.0,0,1,80:02:9C:61:97:4B,11,57,744.0,80:02:9C:61:97:4A,2,0,NONE,2026-08-19T16:22:29.649934
45917,,38,38,0,265,65416,43376,326193,0,68,10,0,0,14:33:5C:6D:AF:58,0,1,ARMED,70.0,0,0,80:02:9C:61:97:4B,11,12,224.8,80:02:9C:61:97:4A,2,0,NONE,2026-08-19T16:22:29.828934
45917,DEAUTH,-89,8,1008,2677,65416,43376,326351,0,68,10,0,0,14:33:5C:6D:AF:58,0,1,ARMED,70.0,0,1,80:02:9C:61:97:4B,11,7,766.3,80:02:9C:61:97:4A,2,0,NONE,2026-08-19T16:22:29.986934
45917,,27,27,0,232,65416,43376,326544,0,68,10,0,0,14:33:5C:6D:AF:58,1,0,ARMED,70.0,0,0,80:02:9C:61:97:4B,11,21,209.6,80:02:9C:61:97:4A,2,0,NONE,2026-08-19T16:22:30.179934
45917,MGMT_OTHER,-85,12,1780,3346,65416,43376,326723,0,68,10,0,0,14:33:5C:6D:AF:58,0,0,ARMED,70.0,0,1,80:02:9C:61:97:4B,11,24,299.2,80:02:9C:61:97:4A,2,0,NONE,2026-08-19T16:22:30.358934
45917,MGMT_OTHER,-84,13,2047,2642,65416,43376,326813,0,68,10,0,0,14:33:5C:6D:AF:58,0,1,ARMED,70.0,0,1,80:02:9C:61:97:4B,11,39,561.5,80:02:9C:61:97:4A,2,0,NONE,2026-08-19T16:22:30.448934
45917,MGMT_OTHER,-84,13,2048,2874,65416,43376,326917,0,68,10,0,0,14:33:5C:6D:AF:58,1,1,ARMED,70.0,0,1,80:02:9C:61:97:4B,11,32,443.2,80:02:9C:61:97:4A,2,0,NONE,2026-08-19T16:22:30.552934
45917,MGMT_OTHER,-85,12,2048,1041,65416,43376,327043,0,68,10,0,0,14:33:5C:6D:AF:58,1,1,ARMED,70.0,0,1,80:02:9C:61:97:4B,11,36,370.3,80:02:9C:61:97:4A,2,0,NONE,2026-08-19T16:22:30.678934
45917,MGMT_OTHER,-84,13,2063,3032,64772,43376,327111,0,68,10,0,0,14:33:5C:6D:AF:58,0,1,ARMED,70.0,0,1,80:02:9C:61:97:4B,11,49,934.9,80:02:9C:61:97:4A,2,0,NONE,2026-08-19T16:22:30.746934
45917,,26,26,0,609,65416,43376,327240,0,68,10,0,0,14:33:5C:6D:AF:58,1,1,ARMED,70.0,0,0,80:02:9C:61:97:4B,11,24,297.3,80:02:9C:61:97:4A,2,0,NONE,2026-08-19T16:22:30.875934
45917,,23,23,0,277,65416,43376,327420,0,68,10,0,0,14:33:5C:6D:AF:58,0,1,ARMED,70.0,0,0,80:02:9C:61:97:4B,11,14,301.9,80:02:9C:61:97:4A,2,0,NONE,2026-08-19T16:22:31.055934
45917,,-58,39,1247,1966,65416,43376,327555,0,68,10,0,0,14:33:5C:6D:AF:58,0,0,ARMED,70.0,0,0,80:02:9C:61:97:4B,11,40,502.5,80:02:9C:61:97:4A,2,0,NONE,2026-08-19T16:22:31.190934
45917,MGMT_OTHER,-84,13,0,906,65416,43376,327705,0,68,10,0,0,14:33:5C:6D:AF:58,0,1,ARMED,70.0,0,1,80:02:9C:61:97:4B,11,7,261.2,80:02:9C:61:97:4A,2,0,NONE,2026-08-19T16:22:31.340934
45917,,38,38,0,137,65416,43376,327918,0,68,10,0,0,14:33:5C:6D:AF:58,0,0,ARMED,70.0,0,0,80:02:9C:61:97:4B,11,8,248.5,80:02:9C:61:97:4A,2,0,NONE,2026-08-19T16:22:31.553934
45917,,29,29,0,284,65416,43376,328140,0,68,10,0,0,14:33:5C:6D:AF:58,1,0,ARMED,70.0,0,0,80:02:9C:61:97:4B,11,12,231.3,80:02:9C:61:97:4A,2,0,NONE,2026-08-19T16:22:31.775934
45917,BEACON,-80,17,0,250,65416,43376,328384,0,68,10,0,0,14:33:5C:6D:AF:58,1,0,ARMED,70.0,0,1,80:02:9C:61:97:4B,11,18,191.8,80:02:9C:61:97:4A,2,0,NONE,2026-08-19T16:22:32.019934
45917,BEACON,-85,12,226,287,65416,43376,328436,0,68,10,0,0,14:33:5C:6D:AF:58,0,0,ARMED,70.0,0,1,80:02:9C:61:97:4B,11,49,1347.2,80:02:9C:61:97:4A,2,0,NONE,2026-08-19T16:22:32.071934
45917,,38,38,0,2210,65416,43376,328510,0,68,10,0,0,14:33:5C:6D:AF:58,0,1,ARMED,70.0,0,0,80:02:9C:61:97:4B,11,1,955.1,80:02:9C:61:97:4A,2,0,NONE,2026-08-19T16:22:32.145934
45917,,29,29,0,253,65416,43376,328692,0,68,10,0,0,14:33:5C:6D:AF:58,0,1,ARMED,70.0,0,0,80:02:9C:61:97:4B,11,23,286.5,80:02:9C:61:97:4A,2,0,NONE,2026-08-19T16:22:32.327934
45917,,26,26,0,313,65416,43376,328873,0,68,10,0,0,14:33:5C:6D:AF:58,0,1,ARMED,70.0,0,0,80:02:9C:61:97:4B,11,16,283.8,80:02:9C:61:97:4A,2,0,NONE,2026-08-19T16:22:32.508934
45917,,22,22,0,257,65416,43376,329102,0,68,10,0,0,14:33:5C:6D:AF:58,0,0,ARMED,70.0,0,0,80:02:9C:61:97:4B,11,19,234.2,80:02:9C:61:97:4A,2,0,NONE,2026-08-19T16:22:32.737934
45917,,38,38,0,2219,65416,43376,329329,0,68,10,0,0,14:33:5C:6D:AF:58,0,0,ARMED,70.0,0,0,80:02:9C:61:97:4B,11,2,721.5,80:02:9C:61:97:4A,2,0,NONE,2026-08-19T16:22:32.964934
45917,BEACON,-80,17,0,2272,65416,43376,329524,0,68,10,0,0,14:33:5C:6D:AF:58,0,1,ARMED,70.0,0,1,80:02:9C:61:97:4B,11,24,251.7,80:02:9C:61:97:4A,2,0,NONE,2026-08-19T16:22:33.159934
45917,,-94,3,8198,2741,65416,43376,329670,0,68,10,0,0,14:33:5C:6D:AF:58,1,1,ARMED,70.0,0,1,80:02:9C:61:97:4B,11,9,260.5,80:02:9C:61:97:4A,2,0,NONE,2026-08-19T16:22:33.305934
45917,BEACON,-93,4,0,2045,65416,43376,329845,0,68,10,0,0,14:33:5C:6D:AF:58,0,1,ARMED,70.0,0,1,80:02:9C:61:97:4B,11,4,546.7,80:02:9C:61:97:4A,2,0,NONE,2026-08-19T16:22:33.480934
45917,,-93,4,0,3312,65416,43376,330082,0,68,10,0,0,14:33:5C:6D:AF:58,0,0,ARMED,70.0,0,1,80:02:9C:61:97:4B,11,7,179.3,80:02:9C:61:97:4A,2,0,NONE,2026-08-19T16:22:33.717934
45917,,38,38,0,305,65416,43376,330318,0,68,10,0,0,14:33:5C:6D:AF:58,0,0,ARMED,70.0,0,0,80:02:9C:61:97:4B,11,13,190.2,80:02:9C:61:97:4A,2,0,NONE,2026-08-19T16:22:33.953934
45917,,38,38,0,271,65416,43376,330538,0,68,10,0,0,14:33:5C:6D:AF:58,0,0,ARMED,70.0,0,0,80:02:9C:61:97:4B,11,18,215.4,80:02:9C:61:97:4A,2,0,NONE,2026-08-19T16:22:34.173934
45917,BEACON,-81,16,78,272,65416,43376,330637,0,68,10,0,0,14:33:5C:6D:AF:58,0,0,ARMED,70.0,0,1,80:02:9C:61:97:4B,11,43,540.9,80:02:9C:61:97:4A,2,0,NONE,2026-08-19T16:22:34.272934
45917,,-47,50,9579,318,65416,43376,330861,0,68,10,0,0,14:33:5C:6D:AF:58,0,0,ARMED,70.0,0,1,80:02:9C:61:97:4B,11,18,181.9,80:02:9C:61:97:4A,2,0,NONE,2026-08-19T16:22:34.496934
45917,,28,28,0,2057,65416,43376,331080,0,68,10,0,0,14:33:5C:6D:AF:58,0,1,ARMED,70.0,0,0,80:02:9C:61:97:4B,11,19,206.0,80:02:9C:61:97:4A,2,0,NONE,2026-08-19T16:22:34.715934
45917,BEACON,-82,15,0,279,65416,43376,331353,0,68,10,0,0,14:33:5C:6D:AF:58,0,0,ARMED,70.0,0,0,80:02:9C:61:97:4B,11,10,161.2,80:02:9C:61:97:4A,2,0,NONE,2026-08-19T16:22:34.988934
45917,,66,66,0,172,65416,43376,331504,0,68,10,0,0,14:33:5C:6D:AF:58,0,1,ARMED,70.0,0,0,80:02:9C:61:97:4B,11,11,3680.2,80:02:9C:61:97:4A,2,0,NONE,2026-08-19T16:22:35.139934
45917,,-32,65,0,1143,65416,43376,331630,0,68,10,0,0,14:33:5C:6D:AF:58,0,1,ARMED,70.0,0,1,80:02:9C:61:97:4B,11,7,320.3,80:02:9C:61:97:4A,2,0,NONE,2026-08-19T16:22:35.265934
45917,,38,38,0,1023,65416,43376,331842,0,68,10,0,0,14:33:5C:6D:AF:58,0,0,ARMED,70.0,0,0,80:02:9C:61:97:4B,11,4,157.1,80:02:9C:61:97:4A,2,0,NONE,2026-08-19T16:22:35.477934
45917,,-65,32,292,1988,65416,43376,331934,0,68,10,0,0,14:33:5C:6D:AF:58,0,1,ARMED,70.0,0,0,80:02:9C:61:97:4B,11,15,912.3,80:02:9C:61:97:4A,2,0,NONE,2026-08-19T16:22:35.569934
45917,,38,38,0,323,65416,43376,332127,0,68,10,0,0,14:33:5C:6D:AF:58,0,0,ARMED,70.0,0,0,80:02:9C:61:97:4B,11,3,607.2,80:02:9C:61:97:4A,2,0,NONE,2026-08-19T16:22:35.762934
45917,BEACON,-94,3,0,3689,65416,43376,332354,0,68,10,0,0,14:33:5C:6D:AF:58,0,0,ARMED,70.0,0,1,80:02:9C:61:97:4B,11,7,254.3,80:02:9C:61:97:4A,2,0,NONE,2026-08-19T16:22:35.989934
45917,PROBE_RESP,-86,11,0,1164,65416,43376,332549,0,68,10,0,0,14:33:5C:6D:AF:58,0,0,ARMED,70.0,0,0,80:02:9C:61:97:4B,11,6,311.8,80:02:9C:61:97:4A,2,0,NONE,2026-08-19T16:22:36.184934
45917,BEACON,-81,16,0,293,65416,43376,332787,0,68,10,0,0,14:33:5C:6D:AF:58,0,0,ARMED,70.0,0,1,80:02:9C:61:97:4B,11,7,143.9,80:02:9C:61:97:4A,2,0,NONE,2026-08-19T16:22:36.422934
45917,BEACON,-80,17,0,2306,65416,43376,333005,0,68,10,0,0,14:33:5C:6D:AF:58,0,0,ARMED,70.0,0,1,80:02:9C:61:97:4B,11,11,168.4,80:02:9C:61:97:4A,2,0,NONE,2026-08-19T16:22:36.640934
45917,,38,38,0,317,65416,43376,333228,0,68,10,0,0,14:33:5C:6D:AF:58,0,0,ARMED,70.0,0,0,80:02:9C:61:97:4B,11,19,223.8,80:02:9C:61:97:4A,2,0,NONE,2026-08-19T16:22:36.863934
45917,,-72,25,0,2263,63684,43376,333426,0,68,10,0,0,14:33:5C:6D:AF:58,0,1,ARMED,70.0,0,0,80:02:9C:61:97:4B,11,16,214.1,80:02:9C:61:97:4A,2,0,NONE,2026-08-19T16:22:37.061934
45917,,-58,39,813,2036,65416,43376,333590,0,68,10,0,0,14:33:5C:6D:AF:58,0,0,ARMED,70.0,0,0,80:02:9C:61:97:4B,11,16,522.5,80:02:9C:61:97:4A,2,0,NONE,2026-08-19T16:22:37.225934
45917,,38,38,0,318,65416,43376,333747,0,68,10,0,0,14:33:5C:6D:AF:58,1,1,ARMED,70.0,0,0,80:02:9C:61:97:4B,11,20,243.6,80:02:9C:61:97:4A,2,0,NONE,2026-08-19T16:22:37.382934
45917,,24,24,0,2316,65416,43376,334032,0,68,10,0,0,14:33:5C:6D:AF:58,0,0,ARMED,70.0,0,0,80:02:9C:61:97:4B,11,8,182.9,80:02:9C:61:97:4A,2,0,NONE,2026-08-19T16:22:37.667934
45917,,38,38,0,199,65416,43376,334280,0,68,10,0,0,14:33:5C:6D:AF:58,0,0,ARMED,70.0,0,0,80:02:9C:61:97:4B,11,17,188.7,80:02:9C:61:97:4A,2,0,NONE,2026-08-19T16:22:37.915934
45917,MGMT_OTHER,-90,7,167,85,65400,43376,334544,0,68,10,0,0,14:33:5C:6D:AF:58,0,0,ARMED,70.0,0,1,80:02:9C:61:97:4B,11,10,259.5,80:02:9C:61:97:4A,2,0,NONE,2026-08-19T16:22:38.179934
45917,,-65,32,292,2006,65416,43376,334703,0,68,10,0,0,14:33:5C:6D:AF:58,0,0,ARMED,70.0,0,0,80:02:9C:61:97:4B,11,34,357.3,80:02:9C:61:97:4A,2,0,NONE,2026-08-19T16:22:38.338934
45917,,38,38,0,351,65416,43376,334794,0,68,10,0,0,14:33:5C:6D:AF:58,0,1,ARMED,70.0,0,0,80:02:9C:61:97:4B,11,42,496.4,80:02:9C:61:97:4A,2,0,NONE,2026-08-19T16:22:38.429934
45917,,27,27,0,635,65416,43376,335028,0,68,10,0,0,14:33:5C:6D:AF:58,0,0,ARMED,70.0,0,0,80:02:9C:61:97:4B,11,1,398.9,80:02:9C:61:97:4A,2,0,NONE,2026-08-19T16:22:38.663934
45917,BEACON,-80,17,0,2328,65416,43376,335258,0,68,10,0,0,14:33:5C:6D:AF:58,0,0,ARMED,70.0,0,1,80:02:9C:61:97:4B,11,4,200.2,80:02:9C:61:97:4A,2,0,NONE,2026-08-19T16:22:38.893934
45917,,-58,39,0,2061,65416,43376,335443,0,68,10,0,0,14:33:5C:6D:AF:58,0,0,ARMED,70.0,0,0,80:02:9C:61:97:4B,11,34,343.4,80:02:9C:61:97:4A,2,0,NONE,2026-08-19T16:22:39.078934
45917,BEACON,-82,15,0,320,65416,43376,335552,0,68,10,0,0,14:33:5C:6D:AF:58,0,1,ARMED,70.0,0,0,80:02:9C:61:97:4B,11,49,464.1,80:02:9C:61:97:4A,2,0,NONE,2026-08-19T16:22:39.187934
45917,,38,38,0,0,65416,43376,335780,0,68,10,0,0,14:33:5C:6D:AF:58,0,0,ARMED,70.0,0,1,80:02:9C:61:97:4B,11,6,251.9,80:02:9C:61:97:4A,2,0,NONE,2026-08-19T16:22:39.415934
45917,,-58,39,0,2075,65416,43376,335969,0,68,10,0,0,14:33:5C:6D:AF:58,0,0,ARMED,70.0,0,0,80:02:9C:61:97:4B,11,15,1906.7,80:02:9C:61:97:4A,2,0,NONE,2026-08-19T16:22:39.604934
45917,BEACON,-95,2,0,2107,65416,43376,336194,0,68,10,0,0,14:33:5C:6D:AF:58,1,0,ARMED,70.0,0,1,80:02:9C:61:97:4B,11,8,285.5,80:02:9C:61:97:4A,2,0,NONE,2026-08-19T16:22:39.829934
45917,,38,38,0,320,65416,43376,336438,0,68,10,0,0,14:33:5C:6D:AF:58,0,0,ARMED,70.0,0,0,80:02:9C:61:97:4B,11,22,334.9,80:02:9C:61:97:4A,2,0,NONE,2026-08-19T16:22:40.073934
45917,BEACON,-71,26,0,2296,65416,43376,336599,0,68,10,0,0,14:33:5C:6D:AF:58,1,0,ARMED,70.0,0,1,80:02:9C:61:97:4B,11,14,604.2,80:02:9C:61:97:4A,2,0,NONE,2026-08-19T16:22:40.234934
45917,MGMT_OTHER,-92,5,2019,3934,65416,43376,336671,0,68,10,0,0,14:33:5C:6D:AF:58,1,0,ARMED,70.0,0,1,80:02:9C:61:97:4B,11,64,670.3,80:02:9C:61:97:4A,2,0,NONE,2026-08-19T16:22:40.306934
45917,AUTH,-91,6,124,3652,65416,43376,336766,0,68,10,0,0,14:33:5C:6D:AF:58,1,1,ARMED,70.0,0,1,80:02:9C:61:97:4B,11,49,702.0,80:02:9C:61:97:4A,2,0,NONE,2026-08-19T16:22:40.401934
45917,,-48,49,0,1463,64772,43376,336857,0,68,10,0,0,14:33:5C:6D:AF:58,1,1,ARMED,70.0,0,0,80:02:9C:61:97:4B,11,37,608.1,80:02:9C:61:97:4A,2,0,NONE,2026-08-19T16:22:40.492934
45917,BEACON,-89,8,0,372,65416,43376,336935,0,68,10,0,0,14:33:5C:6D:AF:58,1,1,ARMED,70.0,0,1,80:02:9C:61:97:4B,11,24,636.5,80:02:9C:61:97:4A,2,0,NONE,2026-08-19T16:22:40.570934
45917,MGMT_OTHER,-90,7,4125,2892,65416,43376,337020,0,68,10,0,0,14:33:5C:6D:AF:58,1,1,ARMED,70.0,0,1,80:02:9C:61:97:4B,11,8,372.2,80:02:9C:61:97:4A,2,0,NONE,2026-08-19T16:22:40.655934
45917,BEACON,-80,17,2882,2346,65416,43376,337103,0,68,10,0,0,14:33:5C:6D:AF:58,1,1,ARMED,70.0,0,0,80:02:9C:61:97:4B,11,58,566.5,80:02:9C:61:97:4A,2,0,NONE,2026-08-19T16:22:40.738934
45917,,27,27,0,2302,65416,43376,337214,0,68,10,0,0,14:33:5C:6D:AF:58,0,1,ARMED,70.0,0,0,80:02:9C:61:97:4B,11,2,224.7,80:02:9C:61:97:4A,2,0,NONE,2026-08-19T16:22:40.849934
45917,,-90,7,0,1990,65416,43376,337445,0,68,10,0,0,14:33:5C:6D:AF:58,1,1,ARMED,70.0,0,1,80:02:9C:61:97:4B,11,6,165.2,80:02:9C:61:97:4A,2,0,NONE,2026-08-19T16:22:41.080934
45917,,38,38,0,1023,65416,43376,337688,0,68,10,0,0,14:33:5C:6D:AF:58,0,0,ARMED,70.0,0,0,80:02:9C:61:97:4B,11,19,253.8,80:02:9C:61:97:4A,2,0,NONE,2026-08-19T16:22:41.323934
45917,BEACON,-88,9,0,381,65416,43376,337856,0,68,10,0,0,14:33:5C:6D:AF:58,1,1,ARMED,70.0,0,1,80:02:9C:61:97:4B,11,12,312.5,80:02:9C:61:97:4A,2,0,NONE,2026-08-19T16:22:41.491934
45917,,29,29,0,382,65416,43376,338000,0,68,10,0,0,14:33:5C:6D:AF:58,1,1,ARMED,70.0,0,0,80:02:9C:61:97:4B,11,18,225.2,80:02:9C:61:97:4A,2,0,NONE,2026-08-19T16:22:41.635934
45917,,38,38,0,384,65416,43376,338198,0,68,10,0,0,14:33:5C:6D:AF:58,0,1,ARMED,70.0,0,0,80:02:9C:61:97:4B,11,15,236.9,80:02:9C:61:97:4A,2,0,NONE,2026-08-19T16:22:41.833934
45917,BEACON,-83,14,0,348,65416,43376,338419,0,68,10,0,0,14:33:5C:6D:AF:58,0,0,ARMED,70.0,0,1,80:02:9C:61:97:4B,11,18,226.8,80:02:9C:61:97:4A,2,0,NONE,2026-08-19T16:22:42.054934
45917,,38,38,0,388,65416,43376,338618,0,68,10,0,0,14:33:5C:6D:AF:58,1,1,ARMED,70.0,0,0,80:02:9C:61:97:4B,11,13,173.7,80:02:9C:61:97:4A,2,0,NONE,2026-08-19T16:22:42.253934
45917,,29,29,0,896,65416,43376,338825,0,68,10,0,0,14:33:5C:6D:AF:58,0,0,ARMED,70.0,0,0,80:02:9C:61:97:4B,11,16,210.2,80:02:9C:61:97:4A,2,0,NONE,2026-08-19T16:22:42.460934
45917,,-65,32,275,2077,65416,43376,338946,0,68,10,0,0,14:33:5C:6D:AF:58,0,0,ARMED,70.0,0,0,80:02:9C:61:97:4B,11,41,422.6,80:02:9C:61:97:4A,2,0,NONE,2026-08-19T16:22:42.581934
45917,,38,38,0,2365,65416,43376,339048,0,68,10,0,0,14:33:5C:6D:AF:58,0,1,ARMED,70.0,0,0,80:02:9C:61:97:4B,11,48,487.2,80:02:9C:61:97:4A,2,0,NONE,2026-08-19T16:22:42.683934
45917,,28,28,0,394,65416,43376,339192,0,68,10,0,0,14:33:5C:6D:AF:58,1,1,ARMED,70.0,0,0,80:02:9C:61:97:4B,11,6,252.6,80:02:9C:61:97:4A,2,0,NONE,2026-08-19T16:22:42.827934
45917,,38,38,0,396,65416,43376,339428,0,68,10,0,0,14:33:5C:6D:AF:58,0,0,ARMED,70.0,0,0,80:02:9C:61:97:4B,11,12,217.2,80:02:9C:61:97:4A,2,0,NONE,2026-08-19T16:22:43.063934
45917,,-69,28,0,2333,63684,43376,339672,0,68,10,0,0,14:33:5C:6D:AF:58,1,0,ARMED,70.0,0,0,80:02:9C:61:97:4B,11,20,211.8,80:02:9C:61:97:4A,2,0,NONE,2026-08-19T16:22:43.307934
45917,,38,38,0,1072,65416,43376,339888,0,68,10,0,0,14:33:5C:6D:AF:58,0,0,ARMED,70.0,0,0,80:02:9C:61:97:4B,11,2,221.0,80:02:9C:61:97:4A,2,0,NONE,2026-08-19T16:22:43.523934
45917,DEAUTH,-92,5,1594,1716,65416,43376,340091,0,68,10,0,0,14:33:5C:6D:AF:58,0,0,ARMED,70.0,0,1,80:02:9C:61:97:4B,11,6,901.6,80:02:9C:61:97:4A,2,0,NONE,2026-08-19T16:22:43.726934
45917,,38,38,0,2340,65416,43376,340293,0,68,10,0,0,14:33:5C:6D:AF:58,1,0,ARMED,70.0,0,0,80:02:9C:61:97:4B,11,1,474.2,80:02:9C:61:97:4A,2,0,NONE,2026-08-19T16:22:43.928934
45917,,30,30,0,260,65416,43376,340510,0,68,10,0,0,14:33:5C:6D:AF:58,0,0,ARMED,70.0,0,0,80:02:9C:61:97:4B,11,3,206.1,80:02:9C:61:97:4A,2,0,NONE,2026-08-19T16:22:44.145934
45917,,29,29,0,1023,65416,43376,340740,0,68,10,0,0,14:33:5C:6D:AF:58,0,0,ARMED,70.0,0,0,80:02:9C:61:97:4B,11,8,221.9,80:02:9C:61:97:4A,2,0,NONE,2026-08-19T16:22:44.375934
45917,BEACON,-69,28,0,2347,65416,43376,341002,0,68,10,0,0,14:33:5C:6D:AF:58,0,0,ARMED,70.0,0,0,80:02:9C:61:97:4B,11,17,202.2,80:02:9C:61:97:4A,2,0,NONE,2026-08-19T16:22:44.637934
45917,,29,29,0,266,65416,43376,341120,0,68,10,0,0,14:33:5C:6D:AF:58,0,1,ARMED,70.0,0,0,80:02:9C:61:97:4B,11,45,447.8,80:02:9C:61:97:4A,2,0,NONE,2026-08-19T16:22:44.755934
45917,,38,38,0,1103,65416,43376,341328,0,68,10,0,0,14:33:5C:6D:AF:58,0,0,ARMED,70.0,0,0,80:02:9C:61:97:4B,11,25,234.6,80:02:9C:61:97:4A,2,0,NONE,2026-08-19T16:22:44.963934
45917,BEACON,-95,2,0,271,65416,43376,341626,0,68,10,0,0,14:33:5C:6D:AF:58,0,0,ARMED,70.0,0,1,80:02:9C:61:97:4B,11,13,148.4,80:02:9C:61:97:4A,2,0,NONE,2026-08-19T16:22:45.261934
45917,,38,38,0,420,65416,43376,341888,0,68,10,0,0,14:33:5C:6D:AF:58,0,0,ARMED,70.0,0,0,80:02:9C:61:97:4B,11,6,131.5,80:02:9C:61:97:4A,2,0,NONE,2026-08-19T16:22:45.523934
45917,BEACON,-81,16,0,384,65416,43376,342105,0,68,10,0,0,14:33:5C:6D:AF:58,0,0,ARMED,70.0,0,0,80:02:9C:61:97:4B,11,12,226.9,80:02:9C:61:97:4A,2,0,NONE,2026-08-19T16:22:45.740934
45917,,38,38,0,2397,65400,43376,342328,0,68,10,0,0,14:33:5C:6D:AF:58,0,0,ARMED,70.0,0,0,80:02:9C:61:97:4B,11,12,175.1,80:02:9C:61:97:4A,2,0,NONE,2026-08-19T16:22:45.963934
45917,,-58,39,0,2140,65416,43376,342375,0,68,10,0,0,14:33:5C:6D:AF:58,0,1,ARMED,70.0,0,0,80:02:9C:61:97:4B,11,23,1494.5,80:02:9C:61:97:4A,2,0,NONE,2026-08-19T16:22:46.010934
45917,,48,48,0,426,65416,43376,342500,0,68,10,0,0,14:33:5C:6D:AF:58,1,1,ARMED,70.0,0,0,80:02:9C:61:97:4B,11,7,197.0,80:02:9C:61:97:4A,2,0,NONE,2026-08-19T16:22:46.135934
45917,,-92,5,0,3289,65416,43376,342709,0,68,10,0,0,14:33:5C:6D:AF:58,0,0,ARMED,70.0,0,1,80:02:9C:61:97:4B,11,11,273.6,80:02:9C:61:97:4A,2,0,NONE,2026-08-19T16:22:46.344934
45917,BEACON,-83,14,0,392,65416,43376,342924,0,68,10,0,0,14:33:5C:6D:AF:58,0,0,ARMED,70.0,0,1,80:02:9C:61:97:4B,11,12,237.5,80:02:9C:61:97:4A,2,0,NONE,2026-08-19T16:22:46.559934
45917,,38,38,0,394,65416,43376,343140,0,68,10,0,0,14:33:5C:6D:AF:58,0,0,ARMED,70.0,0,0,80:02:9C:61:97:4B,11,12,196.7,80:02:9C:61:97:4A,2,0,NONE,2026-08-19T16:22:46.775934
45917,BEACON,-81,16,0,396,65416,43376,343334,0,68,10,0,0,14:33:5C:6D:AF:58,0,1,ARMED,70.0,0,1,80:02:9C:61:97:4B,11,12,237.4,80:02:9C:61:97:4A,2,0,NONE,2026-08-19T16:22:46.969934
45917,MGMT_OTHER,-85,12,2017,1362,65416,43376,343446,0,68,10,0,0,14:33:5C:6D:AF:58,0,1,ARMED,70.0,0,1,80:02:9C:61:97:4B,11,30,485.2,80:02:9C:61:97:4A,2,0,NONE,2026-08-19T16:22:47.081934
45917,BEACON,-79,18,54,2409,65416,43376,343554,0,68,10,0,0,14:33:5C:6D:AF:58,0,1,ARMED,70.0,0,1,80:02:9C:61:97:4B,11,28,399.9,80:02:9C:61:97:4A,2,0,NONE,2026-08-19T16:22:47.189934
45917,BEACON,-78,19,0,2411,65416,43376,343758,0,68,10,0,0,14:33:5C:6D:AF:58,1,0,ARMED,70.0,0,1,80:02:9C:61:97:4B,11,15,215.6,80:02:9C:61:97:4A,2,0,NONE,2026-08-19T16:22:47.393934
45917,,38,38,0,2413,65416,43376,343968,0,68,10,0,0,14:33:5C:6D:AF:58,1,1,ARMED,70.0,0,0,80:02:9C:61:97:4B,11,18,237.8,80:02:9C:61:97:4A,2,0,NONE,2026-08-19T16:22:47.603934
45917,,38,38,0,295,65416,43376,344092,0,68,10,0,0,14:33:5C:6D:AF:58,1,0,ARMED,70.0,0,0,80:02:9C:61:97:4B,11,44,449.5,80:02:9C:61:97:4A,2,0,NONE,2026-08-19T16:22:47.727934
45917,,-66,31,292,2161,65416,43376,344294,0,68,10,0,0,14:33:5C:6D:AF:58,0,0,ARMED,70.0,0,0,80:02:9C:61:97:4B,11,25,290.2,80:02:9C:61:97:4A,2,0,NONE,2026-08-19T16:22:47.929934
45917,BEACON,-72,25,0,2384,65416,43376,344484,0,68,10,0,0,14:33:5C:6D:AF:58,0,0,ARMED,70.0,0,0,80:02:9C:61:97:4B,11,13,204.7,80:02:9C:61:97:4A,2,0,NONE,2026-08-19T16:22:48.119934
45917,BEACON,-96,1,0,301,65416,43376,344698,0,68,10,0,0,14:33:5C:6D:AF:58,0,0,ARMED,70.0,0,1,80:02:9C:61:97:4B,11,17,257.6,80:02:9C:61:97:4A,2,0,NONE,2026-08-19T16:22:48.333934
45917,,-90,7,0,656,65416,43376,344932,0,68,10,0,0,14:33:5C:6D:AF:58,0,0,ARMED,70.0,0,0,80:02:9C:61:97:4B,11,20,213.7,80:02:9C:61:97:4A,2,0,NONE,2026-08-19T16:22:48.567934
45917,,-65,32,0,2167,65416,43376,345150,0,68,10,0,0,14:33:5C:6D:AF:58,0,1,ARMED,70.0,0,1,80:02:9C:61:97:4B,11,19,230.6,80:02:9C:61:97:4A,2,0,NONE,2026-08-19T16:22:48.785934
45917,,38,38,0,454,65416,43376,345341,0,68,10,0,0,14:33:5C:6D:AF:58,0,0,ARMED,70.0,0,0,80:02:9C:61:97:4B,11,18,267.9,80:02:9C:61:97:4A,2,0,NONE,2026-08-19T16:22:48.976934
45917,,29,29,0,1023,65416,43376,345477,0,68,10,0,0,14:33:5C:6D:AF:58,0,0,ARMED,70.0,0,0,80:02:9C:61:97:4B,11,42,425.6,80:02:9C:61:97:4A,2,0,NONE,2026-08-19T16:22:49.112934
45917,,25,25,0,418,65416,43376,345590,0,68,10,0,0,14:33:5C:6D:AF:58,1,1,ARMED,70.0,0,0,80:02:9C:61:97:4B,11,2,609.0,80:02:9C:61:97:4A,2,0,NONE,2026-08-19T16:22:49.225934
45917,,-66,31,480,2188,65416,43376,345776,0,68,10,0,0,14:33:5C:6D:AF:58,0,0,ARMED,70.0,0,0,80:02:9C:61:97:4B,11,26,298.9,80:02:9C:61:97:4A,2,0,NONE,2026-08-19T16:22:49.411934
45917,,22,22,0,2184,65416,43376,345829,0,68,10,0,0,14:33:5C:6D:AF:58,0,1,ARMED,70.0,0,1,80:02:9C:61:97:4B,11,36,963.4,80:02:9C:61:97:4A,2,0,NONE,2026-08-19T16:22:49.464934
45917,BEACON,-94,3,0,314,65416,43376,346029,0,68,10,0,0,14:33:5C:6D:AF:58,0,0,ARMED,70.0,0,1,80:02:9C:61:97:4B,11,11,339.9,80:02:9C:61:97:4A,2,0,NONE,2026-08-19T16:22:49.664934
45917,,-57,40,6433,2196,65416,43376,346151,0,68,10,0,0,14:33:5C:6D:AF:58,0,1,ARMED,70.0,0,1,80:02:9C:61:97:4B,11,14,268.2,80:02:9C:61:97:4A,2,0,NONE,2026-08-19T16:22:49.786934
45917,,38,38,0,2206,65416,43376,346338,0,68,10,0,0,14:33:5C:6D:AF:58,0,0,ARMED,70.0,0,0,80:02:9C:61:97:4B,11,9,260.0,80:02:9C:61:97:4A,2,0,NONE,2026-08-19T16:22:49.973934
45917,,25,25,0,2405,65416,43376,346532,0,68,10,0,0,14:33:5C:6D:AF:58,0,1,ARMED,70.0,0,0,80:02:9C:61:97:4B,11,10,417.1,80:02:9C:61:97:4A,2,0,NONE,2026-08-19T16:22:50.167934
45917,,25,25,0,2407,65416,43376,346742,0,68,10,0,0,14:33:5C:6D:AF:58,0,0,ARMED,70.0,0,0,80:02:9C:61:97:4B,11,7,244.8,80:02:9C:61:97:4A,2,0,NONE,2026-08-19T16:22:50.377934
45917,MGMT_OTHER,-88,9,2761,731,65416,43376,346971,0,68,10,0,0,14:33:5C:6D:AF:58,0,0,ARMED,70.0,0,1,80:02:9C:61:97:4B,11,18,340.3,80:02:9C:61:97:4A,2,0,NONE,2026-08-19T16:22:50.606934
45917,,38,38,0,1023,65416,43376,347028,0,68,10,0,0,14:33:5C:6D:AF:58,0,1,ARMED,70.0,0,1,80:02:9C:61:97:4B,11,7,731.6,80:02:9C:61:97:4A,2,0,NONE,2026-08-19T16:22:50.663934
45917,MGMT_OTHER,-89,8,0,3546,65416,43376,347108,0,68,10,0,0,14:33:5C:6D:AF:58,0,1,ARMED,70.0,0,1,80:02:9C:61:97:4B,11,57,638.4,80:02:9C:61:97:4A,2,0,NONE,2026-08-19T16:22:50.743934
45917,,-92,5,941,1209,65416,43376,347173,0,68,10,0,0,14:33:5C:6D:AF:58,1,1,ARMED,70.0,0,1,80:02:9C:61:97:4B,11,49,1225.0,80:02:9C:61:97:4A,2,0,NONE,2026-08-19T16:22:50.808934
45917,,38,38,0,1489,65416,43376,347241,0,68,10,0,0,14:33:5C:6D:AF:58,1,1,ARMED,70.0,0,0,80:02:9C:61:97:4B,11,4,1508.3,80:02:9C:61:97:4A,2,0,NONE,2026-08-19T16:22:50.876934
45917,MGMT_OTHER,-88,9,8402,3835,65416,43376,347345,0,68,10,0,0,14:33:5C:6D:AF:58,1,1,ARMED,70.0,0,1,80:02:9C:61:97:4B,11,54,515.8,80:02:9C:61:97:4A,2,0,NONE,2026-08-19T16:22:50.980934
45917,MGMT_OTHER,-94,3,1999,2993,65416,43376,347434,0,68,10,0,0,14:33:5C:6D:AF:58,1,1,ARMED,70.0,0,1,80:02:9C:61:97:4B,11,50,549.2,80:02:9C:61:97:4A,2,0,NONE,2026-08-19T16:22:51.069934
45917,,-90,7,0,2123,65416,43376,347482,0,68,10,0,0,14:33:5C:6D:AF:58,1,1,ARMED,70.0,0,1,80:02:9C:61:97:4B,11,49,1735.5,80:02:9C:61:97:4A,2,0,NONE,2026-08-19T16:22:51.117934
45917,,27,27,0,2449,65416,43376,347654,0,68,10,0,0,14:33:5C:6D:AF:58,1,1,ARMED,70.0,0,0,80:02:9C:61:97:4B,11,27,273.6,80:02:9C:61:97:4A,2,0,NONE,2026-08-19T16:22:51.289934
45917,,38,38,0,478,65416,43376,347818,0,68,10,0,0,14:33:5C:6D:AF:58,0,1,ARMED,70.0,0,0,80:02:9C:61:97:4B,11,8,199.6,80:02:9C:61:97:4A,2,0,NONE,2026-08-19T16:22:51.453934
45917,,38,38,0,333,65416,43376,347988,0,68,10,0,0,14:33:5C:6D:AF:58,0,1,ARMED,70.0,0,0,80:02:9C:61:97:4B,11,36,336.3,80:02:9C:61:97:4A,2,0,NONE,2026-08-19T16:22:51.623934
45917,,29,29,0,482,65416,43376,348210,0,68,10,0,0,14:33:5C:6D:AF:58,0,0,ARMED,70.0,0,0,80:02:9C:61:97:4B,11,4,230.4,80:02:9C:61:97:4A,2,0,NONE,2026-08-19T16:22:51.845934
45917,,-58,39,0,2201,65400,43376,348331,0,68,10,0,0,14:33:5C:6D:AF:58,0,1,ARMED,70.0,0,1,80:02:9C:61:97:4B,11,26,677.6,80:02:9C:61:97:4A,2,0,NONE,2026-08-19T16:22:51.966934
45917,,29,29,0,332,65416,43376,348550,0,68,10,0,0,14:33:5C:6D:AF:58,1,0,ARMED,70.0,0,0,80:02:9C:61:97:4B,11,10,196.6,80:02:9C:61:97:4A,2,0,NONE,2026-08-19T16:22:52.185934
45917,,38,38,0,2460,65416,43376,348778,0,68,10,0,0,14:33:5C:6D:AF:58,0,0,ARMED,70.0,0,0,80:02:9C:61:97:4B,11,15,214.7,80:02:9C:61:97:4A,2,0,NONE,2026-08-19T16:22:52.413934
45917,,38,38,0,451,65416,43376,348968,0,68,10,0,0,14:33:5C:6D:AF:58,0,0,ARMED,70.0,0,0,80:02:9C:61:97:4B,11,13,247.2,80:02:9C:61:97:4A,2,0,NONE,2026-08-19T16:22:52.603934
45917,,38,38,0,491,65416,43376,349127,0,68,10,0,0,14:33:5C:6D:AF:58,1,1,ARMED,70.0,0,0,80:02:9C:61:97:4B,11,1,149.8,80:02:9C:61:97:4A,2,0,NONE,2026-08-19T16:22:52.762934
45917,,-65,32,1118,2241,65416,43376,349281,0,68,10,0,0,14:33:5C:6D:AF:58,1,1,ARMED,70.0,0,0,80:02:9C:61:97:4B,11,23,393.7,80:02:9C:61:97:4A,2,0,NONE,2026-08-19T16:22:52.916934
45917,,27,27,0,455,65416,43376,349381,0,68,10,0,0,14:33:5C:6D:AF:58,0,1,ARMED,70.0,0,0,80:02:9C:61:97:4B,11,34,603.4,80:02:9C:61:97:4A,2,0,NONE,2026-08-19T16:22:53.016934
45917,,38,38,0,495,65416,43376,349543,0,68,10,0,0,14:33:5C:6D:AF:58,0,0,ARMED,70.0,0,0,80:02:9C:61:97:4B,11,3,223.3,80:02:9C:61:97:4A,2,0,NONE,2026-08-19T16:22:53.178934
45917,BEACON,-71,26,0,2444,65416,43376,349808,0,68,10,0,0,14:33:5C:6D:AF:58,0,0,ARMED,70.0,0,0,80:02:9C:61:97:4B,11,15,204.7,80:02:9C:61:97:4A,2,0,NONE,2026-08-19T16:22:53.443934
45917,,27,27,0,353,65416,43376,350040,0,68,10,0,0,14:33:5C:6D:AF:58,0,0,ARMED,70.0,0,0,80:02:9C:61:97:4B,11,21,209.8,80:02:9C:61:97:4A,2,0,NONE,2026-08-19T16:22:53.675934
45917,BEACON,-81,16,0,463,65416,43376,350196,0,68,10,0,0,14:33:5C:6D:AF:58,0,1,ARMED,70.0,0,1,80:02:9C:61:97:4B,11,9,160.4,80:02:9C:61:97:4A,2,0,NONE,2026-08-19T16:22:53.831934
45917,,38,38,0,465,65416,43376,350408,0,68,10,0,0,14:33:5C:6D:AF:58,0,0,ARMED,70.0,0,0,80:02:9C:61:97:4B,11,13,197.2,80:02:9C:61:97:4A,2,0,NONE,2026-08-19T16:22:54.043934
45917,,-72,25,17564,1832,65416,43376,350578,0,68,10,0,0,14:33:5C:6D:AF:58,0,1,ARMED,70.0,0,1,80:02:9C:61:97:4B,11,9,263.6,80:02:9C:61:97:4A,2,0,NONE,2026-08-19T16:22:54.213934
45917,,39,39,0,0,65416,43376,350794,0,68,10,0,0,14:33:5C:6D:AF:58,0,0,ARMED,70.0,0,0,80:02:9C:61:97:4B,11,6,153.4,80:02:9C:61:97:4A,2,0,NONE,2026-08-19T16:22:54.429934
45917,,21,21,0,509,65416,43376,351005,0,68,10,0,0,14:33:5C:6D:AF:58,0,0,ARMED,70.0,0,0,80:02:9C:61:97:4B,11,9,216.9,80:02:9C:61:97:4A,2,0,NONE,2026-08-19T16:22:54.640934
45917,,38,38,0,2459,65416,43376,351243,0,68,10,0,0,14:33:5C:6D:AF:58,0,0,ARMED,70.0,0,0,80:02:9C:61:97:4B,11,15,205.1,80:02:9C:61:97:4A,2,0,NONE,2026-08-19T16:22:54.878934
45917,,38,38,0,1106,65416,43376,351468,0,68,10,0,0,14:33:5C:6D:AF:58,0,0,ARMED,70.0,0,0,80:02:9C:61:97:4B,11,23,257.1,80:02:9C:61:97:4A,2,0,NONE,2026-08-19T16:22:55.103934
45917,,-65,32,0,2279,65416,43376,351564,0,68,10,0,0,14:33:5C:6D:AF:58,1,1,ARMED,70.0,0,0,80:02:9C:61:97:4B,11,49,608.9,80:02:9C:61:97:4A,2,0,NONE,2026-08-19T16:22:55.199934
45917,,38,38,0,479,65416,43376,351838,0,68,10,0,0,14:33:5C:6D:AF:58,0,0,ARMED,70.0,0,0,80:02:9C:61:97:4B,11,5,107.5,80:02:9C:61:97:4A,2,0,NONE,2026-08-19T16:22:55.473934
45917,,66,66,0,2262,65416,43376,352079,0,68,10,0,0,14:33:5C:6D:AF:58,0,0,ARMED,70.0,0,0,80:02:9C:61:97:4B,11,15,193.4,80:02:9C:61:97:4A,2,0,NONE,2026-08-19T16:22:55.714934
45917,,-69,28,4850,2470,63684,43376,352267,0,68,10,0,0,14:33:5C:6D:AF:58,0,0,ARMED,70.0,0,0,80:02:9C:61:97:4B,11,16,305.2,80:02:9C:61:97:4A,2,0,NONE,2026-08-19T16:22:55.902934
45917,,38,38,0,2266,65416,43376,352492,0,68,10,0,0,14:33:5C:6D:AF:58,0,0,ARMED,70.0,0,0,80:02:9C:61:97:4B,11,18,242.6,80:02:9C:61:97:4A,2,0,NONE,2026-08-19T16:22:56.127934
45917,,27,27,0,379,65416,43376,352690,0,68,10,0,0,14:33:5C:6D:AF:58,0,0,ARMED,70.0,0,0,80:02:9C:61:97:4B,11,19,280.3,80:02:9C:61:97:4A,2,0,NONE,2026-08-19T16:22:56.325934
45917,,-65,32,480,2299,65416,43376,352758,0,68,10,0,0,14:33:5C:6D:AF:58,0,1,ARMED,70.0,0,0,80:02:9C:61:97:4B,11,27,774.4,80:02:9C:61:97:4A,2,0,NONE,2026-08-19T16:22:56.393934
45917,,38,38,0,336,65416,43376,352848,0,68,10,0,0,14:33:5C:6D:AF:58,0,1,ARMED,70.0,0,0,80:02:9C:61:97:4B,11,8,422.9,80:02:9C:61:97:4A,2,0,NONE,2026-08-19T16:22:56.483934
45917,,-66,31,4187,2316,65416,43376,353086,0,68,10,0,0,14:33:5C:6D:AF:58,0,0,ARMED,70.0,0,1,80:02:9C:61:97:4B,11,13,232.3,80:02:9C:61:97:4A,2,0,NONE,2026-08-19T16:22:56.721934
45917,,17,17,0,533,65416,43376,353321,0,68,10,0,0,14:33:5C:6D:AF:58,1,0,ARMED,70.0,0,0,80:02:9C:61:97:4B,11,14,169.8,80:02:9C:61:97:4A,2,0,NONE,2026-08-19T16:22:56.956934
45917,BEACON,-81,16,0,496,65416,43376,353574,0,68,10,0,0,14:33:5C:6D:AF:58,0,0,ARMED,70.0,0,0,80:02:9C:61:97:4B,11,4,122.1,80:02:9C:61:97:4A,2,0,NONE,2026-08-19T16:22:57.209934
45917,,39,39,0,537,65416,43376,353741,0,68,10,0,0,14:33:5C:6D:AF:58,1,1,ARMED,70.0,0,0,80:02:9C:61:97:4B,11,30,299.9,80:02:9C:61:97:4A,2,0,NONE,2026-08-19T16:22:57.376934
45917,,29,29,0,1023,65416,43376,353958,0,68,10,0,0,14:33:5C:6D:AF:58,0,0,ARMED,70.0,0,0,80:02:9C:61:97:4B,11,24,239.4,80:02:9C:61:97:4A,2,0,NONE,2026-08-19T16:22:57.593934
45917,,38,38,0,2282,65416,43376,354168,0,68,10,0,0,14:33:5C:6D:AF:58,0,0,ARMED,70.0,0,0,80:02:9C:61:97:4B,11,1,126.9,80:02:9C:61:97:4A,2,0,NONE,2026-08-19T16:22:57.803934
45917,,48,48,0,504,65416,43376,354408,0,68,10,0,0,14:33:5C:6D:AF:58,0,0,ARMED,70.0,0,0,80:02:9C:61:97:4B,11,7,177.1,80:02:9C:61:97:4A,2,0,NONE,2026-08-19T16:22:58.043934
45917,BEACON,-79,18,0,2517,65416,43376,354611,0,68,10,0,0,14:33:5C:6D:AF:58,1,0,ARMED,70.0,0,1,80:02:9C:61:97:4B,11,9,300.1,80:02:9C:61:97:4A,2,0,NONE,2026-08-19T16:22:58.246934
45917,MGMT_OTHER,-82,15,1100,2332,65416,43376,354694,0,68,10,0,0,14:33:5C:6D:AF:58,1,1,ARMED,70.0,0,1,80:02:9C:61:97:4B,11,9,945.9,80:02:9C:61:97:4A,2,0,NONE,2026-08-19T16:22:58.329934
45917,MGMT_OTHER,-82,15,48,4019,65416,43376,354778,0,68,10,0,0,14:33:5C:6D:AF:58,1,1,ARMED,70.0,0,1,80:02:9C:61:97:4B,11,59,633.0,80:02:9C:61:97:4A,2,0,NONE,2026-08-19T16:22:58.413934
45917,PROBE_REQ,-91,6,980,7,65416,43376,354844,0,68,10,0,0,14:33:5C:6D:AF:58,1,1,ARMED,70.0,0,1,80:02:9C:61:97:4B,11,49,980.3,80:02:9C:61:97:4A,2,0,NONE,2026-08-19T16:22:58.479934
45917,MGMT_OTHER,-82,15,48,1179,65416,43376,354890,0,68,10,0,0,14:33:5C:6D:AF:58,1,1,ARMED,70.0,0,1,80:02:9C:61:97:4B,11,99,1031.2,80:02:9C:61:97:4A,2,0,NONE,2026-08-19T16:22:58.525934
45917,,-92,5,1999,2461,64772,43376,354951,0,68,10,0,0,14:33:5C:6D:AF:58,1,1,ARMED,70.0,0,1,80:02:9C:61:97:4B,11,49,1080.7,80:02:9C:61:97:4A,2,0,NONE,2026-08-19T16:22:58.586934
45917,,-92,5,1999,1840,65416,43376,355010,0,68,10,0,0,14:33:5C:6D:AF:58,1,1,ARMED,70.0,0,1,80:02:9C:61:97:4B,11,1,414.6,80:02:9C:61:97:4A,2,0,NONE,2026-08-19T16:22:58.645934
45917,MGMT_OTHER,-82,15,833,1503,65416,43376,355079,0,68,10,0,0,14:33:5C:6D:AF:58,1,1,ARMED,70.0,0,1,80:02:9C:61:97:4B,11,51,707.5,80:02:9C:61:97:4A,2,0,NONE,2026-08-19T16:22:58.714934
45917,PROBE_REQ,-92,5,991,1,64772,43376,355163,0,68,10,0,0,14:33:5C:6D:AF:58,1,1,ARMED,70.0,0,0,80:02:9C:61:97:4B,11,32,577.7,80:02:9C:61:97:4A,2,0,NONE,2026-08-19T16:22:58.798934
45917,PROBE_REQ,-93,4,0,1915,64112,43376,355221,0,68,10,0,0,14:33:5C:6D:AF:58,1,1,ARMED,70.0,0,1,80:02:9C:61:97:4B,11,22,1906.2,80:02:9C:61:97:4A,2,0,NONE,2026-08-19T16:22:58.856934
45917,,-90,7,1999,2513,65416,43376,355284,0,68,10,0,0,14:33:5C:6D:AF:58,1,1,ARMED,70.0,0,1,80:02:9C:61:97:4B,11,72,966.3,80:02:9C:61:97:4A,2,0,NONE,2026-08-19T16:22:58.919934
45917,,-91,6,2015,103,65416,43376,355336,0,68,10,0,0,14:33:5C:6D:AF:58,1,1,ARMED,70.0,0,1,80:02:9C:61:97:4B,11,25,931.1,80:02:9C:61:97:4A,2,0,NONE,2026-08-19T16:22:58.971934
45917,MGMT_OTHER,-82,15,2061,3749,65416,43376,355413,0,68,10,0,0,14:33:5C:6D:AF:58,1,1,ARMED,70.0,0,1,80:02:9C:61:97:4B,11,1,415.5,80:02:9C:61:97:4A,2,0,NONE,2026-08-19T16:22:59.048934
45917,MGMT_OTHER,-83,14,4121,412,64772,43376,355476,0,68,10,0,0,14:33:5C:6D:AF:58,1,1,ARMED,70.0,0,1,80:02:9C:61:97:4B,11,51,781.3,80:02:9C:61:97:4A,2,0,NONE,2026-08-19T16:22:59.111934
45917,MGMT_OTHER,-93,4,833,2409,64128,43376,355530,0,68,10,0,0,14:33:5C:6D:AF:58,1,1,ARMED,70.0,0,1,80:02:9C:61:97:4B,11,13,679.1,80:02:9C:61:97:4A,2,0,NONE,2026-08-19T16:22:59.165934
45917,,27,27,0,338,65416,43376,355690,0,68,10,0,0,14:33:5C:6D:AF:58,1,1,ARMED,70.0,0,0,80:02:9C:61:97:4B,11,23,306.3,80:02:9C:61:97:4A,2,0,NONE,2026-08-19T16:22:59.325934
45917,,-65,32,292,2333,65416,43376,355864,0,68,10,0,0,14:33:5C:6D:AF:58,1,0,ARMED,70.0,0,0,80:02:9C:61:97:4B,11,16,424.6,80:02:9C:61:97:4A,2,0,NONE,2026-08-19T16:22:59.499934
45917,,29,29,0,339,65416,43376,356003,0,68,10,0,0,14:33:5C:6D:AF:58,0,1,ARMED,70.0,0,0,80:02:9C:61:97:4B,11,19,257.3,80:02:9C:61:97:4A,2,0,NONE,2026-08-19T16:22:59.638934
45917,,38,38,0,522,65416,43376,356238,0,68,10,0,0,14:33:5C:6D:AF:58,1,0,ARMED,70.0,0,0,80:02:9C:61:97:4B,11,1,600.2,80:02:9C:61:97:4A,2,0,NONE,2026-08-19T16:22:59.873934
45917,,-65,32,0,2365,65416,43376,356338,0,68,10,0,0,14:33:5C:6D:AF:58,0,1,ARMED,70.0,0,0,80:02:9C:61:97:4B,11,4,2509.4,80:02:9C:61:97:4A,2,0,NONE,2026-08-19T16:22:59.973934
45917,BEACON,-81,16,0,525,65416,43376,356544,0,68,10,0,0,14:33:5C:6D:AF:58,0,0,ARMED,70.0,0,1,80:02:9C:61:97:4B,11,2,358.1,80:02:9C:61:97:4A,2,0,NONE,2026-08-19T16:23:00.179934
45917,,-36,61,3514,1168,65416,43376,356660,0,68,10,0,0,14:33:5C:6D:AF:58,1,1,ARMED,70.0,0,0,80:02:9C:61:97:4B,11,7,337.1,80:02:9C:61:97:4A,2,0,NONE,2026-08-19T16:23:00.295934
45917,,38,38,0,668,65416,43376,356848,0,68,10,0,0,14:33:5C:6D:AF:58,0,0,ARMED,70.0,0,0,80:02:9C:61:97:4B,11,5,945.4,80:02:9C:61:97:4A,2,0,NONE,2026-08-19T16:23:00.483934
45917,MGMT_OTHER,-83,14,3424,1550,65416,43376,357000,0,68,10,0,0,14:33:5C:6D:AF:58,0,1,ARMED,70.0,0,1,80:02:9C:61:97:4B,11,19,332.4,80:02:9C:61:97:4A,2,0,NONE,2026-08-19T16:23:00.635934
45917,BEACON,-65,32,0,2521,65416,43376,357181,0,68,10,0,0,14:33:5C:6D:AF:58,0,1,ARMED,70.0,0,0,80:02:9C:61:97:4B,11,6,259.5,80:02:9C:61:97:4A,2,0,NONE,2026-08-19T16:23:00.816934
45917,,39,39,0,573,65416,43376,357428,0,68,10,0,0,14:33:5C:6D:AF:58,0,0,ARMED,70.0,0,0,80:02:9C:61:97:4B,11,12,177.9,80:02:9C:61:97:4A,2,0,NONE,2026-08-19T16:23:01.063934
45917,,39,39,0,536,65416,43376,357678,0,68,10,0,0,14:33:5C:6D:AF:58,0,0,ARMED,70.0,0,0,80:02:9C:61:97:4B,11,2,251.9,80:02:9C:61:97:4A,2,0,NONE,2026-08-19T16:23:01.313934
45917,,39,39,0,538,65416,43376,357894,0,68,10,0,0,14:33:5C:6D:AF:58,0,0,ARMED,70.0,0,0,80:02:9C:61:97:4B,11,5,294.2,80:02:9C:61:97:4A,2,0,NONE,2026-08-19T16:23:01.529934
45917,,26,26,0,432,65416,43376,358166,0,68,10,0,0,14:33:5C:6D:AF:58,0,0,ARMED,70.0,0,0,80:02:9C:61:97:4B,11,17,197.3,80:02:9C:61:97:4A,2,1,ARP_SPOOF,2026-08-19T16:23:01.801934
45917,,38,38,0,543,65416,43376,358388,0,68,10,0,0,14:33:5C:6D:AF:58,0,0,ARMED,70.0,0,0,80:02:9C:61:97:4B,11,22,231.0,80:02:9C:61:97:4A,2,1,ARP_SPOOF,2026-08-19T16:23:02.023934
45917,,26,26,0,584,65416,43376,358569,0,68,10,0,0,14:33:5C:6D:AF:58,0,1,ARMED,70.0,0,0,80:02:9C:61:97:4B,11,18,271.0,80:02:9C:61:97:4A,2,1,ARP_SPOOF,2026-08-19T16:23:02.204934
45917,,-58,39,2838,2310,65260,43376,358713,0,68,10,0,0,14:33:5C:6D:AF:58,0,1,ARMED,70.0,0,1,80:02:9C:61:97:4B,11,3,418.4,80:02:9C:61:97:4A,2,1,ARP_SPOOF,2026-08-19T16:23:02.348934
45917,,26,26,0,3900,65416,43376,358879,0,68,10,0,0,14:33:5C:6D:AF:58,0,1,ARMED,70.0,0,0,80:02:9C:61:97:4B,11,17,248.3,80:02:9C:61:97:4A,2,1,ARP_SPOOF,2026-08-19T16:23:02.514934
45917,,39,39,0,673,65416,43376,359088,0,68,10,0,0,14:33:5C:6D:AF:58,0,0,ARMED,70.0,0,0,80:02:9C:61:97:4B,11,19,258.4,80:02:9C:61:97:4A,2,1,ARP_SPOOF,2026-08-19T16:23:02.723934
45917,,38,38,0,591,65416,43376,359298,0,68,10,0,0,14:33:5C:6D:AF:58,0,0,ARMED,70.0,0,1,80:02:9C:61:97:4B,11,18,229.4,80:02:9C:61:97:4A,2,1,ARP_SPOOF,2026-08-19T16:23:02.933934
45917,,20,20,0,2565,65416,43376,359533,0,68,10,0,0,14:33:5C:6D:AF:58,0,0,ARMED,70.0,0,0,80:02:9C:61:97:4B,11,4,624.7,80:02:9C:61:97:4A,2,1,ARP_SPOOF,2026-08-19T16:23:03.168934
45917,,38,38,0,2567,65416,43376,359738,0,68,10,0,0,14:33:5C:6D:AF:58,0,0,ARMED,70.0,0,0,80:02:9C:61:97:4B,11,2,333.2,EC:75:0C:53:67:7F,3,1,ARP_SPOOF,2026-08-19T16:23:03.373934
45917,,38,38,0,342,65416,43376,359848,0,68,10,0,0,14:33:5C:6D:AF:58,0,0,ARMED,70.0,0,1,80:02:9C:61:97:4B,11,25,1767.7,EC:75:0C:53:67:7F,3,1,ARP_SPOOF,2026-08-19T16:23:03.483934
45917,BEACON,-82,15,0,558,65416,43376,359923,0,68,10,0,0,14:33:5C:6D:AF:58,0,0,ARMED,70.0,0,1,80:02:9C:61:97:4B,11,75,842.0,EC:75:0C:53:67:7F,3,1,ARP_SPOOF,2026-08-19T16:23:03.558934
45917,,38,38,0,3405,65416,43376,360093,0,68,10,0,0,14:33:5C:6D:AF:58,1,1,ARMED,70.0,0,0,80:02:9C:61:97:4B,11,16,357.3,EC:75:0C:53:67:7F,3,1,ARP_SPOOF,2026-08-19T16:23:03.728934
45917,,-40,57,0,380,65416,43376,360327,0,68,10,0,0,14:33:5C:6D:AF:58,0,0,ARMED,70.0,0,1,80:02:9C:61:97:4B,11,17,230.3,EC:75:0C:53:67:7F,3,1,ARP_SPOOF,2026-08-19T16:23:03.962934
45917,,38,38,0,2575,65416,43376,360551,0,68,10,0,0,14:33:5C:6D:AF:58,0,0,ARMED,70.0,0,0,80:02:9C:61:97:4B,11,22,236.6,EC:75:0C:53:67:7F,3,1,ARP_SPOOF,2026-08-19T16:23:04.186934
45917,,28,28,0,566,65416,43376,360743,0,68,10,0,0,14:33:5C:6D:AF:58,1,0,ARMED,70.0,0,0,80:02:9C:61:97:4B,11,21,252.6,EC:75:0C:53:67:7F,3,1,ARP_SPOOF,2026-08-19T16:23:04.378934
45917,,38,38,0,568,65416,43376,360947,0,68,10,0,0,14:33:5C:6D:AF:58,0,0,ARMED,70.0,0,0,80:02:9C:61:97:4B,11,16,200.9,EC:75:0C:53:67:7F,3,1,ARP_SPOOF,2026-08-19T16:23:04.582934
45917,BEACON,-96,1,8303,462,65416,43376,361184,0,68,10,0,0,14:33:5C:6D:AF:58,0,0,ARMED,70.0,0,1,80:02:9C:61:97:4B,11,1,106.8,EC:75:0C:53:67:7F,3,1,ARP_SPOOF,2026-08-19T16:23:04.819934
45917,BEACON,-86,11,0,613,65416,43376,361408,0,68,10,0,0,14:33:5C:6D:AF:58,0,0,ARMED,70.0,0,1,80:02:9C:61:97:4B,11,6,208.5,EC:75:0C:53:67:7F,3,1,ARP_SPOOF,2026-08-19T16:23:05.043934
45917,,38,38,0,1023,65416,43376,361618,0,68,10,0,0,14:33:5C:6D:AF:58,1,0,ARMED,70.0,0,0,80:02:9C:61:97:4B,11,7,208.6,EC:75:0C:53:67:7F,3,1,ARP_SPOOF,2026-08-19T16:23:05.253934
45917,,28,28,0,1025,65416,43376,361795,0,68,10,0,0,14:33:5C:6D:AF:58,1,0,ARMED,70.0,0,1,80:02:9C:61:97:4B,11,5,874.3,EC:75:0C:53:67:7F,3,1,ARP_SPOOF,2026-08-19T16:23:05.430934
45917,,-57,40,0,2352,65416,43376,361908,0,68,10,0,0,14:33:5C:6D:AF:58,0,1,ARMED,70.0,0,1,80:02:9C:61:97:4B,11,21,1154.9,EC:75:0C:53:67:7F,3,1,ARP_SPOOF,2026-08-19T16:23:05.543934
45917,,38,38,0,2529,65416,43376,362108,0,68,10,0,0,14:33:5C:6D:AF:58,1,0,ARMED,70.0,0,0,80:02:9C:61:97:4B,11,4,349.1,EC:75:0C:53:67:7F,3,1,ARP_SPOOF,2026-08-19T16:23:05.743934
45917,BEACON,-68,29,0,2578,65416,43376,362301,0,68,10,0,0,14:33:5C:6D:AF:58,0,1,ARMED,70.0,0,1,80:02:9C:61:97:4B,11,29,283.0,EC:75:0C:53:67:7F,3,1,ARP_SPOOF,2026-08-19T16:23:05.936934
45917,BEACON,-69,28,0,2580,65416,43376,362506,0,68,10,0,0,14:33:5C:6D:AF:58,0,1,ARMED,70.0,0,0,80:02:9C:61:97:4B,11,29,283.1,EC:75:0C:53:67:7F,3,1,ARP_SPOOF,2026-08-19T16:23:06.141934
45917,BEACON,-79,18,0,2596,65416,43376,362703,0,68,10,0,0,14:33:5C:6D:AF:58,0,0,ARMED,70.0,0,1,80:02:9C:61:97:4B,11,28,295.8,EC:75:0C:53:67:7F,3,1,ARP_SPOOF,2026-08-19T16:23:06.338934
45917,,39,39,0,478,65416,43376,362828,0,68,10,0,0,14:33:5C:6D:AF:58,0,1,ARMED,70.0,0,0,80:02:9C:61:97:4B,11,2,359.1,EC:75:0C:53:67:7F,3,1,ARP_SPOOF,2026-08-19T16:23:06.463934
45917,,38,38,0,3903,65416,43376,362928,0,68,10,0,0,14:33:5C:6D:AF:58,0,1,ARMED,70.0,0,0,80:02:9C:61:97:4B,11,52,493.0,EC:75:0C:53:67:7F,3,1,ARP_SPOOF,2026-08-19T16:23:06.563934
45917,MGMT_OTHER,-87,10,283,3611,65416,43376,363017,0,68,10,0,0,14:33:5C:6D:AF:58,0,1,ARMED,70.0,0,1,80:02:9C:61:97:4B,11,50,557.5,EC:75:0C:53:67:7F,3,1,ARP_SPOOF,2026-08-19T16:23:06.652934
45917,PROBE_REQ,-92,5,125,698,65416,43376,363079,0,68,10,0,0,14:33:5C:6D:AF:58,1,1,ARMED,70.0,0,1,80:02:9C:61:97:4B,11,45,909.4,EC:75:0C:53:67:7F,3,1,ARP_SPOOF,2026-08-19T16:23:06.714934
45917,MGMT_OTHER,-87,10,2112,2257,65416,43376,363163,0,68,10,0,0,14:33:5C:6D:AF:58,1,1,ARMED,70.0,0,1,80:02:9C:61:97:4B,11,16,535.9,EC:75:0C:53:67:7F,3,1,ARP_SPOOF,2026-08-19T16:23:06.798934
45917,BEACON,-84,13,0,631,65416,43376,363251,0,68,10,0,0,14:33:5C:6D:AF:58,1,1,ARMED,70.0,0,1,80:02:9C:61:97:4B,11,9,517.4,EC:75:0C:53:67:7F,3,1,ARP_SPOOF,2026-08-19T16:23:06.886934
45917,MGMT_OTHER,-86,11,2108,428,64772,43376,363312,0,68,10,0,0,14:33:5C:6D:AF:58,1,1,ARMED,70.0,0,1,80:02:9C:61:97:4B,11,59,754.1,EC:75:0C:53:67:7F,3,1,ARP_SPOOF,2026-08-19T16:23:06.947934
45917,,-67,30,0,2474,65416,43376,363358,0,68,10,0,0,14:33:5C:6D:AF:58,1,1,ARMED,70.0,0,0,80:02:9C:61:97:4B,11,37,1552.0,EC:75:0C:53:67:7F,3,1,ARP_SPOOF,2026-08-19T16:23:06.993934
45917,,38,38,0,2374,65416,43376,363540,0,68,10,0,0,14:33:5C:6D:AF:58,0,0,ARMED,70.0,0,0,80:02:9C:61:97:4B,11,27,262.0,EC:75:0C:53:67:7F,3,1,ARP_SPOOF,2026-08-19T16:23:07.175934
45917,BEACON,-84,13,0,636,65416,43376,363763,0,68,10,0,0,14:33:5C:6D:AF:58,0,0,ARMED,70.0,0,1,80:02:9C:61:97:4B,11,2,171.8,EC:75:0C:53:67:7F,3,1,ARP_SPOOF,2026-08-19T16:23:07.398934
45917,,19,19,0,1629,65416,43376,364020,0,68,10,0,0,14:33:5C:6D:AF:58,0,0,ARMED,70.0,0,0,80:02:9C:61:97:4B,11,9,173.3,EC:75:0C:53:67:7F,3,1,ARP_SPOOF,2026-08-19T16:23:07.655934
45917,,15,15,0,2611,65416,43376,364243,0,68,10,0,0,14:33:5C:6D:AF:58,0,0,ARMED,70.0,0,0,80:02:9C:61:97:4B,11,14,199.1,EC:75:0C:53:67:7F,3,1,ARP_SPOOF,2026-08-19T16:23:07.878934
45917,,-67,30,0,2484,65416,43376,364459,0,68,10,0,0,14:33:5C:6D:AF:58,0,0,ARMED,70.0,0,0,80:02:9C:61:97:4B,11,19,247.5,EC:75:0C:53:67:7F,3,1,ARP_SPOOF,2026-08-19T16:23:08.094934
45917,,38,38,0,2614,65416,43376,364551,0,68,10,0,0,14:33:5C:6D:AF:58,0,1,ARMED,70.0,0,0,80:02:9C:61:97:4B,11,19,299.8,EC:75:0C:53:67:7F,3,1,ARP_SPOOF,2026-08-19T16:23:08.186934
45917,,-31,66,0,1178,65416,43376,364750,0,68,10,0,0,14:33:5C:6D:AF:58,0,0,ARMED,70.0,0,1,80:02:9C:61:97:4B,11,14,232.9,EC:75:0C:53:67:7F,3,1,ARP_SPOOF,2026-08-19T16:23:08.385934
45917,BEACON,-70,27,0,2606,65416,43376,364963,0,68,10,0,0,14:33:5C:6D:AF:58,0,0,ARMED,70.0,0,0,80:02:9C:61:97:4B,11,17,247.1,EC:75:0C:53:67:7F,3,1,ARP_SPOOF,2026-08-19T16:23:08.598934
45917,BEACON,-82,15,0,609,65416,43376,365145,0,68,10,0,0,14:33:5C:6D:AF:58,0,1,ARMED,70.0,0,1,80:02:9C:61:97:4B,11,9,327.3,EC:75:0C:53:67:7F,3,1,ARP_SPOOF,2026-08-19T16:23:08.780934
45917,,38,38,0,611,65416,43376,365358,0,68,10,0,0,14:33:5C:6D:AF:58,0,0,ARMED,70.0,0,0,80:02:9C:61:97:4B,11,7,232.3,EC:75:0C:53:67:7F,3,1,ARP_SPOOF,2026-08-19T16:23:08.993934
45917,,-58,39,380,2395,65416,43376,365497,0,68,10,0,0,14:33:5C:6D:AF:58,0,0,ARMED,70.0,0,1,80:02:9C:61:97:4B,11,33,479.7,EC:75:0C:53:67:7F,3,1,ARP_SPOOF,2026-08-19T16:23:09.132934
45917,,38,38,0,2625,65416,43376,365678,0,68,10,0,0,14:33:5C:6D:AF:58,0,0,ARMED,70.0,0,0,80:02:9C:61:97:4B,11,16,337.6,EC:75:0C:53:67:7F,3,1,ARP_SPOOF,2026-08-19T16:23:09.313934
45917,,39,39,0,657,65416,43376,365918,0,68,10,0,0,14:33:5C:6D:AF:58,0,0,ARMED,70.0,0,0,80:02:9C:61:97:4B,11,16,201.0,EC:75:0C:53:67:7F,3,1,ARP_SPOOF,2026-08-19T16:23:09.553934
45917,BEACON,-98,-1,0,2400,65416,43376,366197,0,68,10,0,0,14:33:5C:6D:AF:58,0,0,ARMED,70.0,0,1,80:02:9C:61:97:4B,11,9,318.8,EC:75:0C:53:67:7F,3,1,ARP_SPOOF,2026-08-19T16:23:09.832934
45917,,38,38,0,513,65416,43376,366441,0,68,10,0,0,14:33:5C:6D:AF:58,0,0,ARMED,70.0,0,0,80:02:9C:61:97:4B,11,16,236.0,EC:75:0C:53:67:7F,3,1,ARP_SPOOF,2026-08-19T16:23:10.076934
45917,,39,39,0,663,65416,43376,366542,0,68,10,0,0,14:33:5C:6D:AF:58,0,0,ARMED,70.0,0,0,80:02:9C:61:97:4B,11,40,608.3,EC:75:0C:53:67:7F,3,1,ARP_SPOOF,2026-08-19T16:23:10.177934
45917,,-58,39,0,2413,65416,43376,366637,0,68,10,0,0,14:33:5C:6D:AF:58,0,1,ARMED,70.0,0,0,80:02:9C:61:97:4B,11,41,707.8,EC:75:0C:53:67:7F,3,1,ARP_SPOOF,2026-08-19T16:23:10.272934
45917,,-67,30,2380,2549,65416,43376,366698,0,68,10,0,0,14:33:5C:6D:AF:58,1,1,ARMED,70.0,0,0,80:02:9C:61:97:4B,11,22,1316.2,EC:75:0C:53:67:7F,3,1,ARP_SPOOF,2026-08-19T16:23:10.333934
45917,MGMT_OTHER,-87,10,0,1433,65416,43376,366741,0,68,10,0,0,14:33:5C:6D:AF:58,1,1,ARMED,70.0,0,1,80:02:9C:61:97:4B,11,72,1213.1,EC:75:0C:53:67:7F,3,1,ARP_SPOOF,2026-08-19T16:23:10.376934
45917,MGMT_OTHER,-87,10,0,3749,65416,43376,366801,0,68,10,0,0,14:33:5C:6D:AF:58,1,1,ARMED,70.0,0,1,80:02:9C:61:97:4B,11,12,630.0,EC:75:0C:53:67:7F,3,1,ARP_SPOOF,2026-08-19T16:23:10.436934
45917,PROBE_REQ,-88,9,1279,2063,65416,43376,366903,0,68,10,0,0,14:33:5C:6D:AF:58,1,1,ARMED,70.0,0,0,80:02:9C:61:97:4B,11,18,882.6,EC:75:0C:53:67:7F,3,1,ARP_SPOOF,2026-08-19T16:23:10.538934
45917,PROBE_REQ,-88,9,903,3270,65416,43376,367009,0,68,10,0,0,14:33:5C:6D:AF:58,1,1,ARMED,70.0,0,1,80:02:9C:61:97:4B,11,17,667.7,EC:75:0C:53:67:7F,3,1,ARP_SPOOF,2026-08-19T16:23:10.644934
45917,,-67,30,0,2550,65416,43376,367185,0,68,10,0,0,14:33:5C:6D:AF:58,1,1,ARMED,70.0,0,1,80:02:9C:61:97:4B,11,29,298.4,EC:75:0C:53:67:7F,3,1,ARP_SPOOF,2026-08-19T16:23:10.820934
45917,,39,39,0,671,65416,43376,367391,0,68,10,0,0,14:33:5C:6D:AF:58,0,0,ARMED,70.0,0,0,80:02:9C:61:97:4B,11,24,235.5,EC:75:0C:53:67:7F,3,1,ARP_SPOOF,2026-08-19T16:23:11.026934
45917,BEACON,-98,-1,10321,525,65416,43376,367635,0,68,10,0,0,14:33:5C:6D:AF:58,0,0,ARMED,70.0,0,1,80:02:9C:61:97:4B,11,8,184.4,EC:75:0C:53:67:7F,3,1,ARP_SPOOF,2026-08-19T16:23:11.270934
45917,,39,39,0,2416,65416,43376,367848,0,68,10,0,0,14:33:5C:6D:AF:58,1,0,ARMED,70.0,0,0,80:02:9C:61:97:4B,11,10,248.6,EC:75:0C:53:67:7F,3,1,ARP_SPOOF,2026-08-19T16:23:11.483934
45917,,38,38,0,637,65416,43376,368019,0,68,10,0,0,14:33:5C:6D:AF:58,0,1,ARMED,70.0,0,0,80:02:9C:61:97:4B,11,3,434.8,EC:75:0C:53:67:7F,3,1,ARP_SPOOF,2026-08-19T16:23:11.654934
45917,,-90,7,0,3261,65416,43376,368200,0,68,10,0,0,14:33:5C:6D:AF:58,0,1,ARMED,70.0,0,1,80:02:9C:61:97:4B,11,24,283.1,EC:75:0C:53:67:7F,3,1,ARP_SPOOF,2026-08-19T16:23:11.835934
45917,,39,39,0,2723,65416,43376,368395,0,68,10,0,0,14:33:5C:6D:AF:58,0,1,ARMED,70.0,0,0,80:02:9C:61:97:4B,11,15,223.3,EC:75:0C:53:67:7F,3,1,ARP_SPOOF,2026-08-19T16:23:12.030934
45917,,-58,39,752,2434,65416,43376,368496,0,68,10,0,0,14:33:5C:6D:AF:58,0,0,ARMED,70.0,0,0,80:02:9C:61:97:4B,11,42,619.4,EC:75:0C:53:67:7F,3,1,ARP_SPOOF,2026-08-19T16:23:12.131934
45917,,-92,5,0,1583,65416,43376,368670,0,68,10,0,0,14:33:5C:6D:AF:58,0,1,ARMED,70.0,0,1,80:02:9C:61:97:4B,11,8,245.3,EC:75:0C:53:67:7F,3,1,ARP_SPOOF,2026-08-19T16:23:12.305934
45917,,26,26,0,2656,65400,43376,368849,0,68,10,0,0,14:33:5C:6D:AF:58,0,0,ARMED,70.0,0,0,80:02:9C:61:97:4B,11,4,413.7,EC:75:0C:53:67:7F,3,1,ARP_SPOOF,2026-08-19T16:23:12.484934
45917,,39,39,0,647,65416,43376,369042,0,68,10,0,0,14:33:5C:6D:AF:58,0,0,ARMED,70.0,0,0,80:02:9C:61:97:4B,11,27,270.8,EC:75:0C:53:67:7F,3,1,ARP_SPOOF,2026-08-19T16:23:12.677934
45917,,66,66,0,540,65416,43376,369198,0,68,10,0,0,14:33:5C:6D:AF:58,0,0,ARMED,70.0,0,0,80:02:9C:61:97:4B,11,22,498.1,EC:75:0C:53:67:7F,3,1,ARP_SPOOF,2026-08-19T16:23:12.833934
45917,,39,39,0,1023,65416,43376,369261,0,68,10,0,0,14:33:5C:6D:AF:58,1,1,ARMED,70.0,0,1,80:02:9C:61:97:4B,11,9,1343.7,EC:75:0C:53:67:7F,3,1,ARP_SPOOF,2026-08-19T16:23:12.896934
45917,,39,39,0,691,65416,43376,369400,0,68,10,0,0,14:33:5C:6D:AF:58,1,1,ARMED,70.0,0,0,80:02:9C:61:97:4B,11,14,326.1,EC:75:0C:53:67:7F,3,1,ARP_SPOOF,2026-08-19T16:23:13.035934
45917,,39,39,0,692,65416,43376,369538,0,68,10,0,0,14:33:5C:6D:AF:58,0,1,ARMED,70.0,0,0,80:02:9C:61:97:4B,11,14,179.7,EC:75:0C:53:67:7F,3,1,ARP_SPOOF,2026-08-19T16:23:13.173934
45917,,-90,7,0,1787,65416,43376,369733,0,68,10,0,0,14:33:5C:6D:AF:58,0,0,ARMED,70.0,0,1,80:02:9C:61:97:4B,11,22,325.4,EC:75:0C:53:67:7F,3,1,ARP_SPOOF,2026-08-19T16:23:13.368934
45917,DISASSOC,-91,6,7893,1631,65416,43376,369913,0,68,10,0,0,14:33:5C:6D:AF:58,0,0,ARMED,70.0,0,1,80:02:9C:61:97:4B,11,21,481.7,EC:75:0C:53:67:7F,3,1,ARP_SPOOF,2026-08-19T16:23:13.548934
45917,,39,39,0,700,65416,43376,370044,0,68,10,0,0,14:33:5C:6D:AF:58,1,1,ARMED,70.0,0,0,80:02:9C:61:97:4B,11,19,263.9,EC:75:0C:53:67:7F,3,1,ARP_SPOOF,2026-08-19T16:23:13.679934
45917,,-57,40,371,2451,65416,43376,370156,0,68,10,0,0,14:33:5C:6D:AF:58,1,1,ARMED,70.0,0,1,80:02:9C:61:97:4B,11,43,519.3,EC:75:0C:53:67:7F,3,1,ARP_SPOOF,2026-08-19T16:23:13.791934
45917,,-67,30,0,2612,65416,43376,370220,0,68,10,0,0,14:33:5C:6D:AF:58,1,1,ARMED,70.0,0,0,80:02:9C:61:97:4B,11,42,973.6,EC:75:0C:53:67:7F,3,1,ARP_SPOOF,2026-08-19T16:23:13.855934
45917,PROBE_RESP,-79,18,0,1112,65416,43376,370391,0,68,10,0,0,14:33:5C:6D:AF:58,0,0,ARMED,70.0,0,1,80:02:9C:61:97:4B,11,2,218.4,EC:75:0C:53:67:7F,3,1,ARP_SPOOF,2026-08-19T16:23:14.026934
45917,,39,39,0,554,65416,43376,370618,0,68,10,0,0,14:33:5C:6D:AF:58,0,0,ARMED,70.0,0,0,80:02:9C:61:97:4B,11,9,301.5,EC:75:0C:53:67:7F,3,1,ARP_SPOOF,2026-08-19T16:23:14.253934
45917,,39,39,0,1023,65416,43376,370758,0,68,10,0,0,14:33:5C:6D:AF:58,0,0,ARMED,70.0,0,0,80:02:9C:61:97:4B,11,35,502.7,EC:75:0C:53:67:7F,3,1,ARP_SPOOF,2026-08-19T16:23:14.393934
45917,,39,39,0,706,65416,43376,370958,0,68,10,0,0,14:33:5C:6D:AF:58,0,0,ARMED,70.0,0,0,80:02:9C:61:97:4B,11,18,279.5,EC:75:0C:53:67:7F,3,1,ARP_SPOOF,2026-08-19T16:23:14.593934
45917,BEACON,-68,29,0,2668,65416,43376,371107,0,68,10,0,0,14:33:5C:6D:AF:58,1,1,ARMED,70.0,0,0,80:02:9C:61:97:4B,11,2,205.5,EC:75:0C:53:67:7F,3,1,ARP_SPOOF,2026-08-19T16:23:14.742934
45917,,25,25,0,561,65416,43376,371330,0,68,10,0,0,14:33:5C:6D:AF:58,0,0,ARMED,70.0,0,0,80:02:9C:61:97:4B,11,9,330.2,EC:75:0C:53:67:7F,3,1,ARP_SPOOF,2026-08-19T16:23:14.965934
45917,,39,39,0,712,65416,43376,371592,0,68,10,0,0,14:33:5C:6D:AF:58,0,0,ARMED,70.0,0,0,80:02:9C:61:97:4B,11,20,237.2,EC:75:0C:53:67:7F,3,1,ARP_SPOOF,2026-08-19T16:23:15.227934
45917,,39,39,0,2454,65416,43376,371788,0,68,10,0,0,14:33:5C:6D:AF:58,0,0,ARMED,70.0,0,0,80:02:9C:61:97:4B,11,22,298.5,EC:75:0C:53:67:7F,3,1,ARP_SPOOF,2026-08-19T16:23:15.423934
45917,,70,70,0,1023,65416,43376,371911,0,68,10,0,0,14:33:5C:6D:AF:58,0,1,ARMED,70.0,0,1,80:02:9C:61:97:4B,11,43,456.1,EC:75:0C:53:67:7F,3,1,ARP_SPOOF,2026-08-19T16:23:15.546934
45917,BEACON,-82,15,0,676,65416,43376,372006,0,68,10,0,0,14:33:5C:6D:AF:58,0,1,ARMED,70.0,0,0,80:02:9C:61:97:4B,11,46,516.2,EC:75:0C:53:67:7F,3,1,ARP_SPOOF,2026-08-19T16:23:15.641934
45917,MGMT_OTHER,19,19,0,565,65416,43376,372147,0,68,10,0,0,14:33:5C:6D:AF:58,1,1,ARMED,70.0,0,0,80:02:9C:61:97:4B,11,7,360.4,EC:75:0C:53:67:7F,3,1,ARP_SPOOF,2026-08-19T16:23:15.782934
45917,MGMT_OTHER,19,19,0,720,65416,43376,372379,0,68,10,0,0,14:33:5C:6D:AF:58,0,0,ARMED,70.0,0,0,80:02:9C:61:97:4B,11,11,259.0,EC:75:0C:53:67:7F,3,1,ARP_SPOOF,2026-08-19T16:23:16.014934
45917,,-67,30,292,2621,65416,43376,372567,0,68,10,0,0,14:33:5C:6D:AF:58,0,0,ARMED,70.0,0,0,80:02:9C:61:97:4B,11,15,567.4,EC:75:0C:53:67:7F,3,1,ARP_SPOOF,2026-08-19T16:23:16.202934
45917,,-89,8,0,2558,65416,43376,372712,0,68,10,0,0,14:33:5C:6D:AF:58,0,1,ARMED,70.0,0,1,80:02:9C:61:97:4B,11,15,212.8,EC:75:0C:53:67:7F,3,1,ARP_SPOOF,2026-08-19T16:23:16.347934
45917,MGMT_OTHER,39,39,0,2460,65416,43376,372898,0,68,10,0,0,14:33:5C:6D:AF:58,0,0,ARMED,70.0,0,0,80:02:9C:61:97:4B,11,14,250.7,EC:75:0C:53:67:7F,3,1,ARP_SPOOF,2026-08-19T16:23:16.533934
45917,,39,39,0,687,65416,43376,373138,0,68,10,0,0,14:33:5C:6D:AF:58,0,0,ARMED,70.0,0,0,80:02:9C:61:97:4B,11,19,201.7,EC:75:0C:53:67:7F,3,1,ARP_SPOOF,2026-08-19T16:23:16.773934
45917,,26,26,0,1167,65416,43376,373374,0,68,10,0,0,14:33:5C:6D:AF:58,0,0,ARMED,70.0,0,0,80:02:9C:61:97:4B,11,4,454.3,EC:75:0C:53:67:7F,3,1,ARP_SPOOF,2026-08-19T16:23:17.009934
45917,,39,39,0,2694,65416,43376,373598,0,68,10,0,0,14:33:5C:6D:AF:58,0,0,ARMED,70.0,0,0,80:02:9C:61:97:4B,11,5,182.6,EC:75:0C:53:67:7F,3,1,ARP_SPOOF,2026-08-19T16:23:17.233934
45917,,-57,40,1138,2492,65416,43376,373680,0,68,10,0,0,14:33:5C:6D:AF:58,1,1,ARMED,70.0,0,0,80:02:9C:61:97:4B,11,11,1546.9,EC:75:0C:53:67:7F,3,1,ARP_SPOOF,2026-08-19T16:23:17.315934
45917,,26,26,0,2503,65416,43376,373803,0,68,10,0,0,14:33:5C:6D:AF:58,1,1,ARMED,70.0,0,0,80:02:9C:61:97:4B,11,4,159.9,EC:75:0C:53:67:7F,3,1,ARP_SPOOF,2026-08-19T16:23:17.438934
45917,,26,26,0,696,65416,43376,374060,0,68,10,0,0,14:33:5C:6D:AF:58,0,0,ARMED,70.0,0,0,80:02:9C:61:97:4B,11,13,171.6,EC:75:0C:53:67:7F,3,1,ARP_SPOOF,2026-08-19T16:23:17.695934
45917,,66,66,0,2701,65416,43376,374282,0,68,10,0,0,14:33:5C:6D:AF:58,0,0,ARMED,70.0,0,0,80:02:9C:61:97:4B,11,21,226.1,EC:75:0C:53:67:7F,3,1,ARP_SPOOF,2026-08-19T16:23:17.917934
45917,,26,26,0,2704,65416,43376,374534,0,68,10,0,0,14:33:5C:6D:AF:58,0,0,ARMED,70.0,0,1,80:02:9C:61:97:4B,11,5,186.7,EC:75:0C:53:67:7F,3,1,ARP_SPOOF,2026-08-19T16:23:18.169934
45917,,27,27,0,703,65416,43376,374780,0,68,10,0,0,14:33:5C:6D:AF:58,0,0,ARMED,70.0,0,0,80:02:9C:61:97:4B,11,10,161.1,80:02:9C:61:97:4A,4,1,ARP_SPOOF,2026-08-19T16:23:18.415934
45917,BEACON,-69,28,0,2709,65416,43376,374999,0,68,10,0,0,14:33:5C:6D:AF:58,0,0,ARMED,70.0,0,1,80:02:9C:61:97:4B,11,17,278.2,80:02:9C:61:97:4A,4,1,ARP_SPOOF,2026-08-19T16:23:18.634934
45917,,39,39,0,2711,65416,43376,375209,0,68,10,0,0,14:33:5C:6D:AF:58,0,0,ARMED,70.0,0,0,80:02:9C:61:97:4B,11,13,187.1,80:02:9C:61:97:4A,4,1,ARP_SPOOF,2026-08-19T16:23:18.844934
45917,BEACON,-82,15,0,710,65416,43376,375488,0,68,10,0,0,14:33:5C:6D:AF:58,0,0,ARMED,70.0,0,1,80:02:9C:61:97:4B,11,5,147.1,80:02:9C:61:97:4A,4,1,ARP_SPOOF,2026-08-19T16:23:19.123934
45917,,39,39,0,1023,65416,43376,375708,0,68,10,0,0,14:33:5C:6D:AF:58,0,0,ARMED,70.0,0,0,80:02:9C:61:97:4B,11,14,279.0,80:02:9C:61:97:4A,4,1,ARP_SPOOF,2026-08-19T16:23:19.343934
45917,,27,27,0,2494,65416,43376,375823,0,68,10,0,0,14:33:5C:6D:AF:58,1,1,ARMED,70.0,0,0,80:02:9C:61:97:4B,11,36,546.5,80:02:9C:61:97:4A,4,1,ARP_SPOOF,2026-08-19T16:23:19.458934
45917,,27,27,0,607,65416,43376,376035,0,68,10,0,0,14:33:5C:6D:AF:58,0,0,ARMED,70.0,0,0,80:02:9C:61:97:4B,11,22,324.8,80:02:9C:61:97:4A,4,1,ARP_SPOOF,2026-08-19T16:23:19.670934
45917,,39,39,0,609,65416,43376,376292,0,68,10,0,0,14:33:5C:6D:AF:58,0,0,ARMED,70.0,0,0,80:02:9C:61:97:4B,11,4,296.5,80:02:9C:61:97:4A,4,1,ARP_SPOOF,2026-08-19T16:23:19.927934
45917,,39,39,0,2725,65416,43376,376542,0,68,10,0,0,14:33:5C:6D:AF:58,0,0,ARMED,70.0,0,0,80:02:9C:61:97:4B,11,15,249.5,80:02:9C:61:97:4A,4,1,ARP_SPOOF,2026-08-19T16:23:20.177934
45917,,39,39,0,764,65416,43376,376788,0,68,10,0,0,14:33:5C:6D:AF:58,0,0,ARMED,70.0,0,0,80:02:9C:61:97:4B,11,20,206.8,80:02:9C:61:97:4A,4,1,ARP_SPOOF,2026-08-19T16:23:20.423934
45917,,-57,40,0,2522,65416,43376,376981,0,68,10,0,0,14:33:5C:6D:AF:58,0,0,ARMED,70.0,0,0,80:02:9C:61:97:4B,11,27,372.0,80:02:9C:61:97:4A,4,1,ARP_SPOOF,2026-08-19T16:23:20.616934
45917,,-57,40,939,2537,65416,43376,377054,0,68,10,0,0,14:33:5C:6D:AF:58,0,1,ARMED,70.0,0,0,80:02:9C:61:97:4B,11,37,837.6,80:02:9C:61:97:4A,4,1,ARP_SPOOF,2026-08-19T16:23:20.689934
45917,,39,39,0,619,65416,43376,377288,0,68,10,0,0,14:33:5C:6D:AF:58,1,0,ARMED,70.0,0,0,80:02:9C:61:97:4B,11,13,190.2,80:02:9C:61:97:4A,4,1,ARP_SPOOF,2026-08-19T16:23:20.923934
45917,,39,39,0,621,65416,43376,377488,0,68,10,0,0,14:33:5C:6D:AF:58,0,0,ARMED,70.0,0,0,80:02:9C:61:97:4B,11,16,271.7,80:02:9C:61:97:4A,4,1,ARP_SPOOF,2026-08-19T16:23:21.123934
45917,BEACON,-96,1,0,1220,65416,43376,377711,0,68,10,0,0,14:33:5C:6D:AF:58,0,0,ARMED,70.0,0,1,80:02:9C:61:97:4B,11,19,259.7,80:02:9C:61:97:4A,4,1,ARP_SPOOF,2026-08-19T16:23:21.346934
45917,BEACON,-93,4,0,626,65368,43376,377978,0,68,10,0,0,14:33:5C:6D:AF:58,0,0,ARMED,70.0,0,1,80:02:9C:61:97:4B,11,8,234.9,80:02:9C:61:97:4A,4,1,ARP_SPOOF,2026-08-19T16:23:21.613934
45917,,24,24,0,1023,65416,43376,378232,0,68,10,0,0,14:33:5C:6D:AF:58,1,0,ARMED,70.0,0,1,80:02:9C:61:97:4B,11,16,195.6,80:02:9C:61:97:4A,4,1,ARP_SPOOF,2026-08-19T16:23:21.867934
45917,BEACON,-82,15,0,739,65416,43376,378457,0,68,10,0,0,14:33:5C:6D:AF:58,0,0,ARMED,70.0,0,0,80:02:9C:61:97:4B,11,22,214.8,80:02:9C:61:97:4A,4,1,ARP_SPOOF,2026-08-19T16:23:22.092934
45917,,29,29,0,633,65416,43376,378710,0,68,10,0,0,14:33:5C:6D:AF:58,0,0,ARMED,70.0,0,0,80:02:9C:61:97:4B,11,9,209.5,80:02:9C:61:97:4A,4,1,ARP_SPOOF,2026-08-19T16:23:22.345934
45917,,50,50,0,2524,65416,43376,378962,0,68,10,0,0,14:33:5C:6D:AF:58,0,0,ARMED,70.0,0,0,80:02:9C:61:97:4B,11,16,202.6,80:02:9C:61:97:4A,4,1,ARP_SPOOF,2026-08-19T16:23:22.597934
45917,,-67,30,292,2726,65416,43376,379143,0,68,10,0,0,14:33:5C:6D:AF:58,0,1,ARMED,70.0,0,0,80:02:9C:61:97:4B,11,18,311.3,80:02:9C:61:97:4A,4,1,ARP_SPOOF,2026-08-19T16:23:22.778934
45917,,28,28,0,2214,65416,43376,379319,0,68,10,0,0,14:33:5C:6D:AF:58,0,0,ARMED,70.0,0,0,80:02:9C:61:97:4B,11,10,339.4,80:02:9C:61:97:4A,4,1,ARP_SPOOF,2026-08-19T16:23:22.954934
45917,,39,39,0,1023,65416,43376,379538,0,68,10,0,0,14:33:5C:6D:AF:58,0,0,ARMED,70.0,0,0,80:02:9C:61:97:4B,11,9,243.7,80:02:9C:61:97:4A,4,1,ARP_SPOOF,2026-08-19T16:23:23.173934
45917,,49,49,0,793,65416,43376,379738,0,68,10,0,0,14:33:5C:6D:AF:58,1,0,ARMED,70.0,0,0,80:02:9C:61:97:4B,11,11,301.7,80:02:9C:61:97:4A,4,1,ARP_SPOOF,2026-08-19T16:23:23.373934
45917,,39,39,0,645,65416,43376,379958,0,68,10,0,0,14:33:5C:6D:AF:58,1,0,ARMED,70.0,0,0,80:02:9C:61:97:4B,11,9,205.2,80:02:9C:61:97:4A,4,1,ARP_SPOOF,2026-08-19T16:23:23.593934
45917,,39,39,0,716,65416,43376,380088,0,68,10,0,0,14:33:5C:6D:AF:58,0,1,ARMED,70.0,0,0,80:02:9C:61:97:4B,11,15,209.9,80:02:9C:61:97:4A,4,1,ARP_SPOOF,2026-08-19T16:23:23.723934
45917,,39,39,0,800,65416,43376,380250,0,68,10,0,0,14:33:5C:6D:AF:58,0,0,ARMED,70.0,0,0,80:02:9C:61:97:4B,11,16,513.1,80:02:9C:61:97:4A,4,1,ARP_SPOOF,2026-08-19T16:23:23.885934
45917,,-90,7,0,720,65416,43376,380463,0,68,10,0,0,14:33:5C:6D:AF:58,0,0,ARMED,70.0,0,1,80:02:9C:61:97:4B,11,10,271.6,80:02:9C:61:97:4A,4,1,ARP_SPOOF,2026-08-19T16:23:24.098934
45917,BEACON,-80,17,0,2770,65416,43376,380518,0,68,10,0,0,14:33:5C:6D:AF:58,0,0,ARMED,70.0,0,1,80:02:9C:61:97:4B,11,60,647.4,80:02:9C:61:97:4A,4,1,ARP_SPOOF,2026-08-19T16:23:24.153934
45917,BEACON,-81,16,0,2772,65416,43376,380723,0,68,10,0,0,14:33:5C:6D:AF:58,1,1,ARMED,70.0,0,1,80:02:9C:61:97:4B,11,19,228.5,80:02:9C:61:97:4A,4,1,ARP_SPOOF,2026-08-19T16:23:24.358934
45917,,28,28,0,2774,65416,43376,380930,0,68,10,0,0,14:33:5C:6D:AF:58,0,1,ARMED,70.0,0,0,80:02:9C:61:97:4B,11,16,181.3,80:02:9C:61:97:4A,4,0,NONE,2026-08-19T16:23:24.565934
45917,,39,39,0,2775,65416,43376,381038,0,68,10,0,0,14:33:5C:6D:AF:58,0,0,ARMED,70.0,0,1,80:02:9C:61:97:4B,11,49,536.3,80:02:9C:61:97:4A,4,0,NONE,2026-08-19T16:23:24.673934
45917,BEACON,-70,27,0,2776,65416,43376,381245,0,68,10,0,0,14:33:5C:6D:AF:58,0,0,ARMED,70.0,0,0,80:02:9C:61:97:4B,11,22,225.9,80:02:9C:61:97:4A,4,0,NONE,2026-08-19T16:23:24.880934
45917,,39,39,0,660,65416,43376,381468,0,68,10,0,0,14:33:5C:6D:AF:58,0,1,ARMED,70.0,0,0,80:02:9C:61:97:4B,11,20,218.2,80:02:9C:61:97:4A,4,0,NONE,2026-08-19T16:23:25.103934
45917,,39,39,0,2780,65416,43376,381698,0,68,10,0,0,14:33:5C:6D:AF:58,0,0,ARMED,70.0,0,0,80:02:9C:61:97:4B,11,5,283.8,80:02:9C:61:97:4A,4,0,NONE,2026-08-19T16:23:25.333934
45917,,-66,31,0,2781,65416,43376,381895,0,68,10,0,0,14:33:5C:6D:AF:58,0,0,ARMED,70.0,0,1,80:02:9C:61:97:4B,11,4,575.5,80:02:9C:61:97:4A,4,0,NONE,2026-08-19T16:23:25.530934
45917,,66,66,0,1023,65416,43376,382102,0,68,10,0,0,14:33:5C:6D:AF:58,0,0,ARMED,70.0,0,0,80:02:9C:61:97:4B,11,1,92.3,80:02:9C:61:97:4A,4,0,NONE,2026-08-19T16:23:25.737934
45917,MGMT_OTHER,-89,8,0,1013,65416,43376,382332,0,68,10,0,0,14:33:5C:6D:AF:58,0,0,ARMED,70.0,0,1,80:02:9C:61:97:4B,11,9,306.7,80:02:9C:61:97:4A,4,0,NONE,2026-08-19T16:23:25.967934
45917,,39,39,0,670,65416,43376,382500,0,68,10,0,0,14:33:5C:6D:AF:58,1,1,ARMED,70.0,0,0,80:02:9C:61:97:4B,11,21,222.5,80:02:9C:61:97:4A,4,0,NONE,2026-08-19T16:23:26.135934
45917,,23,23,0,1023,65416,43376,382712,0,68,10,0,0,14:33:5C:6D:AF:58,1,1,ARMED,70.0,0,1,80:02:9C:61:97:4B,11,20,217.1,80:02:9C:61:97:4A,4,0,NONE,2026-08-19T16:23:26.347934
45917,,24,24,0,364,65416,43376,382919,0,68,10,0,0,14:33:5C:6D:AF:58,0,0,ARMED,70.0,0,0,80:02:9C:61:97:4B,11,22,239.7,80:02:9C:61:97:4A,4,0,NONE,2026-08-19T16:23:26.554934
45917,,-57,40,0,2592,65416,43376,383069,0,68,10,0,0,14:33:5C:6D:AF:58,0,0,ARMED,70.0,0,1,80:02:9C:61:97:4B,11,25,780.8,80:02:9C:61:97:4A,4,0,NONE,2026-08-19T16:23:26.704934
45917,,24,24,0,2797,65416,43376,383290,0,68,10,0,0,14:33:5C:6D:AF:58,0,0,ARMED,70.0,0,0,80:02:9C:61:97:4B,11,11,211.3,80:02:9C:61:97:4A,4,0,NONE,2026-08-19T16:23:26.925934
45917,,27,27,0,680,65416,43376,383519,0,68,10,0,0,14:33:5C:6D:AF:58,0,0,ARMED,70.0,0,0,80:02:9C:61:97:4B,11,15,192.8,80:02:9C:61:97:4A,4,0,NONE,2026-08-19T16:23:27.154934
45917,,39,39,0,682,65416,43376,383738,0,68,10,0,0,14:33:5C:6D:AF:58,0,0,ARMED,70.0,0,0,80:02:9C:61:97:4B,11,22,251.7,80:02:9C:61:97:4A,4,0,NONE,2026-08-19T16:23:27.373934
45917,,-67,30,292,2802,65416,43376,383934,0,68,10,0,0,14:33:5C:6D:AF:58,0,0,ARMED,70.0,0,0,80:02:9C:61:97:4B,11,24,303.5,80:02:9C:61:97:4A,4,0,NONE,2026-08-19T16:23:27.569934
45917,,-67,30,292,2818,65416,43376,384023,0,68,10,0,0,14:33:5C:6D:AF:58,0,1,ARMED,70.0,0,0,80:02:9C:61:97:4B,11,26,398.5,80:02:9C:61:97:4A,4,0,NONE,2026-08-19T16:23:27.658934
45917,,29,29,0,795,65416,43376,384192,0,68,10,0,0,14:33:5C:6D:AF:58,1,0,ARMED,70.0,0,0,80:02:9C:61:97:4B,11,8,265.6,80:02:9C:61:97:4A,4,0,NONE,2026-08-19T16:23:27.827934
45917,,39,39,0,688,65416,43376,384343,0,68,10,0,0,14:33:5C:6D:AF:58,0,1,ARMED,70.0,0,0,80:02:9C:61:97:4B,11,18,244.4,80:02:9C:61:97:4A,4,0,NONE,2026-08-19T16:23:27.978934
45917,,39,39,0,2810,65416,43376,384527,0,68,10,0,0,14:33:5C:6D:AF:58,0,0,ARMED,70.0,0,0,80:02:9C:61:97:4B,11,21,421.1,80:02:9C:61:97:4A,4,0,NONE,2026-08-19T16:23:28.162934
45917,,-84,13,124,4095,65416,43376,384727,0,68,10,0,0,14:33:5C:6D:AF:58,0,0,ARMED,70.0,0,0,80:02:9C:61:97:4B,11,12,301.2,80:02:9C:61:97:4A,4,0,NONE,2026-08-19T16:23:28.362934
45917,,-92,5,1532,1504,65416,43376,384791,0,68,10,0,0,14:33:5C:6D:AF:58,1,1,ARMED,70.0,0,1,80:02:9C:61:97:4B,11,3,862.6,80:02:9C:61:97:4A,4,0,NONE,2026-08-19T16:23:28.426934
45917,MGMT_OTHER,-84,13,2202,550,65416,43376,384862,0,68,10,0,0,14:33:5C:6D:AF:58,1,1,ARMED,70.0,0,1,80:02:9C:61:97:4B,11,53,717.4,80:02:9C:61:97:4A,4,0,NONE,2026-08-19T16:23:28.497934
45917,,39,39,0,1023,65416,43376,384942,0,68,10,0,0,14:33:5C:6D:AF:58,1,1,ARMED,70.0,0,1,80:02:9C:61:97:4B,11,33,624.9,80:02:9C:61:97:4A,4,0,NONE,2026-08-19T16:23:28.577934
45917,,21,21,0,731,65416,43376,385059,0,68,10,0,0,14:33:5C:6D:AF:58,1,1,ARMED,70.0,0,0,80:02:9C:61:97:4B,11,28,401.5,80:02:9C:61:97:4A,4,0,NONE,2026-08-19T16:23:28.694934
45917,,39,39,0,697,65416,43376,385257,0,68,10,0,0,14:33:5C:6D:AF:58,0,0,ARMED,70.0,0,0,80:02:9C:61:97:4B,11,14,212.6,80:02:9C:61:97:4A,4,0,NONE,2026-08-19T16:23:28.892934
45917,,21,21,0,699,65416,43376,385453,0,68,10,0,0,14:33:5C:6D:AF:58,1,1,ARMED,70.0,0,0,80:02:9C:61:97:4B,11,11,284.2,80:02:9C:61:97:4A,4,0,NONE,2026-08-19T16:23:29.088934
45917,,24,24,0,739,65416,43376,385672,0,68,10,0,0,14:33:5C:6D:AF:58,0,0,ARMED,70.0,0,0,80:02:9C:61:97:4B,11,12,255.3,80:02:9C:61:97:4A,4,0,NONE,2026-08-19T16:23:29.307934
45917,,26,26,0,2824,65416,43376,385863,0,68,10,0,0,14:33:5C:6D:AF:58,0,0,ARMED,70.0,0,0,80:02:9C:61:97:4B,11,12,378.8,80:02:9C:61:97:4A,4,0,NONE,2026-08-19T16:23:29.498934
45917,,50,50,0,858,65416,43376,386097,0,68,10,0,0,14:33:5C:6D:AF:58,0,0,ARMED,70.0,0,0,80:02:9C:61:97:4B,11,15,239.0,80:02:9C:61:97:4A,4,1,ARP_SPOOF,2026-08-19T16:23:29.732934
45917,,39,39,0,1304,65416,43376,386338,0,68,10,0,0,14:33:5C:6D:AF:58,1,0,ARMED,70.0,0,0,80:02:9C:61:97:4B,11,21,214.2,80:02:9C:61:97:4A,4,1,ARP_SPOOF,2026-08-19T16:23:29.973934
45917,,42,42,0,2830,65416,43376,386473,0,68,10,0,0,14:33:5C:6D:AF:58,0,1,ARMED,70.0,0,0,80:02:9C:61:97:4B,11,6,393.9,80:02:9C:61:97:4A,4,1,ARP_SPOOF,2026-08-19T16:23:30.108934
45917,,39,39,0,1023,65416,43376,386682,0,68,10,0,0,14:33:5C:6D:AF:58,0,0,ARMED,70.0,0,1,80:02:9C:61:97:4B,11,7,353.7,80:02:9C:61:97:4A,4,1,ARP_SPOOF,2026-08-19T16:23:30.317934
45917,,39,39,0,997,65416,43376,386842,0,68,10,0,0,14:33:5C:6D:AF:58,0,0,ARMED,70.0,0,0,80:02:9C:61:97:4B,11,34,441.9,80:02:9C:61:97:4A,4,1,ARP_SPOOF,2026-08-19T16:23:30.477934
45917,,27,27,0,867,65416,43376,387031,0,68,10,0,0,14:33:5C:6D:AF:58,0,0,ARMED,70.0,0,0,80:02:9C:61:97:4B,11,17,275.7,80:02:9C:61:97:4A,4,1,ARP_SPOOF,2026-08-19T16:23:30.666934
45917,,39,39,0,1023,65416,43376,387247,0,68,10,0,0,14:33:5C:6D:AF:58,0,0,ARMED,70.0,0,0,80:02:9C:61:97:4B,11,19,259.5,80:02:9C:61:97:4A,4,1,ARP_SPOOF,2026-08-19T16:23:30.882934
45917,,38,38,0,826,65416,43376,387367,0,68,10,0,0,14:33:5C:6D:AF:58,1,1,ARMED,70.0,0,0,80:02:9C:61:97:4B,11,43,474.1,80:02:9C:61:97:4A,4,1,ARP_SPOOF,2026-08-19T16:23:31.002934
45917,,-57,40,0,2650,65416,43376,387425,0,68,10,0,0,14:33:5C:6D:AF:58,1,1,ARMED,70.0,0,0,80:02:9C:61:97:4B,11,49,1173.3,80:02:9C:61:97:4A,4,1,ARP_SPOOF,2026-08-19T16:23:31.060934
45917,,39,39,0,2609,65416,43376,387599,0,68,10,0,0,14:33:5C:6D:AF:58,1,0,ARMED,70.0,0,0,80:02:9C:61:97:4B,11,6,517.0,EC:75:0C:53:67:7F,5,1,ARP_SPOOF,2026-08-19T16:23:31.234934
45917,,39,39,0,722,65416,43376,387841,0,68,10,0,0,14:33:5C:6D:AF:58,0,0,ARMED,70.0,0,0,80:02:9C:61:97:4B,11,13,248.0,EC:75:0C:53:67:7F,5,1,ARP_SPOOF,2026-08-19T16:23:31.476934
45917,MGMT_OTHER,-81,16,0,3479,65416,43376,388059,0,68,10,0,0,14:33:5C:6D:AF:58,0,0,ARMED,70.0,0,1,80:02:9C:61:97:4B,11,22,336.3,EC:75:0C:53:67:7F,5,1,ARP_SPOOF,2026-08-19T16:23:31.694934
45917,,39,39,0,879,65416,43376,388237,0,68,10,0,0,14:33:5C:6D:AF:58,0,0,ARMED,70.0,0,0,80:02:9C:61:97:4B,11,10,255.9,EC:75:0C:53:67:7F,5,1,ARP_SPOOF,2026-08-19T16:23:31.872934
45917,,29,29,0,880,65416,43376,388365,0,68,10,0,0,14:33:5C:6D:AF:58,0,1,ARMED,70.0,0,0,80:02:9C:61:97:4B,11,13,203.1,EC:75:0C:53:67:7F,5,1,ARP_SPOOF,2026-08-19T16:23:32.000934
45917,,39,39,0,68,65416,43376,388592,0,68,10,0,0,14:33:5C:6D:AF:58,0,0,ARMED,70.0,0,0,80:02:9C:61:97:4B,11,19,219.3,EC:75:0C:53:67:7F,5,1,ARP_SPOOF,2026-08-19T16:23:32.227934
45917,PROBE_REQ,-92,5,240,3283,65416,43376,388761,0,68,10,0,0,14:33:5C:6D:AF:58,0,1,ARMED,70.0,0,1,80:02:9C:61:97:4B,11,16,312.5,EC:75:0C:53:67:7F,5,1,ARP_SPOOF,2026-08-19T16:23:32.396934
45917,PROBE_REQ,-94,3,0,13,65416,43376,388820,0,68,10,0,0,14:33:5C:6D:AF:58,1,1,ARMED,70.0,0,1,80:02:9C:61:97:4B,11,13,1854.8,EC:75:0C:53:67:7F,5,1,ARP_SPOOF,2026-08-19T16:23:32.455934
45917,PROBE_REQ,-93,4,375,6,65416,43376,388885,0,68,10,0,0,14:33:5C:6D:AF:58,1,1,ARMED,70.0,0,0,80:02:9C:61:97:4B,11,63,866.6,EC:75:0C:53:67:7F,5,1,ARP_SPOOF,2026-08-19T16:23:32.520934
45917,MGMT_OTHER,-83,14,2019,3486,65416,43376,388962,0,68,10,0,0,14:33:5C:6D:AF:58,1,1,ARMED,70.0,0,1,80:02:9C:61:97:4B,11,23,500.3,EC:75:0C:53:67:7F,5,1,ARP_SPOOF,2026-08-19T16:23:32.597934
45917,MGMT_OTHER,-82,15,48,1787,65416,43376,389001,0,68,10,0,0,14:33:5C:6D:AF:58,1,1,ARMED,70.0,0,1,80:02:9C:61:97:4B,11,73,855.6,EC:75:0C:53:67:7F,5,1,ARP_SPOOF,2026-08-19T16:23:32.636934
45917,,-91,6,84,2235,65416,43376,389067,0,68,10,0,0,14:33:5C:6D:AF:58,1,1,ARMED,70.0,0,1,80:02:9C:61:97:4B,11,49,970.1,EC:75:0C:53:67:7F,5,1,ARP_SPOOF,2026-08-19T16:23:32.702934
45917,,29,29,0,2855,65416,43376,389226,0,68,10,0,0,14:33:5C:6D:AF:58,1,1,ARMED,70.0,0,0,80:02:9C:61:97:4B,11,1,269.8,EC:75:0C:53:67:7F,5,1,ARP_SPOOF,2026-08-19T16:23:32.861934
45917,,47,47,0,846,65416,43376,389414,0,68,10,0,0,14:33:5C:6D:AF:58,1,1,ARMED,70.0,0,0,80:02:9C:61:97:4B,11,19,213.1,EC:75:0C:53:67:7F,5,1,ARP_SPOOF,2026-08-19T16:23:33.049934
45917,,-66,31,292,2892,65416,43376,389599,0,68,10,0,0,14:33:5C:6D:AF:58,0,0,ARMED,70.0,0,0,80:02:9C:61:97:4B,11,27,385.9,EC:75:0C:53:67:7F,5,1,ARP_SPOOF,2026-08-19T16:23:33.234934
45917,,48,48,0,1023,65416,43376,389768,0,68,10,0,0,14:33:5C:6D:AF:58,0,0,ARMED,70.0,0,0,80:02:9C:61:97:4B,11,11,334.1,EC:75:0C:53:67:7F,5,1,ARP_SPOOF,2026-08-19T16:23:33.403934
45917,BEACON,-81,16,0,852,65416,43376,390028,0,68,10,0,0,14:33:5C:6D:AF:58,0,0,ARMED,70.0,0,1,80:02:9C:61:97:4B,11,18,204.0,EC:75:0C:53:67:7F,5,1,ARP_SPOOF,2026-08-19T16:23:33.663934
45917,BEACON,-95,2,0,2635,65416,43376,390261,0,68,10,0,0,14:33:5C:6D:AF:58,0,0,ARMED,70.0,0,1,80:02:9C:61:97:4B,11,1,141.9,EC:75:0C:53:67:7F,5,1,ARP_SPOOF,2026-08-19T16:23:33.896934
45917,,39,39,0,748,65416,43376,390487,0,68,10,0,0,14:33:5C:6D:AF:58,0,0,ARMED,70.0,0,0,80:02:9C:61:97:4B,11,6,227.1,EC:75:0C:53:67:7F,5,1,ARP_SPOOF,2026-08-19T16:23:34.122934
45917,,-57,40,0,2671,65416,43376,390650,0,68,10,0,0,14:33:5C:6D:AF:58,0,0,ARMED,70.0,0,1,80:02:9C:61:97:4B,11,36,413.5,EC:75:0C:53:67:7F,5,1,ARP_SPOOF,2026-08-19T16:23:34.285934
45917,,39,39,0,1023,65416,43376,390792,0,68,10,0,0,14:33:5C:6D:AF:58,1,0,ARMED,70.0,0,0,80:02:9C:61:97:4B,11,16,624.0,EC:75:0C:53:67:7F,5,1,ARP_SPOOF,2026-08-19T16:23:34.427934
45917,,-57,40,1022,2687,65416,43376,390863,0,68,10,0,0,14:33:5C:6D:AF:58,1,0,ARMED,70.0,0,0,80:02:9C:61:97:4B,11,66,676.5,EC:75:0C:53:67:7F,5,1,ARP_SPOOF,2026-08-19T16:23:34.498934
45917,,39,39,0,754,65416,43376,391085,0,68,10,0,0,14:33:5C:6D:AF:58,0,0,ARMED,70.0,0,0,80:02:9C:61:97:4B,11,4,415.8,EC:75:0C:53:67:7F,5,1,ARP_SPOOF,2026-08-19T16:23:34.720934
45917,,39,39,0,910,65416,43376,391310,0,68,10,0,0,14:33:5C:6D:AF:58,0,0,ARMED,70.0,0,0,80:02:9C:61:97:4B,11,8,271.6,EC:75:0C:53:67:7F,5,1,ARP_SPOOF,2026-08-19T16:23:34.945934
45917,,28,28,0,912,65416,43376,391529,0,68,10,0,0,14:33:5C:6D:AF:58,0,0,ARMED,70.0,0,0,80:02:9C:61:97:4B,11,12,272.4,EC:75:0C:53:67:7F,5,1,ARP_SPOOF,2026-08-19T16:23:35.164934
45917,,39,39,0,914,65416,43376,391723,0,68,10,0,0,14:33:5C:6D:AF:58,0,0,ARMED,70.0,0,0,80:02:9C:61:97:4B,11,12,342.5,EC:75:0C:53:67:7F,5,1,ARP_SPOOF,2026-08-19T16:23:35.358934
45917,MGMT_OTHER,-90,7,0,2108,65416,43376,391933,0,68,10,0,0,14:33:5C:6D:AF:58,0,0,ARMED,70.0,0,1,80:02:9C:61:97:4B,11,11,253.0,EC:75:0C:53:67:7F,5,1,ARP_SPOOF,2026-08-19T16:23:35.568934
45917,,39,39,0,2883,65416,43376,392097,0,68,10,0,0,14:33:5C:6D:AF:58,0,1,ARMED,70.0,0,0,80:02:9C:61:97:4B,11,2,300.3,EC:75:0C:53:67:7F,5,1,ARP_SPOOF,2026-08-19T16:23:35.732934
45917,,39,39,0,2885,65416,43376,392294,0,68,10,0,0,14:33:5C:6D:AF:58,0,1,ARMED,70.0,0,0,80:02:9C:61:97:4B,11,1,1000.0,EC:75:0C:53:67:7F,5,1,ARP_SPOOF,2026-08-19T16:23:35.929934
45917,,39,39,0,876,65416,43376,392492,0,68,10,0,0,14:33:5C:6D:AF:58,0,0,ARMED,70.0,0,0,80:02:9C:61:97:4B,11,26,271.4,EC:75:0C:53:67:7F,5,1,ARP_SPOOF,2026-08-19T16:23:36.127934
45917,,-92,5,168,786,65416,43376,392656,0,68,10,0,0,14:33:5C:6D:AF:58,0,0,ARMED,70.0,0,1,80:02:9C:61:97:4B,11,19,349.0,EC:75:0C:53:67:7F,5,1,ARP_SPOOF,2026-08-19T16:23:36.291934
45917,,-57,40,268,2691,65416,43376,392800,0,68,10,0,0,14:33:5C:6D:AF:58,0,1,ARMED,70.0,0,1,80:02:9C:61:97:4B,11,38,393.5,EC:75:0C:53:67:7F,5,1,ARP_SPOOF,2026-08-19T16:23:36.435934
45917,PROBE_REQ,-88,9,240,1082,65416,43376,392934,0,68,10,0,0,14:33:5C:6D:AF:58,0,1,ARMED,70.0,0,1,80:02:9C:61:97:4B,11,13,512.6,EC:75:0C:53:67:7F,5,1,ARP_SPOOF,2026-08-19T16:23:36.569934
45917,,25,25,0,882,65416,43376,393101,0,68,10,0,0,14:33:5C:6D:AF:58,0,1,ARMED,70.0,0,0,80:02:9C:61:97:4B,11,22,245.4,EC:75:0C:53:67:7F,5,1,ARP_SPOOF,2026-08-19T16:23:36.736934
45917,,26,26,0,2895,65416,43376,393321,0,68,10,0,0,14:33:5C:6D:AF:58,0,0,ARMED,70.0,0,0,80:02:9C:61:97:4B,11,2,1048.2,EC:75:0C:53:67:7F,5,1,ARP_SPOOF,2026-08-19T16:23:36.956934
45917,,39,39,0,2666,65416,43376,393488,0,68,10,0,0,14:33:5C:6D:AF:58,0,1,ARMED,70.0,0,0,80:02:9C:61:97:4B,11,19,282.3,EC:75:0C:53:67:7F,5,1,ARP_SPOOF,2026-08-19T16:23:37.123934
45917,,-67,30,292,2949,65416,43376,393673,0,68,10,0,0,14:33:5C:6D:AF:58,1,0,ARMED,70.0,0,0,80:02:9C:61:97:4B,11,14,297.0,EC:75:0C:53:67:7F,5,1,ARP_SPOOF,2026-08-19T16:23:37.308934
45917,,25,25,0,889,65416,43376,393824,0,68,10,0,0,14:33:5C:6D:AF:58,0,1,ARMED,70.0,0,0,80:02:9C:61:97:4B,11,20,208.3,EC:75:0C:53:67:7F,5,1,ARP_SPOOF,2026-08-19T16:23:37.459934
45917,,-50,47,17818,443,65416,43376,394058,0,68,10,0,0,14:33:5C:6D:AF:58,0,0,ARMED,70.0,0,1,80:02:9C:61:97:4B,11,8,342.9,EC:75:0C:53:67:7F,5,1,ARP_SPOOF,2026-08-19T16:23:37.693934
45917,,-91,6,0,1343,65416,43376,394309,0,68,10,0,0,14:33:5C:6D:AF:58,1,0,ARMED,70.0,0,1,80:02:9C:61:97:4B,11,9,129.5,EC:75:0C:53:67:7F,5,1,ARP_SPOOF,2026-08-19T16:23:37.944934
45917,,-67,30,292,2979,65416,43376,394373,0,68,10,0,0,14:33:5C:6D:AF:58,0,1,ARMED,70.0,0,0,80:02:9C:61:97:4B,11,20,650.2,EC:75:0C:53:67:7F,5,1,ARP_SPOOF,2026-08-19T16:23:38.008934
45917,BEACON,-94,3,0,2677,65416,43376,394563,0,68,10,0,0,14:33:5C:6D:AF:58,0,0,ARMED,70.0,0,1,80:02:9C:61:97:4B,11,4,252.2,EC:75:0C:53:67:7F,5,1,ARP_SPOOF,2026-08-19T16:23:38.198934
45917,BEACON,-93,4,0,790,65416,43376,394771,0,68,10,0,0,14:33:5C:6D:AF:58,0,0,ARMED,70.0,0,1,80:02:9C:61:97:4B,11,5,257.1,EC:75:0C:53:67:7F,5,1,ARP_SPOOF,2026-08-19T16:23:38.406934
45917,BEACON,-82,15,0,901,65416,43376,395046,0,68,10,0,0,14:33:5C:6D:AF:58,0,0,ARMED,70.0,0,0,80:02:9C:61:97:4B,11,16,186.0,EC:75:0C:53:67:7F,5,1,ARP_SPOOF,2026-08-19T16:23:38.681934
45917,,-66,31,8840,2995,65416,43376,395177,0,68,10,0,0,14:33:5C:6D:AF:58,0,1,ARMED,70.0,0,1,80:02:9C:61:97:4B,11,2,340.5,EC:75:0C:53:67:7F,5,1,ARP_SPOOF,2026-08-19T16:23:38.812934
45917,BEACON,-83,14,0,950,65416,43376,395405,0,68,10,0,0,14:33:5C:6D:AF:58,0,0,ARMED,70.0,0,1,80:02:9C:61:97:4B,11,7,245.0,EC:75:0C:53:67:7F,5,1,ARP_SPOOF,2026-08-19T16:23:39.040934
45917,BEACON,-95,2,0,798,65416,43376,395590,0,68,10,0,0,14:33:5C:6D:AF:58,1,1,ARMED,70.0,0,1,80:02:9C:61:97:4B,11,2,212.0,EC:75:0C:53:67:7F,5,1,ARP_SPOOF,2026-08-19T16:23:39.225934
45917,BEACON,-80,17,0,2920,65416,43376,395878,0,68,10,0,0,14:33:5C:6D:AF:58,0,0,ARMED,70.0,0,1,80:02:9C:61:97:4B,11,17,183.7,EC:75:0C:53:67:7F,5,1,ARP_SPOOF,2026-08-19T16:23:39.513934
45917,,38,38,0,1023,65368,43376,396099,0,68,10,0,0,14:33:5C:6D:AF:58,0,0,ARMED,70.0,0,1,80:02:9C:61:97:4B,11,10,1293.2,EC:75:0C:53:67:7F,5,1,ARP_SPOOF,2026-08-19T16:23:39.734934
45917,,38,38,0,805,65416,43376,396317,0,68,10,0,0,14:33:5C:6D:AF:58,0,0,ARMED,70.0,0,0,80:02:9C:61:97:4B,11,7,354.7,EC:75:0C:53:67:7F,5,1,ARP_SPOOF,2026-08-19T16:23:39.952934
45917,,24,24,0,961,65416,43376,396569,0,68,10,0,0,14:33:5C:6D:AF:58,1,0,ARMED,70.0,0,0,80:02:9C:61:97:4B,11,13,196.3,EC:75:0C:53:67:7F,5,1,ARP_SPOOF,2026-08-19T16:23:40.204934
45917,,23,23,0,1120,65416,43376,396796,0,68,10,0,0,14:33:5C:6D:AF:58,0,0,ARMED,70.0,0,0,80:02:9C:61:97:4B,11,24,271.4,EC:75:0C:53:67:7F,5,1,ARP_SPOOF,2026-08-19T16:23:40.431934
45917,,-58,39,347,2743,65416,43376,396962,0,68,10,0,0,14:33:5C:6D:AF:58,0,0,ARMED,70.0,0,0,80:02:9C:61:97:4B,11,22,443.1,EC:75:0C:53:67:7F,5,1,ARP_SPOOF,2026-08-19T16:23:40.597934
45917,,38,38,0,813,65416,43376,397137,0,68,10,0,0,14:33:5C:6D:AF:58,0,1,ARMED,70.0,0,0,80:02:9C:61:97:4B,11,7,341.9,EC:75:0C:53:67:7F,5,1,ARP_SPOOF,2026-08-19T16:23:40.772934
45917,,47,47,0,814,65416,43376,397260,0,68,10,0,0,14:33:5C:6D:AF:58,0,1,ARMED,70.0,0,0,80:02:9C:61:97:4B,11,28,649.8,EC:75:0C:53:67:7F,5,1,ARP_SPOOF,2026-08-19T16:23:40.895934
45917,,29,29,0,971,65416,43376,397474,0,68,10,0,0,14:33:5C:6D:AF:58,1,0,ARMED,70.0,0,0,80:02:9C:61:97:4B,11,11,218.6,EC:75:0C:53:67:7F,5,1,ARP_SPOOF,2026-08-19T16:23:41.109934
45917,,38,38,0,818,65416,43376,397688,0,68,10,0,0,14:33:5C:6D:AF:58,0,0,ARMED,70.0,0,0,80:02:9C:61:97:4B,11,13,221.7,EC:75:0C:53:67:7F,5,1,ARP_SPOOF,2026-08-19T16:23:41.323934
45917,,-66,31,0,3023,64948,43376,397860,0,68,10,0,0,14:33:5C:6D:AF:58,0,0,ARMED,70.0,0,0,80:02:9C:61:97:4B,11,23,871.6,EC:75:0C:53:67:7F,5,1,ARP_SPOOF,2026-08-19T16:23:41.495934
45917,PROBE_RESP,-97,0,0,1826,65416,43376,398013,0,68,10,0,0,14:33:5C:6D:AF:58,0,1,ARMED,70.0,0,1,80:02:9C:61:97:4B,11,14,181.7,EC:75:0C:53:67:7F,5,1,ARP_SPOOF,2026-08-19T16:23:41.648934
45917,,-58,39,3224,2776,65416,43376,398132,0,68,10,0,0,14:33:5C:6D:AF:58,0,0,ARMED,70.0,0,1,80:02:9C:61:97:4B,11,40,430.0,EC:75:0C:53:67:7F,5,1,ARP_SPOOF,2026-08-19T16:23:41.767934
45917,,24,24,0,825,65416,43376,398370,0,68,10,0,0,14:33:5C:6D:AF:58,0,0,ARMED,70.0,0,0,80:02:9C:61:97:4B,11,8,262.2,EC:75:0C:53:67:7F,5,1,ARP_SPOOF,2026-08-19T16:23:42.005934
45917,,27,27,0,379,65416,43376,398569,0,68,10,0,0,14:33:5C:6D:AF:58,0,0,ARMED,70.0,0,0,80:02:9C:61:97:4B,11,12,418.9,EC:75:0C:53:67:7F,5,1,ARP_SPOOF,2026-08-19T16:23:42.204934
45917,MGMT_OTHER,-86,11,1961,2693,65416,43376,398760,0,68,10,0,0,14:33:5C:6D:AF:58,0,1,ARMED,70.0,0,1,80:02:9C:61:97:4B,11,6,471.8,EC:75:0C:53:67:7F,5,1,ARP_SPOOF,2026-08-19T16:23:42.395934
45917,MGMT_OTHER,-87,10,1961,2485,65416,43376,398846,0,68,10,0,0,14:33:5C:6D:AF:58,0,1,ARMED,70.0,0,1,80:02:9C:61:97:4B,11,56,565.9,EC:75:0C:53:67:7F,5,1,ARP_SPOOF,2026-08-19T16:23:42.481934
45917,BEACON,-94,3,0,832,65416,43376,399072,0,68,10,0,0,14:33:5C:6D:AF:58,0,0,ARMED,70.0,0,1,80:02:9C:61:97:4B,11,3,155.0,EC:75:0C:53:67:7F,5,1,ARP_SPOOF,2026-08-19T16:23:42.707934
45917,,39,39,0,1002,65416,43376,399327,0,68,10,0,0,14:33:5C:6D:AF:58,0,0,ARMED,70.0,0,0,80:02:9C:61:97:4B,11,18,257.8,EC:75:0C:53:67:7F,5,1,ARP_SPOOF,2026-08-19T16:23:42.962934
45917,,-31,66,0,1225,65416,43376,399557,0,68,10,0,0,14:33:5C:6D:AF:58,0,0,ARMED,70.0,0,1,80:02:9C:61:97:4B,11,26,275.3,EC:75:0C:53:67:7F,5,1,ARP_SPOOF,2026-08-19T16:23:43.192934
45917,BEACON,-79,18,0,2958,65416,43376,399769,0,68,10,0,0,14:33:5C:6D:AF:58,0,0,ARMED,70.0,0,1,80:02:9C:61:97:4B,11,24,259.4,EC:75:0C:53:67:7F,5,1,ARP_SPOOF,2026-08-19T16:23:43.404934
45917,BEACON,-81,16,0,950,65416,43376,400063,0,68,10,0,0,14:33:5C:6D:AF:58,0,0,ARMED,70.0,0,0,80:02:9C:61:97:4B,11,13,163.7,EC:75:0C:53:67:7F,5,1,ARP_SPOOF,2026-08-19T16:23:43.698934
45917,,-90,7,0,2064,65416,43376,400261,0,68,10,0,0,14:33:5C:6D:AF:58,1,0,ARMED,70.0,0,1,80:02:9C:61:97:4B,11,19,263.5,EC:75:0C:53:67:7F,5,1,ARP_SPOOF,2026-08-19T16:23:43.896934
45917,BEACON,-96,1,0,1441,65416,43376,400341,0,68,10,0,0,14:33:5C:6D:AF:58,0,1,ARMED,70.0,0,1,80:02:9C:61:97:4B,11,16,319.1,EC:75:0C:53:67:7F,5,1,ARP_SPOOF,2026-08-19T16:23:43.976934
45917,BEACON,-81,16,0,955,65416,43376,400575,0,68,10,0,0,14:33:5C:6D:AF:58,0,0,ARMED,70.0,0,1,80:02:9C:61:97:4B,11,14,176.3,EC:75:0C:53:67:7F,5,1,ARP_SPOOF,2026-08-19T16:23:44.210934
45917,BEACON,-80,17,0,2968,65416,43376,400793,0,68,10,0,0,14:33:5C:6D:AF:58,0,0,ARMED,70.0,0,1,80:02:9C:61:97:4B,11,18,194.6,EC:75:0C:53:67:7F,5,1,ARP_SPOOF,2026-08-19T16:23:44.428934
45917,,27,27,0,851,65416,43376,401022,0,68,10,0,0,14:33:5C:6D:AF:58,0,0,ARMED,70.0,0,0,80:02:9C:61:97:4B,11,1,242.1,EC:75:0C:53:67:7F,5,1,ARP_SPOOF,2026-08-19T16:23:44.657934
45917,,28,28,0,1450,65416,43376,401289,0,68,10,0,0,14:33:5C:6D:AF:58,0,0,ARMED,70.0,0,0,80:02:9C:61:97:4B,11,11,165.5,EC:75:0C:53:67:7F,5,1,ARP_SPOOF,2026-08-19T16:23:44.924934
45917,,-57,40,0,2800,65416,43376,401378,0,68,10,0,0,14:33:5C:6D:AF:58,0,1,ARMED,70.0,0,0,80:02:9C:61:97:4B,11,24,470.6,EC:75:0C:53:67:7F,5,1,ARP_SPOOF,2026-08-19T16:23:45.013934
45917,,-57,40,0,2810,65416,43376,401483,0,68,10,0,0,14:33:5C:6D:AF:58,0,1,ARMED,70.0,0,0,80:02:9C:61:97:4B,11,28,500.8,EC:75:0C:53:67:7F,5,1,ARP_SPOOF,2026-08-19T16:23:45.118934
45917,,39,39,0,1023,65416,43376,401677,0,68,10,0,0,14:33:5C:6D:AF:58,0,1,ARMED,70.0,0,0,80:02:9C:61:97:4B,11,9,198.8,EC:75:0C:53:67:7F,5,1,ARP_SPOOF,2026-08-19T16:23:45.312934
45917,BEACON,-81,16,0,2979,65416,43376,401920,0,68,10,0,0,14:33:5C:6D:AF:58,0,0,ARMED,70.0,0,1,80:02:9C:61:97:4B,11,14,169.0,EC:75:0C:53:67:7F,5,1,ARP_SPOOF,2026-08-19T16:23:45.555934
45917,,39,39,0,1023,65416,43376,402177,0,68,10,0,0,14:33:5C:6D:AF:58,0,0,ARMED,70.0,0,0,80:02:9C:61:97:4B,11,8,201.2,EC:75:0C:53:67:7F,5,1,ARP_SPOOF,2026-08-19T16:23:45.812934
45917,BEACON,-80,17,0,2984,65416,43376,402432,0,68,10,0,0,14:33:5C:6D:AF:58,0,0,ARMED,70.0,0,1,80:02:9C:61:97:4B,11,14,160.5,EC:75:0C:53:67:7F,5,1,ARP_SPOOF,2026-08-19T16:23:46.067934
45917,BEACON,-80,17,0,2986,65416,43376,402637,0,68,10,0,0,14:33:5C:6D:AF:58,0,1,ARMED,70.0,0,1,80:02:9C:61:97:4B,11,16,192.5,80:02:9C:61:97:4A,6,1,ARP_SPOOF,2026-08-19T16:23:46.272934
45917,,39,39,0,869,65416,43376,402887,0,68,10,0,0,14:33:5C:6D:AF:58,0,0,ARMED,70.0,0,0,80:02:9C:61:97:4B,11,4,149.4,80:02:9C:61:97:4A,6,1,ARP_SPOOF,2026-08-19T16:23:46.522934
45917,,-86,11,4258,1188,65416,43376,403092,0,68,10,0,0,14:33:5C:6D:AF:58,0,0,ARMED,70.0,0,0,80:02:9C:61:97:4B,11,13,492.2,80:02:9C:61:97:4A,6,1,ARP_SPOOF,2026-08-19T16:23:46.727934
45917,,24,24,0,3621,65416,43376,403313,0,68,10,0,0,14:33:5C:6D:AF:58,0,0,ARMED,70.0,0,0,80:02:9C:61:97:4B,11,7,175.3,80:02:9C:61:97:4A,6,1,ARP_SPOOF,2026-08-19T16:23:46.948934
45917,BEACON,-81,16,0,983,65416,43376,403443,0,68,10,0,0,14:33:5C:6D:AF:58,0,1,ARMED,70.0,0,0,80:02:9C:61:97:4B,11,25,359.2,80:02:9C:61:97:4A,6,1,ARP_SPOOF,2026-08-19T16:23:47.078934
45917,BEACON,-66,31,0,3010,65416,43376,403671,0,68,10,0,0,14:33:5C:6D:AF:58,0,0,ARMED,70.0,0,0,80:02:9C:61:97:4B,11,17,183.9,80:02:9C:61:97:4A,6,1,ARP_SPOOF,2026-08-19T16:23:47.306934
45917,BEACON,-82,15,0,987,65416,43376,403852,0,68,10,0,0,14:33:5C:6D:AF:58,1,1,ARMED,70.0,0,0,80:02:9C:61:97:4B,11,26,400.2,80:02:9C:61:97:4A,6,1,ARP_SPOOF,2026-08-19T16:23:47.487934
45917,,39,39,0,2769,65416,43376,403995,0,68,10,0,0,14:33:5C:6D:AF:58,1,1,ARMED,70.0,0,0,80:02:9C:61:97:4B,11,10,1393.5,80:02:9C:61:97:4A,6,1,ARP_SPOOF,2026-08-19T16:23:47.630934
45917,BEACON,-70,27,0,3016,65416,43376,404182,0,68,10,0,0,14:33:5C:6D:AF:58,0,1,ARMED,70.0,0,0,80:02:9C:61:97:4B,11,18,193.4,80:02:9C:61:97:4A,6,1,ARP_SPOOF,2026-08-19T16:23:47.817934
45917,PROBE_REQ,-88,9,0,516,65416,43376,404358,0,68,10,0,0,14:33:5C:6D:AF:58,0,0,ARMED,70.0,0,1,80:02:9C:61:97:4B,11,26,408.5,80:02:9C:61:97:4A,6,1,ARP_SPOOF,2026-08-19T16:23:47.993934
45917,PROBE_REQ,-88,9,1013,0,65416,43376,404449,0,68,10,0,0,14:33:5C:6D:AF:58,0,1,ARMED,70.0,0,1,80:02:9C:61:97:4B,11,28,538.5,80:02:9C:61:97:4A,6,1,ARP_SPOOF,2026-08-19T16:23:48.084934
45917,,40,40,0,1549,65416,43376,404487,0,68,10,0,0,14:33:5C:6D:AF:58,0,1,ARMED,70.0,0,0,80:02:9C:61:97:4B,11,78,860.2,80:02:9C:61:97:4A,6,1,ARP_SPOOF,2026-08-19T16:23:48.122934
45917,,40,40,0,0,65416,43376,404527,0,68,10,0,0,14:33:5C:6D:AF:58,1,1,ARMED,70.0,0,0,80:02:9C:61:97:4B,11,49,2038.8,80:02:9C:61:97:4A,6,1,ARP_SPOOF,2026-08-19T16:23:48.162934
45917,PROBE_REQ,-88,9,0,2265,65416,43376,404573,0,68,10,0,0,14:33:5C:6D:AF:58,1,1,ARMED,70.0,0,1,80:02:9C:61:97:4B,11,99,1427.9,80:02:9C:61:97:4A,6,1,ARP_SPOOF,2026-08-19T16:23:48.208934
45917,,26,26,0,1023,65416,43376,404630,0,68,10,0,0,14:33:5C:6D:AF:58,1,1,ARMED,70.0,0,0,80:02:9C:61:97:4B,11,20,744.7,80:02:9C:61:97:4A,6,1,ARP_SPOOF,2026-08-19T16:23:48.265934
45917,BEACON,-93,4,0,1484,65416,43376,404745,0,68,10,0,0,14:33:5C:6D:AF:58,1,1,ARMED,70.0,0,1,80:02:9C:61:97:4B,11,8,196.2,80:02:9C:61:97:4A,6,1,ARP_SPOOF,2026-08-19T16:23:48.380934
45917,BEACON,-80,17,849,3007,65416,43376,404787,0,68,10,0,0,14:33:5C:6D:AF:58,1,1,ARMED,70.0,0,1,80:02:9C:61:97:4B,11,58,697.3,80:02:9C:61:97:4A,6,1,ARP_SPOOF,2026-08-19T16:23:48.422934
45917,,23,23,0,890,65416,43376,405027,0,68,10,0,0,14:33:5C:6D:AF:58,0,0,ARMED,70.0,0,0,80:02:9C:61:97:4B,11,2,127.5,80:02:9C:61:97:4A,6,1,ARP_SPOOF,2026-08-19T16:23:48.662934
45917,,16,16,0,3012,65416,43376,405306,0,68,10,0,0,14:33:5C:6D:AF:58,0,0,ARMED,70.0,0,0,80:02:9C:61:97:4B,11,13,165.5,80:02:9C:61:97:4A,6,1,ARP_SPOOF,2026-08-19T16:23:48.941934
45917,BEACON,-80,17,0,3014,65416,43376,405504,0,68,10,0,0,14:33:5C:6D:AF:58,0,0,ARMED,70.0,0,1,80:02:9C:61:97:4B,11,19,285.3,80:02:9C:61:97:4A,6,1,ARP_SPOOF,2026-08-19T16:23:49.139934
45917,,24,24,0,1023,65416,43376,405641,0,68,10,0,0,14:33:5C:6D:AF:58,1,1,ARMED,70.0,0,0,80:02:9C:61:97:4B,11,29,285.7,80:02:9C:61:97:4A,6,1,ARP_SPOOF,2026-08-19T16:23:49.276934
45917,PROBE_REQ,-95,2,0,2978,65416,43376,405854,0,68,10,0,0,14:33:5C:6D:AF:58,0,0,ARMED,70.0,0,1,80:02:9C:61:97:4B,11,2,310.3,80:02:9C:61:97:4A,6,1,ARP_SPOOF,2026-08-19T16:23:49.489934
45917,BEACON,-79,18,62,3020,65416,43376,406119,0,68,10,0,0,14:33:5C:6D:AF:58,0,0,ARMED,70.0,0,1,80:02:9C:61:97:4B,11,13,199.9,80:02:9C:61:97:4A,6,1,ARP_SPOOF,2026-08-19T16:23:49.754934
45917,BEACON,-97,0,0,2331,65416,43376,406281,0,68,10,0,0,14:33:5C:6D:AF:58,0,1,ARMED,70.0,0,1,80:02:9C:61:97:4B,11,3,128.5,80:02:9C:61:97:4A,6,1,ARP_SPOOF,2026-08-19T16:23:49.916934
45917,,-35,62,749,130,65416,43376,406514,0,68,10,0,0,14:33:5C:6D:AF:58,0,0,ARMED,70.0,0,0,80:02:9C:61:97:4B,11,12,219.1,80:02:9C:61:97:4A,6,1,ARP_SPOOF,2026-08-19T16:23:50.149934
45917,,24,24,0,906,65416,43376,406662,0,68,10,0,0,14:33:5C:6D:AF:58,0,0,ARMED,70.0,0,0,80:02:9C:61:97:4B,11,23,226.4,80:02:9C:61:97:4A,6,1,ARP_SPOOF,2026-08-19T16:23:50.297934
45917,,-46,51,0,498,65416,43376,406795,0,68,10,0,0,14:33:5C:6D:AF:58,0,1,ARMED,70.0,0,1,80:02:9C:61:97:4B,11,7,267.2,80:02:9C:61:97:4A,6,1,ARP_SPOOF,2026-08-19T16:23:50.430934
45917,,40,40,0,1023,65416,43376,407017,0,68,10,0,0,14:33:5C:6D:AF:58,0,0,ARMED,70.0,0,1,80:02:9C:61:97:4B,11,9,217.7,80:02:9C:61:97:4A,6,1,ARP_SPOOF,2026-08-19T16:23:50.652934
45917,,-69,28,0,3048,63684,43376,407256,0,68,10,0,0,14:33:5C:6D:AF:58,0,0,ARMED,70.0,0,0,80:02:9C:61:97:4B,11,12,174.8,80:02:9C:61:97:4A,6,1,ARP_SPOOF,2026-08-19T16:23:50.891934
45917,BEACON,-80,17,0,3033,65416,43376,407449,0,68,10,0,0,14:33:5C:6D:AF:58,0,0,ARMED,70.0,0,1,80:02:9C:61:97:4B,11,20,337.1,80:02:9C:61:97:4A,6,1,ARP_SPOOF,2026-08-19T16:23:51.084934
45917,,40,40,0,1023,65416,43376,407557,0,68,10,0,0,14:33:5C:6D:AF:58,0,1,ARMED,70.0,0,1,80:02:9C:61:97:4B,11,35,540.3,80:02:9C:61:97:4A,6,1,ARP_SPOOF,2026-08-19T16:23:51.192934
45917,,40,40,0,1071,65416,43376,407707,0,68,10,0,0,14:33:5C:6D:AF:58,1,1,ARMED,70.0,0,0,80:02:9C:61:97:4B,11,1,99.4,80:02:9C:61:97:4A,6,1,ARP_SPOOF,2026-08-19T16:23:51.342934
45917,,23,23,0,3037,65416,43376,407860,0,68,10,0,0,14:33:5C:6D:AF:58,0,1,ARMED,70.0,0,0,80:02:9C:61:97:4B,11,10,189.5,80:02:9C:61:97:4A,6,1,ARP_SPOOF,2026-08-19T16:23:51.495934
45917,,23,23,0,1173,65416,43376,408039,0,68,10,0,0,14:33:5C:6D:AF:58,0,0,ARMED,70.0,0,0,80:02:9C:61:97:4B,11,7,322.3,80:02:9C:61:97:4A,6,1,ARP_SPOOF,2026-08-19T16:23:51.674934
45917,,-66,31,0,3186,65416,43376,408167,0,68,10,0,0,14:33:5C:6D:AF:58,0,0,ARMED,70.0,0,0,80:02:9C:61:97:4B,11,30,698.8,80:02:9C:61:97:4A,6,1,ARP_SPOOF,2026-08-19T16:23:51.802934
45917,,23,23,0,1078,65416,43376,408351,0,68,10,0,0,14:33:5C:6D:AF:58,0,0,ARMED,70.0,0,0,80:02:9C:61:97:4B,11,4,175.0,80:02:9C:61:97:4A,6,1,ARP_SPOOF,2026-08-19T16:23:51.986934
45917,BEACON,-69,28,0,3061,65416,43376,408586,0,68,10,0,0,14:33:5C:6D:AF:58,0,0,ARMED,70.0,0,0,80:02:9C:61:97:4B,11,12,228.9,80:02:9C:61:97:4A,6,0,NONE,2026-08-19T16:23:52.221934
45917,,22,22,0,1524,65416,43376,408849,0,68,10,0,0,14:33:5C:6D:AF:58,0,0,ARMED,70.0,0,0,80:02:9C:61:97:4B,11,3,336.3,80:02:9C:61:97:4A,6,0,NONE,2026-08-19T16:23:52.484934
45917,BEACON,-80,17,0,3049,65416,43376,409088,0,68,10,0,0,14:33:5C:6D:AF:58,0,0,ARMED,70.0,0,1,80:02:9C:61:97:4B,11,8,188.5,80:02:9C:61:97:4A,6,0,NONE,2026-08-19T16:23:52.723934
45917,,40,40,0,932,65416,43376,409357,0,68,10,0,0,14:33:5C:6D:AF:58,0,0,ARMED,70.0,0,0,80:02:9C:61:97:4B,11,19,210.6,80:02:9C:61:97:4A,6,0,NONE,2026-08-19T16:23:52.992934
45917,,-56,41,370,2888,65416,43376,409513,0,68,10,0,0,14:33:5C:6D:AF:58,0,0,ARMED,70.0,0,1,80:02:9C:61:97:4B,11,22,606.9,80:02:9C:61:97:4A,6,0,NONE,2026-08-19T16:23:53.148934
45917,,-88,9,0,32,65416,43376,409699,0,68,10,0,0,14:33:5C:6D:AF:58,0,0,ARMED,70.0,0,1,80:02:9C:61:97:4B,11,4,415.0,80:02:9C:61:97:4A,6,0,NONE,2026-08-19T16:23:53.334934
45917,BEACON,-78,19,0,1095,65416,43376,409945,0,68,10,0,0,14:33:5C:6D:AF:58,0,0,ARMED,70.0,0,1,80:02:9C:61:97:4B,11,11,213.4,80:02:9C:61:97:4A,6,0,NONE,2026-08-19T16:23:53.580934
45917,,22,22,0,1049,65416,43376,410211,0,68,10,0,0,14:33:5C:6D:AF:58,0,0,ARMED,70.0,0,0,80:02:9C:61:97:4B,11,1,266.2,80:02:9C:61:97:4A,6,0,NONE,2026-08-19T16:23:53.846934
45917,BEACON,-80,17,0,1100,65416,43376,410457,0,68,10,0,0,14:33:5C:6D:AF:58,0,0,ARMED,70.0,0,1,80:02:9C:61:97:4B,11,10,259.7,80:02:9C:61:97:4A,6,0,NONE,2026-08-19T16:23:54.092934
45917,BEACON,-69,28,0,3084,65416,43376,410736,0,68,10,0,0,14:33:5C:6D:AF:58,0,0,ARMED,70.0,0,0,80:02:9C:61:97:4B,11,3,297.2,80:02:9C:61:97:4A,6,0,NONE,2026-08-19T16:23:54.371934
45917,,47,47,0,1104,65416,43376,410875,0,68,10,0,0,14:33:5C:6D:AF:58,0,1,ARMED,70.0,0,0,80:02:9C:61:97:4B,11,12,259.8,80:02:9C:61:97:4A,6,0,NONE,2026-08-19T16:23:54.510934
45917,BEACON,-96,1,0,1391,65416,43376,410991,0,68,10,0,0,14:33:5C:6D:AF:58,0,1,ARMED,70.0,0,1,80:02:9C:61:97:4B,11,33,536.8,80:02:9C:61:97:4A,6,0,NONE,2026-08-19T16:23:54.626934
45917,,40,40,0,391,65416,43376,411107,0,68,10,0,0,14:33:5C:6D:AF:58,0,1,ARMED,70.0,0,1,80:02:9C:61:97:4B,11,34,448.5,80:02:9C:61:97:4A,6,0,NONE,2026-08-19T16:23:54.742934
45917,MGMT_OTHER,-85,12,1961,71,65416,43376,411211,0,68,10,0,0,14:33:5C:6D:AF:58,1,1,ARMED,70.0,0,1,80:02:9C:61:97:4B,11,39,493.0,80:02:9C:61:97:4A,6,0,NONE,2026-08-19T16:23:54.846934
45917,,18,18,0,952,65416,43376,411369,0,68,10,0,0,14:33:5C:6D:AF:58,0,1,ARMED,70.0,0,0,80:02:9C:61:97:4B,11,12,377.6,80:02:9C:61:97:4A,6,0,NONE,2026-08-19T16:23:55.004934
45917,,13,13,0,1023,65416,43376,411619,0,68,10,0,0,14:33:5C:6D:AF:58,0,0,ARMED,70.0,0,0,80:02:9C:61:97:4B,11,19,238.6,80:02:9C:61:97:4A,6,0,NONE,2026-08-19T16:23:55.254934
45917,,-68,29,292,3244,65416,43376,411699,0,68,10,0,0,14:33:5C:6D:AF:58,0,0,ARMED,70.0,0,0,80:02:9C:61:97:4B,11,44,847.9,80:02:9C:61:97:4A,6,0,NONE,2026-08-19T16:23:55.334934
45917,BEACON,-80,17,0,3076,65416,43376,411854,0,68,10,0,0,14:33:5C:6D:AF:58,1,1,ARMED,70.0,0,1,80:02:9C:61:97:4B,11,28,273.4,80:02:9C:61:97:4A,6,0,NONE,2026-08-19T16:23:55.489934
45917,BEACON,-94,3,0,958,65416,43376,411974,0,68,10,0,0,14:33:5C:6D:AF:58,1,1,ARMED,70.0,0,1,80:02:9C:61:97:4B,11,8,410.9,80:02:9C:61:97:4A,6,0,NONE,2026-08-19T16:23:55.609934
45917,,-46,51,157,517,65416,43376,412162,0,68,10,0,0,14:33:5C:6D:AF:58,0,0,ARMED,70.0,0,0,80:02:9C:61:97:4B,11,8,2796.2,80:02:9C:61:97:4A,6,0,NONE,2026-08-19T16:23:55.797934
45917,BEACON,-80,17,0,3081,65416,43376,412364,0,68,10,0,0,14:33:5C:6D:AF:58,0,0,ARMED,70.0,0,1,80:02:9C:61:97:4B,11,14,136.7,80:02:9C:61:97:4A,6,0,NONE,2026-08-19T16:23:55.999934
45917,BEACON,-85,12,0,1121,65416,43376,412608,0,68,10,0,0,14:33:5C:6D:AF:58,0,0,ARMED,70.0,0,1,80:02:9C:61:97:4B,11,9,233.5,80:02:9C:61:97:4A,6,0,NONE,2026-08-19T16:23:56.243934
45917,,39,39,0,966,65400,43376,412807,0,68,10,0,0,14:33:5C:6D:AF:58,0,0,ARMED,70.0,0,0,80:02:9C:61:97:4B,11,8,241.5,80:02:9C:61:97:4A,6,0,NONE,2026-08-19T16:23:56.442934
45917,,40,40,0,3107,65416,43376,412989,0,68,10,0,0,14:33:5C:6D:AF:58,0,0,ARMED,70.0,0,0,80:02:9C:61:97:4B,11,7,658.5,80:02:9C:61:97:4A,6,0,NONE,2026-08-19T16:23:56.624934
45917,,25,25,0,1567,65416,43376,413269,0,68,10,0,0,14:33:5C:6D:AF:58,0,0,ARMED,70.0,0,0,80:02:9C:61:97:4B,11,15,175.8,80:02:9C:61:97:4A,6,0,NONE,2026-08-19T16:23:56.904934
45917,,25,25,0,1023,65416,43376,413511,0,68,10,0,0,14:33:5C:6D:AF:58,0,0,ARMED,70.0,0,1,80:02:9C:61:97:4B,11,6,303.7,80:02:9C:61:97:4A,6,0,NONE,2026-08-19T16:23:57.146934
45917,BEACON,-81,16,0,1084,65416,43376,413785,0,68,10,0,0,14:33:5C:6D:AF:58,0,0,ARMED,70.0,0,0,80:02:9C:61:97:4B,11,18,202.3,80:02:9C:61:97:4A,6,0,NONE,2026-08-19T16:23:57.420934
45917,,25,25,0,821,65416,43376,413975,0,68,10,0,0,14:33:5C:6D:AF:58,1,1,ARMED,70.0,0,0,80:02:9C:61:97:4B,11,14,188.4,80:02:9C:61:97:4A,6,0,NONE,2026-08-19T16:23:57.610934
45917,BEACON,-80,17,52,3099,65416,43376,414208,0,68,10,0,0,14:33:5C:6D:AF:58,0,0,ARMED,70.0,0,1,80:02:9C:61:97:4B,11,20,195.3,80:02:9C:61:97:4A,6,0,NONE,2026-08-19T16:23:57.843934
45917,,24,24,0,981,65416,43376,414331,0,68,10,0,0,14:33:5C:6D:AF:58,0,1,ARMED,70.0,0,0,80:02:9C:61:97:4B,11,7,332.5,80:02:9C:61:97:4A,6,0,NONE,2026-08-19T16:23:57.966934
45917,BEACON,-96,1,12414,1580,65416,43376,414575,0,68,10,0,0,14:33:5C:6D:AF:58,0,0,ARMED,70.0,0,1,80:02:9C:61:97:4B,11,15,249.3,80:02:9C:61:97:4A,6,0,NONE,2026-08-19T16:23:58.210934
45917,,23,23,0,825,65416,43376,414803,0,68,10,0,0,14:33:5C:6D:AF:58,1,0,ARMED,70.0,0,0,80:02:9C:61:97:4B,11,20,232.9,80:02:9C:61:97:4A,6,0,NONE,2026-08-19T16:23:58.438934
45917,BEACON,-79,18,0,1144,65416,43376,414963,0,68,10,0,0,14:33:5C:6D:AF:58,0,1,ARMED,70.0,0,1,80:02:9C:61:97:4B,11,21,545.1,80:02:9C:61:97:4A,6,0,NONE,2026-08-19T16:23:58.598934
45917,,-69,28,292,3292,65416,43376,415099,0,68,10,0,0,14:33:5C:6D:AF:58,0,1,ARMED,70.0,0,0,80:02:9C:61:97:4B,11,37,510.6,80:02:9C:61:97:4A,6,0,NONE,2026-08-19T16:23:58.734934
45917,,39,39,0,1023,65416,43376,415187,0,68,10,0,0,14:33:5C:6D:AF:58,1,1,ARMED,70.0,0,0,80:02:9C:61:97:4B,11,22,378.1,80:02:9C:61:97:4A,6,0,NONE,2026-08-19T16:23:58.822934
45917,,39,39,0,3111,65416,43376,415437,0,68,10,0,0,14:33:5C:6D:AF:58,0,0,ARMED,70.0,0,0,80:02:9C:61:97:4B,11,23,230.1,80:02:9C:61:97:4A,6,0,NONE,2026-08-19T16:23:59.072934
45917,,-93,4,0,830,65416,43376,415629,0,68,10,0,0,14:33:5C:6D:AF:58,0,1,ARMED,70.0,0,1,80:02:9C:61:97:4B,11,13,183.6,80:02:9C:61:97:4A,6,0,NONE,2026-08-19T16:23:59.264934
45917,,40,40,0,3137,65416,43376,415857,0,68,10,0,0,14:33:5C:6D:AF:58,0,0,ARMED,70.0,0,0,80:02:9C:61:97:4B,11,19,202.2,80:02:9C:61:97:4A,6,0,NONE,2026-08-19T16:23:59.492934
45917,MGMT_OTHER,-87,10,1522,2261,65416,43376,415958,0,68,10,0,0,14:33:5C:6D:AF:58,0,0,ARMED,70.0,0,1,80:02:9C:61:97:4B,11,49,644.9,80:02:9C:61:97:4A,6,0,NONE,2026-08-19T16:23:59.593934
45917,BEACON,-79,18,6238,3118,65416,43376,416153,0,68,10,0,0,14:33:5C:6D:AF:58,0,0,ARMED,70.0,0,1,80:02:9C:61:97:4B,11,13,196.7,80:02:9C:61:97:4A,6,0,NONE,2026-08-19T16:23:59.788934
45917,MGMT_OTHER,-86,11,190,989,65416,43376,416276,0,68,10,0,0,14:33:5C:6D:AF:58,0,0,ARMED,70.0,0,1,80:02:9C:61:97:4B,11,38,452.5,80:02:9C:61:97:4A,6,0,NONE,2026-08-19T16:23:59.911934
45917,,40,40,0,1159,65416,43376,416507,0,68,10,0,0,14:33:5C:6D:AF:58,0,0,ARMED,70.0,0,0,80:02:9C:61:97:4B,11,3,368.7,80:02:9C:61:97:4A,6,0,NONE,2026-08-19T16:24:00.142934
45917,,40,40,0,909,65416,43376,416628,0,68,10,0,0,14:33:5C:6D:AF:58,1,1,ARMED,70.0,0,0,80:02:9C:61:97:4B,11,14,518.5,80:02:9C:61:97:4A,6,0,NONE,2026-08-19T16:24:00.263934
45917,,-93,4,18747,487,65416,43376,416810,0,68,10,0,0,14:33:5C:6D:AF:58,0,0,ARMED,70.0,0,1,80:02:9C:61:97:4B,11,1,228.6,80:02:9C:61:97:4A,6,0,NONE,2026-08-19T16:24:00.445934
45917,,24,24,0,3672,65416,43376,416995,0,68,10,0,0,14:33:5C:6D:AF:58,1,1,ARMED,70.0,0,0,80:02:9C:61:97:4B,11,30,347.1,80:02:9C:61:97:4A,6,0,NONE,2026-08-19T16:24:00.630934
45917,BEACON,-94,3,0,1008,65416,43376,417095,0,68,10,0,0,14:33:5C:6D:AF:58,1,1,ARMED,70.0,0,1,80:02:9C:61:97:4B,11,46,547.9,80:02:9C:61:97:4A,6,0,NONE,2026-08-19T16:24:00.730934
45917,,40,40,0,3089,65416,43376,417207,0,68,10,0,0,14:33:5C:6D:AF:58,0,1,ARMED,70.0,0,0,80:02:9C:61:97:4B,11,49,509.9,80:02:9C:61:97:4A,6,0,NONE,2026-08-19T16:24:00.842934
45917,MGMT_OTHER,-86,11,4038,541,65416,43376,417269,0,68,10,0,0,14:33:5C:6D:AF:58,1,1,ARMED,70.0,0,1,80:02:9C:61:97:4B,11,45,781.9,80:02:9C:61:97:4A,6,0,NONE,2026-08-19T16:24:00.904934
45917,MGMT_OTHER,-86,11,0,3902,65416,43376,417360,0,68,10,0,0,14:33:5C:6D:AF:58,1,1,ARMED,70.0,0,1,80:02:9C:61:97:4B,11,21,429.5,80:02:9C:61:97:4A,6,0,NONE,2026-08-19T16:24:00.995934
45917,MGMT_OTHER,-85,12,0,32,65416,43376,417493,0,68,10,0,0,14:33:5C:6D:AF:58,1,1,ARMED,70.0,0,1,80:02:9C:61:97:4B,11,34,490.3,80:02:9C:61:97:4A,6,0,NONE,2026-08-19T16:24:01.128934
45917,,40,40,0,1172,65416,43376,417627,0,68,10,0,0,14:33:5C:6D:AF:58,0,1,ARMED,70.0,0,0,80:02:9C:61:97:4B,11,1,834.7,80:02:9C:61:97:4A,6,0,NONE,2026-08-19T16:24:01.262934
45917,,23,23,0,839,65416,43376,417786,0,68,10,0,0,14:33:5C:6D:AF:58,0,1,ARMED,70.0,0,0,80:02:9C:61:97:4B,11,22,538.3,80:02:9C:61:97:4A,6,0,NONE,2026-08-19T16:24:01.421934
45917,MGMT_OTHER,-83,14,0,2179,65416,43376,417918,0,68,10,0,0,14:33:5C:6D:AF:58,0,1,ARMED,70.0,0,1,80:02:9C:61:97:4B,11,28,428.2,80:02:9C:61:97:4A,6,0,NONE,2026-08-19T16:24:01.553934
45917,MGMT_OTHER,-84,13,2147,3687,65416,43376,418004,0,68,10,0,0,14:33:5C:6D:AF:58,0,1,ARMED,70.0,0,1,80:02:9C:61:97:4B,11,29,574.9,80:02:9C:61:97:4A,6,0,NONE,2026-08-19T16:24:01.639934
45917,,-54,43,157,540,65416,43376,418109,0,68,10,0,0,14:33:5C:6D:AF:58,1,1,ARMED,70.0,0,0,80:02:9C:61:97:4B,11,25,451.6,80:02:9C:61:97:4A,6,0,NONE,2026-08-19T16:24:01.744934
45917,MGMT_OTHER,-84,13,2023,990,65416,43376,418181,0,68,10,0,0,14:33:5C:6D:AF:58,1,1,ARMED,70.0,0,1,80:02:9C:61:97:4B,11,11,413.8,80:02:9C:61:97:4A,6,0,NONE,2026-08-19T16:24:01.816934
45917,,23,23,0,1020,65416,43376,418340,0,68,10,0,0,14:33:5C:6D:AF:58,0,1,ARMED,70.0,0,0,80:02:9C:61:97:4B,11,18,212.1,80:02:9C:61:97:4A,6,0,NONE,2026-08-19T16:24:01.975934
45917,,41,41,0,1181,65416,43376,418577,0,68,10,0,0,14:33:5C:6D:AF:58,0,0,ARMED,70.0,0,1,80:02:9C:61:97:4B,11,3,298.1,80:02:9C:61:97:4A,6,0,NONE,2026-08-19T16:24:02.212934
45917,BEACON,-92,5,0,1024,65416,43376,418733,0,68,10,0,0,14:33:5C:6D:AF:58,1,1,ARMED,70.0,0,1,80:02:9C:61:97:4B,11,16,287.0,80:02:9C:61:97:4A,6,0,NONE,2026-08-19T16:24:02.368934
45917,,22,22,0,399,65416,43376,418877,0,68,10,0,0,14:33:5C:6D:AF:58,0,1,ARMED,70.0,0,0,80:02:9C:61:97:4B,11,37,369.8,80:02:9C:61:97:4A,6,0,NONE,2026-08-19T16:24:02.512934
45917,BEACON,-84,13,0,1136,65416,43376,419111,0,68,10,0,0,14:33:5C:6D:AF:58,0,1,ARMED,70.0,0,1,80:02:9C:61:97:4B,11,3,127.1,80:02:9C:61:97:4A,6,0,NONE,2026-08-19T16:24:02.746934
45917,,-63,34,292,3361,65416,43376,419300,0,68,10,0,0,14:33:5C:6D:AF:58,0,0,ARMED,70.0,0,0,80:02:9C:61:97:4B,11,7,3306.6,80:02:9C:61:97:4A,6,0,NONE,2026-08-19T16:24:02.935934
45917,,39,39,0,1031,65416,43376,419457,0,68,10,0,0,14:33:5C:6D:AF:58,0,1,ARMED,70.0,0,0,80:02:9C:61:97:4B,11,10,183.7,80:02:9C:61:97:4A,6,0,NONE,2026-08-19T16:24:03.092934
45917,,40,40,0,868,65416,43376,419707,0,68,10,0,0,14:33:5C:6D:AF:58,0,0,ARMED,70.0,0,0,80:02:9C:61:97:4B,11,17,188.4,80:02:9C:61:97:4A,6,0,NONE,2026-08-19T16:24:03.342934
45917,MGMT_OTHER,-92,5,0,437,65416,43376,419912,0,68,10,0,0,14:33:5C:6D:AF:58,1,1,ARMED,70.0,0,1,80:02:9C:61:97:4B,11,21,245.9,80:02:9C:61:97:4A,6,0,NONE,2026-08-19T16:24:03.547934
45917,,40,40,0,1196,65416,43376,420088,0,68,10,0,0,14:33:5C:6D:AF:58,0,0,ARMED,70.0,0,0,80:02:9C:61:97:4B,11,15,266.7,80:02:9C:61:97:4A,6,0,NONE,2026-08-19T16:24:03.723934
45917,,40,40,0,1315,65416,43376,420317,0,68,10,0,0,14:33:5C:6D:AF:58,0,0,ARMED,70.0,0,0,80:02:9C:61:97:4B,11,22,272.1,80:02:9C:61:97:4A,6,0,NONE,2026-08-19T16:24:03.952934
45917,,-89,8,0,1209,65416,43376,420508,0,68,10,0,0,14:33:5C:6D:AF:58,1,1,ARMED,70.0,0,0,80:02:9C:61:97:4B,11,15,225.3,80:02:9C:61:97:4A,6,0,NONE,2026-08-19T16:24:04.143934
45917,,-30,67,0,1260,65416,43376,420654,0,68,10,0,0,14:33:5C:6D:AF:58,0,1,ARMED,70.0,0,1,80:02:9C:61:97:4B,11,8,920.1,80:02:9C:61:97:4A,6,0,NONE,2026-08-19T16:24:04.289934
45917,,40,40,0,3191,65416,43376,420897,0,68,10,0,0,14:33:5C:6D:AF:58,1,0,ARMED,70.0,0,0,80:02:9C:61:97:4B,11,10,215.1,80:02:9C:61:97:4A,6,0,NONE,2026-08-19T16:24:04.532934
45917,DEAUTH,-93,4,1553,1952,65416,43376,421149,0,68,10,0,0,14:33:5C:6D:AF:58,0,0,ARMED,70.0,0,1,80:02:9C:61:97:4B,11,25,267.2,80:02:9C:61:97:4A,6,0,NONE,2026-08-19T16:24:04.784934
45917,,40,40,0,3443,65416,43376,421277,0,68,10,0,0,14:33:5C:6D:AF:58,1,1,ARMED,70.0,0,0,80:02:9C:61:97:4B,11,12,715.8,80:02:9C:61:97:4A,6,0,NONE,2026-08-19T16:24:04.912934
45917,,40,40,0,1210,65416,43376,421517,0,68,10,0,0,14:33:5C:6D:AF:58,0,0,ARMED,70.0,0,0,80:02:9C:61:97:4B,11,12,230.9,80:02:9C:61:97:4A,6,0,NONE,2026-08-19T16:24:05.152934
45917,,-56,41,0,3019,65416,43376,421670,0,68,10,0,0,14:33:5C:6D:AF:58,1,1,ARMED,70.0,0,0,80:02:9C:61:97:4B,11,39,389.8,80:02:9C:61:97:4A,6,0,NONE,2026-08-19T16:24:05.305934
45917,,40,40,0,1213,65416,43376,421837,0,68,10,0,0,14:33:5C:6D:AF:58,1,1,ARMED,70.0,0,0,80:02:9C:61:97:4B,11,20,307.9,80:02:9C:61:97:4A,6,0,NONE,2026-08-19T16:24:05.472934
45917,,40,40,0,2945,65416,43376,422027,0,68,10,0,0,14:33:5C:6D:AF:58,1,0,ARMED,70.0,0,0,80:02:9C:61:97:4B,11,12,239.6,80:02:9C:61:97:4A,6,0,NONE,2026-08-19T16:24:05.662934
45917,,-56,41,434,3030,65416,43376,422127,0,68,10,0,0,14:33:5C:6D:AF:58,0,0,ARMED,70.0,0,1,80:02:9C:61:97:4B,11,43,910.8,80:02:9C:61:97:4A,6,0,NONE,2026-08-19T16:24:05.762934
45917,BEACON,-80,17,53,3178,65416,43376,422297,0,68,10,0,0,14:33:5C:6D:AF:58,0,0,ARMED,70.0,0,1,80:02:9C:61:97:4B,11,20,1683.6,80:02:9C:61:97:4A,6,0,NONE,2026-08-19T16:24:05.932934
45917,BEACON,-82,15,0,1169,65400,43376,422489,0,68,10,0,0,14:33:5C:6D:AF:58,0,0,ARMED,70.0,0,1,80:02:9C:61:97:4B,11,21,205.0,80:02:9C:61:97:4A,6,0,NONE,2026-08-19T16:24:06.124934
45917,,40,40,0,1063,65416,43376,422737,0,68,10,0,0,14:33:5C:6D:AF:58,0,0,ARMED,70.0,0,0,80:02:9C:61:97:4B,11,10,231.9,80:02:9C:61:97:4A,6,0,NONE,2026-08-19T16:24:06.372934
45917,,-64,33,166,557,65416,43376,422926,0,68,10,0,0,14:33:5C:6D:AF:58,0,0,ARMED,70.0,0,0,80:02:9C:61:97:4B,11,16,583.3,80:02:9C:61:97:4A,6,0,NONE,2026-08-19T16:24:06.561934
45917,,40,40,0,1023,65400,43376,423137,0,68,10,0,0,14:33:5C:6D:AF:58,0,0,ARMED,70.0,0,1,80:02:9C:61:97:4B,11,11,326.8,80:02:9C:61:97:4A,6,0,NONE,2026-08-19T16:24:06.772934
45917,,40,40,0,426,65416,43376,423387,0,68,10,0,0,14:33:5C:6D:AF:58,0,0,ARMED,70.0,0,0,80:02:9C:61:97:4B,11,12,152.3,80:02:9C:61:97:4A,6,0,NONE,2026-08-19T16:24:07.022934
45917,,41,41,0,3220,65416,43376,423639,0,68,10,0,0,14:33:5C:6D:AF:58,0,0,ARMED,70.0,0,0,80:02:9C:61:97:4B,11,5,211.3,80:02:9C:61:97:4A,6,0,NONE,2026-08-19T16:24:07.274934
45917,BEACON,-82,15,3643,1182,65416,43376,423822,0,68,10,0,0,14:33:5C:6D:AF:58,1,1,ARMED,70.0,0,1,80:02:9C:61:97:4B,11,37,361.4,80:02:9C:61:97:4A,6,0,NONE,2026-08-19T16:24:07.457934
45917,PROBE_RESP,-81,16,0,1682,65416,43376,424016,0,68,10,0,0,14:33:5C:6D:AF:58,1,1,ARMED,70.0,0,0,80:02:9C:61:97:4B,11,21,224.2,80:02:9C:61:97:4A,6,0,NONE,2026-08-19T16:24:07.651934
45917,MGMT_OTHER,-84,13,0,2603,65416,43376,424179,0,68,10,0,0,14:33:5C:6D:AF:58,0,1,ARMED,70.0,0,1,80:02:9C:61:97:4B,11,18,462.3,80:02:9C:61:97:4A,6,0,NONE,2026-08-19T16:24:07.814934
45917,BEACON,-77,20,0,1237,65416,43376,424281,0,68,10,0,0,14:33:5C:6D:AF:58,1,1,ARMED,70.0,0,1,80:02:9C:61:97:4B,11,20,518.9,80:02:9C:61:97:4A,6,0,NONE,2026-08-19T16:24:07.916934
45917,,-88,9,813,1589,65400,43376,424350,0,68,10,0,0,14:33:5C:6D:AF:58,1,1,ARMED,70.0,0,1,80:02:9C:61:97:4B,11,8,1641.7,80:02:9C:61:97:4A,6,0,NONE,2026-08-19T16:24:07.985934
45917,,40,40,0,201,65416,43376,424407,0,68,10,0,0,14:33:5C:6D:AF:58,1,1,ARMED,70.0,0,0,80:02:9C:61:97:4B,11,58,936.2,80:02:9C:61:97:4A,6,0,NONE,2026-08-19T16:24:08.042934
45917,PROBE_REQ,-90,7,2441,1346,65416,43376,424486,0,68,10,0,0,14:33:5C:6D:AF:58,1,1,ARMED,70.0,0,1,80:02:9C:61:97:4B,11,30,741.4,80:02:9C:61:97:4A,6,0,NONE,2026-08-19T16:24:08.121934
45917,,-63,34,417,3440,65416,43376,424533,0,68,10,0,0,14:33:5C:6D:AF:58,1,1,ARMED,70.0,0,1,80:02:9C:61:97:4B,11,80,914.9,80:02:9C:61:97:4A,6,0,NONE,2026-08-19T16:24:08.168934
45917,,-30,67,0,1264,65416,43376,424649,0,68,10,0,0,14:33:5C:6D:AF:58,1,1,ARMED,70.0,0,0,80:02:9C:61:97:4B,11,49,490.5,80:02:9C:61:97:4A,6,0,NONE,2026-08-19T16:24:08.284934
45917,,-62,35,0,561,65344,43376,424871,0,68,10,0,0,14:33:5C:6D:AF:58,0,0,ARMED,70.0,0,1,80:02:9C:61:97:4B,11,4,284.0,80:02:9C:61:97:4A,6,0,NONE,2026-08-19T16:24:08.506934
45917,BEACON,-93,4,0,2975,65416,43376,425077,0,68,10,0,0,14:33:5C:6D:AF:58,0,0,ARMED,70.0,0,1,80:02:9C:61:97:4B,11,3,193.7,80:02:9C:61:97:4A,6,0,NONE,2026-08-19T16:24:08.712934
45917,,27,27,0,1247,65416,43376,425339,0,68,10,0,0,14:33:5C:6D:AF:58,0,0,ARMED,70.0,0,0,80:02:9C:61:97:4B,11,16,220.4,80:02:9C:61:97:4A,6,0,NONE,2026-08-19T16:24:08.974934
45917,,26,26,0,1090,65416,43376,425491,0,68,10,0,0,14:33:5C:6D:AF:58,0,1,ARMED,70.0,0,0,80:02:9C:61:97:4B,11,11,549.1,80:02:9C:61:97:4A,6,0,NONE,2026-08-19T16:24:09.126934
45917,,-55,42,554,3052,65416,43376,425629,0,68,10,0,0,14:33:5C:6D:AF:58,1,1,ARMED,70.0,0,0,80:02:9C:61:97:4B,11,27,487.5,80:02:9C:61:97:4A,6,0,NONE,2026-08-19T16:24:09.264934
45917,,-54,43,166,565,65416,43376,425694,0,68,10,0,0,14:33:5C:6D:AF:58,1,1,ARMED,70.0,0,0,80:02:9C:61:97:4B,11,23,1327.3,80:02:9C:61:97:4A,6,0,NONE,2026-08-19T16:24:09.329934
45917,,27,27,0,535,65416,43376,425807,0,68,10,0,0,14:33:5C:6D:AF:58,0,1,ARMED,70.0,0,1,80:02:9C:61:97:4B,11,10,351.4,80:02:9C:61:97:4A,6,0,NONE,2026-08-19T16:24:09.442934
45917,,40,40,0,3213,65416,43376,425887,0,68,10,0,0,14:33:5C:6D:AF:58,0,1,ARMED,70.0,0,0,80:02:9C:61:97:4B,11,2,340.1,80:02:9C:61:97:4A,6,0,NONE,2026-08-19T16:24:09.522934
45917,MGMT_OTHER,-83,14,2048,243,65416,43376,426080,0,68,10,0,0,14:33:5C:6D:AF:58,0,0,ARMED,70.0,0,0,80:02:9C:61:97:4B,11,31,321.0,80:02:9C:61:97:4A,6,0,NONE,2026-08-19T16:24:09.715934
45917,MGMT_OTHER,-82,15,48,448,65416,43376,426143,0,68,10,0,0,14:33:5C:6D:AF:58,1,1,ARMED,70.0,0,1,80:02:9C:61:97:4B,11,49,1037.8,80:02:9C:61:97:4A,6,0,NONE,2026-08-19T16:24:09.778934
45917,BEACON,-94,3,0,1097,65416,43376,426211,0,68,10,0,0,14:33:5C:6D:AF:58,1,1,ARMED,70.0,0,1,80:02:9C:61:97:4B,11,8,585.0,80:02:9C:61:97:4A,6,0,NONE,2026-08-19T16:24:09.846934
45917,BEACON,-85,12,0,1207,65416,43376,426380,0,68,10,0,0,14:33:5C:6D:AF:58,1,1,ARMED,70.0,0,1,80:02:9C:61:97:4B,11,14,171.3,80:02:9C:61:97:4A,6,0,NONE,2026-08-19T16:24:10.015934
45917,,-30,67,13736,1266,65416,43376,426622,0,68,10,0,0,14:33:5C:6D:AF:58,0,0,ARMED,70.0,0,1,80:02:9C:61:97:4B,11,4,275.9,80:02:9C:61:97:4A,6,0,NONE,2026-08-19T16:24:10.257934
45917,BEACON,-95,2,0,2992,65416,43376,426818,0,68,10,0,0,14:33:5C:6D:AF:58,0,1,ARMED,70.0,0,1,80:02:9C:61:97:4B,11,1,190.1,80:02:9C:61:97:4A,6,0,NONE,2026-08-19T16:24:10.453934
45917,,25,25,0,1104,65416,43376,426929,0,68,10,0,0,14:33:5C:6D:AF:58,0,1,ARMED,70.0,0,0,80:02:9C:61:97:4B,11,4,284.3,80:02:9C:61:97:4A,6,0,NONE,2026-08-19T16:24:10.564934
45917,AUTH,-90,7,0,2506,65416,43376,427101,0,68,10,0,0,14:33:5C:6D:AF:58,0,0,ARMED,70.0,0,1,80:02:9C:61:97:4B,11,29,346.1,80:02:9C:61:97:4A,6,0,NONE,2026-08-19T16:24:10.736934
45917,,-88,9,0,929,65416,43376,427291,0,68,10,0,0,14:33:5C:6D:AF:58,0,0,ARMED,70.0,0,1,80:02:9C:61:97:4B,11,18,264.1,80:02:9C:61:97:4A,6,0,NONE,2026-08-19T16:24:10.926934
45917,,24,24,0,1268,65416,43376,427457,0,68,10,0,0,14:33:5C:6D:AF:58,1,1,ARMED,70.0,0,0,80:02:9C:61:97:4B,11,14,468.9,80:02:9C:61:97:4A,6,0,NONE,2026-08-19T16:24:11.092934
45917,BEACON,-64,33,0,3261,65416,43376,427632,0,68,10,0,0,14:33:5C:6D:AF:58,0,0,ARMED,70.0,0,0,80:02:9C:61:97:4B,11,18,176.6,80:02:9C:61:97:4A,6,0,NONE,2026-08-19T16:24:11.267934
45917,,24,24,0,1023,65416,43376,427789,0,68,10,0,0,14:33:5C:6D:AF:58,0,0,ARMED,70.0,0,1,80:02:9C:61:97:4B,11,32,581.1,80:02:9C:61:97:4A,6,0,NONE,2026-08-19T16:24:11.424934
45917,,25,25,0,1223,65416,43376,428020,0,68,10,0,0,14:33:5C:6D:AF:58,0,0,ARMED,70.0,0,0,80:02:9C:61:97:4B,11,16,191.9,80:02:9C:61:97:4A,6,0,NONE,2026-08-19T16:24:11.655934
45917,BEACON,-91,6,0,1277,65416,43376,428275,0,68,10,0,0,14:33:5C:6D:AF:58,0,0,ARMED,70.0,0,1,80:02:9C:61:97:4B,11,5,176.3,80:02:9C:61:97:4A,6,0,NONE,2026-08-19T16:24:11.910934
45917,BEACON,-93,4,82,3009,65416,43376,428559,0,68,10,0,0,14:33:5C:6D:AF:58,0,0,ARMED,70.0,0,1,80:02:9C:61:97:4B,11,2,380.9,80:02:9C:61:97:4A,6,0,NONE,2026-08-19T16:24:12.194934
45917,,24,24,0,1011,65416,43376,428792,0,68,10,0,0,14:33:5C:6D:AF:58,0,0,ARMED,70.0,0,0,80:02:9C:61:97:4B,11,9,270.8,80:02:9C:61:97:4A,6,0,NONE,2026-08-19T16:24:12.427934
45917,,40,40,0,408,65416,43376,428987,0,68,10,0,0,14:33:5C:6D:AF:58,0,1,ARMED,70.0,0,0,80:02:9C:61:97:4B,11,6,252.2,80:02:9C:61:97:4A,6,0,NONE,2026-08-19T16:24:12.622934
45917,,40,40,0,1287,65416,43376,429130,0,68,10,0,0,14:33:5C:6D:AF:58,1,1,ARMED,70.0,0,0,80:02:9C:61:97:4B,11,15,231.5,80:02:9C:61:97:4A,6,0,NONE,2026-08-19T16:24:12.765934
45917,,-63,34,292,3560,65416,43376,429232,0,68,10,0,0,14:33:5C:6D:AF:58,1,1,ARMED,70.0,0,0,80:02:9C:61:97:4B,11,19,291.3,80:02:9C:61:97:4A,6,0,NONE,2026-08-19T16:24:12.867934
45917,BEACON,-83,14,0,1237,65416,43376,429452,0,68,10,0,0,14:33:5C:6D:AF:58,0,0,ARMED,70.0,0,0,80:02:9C:61:97:4B,11,16,201.4,80:02:9C:61:97:4A,6,0,NONE,2026-08-19T16:24:13.087934
45917,,-62,35,0,3285,65416,43376,429710,0,68,10,0,0,14:33:5C:6D:AF:58,0,0,ARMED,70.0,0,0,80:02:9C:61:97:4B,11,12,404.3,80:02:9C:61:97:4A,6,0,NONE,2026-08-19T16:24:13.345934
45917,,40,40,0,523,65416,43376,429847,0,68,10,0,0,14:33:5C:6D:AF:58,0,1,ARMED,70.0,0,0,80:02:9C:61:97:4B,11,15,232.4,80:02:9C:61:97:4A,6,0,NONE,2026-08-19T16:24:13.482934
45917,MGMT_OTHER,-89,8,48,2633,65416,43376,429926,0,68,10,0,0,14:33:5C:6D:AF:58,1,1,ARMED,70.0,0,1,80:02:9C:61:97:4B,11,40,969.6,80:02:9C:61:97:4A,6,0,NONE,2026-08-19T16:24:13.561934
45917,,40,40,0,2301,65416,43376,430017,0,68,10,0,0,14:33:5C:6D:AF:58,1,1,ARMED,70.0,0,1,80:02:9C:61:97:4B,11,24,808.5,80:02:9C:61:97:4A,6,0,NONE,2026-08-19T16:24:13.652934
45917,MGMT_OTHER,-91,6,555,11,65416,43376,430093,0,68,10,0,0,14:33:5C:6D:AF:58,1,1,ARMED,70.0,0,1,80:02:9C:61:97:4B,11,2,651.9,80:02:9C:61:97:4A,6,0,NONE,2026-08-19T16:24:13.728934
45917,,40,40,0,1484,65416,43376,430128,0,68,10,0,0,14:33:5C:6D:AF:58,1,1,ARMED,70.0,0,0,80:02:9C:61:97:4B,11,52,1349.8,80:02:9C:61:97:4A,6,0,NONE,2026-08-19T16:24:13.763934
45917,BEACON,-82,15,0,1245,65416,43376,430271,0,68,10,0,0,14:33:5C:6D:AF:58,1,1,ARMED,70.0,0,1,80:02:9C:61:97:4B,11,18,220.1,80:02:9C:61:97:4A,6,0,NONE,2026-08-19T16:24:13.906934
45917,,40,40,0,1247,65416,43376,430477,0,68,10,0,0,14:33:5C:6D:AF:58,1,1,ARMED,70.0,0,0,80:02:9C:61:97:4B,11,16,200.0,80:02:9C:61:97:4A,6,0,NONE,2026-08-19T16:24:14.112934
45917,BEACON,-78,19,0,1249,65416,43376,430681,0,68,10,0,0,14:33:5C:6D:AF:58,0,0,ARMED,70.0,0,1,80:02:9C:61:97:4B,11,23,289.6,80:02:9C:61:97:4A,6,0,NONE,2026-08-19T16:24:14.316934
45917,BEACON,-63,34,0,3301,65416,43376,430909,0,68,10,0,0,14:33:5C:6D:AF:58,0,0,ARMED,70.0,0,0,80:02:9C:61:97:4B,11,17,166.0,80:02:9C:61:97:4A,6,0,NONE,2026-08-19T16:24:14.544934
45917,MGMT_OTHER,-91,6,3983,2566,65416,43376,431093,0,68,10,0,0,14:33:5C:6D:AF:58,0,1,ARMED,70.0,0,1,80:02:9C:61:97:4B,11,13,159.6,80:02:9C:61:97:4A,6,0,NONE,2026-08-19T16:24:14.728934
45917,,41,41,0,1309,65416,43376,431377,0,68,10,0,0,14:33:5C:6D:AF:58,0,0,ARMED,70.0,0,0,80:02:9C:61:97:4B,11,11,188.1,80:02:9C:61:97:4A,6,0,NONE,2026-08-19T16:24:15.012934
45917,BEACON,-93,4,0,1150,65416,43376,431635,0,68,10,0,0,14:33:5C:6D:AF:58,0,0,ARMED,70.0,0,1,80:02:9C:61:97:4B,11,3,316.7,80:02:9C:61:97:4A,6,0,NONE,2026-08-19T16:24:15.270934
45917,,66,66,0,1314,65416,43376,431887,0,68,10,0,0,14:33:5C:6D:AF:58,1,0,ARMED,70.0,0,0,80:02:9C:61:97:4B,11,9,161.8,80:02:9C:61:97:4A,6,0,NONE,2026-08-19T16:24:15.522934
45917,,40,40,0,3312,65416,43376,432077,0,68,10,0,0,14:33:5C:6D:AF:58,1,1,ARMED,70.0,0,0,80:02:9C:61:97:4B,11,3,72.1,80:02:9C:61:97:4A,6,0,NONE,2026-08-19T16:24:15.712934
45917,,40,40,0,1130,65416,43376,432338,0,68,10,0,0,14:33:5C:6D:AF:58,0,0,ARMED,70.0,0,0,80:02:9C:61:97:4B,11,19,192.8,80:02:9C:61:97:4A,6,0,NONE,2026-08-19T16:24:15.973934
45917,,-61,36,0,3601,65024,43376,432529,0,68,10,0,0,14:33:5C:6D:AF:58,0,0,ARMED,70.0,0,0,80:02:9C:61:97:4B,11,26,308.4,80:02:9C:61:97:4A,6,0,NONE,2026-08-19T16:24:16.164934
45917,BEACON,-96,1,0,3049,65416,43376,432655,0,68,10,0,0,14:33:5C:6D:AF:58,0,1,ARMED,70.0,0,1,80:02:9C:61:97:4B,11,49,488.4,80:02:9C:61:97:4A,6,0,NONE,2026-08-19T16:24:16.290934
45917,,19,19,0,1162,65416,43376,432907,0,68,10,0,0,14:33:5C:6D:AF:58,0,0,ARMED,70.0,0,0,80:02:9C:61:97:4B,11,8,184.6,80:02:9C:61:97:4A,6,0,NONE,2026-08-19T16:24:16.542934
45917,,41,41,0,1165,65416,43376,433187,0,68,10,0,0,14:33:5C:6D:AF:58,0,0,ARMED,70.0,0,0,80:02:9C:61:97:4B,11,4,253.5,80:02:9C:61:97:4A,6,0,NONE,2026-08-19T16:24:16.822934
45917,BEACON,-65,32,0,3327,65416,43376,433469,0,68,10,0,0,14:33:5C:6D:AF:58,0,0,ARMED,70.0,0,0,80:02:9C:61:97:4B,11,16,195.2,80:02:9C:61:97:4A,6,0,NONE,2026-08-19T16:24:17.104934
45917,BEACON,-80,17,0,3290,65416,43376,433766,0,68,10,0,0,14:33:5C:6D:AF:58,0,0,ARMED,70.0,0,1,80:02:9C:61:97:4B,11,9,140.7,80:02:9C:61:97:4A,6,0,NONE,2026-08-19T16:24:17.401934
45917,,40,40,0,1337,65416,43376,434017,0,68,10,0,0,14:33:5C:6D:AF:58,0,0,ARMED,70.0,0,0,80:02:9C:61:97:4B,11,2,252.3,80:02:9C:61:97:4A,6,0,NONE,2026-08-19T16:24:17.652934
45917,,21,21,0,1856,65416,43376,434359,0,68,10,0,0,14:33:5C:6D:AF:58,0,0,ARMED,70.0,0,0,80:02:9C:61:97:4B,11,3,153.4,80:02:9C:61:97:4A,6,0,NONE,2026-08-19T16:24:17.994934
45917,,22,22,0,1342,65416,43376,434542,0,68,10,0,0,14:33:5C:6D:AF:58,0,0,ARMED,70.0,0,0,80:02:9C:61:97:4B,11,18,175.6,80:02:9C:61:97:4A,6,0,NONE,2026-08-19T16:24:18.177934
45917,BEACON,-94,3,0,1181,65416,43376,434809,0,68,10,0,0,14:33:5C:6D:AF:58,0,0,ARMED,70.0,0,1,80:02:9C:61:97:4B,11,10,189.9,80:02:9C:61:97:4A,6,0,NONE,2026-08-19T16:24:18.444934
45917,,40,40,0,1347,65416,43376,435067,0,68,10,0,0,14:33:5C:6D:AF:58,0,0,ARMED,70.0,0,0,80:02:9C:61:97:4B,11,16,177.8,80:02:9C:61:97:4A,6,0,NONE,2026-08-19T16:24:18.702934
45917,,-56,41,1873,3138,65416,43376,435315,0,68,10,0,0,14:33:5C:6D:AF:58,0,0,ARMED,70.0,0,1,80:02:9C:61:97:4B,11,6,435.7,80:02:9C:61:97:4A,6,0,NONE,2026-08-19T16:24:18.950934
45917,,16,16,0,1188,65416,43376,435529,0,68,10,0,0,14:33:5C:6D:AF:58,0,0,ARMED,70.0,0,0,80:02:9C:61:97:4B,11,6,272.3,80:02:9C:61:97:4A,6,0,NONE,2026-08-19T16:24:19.164934
45917,,40,40,0,1354,65416,43376,435787,0,68,10,0,0,14:33:5C:6D:AF:58,0,0,ARMED,70.0,0,0,80:02:9C:61:97:4B,11,16,212.4,80:02:9C:61:97:4A,6,0,NONE,2026-08-19T16:24:19.422934
45917,,40,40,0,1355,65416,43376,435887,0,68,10,0,0,14:33:5C:6D:AF:58,1,1,ARMED,70.0,0,0,80:02:9C:61:97:4B,11,43,587.0,80:02:9C:61:97:4A,6,0,NONE,2026-08-19T16:24:19.522934
45917,,40,40,0,1023,65416,43376,435987,0,68,10,0,0,14:33:5C:6D:AF:58,1,1,ARMED,70.0,0,1,80:02:9C:61:97:4B,11,39,551.8,80:02:9C:61:97:4A,6,0,NONE,2026-08-19T16:24:19.622934
45917,MGMT_OTHER,-87,10,780,1276,65416,43376,436077,0,68,10,0,0,14:33:5C:6D:AF:58,0,1,ARMED,70.0,0,1,80:02:9C:61:97:4B,11,37,648.0,80:02:9C:61:97:4A,6,0,NONE,2026-08-19T16:24:19.712934
45917,MGMT_OTHER,-86,11,2049,2889,65416,43376,436151,0,68,10,0,0,14:33:5C:6D:AF:58,1,1,ARMED,70.0,0,1,80:02:9C:61:97:4B,11,13,443.9,80:02:9C:61:97:4A,6,0,NONE,2026-08-19T16:24:19.786934
45917,MGMT_OTHER,-87,10,48,3601,65416,43376,436252,0,68,10,0,0,14:33:5C:6D:AF:58,1,1,ARMED,70.0,0,1,80:02:9C:61:97:4B,11,14,496.5,80:02:9C:61:97:4A,6,0,NONE,2026-08-19T16:24:19.887934
45917,PROBE_REQ,-89,8,11346,401,65416,43376,436368,0,68,10,0,0,14:33:5C:6D:AF:58,1,1,ARMED,70.0,0,1,80:02:9C:61:97:4B,11,12,287.1,80:02:9C:61:97:4A,6,0,NONE,2026-08-19T16:24:20.003934
45917,,-62,35,564,3677,65416,43376,436505,0,68,10,0,0,14:33:5C:6D:AF:58,1,1,ARMED,70.0,0,0,80:02:9C:61:97:4B,11,26,339.2,80:02:9C:61:97:4A,6,0,NONE,2026-08-19T16:24:20.140934
45917,,40,40,0,1365,65416,43376,436707,0,68,10,0,0,14:33:5C:6D:AF:58,1,1,ARMED,70.0,0,0,80:02:9C:61:97:4B,11,13,176.2,80:02:9C:61:97:4A,6,0,NONE,2026-08-19T16:24:20.342934
45917,,40,40,0,1023,65416,43376,436887,0,68,10,0,0,14:33:5C:6D:AF:58,0,0,ARMED,70.0,0,0,80:02:9C:61:97:4B,11,20,406.4,80:02:9C:61:97:4A,6,0,NONE,2026-08-19T16:24:20.522934
45917,,20,20,0,1369,65416,43376,437089,0,68,10,0,0,14:33:5C:6D:AF:58,0,0,ARMED,70.0,0,0,80:02:9C:61:97:4B,11,11,237.5,80:02:9C:61:97:4A,6,0,NONE,2026-08-19T16:24:20.724934
45917,,20,20,0,1314,65416,43376,437341,0,68,10,0,0,14:33:5C:6D:AF:58,0,0,ARMED,70.0,0,0,80:02:9C:61:97:4B,11,18,191.3,80:02:9C:61:97:4A,6,0,NONE,2026-08-19T16:24:20.976934
45917,MGMT_OTHER,-92,5,0,844,65416,43376,437518,0,68,10,0,0,14:33:5C:6D:AF:58,0,0,ARMED,70.0,0,1,80:02:9C:61:97:4B,11,26,463.3,80:02:9C:61:97:4A,6,0,NONE,2026-08-19T16:24:21.153934
45917,,20,20,0,3329,65416,43376,437767,0,68,10,0,0,14:33:5C:6D:AF:58,0,0,ARMED,70.0,0,0,80:02:9C:61:97:4B,11,18,179.5,80:02:9C:61:97:4A,6,0,NONE,2026-08-19T16:24:21.402934
45917,BEACON,-80,17,0,3332,65416,43376,438067,0,68,10,0,0,14:33:5C:6D:AF:58,0,0,ARMED,70.0,0,1,80:02:9C:61:97:4B,11,13,141.0,80:02:9C:61:97:4A,6,0,NONE,2026-08-19T16:24:21.702934
45917,MGMT_OTHER,-87,10,2048,2703,65416,43376,438262,0,68,10,0,0,14:33:5C:6D:AF:58,0,0,ARMED,70.0,0,1,80:02:9C:61:97:4B,11,27,325.6,80:02:9C:61:97:4A,6,0,NONE,2026-08-19T16:24:21.897934
45917,MGMT_OTHER,-84,13,2049,3337,65416,43376,438354,0,68,10,0,0,14:33:5C:6D:AF:58,0,1,ARMED,70.0,0,1,80:02:9C:61:97:4B,11,39,532.4,80:02:9C:61:97:4A,6,0,NONE,2026-08-19T16:24:21.989934
45917,,40,40,0,404,65416,43376,438427,0,68,10,0,0,14:33:5C:6D:AF:58,1,1,ARMED,70.0,0,0,80:02:9C:61:97:4B,11,29,632.8,80:02:9C:61:97:4A,6,0,NONE,2026-08-19T16:24:22.062934
45917,PROBE_REQ,-88,9,5116,2885,65416,43376,438492,0,68,10,0,0,14:33:5C:6D:AF:58,1,1,ARMED,70.0,0,1,80:02:9C:61:97:4B,11,9,883.6,80:02:9C:61:97:4A,6,0,NONE,2026-08-19T16:24:22.127934
45917,PROBE_RESP,-80,17,0,1703,65416,43376,438612,0,68,10,0,0,14:33:5C:6D:AF:58,1,1,ARMED,70.0,0,1,80:02:9C:61:97:4B,11,10,340.5,80:02:9C:61:97:4A,6,0,NONE,2026-08-19T16:24:22.247934
45917,,40,40,0,1386,65416,43376,438827,0,68,10,0,0,14:33:5C:6D:AF:58,0,0,ARMED,70.0,0,0,80:02:9C:61:97:4B,11,12,294.7,80:02:9C:61:97:4A,6,0,NONE,2026-08-19T16:24:22.462934
45917,PROBE_REQ,-89,8,125,9,65416,43376,439032,0,68,10,0,0,14:33:5C:6D:AF:58,0,0,ARMED,70.0,0,0,80:02:9C:61:97:4B,11,14,310.5,80:02:9C:61:97:4A,6,0,NONE,2026-08-19T16:24:22.667934
45917,,19,19,0,1013,65416,43376,439239,0,68,10,0,0,14:33:5C:6D:AF:58,0,0,ARMED,70.0,0,0,80:02:9C:61:97:4B,11,16,348.7,80:02:9C:61:97:4A,6,0,NONE,2026-08-19T16:24:22.874934
45917,,-61,36,291,3700,65416,43376,439423,0,68,10,0,0,14:33:5C:6D:AF:58,0,0,ARMED,70.0,0,0,80:02:9C:61:97:4B,11,11,428.5,80:02:9C:61:97:4A,6,0,NONE,2026-08-19T16:24:23.058934
45917,,-56,41,371,3180,65416,43376,439536,0,68,10,0,0,14:33:5C:6D:AF:58,0,1,ARMED,70.0,0,1,80:02:9C:61:97:4B,11,20,557.5,80:02:9C:61:97:4A,6,0,NONE,2026-08-19T16:24:23.171934
45917,,19,19,0,1394,65416,43376,439688,0,68,10,0,0,14:33:5C:6D:AF:58,0,1,ARMED,70.0,0,0,80:02:9C:61:97:4B,11,15,174.7,80:02:9C:61:97:4A,6,0,NONE,2026-08-19T16:24:23.323934
45917,MGMT_OTHER,-91,6,0,2180,65416,43376,439827,0,68,10,0,0,14:33:5C:6D:AF:58,1,1,ARMED,70.0,0,1,80:02:9C:61:97:4B,11,11,548.3,80:02:9C:61:97:4A,6,0,NONE,2026-08-19T16:24:23.462934
45917,PROBE_REQ,-88,9,0,13,65416,43376,440038,0,68,10,0,0,14:33:5C:6D:AF:58,1,1,ARMED,70.0,0,1,80:02:9C:61:97:4B,11,10,378.9,80:02:9C:61:97:4A,6,0,NONE,2026-08-19T16:24:23.673934
45917,,40,40,0,1341,65416,43376,440107,0,68,10,0,0,14:33:5C:6D:AF:58,1,1,ARMED,70.0,0,0,80:02:9C:61:97:4B,11,60,633.5,80:02:9C:61:97:4A,6,0,NONE,2026-08-19T16:24:23.742934
45917,,66,66,0,1342,65416,43376,440206,0,68,10,0,0,14:33:5C:6D:AF:58,1,1,ARMED,70.0,0,0,80:02:9C:61:97:4B,11,46,501.9,80:02:9C:61:97:4A,6,0,NONE,2026-08-19T16:24:23.841934
45917,PROBE_REQ,-90,7,125,2,65416,43376,440239,0,68,10,0,0,14:33:5C:6D:AF:58,1,1,ARMED,70.0,0,0,80:02:9C:61:97:4B,11,49,2928.7,80:02:9C:61:97:4A,6,0,NONE,2026-08-19T16:24:23.874934
45917,PROBE_REQ,-89,8,154,3118,65248,43376,440259,0,68,10,0,0,14:33:5C:6D:AF:58,1,1,ARMED,70.0,0,1,80:02:9C:61:97:4B,11,99,2748.8,80:02:9C:61:97:4A,6,0,NONE,2026-08-19T16:24:23.894934
45917,PROBE_REQ,-90,7,328,1,65344,43376,440278,0,68,10,0,0,14:33:5C:6D:AF:58,1,1,ARMED,70.0,0,0,80:02:9C:61:97:4B,11,149,2702.0,80:02:9C:61:97:4A,6,0,NONE,2026-08-19T16:24:23.913934
45917,,28,28,0,2683,65416,43376,440301,0,68,10,0,0,14:33:5C:6D:AF:58,1,1,ARMED,70.0,0,0,80:02:9C:61:97:4B,11,199,2531.5,80:02:9C:61:97:4A,6,0,NONE,2026-08-19T16:24:23.936934
45917,PROBE_REQ,-88,9,1971,3003,65416,43376,440330,0,68,10,0,0,14:33:5C:6D:AF:58,1,1,ARMED,70.0,0,1,80:02:9C:61:97:4B,11,3,420.6,80:02:9C:61:97:4A,6,0,NONE,2026-08-19T16:24:23.965934
45917,PROBE_REQ,-89,8,125,0,65400,43376,440367,0,68,10,0,0,14:33:5C:6D:AF:58,1,1,ARMED,70.0,0,0,80:02:9C:61:97:4B,11,53,1192.8,80:02:9C:61:97:4A,6,0,NONE,2026-08-19T16:24:24.002934
45917,,40,40,0,3400,65416,43376,440437,0,68,10,0,0,14:33:5C:6D:AF:58,1,1,ARMED,70.0,0,0,80:02:9C:61:97:4B,11,13,1018.5,80:02:9C:61:97:4A,6,0,NONE,2026-08-19T16:24:24.072934
45917,MGMT_OTHER,-89,8,48,3946,64772,43376,440490,0,68,10,0,0,14:33:5C:6D:AF:58,1,1,ARMED,70.0,0,1,80:02:9C:61:97:4B,11,63,957.2,80:02:9C:61:97:4A,6,0,NONE,2026-08-19T16:24:24.125934
45917,BEACON,-94,3,0,1237,64128,43376,440551,0,68,10,0,0,14:33:5C:6D:AF:58,1,1,ARMED,70.0,0,1,80:02:9C:61:97:4B,11,22,826.1,80:02:9C:61:97:4A,6,0,NONE,2026-08-19T16:24:24.186934
45917,MGMT_OTHER,-88,9,3481,2530,65416,43376,440607,0,68,10,0,0,14:33:5C:6D:AF:58,1,1,ARMED,70.0,0,1,80:02:9C:61:97:4B,11,72,870.2,80:02:9C:61:97:4A,6,0,NONE,2026-08-19T16:24:24.242934
45917,PROBE_REQ,-88,9,128,2069,65416,43376,440658,0,68,10,0,0,14:33:5C:6D:AF:58,1,1,ARMED,70.0,0,1,80:02:9C:61:97:4B,11,27,807.0,80:02:9C:61:97:4A,6,0,NONE,2026-08-19T16:24:24.293934
45917,MGMT_OTHER,-88,9,934,3902,65416,43376,440705,0,68,10,0,0,14:33:5C:6D:AF:58,1,1,ARMED,70.0,0,1,80:02:9C:61:97:4B,11,77,954.9,80:02:9C:61:97:4A,6,0,NONE,2026-08-19T16:24:24.340934
45917,MGMT_OTHER,-87,10,1971,0,65416,43376,440787,0,68,10,0,0,14:33:5C:6D:AF:58,1,1,ARMED,70.0,0,1,80:02:9C:61:97:4B,11,39,620.2,80:02:9C:61:97:4A,6,0,NONE,2026-08-19T16:24:24.422934
45917,PROBE_REQ,-88,9,50,2,65416,43376,440872,0,68,10,0,0,14:33:5C:6D:AF:58,1,1,ARMED,70.0,0,0,80:02:9C:61:97:4B,11,30,666.0,80:02:9C:61:97:4A,6,0,NONE,2026-08-19T16:24:24.507934
45917,,40,40,0,52,65416,43376,440937,0,68,10,0,0,14:33:5C:6D:AF:58,1,1,ARMED,70.0,0,0,80:02:9C:61:97:4B,11,12,1211.4,80:02:9C:61:97:4A,6,0,NONE,2026-08-19T16:24:24.572934
45917,PROBE_REQ,-88,9,125,5,65416,43376,440995,0,68,10,0,0,14:33:5C:6D:AF:58,1,1,ARMED,70.0,0,0,80:02:9C:61:97:4B,11,62,903.2,80:02:9C:61:97:4A,6,0,NONE,2026-08-19T16:24:24.630934
45917,,40,40,0,3362,65416,43376,441147,0,68,10,0,0,14:33:5C:6D:AF:58,1,0,ARMED,70.0,0,0,80:02:9C:61:97:4B,11,3,371.9,80:02:9C:61:97:4A,6,0,NONE,2026-08-19T16:24:24.782934
45917,BEACON,-80,17,0,1353,65416,43376,441331,0,68,10,0,0,14:33:5C:6D:AF:58,0,1,ARMED,70.0,0,1,80:02:9C:61:97:4B,11,17,189.5,80:02:9C:61:97:4A,6,0,NONE,2026-08-19T16:24:24.966934
45917,,19,19,0,1023,65416,43376,441539,0,68,10,0,0,14:33:5C:6D:AF:58,0,0,ARMED,70.0,0,0,80:02:9C:61:97:4B,11,22,264.6,80:02:9C:61:97:4A,6,0,NONE,2026-08-19T16:24:25.174934
45917,BEACON,-80,17,0,3368,65416,43376,441753,0,68,10,0,0,14:33:5C:6D:AF:58,0,0,ARMED,70.0,0,1,80:02:9C:61:97:4B,11,19,206.0,80:02:9C:61:97:4A,6,0,NONE,2026-08-19T16:24:25.388934
45917,,17,17,0,1416,65416,43376,441907,0,68,10,0,0,14:33:5C:6D:AF:58,0,1,ARMED,70.0,0,0,80:02:9C:61:97:4B,11,10,275.9,80:02:9C:61:97:4A,6,0,NONE,2026-08-19T16:24:25.542934
45917,MGMT_OTHER,-86,11,5264,1164,65416,43376,442016,0,68,10,0,0,14:33:5C:6D:AF:58,0,1,ARMED,70.0,0,1,80:02:9C:61:97:4B,11,22,497.4,80:02:9C:61:97:4A,6,0,NONE,2026-08-19T16:24:25.651934
45917,,40,40,0,1421,65416,43376,442227,0,68,10,0,0,14:33:5C:6D:AF:58,0,0,ARMED,70.0,0,0,80:02:9C:61:97:4B,11,8,163.9,80:02:9C:61:97:4A,6,0,NONE,2026-08-19T16:24:25.862934
45917,,15,15,0,3375,65416,43376,442477,0,68,10,0,0,14:33:5C:6D:AF:58,0,0,ARMED,70.0,0,0,80:02:9C:61:97:4B,11,19,211.0,80:02:9C:61:97:4A,6,0,NONE,2026-08-19T16:24:26.112934
45917,MGMT_OTHER,-87,10,0,2084,65416,43376,442547,0,68,10,0,0,14:33:5C:6D:AF:58,0,0,ARMED,70.0,0,1,80:02:9C:61:97:4B,11,49,907.5,80:02:9C:61:97:4A,6,0,NONE,2026-08-19T16:24:26.182934
45917,,14,14,0,1257,65416,43376,442609,0,68,10,0,0,14:33:5C:6D:AF:58,1,1,ARMED,70.0,0,0,80:02:9C:61:97:4B,11,5,384.4,80:02:9C:61:97:4A,6,0,NONE,2026-08-19T16:24:26.244934
45917,MGMT_OTHER,-88,9,387,3961,65416,43376,442664,0,68,10,0,0,14:33:5C:6D:AF:58,1,1,ARMED,70.0,0,1,80:02:9C:61:97:4B,11,55,808.2,80:02:9C:61:97:4A,6,0,NONE,2026-08-19T16:24:26.299934
45917,MGMT_OTHER,-86,11,0,2158,65416,43376,442729,0,68,10,0,0,14:33:5C:6D:AF:58,1,1,ARMED,70.0,0,1,80:02:9C:61:97:4B,11,26,1117.8,80:02:9C:61:97:4A,6,0,NONE,2026-08-19T16:24:26.364934
45917,MGMT_OTHER,-87,10,1285,1752,65416,43376,442770,0,68,10,0,0,14:33:5C:6D:AF:58,1,1,ARMED,70.0,0,1,80:02:9C:61:97:4B,11,76,1184.9,80:02:9C:61:97:4A,6,0,NONE,2026-08-19T16:24:26.405934
45917,MGMT_OTHER,-87,10,325,1495,65416,43376,442832,0,68,10,0,0,14:33:5C:6D:AF:58,1,1,ARMED,70.0,0,1,80:02:9C:61:97:4B,11,18,721.2,80:02:9C:61:97:4A,6,0,NONE,2026-08-19T16:24:26.467934
45917,PROBE_REQ,-88,9,3421,11,64772,43376,442899,0,68,10,0,0,14:33:5C:6D:AF:58,1,1,ARMED,70.0,0,1,80:02:9C:61:97:4B,11,68,735.3,80:02:9C:61:97:4A,6,0,NONE,2026-08-19T16:24:26.534934
45917,,-61,36,0,3765,65416,43376,442939,0,68,10,0,0,14:33:5C:6D:AF:58,1,1,ARMED,70.0,0,0,80:02:9C:61:97:4B,11,45,1450.2,80:02:9C:61:97:4A,6,0,NONE,2026-08-19T16:24:26.574934
45917,MGMT_OTHER,-56,41,2459,71,65416,43376,443004,0,68,10,0,0,14:33:5C:6D:AF:58,1,1,ARMED,70.0,0,1,80:02:9C:61:97:4B,11,95,985.8,80:02:9C:61:97:4A,6,0,NONE,2026-08-19T16:24:26.639934
45917,PROBE_REQ,-90,7,758,0,65416,43376,443065,0,68,10,0,0,14:33:5C:6D:AF:58,1,1,ARMED,70.0,0,1,80:02:9C:61:97:4B,11,46,824.5,80:02:9C:61:97:4A,6,0,NONE,2026-08-19T16:24:26.700934
45917,,-87,10,0,1690,65416,43376,443173,0,68,10,0,0,14:33:5C:6D:AF:58,1,1,ARMED,70.0,0,1,80:02:9C:61:97:4B,11,7,121.1,80:02:9C:61:97:4A,6,0,NONE,2026-08-19T16:24:26.808934
45917,,-87,10,10079,988,65416,43376,443376,0,68,10,0,0,14:33:5C:6D:AF:58,0,0,ARMED,70.0,0,1,80:02:9C:61:97:4B,11,14,233.3,80:02:9C:61:97:4A,6,0,NONE,2026-08-19T16:24:27.011934
45917,,40,40,0,378,65416,43376,443527,0,68,10,0,0,14:33:5C:6D:AF:58,0,1,ARMED,70.0,0,0,80:02:9C:61:97:4B,11,2,221.4,80:02:9C:61:97:4A,6,0,NONE,2026-08-19T16:24:27.162934
45917,PROBE_REQ,-92,5,1215,0,65416,43376,443649,0,68,10,0,0,14:33:5C:6D:AF:58,1,1,ARMED,70.0,0,1,80:02:9C:61:97:4B,11,20,735.3,80:02:9C:61:97:4A,6,0,NONE,2026-08-19T16:24:27.284934
45917,MGMT_OTHER,-84,13,1398,3262,65416,43376,443696,0,68,10,0,0,14:33:5C:6D:AF:58,1,1,ARMED,70.0,0,1,80:02:9C:61:97:4B,11,70,941.2,80:02:9C:61:97:4A,6,0,NONE,2026-08-19T16:24:27.331934
45917,BEACON,-88,9,0,1439,65416,43376,443839,0,68,10,0,0,14:33:5C:6D:AF:58,1,1,ARMED,70.0,0,1,80:02:9C:61:97:4B,11,3,234.8,80:02:9C:61:97:4A,6,0,NONE,2026-08-19T16:24:27.474934
45917,,-89,8,167,849,65416,43376,444014,0,68,10,0,0,14:33:5C:6D:AF:58,0,0,ARMED,70.0,0,1,80:02:9C:61:97:4B,11,32,393.1,80:02:9C:61:97:4A,6,0,NONE,2026-08-19T16:24:27.649934
45917,,-23,74,0,396,65416,43376,444120,0,68,10,0,0,14:33:5C:6D:AF:58,1,1,ARMED,70.0,0,1,80:02:9C:61:97:4B,11,41,494.9,80:02:9C:61:97:4A,6,0,NONE,2026-08-19T16:24:27.755934
45917,,19,19,0,3462,65416,43376,444273,0,68,10,0,0,14:33:5C:6D:AF:58,0,1,ARMED,70.0,0,0,80:02:9C:61:97:4B,11,10,283.7,80:02:9C:61:97:4A,6,0,NONE,2026-08-19T16:24:27.908934
45917,,40,40,0,407,65416,43376,444487,0,68,10,0,0,14:33:5C:6D:AF:58,0,0,ARMED,70.0,0,0,80:02:9C:61:97:4B,11,8,225.7,80:02:9C:61:97:4A,6,0,NONE,2026-08-19T16:24:28.122934
45917,,40,40,0,412,65416,43376,444677,0,68,10,0,0,14:33:5C:6D:AF:58,0,1,ARMED,70.0,0,0,80:02:9C:61:97:4B,11,3,149.3,80:02:9C:61:97:4A,6,0,NONE,2026-08-19T16:24:28.312934
45917,,40,40,0,417,65416,43376,444827,0,68,10,0,0,14:33:5C:6D:AF:58,1,1,ARMED,70.0,0,0,80:02:9C:61:97:4B,11,18,259.5,80:02:9C:61:97:4A,6,0,NONE,2026-08-19T16:24:28.462934
45917,BEACON,-80,17,0,1389,65416,43376,445017,0,68,10,0,0,14:33:5C:6D:AF:58,1,0,ARMED,70.0,0,1,80:02:9C:61:97:4B,11,11,205.3,80:02:9C:61:97:4A,6,0,NONE,2026-08-19T16:24:28.652934
45917,,40,40,0,426,65416,43376,445137,0,68,10,0,0,14:33:5C:6D:AF:58,0,0,ARMED,70.0,0,0,80:02:9C:61:97:4B,11,38,555.1,80:02:9C:61:97:4A,6,0,NONE,2026-08-19T16:24:28.772934
45917,,17,17,0,0,65416,43376,445318,0,68,10,0,0,14:33:5C:6D:AF:58,0,0,ARMED,70.0,0,0,80:02:9C:61:97:4B,11,15,330.6,80:02:9C:61:97:4A,6,0,NONE,2026-08-19T16:24:28.953934
45917,,17,17,0,1712,65368,43376,445545,0,68,10,0,0,14:33:5C:6D:AF:58,0,0,ARMED,70.0,0,0,80:02:9C:61:97:4B,11,15,224.1,80:02:9C:61:97:4A,6,0,NONE,2026-08-19T16:24:29.180934
45917,,40,40,0,1458,65416,43376,445790,0,68,10,0,0,14:33:5C:6D:AF:58,0,0,ARMED,70.0,0,0,80:02:9C:61:97:4B,11,1,197.3,80:02:9C:61:97:4A,6,0,NONE,2026-08-19T16:24:29.425934
45917,BEACON,-78,19,0,3409,65416,43376,445951,0,68,10,0,0,14:33:5C:6D:AF:58,0,0,ARMED,70.0,0,1,80:02:9C:61:97:4B,11,30,455.7,80:02:9C:61:97:4A,6,0,NONE,2026-08-19T16:24:29.586934
45917,,-61,36,0,3799,65352,43376,446219,0,68,10,0,0,14:33:5C:6D:AF:58,0,0,ARMED,70.0,0,1,80:02:9C:61:97:4B,11,2,187.4,80:02:9C:61:97:4A,6,0,NONE,2026-08-19T16:24:29.854934
45917,,-94,3,0,2469,65416,43376,446391,0,68,10,0,0,14:33:5C:6D:AF:58,1,1,ARMED,70.0,0,1,80:02:9C:61:97:4B,11,15,201.6,80:02:9C:61:97:4A,6,0,NONE,2026-08-19T16:24:30.026934
45917,,40,40,0,1466,65416,43376,446506,0,68,10,0,0,14:33:5C:6D:AF:58,1,1,ARMED,70.0,0,0,80:02:9C:61:97:4B,11,22,250.4,80:02:9C:61:97:4A,6,0,NONE,2026-08-19T16:24:30.141934
45917,,66,66,0,1467,65416,43376,446613,0,68,10,0,0,14:33:5C:6D:AF:58,0,0,ARMED,70.0,0,0,80:02:9C:61:97:4B,11,45,497.0,80:02:9C:61:97:4A,6,0,NONE,2026-08-19T16:24:30.248934
45917,,-61,36,4955,1253,65416,43376,446786,0,68,10,0,0,14:33:5C:6D:AF:58,0,1,ARMED,70.0,0,1,80:02:9C:61:97:4B,11,20,351.4,80:02:9C:61:97:4A,6,0,NONE,2026-08-19T16:24:30.421934
45917,,66,66,0,3189,65416,43376,446991,0,68,10,0,0,14:33:5C:6D:AF:58,0,0,ARMED,70.0,0,0,80:02:9C:61:97:4B,11,22,403.0,80:02:9C:61:97:4A,6,0,NONE,2026-08-19T16:24:30.626934
45917,BEACON,-95,2,0,1302,65416,43376,447200,0,68,10,0,0,14:33:5C:6D:AF:58,0,0,ARMED,70.0,0,1,80:02:9C:61:97:4B,11,12,195.4,80:02:9C:61:97:4A,6,0,NONE,2026-08-19T16:24:30.835934
45917,BEACON,-80,17,0,1412,65416,43376,447372,0,68,10,0,0,14:33:5C:6D:AF:58,0,1,ARMED,70.0,0,1,80:02:9C:61:97:4B,11,6,197.0,80:02:9C:61:97:4A,6,0,NONE,2026-08-19T16:24:31.007934
45917,,19,19,0,1476,65416,43376,447528,0,68,10,0,0,14:33:5C:6D:AF:58,0,1,ARMED,70.0,0,0,80:02:9C:61:97:4B,11,25,316.3,80:02:9C:61:97:4A,6,0,NONE,2026-08-19T16:24:31.163934
45917,BEACON,-79,18,0,3427,65416,43376,447794,0,68,10,0,0,14:33:5C:6D:AF:58,0,0,ARMED,70.0,0,1,80:02:9C:61:97:4B,11,3,166.8,80:02:9C:61:97:4A,6,0,NONE,2026-08-19T16:24:31.429934
45917,,41,41,0,1481,65416,43376,448047,0,68,10,0,0,14:33:5C:6D:AF:58,0,0,ARMED,70.0,0,0,80:02:9C:61:97:4B,11,16,234.3,80:02:9C:61:97:4A,6,0,NONE,2026-08-19T16:24:31.682934
45917,,-61,36,292,3845,65416,43376,448279,0,68,10,0,0,14:33:5C:6D:AF:58,0,0,ARMED,70.0,0,0,80:02:9C:61:97:4B,11,26,295.1,80:02:9C:61:97:4A,6,0,NONE,2026-08-19T16:24:31.914934
45917,,41,41,0,1423,65416,43376,448506,0,68,10,0,0,14:33:5C:6D:AF:58,0,0,ARMED,70.0,0,0,80:02:9C:61:97:4B,11,1,124.8,80:02:9C:61:97:4A,6,0,NONE,2026-08-19T16:24:32.141934
45917,,19,19,0,1424,65416,43376,448604,0,68,10,0,0,14:33:5C:6D:AF:58,0,1,ARMED,70.0,0,0,80:02:9C:61:97:4B,11,2,753.6,80:02:9C:61:97:4A,6,0,NONE,2026-08-19T16:24:32.239934
45917,BEACON,-84,13,0,1488,65416,43376,448755,0,68,10,0,0,14:33:5C:6D:AF:58,0,1,ARMED,70.0,0,1,80:02:9C:61:97:4B,11,15,292.9,80:02:9C:61:97:4A,6,0,NONE,2026-08-19T16:24:32.390934
45917,,40,40,0,1023,65416,43376,448873,0,68,10,0,0,14:33:5C:6D:AF:58,0,1,ARMED,70.0,0,0,80:02:9C:61:97:4B,11,35,518.3,80:02:9C:61:97:4A,6,0,NONE,2026-08-19T16:24:32.508934
45917,BEACON,-95,2,0,1320,65416,43376,449043,0,68,10,0,0,14:33:5C:6D:AF:58,0,1,ARMED,70.0,0,1,80:02:9C:61:97:4B,11,8,246.0,80:02:9C:61:97:4A,6,0,NONE,2026-08-19T16:24:32.678934
45917,,-61,36,292,3858,65416,43376,449188,0,68,10,0,0,14:33:5C:6D:AF:58,0,0,ARMED,70.0,0,0,80:02:9C:61:97:4B,11,35,467.9,80:02:9C:61:97:4A,6,0,NONE,2026-08-19T16:24:32.823934
45917,,-86,11,5206,1032,65416,43376,449350,0,68,10,0,0,14:33:5C:6D:AF:58,0,1,ARMED,70.0,0,1,80:02:9C:61:97:4B,11,12,370.4,80:02:9C:61:97:4A,6,0,NONE,2026-08-19T16:24:32.985934
45917,,40,40,0,3444,65416,43376,449542,0,68,10,0,0,14:33:5C:6D:AF:58,0,0,ARMED,70.0,0,0,80:02:9C:61:97:4B,11,15,768.5,80:02:9C:61:97:4A,6,0,NONE,2026-08-19T16:24:33.177934
45917,,18,18,0,1497,65416,43376,449689,0,68,10,0,0,14:33:5C:6D:AF:58,0,1,ARMED,70.0,0,0,80:02:9C:61:97:4B,11,31,485.9,80:02:9C:61:97:4A,6,0,NONE,2026-08-19T16:24:33.324934
45917,,66,66,0,428,65416,43376,449806,0,68,10,0,0,14:33:5C:6D:AF:58,0,1,ARMED,70.0,0,0,80:02:9C:61:97:4B,11,44,561.2,80:02:9C:61:97:4A,6,0,NONE,2026-08-19T16:24:33.441934
45917,,40,40,0,3505,65416,43376,449860,0,68,10,0,0,14:33:5C:6D:AF:58,1,1,ARMED,70.0,0,0,80:02:9C:61:97:4B,11,15,495.6,80:02:9C:61:97:4A,6,0,NONE,2026-08-19T16:24:33.495934
45917,,41,41,0,3219,65416,43376,450126,0,68,10,0,0,14:33:5C:6D:AF:58,1,0,ARMED,70.0,0,0,80:02:9C:61:97:4B,11,14,152.2,80:02:9C:61:97:4A,6,0,NONE,2026-08-19T16:24:33.761934
45917,,19,19,0,1333,65416,43376,450388,0,68,10,0,0,14:33:5C:6D:AF:58,0,0,ARMED,70.0,0,0,80:02:9C:61:97:4B,11,12,353.0,80:02:9C:61:97:4A,6,0,NONE,2026-08-19T16:24:34.023934
45917,,-56,41,0,3313,65416,43376,450584,0,68,10,0,0,14:33:5C:6D:AF:58,0,0,ARMED,70.0,0,0,80:02:9C:61:97:4B,11,21,862.0,80:02:9C:61:97:4A,6,0,NONE,2026-08-19T16:24:34.219934
45917,,-56,41,157,661,65416,43376,450779,0,68,10,0,0,14:33:5C:6D:AF:58,0,0,ARMED,70.0,0,0,80:02:9C:61:97:4B,11,9,583.4,80:02:9C:61:97:4A,6,0,NONE,2026-08-19T16:24:34.414934
45917,,41,41,0,1339,65416,43376,450996,0,68,10,0,0,14:33:5C:6D:AF:58,0,0,ARMED,70.0,0,0,80:02:9C:61:97:4B,11,8,289.1,80:02:9C:61:97:4A,6,0,NONE,2026-08-19T16:24:34.631934
45917,BEACON,-95,2,10047,3231,65416,43376,451292,0,68,10,0,0,14:33:5C:6D:AF:58,0,0,ARMED,70.0,0,1,80:02:9C:61:97:4B,11,3,191.7,80:02:9C:61:97:4A,6,0,NONE,2026-08-19T16:24:34.927934
45917,,19,19,0,1035,65416,43376,451504,0,68,10,0,0,14:33:5C:6D:AF:58,0,0,ARMED,70.0,0,0,80:02:9C:61:97:4B,11,9,393.7,80:02:9C:61:97:4A,6,0,NONE,2026-08-19T16:24:35.139934
45917,PROBE_REQ,-88,9,192,3038,65416,43376,451599,0,68,10,0,0,14:33:5C:6D:AF:58,0,1,ARMED,70.0,0,1,80:02:9C:61:97:4B,11,11,606.5,80:02:9C:61:97:4A,6,0,NONE,2026-08-19T16:24:35.234934
45917,MGMT_OTHER,-85,12,849,2822,65416,43376,451682,0,68,10,0,0,14:33:5C:6D:AF:58,0,1,ARMED,70.0,0,1,80:02:9C:61:97:4B,11,61,608.2,80:02:9C:61:97:4A,6,0,NONE,2026-08-19T16:24:35.317934
45917,MGMT_OTHER,-86,11,1974,2046,65416,43376,451752,0,68,10,0,0,14:33:5C:6D:AF:58,0,1,ARMED,70.0,0,1,80:02:9C:61:97:4B,11,50,709.7,80:02:9C:61:97:4A,6,0,NONE,2026-08-19T16:24:35.387934
45917,MGMT_OTHER,-87,10,3990,0,65416,43376,451817,0,68,10,0,0,14:33:5C:6D:AF:58,0,1,ARMED,70.0,0,1,80:02:9C:61:97:4B,11,24,710.9,80:02:9C:61:97:4A,6,0,NONE,2026-08-19T16:24:35.452934
45917,,19,19,0,3467,65416,43376,451893,0,68,10,0,0,14:33:5C:6D:AF:58,1,1,ARMED,70.0,0,0,80:02:9C:61:97:4B,11,2,907.0,80:02:9C:61:97:4A,6,0,NONE,2026-08-19T16:24:35.528934
45917,,40,40,0,1782,65416,43376,452087,0,68,10,0,0,14:33:5C:6D:AF:58,1,1,ARMED,70.0,0,1,80:02:9C:61:97:4B,11,20,212.9,80:02:9C:61:97:4A,6,0,NONE,2026-08-19T16:24:35.722934
45917,,15,15,0,3530,65416,43376,452311,0,68,10,0,0,14:33:5C:6D:AF:58,0,0,ARMED,70.0,0,0,80:02:9C:61:97:4B,11,23,235.3,80:02:9C:61:97:4A,6,0,NONE,2026-08-19T16:24:35.946934
45917,,-56,41,0,3331,65416,43376,452404,0,68,10,0,0,14:33:5C:6D:AF:58,0,0,ARMED,70.0,0,0,80:02:9C:61:97:4B,11,49,548.4,80:02:9C:61:97:4A,6,0,NONE,2026-08-19T16:24:36.039934
45917,,40,40,0,3244,65368,43376,452623,0,68,10,0,0,14:33:5C:6D:AF:58,0,0,ARMED,70.0,0,0,80:02:9C:61:97:4B,11,1,1000.0,80:02:9C:61:97:4A,6,0,NONE,2026-08-19T16:24:36.258934
45917,,40,40,0,1357,65416,43376,452887,0,68,10,0,0,14:33:5C:6D:AF:58,0,0,ARMED,70.0,0,0,80:02:9C:61:97:4B,11,7,127.7,80:02:9C:61:97:4A,6,0,NONE,2026-08-19T16:24:36.522934
45917,,17,17,0,3538,65416,43376,453029,0,68,10,0,0,14:33:5C:6D:AF:58,0,0,ARMED,70.0,0,0,80:02:9C:61:97:4B,11,37,392.3,80:02:9C:61:97:4A,6,0,NONE,2026-08-19T16:24:36.664934
45917,,-62,35,291,3915,65416,43376,453215,0,68,10,0,0,14:33:5C:6D:AF:58,0,1,ARMED,70.0,0,0,80:02:9C:61:97:4B,11,20,262.0,80:02:9C:61:97:4A,6,0,NONE,2026-08-19T16:24:36.850934
45917,,-62,35,292,3935,65416,43376,453271,0,68,10,0,0,14:33:5C:6D:AF:58,0,1,ARMED,70.0,0,0,80:02:9C:61:97:4B,11,29,969.2,80:02:9C:61:97:4A,6,0,NONE,2026-08-19T16:24:36.906934
45917,,16,16,0,1535,65416,43376,453512,0,68,10,0,0,14:33:5C:6D:AF:58,0,0,ARMED,70.0,0,0,80:02:9C:61:97:4B,11,6,99.2,80:02:9C:61:97:4A,6,0,NONE,2026-08-19T16:24:37.147934
45917,MGMT_OTHER,-90,7,373,0,65416,43376,453591,0,68,10,0,0,14:33:5C:6D:AF:58,0,0,ARMED,70.0,0,1,80:02:9C:61:97:4B,11,37,981.2,80:02:9C:61:97:4A,6,0,NONE,2026-08-19T16:24:37.226934
45917,PROBE_REQ,-90,7,201,3435,65416,43376,453656,0,68,10,0,0,14:33:5C:6D:AF:58,1,1,ARMED,70.0,0,1,80:02:9C:61:97:4B,11,5,1862.9,80:02:9C:61:97:4A,6,0,NONE,2026-08-19T16:24:37.291934
45917,PROBE_REQ,-91,6,355,3317,65416,43376,453704,0,68,10,0,0,14:33:5C:6D:AF:58,1,1,ARMED,70.0,0,1,80:02:9C:61:97:4B,11,55,1087.5,80:02:9C:61:97:4A,6,0,NONE,2026-08-19T16:24:37.339934
45917,,40,40,0,3434,65416,43376,453760,0,68,10,0,0,14:33:5C:6D:AF:58,1,1,ARMED,70.0,0,1,80:02:9C:61:97:4B,11,1,400.3,80:02:9C:61:97:4A,6,0,NONE,2026-08-19T16:24:37.395934
45917,PROBE_REQ,-89,8,393,3042,65416,43376,453810,0,68,10,0,0,14:33:5C:6D:AF:58,1,1,ARMED,70.0,0,1,80:02:9C:61:97:4B,11,51,986.9,80:02:9C:61:97:4A,6,0,NONE,2026-08-19T16:24:37.445934
45917,,18,18,0,1540,65416,43376,454019,0,68,10,0,0,14:33:5C:6D:AF:58,1,0,ARMED,70.0,0,0,80:02:9C:61:97:4B,11,5,119.5,80:02:9C:61:97:4A,6,0,NONE,2026-08-19T16:24:37.654934
45917,,-65,32,0,3551,63636,43376,454258,0,68,10,0,0,14:33:5C:6D:AF:58,0,0,ARMED,70.0,0,0,80:02:9C:61:97:4B,11,14,184.2,80:02:9C:61:97:4A,6,0,NONE,2026-08-19T16:24:37.893934
45917,BEACON,-94,3,0,1373,65416,43376,454470,0,68,10,0,0,14:33:5C:6D:AF:58,0,0,ARMED,70.0,0,1,80:02:9C:61:97:4B,11,21,265.7,80:02:9C:61:97:4A,6,0,NONE,2026-08-19T16:24:38.105934
45917,PROBE_RESP,-67,30,0,3557,65416,43376,454733,0,68,10,0,0,14:33:5C:6D:AF:58,0,0,ARMED,70.0,0,0,80:02:9C:61:97:4B,11,9,604.2,80:02:9C:61:97:4A,6,0,NONE,2026-08-19T16:24:38.368934
45917,,38,38,0,1023,65416,43376,454892,0,68,10,0,0,14:33:5C:6D:AF:58,0,1,ARMED,70.0,0,0,80:02:9C:61:97:4B,11,25,342.1,80:02:9C:61:97:4A,6,0,NONE,2026-08-19T16:24:38.527934
45917,,40,40,0,1553,65416,43376,455137,0,68,10,0,0,14:33:5C:6D:AF:58,0,0,ARMED,70.0,0,0,80:02:9C:61:97:4B,11,27,272.8,80:02:9C:61:97:4A,6,0,NONE,2026-08-19T16:24:38.772934
45917,,40,40,0,3501,65416,43376,455375,0,68,10,0,0,14:33:5C:6D:AF:58,0,0,ARMED,70.0,0,0,80:02:9C:61:97:4B,11,10,633.3,80:02:9C:61:97:4A,6,0,NONE,2026-08-19T16:24:39.010934
45917,,-56,41,0,3365,65416,43376,455571,0,68,10,0,0,14:33:5C:6D:AF:58,0,0,ARMED,70.0,0,0,80:02:9C:61:97:4B,11,17,2401.5,80:02:9C:61:97:4A,6,0,NONE,2026-08-19T16:24:39.206934
45917,,19,19,0,1559,65416,43376,455742,0,68,10,0,0,14:33:5C:6D:AF:58,0,1,ARMED,70.0,0,0,80:02:9C:61:97:4B,11,20,257.7,80:02:9C:61:97:4A,6,0,NONE,2026-08-19T16:24:39.377934
45917,,40,40,0,3584,65416,43376,455966,0,68,10,0,0,14:33:5C:6D:AF:58,0,0,ARMED,70.0,0,0,80:02:9C:61:97:4B,11,30,315.2,80:02:9C:61:97:4A,6,0,NONE,2026-08-19T16:24:39.601934
45917,,19,19,0,3510,65416,43376,456299,0,68,10,0,0,14:33:5C:6D:AF:58,0,0,ARMED,70.0,0,0,80:02:9C:61:97:4B,11,4,218.6,80:02:9C:61:97:4A,6,0,NONE,2026-08-19T16:24:39.934934
45917,,17,17,0,1502,65416,43376,456596,0,68,10,0,0,14:33:5C:6D:AF:58,0,0,ARMED,70.0,0,0,80:02:9C:61:97:4B,11,1,122.5,80:02:9C:61:97:4A,6,0,NONE,2026-08-19T16:24:40.231934
45917,,-61,36,0,3960,65416,43376,456743,0,68,10,0,0,14:33:5C:6D:AF:58,0,1,ARMED,70.0,0,0,80:02:9C:61:97:4B,11,19,358.2,80:02:9C:61:97:4A,6,0,NONE,2026-08-19T16:24:40.378934
45917,PROBE_REQ,-90,7,442,3828,65416,43376,456829,0,68,10,0,0,14:33:5C:6D:AF:58,0,1,ARMED,70.0,0,1,80:02:9C:61:97:4B,11,13,368.7,80:02:9C:61:97:4A,6,0,NONE,2026-08-19T16:24:40.464934
45917,,-61,36,0,3985,65416,43376,456886,0,68,10,0,0,14:33:5C:6D:AF:58,0,1,ARMED,70.0,0,0,80:02:9C:61:97:4B,11,63,682.4,80:02:9C:61:97:4A,6,0,NONE,2026-08-19T16:24:40.521934
45917,,12,12,0,1096,65416,43376,457016,0,68,10,0,0,14:33:5C:6D:AF:58,1,1,ARMED,70.0,0,0,80:02:9C:61:97:4B,11,4,719.4,80:02:9C:61:97:4A,6,0,NONE,2026-08-19T16:24:40.651934
45917,BEACON,-94,3,0,1399,65416,43376,457133,0,68,10,0,0,14:33:5C:6D:AF:58,1,1,ARMED,70.0,0,1,80:02:9C:61:97:4B,11,7,598.9,80:02:9C:61:97:4A,6,0,NONE,2026-08-19T16:24:40.768934
45917,,-61,36,193,686,65416,43376,457191,0,68,10,0,0,14:33:5C:6D:AF:58,1,1,ARMED,70.0,0,0,80:02:9C:61:97:4B,11,57,819.1,80:02:9C:61:97:4A,6,0,NONE,2026-08-19T16:24:40.826934
45917,,40,40,0,0,63612,43376,457332,0,68,10,0,0,14:33:5C:6D:AF:58,1,0,ARMED,70.0,0,1,80:02:9C:61:97:4B,11,3,759.7,80:02:9C:61:97:4A,6,0,NONE,2026-08-19T16:24:40.967934
45917,,-87,10,0,1242,65416,43376,457590,0,68,10,0,0,14:33:5C:6D:AF:58,0,0,ARMED,70.0,0,0,80:02:9C:61:97:4B,11,11,211.1,80:02:9C:61:97:4A,6,0,NONE,2026-08-19T16:24:41.225934
45917,BEACON,-72,25,30939,3609,65416,43376,457742,0,68,10,0,0,14:33:5C:6D:AF:58,0,0,ARMED,70.0,0,1,80:02:9C:61:97:4B,11,14,138.2,80:02:9C:61:97:4A,6,0,NONE,2026-08-19T16:24:41.377934
45917,,40,40,0,3557,65416,43376,457996,0,68,10,0,0,14:33:5C:6D:AF:58,0,0,ARMED,70.0,0,0,80:02:9C:61:97:4B,11,12,224.4,80:02:9C:61:97:4A,6,0,NONE,2026-08-19T16:24:41.631934
45917,,17,17,0,1585,65416,43376,458318,0,68,10,0,0,14:33:5C:6D:AF:58,0,0,ARMED,70.0,0,0,80:02:9C:61:97:4B,11,10,161.6,80:02:9C:61:97:4A,6,0,NONE,2026-08-19T16:24:41.953934
45917,MGMT_OTHER,-82,15,0,752,65416,43376,458557,0,68,10,0,0,14:33:5C:6D:AF:58,0,0,ARMED,70.0,0,1,80:02:9C:61:97:4B,11,27,291.4,80:02:9C:61:97:4A,6,0,NONE,2026-08-19T16:24:42.192934
45917,PROBE_REQ,-91,6,2067,259,65416,43376,458627,0,68,10,0,0,14:33:5C:6D:AF:58,1,1,ARMED,70.0,0,1,80:02:9C:61:97:4B,11,46,746.6,80:02:9C:61:97:4A,6,0,NONE,2026-08-19T16:24:42.262934
45917,,32,32,0,1910,65416,43376,458728,0,68,10,0,0,14:33:5C:6D:AF:58,1,1,ARMED,70.0,0,0,80:02:9C:61:97:4B,11,44,737.6,80:02:9C:61:97:4A,6,0,NONE,2026-08-19T16:24:42.363934
45917,,17,17,0,1524,65400,43376,458842,0,68,10,0,0,14:33:5C:6D:AF:58,1,1,ARMED,70.0,0,0,80:02:9C:61:97:4B,11,26,368.5,80:02:9C:61:97:4A,6,0,NONE,2026-08-19T16:24:42.477934
45917,MGMT_OTHER,-83,14,0,4052,65416,43376,458903,0,68,10,0,0,14:33:5C:6D:AF:58,1,1,ARMED,70.0,0,0,80:02:9C:61:97:4B,11,32,1096.4,80:02:9C:61:97:4A,6,0,NONE,2026-08-19T16:24:42.538934
45917,,-87,10,0,1051,65416,43376,458992,0,68,10,0,0,14:33:5C:6D:AF:58,1,1,ARMED,70.0,0,0,80:02:9C:61:97:4B,11,31,1721.6,80:02:9C:61:97:4A,6,0,NONE,2026-08-19T16:24:42.627934
45917,,40,40,0,1418,65416,43376,459086,0,68,10,0,0,14:33:5C:6D:AF:58,1,1,ARMED,70.0,0,0,80:02:9C:61:97:4B,11,3,256.1,80:02:9C:61:97:4A,6,0,NONE,2026-08-19T16:24:42.721934
45917,,-88,9,0,1244,65416,43376,459274,0,68,10,0,0,14:33:5C:6D:AF:58,1,0,ARMED,70.0,0,0,80:02:9C:61:97:4B,11,27,275.9,80:02:9C:61:97:4A,6,0,NONE,2026-08-19T16:24:42.909934
45917,,12,12,0,1597,65416,43376,459511,0,68,10,0,0,14:33:5C:6D:AF:58,0,0,ARMED,70.0,0,0,80:02:9C:61:97:4B,11,1,195.8,80:02:9C:61:97:4A,6,0,NONE,2026-08-19T16:24:43.146934
45917,,40,40,0,1425,65416,43376,459836,0,68,10,0,0,14:33:5C:6D:AF:58,0,0,ARMED,70.0,0,0,80:02:9C:61:97:4B,11,20,193.0,80:02:9C:61:97:4A,6,0,NONE,2026-08-19T16:24:43.471934
45917,,40,40,0,1426,65416,43376,459937,0,68,10,0,0,14:33:5C:6D:AF:58,0,1,ARMED,70.0,0,0,80:02:9C:61:97:4B,11,50,497.9,80:02:9C:61:97:4A,6,0,NONE,2026-08-19T16:24:43.572934
45917,MGMT_OTHER,-80,17,0,8,65416,43376,460145,0,68,10,0,0,14:33:5C:6D:AF:58,0,0,ARMED,70.0,0,1,80:02:9C:61:97:4B,11,24,232.3,80:02:9C:61:97:4A,6,0,NONE,2026-08-19T16:24:43.780934
45917,,-56,41,0,3436,65416,43376,460234,0,68,10,0,0,14:33:5C:6D:AF:58,0,0,ARMED,70.0,0,0,80:02:9C:61:97:4B,11,50,560.7,80:02:9C:61:97:4A,6,0,NONE,2026-08-19T16:24:43.869934
45917,BEACON,-80,17,0,1539,65416,43376,460377,0,68,10,0,0,14:33:5C:6D:AF:58,1,1,ARMED,70.0,0,1,80:02:9C:61:97:4B,11,3,139.7,80:02:9C:61:97:4A,6,0,NONE,2026-08-19T16:24:44.012934
45917,,15,15,0,1433,65416,43376,460624,0,68,10,0,0,14:33:5C:6D:AF:58,0,0,ARMED,70.0,0,0,80:02:9C:61:97:4B,11,12,178.3,80:02:9C:61:97:4A,6,0,NONE,2026-08-19T16:24:44.259934
45917,,15,15,0,1610,65416,43376,460859,0,68,10,0,0,14:33:5C:6D:AF:58,0,0,ARMED,70.0,0,0,80:02:9C:61:97:4B,11,20,220.6,80:02:9C:61:97:4A,6,0,NONE,2026-08-19T16:24:44.494934
45917,,-64,33,0,699,65416,43376,461058,0,68,10,0,0,14:33:5C:6D:AF:58,0,1,ARMED,70.0,0,1,80:02:9C:61:97:4B,11,17,207.2,80:02:9C:61:97:4A,6,0,NONE,2026-08-19T16:24:44.693934
45917,,17,17,0,1614,65416,43376,461278,0,68,10,0,0,14:33:5C:6D:AF:58,0,0,ARMED,70.0,0,0,80:02:9C:61:97:4B,11,20,218.4,80:02:9C:61:97:4A,6,0,NONE,2026-08-19T16:24:44.913934
45917,,37,37,0,1023,65416,43376,461535,0,68,10,0,0,14:33:5C:6D:AF:58,0,0,ARMED,70.0,0,1,80:02:9C:61:97:4B,11,8,282.8,80:02:9C:61:97:4A,6,0,NONE,2026-08-19T16:24:45.170934
45917,BEACON,-80,17,0,1553,65416,43376,461811,0,68,10,0,0,14:33:5C:6D:AF:58,1,1,ARMED,70.0,0,1,80:02:9C:61:97:4B,11,14,148.6,80:02:9C:61:97:4A,6,0,NONE,2026-08-19T16:24:45.446934
45917,,40,40,0,1446,65416,43376,461956,0,68,10,0,0,14:33:5C:6D:AF:58,0,1,ARMED,70.0,0,0,80:02:9C:61:97:4B,11,6,291.0,80:02:9C:61:97:4A,6,0,NONE,2026-08-19T16:24:45.591934
45917,BEACON,-81,16,0,1557,65416,43376,462220,0,68,10,0,0,14:33:5C:6D:AF:58,0,0,ARMED,70.0,0,1,80:02:9C:61:97:4B,11,12,151.1,80:02:9C:61:97:4A,6,0,NONE,2026-08-19T16:24:45.855934
45917,DEAUTH,-77,20,0,2084,65416,43376,462438,0,68,10,0,0,14:33:5C:6D:AF:58,0,0,ARMED,70.0,0,0,80:02:9C:61:97:4B,11,18,195.6,80:02:9C:61:97:4A,6,0,NONE,2026-08-19T16:24:46.073934
45917,MGMT_OTHER,-81,16,1271,1593,65416,43376,462572,0,68,10,0,0,14:33:5C:6D:AF:58,1,1,ARMED,70.0,0,0,80:02:9C:61:97:4B,11,14,600.0,80:02:9C:61:97:4A,6,0,NONE,2026-08-19T16:24:46.207934
45917,MGMT_OTHER,-80,17,48,1605,65416,43376,462632,0,68,10,0,0,14:33:5C:6D:AF:58,1,1,ARMED,70.0,0,1,80:02:9C:61:97:4B,11,64,761.9,80:02:9C:61:97:4A,6,0,NONE,2026-08-19T16:24:46.267934
45917,PROBE_REQ,-89,8,189,1149,65416,43376,462752,0,68,10,0,0,14:33:5C:6D:AF:58,1,1,ARMED,70.0,0,1,80:02:9C:61:97:4B,11,1,559.0,80:02:9C:61:97:4A,6,0,NONE,2026-08-19T16:24:46.387934
45917,,-91,6,2001,1090,65416,43376,462826,0,68,10,0,0,14:33:5C:6D:AF:58,1,1,ARMED,70.0,0,1,80:02:9C:61:97:4B,11,51,675.7,80:02:9C:61:97:4A,6,0,NONE,2026-08-19T16:24:46.461934
45917,BEACON,-80,17,0,1564,65416,43376,462937,0,68,10,0,0,14:33:5C:6D:AF:58,1,1,ARMED,70.0,0,1,80:02:9C:61:97:4B,11,37,465.2,80:02:9C:61:97:4A,6,0,NONE,2026-08-19T16:24:46.572934
45917,,11,11,0,1458,65416,43376,463187,0,68,10,0,0,14:33:5C:6D:AF:58,0,0,ARMED,70.0,0,0,80:02:9C:61:97:4B,11,4,176.7,80:02:9C:61:97:4A,6,0,NONE,2026-08-19T16:24:46.822934
45917,BEACON,-93,4,0,3350,65416,43376,463477,0,68,10,0,0,14:33:5C:6D:AF:58,0,0,ARMED,70.0,0,1,80:02:9C:61:97:4B,11,1,187.0,80:02:9C:61:97:4A,6,0,NONE,2026-08-19T16:24:47.112934
45917,BEACON,-90,7,2702,2509,65256,43376,463575,0,68,10,0,0,14:33:5C:6D:AF:58,0,1,ARMED,70.0,0,1,80:02:9C:61:97:4B,11,2,584.1,80:02:9C:61:97:4A,6,0,NONE,2026-08-19T16:24:47.210934
45917,MGMT_OTHER,-82,15,1284,339,65416,43376,463658,0,68,10,0,0,14:33:5C:6D:AF:58,0,1,ARMED,70.0,0,1,80:02:9C:61:97:4B,11,52,606.5,80:02:9C:61:97:4A,6,0,NONE,2026-08-19T16:24:47.293934
45917,,-61,36,0,4079,65416,43376,463714,0,68,10,0,0,14:33:5C:6D:AF:58,1,1,ARMED,70.0,0,0,80:02:9C:61:97:4B,11,49,1199.9,80:02:9C:61:97:4A,6,0,NONE,2026-08-19T16:24:47.349934
45917,MGMT_OTHER,-82,15,2841,3310,65416,43376,463757,0,68,10,0,0,14:33:5C:6D:AF:58,1,1,ARMED,70.0,0,1,80:02:9C:61:97:4B,11,99,1178.2,80:02:9C:61:97:4A,6,0,NONE,2026-08-19T16:24:47.392934
45917,,-56,41,0,3490,65416,43376,463805,0,68,10,0,0,14:33:5C:6D:AF:58,1,1,ARMED,70.0,0,0,80:02:9C:61:97:4B,11,49,2186.6,80:02:9C:61:97:4A,6,0,NONE,2026-08-19T16:24:47.440934
45917,MGMT_OTHER,-81,16,2049,1860,65416,43376,463859,0,68,10,0,0,14:33:5C:6D:AF:58,1,1,ARMED,70.0,0,1,80:02:9C:61:97:4B,11,99,1283.2,80:02:9C:61:97:4A,6,0,NONE,2026-08-19T16:24:47.494934
45917,,35,35,0,1946,65416,43376,463938,0,68,10,0,0,14:33:5C:6D:AF:58,1,1,ARMED,70.0,0,0,80:02:9C:61:97:4B,11,33,594.6,80:02:9C:61:97:4A,6,0,NONE,2026-08-19T16:24:47.573934
45917,,-61,36,0,711,65416,43376,464006,0,68,10,0,0,14:33:5C:6D:AF:58,1,1,ARMED,70.0,0,0,80:02:9C:61:97:4B,11,24,1065.0,80:02:9C:61:97:4A,6,0,NONE,2026-08-19T16:24:47.641934
45917,,-61,36,292,2,65416,43376,464159,0,68,10,0,0,14:33:5C:6D:AF:58,1,1,ARMED,70.0,0,0,80:02:9C:61:97:4B,11,19,259.7,80:02:9C:61:97:4A,6,0,NONE,2026-08-19T16:24:47.794934
45917,BEACON,-92,5,0,3358,65368,43376,464296,0,68,10,0,0,14:33:5C:6D:AF:58,0,0,ARMED,70.0,0,1,80:02:9C:61:97:4B,11,1,182.5,80:02:9C:61:97:4A,6,0,NONE,2026-08-19T16:24:47.931934
45917,,15,15,0,1471,65416,43376,464550,0,68,10,0,0,14:33:5C:6D:AF:58,0,0,ARMED,70.0,0,0,80:02:9C:61:97:4B,11,10,185.0,80:02:9C:61:97:4A,6,0,NONE,2026-08-19T16:24:48.185934
45917,BEACON,-94,3,0,1474,65416,43376,464813,0,68,10,0,0,14:33:5C:6D:AF:58,0,0,ARMED,70.0,0,1,80:02:9C:61:97:4B,11,2,210.2,80:02:9C:61:97:4A,6,0,NONE,2026-08-19T16:24:48.448934
45917,,-62,35,905,2466,65416,43376,465078,0,68,10,0,0,14:33:5C:6D:AF:58,0,0,ARMED,70.0,0,1,80:02:9C:61:97:4B,11,14,200.6,80:02:9C:61:97:4A,6,0,NONE,2026-08-19T16:24:48.713934
45917,BEACON,-67,30,0,3690,65416,43376,465315,0,68,10,0,0,14:33:5C:6D:AF:58,0,0,ARMED,70.0,0,1,80:02:9C:61:97:4B,11,22,214.8,80:02:9C:61:97:4A,6,0,NONE,2026-08-19T16:24:48.950934
45917,,-88,9,0,1252,65416,43376,465566,0,68,10,0,0,14:33:5C:6D:AF:58,0,0,ARMED,70.0,0,1,80:02:9C:61:97:4B,11,11,239.4,80:02:9C:61:97:4A,6,0,NONE,2026-08-19T16:24:49.201934
45917,MGMT_OTHER,-89,8,2012,1588,65416,43376,465727,0,68,10,0,0,14:33:5C:6D:AF:58,0,1,ARMED,70.0,0,1,80:02:9C:61:97:4B,11,3,699.6,80:02:9C:61:97:4A,6,0,NONE,2026-08-19T16:24:49.362934
45917,MGMT_OTHER,-82,15,390,3513,65416,43376,465790,0,68,10,0,0,14:33:5C:6D:AF:58,0,1,ARMED,70.0,0,1,80:02:9C:61:97:4B,11,53,793.8,80:02:9C:61:97:4A,6,0,NONE,2026-08-19T16:24:49.425934
45917,MGMT_OTHER,-82,15,2061,1819,65416,43376,465848,0,68,10,0,0,14:33:5C:6D:AF:58,1,1,ARMED,70.0,0,1,80:02:9C:61:97:4B,11,16,689.4,80:02:9C:61:97:4A,6,0,NONE,2026-08-19T16:24:49.483934
45917,,-61,36,184,716,65416,43376,465896,0,68,10,0,0,14:33:5C:6D:AF:58,1,1,ARMED,70.0,0,0,80:02:9C:61:97:4B,11,66,929.9,80:02:9C:61:97:4A,6,0,NONE,2026-08-19T16:24:49.531934
45917,,16,16,0,1662,65416,43376,466065,0,68,10,0,0,14:33:5C:6D:AF:58,1,0,ARMED,70.0,0,0,80:02:9C:61:97:4B,11,10,259.2,80:02:9C:61:97:4A,6,0,NONE,2026-08-19T16:24:49.700934
45917,,40,40,0,0,65416,43376,466120,0,68,10,0,0,14:33:5C:6D:AF:58,1,0,ARMED,70.0,0,1,80:02:9C:61:97:4B,11,60,639.3,80:02:9C:61:97:4A,6,0,NONE,2026-08-19T16:24:49.755934
45917,BEACON,-79,18,0,1666,65416,43376,466265,0,68,10,0,0,14:33:5C:6D:AF:58,1,0,ARMED,70.0,0,1,80:02:9C:61:97:4B,11,12,315.9,80:02:9C:61:97:4A,6,0,NONE,2026-08-19T16:24:49.900934
45917,BEACON,-79,18,0,1599,65416,43376,466521,0,68,10,0,0,14:33:5C:6D:AF:58,0,0,ARMED,70.0,0,1,80:02:9C:61:97:4B,11,14,155.7,80:02:9C:61:97:4A,6,0,NONE,2026-08-19T16:24:50.156934
45917,BEACON,-80,17,0,3612,65416,43376,466738,0,68,10,0,0,14:33:5C:6D:AF:58,0,0,ARMED,70.0,0,1,80:02:9C:61:97:4B,11,21,205.0,80:02:9C:61:97:4A,6,0,NONE,2026-08-19T16:24:50.373934
45917,BEACON,-80,17,0,1603,65416,43376,466930,0,68,10,0,0,14:33:5C:6D:AF:58,0,1,ARMED,70.0,0,1,80:02:9C:61:97:4B,11,20,222.5,80:02:9C:61:97:4A,6,0,NONE,2026-08-19T16:24:50.565934
45917,,-61,36,292,33,65416,43376,467144,0,68,10,0,0,14:33:5C:6D:AF:58,0,0,ARMED,70.0,0,0,80:02:9C:61:97:4B,11,25,254.5,80:02:9C:61:97:4A,6,0,NONE,2026-08-19T16:24:50.779934
45917,,-94,3,0,1256,65416,43376,467207,0,68,10,0,0,14:33:5C:6D:AF:58,1,1,ARMED,70.0,0,0,80:02:9C:61:97:4B,11,49,1027.8,80:02:9C:61:97:4A,6,0,NONE,2026-08-19T16:24:50.842934
45917,,18,18,0,3618,65416,43376,467353,0,68,10,0,0,14:33:5C:6D:AF:58,1,1,ARMED,70.0,0,0,80:02:9C:61:97:4B,11,20,215.6,80:02:9C:61:97:4A,6,0,NONE,2026-08-19T16:24:50.988934
45917,,40,40,0,1023,65416,43376,467626,0,68,10,0,0,14:33:5C:6D:AF:58,0,0,ARMED,70.0,0,0,80:02:9C:61:97:4B,11,9,184.7,80:02:9C:61:97:4A,6,0,NONE,2026-08-19T16:24:51.261934
45917,,40,40,0,3719,65416,43376,467877,0,68,10,0,0,14:33:5C:6D:AF:58,1,0,ARMED,70.0,0,0,80:02:9C:61:97:4B,11,18,190.6,80:02:9C:61:97:4A,6,0,NONE,2026-08-19T16:24:51.512934
45917,BEACON,-76,21,0,1684,65416,43376,468108,0,68,10,0,0,14:33:5C:6D:AF:58,0,0,ARMED,70.0,0,1,80:02:9C:61:97:4B,11,6,811.4,80:02:9C:61:97:4A,6,0,NONE,2026-08-19T16:24:51.743934
45917,,40,40,0,1686,65416,43376,468336,0,68,10,0,0,14:33:5C:6D:AF:58,0,0,ARMED,70.0,0,0,80:02:9C:61:97:4B,11,3,127.0,80:02:9C:61:97:4A,6,0,NONE,2026-08-19T16:24:51.971934
45917,,40,40,0,3629,65416,43376,468479,0,68,10,0,0,14:33:5C:6D:AF:58,0,0,ARMED,70.0,0,0,80:02:9C:61:97:4B,11,28,443.7,80:02:9C:61:97:4A,6,0,NONE,2026-08-19T16:24:52.114934
45917,PROBE_REQ,-91,6,351,7,65416,43376,468578,0,68,10,0,0,14:33:5C:6D:AF:58,0,1,ARMED,70.0,0,1,80:02:9C:61:97:4B,11,42,689.8,80:02:9C:61:97:4A,6,0,NONE,2026-08-19T16:24:52.213934
45917,,40,40,0,1620,65416,43376,468676,0,68,10,0,0,14:33:5C:6D:AF:58,1,1,ARMED,70.0,0,0,80:02:9C:61:97:4B,11,31,532.1,80:02:9C:61:97:4A,6,0,NONE,2026-08-19T16:24:52.311934
45917,PROBE_REQ,-89,8,0,1163,65416,43376,468765,0,68,10,0,0,14:33:5C:6D:AF:58,1,1,ARMED,70.0,0,1,80:02:9C:61:97:4B,11,30,657.6,80:02:9C:61:97:4A,6,0,NONE,2026-08-19T16:24:52.400934
45917,,-88,9,84,2429,65416,43376,468832,0,68,10,0,0,14:33:5C:6D:AF:58,1,1,ARMED,70.0,0,1,80:02:9C:61:97:4B,11,10,976.8,80:02:9C:61:97:4A,6,0,NONE,2026-08-19T16:24:52.467934
45917,PROBE_REQ,-90,7,1221,67,65416,43376,468868,0,68,10,0,0,14:33:5C:6D:AF:58,1,1,ARMED,70.0,0,0,80:02:9C:61:97:4B,11,60,1294.5,80:02:9C:61:97:4A,6,0,NONE,2026-08-19T16:24:52.503934
45917,PROBE_REQ,-91,6,125,13,65344,43376,468956,0,68,10,0,0,14:33:5C:6D:AF:58,1,1,ARMED,70.0,0,0,80:02:9C:61:97:4B,11,20,592.3,80:02:9C:61:97:4A,6,0,NONE,2026-08-19T16:24:52.591934
45917,,10,10,0,3634,65416,43376,468993,0,68,10,0,0,14:33:5C:6D:AF:58,1,1,ARMED,70.0,0,0,80:02:9C:61:97:4B,11,70,979.6,80:02:9C:61:97:4A,6,0,NONE,2026-08-19T16:24:52.628934
45917,MGMT_OTHER,-84,13,2048,2407,65416,43376,469067,0,68,10,0,0,14:33:5C:6D:AF:58,1,1,ARMED,70.0,0,1,80:02:9C:61:97:4B,11,40,914.9,80:02:9C:61:97:4A,6,0,NONE,2026-08-19T16:24:52.702934
45917,PROBE_REQ,-90,7,125,3690,65328,43376,469087,0,68,10,0,0,14:33:5C:6D:AF:58,1,1,ARMED,70.0,0,1,80:02:9C:61:97:4B,11,90,1412.3,80:02:9C:61:97:4A,6,0,NONE,2026-08-19T16:24:52.722934
45917,PROBE_REQ,-89,8,147,3230,65344,43376,469127,0,68,10,0,0,14:33:5C:6D:AF:58,1,1,ARMED,70.0,0,1,80:02:9C:61:97:4B,11,10,2828.1,80:02:9C:61:97:4A,6,0,NONE,2026-08-19T16:24:52.762934
45917,PROBE_REQ,-88,9,999,9,65416,43376,469159,0,68,10,0,0,14:33:5C:6D:AF:58,1,1,ARMED,70.0,0,0,80:02:9C:61:97:4B,11,60,1685.1,80:02:9C:61:97:4A,6,0,NONE,2026-08-19T16:24:52.794934
45917,,-83,14,3507,3225,65416,43376,469216,0,68,10,0,0,14:33:5C:6D:AF:58,1,1,ARMED,70.0,0,1,80:02:9C:61:97:4B,11,110,1193.8,80:02:9C:61:97:4A,6,0,NONE,2026-08-19T16:24:52.851934
45917,,16,16,0,1023,64772,43376,469280,0,68,10,0,0,14:33:5C:6D:AF:58,1,1,ARMED,70.0,0,1,80:02:9C:61:97:4B,11,45,837.4,80:02:9C:61:97:4A,6,0,NONE,2026-08-19T16:24:52.915934
45917,MGMT_OTHER,-83,14,2047,2094,65416,43376,469357,0,68,10,0,0,14:33:5C:6D:AF:58,1,1,ARMED,70.0,0,1,80:02:9C:61:97:4B,11,23,778.2,80:02:9C:61:97:4A,6,0,NONE,2026-08-19T16:24:52.992934
45917,MGMT_OTHER,-82,15,2048,3975,65416,43376,469394,0,68,10,0,0,14:33:5C:6D:AF:58,1,1,ARMED,70.0,0,1,80:02:9C:61:97:4B,11,73,1087.9,80:02:9C:61:97:4A,6,0,NONE,2026-08-19T16:24:53.029934
45917,PROBE_REQ,-88,9,125,15,65416,43376,469445,0,68,10,0,0,14:33:5C:6D:AF:58,1,1,ARMED,70.0,0,0,80:02:9C:61:97:4B,11,27,1676.4,80:02:9C:61:97:4A,6,0,NONE,2026-08-19T16:24:53.080934
45917,,-60,37,283,732,65416,43376,469474,0,68,10,0,0,14:33:5C:6D:AF:58,1,1,ARMED,70.0,0,1,80:02:9C:61:97:4B,11,77,1697.4,80:02:9C:61:97:4A,6,0,NONE,2026-08-19T16:24:53.109934
45917,,40,40,0,1521,65416,43376,469626,0,68,10,0,0,14:33:5C:6D:AF:58,1,1,ARMED,70.0,0,0,80:02:9C:61:97:4B,11,26,273.6,80:02:9C:61:97:4A,6,0,NONE,2026-08-19T16:24:53.261934
45917,,18,18,0,1523,65416,43376,469838,0,68,10,0,0,14:33:5C:6D:AF:58,0,0,ARMED,70.0,0,0,80:02:9C:61:97:4B,11,25,246.1,80:02:9C:61:97:4A,6,0,NONE,2026-08-19T16:24:53.473934
45917,BEACON,-80,17,0,3644,65416,43376,470015,0,68,10,0,0,14:33:5C:6D:AF:58,0,1,ARMED,70.0,0,1,80:02:9C:61:97:4B,11,14,182.3,80:02:9C:61:97:4A,6,0,NONE,2026-08-19T16:24:53.650934
45917,,39,39,0,3416,65416,43376,470236,0,68,10,0,0,14:33:5C:6D:AF:58,0,0,ARMED,70.0,0,0,80:02:9C:61:97:4B,11,19,214.9,80:02:9C:61:97:4A,6,0,NONE,2026-08-19T16:24:53.871934
45917,BEACON,-77,20,0,1709,65416,43376,470463,0,68,10,0,0,14:33:5C:6D:AF:58,0,1,ARMED,70.0,0,1,80:02:9C:61:97:4B,11,21,216.8,80:02:9C:61:97:4A,6,0,NONE,2026-08-19T16:24:54.098934
45917,,-56,41,0,3573,65416,43376,470569,0,68,10,0,0,14:33:5C:6D:AF:58,0,1,ARMED,70.0,0,0,80:02:9C:61:97:4B,11,5,5000.0,80:02:9C:61:97:4A,6,0,NONE,2026-08-19T16:24:54.204934
45917,MGMT_OTHER,-82,15,0,328,65416,43376,470682,0,68,10,0,0,14:33:5C:6D:AF:58,0,1,ARMED,70.0,0,1,80:02:9C:61:97:4B,11,3,214.0,80:02:9C:61:97:4A,6,0,NONE,2026-08-19T16:24:54.317934
45917,BEACON,-80,17,74,3652,65416,43376,470834,0,68,10,0,0,14:33:5C:6D:AF:58,0,0,ARMED,70.0,0,1,80:02:9C:61:97:4B,11,30,453.8,80:02:9C:61:97:4A,6,0,NONE,2026-08-19T16:24:54.469934
45917,,14,14,0,2404,65416,43376,470953,0,68,10,0,0,14:33:5C:6D:AF:58,1,1,ARMED,70.0,0,0,80:02:9C:61:97:4B,11,40,477.6,80:02:9C:61:97:4A,6,0,NONE,2026-08-19T16:24:54.588934
45917,PROBE_REQ,-90,7,240,2400,65416,43376,470994,0,68,10,0,0,14:33:5C:6D:AF:58,1,1,ARMED,70.0,0,1,80:02:9C:61:97:4B,11,35,1404.4,80:02:9C:61:97:4A,6,0,NONE,2026-08-19T16:24:54.629934
45917,MGMT_OTHER,-83,14,1207,2618,65416,43376,471069,0,68,10,0,0,14:33:5C:6D:AF:58,1,1,ARMED,70.0,0,1,80:02:9C:61:97:4B,11,85,852.1,80:02:9C:61:97:4A,6,0,NONE,2026-08-19T16:24:54.704934
45917,PROBE_REQ,-90,7,125,13,65416,43376,471090,0,68,10,0,0,14:33:5C:6D:AF:58,1,1,ARMED,70.0,0,0,80:02:9C:61:97:4B,11,49,2663.8,80:02:9C:61:97:4A,6,0,NONE,2026-08-19T16:24:54.725934
45917,PROBE_REQ,-90,7,124,1,65272,43376,471119,0,68,10,0,0,14:33:5C:6D:AF:58,1,1,ARMED,70.0,0,0,80:02:9C:61:97:4B,11,99,2113.4,80:02:9C:61:97:4A,6,0,NONE,2026-08-19T16:24:54.754934
45917,,11,11,0,81,65416,43376,471147,0,68,10,0,0,14:33:5C:6D:AF:58,1,1,ARMED,70.0,0,0,80:02:9C:61:97:4B,11,149,1980.8,80:02:9C:61:97:4A,6,0,NONE,2026-08-19T16:24:54.782934
45917,MGMT_OTHER,-83,14,2019,1023,65416,43376,471196,0,68,10,0,0,14:33:5C:6D:AF:58,1,1,ARMED,70.0,0,1,80:02:9C:61:97:4B,11,49,2083.3,80:02:9C:61:97:4A,6,0,NONE,2026-08-19T16:24:54.831934
45917,MGMT_OTHER,-83,14,2067,455,65416,43376,471265,0,68,10,0,0,14:33:5C:6D:AF:58,1,1,ARMED,70.0,0,1,80:02:9C:61:97:4B,11,99,1064.1,80:02:9C:61:97:4A,6,0,NONE,2026-08-19T16:24:54.900934
45917,,40,40,0,1023,65416,43376,471326,0,68,10,0,0,14:33:5C:6D:AF:58,1,1,ARMED,70.0,0,0,80:02:9C:61:97:4B,11,49,1086.2,80:02:9C:61:97:4A,6,0,NONE,2026-08-19T16:24:54.961934
45917,,40,40,0,385,65416,43376,471527,0,68,10,0,0,14:33:5C:6D:AF:58,1,0,ARMED,70.0,0,1,80:02:9C:61:97:4B,11,12,303.8,80:02:9C:61:97:4A,6,0,NONE,2026-08-19T16:24:55.162934
45917,,-61,36,8238,2496,65416,43376,471748,0,68,10,0,0,14:33:5C:6D:AF:58,0,0,ARMED,70.0,0,1,80:02:9C:61:97:4B,11,11,248.3,80:02:9C:61:97:4A,6,0,NONE,2026-08-19T16:24:55.383934
45917,BEACON,-81,16,0,1652,65416,43376,471948,0,68,10,0,0,14:33:5C:6D:AF:58,1,0,ARMED,70.0,0,1,80:02:9C:61:97:4B,11,7,221.2,80:02:9C:61:97:4A,6,0,NONE,2026-08-19T16:24:55.583934
45917,,-86,11,74,1083,65416,43376,472111,0,68,10,0,0,14:33:5C:6D:AF:58,0,0,ARMED,70.0,0,1,80:02:9C:61:97:4B,11,36,403.5,80:02:9C:61:97:4A,6,0,NONE,2026-08-19T16:24:55.746934
45917,BEACON,-69,28,0,3765,65416,43376,472278,0,68,10,0,0,14:33:5C:6D:AF:58,0,1,ARMED,70.0,0,1,80:02:9C:61:97:4B,11,9,173.0,80:02:9C:61:97:4A,6,0,NONE,2026-08-19T16:24:55.913934
45917,PROBE_RESP,-79,18,0,1158,65416,43376,472460,0,68,10,0,0,14:33:5C:6D:AF:58,1,0,ARMED,70.0,0,1,80:02:9C:61:97:4B,11,11,415.4,80:02:9C:61:97:4A,6,0,NONE,2026-08-19T16:24:56.095934
45917,MGMT_OTHER,-82,15,0,2157,65416,43376,472627,0,68,10,0,0,14:33:5C:6D:AF:58,0,1,ARMED,70.0,0,1,80:02:9C:61:97:4B,11,30,330.0,80:02:9C:61:97:4A,6,0,NONE,2026-08-19T16:24:56.262934
45917,BEACON,-94,3,0,3440,65416,43376,472703,0,68,10,0,0,14:33:5C:6D:AF:58,0,1,ARMED,70.0,0,1,80:02:9C:61:97:4B,11,49,970.1,80:02:9C:61:97:4A,6,0,NONE,2026-08-19T16:24:56.338934
45917,BEACON,-78,19,0,1734,65416,43376,472921,0,68,10,0,0,14:33:5C:6D:AF:58,0,0,ARMED,70.0,0,1,80:02:9C:61:97:4B,11,14,275.1,80:02:9C:61:97:4A,6,0,NONE,2026-08-19T16:24:56.556934
45917,PROBE_REQ,-88,9,125,1225,65400,43376,473061,0,68,10,0,0,14:33:5C:6D:AF:58,0,0,ARMED,70.0,0,1,80:02:9C:61:97:4B,11,42,470.1,80:02:9C:61:97:4A,6,0,NONE,2026-08-19T16:24:56.696934
45917,,-62,35,0,2504,65428,43376,473096,0,68,10,0,0,14:33:5C:6D:AF:58,1,1,ARMED,70.0,0,1,80:02:9C:61:97:4B,11,30,1286.4,80:02:9C:61:97:4A,6,0,NONE,2026-08-19T16:24:56.731934
45917,MGMT_OTHER,-83,14,4109,466,65428,43376,473192,0,68,10,0,0,14:33:5C:6D:AF:58,1,1,ARMED,70.0,0,1,80:02:9C:61:97:4B,11,6,299.9,80:02:9C:61:97:4A,6,0,NONE,2026-08-19T16:24:56.827934
45917,MGMT_OTHER,-82,15,6033,2790,64784,43376,473296,0,68,10,0,0,14:33:5C:6D:AF:58,1,1,ARMED,70.0,0,1,80:02:9C:61:97:4B,11,11,481.6,80:02:9C:61:97:4A,6,0,NONE,2026-08-19T16:24:56.931934
45917,MGMT_OTHER,-83,14,306,3284,65428,43376,473375,0,68,10,0,0,14:33:5C:6D:AF:58,1,1,ARMED,70.0,0,1,80:02:9C:61:97:4B,11,2,832.3,80:02:9C:61:97:4A,6,0,NONE,2026-08-19T16:24:57.010934
45917,,16,16,0,1023,65428,43376,473446,0,68,10,0,0,14:33:5C:6D:AF:58,1,1,ARMED,70.0,0,1,80:02:9C:61:97:4B,11,52,716.5,80:02:9C:61:97:4A,6,0,NONE,2026-08-19T16:24:57.081934
45917,BEACON,-80,17,0,3679,65428,43376,473599,0,68,10,0,0,14:33:5C:6D:AF:58,1,1,ARMED,70.0,0,1,80:02:9C:61:97:4B,11,5,220.6,80:02:9C:61:97:4A,6,0,NONE,2026-08-19T16:24:57.234934
45917,,11,11,0,3122,65428,43376,473805,0,68,10,0,0,14:33:5C:6D:AF:58,0,1,ARMED,70.0,0,1,80:02:9C:61:97:4B,11,4,214.9,80:02:9C:61:97:4A,6,0,NONE,2026-08-19T16:24:57.440934
45917,,40,40,0,1023,65428,43376,474029,0,68,10,0,0,14:33:5C:6D:AF:58,1,0,ARMED,70.0,0,1,80:02:9C:61:97:4B,11,12,281.2,80:02:9C:61:97:4A,6,0,NONE,2026-08-19T16:24:57.664934
45917,MGMT_OTHER,6,6,0,1023,65428,43376,474085,0,68,10,0,0,14:33:5C:6D:AF:58,1,0,ARMED,70.0,0,1,80:02:9C:61:97:4B,11,62,630.8,80:02:9C:61:97:4A,6,0,NONE,2026-08-19T16:24:57.720934
45917,,-94,3,9333,821,65428,43376,474279,0,68,10,0,0,14:33:5C:6D:AF:58,0,1,ARMED,70.0,0,1,80:02:9C:61:97:4B,11,16,205.5,80:02:9C:61:97:4A,6,0,NONE,2026-08-19T16:24:57.914934
45917,MGMT_OTHER,17,17,0,3789,65428,43376,474557,0,68,10,0,0,14:33:5C:6D:AF:58,0,0,ARMED,70.0,0,0,80:02:9C:61:97:4B,11,7,143.3,80:02:9C:61:97:4A,6,0,NONE,2026-08-19T16:24:58.192934
45917,MGMT_OTHER,40,40,0,1750,65428,43376,474766,0,68,10,0,0,14:33:5C:6D:AF:58,0,0,ARMED,70.0,0,0,80:02:9C:61:97:4B,11,20,387.7,80:02:9C:61:97:4A,6,0,NONE,2026-08-19T16:24:58.401934
45917,,-63,34,132,756,65428,43376,474912,0,68,10,0,0,14:33:5C:6D:AF:58,0,1,ARMED,70.0,0,1,80:02:9C:61:97:4B,11,33,340.2,80:02:9C:61:97:4A,6,0,NONE,2026-08-19T16:24:58.547934
45917,,-56,41,0,3643,65428,43376,475000,0,68,10,0,0,14:33:5C:6D:AF:58,0,1,ARMED,70.0,0,0,80:02:9C:61:97:4B,11,49,685.7,80:02:9C:61:97:4A,6,0,NONE,2026-08-19T16:24:58.635934
45917,,17,17,0,1684,65416,43376,475228,0,68,10,0,0,14:33:5C:6D:AF:58,0,0,ARMED,70.0,0,0,80:02:9C:61:97:4B,11,20,215.1,80:02:9C:61:97:4A,6,0,NONE,2026-08-19T16:24:58.863934
45917,,16,16,0,1578,65416,43376,475478,0,68,10,0,0,14:33:5C:6D:AF:58,0,0,ARMED,70.0,0,0,80:02:9C:61:97:4B,11,6,198.8,80:02:9C:61:97:4A,6,0,NONE,2026-08-19T16:24:59.113934
45917,PROBE_REQ,-89,8,716,425,65400,43376,475645,0,68,10,0,0,14:33:5C:6D:AF:58,0,0,ARMED,70.0,0,1,80:02:9C:61:97:4B,11,39,435.2,80:02:9C:61:97:4A,6,0,NONE,2026-08-19T16:24:59.280934
45917,MGMT_OTHER,-87,10,744,2628,65416,43376,475714,0,68,10,0,0,14:33:5C:6D:AF:58,0,1,ARMED,70.0,0,1,80:02:9C:61:97:4B,11,49,1102.9,80:02:9C:61:97:4A,6,0,NONE,2026-08-19T16:24:59.349934
45917,BEACON,-94,3,1113,1581,65416,43376,475769,0,68,10,0,0,14:33:5C:6D:AF:58,0,1,ARMED,70.0,0,1,80:02:9C:61:97:4B,11,99,992.4,80:02:9C:61:97:4A,6,0,NONE,2026-08-19T16:24:59.404934
45917,MGMT_OTHER,-86,11,1851,1812,65416,43376,475832,0,68,10,0,0,14:33:5C:6D:AF:58,1,1,ARMED,70.0,0,1,80:02:9C:61:97:4B,11,49,1048.1,80:02:9C:61:97:4A,6,0,NONE,2026-08-19T16:24:59.467934
45917,DEAUTH,-90,7,1979,0,65400,43376,475884,0,68,10,0,0,14:33:5C:6D:AF:58,1,1,ARMED,70.0,0,1,80:02:9C:61:97:4B,11,99,1002.9,80:02:9C:61:97:4A,6,0,NONE,2026-08-19T16:24:59.519934
45917,MGMT_OTHER,-88,9,452,2712,65416,43376,475938,0,68,10,0,0,14:33:5C:6D:AF:58,1,1,ARMED,70.0,0,1,80:02:9C:61:97:4B,11,49,1296.8,80:02:9C:61:97:4A,6,0,NONE,2026-08-19T16:24:59.573934
45917,,40,40,0,1023,65416,43376,476136,0,68,10,0,0,14:33:5C:6D:AF:58,1,0,ARMED,70.0,0,0,80:02:9C:61:97:4B,11,5,170.5,80:02:9C:61:97:4A,6,0,NONE,2026-08-19T16:24:59.771934
45917,MGMT_OTHER,-88,9,48,1680,65416,43376,476288,0,68,10,0,0,14:33:5C:6D:AF:58,0,1,ARMED,70.0,0,1,80:02:9C:61:97:4B,11,23,287.4,80:02:9C:61:97:4A,6,0,NONE,2026-08-19T16:24:59.923934
45917,,40,40,0,3482,65416,43376,476397,0,68,10,0,0,14:33:5C:6D:AF:58,0,1,ARMED,70.0,0,1,80:02:9C:61:97:4B,11,29,328.3,80:02:9C:61:97:4A,6,0,NONE,2026-08-19T16:25:00.032934
45917,MGMT_OTHER,-87,10,49,3372,65416,43376,476440,0,68,10,0,0,14:33:5C:6D:AF:58,1,1,ARMED,70.0,0,1,80:02:9C:61:97:4B,11,49,1787.6,80:02:9C:61:97:4A,6,0,NONE,2026-08-19T16:25:00.075934
45917,,8,8,0,1116,65416,43376,476528,0,68,10,0,0,14:33:5C:6D:AF:58,1,1,ARMED,70.0,0,0,80:02:9C:61:97:4B,11,5,430.0,80:02:9C:61:97:4A,6,0,NONE,2026-08-19T16:25:00.163934
45917,,-61,36,7148,179,65416,43376,476774,0,68,10,0,0,14:33:5C:6D:AF:58,0,0,ARMED,70.0,0,1,80:02:9C:61:97:4B,11,12,250.7,80:02:9C:61:97:4A,6,0,NONE,2026-08-19T16:25:00.409934
45917,,40,40,0,0,65416,43376,476887,0,68,10,0,0,14:33:5C:6D:AF:58,0,1,ARMED,70.0,0,1,80:02:9C:61:97:4B,11,10,197.0,80:02:9C:61:97:4A,6,0,NONE,2026-08-19T16:25:00.522934
45917,BEACON,-81,16,0,1703,65416,43376,477170,0,68,10,0,0,14:33:5C:6D:AF:58,0,0,ARMED,70.0,0,1,80:02:9C:61:97:4B,11,3,153.3,80:02:9C:61:97:4A,6,0,NONE,2026-08-19T16:25:00.805934
45917,,14,14,0,3486,65416,43376,477418,0,68,10,0,0,14:33:5C:6D:AF:58,0,0,ARMED,70.0,0,0,80:02:9C:61:97:4B,11,11,213.1,80:02:9C:61:97:4A,6,0,NONE,2026-08-19T16:25:01.053934
45917,,-61,36,292,210,65416,43376,477548,0,68,10,0,0,14:33:5C:6D:AF:58,0,0,ARMED,70.0,0,0,80:02:9C:61:97:4B,11,44,623.0,80:02:9C:61:97:4A,6,0,NONE,2026-08-19T16:25:01.183934
45917,,14,14,0,1600,65416,43376,477744,0,68,10,0,0,14:33:5C:6D:AF:58,0,0,ARMED,70.0,0,0,80:02:9C:61:97:4B,11,14,226.1,80:02:9C:61:97:4A,6,0,NONE,2026-08-19T16:25:01.379934
45917,,14,14,0,1023,65416,43376,477868,0,68,10,0,0,14:33:5C:6D:AF:58,0,0,ARMED,70.0,0,1,80:02:9C:61:97:4B,11,43,518.7,80:02:9C:61:97:4A,6,0,NONE,2026-08-19T16:25:01.503934
45917,,14,14,0,3723,65416,43376,478108,0,68,10,0,0,14:33:5C:6D:AF:58,0,0,ARMED,70.0,0,0,80:02:9C:61:97:4B,11,4,252.0,80:02:9C:61:97:4A,6,0,NONE,2026-08-19T16:25:01.743934
45917,,13,13,0,1789,65416,43376,478359,0,68,10,0,0,14:33:5C:6D:AF:58,0,0,ARMED,70.0,0,0,80:02:9C:61:97:4B,11,13,207.9,80:02:9C:61:97:4A,6,0,NONE,2026-08-19T16:25:01.994934
45917,BEACON,-80,17,0,1717,65416,43376,478604,0,68,10,0,0,14:33:5C:6D:AF:58,0,0,ARMED,70.0,0,1,80:02:9C:61:97:4B,11,25,244.2,80:02:9C:61:97:4A,6,0,NONE,2026-08-19T16:25:02.239934
45917,,41,41,0,1611,65416,43376,478846,0,68,10,0,0,14:33:5C:6D:AF:58,0,0,ARMED,70.0,0,0,80:02:9C:61:97:4B,11,12,321.2,80:02:9C:61:97:4A,6,0,NONE,2026-08-19T16:25:02.481934
45917,,40,40,0,1023,65416,43376,479096,0,68,10,0,0,14:33:5C:6D:AF:58,0,0,ARMED,70.0,0,1,80:02:9C:61:97:4B,11,19,231.6,80:02:9C:61:97:4A,6,0,NONE,2026-08-19T16:25:02.731934
45917,,41,41,0,1798,65416,43376,479306,0,68,10,0,0,14:33:5C:6D:AF:58,0,0,ARMED,70.0,0,0,80:02:9C:61:97:4B,11,21,239.2,80:02:9C:61:97:4A,6,0,NONE,2026-08-19T16:25:02.941934
45917,,40,40,0,1726,65416,43376,479536,0,68,10,0,0,14:33:5C:6D:AF:58,0,0,ARMED,70.0,0,0,80:02:9C:61:97:4B,11,1,94.7,80:02:9C:61:97:4A,6,0,NONE,2026-08-19T16:25:03.171934
45917,DEAUTH,-91,6,0,3436,65416,43376,479676,0,68,10,0,0,14:33:5C:6D:AF:58,0,0,ARMED,70.0,0,1,80:02:9C:61:97:4B,11,31,643.0,80:02:9C:61:97:4A,6,0,NONE,2026-08-19T16:25:03.311934
45917,,15,15,0,2165,65416,43376,479715,0,68,10,0,0,14:33:5C:6D:AF:58,0,0,ARMED,70.0,0,1,80:02:9C:61:97:4B,11,81,933.2,80:02:9C:61:97:4A,6,0,NONE,2026-08-19T16:25:03.350934
45917,MGMT_OTHER,-82,15,333,3783,65416,43376,479779,0,68,10,0,0,14:33:5C:6D:AF:58,1,1,ARMED,70.0,0,1,80:02:9C:61:97:4B,11,49,1005.5,80:02:9C:61:97:4A,6,0,NONE,2026-08-19T16:25:03.414934
45917,,40,40,0,1804,65416,43376,479886,0,68,10,0,0,14:33:5C:6D:AF:58,1,1,ARMED,70.0,0,0,80:02:9C:61:97:4B,11,13,244.8,80:02:9C:61:97:4A,6,0,NONE,2026-08-19T16:25:03.521934
45917,,-56,41,0,3698,65416,43376,480054,0,68,10,0,0,14:33:5C:6D:AF:58,1,1,ARMED,70.0,0,0,80:02:9C:61:97:4B,11,21,1308.2,80:02:9C:61:97:4A,6,0,NONE,2026-08-19T16:25:03.689934
45917,BEACON,-90,7,7459,3514,65416,43376,480271,0,68,10,0,0,14:33:5C:6D:AF:58,1,0,ARMED,70.0,0,1,80:02:9C:61:97:4B,11,4,141.0,80:02:9C:61:97:4A,6,0,NONE,2026-08-19T16:25:03.906934
45917,,40,40,0,1736,65416,43376,480556,0,68,10,0,0,14:33:5C:6D:AF:58,0,0,ARMED,70.0,0,0,80:02:9C:61:97:4B,11,1,152.9,80:02:9C:61:97:4A,6,0,NONE,2026-08-19T16:25:04.191934
45917,,12,12,0,1023,65416,43376,480748,0,68,10,0,0,14:33:5C:6D:AF:58,0,0,ARMED,70.0,0,0,80:02:9C:61:97:4B,11,24,250.9,80:02:9C:61:97:4A,6,0,NONE,2026-08-19T16:25:04.383934
45917,,-58,39,0,3704,65416,43376,480991,0,68,10,0,0,14:33:5C:6D:AF:58,0,0,ARMED,70.0,0,1,80:02:9C:61:97:4B,11,7,362.7,80:02:9C:61:97:4A,6,0,NONE,2026-08-19T16:25:04.626934
45917,,-56,41,0,3723,65416,43376,481043,0,68,10,0,0,14:33:5C:6D:AF:58,0,0,ARMED,70.0,0,0,80:02:9C:61:97:4B,11,57,801.6,80:02:9C:61:97:4A,6,0,NONE,2026-08-19T16:25:04.678934
45917,BEACON,-67,30,52,3863,65416,43376,481187,0,68,10,0,0,14:33:5C:6D:AF:58,0,1,ARMED,70.0,0,1,80:02:9C:61:97:4B,11,6,553.7,80:02:9C:61:97:4A,6,0,NONE,2026-08-19T16:25:04.822934
45917,PROBE_RESP,-81,16,0,1770,65416,43376,481424,0,68,10,0,0,14:33:5C:6D:AF:58,0,0,ARMED,70.0,0,1,80:02:9C:61:97:4B,11,9,210.6,80:02:9C:61:97:4A,6,0,NONE,2026-08-19T16:25:05.059934
45917,,41,41,0,1823,65416,43376,481636,0,68,10,0,0,14:33:5C:6D:AF:58,0,0,ARMED,70.0,0,0,80:02:9C:61:97:4B,11,13,259.7,80:02:9C:61:97:4A,6,0,NONE,2026-08-19T16:25:05.271934
45917,BEACON,-80,17,0,1749,65416,43376,481881,0,68,10,0,0,14:33:5C:6D:AF:58,0,0,ARMED,70.0,0,1,80:02:9C:61:97:4B,11,20,222.2,80:02:9C:61:97:4A,6,0,NONE,2026-08-19T16:25:05.516934
45917,BEACON,-79,18,0,1751,65416,43376,482086,0,68,10,0,0,14:33:5C:6D:AF:58,1,1,ARMED,70.0,0,1,80:02:9C:61:97:4B,11,17,195.5,80:02:9C:61:97:4A,6,0,NONE,2026-08-19T16:25:05.721934
45917,,40,40,0,1645,65416,43376,482326,0,68,10,0,0,14:33:5C:6D:AF:58,0,0,ARMED,70.0,0,0,80:02:9C:61:97:4B,11,6,255.9,80:02:9C:61:97:4A,6,0,NONE,2026-08-19T16:25:05.961934
45917,,41,41,0,3536,65416,43376,482536,0,68,10,0,0,14:33:5C:6D:AF:58,0,0,ARMED,70.0,0,0,80:02:9C:61:97:4B,11,7,310.8,80:02:9C:61:97:4A,6,0,NONE,2026-08-19T16:25:06.171934
45917,,41,41,0,3769,65416,43376,482816,0,68,10,0,0,14:33:5C:6D:AF:58,0,0,ARMED,70.0,0,0,80:02:9C:61:97:4B,11,18,180.2,80:02:9C:61:97:4A,6,0,NONE,2026-08-19T16:25:06.451934
45917,MGMT_OTHER,-82,15,911,3759,65416,43376,482983,0,68,10,0,0,14:33:5C:6D:AF:58,0,0,ARMED,70.0,0,1,80:02:9C:61:97:4B,11,25,503.7,80:02:9C:61:97:4A,6,0,NONE,2026-08-19T16:25:06.618934
45917,PROBE_REQ,-88,9,0,7,65344,43376,483059,0,68,10,0,0,14:33:5C:6D:AF:58,0,1,ARMED,70.0,0,1,80:02:9C:61:97:4B,11,21,818.2,80:02:9C:61:97:4A,6,0,NONE,2026-08-19T16:25:06.694934
45917,MGMT_OTHER,-83,14,2088,1907,65416,43376,483166,0,68,10,0,0,14:33:5C:6D:AF:58,0,1,ARMED,70.0,0,1,80:02:9C:61:97:4B,11,17,543.6,80:02:9C:61:97:4A,6,0,NONE,2026-08-19T16:25:06.801934
45917,,41,41,0,1023,65416,43376,483226,0,68,10,0,0,14:33:5C:6D:AF:58,0,1,ARMED,70.0,0,1,80:02:9C:61:97:4B,11,67,732.5,80:02:9C:61:97:4A,6,0,NONE,2026-08-19T16:25:06.861934
45917,PROBE_REQ,-87,10,580,3,65344,43376,483280,0,68,10,0,0,14:33:5C:6D:AF:58,0,1,ARMED,70.0,0,1,80:02:9C:61:97:4B,11,49,1269.7,80:02:9C:61:97:4A,6,0,NONE,2026-08-19T16:25:06.915934
45917,PROBE_REQ,-89,8,124,5,65344,43376,483303,0,68,10,0,0,14:33:5C:6D:AF:58,0,1,ARMED,70.0,0,0,80:02:9C:61:97:4B,11,99,1611.4,80:02:9C:61:97:4A,6,0,NONE,2026-08-19T16:25:06.938934
45917,,-87,10,0,1129,65416,43376,483369,0,68,10,0,0,14:33:5C:6D:AF:58,0,1,ARMED,70.0,0,1,80:02:9C:61:97:4B,11,7,261.8,80:02:9C:61:97:4A,6,0,NONE,2026-08-19T16:25:07.004934
45917,,12,12,0,1843,65416,43376,483608,0,68,10,0,0,14:33:5C:6D:AF:58,0,0,ARMED,70.0,0,0,80:02:9C:61:97:4B,11,9,145.3,80:02:9C:61:97:4A,6,0,NONE,2026-08-19T16:25:07.243934
45917,,16,16,0,1845,65416,43376,483818,0,68,10,0,0,14:33:5C:6D:AF:58,1,0,ARMED,70.0,0,0,80:02:9C:61:97:4B,11,13,198.3,80:02:9C:61:97:4A,6,0,NONE,2026-08-19T16:25:07.453934
45917,,16,16,0,249,65416,43376,484019,0,68,10,0,0,14:33:5C:6D:AF:58,0,0,ARMED,70.0,0,0,80:02:9C:61:97:4B,11,18,286.2,80:02:9C:61:97:4A,6,0,NONE,2026-08-19T16:25:07.654934
45917,,40,40,0,1849,65416,43376,484216,0,68,10,0,0,14:33:5C:6D:AF:58,0,0,ARMED,70.0,0,0,80:02:9C:61:97:4B,11,11,202.5,80:02:9C:61:97:4A,6,0,NONE,2026-08-19T16:25:07.851934
45917,,-56,41,377,3761,65416,43376,484337,0,68,10,0,0,14:33:5C:6D:AF:58,0,0,ARMED,70.0,0,0,80:02:9C:61:97:4B,11,37,508.9,80:02:9C:61:97:4A,6,0,NONE,2026-08-19T16:25:07.972934
45917,,40,40,0,0,65008,43376,484488,0,68,10,0,0,14:33:5C:6D:AF:58,0,0,ARMED,70.0,0,0,80:02:9C:61:97:4B,11,19,1189.0,80:02:9C:61:97:4A,6,0,NONE,2026-08-19T16:25:08.123934
45917,BEACON,-79,18,0,3786,65416,43376,484556,0,68,10,0,0,14:33:5C:6D:AF:58,0,0,ARMED,70.0,0,1,80:02:9C:61:97:4B,11,69,822.9,80:02:9C:61:97:4A,6,0,NONE,2026-08-19T16:25:08.191934
45917,BEACON,-93,4,0,1669,65416,43376,484784,0,68,10,0,0,14:33:5C:6D:AF:58,1,1,ARMED,70.0,0,1,80:02:9C:61:97:4B,11,1,256.9,80:02:9C:61:97:4A,6,0,NONE,2026-08-19T16:25:08.419934
45917,,40,40,0,1858,65416,43376,485026,0,68,10,0,0,14:33:5C:6D:AF:58,1,0,ARMED,70.0,0,0,80:02:9C:61:97:4B,11,7,170.9,80:02:9C:61:97:4A,6,0,NONE,2026-08-19T16:25:08.661934
45917,,19,19,0,1782,65416,43376,485267,0,68,10,0,0,14:33:5C:6D:AF:58,1,0,ARMED,70.0,0,0,80:02:9C:61:97:4B,11,12,156.1,80:02:9C:61:97:4A,6,0,NONE,2026-08-19T16:25:08.902934
45917,,19,19,0,1676,65416,43376,485504,0,68,10,0,0,14:33:5C:6D:AF:58,0,0,ARMED,70.0,0,0,80:02:9C:61:97:4B,11,2,319.5,80:02:9C:61:97:4A,6,0,NONE,2026-08-19T16:25:09.139934
45917,,-90,7,72,1269,65416,43376,485719,0,68,10,0,0,14:33:5C:6D:AF:58,0,0,ARMED,70.0,0,1,80:02:9C:61:97:4B,11,5,302.4,80:02:9C:61:97:4A,6,0,NONE,2026-08-19T16:25:09.354934
45917,,32,32,0,1867,65416,43376,485926,0,68,10,0,0,14:33:5C:6D:AF:58,0,0,ARMED,70.0,0,0,80:02:9C:61:97:4B,11,5,267.7,80:02:9C:61:97:4A,6,0,NONE,2026-08-19T16:25:09.561934
45917,,40,40,0,1023,65416,43376,486176,0,68,10,0,0,14:33:5C:6D:AF:58,0,0,ARMED,70.0,0,0,80:02:9C:61:97:4B,11,10,155.2,80:02:9C:61:97:4A,6,0,NONE,2026-08-19T16:25:09.811934
45917,MGMT_OTHER,-80,17,798,813,65416,43376,486384,0,68,10,0,0,14:33:5C:6D:AF:58,0,0,ARMED,70.0,0,1,80:02:9C:61:97:4B,11,25,371.3,80:02:9C:61:97:4A,6,0,NONE,2026-08-19T16:25:10.019934
45917,MGMT_OTHER,-80,17,48,1047,65416,43376,486446,0,68,10,0,0,14:33:5C:6D:AF:58,1,1,ARMED,70.0,0,1,80:02:9C:61:97:4B,11,26,899.8,80:02:9C:61:97:4A,6,0,NONE,2026-08-19T16:25:10.081934
45917,,-56,41,559,3783,65416,43376,486509,0,68,10,0,0,14:33:5C:6D:AF:58,1,1,ARMED,70.0,0,1,80:02:9C:61:97:4B,11,76,825.3,80:02:9C:61:97:4A,6,0,NONE,2026-08-19T16:25:10.144934
45917,,-89,8,0,1273,65416,43376,486737,0,68,10,0,0,14:33:5C:6D:AF:58,0,0,ARMED,70.0,0,1,80:02:9C:61:97:4B,11,1,132.1,80:02:9C:61:97:4A,6,0,NONE,2026-08-19T16:25:10.372934
45917,,7,7,0,1877,65416,43376,486980,0,68,10,0,0,14:33:5C:6D:AF:58,0,0,ARMED,70.0,0,0,80:02:9C:61:97:4B,11,8,207.0,80:02:9C:61:97:4A,6,0,NONE,2026-08-19T16:25:10.615934
45917,PROBE_REQ,-90,7,514,3225,65416,43376,487089,0,68,10,0,0,14:33:5C:6D:AF:58,1,1,ARMED,70.0,0,1,80:02:9C:61:97:4B,11,22,511.6,80:02:9C:61:97:4A,6,0,NONE,2026-08-19T16:25:10.724934
45917,,40,40,0,3582,65416,43376,487236,0,68,10,0,0,14:33:5C:6D:AF:58,1,1,ARMED,70.0,0,0,80:02:9C:61:97:4B,11,22,244.8,80:02:9C:61:97:4A,6,0,NONE,2026-08-19T16:25:10.871934
45917,,41,41,0,1882,65416,43376,487486,0,68,10,0,0,14:33:5C:6D:AF:58,0,0,ARMED,70.0,0,0,80:02:9C:61:97:4B,11,1,51.4,80:02:9C:61:97:4A,6,0,NONE,2026-08-19T16:25:11.121934
45917,,40,40,0,1805,65416,43376,487616,0,68,10,0,0,14:33:5C:6D:AF:58,0,0,ARMED,70.0,0,0,80:02:9C:61:97:4B,11,33,699.6,80:02:9C:61:97:4A,6,0,NONE,2026-08-19T16:25:11.251934
45917,,40,40,0,1886,65416,43376,487886,0,68,10,0,0,14:33:5C:6D:AF:58,0,0,ARMED,70.0,0,0,80:02:9C:61:97:4B,11,17,158.5,80:02:9C:61:97:4A,6,0,NONE,2026-08-19T16:25:11.521934
45917,MGMT_OTHER,-90,7,197,3770,65416,43376,488016,0,68,10,0,0,14:33:5C:6D:AF:58,0,1,ARMED,70.0,0,1,80:02:9C:61:97:4B,11,6,464.8,80:02:9C:61:97:4A,6,0,NONE,2026-08-19T16:25:11.651934
45917,,16,16,0,3590,65416,43376,488069,0,68,10,0,0,14:33:5C:6D:AF:58,0,1,ARMED,70.0,0,0,80:02:9C:61:97:4B,11,56,859.7,80:02:9C:61:97:4A,6,0,NONE,2026-08-19T16:25:11.704934
45917,,40,40,0,1812,65416,43376,488337,0,68,10,0,0,14:33:5C:6D:AF:58,0,0,ARMED,70.0,0,0,80:02:9C:61:97:4B,11,5,241.7,80:02:9C:61:97:4A,6,0,NONE,2026-08-19T16:25:11.972934
45917,,15,15,0,1893,65416,43376,488616,0,68,10,0,0,14:33:5C:6D:AF:58,0,0,ARMED,70.0,0,0,80:02:9C:61:97:4B,11,18,209.9,80:02:9C:61:97:4A,6,0,NONE,2026-08-19T16:25:12.251934
45917,BEACON,-95,2,0,1709,65416,43376,488877,0,68,10,0,0,14:33:5C:6D:AF:58,0,0,ARMED,70.0,0,1,80:02:9C:61:97:4B,11,9,276.1,80:02:9C:61:97:4A,6,0,NONE,2026-08-19T16:25:12.512934
45917,,14,14,0,2280,65416,43376,489030,0,68,10,0,0,14:33:5C:6D:AF:58,0,1,ARMED,70.0,0,0,80:02:9C:61:97:4B,11,17,203.1,80:02:9C:61:97:4A,6,0,NONE,2026-08-19T16:25:12.665934
45917,,40,40,0,1023,65416,43376,489236,0,68,10,0,0,14:33:5C:6D:AF:58,0,0,ARMED,70.0,0,1,80:02:9C:61:97:4B,11,24,282.9,80:02:9C:61:97:4A,6,0,NONE,2026-08-19T16:25:12.871934
45917,BEACON,-79,18,0,3835,65416,43376,489573,0,68,10,0,0,14:33:5C:6D:AF:58,0,0,ARMED,70.0,0,1,80:02:9C:61:97:4B,11,17,166.0,80:02:9C:61:97:4A,6,0,NONE,2026-08-19T16:25:13.208934
45917,,14,14,0,1827,65416,43376,489871,0,68,10,0,0,14:33:5C:6D:AF:58,0,0,ARMED,70.0,0,0,80:02:9C:61:97:4B,11,17,181.7,80:02:9C:61:97:4A,6,0,NONE,2026-08-19T16:25:13.506934
45917,,41,41,0,21,65416,43376,490136,0,68,10,0,0,14:33:5C:6D:AF:58,0,0,ARMED,70.0,0,0,80:02:9C:61:97:4B,11,9,223.2,80:02:9C:61:97:4A,6,0,NONE,2026-08-19T16:25:13.771934
45917,,40,40,0,3964,65416,43376,490409,0,68,10,0,0,14:33:5C:6D:AF:58,0,0,ARMED,70.0,0,0,80:02:9C:61:97:4B,11,1,177.4,80:02:9C:61:97:4A,6,0,NONE,2026-08-19T16:25:14.044934
45917,,-61,36,0,419,65416,43376,490600,0,68,10,0,0,14:33:5C:6D:AF:58,0,0,ARMED,70.0,0,0,80:02:9C:61:97:4B,11,33,349.4,80:02:9C:61:97:4A,6,0,NONE,2026-08-19T16:25:14.235934
45917,,39,39,0,3969,65416,43376,490816,0,68,10,0,0,14:33:5C:6D:AF:58,0,0,ARMED,70.0,0,0,80:02:9C:61:97:4B,11,2,199.0,80:02:9C:61:97:4A,6,0,NONE,2026-08-19T16:25:14.451934
45917,,12,12,0,1023,65416,43376,491058,0,68,10,0,0,14:33:5C:6D:AF:58,0,0,ARMED,70.0,0,1,80:02:9C:61:97:4B,11,14,343.8,80:02:9C:61:97:4A,6,0,NONE,2026-08-19T16:25:14.693934
45917,BEACON,-80,17,0,1841,65416,43376,491302,0,68,10,0,0,14:33:5C:6D:AF:58,0,0,ARMED,70.0,0,1,80:02:9C:61:97:4B,11,14,176.1,80:02:9C:61:97:4A,6,0,NONE,2026-08-19T16:25:14.937934
45917,,-61,36,292,444,65416,43376,491403,0,68,10,0,0,14:33:5C:6D:AF:58,0,0,ARMED,70.0,0,0,80:02:9C:61:97:4B,11,44,558.2,80:02:9C:61:97:4A,6,0,NONE,2026-08-19T16:25:15.038934
45917,,17,17,0,1844,65416,43376,491609,0,68,10,0,0,14:33:5C:6D:AF:58,0,0,ARMED,70.0,0,0,80:02:9C:61:97:4B,11,19,237.7,80:02:9C:61:97:4A,6,0,NONE,2026-08-19T16:25:15.244934
45917,,16,16,0,3856,65416,43376,491726,0,68,10,0,0,14:33:5C:6D:AF:58,0,0,ARMED,70.0,0,0,80:02:9C:61:97:4B,11,49,533.0,80:02:9C:61:97:4A,6,0,NONE,2026-08-19T16:25:15.361934
45917,BEACON,-80,17,0,3858,65416,43376,491928,0,68,10,0,0,14:33:5C:6D:AF:58,1,0,ARMED,70.0,0,1,80:02:9C:61:97:4B,11,18,218.6,80:02:9C:61:97:4A,6,0,NONE,2026-08-19T16:25:15.563934
45917,BEACON,-93,4,5505,1741,65416,43376,492154,0,68,10,0,0,14:33:5C:6D:AF:58,0,0,ARMED,70.0,0,1,80:02:9C:61:97:4B,11,22,214.5,80:02:9C:61:97:4A,6,0,NONE,2026-08-19T16:25:15.789934
45917,MGMT_OTHER,-91,6,0,298,65416,43376,492401,0,68,10,0,0,14:33:5C:6D:AF:58,0,0,ARMED,70.0,0,1,80:02:9C:61:97:4B,11,5,203.3,80:02:9C:61:97:4A,6,0,NONE,2026-08-19T16:25:16.036934
45917,BEACON,-79,18,0,3865,65416,43376,492645,0,68,10,0,0,14:33:5C:6D:AF:58,1,0,ARMED,70.0,0,1,80:02:9C:61:97:4B,11,10,168.6,80:02:9C:61:97:4A,6,0,NONE,2026-08-19T16:25:16.280934
45917,,40,40,0,3991,65416,43376,492866,0,68,10,0,0,14:33:5C:6D:AF:58,0,0,ARMED,70.0,0,0,80:02:9C:61:97:4B,11,14,187.8,80:02:9C:61:97:4A,6,0,NONE,2026-08-19T16:25:16.501934
45917,,9,9,0,3869,65416,43376,493058,0,68,10,0,0,14:33:5C:6D:AF:58,0,0,ARMED,70.0,0,0,80:02:9C:61:97:4B,11,18,296.1,80:02:9C:61:97:4A,6,0,NONE,2026-08-19T16:25:16.693934
45917,AUTH,-75,22,10286,0,65416,43376,493247,0,68,10,0,0,14:33:5C:6D:AF:58,1,1,ARMED,70.0,0,0,80:02:9C:61:97:4B,11,8,178.9,80:02:9C:61:97:4A,6,0,NONE,2026-08-19T16:25:16.882934
45917,BEACON,-80,17,0,1862,65416,43376,493452,0,68,10,0,0,14:33:5C:6D:AF:58,1,0,ARMED,70.0,0,1,80:02:9C:61:97:4B,11,9,195.3,80:02:9C:61:97:4A,6,0,NONE,2026-08-19T16:25:17.087934
45917,,-89,8,0,155,65416,43376,493674,0,68,10,0,0,14:33:5C:6D:AF:58,0,0,ARMED,70.0,0,1,80:02:9C:61:97:4B,11,11,195.9,80:02:9C:61:97:4A,6,0,NONE,2026-08-19T16:25:17.309934
45917,,40,40,0,1758,65416,43376,493906,0,68,10,0,0,14:33:5C:6D:AF:58,0,0,ARMED,70.0,0,0,80:02:9C:61:97:4B,11,16,213.0,80:02:9C:61:97:4A,6,0,NONE,2026-08-19T16:25:17.541934
45917,,40,40,0,3648,65416,43376,494056,0,68,10,0,0,14:33:5C:6D:AF:58,0,1,ARMED,70.0,0,0,80:02:9C:61:97:4B,11,2,105.7,80:02:9C:61:97:4A,6,0,NONE,2026-08-19T16:25:17.691934
45917,,-92,5,0,1392,65416,43376,494368,0,68,10,0,0,14:33:5C:6D:AF:58,0,0,ARMED,70.0,0,1,80:02:9C:61:97:4B,11,1,126.4,80:02:9C:61:97:4A,6,0,NONE,2026-08-19T16:25:18.003934
45917,,40,40,0,1023,65416,43376,494653,0,68,10,0,0,14:33:5C:6D:AF:58,0,0,ARMED,70.0,0,1,80:02:9C:61:97:4B,11,15,189.4,80:02:9C:61:97:4A,6,0,NONE,2026-08-19T16:25:18.288934
45917,,-73,24,527,0,65416,43376,494810,0,68,10,0,0,14:33:5C:6D:AF:58,0,0,ARMED,70.0,0,0,80:02:9C:61:97:4B,11,30,1220.9,80:02:9C:61:97:4A,6,0,NONE,2026-08-19T16:25:18.445934
45917,,17,17,0,471,65416,43376,494868,0,68,10,0,0,14:33:5C:6D:AF:58,0,0,ARMED,70.0,0,0,80:02:9C:61:97:4B,11,80,973.3,80:02:9C:61:97:4A,6,0,NONE,2026-08-19T16:25:18.503934
45917,BEACON,-67,30,0,4015,65416,43376,495113,0,68,10,0,0,14:33:5C:6D:AF:58,0,0,ARMED,70.0,0,1,80:02:9C:61:97:4B,11,7,304.5,80:02:9C:61:97:4A,6,0,NONE,2026-08-19T16:25:18.748934
45917,,-88,9,1264,666,65416,43376,495311,0,68,10,0,0,14:33:5C:6D:AF:58,0,1,ARMED,70.0,0,1,80:02:9C:61:97:4B,11,6,369.5,80:02:9C:61:97:4A,6,0,NONE,2026-08-19T16:25:18.946934
45917,,40,40,0,1883,65416,43376,495603,0,68,10,0,0,14:33:5C:6D:AF:58,0,0,ARMED,70.0,0,0,80:02:9C:61:97:4B,11,1,1000.0,80:02:9C:61:97:4A,6,0,NONE,2026-08-19T16:25:19.238934
45917,,40,40,0,1777,65416,43376,495876,0,68,10,0,0,14:33:5C:6D:AF:58,0,0,ARMED,70.0,0,0,80:02:9C:61:97:4B,11,12,174.4,80:02:9C:61:97:4A,6,0,NONE,2026-08-19T16:25:19.511934
45917,,40,40,0,1780,65416,43376,496153,0,68,10,0,0,14:33:5C:6D:AF:58,0,0,ARMED,70.0,0,0,80:02:9C:61:97:4B,11,7,182.1,80:02:9C:61:97:4A,6,0,NONE,2026-08-19T16:25:19.788934
45917,,40,40,0,1969,65416,43376,496403,0,68,10,0,0,14:33:5C:6D:AF:58,1,1,ARMED,70.0,0,0,80:02:9C:61:97:4B,11,17,203.4,80:02:9C:61:97:4A,6,0,NONE,2026-08-19T16:25:20.038934
45917,,-31,66,0,1340,65416,43376,496619,0,68,10,0,0,14:33:5C:6D:AF:58,0,0,ARMED,70.0,0,1,80:02:9C:61:97:4B,11,22,230.8,80:02:9C:61:97:4A,6,0,NONE,2026-08-19T16:25:20.254934
45917,,16,16,0,1895,65416,43376,496836,0,68,10,0,0,14:33:5C:6D:AF:58,0,0,ARMED,70.0,0,0,80:02:9C:61:97:4B,11,3,465.2,80:02:9C:61:97:4A,6,0,NONE,2026-08-19T16:25:20.471934
45917,,41,41,0,1897,65416,43376,497038,0,68,10,0,0,14:33:5C:6D:AF:58,0,0,ARMED,70.0,0,0,80:02:9C:61:97:4B,11,2,604.4,80:02:9C:61:97:4A,6,0,NONE,2026-08-19T16:25:20.673934
45917,,-55,42,2542,3926,65416,43376,497175,0,68,10,0,0,14:33:5C:6D:AF:58,0,0,ARMED,70.0,0,1,80:02:9C:61:97:4B,11,34,939.2,80:02:9C:61:97:4A,6,0,NONE,2026-08-19T16:25:20.810934
45917,,-88,9,3985,3333,65416,43376,497244,0,68,10,0,0,14:33:5C:6D:AF:58,1,1,ARMED,70.0,0,1,80:02:9C:61:97:4B,11,2,487.9,80:02:9C:61:97:4A,6,0,NONE,2026-08-19T16:25:20.879934
45917,,-85,12,0,1140,65416,43376,497310,0,68,10,0,0,14:33:5C:6D:AF:58,1,1,ARMED,70.0,0,1,80:02:9C:61:97:4B,11,52,743.6,80:02:9C:61:97:4A,6,0,NONE,2026-08-19T16:25:20.945934
45917,BEACON,-81,16,0,1901,65416,43376,497448,0,68,10,0,0,14:33:5C:6D:AF:58,1,0,ARMED,70.0,0,1,80:02:9C:61:97:4B,11,24,234.4,80:02:9C:61:97:4A,6,0,NONE,2026-08-19T16:25:21.083934
45917,,41,41,0,1982,65416,43376,497703,0,68,10,0,0,14:33:5C:6D:AF:58,0,0,ARMED,70.0,0,0,80:02:9C:61:97:4B,11,12,234.9,80:02:9C:61:97:4A,6,0,NONE,2026-08-19T16:25:21.338934
45917,BEACON,-94,3,0,3687,65416,43376,497987,0,68,10,0,0,14:33:5C:6D:AF:58,0,0,ARMED,70.0,0,1,80:02:9C:61:97:4B,11,6,203.7,80:02:9C:61:97:4A,6,0,NONE,2026-08-19T16:25:21.622934
45917,,41,41,0,1801,65416,43376,498306,0,68,10,0,0,14:33:5C:6D:AF:58,0,0,ARMED,70.0,0,0,80:02:9C:61:97:4B,11,8,194.7,80:02:9C:61:97:4A,6,0,NONE,2026-08-19T16:25:21.941934
45917,,-61,36,480,549,65416,43376,498435,0,68,10,0,0,14:33:5C:6D:AF:58,0,0,ARMED,70.0,0,0,80:02:9C:61:97:4B,11,42,622.4,80:02:9C:61:97:4A,6,0,NONE,2026-08-19T16:25:22.070934
45917,,-68,29,0,4051,65416,43376,498567,0,68,10,0,0,14:33:5C:6D:AF:58,0,1,ARMED,70.0,0,0,80:02:9C:61:97:4B,11,34,349.8,80:02:9C:61:97:4A,6,0,NONE,2026-08-19T16:25:22.202934
45917,,11,11,0,1023,65416,43376,498654,0,68,10,0,0,14:33:5C:6D:AF:58,0,1,ARMED,70.0,0,0,80:02:9C:61:97:4B,11,49,688.8,80:02:9C:61:97:4A,6,0,NONE,2026-08-19T16:25:22.289934
45917,,-86,11,0,1146,65416,43376,498870,0,68,10,0,0,14:33:5C:6D:AF:58,0,0,ARMED,70.0,0,1,80:02:9C:61:97:4B,11,18,223.6,80:02:9C:61:97:4A,6,0,NONE,2026-08-19T16:25:22.505934
45917,,-86,11,0,1149,65416,43376,499054,0,68,10,0,0,14:33:5C:6D:AF:58,0,0,ARMED,70.0,0,0,80:02:9C:61:97:4B,11,20,331.2,80:02:9C:61:97:4A,6,0,NONE,2026-08-19T16:25:22.689934
45917,MGMT_OTHER,-78,19,1614,1198,65400,43376,499127,0,68,10,0,0,14:33:5C:6D:AF:58,0,1,ARMED,70.0,0,1,80:02:9C:61:97:4B,11,14,451.7,80:02:9C:61:97:4A,6,0,NONE,2026-08-19T16:25:22.762934
45917,,-86,11,0,1153,65416,43376,499283,0,68,10,0,0,14:33:5C:6D:AF:58,0,1,ARMED,70.0,0,0,80:02:9C:61:97:4B,11,22,261.4,80:02:9C:61:97:4A,6,0,NONE,2026-08-19T16:25:22.918934
45917,,41,41,0,1921,65416,43376,499496,0,68,10,0,0,14:33:5C:6D:AF:58,0,0,ARMED,70.0,0,0,80:02:9C:61:97:4B,11,21,227.1,80:02:9C:61:97:4A,6,0,NONE,2026-08-19T16:25:23.131934
45917,,-67,30,0,4068,63684,43376,499620,0,68,10,0,0,14:33:5C:6D:AF:58,0,0,ARMED,70.0,0,0,80:02:9C:61:97:4B,11,49,494.5,80:02:9C:61:97:4A,6,0,NONE,2026-08-19T16:25:23.255934
45917,PROBE_REQ,-88,9,240,2316,65348,43376,499701,0,68,10,0,0,14:33:5C:6D:AF:58,0,1,ARMED,70.0,0,1,80:02:9C:61:97:4B,11,49,636.0,80:02:9C:61:97:4A,6,0,NONE,2026-08-19T16:25:23.336934
45917,PROBE_REQ,-88,9,125,10,65416,43376,499751,0,68,10,0,0,14:33:5C:6D:AF:58,1,1,ARMED,70.0,0,0,80:02:9C:61:97:4B,11,33,1331.9,80:02:9C:61:97:4A,6,0,NONE,2026-08-19T16:25:23.386934
45917,PROBE_REQ,-88,9,125,11,65416,43376,499782,0,68,10,0,0,14:33:5C:6D:AF:58,1,1,ARMED,70.0,0,0,80:02:9C:61:97:4B,11,83,1475.8,80:02:9C:61:97:4A,6,0,NONE,2026-08-19T16:25:23.417934
45917,PROBE_REQ,-88,9,238,8,65400,43376,499807,0,68,10,0,0,14:33:5C:6D:AF:58,1,1,ARMED,70.0,0,0,80:02:9C:61:97:4B,11,133,1636.7,80:02:9C:61:97:4A,6,0,NONE,2026-08-19T16:25:23.442934
45917,PROBE_REQ,-90,7,196,2082,65400,43376,499844,0,68,10,0,0,14:33:5C:6D:AF:58,1,1,ARMED,70.0,0,1,80:02:9C:61:97:4B,11,22,1266.8,80:02:9C:61:97:4A,6,0,NONE,2026-08-19T16:25:23.479934
45917,PROBE_REQ,-89,8,0,3,65416,43376,499887,0,68,10,0,0,14:33:5C:6D:AF:58,1,1,ARMED,70.0,0,1,80:02:9C:61:97:4B,11,72,1197.4,80:02:9C:61:97:4A,6,0,NONE,2026-08-19T16:25:23.522934
45917,BEACON,-79,18,1694,2003,64772,43376,499954,0,68,10,0,0,14:33:5C:6D:AF:58,1,1,ARMED,70.0,0,1,80:02:9C:61:97:4B,11,24,911.8,80:02:9C:61:97:4A,6,0,NONE,2026-08-19T16:25:23.589934
45917,MGMT_OTHER,-78,19,4095,4037,65416,43376,500013,0,68,10,0,0,14:33:5C:6D:AF:58,1,1,ARMED,70.0,0,1,80:02:9C:61:97:4B,11,74,865.6,80:02:9C:61:97:4A,6,0,NONE,2026-08-19T16:25:23.648934
45917,PROBE_REQ,-89,8,125,0,65416,43376,500071,0,68,10,0,0,14:33:5C:6D:AF:58,1,1,ARMED,70.0,0,0,80:02:9C:61:97:4B,11,36,854.7,80:02:9C:61:97:4A,6,0,NONE,2026-08-19T16:25:23.706934
45917,,41,41,0,1159,65416,43376,500186,0,68,10,0,0,14:33:5C:6D:AF:58,1,1,ARMED,70.0,0,0,80:02:9C:61:97:4B,11,11,200.3,80:02:9C:61:97:4A,6,0,NONE,2026-08-19T16:25:23.821934
45917,,41,41,0,1930,65416,43376,500416,0,68,10,0,0,14:33:5C:6D:AF:58,0,0,ARMED,70.0,0,0,80:02:9C:61:97:4B,11,15,187.4,80:02:9C:61:97:4A,6,0,NONE,2026-08-19T16:25:24.051934
45917,,-55,42,0,3976,65416,43376,500489,0,68,10,0,0,14:33:5C:6D:AF:58,1,1,ARMED,70.0,0,0,80:02:9C:61:97:4B,11,43,800.7,80:02:9C:61:97:4A,6,0,NONE,2026-08-19T16:25:24.124934
45917,MGMT_OTHER,-78,19,2063,3752,65416,43376,500582,0,68,10,0,0,14:33:5C:6D:AF:58,1,1,ARMED,70.0,0,1,80:02:9C:61:97:4B,11,30,662.5,80:02:9C:61:97:4A,6,0,NONE,2026-08-19T16:25:24.217934
45917,,41,41,0,1023,65416,43376,500641,0,68,10,0,0,14:33:5C:6D:AF:58,1,1,ARMED,70.0,0,1,80:02:9C:61:97:4B,11,3,855.2,80:02:9C:61:97:4A,6,0,NONE,2026-08-19T16:25:24.276934
45917,,41,41,0,1023,65416,43376,500702,0,68,10,0,0,14:33:5C:6D:AF:58,1,1,ARMED,70.0,0,1,80:02:9C:61:97:4B,11,53,820.2,80:02:9C:61:97:4A,6,0,NONE,2026-08-19T16:25:24.337934
45917,PROBE_REQ,-87,10,377,3366,65416,43376,500771,0,68,10,0,0,14:33:5C:6D:AF:58,1,1,ARMED,70.0,0,1,80:02:9C:61:97:4B,11,18,549.1,80:02:9C:61:97:4A,6,0,NONE,2026-08-19T16:25:24.406934
45917,,-86,11,2000,44,65416,43376,500855,0,68,10,0,0,14:33:5C:6D:AF:58,1,1,ARMED,70.0,0,1,80:02:9C:61:97:4B,11,9,672.2,80:02:9C:61:97:4A,6,0,NONE,2026-08-19T16:25:24.490934
45917,,41,41,0,4082,65416,43376,501058,0,68,10,0,0,14:33:5C:6D:AF:58,0,0,ARMED,70.0,0,0,80:02:9C:61:97:4B,11,3,391.3,80:02:9C:61:97:4A,6,0,NONE,2026-08-19T16:25:24.693934
45917,BEACON,-79,18,0,3949,65416,43376,501247,0,68,10,0,0,14:33:5C:6D:AF:58,0,1,ARMED,70.0,0,1,80:02:9C:61:97:4B,11,24,253.4,80:02:9C:61:97:4A,6,0,NONE,2026-08-19T16:25:24.882934
45917,,-56,41,2095,3977,65416,43376,501395,0,68,10,0,0,14:33:5C:6D:AF:58,1,1,ARMED,70.0,0,1,80:02:9C:61:97:4B,11,15,764.7,80:02:9C:61:97:4A,6,0,NONE,2026-08-19T16:25:25.030934
45917,BEACON,-67,30,0,4088,65416,43376,501565,0,68,10,0,0,14:33:5C:6D:AF:58,1,1,ARMED,70.0,0,1,80:02:9C:61:97:4B,11,21,236.8,80:02:9C:61:97:4A,6,0,NONE,2026-08-19T16:25:25.200934
45917,,41,41,0,3954,65416,43376,501766,0,68,10,0,0,14:33:5C:6D:AF:58,0,0,ARMED,70.0,0,0,80:02:9C:61:97:4B,11,24,299.1,80:02:9C:61:97:4A,6,0,NONE,2026-08-19T16:25:25.401934
45917,,15,15,0,2023,65416,43376,501803,0,68,10,0,0,14:33:5C:6D:AF:58,0,1,ARMED,70.0,0,0,80:02:9C:61:97:4B,11,23,1382.2,80:02:9C:61:97:4A,6,0,NONE,2026-08-19T16:25:25.438934
45917,BEACON,-95,2,0,1836,65416,43376,501984,0,68,10,0,0,14:33:5C:6D:AF:58,0,1,ARMED,70.0,0,1,80:02:9C:61:97:4B,11,21,218.8,80:02:9C:61:97:4A,6,0,NONE,2026-08-19T16:25:25.619934
45917,,41,41,0,2028,65416,43376,502207,0,68,10,0,0,14:33:5C:6D:AF:58,0,0,ARMED,70.0,0,0,80:02:9C:61:97:4B,11,4,355.1,80:02:9C:61:97:4A,6,0,NONE,2026-08-19T16:25:25.842934
45917,,41,41,0,1023,65416,43376,502436,0,68,10,0,0,14:33:5C:6D:AF:58,0,0,ARMED,70.0,0,0,80:02:9C:61:97:4B,11,8,267.0,80:02:9C:61:97:4A,6,0,NONE,2026-08-19T16:25:26.071934
45917,,18,18,0,1177,65416,43376,502659,0,68,10,0,0,14:33:5C:6D:AF:58,0,0,ARMED,70.0,0,0,80:02:9C:61:97:4B,11,9,176.0,80:02:9C:61:97:4A,6,0,NONE,2026-08-19T16:25:26.294934
45917,,-87,10,0,3681,65416,43376,502844,0,68,10,0,0,14:33:5C:6D:AF:58,0,0,ARMED,70.0,0,1,80:02:9C:61:97:4B,11,10,442.9,80:02:9C:61:97:4A,6,0,NONE,2026-08-19T16:25:26.479934
45917,,-60,37,0,623,65416,43376,502997,0,68,10,0,0,14:33:5C:6D:AF:58,0,1,ARMED,70.0,0,0,80:02:9C:61:97:4B,11,25,342.4,80:02:9C:61:97:4A,6,0,NONE,2026-08-19T16:25:26.632934
45917,MGMT_OTHER,-79,18,0,3390,65416,43376,503118,0,68,10,0,0,14:33:5C:6D:AF:58,0,1,ARMED,70.0,0,1,80:02:9C:61:97:4B,11,29,314.8,80:02:9C:61:97:4A,6,0,NONE,2026-08-19T16:25:26.753934
45917,MGMT_OTHER,-79,18,4879,2309,65416,43376,503210,0,68,10,0,0,14:33:5C:6D:AF:58,0,1,ARMED,70.0,0,1,80:02:9C:61:97:4B,11,44,535.7,80:02:9C:61:97:4A,6,0,NONE,2026-08-19T16:25:26.845934
45917,MGMT_OTHER,-79,18,2049,3658,65416,43376,503285,0,68,10,0,0,14:33:5C:6D:AF:58,0,1,ARMED,70.0,0,1,80:02:9C:61:97:4B,11,37,679.7,80:02:9C:61:97:4A,6,0,NONE,2026-08-19T16:25:26.920934
45917,MGMT_OTHER,-80,17,464,1728,65416,43376,503353,0,68,10,0,0,14:33:5C:6D:AF:58,1,1,ARMED,70.0,0,1,80:02:9C:61:97:4B,11,16,818.4,80:02:9C:61:97:4A,6,0,NONE,2026-08-19T16:25:26.988934
45917,,41,41,0,993,65416,43376,503502,0,68,10,0,0,14:33:5C:6D:AF:58,1,1,ARMED,70.0,0,0,80:02:9C:61:97:4B,11,28,420.2,80:02:9C:61:97:4A,6,0,NONE,2026-08-19T16:25:27.137934
45917,,41,41,0,0,65416,43376,503656,0,68,10,0,0,14:33:5C:6D:AF:58,0,1,ARMED,70.0,0,0,80:02:9C:61:97:4B,11,6,326.9,80:02:9C:61:97:4A,6,0,NONE,2026-08-19T16:25:27.291934
45917,,15,15,0,3648,65416,43376,503749,0,68,10,0,0,14:33:5C:6D:AF:58,0,1,ARMED,70.0,0,0,80:02:9C:61:97:4B,11,8,666.2,80:02:9C:61:97:4A,6,0,NONE,2026-08-19T16:25:27.384934
45917,PROBE_REQ,-89,8,658,12,65416,43376,503879,0,68,10,0,0,14:33:5C:6D:AF:58,0,1,ARMED,70.0,0,0,80:02:9C:61:97:4B,11,22,545.4,80:02:9C:61:97:4A,6,0,NONE,2026-08-19T16:25:27.514934
45917,,40,40,0,2046,65416,43376,504066,0,68,10,0,0,14:33:5C:6D:AF:58,0,0,ARMED,70.0,0,0,80:02:9C:61:97:4B,11,4,344.6,80:02:9C:61:97:4A,6,0,NONE,2026-08-19T16:25:27.701934
45917,,-93,4,0,198,65416,43376,504278,0,68,10,0,0,14:33:5C:6D:AF:58,0,0,ARMED,70.0,0,1,80:02:9C:61:97:4B,11,4,183.1,80:02:9C:61:97:4A,6,0,NONE,2026-08-19T16:25:27.913934
45917,,-61,36,0,632,65416,43376,504512,0,68,10,0,0,14:33:5C:6D:AF:58,0,0,ARMED,70.0,0,0,80:02:9C:61:97:4B,11,15,271.8,80:02:9C:61:97:4A,6,0,NONE,2026-08-19T16:25:28.147934
45917,,41,41,0,3751,65416,43376,504656,0,68,10,0,0,14:33:5C:6D:AF:58,0,1,ARMED,70.0,0,0,80:02:9C:61:97:4B,11,24,246.2,80:02:9C:61:97:4A,6,0,NONE,2026-08-19T16:25:28.291934
45917,,-93,4,0,1125,65416,43376,504859,0,68,10,0,0,14:33:5C:6D:AF:58,0,1,ARMED,70.0,0,1,80:02:9C:61:97:4B,11,20,231.8,80:02:9C:61:97:4A,6,0,NONE,2026-08-19T16:25:28.494934
45917,,-86,11,0,3736,65416,43376,505098,0,68,10,0,0,14:33:5C:6D:AF:58,0,0,ARMED,70.0,0,1,80:02:9C:61:97:4B,11,3,240.0,80:02:9C:61:97:4A,6,0,NONE,2026-08-19T16:25:28.733934
45917,,40,40,0,30,65416,43376,505252,0,68,10,0,0,14:33:5C:6D:AF:58,0,0,ARMED,70.0,0,0,80:02:9C:61:97:4B,11,32,593.8,80:02:9C:61:97:4A,6,0,NONE,2026-08-19T16:25:28.887934
45917,BEACON,-81,16,0,2059,65416,43376,505381,0,68,10,0,0,14:33:5C:6D:AF:58,0,1,ARMED,70.0,0,1,80:02:9C:61:97:4B,11,36,437.4,80:02:9C:61:97:4A,6,0,NONE,2026-08-19T16:25:29.016934
45917,,-87,10,6458,1289,65416,43376,505575,0,68,10,0,0,14:33:5C:6D:AF:58,0,0,ARMED,70.0,0,1,80:02:9C:61:97:4B,11,25,363.3,80:02:9C:61:97:4A,6,0,NONE,2026-08-19T16:25:29.210934
45917,BEACON,-65,32,0,36,65416,43376,505865,0,68,10,0,0,14:33:5C:6D:AF:58,0,0,ARMED,70.0,0,1,80:02:9C:61:97:4B,11,6,202.8,80:02:9C:61:97:4A,6,0,NONE,2026-08-19T16:25:29.500934
45917,,41,41,0,2066,65416,43376,506102,0,68,10,0,0,14:33:5C:6D:AF:58,0,0,ARMED,70.0,0,0,80:02:9C:61:97:4B,11,16,262.0,80:02:9C:61:97:4A,6,0,NONE,2026-08-19T16:25:29.737934
45917,,41,41,0,1988,65416,43376,506355,0,68,10,0,0,14:33:5C:6D:AF:58,0,0,ARMED,70.0,0,0,80:02:9C:61:97:4B,11,1,1000.0,80:02:9C:61:97:4A,6,0,NONE,2026-08-19T16:25:29.990934
45917,,41,41,0,1881,65416,43376,506602,0,68,10,0,0,14:33:5C:6D:AF:58,0,0,ARMED,70.0,0,0,80:02:9C:61:97:4B,11,12,277.4,80:02:9C:61:97:4A,6,0,NONE,2026-08-19T16:25:30.237934
45917,,40,40,0,2073,65416,43376,506836,0,68,10,0,0,14:33:5C:6D:AF:58,0,0,ARMED,70.0,0,0,80:02:9C:61:97:4B,11,16,222.5,80:02:9C:61:97:4A,6,0,NONE,2026-08-19T16:25:30.471934
45917,,40,40,0,4005,65416,43376,506982,0,68,10,0,0,14:33:5C:6D:AF:58,0,1,ARMED,70.0,0,0,80:02:9C:61:97:4B,11,11,839.4,80:02:9C:61:97:4A,6,0,NONE,2026-08-19T16:25:30.617934
45917,,9,9,0,1885,65416,43376,507067,0,68,10,0,0,14:33:5C:6D:AF:58,0,1,ARMED,70.0,0,0,80:02:9C:61:97:4B,11,61,618.5,80:02:9C:61:97:4A,6,0,NONE,2026-08-19T16:25:30.702934
45917,,40,40,0,3777,65416,43376,507305,0,68,10,0,0,14:33:5C:6D:AF:58,0,0,ARMED,70.0,0,0,80:02:9C:61:97:4B,11,7,428.6,80:02:9C:61:97:4A,6,0,NONE,2026-08-19T16:25:30.940934
45917,,12,12,0,4011,65416,43376,507597,0,68,10,0,0,14:33:5C:6D:AF:58,0,0,ARMED,70.0,0,0,80:02:9C:61:97:4B,11,2,957.4,80:02:9C:61:97:4A,6,0,NONE,2026-08-19T16:25:31.232934
45917,,-55,42,0,4070,65416,43376,507764,0,68,10,0,0,14:33:5C:6D:AF:58,0,1,ARMED,70.0,0,0,80:02:9C:61:97:4B,11,24,362.2,80:02:9C:61:97:4A,6,0,NONE,2026-08-19T16:25:31.399934
45917,,41,41,0,1810,65416,43376,507986,0,68,10,0,0,14:33:5C:6D:AF:58,0,0,ARMED,70.0,0,0,80:02:9C:61:97:4B,11,17,204.0,80:02:9C:61:97:4A,6,0,NONE,2026-08-19T16:25:31.621934
45917,BEACON,-94,3,0,3786,65416,43376,508226,0,68,10,0,0,14:33:5C:6D:AF:58,0,0,ARMED,70.0,0,1,80:02:9C:61:97:4B,11,4,247.8,80:02:9C:61:97:4A,6,0,NONE,2026-08-19T16:25:31.861934
45917,,11,11,0,2089,65416,43376,508486,0,68,10,0,0,14:33:5C:6D:AF:58,0,0,ARMED,70.0,0,0,80:02:9C:61:97:4B,11,15,209.1,80:02:9C:61:97:4A,6,0,NONE,2026-08-19T16:25:32.121934
45917,,17,17,0,4022,65416,43376,508725,0,68,10,0,0,14:33:5C:6D:AF:58,0,0,ARMED,70.0,0,0,80:02:9C:61:97:4B,11,1,359.5,80:02:9C:61:97:4A,6,0,NONE,2026-08-19T16:25:32.360934
45917,,-61,36,292,718,65164,43376,508771,0,68,10,0,0,14:33:5C:6D:AF:58,0,0,ARMED,70.0,0,0,80:02:9C:61:97:4B,11,51,1030.5,80:02:9C:61:97:4A,6,0,NONE,2026-08-19T16:25:32.406934
45917,,41,41,0,2093,65416,43376,508866,0,68,10,0,0,14:33:5C:6D:AF:58,1,1,ARMED,70.0,0,0,80:02:9C:61:97:4B,11,13,311.7,80:02:9C:61:97:4A,6,0,NONE,2026-08-19T16:25:32.501934
45917,,16,16,0,2095,65416,43376,509069,0,68,10,0,0,14:33:5C:6D:AF:58,1,0,ARMED,70.0,0,0,80:02:9C:61:97:4B,11,12,302.8,80:02:9C:61:97:4A,6,0,NONE,2026-08-19T16:25:32.704934
45917,,16,16,0,2016,65416,43376,509223,0,68,10,0,0,14:33:5C:6D:AF:58,0,1,ARMED,70.0,0,0,80:02:9C:61:97:4B,11,34,371.8,80:02:9C:61:97:4A,6,0,NONE,2026-08-19T16:25:32.858934
45917,,41,41,0,74,65416,43376,509455,0,68,10,0,0,14:33:5C:6D:AF:58,0,0,ARMED,70.0,0,0,80:02:9C:61:97:4B,11,5,299.4,80:02:9C:61:97:4A,6,0,NONE,2026-08-19T16:25:33.090934
45917,PROBE_REQ,-93,4,125,1,65416,43376,509614,0,68,10,0,0,14:33:5C:6D:AF:58,0,0,ARMED,70.0,0,0,80:02:9C:61:97:4B,11,31,426.4,80:02:9C:61:97:4A,6,0,NONE,2026-08-19T16:25:33.249934
45917,,41,41,0,1023,65416,43376,509726,0,68,10,0,0,14:33:5C:6D:AF:58,1,1,ARMED,70.0,0,0,80:02:9C:61:97:4B,11,37,445.7,80:02:9C:61:97:4A,6,0,NONE,2026-08-19T16:25:33.361934
45917,,16,16,0,1370,65416,43376,509829,0,68,10,0,0,14:33:5C:6D:AF:58,1,1,ARMED,70.0,0,0,80:02:9C:61:97:4B,11,41,497.5,80:02:9C:61:97:4A,6,0,NONE,2026-08-19T16:25:33.464934
45917,,-92,5,1467,2250,65416,43376,509928,0,68,10,0,0,14:33:5C:6D:AF:58,0,1,ARMED,70.0,0,1,80:02:9C:61:97:4B,11,42,525.7,80:02:9C:61:97:4A,6,0,NONE,2026-08-19T16:25:33.563934
45917,,-93,4,85,0,65416,43376,510004,0,68,10,0,0,14:33:5C:6D:AF:58,0,1,ARMED,70.0,0,1,80:02:9C:61:97:4B,11,49,969.2,80:02:9C:61:97:4A,6,0,NONE,2026-08-19T16:25:33.639934
45917,,15,15,0,1217,65416,43376,510202,0,68,10,0,0,14:33:5C:6D:AF:58,0,1,ARMED,70.0,0,0,80:02:9C:61:97:4B,11,14,299.7,80:02:9C:61:97:4A,6,0,NONE,2026-08-19T16:25:33.837934
45917,,41,41,0,2111,65416,43376,510416,0,68,10,0,0,14:33:5C:6D:AF:58,1,0,ARMED,70.0,0,0,80:02:9C:61:97:4B,11,14,242.6,80:02:9C:61:97:4A,6,0,NONE,2026-08-19T16:25:34.051934
45917,MGMT_OTHER,-81,16,1961,1643,65416,43376,510551,0,68,10,0,0,14:33:5C:6D:AF:58,0,0,ARMED,70.0,0,1,80:02:9C:61:97:4B,11,38,430.1,80:02:9C:61:97:4A,6,0,NONE,2026-08-19T16:25:34.186934
45917,,40,40,0,1023,65416,43376,510636,0,68,10,0,0,14:33:5C:6D:AF:58,0,1,ARMED,70.0,0,1,80:02:9C:61:97:4B,11,49,712.5,80:02:9C:61:97:4A,6,0,NONE,2026-08-19T16:25:34.271934
45917,,41,41,0,1913,65416,43376,510804,0,68,10,0,0,14:33:5C:6D:AF:58,0,1,ARMED,70.0,0,0,80:02:9C:61:97:4B,11,8,232.6,80:02:9C:61:97:4A,6,0,NONE,2026-08-19T16:25:34.439934
45917,,-55,42,1376,14,65416,43376,510926,0,68,10,0,0,14:33:5C:6D:AF:58,1,1,ARMED,70.0,0,1,80:02:9C:61:97:4B,11,25,471.1,80:02:9C:61:97:4A,6,0,NONE,2026-08-19T16:25:34.561934
45917,MGMT_OTHER,-81,16,2731,1786,65416,43376,511017,0,68,10,0,0,14:33:5C:6D:AF:58,1,1,ARMED,70.0,0,1,80:02:9C:61:97:4B,11,17,397.0,80:02:9C:61:97:4A,6,0,NONE,2026-08-19T16:25:34.652934
45917,MGMT_OTHER,32,32,0,333,65428,43376,511098,0,68,10,0,0,14:33:5C:6D:AF:58,1,1,ARMED,70.0,0,0,80:02:9C:61:97:4B,11,14,649.8,80:02:9C:61:97:4A,6,0,NONE,2026-08-19T16:25:34.733934
45917,MGMT_OTHER,-81,16,128,228,65428,43376,511211,0,68,10,0,0,14:33:5C:6D:AF:58,0,1,ARMED,70.0,0,1,80:02:9C:61:97:4B,11,21,666.3,80:02:9C:61:97:4A,6,0,NONE,2026-08-19T16:25:34.846934
45917,MGMT_OTHER,-81,16,0,1317,65428,43376,511271,0,68,10,0,0,14:33:5C:6D:AF:58,0,1,ARMED,70.0,0,1,80:02:9C:61:97:4B,11,71,776.8,80:02:9C:61:97:4A,6,0,NONE,2026-08-19T16:25:34.906934
45917,MGMT_OTHER,-81,16,49,3021,65428,43376,511332,0,68,10,0,0,14:33:5C:6D:AF:58,0,1,ARMED,70.0,0,1,80:02:9C:61:97:4B,11,43,863.6,80:02:9C:61:97:4A,6,0,NONE,2026-08-19T16:25:34.967934
45917,PROBE_RESP,-92,5,596,1019,65428,43376,511395,0,68,10,0,0,14:33:5C:6D:AF:58,1,1,ARMED,70.0,0,1,80:02:9C:61:97:4B,11,15,1258.3,80:02:9C:61:97:4A,6,0,NONE,2026-08-19T16:25:35.030934
45917,MGMT_OTHER,41,41,0,1047,65428,43376,511453,0,68,10,0,0,14:33:5C:6D:AF:58,1,1,ARMED,70.0,0,0,80:02:9C:61:97:4B,11,65,926.0,80:02:9C:61:97:4A,6,0,NONE,2026-08-19T16:25:35.088934
45917,PROBE_REQ,-92,5,0,2396,65428,43376,511621,0,68,10,0,0,14:33:5C:6D:AF:58,1,1,ARMED,70.0,0,1,80:02:9C:61:97:4B,11,12,370.9,80:02:9C:61:97:4A,6,0,NONE,2026-08-19T16:25:35.256934
45917,DEAUTH,23,23,0,1732,65428,43376,511806,0,68,10,0,0,14:33:5C:6D:AF:58,1,1,ARMED,70.0,0,1,80:02:9C:61:97:4B,11,2,1071.8,80:02:9C:61:97:4A,6,0,NONE,2026-08-19T16:25:35.441934
45917,BEACON,-65,32,0,100,65428,43376,512011,0,68,10,0,0,14:33:5C:6D:AF:58,1,1,ARMED,70.0,0,1,80:02:9C:61:97:4B,11,28,273.4,80:02:9C:61:97:4A,6,0,NONE,2026-08-19T16:25:35.646934
45917,,-60,37,0,755,65416,43376,512146,0,68,10,0,0,14:33:5C:6D:AF:58,1,0,ARMED,70.0,0,1,80:02:9C:61:97:4B,11,26,757.0,80:02:9C:61:97:4A,6,0,NONE,2026-08-19T16:25:35.781934
45917,,-60,37,254,780,65416,43376,512200,0,68,10,0,0,14:33:5C:6D:AF:58,1,0,ARMED,70.0,0,1,80:02:9C:61:97:4B,11,76,859.1,80:02:9C:61:97:4A,6,0,NONE,2026-08-19T16:25:35.835934
45917,,41,41,0,2130,65416,43376,512367,0,68,10,0,0,14:33:5C:6D:AF:58,1,0,ARMED,70.0,0,0,80:02:9C:61:97:4B,11,14,279.3,80:02:9C:61:97:4A,6,0,NONE,2026-08-19T16:25:36.002934
45917,,41,41,0,2132,65416,43376,512586,0,68,10,0,0,14:33:5C:6D:AF:58,0,0,ARMED,70.0,0,0,80:02:9C:61:97:4B,11,17,263.6,80:02:9C:61:97:4A,6,0,NONE,2026-08-19T16:25:36.221934
45917,,22,22,0,1941,65416,43376,512757,0,68,10,0,0,14:33:5C:6D:AF:58,0,1,ARMED,70.0,0,0,80:02:9C:61:97:4B,11,11,355.4,80:02:9C:61:97:4A,6,0,NONE,2026-08-19T16:25:36.392934
45917,,41,41,0,1238,65416,43376,512953,0,68,10,0,0,14:33:5C:6D:AF:58,0,0,ARMED,70.0,0,0,80:02:9C:61:97:4B,11,6,269.8,80:02:9C:61:97:4A,6,0,NONE,2026-08-19T16:25:36.588934
45917,MGMT_OTHER,-92,5,84,1539,65416,43376,513119,0,68,10,0,0,14:33:5C:6D:AF:58,0,1,ARMED,70.0,0,1,80:02:9C:61:97:4B,11,27,315.2,80:02:9C:61:97:4A,6,0,NONE,2026-08-19T16:25:36.754934
45917,PROBE_REQ,-89,8,168,1297,65328,43376,513185,0,68,10,0,0,14:33:5C:6D:AF:58,1,1,ARMED,70.0,0,1,80:02:9C:61:97:4B,11,49,983.4,80:02:9C:61:97:4A,6,0,NONE,2026-08-19T16:25:36.820934
45917,,41,41,0,2140,65416,43376,513386,0,68,10,0,0,14:33:5C:6D:AF:58,1,0,ARMED,70.0,0,0,80:02:9C:61:97:4B,11,11,242.6,80:02:9C:61:97:4A,6,0,NONE,2026-08-19T16:25:37.021934
45917,PROBE_REQ,-89,8,240,1574,65416,43376,513597,0,68,10,0,0,14:33:5C:6D:AF:58,0,0,ARMED,70.0,0,1,80:02:9C:61:97:4B,11,16,307.3,80:02:9C:61:97:4A,6,0,NONE,2026-08-19T16:25:37.232934
45917,,41,41,0,119,65416,43376,513756,0,68,10,0,0,14:33:5C:6D:AF:58,1,1,ARMED,70.0,0,0,80:02:9C:61:97:4B,11,1,173.9,80:02:9C:61:97:4A,6,0,NONE,2026-08-19T16:25:37.391934
45917,,-88,9,2059,34,65344,43376,513892,0,68,10,0,0,14:33:5C:6D:AF:58,0,1,ARMED,70.0,0,1,80:02:9C:61:97:4B,11,23,556.8,80:02:9C:61:97:4A,6,0,NONE,2026-08-19T16:25:37.527934
45917,,41,41,0,305,65416,43376,513980,0,68,10,0,0,14:33:5C:6D:AF:58,1,1,ARMED,70.0,0,0,80:02:9C:61:97:4B,11,21,726.3,80:02:9C:61:97:4A,6,0,NONE,2026-08-19T16:25:37.615934
45917,MGMT_OTHER,-85,12,0,1225,65416,43376,514055,0,68,10,0,0,14:33:5C:6D:AF:58,1,1,ARMED,70.0,0,1,80:02:9C:61:97:4B,11,71,698.6,80:02:9C:61:97:4A,6,0,NONE,2026-08-19T16:25:37.690934
45917,,41,41,0,2667,65416,43376,514125,0,68,10,0,0,14:33:5C:6D:AF:58,1,1,ARMED,70.0,0,0,80:02:9C:61:97:4B,11,50,699.0,80:02:9C:61:97:4A,6,0,NONE,2026-08-19T16:25:37.760934
45917,BEACON,-65,32,0,124,65416,43376,514262,0,68,10,0,0,14:33:5C:6D:AF:58,1,0,ARMED,70.0,0,1,80:02:9C:61:97:4B,11,2,306.1,80:02:9C:61:97:4A,6,0,NONE,2026-08-19T16:25:37.897934
45917,,-55,42,0,61,65416,43376,514398,0,68,10,0,0,14:33:5C:6D:AF:58,0,0,ARMED,70.0,0,0,80:02:9C:61:97:4B,11,31,785.1,80:02:9C:61:97:4A,6,0,NONE,2026-08-19T16:25:38.033934
45917,MGMT_OTHER,-85,12,2049,3671,65416,43376,514468,0,68,10,0,0,14:33:5C:6D:AF:58,1,1,ARMED,70.0,0,1,80:02:9C:61:97:4B,11,4,650.9,80:02:9C:61:97:4A,6,0,NONE,2026-08-19T16:25:38.103934
45917,MGMT_OTHER,-84,13,289,2756,65416,43376,514553,0,68,10,0,0,14:33:5C:6D:AF:58,1,1,ARMED,70.0,0,1,80:02:9C:61:97:4B,11,54,592.6,80:02:9C:61:97:4A,6,0,NONE,2026-08-19T16:25:38.188934
45917,,22,22,0,1584,65416,43376,514715,0,68,10,0,0,14:33:5C:6D:AF:58,1,1,ARMED,70.0,0,0,80:02:9C:61:97:4B,11,9,205.7,80:02:9C:61:97:4A,6,0,NONE,2026-08-19T16:25:38.350934
45917,,23,23,0,4082,65416,43376,514869,0,68,10,0,0,14:33:5C:6D:AF:58,1,0,ARMED,70.0,0,0,80:02:9C:61:97:4B,11,32,335.7,80:02:9C:61:97:4A,6,0,NONE,2026-08-19T16:25:38.504934
45917,,41,41,0,132,65416,43376,515086,0,68,10,0,0,14:33:5C:6D:AF:58,1,0,ARMED,70.0,0,0,80:02:9C:61:97:4B,11,25,257.2,80:02:9C:61:97:4A,6,0,NONE,2026-08-19T16:25:38.721934
45917,,41,41,0,2159,65416,43376,515355,0,68,10,0,0,14:33:5C:6D:AF:58,0,0,ARMED,70.0,0,0,80:02:9C:61:97:4B,11,6,122.8,80:02:9C:61:97:4A,6,0,NONE,2026-08-19T16:25:38.990934
45917,,-60,37,0,803,65416,43376,515522,0,68,10,0,0,14:33:5C:6D:AF:58,0,0,ARMED,70.0,0,0,80:02:9C:61:97:4B,11,13,3491.8,80:02:9C:61:97:4A,6,0,NONE,2026-08-19T16:25:39.157934
45917,,-55,42,259,80,65204,43376,515627,0,68,10,0,0,14:33:5C:6D:AF:58,0,1,ARMED,70.0,0,0,80:02:9C:61:97:4B,11,16,2662.7,80:02:9C:61:97:4A,6,0,NONE,2026-08-19T16:25:39.262934
45917,,14,14,0,2163,65416,43376,515758,0,68,10,0,0,14:33:5C:6D:AF:58,0,1,ARMED,70.0,0,0,80:02:9C:61:97:4B,11,10,299.0,80:02:9C:61:97:4A,6,0,NONE,2026-08-19T16:25:39.393934
45917,,11,11,0,4093,65416,43376,515993,0,68,10,0,0,14:33:5C:6D:AF:58,0,0,ARMED,70.0,0,0,80:02:9C:61:97:4B,11,12,198.0,80:02:9C:61:97:4A,6,0,NONE,2026-08-19T16:25:39.628934
45917,,-55,42,0,2024,65416,43376,516191,0,68,10,0,0,14:33:5C:6D:AF:58,0,0,ARMED,70.0,0,0,80:02:9C:61:97:4B,11,26,470.6,80:02:9C:61:97:4A,6,0,NONE,2026-08-19T16:25:39.826934
45917,,-55,42,0,2040,65416,43376,516271,0,68,10,0,0,14:33:5C:6D:AF:58,0,1,ARMED,70.0,0,0,80:02:9C:61:97:4B,11,28,789.4,80:02:9C:61:97:4A,6,0,NONE,2026-08-19T16:25:39.906934
45917,,-60,37,0,2645,65416,43376,516375,0,68,10,0,0,14:33:5C:6D:AF:58,0,1,ARMED,70.0,0,0,80:02:9C:61:97:4B,11,22,564.1,80:02:9C:61:97:4A,6,0,NONE,2026-08-19T16:25:40.010934
45917,,-55,42,767,2062,65416,43376,516476,0,68,10,0,0,14:33:5C:6D:AF:58,0,1,ARMED,70.0,0,0,80:02:9C:61:97:4B,11,16,398.7,80:02:9C:61:97:4A,6,0,NONE,2026-08-19T16:25:40.111934
45917,,24,24,0,1023,65416,43376,516556,0,68,10,0,0,14:33:5C:6D:AF:58,0,1,ARMED,70.0,0,0,80:02:9C:61:97:4B,11,1,364.0,80:02:9C:61:97:4A,6,0,NONE,2026-08-19T16:25:40.191934
45917,BEACON,-92,5,0,3869,65416,43376,516725,0,68,10,0,0,14:33:5C:6D:AF:58,0,1,ARMED,70.0,0,1,80:02:9C:61:97:4B,11,19,290.8,80:02:9C:61:97:4A,6,0,NONE,2026-08-19T16:25:40.360934
45917,BEACON,-80,17,0,6,65416,43376,516914,0,68,10,0,0,14:33:5C:6D:AF:58,0,1,ARMED,70.0,0,1,80:02:9C:61:97:4B,11,11,285.2,80:02:9C:61:97:4A,6,0,NONE,2026-08-19T16:25:40.549934
45917,BEACON,-93,4,8879,3873,65416,43376,517135,0,68,10,0,0,14:33:5C:6D:AF:58,1,0,ARMED,70.0,0,1,80:02:9C:61:97:4B,11,17,290.6,80:02:9C:61:97:4A,6,0,NONE,2026-08-19T16:25:40.770934
45917,,29,29,0,1023,65368,43376,517354,0,68,10,0,0,14:33:5C:6D:AF:58,0,0,ARMED,70.0,0,1,80:02:9C:61:97:4B,11,19,276.6,80:02:9C:61:97:4A,6,0,NONE,2026-08-19T16:25:40.989934
45917,,41,41,0,493,65416,43376,517466,0,68,10,0,0,14:33:5C:6D:AF:58,1,1,ARMED,70.0,0,1,80:02:9C:61:97:4B,11,41,584.1,80:02:9C:61:97:4A,6,0,NONE,2026-08-19T16:25:41.101934
45917,,41,41,0,1989,65416,43376,517653,0,68,10,0,0,14:33:5C:6D:AF:58,0,1,ARMED,70.0,0,0,80:02:9C:61:97:4B,11,11,218.1,80:02:9C:61:97:4A,6,0,NONE,2026-08-19T16:25:41.288934
45917,,25,25,0,2185,65416,43376,517910,0,68,10,0,0,14:33:5C:6D:AF:58,0,0,ARMED,70.0,0,0,80:02:9C:61:97:4B,11,20,193.8,80:02:9C:61:97:4A,6,0,NONE,2026-08-19T16:25:41.545934
45917,,41,41,0,176,65416,43376,518166,0,68,10,0,0,14:33:5C:6D:AF:58,0,0,ARMED,70.0,0,0,80:02:9C:61:97:4B,11,9,223.4,80:02:9C:61:97:4A,6,0,NONE,2026-08-19T16:25:41.801934
45917,,41,41,0,3286,65416,43376,518337,0,68,10,0,0,14:33:5C:6D:AF:58,0,1,ARMED,70.0,0,0,80:02:9C:61:97:4B,11,11,956.0,80:02:9C:61:97:4A,6,0,NONE,2026-08-19T16:25:41.972934
45917,,-62,35,157,870,64772,43376,518417,0,68,10,0,0,14:33:5C:6D:AF:58,0,1,ARMED,70.0,0,0,80:02:9C:61:97:4B,11,61,669.1,80:02:9C:61:97:4A,6,0,NONE,2026-08-19T16:25:42.052934
45917,,-55,42,418,106,65416,43376,518518,0,68,10,0,0,14:33:5C:6D:AF:58,1,1,ARMED,70.0,0,1,80:02:9C:61:97:4B,11,37,400.5,80:02:9C:61:97:4A,6,0,NONE,2026-08-19T16:25:42.153934
45917,,41,41,0,494,65416,43376,518636,0,68,10,0,0,14:33:5C:6D:AF:58,1,1,ARMED,70.0,0,1,80:02:9C:61:97:4B,11,49,531.8,80:02:9C:61:97:4A,6,0,NONE,2026-08-19T16:25:42.271934
45917,,41,41,0,2194,65416,43376,518826,0,68,10,0,0,14:33:5C:6D:AF:58,0,0,ARMED,70.0,0,0,80:02:9C:61:97:4B,11,18,246.8,80:02:9C:61:97:4A,6,0,NONE,2026-08-19T16:25:42.461934
45917,,-58,39,0,873,65416,43376,519046,0,68,10,0,0,14:33:5C:6D:AF:58,0,0,ARMED,70.0,0,1,80:02:9C:61:97:4B,11,17,201.9,80:02:9C:61:97:4A,6,0,NONE,2026-08-19T16:25:42.681934
45917,,40,40,0,1023,65416,43376,519096,0,68,10,0,0,14:33:5C:6D:AF:58,0,1,ARMED,70.0,0,0,80:02:9C:61:97:4B,11,38,1123.2,80:02:9C:61:97:4A,6,0,NONE,2026-08-19T16:25:42.731934
45917,,-61,36,292,888,65416,43376,519191,0,68,10,0,0,14:33:5C:6D:AF:58,0,1,ARMED,70.0,0,0,80:02:9C:61:97:4B,11,14,580.5,80:02:9C:61:97:4A,6,0,NONE,2026-08-19T16:25:42.826934
45917,,40,40,0,1271,65416,43376,519346,0,68,10,0,0,14:33:5C:6D:AF:58,1,1,ARMED,70.0,0,0,80:02:9C:61:97:4B,11,20,260.6,80:02:9C:61:97:4A,6,0,NONE,2026-08-19T16:25:42.981934
45917,,-87,10,0,1274,65416,43376,519525,0,68,10,0,0,14:33:5C:6D:AF:58,1,0,ARMED,70.0,0,0,80:02:9C:61:97:4B,11,17,333.1,80:02:9C:61:97:4A,6,0,NONE,2026-08-19T16:25:43.160934
45917,,25,25,0,3898,65416,43376,519711,0,68,10,0,0,14:33:5C:6D:AF:58,0,0,ARMED,70.0,0,0,80:02:9C:61:97:4B,11,10,296.5,80:02:9C:61:97:4A,6,0,NONE,2026-08-19T16:25:43.346934
45917,,40,40,0,3900,65416,43376,519916,0,68,10,0,0,14:33:5C:6D:AF:58,0,0,ARMED,70.0,0,0,80:02:9C:61:97:4B,11,8,247.0,80:02:9C:61:97:4A,6,0,NONE,2026-08-19T16:25:43.551934
45917,,25,25,0,2209,65416,43376,520158,0,68,10,0,0,14:33:5C:6D:AF:58,0,0,ARMED,70.0,0,0,80:02:9C:61:97:4B,11,17,244.6,80:02:9C:61:97:4A,6,0,NONE,2026-08-19T16:25:43.793934
45917,,40,40,0,3413,65416,43376,520365,0,68,10,0,0,14:33:5C:6D:AF:58,0,1,ARMED,70.0,0,0,80:02:9C:61:97:4B,11,15,242.3,80:02:9C:61:97:4A,6,0,NONE,2026-08-19T16:25:44.000934
45917,,35,35,0,42,65416,43376,520602,0,68,10,0,0,14:33:5C:6D:AF:58,0,0,ARMED,70.0,0,0,80:02:9C:61:97:4B,11,21,225.3,80:02:9C:61:97:4A,6,0,NONE,2026-08-19T16:25:44.237934
45917,,24,24,0,2216,65416,43376,520856,0,68,10,0,0,14:33:5C:6D:AF:58,0,0,ARMED,70.0,0,0,80:02:9C:61:97:4B,11,9,254.4,80:02:9C:61:97:4A,6,0,NONE,2026-08-19T16:25:44.491934
45917,,40,40,0,2132,65416,43376,521106,0,68,10,0,0,14:33:5C:6D:AF:58,0,0,ARMED,70.0,0,0,80:02:9C:61:97:4B,11,17,213.4,80:02:9C:61:97:4A,6,0,NONE,2026-08-19T16:25:44.741934
45917,BEACON,-93,4,0,2025,65416,43376,521337,0,68,10,0,0,14:33:5C:6D:AF:58,0,0,ARMED,70.0,0,1,80:02:9C:61:97:4B,11,1,231.1,80:02:9C:61:97:4A,6,0,NONE,2026-08-19T16:25:44.972934
45917,,-62,35,3575,877,65416,43376,521612,0,68,10,0,0,14:33:5C:6D:AF:58,0,0,ARMED,70.0,0,1,80:02:9C:61:97:4B,11,13,174.9,80:02:9C:61:97:4A,6,0,NONE,2026-08-19T16:25:45.247934
45917,,40,40,0,53,65416,43376,521728,0,68,10,0,0,14:33:5C:6D:AF:58,1,1,ARMED,70.0,0,0,80:02:9C:61:97:4B,11,39,445.5,80:02:9C:61:97:4A,6,0,NONE,2026-08-19T16:25:45.363934
45917,,14,14,0,2227,65416,43376,521976,0,68,10,0,0,14:33:5C:6D:AF:58,0,0,ARMED,70.0,0,0,80:02:9C:61:97:4B,11,7,245.7,80:02:9C:61:97:4A,6,0,NONE,2026-08-19T16:25:45.611934
45917,BEACON,-79,18,0,2143,65416,43376,522226,0,68,10,0,0,14:33:5C:6D:AF:58,0,0,ARMED,70.0,0,1,80:02:9C:61:97:4B,11,10,135.1,80:02:9C:61:97:4A,6,0,NONE,2026-08-19T16:25:45.861934
45917,,40,40,0,2232,65416,43376,522496,0,68,10,0,0,14:33:5C:6D:AF:58,0,0,ARMED,70.0,0,0,80:02:9C:61:97:4B,11,7,193.7,80:02:9C:61:97:4A,6,0,NONE,2026-08-19T16:25:46.131934
45917,,21,21,0,498,65416,43376,522591,0,68,10,0,0,14:33:5C:6D:AF:58,1,1,ARMED,70.0,0,1,80:02:9C:61:97:4B,11,33,1138.6,80:02:9C:61:97:4A,6,0,NONE,2026-08-19T16:25:46.226934
45917,,21,21,0,1919,65416,43376,522729,0,68,10,0,0,14:33:5C:6D:AF:58,1,1,ARMED,70.0,0,0,80:02:9C:61:97:4B,11,15,231.6,80:02:9C:61:97:4A,6,0,NONE,2026-08-19T16:25:46.364934
45917,BEACON,-79,18,0,2149,65416,43376,522841,0,68,10,0,0,14:33:5C:6D:AF:58,0,1,ARMED,70.0,0,1,80:02:9C:61:97:4B,11,19,258.1,80:02:9C:61:97:4A,6,0,NONE,2026-08-19T16:25:46.476934
45917,,40,40,0,2151,65416,43376,523053,0,68,10,0,0,14:33:5C:6D:AF:58,0,1,ARMED,70.0,0,0,80:02:9C:61:97:4B,11,14,174.3,80:02:9C:61:97:4A,6,0,NONE,2026-08-19T16:25:46.688934
45917,BEACON,-85,12,0,2240,65416,43376,523301,0,68,10,0,0,14:33:5C:6D:AF:58,0,0,ARMED,70.0,0,1,80:02:9C:61:97:4B,11,4,177.2,80:02:9C:61:97:4A,6,0,NONE,2026-08-19T16:25:46.936934
45917,,40,40,0,2156,65416,43376,523558,0,68,10,0,0,14:33:5C:6D:AF:58,1,0,ARMED,70.0,0,0,80:02:9C:61:97:4B,11,12,159.8,80:02:9C:61:97:4A,6,0,NONE,2026-08-19T16:25:47.193934
45917,,40,40,0,3082,65416,43376,523703,0,68,10,0,0,14:33:5C:6D:AF:58,0,0,ARMED,70.0,0,0,80:02:9C:61:97:4B,11,12,795.7,80:02:9C:61:97:4A,6,0,NONE,2026-08-19T16:25:47.338934
45917,,23,23,0,0,65416,43376,523803,0,68,10,0,0,14:33:5C:6D:AF:58,1,1,ARMED,70.0,0,0,80:02:9C:61:97:4B,11,9,751.4,80:02:9C:61:97:4A,6,0,NONE,2026-08-19T16:25:47.438934
45917,,66,66,0,3940,65416,43376,524005,0,68,10,0,0,14:33:5C:6D:AF:58,0,0,ARMED,70.0,0,0,80:02:9C:61:97:4B,11,6,1212.6,80:02:9C:61:97:4A,6,0,NONE,2026-08-19T16:25:47.640934
45917,,-61,36,166,880,65416,43376,524141,0,68,10,0,0,14:33:5C:6D:AF:58,1,1,ARMED,70.0,0,0,80:02:9C:61:97:4B,11,15,380.2,80:02:9C:61:97:4A,6,0,NONE,2026-08-19T16:25:47.776934
45917,,40,40,0,66,65416,43376,524365,0,68,10,0,0,14:33:5C:6D:AF:58,0,0,ARMED,70.0,0,0,80:02:9C:61:97:4B,11,10,170.3,80:02:9C:61:97:4A,6,0,NONE,2026-08-19T16:25:48.000934
45917,,-87,10,0,1298,65416,43376,524606,0,68,10,0,0,14:33:5C:6D:AF:58,0,0,ARMED,70.0,0,1,80:02:9C:61:97:4B,11,21,222.3,80:02:9C:61:97:4A,6,0,NONE,2026-08-19T16:25:48.241934
45917,,-61,36,0,955,62176,43376,524788,0,68,10,0,0,14:33:5C:6D:AF:58,0,1,ARMED,70.0,0,0,80:02:9C:61:97:4B,11,17,272.8,80:02:9C:61:97:4A,6,0,NONE,2026-08-19T16:25:48.423934
45917,,15,15,0,2256,65416,43376,524977,0,68,10,0,0,14:33:5C:6D:AF:58,0,0,ARMED,70.0,0,0,80:02:9C:61:97:4B,11,4,105.6,80:02:9C:61:97:4A,6,0,NONE,2026-08-19T16:25:48.612934
45917,,-61,36,0,961,65400,43376,525214,0,68,10,0,0,14:33:5C:6D:AF:58,0,0,ARMED,70.0,0,1,80:02:9C:61:97:4B,11,12,172.0,80:02:9C:61:97:4A,6,0,NONE,2026-08-19T16:25:48.849934
45917,,21,21,0,2065,65416,43376,525433,0,68,10,0,0,14:33:5C:6D:AF:58,0,0,ARMED,70.0,0,0,80:02:9C:61:97:4B,11,25,315.7,80:02:9C:61:97:4A,6,0,NONE,2026-08-19T16:25:49.068934
45917,,21,21,0,2264,65416,43376,525662,0,68,10,0,0,14:33:5C:6D:AF:58,0,0,ARMED,70.0,0,0,80:02:9C:61:97:4B,11,1,179.2,80:02:9C:61:97:4A,6,0,NONE,2026-08-19T16:25:49.297934
45917,,41,41,0,2266,65416,43376,525906,0,68,10,0,0,14:33:5C:6D:AF:58,1,0,ARMED,70.0,0,0,80:02:9C:61:97:4B,11,7,156.3,80:02:9C:61:97:4A,6,0,NONE,2026-08-19T16:25:49.541934
45917,,-61,36,398,973,65416,43376,526032,0,68,10,0,0,14:33:5C:6D:AF:58,0,0,ARMED,70.0,0,1,80:02:9C:61:97:4B,11,32,469.3,80:02:9C:61:97:4A,6,0,NONE,2026-08-19T16:25:49.667934
45917,,-61,36,291,984,65416,43376,526187,0,68,10,0,0,14:33:5C:6D:AF:58,0,0,ARMED,70.0,0,0,80:02:9C:61:97:4B,11,11,573.5,80:02:9C:61:97:4A,6,0,NONE,2026-08-19T16:25:49.822934
45917,,40,40,0,2183,65416,43376,526325,0,68,10,0,0,14:33:5C:6D:AF:58,1,1,ARMED,70.0,0,0,80:02:9C:61:97:4B,11,7,129.9,80:02:9C:61:97:4A,6,0,NONE,2026-08-19T16:25:49.960934
45917,,41,41,0,501,65416,43376,526586,0,68,10,0,0,14:33:5C:6D:AF:58,0,0,ARMED,70.0,0,1,80:02:9C:61:97:4B,11,6,587.0,80:02:9C:61:97:4A,6,0,NONE,2026-08-19T16:25:50.221934
45917,,40,40,0,2188,65416,43376,526835,0,68,10,0,0,14:33:5C:6D:AF:58,0,0,ARMED,70.0,0,0,80:02:9C:61:97:4B,11,7,121.6,80:02:9C:61:97:4A,6,0,NONE,2026-08-19T16:25:50.470934
45917,,41,41,0,993,65416,43376,527017,0,68,10,0,0,14:33:5C:6D:AF:58,0,0,ARMED,70.0,0,0,80:02:9C:61:97:4B,11,15,418.4,80:02:9C:61:97:4A,6,0,NONE,2026-08-19T16:25:50.652934
45917,,41,41,0,2083,65416,43376,527300,0,68,10,0,0,14:33:5C:6D:AF:58,0,0,ARMED,70.0,0,0,80:02:9C:61:97:4B,11,2,135.9,80:02:9C:61:97:4A,6,0,NONE,2026-08-19T16:25:50.935934
45917,BEACON,-79,18,0,2195,65416,43376,527551,0,68,10,0,0,14:33:5C:6D:AF:58,1,0,ARMED,70.0,0,1,80:02:9C:61:97:4B,11,10,192.9,80:02:9C:61:97:4A,6,0,NONE,2026-08-19T16:25:51.186934
45917,,40,40,0,1023,65416,43376,527736,0,68,10,0,0,14:33:5C:6D:AF:58,1,0,ARMED,70.0,0,0,80:02:9C:61:97:4B,11,13,386.6,80:02:9C:61:97:4A,6,0,NONE,2026-08-19T16:25:51.371934
45917,,-60,37,14090,889,65416,43376,527980,0,68,10,0,0,14:33:5C:6D:AF:58,0,0,ARMED,70.0,0,1,80:02:9C:61:97:4B,11,16,209.6,80:02:9C:61:97:4A,6,0,NONE,2026-08-19T16:25:51.615934
45917,,23,23,0,176,65416,43376,528087,0,68,10,0,0,14:33:5C:6D:AF:58,0,0,ARMED,70.0,0,1,80:02:9C:61:97:4B,11,41,503.8,80:02:9C:61:97:4A,6,0,NONE,2026-08-19T16:25:51.722934
45917,,41,41,0,2290,65416,43376,528335,0,68,10,0,0,14:33:5C:6D:AF:58,0,0,ARMED,70.0,0,0,80:02:9C:61:97:4B,11,4,256.5,80:02:9C:61:97:4A,6,0,NONE,2026-08-19T16:25:51.970934
45917,,17,17,0,20,65416,43376,528563,0,68,10,0,0,14:33:5C:6D:AF:58,0,0,ARMED,70.0,0,1,80:02:9C:61:97:4B,11,10,295.1,80:02:9C:61:97:4A,6,0,NONE,2026-08-19T16:25:52.198934
45917,,17,17,0,2097,65416,43376,528718,0,68,10,0,0,14:33:5C:6D:AF:58,0,1,ARMED,70.0,0,0,80:02:9C:61:97:4B,11,32,369.1,80:02:9C:61:97:4A,6,0,NONE,2026-08-19T16:25:52.353934
45917,,40,40,0,2208,65416,43376,528886,0,68,10,0,0,14:33:5C:6D:AF:58,0,1,ARMED,70.0,0,0,80:02:9C:61:97:4B,11,13,258.2,80:02:9C:61:97:4A,6,0,NONE,2026-08-19T16:25:52.521934
45917,,-60,37,355,1023,65416,43376,529028,0,68,10,0,0,14:33:5C:6D:AF:58,0,0,ARMED,70.0,0,1,80:02:9C:61:97:4B,11,37,397.3,80:02:9C:61:97:4A,6,0,NONE,2026-08-19T16:25:52.663934
45917,,41,41,0,2102,65416,43376,529226,0,68,10,0,0,14:33:5C:6D:AF:58,0,1,ARMED,70.0,0,0,80:02:9C:61:97:4B,11,17,212.1,80:02:9C:61:97:4A,6,0,NONE,2026-08-19T16:25:52.861934
45917,,41,41,0,2104,65416,43376,529427,0,68,10,0,0,14:33:5C:6D:AF:58,0,0,ARMED,70.0,0,0,80:02:9C:61:97:4B,11,19,235.3,80:02:9C:61:97:4A,6,0,NONE,2026-08-19T16:25:53.062934
45917,,-55,42,0,260,65416,43376,529536,0,68,10,0,0,14:33:5C:6D:AF:58,1,1,ARMED,70.0,0,1,80:02:9C:61:97:4B,11,43,494.6,80:02:9C:61:97:4A,6,0,NONE,2026-08-19T16:25:53.171934
45917,,21,21,0,2303,65416,43376,529677,0,68,10,0,0,14:33:5C:6D:AF:58,0,1,ARMED,70.0,0,0,80:02:9C:61:97:4B,11,4,163.9,80:02:9C:61:97:4A,6,0,NONE,2026-08-19T16:25:53.312934
45917,PROBE_REQ,-88,9,240,3470,65416,43376,529807,0,68,10,0,0,14:33:5C:6D:AF:58,0,0,ARMED,70.0,0,1,80:02:9C:61:97:4B,11,32,607.1,80:02:9C:61:97:4A,6,0,NONE,2026-08-19T16:25:53.442934
45917,BEACON,-79,18,0,2306,65416,43376,529957,0,68,10,0,0,14:33:5C:6D:AF:58,0,1,ARMED,70.0,0,1,80:02:9C:61:97:4B,11,38,371.2,80:02:9C:61:97:4A,6,0,NONE,2026-08-19T16:25:53.592934
45917,,25,25,0,2111,65416,43376,530155,0,68,10,0,0,14:33:5C:6D:AF:58,0,0,ARMED,70.0,0,0,80:02:9C:61:97:4B,11,23,240.3,80:02:9C:61:97:4A,6,0,NONE,2026-08-19T16:25:53.790934
45917,,25,25,0,2310,65416,43376,530377,0,68,10,0,0,14:33:5C:6D:AF:58,0,0,ARMED,70.0,0,0,80:02:9C:61:97:4B,11,5,470.2,80:02:9C:61:97:4A,6,0,NONE,2026-08-19T16:25:54.012934
45917,,40,40,0,1023,65416,43376,530577,0,68,10,0,0,14:33:5C:6D:AF:58,0,0,ARMED,70.0,0,0,80:02:9C:61:97:4B,11,25,245.9,80:02:9C:61:97:4A,6,0,NONE,2026-08-19T16:25:54.212934
45917,,41,41,0,2226,65416,43376,530726,0,68,10,0,0,14:33:5C:6D:AF:58,0,1,ARMED,70.0,0,0,80:02:9C:61:97:4B,11,10,218.1,80:02:9C:61:97:4A,6,0,NONE,2026-08-19T16:25:54.361934
45917,,-87,10,0,1289,65416,43376,530911,0,68,10,0,0,14:33:5C:6D:AF:58,0,0,ARMED,70.0,0,0,80:02:9C:61:97:4B,11,11,434.6,80:02:9C:61:97:4A,6,0,NONE,2026-08-19T16:25:54.546934
45917,,40,40,0,2229,65416,43376,531036,0,68,10,0,0,14:33:5C:6D:AF:58,0,1,ARMED,70.0,0,0,80:02:9C:61:97:4B,11,11,224.6,80:02:9C:61:97:4A,6,0,NONE,2026-08-19T16:25:54.671934
45917,MGMT_OTHER,-84,13,0,3160,65416,43376,531117,0,68,10,0,0,14:33:5C:6D:AF:58,0,1,ARMED,70.0,0,1,80:02:9C:61:97:4B,11,17,552.7,80:02:9C:61:97:4A,6,0,NONE,2026-08-19T16:25:54.752934
45917,,40,40,0,1023,65416,43376,531152,0,68,10,0,0,14:33:5C:6D:AF:58,0,1,ARMED,70.0,0,1,80:02:9C:61:97:4B,11,67,1020.0,80:02:9C:61:97:4A,6,0,NONE,2026-08-19T16:25:54.787934
45917,,25,25,0,1023,65416,43376,531181,0,68,10,0,0,14:33:5C:6D:AF:58,0,1,ARMED,70.0,0,1,80:02:9C:61:97:4B,11,117,1245.1,80:02:9C:61:97:4A,6,0,NONE,2026-08-19T16:25:54.816934
45917,,25,25,0,1023,65416,43376,531214,0,68,10,0,0,14:33:5C:6D:AF:58,0,1,ARMED,70.0,0,1,80:02:9C:61:97:4B,11,44,1651.8,80:02:9C:61:97:4A,6,0,NONE,2026-08-19T16:25:54.849934
45917,PROBE_REQ,-87,10,243,2,65400,43376,531242,0,68,10,0,0,14:33:5C:6D:AF:58,0,1,ARMED,70.0,0,0,80:02:9C:61:97:4B,11,94,1705.3,80:02:9C:61:97:4A,6,0,NONE,2026-08-19T16:25:54.877934
45917,MGMT_OTHER,-85,12,307,2903,64772,43376,531279,0,68,10,0,0,14:33:5C:6D:AF:58,0,1,ARMED,70.0,0,1,80:02:9C:61:97:4B,11,144,1560.7,80:02:9C:61:97:4A,6,0,NONE,2026-08-19T16:25:54.914934
45917,PROBE_REQ,-89,8,2006,8,65400,43376,531335,0,68,10,0,0,14:33:5C:6D:AF:58,0,1,ARMED,70.0,0,1,80:02:9C:61:97:4B,11,49,1233.9,80:02:9C:61:97:4A,6,0,NONE,2026-08-19T16:25:54.970934
45917,MGMT_OTHER,-84,13,2019,759,64772,43376,531401,0,68,10,0,0,14:33:5C:6D:AF:58,1,1,ARMED,70.0,0,1,80:02:9C:61:97:4B,11,2,482.6,80:02:9C:61:97:4A,6,0,NONE,2026-08-19T16:25:55.036934
45917,BEACON,-79,18,0,2233,65416,43376,531442,0,68,10,0,0,14:33:5C:6D:AF:58,1,1,ARMED,70.0,0,1,80:02:9C:61:97:4B,11,52,1138.4,80:02:9C:61:97:4A,6,0,NONE,2026-08-19T16:25:55.077934
45917,BEACON,-95,2,0,4014,65416,43376,531573,0,68,10,0,0,14:33:5C:6D:AF:58,1,1,ARMED,70.0,0,1,80:02:9C:61:97:4B,11,22,314.0,80:02:9C:61:97:4A,6,0,NONE,2026-08-19T16:25:55.208934
45917,BEACON,-80,17,0,151,65416,43376,531762,0,68,10,0,0,14:33:5C:6D:AF:58,0,0,ARMED,70.0,0,1,80:02:9C:61:97:4B,11,14,299.8,80:02:9C:61:97:4A,6,0,NONE,2026-08-19T16:25:55.397934
45917,MGMT_OTHER,-84,13,0,390,65416,43376,531849,0,68,10,0,0,14:33:5C:6D:AF:58,1,1,ARMED,70.0,0,1,80:02:9C:61:97:4B,11,30,1031.5,80:02:9C:61:97:4A,6,0,NONE,2026-08-19T16:25:55.484934
45917,MGMT_OTHER,-82,15,0,2469,65416,43376,531937,0,68,10,0,0,14:33:5C:6D:AF:58,1,1,ARMED,70.0,0,1,80:02:9C:61:97:4B,11,2,747.1,80:02:9C:61:97:4A,6,0,NONE,2026-08-19T16:25:55.572934
45917,,14,14,0,3848,65416,43376,532000,0,68,10,0,0,14:33:5C:6D:AF:58,1,1,ARMED,70.0,0,0,80:02:9C:61:97:4B,11,52,792.8,80:02:9C:61:97:4A,6,0,NONE,2026-08-19T16:25:55.635934
45917,MGMT_OTHER,-83,14,405,2204,65416,43376,532042,0,68,10,0,0,14:33:5C:6D:AF:58,1,1,ARMED,70.0,0,1,80:02:9C:61:97:4B,11,11,1709.7,80:02:9C:61:97:4A,6,0,NONE,2026-08-19T16:25:55.677934
45917,,-90,7,6220,1302,65416,43376,532219,0,68,10,0,0,14:33:5C:6D:AF:58,1,1,ARMED,70.0,0,1,80:02:9C:61:97:4B,11,13,158.6,80:02:9C:61:97:4A,6,0,NONE,2026-08-19T16:25:55.854934
45917,PROBE_REQ,-91,6,349,2424,65416,43376,532304,0,68,10,0,0,14:33:5C:6D:AF:58,1,1,ARMED,70.0,0,1,80:02:9C:61:97:4B,11,24,356.2,80:02:9C:61:97:4A,6,0,NONE,2026-08-19T16:25:55.939934
45917,MGMT_OTHER,-84,13,0,488,65416,43376,532378,0,68,10,0,0,14:33:5C:6D:AF:58,0,1,ARMED,70.0,0,1,80:02:9C:61:97:4B,11,35,920.0,80:02:9C:61:97:4A,6,0,NONE,2026-08-19T16:25:56.013934
45917,,40,40,0,159,65416,43376,532585,0,68,10,0,0,14:33:5C:6D:AF:58,0,0,ARMED,70.0,0,0,80:02:9C:61:97:4B,11,10,252.4,80:02:9C:61:97:4A,6,0,NONE,2026-08-19T16:25:56.220934
45917,,40,40,0,4025,65416,43376,532705,0,68,10,0,0,14:33:5C:6D:AF:58,1,1,ARMED,70.0,0,0,80:02:9C:61:97:4B,11,20,337.5,80:02:9C:61:97:4A,6,0,NONE,2026-08-19T16:25:56.340934
45917,,40,40,0,2337,65416,43376,532865,0,68,10,0,0,14:33:5C:6D:AF:58,0,1,ARMED,70.0,0,0,80:02:9C:61:97:4B,11,3,205.6,80:02:9C:61:97:4A,6,0,NONE,2026-08-19T16:25:56.500934
45917,,-60,37,379,1083,65416,43376,533026,0,68,10,0,0,14:33:5C:6D:AF:58,1,1,ARMED,70.0,0,1,80:02:9C:61:97:4B,11,31,414.3,80:02:9C:61:97:4A,6,0,NONE,2026-08-19T16:25:56.661934
45917,,40,40,0,1023,65416,43376,533115,0,68,10,0,0,14:33:5C:6D:AF:58,1,1,ARMED,70.0,0,0,80:02:9C:61:97:4B,11,40,626.6,80:02:9C:61:97:4A,6,0,NONE,2026-08-19T16:25:56.750934
45917,,40,40,0,892,65416,43376,533267,0,68,10,0,0,14:33:5C:6D:AF:58,0,1,ARMED,70.0,0,0,80:02:9C:61:97:4B,11,9,658.1,80:02:9C:61:97:4A,6,0,NONE,2026-08-19T16:25:56.902934
45917,,-56,41,0,324,65416,43376,533327,0,68,10,0,0,14:33:5C:6D:AF:58,0,1,ARMED,70.0,0,0,80:02:9C:61:97:4B,11,59,799.0,80:02:9C:61:97:4A,6,0,NONE,2026-08-19T16:25:56.962934
45917,PROBE_REQ,-89,8,1535,1494,65416,43376,533381,0,68,10,0,0,14:33:5C:6D:AF:58,0,1,ARMED,70.0,0,1,80:02:9C:61:97:4B,11,37,1363.6,80:02:9C:61:97:4A,6,0,NONE,2026-08-19T16:25:57.016934
45917,,-92,5,1913,3722,65416,43376,533436,0,68,10,0,0,14:33:5C:6D:AF:58,0,1,ARMED,70.0,0,1,80:02:9C:61:97:4B,11,87,1053.5,80:02:9C:61:97:4A,6,0,NONE,2026-08-19T16:25:57.071934
45917,,-88,9,1913,3210,65416,43376,533508,0,68,10,0,0,14:33:5C:6D:AF:58,0,1,ARMED,70.0,0,1,80:02:9C:61:97:4B,11,33,621.5,80:02:9C:61:97:4A,6,0,NONE,2026-08-19T16:25:57.143934
45917,,33,33,0,1023,65416,43376,533613,0,68,10,0,0,14:33:5C:6D:AF:58,0,1,ARMED,70.0,0,0,80:02:9C:61:97:4B,11,15,275.8,80:02:9C:61:97:4A,6,0,NONE,2026-08-19T16:25:57.248934
45917,,22,22,0,855,65416,43376,533811,0,68,10,0,0,14:33:5C:6D:AF:58,0,0,ARMED,70.0,0,1,80:02:9C:61:97:4B,11,12,268.1,80:02:9C:61:97:4A,6,0,NONE,2026-08-19T16:25:57.446934
45917,,40,40,0,2258,65416,43376,534004,0,68,10,0,0,14:33:5C:6D:AF:58,1,0,ARMED,70.0,0,0,80:02:9C:61:97:4B,11,3,160.8,80:02:9C:61:97:4A,6,0,NONE,2026-08-19T16:25:57.639934
45917,,-69,28,0,352,63632,43376,534135,0,68,10,0,0,14:33:5C:6D:AF:58,0,1,ARMED,70.0,0,0,80:02:9C:61:97:4B,11,10,331.7,80:02:9C:61:97:4A,6,0,NONE,2026-08-19T16:25:57.770934
45917,,20,20,0,1023,65416,43376,534385,0,68,10,0,0,14:33:5C:6D:AF:58,0,0,ARMED,70.0,0,0,80:02:9C:61:97:4B,11,15,198.2,80:02:9C:61:97:4A,6,0,NONE,2026-08-19T16:25:58.020934
45917,,34,34,0,1327,65416,43376,534604,0,68,10,0,0,14:33:5C:6D:AF:58,0,0,ARMED,70.0,0,0,80:02:9C:61:97:4B,11,19,213.3,80:02:9C:61:97:4A,6,0,NONE,2026-08-19T16:25:58.239934
45917,BEACON,-68,29,0,361,65416,43376,534844,0,68,10,0,0,14:33:5C:6D:AF:58,0,0,ARMED,70.0,0,1,80:02:9C:61:97:4B,11,2,182.3,80:02:9C:61:97:4A,6,0,NONE,2026-08-19T16:25:58.479934
45917,,-91,6,0,1516,65416,43376,535019,0,68,10,0,0,14:33:5C:6D:AF:58,0,1,ARMED,70.0,0,1,80:02:9C:61:97:4B,11,21,253.2,80:02:9C:61:97:4A,6,0,NONE,2026-08-19T16:25:58.654934
45917,,-67,30,0,365,63684,43376,535154,0,68,10,0,0,14:33:5C:6D:AF:58,0,1,ARMED,70.0,0,0,80:02:9C:61:97:4B,11,3,242.2,80:02:9C:61:97:4A,6,0,NONE,2026-08-19T16:25:58.789934
45917,,-90,7,84,1274,65416,43376,535292,0,68,10,0,0,14:33:5C:6D:AF:58,0,1,ARMED,70.0,0,1,80:02:9C:61:97:4B,11,25,514.1,80:02:9C:61:97:4A,6,0,NONE,2026-08-19T16:25:58.927934
45917,,41,41,0,1334,65416,43376,535535,0,68,10,0,0,14:33:5C:6D:AF:58,0,0,ARMED,70.0,0,0,80:02:9C:61:97:4B,11,23,262.7,80:02:9C:61:97:4A,6,0,NONE,2026-08-19T16:25:59.170934
45917,,20,20,0,2274,65416,43376,535646,0,68,10,0,0,14:33:5C:6D:AF:58,0,1,ARMED,70.0,0,0,80:02:9C:61:97:4B,11,45,468.1,80:02:9C:61:97:4A,6,0,NONE,2026-08-19T16:25:59.281934
45917,,20,20,0,2367,65416,43376,535829,0,68,10,0,0,14:33:5C:6D:AF:58,1,1,ARMED,70.0,0,0,80:02:9C:61:97:4B,11,15,237.4,80:02:9C:61:97:4A,6,0,NONE,2026-08-19T16:25:59.464934
45917,,20,20,0,1023,65416,43376,536029,0,68,10,0,0,14:33:5C:6D:AF:58,0,0,ARMED,70.0,0,0,80:02:9C:61:97:4B,11,13,224.4,80:02:9C:61:97:4A,6,0,NONE,2026-08-19T16:25:59.664934
45917,BEACON,-79,18,0,2280,65416,43376,536255,0,68,10,0,0,14:33:5C:6D:AF:58,0,0,ARMED,70.0,0,1,80:02:9C:61:97:4B,11,15,188.5,80:02:9C:61:97:4A,6,0,NONE,2026-08-19T16:25:59.890934
45917,,-71,26,0,1275,65416,43376,536398,0,68,10,0,0,14:33:5C:6D:AF:58,1,1,ARMED,70.0,0,1,80:02:9C:61:97:4B,11,5,276.0,80:02:9C:61:97:4A,6,0,NONE,2026-08-19T16:26:00.033934
45917,,-55,42,0,360,65416,43376,536438,0,68,10,0,0,14:33:5C:6D:AF:58,1,1,ARMED,70.0,0,0,80:02:9C:61:97:4B,11,55,948.6,80:02:9C:61:97:4A,6,0,NONE,2026-08-19T16:26:00.073934
45917,,-55,42,300,368,65416,43376,536552,0,68,10,0,0,14:33:5C:6D:AF:58,1,1,ARMED,70.0,0,0,80:02:9C:61:97:4B,11,32,447.6,80:02:9C:61:97:4A,6,0,NONE,2026-08-19T16:26:00.187934
45917,,24,24,0,1023,65416,43376,536727,0,68,10,0,0,14:33:5C:6D:AF:58,0,1,ARMED,70.0,0,0,80:02:9C:61:97:4B,11,12,305.9,80:02:9C:61:97:4A,6,0,NONE,2026-08-19T16:26:00.362934
45917,BEACON,-66,31,0,384,65416,43376,536892,0,68,10,0,0,14:33:5C:6D:AF:58,0,1,ARMED,70.0,0,1,80:02:9C:61:97:4B,11,28,268.3,80:02:9C:61:97:4A,6,0,NONE,2026-08-19T16:26:00.527934
45917,BEACON,-67,30,0,386,65416,43376,537097,0,68,10,0,0,14:33:5C:6D:AF:58,0,0,ARMED,70.0,0,1,80:02:9C:61:97:4B,11,22,214.9,80:02:9C:61:97:4A,6,0,NONE,2026-08-19T16:26:00.732934
45917,,-92,5,2153,1903,65416,43376,537268,0,68,10,0,0,14:33:5C:6D:AF:58,0,1,ARMED,70.0,0,1,80:02:9C:61:97:4B,11,18,264.4,80:02:9C:61:97:4A,6,0,NONE,2026-08-19T16:26:00.903934
45917,,24,24,0,2384,65416,43376,537438,0,68,10,0,0,14:33:5C:6D:AF:58,0,1,ARMED,70.0,0,0,80:02:9C:61:97:4B,11,13,371.0,80:02:9C:61:97:4A,6,0,NONE,2026-08-19T16:26:01.073934
45917,,24,24,0,2184,65416,43376,537659,0,68,10,0,0,14:33:5C:6D:AF:58,0,0,ARMED,70.0,0,0,80:02:9C:61:97:4B,11,11,219.6,80:02:9C:61:97:4A,6,0,NONE,2026-08-19T16:26:01.294934
45917,,41,41,0,2388,65416,43376,537865,0,68,10,0,0,14:33:5C:6D:AF:58,0,0,ARMED,70.0,0,0,80:02:9C:61:97:4B,11,13,255.1,80:02:9C:61:97:4A,6,0,NONE,2026-08-19T16:26:01.500934
45917,,41,41,0,1180,65416,43376,538054,0,68,10,0,0,14:33:5C:6D:AF:58,0,1,ARMED,70.0,0,0,80:02:9C:61:97:4B,11,12,344.1,80:02:9C:61:97:4A,6,0,NONE,2026-08-19T16:26:01.689934
45917,,-61,36,0,912,65416,43376,538220,0,68,10,0,0,14:33:5C:6D:AF:58,0,1,ARMED,70.0,0,1,80:02:9C:61:97:4B,11,28,284.3,80:02:9C:61:97:4A,6,0,NONE,2026-08-19T16:26:01.855934
45917,,33,33,0,2301,65416,43376,538406,0,68,10,0,0,14:33:5C:6D:AF:58,1,1,ARMED,70.0,0,0,80:02:9C:61:97:4B,11,21,263.5,80:02:9C:61:97:4A,6,0,NONE,2026-08-19T16:26:02.041934
45917,,20,20,0,1023,65416,43376,538613,0,68,10,0,0,14:33:5C:6D:AF:58,0,0,ARMED,70.0,0,1,80:02:9C:61:97:4B,11,21,243.8,80:02:9C:61:97:4A,6,0,NONE,2026-08-19T16:26:02.248934
45917,,-61,36,292,1171,65416,43376,538732,0,68,10,0,0,14:33:5C:6D:AF:58,0,1,ARMED,70.0,0,0,80:02:9C:61:97:4B,11,6,2781.6,80:02:9C:61:97:4A,6,0,NONE,2026-08-19T16:26:02.367934
45917,,41,41,0,2399,65416,43376,538875,0,68,10,0,0,14:33:5C:6D:AF:58,0,1,ARMED,70.0,0,0,80:02:9C:61:97:4B,11,10,251.5,80:02:9C:61:97:4A,6,0,NONE,2026-08-19T16:26:02.510934
45917,,-88,9,0,1350,65416,43376,539064,0,68,10,0,0,14:33:5C:6D:AF:58,0,0,ARMED,70.0,0,0,80:02:9C:61:97:4B,11,14,644.3,80:02:9C:61:97:4A,6,0,NONE,2026-08-19T16:26:02.699934
45917,,-78,19,0,1049,65416,43376,539277,0,68,10,0,0,14:33:5C:6D:AF:58,1,0,ARMED,70.0,0,1,80:02:9C:61:97:4B,11,6,204.9,80:02:9C:61:97:4A,6,0,NONE,2026-08-19T16:26:02.912934
45917,,21,21,0,1050,65416,43376,539486,0,68,10,0,0,14:33:5C:6D:AF:58,0,0,ARMED,70.0,0,0,80:02:9C:61:97:4B,11,10,304.9,80:02:9C:61:97:4A,6,0,NONE,2026-08-19T16:26:03.121934
45917,,20,20,0,2407,65400,43376,539691,0,68,10,0,0,14:33:5C:6D:AF:58,0,0,ARMED,70.0,0,0,80:02:9C:61:97:4B,11,8,236.7,80:02:9C:61:97:4A,6,0,NONE,2026-08-19T16:26:03.326934
45917,,21,21,0,2205,65416,43376,539788,0,68,10,0,0,14:33:5C:6D:AF:58,0,1,ARMED,70.0,0,0,80:02:9C:61:97:4B,11,7,245.4,80:02:9C:61:97:4A,6,0,NONE,2026-08-19T16:26:03.423934
45917,,-61,36,4316,1190,65416,43376,540010,0,68,10,0,0,14:33:5C:6D:AF:58,0,0,ARMED,70.0,0,1,80:02:9C:61:97:4B,11,11,238.9,80:02:9C:61:97:4A,6,0,NONE,2026-08-19T16:26:03.645934
45917,,23,23,0,514,65416,43376,540211,0,68,10,0,0,14:33:5C:6D:AF:58,0,0,ARMED,70.0,0,1,80:02:9C:61:97:4B,11,11,261.5,80:02:9C:61:97:4A,6,0,NONE,2026-08-19T16:26:03.846934
45917,MGMT_OTHER,23,23,0,2414,65416,43376,540430,0,68,10,0,0,14:33:5C:6D:AF:58,0,0,ARMED,70.0,0,1,80:02:9C:61:97:4B,11,12,214.5,80:02:9C:61:97:4A,6,0,NONE,2026-08-19T16:26:04.065934
45917,,-61,36,292,1209,65416,43376,540637,0,68,10,0,0,14:33:5C:6D:AF:58,0,0,ARMED,70.0,0,0,80:02:9C:61:97:4B,11,19,315.3,80:02:9C:61:97:4A,6,0,NONE,2026-08-19T16:26:04.272934
45917,MGMT_OTHER,40,40,0,0,65416,43376,540715,0,68,10,0,0,14:33:5C:6D:AF:58,0,1,ARMED,70.0,0,0,80:02:9C:61:97:4B,11,33,975.7,80:02:9C:61:97:4A,6,0,NONE,2026-08-19T16:26:04.350934
45917,MGMT_OTHER,41,41,0,2216,65416,43376,540953,0,68,10,0,0,14:33:5C:6D:AF:58,0,0,ARMED,70.0,0,0,80:02:9C:61:97:4B,11,13,195.1,80:02:9C:61:97:4A,6,0,NONE,2026-08-19T16:26:04.588934
45917,MGMT_OTHER,41,41,0,1181,65416,43376,541190,0,68,10,0,0,14:33:5C:6D:AF:58,0,0,ARMED,70.0,0,0,80:02:9C:61:97:4B,11,21,211.3,80:02:9C:61:97:4A,6,0,NONE,2026-08-19T16:26:04.825934
45917,,-93,4,0,3387,65416,43376,541447,0,68,10,0,0,14:33:5C:6D:AF:58,0,0,ARMED,70.0,0,1,80:02:9C:61:97:4B,11,11,222.2,80:02:9C:61:97:4A,6,0,NONE,2026-08-19T16:26:05.082934
45917,BEACON,-81,16,0,248,65416,43376,541694,0,68,10,0,0,14:33:5C:6D:AF:58,0,0,ARMED,70.0,0,1,80:02:9C:61:97:4B,11,15,164.0,80:02:9C:61:97:4A,6,0,NONE,2026-08-19T16:26:05.329934
45917,MGMT_OTHER,41,41,0,18,65416,43376,541865,0,68,10,0,0,14:33:5C:6D:AF:58,0,1,ARMED,70.0,0,0,80:02:9C:61:97:4B,11,20,327.6,80:02:9C:61:97:4A,6,0,NONE,2026-08-19T16:26:05.500934
45917,BEACON,-68,29,0,439,65416,43376,542012,0,68,10,0,0,14:33:5C:6D:AF:58,0,1,ARMED,70.0,0,1,80:02:9C:61:97:4B,11,40,391.1,80:02:9C:61:97:4A,6,0,NONE,2026-08-19T16:26:05.647934
45917,MGMT_OTHER,22,22,0,2432,65416,43376,542276,0,68,10,0,0,14:33:5C:6D:AF:58,0,0,ARMED,70.0,0,0,80:02:9C:61:97:4B,11,14,226.1,80:02:9C:61:97:4A,6,0,NONE,2026-08-19T16:26:05.911934
45917,PROBE_REQ,-94,3,0,1123,65416,43376,542482,0,68,10,0,0,14:33:5C:6D:AF:58,0,0,ARMED,70.0,0,0,80:02:9C:61:97:4B,11,18,299.6,80:02:9C:61:97:4A,6,0,NONE,2026-08-19T16:26:06.117934
45917,MGMT_OTHER,22,22,0,2343,65416,43376,542714,0,68,10,0,0,14:33:5C:6D:AF:58,0,0,ARMED,70.0,0,0,80:02:9C:61:97:4B,11,17,190.2,80:02:9C:61:97:4A,6,0,NONE,2026-08-19T16:26:06.349934
45917,,-70,27,89,2002,65416,43376,542745,0,68,10,0,0,14:33:5C:6D:AF:58,0,0,ARMED,70.0,0,1,80:02:9C:61:97:4B,11,49,3348.6,80:02:9C:61:97:4A,6,0,NONE,2026-08-19T16:26:06.380934
45917,,-61,36,0,1263,65416,43376,543011,0,68,10,0,0,14:33:5C:6D:AF:58,0,0,ARMED,70.0,0,1,80:02:9C:61:97:4B,11,15,194.1,80:02:9C:61:97:4A,6,0,NONE,2026-08-19T16:26:06.646934
45917,MGMT_OTHER,40,40,0,31,65416,43376,543145,0,68,10,0,0,14:33:5C:6D:AF:58,0,0,ARMED,70.0,0,0,80:02:9C:61:97:4B,11,3,503.4,80:02:9C:61:97:4A,6,0,NONE,2026-08-19T16:26:06.780934
45917,,-59,38,0,921,65416,43376,543366,0,68,10,0,0,14:33:5C:6D:AF:58,0,0,ARMED,70.0,0,1,80:02:9C:61:97:4B,11,6,229.2,80:02:9C:61:97:4A,6,0,NONE,2026-08-19T16:26:07.001934
45917,,-56,41,0,459,65416,43376,543526,0,68,10,0,0,14:33:5C:6D:AF:58,0,0,ARMED,70.0,0,0,80:02:9C:61:97:4B,11,34,425.2,80:02:9C:61:97:4A,6,0,NONE,2026-08-19T16:26:07.161934
45917,MGMT_OTHER,-83,14,48,2775,65416,43376,543586,0,68,10,0,0,14:33:5C:6D:AF:58,0,1,ARMED,70.0,0,1,80:02:9C:61:97:4B,11,40,1011.4,80:02:9C:61:97:4A,6,0,NONE,2026-08-19T16:26:07.221934
45917,PROBE_REQ,-89,8,379,2025,65416,43376,543646,0,68,10,0,0,14:33:5C:6D:AF:58,0,1,ARMED,70.0,0,1,80:02:9C:61:97:4B,11,90,901.3,80:02:9C:61:97:4A,6,0,NONE,2026-08-19T16:26:07.281934
45917,BEACON,-76,21,0,268,65340,43376,543742,0,68,10,0,0,14:33:5C:6D:AF:58,1,1,ARMED,70.0,0,1,80:02:9C:61:97:4B,11,49,523.5,80:02:9C:61:97:4A,6,0,NONE,2026-08-19T16:26:07.377934
45917,DEAUTH,-90,7,3169,385,65416,43376,543845,0,68,10,0,0,14:33:5C:6D:AF:58,1,1,ARMED,70.0,0,1,80:02:9C:61:97:4B,11,49,565.0,80:02:9C:61:97:4A,6,0,NONE,2026-08-19T16:26:07.480934
45917,MGMT_OTHER,-83,14,2060,2624,65416,43376,543954,0,68,10,0,0,14:33:5C:6D:AF:58,1,1,ARMED,70.0,0,1,80:02:9C:61:97:4B,11,42,446.2,80:02:9C:61:97:4A,6,0,NONE,2026-08-19T16:26:07.589934
45917,MGMT_OTHER,40,40,0,2452,65416,43376,544095,0,68,10,0,0,14:33:5C:6D:AF:58,1,1,ARMED,70.0,0,0,80:02:9C:61:97:4B,11,3,300.2,80:02:9C:61:97:4A,6,0,NONE,2026-08-19T16:26:07.730934
45917,MGMT_OTHER,40,40,0,1023,65416,43376,544335,0,68,10,0,0,14:33:5C:6D:AF:58,0,0,ARMED,70.0,0,0,80:02:9C:61:97:4B,11,8,160.4,80:02:9C:61:97:4A,6,0,NONE,2026-08-19T16:26:07.970934
45917,,-68,29,9034,2715,65416,43376,544582,0,68,10,0,0,14:33:5C:6D:AF:58,0,0,ARMED,70.0,0,1,80:02:9C:61:97:4B,11,18,214.2,80:02:9C:61:97:4A,6,0,NONE,2026-08-19T16:26:08.217934
45917,MGMT_OTHER,40,40,0,2458,65416,43376,544715,0,68,10,0,0,14:33:5C:6D:AF:58,1,1,ARMED,70.0,0,0,80:02:9C:61:97:4B,11,3,245.3,80:02:9C:61:97:4A,6,0,NONE,2026-08-19T16:26:08.350934
45917,MGMT_OTHER,40,40,0,2255,65416,43376,544903,0,68,10,0,0,14:33:5C:6D:AF:58,1,1,ARMED,70.0,0,0,80:02:9C:61:97:4B,11,23,229.9,80:02:9C:61:97:4A,6,0,NONE,2026-08-19T16:26:08.538934
45917,,41,41,0,0,65416,43376,545085,0,68,10,0,0,14:33:5C:6D:AF:58,0,0,ARMED,70.0,0,1,80:02:9C:61:97:4B,11,22,290.2,80:02:9C:61:97:4A,6,0,NONE,2026-08-19T16:26:08.720934
45917,BEACON,-81,16,0,2368,65416,43376,545266,0,68,10,0,0,14:33:5C:6D:AF:58,0,1,ARMED,70.0,0,1,80:02:9C:61:97:4B,11,15,287.6,80:02:9C:61:97:4A,6,0,NONE,2026-08-19T16:26:08.901934
45917,MGMT_OTHER,21,21,0,3257,65416,43376,545409,0,68,10,0,0,14:33:5C:6D:AF:58,0,0,ARMED,70.0,0,0,80:02:9C:61:97:4B,11,41,445.4,80:02:9C:61:97:4A,6,0,NONE,2026-08-19T16:26:09.044934
45917,MGMT_OTHER,40,40,0,55,65416,43376,545615,0,68,10,0,0,14:33:5C:6D:AF:58,1,1,ARMED,70.0,0,0,80:02:9C:61:97:4B,11,15,184.6,80:02:9C:61:97:4A,6,0,NONE,2026-08-19T16:26:09.250934
45917,MGMT_OTHER,20,20,0,2919,65416,43376,545826,0,68,10,0,0,14:33:5C:6D:AF:58,0,0,ARMED,70.0,0,0,80:02:9C:61:97:4B,11,17,224.9,80:02:9C:61:97:4A,6,0,NONE,2026-08-19T16:26:09.461934
45917,MGMT_OTHER,18,18,0,2473,65416,43376,546076,0,68,10,0,0,14:33:5C:6D:AF:58,0,0,ARMED,70.0,0,0,80:02:9C:61:97:4B,11,3,196.7,80:02:9C:61:97:4A,6,0,NONE,2026-08-19T16:26:09.711934
45917,,-56,41,0,484,65416,43376,546222,0,68,10,0,0,14:33:5C:6D:AF:58,0,0,ARMED,70.0,0,0,80:02:9C:61:97:4B,11,28,484.7,80:02:9C:61:97:4A,6,0,NONE,2026-08-19T16:26:09.857934
45917,MGMT_OTHER,13,13,0,2270,65416,43376,546477,0,68,10,0,0,14:33:5C:6D:AF:58,0,0,ARMED,70.0,0,0,80:02:9C:61:97:4B,11,20,209.7,80:02:9C:61:97:4A,6,0,NONE,2026-08-19T16:26:10.112934
45917,MGMT_OTHER,40,40,0,2382,65416,43376,546703,0,68,10,0,0,14:33:5C:6D:AF:58,0,0,ARMED,70.0,0,0,80:02:9C:61:97:4B,11,3,1023.2,80:02:9C:61:97:4A,6,0,NONE,2026-08-19T16:26:10.338934
45917,,-56,41,932,492,65416,43376,546844,0,68,10,0,0,14:33:5C:6D:AF:58,0,0,ARMED,70.0,0,0,80:02:9C:61:97:4B,11,29,697.8,80:02:9C:61:97:4A,6,0,NONE,2026-08-19T16:26:10.479934
45917,MGMT_OTHER,40,40,0,2873,65416,43376,547002,0,68,10,0,0,14:33:5C:6D:AF:58,0,1,ARMED,70.0,0,0,80:02:9C:61:97:4B,11,15,154.0,80:02:9C:61:97:4A,6,0,NONE,2026-08-19T16:26:10.637934
45917,MGMT_OTHER,41,41,0,2387,65416,43376,547215,0,68,10,0,0,14:33:5C:6D:AF:58,0,1,ARMED,70.0,0,0,80:02:9C:61:97:4B,11,16,194.5,80:02:9C:61:97:4A,6,0,NONE,2026-08-19T16:26:10.850934
45917,,-61,36,292,1359,65416,43376,547391,0,68,10,0,0,14:33:5C:6D:AF:58,0,1,ARMED,70.0,0,0,80:02:9C:61:97:4B,11,17,314.9,80:02:9C:61:97:4A,6,0,NONE,2026-08-19T16:26:11.026934
45917,PROBE_RESP,-79,18,0,1841,65416,43376,547619,0,68,10,0,0,14:33:5C:6D:AF:58,0,0,ARMED,70.0,0,1,80:02:9C:61:97:4B,11,15,194.1,80:02:9C:61:97:4A,6,0,NONE,2026-08-19T16:26:11.254934
45917,MGMT_OTHER,32,32,0,2490,65416,43376,547823,0,68,10,0,0,14:33:5C:6D:AF:58,0,0,ARMED,70.0,0,0,80:02:9C:61:97:4B,11,18,228.3,80:02:9C:61:97:4A,6,0,NONE,2026-08-19T16:26:11.458934
45917,MGMT_OTHER,40,40,0,310,65416,43376,548045,0,68,10,0,0,14:33:5C:6D:AF:58,0,0,ARMED,70.0,0,0,80:02:9C:61:97:4B,11,21,225.4,80:02:9C:61:97:4A,6,0,NONE,2026-08-19T16:26:11.680934
45917,MGMT_OTHER,40,40,0,2288,65416,43376,548275,0,68,10,0,0,14:33:5C:6D:AF:58,0,0,ARMED,70.0,0,0,80:02:9C:61:97:4B,11,5,311.2,80:02:9C:61:97:4A,6,0,NONE,2026-08-19T16:26:11.910934
45917,MGMT_OTHER,40,40,0,1023,65416,43376,548503,0,68,10,0,0,14:33:5C:6D:AF:58,0,0,ARMED,70.0,0,0,80:02:9C:61:97:4B,11,10,255.3,80:02:9C:61:97:4A,6,0,NONE,2026-08-19T16:26:12.138934
45917,MGMT_OTHER,40,40,0,2500,65416,43376,548705,0,68,10,0,0,14:33:5C:6D:AF:58,0,0,ARMED,70.0,0,0,80:02:9C:61:97:4B,11,9,248.6,80:02:9C:61:97:4A,6,0,NONE,2026-08-19T16:26:12.340934
45917,MGMT_OTHER,34,34,0,1023,65416,43376,548907,0,68,10,0,0,14:33:5C:6D:AF:58,0,0,ARMED,70.0,0,0,80:02:9C:61:97:4B,11,9,267.9,80:02:9C:61:97:4A,6,0,NONE,2026-08-19T16:26:12.542934
45917,MGMT_OTHER,18,18,0,89,65416,43376,549091,0,68,10,0,0,14:33:5C:6D:AF:58,0,0,ARMED,70.0,0,0,80:02:9C:61:97:4B,11,4,311.0,80:02:9C:61:97:4A,6,0,NONE,2026-08-19T16:26:12.726934
45917,BEACON,-93,4,6983,2298,65416,43376,549294,0,68,10,0,0,14:33:5C:6D:AF:58,0,0,ARMED,70.0,0,1,80:02:9C:61:97:4B,11,2,178.1,80:02:9C:61:97:4A,6,0,NONE,2026-08-19T16:26:12.929934
45917,,-56,41,607,514,65364,43376,549469,0,68,10,0,0,14:33:5C:6D:AF:58,0,0,ARMED,70.0,0,1,80:02:9C:61:97:4B,11,28,335.3,80:02:9C:61:97:4A,6,0,NONE,2026-08-19T16:26:13.104934
45917,BEACON,-68,29,0,529,65416,43376,549692,0,68,10,0,0,14:33:5C:6D:AF:58,0,0,ARMED,70.0,0,1,80:02:9C:61:97:4B,11,18,169.5,80:02:9C:61:97:4A,6,0,NONE,2026-08-19T16:26:13.327934
45917,PROBE_REQ,-90,7,603,2,65416,43376,549824,0,68,10,0,0,14:33:5C:6D:AF:58,0,1,ARMED,70.0,0,0,80:02:9C:61:97:4B,11,15,517.6,80:02:9C:61:97:4A,6,0,NONE,2026-08-19T16:26:13.459934
45917,BEACON,-80,17,20375,329,65416,43376,549989,0,68,10,0,0,14:33:5C:6D:AF:58,1,1,ARMED,70.0,0,1,80:02:9C:61:97:4B,11,19,207.7,80:02:9C:61:97:4A,6,0,NONE,2026-08-19T16:26:13.624934
45917,MGMT_OTHER,22,22,0,1361,65396,43376,550196,0,68,10,0,0,14:33:5C:6D:AF:58,0,1,ARMED,70.0,0,0,80:02:9C:61:97:4B,11,19,200.8,80:02:9C:61:97:4A,6,0,NONE,2026-08-19T16:26:13.831934
45917,,-56,41,950,521,65416,43376,550351,0,68,10,0,0,14:33:5C:6D:AF:58,0,1,ARMED,70.0,0,1,80:02:9C:61:97:4B,11,15,435.8,80:02:9C:61:97:4A,6,0,NONE,2026-08-19T16:26:13.986934
45917,,-61,36,292,1406,65416,43376,550406,0,68,10,0,0,14:33:5C:6D:AF:58,0,1,ARMED,70.0,0,0,80:02:9C:61:97:4B,11,65,727.9,80:02:9C:61:97:4A,6,0,NONE,2026-08-19T16:26:14.041934
45917,BEACON,-68,29,0,539,65416,43376,550614,0,68,10,0,0,14:33:5C:6D:AF:58,0,1,ARMED,70.0,0,1,80:02:9C:61:97:4B,11,14,156.7,80:02:9C:61:97:4A,6,0,NONE,2026-08-19T16:26:14.249934
45917,MGMT_OTHER,40,40,0,2422,65416,43376,550805,0,68,10,0,0,14:33:5C:6D:AF:58,0,0,ARMED,70.0,0,0,80:02:9C:61:97:4B,11,27,385.4,80:02:9C:61:97:4A,6,0,NONE,2026-08-19T16:26:14.440934
45917,MGMT_OTHER,34,34,0,1371,65416,43376,550955,0,68,10,0,0,14:33:5C:6D:AF:58,1,1,ARMED,70.0,0,0,80:02:9C:61:97:4B,11,5,481.4,80:02:9C:61:97:4A,6,0,NONE,2026-08-19T16:26:14.590934
45917,PROBE_REQ,-92,5,703,1438,65416,43376,551040,0,68,10,0,0,14:33:5C:6D:AF:58,1,1,ARMED,70.0,0,1,80:02:9C:61:97:4B,11,55,578.1,80:02:9C:61:97:4A,6,0,NONE,2026-08-19T16:26:14.675934
45917,PROBE_REQ,-90,7,125,3,65340,43376,551100,0,68,10,0,0,14:33:5C:6D:AF:58,0,1,ARMED,70.0,0,0,80:02:9C:61:97:4B,11,49,1110.4,80:02:9C:61:97:4A,6,0,NONE,2026-08-19T16:26:14.735934
45917,MGMT_OTHER,-85,12,3595,323,65416,43376,551140,0,68,10,0,0,14:33:5C:6D:AF:58,0,1,ARMED,70.0,0,1,80:02:9C:61:97:4B,11,99,1170.4,80:02:9C:61:97:4A,6,0,NONE,2026-08-19T16:26:14.775934
45917,MGMT_OTHER,-84,13,149,3091,65416,43376,551181,0,68,10,0,0,14:33:5C:6D:AF:58,0,1,ARMED,70.0,0,1,80:02:9C:61:97:4B,11,49,2001.6,80:02:9C:61:97:4A,6,0,NONE,2026-08-19T16:26:14.816934
45917,MGMT_OTHER,-84,13,334,999,65416,43376,551202,0,68,10,0,0,14:33:5C:6D:AF:58,0,1,ARMED,70.0,0,1,80:02:9C:61:97:4B,11,99,2157.4,80:02:9C:61:97:4A,6,0,NONE,2026-08-19T16:26:14.837934
45917,PROBE_REQ,-89,8,615,4052,65416,43376,551247,0,68,10,0,0,14:33:5C:6D:AF:58,0,1,ARMED,70.0,0,1,80:02:9C:61:97:4B,11,149,1640.6,80:02:9C:61:97:4A,6,0,NONE,2026-08-19T16:26:14.882934
45917,MGMT_OTHER,40,40,0,3882,65416,43376,551293,0,68,10,0,0,14:33:5C:6D:AF:58,1,1,ARMED,70.0,0,0,80:02:9C:61:97:4B,11,37,1006.1,80:02:9C:61:97:4A,6,0,NONE,2026-08-19T16:26:14.928934
45917,MGMT_OTHER,-84,13,48,1569,64772,43376,551365,0,68,10,0,0,14:33:5C:6D:AF:58,1,1,ARMED,70.0,0,1,80:02:9C:61:97:4B,11,7,1001.0,80:02:9C:61:97:4A,6,0,NONE,2026-08-19T16:26:15.000934
45917,MGMT_OTHER,-89,8,1971,1431,65416,43376,551429,0,68,10,0,0,14:33:5C:6D:AF:58,1,1,ARMED,70.0,0,1,80:02:9C:61:97:4B,11,57,802.2,80:02:9C:61:97:4A,6,0,NONE,2026-08-19T16:26:15.064934
45917,MGMT_OTHER,40,40,0,1023,65416,43376,551505,0,68,10,0,0,14:33:5C:6D:AF:58,1,1,ARMED,70.0,0,0,80:02:9C:61:97:4B,11,41,884.2,80:02:9C:61:97:4A,6,0,NONE,2026-08-19T16:26:15.140934
45917,MGMT_OTHER,34,34,0,2530,65416,43376,551566,0,68,10,0,0,14:33:5C:6D:AF:58,1,1,ARMED,70.0,0,0,80:02:9C:61:97:4B,11,15,1874.8,80:02:9C:61:97:4A,6,0,NONE,2026-08-19T16:26:15.201934
45917,,34,34,0,0,65416,43376,551741,0,68,10,0,0,14:33:5C:6D:AF:58,1,1,ARMED,70.0,0,1,80:02:9C:61:97:4B,11,19,231.5,80:02:9C:61:97:4A,6,0,NONE,2026-08-19T16:26:15.376934
45917,MGMT_OTHER,40,40,0,2434,65416,43376,552025,0,68,10,0,0,14:33:5C:6D:AF:58,0,0,ARMED,70.0,0,0,80:02:9C:61:97:4B,11,12,200.8,80:02:9C:61:97:4A,6,0,NONE,2026-08-19T16:26:15.660934
45917,MGMT_OTHER,34,34,0,2536,65416,43376,552199,0,68,10,0,0,14:33:5C:6D:AF:58,0,1,ARMED,70.0,0,0,80:02:9C:61:97:4B,11,5,205.1,80:02:9C:61:97:4A,6,0,NONE,2026-08-19T16:26:15.834934
45917,,-59,38,0,3420,65416,43376,552356,0,68,10,0,0,14:33:5C:6D:AF:58,0,0,ARMED,70.0,0,1,80:02:9C:61:97:4B,11,32,407.9,80:02:9C:61:97:4A,6,0,NONE,2026-08-19T16:26:15.991934
45917,,-61,36,1224,1422,65416,43376,552550,0,68,10,0,0,14:33:5C:6D:AF:58,0,0,ARMED,70.0,0,0,80:02:9C:61:97:4B,11,17,258.3,80:02:9C:61:97:4A,6,0,NONE,2026-08-19T16:26:16.185934
45917,PROBE_RESP,-93,4,0,1949,65416,43376,552750,0,68,10,0,0,14:33:5C:6D:AF:58,0,0,ARMED,70.0,0,1,80:02:9C:61:97:4B,11,13,247.7,80:02:9C:61:97:4A,6,0,NONE,2026-08-19T16:26:16.385934
45917,MGMT_OTHER,40,40,0,2543,65416,43376,552903,0,68,10,0,0,14:33:5C:6D:AF:58,0,1,ARMED,70.0,0,0,80:02:9C:61:97:4B,11,2,695.9,80:02:9C:61:97:4A,6,0,NONE,2026-08-19T16:26:16.538934
45917,MGMT_OTHER,40,40,0,2545,65416,43376,553135,0,68,10,0,0,14:33:5C:6D:AF:58,0,0,ARMED,70.0,0,0,80:02:9C:61:97:4B,11,9,273.1,80:02:9C:61:97:4A,6,0,NONE,2026-08-19T16:26:16.770934
45917,MGMT_OTHER,-85,12,2019,3823,65416,43376,553215,0,68,10,0,0,14:33:5C:6D:AF:58,0,1,ARMED,70.0,0,1,80:02:9C:61:97:4B,11,8,615.3,80:02:9C:61:97:4A,6,0,NONE,2026-08-19T16:26:16.850934
45917,MGMT_OTHER,40,40,0,1023,65416,43376,553242,0,68,10,0,0,14:33:5C:6D:AF:58,0,1,ARMED,70.0,0,1,80:02:9C:61:97:4B,11,58,1460.3,80:02:9C:61:97:4A,6,0,NONE,2026-08-19T16:26:16.877934
45917,MGMT_OTHER,33,33,0,1023,65416,43376,553325,0,68,10,0,0,14:33:5C:6D:AF:58,1,1,ARMED,70.0,0,1,80:02:9C:61:97:4B,11,11,532.8,80:02:9C:61:97:4A,6,0,NONE,2026-08-19T16:26:16.960934
45917,,-81,16,75,222,65416,43376,553409,0,68,10,0,0,14:33:5C:6D:AF:58,1,1,ARMED,70.0,0,1,80:02:9C:61:97:4B,11,4,1548.0,80:02:9C:61:97:4A,6,0,NONE,2026-08-19T16:26:17.044934
45917,,-90,7,0,1391,65416,43376,553540,0,68,10,0,0,14:33:5C:6D:AF:58,0,1,ARMED,70.0,0,1,80:02:9C:61:97:4B,11,5,160.0,80:02:9C:61:97:4A,6,0,NONE,2026-08-19T16:26:17.175934
45917,MGMT_OTHER,20,20,0,2553,65416,43376,553726,0,68,10,0,0,14:33:5C:6D:AF:58,0,0,ARMED,70.0,0,0,80:02:9C:61:97:4B,11,4,314.4,80:02:9C:61:97:4A,6,0,NONE,2026-08-19T16:26:17.361934
45917,,-61,36,292,1446,65416,43376,553802,0,68,10,0,0,14:33:5C:6D:AF:58,0,0,ARMED,70.0,0,0,80:02:9C:61:97:4B,11,54,610.3,80:02:9C:61:97:4A,6,0,NONE,2026-08-19T16:26:17.437934
45917,MGMT_OTHER,40,40,0,2555,65416,43376,553924,0,68,10,0,0,14:33:5C:6D:AF:58,0,1,ARMED,70.0,0,0,80:02:9C:61:97:4B,11,1,161.4,80:02:9C:61:97:4A,6,0,NONE,2026-08-19T16:26:17.559934
45917,MGMT_OTHER,40,40,0,2557,65416,43376,554125,0,68,10,0,0,14:33:5C:6D:AF:58,1,1,ARMED,70.0,0,0,80:02:9C:61:97:4B,11,2,950.6,80:02:9C:61:97:4A,6,0,NONE,2026-08-19T16:26:17.760934
45917,BEACON,-70,27,94,578,65416,43376,554300,0,68,10,0,0,14:33:5C:6D:AF:58,1,0,ARMED,70.0,0,1,80:02:9C:61:97:4B,11,27,360.6,80:02:9C:61:97:4A,6,0,NONE,2026-08-19T16:26:17.935934
45917,BEACON,-81,16,0,373,65416,43376,554494,0,68,10,0,0,14:33:5C:6D:AF:58,0,1,ARMED,70.0,0,1,80:02:9C:61:97:4B,11,14,206.0,80:02:9C:61:97:4A,6,0,NONE,2026-08-19T16:26:18.129934
45917,MGMT_OTHER,26,26,0,1023,65416,43376,554677,0,68,10,0,0,14:33:5C:6D:AF:58,0,0,ARMED,70.0,0,0,80:02:9C:61:97:4B,11,12,271.8,80:02:9C:61:97:4A,6,0,NONE,2026-08-19T16:26:18.312934
45917,MGMT_OTHER,26,26,0,1023,65416,43376,554865,0,68,10,0,0,14:33:5C:6D:AF:58,0,0,ARMED,70.0,0,0,80:02:9C:61:97:4B,11,12,383.6,80:02:9C:61:97:4A,6,0,NONE,2026-08-19T16:26:18.500934
45917,MGMT_OTHER,-84,13,6954,2550,65416,43376,555023,0,68,10,0,0,14:33:5C:6D:AF:58,0,1,ARMED,70.0,0,1,80:02:9C:61:97:4B,11,34,384.4,80:02:9C:61:97:4A,6,0,NONE,2026-08-19T16:26:18.658934
45917,BEACON,-80,17,0,379,65416,43376,555108,0,68,10,0,0,14:33:5C:6D:AF:58,0,1,ARMED,70.0,0,1,80:02:9C:61:97:4B,11,49,704.8,80:02:9C:61:97:4A,6,0,NONE,2026-08-19T16:26:18.743934
45917,,-90,7,0,1401,65416,43376,555300,0,68,10,0,0,14:33:5C:6D:AF:58,0,0,ARMED,70.0,0,1,80:02:9C:61:97:4B,11,8,158.9,80:02:9C:61:97:4A,6,0,NONE,2026-08-19T16:26:18.935934
45917,MGMT_OTHER,23,23,0,2468,65416,43376,555507,0,68,10,0,0,14:33:5C:6D:AF:58,0,0,ARMED,70.0,0,0,80:02:9C:61:97:4B,11,12,227.9,80:02:9C:61:97:4A,6,0,NONE,2026-08-19T16:26:19.142934
45917,MGMT_OTHER,22,22,0,385,65416,43376,555730,0,68,10,0,0,14:33:5C:6D:AF:58,0,0,ARMED,70.0,0,0,80:02:9C:61:97:4B,11,16,242.8,80:02:9C:61:97:4A,6,0,NONE,2026-08-19T16:26:19.365934
45917,MGMT_OTHER,66,66,0,2574,65416,43376,555903,0,68,10,0,0,14:33:5C:6D:AF:58,0,0,ARMED,70.0,0,0,80:02:9C:61:97:4B,11,13,715.0,80:02:9C:61:97:4A,6,0,NONE,2026-08-19T16:26:19.538934
45917,MGMT_OTHER,40,40,0,2363,65416,43376,555956,0,68,10,0,0,14:33:5C:6D:AF:58,0,0,ARMED,70.0,0,0,80:02:9C:61:97:4B,11,63,884.3,80:02:9C:61:97:4A,6,0,NONE,2026-08-19T16:26:19.591934
45917,MGMT_OTHER,40,40,0,0,65416,43376,556047,0,68,10,0,0,14:33:5C:6D:AF:58,0,1,ARMED,70.0,0,1,80:02:9C:61:97:4B,11,35,565.3,80:02:9C:61:97:4A,6,0,NONE,2026-08-19T16:26:19.682934
45917,MGMT_OTHER,34,34,0,2366,65416,43376,556258,0,68,10,0,0,14:33:5C:6D:AF:58,0,0,ARMED,70.0,0,0,80:02:9C:61:97:4B,11,16,288.7,80:02:9C:61:97:4A,6,0,NONE,2026-08-19T16:26:19.893934
45917,MGMT_OTHER,27,27,0,2368,65416,43376,556471,0,68,10,0,0,14:33:5C:6D:AF:58,0,0,ARMED,70.0,0,0,80:02:9C:61:97:4B,11,14,234.3,80:02:9C:61:97:4A,6,0,NONE,2026-08-19T16:26:20.106934
45917,MGMT_OTHER,40,40,0,2582,65416,43376,556694,0,68,10,0,0,14:33:5C:6D:AF:58,1,0,ARMED,70.0,0,1,80:02:9C:61:97:4B,11,17,262.5,80:02:9C:61:97:4A,6,0,NONE,2026-08-19T16:26:20.329934
45917,MGMT_OTHER,40,40,0,2584,65416,43376,556915,0,68,10,0,0,14:33:5C:6D:AF:58,0,0,ARMED,70.0,0,0,80:02:9C:61:97:4B,11,17,219.9,80:02:9C:61:97:4A,6,0,NONE,2026-08-19T16:26:20.550934
45917,,-61,36,0,1487,65416,43376,557096,0,68,10,0,0,14:33:5C:6D:AF:58,0,0,ARMED,70.0,0,1,80:02:9C:61:97:4B,11,21,391.1,80:02:9C:61:97:4A,6,0,NONE,2026-08-19T16:26:20.731934
45917,,-56,41,0,594,65416,43376,557223,0,68,10,0,0,14:33:5C:6D:AF:58,0,1,ARMED,70.0,0,1,80:02:9C:61:97:4B,11,24,307.1,80:02:9C:61:97:4A,6,0,NONE,2026-08-19T16:26:20.858934
45917,MGMT_OTHER,24,24,0,2377,65416,43376,557385,0,68,10,0,0,14:33:5C:6D:AF:58,1,1,ARMED,70.0,0,0,80:02:9C:61:97:4B,11,12,336.3,80:02:9C:61:97:4A,6,0,NONE,2026-08-19T16:26:21.020934
45917,,-60,37,0,1515,65416,43376,557486,0,68,10,0,0,14:33:5C:6D:AF:58,0,1,ARMED,70.0,0,0,80:02:9C:61:97:4B,11,18,528.1,80:02:9C:61:97:4A,6,0,NONE,2026-08-19T16:26:21.121934
45917,BEACON,-80,17,0,2489,65416,43376,557657,0,68,10,0,0,14:33:5C:6D:AF:58,0,0,ARMED,70.0,0,1,80:02:9C:61:97:4B,11,24,234.4,80:02:9C:61:97:4A,6,0,NONE,2026-08-19T16:26:21.292934
45917,MGMT_OTHER,32,32,0,2382,65416,43376,557894,0,68,10,0,0,14:33:5C:6D:AF:58,0,0,ARMED,70.0,0,0,80:02:9C:61:97:4B,11,9,276.4,80:02:9C:61:97:4A,6,0,NONE,2026-08-19T16:26:21.529934
45917,PROBE_REQ,-91,6,0,1656,65416,43376,557985,0,68,10,0,0,14:33:5C:6D:AF:58,1,1,ARMED,70.0,0,1,80:02:9C:61:97:4B,11,18,828.1,80:02:9C:61:97:4A,6,0,NONE,2026-08-19T16:26:21.620934
45917,MGMT_OTHER,-83,14,0,3332,65416,43376,558040,0,68,10,0,0,14:33:5C:6D:AF:58,1,1,ARMED,70.0,0,1,80:02:9C:61:97:4B,11,68,895.7,80:02:9C:61:97:4A,6,0,NONE,2026-08-19T16:26:21.675934
45917,PROBE_REQ,-91,6,0,3600,65416,43376,558086,0,68,10,0,0,14:33:5C:6D:AF:58,1,1,ARMED,70.0,0,1,80:02:9C:61:97:4B,11,26,1318.9,80:02:9C:61:97:4A,6,0,NONE,2026-08-19T16:26:21.721934
45917,MGMT_OTHER,-84,13,0,2446,65416,43376,558160,0,68,10,0,0,14:33:5C:6D:AF:58,1,1,ARMED,70.0,0,1,80:02:9C:61:97:4B,11,76,811.6,80:02:9C:61:97:4A,6,0,NONE,2026-08-19T16:26:21.795934
45917,PROBE_REQ,-89,8,2739,3110,65416,43376,558220,0,68,10,0,0,14:33:5C:6D:AF:58,1,1,ARMED,70.0,0,1,80:02:9C:61:97:4B,11,42,814.6,80:02:9C:61:97:4A,6,0,NONE,2026-08-19T16:26:21.855934
45917,BEACON,-92,5,0,721,65416,43376,558351,0,68,10,0,0,14:33:5C:6D:AF:58,1,1,ARMED,70.0,0,1,80:02:9C:61:97:4B,11,18,225.7,80:02:9C:61:97:4A,6,0,NONE,2026-08-19T16:26:21.986934
45917,,-87,10,0,1329,65416,43376,558523,0,68,10,0,0,14:33:5C:6D:AF:58,0,1,ARMED,70.0,0,1,80:02:9C:61:97:4B,11,17,357.3,80:02:9C:61:97:4A,6,0,NONE,2026-08-19T16:26:22.158934
45917,MGMT_OTHER,23,23,0,1023,65416,43376,558727,0,68,10,0,0,14:33:5C:6D:AF:58,0,0,ARMED,70.0,0,0,80:02:9C:61:97:4B,11,13,282.1,80:02:9C:61:97:4A,6,0,NONE,2026-08-19T16:26:22.362934
45917,MGMT_OTHER,40,40,0,1023,65416,43376,558954,0,68,10,0,0,14:33:5C:6D:AF:58,0,0,ARMED,70.0,0,0,80:02:9C:61:97:4B,11,14,204.7,80:02:9C:61:97:4A,6,0,NONE,2026-08-19T16:26:22.589934
45917,MGMT_OTHER,40,40,0,1414,65416,43376,559152,0,68,10,0,0,14:33:5C:6D:AF:58,0,0,ARMED,70.0,0,0,80:02:9C:61:97:4B,11,19,306.5,80:02:9C:61:97:4A,6,0,NONE,2026-08-19T16:26:22.787934
45917,PROBE_REQ,-83,14,0,1424,65416,43376,559297,0,68,10,0,0,14:33:5C:6D:AF:58,0,1,ARMED,70.0,0,1,80:02:9C:61:97:4B,11,2,447.4,80:02:9C:61:97:4A,6,0,NONE,2026-08-19T16:26:22.932934
45917,,-56,41,0,619,65364,43376,559442,0,68,10,0,0,14:33:5C:6D:AF:58,0,0,ARMED,70.0,0,0,80:02:9C:61:97:4B,11,29,652.9,80:02:9C:61:97:4A,6,0,NONE,2026-08-19T16:26:23.077934
45917,,40,40,0,0,65416,43376,559626,0,68,10,0,0,14:33:5C:6D:AF:58,0,1,ARMED,70.0,0,1,80:02:9C:61:97:4B,11,6,256.9,80:02:9C:61:97:4A,6,0,NONE,2026-08-19T16:26:23.261934
45917,PROBE_RESP,-69,28,0,640,65416,43376,559786,0,68,10,0,0,14:33:5C:6D:AF:58,0,0,ARMED,70.0,0,0,80:02:9C:61:97:4B,11,33,407.6,80:02:9C:61:97:4A,6,0,NONE,2026-08-19T16:26:23.421934
45917,BEACON,-80,17,0,427,65416,43376,560024,0,68,10,0,0,14:33:5C:6D:AF:58,0,0,ARMED,70.0,0,1,80:02:9C:61:97:4B,11,3,252.2,80:02:9C:61:97:4A,6,0,NONE,2026-08-19T16:26:23.659934
45917,MGMT_OTHER,40,40,0,1234,65416,43376,560204,0,68,10,0,0,14:33:5C:6D:AF:58,0,0,ARMED,70.0,0,0,80:02:9C:61:97:4B,11,28,310.7,80:02:9C:61:97:4A,6,0,NONE,2026-08-19T16:26:23.839934
45917,MGMT_OTHER,26,26,0,1422,65416,43376,560387,0,68,10,0,0,14:33:5C:6D:AF:58,0,0,ARMED,70.0,0,0,80:02:9C:61:97:4B,11,23,316.8,80:02:9C:61:97:4A,6,0,NONE,2026-08-19T16:26:24.022934
45917,MGMT_OTHER,31,31,0,2517,65416,43376,560525,0,68,10,0,0,14:33:5C:6D:AF:58,0,1,ARMED,70.0,0,0,80:02:9C:61:97:4B,11,1,655.7,80:02:9C:61:97:4A,6,0,NONE,2026-08-19T16:26:24.160934
45917,BEACON,-80,17,0,434,65416,43376,560740,0,68,10,0,0,14:33:5C:6D:AF:58,0,0,ARMED,70.0,0,1,80:02:9C:61:97:4B,11,3,252.7,80:02:9C:61:97:4A,6,0,NONE,2026-08-19T16:26:24.375934
45917,MGMT_OTHER,27,27,0,2629,65416,43376,560899,0,68,10,0,0,14:33:5C:6D:AF:58,0,0,ARMED,70.0,0,0,80:02:9C:61:97:4B,11,34,497.1,80:02:9C:61:97:4A,6,0,NONE,2026-08-19T16:26:24.534934
45917,MGMT_OTHER,40,40,0,437,65416,43376,561052,0,68,10,0,0,14:33:5C:6D:AF:58,0,0,ARMED,70.0,0,0,80:02:9C:61:97:4B,11,4,247.3,80:02:9C:61:97:4A,6,0,NONE,2026-08-19T16:26:24.687934
45917,MGMT_OTHER,32,32,0,1023,65416,43376,561288,0,68,10,0,0,14:33:5C:6D:AF:58,0,0,ARMED,70.0,0,0,80:02:9C:61:97:4B,11,13,273.4,80:02:9C:61:97:4A,6,0,NONE,2026-08-19T16:26:24.923934
45917,MGMT_OTHER,40,40,0,2635,65416,43376,561496,0,68,10,0,0,14:33:5C:6D:AF:58,1,0,ARMED,70.0,0,0,80:02:9C:61:97:4B,11,14,276.4,80:02:9C:61:97:4A,6,0,NONE,2026-08-19T16:26:25.131934
45917,MGMT_OTHER,41,41,0,1023,65416,43376,561721,0,68,10,0,0,14:33:5C:6D:AF:58,0,0,ARMED,70.0,0,0,80:02:9C:61:97:4B,11,19,266.3,80:02:9C:61:97:4A,6,0,NONE,2026-08-19T16:26:25.356934
45917,MGMT_OTHER,40,40,0,2638,65416,43376,561852,0,68,10,0,0,14:33:5C:6D:AF:58,1,1,ARMED,70.0,0,0,80:02:9C:61:97:4B,11,39,392.2,80:02:9C:61:97:4A,6,0,NONE,2026-08-19T16:26:25.487934
45917,MGMT_OTHER,25,25,0,2422,65416,43376,562036,0,68,10,0,0,14:33:5C:6D:AF:58,0,1,ARMED,70.0,0,0,80:02:9C:61:97:4B,11,17,255.6,80:02:9C:61:97:4A,6,0,NONE,2026-08-19T16:26:25.671934
45917,,-55,42,1057,1805,65416,43376,562176,0,68,10,0,0,14:33:5C:6D:AF:58,0,1,ARMED,70.0,0,1,80:02:9C:61:97:4B,11,4,855.2,80:02:9C:61:97:4A,6,0,NONE,2026-08-19T16:26:25.811934
45917,MGMT_OTHER,16,16,0,450,65416,43376,562387,0,68,10,0,0,14:33:5C:6D:AF:58,0,0,ARMED,70.0,0,0,80:02:9C:61:97:4B,11,3,368.5,80:02:9C:61:97:4A,6,0,NONE,2026-08-19T16:26:26.022934
45917,MGMT_OTHER,40,40,0,1023,65416,43376,562572,0,68,10,0,0,14:33:5C:6D:AF:58,0,1,ARMED,70.0,0,1,80:02:9C:61:97:4B,11,20,219.3,80:02:9C:61:97:4A,6,0,NONE,2026-08-19T16:26:26.207934
45917,MGMT_OTHER,12,12,0,2649,65416,43376,562757,0,68,10,0,0,14:33:5C:6D:AF:58,0,1,ARMED,70.0,0,0,80:02:9C:61:97:4B,11,15,275.5,80:02:9C:61:97:4A,6,0,NONE,2026-08-19T16:26:26.392934
45917,MGMT_OTHER,40,40,0,2540,65416,43376,562887,0,68,10,0,0,14:33:5C:6D:AF:58,0,1,ARMED,70.0,0,0,80:02:9C:61:97:4B,11,34,412.0,80:02:9C:61:97:4A,6,0,NONE,2026-08-19T16:26:26.522934
45917,MGMT_OTHER,32,32,0,2432,65416,43376,563042,0,68,10,0,0,14:33:5C:6D:AF:58,1,1,ARMED,70.0,0,0,80:02:9C:61:97:4B,11,10,307.4,80:02:9C:61:97:4A,6,0,NONE,2026-08-19T16:26:26.677934
45917,PROBE_RESP,-79,18,0,1875,65416,43376,563257,0,68,10,0,0,14:33:5C:6D:AF:58,0,0,ARMED,70.0,0,1,80:02:9C:61:97:4B,11,8,189.3,80:02:9C:61:97:4A,6,0,NONE,2026-08-19T16:26:26.892934
45917,,-56,41,389,659,65416,43376,563383,0,68,10,0,0,14:33:5C:6D:AF:58,0,1,ARMED,70.0,0,0,80:02:9C:61:97:4B,11,27,446.9,80:02:9C:61:97:4A,6,0,NONE,2026-08-19T16:26:27.018934
45917,MGMT_OTHER,27,27,0,1475,65416,43376,563586,0,68,10,0,0,14:33:5C:6D:AF:58,0,0,ARMED,70.0,0,0,80:02:9C:61:97:4B,11,14,232.4,80:02:9C:61:97:4A,6,0,NONE,2026-08-19T16:26:27.221934
45917,BEACON,-79,18,0,464,65416,43376,563812,0,68,10,0,0,14:33:5C:6D:AF:58,0,0,ARMED,70.0,0,1,80:02:9C:61:97:4B,11,16,195.9,80:02:9C:61:97:4A,6,0,NONE,2026-08-19T16:26:27.447934
45917,BEACON,-79,18,0,2551,65416,43376,564007,0,68,10,0,0,14:33:5C:6D:AF:58,0,1,ARMED,70.0,0,1,80:02:9C:61:97:4B,11,15,209.7,80:02:9C:61:97:4A,6,0,NONE,2026-08-19T16:26:27.642934
45917,MGMT_OTHER,40,40,0,1427,65416,43376,564202,0,68,10,0,0,14:33:5C:6D:AF:58,0,0,ARMED,70.0,0,0,80:02:9C:61:97:4B,11,14,227.9,80:02:9C:61:97:4A,6,0,NONE,2026-08-19T16:26:27.837934
45917,,-56,41,0,664,65416,43376,564404,0,68,10,0,0,14:33:5C:6D:AF:58,0,0,ARMED,70.0,0,1,80:02:9C:61:97:4B,11,19,323.8,80:02:9C:61:97:4A,6,0,NONE,2026-08-19T16:26:28.039934
45917,MGMT_OTHER,40,40,0,0,65416,43376,564502,0,68,10,0,0,14:33:5C:6D:AF:58,0,1,ARMED,70.0,0,0,80:02:9C:61:97:4B,11,31,571.2,80:02:9C:61:97:4A,6,0,NONE,2026-08-19T16:26:28.137934
45917,MGMT_OTHER,26,26,0,2448,65416,43376,564656,0,68,10,0,0,14:33:5C:6D:AF:58,0,1,ARMED,70.0,0,0,80:02:9C:61:97:4B,11,3,1071.0,80:02:9C:61:97:4A,6,0,NONE,2026-08-19T16:26:28.291934
45917,MGMT_OTHER,-90,7,0,3866,65416,43376,564972,0,68,10,0,0,14:33:5C:6D:AF:58,0,0,ARMED,70.0,0,1,80:02:9C:61:97:4B,11,15,153.9,80:02:9C:61:97:4A,6,0,NONE,2026-08-19T16:26:28.607934
45917,MGMT_OTHER,40,40,0,2673,65416,43376,565215,0,68,10,0,0,14:33:5C:6D:AF:58,0,0,ARMED,70.0,0,0,80:02:9C:61:97:4B,11,9,273.7,80:02:9C:61:97:4A,6,0,NONE,2026-08-19T16:26:28.850934
45917,MGMT_OTHER,40,40,0,2676,65416,43376,565502,0,68,10,0,0,14:33:5C:6D:AF:58,0,0,ARMED,70.0,0,0,80:02:9C:61:97:4B,11,1,79.8,80:02:9C:61:97:4A,6,0,NONE,2026-08-19T16:26:29.137934
45917,PROBE_RESP,-89,8,22771,1237,65416,43376,565842,0,68,10,0,0,14:33:5C:6D:AF:58,0,0,ARMED,70.0,0,0,80:02:9C:61:97:4B,11,6,132.1,80:02:9C:61:97:4A,6,0,NONE,2026-08-19T16:26:29.477934
45917,BEACON,-94,3,0,255,65416,43376,566082,0,68,10,0,0,14:33:5C:6D:AF:58,0,0,ARMED,70.0,0,1,80:02:9C:61:97:4B,11,20,253.2,80:02:9C:61:97:4A,6,0,NONE,2026-08-19T16:26:29.717934
45917,BEACON,-68,29,82,716,65416,43376,566383,0,68,10,0,0,14:33:5C:6D:AF:58,0,0,ARMED,70.0,0,1,80:02:9C:61:97:4B,11,13,173.6,80:02:9C:61:97:4A,6,0,NONE,2026-08-19T16:26:30.018934
45917,PROBE_RESP,-80,17,0,1880,65416,43376,566509,0,68,10,0,0,14:33:5C:6D:AF:58,0,0,ARMED,70.0,0,0,80:02:9C:61:97:4B,11,43,507.3,80:02:9C:61:97:4A,6,0,NONE,2026-08-19T16:26:30.144934
45917,,-88,9,0,1428,65416,43376,566746,0,68,10,0,0,14:33:5C:6D:AF:58,0,0,ARMED,70.0,0,0,80:02:9C:61:97:4B,11,26,261.7,80:02:9C:61:97:4A,6,0,NONE,2026-08-19T16:26:30.381934
45917,,-90,7,0,1432,65416,43376,566927,0,68,10,0,0,14:33:5C:6D:AF:58,0,0,ARMED,70.0,0,1,80:02:9C:61:97:4B,11,27,491.6,80:02:9C:61:97:4A,6,0,NONE,2026-08-19T16:26:30.562934
45917,MGMT_OTHER,39,39,0,0,65416,43376,567003,0,68,10,0,0,14:33:5C:6D:AF:58,1,1,ARMED,70.0,0,1,80:02:9C:61:97:4B,11,16,519.2,80:02:9C:61:97:4A,6,0,NONE,2026-08-19T16:26:30.638934
45917,MGMT_OTHER,-81,16,1443,3487,65416,43376,567049,0,68,10,0,0,14:33:5C:6D:AF:58,1,1,ARMED,70.0,0,1,80:02:9C:61:97:4B,11,66,868.2,80:02:9C:61:97:4A,6,0,NONE,2026-08-19T16:26:30.684934
45917,BEACON,-79,18,0,496,65416,43376,567089,0,68,10,0,0,14:33:5C:6D:AF:58,1,1,ARMED,70.0,0,1,80:02:9C:61:97:4B,11,18,1112.1,80:02:9C:61:97:4A,6,0,NONE,2026-08-19T16:26:30.724934
45917,PROBE_REQ,-89,8,1729,0,65416,43376,567151,0,68,10,0,0,14:33:5C:6D:AF:58,1,1,ARMED,70.0,0,1,80:02:9C:61:97:4B,11,68,869.4,80:02:9C:61:97:4A,6,0,NONE,2026-08-19T16:26:30.786934
45917,BEACON,-67,30,0,727,65416,43376,567204,0,68,10,0,0,14:33:5C:6D:AF:58,1,1,ARMED,70.0,0,1,80:02:9C:61:97:4B,11,20,648.6,80:02:9C:61:97:4A,6,0,NONE,2026-08-19T16:26:30.839934
45917,,-89,8,8174,34,65416,43376,567333,0,68,10,0,0,14:33:5C:6D:AF:58,1,1,ARMED,70.0,0,1,80:02:9C:61:97:4B,11,21,359.4,80:02:9C:61:97:4A,6,0,NONE,2026-08-19T16:26:30.968934
45917,MGMT_OTHER,40,40,0,2476,65416,43376,567534,0,68,10,0,0,14:33:5C:6D:AF:58,0,0,ARMED,70.0,0,0,80:02:9C:61:97:4B,11,17,287.0,80:02:9C:61:97:4A,6,0,NONE,2026-08-19T16:26:31.169934
45917,,-56,41,867,704,65396,43376,567710,0,68,10,0,0,14:33:5C:6D:AF:58,0,0,ARMED,70.0,0,0,80:02:9C:61:97:4B,11,25,992.5,80:02:9C:61:97:4A,6,0,NONE,2026-08-19T16:26:31.345934
45917,,-61,36,292,1679,65416,43376,567812,0,68,10,0,0,14:33:5C:6D:AF:58,0,1,ARMED,70.0,0,0,80:02:9C:61:97:4B,11,14,517.1,80:02:9C:61:97:4A,6,0,NONE,2026-08-19T16:26:31.447934
45917,BEACON,-81,16,0,2590,65416,43376,567999,0,68,10,0,0,14:33:5C:6D:AF:58,0,0,ARMED,70.0,0,1,80:02:9C:61:97:4B,11,1,163.5,80:02:9C:61:97:4A,6,0,NONE,2026-08-19T16:26:31.634934
45917,MGMT_OTHER,28,28,0,736,65416,43376,568126,0,68,10,0,0,14:33:5C:6D:AF:58,0,1,ARMED,70.0,0,0,80:02:9C:61:97:4B,11,19,608.9,80:02:9C:61:97:4A,6,0,NONE,2026-08-19T16:26:31.761934
45917,MGMT_OTHER,28,28,0,2709,65416,43376,568368,0,68,10,0,0,14:33:5C:6D:AF:58,0,0,ARMED,70.0,0,0,80:02:9C:61:97:4B,11,18,269.0,80:02:9C:61:97:4A,6,0,NONE,2026-08-19T16:26:32.003934
45917,MGMT_OTHER,40,40,0,2713,65416,43376,568562,0,68,10,0,0,14:33:5C:6D:AF:58,0,0,ARMED,70.0,0,0,80:02:9C:61:97:4B,11,15,268.3,80:02:9C:61:97:4A,6,0,NONE,2026-08-19T16:26:32.197934
45917,MGMT_OTHER,40,40,0,1023,65416,43376,568735,0,68,10,0,0,14:33:5C:6D:AF:58,0,1,ARMED,70.0,0,0,80:02:9C:61:97:4B,11,7,252.7,80:02:9C:61:97:4A,6,0,NONE,2026-08-19T16:26:32.370934
45917,MGMT_OTHER,28,28,0,542,65416,43376,568944,0,68,10,0,0,14:33:5C:6D:AF:58,0,0,ARMED,70.0,0,1,80:02:9C:61:97:4B,11,7,292.0,80:02:9C:61:97:4A,6,0,NONE,2026-08-19T16:26:32.579934
45917,MGMT_OTHER,27,27,0,516,65416,43376,569139,0,68,10,0,0,14:33:5C:6D:AF:58,0,0,ARMED,70.0,0,0,80:02:9C:61:97:4B,11,7,500.8,80:02:9C:61:97:4A,6,0,NONE,2026-08-19T16:26:32.774934
45917,MGMT_OTHER,27,27,0,2494,65416,43376,569363,0,68,10,0,0,14:33:5C:6D:AF:58,0,0,ARMED,70.0,0,0,80:02:9C:61:97:4B,11,9,273.0,80:02:9C:61:97:4A,6,0,NONE,2026-08-19T16:26:32.998934
45917,MGMT_OTHER,28,28,0,2722,65416,43376,569496,0,68,10,0,0,14:33:5C:6D:AF:58,0,1,ARMED,70.0,0,0,80:02:9C:61:97:4B,11,17,268.2,80:02:9C:61:97:4A,6,0,NONE,2026-08-19T16:26:33.131934
45917,BEACON,-66,31,0,751,65416,43376,569564,0,68,10,0,0,14:33:5C:6D:AF:58,0,0,ARMED,70.0,0,1,80:02:9C:61:97:4B,11,43,1458.7,80:02:9C:61:97:4A,6,0,NONE,2026-08-19T16:26:33.199934
45917,BEACON,-80,17,0,2607,65416,43376,569740,0,68,10,0,0,14:33:5C:6D:AF:58,0,1,ARMED,70.0,0,1,80:02:9C:61:97:4B,11,28,273.1,80:02:9C:61:97:4A,6,0,NONE,2026-08-19T16:26:33.375934
45917,MGMT_OTHER,40,40,0,2500,65416,43376,569984,0,68,10,0,0,14:33:5C:6D:AF:58,0,0,ARMED,70.0,0,0,80:02:9C:61:97:4B,11,8,202.6,80:02:9C:61:97:4A,6,0,NONE,2026-08-19T16:26:33.619934
45917,,-72,25,0,0,65416,43376,570175,0,68,10,0,0,14:33:5C:6D:AF:58,0,1,ARMED,70.0,0,0,80:02:9C:61:97:4B,11,9,350.1,80:02:9C:61:97:4A,6,0,NONE,2026-08-19T16:26:33.810934
45917,MGMT_OTHER,28,28,0,528,65416,43376,570370,0,68,10,0,0,14:33:5C:6D:AF:58,0,0,ARMED,70.0,0,0,80:02:9C:61:97:4B,11,4,259.9,80:02:9C:61:97:4A,6,0,NONE,2026-08-19T16:26:34.005934
45917,,-56,41,4324,737,65396,43376,570469,0,68,10,0,0,14:33:5C:6D:AF:58,0,1,ARMED,70.0,0,1,80:02:9C:61:97:4B,11,22,1819.7,80:02:9C:61:97:4A,6,0,NONE,2026-08-19T16:26:34.104934
45917,MGMT_OTHER,40,40,0,1023,65416,43376,570653,0,68,10,0,0,14:33:5C:6D:AF:58,0,1,ARMED,70.0,0,1,80:02:9C:61:97:4B,11,15,160.5,80:02:9C:61:97:4A,6,0,NONE,2026-08-19T16:26:34.288934
45917,,-30,67,0,1425,65416,43376,570745,0,68,10,0,0,14:33:5C:6D:AF:58,0,0,ARMED,70.0,0,1,80:02:9C:61:97:4B,11,49,642.1,80:02:9C:61:97:4A,6,0,NONE,2026-08-19T16:26:34.380934
45917,MGMT_OTHER,40,40,0,3900,65416,43376,570853,0,68,10,0,0,14:33:5C:6D:AF:58,1,1,ARMED,70.0,0,0,80:02:9C:61:97:4B,11,29,374.2,80:02:9C:61:97:4A,6,0,NONE,2026-08-19T16:26:34.488934
45917,BEACON,-79,18,0,2619,65416,43376,570969,0,68,10,0,0,14:33:5C:6D:AF:58,1,1,ARMED,70.0,0,1,80:02:9C:61:97:4B,11,34,370.8,80:02:9C:61:97:4A,6,0,NONE,2026-08-19T16:26:34.604934
45917,PROBE_REQ,-94,3,242,9,65416,43376,571045,0,68,10,0,0,14:33:5C:6D:AF:58,0,1,ARMED,70.0,0,0,80:02:9C:61:97:4B,11,48,804.4,80:02:9C:61:97:4A,6,0,NONE,2026-08-19T16:26:34.680934
45917,MGMT_OTHER,-83,14,388,1756,65416,43376,571080,0,68,10,0,0,14:33:5C:6D:AF:58,0,1,ARMED,70.0,0,1,80:02:9C:61:97:4B,11,98,1033.4,80:02:9C:61:97:4A,6,0,NONE,2026-08-19T16:26:34.715934
45917,PROBE_REQ,-93,4,761,493,64772,43376,571136,0,68,10,0,0,14:33:5C:6D:AF:58,1,1,ARMED,70.0,0,1,80:02:9C:61:97:4B,11,45,899.8,80:02:9C:61:97:4A,6,0,NONE,2026-08-19T16:26:34.771934
45917,PROBE_REQ,-92,5,124,13,65416,43376,571165,0,68,10,0,0,14:33:5C:6D:AF:58,1,1,ARMED,70.0,0,0,80:02:9C:61:97:4B,11,95,1211.5,80:02:9C:61:97:4A,6,0,NONE,2026-08-19T16:26:34.800934
45917,MGMT_OTHER,40,40,0,1023,65416,43376,571216,0,68,10,0,0,14:33:5C:6D:AF:58,1,1,ARMED,70.0,0,0,80:02:9C:61:97:4B,11,29,1077.7,80:02:9C:61:97:4A,6,0,NONE,2026-08-19T16:26:34.851934
45917,PROBE_RESP,-92,5,1971,2279,65416,43376,571259,0,68,10,0,0,14:33:5C:6D:AF:58,1,1,ARMED,70.0,0,1,80:02:9C:61:97:4B,11,79,1135.5,80:02:9C:61:97:4A,6,0,NONE,2026-08-19T16:26:34.894934
45917,,-56,41,0,750,64772,43376,571283,0,68,10,0,0,14:33:5C:6D:AF:58,1,1,ARMED,70.0,0,0,80:02:9C:61:97:4B,11,129,1376.1,80:02:9C:61:97:4A,6,0,NONE,2026-08-19T16:26:34.918934
45917,MGMT_OTHER,33,33,0,2415,65416,43376,571344,0,68,10,0,0,14:33:5C:6D:AF:58,1,1,ARMED,70.0,0,1,80:02:9C:61:97:4B,11,49,1078.2,80:02:9C:61:97:4A,6,0,NONE,2026-08-19T16:26:34.979934
45917,,-92,5,1971,3861,65416,43376,571415,0,68,10,0,0,14:33:5C:6D:AF:58,1,1,ARMED,70.0,0,1,80:02:9C:61:97:4B,11,10,600.0,80:02:9C:61:97:4A,6,0,NONE,2026-08-19T16:26:35.050934
45917,MGMT_OTHER,-81,16,2019,1289,64772,43376,571470,0,68,10,0,0,14:33:5C:6D:AF:58,1,1,ARMED,70.0,0,1,80:02:9C:61:97:4B,11,60,845.4,80:02:9C:61:97:4A,6,0,NONE,2026-08-19T16:26:35.105934
45917,,-79,18,4562,2106,65416,43376,571515,0,68,10,0,0,14:33:5C:6D:AF:58,1,1,ARMED,70.0,0,1,80:02:9C:61:97:4B,11,21,1326.9,80:02:9C:61:97:4A,6,0,NONE,2026-08-19T16:26:35.150934
45917,,-92,5,0,1299,65416,43376,571573,0,68,10,0,0,14:33:5C:6D:AF:58,1,1,ARMED,70.0,0,1,80:02:9C:61:97:4B,11,71,955.6,80:02:9C:61:97:4A,6,0,NONE,2026-08-19T16:26:35.208934
45917,MGMT_OTHER,40,40,0,1023,65416,43376,571661,0,68,10,0,0,14:33:5C:6D:AF:58,1,1,ARMED,70.0,0,1,80:02:9C:61:97:4B,11,40,682.4,80:02:9C:61:97:4A,6,0,NONE,2026-08-19T16:26:35.296934
45917,MGMT_OTHER,34,34,0,472,64772,43376,571730,0,68,10,0,0,14:33:5C:6D:AF:58,1,1,ARMED,70.0,0,0,80:02:9C:61:97:4B,11,22,847.1,80:02:9C:61:97:4A,6,0,NONE,2026-08-19T16:26:35.365934
45917,,-91,6,655,2010,65416,43376,571803,0,68,10,0,0,14:33:5C:6D:AF:58,1,1,ARMED,70.0,0,1,80:02:9C:61:97:4B,11,72,731.5,80:02:9C:61:97:4A,6,0,NONE,2026-08-19T16:26:35.438934
45917,BEACON,-80,17,0,2628,65416,43376,571890,0,68,10,0,0,14:33:5C:6D:AF:58,1,1,ARMED,70.0,0,1,80:02:9C:61:97:4B,11,49,681.5,80:02:9C:61:97:4A,6,0,NONE,2026-08-19T16:26:35.525934
45917,,-56,41,1112,755,65416,43376,571972,0,68,10,0,0,14:33:5C:6D:AF:58,1,1,ARMED,70.0,0,1,80:02:9C:61:97:4B,11,35,655.4,80:02:9C:61:97:4A,6,0,NONE,2026-08-19T16:26:35.607934
45917,MGMT_OTHER,40,40,0,1816,65416,43376,572011,0,68,10,0,0,14:33:5C:6D:AF:58,1,1,ARMED,70.0,0,0,80:02:9C:61:97:4B,11,85,929.6,80:02:9C:61:97:4A,6,0,NONE,2026-08-19T16:26:35.646934
45917,PROBE_REQ,-91,6,252,13,65416,43376,572055,0,68,10,0,0,14:33:5C:6D:AF:58,1,1,ARMED,70.0,0,0,80:02:9C:61:97:4B,11,40,1512.5,80:02:9C:61:97:4A,6,0,NONE,2026-08-19T16:26:35.690934
45917,MGMT_OTHER,-82,15,1214,1099,65416,43376,572087,0,68,10,0,0,14:33:5C:6D:AF:58,1,1,ARMED,70.0,0,1,80:02:9C:61:97:4B,11,90,1552.8,80:02:9C:61:97:4A,6,0,NONE,2026-08-19T16:26:35.722934
45917,,-91,6,200,1704,65336,43376,572137,0,68,10,0,0,14:33:5C:6D:AF:58,1,1,ARMED,70.0,0,1,80:02:9C:61:97:4B,11,8,1554.9,80:02:9C:61:97:4A,6,0,NONE,2026-08-19T16:26:35.772934
45917,MGMT_OTHER,-82,15,0,3099,65416,43376,572203,0,68,10,0,0,14:33:5C:6D:AF:58,1,1,ARMED,70.0,0,1,80:02:9C:61:97:4B,11,58,812.4,80:02:9C:61:97:4A,6,0,NONE,2026-08-19T16:26:35.838934
45917,MGMT_OTHER,-82,15,822,1648,65416,43376,572261,0,68,10,0,0,14:33:5C:6D:AF:58,1,1,ARMED,70.0,0,1,80:02:9C:61:97:4B,11,23,813.4,80:02:9C:61:97:4A,6,0,NONE,2026-08-19T16:26:35.896934
45917,MGMT_OTHER,-82,15,3715,2814,65416,43376,572308,0,68,10,0,0,14:33:5C:6D:AF:58,1,1,ARMED,70.0,0,1,80:02:9C:61:97:4B,11,73,978.3,80:02:9C:61:97:4A,6,0,NONE,2026-08-19T16:26:35.943934
45917,PROBE_REQ,-93,4,1200,1,65416,43376,572358,0,68,10,0,0,14:33:5C:6D:AF:58,1,1,ARMED,70.0,0,1,80:02:9C:61:97:4B,11,31,1266.8,80:02:9C:61:97:4A,6,0,NONE,2026-08-19T16:26:35.993934
45917,PROBE_REQ,-92,5,242,10,65416,43376,572399,0,68,10,0,0,14:33:5C:6D:AF:58,1,1,ARMED,70.0,0,0,80:02:9C:61:97:4B,11,81,1239.0,80:02:9C:61:97:4A,6,0,NONE,2026-08-19T16:26:36.034934
45917,MGMT_OTHER,40,40,0,1023,65416,43376,572442,0,68,10,0,0,14:33:5C:6D:AF:58,1,1,ARMED,70.0,0,0,80:02:9C:61:97:4B,11,6,929.7,80:02:9C:61:97:4A,6,0,NONE,2026-08-19T16:26:36.077934
45917,MGMT_OTHER,-82,15,248,1302,65416,43376,572490,0,68,10,0,0,14:33:5C:6D:AF:58,1,1,ARMED,70.0,0,1,80:02:9C:61:97:4B,11,56,1027.1,80:02:9C:61:97:4A,6,0,NONE,2026-08-19T16:26:36.125934
45917,PROBE_REQ,-90,7,78,13,65416,43376,572557,0,68,10,0,0,14:33:5C:6D:AF:58,1,1,ARMED,70.0,0,1,80:02:9C:61:97:4B,11,18,1310.8,80:02:9C:61:97:4A,6,0,NONE,2026-08-19T16:26:36.192934
45917,,-92,5,200,1306,65416,43376,572652,0,68,10,0,0,14:33:5C:6D:AF:58,1,1,ARMED,70.0,0,1,80:02:9C:61:97:4B,11,5,1074.1,80:02:9C:61:97:4A,6,0,NONE,2026-08-19T16:26:36.287934
45917,MGMT_OTHER,-85,12,0,3042,65416,43376,572698,0,68,10,0,0,14:33:5C:6D:AF:58,1,1,ARMED,70.0,0,1,80:02:9C:61:97:4B,11,55,1082.4,80:02:9C:61:97:4A,6,0,NONE,2026-08-19T16:26:36.333934
45917,,-91,6,1647,0,65416,43376,572787,0,68,10,0,0,14:33:5C:6D:AF:58,1,1,ARMED,70.0,0,1,80:02:9C:61:97:4B,11,24,708.8,80:02:9C:61:97:4A,6,0,NONE,2026-08-19T16:26:36.422934
45917,BEACON,-70,27,330,788,65416,43376,572835,0,68,10,0,0,14:33:5C:6D:AF:58,1,1,ARMED,70.0,0,1,80:02:9C:61:97:4B,11,74,909.3,80:02:9C:61:97:4A,6,0,NONE,2026-08-19T16:26:36.470934
45917,MGMT_OTHER,-85,12,48,3497,65416,43376,572896,0,68,10,0,0,14:33:5C:6D:AF:58,1,1,ARMED,70.0,0,1,80:02:9C:61:97:4B,11,37,884.8,80:02:9C:61:97:4A,6,0,NONE,2026-08-19T16:26:36.531934
45917,MGMT_OTHER,-86,11,2193,241,65416,43376,572938,0,68,10,0,0,14:33:5C:6D:AF:58,1,1,ARMED,70.0,0,1,80:02:9C:61:97:4B,11,87,1035.9,80:02:9C:61:97:4A,6,0,NONE,2026-08-19T16:26:36.573934
45917,MGMT_OTHER,40,40,0,3961,65416,43376,573003,0,68,10,0,0,14:33:5C:6D:AF:58,1,1,ARMED,70.0,0,1,80:02:9C:61:97:4B,11,48,980.8,80:02:9C:61:97:4A,6,0,NONE,2026-08-19T16:26:36.638934
45917,MGMT_OTHER,29,29,0,1023,65416,43376,573077,0,68,10,0,0,14:33:5C:6D:AF:58,1,1,ARMED,70.0,0,1,80:02:9C:61:97:4B,11,16,809.8,80:02:9C:61:97:4A,6,0,NONE,2026-08-19T16:26:36.712934
45917,PROBE_REQ,-92,5,0,5,65416,43376,573127,0,68,10,0,0,14:33:5C:6D:AF:58,1,1,ARMED,70.0,0,1,80:02:9C:61:97:4B,11,66,949.3,80:02:9C:61:97:4A,6,0,NONE,2026-08-19T16:26:36.762934
45917,,-91,6,199,1334,65416,43376,573166,0,68,10,0,0,14:33:5C:6D:AF:58,1,1,ARMED,70.0,0,1,80:02:9C:61:97:4B,11,11,1365.3,80:02:9C:61:97:4A,6,0,NONE,2026-08-19T16:26:36.801934
45917,BEACON,-67,30,0,793,65416,43376,573245,0,68,10,0,0,14:33:5C:6D:AF:58,1,1,ARMED,70.0,0,1,80:02:9C:61:97:4B,11,61,700.8,80:02:9C:61:97:4A,6,0,NONE,2026-08-19T16:26:36.880934
45917,PROBE_REQ,-92,5,286,14,65416,43376,573315,0,68,10,0,0,14:33:5C:6D:AF:58,1,1,ARMED,70.0,0,0,80:02:9C:61:97:4B,11,37,662.8,80:02:9C:61:97:4A,6,0,NONE,2026-08-19T16:26:36.950934
45917,MGMT_OTHER,-88,9,3360,619,65416,43376,573369,0,68,10,0,0,14:33:5C:6D:AF:58,1,1,ARMED,70.0,0,1,80:02:9C:61:97:4B,11,8,961.0,80:02:9C:61:97:4A,6,0,NONE,2026-08-19T16:26:37.004934
45917,MGMT_OTHER,40,40,0,2803,65416,43376,573427,0,68,10,0,0,14:33:5C:6D:AF:58,1,1,ARMED,70.0,0,0,80:02:9C:61:97:4B,11,58,881.2,80:02:9C:61:97:4A,6,0,NONE,2026-08-19T16:26:37.062934
45917,MGMT_OTHER,-85,12,2650,2417,65416,43376,573480,0,68,10,0,0,14:33:5C:6D:AF:58,1,1,ARMED,70.0,0,1,80:02:9C:61:97:4B,11,14,757.0,80:02:9C:61:97:4A,6,0,NONE,2026-08-19T16:26:37.115934
45917,MGMT_OTHER,-86,11,0,2401,65416,43376,573546,0,68,10,0,0,14:33:5C:6D:AF:58,1,1,ARMED,70.0,0,1,80:02:9C:61:97:4B,11,64,761.9,80:02:9C:61:97:4A,6,0,NONE,2026-08-19T16:26:37.181934
45917,DISASSOC,-91,6,199,2604,65416,43376,573625,0,68,10,0,0,14:33:5C:6D:AF:58,1,1,ARMED,70.0,0,1,80:02:9C:61:97:4B,11,45,709.5,80:02:9C:61:97:4A,6,0,NONE,2026-08-19T16:26:37.260934
45917,MGMT_OTHER,-87,10,2395,1175,65416,43376,573682,0,68,10,0,0,14:33:5C:6D:AF:58,1,1,ARMED,70.0,0,1,80:02:9C:61:97:4B,11,21,1200.3,80:02:9C:61:97:4A,6,0,NONE,2026-08-19T16:26:37.317934
45917,,-62,35,0,3374,65416,43376,573736,0,68,10,0,0,14:33:5C:6D:AF:58,1,1,ARMED,70.0,0,1,80:02:9C:61:97:4B,11,71,993.0,80:02:9C:61:97:4A,6,0,NONE,2026-08-19T16:26:37.371934
45917,MGMT_OTHER,40,40,0,3375,65416,43376,573814,0,68,10,0,0,14:33:5C:6D:AF:58,1,1,ARMED,70.0,0,0,80:02:9C:61:97:4B,11,27,583.8,80:02:9C:61:97:4A,6,0,NONE,2026-08-19T16:26:37.449934
45917,PROBE_REQ,-92,5,247,6,65416,43376,573860,0,68,10,0,0,14:33:5C:6D:AF:58,1,1,ARMED,70.0,0,0,80:02:9C:61:97:4B,11,77,835.3,80:02:9C:61:97:4A,6,0,NONE,2026-08-19T16:26:37.495934
45917,MGMT_OTHER,28,28,0,563,65416,43376,573950,0,68,10,0,0,14:33:5C:6D:AF:58,1,1,ARMED,70.0,0,0,80:02:9C:61:97:4B,11,44,540.5,80:02:9C:61:97:4A,6,0,NONE,2026-08-19T16:26:37.585934
45917,MGMT_OTHER,-92,5,0,932,65416,43376,574012,0,68,10,0,0,14:33:5C:6D:AF:58,1,1,ARMED,70.0,0,1,80:02:9C:61:97:4B,11,49,1351.3,80:02:9C:61:97:4A,6,0,NONE,2026-08-19T16:26:37.647934
45917,MGMT_OTHER,29,29,0,4049,65416,43376,574065,0,68,10,0,0,14:33:5C:6D:AF:58,1,1,ARMED,70.0,0,0,80:02:9C:61:97:4B,11,99,1104.2,80:02:9C:61:97:4A,6,0,NONE,2026-08-19T16:26:37.700934
45917,,-63,34,409,3378,65336,43376,574119,0,68,10,0,0,14:33:5C:6D:AF:58,1,1,ARMED,70.0,0,0,80:02:9C:61:97:4B,11,49,1281.6,80:02:9C:61:97:4A,6,0,NONE,2026-08-19T16:26:37.754934
45917,MGMT_OTHER,-89,8,3983,1010,65416,43376,574163,0,68,10,0,0,14:33:5C:6D:AF:58,1,1,ARMED,70.0,0,1,80:02:9C:61:97:4B,11,99,1210.3,80:02:9C:61:97:4A,6,0,NONE,2026-08-19T16:26:37.798934
45917,PROBE_REQ,-91,6,1028,1,65416,43376,574201,0,68,10,0,0,14:33:5C:6D:AF:58,1,1,ARMED,70.0,0,0,80:02:9C:61:97:4B,11,32,1612.1,80:02:9C:61:97:4A,6,0,NONE,2026-08-19T16:26:37.836934
45917,,-91,6,459,802,65364,43376,574247,0,68,10,0,0,14:33:5C:6D:AF:58,1,1,ARMED,70.0,0,1,80:02:9C:61:97:4B,11,82,1253.7,80:02:9C:61:97:4A,6,0,NONE,2026-08-19T16:26:37.882934
45917,AUTH,-88,9,4077,3632,65416,43376,574317,0,68,10,0,0,14:33:5C:6D:AF:58,1,1,ARMED,70.0,0,1,80:02:9C:61:97:4B,11,17,511.3,80:02:9C:61:97:4A,6,0,NONE,2026-08-19T16:26:37.952934
45917,MGMT_OTHER,40,40,0,1653,65416,43376,574387,0,68,10,0,0,14:33:5C:6D:AF:58,1,1,ARMED,70.0,0,0,80:02:9C:61:97:4B,11,67,669.1,80:02:9C:61:97:4A,6,0,NONE,2026-08-19T16:26:38.022934
45917,,-91,6,0,1468,65416,43376,574527,0,68,10,0,0,14:33:5C:6D:AF:58,0,1,ARMED,70.0,0,1,80:02:9C:61:97:4B,11,14,336.0,80:02:9C:61:97:4A,6,0,NONE,2026-08-19T16:26:38.162934
45917,MGMT_OTHER,-88,9,507,16,65416,43376,574620,0,68,10,0,0,14:33:5C:6D:AF:58,0,1,ARMED,70.0,0,1,80:02:9C:61:97:4B,11,31,948.8,80:02:9C:61:97:4A,6,0,NONE,2026-08-19T16:26:38.255934
45917,PROBE_REQ,-90,7,1058,9,65416,43376,574672,0,68,10,0,0,14:33:5C:6D:AF:58,0,1,ARMED,70.0,0,1,80:02:9C:61:97:4B,11,81,949.2,80:02:9C:61:97:4A,6,0,NONE,2026-08-19T16:26:38.307934
45917,PROBE_REQ,-91,6,125,6,65416,43376,574728,0,68,10,0,0,14:33:5C:6D:AF:58,1,1,ARMED,70.0,0,0,80:02:9C:61:97:4B,11,41,1000.9,80:02:9C:61:97:4A,6,0,NONE,2026-08-19T16:26:38.363934
45917,MGMT_OTHER,-85,12,7296,3692,65416,43376,574763,0,68,10,0,0,14:33:5C:6D:AF:58,1,1,ARMED,70.0,0,1,80:02:9C:61:97:4B,11,91,1208.6,80:02:9C:61:97:4A,6,0,NONE,2026-08-19T16:26:38.398934
45917,PROBE_REQ,-91,6,1129,3,65416,43376,574799,0,68,10,0,0,14:33:5C:6D:AF:58,1,1,ARMED,70.0,0,1,80:02:9C:61:97:4B,11,23,2522.5,80:02:9C:61:97:4A,6,0,NONE,2026-08-19T16:26:38.434934
45917,MGMT_OTHER,40,40,0,1821,65416,43376,574846,0,68,10,0,0,14:33:5C:6D:AF:58,1,1,ARMED,70.0,0,0,80:02:9C:61:97:4B,11,73,1290.8,80:02:9C:61:97:4A,6,0,NONE,2026-08-19T16:26:38.481934
45917,MGMT_OTHER,29,29,0,2779,65416,43376,574937,0,68,10,0,0,14:33:5C:6D:AF:58,1,1,ARMED,70.0,0,0,80:02:9C:61:97:4B,11,12,270.2,80:02:9C:61:97:4A,6,0,NONE,2026-08-19T16:26:38.572934
45917,,-88,9,0,1470,65416,43376,575083,0,68,10,0,0,14:33:5C:6D:AF:58,1,0,ARMED,70.0,0,1,80:02:9C:61:97:4B,11,38,431.8,80:02:9C:61:97:4A,6,0,NONE,2026-08-19T16:26:38.718934
45917,BEACON,-80,17,0,576,65416,43376,575281,0,68,10,0,0,14:33:5C:6D:AF:58,0,0,ARMED,70.0,0,1,80:02:9C:61:97:4B,11,15,183.9,80:02:9C:61:97:4A,6,0,NONE,2026-08-19T16:26:38.916934
45917,MGMT_OTHER,29,29,0,2784,65416,43376,575430,0,68,10,0,0,14:33:5C:6D:AF:58,1,1,ARMED,70.0,0,0,80:02:9C:61:97:4B,11,7,273.1,80:02:9C:61:97:4A,6,0,NONE,2026-08-19T16:26:39.065934
45917,MGMT_OTHER,28,28,0,2786,65416,43376,575636,0,68,10,0,0,14:33:5C:6D:AF:58,0,1,ARMED,70.0,0,0,80:02:9C:61:97:4B,11,6,194.7,80:02:9C:61:97:4A,6,0,NONE,2026-08-19T16:26:39.271934
45917,BEACON,-80,17,0,2667,65416,43376,575884,0,68,10,0,0,14:33:5C:6D:AF:58,1,1,ARMED,70.0,0,1,80:02:9C:61:97:4B,11,11,148.4,80:02:9C:61:97:4A,6,0,NONE,2026-08-19T16:26:39.519934
45917,MGMT_OTHER,28,28,0,584,65416,43376,576107,0,68,10,0,0,14:33:5C:6D:AF:58,0,0,ARMED,70.0,0,0,80:02:9C:61:97:4B,11,20,216.6,80:02:9C:61:97:4A,6,0,NONE,2026-08-19T16:26:39.742934
45917,MGMT_OTHER,40,40,0,586,65416,43376,576305,0,68,10,0,0,14:33:5C:6D:AF:58,0,0,ARMED,70.0,0,0,80:02:9C:61:97:4B,11,22,268.4,80:02:9C:61:97:4A,6,0,NONE,2026-08-19T16:26:39.940934
45917,MGMT_OTHER,-81,16,4033,257,65416,43376,576410,0,68,10,0,0,14:33:5C:6D:AF:58,0,1,ARMED,70.0,0,1,80:02:9C:61:97:4B,11,44,527.9,80:02:9C:61:97:4A,6,0,NONE,2026-08-19T16:26:40.045934
45917,MGMT_OTHER,-80,17,1139,3645,65416,43376,576469,0,68,10,0,0,14:33:5C:6D:AF:58,1,1,ARMED,70.0,0,1,80:02:9C:61:97:4B,11,44,1040.3,80:02:9C:61:97:4A,6,0,NONE,2026-08-19T16:26:40.104934
45917,DEAUTH,-90,7,606,3950,65416,43376,576514,0,68,10,0,0,14:33:5C:6D:AF:58,1,1,ARMED,70.0,0,1,80:02:9C:61:97:4B,11,94,1076.3,80:02:9C:61:97:4A,6,0,NONE,2026-08-19T16:26:40.149934
45917,MGMT_OTHER,-82,15,0,370,65416,43376,576565,0,68,10,0,0,14:33:5C:6D:AF:58,1,1,ARMED,70.0,0,1,80:02:9C:61:97:4B,11,49,1374.8,80:02:9C:61:97:4A,6,0,NONE,2026-08-19T16:26:40.200934
45917,MGMT_OTHER,29,29,0,1023,65416,43376,576608,0,68,10,0,0,14:33:5C:6D:AF:58,1,1,ARMED,70.0,0,1,80:02:9C:61:97:4B,11,99,1274.6,80:02:9C:61:97:4A,6,0,NONE,2026-08-19T16:26:40.243934
45917,MGMT_OTHER,-82,15,403,2486,65416,43376,576649,0,68,10,0,0,14:33:5C:6D:AF:58,1,1,ARMED,70.0,0,1,80:02:9C:61:97:4B,11,30,1935.0,80:02:9C:61:97:4A,6,0,NONE,2026-08-19T16:26:40.284934
45917,MGMT_OTHER,40,40,0,2797,65416,43376,576802,0,68,10,0,0,14:33:5C:6D:AF:58,1,1,ARMED,70.0,0,0,80:02:9C:61:97:4B,11,17,249.2,80:02:9C:61:97:4A,6,0,NONE,2026-08-19T16:26:40.437934
45917,MGMT_OTHER,29,29,0,593,65416,43376,577027,0,68,10,0,0,14:33:5C:6D:AF:58,0,0,ARMED,70.0,0,0,80:02:9C:61:97:4B,11,15,164.1,80:02:9C:61:97:4A,6,0,NONE,2026-08-19T16:26:40.662934
45917,BEACON,-90,7,3772,2801,65416,43376,577163,0,68,10,0,0,14:33:5C:6D:AF:58,0,1,ARMED,70.0,0,1,80:02:9C:61:97:4B,11,5,227.5,80:02:9C:61:97:4A,6,0,NONE,2026-08-19T16:26:40.798934
45917,MGMT_OTHER,29,29,0,596,65416,43376,577338,0,68,10,0,0,14:33:5C:6D:AF:58,0,0,ARMED,70.0,0,0,80:02:9C:61:97:4B,11,28,295.1,80:02:9C:61:97:4A,6,0,NONE,2026-08-19T16:26:40.973934
45917,MGMT_OTHER,40,40,0,2683,65416,43376,577525,0,68,10,0,0,14:33:5C:6D:AF:58,0,1,ARMED,70.0,0,0,80:02:9C:61:97:4B,11,18,224.8,80:02:9C:61:97:4A,6,0,NONE,2026-08-19T16:26:41.160934
45917,BEACON,-89,8,0,2807,65416,43376,577777,0,68,10,0,0,14:33:5C:6D:AF:58,0,0,ARMED,70.0,0,1,80:02:9C:61:97:4B,11,5,182.1,80:02:9C:61:97:4A,6,0,NONE,2026-08-19T16:26:41.412934
45917,,-60,37,0,1814,62320,43376,577956,0,68,10,0,0,14:33:5C:6D:AF:58,0,0,ARMED,70.0,0,0,80:02:9C:61:97:4B,11,5,2662.4,80:02:9C:61:97:4A,6,0,NONE,2026-08-19T16:26:41.591934
45917,,-60,37,0,1833,65416,43376,578012,0,68,10,0,0,14:33:5C:6D:AF:58,0,0,ARMED,70.0,0,1,80:02:9C:61:97:4B,11,55,954.6,80:02:9C:61:97:4A,6,0,NONE,2026-08-19T16:26:41.647934
45917,MGMT_OTHER,40,40,0,604,65416,43376,578153,0,68,10,0,0,14:33:5C:6D:AF:58,0,1,ARMED,70.0,0,0,80:02:9C:61:97:4B,11,21,214.4,80:02:9C:61:97:4A,6,0,NONE,2026-08-19T16:26:41.788934
45917,MGMT_OTHER,40,40,0,2691,65416,43376,578353,0,68,10,0,0,14:33:5C:6D:AF:58,0,0,ARMED,70.0,0,0,80:02:9C:61:97:4B,11,22,269.3,80:02:9C:61:97:4A,6,0,NONE,2026-08-19T16:26:41.988934
45917,BEACON,-80,17,0,608,65416,43376,578558,0,68,10,0,0,14:33:5C:6D:AF:58,0,1,ARMED,70.0,0,1,80:02:9C:61:97:4B,11,12,168.3,80:02:9C:61:97:4A,6,0,NONE,2026-08-19T16:26:42.193934
45917,MGMT_OTHER,40,40,0,2585,65416,43376,578705,0,68,10,0,0,14:33:5C:6D:AF:58,0,1,ARMED,70.0,0,0,80:02:9C:61:97:4B,11,4,381.6,80:02:9C:61:97:4A,6,0,NONE,2026-08-19T16:26:42.340934
45917,BEACON,-69,28,0,856,65416,43376,578979,0,68,10,0,0,14:33:5C:6D:AF:58,0,0,ARMED,70.0,0,1,80:02:9C:61:97:4B,11,15,199.7,80:02:9C:61:97:4A,6,0,NONE,2026-08-19T16:26:42.614934
45917,MGMT_OTHER,29,29,0,1482,65416,43376,579148,0,68,10,0,0,14:33:5C:6D:AF:58,0,1,ARMED,70.0,0,0,80:02:9C:61:97:4B,11,7,175.1,80:02:9C:61:97:4A,6,0,NONE,2026-08-19T16:26:42.783934
45917,MGMT_OTHER,40,40,0,1065,65416,43376,579344,0,68,10,0,0,14:33:5C:6D:AF:58,0,1,ARMED,70.0,0,0,80:02:9C:61:97:4B,11,6,203.9,80:02:9C:61:97:4A,6,0,NONE,2026-08-19T16:26:42.979934
45917,MGMT_OTHER,40,40,0,2593,65416,43376,579524,0,68,10,0,0,14:33:5C:6D:AF:58,0,0,ARMED,70.0,0,0,80:02:9C:61:97:4B,11,25,230.3,80:02:9C:61:97:4A,6,0,NONE,2026-08-19T16:26:43.159934
45917,MGMT_OTHER,29,29,0,2595,65416,43376,579761,0,68,10,0,0,14:33:5C:6D:AF:58,0,0,ARMED,70.0,0,0,80:02:9C:61:97:4B,11,3,202.4,80:02:9C:61:97:4A,6,0,NONE,2026-08-19T16:26:43.396934
45917,MGMT_OTHER,40,40,0,2598,65416,43376,580013,0,68,10,0,0,14:33:5C:6D:AF:58,0,0,ARMED,70.0,0,0,80:02:9C:61:97:4B,11,17,258.0,80:02:9C:61:97:4A,6,0,NONE,2026-08-19T16:26:43.648934
45917,MGMT_OTHER,29,29,0,0,65416,43376,580145,0,68,10,0,0,14:33:5C:6D:AF:58,0,0,ARMED,70.0,0,0,80:02:9C:61:97:4B,11,43,465.9,80:02:9C:61:97:4A,6,0,NONE,2026-08-19T16:26:43.780934
45917,MGMT_OTHER,29,29,0,1023,65396,43376,580278,0,68,10,0,0,14:33:5C:6D:AF:58,0,1,ARMED,70.0,0,0,80:02:9C:61:97:4B,11,5,307.0,80:02:9C:61:97:4A,6,0,NONE,2026-08-19T16:26:43.913934
45917,MGMT_OTHER,40,40,0,2602,65416,43376,580436,0,68,10,0,0,14:33:5C:6D:AF:58,0,0,ARMED,70.0,0,0,80:02:9C:61:97:4B,11,28,391.4,80:02:9C:61:97:4A,6,0,NONE,2026-08-19T16:26:44.071934
45917,MGMT_OTHER,29,29,0,2836,65416,43376,580571,0,68,10,0,0,14:33:5C:6D:AF:58,0,1,ARMED,70.0,0,0,80:02:9C:61:97:4B,11,49,463.1,80:02:9C:61:97:4A,6,0,NONE,2026-08-19T16:26:44.206934
45917,MGMT_OTHER,40,40,0,630,65416,43376,580815,0,68,10,0,0,14:33:5C:6D:AF:58,0,0,ARMED,70.0,0,0,80:02:9C:61:97:4B,11,4,251.9,80:02:9C:61:97:4A,6,0,NONE,2026-08-19T16:26:44.450934
45917,MGMT_OTHER,40,40,0,2717,65416,43376,581008,0,68,10,0,0,14:33:5C:6D:AF:58,0,1,ARMED,70.0,0,0,80:02:9C:61:97:4B,11,5,1114.1,80:02:9C:61:97:4A,6,0,NONE,2026-08-19T16:26:44.643934
45917,BEACON,-71,26,0,882,65416,43376,581129,0,68,10,0,0,14:33:5C:6D:AF:58,0,1,ARMED,70.0,0,1,80:02:9C:61:97:4B,11,6,261.5,80:02:9C:61:97:4A,6,0,NONE,2026-08-19T16:26:44.764934
45917,MGMT_OTHER,40,40,0,1339,65416,43376,581404,0,68,10,0,0,14:33:5C:6D:AF:58,0,0,ARMED,70.0,0,0,80:02:9C:61:97:4B,11,18,192.4,80:02:9C:61:97:4A,6,0,NONE,2026-08-19T16:26:45.039934
45917,,-56,41,849,843,65416,43376,581481,0,68,10,0,0,14:33:5C:6D:AF:58,0,0,ARMED,70.0,0,0,80:02:9C:61:97:4B,11,46,676.8,80:02:9C:61:97:4A,6,0,NONE,2026-08-19T16:26:45.116934
45917,MGMT_OTHER,29,29,0,887,65364,43376,581642,0,68,10,0,0,14:33:5C:6D:AF:58,0,1,ARMED,70.0,0,0,80:02:9C:61:97:4B,11,8,334.8,80:02:9C:61:97:4A,6,0,NONE,2026-08-19T16:26:45.277934
45917,BEACON,-80,17,0,2725,65416,43376,581823,0,68,10,0,0,14:33:5C:6D:AF:58,0,1,ARMED,70.0,0,1,80:02:9C:61:97:4B,11,34,332.6,80:02:9C:61:97:4A,6,0,NONE,2026-08-19T16:26:45.458934
45917,BEACON,-94,3,0,2618,65416,43376,582060,0,68,10,0,0,14:33:5C:6D:AF:58,0,0,ARMED,70.0,0,1,80:02:9C:61:97:4B,11,7,213.1,80:02:9C:61:97:4A,6,0,NONE,2026-08-19T16:26:45.695934
45917,MGMT_OTHER,40,40,0,2855,65416,43376,582324,0,68,10,0,0,14:33:5C:6D:AF:58,0,0,ARMED,70.0,0,0,80:02:9C:61:97:4B,11,22,240.2,80:02:9C:61:97:4A,6,0,NONE,2026-08-19T16:26:45.959934
45917,,-61,36,291,1899,65416,43376,582560,0,68,10,0,0,14:33:5C:6D:AF:58,0,0,ARMED,70.0,0,0,80:02:9C:61:97:4B,11,5,602.0,80:02:9C:61:97:4A,6,0,NONE,2026-08-19T16:26:46.195934
45917,,-30,67,0,1436,65416,43376,582638,0,68,10,0,0,14:33:5C:6D:AF:58,0,0,ARMED,70.0,0,1,80:02:9C:61:97:4B,11,55,642.0,80:02:9C:61:97:4A,6,0,NONE,2026-08-19T16:26:46.273934
45917,MGMT_OTHER,40,40,0,418,65416,43376,582778,0,68,10,0,0,14:33:5C:6D:AF:58,0,1,ARMED,70.0,0,0,80:02:9C:61:97:4B,11,5,229.6,80:02:9C:61:97:4A,6,0,NONE,2026-08-19T16:26:46.413934
45917,MGMT_OTHER,30,30,0,2864,65416,43376,583006,0,68,10,0,0,14:33:5C:6D:AF:58,0,0,ARMED,70.0,0,0,80:02:9C:61:97:4B,11,11,245.4,80:02:9C:61:97:4A,6,0,NONE,2026-08-19T16:26:46.641934
45917,MGMT_OTHER,40,40,0,2739,65416,43376,583257,0,68,10,0,0,14:33:5C:6D:AF:58,0,0,ARMED,70.0,0,0,80:02:9C:61:97:4B,11,19,220.8,80:02:9C:61:97:4A,6,0,NONE,2026-08-19T16:26:46.892934
45917,MGMT_OTHER,40,40,0,1900,65416,43376,583379,0,68,10,0,0,14:33:5C:6D:AF:58,0,1,ARMED,70.0,0,0,80:02:9C:61:97:4B,11,2,723.6,80:02:9C:61:97:4A,6,0,NONE,2026-08-19T16:26:47.014934
45917,MGMT_OTHER,40,40,0,2869,65416,43376,583524,0,68,10,0,0,14:33:5C:6D:AF:58,1,1,ARMED,70.0,0,0,80:02:9C:61:97:4B,11,15,312.3,80:02:9C:61:97:4A,6,0,NONE,2026-08-19T16:26:47.159934
45917,BEACON,-95,2,0,428,65416,43376,583797,0,68,10,0,0,14:33:5C:6D:AF:58,0,0,ARMED,70.0,0,1,80:02:9C:61:97:4B,11,1,178.2,80:02:9C:61:97:4A,6,0,NONE,2026-08-19T16:26:47.432934
45917,MGMT_OTHER,40,40,0,913,65416,43376,584018,0,68,10,0,0,14:33:5C:6D:AF:58,0,0,ARMED,70.0,0,0,80:02:9C:61:97:4B,11,15,625.6,80:02:9C:61:97:4A,6,0,NONE,2026-08-19T16:26:47.653934
45917,,-61,36,292,1915,65416,43376,584223,0,68,10,0,0,14:33:5C:6D:AF:58,0,0,ARMED,70.0,0,0,80:02:9C:61:97:4B,11,10,462.7,80:02:9C:61:97:4A,6,0,NONE,2026-08-19T16:26:47.858934
45917,MGMT_OTHER,40,40,0,2750,65416,43376,584384,0,68,10,0,0,14:33:5C:6D:AF:58,0,1,ARMED,70.0,0,0,80:02:9C:61:97:4B,11,14,173.2,80:02:9C:61:97:4A,6,0,NONE,2026-08-19T16:26:48.019934
45917,MGMT_OTHER,40,40,0,2643,65416,43376,584624,0,68,10,0,0,14:33:5C:6D:AF:58,0,0,ARMED,70.0,0,0,80:02:9C:61:97:4B,11,2,146.4,80:02:9C:61:97:4A,6,0,NONE,2026-08-19T16:26:48.259934
45917,MGMT_OTHER,30,30,0,2883,65416,43376,584880,0,68,10,0,0,14:33:5C:6D:AF:58,0,0,ARMED,70.0,0,0,80:02:9C:61:97:4B,11,13,200.7,80:02:9C:61:97:4A,6,0,NONE,2026-08-19T16:26:48.515934
45917,,-56,41,0,874,65416,43376,585059,0,68,10,0,0,14:33:5C:6D:AF:58,0,0,ARMED,70.0,0,0,80:02:9C:61:97:4B,11,24,614.7,80:02:9C:61:97:4A,6,0,NONE,2026-08-19T16:26:48.694934
45917,MGMT_OTHER,40,40,0,0,65416,43376,585144,0,68,10,0,0,14:33:5C:6D:AF:58,0,1,ARMED,70.0,0,0,80:02:9C:61:97:4B,11,19,869.5,80:02:9C:61:97:4A,6,0,NONE,2026-08-19T16:26:48.779934
45917,MGMT_OTHER,40,40,0,443,65416,43376,585364,0,68,10,0,0,14:33:5C:6D:AF:58,0,0,ARMED,70.0,0,0,80:02:9C:61:97:4B,11,12,326.7,80:02:9C:61:97:4A,6,0,NONE,2026-08-19T16:26:48.999934
45917,BEACON,-94,3,0,2652,65416,43376,585542,0,68,10,0,0,14:33:5C:6D:AF:58,0,0,ARMED,70.0,0,1,80:02:9C:61:97:4B,11,2,199.9,80:02:9C:61:97:4A,6,0,NONE,2026-08-19T16:26:49.177934
45917,BEACON,-96,1,0,1907,65416,43376,585743,0,68,10,0,0,14:33:5C:6D:AF:58,0,0,ARMED,70.0,0,1,80:02:9C:61:97:4B,11,3,422.5,80:02:9C:61:97:4A,6,0,NONE,2026-08-19T16:26:49.378934
45917,BEACON,-93,4,0,449,65416,43376,585947,0,68,10,0,0,14:33:5C:6D:AF:58,0,0,ARMED,70.0,0,1,80:02:9C:61:97:4B,11,3,273.6,80:02:9C:61:97:4A,6,0,NONE,2026-08-19T16:26:49.582934
45917,MGMT_OTHER,30,30,0,2896,65364,43376,586176,0,68,10,0,0,14:33:5C:6D:AF:58,0,0,ARMED,70.0,0,0,80:02:9C:61:97:4B,11,9,239.6,80:02:9C:61:97:4A,6,0,NONE,2026-08-19T16:26:49.811934
45917,BEACON,-92,5,0,453,65416,43376,586357,0,68,10,0,0,14:33:5C:6D:AF:58,0,0,ARMED,70.0,0,1,80:02:9C:61:97:4B,11,7,542.7,80:02:9C:61:97:4A,6,0,NONE,2026-08-19T16:26:49.992934
45917,BEACON,-81,16,0,2771,65416,43376,586533,0,68,10,0,0,14:33:5C:6D:AF:58,0,1,ARMED,70.0,0,1,80:02:9C:61:97:4B,11,14,157.5,80:02:9C:61:97:4A,6,0,NONE,2026-08-19T16:26:50.168934
45917,PROBE_RESP,-85,12,0,1256,65416,43376,586688,0,68,10,0,0,14:33:5C:6D:AF:58,0,1,ARMED,70.0,0,1,80:02:9C:61:97:4B,11,14,396.5,80:02:9C:61:97:4A,6,0,NONE,2026-08-19T16:26:50.323934
45917,MGMT_OTHER,40,40,0,1946,65416,43376,586825,0,68,10,0,0,14:33:5C:6D:AF:58,1,1,ARMED,70.0,0,1,80:02:9C:61:97:4B,11,23,325.7,80:02:9C:61:97:4A,6,0,NONE,2026-08-19T16:26:50.460934
45917,DEAUTH,-90,7,1222,0,65416,43376,586879,0,68,10,0,0,14:33:5C:6D:AF:58,1,1,ARMED,70.0,0,1,80:02:9C:61:97:4B,11,23,1016.7,80:02:9C:61:97:4A,6,0,NONE,2026-08-19T16:26:50.514934
45917,MGMT_OTHER,36,36,0,2889,65416,43376,586942,0,68,10,0,0,14:33:5C:6D:AF:58,1,1,ARMED,70.0,0,0,80:02:9C:61:97:4B,11,73,856.0,80:02:9C:61:97:4A,6,0,NONE,2026-08-19T16:26:50.577934
45917,MGMT_OTHER,40,40,0,1630,65416,43376,587003,0,68,10,0,0,14:33:5C:6D:AF:58,1,1,ARMED,70.0,0,0,80:02:9C:61:97:4B,11,49,1083.0,80:02:9C:61:97:4A,6,0,NONE,2026-08-19T16:26:50.638934
45917,MGMT_OTHER,-88,9,1968,2818,65416,43376,587067,0,68,10,0,0,14:33:5C:6D:AF:58,1,1,ARMED,70.0,0,1,80:02:9C:61:97:4B,11,4,851.6,80:02:9C:61:97:4A,6,0,NONE,2026-08-19T16:26:50.702934
45917,,-61,36,0,1992,65416,43376,587220,0,68,10,0,0,14:33:5C:6D:AF:58,1,1,ARMED,70.0,0,0,80:02:9C:61:97:4B,11,20,355.0,80:02:9C:61:97:4A,6,0,NONE,2026-08-19T16:26:50.855934
45917,BEACON,-92,5,0,463,65416,43376,587381,0,68,10,0,0,14:33:5C:6D:AF:58,0,0,ARMED,70.0,0,1,80:02:9C:61:97:4B,11,3,217.4,80:02:9C:61:97:4A,6,0,NONE,2026-08-19T16:26:51.016934
45917,MGMT_OTHER,30,30,0,0,65416,43376,587517,0,68,10,0,0,14:33:5C:6D:AF:58,0,0,ARMED,70.0,0,0,80:02:9C:61:97:4B,11,29,661.4,80:02:9C:61:97:4A,6,0,NONE,2026-08-19T16:26:51.152934
45917,BEACON,-80,17,0,2783,65416,43376,587762,0,68,10,0,0,14:33:5C:6D:AF:58,0,0,ARMED,70.0,0,1,80:02:9C:61:97:4B,11,17,213.3,80:02:9C:61:97:4A,6,0,NONE,2026-08-19T16:26:51.397934
45917,MGMT_OTHER,30,30,0,2675,65396,43376,587905,0,68,10,0,0,14:33:5C:6D:AF:58,0,0,ARMED,70.0,0,0,80:02:9C:61:97:4B,11,6,300.3,80:02:9C:61:97:4A,6,0,NONE,2026-08-19T16:26:51.540934
45917,MGMT_OTHER,40,40,0,1023,65416,43376,588124,0,68,10,0,0,14:33:5C:6D:AF:58,0,0,ARMED,70.0,0,0,80:02:9C:61:97:4B,11,10,309.9,80:02:9C:61:97:4A,6,0,NONE,2026-08-19T16:26:51.759934
45917,MGMT_OTHER,30,30,0,1023,65416,43376,588332,0,68,10,0,0,14:33:5C:6D:AF:58,0,0,ARMED,70.0,0,0,80:02:9C:61:97:4B,11,7,201.1,80:02:9C:61:97:4A,6,0,NONE,2026-08-19T16:26:51.967934
45917,,-61,36,0,2028,65416,43376,588500,0,68,10,0,0,14:33:5C:6D:AF:58,0,1,ARMED,70.0,0,0,80:02:9C:61:97:4B,11,4,4000.0,80:02:9C:61:97:4A,6,0,NONE,2026-08-19T16:26:52.135934
45917,BEACON,-80,17,0,706,65416,43376,588593,0,68,10,0,0,14:33:5C:6D:AF:58,0,1,ARMED,70.0,0,1,80:02:9C:61:97:4B,11,54,577.4,80:02:9C:61:97:4A,6,0,NONE,2026-08-19T16:26:52.228934
45917,MGMT_OTHER,30,30,0,2793,65416,43376,588788,0,68,10,0,0,14:33:5C:6D:AF:58,0,0,ARMED,70.0,0,0,80:02:9C:61:97:4B,11,23,265.3,80:02:9C:61:97:4A,6,0,NONE,2026-08-19T16:26:52.423934
45917,MGMT_OTHER,40,40,0,1069,65416,43376,588984,0,68,10,0,0,14:33:5C:6D:AF:58,0,1,ARMED,70.0,0,0,80:02:9C:61:97:4B,11,16,219.7,80:02:9C:61:97:4A,6,0,NONE,2026-08-19T16:26:52.619934
45917,MGMT_OTHER,40,40,0,2927,65416,43376,589152,0,68,10,0,0,14:33:5C:6D:AF:58,0,1,ARMED,70.0,0,0,80:02:9C:61:97:4B,11,10,277.2,80:02:9C:61:97:4A,6,0,NONE,2026-08-19T16:26:52.787934
45917,BEACON,-82,15,0,2929,65416,43376,589348,0,68,10,0,0,14:33:5C:6D:AF:58,0,0,ARMED,70.0,0,1,80:02:9C:61:97:4B,11,8,292.1,80:02:9C:61:97:4A,6,0,NONE,2026-08-19T16:26:52.983934
45917,MGMT_OTHER,30,30,0,1023,65416,43376,589481,0,68,10,0,0,14:33:5C:6D:AF:58,0,0,ARMED,70.0,0,0,80:02:9C:61:97:4B,11,35,603.6,80:02:9C:61:97:4A,6,0,NONE,2026-08-19T16:26:53.116934
45917,BEACON,-89,8,0,2693,65416,43376,589740,0,68,10,0,0,14:33:5C:6D:AF:58,0,0,ARMED,70.0,0,1,80:02:9C:61:97:4B,11,2,203.8,80:02:9C:61:97:4A,6,0,NONE,2026-08-19T16:26:53.375934
45917,MGMT_OTHER,40,40,0,2935,65416,43376,589984,0,68,10,0,0,14:33:5C:6D:AF:58,0,0,ARMED,70.0,0,0,80:02:9C:61:97:4B,11,11,225.7,80:02:9C:61:97:4A,6,0,NONE,2026-08-19T16:26:53.619934
45917,MGMT_OTHER,40,40,0,2937,65416,43376,590184,0,68,10,0,0,14:33:5C:6D:AF:58,0,0,ARMED,70.0,0,0,80:02:9C:61:97:4B,11,13,295.3,80:02:9C:61:97:4A,6,0,NONE,2026-08-19T16:26:53.819934
45917,MGMT_OTHER,30,30,0,2939,65416,43376,590405,0,68,10,0,0,14:33:5C:6D:AF:58,0,0,ARMED,70.0,0,0,80:02:9C:61:97:4B,11,13,214.7,80:02:9C:61:97:4A,6,0,NONE,2026-08-19T16:26:54.040934
45917,MGMT_OTHER,40,40,0,984,65416,43376,590614,0,68,10,0,0,14:33:5C:6D:AF:58,0,0,ARMED,70.0,0,0,80:02:9C:61:97:4B,11,14,217.6,80:02:9C:61:97:4A,6,0,NONE,2026-08-19T16:26:54.249934
45917,AUTH,37,37,0,176,65416,43376,590755,0,68,10,0,0,14:33:5C:6D:AF:58,0,1,ARMED,70.0,0,1,80:02:9C:61:97:4B,11,3,976.6,80:02:9C:61:97:4A,6,0,NONE,2026-08-19T16:26:54.390934
45917,,-56,41,0,960,65256,43376,590891,0,68,10,0,0,14:33:5C:6D:AF:58,0,1,ARMED,70.0,0,0,80:02:9C:61:97:4B,11,22,592.6,80:02:9C:61:97:4A,6,0,NONE,2026-08-19T16:26:54.526934
45917,MGMT_OTHER,40,40,0,730,65416,43376,591052,0,68,10,0,0,14:33:5C:6D:AF:58,0,1,ARMED,70.0,0,0,80:02:9C:61:97:4B,11,25,268.9,80:02:9C:61:97:4A,6,0,NONE,2026-08-19T16:26:54.687934
45917,PROBE_REQ,-93,4,125,13,65416,43376,591245,0,68,10,0,0,14:33:5C:6D:AF:58,0,0,ARMED,70.0,0,0,80:02:9C:61:97:4B,11,22,337.2,80:02:9C:61:97:4A,6,0,NONE,2026-08-19T16:26:54.880934
45917,,-92,5,0,1499,65416,43376,591381,0,68,10,0,0,14:33:5C:6D:AF:58,0,1,ARMED,70.0,0,1,80:02:9C:61:97:4B,11,33,338.1,80:02:9C:61:97:4A,6,0,NONE,2026-08-19T16:26:55.016934
45917,BEACON,-94,3,0,504,65416,43376,591592,0,68,10,0,0,14:33:5C:6D:AF:58,0,0,ARMED,70.0,0,1,80:02:9C:61:97:4B,11,25,270.0,80:02:9C:61:97:4A,6,0,NONE,2026-08-19T16:26:55.227934
45917,,-61,36,291,2075,65416,43376,591772,0,68,10,0,0,14:33:5C:6D:AF:58,0,0,ARMED,70.0,0,0,80:02:9C:61:97:4B,11,24,348.8,80:02:9C:61:97:4A,6,0,NONE,2026-08-19T16:26:55.407934
45917,,-61,36,0,2083,65396,43376,591916,0,68,10,0,0,14:33:5C:6D:AF:58,0,0,ARMED,70.0,0,1,80:02:9C:61:97:4B,11,24,222.6,80:02:9C:61:97:4A,6,0,NONE,2026-08-19T16:26:55.551934
45917,BEACON,-91,6,85,3308,65416,43376,592001,0,68,10,0,0,14:33:5C:6D:AF:58,0,0,ARMED,70.0,0,1,80:02:9C:61:97:4B,11,50,584.7,80:02:9C:61:97:4A,6,0,NONE,2026-08-19T16:26:55.636934
45917,BEACON,-82,15,0,2826,65416,43376,592165,0,68,10,0,0,14:33:5C:6D:AF:58,0,1,ARMED,70.0,0,1,80:02:9C:61:97:4B,11,13,280.2,80:02:9C:61:97:4A,6,0,NONE,2026-08-19T16:26:55.800934
45917,BEACON,-80,17,0,2827,65416,43376,592268,0,68,10,0,0,14:33:5C:6D:AF:58,0,1,ARMED,70.0,0,1,80:02:9C:61:97:4B,11,9,206.9,80:02:9C:61:97:4A,6,0,NONE,2026-08-19T16:26:55.903934
45917,PROBE_REQ,-60,37,0,539,65416,43376,592480,0,68,10,0,0,14:33:5C:6D:AF:58,0,0,ARMED,70.0,0,1,80:02:9C:61:97:4B,11,13,279.9,80:02:9C:61:97:4A,6,0,NONE,2026-08-19T16:26:56.115934
45917,BEACON,-79,18,0,746,65416,43376,592689,0,68,10,0,0,14:33:5C:6D:AF:58,1,0,ARMED,70.0,0,1,80:02:9C:61:97:4B,11,8,376.0,80:02:9C:61:97:4A,6,0,NONE,2026-08-19T16:26:56.324934
45917,MGMT_OTHER,30,30,0,748,65416,43376,592901,0,68,10,0,0,14:33:5C:6D:AF:58,0,0,ARMED,70.0,0,0,80:02:9C:61:97:4B,11,4,216.4,80:02:9C:61:97:4A,6,0,NONE,2026-08-19T16:26:56.536934
45917,BEACON,-94,3,0,2726,65416,43376,593120,0,68,10,0,0,14:33:5C:6D:AF:58,0,0,ARMED,70.0,0,1,80:02:9C:61:97:4B,11,7,213.7,80:02:9C:61:97:4A,6,0,NONE,2026-08-19T16:26:56.755934
45917,MGMT_OTHER,40,40,0,521,65416,43376,593334,0,68,10,0,0,14:33:5C:6D:AF:58,0,0,ARMED,70.0,0,0,80:02:9C:61:97:4B,11,13,305.8,80:02:9C:61:97:4A,6,0,NONE,2026-08-19T16:26:56.969934
45917,MGMT_OTHER,40,40,0,755,65416,43376,593614,0,68,10,0,0,14:33:5C:6D:AF:58,0,0,ARMED,70.0,0,0,80:02:9C:61:97:4B,11,3,197.1,80:02:9C:61:97:4A,6,0,NONE,2026-08-19T16:26:57.249934
45917,MGMT_OTHER,40,40,0,0,65416,43376,593852,0,68,10,0,0,14:33:5C:6D:AF:58,0,0,ARMED,70.0,0,0,80:02:9C:61:97:4B,11,13,268.6,80:02:9C:61:97:4A,6,0,NONE,2026-08-19T16:26:57.487934
45917,MGMT_OTHER,30,30,0,0,65416,43376,594006,0,68,10,0,0,14:33:5C:6D:AF:58,0,0,ARMED,70.0,0,0,80:02:9C:61:97:4B,11,42,421.9,80:02:9C:61:97:4A,6,0,NONE,2026-08-19T16:26:57.641934
45917,BEACON,-69,28,0,1029,65416,43376,594236,0,68,10,0,0,14:33:5C:6D:AF:58,0,0,ARMED,70.0,0,0,80:02:9C:61:97:4B,11,5,412.1,80:02:9C:61:97:4A,6,0,NONE,2026-08-19T16:26:57.871934
45917,MGMT_OTHER,30,30,0,1023,65416,43376,594406,0,68,10,0,0,14:33:5C:6D:AF:58,0,1,ARMED,70.0,0,0,80:02:9C:61:97:4B,11,23,283.2,80:02:9C:61:97:4A,6,0,NONE,2026-08-19T16:26:58.041934
45917,MGMT_OTHER,30,30,0,1033,65416,43376,594647,0,68,10,0,0,14:33:5C:6D:AF:58,0,0,ARMED,70.0,0,0,80:02:9C:61:97:4B,11,4,335.5,80:02:9C:61:97:4A,6,0,NONE,2026-08-19T16:26:58.282934
45917,,-55,42,0,3430,65416,43376,594756,0,68,10,0,0,14:33:5C:6D:AF:58,0,1,ARMED,70.0,0,0,80:02:9C:61:97:4B,11,9,552.5,80:02:9C:61:97:4A,6,0,NONE,2026-08-19T16:26:58.391934
45917,BEACON,-93,4,0,537,65416,43376,594958,0,68,10,0,0,14:33:5C:6D:AF:58,0,0,ARMED,70.0,0,1,80:02:9C:61:97:4B,11,2,358.6,80:02:9C:61:97:4A,6,0,NONE,2026-08-19T16:26:58.593934
45917,MGMT_OTHER,30,30,0,2994,65416,43376,595192,0,68,10,0,0,14:33:5C:6D:AF:58,0,0,ARMED,70.0,0,0,80:02:9C:61:97:4B,11,10,295.3,80:02:9C:61:97:4A,6,0,NONE,2026-08-19T16:26:58.827934
45917,MGMT_OTHER,40,40,0,2857,65416,43376,595344,0,68,10,0,0,14:33:5C:6D:AF:58,0,1,ARMED,70.0,0,0,80:02:9C:61:97:4B,11,14,166.9,80:02:9C:61:97:4A,6,0,NONE,2026-08-19T16:26:58.979934
45917,BEACON,-96,1,0,2749,65416,43376,595475,0,68,10,0,0,14:33:5C:6D:AF:58,0,1,ARMED,70.0,0,1,80:02:9C:61:97:4B,11,4,408.1,80:02:9C:61:97:4A,6,0,NONE,2026-08-19T16:26:59.110934
45917,,-92,5,0,1387,65416,43376,595607,0,68,10,0,0,14:33:5C:6D:AF:58,0,1,ARMED,70.0,0,1,80:02:9C:61:97:4B,11,9,225.2,80:02:9C:61:97:4A,6,0,NONE,2026-08-19T16:26:59.242934
45917,MGMT_OTHER,40,40,0,1023,65416,43376,595834,0,68,10,0,0,14:33:5C:6D:AF:58,1,0,ARMED,70.0,0,0,80:02:9C:61:97:4B,11,18,270.6,80:02:9C:61:97:4A,6,0,NONE,2026-08-19T16:26:59.469934
45917,MGMT_OTHER,40,40,0,348,65416,43376,595974,0,68,10,0,0,14:33:5C:6D:AF:58,1,1,ARMED,70.0,0,0,80:02:9C:61:97:4B,11,1,485.0,80:02:9C:61:97:4A,6,0,NONE,2026-08-19T16:26:59.609934
45917,MGMT_OTHER,40,40,0,780,65416,43376,596174,0,68,10,0,0,14:33:5C:6D:AF:58,0,0,ARMED,70.0,0,0,80:02:9C:61:97:4B,11,25,249.2,80:02:9C:61:97:4A,6,0,NONE,2026-08-19T16:26:59.809934
45917,MGMT_OTHER,40,40,0,551,65416,43376,596397,0,68,10,0,0,14:33:5C:6D:AF:58,0,0,ARMED,70.0,0,0,80:02:9C:61:97:4B,11,2,199.5,80:02:9C:61:97:4A,6,0,NONE,2026-08-19T16:27:00.032934
45917,,-88,9,75,1518,65416,43376,596624,0,68,10,0,0,14:33:5C:6D:AF:58,0,0,ARMED,70.0,0,1,80:02:9C:61:97:4B,11,13,351.0,80:02:9C:61:97:4A,6,0,NONE,2026-08-19T16:27:00.259934
45917,MGMT_OTHER,-86,11,0,527,65416,43376,596767,0,68,10,0,0,14:33:5C:6D:AF:58,0,1,ARMED,70.0,0,1,80:02:9C:61:97:4B,11,20,272.5,80:02:9C:61:97:4A,6,0,NONE,2026-08-19T16:27:00.402934
45917,MGMT_OTHER,39,39,0,1060,65416,43376,597004,0,68,10,0,0,14:33:5C:6D:AF:58,0,0,ARMED,70.0,0,0,80:02:9C:61:97:4B,11,2,671.6,80:02:9C:61:97:4A,6,0,NONE,2026-08-19T16:27:00.639934
45917,MGMT_OTHER,31,31,0,2766,65416,43376,597222,0,68,10,0,0,14:33:5C:6D:AF:58,0,0,ARMED,70.0,0,0,80:02:9C:61:97:4B,11,4,253.5,80:02:9C:61:97:4A,6,0,NONE,2026-08-19T16:27:00.857934
45917,,-56,41,0,2500,65416,43376,597438,0,68,10,0,0,14:33:5C:6D:AF:58,0,0,ARMED,70.0,0,1,80:02:9C:61:97:4B,11,8,286.7,80:02:9C:61:97:4A,6,0,NONE,2026-08-19T16:27:01.073934
45917,MGMT_OTHER,31,31,0,1527,65416,43376,597553,0,68,10,0,0,14:33:5C:6D:AF:58,0,1,ARMED,70.0,0,0,80:02:9C:61:97:4B,11,13,326.5,80:02:9C:61:97:4A,6,0,NONE,2026-08-19T16:27:01.188934
45917,MGMT_OTHER,40,40,0,3019,65416,43376,597752,0,68,10,0,0,14:33:5C:6D:AF:58,1,1,ARMED,70.0,0,0,80:02:9C:61:97:4B,11,11,289.8,80:02:9C:61:97:4A,6,0,NONE,2026-08-19T16:27:01.387934
45917,MGMT_OTHER,40,40,0,2882,65416,43376,597902,0,68,10,0,0,14:33:5C:6D:AF:58,1,1,ARMED,70.0,0,0,80:02:9C:61:97:4B,11,30,351.3,80:02:9C:61:97:4A,6,0,NONE,2026-08-19T16:27:01.537934
45917,BEACON,-67,30,0,1071,65416,43376,598127,0,68,10,0,0,14:33:5C:6D:AF:58,0,0,ARMED,70.0,0,1,80:02:9C:61:97:4B,11,19,185.6,80:02:9C:61:97:4A,6,0,NONE,2026-08-19T16:27:01.762934
45917,MGMT_OTHER,40,40,0,3025,65416,43376,598374,0,68,10,0,0,14:33:5C:6D:AF:58,0,0,ARMED,70.0,0,0,80:02:9C:61:97:4B,11,10,239.7,80:02:9C:61:97:4A,6,0,NONE,2026-08-19T16:27:02.009934
45917,BEACON,-83,14,652,3026,65396,43376,598462,0,68,10,0,0,14:33:5C:6D:AF:58,1,1,ARMED,70.0,0,1,80:02:9C:61:97:4B,11,26,881.6,80:02:9C:61:97:4A,6,0,NONE,2026-08-19T16:27:02.097934
45917,MGMT_OTHER,31,31,0,1023,65416,43376,598608,0,68,10,0,0,14:33:5C:6D:AF:58,1,1,ARMED,70.0,0,0,80:02:9C:61:97:4B,11,12,161.7,80:02:9C:61:97:4A,6,0,NONE,2026-08-19T16:27:02.243934
45917,MGMT_OTHER,40,40,0,2890,65416,43376,598719,0,68,10,0,0,14:33:5C:6D:AF:58,1,0,ARMED,70.0,0,0,80:02:9C:61:97:4B,11,42,492.9,80:02:9C:61:97:4A,6,0,NONE,2026-08-19T16:27:02.354934
45917,MGMT_OTHER,40,40,0,1023,65416,43376,598884,0,68,10,0,0,14:33:5C:6D:AF:58,0,1,ARMED,70.0,0,1,80:02:9C:61:97:4B,11,14,289.6,80:02:9C:61:97:4A,6,0,NONE,2026-08-19T16:27:02.519934
45917,MGMT_OTHER,40,40,0,0,65416,43376,599002,0,68,10,0,0,14:33:5C:6D:AF:58,0,0,ARMED,70.0,0,1,80:02:9C:61:97:4B,11,37,565.0,80:02:9C:61:97:4A,6,0,NONE,2026-08-19T16:27:02.637934
45917,,-89,8,0,1535,65416,43376,599133,0,68,10,0,0,14:33:5C:6D:AF:58,0,1,ARMED,70.0,0,0,80:02:9C:61:97:4B,11,26,272.9,80:02:9C:61:97:4A,6,0,NONE,2026-08-19T16:27:02.768934
45917,MGMT_OTHER,40,40,0,561,65416,43376,599324,0,68,10,0,0,14:33:5C:6D:AF:58,0,0,ARMED,70.0,0,0,80:02:9C:61:97:4B,11,20,243.7,80:02:9C:61:97:4A,6,0,NONE,2026-08-19T16:27:02.959934
45917,MGMT_OTHER,31,31,0,1540,65416,43376,599498,0,68,10,0,0,14:33:5C:6D:AF:58,0,1,ARMED,70.0,0,0,80:02:9C:61:97:4B,11,17,336.9,80:02:9C:61:97:4A,6,0,NONE,2026-08-19T16:27:03.133934
45917,MGMT_OTHER,31,31,0,1541,65416,43376,599709,0,68,10,0,0,14:33:5C:6D:AF:58,0,0,ARMED,70.0,0,0,80:02:9C:61:97:4B,11,16,280.7,80:02:9C:61:97:4A,6,0,NONE,2026-08-19T16:27:03.344934
45917,,-61,36,292,2211,65416,43376,599922,0,68,10,0,0,14:33:5C:6D:AF:58,0,1,ARMED,70.0,0,0,80:02:9C:61:97:4B,11,12,221.3,80:02:9C:61:97:4A,6,0,NONE,2026-08-19T16:27:03.557934
45917,BEACON,-80,17,0,818,65416,43376,600062,0,68,10,0,0,14:33:5C:6D:AF:58,0,1,ARMED,70.0,0,1,80:02:9C:61:97:4B,11,20,219.5,80:02:9C:61:97:4A,6,0,NONE,2026-08-19T16:27:03.697934
45917,,41,41,0,2796,65416,43376,600294,0,68,10,0,0,14:33:5C:6D:AF:58,0,0,ARMED,70.0,0,0,80:02:9C:61:97:4B,11,23,251.9,80:02:9C:61:97:4A,6,0,NONE,2026-08-19T16:27:03.929934
45917,BEACON,-93,4,0,591,65416,43376,600488,0,68,10,0,0,14:33:5C:6D:AF:58,1,0,ARMED,70.0,0,1,80:02:9C:61:97:4B,11,14,198.6,80:02:9C:61:97:4A,6,0,NONE,2026-08-19T16:27:04.123934
45917,,39,39,0,1023,65416,43376,600695,0,68,10,0,0,14:33:5C:6D:AF:58,0,0,ARMED,70.0,0,0,80:02:9C:61:97:4B,11,14,197.6,80:02:9C:61:97:4A,6,0,NONE,2026-08-19T16:27:04.330934
45917,,41,41,0,3052,65416,43376,600934,0,68,10,0,0,14:33:5C:6D:AF:58,0,0,ARMED,70.0,0,0,80:02:9C:61:97:4B,11,26,260.0,80:02:9C:61:97:4A,6,0,NONE,2026-08-19T16:27:04.569934
45917,,-61,36,0,2221,65416,43376,601204,0,68,10,0,0,14:33:5C:6D:AF:58,0,0,ARMED,70.0,0,1,80:02:9C:61:97:4B,11,14,289.0,80:02:9C:61:97:4A,6,0,NONE,2026-08-19T16:27:04.839934
45917,BEACON,-80,17,0,831,65416,43376,601393,0,68,10,0,0,14:33:5C:6D:AF:58,0,0,ARMED,70.0,0,1,80:02:9C:61:97:4B,11,9,309.3,80:02:9C:61:97:4A,6,0,NONE,2026-08-19T16:27:05.028934
45917,,-61,36,291,2235,65416,43376,601549,0,68,10,0,0,14:33:5C:6D:AF:58,0,1,ARMED,70.0,0,0,80:02:9C:61:97:4B,11,30,374.9,80:02:9C:61:97:4A,6,0,NONE,2026-08-19T16:27:05.184934
45917,,31,31,0,1118,65416,43376,601756,0,68,10,0,0,14:33:5C:6D:AF:58,0,0,ARMED,70.0,0,0,80:02:9C:61:97:4B,11,20,276.0,80:02:9C:61:97:4A,6,0,NONE,2026-08-19T16:27:05.391934
45917,,41,41,0,1120,65416,43376,601874,0,68,10,0,0,14:33:5C:6D:AF:58,0,0,ARMED,70.0,0,0,80:02:9C:61:97:4B,11,43,478.4,80:02:9C:61:97:4A,6,0,NONE,2026-08-19T16:27:05.509934
45917,,30,30,0,1122,65416,43376,602012,0,68,10,0,0,14:33:5C:6D:AF:58,0,1,ARMED,70.0,0,0,80:02:9C:61:97:4B,11,5,307.6,80:02:9C:61:97:4A,6,0,NONE,2026-08-19T16:27:05.647934
45917,,-61,36,0,2250,65416,43376,602204,0,68,10,0,0,14:33:5C:6D:AF:58,0,0,ARMED,70.0,0,0,80:02:9C:61:97:4B,11,10,2608.9,80:02:9C:61:97:4A,6,0,NONE,2026-08-19T16:27:05.839934
45917,,30,30,0,0,65416,43376,602288,0,68,10,0,0,14:33:5C:6D:AF:58,0,0,ARMED,70.0,0,0,80:02:9C:61:97:4B,11,60,686.7,80:02:9C:61:97:4A,6,0,NONE,2026-08-19T16:27:05.923934
45917,,-56,41,0,1099,65416,43376,602365,0,68,10,0,0,14:33:5C:6D:AF:58,1,1,ARMED,70.0,0,0,80:02:9C:61:97:4B,11,49,800.6,80:02:9C:61:97:4A,6,0,NONE,2026-08-19T16:27:06.000934
45917,,30,30,0,841,65416,43376,602426,0,68,10,0,0,14:33:5C:6D:AF:58,1,1,ARMED,70.0,0,0,80:02:9C:61:97:4B,11,11,504.7,80:02:9C:61:97:4A,6,0,NONE,2026-08-19T16:27:06.061934
45917,,30,30,0,1023,65416,43376,602618,0,68,10,0,0,14:33:5C:6D:AF:58,0,0,ARMED,70.0,0,1,80:02:9C:61:97:4B,11,5,361.1,80:02:9C:61:97:4A,6,0,NONE,2026-08-19T16:27:06.253934
45917,,30,30,0,176,65416,43376,602838,0,68,10,0,0,14:33:5C:6D:AF:58,0,0,ARMED,70.0,0,1,80:02:9C:61:97:4B,11,7,296.4,80:02:9C:61:97:4A,6,0,NONE,2026-08-19T16:27:06.473934
45917,,41,41,0,3072,65416,43376,603002,0,68,10,0,0,14:33:5C:6D:AF:58,0,1,ARMED,70.0,0,0,80:02:9C:61:97:4B,11,27,327.1,80:02:9C:61:97:4A,6,0,NONE,2026-08-19T16:27:06.637934
45917,,41,41,0,3074,65416,43376,603202,0,68,10,0,0,14:33:5C:6D:AF:58,1,0,ARMED,70.0,0,0,80:02:9C:61:97:4B,11,20,252.9,80:02:9C:61:97:4A,6,0,NONE,2026-08-19T16:27:06.837934
45917,,30,30,0,2826,65416,43376,603375,0,68,10,0,0,14:33:5C:6D:AF:58,1,1,ARMED,70.0,0,0,80:02:9C:61:97:4B,11,15,310.0,80:02:9C:61:97:4A,6,0,NONE,2026-08-19T16:27:07.010934
45917,BEACON,-80,17,0,852,65416,43376,603543,0,68,10,0,0,14:33:5C:6D:AF:58,0,1,ARMED,70.0,0,1,80:02:9C:61:97:4B,11,4,345.8,80:02:9C:61:97:4A,6,0,NONE,2026-08-19T16:27:07.178934
45917,,41,41,0,1547,65416,43376,603704,0,68,10,0,0,14:33:5C:6D:AF:58,0,1,ARMED,70.0,0,0,80:02:9C:61:97:4B,11,24,360.5,80:02:9C:61:97:4A,6,0,NONE,2026-08-19T16:27:07.339934
45917,,-67,30,0,1143,65416,43376,603855,0,68,10,0,0,14:33:5C:6D:AF:58,0,1,ARMED,70.0,0,0,80:02:9C:61:97:4B,11,5,1017.5,80:02:9C:61:97:4A,6,0,NONE,2026-08-19T16:27:07.490934
45917,,30,30,0,3082,65416,43376,604000,0,68,10,0,0,14:33:5C:6D:AF:58,0,1,ARMED,70.0,0,0,80:02:9C:61:97:4B,11,14,291.7,80:02:9C:61:97:4A,6,0,NONE,2026-08-19T16:27:07.635934
45917,,41,41,0,2943,65416,43376,604152,0,68,10,0,0,14:33:5C:6D:AF:58,1,1,ARMED,70.0,0,0,80:02:9C:61:97:4B,11,34,346.1,80:02:9C:61:97:4A,6,0,NONE,2026-08-19T16:27:07.787934
45917,,30,30,0,3085,65416,43376,604326,0,68,10,0,0,14:33:5C:6D:AF:58,1,1,ARMED,70.0,0,0,80:02:9C:61:97:4B,11,15,274.6,80:02:9C:61:97:4A,6,0,NONE,2026-08-19T16:27:07.961934
45917,,40,40,0,1023,65416,43376,604504,0,68,10,0,0,14:33:5C:6D:AF:58,0,1,ARMED,70.0,0,0,80:02:9C:61:97:4B,11,12,401.7,80:02:9C:61:97:4A,6,0,NONE,2026-08-19T16:27:08.139934
45917,,-55,42,0,1119,65416,43376,604625,0,68,10,0,0,14:33:5C:6D:AF:58,1,1,ARMED,70.0,0,0,80:02:9C:61:97:4B,11,37,726.1,80:02:9C:61:97:4A,6,0,NONE,2026-08-19T16:27:08.260934
45917,BEACON,-79,18,0,2949,65416,43376,604762,0,68,10,0,0,14:33:5C:6D:AF:58,1,1,ARMED,70.0,0,1,80:02:9C:61:97:4B,11,29,332.0,80:02:9C:61:97:4A,6,0,NONE,2026-08-19T16:27:08.397934
45917,,-71,26,0,1158,65416,43376,604865,0,68,10,0,0,14:33:5C:6D:AF:58,1,1,ARMED,70.0,0,1,80:02:9C:61:97:4B,11,49,564.0,80:02:9C:61:97:4A,6,0,NONE,2026-08-19T16:27:08.500934
45917,,30,30,0,2842,65416,43376,605037,0,68,10,0,0,14:33:5C:6D:AF:58,0,1,ARMED,70.0,0,0,80:02:9C:61:97:4B,11,13,253.5,80:02:9C:61:97:4A,6,0,NONE,2026-08-19T16:27:08.672934
45917,,41,41,0,2844,65416,43376,605224,0,68,10,0,0,14:33:5C:6D:AF:58,0,1,ARMED,70.0,0,0,80:02:9C:61:97:4B,11,8,220.5,80:02:9C:61:97:4A,6,0,NONE,2026-08-19T16:27:08.859934
45917,,30,30,0,1164,65416,43376,605398,0,68,10,0,0,14:33:5C:6D:AF:58,0,1,ARMED,70.0,0,0,80:02:9C:61:97:4B,11,1,1000.0,80:02:9C:61:97:4A,6,0,NONE,2026-08-19T16:27:09.033934
45917,BEACON,-69,28,14333,1166,65416,43376,605603,0,68,10,0,0,14:33:5C:6D:AF:58,0,0,ARMED,70.0,0,1,80:02:9C:61:97:4B,11,27,263.6,80:02:9C:61:97:4A,6,0,NONE,2026-08-19T16:27:09.238934
45917,,40,40,0,2959,65416,43376,605803,0,68,10,0,0,14:33:5C:6D:AF:58,0,0,ARMED,70.0,0,0,80:02:9C:61:97:4B,11,23,233.7,80:02:9C:61:97:4A,6,0,NONE,2026-08-19T16:27:09.438934
45917,BEACON,-81,16,0,875,65416,43376,605898,0,68,10,0,0,14:33:5C:6D:AF:58,0,0,ARMED,70.0,0,1,80:02:9C:61:97:4B,11,49,619.8,80:02:9C:61:97:4A,6,0,NONE,2026-08-19T16:27:09.533934
45917,,-56,41,0,1143,65416,43376,605934,0,68,10,0,0,14:33:5C:6D:AF:58,1,1,ARMED,70.0,0,1,80:02:9C:61:97:4B,11,21,1429.4,80:02:9C:61:97:4A,6,0,NONE,2026-08-19T16:27:09.569934
45917,,30,30,0,896,65416,43376,606096,0,68,10,0,0,14:33:5C:6D:AF:58,1,1,ARMED,70.0,0,0,80:02:9C:61:97:4B,11,22,296.6,80:02:9C:61:97:4A,6,0,NONE,2026-08-19T16:27:09.731934
45917,MGMT_OTHER,-83,14,141,1213,65416,43376,606234,0,68,10,0,0,14:33:5C:6D:AF:58,1,1,ARMED,70.0,0,1,80:02:9C:61:97:4B,11,4,600.2,80:02:9C:61:97:4A,6,0,NONE,2026-08-19T16:27:09.869934
45917,BEACON,-95,2,0,2856,65416,43376,606432,0,68,10,0,0,14:33:5C:6D:AF:58,1,1,ARMED,70.0,0,1,80:02:9C:61:97:4B,11,23,231.5,80:02:9C:61:97:4A,6,0,NONE,2026-08-19T16:27:10.067934
45917,,40,40,0,1946,65416,43376,606604,0,68,10,0,0,14:33:5C:6D:AF:58,1,1,ARMED,70.0,0,0,80:02:9C:61:97:4B,11,20,290.7,80:02:9C:61:97:4A,6,0,NONE,2026-08-19T16:27:10.239934
45917,,40,40,0,2859,65416,43376,606774,0,68,10,0,0,14:33:5C:6D:AF:58,0,1,ARMED,70.0,0,0,80:02:9C:61:97:4B,11,5,246.8,80:02:9C:61:97:4A,6,0,NONE,2026-08-19T16:27:10.409934
45917,,66,66,0,1181,65416,43376,606896,0,68,10,0,0,14:33:5C:6D:AF:58,0,1,ARMED,70.0,0,0,80:02:9C:61:97:4B,11,26,613.9,80:02:9C:61:97:4A,6,0,NONE,2026-08-19T16:27:10.531934
45917,,30,30,0,578,65416,43376,607025,0,68,10,0,0,14:33:5C:6D:AF:58,0,1,ARMED,70.0,0,1,80:02:9C:61:97:4B,11,20,280.4,80:02:9C:61:97:4A,6,0,NONE,2026-08-19T16:27:10.660934
45917,,30,30,0,2863,65416,43376,607190,0,68,10,0,0,14:33:5C:6D:AF:58,0,1,ARMED,70.0,0,0,80:02:9C:61:97:4B,11,9,318.7,80:02:9C:61:97:4A,6,0,NONE,2026-08-19T16:27:10.825934
45917,,41,41,0,578,65416,43376,607304,0,68,10,0,0,14:33:5C:6D:AF:58,0,1,ARMED,70.0,0,1,80:02:9C:61:97:4B,11,27,748.9,80:02:9C:61:97:4A,6,0,NONE,2026-08-19T16:27:10.939934
45917,,30,30,0,890,65368,43376,607437,0,68,10,0,0,14:33:5C:6D:AF:58,0,1,ARMED,70.0,0,0,80:02:9C:61:97:4B,11,17,266.1,80:02:9C:61:97:4A,6,0,NONE,2026-08-19T16:27:11.072934
45917,,32,32,0,579,65416,43376,607625,0,68,10,0,0,14:33:5C:6D:AF:58,1,0,ARMED,70.0,0,0,80:02:9C:61:97:4B,11,12,243.0,80:02:9C:61:97:4A,6,0,NONE,2026-08-19T16:27:11.260934
45917,,30,30,0,579,65416,43376,607814,0,68,10,0,0,14:33:5C:6D:AF:58,0,0,ARMED,70.0,0,0,80:02:9C:61:97:4B,11,5,165.7,80:02:9C:61:97:4A,6,0,NONE,2026-08-19T16:27:11.449934
45917,BEACON,-93,4,0,3124,65416,43376,607986,0,68,10,0,0,14:33:5C:6D:AF:58,0,0,ARMED,70.0,0,1,80:02:9C:61:97:4B,11,22,217.5,80:02:9C:61:97:4A,6,0,NONE,2026-08-19T16:27:11.621934
45917,,29,29,0,2873,65416,43376,608173,0,68,10,0,0,14:33:5C:6D:AF:58,0,1,ARMED,70.0,0,0,80:02:9C:61:97:4B,11,21,265.7,80:02:9C:61:97:4A,6,0,NONE,2026-08-19T16:27:11.808934
45917,,-74,23,0,4014,65416,43376,608355,0,68,10,0,0,14:33:5C:6D:AF:58,0,1,ARMED,70.0,0,1,80:02:9C:61:97:4B,11,20,380.8,80:02:9C:61:97:4A,6,0,NONE,2026-08-19T16:27:11.990934
45917,,-61,36,292,2367,65416,43376,608523,0,68,10,0,0,14:33:5C:6D:AF:58,0,1,ARMED,70.0,0,0,80:02:9C:61:97:4B,11,11,564.0,80:02:9C:61:97:4A,6,0,NONE,2026-08-19T16:27:12.158934
45917,BEACON,-80,17,0,902,65416,43376,608663,0,68,10,0,0,14:33:5C:6D:AF:58,0,1,ARMED,70.0,0,1,80:02:9C:61:97:4B,11,11,222.7,80:02:9C:61:97:4A,6,0,NONE,2026-08-19T16:27:12.298934
45917,BEACON,-79,18,0,2989,65416,43376,608856,0,68,10,0,0,14:33:5C:6D:AF:58,0,1,ARMED,70.0,0,1,80:02:9C:61:97:4B,11,6,262.2,80:02:9C:61:97:4A,6,0,NONE,2026-08-19T16:27:12.491934
45917,,41,41,0,1075,65416,43376,609036,0,68,10,0,0,14:33:5C:6D:AF:58,1,1,ARMED,70.0,0,0,80:02:9C:61:97:4B,11,34,338.6,80:02:9C:61:97:4A,6,0,NONE,2026-08-19T16:27:12.671934
45917,MGMT_OTHER,-91,6,48,3645,65416,43376,609104,0,68,10,0,0,14:33:5C:6D:AF:58,1,1,ARMED,70.0,0,1,80:02:9C:61:97:4B,11,50,718.2,80:02:9C:61:97:4A,6,0,NONE,2026-08-19T16:27:12.739934
45917,,66,66,0,3238,65416,43376,609170,0,68,10,0,0,14:33:5C:6D:AF:58,1,1,ARMED,70.0,0,1,80:02:9C:61:97:4B,11,23,727.7,80:02:9C:61:97:4A,6,0,NONE,2026-08-19T16:27:12.805934
45917,,-55,42,0,1163,64244,43376,609241,0,68,10,0,0,14:33:5C:6D:AF:58,1,1,ARMED,70.0,0,1,80:02:9C:61:97:4B,11,1,391.1,80:02:9C:61:97:4A,6,0,NONE,2026-08-19T16:27:12.876934
45917,,-61,36,292,2405,65416,43376,609285,0,68,10,0,0,14:33:5C:6D:AF:58,1,1,ARMED,70.0,0,0,80:02:9C:61:97:4B,11,51,1115.8,80:02:9C:61:97:4A,6,0,NONE,2026-08-19T16:27:12.920934
45917,,39,39,0,1208,65416,43376,609394,0,68,10,0,0,14:33:5C:6D:AF:58,1,1,ARMED,70.0,0,0,80:02:9C:61:97:4B,11,21,392.0,80:02:9C:61:97:4A,6,0,NONE,2026-08-19T16:27:13.029934
45917,,29,29,0,679,65416,43376,609560,0,68,10,0,0,14:33:5C:6D:AF:58,0,1,ARMED,70.0,0,0,80:02:9C:61:97:4B,11,6,319.6,80:02:9C:61:97:4A,6,0,NONE,2026-08-19T16:27:13.195934
45917,MGMT_OTHER,-90,7,0,269,65416,43376,609657,0,68,10,0,0,14:33:5C:6D:AF:58,0,1,ARMED,70.0,0,1,80:02:9C:61:97:4B,11,28,1832.7,80:02:9C:61:97:4A,6,0,NONE,2026-08-19T16:27:13.292934
45917,,31,31,0,2997,65416,43376,609678,0,68,10,0,0,14:33:5C:6D:AF:58,0,1,ARMED,70.0,0,0,80:02:9C:61:97:4B,11,78,2158.4,80:02:9C:61:97:4A,6,0,NONE,2026-08-19T16:27:13.313934
45917,BEACON,-68,29,0,1212,65416,43376,609801,0,68,10,0,0,14:33:5C:6D:AF:58,1,1,ARMED,70.0,0,1,80:02:9C:61:97:4B,11,21,408.1,80:02:9C:61:97:4A,6,0,NONE,2026-08-19T16:27:13.436934
45917,,41,41,0,915,65416,43376,610004,0,68,10,0,0,14:33:5C:6D:AF:58,1,1,ARMED,70.0,0,0,80:02:9C:61:97:4B,11,12,235.8,80:02:9C:61:97:4A,6,0,NONE,2026-08-19T16:27:13.639934
45917,PROBE_REQ,-92,5,242,3,65416,43376,610070,0,68,10,0,0,14:33:5C:6D:AF:58,1,1,ARMED,70.0,0,0,80:02:9C:61:97:4B,11,13,777.8,80:02:9C:61:97:4A,6,0,NONE,2026-08-19T16:27:13.705934
45917,MGMT_OTHER,-84,13,0,1794,65416,43376,610138,0,68,10,0,0,14:33:5C:6D:AF:58,1,1,ARMED,70.0,0,1,80:02:9C:61:97:4B,11,63,749.4,80:02:9C:61:97:4A,6,0,NONE,2026-08-19T16:27:13.773934
45917,MGMT_OTHER,-83,14,48,865,65416,43376,610192,0,68,10,0,0,14:33:5C:6D:AF:58,1,1,ARMED,70.0,0,1,80:02:9C:61:97:4B,11,28,737.7,80:02:9C:61:97:4A,6,0,NONE,2026-08-19T16:27:13.827934
45917,,41,41,0,412,65416,43376,610258,0,68,10,0,0,14:33:5C:6D:AF:58,1,1,ARMED,70.0,0,1,80:02:9C:61:97:4B,11,5,1137.9,80:02:9C:61:97:4A,6,0,NONE,2026-08-19T16:27:13.893934
45917,PROBE_REQ,-91,6,219,14,65416,43376,610327,0,68,10,0,0,14:33:5C:6D:AF:58,1,1,ARMED,70.0,0,1,80:02:9C:61:97:4B,11,55,748.5,80:02:9C:61:97:4A,6,0,NONE,2026-08-19T16:27:13.962934
45917,PROBE_REQ,-90,7,0,351,65416,43376,610417,0,68,10,0,0,14:33:5C:6D:AF:58,1,1,ARMED,70.0,0,1,80:02:9C:61:97:4B,11,25,402.6,80:02:9C:61:97:4A,6,0,NONE,2026-08-19T16:27:14.052934
45917,PROBE_REQ,-91,6,125,2692,65336,43376,610469,0,68,10,0,0,14:33:5C:6D:AF:58,1,1,ARMED,70.0,0,1,80:02:9C:61:97:4B,11,16,1156.2,80:02:9C:61:97:4A,6,0,NONE,2026-08-19T16:27:14.104934
45917,PROBE_REQ,-90,7,2725,1,65416,43376,610519,0,68,10,0,0,14:33:5C:6D:AF:58,1,1,ARMED,70.0,0,1,80:02:9C:61:97:4B,11,66,1040.3,80:02:9C:61:97:4A,6,0,NONE,2026-08-19T16:27:14.154934
45917,PROBE_REQ,-90,7,876,7,65416,43376,610603,0,68,10,0,0,14:33:5C:6D:AF:58,1,1,ARMED,70.0,0,1,80:02:9C:61:97:4B,11,29,607.2,80:02:9C:61:97:4A,6,0,NONE,2026-08-19T16:27:14.238934
45917,BEACON,-92,5,0,691,65416,43376,610728,0,68,10,0,0,14:33:5C:6D:AF:58,1,1,ARMED,70.0,0,1,80:02:9C:61:97:4B,11,13,207.3,80:02:9C:61:97:4A,6,0,NONE,2026-08-19T16:27:14.363934
45917,PROBE_REQ,-90,7,715,13,65416,43376,610796,0,68,10,0,0,14:33:5C:6D:AF:58,1,1,ARMED,70.0,0,1,80:02:9C:61:97:4B,11,32,1453.2,80:02:9C:61:97:4A,6,0,NONE,2026-08-19T16:27:14.431934
45917,,-90,7,941,2280,65416,43376,610838,0,68,10,0,0,14:33:5C:6D:AF:58,1,1,ARMED,70.0,0,1,80:02:9C:61:97:4B,11,82,1281.0,80:02:9C:61:97:4A,6,0,NONE,2026-08-19T16:27:14.473934
45917,PROBE_REQ,-92,5,245,7,65344,43376,610871,0,68,10,0,0,14:33:5C:6D:AF:58,1,1,ARMED,70.0,0,0,80:02:9C:61:97:4B,11,132,1359.0,80:02:9C:61:97:4A,6,0,NONE,2026-08-19T16:27:14.506934
45917,,-92,5,2478,1348,65416,43376,610921,0,68,10,0,0,14:33:5C:6D:AF:58,1,1,ARMED,70.0,0,1,80:02:9C:61:97:4B,11,49,1420.4,80:02:9C:61:97:4A,6,0,NONE,2026-08-19T16:27:14.556934
45917,,-89,8,1819,3724,65400,43376,611005,0,68,10,0,0,14:33:5C:6D:AF:58,1,1,ARMED,70.0,0,1,80:02:9C:61:97:4B,11,12,1017.1,80:02:9C:61:97:4A,6,0,NONE,2026-08-19T16:27:14.640934
45917,,41,41,0,1023,65416,43376,611084,0,68,10,0,0,14:33:5C:6D:AF:58,1,1,ARMED,70.0,0,1,80:02:9C:61:97:4B,11,62,688.8,80:02:9C:61:97:4A,6,0,NONE,2026-08-19T16:27:14.719934
45917,,-62,35,184,1042,65416,43376,611211,0,68,10,0,0,14:33:5C:6D:AF:58,1,0,ARMED,70.0,0,0,80:02:9C:61:97:4B,11,23,1663.5,80:02:9C:61:97:4A,6,0,NONE,2026-08-19T16:27:14.846934
45917,PROBE_REQ,-92,5,128,2175,65416,43376,611253,0,68,10,0,0,14:33:5C:6D:AF:58,1,0,ARMED,70.0,0,1,80:02:9C:61:97:4B,11,73,1303.2,80:02:9C:61:97:4A,6,0,NONE,2026-08-19T16:27:14.888934
45917,,-90,7,3989,2265,65416,43376,611297,0,68,10,0,0,14:33:5C:6D:AF:58,1,0,ARMED,70.0,0,1,80:02:9C:61:97:4B,11,123,1230.8,80:02:9C:61:97:4A,6,0,NONE,2026-08-19T16:27:14.932934
45917,PROBE_REQ,-93,4,0,6,65416,43376,611355,0,68,10,0,0,14:33:5C:6D:AF:58,1,1,ARMED,70.0,0,1,80:02:9C:61:97:4B,11,49,1169.8,80:02:9C:61:97:4A,6,0,NONE,2026-08-19T16:27:14.990934
45917,,41,41,0,582,65416,43376,611534,0,68,10,0,0,14:33:5C:6D:AF:58,1,0,ARMED,70.0,0,1,80:02:9C:61:97:4B,11,6,396.3,80:02:9C:61:97:4A,6,0,NONE,2026-08-19T16:27:15.169934
45917,,30,30,0,3161,65416,43376,611709,0,68,10,0,0,14:33:5C:6D:AF:58,0,1,ARMED,70.0,0,0,80:02:9C:61:97:4B,11,23,262.1,80:02:9C:61:97:4A,6,0,NONE,2026-08-19T16:27:15.344934
45917,,30,30,0,3162,65416,43376,611796,0,68,10,0,0,14:33:5C:6D:AF:58,0,0,ARMED,70.0,0,0,80:02:9C:61:97:4B,11,48,659.7,80:02:9C:61:97:4A,6,0,NONE,2026-08-19T16:27:15.431934
45917,,30,30,0,583,65416,43376,611947,0,68,10,0,0,14:33:5C:6D:AF:58,0,1,ARMED,70.0,0,0,80:02:9C:61:97:4B,11,10,546.2,80:02:9C:61:97:4A,6,0,NONE,2026-08-19T16:27:15.582934
45917,,-89,8,0,1582,65416,43376,612137,0,68,10,0,0,14:33:5C:6D:AF:58,0,0,ARMED,70.0,0,1,80:02:9C:61:97:4B,11,2,563.4,80:02:9C:61:97:4A,6,0,NONE,2026-08-19T16:27:15.772934
45917,,41,41,0,1584,65416,43376,612314,0,68,10,0,0,14:33:5C:6D:AF:58,0,1,ARMED,70.0,0,0,80:02:9C:61:97:4B,11,21,268.3,80:02:9C:61:97:4A,6,0,NONE,2026-08-19T16:27:15.949934
45917,,40,40,0,2915,65416,43376,612474,0,68,10,0,0,14:33:5C:6D:AF:58,1,0,ARMED,70.0,0,0,80:02:9C:61:97:4B,11,13,389.8,80:02:9C:61:97:4A,6,0,NONE,2026-08-19T16:27:16.109934
45917,,40,40,0,710,65416,43376,612674,0,68,10,0,0,14:33:5C:6D:AF:58,0,0,ARMED,70.0,0,0,80:02:9C:61:97:4B,11,11,384.8,80:02:9C:61:97:4A,6,0,NONE,2026-08-19T16:27:16.309934
45917,,-61,36,292,2434,65416,43376,612763,0,68,10,0,0,14:33:5C:6D:AF:58,0,1,ARMED,70.0,0,0,80:02:9C:61:97:4B,11,16,911.5,80:02:9C:61:97:4A,6,0,NONE,2026-08-19T16:27:16.398934
45917,PROBE_REQ,-93,4,143,1821,65340,43376,612799,0,68,10,0,0,14:33:5C:6D:AF:58,0,1,ARMED,70.0,0,1,80:02:9C:61:97:4B,11,66,1239.0,80:02:9C:61:97:4A,6,0,NONE,2026-08-19T16:27:16.434934
45917,MGMT_OTHER,-84,13,48,1611,65416,43376,612835,0,68,10,0,0,14:33:5C:6D:AF:58,0,1,ARMED,70.0,0,1,80:02:9C:61:97:4B,11,116,1299.5,80:02:9C:61:97:4A,6,0,NONE,2026-08-19T16:27:16.470934
45917,,-61,36,211,1046,65416,43376,612894,0,68,10,0,0,14:33:5C:6D:AF:58,1,1,ARMED,70.0,0,0,80:02:9C:61:97:4B,11,49,1116.6,80:02:9C:61:97:4A,6,0,NONE,2026-08-19T16:27:16.529934
45917,MGMT_OTHER,-91,6,1970,1308,65416,43376,612967,0,68,10,0,0,14:33:5C:6D:AF:58,1,1,ARMED,70.0,0,1,80:02:9C:61:97:4B,11,13,834.3,80:02:9C:61:97:4A,6,0,NONE,2026-08-19T16:27:16.602934
45917,,41,41,0,2521,65416,43376,613056,0,68,10,0,0,14:33:5C:6D:AF:58,1,1,ARMED,70.0,0,0,80:02:9C:61:97:4B,11,3,701.6,80:02:9C:61:97:4A,6,0,NONE,2026-08-19T16:27:16.691934
45917,PROBE_RESP,-82,15,0,1271,65416,43376,613216,0,68,10,0,0,14:33:5C:6D:AF:58,0,1,ARMED,70.0,0,1,80:02:9C:61:97:4B,11,22,346.0,80:02:9C:61:97:4A,6,0,NONE,2026-08-19T16:27:16.851934
45917,,39,39,0,1250,65416,43376,613394,0,68,10,0,0,14:33:5C:6D:AF:58,0,1,ARMED,70.0,0,0,80:02:9C:61:97:4B,11,12,299.5,80:02:9C:61:97:4A,6,0,NONE,2026-08-19T16:27:17.029934
45917,,40,40,0,950,65416,43376,613584,0,68,10,0,0,14:33:5C:6D:AF:58,0,1,ARMED,70.0,0,0,80:02:9C:61:97:4B,11,6,353.5,80:02:9C:61:97:4A,6,0,NONE,2026-08-19T16:27:17.219934
45917,MGMT_OTHER,-83,14,2417,4036,65416,43376,613748,0,68,10,0,0,14:33:5C:6D:AF:58,0,1,ARMED,70.0,0,1,80:02:9C:61:97:4B,11,27,342.6,80:02:9C:61:97:4A,6,0,NONE,2026-08-19T16:27:17.383934
45917,,41,41,0,1597,65416,43376,613894,0,68,10,0,0,14:33:5C:6D:AF:58,0,0,ARMED,70.0,0,0,80:02:9C:61:97:4B,11,8,404.2,80:02:9C:61:97:4A,6,0,NONE,2026-08-19T16:27:17.529934
45917,,30,30,0,1600,65416,43376,614056,0,68,10,0,0,14:33:5C:6D:AF:58,0,1,ARMED,70.0,0,0,80:02:9C:61:97:4B,11,28,351.1,80:02:9C:61:97:4A,6,0,NONE,2026-08-19T16:27:17.691934
45917,,40,40,0,1430,65416,43376,614174,0,68,10,0,0,14:33:5C:6D:AF:58,0,1,ARMED,70.0,0,0,80:02:9C:61:97:4B,11,41,431.2,80:02:9C:61:97:4A,6,0,NONE,2026-08-19T16:27:17.809934
45917,,41,41,0,2933,65416,43376,614344,0,68,10,0,0,14:33:5C:6D:AF:58,0,1,ARMED,70.0,0,0,80:02:9C:61:97:4B,11,16,329.0,80:02:9C:61:97:4A,6,0,NONE,2026-08-19T16:27:17.979934
45917,,29,29,0,959,65416,43376,614507,0,68,10,0,0,14:33:5C:6D:AF:58,0,1,ARMED,70.0,0,0,80:02:9C:61:97:4B,11,36,378.5,80:02:9C:61:97:4A,6,0,NONE,2026-08-19T16:27:18.142934
45917,PROBE_RESP,-69,28,0,1264,65416,43376,614709,0,68,10,0,0,14:33:5C:6D:AF:58,0,0,ARMED,70.0,0,0,80:02:9C:61:97:4B,11,28,327.4,80:02:9C:61:97:4A,6,0,NONE,2026-08-19T16:27:18.344934
45917,,40,40,0,1266,65416,43376,614834,0,68,10,0,0,14:33:5C:6D:AF:58,0,1,ARMED,70.0,0,0,80:02:9C:61:97:4B,11,43,400.6,80:02:9C:61:97:4A,6,0,NONE,2026-08-19T16:27:18.469934
45917,PROBE_RESP,-69,28,8315,1269,65416,43376,615014,0,68,10,0,0,14:33:5C:6D:AF:58,0,1,ARMED,70.0,0,1,80:02:9C:61:97:4B,11,10,125.1,80:02:9C:61:97:4A,6,0,NONE,2026-08-19T16:27:18.649934
45917,,41,41,0,734,65416,43376,615174,0,68,10,0,0,14:33:5C:6D:AF:58,0,1,ARMED,70.0,0,0,80:02:9C:61:97:4B,11,4,104.9,80:02:9C:61:97:4A,6,0,NONE,2026-08-19T16:27:18.809934
45917,,30,30,0,3199,65416,43376,615286,0,68,10,0,0,14:33:5C:6D:AF:58,0,1,ARMED,70.0,0,0,80:02:9C:61:97:4B,11,9,185.8,80:02:9C:61:97:4A,6,0,NONE,2026-08-19T16:27:18.921934
45917,,41,41,0,1278,65416,43376,615490,0,68,10,0,0,14:33:5C:6D:AF:58,0,1,ARMED,70.0,0,0,80:02:9C:61:97:4B,11,7,149.5,80:02:9C:61:97:4A,6,0,NONE,2026-08-19T16:27:19.125934
45917,,30,30,0,738,65400,43376,615545,0,68,10,0,0,14:33:5C:6D:AF:58,0,1,ARMED,70.0,0,0,80:02:9C:61:97:4B,11,1,637.3,80:02:9C:61:97:4A,6,0,NONE,2026-08-19T16:27:19.180934
45917,,30,30,0,1216,65416,43376,615703,0,68,10,0,0,14:33:5C:6D:AF:58,0,1,ARMED,70.0,0,0,80:02:9C:61:97:4B,11,21,363.2,80:02:9C:61:97:4A,6,0,NONE,2026-08-19T16:27:19.338934
45917,,29,29,0,972,65400,43376,615837,0,68,10,0,0,14:33:5C:6D:AF:58,0,1,ARMED,70.0,0,0,80:02:9C:61:97:4B,11,39,424.9,80:02:9C:61:97:4A,6,0,NONE,2026-08-19T16:27:19.472934
45917,BEACON,-79,18,0,3059,65416,43376,616024,0,68,10,0,0,14:33:5C:6D:AF:58,0,1,ARMED,70.0,0,1,80:02:9C:61:97:4B,11,13,178.7,80:02:9C:61:97:4A,6,0,NONE,2026-08-19T16:27:19.659934
45917,,41,41,0,1291,65416,43376,616258,0,68,10,0,0,14:33:5C:6D:AF:58,1,0,ARMED,70.0,0,0,80:02:9C:61:97:4B,11,18,182.5,80:02:9C:61:97:4A,6,0,NONE,2026-08-19T16:27:19.893934
45917,,-61,36,320,2509,65416,43376,616324,0,68,10,0,0,14:33:5C:6D:AF:58,0,0,ARMED,70.0,0,1,80:02:9C:61:97:4B,11,49,774.7,80:02:9C:61:97:4A,6,0,NONE,2026-08-19T16:27:19.959934
45917,,40,40,0,978,65416,43376,616446,0,68,10,0,0,14:33:5C:6D:AF:58,1,1,ARMED,70.0,0,0,80:02:9C:61:97:4B,11,16,195.1,80:02:9C:61:97:4A,6,0,NONE,2026-08-19T16:27:20.081934
45917,,29,29,0,2956,65416,43376,616684,0,68,10,0,0,14:33:5C:6D:AF:58,0,0,ARMED,70.0,0,0,80:02:9C:61:97:4B,11,3,242.2,80:02:9C:61:97:4A,6,0,NONE,2026-08-19T16:27:20.319934
45917,,40,40,0,800,65416,43376,616874,0,68,10,0,0,14:33:5C:6D:AF:58,0,0,ARMED,70.0,0,1,80:02:9C:61:97:4B,11,1,1000.0,80:02:9C:61:97:4A,6,0,NONE,2026-08-19T16:27:20.509934
45917,,-90,7,0,1624,65416,43376,617035,0,68,10,0,0,14:33:5C:6D:AF:58,0,0,ARMED,70.0,0,0,80:02:9C:61:97:4B,11,29,481.1,80:02:9C:61:97:4A,6,0,NONE,2026-08-19T16:27:20.670934
45917,,41,41,0,0,63612,43376,617179,0,68,10,0,0,14:33:5C:6D:AF:58,0,1,ARMED,70.0,0,1,80:02:9C:61:97:4B,11,21,215.3,80:02:9C:61:97:4A,6,0,NONE,2026-08-19T16:27:20.814934
45917,,41,41,0,3220,65416,43376,617452,0,68,10,0,0,14:33:5C:6D:AF:58,0,0,ARMED,70.0,0,0,80:02:9C:61:97:4B,11,10,157.1,80:02:9C:61:97:4A,6,0,NONE,2026-08-19T16:27:21.087934
45917,,29,29,0,759,65416,43376,617692,0,68,10,0,0,14:33:5C:6D:AF:58,0,0,ARMED,70.0,0,0,80:02:9C:61:97:4B,11,20,203.1,80:02:9C:61:97:4A,6,0,NONE,2026-08-19T16:27:21.327934
45917,,41,41,0,589,65416,43376,617949,0,68,10,0,0,14:33:5C:6D:AF:58,0,0,ARMED,70.0,0,0,80:02:9C:61:97:4B,11,10,203.3,80:02:9C:61:97:4A,6,0,NONE,2026-08-19T16:27:21.584934
45917,,29,29,0,1311,65416,43376,618198,0,68,10,0,0,14:33:5C:6D:AF:58,0,0,ARMED,70.0,0,0,80:02:9C:61:97:4B,11,16,174.8,80:02:9C:61:97:4A,6,0,NONE,2026-08-19T16:27:21.833934
45917,,29,29,0,2973,65416,43376,618458,0,68,10,0,0,14:33:5C:6D:AF:58,0,0,ARMED,70.0,0,0,80:02:9C:61:97:4B,11,14,319.7,80:02:9C:61:97:4A,6,0,NONE,2026-08-19T16:27:22.093934
45917,,29,29,0,1023,65416,43376,618677,0,68,10,0,0,14:33:5C:6D:AF:58,0,0,ARMED,70.0,0,0,80:02:9C:61:97:4B,11,12,204.0,80:02:9C:61:97:4A,6,0,NONE,2026-08-19T16:27:22.312934
45917,,41,41,0,2977,65416,43376,618826,0,68,10,0,0,14:33:5C:6D:AF:58,1,1,ARMED,70.0,0,0,80:02:9C:61:97:4B,11,4,1006.8,80:02:9C:61:97:4A,6,0,NONE,2026-08-19T16:27:22.461934
45917,,29,29,0,1004,65416,43376,619117,0,68,10,0,0,14:33:5C:6D:AF:58,0,0,ARMED,70.0,0,0,80:02:9C:61:97:4B,11,17,184.7,80:02:9C:61:97:4A,6,0,NONE,2026-08-19T16:27:22.752934
45917,,29,29,0,2006,65416,43376,619379,0,68,10,0,0,14:33:5C:6D:AF:58,0,0,ARMED,70.0,0,0,80:02:9C:61:97:4B,11,9,206.8,80:02:9C:61:97:4A,6,0,NONE,2026-08-19T16:27:23.014934
45917,BEACON,-96,1,2662,2985,65416,43376,619641,0,68,10,0,0,14:33:5C:6D:AF:58,0,0,ARMED,70.0,0,1,80:02:9C:61:97:4B,11,16,156.1,80:02:9C:61:97:4A,6,0,NONE,2026-08-19T16:27:23.276934
45917,,41,41,0,1023,65416,43376,619735,0,68,10,0,0,14:33:5C:6D:AF:58,0,0,ARMED,70.0,0,1,80:02:9C:61:97:4B,11,50,533.3,80:02:9C:61:97:4A,6,0,NONE,2026-08-19T16:27:23.370934
45917,,41,41,0,590,65416,43376,619825,0,68,10,0,0,14:33:5C:6D:AF:58,0,1,ARMED,70.0,0,1,80:02:9C:61:97:4B,11,49,661.7,80:02:9C:61:97:4A,6,0,NONE,2026-08-19T16:27:23.460934
45917,,41,41,0,3245,65416,43376,620004,0,68,10,0,0,14:33:5C:6D:AF:58,0,0,ARMED,70.0,0,0,80:02:9C:61:97:4B,11,16,308.6,80:02:9C:61:97:4A,6,0,NONE,2026-08-19T16:27:23.639934
45917,,41,41,0,3100,65416,43376,620224,0,68,10,0,0,14:33:5C:6D:AF:58,0,0,ARMED,70.0,0,0,80:02:9C:61:97:4B,11,13,183.9,80:02:9C:61:97:4A,6,0,NONE,2026-08-19T16:27:23.859934
45917,,29,29,0,1631,65416,43376,620390,0,68,10,0,0,14:33:5C:6D:AF:58,1,0,ARMED,70.0,0,0,80:02:9C:61:97:4B,11,10,506.8,80:02:9C:61:97:4A,6,0,NONE,2026-08-19T16:27:24.025934
45917,,39,39,0,1023,65416,43376,620456,0,68,10,0,0,14:33:5C:6D:AF:58,1,0,ARMED,70.0,0,0,80:02:9C:61:97:4B,11,60,700.4,80:02:9C:61:97:4A,6,0,NONE,2026-08-19T16:27:24.091934
45917,,-91,6,1913,341,65416,43376,620507,0,68,10,0,0,14:33:5C:6D:AF:58,1,1,ARMED,70.0,0,1,80:02:9C:61:97:4B,11,41,1178.0,80:02:9C:61:97:4A,6,0,NONE,2026-08-19T16:27:24.142934
45917,MGMT_OTHER,-80,17,1961,2877,65416,43376,620575,0,68,10,0,0,14:33:5C:6D:AF:58,1,1,ARMED,70.0,0,1,80:02:9C:61:97:4B,11,91,899.7,80:02:9C:61:97:4A,6,0,NONE,2026-08-19T16:27:24.210934
45917,BEACON,-79,18,0,1019,65416,43376,620644,0,68,10,0,0,14:33:5C:6D:AF:58,1,1,ARMED,70.0,0,0,80:02:9C:61:97:4B,11,50,705.9,80:02:9C:61:97:4A,6,0,NONE,2026-08-19T16:27:24.279934
45917,MGMT_OTHER,-79,18,49,3781,65416,43376,620690,0,68,10,0,0,14:33:5C:6D:AF:58,1,1,ARMED,70.0,0,1,80:02:9C:61:97:4B,11,14,851.1,80:02:9C:61:97:4A,6,0,NONE,2026-08-19T16:27:24.325934
45917,,41,41,0,3255,65416,43376,620924,0,68,10,0,0,14:33:5C:6D:AF:58,1,0,ARMED,70.0,0,0,80:02:9C:61:97:4B,11,5,102.8,80:02:9C:61:97:4A,6,0,NONE,2026-08-19T16:27:24.559934
45917,,41,41,0,21,65416,43376,621116,0,68,10,0,0,14:33:5C:6D:AF:58,0,0,ARMED,70.0,0,0,80:02:9C:61:97:4B,11,6,193.8,80:02:9C:61:97:4A,6,0,NONE,2026-08-19T16:27:24.751934
45917,,-89,8,0,1643,65416,43376,621313,0,68,10,0,0,14:33:5C:6D:AF:58,0,1,ARMED,70.0,0,1,80:02:9C:61:97:4B,11,2,122.6,80:02:9C:61:97:4A,6,0,NONE,2026-08-19T16:27:24.948934
45917,,29,29,0,3260,65416,43376,621412,0,68,10,0,0,14:33:5C:6D:AF:58,1,1,ARMED,70.0,0,0,80:02:9C:61:97:4B,11,4,262.3,80:02:9C:61:97:4A,6,0,NONE,2026-08-19T16:27:25.047934
45917,BEACON,-70,27,0,1346,65416,43376,621577,0,68,10,0,0,14:33:5C:6D:AF:58,1,0,ARMED,70.0,0,1,80:02:9C:61:97:4B,11,27,353.4,80:02:9C:61:97:4A,6,0,NONE,2026-08-19T16:27:25.212934
45917,,41,41,0,3005,65416,43376,621701,0,68,10,0,0,14:33:5C:6D:AF:58,0,1,ARMED,70.0,0,0,80:02:9C:61:97:4B,11,49,495.3,80:02:9C:61:97:4A,6,0,NONE,2026-08-19T16:27:25.336934
45917,,29,29,0,3116,65416,43376,621866,0,68,10,0,0,14:33:5C:6D:AF:58,1,1,ARMED,70.0,0,0,80:02:9C:61:97:4B,11,12,211.2,80:02:9C:61:97:4A,6,0,NONE,2026-08-19T16:27:25.501934
45917,,40,40,0,1023,65416,43376,622024,0,68,10,0,0,14:33:5C:6D:AF:58,0,1,ARMED,70.0,0,0,80:02:9C:61:97:4B,11,4,369.2,80:02:9C:61:97:4A,6,0,NONE,2026-08-19T16:27:25.659934
45917,,29,29,0,1034,65416,43376,622188,0,68,10,0,0,14:33:5C:6D:AF:58,0,1,ARMED,70.0,0,0,80:02:9C:61:97:4B,11,22,303.3,80:02:9C:61:97:4A,6,0,NONE,2026-08-19T16:27:25.823934
45917,,40,40,0,1356,65416,43376,622406,0,68,10,0,0,14:33:5C:6D:AF:58,0,0,ARMED,70.0,0,0,80:02:9C:61:97:4B,11,16,220.3,80:02:9C:61:97:4A,6,0,NONE,2026-08-19T16:27:26.041934
45917,,30,30,0,1037,65416,43376,622492,0,68,10,0,0,14:33:5C:6D:AF:58,0,0,ARMED,70.0,0,0,80:02:9C:61:97:4B,11,42,726.8,80:02:9C:61:97:4A,6,0,NONE,2026-08-19T16:27:26.127934
45917,BEACON,-91,6,0,808,65416,43376,622713,0,68,10,0,0,14:33:5C:6D:AF:58,1,0,ARMED,70.0,0,1,80:02:9C:61:97:4B,11,16,234.1,80:02:9C:61:97:4A,6,0,NONE,2026-08-19T16:27:26.348934
45917,,29,29,0,3126,65416,43376,622887,0,68,10,0,0,14:33:5C:6D:AF:58,0,0,ARMED,70.0,0,0,80:02:9C:61:97:4B,11,7,199.8,80:02:9C:61:97:4A,6,0,NONE,2026-08-19T16:27:26.522934
45917,,29,29,0,3018,65416,43376,623075,0,68,10,0,0,14:33:5C:6D:AF:58,0,0,ARMED,70.0,0,0,80:02:9C:61:97:4B,11,4,187.6,80:02:9C:61:97:4A,6,0,NONE,2026-08-19T16:27:26.710934
45917,,41,41,0,594,65416,43376,623144,0,68,10,0,0,14:33:5C:6D:AF:58,0,0,ARMED,70.0,0,1,80:02:9C:61:97:4B,11,54,598.1,80:02:9C:61:97:4A,6,0,NONE,2026-08-19T16:27:26.779934
45917,BEACON,-90,7,0,3279,65416,43376,623345,0,68,10,0,0,14:33:5C:6D:AF:58,0,1,ARMED,70.0,0,1,80:02:9C:61:97:4B,11,17,237.8,80:02:9C:61:97:4A,6,0,NONE,2026-08-19T16:27:26.980934
45917,,41,41,0,3023,65416,43376,623543,0,68,10,0,0,14:33:5C:6D:AF:58,0,0,ARMED,70.0,0,0,80:02:9C:61:97:4B,11,19,272.2,80:02:9C:61:97:4A,6,0,NONE,2026-08-19T16:27:27.178934
45917,,29,29,0,594,65416,43376,623690,0,68,10,0,0,14:33:5C:6D:AF:58,0,1,ARMED,70.0,0,0,80:02:9C:61:97:4B,11,2,228.1,80:02:9C:61:97:4A,6,0,NONE,2026-08-19T16:27:27.325934
45917,,29,29,0,3026,65416,43376,623896,0,68,10,0,0,14:33:5C:6D:AF:58,0,0,ARMED,70.0,0,0,80:02:9C:61:97:4B,11,3,240.8,80:02:9C:61:97:4A,6,0,NONE,2026-08-19T16:27:27.531934
45917,BEACON,-80,17,0,1053,65416,43376,624125,0,68,10,0,0,14:33:5C:6D:AF:58,0,0,ARMED,70.0,0,1,80:02:9C:61:97:4B,11,7,175.7,80:02:9C:61:97:4A,6,0,NONE,2026-08-19T16:27:27.760934
45917,,29,29,0,3031,65416,43376,624355,0,68,10,0,0,14:33:5C:6D:AF:58,0,0,ARMED,70.0,0,0,80:02:9C:61:97:4B,11,17,317.6,80:02:9C:61:97:4A,6,0,NONE,2026-08-19T16:27:27.990934
45917,,29,29,0,1379,65416,43376,624587,0,68,10,0,0,14:33:5C:6D:AF:58,0,0,ARMED,70.0,0,0,80:02:9C:61:97:4B,11,17,209.6,80:02:9C:61:97:4A,6,0,NONE,2026-08-19T16:27:28.222934
45917,,40,40,0,3035,65416,43376,624774,0,68,10,0,0,14:33:5C:6D:AF:58,0,1,ARMED,70.0,0,0,80:02:9C:61:97:4B,11,16,335.9,80:02:9C:61:97:4A,6,0,NONE,2026-08-19T16:27:28.409934
45917,,-76,21,0,706,65416,43376,624958,0,68,10,0,0,14:33:5C:6D:AF:58,0,0,ARMED,70.0,0,1,80:02:9C:61:97:4B,11,12,484.2,80:02:9C:61:97:4A,6,0,NONE,2026-08-19T16:27:28.593934
45917,BEACON,-81,16,0,1063,65416,43376,625149,0,68,10,0,0,14:33:5C:6D:AF:58,1,1,ARMED,70.0,0,1,80:02:9C:61:97:4B,11,3,267.0,80:02:9C:61:97:4A,6,0,NONE,2026-08-19T16:27:28.784934
45917,BEACON,-80,17,0,1065,65416,43376,625354,0,68,10,0,0,14:33:5C:6D:AF:58,1,0,ARMED,70.0,0,1,80:02:9C:61:97:4B,11,2,175.4,80:02:9C:61:97:4A,6,0,NONE,2026-08-19T16:27:28.989934
45917,,29,29,0,596,65416,43376,625525,0,68,10,0,0,14:33:5C:6D:AF:58,1,1,ARMED,70.0,0,0,80:02:9C:61:97:4B,11,21,261.9,80:02:9C:61:97:4A,6,0,NONE,2026-08-19T16:27:29.160934
45917,,-55,42,0,1340,65416,43376,625650,0,68,10,0,0,14:33:5C:6D:AF:58,0,1,ARMED,70.0,0,0,80:02:9C:61:97:4B,11,2,2000.0,80:02:9C:61:97:4A,6,0,NONE,2026-08-19T16:27:29.285934
45917,,40,40,0,3303,65416,43376,625844,0,68,10,0,0,14:33:5C:6D:AF:58,0,1,ARMED,70.0,0,0,80:02:9C:61:97:4B,11,20,219.2,80:02:9C:61:97:4A,6,0,NONE,2026-08-19T16:27:29.479934
45917,,40,40,0,3047,65416,43376,626034,0,68,10,0,0,14:33:5C:6D:AF:58,0,1,ARMED,70.0,0,0,80:02:9C:61:97:4B,11,19,291.7,80:02:9C:61:97:4A,6,0,NONE,2026-08-19T16:27:29.669934
45917,,40,40,0,1023,65416,43376,626234,0,68,10,0,0,14:33:5C:6D:AF:58,0,0,ARMED,70.0,0,1,80:02:9C:61:97:4B,11,16,266.2,80:02:9C:61:97:4A,6,0,NONE,2026-08-19T16:27:29.869934
45917,,41,41,0,1398,65416,43376,626413,0,68,10,0,0,14:33:5C:6D:AF:58,0,1,ARMED,70.0,0,0,80:02:9C:61:97:4B,11,11,333.4,80:02:9C:61:97:4A,6,0,NONE,2026-08-19T16:27:30.048934
45917,,41,41,0,0,63612,43376,626597,0,68,10,0,0,14:33:5C:6D:AF:58,0,1,ARMED,70.0,0,1,80:02:9C:61:97:4B,11,5,362.1,80:02:9C:61:97:4A,6,0,NONE,2026-08-19T16:27:30.232934
45917,,-61,36,292,2654,65416,43376,626734,0,68,10,0,0,14:33:5C:6D:AF:58,0,1,ARMED,70.0,0,0,80:02:9C:61:97:4B,11,27,558.0,80:02:9C:61:97:4A,6,0,NONE,2026-08-19T16:27:30.369934
45917,,40,40,0,188,65416,43376,626834,0,68,10,0,0,14:33:5C:6D:AF:58,0,1,ARMED,70.0,0,1,80:02:9C:61:97:4B,11,14,356.3,80:02:9C:61:97:4A,6,0,NONE,2026-08-19T16:27:30.469934
45917,,41,41,0,3314,65416,43376,626936,0,68,10,0,0,14:33:5C:6D:AF:58,0,1,ARMED,70.0,0,0,80:02:9C:61:97:4B,11,24,608.3,80:02:9C:61:97:4A,6,0,NONE,2026-08-19T16:27:30.571934
45917,,37,37,0,851,65416,43376,627169,0,68,10,0,0,14:33:5C:6D:AF:58,0,0,ARMED,70.0,0,0,80:02:9C:61:97:4B,11,16,241.1,80:02:9C:61:97:4A,6,0,NONE,2026-08-19T16:27:30.804934
45917,,41,41,0,1408,65416,43376,627354,0,68,10,0,0,14:33:5C:6D:AF:58,0,0,ARMED,70.0,0,0,80:02:9C:61:97:4B,11,13,265.5,80:02:9C:61:97:4A,6,0,NONE,2026-08-19T16:27:30.989934
45917,BEACON,-80,17,0,3171,65416,43376,627494,0,68,10,0,0,14:33:5C:6D:AF:58,0,1,ARMED,70.0,0,1,80:02:9C:61:97:4B,11,17,191.1,80:02:9C:61:97:4A,6,0,NONE,2026-08-19T16:27:31.129934
45917,,41,41,0,3173,65416,43376,627704,0,68,10,0,0,14:33:5C:6D:AF:58,0,0,ARMED,70.0,0,0,80:02:9C:61:97:4B,11,22,240.5,80:02:9C:61:97:4A,6,0,NONE,2026-08-19T16:27:31.339934
45917,BEACON,-80,17,0,1090,65416,43376,627915,0,68,10,0,0,14:33:5C:6D:AF:58,1,0,ARMED,70.0,0,1,80:02:9C:61:97:4B,11,20,218.9,80:02:9C:61:97:4A,6,0,NONE,2026-08-19T16:27:31.550934
45917,,29,29,0,1614,65416,43376,628127,0,68,10,0,0,14:33:5C:6D:AF:58,0,0,ARMED,70.0,0,0,80:02:9C:61:97:4B,11,23,244.6,80:02:9C:61:97:4A,6,0,NONE,2026-08-19T16:27:31.762934
45917,,30,30,0,3070,65416,43376,628352,0,68,10,0,0,14:33:5C:6D:AF:58,0,0,ARMED,70.0,0,0,80:02:9C:61:97:4B,11,4,344.4,80:02:9C:61:97:4A,6,0,NONE,2026-08-19T16:27:31.987934
45917,,41,41,0,3330,65416,43376,628574,0,68,10,0,0,14:33:5C:6D:AF:58,0,0,ARMED,70.0,0,0,80:02:9C:61:97:4B,11,5,212.0,80:02:9C:61:97:4A,6,0,NONE,2026-08-19T16:27:32.209934
45917,PROBE_RESP,-80,17,0,1972,65416,43376,628785,0,68,10,0,0,14:33:5C:6D:AF:58,1,0,ARMED,70.0,0,0,80:02:9C:61:97:4B,11,5,152.9,80:02:9C:61:97:4A,6,0,NONE,2026-08-19T16:27:32.420934
45917,,-55,42,0,1371,65416,43376,628908,0,68,10,0,0,14:33:5C:6D:AF:58,0,0,ARMED,70.0,0,0,80:02:9C:61:97:4B,11,34,670.1,80:02:9C:61:97:4A,6,0,NONE,2026-08-19T16:27:32.543934
45917,,66,66,0,1023,65416,43376,629124,0,68,10,0,0,14:33:5C:6D:AF:58,0,0,ARMED,70.0,0,0,80:02:9C:61:97:4B,11,13,210.6,80:02:9C:61:97:4A,6,0,NONE,2026-08-19T16:27:32.759934
45917,PROBE_REQ,-90,7,365,528,65416,43376,629321,0,68,10,0,0,14:33:5C:6D:AF:58,0,0,ARMED,70.0,0,1,80:02:9C:61:97:4B,11,13,222.8,80:02:9C:61:97:4A,6,0,NONE,2026-08-19T16:27:32.956934
45917,,41,41,0,1084,65416,43376,629502,0,68,10,0,0,14:33:5C:6D:AF:58,0,0,ARMED,70.0,0,0,80:02:9C:61:97:4B,11,7,228.3,80:02:9C:61:97:4A,6,0,NONE,2026-08-19T16:27:33.137934
45917,,41,41,0,3343,65416,43376,629714,0,68,10,0,0,14:33:5C:6D:AF:58,1,0,ARMED,70.0,0,0,80:02:9C:61:97:4B,11,7,189.1,80:02:9C:61:97:4A,6,0,NONE,2026-08-19T16:27:33.349934
45917,,-55,42,2685,1381,65416,43376,629869,0,68,10,0,0,14:33:5C:6D:AF:58,0,0,ARMED,70.0,0,0,80:02:9C:61:97:4B,11,35,385.2,80:02:9C:61:97:4A,6,0,NONE,2026-08-19T16:27:33.504934
45917,,41,41,0,1111,65416,43376,630065,0,68,10,0,0,14:33:5C:6D:AF:58,0,1,ARMED,70.0,0,0,80:02:9C:61:97:4B,11,20,253.6,80:02:9C:61:97:4A,6,0,NONE,2026-08-19T16:27:33.700934
45917,,41,41,0,3197,65400,43376,630156,0,68,10,0,0,14:33:5C:6D:AF:58,0,0,ARMED,70.0,0,0,80:02:9C:61:97:4B,11,43,615.3,80:02:9C:61:97:4A,6,0,NONE,2026-08-19T16:27:33.791934
45917,,26,26,0,3089,65416,43376,630305,0,68,10,0,0,14:33:5C:6D:AF:58,1,1,ARMED,70.0,0,0,80:02:9C:61:97:4B,11,4,269.6,80:02:9C:61:97:4A,6,0,NONE,2026-08-19T16:27:33.940934
45917,,40,40,0,3352,65416,43376,630513,0,68,10,0,0,14:33:5C:6D:AF:58,0,0,ARMED,70.0,0,0,80:02:9C:61:97:4B,11,5,278.3,80:02:9C:61:97:4A,6,0,NONE,2026-08-19T16:27:34.148934
45917,,40,40,0,886,65416,43376,630702,0,68,10,0,0,14:33:5C:6D:AF:58,0,1,ARMED,70.0,0,1,80:02:9C:61:97:4B,11,1,233.5,80:02:9C:61:97:4A,6,0,NONE,2026-08-19T16:27:34.337934
45917,BEACON,-95,2,0,888,65416,43376,630901,0,68,10,0,0,14:33:5C:6D:AF:58,0,1,ARMED,70.0,0,1,80:02:9C:61:97:4B,11,28,273.4,80:02:9C:61:97:4A,6,0,NONE,2026-08-19T16:27:34.536934
45917,,-56,41,0,1402,65156,43376,631008,0,68,10,0,0,14:33:5C:6D:AF:58,0,1,ARMED,70.0,0,0,80:02:9C:61:97:4B,11,4,832.8,80:02:9C:61:97:4A,6,0,NONE,2026-08-19T16:27:34.643934
45917,PROBE_REQ,-91,6,0,1983,65416,43376,631181,0,68,10,0,0,14:33:5C:6D:AF:58,0,1,ARMED,70.0,0,1,80:02:9C:61:97:4B,11,15,200.1,80:02:9C:61:97:4A,6,0,NONE,2026-08-19T16:27:34.816934
45917,,32,32,0,1673,65416,43376,631353,0,68,10,0,0,14:33:5C:6D:AF:58,0,0,ARMED,70.0,0,0,80:02:9C:61:97:4B,11,16,372.4,80:02:9C:61:97:4A,6,0,NONE,2026-08-19T16:27:34.988934
45917,,41,41,0,3101,65416,43376,631533,0,68,10,0,0,14:33:5C:6D:AF:58,0,0,ARMED,70.0,0,0,80:02:9C:61:97:4B,11,7,383.8,80:02:9C:61:97:4A,6,0,NONE,2026-08-19T16:27:35.168934
45917,,-73,24,7977,2491,65368,43376,631728,0,68,10,0,0,14:33:5C:6D:AF:58,0,0,ARMED,70.0,0,1,80:02:9C:61:97:4B,11,4,389.6,80:02:9C:61:97:4A,6,0,NONE,2026-08-19T16:27:35.363934
45917,,40,40,0,3105,65416,43376,631952,0,68,10,0,0,14:33:5C:6D:AF:58,0,0,ARMED,70.0,0,0,80:02:9C:61:97:4B,11,4,138.4,80:02:9C:61:97:4A,6,0,NONE,2026-08-19T16:27:35.587934
45917,,26,26,0,3108,65416,43376,632238,0,68,10,0,0,14:33:5C:6D:AF:58,0,0,ARMED,70.0,0,0,80:02:9C:61:97:4B,11,18,180.8,80:02:9C:61:97:4A,6,0,NONE,2026-08-19T16:27:35.873934
45917,,-93,4,0,1674,65416,43376,632576,0,68,10,0,0,14:33:5C:6D:AF:58,0,0,ARMED,70.0,0,1,80:02:9C:61:97:4B,11,2,83.9,80:02:9C:61:97:4A,6,0,NONE,2026-08-19T16:27:36.211934
45917,MGMT_OTHER,-82,15,48,3070,65416,43376,632659,0,68,10,0,0,14:33:5C:6D:AF:58,0,1,ARMED,70.0,0,1,80:02:9C:61:97:4B,11,6,1092.3,80:02:9C:61:97:4A,6,0,NONE,2026-08-19T16:27:36.294934
45917,,-91,6,596,3733,65416,43376,632690,0,68,10,0,0,14:33:5C:6D:AF:58,0,1,ARMED,70.0,0,1,80:02:9C:61:97:4B,11,56,1523.4,80:02:9C:61:97:4A,6,0,NONE,2026-08-19T16:27:36.325934
45917,MGMT_OTHER,-81,16,4190,1330,65416,43376,632784,0,68,10,0,0,14:33:5C:6D:AF:58,1,1,ARMED,70.0,0,1,80:02:9C:61:97:4B,11,13,533.8,80:02:9C:61:97:4A,6,0,NONE,2026-08-19T16:27:36.419934
45917,,21,21,0,1139,65416,43376,632936,0,68,10,0,0,14:33:5C:6D:AF:58,1,1,ARMED,70.0,0,0,80:02:9C:61:97:4B,11,15,198.5,80:02:9C:61:97:4A,6,0,NONE,2026-08-19T16:27:36.571934
45917,,26,26,0,1680,65416,43376,633096,0,68,10,0,0,14:33:5C:6D:AF:58,0,1,ARMED,70.0,0,0,80:02:9C:61:97:4B,11,5,214.8,80:02:9C:61:97:4A,6,0,NONE,2026-08-19T16:27:36.731934
45917,,26,26,0,3118,65416,43376,633270,0,68,10,0,0,14:33:5C:6D:AF:58,0,1,ARMED,70.0,0,1,80:02:9C:61:97:4B,11,27,284.2,80:02:9C:61:97:4A,6,0,NONE,2026-08-19T16:27:36.905934
45917,,40,40,0,3120,65416,43376,633466,0,68,10,0,0,14:33:5C:6D:AF:58,0,0,ARMED,70.0,0,0,80:02:9C:61:97:4B,11,22,274.5,80:02:9C:61:97:4A,6,0,NONE,2026-08-19T16:27:37.101934
45917,,-61,36,0,2783,65416,43376,633591,0,68,10,0,0,14:33:5C:6D:AF:58,0,1,ARMED,70.0,0,0,80:02:9C:61:97:4B,11,7,3126.4,80:02:9C:61:97:4A,6,0,NONE,2026-08-19T16:27:37.226934
45917,,40,40,0,3122,65416,43376,633684,0,68,10,0,0,14:33:5C:6D:AF:58,0,1,ARMED,70.0,0,0,80:02:9C:61:97:4B,11,57,602.4,80:02:9C:61:97:4A,6,0,NONE,2026-08-19T16:27:37.319934
45917,,40,40,0,3124,65416,43376,633883,0,68,10,0,0,14:33:5C:6D:AF:58,0,0,ARMED,70.0,0,1,80:02:9C:61:97:4B,11,23,279.6,80:02:9C:61:97:4A,6,0,NONE,2026-08-19T16:27:37.518934
45917,,40,40,0,3126,65416,43376,634084,0,68,10,0,0,14:33:5C:6D:AF:58,0,1,ARMED,70.0,0,0,80:02:9C:61:97:4B,11,18,257.6,80:02:9C:61:97:4A,6,0,NONE,2026-08-19T16:27:37.719934
45917,BEACON,-94,3,0,3128,65416,43376,634284,0,68,10,0,0,14:33:5C:6D:AF:58,0,0,ARMED,70.0,0,1,80:02:9C:61:97:4B,11,16,263.4,80:02:9C:61:97:4A,6,0,NONE,2026-08-19T16:27:37.919934
45917,,40,40,0,3130,65416,43376,634501,0,68,10,0,0,14:33:5C:6D:AF:58,0,0,ARMED,70.0,0,0,80:02:9C:61:97:4B,11,16,236.4,80:02:9C:61:97:4A,6,0,NONE,2026-08-19T16:27:38.136934
45917,,27,27,0,1023,65416,43376,634726,0,68,10,0,0,14:33:5C:6D:AF:58,1,0,ARMED,70.0,0,1,80:02:9C:61:97:4B,11,19,208.8,80:02:9C:61:97:4A,6,0,NONE,2026-08-19T16:27:38.361934
45917,,26,26,0,1682,65416,43376,634930,0,68,10,0,0,14:33:5C:6D:AF:58,0,0,ARMED,70.0,0,0,80:02:9C:61:97:4B,11,27,310.0,80:02:9C:61:97:4A,6,0,NONE,2026-08-19T16:27:38.565934
45917,,40,40,0,3397,65416,43376,635153,0,68,10,0,0,14:33:5C:6D:AF:58,0,0,ARMED,70.0,0,0,80:02:9C:61:97:4B,11,19,187.0,80:02:9C:61:97:4A,6,0,NONE,2026-08-19T16:27:38.788934
45917,,40,40,0,3586,65416,43376,635352,0,68,10,0,0,14:33:5C:6D:AF:58,0,0,ARMED,70.0,0,0,80:02:9C:61:97:4B,11,26,316.2,80:02:9C:61:97:4A,6,0,NONE,2026-08-19T16:27:38.987934
45917,,40,40,0,1688,65416,43376,635584,0,68,10,0,0,14:33:5C:6D:AF:58,0,0,ARMED,70.0,0,0,80:02:9C:61:97:4B,11,2,1872.7,80:02:9C:61:97:4A,6,0,NONE,2026-08-19T16:27:39.219934
45917,,-60,37,0,2804,65416,43376,635759,0,68,10,0,0,14:33:5C:6D:AF:58,0,1,ARMED,70.0,0,0,80:02:9C:61:97:4B,11,20,274.1,80:02:9C:61:97:4A,6,0,NONE,2026-08-19T16:27:39.394934
45917,,40,40,0,3144,65416,43376,635933,0,68,10,0,0,14:33:5C:6D:AF:58,0,0,ARMED,70.0,0,0,80:02:9C:61:97:4B,11,12,279.7,80:02:9C:61:97:4A,6,0,NONE,2026-08-19T16:27:39.568934
45917,,22,22,0,3407,65416,43376,636170,0,68,10,0,0,14:33:5C:6D:AF:58,0,0,ARMED,70.0,0,0,80:02:9C:61:97:4B,11,19,252.6,80:02:9C:61:97:4A,6,0,NONE,2026-08-19T16:27:39.805934
45917,,-92,5,0,376,65416,43376,636418,0,68,10,0,0,14:33:5C:6D:AF:58,0,0,ARMED,70.0,0,1,80:02:9C:61:97:4B,11,6,383.0,80:02:9C:61:97:4A,6,0,NONE,2026-08-19T16:27:40.053934
45917,,40,40,0,944,65416,43376,636636,0,68,10,0,0,14:33:5C:6D:AF:58,0,0,ARMED,70.0,0,0,80:02:9C:61:97:4B,11,11,381.3,80:02:9C:61:97:4A,6,0,NONE,2026-08-19T16:27:40.271934
45917,PROBE_RESP,-80,17,82,1981,65416,43376,636816,0,68,10,0,0,14:33:5C:6D:AF:58,0,1,ARMED,70.0,0,1,80:02:9C:61:97:4B,11,2,745.4,80:02:9C:61:97:4A,6,0,NONE,2026-08-19T16:27:40.451934
45917,BEACON,-98,-1,0,3154,65416,43376,636947,0,68,10,0,0,14:33:5C:6D:AF:58,0,1,ARMED,70.0,0,1,80:02:9C:61:97:4B,11,6,182.7,80:02:9C:61:97:4A,6,0,NONE,2026-08-19T16:27:40.582934
45917,,25,25,0,3416,65416,43376,637075,0,68,10,0,0,14:33:5C:6D:AF:58,0,1,ARMED,70.0,0,0,80:02:9C:61:97:4B,11,28,477.1,80:02:9C:61:97:4A,6,0,NONE,2026-08-19T16:27:40.710934
45917,BEACON,-92,5,0,950,65416,43376,637250,0,68,10,0,0,14:33:5C:6D:AF:58,0,1,ARMED,70.0,0,1,80:02:9C:61:97:4B,11,5,175.2,80:02:9C:61:97:4A,6,0,NONE,2026-08-19T16:27:40.885934
45917,PROBE_RESP,-79,18,0,1222,65416,43376,637402,0,68,10,0,0,14:33:5C:6D:AF:58,0,0,ARMED,70.0,0,0,80:02:9C:61:97:4B,11,32,406.5,80:02:9C:61:97:4A,6,0,NONE,2026-08-19T16:27:41.037934
45917,AUTH,40,40,0,1332,63612,43376,637553,0,68,10,0,0,14:33:5C:6D:AF:58,0,1,ARMED,70.0,0,1,80:02:9C:61:97:4B,11,7,279.5,80:02:9C:61:97:4A,6,0,NONE,2026-08-19T16:27:41.188934
45917,,-94,3,9564,2389,65416,43376,637767,0,68,10,0,0,14:33:5C:6D:AF:58,0,0,ARMED,70.0,0,1,80:02:9C:61:97:4B,11,12,357.1,80:02:9C:61:97:4A,6,0,NONE,2026-08-19T16:27:41.402934
45917,,40,40,0,3164,65416,43376,637983,0,68,10,0,0,14:33:5C:6D:AF:58,1,0,ARMED,70.0,0,0,80:02:9C:61:97:4B,11,13,285.9,80:02:9C:61:97:4A,6,0,NONE,2026-08-19T16:27:41.618934
45917,,40,40,0,3427,65416,43376,638204,0,68,10,0,0,14:33:5C:6D:AF:58,0,0,ARMED,70.0,0,0,80:02:9C:61:97:4B,11,14,230.1,80:02:9C:61:97:4A,6,0,NONE,2026-08-19T16:27:41.839934
45917,,-60,37,292,2854,65416,43376,638395,0,68,10,0,0,14:33:5C:6D:AF:58,1,0,ARMED,70.0,0,0,80:02:9C:61:97:4B,11,17,359.8,80:02:9C:61:97:4A,6,0,NONE,2026-08-19T16:27:42.030934
45917,PROBE_REQ,-91,6,0,21,65416,43376,638558,0,68,10,0,0,14:33:5C:6D:AF:58,1,0,ARMED,70.0,0,0,80:02:9C:61:97:4B,11,6,1051.9,80:02:9C:61:97:4A,6,0,NONE,2026-08-19T16:27:42.193934
45917,,66,66,0,1196,65416,43376,638774,0,68,10,0,0,14:33:5C:6D:AF:58,0,0,ARMED,70.0,0,0,80:02:9C:61:97:4B,11,3,159.7,80:02:9C:61:97:4A,6,0,NONE,2026-08-19T16:27:42.409934
45917,,41,41,0,3174,65416,43376,639002,0,68,10,0,0,14:33:5C:6D:AF:58,0,0,ARMED,70.0,0,0,80:02:9C:61:97:4B,11,9,224.7,80:02:9C:61:97:4A,6,0,NONE,2026-08-19T16:27:42.637934
45917,BEACON,-93,4,0,969,65416,43376,639195,0,68,10,0,0,14:33:5C:6D:AF:58,1,0,ARMED,70.0,0,1,80:02:9C:61:97:4B,11,8,280.2,80:02:9C:61:97:4A,6,0,NONE,2026-08-19T16:27:42.830934
45917,,32,32,0,1023,65416,43376,639373,0,68,10,0,0,14:33:5C:6D:AF:58,0,1,ARMED,70.0,0,0,80:02:9C:61:97:4B,11,3,3000.0,80:02:9C:61:97:4A,6,0,NONE,2026-08-19T16:27:43.008934
45917,BEACON,-80,17,0,1203,65416,43376,639485,0,68,10,0,0,14:33:5C:6D:AF:58,0,1,ARMED,70.0,0,1,80:02:9C:61:97:4B,11,2,178.2,80:02:9C:61:97:4A,6,0,NONE,2026-08-19T16:27:43.120934
45917,,-56,41,7756,1476,65400,43376,639609,0,68,10,0,0,14:33:5C:6D:AF:58,0,1,ARMED,70.0,0,1,80:02:9C:61:97:4B,11,22,663.1,80:02:9C:61:97:4A,6,0,NONE,2026-08-19T16:27:43.244934
45917,BEACON,-80,17,0,3442,65416,43376,639729,0,68,10,0,0,14:33:5C:6D:AF:58,1,1,ARMED,70.0,0,1,80:02:9C:61:97:4B,11,14,282.2,80:02:9C:61:97:4A,6,0,NONE,2026-08-19T16:27:43.364934
45917,PROBE_REQ,-91,6,547,9,65416,43376,639862,0,68,10,0,0,14:33:5C:6D:AF:58,1,0,ARMED,70.0,0,1,80:02:9C:61:97:4B,11,39,489.8,80:02:9C:61:97:4A,6,0,NONE,2026-08-19T16:27:43.497934
45917,BEACON,-79,18,74,1207,65416,43376,639895,0,68,10,0,0,14:33:5C:6D:AF:58,0,1,ARMED,70.0,0,1,80:02:9C:61:97:4B,11,31,2754.6,80:02:9C:61:97:4A,6,0,NONE,2026-08-19T16:27:43.530934
45917,PROBE_REQ,-89,8,131,14,65344,43376,639937,0,68,10,0,0,14:33:5C:6D:AF:58,0,1,ARMED,70.0,0,0,80:02:9C:61:97:4B,11,81,1521.6,80:02:9C:61:97:4A,6,0,NONE,2026-08-19T16:27:43.572934
45917,MGMT_OTHER,-84,13,185,1333,65416,43376,639968,0,68,10,0,0,14:33:5C:6D:AF:58,0,1,ARMED,70.0,0,1,80:02:9C:61:97:4B,11,131,1545.8,80:02:9C:61:97:4A,6,0,NONE,2026-08-19T16:27:43.603934
45917,PROBE_REQ,-91,6,147,1845,65344,43376,639989,0,68,10,0,0,14:33:5C:6D:AF:58,0,1,ARMED,70.0,0,1,80:02:9C:61:97:4B,11,8,1617.1,80:02:9C:61:97:4A,6,0,NONE,2026-08-19T16:27:43.624934
45917,PROBE_REQ,-89,8,218,2582,65416,43376,640017,0,68,10,0,0,14:33:5C:6D:AF:58,0,1,ARMED,70.0,0,1,80:02:9C:61:97:4B,11,58,1765.1,80:02:9C:61:97:4A,6,0,NONE,2026-08-19T16:27:43.652934
45917,,-89,8,1121,791,64772,43376,640057,0,68,10,0,0,14:33:5C:6D:AF:58,0,1,ARMED,70.0,0,1,80:02:9C:61:97:4B,11,108,1480.0,80:02:9C:61:97:4A,6,0,NONE,2026-08-19T16:27:43.692934
45917,MGMT_OTHER,-84,13,2889,2515,65416,43376,640090,0,68,10,0,0,14:33:5C:6D:AF:58,1,1,ARMED,70.0,0,1,80:02:9C:61:97:4B,11,3,624.6,80:02:9C:61:97:4A,6,0,NONE,2026-08-19T16:27:43.725934
45917,BEACON,-89,8,1121,2335,65252,43376,640135,0,68,10,0,0,14:33:5C:6D:AF:58,1,1,ARMED,70.0,0,1,80:02:9C:61:97:4B,11,53,1060.2,80:02:9C:61:97:4A,6,0,NONE,2026-08-19T16:27:43.770934
45917,PROBE_REQ,-89,8,125,4,65416,43376,640172,0,68,10,0,0,14:33:5C:6D:AF:58,1,1,ARMED,70.0,0,0,80:02:9C:61:97:4B,11,103,1181.5,80:02:9C:61:97:4A,6,0,NONE,2026-08-19T16:27:43.807934
45917,PROBE_REQ,-86,11,2297,0,65400,43376,640218,0,68,10,0,0,14:33:5C:6D:AF:58,1,1,ARMED,70.0,0,1,80:02:9C:61:97:4B,11,33,1025.0,80:02:9C:61:97:4A,6,0,NONE,2026-08-19T16:27:43.853934
45917,,-91,6,1913,3990,65416,43376,640267,0,68,10,0,0,14:33:5C:6D:AF:58,1,1,ARMED,70.0,0,1,80:02:9C:61:97:4B,11,83,1026.6,80:02:9C:61:97:4A,6,0,NONE,2026-08-19T16:27:43.902934
45917,MGMT_OTHER,-84,13,48,1034,65416,43376,640312,0,68,10,0,0,14:33:5C:6D:AF:58,1,1,ARMED,70.0,0,1,80:02:9C:61:97:4B,11,22,978.3,80:02:9C:61:97:4A,6,0,NONE,2026-08-19T16:27:43.947934
45917,,40,40,0,2034,65416,43376,640374,0,68,10,0,0,14:33:5C:6D:AF:58,1,1,ARMED,70.0,0,0,80:02:9C:61:97:4B,11,72,860.4,80:02:9C:61:97:4A,6,0,NONE,2026-08-19T16:27:44.009934
45917,,-60,37,292,2895,65416,43376,640464,0,68,10,0,0,14:33:5C:6D:AF:58,1,1,ARMED,70.0,0,0,80:02:9C:61:97:4B,11,46,671.7,80:02:9C:61:97:4A,6,0,NONE,2026-08-19T16:27:44.099934
45917,BEACON,-86,11,0,3451,65416,43376,640548,0,68,10,0,0,14:33:5C:6D:AF:58,1,1,ARMED,70.0,0,1,80:02:9C:61:97:4B,11,14,280.4,80:02:9C:61:97:4A,6,0,NONE,2026-08-19T16:27:44.183934
45917,,-31,66,0,1505,65416,43376,640734,0,68,10,0,0,14:33:5C:6D:AF:58,0,1,ARMED,70.0,0,0,80:02:9C:61:97:4B,11,12,388.0,80:02:9C:61:97:4A,6,0,NONE,2026-08-19T16:27:44.369934
45917,BEACON,-94,3,0,3193,65416,43376,640940,0,68,10,0,0,14:33:5C:6D:AF:58,0,0,ARMED,70.0,0,1,80:02:9C:61:97:4B,11,9,274.9,80:02:9C:61:97:4A,6,0,NONE,2026-08-19T16:27:44.575934
45917,BEACON,-87,10,0,3457,65416,43376,641162,0,68,10,0,0,14:33:5C:6D:AF:58,0,0,ARMED,70.0,0,1,80:02:9C:61:97:4B,11,12,240.4,80:02:9C:61:97:4A,6,0,NONE,2026-08-19T16:27:44.797934
45917,,22,22,0,3197,65416,43376,641408,0,68,10,0,0,14:33:5C:6D:AF:58,0,0,ARMED,70.0,0,0,80:02:9C:61:97:4B,11,17,186.2,80:02:9C:61:97:4A,6,0,NONE,2026-08-19T16:27:45.043934
45917,,26,26,0,1706,65416,43376,641581,0,68,10,0,0,14:33:5C:6D:AF:58,0,0,ARMED,70.0,0,0,80:02:9C:61:97:4B,11,21,356.8,80:02:9C:61:97:4A,6,0,NONE,2026-08-19T16:27:45.216934
45917,PROBE_REQ,-89,8,460,56,65416,43376,641689,0,68,10,0,0,14:33:5C:6D:AF:58,1,1,ARMED,70.0,0,1,80:02:9C:61:97:4B,11,39,605.9,80:02:9C:61:97:4A,6,0,NONE,2026-08-19T16:27:45.324934
45917,BEACON,-65,32,1913,1561,65416,43376,641754,0,68,10,0,0,14:33:5C:6D:AF:58,1,1,ARMED,70.0,0,1,80:02:9C:61:97:4B,11,16,590.8,80:02:9C:61:97:4A,6,0,NONE,2026-08-19T16:27:45.389934
45917,BEACON,-79,18,0,3464,65416,43376,641879,0,68,10,0,0,14:33:5C:6D:AF:58,1,1,ARMED,70.0,0,1,80:02:9C:61:97:4B,11,14,280.6,80:02:9C:61:97:4A,6,0,NONE,2026-08-19T16:27:45.514934
45917,,25,25,0,1711,65416,43376,642078,0,68,10,0,0,14:33:5C:6D:AF:58,0,0,ARMED,70.0,0,1,80:02:9C:61:97:4B,11,15,340.6,80:02:9C:61:97:4A,6,0,NONE,2026-08-19T16:27:45.713934
45917,,26,26,0,2508,65416,43376,642256,0,68,10,0,0,14:33:5C:6D:AF:58,0,1,ARMED,70.0,0,0,80:02:9C:61:97:4B,11,5,290.4,80:02:9C:61:97:4A,6,0,NONE,2026-08-19T16:27:45.891934
45917,,26,26,0,3469,65416,43376,642436,0,68,10,0,0,14:33:5C:6D:AF:58,0,1,ARMED,70.0,0,0,80:02:9C:61:97:4B,11,27,284.9,80:02:9C:61:97:4A,6,0,NONE,2026-08-19T16:27:46.071934
45917,BEACON,-94,3,0,1002,65416,43376,642574,0,68,10,0,0,14:33:5C:6D:AF:58,0,1,ARMED,70.0,0,1,80:02:9C:61:97:4B,11,5,287.8,80:02:9C:61:97:4A,6,0,NONE,2026-08-19T16:27:46.209934
45917,PROBE_REQ,-87,10,730,15,65416,43376,642683,0,68,10,0,0,14:33:5C:6D:AF:58,1,1,ARMED,70.0,0,1,80:02:9C:61:97:4B,11,14,562.2,80:02:9C:61:97:4A,6,0,NONE,2026-08-19T16:27:46.318934
45917,MGMT_OTHER,-79,18,3928,2138,65416,43376,642741,0,68,10,0,0,14:33:5C:6D:AF:58,1,1,ARMED,70.0,0,1,80:02:9C:61:97:4B,11,64,773.9,80:02:9C:61:97:4A,6,0,NONE,2026-08-19T16:27:46.376934
45917,,30,30,0,3956,65416,43376,642823,0,68,10,0,0,14:33:5C:6D:AF:58,1,1,ARMED,70.0,0,0,80:02:9C:61:97:4B,11,36,556.8,80:02:9C:61:97:4A,6,0,NONE,2026-08-19T16:27:46.458934
45917,PROBE_REQ,-91,6,0,1,65416,43376,642933,0,68,10,0,0,14:33:5C:6D:AF:58,1,1,ARMED,70.0,0,1,80:02:9C:61:97:4B,11,34,496.6,80:02:9C:61:97:4A,6,0,NONE,2026-08-19T16:27:46.568934
45917,,-89,8,551,0,65416,43376,642975,0,68,10,0,0,14:33:5C:6D:AF:58,1,1,ARMED,70.0,0,0,80:02:9C:61:97:4B,11,14,1281.5,80:02:9C:61:97:4A,6,0,NONE,2026-08-19T16:27:46.610934
45917,MGMT_OTHER,-80,17,1788,3301,65416,43376,643026,0,68,10,0,0,14:33:5C:6D:AF:58,1,1,ARMED,70.0,0,1,80:02:9C:61:97:4B,11,64,1041.9,80:02:9C:61:97:4A,6,0,NONE,2026-08-19T16:27:46.661934
45917,MGMT_OTHER,-80,17,48,1525,65416,43376,643080,0,68,10,0,0,14:33:5C:6D:AF:58,1,1,ARMED,70.0,0,1,80:02:9C:61:97:4B,11,10,687.3,80:02:9C:61:97:4A,6,0,NONE,2026-08-19T16:27:46.715934
45917,,40,40,0,3479,65416,43376,643252,0,68,10,0,0,14:33:5C:6D:AF:58,1,1,ARMED,70.0,0,0,80:02:9C:61:97:4B,11,20,247.1,80:02:9C:61:97:4A,6,0,NONE,2026-08-19T16:27:46.887934
45917,MGMT_OTHER,-93,4,778,1434,65368,43376,643447,0,68,10,0,0,14:33:5C:6D:AF:58,0,0,ARMED,70.0,0,1,80:02:9C:61:97:4B,11,22,312.3,80:02:9C:61:97:4A,6,0,NONE,2026-08-19T16:27:47.082934
45917,,26,26,0,3328,65416,43376,643570,0,68,10,0,0,14:33:5C:6D:AF:58,1,1,ARMED,70.0,0,0,80:02:9C:61:97:4B,11,32,348.5,80:02:9C:61:97:4A,6,0,NONE,2026-08-19T16:27:47.205934
45917,,40,40,0,0,65368,43376,643705,0,68,10,0,0,14:33:5C:6D:AF:58,0,1,ARMED,70.0,0,0,80:02:9C:61:97:4B,11,8,366.8,80:02:9C:61:97:4A,6,0,NONE,2026-08-19T16:27:47.340934
45917,,-61,36,0,2928,65416,43376,643902,0,68,10,0,0,14:33:5C:6D:AF:58,1,1,ARMED,70.0,0,0,80:02:9C:61:97:4B,11,6,440.2,80:02:9C:61:97:4A,6,0,NONE,2026-08-19T16:27:47.537934
45917,,-61,36,292,2953,65416,43376,643948,0,68,10,0,0,14:33:5C:6D:AF:58,1,1,ARMED,70.0,0,0,80:02:9C:61:97:4B,11,56,931.4,80:02:9C:61:97:4A,6,0,NONE,2026-08-19T16:27:47.583934
45917,,66,66,0,1023,65416,43376,644035,0,68,10,0,0,14:33:5C:6D:AF:58,1,1,ARMED,70.0,0,0,80:02:9C:61:97:4B,11,27,605.7,80:02:9C:61:97:4A,6,0,NONE,2026-08-19T16:27:47.670934
45917,BEACON,-83,14,0,3491,65416,43376,644234,0,68,10,0,0,14:33:5C:6D:AF:58,0,0,ARMED,70.0,0,1,80:02:9C:61:97:4B,11,10,257.8,80:02:9C:61:97:4A,6,0,NONE,2026-08-19T16:27:47.869934
45917,,-64,33,112,1109,65416,43376,644459,0,68,10,0,0,14:33:5C:6D:AF:58,0,0,ARMED,70.0,0,1,80:02:9C:61:97:4B,11,17,287.9,80:02:9C:61:97:4A,6,0,NONE,2026-08-19T16:27:48.094934
45917,,40,40,0,3495,65416,43376,644645,0,68,10,0,0,14:33:5C:6D:AF:58,0,0,ARMED,70.0,0,0,80:02:9C:61:97:4B,11,15,378.3,80:02:9C:61:97:4A,6,0,NONE,2026-08-19T16:27:48.280934
45917,,26,26,0,3341,65416,43376,644905,0,68,10,0,0,14:33:5C:6D:AF:58,0,0,ARMED,70.0,0,0,80:02:9C:61:97:4B,11,19,200.3,80:02:9C:61:97:4A,6,0,NONE,2026-08-19T16:27:48.540934
45917,,40,40,0,1996,65416,43376,645102,0,68,10,0,0,14:33:5C:6D:AF:58,0,1,ARMED,70.0,0,0,80:02:9C:61:97:4B,11,20,228.1,80:02:9C:61:97:4A,6,0,NONE,2026-08-19T16:27:48.737934
45917,BEACON,-65,32,0,1600,65416,43376,645334,0,68,10,0,0,14:33:5C:6D:AF:58,0,0,ARMED,70.0,0,1,80:02:9C:61:97:4B,11,3,255.1,80:02:9C:61:97:4A,6,0,NONE,2026-08-19T16:27:48.969934
45917,,40,40,0,3504,65416,43376,645498,0,68,10,0,0,14:33:5C:6D:AF:58,0,0,ARMED,70.0,0,0,80:02:9C:61:97:4B,11,35,477.0,80:02:9C:61:97:4A,6,0,NONE,2026-08-19T16:27:49.133934
45917,,-56,41,1123,1543,65416,43376,645579,0,68,10,0,0,14:33:5C:6D:AF:58,1,1,ARMED,70.0,0,1,80:02:9C:61:97:4B,11,36,680.9,80:02:9C:61:97:4A,6,0,NONE,2026-08-19T16:27:49.214934
45917,BEACON,-64,33,0,1604,65416,43376,645743,0,68,10,0,0,14:33:5C:6D:AF:58,0,0,ARMED,70.0,0,1,80:02:9C:61:97:4B,11,5,424.5,80:02:9C:61:97:4A,6,0,NONE,2026-08-19T16:27:49.378934
45917,BEACON,-95,2,0,3242,65416,43376,645958,0,68,10,0,0,14:33:5C:6D:AF:58,1,1,ARMED,70.0,0,1,80:02:9C:61:97:4B,11,2,202.1,80:02:9C:61:97:4A,6,0,NONE,2026-08-19T16:27:49.593934
45917,,40,40,0,3510,65416,43376,646123,0,68,10,0,0,14:33:5C:6D:AF:58,1,1,ARMED,70.0,0,0,80:02:9C:61:97:4B,11,22,299.2,80:02:9C:61:97:4A,6,0,NONE,2026-08-19T16:27:49.758934
45917,BEACON,-80,17,0,3355,65416,43376,646335,0,68,10,0,0,14:33:5C:6D:AF:58,1,0,ARMED,70.0,0,1,80:02:9C:61:97:4B,11,19,233.3,80:02:9C:61:97:4A,6,0,NONE,2026-08-19T16:27:49.970934
45917,,26,26,0,3247,65416,43376,646473,0,68,10,0,0,14:33:5C:6D:AF:58,1,1,ARMED,70.0,0,0,80:02:9C:61:97:4B,11,5,394.4,80:02:9C:61:97:4A,6,0,NONE,2026-08-19T16:27:50.108934
45917,,40,40,0,1615,65416,43376,646665,0,68,10,0,0,14:33:5C:6D:AF:58,0,0,ARMED,70.0,0,0,80:02:9C:61:97:4B,11,1,1000.0,80:02:9C:61:97:4A,6,0,NONE,2026-08-19T16:27:50.300934
45917,,40,40,0,3519,65416,43376,646802,0,68,10,0,0,14:33:5C:6D:AF:58,0,1,ARMED,70.0,0,0,80:02:9C:61:97:4B,11,10,267.3,80:02:9C:61:97:4A,6,0,NONE,2026-08-19T16:27:50.437934
45917,,40,40,0,3252,65416,43376,647003,0,68,10,0,0,14:33:5C:6D:AF:58,1,0,ARMED,70.0,0,0,80:02:9C:61:97:4B,11,8,254.2,80:02:9C:61:97:4A,6,0,NONE,2026-08-19T16:27:50.638934
45917,BEACON,-83,14,0,3523,65416,43376,647211,0,68,10,0,0,14:33:5C:6D:AF:58,0,0,ARMED,70.0,0,1,80:02:9C:61:97:4B,11,7,205.3,80:02:9C:61:97:4A,6,0,NONE,2026-08-19T16:27:50.846934
45917,,26,26,0,1733,65416,43376,647404,0,68,10,0,0,14:33:5C:6D:AF:58,1,0,ARMED,70.0,0,0,80:02:9C:61:97:4B,11,16,702.8,80:02:9C:61:97:4A,6,0,NONE,2026-08-19T16:27:51.039934
45917,PROBE_REQ,-90,7,263,6,65416,43376,647499,0,68,10,0,0,14:33:5C:6D:AF:58,0,1,ARMED,70.0,0,0,80:02:9C:61:97:4B,11,12,702.7,80:02:9C:61:97:4A,6,0,NONE,2026-08-19T16:27:51.134934
45917,,40,40,0,1282,65416,43376,647585,0,68,10,0,0,14:33:5C:6D:AF:58,1,1,ARMED,70.0,0,1,80:02:9C:61:97:4B,11,2,901.3,80:02:9C:61:97:4A,6,0,NONE,2026-08-19T16:27:51.220934
45917,,26,26,0,3259,65416,43376,647699,0,68,10,0,0,14:33:5C:6D:AF:58,1,1,ARMED,70.0,0,0,80:02:9C:61:97:4B,11,4,253.6,80:02:9C:61:97:4A,6,0,NONE,2026-08-19T16:27:51.334934
45917,,26,26,0,1285,65416,43376,647887,0,68,10,0,0,14:33:5C:6D:AF:58,1,0,ARMED,70.0,0,0,80:02:9C:61:97:4B,11,25,246.2,80:02:9C:61:97:4A,6,0,NONE,2026-08-19T16:27:51.522934
45917,,26,26,0,1630,65416,43376,648100,0,68,10,0,0,14:33:5C:6D:AF:58,0,0,ARMED,70.0,0,0,80:02:9C:61:97:4B,11,2,1277.1,80:02:9C:61:97:4A,6,0,NONE,2026-08-19T16:27:51.735934
45917,BEACON,-93,4,0,3265,65416,43376,648313,0,68,10,0,0,14:33:5C:6D:AF:58,1,0,ARMED,70.0,0,1,80:02:9C:61:97:4B,11,3,213.8,80:02:9C:61:97:4A,6,0,NONE,2026-08-19T16:27:51.948934
45917,BEACON,-79,18,0,1291,65416,43376,648496,0,68,10,0,0,14:33:5C:6D:AF:58,1,1,ARMED,70.0,0,1,80:02:9C:61:97:4B,11,25,268.7,80:02:9C:61:97:4A,6,0,NONE,2026-08-19T16:27:52.131934
45917,,40,40,0,1023,65416,43376,648683,0,68,10,0,0,14:33:5C:6D:AF:58,0,1,ARMED,70.0,0,0,80:02:9C:61:97:4B,11,11,156.9,80:02:9C:61:97:4A,6,0,NONE,2026-08-19T16:27:52.318934
45917,,40,40,0,1089,65416,43376,648883,0,68,10,0,0,14:33:5C:6D:AF:58,0,0,ARMED,70.0,0,0,80:02:9C:61:97:4B,11,15,219.7,80:02:9C:61:97:4A,6,0,NONE,2026-08-19T16:27:52.518934
45917,,26,26,0,1090,65416,43376,649085,0,68,10,0,0,14:33:5C:6D:AF:58,0,0,ARMED,70.0,0,0,80:02:9C:61:97:4B,11,16,246.9,80:02:9C:61:97:4A,6,0,NONE,2026-08-19T16:27:52.720934
45917,,26,26,0,1314,65416,43376,649259,0,68,10,0,0,14:33:5C:6D:AF:58,0,0,ARMED,70.0,0,0,80:02:9C:61:97:4B,11,13,384.0,80:02:9C:61:97:4A,6,0,NONE,2026-08-19T16:27:52.894934
45917,,40,40,0,3276,65416,43376,649471,0,68,10,0,0,14:33:5C:6D:AF:58,0,0,ARMED,70.0,0,0,80:02:9C:61:97:4B,11,14,338.3,80:02:9C:61:97:4A,6,0,NONE,2026-08-19T16:27:53.106934
45917,BEACON,-79,18,0,1302,65416,43376,649623,0,68,10,0,0,14:33:5C:6D:AF:58,0,1,ARMED,70.0,0,1,80:02:9C:61:97:4B,11,34,374.6,80:02:9C:61:97:4A,6,0,NONE,2026-08-19T16:27:53.258934
45917,,-60,37,0,3030,65416,43376,649828,0,68,10,0,0,14:33:5C:6D:AF:58,0,1,ARMED,70.0,0,0,80:02:9C:61:97:4B,11,18,209.0,80:02:9C:61:97:4A,6,0,NONE,2026-08-19T16:27:53.463934
45917,,31,31,0,3281,65416,43376,649964,0,68,10,0,0,14:33:5C:6D:AF:58,0,0,ARMED,70.0,0,0,80:02:9C:61:97:4B,11,6,285.9,80:02:9C:61:97:4A,6,0,NONE,2026-08-19T16:27:53.599934
45917,,40,40,0,3496,65416,43376,650202,0,68,10,0,0,14:33:5C:6D:AF:58,0,0,ARMED,70.0,0,0,80:02:9C:61:97:4B,11,10,178.4,80:02:9C:61:97:4A,6,0,NONE,2026-08-19T16:27:53.837934
45917,BEACON,-65,32,0,1655,65416,43376,650454,0,68,10,0,0,14:33:5C:6D:AF:58,0,0,ARMED,70.0,0,1,80:02:9C:61:97:4B,11,19,185.4,80:02:9C:61:97:4A,6,0,NONE,2026-08-19T16:27:54.089934
45917,,26,26,0,3288,65416,43376,650669,0,68,10,0,0,14:33:5C:6D:AF:58,0,0,ARMED,70.0,0,0,80:02:9C:61:97:4B,11,5,394.5,80:02:9C:61:97:4A,6,0,NONE,2026-08-19T16:27:54.304934
45917,,40,40,0,3559,65416,43376,650834,0,68,10,0,0,14:33:5C:6D:AF:58,0,1,ARMED,70.0,0,0,80:02:9C:61:97:4B,11,14,192.0,80:02:9C:61:97:4A,6,0,NONE,2026-08-19T16:27:54.469934
45917,,-61,36,291,3060,65416,43376,650903,0,68,10,0,0,14:33:5C:6D:AF:58,0,0,ARMED,70.0,0,0,80:02:9C:61:97:4B,11,40,951.6,80:02:9C:61:97:4A,6,0,NONE,2026-08-19T16:27:54.538934
45917,BEACON,-94,3,0,1085,65416,43376,651074,0,68,10,0,0,14:33:5C:6D:AF:58,0,0,ARMED,70.0,0,1,80:02:9C:61:97:4B,11,1,173.6,80:02:9C:61:97:4A,6,0,NONE,2026-08-19T16:27:54.709934
45917,,32,32,0,1318,65428,43376,651266,0,68,10,0,0,14:33:5C:6D:AF:58,0,0,ARMED,70.0,0,0,80:02:9C:61:97:4B,11,26,272.2,80:02:9C:61:97:4A,6,0,NONE,2026-08-19T16:27:54.901934
45917,,-95,2,0,1744,65428,43376,651483,0,68,10,0,0,14:33:5C:6D:AF:58,0,0,ARMED,70.0,0,1,80:02:9C:61:97:4B,11,3,415.5,80:02:9C:61:97:4A,6,0,NONE,2026-08-19T16:27:55.118934
45917,,26,26,0,1746,65428,43376,651646,0,68,10,0,0,14:33:5C:6D:AF:58,0,1,ARMED,70.0,0,0,80:02:9C:61:97:4B,11,12,182.4,80:02:9C:61:97:4A,6,0,NONE,2026-08-19T16:27:55.281934
45917,,32,32,0,1092,65428,43376,651824,0,68,10,0,0,14:33:5C:6D:AF:58,0,1,ARMED,70.0,0,0,80:02:9C:61:97:4B,11,7,179.2,80:02:9C:61:97:4A,6,0,NONE,2026-08-19T16:27:55.459934
45917,,40,40,0,3571,65428,43376,652051,0,68,10,0,0,14:33:5C:6D:AF:58,1,0,ARMED,70.0,0,0,80:02:9C:61:97:4B,11,16,259.7,80:02:9C:61:97:4A,6,0,NONE,2026-08-19T16:27:55.686934
45917,BEACON,-82,15,0,3413,65416,43376,652274,0,68,10,0,0,14:33:5C:6D:AF:58,0,0,ARMED,70.0,0,1,80:02:9C:61:97:4B,11,16,200.7,80:02:9C:61:97:4A,6,0,NONE,2026-08-19T16:27:55.909934
45917,,32,32,0,3231,65416,43376,652473,0,68,10,0,0,14:33:5C:6D:AF:58,0,0,ARMED,70.0,0,0,80:02:9C:61:97:4B,11,20,270.3,80:02:9C:61:97:4A,6,0,NONE,2026-08-19T16:27:56.108934
45917,,26,26,0,3417,65416,43376,652686,0,68,10,0,0,14:33:5C:6D:AF:58,0,0,ARMED,70.0,0,0,80:02:9C:61:97:4B,11,21,257.0,80:02:9C:61:97:4A,6,0,NONE,2026-08-19T16:27:56.321934
45917,,-61,36,292,3083,65416,43376,652865,0,68,10,0,0,14:33:5C:6D:AF:58,0,1,ARMED,70.0,0,0,80:02:9C:61:97:4B,11,19,365.5,80:02:9C:61:97:4A,6,0,NONE,2026-08-19T16:27:56.500934
45917,BEACON,-95,2,0,1104,65416,43376,653021,0,68,10,0,0,14:33:5C:6D:AF:58,1,0,ARMED,70.0,0,1,80:02:9C:61:97:4B,11,27,263.1,80:02:9C:61:97:4A,6,0,NONE,2026-08-19T16:27:56.656934
45917,,33,33,0,0,65416,43376,653226,0,68,10,0,0,14:33:5C:6D:AF:58,1,0,ARMED,70.0,0,0,80:02:9C:61:97:4B,11,27,263.2,80:02:9C:61:97:4A,6,0,NONE,2026-08-19T16:27:56.861934
45917,,40,40,0,3315,65416,43376,653433,0,68,10,0,0,14:33:5C:6D:AF:58,0,0,ARMED,70.0,0,0,80:02:9C:61:97:4B,11,1,1000.0,80:02:9C:61:97:4A,6,0,NONE,2026-08-19T16:27:57.068934
45917,,26,26,0,3586,65416,43376,653559,0,68,10,0,0,14:33:5C:6D:AF:58,0,1,ARMED,70.0,0,0,80:02:9C:61:97:4B,11,6,226.7,80:02:9C:61:97:4A,6,0,NONE,2026-08-19T16:27:57.194934
45917,BEACON,-80,17,0,3427,65416,43376,653708,0,68,10,0,0,14:33:5C:6D:AF:58,0,1,ARMED,70.0,0,1,80:02:9C:61:97:4B,11,15,215.5,80:02:9C:61:97:4A,6,0,NONE,2026-08-19T16:27:57.343934
45917,BEACON,-68,29,0,1693,65416,43376,653936,0,68,10,0,0,14:33:5C:6D:AF:58,0,0,ARMED,70.0,0,0,80:02:9C:61:97:4B,11,22,266.2,80:02:9C:61:97:4A,6,0,NONE,2026-08-19T16:27:57.571934
45917,BEACON,-79,18,0,3592,65416,43376,654167,0,68,10,0,0,14:33:5C:6D:AF:58,0,0,ARMED,70.0,0,1,80:02:9C:61:97:4B,11,20,195.4,80:02:9C:61:97:4A,6,0,NONE,2026-08-19T16:27:57.802934
45917,,-56,41,0,1632,65416,43376,654324,0,68,10,0,0,14:33:5C:6D:AF:58,0,0,ARMED,70.0,0,0,80:02:9C:61:97:4B,11,26,474.7,80:02:9C:61:97:4A,6,0,NONE,2026-08-19T16:27:57.959934
45917,,26,26,0,1349,65416,43376,654437,0,68,10,0,0,14:33:5C:6D:AF:58,0,1,ARMED,70.0,0,0,80:02:9C:61:97:4B,11,31,481.0,80:02:9C:61:97:4A,6,0,NONE,2026-08-19T16:27:58.072934
45917,,40,40,0,624,65416,43376,654583,0,68,10,0,0,14:33:5C:6D:AF:58,0,1,ARMED,70.0,0,0,80:02:9C:61:97:4B,11,2,893.7,80:02:9C:61:97:4A,6,0,NONE,2026-08-19T16:27:58.218934
45917,,40,40,0,3598,65416,43376,654783,0,68,10,0,0,14:33:5C:6D:AF:58,0,0,ARMED,70.0,0,0,80:02:9C:61:97:4B,11,27,276.9,80:02:9C:61:97:4A,6,0,NONE,2026-08-19T16:27:58.418934
45917,,-56,41,1114,59,65416,43376,654961,0,68,10,0,0,14:33:5C:6D:AF:58,0,0,ARMED,70.0,0,1,80:02:9C:61:97:4B,11,22,369.1,80:02:9C:61:97:4A,6,0,NONE,2026-08-19T16:27:58.596934
45917,BEACON,-68,29,0,1706,65416,43376,655164,0,68,10,0,0,14:33:5C:6D:AF:58,0,1,ARMED,70.0,0,1,80:02:9C:61:97:4B,11,10,196.9,80:02:9C:61:97:4A,6,0,NONE,2026-08-19T16:27:58.799934
45917,BEACON,-93,4,0,1127,65404,43376,655374,0,68,10,0,0,14:33:5C:6D:AF:58,0,1,ARMED,70.0,0,1,80:02:9C:61:97:4B,11,9,217.6,80:02:9C:61:97:4A,6,0,NONE,2026-08-19T16:27:59.009934
45917,,40,40,0,1352,65416,43376,655484,0,68,10,0,0,14:33:5C:6D:AF:58,0,0,ARMED,70.0,0,0,80:02:9C:61:97:4B,11,34,691.6,80:02:9C:61:97:4A,6,0,NONE,2026-08-19T16:27:59.119934
45917,PROBE_REQ,-93,4,222,1233,65416,43376,655553,0,68,10,0,0,14:33:5C:6D:AF:58,0,1,ARMED,70.0,0,0,80:02:9C:61:97:4B,11,16,987.7,80:02:9C:61:97:4A,6,0,NONE,2026-08-19T16:27:59.188934
45917,MGMT_OTHER,-84,13,1605,3267,65416,43376,655608,0,68,10,0,0,14:33:5C:6D:AF:58,0,1,ARMED,70.0,0,1,80:02:9C:61:97:4B,11,66,926.2,80:02:9C:61:97:4A,6,0,NONE,2026-08-19T16:27:59.243934
45917,PROBE_REQ,-92,5,990,15,65416,43376,655650,0,68,10,0,0,14:33:5C:6D:AF:58,1,1,ARMED,70.0,0,0,80:02:9C:61:97:4B,11,22,1678.2,80:02:9C:61:97:4A,6,0,NONE,2026-08-19T16:27:59.285934
45917,,-90,7,726,1911,65416,43376,655706,0,68,10,0,0,14:33:5C:6D:AF:58,1,1,ARMED,70.0,0,1,80:02:9C:61:97:4B,11,72,1041.0,80:02:9C:61:97:4A,6,0,NONE,2026-08-19T16:27:59.341934
45917,,-63,34,0,1308,65416,43376,655787,0,68,10,0,0,14:33:5C:6D:AF:58,1,1,ARMED,70.0,0,1,80:02:9C:61:97:4B,11,38,832.7,80:02:9C:61:97:4A,6,0,NONE,2026-08-19T16:27:59.422934
45917,PROBE_REQ,-91,6,1255,5,65416,43376,655849,0,68,10,0,0,14:33:5C:6D:AF:58,1,1,ARMED,70.0,0,1,80:02:9C:61:97:4B,11,12,1749.3,80:02:9C:61:97:4A,6,0,NONE,2026-08-19T16:27:59.484934
45917,MGMT_OTHER,-85,12,1962,141,65416,43376,655901,0,68,10,0,0,14:33:5C:6D:AF:58,1,1,ARMED,70.0,0,1,80:02:9C:61:97:4B,11,62,1061.3,80:02:9C:61:97:4A,6,0,NONE,2026-08-19T16:27:59.536934
45917,PROBE_REQ,-92,5,0,2755,64772,43376,655941,0,68,10,0,0,14:33:5C:6D:AF:58,1,1,ARMED,70.0,0,1,80:02:9C:61:97:4B,11,112,1141.3,80:02:9C:61:97:4A,6,0,NONE,2026-08-19T16:27:59.576934
45917,,-31,66,2249,1522,64128,43376,655996,0,68,10,0,0,14:33:5C:6D:AF:58,1,1,ARMED,70.0,0,1,80:02:9C:61:97:4B,11,49,1234.8,80:02:9C:61:97:4A,6,0,NONE,2026-08-19T16:27:59.631934
45917,,32,32,0,1023,65416,43376,656042,0,68,10,0,0,14:33:5C:6D:AF:58,1,1,ARMED,70.0,0,1,80:02:9C:61:97:4B,11,99,1150.4,80:02:9C:61:97:4A,6,0,NONE,2026-08-19T16:27:59.677934
45917,,32,32,0,1893,65416,43376,656091,0,68,10,0,0,14:33:5C:6D:AF:58,1,1,ARMED,70.0,0,0,80:02:9C:61:97:4B,11,49,1490.9,80:02:9C:61:97:4A,6,0,NONE,2026-08-19T16:27:59.726934
45917,BEACON,-90,7,683,1753,65416,43376,656136,0,68,10,0,0,14:33:5C:6D:AF:58,1,1,ARMED,70.0,0,1,80:02:9C:61:97:4B,11,99,1269.7,80:02:9C:61:97:4A,6,0,NONE,2026-08-19T16:27:59.771934
45917,PROBE_REQ,-91,6,125,3287,65400,43376,656170,0,68,10,0,0,14:33:5C:6D:AF:58,1,1,ARMED,70.0,0,1,80:02:9C:61:97:4B,11,6,744.7,80:02:9C:61:97:4A,6,0,NONE,2026-08-19T16:27:59.805934
45917,MGMT_OTHER,-93,4,1913,3049,65416,43376,656208,0,68,10,0,0,14:33:5C:6D:AF:58,1,1,ARMED,70.0,0,1,80:02:9C:61:97:4B,11,56,1226.7,80:02:9C:61:97:4A,6,0,NONE,2026-08-19T16:27:59.843934
45917,,-91,6,1914,2524,65416,43376,656255,0,68,10,0,0,14:33:5C:6D:AF:58,1,1,ARMED,70.0,0,1,80:02:9C:61:97:4B,11,106,1148.1,80:02:9C:61:97:4A,6,0,NONE,2026-08-19T16:27:59.890934
45917,,40,40,0,1023,65416,43376,656323,0,68,10,0,0,14:33:5C:6D:AF:58,1,1,ARMED,70.0,0,1,80:02:9C:61:97:4B,11,45,746.8,80:02:9C:61:97:4A,6,0,NONE,2026-08-19T16:27:59.958934
45917,BEACON,-90,7,0,1138,65416,43376,656501,0,68,10,0,0,14:33:5C:6D:AF:58,1,1,ARMED,70.0,0,1,80:02:9C:61:97:4B,11,7,245.3,80:02:9C:61:97:4A,6,0,NONE,2026-08-19T16:28:00.136934
45917,MGMT_OTHER,-91,6,349,3744,65416,43376,656622,0,68,10,0,0,14:33:5C:6D:AF:58,0,1,ARMED,70.0,0,1,80:02:9C:61:97:4B,11,29,617.4,80:02:9C:61:97:4A,6,0,NONE,2026-08-19T16:28:00.257934
45917,,40,40,0,1371,65416,43376,656693,0,68,10,0,0,14:33:5C:6D:AF:58,1,1,ARMED,70.0,0,0,80:02:9C:61:97:4B,11,9,561.3,80:02:9C:61:97:4A,6,0,NONE,2026-08-19T16:28:00.328934
45917,MGMT_OTHER,-81,16,2017,719,65416,43376,656779,0,68,10,0,0,14:33:5C:6D:AF:58,1,1,ARMED,70.0,0,1,80:02:9C:61:97:4B,11,1,416.8,80:02:9C:61:97:4A,6,0,NONE,2026-08-19T16:28:00.414934
45917,,30,30,0,3909,65416,43376,656859,0,68,10,0,0,14:33:5C:6D:AF:58,1,1,ARMED,70.0,0,1,80:02:9C:61:97:4B,11,51,621.2,80:02:9C:61:97:4A,6,0,NONE,2026-08-19T16:28:00.494934
45917,,-89,8,228,2491,65416,43376,656905,0,68,10,0,0,14:33:5C:6D:AF:58,1,1,ARMED,70.0,0,1,80:02:9C:61:97:4B,11,26,943.2,80:02:9C:61:97:4A,6,0,NONE,2026-08-19T16:28:00.540934
45917,,40,40,0,626,65416,43376,656964,0,68,10,0,0,14:33:5C:6D:AF:58,1,1,ARMED,70.0,0,1,80:02:9C:61:97:4B,11,76,871.1,80:02:9C:61:97:4A,6,0,NONE,2026-08-19T16:28:00.599934
45917,PROBE_REQ,-89,8,0,3514,65416,43376,657002,0,68,10,0,0,14:33:5C:6D:AF:58,1,1,ARMED,70.0,0,1,80:02:9C:61:97:4B,11,34,1398.7,80:02:9C:61:97:4A,6,0,NONE,2026-08-19T16:28:00.637934
45917,,40,40,0,1023,65416,43376,657116,0,68,10,0,0,14:33:5C:6D:AF:58,1,1,ARMED,70.0,0,1,80:02:9C:61:97:4B,11,11,329.6,80:02:9C:61:97:4A,6,0,NONE,2026-08-19T16:28:00.751934
45917,BEACON,-78,19,0,3623,65416,43376,657341,0,68,10,0,0,14:33:5C:6D:AF:58,0,0,ARMED,70.0,0,1,80:02:9C:61:97:4B,11,14,248.9,80:02:9C:61:97:4A,6,0,NONE,2026-08-19T16:28:00.976934
45917,,40,40,0,3355,65416,43376,657551,0,68,10,0,0,14:33:5C:6D:AF:58,0,0,ARMED,70.0,0,1,80:02:9C:61:97:4B,11,18,326.8,80:02:9C:61:97:4A,6,0,NONE,2026-08-19T16:28:01.186934
45917,,-92,5,0,3210,65416,43376,657696,0,68,10,0,0,14:33:5C:6D:AF:58,0,0,ARMED,70.0,0,1,80:02:9C:61:97:4B,11,41,419.5,80:02:9C:61:97:4A,6,0,NONE,2026-08-19T16:28:01.331934
45917,BEACON,-80,17,63,1382,65416,43376,657815,0,68,10,0,0,14:33:5C:6D:AF:58,0,1,ARMED,70.0,0,1,80:02:9C:61:97:4B,11,49,479.7,80:02:9C:61:97:4A,6,0,NONE,2026-08-19T16:28:01.450934
45917,,40,40,0,3359,65416,43376,657952,0,68,10,0,0,14:33:5C:6D:AF:58,0,1,ARMED,70.0,0,0,80:02:9C:61:97:4B,11,10,288.0,80:02:9C:61:97:4A,6,0,NONE,2026-08-19T16:28:01.587934
45917,BEACON,-79,18,0,3630,65416,43376,658058,0,68,10,0,0,14:33:5C:6D:AF:58,0,1,ARMED,70.0,0,1,80:02:9C:61:97:4B,11,16,455.4,80:02:9C:61:97:4A,6,0,NONE,2026-08-19T16:28:01.693934
45917,,-68,29,0,2746,65416,43376,658201,0,68,10,0,0,14:33:5C:6D:AF:58,0,1,ARMED,70.0,0,1,80:02:9C:61:97:4B,11,20,255.9,80:02:9C:61:97:4A,6,0,NONE,2026-08-19T16:28:01.836934
45917,,-61,36,0,3175,65416,43376,658398,0,68,10,0,0,14:33:5C:6D:AF:58,1,0,ARMED,70.0,0,1,80:02:9C:61:97:4B,11,20,280.1,80:02:9C:61:97:4A,6,0,NONE,2026-08-19T16:28:02.033934
45917,,-61,36,296,3191,65416,43376,658495,0,68,10,0,0,14:33:5C:6D:AF:58,1,1,ARMED,70.0,0,0,80:02:9C:61:97:4B,11,39,587.9,80:02:9C:61:97:4A,6,0,NONE,2026-08-19T16:28:02.130934
45917,,-61,36,292,3212,65416,43376,658563,0,68,10,0,0,14:33:5C:6D:AF:58,1,1,ARMED,70.0,0,0,80:02:9C:61:97:4B,11,26,829.9,80:02:9C:61:97:4A,6,0,NONE,2026-08-19T16:28:02.198934
45917,,-61,36,0,3223,65416,43376,658730,0,68,10,0,0,14:33:5C:6D:AF:58,0,1,ARMED,70.0,0,0,80:02:9C:61:97:4B,11,30,311.1,80:02:9C:61:97:4A,6,0,NONE,2026-08-19T16:28:02.365934
45917,MGMT_OTHER,-80,17,6342,2647,65416,43376,658897,0,68,10,0,0,14:33:5C:6D:AF:58,0,1,ARMED,70.0,0,1,80:02:9C:61:97:4B,11,14,302.5,80:02:9C:61:97:4A,6,0,NONE,2026-08-19T16:28:02.532934
45917,,-64,33,0,1752,65416,43376,659058,0,68,10,0,0,14:33:5C:6D:AF:58,0,1,ARMED,70.0,0,0,80:02:9C:61:97:4B,11,4,586.5,80:02:9C:61:97:4A,6,0,NONE,2026-08-19T16:28:02.693934
45917,,26,26,0,3481,65416,43376,659237,0,68,10,0,0,14:33:5C:6D:AF:58,0,1,ARMED,70.0,0,0,80:02:9C:61:97:4B,11,23,272.3,80:02:9C:61:97:4A,6,0,NONE,2026-08-19T16:28:02.872934
45917,BEACON,-77,20,0,3643,65416,43376,659389,0,68,10,0,0,14:33:5C:6D:AF:58,0,1,ARMED,70.0,0,1,80:02:9C:61:97:4B,11,7,269.1,80:02:9C:61:97:4A,6,0,NONE,2026-08-19T16:28:03.024934
45917,,-65,32,0,1758,63684,43376,659568,0,68,10,0,0,14:33:5C:6D:AF:58,0,1,ARMED,70.0,0,0,80:02:9C:61:97:4B,11,1,775.2,80:02:9C:61:97:4A,6,0,NONE,2026-08-19T16:28:03.203934
45917,,40,40,0,1794,65416,43376,659723,0,68,10,0,0,14:33:5C:6D:AF:58,0,1,ARMED,70.0,0,0,80:02:9C:61:97:4B,11,17,315.4,80:02:9C:61:97:4A,6,0,NONE,2026-08-19T16:28:03.358934
45917,,40,40,0,0,65416,43376,659923,0,68,10,0,0,14:33:5C:6D:AF:58,0,0,ARMED,70.0,0,0,80:02:9C:61:97:4B,11,17,348.8,80:02:9C:61:97:4A,6,0,NONE,2026-08-19T16:28:03.558934
45917,,40,40,0,3650,65416,43376,660123,0,68,10,0,0,14:33:5C:6D:AF:58,1,0,ARMED,70.0,0,0,80:02:9C:61:97:4B,11,12,248.3,80:02:9C:61:97:4A,6,0,NONE,2026-08-19T16:28:03.758934
45917,,34,34,0,0,65404,43376,660325,0,68,10,0,0,14:33:5C:6D:AF:58,0,0,ARMED,70.0,0,0,80:02:9C:61:97:4B,11,14,342.1,80:02:9C:61:97:4A,6,0,NONE,2026-08-19T16:28:03.960934
45917,,40,40,0,0,65404,43376,660551,0,68,10,0,0,14:33:5C:6D:AF:58,0,0,ARMED,70.0,0,0,80:02:9C:61:97:4B,11,15,232.1,80:02:9C:61:97:4A,6,0,NONE,2026-08-19T16:28:04.186934
45917,,26,26,0,0,65404,43376,660695,0,68,10,0,0,14:33:5C:6D:AF:58,0,1,ARMED,70.0,0,0,80:02:9C:61:97:4B,11,2,979.0,80:02:9C:61:97:4A,6,0,NONE,2026-08-19T16:28:04.330934
45917,,26,26,0,0,65404,43376,660855,0,68,10,0,0,14:33:5C:6D:AF:58,0,1,ARMED,70.0,0,0,80:02:9C:61:97:4B,11,21,339.0,80:02:9C:61:97:4A,6,0,NONE,2026-08-19T16:28:04.490934
45917,,38,38,0,0,65404,43376,661003,0,68,10,0,0,14:33:5C:6D:AF:58,0,1,ARMED,70.0,0,0,80:02:9C:61:97:4B,11,2,878.0,80:02:9C:61:97:4A,6,0,NONE,2026-08-19T16:28:04.638934
45917,BEACON,-76,21,0,3661,65392,43376,661233,0,68,10,0,0,14:33:5C:6D:AF:58,0,0,ARMED,70.0,0,1,80:02:9C:61:97:4B,11,7,254.7,80:02:9C:61:97:4A,6,0,NONE,2026-08-19T16:28:04.868934
45917,,-61,36,0,3273,65392,43376,661288,0,68,10,0,0,14:33:5C:6D:AF:58,0,0,ARMED,70.0,0,0,80:02:9C:61:97:4B,11,57,688.4,80:02:9C:61:97:4A,6,0,NONE,2026-08-19T16:28:04.923934
45917,,-62,35,0,2690,65392,43376,661429,0,68,10,0,0,14:33:5C:6D:AF:58,0,0,ARMED,70.0,0,0,80:02:9C:61:97:4B,11,9,474.1,80:02:9C:61:97:4A,6,0,NONE,2026-08-19T16:28:05.064934
45917,,-56,41,0,2128,63916,43376,661467,0,68,10,0,0,14:33:5C:6D:AF:58,0,0,ARMED,70.0,0,0,80:02:9C:61:97:4B,11,59,1046.6,80:02:9C:61:97:4A,6,0,NONE,2026-08-19T16:28:05.102934
45917,,-62,35,2142,2721,65392,43376,661529,0,68,10,0,0,14:33:5C:6D:AF:58,0,1,ARMED,70.0,0,1,80:02:9C:61:97:4B,11,21,1132.9,80:02:9C:61:97:4A,6,0,NONE,2026-08-19T16:28:05.164934
45917,,-56,41,455,1735,65392,43376,661684,0,68,10,0,0,14:33:5C:6D:AF:58,0,1,ARMED,70.0,0,1,80:02:9C:61:97:4B,11,28,393.3,80:02:9C:61:97:4A,6,0,NONE,2026-08-19T16:28:05.319934
45917,,-65,32,0,1785,63612,43376,661825,0,68,10,0,0,14:33:5C:6D:AF:58,0,1,ARMED,70.0,0,0,80:02:9C:61:97:4B,11,5,459.1,80:02:9C:61:97:4A,6,0,NONE,2026-08-19T16:28:05.460934
45917,,40,40,0,1023,65392,43376,661982,0,68,10,0,0,14:33:5C:6D:AF:58,0,1,ARMED,70.0,0,1,80:02:9C:61:97:4B,11,18,275.8,80:02:9C:61:97:4A,6,0,NONE,2026-08-19T16:28:05.617934
45917,,-60,37,15658,1146,65392,43376,662160,0,68,10,0,0,14:33:5C:6D:AF:58,0,1,ARMED,70.0,0,1,80:02:9C:61:97:4B,11,7,210.2,80:02:9C:61:97:4A,6,0,NONE,2026-08-19T16:28:05.795934
45917,,26,26,0,1426,65392,43376,662326,0,68,10,0,0,14:33:5C:6D:AF:58,0,1,ARMED,70.0,0,0,80:02:9C:61:97:4B,11,24,247.6,80:02:9C:61:97:4A,6,0,NONE,2026-08-19T16:28:05.961934
45917,,40,40,0,1428,65392,43376,662535,0,68,10,0,0,14:33:5C:6D:AF:58,1,0,ARMED,70.0,0,0,80:02:9C:61:97:4B,11,23,222.9,80:02:9C:61:97:4A,6,0,NONE,2026-08-19T16:28:06.170934
45917,,66,66,0,1023,65392,43376,662703,0,68,10,0,0,14:33:5C:6D:AF:58,0,1,ARMED,70.0,0,0,80:02:9C:61:97:4B,11,21,309.2,80:02:9C:61:97:4A,6,0,NONE,2026-08-19T16:28:06.338934
45917,BEACON,-78,19,0,3677,65392,43376,662871,0,68,10,0,0,14:33:5C:6D:AF:58,0,1,ARMED,70.0,0,1,80:02:9C:61:97:4B,11,10,282.0,80:02:9C:61:97:4A,6,0,NONE,2026-08-19T16:28:06.506934
45917,,-61,36,157,1175,65392,43376,663030,0,68,10,0,0,14:33:5C:6D:AF:58,0,1,ARMED,70.0,0,0,80:02:9C:61:97:4B,11,24,257.5,80:02:9C:61:97:4A,6,0,NONE,2026-08-19T16:28:06.665934
45917,,40,40,0,232,65392,43376,663203,0,68,10,0,0,14:33:5C:6D:AF:58,0,1,ARMED,70.0,0,0,80:02:9C:61:97:4B,11,19,297.3,80:02:9C:61:97:4A,6,0,NONE,2026-08-19T16:28:06.838934
45917,PROBE_RESP,-79,18,0,1287,65392,43376,663359,0,68,10,0,0,14:33:5C:6D:AF:58,0,1,ARMED,70.0,0,1,80:02:9C:61:97:4B,11,5,300.8,80:02:9C:61:97:4A,6,0,NONE,2026-08-19T16:28:06.994934
45917,BEACON,-80,17,0,1438,65392,43376,663552,0,68,10,0,0,14:33:5C:6D:AF:58,0,0,ARMED,70.0,0,1,80:02:9C:61:97:4B,11,1,194.6,80:02:9C:61:97:4A,6,0,NONE,2026-08-19T16:28:07.187934
45917,,-56,41,2885,1974,65392,43376,663642,0,68,10,0,0,14:33:5C:6D:AF:58,0,0,ARMED,70.0,0,1,80:02:9C:61:97:4B,11,51,537.0,80:02:9C:61:97:4A,6,0,NONE,2026-08-19T16:28:07.277934
45917,,34,34,0,1023,65392,43376,663720,0,68,10,0,0,14:33:5C:6D:AF:58,0,1,ARMED,70.0,0,1,80:02:9C:61:97:4B,11,46,630.2,80:02:9C:61:97:4A,6,0,NONE,2026-08-19T16:28:07.355934
45917,,26,26,0,3416,65392,43376,663776,0,68,10,0,0,14:33:5C:6D:AF:58,1,1,ARMED,70.0,0,0,80:02:9C:61:97:4B,11,28,990.4,80:02:9C:61:97:4A,6,0,NONE,2026-08-19T16:28:07.411934
45917,MGMT_OTHER,-75,22,634,1008,65392,43376,663835,0,68,10,0,0,14:33:5C:6D:AF:58,1,1,ARMED,70.0,0,1,80:02:9C:61:97:4B,11,78,894.7,80:02:9C:61:97:4A,6,0,NONE,2026-08-19T16:28:07.470934
45917,PROBE_REQ,-93,4,0,10,65392,43376,663883,0,68,10,0,0,14:33:5C:6D:AF:58,1,1,ARMED,70.0,0,1,80:02:9C:61:97:4B,11,49,1489.5,80:02:9C:61:97:4A,6,0,NONE,2026-08-19T16:28:07.518934
45917,,-60,37,157,1204,65392,43376,663959,0,68,10,0,0,14:33:5C:6D:AF:58,1,1,ARMED,70.0,0,0,80:02:9C:61:97:4B,11,3,650.3,80:02:9C:61:97:4A,6,0,NONE,2026-08-19T16:28:07.594934
45917,MGMT_OTHER,-75,22,48,2195,65392,43376,664033,0,68,10,0,0,14:33:5C:6D:AF:58,1,1,ARMED,70.0,0,1,80:02:9C:61:97:4B,11,53,667.2,80:02:9C:61:97:4A,6,0,NONE,2026-08-19T16:28:07.668934
45917,BEACON,-82,15,0,3529,65392,43376,664158,0,68,10,0,0,14:33:5C:6D:AF:58,1,1,ARMED,70.0,0,1,80:02:9C:61:97:4B,11,39,383.4,80:02:9C:61:97:4A,6,0,NONE,2026-08-19T16:28:07.793934
45917,MGMT_OTHER,-74,23,48,3725,65392,43376,664244,0,68,10,0,0,14:33:5C:6D:AF:58,1,1,ARMED,70.0,0,1,80:02:9C:61:97:4B,11,50,569.8,80:02:9C:61:97:4A,6,0,NONE,2026-08-19T16:28:07.879934
45917,,-60,37,166,1216,65392,43376,664318,0,68,10,0,0,14:33:5C:6D:AF:58,1,1,ARMED,70.0,0,0,80:02:9C:61:97:4B,11,43,709.3,80:02:9C:61:97:4A,6,0,NONE,2026-08-19T16:28:07.953934
45917,,-60,37,184,1218,65392,43376,664371,0,68,10,0,0,14:33:5C:6D:AF:58,1,1,ARMED,70.0,0,0,80:02:9C:61:97:4B,11,14,1114.0,80:02:9C:61:97:4A,6,0,NONE,2026-08-19T16:28:08.006934
45917,,-60,37,157,1221,64748,43376,664412,0,68,10,0,0,14:33:5C:6D:AF:58,1,1,ARMED,70.0,0,0,80:02:9C:61:97:4B,11,64,1215.8,80:02:9C:61:97:4A,6,0,NONE,2026-08-19T16:28:08.047934
45917,,-60,37,2888,1223,65392,43376,664470,0,68,10,0,0,14:33:5C:6D:AF:58,1,1,ARMED,70.0,0,1,80:02:9C:61:97:4B,11,6,637.7,80:02:9C:61:97:4A,6,0,NONE,2026-08-19T16:28:08.105934
45917,,40,40,0,1956,65392,43376,664522,0,68,10,0,0,14:33:5C:6D:AF:58,1,1,ARMED,70.0,0,1,80:02:9C:61:97:4B,11,56,908.8,80:02:9C:61:97:4A,6,0,NONE,2026-08-19T16:28:08.157934
45917,MGMT_OTHER,-75,22,48,2519,64748,43376,664583,0,68,10,0,0,14:33:5C:6D:AF:58,1,1,ARMED,70.0,0,1,80:02:9C:61:97:4B,11,16,728.5,80:02:9C:61:97:4A,6,0,NONE,2026-08-19T16:28:08.218934
45917,,-61,36,157,1229,65376,43376,664651,0,68,10,0,0,14:33:5C:6D:AF:58,1,1,ARMED,70.0,0,0,80:02:9C:61:97:4B,11,66,735.7,80:02:9C:61:97:4A,6,0,NONE,2026-08-19T16:28:08.286934
45917,BEACON,-94,3,0,3425,65392,43376,664697,0,68,10,0,0,14:33:5C:6D:AF:58,1,1,ARMED,70.0,0,1,80:02:9C:61:97:4B,11,49,1616.7,80:02:9C:61:97:4A,6,0,NONE,2026-08-19T16:28:08.332934
45917,,-31,66,0,1537,65392,43376,664743,0,68,10,0,0,14:33:5C:6D:AF:58,1,1,ARMED,70.0,0,1,80:02:9C:61:97:4B,11,99,1291.0,80:02:9C:61:97:4A,6,0,NONE,2026-08-19T16:28:08.378934
45917,,-61,36,2115,1237,65392,43376,664831,0,68,10,0,0,14:33:5C:6D:AF:58,1,1,ARMED,70.0,0,1,80:02:9C:61:97:4B,11,49,772.3,80:02:9C:61:97:4A,6,0,NONE,2026-08-19T16:28:08.466934
45917,,-61,36,0,3318,65392,43376,664853,0,68,10,0,0,14:33:5C:6D:AF:58,1,1,ARMED,70.0,0,0,80:02:9C:61:97:4B,11,99,1160.3,80:02:9C:61:97:4A,6,0,NONE,2026-08-19T16:28:08.488934
45917,,40,40,0,1023,65392,43376,664923,0,68,10,0,0,14:33:5C:6D:AF:58,1,1,ARMED,70.0,0,0,80:02:9C:61:97:4B,11,49,908.9,80:02:9C:61:97:4A,6,0,NONE,2026-08-19T16:28:08.558934
45917,,40,40,0,1816,65392,43376,665105,0,68,10,0,0,14:33:5C:6D:AF:58,1,1,ARMED,70.0,0,0,80:02:9C:61:97:4B,11,9,287.5,80:02:9C:61:97:4A,6,0,NONE,2026-08-19T16:28:08.740934
45917,,40,40,0,1826,65392,43376,665302,0,68,10,0,0,14:33:5C:6D:AF:58,0,0,ARMED,70.0,0,0,80:02:9C:61:97:4B,11,10,423.1,80:02:9C:61:97:4A,6,0,NONE,2026-08-19T16:28:08.937934
45917,PROBE_RESP,-67,30,4344,1828,65392,43376,665468,0,68,10,0,0,14:33:5C:6D:AF:58,0,1,ARMED,70.0,0,0,80:02:9C:61:97:4B,11,31,358.0,80:02:9C:61:97:4A,6,0,NONE,2026-08-19T16:28:09.103934
45917,,26,26,0,1023,65392,43376,665566,0,68,10,0,0,14:33:5C:6D:AF:58,1,1,ARMED,70.0,0,0,80:02:9C:61:97:4B,11,49,598.3,80:02:9C:61:97:4A,6,0,NONE,2026-08-19T16:28:09.201934
45917,,40,40,0,1023,65392,43376,665703,0,68,10,0,0,14:33:5C:6D:AF:58,0,1,ARMED,70.0,0,0,80:02:9C:61:97:4B,11,8,539.9,80:02:9C:61:97:4A,6,0,NONE,2026-08-19T16:28:09.338934
45917,,40,40,0,1023,65392,43376,665879,0,68,10,0,0,14:33:5C:6D:AF:58,0,1,ARMED,70.0,0,1,80:02:9C:61:97:4B,11,29,329.5,80:02:9C:61:97:4A,6,0,NONE,2026-08-19T16:28:09.514934
45917,,26,26,0,1023,65392,43376,666035,0,68,10,0,0,14:33:5C:6D:AF:58,0,0,ARMED,70.0,0,0,80:02:9C:61:97:4B,11,19,486.5,80:02:9C:61:97:4A,6,0,NONE,2026-08-19T16:28:09.670934
45917,BEACON,-80,17,0,1464,65320,43376,666211,0,68,10,0,0,14:33:5C:6D:AF:58,0,1,ARMED,70.0,0,1,80:02:9C:61:97:4B,11,5,452.8,80:02:9C:61:97:4A,6,0,NONE,2026-08-19T16:28:09.846934
45917,,-65,32,7886,1289,65392,43376,666331,0,68,10,0,0,14:33:5C:6D:AF:58,0,1,ARMED,70.0,0,0,80:02:9C:61:97:4B,11,17,592.5,80:02:9C:61:97:4A,6,0,NONE,2026-08-19T16:28:09.966934
45917,MGMT_OTHER,-76,21,48,2385,65392,43376,666426,0,68,10,0,0,14:33:5C:6D:AF:58,0,1,ARMED,70.0,0,0,80:02:9C:61:97:4B,11,23,1120.6,80:02:9C:61:97:4A,6,0,NONE,2026-08-19T16:28:10.061934
45917,MGMT_OTHER,-76,21,48,2365,65392,43376,666489,0,68,10,0,0,14:33:5C:6D:AF:58,0,1,ARMED,70.0,0,1,80:02:9C:61:97:4B,11,73,865.4,80:02:9C:61:97:4A,6,0,NONE,2026-08-19T16:28:10.124934
45917,,26,26,0,1023,65392,43376,666544,0,68,10,0,0,14:33:5C:6D:AF:58,1,1,ARMED,70.0,0,0,80:02:9C:61:97:4B,11,49,1263.7,80:02:9C:61:97:4A,6,0,NONE,2026-08-19T16:28:10.179934
45917,,26,26,0,0,65392,43376,666596,0,68,10,0,0,14:33:5C:6D:AF:58,1,1,ARMED,70.0,0,0,80:02:9C:61:97:4B,11,99,1093.1,80:02:9C:61:97:4A,6,0,NONE,2026-08-19T16:28:10.231934
45917,PROBE_REQ,-91,6,367,3584,65392,43376,666653,0,68,10,0,0,14:33:5C:6D:AF:58,1,1,ARMED,70.0,0,1,80:02:9C:61:97:4B,11,49,1186.7,80:02:9C:61:97:4A,6,0,NONE,2026-08-19T16:28:10.288934
45917,BEACON,-81,16,1293,3554,65392,43376,666714,0,68,10,0,0,14:33:5C:6D:AF:58,1,1,ARMED,70.0,0,1,80:02:9C:61:97:4B,11,99,984.0,80:02:9C:61:97:4A,6,0,NONE,2026-08-19T16:28:10.349934
45917,PROBE_REQ,-89,8,980,3100,65392,43376,666757,0,68,10,0,0,14:33:5C:6D:AF:58,1,1,ARMED,70.0,0,1,80:02:9C:61:97:4B,11,50,1106.0,80:02:9C:61:97:4A,6,0,NONE,2026-08-19T16:28:10.392934
45917,MGMT_OTHER,-90,7,1037,3994,65392,43376,666795,0,68,10,0,0,14:33:5C:6D:AF:58,1,1,ARMED,70.0,0,1,80:02:9C:61:97:4B,11,100,1208.4,80:02:9C:61:97:4A,6,0,NONE,2026-08-19T16:28:10.430934
45917,,40,40,0,0,65392,43376,666861,0,68,10,0,0,14:33:5C:6D:AF:58,1,1,ARMED,70.0,0,0,80:02:9C:61:97:4B,11,49,1189.8,80:02:9C:61:97:4A,6,0,NONE,2026-08-19T16:28:10.496934
45917,,38,38,0,2759,65392,43376,666943,0,68,10,0,0,14:33:5C:6D:AF:58,1,1,ARMED,70.0,0,1,80:02:9C:61:97:4B,11,7,320.2,80:02:9C:61:97:4A,6,0,NONE,2026-08-19T16:28:10.578934
45917,PROBE_REQ,-94,3,0,1839,65392,43376,667065,0,68,10,0,0,14:33:5C:6D:AF:58,1,1,ARMED,70.0,0,1,80:02:9C:61:97:4B,11,10,262.6,80:02:9C:61:97:4A,6,0,NONE,2026-08-19T16:28:10.700934
45917,,26,26,0,1023,65392,43376,667266,0,68,10,0,0,14:33:5C:6D:AF:58,0,0,ARMED,70.0,0,0,80:02:9C:61:97:4B,11,9,293.1,80:02:9C:61:97:4A,6,0,NONE,2026-08-19T16:28:10.901934
45917,,40,40,0,3725,65392,43376,667483,0,68,10,0,0,14:33:5C:6D:AF:58,0,0,ARMED,70.0,0,0,80:02:9C:61:97:4B,11,14,326.5,80:02:9C:61:97:4A,6,0,NONE,2026-08-19T16:28:11.118934
45917,,40,40,0,1247,65392,43376,667663,0,68,10,0,0,14:33:5C:6D:AF:58,0,1,ARMED,70.0,0,0,80:02:9C:61:97:4B,11,10,550.3,80:02:9C:61:97:4A,6,0,NONE,2026-08-19T16:28:11.298934
45917,BEACON,-80,17,0,1480,65392,43376,667850,0,68,10,0,0,14:33:5C:6D:AF:58,0,0,ARMED,70.0,0,1,80:02:9C:61:97:4B,11,26,253.9,80:02:9C:61:97:4A,6,0,NONE,2026-08-19T16:28:11.485934
45917,BEACON,-66,31,0,1858,65392,43376,667964,0,68,10,0,0,14:33:5C:6D:AF:58,0,1,ARMED,70.0,0,1,80:02:9C:61:97:4B,11,4,336.0,80:02:9C:61:97:4A,6,0,NONE,2026-08-19T16:28:11.599934
45917,BEACON,-95,2,0,1252,65392,43376,668174,0,68,10,0,0,14:33:5C:6D:AF:58,0,0,ARMED,70.0,0,1,80:02:9C:61:97:4B,11,4,243.8,80:02:9C:61:97:4A,6,0,NONE,2026-08-19T16:28:11.809934
45917,,-61,36,2994,3390,65392,43376,668259,0,68,10,0,0,14:33:5C:6D:AF:58,0,1,ARMED,70.0,0,1,80:02:9C:61:97:4B,11,1,1000.0,80:02:9C:61:97:4A,6,0,NONE,2026-08-19T16:28:11.894934
45917,,26,26,0,1255,65392,43376,668482,0,68,10,0,0,14:33:5C:6D:AF:58,0,0,ARMED,70.0,0,0,80:02:9C:61:97:4B,11,4,256.3,80:02:9C:61:97:4A,6,0,NONE,2026-08-19T16:28:12.117934
45917,MGMT_OTHER,-82,15,10474,1007,65392,43376,668696,0,68,10,0,0,14:33:5C:6D:AF:58,0,1,ARMED,70.0,0,1,80:02:9C:61:97:4B,11,3,195.9,80:02:9C:61:97:4A,6,0,NONE,2026-08-19T16:28:12.331934
45917,,-59,38,0,1342,65392,43376,668805,0,68,10,0,0,14:33:5C:6D:AF:58,0,1,ARMED,70.0,0,1,80:02:9C:61:97:4B,11,12,545.7,80:02:9C:61:97:4A,6,0,NONE,2026-08-19T16:28:12.440934
45917,,40,40,0,3739,65392,43376,668953,0,68,10,0,0,14:33:5C:6D:AF:58,0,1,ARMED,70.0,0,0,80:02:9C:61:97:4B,11,16,236.6,80:02:9C:61:97:4A,6,0,NONE,2026-08-19T16:28:12.588934
45917,BEACON,-65,32,0,1869,65392,43376,669090,0,68,10,0,0,14:33:5C:6D:AF:58,0,1,ARMED,70.0,0,1,80:02:9C:61:97:4B,11,43,419.8,80:02:9C:61:97:4A,6,0,NONE,2026-08-19T16:28:12.725934
45917,BEACON,-80,17,0,1494,65392,43376,669283,0,68,10,0,0,14:33:5C:6D:AF:58,0,1,ARMED,70.0,0,1,80:02:9C:61:97:4B,11,20,220.6,80:02:9C:61:97:4A,6,0,NONE,2026-08-19T16:28:12.918934
45917,,40,40,0,0,65392,43376,669506,0,68,10,0,0,14:33:5C:6D:AF:58,0,0,ARMED,70.0,0,1,80:02:9C:61:97:4B,11,2,380.2,80:02:9C:61:97:4A,6,0,NONE,2026-08-19T16:28:13.141934
45917,,40,40,0,3473,65392,43376,669632,0,68,10,0,0,14:33:5C:6D:AF:58,0,1,ARMED,70.0,0,0,80:02:9C:61:97:4B,11,11,365.0,80:02:9C:61:97:4A,6,0,NONE,2026-08-19T16:28:13.267934
45917,PROBE_REQ,-93,4,135,14,65240,43376,669687,0,68,10,0,0,14:33:5C:6D:AF:58,0,1,ARMED,70.0,0,1,80:02:9C:61:97:4B,11,61,721.6,80:02:9C:61:97:4A,6,0,NONE,2026-08-19T16:28:13.322934
45917,PROBE_REQ,-91,6,125,4,65296,43376,669719,0,68,10,0,0,14:33:5C:6D:AF:58,0,1,ARMED,70.0,0,0,80:02:9C:61:97:4B,11,22,1371.0,80:02:9C:61:97:4A,6,0,NONE,2026-08-19T16:28:13.354934
45917,,-91,6,207,2149,65320,43376,669747,0,68,10,0,0,14:33:5C:6D:AF:58,0,1,ARMED,70.0,0,1,80:02:9C:61:97:4B,11,72,1626.2,80:02:9C:61:97:4A,6,0,NONE,2026-08-19T16:28:13.382934
45917,MGMT_OTHER,-83,14,2019,147,65392,43376,669769,0,68,10,0,0,14:33:5C:6D:AF:58,0,1,ARMED,70.0,0,1,80:02:9C:61:97:4B,11,122,1843.7,80:02:9C:61:97:4A,6,0,NONE,2026-08-19T16:28:13.404934
45917,PROBE_REQ,-91,6,87,1204,65392,43376,669791,0,68,10,0,0,14:33:5C:6D:AF:58,0,1,ARMED,70.0,0,1,80:02:9C:61:97:4B,11,172,1948.7,80:02:9C:61:97:4A,6,0,NONE,2026-08-19T16:28:13.426934
45917,MGMT_OTHER,-84,13,48,3240,65392,43376,669840,0,68,10,0,0,14:33:5C:6D:AF:58,1,1,ARMED,70.0,0,1,80:02:9C:61:97:4B,11,41,1105.3,80:02:9C:61:97:4A,6,0,NONE,2026-08-19T16:28:13.475934
45917,,27,27,0,25,65344,43376,669906,0,68,10,0,0,14:33:5C:6D:AF:58,1,1,ARMED,70.0,0,1,80:02:9C:61:97:4B,11,7,2662.6,80:02:9C:61:97:4A,6,0,NONE,2026-08-19T16:28:13.541934
45917,MGMT_OTHER,-92,5,1970,801,65392,43376,669977,0,68,10,0,0,14:33:5C:6D:AF:58,1,1,ARMED,70.0,0,1,80:02:9C:61:97:4B,11,57,767.1,80:02:9C:61:97:4A,6,0,NONE,2026-08-19T16:28:13.612934
45917,MGMT_OTHER,-82,15,48,2479,64748,43376,670029,0,68,10,0,0,14:33:5C:6D:AF:58,1,1,ARMED,70.0,0,1,80:02:9C:61:97:4B,11,28,1133.5,80:02:9C:61:97:4A,6,0,NONE,2026-08-19T16:28:13.664934
45917,PROBE_REQ,-91,6,878,0,64032,43376,670065,0,68,10,0,0,14:33:5C:6D:AF:58,1,1,ARMED,70.0,0,1,80:02:9C:61:97:4B,11,78,1301.6,80:02:9C:61:97:4A,6,0,NONE,2026-08-19T16:28:13.700934
45917,,27,27,0,3751,65392,43376,670167,0,68,10,0,0,14:33:5C:6D:AF:58,1,1,ARMED,70.0,0,0,80:02:9C:61:97:4B,11,29,489.7,80:02:9C:61:97:4A,6,0,NONE,2026-08-19T16:28:13.802934
45917,BEACON,-67,30,0,1881,65392,43376,670217,0,68,10,0,0,14:33:5C:6D:AF:58,1,1,ARMED,70.0,0,1,80:02:9C:61:97:4B,11,11,1211.2,80:02:9C:61:97:4A,6,0,NONE,2026-08-19T16:28:13.852934
45917,,40,40,0,1883,65392,43376,670423,0,68,10,0,0,14:33:5C:6D:AF:58,0,0,ARMED,70.0,0,0,80:02:9C:61:97:4B,11,1,617.7,80:02:9C:61:97:4A,6,0,NONE,2026-08-19T16:28:14.058934
45917,,40,40,0,1276,65392,43376,670653,0,68,10,0,0,14:33:5C:6D:AF:58,0,0,ARMED,70.0,0,0,80:02:9C:61:97:4B,11,7,262.4,80:02:9C:61:97:4A,6,0,NONE,2026-08-19T16:28:14.288934
45917,,-88,9,0,1404,65392,43376,670755,0,68,10,0,0,14:33:5C:6D:AF:58,0,1,ARMED,70.0,0,0,80:02:9C:61:97:4B,11,14,487.9,80:02:9C:61:97:4A,6,0,NONE,2026-08-19T16:28:14.390934
45917,,27,27,0,1279,65392,43376,670955,0,68,10,0,0,14:33:5C:6D:AF:58,1,0,ARMED,70.0,0,0,80:02:9C:61:97:4B,11,7,329.6,80:02:9C:61:97:4A,6,0,NONE,2026-08-19T16:28:14.590934
45917,BEACON,-88,9,0,3761,65392,43376,671167,0,68,10,0,0,14:33:5C:6D:AF:58,0,0,ARMED,70.0,0,1,80:02:9C:61:97:4B,11,6,210.5,80:02:9C:61:97:4A,6,0,NONE,2026-08-19T16:28:14.802934
45917,PROBE_REQ,-92,5,448,15,65392,43376,671308,0,68,10,0,0,14:33:5C:6D:AF:58,0,0,ARMED,70.0,0,0,80:02:9C:61:97:4B,11,34,506.5,80:02:9C:61:97:4A,6,0,NONE,2026-08-19T16:28:14.943934
45917,PROBE_REQ,-91,6,124,8,65392,43376,671334,0,68,10,0,0,14:33:5C:6D:AF:58,0,0,ARMED,70.0,0,0,80:02:9C:61:97:4B,11,84,894.6,80:02:9C:61:97:4A,6,0,NONE,2026-08-19T16:28:14.969934
45917,,40,40,0,1023,64748,43376,671371,0,68,10,0,0,14:33:5C:6D:AF:58,1,1,ARMED,70.0,0,1,80:02:9C:61:97:4B,11,35,1220.3,80:02:9C:61:97:4A,6,0,NONE,2026-08-19T16:28:15.006934
45917,,-91,6,1971,3999,65392,43376,671416,0,68,10,0,0,14:33:5C:6D:AF:58,1,1,ARMED,70.0,0,1,80:02:9C:61:97:4B,11,85,1162.7,80:02:9C:61:97:4A,6,0,NONE,2026-08-19T16:28:15.051934
45917,,40,40,0,2644,65392,43376,671583,0,68,10,0,0,14:33:5C:6D:AF:58,1,0,ARMED,70.0,0,0,80:02:9C:61:97:4B,11,13,369.6,80:02:9C:61:97:4A,6,0,NONE,2026-08-19T16:28:15.218934
45917,MGMT_OTHER,-85,12,2005,3417,65392,43376,671774,0,68,10,0,0,14:33:5C:6D:AF:58,1,1,ARMED,70.0,0,1,80:02:9C:61:97:4B,11,8,373.8,80:02:9C:61:97:4A,6,0,NONE,2026-08-19T16:28:15.409934
45917,PROBE_REQ,-91,6,2001,4095,65392,43376,671821,0,68,10,0,0,14:33:5C:6D:AF:58,1,1,ARMED,70.0,0,1,80:02:9C:61:97:4B,11,58,848.4,80:02:9C:61:97:4A,6,0,NONE,2026-08-19T16:28:15.456934
45917,MGMT_OTHER,-84,13,2049,2310,65392,43376,671880,0,68,10,0,0,14:33:5C:6D:AF:58,1,1,ARMED,70.0,0,1,80:02:9C:61:97:4B,11,10,384.6,80:02:9C:61:97:4A,6,0,NONE,2026-08-19T16:28:15.515934
45917,,-93,4,0,1865,65392,43376,671971,0,68,10,0,0,14:33:5C:6D:AF:58,1,1,ARMED,70.0,0,1,80:02:9C:61:97:4B,11,7,411.0,80:02:9C:61:97:4A,6,0,NONE,2026-08-19T16:28:15.606934
45917,,26,26,0,3770,65392,43376,672097,0,68,10,0,0,14:33:5C:6D:AF:58,0,1,ARMED,70.0,0,0,80:02:9C:61:97:4B,11,11,277.8,80:02:9C:61:97:4A,6,0,NONE,2026-08-19T16:28:15.732934
45917,,40,40,0,0,65392,43376,672303,0,68,10,0,0,14:33:5C:6D:AF:58,0,0,ARMED,70.0,0,0,80:02:9C:61:97:4B,11,12,309.8,80:02:9C:61:97:4A,6,0,NONE,2026-08-19T16:28:15.938934
45917,,27,27,0,3774,65392,43376,672535,0,68,10,0,0,14:33:5C:6D:AF:58,0,0,ARMED,70.0,0,0,80:02:9C:61:97:4B,11,10,153.1,80:02:9C:61:97:4A,6,0,NONE,2026-08-19T16:28:16.170934
45917,,40,40,0,431,65392,43376,672733,0,68,10,0,0,14:33:5C:6D:AF:58,0,0,ARMED,70.0,0,0,80:02:9C:61:97:4B,11,16,272.9,80:02:9C:61:97:4A,6,0,NONE,2026-08-19T16:28:16.368934
45917,PROBE_REQ,-91,6,827,1,65392,43376,672874,0,68,10,0,0,14:33:5C:6D:AF:58,0,1,ARMED,70.0,0,1,80:02:9C:61:97:4B,11,37,379.4,80:02:9C:61:97:4A,6,0,NONE,2026-08-19T16:28:16.509934
45917,,-91,6,0,1160,65392,43376,673027,0,68,10,0,0,14:33:5C:6D:AF:58,0,1,ARMED,70.0,0,1,80:02:9C:61:97:4B,11,21,460.3,80:02:9C:61:97:4A,6,0,NONE,2026-08-19T16:28:16.662934
45917,,26,26,0,3428,65392,43376,673198,0,68,10,0,0,14:33:5C:6D:AF:58,0,0,ARMED,70.0,0,0,80:02:9C:61:97:4B,11,3,247.6,80:02:9C:61:97:4A,6,0,NONE,2026-08-19T16:28:16.833934
45917,BEACON,-81,16,0,1534,65392,43376,673379,0,68,10,0,0,14:33:5C:6D:AF:58,0,1,ARMED,70.0,0,1,80:02:9C:61:97:4B,11,25,276.0,80:02:9C:61:97:4A,6,0,NONE,2026-08-19T16:28:17.014934
45917,,40,40,0,1536,65392,43376,673593,0,68,10,0,0,14:33:5C:6D:AF:58,0,1,ARMED,70.0,0,0,80:02:9C:61:97:4B,11,18,192.1,80:02:9C:61:97:4A,6,0,NONE,2026-08-19T16:28:17.228934
45917,,40,40,0,0,65392,43376,673803,0,68,10,0,0,14:33:5C:6D:AF:58,0,0,ARMED,70.0,0,1,80:02:9C:61:97:4B,11,2,2000.0,80:02:9C:61:97:4A,6,0,NONE,2026-08-19T16:28:17.438934
45917,,40,40,0,3516,65392,43376,674023,0,68,10,0,0,14:33:5C:6D:AF:58,0,1,ARMED,70.0,0,0,80:02:9C:61:97:4B,11,2,149.6,80:02:9C:61:97:4A,6,0,NONE,2026-08-19T16:28:17.658934
45917,BEACON,-80,17,0,3627,65392,43376,674187,0,68,10,0,0,14:33:5C:6D:AF:58,0,0,ARMED,70.0,0,1,80:02:9C:61:97:4B,11,27,368.0,80:02:9C:61:97:4A,6,0,NONE,2026-08-19T16:28:17.822934
45917,,-67,30,8284,245,65392,43376,674398,0,68,10,0,0,14:33:5C:6D:AF:58,0,0,ARMED,70.0,0,1,80:02:9C:61:97:4B,11,15,188.1,80:02:9C:61:97:4A,6,0,NONE,2026-08-19T16:28:18.033934
45917,PROBE_RESP,-80,17,0,1235,65392,43376,674637,0,68,10,0,0,14:33:5C:6D:AF:58,0,0,ARMED,70.0,0,1,80:02:9C:61:97:4B,11,2,210.0,80:02:9C:61:97:4A,6,0,NONE,2026-08-19T16:28:18.272934
45917,,26,26,0,1548,65392,43376,674815,0,68,10,0,0,14:33:5C:6D:AF:58,0,1,ARMED,70.0,0,0,80:02:9C:61:97:4B,11,22,255.1,80:02:9C:61:97:4A,6,0,NONE,2026-08-19T16:28:18.450934
45917,,40,40,0,1023,65392,43376,675023,0,68,10,0,0,14:33:5C:6D:AF:58,0,0,ARMED,70.0,0,1,80:02:9C:61:97:4B,11,20,221.7,80:02:9C:61:97:4A,6,0,NONE,2026-08-19T16:28:18.658934
45917,,-60,37,707,3470,65392,43376,675184,0,68,10,0,0,14:33:5C:6D:AF:58,0,1,ARMED,70.0,0,0,80:02:9C:61:97:4B,11,10,297.8,80:02:9C:61:97:4A,6,0,NONE,2026-08-19T16:28:18.819934
45917,,-60,37,292,3492,65392,43376,675256,0,68,10,0,0,14:33:5C:6D:AF:58,0,1,ARMED,70.0,0,0,80:02:9C:61:97:4B,11,2,376.3,80:02:9C:61:97:4A,6,0,NONE,2026-08-19T16:28:18.891934
45917,,-62,35,642,378,65392,43376,675356,0,68,10,0,0,14:33:5C:6D:AF:58,0,1,ARMED,70.0,0,0,80:02:9C:61:97:4B,11,4,935.0,80:02:9C:61:97:4A,6,0,NONE,2026-08-19T16:28:18.991934
45917,,40,40,0,1023,65392,43376,675603,0,68,10,0,0,14:33:5C:6D:AF:58,0,0,ARMED,70.0,0,0,80:02:9C:61:97:4B,11,8,168.9,80:02:9C:61:97:4A,6,0,NONE,2026-08-19T16:28:19.238934
45917,,-56,41,0,2514,65392,43376,675814,0,68,10,0,0,14:33:5C:6D:AF:58,0,0,ARMED,70.0,0,1,80:02:9C:61:97:4B,11,8,197.2,80:02:9C:61:97:4A,6,0,NONE,2026-08-19T16:28:19.449934
45917,,26,26,0,1560,65392,43376,676051,0,68,10,0,0,14:33:5C:6D:AF:58,0,0,ARMED,70.0,0,0,80:02:9C:61:97:4B,11,15,194.6,80:02:9C:61:97:4A,6,0,NONE,2026-08-19T16:28:19.686934
45917,BEACON,-66,31,0,1948,65392,43376,676258,0,68,10,0,0,14:33:5C:6D:AF:58,0,0,ARMED,70.0,0,1,80:02:9C:61:97:4B,11,17,224.9,80:02:9C:61:97:4A,6,0,NONE,2026-08-19T16:28:19.893934
45917,BEACON,-66,31,82,1950,65392,43376,676463,0,68,10,0,0,14:33:5C:6D:AF:58,0,1,ARMED,70.0,0,1,80:02:9C:61:97:4B,11,13,171.8,80:02:9C:61:97:4A,6,0,NONE,2026-08-19T16:28:20.098934
45917,,-32,65,0,1548,65392,43376,676656,0,68,10,0,0,14:33:5C:6D:AF:58,0,1,ARMED,70.0,0,0,80:02:9C:61:97:4B,11,14,220.9,80:02:9C:61:97:4A,6,0,NONE,2026-08-19T16:28:20.291934
45917,BEACON,-94,3,0,3543,65392,43376,676780,0,68,10,0,0,14:33:5C:6D:AF:58,0,1,ARMED,70.0,0,1,80:02:9C:61:97:4B,11,33,375.7,80:02:9C:61:97:4A,6,0,NONE,2026-08-19T16:28:20.415934
45917,PROBE_REQ,-72,25,9722,0,65392,43376,676983,0,68,10,0,0,14:33:5C:6D:AF:58,0,1,ARMED,70.0,0,0,80:02:9C:61:97:4B,11,19,248.3,80:02:9C:61:97:4A,6,0,NONE,2026-08-19T16:28:20.618934
45917,,40,40,0,1023,65392,43376,677182,0,68,10,0,0,14:33:5C:6D:AF:58,1,0,ARMED,70.0,0,0,80:02:9C:61:97:4B,11,15,272.8,80:02:9C:61:97:4A,6,0,NONE,2026-08-19T16:28:20.817934
45917,,40,40,0,3548,65392,43376,677302,0,68,10,0,0,14:33:5C:6D:AF:58,0,1,ARMED,70.0,0,0,80:02:9C:61:97:4B,11,17,246.5,80:02:9C:61:97:4A,6,0,NONE,2026-08-19T16:28:20.937934
45917,,40,40,0,1574,65392,43376,677483,0,68,10,0,0,14:33:5C:6D:AF:58,0,1,ARMED,70.0,0,0,80:02:9C:61:97:4B,11,8,169.8,80:02:9C:61:97:4A,6,0,NONE,2026-08-19T16:28:21.118934
45917,,26,26,0,3661,65392,43376,677670,0,68,10,0,0,14:33:5C:6D:AF:58,1,1,ARMED,70.0,0,0,80:02:9C:61:97:4B,11,9,480.0,80:02:9C:61:97:4A,6,0,NONE,2026-08-19T16:28:21.305934
45917,,26,26,0,1578,65392,43376,677887,0,68,10,0,0,14:33:5C:6D:AF:58,1,0,ARMED,70.0,0,0,80:02:9C:61:97:4B,11,6,252.5,80:02:9C:61:97:4A,6,0,NONE,2026-08-19T16:28:21.522934
45917,,-61,36,292,3522,65392,43376,678029,0,68,10,0,0,14:33:5C:6D:AF:58,1,1,ARMED,70.0,0,0,80:02:9C:61:97:4B,11,17,272.7,80:02:9C:61:97:4A,6,0,NONE,2026-08-19T16:28:21.664934
45917,,27,27,0,1972,65392,43376,678206,0,68,10,0,0,14:33:5C:6D:AF:58,0,0,ARMED,70.0,0,0,80:02:9C:61:97:4B,11,9,359.3,80:02:9C:61:97:4A,6,0,NONE,2026-08-19T16:28:21.841934
45917,,40,40,0,1583,65392,43376,678401,0,68,10,0,0,14:33:5C:6D:AF:58,0,1,ARMED,70.0,0,0,80:02:9C:61:97:4B,11,7,474.0,80:02:9C:61:97:4A,6,0,NONE,2026-08-19T16:28:22.036934
45917,,-60,37,292,3539,65392,43376,678556,0,68,10,0,0,14:33:5C:6D:AF:58,0,1,ARMED,70.0,0,0,80:02:9C:61:97:4B,11,26,385.9,80:02:9C:61:97:4A,6,0,NONE,2026-08-19T16:28:22.191934
45917,,40,40,0,0,65344,43376,678595,0,68,10,0,0,14:33:5C:6D:AF:58,0,1,ARMED,70.0,0,0,80:02:9C:61:97:4B,11,12,2127.3,80:02:9C:61:97:4A,6,0,NONE,2026-08-19T16:28:22.230934
45917,,40,40,0,1355,65392,43376,678729,0,68,10,0,0,14:33:5C:6D:AF:58,0,1,ARMED,70.0,0,0,80:02:9C:61:97:4B,11,13,363.2,80:02:9C:61:97:4A,6,0,NONE,2026-08-19T16:28:22.364934
45917,,26,26,0,3673,65392,43376,678905,0,68,10,0,0,14:33:5C:6D:AF:58,0,1,ARMED,70.0,0,0,80:02:9C:61:97:4B,11,2,278.0,80:02:9C:61:97:4A,6,0,NONE,2026-08-19T16:28:22.540934
45917,,40,40,0,1359,65392,43376,679143,0,68,10,0,0,14:33:5C:6D:AF:58,0,0,ARMED,70.0,0,0,80:02:9C:61:97:4B,11,10,251.6,80:02:9C:61:97:4A,6,0,NONE,2026-08-19T16:28:22.778934
45917,,27,27,0,3568,65392,43376,679366,0,68,10,0,0,14:33:5C:6D:AF:58,0,0,ARMED,70.0,0,0,80:02:9C:61:97:4B,11,17,291.7,80:02:9C:61:97:4A,6,0,NONE,2026-08-19T16:28:23.001934
45917,,27,27,0,0,65392,43376,679574,0,68,10,0,0,14:33:5C:6D:AF:58,0,0,ARMED,70.0,0,0,80:02:9C:61:97:4B,11,15,242.7,80:02:9C:61:97:4A,6,0,NONE,2026-08-19T16:28:23.209934
45917,BEACON,-79,18,0,3682,65392,43376,679819,0,68,10,0,0,14:33:5C:6D:AF:58,0,0,ARMED,70.0,0,1,80:02:9C:61:97:4B,11,19,185.7,80:02:9C:61:97:4A,6,0,NONE,2026-08-19T16:28:23.454934
45917,,26,26,0,3575,65392,43376,680061,0,68,10,0,0,14:33:5C:6D:AF:58,0,0,ARMED,70.0,0,0,80:02:9C:61:97:4B,11,12,322.1,80:02:9C:61:97:4A,6,0,NONE,2026-08-19T16:28:23.696934
45917,,27,27,0,1602,65392,43376,680350,0,68,10,0,0,14:33:5C:6D:AF:58,0,0,ARMED,70.0,0,0,80:02:9C:61:97:4B,11,3,158.8,80:02:9C:61:97:4A,6,0,NONE,2026-08-19T16:28:23.985934
45917,,26,26,0,3580,65392,43376,680594,0,68,10,0,0,14:33:5C:6D:AF:58,0,0,ARMED,70.0,0,0,80:02:9C:61:97:4B,11,12,206.3,80:02:9C:61:97:4A,6,0,NONE,2026-08-19T16:28:24.229934
45917,,25,25,0,884,65392,43376,680835,0,68,10,0,0,14:33:5C:6D:AF:58,0,0,ARMED,70.0,0,0,80:02:9C:61:97:4B,11,20,212.4,80:02:9C:61:97:4A,6,0,NONE,2026-08-19T16:28:24.470934
45917,,26,26,0,1609,65392,43376,681069,0,68,10,0,0,14:33:5C:6D:AF:58,0,0,ARMED,70.0,0,0,80:02:9C:61:97:4B,11,9,435.6,80:02:9C:61:97:4A,6,0,NONE,2026-08-19T16:28:24.704934
45917,,26,26,0,1379,65392,43376,681214,0,68,10,0,0,14:33:5C:6D:AF:58,0,1,ARMED,70.0,0,0,80:02:9C:61:97:4B,11,16,251.2,80:02:9C:61:97:4A,6,0,NONE,2026-08-19T16:28:24.849934
45917,BEACON,-64,33,0,2013,65392,43376,681481,0,68,10,0,0,14:33:5C:6D:AF:58,0,0,ARMED,70.0,0,1,80:02:9C:61:97:4B,11,6,262.3,80:02:9C:61:97:4A,6,0,NONE,2026-08-19T16:28:25.116934
45917,,40,40,0,3700,65392,43376,681666,0,68,10,0,0,14:33:5C:6D:AF:58,0,0,ARMED,70.0,0,0,80:02:9C:61:97:4B,11,1,1000.0,80:02:9C:61:97:4A,6,0,NONE,2026-08-19T16:28:25.301934
45917,BEACON,-93,4,0,3593,65392,43376,681900,0,68,10,0,0,14:33:5C:6D:AF:58,0,0,ARMED,70.0,0,1,80:02:9C:61:97:4B,11,4,181.1,80:02:9C:61:97:4A,6,0,NONE,2026-08-19T16:28:25.535934
45917,,-60,37,0,3588,65392,43376,682085,0,68,10,0,0,14:33:5C:6D:AF:58,0,1,ARMED,70.0,0,0,80:02:9C:61:97:4B,11,4,2235.9,80:02:9C:61:97:4A,6,0,NONE,2026-08-19T16:28:25.720934
45917,,-60,37,473,3614,65392,43376,682139,0,68,10,0,0,14:33:5C:6D:AF:58,0,1,ARMED,70.0,0,0,80:02:9C:61:97:4B,11,54,964.1,80:02:9C:61:97:4A,6,0,NONE,2026-08-19T16:28:25.774934
45917,,40,40,0,3597,65392,43376,682343,0,68,10,0,0,14:33:5C:6D:AF:58,0,0,ARMED,70.0,0,0,80:02:9C:61:97:4B,11,13,266.8,80:02:9C:61:97:4A,6,0,NONE,2026-08-19T16:28:25.978934
45917,,40,40,0,3709,65392,43376,682584,0,68,10,0,0,14:33:5C:6D:AF:58,0,0,ARMED,70.0,0,0,80:02:9C:61:97:4B,11,17,200.9,80:02:9C:61:97:4A,6,0,NONE,2026-08-19T16:28:26.219934
45917,BEACON,-80,17,0,1626,65392,43376,682800,0,68,10,0,0,14:33:5C:6D:AF:58,0,1,ARMED,70.0,0,1,80:02:9C:61:97:4B,11,17,191.5,80:02:9C:61:97:4A,6,0,NONE,2026-08-19T16:28:26.435934
45917,,40,40,0,2029,65392,43376,682983,0,68,10,0,0,14:33:5C:6D:AF:58,0,0,ARMED,70.0,0,0,80:02:9C:61:97:4B,11,22,321.0,80:02:9C:61:97:4A,6,0,NONE,2026-08-19T16:28:26.618934
45917,,40,40,0,3715,65392,43376,683202,0,68,10,0,0,14:33:5C:6D:AF:58,0,0,ARMED,70.0,0,0,80:02:9C:61:97:4B,11,14,168.9,80:02:9C:61:97:4A,6,0,NONE,2026-08-19T16:28:26.837934
45917,,40,40,0,1632,65392,43376,683423,0,68,10,0,0,14:33:5C:6D:AF:58,1,1,ARMED,70.0,0,0,80:02:9C:61:97:4B,11,21,212.4,80:02:9C:61:97:4A,6,0,NONE,2026-08-19T16:28:27.058934
45917,,26,26,0,3610,65392,43376,683655,0,68,10,0,0,14:33:5C:6D:AF:58,0,0,ARMED,70.0,0,0,80:02:9C:61:97:4B,11,3,713.8,80:02:9C:61:97:4A,6,0,NONE,2026-08-19T16:28:27.290934
45917,PROBE_RESP,-80,17,0,2041,65392,43376,683890,0,68,10,0,0,14:33:5C:6D:AF:58,1,0,ARMED,70.0,0,1,80:02:9C:61:97:4B,11,6,163.1,80:02:9C:61:97:4A,6,0,NONE,2026-08-19T16:28:27.525934
45917,,40,40,0,3723,65392,43376,684020,0,68,10,0,0,14:33:5C:6D:AF:58,0,1,ARMED,70.0,0,0,80:02:9C:61:97:4B,11,28,436.0,80:02:9C:61:97:4A,6,0,NONE,2026-08-19T16:28:27.655934
45917,,66,66,0,1639,65392,43376,684131,0,68,10,0,0,14:33:5C:6D:AF:58,0,1,ARMED,70.0,0,0,80:02:9C:61:97:4B,11,24,319.8,80:02:9C:61:97:4A,6,0,NONE,2026-08-19T16:28:27.766934
45917,,40,40,0,2079,65392,43376,684283,0,68,10,0,0,14:33:5C:6D:AF:58,0,1,ARMED,70.0,0,0,80:02:9C:61:97:4B,11,8,330.9,80:02:9C:61:97:4A,6,0,NONE,2026-08-19T16:28:27.918934
45917,,40,40,0,0,65392,43376,684423,0,68,10,0,0,14:33:5C:6D:AF:58,0,1,ARMED,70.0,0,0,80:02:9C:61:97:4B,11,13,207.4,80:02:9C:61:97:4A,6,0,NONE,2026-08-19T16:28:28.058934
45917,,25,25,0,1023,65392,43376,684604,0,68,10,0,0,14:33:5C:6D:AF:58,0,0,ARMED,70.0,0,0,80:02:9C:61:97:4B,11,10,238.2,80:02:9C:61:97:4A,6,0,NONE,2026-08-19T16:28:28.239934
45917,,-64,33,3633,1371,65392,43376,684780,0,68,10,0,0,14:33:5C:6D:AF:58,0,1,ARMED,70.0,0,0,80:02:9C:61:97:4B,11,4,319.8,80:02:9C:61:97:4A,6,0,NONE,2026-08-19T16:28:28.415934
45917,,27,27,0,3623,65392,43376,684978,0,68,10,0,0,14:33:5C:6D:AF:58,0,0,ARMED,70.0,0,0,80:02:9C:61:97:4B,11,1,161.3,80:02:9C:61:97:4A,6,0,NONE,2026-08-19T16:28:28.613934
45917,,-56,41,0,1922,65392,43376,685164,0,68,10,0,0,14:33:5C:6D:AF:58,0,0,ARMED,70.0,0,0,80:02:9C:61:97:4B,11,28,312.5,80:02:9C:61:97:4A,6,0,NONE,2026-08-19T16:28:28.799934
45917,,27,27,0,3627,65392,43376,685405,0,68,10,0,0,14:33:5C:6D:AF:58,0,0,ARMED,70.0,0,0,80:02:9C:61:97:4B,11,8,356.9,80:02:9C:61:97:4A,6,0,NONE,2026-08-19T16:28:29.040934
45917,BEACON,-78,19,0,1652,65392,43376,685471,0,68,10,0,0,14:33:5C:6D:AF:58,0,0,ARMED,70.0,0,1,80:02:9C:61:97:4B,11,58,660.8,80:02:9C:61:97:4A,6,0,NONE,2026-08-19T16:28:29.106934
45917,,27,27,0,3630,65392,43376,685706,0,68,10,0,0,14:33:5C:6D:AF:58,0,0,ARMED,70.0,0,0,80:02:9C:61:97:4B,11,2,163.6,80:02:9C:61:97:4A,6,0,NONE,2026-08-19T16:28:29.341934
45917,,-91,6,15196,1226,65392,43376,685970,0,68,10,0,0,14:33:5C:6D:AF:58,0,0,ARMED,70.0,0,1,80:02:9C:61:97:4B,11,12,178.0,80:02:9C:61:97:4A,6,0,NONE,2026-08-19T16:28:29.605934
45917,,40,40,0,3635,65392,43376,686233,0,68,10,0,0,14:33:5C:6D:AF:58,0,0,ARMED,70.0,0,0,80:02:9C:61:97:4B,11,19,172.7,80:02:9C:61:97:4A,6,0,NONE,2026-08-19T16:28:29.868934
45917,BEACON,-80,17,13627,1661,65392,43376,686384,0,68,10,0,0,14:33:5C:6D:AF:58,0,1,ARMED,70.0,0,1,80:02:9C:61:97:4B,11,22,670.4,80:02:9C:61:97:4A,6,0,NONE,2026-08-19T16:28:30.019934
45917,BEACON,-94,3,0,3639,65392,43376,686611,0,68,10,0,0,14:33:5C:6D:AF:58,0,0,ARMED,70.0,0,1,80:02:9C:61:97:4B,11,13,223.3,80:02:9C:61:97:4A,6,0,NONE,2026-08-19T16:28:30.246934
45917,,40,40,0,3641,65392,43376,686823,0,68,10,0,0,14:33:5C:6D:AF:58,0,0,ARMED,70.0,0,0,80:02:9C:61:97:4B,11,16,302.3,80:02:9C:61:97:4A,6,0,NONE,2026-08-19T16:28:30.458934
45917,,-68,29,162,2759,65392,43376,687012,0,68,10,0,0,14:33:5C:6D:AF:58,0,1,ARMED,70.0,0,1,80:02:9C:61:97:4B,11,12,407.4,80:02:9C:61:97:4A,6,0,NONE,2026-08-19T16:28:30.647934
45917,,27,27,0,1023,65392,43376,687249,0,68,10,0,0,14:33:5C:6D:AF:58,0,0,ARMED,70.0,0,0,80:02:9C:61:97:4B,11,15,265.8,80:02:9C:61:97:4A,6,0,NONE,2026-08-19T16:28:30.884934
45917,,26,26,0,3647,65392,43376,687449,0,68,10,0,0,14:33:5C:6D:AF:58,0,0,ARMED,70.0,0,0,80:02:9C:61:97:4B,11,13,249.8,80:02:9C:61:97:4A,6,0,NONE,2026-08-19T16:28:31.084934
45917,,26,26,0,1442,65392,43376,687694,0,68,10,0,0,14:33:5C:6D:AF:58,0,0,ARMED,70.0,0,0,80:02:9C:61:97:4B,11,16,173.1,80:02:9C:61:97:4A,6,0,NONE,2026-08-19T16:28:31.329934
45917,,26,26,0,3652,65392,43376,687954,0,68,10,0,0,14:33:5C:6D:AF:58,0,0,ARMED,70.0,0,0,80:02:9C:61:97:4B,11,10,288.5,80:02:9C:61:97:4A,6,0,NONE,2026-08-19T16:28:31.589934
45917,,-57,40,319,1948,65392,43376,688162,0,68,10,0,0,14:33:5C:6D:AF:58,0,0,ARMED,70.0,0,0,80:02:9C:61:97:4B,11,20,535.2,80:02:9C:61:97:4A,6,0,NONE,2026-08-19T16:28:31.797934
45917,MGMT_OTHER,-64,33,0,507,65392,43376,688401,0,68,10,0,0,14:33:5C:6D:AF:58,0,0,ARMED,70.0,0,1,80:02:9C:61:97:4B,11,12,167.7,80:02:9C:61:97:4A,6,0,NONE,2026-08-19T16:28:32.036934
45917,,-72,25,0,0,65392,43376,688653,0,68,10,0,0,14:33:5C:6D:AF:58,0,0,ARMED,70.0,0,0,80:02:9C:61:97:4B,11,6,351.0,80:02:9C:61:97:4A,6,0,NONE,2026-08-19T16:28:32.288934
45917,,27,27,0,1454,65392,43376,688905,0,68,10,0,0,14:33:5C:6D:AF:58,0,0,ARMED,70.0,0,0,80:02:9C:61:97:4B,11,11,172.7,80:02:9C:61:97:4A,6,0,NONE,2026-08-19T16:28:32.540934
45917,,27,27,0,1687,65392,43376,689054,0,68,10,0,0,14:33:5C:6D:AF:58,0,1,ARMED,70.0,0,0,80:02:9C:61:97:4B,11,3,371.3,80:02:9C:61:97:4A,6,0,NONE,2026-08-19T16:28:32.689934
45917,,40,40,0,3664,65392,43376,689194,0,68,10,0,0,14:33:5C:6D:AF:58,1,1,ARMED,70.0,0,0,80:02:9C:61:97:4B,11,27,594.6,80:02:9C:61:97:4A,6,0,NONE,2026-08-19T16:28:32.829934
45917,,40,40,0,0,65392,43376,689313,0,68,10,0,0,14:33:5C:6D:AF:58,1,1,ARMED,70.0,0,1,80:02:9C:61:97:4B,11,36,583.9,80:02:9C:61:97:4A,6,0,NONE,2026-08-19T16:28:32.948934
45917,,40,40,0,3667,65392,43376,689543,0,68,10,0,0,14:33:5C:6D:AF:58,0,0,ARMED,70.0,0,0,80:02:9C:61:97:4B,11,20,219.8,80:02:9C:61:97:4A,6,0,NONE,2026-08-19T16:28:33.178934
45917,BEACON,-81,16,0,3779,65392,43376,689752,0,68,10,0,0,14:33:5C:6D:AF:58,0,0,ARMED,70.0,0,1,80:02:9C:61:97:4B,11,20,219.0,80:02:9C:61:97:4A,6,0,NONE,2026-08-19T16:28:33.387934
45917,,-56,41,0,78,65392,43376,689978,0,68,10,0,0,14:33:5C:6D:AF:58,1,1,ARMED,70.0,0,1,80:02:9C:61:97:4B,11,2,986.7,80:02:9C:61:97:4A,6,0,NONE,2026-08-19T16:28:33.613934
45917,,26,26,0,1023,65392,43376,690154,0,68,10,0,0,14:33:5C:6D:AF:58,1,1,ARMED,70.0,0,0,80:02:9C:61:97:4B,11,24,333.4,80:02:9C:61:97:4A,6,0,NONE,2026-08-19T16:28:33.789934
45917,,26,26,0,3676,65392,43376,690405,0,68,10,0,0,14:33:5C:6D:AF:58,0,0,ARMED,70.0,0,0,80:02:9C:61:97:4B,11,7,313.7,80:02:9C:61:97:4A,6,0,NONE,2026-08-19T16:28:34.040934
45917,,40,40,0,1023,65392,43376,690642,0,68,10,0,0,14:33:5C:6D:AF:58,1,0,ARMED,70.0,0,1,80:02:9C:61:97:4B,11,8,165.5,80:02:9C:61:97:4A,6,0,NONE,2026-08-19T16:28:34.277934
45917,BEACON,-81,16,0,3790,65392,43376,690879,0,68,10,0,0,14:33:5C:6D:AF:58,0,0,ARMED,70.0,0,1,80:02:9C:61:97:4B,11,15,184.2,80:02:9C:61:97:4A,6,0,NONE,2026-08-19T16:28:34.514934
45917,,26,26,0,1707,65392,43376,691096,0,68,10,0,0,14:33:5C:6D:AF:58,0,0,ARMED,70.0,0,0,80:02:9C:61:97:4B,11,24,254.0,80:02:9C:61:97:4A,6,0,NONE,2026-08-19T16:28:34.731934
45917,,26,26,0,0,65392,43376,691236,0,68,10,0,0,14:33:5C:6D:AF:58,0,1,ARMED,70.0,0,1,80:02:9C:61:97:4B,11,20,1131.7,80:02:9C:61:97:4A,6,0,NONE,2026-08-19T16:28:34.871934
45917,,26,26,0,2126,65392,43376,691415,0,68,10,0,0,14:33:5C:6D:AF:58,0,1,ARMED,70.0,0,0,80:02:9C:61:97:4B,11,23,243.6,80:02:9C:61:97:4A,6,0,NONE,2026-08-19T16:28:35.050934
45917,,40,40,0,1626,65392,43376,691683,0,68,10,0,0,14:33:5C:6D:AF:58,0,0,ARMED,70.0,0,0,80:02:9C:61:97:4B,11,9,180.3,80:02:9C:61:97:4A,6,0,NONE,2026-08-19T16:28:35.318934
45917,,26,26,0,3800,65392,43376,691903,0,68,10,0,0,14:33:5C:6D:AF:58,0,0,ARMED,70.0,0,0,80:02:9C:61:97:4B,11,11,187.8,80:02:9C:61:97:4A,6,0,NONE,2026-08-19T16:28:35.538934
45917,,40,40,0,1717,65392,43376,692124,0,68,10,0,0,14:33:5C:6D:AF:58,0,0,ARMED,70.0,0,0,80:02:9C:61:97:4B,11,14,196.8,80:02:9C:61:97:4A,6,0,NONE,2026-08-19T16:28:35.759934
45917,,26,26,0,1719,65392,43376,692325,0,68,10,0,0,14:33:5C:6D:AF:58,0,1,ARMED,70.0,0,0,80:02:9C:61:97:4B,11,13,219.9,80:02:9C:61:97:4A,6,0,NONE,2026-08-19T16:28:35.960934
45917,,26,26,0,0,65392,43376,692449,0,68,10,0,0,14:33:5C:6D:AF:58,0,0,ARMED,70.0,0,1,80:02:9C:61:97:4B,11,36,484.4,80:02:9C:61:97:4A,6,0,NONE,2026-08-19T16:28:36.084934
45917,,-62,35,292,3765,65392,43376,692603,0,68,10,0,0,14:33:5C:6D:AF:58,0,0,ARMED,70.0,0,0,80:02:9C:61:97:4B,11,15,720.4,80:02:9C:61:97:4A,6,0,NONE,2026-08-19T16:28:36.238934
45917,,39,39,0,1023,65392,43376,692702,0,68,10,0,0,14:33:5C:6D:AF:58,0,1,ARMED,70.0,0,0,80:02:9C:61:97:4B,11,3,186.4,80:02:9C:61:97:4A,6,0,NONE,2026-08-19T16:28:36.337934
45917,BEACON,-80,17,0,3810,65392,43376,692927,0,68,10,0,0,14:33:5C:6D:AF:58,0,0,ARMED,70.0,0,1,80:02:9C:61:97:4B,11,4,157.0,80:02:9C:61:97:4A,6,0,NONE,2026-08-19T16:28:36.562934
45917,,40,40,0,3703,65392,43376,693173,0,68,10,0,0,14:33:5C:6D:AF:58,0,0,ARMED,70.0,0,0,80:02:9C:61:97:4B,11,20,278.6,80:02:9C:61:97:4A,6,0,NONE,2026-08-19T16:28:36.808934
45917,,24,24,0,3705,65392,43376,693419,0,68,10,0,0,14:33:5C:6D:AF:58,0,0,ARMED,70.0,0,0,80:02:9C:61:97:4B,11,22,199.2,80:02:9C:61:97:4A,6,0,NONE,2026-08-19T16:28:37.054934
45917,,24,24,0,3817,65392,43376,693645,0,68,10,0,0,14:33:5C:6D:AF:58,0,0,ARMED,70.0,0,0,80:02:9C:61:97:4B,11,3,239.1,80:02:9C:61:97:4A,6,0,NONE,2026-08-19T16:28:37.280934
45917,,-56,41,0,2017,65392,43376,693793,0,68,10,0,0,14:33:5C:6D:AF:58,0,0,ARMED,70.0,0,0,80:02:9C:61:97:4B,11,29,479.7,80:02:9C:61:97:4A,6,0,NONE,2026-08-19T16:28:37.428934
45917,,40,40,0,1735,65392,43376,693963,0,68,10,0,0,14:33:5C:6D:AF:58,0,0,ARMED,70.0,0,0,80:02:9C:61:97:4B,11,6,296.6,80:02:9C:61:97:4A,6,0,NONE,2026-08-19T16:28:37.598934
