pen,subtype,rssi,snr,ipat,seq,heap,minheap,uptime,reconn,qpeak,udpfail,backlog,dropped,host_mac,pred_attack,pred_raw,calib,calib_thr,deauth_tgt,seq_jump,ap_bssid,channel,win_pkts,win_dens,gw_mac,gw_flip,label,attack_type,timestamp
45917,,-58,39,0,1118,70604,64900,3579,0,0,0,1,0,14:33:5C:6D:AF:58,0,0,CALIB,1,0,1,80:02:9C:61:97:4B,11,2,92.1,80:02:9C:61:97:4A,0,0,NONE,2026-08-19T12:16:40.725225
45917,,-52,45,114,1996,70480,64900,4072,0,0,0,0,0,14:33:5C:6D:AF:58,0,0,CALIB,1,0,1,80:02:9C:61:97:4B,11,9,2117.6,80:02:9C:61:97:4A,0,0,NONE,2026-08-19T12:16:40.937324
45917,,-89,8,0,3352,70480,64900,4312,0,4,0,0,0,14:33:5C:6D:AF:58,0,0,CALIB,1,0,1,80:02:9C:61:97:4B,11,5,135.9,80:02:9C:61:97:4A,0,0,NONE,2026-08-19T12:16:41.177324
45917,,-52,45,2479,2008,70480,64900,4541,0,4,0,0,0,14:33:5C:6D:AF:58,0,0,CALIB,1,0,1,80:02:9C:61:97:4B,11,24,391.7,80:02:9C:61:97:4A,0,0,NONE,2026-08-19T12:16:41.406324
45917,PROBE_RESP,-88,9,0,4036,70480,64900,4940,0,4,0,0,0,14:33:5C:6D:AF:58,0,0,CALIB,1,0,0,80:02:9C:61:97:4B,11,6,117,80:02:9C:61:97:4A,0,0,NONE,2026-08-19T12:16:41.805324
45917,,-72,25,21107,1990,70480,64900,5209,0,4,0,0,0,14:33:5C:6D:AF:58,0,1,CALIB,1,0,1,80:02:9C:61:97:4B,11,1,82.2,80:02:9C:61:97:4A,0,0,NONE,2026-08-19T12:16:42.074324
45917,,-52,45,1937,55,70480,64900,5550,0,4,0,0,0,14:33:5C:6D:AF:58,0,0,CALIB,1,0,1,80:02:9C:61:97:4B,11,5,106.9,80:02:9C:61:97:4A,0,0,NONE,2026-08-19T12:16:42.415324
45917,,-58,39,0,1145,70480,64900,5957,0,4,0,0,0,14:33:5C:6D:AF:58,0,0,CALIB,1,0,1,80:02:9C:61:97:4B,11,3,68,80:02:9C:61:97:4A,0,0,NONE,2026-08-19T12:16:42.822324
45917,BEACON,-90,7,0,3668,70472,64900,6189,0,4,0,0,0,14:33:5C:6D:AF:58,0,0,CALIB,1,0,1,80:02:9C:61:97:4B,11,19,261.8,80:02:9C:61:97:4A,0,0,NONE,2026-08-19T12:16:43.054324
45917,,-52,45,390,2032,70472,64900,6502,0,4,0,0,0,14:33:5C:6D:AF:58,0,0,CALIB,1,0,0,80:02:9C:61:97:4B,11,23,286.4,80:02:9C:61:97:4A,0,0,NONE,2026-08-19T12:16:43.367324
45917,,-59,38,0,1172,70472,64900,7052,0,4,0,0,0,14:33:5C:6D:AF:58,0,0,CALIB,1,0,1,80:02:9C:61:97:4B,11,2,147.4,80:02:9C:61:97:4A,0,0,NONE,2026-08-19T12:16:43.917324
45917,,-53,44,0,2039,68796,63512,7462,0,4,0,0,0,14:33:5C:6D:AF:58,0,0,CALIB,1,0,0,80:02:9C:61:97:4B,11,18,1459.5,80:02:9C:61:97:4A,0,0,NONE,2026-08-19T12:16:44.327324
45917,BEACON,-83,14,78,2417,70480,63512,7585,0,4,0,0,0,14:33:5C:6D:AF:58,0,1,CALIB,1,0,1,80:02:9C:61:97:4B,11,9,263,80:02:9C:61:97:4A,0,0,NONE,2026-08-19T12:16:44.450324
45917,MGMT_OTHER,-82,15,982,709,70480,63512,7711,0,10,0,0,0,14:33:5C:6D:AF:58,0,1,CALIB,1,0,1,80:02:9C:61:97:4B,11,18,317.8,80:02:9C:61:97:4A,0,0,NONE,2026-08-19T12:16:44.575693
45917,PROBE_REQ,-87,10,125,13,70480,63512,7802,0,10,0,0,0,14:33:5C:6D:AF:58,0,1,CALIB,1,0,0,80:02:9C:61:97:4B,11,32,674.3,80:02:9C:61:97:4A,0,0,NONE,2026-08-19T12:16:44.666693
45917,PROBE_REQ,-86,11,5065,5,70480,63512,7864,0,12,0,0,0,14:33:5C:6D:AF:58,0,1,CALIB,1,0,1,80:02:9C:61:97:4B,11,4,443.3,80:02:9C:61:97:4A,0,0,NONE,2026-08-19T12:16:44.728693
45917,,-53,44,0,297,70480,63512,7927,0,12,0,0,0,14:33:5C:6D:AF:58,0,1,CALIB,1,0,0,80:02:9C:61:97:4B,11,54,749.6,80:02:9C:61:97:4A,0,0,NONE,2026-08-19T12:16:44.791693
45917,PROBE_REQ,-89,8,883,7,70408,63384,7982,0,14,0,0,0,14:33:5C:6D:AF:58,0,1,CALIB,1,0,1,80:02:9C:61:97:4B,11,25,1028.8,80:02:9C:61:97:4A,0,0,NONE,2026-08-19T12:16:44.846693
45917,MGMT_OTHER,-88,9,1962,3562,70480,63384,8052,0,14,0,0,0,14:33:5C:6D:AF:58,0,1,CALIB,1,0,1,80:02:9C:61:97:4B,11,75,796.3,80:02:9C:61:97:4A,0,0,NONE,2026-08-19T12:16:44.916693
45917,,34,34,0,1023,70480,63384,8224,0,18,0,0,0,14:33:5C:6D:AF:58,0,1,CALIB,1,0,1,80:02:9C:61:97:4B,11,7,185.8,80:02:9C:61:97:4A,0,0,NONE,2026-08-19T12:16:45.088693
45917,,-50,47,32881,2832,70480,63384,8828,0,18,0,0,0,14:33:5C:6D:AF:58,0,0,CALIB,1,0,1,80:02:9C:61:97:4B,11,8,103.5,80:02:9C:61:97:4A,0,0,NONE,2026-08-19T12:16:45.692693
45917,,36,36,0,1023,70480,63384,9153,0,18,0,0,0,14:33:5C:6D:AF:58,0,0,CALIB,1,0,1,80:02:9C:61:97:4B,11,11,115.4,80:02:9C:61:97:4A,0,0,NONE,2026-08-19T12:16:46.017693
45917,BEACON,-53,44,0,3492,70480,63384,9602,0,18,0,0,0,14:33:5C:6D:AF:58,0,0,CALIB,1,0,1,80:02:9C:61:97:4B,11,2,62.9,80:02:9C:61:97:4A,0,0,NONE,2026-08-19T12:16:46.466693
45917,,34,34,0,1023,70480,63384,9712,0,18,0,0,0,14:33:5C:6D:AF:58,0,0,CALIB,1,0,0,80:02:9C:61:97:4B,11,34,821.1,80:02:9C:61:97:4A,0,0,NONE,2026-08-19T12:16:46.576693
45917,,-92,5,0,3469,70480,63384,9968,0,18,0,0,0,14:33:5C:6D:AF:58,0,1,CALIB,1,0,1,80:02:9C:61:97:4B,11,14,154,80:02:9C:61:97:4A,0,0,NONE,2026-08-19T12:16:46.832693
45917,,41,41,0,1023,70472,63384,10243,0,18,0,0,0,14:33:5C:6D:AF:58,0,0,CALIB,1,0,0,80:02:9C:61:97:4B,11,15,261.8,80:02:9C:61:97:4A,0,0,NONE,2026-08-19T12:16:47.107693
45917,,-55,42,98957,2847,70472,63384,10628,0,18,0,0,0,14:33:5C:6D:AF:58,0,0,CALIB,1,0,1,80:02:9C:61:97:4B,11,4,118.9,80:02:9C:61:97:4A,0,0,NONE,2026-08-19T12:16:47.492537
45917,,-53,44,60631,2852,70480,63384,11099,0,18,0,0,0,14:33:5C:6D:AF:58,0,0,CALIB,1,0,1,80:02:9C:61:97:4B,11,5,52.8,80:02:9C:61:97:4A,0,0,NONE,2026-08-19T12:16:47.963537
45917,,-53,44,0,353,70480,63384,11461,0,18,0,0,0,14:33:5C:6D:AF:58,0,0,CALIB,1,0,0,80:02:9C:61:97:4B,11,20,408.9,80:02:9C:61:97:4A,0,0,NONE,2026-08-19T12:16:48.325537
45917,,-61,36,0,1237,70480,63384,11682,0,18,0,0,0,14:33:5C:6D:AF:58,0,0,CALIB,1,0,1,80:02:9C:61:97:4B,11,7,109,80:02:9C:61:97:4A,0,0,NONE,2026-08-19T12:16:48.546537
45917,BEACON,-84,13,0,2463,70480,63384,12090,0,18,0,0,0,14:33:5C:6D:AF:58,0,0,CALIB,1,0,1,80:02:9C:61:97:4B,11,11,173.7,80:02:9C:61:97:4A,0,0,NONE,2026-08-19T12:16:48.954537
45917,,-53,44,250,76,70480,63384,12250,0,18,0,0,0,14:33:5C:6D:AF:58,0,0,CALIB,1,0,0,80:02:9C:61:97:4B,11,23,1247.8,80:02:9C:61:97:4A,0,0,NONE,2026-08-19T12:16:49.114537
45917,,-54,43,665,93,70480,62224,12306,0,18,0,0,0,14:33:5C:6D:AF:58,0,0,CALIB,1,0,0,80:02:9C:61:97:4B,11,73,974.6,80:02:9C:61:97:4A,0,0,NONE,2026-08-19T12:16:49.170537
45917,,-54,43,266,122,70480,62224,12330,0,46,0,0,0,14:33:5C:6D:AF:58,0,0,CALIB,1,0,0,80:02:9C:61:97:4B,11,123,1252.1,80:02:9C:61:97:4A,0,0,NONE,2026-08-19T12:16:49.194537
45917,,42,42,0,1023,70480,62224,12345,0,46,0,0,0,14:33:5C:6D:AF:58,0,1,CALIB,1,0,1,80:02:9C:61:97:4B,11,49,4291.8,80:02:9C:61:97:4A,0,0,NONE,2026-08-19T12:16:49.209537
45917,,-54,43,4087,190,70480,62224,12376,0,63,0,0,0,14:33:5C:6D:AF:58,0,1,CALIB,1,0,1,80:02:9C:61:97:4B,11,99,2327.1,80:02:9C:61:97:4A,0,0,NONE,2026-08-19T12:16:49.240537
45917,,42,42,0,1023,70480,62224,12383,0,63,0,0,0,14:33:5C:6D:AF:58,0,1,CALIB,1,0,1,80:02:9C:61:97:4B,11,149,3000.8,80:02:9C:61:97:4A,0,0,NONE,2026-08-19T12:16:49.247537
45917,,-54,43,266,273,70480,62224,12403,0,63,0,0,0,14:33:5C:6D:AF:58,0,1,CALIB,1,0,0,80:02:9C:61:97:4B,11,199,2870.6,80:02:9C:61:97:4A,0,0,NONE,2026-08-19T12:16:49.267537
45917,,-53,44,267,314,70480,62224,12411,0,63,0,0,0,14:33:5C:6D:AF:58,0,1,CALIB,1,0,0,80:02:9C:61:97:4B,11,249,3197,80:02:9C:61:97:4A,0,0,NONE,2026-08-19T12:16:49.275537
45917,,-53,44,267,1401,70480,62224,12440,0,63,0,0,0,14:33:5C:6D:AF:58,0,1,CALIB,1,0,1,80:02:9C:61:97:4B,11,49,9681.9,80:02:9C:61:97:4A,0,0,NONE,2026-08-19T12:16:49.304537
45917,,-53,44,1101,378,69836,62224,12452,0,63,0,0,0,14:33:5C:6D:AF:58,0,1,CALIB,1,0,1,80:02:9C:61:97:4B,11,99,5810.9,80:02:9C:61:97:4A,0,0,NONE,2026-08-19T12:16:49.316537
45917,,-65,32,0,1288,70480,62224,12476,0,63,0,0,0,14:33:5C:6D:AF:58,0,1,CALIB,1,0,0,80:02:9C:61:97:4B,11,149,3600.9,80:02:9C:61:97:4A,0,0,NONE,2026-08-19T12:16:49.340537
45917,,-53,44,266,450,70480,62224,12492,0,63,0,0,0,14:33:5C:6D:AF:58,0,1,CALIB,1,0,0,80:02:9C:61:97:4B,11,199,3501.4,80:02:9C:61:97:4A,0,0,NONE,2026-08-19T12:16:49.356216
45917,,-73,24,399,1305,70204,62224,12580,0,63,0,0,0,14:33:5C:6D:AF:58,0,1,CALIB,1,0,1,80:02:9C:61:97:4B,11,40,994.9,80:02:9C:61:97:4A,0,0,NONE,2026-08-19T12:16:49.444216
45917,,-73,24,0,1316,69052,62224,12593,0,63,0,0,0,14:33:5C:6D:AF:58,0,1,CALIB,1,0,0,80:02:9C:61:97:4B,11,90,1693,80:02:9C:61:97:4A,0,0,NONE,2026-08-19T12:16:49.457216
45917,,-54,43,267,563,70480,62224,12613,0,63,0,0,0,14:33:5C:6D:AF:58,0,1,CALIB,1,0,0,80:02:9C:61:97:4B,11,140,1919.3,80:02:9C:61:97:4A,0,0,NONE,2026-08-19T12:16:49.477216
45917,,-54,43,267,605,70480,62224,12626,0,63,0,0,0,14:33:5C:6D:AF:58,0,1,CALIB,1,0,0,80:02:9C:61:97:4B,11,190,2197.1,80:02:9C:61:97:4A,0,0,NONE,2026-08-19T12:16:49.490216
45917,,-55,42,283,646,70480,62224,12652,0,63,0,0,0,14:33:5C:6D:AF:58,0,1,CALIB,1,0,0,80:02:9C:61:97:4B,11,49,4407.3,80:02:9C:61:97:4A,0,0,NONE,2026-08-19T12:16:49.516216
45917,,-55,42,195,686,70480,62224,12660,0,63,0,0,0,14:33:5C:6D:AF:58,0,1,CALIB,1,0,1,80:02:9C:61:97:4B,11,99,5328.9,80:02:9C:61:97:4A,0,0,NONE,2026-08-19T12:16:49.524216
45917,,-60,37,58,1244,70480,62224,12688,0,63,0,0,0,14:33:5C:6D:AF:58,0,1,CALIB,1,0,1,80:02:9C:61:97:4B,11,149,3173.7,80:02:9C:61:97:4A,0,0,NONE,2026-08-19T12:16:49.552216
45917,BEACON,-81,16,54,3735,70308,62224,13052,0,63,0,0,0,14:33:5C:6D:AF:58,0,0,CALIB,1,0,1,80:02:9C:61:97:4B,11,7,68.4,80:02:9C:61:97:4A,0,0,NONE,2026-08-19T12:16:49.916216
45917,BEACON,-81,16,54,2476,70480,62224,13225,0,63,0,0,0,14:33:5C:6D:AF:58,0,0,CALIB,1,0,1,80:02:9C:61:97:4B,11,23,323.9,80:02:9C:61:97:4A,0,0,NONE,2026-08-19T12:16:50.089216
45917,BEACON,-90,7,17096,1655,70432,62224,13693,0,63,0,0,0,14:33:5C:6D:AF:58,0,0,CALIB,1,0,1,80:02:9C:61:97:4B,11,1,34.8,80:02:9C:61:97:4A,0,0,NONE,2026-08-19T12:16:50.557216
45917,,-59,38,0,1257,70480,62224,13763,0,63,0,0,0,14:33:5C:6D:AF:58,0,0,CALIB,1,0,1,80:02:9C:61:97:4B,11,51,520.5,80:02:9C:61:97:4A,0,0,NONE,2026-08-19T12:16:50.627216
45917,BEACON,-54,43,0,3538,70480,62224,14003,0,63,0,0,0,14:33:5C:6D:AF:58,0,0,CALIB,1,0,1,80:02:9C:61:97:4B,11,2,69,80:02:9C:61:97:4A,0,0,NONE,2026-08-19T12:16:50.867216
45917,,-53,44,0,2114,70480,62224,14322,0,63,0,0,0,14:33:5C:6D:AF:58,0,0,CALIB,1,0,0,80:02:9C:61:97:4B,11,16,379.2,80:02:9C:61:97:4A,0,0,NONE,2026-08-19T12:16:51.186216
45917,BEACON,-88,9,0,1665,70480,62224,14717,0,63,0,0,0,14:33:5C:6D:AF:58,0,0,CALIB,1,0,1,80:02:9C:61:97:4B,11,2,73.2,80:02:9C:61:97:4A,0,0,NONE,2026-08-19T12:16:51.581216
45917,PROBE_REQ,-82,15,125,1,70408,62224,14797,0,63,0,0,0,14:33:5C:6D:AF:58,0,1,CALIB,1,0,0,80:02:9C:61:97:4B,11,15,2127.4,80:02:9C:61:97:4A,0,0,NONE,2026-08-19T12:16:51.661216
45917,PROBE_RESP,-88,9,0,4039,70480,60308,14855,0,63,0,0,0,14:33:5C:6D:AF:58,0,1,CALIB,1,0,1,80:02:9C:61:97:4B,11,65,1005.1,80:02:9C:61:97:4A,0,0,NONE,2026-08-19T12:16:51.719216
45917,PROBE_REQ,-83,14,1583,15,70480,60308,14965,0,63,0,0,0,14:33:5C:6D:AF:58,0,1,CALIB,1,0,0,80:02:9C:61:97:4B,11,24,336.8,80:02:9C:61:97:4A,0,0,NONE,2026-08-19T12:16:51.829216
45917,PROBE_REQ,-83,14,1217,13,70408,60308,15044,0,63,0,0,0,14:33:5C:6D:AF:58,0,1,CALIB,1,0,1,80:02:9C:61:97:4B,11,35,745.3,80:02:9C:61:97:4A,0,0,NONE,2026-08-19T12:16:51.908216
45917,MGMT_OTHER,-86,11,654,1580,70404,60308,15094,0,63,0,0,0,14:33:5C:6D:AF:58,0,1,CALIB,1,0,1,80:02:9C:61:97:4B,11,85,878.4,80:02:9C:61:97:4A,0,0,NONE,2026-08-19T12:16:51.958216
45917,PROBE_REQ,-82,15,124,443,70396,60308,15136,0,63,0,0,0,14:33:5C:6D:AF:58,0,1,CALIB,1,0,1,80:02:9C:61:97:4B,11,42,1106.1,80:02:9C:61:97:4A,0,0,NONE,2026-08-19T12:16:52.000216
45917,MGMT_OTHER,-87,10,5458,3244,70480,60308,15213,0,63,0,0,0,14:33:5C:6D:AF:58,0,1,CALIB,1,0,1,80:02:9C:61:97:4B,11,3,213.5,80:02:9C:61:97:4A,0,0,NONE,2026-08-19T12:16:52.077216
45917,MGMT_OTHER,-88,9,1169,2298,70480,60308,15268,0,63,0,0,0,14:33:5C:6D:AF:58,0,1,CALIB,1,0,1,80:02:9C:61:97:4B,11,53,762.5,80:02:9C:61:97:4A,0,0,NONE,2026-08-19T12:16:52.132216
45917,BEACON,-54,43,200,3552,70480,60308,15335,0,63,0,0,0,14:33:5C:6D:AF:58,0,1,CALIB,1,0,1,80:02:9C:61:97:4B,11,21,592.3,80:02:9C:61:97:4A,0,0,NONE,2026-08-19T12:16:52.199216
45917,PROBE_REQ,-83,14,1373,13,70480,60308,15400,0,63,0,0,0,14:33:5C:6D:AF:58,0,1,CALIB,1,0,0,80:02:9C:61:97:4B,11,71,705.8,80:02:9C:61:97:4A,0,0,NONE,2026-08-19T12:16:52.264216
45917,,-53,44,292,418,70480,60308,15869,0,63,0,0,0,14:33:5C:6D:AF:58,0,0,CALIB,1,0,0,80:02:9C:61:97:4B,11,5,96,80:02:9C:61:97:4A,0,0,NONE,2026-08-19T12:16:52.733216
45917,,-75,22,4381,2079,70472,60308,16184,0,63,0,0,0,14:33:5C:6D:AF:58,0,0,CALIB,1,0,0,80:02:9C:61:97:4B,11,10,166.6,80:02:9C:61:97:4A,0,0,NONE,2026-08-19T12:16:53.048216
45917,,35,35,0,1023,70472,60308,16508,0,63,0,0,0,14:33:5C:6D:AF:58,0,0,CALIB,1,0,0,80:02:9C:61:97:4B,11,23,292.2,80:02:9C:61:97:4A,0,0,NONE,2026-08-19T12:16:53.372216
45917,,-60,37,0,1286,70472,60308,16992,0,63,0,0,0,14:33:5C:6D:AF:58,0,0,CALIB,1,0,1,80:02:9C:61:97:4B,11,3,61.2,80:02:9C:61:97:4A,0,0,NONE,2026-08-19T12:16:53.856216
45917,,-73,24,17221,2103,70480,60308,17289,0,63,0,0,0,14:33:5C:6D:AF:58,0,0,CALIB,1,0,1,80:02:9C:61:97:4B,11,5,129,80:02:9C:61:97:4A,0,0,NONE,2026-08-19T12:16:54.153216
45917,BEACON,-80,17,0,3779,70480,60308,17558,0,63,0,0,0,14:33:5C:6D:AF:58,0,0,CALIB,1,0,1,80:02:9C:61:97:4B,11,24,233.9,80:02:9C:61:97:4A,0,0,NONE,2026-08-19T12:16:54.422216
45917,BEACON,-82,15,0,3786,70480,60308,18274,0,63,0,0,0,14:33:5C:6D:AF:58,0,0,CALIB,1,0,1,80:02:9C:61:97:4B,11,5,48.8,80:02:9C:61:97:4A,0,0,NONE,2026-08-19T12:16:55.138216
45917,BEACON,-89,8,0,1702,70480,60308,18508,0,63,0,0,0,14:33:5C:6D:AF:58,0,0,CALIB,1,0,1,80:02:9C:61:97:4B,11,1,34.8,80:02:9C:61:97:4A,0,0,NONE,2026-08-19T12:16:55.372216
45917,BEACON,-88,9,82,1707,70480,60308,19017,0,63,0,0,0,14:33:5C:6D:AF:58,0,0,CALIB,1,0,1,80:02:9C:61:97:4B,11,2,77.8,80:02:9C:61:97:4A,0,0,NONE,2026-08-19T12:16:55.881216
45917,,-71,26,3056,2123,70480,60308,19436,0,63,0,0,0,14:33:5C:6D:AF:58,0,0,CALIB,1,0,1,80:02:9C:61:97:4B,11,6,167.9,80:02:9C:61:97:4A,0,0,NONE,2026-08-19T12:16:56.300216
45917,,-52,45,371,2185,70480,60308,19802,0,63,0,0,0,14:33:5C:6D:AF:58,0,0,CALIB,1,0,1,80:02:9C:61:97:4B,11,24,254.5,80:02:9C:61:97:4A,0,0,NONE,2026-08-19T12:16:56.666216
45917,,-54,43,0,484,70480,60308,20184,0,63,0,0,0,14:33:5C:6D:AF:58,0,0,CALIB,1,0,0,80:02:9C:61:97:4B,11,10,156.4,80:02:9C:61:97:4A,0,0,NONE,2026-08-19T12:16:57.048216
45917,,-53,44,367,740,70480,60308,20400,0,63,0,0,0,14:33:5C:6D:AF:58,0,0,CALIB,1,0,0,80:02:9C:61:97:4B,11,33,668.7,80:02:9C:61:97:4A,0,0,NONE,2026-08-19T12:16:57.264216
45917,,-53,44,266,760,70480,60308,20463,0,63,0,0,0,14:33:5C:6D:AF:58,0,1,CALIB,1,0,0,80:02:9C:61:97:4B,11,29,2650.6,80:02:9C:61:97:4A,0,0,NONE,2026-08-19T12:16:57.327216
45917,,-73,24,426,1385,70464,60308,20483,0,63,0,0,0,14:33:5C:6D:AF:58,0,1,CALIB,1,0,1,80:02:9C:61:97:4B,11,79,2556.1,80:02:9C:61:97:4A,0,0,NONE,2026-08-19T12:16:57.347216
45917,,43,43,0,1023,70480,60308,20491,0,63,0,0,0,14:33:5C:6D:AF:58,0,1,CALIB,1,0,1,80:02:9C:61:97:4B,11,129,3261.6,80:02:9C:61:97:4A,0,0,NONE,2026-08-19T12:16:57.355216
45917,,-53,44,266,878,70480,60308,20511,0,63,0,0,0,14:33:5C:6D:AF:58,0,1,CALIB,1,0,0,80:02:9C:61:97:4B,11,179,3017.8,80:02:9C:61:97:4A,0,0,NONE,2026-08-19T12:16:57.375216
45917,,43,43,0,1023,70480,60308,20528,0,63,0,0,0,14:33:5C:6D:AF:58,0,1,CALIB,1,0,1,80:02:9C:61:97:4B,11,229,3009.6,80:02:9C:61:97:4A,0,0,NONE,2026-08-19T12:16:57.392216
45917,,-72,25,267,2128,70480,60308,20548,0,63,0,0,0,14:33:5C:6D:AF:58,0,1,CALIB,1,0,1,80:02:9C:61:97:4B,11,279,2911.4,80:02:9C:61:97:4A,0,0,NONE,2026-08-19T12:16:57.412216
45917,,-53,44,266,996,70480,60308,20566,0,63,0,0,0,14:33:5C:6D:AF:58,0,1,CALIB,1,0,0,80:02:9C:61:97:4B,11,49,3883,80:02:9C:61:97:4A,0,0,NONE,2026-08-19T12:16:57.430216
45917,,-53,44,266,1036,69468,60308,20586,0,63,0,0,0,14:33:5C:6D:AF:58,0,1,CALIB,1,0,0,80:02:9C:61:97:4B,11,99,3046.2,80:02:9C:61:97:4A,0,0,NONE,2026-08-19T12:16:57.450216
45917,,-53,44,119,1069,70480,60308,20599,0,63,0,0,0,14:33:5C:6D:AF:58,0,1,CALIB,1,0,0,80:02:9C:61:97:4B,11,149,3207.8,80:02:9C:61:97:4A,0,0,NONE,2026-08-19T12:16:57.463216
45917,,-53,44,338,1097,70480,60308,20628,0,63,0,0,0,14:33:5C:6D:AF:58,0,1,CALIB,1,0,0,80:02:9C:61:97:4B,11,199,2659,80:02:9C:61:97:4A,0,0,NONE,2026-08-19T12:16:57.492216
45917,,-53,44,267,1119,70480,60308,20640,0,63,0,0,0,14:33:5C:6D:AF:58,0,1,CALIB,1,0,0,80:02:9C:61:97:4B,11,249,2858.2,80:02:9C:61:97:4A,0,0,NONE,2026-08-19T12:16:57.504216
45917,,-53,44,267,1154,70480,60308,20711,0,63,0,0,0,14:33:5C:6D:AF:58,0,1,CALIB,1,0,0,80:02:9C:61:97:4B,11,49,885.8,80:02:9C:61:97:4A,0,0,NONE,2026-08-19T12:16:57.575216
45917,,-53,44,500,1192,70480,60308,20726,0,63,0,0,0,14:33:5C:6D:AF:58,0,1,CALIB,1,0,0,80:02:9C:61:97:4B,11,99,1392.8,80:02:9C:61:97:4A,0,0,NONE,2026-08-19T12:16:57.590216
45917,,-53,44,267,1228,70480,60308,20753,0,63,0,0,0,14:33:5C:6D:AF:58,0,1,CALIB,1,0,0,80:02:9C:61:97:4B,11,149,1522.8,80:02:9C:61:97:4A,0,0,NONE,2026-08-19T12:16:57.617216
45917,,-53,44,266,1260,69836,60308,20764,0,63,0,0,0,14:33:5C:6D:AF:58,0,1,CALIB,1,0,1,80:02:9C:61:97:4B,11,48,5762.3,80:02:9C:61:97:4A,0,0,NONE,2026-08-19T12:16:57.628216
45917,,-54,43,266,1302,70480,60308,20785,0,63,0,0,0,14:33:5C:6D:AF:58,0,1,CALIB,1,0,0,80:02:9C:61:97:4B,11,98,3270.4,80:02:9C:61:97:4A,0,0,NONE,2026-08-19T12:16:57.649216
45917,,-72,25,408,1508,70480,60308,20792,0,63,0,0,0,14:33:5C:6D:AF:58,0,1,CALIB,1,0,1,80:02:9C:61:97:4B,11,148,3994.9,80:02:9C:61:97:4A,0,0,NONE,2026-08-19T12:16:57.656216
45917,,-53,44,205,1369,70104,60308,20812,0,63,0,0,0,14:33:5C:6D:AF:58,0,1,CALIB,1,0,1,80:02:9C:61:97:4B,11,198,3492.4,80:02:9C:61:97:4A,0,0,NONE,2026-08-19T12:16:57.676216
45917,,-53,44,267,1411,70480,60308,20825,0,63,0,0,0,14:33:5C:6D:AF:58,0,1,CALIB,1,0,0,80:02:9C:61:97:4B,11,248,3565.2,80:02:9C:61:97:4A,0,0,NONE,2026-08-19T12:16:57.689216
45917,,-53,44,267,1457,70480,60308,20854,0,63,0,0,0,14:33:5C:6D:AF:58,0,1,CALIB,1,0,0,80:02:9C:61:97:4B,11,298,3036.6,80:02:9C:61:97:4A,0,0,NONE,2026-08-19T12:16:57.718216
45917,,-53,44,267,1480,70480,60308,20867,0,63,0,0,0,14:33:5C:6D:AF:58,0,1,CALIB,1,0,0,80:02:9C:61:97:4B,11,49,4444,80:02:9C:61:97:4A,0,0,NONE,2026-08-19T12:16:57.731216
45917,,-73,24,26267,2140,70480,60308,20976,0,63,0,0,0,14:33:5C:6D:AF:58,0,1,CALIB,1,0,1,80:02:9C:61:97:4B,11,2,179.9,80:02:9C:61:97:4A,0,0,NONE,2026-08-19T12:16:57.840216
45917,BEACON,-77,20,55,2559,70480,60308,21204,0,63,0,0,0,14:33:5C:6D:AF:58,0,0,CALIB,1,0,1,80:02:9C:61:97:4B,11,11,304.1,80:02:9C:61:97:4A,0,0,NONE,2026-08-19T12:16:58.068216
45917,PROBE_REQ,-83,14,666,6,70392,60308,21461,0,63,0,0,0,14:33:5C:6D:AF:58,0,0,CALIB,1,0,1,80:02:9C:61:97:4B,11,31,359.8,80:02:9C:61:97:4A,0,0,NONE,2026-08-19T12:16:58.325216
45917,PROBE_REQ,-83,14,1500,3,70480,60308,21513,0,63,0,0,0,14:33:5C:6D:AF:58,0,1,CALIB,1,0,1,80:02:9C:61:97:4B,11,36,963.9,80:02:9C:61:97:4A,0,0,NONE,2026-08-19T12:16:58.377216
45917,PROBE_REQ,-83,14,560,9,70480,60308,21556,0,63,0,0,0,14:33:5C:6D:AF:58,0,1,CALIB,1,0,0,80:02:9C:61:97:4B,11,86,1067.7,80:02:9C:61:97:4A,0,0,NONE,2026-08-19T12:16:58.420216
45917,MGMT_OTHER,-85,12,1961,1886,70480,60308,21624,0,63,0,0,0,14:33:5C:6D:AF:58,0,1,CALIB,1,0,1,80:02:9C:61:97:4B,11,33,738.7,80:02:9C:61:97:4A,0,0,NONE,2026-08-19T12:16:58.488216
45917,,41,41,0,1023,70480,60308,21662,0,63,0,0,0,14:33:5C:6D:AF:58,0,1,CALIB,1,0,1,80:02:9C:61:97:4B,11,83,1006.2,80:02:9C:61:97:4A,0,0,NONE,2026-08-19T12:16:58.526216
45917,MGMT_OTHER,-83,14,1961,726,70480,60308,21712,0,63,0,0,0,14:33:5C:6D:AF:58,0,1,CALIB,1,0,1,80:02:9C:61:97:4B,11,33,1028.8,80:02:9C:61:97:4A,0,0,NONE,2026-08-19T12:16:58.576216
45917,,40,40,0,1023,70480,60308,21762,0,63,0,0,0,14:33:5C:6D:AF:58,0,1,CALIB,1,0,1,80:02:9C:61:97:4B,11,83,1004.3,80:02:9C:61:97:4A,0,0,NONE,2026-08-19T12:16:58.626216
45917,,43,43,0,1023,70480,60308,21841,0,63,0,0,0,14:33:5C:6D:AF:58,0,1,CALIB,1,0,0,80:02:9C:61:97:4B,11,35,575.4,80:02:9C:61:97:4A,0,0,NONE,2026-08-19T12:16:58.705216
45917,,-53,44,292,520,70480,60308,21917,0,63,0,0,0,14:33:5C:6D:AF:58,0,1,CALIB,1,0,0,80:02:9C:61:97:4B,11,17,600.6,80:02:9C:61:97:4A,0,0,NONE,2026-08-19T12:16:58.781216
45917,,43,43,0,1023,70480,60308,22103,0,63,0,0,0,14:33:5C:6D:AF:58,0,0,CALIB,1,0,0,80:02:9C:61:97:4B,11,6,483.6,80:02:9C:61:97:4A,0,0,NONE,2026-08-19T12:16:58.967216
45917,,-69,28,0,2170,70480,60308,22228,0,63,0,0,0,14:33:5C:6D:AF:58,0,1,CALIB,1,0,1,80:02:9C:61:97:4B,11,9,242.9,80:02:9C:61:97:4A,0,0,NONE,2026-08-19T12:16:59.092216
45917,,-53,44,292,533,70480,60308,22426,0,63,0,0,0,14:33:5C:6D:AF:58,0,0,CALIB,1,0,0,80:02:9C:61:97:4B,11,15,557.8,80:02:9C:61:97:4A,0,0,NONE,2026-08-19T12:16:59.290216
45917,,-72,25,2879,2180,70480,60308,22564,0,63,0,0,0,14:33:5C:6D:AF:58,0,1,CALIB,1,0,0,80:02:9C:61:97:4B,11,20,323.4,80:02:9C:61:97:4A,0,0,NONE,2026-08-19T12:16:59.428216
45917,,41,41,0,1023,70480,60308,22704,0,63,0,0,0,14:33:5C:6D:AF:58,0,1,CALIB,1,0,0,80:02:9C:61:97:4B,11,44,439.2,80:02:9C:61:97:4A,0,0,NONE,2026-08-19T12:16:59.568216
45917,,41,41,0,1023,70480,60308,22807,0,63,0,0,0,14:33:5C:6D:AF:58,0,1,CALIB,1,0,0,80:02:9C:61:97:4B,11,50,485.3,80:02:9C:61:97:4A,0,0,NONE,2026-08-19T12:16:59.671216
45917,,-72,25,6511,2200,70480,60308,23068,0,63,0,0,0,14:33:5C:6D:AF:58,0,0,CALIB,1,0,0,80:02:9C:61:97:4B,11,9,164.3,80:02:9C:61:97:4A,0,0,NONE,2026-08-19T12:16:59.932216
45917,BEACON,-79,18,0,2581,70480,60308,23354,0,63,0,0,0,14:33:5C:6D:AF:58,0,0,CALIB,1,0,1,80:02:9C:61:97:4B,11,3,81.7,80:02:9C:61:97:4A,0,0,NONE,2026-08-19T12:17:00.218216
45917,,50,50,0,1023,70480,60308,23716,0,63,0,0,0,14:33:5C:6D:AF:58,0,0,CALIB,1,0,0,80:02:9C:61:97:4B,11,14,152.6,80:02:9C:61:97:4A,0,0,NONE,2026-08-19T12:17:00.580216
45917,,-46,51,0,1632,70480,60308,24040,0,63,0,0,0,14:33:5C:6D:AF:58,0,0,CALIB,1,0,1,80:02:9C:61:97:4B,11,13,157.9,80:02:9C:61:97:4A,0,0,NONE,2026-08-19T12:17:00.904216
45917,,43,43,0,1023,70480,60308,24460,0,63,0,0,0,14:33:5C:6D:AF:58,0,0,CALIB,1,0,0,80:02:9C:61:97:4B,11,11,134.8,80:02:9C:61:97:4A,0,0,NONE,2026-08-19T12:17:01.324216
45917,,-54,43,60699,2884,70480,60308,24830,0,63,0,0,0,14:33:5C:6D:AF:58,0,0,CALIB,1,0,1,80:02:9C:61:97:4B,11,2,46.6,80:02:9C:61:97:4A,0,0,NONE,2026-08-19T12:17:01.694216
45917,,-59,38,0,1359,70480,60308,25223,0,63,0,0,0,14:33:5C:6D:AF:58,0,0,CALIB,1,0,0,80:02:9C:61:97:4B,11,2,77.4,80:02:9C:61:97:4A,0,0,NONE,2026-08-19T12:17:02.087216
45917,,-54,43,291,576,70480,60308,25335,0,63,0,0,0,14:33:5C:6D:AF:58,0,0,CALIB,1,0,0,80:02:9C:61:97:4B,11,25,697.5,80:02:9C:61:97:4A,0,0,NONE,2026-08-19T12:17:02.199216
45917,,-73,24,3859,2219,70480,60308,25670,0,63,0,0,0,14:33:5C:6D:AF:58,0,0,CALIB,1,0,0,80:02:9C:61:97:4B,11,15,268.9,80:02:9C:61:97:4A,0,0,NONE,2026-08-19T12:17:02.534216
45917,,-74,23,18595,2231,70480,60308,25842,0,63,0,0,0,14:33:5C:6D:AF:58,0,1,CALIB,1,0,0,80:02:9C:61:97:4B,11,4,160.4,80:02:9C:61:97:4A,0,0,NONE,2026-08-19T12:17:02.706216
45917,,-53,44,75548,824,70480,60308,26304,0,63,0,0,0,14:33:5C:6D:AF:58,0,0,CALIB,1,0,1,80:02:9C:61:97:4B,11,4,93.9,80:02:9C:61:97:4A,0,0,NONE,2026-08-19T12:17:03.168216
45917,,35,35,0,1023,70480,60308,26666,0,63,0,0,0,14:33:5C:6D:AF:58,0,0,CALIB,1,0,0,80:02:9C:61:97:4B,11,19,196.5,80:02:9C:61:97:4A,0,0,NONE,2026-08-19T12:17:03.530216
45917,,43,43,0,1023,70480,60308,26830,0,63,0,0,0,14:33:5C:6D:AF:58,0,0,CALIB,1,0,0,80:02:9C:61:97:4B,11,33,570.5,80:02:9C:61:97:4A,0,0,NONE,2026-08-19T12:17:03.694216
45917,,43,43,0,1023,70480,60308,26869,0,63,0,0,0,14:33:5C:6D:AF:58,0,0,CALIB,1,0,0,80:02:9C:61:97:4B,11,83,851.1,80:02:9C:61:97:4A,0,0,NONE,2026-08-19T12:17:03.733216
45917,,43,43,0,1023,70480,60308,26925,0,63,0,0,0,14:33:5C:6D:AF:58,0,1,CALIB,1,0,0,80:02:9C:61:97:4B,11,47,883.7,80:02:9C:61:97:4A,0,0,NONE,2026-08-19T12:17:03.789216
45917,,43,43,0,1023,70480,60308,26959,0,63,0,0,0,14:33:5C:6D:AF:58,0,1,CALIB,1,0,0,80:02:9C:61:97:4B,11,97,1114.5,80:02:9C:61:97:4A,0,0,NONE,2026-08-19T12:17:03.823216
45917,,43,43,0,1023,70480,60308,26988,0,63,0,0,0,14:33:5C:6D:AF:58,0,1,CALIB,1,0,0,80:02:9C:61:97:4B,11,26,1685,80:02:9C:61:97:4A,0,0,NONE,2026-08-19T12:17:03.852216
45917,,43,43,0,1023,70480,60308,27033,0,63,0,0,0,14:33:5C:6D:AF:58,0,1,CALIB,1,0,0,80:02:9C:61:97:4B,11,76,1248.8,80:02:9C:61:97:4A,0,0,NONE,2026-08-19T12:17:03.897216
45917,,25,25,0,1023,70480,60308,27077,0,63,0,0,0,14:33:5C:6D:AF:58,0,1,CALIB,1,0,0,80:02:9C:61:97:4B,11,5,1001.6,80:02:9C:61:97:4A,0,0,NONE,2026-08-19T12:17:03.941216
45917,,43,43,0,1023,70480,60308,27128,0,63,0,0,0,14:33:5C:6D:AF:58,0,1,CALIB,1,0,1,80:02:9C:61:97:4B,11,55,982.6,80:02:9C:61:97:4A,0,0,NONE,2026-08-19T12:17:03.992216
45917,,43,43,0,1023,70480,60308,27161,0,63,0,0,0,14:33:5C:6D:AF:58,0,1,CALIB,1,0,0,80:02:9C:61:97:4B,11,105,1179.9,80:02:9C:61:97:4A,0,0,NONE,2026-08-19T12:17:04.025216
45917,,-53,44,0,2272,70480,60308,27197,0,63,0,0,0,14:33:5C:6D:AF:58,0,1,CALIB,1,0,0,80:02:9C:61:97:4B,11,49,4103.2,80:02:9C:61:97:4A,0,0,NONE,2026-08-19T12:17:04.061216
45917,,43,43,0,1023,70480,60308,27232,0,63,0,0,0,14:33:5C:6D:AF:58,0,1,CALIB,1,0,0,80:02:9C:61:97:4B,11,99,2100.7,80:02:9C:61:97:4A,0,0,NONE,2026-08-19T12:17:04.096216
45917,,33,33,0,1023,70480,60308,27302,0,63,0,0,0,14:33:5C:6D:AF:58,0,1,CALIB,1,0,0,80:02:9C:61:97:4B,11,10,587.6,80:02:9C:61:97:4A,0,0,NONE,2026-08-19T12:17:04.166216
45917,,-52,45,65137,609,70480,60308,27612,0,63,0,0,0,14:33:5C:6D:AF:58,0,0,CALIB,1,0,1,80:02:9C:61:97:4B,11,1,52.3,80:02:9C:61:97:4A,0,0,NONE,2026-08-19T12:17:04.476216
45917,,-53,44,9348,830,70480,60308,27943,0,63,0,0,0,14:33:5C:6D:AF:58,0,0,CALIB,1,0,1,80:02:9C:61:97:4B,11,4,223,80:02:9C:61:97:4A,0,0,NONE,2026-08-19T12:17:04.807216
45917,,-82,15,0,2552,70480,60308,28381,0,63,0,0,0,14:33:5C:6D:AF:58,0,0,CALIB,1,0,1,80:02:9C:61:97:4B,11,7,166,80:02:9C:61:97:4A,0,0,NONE,2026-08-19T12:17:05.245216
45917,,50,50,0,1023,70480,60308,28585,0,63,0,0,0,14:33:5C:6D:AF:58,0,1,CALIB,1,0,1,80:02:9C:61:97:4B,11,5,120.4,80:02:9C:61:97:4A,0,0,NONE,2026-08-19T12:17:05.449216
45917,PROBE_REQ,-86,11,2162,13,70480,60308,28725,0,63,0,0,0,14:33:5C:6D:AF:58,0,0,CALIB,1,0,0,80:02:9C:61:97:4B,11,37,458,80:02:9C:61:97:4A,0,0,NONE,2026-08-19T12:17:05.589216
45917,MGMT_OTHER,-85,12,386,1716,70480,60308,28786,0,63,0,0,0,14:33:5C:6D:AF:58,0,1,CALIB,1,0,1,80:02:9C:61:97:4B,11,41,988.8,80:02:9C:61:97:4A,0,0,NONE,2026-08-19T12:17:05.650216
45917,,-53,44,0,643,68024,60308,28869,0,63,0,0,0,14:33:5C:6D:AF:58,0,1,CALIB,1,0,0,80:02:9C:61:97:4B,11,16,836.2,80:02:9C:61:97:4A,0,0,NONE,2026-08-19T12:17:05.733216
45917,,-83,14,64,54,70480,60308,28929,0,63,0,0,0,14:33:5C:6D:AF:58,0,1,CALIB,1,0,1,80:02:9C:61:97:4B,11,66,838,80:02:9C:61:97:4A,0,0,NONE,2026-08-19T12:17:05.793216
45917,PROBE_REQ,-85,12,143,4070,70404,60308,28997,0,63,0,0,0,14:33:5C:6D:AF:58,0,1,CALIB,1,0,1,80:02:9C:61:97:4B,11,37,832.9,80:02:9C:61:97:4A,0,0,NONE,2026-08-19T12:17:05.861216
45917,PROBE_REQ,-86,11,127,3,70480,60308,29052,0,63,0,0,0,14:33:5C:6D:AF:58,0,1,CALIB,1,0,0,80:02:9C:61:97:4B,11,87,869.1,80:02:9C:61:97:4A,0,0,NONE,2026-08-19T12:17:05.916216
45917,,-65,32,172,1331,70408,60308,29093,0,63,0,0,0,14:33:5C:6D:AF:58,0,1,CALIB,1,0,1,80:02:9C:61:97:4B,11,49,1277.8,80:02:9C:61:97:4A,0,0,NONE,2026-08-19T12:17:05.957216
45917,BEACON,-53,44,0,3710,70480,60308,29158,0,63,0,0,0,14:33:5C:6D:AF:58,0,1,CALIB,1,0,1,80:02:9C:61:97:4B,11,99,958.7,80:02:9C:61:97:4A,0,0,NONE,2026-08-19T12:17:06.022216
45917,BEACON,-90,7,0,1812,70480,60308,29770,0,63,0,0,0,14:33:5C:6D:AF:58,0,0,CALIB,1,0,1,80:02:9C:61:97:4B,11,6,95.5,80:02:9C:61:97:4A,0,0,NONE,2026-08-19T12:17:06.634216
45917,BEACON,-53,44,0,3722,70480,60308,30285,0,63,0,0,0,14:33:5C:6D:AF:58,0,0,CALIB,1,0,1,80:02:9C:61:97:4B,11,5,167.7,80:02:9C:61:97:4A,0,0,NONE,2026-08-19T12:17:07.149216
45917,BEACON,-89,8,113649,1824,70480,60308,30997,0,63,0,0,0,14:33:5C:6D:AF:58,0,0,CALIB,1,0,1,80:02:9C:61:97:4B,11,1,39,80:02:9C:61:97:4A,0,0,NONE,2026-08-19T12:17:07.861216
45917,PROBE_REQ,-85,12,16082,4005,70480,60308,31368,0,63,0,0,0,14:33:5C:6D:AF:58,0,0,CALIB,1,0,1,80:02:9C:61:97:4B,11,7,78.9,80:02:9C:61:97:4A,0,0,NONE,2026-08-19T12:17:08.232216
45917,,-54,43,75090,675,70480,60308,32007,0,63,0,0,0,14:33:5C:6D:AF:58,0,0,CALIB,1,0,1,80:02:9C:61:97:4B,11,1,84.7,80:02:9C:61:97:4A,0,0,NONE,2026-08-19T12:17:08.871216
45917,,-53,44,0,2341,70480,60308,32246,0,63,0,0,0,14:33:5C:6D:AF:58,0,0,CALIB,1,0,0,80:02:9C:61:97:4B,11,40,881.4,80:02:9C:61:97:4A,0,0,NONE,2026-08-19T12:17:09.110216
45917,BEACON,-89,8,0,1840,70480,60308,32636,0,63,0,0,0,14:33:5C:6D:AF:58,0,0,CALIB,1,0,1,80:02:9C:61:97:4B,11,2,83.6,80:02:9C:61:97:4A,0,0,NONE,2026-08-19T12:17:09.500216
45917,BEACON,-90,7,82,1846,70480,60308,33250,0,63,0,0,0,14:33:5C:6D:AF:58,0,0,CALIB,1,0,1,80:02:9C:61:97:4B,11,12,121.7,80:02:9C:61:97:4A,0,0,NONE,2026-08-19T12:17:10.114216
45917,,43,43,0,1023,70480,60308,33730,0,63,0,0,0,14:33:5C:6D:AF:58,0,0,CALIB,1,0,0,80:02:9C:61:97:4B,11,8,120.3,80:02:9C:61:97:4A,0,0,NONE,2026-08-19T12:17:10.594216
45917,,-76,21,0,1734,70480,60308,34060,0,63,0,0,0,14:33:5C:6D:AF:58,0,0,CALIB,1,0,0,80:02:9C:61:97:4B,11,17,189.5,80:02:9C:61:97:4A,0,0,NONE,2026-08-19T12:17:10.924216
45917,,-53,44,292,719,70480,60308,34433,0,63,0,0,0,14:33:5C:6D:AF:58,0,0,CALIB,1,0,0,80:02:9C:61:97:4B,11,6,113.7,80:02:9C:61:97:4A,0,0,NONE,2026-08-19T12:17:11.297216
45917,,40,40,0,1023,70480,60308,34605,0,63,0,0,0,14:33:5C:6D:AF:58,0,0,CALIB,1,0,0,80:02:9C:61:97:4B,11,3,153.5,80:02:9C:61:97:4A,0,0,NONE,2026-08-19T12:17:11.469216
45917,,-59,38,0,1443,70480,60308,34957,0,63,0,0,0,14:33:5C:6D:AF:58,0,0,CALIB,1,0,1,80:02:9C:61:97:4B,11,8,123.4,80:02:9C:61:97:4A,0,0,NONE,2026-08-19T12:17:11.821216
45917,BEACON,-92,5,0,2704,70480,60308,35437,0,63,0,0,0,14:33:5C:6D:AF:58,0,0,CALIB,1,0,1,80:02:9C:61:97:4B,11,1,30.4,80:02:9C:61:97:4A,0,0,NONE,2026-08-19T12:17:12.301216
45917,,-53,44,600,747,70480,60308,35761,0,63,0,0,0,14:33:5C:6D:AF:58,0,0,CALIB,1,0,0,80:02:9C:61:97:4B,11,19,359.7,80:02:9C:61:97:4A,0,0,NONE,2026-08-19T12:17:12.625216
45917,,-75,22,34330,2283,70480,60308,35904,0,63,0,0,0,14:33:5C:6D:AF:58,0,1,CALIB,1,0,1,80:02:9C:61:97:4B,11,31,335.7,80:02:9C:61:97:4A,0,0,NONE,2026-08-19T12:17:12.768216
45917,,-74,23,0,2290,70480,60308,36105,0,63,0,0,0,14:33:5C:6D:AF:58,0,1,CALIB,1,0,0,80:02:9C:61:97:4B,11,18,200.5,80:02:9C:61:97:4A,0,0,NONE,2026-08-19T12:17:12.969216
45917,,50,50,0,1023,70480,60308,36368,0,63,0,0,0,14:33:5C:6D:AF:58,0,0,CALIB,1,0,1,80:02:9C:61:97:4B,11,9,216.9,80:02:9C:61:97:4A,0,0,NONE,2026-08-19T12:17:13.232216
45917,,-82,15,0,74,70480,60308,36777,0,63,0,0,0,14:33:5C:6D:AF:58,0,0,CALIB,1,0,1,80:02:9C:61:97:4B,11,3,71.3,80:02:9C:61:97:4A,0,0,NONE,2026-08-19T12:17:13.641216
45917,BEACON,-90,7,0,1884,70480,60308,37141,0,63,0,0,0,14:33:5C:6D:AF:58,0,0,CALIB,1,0,1,80:02:9C:61:97:4B,11,9,91.3,80:02:9C:61:97:4A,0,0,NONE,2026-08-19T12:17:14.005216
45917,BEACON,-87,10,51778,2725,70480,60308,37588,0,63,0,0,0,14:33:5C:6D:AF:58,0,0,CALIB,1,0,1,80:02:9C:61:97:4B,11,1,30.4,80:02:9C:61:97:4A,0,0,NONE,2026-08-19T12:17:14.452216
45917,,-82,15,0,77,70480,60308,37873,0,63,0,0,0,14:33:5C:6D:AF:58,0,0,CALIB,1,0,1,80:02:9C:61:97:4B,11,1,88,80:02:9C:61:97:4A,0,0,NONE,2026-08-19T12:17:14.737216
45917,,-74,23,2842,2331,70480,60308,38330,0,63,0,0,0,14:33:5C:6D:AF:58,0,0,CALIB,1,0,0,80:02:9C:61:97:4B,11,15,256.7,80:02:9C:61:97:4A,0,0,NONE,2026-08-19T12:17:15.194216
45917,,-73,24,0,2341,70464,60308,38574,0,63,0,0,0,14:33:5C:6D:AF:58,0,0,CALIB,1,0,0,80:02:9C:61:97:4B,11,1,1000,80:02:9C:61:97:4A,0,0,NONE,2026-08-19T12:17:15.438216
45917,,-74,23,1016,2348,70480,60308,38829,0,63,0,0,0,14:33:5C:6D:AF:58,0,1,CALIB,1,0,0,80:02:9C:61:97:4B,11,7,142.3,80:02:9C:61:97:4A,0,0,NONE,2026-08-19T12:17:15.693216
45917,,-57,40,0,2910,70480,60308,39054,0,63,0,0,0,14:33:5C:6D:AF:58,0,0,CALIB,1,0,1,80:02:9C:61:97:4B,11,18,257.2,80:02:9C:61:97:4A,0,0,NONE,2026-08-19T12:17:15.918216
45917,,-54,43,0,804,68812,60308,39173,0,63,0,0,0,14:33:5C:6D:AF:58,0,0,CALIB,1,0,0,80:02:9C:61:97:4B,11,44,508.9,80:02:9C:61:97:4A,0,0,NONE,2026-08-19T12:17:16.037216
45917,BEACON,-85,12,67,3993,70480,60308,39471,0,63,0,0,0,14:33:5C:6D:AF:58,0,0,CALIB,1,0,1,80:02:9C:61:97:4B,11,8,103.9,80:02:9C:61:97:4A,0,0,NONE,2026-08-19T12:17:16.335216
45917,BEACON,-80,17,0,2748,70480,60308,39944,0,63,0,0,0,14:33:5C:6D:AF:58,0,0,CALIB,1,0,1,80:02:9C:61:97:4B,11,3,86.7,80:02:9C:61:97:4A,0,0,NONE,2026-08-19T12:17:16.808216
45917,PROBE_RESP,-84,13,0,3417,70480,60308,40474,0,63,0,0,0,14:33:5C:6D:AF:58,0,0,CALIB,1,0,0,80:02:9C:61:97:4B,11,5,96.2,80:02:9C:61:97:4A,0,0,NONE,2026-08-19T12:17:17.338216
45917,BEACON,-84,13,0,4009,70480,60308,41109,0,63,0,0,0,14:33:5C:6D:AF:58,0,0,CALIB,1,0,1,80:02:9C:61:97:4B,11,7,93.8,80:02:9C:61:97:4A,0,0,NONE,2026-08-19T12:17:17.973216
45917,BEACON,-84,13,0,2763,70480,60308,41479,0,63,0,0,0,14:33:5C:6D:AF:58,0,0,CALIB,1,0,1,80:02:9C:61:97:4B,11,2,54.3,80:02:9C:61:97:4A,0,0,NONE,2026-08-19T12:17:18.343216
45917,,-59,38,2251,1513,70480,60308,41804,0,63,0,0,0,14:33:5C:6D:AF:58,0,0,CALIB,1,0,1,80:02:9C:61:97:4B,11,23,420.6,80:02:9C:61:97:4A,0,0,NONE,2026-08-19T12:17:18.668216
45917,PROBE_REQ,-85,12,303,2,70480,60308,41864,0,63,0,0,0,14:33:5C:6D:AF:58,0,1,CALIB,1,0,0,80:02:9C:61:97:4B,11,9,730.1,80:02:9C:61:97:4A,0,0,NONE,2026-08-19T12:17:18.728216
45917,PROBE_REQ,-86,11,1114,0,70408,60308,41918,0,63,0,0,0,14:33:5C:6D:AF:58,0,1,CALIB,1,0,1,80:02:9C:61:97:4B,11,59,884.7,80:02:9C:61:97:4A,0,0,NONE,2026-08-19T12:17:18.782216
45917,,-54,43,685,2913,70464,60308,41966,0,63,0,0,0,14:33:5C:6D:AF:58,0,1,CALIB,1,0,1,80:02:9C:61:97:4B,11,9,735.4,80:02:9C:61:97:4A,0,0,NONE,2026-08-19T12:17:18.830216
45917,MGMT_OTHER,-84,13,378,189,70480,60308,42002,0,63,0,0,0,14:33:5C:6D:AF:58,0,1,CALIB,1,0,1,80:02:9C:61:97:4B,11,59,1221.6,80:02:9C:61:97:4A,0,0,NONE,2026-08-19T12:17:18.866216
45917,,-53,44,0,2443,70464,60308,42047,0,63,0,0,0,14:33:5C:6D:AF:58,0,1,CALIB,1,0,0,80:02:9C:61:97:4B,11,109,1164.9,80:02:9C:61:97:4A,0,0,NONE,2026-08-19T12:17:18.911216
45917,PROBE_REQ,-86,11,125,5,70480,60308,42111,0,63,0,0,0,14:33:5C:6D:AF:58,0,1,CALIB,1,0,0,80:02:9C:61:97:4B,11,39,719.5,80:02:9C:61:97:4A,0,0,NONE,2026-08-19T12:17:18.975216
45917,,50,50,0,1023,70480,60308,42240,0,63,0,0,0,14:33:5C:6D:AF:58,0,1,CALIB,1,0,0,80:02:9C:61:97:4B,11,14,172.4,80:02:9C:61:97:4A,0,0,NONE,2026-08-19T12:17:19.104216
45917,,43,43,0,1023,70480,60308,42472,0,63,0,0,0,14:33:5C:6D:AF:58,0,0,CALIB,1,0,1,80:02:9C:61:97:4B,11,5,768,80:02:9C:61:97:4A,0,0,NONE,2026-08-19T12:17:19.336216
45917,,-54,43,291,861,70480,60308,42598,0,63,0,0,0,14:33:5C:6D:AF:58,0,1,CALIB,1,0,0,80:02:9C:61:97:4B,11,23,765.1,80:02:9C:61:97:4A,0,0,NONE,2026-08-19T12:17:19.462216
45917,BEACON,-53,44,0,3863,70480,60308,42777,0,63,0,0,0,14:33:5C:6D:AF:58,0,0,CALIB,1,0,1,80:02:9C:61:97:4B,11,1,245.9,80:02:9C:61:97:4A,0,0,NONE,2026-08-19T12:17:19.641216
45917,,-72,25,3376,2389,70480,60308,43211,0,63,0,0,0,14:33:5C:6D:AF:58,0,0,CALIB,1,0,0,80:02:9C:61:97:4B,11,9,317,80:02:9C:61:97:4A,0,0,NONE,2026-08-19T12:17:20.075216
45917,,-86,11,0,92,70480,60308,43449,0,63,0,0,0,14:33:5C:6D:AF:58,0,0,CALIB,1,0,0,80:02:9C:61:97:4B,11,20,325.1,80:02:9C:61:97:4A,0,0,NONE,2026-08-19T12:17:20.313216
45917,,-76,21,455,2409,70408,60308,43589,0,63,0,0,0,14:33:5C:6D:AF:58,0,0,CALIB,1,0,0,80:02:9C:61:97:4B,11,47,474.6,80:02:9C:61:97:4A,0,0,NONE,2026-08-19T12:17:20.453216
45917,,-52,45,288,902,70088,60308,44121,0,63,0,0,0,14:33:5C:6D:AF:58,0,0,CALIB,1,0,1,80:02:9C:61:97:4B,11,14,1018.8,80:02:9C:61:97:4A,0,0,NONE,2026-08-19T12:17:20.985216
45917,,-58,39,82,1537,70480,60308,44366,0,63,0,0,0,14:33:5C:6D:AF:58,0,0,CALIB,1,0,1,80:02:9C:61:97:4B,11,15,285,80:02:9C:61:97:4A,0,0,NONE,2026-08-19T12:17:21.230216
45917,,-53,44,292,870,70480,60308,44641,0,63,0,0,0,14:33:5C:6D:AF:58,0,0,CALIB,1,0,0,80:02:9C:61:97:4B,11,7,342.7,80:02:9C:61:97:4A,0,0,NONE,2026-08-19T12:17:21.505216
45917,BEACON,-90,7,36304,1961,70480,60308,45026,0,63,0,0,0,14:33:5C:6D:AF:58,0,0,CALIB,1,0,1,80:02:9C:61:97:4B,11,10,101.5,80:02:9C:61:97:4A,0,0,NONE,2026-08-19T12:17:21.890216
45917,BEACON,-84,13,0,4050,70480,60308,45308,0,63,0,0,0,14:33:5C:6D:AF:58,0,0,ARMED,60,0,1,80:02:9C:61:97:4B,11,23,315,80:02:9C:61:97:4A,0,0,NONE,2026-08-19T12:17:22.172216
45917,,-81,16,0,99,70480,60308,45539,0,63,0,0,0,14:33:5C:6D:AF:58,0,0,ARMED,60,0,1,80:02:9C:61:97:4B,11,29,292.5,80:02:9C:61:97:4A,0,0,NONE,2026-08-19T12:17:22.403216
45917,BEACON,-85,12,82,4056,70480,60308,45922,0,63,0,0,0,14:33:5C:6D:AF:58,0,0,ARMED,60,0,1,80:02:9C:61:97:4B,11,9,123.6,80:02:9C:61:97:4A,0,0,NONE,2026-08-19T12:17:22.786216
45917,,-53,44,141,2489,70480,60308,46221,0,63,0,0,0,14:33:5C:6D:AF:58,0,0,ARMED,60,0,1,80:02:9C:61:97:4B,11,13,200,80:02:9C:61:97:4A,0,0,NONE,2026-08-19T12:17:23.085216
45917,BEACON,-90,7,0,1974,70480,60308,46357,0,63,0,0,0,14:33:5C:6D:AF:58,0,1,ARMED,60,0,1,80:02:9C:61:97:4B,11,35,355.4,80:02:9C:61:97:4A,0,0,NONE,2026-08-19T12:17:23.221216
45917,,44,44,0,1023,70480,60308,46702,0,63,0,0,0,14:33:5C:6D:AF:58,0,0,ARMED,60,0,1,80:02:9C:61:97:4B,11,2,538.5,80:02:9C:61:97:4A,0,0,NONE,2026-08-19T12:17:23.566216
45917,BEACON,-52,45,0,3912,70480,60308,47180,0,63,0,0,0,14:33:5C:6D:AF:58,0,0,ARMED,60,0,1,80:02:9C:61:97:4B,11,3,55.1,80:02:9C:61:97:4A,0,0,NONE,2026-08-19T12:17:24.044216
45917,,-73,24,28697,2491,70480,60308,47504,0,63,0,0,0,14:33:5C:6D:AF:58,0,0,ARMED,60,0,1,80:02:9C:61:97:4B,11,4,85.1,80:02:9C:61:97:4A,0,0,NONE,2026-08-19T12:17:24.368216
45917,,43,43,0,1023,70480,60308,47765,0,63,0,0,0,14:33:5C:6D:AF:58,0,0,ARMED,60,0,0,80:02:9C:61:97:4B,11,3,1648.4,80:02:9C:61:97:4A,0,0,NONE,2026-08-19T12:17:24.629216
45917,,44,44,0,1023,70480,60308,47838,0,63,0,0,0,14:33:5C:6D:AF:58,0,0,ARMED,60,0,0,80:02:9C:61:97:4B,11,53,709.5,80:02:9C:61:97:4A,0,0,NONE,2026-08-19T12:17:24.702216
45917,,43,43,0,0,70480,60308,47903,0,63,0,0,0,14:33:5C:6D:AF:58,0,1,ARMED,60,0,1,80:02:9C:61:97:4B,11,31,840.4,80:02:9C:61:97:4A,0,0,NONE,2026-08-19T12:17:24.767216
45917,,35,35,0,1023,70480,60308,47950,0,63,0,0,0,14:33:5C:6D:AF:58,0,1,ARMED,60,0,0,80:02:9C:61:97:4B,11,81,961.2,80:02:9C:61:97:4A,0,0,NONE,2026-08-19T12:17:24.814216
45917,,43,43,0,1023,70480,60308,48025,0,63,0,0,0,14:33:5C:6D:AF:58,0,1,ARMED,60,0,0,80:02:9C:61:97:4B,11,35,595.4,80:02:9C:61:97:4A,0,0,NONE,2026-08-19T12:17:24.889216
45917,,44,44,0,1023,70480,60308,48160,0,63,0,0,0,14:33:5C:6D:AF:58,0,1,ARMED,60,0,0,80:02:9C:61:97:4B,11,35,375.5,80:02:9C:61:97:4A,0,0,NONE,2026-08-19T12:17:25.024216
45917,,44,44,0,1023,70480,60308,48259,0,63,0,0,0,14:33:5C:6D:AF:58,0,1,ARMED,60,0,1,80:02:9C:61:97:4B,11,46,506.3,80:02:9C:61:97:4A,0,0,NONE,2026-08-19T12:17:25.123216
45917,,-52,45,4926,923,70480,60308,48325,0,63,0,0,0,14:33:5C:6D:AF:58,0,1,ARMED,60,0,1,80:02:9C:61:97:4B,11,49,1141.2,80:02:9C:61:97:4A,0,0,NONE,2026-08-19T12:17:25.189216
45917,,43,43,0,1023,70480,60308,48467,0,63,0,0,0,14:33:5C:6D:AF:58,0,1,ARMED,60,0,0,80:02:9C:61:97:4B,11,27,329.4,80:02:9C:61:97:4A,0,0,NONE,2026-08-19T12:17:25.331216
45917,,43,43,0,1023,70480,60308,48758,0,63,0,0,0,14:33:5C:6D:AF:58,0,1,ARMED,60,0,0,80:02:9C:61:97:4B,11,6,131.3,80:02:9C:61:97:4A,0,0,NONE,2026-08-19T12:17:25.622216
45917,,43,43,0,1023,68660,60308,48923,0,63,0,0,0,14:33:5C:6D:AF:58,0,1,ARMED,60,0,1,80:02:9C:61:97:4B,11,4,617.5,80:02:9C:61:97:4A,0,0,NONE,2026-08-19T12:17:25.787216
45917,,32,32,0,1023,70480,60308,49088,0,63,0,0,0,14:33:5C:6D:AF:58,0,0,ARMED,60,0,0,80:02:9C:61:97:4B,11,35,508.1,80:02:9C:61:97:4A,0,0,NONE,2026-08-19T12:17:25.952216
45917,,-54,43,0,929,70464,60308,49192,0,63,0,0,0,14:33:5C:6D:AF:58,0,1,ARMED,60,0,1,80:02:9C:61:97:4B,11,38,538.3,80:02:9C:61:97:4A,0,0,NONE,2026-08-19T12:17:26.056216
45917,,32,32,0,1023,70480,60308,49231,0,63,0,0,0,14:33:5C:6D:AF:58,0,1,ARMED,60,0,1,80:02:9C:61:97:4B,11,6,1036.1,80:02:9C:61:97:4A,0,0,NONE,2026-08-19T12:17:26.095216
45917,,44,44,0,1023,70480,60308,49396,0,63,0,0,0,14:33:5C:6D:AF:58,0,1,ARMED,60,0,1,80:02:9C:61:97:4B,11,14,201,80:02:9C:61:97:4A,0,0,NONE,2026-08-19T12:17:26.260216
45917,,32,32,0,1023,70480,60308,49487,0,63,0,0,0,14:33:5C:6D:AF:58,0,0,ARMED,60,0,0,80:02:9C:61:97:4B,11,44,756.6,80:02:9C:61:97:4A,0,0,NONE,2026-08-19T12:17:26.351216
45917,,-54,43,246,952,70480,60308,49590,0,63,0,0,0,14:33:5C:6D:AF:58,0,1,ARMED,60,0,1,80:02:9C:61:97:4B,11,33,563.6,80:02:9C:61:97:4A,0,0,NONE,2026-08-19T12:17:26.454216
45917,BEACON,-52,45,0,3942,70480,60308,49740,0,63,0,0,0,14:33:5C:6D:AF:58,0,0,ARMED,60,0,1,80:02:9C:61:97:4B,11,1,254.2,80:02:9C:61:97:4A,0,0,NONE,2026-08-19T12:17:26.604216
45917,,33,33,0,1023,70480,60308,49972,0,63,0,0,0,14:33:5C:6D:AF:58,0,0,ARMED,60,0,0,80:02:9C:61:97:4B,11,12,392.1,80:02:9C:61:97:4A,0,0,NONE,2026-08-19T12:17:26.836216
45917,,33,33,0,1023,70480,60308,50134,0,63,0,0,0,14:33:5C:6D:AF:58,0,0,ARMED,60,0,0,80:02:9C:61:97:4B,11,36,396.5,80:02:9C:61:97:4A,0,0,NONE,2026-08-19T12:17:26.998216
45917,BEACON,-92,5,0,2013,70480,60308,50351,0,63,0,0,0,14:33:5C:6D:AF:58,0,1,ARMED,60,0,1,80:02:9C:61:97:4B,11,3,30.5,80:02:9C:61:97:4A,0,0,NONE,2026-08-19T12:17:27.215216
45917,,44,44,0,1023,70480,60308,50550,0,63,0,0,0,14:33:5C:6D:AF:58,0,0,ARMED,60,0,0,80:02:9C:61:97:4B,11,28,354.3,80:02:9C:61:97:4A,0,0,NONE,2026-08-19T12:17:27.414216
45917,,44,44,0,1023,70480,60308,50623,0,63,0,0,0,14:33:5C:6D:AF:58,0,1,ARMED,60,0,0,80:02:9C:61:97:4B,11,33,634.4,80:02:9C:61:97:4A,0,0,NONE,2026-08-19T12:17:27.487216
45917,BEACON,-52,45,0,3955,70480,60308,50764,0,63,0,0,0,14:33:5C:6D:AF:58,0,1,ARMED,60,0,1,80:02:9C:61:97:4B,11,30,361.3,80:02:9C:61:97:4A,0,0,NONE,2026-08-19T12:17:27.628216
45917,,44,44,0,1023,70480,60308,50886,0,63,0,0,0,14:33:5C:6D:AF:58,0,1,ARMED,60,0,1,80:02:9C:61:97:4B,11,6,2263.3,80:02:9C:61:97:4A,0,0,NONE,2026-08-19T12:17:27.750216
45917,,44,44,0,1023,70480,60308,51007,0,63,0,0,0,14:33:5C:6D:AF:58,0,1,ARMED,60,0,0,80:02:9C:61:97:4B,11,7,337,80:02:9C:61:97:4A,0,0,NONE,2026-08-19T12:17:27.871216
45917,,44,44,0,1023,70480,60308,51166,0,63,0,0,0,14:33:5C:6D:AF:58,0,1,ARMED,60,0,0,80:02:9C:61:97:4B,11,24,302,80:02:9C:61:97:4A,0,0,NONE,2026-08-19T12:17:28.030216
45917,,30,30,0,1023,70480,60308,51314,0,63,0,0,0,14:33:5C:6D:AF:58,0,1,ARMED,60,0,0,80:02:9C:61:97:4B,11,6,284,80:02:9C:61:97:4A,0,0,NONE,2026-08-19T12:17:28.178216
45917,,44,44,0,1023,70480,60308,51437,0,63,0,0,0,14:33:5C:6D:AF:58,0,1,ARMED,60,0,0,80:02:9C:61:97:4B,11,25,572,80:02:9C:61:97:4A,0,0,NONE,2026-08-19T12:17:28.301216
45917,,43,43,0,1023,70480,60308,51517,0,63,0,0,0,14:33:5C:6D:AF:58,0,1,ARMED,60,0,0,80:02:9C:61:97:4B,11,11,681,80:02:9C:61:97:4A,0,0,NONE,2026-08-19T12:17:28.381216
45917,,35,35,0,1023,70480,60308,51580,0,63,0,0,0,14:33:5C:6D:AF:58,0,1,ARMED,60,0,0,80:02:9C:61:97:4B,11,61,773.8,80:02:9C:61:97:4A,0,0,NONE,2026-08-19T12:17:28.444216
45917,,44,44,0,1023,70480,60308,51629,0,63,0,0,0,14:33:5C:6D:AF:58,0,1,ARMED,60,0,0,80:02:9C:61:97:4B,11,35,1267.6,80:02:9C:61:97:4A,0,0,NONE,2026-08-19T12:17:28.493216
45917,,43,43,0,1023,70480,60308,51670,0,63,0,0,0,14:33:5C:6D:AF:58,0,1,ARMED,60,0,0,80:02:9C:61:97:4B,11,85,1255.1,80:02:9C:61:97:4A,0,0,NONE,2026-08-19T12:17:28.534216
45917,,34,34,0,1023,70480,60308,51738,0,63,0,0,0,14:33:5C:6D:AF:58,1,1,ARMED,60,0,0,80:02:9C:61:97:4B,11,27,811,80:02:9C:61:97:4A,0,0,NONE,2026-08-19T12:17:28.602216
45917,,33,33,0,1023,70480,60308,51801,0,63,0,0,0,14:33:5C:6D:AF:58,1,1,ARMED,60,0,0,80:02:9C:61:97:4B,11,77,802,80:02:9C:61:97:4A,0,0,NONE,2026-08-19T12:17:28.665216
45917,,44,44,0,1023,70480,60308,51905,0,63,0,0,0,14:33:5C:6D:AF:58,1,1,ARMED,60,0,1,80:02:9C:61:97:4B,11,49,549.2,80:02:9C:61:97:4A,0,0,NONE,2026-08-19T12:17:28.769216
45917,,-52,45,0,3970,68748,60308,51994,0,63,0,0,0,14:33:5C:6D:AF:58,1,1,ARMED,60,0,0,80:02:9C:61:97:4B,11,42,608.4,80:02:9C:61:97:4A,0,0,NONE,2026-08-19T12:17:28.858216
45917,BEACON,-52,45,0,3972,70480,60308,52199,0,63,0,0,0,14:33:5C:6D:AF:58,0,1,ARMED,60,0,1,80:02:9C:61:97:4B,11,4,58.7,80:02:9C:61:97:4A,0,0,NONE,2026-08-19T12:17:29.063216
45917,,35,35,0,1023,70480,60308,52346,0,63,0,0,0,14:33:5C:6D:AF:58,0,1,ARMED,60,0,0,80:02:9C:61:97:4B,11,14,1143.6,80:02:9C:61:97:4A,0,0,NONE,2026-08-19T12:17:29.210216
45917,,-59,38,0,1625,70480,60308,52477,0,63,0,0,0,14:33:5C:6D:AF:58,0,1,ARMED,60,0,1,80:02:9C:61:97:4B,11,12,287.7,80:02:9C:61:97:4A,0,0,NONE,2026-08-19T12:17:29.341216
45917,,34,34,0,1023,70480,60308,52579,0,63,0,0,0,14:33:5C:6D:AF:58,0,0,ARMED,60,0,0,80:02:9C:61:97:4B,11,37,854.6,80:02:9C:61:97:4A,0,0,NONE,2026-08-19T12:17:29.443216
45917,,43,43,0,1023,70480,60308,52659,0,63,0,0,0,14:33:5C:6D:AF:58,0,1,ARMED,60,0,0,80:02:9C:61:97:4B,11,15,740.1,80:02:9C:61:97:4A,0,0,NONE,2026-08-19T12:17:29.523216
45917,,30,30,0,1023,70480,60308,52785,0,63,0,0,0,14:33:5C:6D:AF:58,0,1,ARMED,60,0,0,80:02:9C:61:97:4B,11,7,152.2,80:02:9C:61:97:4A,0,0,NONE,2026-08-19T12:17:29.649216
45917,,30,30,0,1023,70480,60308,52961,0,63,0,0,0,14:33:5C:6D:AF:58,0,1,ARMED,60,0,0,80:02:9C:61:97:4B,11,4,264.7,80:02:9C:61:97:4A,0,0,NONE,2026-08-19T12:17:29.825216
45917,,30,30,0,1023,70480,60308,53116,0,63,0,0,0,14:33:5C:6D:AF:58,0,0,ARMED,60,0,0,80:02:9C:61:97:4B,11,29,409.9,80:02:9C:61:97:4A,0,0,NONE,2026-08-19T12:17:29.980216
45917,MGMT_OTHER,-86,11,0,3058,70480,60308,53186,0,63,0,0,0,14:33:5C:6D:AF:58,0,1,ARMED,60,0,1,80:02:9C:61:97:4B,11,21,625.8,80:02:9C:61:97:4A,0,0,NONE,2026-08-19T12:17:30.050216
45917,,-74,23,0,2529,70480,60308,53276,0,63,0,0,0,14:33:5C:6D:AF:58,0,1,ARMED,60,0,1,80:02:9C:61:97:4B,11,7,301.4,80:02:9C:61:97:4A,0,0,NONE,2026-08-19T12:17:30.140216
45917,MGMT_OTHER,-88,9,0,127,70480,60308,53366,0,63,0,0,0,14:33:5C:6D:AF:58,0,1,ARMED,60,0,1,80:02:9C:61:97:4B,11,5,405.9,80:02:9C:61:97:4A,0,0,NONE,2026-08-19T12:17:30.230216
45917,,33,33,0,1023,70480,60308,53461,0,63,0,0,0,14:33:5C:6D:AF:58,0,1,ARMED,60,0,1,80:02:9C:61:97:4B,11,2,675,80:02:9C:61:97:4A,0,0,NONE,2026-08-19T12:17:30.325216
45917,,44,44,0,1023,70480,60308,53550,0,63,0,0,0,14:33:5C:6D:AF:58,0,1,ARMED,60,0,0,80:02:9C:61:97:4B,11,52,561,80:02:9C:61:97:4A,0,0,NONE,2026-08-19T12:17:30.414216
45917,,44,44,0,1023,70480,60308,53637,0,63,0,0,0,14:33:5C:6D:AF:58,0,1,ARMED,60,0,0,80:02:9C:61:97:4B,11,41,517.8,80:02:9C:61:97:4A,0,0,NONE,2026-08-19T12:17:30.501216
45917,,33,33,0,1023,70480,60308,53744,0,63,0,0,0,14:33:5C:6D:AF:58,0,1,ARMED,60,0,0,80:02:9C:61:97:4B,11,36,420.4,80:02:9C:61:97:4A,0,0,NONE,2026-08-19T12:17:30.608216
45917,,33,33,0,1023,70432,60308,53799,0,63,0,0,0,14:33:5C:6D:AF:58,0,1,ARMED,60,0,0,80:02:9C:61:97:4B,11,29,720.3,80:02:9C:61:97:4A,0,0,NONE,2026-08-19T12:17:30.663216
45917,,44,44,0,1023,70480,60308,53898,0,63,0,0,0,14:33:5C:6D:AF:58,0,1,ARMED,60,0,1,80:02:9C:61:97:4B,11,10,275.7,80:02:9C:61:97:4A,0,0,NONE,2026-08-19T12:17:30.762216
45917,,28,28,0,1023,70480,60308,54002,0,63,0,0,0,14:33:5C:6D:AF:58,0,1,ARMED,60,0,0,80:02:9C:61:97:4B,11,28,739.1,80:02:9C:61:97:4A,0,0,NONE,2026-08-19T12:17:30.866216
45917,,44,44,0,1023,70480,60308,54079,0,63,0,0,0,14:33:5C:6D:AF:58,0,1,ARMED,60,0,0,80:02:9C:61:97:4B,11,22,1473.9,80:02:9C:61:97:4A,0,0,NONE,2026-08-19T12:17:30.943216
45917,,-52,45,250,1610,70480,60308,54096,0,63,0,0,0,14:33:5C:6D:AF:58,0,1,ARMED,60,0,0,80:02:9C:61:97:4B,11,72,2251.4,80:02:9C:61:97:4A,0,0,NONE,2026-08-19T12:17:30.960216
45917,,44,44,0,1023,70480,60308,54125,0,63,0,0,0,14:33:5C:6D:AF:58,0,1,ARMED,60,0,0,80:02:9C:61:97:4B,11,122,2013.4,80:02:9C:61:97:4A,0,0,NONE,2026-08-19T12:17:30.989216
45917,,-53,44,251,1668,70480,60308,54151,0,63,0,0,0,14:33:5C:6D:AF:58,0,1,ARMED,60,0,0,80:02:9C:61:97:4B,11,172,1981.1,80:02:9C:61:97:4A,0,0,NONE,2026-08-19T12:17:31.015216
45917,,-52,45,250,1708,70480,60308,54171,0,63,0,0,0,14:33:5C:6D:AF:58,0,1,ARMED,60,0,1,80:02:9C:61:97:4B,11,49,9716.4,80:02:9C:61:97:4A,0,0,NONE,2026-08-19T12:17:31.035216
45917,,-73,24,511,1608,70480,60308,54191,0,63,0,0,0,14:33:5C:6D:AF:58,0,1,ARMED,60,0,1,80:02:9C:61:97:4B,11,99,3937.6,80:02:9C:61:97:4A,0,0,NONE,2026-08-19T12:17:31.055216
45917,,-73,24,476,1613,70480,60308,54222,0,63,0,0,0,14:33:5C:6D:AF:58,0,1,ARMED,60,0,1,80:02:9C:61:97:4B,11,149,2674.4,80:02:9C:61:97:4A,0,0,NONE,2026-08-19T12:17:31.086216
45917,,-52,45,250,1773,70480,60308,54239,0,63,0,0,0,14:33:5C:6D:AF:58,0,1,ARMED,60,0,0,80:02:9C:61:97:4B,11,199,2728.1,80:02:9C:61:97:4A,0,0,NONE,2026-08-19T12:17:31.103216
45917,,-53,44,367,1783,70480,60308,54287,0,63,0,0,0,14:33:5C:6D:AF:58,0,1,ARMED,60,0,0,80:02:9C:61:97:4B,11,28,1370.1,80:02:9C:61:97:4A,0,0,NONE,2026-08-19T12:17:31.151216
45917,,-73,24,410,1630,70480,60308,54300,0,63,0,0,0,14:33:5C:6D:AF:58,0,1,ARMED,60,0,1,80:02:9C:61:97:4B,11,78,2314.7,80:02:9C:61:97:4A,0,0,NONE,2026-08-19T12:17:31.164216
45917,,-52,45,250,1859,70292,60308,54320,0,63,0,0,0,14:33:5C:6D:AF:58,0,1,ARMED,60,0,0,80:02:9C:61:97:4B,11,128,2394.3,80:02:9C:61:97:4A,0,0,NONE,2026-08-19T12:17:31.184216
45917,,-85,12,82,3446,70480,60308,54338,0,63,0,0,0,14:33:5C:6D:AF:58,0,1,ARMED,60,0,1,80:02:9C:61:97:4B,11,178,2492.1,80:02:9C:61:97:4A,0,0,NONE,2026-08-19T12:17:31.202216
45917,,-53,44,250,1927,70480,60308,54366,0,63,0,0,0,14:33:5C:6D:AF:58,0,1,ARMED,60,0,0,80:02:9C:61:97:4B,11,228,2280,80:02:9C:61:97:4A,0,0,NONE,2026-08-19T12:17:31.230216
45917,,-52,45,250,1959,70480,60308,54378,0,63,0,0,0,14:33:5C:6D:AF:58,1,1,ARMED,60,0,0,80:02:9C:61:97:4B,11,49,5026.2,80:02:9C:61:97:4A,0,0,NONE,2026-08-19T12:17:31.242216
45917,,-53,44,266,1994,70480,60308,54402,0,63,0,0,0,14:33:5C:6D:AF:58,1,1,ARMED,60,0,0,80:02:9C:61:97:4B,11,99,2946.5,80:02:9C:61:97:4A,0,0,NONE,2026-08-19T12:17:31.266216
45917,,-66,31,0,1668,70480,60308,54426,0,63,0,0,0,14:33:5C:6D:AF:58,1,1,ARMED,60,0,0,80:02:9C:61:97:4B,11,149,2610.1,80:02:9C:61:97:4A,0,0,NONE,2026-08-19T12:17:31.290216
45917,,-54,43,0,1018,70480,60308,54448,0,63,0,0,0,14:33:5C:6D:AF:58,1,1,ARMED,60,0,0,80:02:9C:61:97:4B,11,199,2514.6,80:02:9C:61:97:4A,0,0,NONE,2026-08-19T12:17:31.312216
45917,,43,43,0,1023,70480,60308,54477,0,63,0,0,0,14:33:5C:6D:AF:58,1,1,ARMED,60,0,0,80:02:9C:61:97:4B,11,13,1620.9,80:02:9C:61:97:4A,0,0,NONE,2026-08-19T12:17:31.341216
45917,,44,44,0,1023,70480,60308,54566,0,63,0,0,0,14:33:5C:6D:AF:58,1,1,ARMED,60,0,1,80:02:9C:61:97:4B,11,63,650.3,80:02:9C:61:97:4A,0,0,NONE,2026-08-19T12:17:31.430216
45917,,43,43,0,1023,70480,60308,54677,0,63,0,0,0,14:33:5C:6D:AF:58,1,1,ARMED,60,0,0,80:02:9C:61:97:4B,11,11,1811.3,80:02:9C:61:97:4A,0,0,NONE,2026-08-19T12:17:31.541216
45917,BEACON,-83,14,0,2894,70480,60308,54792,0,63,0,0,0,14:33:5C:6D:AF:58,0,1,ARMED,60,0,1,80:02:9C:61:97:4B,11,5,241.1,80:02:9C:61:97:4A,0,0,NONE,2026-08-19T12:17:31.656216
45917,,35,35,0,1023,70480,60308,55075,0,63,0,0,0,14:33:5C:6D:AF:58,0,0,ARMED,60,0,0,80:02:9C:61:97:4B,11,15,193.9,80:02:9C:61:97:4A,0,0,NONE,2026-08-19T12:17:31.939216
45917,PROBE_REQ,-86,11,125,13,70480,60308,55203,0,63,0,0,0,14:33:5C:6D:AF:58,1,1,ARMED,60,0,0,80:02:9C:61:97:4B,11,11,3527.9,80:02:9C:61:97:4A,0,0,NONE,2026-08-19T12:17:32.067216
45917,PROBE_REQ,-87,10,125,12,70480,60308,55246,0,63,0,0,0,14:33:5C:6D:AF:58,1,1,ARMED,60,0,0,80:02:9C:61:97:4B,11,61,1337.6,80:02:9C:61:97:4A,0,0,NONE,2026-08-19T12:17:32.110216
45917,PROBE_REQ,-86,11,1056,0,70480,60308,55330,0,63,0,0,0,14:33:5C:6D:AF:58,1,1,ARMED,60,0,0,80:02:9C:61:97:4B,11,16,582.8,80:02:9C:61:97:4A,0,0,NONE,2026-08-19T12:17:32.194216
45917,,-52,45,0,1020,70480,60308,55409,0,63,0,0,0,14:33:5C:6D:AF:58,1,1,ARMED,60,0,0,80:02:9C:61:97:4B,11,12,1830.1,80:02:9C:61:97:4A,0,0,NONE,2026-08-19T12:17:32.273216
45917,PROBE_REQ,-86,11,741,5,70408,60308,55466,0,63,0,0,0,14:33:5C:6D:AF:58,1,1,ARMED,60,0,1,80:02:9C:61:97:4B,11,62,981.4,80:02:9C:61:97:4A,0,0,NONE,2026-08-19T12:17:32.330216
45917,,35,35,0,1023,70480,60308,55517,0,63,0,0,0,14:33:5C:6D:AF:58,1,1,ARMED,60,0,1,80:02:9C:61:97:4B,11,20,1435.3,80:02:9C:61:97:4A,0,0,NONE,2026-08-19T12:17:32.381216
45917,,44,44,0,1023,70480,60308,55559,0,63,0,0,0,14:33:5C:6D:AF:58,1,1,ARMED,60,0,0,80:02:9C:61:97:4B,11,70,1240,80:02:9C:61:97:4A,0,0,NONE,2026-08-19T12:17:32.423216
45917,,-84,13,0,121,70480,60308,55714,0,63,0,0,0,14:33:5C:6D:AF:58,1,0,ARMED,60,0,1,80:02:9C:61:97:4B,11,1,542.6,80:02:9C:61:97:4A,0,0,NONE,2026-08-19T12:17:32.578216
45917,,35,35,0,1023,70480,60308,55910,0,63,0,0,0,14:33:5C:6D:AF:58,0,0,ARMED,60,0,0,80:02:9C:61:97:4B,11,29,315.6,80:02:9C:61:97:4A,0,0,NONE,2026-08-19T12:17:32.774216
45917,,35,35,0,1023,70480,60308,56165,0,63,0,0,0,14:33:5C:6D:AF:58,0,1,ARMED,60,0,1,80:02:9C:61:97:4B,11,4,264.9,80:02:9C:61:97:4A,0,0,NONE,2026-08-19T12:17:33.029216
45917,,35,35,0,1023,70480,60308,56352,0,63,0,0,0,14:33:5C:6D:AF:58,0,1,ARMED,60,0,1,80:02:9C:61:97:4B,11,15,157.1,80:02:9C:61:97:4A,0,0,NONE,2026-08-19T12:17:33.216216
45917,,-52,45,400,2605,70480,60308,56524,0,63,0,0,0,14:33:5C:6D:AF:58,0,0,ARMED,60,0,0,80:02:9C:61:97:4B,11,23,388.4,80:02:9C:61:97:4A,0,0,NONE,2026-08-19T12:17:33.388216
45917,BEACON,-85,12,0,2913,70480,60308,56736,0,63,0,0,0,14:33:5C:6D:AF:58,0,1,ARMED,60,0,1,80:02:9C:61:97:4B,11,6,96.2,80:02:9C:61:97:4A,0,0,NONE,2026-08-19T12:17:33.600216
45917,MGMT_OTHER,44,44,0,0,70480,60308,57319,0,63,0,0,0,14:33:5C:6D:AF:58,0,0,ARMED,60,0,1,80:02:9C:61:97:4B,11,5,164.3,80:02:9C:61:97:4A,0,0,NONE,2026-08-19T12:17:34.183216
45917,BEACON,-85,12,9219,74,70480,60308,57596,0,63,0,0,0,14:33:5C:6D:AF:58,0,1,ARMED,60,0,1,80:02:9C:61:97:4B,11,35,341.9,80:02:9C:61:97:4A,0,0,NONE,2026-08-19T12:17:34.460216
45917,,44,44,0,1023,70480,60308,58060,0,63,0,0,0,14:33:5C:6D:AF:58,0,0,ARMED,60,0,0,80:02:9C:61:97:4B,11,16,293.4,80:02:9C:61:97:4A,0,0,NONE,2026-08-19T12:17:34.924216
45917,,44,44,0,1023,70480,60308,58133,0,63,0,0,0,14:33:5C:6D:AF:58,0,1,ARMED,60,0,1,80:02:9C:61:97:4B,11,11,414.6,80:02:9C:61:97:4A,0,0,NONE,2026-08-19T12:17:34.997216
45917,,44,44,0,1023,68656,60308,58242,0,63,0,0,0,14:33:5C:6D:AF:58,0,1,ARMED,60,0,0,80:02:9C:61:97:4B,11,17,530.6,80:02:9C:61:97:4A,0,0,NONE,2026-08-19T12:17:35.106216
45917,,33,33,0,1023,70480,60308,58313,0,63,0,0,0,14:33:5C:6D:AF:58,0,1,ARMED,60,0,1,80:02:9C:61:97:4B,11,1,1000,80:02:9C:61:97:4A,0,0,NONE,2026-08-19T12:17:35.177216
45917,,44,44,0,1023,70480,60308,58427,0,63,0,0,0,14:33:5C:6D:AF:58,0,1,ARMED,60,0,0,80:02:9C:61:97:4B,11,13,1060,80:02:9C:61:97:4A,0,0,NONE,2026-08-19T12:17:35.291216
45917,,44,44,0,1023,70480,60308,58490,0,63,0,0,0,14:33:5C:6D:AF:58,0,1,ARMED,60,0,0,80:02:9C:61:97:4B,11,63,832.2,80:02:9C:61:97:4A,0,0,NONE,2026-08-19T12:17:35.354216
45917,,44,44,0,1023,70480,60308,58563,0,63,0,0,0,14:33:5C:6D:AF:58,0,1,ARMED,60,0,0,80:02:9C:61:97:4B,11,33,721.8,80:02:9C:61:97:4A,0,0,NONE,2026-08-19T12:17:35.427216
45917,,35,35,0,1023,70480,60308,58623,0,63,0,0,0,14:33:5C:6D:AF:58,0,1,ARMED,60,0,0,80:02:9C:61:97:4B,11,2,419.3,80:02:9C:61:97:4A,0,0,NONE,2026-08-19T12:17:35.487216
45917,,44,44,0,1023,70480,60308,58693,0,63,0,0,0,14:33:5C:6D:AF:58,0,1,ARMED,60,0,0,80:02:9C:61:97:4B,11,52,697.9,80:02:9C:61:97:4A,0,0,NONE,2026-08-19T12:17:35.557216
45917,,35,35,0,1023,70480,60308,58767,0,63,0,0,0,14:33:5C:6D:AF:58,1,1,ARMED,60,0,0,80:02:9C:61:97:4B,11,23,498.2,80:02:9C:61:97:4A,0,0,NONE,2026-08-19T12:17:35.631216
45917,,44,44,0,1023,70480,60308,58823,0,63,0,0,0,14:33:5C:6D:AF:58,1,1,ARMED,60,0,0,80:02:9C:61:97:4B,11,73,725.1,80:02:9C:61:97:4A,0,0,NONE,2026-08-19T12:17:35.687216
45917,,35,35,0,1023,70480,60308,58927,0,63,0,0,0,14:33:5C:6D:AF:58,1,1,ARMED,60,0,1,80:02:9C:61:97:4B,11,2,559.4,80:02:9C:61:97:4A,0,0,NONE,2026-08-19T12:17:35.791216
45917,,-52,45,253,961,70480,60308,59103,0,63,0,0,0,14:33:5C:6D:AF:58,0,0,ARMED,60,0,1,80:02:9C:61:97:4B,11,33,480.3,80:02:9C:61:97:4A,0,0,NONE,2026-08-19T12:17:35.967216
45917,,34,34,0,1023,70480,60308,59263,0,63,0,0,0,14:33:5C:6D:AF:58,0,1,ARMED,60,0,0,80:02:9C:61:97:4B,11,5,196.6,80:02:9C:61:97:4A,0,0,NONE,2026-08-19T12:17:36.127216
45917,,-53,44,19220,1079,70480,60308,59502,0,63,0,0,0,14:33:5C:6D:AF:58,0,0,ARMED,60,0,1,80:02:9C:61:97:4B,11,14,240.6,80:02:9C:61:97:4A,0,0,NONE,2026-08-19T12:17:36.366216
45917,,44,44,0,1023,70480,60308,59645,0,63,0,0,0,14:33:5C:6D:AF:58,0,1,ARMED,60,0,1,80:02:9C:61:97:4B,11,20,254.6,80:02:9C:61:97:4A,0,0,NONE,2026-08-19T12:17:36.509216
45917,,-54,43,292,1096,70480,60308,59991,0,63,0,0,0,14:33:5C:6D:AF:58,0,0,ARMED,60,0,0,80:02:9C:61:97:4B,11,7,634.5,80:02:9C:61:97:4A,0,0,NONE,2026-08-19T12:17:36.855216
45917,,-59,38,0,1695,70480,60308,60050,0,63,0,0,0,14:33:5C:6D:AF:58,0,0,ARMED,60,0,0,80:02:9C:61:97:4B,11,57,816.1,80:02:9C:61:97:4A,0,0,NONE,2026-08-19T12:17:36.914216
45917,PROBE_RESP,-79,18,0,12,70492,60308,60430,0,63,0,0,0,14:33:5C:6D:AF:58,0,0,ARMED,60,0,0,80:02:9C:61:97:4B,11,9,218.6,80:02:9C:61:97:4A,0,0,NONE,2026-08-19T12:17:37.294216
45917,,-74,23,28069,1719,70492,60308,60640,0,63,0,0,0,14:33:5C:6D:AF:58,0,0,ARMED,60,0,0,80:02:9C:61:97:4B,11,10,221.7,80:02:9C:61:97:4A,0,0,NONE,2026-08-19T12:17:37.504216
45917,MGMT_OTHER,24,24,0,0,70492,60308,60942,0,63,0,0,0,14:33:5C:6D:AF:58,0,0,ARMED,60,0,0,80:02:9C:61:97:4B,11,8,196.6,80:02:9C:61:97:4A,0,0,NONE,2026-08-19T12:17:37.806216
45917,BEACON,-78,19,0,2958,70432,60308,61139,0,63,0,0,0,14:33:5C:6D:AF:58,0,1,ARMED,60,0,1,80:02:9C:61:97:4B,11,1,30.5,80:02:9C:61:97:4A,0,0,NONE,2026-08-19T12:17:38.003216
45917,,-53,44,6010,969,70492,60308,61427,0,63,0,0,0,14:33:5C:6D:AF:58,0,0,ARMED,60,0,1,80:02:9C:61:97:4B,11,4,293.4,80:02:9C:61:97:4A,0,0,NONE,2026-08-19T12:17:38.291216
45917,MGMT_OTHER,31,31,0,0,70492,60308,61875,0,63,0,0,0,14:33:5C:6D:AF:58,0,0,ARMED,60,0,1,80:02:9C:61:97:4B,11,2,38.6,80:02:9C:61:97:4A,0,0,NONE,2026-08-19T12:17:38.739216
45917,MGMT_OTHER,44,44,0,0,70492,60308,62247,0,63,0,0,0,14:33:5C:6D:AF:58,0,0,ARMED,60,0,0,80:02:9C:61:97:4B,11,3,216.4,80:02:9C:61:97:4A,0,0,NONE,2026-08-19T12:17:39.111216
45917,BEACON,-91,6,0,2132,70492,60308,62536,0,63,0,0,0,14:33:5C:6D:AF:58,0,0,ARMED,60,0,1,80:02:9C:61:97:4B,11,13,132.1,80:02:9C:61:97:4A,0,0,NONE,2026-08-19T12:17:39.400216
45917,MGMT_OTHER,30,30,0,0,70492,60308,62861,0,63,0,0,0,14:33:5C:6D:AF:58,0,0,ARMED,60,0,0,80:02:9C:61:97:4B,11,7,516.1,80:02:9C:61:97:4A,0,0,NONE,2026-08-19T12:17:39.725216
45917,MGMT_OTHER,50,50,0,0,70492,60308,63005,0,63,0,0,0,14:33:5C:6D:AF:58,0,1,ARMED,60,0,0,80:02:9C:61:97:4B,11,23,416.3,80:02:9C:61:97:4A,0,0,NONE,2026-08-19T12:17:39.869216
45917,MGMT_OTHER,50,50,0,0,70492,60308,63098,0,63,0,0,0,14:33:5C:6D:AF:58,0,1,ARMED,60,0,0,80:02:9C:61:97:4B,11,23,497.7,80:02:9C:61:97:4A,0,0,NONE,2026-08-19T12:17:39.962216
45917,MGMT_OTHER,33,33,0,0,70492,60308,63201,0,63,0,0,0,14:33:5C:6D:AF:58,0,1,ARMED,60,0,0,80:02:9C:61:97:4B,11,23,519,80:02:9C:61:97:4A,0,0,NONE,2026-08-19T12:17:40.065216
45917,MGMT_OTHER,34,34,0,0,70492,60308,63331,0,63,0,0,0,14:33:5C:6D:AF:58,0,1,ARMED,60,0,0,80:02:9C:61:97:4B,11,22,297.4,80:02:9C:61:97:4A,0,0,NONE,2026-08-19T12:17:40.195216
45917,,-90,7,1647,137,70492,60308,63424,0,63,0,0,0,14:33:5C:6D:AF:58,1,1,ARMED,60,0,1,80:02:9C:61:97:4B,11,33,530.1,80:02:9C:61:97:4A,0,0,NONE,2026-08-19T12:17:40.288216
45917,MGMT_OTHER,34,34,0,0,70492,60308,63511,0,63,0,0,0,14:33:5C:6D:AF:58,1,1,ARMED,60,0,1,80:02:9C:61:97:4B,11,42,886.4,80:02:9C:61:97:4A,0,0,NONE,2026-08-19T12:17:40.375216
45917,MGMT_OTHER,34,34,0,0,70492,60308,63627,0,63,0,0,0,14:33:5C:6D:AF:58,1,1,ARMED,60,0,0,80:02:9C:61:97:4B,11,25,409.1,80:02:9C:61:97:4A,0,0,NONE,2026-08-19T12:17:40.491216
45917,,-58,39,0,1732,70492,60308,63993,0,63,0,0,0,14:33:5C:6D:AF:58,0,0,ARMED,60,0,0,80:02:9C:61:97:4B,11,8,417.8,80:02:9C:61:97:4A,0,0,NONE,2026-08-19T12:17:40.857216
45917,,-65,32,784,1475,70492,60308,64500,0,63,0,0,0,14:33:5C:6D:AF:58,0,0,ARMED,60,0,1,80:02:9C:61:97:4B,11,6,420.5,80:02:9C:61:97:4A,0,0,NONE,2026-08-19T12:17:41.364216
45917,BEACON,-84,13,0,2995,70492,60308,64826,0,63,0,0,0,14:33:5C:6D:AF:58,0,0,ARMED,60,0,1,80:02:9C:61:97:4B,11,3,91.8,80:02:9C:61:97:4A,0,0,NONE,2026-08-19T12:17:41.690216
45917,MGMT_OTHER,50,50,0,0,70492,60308,64892,0,63,0,0,0,14:33:5C:6D:AF:58,0,0,ARMED,60,0,1,80:02:9C:61:97:4B,11,53,535.5,80:02:9C:61:97:4A,0,0,NONE,2026-08-19T12:17:41.756216
45917,,-66,31,419,1695,70492,60308,64906,0,63,0,0,0,14:33:5C:6D:AF:58,0,1,ARMED,60,0,1,80:02:9C:61:97:4B,11,49,4204.6,80:02:9C:61:97:4A,0,0,NONE,2026-08-19T12:17:41.770216
45917,,-52,45,250,2144,70492,60308,64965,0,63,0,0,0,14:33:5C:6D:AF:58,0,1,ARMED,60,0,0,80:02:9C:61:97:4B,11,99,1405.4,80:02:9C:61:97:4A,0,0,NONE,2026-08-19T12:17:41.829216
45917,,-53,44,250,2170,70492,60308,64985,0,63,0,0,0,14:33:5C:6D:AF:58,0,1,ARMED,60,0,0,80:02:9C:61:97:4B,11,149,1643.1,80:02:9C:61:97:4A,0,0,NONE,2026-08-19T12:17:41.849216
45917,,-53,44,267,2207,70492,60308,65005,0,63,0,0,0,14:33:5C:6D:AF:58,0,1,ARMED,60,0,0,80:02:9C:61:97:4B,11,49,9683.8,80:02:9C:61:97:4A,0,0,NONE,2026-08-19T12:17:41.869216
45917,,-52,45,267,2238,70492,60308,65021,0,63,0,0,0,14:33:5C:6D:AF:58,0,1,ARMED,60,0,0,80:02:9C:61:97:4B,11,99,4615,80:02:9C:61:97:4A,0,0,NONE,2026-08-19T12:17:41.885216
45917,,-53,44,266,2279,69052,60308,65041,0,63,0,0,0,14:33:5C:6D:AF:58,0,1,ARMED,60,0,0,80:02:9C:61:97:4B,11,149,3608,80:02:9C:61:97:4A,0,0,NONE,2026-08-19T12:17:41.905216
45917,,-53,44,267,2321,70492,60308,65050,0,63,0,0,0,14:33:5C:6D:AF:58,0,1,ARMED,60,0,0,80:02:9C:61:97:4B,11,199,3939.7,80:02:9C:61:97:4A,0,0,NONE,2026-08-19T12:17:41.914216
45917,,-53,44,554,2336,70492,60308,65118,0,63,0,0,0,14:33:5C:6D:AF:58,1,1,ARMED,60,0,0,80:02:9C:61:97:4B,11,27,1540,80:02:9C:61:97:4A,0,0,NONE,2026-08-19T12:17:41.982216
45917,,-53,44,266,2368,70492,60308,65134,0,63,0,0,0,14:33:5C:6D:AF:58,1,1,ARMED,60,0,0,80:02:9C:61:97:4B,11,77,2256.9,80:02:9C:61:97:4A,0,0,NONE,2026-08-19T12:17:41.998216
45917,,-52,45,251,2404,70492,60308,65154,0,63,0,0,0,14:33:5C:6D:AF:58,1,1,ARMED,60,0,0,80:02:9C:61:97:4B,11,127,2352.6,80:02:9C:61:97:4A,0,0,NONE,2026-08-19T12:17:42.018216
45917,MGMT_OTHER,44,44,0,0,70492,60308,65168,0,63,0,0,0,14:33:5C:6D:AF:58,1,1,ARMED,60,0,1,80:02:9C:61:97:4B,11,177,2617.4,80:02:9C:61:97:4A,0,0,NONE,2026-08-19T12:17:42.032216
45917,,-75,22,418,1786,70492,60308,65193,0,63,0,0,0,14:33:5C:6D:AF:58,1,1,ARMED,60,0,1,80:02:9C:61:97:4B,11,227,2456,80:02:9C:61:97:4A,0,0,NONE,2026-08-19T12:17:42.057216
45917,,-53,44,286,2505,70492,60308,65212,0,63,0,0,0,14:33:5C:6D:AF:58,1,1,ARMED,60,0,0,80:02:9C:61:97:4B,11,33,2815.9,80:02:9C:61:97:4A,0,0,NONE,2026-08-19T12:17:42.076216
45917,,-53,44,287,2550,70492,60308,65233,0,63,0,0,0,14:33:5C:6D:AF:58,1,1,ARMED,60,0,0,80:02:9C:61:97:4B,11,83,2510.8,80:02:9C:61:97:4A,0,0,NONE,2026-08-19T12:17:42.097216
45917,,-53,44,303,2589,70492,60308,65247,0,63,0,0,0,14:33:5C:6D:AF:58,1,1,ARMED,60,0,0,80:02:9C:61:97:4B,11,133,2824.6,80:02:9C:61:97:4A,0,0,NONE,2026-08-19T12:17:42.111216
45917,,-52,45,287,2627,70492,60308,65267,0,63,0,0,0,14:33:5C:6D:AF:58,1,1,ARMED,60,0,0,80:02:9C:61:97:4B,11,183,2736.3,80:02:9C:61:97:4A,0,0,NONE,2026-08-19T12:17:42.131216
45917,,-52,45,286,2664,69848,60308,65281,0,63,0,0,0,14:33:5C:6D:AF:58,1,1,ARMED,60,0,0,80:02:9C:61:97:4B,11,233,2878.6,80:02:9C:61:97:4A,0,0,NONE,2026-08-19T12:17:42.145216
45917,,-52,45,287,2698,70492,60308,65322,0,63,0,0,0,14:33:5C:6D:AF:58,1,1,ARMED,60,0,0,80:02:9C:61:97:4B,11,49,2844.2,80:02:9C:61:97:4A,0,0,NONE,2026-08-19T12:17:42.186216
45917,,-52,45,159,2732,70492,60308,65348,0,63,0,0,0,14:33:5C:6D:AF:58,1,1,ARMED,60,0,1,80:02:9C:61:97:4B,11,99,2284,80:02:9C:61:97:4A,0,0,NONE,2026-08-19T12:17:42.212216
45917,,-52,45,287,2775,70492,60308,65368,0,63,0,0,0,14:33:5C:6D:AF:58,1,1,ARMED,60,0,0,80:02:9C:61:97:4B,11,149,2359.6,80:02:9C:61:97:4A,0,0,NONE,2026-08-19T12:17:42.232216
45917,,-52,45,303,2783,70492,60308,65470,0,63,0,0,0,14:33:5C:6D:AF:58,1,1,ARMED,60,0,0,80:02:9C:61:97:4B,11,12,191.2,80:02:9C:61:97:4A,0,0,NONE,2026-08-19T12:17:42.334216
45917,,-52,45,322,2820,69052,60308,65490,0,63,0,0,0,14:33:5C:6D:AF:58,1,1,ARMED,60,0,0,80:02:9C:61:97:4B,11,62,750.2,80:02:9C:61:97:4A,0,0,NONE,2026-08-19T12:17:42.354216
45917,,-52,45,287,2859,70492,60308,65502,0,63,0,0,0,14:33:5C:6D:AF:58,1,1,ARMED,60,0,0,80:02:9C:61:97:4B,11,112,1183.6,80:02:9C:61:97:4A,0,0,NONE,2026-08-19T12:17:42.366216
45917,,-52,45,303,2886,70492,60308,65557,0,63,0,0,0,14:33:5C:6D:AF:58,1,1,ARMED,60,0,0,80:02:9C:61:97:4B,11,49,1224.3,80:02:9C:61:97:4A,0,0,NONE,2026-08-19T12:17:42.421216
45917,,-52,45,287,2925,69848,60308,65572,0,63,0,0,0,14:33:5C:6D:AF:58,1,1,ARMED,60,0,0,80:02:9C:61:97:4B,11,99,1815.5,80:02:9C:61:97:4A,0,0,NONE,2026-08-19T12:17:42.436216
45917,,-52,45,287,2963,70492,60308,65591,0,63,0,0,0,14:33:5C:6D:AF:58,1,1,ARMED,60,0,0,80:02:9C:61:97:4B,11,149,2007.9,80:02:9C:61:97:4A,0,0,NONE,2026-08-19T12:17:42.455216
45917,,-52,45,303,2994,70436,60308,65614,0,63,0,0,0,14:33:5C:6D:AF:58,1,1,ARMED,60,0,0,80:02:9C:61:97:4B,11,199,2049.8,80:02:9C:61:97:4A,0,0,NONE,2026-08-19T12:17:42.478216
45917,,-52,45,358,3033,70464,60308,65655,0,99,0,0,0,14:33:5C:6D:AF:58,1,1,ARMED,60,0,0,80:02:9C:61:97:4B,11,49,2843.2,80:02:9C:61:97:4A,0,0,NONE,2026-08-19T12:17:42.519216
45917,MGMT_OTHER,50,50,0,0,70492,60308,65662,0,99,0,0,0,14:33:5C:6D:AF:58,1,1,ARMED,60,0,1,80:02:9C:61:97:4B,11,99,4082.6,80:02:9C:61:97:4A,0,0,NONE,2026-08-19T12:17:42.526216
45917,,-52,45,485,3110,70492,60308,65694,0,99,0,0,0,14:33:5C:6D:AF:58,1,1,ARMED,60,0,0,80:02:9C:61:97:4B,11,149,2630.6,80:02:9C:61:97:4A,0,0,NONE,2026-08-19T12:17:42.558216
45917,,-53,44,2114,3149,68408,60308,65716,0,99,0,0,0,14:33:5C:6D:AF:58,1,1,ARMED,60,0,1,80:02:9C:61:97:4B,11,199,2536.2,80:02:9C:61:97:4A,0,0,NONE,2026-08-19T12:17:42.580216
45917,,-52,45,303,3185,70492,60308,65749,0,99,0,0,0,14:33:5C:6D:AF:58,1,1,ARMED,60,0,0,80:02:9C:61:97:4B,11,17,1547.3,80:02:9C:61:97:4A,0,0,NONE,2026-08-19T12:17:42.613216
45917,,-52,45,287,3223,70492,60308,65756,0,99,0,0,0,14:33:5C:6D:AF:58,1,1,ARMED,60,0,0,80:02:9C:61:97:4B,11,67,3708.8,80:02:9C:61:97:4A,0,0,NONE,2026-08-19T12:17:42.620216
45917,MGMT_OTHER,44,44,0,0,69052,60308,65776,0,99,0,0,0,14:33:5C:6D:AF:58,1,1,ARMED,60,0,1,80:02:9C:61:97:4B,11,117,3081.1,80:02:9C:61:97:4A,0,0,NONE,2026-08-19T12:17:42.640216
45917,,-74,23,318,2663,70492,60308,65795,0,99,0,0,0,14:33:5C:6D:AF:58,1,1,ARMED,60,0,0,80:02:9C:61:97:4B,11,167,2908.1,80:02:9C:61:97:4A,0,0,NONE,2026-08-19T12:17:42.659216
45917,,-52,45,302,3333,70492,60308,65854,0,99,0,0,0,14:33:5C:6D:AF:58,1,1,ARMED,60,0,0,80:02:9C:61:97:4B,11,19,2402.6,80:02:9C:61:97:4A,0,0,NONE,2026-08-19T12:17:42.718216
45917,MGMT_OTHER,-67,30,70157,2446,70492,60308,65942,0,99,0,0,0,14:33:5C:6D:AF:58,1,1,ARMED,60,0,1,80:02:9C:61:97:4B,11,69,713.9,80:02:9C:61:97:4A,0,0,NONE,2026-08-19T12:17:42.806216
45917,,-53,44,536,1182,70492,60308,66415,0,99,0,0,0,14:33:5C:6D:AF:58,0,0,ARMED,60,0,0,80:02:9C:61:97:4B,11,3,227.4,80:02:9C:61:97:4A,0,0,NONE,2026-08-19T12:17:43.279216
45917,,-75,22,0,2670,70492,60308,66572,0,99,0,0,0,14:33:5C:6D:AF:58,0,1,ARMED,60,0,1,80:02:9C:61:97:4B,11,14,207.1,80:02:9C:61:97:4A,0,0,NONE,2026-08-19T12:17:43.436216
45917,MGMT_OTHER,44,44,0,0,70492,60308,66688,0,99,0,0,0,14:33:5C:6D:AF:58,0,1,ARMED,60,0,0,80:02:9C:61:97:4B,11,35,425.8,80:02:9C:61:97:4A,0,0,NONE,2026-08-19T12:17:43.552216
45917,,-53,44,291,1200,70492,60308,66908,0,99,0,0,0,14:33:5C:6D:AF:58,0,0,ARMED,60,0,0,80:02:9C:61:97:4B,11,17,175.8,80:02:9C:61:97:4A,0,0,NONE,2026-08-19T12:17:43.772216
45917,MGMT_OTHER,44,44,0,0,70256,60308,66950,0,99,0,0,0,14:33:5C:6D:AF:58,0,0,ARMED,60,0,1,80:02:9C:61:97:4B,11,49,1815.1,80:02:9C:61:97:4A,0,0,NONE,2026-08-19T12:17:43.814216
45917,MGMT_OTHER,43,43,0,0,70492,60308,67311,0,99,0,0,0,14:33:5C:6D:AF:58,0,0,ARMED,60,0,0,80:02:9C:61:97:4B,11,22,320.3,80:02:9C:61:97:4A,0,0,NONE,2026-08-19T12:17:44.175216
45917,,-77,20,611,1768,70492,60308,67426,0,99,0,0,0,14:33:5C:6D:AF:58,0,1,ARMED,60,0,1,80:02:9C:61:97:4B,11,34,438.2,80:02:9C:61:97:4A,0,0,NONE,2026-08-19T12:17:44.290216
45917,,-53,44,0,3419,70492,60308,67454,0,99,0,0,0,14:33:5C:6D:AF:58,0,1,ARMED,60,0,1,80:02:9C:61:97:4B,11,8,3659.7,80:02:9C:61:97:4A,0,0,NONE,2026-08-19T12:17:44.318216
45917,MGMT_OTHER,43,43,0,0,70492,60308,67537,0,99,0,0,0,14:33:5C:6D:AF:58,0,1,ARMED,60,0,1,80:02:9C:61:97:4B,11,58,675.6,80:02:9C:61:97:4A,0,0,NONE,2026-08-19T12:17:44.401216
45917,,-53,44,262,3446,70492,60308,67604,0,99,0,0,0,14:33:5C:6D:AF:58,0,1,ARMED,60,0,0,80:02:9C:61:97:4B,11,45,893.9,80:02:9C:61:97:4A,0,0,NONE,2026-08-19T12:17:44.468216
45917,,-53,44,263,3483,70188,60308,67633,0,99,0,0,0,14:33:5C:6D:AF:58,0,1,ARMED,60,0,0,80:02:9C:61:97:4B,11,95,1197.5,80:02:9C:61:97:4A,0,0,NONE,2026-08-19T12:17:44.497216
45917,MGMT_OTHER,31,31,0,0,70492,60308,67709,0,99,0,0,0,14:33:5C:6D:AF:58,1,1,ARMED,60,0,1,80:02:9C:61:97:4B,11,12,225.3,80:02:9C:61:97:4A,0,0,NONE,2026-08-19T12:17:44.573216
45917,MGMT_OTHER,43,43,0,0,70492,60308,67931,0,99,0,0,0,14:33:5C:6D:AF:58,0,0,ARMED,60,0,0,80:02:9C:61:97:4B,11,14,210.7,80:02:9C:61:97:4A,0,0,NONE,2026-08-19T12:17:44.795216
45917,MGMT_OTHER,43,43,0,0,70492,60308,68313,0,99,0,0,0,14:33:5C:6D:AF:58,0,0,ARMED,60,0,0,80:02:9C:61:97:4B,11,15,353.5,80:02:9C:61:97:4A,0,0,NONE,2026-08-19T12:17:45.177216
45917,BEACON,-53,44,0,51,70492,60308,68480,0,99,0,0,0,14:33:5C:6D:AF:58,0,1,ARMED,60,0,0,80:02:9C:61:97:4B,11,2,514.8,80:02:9C:61:97:4A,0,0,NONE,2026-08-19T12:17:45.344216
45917,MGMT_OTHER,-93,4,1442,1620,70492,60308,68657,0,99,0,0,0,14:33:5C:6D:AF:58,0,0,ARMED,60,0,1,80:02:9C:61:97:4B,11,26,325.4,80:02:9C:61:97:4A,0,0,NONE,2026-08-19T12:17:45.521216
45917,MGMT_OTHER,33,33,0,0,70492,60308,68776,0,99,0,0,0,14:33:5C:6D:AF:58,0,1,ARMED,60,0,0,80:02:9C:61:97:4B,11,45,469.4,80:02:9C:61:97:4A,0,0,NONE,2026-08-19T12:17:45.640216
45917,MGMT_OTHER,33,33,0,0,70492,60308,68907,0,99,0,0,0,14:33:5C:6D:AF:58,0,1,ARMED,60,0,1,80:02:9C:61:97:4B,11,6,417.9,80:02:9C:61:97:4A,0,0,NONE,2026-08-19T12:17:45.771216
45917,,-54,43,0,2992,70492,60308,69048,0,99,0,0,0,14:33:5C:6D:AF:58,0,1,ARMED,60,0,1,80:02:9C:61:97:4B,11,10,186.4,80:02:9C:61:97:4A,0,0,NONE,2026-08-19T12:17:45.912216
45917,,-53,44,0,2742,70492,60308,69147,0,99,0,0,0,14:33:5C:6D:AF:58,0,1,ARMED,60,0,0,80:02:9C:61:97:4B,11,28,547.8,80:02:9C:61:97:4A,0,0,NONE,2026-08-19T12:17:46.011216
45917,MGMT_OTHER,35,35,0,0,70492,60308,69246,0,99,0,0,0,14:33:5C:6D:AF:58,0,1,ARMED,60,0,1,80:02:9C:61:97:4B,11,16,331.7,80:02:9C:61:97:4A,0,0,NONE,2026-08-19T12:17:46.110216
45917,,-53,44,213,3496,70492,60308,69374,0,99,0,0,0,14:33:5C:6D:AF:58,0,1,ARMED,60,0,1,80:02:9C:61:97:4B,11,33,451.1,80:02:9C:61:97:4A,0,0,NONE,2026-08-19T12:17:46.238216
45917,MGMT_OTHER,42,42,0,0,70492,60308,69437,0,99,0,0,0,14:33:5C:6D:AF:58,0,1,ARMED,60,0,1,80:02:9C:61:97:4B,11,12,340.6,80:02:9C:61:97:4A,0,0,NONE,2026-08-19T12:17:46.301216
45917,,-53,44,3092,3546,70492,60308,69472,0,99,0,0,0,14:33:5C:6D:AF:58,0,1,ARMED,60,0,0,80:02:9C:61:97:4B,11,62,882.5,80:02:9C:61:97:4A,0,0,NONE,2026-08-19T12:17:46.336216
45917,,-53,44,267,3571,70492,60308,69516,0,99,0,0,0,14:33:5C:6D:AF:58,0,1,ARMED,60,0,0,80:02:9C:61:97:4B,11,27,1970.8,80:02:9C:61:97:4A,0,0,NONE,2026-08-19T12:17:46.380216
45917,MGMT_OTHER,35,35,0,0,70492,60308,69546,0,99,0,0,0,14:33:5C:6D:AF:58,0,1,ARMED,60,0,1,80:02:9C:61:97:4B,11,77,1757.6,80:02:9C:61:97:4A,0,0,NONE,2026-08-19T12:17:46.410216
45917,MGMT_OTHER,35,35,0,0,70492,60308,69624,0,99,0,0,0,14:33:5C:6D:AF:58,1,1,ARMED,60,0,0,80:02:9C:61:97:4B,11,6,395,80:02:9C:61:97:4A,0,0,NONE,2026-08-19T12:17:46.488216
45917,,-53,44,267,3625,70492,60308,69715,0,99,0,0,0,14:33:5C:6D:AF:58,1,1,ARMED,60,0,0,80:02:9C:61:97:4B,11,5,817.8,80:02:9C:61:97:4A,0,0,NONE,2026-08-19T12:17:46.579216
45917,,-54,43,266,3659,70492,60308,69753,0,99,0,0,0,14:33:5C:6D:AF:58,1,1,ARMED,60,0,0,80:02:9C:61:97:4B,11,55,1250.3,80:02:9C:61:97:4A,0,0,NONE,2026-08-19T12:17:46.617216
45917,,-53,44,440,3675,70492,60308,69792,0,99,0,0,0,14:33:5C:6D:AF:58,1,1,ARMED,60,0,0,80:02:9C:61:97:4B,11,105,1272.4,80:02:9C:61:97:4A,0,0,NONE,2026-08-19T12:17:46.656216
45917,,-53,44,0,3013,70492,60308,69846,0,99,0,0,0,14:33:5C:6D:AF:58,1,1,ARMED,60,0,1,80:02:9C:61:97:4B,11,49,1597.2,80:02:9C:61:97:4A,0,0,NONE,2026-08-19T12:17:46.710216
45917,,-73,24,0,2046,70492,60308,69910,0,99,0,0,0,14:33:5C:6D:AF:58,1,1,ARMED,60,0,0,80:02:9C:61:97:4B,11,99,1046.1,80:02:9C:61:97:4A,0,0,NONE,2026-08-19T12:17:46.774216
45917,,-54,43,448,3736,70492,60308,69945,0,99,0,0,0,14:33:5C:6D:AF:58,1,1,ARMED,60,0,0,80:02:9C:61:97:4B,11,49,2456.3,80:02:9C:61:97:4A,0,0,NONE,2026-08-19T12:17:46.809216
45917,,-53,44,286,3756,70492,60308,69972,0,99,0,0,0,14:33:5C:6D:AF:58,1,1,ARMED,60,0,0,80:02:9C:61:97:4B,11,99,2083.6,80:02:9C:61:97:4A,0,0,NONE,2026-08-19T12:17:46.836216
45917,,-55,42,404,3784,70492,60308,70011,0,99,0,0,0,14:33:5C:6D:AF:58,1,1,ARMED,60,0,0,80:02:9C:61:97:4B,11,149,1731.2,80:02:9C:61:97:4A,0,0,NONE,2026-08-19T12:17:46.875216
45917,,-54,43,303,3817,70492,60308,70046,0,99,0,0,0,14:33:5C:6D:AF:58,1,1,ARMED,60,0,0,80:02:9C:61:97:4B,11,32,1514.8,80:02:9C:61:97:4A,0,0,NONE,2026-08-19T12:17:46.910216
45917,,-72,25,0,2090,70492,60308,70089,0,99,0,0,0,14:33:5C:6D:AF:58,1,1,ARMED,60,0,0,80:02:9C:61:97:4B,11,82,1280.2,80:02:9C:61:97:4A,0,0,NONE,2026-08-19T12:17:46.953216
45917,,-54,43,726,3854,70492,60308,70120,0,99,0,0,0,14:33:5C:6D:AF:58,1,1,ARMED,60,0,0,80:02:9C:61:97:4B,11,132,1386.3,80:02:9C:61:97:4A,0,0,NONE,2026-08-19T12:17:46.984216
45917,,-53,44,293,3880,69052,60308,70152,0,99,0,0,0,14:33:5C:6D:AF:58,1,1,ARMED,60,0,1,80:02:9C:61:97:4B,11,49,2844.2,80:02:9C:61:97:4A,0,0,NONE,2026-08-19T12:17:47.016216
45917,,-53,44,0,3906,70492,60308,70188,0,99,0,0,0,14:33:5C:6D:AF:58,1,1,ARMED,60,0,1,80:02:9C:61:97:4B,11,99,1874.5,80:02:9C:61:97:4A,0,0,NONE,2026-08-19T12:17:47.052216
45917,AUTH,-72,25,331,0,70492,60308,70216,0,99,0,0,0,14:33:5C:6D:AF:58,1,1,ARMED,60,0,0,80:02:9C:61:97:4B,11,149,1830.8,80:02:9C:61:97:4A,0,0,NONE,2026-08-19T12:17:47.080216
45917,,-54,43,119,3966,70492,60308,70256,0,99,0,0,0,14:33:5C:6D:AF:58,1,1,ARMED,60,0,0,80:02:9C:61:97:4B,11,29,1410.8,80:02:9C:61:97:4A,0,0,NONE,2026-08-19T12:17:47.120216
45917,MGMT_OTHER,35,35,0,0,70492,60308,70279,0,99,0,0,0,14:33:5C:6D:AF:58,1,1,ARMED,60,0,1,80:02:9C:61:97:4B,11,79,1787.9,80:02:9C:61:97:4A,0,0,NONE,2026-08-19T12:17:47.143216
45917,,-71,26,0,2153,70492,60308,70360,0,99,0,0,0,14:33:5C:6D:AF:58,1,1,ARMED,60,0,0,80:02:9C:61:97:4B,11,10,481.6,80:02:9C:61:97:4A,0,0,NONE,2026-08-19T12:17:47.224216
45917,,-53,44,482,4037,70492,60308,70387,0,99,0,0,0,14:33:5C:6D:AF:58,1,1,ARMED,60,0,0,80:02:9C:61:97:4B,11,60,1258,80:02:9C:61:97:4A,0,0,NONE,2026-08-19T12:17:47.251216
45917,,-54,43,303,4063,70492,60308,70418,0,99,0,0,0,14:33:5C:6D:AF:58,1,1,ARMED,60,0,0,80:02:9C:61:97:4B,11,110,1401.1,80:02:9C:61:97:4A,0,0,NONE,2026-08-19T12:17:47.282216
45917,PROBE_REQ,-92,5,330,1795,70492,60308,70446,0,99,0,0,0,14:33:5C:6D:AF:58,1,1,ARMED,60,0,1,80:02:9C:61:97:4B,11,9,1866.1,80:02:9C:61:97:4A,0,0,NONE,2026-08-19T12:17:47.310216
45917,,-72,25,0,2185,70492,60308,70500,0,99,0,0,0,14:33:5C:6D:AF:58,1,1,ARMED,60,0,0,80:02:9C:61:97:4B,11,59,1007.5,80:02:9C:61:97:4A,0,0,NONE,2026-08-19T12:17:47.364216
45917,MGMT_OTHER,-90,7,0,1023,70492,60308,70540,0,99,0,0,0,14:33:5C:6D:AF:58,1,1,ARMED,60,0,1,80:02:9C:61:97:4B,11,109,1100.1,80:02:9C:61:97:4A,0,0,NONE,2026-08-19T12:17:47.404216
45917,,-53,44,287,41,70492,60308,70582,0,99,0,0,0,14:33:5C:6D:AF:58,1,1,ARMED,60,0,0,80:02:9C:61:97:4B,11,49,1248.1,80:02:9C:61:97:4A,0,0,NONE,2026-08-19T12:17:47.446216
45917,,-54,43,0,72,69848,60308,70610,0,99,0,0,0,14:33:5C:6D:AF:58,1,1,ARMED,60,0,1,80:02:9C:61:97:4B,11,99,1457.8,80:02:9C:61:97:4A,0,0,NONE,2026-08-19T12:17:47.474216
45917,MGMT_OTHER,35,35,0,0,70492,60308,70659,0,99,0,0,0,14:33:5C:6D:AF:58,1,1,ARMED,60,0,0,80:02:9C:61:97:4B,11,15,956.9,80:02:9C:61:97:4A,0,0,NONE,2026-08-19T12:17:47.523216
45917,,-53,44,0,2775,70492,60308,70687,0,99,0,0,0,14:33:5C:6D:AF:58,1,1,ARMED,60,0,0,80:02:9C:61:97:4B,11,65,1489.8,80:02:9C:61:97:4A,0,0,NONE,2026-08-19T12:17:47.551216
45917,,-54,43,3923,101,70492,60308,70729,0,99,0,0,0,14:33:5C:6D:AF:58,1,1,ARMED,60,0,1,80:02:9C:61:97:4B,11,115,1339.5,80:02:9C:61:97:4A,0,0,NONE,2026-08-19T12:17:47.593216
45917,,-92,5,855,4041,70300,60308,70787,0,99,0,0,0,14:33:5C:6D:AF:58,1,1,ARMED,60,0,1,80:02:9C:61:97:4B,11,49,1145.6,80:02:9C:61:97:4A,0,0,NONE,2026-08-19T12:17:47.651216
45917,MGMT_OTHER,35,35,0,0,70492,60308,70883,0,99,0,0,0,14:33:5C:6D:AF:58,1,1,ARMED,60,0,0,80:02:9C:61:97:4B,11,19,495.2,80:02:9C:61:97:4A,0,0,NONE,2026-08-19T12:17:47.747216
45917,BEACON,-54,43,224,78,70492,60308,70937,0,99,0,0,0,14:33:5C:6D:AF:58,1,1,ARMED,60,0,0,80:02:9C:61:97:4B,11,69,741.8,80:02:9C:61:97:4A,0,0,NONE,2026-08-19T12:17:47.801216
45917,,-53,44,119,144,70492,60308,70966,0,99,0,0,0,14:33:5C:6D:AF:58,1,1,ARMED,60,0,0,80:02:9C:61:97:4B,11,39,1867.5,80:02:9C:61:97:4A,0,0,NONE,2026-08-19T12:17:47.830216
45917,,-71,26,0,2247,70492,60308,70993,0,99,0,0,0,14:33:5C:6D:AF:58,1,1,ARMED,60,0,0,80:02:9C:61:97:4B,11,89,1874.9,80:02:9C:61:97:4A,0,0,NONE,2026-08-19T12:17:47.857216
45917,,-54,43,286,201,70492,60308,71021,0,99,0,0,0,14:33:5C:6D:AF:58,1,1,ARMED,60,0,0,80:02:9C:61:97:4B,11,139,1835.8,80:02:9C:61:97:4A,0,0,NONE,2026-08-19T12:17:47.885216
45917,,-71,26,0,2264,69052,60308,71079,0,99,0,0,0,14:33:5C:6D:AF:58,1,1,ARMED,60,0,0,80:02:9C:61:97:4B,11,42,1239.8,80:02:9C:61:97:4A,0,0,NONE,2026-08-19T12:17:47.943216
45917,,-71,26,0,2273,70188,60308,71098,0,99,0,0,0,14:33:5C:6D:AF:58,1,1,ARMED,60,0,0,80:02:9C:61:97:4B,11,92,1763.3,80:02:9C:61:97:4A,0,0,NONE,2026-08-19T12:17:47.962216
45917,,-54,43,287,304,70492,60308,71121,0,99,0,0,0,14:33:5C:6D:AF:58,1,1,ARMED,60,0,0,80:02:9C:61:97:4B,11,142,1887.4,80:02:9C:61:97:4A,0,0,NONE,2026-08-19T12:17:47.985216
45917,,-54,43,303,333,70492,60308,71151,0,99,0,0,0,14:33:5C:6D:AF:58,1,1,ARMED,60,0,0,80:02:9C:61:97:4B,11,6,2107.5,80:02:9C:61:97:4A,0,0,NONE,2026-08-19T12:17:48.015216
45917,,-54,43,287,371,69052,60308,71179,0,99,0,0,0,14:33:5C:6D:AF:58,1,1,ARMED,60,0,0,80:02:9C:61:97:4B,11,56,1812.5,80:02:9C:61:97:4A,0,0,NONE,2026-08-19T12:17:48.043216
45917,,-53,44,287,403,70492,60308,71202,0,99,0,0,0,14:33:5C:6D:AF:58,1,1,ARMED,60,0,0,80:02:9C:61:97:4B,11,106,1966.1,80:02:9C:61:97:4A,0,0,NONE,2026-08-19T12:17:48.066216
45917,,-53,44,302,432,70492,60308,71253,0,99,0,0,0,14:33:5C:6D:AF:58,1,1,ARMED,60,0,0,80:02:9C:61:97:4B,11,13,2526.7,80:02:9C:61:97:4A,0,0,NONE,2026-08-19T12:17:48.117216
45917,,-54,43,287,472,70432,60308,71275,0,99,0,0,0,14:33:5C:6D:AF:58,1,1,ARMED,60,0,0,80:02:9C:61:97:4B,11,63,2340.8,80:02:9C:61:97:4A,0,0,NONE,2026-08-19T12:17:48.139216
45917,,-54,43,302,501,70492,60308,71308,0,99,0,0,0,14:33:5C:6D:AF:58,1,1,ARMED,60,0,0,80:02:9C:61:97:4B,11,113,1880.4,80:02:9C:61:97:4A,0,0,NONE,2026-08-19T12:17:48.172216
45917,,-53,44,286,534,70492,60308,71337,0,99,0,0,0,14:33:5C:6D:AF:58,1,1,ARMED,60,0,0,80:02:9C:61:97:4B,11,163,1839.8,80:02:9C:61:97:4A,0,0,NONE,2026-08-19T12:17:48.201216
45917,,-54,43,287,566,70492,60308,71378,0,99,0,0,0,14:33:5C:6D:AF:58,1,1,ARMED,60,0,0,80:02:9C:61:97:4B,11,49,2842.7,80:02:9C:61:97:4A,0,0,NONE,2026-08-19T12:17:48.242216
45917,,-72,25,576,2367,70492,60308,71385,0,99,0,0,0,14:33:5C:6D:AF:58,1,1,ARMED,60,0,1,80:02:9C:61:97:4B,11,99,4067.7,80:02:9C:61:97:4A,0,0,NONE,2026-08-19T12:17:48.249216
45917,,-54,43,1069,636,70492,60308,71406,0,99,0,0,0,14:33:5C:6D:AF:58,1,1,ARMED,60,0,0,80:02:9C:61:97:4B,11,149,3256.6,80:02:9C:61:97:4A,0,0,NONE,2026-08-19T12:17:48.270216
45917,,-54,43,3181,672,70492,60308,71434,0,99,0,0,0,14:33:5C:6D:AF:58,1,1,ARMED,60,0,0,80:02:9C:61:97:4B,11,199,2695.6,80:02:9C:61:97:4A,0,0,NONE,2026-08-19T12:17:48.298216
45917,,-54,43,303,695,69052,60308,71479,0,99,0,0,0,14:33:5C:6D:AF:58,1,1,ARMED,60,0,0,80:02:9C:61:97:4B,11,26,1403.2,80:02:9C:61:97:4A,0,0,NONE,2026-08-19T12:17:48.343216
45917,,-54,43,287,727,70492,60308,71506,0,99,0,0,0,14:33:5C:6D:AF:58,1,1,ARMED,60,0,0,80:02:9C:61:97:4B,11,76,1684.1,80:02:9C:61:97:4A,0,0,NONE,2026-08-19T12:17:48.370216
45917,,-53,44,286,762,70492,60308,71530,0,99,0,0,0,14:33:5C:6D:AF:58,1,1,ARMED,60,0,0,80:02:9C:61:97:4B,11,126,1833.6,80:02:9C:61:97:4A,0,0,NONE,2026-08-19T12:17:48.394216
45917,,-54,43,4708,796,70492,60308,71570,0,99,0,0,0,14:33:5C:6D:AF:58,1,1,ARMED,60,0,1,80:02:9C:61:97:4B,11,12,1509.8,80:02:9C:61:97:4A,0,0,NONE,2026-08-19T12:17:48.434216
45917,,-54,43,302,832,70492,60308,71602,0,99,0,0,0,14:33:5C:6D:AF:58,1,1,ARMED,60,0,0,80:02:9C:61:97:4B,11,62,1566.2,80:02:9C:61:97:4A,0,0,NONE,2026-08-19T12:17:48.466216
45917,MGMT_OTHER,50,50,0,0,70492,60308,71721,0,99,0,0,0,14:33:5C:6D:AF:58,1,1,ARMED,60,0,0,80:02:9C:61:97:4B,11,10,191.5,80:02:9C:61:97:4A,0,0,NONE,2026-08-19T12:17:48.585216
45917,MGMT_OTHER,28,28,0,0,70492,60308,71864,0,99,0,0,0,14:33:5C:6D:AF:58,1,0,ARMED,60,0,1,80:02:9C:61:97:4B,11,34,360.5,80:02:9C:61:97:4A,0,0,NONE,2026-08-19T12:17:48.728216
45917,MGMT_OTHER,42,42,0,0,70492,60308,71995,0,99,0,0,0,14:33:5C:6D:AF:58,0,1,ARMED,60,0,0,80:02:9C:61:97:4B,11,8,390,80:02:9C:61:97:4A,0,0,NONE,2026-08-19T12:17:48.859216
45917,MGMT_OTHER,31,31,0,0,70492,60308,72124,0,99,0,0,0,14:33:5C:6D:AF:58,0,1,ARMED,60,0,0,80:02:9C:61:97:4B,11,18,364.7,80:02:9C:61:97:4A,0,0,NONE,2026-08-19T12:17:48.988216
45917,,-53,44,0,1269,70492,60308,72343,0,99,0,0,0,14:33:5C:6D:AF:58,0,0,ARMED,60,0,0,80:02:9C:61:97:4B,11,13,260.8,80:02:9C:61:97:4A,0,0,NONE,2026-08-19T12:17:49.207216
45917,,-53,44,0,2784,70432,60308,72396,0,99,0,0,0,14:33:5C:6D:AF:58,0,1,ARMED,60,0,0,80:02:9C:61:97:4B,11,1,1000,80:02:9C:61:97:4A,0,0,NONE,2026-08-19T12:17:49.260216
45917,,-73,24,2745,2801,70492,60308,72545,0,99,0,0,0,14:33:5C:6D:AF:58,0,1,ARMED,60,0,1,80:02:9C:61:97:4B,11,13,321.7,80:02:9C:61:97:4A,0,0,NONE,2026-08-19T12:17:49.409216
45917,PROBE_RESP,-81,16,0,3467,70492,60308,72728,0,99,0,0,0,14:33:5C:6D:AF:58,0,1,ARMED,60,0,1,80:02:9C:61:97:4B,11,5,214.3,80:02:9C:61:97:4A,0,0,NONE,2026-08-19T12:17:49.592216
45917,,-74,23,0,2818,70492,60308,72826,0,99,0,0,0,14:33:5C:6D:AF:58,0,1,ARMED,60,0,1,80:02:9C:61:97:4B,11,21,990.8,80:02:9C:61:97:4A,0,0,NONE,2026-08-19T12:17:49.690216
45917,MGMT_OTHER,43,43,0,0,70492,60308,72889,0,99,0,0,0,14:33:5C:6D:AF:58,0,1,ARMED,60,0,0,80:02:9C:61:97:4B,11,71,840.2,80:02:9C:61:97:4A,0,0,NONE,2026-08-19T12:17:49.753216
45917,MGMT_OTHER,32,32,0,0,70492,60308,72950,0,99,0,0,0,14:33:5C:6D:AF:58,0,1,ARMED,60,0,0,80:02:9C:61:97:4B,11,36,823.1,80:02:9C:61:97:4A,0,0,NONE,2026-08-19T12:17:49.814216
45917,MGMT_OTHER,32,32,0,0,70492,60308,73039,0,99,0,0,0,14:33:5C:6D:AF:58,0,1,ARMED,60,0,0,80:02:9C:61:97:4B,11,17,653.7,80:02:9C:61:97:4A,0,0,NONE,2026-08-19T12:17:49.903216
45917,MGMT_OTHER,43,43,0,0,70492,60308,73177,0,99,0,0,0,14:33:5C:6D:AF:58,0,1,ARMED,60,0,0,80:02:9C:61:97:4B,11,18,314.1,80:02:9C:61:97:4A,0,0,NONE,2026-08-19T12:17:50.041216
45917,,-53,44,292,1287,70492,60308,73311,0,99,0,0,0,14:33:5C:6D:AF:58,0,1,ARMED,60,0,0,80:02:9C:61:97:4B,11,35,423.1,80:02:9C:61:97:4A,0,0,NONE,2026-08-19T12:17:50.175216
45917,MGMT_OTHER,28,28,0,0,70492,60308,73391,0,99,0,0,0,14:33:5C:6D:AF:58,0,1,ARMED,60,0,1,80:02:9C:61:97:4B,11,36,599.5,80:02:9C:61:97:4A,0,0,NONE,2026-08-19T12:17:50.255216
45917,MGMT_OTHER,43,43,0,0,70492,60308,73493,0,99,0,0,0,14:33:5C:6D:AF:58,0,1,ARMED,60,0,1,80:02:9C:61:97:4B,11,34,554.8,80:02:9C:61:97:4A,0,0,NONE,2026-08-19T12:17:50.357216
45917,MGMT_OTHER,43,43,0,0,70492,60308,73617,0,99,0,0,0,14:33:5C:6D:AF:58,0,1,ARMED,60,0,0,80:02:9C:61:97:4B,11,32,389.6,80:02:9C:61:97:4A,0,0,NONE,2026-08-19T12:17:50.481216
45917,,-53,44,0,1299,65700,60308,73794,0,99,0,0,0,14:33:5C:6D:AF:58,0,0,ARMED,60,0,0,80:02:9C:61:97:4B,11,19,414,80:02:9C:61:97:4A,0,0,NONE,2026-08-19T12:17:50.658216
45917,,-53,44,0,2809,70492,60308,73839,0,99,0,0,0,14:33:5C:6D:AF:58,0,0,ARMED,60,0,0,80:02:9C:61:97:4B,11,69,760.3,80:02:9C:61:97:4A,0,0,NONE,2026-08-19T12:17:50.703216
45917,MGMT_OTHER,43,43,0,0,70492,60308,74094,0,99,0,0,0,14:33:5C:6D:AF:58,0,0,ARMED,60,0,0,80:02:9C:61:97:4B,11,9,309.8,80:02:9C:61:97:4A,0,0,NONE,2026-08-19T12:17:50.958216
45917,MGMT_OTHER,33,33,0,0,70492,60308,74301,0,99,0,0,0,14:33:5C:6D:AF:58,0,0,ARMED,60,0,1,80:02:9C:61:97:4B,11,11,376.1,80:02:9C:61:97:4A,0,0,NONE,2026-08-19T12:17:51.165216
45917,MGMT_OTHER,33,33,0,0,70492,60308,74628,0,99,0,0,0,14:33:5C:6D:AF:58,0,0,ARMED,60,0,1,80:02:9C:61:97:4B,11,6,149.4,80:02:9C:61:97:4A,0,0,NONE,2026-08-19T12:17:51.492216
45917,BEACON,-53,44,0,119,70492,60308,74828,0,99,0,0,0,14:33:5C:6D:AF:58,0,0,ARMED,60,0,1,80:02:9C:61:97:4B,11,13,420.3,80:02:9C:61:97:4A,0,0,NONE,2026-08-19T12:17:51.692216
45917,MGMT_OTHER,34,34,0,0,70432,60308,75099,0,99,0,0,0,14:33:5C:6D:AF:58,0,0,ARMED,60,0,0,80:02:9C:61:97:4B,11,28,293.5,80:02:9C:61:97:4A,0,0,NONE,2026-08-19T12:17:51.963216
45917,,-75,22,54643,1800,70492,60308,75454,0,99,0,0,0,14:33:5C:6D:AF:58,0,0,ARMED,60,0,1,80:02:9C:61:97:4B,11,3,73.1,80:02:9C:61:97:4A,0,0,NONE,2026-08-19T12:17:52.318216
45917,,-46,51,242796,1699,70492,60308,75977,0,99,0,0,0,14:33:5C:6D:AF:58,0,0,ARMED,60,0,1,80:02:9C:61:97:4B,11,3,57.3,80:02:9C:61:97:4A,0,0,NONE,2026-08-19T12:17:52.841216
45917,MGMT_OTHER,42,42,0,0,70492,60308,76255,0,99,0,0,0,14:33:5C:6D:AF:58,0,0,ARMED,60,0,0,80:02:9C:61:97:4B,11,16,691.1,80:02:9C:61:97:4A,0,0,NONE,2026-08-19T12:17:53.119216
45917,BEACON,-52,45,0,138,70492,60308,76671,0,99,0,0,0,14:33:5C:6D:AF:58,0,0,ARMED,60,0,1,80:02:9C:61:97:4B,11,8,269.5,80:02:9C:61:97:4A,0,0,NONE,2026-08-19T12:17:53.535216
45917,BEACON,-82,15,0,262,70432,60308,76846,0,99,0,0,0,14:33:5C:6D:AF:58,0,0,ARMED,60,0,1,80:02:9C:61:97:4B,11,20,196.4,80:02:9C:61:97:4A,0,0,NONE,2026-08-19T12:17:53.710216
45917,,-55,42,7967,1029,70492,60308,77095,0,99,0,0,0,14:33:5C:6D:AF:58,0,0,ARMED,60,0,1,80:02:9C:61:97:4B,11,10,229.5,80:02:9C:61:97:4A,0,0,NONE,2026-08-19T12:17:53.959216
45917,MGMT_OTHER,-54,43,0,146,70492,60308,77292,0,99,0,0,0,14:33:5C:6D:AF:58,0,1,ARMED,60,0,0,80:02:9C:61:97:4B,11,7,193.3,80:02:9C:61:97:4A,0,0,NONE,2026-08-19T12:17:54.156216
45917,,-60,37,5162,3083,70492,60308,77461,0,99,0,0,0,14:33:5C:6D:AF:58,0,0,ARMED,60,0,1,80:02:9C:61:97:4B,11,1,1000,80:02:9C:61:97:4A,0,0,NONE,2026-08-19T12:17:54.325216
45917,MGMT_OTHER,43,43,0,0,70492,60308,77594,0,99,0,0,0,14:33:5C:6D:AF:58,0,1,ARMED,60,0,1,80:02:9C:61:97:4B,11,23,677,80:02:9C:61:97:4A,0,0,NONE,2026-08-19T12:17:54.458216
45917,MGMT_OTHER,42,42,0,0,70492,60308,77868,0,99,0,0,0,14:33:5C:6D:AF:58,0,1,ARMED,60,0,1,80:02:9C:61:97:4B,11,28,278.2,80:02:9C:61:97:4A,0,0,NONE,2026-08-19T12:17:54.732216
45917,MGMT_OTHER,25,25,0,0,70492,60308,78109,0,99,0,0,0,14:33:5C:6D:AF:58,0,0,ARMED,60,0,0,80:02:9C:61:97:4B,11,8,241,80:02:9C:61:97:4A,0,0,NONE,2026-08-19T12:17:54.973216
45917,MGMT_OTHER,20,20,0,0,70492,60308,78399,0,99,0,0,0,14:33:5C:6D:AF:58,0,0,ARMED,60,0,1,80:02:9C:61:97:4B,11,6,365.8,80:02:9C:61:97:4A,0,0,NONE,2026-08-19T12:17:55.263216
45917,,-53,44,11531,1033,70492,60308,78630,0,99,0,0,0,14:33:5C:6D:AF:58,0,0,ARMED,60,0,1,80:02:9C:61:97:4B,11,11,255.7,80:02:9C:61:97:4A,0,0,NONE,2026-08-19T12:17:55.494216
45917,MGMT_OTHER,43,43,0,0,70492,60308,79089,0,99,0,0,0,14:33:5C:6D:AF:58,0,0,ARMED,60,0,0,80:02:9C:61:97:4B,11,11,119.7,80:02:9C:61:97:4A,0,0,NONE,2026-08-19T12:17:55.953216
45917,,-57,40,50,168,70492,60308,79336,0,99,0,0,0,14:33:5C:6D:AF:58,0,0,ARMED,60,0,1,80:02:9C:61:97:4B,11,4,126.4,80:02:9C:61:97:4A,0,0,NONE,2026-08-19T12:17:56.200216
45917,,-57,40,124159,1037,70492,60308,79859,0,99,0,0,0,14:33:5C:6D:AF:58,0,0,ARMED,60,0,1,80:02:9C:61:97:4B,11,4,92.6,80:02:9C:61:97:4A,0,0,NONE,2026-08-19T12:17:56.723216
45917,BEACON,-95,2,0,1744,70492,60308,80162,0,99,0,0,0,14:33:5C:6D:AF:58,0,0,ARMED,60,0,1,80:02:9C:61:97:4B,11,11,277.8,80:02:9C:61:97:4A,0,0,NONE,2026-08-19T12:17:57.026216
45917,,-81,16,0,187,70492,60308,80420,0,99,0,0,0,14:33:5C:6D:AF:58,0,0,ARMED,60,0,1,80:02:9C:61:97:4B,11,20,266,80:02:9C:61:97:4A,0,0,NONE,2026-08-19T12:17:57.284216
45917,,-55,42,770,880,70492,60308,80644,0,99,0,0,0,14:33:5C:6D:AF:58,0,0,ARMED,60,0,0,80:02:9C:61:97:4B,11,37,429.1,80:02:9C:61:97:4A,0,0,NONE,2026-08-19T12:17:57.508216
45917,,-55,42,533,915,70492,60308,80667,0,99,0,0,0,14:33:5C:6D:AF:58,0,1,ARMED,60,0,0,80:02:9C:61:97:4B,11,49,6277.2,80:02:9C:61:97:4A,0,0,NONE,2026-08-19T12:17:57.531216
45917,,-55,42,115,677,70492,60308,80699,0,99,0,0,0,14:33:5C:6D:AF:58,0,1,ARMED,60,0,1,80:02:9C:61:97:4B,11,99,2513.1,80:02:9C:61:97:4A,0,0,NONE,2026-08-19T12:17:57.563216
45917,,-55,42,2095,662,70492,60308,80719,0,99,0,0,0,14:33:5C:6D:AF:58,0,1,ARMED,60,0,1,80:02:9C:61:97:4B,11,149,2508.7,80:02:9C:61:97:4A,0,0,NONE,2026-08-19T12:17:57.583216
45917,,-71,26,625,2492,70492,60308,80752,0,99,0,0,0,14:33:5C:6D:AF:58,0,1,ARMED,60,0,1,80:02:9C:61:97:4B,11,199,2159.2,80:02:9C:61:97:4A,0,0,NONE,2026-08-19T12:17:57.616216
45917,,-55,42,388,1409,70492,60308,80792,0,99,0,0,0,14:33:5C:6D:AF:58,0,1,ARMED,60,0,0,80:02:9C:61:97:4B,11,49,1937.4,80:02:9C:61:97:4A,0,0,NONE,2026-08-19T12:17:57.656216
45917,,-54,43,533,730,70492,60308,80809,0,99,0,0,0,14:33:5C:6D:AF:58,0,1,ARMED,60,0,1,80:02:9C:61:97:4B,11,99,2344,80:02:9C:61:97:4A,0,0,NONE,2026-08-19T12:17:57.673216
45917,,-53,44,266,1141,70492,60308,80829,0,99,0,0,0,14:33:5C:6D:AF:58,0,1,ARMED,60,0,1,80:02:9C:61:97:4B,11,149,2401.4,80:02:9C:61:97:4A,0,0,NONE,2026-08-19T12:17:57.693216
45917,,-73,24,293,2924,70492,60308,80852,0,99,0,0,0,14:33:5C:6D:AF:58,0,1,ARMED,60,0,0,80:02:9C:61:97:4B,11,199,2329.5,80:02:9C:61:97:4A,0,0,NONE,2026-08-19T12:17:57.716216
45917,,-53,44,267,3928,70492,60308,80881,0,99,0,0,0,14:33:5C:6D:AF:58,0,1,ARMED,60,0,1,80:02:9C:61:97:4B,11,49,9718.4,80:02:9C:61:97:4A,0,0,NONE,2026-08-19T12:17:57.745216
45917,,-65,32,0,1539,70492,60308,80892,0,99,0,0,0,14:33:5C:6D:AF:58,0,1,ARMED,60,0,1,80:02:9C:61:97:4B,11,99,6035.5,80:02:9C:61:97:4A,0,0,NONE,2026-08-19T12:17:57.756216
45917,,-53,44,371,1284,70492,60308,80922,0,99,0,0,0,14:33:5C:6D:AF:58,0,1,ARMED,60,0,1,80:02:9C:61:97:4B,11,149,3182.3,80:02:9C:61:97:4A,0,0,NONE,2026-08-19T12:17:57.786216
45917,,-53,44,250,3149,70492,60308,80940,0,99,0,0,0,14:33:5C:6D:AF:58,0,1,ARMED,60,0,1,80:02:9C:61:97:4B,11,199,3095.7,80:02:9C:61:97:4A,0,0,NONE,2026-08-19T12:17:57.804216
45917,,-53,44,287,1342,70492,60308,80960,0,99,0,0,0,14:33:5C:6D:AF:58,0,1,ARMED,60,0,0,80:02:9C:61:97:4B,11,249,2960.2,80:02:9C:61:97:4A,0,0,NONE,2026-08-19T12:17:57.824216
45917,,-53,44,287,1373,70492,60308,81017,0,99,0,0,0,14:33:5C:6D:AF:58,1,1,ARMED,60,0,1,80:02:9C:61:97:4B,11,19,1155.2,80:02:9C:61:97:4A,0,0,NONE,2026-08-19T12:17:57.881216
45917,,-53,44,287,3746,70492,60308,81036,0,99,0,0,0,14:33:5C:6D:AF:58,1,1,ARMED,60,0,1,80:02:9C:61:97:4B,11,69,1898.3,80:02:9C:61:97:4A,0,0,NONE,2026-08-19T12:17:57.900216
45917,,-53,44,286,1454,70492,60308,81048,0,99,0,0,0,14:33:5C:6D:AF:58,1,1,ARMED,60,0,0,80:02:9C:61:97:4B,11,119,2466.2,80:02:9C:61:97:4A,0,0,NONE,2026-08-19T12:17:57.912216
45917,,-53,44,287,1488,70464,60308,81068,0,99,0,0,0,14:33:5C:6D:AF:58,1,1,ARMED,60,0,0,80:02:9C:61:97:4B,11,169,2481.9,80:02:9C:61:97:4A,0,0,NONE,2026-08-19T12:17:57.932216
45917,,-54,43,2257,1040,70492,60308,81088,0,99,0,0,0,14:33:5C:6D:AF:58,1,1,ARMED,60,0,1,80:02:9C:61:97:4B,11,219,2484.8,80:02:9C:61:97:4A,0,0,NONE,2026-08-19T12:17:57.952216
45917,,-53,44,675,1529,70492,60308,81214,0,99,0,0,0,14:33:5C:6D:AF:58,1,1,ARMED,60,0,0,80:02:9C:61:97:4B,11,4,1873.5,80:02:9C:61:97:4A,0,0,NONE,2026-08-19T12:17:58.078216
45917,,-53,44,267,1567,70492,60308,81230,0,99,0,0,0,14:33:5C:6D:AF:58,1,1,ARMED,60,0,1,80:02:9C:61:97:4B,11,54,2978,80:02:9C:61:97:4A,0,0,NONE,2026-08-19T12:17:58.094216
45917,,-74,23,0,2632,70492,60308,81253,0,99,0,0,0,14:33:5C:6D:AF:58,1,1,ARMED,60,0,0,80:02:9C:61:97:4B,11,104,2578.5,80:02:9C:61:97:4A,0,0,NONE,2026-08-19T12:17:58.117216
45917,,-53,44,267,1627,70492,60308,81270,0,99,0,0,0,14:33:5C:6D:AF:58,1,1,ARMED,60,0,0,80:02:9C:61:97:4B,11,154,2671,80:02:9C:61:97:4A,0,0,NONE,2026-08-19T12:17:58.134216
45917,,-53,44,266,1671,70492,60308,81297,0,99,0,0,0,14:33:5C:6D:AF:58,1,1,ARMED,60,0,0,80:02:9C:61:97:4B,11,204,2419.4,80:02:9C:61:97:4A,0,0,NONE,2026-08-19T12:17:58.161216
45917,,-74,23,0,2668,70492,60308,81316,0,99,0,0,0,14:33:5C:6D:AF:58,1,1,ARMED,60,0,0,80:02:9C:61:97:4B,11,5,1448.4,80:02:9C:61:97:4A,0,0,NONE,2026-08-19T12:17:58.180216
45917,MGMT_OTHER,-53,44,267,3973,70492,60308,81343,0,99,0,0,0,14:33:5C:6D:AF:58,1,1,ARMED,60,0,1,80:02:9C:61:97:4B,11,55,1778.4,80:02:9C:61:97:4A,0,0,NONE,2026-08-19T12:17:58.207216
45917,,-53,44,266,1793,70492,60308,81360,0,99,0,0,0,14:33:5C:6D:AF:58,1,1,ARMED,60,0,0,80:02:9C:61:97:4B,11,105,2190.9,80:02:9C:61:97:4A,0,0,NONE,2026-08-19T12:17:58.224216
45917,,-53,44,250,1821,70492,60308,81380,0,99,0,0,0,14:33:5C:6D:AF:58,1,1,ARMED,60,0,0,80:02:9C:61:97:4B,11,155,2288.7,80:02:9C:61:97:4A,0,0,NONE,2026-08-19T12:17:58.244216
45917,,-53,44,214,1840,70492,60308,81434,0,99,0,0,0,14:33:5C:6D:AF:58,1,1,ARMED,60,0,1,80:02:9C:61:97:4B,11,26,1296.5,80:02:9C:61:97:4A,0,0,NONE,2026-08-19T12:17:58.298216
45917,,-53,44,287,1868,70492,60308,81463,0,99,0,0,0,14:33:5C:6D:AF:58,1,1,ARMED,60,0,0,80:02:9C:61:97:4B,11,76,1562.3,80:02:9C:61:97:4A,0,0,NONE,2026-08-19T12:17:58.327216
45917,,-53,44,287,1905,70492,60308,81475,0,99,0,0,0,14:33:5C:6D:AF:58,1,1,ARMED,60,0,0,80:02:9C:61:97:4B,11,126,2080,80:02:9C:61:97:4A,0,0,NONE,2026-08-19T12:17:58.339216
45917,,-72,25,494,2957,70492,60308,81595,0,99,0,0,0,14:33:5C:6D:AF:58,1,1,ARMED,60,0,0,80:02:9C:61:97:4B,11,17,227.8,80:02:9C:61:97:4A,0,0,NONE,2026-08-19T12:17:58.459216
45917,,-75,22,8586,2967,70492,60308,81790,0,99,0,0,0,14:33:5C:6D:AF:58,0,0,ARMED,60,0,0,80:02:9C:61:97:4B,11,13,199,80:02:9C:61:97:4A,0,0,NONE,2026-08-19T12:17:58.654216
45917,,-45,52,0,1705,70492,60308,81960,0,99,0,0,0,14:33:5C:6D:AF:58,0,1,ARMED,60,0,1,80:02:9C:61:97:4B,11,9,269.9,80:02:9C:61:97:4A,0,0,NONE,2026-08-19T12:17:58.824216
45917,MGMT_OTHER,30,30,0,0,70492,60308,82150,0,99,0,0,0,14:33:5C:6D:AF:58,0,0,ARMED,60,0,0,80:02:9C:61:97:4B,11,8,368.4,80:02:9C:61:97:4A,0,0,NONE,2026-08-19T12:17:59.014216
45917,MGMT_OTHER,30,30,0,0,70492,60308,82347,0,99,0,0,0,14:33:5C:6D:AF:58,0,0,ARMED,60,0,0,80:02:9C:61:97:4B,11,3,481.2,80:02:9C:61:97:4A,0,0,NONE,2026-08-19T12:17:59.211216
45917,BEACON,-88,9,0,2328,70492,60308,82606,0,99,0,0,0,14:33:5C:6D:AF:58,0,0,ARMED,60,0,1,80:02:9C:61:97:4B,11,15,248.9,80:02:9C:61:97:4A,0,0,NONE,2026-08-19T12:17:59.470216
45917,,-53,44,8395,1047,70492,60308,82830,0,99,0,0,0,14:33:5C:6D:AF:58,0,1,ARMED,60,0,1,80:02:9C:61:97:4B,11,9,182.2,80:02:9C:61:97:4A,0,0,NONE,2026-08-19T12:17:59.694216
45917,MGMT_OTHER,43,43,0,0,70492,60308,82967,0,99,0,0,0,14:33:5C:6D:AF:58,0,0,ARMED,60,0,0,80:02:9C:61:97:4B,11,41,478.7,80:02:9C:61:97:4A,0,0,NONE,2026-08-19T12:17:59.831216
45917,MGMT_OTHER,30,30,0,0,70492,60308,83226,0,99,0,0,0,14:33:5C:6D:AF:58,0,0,ARMED,60,0,1,80:02:9C:61:97:4B,11,4,128.8,80:02:9C:61:97:4A,0,0,NONE,2026-08-19T12:18:00.090216
45917,MGMT_OTHER,43,43,0,0,70492,60308,83375,0,99,0,0,0,14:33:5C:6D:AF:58,0,0,ARMED,60,0,0,80:02:9C:61:97:4B,11,33,422.3,80:02:9C:61:97:4A,0,0,NONE,2026-08-19T12:18:00.239216
45917,MGMT_OTHER,43,43,0,0,70492,60308,83579,0,99,0,0,0,14:33:5C:6D:AF:58,0,0,ARMED,60,0,1,80:02:9C:61:97:4B,11,19,281.9,80:02:9C:61:97:4A,0,0,NONE,2026-08-19T12:18:00.443216
45917,,-55,42,292,1446,70492,60308,83688,0,99,0,0,0,14:33:5C:6D:AF:58,0,0,ARMED,60,0,0,80:02:9C:61:97:4B,11,42,668.6,80:02:9C:61:97:4A,0,0,NONE,2026-08-19T12:18:00.552216
45917,,-70,27,0,1830,70492,60308,83741,0,99,0,0,0,14:33:5C:6D:AF:58,0,1,ARMED,60,0,0,80:02:9C:61:97:4B,11,13,839.5,80:02:9C:61:97:4A,0,0,NONE,2026-08-19T12:18:00.605216
45917,PROBE_REQ,-88,9,240,1000,70492,60308,83958,0,99,0,0,0,14:33:5C:6D:AF:58,0,0,ARMED,60,0,1,80:02:9C:61:97:4B,11,8,511.5,80:02:9C:61:97:4A,0,0,NONE,2026-08-19T12:18:00.822216
45917,PROBE_REQ,-87,10,469,10,70492,60308,84038,0,99,0,0,0,14:33:5C:6D:AF:58,0,0,ARMED,60,0,1,80:02:9C:61:97:4B,11,58,607.3,80:02:9C:61:97:4A,0,0,NONE,2026-08-19T12:18:00.902216
45917,,-69,28,0,3025,70492,60308,84086,0,99,0,0,0,14:33:5C:6D:AF:58,0,1,ARMED,60,0,0,80:02:9C:61:97:4B,11,39,906.8,80:02:9C:61:97:4A,0,0,NONE,2026-08-19T12:18:00.950216
45917,PROBE_REQ,-87,10,447,1,69848,60308,84118,0,99,0,0,0,14:33:5C:6D:AF:58,0,1,ARMED,60,0,1,80:02:9C:61:97:4B,11,89,1190.7,80:02:9C:61:97:4A,0,0,NONE,2026-08-19T12:18:00.982216
45917,PROBE_REQ,-87,10,50,2,70492,60308,84140,0,99,0,0,0,14:33:5C:6D:AF:58,0,1,ARMED,60,0,1,80:02:9C:61:97:4B,11,139,1439.5,80:02:9C:61:97:4A,0,0,NONE,2026-08-19T12:18:01.004216
45917,PROBE_REQ,-86,11,124,3096,69848,60308,84193,0,99,0,0,0,14:33:5C:6D:AF:58,0,1,ARMED,60,0,1,80:02:9C:61:97:4B,11,49,1659.7,80:02:9C:61:97:4A,0,0,NONE,2026-08-19T12:18:01.057216
45917,PROBE_REQ,-86,11,4465,11,70492,60308,84231,0,99,0,0,0,14:33:5C:6D:AF:58,0,1,ARMED,60,0,1,80:02:9C:61:97:4B,11,99,1479.5,80:02:9C:61:97:4A,0,0,NONE,2026-08-19T12:18:01.095216
45917,PROBE_REQ,-86,11,51,2291,70376,60308,84261,0,99,0,0,0,14:33:5C:6D:AF:58,0,1,ARMED,60,0,1,80:02:9C:61:97:4B,11,149,1526.6,80:02:9C:61:97:4A,0,0,NONE,2026-08-19T12:18:01.125216
45917,PROBE_REQ,-87,10,3577,2,69820,60308,84297,0,99,0,0,0,14:33:5C:6D:AF:58,1,1,ARMED,60,0,1,80:02:9C:61:97:4B,11,47,1408,80:02:9C:61:97:4A,0,0,NONE,2026-08-19T12:18:01.161216
45917,MGMT_OTHER,42,42,0,0,70492,60308,84379,0,99,0,0,0,14:33:5C:6D:AF:58,1,1,ARMED,60,0,1,80:02:9C:61:97:4B,11,2,928.5,80:02:9C:61:97:4A,0,0,NONE,2026-08-19T12:18:01.243216
45917,,-94,3,0,1772,70492,60308,84519,0,99,0,0,0,14:33:5C:6D:AF:58,1,1,ARMED,60,0,1,80:02:9C:61:97:4B,11,11,278.7,80:02:9C:61:97:4A,0,0,NONE,2026-08-19T12:18:01.383216
45917,MGMT_OTHER,42,42,0,0,70492,60308,84638,0,99,0,0,0,14:33:5C:6D:AF:58,0,1,ARMED,60,0,0,80:02:9C:61:97:4B,11,28,524.5,80:02:9C:61:97:4A,0,0,NONE,2026-08-19T12:18:01.502216
45917,MGMT_OTHER,41,41,0,0,70492,60308,84718,0,99,0,0,0,14:33:5C:6D:AF:58,0,1,ARMED,60,0,0,80:02:9C:61:97:4B,11,9,265.6,80:02:9C:61:97:4A,0,0,NONE,2026-08-19T12:18:01.582216
45917,PROBE_REQ,-90,7,12586,3052,70492,60308,84854,0,99,0,0,0,14:33:5C:6D:AF:58,0,1,ARMED,60,0,1,80:02:9C:61:97:4B,11,16,263.9,80:02:9C:61:97:4A,0,0,NONE,2026-08-19T12:18:01.718216
45917,MGMT_OTHER,42,42,0,0,70492,60308,85055,0,99,0,0,0,14:33:5C:6D:AF:58,0,0,ARMED,60,0,1,80:02:9C:61:97:4B,11,9,174.6,80:02:9C:61:97:4A,0,0,NONE,2026-08-19T12:18:01.919216
45917,MGMT_OTHER,32,32,0,0,70484,60308,85102,0,99,0,0,0,14:33:5C:6D:AF:58,0,0,ARMED,60,0,1,80:02:9C:61:97:4B,11,59,601.6,80:02:9C:61:97:4A,0,0,NONE,2026-08-19T12:18:01.966216
45917,MGMT_OTHER,33,33,0,0,70484,60308,85144,0,99,0,0,0,14:33:5C:6D:AF:58,0,1,ARMED,60,0,0,80:02:9C:61:97:4B,11,49,1226.7,80:02:9C:61:97:4A,0,0,NONE,2026-08-19T12:18:02.008216
45917,MGMT_OTHER,42,42,0,0,70484,60308,85232,0,99,0,0,0,14:33:5C:6D:AF:58,0,1,ARMED,60,0,0,80:02:9C:61:97:4B,11,19,735.7,80:02:9C:61:97:4A,0,0,NONE,2026-08-19T12:18:02.096216
45917,MGMT_OTHER,42,42,0,0,70484,60308,85436,0,99,0,0,0,14:33:5C:6D:AF:58,0,0,ARMED,60,0,0,80:02:9C:61:97:4B,11,5,232.1,80:02:9C:61:97:4A,0,0,NONE,2026-08-19T12:18:02.300216
45917,MGMT_OTHER,50,50,0,0,70484,60308,85540,0,99,0,0,0,14:33:5C:6D:AF:58,0,1,ARMED,60,0,0,80:02:9C:61:97:4B,11,11,607.5,80:02:9C:61:97:4A,0,0,NONE,2026-08-19T12:18:02.404216
45917,MGMT_OTHER,43,43,0,0,70484,60308,85879,0,99,0,0,0,14:33:5C:6D:AF:58,0,0,ARMED,60,0,1,80:02:9C:61:97:4B,11,4,176.4,80:02:9C:61:97:4A,0,0,NONE,2026-08-19T12:18:02.743216
45917,,-78,19,168,196,70484,60308,86059,0,99,0,0,0,14:33:5C:6D:AF:58,0,0,ARMED,60,0,1,80:02:9C:61:97:4B,11,32,322,80:02:9C:61:97:4A,0,0,NONE,2026-08-19T12:18:02.923216
45917,MGMT_OTHER,42,42,0,0,70492,60308,86382,0,99,0,0,0,14:33:5C:6D:AF:58,0,0,ARMED,60,0,0,80:02:9C:61:97:4B,11,2,149.4,80:02:9C:61:97:4A,0,0,NONE,2026-08-19T12:18:03.246216
45917,,-55,42,311,1499,70492,60308,86732,0,99,0,0,0,14:33:5C:6D:AF:58,0,0,ARMED,60,0,1,80:02:9C:61:97:4B,11,19,335.6,80:02:9C:61:97:4A,0,0,NONE,2026-08-19T12:18:03.596216
45917,MGMT_OTHER,43,43,0,0,70492,60308,87038,0,99,0,0,0,14:33:5C:6D:AF:58,0,0,ARMED,60,0,0,80:02:9C:61:97:4B,11,11,205.6,80:02:9C:61:97:4A,0,0,NONE,2026-08-19T12:18:03.902216
45917,MGMT_OTHER,43,43,0,0,70492,60308,87256,0,99,0,0,0,14:33:5C:6D:AF:58,0,0,ARMED,60,0,1,80:02:9C:61:97:4B,11,29,434.9,80:02:9C:61:97:4A,0,0,NONE,2026-08-19T12:18:04.120216
45917,MGMT_OTHER,29,29,0,0,70492,60308,87399,0,99,0,0,0,14:33:5C:6D:AF:58,0,0,ARMED,60,0,0,80:02:9C:61:97:4B,11,5,856.5,80:02:9C:61:97:4A,0,0,NONE,2026-08-19T12:18:04.263216
45917,,-53,44,968,2960,70492,60308,87663,0,99,0,0,0,14:33:5C:6D:AF:58,0,0,ARMED,60,0,0,80:02:9C:61:97:4B,11,23,349,80:02:9C:61:97:4A,0,0,NONE,2026-08-19T12:18:04.527216
45917,BEACON,-88,9,0,370,70432,60308,87906,0,99,0,0,0,14:33:5C:6D:AF:58,0,0,ARMED,60,0,1,80:02:9C:61:97:4B,11,15,147.2,80:02:9C:61:97:4A,0,0,NONE,2026-08-19T12:18:04.770216
45917,,-85,12,0,201,70492,60308,88011,0,99,0,0,0,14:33:5C:6D:AF:58,0,1,ARMED,60,0,1,80:02:9C:61:97:4B,11,2,769.8,80:02:9C:61:97:4A,0,0,NONE,2026-08-19T12:18:04.875216
45917,,-53,44,1348,1064,70492,60308,88152,0,99,0,0,0,14:33:5C:6D:AF:58,0,1,ARMED,60,0,1,80:02:9C:61:97:4B,11,16,376.6,80:02:9C:61:97:4A,0,0,NONE,2026-08-19T12:18:05.016216
45917,MGMT_OTHER,43,43,0,0,70492,60308,88240,0,99,0,0,0,14:33:5C:6D:AF:58,0,1,ARMED,60,0,0,80:02:9C:61:97:4B,11,20,801.9,80:02:9C:61:97:4A,0,0,NONE,2026-08-19T12:18:05.104216
45917,MGMT_OTHER,43,43,0,0,70492,60308,88298,0,99,0,0,0,14:33:5C:6D:AF:58,0,1,ARMED,60,0,0,80:02:9C:61:97:4B,11,70,841.9,80:02:9C:61:97:4A,0,0,NONE,2026-08-19T12:18:05.162216
45917,MGMT_OTHER,43,43,0,0,70492,60308,88348,0,99,0,0,0,14:33:5C:6D:AF:58,0,1,ARMED,60,0,0,80:02:9C:61:97:4B,11,32,965.1,80:02:9C:61:97:4A,0,0,NONE,2026-08-19T12:18:05.212216
45917,MGMT_OTHER,43,43,0,0,70492,60308,88403,0,99,0,0,0,14:33:5C:6D:AF:58,0,1,ARMED,60,0,0,80:02:9C:61:97:4B,11,82,934.5,80:02:9C:61:97:4A,0,0,NONE,2026-08-19T12:18:05.267216
45917,MGMT_OTHER,31,31,0,0,70492,60308,88464,0,99,0,0,0,14:33:5C:6D:AF:58,0,1,ARMED,60,0,0,80:02:9C:61:97:4B,11,49,1305.4,80:02:9C:61:97:4A,0,0,NONE,2026-08-19T12:18:05.328216
45917,MGMT_OTHER,43,43,0,0,70492,60308,88570,0,99,0,0,0,14:33:5C:6D:AF:58,1,1,ARMED,60,0,0,80:02:9C:61:97:4B,11,11,358.6,80:02:9C:61:97:4A,0,0,NONE,2026-08-19T12:18:05.434216
45917,MGMT_OTHER,31,31,0,0,70492,60308,88713,0,99,0,0,0,14:33:5C:6D:AF:58,1,0,ARMED,60,0,0,80:02:9C:61:97:4B,11,40,562.1,80:02:9C:61:97:4A,0,0,NONE,2026-08-19T12:18:05.577216
45917,MGMT_OTHER,43,43,0,0,70492,60308,88866,0,99,0,0,0,14:33:5C:6D:AF:58,0,0,ARMED,60,0,0,80:02:9C:61:97:4B,11,14,1044.5,80:02:9C:61:97:4A,0,0,NONE,2026-08-19T12:18:05.730216
45917,MGMT_OTHER,44,44,0,0,70492,60308,88901,0,99,0,0,0,14:33:5C:6D:AF:58,0,0,ARMED,60,0,0,80:02:9C:61:97:4B,11,64,1316.8,80:02:9C:61:97:4A,0,0,NONE,2026-08-19T12:18:05.765216
45917,MGMT_OTHER,43,43,0,0,70492,60308,88999,0,99,0,0,0,14:33:5C:6D:AF:58,0,1,ARMED,60,0,0,80:02:9C:61:97:4B,11,10,228.9,80:02:9C:61:97:4A,0,0,NONE,2026-08-19T12:18:05.863216
45917,,-75,22,0,1573,70324,60308,89146,0,99,0,0,0,14:33:5C:6D:AF:58,0,1,ARMED,60,0,1,80:02:9C:61:97:4B,11,32,359.3,80:02:9C:61:97:4A,0,0,NONE,2026-08-19T12:18:06.010216
45917,MGMT_OTHER,39,39,0,0,70492,60308,89299,0,99,0,0,0,14:33:5C:6D:AF:58,0,1,ARMED,60,0,0,80:02:9C:61:97:4B,11,9,244.6,80:02:9C:61:97:4A,0,0,NONE,2026-08-19T12:18:06.163216
45917,,-70,27,0,1960,70492,60308,89484,0,99,0,0,0,14:33:5C:6D:AF:58,0,1,ARMED,60,0,1,80:02:9C:61:97:4B,11,4,231.4,80:02:9C:61:97:4A,0,0,NONE,2026-08-19T12:18:06.348216
45917,MGMT_OTHER,40,40,0,0,70492,60308,89709,0,99,0,0,0,14:33:5C:6D:AF:58,0,1,ARMED,60,0,0,80:02:9C:61:97:4B,11,7,190,80:02:9C:61:97:4A,0,0,NONE,2026-08-19T12:18:06.573216
45917,,-74,23,195,1584,70492,60308,89852,0,99,0,0,0,14:33:5C:6D:AF:58,0,1,ARMED,60,0,1,80:02:9C:61:97:4B,11,27,346.8,80:02:9C:61:97:4A,0,0,NONE,2026-08-19T12:18:06.716216
45917,BEACON,-82,15,0,3243,70492,60308,90016,0,99,0,0,0,14:33:5C:6D:AF:58,0,1,ARMED,60,0,1,80:02:9C:61:97:4B,11,13,360.6,80:02:9C:61:97:4A,0,0,NONE,2026-08-19T12:18:06.880216
45917,,-53,44,250,1976,70492,60308,90117,0,99,0,0,0,14:33:5C:6D:AF:58,0,1,ARMED,60,0,0,80:02:9C:61:97:4B,11,28,794.1,80:02:9C:61:97:4A,0,0,NONE,2026-08-19T12:18:06.981216
45917,MGMT_OTHER,39,39,0,0,70492,60308,90132,0,99,0,0,0,14:33:5C:6D:AF:58,0,1,ARMED,60,0,1,80:02:9C:61:97:4B,11,78,1549.1,80:02:9C:61:97:4A,0,0,NONE,2026-08-19T12:18:06.996216
45917,,-73,24,717,410,70492,60308,90152,0,99,0,0,0,14:33:5C:6D:AF:58,0,1,ARMED,60,0,1,80:02:9C:61:97:4B,11,128,1824.3,80:02:9C:61:97:4A,0,0,NONE,2026-08-19T12:18:07.016216
45917,,-53,44,250,2080,70492,60308,90164,0,99,0,0,0,14:33:5C:6D:AF:58,0,1,ARMED,60,0,0,80:02:9C:61:97:4B,11,178,2161.6,80:02:9C:61:97:4A,0,0,NONE,2026-08-19T12:18:07.028216
45917,,-53,44,0,2113,70492,60308,90193,0,99,0,0,0,14:33:5C:6D:AF:58,1,1,ARMED,60,0,1,80:02:9C:61:97:4B,11,21,1784.8,80:02:9C:61:97:4A,0,0,NONE,2026-08-19T12:18:07.057216
45917,,-53,44,266,1485,69848,60308,90200,0,99,0,0,0,14:33:5C:6D:AF:58,1,1,ARMED,60,0,1,80:02:9C:61:97:4B,11,71,3774.4,80:02:9C:61:97:4A,0,0,NONE,2026-08-19T12:18:07.064216
45917,,-53,44,267,2183,69204,60308,90222,0,99,0,0,0,14:33:5C:6D:AF:58,1,1,ARMED,60,0,0,80:02:9C:61:97:4B,11,121,2982.9,80:02:9C:61:97:4A,0,0,NONE,2026-08-19T12:18:07.086216
45917,,-53,44,267,2222,68560,60308,90229,0,99,0,0,0,14:33:5C:6D:AF:58,1,1,ARMED,60,0,0,80:02:9C:61:97:4B,11,171,3596.4,80:02:9C:61:97:4A,0,0,NONE,2026-08-19T12:18:07.093216
45917,,-53,44,250,2244,70492,60308,90258,0,99,0,0,0,14:33:5C:6D:AF:58,1,1,ARMED,60,0,1,80:02:9C:61:97:4B,11,221,2902.7,80:02:9C:61:97:4A,0,0,NONE,2026-08-19T12:18:07.122216
45917,MGMT_OTHER,43,43,0,0,70396,60308,90284,0,99,0,0,0,14:33:5C:6D:AF:58,1,1,ARMED,60,0,1,80:02:9C:61:97:4B,11,2,798.1,80:02:9C:61:97:4A,0,0,NONE,2026-08-19T12:18:07.148216
45917,,-53,44,267,2279,70492,60308,90333,0,99,0,0,0,14:33:5C:6D:AF:58,1,1,ARMED,60,0,0,80:02:9C:61:97:4B,11,52,1005.9,80:02:9C:61:97:4A,0,0,NONE,2026-08-19T12:18:07.197216
45917,,-53,44,266,2315,70492,60308,90350,0,99,0,0,0,14:33:5C:6D:AF:58,1,1,ARMED,60,0,0,80:02:9C:61:97:4B,11,102,1497.9,80:02:9C:61:97:4A,0,0,NONE,2026-08-19T12:18:07.214216
45917,MGMT_OTHER,43,43,0,0,70492,60308,90369,0,99,0,0,0,14:33:5C:6D:AF:58,1,1,ARMED,60,0,1,80:02:9C:61:97:4B,11,152,1730.2,80:02:9C:61:97:4A,0,0,NONE,2026-08-19T12:18:07.233216
45917,MGMT_OTHER,43,43,0,0,70492,60308,90385,0,99,0,0,0,14:33:5C:6D:AF:58,1,1,ARMED,60,0,1,80:02:9C:61:97:4B,11,9,2408.3,80:02:9C:61:97:4A,0,0,NONE,2026-08-19T12:18:07.249216
45917,,-53,44,283,2431,70492,60308,90412,0,99,0,0,0,14:33:5C:6D:AF:58,1,1,ARMED,60,0,0,80:02:9C:61:97:4B,11,59,1914.8,80:02:9C:61:97:4A,0,0,NONE,2026-08-19T12:18:07.276216
45917,,-53,44,267,2475,70492,60308,90421,0,99,0,0,0,14:33:5C:6D:AF:58,1,1,ARMED,60,0,0,80:02:9C:61:97:4B,11,109,2756.2,80:02:9C:61:97:4A,0,0,NONE,2026-08-19T12:18:07.285216
45917,,-84,13,82,212,70492,60308,90441,0,99,0,0,0,14:33:5C:6D:AF:58,1,1,ARMED,60,0,1,80:02:9C:61:97:4B,11,159,2682.2,80:02:9C:61:97:4A,0,0,NONE,2026-08-19T12:18:07.305216
45917,,-53,44,267,2549,70492,60308,90456,0,99,0,0,0,14:33:5C:6D:AF:58,1,1,ARMED,60,0,0,80:02:9C:61:97:4B,11,209,2798.5,80:02:9C:61:97:4A,0,0,NONE,2026-08-19T12:18:07.320216
45917,,-53,44,267,2581,70492,60308,90495,0,99,0,0,0,14:33:5C:6D:AF:58,1,1,ARMED,60,0,0,80:02:9C:61:97:4B,11,31,2261.8,80:02:9C:61:97:4A,0,0,NONE,2026-08-19T12:18:07.359216
45917,,-72,25,190,3049,70492,60308,90503,0,99,0,0,0,14:33:5C:6D:AF:58,1,1,ARMED,60,0,0,80:02:9C:61:97:4B,11,81,3815.7,80:02:9C:61:97:4A,0,0,NONE,2026-08-19T12:18:07.367216
45917,PROBE_REQ,-87,10,440,14,70492,60308,90540,0,99,0,0,0,14:33:5C:6D:AF:58,1,1,ARMED,60,0,0,80:02:9C:61:97:4B,11,131,2226.9,80:02:9C:61:97:4A,0,0,NONE,2026-08-19T12:18:07.404216
45917,PROBE_REQ,-89,8,146,6,70332,60308,90556,0,99,0,0,0,14:33:5C:6D:AF:58,1,1,ARMED,60,0,1,80:02:9C:61:97:4B,11,181,2438.7,80:02:9C:61:97:4A,0,0,NONE,2026-08-19T12:18:07.420216
45917,MGMT_OTHER,-88,9,280,2722,70492,60308,90578,0,99,0,0,0,14:33:5C:6D:AF:58,1,1,ARMED,60,0,1,80:02:9C:61:97:4B,11,231,2406.6,80:02:9C:61:97:4A,0,0,NONE,2026-08-19T12:18:07.442216
45917,,-86,11,74,2593,70492,60308,90607,0,99,0,0,0,14:33:5C:6D:AF:58,1,1,ARMED,60,0,1,80:02:9C:61:97:4B,11,43,1684.2,80:02:9C:61:97:4A,0,0,NONE,2026-08-19T12:18:07.471216
45917,,-72,25,2291,2872,70336,60308,90632,0,99,0,0,0,14:33:5C:6D:AF:58,1,1,ARMED,60,0,1,80:02:9C:61:97:4B,11,93,1851,80:02:9C:61:97:4A,0,0,NONE,2026-08-19T12:18:07.496216
45917,,-53,44,266,2655,70492,60308,90652,0,99,0,0,0,14:33:5C:6D:AF:58,1,1,ARMED,60,0,0,80:02:9C:61:97:4B,11,143,2044.1,80:02:9C:61:97:4A,0,0,NONE,2026-08-19T12:18:07.516216
45917,BEACON,-88,9,204,397,70492,60308,90671,0,99,0,0,0,14:33:5C:6D:AF:58,1,1,ARMED,60,0,1,80:02:9C:61:97:4B,11,193,2150.8,80:02:9C:61:97:4A,0,0,NONE,2026-08-19T12:18:07.535216
45917,,-53,44,267,2716,70492,60308,90689,0,99,0,0,0,14:33:5C:6D:AF:58,1,1,ARMED,60,0,0,80:02:9C:61:97:4B,11,13,3611.1,80:02:9C:61:97:4A,0,0,NONE,2026-08-19T12:18:07.553216
45917,,-53,44,267,2741,70492,60308,90726,0,99,0,0,0,14:33:5C:6D:AF:58,1,1,ARMED,60,0,0,80:02:9C:61:97:4B,11,63,1538.7,80:02:9C:61:97:4A,0,0,NONE,2026-08-19T12:18:07.590216
45917,,-53,44,267,2778,70492,60308,90741,0,99,0,0,0,14:33:5C:6D:AF:58,1,1,ARMED,60,0,0,80:02:9C:61:97:4B,11,113,2028.3,80:02:9C:61:97:4A,0,0,NONE,2026-08-19T12:18:07.605216
45917,,-53,44,211,2805,70492,60308,90792,0,99,0,0,0,14:33:5C:6D:AF:58,1,1,ARMED,60,0,1,80:02:9C:61:97:4B,11,1,451.7,80:02:9C:61:97:4A,0,0,NONE,2026-08-19T12:18:07.656216
45917,,-53,44,702,2830,70492,60308,90832,0,99,0,0,0,14:33:5C:6D:AF:58,1,1,ARMED,60,0,0,80:02:9C:61:97:4B,11,51,1208.3,80:02:9C:61:97:4A,0,0,NONE,2026-08-19T12:18:07.696216
45917,,-73,24,580,3062,70492,60308,90871,0,99,0,0,0,14:33:5C:6D:AF:58,1,1,ARMED,60,0,1,80:02:9C:61:97:4B,11,101,1236.3,80:02:9C:61:97:4A,0,0,NONE,2026-08-19T12:18:07.735216
45917,,-73,24,3131,2945,70492,60308,90913,0,99,0,0,0,14:33:5C:6D:AF:58,1,1,ARMED,60,0,1,80:02:9C:61:97:4B,11,23,1039,80:02:9C:61:97:4A,0,0,NONE,2026-08-19T12:18:07.777216
45917,,-53,44,267,2900,70492,60308,90963,0,99,0,0,0,14:33:5C:6D:AF:58,1,1,ARMED,60,0,0,80:02:9C:61:97:4B,11,73,1005.9,80:02:9C:61:97:4A,0,0,NONE,2026-08-19T12:18:07.827216
45917,,-53,44,609,2936,70492,60308,90985,0,99,0,0,0,14:33:5C:6D:AF:58,1,1,ARMED,60,0,0,80:02:9C:61:97:4B,11,123,1305.6,80:02:9C:61:97:4A,0,0,NONE,2026-08-19T12:18:07.849216
45917,,-84,13,0,216,69052,60308,91017,0,99,0,0,0,14:33:5C:6D:AF:58,1,1,ARMED,60,0,0,80:02:9C:61:97:4B,11,49,2839.4,80:02:9C:61:97:4A,0,0,NONE,2026-08-19T12:18:07.881216
45917,,-53,44,267,2997,70492,60308,91024,0,99,0,0,0,14:33:5C:6D:AF:58,1,1,ARMED,60,0,0,80:02:9C:61:97:4B,11,99,4072.4,80:02:9C:61:97:4A,0,0,NONE,2026-08-19T12:18:07.888216
45917,,-53,44,266,3026,70492,60308,91053,0,99,0,0,0,14:33:5C:6D:AF:58,1,1,ARMED,60,0,0,80:02:9C:61:97:4B,11,149,2821.9,80:02:9C:61:97:4A,0,0,NONE,2026-08-19T12:18:07.917216
45917,,-53,44,266,3067,70492,60308,91060,0,99,0,0,0,14:33:5C:6D:AF:58,1,1,ARMED,60,0,0,80:02:9C:61:97:4B,11,199,3322,80:02:9C:61:97:4A,0,0,NONE,2026-08-19T12:18:07.924216
45917,MGMT_OTHER,25,25,0,0,70492,60308,91079,0,99,0,0,0,14:33:5C:6D:AF:58,1,1,ARMED,60,0,1,80:02:9C:61:97:4B,11,249,3125.6,80:02:9C:61:97:4A,0,0,NONE,2026-08-19T12:18:07.943216
45917,,-55,42,292,1572,67368,60308,91155,0,99,0,0,0,14:33:5C:6D:AF:58,1,1,ARMED,60,0,0,80:02:9C:61:97:4B,11,43,830.8,80:02:9C:61:97:4A,0,0,NONE,2026-08-19T12:18:08.019216
45917,,-55,42,0,1603,67128,60308,91193,0,99,0,0,0,14:33:5C:6D:AF:58,1,1,ARMED,60,0,0,80:02:9C:61:97:4B,11,93,1032.1,80:02:9C:61:97:4A,0,0,NONE,2026-08-19T12:18:08.057216
45917,MGMT_OTHER,43,43,0,0,70492,60308,91299,0,99,0,0,0,14:33:5C:6D:AF:58,1,1,ARMED,60,0,0,80:02:9C:61:97:4B,11,32,338.3,80:02:9C:61:97:4A,0,0,NONE,2026-08-19T12:18:08.163216
45917,MGMT_OTHER,52,52,0,0,70492,60308,91558,0,99,0,0,0,14:33:5C:6D:AF:58,0,0,ARMED,60,0,0,80:02:9C:61:97:4B,11,7,195.1,80:02:9C:61:97:4A,0,0,NONE,2026-08-19T12:18:08.422216
45917,MGMT_OTHER,43,43,0,0,70492,60308,91633,0,99,0,0,0,14:33:5C:6D:AF:58,0,1,ARMED,60,0,0,80:02:9C:61:97:4B,11,9,850.1,80:02:9C:61:97:4A,0,0,NONE,2026-08-19T12:18:08.497216
45917,BEACON,-88,9,0,409,70492,60308,91899,0,99,0,0,0,14:33:5C:6D:AF:58,0,0,ARMED,60,0,1,80:02:9C:61:97:4B,11,22,318.4,80:02:9C:61:97:4A,0,0,NONE,2026-08-19T12:18:08.763216
45917,BEACON,-85,12,82,3263,70492,60308,92064,0,99,0,0,0,14:33:5C:6D:AF:58,0,0,ARMED,60,0,1,80:02:9C:61:97:4B,11,3,100.5,80:02:9C:61:97:4A,0,0,NONE,2026-08-19T12:18:08.928216
45917,BEACON,-87,10,0,415,70492,60308,92513,0,99,0,0,0,14:33:5C:6D:AF:58,0,0,ARMED,60,0,1,80:02:9C:61:97:4B,11,5,72.1,80:02:9C:61:97:4A,0,0,NONE,2026-08-19T12:18:09.377216
45917,,-53,44,57247,1083,70492,60308,93275,0,99,0,0,0,14:33:5C:6D:AF:58,0,0,ARMED,60,0,1,80:02:9C:61:97:4B,11,11,128.9,80:02:9C:61:97:4A,0,0,NONE,2026-08-19T12:18:10.139216
45917,MGMT_OTHER,43,43,0,0,70492,60308,93507,0,99,0,0,0,14:33:5C:6D:AF:58,0,1,ARMED,60,0,0,80:02:9C:61:97:4B,11,2,204,80:02:9C:61:97:4A,0,0,NONE,2026-08-19T12:18:10.371216
45917,MGMT_OTHER,42,42,0,0,70492,60308,93858,0,99,0,0,0,14:33:5C:6D:AF:58,0,0,ARMED,60,0,0,80:02:9C:61:97:4B,11,7,163,80:02:9C:61:97:4A,0,0,NONE,2026-08-19T12:18:10.722216
45917,BEACON,-87,10,0,432,70492,60308,94254,0,99,0,0,0,14:33:5C:6D:AF:58,0,0,ARMED,60,0,1,80:02:9C:61:97:4B,11,26,256.6,80:02:9C:61:97:4A,0,0,NONE,2026-08-19T12:18:11.118216
45917,MGMT_OTHER,39,39,0,0,70492,60308,94443,0,99,0,0,0,14:33:5C:6D:AF:58,0,0,ARMED,60,0,1,80:02:9C:61:97:4B,11,23,267.8,80:02:9C:61:97:4A,0,0,NONE,2026-08-19T12:18:11.307216
45917,MGMT_OTHER,42,42,0,0,70492,60308,94685,0,99,0,0,0,14:33:5C:6D:AF:58,0,0,ARMED,60,0,1,80:02:9C:61:97:4B,11,1,47.3,80:02:9C:61:97:4A,0,0,NONE,2026-08-19T12:18:11.549216
45917,MGMT_OTHER,43,43,0,0,70492,60308,94843,0,99,0,0,0,14:33:5C:6D:AF:58,0,1,ARMED,60,0,0,80:02:9C:61:97:4B,11,7,91.7,80:02:9C:61:97:4A,0,0,NONE,2026-08-19T12:18:11.707216
45917,MGMT_OTHER,43,43,0,0,70492,60308,95213,0,99,0,0,0,14:33:5C:6D:AF:58,0,0,ARMED,60,0,1,80:02:9C:61:97:4B,11,13,336.9,80:02:9C:61:97:4A,0,0,NONE,2026-08-19T12:18:12.077216
45917,MGMT_OTHER,51,51,0,0,68680,60308,95518,0,99,0,0,0,14:33:5C:6D:AF:58,0,0,ARMED,60,0,1,80:02:9C:61:97:4B,11,7,202.4,80:02:9C:61:97:4A,0,0,NONE,2026-08-19T12:18:12.382216
45917,PROBE_REQ,-85,12,628,0,70492,60308,95691,0,99,0,0,0,14:33:5C:6D:AF:58,0,0,ARMED,60,0,0,80:02:9C:61:97:4B,11,4,1325.4,80:02:9C:61:97:4A,0,0,NONE,2026-08-19T12:18:12.555216
45917,,43,43,0,0,70492,60308,95824,0,99,0,0,0,14:33:5C:6D:AF:58,0,1,ARMED,60,0,0,80:02:9C:61:97:4B,11,22,654.2,80:02:9C:61:97:4A,0,0,NONE,2026-08-19T12:18:12.688216
45917,MGMT_OTHER,-90,7,177,2973,70492,60308,95931,0,99,0,0,0,14:33:5C:6D:AF:58,1,1,ARMED,60,0,1,80:02:9C:61:97:4B,11,23,608.3,80:02:9C:61:97:4A,0,0,NONE,2026-08-19T12:18:12.795216
45917,MGMT_OTHER,-88,9,112,4058,70492,60308,96115,0,99,0,0,0,14:33:5C:6D:AF:58,0,0,ARMED,60,0,0,80:02:9C:61:97:4B,11,15,802.9,80:02:9C:61:97:4A,0,0,NONE,2026-08-19T12:18:12.979216
45917,MGMT_OTHER,-90,7,2468,1165,69848,60308,96146,0,99,0,0,0,14:33:5C:6D:AF:58,0,0,ARMED,60,0,1,80:02:9C:61:97:4B,11,65,1316.7,80:02:9C:61:97:4A,0,0,NONE,2026-08-19T12:18:13.010216
45917,PROBE_REQ,-84,13,1298,0,69732,60308,96180,0,99,0,0,0,14:33:5C:6D:AF:58,0,0,ARMED,60,0,1,80:02:9C:61:97:4B,11,115,1384.6,80:02:9C:61:97:4A,0,0,NONE,2026-08-19T12:18:13.044216
45917,,-87,10,74,3701,70492,60308,96210,0,99,0,0,0,14:33:5C:6D:AF:58,1,1,ARMED,60,0,1,80:02:9C:61:97:4B,11,27,2076.1,80:02:9C:61:97:4A,0,0,NONE,2026-08-19T12:18:13.074216
45917,MGMT_OTHER,-91,6,1961,3565,70492,60308,96283,0,99,0,0,0,14:33:5C:6D:AF:58,1,1,ARMED,60,0,1,80:02:9C:61:97:4B,11,77,888.9,80:02:9C:61:97:4A,0,0,NONE,2026-08-19T12:18:13.147216
45917,PROBE_REQ,-86,11,51,4,70416,60308,96357,0,99,0,0,0,14:33:5C:6D:AF:58,1,1,ARMED,60,0,1,80:02:9C:61:97:4B,11,49,836.4,80:02:9C:61:97:4A,0,0,NONE,2026-08-19T12:18:13.221216
45917,MGMT_OTHER,-89,8,1962,2316,70492,60308,96412,0,99,0,0,0,14:33:5C:6D:AF:58,1,1,ARMED,60,0,1,80:02:9C:61:97:4B,11,18,1377.2,80:02:9C:61:97:4A,0,0,NONE,2026-08-19T12:18:13.276216
45917,MGMT_OTHER,-88,9,2290,1887,70492,60308,96463,0,99,0,0,0,14:33:5C:6D:AF:58,1,1,ARMED,60,0,1,80:02:9C:61:97:4B,11,68,1046.6,80:02:9C:61:97:4A,0,0,NONE,2026-08-19T12:18:13.327216
45917,PROBE_REQ,-84,13,243,171,70176,60308,96498,0,99,0,0,0,14:33:5C:6D:AF:58,1,1,ARMED,60,0,1,80:02:9C:61:97:4B,11,118,1191.2,80:02:9C:61:97:4A,0,0,NONE,2026-08-19T12:18:13.362216
45917,PROBE_REQ,-85,12,157,940,70328,60308,96534,0,99,0,0,0,14:33:5C:6D:AF:58,1,1,ARMED,60,0,1,80:02:9C:61:97:4B,11,49,2264.8,80:02:9C:61:97:4A,0,0,NONE,2026-08-19T12:18:13.398216
45917,MGMT_OTHER,43,43,0,0,70492,60308,96569,0,99,0,0,0,14:33:5C:6D:AF:58,1,1,ARMED,60,0,1,80:02:9C:61:97:4B,11,99,1735.5,80:02:9C:61:97:4A,0,0,NONE,2026-08-19T12:18:13.433216
45917,PROBE_REQ,-85,12,213,3130,70492,60308,96605,0,99,0,0,0,14:33:5C:6D:AF:58,1,1,ARMED,60,0,1,80:02:9C:61:97:4B,11,149,1603.2,80:02:9C:61:97:4A,0,0,NONE,2026-08-19T12:18:13.469216
45917,PROBE_REQ,-85,12,50,1456,70492,60308,96653,0,99,0,0,0,14:33:5C:6D:AF:58,1,1,ARMED,60,0,1,80:02:9C:61:97:4B,11,44,1101.8,80:02:9C:61:97:4A,0,0,NONE,2026-08-19T12:18:13.517216
45917,MGMT_OTHER,33,33,0,0,70492,60308,96684,0,99,0,0,0,14:33:5C:6D:AF:58,1,1,ARMED,60,0,0,80:02:9C:61:97:4B,11,94,1328.9,80:02:9C:61:97:4A,0,0,NONE,2026-08-19T12:18:13.548216
45917,,-88,9,74,2681,70492,60308,96739,0,99,0,0,0,14:33:5C:6D:AF:58,1,1,ARMED,60,0,1,80:02:9C:61:97:4B,11,31,1203.1,80:02:9C:61:97:4A,0,0,NONE,2026-08-19T12:18:13.603216
45917,PROBE_REQ,-84,13,50,4,69848,60308,96788,0,99,0,0,0,14:33:5C:6D:AF:58,1,1,ARMED,60,0,1,80:02:9C:61:97:4B,11,81,1085.4,80:02:9C:61:97:4A,0,0,NONE,2026-08-19T12:18:13.652216
45917,PROBE_REQ,-85,12,51,9,70276,60308,96840,0,99,0,0,0,14:33:5C:6D:AF:58,1,1,ARMED,60,0,1,80:02:9C:61:97:4B,11,33,1213.2,80:02:9C:61:97:4A,0,0,NONE,2026-08-19T12:18:13.704216
45917,,-72,25,307,3090,70492,60308,97089,0,99,0,0,0,14:33:5C:6D:AF:58,0,0,ARMED,60,0,1,80:02:9C:61:97:4B,11,12,172.9,80:02:9C:61:97:4A,0,0,NONE,2026-08-19T12:18:13.953216
45917,,-73,24,259,3106,70492,60308,97308,0,99,0,0,0,14:33:5C:6D:AF:58,0,0,ARMED,60,0,1,80:02:9C:61:97:4B,11,28,332.3,80:02:9C:61:97:4A,0,0,NONE,2026-08-19T12:18:14.172216
45917,BEACON,-93,4,57,2474,70492,60308,97557,0,99,0,0,0,14:33:5C:6D:AF:58,0,0,ARMED,60,0,1,80:02:9C:61:97:4B,11,10,393.6,80:02:9C:61:97:4A,0,0,NONE,2026-08-19T12:18:14.421216
45917,,-53,44,913,3071,70492,60308,97723,0,99,0,0,0,14:33:5C:6D:AF:58,0,0,ARMED,60,0,0,80:02:9C:61:97:4B,11,39,437.6,80:02:9C:61:97:4A,0,0,NONE,2026-08-19T12:18:14.587216
45917,BEACON,-53,44,0,371,70492,60308,98076,0,99,0,0,0,14:33:5C:6D:AF:58,0,0,ARMED,60,0,1,80:02:9C:61:97:4B,11,7,207.6,80:02:9C:61:97:4A,0,0,NONE,2026-08-19T12:18:14.940216
45917,BEACON,-83,14,0,470,70492,60308,98145,0,99,0,0,0,14:33:5C:6D:AF:58,0,1,ARMED,60,0,1,80:02:9C:61:97:4B,11,57,556.4,80:02:9C:61:97:4A,0,0,NONE,2026-08-19T12:18:15.009216
45917,BEACON,-93,4,0,2484,70492,60308,98584,0,99,0,0,0,14:33:5C:6D:AF:58,0,0,ARMED,60,0,1,80:02:9C:61:97:4B,11,3,98,80:02:9C:61:97:4A,0,0,NONE,2026-08-19T12:18:15.448216
45917,,-52,45,320,3110,70492,60308,99074,0,99,0,0,0,14:33:5C:6D:AF:58,0,0,ARMED,60,0,0,80:02:9C:61:97:4B,11,7,830.6,80:02:9C:61:97:4A,0,0,NONE,2026-08-19T12:18:15.938216
45917,,-53,44,204,3142,70492,60308,99111,0,99,0,0,0,14:33:5C:6D:AF:58,0,0,ARMED,60,0,1,80:02:9C:61:97:4B,11,57,1267.8,80:02:9C:61:97:4A,0,0,NONE,2026-08-19T12:18:15.975216
45917,,-52,45,358,3175,70492,60308,99130,0,99,0,0,0,14:33:5C:6D:AF:58,0,0,ARMED,60,0,0,80:02:9C:61:97:4B,11,107,1657.8,80:02:9C:61:97:4A,0,0,NONE,2026-08-19T12:18:15.994216
45917,,-53,44,250,3212,70492,60308,99162,0,99,0,0,0,14:33:5C:6D:AF:58,0,0,ARMED,60,0,0,80:02:9C:61:97:4B,11,157,1639.3,80:02:9C:61:97:4A,0,0,NONE,2026-08-19T12:18:16.026216
45917,,-53,44,4270,3243,69848,60308,99169,0,99,0,0,0,14:33:5C:6D:AF:58,0,1,ARMED,60,0,1,80:02:9C:61:97:4B,11,30,9457.8,80:02:9C:61:97:4A,0,0,NONE,2026-08-19T12:18:16.033216
45917,,-71,26,0,3044,70492,60308,99194,0,99,0,0,0,14:33:5C:6D:AF:58,0,1,ARMED,60,0,0,80:02:9C:61:97:4B,11,80,2870.3,80:02:9C:61:97:4A,0,0,NONE,2026-08-19T12:18:16.058216
45917,,-52,45,266,3298,69848,60308,99213,0,99,0,0,0,14:33:5C:6D:AF:58,0,1,ARMED,60,0,0,80:02:9C:61:97:4B,11,130,2757.2,80:02:9C:61:97:4A,0,0,NONE,2026-08-19T12:18:16.077216
45917,,-71,26,0,3058,70492,60308,99239,0,99,0,0,0,14:33:5C:6D:AF:58,0,1,ARMED,60,0,0,80:02:9C:61:97:4B,11,180,2463.7,80:02:9C:61:97:4A,0,0,NONE,2026-08-19T12:18:16.103216
45917,,-71,26,445,3064,70492,60308,99255,0,99,0,0,0,14:33:5C:6D:AF:58,0,1,ARMED,60,0,1,80:02:9C:61:97:4B,11,230,2576.5,80:02:9C:61:97:4A,0,0,NONE,2026-08-19T12:18:16.119216
45917,,-53,44,196,3389,70492,60308,99276,0,99,0,0,0,14:33:5C:6D:AF:58,0,1,ARMED,60,0,1,80:02:9C:61:97:4B,11,49,7871.5,80:02:9C:61:97:4A,0,0,NONE,2026-08-19T12:18:16.140216
45917,,-70,27,0,3082,70464,60308,99292,0,99,0,0,0,14:33:5C:6D:AF:58,0,1,ARMED,60,0,0,80:02:9C:61:97:4B,11,99,4477,80:02:9C:61:97:4A,0,0,NONE,2026-08-19T12:18:16.156216
45917,,-53,44,287,3448,70492,60308,99346,0,99,0,0,0,14:33:5C:6D:AF:58,0,1,ARMED,60,0,0,80:02:9C:61:97:4B,11,149,1975.3,80:02:9C:61:97:4A,0,0,NONE,2026-08-19T12:18:16.210216
45917,,-53,44,303,3488,70492,60308,99363,0,99,0,0,0,14:33:5C:6D:AF:58,0,1,ARMED,60,0,0,80:02:9C:61:97:4B,11,199,2147.5,80:02:9C:61:97:4A,0,0,NONE,2026-08-19T12:18:16.227216
45917,,-53,44,286,3525,70492,60308,99404,0,99,0,0,0,14:33:5C:6D:AF:58,1,1,ARMED,60,0,0,80:02:9C:61:97:4B,11,49,2838.6,80:02:9C:61:97:4A,0,0,NONE,2026-08-19T12:18:16.268216
45917,MGMT_OTHER,43,43,0,0,70492,60308,99412,0,99,0,0,0,14:33:5C:6D:AF:58,1,1,ARMED,60,0,1,80:02:9C:61:97:4B,11,99,3825.8,80:02:9C:61:97:4A,0,0,NONE,2026-08-19T12:18:16.276216
45917,,-54,43,1859,3600,70492,60308,99432,0,99,0,0,0,14:33:5C:6D:AF:58,1,1,ARMED,60,0,1,80:02:9C:61:97:4B,11,149,3263.1,80:02:9C:61:97:4A,0,0,NONE,2026-08-19T12:18:16.296216
45917,,-53,44,286,3640,70492,60308,99452,0,99,0,0,0,14:33:5C:6D:AF:58,1,1,ARMED,60,0,0,80:02:9C:61:97:4B,11,199,3053.3,80:02:9C:61:97:4A,0,0,NONE,2026-08-19T12:18:16.316216
45917,,-53,44,287,3673,70492,60308,99471,0,99,0,0,0,14:33:5C:6D:AF:58,1,1,ARMED,60,0,0,80:02:9C:61:97:4B,11,249,2931,80:02:9C:61:97:4A,0,0,NONE,2026-08-19T12:18:16.335216
45917,,-53,44,287,3714,69848,60308,99486,0,99,0,0,0,14:33:5C:6D:AF:58,1,1,ARMED,60,0,0,80:02:9C:61:97:4B,11,299,2990.4,80:02:9C:61:97:4A,0,0,NONE,2026-08-19T12:18:16.350216
45917,BEACON,-55,42,225,386,69052,60308,99519,0,99,0,0,0,14:33:5C:6D:AF:58,1,1,ARMED,60,0,1,80:02:9C:61:97:4B,11,49,2833,80:02:9C:61:97:4A,0,0,NONE,2026-08-19T12:18:16.383216
45917,,-53,44,286,3784,70492,60308,99526,0,99,0,0,0,14:33:5C:6D:AF:58,1,1,ARMED,60,0,0,80:02:9C:61:97:4B,11,99,4064.9,80:02:9C:61:97:4A,0,0,NONE,2026-08-19T12:18:16.390216
45917,,-53,44,459,3799,70492,60308,99550,0,99,0,0,0,14:33:5C:6D:AF:58,1,1,ARMED,60,0,0,80:02:9C:61:97:4B,11,149,3046.7,80:02:9C:61:97:4A,0,0,NONE,2026-08-19T12:18:16.414216
45917,,-53,44,266,3831,69848,60308,99566,0,99,0,0,0,14:33:5C:6D:AF:58,1,1,ARMED,60,0,0,80:02:9C:61:97:4B,11,199,3086.4,80:02:9C:61:97:4A,0,0,NONE,2026-08-19T12:18:16.430216
45917,,-53,44,546,3857,69052,60308,99595,0,99,0,0,0,14:33:5C:6D:AF:58,1,1,ARMED,60,0,0,80:02:9C:61:97:4B,11,249,2664.4,80:02:9C:61:97:4A,0,0,NONE,2026-08-19T12:18:16.459216
45917,,-52,45,250,3890,70432,60308,99605,0,99,0,0,0,14:33:5C:6D:AF:58,1,1,ARMED,60,0,0,80:02:9C:61:97:4B,11,7,1725.4,80:02:9C:61:97:4A,0,0,NONE,2026-08-19T12:18:16.469216
45917,,-53,44,267,3921,70492,60308,99662,0,99,0,0,0,14:33:5C:6D:AF:58,1,1,ARMED,60,0,0,80:02:9C:61:97:4B,11,57,943.5,80:02:9C:61:97:4A,0,0,NONE,2026-08-19T12:18:16.526216
45917,,-53,44,249,3949,70492,60308,99682,0,99,0,0,0,14:33:5C:6D:AF:58,1,1,ARMED,60,0,1,80:02:9C:61:97:4B,11,107,1322.4,80:02:9C:61:97:4A,0,0,NONE,2026-08-19T12:18:16.546216
45917,,-71,26,0,3206,70492,60308,99711,0,99,0,0,0,14:33:5C:6D:AF:58,1,1,ARMED,60,0,0,80:02:9C:61:97:4B,11,9,945.5,80:02:9C:61:97:4A,0,0,NONE,2026-08-19T12:18:16.575216
45917,,-53,44,267,4016,69848,60308,99720,0,99,0,0,0,14:33:5C:6D:AF:58,1,1,ARMED,60,0,0,80:02:9C:61:97:4B,11,59,3234.3,80:02:9C:61:97:4A,0,0,NONE,2026-08-19T12:18:16.584216
45917,,-53,44,266,4061,70492,60308,99745,0,99,0,0,0,14:33:5C:6D:AF:58,1,1,ARMED,60,0,0,80:02:9C:61:97:4B,11,109,2511.6,80:02:9C:61:97:4A,0,0,NONE,2026-08-19T12:18:16.609216
45917,BEACON,-54,43,0,390,70492,60308,99919,0,99,0,0,0,14:33:5C:6D:AF:58,1,0,ARMED,60,0,1,80:02:9C:61:97:4B,11,1,140.7,80:02:9C:61:97:4A,0,0,NONE,2026-08-19T12:18:16.783216
45917,,-55,42,1036,1734,70324,60308,100155,0,99,0,0,0,14:33:5C:6D:AF:58,0,0,ARMED,60,0,0,80:02:9C:61:97:4B,11,21,540.9,80:02:9C:61:97:4A,0,0,NONE,2026-08-19T12:18:17.019216
45917,,-52,45,5420,1954,70492,60308,100475,0,99,0,0,0,14:33:5C:6D:AF:58,0,0,ARMED,60,0,1,80:02:9C:61:97:4B,11,10,194.6,80:02:9C:61:97:4A,0,0,NONE,2026-08-19T12:18:17.339216
45917,,-52,45,386,3105,70492,60308,100905,0,99,0,0,0,14:33:5C:6D:AF:58,0,0,ARMED,60,0,0,80:02:9C:61:97:4B,11,26,364.8,80:02:9C:61:97:4A,0,0,NONE,2026-08-19T12:18:17.769216
45917,BEACON,-83,14,0,502,70492,60308,101421,0,99,0,0,0,14:33:5C:6D:AF:58,0,0,ARMED,60,0,1,80:02:9C:61:97:4B,11,12,157.5,80:02:9C:61:97:4A,0,0,NONE,2026-08-19T12:18:18.285216
45917,BEACON,-84,13,0,504,70492,60308,101627,0,99,0,0,0,14:33:5C:6D:AF:58,0,1,ARMED,60,0,1,80:02:9C:61:97:4B,11,7,96,80:02:9C:61:97:4A,0,0,NONE,2026-08-19T12:18:18.491216
45917,PROBE_RESP,-86,11,0,16,70492,60308,102385,0,99,0,0,0,14:33:5C:6D:AF:58,0,0,ARMED,60,0,0,80:02:9C:61:97:4B,11,3,231.3,80:02:9C:61:97:4A,0,0,NONE,2026-08-19T12:18:19.249216
45917,MGMT_OTHER,43,43,0,0,70492,60308,102682,0,99,0,0,0,14:33:5C:6D:AF:58,0,0,ARMED,60,0,1,80:02:9C:61:97:4B,11,2,2000,80:02:9C:61:97:4A,0,0,NONE,2026-08-19T12:18:19.546216
45917,,-75,22,27505,1885,70492,60308,103344,0,99,0,0,0,14:33:5C:6D:AF:58,0,0,ARMED,60,0,1,80:02:9C:61:97:4B,11,5,102.6,80:02:9C:61:97:4A,0,0,NONE,2026-08-19T12:18:20.208216
45917,,-53,44,3472,4084,70140,60308,103496,0,99,0,0,0,14:33:5C:6D:AF:58,0,0,ARMED,60,0,1,80:02:9C:61:97:4B,11,39,417.4,80:02:9C:61:97:4A,0,0,NONE,2026-08-19T12:18:20.360216
45917,,-53,44,155,3991,70236,60308,103557,0,99,0,0,0,14:33:5C:6D:AF:58,0,1,ARMED,60,0,1,80:02:9C:61:97:4B,11,41,754.2,80:02:9C:61:97:4A,0,0,NONE,2026-08-19T12:18:20.421216
45917,,-53,44,398,3129,70492,60308,103629,0,99,0,0,0,14:33:5C:6D:AF:58,0,1,ARMED,60,0,1,80:02:9C:61:97:4B,11,21,876.9,80:02:9C:61:97:4A,0,0,NONE,2026-08-19T12:18:20.493216
45917,,-65,32,132,1905,70492,60308,103715,0,99,0,0,0,14:33:5C:6D:AF:58,0,1,ARMED,60,0,0,80:02:9C:61:97:4B,11,16,1771.9,80:02:9C:61:97:4A,0,0,NONE,2026-08-19T12:18:20.579216
45917,,-71,26,902,1919,70492,60308,103838,0,99,0,0,0,14:33:5C:6D:AF:58,0,1,ARMED,60,0,0,80:02:9C:61:97:4B,11,19,626.8,80:02:9C:61:97:4A,0,0,NONE,2026-08-19T12:18:20.702216
45917,,-53,44,259,85,70492,60308,103875,0,99,0,0,0,14:33:5C:6D:AF:58,0,1,ARMED,60,0,0,80:02:9C:61:97:4B,11,69,1023.2,80:02:9C:61:97:4A,0,0,NONE,2026-08-19T12:18:20.739216
45917,,-69,28,0,3225,70492,60308,104002,0,99,0,0,0,14:33:5C:6D:AF:58,0,1,ARMED,60,0,1,80:02:9C:61:97:4B,11,29,325,80:02:9C:61:97:4A,0,0,NONE,2026-08-19T12:18:20.866216
45917,MGMT_OTHER,38,38,0,0,70492,60308,104227,0,99,0,0,0,14:33:5C:6D:AF:58,0,0,ARMED,60,0,0,80:02:9C:61:97:4B,11,30,375,80:02:9C:61:97:4A,0,0,NONE,2026-08-19T12:18:21.091216
45917,,-69,28,0,3236,70492,60308,104470,0,99,0,0,0,14:33:5C:6D:AF:58,0,0,ARMED,60,0,1,80:02:9C:61:97:4B,11,4,251.8,80:02:9C:61:97:4A,0,0,NONE,2026-08-19T12:18:21.334216
45917,MGMT_OTHER,37,37,0,0,70492,60308,104673,0,99,0,0,0,14:33:5C:6D:AF:58,0,0,ARMED,60,0,0,80:02:9C:61:97:4B,11,10,701.9,80:02:9C:61:97:4A,0,0,NONE,2026-08-19T12:18:21.537216
45917,MGMT_OTHER,41,41,0,0,70492,60308,104922,0,99,0,0,0,14:33:5C:6D:AF:58,0,0,ARMED,60,0,0,80:02:9C:61:97:4B,11,7,118.7,80:02:9C:61:97:4A,0,0,NONE,2026-08-19T12:18:21.786216
45917,,-53,44,0,3151,70492,60308,105057,0,99,0,0,0,14:33:5C:6D:AF:58,0,0,ARMED,60,0,0,80:02:9C:61:97:4B,11,45,492.1,80:02:9C:61:97:4A,0,0,NONE,2026-08-19T12:18:21.921216
45917,MGMT_OTHER,43,43,0,0,70492,60308,105441,0,99,0,0,0,14:33:5C:6D:AF:58,0,0,ARMED,60,0,1,80:02:9C:61:97:4B,11,1,37.7,80:02:9C:61:97:4A,0,0,NONE,2026-08-19T12:18:22.305216
45917,PROBE_RESP,-92,5,0,4070,70492,60308,105836,0,99,0,0,0,14:33:5C:6D:AF:58,0,0,ARMED,60,0,0,80:02:9C:61:97:4B,11,4,320.2,80:02:9C:61:97:4A,0,0,NONE,2026-08-19T12:18:22.700216
45917,MGMT_OTHER,35,35,0,0,70492,60308,106115,0,99,0,0,0,14:33:5C:6D:AF:58,0,0,ARMED,60,0,0,80:02:9C:61:97:4B,11,19,223.5,80:02:9C:61:97:4A,0,0,NONE,2026-08-19T12:18:22.979216
45917,BEACON,-85,12,0,3413,70492,60308,106707,0,99,0,0,0,14:33:5C:6D:AF:58,0,0,ARMED,60,0,1,80:02:9C:61:97:4B,11,2,32.2,80:02:9C:61:97:4A,0,0,NONE,2026-08-19T12:18:23.571216
45917,BEACON,-55,42,0,479,70492,60308,107391,0,99,0,0,0,14:33:5C:6D:AF:58,0,0,ARMED,60,0,1,80:02:9C:61:97:4B,11,1,32.4,80:02:9C:61:97:4A,0,0,NONE,2026-08-19T12:18:24.255216
45917,MGMT_OTHER,43,43,0,0,70492,60308,107588,0,99,0,0,0,14:33:5C:6D:AF:58,0,1,ARMED,60,0,0,80:02:9C:61:97:4B,11,7,305.1,80:02:9C:61:97:4A,0,0,NONE,2026-08-19T12:18:24.452216
45917,,-55,42,292,1846,70492,60308,107807,0,99,0,0,0,14:33:5C:6D:AF:58,0,0,ARMED,60,0,0,80:02:9C:61:97:4B,11,14,375.7,80:02:9C:61:97:4A,0,0,NONE,2026-08-19T12:18:24.671216
45917,MGMT_OTHER,43,43,0,0,70492,60308,107868,0,99,0,0,0,14:33:5C:6D:AF:58,0,0,ARMED,60,0,0,80:02:9C:61:97:4B,11,64,652.2,80:02:9C:61:97:4A,0,0,NONE,2026-08-19T12:18:24.732216
45917,BEACON,-95,2,0,2576,70492,60308,108002,0,99,0,0,0,14:33:5C:6D:AF:58,0,1,ARMED,60,0,1,80:02:9C:61:97:4B,11,3,198.8,80:02:9C:61:97:4A,0,0,NONE,2026-08-19T12:18:24.866216
45917,MGMT_OTHER,43,43,0,0,70492,60308,108211,0,99,0,0,0,14:33:5C:6D:AF:58,0,0,ARMED,60,0,1,80:02:9C:61:97:4B,11,5,532.2,80:02:9C:61:97:4A,0,0,NONE,2026-08-19T12:18:25.075216
45917,MGMT_OTHER,34,34,0,0,70492,60308,108344,0,99,0,0,0,14:33:5C:6D:AF:58,0,0,ARMED,60,0,0,80:02:9C:61:97:4B,11,30,831.3,80:02:9C:61:97:4A,0,0,NONE,2026-08-19T12:18:25.208216
45917,MGMT_OTHER,30,30,0,0,70492,60308,108425,0,99,0,0,0,14:33:5C:6D:AF:58,0,1,ARMED,60,0,0,80:02:9C:61:97:4B,11,6,427.4,80:02:9C:61:97:4A,0,0,NONE,2026-08-19T12:18:25.289216
45917,MGMT_OTHER,26,26,0,0,70492,60308,108498,0,99,0,0,0,14:33:5C:6D:AF:58,0,1,ARMED,60,0,0,80:02:9C:61:97:4B,11,56,647.9,80:02:9C:61:97:4A,0,0,NONE,2026-08-19T12:18:25.362216
45917,BEACON,-85,12,0,572,70492,60308,108590,0,99,0,0,0,14:33:5C:6D:AF:58,0,1,ARMED,60,0,1,80:02:9C:61:97:4B,11,41,530.6,80:02:9C:61:97:4A,0,0,NONE,2026-08-19T12:18:25.454216
45917,BEACON,-53,44,0,494,70492,60308,108825,0,99,0,0,0,14:33:5C:6D:AF:58,0,0,ARMED,60,0,1,80:02:9C:61:97:4B,11,1,218.1,80:02:9C:61:97:4A,0,0,NONE,2026-08-19T12:18:25.689216
45917,MGMT_OTHER,24,24,0,0,70492,60308,108938,0,99,0,0,0,14:33:5C:6D:AF:58,0,1,ARMED,60,0,0,80:02:9C:61:97:4B,11,9,604.6,80:02:9C:61:97:4A,0,0,NONE,2026-08-19T12:18:25.802216
45917,MGMT_OTHER,25,25,0,0,70492,60308,109046,0,99,0,0,0,14:33:5C:6D:AF:58,0,1,ARMED,60,0,0,80:02:9C:61:97:4B,11,7,345.8,80:02:9C:61:97:4A,0,0,NONE,2026-08-19T12:18:25.910216
45917,MGMT_OTHER,26,26,0,0,70492,60308,109144,0,99,0,0,0,14:33:5C:6D:AF:58,0,1,ARMED,60,0,0,80:02:9C:61:97:4B,11,18,1098.6,80:02:9C:61:97:4A,0,0,NONE,2026-08-19T12:18:26.008216
45917,MGMT_OTHER,29,29,0,0,70492,60308,109289,0,99,0,0,0,14:33:5C:6D:AF:58,0,1,ARMED,60,0,0,80:02:9C:61:97:4B,11,15,254.9,80:02:9C:61:97:4A,0,0,NONE,2026-08-19T12:18:26.153216
45917,MGMT_OTHER,29,29,0,0,70432,60308,109403,0,99,0,0,0,14:33:5C:6D:AF:58,0,1,ARMED,60,0,0,80:02:9C:61:97:4B,11,32,454.6,80:02:9C:61:97:4A,0,0,NONE,2026-08-19T12:18:26.267216
45917,MGMT_OTHER,29,29,0,0,70492,60308,109490,0,99,0,0,0,14:33:5C:6D:AF:58,0,1,ARMED,60,0,0,80:02:9C:61:97:4B,11,34,623.8,80:02:9C:61:97:4A,0,0,NONE,2026-08-19T12:18:26.354216
45917,MGMT_OTHER,29,29,0,0,70492,60308,109772,0,99,0,0,0,14:33:5C:6D:AF:58,0,0,ARMED,60,0,0,80:02:9C:61:97:4B,11,15,506.4,80:02:9C:61:97:4A,0,0,NONE,2026-08-19T12:18:26.636216
45917,BEACON,-94,3,0,2596,70492,60308,110050,0,99,0,0,0,14:33:5C:6D:AF:58,0,0,ARMED,60,0,1,80:02:9C:61:97:4B,11,1,293.6,80:02:9C:61:97:4A,0,0,NONE,2026-08-19T12:18:26.914216
45917,MGMT_OTHER,27,27,0,0,70492,60308,110220,0,99,0,0,0,14:33:5C:6D:AF:58,0,0,ARMED,60,0,0,80:02:9C:61:97:4B,11,26,357.1,80:02:9C:61:97:4A,0,0,NONE,2026-08-19T12:18:27.084216
45917,,-53,44,249,128,70492,60308,110345,0,99,0,0,0,14:33:5C:6D:AF:58,0,1,ARMED,60,0,0,80:02:9C:61:97:4B,11,45,492.5,80:02:9C:61:97:4A,0,0,NONE,2026-08-19T12:18:27.209216
45917,,-53,44,266,2555,70492,60308,110365,0,99,0,0,0,14:33:5C:6D:AF:58,0,1,ARMED,60,0,1,80:02:9C:61:97:4B,11,24,2248,80:02:9C:61:97:4A,0,0,NONE,2026-08-19T12:18:27.229216
45917,,-53,44,419,207,70112,60308,110385,0,99,0,0,0,14:33:5C:6D:AF:58,0,1,ARMED,60,0,0,80:02:9C:61:97:4B,11,74,2392.2,80:02:9C:61:97:4A,0,0,NONE,2026-08-19T12:18:27.249216
45917,,-73,24,0,1901,70492,60308,110410,0,99,0,0,0,14:33:5C:6D:AF:58,0,1,ARMED,60,0,1,80:02:9C:61:97:4B,11,124,2241.7,80:02:9C:61:97:4A,0,0,NONE,2026-08-19T12:18:27.274216
45917,,-75,22,0,1904,70492,60308,110562,0,99,0,0,0,14:33:5C:6D:AF:58,0,1,ARMED,60,0,1,80:02:9C:61:97:4B,11,1,228.4,80:02:9C:61:97:4A,0,0,NONE,2026-08-19T12:18:27.426216
45917,,-53,44,267,248,70492,60308,110592,0,99,0,0,0,14:33:5C:6D:AF:58,0,1,ARMED,60,0,0,80:02:9C:61:97:4B,11,51,1517.9,80:02:9C:61:97:4A,0,0,NONE,2026-08-19T12:18:27.456216
45917,,-53,44,439,278,70492,60308,110613,0,99,0,0,0,14:33:5C:6D:AF:58,0,1,ARMED,60,0,0,80:02:9C:61:97:4B,11,101,1839.8,80:02:9C:61:97:4A,0,0,NONE,2026-08-19T12:18:27.477216
45917,,-53,44,267,303,70492,60308,110629,0,99,0,0,0,14:33:5C:6D:AF:58,0,1,ARMED,60,0,0,80:02:9C:61:97:4B,11,151,2117.2,80:02:9C:61:97:4A,0,0,NONE,2026-08-19T12:18:27.493216
45917,,-53,44,267,335,70492,60308,110658,0,99,0,0,0,14:33:5C:6D:AF:58,0,1,ARMED,60,0,0,80:02:9C:61:97:4B,11,201,2008.3,80:02:9C:61:97:4A,0,0,NONE,2026-08-19T12:18:27.522216
45917,MGMT_OTHER,22,22,0,0,70492,60308,110680,0,99,0,0,0,14:33:5C:6D:AF:58,0,1,ARMED,60,0,0,80:02:9C:61:97:4B,11,50,2289.2,80:02:9C:61:97:4A,0,0,NONE,2026-08-19T12:18:27.544216
45917,,-53,44,267,388,70492,60308,110717,0,99,0,0,0,14:33:5C:6D:AF:58,0,1,ARMED,60,0,0,80:02:9C:61:97:4B,11,100,1684.3,80:02:9C:61:97:4A,0,0,NONE,2026-08-19T12:18:27.581216
45917,,-72,25,127,3316,70492,60308,110733,0,99,0,0,0,14:33:5C:6D:AF:58,0,1,ARMED,60,0,0,80:02:9C:61:97:4B,11,150,2003.2,80:02:9C:61:97:4A,0,0,NONE,2026-08-19T12:18:27.597216
45917,,-53,44,799,465,70492,60308,110753,0,99,0,0,0,14:33:5C:6D:AF:58,0,1,ARMED,60,0,0,80:02:9C:61:97:4B,11,200,2103.3,80:02:9C:61:97:4A,0,0,NONE,2026-08-19T12:18:27.617216
45917,MGMT_OTHER,42,42,0,0,70492,60308,110777,0,99,0,0,0,14:33:5C:6D:AF:58,0,1,ARMED,60,0,1,80:02:9C:61:97:4B,11,45,2374.9,80:02:9C:61:97:4A,0,0,NONE,2026-08-19T12:18:27.641216
45917,,-54,43,267,542,69052,60308,110797,0,99,0,0,0,14:33:5C:6D:AF:58,0,1,ARMED,60,0,0,80:02:9C:61:97:4B,11,95,2421.9,80:02:9C:61:97:4A,0,0,NONE,2026-08-19T12:18:27.661216
45917,,-53,44,266,578,70492,60308,110817,0,99,0,0,0,14:33:5C:6D:AF:58,0,1,ARMED,60,0,0,80:02:9C:61:97:4B,11,145,2469.5,80:02:9C:61:97:4A,0,0,NONE,2026-08-19T12:18:27.681216
45917,,-53,44,266,626,70492,60308,110837,0,99,0,0,0,14:33:5C:6D:AF:58,0,1,ARMED,60,0,0,80:02:9C:61:97:4B,11,195,2473.7,80:02:9C:61:97:4A,0,0,NONE,2026-08-19T12:18:27.701216
45917,MGMT_OTHER,43,43,0,0,70492,60308,110861,0,99,0,0,0,14:33:5C:6D:AF:58,1,1,ARMED,60,0,1,80:02:9C:61:97:4B,11,8,2550.2,80:02:9C:61:97:4A,0,0,NONE,2026-08-19T12:18:27.725216
45917,,-54,43,204,687,70492,60308,110922,0,99,0,0,0,14:33:5C:6D:AF:58,1,1,ARMED,60,0,1,80:02:9C:61:97:4B,11,58,905.1,80:02:9C:61:97:4A,0,0,NONE,2026-08-19T12:18:27.786216
45917,,-53,44,581,725,70492,60308,110941,0,99,0,0,0,14:33:5C:6D:AF:58,1,1,ARMED,60,0,0,80:02:9C:61:97:4B,11,108,1311.1,80:02:9C:61:97:4A,0,0,NONE,2026-08-19T12:18:27.805216
45917,,-53,44,527,757,70492,60308,110973,0,99,0,0,0,14:33:5C:6D:AF:58,1,1,ARMED,60,0,0,80:02:9C:61:97:4B,11,37,2469.5,80:02:9C:61:97:4A,0,0,NONE,2026-08-19T12:18:27.837216
45917,,-53,44,266,799,70492,60308,110985,0,99,0,0,0,14:33:5C:6D:AF:58,1,1,ARMED,60,0,0,80:02:9C:61:97:4B,11,87,3290.5,80:02:9C:61:97:4A,0,0,NONE,2026-08-19T12:18:27.849216
45917,,-53,44,267,843,70492,60308,111005,0,99,0,0,0,14:33:5C:6D:AF:58,1,1,ARMED,60,0,0,80:02:9C:61:97:4B,11,137,2939.1,80:02:9C:61:97:4A,0,0,NONE,2026-08-19T12:18:27.869216
45917,,-91,6,0,288,70492,60308,111018,0,99,0,0,0,14:33:5C:6D:AF:58,1,1,ARMED,60,0,0,80:02:9C:61:97:4B,11,187,3152.1,80:02:9C:61:97:4A,0,0,NONE,2026-08-19T12:18:27.882216
45917,,-53,44,854,910,70492,60308,111038,0,99,0,0,0,14:33:5C:6D:AF:58,1,1,ARMED,60,0,0,80:02:9C:61:97:4B,11,237,2982.7,80:02:9C:61:97:4A,0,0,NONE,2026-08-19T12:18:27.902216
45917,,-53,44,2220,944,70492,60308,111055,0,99,0,0,0,14:33:5C:6D:AF:58,1,1,ARMED,60,0,1,80:02:9C:61:97:4B,11,287,2960.4,80:02:9C:61:97:4A,0,0,NONE,2026-08-19T12:18:27.919216
45917,,-71,26,4267,3264,70492,60308,111088,0,99,0,0,0,14:33:5C:6D:AF:58,1,1,ARMED,60,0,1,80:02:9C:61:97:4B,11,49,2802.7,80:02:9C:61:97:4A,0,0,NONE,2026-08-19T12:18:27.952216
45917,,-53,44,267,1018,70492,60308,111119,0,99,0,0,0,14:33:5C:6D:AF:58,1,1,ARMED,60,0,0,80:02:9C:61:97:4B,11,99,2043,80:02:9C:61:97:4A,0,0,NONE,2026-08-19T12:18:27.983216
45917,,-71,26,0,3436,70492,60308,111148,0,99,0,0,0,14:33:5C:6D:AF:58,1,1,ARMED,60,0,0,80:02:9C:61:97:4B,11,149,1924.8,80:02:9C:61:97:4A,0,0,NONE,2026-08-19T12:18:28.012216
45917,,-53,44,282,1091,69848,60308,111155,0,99,0,0,0,14:33:5C:6D:AF:58,1,1,ARMED,60,0,0,80:02:9C:61:97:4B,11,199,2346,80:02:9C:61:97:4A,0,0,NONE,2026-08-19T12:18:28.019216
45917,,-71,26,0,3271,70492,60308,111188,0,99,0,0,0,14:33:5C:6D:AF:58,1,1,ARMED,60,0,1,80:02:9C:61:97:4B,11,49,2826.8,80:02:9C:61:97:4A,0,0,NONE,2026-08-19T12:18:28.052216
45917,,-53,44,218,1150,70492,60308,111200,0,99,0,0,0,14:33:5C:6D:AF:58,1,1,ARMED,60,0,1,80:02:9C:61:97:4B,11,99,3347.1,80:02:9C:61:97:4A,0,0,NONE,2026-08-19T12:18:28.064216
45917,,-71,26,127,3470,69052,60308,111220,0,99,0,0,0,14:33:5C:6D:AF:58,1,1,ARMED,60,0,0,80:02:9C:61:97:4B,11,149,2998.1,80:02:9C:61:97:4A,0,0,NONE,2026-08-19T12:18:28.084216
45917,,-53,44,793,1212,70492,60308,111245,0,99,0,0,0,14:33:5C:6D:AF:58,1,1,ARMED,60,0,0,80:02:9C:61:97:4B,11,199,2684.9,80:02:9C:61:97:4A,0,0,NONE,2026-08-19T12:18:28.109216
45917,,-53,44,267,1247,70492,60308,111267,0,99,0,0,0,14:33:5C:6D:AF:58,1,1,ARMED,60,0,0,80:02:9C:61:97:4B,11,249,2588.5,80:02:9C:61:97:4A,0,0,NONE,2026-08-19T12:18:28.131216
45917,,-53,44,267,1277,70492,60308,111288,0,99,0,0,0,14:33:5C:6D:AF:58,1,1,ARMED,60,0,0,80:02:9C:61:97:4B,11,40,2339,80:02:9C:61:97:4A,0,0,NONE,2026-08-19T12:18:28.152216
45917,MGMT_OTHER,-53,44,428,1323,70492,60308,111308,0,99,0,0,0,14:33:5C:6D:AF:58,1,1,ARMED,60,0,0,80:02:9C:61:97:4B,11,90,2413.5,80:02:9C:61:97:4A,0,0,NONE,2026-08-19T12:18:28.172216
45917,,-53,44,267,1364,70492,60308,111319,0,99,0,0,0,14:33:5C:6D:AF:58,1,1,ARMED,60,0,0,80:02:9C:61:97:4B,11,140,2920.7,80:02:9C:61:97:4A,0,0,NONE,2026-08-19T12:18:28.183216
45917,,-53,44,267,1403,70492,60308,111348,0,99,0,0,0,14:33:5C:6D:AF:58,1,1,ARMED,60,0,0,80:02:9C:61:97:4B,11,190,2471.8,80:02:9C:61:97:4A,0,0,NONE,2026-08-19T12:18:28.212216
45917,,-75,22,0,3289,70492,60308,111631,0,99,0,0,0,14:33:5C:6D:AF:58,0,0,ARMED,60,0,1,80:02:9C:61:97:4B,11,7,121.7,80:02:9C:61:97:4A,0,0,NONE,2026-08-19T12:18:28.495216
45917,,43,43,0,1023,70492,60308,111969,0,99,0,0,0,14:33:5C:6D:AF:58,0,0,ARMED,60,0,1,80:02:9C:61:97:4B,11,17,234,80:02:9C:61:97:4A,0,0,NONE,2026-08-19T12:18:28.833216
45917,,-55,42,0,1927,70492,60308,112128,0,99,0,0,0,14:33:5C:6D:AF:58,0,1,ARMED,60,0,0,80:02:9C:61:97:4B,11,17,640,80:02:9C:61:97:4A,0,0,NONE,2026-08-19T12:18:28.992216
45917,,-53,44,262,1420,70492,60308,112363,0,99,0,0,0,14:33:5C:6D:AF:58,0,0,ARMED,60,0,0,80:02:9C:61:97:4B,11,9,159.3,80:02:9C:61:97:4A,0,0,NONE,2026-08-19T12:18:29.227216
45917,,-54,43,263,1449,70492,60308,112382,0,99,0,0,0,14:33:5C:6D:AF:58,0,0,ARMED,60,0,0,80:02:9C:61:97:4B,11,59,776.7,80:02:9C:61:97:4A,0,0,NONE,2026-08-19T12:18:29.246216
45917,,-54,43,367,1474,70492,60308,112402,0,99,0,0,0,14:33:5C:6D:AF:58,0,0,ARMED,60,0,0,80:02:9C:61:97:4B,11,109,1134.9,80:02:9C:61:97:4A,0,0,NONE,2026-08-19T12:18:29.266216
45917,,-53,44,273,1481,70492,60308,112459,0,99,0,0,0,14:33:5C:6D:AF:58,0,1,ARMED,60,0,1,80:02:9C:61:97:4B,11,41,811.7,80:02:9C:61:97:4A,0,0,NONE,2026-08-19T12:18:29.323216
45917,,-53,44,262,1520,70492,60308,112482,0,99,0,0,0,14:33:5C:6D:AF:58,0,1,ARMED,60,0,0,80:02:9C:61:97:4B,11,91,1249.3,80:02:9C:61:97:4A,0,0,NONE,2026-08-19T12:18:29.346216
45917,MGMT_OTHER,37,37,0,0,70492,60308,112591,0,99,0,0,0,14:33:5C:6D:AF:58,1,1,ARMED,60,0,0,80:02:9C:61:97:4B,11,16,199.6,80:02:9C:61:97:4A,0,0,NONE,2026-08-19T12:18:29.455216
45917,MGMT_OTHER,43,43,0,0,70492,60308,112991,0,99,0,0,0,14:33:5C:6D:AF:58,0,0,ARMED,60,0,0,80:02:9C:61:97:4B,11,4,98.1,80:02:9C:61:97:4A,0,0,NONE,2026-08-19T12:18:29.855216
45917,PROBE_REQ,-91,6,195,14,70492,60308,113314,0,99,0,0,0,14:33:5C:6D:AF:58,0,0,ARMED,60,0,1,80:02:9C:61:97:4B,11,30,561.3,80:02:9C:61:97:4A,0,0,NONE,2026-08-19T12:18:30.178216
45917,PROBE_REQ,-91,6,125,7,70492,60308,113356,0,99,0,0,0,14:33:5C:6D:AF:58,0,0,ARMED,60,0,0,80:02:9C:61:97:4B,11,80,835.8,80:02:9C:61:97:4A,0,0,NONE,2026-08-19T12:18:30.220216
45917,BEACON,-83,14,84,620,70492,60308,113505,0,99,0,0,0,14:33:5C:6D:AF:58,1,1,ARMED,60,0,1,80:02:9C:61:97:4B,11,9,226.7,80:02:9C:61:97:4A,0,0,NONE,2026-08-19T12:18:30.369216
45917,MGMT_OTHER,43,43,0,0,70492,60308,113624,0,99,0,0,0,14:33:5C:6D:AF:58,0,1,ARMED,60,0,0,80:02:9C:61:97:4B,11,25,423.8,80:02:9C:61:97:4A,0,0,NONE,2026-08-19T12:18:30.488216
45917,BEACON,-53,44,0,548,70492,60308,114047,0,99,0,0,0,14:33:5C:6D:AF:58,0,0,ARMED,60,0,1,80:02:9C:61:97:4B,11,11,156.4,80:02:9C:61:97:4A,0,0,NONE,2026-08-19T12:18:30.911216
45917,,-72,25,26349,3331,70492,60308,114383,0,99,0,0,0,14:33:5C:6D:AF:58,0,0,ARMED,60,0,1,80:02:9C:61:97:4B,11,14,141.3,80:02:9C:61:97:4A,0,0,NONE,2026-08-19T12:18:31.247216
45917,MGMT_OTHER,36,36,0,0,70492,60308,114512,0,99,0,0,0,14:33:5C:6D:AF:58,0,0,ARMED,60,0,1,80:02:9C:61:97:4B,11,29,1171.8,80:02:9C:61:97:4A,0,0,NONE,2026-08-19T12:18:31.376216
45917,BEACON,-80,17,0,633,70492,60308,114837,0,99,0,0,0,14:33:5C:6D:AF:58,0,0,ARMED,60,0,1,80:02:9C:61:97:4B,11,4,99,80:02:9C:61:97:4A,0,0,NONE,2026-08-19T12:18:31.701216
45917,BEACON,-81,16,0,638,70492,60308,115348,0,99,0,0,0,14:33:5C:6D:AF:58,0,0,ARMED,60,0,1,80:02:9C:61:97:4B,11,4,297.3,80:02:9C:61:97:4A,0,0,NONE,2026-08-19T12:18:32.212216
45917,,-54,43,292,1974,70464,60308,115489,0,99,0,0,0,14:33:5C:6D:AF:58,0,0,ARMED,60,0,0,80:02:9C:61:97:4B,11,32,604.1,80:02:9C:61:97:4A,0,0,NONE,2026-08-19T12:18:32.353216
45917,BEACON,-83,14,0,642,70492,60308,115759,0,99,0,0,0,14:33:5C:6D:AF:58,0,0,ARMED,60,0,1,80:02:9C:61:97:4B,11,5,48.5,80:02:9C:61:97:4A,0,0,NONE,2026-08-19T12:18:32.623216
45917,MGMT_OTHER,-87,10,132,1047,70492,60308,116001,0,99,0,0,0,14:33:5C:6D:AF:58,0,0,ARMED,60,0,1,80:02:9C:61:97:4B,11,22,543.6,80:02:9C:61:97:4A,0,0,NONE,2026-08-19T12:18:32.865216
45917,MGMT_OTHER,42,42,0,0,70492,60308,116471,0,99,0,0,0,14:33:5C:6D:AF:58,0,0,ARMED,60,0,1,80:02:9C:61:97:4B,11,8,81.5,80:02:9C:61:97:4A,0,0,NONE,2026-08-19T12:18:33.335216
45917,BEACON,-80,17,0,3518,70492,60308,117049,0,99,0,0,0,14:33:5C:6D:AF:58,0,0,ARMED,60,0,1,80:02:9C:61:97:4B,11,3,93,80:02:9C:61:97:4A,0,0,NONE,2026-08-19T12:18:33.913216
45917,,-54,43,536,1992,70492,60308,117894,0,99,0,0,0,14:33:5C:6D:AF:58,0,0,ARMED,60,0,0,80:02:9C:61:97:4B,11,3,117.6,80:02:9C:61:97:4A,0,0,NONE,2026-08-19T12:18:34.758216
45917,BEACON,-80,17,0,3532,70492,60308,118483,0,99,0,0,0,14:33:5C:6D:AF:58,0,0,ARMED,60,0,0,80:02:9C:61:97:4B,11,10,97.7,80:02:9C:61:97:4A,0,0,NONE,2026-08-19T12:18:35.347216
45917,,-55,42,291,2021,70492,60308,119048,0,99,0,0,0,14:33:5C:6D:AF:58,0,0,ARMED,60,0,0,80:02:9C:61:97:4B,11,9,168.6,80:02:9C:61:97:4A,0,0,NONE,2026-08-19T12:18:35.912216
45917,,-67,30,1232,1621,70492,60308,119236,0,99,0,0,0,14:33:5C:6D:AF:58,0,0,ARMED,60,0,1,80:02:9C:61:97:4B,11,19,577,80:02:9C:61:97:4A,0,0,NONE,2026-08-19T12:18:36.100216
45917,MGMT_OTHER,44,44,0,0,70492,60308,119772,0,99,0,0,0,14:33:5C:6D:AF:58,0,0,ARMED,60,0,1,80:02:9C:61:97:4B,11,1,51.6,80:02:9C:61:97:4A,0,0,NONE,2026-08-19T12:18:36.636216
45917,,-52,45,371,3293,70492,60308,119893,0,99,0,0,0,14:33:5C:6D:AF:58,0,1,ARMED,60,0,1,80:02:9C:61:97:4B,11,16,404.7,80:02:9C:61:97:4A,0,0,NONE,2026-08-19T12:18:36.757216
45917,MGMT_OTHER,35,35,0,0,70492,60308,120020,0,99,0,0,0,14:33:5C:6D:AF:58,1,1,ARMED,60,0,0,80:02:9C:61:97:4B,11,30,470.1,80:02:9C:61:97:4A,0,0,NONE,2026-08-19T12:18:36.884216
45917,BEACON,-52,45,0,613,70492,60308,120294,0,99,0,0,0,14:33:5C:6D:AF:58,0,0,ARMED,60,0,1,80:02:9C:61:97:4B,11,6,193,80:02:9C:61:97:4A,0,0,NONE,2026-08-19T12:18:37.158216
45917,,-95,2,82,1159,70492,60308,120755,0,99,0,0,0,14:33:5C:6D:AF:58,0,0,ARMED,60,0,1,80:02:9C:61:97:4B,11,9,110.5,80:02:9C:61:97:4A,0,0,NONE,2026-08-19T12:18:37.619216
45917,MGMT_OTHER,-82,15,4194,3101,70492,60308,120905,0,99,0,0,0,14:33:5C:6D:AF:58,1,1,ARMED,60,0,1,80:02:9C:61:97:4B,11,14,503.6,80:02:9C:61:97:4A,0,0,NONE,2026-08-19T12:18:37.769216
45917,,-90,7,177,3752,70492,60308,121000,0,99,0,0,0,14:33:5C:6D:AF:58,1,1,ARMED,60,0,1,80:02:9C:61:97:4B,11,7,343.1,80:02:9C:61:97:4A,0,0,NONE,2026-08-19T12:18:37.864216
45917,DEAUTH,-90,7,239,13,70408,60308,121051,0,99,0,0,0,14:33:5C:6D:AF:58,1,1,ARMED,60,0,0,80:02:9C:61:97:4B,11,57,796.1,80:02:9C:61:97:4A,0,0,NONE,2026-08-19T12:18:37.915216
45917,BEACON,-89,8,125,12,70408,60308,121073,0,99,0,0,0,14:33:5C:6D:AF:58,1,1,ARMED,60,0,0,80:02:9C:61:97:4B,11,107,1149.4,80:02:9C:61:97:4A,0,0,NONE,2026-08-19T12:18:37.937216
45917,MGMT_OTHER,-85,12,415,43,70492,60308,121112,0,99,0,0,0,14:33:5C:6D:AF:58,1,1,ARMED,60,0,0,80:02:9C:61:97:4B,11,49,2040.8,80:02:9C:61:97:4A,0,0,NONE,2026-08-19T12:18:37.976216
45917,MGMT_OTHER,-89,8,125,14,69764,60308,121139,0,99,0,0,0,14:33:5C:6D:AF:58,1,1,ARMED,60,0,0,80:02:9C:61:97:4B,11,99,1932.5,80:02:9C:61:97:4A,0,0,NONE,2026-08-19T12:18:38.003216
45917,BEACON,-88,9,124,2677,70492,60308,121172,0,99,0,0,0,14:33:5C:6D:AF:58,1,1,ARMED,60,0,1,80:02:9C:61:97:4B,11,149,1769.8,80:02:9C:61:97:4A,0,0,NONE,2026-08-19T12:18:38.036216
45917,PROBE_REQ,-87,10,125,15,70408,60308,121237,0,99,0,0,0,14:33:5C:6D:AF:58,1,1,ARMED,60,0,0,80:02:9C:61:97:4B,11,16,323.8,80:02:9C:61:97:4A,0,0,NONE,2026-08-19T12:18:38.101216
45917,MGMT_OTHER,35,35,0,0,70492,60308,121311,0,99,0,0,0,14:33:5C:6D:AF:58,1,1,ARMED,60,0,0,80:02:9C:61:97:4B,11,7,313.8,80:02:9C:61:97:4A,0,0,NONE,2026-08-19T12:18:38.175216
45917,PROBE_REQ,-87,10,124,6,70408,60308,121362,0,99,0,0,0,14:33:5C:6D:AF:58,1,1,ARMED,60,0,0,80:02:9C:61:97:4B,11,57,773.3,80:02:9C:61:97:4A,0,0,NONE,2026-08-19T12:18:38.226216
45917,PROBE_REQ,-86,11,125,2,70492,60308,121382,0,99,0,0,0,14:33:5C:6D:AF:58,1,1,ARMED,60,0,0,80:02:9C:61:97:4B,11,107,1140,80:02:9C:61:97:4A,0,0,NONE,2026-08-19T12:18:38.246216
45917,DEAUTH,-87,10,207,13,70408,60308,121402,0,99,0,0,0,14:33:5C:6D:AF:58,1,1,ARMED,60,0,1,80:02:9C:61:97:4B,11,30,2461.8,80:02:9C:61:97:4A,0,0,NONE,2026-08-19T12:18:38.266216
45917,PROBE_REQ,-87,10,125,10,69848,60308,121424,0,99,0,0,0,14:33:5C:6D:AF:58,1,1,ARMED,60,0,0,80:02:9C:61:97:4B,11,80,2382.4,80:02:9C:61:97:4A,0,0,NONE,2026-08-19T12:18:38.288216
45917,PROBE_REQ,-87,10,124,0,70492,60308,121444,0,99,0,0,0,14:33:5C:6D:AF:58,1,1,ARMED,60,0,0,80:02:9C:61:97:4B,11,130,2394.5,80:02:9C:61:97:4A,0,0,NONE,2026-08-19T12:18:38.308216
45917,MGMT_OTHER,-82,15,1436,4069,70408,60308,121474,0,99,0,0,0,14:33:5C:6D:AF:58,1,1,ARMED,60,0,1,80:02:9C:61:97:4B,11,180,2158.2,80:02:9C:61:97:4A,0,0,NONE,2026-08-19T12:18:38.338216
45917,PROBE_REQ,-88,9,125,8,70408,60308,121498,0,99,0,0,0,14:33:5C:6D:AF:58,1,1,ARMED,60,0,0,80:02:9C:61:97:4B,11,9,1809.8,80:02:9C:61:97:4A,0,0,NONE,2026-08-19T12:18:38.362216
45917,MGMT_OTHER,-86,11,168,2855,70492,60308,121533,0,99,0,0,0,14:33:5C:6D:AF:58,1,1,ARMED,60,0,1,80:02:9C:61:97:4B,11,59,1463.3,80:02:9C:61:97:4A,0,0,NONE,2026-08-19T12:18:38.397216
45917,,-87,10,1913,1201,70492,60308,121550,0,99,0,0,0,14:33:5C:6D:AF:58,1,1,ARMED,60,0,1,80:02:9C:61:97:4B,11,109,1898.2,80:02:9C:61:97:4A,0,0,NONE,2026-08-19T12:18:38.414216
45917,MGMT_OTHER,-88,9,135,6,70408,60308,121603,0,99,0,0,0,14:33:5C:6D:AF:58,1,1,ARMED,60,0,1,80:02:9C:61:97:4B,11,9,931.4,80:02:9C:61:97:4A,0,0,NONE,2026-08-19T12:18:38.467216
45917,MGMT_OTHER,-82,15,1169,1346,70428,60308,121644,0,99,0,0,0,14:33:5C:6D:AF:58,1,1,ARMED,60,0,1,80:02:9C:61:97:4B,11,59,1167.2,80:02:9C:61:97:4A,0,0,NONE,2026-08-19T12:18:38.508216
45917,,-60,37,157,3200,70512,60308,121679,0,99,0,0,0,14:33:5C:6D:AF:58,1,1,ARMED,60,0,0,80:02:9C:61:97:4B,11,109,1276,80:02:9C:61:97:4A,0,0,NONE,2026-08-19T12:18:38.543216
45917,MGMT_OTHER,-81,16,248,1876,70512,60308,121718,0,99,0,0,0,14:33:5C:6D:AF:58,1,1,ARMED,60,0,1,80:02:9C:61:97:4B,11,31,1396.2,80:02:9C:61:97:4A,0,0,NONE,2026-08-19T12:18:38.582216
45917,PROBE_REQ,-87,10,125,2,70512,60308,121765,0,99,0,0,0,14:33:5C:6D:AF:58,1,1,ARMED,60,0,0,80:02:9C:61:97:4B,11,81,1171.2,80:02:9C:61:97:4A,0,0,NONE,2026-08-19T12:18:38.629216
45917,,-45,52,19436,1747,70512,60308,121965,0,99,0,0,0,14:33:5C:6D:AF:58,1,0,ARMED,60,0,0,80:02:9C:61:97:4B,11,18,301.9,80:02:9C:61:97:4A,0,0,NONE,2026-08-19T12:18:38.829216
45917,,-61,36,21850,4004,70512,60308,122155,0,99,0,0,0,14:33:5C:6D:AF:58,0,0,ARMED,60,0,1,80:02:9C:61:97:4B,11,20,418,80:02:9C:61:97:4A,0,0,NONE,2026-08-19T12:18:39.019216
45917,,-62,35,0,4034,69072,60308,122228,0,99,0,0,0,14:33:5C:6D:AF:58,0,1,ARMED,60,0,0,80:02:9C:61:97:4B,11,24,1291.1,80:02:9C:61:97:4A,0,0,NONE,2026-08-19T12:18:39.092216
45917,,-54,43,292,2056,70512,60308,122356,0,99,0,0,0,14:33:5C:6D:AF:58,0,1,ARMED,60,0,0,80:02:9C:61:97:4B,11,18,405.8,80:02:9C:61:97:4A,0,0,NONE,2026-08-19T12:18:39.220216
45917,DISASSOC,-92,5,1956,3331,70512,60308,122483,0,99,0,0,0,14:33:5C:6D:AF:58,1,1,ARMED,60,0,1,80:02:9C:61:97:4B,11,22,317.6,80:02:9C:61:97:4A,0,0,NONE,2026-08-19T12:18:39.347216
45917,MGMT_OTHER,43,43,0,0,70512,60308,122539,0,99,0,0,0,14:33:5C:6D:AF:58,1,1,ARMED,60,0,0,80:02:9C:61:97:4B,11,27,1111.5,80:02:9C:61:97:4A,0,0,NONE,2026-08-19T12:18:39.403216
45917,MGMT_OTHER,43,43,0,0,70512,60308,122582,0,99,0,0,0,14:33:5C:6D:AF:58,1,1,ARMED,60,0,0,80:02:9C:61:97:4B,11,77,1139.9,80:02:9C:61:97:4A,0,0,NONE,2026-08-19T12:18:39.446216
45917,MGMT_OTHER,43,43,0,0,70512,60308,122682,0,99,0,0,0,14:33:5C:6D:AF:58,1,1,ARMED,60,0,1,80:02:9C:61:97:4B,11,35,531.1,80:02:9C:61:97:4A,0,0,NONE,2026-08-19T12:18:39.546216
45917,BEACON,-53,44,0,640,70512,60308,122755,0,99,0,0,0,14:33:5C:6D:AF:58,1,1,ARMED,60,0,1,80:02:9C:61:97:4B,11,27,704.7,80:02:9C:61:97:4A,0,0,NONE,2026-08-19T12:18:39.619216
45917,,-91,6,1999,500,70512,60308,122806,0,99,0,0,0,14:33:5C:6D:AF:58,1,1,ARMED,60,0,1,80:02:9C:61:97:4B,11,77,871.4,80:02:9C:61:97:4A,0,0,NONE,2026-08-19T12:18:39.670216
45917,,-91,6,588,328,70512,60308,122849,0,99,0,0,0,14:33:5C:6D:AF:58,1,1,ARMED,60,0,1,80:02:9C:61:97:4B,11,33,1037.7,80:02:9C:61:97:4A,0,0,NONE,2026-08-19T12:18:39.713216
45917,PROBE_REQ,-90,7,125,6,69868,60308,122888,0,99,0,0,0,14:33:5C:6D:AF:58,1,1,ARMED,60,0,0,80:02:9C:61:97:4B,11,83,1175,80:02:9C:61:97:4A,0,0,NONE,2026-08-19T12:18:39.752216
45917,MGMT_OTHER,-82,15,48,2655,70428,60308,122944,0,99,0,0,0,14:33:5C:6D:AF:58,1,1,ARMED,60,0,1,80:02:9C:61:97:4B,11,24,921.2,80:02:9C:61:97:4A,0,0,NONE,2026-08-19T12:18:39.808216
45917,BEACON,-91,6,125,15,69868,60308,122997,0,99,0,0,0,14:33:5C:6D:AF:58,1,1,ARMED,60,0,0,80:02:9C:61:97:4B,11,74,935.9,80:02:9C:61:97:4A,0,0,NONE,2026-08-19T12:18:39.861216
45917,MGMT_OTHER,36,36,0,0,69224,60308,123020,0,99,0,0,0,14:33:5C:6D:AF:58,1,1,ARMED,60,0,1,80:02:9C:61:97:4B,11,2,792.1,80:02:9C:61:97:4A,0,0,NONE,2026-08-19T12:18:39.884216
45917,MGMT_OTHER,-79,18,2063,607,70512,60308,123051,0,99,0,0,0,14:33:5C:6D:AF:58,1,1,ARMED,60,0,1,80:02:9C:61:97:4B,11,52,1566.5,80:02:9C:61:97:4A,0,0,NONE,2026-08-19T12:18:39.915216
45917,MGMT_OTHER,-92,5,125,2092,70512,60308,123089,0,99,0,0,0,14:33:5C:6D:AF:58,1,1,ARMED,60,0,1,80:02:9C:61:97:4B,11,102,1441.9,80:02:9C:61:97:4A,0,0,NONE,2026-08-19T12:18:39.953216
45917,,-53,44,250,1616,69868,60308,123143,0,99,0,0,0,14:33:5C:6D:AF:58,1,1,ARMED,60,0,0,80:02:9C:61:97:4B,11,25,1019.9,80:02:9C:61:97:4A,0,0,NONE,2026-08-19T12:18:40.007216
45917,,-53,44,250,1656,70512,60308,123164,0,99,0,0,0,14:33:5C:6D:AF:58,1,1,ARMED,60,0,0,80:02:9C:61:97:4B,11,75,1648.8,80:02:9C:61:97:4A,0,0,NONE,2026-08-19T12:18:40.028216
45917,,-52,45,249,1684,70484,60308,123184,0,99,0,0,0,14:33:5C:6D:AF:58,1,1,ARMED,60,0,0,80:02:9C:61:97:4B,11,125,1905.5,80:02:9C:61:97:4A,0,0,NONE,2026-08-19T12:18:40.048216
45917,,-72,25,401,3564,70452,60308,123198,0,99,0,0,0,14:33:5C:6D:AF:58,1,1,ARMED,60,0,1,80:02:9C:61:97:4B,11,175,2202.6,80:02:9C:61:97:4A,0,0,NONE,2026-08-19T12:18:40.062216
45917,,-73,24,383,3574,69072,60308,123218,0,99,0,0,0,14:33:5C:6D:AF:58,1,1,ARMED,60,0,1,80:02:9C:61:97:4B,11,225,2260,80:02:9C:61:97:4A,0,0,NONE,2026-08-19T12:18:40.082216
45917,,-53,44,287,1776,70512,60308,123238,0,99,0,0,0,14:33:5C:6D:AF:58,1,1,ARMED,60,0,0,80:02:9C:61:97:4B,11,49,2739.7,80:02:9C:61:97:4A,0,0,NONE,2026-08-19T12:18:40.102216
45917,,-52,45,250,1795,70484,60308,123267,0,99,0,0,0,14:33:5C:6D:AF:58,1,1,ARMED,60,0,0,80:02:9C:61:97:4B,11,99,2111.6,80:02:9C:61:97:4A,0,0,NONE,2026-08-19T12:18:40.131216
45917,,-73,24,0,3385,70512,60308,123279,0,99,0,0,0,14:33:5C:6D:AF:58,1,1,ARMED,60,0,1,80:02:9C:61:97:4B,11,149,2534.4,80:02:9C:61:97:4A,0,0,NONE,2026-08-19T12:18:40.143216
45917,,-73,24,1829,3604,70512,60308,123299,0,99,0,0,0,14:33:5C:6D:AF:58,1,1,ARMED,60,0,1,80:02:9C:61:97:4B,11,199,2521.6,80:02:9C:61:97:4A,0,0,NONE,2026-08-19T12:18:40.163216
45917,,-53,44,250,1905,70512,60308,123311,0,99,0,0,0,14:33:5C:6D:AF:58,1,1,ARMED,60,0,0,80:02:9C:61:97:4B,11,249,2761.6,80:02:9C:61:97:4A,0,0,NONE,2026-08-19T12:18:40.175216
45917,,-73,24,250,3386,69072,60308,123343,0,99,0,0,0,14:33:5C:6D:AF:58,1,1,ARMED,60,0,1,80:02:9C:61:97:4B,11,49,2814.3,80:02:9C:61:97:4A,0,0,NONE,2026-08-19T12:18:40.207216
45917,,-53,44,250,1961,70512,60308,123353,0,99,0,0,0,14:33:5C:6D:AF:58,1,1,ARMED,60,0,0,80:02:9C:61:97:4B,11,99,3716.8,80:02:9C:61:97:4A,0,0,NONE,2026-08-19T12:18:40.217216
45917,,-73,24,365,3627,70512,60308,123403,0,99,0,0,0,14:33:5C:6D:AF:58,1,1,ARMED,60,0,1,80:02:9C:61:97:4B,11,149,1923.6,80:02:9C:61:97:4A,0,0,NONE,2026-08-19T12:18:40.267216
45917,,-53,44,250,2036,70512,60308,123418,0,99,0,0,0,14:33:5C:6D:AF:58,1,1,ARMED,60,0,0,80:02:9C:61:97:4B,11,199,2164.9,80:02:9C:61:97:4A,0,0,NONE,2026-08-19T12:18:40.282216
45917,,-53,44,500,2079,70484,60308,123450,0,99,0,0,0,14:33:5C:6D:AF:58,1,1,ARMED,60,0,1,80:02:9C:61:97:4B,11,49,2829.6,80:02:9C:61:97:4A,0,0,NONE,2026-08-19T12:18:40.314216
45917,,-53,44,250,2113,70512,60308,123458,0,99,0,0,0,14:33:5C:6D:AF:58,1,1,ARMED,60,0,0,80:02:9C:61:97:4B,11,99,4066.9,80:02:9C:61:97:4A,0,0,NONE,2026-08-19T12:18:40.322216
45917,,-60,37,242,3206,70512,60308,123486,0,99,0,0,0,14:33:5C:6D:AF:58,1,1,ARMED,60,0,1,80:02:9C:61:97:4B,11,149,2796.9,80:02:9C:61:97:4A,0,0,NONE,2026-08-19T12:18:40.350216
45917,,-53,44,250,2194,70484,60308,123494,0,99,0,0,0,14:33:5C:6D:AF:58,1,1,ARMED,60,0,0,80:02:9C:61:97:4B,11,199,3276.9,80:02:9C:61:97:4A,0,0,NONE,2026-08-19T12:18:40.358216
45917,,-53,44,0,2223,70512,60308,123528,0,99,0,0,0,14:33:5C:6D:AF:58,1,1,ARMED,60,0,1,80:02:9C:61:97:4B,11,249,2617.7,80:02:9C:61:97:4A,0,0,NONE,2026-08-19T12:18:40.392216
45917,MGMT_OTHER,44,44,0,0,70512,60308,123547,0,99,0,0,0,14:33:5C:6D:AF:58,1,1,ARMED,60,0,0,80:02:9C:61:97:4B,11,30,2221.4,80:02:9C:61:97:4A,0,0,NONE,2026-08-19T12:18:40.411216
45917,,-53,44,250,2276,70512,60308,123567,0,99,0,0,0,14:33:5C:6D:AF:58,1,1,ARMED,60,0,0,80:02:9C:61:97:4B,11,80,2374.3,80:02:9C:61:97:4A,0,0,NONE,2026-08-19T12:18:40.431216
45917,,-53,44,250,3749,70512,60308,123581,0,99,0,0,0,14:33:5C:6D:AF:58,1,1,ARMED,60,0,1,80:02:9C:61:97:4B,11,130,2694.6,80:02:9C:61:97:4A,0,0,NONE,2026-08-19T12:18:40.445216
45917,,-53,44,250,2360,70512,60308,123602,0,99,0,0,0,14:33:5C:6D:AF:58,1,1,ARMED,60,0,0,80:02:9C:61:97:4B,11,180,2630,80:02:9C:61:97:4A,0,0,NONE,2026-08-19T12:18:40.466216
45917,,-53,44,266,2392,70512,60308,123614,0,99,0,0,0,14:33:5C:6D:AF:58,1,1,ARMED,60,0,0,80:02:9C:61:97:4B,11,230,2852,80:02:9C:61:97:4A,0,0,NONE,2026-08-19T12:18:40.478216
45917,,-53,44,250,2435,70512,60308,123642,0,99,0,0,0,14:33:5C:6D:AF:58,1,1,ARMED,60,0,0,80:02:9C:61:97:4B,11,7,760,80:02:9C:61:97:4A,0,0,NONE,2026-08-19T12:18:40.506216
45917,,-53,44,250,2470,70512,60308,123680,0,99,0,0,0,14:33:5C:6D:AF:58,1,1,ARMED,60,0,0,80:02:9C:61:97:4B,11,57,1226.4,80:02:9C:61:97:4A,0,0,NONE,2026-08-19T12:18:40.544216
45917,,-53,44,250,2515,70512,60308,123709,0,99,0,0,0,14:33:5C:6D:AF:58,1,1,ARMED,60,0,0,80:02:9C:61:97:4B,11,107,1418.1,80:02:9C:61:97:4A,0,0,NONE,2026-08-19T12:18:40.573216
45917,,-86,11,0,331,70512,60308,123823,0,99,0,0,0,14:33:5C:6D:AF:58,1,1,ARMED,60,0,1,80:02:9C:61:97:4B,11,18,200.5,80:02:9C:61:97:4A,0,0,NONE,2026-08-19T12:18:40.687216
45917,,-64,33,0,3657,70512,60308,124503,0,99,0,0,0,14:33:5C:6D:AF:58,0,0,ARMED,60,0,1,80:02:9C:61:97:4B,11,6,143.1,80:02:9C:61:97:4A,0,0,NONE,2026-08-19T12:18:41.367216
45917,BEACON,-95,2,0,2741,70512,60308,124897,0,99,0,0,0,14:33:5C:6D:AF:58,0,0,ARMED,60,0,1,80:02:9C:61:97:4B,11,3,107,80:02:9C:61:97:4A,0,0,NONE,2026-08-19T12:18:41.761216
45917,MGMT_OTHER,-86,11,276,15,70512,60308,124976,0,99,0,0,0,14:33:5C:6D:AF:58,0,1,ARMED,60,0,0,80:02:9C:61:97:4B,11,4,2024.3,80:02:9C:61:97:4A,0,0,NONE,2026-08-19T12:18:41.840216
45917,MGMT_OTHER,35,35,0,0,70512,60308,125193,0,99,0,0,0,14:33:5C:6D:AF:58,1,0,ARMED,60,0,0,80:02:9C:61:97:4B,11,4,257.5,80:02:9C:61:97:4A,0,0,NONE,2026-08-19T12:18:42.057216
45917,BEACON,-95,2,0,2750,70512,60308,125819,0,99,0,0,0,14:33:5C:6D:AF:58,0,0,ARMED,60,0,1,80:02:9C:61:97:4B,11,1,39.5,80:02:9C:61:97:4A,0,0,NONE,2026-08-19T12:18:42.683216
45917,BEACON,-81,16,0,3608,70512,60308,126060,0,99,0,0,0,14:33:5C:6D:AF:58,0,1,ARMED,60,0,1,80:02:9C:61:97:4B,11,3,48.4,80:02:9C:61:97:4A,0,0,NONE,2026-08-19T12:18:42.924216
45917,BEACON,-83,14,0,747,70512,60308,126510,0,99,0,0,0,14:33:5C:6D:AF:58,0,0,ARMED,60,0,1,80:02:9C:61:97:4B,11,1,329.2,80:02:9C:61:97:4A,0,0,NONE,2026-08-19T12:18:43.374216
45917,MGMT_OTHER,43,43,0,0,70512,60308,126725,0,99,0,0,0,14:33:5C:6D:AF:58,1,1,ARMED,60,0,1,80:02:9C:61:97:4B,11,2,196.3,80:02:9C:61:97:4A,0,0,NONE,2026-08-19T12:18:43.589216
45917,PROBE_RESP,-94,3,0,4077,70512,60308,127170,0,99,0,0,0,14:33:5C:6D:AF:58,0,0,ARMED,60,0,1,80:02:9C:61:97:4B,11,5,110.9,80:02:9C:61:97:4A,0,0,NONE,2026-08-19T12:18:44.034216
45917,MGMT_OTHER,34,34,0,0,70512,60308,127983,0,99,0,0,0,14:33:5C:6D:AF:58,0,0,ARMED,60,0,0,80:02:9C:61:97:4B,11,7,173.1,80:02:9C:61:97:4A,0,0,NONE,2026-08-19T12:18:44.847216
45917,MGMT_OTHER,35,35,0,0,70512,60308,128382,0,99,0,0,0,14:33:5C:6D:AF:58,0,0,ARMED,60,0,0,80:02:9C:61:97:4B,11,3,102.6,80:02:9C:61:97:4A,0,0,NONE,2026-08-19T12:18:45.246216
45917,BEACON,-83,14,0,769,70512,60308,128763,0,99,0,0,0,14:33:5C:6D:AF:58,0,0,ARMED,60,0,1,80:02:9C:61:97:4B,11,19,185.8,80:02:9C:61:97:4A,0,0,NONE,2026-08-19T12:18:45.627216
45917,MGMT_OTHER,43,43,0,0,70512,60308,128892,0,99,0,0,0,14:33:5C:6D:AF:58,0,0,ARMED,60,0,0,80:02:9C:61:97:4B,11,31,1149.5,80:02:9C:61:97:4A,0,0,NONE,2026-08-19T12:18:45.756216
45917,MGMT_OTHER,43,43,0,0,70512,60308,128984,0,99,0,0,0,14:33:5C:6D:AF:58,0,1,ARMED,60,0,0,80:02:9C:61:97:4B,11,4,253.8,80:02:9C:61:97:4A,0,0,NONE,2026-08-19T12:18:45.848216
45917,,-54,43,329,2163,70512,60308,129293,0,99,0,0,0,14:33:5C:6D:AF:58,0,0,ARMED,60,0,1,80:02:9C:61:97:4B,11,13,728.2,80:02:9C:61:97:4A,0,0,NONE,2026-08-19T12:18:46.157216
45917,MGMT_OTHER,35,35,0,0,70512,60308,129522,0,99,0,0,0,14:33:5C:6D:AF:58,0,0,ARMED,60,0,0,80:02:9C:61:97:4B,11,8,184.4,80:02:9C:61:97:4A,0,0,NONE,2026-08-19T12:18:46.386216
45917,PROBE_RESP,-83,14,0,3607,70512,60308,129833,0,99,0,0,0,14:33:5C:6D:AF:58,0,0,ARMED,60,0,1,80:02:9C:61:97:4B,11,12,262.6,80:02:9C:61:97:4A,0,0,NONE,2026-08-19T12:18:46.697216
45917,,-60,37,0,2003,70512,60308,130296,0,99,0,0,0,14:33:5C:6D:AF:58,0,0,ARMED,60,0,1,80:02:9C:61:97:4B,11,24,240.8,80:02:9C:61:97:4A,0,0,NONE,2026-08-19T12:18:47.160216
45917,PROBE_REQ,-92,5,0,19,70512,60308,130960,0,99,0,0,0,14:33:5C:6D:AF:58,0,0,ARMED,60,0,1,80:02:9C:61:97:4B,11,5,345.2,80:02:9C:61:97:4A,0,0,NONE,2026-08-19T12:18:47.824216
45917,,-54,43,38396,2192,70512,60308,131766,0,99,0,0,0,14:33:5C:6D:AF:58,0,0,ARMED,60,0,1,80:02:9C:61:97:4B,11,1,982.3,80:02:9C:61:97:4A,0,0,NONE,2026-08-19T12:18:48.630216
45917,,-53,44,250,2546,70512,60308,131934,0,99,0,0,0,14:33:5C:6D:AF:58,0,0,ARMED,60,0,0,80:02:9C:61:97:4B,11,24,356.6,80:02:9C:61:97:4A,0,0,NONE,2026-08-19T12:18:48.798216
45917,,-53,44,0,2579,70512,60308,131954,0,99,0,0,0,14:33:5C:6D:AF:58,0,0,ARMED,60,0,1,80:02:9C:61:97:4B,11,74,849,80:02:9C:61:97:4A,0,0,NONE,2026-08-19T12:18:48.818216
45917,,-53,44,250,2617,69072,60308,131975,0,99,0,0,0,14:33:5C:6D:AF:58,0,1,ARMED,60,0,0,80:02:9C:61:97:4B,11,49,9701,80:02:9C:61:97:4A,0,0,NONE,2026-08-19T12:18:48.839216
45917,,-52,45,250,2655,70512,60308,131987,0,99,0,0,0,14:33:5C:6D:AF:58,0,1,ARMED,60,0,0,80:02:9C:61:97:4B,11,99,5769.2,80:02:9C:61:97:4A,0,0,NONE,2026-08-19T12:18:48.851216
45917,,-53,44,250,2688,70484,60308,132007,0,99,0,0,0,14:33:5C:6D:AF:58,0,1,ARMED,60,0,0,80:02:9C:61:97:4B,11,149,3996.2,80:02:9C:61:97:4A,0,0,NONE,2026-08-19T12:18:48.871216
45917,,-53,44,250,2732,69868,60308,132018,0,99,0,0,0,14:33:5C:6D:AF:58,0,1,ARMED,60,0,0,80:02:9C:61:97:4B,11,199,4072.4,80:02:9C:61:97:4A,0,0,NONE,2026-08-19T12:18:48.882216
45917,,-53,44,249,2770,70512,60308,132077,0,99,0,0,0,14:33:5C:6D:AF:58,1,1,ARMED,60,0,0,80:02:9C:61:97:4B,11,20,2888.5,80:02:9C:61:97:4A,0,0,NONE,2026-08-19T12:18:48.941216
45917,,-72,25,159,3765,69860,60308,132090,0,99,0,0,0,14:33:5C:6D:AF:58,1,1,ARMED,60,0,0,80:02:9C:61:97:4B,11,70,3393.8,80:02:9C:61:97:4A,0,0,NONE,2026-08-19T12:18:48.954216
45917,,-53,44,196,2847,70504,60308,132120,0,99,0,0,0,14:33:5C:6D:AF:58,1,1,ARMED,60,0,1,80:02:9C:61:97:4B,11,120,2411.8,80:02:9C:61:97:4A,0,0,NONE,2026-08-19T12:18:48.984216
45917,,-53,44,250,2889,69860,60308,132130,0,99,0,0,0,14:33:5C:6D:AF:58,1,1,ARMED,60,0,0,80:02:9C:61:97:4B,11,170,2819.9,80:02:9C:61:97:4A,0,0,NONE,2026-08-19T12:18:48.994216
45917,,-53,44,249,2920,70484,60308,132150,0,99,0,0,0,14:33:5C:6D:AF:58,1,1,ARMED,60,0,0,80:02:9C:61:97:4B,11,220,2735.6,80:02:9C:61:97:4A,0,0,NONE,2026-08-19T12:18:49.014216
45917,,-74,23,409,3799,70504,60308,132173,0,99,0,0,0,14:33:5C:6D:AF:58,1,1,ARMED,60,0,1,80:02:9C:61:97:4B,11,270,2689.8,80:02:9C:61:97:4A,0,0,NONE,2026-08-19T12:18:49.037216
45917,,-53,44,249,2986,69072,60308,132202,0,99,0,0,0,14:33:5C:6D:AF:58,1,1,ARMED,60,0,0,80:02:9C:61:97:4B,11,50,1598.9,80:02:9C:61:97:4A,0,0,NONE,2026-08-19T12:18:49.066216
45917,,-74,23,2910,3819,69480,60308,132209,0,99,0,0,0,14:33:5C:6D:AF:58,1,1,ARMED,60,0,1,80:02:9C:61:97:4B,11,100,2602,80:02:9C:61:97:4A,0,0,NONE,2026-08-19T12:18:49.073216
45917,,-53,44,250,3046,70504,60308,132229,0,99,0,0,0,14:33:5C:6D:AF:58,1,1,ARMED,60,0,0,80:02:9C:61:97:4B,11,150,2565.9,80:02:9C:61:97:4A,0,0,NONE,2026-08-19T12:18:49.093216
45917,,-53,44,368,3078,70504,60308,132241,0,99,0,0,0,14:33:5C:6D:AF:58,1,1,ARMED,60,0,0,80:02:9C:61:97:4B,11,200,2808.6,80:02:9C:61:97:4A,0,0,NONE,2026-08-19T12:18:49.105216
45917,,-90,7,0,352,70504,60308,132265,0,99,0,0,0,14:33:5C:6D:AF:58,1,1,ARMED,60,0,0,80:02:9C:61:97:4B,11,250,2628.3,80:02:9C:61:97:4A,0,0,NONE,2026-08-19T12:18:49.129216
45917,,-53,44,420,3137,70504,60308,132354,0,99,0,0,0,14:33:5C:6D:AF:58,1,1,ARMED,60,0,0,80:02:9C:61:97:4B,11,47,567.2,80:02:9C:61:97:4A,0,0,NONE,2026-08-19T12:18:49.218216
45917,,-53,44,267,3160,69072,60308,132396,0,99,0,0,0,14:33:5C:6D:AF:58,1,1,ARMED,60,0,0,80:02:9C:61:97:4B,11,49,2856.5,80:02:9C:61:97:4A,0,0,NONE,2026-08-19T12:18:49.260216
45917,,-72,25,400,3866,70504,60308,132403,0,99,0,0,0,14:33:5C:6D:AF:58,1,1,ARMED,60,0,1,80:02:9C:61:97:4B,11,99,4087.7,80:02:9C:61:97:4A,0,0,NONE,2026-08-19T12:18:49.267216
45917,,-53,44,267,3255,69072,60308,132423,0,99,0,0,0,14:33:5C:6D:AF:58,1,1,ARMED,60,0,1,80:02:9C:61:97:4B,11,149,3360.9,80:02:9C:61:97:4A,0,0,NONE,2026-08-19T12:18:49.287216
45917,,-53,44,267,3299,70484,60308,132430,0,99,0,0,0,14:33:5C:6D:AF:58,1,1,ARMED,60,0,0,80:02:9C:61:97:4B,11,199,3871.1,80:02:9C:61:97:4A,0,0,NONE,2026-08-19T12:18:49.294216
45917,,-53,44,0,3342,70504,60308,132450,0,99,0,0,0,14:33:5C:6D:AF:58,1,1,ARMED,60,0,1,80:02:9C:61:97:4B,11,249,3485,80:02:9C:61:97:4A,0,0,NONE,2026-08-19T12:18:49.314216
45917,,-53,44,0,3377,70504,60308,132461,0,99,0,0,0,14:33:5C:6D:AF:58,1,1,ARMED,60,0,1,80:02:9C:61:97:4B,11,299,3651.5,80:02:9C:61:97:4A,0,0,NONE,2026-08-19T12:18:49.325216
45917,,-72,25,13688,3441,70504,60308,132577,0,99,0,0,0,14:33:5C:6D:AF:58,0,0,ARMED,60,0,0,80:02:9C:61:97:4B,11,19,192.5,80:02:9C:61:97:4A,0,0,NONE,2026-08-19T12:18:49.441216
45917,,-53,44,267,3449,70504,60308,132594,0,99,0,0,0,14:33:5C:6D:AF:58,0,0,ARMED,60,0,0,80:02:9C:61:97:4B,11,49,3476.2,80:02:9C:61:97:4A,0,0,NONE,2026-08-19T12:18:49.458216
45917,,-53,44,266,3492,69072,60308,132614,0,99,0,0,0,14:33:5C:6D:AF:58,0,0,ARMED,60,0,0,80:02:9C:61:97:4B,11,99,2878.8,80:02:9C:61:97:4A,0,0,NONE,2026-08-19T12:18:49.478216
45917,,-53,44,195,3531,70504,60308,132628,0,99,0,0,0,14:33:5C:6D:AF:58,0,0,ARMED,60,0,1,80:02:9C:61:97:4B,11,149,3061.6,80:02:9C:61:97:4A,0,0,NONE,2026-08-19T12:18:49.492216
45917,,-53,44,267,3568,70484,60308,132657,0,99,0,0,0,14:33:5C:6D:AF:58,0,0,ARMED,60,0,0,80:02:9C:61:97:4B,11,199,2562.1,80:02:9C:61:97:4A,0,0,NONE,2026-08-19T12:18:49.521216
45917,,-53,44,267,3612,68428,60308,132665,0,99,0,0,0,14:33:5C:6D:AF:58,0,0,ARMED,60,0,0,80:02:9C:61:97:4B,11,249,2927.1,80:02:9C:61:97:4A,0,0,NONE,2026-08-19T12:18:49.529216
45917,,-53,44,267,3646,70504,60308,132697,0,99,0,0,0,14:33:5C:6D:AF:58,1,1,ARMED,60,0,0,80:02:9C:61:97:4B,11,49,2829.6,80:02:9C:61:97:4A,0,0,NONE,2026-08-19T12:18:49.561216
45917,,-53,44,266,3680,70504,60308,132717,0,99,0,0,0,14:33:5C:6D:AF:58,1,1,ARMED,60,0,0,80:02:9C:61:97:4B,11,99,2644.5,80:02:9C:61:97:4A,0,0,NONE,2026-08-19T12:18:49.581216
45917,,-53,44,0,3413,70504,60308,132785,0,99,0,0,0,14:33:5C:6D:AF:58,1,1,ARMED,60,0,1,80:02:9C:61:97:4B,11,10,3129.9,80:02:9C:61:97:4A,0,0,NONE,2026-08-19T12:18:49.649216
45917,,-54,43,482,2229,70512,60308,133295,0,99,0,0,0,14:33:5C:6D:AF:58,0,0,ARMED,60,0,0,80:02:9C:61:97:4B,11,1,1000,80:02:9C:61:97:4A,0,0,NONE,2026-08-19T12:18:50.159216
45917,,-91,6,1969,6,70484,60308,133498,0,99,0,0,0,14:33:5C:6D:AF:58,0,0,ARMED,60,0,1,80:02:9C:61:97:4B,11,31,326.3,80:02:9C:61:97:4A,0,0,NONE,2026-08-19T12:18:50.362216
45917,MGMT_OTHER,-85,12,12315,624,70512,60308,133658,0,99,0,0,0,14:33:5C:6D:AF:58,1,1,ARMED,60,0,1,80:02:9C:61:97:4B,11,22,441.1,80:02:9C:61:97:4A,0,0,NONE,2026-08-19T12:18:50.522216
45917,MGMT_OTHER,-87,10,125,4,70428,60308,133870,0,99,0,0,0,14:33:5C:6D:AF:58,1,0,ARMED,60,0,0,80:02:9C:61:97:4B,11,20,346.9,80:02:9C:61:97:4A,0,0,NONE,2026-08-19T12:18:50.734216
45917,DEAUTH,-87,10,124,12,70512,60308,133897,0,99,0,0,0,14:33:5C:6D:AF:58,1,0,ARMED,60,0,0,80:02:9C:61:97:4B,11,70,830.9,80:02:9C:61:97:4A,0,0,NONE,2026-08-19T12:18:50.761216
45917,DEAUTH,-86,11,125,10,70512,60308,133938,0,99,0,0,0,14:33:5C:6D:AF:58,1,1,ARMED,60,0,0,80:02:9C:61:97:4B,11,49,2842.2,80:02:9C:61:97:4A,0,0,NONE,2026-08-19T12:18:50.802216
45917,BEACON,-87,10,241,15,70512,60308,133945,0,99,0,0,0,14:33:5C:6D:AF:58,1,1,ARMED,60,0,0,80:02:9C:61:97:4B,11,99,4062.4,80:02:9C:61:97:4A,0,0,NONE,2026-08-19T12:18:50.809216
45917,BEACON,-87,10,1796,1,69868,60308,133965,0,99,0,0,0,14:33:5C:6D:AF:58,1,1,ARMED,60,0,1,80:02:9C:61:97:4B,11,149,3354,80:02:9C:61:97:4A,0,0,NONE,2026-08-19T12:18:50.829216
45917,PROBE_REQ,-87,10,994,9,70428,60308,134031,0,99,0,0,0,14:33:5C:6D:AF:58,1,1,ARMED,60,0,0,80:02:9C:61:97:4B,11,4,416.7,80:02:9C:61:97:4A,0,0,NONE,2026-08-19T12:18:50.895216
45917,MGMT_OTHER,-86,11,1961,2212,70512,60308,134094,0,99,0,0,0,14:33:5C:6D:AF:58,1,1,ARMED,60,0,1,80:02:9C:61:97:4B,11,54,745.2,80:02:9C:61:97:4A,0,0,NONE,2026-08-19T12:18:50.958216
45917,MGMT_OTHER,-84,13,1961,1799,70512,60308,134168,0,99,0,0,0,14:33:5C:6D:AF:58,1,1,ARMED,60,0,1,80:02:9C:61:97:4B,11,34,744.7,80:02:9C:61:97:4A,0,0,NONE,2026-08-19T12:18:51.032216
45917,,-53,44,635,1107,70512,60308,134253,0,99,0,0,0,14:33:5C:6D:AF:58,1,1,ARMED,60,0,0,80:02:9C:61:97:4B,11,19,646.6,80:02:9C:61:97:4A,0,0,NONE,2026-08-19T12:18:51.117216
45917,BEACON,-82,15,0,3695,70512,60308,134559,0,99,0,0,0,14:33:5C:6D:AF:58,0,0,ARMED,60,0,1,80:02:9C:61:97:4B,11,3,93.3,80:02:9C:61:97:4A,0,0,NONE,2026-08-19T12:18:51.423216
45917,,-52,45,843,3441,70512,60308,135219,0,99,0,0,0,14:33:5C:6D:AF:58,0,0,ARMED,60,0,0,80:02:9C:61:97:4B,11,12,159.4,80:02:9C:61:97:4A,0,0,NONE,2026-08-19T12:18:52.083216
45917,,-54,43,0,778,70512,60308,135776,0,99,0,0,0,14:33:5C:6D:AF:58,0,0,ARMED,60,0,0,80:02:9C:61:97:4B,11,4,207,80:02:9C:61:97:4A,0,0,NONE,2026-08-19T12:18:52.640216
45917,,-55,42,0,783,70512,60308,135826,0,99,0,0,0,14:33:5C:6D:AF:58,0,0,ARMED,60,0,0,80:02:9C:61:97:4B,11,54,772.1,80:02:9C:61:97:4A,0,0,NONE,2026-08-19T12:18:52.690216
45917,BEACON,-81,16,0,3710,70512,60308,136095,0,99,0,0,0,14:33:5C:6D:AF:58,0,0,ARMED,60,0,1,80:02:9C:61:97:4B,11,2,67,80:02:9C:61:97:4A,0,0,NONE,2026-08-19T12:18:52.959216
45917,DEAUTH,-87,10,125,7,70512,60308,136190,0,99,0,0,0,14:33:5C:6D:AF:58,0,0,ARMED,60,0,0,80:02:9C:61:97:4B,11,35,1603.3,80:02:9C:61:97:4A,0,0,NONE,2026-08-19T12:18:53.054216
45917,DEAUTH,-86,11,349,13,70512,60308,136240,0,99,0,0,0,14:33:5C:6D:AF:58,0,0,ARMED,60,0,1,80:02:9C:61:97:4B,11,85,1172,80:02:9C:61:97:4A,0,0,NONE,2026-08-19T12:18:53.104216
45917,MGMT_OTHER,-85,12,2432,831,70512,60308,136303,0,99,0,0,0,14:33:5C:6D:AF:58,1,1,ARMED,60,0,1,80:02:9C:61:97:4B,11,15,437.1,80:02:9C:61:97:4A,0,0,NONE,2026-08-19T12:18:53.167216
45917,BEACON,-53,44,74,792,70512,60308,136373,0,99,0,0,0,14:33:5C:6D:AF:58,1,1,ARMED,60,0,1,80:02:9C:61:97:4B,11,3,820.6,80:02:9C:61:97:4A,0,0,NONE,2026-08-19T12:18:53.237216
45917,BEACON,-85,12,1703,2,70428,60308,136436,0,99,0,0,0,14:33:5C:6D:AF:58,1,1,ARMED,60,0,1,80:02:9C:61:97:4B,11,53,797.6,80:02:9C:61:97:4A,0,0,NONE,2026-08-19T12:18:53.300216
45917,DEAUTH,-87,10,1208,12,70428,60308,136489,0,99,0,0,0,14:33:5C:6D:AF:58,1,1,ARMED,60,0,1,80:02:9C:61:97:4B,11,14,771,80:02:9C:61:97:4A,0,0,NONE,2026-08-19T12:18:53.353216
45917,MGMT_OTHER,-90,7,48,3188,70512,60308,136541,0,99,0,0,0,14:33:5C:6D:AF:58,1,1,ARMED,60,0,1,80:02:9C:61:97:4B,11,64,918,80:02:9C:61:97:4A,0,0,NONE,2026-08-19T12:18:53.405216
45917,MGMT_OTHER,-90,7,8137,3224,70512,60308,136602,0,99,0,0,0,14:33:5C:6D:AF:58,1,1,ARMED,60,0,1,80:02:9C:61:97:4B,11,22,701.4,80:02:9C:61:97:4A,0,0,NONE,2026-08-19T12:18:53.466216
45917,MGMT_OTHER,-87,10,4595,906,70512,60308,136648,0,99,0,0,0,14:33:5C:6D:AF:58,1,1,ARMED,60,0,0,80:02:9C:61:97:4B,11,72,939.8,80:02:9C:61:97:4A,0,0,NONE,2026-08-19T12:18:53.512216
45917,MGMT_OTHER,-87,10,1961,1560,70512,60308,136707,0,99,0,0,0,14:33:5C:6D:AF:58,1,1,ARMED,60,0,1,80:02:9C:61:97:4B,11,28,823.7,80:02:9C:61:97:4A,0,0,NONE,2026-08-19T12:18:53.571216
45917,MGMT_OTHER,-86,11,1831,1329,70512,60308,136776,0,99,0,0,0,14:33:5C:6D:AF:58,1,1,ARMED,60,0,1,80:02:9C:61:97:4B,11,78,776.2,80:02:9C:61:97:4A,0,0,NONE,2026-08-19T12:18:53.640216
45917,DEAUTH,-87,10,124,0,70512,60308,136815,0,99,0,0,0,14:33:5C:6D:AF:58,1,1,ARMED,60,0,0,80:02:9C:61:97:4B,11,50,1203.2,80:02:9C:61:97:4A,0,0,NONE,2026-08-19T12:18:53.679216
45917,MGMT_OTHER,-85,12,1961,1259,70512,60308,136870,0,99,0,0,0,14:33:5C:6D:AF:58,1,1,ARMED,60,0,1,80:02:9C:61:97:4B,11,100,1033.4,80:02:9C:61:97:4A,0,0,NONE,2026-08-19T12:18:53.734216
45917,DEAUTH,-86,11,342,11,70512,60308,136918,0,99,0,0,0,14:33:5C:6D:AF:58,1,1,ARMED,60,0,0,80:02:9C:61:97:4B,11,49,1105.8,80:02:9C:61:97:4A,0,0,NONE,2026-08-19T12:18:53.782216
45917,,-74,23,23459,1986,70512,60308,136982,0,99,0,0,0,14:33:5C:6D:AF:58,1,1,ARMED,60,0,1,80:02:9C:61:97:4B,11,1,448.6,80:02:9C:61:97:4A,0,0,NONE,2026-08-19T12:18:53.846216
45917,BEACON,-84,13,0,854,70512,60308,137467,0,99,0,0,0,14:33:5C:6D:AF:58,0,0,ARMED,60,0,1,80:02:9C:61:97:4B,11,11,142.3,80:02:9C:61:97:4A,0,0,NONE,2026-08-19T12:18:54.331216
45917,MGMT_OTHER,-87,10,142,1595,70512,60308,137765,0,99,0,0,0,14:33:5C:6D:AF:58,1,0,ARMED,60,0,1,80:02:9C:61:97:4B,11,13,201.8,80:02:9C:61:97:4A,0,0,NONE,2026-08-19T12:18:54.629216
45917,MGMT_OTHER,43,43,0,0,70512,60308,138176,0,99,0,0,0,14:33:5C:6D:AF:58,0,0,ARMED,60,0,0,80:02:9C:61:97:4B,11,5,80.1,80:02:9C:61:97:4A,0,0,NONE,2026-08-19T12:18:55.040216
45917,BEACON,-95,2,0,2876,70512,60308,138721,0,99,0,0,0,14:33:5C:6D:AF:58,0,0,ARMED,60,0,1,80:02:9C:61:97:4B,11,20,208,80:02:9C:61:97:4A,0,0,NONE,2026-08-19T12:18:55.585216
45917,BEACON,-84,13,0,872,70512,60308,139310,0,99,0,0,0,14:33:5C:6D:AF:58,0,0,ARMED,60,0,1,80:02:9C:61:97:4B,11,4,56.8,80:02:9C:61:97:4A,0,0,NONE,2026-08-19T12:18:56.174216
45917,MGMT_OTHER,44,44,0,0,70512,60308,139707,0,99,0,0,0,14:33:5C:6D:AF:58,0,0,ARMED,60,0,1,80:02:9C:61:97:4B,11,24,413.8,80:02:9C:61:97:4A,0,0,NONE,2026-08-19T12:18:56.571216
45917,MGMT_OTHER,43,43,0,0,70512,60308,139934,0,99,0,0,0,14:33:5C:6D:AF:58,0,0,ARMED,60,0,0,80:02:9C:61:97:4B,11,5,62.8,80:02:9C:61:97:4A,0,0,NONE,2026-08-19T12:18:56.798216
45917,,-61,36,157,3240,70512,60308,140256,0,99,0,0,0,14:33:5C:6D:AF:58,0,0,ARMED,60,0,0,80:02:9C:61:97:4B,11,18,189.4,80:02:9C:61:97:4A,0,0,NONE,2026-08-19T12:18:57.120216
45917,MGMT_OTHER,44,44,0,0,70512,60308,140646,0,99,0,0,0,14:33:5C:6D:AF:58,0,0,ARMED,60,0,0,80:02:9C:61:97:4B,11,9,119.6,80:02:9C:61:97:4A,0,0,NONE,2026-08-19T12:18:57.510216
45917,BEACON,-84,13,0,890,70512,60308,141153,0,99,0,0,0,14:33:5C:6D:AF:58,0,0,ARMED,60,0,1,80:02:9C:61:97:4B,11,15,213.3,80:02:9C:61:97:4A,0,0,NONE,2026-08-19T12:18:58.017216
45917,MGMT_OTHER,43,43,0,0,70512,60308,141793,0,99,0,0,0,14:33:5C:6D:AF:58,0,0,ARMED,60,0,1,80:02:9C:61:97:4B,11,5,52.3,80:02:9C:61:97:4A,0,0,NONE,2026-08-19T12:18:58.657216
45917,,-72,25,648,3513,70512,60308,142104,0,99,0,0,0,14:33:5C:6D:AF:58,0,0,ARMED,60,0,0,80:02:9C:61:97:4B,11,13,186.1,80:02:9C:61:97:4A,0,0,NONE,2026-08-19T12:18:58.968216
45917,BEACON,-53,44,0,865,70512,60308,142721,0,99,0,0,0,14:33:5C:6D:AF:58,0,0,ARMED,60,0,1,80:02:9C:61:97:4B,11,4,60.8,80:02:9C:61:97:4A,0,0,NONE,2026-08-19T12:18:59.585216
45917,BEACON,-82,15,0,908,70512,60308,142997,0,99,0,0,0,14:33:5C:6D:AF:58,0,0,ARMED,60,0,1,80:02:9C:61:97:4B,11,20,176.4,80:02:9C:61:97:4A,0,0,NONE,2026-08-19T12:18:59.861216
45917,MGMT_OTHER,42,42,0,0,70512,60308,143195,0,99,0,0,0,14:33:5C:6D:AF:58,0,0,ARMED,60,0,0,80:02:9C:61:97:4B,11,37,383.8,80:02:9C:61:97:4A,0,0,NONE,2026-08-19T12:19:00.059216
45917,MGMT_OTHER,43,43,0,0,70512,60308,143395,0,99,0,0,0,14:33:5C:6D:AF:58,0,1,ARMED,60,0,1,80:02:9C:61:97:4B,11,3,45.3,80:02:9C:61:97:4A,0,0,NONE,2026-08-19T12:19:00.259216
45917,BEACON,-92,5,0,2927,70512,60308,143949,0,99,0,0,0,14:33:5C:6D:AF:58,0,0,ARMED,60,0,1,80:02:9C:61:97:4B,11,1,236.7,80:02:9C:61:97:4A,0,0,NONE,2026-08-19T12:19:00.813216
45917,,-59,38,175,3248,70512,60308,144470,0,99,0,0,0,14:33:5C:6D:AF:58,0,0,ARMED,60,0,0,80:02:9C:61:97:4B,11,15,1524.2,80:02:9C:61:97:4A,0,0,NONE,2026-08-19T12:19:01.334216
45917,,-53,44,0,3734,70512,60308,144539,0,99,0,0,0,14:33:5C:6D:AF:58,0,0,ARMED,60,0,0,80:02:9C:61:97:4B,11,65,824.8,80:02:9C:61:97:4A,0,0,NONE,2026-08-19T12:19:01.403216
45917,,-72,25,0,3976,70512,60308,144582,0,99,0,0,0,14:33:5C:6D:AF:58,0,1,ARMED,60,0,0,80:02:9C:61:97:4B,11,31,1435.5,80:02:9C:61:97:4A,0,0,NONE,2026-08-19T12:19:01.446216
45917,,-52,45,0,3861,70512,60308,144609,0,99,0,0,0,14:33:5C:6D:AF:58,0,1,ARMED,60,0,0,80:02:9C:61:97:4B,11,81,1655.2,80:02:9C:61:97:4A,0,0,NONE,2026-08-19T12:19:01.473216
45917,,-52,45,509,3900,70512,60308,144630,0,99,0,0,0,14:33:5C:6D:AF:58,0,1,ARMED,60,0,0,80:02:9C:61:97:4B,11,131,1882.8,80:02:9C:61:97:4A,0,0,NONE,2026-08-19T12:19:01.494216
45917,,-52,45,0,3974,70512,60308,144650,0,99,0,0,0,14:33:5C:6D:AF:58,0,1,ARMED,60,0,0,80:02:9C:61:97:4B,11,181,2006.1,80:02:9C:61:97:4A,0,0,NONE,2026-08-19T12:19:01.514216
45917,,-52,45,383,4008,70512,60308,144707,0,99,0,0,0,14:33:5C:6D:AF:58,0,1,ARMED,60,0,0,80:02:9C:61:97:4B,11,49,1524.1,80:02:9C:61:97:4A,0,0,NONE,2026-08-19T12:19:01.571216
45917,,-52,45,0,4086,70512,60308,144726,0,99,0,0,0,14:33:5C:6D:AF:58,0,1,ARMED,60,0,0,80:02:9C:61:97:4B,11,99,1935.7,80:02:9C:61:97:4A,0,0,NONE,2026-08-19T12:19:01.590216
45917,,-53,44,384,24,70512,60308,144757,0,99,0,0,0,14:33:5C:6D:AF:58,0,1,ARMED,60,0,0,80:02:9C:61:97:4B,11,149,1816.6,80:02:9C:61:97:4A,0,0,NONE,2026-08-19T12:19:01.621216
45917,,-53,44,0,59,70512,60308,144786,0,99,0,0,0,14:33:5C:6D:AF:58,1,1,ARMED,60,0,0,80:02:9C:61:97:4B,11,21,2549.2,80:02:9C:61:97:4A,0,0,NONE,2026-08-19T12:19:01.650216
45917,MGMT_OTHER,-53,44,0,890,70512,60308,144831,0,99,0,0,0,14:33:5C:6D:AF:58,1,1,ARMED,60,0,0,80:02:9C:61:97:4B,11,71,1350.2,80:02:9C:61:97:4A,0,0,NONE,2026-08-19T12:19:01.695216
45917,,-72,25,3374,3539,70472,60308,144910,0,99,0,0,0,14:33:5C:6D:AF:58,1,1,ARMED,60,0,1,80:02:9C:61:97:4B,11,49,2244.9,80:02:9C:61:97:4A,0,0,NONE,2026-08-19T12:19:01.774216
45917,,-53,44,383,74,70472,60308,144951,0,99,0,0,0,14:33:5C:6D:AF:58,1,1,ARMED,60,0,0,80:02:9C:61:97:4B,11,99,1583.1,80:02:9C:61:97:4A,0,0,NONE,2026-08-19T12:19:01.815216
45917,MGMT_OTHER,32,32,0,0,70472,60308,145028,0,99,0,0,0,14:33:5C:6D:AF:58,1,1,ARMED,60,0,0,80:02:9C:61:97:4B,11,29,855.1,80:02:9C:61:97:4A,0,0,NONE,2026-08-19T12:19:01.892216
45917,,-72,25,4727,2005,70472,60308,145155,0,99,0,0,0,14:33:5C:6D:AF:58,1,1,ARMED,60,0,1,80:02:9C:61:97:4B,11,30,541.7,80:02:9C:61:97:4A,0,0,NONE,2026-08-19T12:19:02.019216
45917,,-56,41,0,89,70472,60308,145233,0,99,0,0,0,14:33:5C:6D:AF:58,0,1,ARMED,60,0,0,80:02:9C:61:97:4B,11,27,853,80:02:9C:61:97:4A,0,0,NONE,2026-08-19T12:19:02.097216
45917,,-56,41,0,136,70472,60308,145249,0,99,0,0,0,14:33:5C:6D:AF:58,0,1,ARMED,60,0,0,80:02:9C:61:97:4B,11,77,1608.8,80:02:9C:61:97:4A,0,0,NONE,2026-08-19T12:19:02.113216
45917,,-56,41,675,120,70472,60308,145276,0,99,0,0,0,14:33:5C:6D:AF:58,0,1,ARMED,60,0,0,80:02:9C:61:97:4B,11,127,1689.1,80:02:9C:61:97:4A,0,0,NONE,2026-08-19T12:19:02.140216
45917,MGMT_OTHER,40,40,0,0,70472,60308,145320,0,99,0,0,0,14:33:5C:6D:AF:58,0,1,ARMED,60,0,1,80:02:9C:61:97:4B,11,13,1045.3,80:02:9C:61:97:4A,0,0,NONE,2026-08-19T12:19:02.184216
45917,,-69,28,316,939,70472,60308,145350,0,99,0,0,0,14:33:5C:6D:AF:58,0,1,ARMED,60,0,1,80:02:9C:61:97:4B,11,63,1499.8,80:02:9C:61:97:4A,0,0,NONE,2026-08-19T12:19:02.214216
45917,,-68,29,1916,942,70472,60308,145375,0,99,0,0,0,14:33:5C:6D:AF:58,0,1,ARMED,60,0,0,80:02:9C:61:97:4B,11,113,1684.2,80:02:9C:61:97:4A,0,0,NONE,2026-08-19T12:19:02.239216
45917,,-55,42,0,187,67476,60308,145432,0,99,0,0,0,14:33:5C:6D:AF:58,0,1,ARMED,60,0,0,80:02:9C:61:97:4B,11,24,995.4,80:02:9C:61:97:4A,0,0,NONE,2026-08-19T12:19:02.296216
45917,,-55,42,0,217,69032,60308,145444,0,99,0,0,0,14:33:5C:6D:AF:58,0,1,ARMED,60,0,0,80:02:9C:61:97:4B,11,74,2034.9,80:02:9C:61:97:4A,0,0,NONE,2026-08-19T12:19:02.308216
45917,,-55,42,0,259,68904,60308,145465,0,99,0,0,0,14:33:5C:6D:AF:58,0,1,ARMED,60,0,0,80:02:9C:61:97:4B,11,124,2194.1,80:02:9C:61:97:4A,0,0,NONE,2026-08-19T12:19:02.329216
45917,,-55,42,1224,309,69828,60308,145475,0,99,0,0,0,14:33:5C:6D:AF:58,0,1,ARMED,60,0,1,80:02:9C:61:97:4B,11,174,2594.7,80:02:9C:61:97:4A,0,0,NONE,2026-08-19T12:19:02.339216
45917,,-55,42,0,331,69184,60308,145504,0,99,0,0,0,14:33:5C:6D:AF:58,0,1,ARMED,60,0,0,80:02:9C:61:97:4B,11,224,2330.9,80:02:9C:61:97:4A,0,0,NONE,2026-08-19T12:19:02.368216
45917,,-55,42,0,396,70472,60308,145527,0,99,0,0,0,14:33:5C:6D:AF:58,1,1,ARMED,60,0,0,80:02:9C:61:97:4B,11,37,2324.6,80:02:9C:61:97:4A,0,0,NONE,2026-08-19T12:19:02.391216
45917,,-70,27,262,3566,70472,60308,145550,0,99,0,0,0,14:33:5C:6D:AF:58,1,1,ARMED,60,0,0,80:02:9C:61:97:4B,11,87,2223.1,80:02:9C:61:97:4A,0,0,NONE,2026-08-19T12:19:02.414216
45917,,-56,41,0,458,70472,60308,145571,0,99,0,0,0,14:33:5C:6D:AF:58,1,1,ARMED,60,0,0,80:02:9C:61:97:4B,11,137,2267.4,80:02:9C:61:97:4A,0,0,NONE,2026-08-19T12:19:02.435216
45917,BEACON,-67,30,2123,950,67624,60308,145591,0,99,0,0,0,14:33:5C:6D:AF:58,1,1,ARMED,60,0,0,80:02:9C:61:97:4B,11,187,2321.8,80:02:9C:61:97:4A,0,0,NONE,2026-08-19T12:19:02.455216
45917,,-56,41,0,570,70472,60308,145608,0,99,0,0,0,14:33:5C:6D:AF:58,1,1,ARMED,60,0,0,80:02:9C:61:97:4B,11,237,2432,80:02:9C:61:97:4A,0,0,NONE,2026-08-19T12:19:02.472216
45917,,-56,41,0,602,67492,60308,145641,0,99,0,0,0,14:33:5C:6D:AF:58,1,1,ARMED,60,0,0,80:02:9C:61:97:4B,11,49,2830.2,80:02:9C:61:97:4A,0,0,NONE,2026-08-19T12:19:02.505216
45917,,-56,41,0,650,66960,60308,145648,0,99,0,0,0,14:33:5C:6D:AF:58,1,1,ARMED,60,0,0,80:02:9C:61:97:4B,11,99,4064,80:02:9C:61:97:4A,0,0,NONE,2026-08-19T12:19:02.512216
45917,,-56,41,631,691,70472,60308,145698,0,99,0,0,0,14:33:5C:6D:AF:58,1,1,ARMED,60,0,0,80:02:9C:61:97:4B,11,149,1999.1,80:02:9C:61:97:4A,0,0,NONE,2026-08-19T12:19:02.562216
45917,,-56,41,0,729,69828,60308,145717,0,99,0,0,0,14:33:5C:6D:AF:58,1,1,ARMED,60,0,0,80:02:9C:61:97:4B,11,199,2117.4,80:02:9C:61:97:4A,0,0,NONE,2026-08-19T12:19:02.581216
45917,,-56,41,0,772,70412,60308,145762,0,99,0,0,0,14:33:5C:6D:AF:58,1,1,ARMED,60,0,0,80:02:9C:61:97:4B,11,49,2828.9,80:02:9C:61:97:4A,0,0,NONE,2026-08-19T12:19:02.626216
45917,,-69,28,0,62,70472,60308,145780,0,99,0,0,0,14:33:5C:6D:AF:58,1,1,ARMED,60,0,0,80:02:9C:61:97:4B,11,99,2860.9,80:02:9C:61:97:4A,0,0,NONE,2026-08-19T12:19:02.644216
45917,,-70,27,255,68,69828,60308,145802,0,99,0,0,0,14:33:5C:6D:AF:58,1,1,ARMED,60,0,1,80:02:9C:61:97:4B,11,149,2604.8,80:02:9C:61:97:4A,0,0,NONE,2026-08-19T12:19:02.666216
45917,,-56,41,0,890,70472,60308,145871,0,99,0,0,0,14:33:5C:6D:AF:58,1,1,ARMED,60,0,0,80:02:9C:61:97:4B,11,41,2919,80:02:9C:61:97:4A,0,0,NONE,2026-08-19T12:19:02.735216
45917,,-56,41,0,936,70472,60308,145891,0,99,0,0,0,14:33:5C:6D:AF:58,1,1,ARMED,60,0,0,80:02:9C:61:97:4B,11,91,2663.5,80:02:9C:61:97:4A,0,0,NONE,2026-08-19T12:19:02.755216
45917,,-57,40,0,976,69828,60308,145900,0,99,0,0,0,14:33:5C:6D:AF:58,1,1,ARMED,60,0,0,80:02:9C:61:97:4B,11,141,3276.4,80:02:9C:61:97:4A,0,0,NONE,2026-08-19T12:19:02.764216
45917,,-69,28,6523,3583,69184,60308,145920,0,99,0,0,0,14:33:5C:6D:AF:58,1,1,ARMED,60,0,0,80:02:9C:61:97:4B,11,191,3024.9,80:02:9C:61:97:4A,0,0,NONE,2026-08-19T12:19:02.784216
45917,,-69,28,646,3601,70472,60308,146216,0,99,0,0,0,14:33:5C:6D:AF:58,0,0,ARMED,60,0,0,80:02:9C:61:97:4B,11,6,256.2,80:02:9C:61:97:4A,0,0,NONE,2026-08-19T12:19:03.080216
45917,,-67,30,0,3612,70472,60308,146448,0,99,0,0,0,14:33:5C:6D:AF:58,0,0,ARMED,60,0,1,80:02:9C:61:97:4B,11,17,370.7,80:02:9C:61:97:4A,0,0,NONE,2026-08-19T12:19:03.312216
45917,BEACON,-94,3,0,1808,70472,60308,146700,0,99,0,0,0,14:33:5C:6D:AF:58,0,0,ARMED,60,0,1,80:02:9C:61:97:4B,11,19,212.3,80:02:9C:61:97:4A,0,0,NONE,2026-08-19T12:19:03.564216
45917,BEACON,-66,31,0,974,70472,60308,147122,0,99,0,0,0,14:33:5C:6D:AF:58,0,0,ARMED,60,0,1,80:02:9C:61:97:4B,11,17,181.6,80:02:9C:61:97:4A,0,0,NONE,2026-08-19T12:19:03.986216
45917,,-66,31,50,2023,70472,60308,147340,0,99,0,0,0,14:33:5C:6D:AF:58,0,0,ARMED,60,0,1,80:02:9C:61:97:4B,11,4,2506.3,80:02:9C:61:97:4A,0,0,NONE,2026-08-19T12:19:04.204216
45917,MGMT_OTHER,41,41,0,0,70472,60308,147600,0,99,0,0,0,14:33:5C:6D:AF:58,0,0,ARMED,60,0,0,80:02:9C:61:97:4B,11,19,318.6,80:02:9C:61:97:4A,0,0,NONE,2026-08-19T12:19:04.464216
45917,PROBE_RESP,-63,34,12744,989,70472,60308,147809,0,99,0,0,0,14:33:5C:6D:AF:58,0,0,ARMED,60,0,0,80:02:9C:61:97:4B,11,14,208.3,80:02:9C:61:97:4A,0,0,NONE,2026-08-19T12:19:04.673216
45917,PROBE_RESP,-61,36,0,995,70472,60308,147948,0,99,0,0,0,14:33:5C:6D:AF:58,0,1,ARMED,60,0,0,80:02:9C:61:97:4B,11,34,368.9,80:02:9C:61:97:4A,0,0,NONE,2026-08-19T12:19:04.812216
45917,MGMT_OTHER,-87,10,0,3268,70472,60308,148156,0,99,0,0,0,14:33:5C:6D:AF:58,0,0,ARMED,60,0,1,80:02:9C:61:97:4B,11,25,346.7,80:02:9C:61:97:4A,0,0,NONE,2026-08-19T12:19:05.020216
45917,,-73,24,3056,2087,70388,60308,148391,0,99,0,0,0,14:33:5C:6D:AF:58,0,0,ARMED,60,0,1,80:02:9C:61:97:4B,11,23,229.3,80:02:9C:61:97:4A,0,0,NONE,2026-08-19T12:19:05.255216
45917,MGMT_OTHER,-67,30,0,3079,70472,60308,148777,0,99,0,0,0,14:33:5C:6D:AF:58,0,0,ARMED,60,0,1,80:02:9C:61:97:4B,11,9,198.2,80:02:9C:61:97:4A,0,0,NONE,2026-08-19T12:19:05.641216
45917,,-67,30,0,2025,70472,60308,149237,0,99,0,0,0,14:33:5C:6D:AF:58,0,0,ARMED,60,0,0,80:02:9C:61:97:4B,11,15,188.4,80:02:9C:61:97:4A,0,0,NONE,2026-08-19T12:19:06.101216
45917,BEACON,-84,13,9254,3211,70472,60308,149502,0,99,0,0,0,14:33:5C:6D:AF:58,0,0,ARMED,60,0,1,80:02:9C:61:97:4B,11,4,174.6,80:02:9C:61:97:4A,0,0,NONE,2026-08-19T12:19:06.366216
45917,,-84,13,3993,1196,70472,60308,149971,0,99,0,0,0,14:33:5C:6D:AF:58,0,0,ARMED,60,0,1,80:02:9C:61:97:4B,11,10,121.8,80:02:9C:61:97:4A,0,0,NONE,2026-08-19T12:19:06.835216
45917,PROBE_RESP,-87,10,0,716,70472,60308,150270,0,99,0,0,0,14:33:5C:6D:AF:58,0,0,ARMED,60,0,1,80:02:9C:61:97:4B,11,22,295.2,80:02:9C:61:97:4A,0,0,NONE,2026-08-19T12:19:07.134216
45917,MGMT_OTHER,40,40,0,0,70472,60308,150629,0,99,0,0,0,14:33:5C:6D:AF:58,0,0,ARMED,60,0,1,80:02:9C:61:97:4B,11,2,94.9,80:02:9C:61:97:4A,0,0,NONE,2026-08-19T12:19:07.493216
45917,PROBE_RESP,-87,10,0,737,70472,60308,150999,0,99,0,0,0,14:33:5C:6D:AF:58,0,0,ARMED,60,0,0,80:02:9C:61:97:4B,11,10,165.7,80:02:9C:61:97:4A,0,0,NONE,2026-08-19T12:19:07.863216
45917,,-95,2,0,415,70472,60308,151475,0,99,0,0,0,14:33:5C:6D:AF:58,0,0,ARMED,60,0,0,80:02:9C:61:97:4B,11,2,769.2,80:02:9C:61:97:4A,0,0,NONE,2026-08-19T12:19:08.339216
45917,,-46,51,23559,794,70472,60308,151970,0,99,0,0,0,14:33:5C:6D:AF:58,0,0,ARMED,60,0,1,80:02:9C:61:97:4B,11,7,79,80:02:9C:61:97:4A,0,0,NONE,2026-08-19T12:19:08.834216
45917,,-66,31,53,1656,70472,60308,152363,0,99,0,0,0,14:33:5C:6D:AF:58,0,0,ARMED,60,0,1,80:02:9C:61:97:4B,11,8,152,80:02:9C:61:97:4A,0,0,NONE,2026-08-19T12:19:09.227216
45917,,-65,32,0,1060,70472,60308,152611,0,99,0,0,0,14:33:5C:6D:AF:58,0,0,ARMED,60,0,0,80:02:9C:61:97:4B,11,30,333.7,80:02:9C:61:97:4A,0,0,NONE,2026-08-19T12:19:09.475216
45917,,-55,42,248,3262,70472,60308,152858,0,99,0,0,0,14:33:5C:6D:AF:58,0,0,ARMED,60,0,0,80:02:9C:61:97:4B,11,6,411.9,80:02:9C:61:97:4A,0,0,NONE,2026-08-19T12:19:09.722216
45917,MGMT_OTHER,40,40,0,0,70472,60308,153097,0,99,0,0,0,14:33:5C:6D:AF:58,0,0,ARMED,60,0,0,80:02:9C:61:97:4B,11,14,289,80:02:9C:61:97:4A,0,0,NONE,2026-08-19T12:19:09.961216
45917,MGMT_OTHER,30,30,0,0,70472,60308,153366,0,99,0,0,0,14:33:5C:6D:AF:58,0,0,ARMED,60,0,0,80:02:9C:61:97:4B,11,18,180.1,80:02:9C:61:97:4A,0,0,NONE,2026-08-19T12:19:10.230216
45917,MGMT_OTHER,40,40,0,0,70472,60308,153658,0,99,0,0,0,14:33:5C:6D:AF:58,0,0,ARMED,60,0,0,80:02:9C:61:97:4B,11,18,216.9,80:02:9C:61:97:4A,0,0,NONE,2026-08-19T12:19:10.522216
45917,BEACON,-94,3,0,1878,70388,60308,153868,0,99,0,0,0,14:33:5C:6D:AF:58,0,1,ARMED,60,0,1,80:02:9C:61:97:4B,11,14,156.3,80:02:9C:61:97:4A,0,0,NONE,2026-08-19T12:19:10.732216
45917,,-71,26,433,105,70472,60308,153979,0,99,0,0,0,14:33:5C:6D:AF:58,0,0,ARMED,60,0,1,80:02:9C:61:97:4B,11,44,453.6,80:02:9C:61:97:4A,0,0,NONE,2026-08-19T12:19:10.843216
45917,MGMT_OTHER,40,40,0,0,69016,60308,154000,0,99,0,0,0,14:33:5C:6D:AF:58,0,1,ARMED,60,0,1,80:02:9C:61:97:4B,11,49,9737.7,80:02:9C:61:97:4A,0,0,NONE,2026-08-19T12:19:10.864216
45917,,-56,41,0,1138,66064,60308,154014,0,99,0,0,0,14:33:5C:6D:AF:58,0,1,ARMED,60,0,0,80:02:9C:61:97:4B,11,99,5068.1,80:02:9C:61:97:4A,0,0,NONE,2026-08-19T12:19:10.878216
45917,,-56,41,0,1153,70472,60308,154034,0,99,0,0,0,14:33:5C:6D:AF:58,0,1,ARMED,60,0,0,80:02:9C:61:97:4B,11,149,3755.5,80:02:9C:61:97:4A,0,0,NONE,2026-08-19T12:19:10.898216
45917,,-56,41,0,1192,70472,60308,154084,0,99,0,0,0,14:33:5C:6D:AF:58,0,1,ARMED,60,0,0,80:02:9C:61:97:4B,11,199,2241.3,80:02:9C:61:97:4A,0,0,NONE,2026-08-19T12:19:10.948216
45917,,-57,40,0,1209,69032,60308,154109,0,99,0,0,0,14:33:5C:6D:AF:58,0,1,ARMED,60,0,0,80:02:9C:61:97:4B,11,49,4778.2,80:02:9C:61:97:4A,0,0,NONE,2026-08-19T12:19:10.973216
45917,,-56,41,0,1220,70472,60308,154122,0,99,0,0,0,14:33:5C:6D:AF:58,0,1,ARMED,60,0,0,80:02:9C:61:97:4B,11,99,4209.2,80:02:9C:61:97:4A,0,0,NONE,2026-08-19T12:19:10.986216
45917,,-56,41,0,1262,70472,60308,154152,0,99,0,0,0,14:33:5C:6D:AF:58,0,1,ARMED,60,0,0,80:02:9C:61:97:4B,11,149,2833,80:02:9C:61:97:4A,0,0,NONE,2026-08-19T12:19:11.016216
45917,,-57,40,664,1294,70472,60308,154165,0,99,0,0,0,14:33:5C:6D:AF:58,0,1,ARMED,60,0,1,80:02:9C:61:97:4B,11,199,3030.1,80:02:9C:61:97:4A,0,0,NONE,2026-08-19T12:19:11.029216
45917,,-56,41,0,1329,70472,60308,154185,0,99,0,0,0,14:33:5C:6D:AF:58,0,1,ARMED,60,0,0,80:02:9C:61:97:4B,11,249,2900.4,80:02:9C:61:97:4A,0,0,NONE,2026-08-19T12:19:11.049216
45917,,-56,41,1814,1328,70472,60308,154265,0,99,0,0,0,14:33:5C:6D:AF:58,1,1,ARMED,60,0,0,80:02:9C:61:97:4B,11,25,407.2,80:02:9C:61:97:4A,0,0,NONE,2026-08-19T12:19:11.129216
45917,,-70,27,0,3694,70472,60308,154295,0,99,0,0,0,14:33:5C:6D:AF:58,1,1,ARMED,60,0,1,80:02:9C:61:97:4B,11,75,821.8,80:02:9C:61:97:4A,0,0,NONE,2026-08-19T12:19:11.159216
45917,,-57,40,0,1394,70472,60308,154316,0,99,0,0,0,14:33:5C:6D:AF:58,1,1,ARMED,60,0,0,80:02:9C:61:97:4B,11,45,3672.6,80:02:9C:61:97:4A,0,0,NONE,2026-08-19T12:19:11.180216
45917,,-71,26,127,180,70472,60308,154337,0,99,0,0,0,14:33:5C:6D:AF:58,1,1,ARMED,60,0,0,80:02:9C:61:97:4B,11,95,2852.9,80:02:9C:61:97:4A,0,0,NONE,2026-08-19T12:19:11.201216
45917,MGMT_OTHER,40,40,0,0,70472,60308,154353,0,99,0,0,0,14:33:5C:6D:AF:58,1,1,ARMED,60,0,1,80:02:9C:61:97:4B,11,145,2994,80:02:9C:61:97:4A,0,0,NONE,2026-08-19T12:19:11.217216
45917,,-56,41,0,1531,70472,60308,154386,0,99,0,0,0,14:33:5C:6D:AF:58,1,1,ARMED,60,0,0,80:02:9C:61:97:4B,11,195,2392,80:02:9C:61:97:4A,0,0,NONE,2026-08-19T12:19:11.250216
45917,MGMT_OTHER,30,30,0,0,70472,60308,154409,0,99,0,0,0,14:33:5C:6D:AF:58,1,1,ARMED,60,0,1,80:02:9C:61:97:4B,11,5,1175.9,80:02:9C:61:97:4A,0,0,NONE,2026-08-19T12:19:11.273216
45917,,-57,40,0,1525,70472,60308,154477,0,99,0,0,0,14:33:5C:6D:AF:58,1,1,ARMED,60,0,0,80:02:9C:61:97:4B,11,55,760.4,80:02:9C:61:97:4A,0,0,NONE,2026-08-19T12:19:11.341216
45917,,-56,41,0,1570,70472,60308,154588,0,99,0,0,0,14:33:5C:6D:AF:58,1,1,ARMED,60,0,0,80:02:9C:61:97:4B,11,14,206,80:02:9C:61:97:4A,0,0,NONE,2026-08-19T12:19:11.452216
45917,,-56,41,0,1613,70472,59428,154608,0,99,0,0,0,14:33:5C:6D:AF:58,1,1,ARMED,60,0,0,80:02:9C:61:97:4B,11,64,725.3,80:02:9C:61:97:4A,0,0,NONE,2026-08-19T12:19:11.472216
45917,,-57,40,0,1628,70280,59428,154633,0,99,0,0,0,14:33:5C:6D:AF:58,1,1,ARMED,60,0,0,80:02:9C:61:97:4B,11,26,1982.3,80:02:9C:61:97:4A,0,0,NONE,2026-08-19T12:19:11.497216
45917,,-57,40,0,1658,67476,59428,154653,0,99,0,0,0,14:33:5C:6D:AF:58,1,1,ARMED,60,0,0,80:02:9C:61:97:4B,11,76,2280.1,80:02:9C:61:97:4A,0,0,NONE,2026-08-19T12:19:11.517216
45917,,-72,25,0,221,69828,59428,154663,0,99,0,0,0,14:33:5C:6D:AF:58,1,1,ARMED,60,0,0,80:02:9C:61:97:4B,11,126,2941.1,80:02:9C:61:97:4A,0,0,NONE,2026-08-19T12:19:11.527216
45917,,-56,41,0,1736,70472,59428,154684,0,99,0,0,0,14:33:5C:6D:AF:58,1,1,ARMED,60,0,0,80:02:9C:61:97:4B,11,176,2722.6,80:02:9C:61:97:4A,0,0,NONE,2026-08-19T12:19:11.548216
45917,BEACON,-84,13,0,35,70472,59428,154740,0,99,0,0,0,14:33:5C:6D:AF:58,1,1,ARMED,60,0,0,80:02:9C:61:97:4B,11,11,692,80:02:9C:61:97:4A,0,0,NONE,2026-08-19T12:19:11.604216
45917,,-57,40,0,1801,70472,59428,154764,0,99,0,0,0,14:33:5C:6D:AF:58,1,1,ARMED,60,0,0,80:02:9C:61:97:4B,11,61,1549.6,80:02:9C:61:97:4A,0,0,NONE,2026-08-19T12:19:11.628216
45917,,-56,41,0,1826,68388,59428,154782,0,99,0,0,0,14:33:5C:6D:AF:58,1,1,ARMED,60,0,0,80:02:9C:61:97:4B,11,111,1932.2,80:02:9C:61:97:4A,0,0,NONE,2026-08-19T12:19:11.646216
45917,,-72,25,0,3716,70388,59428,154850,0,99,0,0,0,14:33:5C:6D:AF:58,1,1,ARMED,60,0,1,80:02:9C:61:97:4B,11,9,381.8,80:02:9C:61:97:4A,0,0,NONE,2026-08-19T12:19:11.714216
45917,MGMT_OTHER,29,29,0,0,70472,59428,154988,0,99,0,0,0,14:33:5C:6D:AF:58,1,1,ARMED,60,0,0,80:02:9C:61:97:4B,11,25,752.4,80:02:9C:61:97:4A,0,0,NONE,2026-08-19T12:19:11.852216
45917,MGMT_OTHER,30,30,0,0,70472,59428,155266,0,99,0,0,0,14:33:5C:6D:AF:58,0,0,ARMED,60,0,0,80:02:9C:61:97:4B,11,3,895.8,80:02:9C:61:97:4A,0,0,NONE,2026-08-19T12:19:12.130216
45917,MGMT_OTHER,30,30,0,0,70472,59428,155445,0,99,0,0,0,14:33:5C:6D:AF:58,0,0,ARMED,60,0,0,80:02:9C:61:97:4B,11,36,463.6,80:02:9C:61:97:4A,0,0,NONE,2026-08-19T12:19:12.309216
45917,MGMT_OTHER,31,31,0,0,70472,59428,155581,0,99,0,0,0,14:33:5C:6D:AF:58,0,0,ARMED,60,0,0,80:02:9C:61:97:4B,11,17,1541.3,80:02:9C:61:97:4A,0,0,NONE,2026-08-19T12:19:12.445216
45917,MGMT_OTHER,31,31,0,0,70472,59428,155637,0,99,0,0,0,14:33:5C:6D:AF:58,0,0,ARMED,60,0,1,80:02:9C:61:97:4B,11,67,989.1,80:02:9C:61:97:4A,0,0,NONE,2026-08-19T12:19:12.501216
45917,MGMT_OTHER,40,40,0,0,70472,59428,155729,0,99,0,0,0,14:33:5C:6D:AF:58,0,1,ARMED,60,0,1,80:02:9C:61:97:4B,11,19,322.8,80:02:9C:61:97:4A,0,0,NONE,2026-08-19T12:19:12.593216
45917,MGMT_OTHER,31,31,0,0,70472,59428,155802,0,99,0,0,0,14:33:5C:6D:AF:58,1,1,ARMED,60,0,0,80:02:9C:61:97:4B,11,17,594.3,80:02:9C:61:97:4A,0,0,NONE,2026-08-19T12:19:12.666216
45917,MGMT_OTHER,40,40,0,0,70472,59428,155861,0,99,0,0,0,14:33:5C:6D:AF:58,1,1,ARMED,60,0,0,80:02:9C:61:97:4B,11,67,763.7,80:02:9C:61:97:4A,0,0,NONE,2026-08-19T12:19:12.725216
45917,MGMT_OTHER,42,42,0,0,70472,59428,155945,0,99,0,0,0,14:33:5C:6D:AF:58,1,1,ARMED,60,0,0,80:02:9C:61:97:4B,11,38,550.5,80:02:9C:61:97:4A,0,0,NONE,2026-08-19T12:19:12.809216
45917,MGMT_OTHER,40,40,0,0,70472,59428,156032,0,99,0,0,0,14:33:5C:6D:AF:58,1,1,ARMED,60,0,1,80:02:9C:61:97:4B,11,31,701.1,80:02:9C:61:97:4A,0,0,NONE,2026-08-19T12:19:12.896216
45917,MGMT_OTHER,40,40,0,0,70472,59428,156108,0,99,0,0,0,14:33:5C:6D:AF:58,1,1,ARMED,60,0,0,80:02:9C:61:97:4B,11,11,585.6,80:02:9C:61:97:4A,0,0,NONE,2026-08-19T12:19:12.972216
45917,MGMT_OTHER,29,29,0,0,70472,59428,156203,0,99,0,0,0,14:33:5C:6D:AF:58,1,1,ARMED,60,0,0,80:02:9C:61:97:4B,11,5,430.1,80:02:9C:61:97:4A,0,0,NONE,2026-08-19T12:19:13.067216
45917,MGMT_OTHER,40,40,0,0,70472,59428,156291,0,99,0,0,0,14:33:5C:6D:AF:58,1,1,ARMED,60,0,1,80:02:9C:61:97:4B,11,55,552.2,80:02:9C:61:97:4A,0,0,NONE,2026-08-19T12:19:13.155216
45917,MGMT_OTHER,39,39,0,0,70472,59428,156413,0,99,0,0,0,14:33:5C:6D:AF:58,0,1,ARMED,60,0,0,80:02:9C:61:97:4B,11,1,195.7,80:02:9C:61:97:4A,0,0,NONE,2026-08-19T12:19:13.277216
45917,MGMT_OTHER,39,39,0,0,70472,59428,156517,0,99,0,0,0,14:33:5C:6D:AF:58,0,1,ARMED,60,0,0,80:02:9C:61:97:4B,11,4,405.4,80:02:9C:61:97:4A,0,0,NONE,2026-08-19T12:19:13.381216
45917,MGMT_OTHER,29,29,0,0,70472,59428,156696,0,99,0,0,0,14:33:5C:6D:AF:58,0,0,ARMED,60,0,0,80:02:9C:61:97:4B,11,28,352.5,80:02:9C:61:97:4A,0,0,NONE,2026-08-19T12:19:13.560216
45917,,-84,13,0,2115,70472,59428,156839,0,99,0,0,0,14:33:5C:6D:AF:58,1,1,ARMED,60,0,1,80:02:9C:61:97:4B,11,2,113.2,80:02:9C:61:97:4A,0,0,NONE,2026-08-19T12:19:13.703216
45917,BEACON,-93,4,27622,1909,70472,59428,157042,0,99,0,0,0,14:33:5C:6D:AF:58,0,0,ARMED,60,0,1,80:02:9C:61:97:4B,11,18,152,80:02:9C:61:97:4A,0,0,NONE,2026-08-19T12:19:13.906216
45917,MGMT_OTHER,40,40,0,0,70472,59428,157220,0,99,0,0,0,14:33:5C:6D:AF:58,0,0,ARMED,60,0,0,80:02:9C:61:97:4B,11,29,383.7,80:02:9C:61:97:4A,0,0,NONE,2026-08-19T12:19:14.084216
45917,MGMT_OTHER,40,40,0,0,70412,59428,157336,0,99,0,0,0,14:33:5C:6D:AF:58,0,1,ARMED,60,0,0,80:02:9C:61:97:4B,11,48,522.6,80:02:9C:61:97:4A,0,0,NONE,2026-08-19T12:19:14.200216
45917,MGMT_OTHER,40,40,0,0,70472,59428,157390,0,99,0,0,0,14:33:5C:6D:AF:58,0,1,ARMED,60,0,1,80:02:9C:61:97:4B,11,37,831.9,80:02:9C:61:97:4A,0,0,NONE,2026-08-19T12:19:14.254216
45917,,-56,41,0,1898,70472,59428,157428,0,99,0,0,0,14:33:5C:6D:AF:58,0,1,ARMED,60,0,0,80:02:9C:61:97:4B,11,87,1046.9,80:02:9C:61:97:4A,0,0,NONE,2026-08-19T12:19:14.292216
45917,MGMT_OTHER,40,40,0,0,70472,59428,157474,0,99,0,0,0,14:33:5C:6D:AF:58,0,1,ARMED,60,0,0,80:02:9C:61:97:4B,11,13,483.7,80:02:9C:61:97:4A,0,0,NONE,2026-08-19T12:19:14.338216
45917,,-56,41,267,1947,70472,59428,157518,0,99,0,0,0,14:33:5C:6D:AF:58,0,1,ARMED,60,0,0,80:02:9C:61:97:4B,11,63,891.8,80:02:9C:61:97:4A,0,0,NONE,2026-08-19T12:19:14.382216
45917,,-56,41,0,1984,70472,59428,157538,0,99,0,0,0,14:33:5C:6D:AF:58,0,1,ARMED,60,0,0,80:02:9C:61:97:4B,11,113,1238.6,80:02:9C:61:97:4A,0,0,NONE,2026-08-19T12:19:14.402216
45917,,-68,29,0,1118,68680,59428,157671,0,99,0,0,0,14:33:5C:6D:AF:58,1,1,ARMED,60,0,0,80:02:9C:61:97:4B,11,19,1302.4,80:02:9C:61:97:4A,0,0,NONE,2026-08-19T12:19:14.535216
45917,MGMT_OTHER,30,30,0,0,70472,59428,157813,0,99,0,0,0,14:33:5C:6D:AF:58,0,1,ARMED,60,0,1,80:02:9C:61:97:4B,11,21,385.5,80:02:9C:61:97:4A,0,0,NONE,2026-08-19T12:19:14.677216
45917,MGMT_OTHER,40,40,0,0,70472,59428,158018,0,99,0,0,0,14:33:5C:6D:AF:58,0,1,ARMED,60,0,1,80:02:9C:61:97:4B,11,8,142.9,80:02:9C:61:97:4A,0,0,NONE,2026-08-19T12:19:14.882216
45917,BEACON,-94,3,0,1328,70472,59428,158255,0,99,0,0,0,14:33:5C:6D:AF:58,0,0,ARMED,60,0,1,80:02:9C:61:97:4B,11,13,176.2,80:02:9C:61:97:4A,0,0,NONE,2026-08-19T12:19:15.119216
45917,MGMT_OTHER,39,39,0,0,70472,59428,158435,0,99,0,0,0,14:33:5C:6D:AF:58,0,0,ARMED,60,0,0,80:02:9C:61:97:4B,11,22,466.3,80:02:9C:61:97:4A,0,0,NONE,2026-08-19T12:19:15.299216
45917,MGMT_OTHER,38,38,0,0,70472,59428,158550,0,99,0,0,0,14:33:5C:6D:AF:58,0,1,ARMED,60,0,0,80:02:9C:61:97:4B,11,28,466.2,80:02:9C:61:97:4A,0,0,NONE,2026-08-19T12:19:15.414216
45917,BEACON,-85,12,0,3304,70472,59428,158718,0,99,0,0,0,14:33:5C:6D:AF:58,0,0,ARMED,60,0,1,80:02:9C:61:97:4B,11,6,261.7,80:02:9C:61:97:4A,0,0,NONE,2026-08-19T12:19:15.582216
45917,,-61,36,521,3291,70472,59428,158888,0,99,0,0,0,14:33:5C:6D:AF:58,0,1,ARMED,60,0,0,80:02:9C:61:97:4B,11,15,163.7,80:02:9C:61:97:4A,0,0,NONE,2026-08-19T12:19:15.752216
45917,MGMT_OTHER,41,41,0,0,70472,59428,159093,0,99,0,0,0,14:33:5C:6D:AF:58,0,1,ARMED,60,0,0,80:02:9C:61:97:4B,11,15,179.5,80:02:9C:61:97:4A,0,0,NONE,2026-08-19T12:19:15.957216
45917,BEACON,-93,4,0,2899,70472,59428,159274,0,99,0,0,0,14:33:5C:6D:AF:58,0,0,ARMED,60,0,1,80:02:9C:61:97:4B,11,24,397.4,80:02:9C:61:97:4A,0,0,NONE,2026-08-19T12:19:16.138216
45917,PROBE_RESP,-68,29,0,1139,70472,59428,159443,0,99,0,0,0,14:33:5C:6D:AF:58,0,1,ARMED,60,0,1,80:02:9C:61:97:4B,11,10,469.4,80:02:9C:61:97:4A,0,0,NONE,2026-08-19T12:19:16.307216
45917,MGMT_OTHER,42,42,0,0,70472,59428,159565,0,99,0,0,0,14:33:5C:6D:AF:58,0,1,ARMED,60,0,0,80:02:9C:61:97:4B,11,17,396.8,80:02:9C:61:97:4A,0,0,NONE,2026-08-19T12:19:16.429216
45917,MGMT_OTHER,39,39,0,0,70472,59428,159672,0,99,0,0,0,14:33:5C:6D:AF:58,1,1,ARMED,60,0,0,80:02:9C:61:97:4B,11,7,148.9,80:02:9C:61:97:4A,0,0,NONE,2026-08-19T12:19:16.536216
45917,MGMT_OTHER,40,40,0,0,70472,59428,159886,0,99,0,0,0,14:33:5C:6D:AF:58,0,0,ARMED,60,0,0,80:02:9C:61:97:4B,11,16,324.8,80:02:9C:61:97:4A,0,0,NONE,2026-08-19T12:19:16.750216
45917,MGMT_OTHER,40,40,0,0,70472,59428,160040,0,99,0,0,0,14:33:5C:6D:AF:58,0,1,ARMED,60,0,0,80:02:9C:61:97:4B,11,23,270.3,80:02:9C:61:97:4A,0,0,NONE,2026-08-19T12:19:16.904216
45917,,-54,43,341,3307,70472,59428,160613,0,99,0,0,0,14:33:5C:6D:AF:58,0,0,ARMED,60,0,0,80:02:9C:61:97:4B,11,10,109.6,80:02:9C:61:97:4A,0,0,NONE,2026-08-19T12:19:17.477216
45917,MGMT_OTHER,39,39,0,0,68656,59428,160846,0,99,0,0,0,14:33:5C:6D:AF:58,0,1,ARMED,60,0,1,80:02:9C:61:97:4B,11,5,517.4,80:02:9C:61:97:4A,0,0,NONE,2026-08-19T12:19:17.710216
45917,MGMT_OTHER,45,45,0,0,70472,59428,160957,0,99,0,0,0,14:33:5C:6D:AF:58,0,1,ARMED,60,0,0,80:02:9C:61:97:4B,11,9,442.5,80:02:9C:61:97:4A,0,0,NONE,2026-08-19T12:19:17.821216
45917,MGMT_OTHER,41,41,0,0,70472,59428,161061,0,99,0,0,0,14:33:5C:6D:AF:58,0,1,ARMED,60,0,0,80:02:9C:61:97:4B,11,13,549.7,80:02:9C:61:97:4A,0,0,NONE,2026-08-19T12:19:17.925216
45917,MGMT_OTHER,41,41,0,0,70472,59428,161178,0,99,0,0,0,14:33:5C:6D:AF:58,1,1,ARMED,60,0,0,80:02:9C:61:97:4B,11,21,524,80:02:9C:61:97:4A,0,0,NONE,2026-08-19T12:19:18.042216
45917,MGMT_OTHER,-68,29,0,1165,70472,59428,161215,0,99,0,0,0,14:33:5C:6D:AF:58,1,1,ARMED,60,0,1,80:02:9C:61:97:4B,11,71,920.6,80:02:9C:61:97:4A,0,0,NONE,2026-08-19T12:19:18.079216
45917,MGMT_OTHER,41,41,0,0,70472,59428,161400,0,99,0,0,0,14:33:5C:6D:AF:58,1,1,ARMED,60,0,1,80:02:9C:61:97:4B,11,9,162.4,80:02:9C:61:97:4A,0,0,NONE,2026-08-19T12:19:18.264216
45917,BEACON,-85,12,0,859,70472,59428,161610,0,99,0,0,0,14:33:5C:6D:AF:58,0,0,ARMED,60,0,1,80:02:9C:61:97:4B,11,24,382.6,80:02:9C:61:97:4A,0,0,NONE,2026-08-19T12:19:18.474216
45917,MGMT_OTHER,41,41,0,0,70472,59428,161726,0,99,0,0,0,14:33:5C:6D:AF:58,0,1,ARMED,60,0,1,80:02:9C:61:97:4B,11,38,499.5,80:02:9C:61:97:4A,0,0,NONE,2026-08-19T12:19:18.590216
45917,MGMT_OTHER,42,42,0,0,70472,59428,161920,0,99,0,0,0,14:33:5C:6D:AF:58,1,0,ARMED,60,0,0,80:02:9C:61:97:4B,11,22,335.9,80:02:9C:61:97:4A,0,0,NONE,2026-08-19T12:19:18.784216
45917,MGMT_OTHER,29,29,0,0,70472,59428,162062,0,99,0,0,0,14:33:5C:6D:AF:58,0,1,ARMED,60,0,0,80:02:9C:61:97:4B,11,35,349.4,80:02:9C:61:97:4A,0,0,NONE,2026-08-19T12:19:18.926216
45917,MGMT_OTHER,41,41,0,0,70472,59428,162238,0,99,0,0,0,14:33:5C:6D:AF:58,0,1,ARMED,60,0,0,80:02:9C:61:97:4B,11,20,320.2,80:02:9C:61:97:4A,0,0,NONE,2026-08-19T12:19:19.102216
45917,BEACON,-94,3,0,1962,70472,59428,162469,0,99,0,0,0,14:33:5C:6D:AF:58,0,0,ARMED,60,0,1,80:02:9C:61:97:4B,11,24,268,80:02:9C:61:97:4A,0,0,NONE,2026-08-19T12:19:19.333216
45917,,-55,42,0,588,70472,59428,162715,0,99,0,0,0,14:33:5C:6D:AF:58,0,0,ARMED,60,0,1,80:02:9C:61:97:4B,11,13,616.3,80:02:9C:61:97:4A,0,0,NONE,2026-08-19T12:19:19.579216
45917,,-67,30,0,1198,70472,59428,162820,0,99,0,0,0,14:33:5C:6D:AF:58,0,1,ARMED,60,0,1,80:02:9C:61:97:4B,11,18,705.6,80:02:9C:61:97:4A,0,0,NONE,2026-08-19T12:19:19.684216
45917,MGMT_OTHER,41,41,0,0,70472,59428,162877,0,99,0,0,0,14:33:5C:6D:AF:58,0,1,ARMED,60,0,0,80:02:9C:61:97:4B,11,68,822.3,80:02:9C:61:97:4A,0,0,NONE,2026-08-19T12:19:19.741216
45917,MGMT_OTHER,41,41,0,0,70472,59428,162933,0,99,0,0,0,14:33:5C:6D:AF:58,0,1,ARMED,60,0,0,80:02:9C:61:97:4B,11,35,1116.3,80:02:9C:61:97:4A,0,0,NONE,2026-08-19T12:19:19.797216
45917,,-71,26,144,3739,70388,59428,163023,0,99,0,0,0,14:33:5C:6D:AF:58,0,1,ARMED,60,0,0,80:02:9C:61:97:4B,11,4,206.2,80:02:9C:61:97:4A,0,0,NONE,2026-08-19T12:19:19.887216
45917,MGMT_OTHER,29,29,0,0,70472,59428,163155,0,99,0,0,0,14:33:5C:6D:AF:58,0,1,ARMED,60,0,0,80:02:9C:61:97:4B,11,13,266.6,80:02:9C:61:97:4A,0,0,NONE,2026-08-19T12:19:20.019216
45917,,-71,26,0,3752,70472,59428,163241,0,99,0,0,0,14:33:5C:6D:AF:58,0,1,ARMED,60,0,1,80:02:9C:61:97:4B,11,7,213,80:02:9C:61:97:4A,0,0,NONE,2026-08-19T12:19:20.105216
45917,MGMT_OTHER,41,41,0,0,70472,59428,163292,0,99,0,0,0,14:33:5C:6D:AF:58,0,1,ARMED,60,0,0,80:02:9C:61:97:4B,11,57,681.4,80:02:9C:61:97:4A,0,0,NONE,2026-08-19T12:19:20.156216
45917,,-55,42,0,2027,69032,59428,163443,0,99,0,0,0,14:33:5C:6D:AF:58,1,0,ARMED,60,0,0,80:02:9C:61:97:4B,11,25,842.6,80:02:9C:61:97:4A,0,0,NONE,2026-08-19T12:19:20.307216
45917,,-55,42,0,2047,70472,59428,163466,0,99,0,0,0,14:33:5C:6D:AF:58,1,0,ARMED,60,0,0,80:02:9C:61:97:4B,11,75,1415.9,80:02:9C:61:97:4A,0,0,NONE,2026-08-19T12:19:20.330216
45917,,-60,37,4275,267,70472,59428,163486,0,99,0,0,0,14:33:5C:6D:AF:58,1,0,ARMED,60,0,1,80:02:9C:61:97:4B,11,125,1709.7,80:02:9C:61:97:4A,0,0,NONE,2026-08-19T12:19:20.350216
45917,,-55,42,0,2126,70472,59428,163527,0,99,0,0,0,14:33:5C:6D:AF:58,1,1,ARMED,60,0,0,80:02:9C:61:97:4B,11,35,2848.3,80:02:9C:61:97:4A,0,0,NONE,2026-08-19T12:19:20.391216
45917,,-55,42,0,2150,70472,59428,163548,0,99,0,0,0,14:33:5C:6D:AF:58,1,1,ARMED,60,0,0,80:02:9C:61:97:4B,11,85,2538.1,80:02:9C:61:97:4A,0,0,NONE,2026-08-19T12:19:20.412216
45917,,-55,42,384,2201,70472,59428,163565,0,99,0,0,0,14:33:5C:6D:AF:58,1,1,ARMED,60,0,0,80:02:9C:61:97:4B,11,135,2686.5,80:02:9C:61:97:4A,0,0,NONE,2026-08-19T12:19:20.429216
45917,,-55,42,0,2252,68856,59428,163585,0,99,0,0,0,14:33:5C:6D:AF:58,1,1,ARMED,60,0,0,80:02:9C:61:97:4B,11,185,2625.9,80:02:9C:61:97:4A,0,0,NONE,2026-08-19T12:19:20.449216
45917,,-71,26,1015,298,69828,59428,163592,0,99,0,0,0,14:33:5C:6D:AF:58,1,1,ARMED,60,0,1,80:02:9C:61:97:4B,11,235,3031.7,80:02:9C:61:97:4A,0,0,NONE,2026-08-19T12:19:20.456216
45917,,-71,26,1007,307,69044,59428,163634,0,99,0,0,0,14:33:5C:6D:AF:58,1,1,ARMED,60,0,1,80:02:9C:61:97:4B,11,49,2824.7,80:02:9C:61:97:4A,0,0,NONE,2026-08-19T12:19:20.498216
45917,,-55,42,0,2370,65420,59428,163641,0,99,0,0,0,14:33:5C:6D:AF:58,1,1,ARMED,60,0,0,80:02:9C:61:97:4B,11,99,4019,80:02:9C:61:97:4A,0,0,NONE,2026-08-19T12:19:20.505216
45917,,-55,42,0,2424,67604,59428,163661,0,99,0,0,0,14:33:5C:6D:AF:58,1,1,ARMED,60,0,0,80:02:9C:61:97:4B,11,149,3329.3,80:02:9C:61:97:4A,0,0,NONE,2026-08-19T12:19:20.525216
45917,,-55,42,0,2484,70472,59428,163668,0,99,0,0,0,14:33:5C:6D:AF:58,1,1,ARMED,60,0,0,80:02:9C:61:97:4B,11,199,3838,80:02:9C:61:97:4A,0,0,NONE,2026-08-19T12:19:20.532216
45917,,-55,42,0,2528,66848,59428,163689,0,99,0,0,0,14:33:5C:6D:AF:58,1,1,ARMED,60,0,0,80:02:9C:61:97:4B,11,249,3411.6,80:02:9C:61:97:4A,0,0,NONE,2026-08-19T12:19:20.553216
45917,,-71,26,19250,3761,70472,59428,163771,0,99,0,0,0,14:33:5C:6D:AF:58,1,1,ARMED,60,0,1,80:02:9C:61:97:4B,11,11,200.6,80:02:9C:61:97:4A,0,0,NONE,2026-08-19T12:19:20.635216
45917,BEACON,-83,14,0,882,70472,59428,163965,0,99,0,0,0,14:33:5C:6D:AF:58,0,0,ARMED,60,0,1,80:02:9C:61:97:4B,11,4,91.8,80:02:9C:61:97:4A,0,0,NONE,2026-08-19T12:19:20.829216
45917,,-58,39,9430,3680,70472,59428,164148,0,99,0,0,0,14:33:5C:6D:AF:58,0,1,ARMED,60,0,1,80:02:9C:61:97:4B,11,5,208.6,80:02:9C:61:97:4A,0,0,NONE,2026-08-19T12:19:21.012216
45917,,-55,42,20853,1129,70472,59428,164273,0,99,0,0,0,14:33:5C:6D:AF:58,0,0,ARMED,60,0,1,80:02:9C:61:97:4B,11,29,599.8,80:02:9C:61:97:4A,0,0,NONE,2026-08-19T12:19:21.137216
45917,BEACON,-67,30,0,1216,70472,59428,164428,0,99,0,0,0,14:33:5C:6D:AF:58,0,1,ARMED,60,0,1,80:02:9C:61:97:4B,11,33,322.6,80:02:9C:61:97:4A,0,0,NONE,2026-08-19T12:19:21.292216
45917,MGMT_OTHER,46,46,0,0,70472,59428,164556,0,99,0,0,0,14:33:5C:6D:AF:58,0,0,ARMED,60,0,1,80:02:9C:61:97:4B,11,24,950.9,80:02:9C:61:97:4A,0,0,NONE,2026-08-19T12:19:21.420216
45917,MGMT_OTHER,45,45,0,0,70472,59428,164730,0,99,0,0,0,14:33:5C:6D:AF:58,0,1,ARMED,60,0,0,80:02:9C:61:97:4B,11,36,371.4,80:02:9C:61:97:4A,0,0,NONE,2026-08-19T12:19:21.594216
45917,,-58,39,18269,12,70472,59428,164915,0,99,0,0,0,14:33:5C:6D:AF:58,0,1,ARMED,60,0,1,80:02:9C:61:97:4B,11,13,187.5,80:02:9C:61:97:4A,0,0,NONE,2026-08-19T12:19:21.779216
45917,BEACON,-62,35,0,1223,70472,59428,165042,0,99,0,0,0,14:33:5C:6D:AF:58,0,0,ARMED,60,0,1,80:02:9C:61:97:4B,11,42,445.1,80:02:9C:61:97:4A,0,0,NONE,2026-08-19T12:19:21.906216
45917,,-85,12,0,3369,70472,59428,165171,0,99,0,0,0,14:33:5C:6D:AF:58,1,1,ARMED,60,0,1,80:02:9C:61:97:4B,11,3,284.8,80:02:9C:61:97:4A,0,0,NONE,2026-08-19T12:19:22.035216
45917,,-70,27,647,3773,70472,59428,165274,0,99,0,0,0,14:33:5C:6D:AF:58,1,1,ARMED,60,0,0,80:02:9C:61:97:4B,11,3,1227.5,80:02:9C:61:97:4A,0,0,NONE,2026-08-19T12:19:22.138216
45917,MGMT_OTHER,42,42,0,0,70472,59428,165461,0,99,0,0,0,14:33:5C:6D:AF:58,0,0,ARMED,60,0,0,80:02:9C:61:97:4B,11,30,350.9,80:02:9C:61:97:4A,0,0,NONE,2026-08-19T12:19:22.325216
45917,BEACON,-62,35,0,1230,70472,59428,165657,0,99,0,0,0,14:33:5C:6D:AF:58,0,0,ARMED,60,0,1,80:02:9C:61:97:4B,11,17,217.6,80:02:9C:61:97:4A,0,0,NONE,2026-08-19T12:19:22.521216
45917,MGMT_OTHER,42,42,0,0,70472,59428,165740,0,99,0,0,0,14:33:5C:6D:AF:58,0,0,ARMED,60,0,0,80:02:9C:61:97:4B,11,46,786.3,80:02:9C:61:97:4A,0,0,NONE,2026-08-19T12:19:22.604216
45917,MGMT_OTHER,41,41,0,0,70472,59428,165875,0,99,0,0,0,14:33:5C:6D:AF:58,0,1,ARMED,60,0,0,80:02:9C:61:97:4B,11,24,261.1,80:02:9C:61:97:4A,0,0,NONE,2026-08-19T12:19:22.739216
45917,MGMT_OTHER,25,25,0,0,70472,59428,165922,0,99,0,0,0,14:33:5C:6D:AF:58,0,0,ARMED,60,0,0,80:02:9C:61:97:4B,11,49,2173.1,80:02:9C:61:97:4A,0,0,NONE,2026-08-19T12:19:22.786216
45917,,-48,49,0,3325,70472,59428,166079,0,99,0,0,0,14:33:5C:6D:AF:58,0,1,ARMED,60,0,1,80:02:9C:61:97:4B,11,34,455.7,80:02:9C:61:97:4A,0,0,NONE,2026-08-19T12:19:22.943216
45917,MGMT_OTHER,40,40,0,0,70472,59428,166248,0,99,0,0,0,14:33:5C:6D:AF:58,0,1,ARMED,60,0,0,80:02:9C:61:97:4B,11,8,262.1,80:02:9C:61:97:4A,0,0,NONE,2026-08-19T12:19:23.112216
45917,MGMT_OTHER,-54,43,446,2628,70168,59428,166343,0,99,0,0,0,14:33:5C:6D:AF:58,0,1,ARMED,60,0,1,80:02:9C:61:97:4B,11,17,730.4,80:02:9C:61:97:4A,0,0,NONE,2026-08-19T12:19:23.207216
45917,MGMT_OTHER,26,26,0,0,70472,59428,166456,0,99,0,0,0,14:33:5C:6D:AF:58,0,1,ARMED,60,0,0,80:02:9C:61:97:4B,11,7,212,80:02:9C:61:97:4A,0,0,NONE,2026-08-19T12:19:23.320216
45917,DEAUTH,-72,25,185,1879,70472,59428,166500,0,99,0,0,0,14:33:5C:6D:AF:58,0,1,ARMED,60,0,1,80:02:9C:61:97:4B,11,57,738.7,80:02:9C:61:97:4A,0,0,NONE,2026-08-19T12:19:23.364216
45917,MGMT_OTHER,40,40,0,0,70472,59428,166558,0,99,0,0,0,14:33:5C:6D:AF:58,1,1,ARMED,60,0,0,80:02:9C:61:97:4B,11,22,664.8,80:02:9C:61:97:4A,0,0,NONE,2026-08-19T12:19:23.422216
45917,MGMT_OTHER,27,27,0,0,70472,59428,166634,0,99,0,0,0,14:33:5C:6D:AF:58,1,1,ARMED,60,0,0,80:02:9C:61:97:4B,11,5,763.1,80:02:9C:61:97:4A,0,0,NONE,2026-08-19T12:19:23.498216
45917,MGMT_OTHER,48,48,0,0,70472,59428,166775,0,99,0,0,0,14:33:5C:6D:AF:58,1,1,ARMED,60,0,1,80:02:9C:61:97:4B,11,11,233.1,80:02:9C:61:97:4A,0,0,NONE,2026-08-19T12:19:23.639216
45917,MGMT_OTHER,40,40,0,0,70472,59428,166947,0,99,0,0,0,14:33:5C:6D:AF:58,0,1,ARMED,60,0,0,80:02:9C:61:97:4B,11,6,461.6,80:02:9C:61:97:4A,0,0,NONE,2026-08-19T12:19:23.811216
45917,MGMT_OTHER,44,44,0,0,70472,59428,166985,0,99,0,0,0,14:33:5C:6D:AF:58,0,1,ARMED,60,0,0,80:02:9C:61:97:4B,11,56,1099.2,80:02:9C:61:97:4A,0,0,NONE,2026-08-19T12:19:23.849216
45917,MGMT_OTHER,40,40,0,0,70472,59428,167109,0,99,0,0,0,14:33:5C:6D:AF:58,0,1,ARMED,60,0,0,80:02:9C:61:97:4B,11,14,187,80:02:9C:61:97:4A,0,0,NONE,2026-08-19T12:19:23.973216
45917,MGMT_OTHER,28,28,0,0,70472,59428,167337,0,99,0,0,0,14:33:5C:6D:AF:58,0,0,ARMED,60,0,0,80:02:9C:61:97:4B,11,20,209.5,80:02:9C:61:97:4A,0,0,NONE,2026-08-19T12:19:24.201216
45917,,-67,30,0,3796,70472,59428,167436,0,99,0,0,0,14:33:5C:6D:AF:58,0,0,ARMED,60,0,1,80:02:9C:61:97:4B,11,43,467.3,80:02:9C:61:97:4A,0,0,NONE,2026-08-19T12:19:24.300216
45917,BEACON,-84,13,0,3394,70472,59428,167627,0,99,0,0,0,14:33:5C:6D:AF:58,0,1,ARMED,60,0,1,80:02:9C:61:97:4B,11,10,147.3,80:02:9C:61:97:4A,0,0,NONE,2026-08-19T12:19:24.491216
45917,MGMT_OTHER,28,28,0,0,70472,59428,167769,0,99,0,0,0,14:33:5C:6D:AF:58,0,0,ARMED,60,0,0,80:02:9C:61:97:4B,11,45,458.6,80:02:9C:61:97:4A,0,0,NONE,2026-08-19T12:19:24.633216
45917,MGMT_OTHER,43,43,0,0,70472,59428,167832,0,99,0,0,0,14:33:5C:6D:AF:58,0,1,ARMED,60,0,0,80:02:9C:61:97:4B,11,49,1025.8,80:02:9C:61:97:4A,0,0,NONE,2026-08-19T12:19:24.696216
45917,PROBE_RESP,-72,25,968,0,70412,59428,167873,0,99,0,0,0,14:33:5C:6D:AF:58,0,1,ARMED,60,0,0,80:02:9C:61:97:4B,11,99,1121.5,80:02:9C:61:97:4A,0,0,NONE,2026-08-19T12:19:24.737216
45917,MGMT_OTHER,39,39,0,0,70472,59428,167921,0,99,0,0,0,14:33:5C:6D:AF:58,0,1,ARMED,60,0,0,80:02:9C:61:97:4B,11,49,1458.4,80:02:9C:61:97:4A,0,0,NONE,2026-08-19T12:19:24.785216
45917,,-84,13,0,2151,70472,59428,168017,0,99,0,0,0,14:33:5C:6D:AF:58,0,1,ARMED,60,0,0,80:02:9C:61:97:4B,11,12,499.2,80:02:9C:61:97:4A,0,0,NONE,2026-08-19T12:19:24.881216
45917,MGMT_OTHER,39,39,0,0,70472,59428,168177,0,99,0,0,0,14:33:5C:6D:AF:58,0,1,ARMED,60,0,0,80:02:9C:61:97:4B,11,33,421.8,80:02:9C:61:97:4A,0,0,NONE,2026-08-19T12:19:25.041216
45917,MGMT_OTHER,39,39,0,0,70472,59428,168262,0,99,0,0,0,14:33:5C:6D:AF:58,0,1,ARMED,60,0,0,80:02:9C:61:97:4B,11,43,692.2,80:02:9C:61:97:4A,0,0,NONE,2026-08-19T12:19:25.126216
45917,PROBE_RESP,-94,3,0,3497,70472,59428,168456,0,99,0,0,0,14:33:5C:6D:AF:58,0,0,ARMED,60,0,0,80:02:9C:61:97:4B,11,12,241.1,80:02:9C:61:97:4A,0,0,NONE,2026-08-19T12:19:25.320216
45917,BEACON,-85,12,0,3777,70472,59428,168841,0,99,0,0,0,14:33:5C:6D:AF:58,0,0,ARMED,60,0,1,80:02:9C:61:97:4B,11,2,211,80:02:9C:61:97:4A,0,0,NONE,2026-08-19T12:19:25.705216
45917,BEACON,-64,33,0,1275,70472,59428,169139,0,99,0,0,0,14:33:5C:6D:AF:58,0,0,ARMED,60,0,0,80:02:9C:61:97:4B,11,13,126.2,80:02:9C:61:97:4A,0,0,NONE,2026-08-19T12:19:26.003216
45917,MGMT_OTHER,40,40,0,0,70472,59428,169462,0,99,0,0,0,14:33:5C:6D:AF:58,0,0,ARMED,60,0,0,80:02:9C:61:97:4B,11,7,417.4,80:02:9C:61:97:4A,0,0,NONE,2026-08-19T12:19:26.326216
45917,MGMT_OTHER,40,40,0,0,70472,59428,169552,0,99,0,0,0,14:33:5C:6D:AF:58,0,1,ARMED,60,0,0,80:02:9C:61:97:4B,11,6,1376.1,80:02:9C:61:97:4A,0,0,NONE,2026-08-19T12:19:26.416216
45917,MGMT_OTHER,25,25,0,0,70472,59428,169593,0,99,0,0,0,14:33:5C:6D:AF:58,0,1,ARMED,60,0,0,80:02:9C:61:97:4B,11,56,1255.3,80:02:9C:61:97:4A,0,0,NONE,2026-08-19T12:19:26.457216
45917,MGMT_OTHER,40,40,0,0,70472,59428,169641,0,99,0,0,0,14:33:5C:6D:AF:58,0,1,ARMED,60,0,0,80:02:9C:61:97:4B,11,106,1136.5,80:02:9C:61:97:4A,0,0,NONE,2026-08-19T12:19:26.505216
45917,MGMT_OTHER,26,26,0,0,70472,59428,169727,0,99,0,0,0,14:33:5C:6D:AF:58,0,1,ARMED,60,0,0,80:02:9C:61:97:4B,11,43,565.5,80:02:9C:61:97:4A,0,0,NONE,2026-08-19T12:19:26.591216
45917,MGMT_OTHER,23,23,0,0,70472,59428,169807,0,99,0,0,0,14:33:5C:6D:AF:58,0,1,ARMED,60,0,0,80:02:9C:61:97:4B,11,49,926.7,80:02:9C:61:97:4A,0,0,NONE,2026-08-19T12:19:26.671216
45917,,-55,42,0,2221,70472,59428,169899,0,99,0,0,0,14:33:5C:6D:AF:58,0,1,ARMED,60,0,1,80:02:9C:61:97:4B,11,25,570.2,80:02:9C:61:97:4A,0,0,NONE,2026-08-19T12:19:26.763216
45917,MGMT_OTHER,24,24,0,0,70412,59428,169982,0,99,0,0,0,14:33:5C:6D:AF:58,1,1,ARMED,60,0,0,80:02:9C:61:97:4B,11,15,566.9,80:02:9C:61:97:4A,0,0,NONE,2026-08-19T12:19:26.846216
45917,MGMT_OTHER,25,25,0,0,70472,59428,170112,0,99,0,0,0,14:33:5C:6D:AF:58,1,1,ARMED,60,0,1,80:02:9C:61:97:4B,11,21,384.1,80:02:9C:61:97:4A,0,0,NONE,2026-08-19T12:19:26.976216
45917,BEACON,-94,3,0,3520,70472,59428,170364,0,99,0,0,0,14:33:5C:6D:AF:58,0,0,ARMED,60,0,1,80:02:9C:61:97:4B,11,21,203.3,80:02:9C:61:97:4A,0,0,NONE,2026-08-19T12:19:27.228216
45917,BEACON,-85,12,0,953,70472,59428,170621,0,99,0,0,0,14:33:5C:6D:AF:58,0,0,ARMED,60,0,1,80:02:9C:61:97:4B,11,15,286.6,80:02:9C:61:97:4A,0,0,NONE,2026-08-19T12:19:27.485216
45917,BEACON,-83,14,0,3426,70472,59428,170903,0,99,0,0,0,14:33:5C:6D:AF:58,0,0,ARMED,60,0,1,80:02:9C:61:97:4B,11,8,288.4,80:02:9C:61:97:4A,0,0,NONE,2026-08-19T12:19:27.767216
45917,BEACON,-82,15,0,197,70472,59428,171329,0,99,0,0,0,14:33:5C:6D:AF:58,0,0,ARMED,60,0,1,80:02:9C:61:97:4B,11,4,99.2,80:02:9C:61:97:4A,0,0,NONE,2026-08-19T12:19:28.193216
45917,BEACON,-82,15,0,201,70472,59428,171739,0,99,0,0,0,14:33:5C:6D:AF:58,0,0,ARMED,60,0,1,80:02:9C:61:97:4B,11,8,198.5,80:02:9C:61:97:4A,0,0,NONE,2026-08-19T12:19:28.603216
45917,PROBE_REQ,-91,6,0,2,70472,59428,171996,0,99,0,0,0,14:33:5C:6D:AF:58,0,0,ARMED,60,0,0,80:02:9C:61:97:4B,11,17,182.7,80:02:9C:61:97:4A,0,0,NONE,2026-08-19T12:19:28.860216
45917,,-57,40,37595,34,70472,59428,172467,0,99,0,0,0,14:33:5C:6D:AF:58,0,0,ARMED,60,0,1,80:02:9C:61:97:4B,11,3,107.4,80:02:9C:61:97:4A,0,0,NONE,2026-08-19T12:19:29.331216
45917,,-70,27,511,3837,70472,59428,172708,0,99,0,0,0,14:33:5C:6D:AF:58,0,1,ARMED,60,0,0,80:02:9C:61:97:4B,11,11,171.2,80:02:9C:61:97:4A,0,0,NONE,2026-08-19T12:19:29.572216
45917,,-60,37,0,342,70472,59428,172861,0,99,0,0,0,14:33:5C:6D:AF:58,0,1,ARMED,60,0,0,80:02:9C:61:97:4B,11,4,327.3,80:02:9C:61:97:4A,0,0,NONE,2026-08-19T12:19:29.725216
45917,,-56,41,250,2614,70472,59428,172881,0,99,0,0,0,14:33:5C:6D:AF:58,0,1,ARMED,60,0,0,80:02:9C:61:97:4B,11,54,1668,80:02:9C:61:97:4A,0,0,NONE,2026-08-19T12:19:29.745216
45917,,-56,41,250,2653,70444,59428,172901,0,99,0,0,0,14:33:5C:6D:AF:58,0,1,ARMED,60,0,0,80:02:9C:61:97:4B,11,104,1981.5,80:02:9C:61:97:4A,0,0,NONE,2026-08-19T12:19:29.765216
45917,,-57,40,909,2691,70472,59428,172916,0,99,0,0,0,14:33:5C:6D:AF:58,0,1,ARMED,60,0,0,80:02:9C:61:97:4B,11,154,2310.3,80:02:9C:61:97:4A,0,0,NONE,2026-08-19T12:19:29.780216
45917,,-57,40,267,2721,70472,59428,172939,0,99,0,0,0,14:33:5C:6D:AF:58,0,1,ARMED,60,0,0,80:02:9C:61:97:4B,11,204,2253.6,80:02:9C:61:97:4A,0,0,NONE,2026-08-19T12:19:29.803216
45917,,-56,41,267,2751,70472,59428,172959,0,99,0,0,0,14:33:5C:6D:AF:58,0,1,ARMED,60,0,0,80:02:9C:61:97:4B,11,28,3184,80:02:9C:61:97:4A,0,0,NONE,2026-08-19T12:19:29.823216
45917,,-57,40,266,2781,70472,59428,172982,0,99,0,0,0,14:33:5C:6D:AF:58,0,1,ARMED,60,0,0,80:02:9C:61:97:4B,11,78,2395.7,80:02:9C:61:97:4A,0,0,NONE,2026-08-19T12:19:29.846216
45917,,-57,40,231,2817,69828,59428,173001,0,99,0,0,0,14:33:5C:6D:AF:58,0,1,ARMED,60,0,1,80:02:9C:61:97:4B,11,128,2506.8,80:02:9C:61:97:4A,0,0,NONE,2026-08-19T12:19:29.865216
45917,,-57,40,266,2860,70472,59428,173030,0,99,0,0,0,14:33:5C:6D:AF:58,0,1,ARMED,60,0,0,80:02:9C:61:97:4B,11,178,2222.6,80:02:9C:61:97:4A,0,0,NONE,2026-08-19T12:19:29.894216
45917,,-56,41,266,2881,70472,59428,173071,0,99,0,0,0,14:33:5C:6D:AF:58,0,1,ARMED,60,0,0,80:02:9C:61:97:4B,11,20,1038.2,80:02:9C:61:97:4A,0,0,NONE,2026-08-19T12:19:29.935216
45917,,-56,41,267,2928,70444,59428,173092,0,99,0,0,0,14:33:5C:6D:AF:58,0,1,ARMED,60,0,0,80:02:9C:61:97:4B,11,70,1773,80:02:9C:61:97:4A,0,0,NONE,2026-08-19T12:19:29.956216
45917,,-56,41,267,2967,70472,59428,173104,0,99,0,0,0,14:33:5C:6D:AF:58,0,1,ARMED,60,0,0,80:02:9C:61:97:4B,11,120,2308,80:02:9C:61:97:4A,0,0,NONE,2026-08-19T12:19:29.968216
45917,,-56,41,282,3000,70472,59428,173124,0,99,0,0,0,14:33:5C:6D:AF:58,0,1,ARMED,60,0,0,80:02:9C:61:97:4B,11,170,2352.7,80:02:9C:61:97:4A,0,0,NONE,2026-08-19T12:19:29.988216
45917,MGMT_OTHER,40,40,0,0,70472,59428,173145,0,99,0,0,0,14:33:5C:6D:AF:58,0,1,ARMED,60,0,0,80:02:9C:61:97:4B,11,220,2358.3,80:02:9C:61:97:4A,0,0,NONE,2026-08-19T12:19:30.009216
45917,,-57,40,267,3063,69032,59428,173178,0,99,0,0,0,14:33:5C:6D:AF:58,1,1,ARMED,60,0,0,80:02:9C:61:97:4B,11,49,2827.3,80:02:9C:61:97:4A,0,0,NONE,2026-08-19T12:19:30.042216
45917,,-57,40,0,3091,69828,59428,173185,0,99,0,0,0,14:33:5C:6D:AF:58,1,1,ARMED,60,0,1,80:02:9C:61:97:4B,11,99,4061.5,80:02:9C:61:97:4A,0,0,NONE,2026-08-19T12:19:30.049216
45917,,-56,41,267,3133,70472,59428,173205,0,99,0,0,0,14:33:5C:6D:AF:58,1,1,ARMED,60,0,0,80:02:9C:61:97:4B,11,149,3350.4,80:02:9C:61:97:4A,0,0,NONE,2026-08-19T12:19:30.069216
45917,,-56,41,337,3166,70472,59428,173221,0,99,0,0,0,14:33:5C:6D:AF:58,1,1,ARMED,60,0,0,80:02:9C:61:97:4B,11,199,3324.8,80:02:9C:61:97:4A,0,0,NONE,2026-08-19T12:19:30.085216
45917,,-70,27,0,469,70472,59428,173276,0,99,0,0,0,14:33:5C:6D:AF:58,1,1,ARMED,60,0,0,80:02:9C:61:97:4B,11,12,1813.5,80:02:9C:61:97:4A,0,0,NONE,2026-08-19T12:19:30.140216
45917,,-54,43,282,3236,70472,59428,173313,0,99,0,0,0,14:33:5C:6D:AF:58,1,1,ARMED,60,0,0,80:02:9C:61:97:4B,11,62,1424.9,80:02:9C:61:97:4A,0,0,NONE,2026-08-19T12:19:30.177216
45917,,-55,42,267,3278,70168,59428,173333,0,99,0,0,0,14:33:5C:6D:AF:58,1,1,ARMED,60,0,0,80:02:9C:61:97:4B,11,112,1759.7,80:02:9C:61:97:4A,0,0,NONE,2026-08-19T12:19:30.197216
45917,,-55,42,266,3305,70472,59428,173347,0,99,0,0,0,14:33:5C:6D:AF:58,1,1,ARMED,60,0,0,80:02:9C:61:97:4B,11,162,2090.8,80:02:9C:61:97:4A,0,0,NONE,2026-08-19T12:19:30.211216
45917,BEACON,-96,1,0,3037,70472,59428,173405,0,99,0,0,0,14:33:5C:6D:AF:58,1,1,ARMED,60,0,1,80:02:9C:61:97:4B,11,2,70.7,80:02:9C:61:97:4A,0,0,NONE,2026-08-19T12:19:30.269216
45917,,-70,27,44044,3866,70472,59428,173612,0,99,0,0,0,14:33:5C:6D:AF:58,0,1,ARMED,60,0,1,80:02:9C:61:97:4B,11,2,65.7,80:02:9C:61:97:4A,0,0,NONE,2026-08-19T12:19:30.476216
45917,MGMT_OTHER,40,40,0,0,70472,59428,174015,0,99,0,0,0,14:33:5C:6D:AF:58,0,0,ARMED,60,0,1,80:02:9C:61:97:4B,11,4,166.8,80:02:9C:61:97:4A,0,0,NONE,2026-08-19T12:19:30.879216
45917,BEACON,-82,15,0,3459,70472,59428,174283,0,99,0,0,0,14:33:5C:6D:AF:58,0,0,ARMED,60,0,1,80:02:9C:61:97:4B,11,13,153.9,80:02:9C:61:97:4A,0,0,NONE,2026-08-19T12:19:31.147216
45917,MGMT_OTHER,40,40,0,0,70472,59428,174544,0,99,0,0,0,14:33:5C:6D:AF:58,0,0,ARMED,60,0,0,80:02:9C:61:97:4B,11,12,297.1,80:02:9C:61:97:4A,0,0,NONE,2026-08-19T12:19:31.408216
45917,,-56,41,86660,3342,70472,59428,174877,0,99,0,0,0,14:33:5C:6D:AF:58,0,0,ARMED,60,0,1,80:02:9C:61:97:4B,11,5,74.7,80:02:9C:61:97:4A,0,0,NONE,2026-08-19T12:19:31.741216
45917,,-58,39,415,54,70472,59428,175207,0,99,0,0,0,14:33:5C:6D:AF:58,0,0,ARMED,60,0,0,80:02:9C:61:97:4B,11,18,201.9,80:02:9C:61:97:4A,0,0,NONE,2026-08-19T12:19:32.071216
45917,,-49,48,0,1261,70472,59428,175423,0,99,0,0,0,14:33:5C:6D:AF:58,0,0,ARMED,60,0,0,80:02:9C:61:97:4B,11,1,1000,80:02:9C:61:97:4A,0,0,NONE,2026-08-19T12:19:32.287216
45917,BEACON,-65,32,0,1343,70472,59428,175590,0,99,0,0,0,14:33:5C:6D:AF:58,0,0,ARMED,60,0,1,80:02:9C:61:97:4B,11,30,480.6,80:02:9C:61:97:4A,0,0,NONE,2026-08-19T12:19:32.454216
45917,,-69,28,0,1676,70472,59428,175861,0,99,0,0,0,14:33:5C:6D:AF:58,0,0,ARMED,60,0,1,80:02:9C:61:97:4B,11,6,223.2,80:02:9C:61:97:4A,0,0,NONE,2026-08-19T12:19:32.725216
45917,,-56,41,0,69,70472,59428,176121,0,99,0,0,0,14:33:5C:6D:AF:58,0,0,ARMED,60,0,0,80:02:9C:61:97:4B,11,28,341.1,80:02:9C:61:97:4A,0,0,NONE,2026-08-19T12:19:32.985216
45917,BEACON,-92,5,0,3066,70472,59428,176371,0,99,0,0,0,14:33:5C:6D:AF:58,0,0,ARMED,60,0,1,80:02:9C:61:97:4B,11,4,161,80:02:9C:61:97:4A,0,0,NONE,2026-08-19T12:19:33.235216
45917,BEACON,-97,0,0,2100,70472,59428,176601,0,99,0,0,0,14:33:5C:6D:AF:58,0,1,ARMED,60,0,1,80:02:9C:61:97:4B,11,7,141.7,80:02:9C:61:97:4A,0,0,NONE,2026-08-19T12:19:33.465216
45917,,-56,41,343,3346,70472,59428,176723,0,99,0,0,0,14:33:5C:6D:AF:58,0,0,ARMED,60,0,0,80:02:9C:61:97:4B,11,37,550.8,80:02:9C:61:97:4A,0,0,NONE,2026-08-19T12:19:33.587216
45917,MGMT_OTHER,41,41,0,0,70472,59428,176914,0,99,0,0,0,14:33:5C:6D:AF:58,0,0,ARMED,60,0,1,80:02:9C:61:97:4B,11,10,180.3,80:02:9C:61:97:4A,0,0,NONE,2026-08-19T12:19:33.778216
45917,,-55,42,0,103,70472,59428,177037,0,99,0,0,0,14:33:5C:6D:AF:58,0,0,ARMED,60,0,0,80:02:9C:61:97:4B,11,37,552.7,80:02:9C:61:97:4A,0,0,NONE,2026-08-19T12:19:33.901216
45917,,-55,42,3569,118,70472,59428,177109,0,99,0,0,0,14:33:5C:6D:AF:58,0,1,ARMED,60,0,1,80:02:9C:61:97:4B,11,7,189.3,80:02:9C:61:97:4A,0,0,NONE,2026-08-19T12:19:33.973216
45917,,-55,42,0,122,70472,59428,177326,0,99,0,0,0,14:33:5C:6D:AF:58,0,0,ARMED,60,0,1,80:02:9C:61:97:4B,11,7,143.7,80:02:9C:61:97:4A,0,0,NONE,2026-08-19T12:19:34.190216
45917,BEACON,-86,11,0,3217,70472,59428,177746,0,99,0,0,0,14:33:5C:6D:AF:58,0,0,ARMED,60,0,1,80:02:9C:61:97:4B,11,5,84.5,80:02:9C:61:97:4A,0,0,NONE,2026-08-19T12:19:34.610216
45917,MGMT_OTHER,41,41,0,0,70472,59428,177879,0,99,0,0,0,14:33:5C:6D:AF:58,0,0,ARMED,60,0,0,80:02:9C:61:97:4B,11,40,442.8,80:02:9C:61:97:4A,0,0,NONE,2026-08-19T12:19:34.743216
45917,,-71,26,4330,3899,70472,59428,178088,0,99,0,0,0,14:33:5C:6D:AF:58,0,0,ARMED,60,0,1,80:02:9C:61:97:4B,11,24,279.6,80:02:9C:61:97:4A,0,0,NONE,2026-08-19T12:19:34.952216
45917,,-52,45,18017,3392,70472,59428,178321,0,99,0,0,0,14:33:5C:6D:AF:58,0,0,ARMED,60,0,1,80:02:9C:61:97:4B,11,1,259.1,80:02:9C:61:97:4A,0,0,NONE,2026-08-19T12:19:35.185216
45917,BEACON,-95,2,0,3609,70472,59428,178556,0,99,0,0,0,14:33:5C:6D:AF:58,0,1,ARMED,60,0,1,80:02:9C:61:97:4B,11,5,150.8,80:02:9C:61:97:4A,0,0,NONE,2026-08-19T12:19:35.420216
45917,,-60,37,771,167,70472,59428,178741,0,99,0,0,0,14:33:5C:6D:AF:58,0,0,ARMED,60,0,1,80:02:9C:61:97:4B,11,8,688,80:02:9C:61:97:4A,0,0,NONE,2026-08-19T12:19:35.605216
45917,BEACON,-86,11,6076,3875,70472,59428,178880,0,99,0,0,0,14:33:5C:6D:AF:58,0,0,ARMED,60,0,1,80:02:9C:61:97:4B,11,33,662.9,80:02:9C:61:97:4A,0,0,NONE,2026-08-19T12:19:35.744216
45917,BEACON,-85,12,13847,1035,70472,59428,179018,0,99,0,0,0,14:33:5C:6D:AF:58,0,1,ARMED,60,0,1,80:02:9C:61:97:4B,11,34,392.2,80:02:9C:61:97:4A,0,0,NONE,2026-08-19T12:19:35.882216
45917,,-69,28,994,1680,70472,59428,179286,0,99,0,0,0,14:33:5C:6D:AF:58,0,0,ARMED,60,0,1,80:02:9C:61:97:4B,11,11,292.3,80:02:9C:61:97:4A,0,0,NONE,2026-08-19T12:19:36.150216
45917,,-64,33,4553,500,70472,59428,179403,0,99,0,0,0,14:33:5C:6D:AF:58,0,1,ARMED,60,0,1,80:02:9C:61:97:4B,11,18,347,80:02:9C:61:97:4A,0,0,NONE,2026-08-19T12:19:36.267216
45917,MGMT_OTHER,29,29,0,0,70472,59428,179535,0,99,0,0,0,14:33:5C:6D:AF:58,0,1,ARMED,60,0,1,80:02:9C:61:97:4B,11,36,435.1,80:02:9C:61:97:4A,0,0,NONE,2026-08-19T12:19:36.399216
45917,MGMT_OTHER,28,28,0,0,70472,59428,179687,0,99,0,0,0,14:33:5C:6D:AF:58,0,1,ARMED,60,0,1,80:02:9C:61:97:4B,11,9,305.5,80:02:9C:61:97:4A,0,0,NONE,2026-08-19T12:19:36.551216
45917,,-58,39,292,205,70472,59428,179839,0,99,0,0,0,14:33:5C:6D:AF:58,0,0,ARMED,60,0,0,80:02:9C:61:97:4B,11,32,408.6,80:02:9C:61:97:4A,0,0,NONE,2026-08-19T12:19:36.703216
45917,BEACON,-84,13,0,281,70472,59428,179931,0,99,0,0,0,14:33:5C:6D:AF:58,0,1,ARMED,60,0,1,80:02:9C:61:97:4B,11,34,493.2,80:02:9C:61:97:4A,0,0,NONE,2026-08-19T12:19:36.795216
45917,MGMT_OTHER,27,27,0,0,70472,59428,180048,0,99,0,0,0,14:33:5C:6D:AF:58,0,1,ARMED,60,0,0,80:02:9C:61:97:4B,11,39,473.3,80:02:9C:61:97:4A,0,0,NONE,2026-08-19T12:19:36.912216
45917,BEACON,-73,24,0,1393,70472,59428,180198,0,99,0,0,0,14:33:5C:6D:AF:58,0,1,ARMED,60,0,1,80:02:9C:61:97:4B,11,13,472.6,80:02:9C:61:97:4A,0,0,NONE,2026-08-19T12:19:37.062216
45917,MGMT_OTHER,36,36,0,0,70472,59428,180361,0,99,0,0,0,14:33:5C:6D:AF:58,0,1,ARMED,60,0,0,80:02:9C:61:97:4B,11,18,203.5,80:02:9C:61:97:4A,0,0,NONE,2026-08-19T12:19:37.225216
45917,MGMT_OTHER,36,36,0,0,70472,59428,180515,0,99,0,0,0,14:33:5C:6D:AF:58,0,1,ARMED,60,0,0,80:02:9C:61:97:4B,11,11,292.5,80:02:9C:61:97:4A,0,0,NONE,2026-08-19T12:19:37.379216
45917,MGMT_OTHER,37,37,0,0,70472,59428,180643,0,99,0,0,0,14:33:5C:6D:AF:58,0,0,ARMED,60,0,0,80:02:9C:61:97:4B,11,36,555.5,80:02:9C:61:97:4A,0,0,NONE,2026-08-19T12:19:37.507216
45917,,-57,40,18410,3433,70472,59428,180836,0,99,0,0,0,14:33:5C:6D:AF:58,0,1,ARMED,60,0,1,80:02:9C:61:97:4B,11,10,192.3,80:02:9C:61:97:4A,0,0,NONE,2026-08-19T12:19:37.700216
45917,,-54,43,157,3437,70472,59428,180936,0,99,0,0,0,14:33:5C:6D:AF:58,0,1,ARMED,60,0,0,80:02:9C:61:97:4B,11,28,549.6,80:02:9C:61:97:4A,0,0,NONE,2026-08-19T12:19:37.800216
45917,BEACON,-93,4,0,1552,70472,59428,181194,0,99,0,0,0,14:33:5C:6D:AF:58,0,0,ARMED,60,0,1,80:02:9C:61:97:4B,11,11,107.4,80:02:9C:61:97:4A,0,0,NONE,2026-08-19T12:19:38.058216
45917,,-55,42,371,188,70472,59428,181292,0,99,0,0,0,14:33:5C:6D:AF:58,0,0,ARMED,60,0,0,80:02:9C:61:97:4B,11,50,509.2,80:02:9C:61:97:4A,0,0,NONE,2026-08-19T12:19:38.156216
45917,MGMT_OTHER,41,41,0,0,70472,59428,181416,0,99,0,0,0,14:33:5C:6D:AF:58,0,1,ARMED,60,0,0,80:02:9C:61:97:4B,11,3,257.1,80:02:9C:61:97:4A,0,0,NONE,2026-08-19T12:19:38.280216
45917,MGMT_OTHER,32,32,0,0,70472,59428,181581,0,99,0,0,0,14:33:5C:6D:AF:58,0,1,ARMED,60,0,0,80:02:9C:61:97:4B,11,19,292.6,80:02:9C:61:97:4A,0,0,NONE,2026-08-19T12:19:38.445216
45917,MGMT_OTHER,34,34,0,0,70472,59428,181686,0,99,0,0,0,14:33:5C:6D:AF:58,0,1,ARMED,60,0,0,80:02:9C:61:97:4B,11,29,428.6,80:02:9C:61:97:4A,0,0,NONE,2026-08-19T12:19:38.550216
45917,BEACON,-94,3,0,1558,70412,59428,181808,0,99,0,0,0,14:33:5C:6D:AF:58,0,1,ARMED,60,0,1,80:02:9C:61:97:4B,11,40,456.1,80:02:9C:61:97:4A,0,0,NONE,2026-08-19T12:19:38.672216
45917,MGMT_OTHER,30,30,0,0,70472,59428,181897,0,99,0,0,0,14:33:5C:6D:AF:58,0,1,ARMED,60,0,0,80:02:9C:61:97:4B,11,43,584.6,80:02:9C:61:97:4A,0,0,NONE,2026-08-19T12:19:38.761216
45917,BEACON,-93,4,12731,3121,70472,59428,182004,0,99,0,0,0,14:33:5C:6D:AF:58,0,1,ARMED,60,0,1,80:02:9C:61:97:4B,11,37,477.5,80:02:9C:61:97:4A,0,0,NONE,2026-08-19T12:19:38.868216
45917,,-43,54,0,1224,70472,59428,182682,0,99,0,0,0,14:33:5C:6D:AF:58,0,0,ARMED,60,0,0,80:02:9C:61:97:4B,11,1,13.3,80:02:9C:61:97:4A,0,0,NONE,2026-08-19T12:19:39.546216
45917,,-72,25,0,1594,70472,59428,182867,0,99,0,0,0,14:33:5C:6D:AF:58,0,0,ARMED,60,0,0,80:02:9C:61:97:4B,11,24,1397.9,80:02:9C:61:97:4A,0,0,NONE,2026-08-19T12:19:39.731216
45917,MGMT_OTHER,-64,33,0,1425,70472,59428,182994,0,99,0,0,0,14:33:5C:6D:AF:58,0,1,ARMED,60,0,1,80:02:9C:61:97:4B,11,17,428.2,80:02:9C:61:97:4A,0,0,NONE,2026-08-19T12:19:39.858216
45917,,-64,33,0,506,70472,59428,183091,0,99,0,0,0,14:33:5C:6D:AF:58,0,1,ARMED,60,0,1,80:02:9C:61:97:4B,11,25,689.7,80:02:9C:61:97:4A,0,0,NONE,2026-08-19T12:19:39.955216
45917,,-66,31,288,258,70472,59428,183276,0,99,0,0,0,14:33:5C:6D:AF:58,0,1,ARMED,60,0,0,80:02:9C:61:97:4B,11,7,1092.4,80:02:9C:61:97:4A,0,0,NONE,2026-08-19T12:19:40.140216
45917,BEACON,-96,1,0,1574,70472,59428,183447,0,99,0,0,0,14:33:5C:6D:AF:58,0,1,ARMED,60,0,1,80:02:9C:61:97:4B,11,25,333.1,80:02:9C:61:97:4A,0,0,NONE,2026-08-19T12:19:40.311216
45917,MGMT_OTHER,40,40,0,0,70472,59428,183581,0,99,0,0,0,14:33:5C:6D:AF:58,0,1,ARMED,60,0,1,80:02:9C:61:97:4B,11,6,1273.9,80:02:9C:61:97:4A,0,0,NONE,2026-08-19T12:19:40.445216
45917,MGMT_OTHER,25,25,0,0,70472,59428,183779,0,99,0,0,0,14:33:5C:6D:AF:58,0,1,ARMED,60,0,0,80:02:9C:61:97:4B,11,21,209.9,80:02:9C:61:97:4A,0,0,NONE,2026-08-19T12:19:40.643216
45917,,-66,31,0,2,70472,59428,184014,0,99,0,0,0,14:33:5C:6D:AF:58,0,0,ARMED,60,0,0,80:02:9C:61:97:4B,11,10,358.7,80:02:9C:61:97:4A,0,0,NONE,2026-08-19T12:19:40.878216
45917,BEACON,-87,10,0,3284,70472,59428,184197,0,99,0,0,0,14:33:5C:6D:AF:58,0,0,ARMED,60,0,1,80:02:9C:61:97:4B,11,5,876.4,80:02:9C:61:97:4A,0,0,NONE,2026-08-19T12:19:41.061216
45917,MGMT_OTHER,41,41,0,0,70472,59428,184268,0,99,0,0,0,14:33:5C:6D:AF:58,0,0,ARMED,60,0,1,80:02:9C:61:97:4B,11,55,712.1,80:02:9C:61:97:4A,0,0,NONE,2026-08-19T12:19:41.132216
45917,BEACON,-86,11,0,3929,70472,59428,184406,0,99,0,0,0,14:33:5C:6D:AF:58,0,1,ARMED,60,0,1,80:02:9C:61:97:4B,11,8,674.3,80:02:9C:61:97:4A,0,0,NONE,2026-08-19T12:19:41.270216
45917,,-71,26,648,3949,70472,59428,184528,0,99,0,0,0,14:33:5C:6D:AF:58,0,1,ARMED,60,0,0,80:02:9C:61:97:4B,11,14,433.1,80:02:9C:61:97:4A,0,0,NONE,2026-08-19T12:19:41.392216
45917,MGMT_OTHER,25,25,0,0,70472,59428,184663,0,99,0,0,0,14:33:5C:6D:AF:58,0,1,ARMED,60,0,0,80:02:9C:61:97:4B,11,19,294.7,80:02:9C:61:97:4A,0,0,NONE,2026-08-19T12:19:41.527216
45917,,-61,36,288,286,70472,59428,184752,0,99,0,0,0,14:33:5C:6D:AF:58,0,1,ARMED,60,0,0,80:02:9C:61:97:4B,11,37,721,80:02:9C:61:97:4A,0,0,NONE,2026-08-19T12:19:41.616216
45917,,-55,42,0,243,70472,59428,184784,0,99,0,0,0,14:33:5C:6D:AF:58,0,1,ARMED,60,0,0,80:02:9C:61:97:4B,11,87,1044.4,80:02:9C:61:97:4A,0,0,NONE,2026-08-19T12:19:41.648216
45917,MGMT_OTHER,41,41,0,0,70472,59428,184872,0,99,0,0,0,14:33:5C:6D:AF:58,0,1,ARMED,60,0,0,80:02:9C:61:97:4B,11,28,417.6,80:02:9C:61:97:4A,0,0,NONE,2026-08-19T12:19:41.736216
45917,MGMT_OTHER,40,40,0,0,70472,59428,184959,0,99,0,0,0,14:33:5C:6D:AF:58,1,1,ARMED,60,0,0,80:02:9C:61:97:4B,11,32,624.1,80:02:9C:61:97:4A,0,0,NONE,2026-08-19T12:19:41.823216
45917,BEACON,-84,13,0,3936,70472,59428,185122,0,99,0,0,0,14:33:5C:6D:AF:58,0,1,ARMED,60,0,1,80:02:9C:61:97:4B,11,2,208.6,80:02:9C:61:97:4A,0,0,NONE,2026-08-19T12:19:41.986216
45917,,-52,45,0,1502,70472,59428,185202,0,99,0,0,0,14:33:5C:6D:AF:58,0,1,ARMED,60,0,0,80:02:9C:61:97:4B,11,52,584.8,80:02:9C:61:97:4A,0,0,NONE,2026-08-19T12:19:42.066216
45917,MGMT_OTHER,50,50,0,0,70472,59428,185276,0,99,0,0,0,14:33:5C:6D:AF:58,0,1,ARMED,60,0,0,80:02:9C:61:97:4B,11,46,752.2,80:02:9C:61:97:4A,0,0,NONE,2026-08-19T12:19:42.140216
45917,,-52,45,17610,3545,70472,59428,185416,0,99,0,0,0,14:33:5C:6D:AF:58,0,1,ARMED,60,0,1,80:02:9C:61:97:4B,11,35,356.1,80:02:9C:61:97:4A,0,0,NONE,2026-08-19T12:19:42.280216
45917,MGMT_OTHER,40,40,0,0,70472,59428,185642,0,99,0,0,0,14:33:5C:6D:AF:58,0,0,ARMED,60,0,0,80:02:9C:61:97:4B,11,8,468.9,80:02:9C:61:97:4A,0,0,NONE,2026-08-19T12:19:42.506216
45917,,-63,34,1890,511,70472,59428,185833,0,99,0,0,0,14:33:5C:6D:AF:58,0,0,ARMED,60,0,1,80:02:9C:61:97:4B,11,3,746.8,80:02:9C:61:97:4A,0,0,NONE,2026-08-19T12:19:42.697216
45917,BEACON,-69,28,54,1469,70472,59428,185932,0,99,0,0,0,14:33:5C:6D:AF:58,0,1,ARMED,60,0,1,80:02:9C:61:97:4B,11,53,517.6,80:02:9C:61:97:4A,0,0,NONE,2026-08-19T12:19:42.796216
45917,,-56,41,159,3373,70472,59428,186049,0,99,0,0,0,14:33:5C:6D:AF:58,0,0,ARMED,60,0,1,80:02:9C:61:97:4B,11,30,2035,80:02:9C:61:97:4A,0,0,NONE,2026-08-19T12:19:42.913216
45917,,-64,33,74,79,70472,59428,186069,0,99,0,0,0,14:33:5C:6D:AF:58,0,0,ARMED,60,0,1,80:02:9C:61:97:4B,11,80,2315.1,80:02:9C:61:97:4A,0,0,NONE,2026-08-19T12:19:42.933216
45917,,-56,41,283,3425,70388,59428,186104,0,99,0,0,0,14:33:5C:6D:AF:58,0,0,ARMED,60,0,0,80:02:9C:61:97:4B,11,130,1865.6,80:02:9C:61:97:4A,0,0,NONE,2026-08-19T12:19:42.968216
45917,,-71,26,0,537,69588,59428,186123,0,99,0,0,0,14:33:5C:6D:AF:58,0,0,ARMED,60,0,0,80:02:9C:61:97:4B,11,180,2025,80:02:9C:61:97:4A,0,0,NONE,2026-08-19T12:19:42.987216
45917,,-71,26,409,547,70472,59428,186152,0,99,0,0,0,14:33:5C:6D:AF:58,0,1,ARMED,60,0,1,80:02:9C:61:97:4B,11,49,9647.6,80:02:9C:61:97:4A,0,0,NONE,2026-08-19T12:19:43.016216
45917,,-56,41,746,3510,69828,59428,186160,0,99,0,0,0,14:33:5C:6D:AF:58,0,1,ARMED,60,0,1,80:02:9C:61:97:4B,11,99,7832.9,80:02:9C:61:97:4A,0,0,NONE,2026-08-19T12:19:43.024216
45917,,-56,41,825,3546,70472,59428,186180,0,99,0,0,0,14:33:5C:6D:AF:58,0,1,ARMED,60,0,0,80:02:9C:61:97:4B,11,149,4553.9,80:02:9C:61:97:4A,0,0,NONE,2026-08-19T12:19:43.044216
45917,,-56,41,266,3577,70472,59428,186194,0,99,0,0,0,14:33:5C:6D:AF:58,0,1,ARMED,60,0,0,80:02:9C:61:97:4B,11,199,4291.3,80:02:9C:61:97:4A,0,0,NONE,2026-08-19T12:19:43.058216
45917,,-56,41,267,3610,70444,59428,186214,0,99,0,0,0,14:33:5C:6D:AF:58,0,1,ARMED,60,0,0,80:02:9C:61:97:4B,11,249,3743.8,80:02:9C:61:97:4A,0,0,NONE,2026-08-19T12:19:43.078216
45917,,-56,41,266,3653,69828,59428,186227,0,99,0,0,0,14:33:5C:6D:AF:58,0,1,ARMED,60,0,0,80:02:9C:61:97:4B,11,299,3744,80:02:9C:61:97:4A,0,0,NONE,2026-08-19T12:19:43.091216
45917,,-56,41,266,3672,70472,59428,186290,0,99,0,0,0,14:33:5C:6D:AF:58,0,1,ARMED,60,0,0,80:02:9C:61:97:4B,11,16,373.2,80:02:9C:61:97:4A,0,0,NONE,2026-08-19T12:19:43.154216
45917,MGMT_OTHER,40,40,0,0,70472,59428,186310,0,99,0,0,0,14:33:5C:6D:AF:58,0,1,ARMED,60,0,1,80:02:9C:61:97:4B,11,66,1047.8,80:02:9C:61:97:4A,0,0,NONE,2026-08-19T12:19:43.174216
45917,,-56,41,283,3743,70444,59428,186331,0,99,0,0,0,14:33:5C:6D:AF:58,0,1,ARMED,60,0,0,80:02:9C:61:97:4B,11,116,1394,80:02:9C:61:97:4A,0,0,NONE,2026-08-19T12:19:43.195216
45917,,-71,26,0,609,69828,59428,186344,0,99,0,0,0,14:33:5C:6D:AF:58,0,1,ARMED,60,0,0,80:02:9C:61:97:4B,11,166,1714.9,80:02:9C:61:97:4A,0,0,NONE,2026-08-19T12:19:43.208216
45917,,-56,41,267,3805,70444,59428,186386,0,99,0,0,0,14:33:5C:6D:AF:58,1,1,ARMED,60,0,0,80:02:9C:61:97:4B,11,49,2827.3,80:02:9C:61:97:4A,0,0,NONE,2026-08-19T12:19:43.250216
45917,,-56,41,266,3845,69828,59428,186393,0,99,0,0,0,14:33:5C:6D:AF:58,1,1,ARMED,60,0,0,80:02:9C:61:97:4B,11,99,4006.6,80:02:9C:61:97:4A,0,0,NONE,2026-08-19T12:19:43.257216
45917,,-55,42,267,3889,70472,59428,186413,0,99,0,0,0,14:33:5C:6D:AF:58,1,1,ARMED,60,0,0,80:02:9C:61:97:4B,11,149,3313.1,80:02:9C:61:97:4A,0,0,NONE,2026-08-19T12:19:43.277216
45917,,-71,26,418,644,70472,59428,186421,0,99,0,0,0,14:33:5C:6D:AF:58,1,1,ARMED,60,0,1,80:02:9C:61:97:4B,11,199,3821.5,80:02:9C:61:97:4A,0,0,NONE,2026-08-19T12:19:43.285216
45917,,-72,25,0,651,70472,59428,186441,0,99,0,0,0,14:33:5C:6D:AF:58,1,1,ARMED,60,0,0,80:02:9C:61:97:4B,11,249,3452.7,80:02:9C:61:97:4A,0,0,NONE,2026-08-19T12:19:43.305216
45917,,-59,38,0,657,70472,59428,186493,0,99,0,0,0,14:33:5C:6D:AF:58,1,1,ARMED,60,0,0,80:02:9C:61:97:4B,11,16,724.1,80:02:9C:61:97:4A,0,0,NONE,2026-08-19T12:19:43.357216
45917,,-55,42,438,4019,70472,59428,186513,0,99,0,0,0,14:33:5C:6D:AF:58,1,1,ARMED,60,0,0,80:02:9C:61:97:4B,11,66,1557.8,80:02:9C:61:97:4A,0,0,NONE,2026-08-19T12:19:43.377216
45917,,-55,42,267,4055,70472,59428,186526,0,99,0,0,0,14:33:5C:6D:AF:58,1,1,ARMED,60,0,0,80:02:9C:61:97:4B,11,116,2081.2,80:02:9C:61:97:4A,0,0,NONE,2026-08-19T12:19:43.390216
45917,,-55,42,266,2,69828,59428,186546,0,99,0,0,0,14:33:5C:6D:AF:58,1,1,ARMED,60,0,0,80:02:9C:61:97:4B,11,166,2186.9,80:02:9C:61:97:4A,0,0,NONE,2026-08-19T12:19:43.410216
45917,,-72,25,435,685,70472,59428,186580,0,99,0,0,0,14:33:5C:6D:AF:58,1,1,ARMED,60,0,1,80:02:9C:61:97:4B,11,21,2295.3,80:02:9C:61:97:4A,0,0,NONE,2026-08-19T12:19:43.444216
45917,,-72,25,163,692,69032,59428,186611,0,99,0,0,0,14:33:5C:6D:AF:58,1,1,ARMED,60,0,0,80:02:9C:61:97:4B,11,71,1764.6,80:02:9C:61:97:4A,0,0,NONE,2026-08-19T12:19:43.475216
45917,,-55,42,266,72,69828,59428,186618,0,99,0,0,0,14:33:5C:6D:AF:58,1,1,ARMED,60,0,0,80:02:9C:61:97:4B,11,121,2539.1,80:02:9C:61:97:4A,0,0,NONE,2026-08-19T12:19:43.482216
45917,,-55,42,266,110,70444,59428,186638,0,99,0,0,0,14:33:5C:6D:AF:58,1,1,ARMED,60,0,0,80:02:9C:61:97:4B,11,171,2524.5,80:02:9C:61:97:4A,0,0,NONE,2026-08-19T12:19:43.502216
45917,MGMT_OTHER,50,50,0,0,70472,59428,186657,0,99,0,0,0,14:33:5C:6D:AF:58,1,1,ARMED,60,0,0,80:02:9C:61:97:4B,11,221,2553.9,80:02:9C:61:97:4A,0,0,NONE,2026-08-19T12:19:43.521216
45917,,-54,43,266,162,70472,59428,186690,0,99,0,0,0,14:33:5C:6D:AF:58,1,1,ARMED,60,0,0,80:02:9C:61:97:4B,11,49,2827,80:02:9C:61:97:4A,0,0,NONE,2026-08-19T12:19:43.554216
45917,,-54,43,283,175,70472,59428,186704,0,99,0,0,0,14:33:5C:6D:AF:58,1,1,ARMED,60,0,0,80:02:9C:61:97:4B,11,99,3184.4,80:02:9C:61:97:4A,0,0,NONE,2026-08-19T12:19:43.568216
45917,,-71,26,428,740,70472,59428,186724,0,99,0,0,0,14:33:5C:6D:AF:58,1,1,ARMED,60,0,1,80:02:9C:61:97:4B,11,149,2910.6,80:02:9C:61:97:4A,0,0,NONE,2026-08-19T12:19:43.588216
45917,,-55,42,287,247,70472,59428,186735,0,99,0,0,0,14:33:5C:6D:AF:58,1,1,ARMED,60,0,0,80:02:9C:61:97:4B,11,199,3158.4,80:02:9C:61:97:4A,0,0,NONE,2026-08-19T12:19:43.599216
45917,,-72,25,488,755,70472,59428,186759,0,99,0,0,0,14:33:5C:6D:AF:58,1,1,ARMED,60,0,0,80:02:9C:61:97:4B,11,249,2871.1,80:02:9C:61:97:4A,0,0,NONE,2026-08-19T12:19:43.623216
45917,,-72,25,0,761,70472,59428,186784,0,99,0,0,0,14:33:5C:6D:AF:58,1,1,ARMED,60,0,0,80:02:9C:61:97:4B,11,27,2812.5,80:02:9C:61:97:4A,0,0,NONE,2026-08-19T12:19:43.648216
45917,,-55,42,249,326,70472,59428,186815,0,99,0,0,0,14:33:5C:6D:AF:58,1,1,ARMED,60,0,0,80:02:9C:61:97:4B,11,77,1914.8,80:02:9C:61:97:4A,0,0,NONE,2026-08-19T12:19:43.679216
45917,,-71,26,127,775,70472,59428,186822,0,99,0,0,0,14:33:5C:6D:AF:58,1,1,ARMED,60,0,0,80:02:9C:61:97:4B,11,127,2686,80:02:9C:61:97:4A,0,0,NONE,2026-08-19T12:19:43.686216
45917,,-56,41,1663,402,70472,59428,186842,0,99,0,0,0,14:33:5C:6D:AF:58,1,1,ARMED,60,0,0,80:02:9C:61:97:4B,11,177,2627.1,80:02:9C:61:97:4A,0,0,NONE,2026-08-19T12:19:43.706216
45917,,-54,43,267,409,70472,59428,186895,0,99,0,0,0,14:33:5C:6D:AF:58,1,1,ARMED,60,0,0,80:02:9C:61:97:4B,11,9,506.9,80:02:9C:61:97:4A,0,0,NONE,2026-08-19T12:19:43.759216
45917,,-54,43,267,435,70472,59428,186916,0,99,0,0,0,14:33:5C:6D:AF:58,1,1,ARMED,60,0,0,80:02:9C:61:97:4B,11,59,1553.9,80:02:9C:61:97:4A,0,0,NONE,2026-08-19T12:19:43.780216
45917,,-55,42,266,473,70472,59428,186931,0,99,0,0,0,14:33:5C:6D:AF:58,1,1,ARMED,60,0,0,80:02:9C:61:97:4B,11,109,2059.2,80:02:9C:61:97:4A,0,0,NONE,2026-08-19T12:19:43.795216
45917,,-55,42,266,509,70472,59428,186951,0,99,0,0,0,14:33:5C:6D:AF:58,1,1,ARMED,60,0,0,80:02:9C:61:97:4B,11,159,2176.1,80:02:9C:61:97:4A,0,0,NONE,2026-08-19T12:19:43.815216
45917,,-55,42,429,540,70472,59428,186970,0,99,0,0,0,14:33:5C:6D:AF:58,1,1,ARMED,60,0,0,80:02:9C:61:97:4B,11,209,2255,80:02:9C:61:97:4A,0,0,NONE,2026-08-19T12:19:43.834216
45917,MGMT_OTHER,41,41,0,0,70472,59428,187003,0,99,0,0,0,14:33:5C:6D:AF:58,1,1,ARMED,60,0,1,80:02:9C:61:97:4B,11,49,2829.9,80:02:9C:61:97:4A,0,0,NONE,2026-08-19T12:19:43.867216
45917,,-54,43,267,585,69032,59428,187088,0,99,0,0,0,14:33:5C:6D:AF:58,1,1,ARMED,60,0,0,80:02:9C:61:97:4B,11,5,1914.2,80:02:9C:61:97:4A,0,0,NONE,2026-08-19T12:19:43.952216
45917,,-55,42,266,620,69980,59428,187126,0,99,0,0,0,14:33:5C:6D:AF:58,1,1,ARMED,60,0,0,80:02:9C:61:97:4B,11,55,1372.8,80:02:9C:61:97:4A,0,0,NONE,2026-08-19T12:19:43.990216
45917,,-55,42,267,651,69828,59428,187133,0,99,0,0,0,14:33:5C:6D:AF:58,1,1,ARMED,60,0,0,80:02:9C:61:97:4B,11,105,2212.6,80:02:9C:61:97:4A,0,0,NONE,2026-08-19T12:19:43.997216
45917,,-55,42,266,668,70472,59428,187153,0,99,0,0,0,14:33:5C:6D:AF:58,1,1,ARMED,60,0,0,80:02:9C:61:97:4B,11,155,2297.2,80:02:9C:61:97:4A,0,0,NONE,2026-08-19T12:19:44.017216
45917,,-55,42,287,682,70472,59428,187178,0,99,0,0,0,14:33:5C:6D:AF:58,1,1,ARMED,60,0,0,80:02:9C:61:97:4B,11,205,2228.9,80:02:9C:61:97:4A,0,0,NONE,2026-08-19T12:19:44.042216
45917,,-72,25,0,866,70444,59428,187210,0,99,0,0,0,14:33:5C:6D:AF:58,1,1,ARMED,60,0,0,80:02:9C:61:97:4B,11,49,2825.5,80:02:9C:61:97:4A,0,0,NONE,2026-08-19T12:19:44.074216
45917,MGMT_OTHER,41,41,0,0,70472,59428,187220,0,99,0,0,0,14:33:5C:6D:AF:58,1,1,ARMED,60,0,1,80:02:9C:61:97:4B,11,99,3684.1,80:02:9C:61:97:4A,0,0,NONE,2026-08-19T12:19:44.084216
45917,,-55,42,287,787,70472,59428,187240,0,99,0,0,0,14:33:5C:6D:AF:58,1,1,ARMED,60,0,0,80:02:9C:61:97:4B,11,149,3172.4,80:02:9C:61:97:4A,0,0,NONE,2026-08-19T12:19:44.104216
45917,,-55,42,287,815,70472,59428,187257,0,99,0,0,0,14:33:5C:6D:AF:58,1,1,ARMED,60,0,0,80:02:9C:61:97:4B,11,199,3111.6,80:02:9C:61:97:4A,0,0,NONE,2026-08-19T12:19:44.121216
45917,,-55,42,287,846,70472,59428,187281,0,99,0,0,0,14:33:5C:6D:AF:58,1,1,ARMED,60,0,0,80:02:9C:61:97:4B,11,249,2828.3,80:02:9C:61:97:4A,0,0,NONE,2026-08-19T12:19:44.145216
45917,MGMT_OTHER,41,41,0,0,70472,59428,187429,0,99,0,0,0,14:33:5C:6D:AF:58,1,0,ARMED,60,0,1,80:02:9C:61:97:4B,11,4,167.3,80:02:9C:61:97:4A,0,0,NONE,2026-08-19T12:19:44.293216
45917,,-61,36,292,323,70472,59428,187659,0,99,0,0,0,14:33:5C:6D:AF:58,0,0,ARMED,60,0,0,80:02:9C:61:97:4B,11,24,493.3,80:02:9C:61:97:4A,0,1,ARP_SPOOF,2026-08-19T12:19:44.523216
45917,,-59,38,1389,333,70472,59428,187826,0,99,0,0,0,14:33:5C:6D:AF:58,0,0,ARMED,60,0,1,80:02:9C:61:97:4B,11,6,569.2,80:02:9C:61:97:4A,0,1,ARP_SPOOF,2026-08-19T12:19:44.690216
45917,MGMT_OTHER,41,41,0,0,70472,59428,187970,0,99,0,0,0,14:33:5C:6D:AF:58,0,1,ARMED,60,0,0,80:02:9C:61:97:4B,11,22,422.7,80:02:9C:61:97:4A,0,1,ARP_SPOOF,2026-08-19T12:19:44.834216
45917,,-60,37,482,339,70472,59428,188220,0,99,0,0,0,14:33:5C:6D:AF:58,0,0,ARMED,60,0,0,80:02:9C:61:97:4B,11,17,173.4,80:02:9C:61:97:4A,0,1,ARP_SPOOF,2026-08-19T12:19:45.084216
45917,BEACON,-87,10,0,3968,70472,59428,188399,0,99,0,0,0,14:33:5C:6D:AF:58,0,1,ARMED,60,0,1,80:02:9C:61:97:4B,11,7,111.1,80:02:9C:61:97:4A,0,1,ARP_SPOOF,2026-08-19T12:19:45.263216
45917,MGMT_OTHER,-59,38,1012,3213,70472,59428,188620,0,99,0,0,0,14:33:5C:6D:AF:58,0,0,ARMED,60,0,1,80:02:9C:61:97:4B,11,23,291,80:02:9C:61:97:4A,0,1,ARP_SPOOF,2026-08-19T12:19:45.484216
45917,,-52,45,0,1587,70472,59428,188868,0,99,0,0,0,14:33:5C:6D:AF:58,0,0,ARMED,60,0,0,80:02:9C:61:97:4B,11,8,394.8,80:02:9C:61:97:4A,0,1,ARP_SPOOF,2026-08-19T12:19:45.732216
45917,,-70,27,0,1507,70472,59428,188997,0,99,0,0,0,14:33:5C:6D:AF:58,0,1,ARMED,60,0,0,80:02:9C:61:97:4B,11,27,576.5,80:02:9C:61:97:4A,0,1,ARP_SPOOF,2026-08-19T12:19:45.861216
45917,,-67,30,0,1513,70472,59428,189054,0,99,0,0,0,14:33:5C:6D:AF:58,0,1,ARMED,60,0,0,80:02:9C:61:97:4B,11,4,1219.1,80:02:9C:61:97:4A,0,1,ARP_SPOOF,2026-08-19T12:19:45.918216
45917,MGMT_OTHER,41,41,0,0,70472,59428,189274,0,99,0,0,0,14:33:5C:6D:AF:58,0,0,ARMED,60,0,0,80:02:9C:61:97:4B,11,14,863.9,80:02:9C:61:97:4A,0,1,ARP_SPOOF,2026-08-19T12:19:46.138216
45917,,-71,26,0,4027,70444,59428,189482,0,99,0,0,0,14:33:5C:6D:AF:58,0,0,ARMED,60,0,1,80:02:9C:61:97:4B,11,6,313.3,80:02:9C:61:97:4A,0,1,ARP_SPOOF,2026-08-19T12:19:46.346216
45917,,-55,42,311,874,70472,59428,189533,0,99,0,0,0,14:33:5C:6D:AF:58,0,0,ARMED,60,0,0,80:02:9C:61:97:4B,11,56,797.9,80:02:9C:61:97:4A,0,1,ARP_SPOOF,2026-08-19T12:19:46.397216
45917,,-55,42,287,905,70472,59428,189560,0,99,0,0,0,14:33:5C:6D:AF:58,0,0,ARMED,60,0,0,80:02:9C:61:97:4B,11,106,1089.8,80:02:9C:61:97:4A,0,1,ARP_SPOOF,2026-08-19T12:19:46.424216
45917,,-55,42,267,954,70472,59428,189576,0,99,0,0,0,14:33:5C:6D:AF:58,0,1,ARMED,60,0,0,80:02:9C:61:97:4B,11,44,3221.3,80:02:9C:61:97:4A,0,1,ARP_SPOOF,2026-08-19T12:19:46.440216
45917,,-55,42,0,972,70472,59428,189606,0,99,0,0,0,14:33:5C:6D:AF:58,0,1,ARMED,60,0,1,80:02:9C:61:97:4B,11,94,2180.4,80:02:9C:61:97:4A,0,1,ARP_SPOOF,2026-08-19T12:19:46.470216
45917,,-56,41,762,996,70472,59428,189626,0,99,0,0,0,14:33:5C:6D:AF:58,0,1,ARMED,60,0,0,80:02:9C:61:97:4B,11,144,2257.9,80:02:9C:61:97:4A,0,1,ARP_SPOOF,2026-08-19T12:19:46.490216
45917,,-55,42,267,1038,70444,59428,189646,0,99,0,0,0,14:33:5C:6D:AF:58,0,1,ARMED,60,0,0,80:02:9C:61:97:4B,11,194,2309.2,80:02:9C:61:97:4A,0,1,ARP_SPOOF,2026-08-19T12:19:46.510216
45917,,-55,42,702,1079,70472,59428,189662,0,99,0,0,0,14:33:5C:6D:AF:58,0,1,ARMED,60,0,0,80:02:9C:61:97:4B,11,244,2441.4,80:02:9C:61:97:4A,0,1,ARP_SPOOF,2026-08-19T12:19:46.526216
45917,,-55,42,511,1119,70472,59428,189695,0,99,0,0,0,14:33:5C:6D:AF:58,1,1,ARMED,60,0,1,80:02:9C:61:97:4B,11,49,2826.8,80:02:9C:61:97:4A,0,1,ARP_SPOOF,2026-08-19T12:19:46.559216
45917,,-55,42,267,1155,70472,59428,189732,0,99,0,0,0,14:33:5C:6D:AF:58,1,1,ARMED,60,0,0,80:02:9C:61:97:4B,11,99,1818,80:02:9C:61:97:4A,0,1,ARP_SPOOF,2026-08-19T12:19:46.596216
45917,,-55,42,267,1193,70472,59428,189765,0,99,0,0,0,14:33:5C:6D:AF:58,1,1,ARMED,60,0,0,80:02:9C:61:97:4B,11,149,1709.1,80:02:9C:61:97:4A,0,1,ARP_SPOOF,2026-08-19T12:19:46.629216
45917,,-55,42,560,1232,69828,59428,189772,0,99,0,0,0,14:33:5C:6D:AF:58,1,1,ARMED,60,0,0,80:02:9C:61:97:4B,11,199,2109.7,80:02:9C:61:97:4A,0,1,ARP_SPOOF,2026-08-19T12:19:46.636216
45917,,-55,42,267,1266,70472,59428,189816,0,99,0,0,0,14:33:5C:6D:AF:58,1,1,ARMED,60,0,0,80:02:9C:61:97:4B,11,49,1681,80:02:9C:61:97:4A,0,1,ARP_SPOOF,2026-08-19T12:19:46.680216
45917,,-72,25,11500,4039,70472,59428,189849,0,99,0,0,0,14:33:5C:6D:AF:58,1,1,ARMED,60,0,1,80:02:9C:61:97:4B,11,99,1593.2,80:02:9C:61:97:4A,0,1,ARP_SPOOF,2026-08-19T12:19:46.713216
45917,,-55,42,267,1328,70444,59428,189869,0,99,0,0,0,14:33:5C:6D:AF:58,1,1,ARMED,60,0,0,80:02:9C:61:97:4B,11,149,1810.5,80:02:9C:61:97:4A,0,1,ARP_SPOOF,2026-08-19T12:19:46.733216
45917,,-55,42,266,1361,70472,59428,189890,0,99,0,0,0,14:33:5C:6D:AF:58,1,1,ARMED,60,0,0,80:02:9C:61:97:4B,11,3,1164.1,80:02:9C:61:97:4A,0,1,ARP_SPOOF,2026-08-19T12:19:46.754216
45917,,-71,26,409,1028,70472,59428,189919,0,99,0,0,0,14:33:5C:6D:AF:58,1,1,ARMED,60,0,1,80:02:9C:61:97:4B,11,53,1695.6,80:02:9C:61:97:4A,0,1,ARP_SPOOF,2026-08-19T12:19:46.783216
45917,MGMT_OTHER,41,41,0,0,69828,59428,189926,0,99,0,0,0,14:33:5C:6D:AF:58,1,1,ARMED,60,0,1,80:02:9C:61:97:4B,11,103,2666.5,80:02:9C:61:97:4A,0,1,ARP_SPOOF,2026-08-19T12:19:46.790216
45917,,-55,42,0,1465,70472,59428,189946,0,99,0,0,0,14:33:5C:6D:AF:58,1,1,ARMED,60,0,1,80:02:9C:61:97:4B,11,153,2587.4,80:02:9C:61:97:4A,0,1,ARP_SPOOF,2026-08-19T12:19:46.810216
45917,,-55,42,266,1501,70472,59428,189963,0,99,0,0,0,14:33:5C:6D:AF:58,1,1,ARMED,60,0,0,80:02:9C:61:97:4B,11,203,2674.9,80:02:9C:61:97:4A,0,1,ARP_SPOOF,2026-08-19T12:19:46.827216
45917,,-72,25,0,1052,69032,59428,190010,0,99,0,0,0,14:33:5C:6D:AF:58,1,1,ARMED,60,0,0,80:02:9C:61:97:4B,11,49,2218.2,80:02:9C:61:97:4A,0,1,ARP_SPOOF,2026-08-19T12:19:46.874216
45917,,-56,41,423,1551,70472,59428,190052,0,99,0,0,0,14:33:5C:6D:AF:58,1,1,ARMED,60,0,0,80:02:9C:61:97:4B,11,99,1541.8,80:02:9C:61:97:4A,0,1,ARP_SPOOF,2026-08-19T12:19:46.916216
45917,,-73,24,262,1065,70472,59428,190072,0,99,0,0,0,14:33:5C:6D:AF:58,1,1,ARMED,60,0,0,80:02:9C:61:97:4B,11,149,1764.4,80:02:9C:61:97:4A,0,1,ARP_SPOOF,2026-08-19T12:19:46.936216
45917,,-55,42,267,1622,69828,59428,190087,0,99,0,0,0,14:33:5C:6D:AF:58,1,1,ARMED,60,0,0,80:02:9C:61:97:4B,11,199,1995.5,80:02:9C:61:97:4A,0,1,ARP_SPOOF,2026-08-19T12:19:46.951216
45917,,-55,42,267,1660,70400,59428,190120,0,99,0,0,0,14:33:5C:6D:AF:58,1,1,ARMED,60,0,0,80:02:9C:61:97:4B,11,49,2827.6,80:02:9C:61:97:4A,0,1,ARP_SPOOF,2026-08-19T12:19:46.984216
45917,,-56,41,658,1681,70472,59428,190127,0,99,0,0,0,14:33:5C:6D:AF:58,1,1,ARMED,60,0,0,80:02:9C:61:97:4B,11,99,4065.5,80:02:9C:61:97:4A,0,1,ARP_SPOOF,2026-08-19T12:19:46.991216
45917,,-55,42,156,1685,70472,59428,190231,0,99,0,0,0,14:33:5C:6D:AF:58,1,1,ARMED,60,0,1,80:02:9C:61:97:4B,11,7,630.4,EC:75:0C:53:67:7F,1,1,ARP_SPOOF,2026-08-19T12:19:47.095216
45917,,-55,42,378,1703,70472,59428,190284,0,99,0,0,0,14:33:5C:6D:AF:58,1,1,ARMED,60,0,0,80:02:9C:61:97:4B,11,57,883.3,EC:75:0C:53:67:7F,1,1,ARP_SPOOF,2026-08-19T12:19:47.148216
45917,,-55,42,178,1730,69032,59428,190304,0,99,0,0,0,14:33:5C:6D:AF:58,1,1,ARMED,60,0,1,80:02:9C:61:97:4B,11,107,1263.1,EC:75:0C:53:67:7F,1,1,ARP_SPOOF,2026-08-19T12:19:47.168216
45917,,-56,41,286,1766,69828,59428,190316,0,99,0,0,0,14:33:5C:6D:AF:58,1,1,ARMED,60,0,0,80:02:9C:61:97:4B,11,157,1633.1,EC:75:0C:53:67:7F,1,1,ARP_SPOOF,2026-08-19T12:19:47.180216
45917,,-56,41,493,1796,69032,59428,190357,0,99,0,0,0,14:33:5C:6D:AF:58,1,1,ARMED,60,0,0,80:02:9C:61:97:4B,11,49,2828.6,EC:75:0C:53:67:7F,1,1,ARP_SPOOF,2026-08-19T12:19:47.221216
45917,,-56,41,286,1814,69828,59428,190364,0,99,0,0,0,14:33:5C:6D:AF:58,1,1,ARMED,60,0,0,80:02:9C:61:97:4B,11,99,4062,EC:75:0C:53:67:7F,1,1,ARP_SPOOF,2026-08-19T12:19:47.228216
45917,,-55,42,286,1841,70472,59428,190385,0,99,0,0,0,14:33:5C:6D:AF:58,1,1,ARMED,60,0,0,80:02:9C:61:97:4B,11,149,3345.5,EC:75:0C:53:67:7F,1,1,ARP_SPOOF,2026-08-19T12:19:47.249216
45917,,-55,42,256,1883,69828,59428,190392,0,99,0,0,0,14:33:5C:6D:AF:58,1,1,ARMED,60,0,1,80:02:9C:61:97:4B,11,199,3857.6,EC:75:0C:53:67:7F,1,1,ARP_SPOOF,2026-08-19T12:19:47.256216
45917,,-69,28,2789,4068,70472,59428,190418,0,99,0,0,0,14:33:5C:6D:AF:58,1,1,ARMED,60,0,0,80:02:9C:61:97:4B,11,249,3207.4,EC:75:0C:53:67:7F,1,1,ARP_SPOOF,2026-08-19T12:19:47.282216
45917,MGMT_OTHER,40,40,0,0,70472,59428,190579,0,99,0,0,0,14:33:5C:6D:AF:58,1,1,ARMED,60,0,0,80:02:9C:61:97:4B,11,6,180.5,EC:75:0C:53:67:7F,1,1,ARP_SPOOF,2026-08-19T12:19:47.443216
45917,MGMT_OTHER,28,28,0,0,70472,59428,190855,0,99,0,0,0,14:33:5C:6D:AF:58,0,0,ARMED,60,0,1,80:02:9C:61:97:4B,11,20,198.1,EC:75:0C:53:67:7F,1,1,ARP_SPOOF,2026-08-19T12:19:47.719216
45917,MGMT_OTHER,41,41,0,0,70472,59428,191053,0,99,0,0,0,14:33:5C:6D:AF:58,0,1,ARMED,60,0,1,80:02:9C:61:97:4B,11,15,159.2,EC:75:0C:53:67:7F,1,1,ARP_SPOOF,2026-08-19T12:19:47.917216
45917,MGMT_OTHER,41,41,0,0,70472,59428,191215,0,99,0,0,0,14:33:5C:6D:AF:58,0,1,ARMED,60,0,0,80:02:9C:61:97:4B,11,6,189.8,EC:75:0C:53:67:7F,1,1,ARP_SPOOF,2026-08-19T12:19:48.079216
45917,,-45,52,0,1643,70472,59428,191324,0,99,0,0,0,14:33:5C:6D:AF:58,0,1,ARMED,60,0,0,80:02:9C:61:97:4B,11,10,265.9,EC:75:0C:53:67:7F,1,1,ARP_SPOOF,2026-08-19T12:19:48.188216
45917,,-45,52,0,1657,70472,59428,191505,0,99,0,0,0,14:33:5C:6D:AF:58,0,0,ARMED,60,0,1,80:02:9C:61:97:4B,11,13,966.1,EC:75:0C:53:67:7F,1,1,ARP_SPOOF,2026-08-19T12:19:48.369216
45917,MGMT_OTHER,40,40,0,0,70472,59428,191655,0,99,0,0,0,14:33:5C:6D:AF:58,0,1,ARMED,60,0,0,80:02:9C:61:97:4B,11,29,459.4,EC:75:0C:53:67:7F,1,1,ARP_SPOOF,2026-08-19T12:19:48.519216
45917,MGMT_OTHER,40,40,0,0,70472,59428,191722,0,99,0,0,0,14:33:5C:6D:AF:58,0,1,ARMED,60,0,1,80:02:9C:61:97:4B,11,13,451.4,EC:75:0C:53:67:7F,1,1,ARP_SPOOF,2026-08-19T12:19:48.586216
45917,,-44,53,166,3584,70472,59428,191776,0,99,0,0,0,14:33:5C:6D:AF:58,0,1,ARMED,60,0,0,80:02:9C:61:97:4B,11,63,759.6,EC:75:0C:53:67:7F,1,1,ARP_SPOOF,2026-08-19T12:19:48.640216
45917,MGMT_OTHER,28,28,0,0,70472,59428,191851,0,99,0,0,0,14:33:5C:6D:AF:58,0,1,ARMED,60,0,0,80:02:9C:61:97:4B,11,31,531.9,EC:75:0C:53:67:7F,1,1,ARP_SPOOF,2026-08-19T12:19:48.715216
45917,BEACON,-71,26,0,1551,70472,59428,191973,0,99,0,0,0,14:33:5C:6D:AF:58,0,1,ARMED,60,0,1,80:02:9C:61:97:4B,11,22,281.7,EC:75:0C:53:67:7F,1,1,ARP_SPOOF,2026-08-19T12:19:48.837216
45917,MGMT_OTHER,29,29,0,0,70472,59428,192142,0,99,0,0,0,14:33:5C:6D:AF:58,0,0,ARMED,60,0,1,80:02:9C:61:97:4B,11,21,496.3,EC:75:0C:53:67:7F,1,1,ARP_SPOOF,2026-08-19T12:19:49.006216
45917,MGMT_OTHER,39,39,0,0,70472,59428,192248,0,99,0,0,0,14:33:5C:6D:AF:58,0,1,ARMED,60,0,0,80:02:9C:61:97:4B,11,30,652.4,EC:75:0C:53:67:7F,1,1,ARP_SPOOF,2026-08-19T12:19:49.112216
45917,MGMT_OTHER,28,28,0,0,70472,59428,192331,0,99,0,0,0,14:33:5C:6D:AF:58,0,1,ARMED,60,0,0,80:02:9C:61:97:4B,11,21,730.9,EC:75:0C:53:67:7F,1,1,ARP_SPOOF,2026-08-19T12:19:49.195216
45917,BEACON,-66,31,0,1555,70472,59428,192387,0,99,0,0,0,14:33:5C:6D:AF:58,0,1,ARMED,60,0,1,80:02:9C:61:97:4B,11,71,844.6,EC:75:0C:53:67:7F,1,1,ARP_SPOOF,2026-08-19T12:19:49.251216
45917,MGMT_OTHER,41,41,0,0,70472,59428,192444,0,99,0,0,0,14:33:5C:6D:AF:58,0,1,ARMED,60,0,0,80:02:9C:61:97:4B,11,49,1508.2,EC:75:0C:53:67:7F,1,1,ARP_SPOOF,2026-08-19T12:19:49.308216
45917,,-69,28,0,4087,70472,59428,192498,0,99,0,0,0,14:33:5C:6D:AF:58,0,1,ARMED,60,0,0,80:02:9C:61:97:4B,11,99,1146.8,EC:75:0C:53:67:7F,1,1,ARP_SPOOF,2026-08-19T12:19:49.362216
45917,,-47,50,0,1676,69032,59428,192542,0,99,0,0,0,14:33:5C:6D:AF:58,0,1,ARMED,60,0,0,80:02:9C:61:97:4B,11,49,1699.2,EC:75:0C:53:67:7F,1,1,ARP_SPOOF,2026-08-19T12:19:49.406216
45917,MGMT_OTHER,40,40,0,0,70472,59428,192639,0,99,0,0,0,14:33:5C:6D:AF:58,1,1,ARMED,60,0,0,80:02:9C:61:97:4B,11,8,339.5,EC:75:0C:53:67:7F,1,1,ARP_SPOOF,2026-08-19T12:19:49.503216
45917,MGMT_OTHER,41,41,0,0,70472,59428,192711,0,99,0,0,0,14:33:5C:6D:AF:58,1,1,ARMED,60,0,0,80:02:9C:61:97:4B,11,58,603.8,EC:75:0C:53:67:7F,1,1,ARP_SPOOF,2026-08-19T12:19:49.575216
45917,,-71,26,0,0,70472,59428,192832,0,99,0,0,0,14:33:5C:6D:AF:58,1,1,ARMED,60,0,0,80:02:9C:61:97:4B,11,6,468.9,EC:75:0C:53:67:7F,1,1,ARP_SPOOF,2026-08-19T12:19:49.696216
45917,MGMT_OTHER,41,41,0,0,70472,59428,192920,0,99,0,0,0,14:33:5C:6D:AF:58,0,1,ARMED,60,0,0,80:02:9C:61:97:4B,11,56,555.7,EC:75:0C:53:67:7F,1,1,ARP_SPOOF,2026-08-19T12:19:49.784216
45917,MGMT_OTHER,31,31,0,0,70472,59428,193151,0,99,0,0,0,14:33:5C:6D:AF:58,0,0,ARMED,60,0,1,80:02:9C:61:97:4B,11,6,224.5,EC:75:0C:53:67:7F,1,1,ARP_SPOOF,2026-08-19T12:19:50.015216
45917,MGMT_OTHER,31,31,0,0,70472,59428,193261,0,99,0,0,0,14:33:5C:6D:AF:58,0,1,ARMED,60,0,0,80:02:9C:61:97:4B,11,15,461.8,EC:75:0C:53:67:7F,1,1,ARP_SPOOF,2026-08-19T12:19:50.125216
45917,MGMT_OTHER,40,40,0,0,70472,59428,193340,0,99,0,0,0,14:33:5C:6D:AF:58,0,1,ARMED,60,0,0,80:02:9C:61:97:4B,11,4,1036.8,EC:75:0C:53:67:7F,1,1,ARP_SPOOF,2026-08-19T12:19:50.204216
45917,BEACON,-92,5,0,3233,70472,59428,193473,0,99,0,0,0,14:33:5C:6D:AF:58,0,1,ARMED,60,0,1,80:02:9C:61:97:4B,11,13,358.4,EC:75:0C:53:67:7F,1,1,ARP_SPOOF,2026-08-19T12:19:50.337216
45917,,-59,38,2200,422,70236,59428,193658,0,99,0,0,0,14:33:5C:6D:AF:58,0,0,ARMED,60,0,0,80:02:9C:61:97:4B,11,19,3752.7,EC:75:0C:53:67:7F,1,1,ARP_SPOOF,2026-08-19T12:19:50.522216
45917,MGMT_OTHER,39,39,0,0,70472,59428,193826,0,99,0,0,0,14:33:5C:6D:AF:58,0,1,ARMED,60,0,0,80:02:9C:61:97:4B,11,21,293.7,EC:75:0C:53:67:7F,1,1,ARP_SPOOF,2026-08-19T12:19:50.690216
45917,MGMT_OTHER,29,29,0,0,70472,59428,194024,0,99,0,0,0,14:33:5C:6D:AF:58,0,0,ARMED,60,0,1,80:02:9C:61:97:4B,11,22,340.6,EC:75:0C:53:67:7F,1,1,ARP_SPOOF,2026-08-19T12:19:50.888216
45917,MGMT_OTHER,29,29,0,0,70472,59428,194077,0,99,0,0,0,14:33:5C:6D:AF:58,0,1,ARMED,60,0,0,80:02:9C:61:97:4B,11,26,1440.3,EC:75:0C:53:67:7F,1,1,ARP_SPOOF,2026-08-19T12:19:50.941216
45917,MGMT_OTHER,29,29,0,0,70472,59428,194130,0,99,0,0,0,14:33:5C:6D:AF:58,0,1,ARMED,60,0,0,80:02:9C:61:97:4B,11,76,1074.4,EC:75:0C:53:67:7F,1,1,ARP_SPOOF,2026-08-19T12:19:50.994216
45917,MGMT_OTHER,40,40,0,0,70472,59428,194194,0,99,0,0,0,14:33:5C:6D:AF:58,0,1,ARMED,60,0,0,80:02:9C:61:97:4B,11,33,1110.3,EC:75:0C:53:67:7F,1,1,ARP_SPOOF,2026-08-19T12:19:51.058216
45917,MGMT_OTHER,40,40,0,0,70472,59428,194277,0,99,0,0,0,14:33:5C:6D:AF:58,1,1,ARMED,60,0,0,80:02:9C:61:97:4B,11,9,934.5,EC:75:0C:53:67:7F,1,1,ARP_SPOOF,2026-08-19T12:19:51.141216
45917,,-34,63,0,45,70472,59428,194371,0,99,0,0,0,14:33:5C:6D:AF:58,1,1,ARMED,60,0,1,80:02:9C:61:97:4B,11,1,469.9,EC:75:0C:53:67:7F,1,1,ARP_SPOOF,2026-08-19T12:19:51.235216
45917,,-57,40,291,431,70472,59428,194450,0,99,0,0,0,14:33:5C:6D:AF:58,1,1,ARMED,60,0,0,80:02:9C:61:97:4B,11,51,624,EC:75:0C:53:67:7F,1,1,ARP_SPOOF,2026-08-19T12:19:51.314216
45917,MGMT_OTHER,40,40,0,0,70472,59428,194497,0,99,0,0,0,14:33:5C:6D:AF:58,0,1,ARMED,60,0,1,80:02:9C:61:97:4B,11,49,2191.8,EC:75:0C:53:67:7F,1,1,ARP_SPOOF,2026-08-19T12:19:51.361216
45917,MGMT_OTHER,39,39,0,0,70472,59428,194685,0,99,0,0,0,14:33:5C:6D:AF:58,0,0,ARMED,60,0,0,80:02:9C:61:97:4B,11,27,263.9,EC:75:0C:53:67:7F,1,1,ARP_SPOOF,2026-08-19T12:19:51.549216
45917,BEACON,-83,14,17813,427,70388,59428,194882,0,99,0,0,0,14:33:5C:6D:AF:58,0,1,ARMED,60,0,1,80:02:9C:61:97:4B,11,17,180.1,EC:75:0C:53:67:7F,1,1,ARP_SPOOF,2026-08-19T12:19:51.746216
45917,MGMT_OTHER,30,30,0,0,70472,59428,195027,0,99,0,0,0,14:33:5C:6D:AF:58,0,0,ARMED,60,0,0,80:02:9C:61:97:4B,11,16,407.7,EC:75:0C:53:67:7F,1,1,ARP_SPOOF,2026-08-19T12:19:51.891216
45917,,-55,42,0,438,70472,59428,195203,0,99,0,0,0,14:33:5C:6D:AF:58,0,0,ARMED,60,0,1,80:02:9C:61:97:4B,11,3,350.9,EC:75:0C:53:67:7F,1,1,ARP_SPOOF,2026-08-19T12:19:52.067216
45917,,-55,42,0,460,69288,59428,195247,0,99,0,0,0,14:33:5C:6D:AF:58,0,0,ARMED,60,0,0,80:02:9C:61:97:4B,11,53,1016.4,EC:75:0C:53:67:7F,1,1,ARP_SPOOF,2026-08-19T12:19:52.111216
45917,,-41,56,0,3649,70472,59428,195331,0,99,0,0,0,14:33:5C:6D:AF:58,0,1,ARMED,60,0,1,80:02:9C:61:97:4B,11,19,533.4,EC:75:0C:53:67:7F,1,1,ARP_SPOOF,2026-08-19T12:19:52.195216
45917,BEACON,-65,32,0,1587,70472,59428,195455,0,99,0,0,0,14:33:5C:6D:AF:58,0,1,ARMED,60,0,1,80:02:9C:61:97:4B,11,26,485.3,EC:75:0C:53:67:7F,1,1,ARP_SPOOF,2026-08-19T12:19:52.319216
45917,MGMT_OTHER,28,28,0,0,70472,59428,195657,0,99,0,0,0,14:33:5C:6D:AF:58,1,0,ARMED,60,0,1,80:02:9C:61:97:4B,11,14,274.4,EC:75:0C:53:67:7F,1,1,ARP_SPOOF,2026-08-19T12:19:52.521216
45917,DISASSOC,-70,27,924,4095,70472,59428,195874,0,99,0,0,0,14:33:5C:6D:AF:58,0,0,ARMED,60,0,1,80:02:9C:61:97:4B,11,21,397.9,EC:75:0C:53:67:7F,1,1,ARP_SPOOF,2026-08-19T12:19:52.738216
45917,MGMT_OTHER,39,39,0,0,70472,59428,195940,0,99,0,0,0,14:33:5C:6D:AF:58,1,1,ARMED,60,0,0,80:02:9C:61:97:4B,11,20,1056.7,EC:75:0C:53:67:7F,1,1,ARP_SPOOF,2026-08-19T12:19:52.804216
45917,MGMT_OTHER,30,30,0,0,70472,59428,196020,0,99,0,0,0,14:33:5C:6D:AF:58,1,1,ARMED,60,0,0,80:02:9C:61:97:4B,11,70,709.9,EC:75:0C:53:67:7F,1,1,ARP_SPOOF,2026-08-19T12:19:52.884216
45917,MGMT_OTHER,40,40,0,0,70472,59428,196173,0,99,0,0,0,14:33:5C:6D:AF:58,1,1,ARMED,60,0,0,80:02:9C:61:97:4B,11,6,199.6,EC:75:0C:53:67:7F,1,1,ARP_SPOOF,2026-08-19T12:19:53.037216
45917,MGMT_OTHER,39,39,0,0,70472,59428,196275,0,99,0,0,0,14:33:5C:6D:AF:58,0,1,ARMED,60,0,1,80:02:9C:61:97:4B,11,15,497.8,EC:75:0C:53:67:7F,1,1,ARP_SPOOF,2026-08-19T12:19:53.139216
45917,MGMT_OTHER,39,39,0,0,70472,59428,196467,0,99,0,0,0,14:33:5C:6D:AF:58,0,0,ARMED,60,0,0,80:02:9C:61:97:4B,11,4,269.7,EC:75:0C:53:67:7F,1,1,ARP_SPOOF,2026-08-19T12:19:53.331216
45917,MGMT_OTHER,40,40,0,0,70472,59428,196628,0,99,0,0,0,14:33:5C:6D:AF:58,0,1,ARMED,60,0,0,80:02:9C:61:97:4B,11,22,297.2,EC:75:0C:53:67:7F,1,1,ARP_SPOOF,2026-08-19T12:19:53.492216
45917,BEACON,-83,14,0,3686,70472,59428,196708,0,99,0,0,0,14:33:5C:6D:AF:58,0,1,ARMED,60,0,1,80:02:9C:61:97:4B,11,32,690.2,EC:75:0C:53:67:7F,1,1,ARP_SPOOF,2026-08-19T12:19:53.572216
45917,,-57,40,998,378,70472,59428,196966,0,99,0,0,0,14:33:5C:6D:AF:58,0,0,ARMED,60,0,1,80:02:9C:61:97:4B,11,25,277.7,EC:75:0C:53:67:7F,1,1,ARP_SPOOF,2026-08-19T12:19:53.830216
45917,MGMT_OTHER,40,40,0,0,70472,59428,197047,0,99,0,0,0,14:33:5C:6D:AF:58,1,1,ARMED,60,0,0,80:02:9C:61:97:4B,11,49,745.8,EC:75:0C:53:67:7F,1,1,ARP_SPOOF,2026-08-19T12:19:53.911216
45917,MGMT_OTHER,40,40,0,0,70472,59428,197112,0,99,0,0,0,14:33:5C:6D:AF:58,1,1,ARMED,60,0,0,80:02:9C:61:97:4B,11,10,334,EC:75:0C:53:67:7F,1,1,ARP_SPOOF,2026-08-19T12:19:53.976216
45917,MGMT_OTHER,41,41,0,0,70472,59428,197360,0,99,0,0,0,14:33:5C:6D:AF:58,0,1,ARMED,60,0,0,80:02:9C:61:97:4B,11,11,153.8,EC:75:0C:53:67:7F,1,1,ARP_SPOOF,2026-08-19T12:19:54.224216
45917,MGMT_OTHER,27,27,0,0,70472,59428,197530,0,99,0,0,0,14:33:5C:6D:AF:58,0,1,ARMED,60,0,0,80:02:9C:61:97:4B,11,10,250.2,EC:75:0C:53:67:7F,1,1,ARP_SPOOF,2026-08-19T12:19:54.394216
45917,,-46,51,1299,3687,70472,59428,197721,0,99,0,0,0,14:33:5C:6D:AF:58,0,1,ARMED,60,0,1,80:02:9C:61:97:4B,11,6,470.8,EC:75:0C:53:67:7F,1,1,ARP_SPOOF,2026-08-19T12:19:54.585216
45917,BEACON,-69,28,52,1612,70472,59428,197913,0,99,0,0,0,14:33:5C:6D:AF:58,0,1,ARMED,60,0,1,80:02:9C:61:97:4B,11,28,273.3,EC:75:0C:53:67:7F,1,1,ARP_SPOOF,2026-08-19T12:19:54.777216
45917,,-34,63,35916,57,70472,59428,198058,0,99,0,0,0,14:33:5C:6D:AF:58,0,1,ARMED,60,0,1,80:02:9C:61:97:4B,11,5,115.3,EC:75:0C:53:67:7F,1,1,ARP_SPOOF,2026-08-19T12:19:54.922216
45917,MGMT_OTHER,28,28,0,0,70472,59428,198299,0,99,0,0,0,14:33:5C:6D:AF:58,0,0,ARMED,60,0,0,80:02:9C:61:97:4B,11,22,276.4,EC:75:0C:53:67:7F,1,1,ARP_SPOOF,2026-08-19T12:19:55.163216
45917,MGMT_OTHER,40,40,0,0,70472,59428,198384,0,99,0,0,0,14:33:5C:6D:AF:58,0,1,ARMED,60,0,0,80:02:9C:61:97:4B,11,34,549.5,EC:75:0C:53:67:7F,1,1,ARP_SPOOF,2026-08-19T12:19:55.248216
45917,MGMT_OTHER,28,28,0,0,70472,59428,198474,0,99,0,0,0,14:33:5C:6D:AF:58,1,1,ARMED,60,0,1,80:02:9C:61:97:4B,11,27,550.4,EC:75:0C:53:67:7F,1,1,ARP_SPOOF,2026-08-19T12:19:55.338216
45917,,-57,40,0,492,70472,59428,198647,0,99,0,0,0,14:33:5C:6D:AF:58,0,0,ARMED,60,0,0,80:02:9C:61:97:4B,11,12,609.8,EC:75:0C:53:67:7F,1,1,ARP_SPOOF,2026-08-19T12:19:55.511216
45917,MGMT_OTHER,51,51,0,0,70472,59428,198708,0,99,0,0,0,14:33:5C:6D:AF:58,0,0,ARMED,60,0,1,80:02:9C:61:97:4B,11,62,767.3,EC:75:0C:53:67:7F,1,1,ARP_SPOOF,2026-08-19T12:19:55.572216
45917,,-44,53,25601,3702,70472,59428,198946,0,99,0,0,0,14:33:5C:6D:AF:58,0,0,ARMED,60,0,1,80:02:9C:61:97:4B,11,2,216.4,EC:75:0C:53:67:7F,1,1,ARP_SPOOF,2026-08-19T12:19:55.810216
45917,BEACON,-84,13,82,469,70472,59428,199182,0,99,0,0,0,14:33:5C:6D:AF:58,0,0,ARMED,60,0,1,80:02:9C:61:97:4B,11,8,199.1,EC:75:0C:53:67:7F,1,1,ARP_SPOOF,2026-08-19T12:19:56.046216
45917,MGMT_OTHER,51,51,0,0,70472,59428,199356,0,99,0,0,0,14:33:5C:6D:AF:58,0,0,ARMED,60,0,0,80:02:9C:61:97:4B,11,7,719.2,EC:75:0C:53:67:7F,1,1,ARP_SPOOF,2026-08-19T12:19:56.220216
45917,BEACON,-72,25,0,1629,70472,59428,199553,0,99,0,0,0,14:33:5C:6D:AF:58,0,1,ARMED,60,0,1,80:02:9C:61:97:4B,11,2,770.4,EC:75:0C:53:67:7F,1,1,ARP_SPOOF,2026-08-19T12:19:56.417216
45917,MGMT_OTHER,41,41,0,0,70472,59428,199769,0,99,0,0,0,14:33:5C:6D:AF:58,0,0,ARMED,60,0,0,80:02:9C:61:97:4B,11,4,312.5,EC:75:0C:53:67:7F,1,1,ARP_SPOOF,2026-08-19T12:19:56.633216
45917,MGMT_OTHER,40,40,0,0,70472,59428,199898,0,99,0,0,0,14:33:5C:6D:AF:58,0,1,ARMED,60,0,1,80:02:9C:61:97:4B,11,25,622.1,EC:75:0C:53:67:7F,1,1,ARP_SPOOF,2026-08-19T12:19:56.762216
45917,MGMT_OTHER,41,41,0,0,70472,59428,199996,0,99,0,0,0,14:33:5C:6D:AF:58,0,1,ARMED,60,0,0,80:02:9C:61:97:4B,11,13,370.3,EC:75:0C:53:67:7F,1,1,ARP_SPOOF,2026-08-19T12:19:56.860216
45917,BEACON,-94,3,0,1737,70472,59428,200138,0,99,0,0,0,14:33:5C:6D:AF:58,0,1,ARMED,60,0,1,80:02:9C:61:97:4B,11,29,384.9,EC:75:0C:53:67:7F,1,1,ARP_SPOOF,2026-08-19T12:19:57.002216
45917,,-63,34,9882,523,70472,59428,200275,0,99,0,0,0,14:33:5C:6D:AF:58,0,1,ARMED,60,0,1,80:02:9C:61:97:4B,11,1,511.5,EC:75:0C:53:67:7F,1,1,ARP_SPOOF,2026-08-19T12:19:57.139216
45917,,-57,40,645,1935,70472,59428,200343,0,99,0,0,0,14:33:5C:6D:AF:58,0,1,ARMED,60,0,0,80:02:9C:61:97:4B,11,51,729.7,EC:75:0C:53:67:7F,1,1,ARP_SPOOF,2026-08-19T12:19:57.207216
45917,,-55,42,250,1953,70084,59428,200372,0,99,0,0,0,14:33:5C:6D:AF:58,0,1,ARMED,60,0,0,80:02:9C:61:97:4B,11,101,1020.1,EC:75:0C:53:67:7F,1,1,ARP_SPOOF,2026-08-19T12:19:57.236216
45917,,-55,42,287,1968,70472,59428,200386,0,99,0,0,0,14:33:5C:6D:AF:58,0,1,ARMED,60,0,0,80:02:9C:61:97:4B,11,49,4496.2,EC:75:0C:53:67:7F,1,1,ARP_SPOOF,2026-08-19T12:19:57.250216
45917,,-55,42,287,1989,70472,59428,200408,0,99,0,0,0,14:33:5C:6D:AF:58,0,1,ARMED,60,0,0,80:02:9C:61:97:4B,11,99,2951,EC:75:0C:53:67:7F,1,1,ARP_SPOOF,2026-08-19T12:19:57.272216
45917,,-55,42,159,2019,70472,59428,200428,0,99,0,0,0,14:33:5C:6D:AF:58,0,1,ARMED,60,0,1,80:02:9C:61:97:4B,11,149,2782.3,EC:75:0C:53:67:7F,1,1,ARP_SPOOF,2026-08-19T12:19:57.292216
45917,MGMT_OTHER,41,41,0,0,70472,59428,200466,0,99,0,0,0,14:33:5C:6D:AF:58,0,1,ARMED,60,0,0,80:02:9C:61:97:4B,11,199,2173.5,EC:75:0C:53:67:7F,1,1,ARP_SPOOF,2026-08-19T12:19:57.330216
45917,,-55,42,287,2063,70472,59428,200506,0,99,0,0,0,14:33:5C:6D:AF:58,0,1,ARMED,60,0,0,80:02:9C:61:97:4B,11,40,1300.9,EC:75:0C:53:67:7F,1,1,ARP_SPOOF,2026-08-19T12:19:57.370216
45917,,-69,28,0,1234,70444,59428,200526,0,99,0,0,0,14:33:5C:6D:AF:58,0,1,ARMED,60,0,0,80:02:9C:61:97:4B,11,90,1763.3,EC:75:0C:53:67:7F,1,1,ARP_SPOOF,2026-08-19T12:19:57.390216
45917,,-55,42,287,2142,70472,59428,200541,0,99,0,0,0,14:33:5C:6D:AF:58,0,1,ARMED,60,0,0,80:02:9C:61:97:4B,11,140,2120.5,EC:75:0C:53:67:7F,1,1,ARP_SPOOF,2026-08-19T12:19:57.405216
45917,,-55,42,286,2188,70444,59428,200561,0,99,0,0,0,14:33:5C:6D:AF:58,0,1,ARMED,60,0,0,80:02:9C:61:97:4B,11,190,2205.6,EC:75:0C:53:67:7F,1,1,ARP_SPOOF,2026-08-19T12:19:57.425216
45917,,-55,42,511,2218,70472,59428,200582,0,99,0,0,0,14:33:5C:6D:AF:58,1,1,ARMED,60,0,0,80:02:9C:61:97:4B,11,14,2185.8,EC:75:0C:53:67:7F,1,1,ARP_SPOOF,2026-08-19T12:19:57.446216
45917,,-55,42,286,2250,70472,59428,200616,0,99,0,0,0,14:33:5C:6D:AF:58,1,1,ARMED,60,0,0,80:02:9C:61:97:4B,11,64,1590.6,EC:75:0C:53:67:7F,1,1,ARP_SPOOF,2026-08-19T12:19:57.480216
45917,,-56,41,559,526,70472,59428,200623,0,99,0,0,0,14:33:5C:6D:AF:58,1,1,ARMED,60,0,1,80:02:9C:61:97:4B,11,114,2390.6,EC:75:0C:53:67:7F,1,1,ARP_SPOOF,2026-08-19T12:19:57.487216
45917,,-55,42,287,3415,70472,59428,200723,0,99,0,0,0,14:33:5C:6D:AF:58,1,1,ARMED,60,0,1,80:02:9C:61:97:4B,11,23,500.7,EC:75:0C:53:67:7F,1,1,ARP_SPOOF,2026-08-19T12:19:57.587216
45917,,-69,28,0,1282,69032,59428,200749,0,99,0,0,0,14:33:5C:6D:AF:58,1,1,ARMED,60,0,0,80:02:9C:61:97:4B,11,73,1016.6,EC:75:0C:53:67:7F,1,1,ARP_SPOOF,2026-08-19T12:19:57.613216
45917,,-55,42,287,2375,69828,59428,200773,0,99,0,0,0,14:33:5C:6D:AF:58,1,1,ARMED,60,0,0,80:02:9C:61:97:4B,11,123,1286.7,EC:75:0C:53:67:7F,1,1,ARP_SPOOF,2026-08-19T12:19:57.637216
45917,DISASSOC,-70,27,0,9,69184,59428,200793,0,99,0,0,0,14:33:5C:6D:AF:58,1,1,ARMED,60,0,0,80:02:9C:61:97:4B,11,29,1922.3,EC:75:0C:53:67:7F,1,1,ARP_SPOOF,2026-08-19T12:19:57.657216
45917,,-55,42,286,2440,70472,59428,200813,0,99,0,0,0,14:33:5C:6D:AF:58,1,1,ARMED,60,0,0,80:02:9C:61:97:4B,11,79,2235.9,EC:75:0C:53:67:7F,1,1,ARP_SPOOF,2026-08-19T12:19:57.677216
45917,,-69,28,0,1318,70444,59428,200826,0,99,0,0,0,14:33:5C:6D:AF:58,1,1,ARMED,60,0,0,80:02:9C:61:97:4B,11,129,2644.5,EC:75:0C:53:67:7F,1,1,ARP_SPOOF,2026-08-19T12:19:57.690216
45917,,-55,42,287,2510,70472,59428,200848,0,99,0,0,0,14:33:5C:6D:AF:58,1,1,ARMED,60,0,0,80:02:9C:61:97:4B,11,179,2527.8,EC:75:0C:53:67:7F,1,1,ARP_SPOOF,2026-08-19T12:19:57.712216
45917,,-69,28,13209,73,70472,59428,200930,0,99,0,0,0,14:33:5C:6D:AF:58,1,1,ARMED,60,0,1,80:02:9C:61:97:4B,11,12,251.1,EC:75:0C:53:67:7F,1,1,ARP_SPOOF,2026-08-19T12:19:57.794216
45917,,-45,52,0,1879,70472,59428,201097,0,99,0,0,0,14:33:5C:6D:AF:58,0,1,ARMED,60,0,0,80:02:9C:61:97:4B,11,4,420,EC:75:0C:53:67:7F,1,1,ARP_SPOOF,2026-08-19T12:19:57.961216
45917,,-55,42,285,2543,70472,59428,201241,0,99,0,0,0,14:33:5C:6D:AF:58,1,1,ARMED,60,0,0,80:02:9C:61:97:4B,11,22,424.4,EC:75:0C:53:67:7F,1,1,ARP_SPOOF,2026-08-19T12:19:58.105216
45917,BEACON,-88,9,0,1253,70472,59428,201341,0,99,0,0,0,14:33:5C:6D:AF:58,1,1,ARMED,60,0,1,80:02:9C:61:97:4B,11,20,407.6,EC:75:0C:53:67:7F,1,1,ARP_SPOOF,2026-08-19T12:19:58.205216
45917,,-60,37,0,525,70472,59428,201502,0,99,0,0,0,14:33:5C:6D:AF:58,0,0,ARMED,60,0,0,80:02:9C:61:97:4B,11,4,707.8,EC:75:0C:53:67:7F,1,1,ARP_SPOOF,2026-08-19T12:19:58.366216
45917,MGMT_OTHER,27,27,0,0,70472,59428,201572,0,99,0,0,0,14:33:5C:6D:AF:58,0,0,ARMED,60,0,1,80:02:9C:61:97:4B,11,54,711.3,EC:75:0C:53:67:7F,1,1,ARP_SPOOF,2026-08-19T12:19:58.436216
45917,BEACON,-86,11,23090,1258,70472,59428,201853,0,99,0,0,0,14:33:5C:6D:AF:58,0,0,ARMED,60,0,1,80:02:9C:61:97:4B,11,7,142.2,EC:75:0C:53:67:7F,1,1,ARP_SPOOF,2026-08-19T12:19:58.717216
45917,,-72,25,0,1661,70472,59428,201991,0,99,0,0,0,14:33:5C:6D:AF:58,0,0,ARMED,60,0,0,80:02:9C:61:97:4B,11,35,411.5,EC:75:0C:53:67:7F,1,1,ARP_SPOOF,2026-08-19T12:19:58.855216
45917,,-56,41,510,558,70472,59428,202026,0,99,0,0,0,14:33:5C:6D:AF:58,0,1,ARMED,60,0,0,80:02:9C:61:97:4B,11,18,903,EC:75:0C:53:67:7F,1,1,ARP_SPOOF,2026-08-19T12:19:58.890216
45917,MGMT_OTHER,29,29,0,0,70472,59428,202141,0,99,0,0,0,14:33:5C:6D:AF:58,0,1,ARMED,60,0,0,80:02:9C:61:97:4B,11,9,298.6,EC:75:0C:53:67:7F,1,1,ARP_SPOOF,2026-08-19T12:19:59.005216
45917,MGMT_OTHER,-61,36,0,3295,70472,59428,202247,0,99,0,0,0,14:33:5C:6D:AF:58,0,1,ARMED,60,0,1,80:02:9C:61:97:4B,11,28,827.3,EC:75:0C:53:67:7F,1,1,ARP_SPOOF,2026-08-19T12:19:59.111216
45917,MGMT_OTHER,41,41,0,0,70472,59428,202329,0,99,0,0,0,14:33:5C:6D:AF:58,0,1,ARMED,60,0,0,80:02:9C:61:97:4B,11,4,301.2,EC:75:0C:53:67:7F,1,1,ARP_SPOOF,2026-08-19T12:19:59.193216
45917,,-55,42,262,2554,70472,59428,202489,0,99,0,0,0,14:33:5C:6D:AF:58,0,0,ARMED,60,0,0,80:02:9C:61:97:4B,11,29,407.3,EC:75:0C:53:67:7F,1,1,ARP_SPOOF,2026-08-19T12:19:59.353216
45917,,-57,40,1473,2590,70472,59428,202510,0,99,0,0,0,14:33:5C:6D:AF:58,0,0,ARMED,60,0,0,80:02:9C:61:97:4B,11,79,861.9,EC:75:0C:53:67:7F,1,1,ARP_SPOOF,2026-08-19T12:19:59.374216
45917,,-55,42,263,2613,70472,59428,202562,0,99,0,0,0,14:33:5C:6D:AF:58,0,1,ARMED,60,0,0,80:02:9C:61:97:4B,11,33,798.6,EC:75:0C:53:67:7F,1,1,ARP_SPOOF,2026-08-19T12:19:59.426216
45917,,-69,28,486,2053,70444,59428,202582,0,99,0,0,0,14:33:5C:6D:AF:58,0,1,ARMED,60,0,1,80:02:9C:61:97:4B,11,83,1343.5,EC:75:0C:53:67:7F,1,1,ARP_SPOOF,2026-08-19T12:19:59.446216
45917,BEACON,-94,3,0,1762,70472,59428,202698,0,99,0,0,0,14:33:5C:6D:AF:58,0,1,ARMED,60,0,1,80:02:9C:61:97:4B,11,10,132.8,EC:75:0C:53:67:7F,1,1,ARP_SPOOF,2026-08-19T12:19:59.562216
45917,,-69,28,5532,124,70472,59428,202879,0,99,0,0,0,14:33:5C:6D:AF:58,0,0,ARMED,60,0,1,80:02:9C:61:97:4B,11,16,314.6,EC:75:0C:53:67:7F,1,1,ARP_SPOOF,2026-08-19T12:19:59.743216
45917,BEACON,-97,0,0,3895,70472,59428,203234,0,99,0,0,0,14:33:5C:6D:AF:58,0,0,ARMED,60,0,1,80:02:9C:61:97:4B,11,17,166,EC:75:0C:53:67:7F,1,1,ARP_SPOOF,2026-08-19T12:20:00.098216
45917,BEACON,-84,13,0,512,70472,59428,203587,0,99,0,0,0,14:33:5C:6D:AF:58,0,0,ARMED,60,0,1,80:02:9C:61:97:4B,11,5,109.5,EC:75:0C:53:67:7F,1,1,ARP_SPOOF,2026-08-19T12:20:00.451216
45917,,-46,51,0,1965,70472,59428,203820,0,99,0,0,0,14:33:5C:6D:AF:58,0,0,ARMED,60,0,1,80:02:9C:61:97:4B,11,18,243.4,EC:75:0C:53:67:7F,1,1,ARP_SPOOF,2026-08-19T12:20:00.684216
45917,,-55,42,0,465,70472,59428,204012,0,99,0,0,0,14:33:5C:6D:AF:58,0,1,ARMED,60,0,0,80:02:9C:61:97:4B,11,18,310.8,EC:75:0C:53:67:7F,1,1,ARP_SPOOF,2026-08-19T12:20:00.876216
45917,,-86,11,0,789,70472,59428,204272,0,99,0,0,0,14:33:5C:6D:AF:58,0,0,ARMED,60,0,1,80:02:9C:61:97:4B,11,3,281.6,80:02:9C:61:97:4A,2,1,ARP_SPOOF,2026-08-19T12:20:01.136216
45917,BEACON,-84,13,12110,522,70472,59428,204609,0,99,0,0,0,14:33:5C:6D:AF:58,0,0,ARMED,60,0,1,80:02:9C:61:97:4B,11,7,174.2,80:02:9C:61:97:4A,2,1,ARP_SPOOF,2026-08-19T12:20:01.473216
45917,MGMT_OTHER,40,40,0,0,70472,59428,204850,0,99,0,0,0,14:33:5C:6D:AF:58,0,1,ARMED,60,0,0,80:02:9C:61:97:4B,11,14,182.2,80:02:9C:61:97:4A,2,1,ARP_SPOOF,2026-08-19T12:20:01.714216
45917,,-56,41,1204,472,70472,59428,205046,0,99,0,0,0,14:33:5C:6D:AF:58,0,0,ARMED,60,0,1,80:02:9C:61:97:4B,11,26,384.1,80:02:9C:61:97:4A,2,1,ARP_SPOOF,2026-08-19T12:20:01.910216
45917,MGMT_OTHER,-62,35,0,3314,70472,59428,205394,0,99,0,0,0,14:33:5C:6D:AF:58,0,0,ARMED,60,0,1,80:02:9C:61:97:4B,11,3,504.6,80:02:9C:61:97:4A,2,1,ARP_SPOOF,2026-08-19T12:20:02.258216
45917,,-57,40,15062,598,70472,59428,205822,0,99,0,0,0,14:33:5C:6D:AF:58,0,0,ARMED,60,0,1,80:02:9C:61:97:4B,11,6,243.9,80:02:9C:61:97:4A,2,1,ARP_SPOOF,2026-08-19T12:20:02.686216
45917,,-56,41,14845,494,70472,59428,206031,0,99,0,0,0,14:33:5C:6D:AF:58,1,1,ARMED,60,0,1,80:02:9C:61:97:4B,11,6,205.9,80:02:9C:61:97:4A,2,1,ARP_SPOOF,2026-08-19T12:20:02.895216
45917,,-45,52,745,2022,70472,59428,206172,0,99,0,0,0,14:33:5C:6D:AF:58,1,0,ARMED,60,0,0,80:02:9C:61:97:4B,11,36,534.3,80:02:9C:61:97:4A,2,1,ARP_SPOOF,2026-08-19T12:20:03.036216
45917,MGMT_OTHER,31,31,0,0,70472,59428,206317,0,99,0,0,0,14:33:5C:6D:AF:58,0,0,ARMED,60,0,0,80:02:9C:61:97:4B,11,10,1233.2,80:02:9C:61:97:4A,2,1,ARP_SPOOF,2026-08-19T12:20:03.181216
45917,,-56,41,182,2652,70472,59428,206500,0,99,0,0,0,14:33:5C:6D:AF:58,0,0,ARMED,60,0,1,80:02:9C:61:97:4B,11,38,428.2,80:02:9C:61:97:4A,2,1,ARP_SPOOF,2026-08-19T12:20:03.364216
45917,,-70,27,146,134,70472,59428,206600,0,99,0,0,0,14:33:5C:6D:AF:58,0,1,ARMED,60,0,1,80:02:9C:61:97:4B,11,36,419.9,80:02:9C:61:97:4A,2,1,ARP_SPOOF,2026-08-19T12:20:03.464216
45917,BEACON,-89,8,0,53,70472,59428,206937,0,99,0,0,0,14:33:5C:6D:AF:58,0,0,ARMED,60,0,1,80:02:9C:61:97:4B,11,3,219.7,80:02:9C:61:97:4A,2,1,ARP_SPOOF,2026-08-19T12:20:03.801216
45917,,-43,54,23737,3750,70472,59428,207226,0,99,0,0,0,14:33:5C:6D:AF:58,0,0,ARMED,60,0,1,80:02:9C:61:97:4B,11,30,307.4,80:02:9C:61:97:4A,2,1,ARP_SPOOF,2026-08-19T12:20:04.090216
45917,MGMT_OTHER,-63,34,3611,3326,70472,59428,207487,0,99,0,0,0,14:33:5C:6D:AF:58,0,0,ARMED,60,0,1,80:02:9C:61:97:4B,11,4,96.7,80:02:9C:61:97:4A,2,1,ARP_SPOOF,2026-08-19T12:20:04.351216
45917,,-56,41,627,513,70208,59428,207718,0,99,0,0,0,14:33:5C:6D:AF:58,0,0,ARMED,60,0,1,80:02:9C:61:97:4B,11,32,471.9,80:02:9C:61:97:4A,2,1,ARP_SPOOF,2026-08-19T12:20:04.582216
45917,BEACON,-94,3,0,1813,70472,59428,207921,0,99,0,0,0,14:33:5C:6D:AF:58,0,1,ARMED,60,0,1,80:02:9C:61:97:4B,11,10,149,80:02:9C:61:97:4A,2,1,ARP_SPOOF,2026-08-19T12:20:04.785216
45917,BEACON,-95,2,0,1816,70472,59428,208229,0,99,0,0,0,14:33:5C:6D:AF:58,0,0,ARMED,60,0,1,80:02:9C:61:97:4B,11,12,229.5,80:02:9C:61:97:4A,2,1,ARP_SPOOF,2026-08-19T12:20:05.093216
45917,MGMT_OTHER,40,40,0,0,70472,59428,208489,0,99,0,0,0,14:33:5C:6D:AF:58,0,0,ARMED,60,0,1,80:02:9C:61:97:4B,11,1,197.4,80:02:9C:61:97:4A,2,1,ARP_SPOOF,2026-08-19T12:20:05.353216
45917,,-55,42,463,525,70472,59428,208706,0,99,0,0,0,14:33:5C:6D:AF:58,0,0,ARMED,60,0,0,80:02:9C:61:97:4B,11,15,849.5,80:02:9C:61:97:4A,2,1,ARP_SPOOF,2026-08-19T12:20:05.570216
45917,,-56,41,744,682,70472,59428,208946,0,99,0,0,0,14:33:5C:6D:AF:58,0,0,ARMED,60,0,0,80:02:9C:61:97:4B,11,12,331.1,80:02:9C:61:97:4A,2,1,ARP_SPOOF,2026-08-19T12:20:05.810216
45917,BEACON,-73,24,9971,1740,70472,59428,209074,0,99,0,0,0,14:33:5C:6D:AF:58,0,1,ARMED,60,0,1,80:02:9C:61:97:4B,11,8,128.2,80:02:9C:61:97:4A,2,1,ARP_SPOOF,2026-08-19T12:20:05.938216
45917,,-74,23,952,1728,70472,59428,209367,0,99,0,0,0,14:33:5C:6D:AF:58,0,0,ARMED,60,0,1,80:02:9C:61:97:4B,11,19,395.4,80:02:9C:61:97:4A,2,1,ARP_SPOOF,2026-08-19T12:20:06.231216
45917,BEACON,-78,19,0,1746,70472,59428,209689,0,99,0,0,0,14:33:5C:6D:AF:58,0,0,ARMED,60,0,1,80:02:9C:61:97:4B,11,6,112.1,80:02:9C:61:97:4A,2,1,ARP_SPOOF,2026-08-19T12:20:06.553216
45917,,-69,28,234,2246,70472,59428,209785,0,99,0,0,0,14:33:5C:6D:AF:58,0,0,ARMED,60,0,1,80:02:9C:61:97:4B,11,41,860.6,80:02:9C:61:97:4A,2,1,ARP_SPOOF,2026-08-19T12:20:06.649216
45917,,-68,29,479,1348,70472,59428,209842,0,99,0,0,0,14:33:5C:6D:AF:58,0,1,ARMED,60,0,1,80:02:9C:61:97:4B,11,9,2039.9,80:02:9C:61:97:4A,2,1,ARP_SPOOF,2026-08-19T12:20:06.706216
45917,,-56,41,518,2736,69828,59428,209862,0,99,0,0,0,14:33:5C:6D:AF:58,0,1,ARMED,60,0,0,80:02:9C:61:97:4B,11,59,2384,80:02:9C:61:97:4A,2,1,ARP_SPOOF,2026-08-19T12:20:06.726216
45917,,-56,41,657,2775,70472,59428,209870,0,99,0,0,0,14:33:5C:6D:AF:58,0,1,ARMED,60,0,1,80:02:9C:61:97:4B,11,109,3316.4,80:02:9C:61:97:4A,2,1,ARP_SPOOF,2026-08-19T12:20:06.734216
45917,,-56,41,266,2814,70472,59428,209891,0,99,0,0,0,14:33:5C:6D:AF:58,0,1,ARMED,60,0,0,80:02:9C:61:97:4B,11,159,2997.7,80:02:9C:61:97:4A,2,1,ARP_SPOOF,2026-08-19T12:20:06.755216
45917,MGMT_OTHER,40,40,0,0,70472,59428,209906,0,99,0,0,0,14:33:5C:6D:AF:58,0,1,ARMED,60,0,1,80:02:9C:61:97:4B,11,209,3034.1,80:02:9C:61:97:4A,2,1,ARP_SPOOF,2026-08-19T12:20:06.770216
45917,,-68,29,1664,1384,70472,59428,209936,0,99,0,0,0,14:33:5C:6D:AF:58,0,1,ARMED,60,0,0,80:02:9C:61:97:4B,11,259,2642.1,80:02:9C:61:97:4A,2,1,ARP_SPOOF,2026-08-19T12:20:06.800216
45917,,-68,29,0,1387,70472,59428,209952,0,99,0,0,0,14:33:5C:6D:AF:58,0,1,ARMED,60,0,0,80:02:9C:61:97:4B,11,49,3472.2,80:02:9C:61:97:4A,2,1,ARP_SPOOF,2026-08-19T12:20:06.816216
45917,,-56,41,287,2922,69828,59428,209972,0,99,0,0,0,14:33:5C:6D:AF:58,0,1,ARMED,60,0,0,80:02:9C:61:97:4B,11,99,2876.6,80:02:9C:61:97:4A,2,1,ARP_SPOOF,2026-08-19T12:20:06.836216
45917,,-56,41,459,2941,70472,59428,209992,0,99,0,0,0,14:33:5C:6D:AF:58,0,1,ARMED,60,0,0,80:02:9C:61:97:4B,11,149,2771,80:02:9C:61:97:4A,2,1,ARP_SPOOF,2026-08-19T12:20:06.856216
45917,,-68,29,0,1406,69032,59428,210024,0,99,0,0,0,14:33:5C:6D:AF:58,0,1,ARMED,60,0,0,80:02:9C:61:97:4B,11,199,2322.7,80:02:9C:61:97:4A,2,1,ARP_SPOOF,2026-08-19T12:20:06.888216
45917,,-68,29,0,1418,70472,59428,210046,0,99,0,0,0,14:33:5C:6D:AF:58,1,1,ARMED,60,0,0,80:02:9C:61:97:4B,11,23,2943.1,80:02:9C:61:97:4A,2,1,ARP_SPOOF,2026-08-19T12:20:06.910216
45917,MGMT_OTHER,40,40,0,0,70472,59428,210075,0,99,0,0,0,14:33:5C:6D:AF:58,1,1,ARMED,60,0,1,80:02:9C:61:97:4B,11,73,1993.6,80:02:9C:61:97:4A,2,1,ARP_SPOOF,2026-08-19T12:20:06.939216
45917,,-56,41,214,3052,70472,59428,210163,0,99,0,0,0,14:33:5C:6D:AF:58,1,1,ARMED,60,0,1,80:02:9C:61:97:4B,11,44,1816.5,80:02:9C:61:97:4A,2,1,ARP_SPOOF,2026-08-19T12:20:07.027216
45917,,-56,41,267,3089,70472,59428,210183,0,99,0,0,0,14:33:5C:6D:AF:58,1,1,ARMED,60,0,0,80:02:9C:61:97:4B,11,94,2111.7,80:02:9C:61:97:4A,2,1,ARP_SPOOF,2026-08-19T12:20:07.047216
45917,,-56,41,267,3128,70472,59428,210194,0,99,0,0,0,14:33:5C:6D:AF:58,1,1,ARMED,60,0,0,80:02:9C:61:97:4B,11,144,2581.3,80:02:9C:61:97:4A,2,1,ARP_SPOOF,2026-08-19T12:20:07.058216
45917,,-56,41,267,3163,70472,59428,210256,0,99,0,0,0,14:33:5C:6D:AF:58,1,1,ARMED,60,0,0,80:02:9C:61:97:4B,11,25,1655.5,80:02:9C:61:97:4A,2,1,ARP_SPOOF,2026-08-19T12:20:07.120216
45917,,-56,41,250,3194,69828,59428,210273,0,99,0,0,0,14:33:5C:6D:AF:58,1,1,ARMED,60,0,0,80:02:9C:61:97:4B,11,75,2360.6,80:02:9C:61:97:4A,2,0,NONE,2026-08-19T12:20:07.137216
45917,,-56,41,379,3217,70472,59428,210298,0,99,0,0,0,14:33:5C:6D:AF:58,1,1,ARMED,60,0,0,80:02:9C:61:97:4B,11,125,2182.6,80:02:9C:61:97:4A,2,0,NONE,2026-08-19T12:20:07.162216
45917,,-56,41,250,3240,70472,59428,210319,0,99,0,0,0,14:33:5C:6D:AF:58,1,1,ARMED,60,0,0,80:02:9C:61:97:4B,11,175,2264.1,80:02:9C:61:97:4A,2,0,NONE,2026-08-19T12:20:07.183216
45917,,-68,29,0,1482,70472,59428,210339,0,99,0,0,0,14:33:5C:6D:AF:58,1,1,ARMED,60,0,0,80:02:9C:61:97:4B,11,225,2291.7,80:02:9C:61:97:4A,2,0,NONE,2026-08-19T12:20:07.203216
45917,,-56,41,287,3305,70472,59428,210367,0,99,0,0,0,14:33:5C:6D:AF:58,1,1,ARMED,60,0,0,80:02:9C:61:97:4B,11,49,1907.7,80:02:9C:61:97:4A,2,0,NONE,2026-08-19T12:20:07.231216
45917,,-69,28,223,174,70472,59428,210410,0,99,0,0,0,14:33:5C:6D:AF:58,1,1,ARMED,60,0,1,80:02:9C:61:97:4B,11,99,1451.5,80:02:9C:61:97:4A,2,0,NONE,2026-08-19T12:20:07.274216
45917,,-68,29,1164,1518,70472,59428,210475,0,99,0,0,0,14:33:5C:6D:AF:58,1,1,ARMED,60,0,1,80:02:9C:61:97:4B,11,33,1032.9,80:02:9C:61:97:4A,2,0,NONE,2026-08-19T12:20:07.339216
45917,,-56,41,311,3374,70472,59428,210564,0,99,0,0,0,14:33:5C:6D:AF:58,1,1,ARMED,60,0,0,80:02:9C:61:97:4B,11,13,810.8,80:02:9C:61:97:4A,2,0,NONE,2026-08-19T12:20:07.428216
45917,,-68,29,0,1538,69032,59428,210581,0,99,0,0,0,14:33:5C:6D:AF:58,1,1,ARMED,60,0,0,80:02:9C:61:97:4B,11,63,1922.1,80:02:9C:61:97:4A,2,0,NONE,2026-08-19T12:20:07.445216
45917,,-56,41,311,3453,70472,59428,210610,0,99,0,0,0,14:33:5C:6D:AF:58,1,1,ARMED,60,0,0,80:02:9C:61:97:4B,11,113,1827.4,80:02:9C:61:97:4A,2,0,NONE,2026-08-19T12:20:07.474216
45917,,-56,41,310,1066,70472,59428,210618,0,99,0,0,0,14:33:5C:6D:AF:58,1,1,ARMED,60,0,1,80:02:9C:61:97:4B,11,163,2323.8,80:02:9C:61:97:4A,2,0,NONE,2026-08-19T12:20:07.482216
45917,,-56,41,311,3531,70444,59428,210638,0,99,0,0,0,14:33:5C:6D:AF:58,1,1,ARMED,60,0,0,80:02:9C:61:97:4B,11,213,2357.8,80:02:9C:61:97:4A,2,0,NONE,2026-08-19T12:20:07.502216
45917,,-56,41,310,3573,70472,59428,210653,0,99,0,0,0,14:33:5C:6D:AF:58,1,1,ARMED,60,0,0,80:02:9C:61:97:4B,11,12,2280.1,80:02:9C:61:97:4A,2,0,NONE,2026-08-19T12:20:07.517216
45917,,-44,53,0,2124,70472,59428,210790,0,99,0,0,0,14:33:5C:6D:AF:58,1,1,ARMED,60,0,0,80:02:9C:61:97:4B,11,14,378.1,80:02:9C:61:97:4A,2,0,NONE,2026-08-19T12:20:07.654216
45917,,-69,28,0,123,70472,59428,210987,0,99,0,0,0,14:33:5C:6D:AF:58,0,0,ARMED,60,0,1,80:02:9C:61:97:4B,11,12,416.6,80:02:9C:61:97:4A,2,0,NONE,2026-08-19T12:20:07.851216
45917,BEACON,-96,1,0,3983,70472,59428,211324,0,99,0,0,0,14:33:5C:6D:AF:58,0,0,ARMED,60,0,1,80:02:9C:61:97:4B,11,5,84.2,80:02:9C:61:97:4A,2,0,NONE,2026-08-19T12:20:08.188216
45917,MGMT_OTHER,40,40,0,0,70472,59428,211607,0,99,0,0,0,14:33:5C:6D:AF:58,0,0,ARMED,60,0,1,80:02:9C:61:97:4B,11,4,114.2,80:02:9C:61:97:4A,2,0,NONE,2026-08-19T12:20:08.471216
45917,MGMT_OTHER,40,40,0,0,70472,59428,212004,0,99,0,0,0,14:33:5C:6D:AF:58,0,0,ARMED,60,0,1,80:02:9C:61:97:4B,11,5,226.7,80:02:9C:61:97:4A,2,0,NONE,2026-08-19T12:20:08.868216
45917,BEACON,-87,10,0,3577,70472,59428,212254,0,99,0,0,0,14:33:5C:6D:AF:58,0,0,ARMED,60,0,1,80:02:9C:61:97:4B,11,16,234.9,80:02:9C:61:97:4A,2,0,NONE,2026-08-19T12:20:09.118216
45917,,-56,41,3799,731,70472,59428,212496,0,99,0,0,0,14:33:5C:6D:AF:58,0,1,ARMED,60,0,1,80:02:9C:61:97:4B,11,1,231.7,80:02:9C:61:97:4A,2,0,NONE,2026-08-19T12:20:09.360216
45917,BEACON,-85,12,0,1363,70472,59428,212605,0,99,0,0,0,14:33:5C:6D:AF:58,0,1,ARMED,60,0,1,80:02:9C:61:97:4B,11,1,111.4,80:02:9C:61:97:4A,2,0,NONE,2026-08-19T12:20:09.469216
45917,BEACON,-84,13,0,1368,70472,59428,213117,0,99,0,0,0,14:33:5C:6D:AF:58,0,0,ARMED,60,0,1,80:02:9C:61:97:4B,11,9,94.4,80:02:9C:61:97:4A,2,0,NONE,2026-08-19T12:20:09.981216
45917,MGMT_OTHER,42,42,0,0,70472,59428,213483,0,99,0,0,0,14:33:5C:6D:AF:58,0,0,ARMED,60,0,1,80:02:9C:61:97:4B,11,6,161.4,80:02:9C:61:97:4A,2,0,NONE,2026-08-19T12:20:10.347216
45917,BEACON,-86,11,0,3857,70472,59428,213911,0,99,0,0,0,14:33:5C:6D:AF:58,0,0,ARMED,60,0,1,80:02:9C:61:97:4B,11,6,116.3,80:02:9C:61:97:4A,2,0,NONE,2026-08-19T12:20:10.775216
45917,BEACON,-94,3,0,1876,70472,59428,214372,0,99,0,0,0,14:33:5C:6D:AF:58,0,0,ARMED,60,0,1,80:02:9C:61:97:4B,11,9,102.2,80:02:9C:61:97:4A,2,0,NONE,2026-08-19T12:20:11.236216
45917,MGMT_OTHER,43,43,0,0,70472,59428,214469,0,99,0,0,0,14:33:5C:6D:AF:58,0,0,ARMED,60,0,0,80:02:9C:61:97:4B,11,49,599.1,80:02:9C:61:97:4A,2,0,NONE,2026-08-19T12:20:11.333216
45917,MGMT_OTHER,51,51,0,0,70472,59428,214717,0,99,0,0,0,14:33:5C:6D:AF:58,0,0,ARMED,60,0,1,80:02:9C:61:97:4B,11,8,338.4,80:02:9C:61:97:4A,2,0,NONE,2026-08-19T12:20:11.581216
45917,,-54,43,546,768,70472,59428,214930,0,99,0,0,0,14:33:5C:6D:AF:58,0,0,ARMED,60,0,0,80:02:9C:61:97:4B,11,18,567.4,80:02:9C:61:97:4A,2,0,NONE,2026-08-19T12:20:11.794216
45917,MGMT_OTHER,42,42,0,0,70472,59428,215175,0,99,0,0,0,14:33:5C:6D:AF:58,0,0,ARMED,60,0,1,80:02:9C:61:97:4B,11,14,188.5,80:02:9C:61:97:4A,2,0,NONE,2026-08-19T12:20:12.039216
45917,BEACON,-93,4,0,3448,70472,59428,215489,0,99,0,0,0,14:33:5C:6D:AF:58,0,0,ARMED,60,0,1,80:02:9C:61:97:4B,11,9,113.9,80:02:9C:61:97:4A,2,0,NONE,2026-08-19T12:20:12.353216
45917,BEACON,-94,3,0,1890,70472,59428,215805,0,99,0,0,0,14:33:5C:6D:AF:58,0,0,ARMED,60,0,1,80:02:9C:61:97:4B,11,19,215.8,80:02:9C:61:97:4A,2,0,NONE,2026-08-19T12:20:12.669216
45917,,-55,42,292,785,70472,59428,215922,0,99,0,0,0,14:33:5C:6D:AF:58,0,1,ARMED,60,0,0,80:02:9C:61:97:4B,11,2,1602.6,80:02:9C:61:97:4A,2,0,NONE,2026-08-19T12:20:12.786216
45917,,-55,42,0,802,66448,59428,216064,0,99,0,0,0,14:33:5C:6D:AF:58,0,1,ARMED,60,0,1,80:02:9C:61:97:4B,11,18,455.8,80:02:9C:61:97:4A,2,0,NONE,2026-08-19T12:20:12.928216
45917,BEACON,-83,14,0,1400,70472,59428,216393,0,99,0,0,0,14:33:5C:6D:AF:58,0,0,ARMED,60,0,1,80:02:9C:61:97:4B,11,7,113.3,80:02:9C:61:97:4A,2,0,NONE,2026-08-19T12:20:13.257216
45917,BEACON,-95,2,0,3460,70472,59428,216720,0,99,0,0,0,14:33:5C:6D:AF:58,0,0,ARMED,60,0,1,80:02:9C:61:97:4B,11,9,126.9,80:02:9C:61:97:4A,2,0,NONE,2026-08-19T12:20:13.584216
45917,,-54,43,589,811,70472,59428,217054,0,99,0,0,0,14:33:5C:6D:AF:58,0,0,ARMED,60,0,0,80:02:9C:61:97:4B,11,25,263.6,80:02:9C:61:97:4A,2,0,NONE,2026-08-19T12:20:13.918216
45917,MGMT_OTHER,42,42,0,0,70472,59428,217310,0,99,0,0,0,14:33:5C:6D:AF:58,0,0,ARMED,60,0,1,80:02:9C:61:97:4B,11,6,136.8,80:02:9C:61:97:4A,2,0,NONE,2026-08-19T12:20:14.174216
45917,BEACON,-85,12,0,650,70472,59428,217716,0,99,0,0,0,14:33:5C:6D:AF:58,0,0,ARMED,60,0,1,80:02:9C:61:97:4B,11,5,124.6,80:02:9C:61:97:4A,2,0,NONE,2026-08-19T12:20:14.580216
45917,MGMT_OTHER,42,42,0,0,70472,59428,218112,0,99,0,0,0,14:33:5C:6D:AF:58,0,0,ARMED,60,0,1,80:02:9C:61:97:4B,11,4,149,80:02:9C:61:97:4A,2,0,NONE,2026-08-19T12:20:14.976216
45917,,-54,43,930,625,70472,59428,218305,0,99,0,0,0,14:33:5C:6D:AF:58,0,0,ARMED,60,0,0,80:02:9C:61:97:4B,11,13,890.2,80:02:9C:61:97:4A,2,0,NONE,2026-08-19T12:20:15.169216
45917,BEACON,-95,2,0,2510,70472,59428,218585,0,99,0,0,0,14:33:5C:6D:AF:58,0,0,ARMED,60,0,1,80:02:9C:61:97:4B,11,14,156,80:02:9C:61:97:4A,2,0,NONE,2026-08-19T12:20:15.449216
45917,PROBE_REQ,-88,9,0,1,70472,59428,219021,0,99,0,0,0,14:33:5C:6D:AF:58,0,0,ARMED,60,0,0,80:02:9C:61:97:4B,11,3,346.8,80:02:9C:61:97:4A,2,0,NONE,2026-08-19T12:20:15.885216
45917,,-55,42,292,833,70472,59428,219431,0,99,0,0,0,14:33:5C:6D:AF:58,0,0,ARMED,60,0,0,80:02:9C:61:97:4B,11,4,453.2,80:02:9C:61:97:4A,2,0,NONE,2026-08-19T12:20:16.295216
45917,,-55,42,518,866,70472,59428,219475,0,99,0,0,0,14:33:5C:6D:AF:58,0,0,ARMED,60,0,0,80:02:9C:61:97:4B,11,54,1014.1,80:02:9C:61:97:4A,2,0,NONE,2026-08-19T12:20:16.339216
45917,BEACON,-93,4,0,3490,70472,59428,219789,0,99,0,0,0,14:33:5C:6D:AF:58,0,0,ARMED,60,0,1,80:02:9C:61:97:4B,11,7,117.2,80:02:9C:61:97:4A,2,0,NONE,2026-08-19T12:20:16.653216
45917,PROBE_RESP,-83,14,0,1438,70472,59428,220123,0,99,0,0,0,14:33:5C:6D:AF:58,0,0,ARMED,60,0,0,80:02:9C:61:97:4B,11,17,195.9,80:02:9C:61:97:4A,2,0,NONE,2026-08-19T12:20:16.987216
45917,,-54,43,2075,1196,70472,59428,220556,0,99,0,0,0,14:33:5C:6D:AF:58,0,0,ARMED,60,0,1,80:02:9C:61:97:4B,11,3,390.7,80:02:9C:61:97:4A,2,0,NONE,2026-08-19T12:20:17.420216
45917,,-69,28,402,1579,70472,59428,220681,0,99,0,0,0,14:33:5C:6D:AF:58,0,1,ARMED,60,0,1,80:02:9C:61:97:4B,11,23,865.9,80:02:9C:61:97:4A,2,0,NONE,2026-08-19T12:20:17.545216
45917,,-54,43,282,3659,69828,59428,220701,0,99,0,0,0,14:33:5C:6D:AF:58,0,1,ARMED,60,0,0,80:02:9C:61:97:4B,11,73,1582.2,80:02:9C:61:97:4A,2,0,NONE,2026-08-19T12:20:17.565216
45917,,-54,43,266,564,70472,59428,220730,0,99,0,0,0,14:33:5C:6D:AF:58,0,1,ARMED,60,0,1,80:02:9C:61:97:4B,11,123,1634.7,80:02:9C:61:97:4A,2,0,NONE,2026-08-19T12:20:17.594216
45917,,-56,41,464,3702,70472,59428,220749,0,99,0,0,0,14:33:5C:6D:AF:58,0,1,ARMED,60,0,0,80:02:9C:61:97:4B,11,173,1836.9,80:02:9C:61:97:4A,2,0,NONE,2026-08-19T12:20:17.613216
45917,,-69,28,0,1614,70472,59428,220773,0,99,0,0,0,14:33:5C:6D:AF:58,0,1,ARMED,60,0,0,80:02:9C:61:97:4B,11,49,9660.9,80:02:9C:61:97:4A,2,0,NONE,2026-08-19T12:20:17.637216
45917,,-69,28,143,1621,70472,59428,220790,0,99,0,0,0,14:33:5C:6D:AF:58,0,1,ARMED,60,0,0,80:02:9C:61:97:4B,11,99,4559.5,80:02:9C:61:97:4A,2,0,NONE,2026-08-19T12:20:17.654216
45917,MGMT_OTHER,42,42,0,0,70444,59428,220810,0,99,0,0,0,14:33:5C:6D:AF:58,0,1,ARMED,60,0,1,80:02:9C:61:97:4B,11,149,3561.7,80:02:9C:61:97:4A,2,0,NONE,2026-08-19T12:20:17.674216
45917,,-70,27,0,214,70472,59428,220826,0,99,0,0,0,14:33:5C:6D:AF:58,0,1,ARMED,60,0,1,80:02:9C:61:97:4B,11,199,3449.7,80:02:9C:61:97:4A,2,0,NONE,2026-08-19T12:20:17.690216
45917,,-54,43,303,3892,69800,59428,220846,0,99,0,0,0,14:33:5C:6D:AF:58,0,1,ARMED,60,0,0,80:02:9C:61:97:4B,11,249,3200.6,80:02:9C:61:97:4A,2,0,NONE,2026-08-19T12:20:17.710216
45917,,-54,43,287,3922,70472,59428,220905,0,99,0,0,0,14:33:5C:6D:AF:58,0,1,ARMED,60,0,0,80:02:9C:61:97:4B,11,20,644.6,80:02:9C:61:97:4A,2,0,NONE,2026-08-19T12:20:17.769216
45917,,-54,43,287,3969,69828,59428,220926,0,99,0,0,0,14:33:5C:6D:AF:58,0,1,ARMED,60,0,0,80:02:9C:61:97:4B,11,70,1365,80:02:9C:61:97:4A,2,0,NONE,2026-08-19T12:20:17.790216
45917,,-55,42,672,4003,70472,59428,220940,0,99,0,0,0,14:33:5C:6D:AF:58,0,1,ARMED,60,0,0,80:02:9C:61:97:4B,11,120,1821.7,80:02:9C:61:97:4A,2,0,NONE,2026-08-19T12:20:17.804216
45917,,-54,43,439,4036,69828,59428,220969,0,99,0,0,0,14:33:5C:6D:AF:58,0,1,ARMED,60,0,0,80:02:9C:61:97:4B,11,170,1789.7,80:02:9C:61:97:4A,2,0,NONE,2026-08-19T12:20:17.833216
45917,,-55,42,311,4066,70472,59428,220986,0,99,0,0,0,14:33:5C:6D:AF:58,1,1,ARMED,60,0,0,80:02:9C:61:97:4B,11,26,2701.9,80:02:9C:61:97:4A,2,0,NONE,2026-08-19T12:20:17.850216
45917,,-55,42,310,18,69828,59428,221008,0,99,0,0,0,14:33:5C:6D:AF:58,1,1,ARMED,60,0,0,80:02:9C:61:97:4B,11,76,2411.5,80:02:9C:61:97:4A,2,0,NONE,2026-08-19T12:20:17.872216
45917,,-55,42,869,51,70472,59428,221036,0,99,0,0,0,14:33:5C:6D:AF:58,1,1,ARMED,60,0,0,80:02:9C:61:97:4B,11,126,2133.3,80:02:9C:61:97:4A,2,0,NONE,2026-08-19T12:20:17.900216
45917,,-56,41,608,67,70472,59428,221064,0,99,0,0,0,14:33:5C:6D:AF:58,1,1,ARMED,60,0,0,80:02:9C:61:97:4B,11,176,2019.1,80:02:9C:61:97:4A,2,0,NONE,2026-08-19T12:20:17.928216
45917,,-55,42,378,87,70472,59428,221092,0,99,0,0,0,14:33:5C:6D:AF:58,1,1,ARMED,60,0,0,80:02:9C:61:97:4B,11,26,1763.4,80:02:9C:61:97:4A,2,0,NONE,2026-08-19T12:20:17.956216
45917,,-54,43,311,129,69828,59428,221112,0,99,0,0,0,14:33:5C:6D:AF:58,1,1,ARMED,60,0,0,80:02:9C:61:97:4B,11,76,2168,80:02:9C:61:97:4A,2,0,NONE,2026-08-19T12:20:17.976216
45917,,-55,42,404,171,69828,59428,221129,0,99,0,0,0,14:33:5C:6D:AF:58,1,1,ARMED,60,0,0,80:02:9C:61:97:4B,11,126,2444.5,80:02:9C:61:97:4A,2,0,NONE,2026-08-19T12:20:17.993216
45917,,-54,43,250,220,68388,59428,221149,0,99,0,0,0,14:33:5C:6D:AF:58,1,1,ARMED,60,0,0,80:02:9C:61:97:4B,11,176,2455.6,80:02:9C:61:97:4A,2,0,NONE,2026-08-19T12:20:18.013216
45917,,-54,43,267,248,70472,59428,221210,0,99,0,0,0,14:33:5C:6D:AF:58,1,1,ARMED,60,0,0,80:02:9C:61:97:4B,11,31,1091,80:02:9C:61:97:4A,2,0,NONE,2026-08-19T12:20:18.074216
45917,,-70,27,401,1756,70472,59428,221239,0,99,0,0,0,14:33:5C:6D:AF:58,1,1,ARMED,60,0,1,80:02:9C:61:97:4B,11,81,1406.9,80:02:9C:61:97:4A,2,0,NONE,2026-08-19T12:20:18.103216
45917,,-70,27,331,1764,70472,59428,221249,0,99,0,0,0,14:33:5C:6D:AF:58,1,1,ARMED,60,0,1,80:02:9C:61:97:4B,11,131,1952.4,80:02:9C:61:97:4A,2,0,NONE,2026-08-19T12:20:18.113216
45917,,-54,43,0,345,70472,59428,221271,0,99,0,0,0,14:33:5C:6D:AF:58,1,1,ARMED,60,0,1,80:02:9C:61:97:4B,11,181,2015.7,80:02:9C:61:97:4A,2,0,NONE,2026-08-19T12:20:18.135216
45917,,-54,43,287,367,70472,59428,221290,0,99,0,0,0,14:33:5C:6D:AF:58,1,1,ARMED,60,0,0,80:02:9C:61:97:4B,11,21,3086.9,80:02:9C:61:97:4A,2,0,NONE,2026-08-19T12:20:18.154216
45917,,-55,42,865,391,70472,59428,221318,0,99,0,0,0,14:33:5C:6D:AF:58,1,1,ARMED,60,0,0,80:02:9C:61:97:4B,11,71,2054.6,80:02:9C:61:97:4A,2,0,NONE,2026-08-19T12:20:18.182216
45917,,-55,42,286,434,69828,59428,221337,0,99,0,0,0,14:33:5C:6D:AF:58,1,1,ARMED,60,0,0,80:02:9C:61:97:4B,11,121,2243.2,80:02:9C:61:97:4A,2,0,NONE,2026-08-19T12:20:18.201216
45917,BEACON,-86,11,0,3930,70472,59428,221389,0,99,0,0,0,14:33:5C:6D:AF:58,1,1,ARMED,60,0,1,80:02:9C:61:97:4B,11,171,1655,80:02:9C:61:97:4A,2,0,NONE,2026-08-19T12:20:18.253216
45917,,-55,42,286,503,70472,59428,221416,0,99,0,0,0,14:33:5C:6D:AF:58,1,1,ARMED,60,0,0,80:02:9C:61:97:4B,11,50,1660.9,80:02:9C:61:97:4A,2,0,NONE,2026-08-19T12:20:18.280216
45917,,-55,42,573,538,70256,59428,221437,0,99,0,0,0,14:33:5C:6D:AF:58,1,1,ARMED,60,0,0,80:02:9C:61:97:4B,11,100,1991.8,80:02:9C:61:97:4A,2,0,NONE,2026-08-19T12:20:18.301216
45917,,-55,42,573,588,70472,59428,221450,0,99,0,0,0,14:33:5C:6D:AF:58,1,1,ARMED,60,0,0,80:02:9C:61:97:4B,11,150,2343.9,80:02:9C:61:97:4A,2,0,NONE,2026-08-19T12:20:18.314216
45917,,-55,42,286,618,69032,59428,221479,0,99,0,0,0,14:33:5C:6D:AF:58,1,1,ARMED,60,0,0,80:02:9C:61:97:4B,11,200,2148.5,80:02:9C:61:97:4A,2,0,NONE,2026-08-19T12:20:18.343216
45917,,-70,27,402,1841,70472,59428,221496,0,99,0,0,0,14:33:5C:6D:AF:58,1,1,ARMED,60,0,1,80:02:9C:61:97:4B,11,16,2639.4,80:02:9C:61:97:4A,2,0,NONE,2026-08-19T12:20:18.360216
45917,,-70,27,0,1851,70472,59428,221521,0,99,0,0,0,14:33:5C:6D:AF:58,1,1,ARMED,60,0,0,80:02:9C:61:97:4B,11,66,2109.8,80:02:9C:61:97:4A,2,0,NONE,2026-08-19T12:20:18.385216
45917,,-70,27,401,1861,69828,59428,221534,0,99,0,0,0,14:33:5C:6D:AF:58,1,1,ARMED,60,0,1,80:02:9C:61:97:4B,11,116,2630.3,80:02:9C:61:97:4A,2,0,NONE,2026-08-19T12:20:18.398216
45917,,-55,42,685,777,70472,59428,221554,0,99,0,0,0,14:33:5C:6D:AF:58,1,1,ARMED,60,0,0,80:02:9C:61:97:4B,11,166,2582.4,80:02:9C:61:97:4A,2,0,NONE,2026-08-19T12:20:18.418216
45917,,-55,42,287,812,70472,59428,221596,0,99,0,0,0,14:33:5C:6D:AF:58,1,1,ARMED,60,0,0,80:02:9C:61:97:4B,11,17,3509.5,80:02:9C:61:97:4A,2,0,NONE,2026-08-19T12:20:18.460216
45917,,-71,26,0,1882,70472,59428,221699,0,99,0,0,0,14:33:5C:6D:AF:58,1,1,ARMED,60,0,0,80:02:9C:61:97:4B,11,15,2225.5,80:02:9C:61:97:4A,2,0,NONE,2026-08-19T12:20:18.563216
45917,,-55,42,310,884,70472,59428,221722,0,99,0,0,0,14:33:5C:6D:AF:58,1,1,ARMED,60,0,0,80:02:9C:61:97:4B,11,65,2209.5,80:02:9C:61:97:4A,2,0,NONE,2026-08-19T12:20:18.586216
45917,,-71,26,0,1898,69828,59428,221742,0,99,0,0,0,14:33:5C:6D:AF:58,1,1,ARMED,60,0,0,80:02:9C:61:97:4B,11,115,2323.4,80:02:9C:61:97:4A,2,0,NONE,2026-08-19T12:20:18.606216
45917,,-55,42,319,869,69828,59428,221754,0,99,0,0,0,14:33:5C:6D:AF:58,1,1,ARMED,60,0,1,80:02:9C:61:97:4B,11,165,2664.3,80:02:9C:61:97:4A,2,0,NONE,2026-08-19T12:20:18.618216
45917,,-72,25,10259,2277,70472,59428,221798,0,99,0,0,0,14:33:5C:6D:AF:58,1,1,ARMED,60,0,1,80:02:9C:61:97:4B,11,1,424.4,80:02:9C:61:97:4A,2,0,NONE,2026-08-19T12:20:18.662216
45917,,-55,42,311,1023,70472,59428,221817,0,99,0,0,0,14:33:5C:6D:AF:58,1,1,ARMED,60,0,0,80:02:9C:61:97:4B,11,51,2457.8,80:02:9C:61:97:4A,2,0,NONE,2026-08-19T12:20:18.681216
45917,,-55,42,311,1065,70472,59428,221837,0,99,0,0,0,14:33:5C:6D:AF:58,1,1,ARMED,60,0,0,80:02:9C:61:97:4B,11,101,2468,80:02:9C:61:97:4A,2,0,NONE,2026-08-19T12:20:18.701216
45917,,-55,42,311,1109,70472,59428,221855,0,99,0,0,0,14:33:5C:6D:AF:58,1,1,ARMED,60,0,0,80:02:9C:61:97:4B,11,151,2539.5,80:02:9C:61:97:4A,2,0,NONE,2026-08-19T12:20:18.719216
45917,,-57,40,760,1145,70472,59428,221884,0,99,0,0,0,14:33:5C:6D:AF:58,1,1,ARMED,60,0,0,80:02:9C:61:97:4B,11,201,2268.9,80:02:9C:61:97:4A,2,0,NONE,2026-08-19T12:20:18.748216
45917,,-55,42,378,1186,70388,59428,221906,0,99,0,0,0,14:33:5C:6D:AF:58,1,1,ARMED,60,0,0,80:02:9C:61:97:4B,11,19,2491.5,80:02:9C:61:97:4A,2,0,NONE,2026-08-19T12:20:18.770216
45917,MGMT_OTHER,41,41,0,0,70472,59428,221931,0,99,0,0,0,14:33:5C:6D:AF:58,1,1,ARMED,60,0,1,80:02:9C:61:97:4B,11,69,2088,80:02:9C:61:97:4A,2,0,NONE,2026-08-19T12:20:18.795216
45917,,-56,41,573,1255,69828,59428,221947,0,99,0,0,0,14:33:5C:6D:AF:58,1,1,ARMED,60,0,0,80:02:9C:61:97:4B,11,119,2436.5,80:02:9C:61:97:4A,2,0,NONE,2026-08-19T12:20:18.811216
45917,,-55,42,482,1283,70472,59428,221967,0,99,0,0,0,14:33:5C:6D:AF:58,1,1,ARMED,60,0,0,80:02:9C:61:97:4B,11,169,2442.8,80:02:9C:61:97:4A,2,0,NONE,2026-08-19T12:20:18.831216
45917,,-55,42,287,1303,70472,59428,221993,0,99,0,0,0,14:33:5C:6D:AF:58,1,1,ARMED,60,0,0,80:02:9C:61:97:4B,11,219,2314.9,80:02:9C:61:97:4A,2,0,NONE,2026-08-19T12:20:18.857216
45917,MGMT_OTHER,31,31,0,0,70472,59428,222088,0,99,0,0,0,14:33:5C:6D:AF:58,1,1,ARMED,60,0,1,80:02:9C:61:97:4B,11,49,691.1,80:02:9C:61:97:4A,2,0,NONE,2026-08-19T12:20:18.952216
45917,,-65,32,0,1878,70472,59428,222282,0,99,0,0,0,14:33:5C:6D:AF:58,0,0,ARMED,60,0,1,80:02:9C:61:97:4B,11,25,414.4,80:02:9C:61:97:4A,2,0,NONE,2026-08-19T12:20:19.146216
45917,MGMT_OTHER,40,40,0,0,70472,59428,222420,0,99,0,0,0,14:33:5C:6D:AF:58,0,1,ARMED,60,0,0,80:02:9C:61:97:4B,11,27,280.5,80:02:9C:61:97:4A,2,0,NONE,2026-08-19T12:20:19.284216
45917,MGMT_OTHER,30,30,0,0,70472,59428,222683,0,99,0,0,0,14:33:5C:6D:AF:58,0,0,ARMED,60,0,0,80:02:9C:61:97:4B,11,9,173.7,80:02:9C:61:97:4A,2,0,NONE,2026-08-19T12:20:19.547216
45917,,-56,41,1458,893,70472,59428,222903,0,99,0,0,0,14:33:5C:6D:AF:58,0,0,ARMED,60,0,1,80:02:9C:61:97:4B,11,23,341.2,80:02:9C:61:97:4A,2,0,NONE,2026-08-19T12:20:19.767216
45917,,-66,31,0,1889,68740,59428,223002,0,99,0,0,0,14:33:5C:6D:AF:58,0,1,ARMED,60,0,0,80:02:9C:61:97:4B,11,16,250.9,80:02:9C:61:97:4A,2,0,NONE,2026-08-19T12:20:19.866216
45917,MGMT_OTHER,41,41,0,0,70472,59428,223236,0,99,0,0,0,14:33:5C:6D:AF:58,0,0,ARMED,60,0,1,80:02:9C:61:97:4B,11,15,163.6,80:02:9C:61:97:4A,2,0,NONE,2026-08-19T12:20:20.100216
45917,,-56,41,0,683,70472,59428,223413,0,99,0,0,0,14:33:5C:6D:AF:58,0,0,ARMED,60,0,0,80:02:9C:61:97:4B,11,27,413.4,80:02:9C:61:97:4A,2,0,NONE,2026-08-19T12:20:20.277216
45917,BEACON,-84,13,19311,1481,70472,59428,223766,0,99,0,0,0,14:33:5C:6D:AF:58,0,0,ARMED,60,0,1,80:02:9C:61:97:4B,11,1,111.4,80:02:9C:61:97:4A,2,0,NONE,2026-08-19T12:20:20.630216
45917,BEACON,-86,11,0,1485,70472,59428,224176,0,99,0,0,0,14:33:5C:6D:AF:58,0,0,ARMED,60,0,1,80:02:9C:61:97:4B,11,1,111.3,80:02:9C:61:97:4A,2,0,NONE,2026-08-19T12:20:21.040216
45917,MGMT_OTHER,50,50,0,0,70472,59428,224398,0,99,0,0,0,14:33:5C:6D:AF:58,0,0,ARMED,60,0,1,80:02:9C:61:97:4B,11,12,447.3,80:02:9C:61:97:4A,2,0,NONE,2026-08-19T12:20:21.262216
45917,MGMT_OTHER,41,41,0,0,70472,59428,224666,0,99,0,0,0,14:33:5C:6D:AF:58,0,0,ARMED,60,0,1,80:02:9C:61:97:4B,11,20,224.4,80:02:9C:61:97:4A,2,0,NONE,2026-08-19T12:20:21.530216
45917,BEACON,-93,4,29686,1979,70472,59428,225021,0,99,0,0,0,14:33:5C:6D:AF:58,0,0,ARMED,60,0,1,80:02:9C:61:97:4B,11,2,56.9,80:02:9C:61:97:4A,2,0,NONE,2026-08-19T12:20:21.885216
45917,MGMT_OTHER,42,42,0,0,70472,59428,225366,0,99,0,0,0,14:33:5C:6D:AF:58,0,0,ARMED,60,0,0,80:02:9C:61:97:4B,11,11,151,80:02:9C:61:97:4A,2,0,NONE,2026-08-19T12:20:22.230216
45917,,-56,41,12401,931,70472,59428,225523,0,99,0,0,0,14:33:5C:6D:AF:58,0,1,ARMED,60,0,1,80:02:9C:61:97:4B,11,3,111.6,80:02:9C:61:97:4A,2,0,NONE,2026-08-19T12:20:22.387216
45917,BEACON,-83,14,0,3974,70472,59428,225687,0,99,0,0,0,14:33:5C:6D:AF:58,0,1,ARMED,60,0,1,80:02:9C:61:97:4B,11,24,277,80:02:9C:61:97:4A,2,0,NONE,2026-08-19T12:20:22.551216
45917,,-34,63,0,97,70472,59428,226025,0,99,0,0,0,14:33:5C:6D:AF:58,0,0,ARMED,60,0,1,80:02:9C:61:97:4B,11,2,132.2,80:02:9C:61:97:4A,2,0,NONE,2026-08-19T12:20:22.889216
45917,,-56,41,292,940,70472,59428,226357,0,99,0,0,0,14:33:5C:6D:AF:58,0,0,ARMED,60,0,0,80:02:9C:61:97:4B,11,9,226.9,80:02:9C:61:97:4A,2,0,NONE,2026-08-19T12:20:23.221216
45917,MGMT_OTHER,38,38,0,0,70472,59428,226444,0,99,0,0,0,14:33:5C:6D:AF:58,0,1,ARMED,60,0,0,80:02:9C:61:97:4B,11,9,335.8,80:02:9C:61:97:4A,2,0,NONE,2026-08-19T12:20:23.308216
45917,,-56,41,2147,960,70472,59428,226673,0,99,0,0,0,14:33:5C:6D:AF:58,0,0,ARMED,60,0,1,80:02:9C:61:97:4B,11,14,290.4,80:02:9C:61:97:4A,2,0,NONE,2026-08-19T12:20:23.537216
45917,BEACON,-69,28,54,1928,70472,59428,226789,0,99,0,0,0,14:33:5C:6D:AF:58,0,1,ARMED,60,0,1,80:02:9C:61:97:4B,11,10,160.1,80:02:9C:61:97:4A,2,0,NONE,2026-08-19T12:20:23.653216
45917,BEACON,-67,30,0,1930,70472,59428,226994,0,99,0,0,0,14:33:5C:6D:AF:58,0,1,ARMED,60,0,1,80:02:9C:61:97:4B,11,7,112,80:02:9C:61:97:4A,2,0,NONE,2026-08-19T12:20:23.858216
45917,MGMT_OTHER,40,40,0,0,70472,59428,227179,0,99,0,0,0,14:33:5C:6D:AF:58,0,0,ARMED,60,0,0,80:02:9C:61:97:4B,11,27,632.6,80:02:9C:61:97:4A,2,0,NONE,2026-08-19T12:20:24.043216
45917,MGMT_OTHER,31,31,0,0,70472,59428,227342,0,99,0,0,0,14:33:5C:6D:AF:58,0,1,ARMED,60,0,0,80:02:9C:61:97:4B,11,1,1000,80:02:9C:61:97:4A,2,0,NONE,2026-08-19T12:20:24.206216
45917,MGMT_OTHER,41,41,0,0,70472,59428,227396,0,99,0,0,0,14:33:5C:6D:AF:58,0,1,ARMED,60,0,0,80:02:9C:61:97:4B,11,51,935.8,80:02:9C:61:97:4A,2,0,NONE,2026-08-19T12:20:24.260216
45917,MGMT_OTHER,41,41,0,0,70472,59428,227428,0,99,0,0,0,14:33:5C:6D:AF:58,0,1,ARMED,60,0,0,80:02:9C:61:97:4B,11,101,1171.7,80:02:9C:61:97:4A,2,0,NONE,2026-08-19T12:20:24.292216
45917,MGMT_OTHER,40,40,0,0,70472,59428,227468,0,99,0,0,0,14:33:5C:6D:AF:58,0,1,ARMED,60,0,0,80:02:9C:61:97:4B,11,49,2018.8,80:02:9C:61:97:4A,2,0,NONE,2026-08-19T12:20:24.332216
45917,MGMT_OTHER,32,32,0,0,70472,59428,227546,0,99,0,0,0,14:33:5C:6D:AF:58,0,1,ARMED,60,0,1,80:02:9C:61:97:4B,11,2,964.8,80:02:9C:61:97:4A,2,0,NONE,2026-08-19T12:20:24.410216
45917,MGMT_OTHER,40,40,0,0,70472,59428,227704,0,99,0,0,0,14:33:5C:6D:AF:58,0,0,ARMED,60,0,0,80:02:9C:61:97:4B,11,30,647.7,80:02:9C:61:97:4A,2,0,NONE,2026-08-19T12:20:24.568216
45917,BEACON,-92,5,0,3568,70472,59428,227778,0,99,0,0,0,14:33:5C:6D:AF:58,0,1,ARMED,60,0,1,80:02:9C:61:97:4B,11,1,55.2,80:02:9C:61:97:4A,2,0,NONE,2026-08-19T12:20:24.642216
45917,MGMT_OTHER,31,31,0,0,70472,59428,227865,0,99,0,0,0,14:33:5C:6D:AF:58,0,1,ARMED,60,0,0,80:02:9C:61:97:4B,11,6,1108.6,80:02:9C:61:97:4A,2,0,NONE,2026-08-19T12:20:24.729216
45917,MGMT_OTHER,40,40,0,0,70472,59428,227958,0,99,0,0,0,14:33:5C:6D:AF:58,0,1,ARMED,60,0,0,80:02:9C:61:97:4B,11,56,570.7,80:02:9C:61:97:4A,2,0,NONE,2026-08-19T12:20:24.822216
45917,PROBE_RESP,-97,0,0,69,70472,59428,228036,0,99,0,0,0,14:33:5C:6D:AF:58,0,1,ARMED,60,0,0,80:02:9C:61:97:4B,11,49,786.2,80:02:9C:61:97:4A,2,0,NONE,2026-08-19T12:20:24.900216
45917,MGMT_OTHER,49,49,0,0,70472,59428,228086,0,99,0,0,0,14:33:5C:6D:AF:58,0,1,ARMED,60,0,0,80:02:9C:61:97:4B,11,6,514.2,80:02:9C:61:97:4A,2,0,NONE,2026-08-19T12:20:24.950216
45917,MGMT_OTHER,40,40,0,0,70472,59428,228171,0,99,0,0,0,14:33:5C:6D:AF:58,0,1,ARMED,60,0,0,80:02:9C:61:97:4B,11,56,577.1,80:02:9C:61:97:4A,2,0,NONE,2026-08-19T12:20:25.035216
45917,MGMT_OTHER,31,31,0,0,70472,59428,228293,0,99,0,0,0,14:33:5C:6D:AF:58,0,1,ARMED,60,0,0,80:02:9C:61:97:4B,11,14,871,80:02:9C:61:97:4A,2,0,NONE,2026-08-19T12:20:25.157216
45917,MGMT_OTHER,31,31,0,0,70412,59428,228535,0,99,0,0,0,14:33:5C:6D:AF:58,0,0,ARMED,60,0,0,80:02:9C:61:97:4B,11,12,282.3,80:02:9C:61:97:4A,2,0,NONE,2026-08-19T12:20:25.399216
45917,MGMT_OTHER,39,39,0,0,70472,59428,228619,0,99,0,0,0,14:33:5C:6D:AF:58,0,1,ARMED,60,0,0,80:02:9C:61:97:4B,11,17,727.1,80:02:9C:61:97:4A,2,0,NONE,2026-08-19T12:20:25.483216
45917,MGMT_OTHER,40,40,0,0,70472,59428,228808,0,99,0,0,0,14:33:5C:6D:AF:58,1,0,ARMED,60,0,0,80:02:9C:61:97:4B,11,1,525.2,80:02:9C:61:97:4A,2,0,NONE,2026-08-19T12:20:25.672216
45917,MGMT_OTHER,32,32,0,0,70472,59428,228879,0,99,0,0,0,14:33:5C:6D:AF:58,1,0,ARMED,60,0,0,80:02:9C:61:97:4B,11,51,698.3,80:02:9C:61:97:4A,2,0,NONE,2026-08-19T12:20:25.743216
45917,MGMT_OTHER,40,40,0,0,70472,59428,229165,0,99,0,0,0,14:33:5C:6D:AF:58,0,0,ARMED,60,0,0,80:02:9C:61:97:4B,11,16,336.9,80:02:9C:61:97:4A,2,0,NONE,2026-08-19T12:20:26.029216
45917,MGMT_OTHER,47,47,0,0,70472,59428,229312,0,99,0,0,0,14:33:5C:6D:AF:58,0,1,ARMED,60,0,0,80:02:9C:61:97:4B,11,35,379.8,80:02:9C:61:97:4A,2,0,NONE,2026-08-19T12:20:26.176216
45917,MGMT_OTHER,33,33,0,0,70472,59428,229452,0,99,0,0,0,14:33:5C:6D:AF:58,1,1,ARMED,60,0,1,80:02:9C:61:97:4B,11,13,519.6,80:02:9C:61:97:4A,2,0,NONE,2026-08-19T12:20:26.316216
45917,MGMT_OTHER,33,33,0,0,70472,59428,229693,0,99,0,0,0,14:33:5C:6D:AF:58,0,0,ARMED,60,0,0,80:02:9C:61:97:4B,11,14,220.1,80:02:9C:61:97:4A,2,0,NONE,2026-08-19T12:20:26.557216
45917,MGMT_OTHER,33,33,0,0,70472,59428,229775,0,99,0,0,0,14:33:5C:6D:AF:58,0,0,ARMED,60,0,0,80:02:9C:61:97:4B,11,43,994.3,80:02:9C:61:97:4A,2,0,NONE,2026-08-19T12:20:26.639216
45917,BEACON,-83,14,0,769,70472,59428,229901,0,99,0,0,0,14:33:5C:6D:AF:58,0,1,ARMED,60,0,1,80:02:9C:61:97:4B,11,12,179.4,80:02:9C:61:97:4A,2,0,NONE,2026-08-19T12:20:26.765216
45917,MGMT_OTHER,41,41,0,0,70472,59428,230159,0,99,0,0,0,14:33:5C:6D:AF:58,0,0,ARMED,60,0,1,80:02:9C:61:97:4B,11,4,224.5,80:02:9C:61:97:4A,2,0,NONE,2026-08-19T12:20:27.023216
45917,MGMT_OTHER,41,41,0,0,70472,59428,230265,0,99,0,0,0,14:33:5C:6D:AF:58,0,1,ARMED,60,0,0,80:02:9C:61:97:4B,11,24,1131.5,80:02:9C:61:97:4A,2,0,NONE,2026-08-19T12:20:27.129216
45917,MGMT_OTHER,41,41,0,0,70472,59428,230390,0,99,0,0,0,14:33:5C:6D:AF:58,0,1,ARMED,60,0,0,80:02:9C:61:97:4B,11,23,533,80:02:9C:61:97:4A,2,0,NONE,2026-08-19T12:20:27.254216
45917,MGMT_OTHER,40,40,0,0,70472,59428,230438,0,99,0,0,0,14:33:5C:6D:AF:58,0,1,ARMED,60,0,0,80:02:9C:61:97:4B,11,73,803.1,80:02:9C:61:97:4A,2,0,NONE,2026-08-19T12:20:27.302216
45917,MGMT_OTHER,41,41,0,0,70472,59428,230555,0,99,0,0,0,14:33:5C:6D:AF:58,0,1,ARMED,60,0,1,80:02:9C:61:97:4B,11,49,526.4,80:02:9C:61:97:4A,2,0,NONE,2026-08-19T12:20:27.419216
45917,MGMT_OTHER,51,51,0,0,70472,59428,230746,0,99,0,0,0,14:33:5C:6D:AF:58,0,0,ARMED,60,0,1,80:02:9C:61:97:4B,11,19,243.2,80:02:9C:61:97:4A,2,0,NONE,2026-08-19T12:20:27.610216
45917,MGMT_OTHER,33,33,0,0,70472,59428,230869,0,99,0,0,0,14:33:5C:6D:AF:58,0,1,ARMED,60,0,0,80:02:9C:61:97:4B,11,36,364.3,80:02:9C:61:97:4A,2,0,NONE,2026-08-19T12:20:27.733216
45917,BEACON,-71,26,0,1975,70472,59428,231193,0,99,0,0,0,14:33:5C:6D:AF:58,0,0,ARMED,60,0,1,80:02:9C:61:97:4B,11,2,156,80:02:9C:61:97:4A,2,0,NONE,2026-08-19T12:20:28.057216
45917,,-55,42,266,1335,70472,59428,231375,0,99,0,0,0,14:33:5C:6D:AF:58,0,0,ARMED,60,0,0,80:02:9C:61:97:4B,11,35,376.9,80:02:9C:61:97:4A,2,0,NONE,2026-08-19T12:20:28.239216
45917,,-56,41,2486,1368,70472,59428,231399,0,99,0,0,0,14:33:5C:6D:AF:58,0,1,ARMED,60,0,1,80:02:9C:61:97:4B,11,34,2084.2,80:02:9C:61:97:4A,2,0,NONE,2026-08-19T12:20:28.263216
45917,,-55,42,266,1399,70472,59428,231426,0,99,0,0,0,14:33:5C:6D:AF:58,0,1,ARMED,60,0,0,80:02:9C:61:97:4B,11,84,1944,80:02:9C:61:97:4A,2,0,NONE,2026-08-19T12:20:28.290216
45917,,-55,42,283,1431,70472,59428,231444,0,99,0,0,0,14:33:5C:6D:AF:58,0,1,ARMED,60,0,1,80:02:9C:61:97:4B,11,134,2186.3,80:02:9C:61:97:4A,2,0,NONE,2026-08-19T12:20:28.308216
45917,,-70,27,256,2040,70472,59428,231464,0,99,0,0,0,14:33:5C:6D:AF:58,0,1,ARMED,60,0,0,80:02:9C:61:97:4B,11,184,2261.6,80:02:9C:61:97:4A,2,0,NONE,2026-08-19T12:20:28.328216
45917,,-55,42,267,1505,70472,59428,231482,0,99,0,0,0,14:33:5C:6D:AF:58,0,1,ARMED,60,0,0,80:02:9C:61:97:4B,11,234,2341.6,80:02:9C:61:97:4A,2,0,NONE,2026-08-19T12:20:28.346216
45917,,-55,42,266,1550,68388,59428,231512,0,99,0,0,0,14:33:5C:6D:AF:58,0,1,ARMED,60,0,0,80:02:9C:61:97:4B,11,49,9718.4,80:02:9C:61:97:4A,2,0,NONE,2026-08-19T12:20:28.376216
45917,,-70,27,0,2056,70472,59428,231530,0,99,0,0,0,14:33:5C:6D:AF:58,0,1,ARMED,60,0,0,80:02:9C:61:97:4B,11,99,4267.8,80:02:9C:61:97:4A,2,0,NONE,2026-08-19T12:20:28.394216
45917,,-55,42,267,1606,70472,59428,231588,0,99,0,0,0,14:33:5C:6D:AF:58,0,1,ARMED,60,0,0,80:02:9C:61:97:4B,11,149,1834.3,80:02:9C:61:97:4A,2,0,NONE,2026-08-19T12:20:28.452216
45917,,-56,41,746,1637,70472,59428,231606,0,99,0,0,0,14:33:5C:6D:AF:58,0,1,ARMED,60,0,1,80:02:9C:61:97:4B,11,199,1999.9,80:02:9C:61:97:4A,2,0,NONE,2026-08-19T12:20:28.470216
45917,,-55,42,266,1674,69828,59428,231626,0,99,0,0,0,14:33:5C:6D:AF:58,0,1,ARMED,60,0,0,80:02:9C:61:97:4B,11,49,9697.2,80:02:9C:61:97:4A,2,0,NONE,2026-08-19T12:20:28.490216
45917,MGMT_OTHER,41,41,0,0,70472,59428,231637,0,99,0,0,0,14:33:5C:6D:AF:58,0,1,ARMED,60,0,1,80:02:9C:61:97:4B,11,99,6237,80:02:9C:61:97:4A,2,0,NONE,2026-08-19T12:20:28.501216
45917,,-55,42,266,1763,70472,59428,231657,0,99,0,0,0,14:33:5C:6D:AF:58,0,1,ARMED,60,0,0,80:02:9C:61:97:4B,11,149,4139.2,80:02:9C:61:97:4A,2,0,NONE,2026-08-19T12:20:28.521216
45917,,-55,42,266,1801,70472,59428,231674,0,99,0,0,0,14:33:5C:6D:AF:58,0,1,ARMED,60,0,0,80:02:9C:61:97:4B,11,199,3777.7,80:02:9C:61:97:4A,2,0,NONE,2026-08-19T12:20:28.538216
45917,,-56,41,374,1845,70084,59428,231694,0,99,0,0,0,14:33:5C:6D:AF:58,0,1,ARMED,60,0,0,80:02:9C:61:97:4B,11,249,3420.3,80:02:9C:61:97:4A,2,0,NONE,2026-08-19T12:20:28.558216
45917,,-69,28,315,360,70472,59428,231707,0,99,0,0,0,14:33:5C:6D:AF:58,0,1,ARMED,60,0,1,80:02:9C:61:97:4B,11,299,3507,80:02:9C:61:97:4A,2,0,NONE,2026-08-19T12:20:28.571216
45917,,-55,42,444,1901,70472,59428,231748,0,99,0,0,0,14:33:5C:6D:AF:58,1,1,ARMED,60,0,1,80:02:9C:61:97:4B,11,49,2827.5,80:02:9C:61:97:4A,2,0,NONE,2026-08-19T12:20:28.612216
45917,,-55,42,267,1953,69828,59428,231761,0,99,0,0,0,14:33:5C:6D:AF:58,1,1,ARMED,60,0,0,80:02:9C:61:97:4B,11,99,3268,80:02:9C:61:97:4A,2,0,NONE,2026-08-19T12:20:28.625216
45917,,-55,42,267,1990,70472,59428,231781,0,99,0,0,0,14:33:5C:6D:AF:58,1,1,ARMED,60,0,0,80:02:9C:61:97:4B,11,149,2956.5,80:02:9C:61:97:4A,2,0,NONE,2026-08-19T12:20:28.645216
45917,,-55,42,160,2031,70472,59428,231797,0,99,0,0,0,14:33:5C:6D:AF:58,1,1,ARMED,60,0,1,80:02:9C:61:97:4B,11,199,2987.9,80:02:9C:61:97:4A,2,0,NONE,2026-08-19T12:20:28.661216
45917,,-55,42,266,2055,70472,59428,231863,0,99,0,0,0,14:33:5C:6D:AF:58,1,1,ARMED,60,0,0,80:02:9C:61:97:4B,11,27,903.9,80:02:9C:61:97:4A,2,0,NONE,2026-08-19T12:20:28.727216
45917,,-56,41,862,2091,70472,59428,231879,0,99,0,0,0,14:33:5C:6D:AF:58,1,1,ARMED,60,0,0,80:02:9C:61:97:4B,11,77,1684.9,80:02:9C:61:97:4A,2,0,NONE,2026-08-19T12:20:28.743216
45917,,-55,42,267,2133,70472,59428,231899,0,99,0,0,0,14:33:5C:6D:AF:58,1,1,ARMED,60,0,0,80:02:9C:61:97:4B,11,127,1930.1,80:02:9C:61:97:4A,2,0,NONE,2026-08-19T12:20:28.763216
45917,,-55,42,450,2164,70472,59428,231918,0,99,0,0,0,14:33:5C:6D:AF:58,1,1,ARMED,60,0,0,80:02:9C:61:97:4B,11,177,2088,80:02:9C:61:97:4A,2,0,NONE,2026-08-19T12:20:28.782216
45917,,-55,42,301,2195,69032,59428,231950,0,99,0,0,0,14:33:5C:6D:AF:58,1,1,ARMED,60,0,0,80:02:9C:61:97:4B,11,49,2827.6,80:02:9C:61:97:4A,2,0,NONE,2026-08-19T12:20:28.814216
45917,,-55,42,907,2237,69828,59428,231959,0,99,0,0,0,14:33:5C:6D:AF:58,1,1,ARMED,60,0,0,80:02:9C:61:97:4B,11,99,3866.6,80:02:9C:61:97:4A,2,0,NONE,2026-08-19T12:20:28.823216
45917,,-55,42,267,2273,69032,59428,231988,0,99,0,0,0,14:33:5C:6D:AF:58,1,1,ARMED,60,0,0,80:02:9C:61:97:4B,11,149,2730.2,80:02:9C:61:97:4A,2,0,NONE,2026-08-19T12:20:28.852216
45917,,-55,42,267,2321,69628,59428,231995,0,99,0,0,0,14:33:5C:6D:AF:58,1,1,ARMED,60,0,0,80:02:9C:61:97:4B,11,199,3227,80:02:9C:61:97:4A,2,0,NONE,2026-08-19T12:20:28.859216
45917,,-55,42,266,2355,69184,59428,232015,0,99,0,0,0,14:33:5C:6D:AF:58,1,1,ARMED,60,0,0,80:02:9C:61:97:4B,11,249,3047.9,80:02:9C:61:97:4A,2,0,NONE,2026-08-19T12:20:28.879216
45917,,-55,42,302,2381,70472,59428,232043,0,99,0,0,0,14:33:5C:6D:AF:58,1,1,ARMED,60,0,0,80:02:9C:61:97:4B,11,23,3415,80:02:9C:61:97:4A,2,0,NONE,2026-08-19T12:20:28.907216
45917,,-55,42,567,2418,70472,59428,232067,0,99,0,0,0,14:33:5C:6D:AF:58,1,1,ARMED,60,0,0,80:02:9C:61:97:4B,11,73,2341.9,80:02:9C:61:97:4A,2,0,NONE,2026-08-19T12:20:28.931216
45917,,-69,28,283,2230,70284,59428,232078,0,99,0,0,0,14:33:5C:6D:AF:58,1,1,ARMED,60,0,1,80:02:9C:61:97:4B,11,123,2900.5,80:02:9C:61:97:4A,2,0,NONE,2026-08-19T12:20:28.942216
45917,,-69,28,0,2239,70472,59428,232185,0,99,0,0,0,14:33:5C:6D:AF:58,1,1,ARMED,60,0,0,80:02:9C:61:97:4B,11,10,212.5,80:02:9C:61:97:4A,2,0,NONE,2026-08-19T12:20:29.049216
45917,,-55,42,266,2497,70472,59428,232236,0,99,0,0,0,14:33:5C:6D:AF:58,1,1,ARMED,60,0,0,80:02:9C:61:97:4B,11,60,611.8,80:02:9C:61:97:4A,2,0,NONE,2026-08-19T12:20:29.100216
45917,,-56,41,365,2531,70472,59428,232269,0,99,0,0,0,14:33:5C:6D:AF:58,1,1,ARMED,60,0,0,80:02:9C:61:97:4B,11,49,2856.6,80:02:9C:61:97:4A,2,0,NONE,2026-08-19T12:20:29.133216
45917,,-55,42,267,2565,69828,59428,232276,0,99,0,0,0,14:33:5C:6D:AF:58,1,1,ARMED,60,0,0,80:02:9C:61:97:4B,11,99,4094.3,80:02:9C:61:97:4A,2,0,NONE,2026-08-19T12:20:29.140216
45917,,-55,42,576,2599,70472,59428,232305,0,99,0,0,0,14:33:5C:6D:AF:58,1,1,ARMED,60,0,0,80:02:9C:61:97:4B,11,149,2804.9,80:02:9C:61:97:4A,2,0,NONE,2026-08-19T12:20:29.169216
45917,,-55,42,276,2637,70472,59428,232312,0,99,0,0,0,14:33:5C:6D:AF:58,1,1,ARMED,60,0,1,80:02:9C:61:97:4B,11,199,3288.4,80:02:9C:61:97:4A,2,0,NONE,2026-08-19T12:20:29.176216
45917,,-56,41,292,1031,69836,59428,232332,0,99,0,0,0,14:33:5C:6D:AF:58,1,1,ARMED,60,0,0,80:02:9C:61:97:4B,11,249,3087.5,80:02:9C:61:97:4A,2,0,NONE,2026-08-19T12:20:29.196216
45917,,-55,42,131,2691,70472,59428,232345,0,99,0,0,0,14:33:5C:6D:AF:58,1,1,ARMED,60,0,1,80:02:9C:61:97:4B,11,299,3184.1,80:02:9C:61:97:4A,2,0,NONE,2026-08-19T12:20:29.209216
45917,,-55,42,634,2719,69828,59428,232378,0,99,0,0,0,14:33:5C:6D:AF:58,1,1,ARMED,60,0,0,80:02:9C:61:97:4B,11,49,2823.9,80:02:9C:61:97:4A,2,0,NONE,2026-08-19T12:20:29.242216
45917,,-55,42,266,2755,69828,59428,232385,0,99,0,0,0,14:33:5C:6D:AF:58,1,1,ARMED,60,0,0,80:02:9C:61:97:4B,11,99,4053.4,80:02:9C:61:97:4A,2,0,NONE,2026-08-19T12:20:29.249216
45917,,-69,28,0,2312,69032,59428,232405,0,99,0,0,0,14:33:5C:6D:AF:58,1,1,ARMED,60,0,0,80:02:9C:61:97:4B,11,149,3338.2,80:02:9C:61:97:4A,2,0,NONE,2026-08-19T12:20:29.269216
45917,,-55,42,266,2829,69828,59428,232412,0,99,0,0,0,14:33:5C:6D:AF:58,1,1,ARMED,60,0,0,80:02:9C:61:97:4B,11,199,3848.8,80:02:9C:61:97:4A,2,0,NONE,2026-08-19T12:20:29.276216
45917,,-56,41,267,2855,70472,59428,232474,0,99,0,0,0,14:33:5C:6D:AF:58,1,1,ARMED,60,0,0,80:02:9C:61:97:4B,11,12,918,80:02:9C:61:97:4A,2,0,NONE,2026-08-19T12:20:29.338216
45917,,-55,42,266,2890,69828,59428,232489,0,99,0,0,0,14:33:5C:6D:AF:58,1,1,ARMED,60,0,0,80:02:9C:61:97:4B,11,62,2199.5,80:02:9C:61:97:4A,2,0,NONE,2026-08-19T12:20:29.353216
45917,,-55,42,267,2932,70444,59428,232518,0,99,0,0,0,14:33:5C:6D:AF:58,1,1,ARMED,60,0,0,80:02:9C:61:97:4B,11,112,1959.3,80:02:9C:61:97:4A,2,0,NONE,2026-08-19T12:20:29.382216
45917,,-69,28,0,2129,69828,59428,232527,0,99,0,0,0,14:33:5C:6D:AF:58,1,1,ARMED,60,0,0,80:02:9C:61:97:4B,11,162,2457.1,80:02:9C:61:97:4A,2,0,NONE,2026-08-19T12:20:29.391216
45917,,-55,42,263,3005,69184,59428,232547,0,99,0,0,0,14:33:5C:6D:AF:58,1,1,ARMED,60,0,0,80:02:9C:61:97:4B,11,212,2462.5,80:02:9C:61:97:4A,2,0,NONE,2026-08-19T12:20:29.411216
45917,,-55,42,267,3025,70472,59428,232566,0,99,0,0,0,14:33:5C:6D:AF:58,1,1,ARMED,60,0,0,80:02:9C:61:97:4B,11,9,2500,80:02:9C:61:97:4A,2,0,NONE,2026-08-19T12:20:29.430216
45917,,-55,42,294,3062,70472,59428,232594,0,99,0,0,0,14:33:5C:6D:AF:58,1,1,ARMED,60,0,1,80:02:9C:61:97:4B,11,59,1888.7,80:02:9C:61:97:4A,2,0,NONE,2026-08-19T12:20:29.458216
45917,,-68,29,0,2373,69828,59428,232601,0,99,0,0,0,14:33:5C:6D:AF:58,1,1,ARMED,60,0,0,80:02:9C:61:97:4B,11,109,2845.2,80:02:9C:61:97:4A,2,0,NONE,2026-08-19T12:20:29.465216
45917,,-69,28,391,2378,70472,59428,232621,0,99,0,0,0,14:33:5C:6D:AF:58,1,1,ARMED,60,0,1,80:02:9C:61:97:4B,11,159,2719.1,80:02:9C:61:97:4A,2,0,NONE,2026-08-19T12:20:29.485216
45917,,-60,37,953,2388,69828,59428,232637,0,99,0,0,0,14:33:5C:6D:AF:58,1,1,ARMED,60,0,1,80:02:9C:61:97:4B,11,209,2814.1,80:02:9C:61:97:4A,2,0,NONE,2026-08-19T12:20:29.501216
45917,,-60,37,0,2394,69032,59428,232657,0,99,0,0,0,14:33:5C:6D:AF:58,1,1,ARMED,60,0,0,80:02:9C:61:97:4B,11,259,2743.4,80:02:9C:61:97:4A,2,0,NONE,2026-08-19T12:20:29.521216
45917,,-56,41,286,3224,70472,59428,232670,0,99,0,0,0,14:33:5C:6D:AF:58,1,1,ARMED,60,0,0,80:02:9C:61:97:4B,11,29,4004.4,80:02:9C:61:97:4A,2,0,NONE,2026-08-19T12:20:29.534216
45917,,-56,41,575,3245,70472,59428,232726,0,99,0,0,0,14:33:5C:6D:AF:58,1,1,ARMED,60,0,0,80:02:9C:61:97:4B,11,79,1261.1,80:02:9C:61:97:4A,2,0,NONE,2026-08-19T12:20:29.590216
45917,,-68,29,0,912,70472,59428,232754,0,99,0,0,0,14:33:5C:6D:AF:58,1,1,ARMED,60,0,0,80:02:9C:61:97:4B,11,129,1409.7,80:02:9C:61:97:4A,2,0,NONE,2026-08-19T12:20:29.618216
45917,,-56,41,266,3287,70444,59428,232787,0,99,0,0,0,14:33:5C:6D:AF:58,1,1,ARMED,60,0,0,80:02:9C:61:97:4B,11,49,2828.4,80:02:9C:61:97:4A,2,0,NONE,2026-08-19T12:20:29.651216
45917,,-55,42,267,3308,68388,59428,232794,0,99,0,0,0,14:33:5C:6D:AF:58,1,1,ARMED,60,0,0,80:02:9C:61:97:4B,11,99,4066.5,80:02:9C:61:97:4A,2,0,NONE,2026-08-19T12:20:29.658216
45917,,-56,41,890,3346,70444,59428,232814,0,99,0,0,0,14:33:5C:6D:AF:58,1,1,ARMED,60,0,1,80:02:9C:61:97:4B,11,149,3356.8,80:02:9C:61:97:4A,2,0,NONE,2026-08-19T12:20:29.678216
45917,,-69,28,0,2442,69828,59428,232822,0,99,0,0,0,14:33:5C:6D:AF:58,1,1,ARMED,60,0,0,80:02:9C:61:97:4B,11,199,3790.6,80:02:9C:61:97:4A,2,0,NONE,2026-08-19T12:20:29.686216
45917,,-55,42,599,3392,69828,59428,232854,0,99,0,0,0,14:33:5C:6D:AF:58,1,1,ARMED,60,0,0,80:02:9C:61:97:4B,11,249,2957.5,80:02:9C:61:97:4A,2,0,NONE,2026-08-19T12:20:29.718216
45917,,-68,29,0,2195,70472,59428,232881,0,99,0,0,0,14:33:5C:6D:AF:58,1,1,ARMED,60,0,1,80:02:9C:61:97:4B,11,31,3146.2,80:02:9C:61:97:4A,2,0,NONE,2026-08-19T12:20:29.745216
45917,,-55,42,1957,3432,70472,59428,232905,0,99,0,0,0,14:33:5C:6D:AF:58,1,1,ARMED,60,0,0,80:02:9C:61:97:4B,11,81,2388.3,80:02:9C:61:97:4A,2,0,NONE,2026-08-19T12:20:29.769216
45917,,-69,28,0,2228,70472,59428,232985,0,99,0,0,0,14:33:5C:6D:AF:58,1,1,ARMED,60,0,0,80:02:9C:61:97:4B,11,14,1159.8,80:02:9C:61:97:4A,2,0,NONE,2026-08-19T12:20:29.849216
45917,,-54,43,250,3467,70472,59428,233016,0,99,0,0,0,14:33:5C:6D:AF:58,1,1,ARMED,60,0,0,80:02:9C:61:97:4B,11,64,1510.1,80:02:9C:61:97:4A,2,0,NONE,2026-08-19T12:20:29.880216
45917,,-69,28,255,2249,70472,59428,233088,0,99,0,0,0,14:33:5C:6D:AF:58,1,1,ARMED,60,0,1,80:02:9C:61:97:4B,11,14,1116.1,80:02:9C:61:97:4A,2,0,NONE,2026-08-19T12:20:29.952216
45917,,-56,41,292,1050,70472,59428,233220,0,99,0,0,0,14:33:5C:6D:AF:58,1,1,ARMED,60,0,0,80:02:9C:61:97:4B,11,13,309.8,80:02:9C:61:97:4A,2,0,NONE,2026-08-19T12:20:30.084216
45917,,-54,43,419,782,70472,59428,233235,0,99,0,0,0,14:33:5C:6D:AF:58,1,1,ARMED,60,0,1,80:02:9C:61:97:4B,11,63,1114.3,80:02:9C:61:97:4A,2,0,NONE,2026-08-19T12:20:30.099216
45917,,-54,43,266,3513,70472,59428,233255,0,99,0,0,0,14:33:5C:6D:AF:58,1,1,ARMED,60,0,0,80:02:9C:61:97:4B,11,113,1471.2,80:02:9C:61:97:4A,2,0,NONE,2026-08-19T12:20:30.119216
45917,,-55,42,266,3558,69828,59428,233269,0,99,0,0,0,14:33:5C:6D:AF:58,1,1,ARMED,60,0,0,80:02:9C:61:97:4B,11,163,1798.8,80:02:9C:61:97:4A,2,0,NONE,2026-08-19T12:20:30.133216
45917,,-55,42,0,1067,70472,59428,233301,0,99,0,0,0,14:33:5C:6D:AF:58,1,1,ARMED,60,0,0,80:02:9C:61:97:4B,11,49,2827.8,80:02:9C:61:97:4A,2,0,NONE,2026-08-19T12:20:30.165216
45917,,-55,42,267,794,68768,59428,233308,0,99,0,0,0,14:33:5C:6D:AF:58,1,1,ARMED,60,0,1,80:02:9C:61:97:4B,11,99,4069.9,80:02:9C:61:97:4A,2,0,NONE,2026-08-19T12:20:30.172216
45917,,-55,42,196,3639,70472,59428,233328,0,99,0,0,0,14:33:5C:6D:AF:58,1,1,ARMED,60,0,1,80:02:9C:61:97:4B,11,149,3356.5,80:02:9C:61:97:4A,2,0,NONE,2026-08-19T12:20:30.192216
45917,,-54,43,266,3669,70472,59428,233377,0,99,0,0,0,14:33:5C:6D:AF:58,1,1,ARMED,60,0,0,80:02:9C:61:97:4B,11,199,2140.3,80:02:9C:61:97:4A,2,0,NONE,2026-08-19T12:20:30.241216
45917,,-55,42,263,3714,70472,59428,233418,0,99,0,0,0,14:33:5C:6D:AF:58,1,1,ARMED,60,0,0,80:02:9C:61:97:4B,11,49,2825.8,80:02:9C:61:97:4A,2,0,NONE,2026-08-19T12:20:30.282216
45917,,-56,41,644,3750,69032,59428,233426,0,99,0,0,0,14:33:5C:6D:AF:58,1,1,ARMED,60,0,0,80:02:9C:61:97:4B,11,99,4034.6,80:02:9C:61:97:4A,2,0,NONE,2026-08-19T12:20:30.290216
45917,,-68,29,0,410,70472,59428,233446,0,99,0,0,0,14:33:5C:6D:AF:58,1,1,ARMED,60,0,1,80:02:9C:61:97:4B,11,149,3339.7,80:02:9C:61:97:4A,2,0,NONE,2026-08-19T12:20:30.310216
45917,,-55,42,437,3851,70472,59428,233453,0,99,0,0,0,14:33:5C:6D:AF:58,1,1,ARMED,60,0,0,80:02:9C:61:97:4B,11,199,3827.9,80:02:9C:61:97:4A,2,0,NONE,2026-08-19T12:20:30.317216
45917,,-55,42,195,3876,70472,59428,233483,0,99,0,0,0,14:33:5C:6D:AF:58,1,1,ARMED,60,0,1,80:02:9C:61:97:4B,11,249,3039.6,80:02:9C:61:97:4A,2,0,NONE,2026-08-19T12:20:30.347216
45917,,-55,42,267,3909,70472,59428,233508,0,99,0,0,0,14:33:5C:6D:AF:58,1,1,ARMED,60,0,0,80:02:9C:61:97:4B,11,24,3544.5,80:02:9C:61:97:4A,2,0,NONE,2026-08-19T12:20:30.372216
45917,MGMT_OTHER,45,45,0,0,70472,59428,233532,0,99,0,0,0,14:33:5C:6D:AF:58,1,1,ARMED,60,0,0,80:02:9C:61:97:4B,11,74,2373.8,80:02:9C:61:97:4A,2,0,NONE,2026-08-19T12:20:30.396216
45917,,-54,43,1570,3960,70472,59428,233618,0,99,0,0,0,14:33:5C:6D:AF:58,1,1,ARMED,60,0,1,80:02:9C:61:97:4B,11,13,3765.9,80:02:9C:61:97:4A,2,0,NONE,2026-08-19T12:20:30.482216
45917,,-55,42,263,3998,70412,59428,233646,0,99,0,0,0,14:33:5C:6D:AF:58,1,1,ARMED,60,0,0,80:02:9C:61:97:4B,11,63,2021.6,80:02:9C:61:97:4A,2,0,NONE,2026-08-19T12:20:30.510216
45917,,-55,42,267,4039,70472,59428,233653,0,99,0,0,0,14:33:5C:6D:AF:58,1,1,ARMED,60,0,0,80:02:9C:61:97:4B,11,113,2954.2,80:02:9C:61:97:4A,2,0,NONE,2026-08-19T12:20:30.517216
45917,,-63,34,0,2413,70472,59428,233682,0,99,0,0,0,14:33:5C:6D:AF:58,1,1,ARMED,60,0,0,80:02:9C:61:97:4B,11,163,2421.5,80:02:9C:61:97:4A,2,0,NONE,2026-08-19T12:20:30.546216
45917,,-55,42,118,4082,69828,59428,233691,0,99,0,0,0,14:33:5C:6D:AF:58,1,1,ARMED,60,0,0,80:02:9C:61:97:4B,11,213,2791.8,80:02:9C:61:97:4A,2,0,NONE,2026-08-19T12:20:30.555216
45917,,-55,42,115,17,70444,59428,233711,0,99,0,0,0,14:33:5C:6D:AF:58,1,1,ARMED,60,0,0,80:02:9C:61:97:4B,11,263,2728.9,80:02:9C:61:97:4A,2,0,NONE,2026-08-19T12:20:30.575216
45917,,-55,42,1211,62,70472,59428,233729,0,99,0,0,0,14:33:5C:6D:AF:58,1,1,ARMED,60,0,0,80:02:9C:61:97:4B,11,34,2440.4,80:02:9C:61:97:4A,2,0,NONE,2026-08-19T12:20:30.593216
45917,,-68,29,0,2434,69032,59428,233766,0,99,0,0,0,14:33:5C:6D:AF:58,1,1,ARMED,60,0,0,80:02:9C:61:97:4B,11,84,1656.4,80:02:9C:61:97:4A,2,0,NONE,2026-08-19T12:20:30.630216
45917,,-55,42,267,116,70472,59428,233782,0,99,0,0,0,14:33:5C:6D:AF:58,1,1,ARMED,60,0,0,80:02:9C:61:97:4B,11,134,1995.2,80:02:9C:61:97:4A,2,0,NONE,2026-08-19T12:20:30.646216
45917,,-68,29,0,2449,70472,59428,233803,0,99,0,0,0,14:33:5C:6D:AF:58,1,1,ARMED,60,0,0,80:02:9C:61:97:4B,11,184,2102.7,80:02:9C:61:97:4A,2,0,NONE,2026-08-19T12:20:30.667216
45917,,-68,29,274,2457,70472,59428,233829,0,99,0,0,0,14:33:5C:6D:AF:58,1,1,ARMED,60,0,0,80:02:9C:61:97:4B,11,27,2311.8,80:02:9C:61:97:4A,2,0,NONE,2026-08-19T12:20:30.693216
45917,,-52,45,258,3835,70472,59428,233890,0,99,0,0,0,14:33:5C:6D:AF:58,1,1,ARMED,60,0,1,80:02:9C:61:97:4B,11,77,1061.6,80:02:9C:61:97:4A,2,0,NONE,2026-08-19T12:20:30.754216
45917,,-55,42,267,254,69828,59428,233906,0,99,0,0,0,14:33:5C:6D:AF:58,1,1,ARMED,60,0,0,80:02:9C:61:97:4B,11,127,1430.4,80:02:9C:61:97:4A,2,0,NONE,2026-08-19T12:20:30.770216
45917,,-55,42,266,285,69032,59428,233948,0,99,0,0,0,14:33:5C:6D:AF:58,1,1,ARMED,60,0,0,80:02:9C:61:97:4B,11,49,2828.6,80:02:9C:61:97:4A,2,0,NONE,2026-08-19T12:20:30.812216
45917,,-55,42,401,316,70472,59428,233959,0,99,0,0,0,14:33:5C:6D:AF:58,1,1,ARMED,60,0,0,80:02:9C:61:97:4B,11,99,3522.6,80:02:9C:61:97:4A,2,0,NONE,2026-08-19T12:20:30.823216
45917,,-55,42,266,351,70472,59428,233979,0,99,0,0,0,14:33:5C:6D:AF:58,1,1,ARMED,60,0,0,80:02:9C:61:97:4B,11,149,3079.5,80:02:9C:61:97:4A,2,0,NONE,2026-08-19T12:20:30.843216
45917,BEACON,-87,10,82,1596,70472,59428,234006,0,99,0,0,0,14:33:5C:6D:AF:58,1,1,ARMED,60,0,1,80:02:9C:61:97:4B,11,199,2633.7,80:02:9C:61:97:4A,2,0,NONE,2026-08-19T12:20:30.870216
45917,,-56,41,419,400,70472,59428,234027,0,99,0,0,0,14:33:5C:6D:AF:58,1,1,ARMED,60,0,0,80:02:9C:61:97:4B,11,249,2602.1,80:02:9C:61:97:4A,2,0,NONE,2026-08-19T12:20:30.891216
45917,,-56,41,1964,432,70472,59428,234049,0,99,0,0,0,14:33:5C:6D:AF:58,1,1,ARMED,60,0,0,80:02:9C:61:97:4B,11,27,1489.7,80:02:9C:61:97:4A,2,0,NONE,2026-08-19T12:20:30.913216
45917,,-54,43,266,461,70472,59428,234108,0,99,0,0,0,14:33:5C:6D:AF:58,1,1,ARMED,60,0,0,80:02:9C:61:97:4B,11,77,1001.2,80:02:9C:61:97:4A,2,0,NONE,2026-08-19T12:20:30.972216
45917,,-68,29,0,2534,70472,59428,234127,0,99,0,0,0,14:33:5C:6D:AF:58,1,1,ARMED,60,0,0,80:02:9C:61:97:4B,11,127,1326.6,80:02:9C:61:97:4A,2,0,NONE,2026-08-19T12:20:30.991216
45917,,-55,42,266,549,70472,59428,234159,0,99,0,0,0,14:33:5C:6D:AF:58,1,1,ARMED,60,0,0,80:02:9C:61:97:4B,11,49,2828,80:02:9C:61:97:4A,2,0,NONE,2026-08-19T12:20:31.023216
45917,,-55,42,437,587,69828,59428,234166,0,99,0,0,0,14:33:5C:6D:AF:58,1,1,ARMED,60,0,0,80:02:9C:61:97:4B,11,99,4060.4,80:02:9C:61:97:4A,2,0,NONE,2026-08-19T12:20:31.030216
45917,,-54,43,266,594,70472,59428,234275,0,99,0,0,0,14:33:5C:6D:AF:58,1,1,ARMED,60,0,0,80:02:9C:61:97:4B,11,6,238.3,80:02:9C:61:97:4A,2,0,NONE,2026-08-19T12:20:31.139216
45917,,-54,43,115,636,70388,59428,234292,0,99,0,0,0,14:33:5C:6D:AF:58,1,1,ARMED,60,0,0,80:02:9C:61:97:4B,11,56,1347.5,80:02:9C:61:97:4A,2,0,NONE,2026-08-19T12:20:31.156216
45917,,-54,43,267,674,70472,59428,234312,0,99,0,0,0,14:33:5C:6D:AF:58,1,1,ARMED,60,0,0,80:02:9C:61:97:4B,11,106,1719.1,80:02:9C:61:97:4A,2,0,NONE,2026-08-19T12:20:31.176216
45917,MGMT_OTHER,42,42,0,0,70472,59428,234325,0,99,0,0,0,14:33:5C:6D:AF:58,1,1,ARMED,60,0,1,80:02:9C:61:97:4B,11,156,2090.9,80:02:9C:61:97:4A,2,0,NONE,2026-08-19T12:20:31.189216
45917,,-69,28,300,2603,70472,59428,234345,0,99,0,0,0,14:33:5C:6D:AF:58,1,1,ARMED,60,0,0,80:02:9C:61:97:4B,11,206,2175.4,80:02:9C:61:97:4A,2,0,NONE,2026-08-19T12:20:31.209216
45917,,-69,28,0,2619,69032,59428,234357,0,99,0,0,0,14:33:5C:6D:AF:58,1,1,ARMED,60,0,0,80:02:9C:61:97:4B,11,23,3427.2,80:02:9C:61:97:4A,2,0,NONE,2026-08-19T12:20:31.221216
45917,,-55,42,1127,805,70472,59428,234384,0,99,0,0,0,14:33:5C:6D:AF:58,1,1,ARMED,60,0,0,80:02:9C:61:97:4B,11,73,2180.9,80:02:9C:61:97:4A,2,0,NONE,2026-08-19T12:20:31.248216
45917,,-55,42,2039,854,69828,59428,234391,0,99,0,0,0,14:33:5C:6D:AF:58,1,1,ARMED,60,0,0,80:02:9C:61:97:4B,11,123,3029.1,80:02:9C:61:97:4A,2,0,NONE,2026-08-19T12:20:31.255216
45917,,-68,29,344,2665,69032,57188,234411,0,99,0,0,0,14:33:5C:6D:AF:58,1,1,ARMED,60,0,0,80:02:9C:61:97:4B,11,173,2850.1,80:02:9C:61:97:4A,2,0,NONE,2026-08-19T12:20:31.275216
45917,,-55,42,957,909,70472,57188,234431,0,99,0,0,0,14:33:5C:6D:AF:58,1,1,ARMED,60,0,0,80:02:9C:61:97:4B,11,223,2771.6,80:02:9C:61:97:4A,2,0,NONE,2026-08-19T12:20:31.295216
45917,,-54,43,277,945,70472,57188,234472,0,99,0,0,0,14:33:5C:6D:AF:58,1,1,ARMED,60,0,1,80:02:9C:61:97:4B,11,49,2829.6,80:02:9C:61:97:4A,2,0,NONE,2026-08-19T12:20:31.336216
45917,,-69,28,0,2707,70472,57188,234522,0,99,0,0,0,14:33:5C:6D:AF:58,1,1,ARMED,60,0,0,80:02:9C:61:97:4B,11,99,1478.6,80:02:9C:61:97:4A,2,0,NONE,2026-08-19T12:20:31.386216
45917,,-68,29,418,2723,70472,57188,234554,0,99,0,0,0,14:33:5C:6D:AF:58,1,1,ARMED,60,0,1,80:02:9C:61:97:4B,11,149,1498.9,80:02:9C:61:97:4A,2,0,NONE,2026-08-19T12:20:31.418216
45917,,-55,42,590,1011,70472,57188,234581,0,99,0,0,0,14:33:5C:6D:AF:58,1,1,ARMED,60,0,0,80:02:9C:61:97:4B,11,49,2179.8,80:02:9C:61:97:4A,2,0,NONE,2026-08-19T12:20:31.445216
45917,,-68,29,0,2742,69828,57188,234601,0,99,0,0,0,14:33:5C:6D:AF:58,1,1,ARMED,60,0,0,80:02:9C:61:97:4B,11,99,2325.1,80:02:9C:61:97:4A,2,0,NONE,2026-08-19T12:20:31.465216
45917,MGMT_OTHER,42,42,0,0,70472,57188,234609,0,99,0,0,0,14:33:5C:6D:AF:58,1,1,ARMED,60,0,1,80:02:9C:61:97:4B,11,149,2993.7,80:02:9C:61:97:4A,2,0,NONE,2026-08-19T12:20:31.473216
45917,,-68,29,0,2767,70472,57188,234629,0,99,0,0,0,14:33:5C:6D:AF:58,1,1,ARMED,60,0,0,80:02:9C:61:97:4B,11,199,2850.3,80:02:9C:61:97:4A,2,0,NONE,2026-08-19T12:20:31.493216
45917,,-54,43,267,1147,70472,57188,234641,0,99,0,0,0,14:33:5C:6D:AF:58,1,1,ARMED,60,0,0,80:02:9C:61:97:4B,11,249,3036.3,80:02:9C:61:97:4A,2,0,NONE,2026-08-19T12:20:31.505216
45917,,-54,43,267,1190,69032,57188,234670,0,99,0,0,0,14:33:5C:6D:AF:58,1,1,ARMED,60,0,0,80:02:9C:61:97:4B,11,20,1715.7,80:02:9C:61:97:4A,2,0,NONE,2026-08-19T12:20:31.534216
45917,,-54,43,267,1216,69828,57188,234677,0,99,0,0,0,14:33:5C:6D:AF:58,1,1,ARMED,60,0,0,80:02:9C:61:97:4B,11,70,3751.1,80:02:9C:61:97:4A,2,0,NONE,2026-08-19T12:20:31.541216
45917,,-69,28,0,955,70472,57188,234709,0,99,0,0,0,14:33:5C:6D:AF:58,1,1,ARMED,60,0,0,80:02:9C:61:97:4B,11,120,2408.3,80:02:9C:61:97:4A,2,0,NONE,2026-08-19T12:20:31.573216
45917,,-54,43,250,1266,70472,57188,234734,0,99,0,0,0,14:33:5C:6D:AF:58,1,1,ARMED,60,0,0,80:02:9C:61:97:4B,11,170,2275.3,80:02:9C:61:97:4A,2,0,NONE,2026-08-19T12:20:31.598216
45917,,-54,43,518,1286,70472,57188,234757,0,99,0,0,0,14:33:5C:6D:AF:58,1,1,ARMED,60,0,0,80:02:9C:61:97:4B,11,220,2245.9,80:02:9C:61:97:4A,2,0,NONE,2026-08-19T12:20:31.621216
45917,,-54,43,215,1334,70248,57188,234773,0,99,0,0,0,14:33:5C:6D:AF:58,1,1,ARMED,60,0,0,80:02:9C:61:97:4B,11,49,3522.6,80:02:9C:61:97:4A,2,0,NONE,2026-08-19T12:20:31.637216
45917,,-54,43,3609,1349,70472,57188,234794,0,99,0,0,0,14:33:5C:6D:AF:58,1,1,ARMED,60,0,1,80:02:9C:61:97:4B,11,99,2823.2,80:02:9C:61:97:4A,2,0,NONE,2026-08-19T12:20:31.658216
45917,,-69,28,516,1002,70288,57188,234811,0,99,0,0,0,14:33:5C:6D:AF:58,1,1,ARMED,60,0,1,80:02:9C:61:97:4B,11,149,2853.4,80:02:9C:61:97:4A,2,0,NONE,2026-08-19T12:20:31.675216
45917,,-54,43,262,1429,70472,57188,234837,0,99,0,0,0,14:33:5C:6D:AF:58,1,1,ARMED,60,0,0,80:02:9C:61:97:4B,11,199,2553.3,80:02:9C:61:97:4A,2,0,NONE,2026-08-19T12:20:31.701216
45917,,-54,43,267,1450,70472,57188,234856,0,99,0,0,0,14:33:5C:6D:AF:58,1,1,ARMED,60,0,0,80:02:9C:61:97:4B,11,249,2554.4,80:02:9C:61:97:4A,2,0,NONE,2026-08-19T12:20:31.720216
45917,,-54,43,266,1493,70472,57188,234889,0,99,0,0,0,14:33:5C:6D:AF:58,1,1,ARMED,60,0,0,80:02:9C:61:97:4B,11,49,2829.3,80:02:9C:61:97:4A,2,0,NONE,2026-08-19T12:20:31.753216
45917,,-54,43,1337,1504,70472,57188,234906,0,99,0,0,0,14:33:5C:6D:AF:58,1,1,ARMED,60,0,0,80:02:9C:61:97:4B,11,99,2886,80:02:9C:61:97:4A,2,0,NONE,2026-08-19T12:20:31.770216
45917,,-53,44,250,1530,70472,57188,234935,0,99,0,0,0,14:33:5C:6D:AF:58,1,1,ARMED,60,0,0,80:02:9C:61:97:4B,11,149,2353.5,80:02:9C:61:97:4A,2,0,NONE,2026-08-19T12:20:31.799216
45917,,-53,44,113,1554,70444,57188,234942,0,99,0,0,0,14:33:5C:6D:AF:58,1,1,ARMED,60,0,0,80:02:9C:61:97:4B,11,199,2814.6,80:02:9C:61:97:4A,2,0,NONE,2026-08-19T12:20:31.806216
45917,,-53,44,610,1573,70472,57188,234963,0,99,0,0,0,14:33:5C:6D:AF:58,1,1,ARMED,60,0,0,80:02:9C:61:97:4B,11,249,2741.4,80:02:9C:61:97:4A,2,0,NONE,2026-08-19T12:20:31.827216
45917,,-53,44,250,1604,69660,57188,234970,0,99,0,0,0,14:33:5C:6D:AF:58,1,1,ARMED,60,0,0,80:02:9C:61:97:4B,11,299,3054.7,80:02:9C:61:97:4A,2,0,NONE,2026-08-19T12:20:31.834216
45917,,-54,43,854,1621,70472,57188,235003,0,99,0,0,0,14:33:5C:6D:AF:58,1,0,ARMED,60,0,0,80:02:9C:61:97:4B,11,49,2695.1,80:02:9C:61:97:4A,2,0,NONE,2026-08-19T12:20:31.867216
45917,,-69,28,340,1123,70472,57188,235047,0,99,0,0,0,14:33:5C:6D:AF:58,1,0,ARMED,60,0,1,80:02:9C:61:97:4B,11,99,1601.7,80:02:9C:61:97:4A,2,0,NONE,2026-08-19T12:20:31.911216
45917,,-70,27,552,2828,68276,57188,235097,0,99,0,0,0,14:33:5C:6D:AF:58,1,1,ARMED,60,0,1,80:02:9C:61:97:4B,11,22,1825.9,80:02:9C:61:97:4A,2,0,NONE,2026-08-19T12:20:31.961216
45917,,-53,44,166,1676,70472,57188,235154,0,99,0,0,0,14:33:5C:6D:AF:58,1,1,ARMED,60,0,0,80:02:9C:61:97:4B,11,72,1032.3,80:02:9C:61:97:4A,2,0,NONE,2026-08-19T12:20:32.018216
45917,,-53,44,249,1707,70472,57188,235177,0,99,0,0,0,14:33:5C:6D:AF:58,1,1,ARMED,60,0,0,80:02:9C:61:97:4B,11,122,1327.5,80:02:9C:61:97:4A,2,0,NONE,2026-08-19T12:20:32.041216
45917,BEACON,-68,29,0,2017,70472,57188,235290,0,99,0,0,0,14:33:5C:6D:AF:58,1,1,ARMED,60,0,1,80:02:9C:61:97:4B,11,31,302.5,80:02:9C:61:97:4A,2,0,NONE,2026-08-19T12:20:32.154216
45917,,-53,44,3797,1736,70472,57188,235336,0,99,0,0,0,14:33:5C:6D:AF:58,1,1,ARMED,60,0,1,80:02:9C:61:97:4B,11,50,1063.2,80:02:9C:61:97:4A,2,0,NONE,2026-08-19T12:20:32.200216
45917,MGMT_OTHER,28,28,0,0,70472,57188,235488,0,99,0,0,0,14:33:5C:6D:AF:58,1,1,ARMED,60,0,0,80:02:9C:61:97:4B,11,30,310.3,80:02:9C:61:97:4A,2,0,NONE,2026-08-19T12:20:32.352216
45917,MGMT_OTHER,43,43,0,0,70472,57188,235601,0,99,0,0,0,14:33:5C:6D:AF:58,1,1,ARMED,60,0,0,80:02:9C:61:97:4B,11,49,499.3,80:02:9C:61:97:4A,2,0,NONE,2026-08-19T12:20:32.465216
45917,MGMT_OTHER,43,43,0,0,70472,57188,235772,0,99,0,0,0,14:33:5C:6D:AF:58,0,0,ARMED,60,0,0,80:02:9C:61:97:4B,11,23,359.6,80:02:9C:61:97:4A,2,0,NONE,2026-08-19T12:20:32.636216
45917,,-53,44,7311,3866,70472,57188,235955,0,99,0,0,0,14:33:5C:6D:AF:58,0,0,ARMED,60,0,1,80:02:9C:61:97:4B,11,19,450.5,80:02:9C:61:97:4A,2,0,NONE,2026-08-19T12:20:32.819216
45917,,-67,30,82,172,70472,57188,236137,0,99,0,0,0,14:33:5C:6D:AF:58,0,0,ARMED,60,0,1,80:02:9C:61:97:4B,11,6,316.7,80:02:9C:61:97:4A,2,0,NONE,2026-08-19T12:20:33.001216
45917,PROBE_REQ,-94,3,0,680,70472,57188,236300,0,99,0,0,0,14:33:5C:6D:AF:58,0,1,ARMED,60,0,1,80:02:9C:61:97:4B,11,9,111.3,80:02:9C:61:97:4A,2,0,NONE,2026-08-19T12:20:33.164216
45917,,-57,40,598,1103,70472,57188,236470,0,99,0,0,0,14:33:5C:6D:AF:58,0,0,ARMED,60,0,0,80:02:9C:61:97:4B,11,17,396.9,80:02:9C:61:97:4A,2,0,NONE,2026-08-19T12:20:33.334216
45917,BEACON,-84,13,0,3832,70472,57188,236626,0,99,0,0,0,14:33:5C:6D:AF:58,0,1,ARMED,60,0,1,80:02:9C:61:97:4B,11,35,363.6,80:02:9C:61:97:4A,2,0,NONE,2026-08-19T12:20:33.490216
45917,,-57,40,292,1113,70472,57188,236775,0,99,0,0,0,14:33:5C:6D:AF:58,1,1,ARMED,60,0,0,80:02:9C:61:97:4B,11,18,418.2,80:02:9C:61:97:4A,2,0,NONE,2026-08-19T12:20:33.639216
45917,MGMT_OTHER,44,44,0,0,70472,57188,236829,0,99,0,0,0,14:33:5C:6D:AF:58,1,1,ARMED,60,0,0,80:02:9C:61:97:4B,11,68,698.2,80:02:9C:61:97:4A,2,0,NONE,2026-08-19T12:20:33.693216
45917,MGMT_OTHER,41,41,0,0,70472,57188,236946,0,99,0,0,0,14:33:5C:6D:AF:58,1,1,ARMED,60,0,0,80:02:9C:61:97:4B,11,8,604.7,80:02:9C:61:97:4A,2,0,NONE,2026-08-19T12:20:33.810216
45917,BEACON,-95,2,0,3660,70472,57188,237197,0,99,0,0,0,14:33:5C:6D:AF:58,1,0,ARMED,60,0,1,80:02:9C:61:97:4B,11,12,189.9,80:02:9C:61:97:4A,2,0,NONE,2026-08-19T12:20:34.061216
45917,MGMT_OTHER,41,41,0,0,70472,57188,237388,0,99,0,0,0,14:33:5C:6D:AF:58,0,1,ARMED,60,0,1,80:02:9C:61:97:4B,11,13,242.8,80:02:9C:61:97:4A,2,0,NONE,2026-08-19T12:20:34.252216
45917,MGMT_OTHER,41,41,0,0,70472,57188,237584,0,99,0,0,0,14:33:5C:6D:AF:58,0,1,ARMED,60,0,0,80:02:9C:61:97:4B,11,7,164.2,80:02:9C:61:97:4A,2,0,NONE,2026-08-19T12:20:34.448216
45917,,-69,28,0,2359,70472,57188,237789,0,99,0,0,0,14:33:5C:6D:AF:58,0,0,ARMED,60,0,1,80:02:9C:61:97:4B,11,10,233.2,80:02:9C:61:97:4A,2,0,NONE,2026-08-19T12:20:34.653216
45917,,-50,47,16879,3937,70472,57188,238080,0,99,0,0,0,14:33:5C:6D:AF:58,0,0,ARMED,60,0,1,80:02:9C:61:97:4B,11,7,260.6,80:02:9C:61:97:4A,2,0,NONE,2026-08-19T12:20:34.944216
45917,,-69,28,293,551,70464,57188,238324,0,99,0,0,0,14:33:5C:6D:AF:58,0,0,ARMED,60,0,0,80:02:9C:61:97:4B,11,18,273.7,80:02:9C:61:97:4A,2,0,NONE,2026-08-19T12:20:35.188216
45917,,-55,42,0,840,70228,57188,238479,0,99,0,0,0,14:33:5C:6D:AF:58,1,0,ARMED,60,0,0,80:02:9C:61:97:4B,11,27,1625.3,80:02:9C:61:97:4A,2,0,NONE,2026-08-19T12:20:35.343216
45917,BEACON,-83,14,0,3853,70464,57188,238673,0,99,0,0,0,14:33:5C:6D:AF:58,0,1,ARMED,60,0,1,80:02:9C:61:97:4B,11,1,171.9,80:02:9C:61:97:4A,2,0,NONE,2026-08-19T12:20:35.537216
45917,,-83,14,0,2239,70464,57188,238978,0,99,0,0,0,14:33:5C:6D:AF:58,0,0,ARMED,60,0,1,80:02:9C:61:97:4B,11,2,613.9,80:02:9C:61:97:4A,2,0,NONE,2026-08-19T12:20:35.842216
45917,,-49,48,0,3952,70472,57188,239226,0,99,0,0,0,14:33:5C:6D:AF:58,0,0,ARMED,60,0,1,80:02:9C:61:97:4B,11,18,390.8,80:02:9C:61:97:4A,2,0,NONE,2026-08-19T12:20:36.090216
45917,BEACON,-84,13,50,862,70472,57188,239424,0,99,0,0,0,14:33:5C:6D:AF:58,0,0,ARMED,60,0,1,80:02:9C:61:97:4B,11,12,299.4,80:02:9C:61:97:4A,2,0,NONE,2026-08-19T12:20:36.288216
45917,PROBE_RESP,-94,3,0,1709,70472,57188,239582,0,99,0,0,0,14:33:5C:6D:AF:58,0,0,ARMED,60,0,1,80:02:9C:61:97:4B,11,35,368.8,80:02:9C:61:97:4A,2,0,NONE,2026-08-19T12:20:36.446216
45917,BEACON,-86,11,0,1657,70472,57188,239945,0,99,0,0,0,14:33:5C:6D:AF:58,0,0,ARMED,60,0,1,80:02:9C:61:97:4B,11,5,115.7,80:02:9C:61:97:4A,2,0,NONE,2026-08-19T12:20:36.809216
45917,,-56,41,975,1164,70472,57188,240218,0,99,0,0,0,14:33:5C:6D:AF:58,0,0,ARMED,60,0,1,80:02:9C:61:97:4B,11,13,1578.4,80:02:9C:61:97:4A,2,0,NONE,2026-08-19T12:20:37.082216
45917,BEACON,-87,10,26703,872,70472,57188,240448,0,99,0,0,0,14:33:5C:6D:AF:58,0,0,ARMED,60,0,1,80:02:9C:61:97:4B,11,4,107.8,80:02:9C:61:97:4A,2,0,NONE,2026-08-19T12:20:37.312216
45917,BEACON,-87,10,0,875,70472,57188,240756,0,99,0,0,0,14:33:5C:6D:AF:58,0,1,ARMED,60,0,1,80:02:9C:61:97:4B,11,4,103.4,80:02:9C:61:97:4A,2,0,NONE,2026-08-19T12:20:37.620216
45917,,-69,28,21167,601,70472,57188,241000,0,99,0,0,0,14:33:5C:6D:AF:58,0,0,ARMED,60,0,1,80:02:9C:61:97:4B,11,23,282.7,80:02:9C:61:97:4A,2,0,NONE,2026-08-19T12:20:37.864216
45917,BEACON,-94,3,82,3699,70472,57188,241191,0,99,0,0,0,14:33:5C:6D:AF:58,0,1,ARMED,60,0,1,80:02:9C:61:97:4B,11,16,225.7,80:02:9C:61:97:4A,2,0,NONE,2026-08-19T12:20:38.055216
45917,BEACON,-93,4,0,2139,70472,57188,241405,0,99,0,0,0,14:33:5C:6D:AF:58,0,1,ARMED,60,0,1,80:02:9C:61:97:4B,11,14,179.4,80:02:9C:61:97:4A,2,0,NONE,2026-08-19T12:20:38.269216
45917,BEACON,-81,16,0,3884,70472,57188,241644,0,99,0,0,0,14:33:5C:6D:AF:58,0,0,ARMED,60,0,1,80:02:9C:61:97:4B,11,2,312.3,80:02:9C:61:97:4A,2,0,NONE,2026-08-19T12:20:38.508216
45917,BEACON,-85,12,130757,888,70472,57188,242087,0,99,0,0,0,14:33:5C:6D:AF:58,0,0,ARMED,60,0,1,80:02:9C:61:97:4B,11,4,91.7,80:02:9C:61:97:4A,2,0,NONE,2026-08-19T12:20:38.951216
45917,BEACON,-87,10,0,1680,70472,57188,242322,0,99,0,0,0,14:33:5C:6D:AF:58,0,0,ARMED,60,0,1,80:02:9C:61:97:4B,11,11,149.4,80:02:9C:61:97:4A,2,0,NONE,2026-08-19T12:20:39.186216
45917,MGMT_OTHER,40,40,0,0,70472,57188,242669,0,99,0,0,0,14:33:5C:6D:AF:58,0,0,ARMED,60,0,0,80:02:9C:61:97:4B,11,3,275.2,80:02:9C:61:97:4A,2,0,NONE,2026-08-19T12:20:39.533216
45917,,-56,41,347,1204,70472,57188,242962,0,99,0,0,0,14:33:5C:6D:AF:58,0,0,ARMED,60,0,1,80:02:9C:61:97:4B,11,26,262.5,80:02:9C:61:97:4A,2,0,NONE,2026-08-19T12:20:39.826216
45917,MGMT_OTHER,40,40,0,0,70472,57188,243227,0,99,0,0,0,14:33:5C:6D:AF:58,0,0,ARMED,60,0,0,80:02:9C:61:97:4B,11,8,176.3,80:02:9C:61:97:4A,2,0,NONE,2026-08-19T12:20:40.091216
45917,BEACON,-86,11,0,1692,70472,57188,243529,0,99,0,0,0,14:33:5C:6D:AF:58,0,0,ARMED,60,0,1,80:02:9C:61:97:4B,11,3,76.2,80:02:9C:61:97:4A,2,0,NONE,2026-08-19T12:20:40.393216
45917,,-70,27,5830,2383,70472,57188,243753,0,99,0,0,0,14:33:5C:6D:AF:58,0,0,ARMED,60,0,1,80:02:9C:61:97:4B,11,28,464.9,80:02:9C:61:97:4A,2,0,NONE,2026-08-19T12:20:40.617216
45917,,-70,27,10311,2385,70472,57188,243914,0,99,0,0,0,14:33:5C:6D:AF:58,0,0,ARMED,60,0,1,80:02:9C:61:97:4B,11,8,548,80:02:9C:61:97:4A,2,0,NONE,2026-08-19T12:20:40.778216
45917,MGMT_OTHER,27,27,0,0,70472,57188,244248,0,99,0,0,0,14:33:5C:6D:AF:58,0,0,ARMED,60,0,1,80:02:9C:61:97:4B,11,7,168.8,80:02:9C:61:97:4A,2,0,NONE,2026-08-19T12:20:41.112216
45917,,-56,41,519,1770,70472,57188,244441,0,99,0,0,0,14:33:5C:6D:AF:58,0,0,ARMED,60,0,0,80:02:9C:61:97:4B,11,16,540.2,80:02:9C:61:97:4A,2,0,NONE,2026-08-19T12:20:41.305216
45917,MGMT_OTHER,40,40,0,0,70472,57188,244461,0,99,0,0,0,14:33:5C:6D:AF:58,0,0,ARMED,60,0,1,80:02:9C:61:97:4B,11,66,1324.9,80:02:9C:61:97:4A,2,0,NONE,2026-08-19T12:20:41.325216
45917,,-56,41,533,1839,69828,57188,244477,0,99,0,0,0,14:33:5C:6D:AF:58,0,0,ARMED,60,0,0,80:02:9C:61:97:4B,11,116,1762.1,80:02:9C:61:97:4A,2,0,NONE,2026-08-19T12:20:41.341216
45917,,-56,41,267,1877,70472,57188,244500,0,99,0,0,0,14:33:5C:6D:AF:58,0,0,ARMED,60,0,0,80:02:9C:61:97:4B,11,166,1878.4,80:02:9C:61:97:4A,2,0,NONE,2026-08-19T12:20:41.364216
45917,,-70,27,776,2478,70472,57188,244545,0,99,0,0,0,14:33:5C:6D:AF:58,0,1,ARMED,60,0,1,80:02:9C:61:97:4B,11,47,1562.2,80:02:9C:61:97:4A,2,0,NONE,2026-08-19T12:20:41.409216
45917,,-56,41,266,1953,70472,57188,244565,0,99,0,0,0,14:33:5C:6D:AF:58,0,1,ARMED,60,0,0,80:02:9C:61:97:4B,11,97,1926.1,80:02:9C:61:97:4A,2,0,NONE,2026-08-19T12:20:41.429216
45917,,-56,41,374,1987,70472,57188,244576,0,99,0,0,0,14:33:5C:6D:AF:58,0,1,ARMED,60,0,0,80:02:9C:61:97:4B,11,147,2390,80:02:9C:61:97:4A,2,0,NONE,2026-08-19T12:20:41.440216
45917,,-56,41,266,2022,70472,57188,244596,0,99,0,0,0,14:33:5C:6D:AF:58,0,1,ARMED,60,0,0,80:02:9C:61:97:4B,11,197,2413.5,80:02:9C:61:97:4A,2,0,NONE,2026-08-19T12:20:41.460216
45917,,-56,41,286,2048,70472,57188,244621,0,99,0,0,0,14:33:5C:6D:AF:58,0,1,ARMED,60,0,0,80:02:9C:61:97:4B,11,13,2372.7,80:02:9C:61:97:4A,2,0,NONE,2026-08-19T12:20:41.485216
45917,,-56,41,286,2089,70472,57188,244650,0,99,0,0,0,14:33:5C:6D:AF:58,0,1,ARMED,60,0,0,80:02:9C:61:97:4B,11,63,1817.3,80:02:9C:61:97:4A,2,0,NONE,2026-08-19T12:20:41.514216
45917,,-57,40,521,2126,70472,57188,244661,0,99,0,0,0,14:33:5C:6D:AF:58,0,1,ARMED,60,0,0,80:02:9C:61:97:4B,11,113,2467.1,80:02:9C:61:97:4A,2,0,NONE,2026-08-19T12:20:41.525216
45917,,-56,41,286,2144,70472,57188,244779,0,99,0,0,0,14:33:5C:6D:AF:58,1,1,ARMED,60,0,0,80:02:9C:61:97:4B,11,23,382.4,80:02:9C:61:97:4A,2,0,NONE,2026-08-19T12:20:41.643216
45917,,-70,27,0,2545,69032,57188,244795,0,99,0,0,0,14:33:5C:6D:AF:58,1,1,ARMED,60,0,0,80:02:9C:61:97:4B,11,73,960.4,80:02:9C:61:97:4A,2,0,NONE,2026-08-19T12:20:41.659216
45917,,-70,27,447,2395,69032,57188,244815,0,99,0,0,0,14:33:5C:6D:AF:58,1,1,ARMED,60,0,1,80:02:9C:61:97:4B,11,123,1279.4,80:02:9C:61:97:4A,2,0,NONE,2026-08-19T12:20:41.679216
45917,MGMT_OTHER,40,40,0,0,70472,57188,244831,0,99,0,0,0,14:33:5C:6D:AF:58,1,1,ARMED,60,0,1,80:02:9C:61:97:4B,11,34,2854.7,80:02:9C:61:97:4A,2,0,NONE,2026-08-19T12:20:41.695216
45917,,-56,41,286,2270,70472,57188,244852,0,99,0,0,0,14:33:5C:6D:AF:58,1,1,ARMED,60,0,0,80:02:9C:61:97:4B,11,84,2594.4,80:02:9C:61:97:4A,2,0,NONE,2026-08-19T12:20:41.716216
45917,,-56,41,287,2299,70472,57188,244868,0,99,0,0,0,14:33:5C:6D:AF:58,1,1,ARMED,60,0,0,80:02:9C:61:97:4B,11,134,2738.8,80:02:9C:61:97:4A,2,0,NONE,2026-08-19T12:20:41.732216
45917,,-70,27,12904,662,70472,57188,244983,0,99,0,0,0,14:33:5C:6D:AF:58,1,1,ARMED,60,0,1,80:02:9C:61:97:4B,11,16,256.6,80:02:9C:61:97:4A,2,0,NONE,2026-08-19T12:20:41.847216
45917,BEACON,-95,2,0,2176,70472,57188,245194,0,99,0,0,0,14:33:5C:6D:AF:58,0,1,ARMED,60,0,1,80:02:9C:61:97:4B,11,10,144.6,80:02:9C:61:97:4A,2,0,NONE,2026-08-19T12:20:42.058216
45917,MGMT_OTHER,40,40,0,0,70472,57188,245651,0,99,0,0,0,14:33:5C:6D:AF:58,0,0,ARMED,60,0,0,80:02:9C:61:97:4B,11,3,210,80:02:9C:61:97:4A,2,0,NONE,2026-08-19T12:20:42.515216
45917,BEACON,-93,4,0,2183,70472,57188,245910,0,99,0,0,0,14:33:5C:6D:AF:58,0,0,ARMED,60,0,1,80:02:9C:61:97:4B,11,7,107.3,80:02:9C:61:97:4A,2,0,NONE,2026-08-19T12:20:42.774216
45917,BEACON,-94,3,0,2187,70472,57188,246320,0,99,0,0,0,14:33:5C:6D:AF:58,0,0,ARMED,60,0,1,80:02:9C:61:97:4B,11,8,115.7,80:02:9C:61:97:4A,2,0,NONE,2026-08-19T12:20:43.184216
45917,,-56,41,1780,1252,70472,57188,246595,0,99,0,0,0,14:33:5C:6D:AF:58,0,0,ARMED,60,0,0,80:02:9C:61:97:4B,11,10,539.6,80:02:9C:61:97:4A,2,0,NONE,2026-08-19T12:20:43.459216
45917,BEACON,-85,12,4826,93,70472,57188,246884,0,99,0,0,0,14:33:5C:6D:AF:58,0,0,ARMED,60,0,1,80:02:9C:61:97:4B,11,22,214.8,80:02:9C:61:97:4A,2,0,NONE,2026-08-19T12:20:43.748216
45917,MGMT_OTHER,45,45,0,0,70472,57188,247135,0,99,0,0,0,14:33:5C:6D:AF:58,0,0,ARMED,60,0,0,80:02:9C:61:97:4B,11,13,287,80:02:9C:61:97:4A,2,0,NONE,2026-08-19T12:20:43.999216
45917,,-56,41,0,935,70068,57188,247178,0,99,0,0,0,14:33:5C:6D:AF:58,0,0,ARMED,60,0,0,80:02:9C:61:97:4B,11,63,710.2,80:02:9C:61:97:4A,2,0,NONE,2026-08-19T12:20:44.042216
45917,BEACON,-83,14,82,939,70472,57188,247309,0,99,0,0,0,14:33:5C:6D:AF:58,0,1,ARMED,60,0,1,80:02:9C:61:97:4B,11,2,125.1,80:02:9C:61:97:4A,2,0,NONE,2026-08-19T12:20:44.173216
45917,,-57,40,267,2322,70472,57188,247434,0,99,0,0,0,14:33:5C:6D:AF:58,0,1,ARMED,60,0,1,80:02:9C:61:97:4B,11,12,313.9,80:02:9C:61:97:4A,2,0,NONE,2026-08-19T12:20:44.298216
45917,,-56,41,279,2361,70472,57188,247449,0,99,0,0,0,14:33:5C:6D:AF:58,0,1,ARMED,60,0,0,80:02:9C:61:97:4B,11,62,1161.2,80:02:9C:61:97:4A,2,0,NONE,2026-08-19T12:20:44.313216
45917,,-56,41,789,2385,70472,57188,247485,0,99,0,0,0,14:33:5C:6D:AF:58,0,1,ARMED,60,0,0,80:02:9C:61:97:4B,11,112,1258.5,80:02:9C:61:97:4A,2,0,NONE,2026-08-19T12:20:44.349216
45917,,-56,41,280,2417,70472,57188,247503,0,99,0,0,0,14:33:5C:6D:AF:58,0,1,ARMED,60,0,1,80:02:9C:61:97:4B,11,25,5022.1,80:02:9C:61:97:4A,2,0,NONE,2026-08-19T12:20:44.367216
45917,,-50,47,31705,4030,70472,57188,247705,0,99,0,0,0,14:33:5C:6D:AF:58,0,0,ARMED,60,0,1,80:02:9C:61:97:4B,11,1,711.7,80:02:9C:61:97:4A,2,0,NONE,2026-08-19T12:20:44.569216
45917,,-51,46,247,4036,70472,57188,247888,0,99,0,0,0,14:33:5C:6D:AF:58,0,1,ARMED,60,0,0,80:02:9C:61:97:4B,11,22,268.5,80:02:9C:61:97:4A,2,0,NONE,2026-08-19T12:20:44.752216
45917,BEACON,-94,3,1427,3766,70388,57188,248050,0,99,0,0,0,14:33:5C:6D:AF:58,0,1,ARMED,60,0,1,80:02:9C:61:97:4B,11,6,247.5,80:02:9C:61:97:4A,2,0,NONE,2026-08-19T12:20:44.914216
45917,BEACON,-94,3,0,3769,70472,57188,248361,0,99,0,0,0,14:33:5C:6D:AF:58,0,0,ARMED,60,0,1,80:02:9C:61:97:4B,11,5,179.7,80:02:9C:61:97:4A,2,0,NONE,2026-08-19T12:20:45.225216
45917,BEACON,-84,13,0,954,70472,57188,248845,0,99,0,0,0,14:33:5C:6D:AF:58,0,0,ARMED,60,0,1,80:02:9C:61:97:4B,11,11,107.4,80:02:9C:61:97:4A,2,0,NONE,2026-08-19T12:20:45.709216
45917,,-70,27,0,2170,70472,57188,249028,0,99,0,0,0,14:33:5C:6D:AF:58,0,0,ARMED,60,0,0,80:02:9C:61:97:4B,11,38,471.5,80:02:9C:61:97:4A,2,0,NONE,2026-08-19T12:20:45.892216
45917,,-56,41,292,1287,70472,57188,249093,0,99,0,0,0,14:33:5C:6D:AF:58,0,1,ARMED,60,0,0,80:02:9C:61:97:4B,11,37,826.8,80:02:9C:61:97:4A,2,0,NONE,2026-08-19T12:20:45.957216
45917,,-71,26,34089,722,70472,57188,249293,0,99,0,0,0,14:33:5C:6D:AF:58,0,0,ARMED,60,0,1,80:02:9C:61:97:4B,11,4,116.8,80:02:9C:61:97:4A,2,0,NONE,2026-08-19T12:20:46.157216
45917,BEACON,-94,3,0,327,70472,57188,249621,0,99,0,0,0,14:33:5C:6D:AF:58,0,0,ARMED,60,0,1,80:02:9C:61:97:4B,11,3,59.3,80:02:9C:61:97:4A,2,0,NONE,2026-08-19T12:20:46.485216
45917,,-70,27,622,731,70472,57188,250008,0,99,0,0,0,14:33:5C:6D:AF:58,0,0,ARMED,60,0,0,80:02:9C:61:97:4B,11,5,185.5,80:02:9C:61:97:4A,2,0,NONE,2026-08-19T12:20:46.872216
45917,MGMT_OTHER,40,40,0,0,70472,57188,250233,0,99,0,0,0,14:33:5C:6D:AF:58,0,0,ARMED,60,0,0,80:02:9C:61:97:4B,11,6,124.7,80:02:9C:61:97:4A,2,0,NONE,2026-08-19T12:20:47.097216
45917,BEACON,-86,11,0,1761,70472,57188,250595,0,99,0,0,0,14:33:5C:6D:AF:58,0,0,ARMED,60,0,1,80:02:9C:61:97:4B,11,11,107.5,80:02:9C:61:97:4A,2,0,NONE,2026-08-19T12:20:47.459216
45917,BEACON,-96,1,0,2824,70472,57188,250738,0,99,0,0,0,14:33:5C:6D:AF:58,0,1,ARMED,60,0,1,80:02:9C:61:97:4B,11,11,271.5,80:02:9C:61:97:4A,2,0,NONE,2026-08-19T12:20:47.602216
45917,MGMT_OTHER,7,7,0,0,70472,57188,251100,0,99,0,0,0,14:33:5C:6D:AF:58,0,0,ARMED,60,0,0,80:02:9C:61:97:4B,11,15,156.3,80:02:9C:61:97:4A,2,0,NONE,2026-08-19T12:20:47.964216
45917,BEACON,-84,13,0,137,70472,57188,251389,0,99,0,0,0,14:33:5C:6D:AF:58,0,0,ARMED,60,0,1,80:02:9C:61:97:4B,11,8,152.5,80:02:9C:61:97:4A,2,0,NONE,2026-08-19T12:20:48.253216
45917,BEACON,-85,12,0,983,70472,57188,251815,0,99,0,0,0,14:33:5C:6D:AF:58,0,0,ARMED,60,0,1,80:02:9C:61:97:4B,11,8,118.8,80:02:9C:61:97:4A,2,0,NONE,2026-08-19T12:20:48.679216
45917,MGMT_OTHER,40,40,0,0,70472,57188,252113,0,99,0,0,0,14:33:5C:6D:AF:58,0,0,ARMED,60,0,0,80:02:9C:61:97:4B,11,25,429.1,80:02:9C:61:97:4A,2,0,NONE,2026-08-19T12:20:48.977216
45917,BEACON,-83,14,0,989,70472,57188,252430,0,99,0,0,0,14:33:5C:6D:AF:58,0,0,ARMED,60,0,1,80:02:9C:61:97:4B,11,8,150.7,80:02:9C:61:97:4A,2,0,NONE,2026-08-19T12:20:49.294216
45917,,-56,41,292,1334,70472,57188,252894,0,99,0,0,0,14:33:5C:6D:AF:58,0,0,ARMED,60,0,0,80:02:9C:61:97:4B,11,5,1003,80:02:9C:61:97:4A,2,0,NONE,2026-08-19T12:20:49.758216
45917,MGMT_OTHER,32,32,0,0,70472,57188,253182,0,99,0,0,0,14:33:5C:6D:AF:58,0,0,ARMED,60,0,1,80:02:9C:61:97:4B,11,17,191.4,80:02:9C:61:97:4A,2,0,NONE,2026-08-19T12:20:50.046216
45917,,-55,42,29333,1342,68904,57188,253603,0,99,0,0,0,14:33:5C:6D:AF:58,0,0,ARMED,60,0,1,80:02:9C:61:97:4B,11,9,89.8,80:02:9C:61:97:4A,2,0,NONE,2026-08-19T12:20:50.467216
45917,MGMT_OTHER,40,40,0,0,70472,57188,253885,0,99,0,0,0,14:33:5C:6D:AF:58,0,0,ARMED,60,0,0,80:02:9C:61:97:4B,11,8,127.9,80:02:9C:61:97:4A,2,0,NONE,2026-08-19T12:20:50.749216
45917,,-56,41,0,997,70472,57188,254065,0,99,0,0,0,14:33:5C:6D:AF:58,0,0,ARMED,60,0,0,80:02:9C:61:97:4B,11,20,536.9,80:02:9C:61:97:4A,2,0,NONE,2026-08-19T12:20:50.929216
45917,BEACON,-96,1,2149,380,70472,57188,254434,0,99,0,0,0,14:33:5C:6D:AF:58,0,0,ARMED,60,0,1,80:02:9C:61:97:4B,11,10,100.6,80:02:9C:61:97:4A,2,0,NONE,2026-08-19T12:20:51.298216
45917,MGMT_OTHER,40,40,0,0,70472,57188,254752,0,99,0,0,0,14:33:5C:6D:AF:58,0,0,ARMED,60,0,0,80:02:9C:61:97:4B,11,22,255.1,80:02:9C:61:97:4A,2,0,NONE,2026-08-19T12:20:51.616216
45917,,-56,41,250,2467,70472,57188,254793,0,99,0,0,0,14:33:5C:6D:AF:58,0,1,ARMED,60,0,0,80:02:9C:61:97:4B,11,41,1600.7,80:02:9C:61:97:4A,2,0,NONE,2026-08-19T12:20:51.657216
45917,,-56,41,249,2507,70472,57188,254813,0,99,0,0,0,14:33:5C:6D:AF:58,0,1,ARMED,60,0,0,80:02:9C:61:97:4B,11,91,1984.9,80:02:9C:61:97:4A,2,0,NONE,2026-08-19T12:20:51.677216
45917,,-56,41,1198,2552,69828,57188,254831,0,99,0,0,0,14:33:5C:6D:AF:58,0,1,ARMED,60,0,0,80:02:9C:61:97:4B,11,141,2227.7,80:02:9C:61:97:4A,2,0,NONE,2026-08-19T12:20:51.695216
45917,MGMT_OTHER,40,40,0,0,70472,57188,254865,0,99,0,0,0,14:33:5C:6D:AF:58,0,1,ARMED,60,0,0,80:02:9C:61:97:4B,11,191,1951.5,80:02:9C:61:97:4A,2,0,NONE,2026-08-19T12:20:51.729216
45917,,-56,41,477,2584,70472,57188,254911,0,99,0,0,0,14:33:5C:6D:AF:58,1,1,ARMED,60,0,0,80:02:9C:61:97:4B,11,49,1123.4,80:02:9C:61:97:4A,2,0,NONE,2026-08-19T12:20:51.775216
45917,,-56,41,249,2621,70472,57188,254931,0,99,0,0,0,14:33:5C:6D:AF:58,1,1,ARMED,60,0,0,80:02:9C:61:97:4B,11,99,1549.3,80:02:9C:61:97:4A,2,0,NONE,2026-08-19T12:20:51.795216
45917,,-56,41,657,2663,70472,57188,254951,0,99,0,0,0,14:33:5C:6D:AF:58,1,1,ARMED,60,0,0,80:02:9C:61:97:4B,11,149,1791,80:02:9C:61:97:4A,2,0,NONE,2026-08-19T12:20:51.815216
45917,,-56,41,250,2691,70388,57188,254982,0,99,0,0,0,14:33:5C:6D:AF:58,1,1,ARMED,60,0,0,80:02:9C:61:97:4B,11,35,2401.9,80:02:9C:61:97:4A,2,0,NONE,2026-08-19T12:20:51.846216
45917,,-56,41,250,2726,70472,57188,254994,0,99,0,0,0,14:33:5C:6D:AF:58,1,1,ARMED,60,0,0,80:02:9C:61:97:4B,11,85,3175,80:02:9C:61:97:4A,2,0,NONE,2026-08-19T12:20:51.858216
45917,,-56,41,412,2768,69032,57188,255014,0,99,0,0,0,14:33:5C:6D:AF:58,1,1,ARMED,60,0,0,80:02:9C:61:97:4B,11,135,2874.5,80:02:9C:61:97:4A,2,0,NONE,2026-08-19T12:20:51.878216
45917,,-56,41,463,2815,70472,57188,255025,0,99,0,0,0,14:33:5C:6D:AF:58,1,1,ARMED,60,0,1,80:02:9C:61:97:4B,11,185,3202.6,80:02:9C:61:97:4A,2,0,NONE,2026-08-19T12:20:51.889216
45917,,-56,41,250,2853,70472,57188,255048,0,99,0,0,0,14:33:5C:6D:AF:58,1,1,ARMED,60,0,0,80:02:9C:61:97:4B,11,235,2923.2,80:02:9C:61:97:4A,2,0,NONE,2026-08-19T12:20:51.912216
45917,,-77,20,365,2701,70472,57188,255067,0,99,0,0,0,14:33:5C:6D:AF:58,1,1,ARMED,60,0,1,80:02:9C:61:97:4B,11,285,2850,80:02:9C:61:97:4A,2,0,NONE,2026-08-19T12:20:51.931216
45917,,-56,41,249,2920,70472,57188,255109,0,99,0,0,0,14:33:5C:6D:AF:58,1,1,ARMED,60,0,0,80:02:9C:61:97:4B,11,49,2827.6,80:02:9C:61:97:4A,2,0,NONE,2026-08-19T12:20:51.973216
45917,,-56,41,250,2965,70472,57188,255116,0,99,0,0,0,14:33:5C:6D:AF:58,1,1,ARMED,60,0,0,80:02:9C:61:97:4B,11,99,4021.4,80:02:9C:61:97:4A,2,0,NONE,2026-08-19T12:20:51.980216
45917,,-56,41,250,3004,70444,57188,255136,0,99,0,0,0,14:33:5C:6D:AF:58,1,1,ARMED,60,0,0,80:02:9C:61:97:4B,11,149,3329.5,80:02:9C:61:97:4A,2,0,NONE,2026-08-19T12:20:52.000216
45917,MGMT_OTHER,40,40,0,0,70472,57188,255144,0,99,0,0,0,14:33:5C:6D:AF:58,1,1,ARMED,60,0,1,80:02:9C:61:97:4B,11,199,3838.8,80:02:9C:61:97:4A,2,0,NONE,2026-08-19T12:20:52.008216
45917,BEACON,-69,28,0,2240,70472,57188,255256,0,99,0,0,0,14:33:5C:6D:AF:58,1,1,ARMED,60,0,1,80:02:9C:61:97:4B,11,19,303.5,80:02:9C:61:97:4A,2,0,NONE,2026-08-19T12:20:52.120216
45917,,-56,41,250,3089,70472,57188,255277,0,99,0,0,0,14:33:5C:6D:AF:58,1,1,ARMED,60,0,0,80:02:9C:61:97:4B,11,69,831.2,80:02:9C:61:97:4A,2,0,NONE,2026-08-19T12:20:52.141216
45917,,-56,41,213,3115,69032,57188,255307,0,99,0,0,0,14:33:5C:6D:AF:58,1,1,ARMED,60,0,1,80:02:9C:61:97:4B,11,30,2236.1,80:02:9C:61:97:4A,2,0,NONE,2026-08-19T12:20:52.171216
45917,,-56,41,250,3141,70472,57188,255318,0,99,0,0,0,14:33:5C:6D:AF:58,1,1,ARMED,60,0,0,80:02:9C:61:97:4B,11,80,3279.9,80:02:9C:61:97:4A,2,0,NONE,2026-08-19T12:20:52.182216
45917,,-56,41,305,3156,70472,57188,255340,0,99,0,0,0,14:33:5C:6D:AF:58,1,1,ARMED,60,0,0,80:02:9C:61:97:4B,11,130,2809.9,80:02:9C:61:97:4A,2,0,NONE,2026-08-19T12:20:52.204216
45917,,-56,41,267,3174,69032,57188,255397,0,99,0,0,0,14:33:5C:6D:AF:58,1,1,ARMED,60,0,0,80:02:9C:61:97:4B,11,2,808.1,80:02:9C:61:97:4A,2,0,NONE,2026-08-19T12:20:52.261216
45917,,-56,41,267,3224,70472,57188,255435,0,99,0,0,0,14:33:5C:6D:AF:58,1,1,ARMED,60,0,0,80:02:9C:61:97:4B,11,52,1293.3,80:02:9C:61:97:4A,2,0,NONE,2026-08-19T12:20:52.299216
45917,,-56,41,267,3275,70472,57188,255442,0,99,0,0,0,14:33:5C:6D:AF:58,1,1,ARMED,60,0,0,80:02:9C:61:97:4B,11,102,2155.1,80:02:9C:61:97:4A,2,0,NONE,2026-08-19T12:20:52.306216
45917,,-55,42,267,3315,70472,57188,255462,0,99,0,0,0,14:33:5C:6D:AF:58,1,1,ARMED,60,0,0,80:02:9C:61:97:4B,11,152,2256,80:02:9C:61:97:4A,2,0,NONE,2026-08-19T12:20:52.326216
45917,,-57,40,336,3352,70472,57188,255469,0,99,0,0,0,14:33:5C:6D:AF:58,1,1,ARMED,60,0,0,80:02:9C:61:97:4B,11,202,2696,80:02:9C:61:97:4A,2,0,NONE,2026-08-19T12:20:52.333216
45917,,-56,41,302,3391,69828,57188,255489,0,99,0,0,0,14:33:5C:6D:AF:58,1,1,ARMED,60,0,0,80:02:9C:61:97:4B,11,252,2652.3,80:02:9C:61:97:4A,2,0,NONE,2026-08-19T12:20:52.353216
45917,,-56,41,267,3420,70472,57188,255523,0,99,0,0,0,14:33:5C:6D:AF:58,1,1,ARMED,60,0,0,80:02:9C:61:97:4B,11,32,1163.8,80:02:9C:61:97:4A,2,0,NONE,2026-08-19T12:20:52.387216
45917,,-76,21,3650,782,69828,57188,255554,0,99,0,0,0,14:33:5C:6D:AF:58,1,1,ARMED,60,0,1,80:02:9C:61:97:4B,11,82,1395.3,80:02:9C:61:97:4A,2,0,NONE,2026-08-19T12:20:52.418216
45917,,-55,42,433,3457,70472,57188,255584,0,99,0,0,0,14:33:5C:6D:AF:58,1,1,ARMED,60,0,0,80:02:9C:61:97:4B,11,132,1486.3,80:02:9C:61:97:4A,2,0,NONE,2026-08-19T12:20:52.448216
45917,MGMT_OTHER,40,40,0,0,70472,57188,255618,0,99,0,0,0,14:33:5C:6D:AF:58,1,1,ARMED,60,0,0,80:02:9C:61:97:4B,11,49,2599.7,80:02:9C:61:97:4A,2,0,NONE,2026-08-19T12:20:52.482216
45917,MGMT_OTHER,41,41,0,0,70472,57188,255682,0,99,0,0,0,14:33:5C:6D:AF:58,1,1,ARMED,60,0,0,80:02:9C:61:97:4B,11,99,1204.1,80:02:9C:61:97:4A,2,0,NONE,2026-08-19T12:20:52.546216
45917,MGMT_OTHER,41,41,0,0,70472,57188,255724,0,99,0,0,0,14:33:5C:6D:AF:58,1,1,ARMED,60,0,0,80:02:9C:61:97:4B,11,49,2705.5,80:02:9C:61:97:4A,2,0,NONE,2026-08-19T12:20:52.588216
45917,MGMT_OTHER,31,31,0,0,70472,57188,255777,0,99,0,0,0,14:33:5C:6D:AF:58,1,1,ARMED,60,0,1,80:02:9C:61:97:4B,11,99,1389.1,80:02:9C:61:97:4A,2,0,NONE,2026-08-19T12:20:52.641216
45917,MGMT_OTHER,41,41,0,0,70472,57188,255847,0,99,0,0,0,14:33:5C:6D:AF:58,1,1,ARMED,60,0,0,80:02:9C:61:97:4B,11,35,893.5,80:02:9C:61:97:4A,2,0,NONE,2026-08-19T12:20:52.711216
45917,MGMT_OTHER,40,40,0,0,70472,57188,255950,0,99,0,0,0,14:33:5C:6D:AF:58,1,1,ARMED,60,0,1,80:02:9C:61:97:4B,11,20,483.9,80:02:9C:61:97:4A,2,0,NONE,2026-08-19T12:20:52.814216
45917,MGMT_OTHER,39,39,0,0,70472,57188,256171,0,99,0,0,0,14:33:5C:6D:AF:58,1,0,ARMED,60,0,0,80:02:9C:61:97:4B,11,14,251.7,80:02:9C:61:97:4A,2,0,NONE,2026-08-19T12:20:53.035216
45917,MGMT_OTHER,39,39,0,0,70472,57188,256263,0,99,0,0,0,14:33:5C:6D:AF:58,0,1,ARMED,60,0,0,80:02:9C:61:97:4B,11,31,684.6,80:02:9C:61:97:4A,2,0,NONE,2026-08-19T12:20:53.127216
45917,,-57,40,0,1010,70472,57188,256408,0,99,0,0,0,14:33:5C:6D:AF:58,0,1,ARMED,60,0,0,80:02:9C:61:97:4B,11,33,533.3,80:02:9C:61:97:4A,2,0,NONE,2026-08-19T12:20:53.272216
45917,,-51,46,0,4045,70472,57188,256534,0,99,0,0,0,14:33:5C:6D:AF:58,0,1,ARMED,60,0,0,80:02:9C:61:97:4B,11,35,412.3,80:02:9C:61:97:4A,2,0,NONE,2026-08-19T12:20:53.398216
45917,,-84,13,0,2249,70472,57188,256662,0,99,0,0,0,14:33:5C:6D:AF:58,0,1,ARMED,60,0,0,80:02:9C:61:97:4B,11,2,239.8,80:02:9C:61:97:4A,2,0,NONE,2026-08-19T12:20:53.526216
45917,MGMT_OTHER,40,40,0,0,70472,57188,256748,0,99,0,0,0,14:33:5C:6D:AF:58,0,1,ARMED,60,0,1,80:02:9C:61:97:4B,11,52,549.3,80:02:9C:61:97:4A,2,0,NONE,2026-08-19T12:20:53.612216
45917,MGMT_OTHER,31,31,0,0,70472,57188,256928,0,99,0,0,0,14:33:5C:6D:AF:58,0,1,ARMED,60,0,1,80:02:9C:61:97:4B,11,10,218.7,80:02:9C:61:97:4A,2,0,NONE,2026-08-19T12:20:53.792216
45917,,-56,41,480,1397,68804,57188,257074,0,99,0,0,0,14:33:5C:6D:AF:58,0,1,ARMED,60,0,0,80:02:9C:61:97:4B,11,25,279.8,80:02:9C:61:97:4A,2,0,NONE,2026-08-19T12:20:53.938216
45917,MGMT_OTHER,40,40,0,0,70472,57188,257252,0,99,0,0,0,14:33:5C:6D:AF:58,0,1,ARMED,60,0,1,80:02:9C:61:97:4B,11,17,271.2,80:02:9C:61:97:4A,2,0,NONE,2026-08-19T12:20:54.116216
45917,BEACON,-96,1,0,2889,70472,57188,257394,0,99,0,0,0,14:33:5C:6D:AF:58,0,1,ARMED,60,0,1,80:02:9C:61:97:4B,11,33,322.2,80:02:9C:61:97:4A,2,0,NONE,2026-08-19T12:20:54.258216
45917,MGMT_OTHER,29,29,0,0,70472,57188,257616,0,99,0,0,0,14:33:5C:6D:AF:58,0,0,ARMED,60,0,0,80:02:9C:61:97:4B,11,12,656.3,80:02:9C:61:97:4A,2,0,NONE,2026-08-19T12:20:54.480216
45917,,-56,41,0,1417,70472,57188,257740,0,99,0,0,0,14:33:5C:6D:AF:58,0,0,ARMED,60,0,1,80:02:9C:61:97:4B,11,35,892.2,80:02:9C:61:97:4A,2,0,NONE,2026-08-19T12:20:54.604216
45917,MGMT_OTHER,39,39,0,0,70472,57188,257951,0,99,0,0,0,14:33:5C:6D:AF:58,0,0,ARMED,60,0,0,80:02:9C:61:97:4B,11,8,176.9,80:02:9C:61:97:4A,2,0,NONE,2026-08-19T12:20:54.815216
45917,BEACON,-84,13,0,1045,70472,57188,258164,0,99,0,0,0,14:33:5C:6D:AF:58,0,0,ARMED,60,0,1,80:02:9C:61:97:4B,11,13,246.4,80:02:9C:61:97:4A,2,0,NONE,2026-08-19T12:20:55.028216
45917,MGMT_OTHER,39,39,0,0,70472,57188,258443,0,99,0,0,0,14:33:5C:6D:AF:58,0,0,ARMED,60,0,1,80:02:9C:61:97:4B,11,5,203.9,80:02:9C:61:97:4A,2,0,NONE,2026-08-19T12:20:55.307216
45917,BEACON,-86,11,0,558,70472,57188,258645,0,99,0,0,0,14:33:5C:6D:AF:58,0,0,ARMED,60,0,1,80:02:9C:61:97:4B,11,4,310.2,80:02:9C:61:97:4A,2,0,NONE,2026-08-19T12:20:55.509216
45917,MGMT_OTHER,30,30,0,0,70472,57188,258896,0,99,0,0,0,14:33:5C:6D:AF:58,0,0,ARMED,60,0,0,80:02:9C:61:97:4B,11,13,220.4,80:02:9C:61:97:4A,2,0,NONE,2026-08-19T12:20:55.760216
45917,BEACON,-83,14,0,563,70472,57188,259157,0,99,0,0,0,14:33:5C:6D:AF:58,0,0,ARMED,60,0,1,80:02:9C:61:97:4B,11,3,234.6,80:02:9C:61:97:4A,2,0,NONE,2026-08-19T12:20:56.021216
45917,MGMT_OTHER,40,40,0,0,70472,57188,259464,0,99,0,0,0,14:33:5C:6D:AF:58,0,0,ARMED,60,0,0,80:02:9C:61:97:4B,11,9,793.8,80:02:9C:61:97:4A,2,0,NONE,2026-08-19T12:20:56.328216
45917,BEACON,-85,12,7893,1849,70472,57188,259606,0,99,0,0,0,14:33:5C:6D:AF:58,0,1,ARMED,60,0,1,80:02:9C:61:97:4B,11,28,572.8,80:02:9C:61:97:4A,2,0,NONE,2026-08-19T12:20:56.470216
45917,MGMT_OTHER,40,40,0,0,70472,57188,259671,0,99,0,0,0,14:33:5C:6D:AF:58,0,1,ARMED,60,0,0,80:02:9C:61:97:4B,11,13,1152.2,80:02:9C:61:97:4A,2,0,NONE,2026-08-19T12:20:56.535216
45917,MGMT_OTHER,39,39,0,0,70472,57188,259797,0,99,0,0,0,14:33:5C:6D:AF:58,0,1,ARMED,60,0,0,80:02:9C:61:97:4B,11,20,568.6,80:02:9C:61:97:4A,2,0,NONE,2026-08-19T12:20:56.661216
45917,MGMT_OTHER,39,39,0,0,70472,57188,259847,0,99,0,0,0,14:33:5C:6D:AF:58,0,1,ARMED,60,0,0,80:02:9C:61:97:4B,11,70,825,80:02:9C:61:97:4A,2,0,NONE,2026-08-19T12:20:56.711216
45917,MGMT_OTHER,40,40,0,0,70472,57188,259894,0,99,0,0,0,14:33:5C:6D:AF:58,0,1,ARMED,60,0,0,80:02:9C:61:97:4B,11,33,1029.4,80:02:9C:61:97:4A,2,0,NONE,2026-08-19T12:20:56.758216
45917,MGMT_OTHER,39,39,0,0,70472,57188,259939,0,99,0,0,0,14:33:5C:6D:AF:58,0,1,ARMED,60,0,1,80:02:9C:61:97:4B,11,83,1080.7,80:02:9C:61:97:4A,2,0,NONE,2026-08-19T12:20:56.803216
45917,MGMT_OTHER,39,39,0,0,70472,57188,260009,0,99,0,0,0,14:33:5C:6D:AF:58,1,1,ARMED,60,0,0,80:02:9C:61:97:4B,11,40,883.1,80:02:9C:61:97:4A,2,0,NONE,2026-08-19T12:20:56.873216
45917,MGMT_OTHER,39,39,0,0,70472,57188,260045,0,99,0,0,0,14:33:5C:6D:AF:58,1,1,ARMED,60,0,0,80:02:9C:61:97:4B,11,90,1103,80:02:9C:61:97:4A,2,0,NONE,2026-08-19T12:20:56.909216
45917,MGMT_OTHER,39,39,0,0,70472,57188,260084,0,99,0,0,0,14:33:5C:6D:AF:58,1,1,ARMED,60,0,0,80:02:9C:61:97:4B,11,19,930.9,80:02:9C:61:97:4A,2,0,NONE,2026-08-19T12:20:56.948216
45917,,-72,25,0,2491,70472,57188,260118,0,99,0,0,0,14:33:5C:6D:AF:58,1,1,ARMED,60,0,1,80:02:9C:61:97:4B,11,69,1290.8,80:02:9C:61:97:4A,2,0,NONE,2026-08-19T12:20:56.982216
45917,,-68,29,0,802,70472,57188,260205,0,99,0,0,0,14:33:5C:6D:AF:58,1,1,ARMED,60,0,1,80:02:9C:61:97:4B,11,23,633.6,80:02:9C:61:97:4A,2,0,NONE,2026-08-19T12:20:57.069216
45917,MGMT_OTHER,30,30,0,0,70472,57188,260241,0,99,0,0,0,14:33:5C:6D:AF:58,1,1,ARMED,60,0,0,80:02:9C:61:97:4B,11,73,1002.4,80:02:9C:61:97:4A,2,0,NONE,2026-08-19T12:20:57.105216
45917,MGMT_OTHER,39,39,0,0,70472,57188,260400,0,99,0,0,0,14:33:5C:6D:AF:58,1,0,ARMED,60,0,0,80:02:9C:61:97:4B,11,16,597.6,80:02:9C:61:97:4A,2,0,NONE,2026-08-19T12:20:57.264216
45917,BEACON,-71,26,0,2298,70472,57188,260581,0,99,0,0,0,14:33:5C:6D:AF:58,0,1,ARMED,60,0,1,80:02:9C:61:97:4B,11,4,1311,80:02:9C:61:97:4A,2,0,NONE,2026-08-19T12:20:57.445216
45917,MGMT_OTHER,39,39,0,0,70472,57188,260821,0,99,0,0,0,14:33:5C:6D:AF:58,0,0,ARMED,60,0,0,80:02:9C:61:97:4B,11,14,370.2,80:02:9C:61:97:4A,2,0,NONE,2026-08-19T12:20:57.685216
45917,MGMT_OTHER,39,39,0,0,70472,57188,260919,0,99,0,0,0,14:33:5C:6D:AF:58,0,1,ARMED,60,0,0,80:02:9C:61:97:4B,11,31,1015.7,80:02:9C:61:97:4A,2,0,NONE,2026-08-19T12:20:57.783216
45917,MGMT_OTHER,27,27,0,0,70472,57188,261001,0,99,0,0,0,14:33:5C:6D:AF:58,0,1,ARMED,60,0,0,80:02:9C:61:97:4B,11,10,1033.7,80:02:9C:61:97:4A,2,0,NONE,2026-08-19T12:20:57.865216
45917,,-69,28,0,192,70472,57188,261175,0,99,0,0,0,14:33:5C:6D:AF:58,0,1,ARMED,60,0,1,80:02:9C:61:97:4B,11,31,380.8,80:02:9C:61:97:4A,2,0,NONE,2026-08-19T12:20:58.039216
45917,BEACON,-94,3,0,2927,70472,57188,261285,0,99,0,0,0,14:33:5C:6D:AF:58,0,1,ARMED,60,0,1,80:02:9C:61:97:4B,11,38,412.8,80:02:9C:61:97:4A,2,0,NONE,2026-08-19T12:20:58.149216
45917,MGMT_OTHER,28,28,0,0,70472,57188,261530,0,99,0,0,0,14:33:5C:6D:AF:58,0,1,ARMED,60,0,0,80:02:9C:61:97:4B,11,3,151.4,80:02:9C:61:97:4A,2,0,NONE,2026-08-19T12:20:58.394216
45917,BEACON,-93,4,0,2337,70472,57188,261680,0,99,0,0,0,14:33:5C:6D:AF:58,0,1,ARMED,60,0,1,80:02:9C:61:97:4B,11,22,316.8,80:02:9C:61:97:4A,2,0,NONE,2026-08-19T12:20:58.544216
45917,MGMT_OTHER,38,38,0,0,70472,57188,261789,0,99,0,0,0,14:33:5C:6D:AF:58,0,1,ARMED,60,0,0,80:02:9C:61:97:4B,11,41,528.4,80:02:9C:61:97:4A,2,0,NONE,2026-08-19T12:20:58.653216
45917,,-57,40,286,3486,70472,57188,261971,0,99,0,0,0,14:33:5C:6D:AF:58,0,0,ARMED,60,0,0,80:02:9C:61:97:4B,11,28,509.3,80:02:9C:61:97:4A,2,0,NONE,2026-08-19T12:20:58.835216
45917,,-58,39,266,3525,69828,57188,261992,0,99,0,0,0,14:33:5C:6D:AF:58,0,0,ARMED,60,0,0,80:02:9C:61:97:4B,11,78,1033.2,80:02:9C:61:97:4A,2,0,NONE,2026-08-19T12:20:58.856216
45917,,-58,39,249,3566,70472,57188,262010,0,99,0,0,0,14:33:5C:6D:AF:58,0,0,ARMED,60,0,0,80:02:9C:61:97:4B,11,128,1372.4,80:02:9C:61:97:4A,2,0,NONE,2026-08-19T12:20:58.874216
45917,,-62,35,0,2869,70472,57188,262031,0,99,0,0,0,14:33:5C:6D:AF:58,0,1,ARMED,60,0,0,80:02:9C:61:97:4B,11,49,8217.3,80:02:9C:61:97:4A,2,0,NONE,2026-08-19T12:20:58.895216
45917,,-69,28,146,2879,69032,57188,262050,0,99,0,0,0,14:33:5C:6D:AF:58,0,1,ARMED,60,0,0,80:02:9C:61:97:4B,11,99,3968.4,80:02:9C:61:97:4A,2,0,NONE,2026-08-19T12:20:58.914216
45917,,-57,40,267,3655,70472,57188,262079,0,99,0,0,0,14:33:5C:6D:AF:58,0,1,ARMED,60,0,0,80:02:9C:61:97:4B,11,149,2762.6,80:02:9C:61:97:4A,2,0,NONE,2026-08-19T12:20:58.943216
45917,,-57,40,267,3681,70472,57188,262089,0,99,0,0,0,14:33:5C:6D:AF:58,0,1,ARMED,60,0,0,80:02:9C:61:97:4B,11,199,3080.8,80:02:9C:61:97:4A,2,0,NONE,2026-08-19T12:20:58.953216
45917,,-57,40,267,3714,70168,57188,262110,0,99,0,0,0,14:33:5C:6D:AF:58,0,1,ARMED,60,0,0,80:02:9C:61:97:4B,11,249,2940.3,80:02:9C:61:97:4A,2,0,NONE,2026-08-19T12:20:58.974216
45917,,-57,40,630,3730,70472,57188,262134,0,99,0,0,0,14:33:5C:6D:AF:58,0,1,ARMED,60,0,0,80:02:9C:61:97:4B,11,19,2026.2,80:02:9C:61:97:4A,2,0,NONE,2026-08-19T12:20:58.998216
45917,,-57,40,738,3737,70472,57188,262163,0,99,0,0,0,14:33:5C:6D:AF:58,0,1,ARMED,60,0,0,80:02:9C:61:97:4B,11,69,1794.1,80:02:9C:61:97:4A,2,0,NONE,2026-08-19T12:20:59.027216
45917,,-57,40,287,3761,70472,57188,262178,0,99,0,0,0,14:33:5C:6D:AF:58,0,1,ARMED,60,0,0,80:02:9C:61:97:4B,11,119,2219.7,80:02:9C:61:97:4A,2,0,NONE,2026-08-19T12:20:59.042216
45917,,-57,40,287,3789,70472,57188,262199,0,99,0,0,0,14:33:5C:6D:AF:58,0,1,ARMED,60,0,0,80:02:9C:61:97:4B,11,169,2293.6,80:02:9C:61:97:4A,2,0,NONE,2026-08-19T12:20:59.063216
45917,,-57,40,1396,3836,69828,57188,262213,0,99,0,0,0,14:33:5C:6D:AF:58,0,1,ARMED,60,0,0,80:02:9C:61:97:4B,11,219,2478,80:02:9C:61:97:4A,2,0,NONE,2026-08-19T12:20:59.077216
45917,,-57,40,286,3863,70096,57188,262246,0,99,0,0,0,14:33:5C:6D:AF:58,1,1,ARMED,60,0,0,80:02:9C:61:97:4B,11,49,2826.8,80:02:9C:61:97:4A,2,0,NONE,2026-08-19T12:20:59.110216
45917,,-56,41,287,3897,69828,57188,262253,0,99,0,0,0,14:33:5C:6D:AF:58,1,1,ARMED,60,0,0,80:02:9C:61:97:4B,11,99,4057.9,80:02:9C:61:97:4A,2,0,NONE,2026-08-19T12:20:59.117216
45917,MGMT_OTHER,29,29,0,0,70472,57188,262282,0,99,0,0,0,14:33:5C:6D:AF:58,1,1,ARMED,60,0,0,80:02:9C:61:97:4B,11,149,2796.7,80:02:9C:61:97:4A,2,0,NONE,2026-08-19T12:20:59.146216
45917,,-56,41,434,3963,69828,57188,262298,0,99,0,0,0,14:33:5C:6D:AF:58,1,1,ARMED,60,0,1,80:02:9C:61:97:4B,11,199,2885.7,80:02:9C:61:97:4A,2,0,NONE,2026-08-19T12:20:59.162216
45917,,-56,41,287,3996,70472,57188,262318,0,99,0,0,0,14:33:5C:6D:AF:58,1,1,ARMED,60,0,0,80:02:9C:61:97:4B,11,249,2796.2,80:02:9C:61:97:4A,2,0,NONE,2026-08-19T12:20:59.182216
45917,,-56,41,311,4023,70472,57188,262343,0,99,0,0,0,14:33:5C:6D:AF:58,1,1,ARMED,60,0,0,80:02:9C:61:97:4B,11,27,2227.9,80:02:9C:61:97:4A,2,0,NONE,2026-08-19T12:20:59.207216
45917,,-57,40,311,4071,69828,57188,262364,0,99,0,0,0,14:33:5C:6D:AF:58,1,1,ARMED,60,0,0,80:02:9C:61:97:4B,11,77,2306.1,80:02:9C:61:97:4A,2,0,NONE,2026-08-19T12:20:59.228216
45917,,-57,40,176,4094,70472,57188,262381,0,99,0,0,0,14:33:5C:6D:AF:58,1,1,ARMED,60,0,1,80:02:9C:61:97:4B,11,127,2552.6,80:02:9C:61:97:4A,2,0,NONE,2026-08-19T12:20:59.245216
45917,,-56,41,311,27,70472,57188,262401,0,99,0,0,0,14:33:5C:6D:AF:58,1,1,ARMED,60,0,0,80:02:9C:61:97:4B,11,177,2512,80:02:9C:61:97:4A,2,0,NONE,2026-08-19T12:20:59.265216
45917,,-85,12,0,2285,70472,57188,262431,0,99,0,0,0,14:33:5C:6D:AF:58,1,1,ARMED,60,0,0,80:02:9C:61:97:4B,11,227,2268.2,80:02:9C:61:97:4A,2,0,NONE,2026-08-19T12:20:59.295216
45917,,-56,41,311,91,70472,57188,262485,0,99,0,0,0,14:33:5C:6D:AF:58,1,1,ARMED,60,0,0,80:02:9C:61:97:4B,11,49,1279.8,80:02:9C:61:97:4A,2,0,NONE,2026-08-19T12:20:59.349216
45917,,-57,40,311,108,70472,57188,262617,0,99,0,0,0,14:33:5C:6D:AF:58,1,1,ARMED,60,0,0,80:02:9C:61:97:4B,11,19,286.7,80:02:9C:61:97:4A,2,0,NONE,2026-08-19T12:20:59.481216
45917,,-70,27,0,3031,70472,57188,262646,0,99,0,0,0,14:33:5C:6D:AF:58,1,1,ARMED,60,0,0,80:02:9C:61:97:4B,11,69,723.9,80:02:9C:61:97:4A,2,0,NONE,2026-08-19T12:20:59.510216
45917,,-57,40,287,167,69828,57188,262659,0,99,0,0,0,14:33:5C:6D:AF:58,1,1,ARMED,60,0,0,80:02:9C:61:97:4B,11,24,3060.1,80:02:9C:61:97:4A,2,0,NONE,2026-08-19T12:20:59.523216
45917,MGMT_OTHER,30,30,0,0,70472,57188,262686,0,99,0,0,0,14:33:5C:6D:AF:58,1,1,ARMED,60,0,0,80:02:9C:61:97:4B,11,74,2104.3,80:02:9C:61:97:4A,2,0,NONE,2026-08-19T12:20:59.550216
45917,,-69,28,336,3062,70472,57188,262704,0,99,0,0,0,14:33:5C:6D:AF:58,1,1,ARMED,60,0,1,80:02:9C:61:97:4B,11,124,2313,80:02:9C:61:97:4A,2,0,NONE,2026-08-19T12:20:59.568216
45917,,-56,41,0,267,70472,57188,262724,0,99,0,0,0,14:33:5C:6D:AF:58,1,1,ARMED,60,0,1,80:02:9C:61:97:4B,11,174,2362,80:02:9C:61:97:4A,2,0,NONE,2026-08-19T12:20:59.588216
45917,MGMT_OTHER,40,40,0,0,70472,57188,262748,0,99,0,0,0,14:33:5C:6D:AF:58,1,1,ARMED,60,0,1,80:02:9C:61:97:4B,11,224,2292.6,80:02:9C:61:97:4A,2,0,NONE,2026-08-19T12:20:59.612216
45917,,-56,41,0,305,70472,57188,262785,0,99,0,0,0,14:33:5C:6D:AF:58,1,1,ARMED,60,0,1,80:02:9C:61:97:4B,11,49,2349.3,80:02:9C:61:97:4A,2,0,NONE,2026-08-19T12:20:59.649216
45917,,-57,40,287,334,70472,57188,262793,0,99,0,0,0,14:33:5C:6D:AF:58,1,1,ARMED,60,0,0,80:02:9C:61:97:4B,11,99,3326.9,80:02:9C:61:97:4A,2,0,NONE,2026-08-19T12:20:59.657216
45917,,-57,40,287,373,70472,57188,262813,0,99,0,0,0,14:33:5C:6D:AF:58,1,1,ARMED,60,0,0,80:02:9C:61:97:4B,11,149,2999.8,80:02:9C:61:97:4A,2,0,NONE,2026-08-19T12:20:59.677216
45917,,-57,40,287,404,70472,57188,262822,0,99,0,0,0,14:33:5C:6D:AF:58,1,1,ARMED,60,0,0,80:02:9C:61:97:4B,11,199,3417.9,80:02:9C:61:97:4A,2,0,NONE,2026-08-19T12:20:59.686216
45917,,-69,28,278,853,70472,57188,262867,0,99,0,0,0,14:33:5C:6D:AF:58,1,1,ARMED,60,0,1,80:02:9C:61:97:4B,11,9,2833.8,80:02:9C:61:97:4A,2,0,NONE,2026-08-19T12:20:59.731216
45917,,-57,40,287,472,70472,57188,262888,0,99,0,0,0,14:33:5C:6D:AF:58,1,1,ARMED,60,0,0,80:02:9C:61:97:4B,11,59,2453.6,80:02:9C:61:97:4A,2,0,NONE,2026-08-19T12:20:59.752216
45917,BEACON,-93,4,0,3913,70472,57188,263106,0,99,0,0,0,14:33:5C:6D:AF:58,1,0,ARMED,60,0,1,80:02:9C:61:97:4B,11,3,110.1,80:02:9C:61:97:4A,2,0,NONE,2026-08-19T12:20:59.970216
45917,MGMT_OTHER,29,29,0,0,70472,57188,263387,0,99,0,0,0,14:33:5C:6D:AF:58,0,0,ARMED,60,0,1,80:02:9C:61:97:4B,11,1,708.2,80:02:9C:61:97:4A,2,0,NONE,2026-08-19T12:21:00.251216
45917,BEACON,-96,1,0,2951,70472,57188,263743,0,99,0,0,0,14:33:5C:6D:AF:58,0,0,ARMED,60,0,1,80:02:9C:61:97:4B,11,4,80,80:02:9C:61:97:4A,2,0,NONE,2026-08-19T12:21:00.607216
45917,BEACON,-86,11,2679,1893,70472,57188,264112,0,99,0,0,0,14:33:5C:6D:AF:58,0,0,ARMED,60,0,1,80:02:9C:61:97:4B,11,2,220.6,80:02:9C:61:97:4A,2,0,NONE,2026-08-19T12:21:00.976216
45917,,-95,2,71866,2836,70472,57188,264519,0,99,0,0,0,14:33:5C:6D:AF:58,0,0,ARMED,60,0,1,80:02:9C:61:97:4B,11,1,142.1,80:02:9C:61:97:4A,2,0,NONE,2026-08-19T12:21:01.383216
45917,MGMT_OTHER,-86,11,0,3306,70472,57188,264892,0,99,0,0,0,14:33:5C:6D:AF:58,0,0,ARMED,60,0,1,80:02:9C:61:97:4B,11,16,219.1,80:02:9C:61:97:4A,2,0,NONE,2026-08-19T12:21:01.756216
45917,MGMT_OTHER,40,40,0,0,70472,57188,265170,0,99,0,0,0,14:33:5C:6D:AF:58,0,0,ARMED,60,0,0,80:02:9C:61:97:4B,11,11,255.8,80:02:9C:61:97:4A,2,0,NONE,2026-08-19T12:21:02.034216
45917,MGMT_OTHER,51,51,0,0,70472,57188,265576,0,99,0,0,0,14:33:5C:6D:AF:58,0,0,ARMED,60,0,1,80:02:9C:61:97:4B,11,5,126.8,80:02:9C:61:97:4A,2,0,NONE,2026-08-19T12:21:02.440216
45917,,-90,7,0,1312,70472,57188,265921,0,99,0,0,0,14:33:5C:6D:AF:58,0,0,ARMED,60,0,1,80:02:9C:61:97:4B,11,11,142.1,80:02:9C:61:97:4A,2,0,NONE,2026-08-19T12:21:02.785216
45917,BEACON,-86,11,0,1914,70472,57188,266262,0,99,0,0,0,14:33:5C:6D:AF:58,0,0,ARMED,60,0,1,80:02:9C:61:97:4B,11,2,245.9,80:02:9C:61:97:4A,2,0,NONE,2026-08-19T12:21:03.126216
45917,MGMT_OTHER,40,40,0,0,70472,57188,266618,0,99,0,0,0,14:33:5C:6D:AF:58,0,0,ARMED,60,0,1,80:02:9C:61:97:4B,11,5,86.3,80:02:9C:61:97:4A,2,0,NONE,2026-08-19T12:21:03.482216
45917,BEACON,-85,12,0,293,70472,57188,267056,0,99,0,0,0,14:33:5C:6D:AF:58,0,0,ARMED,60,0,1,80:02:9C:61:97:4B,11,14,161.6,80:02:9C:61:97:4A,2,0,NONE,2026-08-19T12:21:03.920216
45917,BEACON,-86,11,0,1136,70472,57188,267482,0,99,0,0,0,14:33:5C:6D:AF:58,0,0,ARMED,60,0,1,80:02:9C:61:97:4B,11,9,87.9,80:02:9C:61:97:4A,2,0,NONE,2026-08-19T12:21:04.346216
45917,MGMT_OTHER,51,51,0,0,70472,57188,267966,0,99,0,0,0,14:33:5C:6D:AF:58,0,0,ARMED,60,0,1,80:02:9C:61:97:4B,11,9,121.2,80:02:9C:61:97:4A,2,0,NONE,2026-08-19T12:21:04.830216
45917,BEACON,-71,26,0,2379,70472,57188,268261,0,99,0,0,0,14:33:5C:6D:AF:58,0,0,ARMED,60,0,1,80:02:9C:61:97:4B,11,17,271.3,80:02:9C:61:97:4A,2,0,NONE,2026-08-19T12:21:05.125216
45917,BEACON,-93,4,0,539,70472,57188,268565,0,99,0,0,0,14:33:5C:6D:AF:58,0,0,ARMED,60,0,1,80:02:9C:61:97:4B,11,7,117,80:02:9C:61:97:4A,2,0,NONE,2026-08-19T12:21:05.429216
45917,BEACON,-72,25,0,2386,70472,57188,268876,0,99,0,0,0,14:33:5C:6D:AF:58,0,0,ARMED,60,0,1,80:02:9C:61:97:4B,11,6,95.8,80:02:9C:61:97:4A,2,0,NONE,2026-08-19T12:21:05.740216
45917,MGMT_OTHER,-62,35,86078,3710,70472,57188,269360,0,99,0,0,0,14:33:5C:6D:AF:58,0,0,ARMED,60,0,1,80:02:9C:61:97:4B,11,4,114,80:02:9C:61:97:4A,2,0,NONE,2026-08-19T12:21:06.224216
45917,BEACON,-72,25,0,2395,70472,57188,269695,0,99,0,0,0,14:33:5C:6D:AF:58,0,0,ARMED,60,0,1,80:02:9C:61:97:4B,11,7,111,80:02:9C:61:97:4A,2,0,NONE,2026-08-19T12:21:06.559216
45917,MGMT_OTHER,26,26,0,0,70472,57188,269965,0,99,0,0,0,14:33:5C:6D:AF:58,0,0,ARMED,60,0,0,80:02:9C:61:97:4B,11,7,268.2,80:02:9C:61:97:4A,2,0,NONE,2026-08-19T12:21:06.829216
45917,,-56,41,27871,1059,70472,57188,270256,0,99,0,0,0,14:33:5C:6D:AF:58,0,0,ARMED,60,0,1,80:02:9C:61:97:4B,11,1,105.8,80:02:9C:61:97:4A,2,0,NONE,2026-08-19T12:21:07.120216
45917,,-72,25,0,2407,70472,57188,270387,0,99,0,0,0,14:33:5C:6D:AF:58,0,0,ARMED,60,0,0,80:02:9C:61:97:4B,11,27,717.6,80:02:9C:61:97:4A,2,0,NONE,2026-08-19T12:21:07.251216
45917,MGMT_OTHER,29,29,0,0,70472,57188,270675,0,99,0,0,0,14:33:5C:6D:AF:58,0,0,ARMED,60,0,1,80:02:9C:61:97:4B,11,2,106.6,80:02:9C:61:97:4A,2,0,NONE,2026-08-19T12:21:07.539216
45917,BEACON,-87,10,0,1961,70472,57188,271075,0,99,0,0,0,14:33:5C:6D:AF:58,0,0,ARMED,60,0,1,80:02:9C:61:97:4B,11,1,110.2,80:02:9C:61:97:4A,2,0,NONE,2026-08-19T12:21:07.939216
45917,BEACON,-86,11,0,1964,70472,57188,271382,0,99,0,0,0,14:33:5C:6D:AF:58,0,0,ARMED,60,0,1,80:02:9C:61:97:4B,11,3,351.5,80:02:9C:61:97:4A,2,0,NONE,2026-08-19T12:21:08.246216
45917,BEACON,-85,12,0,1968,70472,57188,271792,0,99,0,0,0,14:33:5C:6D:AF:58,0,0,ARMED,60,0,1,80:02:9C:61:97:4B,11,2,220.4,80:02:9C:61:97:4A,2,0,NONE,2026-08-19T12:21:08.656216
45917,BEACON,-84,13,0,347,70472,57188,272279,0,99,0,0,0,14:33:5C:6D:AF:58,0,0,ARMED,60,0,1,80:02:9C:61:97:4B,11,8,92.4,80:02:9C:61:97:4A,2,0,NONE,2026-08-19T12:21:09.143216
45917,MGMT_OTHER,40,40,0,0,70472,57188,272660,0,99,0,0,0,14:33:5C:6D:AF:58,0,0,ARMED,60,0,1,80:02:9C:61:97:4B,11,17,293.5,80:02:9C:61:97:4A,2,0,NONE,2026-08-19T12:21:09.524216
45917,,-70,27,0,900,70472,57188,272947,0,99,0,0,0,14:33:5C:6D:AF:58,0,0,ARMED,60,0,1,80:02:9C:61:97:4B,11,6,158.4,80:02:9C:61:97:4A,2,0,NONE,2026-08-19T12:21:09.811216
45917,,-70,27,199,910,70472,57188,273178,0,99,0,0,0,14:33:5C:6D:AF:58,0,0,ARMED,60,0,0,80:02:9C:61:97:4B,11,12,187.8,80:02:9C:61:97:4A,2,0,NONE,2026-08-19T12:21:10.042216
45917,,-55,42,447,490,70472,57188,273387,0,99,0,0,0,14:33:5C:6D:AF:58,0,0,ARMED,60,0,0,80:02:9C:61:97:4B,11,21,307.4,80:02:9C:61:97:4A,2,0,NONE,2026-08-19T12:21:10.251216
45917,MGMT_OTHER,41,41,0,0,70288,57188,273456,0,99,0,0,0,14:33:5C:6D:AF:58,0,1,ARMED,60,0,1,80:02:9C:61:97:4B,11,25,724.3,80:02:9C:61:97:4A,2,0,NONE,2026-08-19T12:21:10.320216
45917,,-70,27,0,2460,70472,57188,273652,0,99,0,0,0,14:33:5C:6D:AF:58,0,0,ARMED,60,0,1,80:02:9C:61:97:4B,11,5,191.8,80:02:9C:61:97:4A,2,0,NONE,2026-08-19T12:21:10.516216
45917,,-70,27,0,2983,70472,57188,273904,0,99,0,0,0,14:33:5C:6D:AF:58,0,0,ARMED,60,0,0,80:02:9C:61:97:4B,11,23,314.2,80:02:9C:61:97:4A,2,0,NONE,2026-08-19T12:21:10.768216
45917,,-69,28,3685,926,70472,57188,273952,0,99,0,0,0,14:33:5C:6D:AF:58,0,0,ARMED,60,0,0,80:02:9C:61:97:4B,11,47,2406.9,80:02:9C:61:97:4A,2,0,NONE,2026-08-19T12:21:10.816216
45917,,-40,57,1865,145,70472,57188,273994,0,99,0,0,0,14:33:5C:6D:AF:58,0,0,ARMED,60,0,1,80:02:9C:61:97:4B,11,97,1600.1,80:02:9C:61:97:4A,2,0,NONE,2026-08-19T12:21:10.858216
45917,,-55,42,246,580,70472,57188,274123,0,99,0,0,0,14:33:5C:6D:AF:58,0,1,ARMED,60,0,0,80:02:9C:61:97:4B,11,36,409,80:02:9C:61:97:4A,2,0,NONE,2026-08-19T12:21:10.987216
45917,,-71,26,0,2467,70472,57188,274175,0,99,0,0,0,14:33:5C:6D:AF:58,0,1,ARMED,60,0,1,80:02:9C:61:97:4B,11,8,215.2,80:02:9C:61:97:4A,2,0,NONE,2026-08-19T12:21:11.039216
45917,,-54,43,267,649,70472,57188,274205,0,99,0,0,0,14:33:5C:6D:AF:58,0,1,ARMED,60,0,0,80:02:9C:61:97:4B,11,58,866.5,80:02:9C:61:97:4A,2,0,NONE,2026-08-19T12:21:11.069216
45917,,-70,27,0,3153,70472,57188,274214,0,99,0,0,0,14:33:5C:6D:AF:58,0,1,ARMED,60,0,0,80:02:9C:61:97:4B,11,108,1412.4,80:02:9C:61:97:4A,2,0,NONE,2026-08-19T12:21:11.078216
45917,,-54,43,266,704,70472,57188,274234,0,99,0,0,0,14:33:5C:6D:AF:58,0,1,ARMED,60,0,0,80:02:9C:61:97:4B,11,158,1636,80:02:9C:61:97:4A,2,0,NONE,2026-08-19T12:21:11.098216
45917,MGMT_OTHER,42,42,0,0,70472,57188,274247,0,99,0,0,0,14:33:5C:6D:AF:58,1,1,ARMED,60,0,1,80:02:9C:61:97:4B,11,36,3836.7,80:02:9C:61:97:4A,2,0,NONE,2026-08-19T12:21:11.111216
45917,,-55,42,259,780,69032,57188,274271,0,99,0,0,0,14:33:5C:6D:AF:58,1,1,ARMED,60,0,1,80:02:9C:61:97:4B,11,86,2603.7,80:02:9C:61:97:4A,2,0,NONE,2026-08-19T12:21:11.135216
45917,,-55,42,257,819,70472,57188,274287,0,99,0,0,0,14:33:5C:6D:AF:58,1,1,ARMED,60,0,1,80:02:9C:61:97:4B,11,136,2756.8,80:02:9C:61:97:4A,2,0,NONE,2026-08-19T12:21:11.151216
45917,MGMT_OTHER,29,29,0,0,70472,57188,274307,0,99,0,0,0,14:33:5C:6D:AF:58,1,1,ARMED,60,0,0,80:02:9C:61:97:4B,11,186,2679.4,80:02:9C:61:97:4A,2,0,NONE,2026-08-19T12:21:11.171216
45917,,-55,42,300,884,70472,57188,274328,0,99,0,0,0,14:33:5C:6D:AF:58,1,1,ARMED,60,0,1,80:02:9C:61:97:4B,11,236,2612.2,80:02:9C:61:97:4A,2,0,NONE,2026-08-19T12:21:11.192216
45917,,-55,42,0,926,70472,57188,274361,0,99,0,0,0,14:33:5C:6D:AF:58,1,1,ARMED,60,0,1,80:02:9C:61:97:4B,11,49,2828.4,80:02:9C:61:97:4A,2,0,NONE,2026-08-19T12:21:11.225216
45917,,-55,42,266,972,69032,57188,274368,0,99,0,0,0,14:33:5C:6D:AF:58,1,1,ARMED,60,0,0,80:02:9C:61:97:4B,11,99,4063.7,80:02:9C:61:97:4A,2,0,NONE,2026-08-19T12:21:11.232216
45917,,-55,42,501,998,70472,57188,274397,0,99,0,0,0,14:33:5C:6D:AF:58,1,1,ARMED,60,0,0,80:02:9C:61:97:4B,11,149,2795.8,80:02:9C:61:97:4A,2,0,NONE,2026-08-19T12:21:11.261216
45917,,-55,42,196,1032,69828,57188,274404,0,99,0,0,0,14:33:5C:6D:AF:58,1,1,ARMED,60,0,1,80:02:9C:61:97:4B,11,199,3295.4,80:02:9C:61:97:4A,2,0,NONE,2026-08-19T12:21:11.268216
45917,,-55,42,266,1070,70472,57188,274459,0,99,0,0,0,14:33:5C:6D:AF:58,1,1,ARMED,60,0,0,80:02:9C:61:97:4B,11,36,2594.6,80:02:9C:61:97:4A,2,0,NONE,2026-08-19T12:21:11.323216
45917,,-56,41,411,1106,70472,57188,274479,0,99,0,0,0,14:33:5C:6D:AF:58,1,1,ARMED,60,0,0,80:02:9C:61:97:4B,11,86,2587.8,80:02:9C:61:97:4A,2,0,NONE,2026-08-19T12:21:11.343216
45917,,-71,26,568,2470,70472,57188,274509,0,99,0,0,0,14:33:5C:6D:AF:58,1,1,ARMED,60,0,0,80:02:9C:61:97:4B,11,136,2124.8,80:02:9C:61:97:4A,2,0,NONE,2026-08-19T12:21:11.373216
45917,,-55,42,356,1166,70472,57188,274528,0,99,0,0,0,14:33:5C:6D:AF:58,1,1,ARMED,60,0,0,80:02:9C:61:97:4B,11,186,2252,80:02:9C:61:97:4A,2,0,NONE,2026-08-19T12:21:11.392216
45917,,-70,27,271,3259,70444,57188,274558,0,99,0,0,0,14:33:5C:6D:AF:58,1,1,ARMED,60,0,1,80:02:9C:61:97:4B,11,26,2030.3,80:02:9C:61:97:4A,2,0,NONE,2026-08-19T12:21:11.422216
45917,BEACON,-94,3,58,4025,70472,57188,274575,0,99,0,0,0,14:33:5C:6D:AF:58,1,1,ARMED,60,0,1,80:02:9C:61:97:4B,11,76,2558.5,80:02:9C:61:97:4A,2,0,NONE,2026-08-19T12:21:11.439216
45917,,-69,28,0,957,70472,57188,274777,0,99,0,0,0,14:33:5C:6D:AF:58,1,0,ARMED,60,0,1,80:02:9C:61:97:4B,11,6,249.4,80:02:9C:61:97:4A,2,0,NONE,2026-08-19T12:21:11.641216
45917,MGMT_OTHER,28,28,0,0,70472,57188,275200,0,99,0,0,0,14:33:5C:6D:AF:58,0,0,ARMED,60,0,1,80:02:9C:61:97:4B,11,2,51.9,80:02:9C:61:97:4A,2,0,NONE,2026-08-19T12:21:12.064216
45917,BEACON,-69,28,0,2462,70472,57188,275532,0,99,0,0,0,14:33:5C:6D:AF:58,0,0,ARMED,60,0,1,80:02:9C:61:97:4B,11,8,127.6,80:02:9C:61:97:4A,2,0,NONE,2026-08-19T12:21:12.396216
45917,MGMT_OTHER,44,44,0,0,70472,57188,275821,0,99,0,0,0,14:33:5C:6D:AF:58,0,0,ARMED,60,0,0,80:02:9C:61:97:4B,11,4,88.5,80:02:9C:61:97:4A,2,0,NONE,2026-08-19T12:21:12.685216
45917,,-85,12,0,2313,70472,57188,276153,0,99,0,0,0,14:33:5C:6D:AF:58,0,0,ARMED,60,0,1,80:02:9C:61:97:4B,11,13,180.2,80:02:9C:61:97:4A,2,0,NONE,2026-08-19T12:21:13.017216
45917,,-65,32,0,199,70472,57188,276514,0,99,0,0,0,14:33:5C:6D:AF:58,0,0,ARMED,60,0,1,80:02:9C:61:97:4B,11,2,94.8,80:02:9C:61:97:4A,2,0,NONE,2026-08-19T12:21:13.378216
45917,MGMT_OTHER,29,29,0,0,70472,57188,276797,0,99,0,0,0,14:33:5C:6D:AF:58,0,0,ARMED,60,0,0,80:02:9C:61:97:4B,11,13,131.2,80:02:9C:61:97:4A,2,0,NONE,2026-08-19T12:21:13.661216
45917,MGMT_OTHER,42,42,0,0,70472,57188,277151,0,99,0,0,0,14:33:5C:6D:AF:58,0,0,ARMED,60,0,0,80:02:9C:61:97:4B,11,4,91.7,80:02:9C:61:97:4A,2,0,NONE,2026-08-19T12:21:14.015216
45917,BEACON,-93,4,43741,4054,70472,57188,277541,0,99,0,0,0,14:33:5C:6D:AF:58,0,0,ARMED,60,0,1,80:02:9C:61:97:4B,11,2,81.7,80:02:9C:61:97:4A,2,0,NONE,2026-08-19T12:21:14.405216
45917,MGMT_OTHER,30,30,0,0,70472,57188,277842,0,99,0,0,0,14:33:5C:6D:AF:58,0,0,ARMED,60,0,1,80:02:9C:61:97:4B,11,4,229.6,80:02:9C:61:97:4A,2,0,NONE,2026-08-19T12:21:14.706216
45917,BEACON,-84,13,0,1241,70472,57188,278234,0,99,0,0,0,14:33:5C:6D:AF:58,0,0,ARMED,60,0,1,80:02:9C:61:97:4B,11,10,97.7,80:02:9C:61:97:4A,2,0,NONE,2026-08-19T12:21:15.098216
45917,BEACON,-94,3,0,2503,70472,57188,278678,0,99,0,0,0,14:33:5C:6D:AF:58,0,0,ARMED,60,0,1,80:02:9C:61:97:4B,11,3,86.2,80:02:9C:61:97:4A,2,0,NONE,2026-08-19T12:21:15.542216
45917,PROBE_RESP,-86,11,0,2049,70472,57188,278983,0,99,0,0,0,14:33:5C:6D:AF:58,0,0,ARMED,60,0,0,80:02:9C:61:97:4B,11,6,182.9,80:02:9C:61:97:4A,2,0,NONE,2026-08-19T12:21:15.847216
45917,MGMT_OTHER,42,42,0,0,70472,57188,279230,0,99,0,0,0,14:33:5C:6D:AF:58,0,0,ARMED,60,0,0,80:02:9C:61:97:4B,11,12,160.3,80:02:9C:61:97:4A,2,0,NONE,2026-08-19T12:21:16.094216
45917,,-53,44,0,1068,70304,57188,279590,0,99,0,0,0,14:33:5C:6D:AF:58,0,0,ARMED,60,0,0,80:02:9C:61:97:4B,11,8,314.8,80:02:9C:61:97:4A,2,0,NONE,2026-08-19T12:21:16.454216
45917,MGMT_OTHER,44,44,0,0,70472,57188,279986,0,99,0,0,0,14:33:5C:6D:AF:58,0,0,ARMED,60,0,1,80:02:9C:61:97:4B,11,5,531.1,80:02:9C:61:97:4A,2,0,NONE,2026-08-19T12:21:16.850216
45917,BEACON,-95,2,0,668,70472,57188,280239,0,99,0,0,0,14:33:5C:6D:AF:58,0,0,ARMED,60,0,1,80:02:9C:61:97:4B,11,12,201.3,80:02:9C:61:97:4A,2,0,NONE,2026-08-19T12:21:17.103216
45917,,-84,13,0,2305,70472,57188,280518,0,99,0,0,0,14:33:5C:6D:AF:58,0,0,ARMED,60,0,0,80:02:9C:61:97:4B,11,3,94.8,80:02:9C:61:97:4A,2,0,NONE,2026-08-19T12:21:17.382216
45917,BEACON,-84,13,0,1266,70472,57188,280794,0,99,0,0,0,14:33:5C:6D:AF:58,0,0,ARMED,60,0,1,80:02:9C:61:97:4B,11,8,78.1,80:02:9C:61:97:4A,2,0,NONE,2026-08-19T12:21:17.658216
45917,BEACON,-84,13,0,198,70472,57188,281169,0,99,0,0,0,14:33:5C:6D:AF:58,0,0,ARMED,60,0,1,80:02:9C:61:97:4B,11,8,116.8,80:02:9C:61:97:4A,2,0,NONE,2026-08-19T12:21:18.033216
45917,,-54,43,368,1253,70472,57188,281331,0,99,0,0,0,14:33:5C:6D:AF:58,0,0,ARMED,60,0,0,80:02:9C:61:97:4B,11,26,1014.5,80:02:9C:61:97:4A,2,0,NONE,2026-08-19T12:21:18.195216
45917,,-54,43,267,1280,69828,57188,281349,0,99,0,0,0,14:33:5C:6D:AF:58,0,0,ARMED,60,0,0,80:02:9C:61:97:4B,11,76,1751.7,80:02:9C:61:97:4A,2,0,NONE,2026-08-19T12:21:18.213216
45917,MGMT_OTHER,42,42,0,0,70472,57188,281426,0,99,0,0,0,14:33:5C:6D:AF:58,0,1,ARMED,60,0,0,80:02:9C:61:97:4B,11,5,284.6,80:02:9C:61:97:4A,2,0,NONE,2026-08-19T12:21:18.290216
45917,,-70,27,0,3299,70472,57188,281486,0,99,0,0,0,14:33:5C:6D:AF:58,0,1,ARMED,60,0,0,80:02:9C:61:97:4B,11,55,711,80:02:9C:61:97:4A,2,0,NONE,2026-08-19T12:21:18.350216
45917,,-54,43,338,1360,69828,57188,281506,0,99,0,0,0,14:33:5C:6D:AF:58,0,1,ARMED,60,0,0,80:02:9C:61:97:4B,11,105,1076.6,80:02:9C:61:97:4A,2,0,NONE,2026-08-19T12:21:18.370216
45917,,-54,43,277,1395,70472,57188,281525,0,99,0,0,0,14:33:5C:6D:AF:58,0,1,ARMED,60,0,1,80:02:9C:61:97:4B,11,46,2891.3,80:02:9C:61:97:4A,2,0,NONE,2026-08-19T12:21:18.389216
45917,MGMT_OTHER,42,42,0,0,70472,57188,281545,0,99,0,0,0,14:33:5C:6D:AF:58,0,1,ARMED,60,0,1,80:02:9C:61:97:4B,11,96,2663.1,80:02:9C:61:97:4A,2,0,NONE,2026-08-19T12:21:18.409216
45917,,-54,43,267,1478,69828,57188,281558,0,99,0,0,0,14:33:5C:6D:AF:58,0,1,ARMED,60,0,0,80:02:9C:61:97:4B,11,146,2943.3,80:02:9C:61:97:4A,2,0,NONE,2026-08-19T12:21:18.422216
45917,,-70,27,0,3343,70472,57188,281591,0,99,0,0,0,14:33:5C:6D:AF:58,0,1,ARMED,60,0,0,80:02:9C:61:97:4B,11,196,2382.2,80:02:9C:61:97:4A,2,0,NONE,2026-08-19T12:21:18.455216
45917,,-54,43,267,1533,70472,57188,281607,0,99,0,0,0,14:33:5C:6D:AF:58,0,1,ARMED,60,0,0,80:02:9C:61:97:4B,11,246,2513.9,80:02:9C:61:97:4A,2,0,NONE,2026-08-19T12:21:18.471216
45917,,-54,43,266,1562,70472,57188,281639,0,99,0,0,0,14:33:5C:6D:AF:58,1,1,ARMED,60,0,0,80:02:9C:61:97:4B,11,49,2828.1,80:02:9C:61:97:4A,2,0,NONE,2026-08-19T12:21:18.503216
45917,,-54,43,266,1606,70472,57188,281652,0,99,0,0,0,14:33:5C:6D:AF:58,1,1,ARMED,60,0,0,80:02:9C:61:97:4B,11,99,3285.3,80:02:9C:61:97:4A,2,0,NONE,2026-08-19T12:21:18.516216
45917,,-70,27,245,3371,70472,57188,281681,0,99,0,0,0,14:33:5C:6D:AF:58,1,1,ARMED,60,0,1,80:02:9C:61:97:4B,11,149,2521.8,80:02:9C:61:97:4A,2,0,NONE,2026-08-19T12:21:18.545216
45917,,-54,43,267,1679,70472,57188,281711,0,99,0,0,0,14:33:5C:6D:AF:58,1,1,ARMED,60,0,0,80:02:9C:61:97:4B,11,199,2219.9,80:02:9C:61:97:4A,2,0,NONE,2026-08-19T12:21:18.575216
45917,,-54,43,266,1707,70472,57188,281744,0,99,0,0,0,14:33:5C:6D:AF:58,1,1,ARMED,60,0,0,80:02:9C:61:97:4B,11,49,2827.5,80:02:9C:61:97:4A,2,0,NONE,2026-08-19T12:21:18.608216
45917,,-54,43,573,1733,70472,57188,281753,0,99,0,0,0,14:33:5C:6D:AF:58,1,1,ARMED,60,0,0,80:02:9C:61:97:4B,11,99,3795.1,80:02:9C:61:97:4A,2,0,NONE,2026-08-19T12:21:18.617216
45917,,-54,43,287,1763,69800,57188,281773,0,99,0,0,0,14:33:5C:6D:AF:58,1,1,ARMED,60,0,0,80:02:9C:61:97:4B,11,149,3167.9,80:02:9C:61:97:4A,2,0,NONE,2026-08-19T12:21:18.637216
45917,,-56,41,931,1808,69184,57188,281803,0,99,0,0,0,14:33:5C:6D:AF:58,1,1,ARMED,60,0,0,80:02:9C:61:97:4B,11,199,2607.4,80:02:9C:61:97:4A,2,0,NONE,2026-08-19T12:21:18.667216
45917,,-70,27,0,3410,70472,57188,281825,0,99,0,0,0,14:33:5C:6D:AF:58,1,1,ARMED,60,0,0,80:02:9C:61:97:4B,11,249,2514.6,80:02:9C:61:97:4A,2,0,NONE,2026-08-19T12:21:18.689216
45917,,-54,43,287,1876,70472,57188,281841,0,99,0,0,0,14:33:5C:6D:AF:58,1,1,ARMED,60,0,0,80:02:9C:61:97:4B,11,49,3796.4,80:02:9C:61:97:4A,2,0,NONE,2026-08-19T12:21:18.705216
45917,,-71,26,2830,994,70472,57188,281996,0,99,0,0,0,14:33:5C:6D:AF:58,1,1,ARMED,60,0,0,80:02:9C:61:97:4B,11,13,193.8,80:02:9C:61:97:4A,2,0,NONE,2026-08-19T12:21:18.860216
45917,MGMT_OTHER,32,32,0,0,70472,57188,282365,0,99,0,0,0,14:33:5C:6D:AF:58,0,0,ARMED,60,0,1,80:02:9C:61:97:4B,11,4,152.9,80:02:9C:61:97:4A,2,0,NONE,2026-08-19T12:21:19.229216
45917,BEACON,-95,2,0,695,70472,57188,282696,0,99,0,0,0,14:33:5C:6D:AF:58,0,0,ARMED,60,0,1,80:02:9C:61:97:4B,11,4,79,80:02:9C:61:97:4A,2,0,NONE,2026-08-19T12:21:19.560216
45917,,-70,27,44587,1001,70472,57188,283101,0,99,0,0,0,14:33:5C:6D:AF:58,0,0,ARMED,60,0,1,80:02:9C:61:97:4B,11,2,100,80:02:9C:61:97:4A,2,0,NONE,2026-08-19T12:21:19.965216
45917,BEACON,-86,11,0,2105,70472,57188,283363,0,99,0,0,0,14:33:5C:6D:AF:58,0,0,ARMED,60,0,1,80:02:9C:61:97:4B,11,17,221.2,80:02:9C:61:97:4A,2,0,NONE,2026-08-19T12:21:20.227216
45917,BEACON,-95,2,0,3144,70472,57188,283506,0,99,0,0,0,14:33:5C:6D:AF:58,0,1,ARMED,60,0,1,80:02:9C:61:97:4B,11,1,64.6,80:02:9C:61:97:4A,2,0,NONE,2026-08-19T12:21:20.370216
45917,,-55,42,6212,1488,70472,57188,283764,0,99,0,0,0,14:33:5C:6D:AF:58,0,0,ARMED,60,0,1,80:02:9C:61:97:4B,11,8,167.1,80:02:9C:61:97:4A,2,0,NONE,2026-08-19T12:21:20.628216
45917,BEACON,-68,29,0,2551,70472,57188,284031,0,99,0,0,0,14:33:5C:6D:AF:58,0,1,ARMED,60,0,1,80:02:9C:61:97:4B,11,30,293,80:02:9C:61:97:4A,2,0,NONE,2026-08-19T12:21:20.895216
45917,,-55,42,20616,1515,70472,57188,284137,0,99,0,0,0,14:33:5C:6D:AF:58,0,1,ARMED,60,0,1,80:02:9C:61:97:4B,11,1,256.7,80:02:9C:61:97:4A,2,0,NONE,2026-08-19T12:21:21.001216
45917,BEACON,-93,4,50,2558,70472,57188,284310,0,99,0,0,0,14:33:5C:6D:AF:58,0,0,ARMED,60,0,1,80:02:9C:61:97:4B,11,29,389.2,80:02:9C:61:97:4A,2,0,NONE,2026-08-19T12:21:21.174216
45917,,-56,41,407,1915,70472,57188,284442,0,99,0,0,0,14:33:5C:6D:AF:58,0,1,ARMED,60,0,0,80:02:9C:61:97:4B,11,4,1319.7,80:02:9C:61:97:4A,2,0,NONE,2026-08-19T12:21:21.306216
45917,,-54,43,608,1920,70472,57188,284472,0,99,0,0,0,14:33:5C:6D:AF:58,0,1,ARMED,60,0,0,80:02:9C:61:97:4B,11,54,1624.5,80:02:9C:61:97:4A,2,0,NONE,2026-08-19T12:21:21.336216
45917,,-54,43,287,1930,70284,57188,284501,0,99,0,0,0,14:33:5C:6D:AF:58,0,1,ARMED,60,0,0,80:02:9C:61:97:4B,11,104,1672.4,80:02:9C:61:97:4A,2,0,NONE,2026-08-19T12:21:21.365216
45917,,-54,43,432,1951,70472,57188,284509,0,99,0,0,0,14:33:5C:6D:AF:58,0,1,ARMED,60,0,0,80:02:9C:61:97:4B,11,154,2180.2,80:02:9C:61:97:4A,2,0,NONE,2026-08-19T12:21:21.373216
45917,,-55,42,0,1527,70272,57188,284618,0,99,0,0,0,14:33:5C:6D:AF:58,0,1,ARMED,60,0,0,80:02:9C:61:97:4B,11,43,551.8,80:02:9C:61:97:4A,2,0,NONE,2026-08-19T12:21:21.482216
45917,,-54,43,266,1988,69828,57188,284635,0,99,0,0,0,14:33:5C:6D:AF:58,0,1,ARMED,60,0,0,80:02:9C:61:97:4B,11,93,977.9,80:02:9C:61:97:4A,2,0,NONE,2026-08-19T12:21:21.499216
45917,,-54,43,378,2008,69184,57188,284655,0,99,0,0,0,14:33:5C:6D:AF:58,0,1,ARMED,60,0,0,80:02:9C:61:97:4B,11,49,9718.4,80:02:9C:61:97:4A,2,0,NONE,2026-08-19T12:21:21.519216
45917,,-54,43,502,2023,70472,57188,284697,0,99,0,0,0,14:33:5C:6D:AF:58,0,1,ARMED,60,0,0,80:02:9C:61:97:4B,11,99,2073.9,80:02:9C:61:97:4A,2,0,NONE,2026-08-19T12:21:21.561216
45917,,-69,28,455,3491,69032,57188,284718,0,99,0,0,0,14:33:5C:6D:AF:58,0,1,ARMED,60,0,1,80:02:9C:61:97:4B,11,149,2196,80:02:9C:61:97:4A,2,0,NONE,2026-08-19T12:21:21.582216
45917,,-68,29,614,3519,69828,57188,284725,0,99,0,0,0,14:33:5C:6D:AF:58,0,1,ARMED,60,0,1,80:02:9C:61:97:4B,11,199,2654.1,80:02:9C:61:97:4A,2,0,NONE,2026-08-19T12:21:21.589216
45917,,-54,43,266,2119,70472,57188,284745,0,99,0,0,0,14:33:5C:6D:AF:58,0,1,ARMED,60,0,0,80:02:9C:61:97:4B,11,249,2622.7,80:02:9C:61:97:4A,2,0,NONE,2026-08-19T12:21:21.609216
45917,,-54,43,267,2143,70472,57188,284760,0,99,0,0,0,14:33:5C:6D:AF:58,1,1,ARMED,60,0,0,80:02:9C:61:97:4B,11,20,1970.6,80:02:9C:61:97:4A,2,0,NONE,2026-08-19T12:21:21.624216
45917,,-54,43,287,2168,70472,57188,284794,0,99,0,0,0,14:33:5C:6D:AF:58,1,1,ARMED,60,0,0,80:02:9C:61:97:4B,11,70,1588.7,80:02:9C:61:97:4A,2,0,NONE,2026-08-19T12:21:21.658216
45917,,-55,42,195,2201,69828,57188,284801,0,99,0,0,0,14:33:5C:6D:AF:58,1,1,ARMED,60,0,1,80:02:9C:61:97:4B,11,120,2331,80:02:9C:61:97:4A,2,0,NONE,2026-08-19T12:21:21.665216
45917,,-55,42,1172,1541,70472,57188,284821,0,99,0,0,0,14:33:5C:6D:AF:58,1,1,ARMED,60,0,1,80:02:9C:61:97:4B,11,170,2371.1,80:02:9C:61:97:4A,2,0,NONE,2026-08-19T12:21:21.685216
45917,,-54,43,287,2282,69828,57188,284831,0,99,0,0,0,14:33:5C:6D:AF:58,1,1,ARMED,60,0,0,80:02:9C:61:97:4B,11,220,2692.6,80:02:9C:61:97:4A,2,0,NONE,2026-08-19T12:21:21.695216
45917,MGMT_OTHER,42,42,0,0,70472,57188,284861,0,99,0,0,0,14:33:5C:6D:AF:58,1,1,ARMED,60,0,1,80:02:9C:61:97:4B,11,16,1471.5,80:02:9C:61:97:4A,2,0,NONE,2026-08-19T12:21:21.725216
45917,,-54,43,398,2343,70472,57188,284912,0,99,0,0,0,14:33:5C:6D:AF:58,1,1,ARMED,60,0,0,80:02:9C:61:97:4B,11,66,1061.6,80:02:9C:61:97:4A,2,0,NONE,2026-08-19T12:21:21.776216
45917,,-54,43,286,2386,70472,57188,284932,0,99,0,0,0,14:33:5C:6D:AF:58,1,1,ARMED,60,0,0,80:02:9C:61:97:4B,11,116,1407.3,80:02:9C:61:97:4A,2,0,NONE,2026-08-19T12:21:21.796216
45917,,-54,43,286,2427,69828,57188,284948,0,99,0,0,0,14:33:5C:6D:AF:58,1,1,ARMED,60,0,0,80:02:9C:61:97:4B,11,166,1692.8,80:02:9C:61:97:4A,2,0,NONE,2026-08-19T12:21:21.812216
45917,MGMT_OTHER,42,42,0,0,70472,57188,284980,0,99,0,0,0,14:33:5C:6D:AF:58,1,1,ARMED,60,0,1,80:02:9C:61:97:4B,11,49,2830.1,80:02:9C:61:97:4A,2,0,NONE,2026-08-19T12:21:21.844216
45917,,-54,43,287,2471,70472,57188,284989,0,99,0,0,0,14:33:5C:6D:AF:58,1,1,ARMED,60,0,0,80:02:9C:61:97:4B,11,99,3880.7,80:02:9C:61:97:4A,2,0,NONE,2026-08-19T12:21:21.853216
45917,,-54,43,266,2508,70472,57188,285018,0,99,0,0,0,14:33:5C:6D:AF:58,1,1,ARMED,60,0,0,80:02:9C:61:97:4B,11,149,2730,80:02:9C:61:97:4A,2,0,NONE,2026-08-19T12:21:21.882216
45917,,-54,43,194,2531,70472,57188,285067,0,99,0,0,0,14:33:5C:6D:AF:58,1,1,ARMED,60,0,1,80:02:9C:61:97:4B,11,2,783.4,80:02:9C:61:97:4A,2,0,NONE,2026-08-19T12:21:21.931216
45917,MGMT_OTHER,42,42,0,0,70472,57188,285095,0,99,0,0,0,14:33:5C:6D:AF:58,1,1,ARMED,60,0,1,80:02:9C:61:97:4B,11,52,1660.3,80:02:9C:61:97:4A,2,0,NONE,2026-08-19T12:21:21.959216
45917,,-61,36,515,3624,70472,57188,285102,0,99,0,0,0,14:33:5C:6D:AF:58,1,1,ARMED,60,0,1,80:02:9C:61:97:4B,11,102,2653.6,80:02:9C:61:97:4A,2,0,NONE,2026-08-19T12:21:21.966216
45917,,-54,43,249,2653,70472,57188,285122,0,99,0,0,0,14:33:5C:6D:AF:58,1,1,ARMED,60,0,0,80:02:9C:61:97:4B,11,152,2596.6,80:02:9C:61:97:4A,2,0,NONE,2026-08-19T12:21:21.986216
45917,,-54,43,286,2685,69828,57188,285131,0,99,0,0,0,14:33:5C:6D:AF:58,1,1,ARMED,60,0,0,80:02:9C:61:97:4B,11,202,2992.6,80:02:9C:61:97:4A,2,0,NONE,2026-08-19T12:21:21.995216
45917,,-54,43,250,2720,70472,57188,285152,0,99,0,0,0,14:33:5C:6D:AF:58,1,1,ARMED,60,0,0,80:02:9C:61:97:4B,11,252,2874.4,80:02:9C:61:97:4A,2,0,NONE,2026-08-19T12:21:22.016216
45917,,-54,43,266,2741,70472,57188,285171,0,99,0,0,0,14:33:5C:6D:AF:58,1,1,ARMED,60,0,0,80:02:9C:61:97:4B,11,17,2457.4,80:02:9C:61:97:4A,2,0,NONE,2026-08-19T12:21:22.035216
45917,,-54,43,266,2773,70396,57188,285196,0,99,0,0,0,14:33:5C:6D:AF:58,1,1,ARMED,60,0,0,80:02:9C:61:97:4B,11,67,2143.7,80:02:9C:61:97:4A,2,0,NONE,2026-08-19T12:21:22.060216
45917,,-70,27,254,1057,70472,57188,285213,0,99,0,0,0,14:33:5C:6D:AF:58,1,1,ARMED,60,0,1,80:02:9C:61:97:4B,11,117,2412,80:02:9C:61:97:4A,2,0,NONE,2026-08-19T12:21:22.077216
45917,,-54,43,303,2827,69040,57188,285242,0,99,0,0,0,14:33:5C:6D:AF:58,1,1,ARMED,60,0,0,80:02:9C:61:97:4B,11,167,2151.3,80:02:9C:61:97:4A,2,0,NONE,2026-08-19T12:21:22.106216
45917,,-54,43,0,1132,70472,57188,285250,0,99,0,0,0,14:33:5C:6D:AF:58,1,1,ARMED,60,0,1,80:02:9C:61:97:4B,11,217,2543.5,80:02:9C:61:97:4A,2,0,NONE,2026-08-19T12:21:22.114216
45917,,-54,43,286,2887,70472,57188,285294,0,99,0,0,0,14:33:5C:6D:AF:58,1,1,ARMED,60,0,0,80:02:9C:61:97:4B,11,49,1703.2,80:02:9C:61:97:4A,2,0,NONE,2026-08-19T12:21:22.158216
45917,,-55,42,856,2912,70472,57188,285320,0,99,0,0,0,14:33:5C:6D:AF:58,1,1,ARMED,60,0,0,80:02:9C:61:97:4B,11,99,1783.6,80:02:9C:61:97:4A,2,0,NONE,2026-08-19T12:21:22.184216
45917,,-56,41,691,2921,70472,57188,285368,0,99,0,0,0,14:33:5C:6D:AF:58,1,1,ARMED,60,0,0,80:02:9C:61:97:4B,11,2,833.7,80:02:9C:61:97:4A,2,0,NONE,2026-08-19T12:21:22.232216
45917,,-56,41,454,2928,70472,57188,285398,0,99,0,0,0,14:33:5C:6D:AF:58,1,1,ARMED,60,0,0,80:02:9C:61:97:4B,11,52,1626.6,80:02:9C:61:97:4A,2,0,NONE,2026-08-19T12:21:22.262216
45917,,-55,42,296,1564,70472,57188,285420,0,99,0,0,0,14:33:5C:6D:AF:58,1,1,ARMED,60,0,1,80:02:9C:61:97:4B,11,102,1872.2,80:02:9C:61:97:4A,2,0,NONE,2026-08-19T12:21:22.284216
45917,,-54,43,311,2973,70472,57188,285438,0,99,0,0,0,14:33:5C:6D:AF:58,1,1,ARMED,60,0,0,80:02:9C:61:97:4B,11,152,2115.3,80:02:9C:61:97:4A,2,0,NONE,2026-08-19T12:21:22.302216
45917,,-54,43,311,3015,70472,57188,285458,0,99,0,0,0,14:33:5C:6D:AF:58,1,1,ARMED,60,0,0,80:02:9C:61:97:4B,11,202,2195.5,80:02:9C:61:97:4A,2,0,NONE,2026-08-19T12:21:22.322216
45917,,-54,43,310,3047,70472,57188,285524,0,99,0,0,0,14:33:5C:6D:AF:58,1,1,ARMED,60,0,0,80:02:9C:61:97:4B,11,32,601.2,80:02:9C:61:97:4A,2,0,NONE,2026-08-19T12:21:22.388216
45917,,-54,43,311,3082,70472,57188,285553,0,99,0,0,0,14:33:5C:6D:AF:58,1,1,ARMED,60,0,0,80:02:9C:61:97:4B,11,82,995.3,80:02:9C:61:97:4A,2,0,NONE,2026-08-19T12:21:22.417216
45917,BEACON,-93,4,106,741,70472,57188,285564,0,99,0,0,0,14:33:5C:6D:AF:58,1,1,ARMED,60,0,1,80:02:9C:61:97:4B,11,132,1419.2,80:02:9C:61:97:4A,2,0,NONE,2026-08-19T12:21:22.428216
45917,,-63,34,249,222,70472,57188,285684,0,99,0,0,0,14:33:5C:6D:AF:58,1,1,ARMED,60,0,1,80:02:9C:61:97:4B,11,16,3402.1,80:02:9C:61:97:4A,2,0,NONE,2026-08-19T12:21:22.548216
45917,,-55,42,311,3167,70472,57188,285736,0,99,0,0,0,14:33:5C:6D:AF:58,1,1,ARMED,60,0,0,80:02:9C:61:97:4B,11,66,1153.6,80:02:9C:61:97:4A,2,0,NONE,2026-08-19T12:21:22.600216
45917,,-55,42,311,3201,70452,57188,285756,0,99,0,0,0,14:33:5C:6D:AF:58,1,1,ARMED,60,0,0,80:02:9C:61:97:4B,11,116,1499.7,80:02:9C:61:97:4A,2,0,NONE,2026-08-19T12:21:22.620216
45917,BEACON,-68,29,0,2571,70396,57188,285772,0,99,0,0,0,14:33:5C:6D:AF:58,1,1,ARMED,60,0,1,80:02:9C:61:97:4B,11,166,1790.8,80:02:9C:61:97:4A,2,0,NONE,2026-08-19T12:21:22.636216
45917,,-55,42,311,3248,70472,57188,285808,0,99,0,0,0,14:33:5C:6D:AF:58,1,1,ARMED,60,0,0,80:02:9C:61:97:4B,11,49,2828.4,80:02:9C:61:97:4A,2,0,NONE,2026-08-19T12:21:22.672216
45917,,-55,42,311,3290,69828,57188,285819,0,99,0,0,0,14:33:5C:6D:AF:58,1,1,ARMED,60,0,0,80:02:9C:61:97:4B,11,99,3551.6,80:02:9C:61:97:4A,2,0,NONE,2026-08-19T12:21:22.683216
45917,,-55,42,311,3310,70472,57188,285847,0,99,0,0,0,14:33:5C:6D:AF:58,1,1,ARMED,60,0,0,80:02:9C:61:97:4B,11,149,2643.4,80:02:9C:61:97:4A,2,0,NONE,2026-08-19T12:21:22.711216
45917,,-55,42,310,3352,70472,57188,285863,0,99,0,0,0,14:33:5C:6D:AF:58,1,1,ARMED,60,0,0,80:02:9C:61:97:4B,11,199,2745.7,80:02:9C:61:97:4A,2,0,NONE,2026-08-19T12:21:22.727216
45917,,-69,28,0,3789,70472,57188,285902,0,99,0,0,0,14:33:5C:6D:AF:58,1,1,ARMED,60,0,0,80:02:9C:61:97:4B,11,15,1406.3,80:02:9C:61:97:4A,2,0,NONE,2026-08-19T12:21:22.766216
45917,,-68,29,426,1097,70472,57188,285922,0,99,0,0,0,14:33:5C:6D:AF:58,1,1,ARMED,60,0,1,80:02:9C:61:97:4B,11,65,2073.9,80:02:9C:61:97:4A,2,0,NONE,2026-08-19T12:21:22.786216
45917,,-55,42,311,3438,70472,57188,285951,0,99,0,0,0,14:33:5C:6D:AF:58,1,1,ARMED,60,0,0,80:02:9C:61:97:4B,11,115,1923,80:02:9C:61:97:4A,2,0,NONE,2026-08-19T12:21:22.815216
45917,,-55,42,347,3476,70472,57188,285970,0,99,0,0,0,14:33:5C:6D:AF:58,1,1,ARMED,60,0,0,80:02:9C:61:97:4B,11,165,2091.9,80:02:9C:61:97:4A,2,0,NONE,2026-08-19T12:21:22.834216
45917,,-55,42,311,3511,70472,57188,286013,0,99,0,0,0,14:33:5C:6D:AF:58,1,1,ARMED,60,0,0,80:02:9C:61:97:4B,11,41,3108.9,80:02:9C:61:97:4A,2,0,NONE,2026-08-19T12:21:22.877216
45917,,-55,42,311,3549,70472,57188,286036,0,99,0,0,0,14:33:5C:6D:AF:58,1,1,ARMED,60,0,0,80:02:9C:61:97:4B,11,91,2563.5,80:02:9C:61:97:4A,2,0,NONE,2026-08-19T12:21:22.900216
45917,,-69,28,0,3831,69040,57188,286056,0,99,0,0,0,14:33:5C:6D:AF:58,1,1,ARMED,60,0,0,80:02:9C:61:97:4B,11,141,2538.5,80:02:9C:61:97:4A,2,0,NONE,2026-08-19T12:21:22.920216
45917,,-55,42,472,3608,70464,57188,286090,0,99,0,0,0,14:33:5C:6D:AF:58,1,1,ARMED,60,0,0,80:02:9C:61:97:4B,11,191,2116.6,80:02:9C:61:97:4A,2,0,NONE,2026-08-19T12:21:22.954216
45917,,-56,41,311,3631,70464,57188,286123,0,99,0,0,0,14:33:5C:6D:AF:58,1,1,ARMED,60,0,0,80:02:9C:61:97:4B,11,49,2828.3,80:02:9C:61:97:4A,2,0,NONE,2026-08-19T12:21:22.987216
45917,,-63,34,1073,3854,70464,57188,286136,0,99,0,0,0,14:33:5C:6D:AF:58,1,1,ARMED,60,0,1,80:02:9C:61:97:4B,11,99,3218.2,80:02:9C:61:97:4A,2,0,NONE,2026-08-19T12:21:23.000216
45917,,-56,41,311,3710,70464,57188,286166,0,99,0,0,0,14:33:5C:6D:AF:58,1,1,ARMED,60,0,0,80:02:9C:61:97:4B,11,149,2491.2,80:02:9C:61:97:4A,2,0,NONE,2026-08-19T12:21:23.030216
45917,,-71,26,435,3862,70096,57188,286217,0,99,0,0,0,14:33:5C:6D:AF:58,1,1,ARMED,60,0,1,80:02:9C:61:97:4B,11,31,2851.4,80:02:9C:61:97:4A,2,0,NONE,2026-08-19T12:21:23.081216
45917,,-56,41,311,3786,70464,57188,286237,0,99,0,0,0,14:33:5C:6D:AF:58,1,1,ARMED,60,0,0,80:02:9C:61:97:4B,11,81,2590.7,80:02:9C:61:97:4A,2,0,NONE,2026-08-19T12:21:23.101216
45917,,-56,41,310,3815,70152,57188,286261,0,99,0,0,0,14:33:5C:6D:AF:58,1,1,ARMED,60,0,0,80:02:9C:61:97:4B,11,131,2375.6,80:02:9C:61:97:4A,2,0,NONE,2026-08-19T12:21:23.125216
45917,,-56,41,311,3856,70464,57188,286281,0,99,0,0,0,14:33:5C:6D:AF:58,1,1,ARMED,60,0,0,80:02:9C:61:97:4B,11,181,2405.7,80:02:9C:61:97:4A,2,0,NONE,2026-08-19T12:21:23.145216
45917,,-56,41,311,3878,70464,57188,286297,0,99,0,0,0,14:33:5C:6D:AF:58,1,1,ARMED,60,0,0,80:02:9C:61:97:4B,11,231,2519.2,80:02:9C:61:97:4A,2,0,NONE,2026-08-19T12:21:23.161216
45917,,-56,41,311,3913,70464,57188,286330,0,99,0,0,0,14:33:5C:6D:AF:58,1,1,ARMED,60,0,0,80:02:9C:61:97:4B,11,49,2828.8,80:02:9C:61:97:4A,2,0,NONE,2026-08-19T12:21:23.194216
45917,,-56,41,311,3952,69820,57188,286337,0,99,0,0,0,14:33:5C:6D:AF:58,1,1,ARMED,60,0,0,80:02:9C:61:97:4B,11,99,4064.7,80:02:9C:61:97:4A,2,0,NONE,2026-08-19T12:21:23.201216
45917,,-56,41,310,3974,70464,57188,286357,0,99,0,0,0,14:33:5C:6D:AF:58,1,1,ARMED,60,0,0,80:02:9C:61:97:4B,11,149,3358.4,80:02:9C:61:97:4A,2,0,NONE,2026-08-19T12:21:23.221216
45917,,-56,41,311,4017,69820,57188,286371,0,99,0,0,0,14:33:5C:6D:AF:58,1,1,ARMED,60,0,0,80:02:9C:61:97:4B,11,199,3421.4,80:02:9C:61:97:4A,2,0,NONE,2026-08-19T12:21:23.235216
45917,,-68,29,0,3934,69032,57188,286445,0,99,0,0,0,14:33:5C:6D:AF:58,1,1,ARMED,60,0,0,80:02:9C:61:97:4B,11,14,794.8,80:02:9C:61:97:4A,2,0,NONE,2026-08-19T12:21:23.309216
45917,,-68,29,488,3941,70464,57188,286463,0,99,0,0,0,14:33:5C:6D:AF:58,1,1,ARMED,60,0,1,80:02:9C:61:97:4B,11,64,1762.2,80:02:9C:61:97:4A,2,0,NONE,2026-08-19T12:21:23.327216
45917,,-56,41,311,30,69032,57188,286484,0,99,0,0,0,14:33:5C:6D:AF:58,1,1,ARMED,60,0,0,80:02:9C:61:97:4B,11,114,2016.6,80:02:9C:61:97:4A,2,0,NONE,2026-08-19T12:21:23.348216
45917,,-68,29,400,3956,70464,57188,286503,0,99,0,0,0,14:33:5C:6D:AF:58,1,1,ARMED,60,0,1,80:02:9C:61:97:4B,11,164,2166.4,80:02:9C:61:97:4A,2,0,NONE,2026-08-19T12:21:23.367216
45917,,-56,41,311,99,70464,57188,286525,0,99,0,0,0,14:33:5C:6D:AF:58,1,1,ARMED,60,0,0,80:02:9C:61:97:4B,11,214,2192.8,80:02:9C:61:97:4A,2,0,NONE,2026-08-19T12:21:23.389216
45917,,-68,29,497,3971,70464,57188,286549,0,99,0,0,0,14:33:5C:6D:AF:58,1,1,ARMED,60,0,1,80:02:9C:61:97:4B,11,46,2058.1,80:02:9C:61:97:4A,2,0,NONE,2026-08-19T12:21:23.413216
45917,,-56,41,310,169,70464,57188,286570,0,99,0,0,0,14:33:5C:6D:AF:58,1,1,ARMED,60,0,0,80:02:9C:61:97:4B,11,96,2256.4,80:02:9C:61:97:4A,2,0,NONE,2026-08-19T12:21:23.434216
45917,,-56,41,311,210,69032,57188,286586,0,99,0,0,0,14:33:5C:6D:AF:58,1,1,ARMED,60,0,0,80:02:9C:61:97:4B,11,146,2472.4,80:02:9C:61:97:4A,2,0,NONE,2026-08-19T12:21:23.450216
45917,,-71,26,465,3149,70464,57188,286617,0,99,0,0,0,14:33:5C:6D:AF:58,1,1,ARMED,60,0,1,80:02:9C:61:97:4B,11,196,2183.2,80:02:9C:61:97:4A,2,0,NONE,2026-08-19T12:21:23.481216
45917,,-56,41,1221,230,70464,57188,286655,0,99,0,0,0,14:33:5C:6D:AF:58,1,1,ARMED,60,0,0,80:02:9C:61:97:4B,11,35,1304.8,80:02:9C:61:97:4A,2,0,NONE,2026-08-19T12:21:23.519216
45917,,-56,41,690,237,70464,57188,286696,0,99,0,0,0,14:33:5C:6D:AF:58,1,1,ARMED,60,0,0,80:02:9C:61:97:4B,11,85,1247.4,80:02:9C:61:97:4A,2,0,NONE,2026-08-19T12:21:23.560216
45917,,-68,29,0,4002,70464,57188,286741,0,99,0,0,0,14:33:5C:6D:AF:58,1,1,ARMED,60,0,0,80:02:9C:61:97:4B,11,31,2682.4,80:02:9C:61:97:4A,2,0,NONE,2026-08-19T12:21:23.605216
45917,,-56,41,519,290,70464,57188,286765,0,99,0,0,0,14:33:5C:6D:AF:58,1,1,ARMED,60,0,0,80:02:9C:61:97:4B,11,81,2224.4,80:02:9C:61:97:4A,2,0,NONE,2026-08-19T12:21:23.629216
45917,,-56,41,519,328,70464,57188,286788,0,99,0,0,0,14:33:5C:6D:AF:58,1,1,ARMED,60,0,0,80:02:9C:61:97:4B,11,131,2237.3,80:02:9C:61:97:4A,2,0,NONE,2026-08-19T12:21:23.652216
45917,,-56,41,518,346,70464,57188,286812,0,99,0,0,0,14:33:5C:6D:AF:58,1,1,ARMED,60,0,0,80:02:9C:61:97:4B,11,181,2176.6,80:02:9C:61:97:4A,2,0,NONE,2026-08-19T12:21:23.676216
45917,,-56,41,1038,381,70464,57188,286836,0,99,0,0,0,14:33:5C:6D:AF:58,1,1,ARMED,60,0,0,80:02:9C:61:97:4B,11,13,2032.2,80:02:9C:61:97:4A,2,0,NONE,2026-08-19T12:21:23.700216
45917,,-56,41,243,415,70464,57188,286863,0,99,0,0,0,14:33:5C:6D:AF:58,1,1,ARMED,60,0,1,80:02:9C:61:97:4B,11,63,1859.9,80:02:9C:61:97:4A,2,0,NONE,2026-08-19T12:21:23.727216
45917,,-69,28,320,4069,70248,57188,286888,0,99,0,0,0,14:33:5C:6D:AF:58,1,1,ARMED,60,0,1,80:02:9C:61:97:4B,11,113,1938.9,80:02:9C:61:97:4A,2,0,NONE,2026-08-19T12:21:23.752216
45917,,-68,29,0,4082,70464,57188,286929,0,99,0,0,0,14:33:5C:6D:AF:58,1,1,ARMED,60,0,0,80:02:9C:61:97:4B,11,163,1632.2,80:02:9C:61:97:4A,2,0,NONE,2026-08-19T12:21:23.793216
45917,,-56,41,851,505,70464,57188,286954,0,99,0,0,0,14:33:5C:6D:AF:58,1,1,ARMED,60,0,0,80:02:9C:61:97:4B,11,49,2220.7,80:02:9C:61:97:4A,2,0,NONE,2026-08-19T12:21:23.818216
45917,,-56,41,519,538,70464,57188,286983,0,99,0,0,0,14:33:5C:6D:AF:58,1,1,ARMED,60,0,0,80:02:9C:61:97:4B,11,99,1930.8,80:02:9C:61:97:4A,2,0,NONE,2026-08-19T12:21:23.847216
45917,,-56,41,519,564,70464,57188,287019,0,99,0,0,0,14:33:5C:6D:AF:58,1,1,ARMED,60,0,0,80:02:9C:61:97:4B,11,149,1699.9,80:02:9C:61:97:4A,2,0,NONE,2026-08-19T12:21:23.883216
45917,,-56,41,519,598,70464,57188,287052,0,99,0,0,0,14:33:5C:6D:AF:58,1,1,ARMED,60,0,0,80:02:9C:61:97:4B,11,49,2826.7,80:02:9C:61:97:4A,2,0,NONE,2026-08-19T12:21:23.916216
45917,,-56,41,1525,1155,70464,57188,287070,0,99,0,0,0,14:33:5C:6D:AF:58,1,1,ARMED,60,0,0,80:02:9C:61:97:4B,11,99,2783.2,80:02:9C:61:97:4A,2,0,NONE,2026-08-19T12:21:23.934216
45917,BEACON,-84,13,0,835,70472,57188,287112,0,99,0,0,0,14:33:5C:6D:AF:58,1,1,ARMED,60,0,1,80:02:9C:61:97:4B,11,149,1918.9,80:02:9C:61:97:4A,2,0,NONE,2026-08-19T12:21:23.976216
45917,,-56,41,519,674,70472,57188,287152,0,99,0,0,0,14:33:5C:6D:AF:58,1,1,ARMED,60,0,0,80:02:9C:61:97:4B,11,33,1909.1,80:02:9C:61:97:4A,2,0,NONE,2026-08-19T12:21:24.016216
45917,,-62,35,0,67,70472,57188,287179,0,99,0,0,0,14:33:5C:6D:AF:58,1,1,ARMED,60,0,0,80:02:9C:61:97:4B,11,83,1871.6,80:02:9C:61:97:4A,2,0,NONE,2026-08-19T12:21:24.043216
45917,,-62,35,494,87,70472,57188,287209,0,99,0,0,0,14:33:5C:6D:AF:58,1,1,ARMED,60,0,0,80:02:9C:61:97:4B,11,133,1804,80:02:9C:61:97:4A,2,0,NONE,2026-08-19T12:21:24.073216
45917,,-56,41,1037,771,70468,57188,287229,0,99,0,0,0,14:33:5C:6D:AF:58,1,1,ARMED,60,0,0,80:02:9C:61:97:4B,11,183,1937.9,80:02:9C:61:97:4A,2,0,NONE,2026-08-19T12:21:24.093216
45917,,-56,41,245,787,70472,57188,287261,0,99,0,0,0,14:33:5C:6D:AF:58,1,1,ARMED,60,0,1,80:02:9C:61:97:4B,11,38,1510.3,80:02:9C:61:97:4A,2,0,NONE,2026-08-19T12:21:24.125216
45917,,-56,41,518,825,70472,57188,287291,0,99,0,0,0,14:33:5C:6D:AF:58,1,1,ARMED,60,0,0,80:02:9C:61:97:4B,11,88,1593,80:02:9C:61:97:4A,2,0,NONE,2026-08-19T12:21:24.155216
45917,,-56,41,519,856,70472,57188,287363,0,99,0,0,0,14:33:5C:6D:AF:58,1,1,ARMED,60,0,0,80:02:9C:61:97:4B,11,18,826.4,80:02:9C:61:97:4A,2,0,NONE,2026-08-19T12:21:24.227216
45917,,-56,41,519,894,70472,57188,287388,0,99,0,0,0,14:33:5C:6D:AF:58,1,1,ARMED,60,0,0,80:02:9C:61:97:4B,11,68,1451.4,80:02:9C:61:97:4A,2,0,NONE,2026-08-19T12:21:24.252216
45917,,-56,41,1230,922,70472,57188,287418,0,99,0,0,0,14:33:5C:6D:AF:58,1,1,ARMED,60,0,0,80:02:9C:61:97:4B,11,118,1544.5,80:02:9C:61:97:4A,2,0,NONE,2026-08-19T12:21:24.282216
45917,,-56,41,518,960,69808,57188,287446,0,99,0,0,0,14:33:5C:6D:AF:58,1,1,ARMED,60,0,0,80:02:9C:61:97:4B,11,5,1092.7,80:02:9C:61:97:4A,2,0,NONE,2026-08-19T12:21:24.310216
45917,,-56,41,518,987,70472,57188,287473,0,99,0,0,0,14:33:5C:6D:AF:58,1,1,ARMED,60,0,0,80:02:9C:61:97:4B,11,55,1782.5,80:02:9C:61:97:4A,2,0,NONE,2026-08-19T12:21:24.337216
45917,,-56,41,519,1018,70472,57188,287493,0,99,0,0,0,14:33:5C:6D:AF:58,1,1,ARMED,60,0,0,80:02:9C:61:97:4B,11,105,2029.9,80:02:9C:61:97:4A,2,0,NONE,2026-08-19T12:21:24.357216
45917,,-71,26,171,3151,69032,57188,287546,0,99,0,0,0,14:33:5C:6D:AF:58,1,1,ARMED,60,0,1,80:02:9C:61:97:4B,11,9,2529.5,80:02:9C:61:97:4A,2,0,NONE,2026-08-19T12:21:24.410216
45917,,-56,41,518,1080,70472,57188,287573,0,99,0,0,0,14:33:5C:6D:AF:58,1,1,ARMED,60,0,0,80:02:9C:61:97:4B,11,59,1887.9,80:02:9C:61:97:4A,2,0,NONE,2026-08-19T12:21:24.437216
45917,MGMT_OTHER,-84,13,51,832,70472,57188,287742,0,99,0,0,0,14:33:5C:6D:AF:58,1,1,ARMED,60,0,1,80:02:9C:61:97:4B,11,22,226.3,80:02:9C:61:97:4A,2,0,NONE,2026-08-19T12:21:24.606216
45917,,-55,42,239,1170,70472,57188,287901,0,99,0,0,0,14:33:5C:6D:AF:58,0,1,ARMED,60,0,0,80:02:9C:61:97:4B,11,9,277.1,80:02:9C:61:97:4A,2,0,NONE,2026-08-19T12:21:24.765216
45917,MGMT_OTHER,-64,33,14113,3829,70472,57188,288237,0,99,0,0,0,14:33:5C:6D:AF:58,0,0,ARMED,60,0,1,80:02:9C:61:97:4B,11,7,114.8,80:02:9C:61:97:4A,2,0,NONE,2026-08-19T12:21:25.101216
45917,,-56,41,202,1085,70472,57188,288508,0,99,0,0,0,14:33:5C:6D:AF:58,0,0,ARMED,60,0,1,80:02:9C:61:97:4B,11,8,318.5,80:02:9C:61:97:4A,2,0,NONE,2026-08-19T12:21:25.372216
45917,MGMT_OTHER,41,41,0,0,70472,57188,288540,0,99,0,0,0,14:33:5C:6D:AF:58,0,0,ARMED,60,0,0,80:02:9C:61:97:4B,11,58,1006,80:02:9C:61:97:4A,2,0,NONE,2026-08-19T12:21:25.404216
45917,,-68,29,0,3058,70472,57188,288566,0,99,0,0,0,14:33:5C:6D:AF:58,0,0,ARMED,60,0,0,80:02:9C:61:97:4B,11,108,1290.1,80:02:9C:61:97:4A,2,0,NONE,2026-08-19T12:21:25.430216
45917,,-56,41,126,1121,70444,57188,288594,0,99,0,0,0,14:33:5C:6D:AF:58,0,1,ARMED,60,0,0,80:02:9C:61:97:4B,11,17,1970.6,80:02:9C:61:97:4A,2,0,NONE,2026-08-19T12:21:25.458216
45917,,-68,29,143,1199,70388,57188,288625,0,99,0,0,0,14:33:5C:6D:AF:58,0,1,ARMED,60,0,0,80:02:9C:61:97:4B,11,67,1690.7,80:02:9C:61:97:4A,2,0,NONE,2026-08-19T12:21:25.489216
45917,BEACON,-85,12,82,2163,70200,57188,288688,0,99,0,0,0,14:33:5C:6D:AF:58,0,1,ARMED,60,0,1,80:02:9C:61:97:4B,11,117,1142.6,80:02:9C:61:97:4A,2,0,NONE,2026-08-19T12:21:25.552216
45917,,-56,41,292,1625,70472,57188,288717,0,99,0,0,0,14:33:5C:6D:AF:58,0,1,ARMED,60,0,0,80:02:9C:61:97:4B,11,50,1702.2,80:02:9C:61:97:4A,2,0,NONE,2026-08-19T12:21:25.581216
45917,,-56,41,177,1161,70472,57188,288824,0,99,0,0,0,14:33:5C:6D:AF:58,1,1,ARMED,60,0,0,80:02:9C:61:97:4B,11,23,669.8,80:02:9C:61:97:4A,2,0,NONE,2026-08-19T12:21:25.688216
45917,,-56,41,388,1171,70472,57188,288929,0,99,0,0,0,14:33:5C:6D:AF:58,1,1,ARMED,60,0,1,80:02:9C:61:97:4B,11,22,598.6,80:02:9C:61:97:4A,2,0,NONE,2026-08-19T12:21:25.793216
45917,,-56,41,513,1197,70472,57188,289004,0,99,0,0,0,14:33:5C:6D:AF:58,0,1,ARMED,60,0,0,80:02:9C:61:97:4B,11,24,2098.3,80:02:9C:61:97:4A,2,0,NONE,2026-08-19T12:21:25.868216
45917,,-56,41,303,1235,69828,57188,289026,0,99,0,0,0,14:33:5C:6D:AF:58,0,1,ARMED,60,0,0,80:02:9C:61:97:4B,11,74,2191.8,80:02:9C:61:97:4A,2,0,NONE,2026-08-19T12:21:25.890216
45917,,-68,29,0,1224,70472,57188,289141,0,99,0,0,0,14:33:5C:6D:AF:58,0,1,ARMED,60,0,0,80:02:9C:61:97:4B,11,18,375.6,80:02:9C:61:97:4A,2,0,NONE,2026-08-19T12:21:26.005216
45917,,-65,32,0,1232,70472,57188,289367,0,99,0,0,0,14:33:5C:6D:AF:58,0,0,ARMED,60,0,1,80:02:9C:61:97:4B,11,17,261.6,80:02:9C:61:97:4A,2,0,NONE,2026-08-19T12:21:26.231216
45917,BEACON,-96,1,82,2611,70472,57188,289739,0,99,0,0,0,14:33:5C:6D:AF:58,0,0,ARMED,60,0,1,80:02:9C:61:97:4B,11,13,125.4,80:02:9C:61:97:4A,2,0,NONE,2026-08-19T12:21:26.603216
45917,,-70,27,0,2620,70472,57188,289991,0,99,0,0,0,14:33:5C:6D:AF:58,0,0,ARMED,60,0,0,80:02:9C:61:97:4B,11,16,311.9,80:02:9C:61:97:4A,2,0,NONE,2026-08-19T12:21:26.855216
45917,MGMT_OTHER,40,40,0,0,70472,57188,290230,0,99,0,0,0,14:33:5C:6D:AF:58,0,0,ARMED,60,0,1,80:02:9C:61:97:4B,11,19,227.6,80:02:9C:61:97:4A,2,0,NONE,2026-08-19T12:21:27.094216
45917,BEACON,-86,11,0,527,70472,57188,290403,0,99,0,0,0,14:33:5C:6D:AF:58,0,1,ARMED,60,0,1,80:02:9C:61:97:4B,11,14,383.3,80:02:9C:61:97:4A,2,0,NONE,2026-08-19T12:21:27.267216
45917,,-68,29,0,244,70472,57188,290597,0,99,0,0,0,14:33:5C:6D:AF:58,0,0,ARMED,60,0,1,80:02:9C:61:97:4B,11,10,374.7,80:02:9C:61:97:4A,2,0,NONE,2026-08-19T12:21:27.461216
45917,BEACON,-93,4,0,800,70472,57188,290684,0,99,0,0,0,14:33:5C:6D:AF:58,0,1,ARMED,60,0,1,80:02:9C:61:97:4B,11,1,104.5,80:02:9C:61:97:4A,2,0,NONE,2026-08-19T12:21:27.548216
45917,MGMT_OTHER,27,27,0,0,70472,57188,290934,0,99,0,0,0,14:33:5C:6D:AF:58,0,0,ARMED,60,0,0,80:02:9C:61:97:4B,11,8,186.4,80:02:9C:61:97:4A,2,0,NONE,2026-08-19T12:21:27.798216
45917,BEACON,-96,1,81,90,70472,57188,291058,0,99,0,0,0,14:33:5C:6D:AF:58,0,1,ARMED,60,0,1,80:02:9C:61:97:4B,11,21,327.3,80:02:9C:61:97:4A,2,0,NONE,2026-08-19T12:21:27.922216
45917,BEACON,-95,2,0,3220,70472,57188,291289,0,99,0,0,0,14:33:5C:6D:AF:58,0,0,ARMED,60,0,1,80:02:9C:61:97:4B,11,15,162.5,80:02:9C:61:97:4A,2,0,NONE,2026-08-19T12:21:28.153216
45917,,-34,63,0,190,70472,57188,291444,0,99,0,0,0,14:33:5C:6D:AF:58,0,1,ARMED,60,0,1,80:02:9C:61:97:4B,11,14,352.5,80:02:9C:61:97:4A,2,0,NONE,2026-08-19T12:21:28.308216
45917,,-57,40,291,1655,70472,57188,291643,0,99,0,0,0,14:33:5C:6D:AF:58,0,1,ARMED,60,0,0,80:02:9C:61:97:4B,11,12,344.7,80:02:9C:61:97:4A,2,0,NONE,2026-08-19T12:21:28.507216
45917,MGMT_OTHER,40,40,0,0,70472,57188,291865,0,99,0,0,0,14:33:5C:6D:AF:58,0,0,ARMED,60,0,0,80:02:9C:61:97:4B,11,9,173.1,80:02:9C:61:97:4A,2,0,NONE,2026-08-19T12:21:28.729216
45917,,-69,28,13554,3160,70472,57188,292122,0,99,0,0,0,14:33:5C:6D:AF:58,0,0,ARMED,60,0,1,80:02:9C:61:97:4B,11,2,1449.3,80:02:9C:61:97:4A,2,0,NONE,2026-08-19T12:21:28.986216
45917,,-55,42,0,1237,70472,57188,292147,0,99,0,0,0,14:33:5C:6D:AF:58,0,0,ARMED,60,0,0,80:02:9C:61:97:4B,11,52,1954.2,80:02:9C:61:97:4A,2,0,NONE,2026-08-19T12:21:29.011216
45917,MGMT_OTHER,40,40,0,0,70472,57188,292330,0,99,0,0,0,14:33:5C:6D:AF:58,0,0,ARMED,60,0,1,80:02:9C:61:97:4B,11,4,755.1,80:02:9C:61:97:4A,2,0,NONE,2026-08-19T12:21:29.194216
45917,PROBE_REQ,-66,31,0,2649,70472,57188,292667,0,99,0,0,0,14:33:5C:6D:AF:58,0,0,ARMED,60,0,1,80:02:9C:61:97:4B,11,6,174.6,80:02:9C:61:97:4A,2,0,NONE,2026-08-19T12:21:29.531216
45917,,-55,42,447,1261,70472,57188,292841,0,99,0,0,0,14:33:5C:6D:AF:58,0,0,ARMED,60,0,0,80:02:9C:61:97:4B,11,7,1923.1,80:02:9C:61:97:4A,2,0,NONE,2026-08-19T12:21:29.705216
45917,,-55,42,286,1286,70472,57188,292880,0,99,0,0,0,14:33:5C:6D:AF:58,0,0,ARMED,60,0,0,80:02:9C:61:97:4B,11,57,1326.8,80:02:9C:61:97:4A,2,0,NONE,2026-08-19T12:21:29.744216
45917,BEACON,-85,12,0,552,70472,57188,292963,0,99,0,0,0,14:33:5C:6D:AF:58,0,1,ARMED,60,0,1,80:02:9C:61:97:4B,11,4,167.5,80:02:9C:61:97:4A,2,0,NONE,2026-08-19T12:21:29.827216
45917,,-55,42,267,1328,70472,57188,293017,0,99,0,0,0,14:33:5C:6D:AF:58,0,1,ARMED,60,0,0,80:02:9C:61:97:4B,11,54,694,80:02:9C:61:97:4A,2,0,NONE,2026-08-19T12:21:29.881216
45917,,-56,41,0,1342,69828,57188,293030,0,99,0,0,0,14:33:5C:6D:AF:58,0,1,ARMED,60,0,1,80:02:9C:61:97:4B,11,104,1151.9,80:02:9C:61:97:4A,2,0,NONE,2026-08-19T12:21:29.894216
45917,MGMT_OTHER,40,40,0,0,70472,57188,293053,0,99,0,0,0,14:33:5C:6D:AF:58,0,1,ARMED,60,0,1,80:02:9C:61:97:4B,11,49,6113.5,80:02:9C:61:97:4A,2,0,NONE,2026-08-19T12:21:29.917216
45917,,-56,41,267,1385,69828,57188,293069,0,99,0,0,0,14:33:5C:6D:AF:58,0,1,ARMED,60,0,0,80:02:9C:61:97:4B,11,99,4053.2,80:02:9C:61:97:4A,2,0,NONE,2026-08-19T12:21:29.933216
45917,,-56,41,250,1402,70472,57188,293097,0,99,0,0,0,14:33:5C:6D:AF:58,0,1,ARMED,60,0,0,80:02:9C:61:97:4B,11,149,2859.7,80:02:9C:61:97:4A,2,0,NONE,2026-08-19T12:21:29.961216
45917,,-56,41,267,1436,70472,57188,293119,0,99,0,0,0,14:33:5C:6D:AF:58,0,1,ARMED,60,0,0,80:02:9C:61:97:4B,11,199,2675.1,80:02:9C:61:97:4A,2,0,NONE,2026-08-19T12:21:29.983216
45917,,-56,41,599,1458,70472,57188,293160,0,99,0,0,0,14:33:5C:6D:AF:58,1,1,ARMED,60,0,0,80:02:9C:61:97:4B,11,34,2352,80:02:9C:61:97:4A,2,0,NONE,2026-08-19T12:21:30.024216
45917,,-56,41,267,1485,68388,57188,293167,0,99,0,0,0,14:33:5C:6D:AF:58,1,1,ARMED,60,0,0,80:02:9C:61:97:4B,11,84,3876,80:02:9C:61:97:4A,2,0,NONE,2026-08-19T12:21:30.031216
45917,,-56,41,267,1511,70472,57188,293188,0,99,0,0,0,14:33:5C:6D:AF:58,1,1,ARMED,60,0,0,80:02:9C:61:97:4B,11,134,3157.6,80:02:9C:61:97:4A,2,0,NONE,2026-08-19T12:21:30.052216
45917,,-56,41,267,1537,70472,57188,293203,0,99,0,0,0,14:33:5C:6D:AF:58,1,1,ARMED,60,0,0,80:02:9C:61:97:4B,11,184,3164.1,80:02:9C:61:97:4A,2,0,NONE,2026-08-19T12:21:30.067216
45917,,-56,41,267,1572,70472,57188,293225,0,99,0,0,0,14:33:5C:6D:AF:58,1,1,ARMED,60,0,0,80:02:9C:61:97:4B,11,234,2940.9,80:02:9C:61:97:4A,2,0,NONE,2026-08-19T12:21:30.089216
45917,,-56,41,522,1596,70472,57188,293253,0,99,0,0,0,14:33:5C:6D:AF:58,1,1,ARMED,60,0,0,80:02:9C:61:97:4B,11,13,2129.8,80:02:9C:61:97:4A,2,0,NONE,2026-08-19T12:21:30.117216
45917,,-56,41,437,1603,70472,57188,293284,0,99,0,0,0,14:33:5C:6D:AF:58,1,1,ARMED,60,0,0,80:02:9C:61:97:4B,11,63,1711.2,80:02:9C:61:97:4A,2,0,NONE,2026-08-19T12:21:30.148216
45917,,-56,41,459,1610,70472,57188,293310,0,99,0,0,0,14:33:5C:6D:AF:58,1,1,ARMED,60,0,0,80:02:9C:61:97:4B,11,113,1782.3,80:02:9C:61:97:4A,2,0,NONE,2026-08-19T12:21:30.174216
45917,,-55,42,287,1629,70472,57188,293331,0,99,0,0,0,14:33:5C:6D:AF:58,1,1,ARMED,60,0,0,80:02:9C:61:97:4B,11,163,1948.5,80:02:9C:61:97:4A,2,0,NONE,2026-08-19T12:21:30.195216
45917,,-56,41,287,1662,70472,57188,293344,0,99,0,0,0,14:33:5C:6D:AF:58,1,1,ARMED,60,0,0,80:02:9C:61:97:4B,11,213,2204.6,80:02:9C:61:97:4A,2,0,NONE,2026-08-19T12:21:30.208216
45917,,-56,41,309,1688,70472,57188,293385,0,99,0,0,0,14:33:5C:6D:AF:58,1,1,ARMED,60,0,0,80:02:9C:61:97:4B,11,49,2829.8,80:02:9C:61:97:4A,2,0,NONE,2026-08-19T12:21:30.249216
45917,,-70,27,411,337,70472,57188,293392,0,99,0,0,0,14:33:5C:6D:AF:58,1,1,ARMED,60,0,1,80:02:9C:61:97:4B,11,99,4069.7,80:02:9C:61:97:4A,2,0,NONE,2026-08-19T12:21:30.256216
45917,MGMT_OTHER,40,40,0,0,70288,57188,293447,0,99,0,0,0,14:33:5C:6D:AF:58,1,1,ARMED,60,0,1,80:02:9C:61:97:4B,11,149,1898.2,80:02:9C:61:97:4A,2,0,NONE,2026-08-19T12:21:30.311216
45917,,-56,41,286,1770,70472,57188,293471,0,99,0,0,0,14:33:5C:6D:AF:58,1,1,ARMED,60,0,0,80:02:9C:61:97:4B,11,7,2361.7,80:02:9C:61:97:4A,2,0,NONE,2026-08-19T12:21:30.335216
45917,,-64,33,0,361,70472,57188,293500,0,99,0,0,0,14:33:5C:6D:AF:58,1,1,ARMED,60,0,0,80:02:9C:61:97:4B,11,57,1823.3,80:02:9C:61:97:4A,2,0,NONE,2026-08-19T12:21:30.364216
45917,,-56,41,286,1836,70472,57188,293513,0,99,0,0,0,14:33:5C:6D:AF:58,1,1,ARMED,60,0,0,80:02:9C:61:97:4B,11,107,2411.4,80:02:9C:61:97:4A,2,0,NONE,2026-08-19T12:21:30.377216
45917,,-70,27,328,375,70472,57188,293538,0,99,0,0,0,14:33:5C:6D:AF:58,1,1,ARMED,60,0,0,80:02:9C:61:97:4B,11,157,2237.5,80:02:9C:61:97:4A,2,0,NONE,2026-08-19T12:21:30.402216
45917,,-56,41,889,1873,70472,57188,293562,0,99,0,0,0,14:33:5C:6D:AF:58,1,1,ARMED,60,0,0,80:02:9C:61:97:4B,11,207,2211.5,80:02:9C:61:97:4A,2,0,NONE,2026-08-19T12:21:30.426216
45917,MGMT_OTHER,28,28,0,0,70472,57188,293595,0,99,0,0,0,14:33:5C:6D:AF:58,1,1,ARMED,60,0,1,80:02:9C:61:97:4B,11,49,2825,80:02:9C:61:97:4A,2,0,NONE,2026-08-19T12:21:30.459216
45917,,-56,41,0,1922,70472,57188,293613,0,99,0,0,0,14:33:5C:6D:AF:58,1,1,ARMED,60,0,1,80:02:9C:61:97:4B,11,99,2735.6,80:02:9C:61:97:4A,2,0,NONE,2026-08-19T12:21:30.477216
45917,,-70,27,0,406,70472,57188,293642,0,99,0,0,0,14:33:5C:6D:AF:58,1,1,ARMED,60,0,0,80:02:9C:61:97:4B,11,149,2285.1,80:02:9C:61:97:4A,2,0,NONE,2026-08-19T12:21:30.506216
45917,,-56,41,467,1968,70472,57188,293695,0,99,0,0,0,14:33:5C:6D:AF:58,1,1,ARMED,60,0,0,80:02:9C:61:97:4B,11,16,1071.4,80:02:9C:61:97:4A,2,0,NONE,2026-08-19T12:21:30.559216
45917,,-56,41,287,2001,69828,57188,293716,0,99,0,0,0,14:33:5C:6D:AF:58,1,1,ARMED,60,0,0,80:02:9C:61:97:4B,11,66,1849.1,80:02:9C:61:97:4A,2,0,NONE,2026-08-19T12:21:30.580216
45917,,-70,27,278,1361,70472,57188,293734,0,99,0,0,0,14:33:5C:6D:AF:58,1,1,ARMED,60,0,1,80:02:9C:61:97:4B,11,116,2152.4,80:02:9C:61:97:4A,2,0,NONE,2026-08-19T12:21:30.598216
45917,,-69,28,447,432,70444,57188,293754,0,99,0,0,0,14:33:5C:6D:AF:58,1,1,ARMED,60,0,1,80:02:9C:61:97:4B,11,166,2242.5,80:02:9C:61:97:4A,2,0,NONE,2026-08-19T12:21:30.618216
45917,MGMT_OTHER,40,40,0,0,70472,57188,293776,0,99,0,0,0,14:33:5C:6D:AF:58,1,1,ARMED,60,0,1,80:02:9C:61:97:4B,11,216,2262.1,80:02:9C:61:97:4A,2,0,NONE,2026-08-19T12:21:30.640216
45917,,-70,27,438,449,70472,57188,293809,0,99,0,0,0,14:33:5C:6D:AF:58,1,1,ARMED,60,0,1,80:02:9C:61:97:4B,11,49,2828.4,80:02:9C:61:97:4A,2,0,NONE,2026-08-19T12:21:30.673216
45917,,-56,41,287,2136,70472,57188,293816,0,99,0,0,0,14:33:5C:6D:AF:58,1,1,ARMED,60,0,0,80:02:9C:61:97:4B,11,99,4067.4,80:02:9C:61:97:4A,2,0,NONE,2026-08-19T12:21:30.680216
45917,,-56,41,573,2171,70472,57188,293836,0,99,0,0,0,14:33:5C:6D:AF:58,1,1,ARMED,60,0,0,80:02:9C:61:97:4B,11,149,3355.4,80:02:9C:61:97:4A,2,0,NONE,2026-08-19T12:21:30.700216
45917,,-56,41,169,2205,70472,57188,293848,0,99,0,0,0,14:33:5C:6D:AF:58,1,1,ARMED,60,0,1,80:02:9C:61:97:4B,11,199,3526.4,80:02:9C:61:97:4A,2,0,NONE,2026-08-19T12:21:30.712216
45917,,-56,41,287,2237,70472,57188,293894,0,99,0,0,0,14:33:5C:6D:AF:58,1,1,ARMED,60,0,0,80:02:9C:61:97:4B,11,2,834.4,80:02:9C:61:97:4A,2,0,NONE,2026-08-19T12:21:30.758216
45917,,-56,41,286,2278,70472,57188,293912,0,99,0,0,0,14:33:5C:6D:AF:58,1,1,ARMED,60,0,0,80:02:9C:61:97:4B,11,52,2575.5,80:02:9C:61:97:4A,2,0,NONE,2026-08-19T12:21:30.776216
45917,,-56,41,286,2302,70472,57188,293932,0,99,0,0,0,14:33:5C:6D:AF:58,1,1,ARMED,60,0,0,80:02:9C:61:97:4B,11,102,2527.5,80:02:9C:61:97:4A,2,0,NONE,2026-08-19T12:21:30.796216
45917,,-56,41,556,2313,70472,57188,293948,0,99,0,0,0,14:33:5C:6D:AF:58,1,1,ARMED,60,0,0,80:02:9C:61:97:4B,11,152,2738.4,80:02:9C:61:97:4A,2,0,NONE,2026-08-19T12:21:30.812216
45917,,-70,27,0,502,69032,57188,294049,0,99,0,0,0,14:33:5C:6D:AF:58,1,1,ARMED,60,0,0,80:02:9C:61:97:4B,11,32,693,80:02:9C:61:97:4A,2,0,NONE,2026-08-19T12:21:30.913216
45917,BEACON,-69,28,49,2665,70472,57188,294067,0,99,0,0,0,14:33:5C:6D:AF:58,1,1,ARMED,60,0,1,80:02:9C:61:97:4B,11,82,1291.7,80:02:9C:61:97:4A,2,0,NONE,2026-08-19T12:21:30.931216
45917,MGMT_OTHER,40,40,0,0,70472,57188,294147,0,99,0,0,0,14:33:5C:6D:AF:58,1,1,ARMED,60,0,0,80:02:9C:61:97:4B,11,29,671.2,80:02:9C:61:97:4A,2,0,NONE,2026-08-19T12:21:31.011216
45917,MGMT_OTHER,40,40,0,0,70472,57188,294284,0,99,0,0,0,14:33:5C:6D:AF:58,1,1,ARMED,60,0,0,80:02:9C:61:97:4B,11,34,448.7,80:02:9C:61:97:4A,2,0,NONE,2026-08-19T12:21:31.148216
45917,MGMT_OTHER,29,29,0,0,70472,57188,294367,0,99,0,0,0,14:33:5C:6D:AF:58,0,1,ARMED,60,0,1,80:02:9C:61:97:4B,11,40,712,80:02:9C:61:97:4A,2,0,NONE,2026-08-19T12:21:31.231216
45917,MGMT_OTHER,29,29,0,0,70472,57188,294520,0,99,0,0,0,14:33:5C:6D:AF:58,1,1,ARMED,60,0,1,80:02:9C:61:97:4B,11,30,295.6,80:02:9C:61:97:4A,2,0,NONE,2026-08-19T12:21:31.384216
45917,MGMT_OTHER,29,29,0,0,70472,57188,294660,0,99,0,0,0,14:33:5C:6D:AF:58,1,1,ARMED,60,0,0,80:02:9C:61:97:4B,11,25,758,80:02:9C:61:97:4A,2,0,NONE,2026-08-19T12:21:31.524216
45917,MGMT_OTHER,30,30,0,0,70472,57188,294792,0,99,0,0,0,14:33:5C:6D:AF:58,1,1,ARMED,60,0,0,80:02:9C:61:97:4B,11,22,381.4,80:02:9C:61:97:4A,2,0,NONE,2026-08-19T12:21:31.656216
45917,,-57,40,0,1703,68904,57188,294917,0,99,0,0,0,14:33:5C:6D:AF:58,0,1,ARMED,60,0,1,80:02:9C:61:97:4B,11,33,401.4,80:02:9C:61:97:4A,2,0,NONE,2026-08-19T12:21:31.781216
45917,,-55,42,134,72,70084,57188,294987,0,99,0,0,0,14:33:5C:6D:AF:58,0,1,ARMED,60,0,1,80:02:9C:61:97:4B,11,32,631,80:02:9C:61:97:4A,2,0,NONE,2026-08-19T12:21:31.851216
45917,MGMT_OTHER,30,30,0,0,70472,57188,295094,0,99,0,0,0,14:33:5C:6D:AF:58,0,1,ARMED,60,0,1,80:02:9C:61:97:4B,11,26,453.2,80:02:9C:61:97:4A,2,0,NONE,2026-08-19T12:21:31.958216
45917,,-71,26,111,1418,70388,57188,295196,0,99,0,0,0,14:33:5C:6D:AF:58,0,1,ARMED,60,0,0,80:02:9C:61:97:4B,11,24,420.4,80:02:9C:61:97:4A,2,0,NONE,2026-08-19T12:21:32.060216
45917,,-70,27,672,1425,70472,57188,295334,0,99,0,0,0,14:33:5C:6D:AF:58,0,1,ARMED,60,0,0,80:02:9C:61:97:4B,11,35,375.5,80:02:9C:61:97:4A,2,0,NONE,2026-08-19T12:21:32.198216
45917,,-70,27,430,3180,70472,57188,295452,0,99,0,0,0,14:33:5C:6D:AF:58,0,1,ARMED,60,0,0,80:02:9C:61:97:4B,11,6,650.6,80:02:9C:61:97:4A,2,0,NONE,2026-08-19T12:21:32.316216
45917,MGMT_OTHER,51,51,0,0,70472,57188,295566,0,99,0,0,0,14:33:5C:6D:AF:58,0,1,ARMED,60,0,0,80:02:9C:61:97:4B,11,6,287.6,80:02:9C:61:97:4A,2,0,NONE,2026-08-19T12:21:32.430216
45917,MGMT_OTHER,41,41,0,0,70472,57188,295627,0,99,0,0,0,14:33:5C:6D:AF:58,0,1,ARMED,60,0,0,80:02:9C:61:97:4B,11,56,680.6,80:02:9C:61:97:4A,2,0,NONE,2026-08-19T12:21:32.491216
45917,,-71,26,356,0,70472,57188,295733,0,99,0,0,0,14:33:5C:6D:AF:58,0,1,ARMED,60,0,0,80:02:9C:61:97:4B,11,49,603.3,80:02:9C:61:97:4A,2,0,NONE,2026-08-19T12:21:32.597216
45917,,-57,40,0,1736,70068,57188,295779,0,99,0,0,0,14:33:5C:6D:AF:58,0,1,ARMED,60,0,0,80:02:9C:61:97:4B,11,32,1352,80:02:9C:61:97:4A,2,0,NONE,2026-08-19T12:21:32.643216
45917,,-69,28,3090,1439,70472,57188,295836,0,99,0,0,0,14:33:5C:6D:AF:58,0,1,ARMED,60,0,1,80:02:9C:61:97:4B,11,82,1021.3,80:02:9C:61:97:4A,2,0,NONE,2026-08-19T12:21:32.700216
45917,BEACON,-68,29,0,2684,70472,57188,295909,0,99,0,0,0,14:33:5C:6D:AF:58,1,1,ARMED,60,0,1,80:02:9C:61:97:4B,11,39,752.8,80:02:9C:61:97:4A,2,0,NONE,2026-08-19T12:21:32.773216
45917,BEACON,-68,29,0,2686,70472,57188,296012,0,99,0,0,0,14:33:5C:6D:AF:58,1,1,ARMED,60,0,1,80:02:9C:61:97:4B,11,24,447.6,80:02:9C:61:97:4A,2,0,NONE,2026-08-19T12:21:32.876216
45917,,-55,42,0,2440,70472,57188,296156,0,99,0,0,0,14:33:5C:6D:AF:58,1,1,ARMED,60,0,1,80:02:9C:61:97:4B,11,36,374,80:02:9C:61:97:4A,2,0,NONE,2026-08-19T12:21:33.020216
45917,,-56,41,0,3770,70472,57188,296261,0,99,0,0,0,14:33:5C:6D:AF:58,0,1,ARMED,60,0,1,80:02:9C:61:97:4B,11,49,548.5,80:02:9C:61:97:4A,2,0,NONE,2026-08-19T12:21:33.125216
45917,,-51,46,8016,42,70472,57188,296389,0,99,0,0,0,14:33:5C:6D:AF:58,0,1,ARMED,60,0,0,80:02:9C:61:97:4B,11,1,122.5,80:02:9C:61:97:4A,2,0,NONE,2026-08-19T12:21:33.253216
45917,,-71,26,3708,2615,70472,57188,296597,0,99,0,0,0,14:33:5C:6D:AF:58,0,0,ARMED,60,0,0,80:02:9C:61:97:4B,11,2,505.7,80:02:9C:61:97:4A,2,0,NONE,2026-08-19T12:21:33.461216
45917,MGMT_OTHER,40,40,0,0,70472,57188,296740,0,99,0,0,0,14:33:5C:6D:AF:58,0,0,ARMED,60,0,1,80:02:9C:61:97:4B,11,25,544.1,80:02:9C:61:97:4A,2,0,NONE,2026-08-19T12:21:33.604216
45917,,-34,63,0,211,70472,57188,296963,0,99,0,0,0,14:33:5C:6D:AF:58,0,0,ARMED,60,0,0,80:02:9C:61:97:4B,11,25,400.1,80:02:9C:61:97:4A,2,0,NONE,2026-08-19T12:21:33.827216
45917,MGMT_OTHER,30,30,0,0,70472,57188,297126,0,99,0,0,0,14:33:5C:6D:AF:58,0,1,ARMED,60,0,0,80:02:9C:61:97:4B,11,2,2000,80:02:9C:61:97:4A,2,0,NONE,2026-08-19T12:21:33.990216
45917,,-69,28,524,3234,69668,57188,297210,0,99,0,0,0,14:33:5C:6D:AF:58,0,1,ARMED,60,0,0,80:02:9C:61:97:4B,11,52,617.6,80:02:9C:61:97:4A,2,0,NONE,2026-08-19T12:21:34.074216
45917,MGMT_OTHER,42,42,0,0,70472,57188,297237,0,99,0,0,0,14:33:5C:6D:AF:58,0,1,ARMED,60,0,1,80:02:9C:61:97:4B,11,18,1593.2,80:02:9C:61:97:4A,2,0,NONE,2026-08-19T12:21:34.101216
45917,MGMT_OTHER,30,30,0,0,70472,57188,297271,0,99,0,0,0,14:33:5C:6D:AF:58,0,1,ARMED,60,0,0,80:02:9C:61:97:4B,11,68,1493.8,80:02:9C:61:97:4A,2,0,NONE,2026-08-19T12:21:34.135216
45917,MGMT_OTHER,31,31,0,0,70472,57188,297333,0,99,0,0,0,14:33:5C:6D:AF:58,0,1,ARMED,60,0,0,80:02:9C:61:97:4B,11,4,536.8,80:02:9C:61:97:4A,2,0,NONE,2026-08-19T12:21:34.197216
45917,,-70,27,1929,1489,70472,57188,297425,0,99,0,0,0,14:33:5C:6D:AF:58,0,1,ARMED,60,0,0,80:02:9C:61:97:4B,11,54,543.2,80:02:9C:61:97:4A,2,0,NONE,2026-08-19T12:21:34.289216
45917,MGMT_OTHER,31,31,0,0,70472,57188,297534,0,99,0,0,0,14:33:5C:6D:AF:58,0,1,ARMED,60,0,0,80:02:9C:61:97:4B,11,2,818,80:02:9C:61:97:4A,2,0,NONE,2026-08-19T12:21:34.398216
45917,MGMT_OTHER,30,30,0,0,70412,57188,297715,0,99,0,0,0,14:33:5C:6D:AF:58,0,0,ARMED,60,0,0,80:02:9C:61:97:4B,11,36,427.6,80:02:9C:61:97:4A,2,0,NONE,2026-08-19T12:21:34.579216
45917,MGMT_OTHER,30,30,0,0,70472,57188,297848,0,99,0,0,0,14:33:5C:6D:AF:58,0,1,ARMED,60,0,0,80:02:9C:61:97:4B,11,3,182.4,80:02:9C:61:97:4A,2,0,NONE,2026-08-19T12:21:34.712216
45917,,-53,44,499,46,70472,57188,298020,0,99,0,0,0,14:33:5C:6D:AF:58,0,0,ARMED,60,0,1,80:02:9C:61:97:4B,11,30,353.7,80:02:9C:61:97:4A,2,0,NONE,2026-08-19T12:21:34.884216
45917,MGMT_OTHER,30,30,0,0,70472,57188,298191,0,99,0,0,0,14:33:5C:6D:AF:58,0,0,ARMED,60,0,1,80:02:9C:61:97:4B,11,18,383.9,80:02:9C:61:97:4A,2,0,NONE,2026-08-19T12:21:35.055216
45917,MGMT_OTHER,42,42,0,0,70472,57188,298395,0,99,0,0,0,14:33:5C:6D:AF:58,1,0,ARMED,60,0,0,80:02:9C:61:97:4B,11,19,395.9,80:02:9C:61:97:4A,2,0,NONE,2026-08-19T12:21:35.259216
45917,MGMT_OTHER,30,30,0,0,70472,57188,298473,0,99,0,0,0,14:33:5C:6D:AF:58,1,1,ARMED,60,0,0,80:02:9C:61:97:4B,11,11,486.6,80:02:9C:61:97:4A,2,0,NONE,2026-08-19T12:21:35.337216
45917,BEACON,-66,31,0,2716,70472,57188,298572,0,99,0,0,0,14:33:5C:6D:AF:58,1,1,ARMED,60,0,1,80:02:9C:61:97:4B,11,2,97.1,80:02:9C:61:97:4A,2,0,NONE,2026-08-19T12:21:35.436216
45917,MGMT_OTHER,42,42,0,0,70472,57188,298667,0,99,0,0,0,14:33:5C:6D:AF:58,0,1,ARMED,60,0,0,80:02:9C:61:97:4B,11,5,392.3,80:02:9C:61:97:4A,2,0,NONE,2026-08-19T12:21:35.531216
45917,MGMT_OTHER,30,30,0,0,70472,57188,298816,0,99,0,0,0,14:33:5C:6D:AF:58,1,1,ARMED,60,0,0,80:02:9C:61:97:4B,11,22,391.3,80:02:9C:61:97:4A,2,0,NONE,2026-08-19T12:21:35.680216
45917,,-55,42,10132,1298,70472,57188,298990,0,99,0,0,0,14:33:5C:6D:AF:58,1,1,ARMED,60,0,1,80:02:9C:61:97:4B,11,6,357.2,80:02:9C:61:97:4A,2,0,NONE,2026-08-19T12:21:35.854216
45917,,-57,40,0,1782,68904,57188,299141,0,99,0,0,0,14:33:5C:6D:AF:58,1,0,ARMED,60,0,0,80:02:9C:61:97:4B,11,33,500.7,80:02:9C:61:97:4A,2,0,NONE,2026-08-19T12:21:36.005216
45917,MGMT_OTHER,30,30,0,0,70472,57188,299214,0,99,0,0,0,14:33:5C:6D:AF:58,1,1,ARMED,60,0,0,80:02:9C:61:97:4B,11,10,261,80:02:9C:61:97:4A,2,0,NONE,2026-08-19T12:21:36.078216
45917,MGMT_OTHER,28,28,0,0,70340,57188,299494,0,99,0,0,0,14:33:5C:6D:AF:58,0,0,ARMED,60,0,1,80:02:9C:61:97:4B,11,1,861.3,80:02:9C:61:97:4A,2,0,NONE,2026-08-19T12:21:36.358216
45917,MGMT_OTHER,28,28,0,0,70472,57188,299706,0,99,0,0,0,14:33:5C:6D:AF:58,0,0,ARMED,60,0,0,80:02:9C:61:97:4B,11,3,415.3,80:02:9C:61:97:4A,2,0,NONE,2026-08-19T12:21:36.570216
45917,MGMT_OTHER,-72,25,14568,3632,70472,57188,299927,0,99,0,0,0,14:33:5C:6D:AF:58,0,0,ARMED,60,0,1,80:02:9C:61:97:4B,11,6,268.1,80:02:9C:61:97:4A,2,0,NONE,2026-08-19T12:21:36.791216
45917,,-66,31,19518,278,70472,57188,300127,0,99,0,0,0,14:33:5C:6D:AF:58,0,0,ARMED,60,0,1,80:02:9C:61:97:4B,11,1,55.2,80:02:9C:61:97:4A,2,0,NONE,2026-08-19T12:21:36.991216
45917,,-75,22,46,1121,70472,57188,300359,0,99,0,0,0,14:33:5C:6D:AF:58,0,0,ARMED,60,0,1,80:02:9C:61:97:4B,11,15,342.9,80:02:9C:61:97:4A,2,0,NONE,2026-08-19T12:21:37.223216
45917,BEACON,-89,8,0,2293,70472,57188,300771,0,99,0,0,0,14:33:5C:6D:AF:58,0,0,ARMED,60,0,1,80:02:9C:61:97:4B,11,3,76.8,80:02:9C:61:97:4A,2,0,NONE,2026-08-19T12:21:37.635216
45917,,-56,41,3007,2471,70472,57188,301037,0,99,0,0,0,14:33:5C:6D:AF:58,0,0,ARMED,60,0,0,80:02:9C:61:97:4B,11,20,231,80:02:9C:61:97:4A,2,0,NONE,2026-08-19T12:21:37.901216
45917,,-55,42,279,2500,70472,57188,301058,0,99,0,0,0,14:33:5C:6D:AF:58,0,1,ARMED,60,0,0,80:02:9C:61:97:4B,11,2,2000,80:02:9C:61:97:4A,2,0,NONE,2026-08-19T12:21:37.922216
45917,,-69,28,737,3259,70472,57188,301103,0,99,0,0,0,14:33:5C:6D:AF:58,0,1,ARMED,60,0,1,80:02:9C:61:97:4B,11,52,1131.4,80:02:9C:61:97:4A,2,0,NONE,2026-08-19T12:21:37.967216
45917,,-69,28,13621,1535,70472,57188,301231,0,99,0,0,0,14:33:5C:6D:AF:58,0,1,ARMED,60,0,1,80:02:9C:61:97:4B,11,11,149.3,80:02:9C:61:97:4A,2,0,NONE,2026-08-19T12:21:38.095216
45917,MGMT_OTHER,47,47,0,0,70472,57188,301442,0,99,0,0,0,14:33:5C:6D:AF:58,0,0,ARMED,60,0,1,80:02:9C:61:97:4B,11,17,207,80:02:9C:61:97:4A,2,0,NONE,2026-08-19T12:21:38.306216
45917,BEACON,-87,10,0,1471,70472,57188,301786,0,99,0,0,0,14:33:5C:6D:AF:58,0,0,ARMED,60,0,1,80:02:9C:61:97:4B,11,1,62.3,80:02:9C:61:97:4A,2,0,NONE,2026-08-19T12:21:38.650216
45917,,-55,42,3954,1331,70472,57188,301931,0,99,0,0,0,14:33:5C:6D:AF:58,0,0,ARMED,60,0,0,80:02:9C:61:97:4B,11,32,545,80:02:9C:61:97:4A,2,0,NONE,2026-08-19T12:21:38.795216
45917,MGMT_OTHER,41,41,0,0,70472,57188,302208,0,99,0,0,0,14:33:5C:6D:AF:58,0,0,ARMED,60,0,0,80:02:9C:61:97:4B,11,4,141.1,80:02:9C:61:97:4A,2,0,NONE,2026-08-19T12:21:39.072216
45917,BEACON,-93,4,0,202,70472,57188,302529,0,99,0,0,0,14:33:5C:6D:AF:58,0,0,ARMED,60,0,1,80:02:9C:61:97:4B,11,9,206.2,80:02:9C:61:97:4A,2,0,NONE,2026-08-19T12:21:39.393216
45917,,-55,42,1048,1343,70472,57188,302650,0,99,0,0,0,14:33:5C:6D:AF:58,0,0,ARMED,60,0,0,80:02:9C:61:97:4B,11,40,653.3,80:02:9C:61:97:4A,2,0,NONE,2026-08-19T12:21:39.514216
45917,BEACON,-94,3,0,207,70472,57188,303041,0,99,0,0,0,14:33:5C:6D:AF:58,0,0,ARMED,60,0,1,80:02:9C:61:97:4B,11,7,263,80:02:9C:61:97:4A,2,0,NONE,2026-08-19T12:21:39.905216
45917,BEACON,-70,27,50,2769,70472,57188,303384,0,99,0,0,0,14:33:5C:6D:AF:58,0,0,ARMED,60,0,1,80:02:9C:61:97:4B,11,18,289.6,80:02:9C:61:97:4A,2,0,NONE,2026-08-19T12:21:40.248216
45917,,-69,28,979,534,70472,57188,303490,0,99,0,0,0,14:33:5C:6D:AF:58,0,0,ARMED,60,0,1,80:02:9C:61:97:4B,11,44,772.1,80:02:9C:61:97:4A,2,0,NONE,2026-08-19T12:21:40.354216
45917,,-55,42,354,2595,70472,57188,303512,0,99,0,0,0,14:33:5C:6D:AF:58,0,0,ARMED,60,0,1,80:02:9C:61:97:4B,11,94,1190.2,80:02:9C:61:97:4A,2,0,NONE,2026-08-19T12:21:40.376216
45917,,-55,42,282,2633,70472,57188,303541,0,99,0,0,0,14:33:5C:6D:AF:58,0,1,ARMED,60,0,0,80:02:9C:61:97:4B,11,49,9622.9,80:02:9C:61:97:4A,2,0,NONE,2026-08-19T12:21:40.405216
45917,,-55,42,267,2668,69828,57188,303549,0,99,0,0,0,14:33:5C:6D:AF:58,0,1,ARMED,60,0,0,80:02:9C:61:97:4B,11,99,7903.6,80:02:9C:61:97:4A,2,0,NONE,2026-08-19T12:21:40.413216
45917,,-55,42,266,2698,67744,57188,303569,0,99,0,0,0,14:33:5C:6D:AF:58,0,1,ARMED,60,0,0,80:02:9C:61:97:4B,11,149,4551.6,80:02:9C:61:97:4A,2,0,NONE,2026-08-19T12:21:40.433216
45917,,-54,43,267,2727,69828,57188,303578,0,99,0,0,0,14:33:5C:6D:AF:58,0,1,ARMED,60,0,0,80:02:9C:61:97:4B,11,199,4709.5,80:02:9C:61:97:4A,2,0,NONE,2026-08-19T12:21:40.442216
45917,,-69,28,443,586,70472,57188,303623,0,99,0,0,0,14:33:5C:6D:AF:58,0,1,ARMED,60,0,1,80:02:9C:61:97:4B,11,249,2877.7,80:02:9C:61:97:4A,2,0,NONE,2026-08-19T12:21:40.487216
45917,,-55,42,365,2800,69828,57188,303642,0,99,0,0,0,14:33:5C:6D:AF:58,0,1,ARMED,60,0,0,80:02:9C:61:97:4B,11,14,2552.9,80:02:9C:61:97:4A,2,0,NONE,2026-08-19T12:21:40.506216
45917,,-55,42,437,2841,69184,57188,303662,0,99,0,0,0,14:33:5C:6D:AF:58,0,1,ARMED,60,0,0,80:02:9C:61:97:4B,11,64,2499.6,80:02:9C:61:97:4A,2,0,NONE,2026-08-19T12:21:40.526216
45917,,-55,42,282,2875,70472,57188,303680,0,99,0,0,0,14:33:5C:6D:AF:58,0,1,ARMED,60,0,0,80:02:9C:61:97:4B,11,114,2613.9,80:02:9C:61:97:4A,2,0,NONE,2026-08-19T12:21:40.544216
45917,,-55,42,267,2902,70472,57188,303703,0,99,0,0,0,14:33:5C:6D:AF:58,0,1,ARMED,60,0,0,80:02:9C:61:97:4B,11,164,2446.7,80:02:9C:61:97:4A,2,0,NONE,2026-08-19T12:21:40.567216
45917,,-68,29,0,622,70472,57188,303723,0,99,0,0,0,14:33:5C:6D:AF:58,0,1,ARMED,60,0,0,80:02:9C:61:97:4B,11,214,2468.2,80:02:9C:61:97:4A,2,0,NONE,2026-08-19T12:21:40.587216
45917,,-55,42,267,2973,70472,57188,303764,0,99,0,0,0,14:33:5C:6D:AF:58,1,1,ARMED,60,0,0,80:02:9C:61:97:4B,11,49,2826.7,80:02:9C:61:97:4A,2,0,NONE,2026-08-19T12:21:40.628216
45917,,-55,42,266,3012,69032,57188,303771,0,99,0,0,0,14:33:5C:6D:AF:58,1,1,ARMED,60,0,0,80:02:9C:61:97:4B,11,99,4058.5,80:02:9C:61:97:4A,2,0,NONE,2026-08-19T12:21:40.635216
45917,,-55,42,565,3070,70472,57188,303795,0,99,0,0,0,14:33:5C:6D:AF:58,1,1,ARMED,60,0,0,80:02:9C:61:97:4B,11,149,3096.2,80:02:9C:61:97:4A,2,0,NONE,2026-08-19T12:21:40.659216
45917,,-69,28,0,654,70472,57188,303802,0,99,0,0,0,14:33:5C:6D:AF:58,1,1,ARMED,60,0,0,80:02:9C:61:97:4B,11,199,3594.1,80:02:9C:61:97:4A,2,0,NONE,2026-08-19T12:21:40.666216
45917,,-54,43,159,3127,70472,57188,303855,0,99,0,0,0,14:33:5C:6D:AF:58,1,1,ARMED,60,0,1,80:02:9C:61:97:4B,11,28,3472.2,80:02:9C:61:97:4A,2,0,NONE,2026-08-19T12:21:40.719216
45917,,-68,29,438,668,70472,57188,303874,0,99,0,0,0,14:33:5C:6D:AF:58,1,1,ARMED,60,0,1,80:02:9C:61:97:4B,11,78,2961.8,80:02:9C:61:97:4A,2,0,NONE,2026-08-19T12:21:40.738216
45917,MGMT_OTHER,41,41,0,0,70472,57188,303894,0,99,0,0,0,14:33:5C:6D:AF:58,1,1,ARMED,60,0,1,80:02:9C:61:97:4B,11,128,2759.1,80:02:9C:61:97:4A,2,0,NONE,2026-08-19T12:21:40.758216
45917,,-55,42,303,3224,70472,57188,303927,0,99,0,0,0,14:33:5C:6D:AF:58,1,1,ARMED,60,0,0,80:02:9C:61:97:4B,11,178,2231.9,80:02:9C:61:97:4A,2,0,NONE,2026-08-19T12:21:40.791216
45917,,-55,42,287,3273,70472,57188,303947,0,99,0,0,0,14:33:5C:6D:AF:58,1,1,ARMED,60,0,0,80:02:9C:61:97:4B,11,228,2281.1,80:02:9C:61:97:4A,2,0,NONE,2026-08-19T12:21:40.811216
45917,,-54,43,0,3308,70472,57188,303962,0,99,0,0,0,14:33:5C:6D:AF:58,1,1,ARMED,60,0,1,80:02:9C:61:97:4B,11,49,3923.8,80:02:9C:61:97:4A,2,0,NONE,2026-08-19T12:21:40.826216
45917,,-50,47,278,92,69032,57188,303993,0,99,0,0,0,14:33:5C:6D:AF:58,1,1,ARMED,60,0,1,80:02:9C:61:97:4B,11,99,2285.2,80:02:9C:61:97:4A,2,0,NONE,2026-08-19T12:21:40.857216
45917,,-54,43,557,3393,69828,57188,304001,0,99,0,0,0,14:33:5C:6D:AF:58,1,1,ARMED,60,0,0,80:02:9C:61:97:4B,11,149,2921.9,80:02:9C:61:97:4A,2,0,NONE,2026-08-19T12:21:40.865216
45917,BEACON,-95,2,34905,218,70472,57188,304169,0,99,0,0,0,14:33:5C:6D:AF:58,1,0,ARMED,60,0,1,80:02:9C:61:97:4B,11,15,140.8,80:02:9C:61:97:4A,2,0,NONE,2026-08-19T12:21:41.033216
45917,,-71,26,12122,1572,70472,57188,304568,0,99,0,0,0,14:33:5C:6D:AF:58,0,0,ARMED,60,0,1,80:02:9C:61:97:4B,11,10,116.6,80:02:9C:61:97:4A,2,0,NONE,2026-08-19T12:21:41.432216
45917,PROBE_RESP,-93,4,0,2187,70472,57188,304796,0,99,0,0,0,14:33:5C:6D:AF:58,0,1,ARMED,60,0,1,80:02:9C:61:97:4B,11,1,215.9,80:02:9C:61:97:4A,2,0,NONE,2026-08-19T12:21:41.660216
45917,BEACON,-83,14,0,1504,70472,57188,305165,0,99,0,0,0,14:33:5C:6D:AF:58,0,0,ARMED,60,0,1,80:02:9C:61:97:4B,11,5,95.6,80:02:9C:61:97:4A,2,0,NONE,2026-08-19T12:21:42.029216
45917,BEACON,-91,6,0,231,70472,57188,305496,0,99,0,0,0,14:33:5C:6D:AF:58,0,0,ARMED,60,0,1,80:02:9C:61:97:4B,11,9,140.5,80:02:9C:61:97:4A,2,0,NONE,2026-08-19T12:21:42.360216
45917,BEACON,-81,16,0,1512,70472,57188,305984,0,99,0,0,0,14:33:5C:6D:AF:58,0,0,ARMED,60,0,1,80:02:9C:61:97:4B,11,5,120.1,80:02:9C:61:97:4A,2,0,NONE,2026-08-19T12:21:42.848216
45917,,-55,42,0,1390,70472,57188,306115,0,99,0,0,0,14:33:5C:6D:AF:58,0,0,ARMED,60,0,0,80:02:9C:61:97:4B,11,44,643.6,80:02:9C:61:97:4A,2,0,NONE,2026-08-19T12:21:42.979216
45917,PROBE_REQ,-92,5,0,3,70472,57188,306449,0,99,0,0,0,14:33:5C:6D:AF:58,0,0,ARMED,60,0,0,80:02:9C:61:97:4B,11,12,126.4,80:02:9C:61:97:4A,2,0,NONE,2026-08-19T12:21:43.313216
45917,,-55,42,1258,1899,70472,57188,306669,0,99,0,0,0,14:33:5C:6D:AF:58,0,0,ARMED,60,0,0,80:02:9C:61:97:4B,11,33,380,80:02:9C:61:97:4A,2,0,NONE,2026-08-19T12:21:43.533216
45917,BEACON,-94,3,0,245,70472,57188,306932,0,99,0,0,0,14:33:5C:6D:AF:58,0,0,ARMED,60,0,1,80:02:9C:61:97:4B,11,5,118.8,80:02:9C:61:97:4A,2,0,NONE,2026-08-19T12:21:43.796216
45917,MGMT_OTHER,42,42,0,0,70472,57188,307145,0,99,0,0,0,14:33:5C:6D:AF:58,0,0,ARMED,60,0,0,80:02:9C:61:97:4B,11,17,336.2,80:02:9C:61:97:4A,2,0,NONE,2026-08-19T12:21:44.009216
45917,MGMT_OTHER,40,40,0,0,70472,57188,307285,0,99,0,0,0,14:33:5C:6D:AF:58,0,1,ARMED,60,0,0,80:02:9C:61:97:4B,11,27,307.1,80:02:9C:61:97:4A,2,0,NONE,2026-08-19T12:21:44.149216
45917,,-71,26,0,1296,70472,57188,307474,0,99,0,0,0,14:33:5C:6D:AF:58,0,1,ARMED,60,0,1,80:02:9C:61:97:4B,11,18,249.5,80:02:9C:61:97:4A,2,0,NONE,2026-08-19T12:21:44.338216
45917,MGMT_OTHER,41,41,0,0,70472,57188,307557,0,99,0,0,0,14:33:5C:6D:AF:58,0,1,ARMED,60,0,1,80:02:9C:61:97:4B,11,18,327,80:02:9C:61:97:4A,2,0,NONE,2026-08-19T12:21:44.421216
45917,MGMT_OTHER,32,32,0,0,70472,57188,307704,0,99,0,0,0,14:33:5C:6D:AF:58,0,0,ARMED,60,0,0,80:02:9C:61:97:4B,11,43,442.6,80:02:9C:61:97:4A,2,0,NONE,2026-08-19T12:21:44.568216
45917,MGMT_OTHER,42,42,0,0,70472,57188,307747,0,99,0,0,0,14:33:5C:6D:AF:58,0,1,ARMED,60,0,0,80:02:9C:61:97:4B,11,46,1134.6,80:02:9C:61:97:4A,2,0,NONE,2026-08-19T12:21:44.611216
45917,MGMT_OTHER,31,31,0,0,70472,57188,307792,0,99,0,0,0,14:33:5C:6D:AF:58,0,1,ARMED,60,0,0,80:02:9C:61:97:4B,11,96,1127.8,80:02:9C:61:97:4A,2,0,NONE,2026-08-19T12:21:44.656216
45917,MGMT_OTHER,32,32,0,0,70472,57188,307831,0,99,0,0,0,14:33:5C:6D:AF:58,0,1,ARMED,60,0,0,80:02:9C:61:97:4B,11,28,1170.2,80:02:9C:61:97:4A,2,0,NONE,2026-08-19T12:21:44.695216
45917,MGMT_OTHER,41,41,0,0,70472,57188,307878,0,99,0,0,0,14:33:5C:6D:AF:58,0,1,ARMED,60,0,0,80:02:9C:61:97:4B,11,78,1098,80:02:9C:61:97:4A,2,0,NONE,2026-08-19T12:21:44.742216
45917,MGMT_OTHER,42,42,0,0,70472,57188,307943,0,99,0,0,0,14:33:5C:6D:AF:58,0,1,ARMED,60,0,0,80:02:9C:61:97:4B,11,19,535.1,80:02:9C:61:97:4A,2,0,NONE,2026-08-19T12:21:44.807216
45917,,-33,64,0,228,70472,57188,308070,0,99,0,0,0,14:33:5C:6D:AF:58,1,1,ARMED,60,0,1,80:02:9C:61:97:4B,11,8,128.3,80:02:9C:61:97:4A,2,0,NONE,2026-08-19T12:21:44.934216
45917,MGMT_OTHER,42,42,0,0,70472,57188,308182,0,99,0,0,0,14:33:5C:6D:AF:58,1,0,ARMED,60,0,0,80:02:9C:61:97:4B,11,40,539,80:02:9C:61:97:4A,2,0,NONE,2026-08-19T12:21:45.046216
45917,MGMT_OTHER,42,42,0,0,70472,57188,308253,0,99,0,0,0,14:33:5C:6D:AF:58,1,1,ARMED,60,0,0,80:02:9C:61:97:4B,11,22,492.1,80:02:9C:61:97:4A,2,0,NONE,2026-08-19T12:21:45.117216
45917,MGMT_OTHER,41,41,0,0,70472,57188,308379,0,99,0,0,0,14:33:5C:6D:AF:58,1,1,ARMED,60,0,0,80:02:9C:61:97:4B,11,15,216.1,80:02:9C:61:97:4A,2,0,NONE,2026-08-19T12:21:45.243216
45917,BEACON,-84,13,0,483,70472,57188,308510,0,99,0,0,0,14:33:5C:6D:AF:58,0,0,ARMED,60,0,1,80:02:9C:61:97:4B,11,40,400.5,80:02:9C:61:97:4A,2,0,NONE,2026-08-19T12:21:45.374216
45917,MGMT_OTHER,31,31,0,0,70472,57188,308635,0,99,0,0,0,14:33:5C:6D:AF:58,0,1,ARMED,60,0,0,80:02:9C:61:97:4B,11,5,268.9,80:02:9C:61:97:4A,2,0,NONE,2026-08-19T12:21:45.499216
45917,,-71,26,0,3085,70472,57188,308781,0,99,0,0,0,14:33:5C:6D:AF:58,0,1,ARMED,60,0,1,80:02:9C:61:97:4B,11,20,323.6,80:02:9C:61:97:4A,2,0,NONE,2026-08-19T12:21:45.645216
45917,MGMT_OTHER,32,32,0,0,70472,57188,308916,0,99,0,0,0,14:33:5C:6D:AF:58,0,1,ARMED,60,0,0,80:02:9C:61:97:4B,11,31,326.2,80:02:9C:61:97:4A,2,0,NONE,2026-08-19T12:21:45.780216
45917,MGMT_OTHER,42,42,0,0,70472,57188,309048,0,99,0,0,0,14:33:5C:6D:AF:58,0,1,ARMED,60,0,0,80:02:9C:61:97:4B,11,10,1803.1,80:02:9C:61:97:4A,2,0,NONE,2026-08-19T12:21:45.912216
45917,MGMT_OTHER,42,42,0,0,70472,57188,309150,0,99,0,0,0,14:33:5C:6D:AF:58,0,1,ARMED,60,0,0,80:02:9C:61:97:4B,11,9,1243.8,80:02:9C:61:97:4A,2,0,NONE,2026-08-19T12:21:46.014216
45917,MGMT_OTHER,41,41,0,0,70472,57188,309430,0,99,0,0,0,14:33:5C:6D:AF:58,0,0,ARMED,60,0,0,80:02:9C:61:97:4B,11,23,277.1,80:02:9C:61:97:4A,2,0,NONE,2026-08-19T12:21:46.294216
45917,MGMT_OTHER,32,32,0,0,70472,57188,309532,0,99,0,0,0,14:33:5C:6D:AF:58,0,1,ARMED,60,0,1,80:02:9C:61:97:4B,11,34,405.8,80:02:9C:61:97:4A,2,0,NONE,2026-08-19T12:21:46.396216
45917,MGMT_OTHER,33,33,0,0,70472,57188,309610,0,99,0,0,0,14:33:5C:6D:AF:58,0,1,ARMED,60,0,0,80:02:9C:61:97:4B,11,43,702.9,80:02:9C:61:97:4A,2,0,NONE,2026-08-19T12:21:46.474216
45917,,-71,26,616,0,70472,57188,309770,0,99,0,0,0,14:33:5C:6D:AF:58,1,0,ARMED,60,0,0,80:02:9C:61:97:4B,11,5,262.6,80:02:9C:61:97:4A,2,0,NONE,2026-08-19T12:21:46.634216
45917,,-34,63,26069,229,70472,57188,309982,0,99,0,0,0,14:33:5C:6D:AF:58,0,0,ARMED,60,0,1,80:02:9C:61:97:4B,11,2,97.5,80:02:9C:61:97:4A,2,0,NONE,2026-08-19T12:21:46.846216
45917,MGMT_OTHER,42,42,0,0,70472,57188,310094,0,99,0,0,0,14:33:5C:6D:AF:58,0,1,ARMED,60,0,0,80:02:9C:61:97:4B,11,17,571.9,80:02:9C:61:97:4A,2,0,NONE,2026-08-19T12:21:46.958216
45917,MGMT_OTHER,41,41,0,0,70472,57188,310233,0,99,0,0,0,14:33:5C:6D:AF:58,1,1,ARMED,60,0,0,80:02:9C:61:97:4B,11,24,364.7,80:02:9C:61:97:4A,2,0,NONE,2026-08-19T12:21:47.097216
45917,MGMT_OTHER,51,51,0,0,70472,57188,310329,0,99,0,0,0,14:33:5C:6D:AF:58,1,1,ARMED,60,0,0,80:02:9C:61:97:4B,11,24,412.7,80:02:9C:61:97:4A,2,0,NONE,2026-08-19T12:21:47.193216
45917,MGMT_OTHER,51,51,0,0,70472,57188,310415,0,99,0,0,0,14:33:5C:6D:AF:58,0,1,ARMED,60,0,0,80:02:9C:61:97:4B,11,22,529.9,80:02:9C:61:97:4A,2,0,NONE,2026-08-19T12:21:47.279216
45917,MGMT_OTHER,41,41,0,0,70472,57188,310494,0,99,0,0,0,14:33:5C:6D:AF:58,0,1,ARMED,60,0,0,80:02:9C:61:97:4B,11,10,511.5,80:02:9C:61:97:4A,2,0,NONE,2026-08-19T12:21:47.358216
45917,BEACON,-93,4,0,2816,70472,57188,310729,0,99,0,0,0,14:33:5C:6D:AF:58,0,0,ARMED,60,0,1,80:02:9C:61:97:4B,11,8,158.9,80:02:9C:61:97:4A,2,0,NONE,2026-08-19T12:21:47.593216
45917,MGMT_OTHER,42,42,0,0,70472,57188,310936,0,99,0,0,0,14:33:5C:6D:AF:58,0,0,ARMED,60,0,0,80:02:9C:61:97:4B,11,20,376.9,80:02:9C:61:97:4A,2,0,NONE,2026-08-19T12:21:47.800216
45917,BEACON,-94,3,0,286,70472,57188,311130,0,99,0,0,0,14:33:5C:6D:AF:58,0,0,ARMED,60,0,1,80:02:9C:61:97:4B,11,12,285.8,80:02:9C:61:97:4A,2,0,NONE,2026-08-19T12:21:47.994216
45917,MGMT_OTHER,-72,25,770,3653,70472,57188,311410,0,99,0,0,0,14:33:5C:6D:AF:58,0,0,ARMED,60,0,1,80:02:9C:61:97:4B,11,3,201.6,80:02:9C:61:97:4A,2,0,NONE,2026-08-19T12:21:48.274216
45917,MGMT_OTHER,42,42,0,0,70472,57188,311714,0,99,0,0,0,14:33:5C:6D:AF:58,0,0,ARMED,60,0,0,80:02:9C:61:97:4B,11,2,171.7,80:02:9C:61:97:4A,2,0,NONE,2026-08-19T12:21:48.578216
45917,MGMT_OTHER,7,7,0,0,70472,57188,311980,0,99,0,0,0,14:33:5C:6D:AF:58,0,0,ARMED,60,0,1,80:02:9C:61:97:4B,11,10,137,80:02:9C:61:97:4A,2,0,NONE,2026-08-19T12:21:48.844216
45917,MGMT_OTHER,42,42,0,0,70472,57188,312071,0,99,0,0,0,14:33:5C:6D:AF:58,0,0,ARMED,60,0,0,80:02:9C:61:97:4B,11,43,681.6,80:02:9C:61:97:4A,2,0,NONE,2026-08-19T12:21:48.935216
45917,MGMT_OTHER,27,27,0,0,70472,57188,312150,0,99,0,0,0,14:33:5C:6D:AF:58,0,1,ARMED,60,0,0,80:02:9C:61:97:4B,11,34,837.1,80:02:9C:61:97:4A,2,0,NONE,2026-08-19T12:21:49.014216
45917,BEACON,-84,13,0,1575,70472,57188,312435,0,99,0,0,0,14:33:5C:6D:AF:58,0,0,ARMED,60,0,1,80:02:9C:61:97:4B,11,5,312.6,80:02:9C:61:97:4A,2,0,NONE,2026-08-19T12:21:49.299216
45917,MGMT_OTHER,41,41,0,0,70472,57188,312714,0,99,0,0,0,14:33:5C:6D:AF:58,0,0,ARMED,60,0,1,80:02:9C:61:97:4B,11,11,136.2,80:02:9C:61:97:4A,2,0,NONE,2026-08-19T12:21:49.578216
45917,MGMT_OTHER,41,41,0,0,70472,57188,312833,0,99,0,0,0,14:33:5C:6D:AF:58,0,0,ARMED,60,0,0,80:02:9C:61:97:4B,11,43,432.3,80:02:9C:61:97:4A,2,0,NONE,2026-08-19T12:21:49.697216
45917,MGMT_OTHER,42,42,0,0,70472,57188,312967,0,99,0,0,0,14:33:5C:6D:AF:58,0,0,ARMED,60,0,0,80:02:9C:61:97:4B,11,25,874.3,80:02:9C:61:97:4A,2,0,NONE,2026-08-19T12:21:49.831216
45917,,-57,40,671,1980,70472,57188,313039,0,99,0,0,0,14:33:5C:6D:AF:58,0,1,ARMED,60,0,0,80:02:9C:61:97:4B,11,3,3000,80:02:9C:61:97:4A,2,0,NONE,2026-08-19T12:21:49.903216
45917,,-57,40,214,2003,70472,57188,313056,0,99,0,0,0,14:33:5C:6D:AF:58,0,1,ARMED,60,0,0,80:02:9C:61:97:4B,11,53,2920.4,80:02:9C:61:97:4A,2,0,NONE,2026-08-19T12:21:49.920216
45917,BEACON,-68,29,10900,2888,70472,57188,313419,0,99,0,0,0,14:33:5C:6D:AF:58,0,0,ARMED,60,0,1,80:02:9C:61:97:4B,11,7,111.4,80:02:9C:61:97:4A,2,0,NONE,2026-08-19T12:21:50.283216
45917,BEACON,-69,28,0,2890,70472,57188,313624,0,99,0,0,0,14:33:5C:6D:AF:58,0,1,ARMED,60,0,1,80:02:9C:61:97:4B,11,12,190.9,80:02:9C:61:97:4A,2,0,NONE,2026-08-19T12:21:50.488216
45917,MGMT_OTHER,39,39,0,0,70472,57188,313834,0,99,0,0,0,14:33:5C:6D:AF:58,0,0,ARMED,60,0,1,80:02:9C:61:97:4B,11,30,444.4,80:02:9C:61:97:4A,2,0,NONE,2026-08-19T12:21:50.698216
45917,MGMT_OTHER,50,50,0,0,70472,57188,313987,0,99,0,0,0,14:33:5C:6D:AF:58,0,0,ARMED,60,0,0,80:02:9C:61:97:4B,11,15,916,80:02:9C:61:97:4A,2,0,NONE,2026-08-19T12:21:50.851216
45917,,-88,9,0,764,70472,57188,314058,0,99,0,0,0,14:33:5C:6D:AF:58,0,0,ARMED,60,0,1,80:02:9C:61:97:4B,11,65,746.8,80:02:9C:61:97:4A,2,0,NONE,2026-08-19T12:21:50.922216
45917,MGMT_OTHER,41,41,0,0,70472,57188,314163,0,99,0,0,0,14:33:5C:6D:AF:58,0,1,ARMED,60,0,1,80:02:9C:61:97:4B,11,35,392.7,80:02:9C:61:97:4A,2,0,NONE,2026-08-19T12:21:51.027216
45917,MGMT_OTHER,40,40,0,0,70472,57188,314258,0,99,0,0,0,14:33:5C:6D:AF:58,0,1,ARMED,60,0,0,80:02:9C:61:97:4B,11,49,614.1,80:02:9C:61:97:4A,2,0,NONE,2026-08-19T12:21:51.122216
45917,BEACON,-85,12,0,2474,70472,57188,314390,0,99,0,0,0,14:33:5C:6D:AF:58,0,0,ARMED,60,0,1,80:02:9C:61:97:4B,11,1,109.6,80:02:9C:61:97:4A,2,0,NONE,2026-08-19T12:21:51.254216
45917,,-69,28,886,1847,70444,57188,314500,0,99,0,0,0,14:33:5C:6D:AF:58,0,1,ARMED,60,0,1,80:02:9C:61:97:4B,11,20,1157.5,80:02:9C:61:97:4A,2,0,NONE,2026-08-19T12:21:51.364216
45917,MGMT_OTHER,38,38,0,0,70472,57188,314542,0,99,0,0,0,14:33:5C:6D:AF:58,0,1,ARMED,60,0,0,80:02:9C:61:97:4B,11,70,1192.4,80:02:9C:61:97:4A,2,0,NONE,2026-08-19T12:21:51.406216
45917,MGMT_OTHER,31,31,0,0,70412,57188,314608,0,99,0,0,0,14:33:5C:6D:AF:58,0,1,ARMED,60,0,0,80:02:9C:61:97:4B,11,18,735,80:02:9C:61:97:4A,2,0,NONE,2026-08-19T12:21:51.472216
45917,MGMT_OTHER,39,39,0,0,70472,57188,314724,0,99,0,0,0,14:33:5C:6D:AF:58,0,1,ARMED,60,0,0,80:02:9C:61:97:4B,11,10,250.9,80:02:9C:61:97:4A,2,0,NONE,2026-08-19T12:21:51.588216
45917,MGMT_OTHER,31,31,0,0,70472,57188,314801,0,99,0,0,0,14:33:5C:6D:AF:58,0,1,ARMED,60,0,0,80:02:9C:61:97:4B,11,14,843.7,80:02:9C:61:97:4A,2,0,NONE,2026-08-19T12:21:51.665216
45917,MGMT_OTHER,38,38,0,0,70472,57188,314876,0,99,0,0,0,14:33:5C:6D:AF:58,0,1,ARMED,60,0,0,80:02:9C:61:97:4B,11,64,701.3,80:02:9C:61:97:4A,2,0,NONE,2026-08-19T12:21:51.740216
45917,MGMT_OTHER,39,39,0,0,70472,57188,314946,0,99,0,0,0,14:33:5C:6D:AF:58,0,1,ARMED,60,0,0,80:02:9C:61:97:4B,11,49,1066.5,80:02:9C:61:97:4A,2,0,NONE,2026-08-19T12:21:51.810216
45917,,-69,28,3614,717,70472,57188,315068,0,99,0,0,0,14:33:5C:6D:AF:58,0,1,ARMED,60,0,1,80:02:9C:61:97:4B,11,24,503,80:02:9C:61:97:4A,2,0,NONE,2026-08-19T12:21:51.932216
45917,,-55,42,276,3430,70472,57188,315115,0,99,0,0,0,14:33:5C:6D:AF:58,0,1,ARMED,60,0,1,80:02:9C:61:97:4B,11,74,778.9,80:02:9C:61:97:4A,2,0,NONE,2026-08-19T12:21:51.979216
45917,,-55,42,287,3478,70472,57188,315136,0,99,0,0,0,14:33:5C:6D:AF:58,1,1,ARMED,60,0,0,80:02:9C:61:97:4B,11,35,2299.9,80:02:9C:61:97:4A,2,0,NONE,2026-08-19T12:21:52.000216
45917,BEACON,-84,13,0,775,70472,57188,315184,0,99,0,0,0,14:33:5C:6D:AF:58,1,1,ARMED,60,0,1,80:02:9C:61:97:4B,11,85,1337.4,80:02:9C:61:97:4A,2,0,NONE,2026-08-19T12:21:52.048216
45917,,-55,42,266,3542,70472,57188,315230,0,99,0,0,0,14:33:5C:6D:AF:58,1,1,ARMED,60,0,0,80:02:9C:61:97:4B,11,26,2952.2,80:02:9C:61:97:4A,2,0,NONE,2026-08-19T12:21:52.094216
45917,,-68,29,0,760,70472,57188,315252,0,99,0,0,0,14:33:5C:6D:AF:58,1,1,ARMED,60,0,0,80:02:9C:61:97:4B,11,76,2431.8,80:02:9C:61:97:4A,2,0,NONE,2026-08-19T12:21:52.116216
45917,,-55,42,266,3618,70472,57188,315275,0,99,0,0,0,14:33:5C:6D:AF:58,1,1,ARMED,60,0,0,80:02:9C:61:97:4B,11,126,2339.9,80:02:9C:61:97:4A,2,0,NONE,2026-08-19T12:21:52.139216
45917,,-55,42,250,3642,70200,57188,315295,0,99,0,0,0,14:33:5C:6D:AF:58,1,1,ARMED,60,0,0,80:02:9C:61:97:4B,11,176,2378.4,80:02:9C:61:97:4A,2,0,NONE,2026-08-19T12:21:52.159216
45917,,-56,41,482,3672,70472,57188,315311,0,99,0,0,0,14:33:5C:6D:AF:58,1,1,ARMED,60,0,0,80:02:9C:61:97:4B,11,226,2494.3,80:02:9C:61:97:4A,2,0,NONE,2026-08-19T12:21:52.175216
45917,,-55,42,266,3710,70472,57188,315353,0,99,0,0,0,14:33:5C:6D:AF:58,1,1,ARMED,60,0,0,80:02:9C:61:97:4B,11,49,2825.8,80:02:9C:61:97:4A,2,0,NONE,2026-08-19T12:21:52.217216
45917,,-55,42,279,3755,70444,57188,315360,0,99,0,0,0,14:33:5C:6D:AF:58,1,1,ARMED,60,0,1,80:02:9C:61:97:4B,11,99,4024.2,80:02:9C:61:97:4A,2,0,NONE,2026-08-19T12:21:52.224216
45917,,-68,29,317,1608,70472,57188,315380,0,99,0,0,0,14:33:5C:6D:AF:58,1,1,ARMED,60,0,1,80:02:9C:61:97:4B,11,149,3325.5,80:02:9C:61:97:4A,2,0,NONE,2026-08-19T12:21:52.244216
45917,,-55,42,266,3819,70472,57188,315416,0,99,0,0,0,14:33:5C:6D:AF:58,1,1,ARMED,60,0,0,80:02:9C:61:97:4B,11,199,2458.9,80:02:9C:61:97:4A,2,0,NONE,2026-08-19T12:21:52.280216
45917,,-55,42,311,3856,70472,57188,315445,0,99,0,0,0,14:33:5C:6D:AF:58,1,1,ARMED,60,0,0,80:02:9C:61:97:4B,11,9,946.6,80:02:9C:61:97:4A,2,0,NONE,2026-08-19T12:21:52.309216
45917,,-55,42,266,3899,70472,57188,315452,0,99,0,0,0,14:33:5C:6D:AF:58,1,1,ARMED,60,0,0,80:02:9C:61:97:4B,11,59,3566.2,80:02:9C:61:97:4A,2,0,NONE,2026-08-19T12:21:52.316216
45917,,-55,42,266,3932,70472,57188,315473,0,99,0,0,0,14:33:5C:6D:AF:58,1,1,ARMED,60,0,0,80:02:9C:61:97:4B,11,109,2892.3,80:02:9C:61:97:4A,2,0,NONE,2026-08-19T12:21:52.337216
45917,,-55,42,267,3965,69828,57188,315484,0,99,0,0,0,14:33:5C:6D:AF:58,1,1,ARMED,60,0,0,80:02:9C:61:97:4B,11,159,3266.2,80:02:9C:61:97:4A,2,0,NONE,2026-08-19T12:21:52.348216
45917,,-61,36,635,843,70472,57188,315505,0,99,0,0,0,14:33:5C:6D:AF:58,1,1,ARMED,60,0,1,80:02:9C:61:97:4B,11,209,3033.7,80:02:9C:61:97:4A,2,0,NONE,2026-08-19T12:21:52.369216
45917,,-55,42,250,4027,70472,57188,315525,0,99,0,0,0,14:33:5C:6D:AF:58,1,1,ARMED,60,0,0,80:02:9C:61:97:4B,11,259,2910.2,80:02:9C:61:97:4A,2,0,NONE,2026-08-19T12:21:52.389216
45917,,-55,42,287,4054,70472,57188,315566,0,99,0,0,0,14:33:5C:6D:AF:58,1,1,ARMED,60,0,0,80:02:9C:61:97:4B,11,49,2829.8,80:02:9C:61:97:4A,2,0,NONE,2026-08-19T12:21:52.430216
45917,,-56,41,287,4085,70472,57188,315584,0,99,0,0,0,14:33:5C:6D:AF:58,1,1,ARMED,60,0,0,80:02:9C:61:97:4B,11,99,2806.5,80:02:9C:61:97:4A,2,0,NONE,2026-08-19T12:21:52.448216
45917,,-69,28,17223,1639,70472,57188,315816,0,99,0,0,0,14:33:5C:6D:AF:58,1,0,ARMED,60,0,0,80:02:9C:61:97:4B,11,11,265.6,80:02:9C:61:97:4A,2,0,NONE,2026-08-19T12:21:52.680216
45917,MGMT_OTHER,41,41,0,0,70472,57188,316197,0,99,0,0,0,14:33:5C:6D:AF:58,0,0,ARMED,60,0,1,80:02:9C:61:97:4B,11,4,319.8,80:02:9C:61:97:4A,2,0,NONE,2026-08-19T12:21:53.061216
45917,,-56,41,461,1476,70472,57188,316391,0,99,0,0,0,14:33:5C:6D:AF:58,0,1,ARMED,60,0,0,80:02:9C:61:97:4B,11,6,1402.2,80:02:9C:61:97:4A,2,0,NONE,2026-08-19T12:21:53.255216
45917,BEACON,-83,14,20488,790,70472,57188,316515,0,99,0,0,0,14:33:5C:6D:AF:58,0,1,ARMED,60,0,1,80:02:9C:61:97:4B,11,2,74.9,80:02:9C:61:97:4A,2,0,NONE,2026-08-19T12:21:53.379216
45917,PROBE_RESP,-89,8,0,2499,70472,57188,316937,0,99,0,0,0,14:33:5C:6D:AF:58,0,0,ARMED,60,0,1,80:02:9C:61:97:4B,11,8,219,80:02:9C:61:97:4A,2,0,NONE,2026-08-19T12:21:53.801216
45917,MGMT_OTHER,41,41,0,0,70472,57188,317241,0,99,0,0,0,14:33:5C:6D:AF:58,0,0,ARMED,60,0,0,80:02:9C:61:97:4B,11,12,369.9,80:02:9C:61:97:4A,2,0,NONE,2026-08-19T12:21:54.105216
45917,BEACON,-95,2,0,2884,70472,57188,317692,0,99,0,0,0,14:33:5C:6D:AF:58,0,0,ARMED,60,0,1,80:02:9C:61:97:4B,11,6,82.8,80:02:9C:61:97:4A,2,0,NONE,2026-08-19T12:21:54.556216
45917,BEACON,-84,13,70,583,70472,57188,318136,0,99,0,0,0,14:33:5C:6D:AF:58,0,0,ARMED,60,0,1,80:02:9C:61:97:4B,11,5,620.7,80:02:9C:61:97:4A,2,0,NONE,2026-08-19T12:21:55.000216
45917,BEACON,-85,12,0,811,70472,57188,318666,0,99,0,0,0,14:33:5C:6D:AF:58,0,0,ARMED,60,0,1,80:02:9C:61:97:4B,11,3,125.8,80:02:9C:61:97:4A,2,0,NONE,2026-08-19T12:21:55.530216
45917,,-85,12,0,2350,70472,57188,318888,0,99,0,0,0,14:33:5C:6D:AF:58,0,0,ARMED,60,0,1,80:02:9C:61:97:4B,11,7,167.1,80:02:9C:61:97:4A,2,0,NONE,2026-08-19T12:21:55.752216
45917,BEACON,-85,12,0,1642,70472,57188,319296,0,99,0,0,0,14:33:5C:6D:AF:58,0,0,ARMED,60,0,1,80:02:9C:61:97:4B,11,11,275.2,80:02:9C:61:97:4A,2,0,NONE,2026-08-19T12:21:56.160216
45917,BEACON,-85,12,0,1151,70472,57188,319573,0,99,0,0,0,14:33:5C:6D:AF:58,0,1,ARMED,60,0,1,80:02:9C:61:97:4B,11,2,203.4,80:02:9C:61:97:4A,2,0,NONE,2026-08-19T12:21:56.437216
45917,,-55,42,0,1520,68904,57188,319860,0,99,0,0,0,14:33:5C:6D:AF:58,0,0,ARMED,60,0,0,80:02:9C:61:97:4B,11,24,270.1,80:02:9C:61:97:4A,2,0,NONE,2026-08-19T12:21:56.724216
45917,,-57,40,288,1530,70472,57188,319893,0,99,0,0,0,14:33:5C:6D:AF:58,0,1,ARMED,60,0,0,80:02:9C:61:97:4B,11,42,2166,80:02:9C:61:97:4A,2,0,NONE,2026-08-19T12:21:56.757216
45917,,-66,31,0,1642,70472,57188,320316,0,99,0,0,0,14:33:5C:6D:AF:58,0,0,ARMED,60,0,0,80:02:9C:61:97:4B,11,5,216,80:02:9C:61:97:4A,2,0,NONE,2026-08-19T12:21:57.180216
45917,MGMT_OTHER,-63,34,89621,4035,70472,57188,320738,0,99,0,0,0,14:33:5C:6D:AF:58,0,0,ARMED,60,0,1,80:02:9C:61:97:4B,11,2,82.5,80:02:9C:61:97:4A,2,0,NONE,2026-08-19T12:21:57.602216
45917,PROBE_REQ,-74,23,0,2978,70472,57188,320967,0,99,0,0,0,14:33:5C:6D:AF:58,0,1,ARMED,60,0,1,80:02:9C:61:97:4B,11,5,103.2,80:02:9C:61:97:4A,2,0,NONE,2026-08-19T12:21:57.831216
45917,BEACON,-83,14,0,617,70472,57188,321413,0,99,0,0,0,14:33:5C:6D:AF:58,0,0,ARMED,60,0,1,80:02:9C:61:97:4B,11,7,82.8,80:02:9C:61:97:4A,2,0,NONE,2026-08-19T12:21:58.277216
45917,BEACON,-93,4,0,3519,70472,57188,321906,0,99,0,0,0,14:33:5C:6D:AF:58,0,0,ARMED,60,0,1,80:02:9C:61:97:4B,11,6,119,80:02:9C:61:97:4A,2,0,NONE,2026-08-19T12:21:58.770216
45917,BEACON,-83,14,0,1176,70472,57188,322133,0,99,0,0,0,14:33:5C:6D:AF:58,0,0,ARMED,60,0,1,80:02:9C:61:97:4B,11,15,206.3,80:02:9C:61:97:4A,2,0,NONE,2026-08-19T12:21:58.997216
45917,BEACON,-85,12,0,629,70472,57188,322641,0,99,0,0,0,14:33:5C:6D:AF:58,0,0,ARMED,60,0,1,80:02:9C:61:97:4B,11,6,87.2,80:02:9C:61:97:4A,2,0,NONE,2026-08-19T12:21:59.505216
45917,,-70,27,493,1667,70472,57188,322721,0,99,0,0,0,14:33:5C:6D:AF:58,0,0,ARMED,60,0,0,80:02:9C:61:97:4B,11,30,647.9,80:02:9C:61:97:4A,2,0,NONE,2026-08-19T12:21:59.585216
45917,,-69,28,12432,870,70472,57188,323015,0,99,0,0,0,14:33:5C:6D:AF:58,0,0,ARMED,60,0,1,80:02:9C:61:97:4B,11,10,306,80:02:9C:61:97:4A,2,0,NONE,2026-08-19T12:21:59.879216
45917,BEACON,-83,14,25600,856,70472,57188,323274,0,99,0,0,0,14:33:5C:6D:AF:58,0,0,ARMED,60,0,1,80:02:9C:61:97:4B,11,14,160.6,80:02:9C:61:97:4A,2,0,NONE,2026-08-19T12:22:00.138216
45917,,-56,41,0,1561,70472,57188,323389,0,99,0,0,0,14:33:5C:6D:AF:58,0,0,ARMED,60,0,0,80:02:9C:61:97:4B,11,49,494.1,80:02:9C:61:97:4A,2,0,NONE,2026-08-19T12:22:00.253216
45917,,-57,40,291,2163,70472,57188,323858,0,99,0,0,0,14:33:5C:6D:AF:58,0,0,ARMED,60,0,0,80:02:9C:61:97:4B,11,9,159.2,80:02:9C:61:97:4A,2,0,NONE,2026-08-19T12:22:00.722216
45917,BEACON,-85,12,0,647,70472,57188,324280,0,99,0,0,0,14:33:5C:6D:AF:58,0,0,ARMED,60,0,1,80:02:9C:61:97:4B,11,6,87.2,80:02:9C:61:97:4A,2,0,NONE,2026-08-19T12:22:01.144216
45917,,-93,4,23638,277,70472,57188,324668,0,99,0,0,0,14:33:5C:6D:AF:58,0,0,ARMED,60,0,1,80:02:9C:61:97:4B,11,9,189.9,80:02:9C:61:97:4A,2,0,NONE,2026-08-19T12:22:01.532216
45917,BEACON,-83,14,0,872,70472,57188,324912,0,99,0,0,0,14:33:5C:6D:AF:58,0,0,ARMED,60,0,1,80:02:9C:61:97:4B,11,22,254.1,80:02:9C:61:97:4A,2,0,NONE,2026-08-19T12:22:01.776216
45917,,-93,4,28575,3403,70472,57188,325258,0,99,0,0,0,14:33:5C:6D:AF:58,0,0,ARMED,60,0,1,80:02:9C:61:97:4B,11,2,87.9,80:02:9C:61:97:4A,2,0,NONE,2026-08-19T12:22:02.122216
45917,BEACON,-85,12,0,880,70472,57188,325731,0,99,0,0,0,14:33:5C:6D:AF:58,0,0,ARMED,60,0,1,80:02:9C:61:97:4B,11,7,80.8,80:02:9C:61:97:4A,2,0,NONE,2026-08-19T12:22:02.595216
45917,BEACON,-83,14,3188,883,70472,57188,326038,0,99,0,0,0,14:33:5C:6D:AF:58,0,0,ARMED,60,0,1,80:02:9C:61:97:4B,11,24,277.1,80:02:9C:61:97:4A,2,0,NONE,2026-08-19T12:22:02.902216
45917,,-55,42,267,4,70472,57188,326353,0,99,0,0,0,14:33:5C:6D:AF:58,0,0,ARMED,60,0,0,80:02:9C:61:97:4B,11,26,275.4,80:02:9C:61:97:4A,2,0,NONE,2026-08-19T12:22:03.217216
45917,,-70,27,410,882,70472,57188,326376,0,99,0,0,0,14:33:5C:6D:AF:58,0,1,ARMED,60,0,1,80:02:9C:61:97:4B,11,38,2226.4,80:02:9C:61:97:4A,2,0,NONE,2026-08-19T12:22:03.240216
45917,,-71,26,0,889,70472,57188,326400,0,99,0,0,0,14:33:5C:6D:AF:58,0,1,ARMED,60,0,0,80:02:9C:61:97:4B,11,88,2138.3,80:02:9C:61:97:4A,2,0,NONE,2026-08-19T12:22:03.264216
45917,,-55,42,266,94,70472,57188,326416,0,99,0,0,0,14:33:5C:6D:AF:58,0,1,ARMED,60,0,0,80:02:9C:61:97:4B,11,138,2415.2,80:02:9C:61:97:4A,2,0,NONE,2026-08-19T12:22:03.280216
45917,BEACON,-83,14,0,1219,70472,57188,326536,0,99,0,0,0,14:33:5C:6D:AF:58,0,1,ARMED,60,0,1,80:02:9C:61:97:4B,11,7,96.4,80:02:9C:61:97:4A,2,0,NONE,2026-08-19T12:22:03.400216
45917,,-70,27,0,910,69032,57188,326557,0,99,0,0,0,14:33:5C:6D:AF:58,0,1,ARMED,60,0,0,80:02:9C:61:97:4B,11,57,611.9,80:02:9C:61:97:4A,2,0,NONE,2026-08-19T12:22:03.421216
45917,,-55,42,249,171,69808,57188,326586,0,99,0,0,0,14:33:5C:6D:AF:58,0,1,ARMED,60,0,0,80:02:9C:61:97:4B,11,49,9735.7,80:02:9C:61:97:4A,2,0,NONE,2026-08-19T12:22:03.450216
45917,,-54,43,250,200,69828,57188,326593,0,99,0,0,0,14:33:5C:6D:AF:58,0,1,ARMED,60,0,0,80:02:9C:61:97:4B,11,99,8070.4,80:02:9C:61:97:4A,2,0,NONE,2026-08-19T12:22:03.457216
45917,,-54,43,250,241,70472,57188,326613,0,99,0,0,0,14:33:5C:6D:AF:58,0,1,ARMED,60,0,0,80:02:9C:61:97:4B,11,149,4599.6,80:02:9C:61:97:4A,2,0,NONE,2026-08-19T12:22:03.477216
45917,,-70,27,0,946,70472,57188,326622,0,99,0,0,0,14:33:5C:6D:AF:58,0,1,ARMED,60,0,0,80:02:9C:61:97:4B,11,199,4849.3,80:02:9C:61:97:4A,2,0,NONE,2026-08-19T12:22:03.486216
45917,,-54,43,250,293,70472,57188,326649,0,99,0,0,0,14:33:5C:6D:AF:58,0,1,ARMED,60,0,0,80:02:9C:61:97:4B,11,249,3657.5,80:02:9C:61:97:4A,2,0,NONE,2026-08-19T12:22:03.513216
45917,,-54,43,250,318,70472,57188,326663,0,99,0,0,0,14:33:5C:6D:AF:58,0,1,ARMED,60,0,0,80:02:9C:61:97:4B,11,299,3629.6,80:02:9C:61:97:4A,2,0,NONE,2026-08-19T12:22:03.527216
45917,,-54,43,250,345,70472,57188,326684,0,99,0,0,0,14:33:5C:6D:AF:58,0,1,ARMED,60,0,0,80:02:9C:61:97:4B,11,24,9237.9,80:02:9C:61:97:4A,2,0,NONE,2026-08-19T12:22:03.548216
45917,,-55,42,530,354,70472,57188,326708,0,99,0,0,0,14:33:5C:6D:AF:58,0,1,ARMED,60,0,0,80:02:9C:61:97:4B,11,74,2782.2,80:02:9C:61:97:4A,2,0,NONE,2026-08-19T12:22:03.572216
45917,,-70,27,0,981,70472,57188,326728,0,99,0,0,0,14:33:5C:6D:AF:58,0,1,ARMED,60,0,0,80:02:9C:61:97:4B,11,124,2650.5,80:02:9C:61:97:4A,2,0,NONE,2026-08-19T12:22:03.592216
45917,,-54,43,287,429,70472,57188,326777,0,99,0,0,0,14:33:5C:6D:AF:58,0,1,ARMED,60,0,0,80:02:9C:61:97:4B,11,174,1814.7,80:02:9C:61:97:4A,2,0,NONE,2026-08-19T12:22:03.641216
45917,,-70,27,0,996,70472,57188,326806,0,99,0,0,0,14:33:5C:6D:AF:58,0,1,ARMED,60,0,0,80:02:9C:61:97:4B,11,49,9649.5,80:02:9C:61:97:4A,2,0,NONE,2026-08-19T12:22:03.670216
45917,,-54,43,286,480,70472,57188,326816,0,99,0,0,0,14:33:5C:6D:AF:58,0,1,ARMED,60,0,0,80:02:9C:61:97:4B,11,99,6964.5,80:02:9C:61:97:4A,2,0,NONE,2026-08-19T12:22:03.680216
45917,,-54,43,286,521,69828,57188,326836,0,99,0,0,0,14:33:5C:6D:AF:58,0,1,ARMED,60,0,0,80:02:9C:61:97:4B,11,149,4329,80:02:9C:61:97:4A,2,0,NONE,2026-08-19T12:22:03.700216
45917,,-70,27,229,1737,70472,57188,326851,0,99,0,0,0,14:33:5C:6D:AF:58,0,1,ARMED,60,0,1,80:02:9C:61:97:4B,11,199,4042.7,80:02:9C:61:97:4A,2,0,NONE,2026-08-19T12:22:03.715216
45917,,-54,43,287,590,70472,57188,326871,0,99,0,0,0,14:33:5C:6D:AF:58,0,1,ARMED,60,0,0,80:02:9C:61:97:4B,11,249,3589.9,80:02:9C:61:97:4A,2,0,NONE,2026-08-19T12:22:03.735216
45917,,-70,27,275,1025,70472,57188,326888,0,99,0,0,0,14:33:5C:6D:AF:58,0,1,ARMED,60,0,0,80:02:9C:61:97:4B,11,299,3465.5,80:02:9C:61:97:4A,2,0,NONE,2026-08-19T12:22:03.752216
45917,,-54,43,727,626,70472,57188,326920,0,99,0,0,0,14:33:5C:6D:AF:58,1,1,ARMED,60,0,0,80:02:9C:61:97:4B,11,49,2828.6,80:02:9C:61:97:4A,2,0,NONE,2026-08-19T12:22:03.784216
45917,,-54,43,656,652,70472,57188,326929,0,99,0,0,0,14:33:5C:6D:AF:58,1,1,ARMED,60,0,0,80:02:9C:61:97:4B,11,99,3846.2,80:02:9C:61:97:4A,2,0,NONE,2026-08-19T12:22:03.793216
45917,,-54,43,5816,666,70472,57188,327002,0,99,0,0,0,14:33:5C:6D:AF:58,1,1,ARMED,60,0,1,80:02:9C:61:97:4B,11,149,1507.1,80:02:9C:61:97:4A,2,0,NONE,2026-08-19T12:22:03.866216
45917,,-54,43,0,1601,70472,57188,327063,0,99,0,0,0,14:33:5C:6D:AF:58,1,1,ARMED,60,0,0,80:02:9C:61:97:4B,11,49,825.5,80:02:9C:61:97:4A,2,0,NONE,2026-08-19T12:22:03.927216
45917,,-56,41,4110,2237,70472,57188,327144,0,99,0,0,0,14:33:5C:6D:AF:58,1,1,ARMED,60,0,1,80:02:9C:61:97:4B,11,32,1038.2,80:02:9C:61:97:4A,2,0,NONE,2026-08-19T12:22:04.008216
45917,BEACON,-68,29,128308,3051,70472,57188,327448,0,99,0,0,0,14:33:5C:6D:AF:58,0,0,ARMED,60,0,1,80:02:9C:61:97:4B,11,2,70.7,80:02:9C:61:97:4A,2,0,NONE,2026-08-19T12:22:04.312216
45917,,-70,27,5966,1766,70472,57188,327773,0,99,0,0,0,14:33:5C:6D:AF:58,0,0,ARMED,60,0,0,80:02:9C:61:97:4B,11,6,129.9,80:02:9C:61:97:4A,2,0,NONE,2026-08-19T12:22:04.637216
45917,BEACON,-86,11,0,1728,70472,57188,328102,0,99,0,0,0,14:33:5C:6D:AF:58,0,0,ARMED,60,0,1,80:02:9C:61:97:4B,11,8,153.5,80:02:9C:61:97:4A,2,0,NONE,2026-08-19T12:22:04.966216
45917,BEACON,-94,3,0,2990,70472,57188,328546,0,99,0,0,0,14:33:5C:6D:AF:58,0,0,ARMED,60,0,1,80:02:9C:61:97:4B,11,10,115.4,80:02:9C:61:97:4A,2,0,NONE,2026-08-19T12:22:05.410216
45917,BEACON,-91,6,0,2630,70472,57188,328828,0,99,0,0,0,14:33:5C:6D:AF:58,0,0,ARMED,60,0,1,80:02:9C:61:97:4B,11,7,114.4,80:02:9C:61:97:4A,2,0,NONE,2026-08-19T12:22:05.692216
45917,BEACON,-83,14,0,1741,70472,57188,329433,0,99,0,0,0,14:33:5C:6D:AF:58,0,0,ARMED,60,0,1,80:02:9C:61:97:4B,11,5,126,80:02:9C:61:97:4A,2,0,NONE,2026-08-19T12:22:06.297216
45917,MGMT_OTHER,39,39,0,0,70472,57188,329703,0,99,0,0,0,14:33:5C:6D:AF:58,0,0,ARMED,60,0,1,80:02:9C:61:97:4B,11,3,1740.1,80:02:9C:61:97:4A,2,0,NONE,2026-08-19T12:22:06.567216
45917,MGMT_OTHER,44,44,0,0,70472,57188,329936,0,99,0,0,0,14:33:5C:6D:AF:58,0,0,ARMED,60,0,0,80:02:9C:61:97:4B,11,5,163.2,80:02:9C:61:97:4A,2,0,NONE,2026-08-19T12:22:06.800216
45917,,-59,38,756,2277,70472,57188,330290,0,99,0,0,0,14:33:5C:6D:AF:58,0,0,ARMED,60,0,0,80:02:9C:61:97:4B,11,11,142,80:02:9C:61:97:4A,2,0,NONE,2026-08-19T12:22:07.154216
45917,BEACON,-83,14,0,711,70472,57188,330424,0,99,0,0,0,14:33:5C:6D:AF:58,0,1,ARMED,60,0,1,80:02:9C:61:97:4B,11,1,166.3,80:02:9C:61:97:4A,2,0,NONE,2026-08-19T12:22:07.288216
45917,BEACON,-93,4,0,3605,70472,57188,330714,0,99,0,0,0,14:33:5C:6D:AF:58,0,0,ARMED,60,0,1,80:02:9C:61:97:4B,11,6,65.5,80:02:9C:61:97:4A,2,0,NONE,2026-08-19T12:22:07.578216
45917,BEACON,-95,2,20878,3608,70472,57188,331020,0,99,0,0,0,14:33:5C:6D:AF:58,0,0,ARMED,60,0,1,80:02:9C:61:97:4B,11,11,130.8,80:02:9C:61:97:4A,2,0,NONE,2026-08-19T12:22:07.884216
45917,,-67,30,0,324,70472,57188,331312,0,99,0,0,0,14:33:5C:6D:AF:58,0,0,ARMED,60,0,1,80:02:9C:61:97:4B,11,16,229.8,80:02:9C:61:97:4A,2,0,NONE,2026-08-19T12:22:08.176216
45917,,-58,39,361,2309,70472,57188,331477,0,99,0,0,0,14:33:5C:6D:AF:58,0,0,ARMED,60,0,1,80:02:9C:61:97:4B,11,24,806.1,80:02:9C:61:97:4A,2,0,NONE,2026-08-19T12:22:08.341216
45917,BEACON,-85,12,0,942,70472,57188,331773,0,99,0,0,0,14:33:5C:6D:AF:58,0,0,ARMED,60,0,1,80:02:9C:61:97:4B,11,2,110.1,80:02:9C:61:97:4A,2,0,NONE,2026-08-19T12:22:08.637216
45917,BEACON,-93,4,0,492,70472,57188,332223,0,99,0,0,0,14:33:5C:6D:AF:58,0,0,ARMED,60,0,1,80:02:9C:61:97:4B,11,5,84.8,80:02:9C:61:97:4A,2,0,NONE,2026-08-19T12:22:09.087216
45917,BEACON,-84,13,0,949,70472,57188,332489,0,99,0,0,0,14:33:5C:6D:AF:58,0,0,ARMED,60,0,1,80:02:9C:61:97:4B,11,6,269.6,80:02:9C:61:97:4A,2,0,NONE,2026-08-19T12:22:09.353216
45917,,-59,38,292,2320,70472,57188,332700,0,99,0,0,0,14:33:5C:6D:AF:58,0,0,ARMED,60,0,0,80:02:9C:61:97:4B,11,11,366.9,80:02:9C:61:97:4A,2,0,NONE,2026-08-19T12:22:09.564216
45917,,-58,39,160,670,70472,57188,332984,0,99,0,0,0,14:33:5C:6D:AF:58,0,0,ARMED,60,0,0,80:02:9C:61:97:4B,11,8,1344.8,80:02:9C:61:97:4A,2,0,NONE,2026-08-19T12:22:09.848216
45917,BEACON,-83,14,0,742,70472,57188,333393,0,99,0,0,0,14:33:5C:6D:AF:58,0,0,ARMED,60,0,1,80:02:9C:61:97:4B,11,1,166.7,80:02:9C:61:97:4A,2,0,NONE,2026-08-19T12:22:10.257216
45917,MGMT_OTHER,40,40,0,0,70472,57188,333702,0,99,0,0,0,14:33:5C:6D:AF:58,0,0,ARMED,60,0,1,80:02:9C:61:97:4B,11,2,281.1,80:02:9C:61:97:4A,2,0,NONE,2026-08-19T12:22:10.566216
45917,,-55,42,0,1688,70472,57188,333729,0,99,0,0,0,14:33:5C:6D:AF:58,0,0,ARMED,60,0,1,80:02:9C:61:97:4B,11,52,1496.7,80:02:9C:61:97:4A,2,0,NONE,2026-08-19T12:22:10.593216
45917,,-45,52,15220,153,70472,57188,334105,0,99,0,0,0,14:33:5C:6D:AF:58,0,0,ARMED,60,0,1,80:02:9C:61:97:4B,11,1,1000,80:02:9C:61:97:4A,2,0,NONE,2026-08-19T12:22:10.969216
45917,MGMT_OTHER,38,38,0,0,70472,57188,334354,0,99,0,0,0,14:33:5C:6D:AF:58,0,0,ARMED,60,0,1,80:02:9C:61:97:4B,11,7,154.8,80:02:9C:61:97:4A,2,0,NONE,2026-08-19T12:22:11.218216
45917,BEACON,-85,12,0,970,70472,57188,334640,0,99,0,0,0,14:33:5C:6D:AF:58,0,0,ARMED,60,0,1,80:02:9C:61:97:4B,11,3,126.2,80:02:9C:61:97:4A,2,0,NONE,2026-08-19T12:22:11.504216
45917,,-68,29,432,1810,70472,57188,334827,0,99,0,0,0,14:33:5C:6D:AF:58,0,1,ARMED,60,0,0,80:02:9C:61:97:4B,11,5,773.8,80:02:9C:61:97:4A,2,0,NONE,2026-08-19T12:22:11.691216
45917,BEACON,-91,6,10208,519,70388,57188,334989,0,99,0,0,0,14:33:5C:6D:AF:58,0,0,ARMED,60,0,1,80:02:9C:61:97:4B,11,29,441.3,80:02:9C:61:97:4A,2,0,NONE,2026-08-19T12:22:11.853216
45917,,-50,47,0,154,70472,57188,335225,0,99,0,0,0,14:33:5C:6D:AF:58,0,0,ARMED,60,0,1,80:02:9C:61:97:4B,11,13,134.7,80:02:9C:61:97:4A,2,0,NONE,2026-08-19T12:22:12.089216
45917,,-58,39,0,1698,70472,57188,335501,0,99,0,0,0,14:33:5C:6D:AF:58,0,0,ARMED,60,0,0,80:02:9C:61:97:4B,11,23,334.4,80:02:9C:61:97:4A,2,0,NONE,2026-08-19T12:22:12.365216
45917,BEACON,-96,1,79166,1338,70472,57188,335944,0,99,0,0,0,14:33:5C:6D:AF:58,0,0,ARMED,60,0,1,80:02:9C:61:97:4B,11,7,68.4,80:02:9C:61:97:4A,2,0,NONE,2026-08-19T12:22:12.808216
45917,MGMT_OTHER,52,52,0,0,70472,57188,336338,0,99,0,0,0,14:33:5C:6D:AF:58,0,0,ARMED,60,0,1,80:02:9C:61:97:4B,11,9,110.6,80:02:9C:61:97:4A,2,0,NONE,2026-08-19T12:22:13.202216
45917,,-55,42,293,2376,70472,57188,336605,0,99,0,0,0,14:33:5C:6D:AF:58,0,0,ARMED,60,0,1,80:02:9C:61:97:4B,11,19,435.8,80:02:9C:61:97:4A,2,0,NONE,2026-08-19T12:22:13.469216
45917,,-62,35,3265,1719,70472,57188,336950,0,99,0,0,0,14:33:5C:6D:AF:58,0,0,ARMED,60,0,1,80:02:9C:61:97:4B,11,17,209.8,80:02:9C:61:97:4A,2,0,NONE,2026-08-19T12:22:13.814216
45917,,-62,35,574,1739,70472,57188,337211,0,99,0,0,0,14:33:5C:6D:AF:58,0,0,ARMED,60,0,1,80:02:9C:61:97:4B,11,19,546.9,80:02:9C:61:97:4A,2,0,NONE,2026-08-19T12:22:14.075216
45917,,-68,29,479,1048,70472,57188,337560,0,99,0,0,0,14:33:5C:6D:AF:58,0,0,ARMED,60,0,0,80:02:9C:61:97:4B,11,14,182,80:02:9C:61:97:4A,2,0,NONE,2026-08-19T12:22:14.424216
45917,,-62,35,323,697,70472,57188,337584,0,99,0,0,0,14:33:5C:6D:AF:58,0,1,ARMED,60,0,0,80:02:9C:61:97:4B,11,1,1000,80:02:9C:61:97:4A,2,0,NONE,2026-08-19T12:22:14.448216
45917,,-61,36,267,720,70472,57188,337611,0,99,0,0,0,14:33:5C:6D:AF:58,0,1,ARMED,60,0,0,80:02:9C:61:97:4B,11,51,1840.6,80:02:9C:61:97:4A,2,0,NONE,2026-08-19T12:22:14.475216
45917,,-61,36,267,754,69828,57188,337632,0,99,0,0,0,14:33:5C:6D:AF:58,0,1,ARMED,60,0,0,80:02:9C:61:97:4B,11,101,2108.7,80:02:9C:61:97:4A,2,0,NONE,2026-08-19T12:22:14.496216
45917,,-61,36,267,789,69184,57188,337646,0,99,0,0,0,14:33:5C:6D:AF:58,0,1,ARMED,60,0,0,80:02:9C:61:97:4B,11,151,2441.2,80:02:9C:61:97:4A,2,0,NONE,2026-08-19T12:22:14.510216
45917,,-61,36,955,805,70472,57188,337675,0,99,0,0,0,14:33:5C:6D:AF:58,0,1,ARMED,60,0,0,80:02:9C:61:97:4B,11,201,2209.9,80:02:9C:61:97:4A,2,0,NONE,2026-08-19T12:22:14.539216
45917,,-60,37,250,821,70472,57188,337734,0,99,0,0,0,14:33:5C:6D:AF:58,0,1,ARMED,60,0,0,80:02:9C:61:97:4B,11,34,693.8,80:02:9C:61:97:4A,2,0,NONE,2026-08-19T12:22:14.598216
45917,,-59,38,790,852,70472,57188,337756,0,99,0,0,0,14:33:5C:6D:AF:58,0,1,ARMED,60,0,0,80:02:9C:61:97:4B,11,84,1176.4,80:02:9C:61:97:4A,2,0,NONE,2026-08-19T12:22:14.620216
45917,,-59,38,250,887,70472,57188,337768,0,99,0,0,0,14:33:5C:6D:AF:58,0,1,ARMED,60,0,0,80:02:9C:61:97:4B,11,134,1616.2,80:02:9C:61:97:4A,2,0,NONE,2026-08-19T12:22:14.632216
45917,,-59,38,250,919,70472,57188,337804,0,99,0,0,0,14:33:5C:6D:AF:58,1,1,ARMED,60,0,0,80:02:9C:61:97:4B,11,49,2829.4,80:02:9C:61:97:4A,2,0,NONE,2026-08-19T12:22:14.668216
45917,BEACON,-87,10,0,1001,70472,57188,337814,0,99,0,0,0,14:33:5C:6D:AF:58,1,1,ARMED,60,0,1,80:02:9C:61:97:4B,11,99,3604.6,80:02:9C:61:97:4A,2,0,NONE,2026-08-19T12:22:14.678216
45917,,-59,38,250,977,70472,57188,337834,0,99,0,0,0,14:33:5C:6D:AF:58,1,1,ARMED,60,0,0,80:02:9C:61:97:4B,11,149,3132.4,80:02:9C:61:97:4A,2,0,NONE,2026-08-19T12:22:14.698216
45917,,-59,38,205,1019,70472,57188,337844,0,99,0,0,0,14:33:5C:6D:AF:58,1,1,ARMED,60,0,1,80:02:9C:61:97:4B,11,199,3505.1,80:02:9C:61:97:4A,2,0,NONE,2026-08-19T12:22:14.708216
45917,,-60,37,0,1052,70472,57188,337866,0,99,0,0,0,14:33:5C:6D:AF:58,1,1,ARMED,60,0,1,80:02:9C:61:97:4B,11,249,3132.2,80:02:9C:61:97:4A,2,0,NONE,2026-08-19T12:22:14.730216
45917,,-59,38,250,1078,70472,57188,337878,0,99,0,0,0,14:33:5C:6D:AF:58,1,1,ARMED,60,0,0,80:02:9C:61:97:4B,11,299,3275.9,80:02:9C:61:97:4A,2,0,NONE,2026-08-19T12:22:14.742216
45917,,-59,38,341,1097,70472,57188,337934,0,99,0,0,0,14:33:5C:6D:AF:58,1,0,ARMED,60,0,0,80:02:9C:61:97:4B,11,49,1524.6,80:02:9C:61:97:4A,2,0,NONE,2026-08-19T12:22:14.798216
45917,,-59,38,150,1134,70472,57188,337950,0,99,0,0,0,14:33:5C:6D:AF:58,1,0,ARMED,60,0,0,80:02:9C:61:97:4B,11,99,2069.4,80:02:9C:61:97:4A,2,0,NONE,2026-08-19T12:22:14.814216
45917,,-59,38,323,1161,70472,57188,337970,0,99,0,0,0,14:33:5C:6D:AF:58,1,0,ARMED,60,0,0,80:02:9C:61:97:4B,11,149,2191.5,80:02:9C:61:97:4A,2,0,NONE,2026-08-19T12:22:14.834216
45917,,-66,31,259,1835,70388,57188,337988,0,99,0,0,0,14:33:5C:6D:AF:58,1,0,ARMED,60,0,1,80:02:9C:61:97:4B,11,199,2310.9,80:02:9C:61:97:4A,2,0,NONE,2026-08-19T12:22:14.852216
45917,,-66,31,606,1191,70472,57188,338115,0,99,0,0,0,14:33:5C:6D:AF:58,1,1,ARMED,60,0,0,80:02:9C:61:97:4B,11,21,1938.2,80:02:9C:61:97:4A,2,0,NONE,2026-08-19T12:22:14.979216
45917,,-66,31,0,1202,69032,57188,338131,0,99,0,0,0,14:33:5C:6D:AF:58,1,1,ARMED,60,0,0,80:02:9C:61:97:4B,11,71,2616,80:02:9C:61:97:4A,2,0,NONE,2026-08-19T12:22:14.995216
45917,,-59,38,287,1254,70472,57188,338151,0,99,0,0,0,14:33:5C:6D:AF:58,1,1,ARMED,60,0,0,80:02:9C:61:97:4B,11,121,2561.2,80:02:9C:61:97:4A,2,0,NONE,2026-08-19T12:22:15.015216
45917,,-66,31,0,1221,70472,57188,338166,0,99,0,0,0,14:33:5C:6D:AF:58,1,1,ARMED,60,0,0,80:02:9C:61:97:4B,11,171,2784.4,80:02:9C:61:97:4A,2,0,NONE,2026-08-19T12:22:15.030216
45917,,-66,31,446,1230,70196,57188,338186,0,99,0,0,0,14:33:5C:6D:AF:58,1,1,ARMED,60,0,1,80:02:9C:61:97:4B,11,221,2709.6,80:02:9C:61:97:4A,2,0,NONE,2026-08-19T12:22:15.050216
45917,,-59,38,286,1358,70472,57188,338195,0,99,0,0,0,14:33:5C:6D:AF:58,1,1,ARMED,60,0,0,80:02:9C:61:97:4B,11,271,2988.5,80:02:9C:61:97:4A,2,0,NONE,2026-08-19T12:22:15.059216
45917,,-59,38,212,2724,69032,57188,338236,0,99,0,0,0,14:33:5C:6D:AF:58,1,1,ARMED,60,0,1,80:02:9C:61:97:4B,11,49,2831.1,80:02:9C:61:97:4A,2,0,NONE,2026-08-19T12:22:15.100216
45917,,-59,38,286,1424,70472,57188,338243,0,99,0,0,0,14:33:5C:6D:AF:58,1,1,ARMED,60,0,0,80:02:9C:61:97:4B,11,99,4076.3,80:02:9C:61:97:4A,2,0,NONE,2026-08-19T12:22:15.107216
45917,,-59,38,286,1462,70472,57188,338263,0,99,0,0,0,14:33:5C:6D:AF:58,1,1,ARMED,60,0,0,80:02:9C:61:97:4B,11,149,3364.1,80:02:9C:61:97:4A,2,0,NONE,2026-08-19T12:22:15.127216
45917,,-58,39,287,1478,70472,57188,338287,0,99,0,0,0,14:33:5C:6D:AF:58,1,1,ARMED,60,0,0,80:02:9C:61:97:4B,11,199,2909.6,80:02:9C:61:97:4A,2,0,NONE,2026-08-19T12:22:15.151216
45917,,-58,39,287,1510,70472,57188,338342,0,99,0,0,0,14:33:5C:6D:AF:58,1,1,ARMED,60,0,0,80:02:9C:61:97:4B,11,11,683.1,80:02:9C:61:97:4A,2,0,NONE,2026-08-19T12:22:15.206216
45917,,-58,39,287,1553,70472,57188,338358,0,99,0,0,0,14:33:5C:6D:AF:58,1,1,ARMED,60,0,0,80:02:9C:61:97:4B,11,61,1943.1,80:02:9C:61:97:4A,2,0,NONE,2026-08-19T12:22:15.222216
45917,,-58,39,287,1584,69828,57188,338378,0,99,0,0,0,14:33:5C:6D:AF:58,1,1,ARMED,60,0,0,80:02:9C:61:97:4B,11,111,2155.8,80:02:9C:61:97:4A,2,0,NONE,2026-08-19T12:22:15.242216
45917,,-66,31,0,1293,70472,57188,338394,0,99,0,0,0,14:33:5C:6D:AF:58,1,1,ARMED,60,0,0,80:02:9C:61:97:4B,11,161,2378.2,80:02:9C:61:97:4A,2,0,NONE,2026-08-19T12:22:15.258216
45917,,-58,39,774,1637,70472,57188,338414,0,99,0,0,0,14:33:5C:6D:AF:58,1,1,ARMED,60,0,0,80:02:9C:61:97:4B,11,211,2399.9,80:02:9C:61:97:4A,2,0,NONE,2026-08-19T12:22:15.278216
45917,,-58,39,287,1673,70472,57188,338431,0,99,0,0,0,14:33:5C:6D:AF:58,1,1,ARMED,60,0,0,80:02:9C:61:97:4B,11,6,1242.5,80:02:9C:61:97:4A,2,0,NONE,2026-08-19T12:22:15.295216
45917,,-59,38,287,1705,70472,57188,338467,0,99,0,0,0,14:33:5C:6D:AF:58,1,1,ARMED,60,0,0,80:02:9C:61:97:4B,11,56,1391,80:02:9C:61:97:4A,2,0,NONE,2026-08-19T12:22:15.331216
45917,,-59,38,287,1739,69828,57188,338474,0,99,0,0,0,14:33:5C:6D:AF:58,1,1,ARMED,60,0,0,80:02:9C:61:97:4B,11,106,2221.8,80:02:9C:61:97:4A,2,0,NONE,2026-08-19T12:22:15.338216
45917,MGMT_OTHER,38,38,0,0,70472,57188,338729,0,99,0,0,0,14:33:5C:6D:AF:58,1,0,ARMED,60,0,1,80:02:9C:61:97:4B,11,16,167.2,80:02:9C:61:97:4A,2,0,NONE,2026-08-19T12:22:15.593216
45917,BEACON,-67,30,0,3181,70472,57188,339224,0,99,0,0,0,14:33:5C:6D:AF:58,0,0,ARMED,60,0,1,80:02:9C:61:97:4B,11,9,114.2,80:02:9C:61:97:4A,2,0,NONE,2026-08-19T12:22:16.088216
45917,MGMT_OTHER,46,46,0,0,70472,57188,339338,0,99,0,0,0,14:33:5C:6D:AF:58,0,0,ARMED,60,0,1,80:02:9C:61:97:4B,11,33,370.5,80:02:9C:61:97:4A,2,0,NONE,2026-08-19T12:22:16.202216
45917,,-56,41,31586,2439,70444,57188,339740,0,99,0,0,0,14:33:5C:6D:AF:58,0,0,ARMED,60,0,1,80:02:9C:61:97:4B,11,6,72.6,80:02:9C:61:97:4A,2,0,NONE,2026-08-19T12:22:16.604216
45917,,-69,28,0,2725,70472,57188,339962,0,99,0,0,0,14:33:5C:6D:AF:58,0,0,ARMED,60,0,1,80:02:9C:61:97:4B,11,14,166.3,80:02:9C:61:97:4A,2,0,NONE,2026-08-19T12:22:16.826216
45917,BEACON,-67,30,0,3191,70472,57188,340248,0,99,0,0,0,14:33:5C:6D:AF:58,0,0,ARMED,60,0,1,80:02:9C:61:97:4B,11,14,215.6,80:02:9C:61:97:4A,2,0,NONE,2026-08-19T12:22:17.112216
45917,BEACON,-86,11,0,1026,70472,57188,340477,0,99,0,0,0,14:33:5C:6D:AF:58,0,0,ARMED,60,0,1,80:02:9C:61:97:4B,11,34,392.6,80:02:9C:61:97:4A,2,0,NONE,2026-08-19T12:22:17.341216
45917,BEACON,-96,1,0,1385,70472,57188,340757,0,99,0,0,0,14:33:5C:6D:AF:58,0,1,ARMED,60,0,1,80:02:9C:61:97:4B,11,8,133.7,80:02:9C:61:97:4A,2,0,NONE,2026-08-19T12:22:17.621216
45917,BEACON,-87,10,0,1362,70472,57188,341282,0,99,0,0,0,14:33:5C:6D:AF:58,0,0,ARMED,60,0,1,80:02:9C:61:97:4B,11,5,68.7,80:02:9C:61:97:4A,2,0,NONE,2026-08-19T12:22:18.146216
45917,BEACON,-86,11,0,2758,70472,57188,341628,0,99,0,0,0,14:33:5C:6D:AF:58,0,0,ARMED,60,0,1,80:02:9C:61:97:4B,11,1,122.3,80:02:9C:61:97:4A,2,0,NONE,2026-08-19T12:22:18.492216
45917,BEACON,-89,8,0,832,70472,57188,342097,0,99,0,0,0,14:33:5C:6D:AF:58,0,0,ARMED,60,0,1,80:02:9C:61:97:4B,11,9,130.6,80:02:9C:61:97:4A,2,0,NONE,2026-08-19T12:22:18.961216
45917,BEACON,-87,10,0,1870,70472,57188,342643,0,99,0,0,0,14:33:5C:6D:AF:58,0,0,ARMED,60,0,1,80:02:9C:61:97:4B,11,10,97.6,80:02:9C:61:97:4A,2,0,NONE,2026-08-19T12:22:19.507216
45917,BEACON,-62,35,0,3220,70472,57188,343013,0,99,0,0,0,14:33:5C:6D:AF:58,0,0,ARMED,60,0,1,80:02:9C:61:97:4B,11,4,74.2,80:02:9C:61:97:4A,2,0,NONE,2026-08-19T12:22:19.877216
45917,BEACON,-88,9,0,1056,70472,57188,343549,0,99,0,0,0,14:33:5C:6D:AF:58,0,0,ARMED,60,0,1,80:02:9C:61:97:4B,11,3,126.4,80:02:9C:61:97:4A,2,0,NONE,2026-08-19T12:22:20.413216
45917,BEACON,-91,6,0,1060,70472,57188,343958,0,99,0,0,0,14:33:5C:6D:AF:58,0,0,ARMED,60,0,1,80:02:9C:61:97:4B,11,4,149,80:02:9C:61:97:4A,2,0,NONE,2026-08-19T12:22:20.822216
45917,,-58,39,292,2534,70472,57188,344193,0,99,0,0,0,14:33:5C:6D:AF:58,0,0,ARMED,60,0,0,80:02:9C:61:97:4B,11,34,598.9,80:02:9C:61:97:4A,2,0,NONE,2026-08-19T12:22:21.057216
45917,,-65,32,0,1883,70472,57188,344556,0,99,0,0,0,14:33:5C:6D:AF:58,0,0,ARMED,60,0,1,80:02:9C:61:97:4B,11,11,1458.5,80:02:9C:61:97:4A,2,0,NONE,2026-08-19T12:22:21.420216
45917,,-59,38,7694,1867,70472,57188,344711,0,99,0,0,0,14:33:5C:6D:AF:58,0,1,ARMED,60,0,0,80:02:9C:61:97:4B,11,19,318.7,80:02:9C:61:97:4A,2,0,NONE,2026-08-19T12:22:21.575216
45917,BEACON,-89,8,0,864,70472,57188,345169,0,99,0,0,0,14:33:5C:6D:AF:58,0,0,ARMED,60,0,1,80:02:9C:61:97:4B,11,1,165.2,80:02:9C:61:97:4A,2,0,NONE,2026-08-19T12:22:22.033216
45917,,-57,40,267,1774,70472,57188,345233,0,99,0,0,0,14:33:5C:6D:AF:58,0,0,ARMED,60,0,0,80:02:9C:61:97:4B,11,51,729.2,80:02:9C:61:97:4A,2,0,NONE,2026-08-19T12:22:22.097216
45917,,-58,39,250,1810,70444,57188,345253,0,99,0,0,0,14:33:5C:6D:AF:58,0,0,ARMED,60,0,0,80:02:9C:61:97:4B,11,101,1121.7,80:02:9C:61:97:4A,2,0,NONE,2026-08-19T12:22:22.117216
45917,,-58,39,509,1835,70472,57188,345277,0,99,0,0,0,14:33:5C:6D:AF:58,0,1,ARMED,60,0,0,80:02:9C:61:97:4B,11,28,2578.5,80:02:9C:61:97:4A,2,0,NONE,2026-08-19T12:22:22.141216
45917,,-58,39,287,1879,70472,57188,345297,0,99,0,0,0,14:33:5C:6D:AF:58,0,1,ARMED,60,0,0,80:02:9C:61:97:4B,11,78,2500.6,80:02:9C:61:97:4A,2,0,NONE,2026-08-19T12:22:22.161216
45917,,-68,29,0,1373,70472,57188,345325,0,99,0,0,0,14:33:5C:6D:AF:58,0,1,ARMED,60,0,0,80:02:9C:61:97:4B,11,128,2159.4,80:02:9C:61:97:4A,2,0,NONE,2026-08-19T12:22:22.189216
45917,,-58,39,286,1946,70472,57188,345439,0,99,0,0,0,14:33:5C:6D:AF:58,0,1,ARMED,60,0,0,80:02:9C:61:97:4B,11,44,619,80:02:9C:61:97:4A,2,0,NONE,2026-08-19T12:22:22.303216
45917,,-57,40,287,1985,70472,57188,345453,0,99,0,0,0,14:33:5C:6D:AF:58,0,1,ARMED,60,0,0,80:02:9C:61:97:4B,11,94,1109.1,80:02:9C:61:97:4A,2,0,NONE,2026-08-19T12:22:22.317216
45917,,-58,39,286,2022,70472,57188,345485,0,99,0,0,0,14:33:5C:6D:AF:58,1,1,ARMED,60,0,0,80:02:9C:61:97:4B,11,49,2859.5,80:02:9C:61:97:4A,2,0,NONE,2026-08-19T12:22:22.349216
45917,,-67,30,0,1400,69828,57188,345497,0,99,0,0,0,14:33:5C:6D:AF:58,1,1,ARMED,60,0,0,80:02:9C:61:97:4B,11,99,3378.5,80:02:9C:61:97:4A,2,0,NONE,2026-08-19T12:22:22.361216
45917,,-67,30,0,1411,70472,57188,345526,0,99,0,0,0,14:33:5C:6D:AF:58,1,1,ARMED,60,0,0,80:02:9C:61:97:4B,11,149,2557.5,80:02:9C:61:97:4A,2,0,NONE,2026-08-19T12:22:22.390216
45917,,-59,38,450,2119,70472,57188,345537,0,99,0,0,0,14:33:5C:6D:AF:58,1,1,ARMED,60,0,0,80:02:9C:61:97:4B,11,199,2893,80:02:9C:61:97:4A,2,0,NONE,2026-08-19T12:22:22.401216
45917,,-59,38,267,2151,70472,57188,345557,0,99,0,0,0,14:33:5C:6D:AF:58,1,1,ARMED,60,0,0,80:02:9C:61:97:4B,11,249,2799,80:02:9C:61:97:4A,2,0,NONE,2026-08-19T12:22:22.421216
45917,,-59,38,402,2190,70472,57188,345604,0,99,0,0,0,14:33:5C:6D:AF:58,1,1,ARMED,60,0,0,80:02:9C:61:97:4B,11,22,702.4,80:02:9C:61:97:4A,2,0,NONE,2026-08-19T12:22:22.468216
45917,,-68,29,381,1439,70472,57188,345625,0,99,0,0,0,14:33:5C:6D:AF:58,1,1,ARMED,60,0,1,80:02:9C:61:97:4B,11,72,1394.7,80:02:9C:61:97:4A,2,0,NONE,2026-08-19T12:22:22.489216
45917,,-58,39,608,2268,70472,57188,345636,0,99,0,0,0,14:33:5C:6D:AF:58,1,1,ARMED,60,0,0,80:02:9C:61:97:4B,11,122,1919.4,80:02:9C:61:97:4A,2,0,NONE,2026-08-19T12:22:22.500216
45917,,-58,39,485,2307,70472,57188,345657,0,99,0,0,0,14:33:5C:6D:AF:58,1,1,ARMED,60,0,0,80:02:9C:61:97:4B,11,172,2043.6,80:02:9C:61:97:4A,2,0,NONE,2026-08-19T12:22:22.521216
45917,BEACON,-64,33,81,3248,70472,57188,345780,0,99,0,0,0,14:33:5C:6D:AF:58,1,0,ARMED,60,0,1,80:02:9C:61:97:4B,11,16,156.2,80:02:9C:61:97:4A,2,0,NONE,2026-08-19T12:22:22.644216
45917,,-58,39,246,2457,70472,57188,345898,0,99,0,0,0,14:33:5C:6D:AF:58,0,0,ARMED,60,0,1,80:02:9C:61:97:4B,11,29,1614.2,80:02:9C:61:97:4A,2,0,NONE,2026-08-19T12:22:22.762216
45917,,-58,39,246,2395,70472,57188,345922,0,99,0,0,0,14:33:5C:6D:AF:58,0,0,ARMED,60,0,0,80:02:9C:61:97:4B,11,79,1890.7,80:02:9C:61:97:4A,2,0,NONE,2026-08-19T12:22:22.786216
45917,,-36,61,2188,266,70472,57188,345951,0,99,0,0,0,14:33:5C:6D:AF:58,0,0,ARMED,60,0,1,80:02:9C:61:97:4B,11,129,1820,80:02:9C:61:97:4A,2,0,NONE,2026-08-19T12:22:22.815216
45917,,-58,39,424,1869,70472,57188,346097,0,99,0,0,0,14:33:5C:6D:AF:58,0,0,ARMED,60,0,0,80:02:9C:61:97:4B,11,22,1796.1,80:02:9C:61:97:4A,2,0,NONE,2026-08-19T12:22:22.961216
45917,BEACON,-67,30,0,3255,70472,57188,346392,0,99,0,0,0,14:33:5C:6D:AF:58,0,0,ARMED,60,0,1,80:02:9C:61:97:4B,11,9,87.9,80:02:9C:61:97:4A,2,0,NONE,2026-08-19T12:22:23.256216
45917,BEACON,-90,7,0,635,70472,57188,346880,0,99,0,0,0,14:33:5C:6D:AF:58,0,0,ARMED,60,0,1,80:02:9C:61:97:4B,11,9,115.6,80:02:9C:61:97:4A,2,0,NONE,2026-08-19T12:22:23.744216
45917,BEACON,-62,35,0,3263,70472,57188,347211,0,99,0,0,0,14:33:5C:6D:AF:58,0,0,ARMED,60,0,1,80:02:9C:61:97:4B,11,9,87.9,80:02:9C:61:97:4A,2,0,NONE,2026-08-19T12:22:24.075216
45917,MGMT_OTHER,38,38,0,0,70472,57188,347660,0,99,0,0,0,14:33:5C:6D:AF:58,0,0,ARMED,60,0,0,80:02:9C:61:97:4B,11,5,126.7,80:02:9C:61:97:4A,2,0,NONE,2026-08-19T12:22:24.524216
45917,,-55,42,609,2588,70472,57188,347811,0,99,0,0,0,14:33:5C:6D:AF:58,0,1,ARMED,60,0,0,80:02:9C:61:97:4B,11,22,250.7,80:02:9C:61:97:4A,2,0,NONE,2026-08-19T12:22:24.675216
45917,BEACON,-83,14,0,894,70472,57188,348037,0,99,0,0,0,14:33:5C:6D:AF:58,0,0,ARMED,60,0,1,80:02:9C:61:97:4B,11,1,165.6,80:02:9C:61:97:4A,2,0,NONE,2026-08-19T12:22:24.901216
45917,BEACON,-82,15,0,1926,70472,57188,348377,0,99,0,0,0,14:33:5C:6D:AF:58,0,0,ARMED,60,0,1,80:02:9C:61:97:4B,11,5,126.3,80:02:9C:61:97:4A,2,0,NONE,2026-08-19T12:22:25.241216
45917,BEACON,-85,12,0,1111,70472,57188,348874,0,99,0,0,0,14:33:5C:6D:AF:58,0,0,ARMED,60,0,1,80:02:9C:61:97:4B,11,4,165.1,80:02:9C:61:97:4A,2,0,NONE,2026-08-19T12:22:25.738216
45917,BEACON,-84,13,0,907,70472,57188,349368,0,99,0,0,0,14:33:5C:6D:AF:58,0,0,ARMED,60,0,1,80:02:9C:61:97:4B,11,1,164.9,80:02:9C:61:97:4A,2,0,NONE,2026-08-19T12:22:26.232216
45917,BEACON,-95,2,0,1497,70472,57188,349768,0,99,0,0,0,14:33:5C:6D:AF:58,0,0,ARMED,60,0,1,80:02:9C:61:97:4B,11,9,90.6,80:02:9C:61:97:4A,2,0,NONE,2026-08-19T12:22:26.632216
45917,MGMT_OTHER,36,36,0,0,70472,57188,350188,0,99,0,0,0,14:33:5C:6D:AF:58,0,0,ARMED,60,0,0,80:02:9C:61:97:4B,11,11,127.7,80:02:9C:61:97:4A,2,0,NONE,2026-08-19T12:22:27.052216
