pen,subtype,rssi,snr,ipat,seq,heap,minheap,uptime,reconn,qpeak,udpfail,backlog,dropped,host_mac,pred_attack,pred_raw,calib,calib_thr,deauth_tgt,seq_jump,ap_bssid,channel,win_pkts,win_dens,gw_mac,gw_flip,label,attack_type,timestamp
45917,BEACON,-79,18,0,1155,65968,58444,1626,0,2,0,0,0,14:33:5C:6D:AF:58,0,0,CALIB,1.0,0,1,80:02:9C:61:97:4B,11,23,253.0,-,0,0,NONE,2026-08-19T16:17:53.217223
45917,,38,38,0,1023,65524,58444,1833,0,2,0,1,0,14:33:5C:6D:AF:58,0,1,CALIB,1.0,0,0,80:02:9C:61:97:4B,11,18,206.7,-,0,0,NONE,2026-08-19T16:17:53.271130
45917,,28,28,0,1023,65524,58444,2008,0,2,0,2,0,14:33:5C:6D:AF:58,0,1,CALIB,1.0,0,0,80:02:9C:61:97:4B,11,11,191.3,-,0,0,NONE,2026-08-19T16:17:53.271599
45917,,25,25,0,1023,65512,57436,3489,0,7,0,11,0,14:33:5C:6D:AF:58,0,1,CALIB,1.0,0,1,80:02:9C:61:97:4B,11,3,1237.1,80:02:9C:61:97:4A,0,0,NONE,2026-08-19T16:17:53.272311
45917,MGMT_OTHER,-91,6,2000,3011,65512,57436,3558,0,7,0,12,0,14:33:5C:6D:AF:58,0,1,CALIB,1.0,0,1,80:02:9C:61:97:4B,11,53,739.1,80:02:9C:61:97:4A,0,0,NONE,2026-08-19T16:17:53.272697
45917,,39,39,0,0,65512,57436,3606,0,7,0,13,0,14:33:5C:6D:AF:58,0,1,CALIB,1.0,0,1,80:02:9C:61:97:4B,11,9,504.1,80:02:9C:61:97:4A,0,0,NONE,2026-08-19T16:17:53.273011
45917,BEACON,-78,19,0,1079,65512,57436,3834,0,7,0,14,0,14:33:5C:6D:AF:58,0,0,CALIB,1.0,0,1,80:02:9C:61:97:4B,11,12,287.7,80:02:9C:61:97:4A,0,0,NONE,2026-08-19T16:17:53.273287
45917,,28,28,0,1070,65512,57436,4024,0,7,0,15,0,14:33:5C:6D:AF:58,0,0,CALIB,1.0,0,0,80:02:9C:61:97:4B,11,7,358.4,80:02:9C:61:97:4A,0,0,NONE,2026-08-19T16:17:53.273612
45917,,39,39,0,1072,65512,57436,4223,0,7,0,16,0,14:33:5C:6D:AF:58,0,0,CALIB,1.0,0,0,80:02:9C:61:97:4B,11,6,442.2,80:02:9C:61:97:4A,0,0,NONE,2026-08-19T16:17:53.274071
45917,,28,28,0,3207,65512,57436,4371,0,7,0,17,0,14:33:5C:6D:AF:58,0,0,CALIB,1.0,0,0,80:02:9C:61:97:4B,11,30,487.3,80:02:9C:61:97:4A,0,0,NONE,2026-08-19T16:17:53.274388
45917,,39,39,0,1023,65512,57436,4450,0,7,0,18,0,14:33:5C:6D:AF:58,0,1,CALIB,1.0,0,0,80:02:9C:61:97:4B,11,32,795.8,80:02:9C:61:97:4A,0,0,NONE,2026-08-19T16:17:53.274686
45917,PROBE_RESP,-95,2,0,1472,65512,57436,4566,0,7,0,19,0,14:33:5C:6D:AF:58,0,1,CALIB,1.0,0,1,80:02:9C:61:97:4B,11,11,202.2,80:02:9C:61:97:4A,0,0,NONE,2026-08-19T16:17:53.274996
45917,,-95,2,0,3303,65512,57436,4746,0,7,0,20,0,14:33:5C:6D:AF:58,0,1,CALIB,1.0,0,1,80:02:9C:61:97:4B,11,14,441.1,80:02:9C:61:97:4A,0,0,NONE,2026-08-19T16:17:53.275182
45917,,20,20,0,2968,65512,57436,4994,0,7,0,21,0,14:33:5C:6D:AF:58,0,0,CALIB,1.0,0,0,80:02:9C:61:97:4B,11,15,199.3,80:02:9C:61:97:4A,0,0,NONE,2026-08-19T16:17:53.275462
45917,,-57,40,542,2157,65524,57436,5156,0,7,0,22,0,14:33:5C:6D:AF:58,0,0,CALIB,1.0,0,1,80:02:9C:61:97:4B,11,22,697.6,80:02:9C:61:97:4A,0,0,NONE,2026-08-19T16:17:53.275765
45917,,39,39,0,1191,65476,57436,5313,0,7,0,23,0,14:33:5C:6D:AF:58,0,1,CALIB,1.0,0,0,80:02:9C:61:97:4B,11,26,299.6,80:02:9C:61:97:4A,0,0,NONE,2026-08-19T16:17:53.276014
45917,PROBE_RESP,-76,21,0,1046,65524,57436,5478,0,7,0,24,0,14:33:5C:6D:AF:58,0,1,CALIB,1.0,0,0,80:02:9C:61:97:4B,11,21,449.2,80:02:9C:61:97:4A,0,0,NONE,2026-08-19T16:17:53.276298
45917,BEACON,-86,11,0,1099,65524,57436,5674,0,7,0,25,0,14:33:5C:6D:AF:58,0,0,CALIB,1.0,0,1,80:02:9C:61:97:4B,11,11,289.1,80:02:9C:61:97:4A,0,0,NONE,2026-08-19T16:17:53.276591
45917,,24,24,0,1101,65524,57436,5894,0,7,0,26,0,14:33:5C:6D:AF:58,0,0,CALIB,1.0,0,0,80:02:9C:61:97:4B,11,13,242.8,80:02:9C:61:97:4A,0,0,NONE,2026-08-19T16:17:53.276825
45917,,-63,34,0,845,65524,57436,6039,0,7,0,27,0,14:33:5C:6D:AF:58,0,0,CALIB,1.0,0,1,80:02:9C:61:97:4B,11,41,434.5,80:02:9C:61:97:4A,0,0,NONE,2026-08-19T16:17:53.277063
45917,,26,26,0,973,65512,57436,6153,0,21,0,28,0,14:33:5C:6D:AF:58,0,1,CALIB,1.0,0,0,80:02:9C:61:97:4B,11,49,490.0,80:02:9C:61:97:4A,0,0,NONE,2026-08-19T16:17:53.277314
45917,,-57,40,415,2181,65512,57436,6300,0,21,0,29,0,14:33:5C:6D:AF:58,0,0,CALIB,1.0,0,1,80:02:9C:61:97:4B,11,25,589.9,80:02:9C:61:97:4A,0,0,NONE,2026-08-19T16:17:53.277586
45917,,39,39,0,1094,65512,57436,6483,0,21,0,30,0,14:33:5C:6D:AF:58,0,0,CALIB,1.0,0,0,80:02:9C:61:97:4B,11,7,340.5,80:02:9C:61:97:4A,0,0,NONE,2026-08-19T16:17:53.277959
45917,,26,26,0,1096,65512,57436,6695,0,21,0,31,0,14:33:5C:6D:AF:58,0,1,CALIB,1.0,0,0,80:02:9C:61:97:4B,11,7,232.2,80:02:9C:61:97:4A,0,0,NONE,2026-08-19T16:17:53.278294
45917,,26,26,0,1098,65512,57436,6914,0,21,0,32,0,14:33:5C:6D:AF:58,0,0,CALIB,1.0,0,0,80:02:9C:61:97:4B,11,10,235.8,80:02:9C:61:97:4A,0,0,NONE,2026-08-19T16:17:53.278452
45917,,26,26,0,1114,65512,57436,7110,0,21,0,33,0,14:33:5C:6D:AF:58,0,0,CALIB,1.0,0,0,80:02:9C:61:97:4B,11,9,271.2,80:02:9C:61:97:4A,0,0,NONE,2026-08-19T16:17:53.278653
45917,,24,24,0,1102,65512,57436,7343,0,21,0,34,0,14:33:5C:6D:AF:58,0,0,CALIB,1.0,0,0,80:02:9C:61:97:4B,11,11,178.1,80:02:9C:61:97:4A,0,0,NONE,2026-08-19T16:17:53.278914
45917,,38,38,0,2890,65512,57436,7613,0,21,0,35,0,14:33:5C:6D:AF:58,0,0,CALIB,1.0,0,0,80:02:9C:61:97:4B,11,3,125.6,80:02:9C:61:97:4A,0,0,NONE,2026-08-19T16:17:53.279216
45917,,26,26,0,2996,65512,57436,7806,0,21,0,36,0,14:33:5C:6D:AF:58,0,0,CALIB,1.0,0,0,80:02:9C:61:97:4B,11,5,419.4,80:02:9C:61:97:4A,0,0,NONE,2026-08-19T16:17:53.279421
45917,,26,26,0,3281,65512,57436,8026,0,21,0,37,0,14:33:5C:6D:AF:58,0,0,CALIB,1.0,0,0,80:02:9C:61:97:4B,11,7,231.5,80:02:9C:61:97:4A,0,0,NONE,2026-08-19T16:17:53.279748
45917,,39,39,0,1125,65512,57436,8263,0,21,0,38,0,14:33:5C:6D:AF:58,0,0,CALIB,1.0,0,0,80:02:9C:61:97:4B,11,14,236.3,80:02:9C:61:97:4A,0,0,NONE,2026-08-19T16:17:53.280114
45917,,26,26,0,3225,65512,57436,8466,0,21,0,39,0,14:33:5C:6D:AF:58,0,1,CALIB,1.0,0,0,80:02:9C:61:97:4B,11,12,208.4,80:02:9C:61:97:4A,0,0,NONE,2026-08-19T16:17:53.280377
45917,,-57,40,0,2188,65512,57436,8594,0,21,0,40,0,14:33:5C:6D:AF:58,0,0,CALIB,1.0,0,0,80:02:9C:61:97:4B,11,38,454.1,80:02:9C:61:97:4A,0,0,NONE,2026-08-19T16:17:53.280628
45917,,38,38,0,3005,65512,57436,8743,0,21,0,41,0,14:33:5C:6D:AF:58,0,1,CALIB,1.0,0,0,80:02:9C:61:97:4B,11,6,218.1,80:02:9C:61:97:4A,0,0,NONE,2026-08-19T16:17:53.280817
45917,,25,25,0,3237,65512,57436,8917,0,21,0,42,0,14:33:5C:6D:AF:58,0,0,CALIB,1.0,0,0,80:02:9C:61:97:4B,11,30,301.1,80:02:9C:61:97:4A,0,0,NONE,2026-08-19T16:17:53.281055
45917,,39,39,0,3008,65512,57436,9045,0,21,0,43,0,14:33:5C:6D:AF:58,0,1,CALIB,1.0,0,0,80:02:9C:61:97:4B,11,9,397.4,80:02:9C:61:97:4A,0,0,NONE,2026-08-19T16:17:53.281403
45917,,25,25,0,2908,65512,57436,9264,0,21,0,44,0,14:33:5C:6D:AF:58,0,0,CALIB,1.0,0,0,80:02:9C:61:97:4B,11,7,188.8,80:02:9C:61:97:4A,0,0,NONE,2026-08-19T16:17:53.281644
45917,,48,48,0,1123,65512,57436,9445,0,21,0,45,0,14:33:5C:6D:AF:58,0,1,CALIB,1.0,0,0,80:02:9C:61:97:4B,11,7,463.4,80:02:9C:61:97:4A,0,0,NONE,2026-08-19T16:17:53.281908
45917,,-57,40,0,2209,65512,57436,9547,0,21,0,46,0,14:33:5C:6D:AF:58,0,1,CALIB,1.0,0,0,80:02:9C:61:97:4B,11,12,933.1,80:02:9C:61:97:4A,0,0,NONE,2026-08-19T16:17:53.282207
45917,,39,39,0,2912,65512,57436,9683,0,21,0,47,0,14:33:5C:6D:AF:58,0,1,CALIB,1.0,0,0,80:02:9C:61:97:4B,11,10,215.6,80:02:9C:61:97:4A,0,0,NONE,2026-08-19T16:17:53.282568
45917,,39,39,0,1493,65512,57436,9883,0,21,0,48,0,14:33:5C:6D:AF:58,0,0,CALIB,1.0,0,0,80:02:9C:61:97:4B,11,10,243.5,80:02:9C:61:97:4A,0,0,NONE,2026-08-19T16:17:53.282899
45917,,39,39,0,1144,65512,57436,10093,0,21,0,49,0,14:33:5C:6D:AF:58,0,0,CALIB,1.0,0,0,80:02:9C:61:97:4B,11,13,269.8,80:02:9C:61:97:4A,0,0,NONE,2026-08-19T16:17:53.283224
45917,BEACON,-80,17,0,1239,65512,57436,10228,0,21,0,50,0,14:33:5C:6D:AF:58,0,1,CALIB,1.0,0,1,80:02:9C:61:97:4B,11,25,303.7,80:02:9C:61:97:4A,0,0,NONE,2026-08-19T16:17:53.283494
45917,,66,66,0,1147,65512,57436,10401,0,21,0,51,0,14:33:5C:6D:AF:58,0,0,CALIB,1.0,0,0,80:02:9C:61:97:4B,11,22,406.7,80:02:9C:61:97:4A,0,0,NONE,2026-08-19T16:17:53.283694
45917,BEACON,-78,19,0,3253,65512,57436,10551,0,21,0,52,0,14:33:5C:6D:AF:58,0,1,CALIB,1.0,0,1,80:02:9C:61:97:4B,11,33,322.2,80:02:9C:61:97:4A,0,0,NONE,2026-08-19T16:17:53.283836
45917,,26,26,0,1136,65512,57436,10774,0,21,0,53,0,14:33:5C:6D:AF:58,0,1,CALIB,1.0,0,0,80:02:9C:61:97:4B,11,8,435.5,80:02:9C:61:97:4A,0,0,NONE,2026-08-19T16:17:53.283970
45917,,40,40,0,3257,65492,57436,10963,0,21,0,54,0,14:33:5C:6D:AF:58,0,1,CALIB,1.0,0,0,80:02:9C:61:97:4B,11,1,470.1,80:02:9C:61:97:4A,0,0,NONE,2026-08-19T16:17:53.284191
45917,,49,49,0,1139,65512,57436,11087,0,21,0,55,0,14:33:5C:6D:AF:58,0,1,CALIB,1.0,0,0,80:02:9C:61:97:4B,11,11,467.7,80:02:9C:61:97:4A,0,0,NONE,2026-08-19T16:17:53.284575
45917,,39,39,0,3030,65460,57436,11284,0,21,0,56,0,14:33:5C:6D:AF:58,0,0,CALIB,1.0,0,0,80:02:9C:61:97:4B,11,7,433.6,80:02:9C:61:97:4A,0,0,NONE,2026-08-19T16:17:53.284946
45917,BEACON,-79,18,0,1251,65512,57436,11457,0,21,0,57,0,14:33:5C:6D:AF:58,0,1,CALIB,1.0,0,1,80:02:9C:61:97:4B,11,20,231.7,80:02:9C:61:97:4A,0,0,NONE,2026-08-19T16:17:53.285426
45917,,39,39,0,2931,65512,57436,11583,0,21,0,58,0,14:33:5C:6D:AF:58,0,1,CALIB,1.0,0,0,80:02:9C:61:97:4B,11,4,506.3,80:02:9C:61:97:4A,0,0,NONE,2026-08-19T16:17:53.285702
45917,,27,27,0,0,65512,57436,11700,0,21,0,59,0,14:33:5C:6D:AF:58,0,1,CALIB,1.0,0,1,80:02:9C:61:97:4B,11,24,1088.2,80:02:9C:61:97:4A,0,0,NONE,2026-08-19T16:17:53.286039
45917,,49,49,0,1255,65512,57436,11879,0,21,0,60,0,14:33:5C:6D:AF:58,0,1,CALIB,1.0,0,0,80:02:9C:61:97:4B,11,25,253.5,80:02:9C:61:97:4A,0,0,NONE,2026-08-19T16:17:53.286384
45917,,26,26,0,2936,65512,57436,12103,0,21,0,61,0,14:33:5C:6D:AF:58,0,0,CALIB,1.0,0,0,80:02:9C:61:97:4B,11,3,183.6,80:02:9C:61:97:4A,0,0,NONE,2026-08-19T16:17:53.286624
45917,,39,39,0,1166,65512,57436,12343,0,21,0,62,0,14:33:5C:6D:AF:58,0,0,CALIB,1.0,0,0,80:02:9C:61:97:4B,11,13,256.8,80:02:9C:61:97:4A,0,0,NONE,2026-08-19T16:17:53.286865
45917,,26,26,0,1168,65512,57436,12555,0,21,0,63,0,14:33:5C:6D:AF:58,0,0,CALIB,1.0,0,0,80:02:9C:61:97:4B,11,16,275.3,80:02:9C:61:97:4A,0,0,NONE,2026-08-19T16:17:53.287065
45917,,39,39,0,1023,65512,57436,12764,0,21,0,64,0,14:33:5C:6D:AF:58,0,0,CALIB,1.0,0,0,80:02:9C:61:97:4B,11,15,239.2,80:02:9C:61:97:4A,0,0,NONE,2026-08-19T16:17:53.287353
45917,,39,39,0,269,65512,57436,12963,0,21,0,65,0,14:33:5C:6D:AF:58,0,0,CALIB,1.0,0,0,80:02:9C:61:97:4B,11,18,321.8,80:02:9C:61:97:4A,0,0,NONE,2026-08-19T16:17:53.287555
45917,,-57,40,0,2241,65512,57436,13027,0,21,0,66,0,14:33:5C:6D:AF:58,0,1,CALIB,1.0,0,0,80:02:9C:61:97:4B,11,15,807.8,80:02:9C:61:97:4A,0,0,NONE,2026-08-19T16:17:53.287822
45917,,39,39,0,1409,65512,57436,13183,0,21,0,67,0,14:33:5C:6D:AF:58,0,1,CALIB,1.0,0,0,80:02:9C:61:97:4B,11,17,242.6,80:02:9C:61:97:4A,0,0,NONE,2026-08-19T16:17:53.288092
45917,PROBE_RESP,-81,16,0,1227,65512,57436,13383,0,21,0,68,0,14:33:5C:6D:AF:58,0,0,CALIB,1.0,0,1,80:02:9C:61:97:4B,11,22,327.9,80:02:9C:61:97:4A,0,0,NONE,2026-08-19T16:17:53.288367
45917,,39,39,0,1179,65512,57436,13583,0,21,0,69,0,14:33:5C:6D:AF:58,0,0,CALIB,1.0,0,0,80:02:9C:61:97:4B,11,15,241.6,80:02:9C:61:97:4A,0,0,NONE,2026-08-19T16:17:53.288636
45917,,70,70,0,1878,65512,57436,13783,0,21,0,70,0,14:33:5C:6D:AF:58,0,0,CALIB,1.0,0,0,80:02:9C:61:97:4B,11,15,259.1,80:02:9C:61:97:4A,0,0,NONE,2026-08-19T16:17:53.288839
45917,,39,39,0,3056,65512,57436,13963,0,21,0,71,0,14:33:5C:6D:AF:58,0,1,CALIB,1.0,0,0,80:02:9C:61:97:4B,11,7,215.2,80:02:9C:61:97:4A,0,0,NONE,2026-08-19T16:17:53.289001
45917,,20,20,0,3288,65512,57436,14138,0,21,0,72,0,14:33:5C:6D:AF:58,0,1,CALIB,1.0,0,0,80:02:9C:61:97:4B,11,3,1209.2,80:02:9C:61:97:4A,0,0,NONE,2026-08-19T16:17:53.289215
45917,,39,39,0,2958,65512,57436,14350,0,21,0,73,0,14:33:5C:6D:AF:58,0,0,CALIB,1.0,0,0,80:02:9C:61:97:4B,11,6,568.7,80:02:9C:61:97:4A,0,0,NONE,2026-08-19T16:17:53.289414
45917,,39,39,0,1173,65512,57436,14573,0,21,0,74,0,14:33:5C:6D:AF:58,0,0,CALIB,1.0,0,0,80:02:9C:61:97:4B,11,9,321.1,80:02:9C:61:97:4A,0,0,NONE,2026-08-19T16:17:53.289578
45917,,22,22,0,3064,65512,57436,14766,0,21,0,75,0,14:33:5C:6D:AF:58,0,1,CALIB,1.0,0,0,80:02:9C:61:97:4B,11,6,354.8,80:02:9C:61:97:4A,0,0,NONE,2026-08-19T16:17:53.289717
45917,,39,39,0,1049,65512,57436,15001,0,21,0,76,0,14:33:5C:6D:AF:58,0,0,CALIB,1.0,0,0,80:02:9C:61:97:4B,11,11,236.5,80:02:9C:61:97:4A,0,0,NONE,2026-08-19T16:17:53.289871
45917,,-64,33,292,983,65508,57436,15171,0,21,0,77,0,14:33:5C:6D:AF:58,0,0,CALIB,1.0,0,0,80:02:9C:61:97:4B,11,9,749.4,80:02:9C:61:97:4A,0,0,NONE,2026-08-19T16:17:53.290074
45917,,39,39,0,1180,65508,57436,15333,0,21,0,78,0,14:33:5C:6D:AF:58,0,1,CALIB,1.0,0,0,80:02:9C:61:97:4B,11,15,211.5,80:02:9C:61:97:4A,0,0,NONE,2026-08-19T16:17:53.290245
45917,,39,39,0,1199,65508,57436,15533,0,21,0,79,0,14:33:5C:6D:AF:58,0,1,CALIB,1.0,0,0,80:02:9C:61:97:4B,11,13,195.8,80:02:9C:61:97:4A,0,0,NONE,2026-08-19T16:17:53.290417
45917,,22,22,0,1201,65508,57052,15755,0,21,0,80,0,14:33:5C:6D:AF:58,0,0,CALIB,1.0,0,0,80:02:9C:61:97:4B,11,23,278.8,80:02:9C:61:97:4A,0,0,NONE,2026-08-19T16:17:53.290605
45917,BEACON,-64,33,82,2974,65508,57052,15986,0,21,0,81,0,14:33:5C:6D:AF:58,0,0,CALIB,1.0,0,1,80:02:9C:61:97:4B,11,4,546.7,80:02:9C:61:97:4A,0,0,NONE,2026-08-19T16:17:53.290771
45917,,-64,33,624,1001,65508,57052,16121,0,21,0,82,0,14:33:5C:6D:AF:58,0,0,CALIB,1.0,0,1,80:02:9C:61:97:4B,11,30,750.9,80:02:9C:61:97:4A,0,0,NONE,2026-08-19T16:17:53.290908
45917,,40,40,0,1298,65508,57052,16283,0,21,0,83,0,14:33:5C:6D:AF:58,0,1,CALIB,1.0,0,0,80:02:9C:61:97:4B,11,25,251.3,80:02:9C:61:97:4A,0,0,NONE,2026-08-19T16:17:53.291048
45917,,-57,40,2046,2280,65508,57052,16406,0,21,0,84,0,14:33:5C:6D:AF:58,0,1,CALIB,1.0,0,0,80:02:9C:61:97:4B,11,9,1154.0,80:02:9C:61:97:4A,0,0,NONE,2026-08-19T16:17:53.291203
45917,,39,39,0,1210,65508,57052,16542,0,21,0,85,0,14:33:5C:6D:AF:58,0,1,CALIB,1.0,0,0,80:02:9C:61:97:4B,11,8,194.7,80:02:9C:61:97:4A,0,0,NONE,2026-08-19T16:17:53.291404
45917,BEACON,-91,6,0,1212,65508,57052,16733,0,21,0,86,0,14:33:5C:6D:AF:58,0,0,CALIB,1.0,0,0,80:02:9C:61:97:4B,11,7,263.8,80:02:9C:61:97:4A,0,0,NONE,2026-08-19T16:17:53.291642
45917,,40,40,0,3085,65508,57052,16913,0,21,0,87,0,14:33:5C:6D:AF:58,0,1,CALIB,1.0,0,0,80:02:9C:61:97:4B,11,2,1297.9,80:02:9C:61:97:4A,0,0,NONE,2026-08-19T16:17:53.291888
45917,BEACON,-86,11,0,1216,65512,57052,17143,0,21,0,88,0,14:33:5C:6D:AF:58,0,0,CALIB,1.0,0,1,80:02:9C:61:97:4B,11,4,151.6,80:02:9C:61:97:4A,0,0,NONE,2026-08-19T16:17:53.292051
45917,,21,21,0,3089,65512,57052,17366,0,21,0,89,0,14:33:5C:6D:AF:58,0,0,CALIB,1.0,0,0,80:02:9C:61:97:4B,11,8,179.0,80:02:9C:61:97:4A,0,0,NONE,2026-08-19T16:17:53.292190
45917,,39,39,0,1202,65512,57052,17533,0,21,0,90,0,14:33:5C:6D:AF:58,0,1,CALIB,1.0,0,0,80:02:9C:61:97:4B,11,2,290.2,80:02:9C:61:97:4A,0,0,NONE,2026-08-19T16:17:53.292324
45917,,39,39,0,3093,65512,57052,17751,0,21,0,91,0,14:33:5C:6D:AF:58,0,0,CALIB,1.0,0,0,80:02:9C:61:97:4B,11,5,251.2,80:02:9C:61:97:4A,0,0,NONE,2026-08-19T16:17:53.292458
45917,,22,22,0,1224,65512,57052,17985,0,21,0,92,0,14:33:5C:6D:AF:58,0,0,CALIB,1.0,0,0,80:02:9C:61:97:4B,11,9,200.5,80:02:9C:61:97:4A,0,0,NONE,2026-08-19T16:17:53.292638
45917,BEACON,-79,18,0,1317,65512,57052,18215,0,21,0,93,0,14:33:5C:6D:AF:58,0,0,CALIB,1.0,0,1,80:02:9C:61:97:4B,11,15,207.0,80:02:9C:61:97:4A,0,0,NONE,2026-08-19T16:17:53.292797
45917,,39,39,0,1228,65512,57052,18393,0,21,0,94,0,14:33:5C:6D:AF:58,0,1,CALIB,1.0,0,0,80:02:9C:61:97:4B,11,9,191.8,80:02:9C:61:97:4A,0,0,NONE,2026-08-19T16:17:53.292982
45917,BEACON,-82,15,0,1229,65512,57052,18474,0,21,0,95,0,14:33:5C:6D:AF:58,0,1,CALIB,1.0,0,1,80:02:9C:61:97:4B,11,31,1169.2,80:02:9C:61:97:4A,0,0,NONE,2026-08-19T16:17:53.293242
45917,,-64,33,0,1028,65512,57052,18619,0,21,0,96,0,14:33:5C:6D:AF:58,0,1,CALIB,1.0,0,1,80:02:9C:61:97:4B,11,12,168.4,80:02:9C:61:97:4A,0,0,NONE,2026-08-19T16:17:53.293586
45917,,22,22,0,3530,65512,57052,18714,0,21,0,97,0,14:33:5C:6D:AF:58,0,1,CALIB,1.0,0,0,80:02:9C:61:97:4B,11,21,321.5,80:02:9C:61:97:4A,0,0,NONE,2026-08-19T16:17:53.293869
45917,,23,23,0,3104,65512,57052,18858,0,21,0,98,0,14:33:5C:6D:AF:58,0,1,CALIB,1.0,0,0,80:02:9C:61:97:4B,11,3,422.7,80:02:9C:61:97:4A,0,0,NONE,2026-08-19T16:17:53.294254
45917,,40,40,0,3336,65512,57052,19052,0,21,0,99,0,14:33:5C:6D:AF:58,0,1,CALIB,1.0,0,0,80:02:9C:61:97:4B,11,28,278.7,80:02:9C:61:97:4A,0,0,NONE,2026-08-19T16:17:53.294578
45917,,22,22,0,3338,65512,57052,19257,0,21,0,100,0,14:33:5C:6D:AF:58,0,0,CALIB,1.0,0,0,80:02:9C:61:97:4B,11,2,1070.7,80:02:9C:61:97:4A,0,0,NONE,2026-08-19T16:17:53.294858
45917,,48,48,0,3340,65512,57052,19462,0,21,0,101,0,14:33:5C:6D:AF:58,0,0,CALIB,1.0,0,0,80:02:9C:61:97:4B,11,2,804.5,80:02:9C:61:97:4A,0,0,NONE,2026-08-19T16:17:53.295115
45917,,40,40,0,2806,65512,57052,19643,0,21,0,102,0,14:33:5C:6D:AF:58,0,1,CALIB,1.0,0,0,80:02:9C:61:97:4B,11,23,286.1,80:02:9C:61:97:4A,0,0,NONE,2026-08-19T16:17:53.295358
45917,,22,22,0,3343,65512,57052,19768,0,21,0,103,0,14:33:5C:6D:AF:58,0,1,CALIB,1.0,0,0,80:02:9C:61:97:4B,11,1,1000.0,80:02:9C:61:97:4A,0,0,NONE,2026-08-19T16:17:53.295715
45917,,-56,41,0,2311,65512,57052,19927,0,21,0,104,0,14:33:5C:6D:AF:58,0,0,CALIB,1.0,0,1,80:02:9C:61:97:4B,11,28,485.4,80:02:9C:61:97:4A,0,0,NONE,2026-08-19T16:17:53.296026
45917,,40,40,0,3346,65492,57052,20076,0,21,0,105,0,14:33:5C:6D:AF:58,0,1,CALIB,1.0,0,0,80:02:9C:61:97:4B,11,2,959.7,80:02:9C:61:97:4A,0,0,NONE,2026-08-19T16:17:53.296334
45917,,39,39,0,3118,65512,57052,20301,0,21,0,106,0,14:33:5C:6D:AF:58,0,0,CALIB,1.0,0,0,80:02:9C:61:97:4B,11,5,228.0,80:02:9C:61:97:4A,0,0,NONE,2026-08-19T16:17:53.296517
45917,BEACON,-91,6,0,1231,65512,57052,20500,0,21,0,107,0,14:33:5C:6D:AF:58,0,0,CALIB,1.0,0,1,80:02:9C:61:97:4B,11,5,314.0,80:02:9C:61:97:4A,0,0,NONE,2026-08-19T16:17:53.296829
45917,,22,22,0,1233,65512,57052,20705,0,21,0,108,0,14:33:5C:6D:AF:58,0,0,CALIB,1.0,0,0,80:02:9C:61:97:4B,11,9,543.0,80:02:9C:61:97:4A,0,0,NONE,2026-08-19T16:17:53.297061
45917,,22,22,0,1235,65512,57052,20925,0,21,0,109,0,14:33:5C:6D:AF:58,0,0,CALIB,1.0,0,0,80:02:9C:61:97:4B,11,10,320.8,80:02:9C:61:97:4A,0,0,NONE,2026-08-19T16:17:53.297230
45917,BEACON,-92,5,0,3126,65512,57052,21110,0,21,0,110,0,14:33:5C:6D:AF:58,0,1,CALIB,1.0,0,1,80:02:9C:61:97:4B,11,5,425.2,80:02:9C:61:97:4A,0,0,NONE,2026-08-19T16:17:53.297369
45917,,39,39,0,1238,65512,57052,21270,0,21,0,111,0,14:33:5C:6D:AF:58,0,0,CALIB,1.0,0,0,80:02:9C:61:97:4B,11,30,434.4,80:02:9C:61:97:4A,0,0,NONE,2026-08-19T16:17:53.297506
45917,,39,39,0,1940,65512,57052,21424,0,21,0,112,0,14:33:5C:6D:AF:58,0,1,CALIB,1.0,0,1,80:02:9C:61:97:4B,11,9,768.0,80:02:9C:61:97:4A,0,0,NONE,2026-08-19T16:17:53.297640
45917,BEACON,-95,2,0,1242,65512,57052,21626,0,21,0,113,0,14:33:5C:6D:AF:58,0,0,CALIB,1.0,0,1,80:02:9C:61:97:4B,11,4,340.0,80:02:9C:61:97:4A,0,0,NONE,2026-08-19T16:17:53.297807
45917,BEACON,-94,3,0,3133,65512,57052,21827,0,21,0,114,0,14:33:5C:6D:AF:58,0,0,CALIB,1.0,0,1,80:02:9C:61:97:4B,11,1,221.6,80:02:9C:61:97:4A,0,0,NONE,2026-08-19T16:17:53.298021
45917,,-57,40,536,2325,65512,57052,21985,0,21,0,115,0,14:33:5C:6D:AF:58,0,0,CALIB,1.0,0,1,80:02:9C:61:97:4B,11,28,447.2,80:02:9C:61:97:4A,0,0,NONE,2026-08-19T16:17:53.298193
45917,,40,40,0,3136,65436,57052,22134,0,21,0,116,0,14:33:5C:6D:AF:58,0,1,CALIB,1.0,0,0,80:02:9C:61:97:4B,11,2,429.5,80:02:9C:61:97:4A,0,0,NONE,2026-08-19T16:17:53.298349
45917,BEACON,-94,3,0,3138,65512,57052,22339,0,21,0,117,0,14:33:5C:6D:AF:58,0,0,CALIB,1.0,0,1,80:02:9C:61:97:4B,11,3,690.3,80:02:9C:61:97:4A,0,0,NONE,2026-08-19T16:17:53.298495
45917,,19,19,0,1250,65512,57052,22495,0,21,0,118,0,14:33:5C:6D:AF:58,0,1,CALIB,1.0,0,0,80:02:9C:61:97:4B,11,16,273.8,80:02:9C:61:97:4A,0,0,NONE,2026-08-19T16:17:53.298635
45917,,48,48,0,1023,65512,57052,22687,0,21,0,119,0,14:33:5C:6D:AF:58,0,0,CALIB,1.0,0,0,80:02:9C:61:97:4B,11,12,263.3,80:02:9C:61:97:4A,0,0,NONE,2026-08-19T16:17:53.298775
45917,BEACON,-79,18,0,1362,65512,57052,22826,0,21,0,120,0,14:33:5C:6D:AF:58,0,1,CALIB,1.0,0,1,80:02:9C:61:97:4B,11,19,230.7,80:02:9C:61:97:4A,0,0,NONE,2026-08-19T16:17:53.298911
45917,,40,40,0,3375,65512,57052,23044,0,21,0,121,0,14:33:5C:6D:AF:58,0,0,CALIB,1.0,0,0,80:02:9C:61:97:4B,11,19,199.1,80:02:9C:61:97:4A,0,0,NONE,2026-08-19T16:17:53.299048
45917,PROBE_RESP,-80,17,0,1243,65512,57052,23230,0,21,0,122,0,14:33:5C:6D:AF:58,0,1,CALIB,1.0,0,0,80:02:9C:61:97:4B,11,13,192.6,80:02:9C:61:97:4A,0,0,NONE,2026-08-19T16:17:53.299222
45917,,-57,40,0,2342,65512,57052,23397,0,21,0,123,0,14:33:5C:6D:AF:58,0,0,CALIB,1.0,0,1,80:02:9C:61:97:4B,11,15,1036.3,80:02:9C:61:97:4A,0,0,NONE,2026-08-19T16:17:53.299364
45917,,39,39,0,1260,65512,57052,23485,0,21,0,124,0,14:33:5C:6D:AF:58,0,1,CALIB,1.0,0,0,80:02:9C:61:97:4B,11,1,1000.0,80:02:9C:61:97:4A,0,0,NONE,2026-08-19T16:17:53.299560
45917,MGMT_OTHER,-91,6,0,2243,65512,57052,23662,0,21,0,125,0,14:33:5C:6D:AF:58,0,1,CALIB,1.0,0,1,80:02:9C:61:97:4B,11,20,255.0,80:02:9C:61:97:4A,0,0,NONE,2026-08-19T16:17:53.299778
45917,,39,39,0,1372,65512,57052,23851,0,21,0,126,0,14:33:5C:6D:AF:58,0,1,CALIB,1.0,0,0,80:02:9C:61:97:4B,11,14,240.5,80:02:9C:61:97:4A,0,0,NONE,2026-08-19T16:17:53.300009
45917,,48,48,0,979,65512,57052,24023,0,21,0,127,0,14:33:5C:6D:AF:58,0,1,CALIB,1.0,0,0,80:02:9C:61:97:4B,11,9,401.0,80:02:9C:61:97:4A,0,0,NONE,2026-08-19T16:17:53.300248
45917,BEACON,-80,17,0,3387,65512,57052,24273,0,21,0,128,0,14:33:5C:6D:AF:58,0,0,CALIB,1.0,0,1,80:02:9C:61:97:4B,11,8,127.4,80:02:9C:61:97:4A,0,0,NONE,2026-08-19T16:17:53.300491
45917,BEACON,-91,6,0,3158,65512,57052,24387,0,21,0,129,0,14:33:5C:6D:AF:58,0,1,CALIB,1.0,0,1,80:02:9C:61:97:4B,11,16,210.3,80:02:9C:61:97:4A,0,0,NONE,2026-08-19T16:17:53.300787
45917,,21,21,0,1379,65512,57052,24574,0,21,0,130,0,14:33:5C:6D:AF:58,0,1,CALIB,1.0,0,0,80:02:9C:61:97:4B,11,15,262.6,80:02:9C:61:97:4A,0,0,NONE,2026-08-19T16:17:53.301128
45917,,39,39,0,1023,65512,57052,24763,0,21,0,131,0,14:33:5C:6D:AF:58,0,1,CALIB,1.0,0,0,80:02:9C:61:97:4B,11,4,199.6,80:02:9C:61:97:4A,0,0,NONE,2026-08-19T16:17:53.301306
45917,BEACON,-80,17,0,3393,65512,57052,24887,0,21,0,132,0,14:33:5C:6D:AF:58,0,1,CALIB,1.0,0,1,80:02:9C:61:97:4B,11,11,249.3,80:02:9C:61:97:4A,0,0,NONE,2026-08-19T16:17:53.301659
45917,BEACON,-78,19,0,1384,65512,57052,25076,0,21,0,133,0,14:33:5C:6D:AF:58,0,1,CALIB,1.0,0,1,80:02:9C:61:97:4B,11,8,244.6,80:02:9C:61:97:4A,0,0,NONE,2026-08-19T16:17:53.301912
45917,PROBE_REQ,39,39,0,885,65512,57052,25243,0,21,0,134,0,14:33:5C:6D:AF:58,0,0,CALIB,1.0,0,0,80:02:9C:61:97:4B,11,33,349.9,80:02:9C:61:97:4A,0,0,NONE,2026-08-19T16:17:53.302165
45917,,-89,8,0,35,65512,57052,25423,0,21,0,135,0,14:33:5C:6D:AF:58,0,1,CALIB,1.0,0,1,80:02:9C:61:97:4B,11,18,292.6,80:02:9C:61:97:4A,0,0,NONE,2026-08-19T16:17:53.302452
45917,PROBE_REQ,39,39,0,3069,65512,57052,25613,0,21,0,136,0,14:33:5C:6D:AF:58,0,0,CALIB,1.0,0,0,80:02:9C:61:97:4B,11,14,293.6,80:02:9C:61:97:4A,0,0,NONE,2026-08-19T16:17:53.302847
45917,PROBE_REQ,39,39,0,3172,65512,57052,25863,0,21,0,137,0,14:33:5C:6D:AF:58,0,0,CALIB,1.0,0,0,80:02:9C:61:97:4B,11,15,201.8,80:02:9C:61:97:4A,0,0,NONE,2026-08-19T16:17:53.303124
45917,,-57,40,0,2375,65512,57052,25979,0,21,0,138,0,14:33:5C:6D:AF:58,0,0,CALIB,1.0,0,0,80:02:9C:61:97:4B,11,47,539.9,80:02:9C:61:97:4A,0,0,NONE,2026-08-19T16:17:53.303368
45917,,66,66,0,3175,65512,57052,26141,0,21,0,139,0,14:33:5C:6D:AF:58,0,1,CALIB,1.0,0,0,80:02:9C:61:97:4B,11,16,333.5,80:02:9C:61:97:4A,0,0,NONE,2026-08-19T16:17:53.303631
45917,,23,23,0,1309,65512,57052,26388,0,21,0,140,0,14:33:5C:6D:AF:58,0,0,CALIB,1.0,0,0,80:02:9C:61:97:4B,11,20,239.9,80:02:9C:61:97:4A,0,0,NONE,2026-08-19T16:17:53.303784
45917,,23,23,0,2249,65512,57052,26808,0,21,0,142,0,14:33:5C:6D:AF:58,0,1,CALIB,1.0,0,0,80:02:9C:61:97:4B,11,17,217.1,80:02:9C:61:97:4A,0,0,NONE,2026-08-19T16:17:53.303923
45917,,39,39,0,1484,65512,57052,26900,0,21,0,143,0,14:33:5C:6D:AF:58,0,0,CALIB,1.0,0,0,80:02:9C:61:97:4B,11,46,678.0,80:02:9C:61:97:4A,0,0,NONE,2026-08-19T16:17:53.304058
45917,,-64,33,292,1186,65512,57052,27115,0,21,0,144,0,14:33:5C:6D:AF:58,0,0,CALIB,1.0,0,0,80:02:9C:61:97:4B,11,28,387.4,80:02:9C:61:97:4A,0,0,NONE,2026-08-19T16:17:53.304192
45917,,40,40,0,1023,65512,57052,27273,0,21,0,145,0,14:33:5C:6D:AF:58,0,0,CALIB,1.0,0,0,80:02:9C:61:97:4B,11,6,257.3,80:02:9C:61:97:4A,0,0,NONE,2026-08-19T16:17:53.304325
45917,,-45,52,0,3263,65512,57052,27503,0,21,0,146,0,14:33:5C:6D:AF:58,0,0,CALIB,1.0,0,1,80:02:9C:61:97:4B,11,10,197.6,80:02:9C:61:97:4A,0,0,NONE,2026-08-19T16:17:53.304527
45917,BEACON,-83,14,0,1323,65512,57052,27792,0,21,0,147,0,14:33:5C:6D:AF:58,0,0,CALIB,1.0,0,1,80:02:9C:61:97:4B,11,5,162.6,80:02:9C:61:97:4A,0,0,NONE,2026-08-19T16:17:53.304681
45917,BEACON,-81,16,0,3424,65512,57052,28061,0,21,0,148,0,14:33:5C:6D:AF:58,0,0,CALIB,1.0,0,1,80:02:9C:61:97:4B,11,16,168.2,80:02:9C:61:97:4A,0,0,NONE,2026-08-19T16:17:53.304819
45917,,39,39,0,1307,65512,57052,28338,0,21,0,149,0,14:33:5C:6D:AF:58,0,0,CALIB,1.0,0,0,80:02:9C:61:97:4B,11,14,217.2,80:02:9C:61:97:4A,0,0,NONE,2026-08-19T16:17:53.304978
45917,,-45,52,274,3270,65512,57052,28557,0,21,0,150,0,14:33:5C:6D:AF:58,0,0,CALIB,1.0,0,0,80:02:9C:61:97:4B,11,21,265.6,80:02:9C:61:97:4A,0,0,NONE,2026-08-19T16:17:53.305115
45917,,22,22,0,1023,65512,57052,28755,0,21,0,151,0,14:33:5C:6D:AF:58,0,0,CALIB,1.0,0,0,80:02:9C:61:97:4B,11,18,250.4,80:02:9C:61:97:4A,0,0,NONE,2026-08-19T16:17:53.305254
45917,BEACON,-80,17,0,1423,65512,57052,29069,0,21,0,152,0,14:33:5C:6D:AF:58,0,0,CALIB,1.0,0,1,80:02:9C:61:97:4B,11,10,126.4,80:02:9C:61:97:4A,0,0,NONE,2026-08-19T16:17:53.305391
45917,,-57,40,0,2407,65512,57052,29299,0,21,0,153,0,14:33:5C:6D:AF:58,0,0,CALIB,1.0,0,0,80:02:9C:61:97:4B,11,4,1190.5,80:02:9C:61:97:4A,0,0,NONE,2026-08-19T16:17:53.305562
45917,,39,39,0,1427,65512,57052,29483,0,21,0,154,0,14:33:5C:6D:AF:58,0,1,CALIB,1.0,0,0,80:02:9C:61:97:4B,11,16,182.9,80:02:9C:61:97:4A,0,0,NONE,2026-08-19T16:17:53.305701
45917,,39,39,0,1343,65512,57052,29653,0,21,0,155,0,14:33:5C:6D:AF:58,0,1,CALIB,1.0,0,0,80:02:9C:61:97:4B,11,10,208.2,80:02:9C:61:97:4A,0,0,NONE,2026-08-19T16:17:53.305835
45917,,39,39,0,1322,65512,57052,29841,0,21,0,156,0,14:33:5C:6D:AF:58,0,0,CALIB,1.0,0,0,80:02:9C:61:97:4B,11,5,163.5,80:02:9C:61:97:4A,0,0,NONE,2026-08-19T16:17:53.305975
45917,,17,17,0,3213,65512,57052,30074,0,21,0,157,0,14:33:5C:6D:AF:58,0,0,CALIB,1.0,0,0,80:02:9C:61:97:4B,11,12,200.4,80:02:9C:61:97:4A,0,0,NONE,2026-08-19T16:17:53.306121
45917,,39,39,0,1327,65512,57052,30332,0,21,0,158,0,14:33:5C:6D:AF:58,0,0,CALIB,1.0,0,0,80:02:9C:61:97:4B,11,3,273.7,80:02:9C:61:97:4A,0,0,NONE,2026-08-19T16:17:53.306268
45917,,-56,41,0,2426,65512,57052,30422,0,21,0,159,0,14:33:5C:6D:AF:58,0,1,CALIB,1.0,0,0,80:02:9C:61:97:4B,11,1,1000.0,80:02:9C:61:97:4A,0,0,NONE,2026-08-19T16:17:53.306453
45917,,16,16,0,1329,65512,57052,30554,0,21,0,160,0,14:33:5C:6D:AF:58,0,1,CALIB,1.0,0,0,80:02:9C:61:97:4B,11,10,314.2,80:02:9C:61:97:4A,0,0,NONE,2026-08-19T16:17:53.306586
45917,,39,39,0,1354,65512,57052,30781,0,21,0,161,0,14:33:5C:6D:AF:58,0,1,CALIB,1.0,0,0,80:02:9C:61:97:4B,11,17,295.8,80:02:9C:61:97:4A,0,0,NONE,2026-08-19T16:17:53.306853
45917,,40,40,0,3222,65512,57052,31010,0,21,0,162,0,14:33:5C:6D:AF:58,0,0,CALIB,1.0,0,0,80:02:9C:61:97:4B,11,19,234.4,80:02:9C:61:97:4A,0,0,NONE,2026-08-19T16:17:53.307156
45917,BEACON,-94,3,0,3225,65512,57052,31248,0,21,0,163,0,14:33:5C:6D:AF:58,0,0,CALIB,1.0,0,1,80:02:9C:61:97:4B,11,3,253.8,80:02:9C:61:97:4A,0,0,NONE,2026-08-19T16:17:53.307437
45917,BEACON,-82,15,0,1361,65512,57052,31481,0,21,0,164,0,14:33:5C:6D:AF:58,0,0,CALIB,1.0,0,1,80:02:9C:61:97:4B,11,10,244.9,80:02:9C:61:97:4A,0,0,NONE,2026-08-19T16:17:53.307783
45917,,21,21,0,1023,65512,57052,31658,0,21,0,165,0,14:33:5C:6D:AF:58,0,1,CALIB,1.0,0,0,80:02:9C:61:97:4B,11,5,433.2,80:02:9C:61:97:4A,0,0,NONE,2026-08-19T16:17:53.308067
45917,,22,22,0,3461,65512,57052,31855,0,21,0,166,0,14:33:5C:6D:AF:58,0,0,CALIB,1.0,0,0,80:02:9C:61:97:4B,11,2,423.4,80:02:9C:61:97:4A,0,0,NONE,2026-08-19T16:17:53.308326
45917,,-47,50,12456,3291,65512,57052,32055,0,21,0,167,0,14:33:5C:6D:AF:58,0,0,CALIB,1.0,0,1,80:02:9C:61:97:4B,11,1,1000.0,80:02:9C:61:97:4A,0,0,NONE,2026-08-19T16:17:53.308493
45917,,22,22,0,1454,65512,57052,32257,0,21,0,168,0,14:33:5C:6D:AF:58,0,1,CALIB,1.0,0,0,80:02:9C:61:97:4B,11,15,150.0,80:02:9C:61:97:4A,0,0,NONE,2026-08-19T16:17:53.308638
45917,,22,22,0,2445,65512,57052,32395,0,21,0,169,0,14:33:5C:6D:AF:58,0,0,CALIB,1.0,0,0,80:02:9C:61:97:4B,11,22,684.1,80:02:9C:61:97:4A,0,0,NONE,2026-08-19T16:17:53.308813
45917,,39,39,0,1372,65512,57052,32623,0,21,0,170,0,14:33:5C:6D:AF:58,0,0,CALIB,1.0,0,0,80:02:9C:61:97:4B,11,12,214.2,80:02:9C:61:97:4A,0,0,NONE,2026-08-19T16:17:53.308994
45917,,-64,33,0,1253,65512,57052,32876,0,21,0,171,0,14:33:5C:6D:AF:58,0,0,CALIB,1.0,0,1,80:02:9C:61:97:4B,11,1,788.6,80:02:9C:61:97:4A,0,0,NONE,2026-08-19T16:17:53.309136
45917,,22,22,0,1023,65512,57052,33112,0,21,0,172,0,14:33:5C:6D:AF:58,0,0,CALIB,1.0,0,0,80:02:9C:61:97:4B,11,10,304.9,80:02:9C:61:97:4A,0,0,NONE,2026-08-19T16:17:53.309286
45917,,22,22,0,1023,65512,57052,33301,0,21,0,173,0,14:33:5C:6D:AF:58,0,1,CALIB,1.0,0,0,80:02:9C:61:97:4B,11,7,368.4,80:02:9C:61:97:4A,0,0,NONE,2026-08-19T16:17:53.309481
45917,,40,40,0,1380,65512,57052,33432,0,21,0,174,0,14:33:5C:6D:AF:58,0,0,CALIB,1.0,0,0,80:02:9C:61:97:4B,11,30,647.3,80:02:9C:61:97:4A,0,0,NONE,2026-08-19T16:17:53.309634
45917,,40,40,0,1382,65512,57052,33642,0,21,0,175,0,14:33:5C:6D:AF:58,0,0,CALIB,1.0,0,0,80:02:9C:61:97:4B,11,15,300.0,80:02:9C:61:97:4A,0,0,NONE,2026-08-19T16:17:53.309776
45917,,-64,33,292,1269,65512,57052,33873,0,21,0,176,0,14:33:5C:6D:AF:58,0,0,CALIB,1.0,0,0,80:02:9C:61:97:4B,11,18,234.6,80:02:9C:61:97:4A,0,0,NONE,2026-08-19T16:17:53.309912
45917,,-64,33,0,1286,65512,57052,33962,0,21,0,177,0,14:33:5C:6D:AF:58,0,1,CALIB,1.0,0,0,80:02:9C:61:97:4B,11,28,439.8,80:02:9C:61:97:4A,0,0,NONE,2026-08-19T16:17:53.310044
45917,,40,40,0,1390,65512,57052,34163,0,21,0,178,0,14:33:5C:6D:AF:58,0,0,CALIB,1.0,0,0,80:02:9C:61:97:4B,11,12,199.2,80:02:9C:61:97:4A,0,0,NONE,2026-08-19T16:17:53.316245
45917,,21,21,0,1391,65512,57052,34284,0,21,0,179,0,14:33:5C:6D:AF:58,0,0,CALIB,1.0,0,0,80:02:9C:61:97:4B,11,41,522.6,80:02:9C:61:97:4A,0,0,NONE,2026-08-19T16:17:53.317639
45917,,40,40,0,2228,65512,57052,34482,0,21,0,180,0,14:33:5C:6D:AF:58,0,0,CALIB,1.0,0,0,80:02:9C:61:97:4B,11,20,276.4,80:02:9C:61:97:4A,0,0,NONE,2026-08-19T16:17:53.317869
45917,,14,14,0,1369,65512,57052,34634,0,21,0,181,0,14:33:5C:6D:AF:58,0,1,CALIB,1.0,0,0,80:02:9C:61:97:4B,11,7,370.3,80:02:9C:61:97:4A,0,0,NONE,2026-08-19T16:17:53.318174
45917,BEACON,-64,33,0,3164,65512,57052,34827,0,21,0,182,0,14:33:5C:6D:AF:58,0,1,CALIB,1.0,0,1,80:02:9C:61:97:4B,11,3,403.7,80:02:9C:61:97:4A,0,0,NONE,2026-08-19T16:17:53.318451
45917,,54,54,0,1023,65512,57052,35034,0,21,0,183,0,14:33:5C:6D:AF:58,0,0,CALIB,1.0,0,0,80:02:9C:61:97:4B,11,10,820.7,80:02:9C:61:97:4A,0,0,NONE,2026-08-19T16:17:53.318664
45917,,41,41,0,3264,65512,57052,35262,0,21,0,184,0,14:33:5C:6D:AF:58,0,0,CALIB,1.0,0,0,80:02:9C:61:97:4B,11,7,210.9,80:02:9C:61:97:4A,0,0,NONE,2026-08-19T16:17:53.318840
45917,,13,13,0,1403,65512,57052,35494,0,21,0,185,0,14:33:5C:6D:AF:58,0,0,CALIB,1.0,0,0,80:02:9C:61:97:4B,11,15,250.5,80:02:9C:61:97:4A,0,0,NONE,2026-08-19T16:17:53.319036
45917,,12,12,0,1379,65512,57052,35710,0,21,0,186,0,14:33:5C:6D:AF:58,0,0,CALIB,1.0,0,0,80:02:9C:61:97:4B,11,23,321.3,80:02:9C:61:97:4A,0,0,NONE,2026-08-19T16:17:53.319225
45917,,50,50,0,1407,65512,57052,35886,0,21,0,187,0,14:33:5C:6D:AF:58,0,0,CALIB,1.0,0,0,80:02:9C:61:97:4B,11,19,449.1,80:02:9C:61:97:4A,0,0,NONE,2026-08-19T16:17:53.319432
45917,,40,40,0,3272,65512,57052,36072,0,21,0,188,0,14:33:5C:6D:AF:58,0,1,CALIB,1.0,0,0,80:02:9C:61:97:4B,11,8,335.8,80:02:9C:61:97:4A,0,0,NONE,2026-08-19T16:17:53.319607
45917,,-41,56,0,3307,65512,57052,36326,0,21,0,189,0,14:33:5C:6D:AF:58,0,0,CALIB,1.0,0,1,80:02:9C:61:97:4B,11,17,233.5,80:02:9C:61:97:4A,0,0,NONE,2026-08-19T16:17:53.319758
45917,,-65,32,292,1316,65512,57052,36505,0,21,0,190,0,14:33:5C:6D:AF:58,0,0,CALIB,1.0,0,0,80:02:9C:61:97:4B,11,28,593.0,80:02:9C:61:97:4A,0,0,NONE,2026-08-19T16:17:53.319907
45917,BEACON,-65,32,0,3183,65512,57052,36773,0,21,0,191,0,14:33:5C:6D:AF:58,0,0,CALIB,1.0,0,1,80:02:9C:61:97:4B,11,2,267.9,80:02:9C:61:97:4A,0,0,NONE,2026-08-19T16:17:53.320081
45917,,40,40,0,3185,65512,57052,36983,0,21,0,192,0,14:33:5C:6D:AF:58,0,0,CALIB,1.0,0,0,80:02:9C:61:97:4B,11,4,306.8,80:02:9C:61:97:4A,0,0,NONE,2026-08-19T16:17:53.320225
45917,,40,40,0,0,65512,57052,37183,0,21,0,193,0,14:33:5C:6D:AF:58,0,0,CALIB,1.0,0,1,80:02:9C:61:97:4B,11,7,845.8,80:02:9C:61:97:4A,0,0,NONE,2026-08-19T16:17:53.320413
45917,,21,21,0,1421,65512,57052,37334,0,21,0,194,0,14:33:5C:6D:AF:58,0,1,CALIB,1.0,0,0,80:02:9C:61:97:4B,11,18,315.3,80:02:9C:61:97:4A,0,0,NONE,2026-08-19T16:17:53.320612
45917,BEACON,-79,18,0,3516,65512,57052,37482,0,21,0,195,0,14:33:5C:6D:AF:58,0,0,CALIB,1.0,0,1,80:02:9C:61:97:4B,11,19,187.8,80:02:9C:61:97:4A,0,0,NONE,2026-08-19T16:17:53.320723
45917,BEACON,-79,18,0,3518,65512,57052,37688,0,21,0,196,0,14:33:5C:6D:AF:58,0,0,CALIB,1.0,0,1,80:02:9C:61:97:4B,11,16,155.1,80:02:9C:61:97:4A,0,0,NONE,2026-08-19T16:17:53.320890
45917,,19,19,0,1401,65512,57052,37954,0,21,0,197,0,14:33:5C:6D:AF:58,0,0,CALIB,1.0,0,0,80:02:9C:61:97:4B,11,13,208.4,80:02:9C:61:97:4A,0,0,NONE,2026-08-19T16:17:53.321215
45917,,40,40,0,1429,65512,57052,38162,0,21,0,198,0,14:33:5C:6D:AF:58,0,1,CALIB,1.0,0,0,80:02:9C:61:97:4B,11,19,288.3,80:02:9C:61:97:4A,0,0,NONE,2026-08-19T16:17:53.321429
45917,,13,13,0,1023,65512,57052,38465,0,21,0,199,0,14:33:5C:6D:AF:58,0,0,CALIB,1.0,0,0,80:02:9C:61:97:4B,11,14,229.8,80:02:9C:61:97:4A,0,0,NONE,2026-08-19T16:17:53.321594
45917,,40,40,0,1023,65512,57052,38673,0,21,0,200,0,14:33:5C:6D:AF:58,0,0,CALIB,1.0,0,0,80:02:9C:61:97:4B,11,20,308.2,80:02:9C:61:97:4A,0,0,NONE,2026-08-19T16:17:53.321843
45917,BEACON,-94,3,0,3300,65512,57052,38928,0,21,0,201,0,14:33:5C:6D:AF:58,0,0,CALIB,1.0,0,1,80:02:9C:61:97:4B,11,3,251.3,80:02:9C:61:97:4A,0,0,NONE,2026-08-19T16:17:53.322001
45917,,21,21,0,1439,65512,57052,39184,0,21,0,202,0,14:33:5C:6D:AF:58,0,0,CALIB,1.0,0,0,80:02:9C:61:97:4B,11,12,188.2,80:02:9C:61:97:4A,0,0,NONE,2026-08-19T16:17:53.322142
45917,,40,40,0,1524,65512,57052,39413,0,21,0,203,0,14:33:5C:6D:AF:58,0,0,CALIB,1.0,0,0,80:02:9C:61:97:4B,11,20,234.0,80:02:9C:61:97:4A,0,0,NONE,2026-08-19T16:17:53.322284
45917,BEACON,-63,34,0,3211,65512,57052,39640,0,21,0,204,0,14:33:5C:6D:AF:58,0,0,CALIB,1.0,0,1,80:02:9C:61:97:4B,11,1,133.6,80:02:9C:61:97:4A,0,0,NONE,2026-08-19T16:17:53.322421
45917,,-56,41,813,2519,65512,57052,39790,0,21,0,205,0,14:33:5C:6D:AF:58,0,0,CALIB,1.0,0,0,80:02:9C:61:97:4B,11,34,623.6,80:02:9C:61:97:4A,0,0,NONE,2026-08-19T16:17:53.322578
45917,,22,22,0,11,65512,57052,40031,0,21,0,206,0,14:33:5C:6D:AF:58,0,0,CALIB,1.0,0,1,80:02:9C:61:97:4B,11,19,207.8,80:02:9C:61:97:4A,0,0,NONE,2026-08-19T16:17:53.322720
45917,,39,39,0,1532,65512,57052,40243,0,21,0,207,0,14:33:5C:6D:AF:58,0,0,CALIB,1.0,0,0,80:02:9C:61:97:4B,11,28,308.7,80:02:9C:61:97:4A,0,0,NONE,2026-08-19T16:17:53.322859
45917,BEACON,-94,3,0,1426,65512,57052,40468,0,21,0,208,0,14:33:5C:6D:AF:58,0,0,CALIB,1.0,0,1,80:02:9C:61:97:4B,11,4,461.4,80:02:9C:61:97:4A,0,0,NONE,2026-08-19T16:17:53.323102
45917,BEACON,-80,17,0,1536,65512,57052,40641,0,21,0,209,0,14:33:5C:6D:AF:58,0,1,CALIB,1.0,0,1,80:02:9C:61:97:4B,11,19,240.2,80:02:9C:61:97:4A,0,0,NONE,2026-08-19T16:17:53.323297
45917,,-63,34,0,1383,65512,57052,40677,0,25,0,210,0,14:33:5C:6D:AF:58,0,0,CALIB,1.0,0,0,80:02:9C:61:97:4B,11,49,3253.7,80:02:9C:61:97:4A,0,0,NONE,2026-08-19T16:17:53.325428
45917,,12,12,0,1456,65512,57052,40801,0,25,0,211,0,14:33:5C:6D:AF:58,0,1,CALIB,1.0,0,0,80:02:9C:61:97:4B,11,10,285.8,80:02:9C:61:97:4A,0,0,NONE,2026-08-19T16:17:53.326294
45917,BEACON,-94,3,0,3320,65492,57052,40976,0,25,0,212,0,14:33:5C:6D:AF:58,0,0,CALIB,1.0,0,1,80:02:9C:61:97:4B,11,1,215.3,80:02:9C:61:97:4A,0,0,NONE,2026-08-19T16:17:53.326537
45917,,-63,34,292,1395,65512,57052,41157,0,25,0,213,0,14:33:5C:6D:AF:58,0,0,CALIB,1.0,0,0,80:02:9C:61:97:4B,11,32,382.0,80:02:9C:61:97:4A,0,0,NONE,2026-08-19T16:17:53.329087
45917,,39,39,0,1434,65512,57052,41289,0,25,0,214,0,14:33:5C:6D:AF:58,0,1,CALIB,1.0,0,0,80:02:9C:61:97:4B,11,4,359.7,80:02:9C:61:97:4A,0,0,NONE,2026-08-19T16:17:53.330066
45917,BEACON,-80,17,0,1544,65512,57052,41460,0,25,0,215,0,14:33:5C:6D:AF:58,0,0,CALIB,1.0,0,1,80:02:9C:61:97:4B,11,28,355.6,80:02:9C:61:97:4A,0,0,NONE,2026-08-19T16:17:53.330283
45917,BEACON,-64,33,0,3233,65512,57052,41688,0,25,0,216,0,14:33:5C:6D:AF:58,0,0,CALIB,1.0,0,1,80:02:9C:61:97:4B,11,21,205.0,80:02:9C:61:97:4A,0,0,NONE,2026-08-19T16:17:53.330460
45917,,39,39,0,1440,65512,57052,41902,0,25,0,217,0,14:33:5C:6D:AF:58,0,1,CALIB,1.0,0,0,80:02:9C:61:97:4B,11,4,416.0,80:02:9C:61:97:4A,0,0,NONE,2026-08-19T16:17:53.330607
45917,DISASSOC,-78,19,0,0,65512,57052,42122,0,25,0,218,0,14:33:5C:6D:AF:58,0,0,CALIB,1.0,0,0,80:02:9C:61:97:4B,11,6,240.6,80:02:9C:61:97:4A,0,0,NONE,2026-08-19T16:17:53.330767
45917,,16,16,0,1553,65512,57052,42385,0,25,0,219,0,14:33:5C:6D:AF:58,0,0,CALIB,1.0,0,0,80:02:9C:61:97:4B,11,18,218.2,80:02:9C:61:97:4A,0,0,NONE,2026-08-19T16:17:53.330914
45917,BEACON,-78,19,0,3566,65512,57052,42602,0,25,0,220,0,14:33:5C:6D:AF:58,0,1,CALIB,1.0,0,1,80:02:9C:61:97:4B,11,21,221.6,80:02:9C:61:97:4A,0,0,NONE,2026-08-19T16:17:53.331092
45917,,17,17,0,3568,65512,57052,42808,0,25,0,221,0,14:33:5C:6D:AF:58,0,0,CALIB,1.0,0,0,80:02:9C:61:97:4B,11,28,292.8,80:02:9C:61:97:4A,0,0,NONE,2026-08-19T16:17:53.335360
45917,,39,39,0,0,65512,57052,42948,0,25,0,222,0,14:33:5C:6D:AF:58,0,0,CALIB,1.0,0,0,80:02:9C:61:97:4B,11,22,881.2,80:02:9C:61:97:4A,0,0,NONE,2026-08-19T16:17:53.346407
45917,,40,40,0,3248,65512,57052,43225,0,25,0,223,0,14:33:5C:6D:AF:58,0,0,CALIB,1.0,0,0,80:02:9C:61:97:4B,11,19,201.1,80:02:9C:61:97:4A,0,0,NONE,2026-08-19T16:17:53.347841
45917,,40,40,0,1455,65512,57052,43502,0,25,0,224,0,14:33:5C:6D:AF:58,0,0,CALIB,1.0,0,0,80:02:9C:61:97:4B,11,7,116.9,80:02:9C:61:97:4A,0,0,NONE,2026-08-19T16:17:53.348071
45917,,40,40,0,3347,65512,57052,43763,0,25,0,225,0,14:33:5C:6D:AF:58,0,0,CALIB,1.0,0,0,80:02:9C:61:97:4B,11,19,184.8,80:02:9C:61:97:4A,0,0,NONE,2026-08-19T16:17:53.348257
45917,,40,40,0,1489,65512,57052,43974,0,25,0,226,0,14:33:5C:6D:AF:58,0,1,CALIB,1.0,0,0,80:02:9C:61:97:4B,11,2,2000.0,80:02:9C:61:97:4A,0,0,NONE,2026-08-19T16:17:53.348395
45917,,40,40,0,1571,65512,57052,44225,0,25,0,227,0,14:33:5C:6D:AF:58,0,0,CALIB,1.0,0,0,80:02:9C:61:97:4B,11,8,247.3,80:02:9C:61:97:4A,0,0,NONE,2026-08-19T16:17:53.348585
45917,,-56,41,0,2567,65512,57052,44273,0,25,0,228,0,14:33:5C:6D:AF:58,0,0,CALIB,1.0,0,0,80:02:9C:61:97:4B,11,58,717.8,80:02:9C:61:97:4A,0,0,NONE,2026-08-19T16:17:53.348757
45917,BEACON,-91,6,0,1494,65512,57052,44484,0,25,0,229,0,14:33:5C:6D:AF:58,0,0,CALIB,1.0,0,0,80:02:9C:61:97:4B,11,21,255.8,80:02:9C:61:97:4A,0,0,NONE,2026-08-19T16:17:53.348936
45917,,66,66,0,2063,65512,57052,44612,0,26,0,230,0,14:33:5C:6D:AF:58,0,1,CALIB,1.0,0,0,80:02:9C:61:97:4B,11,3,551.4,80:02:9C:61:97:4A,0,0,NONE,2026-08-19T16:17:53.349091
45917,BEACON,-64,33,0,3264,65512,57052,44862,0,26,0,231,0,14:33:5C:6D:AF:58,0,0,CALIB,1.0,0,1,80:02:9C:61:97:4B,11,15,374.5,80:02:9C:61:97:4A,0,0,NONE,2026-08-19T16:17:53.349266
45917,,40,40,0,1471,65512,57052,45113,0,26,0,232,0,14:33:5C:6D:AF:58,0,0,CALIB,1.0,0,0,80:02:9C:61:97:4B,11,17,246.0,80:02:9C:61:97:4A,0,0,NONE,2026-08-19T16:17:53.349432
45917,,40,40,0,1582,65512,57052,45352,0,26,0,233,0,14:33:5C:6D:AF:58,0,0,ARMED,70.0,0,0,80:02:9C:61:97:4B,11,2,1426.5,80:02:9C:61:97:4A,0,0,NONE,2026-08-19T16:17:53.349596
45917,,20,20,0,1023,65512,57052,45505,0,26,0,234,0,14:33:5C:6D:AF:58,0,0,ARMED,70.0,0,0,80:02:9C:61:97:4B,11,25,483.6,80:02:9C:61:97:4A,0,0,NONE,2026-08-19T16:17:53.349742
45917,,21,21,0,0,65512,57052,45724,0,26,0,235,0,14:33:5C:6D:AF:58,0,0,ARMED,70.0,0,0,80:02:9C:61:97:4B,11,16,242.6,80:02:9C:61:97:4A,0,0,NONE,2026-08-19T16:17:53.349884
45917,,21,21,0,824,65512,57052,46060,0,26,0,236,0,14:33:5C:6D:AF:58,0,0,ARMED,70.0,0,0,80:02:9C:61:97:4B,11,14,148.1,80:02:9C:61:97:4A,0,0,NONE,2026-08-19T16:17:53.350015
45917,BEACON,-95,2,4959,1483,65512,57052,46305,0,26,0,237,0,14:33:5C:6D:AF:58,0,0,ARMED,70.0,0,1,80:02:9C:61:97:4B,11,10,303.9,80:02:9C:61:97:4A,0,0,NONE,2026-08-19T16:17:53.350204
45917,,-64,33,546,1465,65512,57052,46451,0,26,0,238,0,14:33:5C:6D:AF:58,0,0,ARMED,70.0,0,0,80:02:9C:61:97:4B,11,36,474.1,80:02:9C:61:97:4A,0,0,NONE,2026-08-19T16:17:53.350468
45917,,40,40,0,1023,65512,57052,46650,0,26,0,239,0,14:33:5C:6D:AF:58,0,0,ARMED,70.0,0,0,80:02:9C:61:97:4B,11,21,299.6,80:02:9C:61:97:4A,0,0,NONE,2026-08-19T16:17:53.350644
45917,,41,41,0,1488,65512,57052,46862,0,26,0,240,0,14:33:5C:6D:AF:58,0,0,ARMED,70.0,0,0,80:02:9C:61:97:4B,11,18,231.5,80:02:9C:61:97:4A,0,0,NONE,2026-08-19T16:17:53.350806
45917,BEACON,-79,18,0,3610,65512,57052,47110,0,26,0,241,0,14:33:5C:6D:AF:58,0,0,ARMED,70.0,0,1,80:02:9C:61:97:4B,11,5,271.5,80:02:9C:61:97:4A,0,0,NONE,2026-08-19T16:17:53.350990
45917,,40,40,0,3613,65512,57052,47416,0,26,0,242,0,14:33:5C:6D:AF:58,0,0,ARMED,70.0,0,0,80:02:9C:61:97:4B,11,4,239.3,80:02:9C:61:97:4A,0,0,NONE,2026-08-19T16:17:53.351154
45917,,40,40,0,1525,65512,57052,47672,0,26,0,243,0,14:33:5C:6D:AF:58,0,0,ARMED,70.0,0,0,80:02:9C:61:97:4B,11,13,189.2,80:02:9C:61:97:4A,0,0,NONE,2026-08-19T16:17:53.351313
45917,,-64,33,0,1481,65512,57052,47771,0,26,0,244,0,14:33:5C:6D:AF:58,0,0,ARMED,70.0,0,0,80:02:9C:61:97:4B,11,45,729.9,80:02:9C:61:97:4A,0,0,NONE,2026-08-19T16:17:53.351501
45917,BEACON,-81,16,0,1607,65512,57052,47911,0,26,0,245,0,14:33:5C:6D:AF:58,0,1,ARMED,70.0,0,1,80:02:9C:61:97:4B,11,13,132.6,80:02:9C:61:97:4A,0,0,NONE,2026-08-19T16:17:53.351654
45917,,20,20,0,1500,65512,57052,48094,0,26,0,246,0,14:33:5C:6D:AF:58,0,1,ARMED,70.0,0,0,80:02:9C:61:97:4B,11,13,204.5,80:02:9C:61:97:4A,0,0,NONE,2026-08-19T16:17:53.351796
45917,BEACON,-80,17,0,3622,65512,57052,48336,0,26,0,247,0,14:33:5C:6D:AF:58,0,0,ARMED,70.0,0,1,80:02:9C:61:97:4B,11,20,195.2,80:02:9C:61:97:4A,0,0,NONE,2026-08-19T16:17:53.351993
45917,BEACON,-80,17,0,3624,65512,57052,48541,0,26,0,248,0,14:33:5C:6D:AF:58,0,0,ARMED,70.0,0,1,80:02:9C:61:97:4B,11,25,244.1,80:02:9C:61:97:4A,0,0,NONE,2026-08-19T16:17:53.352130
45917,,12,12,0,1537,65512,57052,48694,0,26,0,249,0,14:33:5C:6D:AF:58,0,1,ARMED,70.0,0,0,80:02:9C:61:97:4B,11,14,276.1,80:02:9C:61:97:4A,0,0,NONE,2026-08-19T16:17:53.352265
45917,,16,16,0,1539,65512,57052,48910,0,26,0,250,0,14:33:5C:6D:AF:58,0,0,ARMED,70.0,0,0,80:02:9C:61:97:4B,11,18,294.3,80:02:9C:61:97:4A,0,0,NONE,2026-08-19T16:17:53.352399
45917,,13,13,0,1541,65512,57052,49105,0,26,0,251,0,14:33:5C:6D:AF:58,0,0,ARMED,70.0,0,0,80:02:9C:61:97:4B,11,18,349.3,80:02:9C:61:97:4A,0,0,NONE,2026-08-19T16:17:53.352539
45917,,40,40,0,3523,65512,57052,49322,0,26,0,252,0,14:33:5C:6D:AF:58,0,0,ARMED,70.0,0,0,80:02:9C:61:97:4B,11,13,202.1,80:02:9C:61:97:4A,0,0,NONE,2026-08-19T16:17:53.352748
45917,,-64,33,383,781,65512,58444,2136,0,2,0,3,0,14:33:5C:6D:AF:58,0,0,CALIB,1.0,0,1,80:02:9C:61:97:4B,11,36,425.7,80:02:9C:61:97:4A,0,0,NONE,2026-08-19T16:17:53.352898
45917,,-94,3,0,1196,65512,58444,2311,0,7,0,4,0,14:33:5C:6D:AF:58,0,1,CALIB,1.0,0,1,80:02:9C:61:97:4B,11,12,221.6,80:02:9C:61:97:4A,0,0,NONE,2026-08-19T16:17:53.353142
45917,,39,39,0,1066,65512,58444,2513,0,7,0,5,0,14:33:5C:6D:AF:58,0,0,CALIB,1.0,0,0,80:02:9C:61:97:4B,11,14,273.2,80:02:9C:61:97:4A,0,0,NONE,2026-08-19T16:17:53.353292
45917,MGMT_OTHER,45,45,0,2469,63880,57052,49504,0,26,3,250,0,14:33:5C:6D:AF:58,0,0,ARMED,70.0,0,1,80:02:9C:61:97:4B,11,16,392.1,80:02:9C:61:97:4A,0,0,NONE,2026-08-19T16:17:53.353431
45917,,-64,33,292,789,65512,58444,2673,0,7,0,6,0,14:33:5C:6D:AF:58,0,1,CALIB,1.0,0,0,80:02:9C:61:97:4B,11,9,967.3,80:02:9C:61:97:4A,0,0,NONE,2026-08-19T16:17:53.353572
45917,,27,27,0,1023,65512,58444,2795,0,7,0,7,0,14:33:5C:6D:AF:58,0,1,CALIB,1.0,0,1,80:02:9C:61:97:4B,11,8,261.5,80:02:9C:61:97:4A,0,0,NONE,2026-08-19T16:17:53.353839
45917,BEACON,-79,18,0,3179,65512,57436,2975,0,7,0,8,0,14:33:5C:6D:AF:58,0,1,CALIB,1.0,0,1,80:02:9C:61:97:4B,11,31,299.9,80:02:9C:61:97:4A,0,0,NONE,2026-08-19T16:17:53.353978
45917,,22,22,0,1023,65512,57436,3125,0,7,0,9,0,14:33:5C:6D:AF:58,0,1,CALIB,1.0,0,0,80:02:9C:61:97:4B,11,11,226.0,80:02:9C:61:97:4A,0,0,NONE,2026-08-19T16:17:53.354121
45917,,39,39,0,2847,65512,57436,3303,0,7,0,10,0,14:33:5C:6D:AF:58,0,1,CALIB,1.0,0,0,80:02:9C:61:97:4B,11,9,409.0,80:02:9C:61:97:4A,0,0,NONE,2026-08-19T16:17:53.354259
45917,MGMT_OTHER,-81,16,0,400,65512,57052,26624,0,21,0,141,0,14:33:5C:6D:AF:58,0,1,CALIB,1.0,0,1,80:02:9C:61:97:4B,11,5,680.2,80:02:9C:61:97:4A,0,0,NONE,2026-08-19T16:17:53.354396
45917,MGMT_OTHER,40,40,0,2032,64744,43376,49719,0,68,10,0,0,14:33:5C:6D:AF:58,1,0,ARMED,70.0,0,1,80:02:9C:61:97:4B,11,38,715.1,80:02:9C:61:97:4A,0,0,NONE,2026-08-19T16:17:53.354532
45917,,-63,34,300,1512,65388,43376,49753,0,68,10,0,0,14:33:5C:6D:AF:58,1,0,ARMED,70.0,0,0,80:02:9C:61:97:4B,11,88,1012.6,80:02:9C:61:97:4A,0,0,NONE,2026-08-19T16:17:53.385968
45917,,-49,48,0,3362,65388,43376,49959,0,68,10,0,0,14:33:5C:6D:AF:58,1,1,ARMED,70.0,0,1,80:02:9C:61:97:4B,11,13,150.1,80:02:9C:61:97:4A,0,0,NONE,2026-08-19T16:17:53.591968
45917,,40,40,0,1551,65336,43376,50142,0,68,10,0,0,14:33:5C:6D:AF:58,0,0,ARMED,70.0,0,0,80:02:9C:61:97:4B,11,22,336.7,80:02:9C:61:97:4A,0,0,NONE,2026-08-19T16:17:53.774968
45917,,40,40,0,1553,65388,43376,50324,0,68,10,0,0,14:33:5C:6D:AF:58,0,0,ARMED,70.0,0,0,80:02:9C:61:97:4B,11,12,283.3,80:02:9C:61:97:4A,0,0,NONE,2026-08-19T16:17:53.956968
45917,,40,40,0,1023,65388,43376,50522,0,68,10,0,0,14:33:5C:6D:AF:58,0,0,ARMED,70.0,0,1,80:02:9C:61:97:4B,11,12,336.3,80:02:9C:61:97:4A,0,0,NONE,2026-08-19T16:17:54.154968
45917,,40,40,0,1023,65388,43376,50732,0,68,10,0,0,14:33:5C:6D:AF:58,0,0,ARMED,70.0,0,1,80:02:9C:61:97:4B,11,15,369.2,80:02:9C:61:97:4A,0,0,NONE,2026-08-19T16:17:54.364968
45917,,-63,34,292,1527,65240,43376,50905,0,68,10,0,0,14:33:5C:6D:AF:58,0,0,ARMED,70.0,0,0,80:02:9C:61:97:4B,11,15,1757.5,80:02:9C:61:97:4A,0,0,NONE,2026-08-19T16:17:54.537968
45917,,20,20,0,1529,65388,43376,51044,0,68,10,0,0,14:33:5C:6D:AF:58,0,1,ARMED,70.0,0,0,80:02:9C:61:97:4B,11,9,199.0,80:02:9C:61:97:4A,0,0,NONE,2026-08-19T16:17:54.676968
45917,,-57,40,0,2643,65388,43376,51227,0,68,10,0,0,14:33:5C:6D:AF:58,0,0,ARMED,70.0,0,0,80:02:9C:61:97:4B,11,23,995.0,80:02:9C:61:97:4A,0,0,NONE,2026-08-19T16:17:54.859968
45917,,66,66,0,1532,65388,43376,51337,0,68,10,0,0,14:33:5C:6D:AF:58,0,1,ARMED,70.0,0,0,80:02:9C:61:97:4B,11,10,318.6,80:02:9C:61:97:4A,0,0,NONE,2026-08-19T16:17:54.969968
45917,BEACON,-63,34,0,3333,65388,43376,51518,0,68,10,0,0,14:33:5C:6D:AF:58,0,1,ARMED,70.0,0,1,80:02:9C:61:97:4B,11,3,397.5,80:02:9C:61:97:4A,0,0,NONE,2026-08-19T16:17:55.150968
45917,,-90,7,0,953,65388,43376,51658,0,68,10,0,0,14:33:5C:6D:AF:58,0,1,ARMED,70.0,0,0,80:02:9C:61:97:4B,11,18,404.5,80:02:9C:61:97:4A,0,0,NONE,2026-08-19T16:17:55.290968
45917,,40,40,0,1537,65388,43376,51836,0,68,10,0,0,14:33:5C:6D:AF:58,0,0,ARMED,70.0,0,0,80:02:9C:61:97:4B,11,4,396.2,80:02:9C:61:97:4A,0,0,NONE,2026-08-19T16:17:55.468968
45917,BEACON,-74,23,0,1570,65388,43376,52061,0,68,10,0,0,14:33:5C:6D:AF:58,0,0,ARMED,70.0,0,0,80:02:9C:61:97:4B,11,7,229.2,80:02:9C:61:97:4A,0,0,NONE,2026-08-19T16:17:55.693968
45917,,40,40,0,1572,65388,43376,52272,0,68,10,0,0,14:33:5C:6D:AF:58,0,0,ARMED,70.0,0,0,80:02:9C:61:97:4B,11,8,215.1,80:02:9C:61:97:4A,0,0,NONE,2026-08-19T16:17:55.904968
45917,,16,16,0,1543,65388,43376,52451,0,68,10,0,0,14:33:5C:6D:AF:58,0,1,ARMED,70.0,0,0,80:02:9C:61:97:4B,11,6,545.3,80:02:9C:61:97:4A,0,0,NONE,2026-08-19T16:17:56.083968
45917,,19,19,0,1653,65388,43376,52624,0,68,10,0,0,14:33:5C:6D:AF:58,0,0,ARMED,70.0,0,0,80:02:9C:61:97:4B,11,36,441.7,80:02:9C:61:97:4A,0,0,NONE,2026-08-19T16:17:56.256968
45917,,66,66,0,1546,65388,43376,52764,0,68,10,0,0,14:33:5C:6D:AF:58,0,1,ARMED,70.0,0,0,80:02:9C:61:97:4B,11,4,322.9,80:02:9C:61:97:4A,0,0,NONE,2026-08-19T16:17:56.396968
45917,BEACON,-91,6,0,1548,65388,43376,52961,0,68,10,0,0,14:33:5C:6D:AF:58,0,0,ARMED,70.0,0,1,80:02:9C:61:97:4B,11,2,229.5,80:02:9C:61:97:4A,0,0,NONE,2026-08-19T16:17:56.593968
45917,,-61,36,274,1556,65388,43376,53145,0,68,10,0,0,14:33:5C:6D:AF:58,0,0,ARMED,70.0,0,1,80:02:9C:61:97:4B,11,29,318.8,80:02:9C:61:97:4A,0,0,NONE,2026-08-19T16:17:56.777968
45917,BEACON,-64,33,0,3351,65388,43376,53262,0,68,10,0,0,14:33:5C:6D:AF:58,1,1,ARMED,70.0,0,1,80:02:9C:61:97:4B,11,31,295.7,80:02:9C:61:97:4A,0,0,NONE,2026-08-19T16:17:56.894968
45917,,39,39,0,1023,65388,43376,53482,0,68,10,0,0,14:33:5C:6D:AF:58,0,0,ARMED,70.0,0,0,80:02:9C:61:97:4B,11,7,382.7,80:02:9C:61:97:4A,0,0,NONE,2026-08-19T16:17:57.114968
45917,,39,39,0,1555,65388,43376,53694,0,68,10,0,0,14:33:5C:6D:AF:58,0,0,ARMED,70.0,0,0,80:02:9C:61:97:4B,11,9,353.9,80:02:9C:61:97:4A,0,0,NONE,2026-08-19T16:17:57.326968
45917,,70,70,0,1589,65388,43376,53906,0,68,10,0,0,14:33:5C:6D:AF:58,0,0,ARMED,70.0,0,0,80:02:9C:61:97:4B,11,9,257.1,80:02:9C:61:97:4A,0,0,NONE,2026-08-19T16:17:57.538968
45917,,66,66,0,3359,65388,43376,54106,0,68,10,0,0,14:33:5C:6D:AF:58,0,0,ARMED,70.0,0,0,80:02:9C:61:97:4B,11,4,142.2,80:02:9C:61:97:4A,0,0,NONE,2026-08-19T16:17:57.738968
45917,,40,40,0,1023,65388,43376,54312,0,68,10,0,0,14:33:5C:6D:AF:58,0,0,ARMED,70.0,0,0,80:02:9C:61:97:4B,11,11,352.9,80:02:9C:61:97:4A,0,0,NONE,2026-08-19T16:17:57.944968
45917,BEACON,-93,4,0,1563,65388,43376,54497,0,68,10,0,0,14:33:5C:6D:AF:58,0,0,ARMED,70.0,0,1,80:02:9C:61:97:4B,11,6,411.7,80:02:9C:61:97:4A,0,0,NONE,2026-08-19T16:17:58.129968
45917,MGMT_OTHER,-86,11,9690,7,65388,43376,54579,0,68,10,0,0,14:33:5C:6D:AF:58,0,0,ARMED,70.0,0,0,80:02:9C:61:97:4B,11,56,578.9,80:02:9C:61:97:4A,0,0,NONE,2026-08-19T16:17:58.211968
45917,,-65,32,0,1592,65388,43376,54696,0,68,10,0,0,14:33:5C:6D:AF:58,1,1,ARMED,70.0,0,1,80:02:9C:61:97:4B,11,8,646.7,80:02:9C:61:97:4A,0,0,NONE,2026-08-19T16:17:58.328968
45917,BEACON,-79,18,0,3685,65388,43376,54788,0,68,10,0,0,14:33:5C:6D:AF:58,1,1,ARMED,70.0,0,1,80:02:9C:61:97:4B,11,1,265.9,80:02:9C:61:97:4A,0,0,NONE,2026-08-19T16:17:58.420968
45917,BEACON,-66,31,0,3369,65388,43376,55000,0,68,10,0,0,14:33:5C:6D:AF:58,1,1,ARMED,70.0,0,1,80:02:9C:61:97:4B,11,3,399.3,80:02:9C:61:97:4A,0,0,NONE,2026-08-19T16:17:58.632968
45917,,40,40,0,1491,65388,43376,55082,0,68,10,0,0,14:33:5C:6D:AF:58,1,1,ARMED,70.0,0,0,80:02:9C:61:97:4B,11,53,591.0,80:02:9C:61:97:4A,0,0,NONE,2026-08-19T16:17:58.714968
45917,MGMT_OTHER,-90,7,816,3333,65220,43376,55277,0,68,10,0,0,14:33:5C:6D:AF:58,1,0,ARMED,70.0,0,1,80:02:9C:61:97:4B,11,25,315.6,80:02:9C:61:97:4A,0,0,NONE,2026-08-19T16:17:58.909968
45917,,40,40,0,2842,65388,43376,55322,0,68,10,0,0,14:33:5C:6D:AF:58,1,1,ARMED,70.0,0,1,80:02:9C:61:97:4B,11,28,1199.2,80:02:9C:61:97:4A,0,0,NONE,2026-08-19T16:17:58.954968
45917,,22,22,0,1023,65388,43376,55390,0,68,10,0,0,14:33:5C:6D:AF:58,1,1,ARMED,70.0,0,1,80:02:9C:61:97:4B,11,78,860.0,80:02:9C:61:97:4A,0,0,NONE,2026-08-19T16:17:59.022968
45917,BEACON,-81,16,0,1681,65388,43376,55489,0,68,10,0,0,14:33:5C:6D:AF:58,1,1,ARMED,70.0,0,1,80:02:9C:61:97:4B,11,49,654.9,80:02:9C:61:97:4A,0,0,NONE,2026-08-19T16:17:59.121968
45917,,66,66,0,0,65388,43376,55647,0,68,10,0,0,14:33:5C:6D:AF:58,1,0,ARMED,70.0,0,0,80:02:9C:61:97:4B,11,20,723.5,80:02:9C:61:97:4A,0,0,NONE,2026-08-19T16:17:59.279968
45917,,22,22,0,1576,65388,43376,55844,0,68,10,0,0,14:33:5C:6D:AF:58,0,0,ARMED,70.0,0,0,80:02:9C:61:97:4B,11,4,200.0,80:02:9C:61:97:4A,0,0,NONE,2026-08-19T16:17:59.476968
45917,DEAUTH,-91,6,2538,2211,65388,43376,56055,0,68,10,0,0,14:33:5C:6D:AF:58,0,0,ARMED,70.0,0,1,80:02:9C:61:97:4B,11,4,185.4,80:02:9C:61:97:4A,0,0,NONE,2026-08-19T16:17:59.687968
45917,MGMT_OTHER,-85,12,0,1376,65388,43376,56169,0,68,10,0,0,14:33:5C:6D:AF:58,1,1,ARMED,70.0,0,1,80:02:9C:61:97:4B,11,11,319.7,80:02:9C:61:97:4A,0,0,NONE,2026-08-19T16:17:59.801968
45917,,23,23,0,1023,65388,43376,56244,0,68,10,0,0,14:33:5C:6D:AF:58,1,1,ARMED,70.0,0,0,80:02:9C:61:97:4B,11,4,572.0,80:02:9C:61:97:4A,0,0,NONE,2026-08-19T16:17:59.876968
45917,,-91,6,77,1747,65388,43376,56378,0,68,10,0,0,14:33:5C:6D:AF:58,1,1,ARMED,70.0,0,1,80:02:9C:61:97:4B,11,25,755.5,80:02:9C:61:97:4A,0,0,NONE,2026-08-19T16:18:00.010968
45917,MGMT_OTHER,-86,11,48,1113,65388,43376,56421,0,68,10,0,0,14:33:5C:6D:AF:58,1,1,ARMED,70.0,0,1,80:02:9C:61:97:4B,11,75,988.1,80:02:9C:61:97:4A,0,0,NONE,2026-08-19T16:18:00.053968
45917,PROBE_REQ,-92,5,157,0,65388,43376,56490,0,68,10,0,0,14:33:5C:6D:AF:58,1,1,ARMED,70.0,0,0,80:02:9C:61:97:4B,11,28,651.5,80:02:9C:61:97:4A,0,0,NONE,2026-08-19T16:18:00.122968
45917,,23,23,0,1023,65388,43376,56687,0,68,10,0,0,14:33:5C:6D:AF:58,0,0,ARMED,70.0,0,0,80:02:9C:61:97:4B,11,7,222.4,80:02:9C:61:97:4A,0,0,NONE,2026-08-19T16:18:00.319968
45917,BEACON,-94,3,0,1585,65388,43376,56749,0,68,10,0,0,14:33:5C:6D:AF:58,0,0,ARMED,70.0,0,1,80:02:9C:61:97:4B,11,57,606.9,80:02:9C:61:97:4A,0,0,NONE,2026-08-19T16:18:00.381968
45917,,40,40,0,0,65388,43376,56939,0,68,10,0,0,14:33:5C:6D:AF:58,0,1,ARMED,70.0,0,1,80:02:9C:61:97:4B,11,20,259.7,80:02:9C:61:97:4A,0,0,NONE,2026-08-19T16:18:00.571968
45917,,40,40,0,931,65384,43376,57093,0,68,10,0,0,14:33:5C:6D:AF:58,1,1,ARMED,70.0,0,0,80:02:9C:61:97:4B,11,5,249.0,80:02:9C:61:97:4A,0,0,NONE,2026-08-19T16:18:00.725968
45917,,-56,41,371,2718,65384,43376,57240,0,68,10,0,0,14:33:5C:6D:AF:58,1,1,ARMED,70.0,0,1,80:02:9C:61:97:4B,11,27,413.9,80:02:9C:61:97:4A,0,0,NONE,2026-08-19T16:18:00.872968
45917,,-70,27,0,2593,65384,43376,57373,0,68,10,0,0,14:33:5C:6D:AF:58,0,1,ARMED,70.0,0,1,80:02:9C:61:97:4B,11,32,356.5,80:02:9C:61:97:4A,0,0,NONE,2026-08-19T16:18:01.005968
45917,,40,40,0,1701,65384,43376,57542,0,68,10,0,0,14:33:5C:6D:AF:58,1,1,ARMED,70.0,0,0,80:02:9C:61:97:4B,11,8,155.6,80:02:9C:61:97:4A,0,0,NONE,2026-08-19T16:18:01.174968
45917,,40,40,0,1023,65384,43376,57792,0,68,10,0,0,14:33:5C:6D:AF:58,0,0,ARMED,70.0,0,0,80:02:9C:61:97:4B,11,18,180.9,80:02:9C:61:97:4A,0,0,NONE,2026-08-19T16:18:01.424968
45917,,-66,31,0,1657,65384,43376,57964,0,68,10,0,0,14:33:5C:6D:AF:58,0,0,ARMED,70.0,0,0,80:02:9C:61:97:4B,11,30,460.7,80:02:9C:61:97:4A,0,0,NONE,2026-08-19T16:18:01.596968
45917,,-89,8,0,1301,65388,43376,58086,0,68,10,0,0,14:33:5C:6D:AF:58,0,1,ARMED,70.0,0,1,80:02:9C:61:97:4B,11,29,353.2,80:02:9C:61:97:4A,0,0,NONE,2026-08-19T16:18:01.718968
45917,,-70,27,0,2595,65388,43376,58298,0,68,10,0,0,14:33:5C:6D:AF:58,0,0,ARMED,70.0,0,1,80:02:9C:61:97:4B,11,24,262.3,80:02:9C:61:97:4A,0,0,NONE,2026-08-19T16:18:01.930968
45917,BEACON,-80,17,9925,3721,65388,43376,58475,0,68,10,0,0,14:33:5C:6D:AF:58,0,1,ARMED,70.0,0,1,80:02:9C:61:97:4B,11,6,141.1,80:02:9C:61:97:4A,0,0,NONE,2026-08-19T16:18:02.107968
45917,,-66,31,0,1670,65388,43376,58643,0,68,10,0,0,14:33:5C:6D:AF:58,0,1,ARMED,70.0,0,0,80:02:9C:61:97:4B,11,3,3000.0,80:02:9C:61:97:4A,0,0,NONE,2026-08-19T16:18:02.275968
45917,,40,40,0,1605,65388,43376,58812,0,68,10,0,0,14:33:5C:6D:AF:58,0,1,ARMED,70.0,0,0,80:02:9C:61:97:4B,11,24,401.3,80:02:9C:61:97:4A,0,0,NONE,2026-08-19T16:18:02.444968
45917,,40,40,0,1607,65388,43376,59012,0,68,10,0,0,14:33:5C:6D:AF:58,0,0,ARMED,70.0,0,0,80:02:9C:61:97:4B,11,16,310.5,80:02:9C:61:97:4A,0,0,NONE,2026-08-19T16:18:02.644968
45917,,-87,10,0,3561,65388,43376,59261,0,68,10,0,0,14:33:5C:6D:AF:58,0,0,ARMED,70.0,0,0,80:02:9C:61:97:4B,11,23,231.6,80:02:9C:61:97:4A,0,0,NONE,2026-08-19T16:18:02.893968
45917,,18,18,0,1720,65388,43376,59487,0,68,10,0,0,14:33:5C:6D:AF:58,0,1,ARMED,70.0,0,0,80:02:9C:61:97:4B,11,1,194.5,80:02:9C:61:97:4A,0,0,NONE,2026-08-19T16:18:03.119968
45917,,40,40,0,3418,65388,43376,59712,0,68,10,0,0,14:33:5C:6D:AF:58,0,0,ARMED,70.0,0,0,80:02:9C:61:97:4B,11,7,277.3,80:02:9C:61:97:4A,0,0,NONE,2026-08-19T16:18:03.344968
45917,,17,17,0,3735,65368,43376,59908,0,68,10,0,0,14:33:5C:6D:AF:58,0,1,ARMED,70.0,0,0,80:02:9C:61:97:4B,11,5,303.3,80:02:9C:61:97:4A,0,0,NONE,2026-08-19T16:18:03.540968
45917,,15,15,0,3338,65388,43376,60078,0,68,10,0,0,14:33:5C:6D:AF:58,0,1,ARMED,70.0,0,0,80:02:9C:61:97:4B,11,16,190.5,80:02:9C:61:97:4A,0,0,NONE,2026-08-19T16:18:03.710968
45917,,10,10,0,0,65396,43376,60276,0,68,10,0,0,14:33:5C:6D:AF:58,0,0,ARMED,70.0,0,0,80:02:9C:61:97:4B,11,18,234.6,80:02:9C:61:97:4A,0,0,NONE,2026-08-19T16:18:03.908943
45917,,15,15,0,1654,65396,43376,60481,0,68,10,0,0,14:33:5C:6D:AF:58,1,1,ARMED,70.0,0,0,80:02:9C:61:97:4B,11,16,206.6,80:02:9C:61:97:4A,0,0,NONE,2026-08-19T16:18:04.113943
45917,,40,40,0,57,65396,43376,60732,0,68,10,0,0,14:33:5C:6D:AF:58,0,0,ARMED,70.0,0,0,80:02:9C:61:97:4B,11,6,281.4,80:02:9C:61:97:4A,0,0,NONE,2026-08-19T16:18:04.364943
45917,,-56,41,1649,2765,62092,43376,60861,0,68,10,0,0,14:33:5C:6D:AF:58,0,0,ARMED,70.0,0,1,80:02:9C:61:97:4B,11,34,721.6,80:02:9C:61:97:4A,0,0,NONE,2026-08-19T16:18:04.493943
45917,PROBE_RESP,-77,20,2843,3591,65396,43376,61026,0,68,10,0,0,14:33:5C:6D:AF:58,0,0,ARMED,70.0,0,1,80:02:9C:61:97:4B,11,6,486.6,80:02:9C:61:97:4A,0,0,NONE,2026-08-19T16:18:04.658943
45917,,40,40,0,1737,65396,43376,61235,0,68,10,0,0,14:33:5C:6D:AF:58,0,0,ARMED,70.0,0,0,80:02:9C:61:97:4B,11,6,485.8,80:02:9C:61:97:4A,0,0,NONE,2026-08-19T16:18:04.867943
45917,,40,40,0,1663,65396,43376,61422,0,68,10,0,0,14:33:5C:6D:AF:58,0,1,ARMED,70.0,0,0,80:02:9C:61:97:4B,11,20,206.6,80:02:9C:61:97:4A,0,0,NONE,2026-08-19T16:18:05.054943
45917,,-90,7,0,936,65396,43376,61612,0,68,10,0,0,14:33:5C:6D:AF:58,0,1,ARMED,70.0,0,1,80:02:9C:61:97:4B,11,18,248.9,80:02:9C:61:97:4A,0,0,NONE,2026-08-19T16:18:05.244943
45917,BEACON,-81,16,0,1667,65396,43376,61791,0,68,10,0,0,14:33:5C:6D:AF:58,1,0,ARMED,70.0,0,1,80:02:9C:61:97:4B,11,14,283.9,80:02:9C:61:97:4A,0,0,NONE,2026-08-19T16:18:05.423943
45917,,19,19,0,1744,65396,43376,61945,0,68,10,0,0,14:33:5C:6D:AF:58,0,1,ARMED,70.0,0,0,80:02:9C:61:97:4B,11,35,352.6,80:02:9C:61:97:4A,0,0,NONE,2026-08-19T16:18:05.577943
45917,BEACON,-80,17,0,1746,65396,43376,62145,0,68,10,0,0,14:33:5C:6D:AF:58,0,1,ARMED,70.0,0,1,80:02:9C:61:97:4B,11,21,228.2,80:02:9C:61:97:4A,0,0,NONE,2026-08-19T16:18:05.777943
45917,,20,20,0,1023,65396,43376,62344,0,68,10,0,0,14:33:5C:6D:AF:58,1,1,ARMED,70.0,0,0,80:02:9C:61:97:4B,11,17,230.4,80:02:9C:61:97:4A,0,0,NONE,2026-08-19T16:18:05.976943
45917,BEACON,-78,19,0,1750,65396,43376,62554,0,68,10,0,0,14:33:5C:6D:AF:58,0,1,ARMED,70.0,0,1,80:02:9C:61:97:4B,11,14,176.9,80:02:9C:61:97:4A,0,0,NONE,2026-08-19T16:18:06.186943
45917,PROBE_REQ,-92,5,2786,0,65396,43376,62747,0,68,10,0,0,14:33:5C:6D:AF:58,0,0,ARMED,70.0,0,1,80:02:9C:61:97:4B,11,21,311.8,80:02:9C:61:97:4A,0,0,NONE,2026-08-19T16:18:06.379943
45917,MGMT_OTHER,-80,17,0,3573,65396,43376,62814,0,68,10,0,0,14:33:5C:6D:AF:58,1,1,ARMED,70.0,0,1,80:02:9C:61:97:4B,11,21,633.2,80:02:9C:61:97:4A,0,0,NONE,2026-08-19T16:18:06.446943
45917,MGMT_OTHER,-80,17,48,700,65396,43376,62864,0,68,10,0,0,14:33:5C:6D:AF:58,1,1,ARMED,70.0,0,1,80:02:9C:61:97:4B,11,71,855.4,80:02:9C:61:97:4A,0,0,NONE,2026-08-19T16:18:06.496943
45917,PROBE_REQ,-89,8,0,0,65396,43376,62931,0,68,10,0,0,14:33:5C:6D:AF:58,1,1,ARMED,70.0,0,1,80:02:9C:61:97:4B,11,42,853.5,80:02:9C:61:97:4A,0,0,NONE,2026-08-19T16:18:06.563943
45917,MGMT_OTHER,-80,17,0,15,65396,43376,63012,0,68,10,0,0,14:33:5C:6D:AF:58,1,1,ARMED,70.0,0,1,80:02:9C:61:97:4B,11,10,350.2,80:02:9C:61:97:4A,0,0,NONE,2026-08-19T16:18:06.644943
45917,MGMT_OTHER,-81,16,0,3688,65396,43376,63063,0,68,10,0,0,14:33:5C:6D:AF:58,1,1,ARMED,70.0,0,1,80:02:9C:61:97:4B,11,60,756.6,80:02:9C:61:97:4A,0,0,NONE,2026-08-19T16:18:06.695943
45917,MGMT_OTHER,-79,18,0,3192,65396,43376,63126,0,68,10,0,0,14:33:5C:6D:AF:58,1,1,ARMED,70.0,0,1,80:02:9C:61:97:4B,11,30,713.6,80:02:9C:61:97:4A,0,0,NONE,2026-08-19T16:18:06.758943
45917,MGMT_OTHER,-80,17,48,3901,65396,43376,63206,0,68,10,0,0,14:33:5C:6D:AF:58,1,1,ARMED,70.0,0,1,80:02:9C:61:97:4B,11,7,354.9,80:02:9C:61:97:4A,0,0,NONE,2026-08-19T16:18:06.838943
45917,MGMT_OTHER,-81,16,48,1642,65396,43376,63294,0,68,10,0,0,14:33:5C:6D:AF:58,1,1,ARMED,70.0,0,1,80:02:9C:61:97:4B,11,5,705.6,80:02:9C:61:97:4A,0,0,NONE,2026-08-19T16:18:06.926943
45917,MGMT_OTHER,-80,17,0,942,65396,43376,63423,0,68,10,0,0,14:33:5C:6D:AF:58,1,1,ARMED,70.0,0,1,80:02:9C:61:97:4B,11,10,297.6,80:02:9C:61:97:4A,0,0,NONE,2026-08-19T16:18:07.055943
45917,,-22,75,0,344,65396,43376,63579,0,68,10,0,0,14:33:5C:6D:AF:58,1,1,ARMED,70.0,0,1,80:02:9C:61:97:4B,11,30,341.6,80:02:9C:61:97:4A,0,0,NONE,2026-08-19T16:18:07.211943
45917,,39,39,0,1762,65396,43376,63792,0,68,10,0,0,14:33:5C:6D:AF:58,0,0,ARMED,70.0,0,0,80:02:9C:61:97:4B,11,20,208.9,80:02:9C:61:97:4A,0,0,NONE,2026-08-19T16:18:07.424943
45917,,39,39,0,1023,65396,43376,63962,0,68,10,0,0,14:33:5C:6D:AF:58,0,1,ARMED,70.0,0,0,80:02:9C:61:97:4B,11,14,260.1,80:02:9C:61:97:4A,0,0,NONE,2026-08-19T16:18:07.594943
45917,,18,18,0,1693,65396,43376,64146,0,68,10,0,0,14:33:5C:6D:AF:58,0,1,ARMED,70.0,0,0,80:02:9C:61:97:4B,11,10,307.2,80:02:9C:61:97:4A,0,0,NONE,2026-08-19T16:18:07.778943
45917,,38,38,0,1659,65396,43376,64332,0,68,10,0,0,14:33:5C:6D:AF:58,0,1,ARMED,70.0,0,0,80:02:9C:61:97:4B,11,4,300.0,80:02:9C:61:97:4A,0,0,NONE,2026-08-19T16:18:07.964943
45917,,40,40,0,1697,65396,43376,64562,0,68,10,0,0,14:33:5C:6D:AF:58,0,0,ARMED,70.0,0,0,80:02:9C:61:97:4B,11,10,259.1,80:02:9C:61:97:4A,0,0,NONE,2026-08-19T16:18:08.194943
45917,,19,19,0,1023,65396,43376,64763,0,68,10,0,0,14:33:5C:6D:AF:58,0,0,ARMED,70.0,0,0,80:02:9C:61:97:4B,11,10,280.2,80:02:9C:61:97:4A,0,0,NONE,2026-08-19T16:18:08.395943
45917,,19,19,0,3784,65396,43376,64927,0,68,10,0,0,14:33:5C:6D:AF:58,0,1,ARMED,70.0,0,0,80:02:9C:61:97:4B,11,23,236.7,80:02:9C:61:97:4A,0,0,NONE,2026-08-19T16:18:08.559943
45917,,40,40,0,1775,65396,43376,65115,0,68,10,0,0,14:33:5C:6D:AF:58,0,1,ARMED,70.0,0,0,80:02:9C:61:97:4B,11,14,247.6,80:02:9C:61:97:4A,0,0,NONE,2026-08-19T16:18:08.747943
45917,,21,21,0,1704,65396,43376,65291,0,68,10,0,0,14:33:5C:6D:AF:58,1,1,ARMED,70.0,0,0,80:02:9C:61:97:4B,11,7,235.9,80:02:9C:61:97:4A,0,0,NONE,2026-08-19T16:18:08.923943
45917,,40,40,0,1023,65396,43376,65496,0,68,10,0,0,14:33:5C:6D:AF:58,0,0,ARMED,70.0,0,1,80:02:9C:61:97:4B,11,6,183.6,80:02:9C:61:97:4A,0,0,NONE,2026-08-19T16:18:09.128943
45917,BEACON,-91,6,0,1672,65396,43376,65658,0,68,10,0,0,14:33:5C:6D:AF:58,0,1,ARMED,70.0,0,1,80:02:9C:61:97:4B,11,19,220.5,80:02:9C:61:97:4A,0,0,NONE,2026-08-19T16:18:09.290943
45917,,40,40,0,3563,65396,43376,65882,0,68,10,0,0,14:33:5C:6D:AF:58,0,1,ARMED,70.0,0,0,80:02:9C:61:97:4B,11,21,210.0,80:02:9C:61:97:4A,0,0,NONE,2026-08-19T16:18:09.514943
45917,BEACON,-91,6,0,1676,65396,43376,66068,0,68,10,0,0,14:33:5C:6D:AF:58,0,1,ARMED,70.0,0,1,80:02:9C:61:97:4B,11,17,222.0,80:02:9C:61:97:4A,0,0,NONE,2026-08-19T16:18:09.700943
45917,,41,41,0,1678,65396,43376,66289,0,68,10,0,0,14:33:5C:6D:AF:58,0,0,ARMED,70.0,0,0,80:02:9C:61:97:4B,11,19,198.4,80:02:9C:61:97:4A,0,0,NONE,2026-08-19T16:18:09.921943
45917,,41,41,0,1718,65396,43376,66502,0,68,10,0,0,14:33:5C:6D:AF:58,0,0,ARMED,70.0,0,0,80:02:9C:61:97:4B,11,1,1000.0,80:02:9C:61:97:4A,0,0,NONE,2026-08-19T16:18:10.134943
45917,BEACON,-79,18,0,3801,65396,43376,66666,0,68,10,0,0,14:33:5C:6D:AF:58,1,1,ARMED,70.0,0,1,80:02:9C:61:97:4B,11,16,263.5,80:02:9C:61:97:4A,0,0,NONE,2026-08-19T16:18:10.298943
45917,,41,41,0,1721,65396,43376,66841,0,68,10,0,0,14:33:5C:6D:AF:58,0,0,ARMED,70.0,0,0,80:02:9C:61:97:4B,11,15,484.4,80:02:9C:61:97:4A,0,0,NONE,2026-08-19T16:18:10.473943
45917,MGMT_OTHER,-94,3,0,1695,65396,43376,67023,0,68,10,0,0,14:33:5C:6D:AF:58,1,0,ARMED,70.0,0,0,80:02:9C:61:97:4B,11,3,261.0,80:02:9C:61:97:4A,0,0,NONE,2026-08-19T16:18:10.655943
45917,,41,41,0,1725,65396,43376,67230,0,68,10,0,0,14:33:5C:6D:AF:58,0,0,ARMED,70.0,0,0,80:02:9C:61:97:4B,11,7,693.1,80:02:9C:61:97:4A,0,0,NONE,2026-08-19T16:18:10.862943
45917,,41,41,0,1023,65396,43376,67410,0,68,10,0,0,14:33:5C:6D:AF:58,0,1,ARMED,70.0,0,1,80:02:9C:61:97:4B,11,25,285.2,80:02:9C:61:97:4A,0,0,NONE,2026-08-19T16:18:11.042943
45917,,-49,48,6782,3410,65396,43376,67599,0,68,10,0,0,14:33:5C:6D:AF:58,1,0,ARMED,70.0,0,1,80:02:9C:61:97:4B,11,17,223.5,80:02:9C:61:97:4A,0,0,NONE,2026-08-19T16:18:11.231943
45917,,14,14,0,1730,65396,43376,67753,0,68,10,0,0,14:33:5C:6D:AF:58,1,1,ARMED,70.0,0,0,80:02:9C:61:97:4B,11,1,64.3,80:02:9C:61:97:4A,0,0,NONE,2026-08-19T16:18:11.385943
45917,,70,70,0,1731,65396,43376,67860,0,68,10,0,0,14:33:5C:6D:AF:58,1,1,ARMED,70.0,0,0,80:02:9C:61:97:4B,11,13,741.6,80:02:9C:61:97:4A,0,0,NONE,2026-08-19T16:18:11.492943
45917,,38,38,0,1023,65396,43376,67908,0,68,10,0,0,14:33:5C:6D:AF:58,1,1,ARMED,70.0,0,1,80:02:9C:61:97:4B,11,63,955.6,80:02:9C:61:97:4A,0,0,NONE,2026-08-19T16:18:11.540943
45917,,40,40,0,1804,65396,43376,68088,0,68,10,0,0,14:33:5C:6D:AF:58,1,0,ARMED,70.0,0,0,80:02:9C:61:97:4B,11,9,219.6,80:02:9C:61:97:4A,0,0,NONE,2026-08-19T16:18:11.720943
45917,,40,40,0,1697,65396,43376,68246,0,68,10,0,0,14:33:5C:6D:AF:58,0,1,ARMED,70.0,0,0,80:02:9C:61:97:4B,11,27,287.9,80:02:9C:61:97:4A,0,0,NONE,2026-08-19T16:18:11.878943
45917,BEACON,-79,18,0,1807,65396,43376,68391,0,68,10,0,0,14:33:5C:6D:AF:58,0,1,ARMED,70.0,0,1,80:02:9C:61:97:4B,11,12,351.2,80:02:9C:61:97:4A,0,0,NONE,2026-08-19T16:18:12.023943
45917,,41,41,0,290,65396,43376,68582,0,68,10,0,0,14:33:5C:6D:AF:58,0,1,ARMED,70.0,0,0,80:02:9C:61:97:4B,11,6,305.4,80:02:9C:61:97:4A,0,0,NONE,2026-08-19T16:18:12.214943
45917,,41,41,0,1023,65396,43376,68793,0,68,10,0,0,14:33:5C:6D:AF:58,0,0,ARMED,70.0,0,0,80:02:9C:61:97:4B,11,3,278.8,80:02:9C:61:97:4A,0,0,NONE,2026-08-19T16:18:12.425943
45917,,40,40,0,1705,65396,43376,69042,0,68,10,0,0,14:33:5C:6D:AF:58,0,0,ARMED,70.0,0,0,80:02:9C:61:97:4B,11,11,220.4,80:02:9C:61:97:4A,0,0,NONE,2026-08-19T16:18:12.674943
45917,,40,40,0,1023,65396,43376,69272,0,68,10,0,0,14:33:5C:6D:AF:58,0,0,ARMED,70.0,0,0,80:02:9C:61:97:4B,11,16,203.3,80:02:9C:61:97:4A,0,0,NONE,2026-08-19T16:18:12.904943
45917,BEACON,-80,17,0,3829,65396,43376,69533,0,68,10,0,0,14:33:5C:6D:AF:58,0,0,ARMED,70.0,0,1,80:02:9C:61:97:4B,11,7,242.3,80:02:9C:61:97:4A,0,0,NONE,2026-08-19T16:18:13.165943
45917,,-88,9,0,4089,65396,43376,69714,0,68,10,0,0,14:33:5C:6D:AF:58,0,1,ARMED,70.0,0,1,80:02:9C:61:97:4B,11,1,545.0,80:02:9C:61:97:4A,0,0,NONE,2026-08-19T16:18:13.346943
45917,,39,39,0,2310,65396,43376,69922,0,68,10,0,0,14:33:5C:6D:AF:58,0,0,ARMED,70.0,0,0,80:02:9C:61:97:4B,11,26,266.6,80:02:9C:61:97:4A,0,0,NONE,2026-08-19T16:18:13.554943
45917,,21,21,0,1824,65396,43376,70144,0,68,10,0,0,14:33:5C:6D:AF:58,0,0,ARMED,70.0,0,0,80:02:9C:61:97:4B,11,4,353.4,80:02:9C:61:97:4A,0,0,NONE,2026-08-19T16:18:13.776943
45917,,21,21,0,1717,65396,43376,70334,0,68,10,0,0,14:33:5C:6D:AF:58,1,1,ARMED,70.0,0,0,80:02:9C:61:97:4B,11,28,280.5,80:02:9C:61:97:4A,0,0,NONE,2026-08-19T16:18:13.966943
45917,,21,21,0,1023,65396,43376,70434,0,68,10,0,0,14:33:5C:6D:AF:58,1,1,ARMED,70.0,0,1,80:02:9C:61:97:4B,11,49,505.4,80:02:9C:61:97:4A,0,0,NONE,2026-08-19T16:18:14.066943
45917,,39,39,0,1720,65396,43376,70632,0,68,10,0,0,14:33:5C:6D:AF:58,0,1,ARMED,70.0,0,1,80:02:9C:61:97:4B,11,16,227.9,80:02:9C:61:97:4A,0,0,NONE,2026-08-19T16:18:14.264943
45917,,39,39,0,1761,65396,43376,70812,0,68,10,0,0,14:33:5C:6D:AF:58,1,0,ARMED,70.0,0,0,80:02:9C:61:97:4B,11,9,211.2,80:02:9C:61:97:4A,0,0,NONE,2026-08-19T16:18:14.444943
45917,,-51,46,0,3427,65396,43376,70983,0,68,10,0,0,14:33:5C:6D:AF:58,0,1,ARMED,70.0,0,1,80:02:9C:61:97:4B,11,9,734.3,80:02:9C:61:97:4A,0,0,NONE,2026-08-19T16:18:14.615943
45917,,21,21,0,1023,65396,43376,71113,0,68,10,0,0,14:33:5C:6D:AF:58,1,1,ARMED,70.0,0,0,80:02:9C:61:97:4B,11,30,811.5,80:02:9C:61:97:4A,0,0,NONE,2026-08-19T16:18:14.745943
45917,,22,22,0,1023,65396,43376,71324,0,68,10,0,0,14:33:5C:6D:AF:58,0,0,ARMED,70.0,0,0,80:02:9C:61:97:4B,11,15,354.0,80:02:9C:61:97:4A,0,0,NONE,2026-08-19T16:18:14.956943
45917,,-89,8,0,752,65396,43376,71534,0,68,10,0,0,14:33:5C:6D:AF:58,0,0,ARMED,70.0,0,1,80:02:9C:61:97:4B,11,8,168.1,80:02:9C:61:97:4A,0,0,NONE,2026-08-19T16:18:15.166943
45917,,21,21,0,1023,65396,43376,71713,0,68,10,0,0,14:33:5C:6D:AF:58,0,1,ARMED,70.0,0,0,80:02:9C:61:97:4B,11,6,274.6,80:02:9C:61:97:4A,0,0,NONE,2026-08-19T16:18:15.345943
45917,BEACON,-94,3,0,3623,65396,43376,72003,0,68,10,0,0,14:33:5C:6D:AF:58,0,0,ARMED,70.0,0,1,80:02:9C:61:97:4B,11,1,219.2,80:02:9C:61:97:4A,0,0,NONE,2026-08-19T16:18:15.635943
45917,BEACON,-80,17,0,3855,65396,43376,72195,0,68,10,0,0,14:33:5C:6D:AF:58,0,0,ARMED,70.0,0,1,80:02:9C:61:97:4B,11,30,316.3,80:02:9C:61:97:4A,0,0,NONE,2026-08-19T16:18:15.827943
45917,,39,39,0,3857,65396,43376,72402,0,68,10,0,0,14:33:5C:6D:AF:58,0,0,ARMED,70.0,0,0,80:02:9C:61:97:4B,11,27,279.5,80:02:9C:61:97:4A,0,0,NONE,2026-08-19T16:18:16.034943
45917,,39,39,0,1782,65396,43376,72543,0,68,10,0,0,14:33:5C:6D:AF:58,0,1,ARMED,70.0,0,0,80:02:9C:61:97:4B,11,5,467.2,80:02:9C:61:97:4A,0,0,NONE,2026-08-19T16:18:16.175943
45917,BEACON,-63,34,0,3557,65396,43376,72715,0,68,10,0,0,14:33:5C:6D:AF:58,0,1,ARMED,70.0,0,1,80:02:9C:61:97:4B,11,19,233.1,80:02:9C:61:97:4A,0,0,NONE,2026-08-19T16:18:16.347943
45917,,39,39,0,1023,65396,43376,72892,0,68,10,0,0,14:33:5C:6D:AF:58,1,1,ARMED,70.0,0,0,80:02:9C:61:97:4B,11,8,164.9,80:02:9C:61:97:4A,0,0,NONE,2026-08-19T16:18:16.524943
45917,,20,20,0,1744,65396,43376,73094,0,68,10,0,0,14:33:5C:6D:AF:58,0,0,ARMED,70.0,0,0,80:02:9C:61:97:4B,11,7,141.5,80:02:9C:61:97:4A,0,0,NONE,2026-08-19T16:18:16.726943
45917,,19,19,0,1023,65396,43376,73282,0,68,10,0,0,14:33:5C:6D:AF:58,0,0,ARMED,70.0,0,0,80:02:9C:61:97:4B,11,9,433.0,80:02:9C:61:97:4A,0,0,NONE,2026-08-19T16:18:16.914943
45917,PROBE_RESP,-91,6,1092,2079,65396,43376,73357,0,68,10,0,0,14:33:5C:6D:AF:58,0,0,ARMED,70.0,0,1,80:02:9C:61:97:4B,11,59,618.9,80:02:9C:61:97:4A,0,0,NONE,2026-08-19T16:18:16.989943
45917,BEACON,-92,5,0,3637,65396,43376,73436,0,68,10,0,0,14:33:5C:6D:AF:58,0,1,ARMED,70.0,0,1,80:02:9C:61:97:4B,11,49,765.2,80:02:9C:61:97:4A,0,0,NONE,2026-08-19T16:18:17.068943
45917,,20,20,0,1625,65396,43376,73501,0,68,10,0,0,14:33:5C:6D:AF:58,1,1,ARMED,70.0,0,0,80:02:9C:61:97:4B,11,20,703.3,80:02:9C:61:97:4A,0,0,NONE,2026-08-19T16:18:17.133943
45917,,20,20,0,0,65396,43376,73575,0,68,10,0,0,14:33:5C:6D:AF:58,1,1,ARMED,70.0,0,0,80:02:9C:61:97:4B,11,8,2898.6,80:02:9C:61:97:4A,0,0,NONE,2026-08-19T16:18:17.207943
45917,MGMT_OTHER,-83,14,2017,762,65396,43376,73621,0,68,10,0,0,14:33:5C:6D:AF:58,1,1,ARMED,70.0,0,1,80:02:9C:61:97:4B,11,58,1204.1,80:02:9C:61:97:4A,0,0,NONE,2026-08-19T16:18:17.253943
45917,BEACON,-94,3,0,3640,65396,43376,73743,0,68,10,0,0,14:33:5C:6D:AF:58,1,1,ARMED,70.0,0,1,80:02:9C:61:97:4B,11,15,215.9,80:02:9C:61:97:4A,0,0,NONE,2026-08-19T16:18:17.375943
45917,BEACON,-81,16,0,3872,65396,43376,73938,0,68,10,0,0,14:33:5C:6D:AF:58,0,0,ARMED,70.0,0,1,80:02:9C:61:97:4B,11,13,231.1,80:02:9C:61:97:4A,0,0,NONE,2026-08-19T16:18:17.570943
45917,,20,20,0,3874,65380,43376,74144,0,68,10,0,0,14:33:5C:6D:AF:58,0,0,ARMED,70.0,0,0,80:02:9C:61:97:4B,11,13,283.2,80:02:9C:61:97:4A,0,0,NONE,2026-08-19T16:18:17.776943
45917,BEACON,-95,2,0,1757,65396,43376,74362,0,68,10,0,0,14:33:5C:6D:AF:58,0,0,ARMED,70.0,0,1,80:02:9C:61:97:4B,11,14,259.4,80:02:9C:61:97:4A,0,0,NONE,2026-08-19T16:18:17.994943
45917,,40,40,0,3878,65396,43376,74552,0,68,10,0,0,14:33:5C:6D:AF:58,1,1,ARMED,70.0,0,0,80:02:9C:61:97:4B,11,11,276.8,80:02:9C:61:97:4A,0,0,NONE,2026-08-19T16:18:18.184943
45917,,18,18,0,1869,65396,43376,74743,0,68,10,0,0,14:33:5C:6D:AF:58,0,1,ARMED,70.0,0,0,80:02:9C:61:97:4B,11,5,229.8,80:02:9C:61:97:4A,0,0,NONE,2026-08-19T16:18:18.375943
45917,,18,18,0,1763,65396,43376,74977,0,68,10,0,0,14:33:5C:6D:AF:58,0,0,ARMED,70.0,0,0,80:02:9C:61:97:4B,11,14,311.1,80:02:9C:61:97:4A,0,0,NONE,2026-08-19T16:18:18.609943
45917,,19,19,0,3654,65396,43376,75177,0,68,10,0,0,14:33:5C:6D:AF:58,0,0,ARMED,70.0,0,0,80:02:9C:61:97:4B,11,12,275.7,80:02:9C:61:97:4A,0,0,NONE,2026-08-19T16:18:18.809943
45917,,21,21,0,3886,65396,43376,75373,0,68,10,0,0,14:33:5C:6D:AF:58,0,1,ARMED,70.0,0,0,80:02:9C:61:97:4B,11,5,165.8,80:02:9C:61:97:4A,0,0,NONE,2026-08-19T16:18:19.005943
45917,,39,39,0,1877,65396,43376,75562,0,68,10,0,0,14:33:5C:6D:AF:58,0,1,ARMED,70.0,0,0,80:02:9C:61:97:4B,11,1,293.2,80:02:9C:61:97:4A,0,0,NONE,2026-08-19T16:18:19.194943
45917,,40,40,0,71,65396,43376,75742,0,68,10,0,0,14:33:5C:6D:AF:58,1,1,ARMED,70.0,0,1,80:02:9C:61:97:4B,11,23,285.4,80:02:9C:61:97:4A,0,0,NONE,2026-08-19T16:18:19.374943
45917,BEACON,-82,15,0,1815,65396,43376,75920,0,68,10,0,0,14:33:5C:6D:AF:58,1,0,ARMED,70.0,0,1,80:02:9C:61:97:4B,11,15,279.0,80:02:9C:61:97:4A,0,0,NONE,2026-08-19T16:18:19.552943
45917,,40,40,0,1023,65396,43376,76099,0,68,10,0,0,14:33:5C:6D:AF:58,1,0,ARMED,70.0,0,0,80:02:9C:61:97:4B,11,11,385.7,80:02:9C:61:97:4A,0,0,NONE,2026-08-19T16:18:19.731943
45917,,40,40,0,1819,65396,43376,76342,0,68,10,0,0,14:33:5C:6D:AF:58,0,0,ARMED,70.0,0,0,80:02:9C:61:97:4B,11,14,214.7,80:02:9C:61:97:4A,0,0,NONE,2026-08-19T16:18:19.974943
45917,,40,40,0,1023,65396,43376,76532,0,68,10,0,0,14:33:5C:6D:AF:58,0,0,ARMED,70.0,0,0,80:02:9C:61:97:4B,11,21,410.6,80:02:9C:61:97:4A,0,0,NONE,2026-08-19T16:18:20.164943
45917,,18,18,0,1023,65396,43376,76734,0,68,10,0,0,14:33:5C:6D:AF:58,0,0,ARMED,70.0,0,0,80:02:9C:61:97:4B,11,18,368.4,80:02:9C:61:97:4A,0,0,NONE,2026-08-19T16:18:20.366943
45917,,40,40,0,3601,65348,43376,76914,0,68,10,0,0,14:33:5C:6D:AF:58,0,1,ARMED,70.0,0,0,80:02:9C:61:97:4B,11,7,290.9,80:02:9C:61:97:4A,0,0,NONE,2026-08-19T16:18:20.546943
45917,,66,66,0,1783,65396,43376,77073,0,68,10,0,0,14:33:5C:6D:AF:58,0,1,ARMED,70.0,0,0,80:02:9C:61:97:4B,11,28,348.7,80:02:9C:61:97:4A,0,0,NONE,2026-08-19T16:18:20.705943
45917,BEACON,-66,31,0,3605,65396,43376,77323,0,68,10,0,0,14:33:5C:6D:AF:58,0,0,ARMED,70.0,0,1,80:02:9C:61:97:4B,11,4,170.8,80:02:9C:61:97:4A,0,0,NONE,2026-08-19T16:18:20.955943
45917,,66,66,0,1788,65396,43376,77538,0,68,10,0,0,14:33:5C:6D:AF:58,0,0,ARMED,70.0,0,0,80:02:9C:61:97:4B,11,10,301.2,80:02:9C:61:97:4A,0,0,NONE,2026-08-19T16:18:21.170943
45917,,-89,8,0,3398,65396,43376,77802,0,68,10,0,0,14:33:5C:6D:AF:58,0,0,ARMED,70.0,0,1,80:02:9C:61:97:4B,11,18,192.9,80:02:9C:61:97:4A,0,0,NONE,2026-08-19T16:18:21.434943
45917,,40,40,0,1901,65396,43376,78022,0,68,10,0,0,14:33:5C:6D:AF:58,0,0,ARMED,70.0,0,0,80:02:9C:61:97:4B,11,2,343.2,80:02:9C:61:97:4A,0,0,NONE,2026-08-19T16:18:21.654943
45917,BEACON,-93,4,0,3684,65396,43376,78249,0,68,10,0,0,14:33:5C:6D:AF:58,0,0,ARMED,70.0,0,1,80:02:9C:61:97:4B,11,6,215.3,80:02:9C:61:97:4A,0,0,NONE,2026-08-19T16:18:21.881943
45917,,40,40,0,1023,65396,43376,78416,0,68,10,0,0,14:33:5C:6D:AF:58,0,0,ARMED,70.0,0,0,80:02:9C:61:97:4B,11,37,401.6,80:02:9C:61:97:4A,0,0,NONE,2026-08-19T16:18:22.048943
45917,,40,40,0,1023,65396,43376,78642,0,68,10,0,0,14:33:5C:6D:AF:58,0,0,ARMED,70.0,0,1,80:02:9C:61:97:4B,11,22,224.8,80:02:9C:61:97:4A,0,0,NONE,2026-08-19T16:18:22.274943
45917,,66,66,0,1843,65396,43376,78829,0,68,10,0,0,14:33:5C:6D:AF:58,0,0,ARMED,70.0,0,0,80:02:9C:61:97:4B,11,25,300.4,80:02:9C:61:97:4A,0,0,NONE,2026-08-19T16:18:22.461943
45917,BEACON,-67,30,0,3623,65396,43376,79064,0,68,10,0,0,14:33:5C:6D:AF:58,0,0,ARMED,70.0,0,1,80:02:9C:61:97:4B,11,2,252.6,80:02:9C:61:97:4A,0,0,NONE,2026-08-19T16:18:22.696943
45917,,40,40,0,697,65396,43376,79336,0,68,10,0,0,14:33:5C:6D:AF:58,0,0,ARMED,70.0,0,0,80:02:9C:61:97:4B,11,18,240.0,80:02:9C:61:97:4A,0,0,NONE,2026-08-19T16:18:22.968943
45917,,40,40,0,1851,65396,43376,79508,0,68,10,0,0,14:33:5C:6D:AF:58,0,0,ARMED,70.0,0,0,80:02:9C:61:97:4B,11,27,635.8,80:02:9C:61:97:4A,0,0,NONE,2026-08-19T16:18:23.140943
45917,,16,16,0,1809,65396,43376,79688,0,68,10,0,0,14:33:5C:6D:AF:58,1,0,ARMED,70.0,0,0,80:02:9C:61:97:4B,11,10,572.0,80:02:9C:61:97:4A,0,0,NONE,2026-08-19T16:18:23.320943
45917,,-56,41,5619,2789,65396,43376,79931,0,68,10,0,0,14:33:5C:6D:AF:58,0,0,ARMED,70.0,0,1,80:02:9C:61:97:4B,11,12,214.6,80:02:9C:61:97:4A,0,0,NONE,2026-08-19T16:18:23.563943
45917,BEACON,-82,15,0,1922,65396,43376,80167,0,68,10,0,0,14:33:5C:6D:AF:58,0,0,ARMED,70.0,0,1,80:02:9C:61:97:4B,11,13,149.9,80:02:9C:61:97:4A,0,0,NONE,2026-08-19T16:18:23.799943
45917,,18,18,0,1816,65396,43376,80406,0,68,10,0,0,14:33:5C:6D:AF:58,0,0,ARMED,70.0,0,0,80:02:9C:61:97:4B,11,6,325.2,80:02:9C:61:97:4A,0,0,NONE,2026-08-19T16:18:24.038943
45917,,18,18,0,3937,65396,43376,80594,0,68,10,0,0,14:33:5C:6D:AF:58,0,0,ARMED,70.0,0,0,80:02:9C:61:97:4B,11,2,1046.6,80:02:9C:61:97:4A,0,0,NONE,2026-08-19T16:18:24.226943
45917,,40,40,0,1928,65396,43376,80792,0,68,10,0,0,14:33:5C:6D:AF:58,0,1,ARMED,70.0,0,0,80:02:9C:61:97:4B,11,24,245.6,80:02:9C:61:97:4A,0,0,NONE,2026-08-19T16:18:24.424943
45917,,46,46,0,1821,65396,43376,80922,0,68,10,0,0,14:33:5C:6D:AF:58,0,0,ARMED,70.0,0,0,80:02:9C:61:97:4B,11,24,1049.9,80:02:9C:61:97:4A,0,0,NONE,2026-08-19T16:18:24.554943
45917,,40,40,0,1823,65396,43376,81182,0,68,10,0,0,14:33:5C:6D:AF:58,0,0,ARMED,70.0,0,0,80:02:9C:61:97:4B,11,12,171.3,80:02:9C:61:97:4A,0,0,NONE,2026-08-19T16:18:24.814943
45917,PROBE_REQ,-93,4,2910,1,65396,43376,81337,0,68,10,0,0,14:33:5C:6D:AF:58,1,1,ARMED,70.0,0,0,80:02:9C:61:97:4B,11,6,289.8,80:02:9C:61:97:4A,0,0,NONE,2026-08-19T16:18:24.969943
45917,,66,66,0,3876,65396,43376,81412,0,68,10,0,0,14:33:5C:6D:AF:58,1,1,ARMED,70.0,0,0,80:02:9C:61:97:4B,11,56,584.4,80:02:9C:61:97:4A,0,0,NONE,2026-08-19T16:18:25.044943
45917,MGMT_OTHER,-85,12,48,411,65396,43376,81497,0,68,10,0,0,14:33:5C:6D:AF:58,1,1,ARMED,70.0,0,1,80:02:9C:61:97:4B,11,47,604.7,80:02:9C:61:97:4A,0,0,NONE,2026-08-19T16:18:25.129943
45917,,46,46,0,1873,65396,43376,81557,0,68,10,0,0,14:33:5C:6D:AF:58,1,1,ARMED,70.0,0,0,80:02:9C:61:97:4B,11,49,1392.8,80:02:9C:61:97:4A,0,0,NONE,2026-08-19T16:18:25.189943
45917,MGMT_OTHER,-84,13,1141,3334,65380,43376,81620,0,68,10,0,0,14:33:5C:6D:AF:58,1,1,ARMED,70.0,0,1,80:02:9C:61:97:4B,11,99,1000.7,80:02:9C:61:97:4A,0,0,NONE,2026-08-19T16:18:25.252943
45917,PROBE_REQ,-91,6,1968,1751,65396,43376,81678,0,68,10,0,0,14:33:5C:6D:AF:58,1,1,ARMED,70.0,0,0,80:02:9C:61:97:4B,11,49,1167.4,80:02:9C:61:97:4A,0,0,NONE,2026-08-19T16:18:25.310943
45917,,39,39,0,1829,65396,43376,81736,0,68,10,0,0,14:33:5C:6D:AF:58,1,1,ARMED,70.0,0,0,80:02:9C:61:97:4B,11,99,989.3,80:02:9C:61:97:4A,0,0,NONE,2026-08-19T16:18:25.368943
45917,PROBE_RESP,-66,31,0,3656,65396,43376,81881,0,68,10,0,0,14:33:5C:6D:AF:58,1,1,ARMED,70.0,0,1,80:02:9C:61:97:4B,11,12,422.6,80:02:9C:61:97:4A,0,0,NONE,2026-08-19T16:18:25.513943
45917,,39,39,0,1940,65396,43376,82022,0,68,10,0,0,14:33:5C:6D:AF:58,0,1,ARMED,70.0,0,0,80:02:9C:61:97:4B,11,21,303.5,80:02:9C:61:97:4A,0,0,NONE,2026-08-19T16:18:25.654943
45917,BEACON,-82,15,0,1942,65396,43376,82215,0,68,10,0,0,14:33:5C:6D:AF:58,0,0,ARMED,70.0,0,0,80:02:9C:61:97:4B,11,15,258.0,80:02:9C:61:97:4A,0,0,NONE,2026-08-19T16:18:25.847943
45917,,39,39,0,3663,65396,43376,82444,0,68,10,0,0,14:33:5C:6D:AF:58,0,0,ARMED,70.0,0,0,80:02:9C:61:97:4B,11,15,205.6,80:02:9C:61:97:4A,0,0,NONE,2026-08-19T16:18:26.076943
45917,,19,19,0,1838,65396,43376,82658,0,68,10,0,0,14:33:5C:6D:AF:58,1,0,ARMED,70.0,0,0,80:02:9C:61:97:4B,11,20,235.7,80:02:9C:61:97:4A,0,0,NONE,2026-08-19T16:18:26.290943
45917,BEACON,-82,15,0,1949,65396,43376,82932,0,68,10,0,0,14:33:5C:6D:AF:58,0,0,ARMED,70.0,0,1,80:02:9C:61:97:4B,11,8,209.2,80:02:9C:61:97:4A,0,0,NONE,2026-08-19T16:18:26.564943
45917,,19,19,0,1951,65396,43376,83143,0,68,10,0,0,14:33:5C:6D:AF:58,0,1,ARMED,70.0,0,0,80:02:9C:61:97:4B,11,5,166.1,80:02:9C:61:97:4A,0,0,NONE,2026-08-19T16:18:26.775943
45917,,19,19,0,3175,65396,43376,83258,0,68,10,0,0,14:33:5C:6D:AF:58,1,1,ARMED,70.0,0,0,80:02:9C:61:97:4B,11,26,659.8,80:02:9C:61:97:4A,0,0,NONE,2026-08-19T16:18:26.890943
45917,MGMT_OTHER,-93,4,77,182,65396,43376,83359,0,68,10,0,0,14:33:5C:6D:AF:58,1,1,ARMED,70.0,0,1,80:02:9C:61:97:4B,11,27,723.1,80:02:9C:61:97:4A,0,0,NONE,2026-08-19T16:18:26.991943
45917,MGMT_OTHER,-83,14,0,1103,65396,43376,83456,0,68,10,0,0,14:33:5C:6D:AF:58,1,1,ARMED,70.0,0,1,80:02:9C:61:97:4B,11,23,729.6,80:02:9C:61:97:4A,0,0,NONE,2026-08-19T16:18:27.088943
45917,BEACON,-82,15,341,1955,65396,43376,83546,0,68,10,0,0,14:33:5C:6D:AF:58,1,1,ARMED,70.0,0,1,80:02:9C:61:97:4B,11,17,801.9,80:02:9C:61:97:4A,0,0,NONE,2026-08-19T16:18:27.178943
45917,,39,39,0,305,65396,43376,83612,0,68,10,0,0,14:33:5C:6D:AF:58,1,1,ARMED,70.0,0,1,80:02:9C:61:97:4B,11,67,765.7,80:02:9C:61:97:4A,0,0,NONE,2026-08-19T16:18:27.244943
45917,MGMT_OTHER,-87,10,49,2193,65396,43376,83687,0,68,10,0,0,14:33:5C:6D:AF:58,1,1,ARMED,70.0,0,1,80:02:9C:61:97:4B,11,49,830.9,80:02:9C:61:97:4A,0,0,NONE,2026-08-19T16:18:27.319943
45917,MGMT_OTHER,-89,8,1519,429,65396,43376,83730,0,68,10,0,0,14:33:5C:6D:AF:58,1,1,ARMED,70.0,0,1,80:02:9C:61:97:4B,11,99,988.8,80:02:9C:61:97:4A,0,0,NONE,2026-08-19T16:18:27.362943
45917,,38,38,0,3311,65396,43376,83772,0,68,10,0,0,14:33:5C:6D:AF:58,1,1,ARMED,70.0,0,0,80:02:9C:61:97:4B,11,50,1142.0,80:02:9C:61:97:4A,0,0,NONE,2026-08-19T16:18:27.404943
45917,,21,21,0,1851,65396,43376,83994,0,68,10,0,0,14:33:5C:6D:AF:58,1,0,ARMED,70.0,0,0,80:02:9C:61:97:4B,11,15,240.0,80:02:9C:61:97:4A,0,0,NONE,2026-08-19T16:18:27.626943
45917,,39,39,0,1901,65396,43376,84224,0,68,10,0,0,14:33:5C:6D:AF:58,0,0,ARMED,70.0,0,0,80:02:9C:61:97:4B,11,21,232.6,80:02:9C:61:97:4A,0,0,NONE,2026-08-19T16:18:27.856943
45917,,39,39,0,1855,65396,43376,84403,0,68,10,0,0,14:33:5C:6D:AF:58,0,0,ARMED,70.0,0,0,80:02:9C:61:97:4B,11,26,398.7,80:02:9C:61:97:4A,0,0,NONE,2026-08-19T16:18:28.035943
45917,BEACON,-80,17,0,3976,65396,43376,84586,0,68,10,0,0,14:33:5C:6D:AF:58,0,1,ARMED,70.0,0,1,80:02:9C:61:97:4B,11,9,265.8,80:02:9C:61:97:4A,0,0,NONE,2026-08-19T16:18:28.218943
45917,,40,40,0,3978,65396,43376,84791,0,68,10,0,0,14:33:5C:6D:AF:58,1,1,ARMED,70.0,0,0,80:02:9C:61:97:4B,11,4,245.3,80:02:9C:61:97:4A,0,0,NONE,2026-08-19T16:18:28.423943
45917,,39,39,0,1912,65396,43376,85052,0,68,10,0,0,14:33:5C:6D:AF:58,0,0,ARMED,70.0,0,0,80:02:9C:61:97:4B,11,13,179.7,80:02:9C:61:97:4A,0,0,NONE,2026-08-19T16:18:28.684943
45917,BEACON,-82,15,0,1972,65396,43376,85289,0,68,10,0,0,14:33:5C:6D:AF:58,1,1,ARMED,70.0,0,1,80:02:9C:61:97:4B,11,29,283.1,80:02:9C:61:97:4A,0,0,NONE,2026-08-19T16:18:28.921943
45917,,44,44,0,1974,65396,43376,85492,0,68,10,0,0,14:33:5C:6D:AF:58,0,0,ARMED,70.0,0,0,80:02:9C:61:97:4B,11,2,2000.0,80:02:9C:61:97:4A,0,0,NONE,2026-08-19T16:18:29.124943
45917,,-93,4,4995,3370,65396,43376,85697,0,68,10,0,0,14:33:5C:6D:AF:58,0,0,ARMED,70.0,0,1,80:02:9C:61:97:4B,11,1,1000.0,80:02:9C:61:97:4A,0,0,NONE,2026-08-19T16:18:29.329943
45917,,19,19,0,1920,65396,43376,85863,0,68,10,0,0,14:33:5C:6D:AF:58,0,1,ARMED,70.0,0,0,80:02:9C:61:97:4B,11,14,216.8,80:02:9C:61:97:4A,0,0,NONE,2026-08-19T16:18:29.495943
45917,,19,19,0,1871,65396,43376,86073,0,68,10,0,0,14:33:5C:6D:AF:58,0,0,ARMED,70.0,0,0,80:02:9C:61:97:4B,11,15,215.4,80:02:9C:61:97:4A,0,0,NONE,2026-08-19T16:18:29.705943
45917,,40,40,0,3993,65396,43376,86327,0,68,10,0,0,14:33:5C:6D:AF:58,0,0,ARMED,70.0,0,0,80:02:9C:61:97:4B,11,6,368.7,80:02:9C:61:97:4A,0,0,NONE,2026-08-19T16:18:29.959943
45917,,40,40,0,3707,65396,43376,86542,0,68,10,0,0,14:33:5C:6D:AF:58,1,1,ARMED,70.0,0,0,80:02:9C:61:97:4B,11,8,339.8,80:02:9C:61:97:4A,0,0,NONE,2026-08-19T16:18:30.174943
45917,,17,17,0,1023,65396,43376,86713,0,68,10,0,0,14:33:5C:6D:AF:58,1,1,ARMED,70.0,0,0,80:02:9C:61:97:4B,11,24,253.4,80:02:9C:61:97:4A,0,0,NONE,2026-08-19T16:18:30.345943
45917,,65,65,0,3768,65396,43376,86858,0,68,10,0,0,14:33:5C:6D:AF:58,0,1,ARMED,70.0,0,0,80:02:9C:61:97:4B,11,15,427.8,80:02:9C:61:97:4A,0,0,NONE,2026-08-19T16:18:30.490943
45917,BEACON,-93,4,0,3770,65396,43376,87055,0,68,10,0,0,14:33:5C:6D:AF:58,0,0,ARMED,70.0,0,0,80:02:9C:61:97:4B,11,10,358.1,80:02:9C:61:97:4A,0,0,NONE,2026-08-19T16:18:30.687943
45917,BEACON,-81,16,0,1992,65396,43376,87335,0,68,10,0,0,14:33:5C:6D:AF:58,0,0,ARMED,70.0,0,1,80:02:9C:61:97:4B,11,21,205.1,80:02:9C:61:97:4A,0,0,NONE,2026-08-19T16:18:30.967943
45917,,19,19,0,1994,65396,43376,87546,0,68,10,0,0,14:33:5C:6D:AF:58,0,1,ARMED,70.0,0,0,80:02:9C:61:97:4B,11,2,295.1,80:02:9C:61:97:4A,0,0,NONE,2026-08-19T16:18:31.178943
45917,,39,39,0,1023,65396,43376,87723,0,68,10,0,0,14:33:5C:6D:AF:58,0,1,ARMED,70.0,0,0,80:02:9C:61:97:4B,11,17,210.1,80:02:9C:61:97:4A,0,0,NONE,2026-08-19T16:18:31.355943
45917,,39,39,0,1998,65396,43376,87962,0,68,10,0,0,14:33:5C:6D:AF:58,0,0,ARMED,70.0,0,0,80:02:9C:61:97:4B,11,1,98.2,80:02:9C:61:97:4A,0,0,NONE,2026-08-19T16:18:31.594943
45917,PROBE_RESP,-80,17,0,999,65396,43376,88131,0,68,10,0,0,14:33:5C:6D:AF:58,1,1,ARMED,70.0,0,1,80:02:9C:61:97:4B,11,17,213.8,80:02:9C:61:97:4A,0,0,NONE,2026-08-19T16:18:31.763943
45917,BEACON,-84,13,0,2002,65396,43376,88359,0,68,10,0,0,14:33:5C:6D:AF:58,0,0,ARMED,70.0,0,0,80:02:9C:61:97:4B,11,22,214.9,80:02:9C:61:97:4A,0,0,NONE,2026-08-19T16:18:31.991943
45917,,39,39,0,155,65396,43376,88536,0,68,10,0,0,14:33:5C:6D:AF:58,0,1,ARMED,70.0,0,0,80:02:9C:61:97:4B,11,21,282.5,80:02:9C:61:97:4A,0,0,NONE,2026-08-19T16:18:32.168943
45917,,37,37,0,2006,65396,43376,88770,0,68,10,0,0,14:33:5C:6D:AF:58,0,0,ARMED,70.0,0,0,80:02:9C:61:97:4B,11,2,1168.9,80:02:9C:61:97:4A,0,0,NONE,2026-08-19T16:18:32.402943
45917,,22,22,0,1023,65396,43376,88959,0,68,10,0,0,14:33:5C:6D:AF:58,0,0,ARMED,70.0,0,0,80:02:9C:61:97:4B,11,25,283.5,80:02:9C:61:97:4A,0,0,NONE,2026-08-19T16:18:32.591943
45917,,40,40,0,1901,65396,43376,89172,0,68,10,0,0,14:33:5C:6D:AF:58,0,0,ARMED,70.0,0,0,80:02:9C:61:97:4B,11,27,279.6,80:02:9C:61:97:4A,0,0,NONE,2026-08-19T16:18:32.804943
45917,BEACON,-83,14,0,2012,65396,43376,89383,0,68,10,0,0,14:33:5C:6D:AF:58,0,0,ARMED,70.0,0,1,80:02:9C:61:97:4B,11,24,234.4,80:02:9C:61:97:4A,0,0,NONE,2026-08-19T16:18:33.015943
45917,,22,22,0,1956,65396,43376,89583,0,68,10,0,0,14:33:5C:6D:AF:58,1,1,ARMED,70.0,0,0,80:02:9C:61:97:4B,11,27,275.2,80:02:9C:61:97:4A,0,0,NONE,2026-08-19T16:18:33.215943
45917,,23,23,0,2016,65396,43376,89794,0,68,10,0,0,14:33:5C:6D:AF:58,0,0,ARMED,70.0,0,0,80:02:9C:61:97:4B,11,2,1043.8,80:02:9C:61:97:4A,0,0,NONE,2026-08-19T16:18:33.426943
45917,BEACON,-93,4,0,3799,65396,43376,90025,0,68,10,0,0,14:33:5C:6D:AF:58,0,0,ARMED,70.0,0,0,80:02:9C:61:97:4B,11,6,215.2,80:02:9C:61:97:4A,0,0,NONE,2026-08-19T16:18:33.657943
45917,PROBE_RESP,-80,17,0,1001,65396,43376,90198,0,68,10,0,0,14:33:5C:6D:AF:58,0,1,ARMED,70.0,0,1,80:02:9C:61:97:4B,11,25,254.8,80:02:9C:61:97:4A,0,0,NONE,2026-08-19T16:18:33.830943
45917,,39,39,0,4033,65396,43376,90423,0,68,10,0,0,14:33:5C:6D:AF:58,0,1,ARMED,70.0,0,0,80:02:9C:61:97:4B,11,17,178.0,80:02:9C:61:97:4A,0,0,NONE,2026-08-19T16:18:34.055943
45917,,39,39,0,1915,65396,43376,90585,0,68,10,0,0,14:33:5C:6D:AF:58,1,1,ARMED,70.0,0,1,80:02:9C:61:97:4B,11,13,245.5,80:02:9C:61:97:4A,0,0,NONE,2026-08-19T16:18:34.217943
45917,,39,39,0,1970,65396,43376,90782,0,68,10,0,0,14:33:5C:6D:AF:58,1,1,ARMED,70.0,0,0,80:02:9C:61:97:4B,11,11,226.5,80:02:9C:61:97:4A,0,0,NONE,2026-08-19T16:18:34.414943
45917,,39,39,0,1972,65396,43376,91011,0,68,10,0,0,14:33:5C:6D:AF:58,0,0,ARMED,70.0,0,1,80:02:9C:61:97:4B,11,14,186.3,80:02:9C:61:97:4A,0,0,NONE,2026-08-19T16:18:34.643943
45917,,39,39,0,2797,65396,43376,91212,0,68,10,0,0,14:33:5C:6D:AF:58,1,0,ARMED,70.0,0,0,80:02:9C:61:97:4B,11,19,271.4,80:02:9C:61:97:4A,0,0,NONE,2026-08-19T16:18:34.844943
45917,,20,20,0,1023,65396,43376,91346,0,68,10,0,0,14:33:5C:6D:AF:58,0,1,ARMED,70.0,0,0,80:02:9C:61:97:4B,11,4,1597.4,80:02:9C:61:97:4A,0,0,NONE,2026-08-19T16:18:34.978943
45917,,48,48,0,1023,65396,43376,91531,0,68,10,0,0,14:33:5C:6D:AF:58,0,1,ARMED,70.0,0,0,80:02:9C:61:97:4B,11,20,237.2,80:02:9C:61:97:4A,0,0,NONE,2026-08-19T16:18:35.163943
45917,,39,39,0,2523,65396,43376,91724,0,68,10,0,0,14:33:5C:6D:AF:58,0,0,ARMED,70.0,0,0,80:02:9C:61:97:4B,11,18,246.9,80:02:9C:61:97:4A,0,0,NONE,2026-08-19T16:18:35.356943
45917,,-70,27,1373,1722,65396,43376,91896,0,68,10,0,0,14:33:5C:6D:AF:58,1,0,ARMED,70.0,0,1,80:02:9C:61:97:4B,11,11,273.3,80:02:9C:61:97:4A,0,0,NONE,2026-08-19T16:18:35.528943
45917,BEACON,-82,15,0,2038,65396,43376,92045,0,68,10,0,0,14:33:5C:6D:AF:58,0,1,ARMED,70.0,0,1,80:02:9C:61:97:4B,11,33,379.6,80:02:9C:61:97:4A,0,0,NONE,2026-08-19T16:18:35.677943
45917,,-57,40,0,2821,65396,43376,92132,0,68,10,0,0,14:33:5C:6D:AF:58,0,1,ARMED,70.0,0,0,80:02:9C:61:97:4B,11,49,782.3,80:02:9C:61:97:4A,0,0,NONE,2026-08-19T16:18:35.764943
45917,,39,39,0,1985,65396,43376,92312,0,68,10,0,0,14:33:5C:6D:AF:58,1,1,ARMED,70.0,0,0,80:02:9C:61:97:4B,11,7,182.8,80:02:9C:61:97:4A,0,0,NONE,2026-08-19T16:18:35.944943
45917,BEACON,-81,16,0,4052,65396,43376,92368,0,68,10,0,0,14:33:5C:6D:AF:58,1,1,ARMED,70.0,0,1,80:02:9C:61:97:4B,11,57,601.8,80:02:9C:61:97:4A,0,0,NONE,2026-08-19T16:18:36.000943
45917,,18,18,0,3770,65396,43376,92483,0,68,10,0,0,14:33:5C:6D:AF:58,0,1,ARMED,70.0,0,0,80:02:9C:61:97:4B,11,1,198.1,80:02:9C:61:97:4A,0,0,NONE,2026-08-19T16:18:36.115943
45917,,-70,27,480,1830,65380,43376,92575,0,68,10,0,0,14:33:5C:6D:AF:58,0,1,ARMED,70.0,0,0,80:02:9C:61:97:4B,11,51,523.3,80:02:9C:61:97:4A,0,0,NONE,2026-08-19T16:18:36.207943
45917,,-70,27,327,1857,65396,43376,92657,0,68,10,0,0,14:33:5C:6D:AF:58,0,1,ARMED,70.0,0,1,80:02:9C:61:97:4B,11,49,627.0,80:02:9C:61:97:4A,0,0,NONE,2026-08-19T16:18:36.289943
45917,BEACON,-65,32,82,3773,65396,43376,92785,0,68,10,0,0,14:33:5C:6D:AF:58,0,1,ARMED,70.0,0,1,80:02:9C:61:97:4B,11,2,511.6,80:02:9C:61:97:4A,0,0,NONE,2026-08-19T16:18:36.417943
45917,,39,39,0,1991,65396,43376,92942,0,68,10,0,0,14:33:5C:6D:AF:58,0,1,ARMED,70.0,0,0,80:02:9C:61:97:4B,11,23,379.8,80:02:9C:61:97:4A,0,0,NONE,2026-08-19T16:18:36.574943
45917,,-57,40,1013,2886,65396,43376,93006,0,68,10,0,0,14:33:5C:6D:AF:58,0,1,ARMED,70.0,0,0,80:02:9C:61:97:4B,11,24,1014.4,80:02:9C:61:97:4A,0,0,NONE,2026-08-19T16:18:36.638943
45917,,39,39,0,1993,65396,43376,93131,0,68,10,0,0,14:33:5C:6D:AF:58,0,1,ARMED,70.0,0,0,80:02:9C:61:97:4B,11,13,278.3,80:02:9C:61:97:4A,0,0,NONE,2026-08-19T16:18:36.763943
45917,,39,39,0,3831,65396,43376,93302,0,68,10,0,0,14:33:5C:6D:AF:58,0,1,ARMED,70.0,0,0,80:02:9C:61:97:4B,11,5,396.5,80:02:9C:61:97:4A,0,0,NONE,2026-08-19T16:18:36.934943
45917,DEAUTH,-91,6,0,2623,65396,43376,93452,0,68,10,0,0,14:33:5C:6D:AF:58,0,1,ARMED,70.0,0,1,80:02:9C:61:97:4B,11,15,246.1,80:02:9C:61:97:4A,0,0,NONE,2026-08-19T16:18:37.084943
45917,,-70,27,292,1934,65396,43376,93587,0,68,10,0,0,14:33:5C:6D:AF:58,1,1,ARMED,70.0,0,0,80:02:9C:61:97:4B,11,41,430.3,80:02:9C:61:97:4A,0,0,NONE,2026-08-19T16:18:37.219943
45917,,-57,40,0,2917,65396,43376,93673,0,68,10,0,0,14:33:5C:6D:AF:58,1,1,ARMED,70.0,0,1,80:02:9C:61:97:4B,11,41,508.2,80:02:9C:61:97:4A,0,0,NONE,2026-08-19T16:18:37.305943
45917,,39,39,0,0,65396,43376,93804,0,68,10,0,0,14:33:5C:6D:AF:58,0,1,ARMED,70.0,0,1,80:02:9C:61:97:4B,11,7,2796.6,80:02:9C:61:97:4A,0,0,NONE,2026-08-19T16:18:37.436943
45917,,-57,40,0,2937,65396,43376,93909,0,68,10,0,0,14:33:5C:6D:AF:58,0,1,ARMED,70.0,0,0,80:02:9C:61:97:4B,11,17,3339.2,80:02:9C:61:97:4A,0,0,NONE,2026-08-19T16:18:37.541943
45917,,22,22,0,89,65396,43376,93988,0,68,10,0,0,14:33:5C:6D:AF:58,0,1,ARMED,70.0,0,0,80:02:9C:61:97:4B,11,67,799.5,80:02:9C:61:97:4A,0,0,NONE,2026-08-19T16:18:37.620943
45917,,22,22,0,2059,65396,43376,94196,0,68,10,0,0,14:33:5C:6D:AF:58,1,0,ARMED,70.0,0,0,80:02:9C:61:97:4B,11,19,216.7,80:02:9C:61:97:4A,0,0,NONE,2026-08-19T16:18:37.828943
45917,,22,22,0,89,65396,43376,94269,0,68,10,0,0,14:33:5C:6D:AF:58,0,0,ARMED,70.0,0,0,80:02:9C:61:97:4B,11,49,867.2,80:02:9C:61:97:4A,0,0,NONE,2026-08-19T16:18:37.901943
45917,,-69,28,292,2046,65396,43376,94368,0,68,10,0,0,14:33:5C:6D:AF:58,0,1,ARMED,70.0,0,0,80:02:9C:61:97:4B,11,39,719.0,80:02:9C:61:97:4A,0,0,NONE,2026-08-19T16:18:38.000943
45917,,22,22,0,2006,65396,43376,94483,0,68,10,0,0,14:33:5C:6D:AF:58,0,1,ARMED,70.0,0,0,80:02:9C:61:97:4B,11,13,192.5,80:02:9C:61:97:4A,0,0,NONE,2026-08-19T16:18:38.115943
45917,,39,39,0,2551,65396,43376,94592,0,68,10,0,0,14:33:5C:6D:AF:58,1,1,ARMED,70.0,0,0,80:02:9C:61:97:4B,11,22,288.6,80:02:9C:61:97:4A,0,0,NONE,2026-08-19T16:18:38.224943
45917,,39,39,0,1955,65396,43376,94641,0,68,10,0,0,14:33:5C:6D:AF:58,1,1,ARMED,70.0,0,0,80:02:9C:61:97:4B,11,26,1015.5,80:02:9C:61:97:4A,0,0,NONE,2026-08-19T16:18:38.273943
45917,,39,39,0,2553,65396,43376,94786,0,68,10,0,0,14:33:5C:6D:AF:58,1,1,ARMED,70.0,0,0,80:02:9C:61:97:4B,11,14,208.1,80:02:9C:61:97:4A,0,0,NONE,2026-08-19T16:18:38.418943
45917,MGMT_OTHER,-86,11,2017,2598,65396,43376,94895,0,68,10,0,0,14:33:5C:6D:AF:58,1,0,ARMED,70.0,0,1,80:02:9C:61:97:4B,11,41,587.0,80:02:9C:61:97:4A,0,0,NONE,2026-08-19T16:18:38.527943
45917,,39,39,0,670,65396,43376,94971,0,68,10,0,0,14:33:5C:6D:AF:58,0,1,ARMED,70.0,0,1,80:02:9C:61:97:4B,11,28,638.1,80:02:9C:61:97:4A,0,0,NONE,2026-08-19T16:18:38.603943
45917,MGMT_OTHER,-85,12,48,2359,65396,43376,95054,0,68,10,0,0,14:33:5C:6D:AF:58,0,1,ARMED,70.0,0,1,80:02:9C:61:97:4B,11,30,1265.2,80:02:9C:61:97:4A,0,0,NONE,2026-08-19T16:18:38.686943
45917,,-57,40,0,3024,65396,43376,95121,0,68,10,0,0,14:33:5C:6D:AF:58,0,1,ARMED,70.0,0,0,80:02:9C:61:97:4B,11,80,878.9,80:02:9C:61:97:4A,0,0,NONE,2026-08-19T16:18:38.753943
45917,MGMT_OTHER,-85,12,48,2658,65396,43376,95211,0,68,10,0,0,14:33:5C:6D:AF:58,0,1,ARMED,70.0,0,1,80:02:9C:61:97:4B,11,49,662.1,80:02:9C:61:97:4A,0,0,NONE,2026-08-19T16:18:38.843943
45917,,10,10,0,1023,65396,43376,95343,0,68,10,0,0,14:33:5C:6D:AF:58,0,1,ARMED,70.0,0,1,80:02:9C:61:97:4B,11,7,1233.3,80:02:9C:61:97:4A,0,0,NONE,2026-08-19T16:18:38.975943
45917,,-69,28,292,2168,65396,43376,95507,0,68,10,0,0,14:33:5C:6D:AF:58,0,1,ARMED,70.0,0,0,80:02:9C:61:97:4B,11,25,369.9,80:02:9C:61:97:4A,0,0,NONE,2026-08-19T16:18:39.139943
45917,,39,39,0,90,65396,43376,95586,0,68,10,0,0,14:33:5C:6D:AF:58,0,1,ARMED,70.0,0,1,80:02:9C:61:97:4B,11,32,734.8,80:02:9C:61:97:4A,0,0,NONE,2026-08-19T16:18:39.218943
45917,,-57,40,0,3066,65396,43376,95670,0,68,10,0,0,14:33:5C:6D:AF:58,0,1,ARMED,70.0,0,0,80:02:9C:61:97:4B,11,22,868.4,80:02:9C:61:97:4A,0,0,NONE,2026-08-19T16:18:39.302943
45917,,39,39,0,2020,65396,43376,95801,0,68,10,0,0,14:33:5C:6D:AF:58,0,1,ARMED,70.0,0,0,80:02:9C:61:97:4B,11,30,550.9,80:02:9C:61:97:4A,0,0,NONE,2026-08-19T16:18:39.433943
45917,,16,16,0,91,65396,43376,95894,0,68,10,0,0,14:33:5C:6D:AF:58,0,1,ARMED,70.0,0,1,80:02:9C:61:97:4B,11,26,582.1,80:02:9C:61:97:4A,0,0,NONE,2026-08-19T16:18:39.526943
45917,,-68,29,336,2267,65396,43376,95962,0,68,10,0,0,14:33:5C:6D:AF:58,0,1,ARMED,70.0,0,1,80:02:9C:61:97:4B,11,19,1800.4,80:02:9C:61:97:4A,0,0,NONE,2026-08-19T16:18:39.594943
45917,,-57,40,0,3101,65380,43376,96104,0,68,10,0,0,14:33:5C:6D:AF:58,0,1,ARMED,70.0,0,0,80:02:9C:61:97:4B,11,30,601.1,80:02:9C:61:97:4A,0,0,NONE,2026-08-19T16:18:39.736943
45917,,-57,40,641,3110,65396,43376,96203,0,68,10,0,0,14:33:5C:6D:AF:58,0,1,ARMED,70.0,0,1,80:02:9C:61:97:4B,11,37,799.8,80:02:9C:61:97:4A,0,0,NONE,2026-08-19T16:18:39.835943
45917,BEACON,-83,14,0,2080,65396,43376,96346,0,68,10,0,0,14:33:5C:6D:AF:58,0,1,ARMED,70.0,0,1,80:02:9C:61:97:4B,11,18,207.2,80:02:9C:61:97:4A,0,0,NONE,2026-08-19T16:18:39.978943
45917,BEACON,-64,33,0,3813,65396,43376,96574,0,68,10,0,0,14:33:5C:6D:AF:58,0,0,ARMED,70.0,0,1,80:02:9C:61:97:4B,11,24,217.9,80:02:9C:61:97:4A,0,0,NONE,2026-08-19T16:18:40.206943
45917,,23,23,0,3865,65396,43376,96791,0,68,10,0,0,14:33:5C:6D:AF:58,0,0,ARMED,70.0,0,0,80:02:9C:61:97:4B,11,2,162.8,80:02:9C:61:97:4A,0,0,NONE,2026-08-19T16:18:40.423943
45917,,39,39,0,3817,65396,43376,97031,0,68,10,0,0,14:33:5C:6D:AF:58,0,0,ARMED,70.0,0,0,80:02:9C:61:97:4B,11,7,139.3,80:02:9C:61:97:4A,0,0,NONE,2026-08-19T16:18:40.663943
45917,,39,39,0,4,65396,43376,97284,0,68,10,0,0,14:33:5C:6D:AF:58,0,0,ARMED,70.0,0,0,80:02:9C:61:97:4B,11,18,189.0,80:02:9C:61:97:4A,0,0,NONE,2026-08-19T16:18:40.916943
45917,BEACON,-91,6,0,2038,65396,43376,97526,0,68,10,0,0,14:33:5C:6D:AF:58,0,0,ARMED,70.0,0,1,80:02:9C:61:97:4B,11,8,231.7,80:02:9C:61:97:4A,0,0,NONE,2026-08-19T16:18:41.158943
45917,MGMT_OTHER,-85,12,2016,404,65396,43376,97656,0,68,10,0,0,14:33:5C:6D:AF:58,0,0,ARMED,70.0,0,0,80:02:9C:61:97:4B,11,37,640.1,80:02:9C:61:97:4A,0,0,NONE,2026-08-19T16:18:41.288943
45917,,38,38,0,609,65380,43376,97736,0,68,10,0,0,14:33:5C:6D:AF:58,0,1,ARMED,70.0,0,0,80:02:9C:61:97:4B,11,20,533.0,80:02:9C:61:97:4A,0,0,NONE,2026-08-19T16:18:41.368943
45917,MGMT_OTHER,-92,5,1968,511,65396,43376,97806,0,68,10,0,0,14:33:5C:6D:AF:58,1,1,ARMED,70.0,0,1,80:02:9C:61:97:4B,11,6,893.4,80:02:9C:61:97:4A,0,0,NONE,2026-08-19T16:18:41.438943
45917,,38,38,0,93,65396,43376,97894,0,68,10,0,0,14:33:5C:6D:AF:58,1,1,ARMED,70.0,0,1,80:02:9C:61:97:4B,11,56,593.6,80:02:9C:61:97:4A,0,0,NONE,2026-08-19T16:18:41.526943
45917,,39,39,0,2044,65396,43376,98141,0,68,10,0,0,14:33:5C:6D:AF:58,0,0,ARMED,70.0,0,0,80:02:9C:61:97:4B,11,5,186.4,80:02:9C:61:97:4A,0,0,NONE,2026-08-19T16:18:41.773943
45917,,-69,28,292,2321,65396,43376,98428,0,68,10,0,0,14:33:5C:6D:AF:58,0,0,ARMED,70.0,0,0,80:02:9C:61:97:4B,11,2,818.0,80:02:9C:61:97:4A,0,0,NONE,2026-08-19T16:18:42.060943
45917,,21,21,0,2590,65396,43376,98593,0,68,10,0,0,14:33:5C:6D:AF:58,0,1,ARMED,70.0,0,0,80:02:9C:61:97:4B,11,16,246.4,80:02:9C:61:97:4A,0,0,NONE,2026-08-19T16:18:42.225943
45917,BEACON,-94,3,5414,3885,65396,43376,98831,0,68,10,0,0,14:33:5C:6D:AF:58,0,0,ARMED,70.0,0,0,80:02:9C:61:97:4B,11,21,214.8,80:02:9C:61:97:4A,0,0,NONE,2026-08-19T16:18:42.463943
45917,BEACON,-95,2,0,1998,65396,43376,99041,0,68,10,0,0,14:33:5C:6D:AF:58,0,1,ARMED,70.0,0,1,80:02:9C:61:97:4B,11,19,217.5,80:02:9C:61:97:4A,0,0,NONE,2026-08-19T16:18:42.673943
45917,,12,12,0,23,65396,43376,99234,0,68,10,0,0,14:33:5C:6D:AF:58,0,1,ARMED,70.0,0,0,80:02:9C:61:97:4B,11,15,217.3,80:02:9C:61:97:4A,0,0,NONE,2026-08-19T16:18:42.866943
45917,,10,10,0,2110,65396,43376,99438,0,68,10,0,0,14:33:5C:6D:AF:58,0,0,ARMED,70.0,0,0,80:02:9C:61:97:4B,11,13,196.2,80:02:9C:61:97:4A,0,0,NONE,2026-08-19T16:18:43.070943
45917,BEACON,-80,17,0,27,65396,43376,99638,0,68,10,0,0,14:33:5C:6D:AF:58,0,1,ARMED,70.0,0,1,80:02:9C:61:97:4B,11,13,214.8,80:02:9C:61:97:4A,0,0,NONE,2026-08-19T16:18:43.270943
45917,,-57,40,7199,3150,65396,43376,99757,0,68,10,0,0,14:33:5C:6D:AF:58,0,0,ARMED,70.0,0,1,80:02:9C:61:97:4B,11,41,575.0,80:02:9C:61:97:4A,0,0,NONE,2026-08-19T16:18:43.389943
45917,,39,39,0,2006,65396,43376,99881,0,68,10,0,0,14:33:5C:6D:AF:58,0,1,ARMED,70.0,0,0,80:02:9C:61:97:4B,11,37,386.2,80:02:9C:61:97:4A,0,0,NONE,2026-08-19T16:18:43.513943
45917,,23,23,0,2117,65396,43376,100143,0,68,10,0,0,14:33:5C:6D:AF:58,0,0,ARMED,70.0,0,0,80:02:9C:61:97:4B,11,6,188.8,80:02:9C:61:97:4A,0,0,NONE,2026-08-19T16:18:43.775943
45917,BEACON,-82,15,0,2119,65396,43376,100341,0,68,10,0,0,14:33:5C:6D:AF:58,0,1,ARMED,70.0,0,1,80:02:9C:61:97:4B,11,3,150.6,80:02:9C:61:97:4A,0,0,NONE,2026-08-19T16:18:43.973943
45917,,39,39,0,2013,65396,43376,100592,0,68,10,0,0,14:33:5C:6D:AF:58,0,0,ARMED,70.0,0,0,80:02:9C:61:97:4B,11,9,159.1,80:02:9C:61:97:4A,0,0,NONE,2026-08-19T16:18:44.224943
45917,,39,39,0,2124,65396,43376,100852,0,68,10,0,0,14:33:5C:6D:AF:58,0,0,ARMED,70.0,0,0,80:02:9C:61:97:4B,11,4,240.5,80:02:9C:61:97:4A,0,0,NONE,2026-08-19T16:18:44.484943
45917,,66,66,0,296,65396,43376,101045,0,68,10,0,0,14:33:5C:6D:AF:58,0,0,ARMED,70.0,0,0,80:02:9C:61:97:4B,11,6,696.3,80:02:9C:61:97:4A,0,0,NONE,2026-08-19T16:18:44.677943
45917,,24,24,0,2128,65396,43376,101269,0,68,10,0,0,14:33:5C:6D:AF:58,0,0,ARMED,70.0,0,0,80:02:9C:61:97:4B,11,3,111.5,80:02:9C:61:97:4A,0,0,NONE,2026-08-19T16:18:44.901943
45917,,39,39,0,2022,65396,43376,101522,0,68,10,0,0,14:33:5C:6D:AF:58,0,0,ARMED,70.0,0,0,80:02:9C:61:97:4B,11,12,179.1,80:02:9C:61:97:4A,0,0,NONE,2026-08-19T16:18:45.154943
45917,,39,39,0,47,65396,43376,101692,0,68,10,0,0,14:33:5C:6D:AF:58,0,1,ARMED,70.0,0,0,80:02:9C:61:97:4B,11,8,281.6,80:02:9C:61:97:4A,0,0,NONE,2026-08-19T16:18:45.324943
45917,,-57,40,0,3168,62172,43376,101835,0,68,10,0,0,14:33:5C:6D:AF:58,0,1,ARMED,70.0,0,0,80:02:9C:61:97:4B,11,30,442.3,80:02:9C:61:97:4A,0,0,NONE,2026-08-19T16:18:45.467943
45917,BEACON,-94,3,0,2027,65396,43376,102010,0,68,10,0,0,14:33:5C:6D:AF:58,0,1,ARMED,70.0,0,1,80:02:9C:61:97:4B,11,9,233.5,80:02:9C:61:97:4A,0,0,NONE,2026-08-19T16:18:45.642943
45917,,39,39,0,3918,65396,43376,102241,0,68,10,0,0,14:33:5C:6D:AF:58,0,0,ARMED,70.0,0,0,80:02:9C:61:97:4B,11,17,290.1,80:02:9C:61:97:4A,0,0,NONE,2026-08-19T16:18:45.873943
45917,,22,22,0,2628,65396,43376,102463,0,68,10,0,0,14:33:5C:6D:AF:58,1,0,ARMED,70.0,0,0,80:02:9C:61:97:4B,11,17,225.5,80:02:9C:61:97:4A,0,0,NONE,2026-08-19T16:18:46.095943
45917,,39,39,0,1023,65380,43376,102686,0,68,10,0,0,14:33:5C:6D:AF:58,0,1,ARMED,70.0,0,0,80:02:9C:61:97:4B,11,21,224.2,80:02:9C:61:97:4A,0,0,NONE,2026-08-19T16:18:46.318943
45917,,-29,68,0,857,65396,43376,102774,0,68,10,0,0,14:33:5C:6D:AF:58,0,1,ARMED,70.0,0,1,80:02:9C:61:97:4B,11,42,531.8,80:02:9C:61:97:4A,0,0,NONE,2026-08-19T16:18:46.406943
45917,BEACON,-94,3,0,2093,65396,43376,102954,0,68,10,0,0,14:33:5C:6D:AF:58,0,1,ARMED,70.0,0,0,80:02:9C:61:97:4B,11,16,295.4,80:02:9C:61:97:4A,0,0,NONE,2026-08-19T16:18:46.586943
45917,,-68,29,518,2412,65396,43376,103048,0,68,10,0,0,14:33:5C:6D:AF:58,0,0,ARMED,70.0,0,0,80:02:9C:61:97:4B,11,41,880.9,80:02:9C:61:97:4A,0,0,NONE,2026-08-19T16:18:46.680943
45917,,39,39,0,1023,65396,43376,103201,0,68,10,0,0,14:33:5C:6D:AF:58,0,1,ARMED,70.0,0,0,80:02:9C:61:97:4B,11,23,236.6,80:02:9C:61:97:4A,0,0,NONE,2026-08-19T16:18:46.833943
45917,,39,39,0,1023,65396,43376,103391,0,68,10,0,0,14:33:5C:6D:AF:58,0,0,ARMED,70.0,0,0,80:02:9C:61:97:4B,11,26,305.0,80:02:9C:61:97:4A,0,0,NONE,2026-08-19T16:18:47.023943
45917,,39,39,0,2042,65396,43376,103561,0,68,10,0,0,14:33:5C:6D:AF:58,0,1,ARMED,70.0,0,0,80:02:9C:61:97:4B,11,17,357.5,80:02:9C:61:97:4A,0,0,NONE,2026-08-19T16:18:47.193943
45917,,66,66,0,2101,65396,43376,103803,0,68,10,0,0,14:33:5C:6D:AF:58,0,0,ARMED,70.0,0,0,80:02:9C:61:97:4B,11,18,214.9,80:02:9C:61:97:4A,0,0,NONE,2026-08-19T16:18:47.435943
45917,,39,39,0,3888,65396,43376,103968,0,68,10,0,0,14:33:5C:6D:AF:58,1,0,ARMED,70.0,0,0,80:02:9C:61:97:4B,11,18,404.9,80:02:9C:61:97:4A,0,0,NONE,2026-08-19T16:18:47.600943
45917,,39,39,0,2104,65396,43376,104086,0,68,10,0,0,14:33:5C:6D:AF:58,0,1,ARMED,70.0,0,0,80:02:9C:61:97:4B,11,17,282.9,80:02:9C:61:97:4A,0,0,NONE,2026-08-19T16:18:47.718943
45917,,39,39,0,3938,65396,43376,104312,0,68,10,0,0,14:33:5C:6D:AF:58,0,0,ARMED,70.0,0,0,80:02:9C:61:97:4B,11,16,198.2,80:02:9C:61:97:4A,0,0,NONE,2026-08-19T16:18:47.944943
45917,,46,46,0,2412,65396,43376,104518,0,68,10,0,0,14:33:5C:6D:AF:58,0,0,ARMED,70.0,0,0,80:02:9C:61:97:4B,11,20,241.7,80:02:9C:61:97:4A,0,0,NONE,2026-08-19T16:18:48.150943
45917,BEACON,-81,16,0,77,65396,43376,104758,0,68,10,0,0,14:33:5C:6D:AF:58,0,0,ARMED,70.0,0,1,80:02:9C:61:97:4B,11,5,323.9,80:02:9C:61:97:4A,0,0,NONE,2026-08-19T16:18:48.390943
45917,,39,39,0,2056,65396,43376,104986,0,68,10,0,0,14:33:5C:6D:AF:58,0,0,ARMED,70.0,0,0,80:02:9C:61:97:4B,11,11,290.4,80:02:9C:61:97:4A,0,0,NONE,2026-08-19T16:18:48.618943
45917,,39,39,0,2114,65396,43376,105119,0,68,10,0,0,14:33:5C:6D:AF:58,0,0,ARMED,70.0,0,0,80:02:9C:61:97:4B,11,35,508.7,80:02:9C:61:97:4A,0,0,NONE,2026-08-19T16:18:48.751943
45917,MGMT_OTHER,-86,11,1725,3169,65396,43376,105263,0,68,10,0,0,14:33:5C:6D:AF:58,1,1,ARMED,70.0,0,1,80:02:9C:61:97:4B,11,5,473.8,80:02:9C:61:97:4A,0,0,NONE,2026-08-19T16:18:48.895943
45917,,39,39,0,3746,65396,43376,105320,0,68,10,0,0,14:33:5C:6D:AF:58,1,1,ARMED,70.0,0,0,80:02:9C:61:97:4B,11,55,818.1,80:02:9C:61:97:4A,0,0,NONE,2026-08-19T16:18:48.952943
45917,MGMT_OTHER,-92,5,122,0,65396,43376,105369,0,68,10,0,0,14:33:5C:6D:AF:58,1,1,ARMED,70.0,0,0,80:02:9C:61:97:4B,11,16,1014.6,80:02:9C:61:97:4A,0,0,NONE,2026-08-19T16:18:49.001943
45917,,-92,5,1676,2318,65396,43376,105435,0,68,10,0,0,14:33:5C:6D:AF:58,1,1,ARMED,70.0,0,1,80:02:9C:61:97:4B,11,66,805.6,80:02:9C:61:97:4A,0,0,NONE,2026-08-19T16:18:49.067943
45917,MGMT_OTHER,-85,12,1285,1705,65396,43376,105498,0,68,10,0,0,14:33:5C:6D:AF:58,1,1,ARMED,70.0,0,1,80:02:9C:61:97:4B,11,29,659.9,80:02:9C:61:97:4A,0,0,NONE,2026-08-19T16:18:49.130943
45917,,39,39,0,2171,65396,43376,105671,0,68,10,0,0,14:33:5C:6D:AF:58,0,0,ARMED,70.0,0,0,80:02:9C:61:97:4B,11,2,280.5,80:02:9C:61:97:4A,0,0,NONE,2026-08-19T16:18:49.303943
45917,,39,39,0,2121,65396,43376,105836,0,68,10,0,0,14:33:5C:6D:AF:58,0,1,ARMED,70.0,0,0,80:02:9C:61:97:4B,11,22,316.0,80:02:9C:61:97:4A,0,0,NONE,2026-08-19T16:18:49.468943
45917,,22,22,0,2122,65396,43376,105933,0,68,10,0,0,14:33:5C:6D:AF:58,0,1,ARMED,70.0,0,0,80:02:9C:61:97:4B,11,43,672.6,80:02:9C:61:97:4A,0,0,NONE,2026-08-19T16:18:49.565943
45917,,23,23,0,1100,65396,43376,106134,0,68,10,0,0,14:33:5C:6D:AF:58,0,0,ARMED,70.0,0,0,80:02:9C:61:97:4B,11,20,332.6,80:02:9C:61:97:4A,0,0,NONE,2026-08-19T16:18:49.766943
45917,,39,39,0,2069,65396,43376,106312,0,68,10,0,0,14:33:5C:6D:AF:58,0,0,ARMED,70.0,0,0,80:02:9C:61:97:4B,11,12,365.4,80:02:9C:61:97:4A,0,0,NONE,2026-08-19T16:18:49.944943
45917,,46,46,0,94,65396,43376,106502,0,68,10,0,0,14:33:5C:6D:AF:58,1,0,ARMED,70.0,0,0,80:02:9C:61:97:4B,11,7,379.7,80:02:9C:61:97:4A,0,0,NONE,2026-08-19T16:18:50.134943
45917,,39,39,0,2072,65396,43376,106621,0,68,10,0,0,14:33:5C:6D:AF:58,0,0,ARMED,70.0,0,0,80:02:9C:61:97:4B,11,33,932.8,80:02:9C:61:97:4A,0,0,NONE,2026-08-19T16:18:50.253943
45917,,39,39,0,2073,65396,43376,106736,0,68,10,0,0,14:33:5C:6D:AF:58,0,1,ARMED,70.0,0,0,80:02:9C:61:97:4B,11,13,270.9,80:02:9C:61:97:4A,0,0,NONE,2026-08-19T16:18:50.368943
45917,,23,23,0,3919,65396,43376,106926,0,68,10,0,0,14:33:5C:6D:AF:58,0,1,ARMED,70.0,0,0,80:02:9C:61:97:4B,11,10,308.6,80:02:9C:61:97:4A,0,0,NONE,2026-08-19T16:18:50.558943
45917,,46,46,0,2185,65396,43376,107108,0,68,10,0,0,14:33:5C:6D:AF:58,0,1,ARMED,70.0,0,0,80:02:9C:61:97:4B,11,2,207.6,80:02:9C:61:97:4A,0,0,NONE,2026-08-19T16:18:50.740943
45917,,-68,29,292,2477,65396,43376,107293,0,68,10,0,0,14:33:5C:6D:AF:58,1,1,ARMED,70.0,0,0,80:02:9C:61:97:4B,11,29,313.0,80:02:9C:61:97:4A,0,0,NONE,2026-08-19T16:18:50.925943
45917,,39,39,0,3924,65396,43376,107481,0,68,10,0,0,14:33:5C:6D:AF:58,0,0,ARMED,70.0,0,0,80:02:9C:61:97:4B,11,18,236.9,80:02:9C:61:97:4A,0,0,NONE,2026-08-19T16:18:51.113943
45917,,40,40,0,3927,65396,43376,107643,0,68,10,0,0,14:33:5C:6D:AF:58,1,1,ARMED,70.0,0,0,80:02:9C:61:97:4B,11,5,151.2,80:02:9C:61:97:4A,0,0,NONE,2026-08-19T16:18:51.275943
45917,,17,17,0,2192,65396,43376,107823,0,68,10,0,0,14:33:5C:6D:AF:58,0,1,ARMED,70.0,0,0,80:02:9C:61:97:4B,11,4,475.1,80:02:9C:61:97:4A,0,0,NONE,2026-08-19T16:18:51.455943
45917,BEACON,-80,17,0,109,65396,43376,108035,0,68,10,0,0,14:33:5C:6D:AF:58,0,0,ARMED,70.0,0,1,80:02:9C:61:97:4B,11,3,194.1,80:02:9C:61:97:4A,0,0,NONE,2026-08-19T16:18:51.667943
45917,,19,19,0,2088,65396,43376,108264,0,68,10,0,0,14:33:5C:6D:AF:58,0,0,ARMED,70.0,0,0,80:02:9C:61:97:4B,11,12,305.5,80:02:9C:61:97:4A,0,0,NONE,2026-08-19T16:18:51.896943
45917,,46,46,0,2090,65396,43376,108469,0,68,10,0,0,14:33:5C:6D:AF:58,0,0,ARMED,70.0,0,0,80:02:9C:61:97:4B,11,12,304.2,80:02:9C:61:97:4A,0,0,NONE,2026-08-19T16:18:52.101943
45917,BEACON,-76,21,0,2148,65396,43376,108687,0,68,10,0,0,14:33:5C:6D:AF:58,0,0,ARMED,70.0,0,0,80:02:9C:61:97:4B,11,12,224.5,80:02:9C:61:97:4A,0,0,NONE,2026-08-19T16:18:52.319943
45917,,21,21,0,2149,65396,43376,108834,0,68,10,0,0,14:33:5C:6D:AF:58,1,1,ARMED,70.0,0,0,80:02:9C:61:97:4B,11,27,277.5,80:02:9C:61:97:4A,0,0,NONE,2026-08-19T16:18:52.466943
45917,,39,39,0,3984,65396,43376,109011,0,68,10,0,0,14:33:5C:6D:AF:58,1,1,ARMED,70.0,0,0,80:02:9C:61:97:4B,11,16,227.7,80:02:9C:61:97:4A,0,0,NONE,2026-08-19T16:18:52.643943
45917,BEACON,-96,1,0,2153,65396,43376,109200,0,68,10,0,0,14:33:5C:6D:AF:58,1,1,ARMED,70.0,0,1,80:02:9C:61:97:4B,11,12,219.9,80:02:9C:61:97:4A,0,0,NONE,2026-08-19T16:18:52.832943
45917,BEACON,-92,5,0,2098,65396,43376,109280,0,68,10,0,0,14:33:5C:6D:AF:58,1,1,ARMED,70.0,0,1,80:02:9C:61:97:4B,11,28,871.0,80:02:9C:61:97:4A,0,0,NONE,2026-08-19T16:18:52.912943
45917,MGMT_OTHER,-94,3,0,933,65396,43376,109462,0,68,10,0,0,14:33:5C:6D:AF:58,0,0,ARMED,70.0,0,1,80:02:9C:61:97:4B,11,3,345.5,80:02:9C:61:97:4A,0,0,NONE,2026-08-19T16:18:53.094943
45917,,39,39,0,2102,65396,43376,109711,0,68,10,0,0,14:33:5C:6D:AF:58,0,0,ARMED,70.0,0,0,80:02:9C:61:97:4B,11,10,187.3,80:02:9C:61:97:4A,0,0,NONE,2026-08-19T16:18:53.343943
45917,,12,12,0,1023,65396,43376,109930,0,68,10,0,0,14:33:5C:6D:AF:58,0,0,ARMED,70.0,0,0,80:02:9C:61:97:4B,11,17,250.9,80:02:9C:61:97:4A,0,0,NONE,2026-08-19T16:18:53.562943
45917,,-56,41,0,3279,65396,43376,110039,0,68,10,0,0,14:33:5C:6D:AF:58,0,0,ARMED,70.0,0,0,80:02:9C:61:97:4B,11,41,555.2,80:02:9C:61:97:4A,0,0,NONE,2026-08-19T16:18:53.671943
45917,,-65,32,291,2526,65396,43376,110089,0,68,10,0,0,14:33:5C:6D:AF:58,0,1,ARMED,70.0,0,0,80:02:9C:61:97:4B,11,13,618.2,80:02:9C:61:97:4A,0,0,NONE,2026-08-19T16:18:53.721943
45917,,39,39,0,104,65396,43376,110251,0,68,10,0,0,14:33:5C:6D:AF:58,0,1,ARMED,70.0,0,0,80:02:9C:61:97:4B,11,27,331.6,80:02:9C:61:97:4A,0,0,NONE,2026-08-19T16:18:53.883943
45917,,15,15,0,2165,65396,43376,110474,0,68,10,0,0,14:33:5C:6D:AF:58,1,0,ARMED,70.0,0,0,80:02:9C:61:97:4B,11,26,261.8,80:02:9C:61:97:4A,0,0,NONE,2026-08-19T16:18:54.106943
45917,,20,20,0,2711,65396,43376,110656,0,68,10,0,0,14:33:5C:6D:AF:58,0,0,ARMED,70.0,0,0,80:02:9C:61:97:4B,11,27,352.6,80:02:9C:61:97:4A,0,0,NONE,2026-08-19T16:18:54.288943
45917,,19,19,0,2113,65396,43376,110842,0,68,10,0,0,14:33:5C:6D:AF:58,1,1,ARMED,70.0,0,0,80:02:9C:61:97:4B,11,14,243.8,80:02:9C:61:97:4A,0,1,ARP_SPOOF,2026-08-19T16:18:54.474943
45917,PROBE_REQ,-94,3,1638,345,65396,43376,111060,0,68,10,0,0,14:33:5C:6D:AF:58,0,0,ARMED,70.0,0,1,80:02:9C:61:97:4B,11,18,255.5,80:02:9C:61:97:4A,0,1,ARP_SPOOF,2026-08-19T16:18:54.692943
45917,,39,39,0,52,65396,43376,111136,0,68,10,0,0,14:33:5C:6D:AF:58,1,1,ARMED,70.0,0,0,80:02:9C:61:97:4B,11,39,883.3,80:02:9C:61:97:4A,0,1,ARP_SPOOF,2026-08-19T16:18:54.768943
45917,BEACON,-77,20,796,2173,65396,43376,111247,0,68,10,0,0,14:33:5C:6D:AF:58,1,1,ARMED,70.0,0,1,80:02:9C:61:97:4B,11,26,485.7,80:02:9C:61:97:4A,0,1,ARP_SPOOF,2026-08-19T16:18:54.879943
45917,,-92,5,2022,939,65396,43376,111358,0,68,10,0,0,14:33:5C:6D:AF:58,1,1,ARMED,70.0,0,1,80:02:9C:61:97:4B,11,28,453.1,80:02:9C:61:97:4A,0,1,ARP_SPOOF,2026-08-19T16:18:54.990943
45917,,39,39,0,3450,65396,43376,111486,0,68,10,0,0,14:33:5C:6D:AF:58,1,1,ARMED,70.0,0,0,80:02:9C:61:97:4B,11,33,378.9,80:02:9C:61:97:4A,0,1,ARP_SPOOF,2026-08-19T16:18:55.118943
45917,,39,39,0,2121,65396,43376,111641,0,68,10,0,0,14:33:5C:6D:AF:58,1,1,ARMED,70.0,0,0,80:02:9C:61:97:4B,11,11,289.9,80:02:9C:61:97:4A,0,1,ARP_SPOOF,2026-08-19T16:18:55.273943
45917,,20,20,0,4012,65396,43376,111841,0,68,10,0,0,14:33:5C:6D:AF:58,0,0,ARMED,70.0,0,0,80:02:9C:61:97:4B,11,9,274.5,80:02:9C:61:97:4A,0,1,ARP_SPOOF,2026-08-19T16:18:55.473943
45917,,39,39,0,148,65396,43376,112031,0,68,10,0,0,14:33:5C:6D:AF:58,0,0,ARMED,70.0,0,0,80:02:9C:61:97:4B,11,6,328.7,80:02:9C:61:97:4A,0,1,ARP_SPOOF,2026-08-19T16:18:55.663943
45917,,-82,15,0,297,65396,43376,112192,0,68,10,0,0,14:33:5C:6D:AF:58,0,0,ARMED,70.0,0,0,80:02:9C:61:97:4B,11,30,394.7,80:02:9C:61:97:4A,0,1,ARP_SPOOF,2026-08-19T16:18:55.824943
45917,,-93,4,0,2492,65396,43376,112303,0,68,10,0,0,14:33:5C:6D:AF:58,0,1,ARMED,70.0,0,1,80:02:9C:61:97:4B,11,49,568.7,80:02:9C:61:97:4A,0,1,ARP_SPOOF,2026-08-19T16:18:55.935943
45917,,39,39,0,0,65396,43376,112447,0,68,10,0,0,14:33:5C:6D:AF:58,1,0,ARMED,70.0,0,1,80:02:9C:61:97:4B,11,21,865.6,EC:75:0C:53:67:7F,1,1,ARP_SPOOF,2026-08-19T16:18:56.079943
45917,,21,21,0,3979,65396,43376,112656,0,68,10,0,0,14:33:5C:6D:AF:58,0,0,ARMED,70.0,0,0,80:02:9C:61:97:4B,11,8,282.8,EC:75:0C:53:67:7F,1,1,ARP_SPOOF,2026-08-19T16:18:56.288943
45917,,19,19,0,4022,65396,43376,112866,0,68,10,0,0,14:33:5C:6D:AF:58,0,0,ARMED,70.0,0,0,80:02:9C:61:97:4B,11,10,294.3,EC:75:0C:53:67:7F,1,1,ARP_SPOOF,2026-08-19T16:18:56.498943
45917,,-90,7,0,1012,65396,43376,113079,0,68,10,0,0,14:33:5C:6D:AF:58,0,0,ARMED,70.0,0,0,80:02:9C:61:97:4B,11,17,401.3,EC:75:0C:53:67:7F,1,1,ARP_SPOOF,2026-08-19T16:18:56.711943
45917,,-57,40,416,3325,65240,43376,113199,0,68,10,0,0,14:33:5C:6D:AF:58,1,1,ARMED,70.0,0,1,80:02:9C:61:97:4B,11,32,535.2,EC:75:0C:53:67:7F,1,1,ARP_SPOOF,2026-08-19T16:18:56.831943
45917,BEACON,-67,30,9320,3986,65396,43376,113368,0,68,10,0,0,14:33:5C:6D:AF:58,0,1,ARMED,70.0,0,1,80:02:9C:61:97:4B,11,5,214.1,EC:75:0C:53:67:7F,1,1,ARP_SPOOF,2026-08-19T16:18:57.000943
45917,,10,10,0,2139,65396,43376,113493,0,68,10,0,0,14:33:5C:6D:AF:58,0,0,ARMED,70.0,0,0,80:02:9C:61:97:4B,11,33,708.6,EC:75:0C:53:67:7F,1,1,ARP_SPOOF,2026-08-19T16:18:57.125943
45917,,66,66,0,3988,65396,43376,113582,0,68,10,0,0,14:33:5C:6D:AF:58,0,1,ARMED,70.0,0,0,80:02:9C:61:97:4B,11,19,580.9,EC:75:0C:53:67:7F,1,1,ARP_SPOOF,2026-08-19T16:18:57.214943
45917,,46,46,0,2198,65396,43376,113728,0,68,10,0,0,14:33:5C:6D:AF:58,0,1,ARMED,70.0,0,0,80:02:9C:61:97:4B,11,30,391.2,EC:75:0C:53:67:7F,1,1,ARP_SPOOF,2026-08-19T16:18:57.360943
45917,,39,39,0,2200,65396,43376,113921,0,68,10,0,0,14:33:5C:6D:AF:58,0,1,ARMED,70.0,0,0,80:02:9C:61:97:4B,11,14,215.1,EC:75:0C:53:67:7F,1,1,ARP_SPOOF,2026-08-19T16:18:57.553943
45917,,39,39,0,4000,65396,43376,114101,0,68,10,0,0,14:33:5C:6D:AF:58,0,1,ARMED,70.0,0,0,80:02:9C:61:97:4B,11,10,249.3,EC:75:0C:53:67:7F,1,1,ARP_SPOOF,2026-08-19T16:18:57.733943
45917,BEACON,-68,29,0,4002,65396,43376,114289,0,68,10,0,0,14:33:5C:6D:AF:58,0,0,ARMED,70.0,0,1,80:02:9C:61:97:4B,11,8,340.8,EC:75:0C:53:67:7F,1,1,ARP_SPOOF,2026-08-19T16:18:57.921943
45917,BEACON,-69,28,0,4004,65396,43376,114494,0,68,10,0,0,14:33:5C:6D:AF:58,1,0,ARMED,70.0,0,1,80:02:9C:61:97:4B,11,8,342.5,EC:75:0C:53:67:7F,1,1,ARP_SPOOF,2026-08-19T16:18:58.126943
45917,,39,39,0,4040,65396,43376,114711,0,68,10,0,0,14:33:5C:6D:AF:58,0,0,ARMED,70.0,0,0,80:02:9C:61:97:4B,11,11,308.7,EC:75:0C:53:67:7F,1,1,ARP_SPOOF,2026-08-19T16:18:58.343943
45917,,21,21,0,176,65396,43376,114898,0,68,10,0,0,14:33:5C:6D:AF:58,0,0,ARMED,70.0,0,0,80:02:9C:61:97:4B,11,18,1010.7,EC:75:0C:53:67:7F,1,1,ARP_SPOOF,2026-08-19T16:18:58.530943
45917,,21,21,0,2155,65396,43376,115118,0,68,10,0,0,14:33:5C:6D:AF:58,0,0,ARMED,70.0,0,0,80:02:9C:61:97:4B,11,10,316.1,EC:75:0C:53:67:7F,1,1,ARP_SPOOF,2026-08-19T16:18:58.750943
45917,,39,39,0,4046,65396,43376,115341,0,68,10,0,0,14:33:5C:6D:AF:58,0,0,ARMED,70.0,0,0,80:02:9C:61:97:4B,11,13,252.9,EC:75:0C:53:67:7F,1,1,ARP_SPOOF,2026-08-19T16:18:58.973943
45917,BEACON,-93,4,0,2756,65396,43376,115568,0,68,10,0,0,14:33:5C:6D:AF:58,1,0,ARMED,70.0,0,1,80:02:9C:61:97:4B,11,15,203.7,EC:75:0C:53:67:7F,1,1,ARP_SPOOF,2026-08-19T16:18:59.200943
45917,,46,46,0,110,65396,43376,115735,0,68,10,0,0,14:33:5C:6D:AF:58,0,0,ARMED,70.0,0,1,80:02:9C:61:97:4B,11,20,562.7,EC:75:0C:53:67:7F,1,1,ARP_SPOOF,2026-08-19T16:18:59.367943
45917,,39,39,0,1023,65396,43376,115913,0,68,10,0,0,14:33:5C:6D:AF:58,1,0,ARMED,70.0,0,0,80:02:9C:61:97:4B,11,3,345.3,EC:75:0C:53:67:7F,1,1,ARP_SPOOF,2026-08-19T16:18:59.545943
45917,,39,39,0,2273,65396,43376,116121,0,68,10,0,0,14:33:5C:6D:AF:58,0,0,ARMED,70.0,0,0,80:02:9C:61:97:4B,11,1,81.9,EC:75:0C:53:67:7F,1,1,ARP_SPOOF,2026-08-19T16:18:59.753943
45917,BEACON,-65,32,0,4023,65396,43376,116337,0,68,10,0,0,14:33:5C:6D:AF:58,0,0,ARMED,70.0,0,1,80:02:9C:61:97:4B,11,4,171.0,EC:75:0C:53:67:7F,1,1,ARP_SPOOF,2026-08-19T16:18:59.969943
45917,BEACON,-65,32,0,4025,65396,43376,116542,0,68,10,0,0,14:33:5C:6D:AF:58,0,0,ARMED,70.0,0,1,80:02:9C:61:97:4B,11,7,299.7,EC:75:0C:53:67:7F,1,1,ARP_SPOOF,2026-08-19T16:19:00.174943
45917,,39,39,0,2170,65396,43376,116661,0,68,10,0,0,14:33:5C:6D:AF:58,0,1,ARMED,70.0,0,0,80:02:9C:61:97:4B,11,13,325.2,EC:75:0C:53:67:7F,1,1,ARP_SPOOF,2026-08-19T16:19:00.293943
45917,BEACON,-95,2,0,2172,65396,43376,116858,0,68,10,0,0,14:33:5C:6D:AF:58,0,1,ARMED,70.0,0,1,80:02:9C:61:97:4B,11,8,248.8,EC:75:0C:53:67:7F,1,1,ARP_SPOOF,2026-08-19T16:19:00.490943
45917,,39,39,0,1023,65396,43376,117091,0,68,10,0,0,14:33:5C:6D:AF:58,0,0,ARMED,70.0,0,0,80:02:9C:61:97:4B,11,18,297.2,EC:75:0C:53:67:7F,1,1,ARP_SPOOF,2026-08-19T16:19:00.723943
45917,,39,39,0,2175,65396,43376,117166,0,68,10,0,0,14:33:5C:6D:AF:58,0,1,ARMED,70.0,0,0,80:02:9C:61:97:4B,11,30,840.7,EC:75:0C:53:67:7F,1,1,ARP_SPOOF,2026-08-19T16:19:00.798943
45917,,39,39,0,2176,65396,43376,117298,0,68,10,0,0,14:33:5C:6D:AF:58,0,1,ARMED,70.0,0,0,80:02:9C:61:97:4B,11,21,314.7,EC:75:0C:53:67:7F,1,1,ARP_SPOOF,2026-08-19T16:19:00.930943
45917,,17,17,0,201,65396,43376,117456,0,68,10,0,0,14:33:5C:6D:AF:58,1,0,ARMED,70.0,0,0,80:02:9C:61:97:4B,11,4,253.5,EC:75:0C:53:67:7F,1,1,ARP_SPOOF,2026-08-19T16:19:01.088943
45917,BEACON,-79,18,0,203,65396,43376,117660,0,68,10,0,0,14:33:5C:6D:AF:58,0,0,ARMED,70.0,0,1,80:02:9C:61:97:4B,11,3,157.1,EC:75:0C:53:67:7F,1,1,ARP_SPOOF,2026-08-19T16:19:01.292943
45917,,38,38,0,2150,65396,43376,117904,0,68,10,0,0,14:33:5C:6D:AF:58,1,0,ARMED,70.0,0,0,80:02:9C:61:97:4B,11,14,257.6,EC:75:0C:53:67:7F,1,1,ARP_SPOOF,2026-08-19T16:19:01.536943
45917,,22,22,0,2780,65396,43376,118036,0,68,10,0,0,14:33:5C:6D:AF:58,0,0,ARMED,70.0,0,0,80:02:9C:61:97:4B,11,43,513.8,EC:75:0C:53:67:7F,1,1,ARP_SPOOF,2026-08-19T16:19:01.668943
45917,,19,19,0,209,65396,43376,118275,0,68,10,0,0,14:33:5C:6D:AF:58,0,0,ARMED,70.0,0,0,80:02:9C:61:97:4B,11,5,326.6,EC:75:0C:53:67:7F,1,1,ARP_SPOOF,2026-08-19T16:19:01.907943
45917,,38,38,0,1023,65396,43376,118490,0,68,10,0,0,14:33:5C:6D:AF:58,1,1,ARMED,70.0,0,1,80:02:9C:61:97:4B,11,7,272.7,EC:75:0C:53:67:7F,1,1,ARP_SPOOF,2026-08-19T16:19:02.122943
45917,,19,19,0,2298,65396,43376,118681,0,68,10,0,0,14:33:5C:6D:AF:58,1,0,ARMED,70.0,0,0,80:02:9C:61:97:4B,11,6,504.8,EC:75:0C:53:67:7F,1,1,ARP_SPOOF,2026-08-19T16:19:02.313943
45917,BEACON,-67,30,0,4052,65396,43376,118897,0,68,10,0,0,14:33:5C:6D:AF:58,0,0,ARMED,70.0,0,1,80:02:9C:61:97:4B,11,5,214.2,EC:75:0C:53:67:7F,1,1,ARP_SPOOF,2026-08-19T16:19:02.529943
45917,BEACON,-92,5,0,2194,65396,43376,119111,0,68,10,0,0,14:33:5C:6D:AF:58,1,0,ARMED,70.0,0,1,80:02:9C:61:97:4B,11,8,248.9,EC:75:0C:53:67:7F,1,1,ARP_SPOOF,2026-08-19T16:19:02.743943
45917,,21,21,0,1586,65396,43376,119263,0,68,10,0,0,14:33:5C:6D:AF:58,1,1,ARMED,70.0,0,0,80:02:9C:61:97:4B,11,19,232.2,EC:75:0C:53:67:7F,1,1,ARP_SPOOF,2026-08-19T16:19:02.895943
45917,,38,38,0,2197,65396,43376,119464,0,68,10,0,0,14:33:5C:6D:AF:58,0,1,ARMED,70.0,0,0,80:02:9C:61:97:4B,11,18,229.5,EC:75:0C:53:67:7F,1,1,ARP_SPOOF,2026-08-19T16:19:03.096943
45917,BEACON,-90,7,0,1349,65396,43376,119672,0,68,10,0,0,14:33:5C:6D:AF:58,0,1,ARMED,70.0,0,1,80:02:9C:61:97:4B,11,20,245.2,EC:75:0C:53:67:7F,1,1,ARP_SPOOF,2026-08-19T16:19:03.304943
45917,,22,22,0,2257,65396,43376,119763,0,68,10,0,0,14:33:5C:6D:AF:58,1,1,ARMED,70.0,0,0,80:02:9C:61:97:4B,11,35,500.5,EC:75:0C:53:67:7F,1,1,ARP_SPOOF,2026-08-19T16:19:03.395943
45917,,38,38,0,2202,65396,43376,119985,0,68,10,0,0,14:33:5C:6D:AF:58,0,0,ARMED,70.0,0,0,80:02:9C:61:97:4B,11,20,228.3,EC:75:0C:53:67:7F,1,1,ARP_SPOOF,2026-08-19T16:19:03.617943
45917,BEACON,-81,16,0,228,65396,43376,120220,0,68,10,0,0,14:33:5C:6D:AF:58,0,0,ARMED,70.0,0,0,80:02:9C:61:97:4B,11,2,129.8,EC:75:0C:53:67:7F,1,1,ARP_SPOOF,2026-08-19T16:19:03.852943
45917,MGMT_OTHER,38,38,0,4069,65416,43376,120437,0,68,10,0,0,14:33:5C:6D:AF:58,0,0,ARMED,70.0,0,0,80:02:9C:61:97:4B,11,10,369.5,EC:75:0C:53:67:7F,1,1,ARP_SPOOF,2026-08-19T16:19:04.069943
45917,,-58,39,194,3435,65368,43376,120553,0,68,10,0,0,14:33:5C:6D:AF:58,0,0,ARMED,70.0,0,1,80:02:9C:61:97:4B,11,37,911.7,EC:75:0C:53:67:7F,1,1,ARP_SPOOF,2026-08-19T16:19:04.185943
45917,,-58,39,0,3439,65416,43376,120585,0,68,10,0,0,14:33:5C:6D:AF:58,0,0,ARMED,70.0,0,0,80:02:9C:61:97:4B,11,87,1199.4,EC:75:0C:53:67:7F,1,1,ARP_SPOOF,2026-08-19T16:19:04.217943
45917,MGMT_OTHER,-84,13,49,1644,65416,43376,120641,0,68,10,0,0,14:33:5C:6D:AF:58,1,1,ARMED,70.0,0,1,80:02:9C:61:97:4B,11,20,767.7,EC:75:0C:53:67:7F,1,1,ARP_SPOOF,2026-08-19T16:19:04.273943
45917,MGMT_OTHER,-83,14,2799,130,65416,43376,120710,0,68,10,0,0,14:33:5C:6D:AF:58,1,1,ARMED,70.0,0,1,80:02:9C:61:97:4B,11,70,730.9,EC:75:0C:53:67:7F,1,1,ARP_SPOOF,2026-08-19T16:19:04.342943
45917,MGMT_OTHER,-84,13,0,3236,65416,43376,120776,0,68,10,0,0,14:33:5C:6D:AF:58,1,1,ARMED,70.0,0,1,80:02:9C:61:97:4B,11,44,757.2,EC:75:0C:53:67:7F,1,1,ARP_SPOOF,2026-08-19T16:19:04.408943
45917,MGMT_OTHER,-84,13,48,478,65416,43376,120827,0,68,10,0,0,14:33:5C:6D:AF:58,1,1,ARMED,70.0,0,1,80:02:9C:61:97:4B,11,6,750.9,EC:75:0C:53:67:7F,1,1,ARP_SPOOF,2026-08-19T16:19:04.459943
45917,MGMT_OTHER,-84,13,48,49,65416,43376,120884,0,68,10,0,0,14:33:5C:6D:AF:58,1,1,ARMED,70.0,0,1,80:02:9C:61:97:4B,11,56,865.0,EC:75:0C:53:67:7F,1,1,ARP_SPOOF,2026-08-19T16:19:04.516943
45917,MGMT_OTHER,-84,13,1428,3016,65416,43376,120926,0,68,10,0,0,14:33:5C:6D:AF:58,1,1,ARMED,70.0,0,1,80:02:9C:61:97:4B,11,5,680.5,EC:75:0C:53:67:7F,1,1,ARP_SPOOF,2026-08-19T16:19:04.558943
45917,,-58,39,1545,3446,65416,43376,120979,0,68,10,0,0,14:33:5C:6D:AF:58,1,1,ARMED,70.0,0,1,80:02:9C:61:97:4B,11,55,913.5,EC:75:0C:53:67:7F,1,1,ARP_SPOOF,2026-08-19T16:19:04.611943
45917,MGMT_OTHER,18,18,0,2270,65416,43376,121090,0,68,10,0,0,14:33:5C:6D:AF:58,1,1,ARMED,70.0,0,0,80:02:9C:61:97:4B,11,22,333.9,EC:75:0C:53:67:7F,1,1,ARP_SPOOF,2026-08-19T16:19:04.722943
45917,,-90,7,1676,3555,65416,43376,121188,0,68,10,0,0,14:33:5C:6D:AF:58,1,1,ARMED,70.0,0,1,80:02:9C:61:97:4B,11,41,664.1,EC:75:0C:53:67:7F,1,1,ARP_SPOOF,2026-08-19T16:19:04.820943
45917,MGMT_OTHER,-84,13,48,2951,65416,43376,121238,0,68,10,0,0,14:33:5C:6D:AF:58,1,1,ARMED,70.0,0,1,80:02:9C:61:97:4B,11,8,916.7,EC:75:0C:53:67:7F,1,1,ARP_SPOOF,2026-08-19T16:19:04.870943
45917,MGMT_OTHER,-83,14,2017,1506,65416,43376,121306,0,68,10,0,0,14:33:5C:6D:AF:58,1,1,ARMED,70.0,0,1,80:02:9C:61:97:4B,11,58,756.4,EC:75:0C:53:67:7F,1,1,ARP_SPOOF,2026-08-19T16:19:04.938943
45917,MGMT_OTHER,38,38,0,2274,65416,43376,121491,0,68,10,0,0,14:33:5C:6D:AF:58,1,0,ARMED,70.0,0,0,80:02:9C:61:97:4B,11,16,278.8,EC:75:0C:53:67:7F,1,1,ARP_SPOOF,2026-08-19T16:19:05.123943
45917,BEACON,-92,5,0,12,65416,43376,121667,0,68,10,0,0,14:33:5C:6D:AF:58,0,0,ARMED,70.0,0,0,80:02:9C:61:97:4B,11,13,456.6,EC:75:0C:53:67:7F,1,1,ARP_SPOOF,2026-08-19T16:19:05.299943
45917,MGMT_OTHER,39,39,0,2329,65416,43376,121849,0,68,10,0,0,14:33:5C:6D:AF:58,0,0,ARMED,70.0,0,0,80:02:9C:61:97:4B,11,2,379.7,EC:75:0C:53:67:7F,1,1,ARP_SPOOF,2026-08-19T16:19:05.481943
45917,BEACON,-92,5,0,2222,65416,43376,121978,0,68,10,0,0,14:33:5C:6D:AF:58,0,1,ARMED,70.0,0,1,80:02:9C:61:97:4B,11,10,312.7,EC:75:0C:53:67:7F,1,1,ARP_SPOOF,2026-08-19T16:19:05.610943
45917,MGMT_OTHER,39,39,0,2332,65416,43376,122151,0,68,10,0,0,14:33:5C:6D:AF:58,0,0,ARMED,70.0,0,0,80:02:9C:61:97:4B,11,1,1000.0,EC:75:0C:53:67:7F,1,1,ARP_SPOOF,2026-08-19T16:19:05.783943
45917,MGMT_OTHER,38,38,0,2334,65416,43376,122369,0,68,10,0,0,14:33:5C:6D:AF:58,0,0,ARMED,70.0,0,0,80:02:9C:61:97:4B,11,2,150.7,EC:75:0C:53:67:7F,1,1,ARP_SPOOF,2026-08-19T16:19:06.001943
45917,MGMT_OTHER,22,22,0,2336,65416,43376,122563,0,68,10,0,0,14:33:5C:6D:AF:58,0,0,ARMED,70.0,0,0,80:02:9C:61:97:4B,11,2,784.6,EC:75:0C:53:67:7F,1,1,ARP_SPOOF,2026-08-19T16:19:06.195943
45917,MGMT_OTHER,47,47,0,253,65416,43376,122781,0,68,10,0,0,14:33:5C:6D:AF:58,0,0,ARMED,70.0,0,0,80:02:9C:61:97:4B,11,4,258.2,EC:75:0C:53:67:7F,1,1,ARP_SPOOF,2026-08-19T16:19:06.413943
45917,,-82,15,0,299,65416,43376,122940,0,68,10,0,0,14:33:5C:6D:AF:58,0,0,ARMED,70.0,0,0,80:02:9C:61:97:4B,11,29,399.0,EC:75:0C:53:67:7F,1,1,ARP_SPOOF,2026-08-19T16:19:06.572943
45917,BEACON,-94,3,0,2233,65416,43376,123104,0,68,10,0,0,14:33:5C:6D:AF:58,0,0,ARMED,70.0,0,1,80:02:9C:61:97:4B,11,10,311.5,EC:75:0C:53:67:7F,1,1,ARP_SPOOF,2026-08-19T16:19:06.736943
45917,,-58,39,423,3469,65416,43376,123173,0,68,10,0,0,14:33:5C:6D:AF:58,0,1,ARMED,70.0,0,1,80:02:9C:61:97:4B,11,1,1000.0,EC:75:0C:53:67:7F,1,1,ARP_SPOOF,2026-08-19T16:19:06.805943
45917,MGMT_OTHER,38,38,0,2831,65416,43376,123251,0,68,10,0,0,14:33:5C:6D:AF:58,0,1,ARMED,70.0,0,0,80:02:9C:61:97:4B,11,51,649.7,EC:75:0C:53:67:7F,1,1,ARP_SPOOF,2026-08-19T16:19:06.883943
45917,MGMT_OTHER,21,21,0,29,65416,43376,123413,0,68,10,0,0,14:33:5C:6D:AF:58,0,1,ARMED,70.0,0,0,80:02:9C:61:97:4B,11,11,342.6,EC:75:0C:53:67:7F,1,1,ARP_SPOOF,2026-08-19T16:19:07.045943
45917,MGMT_OTHER,21,21,0,2238,65416,43376,123624,0,68,10,0,0,14:33:5C:6D:AF:58,0,0,ARMED,70.0,0,0,80:02:9C:61:97:4B,11,11,275.6,EC:75:0C:53:67:7F,1,1,ARP_SPOOF,2026-08-19T16:19:07.256943
45917,MGMT_OTHER,38,38,0,2240,65416,43376,123841,0,68,10,0,0,14:33:5C:6D:AF:58,0,0,ARMED,70.0,0,0,80:02:9C:61:97:4B,11,14,268.7,EC:75:0C:53:67:7F,1,1,ARP_SPOOF,2026-08-19T16:19:07.473943
45917,,-58,39,1045,3486,65416,43376,124000,0,68,10,0,0,14:33:5C:6D:AF:58,0,0,ARMED,70.0,0,0,80:02:9C:61:97:4B,11,18,2190.3,EC:75:0C:53:67:7F,1,1,ARP_SPOOF,2026-08-19T16:19:07.632943
45917,,-68,29,292,2760,65416,43376,124067,0,68,10,0,0,14:33:5C:6D:AF:58,0,0,ARMED,70.0,0,0,80:02:9C:61:97:4B,11,68,900.0,EC:75:0C:53:67:7F,1,1,ARP_SPOOF,2026-08-19T16:19:07.699943
45917,MGMT_OTHER,38,38,0,2244,65416,43376,124241,0,68,10,0,0,14:33:5C:6D:AF:58,0,0,ARMED,70.0,0,0,80:02:9C:61:97:4B,11,12,280.7,EC:75:0C:53:67:7F,1,1,ARP_SPOOF,2026-08-19T16:19:07.873943
45917,MGMT_OTHER,38,38,0,0,65416,43376,124437,0,68,10,0,0,14:33:5C:6D:AF:58,0,0,ARMED,70.0,0,1,80:02:9C:61:97:4B,11,16,484.1,EC:75:0C:53:67:7F,1,1,ARP_SPOOF,2026-08-19T16:19:08.069943
45917,PROBE_RESP,-83,14,0,1347,65416,43376,124605,0,68,10,0,0,14:33:5C:6D:AF:58,0,1,ARMED,70.0,0,1,80:02:9C:61:97:4B,11,31,311.7,EC:75:0C:53:67:7F,1,1,ARP_SPOOF,2026-08-19T16:19:08.237943
45917,PROBE_RESP,-79,18,0,1011,65416,43376,124807,0,68,10,0,0,14:33:5C:6D:AF:58,0,0,ARMED,70.0,0,0,80:02:9C:61:97:4B,11,23,285.0,EC:75:0C:53:67:7F,1,1,ARP_SPOOF,2026-08-19T16:19:08.439943
45917,MGMT_OTHER,23,23,0,2251,65416,43376,124963,0,68,10,0,0,14:33:5C:6D:AF:58,0,0,ARMED,70.0,0,0,80:02:9C:61:97:4B,11,12,375.4,EC:75:0C:53:67:7F,1,1,ARP_SPOOF,2026-08-19T16:19:08.595943
45917,MGMT_OTHER,38,38,0,2311,65416,43376,125186,0,68,10,0,0,14:33:5C:6D:AF:58,0,0,ARMED,70.0,0,0,80:02:9C:61:97:4B,11,15,297.8,EC:75:0C:53:67:7F,1,1,ARP_SPOOF,2026-08-19T16:19:08.818943
45917,MGMT_OTHER,38,38,0,2313,65416,43376,125386,0,68,10,0,0,14:33:5C:6D:AF:58,1,1,ARMED,70.0,0,0,80:02:9C:61:97:4B,11,13,282.6,EC:75:0C:53:67:7F,1,1,ARP_SPOOF,2026-08-19T16:19:09.018943
45917,MGMT_OTHER,38,38,0,2315,65416,43376,125586,0,68,10,0,0,14:33:5C:6D:AF:58,0,0,ARMED,70.0,0,0,80:02:9C:61:97:4B,11,11,271.1,EC:75:0C:53:67:7F,1,1,ARP_SPOOF,2026-08-19T16:19:09.218943
45917,MGMT_OTHER,38,38,0,974,65416,43376,125831,0,68,10,0,0,14:33:5C:6D:AF:58,0,0,ARMED,70.0,0,0,80:02:9C:61:97:4B,11,11,135.5,EC:75:0C:53:67:7F,1,1,ARP_SPOOF,2026-08-19T16:19:09.463943
45917,BEACON,-89,8,0,2319,65416,43376,125993,0,68,10,0,0,14:33:5C:6D:AF:58,0,1,ARMED,70.0,0,1,80:02:9C:61:97:4B,11,9,235.7,EC:75:0C:53:67:7F,1,1,ARP_SPOOF,2026-08-19T16:19:09.625943
45917,BEACON,-95,2,0,3552,65416,43376,126218,0,68,10,0,0,14:33:5C:6D:AF:58,0,0,ARMED,70.0,0,1,80:02:9C:61:97:4B,11,13,222.9,EC:75:0C:53:67:7F,1,1,ARP_SPOOF,2026-08-19T16:19:09.850943
45917,MGMT_OTHER,38,38,0,2264,65416,43376,126341,0,68,10,0,0,14:33:5C:6D:AF:58,0,1,ARMED,70.0,0,0,80:02:9C:61:97:4B,11,20,252.3,EC:75:0C:53:67:7F,1,1,ARP_SPOOF,2026-08-19T16:19:09.973943
45917,MGMT_OTHER,39,39,0,2266,65416,43376,126541,0,68,10,0,0,14:33:5C:6D:AF:58,0,0,ARMED,70.0,0,0,80:02:9C:61:97:4B,11,19,255.6,EC:75:0C:53:67:7F,1,1,ARP_SPOOF,2026-08-19T16:19:10.173943
45917,MGMT_OTHER,38,38,0,2377,65416,43376,126771,0,68,10,0,0,14:33:5C:6D:AF:58,0,0,ARMED,70.0,0,0,80:02:9C:61:97:4B,11,23,231.3,EC:75:0C:53:67:7F,1,1,ARP_SPOOF,2026-08-19T16:19:10.403943
45917,MGMT_OTHER,18,18,0,2379,65416,43376,126965,0,68,10,0,0,14:33:5C:6D:AF:58,0,1,ARMED,70.0,0,0,80:02:9C:61:97:4B,11,21,236.1,EC:75:0C:53:67:7F,1,1,ARP_SPOOF,2026-08-19T16:19:10.597943
45917,MGMT_OTHER,38,38,0,2330,65416,43376,127141,0,68,10,0,0,14:33:5C:6D:AF:58,0,1,ARMED,70.0,0,0,80:02:9C:61:97:4B,11,11,221.2,EC:75:0C:53:67:7F,1,1,ARP_SPOOF,2026-08-19T16:19:10.773943
45917,MGMT_OTHER,39,39,0,2274,65416,43376,127341,0,68,10,0,0,14:33:5C:6D:AF:58,0,0,ARMED,70.0,0,0,80:02:9C:61:97:4B,11,11,232.9,EC:75:0C:53:67:7F,1,1,ARP_SPOOF,2026-08-19T16:19:10.973943
45917,MGMT_OTHER,39,39,0,1023,65416,43376,127461,0,68,10,0,0,14:33:5C:6D:AF:58,0,1,ARMED,70.0,0,0,80:02:9C:61:97:4B,11,33,509.2,80:02:9C:61:97:4A,2,1,ARP_SPOOF,2026-08-19T16:19:11.093943
45917,MGMT_OTHER,19,19,0,2334,65416,43376,127573,0,68,10,0,0,14:33:5C:6D:AF:58,0,1,ARMED,70.0,0,0,80:02:9C:61:97:4B,11,16,211.0,80:02:9C:61:97:4A,2,1,ARP_SPOOF,2026-08-19T16:19:11.205943
45917,MGMT_OTHER,47,47,0,2386,65416,43376,127683,0,68,10,0,0,14:33:5C:6D:AF:58,0,1,ARMED,70.0,0,0,80:02:9C:61:97:4B,11,37,449.3,80:02:9C:61:97:4A,2,1,ARP_SPOOF,2026-08-19T16:19:11.315943
45917,MGMT_OTHER,39,39,0,2279,65416,43376,127871,0,68,10,0,0,14:33:5C:6D:AF:58,0,0,ARMED,70.0,0,0,80:02:9C:61:97:4B,11,16,245.3,80:02:9C:61:97:4A,2,1,ARP_SPOOF,2026-08-19T16:19:11.503943
45917,MGMT_OTHER,39,39,0,2339,65416,43376,128086,0,68,10,0,0,14:33:5C:6D:AF:58,0,0,ARMED,70.0,0,0,80:02:9C:61:97:4B,11,18,238.8,80:02:9C:61:97:4A,2,1,ARP_SPOOF,2026-08-19T16:19:11.718943
45917,MGMT_OTHER,46,46,0,76,65416,43376,128280,0,68,10,0,0,14:33:5C:6D:AF:58,0,0,ARMED,70.0,0,0,80:02:9C:61:97:4B,11,11,170.7,80:02:9C:61:97:4A,2,1,ARP_SPOOF,2026-08-19T16:19:11.912943
45917,MGMT_OTHER,39,39,0,2343,65416,43376,128471,0,68,10,0,0,14:33:5C:6D:AF:58,0,0,ARMED,70.0,0,0,80:02:9C:61:97:4B,11,12,236.1,80:02:9C:61:97:4A,2,1,ARP_SPOOF,2026-08-19T16:19:12.103943
45917,MGMT_OTHER,38,38,0,2884,65416,43376,128681,0,68,10,0,0,14:33:5C:6D:AF:58,0,0,ARMED,70.0,0,0,80:02:9C:61:97:4B,11,16,274.6,80:02:9C:61:97:4A,2,1,ARP_SPOOF,2026-08-19T16:19:12.313943
45917,MGMT_OTHER,38,38,0,60,65416,43376,128891,0,68,10,0,0,14:33:5C:6D:AF:58,0,0,ARMED,70.0,0,0,80:02:9C:61:97:4B,11,18,297.5,80:02:9C:61:97:4A,2,1,ARP_SPOOF,2026-08-19T16:19:12.523943
45917,MGMT_OTHER,38,38,0,315,65416,43376,129135,0,68,10,0,0,14:33:5C:6D:AF:58,0,0,ARMED,70.0,0,0,80:02:9C:61:97:4B,11,22,216.3,80:02:9C:61:97:4A,2,1,ARP_SPOOF,2026-08-19T16:19:12.767943
45917,BEACON,-68,29,0,65,65416,43376,129342,0,68,10,0,0,14:33:5C:6D:AF:58,0,1,ARMED,70.0,0,1,80:02:9C:61:97:4B,11,1,161.4,80:02:9C:61:97:4A,2,1,ARP_SPOOF,2026-08-19T16:19:12.974943
45917,MGMT_OTHER,39,39,0,2404,65416,43376,129524,0,68,10,0,0,14:33:5C:6D:AF:58,0,1,ARMED,70.0,0,0,80:02:9C:61:97:4B,11,22,251.5,80:02:9C:61:97:4A,2,1,ARP_SPOOF,2026-08-19T16:19:13.156943
45917,,-69,28,548,2830,65416,43376,129638,0,68,10,0,0,14:33:5C:6D:AF:58,0,0,ARMED,70.0,0,1,80:02:9C:61:97:4B,11,49,498.7,80:02:9C:61:97:4A,2,1,ARP_SPOOF,2026-08-19T16:19:13.270943
45917,MGMT_OTHER,39,39,0,2407,65416,43376,129836,0,68,10,0,0,14:33:5C:6D:AF:58,0,0,ARMED,70.0,0,0,80:02:9C:61:97:4B,11,23,251.4,80:02:9C:61:97:4A,2,1,ARP_SPOOF,2026-08-19T16:19:13.468943
45917,BEACON,-83,14,0,2409,65416,43376,130035,0,68,10,0,0,14:33:5C:6D:AF:58,0,1,ARMED,70.0,0,1,80:02:9C:61:97:4B,11,19,231.1,80:02:9C:61:97:4A,2,1,ARP_SPOOF,2026-08-19T16:19:13.667943
45917,PROBE_RESP,-67,30,0,76,65416,43376,130219,0,68,10,0,0,14:33:5C:6D:AF:58,0,0,ARMED,70.0,0,0,80:02:9C:61:97:4B,11,26,448.0,80:02:9C:61:97:4A,2,1,ARP_SPOOF,2026-08-19T16:19:13.851943
45917,,-33,64,22247,76,65416,43376,130425,0,68,10,0,0,14:33:5C:6D:AF:58,0,0,ARMED,70.0,0,1,80:02:9C:61:97:4B,11,12,204.3,80:02:9C:61:97:4A,2,1,ARP_SPOOF,2026-08-19T16:19:14.057943
45917,MGMT_OTHER,38,38,0,99,65416,43376,130586,0,68,10,0,0,14:33:5C:6D:AF:58,0,0,ARMED,70.0,0,0,80:02:9C:61:97:4B,11,12,761.7,80:02:9C:61:97:4A,2,1,ARP_SPOOF,2026-08-19T16:19:14.218943
45917,,-57,40,0,3562,65416,43376,130758,0,68,10,0,0,14:33:5C:6D:AF:58,0,1,ARMED,70.0,0,1,80:02:9C:61:97:4B,11,29,342.7,80:02:9C:61:97:4A,2,1,ARP_SPOOF,2026-08-19T16:19:14.390943
45917,,-69,28,292,2846,65416,43376,130905,0,68,10,0,0,14:33:5C:6D:AF:58,0,1,ARMED,70.0,0,0,80:02:9C:61:97:4B,11,9,310.2,80:02:9C:61:97:4A,2,1,ARP_SPOOF,2026-08-19T16:19:14.537943
45917,MGMT_OTHER,38,38,0,2418,65416,43376,130968,0,68,10,0,0,14:33:5C:6D:AF:58,0,1,ARMED,70.0,0,0,80:02:9C:61:97:4B,11,59,641.5,80:02:9C:61:97:4A,2,1,ARP_SPOOF,2026-08-19T16:19:14.600943
45917,MGMT_OTHER,39,39,0,2419,65416,43376,131064,0,68,10,0,0,14:33:5C:6D:AF:58,0,1,ARMED,70.0,0,0,80:02:9C:61:97:4B,11,46,522.9,80:02:9C:61:97:4A,2,1,ARP_SPOOF,2026-08-19T16:19:14.696943
45917,MGMT_OTHER,-85,12,48,2272,65416,43376,131129,0,68,10,0,0,14:33:5C:6D:AF:58,1,1,ARMED,70.0,0,1,80:02:9C:61:97:4B,11,49,1014.9,80:02:9C:61:97:4A,2,1,ARP_SPOOF,2026-08-19T16:19:14.761943
45917,,-92,5,0,1751,65416,43376,131362,0,68,10,0,0,14:33:5C:6D:AF:58,0,0,ARMED,70.0,0,1,80:02:9C:61:97:4B,11,17,214.2,80:02:9C:61:97:4A,2,1,ARP_SPOOF,2026-08-19T16:19:14.994943
45917,MGMT_OTHER,46,46,0,2376,65416,43376,131529,0,68,10,0,0,14:33:5C:6D:AF:58,0,1,ARMED,70.0,0,0,80:02:9C:61:97:4B,11,15,338.3,80:02:9C:61:97:4A,2,1,ARP_SPOOF,2026-08-19T16:19:15.161943
45917,MGMT_OTHER,46,46,0,92,65416,43376,131729,0,68,10,0,0,14:33:5C:6D:AF:58,0,0,ARMED,70.0,0,0,80:02:9C:61:97:4B,11,12,273.4,80:02:9C:61:97:4A,2,1,ARP_SPOOF,2026-08-19T16:19:15.361943
45917,MGMT_OTHER,39,39,0,2319,65416,43376,131925,0,68,10,0,0,14:33:5C:6D:AF:58,0,0,ARMED,70.0,0,0,80:02:9C:61:97:4B,11,13,335.5,80:02:9C:61:97:4A,2,1,ARP_SPOOF,2026-08-19T16:19:15.557943
45917,BEACON,-65,32,0,96,65416,43376,132107,0,68,10,0,0,14:33:5C:6D:AF:58,0,0,ARMED,70.0,0,1,80:02:9C:61:97:4B,11,3,191.1,80:02:9C:61:97:4A,2,1,ARP_SPOOF,2026-08-19T16:19:15.739943
45917,BEACON,-94,3,0,116,65416,43376,132316,0,68,10,0,0,14:33:5C:6D:AF:58,0,0,ARMED,70.0,0,0,80:02:9C:61:97:4B,11,3,248.4,80:02:9C:61:97:4A,2,1,ARP_SPOOF,2026-08-19T16:19:15.948943
45917,MGMT_OTHER,39,39,0,2433,65396,43376,132501,0,68,10,0,0,14:33:5C:6D:AF:58,0,0,ARMED,70.0,0,0,80:02:9C:61:97:4B,11,27,277.7,80:02:9C:61:97:4A,2,1,ARP_SPOOF,2026-08-19T16:19:16.133943
45917,MGMT_OTHER,20,20,0,2435,65416,43376,132714,0,68,10,0,0,14:33:5C:6D:AF:58,0,0,ARMED,70.0,0,0,80:02:9C:61:97:4B,11,25,261.1,80:02:9C:61:97:4A,2,1,ARP_SPOOF,2026-08-19T16:19:16.346943
45917,PROBE_RESP,-80,17,0,1015,65416,43376,132851,0,68,10,0,0,14:33:5C:6D:AF:58,0,0,ARMED,70.0,0,0,80:02:9C:61:97:4B,11,23,835.8,80:02:9C:61:97:4A,2,1,ARP_SPOOF,2026-08-19T16:19:16.483943
45917,MGMT_OTHER,39,39,0,2927,65416,43376,133081,0,68,10,0,0,14:33:5C:6D:AF:58,0,0,ARMED,70.0,0,0,80:02:9C:61:97:4B,11,14,265.3,80:02:9C:61:97:4A,2,1,ARP_SPOOF,2026-08-19T16:19:16.713943
45917,MGMT_OTHER,24,24,0,356,65416,43376,133334,0,68,10,0,0,14:33:5C:6D:AF:58,0,0,ARMED,70.0,0,0,80:02:9C:61:97:4B,11,21,209.3,80:02:9C:61:97:4A,2,1,ARP_SPOOF,2026-08-19T16:19:16.966943
45917,MGMT_OTHER,39,39,0,111,65416,43376,133541,0,68,10,0,0,14:33:5C:6D:AF:58,0,0,ARMED,70.0,0,0,80:02:9C:61:97:4B,11,1,1000.0,80:02:9C:61:97:4A,2,0,NONE,2026-08-19T16:19:17.173943
45917,MGMT_OTHER,39,39,0,130,65416,43376,133751,0,68,10,0,0,14:33:5C:6D:AF:58,0,0,ARMED,70.0,0,0,80:02:9C:61:97:4B,11,3,516.8,80:02:9C:61:97:4A,2,0,NONE,2026-08-19T16:19:17.383943
45917,MGMT_OTHER,39,39,0,0,65416,43376,133871,0,68,10,0,0,14:33:5C:6D:AF:58,0,0,ARMED,70.0,0,1,80:02:9C:61:97:4B,11,29,1239.9,80:02:9C:61:97:4A,2,0,NONE,2026-08-19T16:19:17.503943
45917,MGMT_OTHER,39,39,0,2404,65412,43376,134083,0,68,10,0,0,14:33:5C:6D:AF:58,0,0,ARMED,70.0,0,0,80:02:9C:61:97:4B,11,5,164.5,80:02:9C:61:97:4A,2,0,NONE,2026-08-19T16:19:17.715943
45917,MGMT_OTHER,39,39,0,2342,65412,43376,134285,0,68,10,0,0,14:33:5C:6D:AF:58,0,1,ARMED,70.0,0,0,80:02:9C:61:97:4B,11,8,284.3,80:02:9C:61:97:4A,2,0,NONE,2026-08-19T16:19:17.917943
45917,,-57,40,878,3628,65412,43376,134370,0,68,10,0,0,14:33:5C:6D:AF:58,0,1,ARMED,70.0,0,0,80:02:9C:61:97:4B,11,6,603.7,80:02:9C:61:97:4A,2,0,NONE,2026-08-19T16:19:18.002943
45917,,-57,40,1188,3637,65412,43376,134523,0,68,10,0,0,14:33:5C:6D:AF:58,0,0,ARMED,70.0,0,1,80:02:9C:61:97:4B,11,31,505.7,80:02:9C:61:97:4A,2,0,NONE,2026-08-19T16:19:18.155943
45917,PROBE_RESP,-66,31,0,124,65412,43376,134736,0,68,10,0,0,14:33:5C:6D:AF:58,0,0,ARMED,70.0,0,0,80:02:9C:61:97:4B,11,16,224.6,80:02:9C:61:97:4A,2,0,NONE,2026-08-19T16:19:18.368943
45917,MGMT_OTHER,46,46,0,1088,65412,43376,134939,0,68,10,0,0,14:33:5C:6D:AF:58,0,0,ARMED,70.0,0,0,80:02:9C:61:97:4B,11,18,266.3,80:02:9C:61:97:4A,2,0,NONE,2026-08-19T16:19:18.571943
45917,MGMT_OTHER,39,39,0,1023,65416,43376,135086,0,68,10,0,0,14:33:5C:6D:AF:58,0,1,ARMED,70.0,0,0,80:02:9C:61:97:4B,11,6,506.6,80:02:9C:61:97:4A,2,0,NONE,2026-08-19T16:19:18.718943
45917,MGMT_OTHER,22,22,0,2352,65416,43376,135303,0,68,10,0,0,14:33:5C:6D:AF:58,0,0,ARMED,70.0,0,0,80:02:9C:61:97:4B,11,9,418.7,80:02:9C:61:97:4A,2,0,NONE,2026-08-19T16:19:18.935943
45917,MGMT_OTHER,39,39,0,147,65416,43376,135502,0,68,10,0,0,14:33:5C:6D:AF:58,0,0,ARMED,70.0,0,0,80:02:9C:61:97:4B,11,4,253.7,80:02:9C:61:97:4A,2,0,NONE,2026-08-19T16:19:19.134943
45917,MGMT_OTHER,39,39,0,139,65416,43376,135674,0,68,10,0,0,14:33:5C:6D:AF:58,0,1,ARMED,70.0,0,0,80:02:9C:61:97:4B,11,22,249.6,80:02:9C:61:97:4A,2,0,NONE,2026-08-19T16:19:19.306943
45917,MGMT_OTHER,39,39,0,2421,65416,43376,135836,0,68,10,0,0,14:33:5C:6D:AF:58,0,0,ARMED,70.0,0,0,80:02:9C:61:97:4B,11,18,365.7,80:02:9C:61:97:4A,2,0,NONE,2026-08-19T16:19:19.468943
45917,PROBE_RESP,-76,21,0,1090,65416,43376,135983,0,68,10,0,0,14:33:5C:6D:AF:58,0,1,ARMED,70.0,0,1,80:02:9C:61:97:4B,11,38,401.3,80:02:9C:61:97:4A,2,0,NONE,2026-08-19T16:19:19.615943
45917,BEACON,-64,33,0,150,65416,43376,136212,0,68,10,0,0,14:33:5C:6D:AF:58,0,0,ARMED,70.0,0,1,80:02:9C:61:97:4B,11,4,277.3,80:02:9C:61:97:4A,2,0,NONE,2026-08-19T16:19:19.844943
45917,MGMT_OTHER,39,39,0,2471,65416,43376,136386,0,68,10,0,0,14:33:5C:6D:AF:58,0,0,ARMED,70.0,0,0,80:02:9C:61:97:4B,11,29,329.8,80:02:9C:61:97:4A,2,0,NONE,2026-08-19T16:19:20.018943
45917,MGMT_OTHER,39,39,0,1023,65416,43376,136686,0,68,10,0,0,14:33:5C:6D:AF:58,0,0,ARMED,70.0,0,0,80:02:9C:61:97:4B,11,11,159.6,80:02:9C:61:97:4A,2,0,NONE,2026-08-19T16:19:20.318943
45917,PROBE_RESP,-79,18,0,1093,65416,43376,136855,0,68,10,0,0,14:33:5C:6D:AF:58,0,0,ARMED,70.0,0,1,80:02:9C:61:97:4B,11,20,639.9,80:02:9C:61:97:4A,2,0,NONE,2026-08-19T16:19:20.487943
45917,MGMT_OTHER,40,40,0,1023,65416,43376,136991,0,68,10,0,0,14:33:5C:6D:AF:58,0,1,ARMED,70.0,0,0,80:02:9C:61:97:4B,11,12,179.7,80:02:9C:61:97:4A,2,0,NONE,2026-08-19T16:19:20.623943
45917,MGMT_OTHER,40,40,0,2371,65416,43376,137236,0,68,10,0,0,14:33:5C:6D:AF:58,0,0,ARMED,70.0,0,0,80:02:9C:61:97:4B,11,20,199.1,80:02:9C:61:97:4A,2,0,NONE,2026-08-19T16:19:20.868943
45917,MGMT_OTHER,39,39,0,0,65416,43376,137441,0,68,10,0,0,14:33:5C:6D:AF:58,0,0,ARMED,70.0,0,0,80:02:9C:61:97:4B,11,1,1000.0,80:02:9C:61:97:4A,2,0,NONE,2026-08-19T16:19:21.073943
45917,,-66,31,0,166,65416,43376,137619,0,68,10,0,0,14:33:5C:6D:AF:58,0,0,ARMED,70.0,0,0,80:02:9C:61:97:4B,11,29,371.8,80:02:9C:61:97:4A,2,0,NONE,2026-08-19T16:19:21.251943
45917,MGMT_OTHER,39,39,0,1023,65416,43376,137751,0,68,10,0,0,14:33:5C:6D:AF:58,0,1,ARMED,70.0,0,1,80:02:9C:61:97:4B,11,4,979.9,80:02:9C:61:97:4A,2,0,NONE,2026-08-19T16:19:21.383943
45917,MGMT_OTHER,39,39,0,2447,65396,43376,137902,0,68,10,0,0,14:33:5C:6D:AF:58,0,1,ARMED,70.0,0,0,80:02:9C:61:97:4B,11,3,57.9,80:02:9C:61:97:4A,2,0,NONE,2026-08-19T16:19:21.534943
45917,,-56,41,746,3678,65416,43376,137963,0,68,10,0,0,14:33:5C:6D:AF:58,0,1,ARMED,70.0,0,1,80:02:9C:61:97:4B,11,18,1866.4,80:02:9C:61:97:4A,2,0,NONE,2026-08-19T16:19:21.595943
45917,MGMT_OTHER,40,40,0,2418,65416,43376,138206,0,68,10,0,0,14:33:5C:6D:AF:58,0,1,ARMED,70.0,0,0,80:02:9C:61:97:4B,11,3,65.6,80:02:9C:61:97:4A,2,0,NONE,2026-08-19T16:19:21.838943
45917,,-48,49,265,3573,65416,43376,138432,0,68,10,0,0,14:33:5C:6D:AF:58,0,0,ARMED,70.0,0,0,80:02:9C:61:97:4B,11,12,195.4,80:02:9C:61:97:4A,2,0,NONE,2026-08-19T16:19:22.064943
45917,MGMT_OTHER,40,40,0,2981,65416,43376,138611,0,68,10,0,0,14:33:5C:6D:AF:58,0,0,ARMED,70.0,0,0,80:02:9C:61:97:4B,11,7,304.8,80:02:9C:61:97:4A,2,0,NONE,2026-08-19T16:19:22.243943
45917,MGMT_OTHER,40,40,0,410,65416,43376,138861,0,68,10,0,0,14:33:5C:6D:AF:58,0,0,ARMED,70.0,0,0,80:02:9C:61:97:4B,11,13,190.9,80:02:9C:61:97:4A,2,0,NONE,2026-08-19T16:19:22.493943
45917,MGMT_OTHER,66,66,0,2497,65416,43376,139049,0,68,10,0,0,14:33:5C:6D:AF:58,0,0,ARMED,70.0,0,0,80:02:9C:61:97:4B,11,14,324.2,80:02:9C:61:97:4A,2,0,NONE,2026-08-19T16:19:22.681943
45917,BEACON,-96,1,0,184,65416,43376,139279,0,68,10,0,0,14:33:5C:6D:AF:58,0,0,ARMED,70.0,0,1,80:02:9C:61:97:4B,11,9,185.1,80:02:9C:61:97:4A,2,0,NONE,2026-08-19T16:19:22.911943
45917,MGMT_OTHER,40,40,0,186,65416,43376,139491,0,68,10,0,0,14:33:5C:6D:AF:58,0,0,ARMED,70.0,0,0,80:02:9C:61:97:4B,11,19,340.9,80:02:9C:61:97:4A,2,0,NONE,2026-08-19T16:19:23.123943
45917,MGMT_OTHER,40,40,0,2396,65416,43376,139841,0,68,10,0,0,14:33:5C:6D:AF:58,0,0,ARMED,70.0,0,0,80:02:9C:61:97:4B,11,18,187.6,80:02:9C:61:97:4A,2,0,NONE,2026-08-19T16:19:23.473943
45917,,40,40,0,3136,65416,43376,139981,0,68,10,0,0,14:33:5C:6D:AF:58,0,0,ARMED,70.0,0,1,80:02:9C:61:97:4B,11,27,2123.5,80:02:9C:61:97:4A,2,0,NONE,2026-08-19T16:19:23.613943
45917,MGMT_OTHER,39,39,0,2508,65416,43376,140183,0,68,10,0,0,14:33:5C:6D:AF:58,0,0,ARMED,70.0,0,0,80:02:9C:61:97:4B,11,6,617.4,80:02:9C:61:97:4A,2,0,NONE,2026-08-19T16:19:23.815943
45917,PROBE_RESP,-82,15,0,1361,65416,43376,140264,0,68,10,0,0,14:33:5C:6D:AF:58,0,0,ARMED,70.0,0,1,80:02:9C:61:97:4B,11,56,617.2,80:02:9C:61:97:4A,2,0,NONE,2026-08-19T16:19:23.896943
45917,MGMT_OTHER,22,22,0,2753,65416,43376,140471,0,68,10,0,0,14:33:5C:6D:AF:58,0,0,ARMED,70.0,0,0,80:02:9C:61:97:4B,11,19,204.7,80:02:9C:61:97:4A,2,0,NONE,2026-08-19T16:19:24.103943
45917,MGMT_OTHER,22,22,0,1023,65416,43376,140673,0,68,10,0,0,14:33:5C:6D:AF:58,0,1,ARMED,70.0,0,0,80:02:9C:61:97:4B,11,18,219.8,80:02:9C:61:97:4A,2,0,NONE,2026-08-19T16:19:24.305943
45917,MGMT_OTHER,40,40,0,2515,65416,43376,140891,0,68,10,0,0,14:33:5C:6D:AF:58,0,0,ARMED,70.0,0,0,80:02:9C:61:97:4B,11,22,220.5,80:02:9C:61:97:4A,2,0,NONE,2026-08-19T16:19:24.523943
45917,BEACON,-78,19,0,432,65416,43376,141110,0,68,10,0,0,14:33:5C:6D:AF:58,0,0,ARMED,70.0,0,1,80:02:9C:61:97:4B,11,24,234.4,80:02:9C:61:97:4A,2,0,NONE,2026-08-19T16:19:24.742943
45917,,-67,30,4502,3013,62172,43376,141226,0,68,10,0,0,14:33:5C:6D:AF:58,0,1,ARMED,70.0,0,1,80:02:9C:61:97:4B,11,6,431.6,80:02:9C:61:97:4A,2,0,NONE,2026-08-19T16:19:24.858943
45917,,-56,41,0,3720,65416,43376,141263,0,68,10,0,0,14:33:5C:6D:AF:58,0,1,ARMED,70.0,0,0,80:02:9C:61:97:4B,11,56,1091.3,80:02:9C:61:97:4A,2,0,NONE,2026-08-19T16:19:24.895943
45917,BEACON,47,47,0,418,65416,43376,141324,0,68,10,0,0,14:33:5C:6D:AF:58,0,1,ARMED,70.0,0,1,80:02:9C:61:97:4B,11,18,1871.9,80:02:9C:61:97:4A,2,0,NONE,2026-08-19T16:19:24.956943
45917,,-47,50,2797,3580,65416,43376,141422,0,68,10,0,0,14:33:5C:6D:AF:58,1,1,ARMED,70.0,0,1,80:02:9C:61:97:4B,11,3,569.9,80:02:9C:61:97:4A,2,0,NONE,2026-08-19T16:19:25.054943
45917,MGMT_OTHER,40,40,0,2681,65364,43376,141483,0,68,10,0,0,14:33:5C:6D:AF:58,1,1,ARMED,70.0,0,1,80:02:9C:61:97:4B,11,53,806.4,80:02:9C:61:97:4A,2,0,NONE,2026-08-19T16:19:25.115943
45917,MGMT_OTHER,40,40,0,975,65416,43376,141542,0,68,10,0,0,14:33:5C:6D:AF:58,1,1,ARMED,70.0,0,0,80:02:9C:61:97:4B,11,16,657.4,80:02:9C:61:97:4A,2,0,NONE,2026-08-19T16:19:25.174943
45917,MGMT_OTHER,20,20,0,438,65416,43376,141726,0,68,10,0,0,14:33:5C:6D:AF:58,1,1,ARMED,70.0,0,0,80:02:9C:61:97:4B,11,1,555.9,80:02:9C:61:97:4A,2,0,NONE,2026-08-19T16:19:25.358943
45917,MGMT_OTHER,47,47,0,2525,65416,43376,141924,0,68,10,0,0,14:33:5C:6D:AF:58,0,1,ARMED,70.0,0,0,80:02:9C:61:97:4B,11,21,214.9,80:02:9C:61:97:4A,2,0,NONE,2026-08-19T16:19:25.556943
45917,BEACON,-82,15,0,442,65416,43376,142134,0,68,10,0,0,14:33:5C:6D:AF:58,0,0,ARMED,70.0,0,1,80:02:9C:61:97:4B,11,23,224.7,80:02:9C:61:97:4A,2,0,NONE,2026-08-19T16:19:25.766943
45917,MGMT_OTHER,21,21,0,444,65364,43376,142344,0,68,10,0,0,14:33:5C:6D:AF:58,0,0,ARMED,70.0,0,0,80:02:9C:61:97:4B,11,3,543.8,80:02:9C:61:97:4A,2,0,NONE,2026-08-19T16:19:25.976943
45917,BEACON,-67,30,0,219,65416,43376,142552,0,68,10,0,0,14:33:5C:6D:AF:58,0,0,ARMED,70.0,0,1,80:02:9C:61:97:4B,11,3,366.9,80:02:9C:61:97:4A,2,0,NONE,2026-08-19T16:19:26.184943
45917,,-29,68,0,910,65416,43376,142727,0,68,10,0,0,14:33:5C:6D:AF:58,0,1,ARMED,70.0,0,1,80:02:9C:61:97:4B,11,18,220.8,80:02:9C:61:97:4A,2,0,NONE,2026-08-19T16:19:26.359943
45917,MGMT_OTHER,40,40,0,2426,65416,43376,142891,0,68,10,0,0,14:33:5C:6D:AF:58,0,1,ARMED,70.0,0,0,80:02:9C:61:97:4B,11,14,346.0,80:02:9C:61:97:4A,2,0,NONE,2026-08-19T16:19:26.523943
45917,MGMT_OTHER,25,25,0,221,65416,43376,143075,0,68,10,0,0,14:33:5C:6D:AF:58,0,1,ARMED,70.0,0,0,80:02:9C:61:97:4B,11,6,307.8,80:02:9C:61:97:4A,2,0,NONE,2026-08-19T16:19:26.707943
45917,MGMT_OTHER,25,25,0,2430,65416,43376,143317,0,68,10,0,0,14:33:5C:6D:AF:58,0,0,ARMED,70.0,0,0,80:02:9C:61:97:4B,11,10,175.8,80:02:9C:61:97:4A,2,0,NONE,2026-08-19T16:19:26.949943
45917,MGMT_OTHER,39,39,0,0,65416,43376,143431,0,68,10,0,0,14:33:5C:6D:AF:58,0,0,ARMED,70.0,0,1,80:02:9C:61:97:4B,11,41,586.2,80:02:9C:61:97:4A,2,0,NONE,2026-08-19T16:19:27.063943
45917,BEACON,-81,16,0,457,65416,43376,143670,0,68,10,0,0,14:33:5C:6D:AF:58,0,0,ARMED,70.0,0,1,80:02:9C:61:97:4B,11,19,185.6,80:02:9C:61:97:4A,2,0,NONE,2026-08-19T16:19:27.302943
45917,BEACON,-67,30,0,233,65416,43376,143883,0,68,10,0,0,14:33:5C:6D:AF:58,0,0,ARMED,70.0,0,1,80:02:9C:61:97:4B,11,2,238.8,80:02:9C:61:97:4A,2,0,NONE,2026-08-19T16:19:27.515943
45917,MGMT_OTHER,25,25,0,1023,65416,43376,144043,0,68,10,0,0,14:33:5C:6D:AF:58,0,1,ARMED,70.0,0,0,80:02:9C:61:97:4B,11,16,243.4,80:02:9C:61:97:4A,2,0,NONE,2026-08-19T16:19:27.675943
45917,MGMT_OTHER,39,39,0,2548,65416,43376,144281,0,68,10,0,0,14:33:5C:6D:AF:58,0,0,ARMED,70.0,0,0,80:02:9C:61:97:4B,11,21,211.8,80:02:9C:61:97:4A,2,0,NONE,2026-08-19T16:19:27.913943
45917,,-66,31,361,3063,65416,43376,144470,0,68,10,0,0,14:33:5C:6D:AF:58,0,0,ARMED,70.0,0,1,80:02:9C:61:97:4B,11,30,359.3,80:02:9C:61:97:4A,2,0,NONE,2026-08-19T16:19:28.102943
45917,MGMT_OTHER,3,3,0,1023,65416,43376,144643,0,68,10,0,0,14:33:5C:6D:AF:58,0,0,ARMED,70.0,0,0,80:02:9C:61:97:4B,11,18,345.9,80:02:9C:61:97:4A,2,0,NONE,2026-08-19T16:19:28.275943
45917,,-57,40,0,3756,65416,43376,144763,0,68,10,0,0,14:33:5C:6D:AF:58,0,1,ARMED,70.0,0,0,80:02:9C:61:97:4B,11,37,535.3,80:02:9C:61:97:4A,2,0,NONE,2026-08-19T16:19:28.395943
45917,MGMT_OTHER,39,39,0,0,65416,43376,144881,0,68,10,0,0,14:33:5C:6D:AF:58,0,1,ARMED,70.0,0,0,80:02:9C:61:97:4B,11,34,401.1,80:02:9C:61:97:4A,2,0,NONE,2026-08-19T16:19:28.513943
45917,MGMT_OTHER,66,66,0,2447,65416,43376,145049,0,68,10,0,0,14:33:5C:6D:AF:58,0,0,ARMED,70.0,0,0,80:02:9C:61:97:4B,11,17,349.8,80:02:9C:61:97:4A,2,0,NONE,2026-08-19T16:19:28.681943
45917,,-90,7,0,1030,65416,43376,145241,0,68,10,0,0,14:33:5C:6D:AF:58,0,0,ARMED,70.0,0,0,80:02:9C:61:97:4B,11,13,365.9,80:02:9C:61:97:4A,2,0,NONE,2026-08-19T16:19:28.873943
45917,MGMT_OTHER,25,25,0,2521,65416,43376,145393,0,68,10,0,0,14:33:5C:6D:AF:58,0,1,ARMED,70.0,0,0,80:02:9C:61:97:4B,11,22,260.3,80:02:9C:61:97:4A,2,0,NONE,2026-08-19T16:19:29.025943
45917,MGMT_OTHER,40,40,0,3775,65416,43376,145515,0,68,10,0,0,14:33:5C:6D:AF:58,0,1,ARMED,70.0,0,0,80:02:9C:61:97:4B,11,8,1468.4,80:02:9C:61:97:4A,2,0,NONE,2026-08-19T16:19:29.147943
45917,MGMT_OTHER,39,39,0,1607,65416,43376,145685,0,68,10,0,0,14:33:5C:6D:AF:58,0,1,ARMED,70.0,0,0,80:02:9C:61:97:4B,11,21,285.7,80:02:9C:61:97:4A,2,0,NONE,2026-08-19T16:19:29.317943
45917,MGMT_OTHER,39,39,0,3052,65416,43376,145891,0,68,10,0,0,14:33:5C:6D:AF:58,0,0,ARMED,70.0,0,0,80:02:9C:61:97:4B,11,20,263.8,80:02:9C:61:97:4A,2,0,NONE,2026-08-19T16:19:29.523943
45917,MGMT_OTHER,25,25,0,255,65416,43376,146053,0,68,10,0,0,14:33:5C:6D:AF:58,0,1,ARMED,70.0,0,0,80:02:9C:61:97:4B,11,11,346.6,80:02:9C:61:97:4A,2,0,NONE,2026-08-19T16:19:29.685943
45917,MGMT_OTHER,25,25,0,482,65416,43376,146233,0,68,10,0,0,14:33:5C:6D:AF:58,0,1,ARMED,70.0,0,0,80:02:9C:61:97:4B,11,2,699.5,80:02:9C:61:97:4A,2,0,NONE,2026-08-19T16:19:29.865943
45917,BEACON,-83,14,0,2569,65416,43376,146420,0,68,10,0,0,14:33:5C:6D:AF:58,0,0,ARMED,70.0,0,1,80:02:9C:61:97:4B,11,27,307.9,80:02:9C:61:97:4A,2,0,NONE,2026-08-19T16:19:30.052943
45917,BEACON,-83,14,0,2571,65416,43376,146624,0,68,10,0,0,14:33:5C:6D:AF:58,0,1,ARMED,70.0,0,1,80:02:9C:61:97:4B,11,14,187.9,80:02:9C:61:97:4A,2,0,NONE,2026-08-19T16:19:30.256943
45917,,-62,35,11556,1215,65416,43376,146784,0,68,10,0,0,14:33:5C:6D:AF:58,0,1,ARMED,70.0,0,1,80:02:9C:61:97:4B,11,8,341.1,80:02:9C:61:97:4A,2,0,NONE,2026-08-19T16:19:30.416943
45917,MGMT_OTHER,39,39,0,2575,65416,43376,147034,0,68,10,0,0,14:33:5C:6D:AF:58,0,0,ARMED,70.0,0,0,80:02:9C:61:97:4B,11,11,155.6,80:02:9C:61:97:4A,2,0,NONE,2026-08-19T16:19:30.666943
45917,MGMT_OTHER,22,22,0,492,65416,43376,147254,0,68,10,0,0,14:33:5C:6D:AF:58,0,0,ARMED,70.0,0,0,80:02:9C:61:97:4B,11,19,221.1,80:02:9C:61:97:4A,2,0,NONE,2026-08-19T16:19:30.886943
45917,MGMT_OTHER,40,40,0,0,65416,43376,147386,0,68,10,0,0,14:33:5C:6D:AF:58,0,1,ARMED,70.0,0,0,80:02:9C:61:97:4B,11,14,913.5,80:02:9C:61:97:4A,2,0,NONE,2026-08-19T16:19:31.018943
45917,MGMT_OTHER,40,40,0,2543,65416,43376,147641,0,68,10,0,0,14:33:5C:6D:AF:58,0,0,ARMED,70.0,0,0,80:02:9C:61:97:4B,11,10,185.5,80:02:9C:61:97:4A,2,0,NONE,2026-08-19T16:19:31.273943
45917,BEACON,-67,30,0,274,65416,43376,147876,0,68,10,0,0,14:33:5C:6D:AF:58,0,0,ARMED,70.0,0,1,80:02:9C:61:97:4B,11,16,220.7,80:02:9C:61:97:4A,2,0,NONE,2026-08-19T16:19:31.508943
45917,MGMT_OTHER,23,23,0,2477,65416,43376,148092,0,68,10,0,0,14:33:5C:6D:AF:58,0,0,ARMED,70.0,0,0,80:02:9C:61:97:4B,11,23,267.6,80:02:9C:61:97:4A,2,0,NONE,2026-08-19T16:19:31.724943
45917,MGMT_OTHER,23,23,0,0,65416,43376,148223,0,68,10,0,0,14:33:5C:6D:AF:58,0,1,ARMED,70.0,0,0,80:02:9C:61:97:4B,11,11,741.5,80:02:9C:61:97:4A,2,0,NONE,2026-08-19T16:19:31.855943
45917,MGMT_OTHER,23,23,0,272,65416,43376,148343,0,68,10,0,0,14:33:5C:6D:AF:58,0,1,ARMED,70.0,0,0,80:02:9C:61:97:4B,11,9,278.7,80:02:9C:61:97:4A,2,0,NONE,2026-08-19T16:19:31.975943
45917,MGMT_OTHER,40,40,0,2551,65416,43376,148449,0,68,10,0,0,14:33:5C:6D:AF:58,0,1,ARMED,70.0,0,0,80:02:9C:61:97:4B,11,14,372.1,80:02:9C:61:97:4A,2,0,NONE,2026-08-19T16:19:32.081943
45917,PROBE_RESP,-83,14,0,1364,65416,43376,148670,0,68,10,0,0,14:33:5C:6D:AF:58,0,0,ARMED,70.0,0,0,80:02:9C:61:97:4B,11,9,181.0,80:02:9C:61:97:4A,2,0,NONE,2026-08-19T16:19:32.302943
45917,MGMT_OTHER,39,39,0,277,65416,43376,148803,0,68,10,0,0,14:33:5C:6D:AF:58,0,0,ARMED,70.0,0,0,80:02:9C:61:97:4B,11,35,452.4,80:02:9C:61:97:4A,2,0,NONE,2026-08-19T16:19:32.435943
45917,MGMT_OTHER,39,39,0,2594,65416,43376,148991,0,68,10,0,0,14:33:5C:6D:AF:58,0,0,ARMED,70.0,0,0,80:02:9C:61:97:4B,11,18,296.8,80:02:9C:61:97:4A,2,0,NONE,2026-08-19T16:19:32.623943
45917,MGMT_OTHER,40,40,0,2596,65416,43376,149191,0,68,10,0,0,14:33:5C:6D:AF:58,0,1,ARMED,70.0,0,0,80:02:9C:61:97:4B,11,14,241.2,80:02:9C:61:97:4A,2,0,NONE,2026-08-19T16:19:32.823943
45917,BEACON,-67,30,0,290,65416,43376,149412,0,68,10,0,0,14:33:5C:6D:AF:58,0,0,ARMED,70.0,0,1,80:02:9C:61:97:4B,11,21,275.8,80:02:9C:61:97:4A,2,0,NONE,2026-08-19T16:19:33.044943
45917,BEACON,-78,19,0,2565,65416,43376,149647,0,68,10,0,0,14:33:5C:6D:AF:58,0,0,ARMED,70.0,0,1,80:02:9C:61:97:4B,11,1,162.4,80:02:9C:61:97:4A,2,0,NONE,2026-08-19T16:19:33.279943
45917,MGMT_OTHER,40,40,0,2567,65416,43376,149881,0,68,10,0,0,14:33:5C:6D:AF:58,0,0,ARMED,70.0,0,0,80:02:9C:61:97:4B,11,3,103.4,80:02:9C:61:97:4A,2,0,NONE,2026-08-19T16:19:33.513943
45917,BEACON,-96,1,0,3093,65416,43376,150077,0,68,10,0,0,14:33:5C:6D:AF:58,0,0,ARMED,70.0,0,1,80:02:9C:61:97:4B,11,3,148.6,80:02:9C:61:97:4A,2,0,NONE,2026-08-19T16:19:33.709943
45917,MGMT_OTHER,40,40,0,2571,65416,43376,150263,0,68,10,0,0,14:33:5C:6D:AF:58,0,1,ARMED,70.0,0,0,80:02:9C:61:97:4B,11,25,251.4,80:02:9C:61:97:4A,2,0,NONE,2026-08-19T16:19:33.895943
45917,MGMT_OTHER,22,22,0,2500,65416,43376,150448,0,68,10,0,0,14:33:5C:6D:AF:58,0,1,ARMED,70.0,0,0,80:02:9C:61:97:4B,11,19,329.6,80:02:9C:61:97:4A,2,0,NONE,2026-08-19T16:19:34.080943
45917,MGMT_OTHER,24,24,0,3098,65416,43376,150612,0,68,10,0,0,14:33:5C:6D:AF:58,0,1,ARMED,70.0,0,0,80:02:9C:61:97:4B,11,3,153.0,80:02:9C:61:97:4A,2,0,NONE,2026-08-19T16:19:34.244943
45917,,-66,31,0,3161,65416,43376,150739,0,68,10,0,0,14:33:5C:6D:AF:58,0,1,ARMED,70.0,0,0,80:02:9C:61:97:4B,11,19,492.4,80:02:9C:61:97:4A,2,0,NONE,2026-08-19T16:19:34.371943
45917,MGMT_OTHER,40,40,0,2504,65416,43376,150861,0,68,10,0,0,14:33:5C:6D:AF:58,0,1,ARMED,70.0,0,0,80:02:9C:61:97:4B,11,16,272.1,80:02:9C:61:97:4A,2,0,NONE,2026-08-19T16:19:34.493943
45917,MGMT_OTHER,40,40,0,2614,65416,43376,151036,0,68,10,0,0,14:33:5C:6D:AF:58,0,1,ARMED,70.0,0,1,80:02:9C:61:97:4B,11,7,212.6,80:02:9C:61:97:4A,2,0,NONE,2026-08-19T16:19:34.668943
45917,MGMT_OTHER,40,40,0,2616,65416,43376,151241,0,68,10,0,0,14:33:5C:6D:AF:58,0,0,ARMED,70.0,0,0,80:02:9C:61:97:4B,11,6,198.9,80:02:9C:61:97:4A,2,0,NONE,2026-08-19T16:19:34.873943
45917,MGMT_OTHER,40,40,0,1369,65416,43376,151421,0,68,10,0,0,14:33:5C:6D:AF:58,0,1,ARMED,70.0,0,0,80:02:9C:61:97:4B,11,1,1000.0,80:02:9C:61:97:4A,2,0,NONE,2026-08-19T16:19:35.053943
45917,MGMT_OTHER,40,40,0,2584,65416,43376,151598,0,68,10,0,0,14:33:5C:6D:AF:58,0,0,ARMED,70.0,0,0,80:02:9C:61:97:4B,11,25,341.3,80:02:9C:61:97:4A,2,0,NONE,2026-08-19T16:19:35.230943
45917,,-57,40,0,3846,65416,43376,151711,0,68,10,0,0,14:33:5C:6D:AF:58,0,1,ARMED,70.0,0,1,80:02:9C:61:97:4B,11,41,477.2,80:02:9C:61:97:4A,2,0,NONE,2026-08-19T16:19:35.343943
45917,MGMT_OTHER,25,25,0,0,65416,43376,151796,0,68,10,0,0,14:33:5C:6D:AF:58,0,1,ARMED,70.0,0,1,80:02:9C:61:97:4B,11,42,606.7,80:02:9C:61:97:4A,2,0,NONE,2026-08-19T16:19:35.428943
45917,MGMT_OTHER,39,39,0,2623,65416,43376,151951,0,68,10,0,0,14:33:5C:6D:AF:58,0,1,ARMED,70.0,0,0,80:02:9C:61:97:4B,11,9,439.1,80:02:9C:61:97:4A,2,0,NONE,2026-08-19T16:19:35.583943
45917,MGMT_OTHER,-90,7,0,2183,65416,43376,152040,0,68,10,0,0,14:33:5C:6D:AF:58,1,1,ARMED,70.0,0,1,80:02:9C:61:97:4B,11,14,1443.2,80:02:9C:61:97:4A,2,0,NONE,2026-08-19T16:19:35.672943
45917,MGMT_OTHER,-85,12,306,2427,65416,43376,152085,0,68,10,0,0,14:33:5C:6D:AF:58,1,1,ARMED,70.0,0,0,80:02:9C:61:97:4B,11,64,1188.0,80:02:9C:61:97:4A,2,0,NONE,2026-08-19T16:19:35.717943
45917,BEACON,-83,14,0,2625,65416,43376,152154,0,68,10,0,0,14:33:5C:6D:AF:58,1,1,ARMED,70.0,0,1,80:02:9C:61:97:4B,11,6,262.0,80:02:9C:61:97:4A,2,0,NONE,2026-08-19T16:19:35.786943
45917,,-90,7,2000,399,65396,43376,152274,0,68,10,0,0,14:33:5C:6D:AF:58,1,1,ARMED,70.0,0,1,80:02:9C:61:97:4B,11,26,675.1,80:02:9C:61:97:4A,2,0,NONE,2026-08-19T16:19:35.906943
45917,BEACON,-66,31,0,321,65416,43376,152389,0,68,10,0,0,14:33:5C:6D:AF:58,1,1,ARMED,70.0,0,1,80:02:9C:61:97:4B,11,14,267.4,80:02:9C:61:97:4A,2,0,NONE,2026-08-19T16:19:36.021943
45917,MGMT_OTHER,39,39,0,3117,65416,43376,152536,0,68,10,0,0,14:33:5C:6D:AF:58,1,1,ARMED,70.0,0,0,80:02:9C:61:97:4B,11,28,293.9,80:02:9C:61:97:4A,2,0,NONE,2026-08-19T16:19:36.168943
45917,BEACON,-93,4,0,3119,65416,43376,152739,0,68,10,0,0,14:33:5C:6D:AF:58,1,0,ARMED,70.0,0,1,80:02:9C:61:97:4B,11,21,245.4,80:02:9C:61:97:4A,2,0,NONE,2026-08-19T16:19:36.371943
45917,MGMT_OTHER,25,25,0,1023,65416,43376,152944,0,68,10,0,0,14:33:5C:6D:AF:58,0,0,ARMED,70.0,0,0,80:02:9C:61:97:4B,11,24,278.3,80:02:9C:61:97:4A,2,0,NONE,2026-08-19T16:19:36.576943
45917,MGMT_OTHER,26,26,0,3123,65416,43376,153162,0,68,10,0,0,14:33:5C:6D:AF:58,0,0,ARMED,70.0,0,0,80:02:9C:61:97:4B,11,24,239.2,80:02:9C:61:97:4A,2,0,NONE,2026-08-19T16:19:36.794943
45917,MGMT_OTHER,39,39,0,2637,65416,43376,153386,0,68,10,0,0,14:33:5C:6D:AF:58,0,0,ARMED,70.0,0,0,80:02:9C:61:97:4B,11,1,300.4,80:02:9C:61:97:4A,2,0,NONE,2026-08-19T16:19:37.018943
45917,MGMT_OTHER,40,40,0,2639,65416,43376,153591,0,68,10,0,0,14:33:5C:6D:AF:58,0,0,ARMED,70.0,0,0,80:02:9C:61:97:4B,11,3,878.7,80:02:9C:61:97:4A,2,0,NONE,2026-08-19T16:19:37.223943
45917,MGMT_OTHER,25,25,0,3129,65416,43376,153783,0,68,10,0,0,14:33:5C:6D:AF:58,0,1,ARMED,70.0,0,0,80:02:9C:61:97:4B,11,23,246.8,80:02:9C:61:97:4A,2,0,NONE,2026-08-19T16:19:37.415943
45917,MGMT_OTHER,23,23,0,3130,65416,43376,153883,0,68,10,0,0,14:33:5C:6D:AF:58,0,0,ARMED,70.0,0,0,80:02:9C:61:97:4B,11,47,519.8,80:02:9C:61:97:4A,2,0,NONE,2026-08-19T16:19:37.515943
45917,BEACON,-94,3,0,60,65416,43376,154071,0,68,10,0,0,14:33:5C:6D:AF:58,0,1,ARMED,70.0,0,1,80:02:9C:61:97:4B,11,20,277.6,80:02:9C:61:97:4A,2,0,NONE,2026-08-19T16:19:37.703943
45917,MGMT_OTHER,25,25,0,2610,65416,43376,154283,0,68,10,0,0,14:33:5C:6D:AF:58,0,0,ARMED,70.0,0,0,80:02:9C:61:97:4B,11,17,208.9,80:02:9C:61:97:4A,2,0,NONE,2026-08-19T16:19:37.915943
45917,BEACON,-86,11,0,2612,65416,43376,154460,0,68,10,0,0,14:33:5C:6D:AF:58,0,1,ARMED,70.0,0,1,80:02:9C:61:97:4B,11,13,244.1,80:02:9C:61:97:4A,2,0,NONE,2026-08-19T16:19:38.092943
45917,MGMT_OTHER,39,39,0,334,65416,43376,154640,0,68,10,0,0,14:33:5C:6D:AF:58,0,1,ARMED,70.0,0,0,80:02:9C:61:97:4B,11,11,389.7,80:02:9C:61:97:4A,2,0,NONE,2026-08-19T16:19:38.272943
45917,MGMT_OTHER,25,25,0,2615,65416,43376,154793,0,68,10,0,0,14:33:5C:6D:AF:58,0,1,ARMED,70.0,0,0,80:02:9C:61:97:4B,11,17,214.8,80:02:9C:61:97:4A,2,0,NONE,2026-08-19T16:19:38.425943
45917,PROBE_REQ,-70,27,0,52,65416,43376,154895,0,68,10,0,0,14:33:5C:6D:AF:58,0,1,ARMED,70.0,0,1,80:02:9C:61:97:4B,11,26,328.6,80:02:9C:61:97:4A,2,0,NONE,2026-08-19T16:19:38.527943
45917,MGMT_OTHER,39,39,0,2618,65416,43376,154986,0,68,10,0,0,14:33:5C:6D:AF:58,0,0,ARMED,70.0,0,0,80:02:9C:61:97:4B,11,49,741.2,80:02:9C:61:97:4A,2,0,NONE,2026-08-19T16:19:38.618943
45917,MGMT_OTHER,47,47,0,2546,65416,43376,155201,0,68,10,0,0,14:33:5C:6D:AF:58,0,0,ARMED,70.0,0,0,80:02:9C:61:97:4B,11,23,296.0,80:02:9C:61:97:4A,2,0,NONE,2026-08-19T16:19:38.833943
45917,,-57,40,0,3900,65416,43376,155251,0,68,10,0,0,14:33:5C:6D:AF:58,0,1,ARMED,70.0,0,0,80:02:9C:61:97:4B,11,39,1396.1,80:02:9C:61:97:4A,2,0,NONE,2026-08-19T16:19:38.883943
45917,MGMT_OTHER,39,39,0,2657,65416,43376,155441,0,68,10,0,0,14:33:5C:6D:AF:58,0,0,ARMED,70.0,0,0,80:02:9C:61:97:4B,11,4,394.2,80:02:9C:61:97:4A,2,0,NONE,2026-08-19T16:19:39.073943
45917,MGMT_OTHER,39,39,0,2659,65416,43376,155641,0,68,10,0,0,14:33:5C:6D:AF:58,0,1,ARMED,70.0,0,0,80:02:9C:61:97:4B,11,2,370.7,80:02:9C:61:97:4A,2,0,NONE,2026-08-19T16:19:39.273943
45917,MGMT_OTHER,39,39,0,1029,65416,43376,155836,0,68,10,0,0,14:33:5C:6D:AF:58,0,0,ARMED,70.0,0,0,80:02:9C:61:97:4B,11,25,255.1,80:02:9C:61:97:4A,2,0,NONE,2026-08-19T16:19:39.468943
45917,MGMT_OTHER,26,26,0,2554,65416,43376,156032,0,68,10,0,0,14:33:5C:6D:AF:58,0,1,ARMED,70.0,0,0,80:02:9C:61:97:4B,11,14,186.9,80:02:9C:61:97:4A,2,0,NONE,2026-08-19T16:19:39.664943
45917,MGMT_OTHER,25,25,0,2556,65416,43376,156192,0,68,10,0,0,14:33:5C:6D:AF:58,0,1,ARMED,70.0,0,0,80:02:9C:61:97:4B,11,12,400.0,80:02:9C:61:97:4A,2,0,NONE,2026-08-19T16:19:39.824943
45917,MGMT_OTHER,39,39,0,2558,65416,43376,156391,0,68,10,0,0,14:33:5C:6D:AF:58,0,0,ARMED,70.0,0,0,80:02:9C:61:97:4B,11,10,427.8,80:02:9C:61:97:4A,2,0,NONE,2026-08-19T16:19:40.023943
45917,MGMT_OTHER,39,39,0,583,65416,43376,156572,0,68,10,0,0,14:33:5C:6D:AF:58,0,1,ARMED,70.0,0,0,80:02:9C:61:97:4B,11,1,1000.0,80:02:9C:61:97:4A,2,0,NONE,2026-08-19T16:19:40.204943
45917,MGMT_OTHER,25,25,0,2636,65416,43376,156743,0,68,10,0,0,14:33:5C:6D:AF:58,0,1,ARMED,70.0,0,0,80:02:9C:61:97:4B,11,19,276.4,80:02:9C:61:97:4A,2,0,NONE,2026-08-19T16:19:40.375943
45917,MGMT_OTHER,39,39,0,0,65416,43376,156841,0,68,10,0,0,14:33:5C:6D:AF:58,0,1,ARMED,70.0,0,0,80:02:9C:61:97:4B,11,40,625.7,80:02:9C:61:97:4A,2,0,NONE,2026-08-19T16:19:40.473943
45917,MGMT_OTHER,25,25,0,2564,65416,43376,157003,0,68,10,0,0,14:33:5C:6D:AF:58,1,1,ARMED,70.0,0,0,80:02:9C:61:97:4B,11,14,657.0,80:02:9C:61:97:4A,2,0,NONE,2026-08-19T16:19:40.635943
45917,MGMT_OTHER,39,39,0,1030,65416,43376,157159,0,68,10,0,0,14:33:5C:6D:AF:58,0,1,ARMED,70.0,0,0,80:02:9C:61:97:4B,11,25,334.4,80:02:9C:61:97:4A,2,0,NONE,2026-08-19T16:19:40.791943
45917,MGMT_OTHER,39,39,0,590,65416,43376,157291,0,68,10,0,0,14:33:5C:6D:AF:58,0,1,ARMED,70.0,0,0,80:02:9C:61:97:4B,11,1,544.7,80:02:9C:61:97:4A,2,0,NONE,2026-08-19T16:19:40.923943
45917,MGMT_OTHER,39,39,0,2677,65416,43376,157481,0,68,10,0,0,14:33:5C:6D:AF:58,0,0,ARMED,70.0,0,0,80:02:9C:61:97:4B,11,25,279.2,80:02:9C:61:97:4A,2,0,NONE,2026-08-19T16:19:41.113943
45917,MGMT_OTHER,23,23,0,2645,65416,43376,157663,0,68,10,0,0,14:33:5C:6D:AF:58,0,1,ARMED,70.0,0,0,80:02:9C:61:97:4B,11,14,236.2,80:02:9C:61:97:4A,2,0,NONE,2026-08-19T16:19:41.295943
45917,MGMT_OTHER,66,66,0,2681,65416,43376,157892,0,68,10,0,0,14:33:5C:6D:AF:58,0,0,ARMED,70.0,0,0,80:02:9C:61:97:4B,11,17,205.2,80:02:9C:61:97:4A,2,0,NONE,2026-08-19T16:19:41.524943
45917,MGMT_OTHER,39,39,0,367,65416,43376,158031,0,68,10,0,0,14:33:5C:6D:AF:58,0,1,ARMED,70.0,0,0,80:02:9C:61:97:4B,11,3,179.1,80:02:9C:61:97:4A,2,0,NONE,2026-08-19T16:19:41.663943
45917,MGMT_OTHER,25,25,0,2576,65416,43376,158232,0,68,10,0,0,14:33:5C:6D:AF:58,0,0,ARMED,70.0,0,0,80:02:9C:61:97:4B,11,3,217.9,80:02:9C:61:97:4A,2,0,NONE,2026-08-19T16:19:41.864943
45917,MGMT_OTHER,39,39,0,2652,65416,43376,158391,0,68,10,0,0,14:33:5C:6D:AF:58,0,1,ARMED,70.0,0,0,80:02:9C:61:97:4B,11,16,229.3,80:02:9C:61:97:4A,2,0,NONE,2026-08-19T16:19:42.023943
45917,,-57,40,5196,3945,65416,43376,158519,0,68,10,0,0,14:33:5C:6D:AF:58,0,0,ARMED,70.0,0,1,80:02:9C:61:97:4B,11,43,447.6,80:02:9C:61:97:4A,2,0,NONE,2026-08-19T16:19:42.151943
45917,MGMT_OTHER,39,39,0,1023,65416,43376,158668,0,68,10,0,0,14:33:5C:6D:AF:58,0,1,ARMED,70.0,0,0,80:02:9C:61:97:4B,11,8,263.2,80:02:9C:61:97:4A,2,0,NONE,2026-08-19T16:19:42.300943
45917,MGMT_OTHER,25,25,0,1023,65416,43376,158793,0,68,10,0,0,14:33:5C:6D:AF:58,0,1,ARMED,70.0,0,0,80:02:9C:61:97:4B,11,13,245.0,80:02:9C:61:97:4A,2,0,NONE,2026-08-19T16:19:42.425943
45917,MGMT_OTHER,39,39,0,607,65416,43376,159035,0,68,10,0,0,14:33:5C:6D:AF:58,1,1,ARMED,70.0,0,0,80:02:9C:61:97:4B,11,19,209.6,80:02:9C:61:97:4A,2,0,NONE,2026-08-19T16:19:42.667943
45917,MGMT_OTHER,39,39,0,2694,65416,43376,159231,0,68,10,0,0,14:33:5C:6D:AF:58,0,0,ARMED,70.0,0,0,80:02:9C:61:97:4B,11,21,257.0,80:02:9C:61:97:4A,2,0,NONE,2026-08-19T16:19:42.863943
45917,,-93,4,0,1153,65416,43376,159421,0,68,10,0,0,14:33:5C:6D:AF:58,0,0,ARMED,70.0,0,1,80:02:9C:61:97:4B,11,17,253.3,80:02:9C:61:97:4A,2,0,NONE,2026-08-19T16:19:43.053943
45917,MGMT_OTHER,39,39,0,2664,65416,43376,159588,0,68,10,0,0,14:33:5C:6D:AF:58,1,0,ARMED,70.0,0,0,80:02:9C:61:97:4B,11,13,448.8,80:02:9C:61:97:4A,2,0,NONE,2026-08-19T16:19:43.220943
45917,MGMT_OTHER,25,25,0,384,65416,43376,159760,0,68,10,0,0,14:33:5C:6D:AF:58,0,1,ARMED,70.0,0,0,80:02:9C:61:97:4B,11,25,252.3,80:02:9C:61:97:4A,2,0,NONE,2026-08-19T16:19:43.392943
45917,BEACON,-91,6,0,2593,65416,43376,159968,0,68,10,0,0,14:33:5C:6D:AF:58,0,0,ARMED,70.0,0,1,80:02:9C:61:97:4B,11,25,244.1,80:02:9C:61:97:4A,2,0,NONE,2026-08-19T16:19:43.600943
45917,MGMT_OTHER,39,39,0,2669,65416,43376,160135,0,68,10,0,0,14:33:5C:6D:AF:58,0,1,ARMED,70.0,0,0,80:02:9C:61:97:4B,11,16,247.3,80:02:9C:61:97:4A,2,0,NONE,2026-08-19T16:19:43.767943
45917,MGMT_OTHER,39,39,0,2596,65416,43376,160321,0,68,10,0,0,14:33:5C:6D:AF:58,0,0,ARMED,70.0,0,0,80:02:9C:61:97:4B,11,12,266.0,80:02:9C:61:97:4A,2,0,NONE,2026-08-19T16:19:43.953943
45917,MGMT_OTHER,40,40,0,2598,65416,43376,160481,0,68,10,0,0,14:33:5C:6D:AF:58,0,1,ARMED,70.0,0,0,80:02:9C:61:97:4B,11,1,1000.0,80:02:9C:61:97:4A,2,0,NONE,2026-08-19T16:19:44.113943
45917,BEACON,-67,30,0,410,65416,43376,160676,0,68,10,0,0,14:33:5C:6D:AF:58,0,0,ARMED,70.0,0,1,80:02:9C:61:97:4B,11,25,275.4,80:02:9C:61:97:4A,2,0,NONE,2026-08-19T16:19:44.308943
45917,MGMT_OTHER,39,39,0,412,65416,43376,160882,0,68,10,0,0,14:33:5C:6D:AF:58,0,1,ARMED,70.0,0,0,80:02:9C:61:97:4B,11,15,168.8,80:02:9C:61:97:4A,2,0,NONE,2026-08-19T16:19:44.514943
45917,,-73,24,0,1728,65416,43376,161091,0,68,10,0,0,14:33:5C:6D:AF:58,0,0,ARMED,70.0,0,1,80:02:9C:61:97:4B,11,23,285.4,80:02:9C:61:97:4A,2,0,NONE,2026-08-19T16:19:44.723943
45917,MGMT_OTHER,25,25,0,416,65416,43376,161198,0,68,10,0,0,14:33:5C:6D:AF:58,0,1,ARMED,70.0,0,0,80:02:9C:61:97:4B,11,43,490.8,80:02:9C:61:97:4A,2,0,NONE,2026-08-19T16:19:44.830943
45917,MGMT_OTHER,24,24,0,2607,65416,43376,161412,0,68,10,0,0,14:33:5C:6D:AF:58,0,0,ARMED,70.0,0,0,80:02:9C:61:97:4B,11,25,272.9,80:02:9C:61:97:4A,2,0,NONE,2026-08-19T16:19:45.044943
45917,MGMT_OTHER,40,40,0,2717,65416,43376,161586,0,68,10,0,0,14:33:5C:6D:AF:58,0,1,ARMED,70.0,0,0,80:02:9C:61:97:4B,11,16,288.7,80:02:9C:61:97:4A,2,0,NONE,2026-08-19T16:19:45.218943
45917,MGMT_OTHER,24,24,0,1023,65416,43376,161772,0,68,10,0,0,14:33:5C:6D:AF:58,0,0,ARMED,70.0,0,0,80:02:9C:61:97:4B,11,10,268.9,80:02:9C:61:97:4A,2,0,NONE,2026-08-19T16:19:45.404943
45917,MGMT_OTHER,40,40,0,3209,65416,43376,161981,0,68,10,0,0,14:33:5C:6D:AF:58,0,1,ARMED,70.0,0,0,80:02:9C:61:97:4B,11,6,150.3,80:02:9C:61:97:4A,2,0,NONE,2026-08-19T16:19:45.613943
45917,MGMT_OTHER,47,47,0,2614,65416,43376,162161,0,68,10,0,0,14:33:5C:6D:AF:58,0,0,ARMED,70.0,0,0,80:02:9C:61:97:4B,11,24,218.4,80:02:9C:61:97:4A,2,0,NONE,2026-08-19T16:19:45.793943
45917,MGMT_OTHER,40,40,0,408,65416,43376,162242,0,68,10,0,0,14:33:5C:6D:AF:58,0,0,ARMED,70.0,0,1,80:02:9C:61:97:4B,11,50,609.9,80:02:9C:61:97:4A,2,0,NONE,2026-08-19T16:19:45.874943
45917,MGMT_OTHER,40,40,0,409,65416,43376,162341,0,68,10,0,0,14:33:5C:6D:AF:58,0,1,ARMED,70.0,0,0,80:02:9C:61:97:4B,11,36,448.6,80:02:9C:61:97:4A,2,0,NONE,2026-08-19T16:19:45.973943
45917,MGMT_OTHER,40,40,0,428,65416,43376,162431,0,68,10,0,0,14:33:5C:6D:AF:58,1,1,ARMED,70.0,0,0,80:02:9C:61:97:4B,11,39,593.0,80:02:9C:61:97:4A,2,0,NONE,2026-08-19T16:19:46.063943
45917,MGMT_OTHER,-85,12,1128,273,65416,43376,162477,0,68,10,0,0,14:33:5C:6D:AF:58,1,1,ARMED,70.0,0,1,80:02:9C:61:97:4B,11,16,1507.3,80:02:9C:61:97:4A,2,0,NONE,2026-08-19T16:19:46.109943
45917,MGMT_OTHER,-85,12,1285,3478,65416,43376,162537,0,68,10,0,0,14:33:5C:6D:AF:58,1,1,ARMED,70.0,0,1,80:02:9C:61:97:4B,11,66,934.7,80:02:9C:61:97:4A,2,0,NONE,2026-08-19T16:19:46.169943
45917,MGMT_OTHER,-86,11,0,3962,65416,43376,162592,0,68,10,0,0,14:33:5C:6D:AF:58,1,1,ARMED,70.0,0,1,80:02:9C:61:97:4B,11,24,963.9,80:02:9C:61:97:4A,2,0,NONE,2026-08-19T16:19:46.224943
45917,,-91,6,0,0,65416,43376,162649,0,68,10,0,0,14:33:5C:6D:AF:58,1,1,ARMED,70.0,0,0,80:02:9C:61:97:4B,11,74,905.3,80:02:9C:61:97:4A,2,0,NONE,2026-08-19T16:19:46.281943
45917,MGMT_OTHER,-86,11,3348,372,65416,43376,162709,0,68,10,0,0,14:33:5C:6D:AF:58,1,1,ARMED,70.0,0,1,80:02:9C:61:97:4B,11,36,869.5,80:02:9C:61:97:4A,2,0,NONE,2026-08-19T16:19:46.341943
45917,MGMT_OTHER,40,40,0,2621,65416,43376,162836,0,68,10,0,0,14:33:5C:6D:AF:58,1,1,ARMED,70.0,0,0,80:02:9C:61:97:4B,11,17,286.8,80:02:9C:61:97:4A,2,0,NONE,2026-08-19T16:19:46.468943
45917,MGMT_OTHER,25,25,0,435,65416,43376,163033,0,68,10,0,0,14:33:5C:6D:AF:58,0,0,ARMED,70.0,0,0,80:02:9C:61:97:4B,11,15,288.8,80:02:9C:61:97:4A,2,0,NONE,2026-08-19T16:19:46.665943
45917,MGMT_OTHER,46,46,0,1023,65416,43376,163209,0,68,10,0,0,14:33:5C:6D:AF:58,0,1,ARMED,70.0,0,0,80:02:9C:61:97:4B,11,6,268.8,80:02:9C:61:97:4A,2,0,NONE,2026-08-19T16:19:46.841943
45917,BEACON,-94,3,5743,420,65416,43376,163446,0,68,10,0,0,14:33:5C:6D:AF:58,0,0,ARMED,70.0,0,0,80:02:9C:61:97:4B,11,9,171.7,80:02:9C:61:97:4A,2,0,NONE,2026-08-19T16:19:47.078943
45917,BEACON,-67,30,0,441,65416,43376,163646,0,68,10,0,0,14:33:5C:6D:AF:58,0,0,ARMED,70.0,0,1,80:02:9C:61:97:4B,11,10,322.5,80:02:9C:61:97:4A,2,0,NONE,2026-08-19T16:19:47.278943
45917,MGMT_OTHER,46,46,0,2631,65416,43376,163877,0,68,10,0,0,14:33:5C:6D:AF:58,1,0,ARMED,70.0,0,0,80:02:9C:61:97:4B,11,13,260.5,80:02:9C:61:97:4A,2,0,NONE,2026-08-19T16:19:47.509943
45917,MGMT_OTHER,25,25,0,2632,65416,43376,164007,0,68,10,0,0,14:33:5C:6D:AF:58,0,0,ARMED,70.0,0,0,80:02:9C:61:97:4B,11,38,492.5,80:02:9C:61:97:4A,2,0,NONE,2026-08-19T16:19:47.639943
45917,BEACON,-96,1,0,3231,65416,43376,164208,0,68,10,0,0,14:33:5C:6D:AF:58,0,1,ARMED,70.0,0,1,80:02:9C:61:97:4B,11,18,244.8,80:02:9C:61:97:4A,2,0,NONE,2026-08-19T16:19:47.840943
45917,MGMT_OTHER,40,40,0,429,65416,43376,164372,0,68,10,0,0,14:33:5C:6D:AF:58,0,1,ARMED,70.0,0,0,80:02:9C:61:97:4B,11,8,247.3,80:02:9C:61:97:4A,2,0,NONE,2026-08-19T16:19:48.004943
45917,MGMT_OTHER,40,40,0,660,65416,43376,164460,0,68,10,0,0,14:33:5C:6D:AF:58,0,1,ARMED,70.0,0,0,80:02:9C:61:97:4B,11,11,594.8,80:02:9C:61:97:4A,2,0,NONE,2026-08-19T16:19:48.092943
45917,MGMT_OTHER,21,21,0,2638,65416,43376,164582,0,68,10,0,0,14:33:5C:6D:AF:58,0,1,ARMED,70.0,0,0,80:02:9C:61:97:4B,11,15,392.3,80:02:9C:61:97:4A,2,0,NONE,2026-08-19T16:19:48.214943
45917,MGMT_OTHER,40,40,0,2716,65416,43376,164721,0,68,10,0,0,14:33:5C:6D:AF:58,1,1,ARMED,70.0,0,0,80:02:9C:61:97:4B,11,30,402.4,80:02:9C:61:97:4A,2,0,NONE,2026-08-19T16:19:48.353943
45917,MGMT_OTHER,40,40,0,2718,65416,43376,164941,0,68,10,0,0,14:33:5C:6D:AF:58,0,0,ARMED,70.0,0,0,80:02:9C:61:97:4B,11,18,201.5,80:02:9C:61:97:4A,2,0,NONE,2026-08-19T16:19:48.573943
45917,MGMT_OTHER,40,40,0,457,65416,43376,165218,0,68,10,0,0,14:33:5C:6D:AF:58,0,0,ARMED,70.0,0,0,80:02:9C:61:97:4B,11,9,151.2,80:02:9C:61:97:4A,2,0,NONE,2026-08-19T16:19:48.850943
45917,MGMT_OTHER,26,26,0,1023,65416,43376,165413,0,68,10,0,0,14:33:5C:6D:AF:58,0,0,ARMED,70.0,0,0,80:02:9C:61:97:4B,11,14,282.3,80:02:9C:61:97:4A,2,0,NONE,2026-08-19T16:19:49.045943
45917,,-67,30,291,3395,65416,43376,165499,0,68,10,0,0,14:33:5C:6D:AF:58,0,1,ARMED,70.0,0,0,80:02:9C:61:97:4B,11,36,1068.3,80:02:9C:61:97:4A,2,0,NONE,2026-08-19T16:19:49.131943
45917,,-92,5,76,2241,65416,43376,165559,0,68,10,0,0,14:33:5C:6D:AF:58,0,1,ARMED,70.0,0,1,80:02:9C:61:97:4B,11,86,924.2,80:02:9C:61:97:4A,2,0,NONE,2026-08-19T16:19:49.191943
45917,MGMT_OTHER,-91,6,289,0,65396,43376,165610,0,68,10,0,0,14:33:5C:6D:AF:58,0,1,ARMED,70.0,0,0,80:02:9C:61:97:4B,11,43,1015.8,80:02:9C:61:97:4A,2,0,NONE,2026-08-19T16:19:49.242943
45917,MGMT_OTHER,-93,4,2067,0,65416,43376,165663,0,68,10,0,0,14:33:5C:6D:AF:58,0,1,ARMED,70.0,0,0,80:02:9C:61:97:4B,11,93,985.0,80:02:9C:61:97:4A,2,0,NONE,2026-08-19T16:19:49.295943
45917,MGMT_OTHER,-92,5,1092,1182,65416,43376,165718,0,68,10,0,0,14:33:5C:6D:AF:58,1,1,ARMED,70.0,0,1,80:02:9C:61:97:4B,11,43,875.1,80:02:9C:61:97:4A,2,0,NONE,2026-08-19T16:19:49.350943
45917,MGMT_OTHER,-87,10,48,478,65396,43376,165756,0,68,10,0,0,14:33:5C:6D:AF:58,1,1,ARMED,70.0,0,1,80:02:9C:61:97:4B,11,93,1072.9,80:02:9C:61:97:4A,2,0,NONE,2026-08-19T16:19:49.388943
45917,BEACON,-81,16,0,2728,65416,43376,165826,0,68,10,0,0,14:33:5C:6D:AF:58,1,1,ARMED,70.0,0,1,80:02:9C:61:97:4B,11,38,702.3,80:02:9C:61:97:4A,2,0,NONE,2026-08-19T16:19:49.458943
45917,MGMT_OTHER,22,22,0,2731,65416,43376,166062,0,68,10,0,0,14:33:5C:6D:AF:58,1,0,ARMED,70.0,0,0,80:02:9C:61:97:4B,11,18,212.9,80:02:9C:61:97:4A,2,0,NONE,2026-08-19T16:19:49.694943
45917,MGMT_OTHER,39,39,0,2763,65416,43376,166291,0,68,10,0,0,14:33:5C:6D:AF:58,0,0,ARMED,70.0,0,0,80:02:9C:61:97:4B,11,2,348.1,80:02:9C:61:97:4A,2,0,NONE,2026-08-19T16:19:49.923943
45917,MGMT_OTHER,40,40,0,2657,65416,43376,166531,0,68,10,0,0,14:33:5C:6D:AF:58,0,0,ARMED,70.0,0,0,80:02:9C:61:97:4B,11,12,294.0,80:02:9C:61:97:4A,2,0,NONE,2026-08-19T16:19:50.163943
45917,,-35,62,0,935,65416,43376,166770,0,68,10,0,0,14:33:5C:6D:AF:58,0,0,ARMED,70.0,0,1,80:02:9C:61:97:4B,11,19,253.1,80:02:9C:61:97:4A,2,0,NONE,2026-08-19T16:19:50.402943
45917,,-82,15,0,307,65416,43376,166966,0,68,10,0,0,14:33:5C:6D:AF:58,0,1,ARMED,70.0,0,1,80:02:9C:61:97:4B,11,16,239.1,80:02:9C:61:97:4A,2,0,NONE,2026-08-19T16:19:50.598943
45917,BEACON,-81,16,0,686,65416,43376,167119,0,68,10,0,0,14:33:5C:6D:AF:58,0,1,ARMED,70.0,0,1,80:02:9C:61:97:4B,11,2,133.5,80:02:9C:61:97:4A,2,0,NONE,2026-08-19T16:19:50.751943
45917,,-66,31,0,482,63684,43376,167333,0,68,10,0,0,14:33:5C:6D:AF:58,0,0,ARMED,70.0,0,0,80:02:9C:61:97:4B,11,7,268.6,80:02:9C:61:97:4A,2,0,NONE,2026-08-19T16:19:50.965943
45917,,-66,31,0,3427,65416,43376,167539,0,68,10,0,0,14:33:5C:6D:AF:58,0,0,ARMED,70.0,0,0,80:02:9C:61:97:4B,11,14,544.3,80:02:9C:61:97:4A,2,0,NONE,2026-08-19T16:19:51.171943
45917,MGMT_OTHER,40,40,0,692,65416,43376,167735,0,68,10,0,0,14:33:5C:6D:AF:58,0,0,ARMED,70.0,0,0,80:02:9C:61:97:4B,11,3,176.8,80:02:9C:61:97:4A,2,0,NONE,2026-08-19T16:19:51.367943
45917,MGMT_OTHER,40,40,0,2142,65416,43376,167961,0,68,10,0,0,14:33:5C:6D:AF:58,0,0,ARMED,70.0,0,0,80:02:9C:61:97:4B,11,9,241.3,80:02:9C:61:97:4A,2,0,NONE,2026-08-19T16:19:51.593943
45917,MGMT_OTHER,41,41,0,2781,65416,43376,168137,0,68,10,0,0,14:33:5C:6D:AF:58,0,0,ARMED,70.0,0,0,80:02:9C:61:97:4B,11,3,344.8,80:02:9C:61:97:4A,2,0,NONE,2026-08-19T16:19:51.769943
45917,BEACON,-99,-2,0,3271,65416,43376,168304,0,68,10,0,0,14:33:5C:6D:AF:58,0,1,ARMED,70.0,0,1,80:02:9C:61:97:4B,11,21,285.7,80:02:9C:61:97:4A,2,0,NONE,2026-08-19T16:19:51.936943
45917,MGMT_OTHER,24,24,0,2676,65416,43376,168503,0,68,10,0,0,14:33:5C:6D:AF:58,0,1,ARMED,70.0,0,0,80:02:9C:61:97:4B,11,16,237.5,80:02:9C:61:97:4A,2,0,NONE,2026-08-19T16:19:52.135943
45917,MGMT_OTHER,66,66,0,917,65416,43376,168600,0,68,10,0,0,14:33:5C:6D:AF:58,0,0,ARMED,70.0,0,0,80:02:9C:61:97:4B,11,44,711.4,80:02:9C:61:97:4A,2,0,NONE,2026-08-19T16:19:52.232943
45917,MGMT_OTHER,22,22,0,2679,65416,43376,168782,0,68,10,0,0,14:33:5C:6D:AF:58,0,0,ARMED,70.0,0,0,80:02:9C:61:97:4B,11,12,305.1,80:02:9C:61:97:4A,2,0,NONE,2026-08-19T16:19:52.414943
45917,MGMT_OTHER,20,20,0,1102,65416,43376,168955,0,68,10,0,0,14:33:5C:6D:AF:58,0,0,ARMED,70.0,0,0,80:02:9C:61:97:4B,11,2,491.2,80:02:9C:61:97:4A,2,0,NONE,2026-08-19T16:19:52.587943
45917,,-57,40,1103,4074,65416,43376,169062,0,68,10,0,0,14:33:5C:6D:AF:58,0,1,ARMED,70.0,0,0,80:02:9C:61:97:4B,11,22,3062.4,80:02:9C:61:97:4A,2,0,NONE,2026-08-19T16:19:52.694943
45917,BEACON,-79,18,0,706,65416,43376,169167,0,68,10,0,0,14:33:5C:6D:AF:58,0,1,ARMED,70.0,0,1,80:02:9C:61:97:4B,11,5,419.1,80:02:9C:61:97:4A,2,0,NONE,2026-08-19T16:19:52.799943
45917,MGMT_OTHER,66,66,0,3281,65416,43376,169344,0,68,10,0,0,14:33:5C:6D:AF:58,0,0,ARMED,70.0,0,0,80:02:9C:61:97:4B,11,30,358.4,80:02:9C:61:97:4A,2,0,NONE,2026-08-19T16:19:52.976943
45917,MGMT_OTHER,40,40,0,4095,65416,43376,169531,0,68,10,0,0,14:33:5C:6D:AF:58,0,0,ARMED,70.0,0,0,80:02:9C:61:97:4B,11,17,265.0,80:02:9C:61:97:4A,2,0,NONE,2026-08-19T16:19:53.163943
45917,,-90,7,0,3862,65416,43376,169771,0,68,10,0,0,14:33:5C:6D:AF:58,0,0,ARMED,70.0,0,1,80:02:9C:61:97:4B,11,19,195.4,80:02:9C:61:97:4A,2,0,NONE,2026-08-19T16:19:53.403943
45917,BEACON,-65,32,0,509,65416,43376,169995,0,68,10,0,0,14:33:5C:6D:AF:58,0,0,ARMED,70.0,0,1,80:02:9C:61:97:4B,11,3,358.9,80:02:9C:61:97:4A,2,0,NONE,2026-08-19T16:19:53.627943
45917,MGMT_OTHER,40,40,0,2693,65416,43376,170240,0,68,10,0,0,14:33:5C:6D:AF:58,0,0,ARMED,70.0,0,0,80:02:9C:61:97:4B,11,12,242.7,80:02:9C:61:97:4A,2,0,NONE,2026-08-19T16:19:53.872943
45917,MGMT_OTHER,23,23,0,0,65416,43376,170363,0,68,10,0,0,14:33:5C:6D:AF:58,0,0,ARMED,70.0,0,1,80:02:9C:61:97:4B,11,38,624.9,80:02:9C:61:97:4A,2,0,NONE,2026-08-19T16:19:53.995943
45917,MGMT_OTHER,40,40,0,2777,65416,43376,170551,0,68,10,0,0,14:33:5C:6D:AF:58,0,1,ARMED,70.0,0,0,80:02:9C:61:97:4B,11,11,226.6,80:02:9C:61:97:4A,2,0,NONE,2026-08-19T16:19:54.183943
45917,,-29,68,0,939,65416,43376,170765,0,68,10,0,0,14:33:5C:6D:AF:58,0,0,ARMED,70.0,0,1,80:02:9C:61:97:4B,11,13,241.7,80:02:9C:61:97:4A,2,0,NONE,2026-08-19T16:19:54.397943
45917,BEACON,-82,15,0,2809,65416,43376,170996,0,68,10,0,0,14:33:5C:6D:AF:58,0,0,ARMED,70.0,0,1,80:02:9C:61:97:4B,11,17,208.1,80:02:9C:61:97:4A,2,0,NONE,2026-08-19T16:19:54.628943
45917,BEACON,-84,13,0,2811,65416,43376,171200,0,68,10,0,0,14:33:5C:6D:AF:58,0,1,ARMED,70.0,0,0,80:02:9C:61:97:4B,11,16,202.0,80:02:9C:61:97:4A,2,0,NONE,2026-08-19T16:19:54.832943
45917,,-56,41,0,1,63684,43376,171406,0,68,10,0,0,14:33:5C:6D:AF:58,0,1,ARMED,70.0,0,1,80:02:9C:61:97:4B,11,20,249.4,80:02:9C:61:97:4A,2,0,NONE,2026-08-19T16:19:55.038943
45917,MGMT_OTHER,40,40,0,2706,65416,43376,171564,0,68,10,0,0,14:33:5C:6D:AF:58,0,1,ARMED,70.0,0,0,80:02:9C:61:97:4B,11,12,340.7,80:02:9C:61:97:4A,2,0,NONE,2026-08-19T16:19:55.196943
45917,MGMT_OTHER,39,39,0,1023,65416,43376,171743,0,68,10,0,0,14:33:5C:6D:AF:58,0,0,ARMED,70.0,0,1,80:02:9C:61:97:4B,11,6,631.6,80:02:9C:61:97:4A,2,0,NONE,2026-08-19T16:19:55.375943
45917,MGMT_OTHER,47,47,0,2709,65416,43376,171879,0,68,10,0,0,14:33:5C:6D:AF:58,0,1,ARMED,70.0,0,0,80:02:9C:61:97:4B,11,9,204.0,80:02:9C:61:97:4A,2,0,NONE,2026-08-19T16:19:55.511943
45917,MGMT_OTHER,24,24,0,2792,65416,43376,172082,0,68,10,0,0,14:33:5C:6D:AF:58,0,0,ARMED,70.0,0,0,80:02:9C:61:97:4B,11,12,257.3,80:02:9C:61:97:4A,2,0,NONE,2026-08-19T16:19:55.714943
45917,MGMT_OTHER,39,39,0,1023,65416,43376,172260,0,68,10,0,0,14:33:5C:6D:AF:58,0,0,ARMED,70.0,0,0,80:02:9C:61:97:4B,11,10,402.5,80:02:9C:61:97:4A,2,0,NONE,2026-08-19T16:19:55.892943
45917,,-57,40,0,18,65416,43376,172434,0,68,10,0,0,14:33:5C:6D:AF:58,0,1,ARMED,70.0,0,0,80:02:9C:61:97:4B,11,32,341.1,80:02:9C:61:97:4A,2,0,NONE,2026-08-19T16:19:56.066943
45917,BEACON,-79,18,0,739,65416,43376,172546,0,68,10,0,0,14:33:5C:6D:AF:58,0,1,ARMED,70.0,0,1,80:02:9C:61:97:4B,11,1,245.3,80:02:9C:61:97:4A,2,0,NONE,2026-08-19T16:19:56.178943
45917,,-66,31,0,3526,65256,43376,172710,0,68,10,0,0,14:33:5C:6D:AF:58,0,0,ARMED,70.0,0,0,80:02:9C:61:97:4B,11,25,379.7,80:02:9C:61:97:4A,2,0,NONE,2026-08-19T16:19:56.342943
45917,PROBE_RESP,-83,14,0,1389,65416,43376,172881,0,68,10,0,0,14:33:5C:6D:AF:58,0,0,ARMED,70.0,0,1,80:02:9C:61:97:4B,11,9,322.9,80:02:9C:61:97:4A,2,0,NONE,2026-08-19T16:19:56.513943
45917,MGMT_OTHER,21,21,0,2721,65416,43376,173132,0,68,10,0,0,14:33:5C:6D:AF:58,0,0,ARMED,70.0,0,0,80:02:9C:61:97:4B,11,12,161.8,80:02:9C:61:97:4A,2,0,NONE,2026-08-19T16:19:56.764943
45917,BEACON,-80,17,0,747,65416,43376,173365,0,68,10,0,0,14:33:5C:6D:AF:58,0,0,ARMED,70.0,0,1,80:02:9C:61:97:4B,11,20,195.3,80:02:9C:61:97:4A,2,0,NONE,2026-08-19T16:19:56.997943
45917,BEACON,-66,31,0,547,65416,43376,173579,0,68,10,0,0,14:33:5C:6D:AF:58,0,0,ARMED,70.0,0,1,80:02:9C:61:97:4B,11,2,237.5,80:02:9C:61:97:4A,2,0,NONE,2026-08-19T16:19:57.211943
45917,MGMT_OTHER,24,24,0,751,65416,43376,173781,0,68,10,0,0,14:33:5C:6D:AF:58,0,0,ARMED,70.0,0,0,80:02:9C:61:97:4B,11,3,497.8,80:02:9C:61:97:4A,2,0,NONE,2026-08-19T16:19:57.413943
45917,MGMT_OTHER,39,39,0,2730,65416,43376,174020,0,68,10,0,0,14:33:5C:6D:AF:58,0,0,ARMED,70.0,0,0,80:02:9C:61:97:4B,11,10,246.7,80:02:9C:61:97:4A,2,0,NONE,2026-08-19T16:19:57.652943
45917,BEACON,-68,29,0,554,65416,43376,174193,0,68,10,0,0,14:33:5C:6D:AF:58,0,1,ARMED,70.0,0,1,80:02:9C:61:97:4B,11,4,473.4,80:02:9C:61:97:4A,2,0,NONE,2026-08-19T16:19:57.825943
45917,,-93,4,0,1685,65416,43376,174422,0,68,10,0,0,14:33:5C:6D:AF:58,0,0,ARMED,70.0,0,1,80:02:9C:61:97:4B,11,9,297.0,80:02:9C:61:97:4A,2,0,NONE,2026-08-19T16:19:58.054943
45917,,39,39,0,2050,65416,43376,174641,0,68,10,0,0,14:33:5C:6D:AF:58,1,1,ARMED,70.0,0,1,80:02:9C:61:97:4B,11,9,194.2,80:02:9C:61:97:4A,2,0,NONE,2026-08-19T16:19:58.273943
45917,,-93,4,0,2154,65416,43376,174864,0,68,10,0,0,14:33:5C:6D:AF:58,0,0,ARMED,70.0,0,1,80:02:9C:61:97:4B,11,13,199.0,80:02:9C:61:97:4A,2,0,NONE,2026-08-19T16:19:58.496943
45917,,-57,40,0,49,65416,43376,175004,0,68,10,0,0,14:33:5C:6D:AF:58,0,1,ARMED,70.0,0,1,80:02:9C:61:97:4B,11,1,1000.0,80:02:9C:61:97:4A,2,0,NONE,2026-08-19T16:19:58.636943
45917,BEACON,-67,30,0,564,65416,43376,175115,0,68,10,0,0,14:33:5C:6D:AF:58,1,1,ARMED,70.0,0,1,80:02:9C:61:97:4B,11,5,594.3,80:02:9C:61:97:4A,2,0,NONE,2026-08-19T16:19:58.747943
45917,MGMT_OTHER,66,66,0,2824,65416,43376,175249,0,68,10,0,0,14:33:5C:6D:AF:58,1,1,ARMED,70.0,0,0,80:02:9C:61:97:4B,11,17,425.3,80:02:9C:61:97:4A,2,0,NONE,2026-08-19T16:19:58.881943
45917,MGMT_OTHER,25,25,0,537,65416,43376,175436,0,68,10,0,0,14:33:5C:6D:AF:58,0,1,ARMED,70.0,0,0,80:02:9C:61:97:4B,11,10,442.1,80:02:9C:61:97:4A,2,0,NONE,2026-08-19T16:19:59.068943
45917,MGMT_OTHER,39,39,0,2746,65416,43376,175685,0,68,10,0,0,14:33:5C:6D:AF:58,0,0,ARMED,70.0,0,0,80:02:9C:61:97:4B,11,12,178.6,80:02:9C:61:97:4A,2,0,NONE,2026-08-19T16:19:59.317943
45917,MGMT_OTHER,39,39,0,0,65416,43376,175900,0,68,10,0,0,14:33:5C:6D:AF:58,0,0,ARMED,70.0,0,0,80:02:9C:61:97:4B,11,21,271.0,80:02:9C:61:97:4A,2,0,NONE,2026-08-19T16:19:59.532943
45917,,-67,30,0,3557,65416,43376,175945,0,68,10,0,0,14:33:5C:6D:AF:58,0,1,ARMED,70.0,0,0,80:02:9C:61:97:4B,11,21,1051.2,80:02:9C:61:97:4A,2,0,NONE,2026-08-19T16:19:59.577943
45917,MGMT_OTHER,46,46,0,2858,65416,43376,176013,0,68,10,0,0,14:33:5C:6D:AF:58,0,1,ARMED,70.0,0,0,80:02:9C:61:97:4B,11,71,807.5,80:02:9C:61:97:4A,2,0,NONE,2026-08-19T16:19:59.645943
45917,,-57,40,7032,90,65416,43376,176212,0,68,10,0,0,14:33:5C:6D:AF:58,0,0,ARMED,70.0,0,1,80:02:9C:61:97:4B,11,23,280.3,80:02:9C:61:97:4A,2,0,NONE,2026-08-19T16:19:59.844943
45917,MGMT_OTHER,25,25,0,2754,65416,43376,176455,0,68,10,0,0,14:33:5C:6D:AF:58,0,0,ARMED,70.0,0,0,80:02:9C:61:97:4B,11,4,266.6,80:02:9C:61:97:4A,2,0,NONE,2026-08-19T16:20:00.087943
45917,MGMT_OTHER,46,46,0,2864,65416,43376,176629,0,68,10,0,0,14:33:5C:6D:AF:58,0,1,ARMED,70.0,0,0,80:02:9C:61:97:4B,11,22,247.9,80:02:9C:61:97:4A,2,0,NONE,2026-08-19T16:20:00.261943
45917,MGMT_OTHER,39,39,0,2866,65416,43376,176835,0,68,10,0,0,14:33:5C:6D:AF:58,0,1,ARMED,70.0,0,0,80:02:9C:61:97:4B,11,19,245.8,80:02:9C:61:97:4A,2,0,NONE,2026-08-19T16:20:00.467943
45917,MGMT_OTHER,25,25,0,1023,65416,43376,177003,0,68,10,0,0,14:33:5C:6D:AF:58,0,1,ARMED,70.0,0,1,80:02:9C:61:97:4B,11,14,340.8,80:02:9C:61:97:4A,2,0,NONE,2026-08-19T16:20:00.635943
45917,,-91,6,0,1046,65416,43376,177193,0,68,10,0,0,14:33:5C:6D:AF:58,0,0,ARMED,70.0,0,1,80:02:9C:61:97:4B,11,14,532.7,80:02:9C:61:97:4A,2,0,NONE,2026-08-19T16:20:00.825943
45917,MGMT_OTHER,47,47,0,2844,65416,43376,177296,0,68,10,0,0,14:33:5C:6D:AF:58,1,1,ARMED,70.0,0,0,80:02:9C:61:97:4B,11,11,416.9,80:02:9C:61:97:4A,2,0,NONE,2026-08-19T16:20:00.928943
45917,MGMT_OTHER,39,39,0,2846,65416,43376,177536,0,68,10,0,0,14:33:5C:6D:AF:58,0,0,ARMED,70.0,0,0,80:02:9C:61:97:4B,11,11,178.5,80:02:9C:61:97:4A,2,0,NONE,2026-08-19T16:20:01.168943
45917,MGMT_OTHER,39,39,0,2875,65416,43376,177760,0,68,10,0,0,14:33:5C:6D:AF:58,0,0,ARMED,70.0,0,0,80:02:9C:61:97:4B,11,15,184.8,80:02:9C:61:97:4A,2,0,NONE,2026-08-19T16:20:01.392943
45917,BEACON,-82,15,0,2877,65416,43376,177959,0,68,10,0,0,14:33:5C:6D:AF:58,0,0,ARMED,70.0,0,1,80:02:9C:61:97:4B,11,25,335.5,80:02:9C:61:97:4A,2,0,NONE,2026-08-19T16:20:01.591943
45917,,-90,7,0,1049,65416,43376,178115,0,68,10,0,0,14:33:5C:6D:AF:58,1,1,ARMED,70.0,0,1,80:02:9C:61:97:4B,11,11,430.3,80:02:9C:61:97:4A,2,0,NONE,2026-08-19T16:20:01.747943
45917,MGMT_OTHER,25,25,0,2854,65416,43376,178222,0,68,10,0,0,14:33:5C:6D:AF:58,1,1,ARMED,70.0,0,0,80:02:9C:61:97:4B,11,9,289.1,80:02:9C:61:97:4A,2,0,NONE,2026-08-19T16:20:01.854943
45917,BEACON,-85,12,0,2882,65416,43376,178471,0,68,10,0,0,14:33:5C:6D:AF:58,0,0,ARMED,70.0,0,1,80:02:9C:61:97:4B,11,13,184.3,80:02:9C:61:97:4A,2,0,NONE,2026-08-19T16:20:02.103943
45917,BEACON,-67,30,0,602,65416,43376,178699,0,68,10,0,0,14:33:5C:6D:AF:58,0,0,ARMED,70.0,0,1,80:02:9C:61:97:4B,11,19,203.1,80:02:9C:61:97:4A,2,0,NONE,2026-08-19T16:20:02.331943
45917,MGMT_OTHER,21,21,0,604,65416,43376,178904,0,68,10,0,0,14:33:5C:6D:AF:58,0,0,ARMED,70.0,0,0,80:02:9C:61:97:4B,11,23,242.2,80:02:9C:61:97:4A,2,0,NONE,2026-08-19T16:20:02.536943
45917,BEACON,-97,0,0,573,65416,43376,179113,0,68,10,0,0,14:33:5C:6D:AF:58,0,1,ARMED,70.0,0,0,80:02:9C:61:97:4B,11,17,187.5,80:02:9C:61:97:4A,2,0,NONE,2026-08-19T16:20:02.745943
45917,MGMT_OTHER,40,40,0,2891,65416,43376,179393,0,68,10,0,0,14:33:5C:6D:AF:58,0,0,ARMED,70.0,0,0,80:02:9C:61:97:4B,11,10,189.7,80:02:9C:61:97:4A,2,0,NONE,2026-08-19T16:20:03.025943
45917,BEACON,-92,5,0,2784,65416,43376,179527,0,68,10,0,0,14:33:5C:6D:AF:58,0,1,ARMED,70.0,0,1,80:02:9C:61:97:4B,11,12,180.7,80:02:9C:61:97:4A,2,0,NONE,2026-08-19T16:20:03.159943
45917,MGMT_OTHER,23,23,0,809,65416,43376,179717,0,68,10,0,0,14:33:5C:6D:AF:58,0,0,ARMED,70.0,0,0,80:02:9C:61:97:4B,11,9,272.0,80:02:9C:61:97:4A,2,0,NONE,2026-08-19T16:20:03.349943
45917,BEACON,-80,17,0,811,65416,43376,179919,0,68,10,0,0,14:33:5C:6D:AF:58,0,1,ARMED,70.0,0,1,80:02:9C:61:97:4B,11,5,175.1,80:02:9C:61:97:4A,2,0,NONE,2026-08-19T16:20:03.551943
45917,,-67,30,370,3630,65416,43376,180102,0,68,10,0,0,14:33:5C:6D:AF:58,0,1,ARMED,70.0,0,0,80:02:9C:61:97:4B,11,3,1287.0,80:02:9C:61:97:4A,2,0,NONE,2026-08-19T16:20:03.734943
45917,MGMT_OTHER,39,39,0,1023,65396,43376,180180,0,68,10,0,0,14:33:5C:6D:AF:58,0,1,ARMED,70.0,0,0,80:02:9C:61:97:4B,11,53,656.7,80:02:9C:61:97:4A,2,0,NONE,2026-08-19T16:20:03.812943
45917,,-89,8,0,1742,65416,43376,180357,0,68,10,0,0,14:33:5C:6D:AF:58,0,0,ARMED,70.0,0,1,80:02:9C:61:97:4B,11,17,315.6,80:02:9C:61:97:4A,2,0,NONE,2026-08-19T16:20:03.989943
45917,,40,40,0,817,65416,43376,180536,0,68,10,0,0,14:33:5C:6D:AF:58,1,0,ARMED,70.0,0,0,80:02:9C:61:97:4B,11,6,350.8,80:02:9C:61:97:4A,2,0,NONE,2026-08-19T16:20:04.168943
45917,,40,40,0,2904,65416,43376,180735,0,68,10,0,0,14:33:5C:6D:AF:58,0,0,ARMED,70.0,0,1,80:02:9C:61:97:4B,11,2,172.2,80:02:9C:61:97:4A,2,0,NONE,2026-08-19T16:20:04.367943
45917,BEACON,-96,1,0,2797,65416,43376,180858,0,68,10,0,0,14:33:5C:6D:AF:58,0,0,ARMED,70.0,0,1,80:02:9C:61:97:4B,11,25,727.2,80:02:9C:61:97:4A,2,0,NONE,2026-08-19T16:20:04.490943
45917,,40,40,0,2799,65416,43376,181074,0,68,10,0,0,14:33:5C:6D:AF:58,1,0,ARMED,70.0,0,0,80:02:9C:61:97:4B,11,14,324.6,80:02:9C:61:97:4A,2,0,NONE,2026-08-19T16:20:04.706943
45917,,40,40,0,1396,65368,43376,181286,0,68,10,0,0,14:33:5C:6D:AF:58,1,0,ARMED,70.0,0,0,80:02:9C:61:97:4B,11,14,276.9,80:02:9C:61:97:4A,2,0,NONE,2026-08-19T16:20:04.918943
45917,BEACON,-66,31,0,635,65416,43376,181463,0,68,10,0,0,14:33:5C:6D:AF:58,0,0,ARMED,70.0,0,1,80:02:9C:61:97:4B,11,6,258.6,80:02:9C:61:97:4A,2,0,NONE,2026-08-19T16:20:05.095943
45917,,66,66,0,828,65416,43376,181661,0,68,10,0,0,14:33:5C:6D:AF:58,0,0,ARMED,70.0,0,0,80:02:9C:61:97:4B,11,6,363.2,80:02:9C:61:97:4A,2,0,NONE,2026-08-19T16:20:05.293943
45917,,25,25,0,2915,65416,43376,181853,0,68,10,0,0,14:33:5C:6D:AF:58,1,0,ARMED,70.0,0,0,80:02:9C:61:97:4B,11,2,683.3,80:02:9C:61:97:4A,2,0,NONE,2026-08-19T16:20:05.485943
45917,,40,40,0,2807,65416,43376,181942,0,68,10,0,0,14:33:5C:6D:AF:58,1,0,ARMED,70.0,0,0,80:02:9C:61:97:4B,11,52,560.8,80:02:9C:61:97:4A,2,0,NONE,2026-08-19T16:20:05.574943
45917,,-68,29,8237,3657,65416,43376,182162,0,68,10,0,0,14:33:5C:6D:AF:58,0,0,ARMED,70.0,0,1,80:02:9C:61:97:4B,11,1,184.3,80:02:9C:61:97:4A,2,0,NONE,2026-08-19T16:20:05.794943
45917,,24,24,0,2894,65416,43376,182317,0,68,10,0,0,14:33:5C:6D:AF:58,0,1,ARMED,70.0,0,0,80:02:9C:61:97:4B,11,14,244.5,80:02:9C:61:97:4A,2,0,NONE,2026-08-19T16:20:05.949943
45917,BEACON,-97,0,0,3410,65416,43376,182538,0,68,10,0,0,14:33:5C:6D:AF:58,0,0,ARMED,70.0,0,1,80:02:9C:61:97:4B,11,17,231.3,80:02:9C:61:97:4A,2,0,NONE,2026-08-19T16:20:06.170943
45917,BEACON,-94,3,0,608,65416,43376,182697,0,68,10,0,0,14:33:5C:6D:AF:58,0,1,ARMED,70.0,0,0,80:02:9C:61:97:4B,11,8,285.5,80:02:9C:61:97:4A,2,0,NONE,2026-08-19T16:20:06.329943
45917,,-56,41,0,163,65416,43376,182868,0,68,10,0,0,14:33:5C:6D:AF:58,0,0,ARMED,70.0,0,0,80:02:9C:61:97:4B,11,34,352.5,80:02:9C:61:97:4A,2,0,NONE,2026-08-19T16:20:06.500943
45917,BEACON,-83,14,0,2926,65416,43376,182976,0,68,10,0,0,14:33:5C:6D:AF:58,0,1,ARMED,70.0,0,1,80:02:9C:61:97:4B,11,49,530.8,80:02:9C:61:97:4A,2,0,NONE,2026-08-19T16:20:06.608943
45917,,48,48,0,2928,65416,43376,183183,0,68,10,0,0,14:33:5C:6D:AF:58,0,0,ARMED,70.0,0,0,80:02:9C:61:97:4B,11,24,268.0,80:02:9C:61:97:4A,2,0,NONE,2026-08-19T16:20:06.815943
45917,,39,39,0,174,65416,43376,183290,0,68,10,0,0,14:33:5C:6D:AF:58,0,0,ARMED,70.0,0,1,80:02:9C:61:97:4B,11,49,538.5,80:02:9C:61:97:4A,2,0,NONE,2026-08-19T16:20:06.922943
45917,,40,40,0,2931,65416,43376,183490,0,68,10,0,0,14:33:5C:6D:AF:58,0,1,ARMED,70.0,0,0,80:02:9C:61:97:4B,11,17,189.1,80:02:9C:61:97:4A,2,0,NONE,2026-08-19T16:20:07.122943
45917,,23,23,0,1040,65416,43376,183675,0,68,10,0,0,14:33:5C:6D:AF:58,0,1,ARMED,70.0,0,0,80:02:9C:61:97:4B,11,16,247.5,80:02:9C:61:97:4A,2,0,NONE,2026-08-19T16:20:07.307943
45917,,23,23,0,2909,65416,43376,183867,0,68,10,0,0,14:33:5C:6D:AF:58,0,0,ARMED,70.0,0,0,80:02:9C:61:97:4B,11,9,187.3,80:02:9C:61:97:4A,2,0,NONE,2026-08-19T16:20:07.499943
45917,,39,39,0,621,65416,43376,184035,0,68,10,0,0,14:33:5C:6D:AF:58,0,0,ARMED,70.0,0,0,80:02:9C:61:97:4B,11,3,252.3,80:02:9C:61:97:4A,2,0,NONE,2026-08-19T16:20:07.667943
45917,,40,40,0,853,65416,43376,184220,0,68,10,0,0,14:33:5C:6D:AF:58,0,1,ARMED,70.0,0,0,80:02:9C:61:97:4B,11,22,226.8,80:02:9C:61:97:4A,2,0,NONE,2026-08-19T16:20:07.852943
45917,MGMT_OTHER,-90,7,0,2853,65416,43376,184482,0,68,10,0,0,14:33:5C:6D:AF:58,0,0,ARMED,70.0,0,0,80:02:9C:61:97:4B,11,7,194.5,80:02:9C:61:97:4A,2,0,NONE,2026-08-19T16:20:08.114943
45917,,23,23,0,3431,65416,43376,184702,0,68,10,0,0,14:33:5C:6D:AF:58,0,0,ARMED,70.0,0,0,80:02:9C:61:97:4B,11,8,152.9,80:02:9C:61:97:4A,2,0,NONE,2026-08-19T16:20:08.334943
45917,,40,40,0,2837,65416,43376,184970,0,68,10,0,0,14:33:5C:6D:AF:58,0,0,ARMED,70.0,0,0,80:02:9C:61:97:4B,11,19,178.5,80:02:9C:61:97:4A,2,0,NONE,2026-08-19T16:20:08.602943
45917,,40,40,0,2839,65416,43376,185200,0,68,10,0,0,14:33:5C:6D:AF:58,0,0,ARMED,70.0,0,0,80:02:9C:61:97:4B,11,6,353.0,80:02:9C:61:97:4A,2,0,NONE,2026-08-19T16:20:08.832943
45917,,-67,30,1408,3713,62192,43376,185436,0,68,10,0,0,14:33:5C:6D:AF:58,0,0,ARMED,70.0,0,0,80:02:9C:61:97:4B,11,14,271.1,80:02:9C:61:97:4A,2,0,NONE,2026-08-19T16:20:09.068943
45917,,40,40,0,2928,65416,43376,185591,0,68,10,0,0,14:33:5C:6D:AF:58,1,0,ARMED,70.0,0,0,80:02:9C:61:97:4B,11,1,584.8,80:02:9C:61:97:4A,2,0,NONE,2026-08-19T16:20:09.223943
45917,,-56,41,1066,208,65416,43376,185676,0,68,10,0,0,14:33:5C:6D:AF:58,1,0,ARMED,70.0,0,0,80:02:9C:61:97:4B,11,51,586.4,80:02:9C:61:97:4A,2,0,NONE,2026-08-19T16:20:09.308943
45917,BEACON,-94,3,9185,2846,65416,43376,185876,0,68,10,0,0,14:33:5C:6D:AF:58,0,1,ARMED,70.0,0,1,80:02:9C:61:97:4B,11,16,207.7,80:02:9C:61:97:4A,2,0,NONE,2026-08-19T16:20:09.508943
45917,,47,47,0,688,65416,43376,186072,0,68,10,0,0,14:33:5C:6D:AF:58,1,1,ARMED,70.0,0,0,80:02:9C:61:97:4B,11,23,372.9,80:02:9C:61:97:4A,2,0,NONE,2026-08-19T16:20:09.704943
45917,,-48,49,238,3657,65416,43376,186253,0,68,10,0,0,14:33:5C:6D:AF:58,0,0,ARMED,70.0,0,0,80:02:9C:61:97:4B,11,8,195.3,80:02:9C:61:97:4A,2,0,NONE,2026-08-19T16:20:09.885943
45917,,39,39,0,3381,65416,43376,186336,0,68,10,0,0,14:33:5C:6D:AF:58,1,1,ARMED,70.0,0,0,80:02:9C:61:97:4B,11,14,660.7,80:02:9C:61:97:4A,2,0,NONE,2026-08-19T16:20:09.968943
45917,,39,39,0,177,65416,43376,186393,0,68,10,0,0,14:33:5C:6D:AF:58,1,1,ARMED,70.0,0,0,80:02:9C:61:97:4B,11,64,817.7,80:02:9C:61:97:4A,2,0,NONE,2026-08-19T16:20:10.025943
45917,,39,39,0,695,65416,43376,186636,0,68,10,0,0,14:33:5C:6D:AF:58,0,0,ARMED,70.0,0,0,80:02:9C:61:97:4B,11,3,202.7,80:02:9C:61:97:4A,2,0,NONE,2026-08-19T16:20:10.268943
45917,,25,25,0,696,65416,43376,186717,0,68,10,0,0,14:33:5C:6D:AF:58,0,0,ARMED,70.0,0,0,80:02:9C:61:97:4B,11,53,551.5,80:02:9C:61:97:4A,2,0,NONE,2026-08-19T16:20:10.349943
45917,,39,39,0,2941,65416,43376,186943,0,68,10,0,0,14:33:5C:6D:AF:58,0,0,ARMED,70.0,0,0,80:02:9C:61:97:4B,11,2,662.9,80:02:9C:61:97:4A,2,0,NONE,2026-08-19T16:20:10.575943
45917,,25,25,0,2858,65416,43376,187122,0,68,10,0,0,14:33:5C:6D:AF:58,1,1,ARMED,70.0,0,0,80:02:9C:61:97:4B,11,19,246.8,80:02:9C:61:97:4A,2,0,NONE,2026-08-19T16:20:10.754943
45917,,47,47,0,2860,65416,43376,187341,0,68,10,0,0,14:33:5C:6D:AF:58,0,0,ARMED,70.0,0,0,80:02:9C:61:97:4B,11,23,273.0,80:02:9C:61:97:4A,2,0,NONE,2026-08-19T16:20:10.973943
45917,,46,46,0,1023,65416,43376,187533,0,68,10,0,0,14:33:5C:6D:AF:58,0,0,ARMED,70.0,0,1,80:02:9C:61:97:4B,11,20,277.5,80:02:9C:61:97:4A,2,0,NONE,2026-08-19T16:20:11.165943
45917,MGMT_OTHER,-87,10,0,1849,65416,43376,187640,0,68,10,0,0,14:33:5C:6D:AF:58,0,1,ARMED,70.0,0,1,80:02:9C:61:97:4B,11,42,604.1,80:02:9C:61:97:4A,2,0,NONE,2026-08-19T16:20:11.272943
45917,MGMT_OTHER,-91,6,1677,3053,65416,43376,187680,0,68,10,0,0,14:33:5C:6D:AF:58,1,1,ARMED,70.0,0,1,80:02:9C:61:97:4B,11,7,781.1,80:02:9C:61:97:4A,2,0,NONE,2026-08-19T16:20:11.312943
45917,,40,40,0,3988,65416,43376,187741,0,68,10,0,0,14:33:5C:6D:AF:58,1,1,ARMED,70.0,0,0,80:02:9C:61:97:4B,11,57,808.6,80:02:9C:61:97:4A,2,0,NONE,2026-08-19T16:20:11.373943
45917,,21,21,0,659,65416,43376,187924,0,68,10,0,0,14:33:5C:6D:AF:58,1,0,ARMED,70.0,0,0,80:02:9C:61:97:4B,11,15,343.3,80:02:9C:61:97:4A,2,0,NONE,2026-08-19T16:20:11.556943
45917,,-89,8,0,139,65416,43376,188092,0,68,10,0,0,14:33:5C:6D:AF:58,0,1,ARMED,70.0,0,1,80:02:9C:61:97:4B,11,2,270.2,80:02:9C:61:97:4A,2,0,NONE,2026-08-19T16:20:11.724943
45917,,39,39,0,2954,65416,43376,188270,0,68,10,0,0,14:33:5C:6D:AF:58,0,0,ARMED,70.0,0,0,80:02:9C:61:97:4B,11,26,307.1,80:02:9C:61:97:4A,2,0,NONE,2026-08-19T16:20:11.902943
45917,,-73,24,0,4095,65416,43376,188432,0,68,10,0,0,14:33:5C:6D:AF:58,1,1,ARMED,70.0,0,1,80:02:9C:61:97:4B,11,9,214.2,80:02:9C:61:97:4A,2,0,NONE,2026-08-19T16:20:12.064943
45917,,22,22,0,3469,65416,43376,188603,0,68,10,0,0,14:33:5C:6D:AF:58,0,0,ARMED,70.0,0,0,80:02:9C:61:97:4B,11,3,230.5,80:02:9C:61:97:4A,2,0,NONE,2026-08-19T16:20:12.235943
45917,,47,47,0,897,65416,43376,188725,0,68,10,0,0,14:33:5C:6D:AF:58,0,1,ARMED,70.0,0,0,80:02:9C:61:97:4B,11,19,573.4,80:02:9C:61:97:4A,2,0,NONE,2026-08-19T16:20:12.357943
45917,,39,39,0,2875,65416,43376,188886,0,68,10,0,0,14:33:5C:6D:AF:58,1,1,ARMED,70.0,0,0,80:02:9C:61:97:4B,11,32,356.4,80:02:9C:61:97:4A,2,0,NONE,2026-08-19T16:20:12.518943
45917,,-66,31,0,3790,65416,43376,189007,0,68,10,0,0,14:33:5C:6D:AF:58,1,1,ARMED,70.0,0,0,80:02:9C:61:97:4B,11,49,509.5,80:02:9C:61:97:4A,2,0,NONE,2026-08-19T16:20:12.639943
45917,BEACON,-80,17,0,902,65416,43376,189237,0,68,10,0,0,14:33:5C:6D:AF:58,0,0,ARMED,70.0,0,1,80:02:9C:61:97:4B,11,2,134.4,80:02:9C:61:97:4A,2,0,NONE,2026-08-19T16:20:12.869943
45917,,-91,6,0,2420,65416,43376,189421,0,68,10,0,0,14:33:5C:6D:AF:58,0,0,ARMED,70.0,0,1,80:02:9C:61:97:4B,11,25,260.2,80:02:9C:61:97:4A,2,0,NONE,2026-08-19T16:20:13.053943
45917,,39,39,0,2991,65416,43376,189640,0,68,10,0,0,14:33:5C:6D:AF:58,0,0,ARMED,70.0,0,0,80:02:9C:61:97:4B,11,5,617.9,80:02:9C:61:97:4A,2,0,NONE,2026-08-19T16:20:13.272943
45917,,-56,41,0,258,65416,43376,189854,0,68,10,0,0,14:33:5C:6D:AF:58,1,0,ARMED,70.0,0,0,80:02:9C:61:97:4B,11,10,486.2,80:02:9C:61:97:4A,2,0,NONE,2026-08-19T16:20:13.486943
45917,,-67,30,291,3825,65416,43376,189909,0,68,10,0,0,14:33:5C:6D:AF:58,1,0,ARMED,70.0,0,0,80:02:9C:61:97:4B,11,60,802.9,80:02:9C:61:97:4A,2,0,NONE,2026-08-19T16:20:13.541943
45917,BEACON,-96,1,0,1436,65416,43376,190115,0,68,10,0,0,14:33:5C:6D:AF:58,0,0,ARMED,70.0,0,1,80:02:9C:61:97:4B,11,20,250.9,80:02:9C:61:97:4A,2,0,NONE,2026-08-19T16:20:13.747943
45917,,40,40,0,2998,65416,43376,190350,0,68,10,0,0,14:33:5C:6D:AF:58,0,0,ARMED,70.0,0,0,80:02:9C:61:97:4B,11,3,300.6,80:02:9C:61:97:4A,2,0,NONE,2026-08-19T16:20:13.982943
45917,,39,39,0,1023,65416,43376,190500,0,68,10,0,0,14:33:5C:6D:AF:58,0,1,ARMED,70.0,0,0,80:02:9C:61:97:4B,11,21,351.5,80:02:9C:61:97:4A,2,0,NONE,2026-08-19T16:20:14.132943
45917,,21,21,0,1023,65416,43376,190656,0,68,10,0,0,14:33:5C:6D:AF:58,0,1,ARMED,70.0,0,0,80:02:9C:61:97:4B,11,6,575.9,80:02:9C:61:97:4A,2,0,NONE,2026-08-19T16:20:14.288943
45917,,19,19,0,3003,65416,43376,190864,0,68,10,0,0,14:33:5C:6D:AF:58,0,0,ARMED,70.0,0,0,80:02:9C:61:97:4B,11,4,506.1,80:02:9C:61:97:4A,2,0,NONE,2026-08-19T16:20:14.496943
45917,BEACON,-66,31,0,743,65416,43376,191089,0,68,10,0,0,14:33:5C:6D:AF:58,0,0,ARMED,70.0,0,1,80:02:9C:61:97:4B,11,7,312.7,80:02:9C:61:97:4A,2,0,NONE,2026-08-19T16:20:14.721943
45917,,71,71,0,692,65416,43376,191311,0,68,10,0,0,14:33:5C:6D:AF:58,0,0,ARMED,70.0,0,0,80:02:9C:61:97:4B,11,10,249.3,80:02:9C:61:97:4A,2,0,NONE,2026-08-19T16:20:14.943943
45917,BEACON,-93,4,0,2901,65416,43376,191507,0,68,10,0,0,14:33:5C:6D:AF:58,0,0,ARMED,70.0,0,1,80:02:9C:61:97:4B,11,13,404.5,80:02:9C:61:97:4A,2,0,NONE,2026-08-19T16:20:15.139943
45917,,18,18,0,750,65416,43376,191704,0,68,10,0,0,14:33:5C:6D:AF:58,0,0,ARMED,70.0,0,0,80:02:9C:61:97:4B,11,8,351.8,80:02:9C:61:97:4A,2,0,NONE,2026-08-19T16:20:15.336943
45917,,20,20,0,182,65416,43376,191905,0,68,10,0,0,14:33:5C:6D:AF:58,0,0,ARMED,70.0,0,0,80:02:9C:61:97:4B,11,9,438.7,80:02:9C:61:97:4A,2,0,NONE,2026-08-19T16:20:15.537943
45917,,25,25,0,2907,65416,43376,192165,0,68,10,0,0,14:33:5C:6D:AF:58,0,0,ARMED,70.0,0,0,80:02:9C:61:97:4B,11,17,225.1,80:02:9C:61:97:4A,2,0,NONE,2026-08-19T16:20:15.797943
45917,BEACON,-80,17,0,932,65416,43376,192309,0,68,10,0,0,14:33:5C:6D:AF:58,0,0,ARMED,70.0,0,1,80:02:9C:61:97:4B,11,3,202.9,80:02:9C:61:97:4A,2,0,NONE,2026-08-19T16:20:15.941943
45917,BEACON,-67,30,0,758,65416,43376,192523,0,68,10,0,0,14:33:5C:6D:AF:58,0,0,ARMED,70.0,0,1,80:02:9C:61:97:4B,11,4,172.1,80:02:9C:61:97:4A,2,0,NONE,2026-08-19T16:20:16.155943
45917,,39,39,0,1023,65416,43376,192740,0,68,10,0,0,14:33:5C:6D:AF:58,0,0,ARMED,70.0,0,0,80:02:9C:61:97:4B,11,13,360.9,80:02:9C:61:97:4A,2,0,NONE,2026-08-19T16:20:16.372943
45917,,40,40,0,708,65416,43376,192937,0,68,10,0,0,14:33:5C:6D:AF:58,0,0,ARMED,70.0,0,0,80:02:9C:61:97:4B,11,6,212.4,80:02:9C:61:97:4A,2,0,NONE,2026-08-19T16:20:16.569943
45917,,25,25,0,2917,65416,43376,193146,0,68,10,0,0,14:33:5C:6D:AF:58,0,0,ARMED,70.0,0,0,80:02:9C:61:97:4B,11,10,306.6,80:02:9C:61:97:4A,2,0,NONE,2026-08-19T16:20:16.778943
45917,,22,22,0,941,65416,43376,193234,0,68,10,0,0,14:33:5C:6D:AF:58,0,1,ARMED,70.0,0,0,80:02:9C:61:97:4B,11,7,347.6,80:02:9C:61:97:4A,2,0,NONE,2026-08-19T16:20:16.866943
45917,,39,39,0,1023,65416,43376,193343,0,68,10,0,0,14:33:5C:6D:AF:58,0,1,ARMED,70.0,0,1,80:02:9C:61:97:4B,11,25,1017.7,80:02:9C:61:97:4A,2,0,NONE,2026-08-19T16:20:16.975943
45917,BEACON,-80,17,0,943,65416,43376,193436,0,68,10,0,0,14:33:5C:6D:AF:58,0,1,ARMED,70.0,0,1,80:02:9C:61:97:4B,11,7,530.0,80:02:9C:61:97:4A,2,0,NONE,2026-08-19T16:20:17.068943
45917,,-92,5,0,917,65416,43376,193612,0,68,10,0,0,14:33:5C:6D:AF:58,0,1,ARMED,70.0,0,1,80:02:9C:61:97:4B,11,26,293.9,80:02:9C:61:97:4A,2,0,NONE,2026-08-19T16:20:17.244943
45917,,39,39,0,1023,65416,43376,193788,0,68,10,0,0,14:33:5C:6D:AF:58,0,0,ARMED,70.0,0,0,80:02:9C:61:97:4B,11,25,416.5,80:02:9C:61:97:4A,2,0,NONE,2026-08-19T16:20:17.420943
45917,BEACON,-95,2,0,2925,65416,43376,193965,0,68,10,0,0,14:33:5C:6D:AF:58,1,0,ARMED,70.0,0,1,80:02:9C:61:97:4B,11,14,430.8,80:02:9C:61:97:4A,2,0,NONE,2026-08-19T16:20:17.597943
45917,,40,40,0,0,65416,43376,194210,0,68,10,0,0,14:33:5C:6D:AF:58,0,0,ARMED,70.0,0,0,80:02:9C:61:97:4B,11,13,178.9,80:02:9C:61:97:4A,2,0,NONE,2026-08-19T16:20:17.842943
45917,,24,24,0,779,65416,43376,194469,0,68,10,0,0,14:33:5C:6D:AF:58,0,0,ARMED,70.0,0,0,80:02:9C:61:97:4B,11,4,164.4,80:02:9C:61:97:4A,2,0,NONE,2026-08-19T16:20:18.101943
45917,,39,39,0,955,65416,43376,194666,0,68,10,0,0,14:33:5C:6D:AF:58,0,0,ARMED,70.0,0,0,80:02:9C:61:97:4B,11,6,376.4,80:02:9C:61:97:4A,2,0,NONE,2026-08-19T16:20:18.298943
45917,,24,24,0,2934,65416,43376,194891,0,68,10,0,0,14:33:5C:6D:AF:58,1,0,ARMED,70.0,0,0,80:02:9C:61:97:4B,11,11,302.6,80:02:9C:61:97:4A,2,0,NONE,2026-08-19T16:20:18.523943
45917,,40,40,0,786,65416,43376,195200,0,68,10,0,0,14:33:5C:6D:AF:58,0,0,ARMED,70.0,0,1,80:02:9C:61:97:4B,11,7,180.7,80:02:9C:61:97:4A,2,0,NONE,2026-08-19T16:20:18.832943
45917,,-66,31,0,3893,65416,43376,195339,0,68,10,0,0,14:33:5C:6D:AF:58,0,0,ARMED,70.0,0,1,80:02:9C:61:97:4B,11,39,518.2,80:02:9C:61:97:4A,2,0,NONE,2026-08-19T16:20:18.971943
45917,,25,25,0,789,65416,43376,195493,0,68,10,0,0,14:33:5C:6D:AF:58,0,1,ARMED,70.0,0,0,80:02:9C:61:97:4B,11,6,245.5,80:02:9C:61:97:4A,2,0,NONE,2026-08-19T16:20:19.125943
45917,,40,40,0,3030,65416,43376,195750,0,68,10,0,0,14:33:5C:6D:AF:58,0,0,ARMED,70.0,0,0,80:02:9C:61:97:4B,11,15,196.1,80:02:9C:61:97:4A,2,0,NONE,2026-08-19T16:20:19.382943
45917,,24,24,0,794,65416,43376,195933,0,68,10,0,0,14:33:5C:6D:AF:58,0,1,ARMED,70.0,0,0,80:02:9C:61:97:4B,11,15,274.2,80:02:9C:61:97:4A,2,0,NONE,2026-08-19T16:20:19.565943
45917,,66,66,0,3034,65416,43376,196155,0,68,10,0,0,14:33:5C:6D:AF:58,0,0,ARMED,70.0,0,0,80:02:9C:61:97:4B,11,21,297.8,80:02:9C:61:97:4A,2,0,NONE,2026-08-19T16:20:19.787943
45917,BEACON,-82,15,0,3057,65416,43376,196391,0,68,10,0,0,14:33:5C:6D:AF:58,0,0,ARMED,70.0,0,1,80:02:9C:61:97:4B,11,23,224.5,80:02:9C:61:97:4A,2,0,NONE,2026-08-19T16:20:20.023943
45917,,41,41,0,1023,65416,43376,196540,0,68,10,0,0,14:33:5C:6D:AF:58,0,1,ARMED,70.0,0,0,80:02:9C:61:97:4B,11,16,337.3,80:02:9C:61:97:4A,2,0,NONE,2026-08-19T16:20:20.172943
45917,,-55,42,0,353,65416,43376,196709,0,68,10,0,0,14:33:5C:6D:AF:58,1,0,ARMED,70.0,0,0,80:02:9C:61:97:4B,11,21,1877.3,80:02:9C:61:97:4A,2,0,NONE,2026-08-19T16:20:20.341943
45917,BEACON,-64,33,0,803,65416,43376,196823,0,68,10,0,0,14:33:5C:6D:AF:58,0,1,ARMED,70.0,0,1,80:02:9C:61:97:4B,11,5,214.8,80:02:9C:61:97:4A,2,0,NONE,2026-08-19T16:20:20.455943
45917,,40,40,0,2955,65416,43376,197041,0,68,10,0,0,14:33:5C:6D:AF:58,0,0,ARMED,70.0,0,0,80:02:9C:61:97:4B,11,9,261.3,80:02:9C:61:97:4A,2,0,NONE,2026-08-19T16:20:20.673943
45917,BEACON,-79,18,0,980,65416,43376,197224,0,68,10,0,0,14:33:5C:6D:AF:58,0,0,ARMED,70.0,0,1,80:02:9C:61:97:4B,11,3,203.5,80:02:9C:61:97:4A,2,0,NONE,2026-08-19T16:20:20.856943
45917,,-46,51,0,3684,65416,43376,197348,0,68,10,0,0,14:33:5C:6D:AF:58,0,1,ARMED,70.0,0,1,80:02:9C:61:97:4B,11,10,274.5,80:02:9C:61:97:4A,2,0,NONE,2026-08-19T16:20:20.980943
45917,BEACON,-62,35,0,812,65416,43376,197643,0,68,10,0,0,14:33:5C:6D:AF:58,0,0,ARMED,70.0,0,1,80:02:9C:61:97:4B,11,5,214.7,80:02:9C:61:97:4A,2,0,NONE,2026-08-19T16:20:21.275943
45917,,-89,8,0,1062,65416,43376,197899,0,68,10,0,0,14:33:5C:6D:AF:58,0,0,ARMED,70.0,0,1,80:02:9C:61:97:4B,11,19,253.4,80:02:9C:61:97:4A,2,0,NONE,2026-08-19T16:20:21.531943
45917,,-56,41,0,369,65416,43376,197977,0,68,10,0,0,14:33:5C:6D:AF:58,1,1,ARMED,70.0,0,0,80:02:9C:61:97:4B,11,45,888.2,80:02:9C:61:97:4A,2,0,NONE,2026-08-19T16:20:21.609943
45917,,-89,8,0,2649,65416,43376,198105,0,68,10,0,0,14:33:5C:6D:AF:58,1,1,ARMED,70.0,0,1,80:02:9C:61:97:4B,11,11,145.2,80:02:9C:61:97:4A,2,0,NONE,2026-08-19T16:20:21.737943
45917,,43,43,0,2967,65416,43376,198283,0,68,10,0,0,14:33:5C:6D:AF:58,0,1,ARMED,70.0,0,0,80:02:9C:61:97:4B,11,13,264.3,80:02:9C:61:97:4A,2,0,NONE,2026-08-19T16:20:21.915943
45917,BEACON,-85,12,0,3078,65416,43376,198541,0,68,10,0,0,14:33:5C:6D:AF:58,0,0,ARMED,70.0,0,1,80:02:9C:61:97:4B,11,14,138.8,80:02:9C:61:97:4A,2,0,NONE,2026-08-19T16:20:22.173943
45917,BEACON,-94,3,0,2972,65416,43376,198778,0,68,10,0,0,14:33:5C:6D:AF:58,0,0,ARMED,70.0,0,1,80:02:9C:61:97:4B,11,9,274.7,80:02:9C:61:97:4A,2,0,NONE,2026-08-19T16:20:22.410943
45917,,22,22,0,3062,65416,43376,199012,0,68,10,0,0,14:33:5C:6D:AF:58,0,0,ARMED,70.0,0,0,80:02:9C:61:97:4B,11,14,226.1,80:02:9C:61:97:4A,2,0,NONE,2026-08-19T16:20:22.644943
