pen,subtype,rssi,snr,ipat,seq,heap,minheap,uptime,reconn,qpeak,udpfail,backlog,dropped,host_mac,pred_attack,pred_raw,calib,calib_thr,deauth_tgt,seq_jump,ap_bssid,channel,win_pkts,win_dens,gw_mac,gw_flip,label,attack_type,timestamp
45917,BEACON,-89,8,0,1456,65384,29260,2849857,0,99,7,0,0,14:33:5C:6D:AF:58,0,0,ARMED,448.0,0,0,80:02:9C:61:97:4B,1,4,113.0,80:02:9C:61:97:4A,4,0,NONE,2026-08-24T15:56:40.123177
45917,,-90,7,3194,1900,65384,29260,2850230,0,99,7,0,0,14:33:5C:6D:AF:58,0,0,ARMED,448.0,0,1,80:02:9C:61:97:4B,1,1,1000.0,80:02:9C:61:97:4A,4,0,NONE,2026-08-24T15:56:40.496177
45917,,52,52,0,1715,65384,29260,2850537,0,99,7,0,0,14:33:5C:6D:AF:58,0,0,ARMED,448.0,0,0,80:02:9C:61:97:4B,1,2,2000.0,80:02:9C:61:97:4A,4,0,NONE,2026-08-24T15:56:40.803001
45917,,51,51,0,1023,65384,29260,2850726,0,99,7,0,0,14:33:5C:6D:AF:58,0,0,ARMED,448.0,0,0,80:02:9C:61:97:4B,1,27,312.0,80:02:9C:61:97:4A,4,0,NONE,2026-08-24T15:56:40.992001
45917,,-46,51,0,4,65384,29260,2850881,0,99,7,0,0,14:33:5C:6D:AF:58,0,0,ARMED,448.0,0,0,80:02:9C:61:97:4B,1,20,537.2,80:02:9C:61:97:4A,4,0,NONE,2026-08-24T15:56:41.147001
45917,BEACON,-91,6,0,1411,65384,29260,2850979,0,99,7,0,0,14:33:5C:6D:AF:58,0,1,ARMED,448.0,0,1,80:02:9C:61:97:4B,1,23,695.5,80:02:9C:61:97:4A,4,0,NONE,2026-08-24T15:56:41.245001
45917,,-89,8,19460,1816,65384,29260,2851140,0,99,7,0,0,14:33:5C:6D:AF:58,0,1,ARMED,448.0,0,1,80:02:9C:61:97:4B,1,23,253.4,80:02:9C:61:97:4A,4,0,NONE,2026-08-24T15:56:41.405823
45917,,-58,39,8166,2319,65384,29260,2851438,0,99,7,0,0,14:33:5C:6D:AF:58,0,0,ARMED,448.0,0,1,80:02:9C:61:97:4B,1,11,148.0,80:02:9C:61:97:4A,4,0,NONE,2026-08-24T15:56:41.703823
45917,,-58,39,8166,2319,65384,29260,2851438,0,99,7,0,0,14:33:5C:6D:AF:58,0,0,ARMED,448.0,0,1,80:02:9C:61:97:4B,1,11,148.0,80:02:9C:61:97:4A,4,0,NONE,2026-08-24T15:56:41.703823
45917,,-86,11,7612,3288,65384,29260,2851760,0,99,7,0,0,14:33:5C:6D:AF:58,0,0,ARMED,448.0,0,1,80:02:9C:61:97:4B,1,8,111.1,80:02:9C:61:97:4A,4,0,NONE,2026-08-24T15:56:42.025823
45917,,-85,12,7675,3786,65384,29260,2851962,0,99,7,0,0,14:33:5C:6D:AF:58,0,0,ARMED,448.0,0,1,80:02:9C:61:97:4B,1,14,226.0,80:02:9C:61:97:4A,4,0,NONE,2026-08-24T15:56:42.227823
45917,,-61,36,532,2880,65384,29260,2852076,0,99,7,0,0,14:33:5C:6D:AF:58,0,0,ARMED,448.0,0,0,80:02:9C:61:97:4B,1,38,519.7,80:02:9C:61:97:4A,4,0,NONE,2026-08-24T15:56:42.341823
45917,,-60,37,288,476,65384,29260,2852214,0,99,7,0,0,14:33:5C:6D:AF:58,0,0,ARMED,448.0,0,0,80:02:9C:61:97:4B,1,4,3308.5,80:02:9C:61:97:4A,4,0,NONE,2026-08-24T15:56:42.479823
45917,,-60,37,377,503,65384,29260,2852289,0,99,7,0,0,14:33:5C:6D:AF:58,0,0,ARMED,448.0,0,0,80:02:9C:61:97:4B,1,54,713.9,80:02:9C:61:97:4A,4,0,NONE,2026-08-24T15:56:42.554823
45917,,33,33,0,1023,65384,29260,2852535,0,99,7,0,0,14:33:5C:6D:AF:58,0,0,ARMED,448.0,0,0,80:02:9C:61:97:4B,1,18,218.1,80:02:9C:61:97:4A,4,0,NONE,2026-08-24T15:56:42.800823
45917,BEACON,-92,5,1839,3363,65384,29260,2852797,0,99,7,0,0,14:33:5C:6D:AF:58,0,0,ARMED,448.0,0,1,80:02:9C:61:97:4B,1,8,186.8,80:02:9C:61:97:4A,4,0,NONE,2026-08-24T15:56:43.062823
45917,BEACON,-84,13,0,355,65384,29260,2853184,0,99,7,0,0,14:33:5C:6D:AF:58,0,0,ARMED,448.0,0,1,80:02:9C:61:97:4B,1,13,122.3,80:02:9C:61:97:4A,4,0,NONE,2026-08-24T15:56:43.449823
45917,BEACON,-90,7,0,3371,65384,29260,2853616,0,99,7,0,0,14:33:5C:6D:AF:58,0,0,ARMED,448.0,0,1,80:02:9C:61:97:4B,1,2,124.4,80:02:9C:61:97:4A,4,0,NONE,2026-08-24T15:56:43.881823
45917,BEACON,-60,37,64,1764,65384,29260,2854018,0,99,7,0,0,14:33:5C:6D:AF:58,0,0,ARMED,448.0,0,1,80:02:9C:61:97:4B,1,1,440.3,80:02:9C:61:97:4A,4,0,NONE,2026-08-24T15:56:44.283823
45917,BEACON,-90,7,0,1445,65384,29260,2854461,0,99,7,0,0,14:33:5C:6D:AF:58,0,0,ARMED,448.0,0,1,80:02:9C:61:97:4B,1,4,120.8,80:02:9C:61:97:4A,4,0,NONE,2026-08-24T15:56:44.726823
45917,,37,37,0,1773,65384,29260,2854744,0,99,7,0,0,14:33:5C:6D:AF:58,0,0,ARMED,448.0,0,1,80:02:9C:61:97:4B,1,2,222.6,80:02:9C:61:97:4A,4,0,NONE,2026-08-24T15:56:45.009823
45917,,39,39,0,1023,65384,29260,2854907,0,99,7,0,0,14:33:5C:6D:AF:58,0,1,ARMED,448.0,0,1,80:02:9C:61:97:4B,1,15,215.0,80:02:9C:61:97:4A,4,0,NONE,2026-08-24T15:56:45.172823
45917,,40,40,0,1346,65384,29260,2854969,0,99,7,0,0,14:33:5C:6D:AF:58,0,1,ARMED,448.0,0,0,80:02:9C:61:97:4B,1,34,1246.9,80:02:9C:61:97:4A,4,0,NONE,2026-08-24T15:56:45.234823
45917,,-55,42,0,391,65384,29260,2855097,0,99,7,0,0,14:33:5C:6D:AF:58,0,1,ARMED,448.0,0,0,80:02:9C:61:97:4B,1,25,456.8,80:02:9C:61:97:4A,4,0,NONE,2026-08-24T15:56:45.362823
45917,,48,48,0,1023,65384,29260,2855210,0,99,7,0,0,14:33:5C:6D:AF:58,0,1,ARMED,448.0,0,0,80:02:9C:61:97:4B,1,28,416.5,80:02:9C:61:97:4A,4,0,NONE,2026-08-24T15:56:45.475753
45917,,46,46,0,1023,65384,29260,2855327,0,99,7,0,0,14:33:5C:6D:AF:58,0,1,ARMED,448.0,0,0,80:02:9C:61:97:4B,1,40,499.6,80:02:9C:61:97:4A,4,0,NONE,2026-08-24T15:56:45.592753
45917,,32,32,0,1023,65384,29260,2855464,0,99,7,0,0,14:33:5C:6D:AF:58,0,1,ARMED,448.0,0,0,80:02:9C:61:97:4B,1,3,587.8,80:02:9C:61:97:4A,4,0,NONE,2026-08-24T15:56:45.729753
45917,,52,52,0,2941,65384,29260,2855570,0,99,7,0,0,14:33:5C:6D:AF:58,0,1,ARMED,448.0,0,0,80:02:9C:61:97:4B,1,20,2481.1,80:02:9C:61:97:4A,4,0,NONE,2026-08-24T15:56:45.835753
45917,,52,52,0,1783,65384,29260,2855647,0,99,7,0,0,14:33:5C:6D:AF:58,0,1,ARMED,448.0,0,0,80:02:9C:61:97:4B,1,70,819.6,80:02:9C:61:97:4A,4,0,NONE,2026-08-24T15:56:45.912753
45917,,52,52,0,1023,65384,29260,2855755,0,99,7,0,0,14:33:5C:6D:AF:58,1,1,ARMED,448.0,0,0,80:02:9C:61:97:4B,1,42,574.5,80:02:9C:61:97:4A,4,0,NONE,2026-08-24T15:56:46.020753
45917,,56,56,0,1023,65384,29260,2855816,0,99,7,0,0,14:33:5C:6D:AF:58,1,1,ARMED,448.0,0,0,80:02:9C:61:97:4B,1,40,1234.4,80:02:9C:61:97:4A,4,0,NONE,2026-08-24T15:56:46.081753
45917,,46,46,0,1023,65384,29260,2855958,0,99,7,0,0,14:33:5C:6D:AF:58,1,1,ARMED,448.0,0,1,80:02:9C:61:97:4B,1,15,213.2,80:02:9C:61:97:4A,4,0,NONE,2026-08-24T15:56:46.223753
45917,,-48,49,13424,2432,65384,29260,2856201,0,99,7,0,0,14:33:5C:6D:AF:58,0,0,ARMED,448.0,0,1,80:02:9C:61:97:4B,1,20,195.6,80:02:9C:61:97:4A,4,0,NONE,2026-08-24T15:56:46.466753
45917,BEACON,-93,4,0,1467,65384,29260,2856713,0,99,7,0,0,14:33:5C:6D:AF:58,0,0,ARMED,448.0,0,1,80:02:9C:61:97:4B,1,6,58.6,80:02:9C:61:97:4A,4,0,NONE,2026-08-24T15:56:46.978753
45917,BEACON,-91,6,0,1528,65384,29260,2857233,0,99,7,0,0,14:33:5C:6D:AF:58,0,0,ARMED,448.0,0,0,80:02:9C:61:97:4B,1,1,130.9,80:02:9C:61:97:4A,4,0,NONE,2026-08-24T15:56:47.498753
45917,MGMT_OTHER,-85,12,0,2264,65384,29260,2857793,0,99,7,0,0,14:33:5C:6D:AF:58,0,0,ARMED,448.0,0,1,80:02:9C:61:97:4B,1,6,107.3,80:02:9C:61:97:4A,4,0,NONE,2026-08-24T15:56:48.058753
45917,BEACON,-91,6,0,1481,65384,29260,2858147,0,99,7,0,0,14:33:5C:6D:AF:58,0,0,ARMED,448.0,0,1,80:02:9C:61:97:4B,1,22,214.6,80:02:9C:61:97:4A,4,0,NONE,2026-08-24T15:56:48.412753
45917,,-70,27,235,2612,65384,29260,2858353,0,99,7,0,0,14:33:5C:6D:AF:58,0,1,ARMED,448.0,0,0,80:02:9C:61:97:4B,1,3,2659.6,80:02:9C:61:97:4A,4,0,NONE,2026-08-24T15:56:48.618753
45917,BEACON,-84,13,0,408,65384,29260,2858612,0,99,7,0,0,14:33:5C:6D:AF:58,0,0,ARMED,448.0,0,1,80:02:9C:61:97:4B,1,8,163.2,80:02:9C:61:97:4A,4,0,NONE,2026-08-24T15:56:48.877547
45917,,-85,12,0,1882,65384,29260,2858915,0,99,7,0,0,14:33:5C:6D:AF:58,0,0,ARMED,448.0,0,0,80:02:9C:61:97:4B,1,9,184.6,80:02:9C:61:97:4A,4,0,NONE,2026-08-24T15:56:49.180547
45917,,-63,34,34379,582,65384,29260,2859224,0,99,7,0,0,14:33:5C:6D:AF:58,0,0,ARMED,448.0,0,1,80:02:9C:61:97:4B,1,6,123.0,80:02:9C:61:97:4A,4,0,NONE,2026-08-24T15:56:49.489547
45917,,-63,34,0,610,65384,29260,2859287,0,99,7,0,0,14:33:5C:6D:AF:58,0,1,ARMED,448.0,0,0,80:02:9C:61:97:4B,1,8,872.2,80:02:9C:61:97:4A,4,0,NONE,2026-08-24T15:56:49.552547
45917,BEACON,-91,6,0,1498,65384,29260,2859888,0,99,7,0,0,14:33:5C:6D:AF:58,0,0,ARMED,448.0,0,1,80:02:9C:61:97:4B,1,6,108.7,80:02:9C:61:97:4A,4,0,NONE,2026-08-24T15:56:50.153547
45917,,-88,9,0,940,65384,29260,2860360,0,99,7,0,0,14:33:5C:6D:AF:58,0,0,ARMED,448.0,0,1,80:02:9C:61:97:4B,1,17,177.9,80:02:9C:61:97:4A,4,0,NONE,2026-08-24T15:56:50.625547
45917,BEACON,-86,11,0,427,65384,29260,2860557,0,99,7,0,0,14:33:5C:6D:AF:58,0,0,ARMED,448.0,0,1,80:02:9C:61:97:4B,1,26,323.7,80:02:9C:61:97:4A,4,0,NONE,2026-08-24T15:56:50.822547
45917,,-45,52,0,23,65384,29260,2860978,0,99,7,0,0,14:33:5C:6D:AF:58,0,0,ARMED,448.0,0,1,80:02:9C:61:97:4B,1,8,87.3,80:02:9C:61:97:4A,4,0,NONE,2026-08-24T15:56:51.243547
45917,,-45,52,0,2458,65384,29260,2861128,0,99,7,0,0,14:33:5C:6D:AF:58,0,1,ARMED,448.0,0,1,80:02:9C:61:97:4B,1,9,371.1,80:02:9C:61:97:4A,4,0,NONE,2026-08-24T15:56:51.393547
45917,,-72,25,188,2144,65384,29260,2861323,0,99,7,0,0,14:33:5C:6D:AF:58,0,0,ARMED,448.0,0,0,80:02:9C:61:97:4B,1,6,396.0,80:02:9C:61:97:4A,4,0,NONE,2026-08-24T15:56:51.588547
45917,BEACON,-90,7,82,1516,65384,29260,2861731,0,99,7,0,0,14:33:5C:6D:AF:58,0,0,ARMED,448.0,0,1,80:02:9C:61:97:4B,1,2,271.7,80:02:9C:61:97:4A,4,0,NONE,2026-08-24T15:56:51.996547
45917,,36,36,0,1023,65384,29260,2862013,0,99,7,0,0,14:33:5C:6D:AF:58,0,0,ARMED,448.0,0,0,80:02:9C:61:97:4B,1,16,187.8,80:02:9C:61:97:4A,4,0,NONE,2026-08-24T15:56:52.278547
45917,,-59,38,0,467,65384,29260,2862212,0,99,7,0,0,14:33:5C:6D:AF:58,0,0,ARMED,448.0,0,0,80:02:9C:61:97:4B,1,28,356.4,80:02:9C:61:97:4A,4,0,NONE,2026-08-24T15:56:52.477547
45917,,-69,28,0,381,65384,29260,2862451,0,99,7,0,0,14:33:5C:6D:AF:58,0,0,ARMED,448.0,0,1,80:02:9C:61:97:4B,1,2,194.5,80:02:9C:61:97:4A,4,0,NONE,2026-08-24T15:56:52.716547
45917,,-62,35,292,666,65384,29260,2862659,0,99,7,0,0,14:33:5C:6D:AF:58,0,1,ARMED,448.0,0,0,80:02:9C:61:97:4B,1,13,949.6,80:02:9C:61:97:4A,4,0,NONE,2026-08-24T15:56:52.924547
45917,,-62,35,281,677,65384,29260,2862997,0,99,7,0,0,14:33:5C:6D:AF:58,0,0,ARMED,448.0,0,1,80:02:9C:61:97:4B,1,18,402.3,80:02:9C:61:97:4A,4,0,NONE,2026-08-24T15:56:53.262547
45917,BEACON,-91,4,0,1588,65384,29260,2863377,0,99,7,0,0,14:33:5C:6D:AF:58,0,0,ARMED,448.0,0,0,80:02:9C:61:97:4B,1,2,132.9,80:02:9C:61:97:4A,4,0,NONE,2026-08-24T15:56:53.642547
45917,BEACON,-84,13,23762,460,65384,29260,2863936,0,99,7,0,0,14:33:5C:6D:AF:58,0,0,ARMED,448.0,0,1,80:02:9C:61:97:4B,1,5,79.9,80:02:9C:61:97:4A,4,0,NONE,2026-08-24T15:56:54.201547
45917,,-71,26,247,1756,65384,29260,2864247,0,99,7,0,0,14:33:5C:6D:AF:58,0,0,ARMED,448.0,0,1,80:02:9C:61:97:4B,1,13,196.3,80:02:9C:61:97:4A,4,0,NONE,2026-08-24T15:56:54.512547
45917,BEACON,-79,18,11706,1441,65384,29260,2864693,0,99,7,0,0,14:33:5C:6D:AF:58,0,0,ARMED,448.0,0,1,80:02:9C:61:97:4B,1,8,78.1,80:02:9C:61:97:4A,4,0,NONE,2026-08-24T15:56:54.958547
45917,,-61,36,1578,505,65384,29260,2865106,0,99,7,0,0,14:33:5C:6D:AF:58,0,0,ARMED,448.0,0,0,80:02:9C:61:97:4B,1,5,1773.0,80:02:9C:61:97:4A,4,0,NONE,2026-08-24T15:56:55.371547
45917,BEACON,-88,9,0,3487,65384,29260,2865496,0,99,7,0,0,14:33:5C:6D:AF:58,0,0,ARMED,448.0,0,1,80:02:9C:61:97:4B,1,7,81.1,80:02:9C:61:97:4A,4,0,NONE,2026-08-24T15:56:55.761547
45917,,56,56,0,1023,65368,29260,2866096,0,99,7,0,0,14:33:5C:6D:AF:58,0,0,ARMED,448.0,0,1,80:02:9C:61:97:4B,1,6,83.9,80:02:9C:61:97:4A,4,0,NONE,2026-08-24T15:56:56.361547
45917,,-68,29,1157,1265,65384,29260,2866328,0,99,7,0,0,14:33:5C:6D:AF:58,0,0,ARMED,448.0,0,1,80:02:9C:61:97:4B,1,21,211.7,80:02:9C:61:97:4A,4,0,NONE,2026-08-24T15:56:56.593547
45917,BEACON,-87,10,0,3498,65384,29260,2866621,0,99,7,0,0,14:33:5C:6D:AF:58,0,0,ARMED,448.0,0,1,80:02:9C:61:97:4B,1,3,100.5,80:02:9C:61:97:4A,4,0,NONE,2026-08-24T15:56:56.886547
45917,BEACON,-87,10,0,3503,65384,29260,2867133,0,99,7,0,0,14:33:5C:6D:AF:58,0,0,ARMED,448.0,0,1,80:02:9C:61:97:4B,1,2,76.6,80:02:9C:61:97:4A,4,0,NONE,2026-08-24T15:56:57.398547
45917,BEACON,-90,7,0,1573,65384,29260,2867568,0,99,7,0,0,14:33:5C:6D:AF:58,0,0,ARMED,448.0,0,1,80:02:9C:61:97:4B,1,4,84.4,80:02:9C:61:97:4A,4,0,NONE,2026-08-24T15:56:57.833547
45917,BEACON,-85,12,0,500,65384,29260,2868032,0,99,7,0,0,14:33:5C:6D:AF:58,1,0,ARMED,448.0,0,1,80:02:9C:61:97:4B,1,1,250.6,80:02:9C:61:97:4A,4,0,NONE,2026-08-24T15:56:58.297547
45917,,-70,27,292,1233,65384,29260,2868484,0,99,7,0,0,14:33:5C:6D:AF:58,0,0,ARMED,448.0,0,1,80:02:9C:61:97:4B,1,17,408.2,80:02:9C:61:97:4A,4,0,NONE,2026-08-24T15:56:58.749547
45917,BEACON,-83,14,0,510,65384,29260,2869057,0,99,7,0,0,14:33:5C:6D:AF:58,0,0,ARMED,448.0,0,1,80:02:9C:61:97:4B,1,9,101.6,80:02:9C:61:97:4A,4,0,NONE,2026-08-24T15:56:59.322547
45917,BEACON,-88,9,0,1648,65384,29260,2869521,0,99,7,0,0,14:33:5C:6D:AF:58,0,0,ARMED,448.0,0,0,80:02:9C:61:97:4B,1,3,91.8,80:02:9C:61:97:4A,4,0,NONE,2026-08-24T15:56:59.786547
45917,,59,59,0,3576,65384,29260,2869754,0,99,7,0,0,14:33:5C:6D:AF:58,0,1,ARMED,448.0,0,0,80:02:9C:61:97:4B,1,9,146.5,80:02:9C:61:97:4A,4,0,NONE,2026-08-24T15:57:00.019547
45917,BEACON,-84,13,0,521,65384,29260,2870183,0,99,7,0,0,14:33:5C:6D:AF:58,0,0,ARMED,448.0,0,1,80:02:9C:61:97:4B,1,6,74.6,80:02:9C:61:97:4A,4,0,NONE,2026-08-24T15:57:00.448547
45917,BEACON,-79,18,0,1499,65384,29260,2870632,0,99,7,0,0,14:33:5C:6D:AF:58,0,0,ARMED,448.0,0,1,80:02:9C:61:97:4B,1,1,56.1,80:02:9C:61:97:4A,4,0,NONE,2026-08-24T15:57:00.897547
45917,,52,52,0,1023,65384,29260,2871162,0,99,7,0,0,14:33:5C:6D:AF:58,0,0,ARMED,448.0,0,0,80:02:9C:61:97:4B,1,5,141.9,80:02:9C:61:97:4A,4,0,NONE,2026-08-24T15:57:01.427547
45917,,-58,39,539,2545,65384,29260,2871533,0,99,7,0,0,14:33:5C:6D:AF:58,0,0,ARMED,448.0,0,0,80:02:9C:61:97:4B,1,12,121.1,80:02:9C:61:97:4A,4,0,NONE,2026-08-24T15:57:01.798547
45917,BEACON,-84,13,82,651,65384,29260,2871916,0,99,7,0,0,14:33:5C:6D:AF:58,0,0,ARMED,448.0,0,1,80:02:9C:61:97:4B,1,4,73.0,80:02:9C:61:97:4A,4,0,NONE,2026-08-24T15:57:02.181547
45917,,32,32,0,1023,65384,29260,2872234,0,99,7,0,0,14:33:5C:6D:AF:58,0,0,ARMED,448.0,0,1,80:02:9C:61:97:4B,1,10,151.7,80:02:9C:61:97:4A,4,0,NONE,2026-08-24T15:57:02.499547
45917,BEACON,-63,34,0,1969,65384,29260,2872655,0,99,7,0,0,14:33:5C:6D:AF:58,0,0,ARMED,448.0,0,1,80:02:9C:61:97:4B,1,7,91.1,80:02:9C:61:97:4A,4,0,NONE,2026-08-24T15:57:02.920547
45917,BEACON,-84,13,4002,1318,65384,29260,2873148,0,99,7,0,0,14:33:5C:6D:AF:58,0,0,ARMED,448.0,0,1,80:02:9C:61:97:4B,1,4,68.2,80:02:9C:61:97:4A,4,0,NONE,2026-08-24T15:57:03.413547
45917,BEACON,-84,13,0,1320,65384,29260,2873353,0,99,7,0,0,14:33:5C:6D:AF:58,0,1,ARMED,448.0,0,1,80:02:9C:61:97:4B,1,4,68.2,80:02:9C:61:97:4A,4,0,NONE,2026-08-24T15:57:03.618547
45917,BEACON,-85,12,0,558,65384,29260,2873972,0,99,7,0,0,14:33:5C:6D:AF:58,0,0,ARMED,448.0,0,1,80:02:9C:61:97:4B,1,4,64.0,80:02:9C:61:97:4A,4,0,NONE,2026-08-24T15:57:04.237547
45917,,-64,33,16887,2559,65384,29260,2874303,0,99,7,0,0,14:33:5C:6D:AF:58,1,1,ARMED,448.0,0,1,80:02:9C:61:97:4B,1,10,114.7,80:02:9C:61:97:4A,4,0,NONE,2026-08-24T15:57:04.568547
45917,BEACON,-66,31,57102,1992,65384,29260,2874805,0,99,7,0,0,14:33:5C:6D:AF:58,0,0,ARMED,448.0,0,1,80:02:9C:61:97:4B,1,6,78.2,80:02:9C:61:97:4A,4,0,NONE,2026-08-24T15:57:05.070547
45917,BEACON,-77,20,20720,1544,65384,29260,2875240,0,99,7,0,0,14:33:5C:6D:AF:58,0,0,ARMED,448.0,0,1,80:02:9C:61:97:4B,1,19,185.5,80:02:9C:61:97:4A,4,0,NONE,2026-08-24T15:57:05.505547
45917,,-67,30,292,869,65384,29260,2875697,0,99,7,0,0,14:33:5C:6D:AF:58,0,0,ARMED,448.0,0,0,80:02:9C:61:97:4B,1,7,146.8,80:02:9C:61:97:4A,4,0,NONE,2026-08-24T15:57:05.962547
45917,BEACON,-84,13,0,1348,65384,29260,2876118,0,99,7,0,0,14:33:5C:6D:AF:58,0,0,ARMED,448.0,0,1,80:02:9C:61:97:4B,1,4,73.7,80:02:9C:61:97:4A,4,0,NONE,2026-08-24T15:57:06.383547
45917,BEACON,-77,20,0,1556,65384,29260,2876469,0,99,7,0,0,14:33:5C:6D:AF:58,0,0,ARMED,448.0,0,1,80:02:9C:61:97:4B,1,6,86.1,80:02:9C:61:97:4A,4,0,NONE,2026-08-24T15:57:06.734547
45917,BEACON,-84,13,19996,697,65384,29260,2876626,0,99,7,0,0,14:33:5C:6D:AF:58,0,0,ARMED,448.0,0,0,80:02:9C:61:97:4B,1,46,466.5,80:02:9C:61:97:4A,4,0,NONE,2026-08-24T15:57:06.891547
45917,MGMT_OTHER,-91,6,39976,3524,65384,29260,2876961,0,99,7,0,0,14:33:5C:6D:AF:58,0,0,ARMED,448.0,0,1,80:02:9C:61:97:4B,1,3,136.4,80:02:9C:61:97:4A,4,0,NONE,2026-08-24T15:57:07.226547
45917,,-58,39,252,1350,65384,29260,2877327,0,99,7,0,0,14:33:5C:6D:AF:58,0,0,ARMED,448.0,0,1,80:02:9C:61:97:4B,1,18,230.2,80:02:9C:61:97:4A,4,0,NONE,2026-08-24T15:57:07.592547
45917,BEACON,-85,12,45954,709,65384,29260,2877855,0,99,7,0,0,14:33:5C:6D:AF:58,0,0,ARMED,448.0,0,1,80:02:9C:61:97:4B,1,5,62.2,80:02:9C:61:97:4A,4,0,NONE,2026-08-24T15:57:08.120547
45917,PROBE_RESP,-91,6,0,2444,65384,29260,2878457,0,99,7,0,0,14:33:5C:6D:AF:58,0,0,ARMED,448.0,0,1,80:02:9C:61:97:4B,1,8,116.9,80:02:9C:61:97:4A,4,0,NONE,2026-08-24T15:57:08.722547
45917,,-68,29,788,919,65384,29260,2878958,0,99,7,0,0,14:33:5C:6D:AF:58,0,0,ARMED,448.0,0,0,80:02:9C:61:97:4B,1,10,174.3,80:02:9C:61:97:4A,4,0,NONE,2026-08-24T15:57:09.223547
45917,PROBE_RESP,-85,12,0,3806,65384,29260,2879232,0,99,7,0,0,14:33:5C:6D:AF:58,0,0,ARMED,448.0,0,1,80:02:9C:61:97:4B,1,4,167.4,80:02:9C:61:97:4A,4,0,NONE,2026-08-24T15:57:09.497547
45917,BEACON,-85,12,0,614,65384,29260,2879706,0,99,7,0,0,14:33:5C:6D:AF:58,0,0,ARMED,448.0,0,1,80:02:9C:61:97:4B,1,7,79.4,80:02:9C:61:97:4A,4,0,NONE,2026-08-24T15:57:09.971547
45917,,-70,27,492,933,65384,29260,2879975,0,99,7,0,0,14:33:5C:6D:AF:58,0,0,ARMED,448.0,0,0,80:02:9C:61:97:4B,1,14,278.2,80:02:9C:61:97:4A,4,0,NONE,2026-08-24T15:57:10.240547
45917,,-58,39,0,686,65384,29260,2880039,0,99,7,0,0,14:33:5C:6D:AF:58,0,1,ARMED,448.0,0,0,80:02:9C:61:97:4B,1,17,1393.6,80:02:9C:61:97:4A,4,0,NONE,2026-08-24T15:57:10.304547
45917,BEACON,-84,13,82,1394,65384,29260,2880419,0,99,7,0,0,14:33:5C:6D:AF:58,0,0,ARMED,448.0,0,1,80:02:9C:61:97:4B,1,6,71.2,80:02:9C:61:97:4A,4,0,NONE,2026-08-24T15:57:10.684547
45917,,-84,13,0,1931,65384,29260,2880828,0,99,7,0,0,14:33:5C:6D:AF:58,0,0,ARMED,448.0,0,0,80:02:9C:61:97:4B,1,10,119.7,80:02:9C:61:97:4A,4,0,NONE,2026-08-24T15:57:11.093547
45917,,38,38,0,0,65384,29260,2881258,0,99,7,0,0,14:33:5C:6D:AF:58,0,0,ARMED,448.0,0,1,80:02:9C:61:97:4B,1,2,678.9,80:02:9C:61:97:4A,4,0,NONE,2026-08-24T15:57:11.523547
45917,,-70,27,253,2616,65384,29260,2881484,0,99,7,0,0,14:33:5C:6D:AF:58,0,0,ARMED,448.0,0,0,80:02:9C:61:97:4B,1,22,959.8,80:02:9C:61:97:4A,4,0,NONE,2026-08-24T15:57:11.749547
45917,,-58,39,310,2918,65384,29260,2881505,0,99,7,0,0,14:33:5C:6D:AF:58,0,0,ARMED,448.0,0,0,80:02:9C:61:97:4B,1,72,1640.6,80:02:9C:61:97:4A,4,0,NONE,2026-08-24T15:57:11.770547
45917,,-58,39,241,2951,65384,29260,2881522,0,99,7,0,0,14:33:5C:6D:AF:58,0,0,ARMED,448.0,0,1,80:02:9C:61:97:4B,1,122,2006.7,80:02:9C:61:97:4A,4,0,NONE,2026-08-24T15:57:11.787547
45917,,-58,39,287,2986,65384,29260,2881541,0,99,7,0,0,14:33:5C:6D:AF:58,0,0,ARMED,448.0,0,0,80:02:9C:61:97:4B,1,172,2148.5,80:02:9C:61:97:4A,4,0,NONE,2026-08-24T15:57:11.806547
45917,,-58,39,287,3682,65384,29260,2881567,0,99,7,0,0,14:33:5C:6D:AF:58,0,1,ARMED,448.0,0,1,80:02:9C:61:97:4B,1,9,1543.2,80:02:9C:61:97:4A,4,0,NONE,2026-08-24T15:57:11.832547
45917,,-58,39,287,3039,65384,29260,2881587,0,99,7,0,0,14:33:5C:6D:AF:58,0,1,ARMED,448.0,0,0,80:02:9C:61:97:4B,1,59,2264.9,80:02:9C:61:97:4A,4,0,NONE,2026-08-24T15:57:11.852547
45917,,-70,27,0,2675,65384,29260,2881612,0,99,7,0,0,14:33:5C:6D:AF:58,0,1,ARMED,448.0,0,0,80:02:9C:61:97:4B,1,109,2130.7,80:02:9C:61:97:4A,4,0,NONE,2026-08-24T15:57:11.877547
45917,,-58,39,502,3094,65384,29260,2881641,0,99,7,0,0,14:33:5C:6D:AF:58,0,1,ARMED,448.0,0,1,80:02:9C:61:97:4B,1,159,1989.7,80:02:9C:61:97:4A,4,0,NONE,2026-08-24T15:57:11.906547
45917,,-58,39,250,3135,64740,29260,2881647,0,99,7,0,0,14:33:5C:6D:AF:58,0,1,ARMED,448.0,0,0,80:02:9C:61:97:4B,1,209,2425.0,80:02:9C:61:97:4A,4,0,NONE,2026-08-24T15:57:11.912547
45917,,-58,39,538,3163,63956,29260,2881667,0,99,7,0,0,14:33:5C:6D:AF:58,0,1,ARMED,448.0,0,0,80:02:9C:61:97:4B,1,49,14294.0,80:02:9C:61:97:4A,4,0,NONE,2026-08-24T15:57:11.932547
45917,,-58,39,266,3189,65384,29260,2881680,0,99,7,0,0,14:33:5C:6D:AF:58,0,1,ARMED,448.0,0,0,80:02:9C:61:97:4B,1,99,6364.1,80:02:9C:61:97:4A,4,0,NONE,2026-08-24T15:57:11.945547
45917,,-57,40,1592,3484,65312,29260,2881702,0,99,7,0,0,14:33:5C:6D:AF:58,0,1,ARMED,448.0,0,1,80:02:9C:61:97:4B,1,149,3897.1,80:02:9C:61:97:4A,4,0,NONE,2026-08-24T15:57:11.967547
45917,,-70,27,410,2724,65384,29260,2881759,0,99,7,0,0,14:33:5C:6D:AF:58,0,1,ARMED,448.0,0,1,80:02:9C:61:97:4B,1,199,2093.8,80:02:9C:61:97:4A,4,0,NONE,2026-08-24T15:57:12.024547
45917,,-58,39,303,3251,65384,29260,2881791,0,99,7,0,0,14:33:5C:6D:AF:58,1,1,ARMED,448.0,0,0,80:02:9C:61:97:4B,1,49,3047.6,80:02:9C:61:97:4A,4,0,NONE,2026-08-24T15:57:12.056547
45917,,-58,39,430,3266,65384,29260,2881805,0,99,7,0,0,14:33:5C:6D:AF:58,1,1,ARMED,448.0,0,0,80:02:9C:61:97:4B,1,99,3326.5,80:02:9C:61:97:4A,4,0,NONE,2026-08-24T15:57:12.070547
45917,,-58,39,267,3297,65384,29260,2881825,0,99,7,0,0,14:33:5C:6D:AF:58,1,1,ARMED,448.0,0,0,80:02:9C:61:97:4B,1,149,3009.2,80:02:9C:61:97:4A,4,0,NONE,2026-08-24T15:57:12.090547
45917,,-58,39,267,3321,65384,29260,2881835,0,99,7,0,0,14:33:5C:6D:AF:58,1,1,ARMED,448.0,0,0,80:02:9C:61:97:4B,1,199,3314.6,80:02:9C:61:97:4A,4,0,NONE,2026-08-24T15:57:12.100547
45917,,-71,26,0,2770,65384,29260,2881864,0,99,7,0,0,14:33:5C:6D:AF:58,1,1,ARMED,448.0,0,0,80:02:9C:61:97:4B,1,249,2802.8,80:02:9C:61:97:4A,4,0,NONE,2026-08-24T15:57:12.129547
45917,,-58,39,187,3376,64740,29260,2881870,0,99,7,0,0,14:33:5C:6D:AF:58,1,1,ARMED,448.0,0,1,80:02:9C:61:97:4B,1,299,3146.8,80:02:9C:61:97:4A,4,0,NONE,2026-08-24T15:57:12.135547
45917,,-58,39,378,3406,65384,29260,2881903,0,99,7,0,0,14:33:5C:6D:AF:58,1,1,ARMED,448.0,0,0,80:02:9C:61:97:4B,1,49,3033.3,80:02:9C:61:97:4A,4,0,NONE,2026-08-24T15:57:12.168547
45917,,-58,39,267,3429,64740,29260,2881914,0,99,7,0,0,14:33:5C:6D:AF:58,1,1,ARMED,448.0,0,0,80:02:9C:61:97:4B,1,99,3644.9,80:02:9C:61:97:4A,4,0,NONE,2026-08-24T15:57:12.179547
45917,,-58,39,266,3475,65008,29260,2881934,0,99,7,0,0,14:33:5C:6D:AF:58,1,1,ARMED,448.0,0,0,80:02:9C:61:97:4B,1,149,3184.2,80:02:9C:61:97:4A,4,0,NONE,2026-08-24T15:57:12.199547
45917,,-70,27,0,2815,65384,29260,2881952,0,99,7,0,0,14:33:5C:6D:AF:58,1,1,ARMED,448.0,0,0,80:02:9C:61:97:4B,1,199,3082.2,80:02:9C:61:97:4A,4,0,NONE,2026-08-24T15:57:12.217294
45917,BEACON,-78,19,0,1611,65384,29260,2882101,0,99,7,0,0,14:33:5C:6D:AF:58,0,1,ARMED,448.0,0,1,80:02:9C:61:97:4B,1,38,358.6,80:02:9C:61:97:4A,4,0,NONE,2026-08-24T15:57:12.366294
45917,BEACON,-77,20,0,1617,65384,29260,2882715,0,99,7,0,0,14:33:5C:6D:AF:58,0,0,ARMED,448.0,0,1,80:02:9C:61:97:4B,1,7,68.7,80:02:9C:61:97:4A,4,0,NONE,2026-08-24T15:57:12.980294
45917,BEACON,-90,7,0,1780,65384,29260,2883034,0,99,7,0,0,14:33:5C:6D:AF:58,0,0,ARMED,448.0,0,0,80:02:9C:61:97:4B,1,3,256.9,80:02:9C:61:97:4A,4,0,NONE,2026-08-24T15:57:13.299294
45917,,-71,26,29198,2158,65384,29260,2883353,0,99,7,0,0,14:33:5C:6D:AF:58,0,0,ARMED,448.0,0,1,80:02:9C:61:97:4B,1,3,131.4,80:02:9C:61:97:4A,4,0,NONE,2026-08-24T15:57:13.618294
45917,,-69,28,24716,1007,65384,29260,2883535,0,99,7,0,0,14:33:5C:6D:AF:58,0,1,ARMED,448.0,0,1,80:02:9C:61:97:4B,1,1,1000.0,80:02:9C:61:97:4A,4,0,NONE,2026-08-24T15:57:13.800294
45917,BEACON,-91,6,0,1733,65384,29260,2883952,0,99,7,0,0,14:33:5C:6D:AF:58,0,0,ARMED,448.0,0,1,80:02:9C:61:97:4B,1,1,133.9,80:02:9C:61:97:4A,4,0,NONE,2026-08-24T15:57:14.217294
45917,BEACON,-84,13,0,1434,65384,29260,2884208,0,99,7,0,0,14:33:5C:6D:AF:58,0,0,ARMED,448.0,0,1,80:02:9C:61:97:4B,1,8,136.3,80:02:9C:61:97:4A,4,0,NONE,2026-08-24T15:57:14.473294
45917,,-89,8,5800,3098,65384,29260,2884670,0,99,7,0,0,14:33:5C:6D:AF:58,0,0,ARMED,448.0,0,1,80:02:9C:61:97:4B,1,2,226.2,80:02:9C:61:97:4A,4,0,NONE,2026-08-24T15:57:14.935294
45917,,51,51,0,1640,65384,29260,2885123,0,99,7,0,0,14:33:5C:6D:AF:58,0,0,ARMED,448.0,0,0,80:02:9C:61:97:4B,1,7,133.3,80:02:9C:61:97:4A,4,0,NONE,2026-08-24T15:57:15.388294
45917,,35,35,0,1642,65384,29260,2885312,0,99,7,0,0,14:33:5C:6D:AF:58,0,0,ARMED,448.0,0,0,80:02:9C:61:97:4B,1,9,248.3,80:02:9C:61:97:4A,4,0,NONE,2026-08-24T15:57:15.577294
45917,,36,36,0,1023,65384,29260,2885433,0,99,7,0,0,14:33:5C:6D:AF:58,0,1,ARMED,448.0,0,0,80:02:9C:61:97:4B,1,22,405.7,80:02:9C:61:97:4A,4,0,NONE,2026-08-24T15:57:15.698294
45917,,-59,38,690,3510,65384,29260,2885641,0,99,7,0,0,14:33:5C:6D:AF:58,0,0,ARMED,448.0,0,0,80:02:9C:61:97:4B,1,23,396.9,80:02:9C:61:97:4A,4,0,NONE,2026-08-24T15:57:15.906294
45917,,37,37,0,1023,65384,29260,2885716,0,99,7,0,0,14:33:5C:6D:AF:58,0,1,ARMED,448.0,0,0,80:02:9C:61:97:4B,1,17,511.9,80:02:9C:61:97:4A,4,0,NONE,2026-08-24T15:57:15.981294
45917,,-66,31,292,1035,65384,29260,2885929,0,99,7,0,0,14:33:5C:6D:AF:58,0,0,ARMED,448.0,0,0,80:02:9C:61:97:4B,1,8,205.9,80:02:9C:61:97:4A,4,0,NONE,2026-08-24T15:57:16.194294
45917,,36,36,0,1023,65384,29260,2886126,0,99,7,0,0,14:33:5C:6D:AF:58,0,0,ARMED,448.0,0,0,80:02:9C:61:97:4B,1,16,512.3,80:02:9C:61:97:4A,4,0,NONE,2026-08-24T15:57:16.391294
45917,BEACON,-76,21,82,1652,65384,29260,2886299,0,99,7,0,0,14:33:5C:6D:AF:58,0,0,ARMED,448.0,0,1,80:02:9C:61:97:4B,1,13,127.0,80:02:9C:61:97:4A,4,0,NONE,2026-08-24T15:57:16.564294
45917,,37,37,0,2123,65384,29260,2886500,0,99,7,0,0,14:33:5C:6D:AF:58,0,0,ARMED,448.0,0,0,80:02:9C:61:97:4B,1,40,408.2,80:02:9C:61:97:4A,4,0,NONE,2026-08-24T15:57:16.765294
45917,BEACON,-90,7,50,3694,65384,29260,2886691,0,99,7,0,0,14:33:5C:6D:AF:58,0,1,ARMED,448.0,0,1,80:02:9C:61:97:4B,1,14,166.0,80:02:9C:61:97:4A,4,0,NONE,2026-08-24T15:57:16.956294
45917,,51,51,0,1028,65384,29260,2886838,0,99,7,0,0,14:33:5C:6D:AF:58,0,1,ARMED,448.0,0,0,80:02:9C:61:97:4B,1,14,528.0,80:02:9C:61:97:4A,4,0,NONE,2026-08-24T15:57:17.103294
45917,,-44,53,18484,2645,65384,29260,2887002,0,99,7,0,0,14:33:5C:6D:AF:58,0,1,ARMED,448.0,0,1,80:02:9C:61:97:4B,1,36,399.0,80:02:9C:61:97:4A,4,0,NONE,2026-08-24T15:57:17.267294
45917,BEACON,-59,38,0,2132,65384,29260,2887298,0,99,7,0,0,14:33:5C:6D:AF:58,0,0,ARMED,448.0,0,1,80:02:9C:61:97:4B,1,9,117.2,80:02:9C:61:97:4A,4,0,NONE,2026-08-24T15:57:17.563294
45917,,37,37,0,1023,65384,29260,2887550,0,99,7,0,0,14:33:5C:6D:AF:58,0,0,ARMED,448.0,0,0,80:02:9C:61:97:4B,1,16,748.5,80:02:9C:61:97:4A,4,0,NONE,2026-08-24T15:57:17.815294
45917,,37,37,0,1023,65384,29260,2887609,0,99,7,0,0,14:33:5C:6D:AF:58,0,0,ARMED,448.0,0,0,80:02:9C:61:97:4B,1,66,814.1,80:02:9C:61:97:4A,4,0,NONE,2026-08-24T15:57:17.874294
45917,,37,37,0,1023,65384,29260,2887661,0,99,7,0,0,14:33:5C:6D:AF:58,0,1,ARMED,448.0,0,0,80:02:9C:61:97:4B,1,26,938.1,80:02:9C:61:97:4A,4,0,NONE,2026-08-24T15:57:17.926294
45917,BEACON,-92,5,0,3704,65384,29260,2887715,0,99,7,0,0,14:33:5C:6D:AF:58,0,1,ARMED,448.0,0,1,80:02:9C:61:97:4B,1,76,929.7,80:02:9C:61:97:4A,4,0,NONE,2026-08-24T15:57:17.980294
45917,,36,36,0,1023,65368,29260,2887780,0,99,7,0,0,14:33:5C:6D:AF:58,0,1,ARMED,448.0,0,0,80:02:9C:61:97:4B,1,15,364.1,80:02:9C:61:97:4A,4,0,NONE,2026-08-24T15:57:18.045294
45917,,50,50,0,1023,65368,29260,2887806,0,99,7,0,0,14:33:5C:6D:AF:58,0,1,ARMED,448.0,0,0,80:02:9C:61:97:4B,1,65,975.5,80:02:9C:61:97:4A,4,0,NONE,2026-08-24T15:57:18.071294
45917,,36,36,0,1023,65384,29260,2887852,0,99,7,0,0,14:33:5C:6D:AF:58,0,1,ARMED,448.0,0,0,80:02:9C:61:97:4B,1,38,3511.7,80:02:9C:61:97:4A,4,0,NONE,2026-08-24T15:57:18.117294
45917,,-68,29,8514,1086,65384,29260,2887950,0,99,7,0,0,14:33:5C:6D:AF:58,0,1,ARMED,448.0,0,1,80:02:9C:61:97:4B,1,1,221.3,80:02:9C:61:97:4A,4,0,NONE,2026-08-24T15:57:18.215294
45917,,36,36,0,1023,65384,29260,2888112,0,99,7,0,0,14:33:5C:6D:AF:58,0,1,ARMED,448.0,0,0,80:02:9C:61:97:4B,1,15,226.0,80:02:9C:61:97:4A,4,0,NONE,2026-08-24T15:57:18.377294
45917,,37,37,0,1023,65384,29260,2888202,0,99,7,0,0,14:33:5C:6D:AF:58,0,1,ARMED,448.0,0,0,80:02:9C:61:97:4B,1,32,575.1,80:02:9C:61:97:4A,4,0,NONE,2026-08-24T15:57:18.467294
45917,,37,37,0,1023,65384,29260,2888325,0,99,7,0,0,14:33:5C:6D:AF:58,0,1,ARMED,448.0,0,1,80:02:9C:61:97:4B,1,20,260.2,80:02:9C:61:97:4A,4,0,NONE,2026-08-24T15:57:18.590294
45917,,-71,26,4641,0,65384,29260,2888358,0,99,7,0,0,14:33:5C:6D:AF:58,0,1,ARMED,448.0,0,0,80:02:9C:61:97:4B,1,2,192.1,80:02:9C:61:97:4A,4,0,NONE,2026-08-24T15:57:18.623294
45917,,37,37,0,1023,65384,29260,2888448,0,99,7,0,0,14:33:5C:6D:AF:58,0,1,ARMED,448.0,0,1,80:02:9C:61:97:4B,1,52,521.2,80:02:9C:61:97:4A,4,0,NONE,2026-08-24T15:57:18.713294
45917,,37,37,0,2318,65384,29260,2888509,0,99,7,0,0,14:33:5C:6D:AF:58,0,1,ARMED,448.0,0,0,80:02:9C:61:97:4B,1,49,1455.3,80:02:9C:61:97:4A,4,0,NONE,2026-08-24T15:57:18.774294
45917,,-44,53,0,2003,65384,29260,2888589,0,99,7,0,0,14:33:5C:6D:AF:58,0,1,ARMED,448.0,0,1,80:02:9C:61:97:4B,1,16,2457.4,80:02:9C:61:97:4A,4,0,NONE,2026-08-24T15:57:18.854294
45917,,-44,53,0,2035,65384,29260,2888683,0,99,7,0,0,14:33:5C:6D:AF:58,0,1,ARMED,448.0,0,0,80:02:9C:61:97:4B,1,4,4000.0,80:02:9C:61:97:4A,4,0,NONE,2026-08-24T15:57:18.948294
45917,BEACON,-76,21,0,1678,65384,29260,2888962,0,99,7,0,0,14:33:5C:6D:AF:58,0,0,ARMED,448.0,0,1,80:02:9C:61:97:4B,1,7,115.1,80:02:9C:61:97:4A,4,0,NONE,2026-08-24T15:57:19.227294
45917,,-59,38,4879,798,65384,29260,2889257,0,99,7,0,0,14:33:5C:6D:AF:58,0,0,ARMED,448.0,0,1,80:02:9C:61:97:4B,1,25,698.4,80:02:9C:61:97:4A,4,0,NONE,2026-08-24T15:57:19.522294
45917,BEACON,-59,38,798,2156,65384,29260,2889653,0,99,7,0,0,14:33:5C:6D:AF:58,0,0,ARMED,448.0,0,1,80:02:9C:61:97:4B,1,11,456.6,80:02:9C:61:97:4A,4,0,NONE,2026-08-24T15:57:19.918294
45917,,-46,51,0,2081,65368,29260,2889743,0,99,7,0,0,14:33:5C:6D:AF:58,0,1,ARMED,448.0,0,0,80:02:9C:61:97:4B,1,13,1339.4,80:02:9C:61:97:4A,4,0,NONE,2026-08-24T15:57:20.008294
45917,,-45,52,0,2119,65384,29260,2889813,0,99,7,0,0,14:33:5C:6D:AF:58,0,1,ARMED,448.0,0,0,80:02:9C:61:97:4B,1,63,786.2,80:02:9C:61:97:4A,4,0,NONE,2026-08-24T15:57:20.078294
45917,,-40,57,0,2722,65384,29260,2890023,0,99,7,0,0,14:33:5C:6D:AF:58,0,0,ARMED,448.0,0,1,80:02:9C:61:97:4B,1,21,247.2,80:02:9C:61:97:4A,4,0,NONE,2026-08-24T15:57:20.288294
45917,,38,38,0,1023,65384,29260,2890194,0,99,7,0,0,14:33:5C:6D:AF:58,0,0,ARMED,448.0,0,1,80:02:9C:61:97:4B,1,34,651.2,80:02:9C:61:97:4A,4,0,NONE,2026-08-24T15:57:20.459294
45917,,-59,38,2030,809,65368,29260,2890470,0,99,7,0,0,14:33:5C:6D:AF:58,0,0,ARMED,448.0,0,1,80:02:9C:61:97:4B,1,12,985.7,80:02:9C:61:97:4A,4,0,NONE,2026-08-24T15:57:20.735294
45917,,-49,48,214,2740,65384,29260,2890504,0,99,7,0,0,14:33:5C:6D:AF:58,0,0,ARMED,448.0,0,1,80:02:9C:61:97:4B,1,62,1353.7,80:02:9C:61:97:4A,4,0,NONE,2026-08-24T15:57:20.769294
45917,,-70,27,293,2840,65384,29260,2890523,0,99,7,0,0,14:33:5C:6D:AF:58,0,0,ARMED,448.0,0,1,80:02:9C:61:97:4B,1,112,1712.7,80:02:9C:61:97:4A,4,0,NONE,2026-08-24T15:57:20.788294
45917,,-59,38,250,3595,65384,29260,2890541,0,99,7,0,0,14:33:5C:6D:AF:58,0,0,ARMED,448.0,0,0,80:02:9C:61:97:4B,1,162,1958.4,80:02:9C:61:97:4A,4,0,NONE,2026-08-24T15:57:20.806294
45917,,-59,38,250,3623,65384,29260,2890564,0,99,7,0,0,14:33:5C:6D:AF:58,0,1,ARMED,448.0,0,1,80:02:9C:61:97:4B,1,49,13221.8,80:02:9C:61:97:4A,4,0,NONE,2026-08-24T15:57:20.829294
45917,,-60,37,250,3665,65312,29260,2890584,0,99,7,0,0,14:33:5C:6D:AF:58,0,1,ARMED,448.0,0,0,80:02:9C:61:97:4B,1,99,4093.4,80:02:9C:61:97:4A,4,0,NONE,2026-08-24T15:57:20.849294
45917,,-69,28,0,2874,65368,29260,2890604,0,99,7,0,0,14:33:5C:6D:AF:58,0,1,ARMED,448.0,0,0,80:02:9C:61:97:4B,1,149,3398.4,80:02:9C:61:97:4A,4,0,NONE,2026-08-24T15:57:20.869294
45917,,-60,37,250,3703,65384,29260,2890618,0,99,7,0,0,14:33:5C:6D:AF:58,0,1,ARMED,448.0,0,1,80:02:9C:61:97:4B,1,199,3422.6,80:02:9C:61:97:4A,4,0,NONE,2026-08-24T15:57:20.883294
45917,,-70,27,0,2898,65384,29260,2890638,0,99,7,0,0,14:33:5C:6D:AF:58,0,1,ARMED,448.0,0,0,80:02:9C:61:97:4B,1,249,3196.8,80:02:9C:61:97:4A,4,0,NONE,2026-08-24T15:57:20.903294
45917,,-60,37,498,3767,65384,29260,2890653,0,99,7,0,0,14:33:5C:6D:AF:58,0,1,ARMED,448.0,0,1,80:02:9C:61:97:4B,1,299,3219.2,80:02:9C:61:97:4A,4,0,NONE,2026-08-24T15:57:20.918294
45917,,-70,27,127,2917,65384,29260,2890685,0,99,7,0,0,14:33:5C:6D:AF:58,0,0,ARMED,448.0,0,0,80:02:9C:61:97:4B,1,49,7154.3,80:02:9C:61:97:4A,4,0,NONE,2026-08-24T15:57:20.950294
45917,,-59,38,476,3819,65384,29260,2890708,0,99,7,0,0,14:33:5C:6D:AF:58,0,0,ARMED,448.0,0,0,80:02:9C:61:97:4B,1,99,3278.5,80:02:9C:61:97:4A,4,0,NONE,2026-08-24T15:57:20.973294
45917,,-59,38,267,3844,65384,29260,2890732,0,99,7,0,0,14:33:5C:6D:AF:58,0,0,ARMED,448.0,0,0,80:02:9C:61:97:4B,1,149,2781.3,80:02:9C:61:97:4A,4,0,NONE,2026-08-24T15:57:20.997294
45917,,-59,38,266,3884,65384,29260,2890746,0,99,7,0,0,14:33:5C:6D:AF:58,0,0,ARMED,448.0,0,0,80:02:9C:61:97:4B,1,199,2952.8,80:02:9C:61:97:4A,4,0,NONE,2026-08-24T15:57:21.011294
45917,,-59,38,446,1282,64740,29260,2890765,0,99,7,0,0,14:33:5C:6D:AF:58,0,0,ARMED,448.0,0,1,80:02:9C:61:97:4B,1,249,2859.0,80:02:9C:61:97:4A,4,0,NONE,2026-08-24T15:57:21.030294
45917,,-70,27,0,2959,65384,29260,2890789,0,99,7,0,0,14:33:5C:6D:AF:58,1,1,ARMED,448.0,0,0,80:02:9C:61:97:4B,1,20,2212.4,80:02:9C:61:97:4A,4,0,NONE,2026-08-24T15:57:21.054294
45917,,-59,38,3706,2491,65384,29260,2890913,0,99,7,0,0,14:33:5C:6D:AF:58,1,1,ARMED,448.0,0,1,80:02:9C:61:97:4B,1,10,317.5,80:02:9C:61:97:4A,4,0,NONE,2026-08-24T15:57:21.178294
45917,,-70,27,462,2288,65384,29260,2891062,0,99,7,0,0,14:33:5C:6D:AF:58,0,1,ARMED,448.0,0,0,80:02:9C:61:97:4B,1,28,357.2,80:02:9C:61:97:4A,4,0,NONE,2026-08-24T15:57:21.327294
45917,,-59,38,5219,3966,65384,29260,2891197,0,99,7,0,0,14:33:5C:6D:AF:58,0,1,ARMED,448.0,0,1,80:02:9C:61:97:4B,1,5,647.8,80:02:9C:61:97:4A,4,0,NONE,2026-08-24T15:57:21.462294
45917,,-58,39,694,3977,65384,29260,2891372,0,99,7,0,0,14:33:5C:6D:AF:58,0,1,ARMED,448.0,0,0,80:02:9C:61:97:4B,1,27,336.3,80:02:9C:61:97:4A,4,0,NONE,2026-08-24T15:57:21.637294
45917,,-68,29,0,2336,65384,29260,2891499,0,99,7,0,0,14:33:5C:6D:AF:58,0,1,ARMED,448.0,0,0,80:02:9C:61:97:4B,1,2,1268.2,80:02:9C:61:97:4A,4,0,NONE,2026-08-24T15:57:21.764294
45917,,-59,38,2968,3990,65384,29260,2891590,0,99,7,0,0,14:33:5C:6D:AF:58,0,1,ARMED,448.0,0,1,80:02:9C:61:97:4B,1,52,562.6,80:02:9C:61:97:4A,4,0,NONE,2026-08-24T15:57:21.855294
45917,,-69,28,0,2353,65384,29260,2891724,0,99,7,0,0,14:33:5C:6D:AF:58,0,1,ARMED,448.0,0,1,80:02:9C:61:97:4B,1,7,460.9,80:02:9C:61:97:4A,4,0,NONE,2026-08-24T15:57:21.989294
45917,,-59,38,695,4004,65384,29260,2891836,0,99,7,0,0,14:33:5C:6D:AF:58,0,1,ARMED,448.0,0,0,80:02:9C:61:97:4B,1,12,483.7,80:02:9C:61:97:4A,4,0,NONE,2026-08-24T15:57:22.101294
45917,,-69,28,327,2385,65384,29260,2891922,0,99,7,0,0,14:33:5C:6D:AF:58,0,1,ARMED,448.0,0,1,80:02:9C:61:97:4B,1,10,1092.7,80:02:9C:61:97:4A,4,0,NONE,2026-08-24T15:57:22.187294
45917,,-59,38,267,1419,65384,29260,2891961,0,99,7,0,0,14:33:5C:6D:AF:58,0,1,ARMED,448.0,0,1,80:02:9C:61:97:4B,1,60,1265.0,80:02:9C:61:97:4A,4,0,NONE,2026-08-24T15:57:22.226294
45917,,37,37,0,1023,65384,29260,2891994,0,99,7,0,0,14:33:5C:6D:AF:58,0,1,ARMED,448.0,0,0,80:02:9C:61:97:4B,1,110,1359.4,80:02:9C:61:97:4A,4,0,NONE,2026-08-24T15:57:22.259294
45917,BEACON,-90,7,83,1812,65312,29260,2892041,0,99,7,0,0,14:33:5C:6D:AF:58,0,1,ARMED,448.0,0,1,80:02:9C:61:97:4B,1,27,1126.8,80:02:9C:61:97:4A,4,0,NONE,2026-08-24T15:57:22.306294
45917,,-59,38,266,4,65384,29260,2892061,0,99,7,0,0,14:33:5C:6D:AF:58,0,1,ARMED,448.0,0,1,80:02:9C:61:97:4B,1,77,1754.9,80:02:9C:61:97:4A,4,0,NONE,2026-08-24T15:57:22.326294
45917,,-59,38,159,27,65384,29260,2892080,0,99,7,0,0,14:33:5C:6D:AF:58,0,1,ARMED,448.0,0,1,80:02:9C:61:97:4B,1,127,2037.6,80:02:9C:61:97:4A,4,0,NONE,2026-08-24T15:57:22.345294
45917,,-59,38,267,46,65384,29260,2892108,0,99,7,0,0,14:33:5C:6D:AF:58,0,1,ARMED,448.0,0,1,80:02:9C:61:97:4B,1,177,1942.0,80:02:9C:61:97:4A,4,0,NONE,2026-08-24T15:57:22.373294
45917,,-59,38,267,79,65384,29260,2892123,0,99,7,0,0,14:33:5C:6D:AF:58,0,1,ARMED,448.0,0,0,80:02:9C:61:97:4B,1,17,7981.2,80:02:9C:61:97:4A,4,0,NONE,2026-08-24T15:57:22.388294
45917,,-59,38,3706,1693,65384,29260,2892231,0,99,7,0,0,14:33:5C:6D:AF:58,0,1,ARMED,448.0,0,1,80:02:9C:61:97:4B,1,2,499.1,80:02:9C:61:97:4A,4,0,NONE,2026-08-24T15:57:22.496294
45917,,-59,38,371,836,65384,29260,2892309,0,99,7,0,0,14:33:5C:6D:AF:58,0,1,ARMED,448.0,0,1,80:02:9C:61:97:4B,1,52,628.8,80:02:9C:61:97:4A,4,0,NONE,2026-08-24T15:57:22.574294
45917,,-59,38,419,2058,65384,29260,2892390,0,99,7,0,0,14:33:5C:6D:AF:58,0,1,ARMED,448.0,0,1,80:02:9C:61:97:4B,1,39,725.8,80:02:9C:61:97:4A,4,0,NONE,2026-08-24T15:57:22.655294
45917,,-59,38,266,132,64740,29260,2892410,0,99,7,0,0,14:33:5C:6D:AF:58,0,1,ARMED,448.0,0,0,80:02:9C:61:97:4B,1,89,1200.8,80:02:9C:61:97:4A,4,0,NONE,2026-08-24T15:57:22.675294
45917,,-69,28,5624,2446,65384,29260,2892516,0,99,7,0,0,14:33:5C:6D:AF:58,0,1,ARMED,448.0,0,1,80:02:9C:61:97:4B,1,27,371.5,80:02:9C:61:97:4A,4,0,NONE,2026-08-24T15:57:22.781294
45917,,-46,51,7803,2194,64640,29260,2892640,0,99,7,0,0,14:33:5C:6D:AF:58,0,1,ARMED,448.0,0,0,80:02:9C:61:97:4B,1,43,458.5,80:02:9C:61:97:4A,4,0,NONE,2026-08-24T15:57:22.905294
45917,,-38,59,5090,2944,65384,29260,2892731,0,99,7,0,0,14:33:5C:6D:AF:58,0,1,ARMED,448.0,0,1,80:02:9C:61:97:4B,1,49,654.0,80:02:9C:61:97:4A,4,0,NONE,2026-08-24T15:57:22.996294
45917,,-46,51,0,2252,65384,29260,2892811,0,99,7,0,0,14:33:5C:6D:AF:58,0,1,ARMED,448.0,0,0,80:02:9C:61:97:4B,1,22,421.2,80:02:9C:61:97:4A,4,0,NONE,2026-08-24T15:57:23.076294
45917,,-46,51,3008,2790,65384,29260,2893033,0,99,7,0,0,14:33:5C:6D:AF:58,1,1,ARMED,448.0,0,1,80:02:9C:61:97:4B,1,11,157.2,80:02:9C:61:97:4A,4,0,NONE,2026-08-24T15:57:23.298294
45917,MGMT_OTHER,-73,24,288,0,65384,29260,2893272,0,99,7,0,0,14:33:5C:6D:AF:58,0,0,ARMED,448.0,0,0,80:02:9C:61:97:4B,1,3,3000.0,80:02:9C:61:97:4A,4,0,NONE,2026-08-24T15:57:23.537294
45917,,37,37,0,2291,65384,29260,2893353,0,99,7,0,0,14:33:5C:6D:AF:58,0,0,ARMED,448.0,0,0,80:02:9C:61:97:4B,1,53,650.8,80:02:9C:61:97:4A,4,0,NONE,2026-08-24T15:57:23.618294
45917,,37,37,0,0,65384,29260,2893414,0,99,7,0,0,14:33:5C:6D:AF:58,0,1,ARMED,448.0,0,0,80:02:9C:61:97:4B,1,24,632.3,80:02:9C:61:97:4A,4,0,NONE,2026-08-24T15:57:23.679294
45917,,-45,52,504,2322,65384,29260,2893482,0,99,7,0,0,14:33:5C:6D:AF:58,0,1,ARMED,448.0,0,0,80:02:9C:61:97:4B,1,21,3310.7,80:02:9C:61:97:4A,4,0,NONE,2026-08-24T15:57:23.747294
45917,PROBE_REQ,-75,22,0,3954,65384,29260,2893591,0,99,7,0,0,14:33:5C:6D:AF:58,0,1,ARMED,448.0,0,1,80:02:9C:61:97:4B,1,2,146.2,80:02:9C:61:97:4A,4,0,NONE,2026-08-24T15:57:23.856294
45917,,-66,31,292,1174,65384,29260,2893913,0,99,7,0,0,14:33:5C:6D:AF:58,0,0,ARMED,448.0,0,0,80:02:9C:61:97:4B,1,3,3000.0,80:02:9C:61:97:4A,4,0,NONE,2026-08-24T15:57:24.178294
45917,,-58,39,948,1647,65384,29260,2894060,0,99,7,0,0,14:33:5C:6D:AF:58,0,1,ARMED,448.0,0,1,80:02:9C:61:97:4B,1,16,611.4,80:02:9C:61:97:4A,4,0,NONE,2026-08-24T15:57:24.325294
45917,BEACON,-84,13,0,873,65384,29260,2894649,0,99,7,0,0,14:33:5C:6D:AF:58,0,0,ARMED,448.0,0,1,80:02:9C:61:97:4B,1,8,78.1,80:02:9C:61:97:4A,4,0,NONE,2026-08-24T15:57:24.914294
45917,BEACON,-91,6,0,1898,65384,29260,2895118,0,99,7,0,0,14:33:5C:6D:AF:58,0,0,ARMED,448.0,0,0,80:02:9C:61:97:4B,1,7,117.8,80:02:9C:61:97:4A,4,0,NONE,2026-08-24T15:57:25.383294
45917,BEACON,-89,8,0,1903,65384,29260,2895633,0,99,7,0,0,14:33:5C:6D:AF:58,0,0,ARMED,448.0,0,0,80:02:9C:61:97:4B,1,7,128.1,80:02:9C:61:97:4A,4,0,NONE,2026-08-24T15:57:25.898294
45917,,37,37,0,1023,65384,29260,2895775,0,99,7,0,0,14:33:5C:6D:AF:58,0,0,ARMED,448.0,0,0,80:02:9C:61:97:4B,1,35,370.6,80:02:9C:61:97:4A,4,0,NONE,2026-08-24T15:57:26.040294
45917,,-44,53,0,2395,65384,29260,2895854,0,99,7,0,0,14:33:5C:6D:AF:58,0,1,ARMED,448.0,0,1,80:02:9C:61:97:4B,1,49,778.2,80:02:9C:61:97:4A,4,0,NONE,2026-08-24T15:57:26.119294
45917,,38,38,0,969,65336,29260,2895957,0,99,7,0,0,14:33:5C:6D:AF:58,0,1,ARMED,448.0,0,1,80:02:9C:61:97:4B,1,37,595.0,80:02:9C:61:97:4A,4,0,NONE,2026-08-24T15:57:26.222294
45917,,-69,28,33328,1209,65384,29260,2896313,0,99,7,0,0,14:33:5C:6D:AF:58,0,0,ARMED,448.0,0,1,80:02:9C:61:97:4B,1,1,256.3,80:02:9C:61:97:4A,4,0,NONE,2026-08-24T15:57:26.578294
45917,BEACON,-77,20,0,1754,65384,29260,2896744,0,99,7,0,0,14:33:5C:6D:AF:58,0,0,ARMED,448.0,0,1,80:02:9C:61:97:4B,1,3,116.6,80:02:9C:61:97:4A,4,0,NONE,2026-08-24T15:57:27.009294
45917,,-45,52,6585,2862,65384,29260,2897326,0,99,7,0,0,14:33:5C:6D:AF:58,0,0,ARMED,448.0,0,1,80:02:9C:61:97:4B,1,9,94.2,80:02:9C:61:97:4A,4,0,NONE,2026-08-24T15:57:27.591294
45917,,-69,28,725,1256,65384,29260,2897424,0,99,7,0,0,14:33:5C:6D:AF:58,0,0,ARMED,448.0,0,0,80:02:9C:61:97:4B,1,48,529.1,80:02:9C:61:97:4A,4,0,NONE,2026-08-24T15:57:27.689294
45917,,-42,55,15500,2866,65384,29260,2897736,0,99,7,0,0,14:33:5C:6D:AF:58,0,0,ARMED,448.0,0,1,80:02:9C:61:97:4B,1,22,247.8,80:02:9C:61:97:4A,4,0,NONE,2026-08-24T15:57:28.001294
45917,BEACON,-87,10,0,3806,65384,29260,2898160,0,99,7,0,0,14:33:5C:6D:AF:58,0,0,ARMED,448.0,0,1,80:02:9C:61:97:4B,1,11,107.4,80:02:9C:61:97:4A,4,0,NONE,2026-08-24T15:57:28.425294
45917,BEACON,-86,11,0,3811,65384,29260,2898673,0,99,7,0,0,14:33:5C:6D:AF:58,0,0,ARMED,448.0,0,1,80:02:9C:61:97:4B,1,13,152.4,80:02:9C:61:97:4A,4,0,NONE,2026-08-24T15:57:28.938294
45917,,-48,49,0,2451,65384,29260,2898777,0,99,7,0,0,14:33:5C:6D:AF:58,0,0,ARMED,448.0,0,0,80:02:9C:61:97:4B,1,45,517.8,80:02:9C:61:97:4A,4,0,NONE,2026-08-24T15:57:29.042294
45917,,-61,36,1811,911,65384,29260,2898860,0,99,7,0,0,14:33:5C:6D:AF:58,0,1,ARMED,448.0,0,1,80:02:9C:61:97:4B,1,49,733.9,80:02:9C:61:97:4A,4,0,NONE,2026-08-24T15:57:29.125294
45917,,36,36,0,2764,65384,29260,2898920,0,99,7,0,0,14:33:5C:6D:AF:58,0,1,ARMED,448.0,0,1,80:02:9C:61:97:4B,1,39,1563.3,80:02:9C:61:97:4A,4,0,NONE,2026-08-24T15:57:29.185294
45917,BEACON,-60,37,0,2258,65312,29260,2899176,0,99,7,0,0,14:33:5C:6D:AF:58,0,0,ARMED,448.0,0,1,80:02:9C:61:97:4B,1,8,104.1,80:02:9C:61:97:4A,4,0,NONE,2026-08-24T15:57:29.441294
45917,,-67,30,20346,1266,65384,29260,2899730,0,99,7,0,0,14:33:5C:6D:AF:58,0,0,ARMED,448.0,0,1,80:02:9C:61:97:4B,1,3,187.8,80:02:9C:61:97:4A,4,0,NONE,2026-08-24T15:57:29.995294
45917,,-44,53,17029,2904,65384,29260,2900196,0,99,7,0,0,14:33:5C:6D:AF:58,0,0,ARMED,448.0,0,1,80:02:9C:61:97:4B,1,12,164.5,80:02:9C:61:97:4A,4,0,NONE,2026-08-24T15:57:30.461294
45917,,-61,36,728,924,65384,29260,2900589,0,99,7,0,0,14:33:5C:6D:AF:58,0,0,ARMED,448.0,0,1,80:02:9C:61:97:4B,1,12,214.1,80:02:9C:61:97:4A,4,0,NONE,2026-08-24T15:57:30.854294
45917,,-46,51,3748,2526,65384,29260,2900680,0,99,7,0,0,14:33:5C:6D:AF:58,0,1,ARMED,448.0,0,0,80:02:9C:61:97:4B,1,30,674.4,80:02:9C:61:97:4A,4,0,NONE,2026-08-24T15:57:30.945294
45917,,-65,32,0,1293,65384,29260,2900842,0,99,7,0,0,14:33:5C:6D:AF:58,0,0,ARMED,448.0,0,0,80:02:9C:61:97:4B,1,7,3314.4,80:02:9C:61:97:4A,4,0,NONE,2026-08-24T15:57:31.107294
45917,BEACON,-60,37,82,2278,65384,29260,2901019,0,99,7,0,0,14:33:5C:6D:AF:58,0,1,ARMED,448.0,0,1,80:02:9C:61:97:4B,1,10,130.3,80:02:9C:61:97:4A,4,0,NONE,2026-08-24T15:57:31.284294
45917,BEACON,-60,37,35969,2283,65384,29260,2901531,0,99,7,0,0,14:33:5C:6D:AF:58,0,0,ARMED,448.0,0,1,80:02:9C:61:97:4B,1,8,104.2,80:02:9C:61:97:4A,4,0,NONE,2026-08-24T15:57:31.796294
45917,BEACON,-88,9,0,3843,65384,29260,2901949,0,99,7,0,0,14:33:5C:6D:AF:58,0,0,ARMED,448.0,0,1,80:02:9C:61:97:4B,1,19,228.9,80:02:9C:61:97:4A,4,0,NONE,2026-08-24T15:57:32.214294
45917,,-70,27,365,1320,65384,29260,2902220,0,99,7,0,0,14:33:5C:6D:AF:58,0,0,ARMED,448.0,0,1,80:02:9C:61:97:4B,1,19,393.8,80:02:9C:61:97:4A,4,0,NONE,2026-08-24T15:57:32.485294
45917,BEACON,-76,21,0,1811,65384,29260,2902581,0,99,7,0,0,14:33:5C:6D:AF:58,0,0,ARMED,448.0,0,1,80:02:9C:61:97:4B,1,15,146.5,80:02:9C:61:97:4A,4,0,NONE,2026-08-24T15:57:32.846294
45917,,34,34,0,1023,65384,29260,2902846,0,99,7,0,0,14:33:5C:6D:AF:58,0,0,ARMED,448.0,0,0,80:02:9C:61:97:4B,1,24,401.5,80:02:9C:61:97:4A,4,0,NONE,2026-08-24T15:57:33.111294
45917,,34,34,0,3820,65336,29260,2902905,0,99,7,0,0,14:33:5C:6D:AF:58,0,1,ARMED,448.0,0,1,80:02:9C:61:97:4B,1,15,874.3,80:02:9C:61:97:4A,4,0,NONE,2026-08-24T15:57:33.170294
45917,BEACON,-86,11,0,1632,65384,29260,2903254,0,99,7,0,0,14:33:5C:6D:AF:58,0,0,ARMED,448.0,0,1,80:02:9C:61:97:4B,1,3,51.1,80:02:9C:61:97:4A,4,0,NONE,2026-08-24T15:57:33.519294
45917,,-69,28,1021,3115,65384,29260,2903550,0,99,7,0,0,14:33:5C:6D:AF:58,0,0,ARMED,448.0,0,1,80:02:9C:61:97:4B,1,30,628.7,80:02:9C:61:97:4A,4,0,NONE,2026-08-24T15:57:33.815294
45917,,-61,36,267,166,65384,29260,2903570,0,99,7,0,0,14:33:5C:6D:AF:58,0,0,ARMED,448.0,0,0,80:02:9C:61:97:4B,1,80,1177.6,80:02:9C:61:97:4A,4,0,NONE,2026-08-24T15:57:33.835294
45917,BEACON,-88,9,58,3859,64920,29260,2903599,0,99,7,0,0,14:33:5C:6D:AF:58,0,0,ARMED,448.0,0,1,80:02:9C:61:97:4B,1,130,1349.8,80:02:9C:61:97:4A,4,0,NONE,2026-08-24T15:57:33.864294
45917,,-72,25,929,0,65384,29260,2903614,0,99,7,0,0,14:33:5C:6D:AF:58,0,1,ARMED,448.0,0,0,80:02:9C:61:97:4B,1,39,3444.3,80:02:9C:61:97:4A,4,0,NONE,2026-08-24T15:57:33.879294
45917,,-61,36,249,248,63956,29260,2903634,0,99,7,0,0,14:33:5C:6D:AF:58,0,1,ARMED,448.0,0,0,80:02:9C:61:97:4B,1,89,2852.8,80:02:9C:61:97:4A,4,0,NONE,2026-08-24T15:57:33.899294
45917,,-61,36,250,283,65384,29260,2903645,0,99,7,0,0,14:33:5C:6D:AF:58,0,1,ARMED,448.0,0,0,80:02:9C:61:97:4B,1,139,3269.3,80:02:9C:61:97:4A,4,0,NONE,2026-08-24T15:57:33.910294
45917,BEACON,-60,37,107,2305,65384,29260,2903682,0,99,7,0,0,14:33:5C:6D:AF:58,0,1,ARMED,448.0,0,1,80:02:9C:61:97:4B,1,189,2379.3,80:02:9C:61:97:4A,4,0,NONE,2026-08-24T15:57:33.947294
45917,,-69,28,206,2475,65384,29260,2903706,0,99,7,0,0,14:33:5C:6D:AF:58,1,1,ARMED,448.0,0,1,80:02:9C:61:97:4B,1,3,1039.1,80:02:9C:61:97:4A,4,0,NONE,2026-08-24T15:57:33.971294
45917,,-61,36,245,346,65368,29260,2903733,0,99,7,0,0,14:33:5C:6D:AF:58,1,1,ARMED,448.0,0,1,80:02:9C:61:97:4B,1,53,1731.1,80:02:9C:61:97:4A,4,0,NONE,2026-08-24T15:57:33.998294
45917,,-69,28,426,3199,65384,29260,2903745,0,99,7,0,0,14:33:5C:6D:AF:58,1,1,ARMED,448.0,0,1,80:02:9C:61:97:4B,1,103,2410.3,80:02:9C:61:97:4A,4,0,NONE,2026-08-24T15:57:34.010294
45917,,-61,36,266,401,65384,29260,2903767,0,99,7,0,0,14:33:5C:6D:AF:58,1,1,ARMED,448.0,0,0,80:02:9C:61:97:4B,1,153,2384.0,80:02:9C:61:97:4A,4,0,NONE,2026-08-24T15:57:34.032294
45917,,-61,36,250,431,65384,29260,2903782,0,99,7,0,0,14:33:5C:6D:AF:58,1,1,ARMED,448.0,0,0,80:02:9C:61:97:4B,1,203,2560.6,80:02:9C:61:97:4A,4,0,NONE,2026-08-24T15:57:34.047294
45917,BEACON,-75,22,82,1823,65384,29260,2903823,0,99,7,0,0,14:33:5C:6D:AF:58,1,1,ARMED,448.0,0,1,80:02:9C:61:97:4B,1,49,3041.4,80:02:9C:61:97:4A,4,0,NONE,2026-08-24T15:57:34.088294
45917,,-60,37,250,486,65384,29260,2903833,0,99,7,0,0,14:33:5C:6D:AF:58,1,1,ARMED,448.0,0,0,80:02:9C:61:97:4B,1,99,3824.9,80:02:9C:61:97:4A,4,0,NONE,2026-08-24T15:57:34.098294
45917,,-59,38,250,523,65384,29260,2903853,0,99,7,0,0,14:33:5C:6D:AF:58,1,1,ARMED,448.0,0,0,80:02:9C:61:97:4B,1,149,3283.0,80:02:9C:61:97:4A,4,0,NONE,2026-08-24T15:57:34.118294
45917,,-59,38,160,559,65384,29260,2903861,0,99,7,0,0,14:33:5C:6D:AF:58,1,1,ARMED,448.0,0,1,80:02:9C:61:97:4B,1,199,3725.1,80:02:9C:61:97:4A,4,0,NONE,2026-08-24T15:57:34.126294
45917,,-59,38,250,583,65384,29260,2903896,0,99,7,0,0,14:33:5C:6D:AF:58,1,1,ARMED,448.0,0,0,80:02:9C:61:97:4B,1,249,2817.3,80:02:9C:61:97:4A,4,0,NONE,2026-08-24T15:57:34.161294
45917,,-69,28,0,3265,63764,29260,2903914,0,99,7,0,0,14:33:5C:6D:AF:58,0,1,ARMED,448.0,0,0,80:02:9C:61:97:4B,1,16,2289.6,80:02:9C:61:97:4A,4,0,NONE,2026-08-24T15:57:34.179294
45917,,-57,40,250,634,65384,29260,2903950,0,99,7,0,0,14:33:5C:6D:AF:58,0,1,ARMED,448.0,0,0,80:02:9C:61:97:4B,1,66,1546.1,80:02:9C:61:97:4A,4,0,NONE,2026-08-24T15:57:34.215294
45917,,-56,41,249,663,65384,29260,2903963,0,99,7,0,0,14:33:5C:6D:AF:58,0,1,ARMED,448.0,0,0,80:02:9C:61:97:4B,1,116,2082.7,80:02:9C:61:97:4A,4,0,NONE,2026-08-24T15:57:34.228294
45917,,-56,41,250,682,65384,29260,2904000,0,99,7,0,0,14:33:5C:6D:AF:58,0,1,ARMED,448.0,0,0,80:02:9C:61:97:4B,1,166,1787.6,80:02:9C:61:97:4A,4,0,NONE,2026-08-24T15:57:34.265294
45917,,40,40,0,2769,65384,29260,2904017,0,99,7,0,0,14:33:5C:6D:AF:58,0,1,ARMED,448.0,0,0,80:02:9C:61:97:4B,1,28,3076.2,80:02:9C:61:97:4A,4,0,NONE,2026-08-24T15:57:34.282294
45917,,40,40,0,1561,65384,29260,2904069,0,99,7,0,0,14:33:5C:6D:AF:58,0,1,ARMED,448.0,0,0,80:02:9C:61:97:4B,1,78,1285.8,80:02:9C:61:97:4A,4,0,NONE,2026-08-24T15:57:34.334294
45917,,40,40,0,1826,65384,29260,2904121,0,99,7,0,0,14:33:5C:6D:AF:58,0,1,ARMED,448.0,0,0,80:02:9C:61:97:4B,1,4,316.3,80:02:9C:61:97:4A,4,0,NONE,2026-08-24T15:57:34.386294
45917,,40,40,0,1023,65384,29260,2904182,0,99,7,0,0,14:33:5C:6D:AF:58,0,1,ARMED,448.0,0,0,80:02:9C:61:97:4B,1,54,726.0,80:02:9C:61:97:4A,4,0,NONE,2026-08-24T15:57:34.447294
45917,,40,40,0,1023,65384,29260,2904243,0,99,7,0,0,14:33:5C:6D:AF:58,0,1,ARMED,448.0,0,0,80:02:9C:61:97:4B,1,18,539.9,80:02:9C:61:97:4A,4,0,NONE,2026-08-24T15:57:34.508294
45917,,40,40,0,2769,65384,29260,2904306,0,99,7,0,0,14:33:5C:6D:AF:58,0,1,ARMED,448.0,0,0,80:02:9C:61:97:4B,1,68,704.0,80:02:9C:61:97:4A,4,0,NONE,2026-08-24T15:57:34.571294
45917,,-71,26,0,1348,65384,29260,2904426,0,99,7,0,0,14:33:5C:6D:AF:58,0,1,ARMED,448.0,0,0,80:02:9C:61:97:4B,1,5,1236.7,80:02:9C:61:97:4A,4,0,NONE,2026-08-24T15:57:34.691294
45917,BEACON,-76,21,83,1832,65384,29260,2904731,0,99,7,0,0,14:33:5C:6D:AF:58,0,0,ARMED,448.0,0,1,80:02:9C:61:97:4B,1,12,113.0,80:02:9C:61:97:4A,4,0,NONE,2026-08-24T15:57:34.996294
45917,BEACON,-85,12,0,975,65384,29260,2905093,0,99,7,0,0,14:33:5C:6D:AF:58,0,0,ARMED,448.0,0,1,80:02:9C:61:97:4B,1,8,145.9,80:02:9C:61:97:4A,4,0,NONE,2026-08-24T15:57:35.358294
45917,,-37,60,17648,3017,65384,29260,2905562,0,99,7,0,0,14:33:5C:6D:AF:58,0,0,ARMED,448.0,0,1,80:02:9C:61:97:4B,1,2,181.5,80:02:9C:61:97:4A,4,0,NONE,2026-08-24T15:57:35.827294
45917,BEACON,-85,12,0,870,65384,29260,2905929,0,99,7,0,0,14:33:5C:6D:AF:58,0,0,ARMED,448.0,0,1,80:02:9C:61:97:4B,1,8,111.9,80:02:9C:61:97:4A,4,0,NONE,2026-08-24T15:57:36.194294
45917,,-67,30,0,3819,65384,29260,2906485,0,99,7,0,0,14:33:5C:6D:AF:58,0,0,ARMED,448.0,0,0,80:02:9C:61:97:4B,1,4,302.7,80:02:9C:61:97:4A,4,0,NONE,2026-08-24T15:57:36.750294
45917,,-91,6,19825,2868,65384,29260,2906743,0,99,7,0,0,14:33:5C:6D:AF:58,0,0,ARMED,448.0,0,1,80:02:9C:61:97:4B,1,5,75.5,80:02:9C:61:97:4A,4,0,NONE,2026-08-24T15:57:37.008294
45917,,-43,54,0,2685,65384,29260,2907023,0,99,7,0,0,14:33:5C:6D:AF:58,0,0,ARMED,448.0,0,0,80:02:9C:61:97:4B,1,22,560.5,80:02:9C:61:97:4A,4,0,NONE,2026-08-24T15:57:37.288294
45917,,39,39,0,2772,65384,29260,2907075,0,99,7,0,0,14:33:5C:6D:AF:58,0,0,ARMED,448.0,0,0,80:02:9C:61:97:4B,1,72,789.7,80:02:9C:61:97:4A,4,0,NONE,2026-08-24T15:57:37.340294
45917,,40,40,0,2772,65384,29260,2907157,0,99,7,0,0,14:33:5C:6D:AF:58,0,1,ARMED,448.0,0,0,80:02:9C:61:97:4B,1,49,744.4,80:02:9C:61:97:4A,4,0,NONE,2026-08-24T15:57:37.422294
45917,,-85,12,0,2127,65368,29260,2907254,0,99,7,0,0,14:33:5C:6D:AF:58,0,1,ARMED,448.0,0,1,80:02:9C:61:97:4B,1,41,709.4,80:02:9C:61:97:4A,4,0,NONE,2026-08-24T15:57:37.519294
45917,,40,40,0,1023,65384,29260,2907372,0,99,7,0,0,14:33:5C:6D:AF:58,0,1,ARMED,448.0,0,0,80:02:9C:61:97:4B,1,24,328.6,80:02:9C:61:97:4A,4,0,NONE,2026-08-24T15:57:37.637294
45917,,-56,41,896,1004,65384,29260,2907749,0,99,7,0,0,14:33:5C:6D:AF:58,0,0,ARMED,448.0,0,0,80:02:9C:61:97:4B,1,13,319.1,80:02:9C:61:97:4A,4,0,NONE,2026-08-24T15:57:38.014294
45917,DISASSOC,-91,6,23942,3418,65384,29260,2907923,0,99,7,0,0,14:33:5C:6D:AF:58,0,0,ARMED,448.0,0,1,80:02:9C:61:97:4B,1,2,199.8,80:02:9C:61:97:4A,4,0,NONE,2026-08-24T15:57:38.188294
45917,,-70,27,143,2519,65384,29260,2908172,0,99,7,0,0,14:33:5C:6D:AF:58,0,0,ARMED,448.0,0,0,80:02:9C:61:97:4B,1,16,277.5,80:02:9C:61:97:4A,4,0,NONE,2026-08-24T15:57:38.437294
45917,,-70,27,1760,2541,65384,29260,2908462,0,99,7,0,0,14:33:5C:6D:AF:58,0,0,ARMED,448.0,0,0,80:02:9C:61:97:4B,1,7,190.8,80:02:9C:61:97:4A,4,0,NONE,2026-08-24T15:57:38.727294
45917,BEACON,-57,40,0,2367,65384,29260,2908802,0,99,7,0,0,14:33:5C:6D:AF:58,0,0,ARMED,448.0,0,1,80:02:9C:61:97:4B,1,10,144.2,80:02:9C:61:97:4A,4,0,NONE,2026-08-24T15:57:39.067294
45917,BEACON,-85,12,0,904,65384,29260,2909402,0,99,7,0,0,14:33:5C:6D:AF:58,0,0,ARMED,448.0,0,1,80:02:9C:61:97:4B,1,4,72.5,80:02:9C:61:97:4A,4,0,NONE,2026-08-24T15:57:39.667294
45917,BEACON,-88,9,0,2042,65384,29260,2909866,0,99,7,0,0,14:33:5C:6D:AF:58,0,0,ARMED,448.0,0,1,80:02:9C:61:97:4B,1,2,261.2,80:02:9C:61:97:4A,4,0,NONE,2026-08-24T15:57:40.131294
45917,,-70,27,0,3307,65384,29260,2910275,0,99,7,0,0,14:33:5C:6D:AF:58,0,0,ARMED,448.0,0,0,80:02:9C:61:97:4B,1,7,1128.1,80:02:9C:61:97:4A,4,0,NONE,2026-08-24T15:57:40.540294
45917,,-56,41,250,737,65384,29260,2910297,0,99,7,0,0,14:33:5C:6D:AF:58,0,0,ARMED,448.0,0,0,80:02:9C:61:97:4B,1,57,2008.8,80:02:9C:61:97:4A,4,0,NONE,2026-08-24T15:57:40.562294
45917,,-56,41,168,771,65384,29260,2910316,0,99,7,0,0,14:33:5C:6D:AF:58,0,0,ARMED,448.0,0,1,80:02:9C:61:97:4B,1,107,2239.7,80:02:9C:61:97:4A,4,0,NONE,2026-08-24T15:57:40.581294
45917,,-56,41,250,798,65384,29260,2910334,0,99,7,0,0,14:33:5C:6D:AF:58,0,0,ARMED,448.0,0,0,80:02:9C:61:97:4B,1,157,2385.4,80:02:9C:61:97:4A,4,0,NONE,2026-08-24T15:57:40.599294
45917,,-56,41,332,825,65384,29260,2910354,0,99,7,0,0,14:33:5C:6D:AF:58,0,0,ARMED,448.0,0,0,80:02:9C:61:97:4B,1,207,2431.1,80:02:9C:61:97:4A,4,0,NONE,2026-08-24T15:57:40.619294
45917,,-56,41,267,845,65384,29260,2910382,0,99,7,0,0,14:33:5C:6D:AF:58,0,1,ARMED,448.0,0,0,80:02:9C:61:97:4B,1,15,1122.3,80:02:9C:61:97:4A,4,0,NONE,2026-08-24T15:57:40.647294
45917,,-70,27,0,3359,63956,29260,2910411,0,99,7,0,0,14:33:5C:6D:AF:58,0,1,ARMED,448.0,0,0,80:02:9C:61:97:4B,1,65,1536.6,80:02:9C:61:97:4A,4,0,NONE,2026-08-24T15:57:40.676294
45917,,-57,40,266,919,64740,29260,2910417,0,99,7,0,0,14:33:5C:6D:AF:58,0,1,ARMED,448.0,0,0,80:02:9C:61:97:4B,1,115,2378.9,80:02:9C:61:97:4A,4,0,NONE,2026-08-24T15:57:40.682294
45917,,-57,40,266,955,64544,29260,2910437,0,99,7,0,0,14:33:5C:6D:AF:58,0,1,ARMED,448.0,0,0,80:02:9C:61:97:4B,1,165,2405.7,80:02:9C:61:97:4A,4,0,NONE,2026-08-24T15:57:40.702294
45917,,-37,60,220,3042,65384,29260,2910509,0,99,7,0,0,14:33:5C:6D:AF:58,0,1,ARMED,448.0,0,0,80:02:9C:61:97:4B,1,32,884.5,80:02:9C:61:97:4A,4,0,NONE,2026-08-24T15:57:40.774294
45917,,-37,60,12616,3043,65384,29260,2910806,0,99,7,0,0,14:33:5C:6D:AF:58,0,0,ARMED,448.0,0,1,80:02:9C:61:97:4B,1,3,118.5,80:02:9C:61:97:4A,4,0,NONE,2026-08-24T15:57:41.071294
45917,,-43,54,0,2753,65384,29260,2911051,0,99,7,0,0,14:33:5C:6D:AF:58,0,0,ARMED,448.0,0,0,80:02:9C:61:97:4B,1,16,259.5,80:02:9C:61:97:4A,4,0,NONE,2026-08-24T15:57:41.316294
45917,,39,39,0,1023,65384,29260,2911144,0,99,7,0,0,14:33:5C:6D:AF:58,1,1,ARMED,448.0,0,0,80:02:9C:61:97:4B,1,28,513.2,80:02:9C:61:97:4A,4,0,NONE,2026-08-24T15:57:41.409294
45917,,-42,55,3072,2783,65384,29260,2911183,0,99,7,0,0,14:33:5C:6D:AF:58,1,1,ARMED,448.0,0,1,80:02:9C:61:97:4B,1,78,836.1,80:02:9C:61:97:4A,4,0,NONE,2026-08-24T15:57:41.448294
45917,,-58,39,0,1051,65384,29260,2911240,0,99,7,0,0,14:33:5C:6D:AF:58,1,1,ARMED,448.0,0,0,80:02:9C:61:97:4B,1,49,1198.4,80:02:9C:61:97:4A,4,0,NONE,2026-08-24T15:57:41.505294
45917,BEACON,-89,8,0,2059,65384,29260,2911609,0,99,7,0,0,14:33:5C:6D:AF:58,0,0,ARMED,448.0,0,0,80:02:9C:61:97:4B,1,1,257.9,80:02:9C:61:97:4A,4,0,NONE,2026-08-24T15:57:41.874294
45917,BEACON,-85,12,126373,1044,65384,29260,2912159,0,99,7,0,0,14:33:5C:6D:AF:58,0,0,ARMED,448.0,0,1,80:02:9C:61:97:4B,1,6,58.6,80:02:9C:61:97:4A,4,0,NONE,2026-08-24T15:57:42.424294
45917,,-37,60,20413,3071,65384,29260,2912820,0,99,7,0,0,14:33:5C:6D:AF:58,0,0,ARMED,448.0,0,1,80:02:9C:61:97:4B,1,2,82.3,80:02:9C:61:97:4A,4,0,NONE,2026-08-24T15:57:43.085294
45917,BEACON,-86,11,0,1736,65384,29260,2913187,0,99,7,0,0,14:33:5C:6D:AF:58,0,0,ARMED,448.0,0,1,80:02:9C:61:97:4B,1,12,142.1,80:02:9C:61:97:4A,4,0,NONE,2026-08-24T15:57:43.452294
45917,,-72,25,491,1491,65384,29260,2913586,0,99,7,0,0,14:33:5C:6D:AF:58,0,0,ARMED,448.0,0,0,80:02:9C:61:97:4B,1,19,256.6,80:02:9C:61:97:4A,4,0,NONE,2026-08-24T15:57:43.851294
45917,,-37,60,11762,3079,65384,29260,2914095,0,99,7,0,0,14:33:5C:6D:AF:58,0,0,ARMED,448.0,0,1,80:02:9C:61:97:4B,1,7,98.9,80:02:9C:61:97:4A,4,0,NONE,2026-08-24T15:57:44.360294
45917,BEACON,-85,12,0,1750,65384,29260,2914518,0,99,7,0,0,14:33:5C:6D:AF:58,0,0,ARMED,448.0,0,1,80:02:9C:61:97:4B,1,10,118.5,80:02:9C:61:97:4A,4,0,NONE,2026-08-24T15:57:44.783294
45917,,-72,25,0,1516,65384,29260,2914750,0,99,7,0,0,14:33:5C:6D:AF:58,0,1,ARMED,448.0,0,0,80:02:9C:61:97:4B,1,6,631.1,80:02:9C:61:97:4A,4,0,NONE,2026-08-24T15:57:45.015294
45917,BEACON,-76,21,0,1933,65384,29260,2915074,0,99,7,0,0,14:33:5C:6D:AF:58,0,0,ARMED,448.0,0,1,80:02:9C:61:97:4B,1,3,116.5,80:02:9C:61:97:4A,4,0,NONE,2026-08-24T15:57:45.339294
45917,BEACON,-90,7,0,2097,65384,29260,2915495,0,99,7,0,0,14:33:5C:6D:AF:58,0,0,ARMED,448.0,0,0,80:02:9C:61:97:4B,1,7,186.3,80:02:9C:61:97:4A,4,0,NONE,2026-08-24T15:57:45.760294
45917,,39,39,0,2780,65384,29260,2915853,0,99,7,0,0,14:33:5C:6D:AF:58,0,0,ARMED,448.0,0,0,80:02:9C:61:97:4B,1,13,147.7,80:02:9C:61:97:4A,4,0,NONE,2026-08-24T15:57:46.118294
45917,,-38,59,1508,2835,65384,29260,2916085,0,99,7,0,0,14:33:5C:6D:AF:58,0,0,ARMED,448.0,0,0,80:02:9C:61:97:4B,1,34,380.7,80:02:9C:61:97:4A,4,0,NONE,2026-08-24T15:57:46.350294
45917,BEACON,-76,21,0,1945,65384,29260,2916303,0,99,7,0,0,14:33:5C:6D:AF:58,0,0,ARMED,448.0,0,1,80:02:9C:61:97:4B,1,14,136.7,80:02:9C:61:97:4A,4,0,NONE,2026-08-24T15:57:46.568294
45917,MGMT_OTHER,-87,10,74906,3986,65384,29260,2916624,0,99,7,0,0,14:33:5C:6D:AF:58,0,0,ARMED,448.0,0,1,80:02:9C:61:97:4B,1,4,278.5,80:02:9C:61:97:4A,4,0,NONE,2026-08-24T15:57:46.889294
45917,BEACON,-94,3,38513,3990,65384,29260,2917001,0,99,7,0,0,14:33:5C:6D:AF:58,0,0,ARMED,448.0,0,1,80:02:9C:61:97:4B,1,10,118.7,80:02:9C:61:97:4A,4,0,NONE,2026-08-24T15:57:47.266294
45917,,-42,55,3006,2893,65384,29260,2917139,0,99,7,0,0,14:33:5C:6D:AF:58,0,1,ARMED,448.0,0,0,80:02:9C:61:97:4B,1,11,510.4,80:02:9C:61:97:4A,4,0,NONE,2026-08-24T15:57:47.404294
45917,,39,39,0,2781,65384,29260,2917250,0,99,7,0,0,14:33:5C:6D:AF:58,0,1,ARMED,448.0,0,0,80:02:9C:61:97:4B,1,15,484.0,80:02:9C:61:97:4A,4,0,NONE,2026-08-24T15:57:47.515294
45917,,54,54,0,1955,65384,29260,2917358,0,99,7,0,0,14:33:5C:6D:AF:58,0,1,ARMED,448.0,0,0,80:02:9C:61:97:4B,1,14,373.8,80:02:9C:61:97:4A,4,0,NONE,2026-08-24T15:57:47.623294
45917,AUTH,-91,6,47152,2733,65384,29260,2917664,0,99,7,0,0,14:33:5C:6D:AF:58,0,0,ARMED,448.0,0,1,80:02:9C:61:97:4B,1,4,132.6,80:02:9C:61:97:4A,4,0,NONE,2026-08-24T15:57:47.929294
45917,,-70,27,1254,2634,65384,29260,2918103,0,99,7,0,0,14:33:5C:6D:AF:58,0,0,ARMED,448.0,0,0,80:02:9C:61:97:4B,1,12,202.5,80:02:9C:61:97:4A,4,0,NONE,2026-08-24T15:57:48.368294
45917,,-57,40,982,1135,65384,29260,2918211,0,99,7,0,0,14:33:5C:6D:AF:58,0,0,ARMED,448.0,0,0,80:02:9C:61:97:4B,1,39,597.4,80:02:9C:61:97:4A,4,0,NONE,2026-08-24T15:57:48.476294
45917,BEACON,-76,21,6001,1969,65384,29260,2918760,0,99,7,0,0,14:33:5C:6D:AF:58,0,0,ARMED,448.0,0,1,80:02:9C:61:97:4B,1,7,68.3,80:02:9C:61:97:4A,4,0,NONE,2026-08-24T15:57:49.025294
45917,BEACON,-94,3,4440,4012,65384,29260,2919254,0,99,7,0,0,14:33:5C:6D:AF:58,0,0,ARMED,448.0,0,1,80:02:9C:61:97:4B,1,10,118.8,80:02:9C:61:97:4A,4,0,NONE,2026-08-24T15:57:49.519294
45917,PROBE_RESP,-90,7,0,2679,65384,29260,2919542,0,99,7,0,0,14:33:5C:6D:AF:58,0,0,ARMED,448.0,0,0,80:02:9C:61:97:4B,1,31,472.5,80:02:9C:61:97:4A,4,0,NONE,2026-08-24T15:57:49.807294
45917,BEACON,-57,40,130071,2487,65384,29260,2920066,0,99,7,0,0,14:33:5C:6D:AF:58,0,0,ARMED,448.0,0,1,80:02:9C:61:97:4B,1,5,65.1,80:02:9C:61:97:4A,4,0,NONE,2026-08-24T15:57:50.331294
45917,BEACON,-56,41,34075,2493,65384,29260,2920680,0,99,7,0,0,14:33:5C:6D:AF:58,0,0,ARMED,448.0,0,1,80:02:9C:61:97:4B,1,7,91.2,80:02:9C:61:97:4A,4,0,NONE,2026-08-24T15:57:50.945294
45917,,-91,6,3951,1195,65384,29260,2920983,0,99,7,0,0,14:33:5C:6D:AF:58,0,0,ARMED,448.0,0,1,80:02:9C:61:97:4B,1,6,82.7,80:02:9C:61:97:4A,4,0,NONE,2026-08-24T15:57:51.248294
45917,BEACON,-87,10,0,2155,65384,29260,2921437,0,99,7,0,0,14:33:5C:6D:AF:58,0,0,ARMED,448.0,0,0,80:02:9C:61:97:4B,1,3,202.9,80:02:9C:61:97:4A,4,0,NONE,2026-08-24T15:57:51.702294
45917,,-56,41,266,981,65384,29260,2921552,0,99,7,0,0,14:33:5C:6D:AF:58,0,0,ARMED,448.0,0,0,80:02:9C:61:97:4B,1,43,1607.7,80:02:9C:61:97:4A,4,0,NONE,2026-08-24T15:57:51.817294
45917,,-56,41,250,1013,65384,29260,2921574,0,99,7,0,0,14:33:5C:6D:AF:58,0,0,ARMED,448.0,0,0,80:02:9C:61:97:4B,1,93,1886.0,80:02:9C:61:97:4A,4,0,NONE,2026-08-24T15:57:51.839294
45917,,-56,41,0,1165,65384,29260,2921593,0,99,7,0,0,14:33:5C:6D:AF:58,0,0,ARMED,448.0,0,0,80:02:9C:61:97:4B,1,143,2102.7,80:02:9C:61:97:4A,4,0,NONE,2026-08-24T15:57:51.858294
45917,,-56,41,250,1067,65384,29260,2921621,0,99,7,0,0,14:33:5C:6D:AF:58,0,0,ARMED,448.0,0,0,80:02:9C:61:97:4B,1,193,2000.1,80:02:9C:61:97:4A,4,0,NONE,2026-08-24T15:57:51.886294
45917,,-56,41,267,1097,65384,29260,2921646,0,99,7,0,0,14:33:5C:6D:AF:58,0,1,ARMED,448.0,0,0,80:02:9C:61:97:4B,1,39,1882.8,80:02:9C:61:97:4A,4,0,NONE,2026-08-24T15:57:51.911294
45917,,-56,41,250,1136,65384,29260,2921665,0,99,7,0,0,14:33:5C:6D:AF:58,0,1,ARMED,448.0,0,0,80:02:9C:61:97:4B,1,89,2201.2,80:02:9C:61:97:4A,4,0,NONE,2026-08-24T15:57:51.930294
45917,,-69,28,0,3440,65384,29260,2921680,0,99,7,0,0,14:33:5C:6D:AF:58,0,1,ARMED,448.0,0,0,80:02:9C:61:97:4B,1,139,2503.6,80:02:9C:61:97:4A,4,0,NONE,2026-08-24T15:57:51.945294
45917,,-56,41,266,1168,65384,29260,2921701,0,99,7,0,0,14:33:5C:6D:AF:58,0,1,ARMED,448.0,0,0,80:02:9C:61:97:4B,1,189,2469.2,80:02:9C:61:97:4A,4,0,NONE,2026-08-24T15:57:51.966294
45917,,-69,28,337,3458,65384,29260,2921724,0,99,7,0,0,14:33:5C:6D:AF:58,0,1,ARMED,448.0,0,1,80:02:9C:61:97:4B,1,239,2410.0,80:02:9C:61:97:4A,4,0,NONE,2026-08-24T15:57:51.989294
45917,,-56,41,621,1210,65384,29260,2921751,0,99,7,0,0,14:33:5C:6D:AF:58,0,1,ARMED,448.0,0,0,80:02:9C:61:97:4B,1,49,4434.0,80:02:9C:61:97:4A,4,0,NONE,2026-08-24T15:57:52.016294
45917,,-56,41,266,1230,65384,29260,2921775,0,99,7,0,0,14:33:5C:6D:AF:58,0,1,ARMED,448.0,0,0,80:02:9C:61:97:4B,1,99,2849.1,80:02:9C:61:97:4A,4,0,NONE,2026-08-24T15:57:52.040294
45917,,-56,41,250,1257,65384,29260,2921798,0,99,7,0,0,14:33:5C:6D:AF:58,0,1,ARMED,448.0,0,0,80:02:9C:61:97:4B,1,149,2580.6,80:02:9C:61:97:4A,4,0,NONE,2026-08-24T15:57:52.063294
45917,,-70,27,0,3482,60552,29260,2921820,0,99,7,0,0,14:33:5C:6D:AF:58,0,1,ARMED,448.0,0,0,80:02:9C:61:97:4B,1,199,2484.0,80:02:9C:61:97:4A,4,0,NONE,2026-08-24T15:57:52.085294
45917,,-56,41,421,1299,65384,29260,2921849,0,99,7,0,0,14:33:5C:6D:AF:58,0,1,ARMED,448.0,0,0,80:02:9C:61:97:4B,1,49,13207.5,80:02:9C:61:97:4A,4,0,NONE,2026-08-24T15:57:52.114294
45917,,-56,41,287,663,65336,29260,2921856,0,99,7,0,0,14:33:5C:6D:AF:58,0,1,ARMED,448.0,0,1,80:02:9C:61:97:4B,1,99,9680.3,80:02:9C:61:97:4A,4,0,NONE,2026-08-24T15:57:52.121294
45917,,-56,41,286,1367,65384,29260,2921876,0,99,7,0,0,14:33:5C:6D:AF:58,0,1,ARMED,448.0,0,0,80:02:9C:61:97:4B,1,149,4953.0,80:02:9C:61:97:4A,4,0,NONE,2026-08-24T15:57:52.141294
45917,,-56,41,901,1396,65384,29260,2921891,0,99,7,0,0,14:33:5C:6D:AF:58,0,1,ARMED,448.0,0,0,80:02:9C:61:97:4B,1,199,4400.7,80:02:9C:61:97:4A,4,0,NONE,2026-08-24T15:57:52.156294
45917,,-56,41,266,1424,65384,29260,2921912,0,99,7,0,0,14:33:5C:6D:AF:58,0,1,ARMED,448.0,0,0,80:02:9C:61:97:4B,1,249,3751.2,80:02:9C:61:97:4A,4,0,NONE,2026-08-24T15:57:52.177294
45917,,-70,27,0,3547,65384,29260,2921928,0,99,7,0,0,14:33:5C:6D:AF:58,0,1,ARMED,448.0,0,0,80:02:9C:61:97:4B,1,299,3614.6,80:02:9C:61:97:4A,4,0,NONE,2026-08-24T15:57:52.193294
45917,,-56,41,250,1483,65384,29260,2921959,0,99,7,0,0,14:33:5C:6D:AF:58,0,1,ARMED,448.0,0,0,80:02:9C:61:97:4B,1,40,3919.3,80:02:9C:61:97:4A,4,0,NONE,2026-08-24T15:57:52.224294
45917,,-56,41,266,1515,65384,29260,2921974,0,99,7,0,0,14:33:5C:6D:AF:58,0,1,ARMED,448.0,0,0,80:02:9C:61:97:4B,1,90,3708.4,80:02:9C:61:97:4A,4,0,NONE,2026-08-24T15:57:52.239294
45917,,-56,41,666,1530,65384,29260,2922004,0,99,7,0,0,14:33:5C:6D:AF:58,0,1,ARMED,448.0,0,0,80:02:9C:61:97:4B,1,140,2535.3,80:02:9C:61:97:4A,4,0,NONE,2026-08-24T15:57:52.269294
45917,,-70,27,0,3579,65384,29260,2922024,0,99,7,0,0,14:33:5C:6D:AF:58,0,1,ARMED,448.0,0,0,80:02:9C:61:97:4B,1,190,2557.5,80:02:9C:61:97:4A,4,0,NONE,2026-08-24T15:57:52.289294
45917,,-56,41,509,1583,65384,29260,2922053,0,99,7,0,0,14:33:5C:6D:AF:58,0,1,ARMED,448.0,0,0,80:02:9C:61:97:4B,1,45,13432.8,80:02:9C:61:97:4A,4,0,NONE,2026-08-24T15:57:52.318294
45917,,-57,40,250,1621,65384,29260,2922066,0,99,7,0,0,14:33:5C:6D:AF:58,0,1,ARMED,448.0,0,0,80:02:9C:61:97:4B,1,95,5817.5,80:02:9C:61:97:4A,4,0,NONE,2026-08-24T15:57:52.331294
45917,,-57,40,250,1647,65384,29260,2922087,0,99,7,0,0,14:33:5C:6D:AF:58,0,1,ARMED,448.0,0,0,80:02:9C:61:97:4B,1,145,3881.3,80:02:9C:61:97:4A,4,0,NONE,2026-08-24T15:57:52.352294
45917,,-69,28,392,3613,65384,29260,2922108,0,99,7,0,0,14:33:5C:6D:AF:58,0,1,ARMED,448.0,0,1,80:02:9C:61:97:4B,1,195,3327.4,80:02:9C:61:97:4A,4,0,NONE,2026-08-24T15:57:52.373294
45917,,-57,40,250,1706,65384,29260,2922128,0,99,7,0,0,14:33:5C:6D:AF:58,0,1,ARMED,448.0,0,0,80:02:9C:61:97:4B,1,245,3122.3,80:02:9C:61:97:4A,4,0,NONE,2026-08-24T15:57:52.393294
45917,,-70,27,647,2704,65384,29260,2922261,0,99,7,0,0,14:33:5C:6D:AF:58,0,0,ARMED,448.0,0,0,80:02:9C:61:97:4B,1,4,473.5,80:02:9C:61:97:4A,4,0,NONE,2026-08-24T15:57:52.526294
45917,BEACON,-55,42,0,2512,65384,29260,2922523,0,99,7,0,0,14:33:5C:6D:AF:58,0,0,ARMED,448.0,0,1,80:02:9C:61:97:4B,1,4,64.7,80:02:9C:61:97:4A,4,0,NONE,2026-08-24T15:57:52.788294
45917,BEACON,-76,21,0,2009,65384,29260,2922856,0,99,7,0,0,14:33:5C:6D:AF:58,0,0,ARMED,448.0,0,1,80:02:9C:61:97:4B,1,10,114.4,80:02:9C:61:97:4A,4,0,NONE,2026-08-24T15:57:53.121294
45917,,47,47,0,2012,65384,29260,2923164,0,99,7,0,0,14:33:5C:6D:AF:58,0,0,ARMED,448.0,0,0,80:02:9C:61:97:4B,1,26,418.3,80:02:9C:61:97:4A,4,0,NONE,2026-08-24T15:57:53.429294
45917,BEACON,-76,21,0,2014,65384,29260,2923368,0,99,7,0,0,14:33:5C:6D:AF:58,0,1,ARMED,448.0,0,1,80:02:9C:61:97:4B,1,4,91.3,80:02:9C:61:97:4A,4,0,NONE,2026-08-24T15:57:53.633294
45917,,-56,41,124,1715,65384,29260,2923753,0,99,7,0,0,14:33:5C:6D:AF:58,0,0,ARMED,448.0,0,0,80:02:9C:61:97:4B,1,9,529.6,80:02:9C:61:97:4A,4,0,NONE,2026-08-24T15:57:54.018294
45917,,-70,27,7133,2733,65384,29260,2923968,0,99,7,0,0,14:33:5C:6D:AF:58,0,0,ARMED,448.0,0,1,80:02:9C:61:97:4B,1,9,321.9,80:02:9C:61:97:4A,4,0,NONE,2026-08-24T15:57:54.233294
45917,BEACON,-87,10,0,2182,65384,29260,2924199,0,99,7,0,0,14:33:5C:6D:AF:58,1,1,ARMED,448.0,0,0,80:02:9C:61:97:4B,1,7,126.1,80:02:9C:61:97:4A,4,0,NONE,2026-08-24T15:57:54.464294
45917,BEACON,-87,10,0,2186,65384,29260,2924609,0,99,7,0,0,14:33:5C:6D:AF:58,0,0,ARMED,448.0,0,0,80:02:9C:61:97:4B,1,4,106.9,80:02:9C:61:97:4A,4,0,NONE,2026-08-24T15:57:54.874294
45917,,-56,41,0,1192,64992,29260,2925084,0,99,7,0,0,14:33:5C:6D:AF:58,0,0,ARMED,448.0,0,0,80:02:9C:61:97:4B,1,3,855.9,80:02:9C:61:97:4A,4,0,NONE,2026-08-24T15:57:55.349294
45917,BEACON,-86,11,49988,1060,65384,29260,2925376,0,99,7,0,0,14:33:5C:6D:AF:58,0,0,ARMED,448.0,0,1,80:02:9C:61:97:4B,1,8,90.5,80:02:9C:61:97:4A,4,0,NONE,2026-08-24T15:57:55.641294
45917,,39,39,0,1023,65384,29260,2925907,0,99,7,0,0,14:33:5C:6D:AF:58,0,0,ARMED,448.0,0,1,80:02:9C:61:97:4B,1,10,100.3,80:02:9C:61:97:4A,4,0,NONE,2026-08-24T15:57:56.172294
45917,BEACON,-57,40,20074,2553,65384,29260,2926414,0,99,7,0,0,14:33:5C:6D:AF:58,0,0,ARMED,448.0,0,1,80:02:9C:61:97:4B,1,9,94.6,80:02:9C:61:97:4A,4,0,NONE,2026-08-24T15:57:56.679294
45917,,-69,28,0,2749,65384,29260,2926710,0,99,7,0,0,14:33:5C:6D:AF:58,0,0,ARMED,448.0,0,1,80:02:9C:61:97:4B,1,16,246.6,80:02:9C:61:97:4A,4,0,NONE,2026-08-24T15:57:56.975294
45917,BEACON,-76,21,0,2050,65384,29260,2927055,0,99,7,0,0,14:33:5C:6D:AF:58,0,0,ARMED,448.0,0,1,80:02:9C:61:97:4B,1,7,68.4,80:02:9C:61:97:4A,4,0,NONE,2026-08-24T15:57:57.320294
45917,BEACON,-57,40,73969,2565,65384,29260,2927438,0,99,7,0,0,14:33:5C:6D:AF:58,0,0,ARMED,448.0,0,1,80:02:9C:61:97:4B,1,5,65.1,80:02:9C:61:97:4A,4,0,NONE,2026-08-24T15:57:57.703294
45917,BEACON,-76,21,0,2056,65384,29260,2927674,0,99,7,0,0,14:33:5C:6D:AF:58,0,1,ARMED,448.0,0,1,80:02:9C:61:97:4B,1,31,288.4,80:02:9C:61:97:4A,4,0,NONE,2026-08-24T15:57:57.939294
45917,,-86,11,0,1978,65384,29260,2927940,0,99,7,0,0,14:33:5C:6D:AF:58,0,1,ARMED,448.0,0,0,80:02:9C:61:97:4B,1,7,118.2,80:02:9C:61:97:4A,4,0,NONE,2026-08-24T15:57:58.205294
45917,,40,40,0,1023,65384,29260,2928067,0,99,7,0,0,14:33:5C:6D:AF:58,0,0,ARMED,448.0,0,0,80:02:9C:61:97:4B,1,43,539.4,80:02:9C:61:97:4A,4,0,NONE,2026-08-24T15:57:58.332294
45917,BEACON,-75,22,0,2061,65384,29260,2928181,0,99,7,0,0,14:33:5C:6D:AF:58,0,1,ARMED,448.0,0,1,80:02:9C:61:97:4B,1,31,333.5,80:02:9C:61:97:4A,4,0,NONE,2026-08-24T15:57:58.446294
45917,,-57,40,0,2579,65384,29260,2928681,0,99,7,0,0,14:33:5C:6D:AF:58,0,0,ARMED,448.0,0,1,80:02:9C:61:97:4B,1,5,140.7,80:02:9C:61:97:4A,4,0,NONE,2026-08-24T15:57:58.946294
45917,BEACON,-87,10,1312,9,65384,29260,2928783,0,99,7,0,0,14:33:5C:6D:AF:58,0,1,ARMED,448.0,0,1,80:02:9C:61:97:4B,1,24,774.0,80:02:9C:61:97:4A,4,0,NONE,2026-08-24T15:57:59.048294
45917,BEACON,-88,9,0,12,65384,29260,2929084,0,99,7,0,0,14:33:5C:6D:AF:58,0,0,ARMED,448.0,0,1,80:02:9C:61:97:4B,1,1,146.8,80:02:9C:61:97:4A,4,0,NONE,2026-08-24T15:57:59.349294
45917,BEACON,-89,8,0,16,65384,29260,2929494,0,99,7,0,0,14:33:5C:6D:AF:58,0,0,ARMED,448.0,0,1,80:02:9C:61:97:4B,1,1,136.1,80:02:9C:61:97:4A,4,0,NONE,2026-08-24T15:57:59.759294
45917,BEACON,-76,21,0,2078,65384,29260,2929922,0,99,7,0,0,14:33:5C:6D:AF:58,0,0,ARMED,448.0,0,1,80:02:9C:61:97:4B,1,2,77.7,80:02:9C:61:97:4A,4,0,NONE,2026-08-24T15:58:00.187294
45917,BEACON,-88,9,0,2241,65384,29260,2930241,0,99,7,0,0,14:33:5C:6D:AF:58,0,0,ARMED,448.0,0,0,80:02:9C:61:97:4B,1,6,151.8,80:02:9C:61:97:4A,4,0,NONE,2026-08-24T15:58:00.506294
45917,,-56,41,0,2603,63652,29260,2930716,0,99,7,0,0,14:33:5C:6D:AF:58,0,0,ARMED,448.0,0,0,80:02:9C:61:97:4B,1,1,784.3,80:02:9C:61:97:4A,4,0,NONE,2026-08-24T15:58:00.981294
45917,,-72,25,0,1766,65384,29260,2930948,0,99,7,0,0,14:33:5C:6D:AF:58,0,1,ARMED,448.0,0,0,80:02:9C:61:97:4B,1,10,351.7,80:02:9C:61:97:4A,4,0,NONE,2026-08-24T15:58:01.213294
45917,BEACON,-84,13,0,1232,65384,29260,2931410,0,99,7,0,0,14:33:5C:6D:AF:58,0,0,ARMED,448.0,0,1,80:02:9C:61:97:4B,1,5,62.1,80:02:9C:61:97:4A,4,0,NONE,2026-08-24T15:58:01.675294
45917,BEACON,-90,7,0,41,65384,29260,2932055,0,99,7,0,0,14:33:5C:6D:AF:58,0,0,ARMED,448.0,0,1,80:02:9C:61:97:4B,1,1,109.6,80:02:9C:61:97:4A,4,0,NONE,2026-08-24T15:58:02.320294
45917,,-58,39,426,1281,65384,29260,2932332,0,99,7,0,0,14:33:5C:6D:AF:58,0,0,ARMED,448.0,0,0,80:02:9C:61:97:4B,1,15,180.2,80:02:9C:61:97:4A,4,0,NONE,2026-08-24T15:58:02.597294
45917,,-57,40,3522,1289,65384,29260,2932672,0,99,7,0,0,14:33:5C:6D:AF:58,0,0,ARMED,448.0,0,0,80:02:9C:61:97:4B,1,12,1066.9,80:02:9C:61:97:4A,4,0,NONE,2026-08-24T15:58:02.937294
45917,BEACON,-85,12,43340,1247,65384,29260,2932946,0,99,7,0,0,14:33:5C:6D:AF:58,0,0,ARMED,448.0,0,1,80:02:9C:61:97:4B,1,9,111.7,80:02:9C:61:97:4A,4,0,NONE,2026-08-24T15:58:03.211294
45917,,-58,39,250,1721,65384,29260,2933134,0,99,7,0,0,14:33:5C:6D:AF:58,0,0,ARMED,448.0,0,0,80:02:9C:61:97:4B,1,37,578.2,80:02:9C:61:97:4A,4,0,NONE,2026-08-24T15:58:03.399294
45917,,39,39,0,1023,65384,29260,2933184,0,99,7,0,0,14:33:5C:6D:AF:58,0,1,ARMED,448.0,0,0,80:02:9C:61:97:4B,1,15,1091.5,80:02:9C:61:97:4A,4,0,NONE,2026-08-24T15:58:03.449294
45917,,-69,28,0,2772,65384,29260,2933251,0,99,7,0,0,14:33:5C:6D:AF:58,0,1,ARMED,448.0,0,1,80:02:9C:61:97:4B,1,65,804.9,80:02:9C:61:97:4A,4,0,NONE,2026-08-24T15:58:03.516294
45917,,-89,8,6333,2718,65384,29260,2933446,0,99,7,0,0,14:33:5C:6D:AF:58,0,1,ARMED,448.0,0,1,80:02:9C:61:97:4B,1,13,190.8,80:02:9C:61:97:4A,4,0,NONE,2026-08-24T15:58:03.711294
45917,,-71,26,292,1828,65384,29260,2933755,0,99,7,0,0,14:33:5C:6D:AF:58,0,0,ARMED,448.0,0,0,80:02:9C:61:97:4B,1,15,214.9,80:02:9C:61:97:4A,4,0,NONE,2026-08-24T15:58:04.020294
45917,BEACON,-75,22,0,2119,65384,29260,2934120,0,99,7,0,0,14:33:5C:6D:AF:58,0,0,ARMED,448.0,0,1,80:02:9C:61:97:4B,1,2,77.7,80:02:9C:61:97:4A,4,0,NONE,2026-08-24T15:58:04.385294
45917,,-57,40,3765,1741,65384,29260,2934574,0,99,7,0,0,14:33:5C:6D:AF:58,0,0,ARMED,448.0,0,1,80:02:9C:61:97:4B,1,9,128.3,80:02:9C:61:97:4A,4,0,NONE,2026-08-24T15:58:04.839294
45917,,-57,40,250,1769,65384,29260,2934599,0,99,7,0,0,14:33:5C:6D:AF:58,0,0,ARMED,448.0,0,0,80:02:9C:61:97:4B,1,59,623.2,80:02:9C:61:97:4A,4,0,NONE,2026-08-24T15:58:04.864294
45917,,-57,40,452,1791,65384,29260,2934618,0,99,7,0,0,14:33:5C:6D:AF:58,0,1,ARMED,448.0,0,1,80:02:9C:61:97:4B,1,49,13045.8,80:02:9C:61:97:4A,4,0,NONE,2026-08-24T15:58:04.883294
45917,,-68,29,437,3674,65384,29260,2934640,0,99,7,0,0,14:33:5C:6D:AF:58,0,1,ARMED,448.0,0,1,80:02:9C:61:97:4B,1,99,3850.2,80:02:9C:61:97:4A,4,0,NONE,2026-08-24T15:58:04.905294
45917,,-56,41,250,1850,65384,29260,2934660,0,99,7,0,0,14:33:5C:6D:AF:58,0,1,ARMED,448.0,0,0,80:02:9C:61:97:4B,1,149,3277.2,80:02:9C:61:97:4A,4,0,NONE,2026-08-24T15:58:04.925294
45917,,-56,41,249,1884,65384,29260,2934674,0,99,7,0,0,14:33:5C:6D:AF:58,0,1,ARMED,448.0,0,0,80:02:9C:61:97:4B,1,199,3382.4,80:02:9C:61:97:4A,4,0,NONE,2026-08-24T15:58:04.939294
45917,,-69,28,315,2811,63956,29260,2934702,0,99,7,0,0,14:33:5C:6D:AF:58,0,1,ARMED,448.0,0,1,80:02:9C:61:97:4B,1,249,2843.4,80:02:9C:61:97:4A,4,0,NONE,2026-08-24T15:58:04.967294
45917,,-56,41,250,1933,65384,29260,2934720,0,99,7,0,0,14:33:5C:6D:AF:58,0,1,ARMED,448.0,0,0,80:02:9C:61:97:4B,1,11,2436.3,80:02:9C:61:97:4A,4,0,NONE,2026-08-24T15:58:04.985294
45917,,-56,41,250,1951,65384,29260,2934750,0,99,7,0,0,14:33:5C:6D:AF:58,0,1,ARMED,448.0,0,0,80:02:9C:61:97:4B,1,61,1804.5,80:02:9C:61:97:4A,4,0,NONE,2026-08-24T15:58:05.015294
45917,,-56,41,250,1986,65384,29260,2934762,0,99,7,0,0,14:33:5C:6D:AF:58,0,1,ARMED,448.0,0,0,80:02:9C:61:97:4B,1,111,2411.5,80:02:9C:61:97:4A,4,0,NONE,2026-08-24T15:58:05.027294
45917,,-57,40,250,2015,65384,29260,2934781,0,99,7,0,0,14:33:5C:6D:AF:58,0,1,ARMED,448.0,0,0,80:02:9C:61:97:4B,1,161,2460.1,80:02:9C:61:97:4A,4,0,NONE,2026-08-24T15:58:05.046294
45917,,-57,40,457,2030,65384,29260,2934813,0,99,7,0,0,14:33:5C:6D:AF:58,0,1,ARMED,448.0,0,0,80:02:9C:61:97:4B,1,211,2168.9,80:02:9C:61:97:4A,4,0,NONE,2026-08-24T15:58:05.078294
45917,,-71,26,1022,1841,65384,29260,2934854,0,99,7,0,0,14:33:5C:6D:AF:58,0,1,ARMED,448.0,0,1,80:02:9C:61:97:4B,1,49,1991.1,80:02:9C:61:97:4A,4,0,NONE,2026-08-24T15:58:05.119294
45917,,-56,41,250,2074,65384,29260,2934871,0,99,7,0,0,14:33:5C:6D:AF:58,0,1,ARMED,448.0,0,0,80:02:9C:61:97:4B,1,99,2391.5,80:02:9C:61:97:4A,4,0,NONE,2026-08-24T15:58:05.136294
45917,,-69,28,392,3760,65172,29260,2934911,0,99,7,0,0,14:33:5C:6D:AF:58,0,1,ARMED,448.0,0,1,80:02:9C:61:97:4B,1,149,1840.6,80:02:9C:61:97:4A,4,0,NONE,2026-08-24T15:58:05.176294
45917,,-56,41,159,2109,65384,29260,2934934,0,99,7,0,0,14:33:5C:6D:AF:58,0,1,ARMED,448.0,0,1,80:02:9C:61:97:4B,1,2,2000.0,80:02:9C:61:97:4A,4,0,NONE,2026-08-24T15:58:05.199294
45917,,-57,40,250,2135,65384,29260,2934963,0,99,7,0,0,14:33:5C:6D:AF:58,0,1,ARMED,448.0,0,0,80:02:9C:61:97:4B,1,52,1739.9,80:02:9C:61:97:4A,4,0,NONE,2026-08-24T15:58:05.228294
45917,,-56,41,250,2168,65384,29260,2934971,0,99,7,0,0,14:33:5C:6D:AF:58,0,1,ARMED,448.0,0,0,80:02:9C:61:97:4B,1,102,2678.3,80:02:9C:61:97:4A,4,0,NONE,2026-08-24T15:58:05.236294
45917,,-57,40,250,2198,65384,29260,2934991,0,99,7,0,0,14:33:5C:6D:AF:58,0,1,ARMED,448.0,0,0,80:02:9C:61:97:4B,1,152,2626.2,80:02:9C:61:97:4A,4,0,NONE,2026-08-24T15:58:05.256294
45917,,-57,40,213,2221,65336,29260,2935025,0,99,7,0,0,14:33:5C:6D:AF:58,0,1,ARMED,448.0,0,0,80:02:9C:61:97:4B,1,202,2191.3,80:02:9C:61:97:4A,4,0,NONE,2026-08-24T15:58:05.290294
45917,,-69,28,0,2840,65384,29260,2935102,0,99,7,0,0,14:33:5C:6D:AF:58,0,1,ARMED,448.0,0,0,80:02:9C:61:97:4B,1,49,841.6,80:02:9C:61:97:4A,4,0,NONE,2026-08-24T15:58:05.367294
45917,,-69,28,4096,2857,65384,29260,2935212,0,99,7,0,0,14:33:5C:6D:AF:58,0,1,ARMED,448.0,0,1,80:02:9C:61:97:4B,1,35,516.3,80:02:9C:61:97:4A,4,0,NONE,2026-08-24T15:58:05.477294
45917,,-57,40,366,2254,65384,29260,2935251,0,99,7,0,0,14:33:5C:6D:AF:58,0,1,ARMED,448.0,0,0,80:02:9C:61:97:4B,1,14,1963.3,80:02:9C:61:97:4A,4,0,NONE,2026-08-24T15:58:05.516294
45917,,-57,40,267,2281,65384,29260,2935274,0,99,7,0,0,14:33:5C:6D:AF:58,0,1,ARMED,448.0,0,0,80:02:9C:61:97:4B,1,64,2162.1,80:02:9C:61:97:4A,4,0,NONE,2026-08-24T15:58:05.539294
45917,,-57,40,266,2319,65384,29260,2935294,0,99,7,0,0,14:33:5C:6D:AF:58,0,1,ARMED,448.0,0,0,80:02:9C:61:97:4B,1,114,2306.9,80:02:9C:61:97:4A,4,0,NONE,2026-08-24T15:58:05.559294
45917,,-69,28,141,2862,65312,29260,2935317,0,99,7,0,0,14:33:5C:6D:AF:58,0,1,ARMED,448.0,0,0,80:02:9C:61:97:4B,1,164,2261.6,80:02:9C:61:97:4A,4,0,NONE,2026-08-24T15:58:05.582294
45917,,-58,39,415,2379,64920,29260,2935346,0,99,7,0,0,14:33:5C:6D:AF:58,0,1,ARMED,448.0,0,0,80:02:9C:61:97:4B,1,19,12599.5,80:02:9C:61:97:4A,4,0,NONE,2026-08-24T15:58:05.611294
45917,,-58,39,205,2396,65384,29260,2935353,0,99,7,0,0,14:33:5C:6D:AF:58,0,1,ARMED,448.0,0,1,80:02:9C:61:97:4B,1,69,8148.3,80:02:9C:61:97:4A,4,0,NONE,2026-08-24T15:58:05.618294
45917,,-58,39,267,2423,65384,29260,2935375,0,99,7,0,0,14:33:5C:6D:AF:58,0,1,ARMED,448.0,0,0,80:02:9C:61:97:4B,1,119,3862.9,80:02:9C:61:97:4A,4,0,NONE,2026-08-24T15:58:05.640294
45917,,-57,40,267,2459,65384,29260,2935391,0,99,7,0,0,14:33:5C:6D:AF:58,0,1,ARMED,448.0,0,0,80:02:9C:61:97:4B,1,169,3648.8,80:02:9C:61:97:4A,4,0,NONE,2026-08-24T15:58:05.656294
45917,,-58,39,734,2482,65384,29260,2935417,0,99,7,0,0,14:33:5C:6D:AF:58,0,1,ARMED,448.0,0,0,80:02:9C:61:97:4B,1,219,3018.7,80:02:9C:61:97:4A,4,0,NONE,2026-08-24T15:58:05.682294
45917,,-58,39,1167,2511,65384,29260,2935443,0,99,7,0,0,14:33:5C:6D:AF:58,0,1,ARMED,448.0,0,1,80:02:9C:61:97:4B,1,269,2729.3,80:02:9C:61:97:4A,4,0,NONE,2026-08-24T15:58:05.708294
45917,,-69,28,0,3912,64740,29260,2935465,0,99,7,0,0,14:33:5C:6D:AF:58,0,1,ARMED,448.0,0,0,80:02:9C:61:97:4B,1,49,9165.7,80:02:9C:61:97:4A,4,0,NONE,2026-08-24T15:58:05.730294
45917,,-69,28,0,3923,65384,29260,2935474,0,99,7,0,0,14:33:5C:6D:AF:58,0,1,ARMED,448.0,0,0,80:02:9C:61:97:4B,1,99,6805.5,80:02:9C:61:97:4A,4,0,NONE,2026-08-24T15:58:05.739294
45917,,-57,40,286,2554,65384,29260,2935525,0,99,7,0,0,14:33:5C:6D:AF:58,0,1,ARMED,448.0,0,0,80:02:9C:61:97:4B,1,149,2260.5,80:02:9C:61:97:4A,4,0,NONE,2026-08-24T15:58:05.790294
45917,,-57,40,754,2584,65384,29260,2935546,0,99,7,0,0,14:33:5C:6D:AF:58,0,1,ARMED,448.0,0,0,80:02:9C:61:97:4B,1,199,2295.4,80:02:9C:61:97:4A,4,0,NONE,2026-08-24T15:58:05.811294
45917,,-57,40,287,2615,65384,29260,2935579,0,99,7,0,0,14:33:5C:6D:AF:58,0,1,ARMED,448.0,0,0,80:02:9C:61:97:4B,1,49,14518.5,80:02:9C:61:97:4A,4,0,NONE,2026-08-24T15:58:05.844294
45917,,-68,29,0,2897,65384,29260,2935779,0,99,7,0,0,14:33:5C:6D:AF:58,0,1,ARMED,448.0,0,0,80:02:9C:61:97:4B,1,17,211.5,80:02:9C:61:97:4A,4,0,NONE,2026-08-24T15:58:06.044294
45917,BEACON,-85,12,0,1277,65384,29260,2936018,0,99,7,0,0,14:33:5C:6D:AF:58,0,1,ARMED,448.0,0,1,80:02:9C:61:97:4B,1,28,259.6,80:02:9C:61:97:4A,4,0,NONE,2026-08-24T15:58:06.283294
45917,,-77,20,0,2889,65384,29260,2936350,0,99,7,0,0,14:33:5C:6D:AF:58,0,0,ARMED,448.0,0,0,80:02:9C:61:97:4B,1,6,2260.7,80:02:9C:61:97:4A,4,0,NONE,2026-08-24T15:58:06.615294
45917,,-68,29,0,2912,65384,29260,2936646,0,99,7,0,0,14:33:5C:6D:AF:58,0,0,ARMED,448.0,0,0,80:02:9C:61:97:4B,1,17,181.7,80:02:9C:61:97:4A,4,0,NONE,2026-08-24T15:58:06.911294
45917,BEACON,-90,7,0,2307,65384,29260,2937101,0,99,7,0,0,14:33:5C:6D:AF:58,0,0,ARMED,448.0,0,0,80:02:9C:61:97:4B,1,5,133.5,80:02:9C:61:97:4A,4,0,NONE,2026-08-24T15:58:07.366294
45917,,-77,20,199,2774,65384,29260,2937385,0,99,7,0,0,14:33:5C:6D:AF:58,0,0,ARMED,448.0,0,1,80:02:9C:61:97:4B,1,27,2006.4,80:02:9C:61:97:4A,4,0,NONE,2026-08-24T15:58:07.650294
45917,,-73,24,871,674,65384,29260,2937534,0,99,7,0,0,14:33:5C:6D:AF:58,0,1,ARMED,448.0,0,1,80:02:9C:61:97:4B,1,32,532.5,80:02:9C:61:97:4A,4,0,NONE,2026-08-24T15:58:07.799294
45917,BEACON,-56,41,628,2681,65384,29260,2937680,0,99,7,0,0,14:33:5C:6D:AF:58,1,0,ARMED,448.0,0,1,80:02:9C:61:97:4B,1,25,244.2,80:02:9C:61:97:4A,4,0,NONE,2026-08-24T15:58:07.945294
45917,BEACON,-89,8,0,2316,65384,29260,2938023,0,99,7,0,0,14:33:5C:6D:AF:58,0,0,ARMED,448.0,0,0,80:02:9C:61:97:4B,1,10,266.6,80:02:9C:61:97:4A,4,0,NONE,2026-08-24T15:58:08.288294
45917,,39,39,0,1023,65384,29260,2938192,0,99,7,0,0,14:33:5C:6D:AF:58,0,1,ARMED,448.0,0,1,80:02:9C:61:97:4B,1,4,2013.1,80:02:9C:61:97:4A,4,0,NONE,2026-08-24T15:58:08.457294
45917,,-70,27,10324,2945,65384,29260,2938431,0,99,7,0,0,14:33:5C:6D:AF:58,0,0,ARMED,448.0,0,1,80:02:9C:61:97:4B,1,11,285.4,80:02:9C:61:97:4A,4,0,NONE,2026-08-24T15:58:08.696294
45917,BEACON,-56,41,0,2692,65384,29260,2938702,0,99,7,0,0,14:33:5C:6D:AF:58,0,0,ARMED,448.0,0,1,80:02:9C:61:97:4B,1,13,127.0,80:02:9C:61:97:4A,4,0,NONE,2026-08-24T15:58:08.967294
45917,,-81,16,19502,2893,65384,29260,2939115,0,99,7,0,0,14:33:5C:6D:AF:58,0,0,ARMED,448.0,0,1,80:02:9C:61:97:4B,1,1,380.5,80:02:9C:61:97:4A,4,0,NONE,2026-08-24T15:58:09.380294
45917,BEACON,-88,9,82,111,65384,29260,2939222,0,99,7,0,0,14:33:5C:6D:AF:58,0,1,ARMED,448.0,0,1,80:02:9C:61:97:4B,1,2,275.5,80:02:9C:61:97:4A,4,0,NONE,2026-08-24T15:58:09.487294
45917,BEACON,-90,7,0,2330,65384,29260,2939457,0,99,7,0,0,14:33:5C:6D:AF:58,0,0,ARMED,448.0,0,0,80:02:9C:61:97:4B,1,10,267.0,80:02:9C:61:97:4A,4,0,NONE,2026-08-24T15:58:09.722294
45917,,-89,8,19922,3597,65384,29260,2939893,0,99,7,0,0,14:33:5C:6D:AF:58,0,0,ARMED,448.0,0,1,80:02:9C:61:97:4B,1,8,124.1,80:02:9C:61:97:4A,4,0,NONE,2026-08-24T15:58:10.158294
45917,,-70,27,0,1777,62292,29260,2940403,0,99,7,0,0,14:33:5C:6D:AF:58,0,0,ARMED,448.0,0,0,80:02:9C:61:97:4B,1,7,112.3,80:02:9C:61:97:4A,4,0,NONE,2026-08-24T15:58:10.668294
45917,,-71,26,13381,2206,65384,29260,2940751,0,99,7,0,0,14:33:5C:6D:AF:58,0,0,ARMED,448.0,0,1,80:02:9C:61:97:4B,1,1,1000.0,80:02:9C:61:97:4A,4,0,NONE,2026-08-24T15:58:11.016294
45917,,-56,41,0,1382,65384,29260,2940928,0,99,7,0,0,14:33:5C:6D:AF:58,0,0,ARMED,448.0,0,0,80:02:9C:61:97:4B,1,25,331.4,80:02:9C:61:97:4A,4,0,NONE,2026-08-24T15:58:11.193294
45917,BEACON,-56,41,0,2720,65384,29260,2941365,0,99,7,0,0,14:33:5C:6D:AF:58,0,0,ARMED,448.0,0,1,80:02:9C:61:97:4B,1,6,58.6,80:02:9C:61:97:4A,4,0,NONE,2026-08-24T15:58:11.630294
45917,BEACON,-85,12,0,1221,65384,29260,2941863,0,99,7,0,0,14:33:5C:6D:AF:58,0,0,ARMED,448.0,0,1,80:02:9C:61:97:4B,1,9,101.8,80:02:9C:61:97:4A,4,0,NONE,2026-08-24T15:58:12.128294
45917,BEACON,-79,18,0,2198,65384,29260,2942210,0,99,7,0,0,14:33:5C:6D:AF:58,0,0,ARMED,448.0,0,1,80:02:9C:61:97:4B,1,1,59.7,80:02:9C:61:97:4A,4,0,NONE,2026-08-24T15:58:12.475294
45917,BEACON,-88,9,0,143,65384,29260,2942499,0,99,7,0,0,14:33:5C:6D:AF:58,0,1,ARMED,448.0,0,1,80:02:9C:61:97:4B,1,36,349.4,80:02:9C:61:97:4A,4,0,NONE,2026-08-24T15:58:12.764294
45917,BEACON,-86,11,0,2310,65384,29260,2943036,0,99,7,0,0,14:33:5C:6D:AF:58,0,0,ARMED,448.0,0,1,80:02:9C:61:97:4B,1,3,115.2,80:02:9C:61:97:4A,4,0,NONE,2026-08-24T15:58:13.301294
45917,BEACON,-86,11,25711,2054,65384,29260,2943497,0,99,7,0,0,14:33:5C:6D:AF:58,0,0,ARMED,448.0,0,1,80:02:9C:61:97:4B,1,6,77.8,80:02:9C:61:97:4A,4,0,NONE,2026-08-24T15:58:13.762294
45917,,-58,39,1094,2647,65384,29260,2943603,0,99,7,0,0,14:33:5C:6D:AF:58,0,0,ARMED,448.0,0,0,80:02:9C:61:97:4B,1,47,590.9,80:02:9C:61:97:4A,4,0,NONE,2026-08-24T15:58:13.868294
45917,,-57,40,250,2691,65384,29260,2943621,0,99,7,0,0,14:33:5C:6D:AF:58,0,0,ARMED,448.0,0,0,80:02:9C:61:97:4B,1,97,992.3,80:02:9C:61:97:4A,4,0,NONE,2026-08-24T15:58:13.886294
45917,,-57,40,266,2709,65384,29260,2943641,0,99,7,0,0,14:33:5C:6D:AF:58,0,1,ARMED,448.0,0,0,80:02:9C:61:97:4B,1,49,13286.3,80:02:9C:61:97:4A,4,0,NONE,2026-08-24T15:58:13.906294
45917,,-57,40,178,2733,65384,29260,2943663,0,99,7,0,0,14:33:5C:6D:AF:58,0,1,ARMED,448.0,0,1,80:02:9C:61:97:4B,1,99,3894.3,80:02:9C:61:97:4A,4,0,NONE,2026-08-24T15:58:13.928294
45917,,-57,40,400,2764,65384,29260,2943692,0,99,7,0,0,14:33:5C:6D:AF:58,0,1,ARMED,448.0,0,1,80:02:9C:61:97:4B,1,149,2744.9,80:02:9C:61:97:4A,4,0,NONE,2026-08-24T15:58:13.957294
45917,,-57,40,4151,1172,65384,29260,2943707,0,99,7,0,0,14:33:5C:6D:AF:58,0,1,ARMED,448.0,0,1,80:02:9C:61:97:4B,1,199,2842.7,80:02:9C:61:97:4A,4,0,NONE,2026-08-24T15:58:13.972294
45917,,-57,40,266,2847,65384,29260,2943727,0,99,7,0,0,14:33:5C:6D:AF:58,0,1,ARMED,448.0,0,0,80:02:9C:61:97:4B,1,249,2779.4,80:02:9C:61:97:4A,4,0,NONE,2026-08-24T15:58:13.992294
45917,,-57,40,267,2854,65384,29260,2943744,0,99,7,0,0,14:33:5C:6D:AF:58,0,1,ARMED,448.0,0,0,80:02:9C:61:97:4B,1,37,5928.5,80:02:9C:61:97:4A,4,0,NONE,2026-08-24T15:58:14.009294
45917,,-71,26,0,4031,65384,29260,2943766,0,99,7,0,0,14:33:5C:6D:AF:58,0,1,ARMED,448.0,0,0,80:02:9C:61:97:4B,1,87,3039.3,80:02:9C:61:97:4A,4,0,NONE,2026-08-24T15:58:14.031294
45917,,-57,40,250,2904,65384,29260,2943782,0,99,7,0,0,14:33:5C:6D:AF:58,0,1,ARMED,448.0,0,0,80:02:9C:61:97:4B,1,137,3056.8,80:02:9C:61:97:4A,4,0,NONE,2026-08-24T15:58:14.047294
45917,,-69,28,0,3037,65384,29260,2943802,0,99,7,0,0,14:33:5C:6D:AF:58,0,1,ARMED,448.0,0,0,80:02:9C:61:97:4B,1,187,2888.0,80:02:9C:61:97:4A,4,0,NONE,2026-08-24T15:58:14.067294
45917,,-57,40,266,2951,65368,29260,2943824,0,99,7,0,0,14:33:5C:6D:AF:58,0,1,ARMED,448.0,0,0,80:02:9C:61:97:4B,1,237,2732.8,80:02:9C:61:97:4A,4,0,NONE,2026-08-24T15:58:14.089294
45917,,-57,40,267,2969,65384,29260,2943886,0,99,7,0,0,14:33:5C:6D:AF:58,0,1,ARMED,448.0,0,0,80:02:9C:61:97:4B,1,49,1081.8,80:02:9C:61:97:4A,4,0,NONE,2026-08-24T15:58:14.151294
45917,,-62,35,325,3223,65384,29260,2943906,0,99,7,0,0,14:33:5C:6D:AF:58,0,1,ARMED,448.0,0,1,80:02:9C:61:97:4B,1,99,1522.6,80:02:9C:61:97:4A,4,0,NONE,2026-08-24T15:58:14.171294
45917,BEACON,-57,40,0,2747,63956,29260,2943934,0,99,7,0,0,14:33:5C:6D:AF:58,0,1,ARMED,448.0,0,1,80:02:9C:61:97:4B,1,149,1588.0,80:02:9C:61:97:4A,4,0,NONE,2026-08-24T15:58:14.199294
45917,,-71,26,0,4086,65384,29260,2943950,0,99,7,0,0,14:33:5C:6D:AF:58,0,1,ARMED,448.0,0,0,80:02:9C:61:97:4B,1,20,2157.7,80:02:9C:61:97:4A,4,0,NONE,2026-08-24T15:58:14.215294
45917,,-57,40,250,3090,65384,29260,2943971,0,99,7,0,0,14:33:5C:6D:AF:58,0,1,ARMED,448.0,0,0,80:02:9C:61:97:4B,1,70,2327.4,80:02:9C:61:97:4A,4,0,NONE,2026-08-24T15:58:14.236294
45917,BEACON,-86,11,55,1355,65384,29260,2944005,0,99,7,0,0,14:33:5C:6D:AF:58,0,1,ARMED,448.0,0,1,80:02:9C:61:97:4B,1,120,1856.1,80:02:9C:61:97:4A,4,0,NONE,2026-08-24T15:58:14.270294
45917,BEACON,-88,9,0,2322,65384,29260,2944265,0,99,7,0,0,14:33:5C:6D:AF:58,0,0,ARMED,448.0,0,1,80:02:9C:61:97:4B,1,2,266.5,80:02:9C:61:97:4A,4,0,NONE,2026-08-24T15:58:14.530294
45917,BEACON,-89,8,0,166,65384,29260,2944854,0,99,7,0,0,14:33:5C:6D:AF:58,0,0,ARMED,448.0,0,1,80:02:9C:61:97:4B,1,6,71.5,80:02:9C:61:97:4A,4,0,NONE,2026-08-24T15:58:15.119294
45917,BEACON,-91,6,0,2331,65384,29260,2945187,0,99,7,0,0,14:33:5C:6D:AF:58,0,0,ARMED,448.0,0,1,80:02:9C:61:97:4B,1,1,132.8,80:02:9C:61:97:4A,4,0,NONE,2026-08-24T15:58:15.452294
45917,,-71,26,22298,3079,65384,29260,2945641,0,99,7,0,0,14:33:5C:6D:AF:58,0,0,ARMED,448.0,0,0,80:02:9C:61:97:4B,1,7,133.7,80:02:9C:61:97:4A,4,0,NONE,2026-08-24T15:58:15.906294
45917,BEACON,-90,7,0,1039,65384,29260,2945907,0,99,7,0,0,14:33:5C:6D:AF:58,0,1,ARMED,448.0,0,1,80:02:9C:61:97:4B,1,2,176.4,80:02:9C:61:97:4A,4,0,NONE,2026-08-24T15:58:16.172294
45917,BEACON,-91,6,0,2340,65384,29260,2946108,0,99,7,0,0,14:33:5C:6D:AF:58,0,0,ARMED,448.0,0,1,80:02:9C:61:97:4B,1,1,132.4,80:02:9C:61:97:4A,4,0,NONE,2026-08-24T15:58:16.373294
45917,BEACON,-90,7,0,184,65384,29260,2946697,0,99,7,0,0,14:33:5C:6D:AF:58,0,0,ARMED,448.0,0,1,80:02:9C:61:97:4B,1,5,65.4,80:02:9C:61:97:4A,4,0,NONE,2026-08-24T15:58:16.962294
45917,BEACON,-85,12,0,1274,65384,29260,2947290,0,99,7,0,0,14:33:5C:6D:AF:58,0,0,ARMED,448.0,0,1,80:02:9C:61:97:4B,1,9,87.9,80:02:9C:61:97:4A,4,0,NONE,2026-08-24T15:58:17.555294
45917,,39,39,0,2253,65384,29260,2947859,0,99,7,0,0,14:33:5C:6D:AF:58,0,0,ARMED,448.0,0,1,80:02:9C:61:97:4B,1,7,162.7,80:02:9C:61:97:4A,4,0,NONE,2026-08-24T15:58:18.124294
45917,,61,61,0,2258,65384,29260,2948388,0,99,7,0,0,14:33:5C:6D:AF:58,0,0,ARMED,448.0,0,1,80:02:9C:61:97:4B,1,5,83.1,80:02:9C:61:97:4A,4,0,NONE,2026-08-24T15:58:18.653294
45917,,58,58,0,1023,65384,29260,2949007,0,99,7,0,0,14:33:5C:6D:AF:58,0,0,ARMED,448.0,0,1,80:02:9C:61:97:4B,1,7,108.7,80:02:9C:61:97:4A,4,0,NONE,2026-08-24T15:58:19.272294
45917,BEACON,-56,41,0,2801,65384,29260,2949147,0,99,7,0,0,14:33:5C:6D:AF:58,0,0,ARMED,448.0,0,1,80:02:9C:61:97:4B,1,27,264.3,80:02:9C:61:97:4A,4,0,NONE,2026-08-24T15:58:19.412294
45917,,34,34,0,2812,65384,29260,2949393,0,99,7,0,0,14:33:5C:6D:AF:58,0,0,ARMED,448.0,0,1,80:02:9C:61:97:4B,1,23,563.0,80:02:9C:61:97:4A,4,0,NONE,2026-08-24T15:58:19.658294
45917,BEACON,-89,8,0,212,65384,29260,2949564,0,99,7,0,0,14:33:5C:6D:AF:58,0,0,ARMED,448.0,0,1,80:02:9C:61:97:4B,1,1,139.1,80:02:9C:61:97:4A,4,0,NONE,2026-08-24T15:58:19.829294
45917,,-53,44,0,3237,65384,29260,2950037,0,99,7,0,0,14:33:5C:6D:AF:58,0,0,ARMED,448.0,0,1,80:02:9C:61:97:4B,1,9,127.9,80:02:9C:61:97:4A,4,0,NONE,2026-08-24T15:58:20.302294
45917,,-63,34,31285,2070,65384,29260,2950274,0,99,7,0,0,14:33:5C:6D:AF:58,0,0,ARMED,448.0,0,1,80:02:9C:61:97:4B,1,1,1000.0,80:02:9C:61:97:4A,4,0,NONE,2026-08-24T15:58:20.539294
45917,BEACON,-57,40,22366,2819,65384,29260,2950683,0,99,7,0,0,14:33:5C:6D:AF:58,0,0,ARMED,448.0,0,1,80:02:9C:61:97:4B,1,12,117.2,80:02:9C:61:97:4A,4,0,NONE,2026-08-24T15:58:20.948294
45917,PROBE_RESP,-90,7,0,2690,65384,29260,2951089,0,99,7,0,0,14:33:5C:6D:AF:58,0,0,ARMED,448.0,0,0,80:02:9C:61:97:4B,1,9,91.4,80:02:9C:61:97:4A,4,0,NONE,2026-08-24T15:58:21.354294
45917,,-72,25,291,2127,65384,29260,2951418,0,99,7,0,0,14:33:5C:6D:AF:58,0,0,ARMED,448.0,0,0,80:02:9C:61:97:4B,1,15,158.9,80:02:9C:61:97:4A,4,0,NONE,2026-08-24T15:58:21.683294
45917,,-56,41,459,3125,65204,29260,2951686,0,99,7,0,0,14:33:5C:6D:AF:58,0,0,ARMED,448.0,0,0,80:02:9C:61:97:4B,1,20,361.5,80:02:9C:61:97:4A,4,0,NONE,2026-08-24T15:58:21.951294
45917,,-57,40,249,3156,65384,29260,2951709,0,99,7,0,0,14:33:5C:6D:AF:58,0,0,ARMED,448.0,0,0,80:02:9C:61:97:4B,1,70,891.1,80:02:9C:61:97:4A,4,0,NONE,2026-08-24T15:58:21.974294
45917,,-57,40,250,3175,65384,29260,2951731,0,99,7,0,0,14:33:5C:6D:AF:58,0,1,ARMED,448.0,0,0,80:02:9C:61:97:4B,1,8,8000.0,80:02:9C:61:97:4A,4,0,NONE,2026-08-24T15:58:21.996294
45917,,-57,40,305,3194,65384,29260,2951758,0,99,7,0,0,14:33:5C:6D:AF:58,0,1,ARMED,448.0,0,0,80:02:9C:61:97:4B,1,58,2127.6,80:02:9C:61:97:4A,4,0,NONE,2026-08-24T15:58:22.023294
45917,,-57,40,403,3221,65384,29260,2951776,0,99,7,0,0,14:33:5C:6D:AF:58,0,1,ARMED,448.0,0,0,80:02:9C:61:97:4B,1,108,2367.5,80:02:9C:61:97:4A,4,0,NONE,2026-08-24T15:58:22.041294
45917,,-58,39,250,3243,65384,29260,2951798,0,99,7,0,0,14:33:5C:6D:AF:58,0,1,ARMED,448.0,0,0,80:02:9C:61:97:4B,1,158,2342.1,80:02:9C:61:97:4A,4,0,NONE,2026-08-24T15:58:22.063294
45917,BEACON,-91,6,82,234,65384,29260,2951817,0,99,7,0,0,14:33:5C:6D:AF:58,0,1,ARMED,448.0,0,1,80:02:9C:61:97:4B,1,208,2410.2,80:02:9C:61:97:4A,4,0,NONE,2026-08-24T15:58:22.082294
45917,,-58,39,734,3285,65384,29260,2951846,0,99,7,0,0,14:33:5C:6D:AF:58,0,1,ARMED,448.0,0,0,80:02:9C:61:97:4B,1,49,13257.6,80:02:9C:61:97:4A,4,0,NONE,2026-08-24T15:58:22.111294
45917,,-58,39,320,3302,65384,29260,2951869,0,99,7,0,0,14:33:5C:6D:AF:58,0,1,ARMED,448.0,0,1,80:02:9C:61:97:4B,1,99,3687.7,80:02:9C:61:97:4A,4,0,NONE,2026-08-24T15:58:22.134294
45917,,-58,39,498,3331,65384,29260,2951889,0,99,7,0,0,14:33:5C:6D:AF:58,0,1,ARMED,448.0,0,0,80:02:9C:61:97:4B,1,149,3218.9,80:02:9C:61:97:4A,4,0,NONE,2026-08-24T15:58:22.154294
45917,,-58,39,267,3352,65384,29260,2951922,0,99,7,0,0,14:33:5C:6D:AF:58,0,1,ARMED,448.0,0,0,80:02:9C:61:97:4B,1,199,2487.2,80:02:9C:61:97:4A,4,0,NONE,2026-08-24T15:58:22.187294
45917,,-58,39,266,3384,65384,29260,2951943,0,99,7,0,0,14:33:5C:6D:AF:58,0,1,ARMED,448.0,0,0,80:02:9C:61:97:4B,1,2,2000.0,80:02:9C:61:97:4A,4,0,NONE,2026-08-24T15:58:22.208294
45917,,-57,40,266,3400,65384,29260,2951959,0,99,7,0,0,14:33:5C:6D:AF:58,0,1,ARMED,448.0,0,0,80:02:9C:61:97:4B,1,52,3222.2,80:02:9C:61:97:4A,4,0,NONE,2026-08-24T15:58:22.224294
45917,,-58,39,266,3428,65384,29260,2951983,0,99,7,0,0,14:33:5C:6D:AF:58,0,1,ARMED,448.0,0,0,80:02:9C:61:97:4B,1,102,2501.7,80:02:9C:61:97:4A,4,0,NONE,2026-08-24T15:58:22.248294
45917,,-70,27,0,133,63956,29260,2952003,0,99,7,0,0,14:33:5C:6D:AF:58,0,1,ARMED,448.0,0,0,80:02:9C:61:97:4B,1,152,2510.9,80:02:9C:61:97:4A,4,0,NONE,2026-08-24T15:58:22.268294
45917,,-57,40,232,3485,65384,29260,2952026,0,99,7,0,0,14:33:5C:6D:AF:58,0,1,ARMED,448.0,0,1,80:02:9C:61:97:4B,1,202,2429.4,80:02:9C:61:97:4A,4,0,NONE,2026-08-24T15:58:22.291294
45917,,-57,40,451,3511,65384,29260,2952053,0,99,7,0,0,14:33:5C:6D:AF:58,0,1,ARMED,448.0,0,0,80:02:9C:61:97:4B,1,11,1047.9,80:02:9C:61:97:4A,4,0,NONE,2026-08-24T15:58:22.318294
45917,BEACON,-91,6,0,2399,65384,29260,2952150,0,99,7,0,0,14:33:5C:6D:AF:58,0,1,ARMED,448.0,0,1,80:02:9C:61:97:4B,1,61,570.0,80:02:9C:61:97:4A,4,0,NONE,2026-08-24T15:58:22.415294
45917,BEACON,-56,41,82,2836,65384,29260,2952322,0,99,7,0,0,14:33:5C:6D:AF:58,0,0,ARMED,448.0,0,1,80:02:9C:61:97:4B,1,24,345.1,80:02:9C:61:97:4A,4,0,NONE,2026-08-24T15:58:22.587294
45917,BEACON,-90,7,0,2403,65384,29260,2952562,0,99,7,0,0,14:33:5C:6D:AF:58,0,0,ARMED,448.0,0,1,80:02:9C:61:97:4B,1,1,229.0,80:02:9C:61:97:4A,4,0,NONE,2026-08-24T15:58:22.827294
45917,,-71,26,480,2168,65384,29260,2952886,0,99,7,0,0,14:33:5C:6D:AF:58,0,0,ARMED,448.0,0,0,80:02:9C:61:97:4B,1,16,1205.0,80:02:9C:61:97:4A,4,0,NONE,2026-08-24T15:58:23.151294
45917,BEACON,-88,9,0,2465,65384,29260,2953284,0,99,7,0,0,14:33:5C:6D:AF:58,0,0,ARMED,448.0,0,0,80:02:9C:61:97:4B,1,13,127.0,80:02:9C:61:97:4A,4,0,NONE,2026-08-24T15:58:23.549294
45917,,-71,26,568,2181,65384,29260,2953508,0,99,7,0,0,14:33:5C:6D:AF:58,0,0,ARMED,448.0,0,1,80:02:9C:61:97:4B,1,11,1366.6,80:02:9C:61:97:4A,4,0,NONE,2026-08-24T15:58:23.773294
45917,BEACON,-75,22,10010,2313,65384,29260,2953986,0,99,7,0,0,14:33:5C:6D:AF:58,0,0,ARMED,448.0,0,1,80:02:9C:61:97:4B,1,6,125.8,80:02:9C:61:97:4A,4,0,NONE,2026-08-24T15:58:24.251294
45917,BEACON,-88,9,0,2477,65384,29260,2954509,0,99,7,0,0,14:33:5C:6D:AF:58,0,0,ARMED,448.0,0,0,80:02:9C:61:97:4B,1,6,101.0,80:02:9C:61:97:4A,4,0,NONE,2026-08-24T15:58:24.774294
45917,BEACON,-89,8,0,266,65384,29260,2955095,0,99,7,0,0,14:33:5C:6D:AF:58,0,0,ARMED,448.0,0,1,80:02:9C:61:97:4B,1,2,228.7,80:02:9C:61:97:4A,4,0,NONE,2026-08-24T15:58:25.360294
45917,,40,40,0,3680,65384,29260,2955389,0,99,7,0,0,14:33:5C:6D:AF:58,0,0,ARMED,448.0,0,0,80:02:9C:61:97:4B,1,24,239.1,80:02:9C:61:97:4A,4,0,NONE,2026-08-24T15:58:25.654294
45917,BEACON,-90,7,0,2435,65384,29260,2955836,0,99,7,0,0,14:33:5C:6D:AF:58,0,0,ARMED,448.0,0,1,80:02:9C:61:97:4B,1,6,180.4,80:02:9C:61:97:4A,4,0,NONE,2026-08-24T15:58:26.101294
45917,,-62,35,1031,3349,65384,29260,2956337,0,99,7,0,0,14:33:5C:6D:AF:58,0,0,ARMED,448.0,0,1,80:02:9C:61:97:4B,1,3,139.7,80:02:9C:61:97:4A,4,0,NONE,2026-08-24T15:58:26.602294
45917,,-72,25,1167,4041,65384,29260,2956496,0,99,7,0,0,14:33:5C:6D:AF:58,0,0,ARMED,448.0,0,1,80:02:9C:61:97:4B,1,31,395.9,80:02:9C:61:97:4A,4,0,NONE,2026-08-24T15:58:26.761294
45917,BEACON,-85,12,0,1368,65384,29260,2956915,0,99,7,0,0,14:33:5C:6D:AF:58,0,0,ARMED,448.0,0,1,80:02:9C:61:97:4B,1,8,90.5,80:02:9C:61:97:4A,4,0,NONE,2026-08-24T15:58:27.180294
45917,BEACON,-85,12,0,1487,65384,29260,2957522,0,99,7,0,0,14:33:5C:6D:AF:58,0,0,ARMED,448.0,0,1,80:02:9C:61:97:4B,1,4,49.6,80:02:9C:61:97:4A,4,0,NONE,2026-08-24T15:58:27.787294
45917,BEACON,-88,9,0,293,65384,29260,2957858,0,99,7,0,0,14:33:5C:6D:AF:58,0,0,ARMED,448.0,0,1,80:02:9C:61:97:4B,1,4,556.2,80:02:9C:61:97:4A,4,0,NONE,2026-08-24T15:58:28.123294
45917,,-70,27,17581,2223,65384,29260,2958178,0,99,7,0,0,14:33:5C:6D:AF:58,0,0,ARMED,448.0,0,1,80:02:9C:61:97:4B,1,3,155.8,80:02:9C:61:97:4A,4,0,NONE,2026-08-24T15:58:28.443294
45917,,-68,29,0,3197,65384,29260,2958344,0,99,7,0,0,14:33:5C:6D:AF:58,0,1,ARMED,448.0,0,0,80:02:9C:61:97:4B,1,22,262.8,80:02:9C:61:97:4A,4,0,NONE,2026-08-24T15:58:28.609294
45917,,-69,28,0,3210,65384,29260,2958537,0,99,7,0,0,14:33:5C:6D:AF:58,0,1,ARMED,448.0,0,0,80:02:9C:61:97:4B,1,16,224.5,80:02:9C:61:97:4A,4,0,NONE,2026-08-24T15:58:28.802294
45917,,-61,36,3134,3291,65384,29260,2958639,0,99,7,0,0,14:33:5C:6D:AF:58,1,1,ARMED,448.0,0,1,80:02:9C:61:97:4B,1,34,485.4,80:02:9C:61:97:4A,4,0,NONE,2026-08-24T15:58:28.904294
45917,BEACON,-56,41,0,2912,65384,29260,2958878,0,99,7,0,0,14:33:5C:6D:AF:58,0,1,ARMED,448.0,0,1,80:02:9C:61:97:4B,1,1,411.4,80:02:9C:61:97:4A,4,0,NONE,2026-08-24T15:58:29.143294
45917,,-74,23,52605,2245,65384,29260,2959512,0,99,7,0,0,14:33:5C:6D:AF:58,0,0,ARMED,448.0,0,1,80:02:9C:61:97:4B,1,2,89.6,80:02:9C:61:97:4A,4,0,NONE,2026-08-24T15:58:29.777294
45917,,-85,12,0,2035,65384,29260,2959785,0,99,7,0,0,14:33:5C:6D:AF:58,0,0,ARMED,448.0,0,0,80:02:9C:61:97:4B,1,19,210.5,80:02:9C:61:97:4A,4,0,NONE,2026-08-24T15:58:30.050294
45917,BEACON,-92,5,10140,2477,65384,29260,2960137,0,99,7,0,0,14:33:5C:6D:AF:58,0,0,ARMED,448.0,0,1,80:02:9C:61:97:4B,1,4,120.3,80:02:9C:61:97:4A,4,0,NONE,2026-08-24T15:58:30.402294
45917,BEACON,-85,12,0,2232,65384,29260,2960496,0,99,7,0,0,14:33:5C:6D:AF:58,0,0,ARMED,448.0,0,1,80:02:9C:61:97:4B,1,5,64.6,80:02:9C:61:97:4A,4,0,NONE,2026-08-24T15:58:30.761294
45917,,-56,41,18946,3299,65384,29260,2960801,0,99,7,0,0,14:33:5C:6D:AF:58,0,0,ARMED,448.0,0,1,80:02:9C:61:97:4B,1,13,172.4,80:02:9C:61:97:4A,4,0,NONE,2026-08-24T15:58:31.066294
45917,BEACON,-86,11,83106,1523,65384,29260,2961208,0,99,7,0,0,14:33:5C:6D:AF:58,0,0,ARMED,448.0,0,1,80:02:9C:61:97:4B,1,4,54.5,80:02:9C:61:97:4A,4,0,NONE,2026-08-24T15:58:31.473294
45917,,-72,25,285,2295,65384,29260,2961581,0,99,7,0,0,14:33:5C:6D:AF:58,0,0,ARMED,448.0,0,1,80:02:9C:61:97:4B,1,10,550.9,80:02:9C:61:97:4A,4,0,NONE,2026-08-24T15:58:31.846294
45917,BEACON,-91,6,0,2153,65384,29260,2961910,0,99,7,0,0,14:33:5C:6D:AF:58,0,0,ARMED,448.0,0,1,80:02:9C:61:97:4B,1,7,178.3,80:02:9C:61:97:4A,4,0,NONE,2026-08-24T15:58:32.175294
45917,,38,38,0,2391,65384,29260,2962036,0,99,7,0,0,14:33:5C:6D:AF:58,1,1,ARMED,448.0,0,0,80:02:9C:61:97:4B,1,32,503.1,80:02:9C:61:97:4A,4,0,NONE,2026-08-24T15:58:32.301294
45917,BEACON,-84,13,19993,2251,65384,29260,2962236,0,99,7,0,0,14:33:5C:6D:AF:58,0,0,ARMED,448.0,0,1,80:02:9C:61:97:4B,1,6,102.1,80:02:9C:61:97:4A,4,0,NONE,2026-08-24T15:58:32.501294
45917,,-70,27,0,176,65384,29260,2962486,0,99,7,0,0,14:33:5C:6D:AF:58,0,1,ARMED,448.0,0,0,80:02:9C:61:97:4B,1,4,1151.4,80:02:9C:61:97:4A,4,0,NONE,2026-08-24T15:58:32.751294
45917,,-70,27,266,3219,65384,29260,2962506,0,99,7,0,0,14:33:5C:6D:AF:58,0,1,ARMED,448.0,0,1,80:02:9C:61:97:4B,1,54,2306.2,80:02:9C:61:97:4A,4,0,NONE,2026-08-24T15:58:32.771294
45917,,-59,38,267,3607,65384,29260,2962522,0,99,7,0,0,14:33:5C:6D:AF:58,0,1,ARMED,448.0,0,0,80:02:9C:61:97:4B,1,104,2645.2,80:02:9C:61:97:4A,4,0,NONE,2026-08-24T15:58:32.787294
45917,,-59,38,824,3638,65384,29260,2962543,0,99,7,0,0,14:33:5C:6D:AF:58,0,1,ARMED,448.0,0,0,80:02:9C:61:97:4B,1,154,2562.7,80:02:9C:61:97:4A,4,0,NONE,2026-08-24T15:58:32.808294
45917,,-70,27,3515,215,65368,29260,2962569,0,99,7,0,0,14:33:5C:6D:AF:58,0,1,ARMED,448.0,0,1,80:02:9C:61:97:4B,1,204,2359.4,80:02:9C:61:97:4A,4,0,NONE,2026-08-24T15:58:32.834294
45917,,-59,38,266,3689,65384,29260,2962589,0,99,7,0,0,14:33:5C:6D:AF:58,0,1,ARMED,448.0,0,0,80:02:9C:61:97:4B,1,49,13783.4,80:02:9C:61:97:4A,4,0,NONE,2026-08-24T15:58:32.854294
45917,,-59,38,267,3710,65384,29260,2962613,0,99,7,0,0,14:33:5C:6D:AF:58,0,1,ARMED,448.0,0,0,80:02:9C:61:97:4B,1,99,3677.3,80:02:9C:61:97:4A,4,0,NONE,2026-08-24T15:58:32.878294
45917,,-70,27,567,2305,64740,29260,2962632,0,99,7,0,0,14:33:5C:6D:AF:58,0,1,ARMED,448.0,0,1,80:02:9C:61:97:4B,1,149,3196.9,80:02:9C:61:97:4A,4,0,NONE,2026-08-24T15:58:32.897294
45917,,-59,38,795,3761,65384,29260,2962657,0,99,7,0,0,14:33:5C:6D:AF:58,0,1,ARMED,448.0,0,0,80:02:9C:61:97:4B,1,199,2790.1,80:02:9C:61:97:4A,4,0,NONE,2026-08-24T15:58:32.922294
45917,,-59,38,378,3788,65384,29260,2962695,0,99,7,0,0,14:33:5C:6D:AF:58,1,1,ARMED,448.0,0,0,80:02:9C:61:97:4B,1,3,306.2,80:02:9C:61:97:4A,4,0,NONE,2026-08-24T15:58:32.960294
45917,,-59,38,781,3805,65384,29260,2962708,0,99,7,0,0,14:33:5C:6D:AF:58,1,1,ARMED,448.0,0,0,80:02:9C:61:97:4B,1,53,2359.4,80:02:9C:61:97:4A,4,0,NONE,2026-08-24T15:58:32.973294
45917,,-71,26,0,278,65196,29260,2962728,0,99,7,0,0,14:33:5C:6D:AF:58,1,1,ARMED,448.0,0,0,80:02:9C:61:97:4B,1,103,2436.9,80:02:9C:61:97:4A,4,0,NONE,2026-08-24T15:58:32.993294
45917,,-70,27,295,3235,64740,29260,2962744,0,99,7,0,0,14:33:5C:6D:AF:58,1,1,ARMED,448.0,0,1,80:02:9C:61:97:4B,1,153,2611.8,80:02:9C:61:97:4A,4,0,NONE,2026-08-24T15:58:33.009294
45917,,-59,38,455,3879,65384,29260,2962785,0,99,7,0,0,14:33:5C:6D:AF:58,1,1,ARMED,448.0,0,0,80:02:9C:61:97:4B,1,203,2044.4,80:02:9C:61:97:4A,4,0,NONE,2026-08-24T15:58:33.050294
45917,,-69,28,0,3252,65384,29260,2962911,0,99,7,0,0,14:33:5C:6D:AF:58,0,1,ARMED,448.0,0,0,80:02:9C:61:97:4B,1,3,184.1,80:02:9C:61:97:4A,4,0,NONE,2026-08-24T15:58:33.176294
45917,,-59,38,512,1609,65384,29260,2963273,0,99,7,0,0,14:33:5C:6D:AF:58,0,0,ARMED,448.0,0,1,80:02:9C:61:97:4B,1,20,280.6,80:02:9C:61:97:4A,4,0,NONE,2026-08-24T15:58:33.538294
45917,,-59,38,0,1622,65384,29260,2963334,0,99,7,0,0,14:33:5C:6D:AF:58,0,1,ARMED,448.0,0,0,80:02:9C:61:97:4B,1,24,801.0,80:02:9C:61:97:4A,4,0,NONE,2026-08-24T15:58:33.599294
45917,,-43,54,157,3313,65384,29260,2963386,0,99,7,0,0,14:33:5C:6D:AF:58,0,1,ARMED,448.0,0,0,80:02:9C:61:97:4B,1,74,901.9,80:02:9C:61:97:4A,4,0,NONE,2026-08-24T15:58:33.651294
45917,,52,52,0,1023,65384,29260,2963443,0,99,7,0,0,14:33:5C:6D:AF:58,0,1,ARMED,448.0,0,1,80:02:9C:61:97:4B,1,42,1075.3,80:02:9C:61:97:4A,4,0,NONE,2026-08-24T15:58:33.708294
45917,,-71,26,291,2336,65384,29260,2963522,0,99,7,0,0,14:33:5C:6D:AF:58,0,1,ARMED,448.0,0,0,80:02:9C:61:97:4B,1,7,430.0,80:02:9C:61:97:4A,4,0,NONE,2026-08-24T15:58:33.787294
45917,,52,52,0,2825,65384,29260,2963558,0,99,7,0,0,14:33:5C:6D:AF:58,0,1,ARMED,448.0,0,0,80:02:9C:61:97:4B,1,57,1090.2,80:02:9C:61:97:4A,4,0,NONE,2026-08-24T15:58:33.823294
45917,,-43,54,0,3321,65384,29260,2963626,0,99,7,0,0,14:33:5C:6D:AF:58,0,1,ARMED,448.0,0,1,80:02:9C:61:97:4B,1,7,474.8,80:02:9C:61:97:4A,4,0,NONE,2026-08-24T15:58:33.891294
45917,,52,52,0,1023,65384,29260,2963764,0,99,7,0,0,14:33:5C:6D:AF:58,0,1,ARMED,448.0,0,1,80:02:9C:61:97:4B,1,16,318.4,80:02:9C:61:97:4A,4,0,NONE,2026-08-24T15:58:34.029294
45917,BEACON,-90,7,0,354,65384,29260,2964105,0,99,7,0,0,14:33:5C:6D:AF:58,0,0,ARMED,448.0,0,1,80:02:9C:61:97:4B,1,15,196.6,80:02:9C:61:97:4A,4,0,NONE,2026-08-24T15:58:34.370294
45917,,39,39,0,2946,65384,29260,2964203,0,99,7,0,0,14:33:5C:6D:AF:58,0,0,ARMED,448.0,0,0,80:02:9C:61:97:4B,1,44,611.9,80:02:9C:61:97:4A,4,0,NONE,2026-08-24T15:58:34.468294
45917,BEACON,-92,5,0,2575,65384,29260,2964548,0,99,7,0,0,14:33:5C:6D:AF:58,0,0,ARMED,448.0,0,0,80:02:9C:61:97:4B,1,1,135.7,80:02:9C:61:97:4A,4,0,NONE,2026-08-24T15:58:34.813294
45917,,-38,59,1101,3361,65384,29260,2964956,0,99,7,0,0,14:33:5C:6D:AF:58,0,0,ARMED,448.0,0,1,80:02:9C:61:97:4B,1,13,128.6,80:02:9C:61:97:4A,4,0,NONE,2026-08-24T15:58:35.221294
45917,BEACON,-91,6,0,367,65384,29260,2965436,0,99,7,0,0,14:33:5C:6D:AF:58,0,0,ARMED,448.0,0,1,80:02:9C:61:97:4B,1,8,111.1,80:02:9C:61:97:4A,4,0,NONE,2026-08-24T15:58:35.701294
45917,BEACON,-90,7,0,372,65384,29260,2965948,0,99,7,0,0,14:33:5C:6D:AF:58,0,0,ARMED,448.0,0,1,80:02:9C:61:97:4B,1,4,58.0,80:02:9C:61:97:4A,4,0,NONE,2026-08-24T15:58:36.213294
45917,BEACON,-90,7,82,2592,65384,29260,2966288,0,99,7,0,0,14:33:5C:6D:AF:58,0,0,ARMED,448.0,0,1,80:02:9C:61:97:4B,1,12,143.5,80:02:9C:61:97:4A,4,0,NONE,2026-08-24T15:58:36.553294
45917,,38,38,0,1023,65384,29260,2966407,0,99,7,0,0,14:33:5C:6D:AF:58,0,0,ARMED,448.0,0,0,80:02:9C:61:97:4B,1,46,480.5,80:02:9C:61:97:4A,4,0,NONE,2026-08-24T15:58:36.672294
45917,,38,38,0,1023,65260,29260,2966529,0,99,7,0,0,14:33:5C:6D:AF:58,0,1,ARMED,448.0,0,1,80:02:9C:61:97:4B,1,14,4869.6,80:02:9C:61:97:4A,4,0,NONE,2026-08-24T15:58:36.794294
45917,,-71,26,0,1785,64020,29260,2966595,0,99,7,0,0,14:33:5C:6D:AF:58,0,1,ARMED,448.0,0,1,80:02:9C:61:97:4B,1,64,932.6,80:02:9C:61:97:4A,4,0,NONE,2026-08-24T15:58:36.860294
45917,,-58,39,0,3906,65384,29260,2966622,0,99,7,0,0,14:33:5C:6D:AF:58,0,1,ARMED,448.0,0,1,80:02:9C:61:97:4B,1,114,1185.5,80:02:9C:61:97:4A,4,0,NONE,2026-08-24T15:58:36.887294
45917,,37,37,0,2828,65384,29260,2966652,0,99,7,0,0,14:33:5C:6D:AF:58,1,1,ARMED,448.0,0,0,80:02:9C:61:97:4B,1,46,1755.5,80:02:9C:61:97:4A,4,0,NONE,2026-08-24T15:58:36.917294
45917,,-71,26,0,1808,65384,29260,2966701,0,99,7,0,0,14:33:5C:6D:AF:58,1,1,ARMED,448.0,0,0,80:02:9C:61:97:4B,1,96,1283.4,80:02:9C:61:97:4A,4,0,NONE,2026-08-24T15:58:36.966294
45917,,53,53,0,1023,65384,29260,2966732,0,99,7,0,0,14:33:5C:6D:AF:58,1,1,ARMED,448.0,0,0,80:02:9C:61:97:4B,1,2,687.3,80:02:9C:61:97:4A,4,0,NONE,2026-08-24T15:58:36.997294
45917,,-71,26,337,3303,65384,29260,2966856,0,99,7,0,0,14:33:5C:6D:AF:58,0,1,ARMED,448.0,0,0,80:02:9C:61:97:4B,1,6,302.9,80:02:9C:61:97:4A,4,0,NONE,2026-08-24T15:58:37.121294
45917,,-76,21,83,3480,65384,29260,2967088,0,99,7,0,0,14:33:5C:6D:AF:58,0,0,ARMED,448.0,0,1,80:02:9C:61:97:4B,1,6,152.9,80:02:9C:61:97:4A,4,0,NONE,2026-08-24T15:58:37.353294
45917,BEACON,-92,5,0,2549,65384,29260,2967510,0,99,7,0,0,14:33:5C:6D:AF:58,0,0,ARMED,448.0,0,1,80:02:9C:61:97:4B,1,5,105.7,80:02:9C:61:97:4A,4,0,NONE,2026-08-24T15:58:37.775294
45917,BEACON,-57,40,0,3015,65384,29260,2968091,0,99,7,0,0,14:33:5C:6D:AF:58,0,0,ARMED,448.0,0,1,80:02:9C:61:97:4B,1,11,94.4,80:02:9C:61:97:4A,4,0,NONE,2026-08-24T15:58:38.356294
45917,PROBE_RESP,-75,22,0,3487,65384,29260,2968467,0,99,7,0,0,14:33:5C:6D:AF:58,0,0,ARMED,448.0,0,1,80:02:9C:61:97:4B,1,11,160.2,80:02:9C:61:97:4A,4,0,NONE,2026-08-24T15:58:38.732294
45917,,-58,39,0,1677,63764,29260,2968869,0,99,7,0,0,14:33:5C:6D:AF:58,0,0,ARMED,448.0,0,0,80:02:9C:61:97:4B,1,11,178.7,80:02:9C:61:97:4A,4,0,NONE,2026-08-24T15:58:39.134294
45917,BEACON,-88,9,0,2566,65384,29260,2969251,0,99,7,0,0,14:33:5C:6D:AF:58,0,0,ARMED,448.0,0,1,80:02:9C:61:97:4B,1,3,90.2,80:02:9C:61:97:4A,4,0,NONE,2026-08-24T15:58:39.516294
45917,,-72,25,480,2430,65384,29260,2969686,0,99,7,0,0,14:33:5C:6D:AF:58,0,0,ARMED,448.0,0,0,80:02:9C:61:97:4B,1,10,170.3,80:02:9C:61:97:4A,4,0,NONE,2026-08-24T15:58:39.951294
45917,BEACON,-85,12,0,1497,65384,29260,2970127,0,99,7,0,0,14:33:5C:6D:AF:58,0,0,ARMED,448.0,0,1,80:02:9C:61:97:4B,1,9,99.4,80:02:9C:61:97:4A,4,0,NONE,2026-08-24T15:58:40.392294
45917,,-73,24,292,2455,65384,29260,2970284,0,99,7,0,0,14:33:5C:6D:AF:58,0,1,ARMED,448.0,0,0,80:02:9C:61:97:4B,1,13,302.0,80:02:9C:61:97:4A,4,0,NONE,2026-08-24T15:58:40.549294
45917,,39,39,0,1023,65384,29260,2970425,0,99,7,0,0,14:33:5C:6D:AF:58,0,0,ARMED,448.0,0,0,80:02:9C:61:97:4B,1,37,456.4,80:02:9C:61:97:4A,4,0,NONE,2026-08-24T15:58:40.690294
45917,,53,53,0,1023,65384,29260,2970498,0,99,7,0,0,14:33:5C:6D:AF:58,0,1,ARMED,448.0,0,0,80:02:9C:61:97:4B,1,32,620.7,80:02:9C:61:97:4A,4,0,NONE,2026-08-24T15:58:40.763294
45917,,53,53,0,1023,65384,29260,2970631,0,99,7,0,0,14:33:5C:6D:AF:58,0,1,ARMED,448.0,0,0,80:02:9C:61:97:4B,1,27,335.7,80:02:9C:61:97:4A,4,0,NONE,2026-08-24T15:58:40.896294
45917,,57,57,0,1023,65336,29260,2970730,0,99,7,0,0,14:33:5C:6D:AF:58,0,1,ARMED,448.0,0,0,80:02:9C:61:97:4B,1,41,525.1,80:02:9C:61:97:4A,4,0,NONE,2026-08-24T15:58:40.995294
45917,BEACON,-83,14,0,1504,65384,29260,2970842,0,99,7,0,0,14:33:5C:6D:AF:58,0,1,ARMED,448.0,0,1,80:02:9C:61:97:4B,1,40,462.9,80:02:9C:61:97:4A,4,0,NONE,2026-08-24T15:58:41.107294
45917,,-38,59,0,3441,65384,29260,2971186,0,99,7,0,0,14:33:5C:6D:AF:58,0,0,ARMED,448.0,0,1,80:02:9C:61:97:4B,1,4,162.5,80:02:9C:61:97:4A,4,0,NONE,2026-08-24T15:58:41.451294
45917,,-69,28,6331,3318,65384,29260,2971449,0,99,7,0,0,14:33:5C:6D:AF:58,0,0,ARMED,448.0,0,0,80:02:9C:61:97:4B,1,22,260.8,80:02:9C:61:97:4A,4,0,NONE,2026-08-24T15:58:41.714294
45917,PROBE_RESP,-83,14,0,1987,65384,29260,2971706,0,99,7,0,0,14:33:5C:6D:AF:58,0,0,ARMED,448.0,0,1,80:02:9C:61:97:4B,1,4,127.2,80:02:9C:61:97:4A,4,0,NONE,2026-08-24T15:58:41.971294
45917,PROBE_RESP,-88,9,0,2712,65384,29260,2972141,0,99,7,0,0,14:33:5C:6D:AF:58,0,0,ARMED,448.0,0,1,80:02:9C:61:97:4B,1,9,159.2,80:02:9C:61:97:4A,4,0,NONE,2026-08-24T15:58:42.406294
45917,,-58,39,953,1717,65384,29260,2972656,0,99,7,0,0,14:33:5C:6D:AF:58,0,0,ARMED,448.0,0,0,80:02:9C:61:97:4B,1,6,101.3,80:02:9C:61:97:4A,4,0,NONE,2026-08-24T15:58:42.921294
45917,,-39,58,193,3458,65384,29260,2972911,0,99,7,0,0,14:33:5C:6D:AF:58,0,0,ARMED,448.0,0,0,80:02:9C:61:97:4B,1,19,2610.2,80:02:9C:61:97:4A,4,0,NONE,2026-08-24T15:58:43.176294
45917,,-80,17,4384,3376,65312,29260,2973250,0,99,7,0,0,14:33:5C:6D:AF:58,0,0,ARMED,448.0,0,1,80:02:9C:61:97:4B,1,23,592.1,80:02:9C:61:97:4A,4,0,NONE,2026-08-24T15:58:43.515294
45917,BEACON,-57,40,52,3083,65384,29260,2973621,0,99,7,0,0,14:33:5C:6D:AF:58,0,0,ARMED,448.0,0,1,80:02:9C:61:97:4B,1,14,136.8,80:02:9C:61:97:4A,4,0,NONE,2026-08-24T15:58:43.886294
45917,BEACON,-85,12,64458,2373,65384,29260,2974012,0,99,7,0,0,14:33:5C:6D:AF:58,0,0,ARMED,448.0,0,1,80:02:9C:61:97:4B,1,5,59.2,80:02:9C:61:97:4A,4,0,NONE,2026-08-24T15:58:44.277294
45917,,-87,10,2497,2348,65384,29260,2974435,0,99,7,0,0,14:33:5C:6D:AF:58,0,0,ARMED,448.0,0,1,80:02:9C:61:97:4B,1,12,122.5,80:02:9C:61:97:4A,4,0,NONE,2026-08-24T15:58:44.700294
45917,BEACON,-90,7,0,2676,65384,29260,2974887,0,99,7,0,0,14:33:5C:6D:AF:58,0,0,ARMED,448.0,0,0,80:02:9C:61:97:4B,1,6,159.7,80:02:9C:61:97:4A,4,0,NONE,2026-08-24T15:58:45.152294
45917,BEACON,-76,21,0,2522,65384,29260,2975387,0,99,7,0,0,14:33:5C:6D:AF:58,0,0,ARMED,448.0,0,1,80:02:9C:61:97:4B,1,3,116.4,80:02:9C:61:97:4A,4,0,NONE,2026-08-24T15:58:45.652294
45917,,39,39,0,2523,65384,29260,2975549,0,99,7,0,0,14:33:5C:6D:AF:58,0,0,ARMED,448.0,0,0,80:02:9C:61:97:4B,1,33,383.5,80:02:9C:61:97:4A,4,0,NONE,2026-08-24T15:58:45.814294
45917,,-69,28,276,1824,65384,29260,2975625,0,99,7,0,0,14:33:5C:6D:AF:58,0,1,ARMED,448.0,0,0,80:02:9C:61:97:4B,1,49,885.3,80:02:9C:61:97:4A,4,0,NONE,2026-08-24T15:58:45.890294
45917,,-69,28,0,1832,65384,29260,2975689,0,99,7,0,0,14:33:5C:6D:AF:58,0,1,ARMED,448.0,0,0,80:02:9C:61:97:4B,1,16,857.9,80:02:9C:61:97:4A,4,0,NONE,2026-08-24T15:58:45.954294
45917,,-69,28,0,1832,65384,29260,2975689,0,99,7,0,0,14:33:5C:6D:AF:58,0,1,ARMED,448.0,0,0,80:02:9C:61:97:4B,1,16,857.9,80:02:9C:61:97:4A,4,0,NONE,2026-08-24T15:58:45.954294
45917,,-69,28,146,3344,65384,29260,2975745,0,99,7,0,0,14:33:5C:6D:AF:58,0,1,ARMED,448.0,0,0,80:02:9C:61:97:4B,1,66,884.9,80:02:9C:61:97:4A,4,0,NONE,2026-08-24T15:58:46.010294
45917,,-43,54,3334,3983,65384,29260,2975834,0,99,7,0,0,14:33:5C:6D:AF:58,0,1,ARMED,448.0,0,0,80:02:9C:61:97:4B,1,34,550.5,80:02:9C:61:97:4A,4,0,NONE,2026-08-24T15:58:46.099294
45917,BEACON,-57,40,53,3107,65384,29260,2975976,0,99,7,0,0,14:33:5C:6D:AF:58,0,0,ARMED,448.0,0,1,80:02:9C:61:97:4B,1,27,264.8,80:02:9C:61:97:4A,4,0,NONE,2026-08-24T15:58:46.241294
45917,BEACON,-84,13,3932,1669,65384,29260,2976159,0,99,7,0,0,14:33:5C:6D:AF:58,0,1,ARMED,448.0,0,1,80:02:9C:61:97:4B,1,10,124.0,80:02:9C:61:97:4A,4,0,NONE,2026-08-24T15:58:46.424294
45917,MGMT_OTHER,-91,6,9722,247,65384,29260,2976408,0,99,7,0,0,14:33:5C:6D:AF:58,0,0,ARMED,448.0,0,1,80:02:9C:61:97:4B,1,6,267.8,80:02:9C:61:97:4A,4,0,NONE,2026-08-24T15:58:46.673294
45917,,39,39,0,1023,65384,29260,2976530,0,99,7,0,0,14:33:5C:6D:AF:58,0,1,ARMED,448.0,0,0,80:02:9C:61:97:4B,1,24,601.7,80:02:9C:61:97:4A,4,0,NONE,2026-08-24T15:58:46.795294
45917,,-43,54,0,4071,65384,29260,2976643,0,99,7,0,0,14:33:5C:6D:AF:58,0,1,ARMED,448.0,0,0,80:02:9C:61:97:4B,1,24,474.1,80:02:9C:61:97:4A,4,0,NONE,2026-08-24T15:58:46.908294
45917,,-43,54,959,9,65384,29260,2976760,0,99,7,0,0,14:33:5C:6D:AF:58,0,1,ARMED,448.0,0,0,80:02:9C:61:97:4B,1,28,420.2,80:02:9C:61:97:4A,4,0,NONE,2026-08-24T15:58:47.025294
45917,,-43,54,490,34,65384,29260,2976827,0,99,7,0,0,14:33:5C:6D:AF:58,0,1,ARMED,448.0,0,0,80:02:9C:61:97:4B,1,33,1067.0,80:02:9C:61:97:4A,4,0,NONE,2026-08-24T15:58:47.092294
45917,,53,53,0,2838,65384,29260,2976971,0,99,7,0,0,14:33:5C:6D:AF:58,0,1,ARMED,448.0,0,0,80:02:9C:61:97:4B,1,24,338.1,80:02:9C:61:97:4A,4,0,NONE,2026-08-24T15:58:47.236294
45917,,-43,54,0,114,65384,29260,2977073,0,99,7,0,0,14:33:5C:6D:AF:58,0,1,ARMED,448.0,0,0,80:02:9C:61:97:4B,1,36,503.6,80:02:9C:61:97:4A,4,0,NONE,2026-08-24T15:58:47.338294
45917,,-58,39,0,1775,65384,29260,2977153,0,99,7,0,0,14:33:5C:6D:AF:58,0,1,ARMED,448.0,0,0,80:02:9C:61:97:4B,1,34,668.3,80:02:9C:61:97:4A,4,0,NONE,2026-08-24T15:58:47.418294
45917,BEACON,-88,9,0,2702,65384,29260,2977549,0,99,7,0,0,14:33:5C:6D:AF:58,0,0,ARMED,448.0,0,0,80:02:9C:61:97:4B,1,6,159.8,80:02:9C:61:97:4A,4,0,NONE,2026-08-24T15:58:47.814294
45917,BEACON,-92,5,8019,2129,65384,29260,2978154,0,99,7,0,0,14:33:5C:6D:AF:58,0,0,ARMED,448.0,0,1,80:02:9C:61:97:4B,1,5,178.2,80:02:9C:61:97:4A,4,0,NONE,2026-08-24T15:58:48.419294
45917,,-63,34,3825,2075,65384,29260,2978357,0,99,7,0,0,14:33:5C:6D:AF:58,0,0,ARMED,448.0,0,1,80:02:9C:61:97:4B,1,27,1034.6,80:02:9C:61:97:4A,4,0,NONE,2026-08-24T15:58:48.622294
45917,PROBE_REQ,-90,7,8593,4024,65384,29260,2978550,0,99,7,0,0,14:33:5C:6D:AF:58,0,0,ARMED,448.0,0,1,80:02:9C:61:97:4B,1,5,361.4,80:02:9C:61:97:4A,4,0,NONE,2026-08-24T15:58:48.815294
45917,,32,32,0,1023,65384,29260,2978856,0,99,7,0,0,14:33:5C:6D:AF:58,0,0,ARMED,448.0,0,0,80:02:9C:61:97:4B,1,6,463.5,80:02:9C:61:97:4A,4,0,NONE,2026-08-24T15:58:49.121294
45917,,60,60,0,1023,65384,29260,2979023,0,99,7,0,0,14:33:5C:6D:AF:58,1,1,ARMED,448.0,0,1,80:02:9C:61:97:4B,1,27,346.5,80:02:9C:61:97:4A,4,0,NONE,2026-08-24T15:58:49.288294
45917,BEACON,-85,12,0,1588,65384,29260,2979444,0,99,7,0,0,14:33:5C:6D:AF:58,0,0,ARMED,448.0,0,1,80:02:9C:61:97:4B,1,9,101.7,80:02:9C:61:97:4A,4,0,NONE,2026-08-24T15:58:49.709294
45917,,32,32,0,3163,65336,29260,2979884,0,99,7,0,0,14:33:5C:6D:AF:58,0,0,ARMED,448.0,0,0,80:02:9C:61:97:4B,1,6,359.9,80:02:9C:61:97:4A,4,0,NONE,2026-08-24T15:58:50.149294
45917,BEACON,-89,8,73761,510,65384,29260,2980079,0,99,7,0,0,14:33:5C:6D:AF:58,0,0,ARMED,448.0,0,1,80:02:9C:61:97:4B,1,1,143.0,80:02:9C:61:97:4A,4,0,NONE,2026-08-24T15:58:50.344294
45917,,-43,54,166,3492,65384,29260,2980308,0,99,7,0,0,14:33:5C:6D:AF:58,0,0,ARMED,448.0,0,0,80:02:9C:61:97:4B,1,15,474.9,80:02:9C:61:97:4A,4,0,NONE,2026-08-24T15:58:50.573294
45917,BEACON,-85,12,83,1712,65384,29260,2980562,0,99,7,0,0,14:33:5C:6D:AF:58,0,0,ARMED,448.0,0,1,80:02:9C:61:97:4B,1,17,210.7,80:02:9C:61:97:4A,4,0,NONE,2026-08-24T15:58:50.827294
45917,BEACON,-75,22,0,2574,65384,29260,2980712,0,99,7,0,0,14:33:5C:6D:AF:58,0,1,ARMED,448.0,0,1,80:02:9C:61:97:4B,1,7,271.5,80:02:9C:61:97:4A,4,0,NONE,2026-08-24T15:58:50.977294
45917,BEACON,-75,22,0,2578,65384,29260,2981122,0,99,7,0,0,14:33:5C:6D:AF:58,0,0,ARMED,448.0,0,1,80:02:9C:61:97:4B,1,3,116.3,80:02:9C:61:97:4A,4,0,NONE,2026-08-24T15:58:51.387294
45917,BEACON,-56,41,0,3195,65384,29260,2981403,0,99,7,0,0,14:33:5C:6D:AF:58,0,0,ARMED,448.0,0,1,80:02:9C:61:97:4B,1,26,253.9,80:02:9C:61:97:4A,4,0,NONE,2026-08-24T15:58:51.668294
45917,,53,53,0,1023,65384,29260,2981908,0,99,7,0,0,14:33:5C:6D:AF:58,0,0,ARMED,448.0,0,1,80:02:9C:61:97:4B,1,10,104.3,80:02:9C:61:97:4A,4,0,NONE,2026-08-24T15:58:52.173294
45917,,53,53,0,1023,65384,29260,2982222,0,99,7,0,0,14:33:5C:6D:AF:58,0,0,ARMED,448.0,0,1,80:02:9C:61:97:4B,1,1,798.7,80:02:9C:61:97:4A,4,0,NONE,2026-08-24T15:58:52.487294
45917,,52,52,0,2590,65384,29260,2982416,0,99,7,0,0,14:33:5C:6D:AF:58,0,0,ARMED,448.0,0,0,80:02:9C:61:97:4B,1,35,368.0,80:02:9C:61:97:4A,4,0,NONE,2026-08-24T15:58:52.681294
45917,,52,52,0,2843,65384,29260,2982512,0,99,7,0,0,14:33:5C:6D:AF:58,0,1,ARMED,448.0,0,0,80:02:9C:61:97:4B,1,45,496.8,80:02:9C:61:97:4A,4,0,NONE,2026-08-24T15:58:52.777294
45917,,38,38,0,1023,65384,29260,2982615,0,99,7,0,0,14:33:5C:6D:AF:58,0,1,ARMED,448.0,0,0,80:02:9C:61:97:4B,1,49,566.7,80:02:9C:61:97:4A,4,0,NONE,2026-08-24T15:58:52.880294
45917,BEACON,-56,41,0,3212,65384,29260,2982837,0,99,7,0,0,14:33:5C:6D:AF:58,0,0,ARMED,448.0,0,1,80:02:9C:61:97:4B,1,10,97.7,80:02:9C:61:97:4A,4,0,NONE,2026-08-24T15:58:53.102294
45917,,-57,40,2057,3958,65212,29260,2983207,0,99,7,0,0,14:33:5C:6D:AF:58,0,0,ARMED,448.0,0,1,80:02:9C:61:97:4B,1,12,188.5,80:02:9C:61:97:4A,4,0,NONE,2026-08-24T15:58:53.472294
45917,,-70,27,5249,3424,65384,29260,2983454,0,99,7,0,0,14:33:5C:6D:AF:58,0,0,ARMED,448.0,0,1,80:02:9C:61:97:4B,1,1,352.6,80:02:9C:61:97:4A,4,0,NONE,2026-08-24T15:58:53.719294
45917,,-70,27,638,3433,65384,29260,2983647,0,99,7,0,0,14:33:5C:6D:AF:58,0,0,ARMED,448.0,0,0,80:02:9C:61:97:4B,1,29,302.1,80:02:9C:61:97:4A,4,0,NONE,2026-08-24T15:58:53.912294
45917,BEACON,-92,5,10055,2710,65384,29260,2983996,0,99,7,0,0,14:33:5C:6D:AF:58,0,0,ARMED,448.0,0,1,80:02:9C:61:97:4B,1,3,90.1,80:02:9C:61:97:4A,4,0,NONE,2026-08-24T15:58:54.261294
45917,,-57,40,0,1845,63956,29260,2984093,0,99,7,0,0,14:33:5C:6D:AF:58,0,0,ARMED,448.0,0,0,80:02:9C:61:97:4B,1,35,1187.4,80:02:9C:61:97:4A,4,0,NONE,2026-08-24T15:58:54.358294
45917,,-57,40,0,3992,65384,29260,2984110,0,99,7,0,0,14:33:5C:6D:AF:58,0,0,ARMED,448.0,0,1,80:02:9C:61:97:4B,1,85,1818.7,80:02:9C:61:97:4A,4,0,NONE,2026-08-24T15:58:54.375294
45917,,-70,27,0,3449,65384,29260,2984145,0,99,7,0,0,14:33:5C:6D:AF:58,0,0,ARMED,448.0,0,1,80:02:9C:61:97:4B,1,135,1653.6,80:02:9C:61:97:4A,4,0,NONE,2026-08-24T15:58:54.410294
45917,,-70,27,1069,0,65384,29260,2984165,0,99,7,0,0,14:33:5C:6D:AF:58,0,1,ARMED,448.0,0,0,80:02:9C:61:97:4B,1,12,11627.9,80:02:9C:61:97:4A,4,0,NONE,2026-08-24T15:58:54.430294
45917,,-69,28,0,353,65384,29260,2984189,0,99,7,0,0,14:33:5C:6D:AF:58,0,1,ARMED,448.0,0,0,80:02:9C:61:97:4B,1,62,2473.4,80:02:9C:61:97:4A,4,0,NONE,2026-08-24T15:58:54.454294
45917,,-58,39,383,4070,65384,29260,2984211,0,99,7,0,0,14:33:5C:6D:AF:58,0,1,ARMED,448.0,0,0,80:02:9C:61:97:4B,1,112,2387.3,80:02:9C:61:97:4A,4,0,NONE,2026-08-24T15:58:54.476294
45917,,-58,39,266,10,65384,29260,2984239,0,99,7,0,0,14:33:5C:6D:AF:58,0,1,ARMED,448.0,0,0,80:02:9C:61:97:4B,1,162,2146.3,80:02:9C:61:97:4A,4,0,NONE,2026-08-24T15:58:54.504294
45917,,-70,27,387,3463,65312,29260,2984252,0,99,7,0,0,14:33:5C:6D:AF:58,0,1,ARMED,448.0,0,1,80:02:9C:61:97:4B,1,212,2414.1,80:02:9C:61:97:4A,4,0,NONE,2026-08-24T15:58:54.517294
45917,,-69,28,416,386,65384,29260,2984309,0,99,7,0,0,14:33:5C:6D:AF:58,0,1,ARMED,448.0,0,1,80:02:9C:61:97:4B,1,49,1176.7,80:02:9C:61:97:4A,4,0,NONE,2026-08-24T15:58:54.574294
45917,,-58,39,303,90,65384,29260,2984323,0,99,7,0,0,14:33:5C:6D:AF:58,0,1,ARMED,448.0,0,0,80:02:9C:61:97:4B,1,99,1804.3,80:02:9C:61:97:4A,4,0,NONE,2026-08-24T15:58:54.588294
45917,,-57,40,3119,118,65384,29260,2984380,0,99,7,0,0,14:33:5C:6D:AF:58,0,1,ARMED,448.0,0,1,80:02:9C:61:97:4B,1,21,1764.6,80:02:9C:61:97:4A,4,0,NONE,2026-08-24T15:58:54.645294
45917,,-57,40,238,144,65384,29260,2984399,0,99,7,0,0,14:33:5C:6D:AF:58,0,1,ARMED,448.0,0,1,80:02:9C:61:97:4B,1,71,2291.2,80:02:9C:61:97:4A,4,0,NONE,2026-08-24T15:58:54.664294
45917,,-57,40,282,176,65384,29260,2984428,0,99,7,0,0,14:33:5C:6D:AF:58,0,1,ARMED,448.0,0,0,80:02:9C:61:97:4B,1,121,2019.6,80:02:9C:61:97:4A,4,0,NONE,2026-08-24T15:58:54.693294
45917,,-70,27,0,432,65384,29260,2984446,0,99,7,0,0,14:33:5C:6D:AF:58,0,1,ARMED,448.0,0,0,80:02:9C:61:97:4B,1,171,2179.1,80:02:9C:61:97:4A,4,0,NONE,2026-08-24T15:58:54.711294
45917,,-70,27,0,441,62528,29260,2984472,0,99,7,0,0,14:33:5C:6D:AF:58,0,1,ARMED,448.0,0,0,80:02:9C:61:97:4B,1,13,3620.2,80:02:9C:61:97:4A,4,0,NONE,2026-08-24T15:58:54.737294
45917,,-57,40,169,269,65384,29260,2984489,0,99,7,0,0,14:33:5C:6D:AF:58,0,1,ARMED,448.0,0,1,80:02:9C:61:97:4B,1,63,2991.2,80:02:9C:61:97:4A,4,0,NONE,2026-08-24T15:58:54.754294
45917,,-70,27,463,461,65384,29260,2984518,0,99,7,0,0,14:33:5C:6D:AF:58,0,1,ARMED,448.0,0,1,80:02:9C:61:97:4B,1,113,2269.3,80:02:9C:61:97:4A,4,0,NONE,2026-08-24T15:58:54.783294
45917,,-70,27,0,468,64740,29260,2984531,0,99,7,0,0,14:33:5C:6D:AF:58,0,1,ARMED,448.0,0,0,80:02:9C:61:97:4B,1,163,2577.2,80:02:9C:61:97:4A,4,0,NONE,2026-08-24T15:58:54.796294
45917,BEACON,-86,11,0,2483,65384,29260,2984560,0,99,7,0,0,14:33:5C:6D:AF:58,0,1,ARMED,448.0,0,1,80:02:9C:61:97:4B,1,213,2328.0,80:02:9C:61:97:4A,4,0,NONE,2026-08-24T15:58:54.825294
45917,,-75,22,0,3534,65384,29260,2985106,0,99,7,0,0,14:33:5C:6D:AF:58,0,0,ARMED,448.0,0,1,80:02:9C:61:97:4B,1,2,118.9,80:02:9C:61:97:4A,4,0,NONE,2026-08-24T15:58:55.371294
45917,BEACON,-85,12,0,1761,65384,29260,2985580,0,99,7,0,0,14:33:5C:6D:AF:58,0,0,ARMED,448.0,0,1,80:02:9C:61:97:4B,1,8,99.1,80:02:9C:61:97:4A,4,0,NONE,2026-08-24T15:58:55.845294
45917,,-75,22,0,3538,65384,29260,2986016,0,99,7,0,0,14:33:5C:6D:AF:58,0,0,ARMED,448.0,0,0,80:02:9C:61:97:4B,1,2,400.5,80:02:9C:61:97:4A,4,0,NONE,2026-08-24T15:58:56.281294
45917,,-91,6,63621,3247,65384,29260,2986543,0,99,7,0,0,14:33:5C:6D:AF:58,0,0,ARMED,448.0,0,1,80:02:9C:61:97:4B,1,2,101.8,80:02:9C:61:97:4A,4,0,NONE,2026-08-24T15:58:56.808294
45917,,-57,40,932,1869,65384,29260,2986819,0,99,7,0,0,14:33:5C:6D:AF:58,0,0,ARMED,448.0,0,0,80:02:9C:61:97:4B,1,23,250.9,80:02:9C:61:97:4A,4,0,NONE,2026-08-24T15:58:57.084294
45917,MGMT_OTHER,-91,6,30001,2321,65384,29260,2987309,0,99,7,0,0,14:33:5C:6D:AF:58,0,0,ARMED,448.0,0,1,80:02:9C:61:97:4B,1,5,80.2,80:02:9C:61:97:4A,4,0,NONE,2026-08-24T15:58:57.574294
45917,,52,52,0,3264,65384,29260,2987447,0,99,7,0,0,14:33:5C:6D:AF:58,0,0,ARMED,448.0,0,0,80:02:9C:61:97:4B,1,42,427.8,80:02:9C:61:97:4A,4,0,NONE,2026-08-24T15:58:57.712294
45917,,53,53,0,3265,65384,29260,2987566,0,99,7,0,0,14:33:5C:6D:AF:58,0,1,ARMED,448.0,0,0,80:02:9C:61:97:4B,1,49,528.9,80:02:9C:61:97:4A,4,0,NONE,2026-08-24T15:58:57.831294
45917,,52,52,0,2848,65384,29260,2987624,0,99,7,0,0,14:33:5C:6D:AF:58,0,1,ARMED,448.0,0,0,80:02:9C:61:97:4B,1,47,931.6,80:02:9C:61:97:4A,4,0,NONE,2026-08-24T15:58:57.889294
45917,,52,52,0,2642,65384,29260,2987731,0,99,7,0,0,14:33:5C:6D:AF:58,0,1,ARMED,448.0,0,0,80:02:9C:61:97:4B,1,24,428.1,80:02:9C:61:97:4A,4,0,NONE,2026-08-24T15:58:57.996294
45917,,-39,58,10131,3531,65384,29260,2987982,0,99,7,0,0,14:33:5C:6D:AF:58,0,0,ARMED,448.0,0,1,80:02:9C:61:97:4B,1,1,1000.0,80:02:9C:61:97:4A,4,0,NONE,2026-08-24T15:58:58.247294
45917,PROBE_RESP,-76,21,0,3554,65384,29260,2988387,0,99,7,0,0,14:33:5C:6D:AF:58,0,0,ARMED,448.0,0,1,80:02:9C:61:97:4B,1,21,215.5,80:02:9C:61:97:4A,4,0,NONE,2026-08-24T15:58:58.652294
45917,BEACON,-86,11,30708,2528,65384,29260,2988860,0,99,7,0,0,14:33:5C:6D:AF:58,0,0,ARMED,448.0,0,1,80:02:9C:61:97:4B,1,6,102.0,80:02:9C:61:97:4A,4,0,NONE,2026-08-24T15:58:59.125294
45917,BEACON,-75,22,0,2656,65384,29260,2989110,0,99,7,0,0,14:33:5C:6D:AF:58,1,0,ARMED,448.0,0,1,80:02:9C:61:97:4B,1,17,165.9,80:02:9C:61:97:4A,4,0,NONE,2026-08-24T15:58:59.375294
45917,,-71,26,22844,3482,65384,29260,2989564,0,99,7,0,0,14:33:5C:6D:AF:58,0,0,ARMED,448.0,0,1,80:02:9C:61:97:4B,1,10,218.6,80:02:9C:61:97:4A,4,0,NONE,2026-08-24T15:58:59.829294
45917,BEACON,-90,7,0,2822,65384,29260,2989841,0,99,7,0,0,14:33:5C:6D:AF:58,0,0,ARMED,448.0,0,0,80:02:9C:61:97:4B,1,2,131.9,80:02:9C:61:97:4A,4,0,NONE,2026-08-24T15:59:00.106294
45917,,60,60,0,2667,65384,29260,2990251,0,99,7,0,0,14:33:5C:6D:AF:58,0,0,ARMED,448.0,0,1,80:02:9C:61:97:4B,1,3,190.8,80:02:9C:61:97:4A,4,0,NONE,2026-08-24T15:59:00.516294
45917,,38,38,0,2305,63604,29260,2990660,0,99,7,0,0,14:33:5C:6D:AF:58,0,0,ARMED,448.0,0,1,80:02:9C:61:97:4B,1,4,260.7,80:02:9C:61:97:4A,4,0,NONE,2026-08-24T15:59:00.925294
45917,BEACON,-84,13,0,2548,65384,29260,2990806,0,99,7,0,0,14:33:5C:6D:AF:58,0,1,ARMED,448.0,0,1,80:02:9C:61:97:4B,1,17,289.1,80:02:9C:61:97:4A,4,0,NONE,2026-08-24T15:59:01.071294
45917,,-57,40,0,1907,65384,29260,2991047,0,99,7,0,0,14:33:5C:6D:AF:58,0,0,ARMED,448.0,0,0,80:02:9C:61:97:4B,1,23,242.9,80:02:9C:61:97:4A,4,0,NONE,2026-08-24T15:59:01.312294
45917,,-57,40,0,1922,65384,29260,2991112,0,99,7,0,0,14:33:5C:6D:AF:58,0,1,ARMED,448.0,0,0,80:02:9C:61:97:4B,1,42,724.2,80:02:9C:61:97:4A,4,0,NONE,2026-08-24T15:59:01.377294
45917,BEACON,-57,40,0,3331,65384,29260,2991541,0,99,7,0,0,14:33:5C:6D:AF:58,0,0,ARMED,448.0,0,1,80:02:9C:61:97:4B,1,12,156.4,80:02:9C:61:97:4A,4,0,NONE,2026-08-24T15:59:01.806294
45917,BEACON,-60,37,0,3334,65384,29260,2991643,0,99,7,0,0,14:33:5C:6D:AF:58,0,1,ARMED,448.0,0,1,80:02:9C:61:97:4B,1,23,299.8,80:02:9C:61:97:4A,4,0,NONE,2026-08-24T15:59:01.908294
45917,,-56,41,0,3338,63652,29260,2991955,0,99,7,0,0,14:33:5C:6D:AF:58,0,0,ARMED,448.0,0,0,80:02:9C:61:97:4B,1,16,197.1,80:02:9C:61:97:4A,4,0,NONE,2026-08-24T15:59:02.220294
45917,,-43,54,26842,3552,65384,29260,2992429,0,99,7,0,0,14:33:5C:6D:AF:58,0,0,ARMED,448.0,0,1,80:02:9C:61:97:4B,1,10,229.1,80:02:9C:61:97:4A,4,0,NONE,2026-08-24T15:59:02.694294
45917,,57,57,0,2689,65384,29260,2992555,0,99,7,0,0,14:33:5C:6D:AF:58,0,1,ARMED,448.0,0,0,80:02:9C:61:97:4B,1,23,345.2,80:02:9C:61:97:4A,4,0,NONE,2026-08-24T15:59:02.820294
45917,BEACON,-57,40,3074,3350,65384,29260,2992668,0,99,7,0,0,14:33:5C:6D:AF:58,0,1,ARMED,448.0,0,1,80:02:9C:61:97:4B,1,34,424.6,80:02:9C:61:97:4A,4,0,NONE,2026-08-24T15:59:02.933294
45917,BEACON,-89,8,0,635,65384,29260,2992879,0,99,7,0,0,14:33:5C:6D:AF:58,0,1,ARMED,448.0,0,1,80:02:9C:61:97:4B,1,9,107.6,80:02:9C:61:97:4A,4,0,NONE,2026-08-24T15:59:03.144294
45917,BEACON,-90,7,0,2800,65384,29260,2993212,0,99,7,0,0,14:33:5C:6D:AF:58,0,0,ARMED,448.0,0,1,80:02:9C:61:97:4B,1,1,132.3,80:02:9C:61:97:4A,4,0,NONE,2026-08-24T15:59:03.477294
45917,BEACON,-58,39,82,3361,65384,29260,2993691,0,99,7,0,0,14:33:5C:6D:AF:58,0,0,ARMED,448.0,0,1,80:02:9C:61:97:4B,1,12,156.4,80:02:9C:61:97:4A,4,0,NONE,2026-08-24T15:59:03.956294
45917,,-60,35,599,367,65384,29260,2993979,0,99,7,0,0,14:33:5C:6D:AF:58,0,0,ARMED,448.0,0,0,80:02:9C:61:97:4B,1,15,260.5,80:02:9C:61:97:4A,4,0,NONE,2026-08-24T15:59:04.244294
45917,,-59,36,250,405,65384,29260,2994000,0,99,7,0,0,14:33:5C:6D:AF:58,0,0,ARMED,448.0,0,0,80:02:9C:61:97:4B,1,65,825.5,80:02:9C:61:97:4A,4,0,NONE,2026-08-24T15:59:04.265294
45917,,-72,23,60,503,63956,29260,2994027,0,99,7,0,0,14:33:5C:6D:AF:58,1,1,ARMED,448.0,0,1,80:02:9C:61:97:4B,1,3,1020.8,80:02:9C:61:97:4A,4,0,NONE,2026-08-24T15:59:04.292294
45917,,-59,36,266,444,65384,29260,2994054,0,99,7,0,0,14:33:5C:6D:AF:58,1,1,ARMED,448.0,0,0,80:02:9C:61:97:4B,1,53,1731.8,80:02:9C:61:97:4A,4,0,NONE,2026-08-24T15:59:04.319294
45917,,-46,49,0,566,65384,29260,2994062,0,99,7,0,0,14:33:5C:6D:AF:58,1,1,ARMED,448.0,0,0,80:02:9C:61:97:4B,1,103,2671.1,80:02:9C:61:97:4A,4,0,NONE,2026-08-24T15:59:04.327294
45917,,-59,36,0,500,65384,29260,2994088,0,99,7,0,0,14:33:5C:6D:AF:58,1,1,ARMED,448.0,0,1,80:02:9C:61:97:4B,1,153,2377.7,80:02:9C:61:97:4A,4,0,NONE,2026-08-24T15:59:04.353294
45917,,-59,36,266,530,65384,29260,2994103,0,99,7,0,0,14:33:5C:6D:AF:58,1,1,ARMED,448.0,0,0,80:02:9C:61:97:4B,1,203,2567.5,80:02:9C:61:97:4A,4,0,NONE,2026-08-24T15:59:04.368294
45917,,-59,36,267,556,65384,29260,2994145,0,99,7,0,0,14:33:5C:6D:AF:58,1,1,ARMED,448.0,0,0,80:02:9C:61:97:4B,1,49,3024.1,80:02:9C:61:97:4A,4,0,NONE,2026-08-24T15:59:04.410294
45917,,-72,23,0,555,65384,29260,2994151,0,99,7,0,0,14:33:5C:6D:AF:58,1,1,ARMED,448.0,0,0,80:02:9C:61:97:4B,1,99,4330.9,80:02:9C:61:97:4A,4,0,NONE,2026-08-24T15:59:04.416294
45917,,-59,36,341,598,65384,29260,2994171,0,99,7,0,0,14:33:5C:6D:AF:58,1,1,ARMED,448.0,0,0,80:02:9C:61:97:4B,1,149,3504.3,80:02:9C:61:97:4A,4,0,NONE,2026-08-24T15:59:04.436294
45917,,-59,36,287,616,65384,29260,2994196,0,99,7,0,0,14:33:5C:6D:AF:58,1,1,ARMED,448.0,0,0,80:02:9C:61:97:4B,1,199,2943.0,80:02:9C:61:97:4A,4,0,NONE,2026-08-24T15:59:04.461294
45917,,-57,40,286,646,65384,29260,2994217,0,99,7,0,0,14:33:5C:6D:AF:58,1,1,ARMED,448.0,0,0,80:02:9C:61:97:4B,1,249,2818.1,80:02:9C:61:97:4A,4,0,NONE,2026-08-24T15:59:04.482294
45917,,-57,40,3700,660,65384,29260,2994296,0,99,7,0,0,14:33:5C:6D:AF:58,0,1,ARMED,448.0,0,1,80:02:9C:61:97:4B,1,31,463.2,80:02:9C:61:97:4A,4,0,NONE,2026-08-24T15:59:04.561294
45917,,-70,27,303,595,65384,29260,2994453,0,99,7,0,0,14:33:5C:6D:AF:58,0,1,ARMED,448.0,0,1,80:02:9C:61:97:4B,1,8,406.5,80:02:9C:61:97:4A,4,0,NONE,2026-08-24T15:59:04.718294
45917,,-69,28,16570,3569,65384,29260,2994548,0,99,7,0,0,14:33:5C:6D:AF:58,0,1,ARMED,448.0,0,1,80:02:9C:61:97:4B,1,2,164.0,80:02:9C:61:97:4A,4,0,NONE,2026-08-24T15:59:04.813294
45917,,-70,27,635,3578,65384,29260,2994692,0,99,7,0,0,14:33:5C:6D:AF:58,0,1,ARMED,448.0,0,0,80:02:9C:61:97:4B,1,20,371.1,80:02:9C:61:97:4A,4,0,NONE,2026-08-24T15:59:04.957294
45917,,-57,40,712,686,65384,29260,2994823,0,99,7,0,0,14:33:5C:6D:AF:58,0,1,ARMED,448.0,0,0,80:02:9C:61:97:4B,1,34,414.3,80:02:9C:61:97:4A,4,0,NONE,2026-08-24T15:59:05.088294
45917,,-57,40,1575,698,65384,29260,2994950,0,99,7,0,0,14:33:5C:6D:AF:58,0,1,ARMED,448.0,0,0,80:02:9C:61:97:4B,1,1,617.7,80:02:9C:61:97:4A,4,0,NONE,2026-08-24T15:59:05.215294
45917,,-57,40,169,723,65384,29260,2994975,0,99,7,0,0,14:33:5C:6D:AF:58,0,1,ARMED,448.0,0,1,80:02:9C:61:97:4B,1,51,1949.8,80:02:9C:61:97:4A,4,0,NONE,2026-08-24T15:59:05.240294
45917,,-57,40,444,1966,65384,29260,2995041,0,99,7,0,0,14:33:5C:6D:AF:58,0,1,ARMED,448.0,0,0,80:02:9C:61:97:4B,1,101,1089.6,80:02:9C:61:97:4A,4,0,NONE,2026-08-24T15:59:05.306294
45917,,-91,6,129958,3091,65384,29260,2995374,0,99,7,0,0,14:33:5C:6D:AF:58,0,0,ARMED,448.0,0,1,80:02:9C:61:97:4B,1,2,173.2,80:02:9C:61:97:4A,4,0,NONE,2026-08-24T15:59:05.639294
45917,,-69,28,644,3629,65384,29260,2995796,0,99,7,0,0,14:33:5C:6D:AF:58,0,0,ARMED,448.0,0,0,80:02:9C:61:97:4B,1,7,292.8,80:02:9C:61:97:4A,4,0,NONE,2026-08-24T15:59:06.061294
45917,,-91,6,34953,1197,65384,29260,2996273,0,99,7,0,0,14:33:5C:6D:AF:58,0,0,ARMED,448.0,0,1,80:02:9C:61:97:4B,1,7,77.1,80:02:9C:61:97:4A,4,0,NONE,2026-08-24T15:59:06.538294
45917,BEACON,-75,22,0,2730,65384,29260,2996686,0,99,7,0,0,14:33:5C:6D:AF:58,0,0,ARMED,448.0,0,1,80:02:9C:61:97:4B,1,19,209.5,80:02:9C:61:97:4A,4,0,NONE,2026-08-24T15:59:06.951294
45917,BEACON,-89,8,0,2891,65384,29260,2996903,0,99,7,0,0,14:33:5C:6D:AF:58,0,0,ARMED,448.0,0,0,80:02:9C:61:97:4B,1,31,312.0,80:02:9C:61:97:4A,4,0,NONE,2026-08-24T15:59:07.168294
45917,,39,39,0,1023,65384,29260,2997267,0,99,7,0,0,14:33:5C:6D:AF:58,0,0,ARMED,448.0,0,0,80:02:9C:61:97:4B,1,3,302.9,80:02:9C:61:97:4A,4,0,NONE,2026-08-24T15:59:07.532294
45917,,-39,58,2144,619,65384,29260,2997385,0,99,7,0,0,14:33:5C:6D:AF:58,0,1,ARMED,448.0,0,0,80:02:9C:61:97:4B,1,13,538.0,80:02:9C:61:97:4A,4,0,NONE,2026-08-24T15:59:07.650294
45917,,53,53,0,2858,65384,29260,2997466,0,99,7,0,0,14:33:5C:6D:AF:58,0,1,ARMED,448.0,0,0,80:02:9C:61:97:4B,1,6,1368.0,80:02:9C:61:97:4A,4,0,NONE,2026-08-24T15:59:07.731294
45917,,-72,25,1357,2910,65384,29260,2997892,0,99,7,0,0,14:33:5C:6D:AF:58,0,0,ARMED,448.0,0,1,80:02:9C:61:97:4B,1,7,938.7,80:02:9C:61:97:4A,4,0,NONE,2026-08-24T15:59:08.157294
45917,BEACON,-85,12,0,2625,65384,29260,2998179,0,99,7,0,0,14:33:5C:6D:AF:58,0,0,ARMED,448.0,0,1,80:02:9C:61:97:4B,1,10,118.3,80:02:9C:61:97:4A,4,0,NONE,2026-08-24T15:59:08.444294
45917,,-70,27,63986,2284,65384,29260,2998672,0,99,7,0,0,14:33:5C:6D:AF:58,0,0,ARMED,448.0,0,1,80:02:9C:61:97:4B,1,5,75.5,80:02:9C:61:97:4A,4,0,NONE,2026-08-24T15:59:08.937294
45917,BEACON,-91,6,0,696,65384,29260,2999125,0,99,7,0,0,14:33:5C:6D:AF:58,0,0,ARMED,448.0,0,1,80:02:9C:61:97:4B,1,2,293.5,80:02:9C:61:97:4A,4,0,NONE,2026-08-24T15:59:09.390294
45917,,-70,27,11620,3656,65384,29260,2999583,0,99,7,0,0,14:33:5C:6D:AF:58,0,0,ARMED,448.0,0,0,80:02:9C:61:97:4B,1,13,235.1,80:02:9C:61:97:4A,4,0,NONE,2026-08-24T15:59:09.848294
45917,BEACON,-85,12,0,2644,65384,29260,2999919,0,99,7,0,0,14:33:5C:6D:AF:58,0,0,ARMED,448.0,0,1,80:02:9C:61:97:4B,1,11,130.0,80:02:9C:61:97:4A,4,0,NONE,2026-08-24T15:59:10.184294
45917,,-70,27,143,3678,65384,29260,3000322,0,99,7,0,0,14:33:5C:6D:AF:58,0,0,ARMED,448.0,0,0,80:02:9C:61:97:4B,1,18,230.9,80:02:9C:61:97:4A,4,0,NONE,2026-08-24T15:59:10.587294
45917,BEACON,-75,22,0,2768,65384,29260,3000577,0,99,7,0,0,14:33:5C:6D:AF:58,0,0,ARMED,448.0,0,1,80:02:9C:61:97:4B,1,4,155.0,80:02:9C:61:97:4A,4,0,NONE,2026-08-24T15:59:10.842294
45917,BEACON,-57,40,126370,3454,65384,29260,3001064,0,99,7,0,0,14:33:5C:6D:AF:58,0,0,ARMED,448.0,0,1,80:02:9C:61:97:4B,1,9,87.9,80:02:9C:61:97:4A,4,0,NONE,2026-08-24T15:59:11.329294
45917,BEACON,-84,13,0,1802,65384,29260,3001357,0,99,7,0,0,14:33:5C:6D:AF:58,0,0,ARMED,448.0,0,1,80:02:9C:61:97:4B,1,23,259.8,80:02:9C:61:97:4A,4,0,NONE,2026-08-24T15:59:11.622294
45917,MGMT_OTHER,-89,8,35669,1296,65384,29260,3001591,0,99,7,0,0,14:33:5C:6D:AF:58,0,0,ARMED,448.0,0,1,80:02:9C:61:97:4B,1,4,261.6,80:02:9C:61:97:4A,4,0,NONE,2026-08-24T15:59:11.856294
45917,,-71,26,149,3697,65384,29260,3001917,0,99,7,0,0,14:33:5C:6D:AF:58,0,0,ARMED,448.0,0,0,80:02:9C:61:97:4B,1,8,236.2,80:02:9C:61:97:4A,4,0,NONE,2026-08-24T15:59:12.182294
45917,,52,52,0,1023,65384,29260,3002338,0,99,7,0,0,14:33:5C:6D:AF:58,0,0,ARMED,448.0,0,0,80:02:9C:61:97:4B,1,9,198.7,80:02:9C:61:97:4A,4,0,NONE,2026-08-24T15:59:12.603294
45917,,-57,40,753,760,65384,29260,3002482,0,99,7,0,0,14:33:5C:6D:AF:58,0,0,ARMED,448.0,0,0,80:02:9C:61:97:4B,1,40,456.5,80:02:9C:61:97:4A,4,0,NONE,2026-08-24T15:59:12.747294
45917,,-58,39,356,776,65384,29260,3002551,0,99,7,0,0,14:33:5C:6D:AF:58,0,1,ARMED,448.0,0,0,80:02:9C:61:97:4B,1,40,747.6,80:02:9C:61:97:4A,4,0,NONE,2026-08-24T15:59:12.816294
45917,,-70,27,0,1895,63980,29260,3002592,0,99,7,0,0,14:33:5C:6D:AF:58,0,1,ARMED,448.0,0,0,80:02:9C:61:97:4B,1,90,947.2,80:02:9C:61:97:4A,4,0,NONE,2026-08-24T15:59:12.857294
45917,,-71,26,2689,3717,65384,29260,3002771,0,99,7,0,0,14:33:5C:6D:AF:58,0,0,ARMED,448.0,0,0,80:02:9C:61:97:4B,1,9,130.5,80:02:9C:61:97:4A,4,0,NONE,2026-08-24T15:59:13.036294
45917,,-56,41,0,2047,65384,29260,3003113,0,99,7,0,0,14:33:5C:6D:AF:58,0,0,ARMED,448.0,0,0,80:02:9C:61:97:4B,1,3,815.4,80:02:9C:61:97:4A,4,0,NONE,2026-08-24T15:59:13.378294
45917,,-57,40,205,799,65384,29260,3003335,0,99,7,0,0,14:33:5C:6D:AF:58,0,0,ARMED,448.0,0,1,80:02:9C:61:97:4B,1,20,1076.4,80:02:9C:61:97:4A,4,0,NONE,2026-08-24T15:59:13.600294
45917,BEACON,-92,5,0,2902,65384,29260,3003657,0,99,7,0,0,14:33:5C:6D:AF:58,0,0,ARMED,448.0,0,1,80:02:9C:61:97:4B,1,5,149.6,80:02:9C:61:97:4A,4,0,NONE,2026-08-24T15:59:13.922294
45917,,57,57,0,1023,65384,29260,3004053,0,99,7,0,0,14:33:5C:6D:AF:58,0,0,ARMED,448.0,0,1,80:02:9C:61:97:4B,1,3,149.6,80:02:9C:61:97:4A,4,0,NONE,2026-08-24T15:59:14.318294
45917,BEACON,-56,41,0,3502,65384,29260,3004341,0,99,7,0,0,14:33:5C:6D:AF:58,0,0,ARMED,448.0,0,1,80:02:9C:61:97:4B,1,11,107.4,80:02:9C:61:97:4A,4,0,NONE,2026-08-24T15:59:14.606294
45917,,39,39,0,2809,65384,29260,3004792,0,99,7,0,0,14:33:5C:6D:AF:58,0,0,ARMED,448.0,0,1,80:02:9C:61:97:4B,1,6,142.8,80:02:9C:61:97:4A,4,0,NONE,2026-08-24T15:59:15.057294
45917,,-58,39,489,2080,65384,29260,3005084,0,99,7,0,0,14:33:5C:6D:AF:58,0,0,ARMED,448.0,0,0,80:02:9C:61:97:4B,1,16,602.8,80:02:9C:61:97:4A,4,0,NONE,2026-08-24T15:59:15.349294
45917,,59,59,0,3514,65384,29260,3005580,0,99,7,0,0,14:33:5C:6D:AF:58,0,0,ARMED,448.0,0,1,80:02:9C:61:97:4B,1,2,191.1,80:02:9C:61:97:4A,4,0,NONE,2026-08-24T15:59:15.845294
45917,BEACON,-84,13,0,2707,65384,29260,3005961,0,99,7,0,0,14:33:5C:6D:AF:58,0,0,ARMED,448.0,0,1,80:02:9C:61:97:4B,1,10,118.2,80:02:9C:61:97:4A,4,0,NONE,2026-08-24T15:59:16.226294
45917,,-90,7,15687,562,65384,29260,3006277,0,99,7,0,0,14:33:5C:6D:AF:58,0,0,ARMED,448.0,0,1,80:02:9C:61:97:4B,1,10,107.4,80:02:9C:61:97:4A,4,0,NONE,2026-08-24T15:59:16.542294
45917,,-91,6,96477,161,65384,29260,3006869,0,99,7,0,0,14:33:5C:6D:AF:58,0,0,ARMED,448.0,0,1,80:02:9C:61:97:4B,1,2,44.6,80:02:9C:61:97:4A,4,0,NONE,2026-08-24T15:59:17.134294
45917,,-64,33,0,3769,65384,29260,3007147,0,99,7,0,0,14:33:5C:6D:AF:58,0,0,ARMED,448.0,0,0,80:02:9C:61:97:4B,1,6,321.5,80:02:9C:61:97:4A,4,0,NONE,2026-08-24T15:59:17.412294
45917,,-58,39,255,805,65384,29260,3007314,0,99,7,0,0,14:33:5C:6D:AF:58,0,1,ARMED,448.0,0,1,80:02:9C:61:97:4B,1,14,174.1,80:02:9C:61:97:4A,4,0,NONE,2026-08-24T15:59:17.579294
45917,,-66,31,1938,1925,65384,29260,3007480,0,99,7,0,0,14:33:5C:6D:AF:58,0,0,ARMED,448.0,0,1,80:02:9C:61:97:4B,1,14,357.8,80:02:9C:61:97:4A,4,0,NONE,2026-08-24T15:59:17.745294
45917,,-58,39,531,817,65384,29260,3007614,0,99,7,0,0,14:33:5C:6D:AF:58,0,1,ARMED,448.0,0,1,80:02:9C:61:97:4B,1,36,508.1,80:02:9C:61:97:4A,4,0,NONE,2026-08-24T15:59:17.879294
45917,MGMT_OTHER,-92,5,974,582,65384,29260,3007662,0,99,7,0,0,14:33:5C:6D:AF:58,0,1,ARMED,448.0,0,1,80:02:9C:61:97:4B,1,20,1686.5,80:02:9C:61:97:4A,4,0,NONE,2026-08-24T15:59:17.927294
45917,,-66,31,30753,1787,65384,29260,3007816,0,99,7,0,0,14:33:5C:6D:AF:58,0,1,ARMED,448.0,0,1,80:02:9C:61:97:4B,1,21,356.5,80:02:9C:61:97:4A,4,0,NONE,2026-08-24T15:59:18.081294
45917,BEACON,-75,22,50,2841,65236,29260,3008053,0,99,7,0,0,14:33:5C:6D:AF:58,0,0,ARMED,448.0,0,1,80:02:9C:61:97:4B,1,18,198.8,80:02:9C:61:97:4A,4,0,NONE,2026-08-24T15:59:18.318294
45917,,-73,24,291,3070,65384,29260,3008297,0,99,7,0,0,14:33:5C:6D:AF:58,0,0,ARMED,448.0,0,1,80:02:9C:61:97:4B,1,5,205.4,80:02:9C:61:97:4A,4,0,NONE,2026-08-24T15:59:18.562294
45917,,-66,31,0,647,65384,29260,3008396,0,99,7,0,0,14:33:5C:6D:AF:58,0,1,ARMED,448.0,0,0,80:02:9C:61:97:4B,1,10,474.7,80:02:9C:61:97:4A,4,0,NONE,2026-08-24T15:59:18.661294
45917,,39,39,0,1023,65384,29260,3008498,0,99,7,0,0,14:33:5C:6D:AF:58,0,1,ARMED,448.0,0,1,80:02:9C:61:97:4B,1,6,291.6,80:02:9C:61:97:4A,4,0,NONE,2026-08-24T15:59:18.763294
45917,BEACON,-75,22,0,2848,65384,29260,3008769,0,99,7,0,0,14:33:5C:6D:AF:58,0,0,ARMED,448.0,0,1,80:02:9C:61:97:4B,1,11,131.9,80:02:9C:61:97:4A,4,0,NONE,2026-08-24T15:59:19.034294
45917,,-58,39,280,857,65384,29260,3008998,0,99,7,0,0,14:33:5C:6D:AF:58,0,0,ARMED,448.0,0,0,80:02:9C:61:97:4B,1,24,264.6,80:02:9C:61:97:4A,4,0,NONE,2026-08-24T15:59:19.263294
45917,,-38,59,11765,3612,65384,29260,3009379,0,99,7,0,0,14:33:5C:6D:AF:58,0,0,ARMED,448.0,0,1,80:02:9C:61:97:4B,1,9,234.6,80:02:9C:61:97:4A,4,0,NONE,2026-08-24T15:59:19.644294
45917,,46,46,0,1023,65384,29260,3009559,0,99,7,0,0,14:33:5C:6D:AF:58,0,0,ARMED,448.0,0,1,80:02:9C:61:97:4B,1,6,316.1,80:02:9C:61:97:4A,4,0,NONE,2026-08-24T15:59:19.824294
45917,PROBE_RESP,-76,21,8040,3611,65384,29260,3009842,0,99,7,0,0,14:33:5C:6D:AF:58,0,0,ARMED,448.0,0,1,80:02:9C:61:97:4B,1,14,146.3,80:02:9C:61:97:4A,4,0,NONE,2026-08-24T15:59:20.107294
45917,,-56,41,545,866,65384,29260,3010197,0,99,7,0,0,14:33:5C:6D:AF:58,0,0,ARMED,448.0,0,0,80:02:9C:61:97:4B,1,4,201.4,80:02:9C:61:97:4A,4,0,NONE,2026-08-24T15:59:20.462294
45917,,-60,37,0,3567,63652,29260,3010385,0,99,7,0,0,14:33:5C:6D:AF:58,0,0,ARMED,448.0,0,0,80:02:9C:61:97:4B,1,2,609.8,80:02:9C:61:97:4A,4,0,NONE,2026-08-24T15:59:20.650294
45917,,-64,33,0,3947,65384,29260,3010488,0,99,7,0,0,14:33:5C:6D:AF:58,0,1,ARMED,448.0,0,1,80:02:9C:61:97:4B,1,1,305.2,80:02:9C:61:97:4A,4,0,NONE,2026-08-24T15:59:20.753294
45917,,-57,40,357,868,65384,29260,3010938,0,99,7,0,0,14:33:5C:6D:AF:58,0,0,ARMED,448.0,0,0,80:02:9C:61:97:4B,1,7,157.9,80:02:9C:61:97:4A,4,0,NONE,2026-08-24T15:59:21.203294
45917,BEACON,-90,7,0,2975,65384,29260,3011132,0,99,7,0,0,14:33:5C:6D:AF:58,0,1,ARMED,448.0,0,1,80:02:9C:61:97:4B,1,4,119.9,80:02:9C:61:97:4A,4,0,NONE,2026-08-24T15:59:21.397294
45917,,-66,31,30112,2310,65384,29260,3011377,0,99,7,0,0,14:33:5C:6D:AF:58,0,0,ARMED,448.0,0,1,80:02:9C:61:97:4B,1,12,164.3,80:02:9C:61:97:4A,4,0,NONE,2026-08-24T15:59:21.642294
45917,,-66,31,6136,3982,65384,29260,3011748,0,99,7,0,0,14:33:5C:6D:AF:58,0,0,ARMED,448.0,0,1,80:02:9C:61:97:4B,1,8,227.7,80:02:9C:61:97:4A,4,0,NONE,2026-08-24T15:59:22.013294
45917,,60,60,0,1023,65384,29260,3011886,0,99,7,0,0,14:33:5C:6D:AF:58,0,1,ARMED,448.0,0,1,80:02:9C:61:97:4B,1,16,227.8,80:02:9C:61:97:4A,4,0,NONE,2026-08-24T15:59:22.151294
45917,,-66,31,2189,3997,65384,29260,3012155,0,99,7,0,0,14:33:5C:6D:AF:58,0,0,ARMED,448.0,0,0,80:02:9C:61:97:4B,1,18,564.3,80:02:9C:61:97:4A,4,0,NONE,2026-08-24T15:59:22.420294
45917,BEACON,-84,13,0,1910,65384,29260,3012416,0,99,7,0,0,14:33:5C:6D:AF:58,0,0,ARMED,448.0,0,1,80:02:9C:61:97:4B,1,13,146.9,80:02:9C:61:97:4A,4,0,NONE,2026-08-24T15:59:22.681294
45917,BEACON,-56,41,4431,3613,65384,29260,3012637,0,99,7,0,0,14:33:5C:6D:AF:58,1,0,ARMED,448.0,0,1,80:02:9C:61:97:4B,1,23,226.5,80:02:9C:61:97:4A,4,0,NONE,2026-08-24T15:59:22.902294
45917,,-65,32,638,4022,65384,29260,3012918,0,99,7,0,0,14:33:5C:6D:AF:58,0,0,ARMED,448.0,0,0,80:02:9C:61:97:4B,1,11,140.2,80:02:9C:61:97:4A,4,0,NONE,2026-08-24T15:59:23.183294
45917,BEACON,-85,12,0,1919,65384,29260,3013338,0,99,7,0,0,14:33:5C:6D:AF:58,0,0,ARMED,448.0,0,1,80:02:9C:61:97:4B,1,7,79.1,80:02:9C:61:97:4A,4,0,NONE,2026-08-24T15:59:23.603294
45917,,32,32,0,1023,65368,29260,3013649,0,99,7,0,0,14:33:5C:6D:AF:58,0,0,ARMED,448.0,0,1,80:02:9C:61:97:4B,1,13,141.0,80:02:9C:61:97:4A,4,0,NONE,2026-08-24T15:59:23.914294
45917,MGMT_OTHER,-88,9,3326,3756,65384,29260,3014029,0,99,7,0,0,14:33:5C:6D:AF:58,0,0,ARMED,448.0,0,1,80:02:9C:61:97:4B,1,7,123.7,80:02:9C:61:97:4A,4,0,NONE,2026-08-24T15:59:24.294294
45917,MGMT_OTHER,-85,12,4646,3112,65384,29260,3014364,0,99,7,0,0,14:33:5C:6D:AF:58,0,0,ARMED,448.0,0,1,80:02:9C:61:97:4B,1,7,83.5,80:02:9C:61:97:4A,4,0,NONE,2026-08-24T15:59:24.629294
45917,BEACON,-75,22,0,2907,65384,29260,3014811,0,99,7,0,0,14:33:5C:6D:AF:58,0,0,ARMED,448.0,0,1,80:02:9C:61:97:4B,1,7,68.4,80:02:9C:61:97:4A,4,0,NONE,2026-08-24T15:59:25.076294
45917,,-57,40,2498,2173,65384,29260,3015193,0,99,7,0,0,14:33:5C:6D:AF:58,0,0,ARMED,448.0,0,1,80:02:9C:61:97:4B,1,12,160.3,80:02:9C:61:97:4A,4,0,NONE,2026-08-24T15:59:25.458294
45917,BEACON,-90,7,0,855,65384,29260,3015406,0,99,7,0,0,14:33:5C:6D:AF:58,0,0,ARMED,448.0,0,1,80:02:9C:61:97:4B,1,13,155.9,80:02:9C:61:97:4A,4,0,NONE,2026-08-24T15:59:25.671294
45917,,-65,32,410,1790,65384,29260,3015908,0,99,7,0,0,14:33:5C:6D:AF:58,0,0,ARMED,448.0,0,1,80:02:9C:61:97:4B,1,8,109.1,80:02:9C:61:97:4A,4,0,NONE,2026-08-24T15:59:26.173294
45917,BEACON,-60,37,0,3655,65384,29260,3016321,0,99,7,0,0,14:33:5C:6D:AF:58,0,0,ARMED,448.0,0,1,80:02:9C:61:97:4B,1,17,221.5,80:02:9C:61:97:4A,4,0,NONE,2026-08-24T15:59:26.586294
45917,,-66,31,0,2329,65384,29260,3016734,0,99,7,0,0,14:33:5C:6D:AF:58,0,0,ARMED,448.0,0,1,80:02:9C:61:97:4B,1,13,162.0,80:02:9C:61:97:4A,4,0,NONE,2026-08-24T15:59:26.999294
45917,BEACON,-85,12,0,2067,65384,29260,3016914,0,99,7,0,0,14:33:5C:6D:AF:58,0,0,ARMED,448.0,0,1,80:02:9C:61:97:4B,1,9,163.7,80:02:9C:61:97:4A,4,0,NONE,2026-08-24T15:59:27.179294
45917,,-50,47,0,2843,65384,29260,3017189,0,99,7,0,0,14:33:5C:6D:AF:58,0,0,ARMED,448.0,0,1,80:02:9C:61:97:4B,1,6,265.0,80:02:9C:61:97:4A,4,0,NONE,2026-08-24T15:59:27.454294
45917,,-59,38,238,893,65384,29260,3017449,0,99,7,0,0,14:33:5C:6D:AF:58,0,0,ARMED,448.0,0,1,80:02:9C:61:97:4B,1,7,90.2,80:02:9C:61:97:4A,4,0,NONE,2026-08-24T15:59:27.714294
45917,,56,56,0,2011,65384,29260,3017640,0,99,7,0,0,14:33:5C:6D:AF:58,0,0,ARMED,448.0,0,0,80:02:9C:61:97:4B,1,15,233.4,80:02:9C:61:97:4A,4,0,NONE,2026-08-24T15:59:27.905294
45917,BEACON,-90,7,0,879,65384,29260,3017864,0,99,7,0,0,14:33:5C:6D:AF:58,0,0,ARMED,448.0,0,1,80:02:9C:61:97:4B,1,9,108.0,80:02:9C:61:97:4A,4,0,NONE,2026-08-24T15:59:28.129294
45917,,-65,32,291,3239,65384,29260,3018218,0,99,7,0,0,14:33:5C:6D:AF:58,0,0,ARMED,448.0,0,0,80:02:9C:61:97:4B,1,10,354.4,80:02:9C:61:97:4A,4,0,NONE,2026-08-24T15:59:28.483294
45917,,-58,39,3767,895,65384,29260,3018593,0,99,7,0,0,14:33:5C:6D:AF:58,0,0,ARMED,448.0,0,1,80:02:9C:61:97:4B,1,11,115.4,80:02:9C:61:97:4A,4,0,NONE,2026-08-24T15:59:28.858294
45917,MGMT_OTHER,-89,8,509,2592,65384,29260,3018642,0,99,7,0,0,14:33:5C:6D:AF:58,0,0,ARMED,448.0,0,1,80:02:9C:61:97:4B,1,41,913.3,80:02:9C:61:97:4A,4,0,NONE,2026-08-24T15:59:28.907294
45917,,-66,31,11572,4073,65384,29260,3018844,0,99,7,0,0,14:33:5C:6D:AF:58,0,0,ARMED,448.0,0,1,80:02:9C:61:97:4B,1,21,538.5,80:02:9C:61:97:4A,4,0,NONE,2026-08-24T15:59:29.109294
45917,BEACON,-92,5,0,3052,65384,29260,3019017,0,99,7,0,0,14:33:5C:6D:AF:58,0,0,ARMED,448.0,0,1,80:02:9C:61:97:4B,1,1,132.1,80:02:9C:61:97:4A,4,0,NONE,2026-08-24T15:59:29.282294
45917,,-65,32,1566,2017,65140,29260,3019336,0,99,7,0,0,14:33:5C:6D:AF:58,0,0,ARMED,448.0,0,1,80:02:9C:61:97:4B,1,4,203.1,80:02:9C:61:97:4A,4,0,NONE,2026-08-24T15:59:29.601294
45917,,-60,37,1384,929,65384,29260,3019638,0,99,7,0,0,14:33:5C:6D:AF:58,0,0,ARMED,448.0,0,0,80:02:9C:61:97:4B,1,4,343.8,80:02:9C:61:97:4A,4,0,NONE,2026-08-24T15:59:29.903294
45917,PROBE_RESP,-89,8,77115,871,65384,29260,3020069,0,99,7,0,0,14:33:5C:6D:AF:58,0,0,ARMED,448.0,0,1,80:02:9C:61:97:4B,1,3,85.1,80:02:9C:61:97:4A,4,0,NONE,2026-08-24T15:59:30.334294
45917,,-65,32,0,2339,65384,29260,3020427,0,99,7,0,0,14:33:5C:6D:AF:58,0,0,ARMED,448.0,0,1,80:02:9C:61:97:4B,1,12,138.5,80:02:9C:61:97:4A,4,0,NONE,2026-08-24T15:59:30.692294
45917,,60,60,0,2965,65384,29260,3020753,0,99,7,0,0,14:33:5C:6D:AF:58,0,0,ARMED,448.0,0,0,80:02:9C:61:97:4B,1,17,173.2,80:02:9C:61:97:4A,4,0,NONE,2026-08-24T15:59:31.018294
45917,,-65,32,5690,2342,65384,29260,3021007,0,99,7,0,0,14:33:5C:6D:AF:58,0,0,ARMED,448.0,0,1,80:02:9C:61:97:4B,1,3,73.9,80:02:9C:61:97:4A,4,0,NONE,2026-08-24T15:59:31.272294
45917,BEACON,-84,13,50,2110,65384,29260,3021317,0,99,7,0,0,14:33:5C:6D:AF:58,0,0,ARMED,448.0,0,1,80:02:9C:61:97:4B,1,1,207.9,80:02:9C:61:97:4A,4,0,NONE,2026-08-24T15:59:31.582294
45917,,37,37,0,1023,65384,29260,3021737,0,99,7,0,0,14:33:5C:6D:AF:58,0,0,ARMED,448.0,0,0,80:02:9C:61:97:4B,1,5,726.3,80:02:9C:61:97:4A,4,0,NONE,2026-08-24T15:59:32.002294
45917,,34,34,0,1023,65384,29260,3021999,0,99,7,0,0,14:33:5C:6D:AF:58,0,0,ARMED,448.0,0,0,80:02:9C:61:97:4B,1,22,343.3,80:02:9C:61:97:4A,4,0,NONE,2026-08-24T15:59:32.264294
45917,,-66,31,0,3296,65384,29260,3022303,0,99,7,0,0,14:33:5C:6D:AF:58,0,0,ARMED,448.0,0,0,80:02:9C:61:97:4B,1,12,211.0,80:02:9C:61:97:4A,4,0,NONE,2026-08-24T15:59:32.568294
45917,,-58,39,18496,3704,65384,29260,3022399,0,99,7,0,0,14:33:5C:6D:AF:58,0,1,ARMED,448.0,0,1,80:02:9C:61:97:4B,1,24,658.2,80:02:9C:61:97:4A,4,0,NONE,2026-08-24T15:59:32.664294
45917,,-54,43,11955,3708,65384,29260,3022521,0,99,7,0,0,14:33:5C:6D:AF:58,0,1,ARMED,448.0,0,1,80:02:9C:61:97:4B,1,21,379.6,80:02:9C:61:97:4A,4,0,NONE,2026-08-24T15:59:32.786294
45917,BEACON,-84,13,0,2882,65384,29260,3022755,0,99,7,0,0,14:33:5C:6D:AF:58,0,0,ARMED,448.0,0,1,80:02:9C:61:97:4B,1,29,342.6,80:02:9C:61:97:4A,4,0,NONE,2026-08-24T15:59:33.020294
45917,BEACON,-57,40,82,3739,65384,29260,3023080,0,99,7,0,0,14:33:5C:6D:AF:58,0,0,ARMED,448.0,0,0,80:02:9C:61:97:4B,1,21,205.0,80:02:9C:61:97:4A,4,0,NONE,2026-08-24T15:59:33.345294
45917,,-67,30,53053,3333,65384,29260,3023394,0,99,7,0,0,14:33:5C:6D:AF:58,0,0,ARMED,448.0,0,1,80:02:9C:61:97:4B,1,3,394.1,80:02:9C:61:97:4A,4,0,NONE,2026-08-24T15:59:33.659294
45917,,-56,41,15760,3722,65384,29260,3023710,0,99,7,0,0,14:33:5C:6D:AF:58,0,0,ARMED,448.0,0,1,80:02:9C:61:97:4B,1,2,125.4,80:02:9C:61:97:4A,4,0,NONE,2026-08-24T15:59:33.975294
45917,,-53,44,9987,3731,65384,29260,3024045,0,99,7,0,0,14:33:5C:6D:AF:58,0,0,ARMED,448.0,0,1,80:02:9C:61:97:4B,1,7,160.7,80:02:9C:61:97:4A,4,0,NONE,2026-08-24T15:59:34.310294
45917,,-56,41,31352,3742,65384,29260,3024334,0,99,7,0,0,14:33:5C:6D:AF:58,0,0,ARMED,448.0,0,1,80:02:9C:61:97:4B,1,4,185.2,80:02:9C:61:97:4A,4,0,NONE,2026-08-24T15:59:34.599294
45917,,36,36,0,1023,65384,29260,3024556,0,99,7,0,0,14:33:5C:6D:AF:58,0,0,ARMED,448.0,0,0,80:02:9C:61:97:4B,1,18,490.8,80:02:9C:61:97:4A,4,0,NONE,2026-08-24T15:59:34.821294
45917,,56,56,0,3003,65384,29260,3024642,0,99,7,0,0,14:33:5C:6D:AF:58,0,1,ARMED,448.0,0,0,80:02:9C:61:97:4B,1,8,354.2,80:02:9C:61:97:4A,4,0,NONE,2026-08-24T15:59:34.907294
45917,BEACON,-85,12,82,2145,65384,29260,3024901,0,99,7,0,0,14:33:5C:6D:AF:58,0,0,ARMED,448.0,0,1,80:02:9C:61:97:4B,1,24,323.5,80:02:9C:61:97:4A,4,0,NONE,2026-08-24T15:59:35.166294
45917,BEACON,-78,19,0,3009,65384,29260,3025256,0,99,7,0,0,14:33:5C:6D:AF:58,0,0,ARMED,448.0,0,1,80:02:9C:61:97:4B,1,1,162.8,80:02:9C:61:97:4A,4,0,NONE,2026-08-24T15:59:35.521294
45917,,-66,31,0,3355,65384,29260,3025649,0,99,7,0,0,14:33:5C:6D:AF:58,0,0,ARMED,448.0,0,0,80:02:9C:61:97:4B,1,15,175.3,80:02:9C:61:97:4A,4,0,NONE,2026-08-24T15:59:35.914294
45917,BEACON,-90,7,0,3172,65384,29260,3025782,0,99,7,0,0,14:33:5C:6D:AF:58,0,1,ARMED,448.0,0,0,80:02:9C:61:97:4B,1,2,142.1,80:02:9C:61:97:4A,4,0,NONE,2026-08-24T15:59:36.047294
45917,BEACON,-91,6,0,961,65384,29260,3026261,0,99,7,0,0,14:33:5C:6D:AF:58,0,0,ARMED,448.0,0,1,80:02:9C:61:97:4B,1,12,144.1,80:02:9C:61:97:4A,4,0,NONE,2026-08-24T15:59:36.526294
45917,BEACON,-78,19,23385,3022,65384,29260,3026587,0,99,7,0,0,14:33:5C:6D:AF:58,0,0,ARMED,448.0,0,1,80:02:9C:61:97:4B,1,10,97.6,80:02:9C:61:97:4A,4,0,NONE,2026-08-24T15:59:36.852294
45917,,-67,30,82,462,65384,29260,3026915,0,99,7,0,0,14:33:5C:6D:AF:58,0,0,ARMED,448.0,0,1,80:02:9C:61:97:4B,1,4,190.0,80:02:9C:61:97:4A,4,0,NONE,2026-08-24T15:59:37.180294
45917,,-75,22,165,2841,65384,29260,3027135,0,99,7,0,0,14:33:5C:6D:AF:58,0,0,ARMED,448.0,0,0,80:02:9C:61:97:4B,1,18,503.3,80:02:9C:61:97:4A,4,0,NONE,2026-08-24T15:59:37.400294
45917,,-60,37,4625,1445,65384,29260,3027198,0,99,7,0,0,14:33:5C:6D:AF:58,0,0,ARMED,448.0,0,0,80:02:9C:61:97:4B,1,68,683.6,80:02:9C:61:97:4A,4,0,NONE,2026-08-24T15:59:37.463294
45917,BEACON,-77,20,0,3031,65384,29260,3027509,0,99,7,0,0,14:33:5C:6D:AF:58,0,0,ARMED,448.0,0,1,80:02:9C:61:97:4B,1,25,244.1,80:02:9C:61:97:4A,4,0,NONE,2026-08-24T15:59:37.774294
45917,,-65,32,4066,3385,65384,29260,3027953,0,99,7,0,0,14:33:5C:6D:AF:58,0,0,ARMED,448.0,0,1,80:02:9C:61:97:4B,1,4,115.0,80:02:9C:61:97:4A,4,0,NONE,2026-08-24T15:59:38.218294
45917,,-55,42,17174,3824,65384,29260,3028155,0,99,7,0,0,14:33:5C:6D:AF:58,0,0,ARMED,448.0,0,0,80:02:9C:61:97:4B,1,4,123.4,80:02:9C:61:97:4A,4,0,NONE,2026-08-24T15:59:38.420294
45917,,53,53,0,3806,65384,29260,3028305,0,99,7,0,0,14:33:5C:6D:AF:58,0,0,ARMED,448.0,0,0,80:02:9C:61:97:4B,1,36,454.7,80:02:9C:61:97:4A,4,0,NONE,2026-08-24T15:59:38.570294
45917,BEACON,-91,6,0,3201,65384,29260,3028749,0,99,7,0,0,14:33:5C:6D:AF:58,0,0,ARMED,448.0,0,0,80:02:9C:61:97:4B,1,3,254.2,80:02:9C:61:97:4A,4,0,NONE,2026-08-24T15:59:39.014294
45917,,-65,32,0,3409,65384,29260,3029095,0,99,7,0,0,14:33:5C:6D:AF:58,0,0,ARMED,448.0,0,1,80:02:9C:61:97:4B,1,4,79.2,80:02:9C:61:97:4A,4,0,NONE,2026-08-24T15:59:39.360294
45917,,36,36,0,1023,65384,29260,3029260,0,99,7,0,0,14:33:5C:6D:AF:58,0,0,ARMED,448.0,0,0,80:02:9C:61:97:4B,1,5,482.5,80:02:9C:61:97:4A,4,0,NONE,2026-08-24T15:59:39.525294
45917,BEACON,-57,40,12837,3819,65384,29260,3029531,0,99,7,0,0,14:33:5C:6D:AF:58,0,0,ARMED,448.0,0,0,80:02:9C:61:97:4B,1,13,169.5,80:02:9C:61:97:4A,4,0,NONE,2026-08-24T15:59:39.796294
45917,,37,37,0,1023,65384,29260,3029598,0,99,7,0,0,14:33:5C:6D:AF:58,0,1,ARMED,448.0,0,0,80:02:9C:61:97:4B,1,31,752.6,80:02:9C:61:97:4A,4,0,NONE,2026-08-24T15:59:39.863294
45917,,37,37,0,1023,65384,29260,3029661,0,99,7,0,0,14:33:5C:6D:AF:58,0,1,ARMED,448.0,0,0,80:02:9C:61:97:4B,1,6,1527.9,80:02:9C:61:97:4A,4,0,NONE,2026-08-24T15:59:39.926294
45917,,60,60,0,1023,65384,29260,3029802,0,99,7,0,0,14:33:5C:6D:AF:58,0,1,ARMED,448.0,0,0,80:02:9C:61:97:4B,1,4,114.1,80:02:9C:61:97:4A,4,0,NONE,2026-08-24T15:59:40.067294
45917,,36,36,0,2950,65384,29260,3029849,0,99,7,0,0,14:33:5C:6D:AF:58,0,1,ARMED,448.0,0,0,80:02:9C:61:97:4B,1,54,654.9,80:02:9C:61:97:4A,4,0,NONE,2026-08-24T15:59:40.114294
45917,,35,35,0,3055,65384,29260,3029967,0,99,7,0,0,14:33:5C:6D:AF:58,0,1,ARMED,448.0,0,0,80:02:9C:61:97:4B,1,38,437.5,80:02:9C:61:97:4A,4,0,NONE,2026-08-24T15:59:40.232294
45917,,59,59,0,1023,65384,29260,3030010,0,99,7,0,0,14:33:5C:6D:AF:58,0,1,ARMED,448.0,0,0,80:02:9C:61:97:4B,1,49,1807.8,80:02:9C:61:97:4A,4,0,NONE,2026-08-24T15:59:40.275294
45917,,35,35,0,1023,65384,29260,3030029,0,99,7,0,0,14:33:5C:6D:AF:58,0,1,ARMED,448.0,0,0,80:02:9C:61:97:4B,1,99,2169.9,80:02:9C:61:97:4A,4,0,NONE,2026-08-24T15:59:40.294294
45917,PROBE_REQ,35,35,0,0,65384,29260,3030085,0,99,7,0,0,14:33:5C:6D:AF:58,0,1,ARMED,448.0,0,0,80:02:9C:61:97:4B,1,7,3878.1,80:02:9C:61:97:4A,4,0,NONE,2026-08-24T15:59:40.350294
45917,PROBE_REQ,36,36,0,1023,65384,29260,3030147,0,99,7,0,0,14:33:5C:6D:AF:58,0,1,ARMED,448.0,0,0,80:02:9C:61:97:4B,1,57,890.8,80:02:9C:61:97:4A,4,0,NONE,2026-08-24T15:59:40.412294
45917,PROBE_REQ,36,36,0,1023,65384,29260,3030202,0,99,7,0,0,14:33:5C:6D:AF:58,0,1,ARMED,448.0,0,0,80:02:9C:61:97:4B,1,30,1643.1,80:02:9C:61:97:4A,4,0,NONE,2026-08-24T15:59:40.467294
45917,,-67,30,284,3444,65384,29260,3030244,0,99,7,0,0,14:33:5C:6D:AF:58,0,1,ARMED,448.0,0,1,80:02:9C:61:97:4B,1,80,1314.9,80:02:9C:61:97:4A,4,0,NONE,2026-08-24T15:59:40.509294
45917,PROBE_REQ,37,37,0,1023,65384,29260,3030317,0,99,7,0,0,14:33:5C:6D:AF:58,0,1,ARMED,448.0,0,0,80:02:9C:61:97:4B,1,18,560.2,80:02:9C:61:97:4A,4,0,NONE,2026-08-24T15:59:40.582294
45917,BEACON,-59,38,82,3829,65384,29260,3030555,0,99,7,0,0,14:33:5C:6D:AF:58,0,0,ARMED,448.0,0,0,80:02:9C:61:97:4B,1,6,92.5,80:02:9C:61:97:4A,4,0,NONE,2026-08-24T15:59:40.820294
45917,BEACON,-84,13,59,2968,65384,29260,3030947,0,99,7,0,0,14:33:5C:6D:AF:58,0,0,ARMED,448.0,0,1,80:02:9C:61:97:4B,1,19,195.8,80:02:9C:61:97:4A,4,0,NONE,2026-08-24T15:59:41.212294
45917,,-89,8,0,1542,65384,29260,3031071,0,99,7,0,0,14:33:5C:6D:AF:58,0,1,ARMED,448.0,0,1,80:02:9C:61:97:4B,1,12,666.4,80:02:9C:61:97:4A,4,0,NONE,2026-08-24T15:59:41.336294
45917,,53,53,0,3641,65384,29260,3031223,0,99,7,0,0,14:33:5C:6D:AF:58,0,1,ARMED,448.0,0,0,80:02:9C:61:97:4B,1,28,405.8,80:02:9C:61:97:4A,4,0,NONE,2026-08-24T15:59:41.488294
45917,,-65,32,0,2054,63260,29260,3031270,0,99,7,0,0,14:33:5C:6D:AF:58,0,1,ARMED,448.0,0,0,80:02:9C:61:97:4B,1,13,822.4,80:02:9C:61:97:4A,4,0,NONE,2026-08-24T15:59:41.535294
45917,,-65,32,495,2069,64740,29260,3031314,0,99,7,0,0,14:33:5C:6D:AF:58,0,1,ARMED,448.0,0,0,80:02:9C:61:97:4B,1,63,1049.9,80:02:9C:61:97:4A,4,0,NONE,2026-08-24T15:59:41.579294
45917,,-65,32,0,2085,63780,29260,3031372,0,99,7,0,0,14:33:5C:6D:AF:58,0,1,ARMED,448.0,0,0,80:02:9C:61:97:4B,1,9,614.8,80:02:9C:61:97:4A,4,0,NONE,2026-08-24T15:59:41.637294
45917,,57,57,0,2890,65384,29260,3031546,0,99,7,0,0,14:33:5C:6D:AF:58,0,0,ARMED,448.0,0,1,80:02:9C:61:97:4B,1,33,380.7,80:02:9C:61:97:4A,4,0,NONE,2026-08-24T15:59:41.811294
45917,,-61,36,23273,2360,65384,29260,3031748,0,99,7,0,0,14:33:5C:6D:AF:58,0,1,ARMED,448.0,0,1,80:02:9C:61:97:4B,1,12,138.3,80:02:9C:61:97:4A,4,0,NONE,2026-08-24T15:59:42.013294
45917,BEACON,-91,6,0,3180,65384,29260,3032125,0,99,7,0,0,14:33:5C:6D:AF:58,0,0,ARMED,448.0,0,1,80:02:9C:61:97:4B,1,9,174.2,80:02:9C:61:97:4A,4,0,NONE,2026-08-24T15:59:42.390294
45917,,46,46,0,1023,65384,29260,3032307,0,99,7,0,0,14:33:5C:6D:AF:58,0,0,ARMED,448.0,0,0,80:02:9C:61:97:4B,1,26,850.9,80:02:9C:61:97:4A,4,0,NONE,2026-08-24T15:59:42.572294
45917,,46,46,0,1023,65384,29260,3032418,0,99,7,0,0,14:33:5C:6D:AF:58,0,1,ARMED,448.0,0,1,80:02:9C:61:97:4B,1,9,224.0,80:02:9C:61:97:4A,4,0,NONE,2026-08-24T15:59:42.683294
45917,BEACON,-89,8,82,3238,65384,29260,3032538,0,99,7,0,0,14:33:5C:6D:AF:58,0,1,ARMED,448.0,0,1,80:02:9C:61:97:4B,1,17,302.0,80:02:9C:61:97:4A,4,0,NONE,2026-08-24T15:59:42.803294
45917,,59,59,0,1023,65384,29260,3032600,0,99,7,0,0,14:33:5C:6D:AF:58,0,1,ARMED,448.0,0,0,80:02:9C:61:97:4B,1,18,987.9,80:02:9C:61:97:4A,4,0,NONE,2026-08-24T15:59:42.865294
45917,,35,35,0,3083,65384,29260,3032849,0,99,7,0,0,14:33:5C:6D:AF:58,0,0,ARMED,448.0,0,0,80:02:9C:61:97:4B,1,11,171.1,80:02:9C:61:97:4A,4,0,NONE,2026-08-24T15:59:43.114294
45917,,36,36,0,1023,65384,29260,3032949,0,99,7,0,0,14:33:5C:6D:AF:58,0,1,ARMED,448.0,0,0,80:02:9C:61:97:4B,1,32,512.2,80:02:9C:61:97:4A,4,0,NONE,2026-08-24T15:59:43.214294
45917,,37,37,0,1023,65384,29260,3033228,0,99,7,0,0,14:33:5C:6D:AF:58,0,0,ARMED,448.0,0,0,80:02:9C:61:97:4B,1,10,413.2,80:02:9C:61:97:4A,4,0,NONE,2026-08-24T15:59:43.493294
45917,,37,37,0,3088,65384,29260,3033346,0,99,7,0,0,14:33:5C:6D:AF:58,0,1,ARMED,448.0,0,0,80:02:9C:61:97:4B,1,17,399.7,80:02:9C:61:97:4A,4,0,NONE,2026-08-24T15:59:43.611294
45917,,53,53,0,1023,65384,29260,3033403,0,99,7,0,0,14:33:5C:6D:AF:58,0,1,ARMED,448.0,0,0,80:02:9C:61:97:4B,1,67,678.5,80:02:9C:61:97:4A,4,0,NONE,2026-08-24T15:59:43.668294
45917,,-54,43,0,2952,65384,29260,3033532,0,99,7,0,0,14:33:5C:6D:AF:58,0,1,ARMED,448.0,0,0,80:02:9C:61:97:4B,1,18,1536.2,80:02:9C:61:97:4A,4,0,NONE,2026-08-24T15:59:43.797294
45917,,37,37,0,1023,65384,29260,3033584,0,99,7,0,0,14:33:5C:6D:AF:58,0,1,ARMED,448.0,0,0,80:02:9C:61:97:4B,1,68,1064.0,80:02:9C:61:97:4A,4,0,NONE,2026-08-24T15:59:43.849294
45917,,-53,44,0,1734,65384,29260,3033608,0,99,7,0,0,14:33:5C:6D:AF:58,0,1,ARMED,448.0,0,0,80:02:9C:61:97:4B,1,118,1344.6,80:02:9C:61:97:4A,4,0,NONE,2026-08-24T15:59:43.873294
45917,BEACON,-58,39,0,3877,65384,29260,3033832,0,99,7,0,0,14:33:5C:6D:AF:58,0,0,ARMED,448.0,0,1,80:02:9C:61:97:4B,1,16,156.3,80:02:9C:61:97:4A,4,0,NONE,2026-08-24T15:59:44.097294
45917,BEACON,-90,7,0,1038,65384,29260,3034145,0,99,7,0,0,14:33:5C:6D:AF:58,0,0,ARMED,448.0,0,1,80:02:9C:61:97:4B,1,1,151.1,80:02:9C:61:97:4A,4,0,NONE,2026-08-24T15:59:44.410294
45917,,57,57,0,1023,65384,29260,3034331,0,99,7,0,0,14:33:5C:6D:AF:58,0,0,ARMED,448.0,0,0,80:02:9C:61:97:4B,1,34,378.7,80:02:9C:61:97:4A,4,0,NONE,2026-08-24T15:59:44.596294
45917,,-58,39,2735,1806,65384,29260,3034385,0,99,7,0,0,14:33:5C:6D:AF:58,0,1,ARMED,448.0,0,0,80:02:9C:61:97:4B,1,49,1731.9,80:02:9C:61:97:4A,4,0,NONE,2026-08-24T15:59:44.650294
45917,,-54,43,175,4010,65384,29260,3034481,0,99,7,0,0,14:33:5C:6D:AF:58,0,1,ARMED,448.0,0,0,80:02:9C:61:97:4B,1,10,536.8,80:02:9C:61:97:4A,4,0,NONE,2026-08-24T15:59:44.746294
45917,,-66,31,755,96,65384,29260,3034636,0,99,7,0,0,14:33:5C:6D:AF:58,0,1,ARMED,448.0,0,0,80:02:9C:61:97:4B,1,13,209.4,80:02:9C:61:97:4A,4,0,NONE,2026-08-24T15:59:44.901294
45917,,-59,38,3801,2389,65384,29260,3034827,0,99,7,0,0,14:33:5C:6D:AF:58,0,0,ARMED,448.0,0,0,80:02:9C:61:97:4B,1,23,482.5,80:02:9C:61:97:4A,4,0,NONE,2026-08-24T15:59:45.092294
45917,BEACON,-92,5,0,3210,65384,29260,3035196,0,99,7,0,0,14:33:5C:6D:AF:58,0,0,ARMED,448.0,0,1,80:02:9C:61:97:4B,1,1,130.9,80:02:9C:61:97:4A,4,0,NONE,2026-08-24T15:59:45.461294
45917,,54,54,0,0,65384,29260,3035283,0,99,7,0,0,14:33:5C:6D:AF:58,0,0,ARMED,448.0,0,0,80:02:9C:61:97:4B,1,51,540.8,80:02:9C:61:97:4A,4,0,NONE,2026-08-24T15:59:45.548294
45917,,-64,33,15345,2157,65384,29260,3035664,0,99,7,0,0,14:33:5C:6D:AF:58,0,0,ARMED,448.0,0,0,80:02:9C:61:97:4B,1,6,103.2,80:02:9C:61:97:4A,4,0,NONE,2026-08-24T15:59:45.929294
45917,,-60,37,356,2393,65384,29260,3036030,0,99,7,0,0,14:33:5C:6D:AF:58,0,0,ARMED,448.0,0,0,80:02:9C:61:97:4B,1,15,1009.1,80:02:9C:61:97:4A,4,0,NONE,2026-08-24T15:59:46.295294
45917,PROBE_RESP,-77,20,38890,3646,65384,29260,3036149,0,99,7,0,0,14:33:5C:6D:AF:58,0,1,ARMED,448.0,0,0,80:02:9C:61:97:4B,1,5,160.9,80:02:9C:61:97:4A,4,0,NONE,2026-08-24T15:59:46.414294
45917,,35,35,0,1023,65384,29260,3036282,0,99,7,0,0,14:33:5C:6D:AF:58,0,0,ARMED,448.0,0,0,80:02:9C:61:97:4B,1,38,616.3,80:02:9C:61:97:4A,4,0,NONE,2026-08-24T15:59:46.547294
45917,,33,33,0,1023,65384,29260,3036457,0,99,7,0,0,14:33:5C:6D:AF:58,0,0,ARMED,448.0,0,0,80:02:9C:61:97:4B,1,18,593.9,80:02:9C:61:97:4A,4,0,NONE,2026-08-24T15:59:46.722294
45917,,31,31,0,1023,65368,29260,3036522,0,99,7,0,0,14:33:5C:6D:AF:58,0,0,ARMED,448.0,0,0,80:02:9C:61:97:4B,1,68,709.9,80:02:9C:61:97:4A,4,0,NONE,2026-08-24T15:59:46.787294
45917,BEACON,-84,13,0,3029,65384,29260,3036783,0,99,7,0,0,14:33:5C:6D:AF:58,0,0,ARMED,448.0,0,1,80:02:9C:61:97:4B,1,3,102.1,80:02:9C:61:97:4A,4,0,NONE,2026-08-24T15:59:47.048294
45917,,-70,27,0,473,65384,29260,3037224,0,99,7,0,0,14:33:5C:6D:AF:58,0,0,ARMED,448.0,0,1,80:02:9C:61:97:4B,1,5,144.4,80:02:9C:61:97:4A,4,0,NONE,2026-08-24T15:59:47.489294
45917,BEACON,-65,32,0,3929,65384,29260,3037723,0,99,7,0,0,14:33:5C:6D:AF:58,0,0,ARMED,448.0,0,1,80:02:9C:61:97:4B,1,2,92.1,80:02:9C:61:97:4A,4,0,NONE,2026-08-24T15:59:47.988294
45917,BEACON,-83,14,0,3043,65384,29260,3038217,0,99,7,0,0,14:33:5C:6D:AF:58,0,0,ARMED,448.0,0,1,80:02:9C:61:97:4B,1,6,58.6,80:02:9C:61:97:4A,4,0,NONE,2026-08-24T15:59:48.482294
45917,BEACON,-91,6,0,3245,65384,29260,3038780,0,99,7,0,0,14:33:5C:6D:AF:58,0,0,ARMED,448.0,0,1,80:02:9C:61:97:4B,1,4,84.6,80:02:9C:61:97:4A,4,0,NONE,2026-08-24T15:59:49.045294
45917,BEACON,-78,19,53,3144,65384,29260,3039080,0,99,7,0,0,14:33:5C:6D:AF:58,0,0,ARMED,448.0,0,1,80:02:9C:61:97:4B,1,4,154.9,80:02:9C:61:97:4A,4,0,NONE,2026-08-24T15:59:49.345294
45917,,-61,36,292,3576,65384,29260,3039546,0,99,7,0,0,14:33:5C:6D:AF:58,0,0,ARMED,448.0,0,0,80:02:9C:61:97:4B,1,12,145.7,80:02:9C:61:97:4A,4,1,ARP_SPOOF,2026-08-24T15:59:49.811294
45917,BEACON,-86,11,53,2290,65384,29260,3039749,0,99,7,0,0,14:33:5C:6D:AF:58,0,0,ARMED,448.0,0,1,80:02:9C:61:97:4B,1,27,334.0,80:02:9C:61:97:4A,4,1,ARP_SPOOF,2026-08-24T15:59:50.014294
45917,BEACON,-55,42,0,3954,65384,29260,3040078,0,99,7,0,0,14:33:5C:6D:AF:58,0,0,ARMED,448.0,0,1,80:02:9C:61:97:4B,1,11,114.6,80:02:9C:61:97:4A,4,1,ARP_SPOOF,2026-08-24T15:59:50.343294
45917,BEACON,-58,39,0,3957,65384,29260,3040488,0,99,7,0,0,14:33:5C:6D:AF:58,0,0,ARMED,448.0,0,1,80:02:9C:61:97:4B,1,12,129.0,80:02:9C:61:97:4A,4,1,ARP_SPOOF,2026-08-24T15:59:50.753294
45917,,52,52,0,1023,65384,29260,3040585,0,99,7,0,0,14:33:5C:6D:AF:58,0,0,ARMED,448.0,0,0,80:02:9C:61:97:4B,1,49,610.8,80:02:9C:61:97:4A,4,1,ARP_SPOOF,2026-08-24T15:59:50.850294
45917,BEACON,-91,6,8909,3264,65384,29260,3040726,0,99,7,0,0,14:33:5C:6D:AF:58,0,1,ARMED,448.0,0,1,80:02:9C:61:97:4B,1,2,123.5,80:02:9C:61:97:4A,4,1,ARP_SPOOF,2026-08-24T15:59:50.991294
45917,,-85,12,0,2126,65384,29260,3041081,0,99,7,0,0,14:33:5C:6D:AF:58,0,0,ARMED,448.0,0,1,80:02:9C:61:97:4B,1,5,89.2,80:02:9C:61:97:4A,4,1,ARP_SPOOF,2026-08-24T15:59:51.346294
45917,,-65,32,4539,2452,65384,29260,3041345,0,99,7,0,0,14:33:5C:6D:AF:58,0,0,ARMED,448.0,0,1,80:02:9C:61:97:4B,1,7,564.3,80:02:9C:61:97:4A,4,1,ARP_SPOOF,2026-08-24T15:59:51.610294
45917,BEACON,-78,19,82,3169,65384,29260,3041640,0,99,7,0,0,14:33:5C:6D:AF:58,0,0,ARMED,448.0,0,1,80:02:9C:61:97:4B,1,14,136.8,80:02:9C:61:97:4A,4,1,ARP_SPOOF,2026-08-24T15:59:51.905294
45917,,54,54,0,1023,65384,29260,3041901,0,99,7,0,0,14:33:5C:6D:AF:58,0,0,ARMED,448.0,0,0,80:02:9C:61:97:4B,1,26,458.9,80:02:9C:61:97:4A,4,1,ARP_SPOOF,2026-08-24T15:59:52.166294
45917,,-61,36,431,383,65172,29260,3042117,0,99,7,0,0,14:33:5C:6D:AF:58,0,0,ARMED,448.0,0,1,80:02:9C:61:97:4B,1,16,235.7,80:02:9C:61:97:4A,4,1,ARP_SPOOF,2026-08-24T15:59:52.382294
45917,BEACON,-85,12,0,3087,65384,29260,3042316,0,99,7,0,0,14:33:5C:6D:AF:58,0,1,ARMED,448.0,0,1,80:02:9C:61:97:4B,1,9,145.0,EC:75:0C:53:67:7F,5,1,ARP_SPOOF,2026-08-24T15:59:52.581294
45917,,60,60,0,2901,65384,29260,3042503,0,99,7,0,0,14:33:5C:6D:AF:58,0,0,ARMED,448.0,0,0,80:02:9C:61:97:4B,1,19,428.3,EC:75:0C:53:67:7F,5,1,ARP_SPOOF,2026-08-24T15:59:52.768294
45917,,-66,31,584,3626,65384,29260,3042932,0,99,7,0,0,14:33:5C:6D:AF:58,0,0,ARMED,448.0,0,0,80:02:9C:61:97:4B,1,12,188.1,EC:75:0C:53:67:7F,5,1,ARP_SPOOF,2026-08-24T15:59:53.197294
45917,,-66,31,292,3658,65384,29260,3042998,0,99,7,0,0,14:33:5C:6D:AF:58,0,1,ARMED,448.0,0,0,80:02:9C:61:97:4B,1,28,948.8,EC:75:0C:53:67:7F,5,1,ARP_SPOOF,2026-08-24T15:59:53.263294
45917,BEACON,-64,33,0,3988,65384,29260,3043252,0,99,7,0,0,14:33:5C:6D:AF:58,0,0,ARMED,448.0,0,1,80:02:9C:61:97:4B,1,14,182.6,EC:75:0C:53:67:7F,5,1,ARP_SPOOF,2026-08-24T15:59:53.517294
45917,,35,35,0,1023,65368,29260,3043452,0,99,7,0,0,14:33:5C:6D:AF:58,0,0,ARMED,448.0,0,0,80:02:9C:61:97:4B,1,11,154.0,EC:75:0C:53:67:7F,5,1,ARP_SPOOF,2026-08-24T15:59:53.717294
45917,,35,35,0,1023,65384,29260,3043601,0,99,7,0,0,14:33:5C:6D:AF:58,0,1,ARMED,448.0,0,0,80:02:9C:61:97:4B,1,6,377.4,EC:75:0C:53:67:7F,5,1,ARP_SPOOF,2026-08-24T15:59:53.866294
45917,,-53,44,0,81,65384,29260,3043641,0,99,7,0,0,14:33:5C:6D:AF:58,0,1,ARMED,448.0,0,1,80:02:9C:61:97:4B,1,56,1011.8,EC:75:0C:53:67:7F,5,1,ARP_SPOOF,2026-08-24T15:59:53.906294
45917,,33,33,0,1023,65384,29260,3043721,0,99,7,0,0,14:33:5C:6D:AF:58,0,1,ARMED,448.0,0,0,80:02:9C:61:97:4B,1,15,648.8,EC:75:0C:53:67:7F,5,1,ARP_SPOOF,2026-08-24T15:59:53.986294
45917,,33,33,0,1023,65384,29260,3043779,0,99,7,0,0,14:33:5C:6D:AF:58,0,1,ARMED,448.0,0,0,80:02:9C:61:97:4B,1,65,804.9,EC:75:0C:53:67:7F,5,1,ARP_SPOOF,2026-08-24T15:59:54.044294
45917,BEACON,-64,33,0,3995,65384,29260,3043970,0,99,7,0,0,14:33:5C:6D:AF:58,0,0,ARMED,448.0,0,1,80:02:9C:61:97:4B,1,18,289.2,EC:75:0C:53:67:7F,5,1,ARP_SPOOF,2026-08-24T15:59:54.235294
45917,,-55,42,209,97,65384,29260,3044121,0,99,7,0,0,14:33:5C:6D:AF:58,0,1,ARMED,448.0,0,1,80:02:9C:61:97:4B,1,1,1000.0,EC:75:0C:53:67:7F,5,1,ARP_SPOOF,2026-08-24T15:59:54.386294
45917,,33,33,0,1023,65384,29260,3044202,0,99,7,0,0,14:33:5C:6D:AF:58,0,1,ARMED,448.0,0,0,80:02:9C:61:97:4B,1,51,627.7,EC:75:0C:53:67:7F,5,1,ARP_SPOOF,2026-08-24T15:59:54.467294
45917,,34,34,0,1023,65384,29260,3044264,0,99,7,0,0,14:33:5C:6D:AF:58,0,1,ARMED,448.0,0,0,80:02:9C:61:97:4B,1,34,876.2,EC:75:0C:53:67:7F,5,1,ARP_SPOOF,2026-08-24T15:59:54.529294
45917,BEACON,-61,36,82,3999,65312,29260,3044379,0,99,7,0,0,14:33:5C:6D:AF:58,0,1,ARMED,448.0,0,1,80:02:9C:61:97:4B,1,11,237.4,EC:75:0C:53:67:7F,5,1,ARP_SPOOF,2026-08-24T15:59:54.644294
45917,,34,34,0,1023,65384,29260,3044448,0,99,7,0,0,14:33:5C:6D:AF:58,0,1,ARMED,448.0,0,0,80:02:9C:61:97:4B,1,21,3915.0,EC:75:0C:53:67:7F,5,1,ARP_SPOOF,2026-08-24T15:59:54.713294
45917,,33,33,0,3197,65384,29260,3044509,0,99,7,0,0,14:33:5C:6D:AF:58,0,1,ARMED,448.0,0,0,80:02:9C:61:97:4B,1,71,1076.9,EC:75:0C:53:67:7F,5,1,ARP_SPOOF,2026-08-24T15:59:54.774294
45917,,52,52,0,1023,65384,29260,3044569,0,99,7,0,0,14:33:5C:6D:AF:58,0,1,ARMED,448.0,0,0,80:02:9C:61:97:4B,1,16,1494.5,EC:75:0C:53:67:7F,5,1,ARP_SPOOF,2026-08-24T15:59:54.834294
45917,,-66,31,292,3665,65384,29260,3044885,0,99,7,0,0,14:33:5C:6D:AF:58,0,0,ARMED,448.0,0,0,80:02:9C:61:97:4B,1,7,576.0,EC:75:0C:53:67:7F,5,1,ARP_SPOOF,2026-08-24T15:59:55.150294
45917,,34,34,0,1023,65384,29260,3044990,0,99,7,0,0,14:33:5C:6D:AF:58,0,1,ARMED,448.0,0,0,80:02:9C:61:97:4B,1,6,4615.4,EC:75:0C:53:67:7F,5,1,ARP_SPOOF,2026-08-24T15:59:55.255294
45917,,53,53,0,1023,65336,29260,3045084,0,99,7,0,0,14:33:5C:6D:AF:58,0,1,ARMED,448.0,0,0,80:02:9C:61:97:4B,1,56,591.1,EC:75:0C:53:67:7F,5,1,ARP_SPOOF,2026-08-24T15:59:55.349294
45917,,-78,19,0,3670,65384,29260,3045174,0,99,7,0,0,14:33:5C:6D:AF:58,0,1,ARMED,448.0,0,1,80:02:9C:61:97:4B,1,49,754.2,EC:75:0C:53:67:7F,5,1,ARP_SPOOF,2026-08-24T15:59:55.439294
45917,,-55,42,22481,139,65384,29260,3045492,0,99,7,0,0,14:33:5C:6D:AF:58,0,0,ARMED,448.0,0,1,80:02:9C:61:97:4B,1,7,110.9,EC:75:0C:53:67:7F,5,1,ARP_SPOOF,2026-08-24T15:59:55.757294
45917,,-64,33,176,142,65384,29260,3045920,0,99,7,0,0,14:33:5C:6D:AF:58,0,0,ARMED,448.0,0,0,80:02:9C:61:97:4B,1,18,219.7,EC:75:0C:53:67:7F,5,1,ARP_SPOOF,2026-08-24T15:59:56.185294
45917,,-61,36,369,385,65172,29260,3046115,0,99,7,0,0,14:33:5C:6D:AF:58,0,0,ARMED,448.0,0,0,80:02:9C:61:97:4B,1,14,194.1,EC:75:0C:53:67:7F,5,1,ARP_SPOOF,2026-08-24T15:59:56.380294
45917,,-60,37,0,2500,65384,29260,3046443,0,99,7,0,0,14:33:5C:6D:AF:58,0,0,ARMED,448.0,0,0,80:02:9C:61:97:4B,1,19,205.2,EC:75:0C:53:67:7F,5,1,ARP_SPOOF,2026-08-24T15:59:56.708294
45917,,-91,6,89999,3010,65384,29260,3046651,0,99,7,0,0,14:33:5C:6D:AF:58,0,0,ARMED,448.0,0,1,80:02:9C:61:97:4B,1,16,167.3,EC:75:0C:53:67:7F,5,1,ARP_SPOOF,2026-08-24T15:59:56.916294
45917,,36,36,0,1023,65384,29260,3047083,0,99,7,0,0,14:33:5C:6D:AF:58,0,0,ARMED,448.0,0,0,80:02:9C:61:97:4B,1,10,4230.1,EC:75:0C:53:67:7F,5,1,ARP_SPOOF,2026-08-24T15:59:57.348294
45917,MGMT_OTHER,36,36,0,0,65384,29260,3047151,0,99,7,0,0,14:33:5C:6D:AF:58,0,0,ARMED,448.0,0,0,80:02:9C:61:97:4B,1,60,841.9,EC:75:0C:53:67:7F,5,1,ARP_SPOOF,2026-08-24T15:59:57.416294
45917,BEACON,-85,12,0,3137,65384,29260,3047228,0,99,7,0,0,14:33:5C:6D:AF:58,1,1,ARMED,448.0,0,1,80:02:9C:61:97:4B,1,23,490.7,EC:75:0C:53:67:7F,5,1,ARP_SPOOF,2026-08-24T15:59:57.493294
45917,,-60,37,2648,2514,65384,29260,3047656,0,99,7,0,0,14:33:5C:6D:AF:58,0,0,ARMED,448.0,0,1,80:02:9C:61:97:4B,1,14,225.1,EC:75:0C:53:67:7F,5,1,ARP_SPOOF,2026-08-24T15:59:57.921294
45917,,-62,35,17944,177,65384,29260,3048056,0,99,7,0,0,14:33:5C:6D:AF:58,0,0,ARMED,448.0,0,1,80:02:9C:61:97:4B,1,3,198.5,EC:75:0C:53:67:7F,5,1,ARP_SPOOF,2026-08-24T15:59:58.321294
45917,BEACON,-91,6,0,3339,65384,29260,3048406,0,99,7,0,0,14:33:5C:6D:AF:58,0,0,ARMED,448.0,0,1,80:02:9C:61:97:4B,1,9,176.3,EC:75:0C:53:67:7F,5,1,ARP_SPOOF,2026-08-24T15:59:58.671294
45917,,-65,32,292,3727,65384,29260,3048943,0,99,7,0,0,14:33:5C:6D:AF:58,0,0,ARMED,448.0,0,0,80:02:9C:61:97:4B,1,14,192.0,EC:75:0C:53:67:7F,5,1,ARP_SPOOF,2026-08-24T15:59:59.208294
45917,BEACON,-85,12,0,3159,65384,29260,3049276,0,99,7,0,0,14:33:5C:6D:AF:58,0,0,ARMED,448.0,0,1,80:02:9C:61:97:4B,1,14,165.3,EC:75:0C:53:67:7F,5,1,ARP_SPOOF,2026-08-24T15:59:59.541294
45917,BEACON,-88,9,84295,1191,65384,29260,3049812,0,99,7,0,0,14:33:5C:6D:AF:58,0,0,ARMED,448.0,0,1,80:02:9C:61:97:4B,1,1,153.7,EC:75:0C:53:67:7F,5,1,ARP_SPOOF,2026-08-24T16:00:00.077294
45917,BEACON,-89,8,63,3408,65384,29260,3049949,0,99,7,0,0,14:33:5C:6D:AF:58,0,0,ARMED,448.0,0,1,80:02:9C:61:97:4B,1,33,814.5,EC:75:0C:53:67:7F,5,1,ARP_SPOOF,2026-08-24T16:00:00.214294
45917,,-58,39,35108,188,65384,29260,3050244,0,99,7,0,0,14:33:5C:6D:AF:58,0,0,ARMED,448.0,0,1,80:02:9C:61:97:4B,1,4,142.5,EC:75:0C:53:67:7F,5,1,ARP_SPOOF,2026-08-24T16:00:00.509294
45917,BEACON,-88,9,6770,1200,65384,29260,3050734,0,99,7,0,0,14:33:5C:6D:AF:58,0,0,ARMED,448.0,0,1,80:02:9C:61:97:4B,1,1,154.0,EC:75:0C:53:67:7F,5,1,ARP_SPOOF,2026-08-24T16:00:00.999294
45917,BEACON,-84,13,0,3180,65384,29260,3051222,0,99,7,0,0,14:33:5C:6D:AF:58,0,0,ARMED,448.0,0,1,80:02:9C:61:97:4B,1,8,94.4,EC:75:0C:53:67:7F,5,1,ARP_SPOOF,2026-08-24T16:00:01.487294
45917,BEACON,-59,38,0,4086,65384,29260,3051854,0,99,7,0,0,14:33:5C:6D:AF:58,0,0,ARMED,448.0,0,1,80:02:9C:61:97:4B,1,7,68.4,EC:75:0C:53:67:7F,5,1,ARP_SPOOF,2026-08-24T16:00:02.119294
45917,,-65,32,320,3780,64100,29260,3052159,0,99,7,0,0,14:33:5C:6D:AF:58,0,0,ARMED,448.0,0,1,80:02:9C:61:97:4B,1,27,269.1,EC:75:0C:53:67:7F,5,1,ARP_SPOOF,2026-08-24T16:00:02.424294
45917,BEACON,-76,21,50016,3276,65384,29260,3052597,0,99,7,0,0,14:33:5C:6D:AF:58,0,0,ARMED,448.0,0,1,80:02:9C:61:97:4B,1,2,77.4,EC:75:0C:53:67:7F,5,1,ARP_SPOOF,2026-08-24T16:00:02.862294
45917,BEACON,-59,38,0,4,65384,29260,3052980,0,99,7,0,0,14:33:5C:6D:AF:58,0,0,ARMED,448.0,0,0,80:02:9C:61:97:4B,1,18,175.8,EC:75:0C:53:67:7F,5,1,ARP_SPOOF,2026-08-24T16:00:03.245294
45917,,-57,40,27038,197,65384,29260,3053309,0,99,7,0,0,14:33:5C:6D:AF:58,0,0,ARMED,448.0,0,1,80:02:9C:61:97:4B,1,4,188.3,EC:75:0C:53:67:7F,5,1,ARP_SPOOF,2026-08-24T16:00:03.574294
45917,BEACON,-59,38,0,13,65384,29260,3053492,0,99,7,0,0,14:33:5C:6D:AF:58,0,0,ARMED,448.0,0,1,80:02:9C:61:97:4B,1,20,195.3,EC:75:0C:53:67:7F,5,1,ARP_SPOOF,2026-08-24T16:00:03.757294
45917,BEACON,-90,7,0,1230,65384,29260,3053806,0,99,7,0,0,14:33:5C:6D:AF:58,0,0,ARMED,448.0,0,1,80:02:9C:61:97:4B,1,1,154.5,EC:75:0C:53:67:7F,5,1,ARP_SPOOF,2026-08-24T16:00:04.071294
45917,,-34,63,0,331,65384,29260,3054176,0,99,7,0,0,14:33:5C:6D:AF:58,0,0,ARMED,448.0,0,1,80:02:9C:61:97:4B,1,14,202.5,EC:75:0C:53:67:7F,5,1,ARP_SPOOF,2026-08-24T16:00:04.441294
45917,,-65,32,292,3815,65384,29260,3054482,0,99,7,0,0,14:33:5C:6D:AF:58,0,0,ARMED,448.0,0,0,80:02:9C:61:97:4B,1,17,248.0,EC:75:0C:53:67:7F,5,1,ARP_SPOOF,2026-08-24T16:00:04.747294
45917,,-41,56,54,343,65384,29260,3054593,0,99,7,0,0,14:33:5C:6D:AF:58,0,1,ARMED,448.0,0,1,80:02:9C:61:97:4B,1,22,279.2,EC:75:0C:53:67:7F,5,1,ARP_SPOOF,2026-08-24T16:00:04.858294
45917,BEACON,-85,12,0,2436,65384,29260,3054700,0,99,7,0,0,14:33:5C:6D:AF:58,0,1,ARMED,448.0,0,1,80:02:9C:61:97:4B,1,37,433.2,EC:75:0C:53:67:7F,5,1,ARP_SPOOF,2026-08-24T16:00:04.965294
45917,,-42,55,0,248,65384,29260,3054966,0,99,7,0,0,14:33:5C:6D:AF:58,0,0,ARMED,448.0,0,0,80:02:9C:61:97:4B,1,7,216.1,EC:75:0C:53:67:7F,5,1,ARP_SPOOF,2026-08-24T16:00:05.231294
45917,,-59,38,0,2619,65384,29260,3055099,0,99,7,0,0,14:33:5C:6D:AF:58,0,0,ARMED,448.0,0,0,80:02:9C:61:97:4B,1,35,542.8,EC:75:0C:53:67:7F,5,1,ARP_SPOOF,2026-08-24T16:00:05.364294
45917,BEACON,-87,8,0,2330,65384,29260,3055424,0,99,7,0,0,14:33:5C:6D:AF:58,0,0,ARMED,448.0,0,1,80:02:9C:61:97:4B,1,11,133.9,EC:75:0C:53:67:7F,5,1,ARP_SPOOF,2026-08-24T16:00:05.689294
45917,BEACON,-78,17,5528,3305,65384,29260,3055566,0,99,7,0,0,14:33:5C:6D:AF:58,0,1,ARMED,448.0,0,1,80:02:9C:61:97:4B,1,5,231.0,EC:75:0C:53:67:7F,5,1,ARP_SPOOF,2026-08-24T16:00:05.831294
45917,,-57,40,41065,240,65384,29260,3055930,0,99,7,0,0,14:33:5C:6D:AF:58,0,0,ARMED,448.0,0,1,80:02:9C:61:97:4B,1,10,132.1,EC:75:0C:53:67:7F,5,1,ARP_SPOOF,2026-08-24T16:00:06.195294
45917,BEACON,-91,6,63,3414,65384,29260,3056086,0,99,7,0,0,14:33:5C:6D:AF:58,0,0,ARMED,448.0,0,1,80:02:9C:61:97:4B,1,25,869.9,80:02:9C:61:97:4A,6,1,ARP_SPOOF,2026-08-24T16:00:06.351294
45917,,-68,29,65,481,65384,29260,3056371,0,99,7,0,0,14:33:5C:6D:AF:58,0,0,ARMED,448.0,0,1,80:02:9C:61:97:4B,1,4,709.1,80:02:9C:61:97:4A,6,1,ARP_SPOOF,2026-08-24T16:00:06.636294
45917,,37,37,0,2421,65384,29260,3056635,0,99,7,0,0,14:33:5C:6D:AF:58,0,0,ARMED,448.0,0,0,80:02:9C:61:97:4B,1,17,263.8,80:02:9C:61:97:4A,6,1,ARP_SPOOF,2026-08-24T16:00:06.900294
45917,,-59,38,694,2637,65384,29260,3056892,0,99,7,0,0,14:33:5C:6D:AF:58,0,0,ARMED,448.0,0,1,80:02:9C:61:97:4B,1,16,1947.7,80:02:9C:61:97:4A,6,1,ARP_SPOOF,2026-08-24T16:00:07.157294
45917,,-59,38,995,2649,65384,29260,3057053,0,99,7,0,0,14:33:5C:6D:AF:58,0,1,ARMED,448.0,0,0,80:02:9C:61:97:4B,1,19,302.6,80:02:9C:61:97:4A,6,1,ARP_SPOOF,2026-08-24T16:00:07.318294
45917,,37,37,0,1023,65384,29260,3057176,0,99,7,0,0,14:33:5C:6D:AF:58,0,1,ARMED,448.0,0,0,80:02:9C:61:97:4B,1,24,283.0,80:02:9C:61:97:4A,6,1,ARP_SPOOF,2026-08-24T16:00:07.441294
45917,BEACON,-87,10,0,1264,65384,29260,3057288,0,99,7,0,0,14:33:5C:6D:AF:58,0,1,ARMED,448.0,0,1,80:02:9C:61:97:4B,1,16,222.4,80:02:9C:61:97:4A,6,1,ARP_SPOOF,2026-08-24T16:00:07.553294
45917,,59,59,0,1023,65384,29260,3057425,0,99,7,0,0,14:33:5C:6D:AF:58,0,0,ARMED,448.0,0,1,80:02:9C:61:97:4B,1,2,535.6,80:02:9C:61:97:4A,6,1,ARP_SPOOF,2026-08-24T16:00:07.690294
45917,BEACON,-88,9,0,1267,65312,29260,3057595,0,99,7,0,0,14:33:5C:6D:AF:58,0,1,ARMED,448.0,0,1,80:02:9C:61:97:4B,1,14,193.4,80:02:9C:61:97:4A,6,1,ARP_SPOOF,2026-08-24T16:00:07.860294
45917,,-55,42,6081,275,65384,29260,3057835,0,99,7,0,0,14:33:5C:6D:AF:58,0,1,ARMED,448.0,0,1,80:02:9C:61:97:4B,1,2,247.5,80:02:9C:61:97:4A,6,1,ARP_SPOOF,2026-08-24T16:00:08.100294
45917,,59,59,0,72,65384,29260,3058005,0,99,7,0,0,14:33:5C:6D:AF:58,0,1,ARMED,448.0,0,0,80:02:9C:61:97:4B,1,21,307.1,80:02:9C:61:97:4A,6,1,ARP_SPOOF,2026-08-24T16:00:08.270294
45917,,35,35,0,3329,65384,29260,3058027,0,99,7,0,0,14:33:5C:6D:AF:58,0,1,ARMED,448.0,0,0,80:02:9C:61:97:4B,1,71,782.1,80:02:9C:61:97:4A,6,1,ARP_SPOOF,2026-08-24T16:00:08.292294
45917,,-53,44,0,287,65384,29260,3058199,0,99,7,0,0,14:33:5C:6D:AF:58,0,1,ARMED,448.0,0,1,80:02:9C:61:97:4B,1,12,222.8,80:02:9C:61:97:4A,6,1,ARP_SPOOF,2026-08-24T16:00:08.464294
45917,,35,35,0,1023,65384,29260,3058219,0,99,7,0,0,14:33:5C:6D:AF:58,0,1,ARMED,448.0,0,0,80:02:9C:61:97:4B,1,62,837.9,80:02:9C:61:97:4A,6,1,ARP_SPOOF,2026-08-24T16:00:08.484294
45917,,35,35,0,1023,65384,29260,3058320,0,99,7,0,0,14:33:5C:6D:AF:58,0,1,ARMED,448.0,0,0,80:02:9C:61:97:4B,1,39,561.1,80:02:9C:61:97:4A,6,1,ARP_SPOOF,2026-08-24T16:00:08.585294
45917,,-38,59,0,2969,62492,29260,3058388,0,99,7,0,0,14:33:5C:6D:AF:58,0,1,ARMED,448.0,0,0,80:02:9C:61:97:4B,1,9,417.6,80:02:9C:61:97:4A,6,1,ARP_SPOOF,2026-08-24T16:00:08.653294
45917,,34,34,0,11,65384,29260,3058448,0,99,7,0,0,14:33:5C:6D:AF:58,0,1,ARMED,448.0,0,0,80:02:9C:61:97:4B,1,59,724.8,80:02:9C:61:97:4A,6,1,ARP_SPOOF,2026-08-24T16:00:08.713294
45917,,-84,13,10007,2154,65384,29260,3058490,0,99,7,0,0,14:33:5C:6D:AF:58,0,1,ARMED,448.0,0,1,80:02:9C:61:97:4B,1,12,504.4,80:02:9C:61:97:4A,6,1,ARP_SPOOF,2026-08-24T16:00:08.755294
45917,,-57,40,0,3031,65384,29260,3058589,0,99,7,0,0,14:33:5C:6D:AF:58,0,1,ARMED,448.0,0,1,80:02:9C:61:97:4B,1,8,357.6,80:02:9C:61:97:4A,6,1,ARP_SPOOF,2026-08-24T16:00:08.854294
45917,BEACON,-60,37,0,82,65384,29260,3058715,0,99,7,0,0,14:33:5C:6D:AF:58,0,1,ARMED,448.0,0,1,80:02:9C:61:97:4B,1,18,443.8,80:02:9C:61:97:4A,6,1,ARP_SPOOF,2026-08-24T16:00:08.980294
45917,,35,35,0,2916,65384,29260,3058829,0,99,7,0,0,14:33:5C:6D:AF:58,0,1,ARMED,448.0,0,1,80:02:9C:61:97:4B,1,23,424.9,80:02:9C:61:97:4A,6,1,ARP_SPOOF,2026-08-24T16:00:09.094294
45917,,35,35,0,1561,65384,29260,3058927,0,99,7,0,0,14:33:5C:6D:AF:58,0,1,ARMED,448.0,0,1,80:02:9C:61:97:4B,1,27,524.3,80:02:9C:61:97:4A,6,1,ARP_SPOOF,2026-08-24T16:00:09.192294
45917,,35,35,0,2916,65384,29260,3059005,0,99,7,0,0,14:33:5C:6D:AF:58,0,1,ARMED,448.0,0,0,80:02:9C:61:97:4B,1,15,530.4,80:02:9C:61:97:4A,6,1,ARP_SPOOF,2026-08-24T16:00:09.270294
45917,,35,35,0,2917,65384,29260,3059075,0,99,7,0,0,14:33:5C:6D:AF:58,0,1,ARMED,448.0,0,1,80:02:9C:61:97:4B,1,65,660.5,80:02:9C:61:97:4A,6,1,ARP_SPOOF,2026-08-24T16:00:09.340294
45917,,35,35,0,2917,65384,29260,3059167,0,99,7,0,0,14:33:5C:6D:AF:58,0,1,ARMED,448.0,0,1,80:02:9C:61:97:4B,1,49,549.2,80:02:9C:61:97:4A,6,1,ARP_SPOOF,2026-08-24T16:00:09.432294
45917,,35,35,0,2917,65384,29260,3059216,0,99,7,0,0,14:33:5C:6D:AF:58,0,1,ARMED,448.0,0,0,80:02:9C:61:97:4B,1,49,2112.2,80:02:9C:61:97:4A,6,1,ARP_SPOOF,2026-08-24T16:00:09.481294
45917,,-43,54,2324,3175,65384,29260,3059301,0,99,7,0,0,14:33:5C:6D:AF:58,0,1,ARMED,448.0,0,0,80:02:9C:61:97:4B,1,3,460.7,80:02:9C:61:97:4A,6,1,ARP_SPOOF,2026-08-24T16:00:09.566294
45917,BEACON,-85,12,0,3264,65384,29260,3059414,0,99,7,0,0,14:33:5C:6D:AF:58,0,1,ARMED,448.0,0,1,80:02:9C:61:97:4B,1,5,265.3,80:02:9C:61:97:4A,6,1,ARP_SPOOF,2026-08-24T16:00:09.679294
45917,,-66,31,12599,122,65384,29260,3059587,0,99,7,0,0,14:33:5C:6D:AF:58,0,1,ARMED,448.0,0,1,80:02:9C:61:97:4B,1,15,165.2,80:02:9C:61:97:4A,6,1,ARP_SPOOF,2026-08-24T16:00:09.852294
45917,,-66,31,315,130,65384,29260,3059771,0,99,7,0,0,14:33:5C:6D:AF:58,0,1,ARMED,448.0,0,1,80:02:9C:61:97:4B,1,11,204.9,80:02:9C:61:97:4A,6,1,ARP_SPOOF,2026-08-24T16:00:10.036294
45917,BEACON,-59,38,83,95,65384,29260,3060046,0,99,7,0,0,14:33:5C:6D:AF:58,0,0,ARMED,448.0,0,1,80:02:9C:61:97:4B,1,3,138.7,80:02:9C:61:97:4A,6,1,ARP_SPOOF,2026-08-24T16:00:10.311294
45917,,-66,31,144,135,65384,29260,3060217,0,99,7,0,0,14:33:5C:6D:AF:58,0,1,ARMED,448.0,0,0,80:02:9C:61:97:4B,1,21,232.4,80:02:9C:61:97:4A,6,1,ARP_SPOOF,2026-08-24T16:00:10.482294
45917,,-67,30,292,3967,65384,29260,3060340,0,99,7,0,0,14:33:5C:6D:AF:58,0,1,ARMED,448.0,0,1,80:02:9C:61:97:4B,1,4,479.8,80:02:9C:61:97:4A,6,1,ARP_SPOOF,2026-08-24T16:00:10.605294
45917,,31,31,0,102,65384,29260,3060577,0,99,7,0,0,14:33:5C:6D:AF:58,0,0,ARMED,448.0,0,0,80:02:9C:61:97:4B,1,12,358.8,80:02:9C:61:97:4A,6,1,ARP_SPOOF,2026-08-24T16:00:10.842294
45917,,36,36,0,1023,65384,29260,3060808,0,99,7,0,0,14:33:5C:6D:AF:58,0,0,ARMED,448.0,0,0,80:02:9C:61:97:4B,1,17,334.3,80:02:9C:61:97:4A,6,1,ARP_SPOOF,2026-08-24T16:00:11.073294
45917,,35,35,0,1023,65384,29260,3060914,0,99,7,0,0,14:33:5C:6D:AF:58,0,1,ARMED,448.0,0,0,80:02:9C:61:97:4B,1,27,502.5,80:02:9C:61:97:4A,6,1,ARP_SPOOF,2026-08-24T16:00:11.179294
45917,,-39,58,0,3287,64740,29260,3060923,0,99,7,0,0,14:33:5C:6D:AF:58,0,1,ARMED,448.0,0,1,80:02:9C:61:97:4B,1,77,1228.5,80:02:9C:61:97:4A,6,1,ARP_SPOOF,2026-08-24T16:00:11.188294
45917,,-42,55,0,3317,65384,29260,3060984,0,99,7,0,0,14:33:5C:6D:AF:58,0,1,ARMED,448.0,0,0,80:02:9C:61:97:4B,1,17,1223.3,80:02:9C:61:97:4A,6,1,ARP_SPOOF,2026-08-24T16:00:11.249294
45917,,-39,58,2740,3379,64740,29260,3061042,0,99,7,0,0,14:33:5C:6D:AF:58,0,1,ARMED,448.0,0,0,80:02:9C:61:97:4B,1,67,925.0,80:02:9C:61:97:4A,6,1,ARP_SPOOF,2026-08-24T16:00:11.307294
45917,,-39,58,216,3402,65384,29260,3061098,0,99,7,0,0,14:33:5C:6D:AF:58,0,1,ARMED,448.0,0,0,80:02:9C:61:97:4B,1,43,1547.2,80:02:9C:61:97:4A,6,1,ARP_SPOOF,2026-08-24T16:00:11.363294
45917,BEACON,-87,10,0,1302,65384,29260,3061180,0,99,7,0,0,14:33:5C:6D:AF:58,0,1,ARMED,448.0,0,1,80:02:9C:61:97:4B,1,3,373.2,80:02:9C:61:97:4A,6,1,ARP_SPOOF,2026-08-24T16:00:11.445294
45917,BEACON,-85,12,23795,2502,65384,29260,3061458,0,99,7,0,0,14:33:5C:6D:AF:58,0,0,ARMED,448.0,0,1,80:02:9C:61:97:4B,1,9,111.2,80:02:9C:61:97:4A,6,1,ARP_SPOOF,2026-08-24T16:00:11.723294
45917,BEACON,-77,20,0,3366,65384,29260,3061813,0,99,7,0,0,14:33:5C:6D:AF:58,0,0,ARMED,448.0,0,1,80:02:9C:61:97:4B,1,3,116.2,80:02:9C:61:97:4A,6,1,ARP_SPOOF,2026-08-24T16:00:12.078294
45917,BEACON,-77,20,0,3369,65384,29260,3062120,0,99,7,0,0,14:33:5C:6D:AF:58,0,0,ARMED,448.0,0,1,80:02:9C:61:97:4B,1,2,77.3,80:02:9C:61:97:4A,6,1,ARP_SPOOF,2026-08-24T16:00:12.385294
45917,,37,37,0,1023,65384,29260,3062371,0,99,7,0,0,14:33:5C:6D:AF:58,0,0,ARMED,448.0,0,0,80:02:9C:61:97:4B,1,32,443.0,80:02:9C:61:97:4A,6,0,NONE,2026-08-24T16:00:12.636294
45917,,34,34,0,144,65384,29260,3062504,0,99,7,0,0,14:33:5C:6D:AF:58,0,0,ARMED,448.0,0,0,80:02:9C:61:97:4B,1,1,1000.0,80:02:9C:61:97:4A,6,0,NONE,2026-08-24T16:00:12.769294
45917,BEACON,-89,8,82,1316,65384,29260,3062612,0,99,7,0,0,14:33:5C:6D:AF:58,0,1,ARMED,448.0,0,1,80:02:9C:61:97:4B,1,2,313.4,80:02:9C:61:97:4A,6,0,NONE,2026-08-24T16:00:12.877294
45917,,-52,45,0,431,65384,29260,3062924,0,99,7,0,0,14:33:5C:6D:AF:58,0,0,ARMED,448.0,0,1,80:02:9C:61:97:4B,1,5,437.3,80:02:9C:61:97:4A,6,0,NONE,2026-08-24T16:00:13.189294
45917,BEACON,-62,35,82,153,65384,29260,3063220,0,99,7,0,0,14:33:5C:6D:AF:58,0,0,ARMED,448.0,0,1,80:02:9C:61:97:4B,1,24,234.3,80:02:9C:61:97:4A,6,0,NONE,2026-08-24T16:00:13.485294
45917,,57,57,0,157,65384,29260,3063536,0,99,7,0,0,14:33:5C:6D:AF:58,0,0,ARMED,448.0,0,0,80:02:9C:61:97:4B,1,2,247.4,80:02:9C:61:97:4A,6,0,NONE,2026-08-24T16:00:13.801294
45917,,-62,35,2264,2710,65384,29260,3063719,0,99,7,0,0,14:33:5C:6D:AF:58,0,1,ARMED,448.0,0,0,80:02:9C:61:97:4B,1,23,257.7,80:02:9C:61:97:4A,6,0,NONE,2026-08-24T16:00:13.984294
45917,MGMT_OTHER,-93,4,0,623,65384,29260,3063913,0,99,7,0,0,14:33:5C:6D:AF:58,0,1,ARMED,448.0,0,1,80:02:9C:61:97:4B,1,10,138.4,80:02:9C:61:97:4A,6,0,NONE,2026-08-24T16:00:14.178294
45917,,-54,43,12448,474,65384,29260,3064155,0,99,7,0,0,14:33:5C:6D:AF:58,0,0,ARMED,448.0,0,1,80:02:9C:61:97:4B,1,1,158.2,80:02:9C:61:97:4A,6,0,NONE,2026-08-24T16:00:14.420294
45917,,-64,33,26786,2185,65384,29260,3064490,0,99,7,0,0,14:33:5C:6D:AF:58,0,0,ARMED,448.0,0,1,80:02:9C:61:97:4B,1,16,439.1,80:02:9C:61:97:4A,6,0,NONE,2026-08-24T16:00:14.755294
45917,BEACON,-60,37,0,177,65384,29260,3065063,0,99,7,0,0,14:33:5C:6D:AF:58,0,0,ARMED,448.0,0,1,80:02:9C:61:97:4B,1,12,124.9,80:02:9C:61:97:4A,6,0,NONE,2026-08-24T16:00:15.328294
45917,BEACON,-58,39,0,180,65384,29260,3065371,0,99,7,0,0,14:33:5C:6D:AF:58,0,0,ARMED,448.0,0,1,80:02:9C:61:97:4B,1,7,91.3,80:02:9C:61:97:4A,6,0,NONE,2026-08-24T16:00:15.636294
45917,BEACON,-59,38,0,184,65384,29260,3065780,0,99,7,0,0,14:33:5C:6D:AF:58,0,0,ARMED,448.0,0,1,80:02:9C:61:97:4B,1,10,130.5,80:02:9C:61:97:4A,6,0,NONE,2026-08-24T16:00:16.045294
45917,,-57,40,1001,2736,65368,29260,3066185,0,99,7,0,0,14:33:5C:6D:AF:58,0,0,ARMED,448.0,0,0,80:02:9C:61:97:4B,1,17,237.4,80:02:9C:61:97:4A,6,0,NONE,2026-08-24T16:00:16.450294
45917,,53,53,0,1023,65384,29260,3066473,0,99,7,0,0,14:33:5C:6D:AF:58,0,0,ARMED,448.0,0,0,80:02:9C:61:97:4B,1,8,151.1,80:02:9C:61:97:4A,6,0,NONE,2026-08-24T16:00:16.738294
45917,,57,57,0,2924,65384,29260,3066565,0,99,7,0,0,14:33:5C:6D:AF:58,0,1,ARMED,448.0,0,0,80:02:9C:61:97:4B,1,26,626.4,80:02:9C:61:97:4A,6,0,NONE,2026-08-24T16:00:16.830294
45917,,36,36,0,1023,65384,29260,3066649,0,99,7,0,0,14:33:5C:6D:AF:58,1,1,ARMED,448.0,0,0,80:02:9C:61:97:4B,1,18,763.5,80:02:9C:61:97:4A,6,0,NONE,2026-08-24T16:00:16.914294
45917,BEACON,-77,20,0,3415,65384,29260,3066830,0,99,7,0,0,14:33:5C:6D:AF:58,0,0,ARMED,448.0,0,1,80:02:9C:61:97:4B,1,14,136.7,80:02:9C:61:97:4A,6,0,NONE,2026-08-24T16:00:17.095294
45917,,-37,60,35835,530,65384,29260,3067191,0,99,7,0,0,14:33:5C:6D:AF:58,0,0,ARMED,448.0,0,1,80:02:9C:61:97:4B,1,4,75.4,80:02:9C:61:97:4A,6,0,NONE,2026-08-24T16:00:17.456294
45917,,-91,6,1171,53,65384,29260,3067374,0,99,7,0,0,14:33:5C:6D:AF:58,0,1,ARMED,448.0,0,1,80:02:9C:61:97:4B,1,4,124.4,80:02:9C:61:97:4A,6,0,NONE,2026-08-24T16:00:17.639294
45917,,-88,9,37824,1916,65384,29260,3067469,0,99,7,0,0,14:33:5C:6D:AF:58,0,1,ARMED,448.0,0,1,80:02:9C:61:97:4B,1,3,123.4,80:02:9C:61:97:4A,6,0,NONE,2026-08-24T16:00:17.734294
45917,BEACON,-89,8,0,3582,65384,29260,3067767,0,99,7,0,0,14:33:5C:6D:AF:58,0,0,ARMED,448.0,0,1,80:02:9C:61:97:4B,1,8,525.4,80:02:9C:61:97:4A,6,0,NONE,2026-08-24T16:00:18.032294
45917,,36,36,0,216,65384,29260,3068075,0,99,7,0,0,14:33:5C:6D:AF:58,0,0,ARMED,448.0,0,1,80:02:9C:61:97:4B,1,6,369.3,80:02:9C:61:97:4A,6,0,NONE,2026-08-24T16:00:18.340294
45917,,37,37,0,0,65384,29260,3068446,0,99,7,0,0,14:33:5C:6D:AF:58,0,0,ARMED,448.0,0,1,80:02:9C:61:97:4B,1,14,175.2,80:02:9C:61:97:4A,6,0,NONE,2026-08-24T16:00:18.711294
45917,BEACON,-84,13,0,3363,65384,29260,3068831,0,99,7,0,0,14:33:5C:6D:AF:58,0,0,ARMED,448.0,0,1,80:02:9C:61:97:4B,1,3,54.3,80:02:9C:61:97:4A,6,0,NONE,2026-08-24T16:00:19.096294
45917,BEACON,-85,12,3186,2576,65384,29260,3069036,0,99,7,0,0,14:33:5C:6D:AF:58,0,0,ARMED,448.0,0,1,80:02:9C:61:97:4B,1,19,344.9,80:02:9C:61:97:4A,6,0,NONE,2026-08-24T16:00:19.301294
45917,,37,37,0,2926,65384,29260,3069307,0,99,7,0,0,14:33:5C:6D:AF:58,0,0,ARMED,448.0,0,1,80:02:9C:61:97:4B,1,8,404.3,80:02:9C:61:97:4A,6,0,NONE,2026-08-24T16:00:19.572294
45917,,-59,38,0,247,63652,29260,3069570,0,99,7,0,0,14:33:5C:6D:AF:58,0,0,ARMED,448.0,0,0,80:02:9C:61:97:4B,1,30,385.3,80:02:9C:61:97:4A,6,0,NONE,2026-08-24T16:00:19.835294
45917,,-61,36,18325,593,65384,29260,3069819,0,99,7,0,0,14:33:5C:6D:AF:58,0,1,ARMED,448.0,0,1,80:02:9C:61:97:4B,1,4,207.6,80:02:9C:61:97:4A,6,0,NONE,2026-08-24T16:00:20.084294
45917,,56,56,0,1023,65384,29260,3070076,0,99,7,0,0,14:33:5C:6D:AF:58,0,0,ARMED,448.0,0,0,80:02:9C:61:97:4B,1,13,180.6,80:02:9C:61:97:4A,6,0,NONE,2026-08-24T16:00:20.341294
45917,,37,37,0,1023,65384,29260,3070279,0,99,7,0,0,14:33:5C:6D:AF:58,0,1,ARMED,448.0,0,0,80:02:9C:61:97:4B,1,13,187.1,80:02:9C:61:97:4A,6,0,NONE,2026-08-24T16:00:20.544294
45917,BEACON,-87,10,0,1394,65384,29260,3070599,0,99,7,0,0,14:33:5C:6D:AF:58,0,0,ARMED,448.0,0,1,80:02:9C:61:97:4B,1,11,132.4,80:02:9C:61:97:4A,6,0,NONE,2026-08-24T16:00:20.864294
45917,,-66,31,292,36,65384,29260,3070695,0,99,7,0,0,14:33:5C:6D:AF:58,0,0,ARMED,448.0,0,0,80:02:9C:61:97:4B,1,43,544.7,80:02:9C:61:97:4A,6,0,NONE,2026-08-24T16:00:20.960294
45917,BEACON,-85,12,0,2596,65384,29260,3071084,0,99,7,0,0,14:33:5C:6D:AF:58,0,0,ARMED,448.0,0,1,80:02:9C:61:97:4B,1,5,90.7,80:02:9C:61:97:4A,6,0,NONE,2026-08-24T16:00:21.349294
45917,,36,36,0,273,65384,29260,3071379,0,99,7,0,0,14:33:5C:6D:AF:58,0,0,ARMED,448.0,0,0,80:02:9C:61:97:4B,1,15,331.1,80:02:9C:61:97:4A,6,0,NONE,2026-08-24T16:00:21.644294
45917,,37,37,0,1023,65384,29260,3071498,0,99,7,0,0,14:33:5C:6D:AF:58,0,1,ARMED,448.0,0,0,80:02:9C:61:97:4B,1,31,494.0,80:02:9C:61:97:4A,6,0,NONE,2026-08-24T16:00:21.763294
45917,BEACON,-58,39,0,280,65384,29260,3071924,0,99,7,0,0,14:33:5C:6D:AF:58,0,0,ARMED,448.0,0,1,80:02:9C:61:97:4B,1,5,65.2,80:02:9C:61:97:4A,6,0,NONE,2026-08-24T16:00:22.189294
45917,,-51,46,193,637,65384,29260,3072166,0,99,7,0,0,14:33:5C:6D:AF:58,0,0,ARMED,448.0,0,0,80:02:9C:61:97:4B,1,5,457.2,80:02:9C:61:97:4A,6,0,NONE,2026-08-24T16:00:22.431294
45917,,-59,38,987,2799,65384,29260,3072430,0,99,7,0,0,14:33:5C:6D:AF:58,0,0,ARMED,448.0,0,0,80:02:9C:61:97:4B,1,15,213.2,80:02:9C:61:97:4A,6,0,NONE,2026-08-24T16:00:22.695294
45917,BEACON,-84,13,0,2611,65384,29260,3072620,0,99,7,0,0,14:33:5C:6D:AF:58,0,0,ARMED,448.0,0,1,80:02:9C:61:97:4B,1,26,468.6,80:02:9C:61:97:4A,6,0,NONE,2026-08-24T16:00:22.885294
45917,BEACON,-87,10,81579,1419,65384,29260,3073159,0,99,7,0,0,14:33:5C:6D:AF:58,0,0,ARMED,448.0,0,1,80:02:9C:61:97:4B,1,7,84.4,80:02:9C:61:97:4A,6,0,NONE,2026-08-24T16:00:23.424294
45917,,-59,38,0,3822,65384,29260,3073442,0,99,7,0,0,14:33:5C:6D:AF:58,0,0,ARMED,448.0,0,1,80:02:9C:61:97:4B,1,23,449.6,80:02:9C:61:97:4A,6,0,NONE,2026-08-24T16:00:23.707294
45917,,-59,38,1049,2811,65384,29260,3073510,0,99,7,0,0,14:33:5C:6D:AF:58,0,1,ARMED,448.0,0,0,80:02:9C:61:97:4B,1,22,1642.9,80:02:9C:61:97:4A,6,0,NONE,2026-08-24T16:00:23.775294
45917,,36,36,0,1023,65384,29260,3073530,0,99,7,0,0,14:33:5C:6D:AF:58,0,1,ARMED,448.0,0,0,80:02:9C:61:97:4B,1,72,2122.6,80:02:9C:61:97:4A,6,0,NONE,2026-08-24T16:00:23.795294
45917,BEACON,-76,21,0,3481,65384,29260,3073589,0,99,7,0,0,14:33:5C:6D:AF:58,0,1,ARMED,448.0,0,1,80:02:9C:61:97:4B,1,122,1323.4,80:02:9C:61:97:4A,6,0,NONE,2026-08-24T16:00:23.854294
45917,,-58,39,1601,3902,65384,29260,3073656,0,99,7,0,0,14:33:5C:6D:AF:58,0,1,ARMED,448.0,0,0,80:02:9C:61:97:4B,1,49,968.2,80:02:9C:61:97:4A,6,0,NONE,2026-08-24T16:00:23.921294
45917,,-60,37,2057,3930,65384,29260,3073719,0,99,7,0,0,14:33:5C:6D:AF:58,0,1,ARMED,448.0,0,0,80:02:9C:61:97:4B,1,16,1187.8,80:02:9C:61:97:4A,6,0,NONE,2026-08-24T16:00:23.984294
45917,,-88,9,26769,2248,65384,29260,3073860,0,99,7,0,0,14:33:5C:6D:AF:58,0,1,ARMED,448.0,0,1,80:02:9C:61:97:4B,1,11,248.9,80:02:9C:61:97:4A,6,0,NONE,2026-08-24T16:00:24.125294
45917,,-59,38,3059,2821,65384,29260,3074225,0,99,7,0,0,14:33:5C:6D:AF:58,0,0,ARMED,448.0,0,0,80:02:9C:61:97:4B,1,17,261.0,80:02:9C:61:97:4A,6,0,NONE,2026-08-24T16:00:24.490294
45917,,37,37,0,3488,65384,29260,3074306,0,99,7,0,0,14:33:5C:6D:AF:58,0,1,ARMED,448.0,0,0,80:02:9C:61:97:4B,1,24,542.7,80:02:9C:61:97:4A,6,0,NONE,2026-08-24T16:00:24.571294
45917,,-57,40,0,4020,65384,29260,3074375,0,99,7,0,0,14:33:5C:6D:AF:58,0,1,ARMED,448.0,0,0,80:02:9C:61:97:4B,1,16,5511.5,80:02:9C:61:97:4A,6,0,NONE,2026-08-24T16:00:24.640294
45917,,38,38,0,1023,65384,29260,3074425,0,99,7,0,0,14:33:5C:6D:AF:58,0,1,ARMED,448.0,0,0,80:02:9C:61:97:4B,1,66,1260.6,80:02:9C:61:97:4A,6,0,NONE,2026-08-24T16:00:24.690294
45917,,-90,7,25361,1429,65384,29260,3074640,0,99,7,0,0,14:33:5C:6D:AF:58,0,0,ARMED,448.0,0,1,80:02:9C:61:97:4B,1,25,441.9,80:02:9C:61:97:4A,6,0,NONE,2026-08-24T16:00:24.905294
45917,BEACON,-59,38,10028,311,65384,29260,3074894,0,99,7,0,0,14:33:5C:6D:AF:58,0,0,ARMED,448.0,0,1,80:02:9C:61:97:4B,1,13,127.0,80:02:9C:61:97:4A,6,0,NONE,2026-08-24T16:00:25.159294
45917,,35,35,0,2107,65384,29260,3075315,0,99,7,0,0,14:33:5C:6D:AF:58,0,0,ARMED,448.0,0,0,80:02:9C:61:97:4B,1,6,498.0,80:02:9C:61:97:4A,6,0,NONE,2026-08-24T16:00:25.580294
45917,BEACON,-85,12,0,2528,65384,29260,3075699,0,99,7,0,0,14:33:5C:6D:AF:58,0,0,ARMED,448.0,0,1,80:02:9C:61:97:4B,1,23,259.4,80:02:9C:61:97:4A,6,0,NONE,2026-08-24T16:00:25.964294
45917,,-43,54,1031,4064,65384,29260,3076141,0,99,7,0,0,14:33:5C:6D:AF:58,0,0,ARMED,448.0,0,1,80:02:9C:61:97:4B,1,3,164.5,80:02:9C:61:97:4A,6,0,NONE,2026-08-24T16:00:26.406294
45917,,-44,53,0,4079,65384,29260,3076370,0,99,7,0,0,14:33:5C:6D:AF:58,0,0,ARMED,448.0,0,0,80:02:9C:61:97:4B,1,32,712.8,80:02:9C:61:97:4A,6,0,NONE,2026-08-24T16:00:26.635294
45917,PROBE_RESP,-65,32,0,328,65384,29260,3076442,0,99,7,0,0,14:33:5C:6D:AF:58,0,1,ARMED,448.0,0,0,80:02:9C:61:97:4B,1,7,485.1,80:02:9C:61:97:4A,6,0,NONE,2026-08-24T16:00:26.707294
45917,,-61,36,4800,159,65384,29260,3076649,0,99,7,0,0,14:33:5C:6D:AF:58,0,0,ARMED,448.0,0,1,80:02:9C:61:97:4B,1,13,920.0,80:02:9C:61:97:4A,6,0,NONE,2026-08-24T16:00:26.914294
45917,,-38,59,166,727,65384,29260,3077150,0,99,7,0,0,14:33:5C:6D:AF:58,0,0,ARMED,448.0,0,0,80:02:9C:61:97:4B,1,3,788.6,80:02:9C:61:97:4A,6,0,NONE,2026-08-24T16:00:27.415294
45917,BEACON,-88,9,0,3678,65384,29260,3077597,0,99,7,0,0,14:33:5C:6D:AF:58,0,0,ARMED,448.0,0,0,80:02:9C:61:97:4B,1,5,122.7,80:02:9C:61:97:4A,6,0,NONE,2026-08-24T16:00:27.862294
45917,,-62,35,464,1355,65384,29260,3077722,0,99,7,0,0,14:33:5C:6D:AF:58,0,0,ARMED,448.0,0,1,80:02:9C:61:97:4B,1,36,564.5,80:02:9C:61:97:4A,6,0,NONE,2026-08-24T16:00:27.987294
45917,BEACON,-90,7,0,3627,65384,29260,3077897,0,99,7,0,0,14:33:5C:6D:AF:58,1,1,ARMED,448.0,0,1,80:02:9C:61:97:4B,1,5,149.0,80:02:9C:61:97:4A,6,0,NONE,2026-08-24T16:00:28.162294
45917,BEACON,-88,9,0,1470,65312,29260,3078382,0,99,7,0,0,14:33:5C:6D:AF:58,0,0,ARMED,448.0,0,1,80:02:9C:61:97:4B,1,5,603.5,80:02:9C:61:97:4A,6,0,NONE,2026-08-24T16:00:28.647294
45917,BEACON,-84,13,82,2668,65384,29260,3078456,0,99,7,0,0,14:33:5C:6D:AF:58,0,0,ARMED,448.0,0,1,80:02:9C:61:97:4B,1,55,663.1,80:02:9C:61:97:4A,6,0,NONE,2026-08-24T16:00:28.721294
45917,BEACON,-85,12,0,2672,65384,29260,3078866,0,99,7,0,0,14:33:5C:6D:AF:58,0,0,ARMED,448.0,0,1,80:02:9C:61:97:4B,1,7,86.5,80:02:9C:61:97:4A,6,0,NONE,2026-08-24T16:00:29.131294
45917,,-44,53,18352,749,65384,29260,3079274,0,99,7,0,0,14:33:5C:6D:AF:58,0,0,ARMED,448.0,0,0,80:02:9C:61:97:4B,1,15,191.0,80:02:9C:61:97:4A,6,0,NONE,2026-08-24T16:00:29.539294
45917,,36,36,0,1023,65384,29260,3079611,0,99,7,0,0,14:33:5C:6D:AF:58,0,0,ARMED,448.0,0,0,80:02:9C:61:97:4B,1,14,1939.3,80:02:9C:61:97:4A,6,0,NONE,2026-08-24T16:00:29.876294
45917,,-62,35,291,161,65384,29260,3080024,0,99,7,0,0,14:33:5C:6D:AF:58,0,0,ARMED,448.0,0,0,80:02:9C:61:97:4B,1,14,1374.4,80:02:9C:61:97:4A,6,0,NONE,2026-08-24T16:00:30.289294
45917,,37,37,0,1023,65384,29260,3080401,0,99,7,0,0,14:33:5C:6D:AF:58,0,0,ARMED,448.0,0,0,80:02:9C:61:97:4B,1,11,136.7,80:02:9C:61:97:4A,6,0,NONE,2026-08-24T16:00:30.666294
45917,,-57,40,0,767,65384,29260,3080495,0,99,7,0,0,14:33:5C:6D:AF:58,0,0,ARMED,448.0,0,1,80:02:9C:61:97:4B,1,49,721.8,80:02:9C:61:97:4A,6,0,NONE,2026-08-24T16:00:30.760294
45917,,56,56,0,1023,65384,29260,3080797,0,99,7,0,0,14:33:5C:6D:AF:58,0,0,ARMED,448.0,0,1,80:02:9C:61:97:4B,1,9,150.6,80:02:9C:61:97:4A,6,0,NONE,2026-08-24T16:00:31.062294
45917,BEACON,-84,13,0,2694,65384,29260,3081119,0,99,7,0,0,14:33:5C:6D:AF:58,0,0,ARMED,448.0,0,1,80:02:9C:61:97:4B,1,5,66.9,80:02:9C:61:97:4A,6,0,NONE,2026-08-24T16:00:31.384294
45917,BEACON,-90,7,0,3660,65384,29260,3081276,0,99,7,0,0,14:33:5C:6D:AF:58,0,1,ARMED,448.0,0,1,80:02:9C:61:97:4B,1,3,109.8,80:02:9C:61:97:4A,6,0,NONE,2026-08-24T16:00:31.541294
45917,,51,51,0,1023,65384,29260,3081776,0,99,7,0,0,14:33:5C:6D:AF:58,0,0,ARMED,448.0,0,1,80:02:9C:61:97:4B,1,3,248.3,80:02:9C:61:97:4A,6,0,NONE,2026-08-24T16:00:32.041294
45917,,-62,35,292,220,65384,29260,3082059,0,99,7,0,0,14:33:5C:6D:AF:58,0,0,ARMED,448.0,0,0,80:02:9C:61:97:4B,1,20,269.6,80:02:9C:61:97:4A,6,1,ARP_SPOOF,2026-08-24T16:00:32.324294
45917,,37,37,0,400,65384,29260,3082482,0,99,7,0,0,14:33:5C:6D:AF:58,0,0,ARMED,448.0,0,1,80:02:9C:61:97:4B,1,18,206.6,80:02:9C:61:97:4A,6,1,ARP_SPOOF,2026-08-24T16:00:32.747294
45917,BEACON,-84,13,0,2711,65384,29260,3082860,0,99,7,0,0,14:33:5C:6D:AF:58,0,0,ARMED,448.0,0,1,80:02:9C:61:97:4B,1,6,108.8,80:02:9C:61:97:4A,6,1,ARP_SPOOF,2026-08-24T16:00:33.125294
45917,,-44,53,3315,804,65384,29260,3083317,0,99,7,0,0,14:33:5C:6D:AF:58,0,0,ARMED,448.0,0,1,80:02:9C:61:97:4B,1,1,1000.0,80:02:9C:61:97:4A,6,1,ARP_SPOOF,2026-08-24T16:00:33.582294
45917,BEACON,-84,13,10869,2719,65384,29260,3083679,0,99,7,0,0,14:33:5C:6D:AF:58,0,0,ARMED,448.0,0,1,80:02:9C:61:97:4B,1,19,344.7,EC:75:0C:53:67:7F,7,1,ARP_SPOOF,2026-08-24T16:00:33.944294
45917,,38,38,0,3582,65384,29260,3083938,0,99,7,0,0,14:33:5C:6D:AF:58,0,1,ARMED,448.0,0,0,80:02:9C:61:97:4B,1,10,1380.5,EC:75:0C:53:67:7F,7,1,ARP_SPOOF,2026-08-24T16:00:34.203294
45917,,35,35,0,418,65384,29260,3084213,0,99,7,0,0,14:33:5C:6D:AF:58,0,1,ARMED,448.0,0,0,80:02:9C:61:97:4B,1,7,90.9,EC:75:0C:53:67:7F,7,1,ARP_SPOOF,2026-08-24T16:00:34.478294
45917,BEACON,-78,19,0,3588,65336,29260,3084545,0,99,7,0,0,14:33:5C:6D:AF:58,0,1,ARMED,448.0,0,1,80:02:9C:61:97:4B,1,29,283.0,EC:75:0C:53:67:7F,7,1,ARP_SPOOF,2026-08-24T16:00:34.810294
45917,,-68,29,16648,257,65384,29260,3084731,0,99,7,0,0,14:33:5C:6D:AF:58,0,0,ARMED,448.0,0,1,80:02:9C:61:97:4B,1,33,395.4,EC:75:0C:53:67:7F,7,1,ARP_SPOOF,2026-08-24T16:00:34.996294
45917,BEACON,-77,20,0,3594,65384,29260,3085160,0,99,7,0,0,14:33:5C:6D:AF:58,0,0,ARMED,448.0,0,1,80:02:9C:61:97:4B,1,8,78.1,EC:75:0C:53:67:7F,7,1,ARP_SPOOF,2026-08-24T16:00:35.425294
45917,,58,58,0,2942,65384,29260,3085400,0,99,7,0,0,14:33:5C:6D:AF:58,0,0,ARMED,448.0,0,0,80:02:9C:61:97:4B,1,21,595.1,EC:75:0C:53:67:7F,7,1,ARP_SPOOF,2026-08-24T16:00:35.665294
45917,BEACON,-92,5,0,1542,65384,29260,3085754,0,99,7,0,0,14:33:5C:6D:AF:58,0,0,ARMED,448.0,0,1,80:02:9C:61:97:4B,1,8,96.6,EC:75:0C:53:67:7F,7,1,ARP_SPOOF,2026-08-24T16:00:36.019294
45917,BEACON,-90,7,0,3762,65384,29260,3086199,0,99,7,0,0,14:33:5C:6D:AF:58,0,0,ARMED,448.0,0,0,80:02:9C:61:97:4B,1,2,131.1,EC:75:0C:53:67:7F,7,1,ARP_SPOOF,2026-08-24T16:00:36.464294
45917,,37,37,0,1023,65384,29260,3086561,0,99,7,0,0,14:33:5C:6D:AF:58,0,0,ARMED,448.0,0,0,80:02:9C:61:97:4B,1,23,326.2,EC:75:0C:53:67:7F,7,1,ARP_SPOOF,2026-08-24T16:00:36.826294
45917,BEACON,-84,13,0,3551,65384,29260,3086857,0,99,7,0,0,14:33:5C:6D:AF:58,0,0,ARMED,448.0,0,1,80:02:9C:61:97:4B,1,5,84.9,EC:75:0C:53:67:7F,7,1,ARP_SPOOF,2026-08-24T16:00:37.122294
45917,BEACON,-78,19,0,3614,65384,29260,3087208,0,99,7,0,0,14:33:5C:6D:AF:58,0,0,ARMED,448.0,0,1,80:02:9C:61:97:4B,1,9,87.8,EC:75:0C:53:67:7F,7,1,ARP_SPOOF,2026-08-24T16:00:37.473294
45917,BEACON,-89,8,0,1559,65384,29260,3087495,0,99,7,0,0,14:33:5C:6D:AF:58,0,0,ARMED,448.0,0,1,80:02:9C:61:97:4B,1,13,157.1,EC:75:0C:53:67:7F,7,1,ARP_SPOOF,2026-08-24T16:00:37.760294
45917,BEACON,-78,19,0,3620,65384,29260,3087822,0,99,7,0,0,14:33:5C:6D:AF:58,0,0,ARMED,448.0,0,1,80:02:9C:61:97:4B,1,10,97.6,EC:75:0C:53:67:7F,7,1,ARP_SPOOF,2026-08-24T16:00:38.087294
45917,,-63,34,292,303,65384,29260,3088123,0,99,7,0,0,14:33:5C:6D:AF:58,0,0,ARMED,448.0,0,0,80:02:9C:61:97:4B,1,34,352.9,EC:75:0C:53:67:7F,7,1,ARP_SPOOF,2026-08-24T16:00:38.388294
45917,,-93,4,19980,1846,65384,29260,3088402,0,99,7,0,0,14:33:5C:6D:AF:58,0,0,ARMED,448.0,0,1,80:02:9C:61:97:4B,1,3,53.6,EC:75:0C:53:67:7F,7,1,ARP_SPOOF,2026-08-24T16:00:38.667294
45917,,57,57,0,3629,65384,29260,3088751,0,99,7,0,0,14:33:5C:6D:AF:58,0,0,ARMED,448.0,0,0,80:02:9C:61:97:4B,1,12,122.5,EC:75:0C:53:67:7F,7,1,ARP_SPOOF,2026-08-24T16:00:39.016294
45917,BEACON,-89,8,0,1576,65384,29260,3089236,0,99,7,0,0,14:33:5C:6D:AF:58,0,0,ARMED,448.0,0,1,80:02:9C:61:97:4B,1,4,144.3,EC:75:0C:53:67:7F,7,1,ARP_SPOOF,2026-08-24T16:00:39.501294
45917,,59,59,0,3639,65384,29260,3089768,0,99,7,0,0,14:33:5C:6D:AF:58,0,0,ARMED,448.0,0,0,80:02:9C:61:97:4B,1,3,114.5,EC:75:0C:53:67:7F,7,1,ARP_SPOOF,2026-08-24T16:00:40.033294
45917,PROBE_RESP,-78,19,0,3768,65384,29260,3090175,0,99,7,0,0,14:33:5C:6D:AF:58,0,0,ARMED,448.0,0,1,80:02:9C:61:97:4B,1,5,207.4,EC:75:0C:53:67:7F,7,1,ARP_SPOOF,2026-08-24T16:00:40.440294
45917,,37,37,0,1023,65384,29260,3090621,0,99,7,0,0,14:33:5C:6D:AF:58,0,0,ARMED,448.0,0,0,80:02:9C:61:97:4B,1,16,265.7,EC:75:0C:53:67:7F,7,1,ARP_SPOOF,2026-08-24T16:00:40.886294
45917,,-68,29,292,345,65384,29260,3090821,0,99,7,0,0,14:33:5C:6D:AF:58,0,0,ARMED,448.0,0,0,80:02:9C:61:97:4B,1,23,414.7,EC:75:0C:53:67:7F,7,1,ARP_SPOOF,2026-08-24T16:00:41.086294
45917,PROBE_RESP,-78,19,82,3775,65384,29260,3091144,0,99,7,0,0,14:33:5C:6D:AF:58,0,0,ARMED,448.0,0,1,80:02:9C:61:97:4B,1,19,265.9,EC:75:0C:53:67:7F,7,1,ARP_SPOOF,2026-08-24T16:00:41.409294
45917,,36,36,0,1756,65384,29260,3091354,0,99,7,0,0,14:33:5C:6D:AF:58,0,1,ARMED,448.0,0,0,80:02:9C:61:97:4B,1,9,118.2,EC:75:0C:53:67:7F,7,1,ARP_SPOOF,2026-08-24T16:00:41.619294
45917,,-58,39,995,3014,65384,29260,3091535,0,99,7,0,0,14:33:5C:6D:AF:58,0,0,ARMED,448.0,0,0,80:02:9C:61:97:4B,1,36,680.4,EC:75:0C:53:67:7F,7,1,ARP_SPOOF,2026-08-24T16:00:41.800294
45917,BEACON,-59,38,12001,505,65384,29260,3091688,0,99,7,0,0,14:33:5C:6D:AF:58,0,0,ARMED,448.0,0,1,80:02:9C:61:97:4B,1,23,222.8,EC:75:0C:53:67:7F,7,1,ARP_SPOOF,2026-08-24T16:00:41.953294
45917,BEACON,-92,5,0,3765,65384,29260,3092028,0,99,7,0,0,14:33:5C:6D:AF:58,0,0,ARMED,448.0,0,1,80:02:9C:61:97:4B,1,3,89.5,EC:75:0C:53:67:7F,7,1,ARP_SPOOF,2026-08-24T16:00:42.293294
45917,PROBE_RESP,-69,26,0,517,65384,29260,3092297,0,99,7,0,0,14:33:5C:6D:AF:58,0,0,ARMED,448.0,0,0,80:02:9C:61:97:4B,1,28,285.9,EC:75:0C:53:67:7F,7,1,ARP_SPOOF,2026-08-24T16:00:42.562294
45917,,-42,55,184,850,65384,29260,3092615,0,99,7,0,0,14:33:5C:6D:AF:58,0,0,ARMED,448.0,0,0,80:02:9C:61:97:4B,1,7,1120.9,EC:75:0C:53:67:7F,7,1,ARP_SPOOF,2026-08-24T16:00:42.880294
45917,PROBE_RESP,-59,38,0,528,65384,29260,3092897,0,99,7,0,0,14:33:5C:6D:AF:58,0,0,ARMED,448.0,0,0,80:02:9C:61:97:4B,1,17,202.1,EC:75:0C:53:67:7F,7,1,ARP_SPOOF,2026-08-24T16:00:43.162294
45917,PROBE_RESP,-85,12,0,3852,65384,29260,3093296,0,99,7,0,0,14:33:5C:6D:AF:58,0,0,ARMED,448.0,0,1,80:02:9C:61:97:4B,1,8,109.8,EC:75:0C:53:67:7F,7,1,ARP_SPOOF,2026-08-24T16:00:43.561294
45917,BEACON,-92,5,0,3780,65384,29260,3093564,0,99,7,0,0,14:33:5C:6D:AF:58,0,0,ARMED,448.0,0,1,80:02:9C:61:97:4B,1,5,149.2,EC:75:0C:53:67:7F,7,1,ARP_SPOOF,2026-08-24T16:00:43.829294
45917,PROBE_RESP,-61,36,0,548,65384,29260,3093857,0,99,7,0,0,14:33:5C:6D:AF:58,0,0,ARMED,448.0,0,0,80:02:9C:61:97:4B,1,7,358.5,EC:75:0C:53:67:7F,7,1,ARP_SPOOF,2026-08-24T16:00:44.122294
45917,BEACON,-77,20,0,3681,65384,29260,3094068,0,99,7,0,0,14:33:5C:6D:AF:58,0,0,ARMED,448.0,0,1,80:02:9C:61:97:4B,1,2,77.3,EC:75:0C:53:67:7F,7,1,ARP_SPOOF,2026-08-24T16:00:44.333294
45917,BEACON,-85,12,82,3631,65384,29260,3094537,0,99,7,0,0,14:33:5C:6D:AF:58,0,0,ARMED,448.0,0,1,80:02:9C:61:97:4B,1,9,106.1,EC:75:0C:53:67:7F,7,1,ARP_SPOOF,2026-08-24T16:00:44.802294
45917,,36,36,0,3688,65384,29260,3094819,0,99,7,0,0,14:33:5C:6D:AF:58,0,0,ARMED,448.0,0,0,80:02:9C:61:97:4B,1,8,133.3,EC:75:0C:53:67:7F,7,1,ARP_SPOOF,2026-08-24T16:00:45.084294
45917,BEACON,-84,13,0,2830,65384,29260,3095045,0,99,7,0,0,14:33:5C:6D:AF:58,1,1,ARMED,448.0,0,1,80:02:9C:61:97:4B,1,18,222.3,EC:75:0C:53:67:7F,7,1,ARP_SPOOF,2026-08-24T16:00:45.310294
45917,,-77,20,226,1808,65180,29260,3095157,0,99,7,0,0,14:33:5C:6D:AF:58,1,0,ARMED,448.0,0,1,80:02:9C:61:97:4B,1,48,528.8,EC:75:0C:53:67:7F,7,1,ARP_SPOOF,2026-08-24T16:00:45.422294
45917,BEACON,-84,13,0,3642,65384,29260,3095561,0,99,7,0,0,14:33:5C:6D:AF:58,0,0,ARMED,448.0,0,1,80:02:9C:61:97:4B,1,10,117.9,EC:75:0C:53:67:7F,7,1,ARP_SPOOF,2026-08-24T16:00:45.826294
45917,,51,51,0,3697,65384,29260,3095715,0,99,7,0,0,14:33:5C:6D:AF:58,0,1,ARMED,448.0,0,0,80:02:9C:61:97:4B,1,14,422.8,EC:75:0C:53:67:7F,7,1,ARP_SPOOF,2026-08-24T16:00:45.980294
45917,,-77,20,0,159,65384,29260,3096008,0,99,7,0,0,14:33:5C:6D:AF:58,0,0,ARMED,448.0,0,1,80:02:9C:61:97:4B,1,9,462.6,EC:75:0C:53:67:7F,7,1,ARP_SPOOF,2026-08-24T16:00:46.273294
45917,,-76,21,1667,2111,65384,29260,3096144,0,99,7,0,0,14:33:5C:6D:AF:58,0,0,ARMED,448.0,0,1,80:02:9C:61:97:4B,1,35,655.4,EC:75:0C:53:67:7F,7,1,ARP_SPOOF,2026-08-24T16:00:46.409294
45917,,-76,21,14948,166,65384,29260,3096336,0,99,7,0,0,14:33:5C:6D:AF:58,0,0,ARMED,448.0,0,1,80:02:9C:61:97:4B,1,5,121.9,EC:75:0C:53:67:7F,7,1,ARP_SPOOF,2026-08-24T16:00:46.601294
45917,,52,52,0,1023,65384,29260,3096685,0,99,7,0,0,14:33:5C:6D:AF:58,0,0,ARMED,448.0,0,1,80:02:9C:61:97:4B,1,19,229.5,EC:75:0C:53:67:7F,7,1,ARP_SPOOF,2026-08-24T16:00:46.950294
45917,,-78,19,593,2134,65384,29260,3096876,0,99,7,0,0,14:33:5C:6D:AF:58,0,0,ARMED,448.0,0,0,80:02:9C:61:97:4B,1,28,408.5,EC:75:0C:53:67:7F,7,1,ARP_SPOOF,2026-08-24T16:00:47.141294
45917,MGMT_OTHER,-61,36,0,599,65384,29260,3096938,0,99,7,0,0,14:33:5C:6D:AF:58,0,1,ARMED,448.0,0,0,80:02:9C:61:97:4B,1,22,789.5,EC:75:0C:53:67:7F,7,1,ARP_SPOOF,2026-08-24T16:00:47.203294
45917,MGMT_OTHER,-59,38,0,612,65384,29260,3096978,0,99,7,0,0,14:33:5C:6D:AF:58,0,1,ARMED,448.0,0,0,80:02:9C:61:97:4B,1,72,1052.0,EC:75:0C:53:67:7F,7,1,ARP_SPOOF,2026-08-24T16:00:47.243294
45917,MGMT_OTHER,52,52,0,622,65384,29260,3097085,0,99,7,0,0,14:33:5C:6D:AF:58,0,1,ARMED,448.0,0,0,80:02:9C:61:97:4B,1,58,770.9,EC:75:0C:53:67:7F,7,1,ARP_SPOOF,2026-08-24T16:00:47.350294
45917,,-80,17,0,189,65368,29260,3097212,0,99,7,0,0,14:33:5C:6D:AF:58,0,0,ARMED,448.0,0,0,80:02:9C:61:97:4B,1,22,219.3,EC:75:0C:53:67:7F,7,1,ARP_SPOOF,2026-08-24T16:00:47.477294
45917,,-70,27,0,2156,65384,29260,3097258,0,99,7,0,0,14:33:5C:6D:AF:58,0,0,ARMED,448.0,0,0,80:02:9C:61:97:4B,1,50,1077.0,EC:75:0C:53:67:7F,7,1,ARP_SPOOF,2026-08-24T16:00:47.523294
45917,,-71,26,636,658,65384,29260,3097349,0,99,7,0,0,14:33:5C:6D:AF:58,0,1,ARMED,448.0,0,1,80:02:9C:61:97:4B,1,15,582.3,EC:75:0C:53:67:7F,7,1,ARP_SPOOF,2026-08-24T16:00:47.614294
45917,,-56,41,0,1086,65384,29260,3097378,0,99,7,0,0,14:33:5C:6D:AF:58,0,1,ARMED,448.0,0,0,80:02:9C:61:97:4B,1,65,1177.7,EC:75:0C:53:67:7F,7,1,ARP_SPOOF,2026-08-24T16:00:47.643294
45917,,-70,27,0,2194,65384,29260,3097408,0,99,7,0,0,14:33:5C:6D:AF:58,0,1,ARMED,448.0,0,0,80:02:9C:61:97:4B,1,115,1357.5,EC:75:0C:53:67:7F,7,1,ARP_SPOOF,2026-08-24T16:00:47.673294
45917,,-70,27,0,2215,65384,29260,3097442,0,99,7,0,0,14:33:5C:6D:AF:58,0,1,ARMED,448.0,0,0,80:02:9C:61:97:4B,1,22,1491.8,EC:75:0C:53:67:7F,7,1,ARP_SPOOF,2026-08-24T16:00:47.707294
45917,,-56,41,0,1138,62544,29260,3097480,0,99,7,0,0,14:33:5C:6D:AF:58,0,1,ARMED,448.0,0,0,80:02:9C:61:97:4B,1,72,1353.9,EC:75:0C:53:67:7F,7,1,ARP_SPOOF,2026-08-24T16:00:47.745294
45917,,-70,27,0,2233,63264,29260,3097492,0,99,7,0,0,14:33:5C:6D:AF:58,0,1,ARMED,448.0,0,0,80:02:9C:61:97:4B,1,122,1879.3,EC:75:0C:53:67:7F,7,1,ARP_SPOOF,2026-08-24T16:00:47.757294
45917,,-35,62,265,895,65384,29260,3097539,0,99,7,0,0,14:33:5C:6D:AF:58,0,1,ARMED,448.0,0,0,80:02:9C:61:97:4B,1,17,4231.0,EC:75:0C:53:67:7F,7,1,ARP_SPOOF,2026-08-24T16:00:47.804294
45917,MGMT_OTHER,58,58,0,0,65384,29260,3097592,0,99,7,0,0,14:33:5C:6D:AF:58,0,1,ARMED,448.0,0,0,80:02:9C:61:97:4B,1,67,1173.2,EC:75:0C:53:67:7F,7,1,ARP_SPOOF,2026-08-24T16:00:47.857294
45917,,-56,41,0,1207,65384,29260,3097612,0,99,7,0,0,14:33:5C:6D:AF:58,0,1,ARMED,448.0,0,0,80:02:9C:61:97:4B,1,117,1516.7,EC:75:0C:53:67:7F,7,1,ARP_SPOOF,2026-08-24T16:00:47.877294
45917,,-72,25,12038,672,65384,29260,3097669,0,99,7,0,0,14:33:5C:6D:AF:58,0,1,ARMED,448.0,0,0,80:02:9C:61:97:4B,1,21,712.6,EC:75:0C:53:67:7F,7,1,ARP_SPOOF,2026-08-24T16:00:47.934294
45917,,-72,25,12038,672,65384,29260,3097669,0,99,7,0,0,14:33:5C:6D:AF:58,0,1,ARMED,448.0,0,0,80:02:9C:61:97:4B,1,21,712.6,EC:75:0C:53:67:7F,7,1,ARP_SPOOF,2026-08-24T16:00:47.934294
45917,,-73,24,852,3004,65384,29260,3097698,0,99,7,0,0,14:33:5C:6D:AF:58,0,1,ARMED,448.0,0,1,80:02:9C:61:97:4B,1,71,1213.9,EC:75:0C:53:67:7F,7,1,ARP_SPOOF,2026-08-24T16:00:47.963294
45917,,-72,25,437,1819,65384,29260,3097851,0,99,7,0,0,14:33:5C:6D:AF:58,0,1,ARMED,448.0,0,1,80:02:9C:61:97:4B,1,3,443.6,EC:75:0C:53:67:7F,7,1,ARP_SPOOF,2026-08-24T16:00:48.116294
45917,,-35,62,221,909,65384,29260,3097957,0,99,7,0,0,14:33:5C:6D:AF:58,0,1,ARMED,448.0,0,0,80:02:9C:61:97:4B,1,12,1173.7,EC:75:0C:53:67:7F,7,1,ARP_SPOOF,2026-08-24T16:00:48.222294
45917,,-71,26,0,2305,65384,29260,3098075,0,99,7,0,0,14:33:5C:6D:AF:58,0,1,ARMED,448.0,0,1,80:02:9C:61:97:4B,1,5,214.9,EC:75:0C:53:67:7F,7,1,ARP_SPOOF,2026-08-24T16:00:48.340294
45917,MGMT_OTHER,40,40,0,2324,65384,29260,3098100,0,99,7,0,0,14:33:5C:6D:AF:58,0,1,ARMED,448.0,0,0,80:02:9C:61:97:4B,1,55,1136.8,EC:75:0C:53:67:7F,7,1,ARP_SPOOF,2026-08-24T16:00:48.365294
45917,,-56,41,8641,1284,65384,29260,3098154,0,99,7,0,0,14:33:5C:6D:AF:58,0,1,ARMED,448.0,0,1,80:02:9C:61:97:4B,1,1,1000.0,EC:75:0C:53:67:7F,7,1,ARP_SPOOF,2026-08-24T16:00:48.419294
45917,MGMT_OTHER,40,40,0,1023,65384,29260,3098217,0,99,7,0,0,14:33:5C:6D:AF:58,0,1,ARMED,448.0,0,0,80:02:9C:61:97:4B,1,51,789.5,EC:75:0C:53:67:7F,7,1,ARP_SPOOF,2026-08-24T16:00:48.482294
45917,,-36,61,175,923,65384,29260,3098319,0,99,7,0,0,14:33:5C:6D:AF:58,0,1,ARMED,448.0,0,0,80:02:9C:61:97:4B,1,44,685.0,EC:75:0C:53:67:7F,7,1,ARP_SPOOF,2026-08-24T16:00:48.584294
45917,MGMT_OTHER,40,40,0,1023,65384,29260,3098397,0,99,7,0,0,14:33:5C:6D:AF:58,0,1,ARMED,448.0,0,0,80:02:9C:61:97:4B,1,25,741.8,EC:75:0C:53:67:7F,7,1,ARP_SPOOF,2026-08-24T16:00:48.662294
45917,,-46,51,158,930,65384,29260,3098515,0,99,7,0,0,14:33:5C:6D:AF:58,0,1,ARMED,448.0,0,0,80:02:9C:61:97:4B,1,17,345.1,EC:75:0C:53:67:7F,7,1,ARP_SPOOF,2026-08-24T16:00:48.780294
45917,,-35,62,17682,934,65384,29260,3098635,0,99,7,0,0,14:33:5C:6D:AF:58,1,1,ARMED,448.0,0,1,80:02:9C:61:97:4B,1,28,440.5,EC:75:0C:53:67:7F,7,1,ARP_SPOOF,2026-08-24T16:00:48.900294
45917,,-35,62,8528,936,65384,29260,3098869,0,99,7,0,0,14:33:5C:6D:AF:58,1,1,ARMED,448.0,0,1,80:02:9C:61:97:4B,1,5,318.0,EC:75:0C:53:67:7F,7,1,ARP_SPOOF,2026-08-24T16:00:49.134294
45917,,-67,30,6986,670,65384,29260,3099168,0,99,7,0,0,14:33:5C:6D:AF:58,0,0,ARMED,448.0,0,0,80:02:9C:61:97:4B,1,2,366.0,EC:75:0C:53:67:7F,7,1,ARP_SPOOF,2026-08-24T16:00:49.433294
45917,MGMT_OTHER,40,40,0,1023,65384,29260,3099299,0,99,7,0,0,14:33:5C:6D:AF:58,0,1,ARMED,448.0,0,0,80:02:9C:61:97:4B,1,22,617.1,EC:75:0C:53:67:7F,7,1,ARP_SPOOF,2026-08-24T16:00:49.564294
45917,MGMT_OTHER,40,40,0,1023,65384,29260,3099417,0,99,7,0,0,14:33:5C:6D:AF:58,1,1,ARMED,448.0,0,0,80:02:9C:61:97:4B,1,22,415.3,EC:75:0C:53:67:7F,7,1,ARP_SPOOF,2026-08-24T16:00:49.682294
45917,MGMT_OTHER,40,40,0,1023,65384,29260,3099486,0,99,7,0,0,14:33:5C:6D:AF:58,1,1,ARMED,448.0,0,0,80:02:9C:61:97:4B,1,19,1062.8,EC:75:0C:53:67:7F,7,1,ARP_SPOOF,2026-08-24T16:00:49.751294
45917,,-35,62,17597,952,65384,29260,3099595,0,99,7,0,0,14:33:5C:6D:AF:58,0,1,ARMED,448.0,0,1,80:02:9C:61:97:4B,1,8,357.5,EC:75:0C:53:67:7F,7,1,ARP_SPOOF,2026-08-24T16:00:49.860294
45917,,-34,63,212,955,65384,29260,3099698,0,99,7,0,0,14:33:5C:6D:AF:58,0,1,ARMED,448.0,0,0,80:02:9C:61:97:4B,1,20,797.0,EC:75:0C:53:67:7F,7,1,ARP_SPOOF,2026-08-24T16:00:49.963294
45917,,-70,27,8937,2363,65384,29260,3099811,0,99,7,0,0,14:33:5C:6D:AF:58,1,1,ARMED,448.0,0,1,80:02:9C:61:97:4B,1,17,473.3,EC:75:0C:53:67:7F,7,1,ARP_SPOOF,2026-08-24T16:00:50.076294
45917,MGMT_OTHER,40,40,0,1023,65384,29260,3099931,0,99,7,0,0,14:33:5C:6D:AF:58,1,1,ARMED,448.0,0,0,80:02:9C:61:97:4B,1,14,260.3,EC:75:0C:53:67:7F,7,1,ARP_SPOOF,2026-08-24T16:00:50.196294
45917,BEACON,-75,22,358,3216,65384,29260,3100200,0,99,7,0,0,14:33:5C:6D:AF:58,0,0,ARMED,448.0,0,1,80:02:9C:61:97:4B,1,4,262.6,EC:75:0C:53:67:7F,7,1,ARP_SPOOF,2026-08-24T16:00:50.465294
45917,BEACON,-75,22,358,3216,65384,29260,3100200,0,99,7,0,0,14:33:5C:6D:AF:58,0,0,ARMED,448.0,0,1,80:02:9C:61:97:4B,1,4,262.6,EC:75:0C:53:67:7F,7,1,ARP_SPOOF,2026-08-24T16:00:50.465294
45917,,-56,41,20162,1321,65384,29260,3100319,0,99,7,0,0,14:33:5C:6D:AF:58,0,1,ARMED,448.0,0,1,80:02:9C:61:97:4B,1,5,166.6,EC:75:0C:53:67:7F,7,1,ARP_SPOOF,2026-08-24T16:00:50.584294
45917,,-35,62,229,976,65384,29260,3100507,0,99,7,0,0,14:33:5C:6D:AF:58,0,0,ARMED,448.0,0,0,80:02:9C:61:97:4B,1,10,652.1,EC:75:0C:53:67:7F,7,1,ARP_SPOOF,2026-08-24T16:00:50.772294
45917,,-56,41,9660,1340,65384,29260,3100831,0,99,7,0,0,14:33:5C:6D:AF:58,1,1,ARMED,448.0,0,1,80:02:9C:61:97:4B,1,8,266.4,EC:75:0C:53:67:7F,7,1,ARP_SPOOF,2026-08-24T16:00:51.096294
45917,,-56,41,973,1366,65384,29260,3100925,0,99,7,0,0,14:33:5C:6D:AF:58,1,1,ARMED,448.0,0,1,80:02:9C:61:97:4B,1,13,565.2,EC:75:0C:53:67:7F,7,1,ARP_SPOOF,2026-08-24T16:00:51.190294
45917,,-72,25,2623,2419,65384,29260,3100964,0,99,7,0,0,14:33:5C:6D:AF:58,1,1,ARMED,448.0,0,1,80:02:9C:61:97:4B,1,63,1012.4,EC:75:0C:53:67:7F,7,1,ARP_SPOOF,2026-08-24T16:00:51.229294
45917,,-39,58,353,978,65384,29260,3100984,0,99,7,0,0,14:33:5C:6D:AF:58,1,1,ARMED,448.0,0,1,80:02:9C:61:97:4B,1,113,1378.7,EC:75:0C:53:67:7F,7,1,ARP_SPOOF,2026-08-24T16:00:51.249294
45917,,-56,41,0,1441,64740,29260,3101001,0,99,7,0,0,14:33:5C:6D:AF:58,1,1,ARMED,448.0,0,0,80:02:9C:61:97:4B,1,163,1649.0,EC:75:0C:53:67:7F,7,1,ARP_SPOOF,2026-08-24T16:00:51.266294
45917,MGMT_OTHER,40,40,0,1023,65384,29260,3101095,0,99,7,0,0,14:33:5C:6D:AF:58,0,1,ARMED,448.0,0,0,80:02:9C:61:97:4B,1,49,634.0,EC:75:0C:53:67:7F,7,1,ARP_SPOOF,2026-08-24T16:00:51.360294
45917,,-56,41,0,1449,65384,29260,3101134,0,99,7,0,0,14:33:5C:6D:AF:58,1,1,ARMED,448.0,0,0,80:02:9C:61:97:4B,1,15,1470.4,EC:75:0C:53:67:7F,7,1,ARP_SPOOF,2026-08-24T16:00:51.399294
45917,,-85,12,6644,1467,65384,29260,3101212,0,99,7,0,0,14:33:5C:6D:AF:58,1,1,ARMED,448.0,0,1,80:02:9C:61:97:4B,1,65,732.5,EC:75:0C:53:67:7F,7,1,ARP_SPOOF,2026-08-24T16:00:51.477294
45917,,-71,26,2371,283,65384,29260,3101271,0,99,7,0,0,14:33:5C:6D:AF:58,1,1,ARMED,448.0,0,1,80:02:9C:61:97:4B,1,38,807.0,EC:75:0C:53:67:7F,7,1,ARP_SPOOF,2026-08-24T16:00:51.536294
45917,,-35,62,247,989,65384,29260,3101316,0,99,7,0,0,14:33:5C:6D:AF:58,1,1,ARMED,448.0,0,0,80:02:9C:61:97:4B,1,88,961.3,EC:75:0C:53:67:7F,7,1,ARP_SPOOF,2026-08-24T16:00:51.581294
45917,MGMT_OTHER,39,39,0,1023,65384,29260,3101342,0,99,7,0,0,14:33:5C:6D:AF:58,0,1,ARMED,448.0,0,0,80:02:9C:61:97:4B,1,47,3190.8,EC:75:0C:53:67:7F,7,1,ARP_SPOOF,2026-08-24T16:00:51.607294
45917,,-71,26,0,2505,55552,29260,3101375,0,99,7,0,0,14:33:5C:6D:AF:58,0,1,ARMED,448.0,0,0,80:02:9C:61:97:4B,1,97,2044.8,EC:75:0C:53:67:7F,7,1,ARP_SPOOF,2026-08-24T16:00:51.640294
45917,,-70,27,0,2518,65384,29260,3101396,0,99,7,0,0,14:33:5C:6D:AF:58,0,1,ARMED,448.0,0,0,80:02:9C:61:97:4B,1,147,2143.3,EC:75:0C:53:67:7F,7,1,ARP_SPOOF,2026-08-24T16:00:51.661294
45917,,-72,25,500,104,65384,29260,3101437,0,99,7,0,0,14:33:5C:6D:AF:58,1,1,ARMED,448.0,0,1,80:02:9C:61:97:4B,1,27,3410.0,EC:75:0C:53:67:7F,7,1,ARP_SPOOF,2026-08-24T16:00:51.702294
45917,,-57,40,0,1560,65384,29260,3101457,0,99,7,0,0,14:33:5C:6D:AF:58,1,1,ARMED,448.0,0,0,80:02:9C:61:97:4B,1,77,2669.3,EC:75:0C:53:67:7F,7,1,ARP_SPOOF,2026-08-24T16:00:51.722294
45917,,-71,26,0,2558,63764,29260,3101491,0,99,7,0,0,14:33:5C:6D:AF:58,1,1,ARMED,448.0,0,0,80:02:9C:61:97:4B,1,127,2024.9,EC:75:0C:53:67:7F,7,1,ARP_SPOOF,2026-08-24T16:00:51.756294
45917,,-70,27,0,2567,62140,29260,3101508,0,99,7,0,0,14:33:5C:6D:AF:58,1,1,ARMED,448.0,0,0,80:02:9C:61:97:4B,1,177,2223.6,EC:75:0C:53:67:7F,7,1,ARP_SPOOF,2026-08-24T16:00:51.773294
45917,,-71,26,11740,2572,65384,29260,3101780,0,99,7,0,0,14:33:5C:6D:AF:58,0,0,ARMED,448.0,0,1,80:02:9C:61:97:4B,1,3,67.3,EC:75:0C:53:67:7F,7,1,ARP_SPOOF,2026-08-24T16:00:52.045294
45917,,-78,19,1779,2922,65384,29260,3101968,0,99,7,0,0,14:33:5C:6D:AF:58,0,1,ARMED,448.0,0,0,80:02:9C:61:97:4B,1,11,398.3,EC:75:0C:53:67:7F,7,1,ARP_SPOOF,2026-08-24T16:00:52.233294
45917,,-34,63,127,1005,65384,29260,3102039,0,99,7,0,0,14:33:5C:6D:AF:58,0,1,ARMED,448.0,0,1,80:02:9C:61:97:4B,1,61,617.0,EC:75:0C:53:67:7F,7,1,ARP_SPOOF,2026-08-24T16:00:52.304294
45917,,-72,25,1622,258,65384,29260,3102183,0,99,7,0,0,14:33:5C:6D:AF:58,0,0,ARMED,448.0,0,1,80:02:9C:61:97:4B,1,24,645.5,EC:75:0C:53:67:7F,7,1,ARP_SPOOF,2026-08-24T16:00:52.448294
45917,,-55,42,2015,1635,65384,29260,3102308,0,99,7,0,0,14:33:5C:6D:AF:58,0,1,ARMED,448.0,0,0,80:02:9C:61:97:4B,1,28,466.4,EC:75:0C:53:67:7F,7,1,ARP_SPOOF,2026-08-24T16:00:52.573294
45917,MGMT_OTHER,41,41,0,1023,65384,29260,3102385,0,99,7,0,0,14:33:5C:6D:AF:58,0,1,ARMED,448.0,0,0,80:02:9C:61:97:4B,1,22,652.3,EC:75:0C:53:67:7F,7,1,ARP_SPOOF,2026-08-24T16:00:52.650294
45917,,-72,25,609,964,65384,29260,3102431,0,99,7,0,0,14:33:5C:6D:AF:58,0,1,ARMED,448.0,0,1,80:02:9C:61:97:4B,1,72,895.5,EC:75:0C:53:67:7F,7,1,ARP_SPOOF,2026-08-24T16:00:52.696294
45917,,-33,64,4427,1013,65384,29260,3102483,0,99,7,0,0,14:33:5C:6D:AF:58,0,1,ARMED,448.0,0,1,80:02:9C:61:97:4B,1,30,1016.3,EC:75:0C:53:67:7F,7,1,ARP_SPOOF,2026-08-24T16:00:52.748294
45917,,-55,42,0,1685,65368,29260,3102512,0,99,7,0,0,14:33:5C:6D:AF:58,0,1,ARMED,448.0,0,0,80:02:9C:61:97:4B,1,80,1388.9,EC:75:0C:53:67:7F,7,1,ARP_SPOOF,2026-08-24T16:00:52.777294
45917,,-71,26,0,2686,65384,29260,3102564,0,99,7,0,0,14:33:5C:6D:AF:58,0,1,ARMED,448.0,0,0,80:02:9C:61:97:4B,1,31,4420.4,EC:75:0C:53:67:7F,7,1,ARP_SPOOF,2026-08-24T16:00:52.829294
45917,,-55,42,0,1694,65384,29260,3102592,0,99,7,0,0,14:33:5C:6D:AF:58,0,1,ARMED,448.0,0,0,80:02:9C:61:97:4B,1,81,2259.2,EC:75:0C:53:67:7F,7,1,ARP_SPOOF,2026-08-24T16:00:52.857294
45917,,-55,42,0,1718,61432,29260,3102599,0,99,7,0,0,14:33:5C:6D:AF:58,0,1,ARMED,448.0,0,0,80:02:9C:61:97:4B,1,131,3100.2,EC:75:0C:53:67:7F,7,1,ARP_SPOOF,2026-08-24T16:00:52.864294
45917,,-55,42,5327,1738,65384,29260,3102619,0,99,7,0,0,14:33:5C:6D:AF:58,0,1,ARMED,448.0,0,0,80:02:9C:61:97:4B,1,181,2902.4,EC:75:0C:53:67:7F,7,1,ARP_SPOOF,2026-08-24T16:00:52.884294
45917,,-55,42,0,1766,63652,29260,3102664,0,99,7,0,0,14:33:5C:6D:AF:58,0,1,ARMED,448.0,0,0,80:02:9C:61:97:4B,1,10,2362.4,EC:75:0C:53:67:7F,7,1,ARP_SPOOF,2026-08-24T16:00:52.929294
45917,BEACON,-75,22,0,1054,65384,29260,3102756,0,99,7,0,0,14:33:5C:6D:AF:58,0,1,ARMED,448.0,0,1,80:02:9C:61:97:4B,1,60,627.6,EC:75:0C:53:67:7F,7,1,ARP_SPOOF,2026-08-24T16:00:53.021294
45917,,-55,42,0,1808,65384,29260,3102796,0,99,7,0,0,14:33:5C:6D:AF:58,0,1,ARMED,448.0,0,0,80:02:9C:61:97:4B,1,48,1373.9,EC:75:0C:53:67:7F,7,1,ARP_SPOOF,2026-08-24T16:00:53.061294
45917,,-72,25,1489,2791,65384,29260,3102835,0,99,7,0,0,14:33:5C:6D:AF:58,0,1,ARMED,448.0,0,1,80:02:9C:61:97:4B,1,98,1329.7,EC:75:0C:53:67:7F,7,1,ARP_SPOOF,2026-08-24T16:00:53.100294
45917,MGMT_OTHER,40,40,0,1023,65384,29260,3102868,0,99,7,0,0,14:33:5C:6D:AF:58,0,1,ARMED,448.0,0,1,80:02:9C:61:97:4B,1,14,2106.2,EC:75:0C:53:67:7F,7,1,ARP_SPOOF,2026-08-24T16:00:53.133294
45917,,-56,41,581,1880,65384,29260,3102908,0,99,7,0,0,14:33:5C:6D:AF:58,0,1,ARMED,448.0,0,0,80:02:9C:61:97:4B,1,64,1378.3,EC:75:0C:53:67:7F,7,1,ARP_SPOOF,2026-08-24T16:00:53.173294
45917,,-56,41,0,1901,65384,29260,3102934,0,99,7,0,0,14:33:5C:6D:AF:58,0,1,ARMED,448.0,0,0,80:02:9C:61:97:4B,1,114,1572.2,EC:75:0C:53:67:7F,7,1,ARP_SPOOF,2026-08-24T16:00:53.199294
45917,,-57,39,0,1924,65384,29260,3102995,0,99,7,0,0,14:33:5C:6D:AF:58,1,1,ARMED,448.0,0,0,80:02:9C:61:97:4B,1,36,1069.7,EC:75:0C:53:67:7F,7,1,ARP_SPOOF,2026-08-24T16:00:53.260294
45917,,-58,38,0,1932,65384,29260,3103047,0,99,7,0,0,14:33:5C:6D:AF:58,1,1,ARMED,448.0,0,0,80:02:9C:61:97:4B,1,86,1012.0,EC:75:0C:53:67:7F,7,1,ARP_SPOOF,2026-08-24T16:00:53.312294
45917,,-58,38,0,1961,65384,29260,3103099,0,99,7,0,0,14:33:5C:6D:AF:58,1,1,ARMED,448.0,0,0,80:02:9C:61:97:4B,1,49,1350.2,EC:75:0C:53:67:7F,7,1,ARP_SPOOF,2026-08-24T16:00:53.364294
45917,,-58,38,0,2007,64740,29260,3103119,0,99,7,0,0,14:33:5C:6D:AF:58,1,1,ARMED,448.0,0,0,80:02:9C:61:97:4B,1,99,1772.8,EC:75:0C:53:67:7F,7,1,ARP_SPOOF,2026-08-24T16:00:53.384294
45917,,-58,38,0,2029,65384,29260,3103178,0,99,7,0,0,14:33:5C:6D:AF:58,0,1,ARMED,448.0,0,0,80:02:9C:61:97:4B,1,26,2187.3,EC:75:0C:53:67:7F,7,1,ARP_SPOOF,2026-08-24T16:00:53.443294
45917,,-58,38,0,2049,65384,29260,3103203,0,99,7,0,0,14:33:5C:6D:AF:58,0,1,ARMED,448.0,0,0,80:02:9C:61:97:4B,1,76,2088.1,EC:75:0C:53:67:7F,7,1,ARP_SPOOF,2026-08-24T16:00:53.468294
45917,,-57,39,0,2087,65384,29260,3103251,0,99,7,0,0,14:33:5C:6D:AF:58,0,1,ARMED,448.0,0,0,80:02:9C:61:97:4B,1,126,1493.5,EC:75:0C:53:67:7F,7,1,ARP_SPOOF,2026-08-24T16:00:53.516294
45917,,-58,38,0,2131,62480,29260,3103282,0,99,7,0,0,14:33:5C:6D:AF:58,0,1,ARMED,448.0,0,0,80:02:9C:61:97:4B,1,31,2382.6,EC:75:0C:53:67:7F,7,1,ARP_SPOOF,2026-08-24T16:00:53.547294
45917,,-73,23,453,2961,65384,29260,3103323,0,99,7,0,0,14:33:5C:6D:AF:58,0,1,ARMED,448.0,0,0,80:02:9C:61:97:4B,1,81,1517.8,EC:75:0C:53:67:7F,7,1,ARP_SPOOF,2026-08-24T16:00:53.588294
45917,,-58,38,1052,2179,65384,29260,3103386,0,99,7,0,0,14:33:5C:6D:AF:58,0,1,ARMED,448.0,0,0,80:02:9C:61:97:4B,1,8,590.4,EC:75:0C:53:67:7F,7,1,ARP_SPOOF,2026-08-24T16:00:53.651294
45917,,-58,38,5946,2200,65384,29260,3103462,0,99,7,0,0,14:33:5C:6D:AF:58,0,1,ARMED,448.0,0,1,80:02:9C:61:97:4B,1,58,648.7,EC:75:0C:53:67:7F,7,1,ARP_SPOOF,2026-08-24T16:00:53.727294
45917,,-72,24,29813,3009,65384,29260,3103539,0,99,7,0,0,14:33:5C:6D:AF:58,0,1,ARMED,448.0,0,1,80:02:9C:61:97:4B,1,45,687.6,EC:75:0C:53:67:7F,7,1,ARP_SPOOF,2026-08-24T16:00:53.804294
45917,,-58,38,0,2241,65384,29260,3103605,0,99,7,0,0,14:33:5C:6D:AF:58,0,1,ARMED,448.0,0,0,80:02:9C:61:97:4B,1,11,367.3,EC:75:0C:53:67:7F,7,1,ARP_SPOOF,2026-08-24T16:00:53.870294
45917,,-58,38,0,2256,64740,29260,3103635,0,99,7,0,0,14:33:5C:6D:AF:58,0,1,ARMED,448.0,0,0,80:02:9C:61:97:4B,1,61,1022.7,EC:75:0C:53:67:7F,7,1,ARP_SPOOF,2026-08-24T16:00:53.900294
45917,,-58,38,0,2275,65384,29260,3103676,0,99,7,0,0,14:33:5C:6D:AF:58,0,1,ARMED,448.0,0,0,80:02:9C:61:97:4B,1,111,1103.8,EC:75:0C:53:67:7F,7,1,ARP_SPOOF,2026-08-24T16:00:53.941294
45917,,-58,38,0,2275,65384,29260,3103676,0,99,7,0,0,14:33:5C:6D:AF:58,0,1,ARMED,448.0,0,0,80:02:9C:61:97:4B,1,111,1103.8,EC:75:0C:53:67:7F,7,1,ARP_SPOOF,2026-08-24T16:00:53.941294
45917,,-58,38,0,2313,65384,29260,3103730,0,99,7,0,0,14:33:5C:6D:AF:58,0,1,ARMED,448.0,0,0,80:02:9C:61:97:4B,1,50,911.0,EC:75:0C:53:67:7F,7,1,ARP_SPOOF,2026-08-24T16:00:53.995294
45917,,-58,38,0,2351,65384,29260,3103761,0,99,7,0,0,14:33:5C:6D:AF:58,0,1,ARMED,448.0,0,0,80:02:9C:61:97:4B,1,100,1163.5,EC:75:0C:53:67:7F,7,1,ARP_SPOOF,2026-08-24T16:00:54.026294
45917,,-58,38,0,2374,65384,29260,3103810,0,99,7,0,0,14:33:5C:6D:AF:58,0,1,ARMED,448.0,0,0,80:02:9C:61:97:4B,1,42,1402.0,EC:75:0C:53:67:7F,7,1,ARP_SPOOF,2026-08-24T16:00:54.075294
45917,BEACON,-96,0,2393,2456,65384,29260,3103841,0,99,7,0,0,14:33:5C:6D:AF:58,0,1,ARMED,448.0,0,1,80:02:9C:61:97:4B,1,92,1491.5,EC:75:0C:53:67:7F,7,1,ARP_SPOOF,2026-08-24T16:00:54.106294
45917,,-72,24,4035,3137,65384,29260,3103871,0,99,7,0,0,14:33:5C:6D:AF:58,0,1,ARMED,448.0,0,1,80:02:9C:61:97:4B,1,142,1557.6,EC:75:0C:53:67:7F,7,1,ARP_SPOOF,2026-08-24T16:00:54.136294
45917,,-58,38,519,2457,65384,29260,3103928,0,99,7,0,0,14:33:5C:6D:AF:58,0,1,ARMED,448.0,0,0,80:02:9C:61:97:4B,1,49,1544.0,EC:75:0C:53:67:7F,7,1,ARP_SPOOF,2026-08-24T16:00:54.193294
45917,,-73,23,4784,3168,65368,29260,3103948,0,99,7,0,0,14:33:5C:6D:AF:58,0,1,ARMED,448.0,0,1,80:02:9C:61:97:4B,1,99,1887.7,EC:75:0C:53:67:7F,7,1,ARP_SPOOF,2026-08-24T16:00:54.213294
45917,,-58,38,19796,2527,65384,29260,3104002,0,99,7,0,0,14:33:5C:6D:AF:58,0,1,ARMED,448.0,0,1,80:02:9C:61:97:4B,1,2,585.8,EC:75:0C:53:67:7F,7,1,ARP_SPOOF,2026-08-24T16:00:54.267294
45917,,-58,38,0,2555,65384,29260,3104054,0,99,7,0,0,14:33:5C:6D:AF:58,0,1,ARMED,448.0,0,0,80:02:9C:61:97:4B,1,52,948.6,EC:75:0C:53:67:7F,7,1,ARP_SPOOF,2026-08-24T16:00:54.319294
45917,,-72,24,706,3247,65384,29260,3104073,0,99,7,0,0,14:33:5C:6D:AF:58,0,1,ARMED,448.0,0,0,80:02:9C:61:97:4B,1,102,1371.5,EC:75:0C:53:67:7F,7,1,ARP_SPOOF,2026-08-24T16:00:54.338294
45917,,-58,38,950,2607,65368,29260,3104123,0,99,7,0,0,14:33:5C:6D:AF:58,0,1,ARMED,448.0,0,1,80:02:9C:61:97:4B,1,29,1644.6,EC:75:0C:53:67:7F,7,1,ARP_SPOOF,2026-08-24T16:00:54.388294
45917,,-73,23,216,994,65384,29260,3104168,0,99,7,0,0,14:33:5C:6D:AF:58,0,1,ARMED,448.0,0,1,80:02:9C:61:97:4B,1,79,1249.8,EC:75:0C:53:67:7F,7,1,ARP_SPOOF,2026-08-24T16:00:54.433294
45917,,-58,38,0,2645,65384,29260,3104223,0,99,7,0,0,14:33:5C:6D:AF:58,1,1,ARMED,448.0,0,0,80:02:9C:61:97:4B,1,37,2981.2,EC:75:0C:53:67:7F,7,1,ARP_SPOOF,2026-08-24T16:00:54.488294
45917,,-58,38,0,2666,65384,29260,3104245,0,99,7,0,0,14:33:5C:6D:AF:58,1,1,ARMED,448.0,0,0,80:02:9C:61:97:4B,1,87,2579.1,EC:75:0C:53:67:7F,7,1,ARP_SPOOF,2026-08-24T16:00:54.510294
45917,,-58,38,0,2678,65384,29260,3104305,0,99,7,0,0,14:33:5C:6D:AF:58,1,1,ARMED,448.0,0,0,80:02:9C:61:97:4B,1,137,1455.6,EC:75:0C:53:67:7F,7,1,ARP_SPOOF,2026-08-24T16:00:54.570294
45917,,-58,38,0,2710,65384,29260,3104347,0,99,7,0,0,14:33:5C:6D:AF:58,1,1,ARMED,448.0,0,0,80:02:9C:61:97:4B,1,49,3009.8,EC:75:0C:53:67:7F,7,1,ARP_SPOOF,2026-08-24T16:00:54.612294
45917,,-58,38,0,2717,65384,29260,3104364,0,99,7,0,0,14:33:5C:6D:AF:58,1,1,ARMED,448.0,0,0,80:02:9C:61:97:4B,1,99,2959.9,EC:75:0C:53:67:7F,7,1,ARP_SPOOF,2026-08-24T16:00:54.629294
45917,BEACON,-84,12,6121,2345,65384,29260,3104490,0,99,7,0,0,14:33:5C:6D:AF:58,0,1,ARMED,448.0,0,1,80:02:9C:61:97:4B,1,13,251.4,EC:75:0C:53:67:7F,7,1,ARP_SPOOF,2026-08-24T16:00:54.755294
45917,BEACON,-95,1,0,2466,65384,29260,3104865,0,99,7,0,0,14:33:5C:6D:AF:58,0,0,ARMED,448.0,0,1,80:02:9C:61:97:4B,1,11,142.7,EC:75:0C:53:67:7F,7,0,NONE,2026-08-24T16:00:55.130294
45917,,-86,10,158,990,65384,29260,3105179,0,99,7,0,0,14:33:5C:6D:AF:58,0,0,ARMED,448.0,0,1,80:02:9C:61:97:4B,1,12,156.4,EC:75:0C:53:67:7F,7,0,NONE,2026-08-24T16:00:55.444294
45917,,-57,39,0,2760,65384,29260,3105358,0,99,7,0,0,14:33:5C:6D:AF:58,0,0,ARMED,448.0,0,0,80:02:9C:61:97:4B,1,30,563.7,EC:75:0C:53:67:7F,7,0,NONE,2026-08-24T16:00:55.623294
45917,,-72,24,0,3403,65384,29260,3105378,0,99,7,0,0,14:33:5C:6D:AF:58,0,0,ARMED,448.0,0,0,80:02:9C:61:97:4B,1,80,1094.8,EC:75:0C:53:67:7F,7,0,NONE,2026-08-24T16:00:55.643294
45917,,-57,39,0,2831,65384,29260,3105389,0,99,7,0,0,14:33:5C:6D:AF:58,0,0,ARMED,448.0,0,0,80:02:9C:61:97:4B,1,130,1542.5,EC:75:0C:53:67:7F,7,0,NONE,2026-08-24T16:00:55.654294
45917,,-57,39,123,2841,65384,29260,3105429,0,99,7,0,0,14:33:5C:6D:AF:58,0,1,ARMED,448.0,0,0,80:02:9C:61:97:4B,1,49,2027.8,EC:75:0C:53:67:7F,7,0,NONE,2026-08-24T16:00:55.694294
45917,MGMT_OTHER,-86,10,934,571,65384,29260,3105474,0,99,7,0,0,14:33:5C:6D:AF:58,0,1,ARMED,448.0,0,1,80:02:9C:61:97:4B,1,99,1432.2,EC:75:0C:53:67:7F,7,0,NONE,2026-08-24T16:00:55.739294
45917,,-57,39,0,2881,65384,29260,3105508,0,99,7,0,0,14:33:5C:6D:AF:58,0,1,ARMED,448.0,0,0,80:02:9C:61:97:4B,1,10,3134.8,EC:75:0C:53:67:7F,7,0,NONE,2026-08-24T16:00:55.773294
45917,,-36,60,8021,1048,65384,29260,3105623,0,99,7,0,0,14:33:5C:6D:AF:58,0,1,ARMED,448.0,0,0,80:02:9C:61:97:4B,1,5,314.0,EC:75:0C:53:67:7F,7,0,NONE,2026-08-24T16:00:55.888294
45917,,-74,22,20702,2725,65384,29260,3106005,0,99,7,0,0,14:33:5C:6D:AF:58,0,0,ARMED,448.0,0,1,80:02:9C:61:97:4B,1,11,128.3,EC:75:0C:53:67:7F,7,0,NONE,2026-08-24T16:00:56.270294
45917,,-73,23,14636,1901,65384,29260,3106315,0,99,7,0,0,14:33:5C:6D:AF:58,0,0,ARMED,448.0,0,1,80:02:9C:61:97:4B,1,12,139.1,EC:75:0C:53:67:7F,7,0,NONE,2026-08-24T16:00:56.580294
45917,,-56,40,0,2907,63740,29260,3106359,0,99,7,0,0,14:33:5C:6D:AF:58,0,0,ARMED,448.0,0,0,80:02:9C:61:97:4B,1,49,1771.9,EC:75:0C:53:67:7F,7,0,NONE,2026-08-24T16:00:56.624294
45917,MGMT_OTHER,61,61,0,3510,65384,29260,3106455,0,99,7,0,0,14:33:5C:6D:AF:58,0,1,ARMED,448.0,0,0,80:02:9C:61:97:4B,1,8,353.5,EC:75:0C:53:67:7F,7,0,NONE,2026-08-24T16:00:56.720294
45917,PROBE_RESP,-68,28,0,765,65384,29260,3106542,0,99,7,0,0,14:33:5C:6D:AF:58,0,1,ARMED,448.0,0,1,80:02:9C:61:97:4B,1,5,781.9,EC:75:0C:53:67:7F,7,0,NONE,2026-08-24T16:00:56.807294
45917,,-73,23,16484,408,65384,29260,3106718,0,99,7,0,0,14:33:5C:6D:AF:58,1,1,ARMED,448.0,0,1,80:02:9C:61:97:4B,1,26,316.4,EC:75:0C:53:67:7F,7,0,NONE,2026-08-24T16:00:56.983294
45917,,-35,61,238,1080,65384,29260,3106957,0,99,7,0,0,14:33:5C:6D:AF:58,0,0,ARMED,448.0,0,0,80:02:9C:61:97:4B,1,8,580.9,EC:75:0C:53:67:7F,7,0,NONE,2026-08-24T16:00:57.222294
45917,,-73,23,0,2464,65384,29260,3107225,0,99,7,0,0,14:33:5C:6D:AF:58,0,0,ARMED,448.0,0,1,80:02:9C:61:97:4B,1,15,194.3,EC:75:0C:53:67:7F,7,0,NONE,2026-08-24T16:00:57.490294
45917,,-75,21,0,783,65384,29260,3107338,0,99,7,0,0,14:33:5C:6D:AF:58,0,0,ARMED,448.0,0,0,80:02:9C:61:97:4B,1,49,559.7,EC:75:0C:53:67:7F,7,0,NONE,2026-08-24T16:00:57.603294
45917,,-58,38,0,2915,65384,29260,3107386,0,99,7,0,0,14:33:5C:6D:AF:58,1,1,ARMED,448.0,0,0,80:02:9C:61:97:4B,1,40,1243.4,EC:75:0C:53:67:7F,7,0,NONE,2026-08-24T16:00:57.651294
45917,,-58,38,0,2950,62280,29260,3107407,0,99,7,0,0,14:33:5C:6D:AF:58,1,1,ARMED,448.0,0,0,80:02:9C:61:97:4B,1,90,1676.6,EC:75:0C:53:67:7F,7,0,NONE,2026-08-24T16:00:57.672294
45917,,-74,22,0,3563,65384,29260,3107431,0,99,7,0,0,14:33:5C:6D:AF:58,1,1,ARMED,448.0,0,0,80:02:9C:61:97:4B,1,140,1812.0,EC:75:0C:53:67:7F,7,0,NONE,2026-08-24T16:00:57.696294
45917,,-58,38,0,3036,65384,29260,3107460,0,99,7,0,0,14:33:5C:6D:AF:58,1,1,ARMED,448.0,0,0,80:02:9C:61:97:4B,1,2,378.6,EC:75:0C:53:67:7F,7,0,NONE,2026-08-24T16:00:57.725294
45917,,-58,38,0,3054,64740,29260,3107466,0,99,7,0,0,14:33:5C:6D:AF:58,1,1,ARMED,448.0,0,0,80:02:9C:61:97:4B,1,52,4644.1,EC:75:0C:53:67:7F,7,0,NONE,2026-08-24T16:00:57.731294
45917,,-72,24,0,3613,65024,29260,3107521,0,99,7,0,0,14:33:5C:6D:AF:58,1,1,ARMED,448.0,0,0,80:02:9C:61:97:4B,1,102,1545.7,EC:75:0C:53:67:7F,7,0,NONE,2026-08-24T16:00:57.786294
45917,,-73,23,0,790,65384,29260,3107554,0,99,7,0,0,14:33:5C:6D:AF:58,1,1,ARMED,448.0,0,0,80:02:9C:61:97:4B,1,152,1536.5,EC:75:0C:53:67:7F,7,0,NONE,2026-08-24T16:00:57.819294
45917,,-58,38,354,3125,65384,29260,3107619,0,99,7,0,0,14:33:5C:6D:AF:58,0,1,ARMED,448.0,0,0,80:02:9C:61:97:4B,1,49,1040.4,EC:75:0C:53:67:7F,7,0,NONE,2026-08-24T16:00:57.884294
45917,,-73,23,399,1502,65384,29260,3107714,0,99,7,0,0,14:33:5C:6D:AF:58,0,1,ARMED,448.0,0,1,80:02:9C:61:97:4B,1,32,827.1,EC:75:0C:53:67:7F,7,0,NONE,2026-08-24T16:00:57.979294
45917,,-72,24,50,0,65384,29260,3107759,0,99,7,0,0,14:33:5C:6D:AF:58,0,1,ARMED,448.0,0,0,80:02:9C:61:97:4B,1,82,981.3,EC:75:0C:53:67:7F,7,0,NONE,2026-08-24T16:00:58.024294
45917,,-73,23,2064,3824,65384,29260,3107819,0,99,7,0,0,14:33:5C:6D:AF:58,0,1,ARMED,448.0,0,1,80:02:9C:61:97:4B,1,35,859.1,EC:75:0C:53:67:7F,7,0,NONE,2026-08-24T16:00:58.084294
45917,,-71,25,0,3733,65204,29260,3107895,0,99,7,0,0,14:33:5C:6D:AF:58,0,1,ARMED,448.0,0,0,80:02:9C:61:97:4B,1,34,2241.1,EC:75:0C:53:67:7F,7,0,NONE,2026-08-24T16:00:58.160294
45917,,-71,25,0,3763,65384,29260,3107933,0,99,7,0,0,14:33:5C:6D:AF:58,0,1,ARMED,448.0,0,0,80:02:9C:61:97:4B,1,84,1591.9,EC:75:0C:53:67:7F,7,0,NONE,2026-08-24T16:00:58.198294
45917,,-58,38,0,3272,65384,29260,3107975,0,99,7,0,0,14:33:5C:6D:AF:58,0,1,ARMED,448.0,0,0,80:02:9C:61:97:4B,1,134,1403.3,EC:75:0C:53:67:7F,7,0,NONE,2026-08-24T16:00:58.240294
45917,,-58,38,627,3292,65384,29260,3108019,0,99,7,0,0,14:33:5C:6D:AF:58,0,1,ARMED,448.0,0,1,80:02:9C:61:97:4B,1,45,1259.1,EC:75:0C:53:67:7F,7,0,NONE,2026-08-24T16:00:58.284294
45917,BEACON,-76,20,106,1108,65384,29260,3108080,0,99,7,0,0,14:33:5C:6D:AF:58,0,1,ARMED,448.0,0,1,80:02:9C:61:97:4B,1,95,973.9,EC:75:0C:53:67:7F,7,0,NONE,2026-08-24T16:00:58.345294
45917,BEACON,-74,22,82,802,65384,29260,3108276,0,99,7,0,0,14:33:5C:6D:AF:58,0,0,ARMED,448.0,0,1,80:02:9C:61:97:4B,1,26,291.2,EC:75:0C:53:67:7F,7,0,NONE,2026-08-24T16:00:58.541294
45917,BEACON,-91,5,269,1040,65384,29260,3108581,0,99,7,0,0,14:33:5C:6D:AF:58,0,0,ARMED,448.0,0,1,80:02:9C:61:97:4B,1,10,197.9,EC:75:0C:53:67:7F,7,0,NONE,2026-08-24T16:00:58.846294
45917,,-35,61,6731,1109,65384,29260,3108789,0,99,7,0,0,14:33:5C:6D:AF:58,0,0,ARMED,448.0,0,1,80:02:9C:61:97:4B,1,12,235.3,EC:75:0C:53:67:7F,7,0,NONE,2026-08-24T16:00:59.054294
45917,MGMT_OTHER,38,38,0,1023,65384,29260,3109242,0,99,7,0,0,14:33:5C:6D:AF:58,0,0,ARMED,448.0,0,1,80:02:9C:61:97:4B,1,6,129.8,EC:75:0C:53:67:7F,7,0,NONE,2026-08-24T16:00:59.507294
45917,PROBE_RESP,-76,20,58,402,65384,29260,3109359,0,99,7,0,0,14:33:5C:6D:AF:58,0,0,ARMED,448.0,0,1,80:02:9C:61:97:4B,1,29,523.0,EC:75:0C:53:67:7F,7,0,NONE,2026-08-24T16:00:59.624294
45917,MGMT_OTHER,38,38,0,816,65384,29260,3109417,0,99,7,0,0,14:33:5C:6D:AF:58,0,1,ARMED,448.0,0,0,80:02:9C:61:97:4B,1,11,822.0,EC:75:0C:53:67:7F,7,0,NONE,2026-08-24T16:00:59.682294
45917,MGMT_OTHER,38,38,0,1023,65384,29260,3109521,0,99,7,0,0,14:33:5C:6D:AF:58,0,1,ARMED,448.0,0,0,80:02:9C:61:97:4B,1,9,575.4,EC:75:0C:53:67:7F,7,0,NONE,2026-08-24T16:00:59.786294
45917,PROBE_RESP,-72,24,0,820,65384,29260,3109667,0,99,7,0,0,14:33:5C:6D:AF:58,0,1,ARMED,448.0,0,0,80:02:9C:61:97:4B,1,17,285.1,EC:75:0C:53:67:7F,7,0,NONE,2026-08-24T16:00:59.932294
45917,BEACON,-76,20,9093,1126,65312,29260,3109822,0,99,7,0,0,14:33:5C:6D:AF:58,0,1,ARMED,448.0,0,1,80:02:9C:61:97:4B,1,2,210.3,EC:75:0C:53:67:7F,7,0,NONE,2026-08-24T16:01:00.087294
45917,AUTH,-95,1,0,1088,65384,29260,3109973,0,99,7,0,0,14:33:5C:6D:AF:58,0,0,ARMED,448.0,0,0,80:02:9C:61:97:4B,1,25,410.8,EC:75:0C:53:67:7F,7,0,NONE,2026-08-24T16:01:00.238294
45917,,-58,38,0,3387,65384,29260,3110243,0,99,7,0,0,14:33:5C:6D:AF:58,0,0,ARMED,448.0,0,0,80:02:9C:61:97:4B,1,16,747.8,EC:75:0C:53:67:7F,7,0,NONE,2026-08-24T16:01:00.508294
45917,,-58,38,0,3398,62016,29260,3110358,0,99,7,0,0,14:33:5C:6D:AF:58,0,1,ARMED,448.0,0,0,80:02:9C:61:97:4B,1,16,442.2,EC:75:0C:53:67:7F,7,0,NONE,2026-08-24T16:01:00.623294
45917,,-58,38,0,3398,62016,29260,3110358,0,99,7,0,0,14:33:5C:6D:AF:58,0,1,ARMED,448.0,0,0,80:02:9C:61:97:4B,1,16,442.2,EC:75:0C:53:67:7F,7,0,NONE,2026-08-24T16:01:00.623294
45917,,-71,25,0,3898,65384,29260,3110401,0,99,7,0,0,14:33:5C:6D:AF:58,0,1,ARMED,448.0,0,0,80:02:9C:61:97:4B,1,66,841.9,EC:75:0C:53:67:7F,7,0,NONE,2026-08-24T16:01:00.666294
45917,,-71,25,0,494,65384,29260,3110487,0,99,7,0,0,14:33:5C:6D:AF:58,0,1,ARMED,448.0,0,1,80:02:9C:61:97:4B,1,49,800.2,EC:75:0C:53:67:7F,7,0,NONE,2026-08-24T16:01:00.752294
45917,BEACON,-69,27,0,839,65384,29260,3110734,0,99,7,0,0,14:33:5C:6D:AF:58,0,0,ARMED,448.0,0,1,80:02:9C:61:97:4B,1,1,472.1,EC:75:0C:53:67:7F,7,0,NONE,2026-08-24T16:01:00.999294
45917,MGMT_OTHER,38,38,0,1023,65384,29260,3111157,0,99,7,0,0,14:33:5C:6D:AF:58,0,0,ARMED,448.0,0,1,80:02:9C:61:97:4B,1,6,381.7,EC:75:0C:53:67:7F,7,0,NONE,2026-08-24T16:01:01.422294
45917,BEACON,-69,27,0,847,65384,29260,3111455,0,99,7,0,0,14:33:5C:6D:AF:58,0,0,ARMED,448.0,0,1,80:02:9C:61:97:4B,1,1,476.2,EC:75:0C:53:67:7F,7,0,NONE,2026-08-24T16:01:01.720294
45917,BEACON,-94,2,35406,2534,65384,29260,3111828,0,99,7,0,0,14:33:5C:6D:AF:58,0,0,ARMED,448.0,0,1,80:02:9C:61:97:4B,1,4,55.1,EC:75:0C:53:67:7F,7,0,NONE,2026-08-24T16:01:02.093294
45917,MGMT_OTHER,40,40,0,1023,65384,29260,3112396,0,99,7,0,0,14:33:5C:6D:AF:58,0,0,ARMED,448.0,0,0,80:02:9C:61:97:4B,1,10,388.8,EC:75:0C:53:67:7F,7,0,NONE,2026-08-24T16:01:02.661294
45917,MGMT_OTHER,41,41,0,1023,65384,29260,3112460,0,99,7,0,0,14:33:5C:6D:AF:58,0,0,ARMED,448.0,0,0,80:02:9C:61:97:4B,1,60,671.6,EC:75:0C:53:67:7F,7,0,NONE,2026-08-24T16:01:02.725294
45917,MGMT_OTHER,39,39,0,1023,65384,29260,3112523,0,99,7,0,0,14:33:5C:6D:AF:58,0,1,ARMED,448.0,0,0,80:02:9C:61:97:4B,1,46,967.6,EC:75:0C:53:67:7F,7,0,NONE,2026-08-24T16:01:02.788294
45917,BEACON,-96,0,82,2543,65384,29260,3112750,0,99,7,0,0,14:33:5C:6D:AF:58,0,0,ARMED,448.0,0,1,80:02:9C:61:97:4B,1,29,399.1,EC:75:0C:53:67:7F,7,0,NONE,2026-08-24T16:01:03.015294
45917,,-57,39,1372,3421,65384,29260,3113104,0,99,7,0,0,14:33:5C:6D:AF:58,0,0,ARMED,448.0,0,1,80:02:9C:61:97:4B,1,14,1406.6,EC:75:0C:53:67:7F,7,0,NONE,2026-08-24T16:01:03.369294
45917,,-34,62,238,1209,65384,29260,3113409,0,99,7,0,0,14:33:5C:6D:AF:58,0,0,ARMED,448.0,0,0,80:02:9C:61:97:4B,1,9,2271.0,EC:75:0C:53:67:7F,7,0,NONE,2026-08-24T16:01:03.674294
45917,MGMT_OTHER,-66,30,0,878,65384,29260,3114080,0,99,7,0,0,14:33:5C:6D:AF:58,0,0,ARMED,448.0,0,0,80:02:9C:61:97:4B,1,1,13.6,EC:75:0C:53:67:7F,7,0,NONE,2026-08-24T16:01:04.345294
45917,,-69,27,0,2487,65384,29260,3114434,0,99,7,0,0,14:33:5C:6D:AF:58,0,0,ARMED,448.0,0,1,80:02:9C:61:97:4B,1,8,110.9,EC:75:0C:53:67:7F,7,0,NONE,2026-08-24T16:01:04.699294
45917,MGMT_OTHER,-87,9,0,663,65384,29260,3114890,0,99,7,0,0,14:33:5C:6D:AF:58,0,0,ARMED,448.0,0,1,80:02:9C:61:97:4B,1,8,132.6,EC:75:0C:53:67:7F,7,0,NONE,2026-08-24T16:01:05.155294
45917,,-72,24,13820,534,65384,29260,3115433,0,99,7,0,0,14:33:5C:6D:AF:58,0,0,ARMED,448.0,0,1,80:02:9C:61:97:4B,1,18,197.4,EC:75:0C:53:67:7F,7,0,NONE,2026-08-24T16:01:05.698294
45917,,-40,56,0,1221,64740,29260,3115466,0,99,7,0,0,14:33:5C:6D:AF:58,0,1,ARMED,448.0,0,1,80:02:9C:61:97:4B,1,30,1224.9,EC:75:0C:53:67:7F,7,0,NONE,2026-08-24T16:01:05.731294
45917,MGMT_OTHER,39,39,0,1023,65384,29260,3115495,0,99,7,0,0,14:33:5C:6D:AF:58,0,1,ARMED,448.0,0,0,80:02:9C:61:97:4B,1,80,1507.2,EC:75:0C:53:67:7F,7,0,NONE,2026-08-24T16:01:05.760294
45917,,-92,4,8896,1894,65384,29260,3115593,0,99,7,0,0,14:33:5C:6D:AF:58,0,1,ARMED,448.0,0,1,80:02:9C:61:97:4B,1,34,738.2,EC:75:0C:53:67:7F,7,0,NONE,2026-08-24T16:01:05.858294
45917,,-57,39,22949,6,65384,29260,3116123,0,99,7,0,0,14:33:5C:6D:AF:58,0,0,ARMED,448.0,0,0,80:02:9C:61:97:4B,1,7,108.4,EC:75:0C:53:67:7F,7,0,NONE,2026-08-24T16:01:06.388294
45917,BEACON,-76,20,0,3375,65384,29260,3116481,0,99,7,0,0,14:33:5C:6D:AF:58,0,0,ARMED,448.0,0,1,80:02:9C:61:97:4B,1,4,299.2,EC:75:0C:53:67:7F,7,0,NONE,2026-08-24T16:01:06.746294
45917,MGMT_OTHER,38,38,0,1023,65384,29260,3116767,0,99,7,0,0,14:33:5C:6D:AF:58,0,0,ARMED,448.0,0,1,80:02:9C:61:97:4B,1,22,232.9,EC:75:0C:53:67:7F,7,0,NONE,2026-08-24T16:01:07.032294
45917,,-92,4,11052,1205,65384,29260,3117238,0,99,7,0,0,14:33:5C:6D:AF:58,0,0,ARMED,448.0,0,1,80:02:9C:61:97:4B,1,8,150.8,EC:75:0C:53:67:7F,7,0,NONE,2026-08-24T16:01:07.503294
45917,,-76,20,0,533,65384,29260,3117707,0,99,7,0,0,14:33:5C:6D:AF:58,0,0,ARMED,448.0,0,1,80:02:9C:61:97:4B,1,3,307.6,EC:75:0C:53:67:7F,7,0,NONE,2026-08-24T16:01:07.972294
45917,,-70,26,257,550,65384,29260,3117903,0,99,7,0,0,14:33:5C:6D:AF:58,0,0,ARMED,448.0,0,0,80:02:9C:61:97:4B,1,2,1511.7,EC:75:0C:53:67:7F,7,0,NONE,2026-08-24T16:01:08.168294
45917,,-86,10,364,2022,65384,29260,3118556,0,99,7,0,0,14:33:5C:6D:AF:58,0,0,ARMED,448.0,0,1,80:02:9C:61:97:4B,1,4,100.6,EC:75:0C:53:67:7F,7,0,NONE,2026-08-24T16:01:08.821294
45917,,-71,25,0,3948,65384,29260,3119105,0,99,7,0,0,14:33:5C:6D:AF:58,0,0,ARMED,448.0,0,0,80:02:9C:61:97:4B,1,12,156.6,EC:75:0C:53:67:7F,7,0,NONE,2026-08-24T16:01:09.370294
45917,MGMT_OTHER,39,39,0,1023,65384,29260,3119247,0,99,7,0,0,14:33:5C:6D:AF:58,0,1,ARMED,448.0,0,0,80:02:9C:61:97:4B,1,14,861.3,EC:75:0C:53:67:7F,7,0,NONE,2026-08-24T16:01:09.512294
45917,MGMT_OTHER,39,39,0,1023,65384,29260,3119486,0,99,7,0,0,14:33:5C:6D:AF:58,0,0,ARMED,448.0,0,0,80:02:9C:61:97:4B,1,15,321.9,EC:75:0C:53:67:7F,7,0,NONE,2026-08-24T16:01:09.751294
45917,,-70,26,13568,559,65384,29260,3119785,0,99,7,0,0,14:33:5C:6D:AF:58,0,0,ARMED,448.0,0,1,80:02:9C:61:97:4B,1,11,273.5,EC:75:0C:53:67:7F,7,0,NONE,2026-08-24T16:01:10.050294
45917,BEACON,-76,20,0,1228,65384,29260,3120164,0,99,7,0,0,14:33:5C:6D:AF:58,0,0,ARMED,448.0,0,1,80:02:9C:61:97:4B,1,9,989.0,EC:75:0C:53:67:7F,7,0,NONE,2026-08-24T16:01:10.429294
45917,,-34,62,15904,1297,65384,29260,3120384,0,99,7,0,0,14:33:5C:6D:AF:58,0,1,ARMED,448.0,0,1,80:02:9C:61:97:4B,1,5,198.2,EC:75:0C:53:67:7F,7,0,NONE,2026-08-24T16:01:10.649294
45917,BEACON,-76,20,0,1234,65384,29260,3120779,0,99,7,0,0,14:33:5C:6D:AF:58,0,0,ARMED,448.0,0,1,80:02:9C:61:97:4B,1,10,1015.3,EC:75:0C:53:67:7F,7,0,NONE,2026-08-24T16:01:11.044294
45917,BEACON,-65,31,26581,974,65384,29260,3121281,0,99,7,0,0,14:33:5C:6D:AF:58,0,0,ARMED,448.0,0,1,80:02:9C:61:97:4B,1,10,97.6,EC:75:0C:53:67:7F,7,0,NONE,2026-08-24T16:01:11.546294
45917,MGMT_OTHER,-86,10,10739,731,65384,29260,3121916,0,99,7,0,0,14:33:5C:6D:AF:58,0,0,ARMED,448.0,0,1,80:02:9C:61:97:4B,1,3,147.9,EC:75:0C:53:67:7F,7,0,NONE,2026-08-24T16:01:12.181294
45917,,-72,24,476,3972,65384,29260,3122603,0,99,7,0,0,14:33:5C:6D:AF:58,0,0,ARMED,448.0,0,0,80:02:9C:61:97:4B,1,8,85.3,EC:75:0C:53:67:7F,7,0,NONE,2026-08-24T16:01:12.868294
45917,,-69,27,750,3981,65384,29260,3122690,0,99,7,0,0,14:33:5C:6D:AF:58,0,0,ARMED,448.0,0,0,80:02:9C:61:97:4B,1,43,549.8,EC:75:0C:53:67:7F,7,0,NONE,2026-08-24T16:01:12.955294
45917,PROBE_REQ,-66,30,0,11,65384,29260,3123140,0,99,7,0,0,14:33:5C:6D:AF:58,0,0,ARMED,448.0,0,0,80:02:9C:61:97:4B,1,9,563.5,EC:75:0C:53:67:7F,7,0,NONE,2026-08-24T16:01:13.405294
45917,BEACON,-63,33,0,1013,65384,29260,3123841,0,99,7,0,0,14:33:5C:6D:AF:58,0,0,ARMED,448.0,0,1,80:02:9C:61:97:4B,1,4,39.1,EC:75:0C:53:67:7F,7,0,NONE,2026-08-24T16:01:14.106294
45917,BEACON,-76,20,0,1271,65384,29260,3124464,0,99,7,0,0,14:33:5C:6D:AF:58,0,0,ARMED,448.0,0,1,80:02:9C:61:97:4B,1,3,328.9,EC:75:0C:53:67:7F,7,0,NONE,2026-08-24T16:01:14.729294
45917,,-93,3,82,2131,65384,29260,3124777,0,99,7,0,0,14:33:5C:6D:AF:58,0,0,ARMED,448.0,0,1,80:02:9C:61:97:4B,1,5,344.5,EC:75:0C:53:67:7F,7,0,NONE,2026-08-24T16:01:15.042294
45917,,-57,39,1239,3480,65384,29260,3125404,0,99,7,0,0,14:33:5C:6D:AF:58,0,0,ARMED,448.0,0,0,80:02:9C:61:97:4B,1,5,184.5,EC:75:0C:53:67:7F,7,0,NONE,2026-08-24T16:01:15.669294
45917,MGMT_OTHER,60,60,0,1023,65368,29260,3125616,0,99,7,0,0,14:33:5C:6D:AF:58,0,0,ARMED,448.0,0,1,80:02:9C:61:97:4B,1,12,349.3,EC:75:0C:53:67:7F,7,0,NONE,2026-08-24T16:01:15.881294
45917,,-35,61,229,1320,65384,29260,3126106,0,99,7,0,0,14:33:5C:6D:AF:58,0,0,ARMED,448.0,0,0,80:02:9C:61:97:4B,1,3,240.6,EC:75:0C:53:67:7F,7,0,NONE,2026-08-24T16:01:16.371294
45917,,-91,5,21168,3824,65384,29260,3126545,0,99,7,0,0,14:33:5C:6D:AF:58,0,0,ARMED,448.0,0,1,80:02:9C:61:97:4B,1,14,328.2,EC:75:0C:53:67:7F,7,0,NONE,2026-08-24T16:01:16.810294
45917,MGMT_OTHER,60,60,0,1023,65384,29260,3126726,0,99,7,0,0,14:33:5C:6D:AF:58,0,1,ARMED,448.0,0,1,80:02:9C:61:97:4B,1,5,282.4,EC:75:0C:53:67:7F,7,0,NONE,2026-08-24T16:01:16.991294
45917,,-89,7,5176,1300,65384,29260,3127332,0,99,7,0,0,14:33:5C:6D:AF:58,0,0,ARMED,448.0,0,0,80:02:9C:61:97:4B,1,3,320.3,EC:75:0C:53:67:7F,7,0,NONE,2026-08-24T16:01:17.597294
45917,BEACON,-76,20,50,1305,65384,29260,3127844,0,99,7,0,0,14:33:5C:6D:AF:58,0,0,ARMED,448.0,0,1,80:02:9C:61:97:4B,1,4,437.5,EC:75:0C:53:67:7F,7,0,NONE,2026-08-24T16:01:18.109294
45917,BEACON,-97,-1,0,2697,65384,29260,3128520,0,99,7,0,0,14:33:5C:6D:AF:58,0,0,ARMED,448.0,0,1,80:02:9C:61:97:4B,1,6,82.6,EC:75:0C:53:67:7F,7,0,NONE,2026-08-24T16:01:18.785294
45917,BEACON,-90,6,0,680,65384,29260,3129170,0,99,7,0,0,14:33:5C:6D:AF:58,0,0,ARMED,448.0,0,1,80:02:9C:61:97:4B,1,1,247.8,EC:75:0C:53:67:7F,7,0,NONE,2026-08-24T16:01:19.435294
45917,MGMT_OTHER,61,61,0,1070,65384,29260,3129351,0,99,7,0,0,14:33:5C:6D:AF:58,0,0,ARMED,448.0,0,0,80:02:9C:61:97:4B,1,42,503.1,EC:75:0C:53:67:7F,7,0,NONE,2026-08-24T16:01:19.616294
45917,BEACON,-91,5,497,2440,65384,29260,3129790,0,99,7,0,0,14:33:5C:6D:AF:58,0,0,ARMED,448.0,0,1,80:02:9C:61:97:4B,1,2,2000.0,EC:75:0C:53:67:7F,7,0,NONE,2026-08-24T16:01:20.055294
45917,,-57,39,21942,3487,65384,29260,3130396,0,99,7,0,0,14:33:5C:6D:AF:58,0,0,ARMED,448.0,0,1,80:02:9C:61:97:4B,1,8,84.4,EC:75:0C:53:67:7F,7,0,NONE,2026-08-24T16:01:20.661294
45917,MGMT_OTHER,60,60,0,1954,65384,29260,3130918,0,99,7,0,0,14:33:5C:6D:AF:58,0,0,ARMED,448.0,0,0,80:02:9C:61:97:4B,1,8,580.7,EC:75:0C:53:67:7F,7,0,NONE,2026-08-24T16:01:21.183294
45917,BEACON,-90,6,9847,2474,65384,29260,3131504,0,99,7,0,0,14:33:5C:6D:AF:58,0,0,ARMED,448.0,0,1,80:02:9C:61:97:4B,1,5,58.5,EC:75:0C:53:67:7F,7,0,NONE,2026-08-24T16:01:21.769294
45917,BEACON,-64,32,0,1096,65384,29260,3131624,0,99,7,0,0,14:33:5C:6D:AF:58,0,1,ARMED,448.0,0,1,80:02:9C:61:97:4B,1,49,471.0,EC:75:0C:53:67:7F,7,0,NONE,2026-08-24T16:01:21.889294
45917,,-35,61,12472,1345,65384,29260,3131899,0,99,7,0,0,14:33:5C:6D:AF:58,0,0,ARMED,448.0,0,1,80:02:9C:61:97:4B,1,18,253.5,EC:75:0C:53:67:7F,7,0,NONE,2026-08-24T16:01:22.164294
45917,BEACON,-93,3,0,2733,65384,29260,3132206,0,99,7,0,0,14:33:5C:6D:AF:58,0,0,ARMED,448.0,0,1,80:02:9C:61:97:4B,1,10,141.2,EC:75:0C:53:67:7F,7,0,NONE,2026-08-24T16:01:22.471294
45917,,-75,21,0,2967,65384,29260,3132558,0,99,7,0,0,14:33:5C:6D:AF:58,0,0,ARMED,448.0,0,0,80:02:9C:61:97:4B,1,5,392.4,EC:75:0C:53:67:7F,7,0,NONE,2026-08-24T16:01:22.823294
45917,,-34,62,16423,1354,65384,29260,3132753,0,99,7,0,0,14:33:5C:6D:AF:58,0,0,ARMED,448.0,0,1,80:02:9C:61:97:4B,1,1,301.0,EC:75:0C:53:67:7F,7,0,NONE,2026-08-24T16:01:23.018294
45917,,-92,4,59627,684,65384,29260,3133155,0,99,7,0,0,14:33:5C:6D:AF:58,0,0,ARMED,448.0,0,1,80:02:9C:61:97:4B,1,5,50.8,EC:75:0C:53:67:7F,7,0,NONE,2026-08-24T16:01:23.420294
45917,,-91,5,21505,1914,65384,29260,3133708,0,99,7,0,0,14:33:5C:6D:AF:58,0,0,ARMED,448.0,0,1,80:02:9C:61:97:4B,1,9,131.0,EC:75:0C:53:67:7F,7,0,NONE,2026-08-24T16:01:23.973294
45917,,-72,24,1989,2528,65384,29260,3134021,0,99,7,0,0,14:33:5C:6D:AF:58,0,0,ARMED,448.0,0,0,80:02:9C:61:97:4B,1,7,164.1,EC:75:0C:53:67:7F,7,0,NONE,2026-08-24T16:01:24.286294
45917,MGMT_OTHER,39,39,0,1132,65384,29260,3134307,0,99,7,0,0,14:33:5C:6D:AF:58,0,0,ARMED,448.0,0,1,80:02:9C:61:97:4B,1,3,137.7,EC:75:0C:53:67:7F,7,0,NONE,2026-08-24T16:01:24.572294
45917,,-63,33,21421,4,65384,29260,3134630,0,99,7,0,0,14:33:5C:6D:AF:58,0,0,ARMED,448.0,0,1,80:02:9C:61:97:4B,1,6,161.8,EC:75:0C:53:67:7F,7,0,NONE,2026-08-24T16:01:24.895294
45917,BEACON,-76,20,0,3557,65384,29260,3135118,0,99,7,0,0,14:33:5C:6D:AF:58,0,0,ARMED,448.0,0,1,80:02:9C:61:97:4B,1,3,224.7,EC:75:0C:53:67:7F,7,0,NONE,2026-08-24T16:01:25.383294
45917,MGMT_OTHER,38,38,0,0,65384,29260,3135374,0,99,7,0,0,14:33:5C:6D:AF:58,0,0,ARMED,448.0,0,0,80:02:9C:61:97:4B,1,16,249.0,EC:75:0C:53:67:7F,7,0,NONE,2026-08-24T16:01:25.639294
45917,,-47,49,0,1291,65384,29260,3135744,0,99,7,0,0,14:33:5C:6D:AF:58,0,0,ARMED,448.0,0,1,80:02:9C:61:97:4B,1,9,369.1,EC:75:0C:53:67:7F,7,0,NONE,2026-08-24T16:01:26.009294
45917,,-74,22,8138,701,65384,29260,3135918,0,99,7,0,0,14:33:5C:6D:AF:58,1,1,ARMED,448.0,0,1,80:02:9C:61:97:4B,1,20,208.0,EC:75:0C:53:67:7F,7,0,NONE,2026-08-24T16:01:26.183294
45917,MGMT_OTHER,60,60,0,2976,65384,29260,3136851,0,99,7,0,0,14:33:5C:6D:AF:58,0,0,ARMED,448.0,0,0,80:02:9C:61:97:4B,1,9,105.9,EC:75:0C:53:67:7F,7,0,NONE,2026-08-24T16:01:27.116294
45917,MGMT_OTHER,39,39,0,1177,65384,29260,3137087,0,99,7,0,0,14:33:5C:6D:AF:58,1,1,ARMED,448.0,0,0,80:02:9C:61:97:4B,1,8,134.4,EC:75:0C:53:67:7F,7,0,NONE,2026-08-24T16:01:27.352294
45917,MGMT_OTHER,58,58,0,1184,65384,29260,3137666,0,99,7,0,0,14:33:5C:6D:AF:58,0,0,ARMED,448.0,0,0,80:02:9C:61:97:4B,1,3,752.8,EC:75:0C:53:67:7F,7,0,NONE,2026-08-24T16:01:27.931294
45917,BEACON,-76,20,8778,3584,65384,29260,3137883,0,99,7,0,0,14:33:5C:6D:AF:58,0,0,ARMED,448.0,0,1,80:02:9C:61:97:4B,1,3,158.1,EC:75:0C:53:67:7F,7,0,NONE,2026-08-24T16:01:28.148294
45917,,-55,41,12101,3,65384,29260,3138296,0,99,7,0,0,14:33:5C:6D:AF:58,0,0,ARMED,448.0,0,1,80:02:9C:61:97:4B,1,4,240.1,EC:75:0C:53:67:7F,7,0,NONE,2026-08-24T16:01:28.561294
45917,PROBE_RESP,-65,31,0,1203,65384,29260,3138665,0,99,7,0,0,14:33:5C:6D:AF:58,0,0,ARMED,448.0,0,1,80:02:9C:61:97:4B,1,8,102.3,EC:75:0C:53:67:7F,7,0,NONE,2026-08-24T16:01:28.930294
45917,MGMT_OTHER,39,39,0,1209,65384,29260,3139099,0,99,7,0,0,14:33:5C:6D:AF:58,0,0,ARMED,448.0,0,0,80:02:9C:61:97:4B,1,1,1000.0,EC:75:0C:53:67:7F,7,0,NONE,2026-08-24T16:01:29.364294
45917,,-54,42,8865,9,65384,29260,3139596,0,99,7,0,0,14:33:5C:6D:AF:58,0,0,ARMED,448.0,0,0,80:02:9C:61:97:4B,1,10,110.6,EC:75:0C:53:67:7F,7,0,NONE,2026-08-24T16:01:29.861294
45917,MGMT_OTHER,-87,9,20641,2248,65384,29260,3140212,0,99,7,0,0,14:33:5C:6D:AF:58,0,0,ARMED,448.0,0,1,80:02:9C:61:97:4B,1,5,55.9,EC:75:0C:53:67:7F,7,0,NONE,2026-08-24T16:01:30.477294
45917,BEACON,-86,10,0,486,65384,29260,3140596,0,99,7,0,0,14:33:5C:6D:AF:58,0,0,ARMED,448.0,0,1,80:02:9C:61:97:4B,1,19,295.8,EC:75:0C:53:67:7F,7,0,NONE,2026-08-24T16:01:30.861294
45917,MGMT_OTHER,53,53,0,1023,65384,29260,3140788,0,99,7,0,0,14:33:5C:6D:AF:58,0,0,ARMED,448.0,0,0,80:02:9C:61:97:4B,1,15,291.2,EC:75:0C:53:67:7F,7,0,NONE,2026-08-24T16:01:31.053294
45917,BEACON,-75,21,13639,1448,65384,29260,3141258,0,99,7,0,0,14:33:5C:6D:AF:58,0,0,ARMED,448.0,0,1,80:02:9C:61:97:4B,1,2,218.6,EC:75:0C:53:67:7F,7,0,NONE,2026-08-24T16:01:31.523294
45917,BEACON,-94,2,170,3939,65384,29260,3141735,0,99,7,0,0,14:33:5C:6D:AF:58,0,0,ARMED,448.0,0,1,80:02:9C:61:97:4B,1,5,65.3,EC:75:0C:53:67:7F,7,0,NONE,2026-08-24T16:01:32.000294
45917,,-85,11,154,3467,65384,29260,3142394,0,99,7,0,0,14:33:5C:6D:AF:58,0,0,ARMED,448.0,0,1,80:02:9C:61:97:4B,1,4,213.9,EC:75:0C:53:67:7F,7,0,NONE,2026-08-24T16:01:32.659294
45917,BEACON,-76,20,62835,3634,65384,29260,3143003,0,99,7,0,0,14:33:5C:6D:AF:58,0,0,ARMED,448.0,0,1,80:02:9C:61:97:4B,1,2,149.4,EC:75:0C:53:67:7F,7,0,NONE,2026-08-24T16:01:33.268294
45917,BEACON,-76,20,62835,3634,65384,29260,3143003,0,99,7,0,0,14:33:5C:6D:AF:58,0,0,ARMED,448.0,0,1,80:02:9C:61:97:4B,1,2,149.4,EC:75:0C:53:67:7F,7,0,NONE,2026-08-24T16:01:33.268294
45917,,-73,23,694,1835,65384,29260,3143430,0,99,7,0,0,14:33:5C:6D:AF:58,0,0,ARMED,448.0,0,0,80:02:9C:61:97:4B,1,6,194.9,EC:75:0C:53:67:7F,7,0,NONE,2026-08-24T16:01:33.695294
45917,BEACON,-93,3,0,825,65384,29260,3143916,0,99,7,0,0,14:33:5C:6D:AF:58,0,0,ARMED,448.0,0,1,80:02:9C:61:97:4B,1,2,330.3,EC:75:0C:53:67:7F,7,0,NONE,2026-08-24T16:01:34.181294
45917,,-73,23,0,751,65384,29260,3144451,0,99,7,0,0,14:33:5C:6D:AF:58,0,0,ARMED,448.0,0,1,80:02:9C:61:97:4B,1,4,147.4,EC:75:0C:53:67:7F,7,0,NONE,2026-08-24T16:01:34.716294
45917,BEACON,-92,4,16015,1405,65384,29260,3145138,0,99,7,0,0,14:33:5C:6D:AF:58,0,0,ARMED,448.0,0,1,80:02:9C:61:97:4B,1,7,68.3,EC:75:0C:53:67:7F,7,0,NONE,2026-08-24T16:01:35.403294
45917,MGMT_OTHER,39,39,0,1023,65384,29260,3145618,0,99,7,0,0,14:33:5C:6D:AF:58,0,0,ARMED,448.0,0,1,80:02:9C:61:97:4B,1,6,88.0,EC:75:0C:53:67:7F,7,0,NONE,2026-08-24T16:01:35.883294
45917,BEACON,-75,21,0,1496,65384,29260,3146071,0,99,7,0,0,14:33:5C:6D:AF:58,0,0,ARMED,448.0,0,1,80:02:9C:61:97:4B,1,6,58.6,EC:75:0C:53:67:7F,7,0,NONE,2026-08-24T16:01:36.336294
45917,MGMT_OTHER,39,39,0,1296,65384,29260,3146497,0,99,7,0,0,14:33:5C:6D:AF:58,0,0,ARMED,448.0,0,0,80:02:9C:61:97:4B,1,4,236.8,EC:75:0C:53:67:7F,7,0,NONE,2026-08-24T16:01:36.762294
45917,,-35,61,3828,1422,65384,29260,3146944,0,99,7,0,0,14:33:5C:6D:AF:58,0,0,ARMED,448.0,0,0,80:02:9C:61:97:4B,1,5,92.8,EC:75:0C:53:67:7F,7,0,NONE,2026-08-24T16:01:37.209294
45917,BEACON,-65,31,82,1303,65384,29260,3147188,0,99,7,0,0,14:33:5C:6D:AF:58,0,0,ARMED,448.0,0,1,80:02:9C:61:97:4B,1,24,258.2,EC:75:0C:53:67:7F,7,0,NONE,2026-08-24T16:01:37.453294
45917,MGMT_OTHER,-85,11,4917,2320,65384,29260,3147584,0,99,7,0,0,14:33:5C:6D:AF:58,0,0,ARMED,448.0,0,1,80:02:9C:61:97:4B,1,13,1030.9,EC:75:0C:53:67:7F,7,0,NONE,2026-08-24T16:01:37.849294
45917,,-68,28,9646,754,65384,29260,3147883,0,99,7,0,0,14:33:5C:6D:AF:58,0,0,ARMED,448.0,0,1,80:02:9C:61:97:4B,1,18,224.0,EC:75:0C:53:67:7F,7,0,NONE,2026-08-24T16:01:38.148294
45917,BEACON,-91,5,47317,1437,65384,29260,3148313,0,99,7,0,0,14:33:5C:6D:AF:58,0,0,ARMED,448.0,0,1,80:02:9C:61:97:4B,1,8,77.6,EC:75:0C:53:67:7F,7,0,NONE,2026-08-24T16:01:38.578294
45917,MGMT_OTHER,55,55,0,1322,65384,29260,3148960,0,99,7,0,0,14:33:5C:6D:AF:58,0,0,ARMED,448.0,0,1,80:02:9C:61:97:4B,1,6,201.0,EC:75:0C:53:67:7F,7,0,NONE,2026-08-24T16:01:39.225294
45917,MGMT_OTHER,39,39,0,1420,65384,29260,3149310,0,99,7,0,0,14:33:5C:6D:AF:58,0,0,ARMED,448.0,0,0,80:02:9C:61:97:4B,1,13,171.5,EC:75:0C:53:67:7F,7,0,NONE,2026-08-24T16:01:39.575294
45917,MGMT_OTHER,39,39,0,4054,65384,29260,3149637,0,99,7,0,0,14:33:5C:6D:AF:58,0,0,ARMED,448.0,0,0,80:02:9C:61:97:4B,1,19,198.8,EC:75:0C:53:67:7F,7,0,NONE,2026-08-24T16:01:39.902294
45917,,-56,40,20445,23,65384,29260,3149884,0,99,7,0,0,14:33:5C:6D:AF:58,1,0,ARMED,448.0,0,1,80:02:9C:61:97:4B,1,2,81.8,EC:75:0C:53:67:7F,7,0,NONE,2026-08-24T16:01:40.149294
45917,BEACON,-65,31,0,1335,65384,29260,3150158,0,99,7,0,0,14:33:5C:6D:AF:58,0,0,ARMED,448.0,0,1,80:02:9C:61:97:4B,1,18,192.6,EC:75:0C:53:67:7F,7,0,NONE,2026-08-24T16:01:40.423294
45917,BEACON,-75,21,0,3708,65384,29260,3150582,0,99,7,0,0,14:33:5C:6D:AF:58,0,0,ARMED,448.0,0,1,80:02:9C:61:97:4B,1,6,86.7,EC:75:0C:53:67:7F,7,0,NONE,2026-08-24T16:01:40.847294
45917,MGMT_OTHER,39,39,0,3064,65384,29260,3150940,0,99,7,0,0,14:33:5C:6D:AF:58,0,0,ARMED,448.0,0,0,80:02:9C:61:97:4B,1,12,165.3,EC:75:0C:53:67:7F,7,0,NONE,2026-08-24T16:01:41.205294
45917,BEACON,-92,4,1374,2795,65384,29260,3151432,0,99,7,0,0,14:33:5C:6D:AF:58,0,0,ARMED,448.0,0,1,80:02:9C:61:97:4B,1,11,243.2,EC:75:0C:53:67:7F,7,0,NONE,2026-08-24T16:01:41.697294
45917,BEACON,-63,33,0,1352,65384,29260,3151796,0,99,7,0,0,14:33:5C:6D:AF:58,0,0,ARMED,448.0,0,1,80:02:9C:61:97:4B,1,5,49.1,EC:75:0C:53:67:7F,7,0,NONE,2026-08-24T16:01:42.061294
45917,,-35,61,283,1445,65384,29260,3152218,0,99,7,0,0,14:33:5C:6D:AF:58,0,0,ARMED,448.0,0,0,80:02:9C:61:97:4B,1,8,634.5,EC:75:0C:53:67:7F,7,0,NONE,2026-08-24T16:01:42.483294
45917,BEACON,-64,32,0,1364,65384,29260,3152922,0,99,7,0,0,14:33:5C:6D:AF:58,0,0,ARMED,448.0,0,1,80:02:9C:61:97:4B,1,1,497.8,EC:75:0C:53:67:7F,7,0,NONE,2026-08-24T16:01:43.187294
45917,BEACON,-75,21,8691,3738,65384,29260,3153653,0,99,7,0,0,14:33:5C:6D:AF:58,0,0,ARMED,448.0,0,1,80:02:9C:61:97:4B,1,2,147.8,EC:75:0C:53:67:7F,7,0,NONE,2026-08-24T16:01:43.918294
45917,,-66,30,292,32,65384,29260,3153892,0,99,7,0,0,14:33:5C:6D:AF:58,0,0,ARMED,448.0,0,0,80:02:9C:61:97:4B,1,38,788.8,EC:75:0C:53:67:7F,7,0,NONE,2026-08-24T16:01:44.157294
45917,PROBE_RESP,-62,34,0,1381,65384,29260,3154402,0,99,7,0,0,14:33:5C:6D:AF:58,0,0,ARMED,448.0,0,1,80:02:9C:61:97:4B,1,10,217.0,EC:75:0C:53:67:7F,7,0,NONE,2026-08-24T16:01:44.667294
45917,BEACON,-64,32,0,1390,65384,29260,3155278,0,99,7,0,0,14:33:5C:6D:AF:58,0,0,ARMED,448.0,0,1,80:02:9C:61:97:4B,1,5,48.8,EC:75:0C:53:67:7F,7,0,NONE,2026-08-24T16:01:45.543294
45917,MGMT_OTHER,-93,3,43097,1418,65384,29260,3155726,0,99,7,0,0,14:33:5C:6D:AF:58,0,0,ARMED,448.0,0,1,80:02:9C:61:97:4B,1,5,129.2,EC:75:0C:53:67:7F,7,0,NONE,2026-08-24T16:01:45.991294
45917,,-85,11,30405,2206,65384,29260,3156311,0,99,7,0,0,14:33:5C:6D:AF:58,0,0,ARMED,448.0,0,1,80:02:9C:61:97:4B,1,2,212.0,EC:75:0C:53:67:7F,7,0,NONE,2026-08-24T16:01:46.576294
45917,DISASSOC,-85,11,63864,2118,65384,29260,3157083,0,99,7,0,0,14:33:5C:6D:AF:58,0,0,ARMED,448.0,0,1,80:02:9C:61:97:4B,1,3,46.3,EC:75:0C:53:67:7F,7,0,NONE,2026-08-24T16:01:47.348294
45917,BEACON,-64,32,0,1417,65384,29260,3157633,0,99,7,0,0,14:33:5C:6D:AF:58,0,0,ARMED,448.0,0,1,80:02:9C:61:97:4B,1,7,68.4,EC:75:0C:53:67:7F,7,0,NONE,2026-08-24T16:01:47.898294
45917,BEACON,-62,34,0,1422,65384,29260,3158145,0,99,7,0,0,14:33:5C:6D:AF:58,0,0,ARMED,448.0,0,1,80:02:9C:61:97:4B,1,6,58.6,EC:75:0C:53:67:7F,7,0,NONE,2026-08-24T16:01:48.410294
45917,,-65,31,0,37,65384,29260,3158712,0,99,7,0,0,14:33:5C:6D:AF:58,0,0,ARMED,448.0,0,0,80:02:9C:61:97:4B,1,5,91.2,EC:75:0C:53:67:7F,7,0,NONE,2026-08-24T16:01:48.977294
45917,MGMT_OTHER,39,39,0,1023,65384,29260,3159276,0,99,7,0,0,14:33:5C:6D:AF:58,0,0,ARMED,448.0,0,0,80:02:9C:61:97:4B,1,4,822.2,EC:75:0C:53:67:7F,7,0,NONE,2026-08-24T16:01:49.541294
45917,MGMT_OTHER,39,39,0,1023,65384,29260,3159843,0,99,7,0,0,14:33:5C:6D:AF:58,0,0,ARMED,448.0,0,0,80:02:9C:61:97:4B,1,11,176.8,EC:75:0C:53:67:7F,7,0,NONE,2026-08-24T16:01:50.108294
45917,BEACON,-74,22,0,1635,65384,29260,3160100,0,99,7,0,0,14:33:5C:6D:AF:58,0,0,ARMED,448.0,0,1,80:02:9C:61:97:4B,1,4,424.4,EC:75:0C:53:67:7F,7,0,NONE,2026-08-24T16:01:50.365294
45917,MGMT_OTHER,-84,12,697,2448,65384,29260,3160607,0,99,7,0,0,14:33:5C:6D:AF:58,0,0,ARMED,448.0,0,1,80:02:9C:61:97:4B,1,2,455.2,EC:75:0C:53:67:7F,7,0,NONE,2026-08-24T16:01:50.872294
45917,MGMT_OTHER,59,59,0,1023,65384,29260,3161130,0,99,7,0,0,14:33:5C:6D:AF:58,0,0,ARMED,448.0,0,1,80:02:9C:61:97:4B,1,14,872.0,EC:75:0C:53:67:7F,7,0,NONE,2026-08-24T16:01:51.395294
45917,MGMT_OTHER,-86,10,7737,2456,65384,29260,3161511,0,99,7,0,0,14:33:5C:6D:AF:58,0,0,ARMED,448.0,0,1,80:02:9C:61:97:4B,1,6,67.3,EC:75:0C:53:67:7F,7,0,NONE,2026-08-24T16:01:51.776294
45917,BEACON,-75,21,9135,3818,65384,29260,3161845,0,99,7,0,0,14:33:5C:6D:AF:58,0,0,ARMED,448.0,0,1,80:02:9C:61:97:4B,1,2,150.2,EC:75:0C:53:67:7F,7,0,NONE,2026-08-24T16:01:52.110294
45917,BEACON,-76,20,0,3823,65384,29260,3162360,0,99,7,0,0,14:33:5C:6D:AF:58,0,0,ARMED,448.0,0,1,80:02:9C:61:97:4B,1,2,122.3,EC:75:0C:53:67:7F,7,0,NONE,2026-08-24T16:01:52.625294
45917,BEACON,-74,22,0,1660,65384,29260,3162659,0,99,7,0,0,14:33:5C:6D:AF:58,0,1,ARMED,448.0,0,1,80:02:9C:61:97:4B,1,3,269.4,EC:75:0C:53:67:7F,7,0,NONE,2026-08-24T16:01:52.924294
45917,BEACON,-74,22,0,1663,65384,29260,3162967,0,99,7,0,0,14:33:5C:6D:AF:58,0,0,ARMED,448.0,0,1,80:02:9C:61:97:4B,1,6,521.5,EC:75:0C:53:67:7F,7,0,NONE,2026-08-24T16:01:53.232294
45917,,-57,39,134,408,65028,29260,3163359,0,99,7,0,0,14:33:5C:6D:AF:58,0,0,ARMED,448.0,0,1,80:02:9C:61:97:4B,1,13,135.0,EC:75:0C:53:67:7F,7,0,NONE,2026-08-24T16:01:53.624294
45917,PROBE_REQ,-91,5,24563,3879,65384,29260,3163643,0,99,7,0,0,14:33:5C:6D:AF:58,0,0,ARMED,448.0,0,1,80:02:9C:61:97:4B,1,9,120.2,EC:75:0C:53:67:7F,7,0,NONE,2026-08-24T16:01:53.908294
45917,,-57,39,8034,49,65384,29260,3163995,0,99,7,0,0,14:33:5C:6D:AF:58,0,0,ARMED,448.0,0,1,80:02:9C:61:97:4B,1,8,507.4,EC:75:0C:53:67:7F,7,0,NONE,2026-08-24T16:01:54.260294
45917,,-67,29,7898,87,65384,29260,3164110,0,99,7,0,0,14:33:5C:6D:AF:58,0,1,ARMED,448.0,0,0,80:02:9C:61:97:4B,1,16,632.5,EC:75:0C:53:67:7F,7,0,NONE,2026-08-24T16:01:54.375294
45917,BEACON,-92,4,0,1134,65384,29260,3164498,0,99,7,0,0,14:33:5C:6D:AF:58,0,0,ARMED,448.0,0,1,80:02:9C:61:97:4B,1,2,331.1,EC:75:0C:53:67:7F,7,0,NONE,2026-08-24T16:01:54.763294
45917,,-61,35,66,3926,65384,29260,3164811,0,99,7,0,0,14:33:5C:6D:AF:58,0,0,ARMED,448.0,0,1,80:02:9C:61:97:4B,1,5,414.8,EC:75:0C:53:67:7F,7,0,NONE,2026-08-24T16:01:55.076294
45917,,-66,30,4175,111,65384,29260,3164967,0,99,7,0,0,14:33:5C:6D:AF:58,0,1,ARMED,448.0,0,0,80:02:9C:61:97:4B,1,23,360.6,EC:75:0C:53:67:7F,7,0,NONE,2026-08-24T16:01:55.232294
45917,,-88,8,399,2974,65384,29260,3165248,0,99,7,0,0,14:33:5C:6D:AF:58,0,0,ARMED,448.0,0,1,80:02:9C:61:97:4B,1,12,299.1,EC:75:0C:53:67:7F,7,0,NONE,2026-08-24T16:01:55.513294
45917,,-96,0,0,2136,65384,29260,3165630,0,99,7,0,0,14:33:5C:6D:AF:58,0,0,ARMED,448.0,0,1,80:02:9C:61:97:4B,1,7,662.9,EC:75:0C:53:67:7F,7,0,NONE,2026-08-24T16:01:55.895294
45917,,-66,30,480,147,65384,29260,3165743,0,99,7,0,0,14:33:5C:6D:AF:58,0,1,ARMED,448.0,0,0,80:02:9C:61:97:4B,1,7,339.5,EC:75:0C:53:67:7F,7,0,NONE,2026-08-24T16:01:56.008294
45917,,-58,38,0,3538,65384,29260,3166004,0,99,7,0,0,14:33:5C:6D:AF:58,1,0,ARMED,448.0,0,0,80:02:9C:61:97:4B,1,27,349.7,EC:75:0C:53:67:7F,7,0,NONE,2026-08-24T16:01:56.269294
45917,,-65,31,480,160,65384,29260,3166313,0,99,7,0,0,14:33:5C:6D:AF:58,0,0,ARMED,448.0,0,0,80:02:9C:61:97:4B,1,18,229.1,EC:75:0C:53:67:7F,7,0,NONE,2026-08-24T16:01:56.578294
45917,BEACON,-75,21,0,1699,65384,29260,3166551,0,99,7,0,0,14:33:5C:6D:AF:58,0,0,ARMED,448.0,0,1,80:02:9C:61:97:4B,1,4,358.4,EC:75:0C:53:67:7F,7,0,NONE,2026-08-24T16:01:56.816294
45917,BEACON,-64,32,82,1520,65384,29260,3166951,0,99,7,0,0,14:33:5C:6D:AF:58,0,0,ARMED,448.0,0,0,80:02:9C:61:97:4B,1,10,95.8,EC:75:0C:53:67:7F,7,0,NONE,2026-08-24T16:01:57.216294
45917,,-57,39,0,133,65384,29260,3167184,0,99,7,0,0,14:33:5C:6D:AF:58,0,0,ARMED,448.0,0,0,80:02:9C:61:97:4B,1,18,593.7,EC:75:0C:53:67:7F,7,0,NONE,2026-08-24T16:01:57.449294
45917,,-75,21,5796,828,65384,29260,3167683,0,99,7,0,0,14:33:5C:6D:AF:58,0,0,ARMED,448.0,0,1,80:02:9C:61:97:4B,1,3,197.2,EC:75:0C:53:67:7F,7,0,NONE,2026-08-24T16:01:57.948294
45917,,39,39,0,3009,65384,29260,3167790,0,99,7,0,0,14:33:5C:6D:AF:58,0,1,ARMED,448.0,0,1,80:02:9C:61:97:4B,1,20,996.3,EC:75:0C:53:67:7F,7,0,NONE,2026-08-24T16:01:58.055294
45917,PROBE_RESP,-65,31,0,1533,65384,29260,3168111,0,99,7,0,0,14:33:5C:6D:AF:58,0,0,ARMED,448.0,0,0,80:02:9C:61:97:4B,1,7,208.4,EC:75:0C:53:67:7F,7,0,NONE,2026-08-24T16:01:58.376294
45917,MGMT_OTHER,-84,12,3177,2523,65384,29260,3168303,0,99,7,0,0,14:33:5C:6D:AF:58,0,0,ARMED,448.0,0,1,80:02:9C:61:97:4B,1,18,888.5,EC:75:0C:53:67:7F,7,0,NONE,2026-08-24T16:01:58.568294
45917,BEACON,-92,4,0,1644,65384,29260,3168690,0,99,7,0,0,14:33:5C:6D:AF:58,0,0,ARMED,448.0,0,1,80:02:9C:61:97:4B,1,7,69.7,EC:75:0C:53:67:7F,7,0,NONE,2026-08-24T16:01:58.955294
45917,,-58,38,3741,3544,65384,29260,3169209,0,99,7,0,0,14:33:5C:6D:AF:58,0,0,ARMED,448.0,0,1,80:02:9C:61:97:4B,1,3,615.0,EC:75:0C:53:67:7F,7,0,NONE,2026-08-24T16:01:59.474294
45917,PROBE_REQ,-90,6,1895,2085,65384,29260,3169559,0,99,7,0,0,14:33:5C:6D:AF:58,0,0,ARMED,448.0,0,1,80:02:9C:61:97:4B,1,6,120.6,EC:75:0C:53:67:7F,7,0,NONE,2026-08-24T16:01:59.824294
45917,,-58,38,10727,1558,65384,29260,3170038,0,99,7,0,0,14:33:5C:6D:AF:58,0,0,ARMED,448.0,0,1,80:02:9C:61:97:4B,1,5,333.4,EC:75:0C:53:67:7F,7,0,NONE,2026-08-24T16:02:00.303294
45917,,-57,39,0,183,65384,29260,3170306,0,99,7,0,0,14:33:5C:6D:AF:58,0,0,ARMED,448.0,0,0,80:02:9C:61:97:4B,1,20,256.0,EC:75:0C:53:67:7F,7,0,NONE,2026-08-24T16:02:00.571294
45917,BEACON,-74,22,0,1740,65384,29260,3170647,0,99,7,0,0,14:33:5C:6D:AF:58,0,0,ARMED,448.0,0,1,80:02:9C:61:97:4B,1,6,536.1,EC:75:0C:53:67:7F,7,0,NONE,2026-08-24T16:02:00.912294
45917,MGMT_OTHER,-84,12,37610,2550,65384,29260,3171026,0,99,7,0,0,14:33:5C:6D:AF:58,0,0,ARMED,448.0,0,0,80:02:9C:61:97:4B,1,8,95.9,EC:75:0C:53:67:7F,7,0,NONE,2026-08-24T16:02:01.291294
45917,,-61,35,480,247,65384,29260,3171270,0,99,7,0,0,14:33:5C:6D:AF:58,0,0,ARMED,448.0,0,0,80:02:9C:61:97:4B,1,11,605.1,EC:75:0C:53:67:7F,7,0,NONE,2026-08-24T16:02:01.535294
45917,,-62,34,291,271,65384,29260,3171348,0,99,7,0,0,14:33:5C:6D:AF:58,0,0,ARMED,448.0,0,0,80:02:9C:61:97:4B,1,61,633.5,EC:75:0C:53:67:7F,7,0,NONE,2026-08-24T16:02:01.613294
45917,,-74,22,256,851,65384,29260,3171475,0,99,7,0,0,14:33:5C:6D:AF:58,0,1,ARMED,448.0,0,0,80:02:9C:61:97:4B,1,9,993.8,EC:75:0C:53:67:7F,7,0,NONE,2026-08-24T16:02:01.740294
45917,BEACON,-63,33,0,1576,65384,29260,3172071,0,99,7,0,0,14:33:5C:6D:AF:58,0,0,ARMED,448.0,0,1,80:02:9C:61:97:4B,1,7,75.1,EC:75:0C:53:67:7F,7,0,NONE,2026-08-24T16:02:02.336294
45917,BEACON,-63,33,0,1578,65384,29260,3172276,0,99,7,0,0,14:33:5C:6D:AF:58,0,1,ARMED,448.0,0,1,80:02:9C:61:97:4B,1,14,159.1,EC:75:0C:53:67:7F,7,0,NONE,2026-08-24T16:02:02.541294
45917,BEACON,-66,30,0,1584,65384,29260,3172788,0,99,7,0,0,14:33:5C:6D:AF:58,0,0,ARMED,448.0,0,1,80:02:9C:61:97:4B,1,8,90.1,EC:75:0C:53:67:7F,7,0,NONE,2026-08-24T16:02:03.053294
45917,MGMT_OTHER,17,17,0,1588,65384,29260,3173263,0,99,7,0,0,14:33:5C:6D:AF:58,0,0,ARMED,448.0,0,1,80:02:9C:61:97:4B,1,1,19.2,EC:75:0C:53:67:7F,7,0,NONE,2026-08-24T16:02:03.528294
45917,,-87,9,0,1418,65384,29260,3173559,0,99,7,0,0,14:33:5C:6D:AF:58,0,1,ARMED,448.0,0,1,80:02:9C:61:97:4B,1,8,194.3,EC:75:0C:53:67:7F,7,0,NONE,2026-08-24T16:02:03.824294
45917,,-57,39,0,2253,65384,29260,3173940,0,99,7,0,0,14:33:5C:6D:AF:58,0,0,ARMED,448.0,0,0,80:02:9C:61:97:4B,1,4,240.9,EC:75:0C:53:67:7F,7,0,NONE,2026-08-24T16:02:04.205294
45917,,-56,40,716,235,65384,29260,3174297,0,99,7,0,0,14:33:5C:6D:AF:58,0,0,ARMED,448.0,0,1,80:02:9C:61:97:4B,1,21,313.7,EC:75:0C:53:67:7F,7,0,NONE,2026-08-24T16:02:04.562294
45917,,-56,40,0,244,65384,29260,3174685,0,99,7,0,0,14:33:5C:6D:AF:58,0,0,ARMED,448.0,0,0,80:02:9C:61:97:4B,1,6,134.8,EC:75:0C:53:67:7F,7,0,NONE,2026-08-24T16:02:04.950294
45917,,-74,22,17210,2596,65384,29260,3175028,0,99,7,0,0,14:33:5C:6D:AF:58,0,0,ARMED,448.0,0,1,80:02:9C:61:97:4B,1,13,160.8,EC:75:0C:53:67:7F,7,0,NONE,2026-08-24T16:02:05.293294
45917,BEACON,-93,3,17324,170,65384,29260,3175218,0,99,7,0,0,14:33:5C:6D:AF:58,0,1,ARMED,448.0,0,1,80:02:9C:61:97:4B,1,6,97.2,EC:75:0C:53:67:7F,7,0,NONE,2026-08-24T16:02:05.483294
45917,BEACON,-93,3,0,3156,65384,29260,3175521,0,99,7,0,0,14:33:5C:6D:AF:58,0,0,ARMED,448.0,0,1,80:02:9C:61:97:4B,1,14,244.3,EC:75:0C:53:67:7F,7,0,NONE,2026-08-24T16:02:05.786294
45917,BEACON,-93,3,0,175,65384,29260,3175730,0,99,7,0,0,14:33:5C:6D:AF:58,0,0,ARMED,448.0,0,1,80:02:9C:61:97:4B,1,26,420.9,EC:75:0C:53:67:7F,7,0,NONE,2026-08-24T16:02:05.995294
45917,,-58,38,0,62,65384,29260,3175870,0,99,7,0,0,14:33:5C:6D:AF:58,0,1,ARMED,448.0,0,1,80:02:9C:61:97:4B,1,34,344.4,EC:75:0C:53:67:7F,7,0,NONE,2026-08-24T16:02:06.135294
45917,,-61,35,42287,347,65384,29260,3176377,0,99,7,0,0,14:33:5C:6D:AF:58,0,0,ARMED,448.0,0,1,80:02:9C:61:97:4B,1,2,46.7,EC:75:0C:53:67:7F,7,0,NONE,2026-08-24T16:02:06.642294
45917,,-43,53,16083,1603,65384,29260,3176555,0,99,7,0,0,14:33:5C:6D:AF:58,0,0,ARMED,448.0,0,1,80:02:9C:61:97:4B,1,1,388.0,EC:75:0C:53:67:7F,7,0,NONE,2026-08-24T16:02:06.820294
45917,BEACON,-65,31,8505,1628,65384,29260,3176884,0,99,7,0,0,14:33:5C:6D:AF:58,0,0,ARMED,448.0,0,0,80:02:9C:61:97:4B,1,10,82.5,EC:75:0C:53:67:7F,7,0,NONE,2026-08-24T16:02:07.149294
45917,,-39,57,21613,80,65384,29260,3177295,0,99,7,0,0,14:33:5C:6D:AF:58,0,0,ARMED,448.0,0,1,80:02:9C:61:97:4B,1,2,623.8,EC:75:0C:53:67:7F,7,0,NONE,2026-08-24T16:02:07.560294
45917,,-56,40,527,281,65384,29260,3177483,0,99,7,0,0,14:33:5C:6D:AF:58,0,1,ARMED,448.0,0,1,80:02:9C:61:97:4B,1,20,223.9,EC:75:0C:53:67:7F,7,0,NONE,2026-08-24T16:02:07.748294
45917,MGMT_OTHER,-86,10,31794,2614,65384,29260,3177692,0,99,7,0,0,14:33:5C:6D:AF:58,0,0,ARMED,448.0,0,1,80:02:9C:61:97:4B,1,29,318.1,EC:75:0C:53:67:7F,7,0,NONE,2026-08-24T16:02:07.957294
45917,,-62,34,292,376,65384,29260,3178203,0,99,7,0,0,14:33:5C:6D:AF:58,0,0,ARMED,448.0,0,0,80:02:9C:61:97:4B,1,6,74.0,EC:75:0C:53:67:7F,7,0,NONE,2026-08-24T16:02:08.468294
45917,MGMT_OTHER,60,60,0,1643,65384,29260,3178322,0,99,7,0,0,14:33:5C:6D:AF:58,0,1,ARMED,448.0,0,0,80:02:9C:61:97:4B,1,28,285.9,EC:75:0C:53:67:7F,7,0,NONE,2026-08-24T16:02:08.587294
45917,BEACON,-95,1,82,204,65384,29260,3178700,0,99,7,0,0,14:33:5C:6D:AF:58,0,0,ARMED,448.0,0,1,80:02:9C:61:97:4B,1,5,109.8,EC:75:0C:53:67:7F,7,0,NONE,2026-08-24T16:02:08.965294
45917,,-56,40,9232,317,65384,29260,3178987,0,99,7,0,0,14:33:5C:6D:AF:58,0,0,ARMED,448.0,0,1,80:02:9C:61:97:4B,1,1,108.8,EC:75:0C:53:67:7F,7,0,NONE,2026-08-24T16:02:09.252294
45917,BEACON,-63,33,82,1655,65384,29260,3179444,0,99,7,0,0,14:33:5C:6D:AF:58,0,0,ARMED,448.0,0,0,80:02:9C:61:97:4B,1,4,127.9,EC:75:0C:53:67:7F,7,0,NONE,2026-08-24T16:02:09.709294
45917,,-58,38,63118,411,65384,29260,3180029,0,99,7,0,0,14:33:5C:6D:AF:58,0,0,ARMED,448.0,0,1,80:02:9C:61:97:4B,1,5,68.6,EC:75:0C:53:67:7F,7,0,NONE,2026-08-24T16:02:10.294294
45917,,60,60,0,0,65204,29260,3180335,0,99,7,0,0,14:33:5C:6D:AF:58,0,0,ARMED,448.0,0,1,80:02:9C:61:97:4B,1,10,138.1,EC:75:0C:53:67:7F,7,0,NONE,2026-08-24T16:02:10.600294
45917,,-57,39,934,324,65384,29260,3180588,0,99,7,0,0,14:33:5C:6D:AF:58,0,0,ARMED,448.0,0,0,80:02:9C:61:97:4B,1,17,938.1,EC:75:0C:53:67:7F,7,0,NONE,2026-08-24T16:02:10.853294
45917,,-59,37,2756,446,65384,29260,3180698,0,99,7,0,0,14:33:5C:6D:AF:58,0,1,ARMED,448.0,0,0,80:02:9C:61:97:4B,1,21,780.8,EC:75:0C:53:67:7F,7,0,NONE,2026-08-24T16:02:10.963294
45917,,-63,33,0,1686,63580,29260,3181087,0,99,7,0,0,14:33:5C:6D:AF:58,0,0,ARMED,448.0,0,0,80:02:9C:61:97:4B,1,2,423.9,EC:75:0C:53:67:7F,7,0,NONE,2026-08-24T16:02:11.352294
45917,MGMT_OTHER,36,36,0,1023,65368,29260,3181502,0,99,7,0,0,14:33:5C:6D:AF:58,0,0,ARMED,448.0,0,1,80:02:9C:61:97:4B,1,4,330.5,EC:75:0C:53:67:7F,7,0,NONE,2026-08-24T16:02:11.767294
45917,,-56,40,761,349,65384,29260,3181679,0,99,7,0,0,14:33:5C:6D:AF:58,0,0,ARMED,448.0,0,1,80:02:9C:61:97:4B,1,37,435.3,EC:75:0C:53:67:7F,7,0,NONE,2026-08-24T16:02:11.944294
45917,,-60,36,5349,472,65384,29260,3181809,0,99,7,0,0,14:33:5C:6D:AF:58,0,1,ARMED,448.0,0,1,80:02:9C:61:97:4B,1,3,286.2,EC:75:0C:53:67:7F,7,0,NONE,2026-08-24T16:02:12.074294
45917,BEACON,-65,31,0,1704,65384,29260,3182004,0,99,7,0,0,14:33:5C:6D:AF:58,0,0,ARMED,448.0,0,1,80:02:9C:61:97:4B,1,1,498.3,EC:75:0C:53:67:7F,7,0,NONE,2026-08-24T16:02:12.269294
45917,,-98,-2,472,970,65384,29260,3182371,0,99,7,0,0,14:33:5C:6D:AF:58,0,0,ARMED,448.0,0,1,80:02:9C:61:97:4B,1,13,218.3,EC:75:0C:53:67:7F,7,0,NONE,2026-08-24T16:02:12.636294
45917,BEACON,-74,22,0,1859,65384,29260,3182627,0,99,7,0,0,14:33:5C:6D:AF:58,0,0,ARMED,448.0,0,1,80:02:9C:61:97:4B,1,2,217.2,EC:75:0C:53:67:7F,7,0,NONE,2026-08-24T16:02:12.892294
45917,BEACON,-63,33,0,1719,65384,29260,3183130,0,99,7,0,0,14:33:5C:6D:AF:58,0,0,ARMED,448.0,0,1,80:02:9C:61:97:4B,1,1,497.8,EC:75:0C:53:67:7F,7,0,NONE,2026-08-24T16:02:13.395294
45917,,-95,1,4981,970,65384,29260,3183560,0,99,7,0,0,14:33:5C:6D:AF:58,0,0,ARMED,448.0,0,1,80:02:9C:61:97:4B,1,5,244.2,EC:75:0C:53:67:7F,7,0,NONE,2026-08-24T16:02:13.825294
45917,,-57,39,635,382,65384,29260,3183878,0,99,7,0,0,14:33:5C:6D:AF:58,0,0,ARMED,448.0,0,0,80:02:9C:61:97:4B,1,26,831.1,EC:75:0C:53:67:7F,7,0,NONE,2026-08-24T16:02:14.143294
45917,MGMT_OTHER,39,39,0,1732,65384,29260,3184432,0,99,7,0,0,14:33:5C:6D:AF:58,0,0,ARMED,448.0,0,0,80:02:9C:61:97:4B,1,10,137.3,EC:75:0C:53:67:7F,7,0,NONE,2026-08-24T16:02:14.697294
45917,,-65,31,292,510,65384,29260,3184829,0,99,7,0,0,14:33:5C:6D:AF:58,0,0,ARMED,448.0,0,0,80:02:9C:61:97:4B,1,14,232.0,EC:75:0C:53:67:7F,7,0,NONE,2026-08-24T16:02:15.094294
45917,MGMT_OTHER,59,59,0,909,65384,29260,3185125,0,99,7,0,0,14:33:5C:6D:AF:58,0,0,ARMED,448.0,0,0,80:02:9C:61:97:4B,1,10,195.5,EC:75:0C:53:67:7F,7,0,NONE,2026-08-24T16:02:15.390294
45917,BEACON,-75,21,338,4046,65384,29260,3185192,0,99,7,0,0,14:33:5C:6D:AF:58,0,1,ARMED,448.0,0,1,80:02:9C:61:97:4B,1,5,370.7,EC:75:0C:53:67:7F,7,0,NONE,2026-08-24T16:02:15.457294
45917,BEACON,-62,34,456,1746,65384,29260,3185588,0,99,7,0,0,14:33:5C:6D:AF:58,0,0,ARMED,448.0,0,1,80:02:9C:61:97:4B,1,7,68.4,EC:75:0C:53:67:7F,7,0,NONE,2026-08-24T16:02:15.853294
45917,BEACON,-75,21,0,4056,65384,29260,3186216,0,99,7,0,0,14:33:5C:6D:AF:58,0,0,ARMED,448.0,0,1,80:02:9C:61:97:4B,1,3,222.9,EC:75:0C:53:67:7F,7,0,NONE,2026-08-24T16:02:16.481294
45917,MGMT_OTHER,-84,12,39630,2703,65384,29260,3186755,0,99,7,0,0,14:33:5C:6D:AF:58,0,0,ARMED,448.0,0,1,80:02:9C:61:97:4B,1,4,99.2,EC:75:0C:53:67:7F,7,0,NONE,2026-08-24T16:02:17.020294
45917,BEACON,-74,22,0,1903,65384,29260,3187031,0,99,7,0,0,14:33:5C:6D:AF:58,0,0,ARMED,448.0,0,1,80:02:9C:61:97:4B,1,4,432.2,EC:75:0C:53:67:7F,7,0,NONE,2026-08-24T16:02:17.296294
45917,PROBE_REQ,-87,9,0,1665,65384,29260,3187723,0,99,7,0,0,14:33:5C:6D:AF:58,0,0,ARMED,448.0,0,1,80:02:9C:61:97:4B,1,10,114.2,EC:75:0C:53:67:7F,7,0,NONE,2026-08-24T16:02:17.988294
45917,,-68,28,0,1775,63652,29260,3188149,0,99,7,0,0,14:33:5C:6D:AF:58,0,0,ARMED,448.0,0,0,80:02:9C:61:97:4B,1,3,678.9,EC:75:0C:53:67:7F,7,0,NONE,2026-08-24T16:02:18.414294
45917,,-63,33,0,573,65384,29260,3188614,0,99,7,0,0,14:33:5C:6D:AF:58,0,0,ARMED,448.0,0,0,80:02:9C:61:97:4B,1,21,359.5,EC:75:0C:53:67:7F,7,0,NONE,2026-08-24T16:02:18.879294
45917,BEACON,-67,29,1800,1783,65384,29260,3188967,0,99,7,0,0,14:33:5C:6D:AF:58,0,0,ARMED,448.0,0,1,80:02:9C:61:97:4B,1,1,293.4,EC:75:0C:53:67:7F,7,0,NONE,2026-08-24T16:02:19.232294
45917,,-56,40,0,469,65384,29260,3189260,0,99,7,0,0,14:33:5C:6D:AF:58,0,0,ARMED,448.0,0,1,80:02:9C:61:97:4B,1,26,294.4,EC:75:0C:53:67:7F,7,0,NONE,2026-08-24T16:02:19.525294
45917,MGMT_OTHER,18,18,0,1792,65384,29260,3189845,0,99,7,0,0,14:33:5C:6D:AF:58,0,0,ARMED,448.0,0,0,80:02:9C:61:97:4B,1,7,118.6,EC:75:0C:53:67:7F,7,0,NONE,2026-08-24T16:02:20.110294
45917,BEACON,-74,22,102532,1938,65384,29260,3190512,0,99,7,0,0,14:33:5C:6D:AF:58,0,0,ARMED,448.0,0,1,80:02:9C:61:97:4B,1,3,270.9,EC:75:0C:53:67:7F,7,0,NONE,2026-08-24T16:02:20.777294
45917,BEACON,-91,5,48707,1868,65384,29260,3191013,0,99,7,0,0,14:33:5C:6D:AF:58,0,0,ARMED,448.0,0,0,80:02:9C:61:97:4B,1,7,68.4,EC:75:0C:53:67:7F,7,0,NONE,2026-08-24T16:02:21.278294
45917,MGMT_OTHER,40,40,0,0,65384,29260,3191155,0,99,7,0,0,14:33:5C:6D:AF:58,1,1,ARMED,448.0,0,0,80:02:9C:61:97:4B,1,28,742.1,EC:75:0C:53:67:7F,7,0,NONE,2026-08-24T16:02:21.420294
45917,MGMT_OTHER,40,40,0,1820,65384,29260,3191618,0,99,7,0,0,14:33:5C:6D:AF:58,0,0,ARMED,448.0,0,1,80:02:9C:61:97:4B,1,6,65.6,EC:75:0C:53:67:7F,7,0,NONE,2026-08-24T16:02:21.883294
45917,,-62,34,22621,610,65384,29260,3192106,0,99,7,0,0,14:33:5C:6D:AF:58,0,0,ARMED,448.0,0,1,80:02:9C:61:97:4B,1,10,145.9,EC:75:0C:53:67:7F,7,0,NONE,2026-08-24T16:02:22.371294
45917,,-62,34,0,634,65384,29260,3192212,0,99,7,0,0,14:33:5C:6D:AF:58,0,1,ARMED,448.0,0,1,80:02:9C:61:97:4B,1,25,344.6,EC:75:0C:53:67:7F,7,0,NONE,2026-08-24T16:02:22.477294
45917,,-56,40,3061,1580,65384,29260,3192615,0,99,7,0,0,14:33:5C:6D:AF:58,0,0,ARMED,448.0,0,1,80:02:9C:61:97:4B,1,7,108.7,EC:75:0C:53:67:7F,7,0,NONE,2026-08-24T16:02:22.880294
45917,BEACON,-70,26,0,1848,65384,29260,3193268,0,99,7,0,0,14:33:5C:6D:AF:58,0,0,ARMED,448.0,0,1,80:02:9C:61:97:4B,1,9,87.8,EC:75:0C:53:67:7F,7,0,NONE,2026-08-24T16:02:23.533294
45917,,-42,54,42786,103,65384,29260,3193938,0,99,7,0,0,14:33:5C:6D:AF:58,0,0,ARMED,448.0,0,1,80:02:9C:61:97:4B,1,5,86.8,EC:75:0C:53:67:7F,7,0,NONE,2026-08-24T16:02:24.203294
45917,,-56,40,0,526,65384,29260,3194323,0,99,7,0,0,14:33:5C:6D:AF:58,0,0,ARMED,448.0,0,0,80:02:9C:61:97:4B,1,25,756.3,EC:75:0C:53:67:7F,7,0,NONE,2026-08-24T16:02:24.588294
45917,BEACON,-74,22,8844,46,65384,29260,3195023,0,99,7,0,0,14:33:5C:6D:AF:58,0,0,ARMED,448.0,0,1,80:02:9C:61:97:4B,1,2,134.8,EC:75:0C:53:67:7F,7,0,NONE,2026-08-24T16:02:25.288294
45917,BEACON,-76,20,14357,49,65384,29260,3195329,0,99,7,0,0,14:33:5C:6D:AF:58,0,0,ARMED,448.0,0,1,80:02:9C:61:97:4B,1,2,146.6,EC:75:0C:53:67:7F,7,0,NONE,2026-08-24T16:02:25.594294
45917,,-56,40,0,553,65384,29260,3195501,0,99,7,0,0,14:33:5C:6D:AF:58,0,0,ARMED,448.0,0,0,80:02:9C:61:97:4B,1,35,414.7,EC:75:0C:53:67:7F,7,0,NONE,2026-08-24T16:02:25.766294
45917,MGMT_OTHER,-84,12,44686,2129,65368,29260,3196138,0,99,7,0,0,14:33:5C:6D:AF:58,0,0,ARMED,448.0,0,1,80:02:9C:61:97:4B,1,4,41.5,EC:75:0C:53:67:7F,7,0,NONE,2026-08-24T16:02:26.403294
45917,,-86,10,3007,2353,65384,29260,3196752,0,99,7,0,0,14:33:5C:6D:AF:58,0,0,ARMED,448.0,0,1,80:02:9C:61:97:4B,1,7,74.5,EC:75:0C:53:67:7F,7,0,NONE,2026-08-24T16:02:27.017294
45917,BEACON,-69,27,0,1892,65384,29260,3197159,0,99,7,0,0,14:33:5C:6D:AF:58,0,0,ARMED,448.0,0,1,80:02:9C:61:97:4B,1,3,166.9,EC:75:0C:53:67:7F,7,0,NONE,2026-08-24T16:02:27.424294
45917,MGMT_OTHER,40,40,0,1023,65384,29260,3197664,0,99,7,0,0,14:33:5C:6D:AF:58,0,0,ARMED,448.0,0,0,80:02:9C:61:97:4B,1,17,174.0,EC:75:0C:53:67:7F,7,0,NONE,2026-08-24T16:02:27.929294
45917,MGMT_OTHER,-86,10,81712,2149,65384,29260,3198172,0,99,7,0,0,14:33:5C:6D:AF:58,0,0,ARMED,448.0,0,1,80:02:9C:61:97:4B,1,2,24.4,EC:75:0C:53:67:7F,7,0,NONE,2026-08-24T16:02:28.437294
45917,BEACON,-75,21,0,81,65384,29260,3198606,0,99,7,0,0,14:33:5C:6D:AF:58,0,0,ARMED,448.0,0,1,80:02:9C:61:97:4B,1,1,228.2,EC:75:0C:53:67:7F,7,0,NONE,2026-08-24T16:02:28.871294
45917,PROBE_RESP,-91,5,54,82,65384,29260,3199052,0,99,7,0,0,14:33:5C:6D:AF:58,0,0,ARMED,448.0,0,1,80:02:9C:61:97:4B,1,3,74.2,EC:75:0C:53:67:7F,7,0,NONE,2026-08-24T16:02:29.317294
45917,,-56,40,970,607,65384,29260,3199240,0,99,7,0,0,14:33:5C:6D:AF:58,0,0,ARMED,448.0,0,0,80:02:9C:61:97:4B,1,18,699.3,EC:75:0C:53:67:7F,7,0,NONE,2026-08-24T16:02:29.505294
45917,MGMT_OTHER,-85,11,28147,2165,65384,29260,3199757,0,99,7,0,0,14:33:5C:6D:AF:58,0,0,ARMED,448.0,0,1,80:02:9C:61:97:4B,1,2,70.0,EC:75:0C:53:67:7F,7,0,NONE,2026-08-24T16:02:30.022294
45917,,-93,3,63470,3827,65384,29260,3200525,0,99,7,0,0,14:33:5C:6D:AF:58,0,0,ARMED,448.0,0,1,80:02:9C:61:97:4B,1,1,14.7,EC:75:0C:53:67:7F,7,0,NONE,2026-08-24T16:02:30.790294
45917,MGMT_OTHER,40,40,0,1933,65384,29260,3201055,0,99,7,0,0,14:33:5C:6D:AF:58,0,0,ARMED,448.0,0,0,80:02:9C:61:97:4B,1,1,233.5,EC:75:0C:53:67:7F,7,0,NONE,2026-08-24T16:02:31.320294
45917,,-56,40,555,621,65384,29260,3201403,0,99,7,0,0,14:33:5C:6D:AF:58,0,0,ARMED,448.0,0,1,80:02:9C:61:97:4B,1,19,398.8,EC:75:0C:53:67:7F,7,0,NONE,2026-08-24T16:02:31.668294
45917,BEACON,-70,26,0,1942,65384,29260,3201972,0,99,7,0,0,14:33:5C:6D:AF:58,0,0,ARMED,448.0,0,0,80:02:9C:61:97:4B,1,1,479.2,EC:75:0C:53:67:7F,7,0,NONE,2026-08-24T16:02:32.237294
45917,,-42,54,166,1752,65384,29260,3202386,0,99,7,0,0,14:33:5C:6D:AF:58,0,0,ARMED,448.0,0,0,80:02:9C:61:97:4B,1,5,766.2,EC:75:0C:53:67:7F,7,0,NONE,2026-08-24T16:02:32.651294
45917,,-62,34,292,791,65384,29260,3202501,0,99,7,0,0,14:33:5C:6D:AF:58,0,1,ARMED,448.0,0,0,80:02:9C:61:97:4B,1,10,452.7,EC:75:0C:53:67:7F,7,0,NONE,2026-08-24T16:02:32.766294
45917,BEACON,-75,21,0,122,65384,29260,3202805,0,99,7,0,0,14:33:5C:6D:AF:58,0,0,ARMED,448.0,0,1,80:02:9C:61:97:4B,1,3,186.4,EC:75:0C:53:67:7F,7,0,NONE,2026-08-24T16:02:33.070294
45917,BEACON,-74,22,22951,2073,65384,29260,3203415,0,99,7,0,0,14:33:5C:6D:AF:58,0,0,ARMED,448.0,0,1,80:02:9C:61:97:4B,1,1,107.6,EC:75:0C:53:67:7F,7,0,NONE,2026-08-24T16:02:33.680294
45917,MGMT_OTHER,-86,10,29529,2207,65384,29260,3204059,0,99,7,0,0,14:33:5C:6D:AF:58,0,0,ARMED,448.0,0,1,80:02:9C:61:97:4B,1,4,97.4,EC:75:0C:53:67:7F,7,0,NONE,2026-08-24T16:02:34.324294
45917,BEACON,-94,2,11561,3439,65384,29260,3204500,0,99,7,0,0,14:33:5C:6D:AF:58,0,0,ARMED,448.0,0,1,80:02:9C:61:97:4B,1,4,55.3,EC:75:0C:53:67:7F,7,0,NONE,2026-08-24T16:02:34.765294
45917,,-62,34,480,831,65384,29260,3205193,0,99,7,0,0,14:33:5C:6D:AF:58,0,0,ARMED,448.0,0,0,80:02:9C:61:97:4B,1,7,143.2,EC:75:0C:53:67:7F,7,0,NONE,2026-08-24T16:02:35.458294
45917,MGMT_OTHER,59,59,0,1981,65384,29260,3205570,0,99,7,0,0,14:33:5C:6D:AF:58,0,0,ARMED,448.0,0,1,80:02:9C:61:97:4B,1,3,213.4,EC:75:0C:53:67:7F,7,0,NONE,2026-08-24T16:02:35.835294
45917,,-62,34,480,854,65384,29260,3205933,0,99,7,0,0,14:33:5C:6D:AF:58,0,0,ARMED,448.0,0,0,80:02:9C:61:97:4B,1,32,446.0,EC:75:0C:53:67:7F,7,0,NONE,2026-08-24T16:02:36.198294
45917,PROBE_REQ,-92,4,0,4016,65384,29260,3206351,0,99,7,0,0,14:33:5C:6D:AF:58,0,0,ARMED,448.0,0,1,80:02:9C:61:97:4B,1,4,50.9,EC:75:0C:53:67:7F,7,0,NONE,2026-08-24T16:02:36.616294
45917,BEACON,-75,21,70409,2107,65384,29260,3206794,0,99,7,0,0,14:33:5C:6D:AF:58,0,0,ARMED,448.0,0,1,80:02:9C:61:97:4B,1,2,176.5,EC:75:0C:53:67:7F,7,0,NONE,2026-08-24T16:02:37.059294
45917,MGMT_OTHER,15,15,0,1140,65368,29260,3207344,0,99,7,0,0,14:33:5C:6D:AF:58,0,0,ARMED,448.0,0,0,80:02:9C:61:97:4B,1,7,147.0,EC:75:0C:53:67:7F,7,0,NONE,2026-08-24T16:02:37.609294
45917,,-76,20,0,606,65384,29260,3207781,0,99,7,0,0,14:33:5C:6D:AF:58,0,0,ARMED,448.0,0,1,80:02:9C:61:97:4B,1,9,119.9,EC:75:0C:53:67:7F,7,0,NONE,2026-08-24T16:02:38.046294
45917,PROBE_RESP,-75,21,42152,473,65384,29260,3208198,0,99,7,0,0,14:33:5C:6D:AF:58,0,0,ARMED,448.0,0,1,80:02:9C:61:97:4B,1,5,59.3,EC:75:0C:53:67:7F,7,0,NONE,2026-08-24T16:02:38.463294
45917,PROBE_REQ,-77,19,41028,3786,65384,29260,3208440,0,99,7,0,0,14:33:5C:6D:AF:58,0,1,ARMED,448.0,0,1,80:02:9C:61:97:4B,1,5,243.3,EC:75:0C:53:67:7F,7,0,NONE,2026-08-24T16:02:38.705294
45917,BEACON,-75,21,57446,2130,65384,29260,3209149,0,99,7,0,0,14:33:5C:6D:AF:58,0,0,ARMED,448.0,0,1,80:02:9C:61:97:4B,1,3,267.6,EC:75:0C:53:67:7F,7,0,NONE,2026-08-24T16:02:39.414294
45917,MGMT_OTHER,-84,12,40339,2260,65384,29260,3209508,0,99,7,0,0,14:33:5C:6D:AF:58,0,1,ARMED,448.0,0,1,80:02:9C:61:97:4B,1,5,82.1,EC:75:0C:53:67:7F,7,0,NONE,2026-08-24T16:02:39.773294
45917,BEACON,-92,4,0,1467,65384,29260,3209656,0,99,7,0,0,14:33:5C:6D:AF:58,0,0,ARMED,448.0,0,1,80:02:9C:61:97:4B,1,1,251.3,EC:75:0C:53:67:7F,7,0,NONE,2026-08-24T16:02:39.921294
45917,MGMT_OTHER,40,40,0,2032,65384,29260,3210197,0,99,7,0,0,14:33:5C:6D:AF:58,0,0,ARMED,448.0,0,1,80:02:9C:61:97:4B,1,6,168.2,EC:75:0C:53:67:7F,7,0,NONE,2026-08-24T16:02:40.462294
45917,MGMT_OTHER,51,51,0,2036,65384,29260,3210505,0,99,7,0,0,14:33:5C:6D:AF:58,0,0,ARMED,448.0,0,1,80:02:9C:61:97:4B,1,4,110.0,EC:75:0C:53:67:7F,7,0,NONE,2026-08-24T16:02:40.770294
45917,BEACON,-68,28,0,2041,65384,29260,3210983,0,99,7,0,0,14:33:5C:6D:AF:58,0,0,ARMED,448.0,0,0,80:02:9C:61:97:4B,1,1,490.9,EC:75:0C:53:67:7F,7,0,NONE,2026-08-24T16:02:41.248294
45917,,-62,34,292,928,65384,29260,3211444,0,99,7,0,0,14:33:5C:6D:AF:58,0,0,ARMED,448.0,0,0,80:02:9C:61:97:4B,1,7,131.2,EC:75:0C:53:67:7F,7,0,NONE,2026-08-24T16:02:41.709294
45917,MGMT_OTHER,-87,9,15460,2577,65384,29260,3211903,0,99,7,0,0,14:33:5C:6D:AF:58,0,0,ARMED,448.0,0,1,80:02:9C:61:97:4B,1,10,99.0,EC:75:0C:53:67:7F,7,0,NONE,2026-08-24T16:02:42.168294
45917,,-56,40,0,764,65384,29260,3212354,0,99,7,0,0,14:33:5C:6D:AF:58,0,0,ARMED,448.0,0,0,80:02:9C:61:97:4B,1,23,545.9,EC:75:0C:53:67:7F,7,0,NONE,2026-08-24T16:02:42.619294
45917,,-62,34,292,951,65384,29260,3212951,0,99,7,0,0,14:33:5C:6D:AF:58,0,0,ARMED,448.0,0,0,80:02:9C:61:97:4B,1,5,207.8,EC:75:0C:53:67:7F,7,0,NONE,2026-08-24T16:02:43.216294
45917,,-62,34,0,970,65384,29260,3212993,0,99,7,0,0,14:33:5C:6D:AF:58,0,0,ARMED,448.0,0,0,80:02:9C:61:97:4B,1,55,821.0,EC:75:0C:53:67:7F,7,0,NONE,2026-08-24T16:02:43.258294
45917,MGMT_OTHER,59,59,0,2063,65384,29260,3213256,0,99,7,0,0,14:33:5C:6D:AF:58,0,0,ARMED,448.0,0,1,80:02:9C:61:97:4B,1,7,310.8,EC:75:0C:53:67:7F,7,0,NONE,2026-08-24T16:02:43.521294
45917,,-42,54,23795,1790,65384,29260,3213673,0,99,7,0,0,14:33:5C:6D:AF:58,0,0,ARMED,448.0,0,1,80:02:9C:61:97:4B,1,5,167.3,EC:75:0C:53:67:7F,7,0,NONE,2026-08-24T16:02:43.938294
45917,MGMT_OTHER,55,55,0,1144,65384,29260,3214013,0,99,7,0,0,14:33:5C:6D:AF:58,0,0,ARMED,448.0,0,0,80:02:9C:61:97:4B,1,12,193.4,EC:75:0C:53:67:7F,7,0,NONE,2026-08-24T16:02:44.278294
45917,MGMT_OTHER,53,53,0,1023,65384,29260,3214622,0,99,7,0,0,14:33:5C:6D:AF:58,0,0,ARMED,448.0,0,1,80:02:9C:61:97:4B,1,6,108.7,EC:75:0C:53:67:7F,7,0,NONE,2026-08-24T16:02:44.887294
45917,,-68,28,20982,3701,65384,29260,3215109,0,99,7,0,0,14:33:5C:6D:AF:58,0,0,ARMED,448.0,0,1,80:02:9C:61:97:4B,1,10,307.9,EC:75:0C:53:67:7F,7,0,NONE,2026-08-24T16:02:45.374294
45917,BEACON,-64,32,39266,2087,65384,29260,3215489,0,99,7,0,0,14:33:5C:6D:AF:58,0,0,ARMED,448.0,0,1,80:02:9C:61:97:4B,1,14,137.2,EC:75:0C:53:67:7F,7,0,NONE,2026-08-24T16:02:45.754294
45917,BEACON,-75,21,0,2200,65384,29260,3216215,0,99,7,0,0,14:33:5C:6D:AF:58,0,0,ARMED,448.0,0,1,80:02:9C:61:97:4B,1,2,214.9,EC:75:0C:53:67:7F,7,0,NONE,2026-08-24T16:02:46.480294
45917,MGMT_OTHER,58,58,0,2099,65384,29260,3216633,0,99,7,0,0,14:33:5C:6D:AF:58,0,0,ARMED,448.0,0,0,80:02:9C:61:97:4B,1,5,276.5,EC:75:0C:53:67:7F,7,0,NONE,2026-08-24T16:02:46.898294
45917,,-86,10,58216,1444,65384,29260,3217084,0,99,7,0,0,14:33:5C:6D:AF:58,0,0,ARMED,448.0,0,1,80:02:9C:61:97:4B,1,4,67.2,EC:75:0C:53:67:7F,7,0,NONE,2026-08-24T16:02:47.349294
45917,BEACON,-66,30,0,2110,65384,29260,3217741,0,99,7,0,0,14:33:5C:6D:AF:58,0,0,ARMED,448.0,0,0,80:02:9C:61:97:4B,1,1,497.8,EC:75:0C:53:67:7F,7,0,NONE,2026-08-24T16:02:48.006294
45917,BEACON,-94,2,0,3575,65384,29260,3218427,0,99,7,0,0,14:33:5C:6D:AF:58,0,0,ARMED,448.0,0,1,80:02:9C:61:97:4B,1,12,164.5,EC:75:0C:53:67:7F,7,0,NONE,2026-08-24T16:02:48.692294
45917,BEACON,-74,22,403,278,65384,29260,3218779,0,99,7,0,0,14:33:5C:6D:AF:58,1,1,ARMED,448.0,0,1,80:02:9C:61:97:4B,1,4,285.3,EC:75:0C:53:67:7F,7,0,NONE,2026-08-24T16:02:49.044294
45917,BEACON,-92,4,26661,1562,65384,29260,3219384,0,99,7,0,0,14:33:5C:6D:AF:58,0,0,ARMED,448.0,0,1,80:02:9C:61:97:4B,1,1,248.4,EC:75:0C:53:67:7F,7,0,NONE,2026-08-24T16:02:49.649294
45917,,-69,27,291,791,65384,29260,3219751,0,99,7,0,0,14:33:5C:6D:AF:58,0,0,ARMED,448.0,0,0,80:02:9C:61:97:4B,1,30,469.3,EC:75:0C:53:67:7F,7,0,NONE,2026-08-24T16:02:50.016294
45917,BEACON,-93,3,0,3591,65384,29260,3220065,0,99,7,0,0,14:33:5C:6D:AF:58,0,0,ARMED,448.0,0,1,80:02:9C:61:97:4B,1,8,109.7,EC:75:0C:53:67:7F,7,0,NONE,2026-08-24T16:02:50.330294
45917,,-33,63,33485,1806,65384,29260,3220613,0,99,7,0,0,14:33:5C:6D:AF:58,0,0,ARMED,448.0,0,1,80:02:9C:61:97:4B,1,2,320.5,EC:75:0C:53:67:7F,7,0,NONE,2026-08-24T16:02:50.878294
45917,BEACON,-96,0,309,123,65384,29260,3221146,0,99,7,0,0,14:33:5C:6D:AF:58,0,0,ARMED,448.0,0,1,80:02:9C:61:97:4B,1,5,180.6,EC:75:0C:53:67:7F,7,0,NONE,2026-08-24T16:02:51.411294
45917,BEACON,-75,21,0,307,65384,29260,3221748,0,99,7,0,0,14:33:5C:6D:AF:58,0,0,ARMED,448.0,0,1,80:02:9C:61:97:4B,1,3,229.0,EC:75:0C:53:67:7F,7,0,NONE,2026-08-24T16:02:52.013294
45917,BEACON,-74,22,0,310,65384,29260,3222056,0,99,7,0,0,14:33:5C:6D:AF:58,0,1,ARMED,448.0,0,1,80:02:9C:61:97:4B,1,4,258.1,EC:75:0C:53:67:7F,7,0,NONE,2026-08-24T16:02:52.321294
45917,,-57,39,1745,1592,65384,29260,3222650,0,99,7,0,0,14:33:5C:6D:AF:58,0,0,ARMED,448.0,0,1,80:02:9C:61:97:4B,1,18,197.9,EC:75:0C:53:67:7F,7,0,NONE,2026-08-24T16:02:52.915294
45917,,-84,12,8690,395,65384,29260,3222974,0,99,7,0,0,14:33:5C:6D:AF:58,0,0,ARMED,448.0,0,1,80:02:9C:61:97:4B,1,1,736.4,EC:75:0C:53:67:7F,7,0,NONE,2026-08-24T16:02:53.239294
45917,,-57,39,0,907,65384,29260,3223255,0,99,7,0,0,14:33:5C:6D:AF:58,0,0,ARMED,448.0,0,0,80:02:9C:61:97:4B,1,17,220.3,EC:75:0C:53:67:7F,7,0,NONE,2026-08-24T16:02:53.520294
45917,BEACON,-75,21,0,324,65384,29260,3223489,0,99,7,0,0,14:33:5C:6D:AF:58,0,0,ARMED,448.0,0,1,80:02:9C:61:97:4B,1,1,232.0,EC:75:0C:53:67:7F,7,0,NONE,2026-08-24T16:02:53.754294
45917,MGMT_OTHER,39,39,0,1023,65384,29260,3224094,0,99,7,0,0,14:33:5C:6D:AF:58,0,0,ARMED,448.0,0,1,80:02:9C:61:97:4B,1,10,102.5,EC:75:0C:53:67:7F,7,0,NONE,2026-08-24T16:02:54.359294
45917,MGMT_OTHER,-85,11,2562,2409,65384,29260,3224694,0,99,7,0,0,14:33:5C:6D:AF:58,0,0,ARMED,448.0,0,1,80:02:9C:61:97:4B,1,3,36.2,EC:75:0C:53:67:7F,7,0,NONE,2026-08-24T16:02:54.959294
45917,BEACON,-74,22,0,2291,65384,29260,3225328,0,99,7,0,0,14:33:5C:6D:AF:58,0,0,ARMED,448.0,0,1,80:02:9C:61:97:4B,1,18,176.0,EC:75:0C:53:67:7F,7,0,NONE,2026-08-24T16:02:55.593294
45917,,-64,32,6709,1157,65384,29260,3225784,0,99,7,0,0,14:33:5C:6D:AF:58,0,0,ARMED,448.0,0,1,80:02:9C:61:97:4B,1,8,171.5,EC:75:0C:53:67:7F,7,0,NONE,2026-08-24T16:02:56.049294
45917,BEACON,-90,6,14580,2253,65384,29260,3226066,0,99,7,0,0,14:33:5C:6D:AF:58,0,0,ARMED,448.0,0,1,80:02:9C:61:97:4B,1,3,144.2,EC:75:0C:53:67:7F,7,0,NONE,2026-08-24T16:02:56.331294
45917,PROBE_REQ,-93,3,0,756,65384,29260,3226582,0,99,7,0,0,14:33:5C:6D:AF:58,0,0,ARMED,448.0,0,0,80:02:9C:61:97:4B,1,9,358.8,EC:75:0C:53:67:7F,7,0,NONE,2026-08-24T16:02:56.847294
45917,PROBE_RESP,-74,22,63,491,65384,29260,3226716,0,99,7,0,0,14:33:5C:6D:AF:58,1,1,ARMED,448.0,0,1,80:02:9C:61:97:4B,1,30,533.9,EC:75:0C:53:67:7F,7,0,NONE,2026-08-24T16:02:56.981294
45917,BEACON,-93,3,52807,2229,65384,29260,3226955,0,99,7,0,0,14:33:5C:6D:AF:58,0,0,ARMED,448.0,0,1,80:02:9C:61:97:4B,1,18,197.2,EC:75:0C:53:67:7F,7,0,NONE,2026-08-24T16:02:57.220294
45917,PROBE_RESP,-93,3,49462,3133,65384,29260,3227457,0,99,7,0,0,14:33:5C:6D:AF:58,0,0,ARMED,448.0,0,1,80:02:9C:61:97:4B,1,13,87.3,EC:75:0C:53:67:7F,7,0,NONE,2026-08-24T16:02:57.722294
45917,,-47,49,7040,1834,65384,29260,3227814,0,99,7,0,0,14:33:5C:6D:AF:58,0,0,ARMED,448.0,0,0,80:02:9C:61:97:4B,1,5,125.3,EC:75:0C:53:67:7F,7,0,NONE,2026-08-24T16:02:58.079294
45917,,-73,23,113,1842,65384,29260,3227922,0,99,7,0,0,14:33:5C:6D:AF:58,0,1,ARMED,448.0,0,1,80:02:9C:61:97:4B,1,19,444.3,EC:75:0C:53:67:7F,7,0,NONE,2026-08-24T16:02:58.187294
45917,,-35,61,16694,1839,65384,29260,3228105,0,99,7,0,0,14:33:5C:6D:AF:58,0,0,ARMED,448.0,0,1,80:02:9C:61:97:4B,1,5,214.4,EC:75:0C:53:67:7F,7,0,NONE,2026-08-24T16:02:58.370294
45917,,-70,26,18203,941,65384,29260,3228423,0,99,7,0,0,14:33:5C:6D:AF:58,0,0,ARMED,448.0,0,1,80:02:9C:61:97:4B,1,12,361.9,EC:75:0C:53:67:7F,7,0,NONE,2026-08-24T16:02:58.688294
45917,,-57,39,0,3603,65384,29260,3228541,0,99,7,0,0,14:33:5C:6D:AF:58,0,1,ARMED,448.0,0,0,80:02:9C:61:97:4B,1,21,435.8,EC:75:0C:53:67:7F,7,0,NONE,2026-08-24T16:02:58.806294
45917,,-71,25,0,20,65384,29260,3228634,0,99,7,0,0,14:33:5C:6D:AF:58,1,1,ARMED,448.0,0,0,80:02:9C:61:97:4B,1,33,810.0,EC:75:0C:53:67:7F,7,0,NONE,2026-08-24T16:02:58.899294
45917,,-57,39,0,3632,65384,29260,3228715,0,99,7,0,0,14:33:5C:6D:AF:58,1,1,ARMED,448.0,0,0,80:02:9C:61:97:4B,1,9,493.5,EC:75:0C:53:67:7F,7,0,NONE,2026-08-24T16:02:58.980294
45917,,-72,24,1749,41,65384,29260,3228843,0,99,7,0,0,14:33:5C:6D:AF:58,1,1,ARMED,448.0,0,1,80:02:9C:61:97:4B,1,26,612.5,EC:75:0C:53:67:7F,7,0,NONE,2026-08-24T16:02:59.108294
45917,,-57,39,0,1001,64432,29260,3229025,0,99,7,0,0,14:33:5C:6D:AF:58,0,0,ARMED,448.0,0,0,80:02:9C:61:97:4B,1,22,1114.2,EC:75:0C:53:67:7F,7,0,NONE,2026-08-24T16:02:59.290294
45917,,-72,24,1022,43,64000,29260,3229191,0,99,7,0,0,14:33:5C:6D:AF:58,1,1,ARMED,448.0,0,0,80:02:9C:61:97:4B,1,18,217.2,EC:75:0C:53:67:7F,7,0,NONE,2026-08-24T16:02:59.456294
45917,,-57,39,0,3657,65384,29260,3229261,0,99,7,0,0,14:33:5C:6D:AF:58,1,1,ARMED,448.0,0,0,80:02:9C:61:97:4B,1,31,607.9,EC:75:0C:53:67:7F,7,0,NONE,2026-08-24T16:02:59.526294
45917,,-57,39,1002,3667,65384,29260,3229394,0,99,7,0,0,14:33:5C:6D:AF:58,1,1,ARMED,448.0,0,1,80:02:9C:61:97:4B,1,27,322.5,EC:75:0C:53:67:7F,7,0,NONE,2026-08-24T16:02:59.659294
45917,,-73,23,745,1039,65384,29260,3229576,0,99,7,0,0,14:33:5C:6D:AF:58,1,1,ARMED,448.0,0,0,80:02:9C:61:97:4B,1,15,246.1,EC:75:0C:53:67:7F,7,0,NONE,2026-08-24T16:02:59.841294
45917,MGMT_OTHER,-85,11,9907,2459,65384,29260,3229798,0,99,7,0,0,14:33:5C:6D:AF:58,0,0,ARMED,448.0,0,1,80:02:9C:61:97:4B,1,17,212.4,EC:75:0C:53:67:7F,7,0,NONE,2026-08-24T16:03:00.063294
45917,,-59,37,8733,76,65384,29260,3230267,0,99,7,0,0,14:33:5C:6D:AF:58,0,0,ARMED,448.0,0,1,80:02:9C:61:97:4B,1,5,151.7,EC:75:0C:53:67:7F,7,0,NONE,2026-08-24T16:03:00.532294
45917,,-64,32,31595,1258,65384,29260,3230386,0,99,7,0,0,14:33:5C:6D:AF:58,1,1,ARMED,448.0,0,1,80:02:9C:61:97:4B,1,21,405.5,EC:75:0C:53:67:7F,7,0,NONE,2026-08-24T16:03:00.651294
45917,MGMT_OTHER,60,60,0,0,65384,29260,3230700,0,99,7,0,0,14:33:5C:6D:AF:58,0,0,ARMED,448.0,0,1,80:02:9C:61:97:4B,1,6,106.1,EC:75:0C:53:67:7F,7,0,NONE,2026-08-24T16:03:00.965294
45917,MGMT_OTHER,-85,11,64614,2471,65384,29260,3231032,0,99,7,0,0,14:33:5C:6D:AF:58,0,0,ARMED,448.0,0,1,80:02:9C:61:97:4B,1,9,107.7,EC:75:0C:53:67:7F,7,0,NONE,2026-08-24T16:03:01.297294
45917,BEACON,-93,3,68981,2275,65384,29260,3231563,0,99,7,0,0,14:33:5C:6D:AF:58,0,0,ARMED,448.0,0,1,80:02:9C:61:97:4B,1,4,39.8,EC:75:0C:53:67:7F,7,0,NONE,2026-08-24T16:03:01.828294
45917,PROBE_REQ,-94,2,82,3708,65384,29260,3232046,0,99,7,0,0,14:33:5C:6D:AF:58,0,0,ARMED,448.0,0,1,80:02:9C:61:97:4B,1,11,151.5,EC:75:0C:53:67:7F,7,0,NONE,2026-08-24T16:03:02.311294
45917,,-67,29,894,1281,65384,29260,3232447,0,99,7,0,0,14:33:5C:6D:AF:58,0,0,ARMED,448.0,0,0,80:02:9C:61:97:4B,1,16,247.4,EC:75:0C:53:67:7F,7,0,NONE,2026-08-24T16:03:02.712294
45917,BEACON,-75,21,9487,415,65384,29260,3232808,0,99,7,0,0,14:33:5C:6D:AF:58,0,0,ARMED,448.0,0,1,80:02:9C:61:97:4B,1,3,193.6,EC:75:0C:53:67:7F,7,0,NONE,2026-08-24T16:03:03.073294
45917,,-57,39,4759,1059,65384,29260,3233178,0,99,7,0,0,14:33:5C:6D:AF:58,0,0,ARMED,448.0,0,0,80:02:9C:61:97:4B,1,23,290.4,EC:75:0C:53:67:7F,7,0,NONE,2026-08-24T16:03:03.443294
45917,,-36,60,17846,1868,65384,29260,3233580,0,99,7,0,0,14:33:5C:6D:AF:58,0,0,ARMED,448.0,0,0,80:02:9C:61:97:4B,1,11,154.3,EC:75:0C:53:67:7F,7,0,NONE,2026-08-24T16:03:03.845294
45917,,-61,35,0,1315,65384,29260,3233806,0,99,7,0,0,14:33:5C:6D:AF:58,0,0,ARMED,448.0,0,0,80:02:9C:61:97:4B,1,23,255.6,EC:75:0C:53:67:7F,7,0,NONE,2026-08-24T16:03:04.071294
45917,BEACON,-93,3,0,3728,65384,29260,3234094,0,99,7,0,0,14:33:5C:6D:AF:58,0,0,ARMED,448.0,0,1,80:02:9C:61:97:4B,1,7,103.0,EC:75:0C:53:67:7F,7,0,NONE,2026-08-24T16:03:04.359294
45917,,-72,24,656,1855,65384,29260,3234216,0,99,7,0,0,14:33:5C:6D:AF:58,0,0,ARMED,448.0,0,0,80:02:9C:61:97:4B,1,42,481.3,EC:75:0C:53:67:7F,7,0,NONE,2026-08-24T16:03:04.481294
45917,,-71,25,736,1105,65384,29260,3234473,0,99,7,0,0,14:33:5C:6D:AF:58,0,0,ARMED,448.0,0,0,80:02:9C:61:97:4B,1,10,270.9,EC:75:0C:53:67:7F,7,0,NONE,2026-08-24T16:03:04.738294
45917,BEACON,-92,4,0,2307,65384,29260,3234840,0,99,7,0,0,14:33:5C:6D:AF:58,0,0,ARMED,448.0,0,1,80:02:9C:61:97:4B,1,8,81.6,EC:75:0C:53:67:7F,7,0,NONE,2026-08-24T16:03:05.105294
45917,,-87,9,5119,1961,65384,29260,3235150,0,99,7,0,0,14:33:5C:6D:AF:58,0,0,ARMED,448.0,0,1,80:02:9C:61:97:4B,1,5,99.5,EC:75:0C:53:67:7F,7,0,NONE,2026-08-24T16:03:05.415294
45917,BEACON,-75,21,0,440,65384,29260,3235368,0,99,7,0,0,14:33:5C:6D:AF:58,0,0,ARMED,448.0,0,1,80:02:9C:61:97:4B,1,14,244.1,EC:75:0C:53:67:7F,7,0,NONE,2026-08-24T16:03:05.633294
45917,MGMT_OTHER,-85,11,160,2515,65384,29260,3235569,0,99,7,0,0,14:33:5C:6D:AF:58,0,1,ARMED,448.0,0,1,80:02:9C:61:97:4B,1,14,339.8,EC:75:0C:53:67:7F,7,0,NONE,2026-08-24T16:03:05.834294
45917,,-57,39,986,1102,65384,29260,3235697,0,99,7,0,0,14:33:5C:6D:AF:58,0,0,ARMED,448.0,0,0,80:02:9C:61:97:4B,1,38,569.8,EC:75:0C:53:67:7F,7,0,NONE,2026-08-24T16:03:05.962294
45917,,-36,60,57588,1894,65384,29260,3235974,0,99,7,0,0,14:33:5C:6D:AF:58,0,0,ARMED,448.0,0,1,80:02:9C:61:97:4B,1,3,422.9,EC:75:0C:53:67:7F,7,0,NONE,2026-08-24T16:03:06.239294
45917,BEACON,-89,7,5079,2323,65384,29260,3236376,0,99,7,0,0,14:33:5C:6D:AF:58,0,0,ARMED,448.0,0,1,80:02:9C:61:97:4B,1,14,136.7,EC:75:0C:53:67:7F,7,0,NONE,2026-08-24T16:03:06.641294
45917,,-57,39,528,1113,65384,29260,3236587,0,99,7,0,0,14:33:5C:6D:AF:58,0,0,ARMED,448.0,0,0,80:02:9C:61:97:4B,1,4,1178.9,EC:75:0C:53:67:7F,7,0,NONE,2026-08-24T16:03:06.852294
45917,,-37,59,9294,1910,65384,29260,3236827,0,99,7,0,0,14:33:5C:6D:AF:58,0,0,ARMED,448.0,0,1,80:02:9C:61:97:4B,1,8,193.2,EC:75:0C:53:67:7F,7,0,NONE,2026-08-24T16:03:07.092294
45917,,-56,40,536,1119,65056,29260,3237127,0,99,7,0,0,14:33:5C:6D:AF:58,0,0,ARMED,448.0,0,0,80:02:9C:61:97:4B,1,17,504.0,EC:75:0C:53:67:7F,7,0,NONE,2026-08-24T16:03:07.392294
45917,BEACON,-90,6,0,2332,65384,29260,3237298,0,99,7,0,0,14:33:5C:6D:AF:58,0,0,ARMED,448.0,0,1,80:02:9C:61:97:4B,1,11,107.4,EC:75:0C:53:67:7F,7,0,NONE,2026-08-24T16:03:07.563294
45917,,-74,22,777,2450,65384,29260,3237666,0,99,7,0,0,14:33:5C:6D:AF:58,0,0,ARMED,448.0,0,1,80:02:9C:61:97:4B,1,16,272.1,EC:75:0C:53:67:7F,7,0,NONE,2026-08-24T16:03:07.931294
45917,,-85,11,20740,1990,65384,29260,3238088,0,99,7,0,0,14:33:5C:6D:AF:58,0,0,ARMED,448.0,0,1,80:02:9C:61:97:4B,1,12,163.4,EC:75:0C:53:67:7F,7,0,NONE,2026-08-24T16:03:08.353294
45917,,-59,37,0,1400,65384,29260,3238346,0,99,7,0,0,14:33:5C:6D:AF:58,0,0,ARMED,448.0,0,0,80:02:9C:61:97:4B,1,13,534.1,EC:75:0C:53:67:7F,7,0,NONE,2026-08-24T16:03:08.611294
45917,,-57,39,0,3688,65384,29260,3238557,0,99,7,0,0,14:33:5C:6D:AF:58,0,0,ARMED,448.0,0,0,80:02:9C:61:97:4B,1,12,415.6,EC:75:0C:53:67:7F,7,0,NONE,2026-08-24T16:03:08.822294
45917,BEACON,-73,23,0,2427,65384,29260,3239050,0,99,7,0,0,14:33:5C:6D:AF:58,0,0,ARMED,448.0,0,0,80:02:9C:61:97:4B,1,2,175.3,EC:75:0C:53:67:7F,7,0,NONE,2026-08-24T16:03:09.315294
45917,,-59,37,291,1410,65384,29260,3239691,0,99,7,0,0,14:33:5C:6D:AF:58,0,0,ARMED,448.0,0,0,80:02:9C:61:97:4B,1,6,167.4,EC:75:0C:53:67:7F,7,0,NONE,2026-08-24T16:03:09.956294
45917,MGMT_OTHER,-84,12,17578,3883,65384,29260,3240067,0,99,7,0,0,14:33:5C:6D:AF:58,0,0,ARMED,448.0,0,1,80:02:9C:61:97:4B,1,3,677.4,EC:75:0C:53:67:7F,7,0,NONE,2026-08-24T16:03:10.332294
45917,,-57,39,0,1166,65384,29260,3240546,0,99,7,0,0,14:33:5C:6D:AF:58,0,0,ARMED,448.0,0,0,80:02:9C:61:97:4B,1,23,312.0,EC:75:0C:53:67:7F,7,0,NONE,2026-08-24T16:03:10.811294
45917,,-57,39,0,1451,65384,29260,3240608,0,99,7,0,0,14:33:5C:6D:AF:58,0,1,ARMED,448.0,0,0,80:02:9C:61:97:4B,1,41,1228.8,EC:75:0C:53:67:7F,7,0,NONE,2026-08-24T16:03:10.873294
45917,BEACON,-75,21,15184,496,65384,29260,3241102,0,99,7,0,0,14:33:5C:6D:AF:58,0,0,ARMED,448.0,0,1,80:02:9C:61:97:4B,1,4,295.3,EC:75:0C:53:67:7F,7,0,NONE,2026-08-24T16:03:11.367294
45917,MGMT_OTHER,56,56,0,2412,65384,29260,3241639,0,99,7,0,0,14:33:5C:6D:AF:58,0,0,ARMED,448.0,0,1,80:02:9C:61:97:4B,1,5,124.2,EC:75:0C:53:67:7F,7,0,NONE,2026-08-24T16:03:11.904294
45917,BEACON,-73,23,0,2460,65384,29260,3242327,0,99,7,0,0,14:33:5C:6D:AF:58,0,0,ARMED,448.0,0,0,80:02:9C:61:97:4B,1,1,111.8,EC:75:0C:53:67:7F,7,0,NONE,2026-08-24T16:03:12.592294
45917,BEACON,-75,21,10735,2465,65384,29260,3242839,0,99,7,0,0,14:33:5C:6D:AF:58,0,0,ARMED,448.0,0,0,80:02:9C:61:97:4B,1,1,113.7,EC:75:0C:53:67:7F,7,0,NONE,2026-08-24T16:03:13.104294
45917,PROBE_RESP,-58,38,0,2431,65384,29260,3243144,0,99,7,0,0,14:33:5C:6D:AF:58,0,0,ARMED,448.0,0,1,80:02:9C:61:97:4B,1,4,428.4,EC:75:0C:53:67:7F,7,0,NONE,2026-08-24T16:03:13.409294
45917,BEACON,-75,21,3521,2474,65384,29260,3243760,0,99,7,0,0,14:33:5C:6D:AF:58,0,0,ARMED,448.0,0,1,80:02:9C:61:97:4B,1,3,267.5,EC:75:0C:53:67:7F,7,0,NONE,2026-08-24T16:03:14.025294
45917,,-57,39,7926,1212,65384,29260,3244072,0,99,7,0,0,14:33:5C:6D:AF:58,0,0,ARMED,448.0,0,1,80:02:9C:61:97:4B,1,13,815.9,EC:75:0C:53:67:7F,7,0,NONE,2026-08-24T16:03:14.337294
45917,MGMT_OTHER,14,14,0,2444,65384,29260,3244319,0,99,7,0,0,14:33:5C:6D:AF:58,0,0,ARMED,448.0,0,1,80:02:9C:61:97:4B,1,5,85.9,EC:75:0C:53:67:7F,7,0,NONE,2026-08-24T16:03:14.584294
45917,BEACON,-77,19,17542,534,65384,29260,3244993,0,99,7,0,0,14:33:5C:6D:AF:58,0,0,ARMED,448.0,0,1,80:02:9C:61:97:4B,1,3,190.9,EC:75:0C:53:67:7F,7,0,NONE,2026-08-24T16:03:15.258294
45917,BEACON,-64,32,0,2458,65384,29260,3245594,0,99,7,0,0,14:33:5C:6D:AF:58,0,0,ARMED,448.0,0,0,80:02:9C:61:97:4B,1,1,475.1,EC:75:0C:53:67:7F,7,0,NONE,2026-08-24T16:03:15.859294
45917,,-47,49,53,154,65384,29260,3245880,0,99,7,0,0,14:33:5C:6D:AF:58,0,0,ARMED,448.0,0,1,80:02:9C:61:97:4B,1,33,400.4,EC:75:0C:53:67:7F,7,0,NONE,2026-08-24T16:03:16.145294
45917,BEACON,-91,5,0,2422,65384,29260,3246309,0,99,7,0,0,14:33:5C:6D:AF:58,0,0,ARMED,448.0,0,1,80:02:9C:61:97:4B,1,11,113.9,EC:75:0C:53:67:7F,7,0,NONE,2026-08-24T16:03:16.574294
45917,,-74,22,116,1238,65384,29260,3246517,0,99,7,0,0,14:33:5C:6D:AF:58,0,0,ARMED,448.0,0,0,80:02:9C:61:97:4B,1,6,1728.1,EC:75:0C:53:67:7F,7,0,NONE,2026-08-24T16:03:16.782294
45917,,-60,36,16843,1525,65384,29260,3246844,0,99,7,0,0,14:33:5C:6D:AF:58,0,0,ARMED,448.0,0,1,80:02:9C:61:97:4B,1,5,216.7,EC:75:0C:53:67:7F,7,0,NONE,2026-08-24T16:03:17.109294
45917,BEACON,-63,33,0,2474,65384,29260,3247130,0,99,7,0,0,14:33:5C:6D:AF:58,0,0,ARMED,448.0,0,0,80:02:9C:61:97:4B,1,1,481.9,EC:75:0C:53:67:7F,7,0,NONE,2026-08-24T16:03:17.395294
45917,BEACON,-64,32,20764,2478,65384,29260,3247540,0,99,7,0,0,14:33:5C:6D:AF:58,0,1,ARMED,448.0,0,1,80:02:9C:61:97:4B,1,29,277.8,EC:75:0C:53:67:7F,7,0,NONE,2026-08-24T16:03:17.805294
45917,BEACON,-63,33,0,2480,65384,29260,3247744,0,99,7,0,0,14:33:5C:6D:AF:58,0,0,ARMED,448.0,0,1,80:02:9C:61:97:4B,1,24,229.9,EC:75:0C:53:67:7F,7,0,NONE,2026-08-24T16:03:18.009294
45917,MGMT_OTHER,40,40,0,1023,65384,29260,3248335,0,99,7,0,0,14:33:5C:6D:AF:58,0,0,ARMED,448.0,0,0,80:02:9C:61:97:4B,1,11,136.7,EC:75:0C:53:67:7F,7,0,NONE,2026-08-24T16:03:18.600294
45917,BEACON,-96,0,0,890,65384,29260,3248946,0,99,7,0,0,14:33:5C:6D:AF:58,0,0,ARMED,448.0,0,1,80:02:9C:61:97:4B,1,5,66.4,EC:75:0C:53:67:7F,7,0,NONE,2026-08-24T16:03:19.211294
45917,BEACON,-62,34,26873,2499,65384,29260,3249588,0,99,7,0,0,14:33:5C:6D:AF:58,0,0,ARMED,448.0,0,1,80:02:9C:61:97:4B,1,8,78.1,EC:75:0C:53:67:7F,7,0,NONE,2026-08-24T16:03:19.853294
45917,,-56,40,4219,1292,65384,29260,3249847,0,99,7,0,0,14:33:5C:6D:AF:58,0,0,ARMED,448.0,0,0,80:02:9C:61:97:4B,1,27,476.8,EC:75:0C:53:67:7F,7,0,NONE,2026-08-24T16:03:20.112294
45917,,-91,5,4648,4057,65384,29260,3250408,0,99,7,0,0,14:33:5C:6D:AF:58,0,0,ARMED,448.0,0,1,80:02:9C:61:97:4B,1,1,650.2,EC:75:0C:53:67:7F,7,0,NONE,2026-08-24T16:03:20.673294
45917,,-47,49,0,4072,65384,29260,3250981,0,99,7,0,0,14:33:5C:6D:AF:58,0,0,ARMED,448.0,0,1,80:02:9C:61:97:4B,1,6,93.4,EC:75:0C:53:67:7F,7,0,NONE,2026-08-24T16:03:21.246294
45917,,-59,37,480,1612,65384,29260,3251060,0,99,7,0,0,14:33:5C:6D:AF:58,0,1,ARMED,448.0,0,0,80:02:9C:61:97:4B,1,23,585.9,EC:75:0C:53:67:7F,7,0,NONE,2026-08-24T16:03:21.325294
45917,BEACON,-65,31,0,2518,65384,29260,3251328,0,99,7,0,0,14:33:5C:6D:AF:58,0,0,ARMED,448.0,0,1,80:02:9C:61:97:4B,1,12,115.0,EC:75:0C:53:67:7F,7,0,NONE,2026-08-24T16:03:21.593294
45917,,-48,48,0,162,65384,29260,3251903,0,99,7,0,0,14:33:5C:6D:AF:58,0,0,ARMED,448.0,0,1,80:02:9C:61:97:4B,1,6,93.1,EC:75:0C:53:67:7F,7,0,NONE,2026-08-24T16:03:22.168294
45917,BEACON,-63,33,170,2529,65384,29260,3252455,0,99,7,0,0,14:33:5C:6D:AF:58,0,0,ARMED,448.0,0,1,80:02:9C:61:97:4B,1,8,78.1,EC:75:0C:53:67:7F,7,0,NONE,2026-08-24T16:03:22.720294
45917,,-37,59,20845,1962,65384,29260,3252785,0,99,7,0,0,14:33:5C:6D:AF:58,0,0,ARMED,448.0,0,1,80:02:9C:61:97:4B,1,5,216.9,EC:75:0C:53:67:7F,7,0,NONE,2026-08-24T16:03:23.050294
45917,,-57,39,4760,1330,65384,29260,3253004,0,99,7,0,0,14:33:5C:6D:AF:58,0,0,ARMED,448.0,0,0,80:02:9C:61:97:4B,1,25,669.9,EC:75:0C:53:67:7F,7,0,NONE,2026-08-24T16:03:23.269294
45917,DISASSOC,-86,10,0,492,65384,29260,3253328,0,99,7,0,0,14:33:5C:6D:AF:58,0,0,ARMED,448.0,0,1,80:02:9C:61:97:4B,1,6,107.0,EC:75:0C:53:67:7F,7,0,NONE,2026-08-24T16:03:23.593294
45917,,-92,4,124,384,65384,29260,3253824,0,99,7,0,0,14:33:5C:6D:AF:58,0,0,ARMED,448.0,0,1,80:02:9C:61:97:4B,1,6,151.5,EC:75:0C:53:67:7F,7,0,NONE,2026-08-24T16:03:24.089294
45917,,-56,40,0,1340,65384,29260,3254005,0,99,7,0,0,14:33:5C:6D:AF:58,0,1,ARMED,448.0,0,0,80:02:9C:61:97:4B,1,10,698.1,EC:75:0C:53:67:7F,7,0,NONE,2026-08-24T16:03:24.270294
45917,BEACON,-61,35,0,2548,65384,29260,3254299,0,99,7,0,0,14:33:5C:6D:AF:58,0,0,ARMED,448.0,0,1,80:02:9C:61:97:4B,1,2,639.2,EC:75:0C:53:67:7F,7,0,NONE,2026-08-24T16:03:24.564294
45917,BEACON,-75,21,0,2583,65384,29260,3254410,0,99,7,0,0,14:33:5C:6D:AF:58,1,1,ARMED,448.0,0,1,80:02:9C:61:97:4B,1,3,318.7,EC:75:0C:53:67:7F,7,0,NONE,2026-08-24T16:03:24.675294
45917,BEACON,-96,0,54,3930,65384,29260,3254881,0,99,7,0,0,14:33:5C:6D:AF:58,0,0,ARMED,448.0,0,1,80:02:9C:61:97:4B,1,5,70.3,EC:75:0C:53:67:7F,7,0,NONE,2026-08-24T16:03:25.146294
45917,BEACON,-75,21,67337,634,65384,29260,3255233,0,99,7,0,0,14:33:5C:6D:AF:58,0,0,ARMED,448.0,0,1,80:02:9C:61:97:4B,1,3,192.9,EC:75:0C:53:67:7F,7,0,NONE,2026-08-24T16:03:25.498294
45917,,-70,26,20294,1257,65384,29260,3255465,0,99,7,0,0,14:33:5C:6D:AF:58,0,0,ARMED,448.0,0,0,80:02:9C:61:97:4B,1,15,372.2,EC:75:0C:53:67:7F,7,0,NONE,2026-08-24T16:03:25.730294
45917,BEACON,-93,3,52058,2528,65384,29260,3256242,0,99,7,0,0,14:33:5C:6D:AF:58,0,0,ARMED,448.0,0,1,80:02:9C:61:97:4B,1,3,30.4,EC:75:0C:53:67:7F,7,0,NONE,2026-08-24T16:03:26.507294
45917,MGMT_OTHER,40,40,0,0,65384,29260,3256682,0,99,7,0,0,14:33:5C:6D:AF:58,0,0,ARMED,448.0,0,0,80:02:9C:61:97:4B,1,9,312.0,EC:75:0C:53:67:7F,7,0,NONE,2026-08-24T16:03:26.947294
45917,,-61,35,0,1695,65384,29260,3256968,0,99,7,0,0,14:33:5C:6D:AF:58,0,0,ARMED,448.0,0,0,80:02:9C:61:97:4B,1,15,1299.5,EC:75:0C:53:67:7F,7,0,NONE,2026-08-24T16:03:27.233294
45917,BEACON,-92,4,0,1935,65384,29260,3257579,0,99,7,0,0,14:33:5C:6D:AF:58,0,0,ARMED,448.0,0,1,80:02:9C:61:97:4B,1,2,332.8,EC:75:0C:53:67:7F,7,0,NONE,2026-08-24T16:03:27.844294
45917,,-70,26,30220,2267,65384,29260,3257922,0,99,7,0,0,14:33:5C:6D:AF:58,0,0,ARMED,448.0,0,1,80:02:9C:61:97:4B,1,6,143.6,EC:75:0C:53:67:7F,7,0,NONE,2026-08-24T16:03:28.187294
45917,,-61,35,292,1717,65384,29260,3258024,0,99,7,0,0,14:33:5C:6D:AF:58,0,1,ARMED,448.0,0,0,80:02:9C:61:97:4B,1,11,275.2,EC:75:0C:53:67:7F,7,0,NONE,2026-08-24T16:03:28.289294
45917,MGMT_OTHER,55,55,0,1023,65384,29260,3258215,0,99,7,0,0,14:33:5C:6D:AF:58,1,0,ARMED,448.0,0,1,80:02:9C:61:97:4B,1,7,274.9,EC:75:0C:53:67:7F,7,0,NONE,2026-08-24T16:03:28.480294
45917,BEACON,-76,20,0,667,65384,29260,3258612,0,99,7,0,0,14:33:5C:6D:AF:58,0,0,ARMED,448.0,0,1,80:02:9C:61:97:4B,1,3,220.4,EC:75:0C:53:67:7F,7,0,NONE,2026-08-24T16:03:28.877294
45917,,-90,6,6965,2529,65384,29260,3258923,0,99,7,0,0,14:33:5C:6D:AF:58,0,0,ARMED,448.0,0,1,80:02:9C:61:97:4B,1,4,238.2,EC:75:0C:53:67:7F,7,0,NONE,2026-08-24T16:03:29.188294
45917,BEACON,-76,20,0,676,65384,29260,3259534,0,99,7,0,0,14:33:5C:6D:AF:58,0,0,ARMED,448.0,0,1,80:02:9C:61:97:4B,1,4,257.5,EC:75:0C:53:67:7F,7,0,NONE,2026-08-24T16:03:29.799294
45917,,-61,35,301,1744,65384,29260,3260120,0,99,7,0,0,14:33:5C:6D:AF:58,0,0,ARMED,448.0,0,0,80:02:9C:61:97:4B,1,12,133.5,EC:75:0C:53:67:7F,7,0,NONE,2026-08-24T16:03:30.385294
45917,BEACON,-65,31,39708,2614,65384,29260,3260544,0,99,7,0,0,14:33:5C:6D:AF:58,0,0,ARMED,448.0,0,1,80:02:9C:61:97:4B,1,12,114.9,EC:75:0C:53:67:7F,7,0,NONE,2026-08-24T16:03:30.809294
45917,BEACON,-76,20,7890,2651,65384,29260,3260861,0,99,7,0,0,14:33:5C:6D:AF:58,1,1,ARMED,448.0,0,0,80:02:9C:61:97:4B,1,1,106.0,EC:75:0C:53:67:7F,7,0,NONE,2026-08-24T16:03:31.126294
45917,BEACON,-64,32,0,2621,65384,29260,3261159,0,99,7,0,0,14:33:5C:6D:AF:58,0,1,ARMED,448.0,0,1,80:02:9C:61:97:4B,1,30,287.4,EC:75:0C:53:67:7F,7,0,NONE,2026-08-24T16:03:31.424294
45917,,-56,40,0,1455,65384,29260,3261401,0,99,7,0,0,14:33:5C:6D:AF:58,0,0,ARMED,448.0,0,0,80:02:9C:61:97:4B,1,38,1010.7,EC:75:0C:53:67:7F,7,0,NONE,2026-08-24T16:03:31.666294
45917,BEACON,-64,32,0,2627,65384,29260,3261773,0,99,7,0,0,14:33:5C:6D:AF:58,0,0,ARMED,448.0,0,0,80:02:9C:61:97:4B,1,1,484.7,EC:75:0C:53:67:7F,7,0,NONE,2026-08-24T16:03:32.038294
45917,MGMT_OTHER,60,60,0,2630,65384,29260,3262113,0,99,7,0,0,14:33:5C:6D:AF:58,0,0,ARMED,448.0,0,0,80:02:9C:61:97:4B,1,19,554.1,EC:75:0C:53:67:7F,7,0,NONE,2026-08-24T16:03:32.378294
45917,BEACON,-66,30,19421,2634,65384,29260,3262388,0,99,7,0,0,14:33:5C:6D:AF:58,0,0,ARMED,448.0,0,0,80:02:9C:61:97:4B,1,1,476.2,EC:75:0C:53:67:7F,7,0,NONE,2026-08-24T16:03:32.653294
45917,MGMT_OTHER,60,60,0,1023,65384,29260,3262625,0,99,7,0,0,14:33:5C:6D:AF:58,0,0,ARMED,448.0,0,0,80:02:9C:61:97:4B,1,25,724.1,EC:75:0C:53:67:7F,7,0,NONE,2026-08-24T16:03:32.890294
45917,MGMT_OTHER,60,60,0,2637,65384,29260,3262766,0,99,7,0,0,14:33:5C:6D:AF:58,0,1,ARMED,448.0,0,0,80:02:9C:61:97:4B,1,33,434.1,EC:75:0C:53:67:7F,7,0,NONE,2026-08-24T16:03:33.031294
45917,MGMT_OTHER,40,40,0,2638,65384,29260,3262831,0,99,7,0,0,14:33:5C:6D:AF:58,0,1,ARMED,448.0,0,0,80:02:9C:61:97:4B,1,28,708.8,EC:75:0C:53:67:7F,7,0,NONE,2026-08-24T16:03:33.096294
45917,BEACON,-65,31,0,2641,65384,29260,3263104,0,99,7,0,0,14:33:5C:6D:AF:58,0,0,ARMED,448.0,0,0,80:02:9C:61:97:4B,1,1,485.9,EC:75:0C:53:67:7F,7,0,NONE,2026-08-24T16:03:33.369294
45917,BEACON,-64,32,0,2647,65384,29260,3263719,0,99,7,0,0,14:33:5C:6D:AF:58,0,0,ARMED,448.0,0,0,80:02:9C:61:97:4B,1,1,479.4,EC:75:0C:53:67:7F,7,0,NONE,2026-08-24T16:03:33.984294
45917,,-76,20,1430,135,65384,29260,3264179,0,99,7,0,0,14:33:5C:6D:AF:58,0,0,ARMED,448.0,0,1,80:02:9C:61:97:4B,1,10,200.4,EC:75:0C:53:67:7F,7,0,NONE,2026-08-24T16:03:34.444294
45917,,-76,20,3013,1559,65384,29260,3264253,0,99,7,0,0,14:33:5C:6D:AF:58,0,1,ARMED,448.0,0,1,80:02:9C:61:97:4B,1,21,937.1,EC:75:0C:53:67:7F,7,0,NONE,2026-08-24T16:03:34.518294
45917,,-76,20,22883,1305,65384,29260,3264400,0,99,7,0,0,14:33:5C:6D:AF:58,0,1,ARMED,448.0,0,1,80:02:9C:61:97:4B,1,27,392.7,EC:75:0C:53:67:7F,7,0,NONE,2026-08-24T16:03:34.665294
45917,,-61,35,292,1820,65384,29260,3264819,0,99,7,0,0,14:33:5C:6D:AF:58,0,0,ARMED,448.0,0,0,80:02:9C:61:97:4B,1,16,210.0,EC:75:0C:53:67:7F,7,0,NONE,2026-08-24T16:03:35.084294
45917,,-61,35,0,1827,65384,29260,3264868,0,99,7,0,0,14:33:5C:6D:AF:58,0,1,ARMED,448.0,0,0,80:02:9C:61:97:4B,1,10,448.0,EC:75:0C:53:67:7F,7,0,NONE,2026-08-24T16:03:35.133294
45917,,-56,40,0,1510,65384,29260,3264911,0,99,7,0,0,14:33:5C:6D:AF:58,0,1,ARMED,448.0,0,1,80:02:9C:61:97:4B,1,60,914.1,EC:75:0C:53:67:7F,7,0,NONE,2026-08-24T16:03:35.176294
45917,BEACON,-65,31,0,2664,65384,29260,3265357,0,99,7,0,0,14:33:5C:6D:AF:58,0,0,ARMED,448.0,0,1,80:02:9C:61:97:4B,1,10,95.8,EC:75:0C:53:67:7F,7,0,NONE,2026-08-24T16:03:35.622294
45917,,-87,9,7120,456,65384,29260,3265554,0,99,7,0,0,14:33:5C:6D:AF:58,1,1,ARMED,448.0,0,1,80:02:9C:61:97:4B,1,23,244.6,EC:75:0C:53:67:7F,7,0,NONE,2026-08-24T16:03:35.819294
45917,BEACON,-77,19,0,741,65384,29260,3266190,0,99,7,0,0,14:33:5C:6D:AF:58,0,0,ARMED,448.0,0,1,80:02:9C:61:97:4B,1,3,222.5,EC:75:0C:53:67:7F,7,0,NONE,2026-08-24T16:03:36.455294
45917,BEACON,-65,31,0,2683,65384,29260,3266791,0,99,7,0,0,14:33:5C:6D:AF:58,0,0,ARMED,448.0,0,0,80:02:9C:61:97:4B,1,9,87.9,EC:75:0C:53:67:7F,7,0,NONE,2026-08-24T16:03:37.056294
45917,MGMT_OTHER,60,60,0,1023,65384,29260,3267133,0,99,7,0,0,14:33:5C:6D:AF:58,0,0,ARMED,448.0,0,0,80:02:9C:61:97:4B,1,10,281.0,EC:75:0C:53:67:7F,7,0,NONE,2026-08-24T16:03:37.398294
45917,,-56,40,0,1528,65384,29260,3267288,0,99,7,0,0,14:33:5C:6D:AF:58,0,1,ARMED,448.0,0,0,80:02:9C:61:97:4B,1,26,296.7,EC:75:0C:53:67:7F,7,0,NONE,2026-08-24T16:03:37.553294
45917,,-85,11,3528,3525,65384,29260,3267508,0,99,7,0,0,14:33:5C:6D:AF:58,0,0,ARMED,448.0,0,1,80:02:9C:61:97:4B,1,2,514.3,EC:75:0C:53:67:7F,7,0,NONE,2026-08-24T16:03:37.773294
45917,MGMT_OTHER,-84,12,13119,2615,65384,29260,3267829,0,99,7,0,0,14:33:5C:6D:AF:58,0,0,ARMED,448.0,0,1,80:02:9C:61:97:4B,1,4,287.7,EC:75:0C:53:67:7F,7,0,NONE,2026-08-24T16:03:38.094294
45917,,-78,18,125,584,65384,29260,3268050,0,99,7,0,0,14:33:5C:6D:AF:58,0,0,ARMED,448.0,0,1,80:02:9C:61:97:4B,1,10,305.0,EC:75:0C:53:67:7F,7,0,NONE,2026-08-24T16:03:38.315294
45917,,-60,36,1219,1869,65384,29260,3268369,0,99,7,0,0,14:33:5C:6D:AF:58,0,0,ARMED,448.0,0,0,80:02:9C:61:97:4B,1,12,280.2,EC:75:0C:53:67:7F,7,0,NONE,2026-08-24T16:03:38.634294
45917,MGMT_OTHER,40,40,0,0,65384,29260,3268496,0,99,7,0,0,14:33:5C:6D:AF:58,0,1,ARMED,448.0,0,0,80:02:9C:61:97:4B,1,29,435.9,EC:75:0C:53:67:7F,7,0,NONE,2026-08-24T16:03:38.761294
45917,BEACON,-76,20,0,2728,65384,29260,3268643,0,99,7,0,0,14:33:5C:6D:AF:58,0,1,ARMED,448.0,0,0,80:02:9C:61:97:4B,1,4,347.7,EC:75:0C:53:67:7F,7,0,NONE,2026-08-24T16:03:38.908294
45917,MGMT_OTHER,-85,11,16223,2626,65384,29260,3268962,0,99,7,0,0,14:33:5C:6D:AF:58,0,0,ARMED,448.0,0,1,80:02:9C:61:97:4B,1,6,264.0,EC:75:0C:53:67:7F,7,0,NONE,2026-08-24T16:03:39.227294
45917,BEACON,-76,20,0,774,65384,29260,3269569,0,99,7,0,0,14:33:5C:6D:AF:58,0,0,ARMED,448.0,0,1,80:02:9C:61:97:4B,1,3,233.5,EC:75:0C:53:67:7F,7,0,NONE,2026-08-24T16:03:39.834294
45917,PROBE_RESP,-66,30,0,2722,65384,29260,3269981,0,99,7,0,0,14:33:5C:6D:AF:58,0,0,ARMED,448.0,0,1,80:02:9C:61:97:4B,1,7,367.6,EC:75:0C:53:67:7F,7,0,NONE,2026-08-24T16:03:40.246294
45917,MGMT_OTHER,40,40,0,0,65384,29260,3270245,0,99,7,0,0,14:33:5C:6D:AF:58,0,0,ARMED,448.0,0,1,80:02:9C:61:97:4B,1,31,411.0,EC:75:0C:53:67:7F,7,0,NONE,2026-08-24T16:03:40.510294
45917,MGMT_OTHER,-86,10,540,2644,65384,29260,3270772,0,99,7,0,0,14:33:5C:6D:AF:58,0,0,ARMED,448.0,0,1,80:02:9C:61:97:4B,1,8,89.0,EC:75:0C:53:67:7F,7,0,NONE,2026-08-24T16:03:41.037294
45917,BEACON,-67,29,0,2737,65384,29260,3271194,0,99,7,0,0,14:33:5C:6D:AF:58,0,0,ARMED,448.0,0,0,80:02:9C:61:97:4B,1,20,210.1,EC:75:0C:53:67:7F,7,0,NONE,2026-08-24T16:03:41.459294
45917,,-75,21,736,1336,65384,29260,3271519,0,99,7,0,0,14:33:5C:6D:AF:58,0,0,ARMED,448.0,0,0,80:02:9C:61:97:4B,1,5,630.0,EC:75:0C:53:67:7F,7,0,NONE,2026-08-24T16:03:41.784294
45917,,-56,40,0,1580,65384,29260,3271876,0,99,7,0,0,14:33:5C:6D:AF:58,0,0,ARMED,448.0,0,0,80:02:9C:61:97:4B,1,13,222.9,EC:75:0C:53:67:7F,7,0,NONE,2026-08-24T16:03:42.141294
45917,,-60,36,44403,1946,65384,29260,3272063,0,99,7,0,0,14:33:5C:6D:AF:58,0,0,ARMED,448.0,0,1,80:02:9C:61:97:4B,1,2,49.4,EC:75:0C:53:67:7F,7,0,NONE,2026-08-24T16:03:42.328294
45917,,-85,11,17891,3284,65384,29260,3272554,0,99,7,0,0,14:33:5C:6D:AF:58,0,0,ARMED,448.0,0,1,80:02:9C:61:97:4B,1,2,101.1,EC:75:0C:53:67:7F,7,0,NONE,2026-08-24T16:03:42.819294
45917,BEACON,-76,20,0,2776,65384,29260,3273354,0,99,7,0,0,14:33:5C:6D:AF:58,0,0,ARMED,448.0,0,1,80:02:9C:61:97:4B,1,6,58.6,EC:75:0C:53:67:7F,7,0,NONE,2026-08-24T16:03:43.619294
45917,AUTH,-95,1,0,1174,65384,29260,3274018,0,99,7,0,0,14:33:5C:6D:AF:58,0,0,ARMED,448.0,0,0,80:02:9C:61:97:4B,1,4,83.3,EC:75:0C:53:67:7F,7,0,NONE,2026-08-24T16:03:44.283294
45917,,-74,22,5462,180,65384,29260,3274384,0,99,7,0,0,14:33:5C:6D:AF:58,0,0,ARMED,448.0,0,1,80:02:9C:61:97:4B,1,2,325.5,EC:75:0C:53:67:7F,7,0,NONE,2026-08-24T16:03:44.649294
45917,BEACON,-65,31,26114,2777,65384,29260,3274880,0,99,7,0,0,14:33:5C:6D:AF:58,0,0,ARMED,448.0,0,1,80:02:9C:61:97:4B,1,6,64.4,EC:75:0C:53:67:7F,7,0,NONE,2026-08-24T16:03:45.145294
45917,,-61,35,1019,1984,65384,29260,3275226,0,99,7,0,0,14:33:5C:6D:AF:58,0,0,ARMED,448.0,0,1,80:02:9C:61:97:4B,1,27,934.0,EC:75:0C:53:67:7F,7,0,NONE,2026-08-24T16:03:45.491294
45917,MGMT_OTHER,-83,13,11627,2689,65384,29260,3275414,0,99,7,0,0,14:33:5C:6D:AF:58,0,0,ARMED,448.0,0,1,80:02:9C:61:97:4B,1,2,166.1,EC:75:0C:53:67:7F,7,0,NONE,2026-08-24T16:03:45.679294
45917,BEACON,-77,19,30672,835,65384,29260,3275815,0,99,7,0,0,14:33:5C:6D:AF:58,0,0,ARMED,448.0,0,1,80:02:9C:61:97:4B,1,1,239.2,EC:75:0C:53:67:7F,7,0,NONE,2026-08-24T16:03:46.080294
45917,BEACON,-91,5,22598,2730,65384,29260,3276517,0,99,7,0,0,14:33:5C:6D:AF:58,0,0,ARMED,448.0,0,1,80:02:9C:61:97:4B,1,4,43.9,EC:75:0C:53:67:7F,7,0,NONE,2026-08-24T16:03:46.782294
45917,MGMT_OTHER,57,57,0,1023,65384,29260,3276968,0,99,7,0,0,14:33:5C:6D:AF:58,0,0,ARMED,448.0,0,1,80:02:9C:61:97:4B,1,3,99.9,EC:75:0C:53:67:7F,7,0,NONE,2026-08-24T16:03:47.233294
45917,,-61,35,0,2010,65384,29260,3277510,0,99,7,0,0,14:33:5C:6D:AF:58,0,0,ARMED,448.0,0,0,80:02:9C:61:97:4B,1,11,181.5,EC:75:0C:53:67:7F,7,0,NONE,2026-08-24T16:03:47.775294
45917,,-55,41,2094,1657,65384,29260,3277694,0,99,7,0,0,14:33:5C:6D:AF:58,0,0,ARMED,448.0,0,1,80:02:9C:61:97:4B,1,6,152.6,EC:75:0C:53:67:7F,7,0,NONE,2026-08-24T16:03:47.959294
45917,,-88,8,0,2149,65384,29260,3278043,0,99,7,0,0,14:33:5C:6D:AF:58,0,0,ARMED,448.0,0,1,80:02:9C:61:97:4B,1,8,97.9,EC:75:0C:53:67:7F,7,0,NONE,2026-08-24T16:03:48.308294
45917,,-88,8,0,2149,65384,29260,3278043,0,99,7,0,0,14:33:5C:6D:AF:58,0,0,ARMED,448.0,0,1,80:02:9C:61:97:4B,1,8,97.9,EC:75:0C:53:67:7F,7,0,NONE,2026-08-24T16:03:48.308294
45917,MGMT_OTHER,37,37,0,1023,65384,29260,3278516,0,99,7,0,0,14:33:5C:6D:AF:58,0,0,ARMED,448.0,0,1,80:02:9C:61:97:4B,1,3,71.0,EC:75:0C:53:67:7F,7,0,NONE,2026-08-24T16:03:48.781294
45917,,-61,35,292,2041,65384,29260,3278651,0,99,7,0,0,14:33:5C:6D:AF:58,0,0,ARMED,448.0,0,0,80:02:9C:61:97:4B,1,40,533.9,EC:75:0C:53:67:7F,7,0,NONE,2026-08-24T16:03:48.916294
45917,MGMT_OTHER,37,37,0,0,65384,29260,3278749,0,99,7,0,0,14:33:5C:6D:AF:58,0,1,ARMED,448.0,0,1,80:02:9C:61:97:4B,1,31,438.6,EC:75:0C:53:67:7F,7,0,NONE,2026-08-24T16:03:49.014294
45917,BEACON,-93,3,91636,2758,65384,29260,3279284,0,99,7,0,0,14:33:5C:6D:AF:58,0,0,ARMED,448.0,0,1,80:02:9C:61:97:4B,1,2,21.0,EC:75:0C:53:67:7F,7,0,NONE,2026-08-24T16:03:49.549294
45917,MGMT_OTHER,-85,11,21510,2730,65384,29260,3279617,0,99,7,0,0,14:33:5C:6D:AF:58,0,0,ARMED,448.0,0,1,80:02:9C:61:97:4B,1,2,119.2,EC:75:0C:53:67:7F,7,0,NONE,2026-08-24T16:03:49.882294
45917,MGMT_OTHER,16,16,0,2849,65384,29260,3279854,0,99,7,0,0,14:33:5C:6D:AF:58,0,0,ARMED,448.0,0,0,80:02:9C:61:97:4B,1,20,413.5,EC:75:0C:53:67:7F,7,0,NONE,2026-08-24T16:03:50.119294
45917,BEACON,-86,10,14507,2452,65384,29260,3280309,0,99,7,0,0,14:33:5C:6D:AF:58,0,0,ARMED,448.0,0,1,80:02:9C:61:97:4B,1,6,63.5,EC:75:0C:53:67:7F,7,0,NONE,2026-08-24T16:03:50.574294
45917,,-91,5,36092,2607,65384,29260,3280610,0,99,7,0,0,14:33:5C:6D:AF:58,0,0,ARMED,448.0,0,1,80:02:9C:61:97:4B,1,6,164.8,EC:75:0C:53:67:7F,7,0,NONE,2026-08-24T16:03:50.875294
45917,BEACON,-77,19,0,886,65384,29260,3281038,0,99,7,0,0,14:33:5C:6D:AF:58,0,0,ARMED,448.0,0,1,80:02:9C:61:97:4B,1,6,379.9,EC:75:0C:53:67:7F,7,0,NONE,2026-08-24T16:03:51.303294
45917,,-56,40,0,1707,65384,29260,3281466,0,99,7,0,0,14:33:5C:6D:AF:58,0,0,ARMED,448.0,0,0,80:02:9C:61:97:4B,1,21,610.1,EC:75:0C:53:67:7F,7,0,NONE,2026-08-24T16:03:51.731294
45917,MGMT_OTHER,-86,10,0,2750,65368,29260,3281659,0,99,7,0,0,14:33:5C:6D:AF:58,1,1,ARMED,448.0,0,1,80:02:9C:61:97:4B,1,10,495.3,EC:75:0C:53:67:7F,7,0,NONE,2026-08-24T16:03:51.924294
45917,MGMT_OTHER,-85,11,44987,2753,65384,29260,3282001,0,99,7,0,0,14:33:5C:6D:AF:58,0,0,ARMED,448.0,0,1,80:02:9C:61:97:4B,1,4,72.4,EC:75:0C:53:67:7F,7,0,NONE,2026-08-24T16:03:52.266294
45917,,-56,40,0,1722,65384,29260,3282290,0,99,7,0,0,14:33:5C:6D:AF:58,0,0,ARMED,448.0,0,1,80:02:9C:61:97:4B,1,32,874.2,EC:75:0C:53:67:7F,7,0,NONE,2026-08-24T16:03:52.555294
45917,,-56,40,4271,1733,65368,29260,3282371,0,99,7,0,0,14:33:5C:6D:AF:58,0,1,ARMED,448.0,0,1,80:02:9C:61:97:4B,1,5,342.1,EC:75:0C:53:67:7F,7,0,NONE,2026-08-24T16:03:52.636294
45917,,-74,22,728,1396,65384,29260,3282668,0,99,7,0,0,14:33:5C:6D:AF:58,0,1,ARMED,448.0,0,0,80:02:9C:61:97:4B,1,3,607.4,EC:75:0C:53:67:7F,7,0,NONE,2026-08-24T16:03:52.933294
45917,,-75,21,385,2106,65384,29260,3282726,0,99,7,0,0,14:33:5C:6D:AF:58,0,1,ARMED,448.0,0,1,80:02:9C:61:97:4B,1,53,836.5,EC:75:0C:53:67:7F,7,0,NONE,2026-08-24T16:03:52.991294
45917,,-74,22,2793,584,65384,29260,3282897,0,99,7,0,0,14:33:5C:6D:AF:58,0,1,ARMED,448.0,0,1,80:02:9C:61:97:4B,1,10,339.5,EC:75:0C:53:67:7F,7,0,NONE,2026-08-24T16:03:53.162294
45917,BEACON,-78,18,5658,910,65384,29260,3283496,0,99,7,0,0,14:33:5C:6D:AF:58,0,0,ARMED,448.0,0,1,80:02:9C:61:97:4B,1,2,145.4,EC:75:0C:53:67:7F,7,0,NONE,2026-08-24T16:03:53.761294
45917,BEACON,-76,20,7459,916,65384,29260,3284110,0,99,7,0,0,14:33:5C:6D:AF:58,0,0,ARMED,448.0,0,1,80:02:9C:61:97:4B,1,3,220.4,EC:75:0C:53:67:7F,7,0,NONE,2026-08-24T16:03:54.375294
45917,,-56,40,563,1747,65384,29260,3284544,0,99,7,0,0,14:33:5C:6D:AF:58,0,0,ARMED,448.0,0,0,80:02:9C:61:97:4B,1,23,594.6,EC:75:0C:53:67:7F,7,0,NONE,2026-08-24T16:03:54.809294
45917,,-77,19,982,3186,65384,29260,3285243,0,99,7,0,0,14:33:5C:6D:AF:58,0,0,ARMED,448.0,0,1,80:02:9C:61:97:4B,1,5,244.0,EC:75:0C:53:67:7F,7,0,NONE,2026-08-24T16:03:55.508294
45917,,-58,38,0,2343,65384,29260,3285646,0,99,7,0,0,14:33:5C:6D:AF:58,0,0,ARMED,448.0,0,1,80:02:9C:61:97:4B,1,3,216.4,EC:75:0C:53:67:7F,7,0,NONE,2026-08-24T16:03:55.911294
45917,,-60,36,0,2158,65384,29260,3285751,0,99,7,0,0,14:33:5C:6D:AF:58,0,1,ARMED,448.0,0,0,80:02:9C:61:97:4B,1,9,561.4,EC:75:0C:53:67:7F,7,0,NONE,2026-08-24T16:03:56.016294
45917,MGMT_OTHER,40,40,0,1023,65384,29260,3285794,0,99,7,0,0,14:33:5C:6D:AF:58,0,1,ARMED,448.0,0,0,80:02:9C:61:97:4B,1,59,991.6,EC:75:0C:53:67:7F,7,0,NONE,2026-08-24T16:03:56.059294
45917,MGMT_OTHER,-84,12,20631,2794,65384,29260,3286182,0,99,7,0,0,14:33:5C:6D:AF:58,0,0,ARMED,448.0,0,1,80:02:9C:61:97:4B,1,10,263.5,EC:75:0C:53:67:7F,7,0,NONE,2026-08-24T16:03:56.447294
45917,BEACON,-91,5,4930,2832,65384,29260,3286654,0,99,7,0,0,14:33:5C:6D:AF:58,0,0,ARMED,448.0,0,0,80:02:9C:61:97:4B,1,16,159.5,EC:75:0C:53:67:7F,7,0,NONE,2026-08-24T16:03:56.919294
45917,BEACON,-93,3,0,152,65384,29260,3287344,0,99,7,0,0,14:33:5C:6D:AF:58,0,0,ARMED,448.0,0,1,80:02:9C:61:97:4B,1,8,109.3,EC:75:0C:53:67:7F,7,0,NONE,2026-08-24T16:03:57.609294
45917,BEACON,-64,32,0,2943,65384,29260,3287680,0,99,7,0,0,14:33:5C:6D:AF:58,0,1,ARMED,448.0,0,1,80:02:9C:61:97:4B,1,29,285.7,EC:75:0C:53:67:7F,7,0,NONE,2026-08-24T16:03:57.945294
45917,BEACON,-66,30,0,2949,65384,29260,3288295,0,99,7,0,0,14:33:5C:6D:AF:58,0,0,ARMED,448.0,0,1,80:02:9C:61:97:4B,1,1,487.3,EC:75:0C:53:67:7F,7,0,NONE,2026-08-24T16:03:58.560294
45917,BEACON,-68,28,0,2953,65384,29260,3288704,0,99,7,0,0,14:33:5C:6D:AF:58,0,0,ARMED,448.0,0,1,80:02:9C:61:97:4B,1,1,479.8,EC:75:0C:53:67:7F,7,0,NONE,2026-08-24T16:03:58.969294
45917,,-60,36,989,2214,65384,29260,3289085,0,99,7,0,0,14:33:5C:6D:AF:58,0,0,ARMED,448.0,0,1,80:02:9C:61:97:4B,1,28,371.3,EC:75:0C:53:67:7F,7,0,NONE,2026-08-24T16:03:59.350294
45917,BEACON,-91,5,0,2860,65384,29260,3289317,0,99,7,0,0,14:33:5C:6D:AF:58,0,0,ARMED,448.0,0,1,80:02:9C:61:97:4B,1,9,88.2,EC:75:0C:53:67:7F,7,0,NONE,2026-08-24T16:03:59.582294
45917,,-56,40,0,1836,65384,29260,3289677,0,99,7,0,0,14:33:5C:6D:AF:58,0,0,ARMED,448.0,0,0,80:02:9C:61:97:4B,1,27,525.2,EC:75:0C:53:67:7F,7,0,NONE,2026-08-24T16:03:59.942294
45917,,-59,37,364,78,65384,29260,3290267,0,99,7,0,0,14:33:5C:6D:AF:58,0,0,ARMED,448.0,0,1,80:02:9C:61:97:4B,1,14,527.4,EC:75:0C:53:67:7F,7,0,NONE,2026-08-24T16:04:00.532294
45917,,-56,40,0,3832,65384,29260,3290393,0,99,7,0,0,14:33:5C:6D:AF:58,0,1,ARMED,448.0,0,0,80:02:9C:61:97:4B,1,36,712.9,EC:75:0C:53:67:7F,7,0,NONE,2026-08-24T16:04:00.658294
45917,,-75,21,0,253,65384,29260,3290480,0,99,7,0,0,14:33:5C:6D:AF:58,0,1,ARMED,448.0,0,0,80:02:9C:61:97:4B,1,18,485.5,EC:75:0C:53:67:7F,7,0,NONE,2026-08-24T16:04:00.745294
45917,,-56,40,0,3846,60900,29260,3290502,0,99,7,0,0,14:33:5C:6D:AF:58,0,1,ARMED,448.0,0,0,80:02:9C:61:97:4B,1,68,1135.9,EC:75:0C:53:67:7F,7,0,NONE,2026-08-24T16:04:00.767294
45917,,-56,40,0,3866,65384,29260,3290525,0,99,7,0,0,14:33:5C:6D:AF:58,0,1,ARMED,448.0,0,0,80:02:9C:61:97:4B,1,118,1436.6,EC:75:0C:53:67:7F,7,0,NONE,2026-08-24T16:04:00.790294
45917,,-75,21,966,312,65384,29260,3290570,0,99,7,0,0,14:33:5C:6D:AF:58,1,1,ARMED,448.0,0,0,80:02:9C:61:97:4B,1,36,1473.1,EC:75:0C:53:67:7F,7,0,NONE,2026-08-24T16:04:00.835294
45917,,-56,40,1937,3895,65384,29260,3290698,0,99,7,0,0,14:33:5C:6D:AF:58,1,1,ARMED,448.0,0,1,80:02:9C:61:97:4B,1,25,498.4,EC:75:0C:53:67:7F,7,0,NONE,2026-08-24T16:04:00.963294
45917,,-56,40,8437,3908,65384,29260,3290767,0,99,7,0,0,14:33:5C:6D:AF:58,0,1,ARMED,448.0,0,1,80:02:9C:61:97:4B,1,13,688.4,EC:75:0C:53:67:7F,7,0,NONE,2026-08-24T16:04:01.032294
45917,,-74,22,0,323,65384,29260,3290945,0,99,7,0,0,14:33:5C:6D:AF:58,0,0,ARMED,448.0,0,0,80:02:9C:61:97:4B,1,38,412.6,EC:75:0C:53:67:7F,7,0,NONE,2026-08-24T16:04:01.210294
45917,BEACON,-67,29,0,2983,65384,29260,3291162,0,99,7,0,0,14:33:5C:6D:AF:58,0,0,ARMED,448.0,0,1,80:02:9C:61:97:4B,1,1,480.8,EC:75:0C:53:67:7F,7,0,NONE,2026-08-24T16:04:01.427294
45917,BEACON,-94,2,0,1305,65384,29260,3291442,0,99,7,0,0,14:33:5C:6D:AF:58,1,0,ARMED,448.0,0,1,80:02:9C:61:97:4B,1,9,118.8,EC:75:0C:53:67:7F,7,0,NONE,2026-08-24T16:04:01.707294
45917,DISASSOC,-85,11,205,3669,65384,29260,3291680,0,99,7,0,0,14:33:5C:6D:AF:58,0,0,ARMED,448.0,0,1,80:02:9C:61:97:4B,1,3,505.1,EC:75:0C:53:67:7F,7,0,NONE,2026-08-24T16:04:01.945294
45917,BEACON,-76,20,0,994,65384,29260,3292097,0,99,7,0,0,14:33:5C:6D:AF:58,0,0,ARMED,448.0,0,1,80:02:9C:61:97:4B,1,8,511.0,EC:75:0C:53:67:7F,7,0,NONE,2026-08-24T16:04:02.362294
45917,,-56,40,0,3947,65384,29260,3292351,0,99,7,0,0,14:33:5C:6D:AF:58,0,0,ARMED,448.0,0,0,80:02:9C:61:97:4B,1,15,229.8,EC:75:0C:53:67:7F,7,0,NONE,2026-08-24T16:04:02.616294
45917,,-60,36,0,2257,65384,29260,3292559,0,99,7,0,0,14:33:5C:6D:AF:58,0,0,ARMED,448.0,0,0,80:02:9C:61:97:4B,1,13,192.2,EC:75:0C:53:67:7F,7,0,NONE,2026-08-24T16:04:02.824294
45917,MGMT_OTHER,40,40,0,0,65384,29260,3292831,0,99,7,0,0,14:33:5C:6D:AF:58,0,0,ARMED,448.0,0,1,80:02:9C:61:97:4B,1,11,332.2,EC:75:0C:53:67:7F,7,0,NONE,2026-08-24T16:04:03.096294
45917,PROBE_RESP,-84,12,9837,1,65384,29260,3293219,0,99,7,0,0,14:33:5C:6D:AF:58,0,0,ARMED,448.0,0,1,80:02:9C:61:97:4B,1,3,246.7,EC:75:0C:53:67:7F,7,0,NONE,2026-08-24T16:04:03.484294
45917,,-61,35,480,2294,65384,29260,3293364,0,99,7,0,0,14:33:5C:6D:AF:58,0,0,ARMED,448.0,0,0,80:02:9C:61:97:4B,1,39,726.6,EC:75:0C:53:67:7F,7,0,NONE,2026-08-24T16:04:03.629294
45917,,-60,36,7548,2303,65384,29260,3293527,0,99,7,0,0,14:33:5C:6D:AF:58,1,0,ARMED,448.0,0,1,80:02:9C:61:97:4B,1,6,491.4,EC:75:0C:53:67:7F,7,0,NONE,2026-08-24T16:04:03.792294
45917,BEACON,-77,19,14081,2985,65384,29260,3293936,0,99,7,0,0,14:33:5C:6D:AF:58,0,0,ARMED,448.0,0,1,80:02:9C:61:97:4B,1,3,267.3,EC:75:0C:53:67:7F,7,0,NONE,2026-08-24T16:04:04.201294
45917,,-74,22,0,2713,65384,29260,3294470,0,99,7,0,0,14:33:5C:6D:AF:58,0,0,ARMED,448.0,0,1,80:02:9C:61:97:4B,1,5,159.0,EC:75:0C:53:67:7F,7,0,NONE,2026-08-24T16:04:04.735294
45917,BEACON,-79,17,0,1021,65384,29260,3294862,0,99,7,0,0,14:33:5C:6D:AF:58,0,0,ARMED,448.0,0,1,80:02:9C:61:97:4B,1,2,174.7,EC:75:0C:53:67:7F,7,0,NONE,2026-08-24T16:04:05.127294
45917,MGMT_OTHER,39,39,0,3035,65384,29260,3295493,0,99,7,0,0,14:33:5C:6D:AF:58,0,0,ARMED,448.0,0,1,80:02:9C:61:97:4B,1,5,162.9,EC:75:0C:53:67:7F,7,0,NONE,2026-08-24T16:04:05.758294
45917,BEACON,-92,4,10298,234,65384,29260,3295738,0,99,7,0,0,14:33:5C:6D:AF:58,0,0,ARMED,448.0,0,1,80:02:9C:61:97:4B,1,4,56.2,EC:75:0C:53:67:7F,7,0,NONE,2026-08-24T16:04:06.003294
